srun: defined options
srun: -------------------- --------------------
srun: (null)              : hpc-fat05
srun: cpu-bind            : cores,verbose
srun: cpus-per-task       : 1
srun: distribution        : cyclic:cyclic
srun: exact               : set
srun: jobid               : 347284
srun: job-name            : Vortex
srun: mem-per-cpu         : 4G
srun: mpi                 : pmix_v5
srun: nodes               : 1
srun: ntasks              : 32
srun: oom-kill-step       : 0
srun: tres-per-task       : cpu=1
srun: verbose             : 1
srun: -------------------- --------------------
srun: end of defined options
srun: jobid 347284: nodes(1):`hpc-fat05', cpu counts: 32(x1)
srun: CpuBindType=verbose,cores
srun: launching StepId=347284.0 on host hpc-fat05, 32 tasks: [0-31]
cpu-bind=MASK - hpc-fat05, task  0  0 [2335525]: mask 0x10000 set
cpu-bind=MASK - hpc-fat05, task  1  1 [2335526]: mask 0x100000000000000000000 set
cpu-bind=MASK - hpc-fat05, task  2  2 [2335527]: mask 0x20000 set
cpu-bind=MASK - hpc-fat05, task  3  3 [2335528]: mask 0x200000000000000000000 set
cpu-bind=MASK - hpc-fat05, task  4  4 [2335529]: mask 0x40000 set
cpu-bind=MASK - hpc-fat05, task  5  5 [2335530]: mask 0x400000000000000000000 set
cpu-bind=MASK - hpc-fat05, task  6  6 [2335531]: mask 0x80000 set
cpu-bind=MASK - hpc-fat05, task  7  7 [2335532]: mask 0x800000000000000000000 set
cpu-bind=MASK - hpc-fat05, task  8  8 [2335533]: mask 0x100000 set
cpu-bind=MASK - hpc-fat05, task  9  9 [2335534]: mask 0x1000000000000000000000 set
cpu-bind=MASK - hpc-fat05, task 10 10 [2335535]: mask 0x200000 set
cpu-bind=MASK - hpc-fat05, task 11 11 [2335536]: mask 0x2000000000000000000000 set
cpu-bind=MASK - hpc-fat05, task 12 12 [2335537]: mask 0x400000 set
cpu-bind=MASK - hpc-fat05, task 13 13 [2335538]: mask 0x4000000000000000000000 set
cpu-bind=MASK - hpc-fat05, task 14 14 [2335539]: mask 0x800000 set
cpu-bind=MASK - hpc-fat05, task 15 15 [2335540]: mask 0x8000000000000000000000 set
cpu-bind=MASK - hpc-fat05, task 16 16 [2335541]: mask 0x1000000 set
cpu-bind=MASK - hpc-fat05, task 17 17 [2335542]: mask 0x10000000000000000000000 set
cpu-bind=MASK - hpc-fat05, task 18 18 [2335543]: mask 0x2000000 set
cpu-bind=MASK - hpc-fat05, task 19 19 [2335544]: mask 0x20000000000000000000000 set
cpu-bind=MASK - hpc-fat05, task 20 20 [2335545]: mask 0x4000000 set
cpu-bind=MASK - hpc-fat05, task 21 21 [2335546]: mask 0x40000000000000000000000 set
cpu-bind=MASK - hpc-fat05, task 22 22 [2335547]: mask 0x8000000 set
cpu-bind=MASK - hpc-fat05, task 23 23 [2335548]: mask 0x80000000000000000000000 set
cpu-bind=MASK - hpc-fat05, task 24 24 [2335549]: mask 0x10000000 set
cpu-bind=MASK - hpc-fat05, task 25 25 [2335550]: mask 0x100000000000000000000000 set
cpu-bind=MASK - hpc-fat05, task 26 26 [2335551]: mask 0x20000000 set
cpu-bind=MASK - hpc-fat05, task 27 27 [2335552]: mask 0x200000000000000000000000 set
cpu-bind=MASK - hpc-fat05, task 28 28 [2335553]: mask 0x40000000 set
cpu-bind=MASK - hpc-fat05, task 29 29 [2335554]: mask 0x400000000000000000000000 set
cpu-bind=MASK - hpc-fat05, task 30 30 [2335555]: mask 0x80000000 set
cpu-bind=MASK - hpc-fat05, task 31 31 [2335556]: mask 0x800000000000000000000000 set
srun: Node hpc-fat05, 32 tasks started
Data {
  aerosol.linearsolver : PETSc
  discretisation.femtype : Lagrange
  discretisation.numericalflux : WbswLaxFriedrichs
  io.mesh_file : /gpfs/scratch/fortetenreiro/run/Vortex/msh/Vortex_4.msh
  io.mesh_format : ParaGMSH
  io.output_format : HDF5
  io.output_path : /gpfs/scratch/fortetenreiro/run/Vortex/visu/R0_M4_P3
  io.restartPath : /gpfs/scratch/fortetenreiro/run/Vortex/restart/R0_M4_P3
  io.restartPrefix : restart
  io.visutype : cells
  model.bathymetry : 1;0;ICBC
  model.manning : 1;0;ICBC;CONSTANT;0.00
  model.name : ShallowWater
  testcase.name : Vortex
  time.inittype : interpolation
  time.name : RK-4-4
  time.type : cfl
  xml_config_file : /gpfs/scratch/fortetenreiro/run/Vortex/xml/R0_M4_P3.xml
  MPI.prank : 0
  MPI.psize : 32
  aerosol.debug : 0
  discretisation.continuous : 0
  discretisation.degree : 3
  io.active : 0
  io.conservativeVariables : 3
  io.mesh_dimension : 2
  io.prepartitioning : 0
  io.redistribution : 1
  io.scalab : 0
  model.dispersion : 0
  model.g : 1
  model.h0 : 1
  time.CFL : 0.145
  time.tmax : 100
}

(0): ERROR: _PAMPAdmeshCheck: no check could be done with flag PAMPA_OVLP_NOGT enabled
(1): ERROR: _PAMPAdmeshCheck: no check could be done with flag PAMPA_OVLP_NOGT enabled
(2): ERROR: _PAMPAdmeshCheck: no check could be done with flag PAMPA_OVLP_NOGT enabled
(3): ERROR: _PAMPAdmeshCheck: no check could be done with flag PAMPA_OVLP_NOGT enabled
(4): ERROR: _PAMPAdmeshCheck: no check could be done with flag PAMPA_OVLP_NOGT enabled
(5): ERROR: _PAMPAdmeshCheck: no check could be done with flag PAMPA_OVLP_NOGT enabled
(6): ERROR: _PAMPAdmeshCheck: no check could be done with flag PAMPA_OVLP_NOGT enabled
(7): ERROR: _PAMPAdmeshCheck: no check could be done with flag PAMPA_OVLP_NOGT enabled
(8): ERROR: _PAMPAdmeshCheck: no check could be done with flag PAMPA_OVLP_NOGT enabled
(9): ERROR: _PAMPAdmeshCheck: no check could be done with flag PAMPA_OVLP_NOGT enabled
(10): ERROR: _PAMPAdmeshCheck: no check could be done with flag PAMPA_OVLP_NOGT enabled
(11): ERROR: _PAMPAdmeshCheck: no check could be done with flag PAMPA_OVLP_NOGT enabled
(12): ERROR: _PAMPAdmeshCheck: no check could be done with flag PAMPA_OVLP_NOGT enabled
(13): ERROR: _PAMPAdmeshCheck: no check could be done with flag PAMPA_OVLP_NOGT enabled
(14): ERROR: _PAMPAdmeshCheck: no check could be done with flag PAMPA_OVLP_NOGT enabled
(15): ERROR: _PAMPAdmeshCheck: no check could be done with flag PAMPA_OVLP_NOGT enabled
(16): ERROR: _PAMPAdmeshCheck: no check could be done with flag PAMPA_OVLP_NOGT enabled
(17): ERROR: _PAMPAdmeshCheck: no check could be done with flag PAMPA_OVLP_NOGT enabled
(18): ERROR: _PAMPAdmeshCheck: no check could be done with flag PAMPA_OVLP_NOGT enabled
(19): ERROR: _PAMPAdmeshCheck: no check could be done with flag PAMPA_OVLP_NOGT enabled
(20): ERROR: _PAMPAdmeshCheck: no check could be done with flag PAMPA_OVLP_NOGT enabled
(21): ERROR: _PAMPAdmeshCheck: no check could be done with flag PAMPA_OVLP_NOGT enabled
(22): ERROR: _PAMPAdmeshCheck: no check could be done with flag PAMPA_OVLP_NOGT enabled
(23): ERROR: _PAMPAdmeshCheck: no check could be done with flag PAMPA_OVLP_NOGT enabled
(24): ERROR: _PAMPAdmeshCheck: no check could be done with flag PAMPA_OVLP_NOGT enabled
(25): ERROR: _PAMPAdmeshCheck: no check could be done with flag PAMPA_OVLP_NOGT enabled
(26): ERROR: _PAMPAdmeshCheck: no check could be done with flag PAMPA_OVLP_NOGT enabled
(27): ERROR: _PAMPAdmeshCheck: no check could be done with flag PAMPA_OVLP_NOGT enabled
(28): ERROR: _PAMPAdmeshCheck: no check could be done with flag PAMPA_OVLP_NOGT enabled
(29): ERROR: _PAMPAdmeshCheck: no check could be done with flag PAMPA_OVLP_NOGT enabled
(30): ERROR: _PAMPAdmeshCheck: no check could be done with flag PAMPA_OVLP_NOGT enabled
(31): ERROR: _PAMPAdmeshCheck: no check could be done with flag PAMPA_OVLP_NOGT enabled
Calling the scheme "SWShallowWater2dWbswLaxFriedrichsPETSc".
Calling the scheme "SWShallowWater2dWbswLaxFriedrichsPETSc".
Calling the scheme "SWShallowWater2dWbswLaxFriedrichsPETSc".
Calling the scheme "SWShallowWater2dWbswLaxFriedrichsPETSc".
Calling the scheme "SWShallowWater2dWbswLaxFriedrichsPETSc".
Calling the scheme "SWShallowWater2dWbswLaxFriedrichsPETSc".
Calling the scheme "SWShallowWater2dWbswLaxFriedrichsPETSc".
Calling the scheme "SWShallowWater2dWbswLaxFriedrichsPETSc".
Calling the scheme "SWShallowWater2dWbswLaxFriedrichsPETSc".
Calling the scheme "SWShallowWater2dWbswLaxFriedrichsPETSc".
Calling the scheme "SWShallowWater2dWbswLaxFriedrichsPETSc".
Calling the scheme "SWShallowWater2dWbswLaxFriedrichsPETSc".
Calling the scheme "SWShallowWater2dWbswLaxFriedrichsPETSc".
Calling the scheme "SWShallowWater2dWbswLaxFriedrichsPETSc".
Calling the scheme "SWShallowWater2dWbswLaxFriedrichsPETSc".
Calling the scheme "SWShallowWater2dWbswLaxFriedrichsPETSc".
Calling the scheme "SWShallowWater2dWbswLaxFriedrichsPETSc".
Calling the scheme "SWShallowWater2dWbswLaxFriedrichsPETSc".
Calling the scheme "SWShallowWater2dWbswLaxFriedrichsPETSc".
Calling the scheme "SWShallowWater2dWbswLaxFriedrichsPETSc".
Calling the scheme "SWShallowWater2dWbswLaxFriedrichsPETSc".
Calling the scheme "SWShallowWater2dWbswLaxFriedrichsPETSc".
Calling the scheme "SWShallowWater2dWbswLaxFriedrichsPETSc".
Calling the scheme "SWShallowWater2dWbswLaxFriedrichsPETSc".
Calling the scheme "SWShallowWater2dWbswLaxFriedrichsPETSc".
Calling the scheme "SWShallowWater2dWbswLaxFriedrichsPETSc".
Calling the scheme "SWShallowWater2dWbswLaxFriedrichsPETSc".
Calling the scheme "SWShallowWater2dWbswLaxFriedrichsPETSc".
Calling the scheme "SWShallowWater2dWbswLaxFriedrichsPETSc".
Calling the scheme "SWShallowWater2dWbswLaxFriedrichsPETSc".
Calling the scheme "SWShallowWater2dWbswLaxFriedrichsPETSc".
Calling the scheme "SWShallowWater2dWbswLaxFriedrichsPETSc".
      1 | 3.31649e-02 3.31649e-02 | 1.25336e-02 1.07867e-01 1.39115e-01 |
      2 | 6.63298e-02 3.31649e-02 | 1.25334e-02 1.07867e-01 1.39115e-01 |
      3 | 9.94948e-02 3.31650e-02 | 1.25334e-02 1.07867e-01 1.39115e-01 |
      4 | 1.32660e-01 3.31651e-02 | 1.25333e-02 1.07867e-01 1.39115e-01 |
      5 | 1.65825e-01 3.31653e-02 | 1.25333e-02 1.07867e-01 1.39115e-01 |
      6 | 1.98991e-01 3.31654e-02 | 1.25333e-02 1.07867e-01 1.39115e-01 |
      7 | 2.32156e-01 3.31656e-02 | 1.25333e-02 1.07867e-01 1.39115e-01 |
      8 | 2.65322e-01 3.31658e-02 | 1.25333e-02 1.07867e-01 1.39115e-01 |
      9 | 2.98488e-01 3.31661e-02 | 1.25333e-02 1.07867e-01 1.39115e-01 |
     10 | 3.31655e-01 3.31664e-02 | 1.25333e-02 1.07867e-01 1.39115e-01 |
     11 | 3.64821e-01 3.31666e-02 | 1.25333e-02 1.07867e-01 1.39115e-01 |
     12 | 3.97988e-01 3.31670e-02 | 1.25333e-02 1.07867e-01 1.39115e-01 |
     13 | 4.31156e-01 3.31673e-02 | 1.25333e-02 1.07867e-01 1.39115e-01 |
     14 | 4.64323e-01 3.31677e-02 | 1.25333e-02 1.07867e-01 1.39115e-01 |
     15 | 4.97491e-01 3.31681e-02 | 1.25333e-02 1.07867e-01 1.39115e-01 |
     16 | 5.30660e-01 3.31685e-02 | 1.25333e-02 1.07867e-01 1.39115e-01 |
     17 | 5.63829e-01 3.31690e-02 | 1.25333e-02 1.07867e-01 1.39115e-01 |
     18 | 5.96998e-01 3.31695e-02 | 1.25333e-02 1.07867e-01 1.39115e-01 |
     19 | 6.30168e-01 3.31700e-02 | 1.25333e-02 1.07867e-01 1.39115e-01 |
     20 | 6.63339e-01 3.31706e-02 | 1.25333e-02 1.07867e-01 1.39115e-01 |
     21 | 6.96510e-01 3.31711e-02 | 1.25333e-02 1.07867e-01 1.39115e-01 |
     22 | 7.29682e-01 3.31717e-02 | 1.25333e-02 1.07867e-01 1.39115e-01 |
     23 | 7.62854e-01 3.31724e-02 | 1.25333e-02 1.07867e-01 1.39115e-01 |
     24 | 7.96027e-01 3.31730e-02 | 1.25333e-02 1.07867e-01 1.39115e-01 |
     25 | 8.29201e-01 3.31737e-02 | 1.25333e-02 1.07867e-01 1.39115e-01 |
     26 | 8.62375e-01 3.31744e-02 | 1.25333e-02 1.07867e-01 1.39115e-01 |
     27 | 8.95550e-01 3.31751e-02 | 1.25333e-02 1.07867e-01 1.39115e-01 |
     28 | 9.28725e-01 3.31746e-02 | 1.25333e-02 1.07867e-01 1.39115e-01 |
     29 | 9.61899e-01 3.31739e-02 | 1.25333e-02 1.07867e-01 1.39115e-01 |
     30 | 9.95072e-01 3.31733e-02 | 1.25333e-02 1.07867e-01 1.39115e-01 |
     31 | 1.02824e+00 3.31726e-02 | 1.25333e-02 1.07867e-01 1.39115e-01 |
     32 | 1.06142e+00 3.31720e-02 | 1.25333e-02 1.07867e-01 1.39115e-01 |
     33 | 1.09459e+00 3.31714e-02 | 1.25333e-02 1.07867e-01 1.39115e-01 |
     34 | 1.12776e+00 3.31708e-02 | 1.25333e-02 1.07867e-01 1.39115e-01 |
     35 | 1.16093e+00 3.31703e-02 | 1.25333e-02 1.07867e-01 1.39115e-01 |
     36 | 1.19410e+00 3.31698e-02 | 1.25333e-02 1.07867e-01 1.39115e-01 |
     37 | 1.22727e+00 3.31693e-02 | 1.25333e-02 1.07867e-01 1.39115e-01 |
     38 | 1.26044e+00 3.31689e-02 | 1.25333e-02 1.07867e-01 1.39115e-01 |
     39 | 1.29361e+00 3.31685e-02 | 1.25333e-02 1.07867e-01 1.39115e-01 |
     40 | 1.32677e+00 3.31681e-02 | 1.25333e-02 1.07867e-01 1.39115e-01 |
     41 | 1.35994e+00 3.31677e-02 | 1.25333e-02 1.07867e-01 1.39115e-01 |
     42 | 1.39311e+00 3.31674e-02 | 1.25333e-02 1.07867e-01 1.39115e-01 |
     43 | 1.42628e+00 3.31671e-02 | 1.25333e-02 1.07867e-01 1.39115e-01 |
     44 | 1.45944e+00 3.31668e-02 | 1.25333e-02 1.07867e-01 1.39115e-01 |
     45 | 1.49261e+00 3.31666e-02 | 1.25333e-02 1.07867e-01 1.39115e-01 |
     46 | 1.52578e+00 3.31663e-02 | 1.25333e-02 1.07867e-01 1.39115e-01 |
     47 | 1.55894e+00 3.31661e-02 | 1.25333e-02 1.07867e-01 1.39115e-01 |
     48 | 1.59211e+00 3.31660e-02 | 1.25333e-02 1.07867e-01 1.39115e-01 |
     49 | 1.62527e+00 3.31658e-02 | 1.25333e-02 1.07867e-01 1.39115e-01 |
     50 | 1.65844e+00 3.31657e-02 | 1.25333e-02 1.07867e-01 1.39115e-01 |
     51 | 1.69161e+00 3.31657e-02 | 1.25333e-02 1.07867e-01 1.39115e-01 |
     52 | 1.72477e+00 3.31656e-02 | 1.25333e-02 1.07867e-01 1.39115e-01 |
     53 | 1.75794e+00 3.31656e-02 | 1.25333e-02 1.07867e-01 1.39115e-01 |
     54 | 1.79110e+00 3.31656e-02 | 1.25333e-02 1.07867e-01 1.39115e-01 |
     55 | 1.82427e+00 3.31656e-02 | 1.25333e-02 1.07867e-01 1.39115e-01 |
     56 | 1.85743e+00 3.31657e-02 | 1.25333e-02 1.07867e-01 1.39115e-01 |
     57 | 1.89060e+00 3.31658e-02 | 1.25333e-02 1.07867e-01 1.39115e-01 |
     58 | 1.92376e+00 3.31659e-02 | 1.25333e-02 1.07867e-01 1.39115e-01 |
     59 | 1.95693e+00 3.31660e-02 | 1.25333e-02 1.07867e-01 1.39115e-01 |
     60 | 1.99010e+00 3.31662e-02 | 1.25333e-02 1.07867e-01 1.39115e-01 |
     61 | 2.02326e+00 3.31664e-02 | 1.25333e-02 1.07867e-01 1.39115e-01 |
     62 | 2.05643e+00 3.31666e-02 | 1.25333e-02 1.07867e-01 1.39115e-01 |
     63 | 2.08960e+00 3.31669e-02 | 1.25333e-02 1.07867e-01 1.39115e-01 |
     64 | 2.12276e+00 3.31671e-02 | 1.25333e-02 1.07868e-01 1.39115e-01 |
     65 | 2.15593e+00 3.31675e-02 | 1.25333e-02 1.07868e-01 1.39115e-01 |
     66 | 2.18910e+00 3.31678e-02 | 1.25333e-02 1.07868e-01 1.39115e-01 |
     67 | 2.22227e+00 3.31682e-02 | 1.25333e-02 1.07868e-01 1.39115e-01 |
     68 | 2.25544e+00 3.31686e-02 | 1.25333e-02 1.07868e-01 1.39115e-01 |
     69 | 2.28861e+00 3.31690e-02 | 1.25333e-02 1.07868e-01 1.39115e-01 |
     70 | 2.32177e+00 3.31694e-02 | 1.25333e-02 1.07868e-01 1.39115e-01 |
     71 | 2.35494e+00 3.31699e-02 | 1.25333e-02 1.07868e-01 1.39115e-01 |
     72 | 2.38811e+00 3.31704e-02 | 1.25333e-02 1.07868e-01 1.39115e-01 |
     73 | 2.42129e+00 3.31710e-02 | 1.25333e-02 1.07868e-01 1.39115e-01 |
     74 | 2.45446e+00 3.31715e-02 | 1.25333e-02 1.07868e-01 1.39115e-01 |
     75 | 2.48763e+00 3.31721e-02 | 1.25333e-02 1.07868e-01 1.39115e-01 |
     76 | 2.52080e+00 3.31727e-02 | 1.25333e-02 1.07868e-01 1.39115e-01 |
     77 | 2.55398e+00 3.31734e-02 | 1.25333e-02 1.07868e-01 1.39115e-01 |
     78 | 2.58715e+00 3.31740e-02 | 1.25333e-02 1.07868e-01 1.39115e-01 |
     79 | 2.62032e+00 3.31747e-02 | 1.25333e-02 1.07868e-01 1.39115e-01 |
     80 | 2.65350e+00 3.31755e-02 | 1.25333e-02 1.07868e-01 1.39115e-01 |
     81 | 2.68668e+00 3.31762e-02 | 1.25333e-02 1.07868e-01 1.39115e-01 |
     82 | 2.71985e+00 3.31760e-02 | 1.25333e-02 1.07868e-01 1.39115e-01 |
     83 | 2.75303e+00 3.31752e-02 | 1.25333e-02 1.07868e-01 1.39115e-01 |
     84 | 2.78620e+00 3.31745e-02 | 1.25333e-02 1.07868e-01 1.39115e-01 |
     85 | 2.81938e+00 3.31738e-02 | 1.25333e-02 1.07868e-01 1.39115e-01 |
     86 | 2.85255e+00 3.31731e-02 | 1.25333e-02 1.07868e-01 1.39115e-01 |
     87 | 2.88572e+00 3.31724e-02 | 1.25333e-02 1.07868e-01 1.39115e-01 |
     88 | 2.91889e+00 3.31718e-02 | 1.25333e-02 1.07868e-01 1.39115e-01 |
     89 | 2.95206e+00 3.31712e-02 | 1.25333e-02 1.07868e-01 1.39115e-01 |
     90 | 2.98523e+00 3.31706e-02 | 1.25333e-02 1.07868e-01 1.39115e-01 |
     91 | 3.01840e+00 3.31701e-02 | 1.25333e-02 1.07868e-01 1.39115e-01 |
     92 | 3.05157e+00 3.31696e-02 | 1.25333e-02 1.07868e-01 1.39115e-01 |
     93 | 3.08474e+00 3.31691e-02 | 1.25333e-02 1.07868e-01 1.39115e-01 |
     94 | 3.11791e+00 3.31686e-02 | 1.25333e-02 1.07868e-01 1.39115e-01 |
     95 | 3.15108e+00 3.31682e-02 | 1.25333e-02 1.07868e-01 1.39115e-01 |
     96 | 3.18425e+00 3.31678e-02 | 1.25333e-02 1.07868e-01 1.39115e-01 |
     97 | 3.21742e+00 3.31674e-02 | 1.25333e-02 1.07868e-01 1.39115e-01 |
     98 | 3.25058e+00 3.31671e-02 | 1.25333e-02 1.07868e-01 1.39115e-01 |
     99 | 3.28375e+00 3.31667e-02 | 1.25333e-02 1.07868e-01 1.39115e-01 |
    100 | 3.31692e+00 3.31664e-02 | 1.25333e-02 1.07868e-01 1.39115e-01 |
    101 | 3.35008e+00 3.31662e-02 | 1.25333e-02 1.07868e-01 1.39115e-01 |
    102 | 3.38325e+00 3.31659e-02 | 1.25333e-02 1.07868e-01 1.39115e-01 |
    103 | 3.41641e+00 3.31657e-02 | 1.25333e-02 1.07868e-01 1.39115e-01 |
    104 | 3.44958e+00 3.31656e-02 | 1.25333e-02 1.07868e-01 1.39115e-01 |
    105 | 3.48274e+00 3.31654e-02 | 1.25333e-02 1.07868e-01 1.39115e-01 |
    106 | 3.51591e+00 3.31653e-02 | 1.25333e-02 1.07868e-01 1.39115e-01 |
    107 | 3.54908e+00 3.31652e-02 | 1.25333e-02 1.07868e-01 1.39115e-01 |
    108 | 3.58224e+00 3.31651e-02 | 1.25333e-02 1.07868e-01 1.39115e-01 |
    109 | 3.61541e+00 3.31651e-02 | 1.25333e-02 1.07868e-01 1.39115e-01 |
    110 | 3.64857e+00 3.31651e-02 | 1.25333e-02 1.07868e-01 1.39115e-01 |
    111 | 3.68174e+00 3.31651e-02 | 1.25333e-02 1.07868e-01 1.39115e-01 |
    112 | 3.71490e+00 3.31651e-02 | 1.25333e-02 1.07868e-01 1.39115e-01 |
    113 | 3.74807e+00 3.31652e-02 | 1.25333e-02 1.07868e-01 1.39115e-01 |
    114 | 3.78123e+00 3.31653e-02 | 1.25333e-02 1.07868e-01 1.39115e-01 |
    115 | 3.81440e+00 3.31654e-02 | 1.25333e-02 1.07868e-01 1.39115e-01 |
    116 | 3.84756e+00 3.31656e-02 | 1.25333e-02 1.07868e-01 1.39115e-01 |
    117 | 3.88073e+00 3.31658e-02 | 1.25333e-02 1.07868e-01 1.39115e-01 |
    118 | 3.91389e+00 3.31660e-02 | 1.25333e-02 1.07868e-01 1.39115e-01 |
    119 | 3.94706e+00 3.31662e-02 | 1.25333e-02 1.07868e-01 1.39115e-01 |
    120 | 3.98023e+00 3.31665e-02 | 1.25333e-02 1.07868e-01 1.39115e-01 |
    121 | 4.01339e+00 3.31668e-02 | 1.25333e-02 1.07868e-01 1.39115e-01 |
    122 | 4.04656e+00 3.31671e-02 | 1.25333e-02 1.07868e-01 1.39115e-01 |
    123 | 4.07973e+00 3.31674e-02 | 1.25333e-02 1.07868e-01 1.39115e-01 |
    124 | 4.11290e+00 3.31678e-02 | 1.25333e-02 1.07868e-01 1.39115e-01 |
    125 | 4.14606e+00 3.31682e-02 | 1.25333e-02 1.07868e-01 1.39115e-01 |
    126 | 4.17923e+00 3.31687e-02 | 1.25333e-02 1.07868e-01 1.39115e-01 |
    127 | 4.21240e+00 3.31691e-02 | 1.25333e-02 1.07868e-01 1.39115e-01 |
    128 | 4.24557e+00 3.31696e-02 | 1.25333e-02 1.07868e-01 1.39115e-01 |
    129 | 4.27874e+00 3.31701e-02 | 1.25333e-02 1.07868e-01 1.39115e-01 |
    130 | 4.31191e+00 3.31707e-02 | 1.25333e-02 1.07868e-01 1.39115e-01 |
    131 | 4.34508e+00 3.31713e-02 | 1.25333e-02 1.07868e-01 1.39115e-01 |
    132 | 4.37826e+00 3.31719e-02 | 1.25333e-02 1.07868e-01 1.39115e-01 |
    133 | 4.41143e+00 3.31725e-02 | 1.25333e-02 1.07868e-01 1.39115e-01 |
    134 | 4.44460e+00 3.31731e-02 | 1.25333e-02 1.07868e-01 1.39115e-01 |
    135 | 4.47777e+00 3.31738e-02 | 1.25333e-02 1.07868e-01 1.39115e-01 |
    136 | 4.51095e+00 3.31745e-02 | 1.25333e-02 1.07868e-01 1.39115e-01 |
    137 | 4.54412e+00 3.31753e-02 | 1.25333e-02 1.07868e-01 1.39115e-01 |
    138 | 4.57730e+00 3.31748e-02 | 1.25333e-02 1.07868e-01 1.39115e-01 |
    139 | 4.61047e+00 3.31741e-02 | 1.25333e-02 1.07868e-01 1.39115e-01 |
    140 | 4.64365e+00 3.31734e-02 | 1.25333e-02 1.07868e-01 1.39115e-01 |
    141 | 4.67682e+00 3.31728e-02 | 1.25333e-02 1.07868e-01 1.39115e-01 |
    142 | 4.70999e+00 3.31722e-02 | 1.25333e-02 1.07868e-01 1.39115e-01 |
    143 | 4.74316e+00 3.31716e-02 | 1.25333e-02 1.07868e-01 1.39115e-01 |
    144 | 4.77633e+00 3.31711e-02 | 1.25333e-02 1.07868e-01 1.39115e-01 |
    145 | 4.80950e+00 3.31705e-02 | 1.25333e-02 1.07868e-01 1.39115e-01 |
    146 | 4.84268e+00 3.31700e-02 | 1.25333e-02 1.07868e-01 1.39115e-01 |
    147 | 4.87584e+00 3.31696e-02 | 1.25333e-02 1.07868e-01 1.39115e-01 |
    148 | 4.90901e+00 3.31691e-02 | 1.25333e-02 1.07868e-01 1.39115e-01 |
    149 | 4.94218e+00 3.31687e-02 | 1.25333e-02 1.07868e-01 1.39115e-01 |
    150 | 4.97535e+00 3.31683e-02 | 1.25333e-02 1.07868e-01 1.39115e-01 |
    151 | 5.00852e+00 3.31680e-02 | 1.25333e-02 1.07868e-01 1.39115e-01 |
    152 | 5.04169e+00 3.31676e-02 | 1.25333e-02 1.07868e-01 1.39115e-01 |
    153 | 5.07485e+00 3.31673e-02 | 1.25334e-02 1.07868e-01 1.39115e-01 |
    154 | 5.10802e+00 3.31671e-02 | 1.25334e-02 1.07868e-01 1.39115e-01 |
    155 | 5.14119e+00 3.31668e-02 | 1.25334e-02 1.07868e-01 1.39115e-01 |
    156 | 5.17435e+00 3.31666e-02 | 1.25334e-02 1.07868e-01 1.39115e-01 |
    157 | 5.20752e+00 3.31664e-02 | 1.25334e-02 1.07868e-01 1.39115e-01 |
    158 | 5.24069e+00 3.31663e-02 | 1.25334e-02 1.07868e-01 1.39115e-01 |
    159 | 5.27385e+00 3.31661e-02 | 1.25334e-02 1.07868e-01 1.39115e-01 |
    160 | 5.30702e+00 3.31660e-02 | 1.25334e-02 1.07868e-01 1.39115e-01 |
    161 | 5.34019e+00 3.31659e-02 | 1.25334e-02 1.07868e-01 1.39115e-01 |
    162 | 5.37335e+00 3.31659e-02 | 1.25334e-02 1.07868e-01 1.39115e-01 |
    163 | 5.40652e+00 3.31659e-02 | 1.25334e-02 1.07868e-01 1.39115e-01 |
    164 | 5.43968e+00 3.31659e-02 | 1.25334e-02 1.07868e-01 1.39115e-01 |
    165 | 5.47285e+00 3.31659e-02 | 1.25334e-02 1.07868e-01 1.39115e-01 |
    166 | 5.50601e+00 3.31660e-02 | 1.25334e-02 1.07868e-01 1.39115e-01 |
    167 | 5.53918e+00 3.31660e-02 | 1.25334e-02 1.07868e-01 1.39115e-01 |
    168 | 5.57235e+00 3.31662e-02 | 1.25334e-02 1.07868e-01 1.39115e-01 |
    169 | 5.60551e+00 3.31663e-02 | 1.25334e-02 1.07868e-01 1.39115e-01 |
    170 | 5.63868e+00 3.31665e-02 | 1.25334e-02 1.07868e-01 1.39115e-01 |
    171 | 5.67185e+00 3.31667e-02 | 1.25334e-02 1.07868e-01 1.39115e-01 |
    172 | 5.70501e+00 3.31667e-02 | 1.25334e-02 1.07868e-01 1.39115e-01 |
    173 | 5.73818e+00 3.31668e-02 | 1.25334e-02 1.07868e-01 1.39115e-01 |
    174 | 5.77135e+00 3.31668e-02 | 1.25334e-02 1.07868e-01 1.39115e-01 |
    175 | 5.80451e+00 3.31669e-02 | 1.25334e-02 1.07868e-01 1.39115e-01 |
    176 | 5.83768e+00 3.31671e-02 | 1.25334e-02 1.07868e-01 1.39115e-01 |
    177 | 5.87085e+00 3.31672e-02 | 1.25334e-02 1.07868e-01 1.39115e-01 |
    178 | 5.90402e+00 3.31674e-02 | 1.25334e-02 1.07868e-01 1.39115e-01 |
    179 | 5.93718e+00 3.31676e-02 | 1.25334e-02 1.07868e-01 1.39115e-01 |
    180 | 5.97035e+00 3.31679e-02 | 1.25334e-02 1.07868e-01 1.39115e-01 |
    181 | 6.00352e+00 3.31681e-02 | 1.25334e-02 1.07868e-01 1.39115e-01 |
    182 | 6.03669e+00 3.31684e-02 | 1.25334e-02 1.07868e-01 1.39115e-01 |
    183 | 6.06986e+00 3.31687e-02 | 1.25334e-02 1.07868e-01 1.39115e-01 |
    184 | 6.10303e+00 3.31691e-02 | 1.25334e-02 1.07868e-01 1.39115e-01 |
    185 | 6.13619e+00 3.31695e-02 | 1.25334e-02 1.07868e-01 1.39115e-01 |
    186 | 6.16936e+00 3.31699e-02 | 1.25334e-02 1.07868e-01 1.39115e-01 |
    187 | 6.20253e+00 3.31703e-02 | 1.25334e-02 1.07868e-01 1.39115e-01 |
    188 | 6.23571e+00 3.31708e-02 | 1.25334e-02 1.07868e-01 1.39115e-01 |
    189 | 6.26888e+00 3.31713e-02 | 1.25334e-02 1.07868e-01 1.39115e-01 |
    190 | 6.30205e+00 3.31718e-02 | 1.25334e-02 1.07868e-01 1.39115e-01 |
    191 | 6.33522e+00 3.31723e-02 | 1.25334e-02 1.07868e-01 1.39115e-01 |
    192 | 6.36839e+00 3.31729e-02 | 1.25334e-02 1.07868e-01 1.39115e-01 |
    193 | 6.40157e+00 3.31735e-02 | 1.25334e-02 1.07868e-01 1.39115e-01 |
    194 | 6.43474e+00 3.31741e-02 | 1.25334e-02 1.07868e-01 1.39115e-01 |
    195 | 6.46792e+00 3.31748e-02 | 1.25334e-02 1.07868e-01 1.39115e-01 |
    196 | 6.50109e+00 3.31755e-02 | 1.25334e-02 1.07868e-01 1.39115e-01 |
    197 | 6.53427e+00 3.31759e-02 | 1.25334e-02 1.07868e-01 1.39115e-01 |
    198 | 6.56744e+00 3.31752e-02 | 1.25334e-02 1.07868e-01 1.39115e-01 |
    199 | 6.60062e+00 3.31745e-02 | 1.25334e-02 1.07868e-01 1.39115e-01 |
    200 | 6.63379e+00 3.31738e-02 | 1.25334e-02 1.07868e-01 1.39115e-01 |
    201 | 6.66696e+00 3.31731e-02 | 1.25334e-02 1.07868e-01 1.39115e-01 |
    202 | 6.70014e+00 3.31725e-02 | 1.25334e-02 1.07868e-01 1.39115e-01 |
    203 | 6.73331e+00 3.31719e-02 | 1.25334e-02 1.07868e-01 1.39115e-01 |
    204 | 6.76648e+00 3.31713e-02 | 1.25334e-02 1.07868e-01 1.39115e-01 |
    205 | 6.79965e+00 3.31707e-02 | 1.25334e-02 1.07868e-01 1.39115e-01 |
    206 | 6.83282e+00 3.31702e-02 | 1.25334e-02 1.07868e-01 1.39115e-01 |
    207 | 6.86599e+00 3.31697e-02 | 1.25334e-02 1.07868e-01 1.39115e-01 |
    208 | 6.89916e+00 3.31692e-02 | 1.25334e-02 1.07868e-01 1.39115e-01 |
    209 | 6.93233e+00 3.31688e-02 | 1.25334e-02 1.07868e-01 1.39115e-01 |
    210 | 6.96550e+00 3.31684e-02 | 1.25334e-02 1.07868e-01 1.39115e-01 |
    211 | 6.99866e+00 3.31680e-02 | 1.25334e-02 1.07868e-01 1.39115e-01 |
    212 | 7.03183e+00 3.31676e-02 | 1.25334e-02 1.07868e-01 1.39115e-01 |
    213 | 7.06500e+00 3.31673e-02 | 1.25334e-02 1.07868e-01 1.39115e-01 |
    214 | 7.09817e+00 3.31670e-02 | 1.25334e-02 1.07868e-01 1.39115e-01 |
    215 | 7.13133e+00 3.31667e-02 | 1.25334e-02 1.07868e-01 1.39115e-01 |
    216 | 7.16450e+00 3.31665e-02 | 1.25334e-02 1.07868e-01 1.39115e-01 |
    217 | 7.19767e+00 3.31663e-02 | 1.25334e-02 1.07868e-01 1.39115e-01 |
    218 | 7.23083e+00 3.31661e-02 | 1.25334e-02 1.07868e-01 1.39115e-01 |
    219 | 7.26400e+00 3.31659e-02 | 1.25334e-02 1.07868e-01 1.39115e-01 |
    220 | 7.29716e+00 3.31658e-02 | 1.25334e-02 1.07868e-01 1.39115e-01 |
    221 | 7.33033e+00 3.31657e-02 | 1.25334e-02 1.07868e-01 1.39115e-01 |
    222 | 7.36350e+00 3.31656e-02 | 1.25334e-02 1.07867e-01 1.39115e-01 |
    223 | 7.39666e+00 3.31655e-02 | 1.25334e-02 1.07867e-01 1.39115e-01 |
    224 | 7.42983e+00 3.31655e-02 | 1.25334e-02 1.07867e-01 1.39115e-01 |
    225 | 7.46299e+00 3.31655e-02 | 1.25334e-02 1.07867e-01 1.39115e-01 |
    226 | 7.49616e+00 3.31656e-02 | 1.25334e-02 1.07867e-01 1.39115e-01 |
    227 | 7.52932e+00 3.31656e-02 | 1.25334e-02 1.07867e-01 1.39115e-01 |
    228 | 7.56249e+00 3.31657e-02 | 1.25334e-02 1.07867e-01 1.39115e-01 |
    229 | 7.59565e+00 3.31658e-02 | 1.25334e-02 1.07867e-01 1.39115e-01 |
    230 | 7.62882e+00 3.31660e-02 | 1.25334e-02 1.07867e-01 1.39115e-01 |
    231 | 7.66199e+00 3.31661e-02 | 1.25334e-02 1.07867e-01 1.39115e-01 |
    232 | 7.69515e+00 3.31663e-02 | 1.25334e-02 1.07867e-01 1.39115e-01 |
    233 | 7.72832e+00 3.31666e-02 | 1.25334e-02 1.07867e-01 1.39115e-01 |
    234 | 7.76149e+00 3.31668e-02 | 1.25334e-02 1.07867e-01 1.39115e-01 |
    235 | 7.79465e+00 3.31671e-02 | 1.25334e-02 1.07867e-01 1.39115e-01 |
    236 | 7.82782e+00 3.31674e-02 | 1.25334e-02 1.07867e-01 1.39115e-01 |
    237 | 7.86099e+00 3.31678e-02 | 1.25334e-02 1.07867e-01 1.39115e-01 |
    238 | 7.89416e+00 3.31681e-02 | 1.25334e-02 1.07867e-01 1.39115e-01 |
    239 | 7.92733e+00 3.31685e-02 | 1.25334e-02 1.07867e-01 1.39115e-01 |
    240 | 7.96049e+00 3.31690e-02 | 1.25334e-02 1.07867e-01 1.39115e-01 |
    241 | 7.99366e+00 3.31694e-02 | 1.25334e-02 1.07867e-01 1.39115e-01 |
    242 | 8.02683e+00 3.31699e-02 | 1.25334e-02 1.07867e-01 1.39115e-01 |
    243 | 8.06000e+00 3.31704e-02 | 1.25334e-02 1.07867e-01 1.39115e-01 |
    244 | 8.09318e+00 3.31709e-02 | 1.25334e-02 1.07867e-01 1.39115e-01 |
    245 | 8.12635e+00 3.31715e-02 | 1.25334e-02 1.07867e-01 1.39115e-01 |
    246 | 8.15952e+00 3.31721e-02 | 1.25334e-02 1.07867e-01 1.39115e-01 |
    247 | 8.19269e+00 3.31727e-02 | 1.25334e-02 1.07867e-01 1.39115e-01 |
    248 | 8.22586e+00 3.31734e-02 | 1.25334e-02 1.07867e-01 1.39115e-01 |
    249 | 8.25904e+00 3.31740e-02 | 1.25334e-02 1.07867e-01 1.39115e-01 |
    250 | 8.29221e+00 3.31747e-02 | 1.25334e-02 1.07867e-01 1.39115e-01 |
    251 | 8.32539e+00 3.31755e-02 | 1.25334e-02 1.07867e-01 1.39115e-01 |
    252 | 8.35857e+00 3.31762e-02 | 1.25334e-02 1.07867e-01 1.39115e-01 |
    253 | 8.39174e+00 3.31770e-02 | 1.25334e-02 1.07867e-01 1.39115e-01 |
    254 | 8.42492e+00 3.31765e-02 | 1.25334e-02 1.07867e-01 1.39115e-01 |
    255 | 8.45809e+00 3.31758e-02 | 1.25334e-02 1.07867e-01 1.39115e-01 |
    256 | 8.49127e+00 3.31751e-02 | 1.25334e-02 1.07867e-01 1.39115e-01 |
    257 | 8.52444e+00 3.31744e-02 | 1.25334e-02 1.07867e-01 1.39115e-01 |
    258 | 8.55762e+00 3.31737e-02 | 1.25334e-02 1.07867e-01 1.39115e-01 |
    259 | 8.59079e+00 3.31731e-02 | 1.25334e-02 1.07867e-01 1.39115e-01 |
    260 | 8.62396e+00 3.31725e-02 | 1.25334e-02 1.07867e-01 1.39115e-01 |
    261 | 8.65714e+00 3.31719e-02 | 1.25334e-02 1.07867e-01 1.39115e-01 |
    262 | 8.69031e+00 3.31714e-02 | 1.25334e-02 1.07867e-01 1.39115e-01 |
    263 | 8.72348e+00 3.31709e-02 | 1.25334e-02 1.07867e-01 1.39115e-01 |
    264 | 8.75665e+00 3.31704e-02 | 1.25334e-02 1.07867e-01 1.39115e-01 |
    265 | 8.78982e+00 3.31699e-02 | 1.25334e-02 1.07867e-01 1.39115e-01 |
    266 | 8.82299e+00 3.31695e-02 | 1.25334e-02 1.07867e-01 1.39115e-01 |
    267 | 8.85616e+00 3.31691e-02 | 1.25334e-02 1.07867e-01 1.39115e-01 |
    268 | 8.88933e+00 3.31687e-02 | 1.25334e-02 1.07867e-01 1.39115e-01 |
    269 | 8.92249e+00 3.31684e-02 | 1.25334e-02 1.07867e-01 1.39115e-01 |
    270 | 8.95566e+00 3.31680e-02 | 1.25334e-02 1.07867e-01 1.39115e-01 |
    271 | 8.98883e+00 3.31678e-02 | 1.25334e-02 1.07867e-01 1.39115e-01 |
    272 | 9.02200e+00 3.31675e-02 | 1.25334e-02 1.07867e-01 1.39115e-01 |
    273 | 9.05516e+00 3.31673e-02 | 1.25334e-02 1.07867e-01 1.39115e-01 |
    274 | 9.08833e+00 3.31670e-02 | 1.25334e-02 1.07867e-01 1.39115e-01 |
    275 | 9.12150e+00 3.31669e-02 | 1.25334e-02 1.07867e-01 1.39115e-01 |
    276 | 9.15466e+00 3.31667e-02 | 1.25334e-02 1.07867e-01 1.39115e-01 |
    277 | 9.18783e+00 3.31666e-02 | 1.25334e-02 1.07867e-01 1.39115e-01 |
    278 | 9.22100e+00 3.31665e-02 | 1.25334e-02 1.07867e-01 1.39115e-01 |
    279 | 9.25416e+00 3.31664e-02 | 1.25334e-02 1.07867e-01 1.39115e-01 |
    280 | 9.28733e+00 3.31664e-02 | 1.25334e-02 1.07867e-01 1.39115e-01 |
    281 | 9.32050e+00 3.31664e-02 | 1.25334e-02 1.07867e-01 1.39115e-01 |
    282 | 9.35366e+00 3.31664e-02 | 1.25334e-02 1.07867e-01 1.39115e-01 |
    283 | 9.38683e+00 3.31664e-02 | 1.25334e-02 1.07867e-01 1.39115e-01 |
    284 | 9.42000e+00 3.31665e-02 | 1.25334e-02 1.07867e-01 1.39115e-01 |
    285 | 9.45316e+00 3.31666e-02 | 1.25334e-02 1.07867e-01 1.39115e-01 |
    286 | 9.48633e+00 3.31667e-02 | 1.25334e-02 1.07867e-01 1.39115e-01 |
    287 | 9.51950e+00 3.31669e-02 | 1.25334e-02 1.07867e-01 1.39115e-01 |
    288 | 9.55266e+00 3.31671e-02 | 1.25334e-02 1.07867e-01 1.39115e-01 |
    289 | 9.58583e+00 3.31673e-02 | 1.25334e-02 1.07867e-01 1.39115e-01 |
    290 | 9.61900e+00 3.31675e-02 | 1.25334e-02 1.07867e-01 1.39115e-01 |
    291 | 9.65217e+00 3.31678e-02 | 1.25334e-02 1.07867e-01 1.39115e-01 |
    292 | 9.68533e+00 3.31681e-02 | 1.25334e-02 1.07867e-01 1.39115e-01 |
    293 | 9.71850e+00 3.31684e-02 | 1.25334e-02 1.07867e-01 1.39115e-01 |
    294 | 9.75167e+00 3.31688e-02 | 1.25334e-02 1.07867e-01 1.39115e-01 |
    295 | 9.78484e+00 3.31692e-02 | 1.25334e-02 1.07867e-01 1.39115e-01 |
    296 | 9.81801e+00 3.31696e-02 | 1.25334e-02 1.07867e-01 1.39115e-01 |
    297 | 9.85118e+00 3.31700e-02 | 1.25334e-02 1.07867e-01 1.39115e-01 |
    298 | 9.88435e+00 3.31705e-02 | 1.25334e-02 1.07867e-01 1.39115e-01 |
    299 | 9.91752e+00 3.31710e-02 | 1.25334e-02 1.07867e-01 1.39115e-01 |
    300 | 9.95069e+00 3.31715e-02 | 1.25334e-02 1.07867e-01 1.39115e-01 |
    301 | 9.98387e+00 3.31720e-02 | 1.25334e-02 1.07867e-01 1.39115e-01 |
    302 | 1.00170e+01 3.31726e-02 | 1.25334e-02 1.07867e-01 1.39115e-01 |
    303 | 1.00502e+01 3.31732e-02 | 1.25334e-02 1.07867e-01 1.39115e-01 |
    304 | 1.00834e+01 3.31738e-02 | 1.25334e-02 1.07867e-01 1.39115e-01 |
    305 | 1.01166e+01 3.31745e-02 | 1.25334e-02 1.07867e-01 1.39115e-01 |
    306 | 1.01497e+01 3.31752e-02 | 1.25334e-02 1.07867e-01 1.39115e-01 |
    307 | 1.01829e+01 3.31757e-02 | 1.25334e-02 1.07867e-01 1.39115e-01 |
    308 | 1.02161e+01 3.31750e-02 | 1.25334e-02 1.07867e-01 1.39115e-01 |
    309 | 1.02493e+01 3.31743e-02 | 1.25334e-02 1.07867e-01 1.39115e-01 |
    310 | 1.02824e+01 3.31736e-02 | 1.25334e-02 1.07867e-01 1.39115e-01 |
    311 | 1.03156e+01 3.31729e-02 | 1.25334e-02 1.07867e-01 1.39115e-01 |
    312 | 1.03488e+01 3.31723e-02 | 1.25334e-02 1.07867e-01 1.39115e-01 |
    313 | 1.03820e+01 3.31717e-02 | 1.25334e-02 1.07867e-01 1.39115e-01 |
    314 | 1.04151e+01 3.31711e-02 | 1.25334e-02 1.07867e-01 1.39115e-01 |
    315 | 1.04483e+01 3.31705e-02 | 1.25334e-02 1.07867e-01 1.39115e-01 |
    316 | 1.04815e+01 3.31700e-02 | 1.25334e-02 1.07867e-01 1.39115e-01 |
    317 | 1.05146e+01 3.31695e-02 | 1.25334e-02 1.07867e-01 1.39115e-01 |
    318 | 1.05478e+01 3.31691e-02 | 1.25334e-02 1.07867e-01 1.39115e-01 |
    319 | 1.05810e+01 3.31686e-02 | 1.25334e-02 1.07867e-01 1.39115e-01 |
    320 | 1.06141e+01 3.31682e-02 | 1.25334e-02 1.07867e-01 1.39115e-01 |
    321 | 1.06473e+01 3.31678e-02 | 1.25334e-02 1.07867e-01 1.39115e-01 |
    322 | 1.06805e+01 3.31675e-02 | 1.25334e-02 1.07867e-01 1.39115e-01 |
    323 | 1.07136e+01 3.31671e-02 | 1.25334e-02 1.07867e-01 1.39115e-01 |
    324 | 1.07468e+01 3.31668e-02 | 1.25334e-02 1.07867e-01 1.39115e-01 |
    325 | 1.07800e+01 3.31666e-02 | 1.25334e-02 1.07867e-01 1.39115e-01 |
    326 | 1.08131e+01 3.31663e-02 | 1.25334e-02 1.07867e-01 1.39115e-01 |
    327 | 1.08463e+01 3.31661e-02 | 1.25334e-02 1.07867e-01 1.39115e-01 |
    328 | 1.08795e+01 3.31659e-02 | 1.25334e-02 1.07867e-01 1.39115e-01 |
    329 | 1.09126e+01 3.31657e-02 | 1.25334e-02 1.07867e-01 1.39115e-01 |
    330 | 1.09458e+01 3.31656e-02 | 1.25334e-02 1.07867e-01 1.39115e-01 |
    331 | 1.09790e+01 3.31655e-02 | 1.25334e-02 1.07867e-01 1.39115e-01 |
    332 | 1.10121e+01 3.31654e-02 | 1.25334e-02 1.07867e-01 1.39115e-01 |
    333 | 1.10453e+01 3.31654e-02 | 1.25334e-02 1.07867e-01 1.39115e-01 |
    334 | 1.10785e+01 3.31654e-02 | 1.25334e-02 1.07867e-01 1.39115e-01 |
    335 | 1.11116e+01 3.31654e-02 | 1.25334e-02 1.07867e-01 1.39115e-01 |
    336 | 1.11448e+01 3.31654e-02 | 1.25334e-02 1.07867e-01 1.39115e-01 |
    337 | 1.11780e+01 3.31655e-02 | 1.25334e-02 1.07867e-01 1.39115e-01 |
    338 | 1.12111e+01 3.31656e-02 | 1.25334e-02 1.07867e-01 1.39115e-01 |
    339 | 1.12443e+01 3.31657e-02 | 1.25334e-02 1.07867e-01 1.39115e-01 |
    340 | 1.12775e+01 3.31658e-02 | 1.25334e-02 1.07867e-01 1.39115e-01 |
    341 | 1.13106e+01 3.31660e-02 | 1.25334e-02 1.07867e-01 1.39115e-01 |
    342 | 1.13438e+01 3.31662e-02 | 1.25334e-02 1.07867e-01 1.39115e-01 |
    343 | 1.13770e+01 3.31664e-02 | 1.25334e-02 1.07867e-01 1.39115e-01 |
    344 | 1.14101e+01 3.31667e-02 | 1.25334e-02 1.07867e-01 1.39115e-01 |
    345 | 1.14433e+01 3.31670e-02 | 1.25334e-02 1.07867e-01 1.39115e-01 |
    346 | 1.14765e+01 3.31673e-02 | 1.25334e-02 1.07867e-01 1.39115e-01 |
    347 | 1.15096e+01 3.31676e-02 | 1.25334e-02 1.07867e-01 1.39115e-01 |
    348 | 1.15428e+01 3.31680e-02 | 1.25334e-02 1.07867e-01 1.39115e-01 |
    349 | 1.15760e+01 3.31684e-02 | 1.25334e-02 1.07867e-01 1.39115e-01 |
    350 | 1.16091e+01 3.31688e-02 | 1.25334e-02 1.07867e-01 1.39115e-01 |
    351 | 1.16423e+01 3.31693e-02 | 1.25334e-02 1.07867e-01 1.39115e-01 |
    352 | 1.16755e+01 3.31698e-02 | 1.25334e-02 1.07867e-01 1.39115e-01 |
    353 | 1.17086e+01 3.31703e-02 | 1.25334e-02 1.07867e-01 1.39115e-01 |
    354 | 1.17418e+01 3.31708e-02 | 1.25334e-02 1.07867e-01 1.39115e-01 |
    355 | 1.17750e+01 3.31714e-02 | 1.25334e-02 1.07867e-01 1.39115e-01 |
    356 | 1.18082e+01 3.31720e-02 | 1.25334e-02 1.07867e-01 1.39115e-01 |
    357 | 1.18413e+01 3.31726e-02 | 1.25334e-02 1.07867e-01 1.39115e-01 |
    358 | 1.18745e+01 3.31733e-02 | 1.25334e-02 1.07867e-01 1.39115e-01 |
    359 | 1.19077e+01 3.31739e-02 | 1.25334e-02 1.07867e-01 1.39115e-01 |
    360 | 1.19408e+01 3.31746e-02 | 1.25334e-02 1.07867e-01 1.39115e-01 |
    361 | 1.19740e+01 3.31754e-02 | 1.25334e-02 1.07867e-01 1.39115e-01 |
    362 | 1.20072e+01 3.31761e-02 | 1.25334e-02 1.07867e-01 1.39115e-01 |
    363 | 1.20404e+01 3.31769e-02 | 1.25334e-02 1.07867e-01 1.39115e-01 |
    364 | 1.20736e+01 3.31774e-02 | 1.25334e-02 1.07867e-01 1.39115e-01 |
    365 | 1.21067e+01 3.31770e-02 | 1.25334e-02 1.07867e-01 1.39115e-01 |
    366 | 1.21399e+01 3.31767e-02 | 1.25334e-02 1.07867e-01 1.39115e-01 |
    367 | 1.21731e+01 3.31764e-02 | 1.25334e-02 1.07867e-01 1.39115e-01 |
    368 | 1.22063e+01 3.31762e-02 | 1.25334e-02 1.07867e-01 1.39115e-01 |
    369 | 1.22394e+01 3.31759e-02 | 1.25334e-02 1.07867e-01 1.39115e-01 |
    370 | 1.22726e+01 3.31757e-02 | 1.25334e-02 1.07867e-01 1.39115e-01 |
    371 | 1.23058e+01 3.31755e-02 | 1.25334e-02 1.07867e-01 1.39115e-01 |
    372 | 1.23390e+01 3.31754e-02 | 1.25334e-02 1.07867e-01 1.39115e-01 |
    373 | 1.23721e+01 3.31753e-02 | 1.25334e-02 1.07867e-01 1.39115e-01 |
    374 | 1.24053e+01 3.31752e-02 | 1.25334e-02 1.07867e-01 1.39115e-01 |
    375 | 1.24385e+01 3.31751e-02 | 1.25334e-02 1.07867e-01 1.39115e-01 |
    376 | 1.24717e+01 3.31751e-02 | 1.25334e-02 1.07867e-01 1.39115e-01 |
    377 | 1.25048e+01 3.31751e-02 | 1.25334e-02 1.07867e-01 1.39115e-01 |
    378 | 1.25380e+01 3.31749e-02 | 1.25334e-02 1.07867e-01 1.39115e-01 |
    379 | 1.25712e+01 3.31745e-02 | 1.25334e-02 1.07867e-01 1.39115e-01 |
    380 | 1.26044e+01 3.31740e-02 | 1.25334e-02 1.07867e-01 1.39115e-01 |
    381 | 1.26375e+01 3.31736e-02 | 1.25334e-02 1.07867e-01 1.39115e-01 |
    382 | 1.26707e+01 3.31732e-02 | 1.25334e-02 1.07867e-01 1.39115e-01 |
    383 | 1.27039e+01 3.31729e-02 | 1.25334e-02 1.07867e-01 1.39115e-01 |
    384 | 1.27371e+01 3.31725e-02 | 1.25334e-02 1.07867e-01 1.39115e-01 |
    385 | 1.27702e+01 3.31722e-02 | 1.25334e-02 1.07867e-01 1.39115e-01 |
    386 | 1.28034e+01 3.31720e-02 | 1.25334e-02 1.07867e-01 1.39115e-01 |
    387 | 1.28366e+01 3.31717e-02 | 1.25334e-02 1.07867e-01 1.39115e-01 |
    388 | 1.28697e+01 3.31715e-02 | 1.25334e-02 1.07867e-01 1.39115e-01 |
    389 | 1.29029e+01 3.31713e-02 | 1.25334e-02 1.07867e-01 1.39115e-01 |
    390 | 1.29361e+01 3.31711e-02 | 1.25334e-02 1.07867e-01 1.39115e-01 |
    391 | 1.29693e+01 3.31710e-02 | 1.25334e-02 1.07867e-01 1.39115e-01 |
    392 | 1.30024e+01 3.31709e-02 | 1.25334e-02 1.07867e-01 1.39115e-01 |
    393 | 1.30356e+01 3.31708e-02 | 1.25334e-02 1.07867e-01 1.39115e-01 |
    394 | 1.30688e+01 3.31708e-02 | 1.25334e-02 1.07867e-01 1.39115e-01 |
    395 | 1.31019e+01 3.31707e-02 | 1.25334e-02 1.07867e-01 1.39115e-01 |
    396 | 1.31351e+01 3.31707e-02 | 1.25334e-02 1.07867e-01 1.39115e-01 |
    397 | 1.31683e+01 3.31708e-02 | 1.25334e-02 1.07867e-01 1.39115e-01 |
    398 | 1.32015e+01 3.31708e-02 | 1.25334e-02 1.07867e-01 1.39115e-01 |
    399 | 1.32346e+01 3.31709e-02 | 1.25334e-02 1.07867e-01 1.39115e-01 |
    400 | 1.32678e+01 3.31710e-02 | 1.25334e-02 1.07867e-01 1.39115e-01 |
    401 | 1.33010e+01 3.31712e-02 | 1.25334e-02 1.07867e-01 1.39115e-01 |
    402 | 1.33341e+01 3.31714e-02 | 1.25334e-02 1.07867e-01 1.39115e-01 |
    403 | 1.33673e+01 3.31716e-02 | 1.25334e-02 1.07867e-01 1.39115e-01 |
    404 | 1.34005e+01 3.31718e-02 | 1.25334e-02 1.07867e-01 1.39115e-01 |
    405 | 1.34337e+01 3.31720e-02 | 1.25333e-02 1.07867e-01 1.39115e-01 |
    406 | 1.34668e+01 3.31723e-02 | 1.25333e-02 1.07867e-01 1.39115e-01 |
    407 | 1.35000e+01 3.31726e-02 | 1.25333e-02 1.07867e-01 1.39115e-01 |
    408 | 1.35332e+01 3.31730e-02 | 1.25333e-02 1.07867e-01 1.39115e-01 |
    409 | 1.35663e+01 3.31734e-02 | 1.25333e-02 1.07867e-01 1.39115e-01 |
    410 | 1.35995e+01 3.31738e-02 | 1.25333e-02 1.07867e-01 1.39115e-01 |
    411 | 1.36327e+01 3.31742e-02 | 1.25333e-02 1.07867e-01 1.39115e-01 |
    412 | 1.36659e+01 3.31746e-02 | 1.25333e-02 1.07867e-01 1.39115e-01 |
    413 | 1.36990e+01 3.31751e-02 | 1.25333e-02 1.07867e-01 1.39115e-01 |
    414 | 1.37322e+01 3.31748e-02 | 1.25333e-02 1.07867e-01 1.39115e-01 |
    415 | 1.37654e+01 3.31742e-02 | 1.25333e-02 1.07867e-01 1.39115e-01 |
    416 | 1.37986e+01 3.31736e-02 | 1.25333e-02 1.07867e-01 1.39115e-01 |
    417 | 1.38317e+01 3.31730e-02 | 1.25333e-02 1.07867e-01 1.39115e-01 |
    418 | 1.38649e+01 3.31724e-02 | 1.25333e-02 1.07867e-01 1.39115e-01 |
    419 | 1.38981e+01 3.31719e-02 | 1.25333e-02 1.07867e-01 1.39115e-01 |
    420 | 1.39313e+01 3.31714e-02 | 1.25333e-02 1.07867e-01 1.39115e-01 |
    421 | 1.39644e+01 3.31709e-02 | 1.25333e-02 1.07867e-01 1.39115e-01 |
    422 | 1.39976e+01 3.31705e-02 | 1.25333e-02 1.07867e-01 1.39115e-01 |
    423 | 1.40308e+01 3.31700e-02 | 1.25333e-02 1.07867e-01 1.39115e-01 |
    424 | 1.40639e+01 3.31697e-02 | 1.25333e-02 1.07867e-01 1.39115e-01 |
    425 | 1.40971e+01 3.31693e-02 | 1.25333e-02 1.07867e-01 1.39115e-01 |
    426 | 1.41303e+01 3.31689e-02 | 1.25333e-02 1.07867e-01 1.39115e-01 |
    427 | 1.41634e+01 3.31686e-02 | 1.25333e-02 1.07867e-01 1.39115e-01 |
    428 | 1.41966e+01 3.31684e-02 | 1.25333e-02 1.07867e-01 1.39115e-01 |
    429 | 1.42298e+01 3.31681e-02 | 1.25333e-02 1.07867e-01 1.39115e-01 |
    430 | 1.42629e+01 3.31679e-02 | 1.25333e-02 1.07867e-01 1.39115e-01 |
    431 | 1.42961e+01 3.31677e-02 | 1.25333e-02 1.07867e-01 1.39115e-01 |
    432 | 1.43293e+01 3.31675e-02 | 1.25333e-02 1.07867e-01 1.39115e-01 |
    433 | 1.43624e+01 3.31674e-02 | 1.25333e-02 1.07867e-01 1.39115e-01 |
    434 | 1.43956e+01 3.31672e-02 | 1.25333e-02 1.07867e-01 1.39115e-01 |
    435 | 1.44288e+01 3.31672e-02 | 1.25333e-02 1.07867e-01 1.39115e-01 |
    436 | 1.44619e+01 3.31671e-02 | 1.25333e-02 1.07867e-01 1.39115e-01 |
    437 | 1.44951e+01 3.31671e-02 | 1.25333e-02 1.07867e-01 1.39115e-01 |
    438 | 1.45283e+01 3.31671e-02 | 1.25333e-02 1.07867e-01 1.39115e-01 |
    439 | 1.45614e+01 3.31671e-02 | 1.25333e-02 1.07867e-01 1.39115e-01 |
    440 | 1.45946e+01 3.31671e-02 | 1.25333e-02 1.07867e-01 1.39115e-01 |
    441 | 1.46278e+01 3.31672e-02 | 1.25333e-02 1.07867e-01 1.39115e-01 |
    442 | 1.46609e+01 3.31673e-02 | 1.25333e-02 1.07867e-01 1.39115e-01 |
    443 | 1.46941e+01 3.31675e-02 | 1.25333e-02 1.07867e-01 1.39115e-01 |
    444 | 1.47273e+01 3.31676e-02 | 1.25333e-02 1.07867e-01 1.39115e-01 |
    445 | 1.47605e+01 3.31678e-02 | 1.25333e-02 1.07867e-01 1.39115e-01 |
    446 | 1.47936e+01 3.31681e-02 | 1.25333e-02 1.07867e-01 1.39115e-01 |
    447 | 1.48268e+01 3.31683e-02 | 1.25333e-02 1.07867e-01 1.39115e-01 |
    448 | 1.48600e+01 3.31686e-02 | 1.25333e-02 1.07867e-01 1.39115e-01 |
    449 | 1.48931e+01 3.31689e-02 | 1.25333e-02 1.07867e-01 1.39115e-01 |
    450 | 1.49263e+01 3.31692e-02 | 1.25333e-02 1.07867e-01 1.39115e-01 |
    451 | 1.49595e+01 3.31696e-02 | 1.25333e-02 1.07867e-01 1.39115e-01 |
    452 | 1.49926e+01 3.31700e-02 | 1.25333e-02 1.07867e-01 1.39115e-01 |
    453 | 1.50258e+01 3.31704e-02 | 1.25333e-02 1.07867e-01 1.39115e-01 |
    454 | 1.50590e+01 3.31708e-02 | 1.25333e-02 1.07867e-01 1.39115e-01 |
    455 | 1.50921e+01 3.31713e-02 | 1.25333e-02 1.07867e-01 1.39115e-01 |
    456 | 1.51253e+01 3.31718e-02 | 1.25333e-02 1.07867e-01 1.39115e-01 |
    457 | 1.51585e+01 3.31723e-02 | 1.25333e-02 1.07867e-01 1.39115e-01 |
    458 | 1.51917e+01 3.31729e-02 | 1.25333e-02 1.07867e-01 1.39115e-01 |
    459 | 1.52248e+01 3.31735e-02 | 1.25333e-02 1.07867e-01 1.39115e-01 |
    460 | 1.52580e+01 3.31739e-02 | 1.25333e-02 1.07867e-01 1.39115e-01 |
    461 | 1.52912e+01 3.31742e-02 | 1.25333e-02 1.07867e-01 1.39115e-01 |
    462 | 1.53244e+01 3.31744e-02 | 1.25333e-02 1.07867e-01 1.39115e-01 |
    463 | 1.53575e+01 3.31747e-02 | 1.25333e-02 1.07867e-01 1.39115e-01 |
    464 | 1.53907e+01 3.31750e-02 | 1.25333e-02 1.07867e-01 1.39115e-01 |
    465 | 1.54239e+01 3.31754e-02 | 1.25333e-02 1.07867e-01 1.39115e-01 |
    466 | 1.54571e+01 3.31758e-02 | 1.25333e-02 1.07867e-01 1.39115e-01 |
    467 | 1.54902e+01 3.31762e-02 | 1.25333e-02 1.07867e-01 1.39115e-01 |
    468 | 1.55234e+01 3.31763e-02 | 1.25333e-02 1.07867e-01 1.39115e-01 |
    469 | 1.55566e+01 3.31757e-02 | 1.25333e-02 1.07867e-01 1.39115e-01 |
    470 | 1.55898e+01 3.31751e-02 | 1.25333e-02 1.07867e-01 1.39115e-01 |
    471 | 1.56229e+01 3.31745e-02 | 1.25333e-02 1.07867e-01 1.39115e-01 |
    472 | 1.56561e+01 3.31740e-02 | 1.25333e-02 1.07867e-01 1.39115e-01 |
    473 | 1.56893e+01 3.31735e-02 | 1.25333e-02 1.07867e-01 1.39115e-01 |
    474 | 1.57225e+01 3.31730e-02 | 1.25333e-02 1.07867e-01 1.39115e-01 |
    475 | 1.57556e+01 3.31725e-02 | 1.25333e-02 1.07867e-01 1.39115e-01 |
    476 | 1.57888e+01 3.31721e-02 | 1.25333e-02 1.07867e-01 1.39115e-01 |
    477 | 1.58220e+01 3.31717e-02 | 1.25333e-02 1.07867e-01 1.39115e-01 |
    478 | 1.58551e+01 3.31713e-02 | 1.25333e-02 1.07867e-01 1.39115e-01 |
    479 | 1.58883e+01 3.31710e-02 | 1.25333e-02 1.07867e-01 1.39115e-01 |
    480 | 1.59215e+01 3.31706e-02 | 1.25333e-02 1.07867e-01 1.39115e-01 |
    481 | 1.59547e+01 3.31703e-02 | 1.25333e-02 1.07867e-01 1.39115e-01 |
    482 | 1.59878e+01 3.31701e-02 | 1.25333e-02 1.07867e-01 1.39115e-01 |
    483 | 1.60210e+01 3.31698e-02 | 1.25333e-02 1.07867e-01 1.39115e-01 |
    484 | 1.60542e+01 3.31696e-02 | 1.25333e-02 1.07867e-01 1.39115e-01 |
    485 | 1.60873e+01 3.31695e-02 | 1.25333e-02 1.07867e-01 1.39115e-01 |
    486 | 1.61205e+01 3.31693e-02 | 1.25333e-02 1.07867e-01 1.39115e-01 |
    487 | 1.61537e+01 3.31692e-02 | 1.25333e-02 1.07867e-01 1.39115e-01 |
    488 | 1.61868e+01 3.31691e-02 | 1.25333e-02 1.07867e-01 1.39115e-01 |
    489 | 1.62200e+01 3.31690e-02 | 1.25333e-02 1.07867e-01 1.39115e-01 |
    490 | 1.62532e+01 3.31690e-02 | 1.25333e-02 1.07867e-01 1.39115e-01 |
    491 | 1.62864e+01 3.31690e-02 | 1.25333e-02 1.07867e-01 1.39115e-01 |
    492 | 1.63195e+01 3.31690e-02 | 1.25333e-02 1.07867e-01 1.39115e-01 |
    493 | 1.63527e+01 3.31690e-02 | 1.25333e-02 1.07867e-01 1.39115e-01 |
    494 | 1.63859e+01 3.31691e-02 | 1.25333e-02 1.07867e-01 1.39115e-01 |
    495 | 1.64190e+01 3.31692e-02 | 1.25333e-02 1.07867e-01 1.39115e-01 |
    496 | 1.64522e+01 3.31693e-02 | 1.25333e-02 1.07867e-01 1.39115e-01 |
    497 | 1.64854e+01 3.31695e-02 | 1.25333e-02 1.07867e-01 1.39115e-01 |
    498 | 1.65185e+01 3.31696e-02 | 1.25333e-02 1.07867e-01 1.39115e-01 |
    499 | 1.65517e+01 3.31698e-02 | 1.25333e-02 1.07867e-01 1.39115e-01 |
    500 | 1.65849e+01 3.31701e-02 | 1.25333e-02 1.07867e-01 1.39115e-01 |
    501 | 1.66180e+01 3.31703e-02 | 1.25333e-02 1.07867e-01 1.39115e-01 |
    502 | 1.66512e+01 3.31703e-02 | 1.25333e-02 1.07867e-01 1.39115e-01 |
    503 | 1.66844e+01 3.31702e-02 | 1.25333e-02 1.07867e-01 1.39115e-01 |
    504 | 1.67176e+01 3.31702e-02 | 1.25333e-02 1.07867e-01 1.39115e-01 |
    505 | 1.67507e+01 3.31702e-02 | 1.25333e-02 1.07867e-01 1.39115e-01 |
    506 | 1.67839e+01 3.31702e-02 | 1.25333e-02 1.07867e-01 1.39115e-01 |
    507 | 1.68171e+01 3.31702e-02 | 1.25333e-02 1.07867e-01 1.39115e-01 |
    508 | 1.68502e+01 3.31703e-02 | 1.25333e-02 1.07867e-01 1.39115e-01 |
    509 | 1.68834e+01 3.31704e-02 | 1.25333e-02 1.07867e-01 1.39115e-01 |
    510 | 1.69166e+01 3.31705e-02 | 1.25333e-02 1.07867e-01 1.39115e-01 |
    511 | 1.69498e+01 3.31706e-02 | 1.25333e-02 1.07867e-01 1.39115e-01 |
    512 | 1.69829e+01 3.31708e-02 | 1.25333e-02 1.07867e-01 1.39115e-01 |
    513 | 1.70161e+01 3.31710e-02 | 1.25333e-02 1.07867e-01 1.39115e-01 |
    514 | 1.70493e+01 3.31712e-02 | 1.25333e-02 1.07867e-01 1.39115e-01 |
    515 | 1.70824e+01 3.31715e-02 | 1.25333e-02 1.07867e-01 1.39115e-01 |
    516 | 1.71156e+01 3.31718e-02 | 1.25333e-02 1.07867e-01 1.39115e-01 |
    517 | 1.71488e+01 3.31721e-02 | 1.25333e-02 1.07867e-01 1.39115e-01 |
    518 | 1.71820e+01 3.31724e-02 | 1.25333e-02 1.07867e-01 1.39115e-01 |
    519 | 1.72151e+01 3.31728e-02 | 1.25333e-02 1.07867e-01 1.39115e-01 |
    520 | 1.72483e+01 3.31732e-02 | 1.25333e-02 1.07867e-01 1.39115e-01 |
    521 | 1.72815e+01 3.31736e-02 | 1.25333e-02 1.07867e-01 1.39115e-01 |
    522 | 1.73146e+01 3.31741e-02 | 1.25333e-02 1.07867e-01 1.39115e-01 |
    523 | 1.73478e+01 3.31746e-02 | 1.25333e-02 1.07867e-01 1.39115e-01 |
    524 | 1.73810e+01 3.31751e-02 | 1.25333e-02 1.07867e-01 1.39115e-01 |
    525 | 1.74142e+01 3.31745e-02 | 1.25333e-02 1.07867e-01 1.39115e-01 |
    526 | 1.74473e+01 3.31739e-02 | 1.25333e-02 1.07867e-01 1.39115e-01 |
    527 | 1.74805e+01 3.31733e-02 | 1.25333e-02 1.07867e-01 1.39115e-01 |
    528 | 1.75137e+01 3.31728e-02 | 1.25333e-02 1.07867e-01 1.39115e-01 |
    529 | 1.75469e+01 3.31722e-02 | 1.25333e-02 1.07867e-01 1.39115e-01 |
    530 | 1.75800e+01 3.31717e-02 | 1.25333e-02 1.07867e-01 1.39115e-01 |
    531 | 1.76132e+01 3.31712e-02 | 1.25333e-02 1.07867e-01 1.39115e-01 |
    532 | 1.76464e+01 3.31708e-02 | 1.25333e-02 1.07867e-01 1.39115e-01 |
    533 | 1.76795e+01 3.31704e-02 | 1.25333e-02 1.07867e-01 1.39115e-01 |
    534 | 1.77127e+01 3.31700e-02 | 1.25333e-02 1.07867e-01 1.39115e-01 |
    535 | 1.77459e+01 3.31696e-02 | 1.25333e-02 1.07867e-01 1.39115e-01 |
    536 | 1.77791e+01 3.31693e-02 | 1.25333e-02 1.07867e-01 1.39115e-01 |
    537 | 1.78122e+01 3.31690e-02 | 1.25333e-02 1.07867e-01 1.39115e-01 |
    538 | 1.78454e+01 3.31687e-02 | 1.25333e-02 1.07867e-01 1.39115e-01 |
    539 | 1.78786e+01 3.31684e-02 | 1.25333e-02 1.07867e-01 1.39115e-01 |
    540 | 1.79117e+01 3.31682e-02 | 1.25333e-02 1.07867e-01 1.39115e-01 |
    541 | 1.79449e+01 3.31680e-02 | 1.25333e-02 1.07867e-01 1.39115e-01 |
    542 | 1.79781e+01 3.31679e-02 | 1.25333e-02 1.07867e-01 1.39115e-01 |
    543 | 1.80112e+01 3.31677e-02 | 1.25333e-02 1.07867e-01 1.39115e-01 |
    544 | 1.80444e+01 3.31676e-02 | 1.25333e-02 1.07867e-01 1.39115e-01 |
    545 | 1.80776e+01 3.31675e-02 | 1.25333e-02 1.07867e-01 1.39115e-01 |
    546 | 1.81107e+01 3.31675e-02 | 1.25333e-02 1.07867e-01 1.39115e-01 |
    547 | 1.81439e+01 3.31674e-02 | 1.25333e-02 1.07867e-01 1.39115e-01 |
    548 | 1.81771e+01 3.31674e-02 | 1.25333e-02 1.07867e-01 1.39115e-01 |
    549 | 1.82102e+01 3.31675e-02 | 1.25333e-02 1.07867e-01 1.39115e-01 |
    550 | 1.82434e+01 3.31675e-02 | 1.25333e-02 1.07867e-01 1.39115e-01 |
    551 | 1.82766e+01 3.31676e-02 | 1.25333e-02 1.07867e-01 1.39115e-01 |
    552 | 1.83097e+01 3.31677e-02 | 1.25333e-02 1.07867e-01 1.39115e-01 |
    553 | 1.83429e+01 3.31678e-02 | 1.25333e-02 1.07867e-01 1.39115e-01 |
    554 | 1.83761e+01 3.31680e-02 | 1.25333e-02 1.07867e-01 1.39115e-01 |
    555 | 1.84092e+01 3.31682e-02 | 1.25333e-02 1.07867e-01 1.39115e-01 |
    556 | 1.84424e+01 3.31684e-02 | 1.25333e-02 1.07867e-01 1.39115e-01 |
    557 | 1.84756e+01 3.31687e-02 | 1.25333e-02 1.07867e-01 1.39115e-01 |
    558 | 1.85088e+01 3.31689e-02 | 1.25333e-02 1.07867e-01 1.39115e-01 |
    559 | 1.85419e+01 3.31693e-02 | 1.25333e-02 1.07867e-01 1.39115e-01 |
    560 | 1.85751e+01 3.31696e-02 | 1.25333e-02 1.07867e-01 1.39115e-01 |
    561 | 1.86083e+01 3.31699e-02 | 1.25333e-02 1.07867e-01 1.39115e-01 |
    562 | 1.86414e+01 3.31703e-02 | 1.25333e-02 1.07867e-01 1.39115e-01 |
    563 | 1.86746e+01 3.31708e-02 | 1.25333e-02 1.07867e-01 1.39115e-01 |
    564 | 1.87078e+01 3.31712e-02 | 1.25333e-02 1.07867e-01 1.39115e-01 |
    565 | 1.87409e+01 3.31717e-02 | 1.25333e-02 1.07867e-01 1.39115e-01 |
    566 | 1.87741e+01 3.31722e-02 | 1.25333e-02 1.07867e-01 1.39115e-01 |
    567 | 1.88073e+01 3.31727e-02 | 1.25333e-02 1.07867e-01 1.39115e-01 |
    568 | 1.88405e+01 3.31733e-02 | 1.25333e-02 1.07867e-01 1.39115e-01 |
    569 | 1.88736e+01 3.31738e-02 | 1.25333e-02 1.07867e-01 1.39115e-01 |
    570 | 1.89068e+01 3.31744e-02 | 1.25333e-02 1.07867e-01 1.39115e-01 |
    571 | 1.89400e+01 3.31751e-02 | 1.25333e-02 1.07867e-01 1.39115e-01 |
    572 | 1.89732e+01 3.31758e-02 | 1.25333e-02 1.07867e-01 1.39115e-01 |
    573 | 1.90063e+01 3.31764e-02 | 1.25333e-02 1.07868e-01 1.39115e-01 |
    574 | 1.90395e+01 3.31772e-02 | 1.25333e-02 1.07868e-01 1.39115e-01 |
    575 | 1.90727e+01 3.31779e-02 | 1.25333e-02 1.07868e-01 1.39115e-01 |
    576 | 1.91059e+01 3.31781e-02 | 1.25333e-02 1.07868e-01 1.39115e-01 |
    577 | 1.91390e+01 3.31775e-02 | 1.25333e-02 1.07868e-01 1.39115e-01 |
    578 | 1.91722e+01 3.31768e-02 | 1.25333e-02 1.07868e-01 1.39115e-01 |
    579 | 1.92054e+01 3.31762e-02 | 1.25333e-02 1.07868e-01 1.39115e-01 |
    580 | 1.92386e+01 3.31756e-02 | 1.25333e-02 1.07868e-01 1.39115e-01 |
    581 | 1.92718e+01 3.31750e-02 | 1.25333e-02 1.07868e-01 1.39115e-01 |
    582 | 1.93049e+01 3.31745e-02 | 1.25333e-02 1.07868e-01 1.39115e-01 |
    583 | 1.93381e+01 3.31740e-02 | 1.25333e-02 1.07868e-01 1.39115e-01 |
    584 | 1.93713e+01 3.31733e-02 | 1.25333e-02 1.07868e-01 1.39115e-01 |
    585 | 1.94044e+01 3.31726e-02 | 1.25333e-02 1.07868e-01 1.39115e-01 |
    586 | 1.94376e+01 3.31720e-02 | 1.25333e-02 1.07868e-01 1.39115e-01 |
    587 | 1.94708e+01 3.31713e-02 | 1.25333e-02 1.07868e-01 1.39115e-01 |
    588 | 1.95040e+01 3.31708e-02 | 1.25333e-02 1.07868e-01 1.39115e-01 |
    589 | 1.95371e+01 3.31702e-02 | 1.25333e-02 1.07868e-01 1.39115e-01 |
    590 | 1.95703e+01 3.31697e-02 | 1.25333e-02 1.07868e-01 1.39115e-01 |
    591 | 1.96035e+01 3.31692e-02 | 1.25333e-02 1.07868e-01 1.39115e-01 |
    592 | 1.96366e+01 3.31687e-02 | 1.25333e-02 1.07868e-01 1.39115e-01 |
    593 | 1.96698e+01 3.31683e-02 | 1.25333e-02 1.07868e-01 1.39115e-01 |
    594 | 1.97030e+01 3.31678e-02 | 1.25333e-02 1.07868e-01 1.39115e-01 |
    595 | 1.97361e+01 3.31675e-02 | 1.25333e-02 1.07868e-01 1.39115e-01 |
    596 | 1.97693e+01 3.31671e-02 | 1.25333e-02 1.07868e-01 1.39115e-01 |
    597 | 1.98025e+01 3.31668e-02 | 1.25333e-02 1.07868e-01 1.39115e-01 |
    598 | 1.98356e+01 3.31665e-02 | 1.25333e-02 1.07868e-01 1.39115e-01 |
    599 | 1.98688e+01 3.31662e-02 | 1.25333e-02 1.07868e-01 1.39115e-01 |
    600 | 1.99020e+01 3.31659e-02 | 1.25333e-02 1.07868e-01 1.39115e-01 |
    601 | 1.99351e+01 3.31657e-02 | 1.25333e-02 1.07868e-01 1.39115e-01 |
    602 | 1.99683e+01 3.31655e-02 | 1.25333e-02 1.07868e-01 1.39115e-01 |
    603 | 2.00015e+01 3.31653e-02 | 1.25333e-02 1.07868e-01 1.39115e-01 |
    604 | 2.00346e+01 3.31652e-02 | 1.25333e-02 1.07868e-01 1.39115e-01 |
    605 | 2.00678e+01 3.31651e-02 | 1.25333e-02 1.07868e-01 1.39115e-01 |
    606 | 2.01010e+01 3.31650e-02 | 1.25333e-02 1.07868e-01 1.39115e-01 |
    607 | 2.01341e+01 3.31650e-02 | 1.25333e-02 1.07868e-01 1.39115e-01 |
    608 | 2.01673e+01 3.31649e-02 | 1.25333e-02 1.07868e-01 1.39115e-01 |
    609 | 2.02005e+01 3.31649e-02 | 1.25333e-02 1.07868e-01 1.39115e-01 |
    610 | 2.02336e+01 3.31650e-02 | 1.25333e-02 1.07868e-01 1.39115e-01 |
    611 | 2.02668e+01 3.31650e-02 | 1.25333e-02 1.07868e-01 1.39115e-01 |
    612 | 2.03000e+01 3.31651e-02 | 1.25333e-02 1.07868e-01 1.39115e-01 |
    613 | 2.03331e+01 3.31652e-02 | 1.25333e-02 1.07868e-01 1.39115e-01 |
    614 | 2.03663e+01 3.31654e-02 | 1.25333e-02 1.07868e-01 1.39115e-01 |
    615 | 2.03995e+01 3.31655e-02 | 1.25333e-02 1.07868e-01 1.39115e-01 |
    616 | 2.04326e+01 3.31657e-02 | 1.25333e-02 1.07868e-01 1.39115e-01 |
    617 | 2.04658e+01 3.31660e-02 | 1.25333e-02 1.07868e-01 1.39115e-01 |
    618 | 2.04989e+01 3.31662e-02 | 1.25333e-02 1.07868e-01 1.39115e-01 |
    619 | 2.05321e+01 3.31665e-02 | 1.25333e-02 1.07868e-01 1.39115e-01 |
    620 | 2.05653e+01 3.31668e-02 | 1.25333e-02 1.07868e-01 1.39115e-01 |
    621 | 2.05985e+01 3.31672e-02 | 1.25333e-02 1.07868e-01 1.39115e-01 |
    622 | 2.06316e+01 3.31675e-02 | 1.25333e-02 1.07868e-01 1.39115e-01 |
    623 | 2.06648e+01 3.31679e-02 | 1.25333e-02 1.07868e-01 1.39115e-01 |
    624 | 2.06980e+01 3.31683e-02 | 1.25333e-02 1.07868e-01 1.39115e-01 |
    625 | 2.07311e+01 3.31688e-02 | 1.25333e-02 1.07868e-01 1.39115e-01 |
    626 | 2.07643e+01 3.31693e-02 | 1.25333e-02 1.07868e-01 1.39115e-01 |
    627 | 2.07975e+01 3.31698e-02 | 1.25333e-02 1.07868e-01 1.39115e-01 |
    628 | 2.08306e+01 3.31703e-02 | 1.25333e-02 1.07868e-01 1.39115e-01 |
    629 | 2.08638e+01 3.31709e-02 | 1.25333e-02 1.07868e-01 1.39115e-01 |
    630 | 2.08970e+01 3.31715e-02 | 1.25333e-02 1.07868e-01 1.39115e-01 |
    631 | 2.09301e+01 3.31721e-02 | 1.25333e-02 1.07868e-01 1.39115e-01 |
    632 | 2.09633e+01 3.31727e-02 | 1.25333e-02 1.07868e-01 1.39115e-01 |
    633 | 2.09965e+01 3.31734e-02 | 1.25333e-02 1.07868e-01 1.39115e-01 |
    634 | 2.10297e+01 3.31741e-02 | 1.25333e-02 1.07868e-01 1.39115e-01 |
    635 | 2.10628e+01 3.31748e-02 | 1.25333e-02 1.07868e-01 1.39115e-01 |
    636 | 2.10960e+01 3.31743e-02 | 1.25333e-02 1.07868e-01 1.39115e-01 |
    637 | 2.11292e+01 3.31736e-02 | 1.25333e-02 1.07868e-01 1.39115e-01 |
    638 | 2.11624e+01 3.31730e-02 | 1.25333e-02 1.07868e-01 1.39115e-01 |
    639 | 2.11955e+01 3.31723e-02 | 1.25333e-02 1.07868e-01 1.39115e-01 |
    640 | 2.12287e+01 3.31717e-02 | 1.25333e-02 1.07868e-01 1.39115e-01 |
    641 | 2.12619e+01 3.31711e-02 | 1.25333e-02 1.07868e-01 1.39115e-01 |
    642 | 2.12950e+01 3.31705e-02 | 1.25333e-02 1.07868e-01 1.39115e-01 |
    643 | 2.13282e+01 3.31700e-02 | 1.25333e-02 1.07868e-01 1.39115e-01 |
    644 | 2.13614e+01 3.31695e-02 | 1.25333e-02 1.07868e-01 1.39115e-01 |
    645 | 2.13946e+01 3.31690e-02 | 1.25333e-02 1.07868e-01 1.39115e-01 |
    646 | 2.14277e+01 3.31685e-02 | 1.25333e-02 1.07868e-01 1.39115e-01 |
    647 | 2.14609e+01 3.31681e-02 | 1.25333e-02 1.07868e-01 1.39115e-01 |
    648 | 2.14941e+01 3.31677e-02 | 1.25333e-02 1.07868e-01 1.39115e-01 |
    649 | 2.15272e+01 3.31673e-02 | 1.25333e-02 1.07868e-01 1.39115e-01 |
    650 | 2.15604e+01 3.31670e-02 | 1.25333e-02 1.07868e-01 1.39115e-01 |
    651 | 2.15936e+01 3.31667e-02 | 1.25333e-02 1.07868e-01 1.39115e-01 |
    652 | 2.16267e+01 3.31664e-02 | 1.25333e-02 1.07868e-01 1.39115e-01 |
    653 | 2.16599e+01 3.31661e-02 | 1.25333e-02 1.07868e-01 1.39115e-01 |
    654 | 2.16931e+01 3.31659e-02 | 1.25333e-02 1.07868e-01 1.39115e-01 |
    655 | 2.17262e+01 3.31657e-02 | 1.25333e-02 1.07868e-01 1.39115e-01 |
    656 | 2.17594e+01 3.31655e-02 | 1.25333e-02 1.07868e-01 1.39115e-01 |
    657 | 2.17926e+01 3.31654e-02 | 1.25333e-02 1.07868e-01 1.39115e-01 |
    658 | 2.18257e+01 3.31653e-02 | 1.25333e-02 1.07868e-01 1.39115e-01 |
    659 | 2.18589e+01 3.31652e-02 | 1.25333e-02 1.07868e-01 1.39115e-01 |
    660 | 2.18921e+01 3.31651e-02 | 1.25333e-02 1.07868e-01 1.39115e-01 |
    661 | 2.19252e+01 3.31651e-02 | 1.25333e-02 1.07868e-01 1.39115e-01 |
    662 | 2.19584e+01 3.31651e-02 | 1.25333e-02 1.07868e-01 1.39115e-01 |
    663 | 2.19915e+01 3.31651e-02 | 1.25333e-02 1.07868e-01 1.39115e-01 |
    664 | 2.20247e+01 3.31651e-02 | 1.25333e-02 1.07868e-01 1.39115e-01 |
    665 | 2.20579e+01 3.31652e-02 | 1.25333e-02 1.07868e-01 1.39115e-01 |
    666 | 2.20910e+01 3.31653e-02 | 1.25333e-02 1.07868e-01 1.39115e-01 |
    667 | 2.21242e+01 3.31654e-02 | 1.25333e-02 1.07868e-01 1.39115e-01 |
    668 | 2.21574e+01 3.31656e-02 | 1.25333e-02 1.07868e-01 1.39115e-01 |
    669 | 2.21905e+01 3.31658e-02 | 1.25333e-02 1.07868e-01 1.39115e-01 |
    670 | 2.22237e+01 3.31660e-02 | 1.25333e-02 1.07868e-01 1.39115e-01 |
    671 | 2.22569e+01 3.31663e-02 | 1.25333e-02 1.07868e-01 1.39115e-01 |
    672 | 2.22900e+01 3.31665e-02 | 1.25333e-02 1.07868e-01 1.39115e-01 |
    673 | 2.23232e+01 3.31668e-02 | 1.25333e-02 1.07868e-01 1.39115e-01 |
    674 | 2.23564e+01 3.31672e-02 | 1.25333e-02 1.07868e-01 1.39115e-01 |
    675 | 2.23895e+01 3.31675e-02 | 1.25333e-02 1.07868e-01 1.39115e-01 |
    676 | 2.24227e+01 3.31679e-02 | 1.25333e-02 1.07868e-01 1.39115e-01 |
    677 | 2.24559e+01 3.31683e-02 | 1.25333e-02 1.07868e-01 1.39115e-01 |
    678 | 2.24890e+01 3.31687e-02 | 1.25333e-02 1.07868e-01 1.39115e-01 |
    679 | 2.25222e+01 3.31692e-02 | 1.25333e-02 1.07868e-01 1.39115e-01 |
    680 | 2.25554e+01 3.31697e-02 | 1.25333e-02 1.07868e-01 1.39115e-01 |
    681 | 2.25886e+01 3.31702e-02 | 1.25333e-02 1.07868e-01 1.39115e-01 |
    682 | 2.26217e+01 3.31708e-02 | 1.25333e-02 1.07868e-01 1.39115e-01 |
    683 | 2.26549e+01 3.31714e-02 | 1.25333e-02 1.07868e-01 1.39115e-01 |
    684 | 2.26881e+01 3.31720e-02 | 1.25333e-02 1.07868e-01 1.39115e-01 |
    685 | 2.27212e+01 3.31726e-02 | 1.25333e-02 1.07868e-01 1.39115e-01 |
    686 | 2.27544e+01 3.31733e-02 | 1.25333e-02 1.07868e-01 1.39115e-01 |
    687 | 2.27876e+01 3.31740e-02 | 1.25333e-02 1.07868e-01 1.39115e-01 |
    688 | 2.28208e+01 3.31747e-02 | 1.25333e-02 1.07868e-01 1.39115e-01 |
    689 | 2.28539e+01 3.31754e-02 | 1.25333e-02 1.07868e-01 1.39115e-01 |
    690 | 2.28871e+01 3.31761e-02 | 1.25333e-02 1.07868e-01 1.39115e-01 |
    691 | 2.29203e+01 3.31753e-02 | 1.25333e-02 1.07868e-01 1.39115e-01 |
    692 | 2.29535e+01 3.31746e-02 | 1.25333e-02 1.07868e-01 1.39115e-01 |
    693 | 2.29866e+01 3.31739e-02 | 1.25333e-02 1.07868e-01 1.39115e-01 |
    694 | 2.30198e+01 3.31732e-02 | 1.25333e-02 1.07868e-01 1.39115e-01 |
    695 | 2.30530e+01 3.31725e-02 | 1.25333e-02 1.07868e-01 1.39115e-01 |
    696 | 2.30862e+01 3.31719e-02 | 1.25333e-02 1.07868e-01 1.39115e-01 |
    697 | 2.31193e+01 3.31713e-02 | 1.25333e-02 1.07868e-01 1.39115e-01 |
    698 | 2.31525e+01 3.31707e-02 | 1.25333e-02 1.07868e-01 1.39115e-01 |
    699 | 2.31857e+01 3.31701e-02 | 1.25333e-02 1.07868e-01 1.39115e-01 |
    700 | 2.32188e+01 3.31696e-02 | 1.25333e-02 1.07868e-01 1.39115e-01 |
    701 | 2.32520e+01 3.31691e-02 | 1.25333e-02 1.07868e-01 1.39115e-01 |
    702 | 2.32852e+01 3.31686e-02 | 1.25333e-02 1.07868e-01 1.39115e-01 |
    703 | 2.33183e+01 3.31682e-02 | 1.25333e-02 1.07868e-01 1.39115e-01 |
    704 | 2.33515e+01 3.31678e-02 | 1.25333e-02 1.07868e-01 1.39115e-01 |
    705 | 2.33847e+01 3.31674e-02 | 1.25333e-02 1.07868e-01 1.39115e-01 |
    706 | 2.34178e+01 3.31670e-02 | 1.25333e-02 1.07868e-01 1.39115e-01 |
    707 | 2.34510e+01 3.31667e-02 | 1.25333e-02 1.07868e-01 1.39115e-01 |
    708 | 2.34842e+01 3.31664e-02 | 1.25333e-02 1.07868e-01 1.39115e-01 |
    709 | 2.35173e+01 3.31661e-02 | 1.25333e-02 1.07868e-01 1.39115e-01 |
    710 | 2.35505e+01 3.31659e-02 | 1.25333e-02 1.07868e-01 1.39115e-01 |
    711 | 2.35837e+01 3.31657e-02 | 1.25333e-02 1.07868e-01 1.39115e-01 |
    712 | 2.36168e+01 3.31655e-02 | 1.25333e-02 1.07868e-01 1.39115e-01 |
    713 | 2.36500e+01 3.31653e-02 | 1.25333e-02 1.07868e-01 1.39115e-01 |
    714 | 2.36832e+01 3.31652e-02 | 1.25333e-02 1.07868e-01 1.39115e-01 |
    715 | 2.37163e+01 3.31651e-02 | 1.25333e-02 1.07868e-01 1.39115e-01 |
    716 | 2.37495e+01 3.31650e-02 | 1.25333e-02 1.07868e-01 1.39115e-01 |
    717 | 2.37827e+01 3.31649e-02 | 1.25333e-02 1.07868e-01 1.39115e-01 |
    718 | 2.38158e+01 3.31649e-02 | 1.25333e-02 1.07868e-01 1.39115e-01 |
    719 | 2.38490e+01 3.31649e-02 | 1.25333e-02 1.07868e-01 1.39115e-01 |
    720 | 2.38822e+01 3.31649e-02 | 1.25333e-02 1.07868e-01 1.39115e-01 |
    721 | 2.39153e+01 3.31650e-02 | 1.25333e-02 1.07868e-01 1.39115e-01 |
    722 | 2.39485e+01 3.31651e-02 | 1.25333e-02 1.07868e-01 1.39115e-01 |
    723 | 2.39817e+01 3.31652e-02 | 1.25333e-02 1.07868e-01 1.39115e-01 |
    724 | 2.40148e+01 3.31653e-02 | 1.25333e-02 1.07868e-01 1.39115e-01 |
    725 | 2.40480e+01 3.31655e-02 | 1.25333e-02 1.07868e-01 1.39115e-01 |
    726 | 2.40812e+01 3.31657e-02 | 1.25333e-02 1.07868e-01 1.39115e-01 |
    727 | 2.41143e+01 3.31659e-02 | 1.25333e-02 1.07868e-01 1.39115e-01 |
    728 | 2.41475e+01 3.31662e-02 | 1.25333e-02 1.07868e-01 1.39115e-01 |
    729 | 2.41807e+01 3.31665e-02 | 1.25333e-02 1.07868e-01 1.39115e-01 |
    730 | 2.42138e+01 3.31668e-02 | 1.25333e-02 1.07868e-01 1.39115e-01 |
    731 | 2.42470e+01 3.31671e-02 | 1.25333e-02 1.07868e-01 1.39115e-01 |
    732 | 2.42802e+01 3.31675e-02 | 1.25333e-02 1.07868e-01 1.39115e-01 |
    733 | 2.43133e+01 3.31679e-02 | 1.25333e-02 1.07868e-01 1.39115e-01 |
    734 | 2.43465e+01 3.31683e-02 | 1.25333e-02 1.07868e-01 1.39115e-01 |
    735 | 2.43797e+01 3.31688e-02 | 1.25333e-02 1.07868e-01 1.39115e-01 |
    736 | 2.44128e+01 3.31693e-02 | 1.25333e-02 1.07868e-01 1.39115e-01 |
    737 | 2.44460e+01 3.31698e-02 | 1.25333e-02 1.07868e-01 1.39115e-01 |
    738 | 2.44792e+01 3.31703e-02 | 1.25333e-02 1.07868e-01 1.39115e-01 |
    739 | 2.45123e+01 3.31709e-02 | 1.25333e-02 1.07868e-01 1.39115e-01 |
    740 | 2.45455e+01 3.31715e-02 | 1.25333e-02 1.07868e-01 1.39115e-01 |
    741 | 2.45787e+01 3.31721e-02 | 1.25333e-02 1.07868e-01 1.39115e-01 |
    742 | 2.46119e+01 3.31727e-02 | 1.25333e-02 1.07868e-01 1.39115e-01 |
    743 | 2.46450e+01 3.31734e-02 | 1.25333e-02 1.07868e-01 1.39115e-01 |
    744 | 2.46782e+01 3.31741e-02 | 1.25333e-02 1.07868e-01 1.39115e-01 |
    745 | 2.47114e+01 3.31748e-02 | 1.25333e-02 1.07868e-01 1.39115e-01 |
    746 | 2.47446e+01 3.31744e-02 | 1.25333e-02 1.07868e-01 1.39115e-01 |
    747 | 2.47777e+01 3.31737e-02 | 1.25333e-02 1.07868e-01 1.39115e-01 |
    748 | 2.48109e+01 3.31731e-02 | 1.25333e-02 1.07868e-01 1.39115e-01 |
    749 | 2.48441e+01 3.31724e-02 | 1.25333e-02 1.07868e-01 1.39115e-01 |
    750 | 2.48772e+01 3.31718e-02 | 1.25333e-02 1.07868e-01 1.39115e-01 |
    751 | 2.49104e+01 3.31712e-02 | 1.25333e-02 1.07868e-01 1.39115e-01 |
    752 | 2.49436e+01 3.31706e-02 | 1.25333e-02 1.07868e-01 1.39115e-01 |
    753 | 2.49768e+01 3.31701e-02 | 1.25333e-02 1.07868e-01 1.39115e-01 |
    754 | 2.50099e+01 3.31696e-02 | 1.25333e-02 1.07868e-01 1.39115e-01 |
    755 | 2.50431e+01 3.31691e-02 | 1.25333e-02 1.07868e-01 1.39115e-01 |
    756 | 2.50763e+01 3.31686e-02 | 1.25333e-02 1.07868e-01 1.39115e-01 |
    757 | 2.51094e+01 3.31682e-02 | 1.25333e-02 1.07868e-01 1.39115e-01 |
    758 | 2.51426e+01 3.31678e-02 | 1.25333e-02 1.07868e-01 1.39115e-01 |
    759 | 2.51758e+01 3.31675e-02 | 1.25333e-02 1.07868e-01 1.39115e-01 |
    760 | 2.52089e+01 3.31671e-02 | 1.25333e-02 1.07868e-01 1.39115e-01 |
    761 | 2.52421e+01 3.31668e-02 | 1.25333e-02 1.07868e-01 1.39115e-01 |
    762 | 2.52753e+01 3.31665e-02 | 1.25333e-02 1.07868e-01 1.39115e-01 |
    763 | 2.53084e+01 3.31663e-02 | 1.25333e-02 1.07868e-01 1.39115e-01 |
    764 | 2.53416e+01 3.31660e-02 | 1.25333e-02 1.07868e-01 1.39115e-01 |
    765 | 2.53748e+01 3.31658e-02 | 1.25333e-02 1.07868e-01 1.39115e-01 |
    766 | 2.54079e+01 3.31657e-02 | 1.25333e-02 1.07868e-01 1.39115e-01 |
    767 | 2.54411e+01 3.31655e-02 | 1.25333e-02 1.07868e-01 1.39115e-01 |
    768 | 2.54743e+01 3.31654e-02 | 1.25333e-02 1.07868e-01 1.39115e-01 |
    769 | 2.55074e+01 3.31653e-02 | 1.25333e-02 1.07868e-01 1.39115e-01 |
    770 | 2.55406e+01 3.31652e-02 | 1.25333e-02 1.07868e-01 1.39115e-01 |
    771 | 2.55738e+01 3.31652e-02 | 1.25333e-02 1.07868e-01 1.39115e-01 |
    772 | 2.56069e+01 3.31652e-02 | 1.25333e-02 1.07868e-01 1.39115e-01 |
    773 | 2.56401e+01 3.31652e-02 | 1.25333e-02 1.07868e-01 1.39115e-01 |
    774 | 2.56733e+01 3.31653e-02 | 1.25333e-02 1.07868e-01 1.39115e-01 |
    775 | 2.57064e+01 3.31653e-02 | 1.25333e-02 1.07868e-01 1.39115e-01 |
    776 | 2.57396e+01 3.31655e-02 | 1.25333e-02 1.07868e-01 1.39115e-01 |
    777 | 2.57727e+01 3.31656e-02 | 1.25333e-02 1.07868e-01 1.39115e-01 |
    778 | 2.58059e+01 3.31658e-02 | 1.25333e-02 1.07868e-01 1.39115e-01 |
    779 | 2.58391e+01 3.31659e-02 | 1.25333e-02 1.07868e-01 1.39115e-01 |
    780 | 2.58722e+01 3.31662e-02 | 1.25333e-02 1.07868e-01 1.39115e-01 |
    781 | 2.59054e+01 3.31664e-02 | 1.25333e-02 1.07868e-01 1.39115e-01 |
    782 | 2.59386e+01 3.31667e-02 | 1.25333e-02 1.07868e-01 1.39115e-01 |
    783 | 2.59717e+01 3.31670e-02 | 1.25333e-02 1.07868e-01 1.39115e-01 |
    784 | 2.60049e+01 3.31673e-02 | 1.25333e-02 1.07868e-01 1.39115e-01 |
    785 | 2.60381e+01 3.31677e-02 | 1.25333e-02 1.07868e-01 1.39115e-01 |
    786 | 2.60712e+01 3.31681e-02 | 1.25333e-02 1.07868e-01 1.39115e-01 |
    787 | 2.61044e+01 3.31685e-02 | 1.25333e-02 1.07868e-01 1.39115e-01 |
    788 | 2.61376e+01 3.31689e-02 | 1.25333e-02 1.07868e-01 1.39115e-01 |
    789 | 2.61708e+01 3.31694e-02 | 1.25333e-02 1.07868e-01 1.39115e-01 |
    790 | 2.62039e+01 3.31696e-02 | 1.25333e-02 1.07868e-01 1.39115e-01 |
    791 | 2.62371e+01 3.31700e-02 | 1.25333e-02 1.07868e-01 1.39115e-01 |
    792 | 2.62703e+01 3.31703e-02 | 1.25333e-02 1.07868e-01 1.39115e-01 |
    793 | 2.63034e+01 3.31707e-02 | 1.25333e-02 1.07868e-01 1.39115e-01 |
    794 | 2.63366e+01 3.31711e-02 | 1.25333e-02 1.07868e-01 1.39115e-01 |
    795 | 2.63698e+01 3.31715e-02 | 1.25333e-02 1.07868e-01 1.39115e-01 |
    796 | 2.64030e+01 3.31719e-02 | 1.25333e-02 1.07868e-01 1.39115e-01 |
    797 | 2.64361e+01 3.31724e-02 | 1.25333e-02 1.07868e-01 1.39115e-01 |
    798 | 2.64693e+01 3.31729e-02 | 1.25333e-02 1.07868e-01 1.39115e-01 |
    799 | 2.65025e+01 3.31735e-02 | 1.25333e-02 1.07868e-01 1.39115e-01 |
    800 | 2.65356e+01 3.31740e-02 | 1.25333e-02 1.07868e-01 1.39115e-01 |
    801 | 2.65688e+01 3.31746e-02 | 1.25333e-02 1.07868e-01 1.39115e-01 |
    802 | 2.66020e+01 3.31752e-02 | 1.25333e-02 1.07868e-01 1.39115e-01 |
    803 | 2.66352e+01 3.31759e-02 | 1.25333e-02 1.07868e-01 1.39115e-01 |
    804 | 2.66683e+01 3.31766e-02 | 1.25333e-02 1.07868e-01 1.39115e-01 |
    805 | 2.67015e+01 3.31771e-02 | 1.25333e-02 1.07868e-01 1.39115e-01 |
    806 | 2.67347e+01 3.31763e-02 | 1.25333e-02 1.07868e-01 1.39115e-01 |
    807 | 2.67679e+01 3.31756e-02 | 1.25333e-02 1.07868e-01 1.39115e-01 |
    808 | 2.68011e+01 3.31749e-02 | 1.25333e-02 1.07868e-01 1.39115e-01 |
    809 | 2.68342e+01 3.31742e-02 | 1.25333e-02 1.07868e-01 1.39115e-01 |
    810 | 2.68674e+01 3.31736e-02 | 1.25333e-02 1.07868e-01 1.39115e-01 |
    811 | 2.69006e+01 3.31730e-02 | 1.25333e-02 1.07868e-01 1.39115e-01 |
    812 | 2.69337e+01 3.31724e-02 | 1.25333e-02 1.07868e-01 1.39115e-01 |
    813 | 2.69669e+01 3.31718e-02 | 1.25333e-02 1.07868e-01 1.39115e-01 |
    814 | 2.70001e+01 3.31713e-02 | 1.25333e-02 1.07868e-01 1.39115e-01 |
    815 | 2.70333e+01 3.31708e-02 | 1.25333e-02 1.07868e-01 1.39115e-01 |
    816 | 2.70664e+01 3.31703e-02 | 1.25333e-02 1.07868e-01 1.39115e-01 |
    817 | 2.70996e+01 3.31698e-02 | 1.25333e-02 1.07868e-01 1.39115e-01 |
    818 | 2.71328e+01 3.31694e-02 | 1.25333e-02 1.07868e-01 1.39115e-01 |
    819 | 2.71659e+01 3.31690e-02 | 1.25333e-02 1.07868e-01 1.39115e-01 |
    820 | 2.71991e+01 3.31686e-02 | 1.25333e-02 1.07868e-01 1.39115e-01 |
    821 | 2.72323e+01 3.31683e-02 | 1.25333e-02 1.07868e-01 1.39115e-01 |
    822 | 2.72654e+01 3.31680e-02 | 1.25333e-02 1.07868e-01 1.39115e-01 |
    823 | 2.72986e+01 3.31677e-02 | 1.25333e-02 1.07868e-01 1.39115e-01 |
    824 | 2.73318e+01 3.31674e-02 | 1.25333e-02 1.07868e-01 1.39115e-01 |
    825 | 2.73649e+01 3.31672e-02 | 1.25333e-02 1.07868e-01 1.39115e-01 |
    826 | 2.73981e+01 3.31670e-02 | 1.25333e-02 1.07868e-01 1.39115e-01 |
    827 | 2.74313e+01 3.31668e-02 | 1.25333e-02 1.07868e-01 1.39115e-01 |
    828 | 2.74644e+01 3.31667e-02 | 1.25333e-02 1.07868e-01 1.39115e-01 |
    829 | 2.74976e+01 3.31666e-02 | 1.25333e-02 1.07868e-01 1.39115e-01 |
    830 | 2.75308e+01 3.31665e-02 | 1.25333e-02 1.07868e-01 1.39115e-01 |
    831 | 2.75639e+01 3.31664e-02 | 1.25333e-02 1.07868e-01 1.39115e-01 |
    832 | 2.75971e+01 3.31664e-02 | 1.25333e-02 1.07868e-01 1.39115e-01 |
    833 | 2.76303e+01 3.31664e-02 | 1.25333e-02 1.07868e-01 1.39115e-01 |
    834 | 2.76634e+01 3.31664e-02 | 1.25333e-02 1.07868e-01 1.39115e-01 |
    835 | 2.76966e+01 3.31665e-02 | 1.25333e-02 1.07868e-01 1.39115e-01 |
    836 | 2.77298e+01 3.31665e-02 | 1.25333e-02 1.07868e-01 1.39115e-01 |
    837 | 2.77629e+01 3.31666e-02 | 1.25333e-02 1.07868e-01 1.39115e-01 |
    838 | 2.77961e+01 3.31668e-02 | 1.25333e-02 1.07868e-01 1.39115e-01 |
    839 | 2.78293e+01 3.31669e-02 | 1.25333e-02 1.07868e-01 1.39115e-01 |
    840 | 2.78624e+01 3.31671e-02 | 1.25333e-02 1.07868e-01 1.39115e-01 |
    841 | 2.78956e+01 3.31674e-02 | 1.25333e-02 1.07868e-01 1.39115e-01 |
    842 | 2.79288e+01 3.31676e-02 | 1.25333e-02 1.07868e-01 1.39115e-01 |
    843 | 2.79619e+01 3.31679e-02 | 1.25333e-02 1.07868e-01 1.39115e-01 |
    844 | 2.79951e+01 3.31682e-02 | 1.25333e-02 1.07868e-01 1.39115e-01 |
    845 | 2.80283e+01 3.31685e-02 | 1.25333e-02 1.07868e-01 1.39115e-01 |
    846 | 2.80615e+01 3.31689e-02 | 1.25333e-02 1.07868e-01 1.39115e-01 |
    847 | 2.80946e+01 3.31693e-02 | 1.25333e-02 1.07868e-01 1.39115e-01 |
    848 | 2.81278e+01 3.31697e-02 | 1.25333e-02 1.07868e-01 1.39115e-01 |
    849 | 2.81610e+01 3.31701e-02 | 1.25333e-02 1.07868e-01 1.39115e-01 |
    850 | 2.81941e+01 3.31706e-02 | 1.25333e-02 1.07868e-01 1.39115e-01 |
    851 | 2.82273e+01 3.31711e-02 | 1.25333e-02 1.07868e-01 1.39115e-01 |
    852 | 2.82605e+01 3.31716e-02 | 1.25333e-02 1.07868e-01 1.39115e-01 |
    853 | 2.82936e+01 3.31722e-02 | 1.25333e-02 1.07868e-01 1.39115e-01 |
    854 | 2.83268e+01 3.31728e-02 | 1.25333e-02 1.07868e-01 1.39115e-01 |
    855 | 2.83600e+01 3.31734e-02 | 1.25333e-02 1.07868e-01 1.39115e-01 |
    856 | 2.83932e+01 3.31740e-02 | 1.25333e-02 1.07868e-01 1.39115e-01 |
    857 | 2.84263e+01 3.31747e-02 | 1.25333e-02 1.07868e-01 1.39115e-01 |
    858 | 2.84595e+01 3.31754e-02 | 1.25333e-02 1.07868e-01 1.39115e-01 |
    859 | 2.84927e+01 3.31755e-02 | 1.25333e-02 1.07868e-01 1.39115e-01 |
    860 | 2.85259e+01 3.31751e-02 | 1.25333e-02 1.07868e-01 1.39115e-01 |
    861 | 2.85590e+01 3.31747e-02 | 1.25333e-02 1.07868e-01 1.39115e-01 |
    862 | 2.85922e+01 3.31743e-02 | 1.25333e-02 1.07868e-01 1.39115e-01 |
    863 | 2.86254e+01 3.31740e-02 | 1.25333e-02 1.07868e-01 1.39115e-01 |
    864 | 2.86586e+01 3.31736e-02 | 1.25333e-02 1.07868e-01 1.39115e-01 |
    865 | 2.86917e+01 3.31733e-02 | 1.25333e-02 1.07868e-01 1.39115e-01 |
    866 | 2.87249e+01 3.31731e-02 | 1.25333e-02 1.07868e-01 1.39115e-01 |
    867 | 2.87581e+01 3.31728e-02 | 1.25333e-02 1.07868e-01 1.39115e-01 |
    868 | 2.87913e+01 3.31726e-02 | 1.25333e-02 1.07868e-01 1.39115e-01 |
    869 | 2.88244e+01 3.31724e-02 | 1.25333e-02 1.07868e-01 1.39115e-01 |
    870 | 2.88576e+01 3.31723e-02 | 1.25333e-02 1.07868e-01 1.39115e-01 |
    871 | 2.88908e+01 3.31721e-02 | 1.25333e-02 1.07868e-01 1.39115e-01 |
    872 | 2.89239e+01 3.31718e-02 | 1.25333e-02 1.07868e-01 1.39115e-01 |
    873 | 2.89571e+01 3.31714e-02 | 1.25333e-02 1.07868e-01 1.39115e-01 |
    874 | 2.89903e+01 3.31709e-02 | 1.25333e-02 1.07868e-01 1.39115e-01 |
    875 | 2.90235e+01 3.31705e-02 | 1.25333e-02 1.07868e-01 1.39115e-01 |
    876 | 2.90566e+01 3.31701e-02 | 1.25333e-02 1.07868e-01 1.39115e-01 |
    877 | 2.90898e+01 3.31697e-02 | 1.25333e-02 1.07868e-01 1.39115e-01 |
    878 | 2.91230e+01 3.31694e-02 | 1.25333e-02 1.07868e-01 1.39115e-01 |
    879 | 2.91561e+01 3.31691e-02 | 1.25333e-02 1.07868e-01 1.39115e-01 |
    880 | 2.91893e+01 3.31688e-02 | 1.25333e-02 1.07868e-01 1.39115e-01 |
    881 | 2.92225e+01 3.31686e-02 | 1.25333e-02 1.07868e-01 1.39115e-01 |
    882 | 2.92556e+01 3.31684e-02 | 1.25333e-02 1.07868e-01 1.39115e-01 |
    883 | 2.92888e+01 3.31682e-02 | 1.25333e-02 1.07868e-01 1.39115e-01 |
    884 | 2.93220e+01 3.31680e-02 | 1.25333e-02 1.07868e-01 1.39115e-01 |
    885 | 2.93551e+01 3.31679e-02 | 1.25333e-02 1.07868e-01 1.39115e-01 |
    886 | 2.93883e+01 3.31678e-02 | 1.25333e-02 1.07868e-01 1.39115e-01 |
    887 | 2.94215e+01 3.31677e-02 | 1.25333e-02 1.07868e-01 1.39115e-01 |
    888 | 2.94546e+01 3.31676e-02 | 1.25333e-02 1.07868e-01 1.39115e-01 |
    889 | 2.94878e+01 3.31676e-02 | 1.25333e-02 1.07868e-01 1.39115e-01 |
    890 | 2.95210e+01 3.31676e-02 | 1.25333e-02 1.07868e-01 1.39115e-01 |
    891 | 2.95542e+01 3.31677e-02 | 1.25333e-02 1.07868e-01 1.39115e-01 |
    892 | 2.95873e+01 3.31677e-02 | 1.25333e-02 1.07868e-01 1.39115e-01 |
    893 | 2.96205e+01 3.31678e-02 | 1.25333e-02 1.07868e-01 1.39115e-01 |
    894 | 2.96537e+01 3.31679e-02 | 1.25333e-02 1.07868e-01 1.39115e-01 |
    895 | 2.96868e+01 3.31681e-02 | 1.25333e-02 1.07868e-01 1.39115e-01 |
    896 | 2.97200e+01 3.31683e-02 | 1.25333e-02 1.07868e-01 1.39115e-01 |
    897 | 2.97532e+01 3.31685e-02 | 1.25333e-02 1.07868e-01 1.39115e-01 |
    898 | 2.97863e+01 3.31687e-02 | 1.25333e-02 1.07868e-01 1.39115e-01 |
    899 | 2.98195e+01 3.31689e-02 | 1.25333e-02 1.07868e-01 1.39115e-01 |
    900 | 2.98527e+01 3.31692e-02 | 1.25333e-02 1.07868e-01 1.39115e-01 |
    901 | 2.98858e+01 3.31695e-02 | 1.25333e-02 1.07868e-01 1.39115e-01 |
    902 | 2.99190e+01 3.31699e-02 | 1.25333e-02 1.07868e-01 1.39115e-01 |
    903 | 2.99522e+01 3.31703e-02 | 1.25333e-02 1.07868e-01 1.39115e-01 |
    904 | 2.99853e+01 3.31707e-02 | 1.25333e-02 1.07868e-01 1.39115e-01 |
    905 | 3.00185e+01 3.31711e-02 | 1.25333e-02 1.07868e-01 1.39115e-01 |
    906 | 3.00517e+01 3.31715e-02 | 1.25333e-02 1.07868e-01 1.39115e-01 |
    907 | 3.00849e+01 3.31720e-02 | 1.25333e-02 1.07868e-01 1.39115e-01 |
    908 | 3.01180e+01 3.31725e-02 | 1.25333e-02 1.07868e-01 1.39115e-01 |
    909 | 3.01512e+01 3.31731e-02 | 1.25333e-02 1.07868e-01 1.39115e-01 |
    910 | 3.01844e+01 3.31736e-02 | 1.25333e-02 1.07868e-01 1.39115e-01 |
    911 | 3.02176e+01 3.31742e-02 | 1.25333e-02 1.07868e-01 1.39115e-01 |
    912 | 3.02507e+01 3.31748e-02 | 1.25333e-02 1.07868e-01 1.39115e-01 |
    913 | 3.02839e+01 3.31755e-02 | 1.25333e-02 1.07868e-01 1.39115e-01 |
    914 | 3.03171e+01 3.31762e-02 | 1.25333e-02 1.07868e-01 1.39115e-01 |
    915 | 3.03503e+01 3.31768e-02 | 1.25333e-02 1.07868e-01 1.39115e-01 |
    916 | 3.03834e+01 3.31760e-02 | 1.25333e-02 1.07868e-01 1.39115e-01 |
    917 | 3.04166e+01 3.31753e-02 | 1.25333e-02 1.07868e-01 1.39115e-01 |
    918 | 3.04498e+01 3.31746e-02 | 1.25333e-02 1.07868e-01 1.39115e-01 |
    919 | 3.04830e+01 3.31739e-02 | 1.25333e-02 1.07868e-01 1.39115e-01 |
    920 | 3.05161e+01 3.31733e-02 | 1.25333e-02 1.07868e-01 1.39115e-01 |
    921 | 3.05493e+01 3.31727e-02 | 1.25333e-02 1.07868e-01 1.39115e-01 |
    922 | 3.05825e+01 3.31721e-02 | 1.25333e-02 1.07868e-01 1.39115e-01 |
    923 | 3.06156e+01 3.31715e-02 | 1.25333e-02 1.07868e-01 1.39115e-01 |
    924 | 3.06488e+01 3.31710e-02 | 1.25333e-02 1.07868e-01 1.39115e-01 |
    925 | 3.06820e+01 3.31705e-02 | 1.25333e-02 1.07868e-01 1.39115e-01 |
    926 | 3.07152e+01 3.31700e-02 | 1.25333e-02 1.07868e-01 1.39115e-01 |
    927 | 3.07483e+01 3.31695e-02 | 1.25333e-02 1.07868e-01 1.39115e-01 |
    928 | 3.07815e+01 3.31691e-02 | 1.25333e-02 1.07868e-01 1.39115e-01 |
    929 | 3.08147e+01 3.31687e-02 | 1.25333e-02 1.07868e-01 1.39115e-01 |
    930 | 3.08478e+01 3.31684e-02 | 1.25333e-02 1.07868e-01 1.39115e-01 |
    931 | 3.08810e+01 3.31680e-02 | 1.25333e-02 1.07868e-01 1.39115e-01 |
    932 | 3.09142e+01 3.31677e-02 | 1.25333e-02 1.07868e-01 1.39115e-01 |
    933 | 3.09473e+01 3.31674e-02 | 1.25333e-02 1.07868e-01 1.39115e-01 |
    934 | 3.09805e+01 3.31672e-02 | 1.25333e-02 1.07868e-01 1.39115e-01 |
    935 | 3.10137e+01 3.31669e-02 | 1.25333e-02 1.07868e-01 1.39115e-01 |
    936 | 3.10468e+01 3.31667e-02 | 1.25333e-02 1.07868e-01 1.39115e-01 |
    937 | 3.10800e+01 3.31666e-02 | 1.25333e-02 1.07868e-01 1.39115e-01 |
    938 | 3.11132e+01 3.31664e-02 | 1.25333e-02 1.07868e-01 1.39115e-01 |
    939 | 3.11463e+01 3.31663e-02 | 1.25333e-02 1.07868e-01 1.39115e-01 |
    940 | 3.11795e+01 3.31662e-02 | 1.25333e-02 1.07868e-01 1.39115e-01 |
    941 | 3.12127e+01 3.31662e-02 | 1.25333e-02 1.07868e-01 1.39115e-01 |
    942 | 3.12458e+01 3.31661e-02 | 1.25333e-02 1.07868e-01 1.39115e-01 |
    943 | 3.12790e+01 3.31661e-02 | 1.25333e-02 1.07868e-01 1.39115e-01 |
    944 | 3.13122e+01 3.31661e-02 | 1.25333e-02 1.07868e-01 1.39115e-01 |
    945 | 3.13453e+01 3.31662e-02 | 1.25333e-02 1.07868e-01 1.39115e-01 |
    946 | 3.13785e+01 3.31663e-02 | 1.25333e-02 1.07868e-01 1.39115e-01 |
    947 | 3.14117e+01 3.31664e-02 | 1.25333e-02 1.07868e-01 1.39115e-01 |
    948 | 3.14448e+01 3.31665e-02 | 1.25333e-02 1.07868e-01 1.39115e-01 |
    949 | 3.14780e+01 3.31667e-02 | 1.25333e-02 1.07868e-01 1.39115e-01 |
    950 | 3.15112e+01 3.31669e-02 | 1.25333e-02 1.07868e-01 1.39115e-01 |
    951 | 3.15443e+01 3.31671e-02 | 1.25333e-02 1.07868e-01 1.39115e-01 |
    952 | 3.15775e+01 3.31674e-02 | 1.25333e-02 1.07868e-01 1.39115e-01 |
    953 | 3.16107e+01 3.31676e-02 | 1.25333e-02 1.07868e-01 1.39115e-01 |
    954 | 3.16438e+01 3.31679e-02 | 1.25333e-02 1.07868e-01 1.39115e-01 |
    955 | 3.16770e+01 3.31683e-02 | 1.25333e-02 1.07868e-01 1.39115e-01 |
    956 | 3.17102e+01 3.31686e-02 | 1.25333e-02 1.07868e-01 1.39115e-01 |
    957 | 3.17433e+01 3.31690e-02 | 1.25333e-02 1.07868e-01 1.39115e-01 |
    958 | 3.17765e+01 3.31694e-02 | 1.25333e-02 1.07868e-01 1.39115e-01 |
    959 | 3.18097e+01 3.31699e-02 | 1.25333e-02 1.07868e-01 1.39115e-01 |
    960 | 3.18429e+01 3.31704e-02 | 1.25333e-02 1.07868e-01 1.39115e-01 |
    961 | 3.18760e+01 3.31709e-02 | 1.25333e-02 1.07868e-01 1.39115e-01 |
    962 | 3.19092e+01 3.31714e-02 | 1.25333e-02 1.07868e-01 1.39115e-01 |
    963 | 3.19424e+01 3.31719e-02 | 1.25333e-02 1.07868e-01 1.39115e-01 |
    964 | 3.19755e+01 3.31725e-02 | 1.25333e-02 1.07868e-01 1.39115e-01 |
    965 | 3.20087e+01 3.31731e-02 | 1.25333e-02 1.07868e-01 1.39115e-01 |
    966 | 3.20419e+01 3.31738e-02 | 1.25333e-02 1.07868e-01 1.39115e-01 |
    967 | 3.20751e+01 3.31745e-02 | 1.25333e-02 1.07868e-01 1.39115e-01 |
    968 | 3.21082e+01 3.31751e-02 | 1.25333e-02 1.07868e-01 1.39115e-01 |
    969 | 3.21414e+01 3.31759e-02 | 1.25333e-02 1.07868e-01 1.39115e-01 |
    970 | 3.21746e+01 3.31757e-02 | 1.25333e-02 1.07868e-01 1.39115e-01 |
    971 | 3.22078e+01 3.31753e-02 | 1.25333e-02 1.07868e-01 1.39115e-01 |
    972 | 3.22409e+01 3.31749e-02 | 1.25333e-02 1.07868e-01 1.39115e-01 |
    973 | 3.22741e+01 3.31746e-02 | 1.25333e-02 1.07868e-01 1.39115e-01 |
    974 | 3.23073e+01 3.31743e-02 | 1.25333e-02 1.07868e-01 1.39115e-01 |
    975 | 3.23405e+01 3.31740e-02 | 1.25333e-02 1.07868e-01 1.39115e-01 |
    976 | 3.23736e+01 3.31737e-02 | 1.25333e-02 1.07868e-01 1.39115e-01 |
    977 | 3.24068e+01 3.31734e-02 | 1.25333e-02 1.07868e-01 1.39115e-01 |
    978 | 3.24400e+01 3.31732e-02 | 1.25333e-02 1.07868e-01 1.39115e-01 |
    979 | 3.24732e+01 3.31730e-02 | 1.25333e-02 1.07868e-01 1.39115e-01 |
    980 | 3.25063e+01 3.31729e-02 | 1.25333e-02 1.07868e-01 1.39115e-01 |
    981 | 3.25395e+01 3.31728e-02 | 1.25333e-02 1.07868e-01 1.39115e-01 |
    982 | 3.25727e+01 3.31727e-02 | 1.25333e-02 1.07868e-01 1.39115e-01 |
    983 | 3.26058e+01 3.31726e-02 | 1.25333e-02 1.07868e-01 1.39115e-01 |
    984 | 3.26390e+01 3.31725e-02 | 1.25333e-02 1.07868e-01 1.39115e-01 |
    985 | 3.26722e+01 3.31725e-02 | 1.25333e-02 1.07868e-01 1.39115e-01 |
    986 | 3.27054e+01 3.31725e-02 | 1.25333e-02 1.07868e-01 1.39115e-01 |
    987 | 3.27385e+01 3.31726e-02 | 1.25333e-02 1.07868e-01 1.39115e-01 |
    988 | 3.27717e+01 3.31726e-02 | 1.25333e-02 1.07868e-01 1.39115e-01 |
    989 | 3.28049e+01 3.31727e-02 | 1.25333e-02 1.07868e-01 1.39115e-01 |
    990 | 3.28381e+01 3.31728e-02 | 1.25333e-02 1.07868e-01 1.39115e-01 |
    991 | 3.28712e+01 3.31730e-02 | 1.25333e-02 1.07868e-01 1.39115e-01 |
    992 | 3.29044e+01 3.31732e-02 | 1.25333e-02 1.07868e-01 1.39115e-01 |
    993 | 3.29376e+01 3.31734e-02 | 1.25333e-02 1.07868e-01 1.39115e-01 |
    994 | 3.29707e+01 3.31736e-02 | 1.25333e-02 1.07868e-01 1.39115e-01 |
    995 | 3.30039e+01 3.31739e-02 | 1.25333e-02 1.07868e-01 1.39115e-01 |
    996 | 3.30371e+01 3.31739e-02 | 1.25333e-02 1.07868e-01 1.39115e-01 |
    997 | 3.30703e+01 3.31737e-02 | 1.25333e-02 1.07868e-01 1.39115e-01 |
    998 | 3.31034e+01 3.31735e-02 | 1.25333e-02 1.07868e-01 1.39115e-01 |
    999 | 3.31366e+01 3.31734e-02 | 1.25333e-02 1.07868e-01 1.39115e-01 |
   1000 | 3.31698e+01 3.31732e-02 | 1.25333e-02 1.07868e-01 1.39115e-01 |
   1001 | 3.32030e+01 3.31732e-02 | 1.25333e-02 1.07868e-01 1.39115e-01 |
   1002 | 3.32361e+01 3.31731e-02 | 1.25333e-02 1.07868e-01 1.39115e-01 |
   1003 | 3.32693e+01 3.31731e-02 | 1.25333e-02 1.07868e-01 1.39115e-01 |
   1004 | 3.33025e+01 3.31730e-02 | 1.25333e-02 1.07868e-01 1.39115e-01 |
   1005 | 3.33357e+01 3.31731e-02 | 1.25333e-02 1.07868e-01 1.39115e-01 |
   1006 | 3.33688e+01 3.31731e-02 | 1.25333e-02 1.07868e-01 1.39115e-01 |
   1007 | 3.34020e+01 3.31732e-02 | 1.25333e-02 1.07868e-01 1.39115e-01 |
   1008 | 3.34352e+01 3.31733e-02 | 1.25333e-02 1.07868e-01 1.39115e-01 |
   1009 | 3.34683e+01 3.31734e-02 | 1.25333e-02 1.07868e-01 1.39115e-01 |
   1010 | 3.35015e+01 3.31736e-02 | 1.25333e-02 1.07868e-01 1.39115e-01 |
   1011 | 3.35347e+01 3.31738e-02 | 1.25333e-02 1.07868e-01 1.39115e-01 |
   1012 | 3.35679e+01 3.31740e-02 | 1.25333e-02 1.07868e-01 1.39115e-01 |
   1013 | 3.36010e+01 3.31742e-02 | 1.25333e-02 1.07868e-01 1.39115e-01 |
   1014 | 3.36342e+01 3.31745e-02 | 1.25333e-02 1.07868e-01 1.39115e-01 |
   1015 | 3.36674e+01 3.31748e-02 | 1.25333e-02 1.07868e-01 1.39115e-01 |
   1016 | 3.37006e+01 3.31751e-02 | 1.25333e-02 1.07868e-01 1.39115e-01 |
   1017 | 3.37337e+01 3.31755e-02 | 1.25333e-02 1.07868e-01 1.39115e-01 |
   1018 | 3.37669e+01 3.31759e-02 | 1.25333e-02 1.07868e-01 1.39115e-01 |
   1019 | 3.38001e+01 3.31761e-02 | 1.25333e-02 1.07868e-01 1.39115e-01 |
   1020 | 3.38333e+01 3.31754e-02 | 1.25333e-02 1.07868e-01 1.39115e-01 |
   1021 | 3.38664e+01 3.31747e-02 | 1.25333e-02 1.07868e-01 1.39115e-01 |
   1022 | 3.38996e+01 3.31740e-02 | 1.25333e-02 1.07868e-01 1.39115e-01 |
   1023 | 3.39328e+01 3.31733e-02 | 1.25333e-02 1.07868e-01 1.39115e-01 |
   1024 | 3.39660e+01 3.31727e-02 | 1.25333e-02 1.07868e-01 1.39115e-01 |
   1025 | 3.39991e+01 3.31721e-02 | 1.25333e-02 1.07868e-01 1.39115e-01 |
   1026 | 3.40323e+01 3.31715e-02 | 1.25333e-02 1.07868e-01 1.39115e-01 |
   1027 | 3.40655e+01 3.31710e-02 | 1.25333e-02 1.07868e-01 1.39115e-01 |
   1028 | 3.40986e+01 3.31705e-02 | 1.25333e-02 1.07868e-01 1.39115e-01 |
   1029 | 3.41318e+01 3.31700e-02 | 1.25333e-02 1.07868e-01 1.39115e-01 |
   1030 | 3.41650e+01 3.31695e-02 | 1.25333e-02 1.07868e-01 1.39115e-01 |
   1031 | 3.41982e+01 3.31691e-02 | 1.25333e-02 1.07868e-01 1.39115e-01 |
   1032 | 3.42313e+01 3.31687e-02 | 1.25333e-02 1.07868e-01 1.39115e-01 |
   1033 | 3.42645e+01 3.31683e-02 | 1.25333e-02 1.07868e-01 1.39115e-01 |
   1034 | 3.42977e+01 3.31680e-02 | 1.25333e-02 1.07868e-01 1.39115e-01 |
   1035 | 3.43308e+01 3.31677e-02 | 1.25333e-02 1.07868e-01 1.39115e-01 |
   1036 | 3.43640e+01 3.31674e-02 | 1.25333e-02 1.07868e-01 1.39115e-01 |
   1037 | 3.43972e+01 3.31671e-02 | 1.25333e-02 1.07868e-01 1.39115e-01 |
   1038 | 3.44303e+01 3.31669e-02 | 1.25333e-02 1.07868e-01 1.39115e-01 |
   1039 | 3.44635e+01 3.31667e-02 | 1.25333e-02 1.07868e-01 1.39115e-01 |
   1040 | 3.44967e+01 3.31665e-02 | 1.25333e-02 1.07868e-01 1.39115e-01 |
   1041 | 3.45298e+01 3.31663e-02 | 1.25333e-02 1.07868e-01 1.39115e-01 |
   1042 | 3.45630e+01 3.31662e-02 | 1.25333e-02 1.07868e-01 1.39115e-01 |
   1043 | 3.45962e+01 3.31661e-02 | 1.25333e-02 1.07868e-01 1.39115e-01 |
   1044 | 3.46293e+01 3.31660e-02 | 1.25333e-02 1.07868e-01 1.39115e-01 |
   1045 | 3.46625e+01 3.31660e-02 | 1.25333e-02 1.07868e-01 1.39115e-01 |
   1046 | 3.46957e+01 3.31660e-02 | 1.25333e-02 1.07868e-01 1.39115e-01 |
   1047 | 3.47288e+01 3.31660e-02 | 1.25333e-02 1.07868e-01 1.39115e-01 |
   1048 | 3.47620e+01 3.31661e-02 | 1.25333e-02 1.07868e-01 1.39115e-01 |
   1049 | 3.47952e+01 3.31661e-02 | 1.25333e-02 1.07868e-01 1.39115e-01 |
   1050 | 3.48283e+01 3.31662e-02 | 1.25333e-02 1.07868e-01 1.39115e-01 |
   1051 | 3.48615e+01 3.31664e-02 | 1.25333e-02 1.07868e-01 1.39115e-01 |
   1052 | 3.48947e+01 3.31665e-02 | 1.25333e-02 1.07868e-01 1.39115e-01 |
   1053 | 3.49278e+01 3.31667e-02 | 1.25333e-02 1.07868e-01 1.39115e-01 |
   1054 | 3.49610e+01 3.31669e-02 | 1.25333e-02 1.07868e-01 1.39115e-01 |
   1055 | 3.49942e+01 3.31671e-02 | 1.25333e-02 1.07868e-01 1.39115e-01 |
   1056 | 3.50273e+01 3.31674e-02 | 1.25333e-02 1.07868e-01 1.39115e-01 |
   1057 | 3.50605e+01 3.31677e-02 | 1.25333e-02 1.07868e-01 1.39115e-01 |
   1058 | 3.50937e+01 3.31680e-02 | 1.25333e-02 1.07868e-01 1.39115e-01 |
   1059 | 3.51268e+01 3.31684e-02 | 1.25333e-02 1.07868e-01 1.39115e-01 |
   1060 | 3.51600e+01 3.31688e-02 | 1.25333e-02 1.07868e-01 1.39115e-01 |
   1061 | 3.51932e+01 3.31692e-02 | 1.25333e-02 1.07868e-01 1.39115e-01 |
   1062 | 3.52263e+01 3.31696e-02 | 1.25333e-02 1.07868e-01 1.39115e-01 |
   1063 | 3.52595e+01 3.31701e-02 | 1.25333e-02 1.07868e-01 1.39115e-01 |
   1064 | 3.52927e+01 3.31706e-02 | 1.25333e-02 1.07868e-01 1.39115e-01 |
   1065 | 3.53259e+01 3.31711e-02 | 1.25333e-02 1.07868e-01 1.39115e-01 |
   1066 | 3.53590e+01 3.31716e-02 | 1.25333e-02 1.07868e-01 1.39115e-01 |
   1067 | 3.53922e+01 3.31722e-02 | 1.25333e-02 1.07868e-01 1.39115e-01 |
   1068 | 3.54254e+01 3.31728e-02 | 1.25333e-02 1.07868e-01 1.39115e-01 |
   1069 | 3.54585e+01 3.31734e-02 | 1.25333e-02 1.07868e-01 1.39115e-01 |
   1070 | 3.54917e+01 3.31741e-02 | 1.25333e-02 1.07868e-01 1.39115e-01 |
   1071 | 3.55249e+01 3.31748e-02 | 1.25333e-02 1.07868e-01 1.39115e-01 |
   1072 | 3.55581e+01 3.31755e-02 | 1.25333e-02 1.07868e-01 1.39115e-01 |
   1073 | 3.55912e+01 3.31762e-02 | 1.25333e-02 1.07868e-01 1.39115e-01 |
   1074 | 3.56244e+01 3.31763e-02 | 1.25333e-02 1.07868e-01 1.39115e-01 |
   1075 | 3.56576e+01 3.31756e-02 | 1.25333e-02 1.07868e-01 1.39115e-01 |
   1076 | 3.56908e+01 3.31750e-02 | 1.25333e-02 1.07868e-01 1.39115e-01 |
   1077 | 3.57239e+01 3.31743e-02 | 1.25333e-02 1.07868e-01 1.39115e-01 |
   1078 | 3.57571e+01 3.31737e-02 | 1.25333e-02 1.07868e-01 1.39115e-01 |
   1079 | 3.57903e+01 3.31732e-02 | 1.25333e-02 1.07868e-01 1.39115e-01 |
   1080 | 3.58235e+01 3.31726e-02 | 1.25333e-02 1.07868e-01 1.39115e-01 |
   1081 | 3.58566e+01 3.31721e-02 | 1.25333e-02 1.07868e-01 1.39115e-01 |
   1082 | 3.58898e+01 3.31716e-02 | 1.25333e-02 1.07868e-01 1.39115e-01 |
   1083 | 3.59230e+01 3.31711e-02 | 1.25333e-02 1.07868e-01 1.39115e-01 |
   1084 | 3.59561e+01 3.31707e-02 | 1.25333e-02 1.07868e-01 1.39115e-01 |
   1085 | 3.59893e+01 3.31703e-02 | 1.25333e-02 1.07868e-01 1.39115e-01 |
   1086 | 3.60225e+01 3.31699e-02 | 1.25333e-02 1.07868e-01 1.39115e-01 |
   1087 | 3.60557e+01 3.31695e-02 | 1.25333e-02 1.07868e-01 1.39115e-01 |
   1088 | 3.60888e+01 3.31692e-02 | 1.25333e-02 1.07868e-01 1.39115e-01 |
   1089 | 3.61220e+01 3.31689e-02 | 1.25333e-02 1.07868e-01 1.39115e-01 |
   1090 | 3.61552e+01 3.31686e-02 | 1.25333e-02 1.07868e-01 1.39115e-01 |
   1091 | 3.61883e+01 3.31684e-02 | 1.25333e-02 1.07868e-01 1.39115e-01 |
   1092 | 3.62215e+01 3.31682e-02 | 1.25333e-02 1.07868e-01 1.39115e-01 |
   1093 | 3.62547e+01 3.31680e-02 | 1.25333e-02 1.07868e-01 1.39115e-01 |
   1094 | 3.62878e+01 3.31678e-02 | 1.25333e-02 1.07868e-01 1.39115e-01 |
   1095 | 3.63210e+01 3.31677e-02 | 1.25333e-02 1.07868e-01 1.39115e-01 |
   1096 | 3.63542e+01 3.31676e-02 | 1.25333e-02 1.07868e-01 1.39115e-01 |
   1097 | 3.63873e+01 3.31675e-02 | 1.25333e-02 1.07868e-01 1.39115e-01 |
   1098 | 3.64205e+01 3.31674e-02 | 1.25333e-02 1.07868e-01 1.39115e-01 |
   1099 | 3.64537e+01 3.31674e-02 | 1.25333e-02 1.07868e-01 1.39115e-01 |
   1100 | 3.64868e+01 3.31674e-02 | 1.25333e-02 1.07868e-01 1.39115e-01 |
   1101 | 3.65200e+01 3.31674e-02 | 1.25333e-02 1.07868e-01 1.39115e-01 |
   1102 | 3.65532e+01 3.31675e-02 | 1.25333e-02 1.07868e-01 1.39115e-01 |
   1103 | 3.65863e+01 3.31676e-02 | 1.25333e-02 1.07868e-01 1.39115e-01 |
   1104 | 3.66195e+01 3.31677e-02 | 1.25333e-02 1.07868e-01 1.39115e-01 |
   1105 | 3.66527e+01 3.31679e-02 | 1.25333e-02 1.07868e-01 1.39115e-01 |
   1106 | 3.66858e+01 3.31680e-02 | 1.25333e-02 1.07868e-01 1.39115e-01 |
   1107 | 3.67190e+01 3.31682e-02 | 1.25333e-02 1.07868e-01 1.39115e-01 |
   1108 | 3.67522e+01 3.31685e-02 | 1.25333e-02 1.07868e-01 1.39115e-01 |
   1109 | 3.67854e+01 3.31687e-02 | 1.25333e-02 1.07868e-01 1.39115e-01 |
   1110 | 3.68185e+01 3.31690e-02 | 1.25333e-02 1.07868e-01 1.39115e-01 |
   1111 | 3.68517e+01 3.31693e-02 | 1.25333e-02 1.07868e-01 1.39115e-01 |
   1112 | 3.68849e+01 3.31697e-02 | 1.25333e-02 1.07868e-01 1.39115e-01 |
   1113 | 3.69180e+01 3.31700e-02 | 1.25333e-02 1.07868e-01 1.39115e-01 |
   1114 | 3.69512e+01 3.31704e-02 | 1.25333e-02 1.07868e-01 1.39115e-01 |
   1115 | 3.69844e+01 3.31708e-02 | 1.25333e-02 1.07868e-01 1.39115e-01 |
   1116 | 3.70175e+01 3.31713e-02 | 1.25333e-02 1.07868e-01 1.39115e-01 |
   1117 | 3.70507e+01 3.31718e-02 | 1.25333e-02 1.07868e-01 1.39115e-01 |
   1118 | 3.70839e+01 3.31723e-02 | 1.25333e-02 1.07868e-01 1.39115e-01 |
   1119 | 3.71171e+01 3.31728e-02 | 1.25333e-02 1.07868e-01 1.39115e-01 |
   1120 | 3.71502e+01 3.31729e-02 | 1.25333e-02 1.07868e-01 1.39115e-01 |
   1121 | 3.71834e+01 3.31731e-02 | 1.25333e-02 1.07868e-01 1.39115e-01 |
   1122 | 3.72166e+01 3.31734e-02 | 1.25333e-02 1.07868e-01 1.39115e-01 |
   1123 | 3.72498e+01 3.31736e-02 | 1.25333e-02 1.07868e-01 1.39115e-01 |
   1124 | 3.72829e+01 3.31739e-02 | 1.25333e-02 1.07868e-01 1.39115e-01 |
   1125 | 3.73161e+01 3.31742e-02 | 1.25333e-02 1.07868e-01 1.39115e-01 |
   1126 | 3.73493e+01 3.31745e-02 | 1.25333e-02 1.07868e-01 1.39115e-01 |
   1127 | 3.73825e+01 3.31749e-02 | 1.25333e-02 1.07868e-01 1.39115e-01 |
   1128 | 3.74156e+01 3.31753e-02 | 1.25333e-02 1.07868e-01 1.39115e-01 |
   1129 | 3.74488e+01 3.31757e-02 | 1.25333e-02 1.07868e-01 1.39115e-01 |
   1130 | 3.74820e+01 3.31756e-02 | 1.25333e-02 1.07868e-01 1.39115e-01 |
   1131 | 3.75152e+01 3.31749e-02 | 1.25333e-02 1.07868e-01 1.39115e-01 |
   1132 | 3.75483e+01 3.31742e-02 | 1.25333e-02 1.07868e-01 1.39115e-01 |
   1133 | 3.75815e+01 3.31735e-02 | 1.25333e-02 1.07868e-01 1.39115e-01 |
   1134 | 3.76147e+01 3.31729e-02 | 1.25333e-02 1.07868e-01 1.39115e-01 |
   1135 | 3.76478e+01 3.31723e-02 | 1.25333e-02 1.07868e-01 1.39115e-01 |
   1136 | 3.76810e+01 3.31717e-02 | 1.25333e-02 1.07868e-01 1.39115e-01 |
   1137 | 3.77142e+01 3.31712e-02 | 1.25333e-02 1.07868e-01 1.39115e-01 |
   1138 | 3.77474e+01 3.31707e-02 | 1.25333e-02 1.07868e-01 1.39115e-01 |
   1139 | 3.77805e+01 3.31702e-02 | 1.25333e-02 1.07868e-01 1.39115e-01 |
   1140 | 3.78137e+01 3.31698e-02 | 1.25333e-02 1.07868e-01 1.39115e-01 |
   1141 | 3.78469e+01 3.31693e-02 | 1.25333e-02 1.07868e-01 1.39115e-01 |
   1142 | 3.78800e+01 3.31689e-02 | 1.25333e-02 1.07868e-01 1.39115e-01 |
   1143 | 3.79132e+01 3.31686e-02 | 1.25333e-02 1.07868e-01 1.39115e-01 |
   1144 | 3.79464e+01 3.31682e-02 | 1.25333e-02 1.07868e-01 1.39115e-01 |
   1145 | 3.79795e+01 3.31679e-02 | 1.25333e-02 1.07868e-01 1.39115e-01 |
   1146 | 3.80127e+01 3.31676e-02 | 1.25333e-02 1.07868e-01 1.39115e-01 |
   1147 | 3.80459e+01 3.31673e-02 | 1.25333e-02 1.07868e-01 1.39115e-01 |
   1148 | 3.80790e+01 3.31671e-02 | 1.25333e-02 1.07868e-01 1.39115e-01 |
   1149 | 3.81122e+01 3.31669e-02 | 1.25333e-02 1.07868e-01 1.39115e-01 |
   1150 | 3.81454e+01 3.31667e-02 | 1.25333e-02 1.07868e-01 1.39115e-01 |
   1151 | 3.81785e+01 3.31666e-02 | 1.25333e-02 1.07868e-01 1.39115e-01 |
   1152 | 3.82117e+01 3.31664e-02 | 1.25333e-02 1.07868e-01 1.39115e-01 |
   1153 | 3.82449e+01 3.31664e-02 | 1.25333e-02 1.07868e-01 1.39115e-01 |
   1154 | 3.82780e+01 3.31663e-02 | 1.25333e-02 1.07868e-01 1.39115e-01 |
   1155 | 3.83112e+01 3.31663e-02 | 1.25333e-02 1.07868e-01 1.39115e-01 |
   1156 | 3.83444e+01 3.31662e-02 | 1.25333e-02 1.07868e-01 1.39115e-01 |
   1157 | 3.83775e+01 3.31663e-02 | 1.25333e-02 1.07868e-01 1.39115e-01 |
   1158 | 3.84107e+01 3.31663e-02 | 1.25333e-02 1.07868e-01 1.39115e-01 |
   1159 | 3.84439e+01 3.31664e-02 | 1.25333e-02 1.07868e-01 1.39115e-01 |
   1160 | 3.84770e+01 3.31665e-02 | 1.25333e-02 1.07868e-01 1.39115e-01 |
   1161 | 3.85102e+01 3.31666e-02 | 1.25333e-02 1.07868e-01 1.39115e-01 |
   1162 | 3.85434e+01 3.31668e-02 | 1.25333e-02 1.07868e-01 1.39115e-01 |
   1163 | 3.85765e+01 3.31670e-02 | 1.25333e-02 1.07868e-01 1.39115e-01 |
   1164 | 3.86097e+01 3.31672e-02 | 1.25333e-02 1.07868e-01 1.39115e-01 |
   1165 | 3.86429e+01 3.31674e-02 | 1.25333e-02 1.07868e-01 1.39115e-01 |
   1166 | 3.86760e+01 3.31677e-02 | 1.25333e-02 1.07868e-01 1.39115e-01 |
   1167 | 3.87092e+01 3.31680e-02 | 1.25333e-02 1.07868e-01 1.39115e-01 |
   1168 | 3.87424e+01 3.31683e-02 | 1.25333e-02 1.07868e-01 1.39115e-01 |
   1169 | 3.87755e+01 3.31687e-02 | 1.25333e-02 1.07868e-01 1.39115e-01 |
   1170 | 3.88087e+01 3.31690e-02 | 1.25333e-02 1.07868e-01 1.39115e-01 |
   1171 | 3.88419e+01 3.31694e-02 | 1.25333e-02 1.07868e-01 1.39115e-01 |
   1172 | 3.88751e+01 3.31699e-02 | 1.25333e-02 1.07868e-01 1.39115e-01 |
   1173 | 3.89082e+01 3.31703e-02 | 1.25333e-02 1.07868e-01 1.39115e-01 |
   1174 | 3.89414e+01 3.31708e-02 | 1.25333e-02 1.07868e-01 1.39115e-01 |
   1175 | 3.89746e+01 3.31714e-02 | 1.25333e-02 1.07868e-01 1.39115e-01 |
   1176 | 3.90077e+01 3.31719e-02 | 1.25333e-02 1.07868e-01 1.39115e-01 |
   1177 | 3.90409e+01 3.31725e-02 | 1.25333e-02 1.07868e-01 1.39115e-01 |
   1178 | 3.90741e+01 3.31731e-02 | 1.25333e-02 1.07868e-01 1.39115e-01 |
   1179 | 3.91073e+01 3.31737e-02 | 1.25333e-02 1.07868e-01 1.39115e-01 |
   1180 | 3.91404e+01 3.31744e-02 | 1.25333e-02 1.07868e-01 1.39115e-01 |
   1181 | 3.91736e+01 3.31751e-02 | 1.25333e-02 1.07868e-01 1.39115e-01 |
   1182 | 3.92068e+01 3.31758e-02 | 1.25333e-02 1.07868e-01 1.39115e-01 |
   1183 | 3.92400e+01 3.31765e-02 | 1.25333e-02 1.07868e-01 1.39115e-01 |
   1184 | 3.92731e+01 3.31767e-02 | 1.25333e-02 1.07868e-01 1.39115e-01 |
   1185 | 3.93063e+01 3.31760e-02 | 1.25333e-02 1.07868e-01 1.39115e-01 |
   1186 | 3.93395e+01 3.31754e-02 | 1.25333e-02 1.07868e-01 1.39115e-01 |
   1187 | 3.93727e+01 3.31747e-02 | 1.25333e-02 1.07868e-01 1.39115e-01 |
   1188 | 3.94058e+01 3.31741e-02 | 1.25333e-02 1.07868e-01 1.39115e-01 |
   1189 | 3.94390e+01 3.31736e-02 | 1.25333e-02 1.07868e-01 1.39115e-01 |
   1190 | 3.94722e+01 3.31730e-02 | 1.25333e-02 1.07868e-01 1.39115e-01 |
   1191 | 3.95054e+01 3.31725e-02 | 1.25333e-02 1.07868e-01 1.39115e-01 |
   1192 | 3.95385e+01 3.31720e-02 | 1.25333e-02 1.07868e-01 1.39115e-01 |
   1193 | 3.95717e+01 3.31715e-02 | 1.25333e-02 1.07868e-01 1.39115e-01 |
   1194 | 3.96049e+01 3.31711e-02 | 1.25333e-02 1.07868e-01 1.39115e-01 |
   1195 | 3.96380e+01 3.31707e-02 | 1.25333e-02 1.07868e-01 1.39115e-01 |
   1196 | 3.96712e+01 3.31703e-02 | 1.25333e-02 1.07868e-01 1.39115e-01 |
   1197 | 3.97044e+01 3.31699e-02 | 1.25333e-02 1.07868e-01 1.39115e-01 |
   1198 | 3.97376e+01 3.31696e-02 | 1.25333e-02 1.07868e-01 1.39115e-01 |
   1199 | 3.97707e+01 3.31693e-02 | 1.25333e-02 1.07868e-01 1.39115e-01 |
   1200 | 3.98039e+01 3.31690e-02 | 1.25333e-02 1.07868e-01 1.39115e-01 |
   1201 | 3.98371e+01 3.31687e-02 | 1.25333e-02 1.07868e-01 1.39115e-01 |
   1202 | 3.98702e+01 3.31683e-02 | 1.25333e-02 1.07868e-01 1.39115e-01 |
   1203 | 3.99034e+01 3.31679e-02 | 1.25333e-02 1.07868e-01 1.39115e-01 |
   1204 | 3.99366e+01 3.31675e-02 | 1.25333e-02 1.07868e-01 1.39115e-01 |
   1205 | 3.99697e+01 3.31672e-02 | 1.25333e-02 1.07868e-01 1.39115e-01 |
   1206 | 4.00029e+01 3.31669e-02 | 1.25333e-02 1.07868e-01 1.39115e-01 |
   1207 | 4.00361e+01 3.31666e-02 | 1.25333e-02 1.07868e-01 1.39115e-01 |
   1208 | 4.00692e+01 3.31663e-02 | 1.25333e-02 1.07868e-01 1.39115e-01 |
   1209 | 4.01024e+01 3.31661e-02 | 1.25333e-02 1.07868e-01 1.39115e-01 |
   1210 | 4.01356e+01 3.31659e-02 | 1.25333e-02 1.07868e-01 1.39115e-01 |
   1211 | 4.01687e+01 3.31657e-02 | 1.25333e-02 1.07868e-01 1.39115e-01 |
   1212 | 4.02019e+01 3.31656e-02 | 1.25333e-02 1.07868e-01 1.39115e-01 |
   1213 | 4.02351e+01 3.31655e-02 | 1.25333e-02 1.07868e-01 1.39115e-01 |
   1214 | 4.02682e+01 3.31654e-02 | 1.25333e-02 1.07868e-01 1.39115e-01 |
   1215 | 4.03014e+01 3.31653e-02 | 1.25333e-02 1.07868e-01 1.39115e-01 |
   1216 | 4.03346e+01 3.31653e-02 | 1.25333e-02 1.07868e-01 1.39115e-01 |
   1217 | 4.03677e+01 3.31653e-02 | 1.25333e-02 1.07868e-01 1.39115e-01 |
   1218 | 4.04009e+01 3.31653e-02 | 1.25333e-02 1.07868e-01 1.39115e-01 |
   1219 | 4.04341e+01 3.31653e-02 | 1.25333e-02 1.07868e-01 1.39115e-01 |
   1220 | 4.04672e+01 3.31654e-02 | 1.25333e-02 1.07868e-01 1.39115e-01 |
   1221 | 4.05004e+01 3.31655e-02 | 1.25333e-02 1.07868e-01 1.39115e-01 |
   1222 | 4.05335e+01 3.31656e-02 | 1.25333e-02 1.07868e-01 1.39115e-01 |
   1223 | 4.05667e+01 3.31658e-02 | 1.25333e-02 1.07868e-01 1.39115e-01 |
   1224 | 4.05999e+01 3.31660e-02 | 1.25333e-02 1.07868e-01 1.39115e-01 |
   1225 | 4.06330e+01 3.31662e-02 | 1.25333e-02 1.07868e-01 1.39115e-01 |
   1226 | 4.06662e+01 3.31665e-02 | 1.25333e-02 1.07868e-01 1.39115e-01 |
   1227 | 4.06994e+01 3.31667e-02 | 1.25333e-02 1.07868e-01 1.39115e-01 |
   1228 | 4.07325e+01 3.31670e-02 | 1.25333e-02 1.07868e-01 1.39115e-01 |
   1229 | 4.07657e+01 3.31674e-02 | 1.25333e-02 1.07868e-01 1.39115e-01 |
   1230 | 4.07989e+01 3.31677e-02 | 1.25333e-02 1.07868e-01 1.39115e-01 |
   1231 | 4.08320e+01 3.31681e-02 | 1.25333e-02 1.07868e-01 1.39115e-01 |
   1232 | 4.08652e+01 3.31685e-02 | 1.25333e-02 1.07868e-01 1.39115e-01 |
   1233 | 4.08984e+01 3.31690e-02 | 1.25333e-02 1.07868e-01 1.39115e-01 |
   1234 | 4.09316e+01 3.31694e-02 | 1.25333e-02 1.07868e-01 1.39115e-01 |
   1235 | 4.09647e+01 3.31699e-02 | 1.25333e-02 1.07868e-01 1.39115e-01 |
   1236 | 4.09979e+01 3.31704e-02 | 1.25333e-02 1.07868e-01 1.39115e-01 |
   1237 | 4.10311e+01 3.31710e-02 | 1.25333e-02 1.07868e-01 1.39115e-01 |
   1238 | 4.10642e+01 3.31716e-02 | 1.25333e-02 1.07868e-01 1.39115e-01 |
   1239 | 4.10974e+01 3.31722e-02 | 1.25333e-02 1.07868e-01 1.39115e-01 |
   1240 | 4.11306e+01 3.31728e-02 | 1.25333e-02 1.07868e-01 1.39115e-01 |
   1241 | 4.11638e+01 3.31735e-02 | 1.25333e-02 1.07868e-01 1.39115e-01 |
   1242 | 4.11969e+01 3.31742e-02 | 1.25333e-02 1.07868e-01 1.39115e-01 |
   1243 | 4.12301e+01 3.31749e-02 | 1.25333e-02 1.07868e-01 1.39115e-01 |
   1244 | 4.12633e+01 3.31744e-02 | 1.25333e-02 1.07868e-01 1.39115e-01 |
   1245 | 4.12965e+01 3.31737e-02 | 1.25333e-02 1.07868e-01 1.39115e-01 |
   1246 | 4.13296e+01 3.31730e-02 | 1.25333e-02 1.07868e-01 1.39115e-01 |
   1247 | 4.13628e+01 3.31724e-02 | 1.25333e-02 1.07868e-01 1.39115e-01 |
   1248 | 4.13960e+01 3.31717e-02 | 1.25333e-02 1.07868e-01 1.39115e-01 |
   1249 | 4.14291e+01 3.31711e-02 | 1.25333e-02 1.07868e-01 1.39115e-01 |
   1250 | 4.14623e+01 3.31706e-02 | 1.25333e-02 1.07868e-01 1.39115e-01 |
   1251 | 4.14955e+01 3.31700e-02 | 1.25333e-02 1.07868e-01 1.39115e-01 |
   1252 | 4.15287e+01 3.31695e-02 | 1.25333e-02 1.07868e-01 1.39115e-01 |
   1253 | 4.15618e+01 3.31690e-02 | 1.25333e-02 1.07868e-01 1.39115e-01 |
   1254 | 4.15950e+01 3.31685e-02 | 1.25333e-02 1.07868e-01 1.39115e-01 |
   1255 | 4.16282e+01 3.31681e-02 | 1.25333e-02 1.07868e-01 1.39115e-01 |
   1256 | 4.16613e+01 3.31677e-02 | 1.25333e-02 1.07868e-01 1.39115e-01 |
   1257 | 4.16945e+01 3.31673e-02 | 1.25333e-02 1.07868e-01 1.39115e-01 |
   1258 | 4.17277e+01 3.31670e-02 | 1.25333e-02 1.07868e-01 1.39115e-01 |
   1259 | 4.17608e+01 3.31666e-02 | 1.25333e-02 1.07868e-01 1.39115e-01 |
   1260 | 4.17940e+01 3.31663e-02 | 1.25333e-02 1.07868e-01 1.39115e-01 |
   1261 | 4.18272e+01 3.31661e-02 | 1.25333e-02 1.07868e-01 1.39115e-01 |
   1262 | 4.18603e+01 3.31658e-02 | 1.25333e-02 1.07868e-01 1.39115e-01 |
   1263 | 4.18935e+01 3.31656e-02 | 1.25333e-02 1.07868e-01 1.39115e-01 |
   1264 | 4.19267e+01 3.31654e-02 | 1.25333e-02 1.07868e-01 1.39115e-01 |
   1265 | 4.19598e+01 3.31653e-02 | 1.25333e-02 1.07868e-01 1.39115e-01 |
   1266 | 4.19930e+01 3.31651e-02 | 1.25333e-02 1.07868e-01 1.39115e-01 |
   1267 | 4.20262e+01 3.31650e-02 | 1.25333e-02 1.07868e-01 1.39115e-01 |
   1268 | 4.20593e+01 3.31650e-02 | 1.25333e-02 1.07868e-01 1.39115e-01 |
   1269 | 4.20925e+01 3.31649e-02 | 1.25333e-02 1.07868e-01 1.39115e-01 |
   1270 | 4.21256e+01 3.31649e-02 | 1.25333e-02 1.07868e-01 1.39115e-01 |
   1271 | 4.21588e+01 3.31649e-02 | 1.25333e-02 1.07868e-01 1.39115e-01 |
   1272 | 4.21920e+01 3.31649e-02 | 1.25333e-02 1.07868e-01 1.39115e-01 |
   1273 | 4.22251e+01 3.31650e-02 | 1.25333e-02 1.07868e-01 1.39115e-01 |
   1274 | 4.22583e+01 3.31651e-02 | 1.25333e-02 1.07868e-01 1.39115e-01 |
   1275 | 4.22915e+01 3.31652e-02 | 1.25333e-02 1.07868e-01 1.39115e-01 |
   1276 | 4.23246e+01 3.31654e-02 | 1.25333e-02 1.07868e-01 1.39115e-01 |
   1277 | 4.23578e+01 3.31656e-02 | 1.25333e-02 1.07868e-01 1.39115e-01 |
   1278 | 4.23910e+01 3.31658e-02 | 1.25333e-02 1.07868e-01 1.39115e-01 |
   1279 | 4.24241e+01 3.31660e-02 | 1.25333e-02 1.07868e-01 1.39115e-01 |
   1280 | 4.24573e+01 3.31663e-02 | 1.25333e-02 1.07868e-01 1.39115e-01 |
   1281 | 4.24905e+01 3.31666e-02 | 1.25333e-02 1.07868e-01 1.39115e-01 |
   1282 | 4.25236e+01 3.31669e-02 | 1.25333e-02 1.07868e-01 1.39115e-01 |
   1283 | 4.25568e+01 3.31672e-02 | 1.25333e-02 1.07868e-01 1.39115e-01 |
   1284 | 4.25900e+01 3.31676e-02 | 1.25333e-02 1.07868e-01 1.39115e-01 |
   1285 | 4.26231e+01 3.31680e-02 | 1.25333e-02 1.07868e-01 1.39115e-01 |
   1286 | 4.26563e+01 3.31684e-02 | 1.25333e-02 1.07868e-01 1.39115e-01 |
   1287 | 4.26895e+01 3.31689e-02 | 1.25333e-02 1.07868e-01 1.39115e-01 |
   1288 | 4.27226e+01 3.31694e-02 | 1.25333e-02 1.07868e-01 1.39115e-01 |
   1289 | 4.27558e+01 3.31699e-02 | 1.25333e-02 1.07868e-01 1.39115e-01 |
   1290 | 4.27890e+01 3.31704e-02 | 1.25333e-02 1.07868e-01 1.39115e-01 |
   1291 | 4.28222e+01 3.31710e-02 | 1.25333e-02 1.07868e-01 1.39115e-01 |
   1292 | 4.28553e+01 3.31716e-02 | 1.25333e-02 1.07868e-01 1.39115e-01 |
   1293 | 4.28885e+01 3.31722e-02 | 1.25333e-02 1.07868e-01 1.39115e-01 |
   1294 | 4.29217e+01 3.31729e-02 | 1.25333e-02 1.07868e-01 1.39115e-01 |
   1295 | 4.29548e+01 3.31736e-02 | 1.25333e-02 1.07868e-01 1.39115e-01 |
   1296 | 4.29880e+01 3.31743e-02 | 1.25333e-02 1.07868e-01 1.39115e-01 |
   1297 | 4.30212e+01 3.31750e-02 | 1.25333e-02 1.07868e-01 1.39115e-01 |
   1298 | 4.30544e+01 3.31758e-02 | 1.25333e-02 1.07868e-01 1.39115e-01 |
   1299 | 4.30875e+01 3.31758e-02 | 1.25333e-02 1.07868e-01 1.39115e-01 |
   1300 | 4.31207e+01 3.31751e-02 | 1.25333e-02 1.07868e-01 1.39115e-01 |
   1301 | 4.31539e+01 3.31744e-02 | 1.25333e-02 1.07868e-01 1.39115e-01 |
   1302 | 4.31871e+01 3.31737e-02 | 1.25333e-02 1.07868e-01 1.39115e-01 |
   1303 | 4.32202e+01 3.31730e-02 | 1.25333e-02 1.07868e-01 1.39115e-01 |
   1304 | 4.32534e+01 3.31723e-02 | 1.25333e-02 1.07868e-01 1.39115e-01 |
   1305 | 4.32866e+01 3.31717e-02 | 1.25333e-02 1.07868e-01 1.39115e-01 |
   1306 | 4.33198e+01 3.31711e-02 | 1.25333e-02 1.07868e-01 1.39115e-01 |
   1307 | 4.33529e+01 3.31705e-02 | 1.25333e-02 1.07868e-01 1.39115e-01 |
   1308 | 4.33861e+01 3.31700e-02 | 1.25333e-02 1.07868e-01 1.39115e-01 |
   1309 | 4.34193e+01 3.31695e-02 | 1.25333e-02 1.07868e-01 1.39115e-01 |
   1310 | 4.34524e+01 3.31690e-02 | 1.25333e-02 1.07868e-01 1.39115e-01 |
   1311 | 4.34856e+01 3.31686e-02 | 1.25333e-02 1.07868e-01 1.39115e-01 |
   1312 | 4.35188e+01 3.31681e-02 | 1.25333e-02 1.07868e-01 1.39115e-01 |
   1313 | 4.35519e+01 3.31677e-02 | 1.25333e-02 1.07868e-01 1.39115e-01 |
   1314 | 4.35851e+01 3.31674e-02 | 1.25333e-02 1.07868e-01 1.39115e-01 |
   1315 | 4.36183e+01 3.31670e-02 | 1.25333e-02 1.07868e-01 1.39115e-01 |
   1316 | 4.36514e+01 3.31667e-02 | 1.25333e-02 1.07868e-01 1.39115e-01 |
   1317 | 4.36846e+01 3.31664e-02 | 1.25333e-02 1.07868e-01 1.39115e-01 |
   1318 | 4.37178e+01 3.31662e-02 | 1.25333e-02 1.07868e-01 1.39115e-01 |
   1319 | 4.37509e+01 3.31659e-02 | 1.25333e-02 1.07868e-01 1.39115e-01 |
   1320 | 4.37841e+01 3.31657e-02 | 1.25333e-02 1.07868e-01 1.39115e-01 |
   1321 | 4.38173e+01 3.31656e-02 | 1.25333e-02 1.07868e-01 1.39115e-01 |
   1322 | 4.38504e+01 3.31654e-02 | 1.25333e-02 1.07868e-01 1.39115e-01 |
   1323 | 4.38836e+01 3.31653e-02 | 1.25333e-02 1.07868e-01 1.39115e-01 |
   1324 | 4.39168e+01 3.31652e-02 | 1.25333e-02 1.07868e-01 1.39115e-01 |
   1325 | 4.39499e+01 3.31651e-02 | 1.25333e-02 1.07868e-01 1.39115e-01 |
   1326 | 4.39831e+01 3.31651e-02 | 1.25333e-02 1.07868e-01 1.39115e-01 |
   1327 | 4.40163e+01 3.31651e-02 | 1.25333e-02 1.07868e-01 1.39115e-01 |
   1328 | 4.40494e+01 3.31651e-02 | 1.25333e-02 1.07868e-01 1.39115e-01 |
   1329 | 4.40826e+01 3.31652e-02 | 1.25333e-02 1.07868e-01 1.39115e-01 |
   1330 | 4.41158e+01 3.31653e-02 | 1.25333e-02 1.07868e-01 1.39115e-01 |
   1331 | 4.41489e+01 3.31654e-02 | 1.25333e-02 1.07868e-01 1.39115e-01 |
   1332 | 4.41821e+01 3.31655e-02 | 1.25333e-02 1.07868e-01 1.39115e-01 |
   1333 | 4.42153e+01 3.31657e-02 | 1.25333e-02 1.07868e-01 1.39115e-01 |
   1334 | 4.42484e+01 3.31659e-02 | 1.25333e-02 1.07868e-01 1.39115e-01 |
   1335 | 4.42816e+01 3.31661e-02 | 1.25333e-02 1.07868e-01 1.39115e-01 |
   1336 | 4.43148e+01 3.31663e-02 | 1.25333e-02 1.07868e-01 1.39115e-01 |
   1337 | 4.43479e+01 3.31666e-02 | 1.25333e-02 1.07868e-01 1.39115e-01 |
   1338 | 4.43811e+01 3.31669e-02 | 1.25333e-02 1.07868e-01 1.39115e-01 |
   1339 | 4.44143e+01 3.31672e-02 | 1.25333e-02 1.07868e-01 1.39115e-01 |
   1340 | 4.44474e+01 3.31676e-02 | 1.25333e-02 1.07868e-01 1.39115e-01 |
   1341 | 4.44806e+01 3.31680e-02 | 1.25333e-02 1.07868e-01 1.39115e-01 |
   1342 | 4.45138e+01 3.31684e-02 | 1.25333e-02 1.07868e-01 1.39115e-01 |
   1343 | 4.45469e+01 3.31688e-02 | 1.25333e-02 1.07868e-01 1.39115e-01 |
   1344 | 4.45801e+01 3.31693e-02 | 1.25333e-02 1.07868e-01 1.39115e-01 |
   1345 | 4.46133e+01 3.31698e-02 | 1.25333e-02 1.07868e-01 1.39115e-01 |
   1346 | 4.46464e+01 3.31703e-02 | 1.25333e-02 1.07868e-01 1.39115e-01 |
   1347 | 4.46796e+01 3.31709e-02 | 1.25333e-02 1.07868e-01 1.39115e-01 |
   1348 | 4.47128e+01 3.31715e-02 | 1.25333e-02 1.07868e-01 1.39115e-01 |
   1349 | 4.47460e+01 3.31721e-02 | 1.25333e-02 1.07868e-01 1.39115e-01 |
   1350 | 4.47791e+01 3.31727e-02 | 1.25333e-02 1.07868e-01 1.39115e-01 |
   1351 | 4.48123e+01 3.31734e-02 | 1.25333e-02 1.07868e-01 1.39115e-01 |
   1352 | 4.48455e+01 3.31741e-02 | 1.25333e-02 1.07868e-01 1.39115e-01 |
   1353 | 4.48786e+01 3.31748e-02 | 1.25333e-02 1.07868e-01 1.39115e-01 |
   1354 | 4.49118e+01 3.31744e-02 | 1.25333e-02 1.07868e-01 1.39115e-01 |
   1355 | 4.49450e+01 3.31737e-02 | 1.25333e-02 1.07868e-01 1.39115e-01 |
   1356 | 4.49782e+01 3.31730e-02 | 1.25333e-02 1.07868e-01 1.39115e-01 |
   1357 | 4.50113e+01 3.31724e-02 | 1.25333e-02 1.07868e-01 1.39115e-01 |
   1358 | 4.50445e+01 3.31717e-02 | 1.25333e-02 1.07868e-01 1.39115e-01 |
   1359 | 4.50777e+01 3.31711e-02 | 1.25333e-02 1.07868e-01 1.39115e-01 |
   1360 | 4.51109e+01 3.31706e-02 | 1.25333e-02 1.07868e-01 1.39115e-01 |
   1361 | 4.51440e+01 3.31700e-02 | 1.25333e-02 1.07868e-01 1.39115e-01 |
   1362 | 4.51772e+01 3.31695e-02 | 1.25333e-02 1.07868e-01 1.39115e-01 |
   1363 | 4.52104e+01 3.31690e-02 | 1.25333e-02 1.07868e-01 1.39115e-01 |
   1364 | 4.52435e+01 3.31685e-02 | 1.25333e-02 1.07868e-01 1.39115e-01 |
   1365 | 4.52767e+01 3.31681e-02 | 1.25333e-02 1.07868e-01 1.39115e-01 |
   1366 | 4.53099e+01 3.31677e-02 | 1.25333e-02 1.07868e-01 1.39115e-01 |
   1367 | 4.53430e+01 3.31673e-02 | 1.25333e-02 1.07868e-01 1.39115e-01 |
   1368 | 4.53762e+01 3.31670e-02 | 1.25333e-02 1.07868e-01 1.39115e-01 |
   1369 | 4.54094e+01 3.31666e-02 | 1.25333e-02 1.07868e-01 1.39115e-01 |
   1370 | 4.54425e+01 3.31663e-02 | 1.25333e-02 1.07868e-01 1.39115e-01 |
   1371 | 4.54757e+01 3.31661e-02 | 1.25333e-02 1.07868e-01 1.39115e-01 |
   1372 | 4.55089e+01 3.31658e-02 | 1.25333e-02 1.07868e-01 1.39115e-01 |
   1373 | 4.55420e+01 3.31656e-02 | 1.25333e-02 1.07868e-01 1.39115e-01 |
   1374 | 4.55752e+01 3.31654e-02 | 1.25333e-02 1.07868e-01 1.39115e-01 |
   1375 | 4.56084e+01 3.31653e-02 | 1.25333e-02 1.07868e-01 1.39115e-01 |
   1376 | 4.56415e+01 3.31652e-02 | 1.25333e-02 1.07868e-01 1.39115e-01 |
   1377 | 4.56747e+01 3.31651e-02 | 1.25333e-02 1.07868e-01 1.39115e-01 |
   1378 | 4.57079e+01 3.31650e-02 | 1.25333e-02 1.07868e-01 1.39115e-01 |
   1379 | 4.57410e+01 3.31649e-02 | 1.25333e-02 1.07868e-01 1.39115e-01 |
   1380 | 4.57742e+01 3.31649e-02 | 1.25333e-02 1.07868e-01 1.39115e-01 |
   1381 | 4.58074e+01 3.31649e-02 | 1.25333e-02 1.07868e-01 1.39115e-01 |
   1382 | 4.58405e+01 3.31650e-02 | 1.25333e-02 1.07868e-01 1.39115e-01 |
   1383 | 4.58737e+01 3.31651e-02 | 1.25333e-02 1.07868e-01 1.39115e-01 |
   1384 | 4.59068e+01 3.31651e-02 | 1.25333e-02 1.07868e-01 1.39115e-01 |
   1385 | 4.59400e+01 3.31653e-02 | 1.25333e-02 1.07868e-01 1.39115e-01 |
   1386 | 4.59732e+01 3.31654e-02 | 1.25333e-02 1.07868e-01 1.39115e-01 |
   1387 | 4.60063e+01 3.31656e-02 | 1.25333e-02 1.07868e-01 1.39115e-01 |
   1388 | 4.60395e+01 3.31658e-02 | 1.25333e-02 1.07868e-01 1.39115e-01 |
   1389 | 4.60727e+01 3.31660e-02 | 1.25333e-02 1.07868e-01 1.39115e-01 |
   1390 | 4.61058e+01 3.31663e-02 | 1.25333e-02 1.07868e-01 1.39115e-01 |
   1391 | 4.61390e+01 3.31666e-02 | 1.25333e-02 1.07868e-01 1.39115e-01 |
   1392 | 4.61722e+01 3.31669e-02 | 1.25333e-02 1.07868e-01 1.39115e-01 |
   1393 | 4.62053e+01 3.31673e-02 | 1.25333e-02 1.07868e-01 1.39115e-01 |
   1394 | 4.62385e+01 3.31676e-02 | 1.25333e-02 1.07868e-01 1.39115e-01 |
   1395 | 4.62717e+01 3.31681e-02 | 1.25333e-02 1.07868e-01 1.39115e-01 |
   1396 | 4.63048e+01 3.31685e-02 | 1.25333e-02 1.07868e-01 1.39115e-01 |
   1397 | 4.63380e+01 3.31689e-02 | 1.25333e-02 1.07868e-01 1.39115e-01 |
   1398 | 4.63712e+01 3.31694e-02 | 1.25333e-02 1.07868e-01 1.39115e-01 |
   1399 | 4.64044e+01 3.31699e-02 | 1.25333e-02 1.07868e-01 1.39115e-01 |
   1400 | 4.64375e+01 3.31705e-02 | 1.25333e-02 1.07868e-01 1.39115e-01 |
   1401 | 4.64707e+01 3.31711e-02 | 1.25333e-02 1.07868e-01 1.39115e-01 |
   1402 | 4.65039e+01 3.31717e-02 | 1.25333e-02 1.07868e-01 1.39115e-01 |
   1403 | 4.65370e+01 3.31723e-02 | 1.25333e-02 1.07868e-01 1.39115e-01 |
   1404 | 4.65702e+01 3.31729e-02 | 1.25333e-02 1.07868e-01 1.39115e-01 |
   1405 | 4.66034e+01 3.31736e-02 | 1.25333e-02 1.07868e-01 1.39115e-01 |
   1406 | 4.66366e+01 3.31743e-02 | 1.25333e-02 1.07868e-01 1.39115e-01 |
   1407 | 4.66697e+01 3.31750e-02 | 1.25333e-02 1.07868e-01 1.39115e-01 |
   1408 | 4.67029e+01 3.31756e-02 | 1.25333e-02 1.07868e-01 1.39115e-01 |
   1409 | 4.67361e+01 3.31761e-02 | 1.25333e-02 1.07868e-01 1.39115e-01 |
   1410 | 4.67693e+01 3.31767e-02 | 1.25333e-02 1.07868e-01 1.39115e-01 |
   1411 | 4.68024e+01 3.31774e-02 | 1.25333e-02 1.07868e-01 1.39115e-01 |
   1412 | 4.68356e+01 3.31780e-02 | 1.25333e-02 1.07868e-01 1.39115e-01 |
   1413 | 4.68688e+01 3.31787e-02 | 1.25333e-02 1.07868e-01 1.39115e-01 |
   1414 | 4.69020e+01 3.31779e-02 | 1.25333e-02 1.07868e-01 1.39115e-01 |
   1415 | 4.69352e+01 3.31772e-02 | 1.25333e-02 1.07868e-01 1.39115e-01 |
   1416 | 4.69683e+01 3.31764e-02 | 1.25333e-02 1.07868e-01 1.39115e-01 |
   1417 | 4.70015e+01 3.31758e-02 | 1.25333e-02 1.07868e-01 1.39115e-01 |
   1418 | 4.70347e+01 3.31751e-02 | 1.25333e-02 1.07868e-01 1.39115e-01 |
   1419 | 4.70679e+01 3.31745e-02 | 1.25333e-02 1.07868e-01 1.39115e-01 |
   1420 | 4.71010e+01 3.31739e-02 | 1.25333e-02 1.07868e-01 1.39115e-01 |
   1421 | 4.71342e+01 3.31733e-02 | 1.25333e-02 1.07868e-01 1.39115e-01 |
   1422 | 4.71674e+01 3.31727e-02 | 1.25333e-02 1.07868e-01 1.39115e-01 |
   1423 | 4.72005e+01 3.31722e-02 | 1.25333e-02 1.07868e-01 1.39115e-01 |
   1424 | 4.72337e+01 3.31717e-02 | 1.25333e-02 1.07868e-01 1.39115e-01 |
   1425 | 4.72669e+01 3.31713e-02 | 1.25333e-02 1.07868e-01 1.39115e-01 |
   1426 | 4.73001e+01 3.31708e-02 | 1.25333e-02 1.07868e-01 1.39115e-01 |
   1427 | 4.73332e+01 3.31704e-02 | 1.25333e-02 1.07868e-01 1.39115e-01 |
   1428 | 4.73664e+01 3.31700e-02 | 1.25333e-02 1.07868e-01 1.39115e-01 |
   1429 | 4.73996e+01 3.31697e-02 | 1.25333e-02 1.07868e-01 1.39115e-01 |
   1430 | 4.74327e+01 3.31694e-02 | 1.25333e-02 1.07868e-01 1.39115e-01 |
   1431 | 4.74659e+01 3.31691e-02 | 1.25333e-02 1.07868e-01 1.39115e-01 |
   1432 | 4.74991e+01 3.31688e-02 | 1.25333e-02 1.07868e-01 1.39115e-01 |
   1433 | 4.75322e+01 3.31685e-02 | 1.25333e-02 1.07868e-01 1.39115e-01 |
   1434 | 4.75654e+01 3.31683e-02 | 1.25333e-02 1.07868e-01 1.39115e-01 |
   1435 | 4.75986e+01 3.31682e-02 | 1.25333e-02 1.07868e-01 1.39115e-01 |
   1436 | 4.76318e+01 3.31680e-02 | 1.25333e-02 1.07868e-01 1.39115e-01 |
   1437 | 4.76649e+01 3.31679e-02 | 1.25333e-02 1.07868e-01 1.39115e-01 |
   1438 | 4.76981e+01 3.31678e-02 | 1.25333e-02 1.07868e-01 1.39115e-01 |
   1439 | 4.77313e+01 3.31677e-02 | 1.25333e-02 1.07868e-01 1.39115e-01 |
   1440 | 4.77644e+01 3.31677e-02 | 1.25333e-02 1.07868e-01 1.39115e-01 |
   1441 | 4.77976e+01 3.31676e-02 | 1.25333e-02 1.07868e-01 1.39115e-01 |
   1442 | 4.78308e+01 3.31676e-02 | 1.25333e-02 1.07868e-01 1.39115e-01 |
   1443 | 4.78639e+01 3.31677e-02 | 1.25333e-02 1.07868e-01 1.39115e-01 |
   1444 | 4.78971e+01 3.31678e-02 | 1.25333e-02 1.07868e-01 1.39115e-01 |
   1445 | 4.79303e+01 3.31679e-02 | 1.25333e-02 1.07868e-01 1.39115e-01 |
   1446 | 4.79634e+01 3.31680e-02 | 1.25333e-02 1.07868e-01 1.39115e-01 |
   1447 | 4.79966e+01 3.31681e-02 | 1.25333e-02 1.07868e-01 1.39115e-01 |
   1448 | 4.80298e+01 3.31683e-02 | 1.25333e-02 1.07868e-01 1.39115e-01 |
   1449 | 4.80629e+01 3.31685e-02 | 1.25333e-02 1.07868e-01 1.39115e-01 |
   1450 | 4.80961e+01 3.31688e-02 | 1.25333e-02 1.07868e-01 1.39115e-01 |
   1451 | 4.81293e+01 3.31690e-02 | 1.25333e-02 1.07868e-01 1.39115e-01 |
   1452 | 4.81624e+01 3.31693e-02 | 1.25333e-02 1.07868e-01 1.39115e-01 |
   1453 | 4.81956e+01 3.31696e-02 | 1.25333e-02 1.07868e-01 1.39115e-01 |
   1454 | 4.82288e+01 3.31700e-02 | 1.25333e-02 1.07868e-01 1.39115e-01 |
   1455 | 4.82620e+01 3.31704e-02 | 1.25333e-02 1.07868e-01 1.39115e-01 |
   1456 | 4.82951e+01 3.31708e-02 | 1.25333e-02 1.07868e-01 1.39115e-01 |
   1457 | 4.83283e+01 3.31712e-02 | 1.25333e-02 1.07868e-01 1.39115e-01 |
   1458 | 4.83615e+01 3.31717e-02 | 1.25333e-02 1.07868e-01 1.39115e-01 |
   1459 | 4.83946e+01 3.31721e-02 | 1.25333e-02 1.07868e-01 1.39115e-01 |
   1460 | 4.84278e+01 3.31727e-02 | 1.25333e-02 1.07868e-01 1.39115e-01 |
   1461 | 4.84610e+01 3.31732e-02 | 1.25333e-02 1.07868e-01 1.39115e-01 |
   1462 | 4.84942e+01 3.31738e-02 | 1.25333e-02 1.07868e-01 1.39115e-01 |
   1463 | 4.85273e+01 3.31744e-02 | 1.25333e-02 1.07868e-01 1.39115e-01 |
   1464 | 4.85605e+01 3.31750e-02 | 1.25333e-02 1.07868e-01 1.39115e-01 |
   1465 | 4.85937e+01 3.31746e-02 | 1.25333e-02 1.07868e-01 1.39115e-01 |
   1466 | 4.86269e+01 3.31741e-02 | 1.25333e-02 1.07868e-01 1.39115e-01 |
   1467 | 4.86600e+01 3.31736e-02 | 1.25333e-02 1.07868e-01 1.39115e-01 |
   1468 | 4.86932e+01 3.31732e-02 | 1.25333e-02 1.07868e-01 1.39115e-01 |
   1469 | 4.87264e+01 3.31727e-02 | 1.25333e-02 1.07868e-01 1.39115e-01 |
   1470 | 4.87595e+01 3.31723e-02 | 1.25333e-02 1.07868e-01 1.39115e-01 |
   1471 | 4.87927e+01 3.31720e-02 | 1.25333e-02 1.07868e-01 1.39115e-01 |
   1472 | 4.88259e+01 3.31717e-02 | 1.25333e-02 1.07868e-01 1.39115e-01 |
   1473 | 4.88591e+01 3.31713e-02 | 1.25333e-02 1.07868e-01 1.39115e-01 |
   1474 | 4.88922e+01 3.31711e-02 | 1.25333e-02 1.07868e-01 1.39115e-01 |
   1475 | 4.89254e+01 3.31708e-02 | 1.25333e-02 1.07868e-01 1.39115e-01 |
   1476 | 4.89586e+01 3.31706e-02 | 1.25333e-02 1.07868e-01 1.39115e-01 |
   1477 | 4.89917e+01 3.31704e-02 | 1.25333e-02 1.07868e-01 1.39115e-01 |
   1478 | 4.90249e+01 3.31702e-02 | 1.25333e-02 1.07868e-01 1.39115e-01 |
   1479 | 4.90581e+01 3.31701e-02 | 1.25333e-02 1.07868e-01 1.39115e-01 |
   1480 | 4.90913e+01 3.31700e-02 | 1.25333e-02 1.07868e-01 1.39115e-01 |
   1481 | 4.91244e+01 3.31699e-02 | 1.25333e-02 1.07868e-01 1.39115e-01 |
   1482 | 4.91576e+01 3.31698e-02 | 1.25333e-02 1.07868e-01 1.39115e-01 |
   1483 | 4.91908e+01 3.31698e-02 | 1.25333e-02 1.07868e-01 1.39115e-01 |
   1484 | 4.92239e+01 3.31698e-02 | 1.25333e-02 1.07868e-01 1.39115e-01 |
   1485 | 4.92571e+01 3.31698e-02 | 1.25333e-02 1.07868e-01 1.39115e-01 |
   1486 | 4.92903e+01 3.31699e-02 | 1.25333e-02 1.07868e-01 1.39115e-01 |
   1487 | 4.93234e+01 3.31700e-02 | 1.25333e-02 1.07868e-01 1.39115e-01 |
   1488 | 4.93566e+01 3.31701e-02 | 1.25333e-02 1.07868e-01 1.39115e-01 |
   1489 | 4.93898e+01 3.31702e-02 | 1.25333e-02 1.07868e-01 1.39115e-01 |
   1490 | 4.94230e+01 3.31701e-02 | 1.25333e-02 1.07868e-01 1.39115e-01 |
   1491 | 4.94561e+01 3.31699e-02 | 1.25333e-02 1.07868e-01 1.39115e-01 |
   1492 | 4.94893e+01 3.31697e-02 | 1.25333e-02 1.07868e-01 1.39115e-01 |
   1493 | 4.95225e+01 3.31696e-02 | 1.25333e-02 1.07868e-01 1.39115e-01 |
   1494 | 4.95556e+01 3.31695e-02 | 1.25333e-02 1.07868e-01 1.39115e-01 |
   1495 | 4.95888e+01 3.31694e-02 | 1.25333e-02 1.07868e-01 1.39115e-01 |
   1496 | 4.96220e+01 3.31693e-02 | 1.25333e-02 1.07868e-01 1.39115e-01 |
   1497 | 4.96551e+01 3.31693e-02 | 1.25333e-02 1.07868e-01 1.39115e-01 |
   1498 | 4.96883e+01 3.31693e-02 | 1.25333e-02 1.07868e-01 1.39115e-01 |
   1499 | 4.97215e+01 3.31693e-02 | 1.25333e-02 1.07868e-01 1.39115e-01 |
   1500 | 4.97546e+01 3.31693e-02 | 1.25333e-02 1.07868e-01 1.39115e-01 |
   1501 | 4.97878e+01 3.31694e-02 | 1.25333e-02 1.07868e-01 1.39115e-01 |
   1502 | 4.98210e+01 3.31695e-02 | 1.25333e-02 1.07868e-01 1.39115e-01 |
   1503 | 4.98542e+01 3.31697e-02 | 1.25333e-02 1.07868e-01 1.39115e-01 |
   1504 | 4.98873e+01 3.31698e-02 | 1.25333e-02 1.07868e-01 1.39115e-01 |
   1505 | 4.99205e+01 3.31700e-02 | 1.25333e-02 1.07868e-01 1.39115e-01 |
   1506 | 4.99537e+01 3.31702e-02 | 1.25333e-02 1.07868e-01 1.39115e-01 |
   1507 | 4.99868e+01 3.31705e-02 | 1.25333e-02 1.07868e-01 1.39115e-01 |
   1508 | 5.00200e+01 3.31708e-02 | 1.25333e-02 1.07868e-01 1.39115e-01 |
   1509 | 5.00532e+01 3.31711e-02 | 1.25333e-02 1.07868e-01 1.39115e-01 |
   1510 | 5.00864e+01 3.31714e-02 | 1.25333e-02 1.07868e-01 1.39115e-01 |
   1511 | 5.01195e+01 3.31717e-02 | 1.25333e-02 1.07868e-01 1.39115e-01 |
   1512 | 5.01527e+01 3.31721e-02 | 1.25333e-02 1.07868e-01 1.39115e-01 |
   1513 | 5.01859e+01 3.31726e-02 | 1.25333e-02 1.07868e-01 1.39115e-01 |
   1514 | 5.02190e+01 3.31730e-02 | 1.25333e-02 1.07868e-01 1.39115e-01 |
   1515 | 5.02522e+01 3.31735e-02 | 1.25333e-02 1.07868e-01 1.39115e-01 |
   1516 | 5.02854e+01 3.31740e-02 | 1.25333e-02 1.07868e-01 1.39115e-01 |
   1517 | 5.03186e+01 3.31745e-02 | 1.25333e-02 1.07868e-01 1.39115e-01 |
   1518 | 5.03517e+01 3.31750e-02 | 1.25334e-02 1.07868e-01 1.39115e-01 |
   1519 | 5.03849e+01 3.31756e-02 | 1.25334e-02 1.07868e-01 1.39115e-01 |
   1520 | 5.04181e+01 3.31762e-02 | 1.25334e-02 1.07868e-01 1.39115e-01 |
   1521 | 5.04513e+01 3.31760e-02 | 1.25334e-02 1.07868e-01 1.39115e-01 |
   1522 | 5.04844e+01 3.31756e-02 | 1.25334e-02 1.07868e-01 1.39115e-01 |
   1523 | 5.05176e+01 3.31752e-02 | 1.25334e-02 1.07868e-01 1.39115e-01 |
   1524 | 5.05508e+01 3.31748e-02 | 1.25334e-02 1.07868e-01 1.39115e-01 |
   1525 | 5.05840e+01 3.31745e-02 | 1.25334e-02 1.07868e-01 1.39115e-01 |
   1526 | 5.06171e+01 3.31742e-02 | 1.25334e-02 1.07868e-01 1.39115e-01 |
   1527 | 5.06503e+01 3.31739e-02 | 1.25334e-02 1.07868e-01 1.39115e-01 |
   1528 | 5.06835e+01 3.31736e-02 | 1.25334e-02 1.07868e-01 1.39115e-01 |
   1529 | 5.07167e+01 3.31734e-02 | 1.25334e-02 1.07868e-01 1.39115e-01 |
   1530 | 5.07498e+01 3.31732e-02 | 1.25334e-02 1.07868e-01 1.39115e-01 |
   1531 | 5.07830e+01 3.31729e-02 | 1.25334e-02 1.07868e-01 1.39115e-01 |
   1532 | 5.08162e+01 3.31723e-02 | 1.25334e-02 1.07868e-01 1.39115e-01 |
   1533 | 5.08494e+01 3.31718e-02 | 1.25334e-02 1.07868e-01 1.39115e-01 |
   1534 | 5.08825e+01 3.31713e-02 | 1.25334e-02 1.07868e-01 1.39115e-01 |
   1535 | 5.09157e+01 3.31709e-02 | 1.25334e-02 1.07868e-01 1.39115e-01 |
   1536 | 5.09489e+01 3.31704e-02 | 1.25334e-02 1.07868e-01 1.39115e-01 |
   1537 | 5.09820e+01 3.31700e-02 | 1.25334e-02 1.07868e-01 1.39115e-01 |
   1538 | 5.10152e+01 3.31696e-02 | 1.25334e-02 1.07868e-01 1.39115e-01 |
   1539 | 5.10484e+01 3.31693e-02 | 1.25334e-02 1.07868e-01 1.39115e-01 |
   1540 | 5.10815e+01 3.31690e-02 | 1.25334e-02 1.07868e-01 1.39115e-01 |
   1541 | 5.11147e+01 3.31687e-02 | 1.25334e-02 1.07868e-01 1.39115e-01 |
   1542 | 5.11479e+01 3.31684e-02 | 1.25334e-02 1.07868e-01 1.39115e-01 |
   1543 | 5.11810e+01 3.31682e-02 | 1.25334e-02 1.07868e-01 1.39115e-01 |
   1544 | 5.12142e+01 3.31680e-02 | 1.25334e-02 1.07868e-01 1.39115e-01 |
   1545 | 5.12474e+01 3.31678e-02 | 1.25334e-02 1.07868e-01 1.39115e-01 |
   1546 | 5.12805e+01 3.31676e-02 | 1.25334e-02 1.07868e-01 1.39115e-01 |
   1547 | 5.13137e+01 3.31675e-02 | 1.25334e-02 1.07868e-01 1.39115e-01 |
   1548 | 5.13469e+01 3.31674e-02 | 1.25334e-02 1.07868e-01 1.39115e-01 |
   1549 | 5.13801e+01 3.31673e-02 | 1.25334e-02 1.07868e-01 1.39115e-01 |
   1550 | 5.14132e+01 3.31673e-02 | 1.25334e-02 1.07868e-01 1.39115e-01 |
   1551 | 5.14464e+01 3.31673e-02 | 1.25334e-02 1.07868e-01 1.39115e-01 |
   1552 | 5.14796e+01 3.31673e-02 | 1.25334e-02 1.07868e-01 1.39115e-01 |
   1553 | 5.15127e+01 3.31673e-02 | 1.25334e-02 1.07868e-01 1.39115e-01 |
   1554 | 5.15459e+01 3.31674e-02 | 1.25334e-02 1.07868e-01 1.39115e-01 |
   1555 | 5.15791e+01 3.31675e-02 | 1.25334e-02 1.07868e-01 1.39115e-01 |
   1556 | 5.16122e+01 3.31676e-02 | 1.25334e-02 1.07868e-01 1.39115e-01 |
   1557 | 5.16454e+01 3.31678e-02 | 1.25334e-02 1.07868e-01 1.39115e-01 |
   1558 | 5.16786e+01 3.31680e-02 | 1.25334e-02 1.07868e-01 1.39115e-01 |
   1559 | 5.17117e+01 3.31682e-02 | 1.25334e-02 1.07868e-01 1.39115e-01 |
   1560 | 5.17449e+01 3.31684e-02 | 1.25334e-02 1.07868e-01 1.39115e-01 |
   1561 | 5.17781e+01 3.31687e-02 | 1.25334e-02 1.07868e-01 1.39115e-01 |
   1562 | 5.18112e+01 3.31690e-02 | 1.25334e-02 1.07868e-01 1.39115e-01 |
   1563 | 5.18444e+01 3.31693e-02 | 1.25334e-02 1.07868e-01 1.39115e-01 |
   1564 | 5.18776e+01 3.31696e-02 | 1.25334e-02 1.07868e-01 1.39115e-01 |
   1565 | 5.19107e+01 3.31700e-02 | 1.25334e-02 1.07868e-01 1.39115e-01 |
   1566 | 5.19439e+01 3.31704e-02 | 1.25334e-02 1.07868e-01 1.39115e-01 |
   1567 | 5.19771e+01 3.31709e-02 | 1.25334e-02 1.07868e-01 1.39115e-01 |
   1568 | 5.20103e+01 3.31713e-02 | 1.25334e-02 1.07868e-01 1.39115e-01 |
   1569 | 5.20434e+01 3.31718e-02 | 1.25334e-02 1.07868e-01 1.39115e-01 |
   1570 | 5.20766e+01 3.31723e-02 | 1.25334e-02 1.07868e-01 1.39115e-01 |
   1571 | 5.21098e+01 3.31729e-02 | 1.25334e-02 1.07868e-01 1.39115e-01 |
   1572 | 5.21429e+01 3.31735e-02 | 1.25334e-02 1.07868e-01 1.39115e-01 |
   1573 | 5.21761e+01 3.31741e-02 | 1.25334e-02 1.07868e-01 1.39115e-01 |
   1574 | 5.22093e+01 3.31747e-02 | 1.25334e-02 1.07868e-01 1.39115e-01 |
   1575 | 5.22425e+01 3.31751e-02 | 1.25334e-02 1.07868e-01 1.39115e-01 |
   1576 | 5.22756e+01 3.31746e-02 | 1.25334e-02 1.07868e-01 1.39115e-01 |
   1577 | 5.23088e+01 3.31741e-02 | 1.25334e-02 1.07868e-01 1.39115e-01 |
   1578 | 5.23420e+01 3.31737e-02 | 1.25334e-02 1.07868e-01 1.39115e-01 |
   1579 | 5.23752e+01 3.31733e-02 | 1.25334e-02 1.07868e-01 1.39115e-01 |
   1580 | 5.24083e+01 3.31729e-02 | 1.25334e-02 1.07868e-01 1.39115e-01 |
   1581 | 5.24415e+01 3.31725e-02 | 1.25334e-02 1.07868e-01 1.39115e-01 |
   1582 | 5.24747e+01 3.31722e-02 | 1.25334e-02 1.07868e-01 1.39115e-01 |
   1583 | 5.25079e+01 3.31719e-02 | 1.25334e-02 1.07868e-01 1.39115e-01 |
   1584 | 5.25410e+01 3.31716e-02 | 1.25334e-02 1.07868e-01 1.39115e-01 |
   1585 | 5.25742e+01 3.31713e-02 | 1.25334e-02 1.07868e-01 1.39115e-01 |
   1586 | 5.26074e+01 3.31711e-02 | 1.25334e-02 1.07868e-01 1.39115e-01 |
   1587 | 5.26405e+01 3.31709e-02 | 1.25334e-02 1.07868e-01 1.39115e-01 |
   1588 | 5.26737e+01 3.31708e-02 | 1.25334e-02 1.07868e-01 1.39115e-01 |
   1589 | 5.27069e+01 3.31706e-02 | 1.25334e-02 1.07868e-01 1.39115e-01 |
   1590 | 5.27401e+01 3.31705e-02 | 1.25334e-02 1.07868e-01 1.39115e-01 |
   1591 | 5.27732e+01 3.31704e-02 | 1.25334e-02 1.07868e-01 1.39115e-01 |
   1592 | 5.28064e+01 3.31704e-02 | 1.25334e-02 1.07868e-01 1.39115e-01 |
   1593 | 5.28396e+01 3.31703e-02 | 1.25334e-02 1.07868e-01 1.39115e-01 |
   1594 | 5.28727e+01 3.31703e-02 | 1.25334e-02 1.07868e-01 1.39115e-01 |
   1595 | 5.29059e+01 3.31704e-02 | 1.25334e-02 1.07868e-01 1.39115e-01 |
   1596 | 5.29391e+01 3.31704e-02 | 1.25334e-02 1.07868e-01 1.39115e-01 |
   1597 | 5.29722e+01 3.31705e-02 | 1.25334e-02 1.07868e-01 1.39115e-01 |
   1598 | 5.30054e+01 3.31706e-02 | 1.25334e-02 1.07868e-01 1.39115e-01 |
   1599 | 5.30386e+01 3.31708e-02 | 1.25334e-02 1.07868e-01 1.39115e-01 |
   1600 | 5.30718e+01 3.31709e-02 | 1.25334e-02 1.07868e-01 1.39115e-01 |
   1601 | 5.31049e+01 3.31711e-02 | 1.25334e-02 1.07868e-01 1.39115e-01 |
   1602 | 5.31381e+01 3.31714e-02 | 1.25334e-02 1.07868e-01 1.39115e-01 |
   1603 | 5.31713e+01 3.31716e-02 | 1.25334e-02 1.07868e-01 1.39115e-01 |
   1604 | 5.32044e+01 3.31719e-02 | 1.25334e-02 1.07868e-01 1.39115e-01 |
   1605 | 5.32376e+01 3.31722e-02 | 1.25334e-02 1.07868e-01 1.39115e-01 |
   1606 | 5.32708e+01 3.31725e-02 | 1.25334e-02 1.07868e-01 1.39115e-01 |
   1607 | 5.33040e+01 3.31729e-02 | 1.25334e-02 1.07868e-01 1.39115e-01 |
   1608 | 5.33371e+01 3.31733e-02 | 1.25334e-02 1.07868e-01 1.39115e-01 |
   1609 | 5.33703e+01 3.31737e-02 | 1.25334e-02 1.07868e-01 1.39115e-01 |
   1610 | 5.34035e+01 3.31741e-02 | 1.25334e-02 1.07868e-01 1.39115e-01 |
   1611 | 5.34367e+01 3.31746e-02 | 1.25334e-02 1.07868e-01 1.39115e-01 |
   1612 | 5.34698e+01 3.31751e-02 | 1.25334e-02 1.07868e-01 1.39115e-01 |
   1613 | 5.35030e+01 3.31757e-02 | 1.25334e-02 1.07868e-01 1.39115e-01 |
   1614 | 5.35362e+01 3.31758e-02 | 1.25334e-02 1.07868e-01 1.39115e-01 |
   1615 | 5.35694e+01 3.31759e-02 | 1.25334e-02 1.07868e-01 1.39115e-01 |
   1616 | 5.36025e+01 3.31760e-02 | 1.25334e-02 1.07868e-01 1.39115e-01 |
   1617 | 5.36357e+01 3.31761e-02 | 1.25334e-02 1.07868e-01 1.39115e-01 |
   1618 | 5.36689e+01 3.31762e-02 | 1.25334e-02 1.07868e-01 1.39115e-01 |
   1619 | 5.37021e+01 3.31764e-02 | 1.25334e-02 1.07868e-01 1.39115e-01 |
   1620 | 5.37352e+01 3.31766e-02 | 1.25334e-02 1.07868e-01 1.39115e-01 |
   1621 | 5.37684e+01 3.31768e-02 | 1.25334e-02 1.07868e-01 1.39115e-01 |
   1622 | 5.38016e+01 3.31771e-02 | 1.25334e-02 1.07868e-01 1.39115e-01 |
   1623 | 5.38348e+01 3.31774e-02 | 1.25334e-02 1.07868e-01 1.39115e-01 |
   1624 | 5.38679e+01 3.31777e-02 | 1.25334e-02 1.07868e-01 1.39115e-01 |
   1625 | 5.39011e+01 3.31772e-02 | 1.25334e-02 1.07868e-01 1.39115e-01 |
   1626 | 5.39343e+01 3.31764e-02 | 1.25334e-02 1.07868e-01 1.39115e-01 |
   1627 | 5.39675e+01 3.31756e-02 | 1.25334e-02 1.07868e-01 1.39115e-01 |
   1628 | 5.40007e+01 3.31749e-02 | 1.25334e-02 1.07868e-01 1.39115e-01 |
   1629 | 5.40338e+01 3.31742e-02 | 1.25334e-02 1.07868e-01 1.39115e-01 |
   1630 | 5.40670e+01 3.31735e-02 | 1.25334e-02 1.07868e-01 1.39115e-01 |
   1631 | 5.41002e+01 3.31728e-02 | 1.25334e-02 1.07868e-01 1.39115e-01 |
   1632 | 5.41333e+01 3.31722e-02 | 1.25334e-02 1.07868e-01 1.39115e-01 |
   1633 | 5.41665e+01 3.31716e-02 | 1.25334e-02 1.07868e-01 1.39115e-01 |
   1634 | 5.41997e+01 3.31710e-02 | 1.25334e-02 1.07868e-01 1.39115e-01 |
   1635 | 5.42329e+01 3.31705e-02 | 1.25334e-02 1.07868e-01 1.39115e-01 |
   1636 | 5.42660e+01 3.31699e-02 | 1.25334e-02 1.07868e-01 1.39115e-01 |
   1637 | 5.42992e+01 3.31694e-02 | 1.25334e-02 1.07868e-01 1.39115e-01 |
   1638 | 5.43324e+01 3.31690e-02 | 1.25334e-02 1.07868e-01 1.39115e-01 |
   1639 | 5.43655e+01 3.31685e-02 | 1.25334e-02 1.07868e-01 1.39115e-01 |
   1640 | 5.43987e+01 3.31681e-02 | 1.25334e-02 1.07868e-01 1.39115e-01 |
   1641 | 5.44319e+01 3.31677e-02 | 1.25334e-02 1.07868e-01 1.39115e-01 |
   1642 | 5.44650e+01 3.31674e-02 | 1.25334e-02 1.07868e-01 1.39115e-01 |
   1643 | 5.44982e+01 3.31671e-02 | 1.25334e-02 1.07868e-01 1.39115e-01 |
   1644 | 5.45314e+01 3.31668e-02 | 1.25334e-02 1.07868e-01 1.39115e-01 |
   1645 | 5.45645e+01 3.31665e-02 | 1.25334e-02 1.07868e-01 1.39115e-01 |
   1646 | 5.45977e+01 3.31662e-02 | 1.25334e-02 1.07868e-01 1.39115e-01 |
   1647 | 5.46309e+01 3.31660e-02 | 1.25334e-02 1.07868e-01 1.39115e-01 |
   1648 | 5.46640e+01 3.31658e-02 | 1.25334e-02 1.07868e-01 1.39115e-01 |
   1649 | 5.46972e+01 3.31657e-02 | 1.25334e-02 1.07868e-01 1.39115e-01 |
   1650 | 5.47304e+01 3.31655e-02 | 1.25334e-02 1.07868e-01 1.39115e-01 |
   1651 | 5.47635e+01 3.31654e-02 | 1.25334e-02 1.07868e-01 1.39115e-01 |
   1652 | 5.47967e+01 3.31654e-02 | 1.25334e-02 1.07868e-01 1.39115e-01 |
   1653 | 5.48299e+01 3.31653e-02 | 1.25334e-02 1.07868e-01 1.39115e-01 |
   1654 | 5.48630e+01 3.31653e-02 | 1.25334e-02 1.07868e-01 1.39115e-01 |
   1655 | 5.48962e+01 3.31653e-02 | 1.25334e-02 1.07868e-01 1.39115e-01 |
   1656 | 5.49294e+01 3.31653e-02 | 1.25334e-02 1.07868e-01 1.39115e-01 |
   1657 | 5.49625e+01 3.31654e-02 | 1.25334e-02 1.07868e-01 1.39115e-01 |
   1658 | 5.49957e+01 3.31655e-02 | 1.25334e-02 1.07868e-01 1.39115e-01 |
   1659 | 5.50289e+01 3.31656e-02 | 1.25334e-02 1.07868e-01 1.39115e-01 |
   1660 | 5.50620e+01 3.31658e-02 | 1.25334e-02 1.07868e-01 1.39115e-01 |
   1661 | 5.50952e+01 3.31659e-02 | 1.25334e-02 1.07868e-01 1.39115e-01 |
   1662 | 5.51284e+01 3.31661e-02 | 1.25334e-02 1.07868e-01 1.39115e-01 |
   1663 | 5.51615e+01 3.31664e-02 | 1.25334e-02 1.07868e-01 1.39115e-01 |
   1664 | 5.51947e+01 3.31666e-02 | 1.25334e-02 1.07868e-01 1.39115e-01 |
   1665 | 5.52279e+01 3.31669e-02 | 1.25334e-02 1.07868e-01 1.39115e-01 |
   1666 | 5.52610e+01 3.31672e-02 | 1.25334e-02 1.07868e-01 1.39115e-01 |
   1667 | 5.52942e+01 3.31676e-02 | 1.25334e-02 1.07868e-01 1.39115e-01 |
   1668 | 5.53274e+01 3.31679e-02 | 1.25334e-02 1.07868e-01 1.39115e-01 |
   1669 | 5.53605e+01 3.31683e-02 | 1.25334e-02 1.07868e-01 1.39115e-01 |
   1670 | 5.53937e+01 3.31688e-02 | 1.25334e-02 1.07868e-01 1.39115e-01 |
   1671 | 5.54269e+01 3.31692e-02 | 1.25334e-02 1.07868e-01 1.39115e-01 |
   1672 | 5.54600e+01 3.31697e-02 | 1.25334e-02 1.07868e-01 1.39115e-01 |
   1673 | 5.54932e+01 3.31702e-02 | 1.25334e-02 1.07868e-01 1.39115e-01 |
   1674 | 5.55264e+01 3.31707e-02 | 1.25334e-02 1.07868e-01 1.39115e-01 |
   1675 | 5.55595e+01 3.31713e-02 | 1.25334e-02 1.07868e-01 1.39115e-01 |
   1676 | 5.55927e+01 3.31719e-02 | 1.25334e-02 1.07868e-01 1.39115e-01 |
   1677 | 5.56259e+01 3.31725e-02 | 1.25334e-02 1.07868e-01 1.39115e-01 |
   1678 | 5.56591e+01 3.31732e-02 | 1.25334e-02 1.07868e-01 1.39115e-01 |
   1679 | 5.56922e+01 3.31738e-02 | 1.25334e-02 1.07868e-01 1.39115e-01 |
   1680 | 5.57254e+01 3.31745e-02 | 1.25334e-02 1.07868e-01 1.39115e-01 |
   1681 | 5.57586e+01 3.31753e-02 | 1.25334e-02 1.07868e-01 1.39115e-01 |
   1682 | 5.57918e+01 3.31754e-02 | 1.25334e-02 1.07868e-01 1.39115e-01 |
   1683 | 5.58249e+01 3.31747e-02 | 1.25334e-02 1.07868e-01 1.39115e-01 |
   1684 | 5.58581e+01 3.31740e-02 | 1.25334e-02 1.07868e-01 1.39115e-01 |
   1685 | 5.58913e+01 3.31734e-02 | 1.25334e-02 1.07868e-01 1.39115e-01 |
   1686 | 5.59245e+01 3.31728e-02 | 1.25334e-02 1.07868e-01 1.39115e-01 |
   1687 | 5.59576e+01 3.31722e-02 | 1.25334e-02 1.07868e-01 1.39115e-01 |
   1688 | 5.59908e+01 3.31716e-02 | 1.25334e-02 1.07868e-01 1.39115e-01 |
   1689 | 5.60240e+01 3.31711e-02 | 1.25334e-02 1.07868e-01 1.39115e-01 |
   1690 | 5.60571e+01 3.31706e-02 | 1.25334e-02 1.07868e-01 1.39115e-01 |
   1691 | 5.60903e+01 3.31701e-02 | 1.25334e-02 1.07868e-01 1.39115e-01 |
   1692 | 5.61235e+01 3.31696e-02 | 1.25334e-02 1.07868e-01 1.39115e-01 |
   1693 | 5.61567e+01 3.31692e-02 | 1.25334e-02 1.07868e-01 1.39115e-01 |
   1694 | 5.61898e+01 3.31688e-02 | 1.25334e-02 1.07868e-01 1.39115e-01 |
   1695 | 5.62230e+01 3.31685e-02 | 1.25334e-02 1.07868e-01 1.39115e-01 |
   1696 | 5.62562e+01 3.31681e-02 | 1.25334e-02 1.07868e-01 1.39115e-01 |
   1697 | 5.62893e+01 3.31678e-02 | 1.25334e-02 1.07868e-01 1.39115e-01 |
   1698 | 5.63225e+01 3.31675e-02 | 1.25334e-02 1.07868e-01 1.39115e-01 |
   1699 | 5.63557e+01 3.31673e-02 | 1.25334e-02 1.07868e-01 1.39115e-01 |
   1700 | 5.63888e+01 3.31670e-02 | 1.25334e-02 1.07868e-01 1.39115e-01 |
   1701 | 5.64220e+01 3.31668e-02 | 1.25334e-02 1.07868e-01 1.39115e-01 |
   1702 | 5.64552e+01 3.31667e-02 | 1.25334e-02 1.07868e-01 1.39115e-01 |
   1703 | 5.64883e+01 3.31665e-02 | 1.25334e-02 1.07868e-01 1.39115e-01 |
   1704 | 5.65215e+01 3.31664e-02 | 1.25334e-02 1.07868e-01 1.39115e-01 |
   1705 | 5.65547e+01 3.31663e-02 | 1.25334e-02 1.07868e-01 1.39115e-01 |
   1706 | 5.65878e+01 3.31663e-02 | 1.25334e-02 1.07868e-01 1.39115e-01 |
   1707 | 5.66210e+01 3.31662e-02 | 1.25334e-02 1.07868e-01 1.39115e-01 |
   1708 | 5.66542e+01 3.31662e-02 | 1.25334e-02 1.07868e-01 1.39115e-01 |
   1709 | 5.66873e+01 3.31663e-02 | 1.25334e-02 1.07868e-01 1.39115e-01 |
   1710 | 5.67205e+01 3.31663e-02 | 1.25334e-02 1.07868e-01 1.39115e-01 |
   1711 | 5.67537e+01 3.31664e-02 | 1.25334e-02 1.07868e-01 1.39115e-01 |
   1712 | 5.67868e+01 3.31665e-02 | 1.25334e-02 1.07868e-01 1.39115e-01 |
   1713 | 5.68200e+01 3.31666e-02 | 1.25334e-02 1.07868e-01 1.39115e-01 |
   1714 | 5.68532e+01 3.31668e-02 | 1.25334e-02 1.07868e-01 1.39115e-01 |
   1715 | 5.68863e+01 3.31670e-02 | 1.25334e-02 1.07868e-01 1.39115e-01 |
   1716 | 5.69195e+01 3.31672e-02 | 1.25334e-02 1.07868e-01 1.39115e-01 |
   1717 | 5.69527e+01 3.31675e-02 | 1.25334e-02 1.07868e-01 1.39115e-01 |
   1718 | 5.69858e+01 3.31677e-02 | 1.25334e-02 1.07868e-01 1.39115e-01 |
   1719 | 5.70190e+01 3.31680e-02 | 1.25334e-02 1.07868e-01 1.39115e-01 |
   1720 | 5.70522e+01 3.31684e-02 | 1.25334e-02 1.07868e-01 1.39115e-01 |
   1721 | 5.70853e+01 3.31687e-02 | 1.25334e-02 1.07868e-01 1.39115e-01 |
   1722 | 5.71185e+01 3.31691e-02 | 1.25334e-02 1.07868e-01 1.39115e-01 |
   1723 | 5.71517e+01 3.31695e-02 | 1.25334e-02 1.07868e-01 1.39115e-01 |
   1724 | 5.71848e+01 3.31700e-02 | 1.25334e-02 1.07868e-01 1.39115e-01 |
   1725 | 5.72180e+01 3.31704e-02 | 1.25334e-02 1.07868e-01 1.39115e-01 |
   1726 | 5.72512e+01 3.31709e-02 | 1.25334e-02 1.07868e-01 1.39115e-01 |
   1727 | 5.72844e+01 3.31715e-02 | 1.25334e-02 1.07868e-01 1.39115e-01 |
   1728 | 5.73175e+01 3.31720e-02 | 1.25334e-02 1.07868e-01 1.39115e-01 |
   1729 | 5.73507e+01 3.31726e-02 | 1.25334e-02 1.07868e-01 1.39115e-01 |
   1730 | 5.73839e+01 3.31732e-02 | 1.25334e-02 1.07868e-01 1.39115e-01 |
   1731 | 5.74170e+01 3.31738e-02 | 1.25334e-02 1.07868e-01 1.39115e-01 |
   1732 | 5.74502e+01 3.31745e-02 | 1.25334e-02 1.07868e-01 1.39115e-01 |
   1733 | 5.74834e+01 3.31752e-02 | 1.25334e-02 1.07868e-01 1.39115e-01 |
   1734 | 5.75166e+01 3.31759e-02 | 1.25334e-02 1.07868e-01 1.39115e-01 |
   1735 | 5.75497e+01 3.31767e-02 | 1.25334e-02 1.07868e-01 1.39115e-01 |
   1736 | 5.75829e+01 3.31765e-02 | 1.25334e-02 1.07868e-01 1.39115e-01 |
   1737 | 5.76161e+01 3.31757e-02 | 1.25334e-02 1.07868e-01 1.39115e-01 |
   1738 | 5.76493e+01 3.31750e-02 | 1.25334e-02 1.07868e-01 1.39115e-01 |
   1739 | 5.76824e+01 3.31743e-02 | 1.25334e-02 1.07868e-01 1.39115e-01 |
   1740 | 5.77156e+01 3.31736e-02 | 1.25334e-02 1.07868e-01 1.39115e-01 |
   1741 | 5.77488e+01 3.31729e-02 | 1.25334e-02 1.07868e-01 1.39115e-01 |
   1742 | 5.77820e+01 3.31723e-02 | 1.25334e-02 1.07868e-01 1.39115e-01 |
   1743 | 5.78151e+01 3.31717e-02 | 1.25334e-02 1.07868e-01 1.39115e-01 |
   1744 | 5.78483e+01 3.31711e-02 | 1.25334e-02 1.07868e-01 1.39115e-01 |
   1745 | 5.78815e+01 3.31706e-02 | 1.25334e-02 1.07868e-01 1.39115e-01 |
   1746 | 5.79147e+01 3.31701e-02 | 1.25334e-02 1.07868e-01 1.39115e-01 |
   1747 | 5.79478e+01 3.31696e-02 | 1.25334e-02 1.07868e-01 1.39115e-01 |
   1748 | 5.79810e+01 3.31691e-02 | 1.25334e-02 1.07868e-01 1.39115e-01 |
   1749 | 5.80142e+01 3.31687e-02 | 1.25334e-02 1.07868e-01 1.39115e-01 |
   1750 | 5.80473e+01 3.31682e-02 | 1.25334e-02 1.07868e-01 1.39115e-01 |
   1751 | 5.80805e+01 3.31679e-02 | 1.25334e-02 1.07868e-01 1.39115e-01 |
   1752 | 5.81137e+01 3.31675e-02 | 1.25334e-02 1.07868e-01 1.39115e-01 |
   1753 | 5.81468e+01 3.31672e-02 | 1.25334e-02 1.07868e-01 1.39115e-01 |
   1754 | 5.81800e+01 3.31669e-02 | 1.25334e-02 1.07868e-01 1.39115e-01 |
   1755 | 5.82132e+01 3.31666e-02 | 1.25334e-02 1.07868e-01 1.39115e-01 |
   1756 | 5.82463e+01 3.31664e-02 | 1.25334e-02 1.07868e-01 1.39115e-01 |
   1757 | 5.82795e+01 3.31661e-02 | 1.25334e-02 1.07868e-01 1.39115e-01 |
   1758 | 5.83127e+01 3.31660e-02 | 1.25334e-02 1.07868e-01 1.39115e-01 |
   1759 | 5.83458e+01 3.31658e-02 | 1.25334e-02 1.07868e-01 1.39115e-01 |
   1760 | 5.83790e+01 3.31657e-02 | 1.25334e-02 1.07868e-01 1.39115e-01 |
   1761 | 5.84122e+01 3.31656e-02 | 1.25334e-02 1.07868e-01 1.39115e-01 |
   1762 | 5.84453e+01 3.31655e-02 | 1.25334e-02 1.07868e-01 1.39115e-01 |
   1763 | 5.84785e+01 3.31654e-02 | 1.25334e-02 1.07868e-01 1.39115e-01 |
   1764 | 5.85117e+01 3.31654e-02 | 1.25334e-02 1.07868e-01 1.39115e-01 |
   1765 | 5.85448e+01 3.31654e-02 | 1.25334e-02 1.07868e-01 1.39115e-01 |
   1766 | 5.85780e+01 3.31655e-02 | 1.25334e-02 1.07868e-01 1.39115e-01 |
   1767 | 5.86112e+01 3.31655e-02 | 1.25334e-02 1.07868e-01 1.39115e-01 |
   1768 | 5.86443e+01 3.31656e-02 | 1.25334e-02 1.07868e-01 1.39115e-01 |
   1769 | 5.86775e+01 3.31657e-02 | 1.25334e-02 1.07868e-01 1.39115e-01 |
   1770 | 5.87106e+01 3.31659e-02 | 1.25334e-02 1.07868e-01 1.39115e-01 |
   1771 | 5.87438e+01 3.31661e-02 | 1.25334e-02 1.07868e-01 1.39115e-01 |
   1772 | 5.87770e+01 3.31663e-02 | 1.25334e-02 1.07868e-01 1.39115e-01 |
   1773 | 5.88101e+01 3.31665e-02 | 1.25334e-02 1.07868e-01 1.39115e-01 |
   1774 | 5.88433e+01 3.31668e-02 | 1.25334e-02 1.07868e-01 1.39115e-01 |
   1775 | 5.88765e+01 3.31671e-02 | 1.25334e-02 1.07868e-01 1.39115e-01 |
   1776 | 5.89096e+01 3.31674e-02 | 1.25334e-02 1.07868e-01 1.39115e-01 |
   1777 | 5.89428e+01 3.31677e-02 | 1.25334e-02 1.07868e-01 1.39115e-01 |
   1778 | 5.89760e+01 3.31681e-02 | 1.25334e-02 1.07868e-01 1.39115e-01 |
   1779 | 5.90092e+01 3.31685e-02 | 1.25334e-02 1.07868e-01 1.39115e-01 |
   1780 | 5.90423e+01 3.31689e-02 | 1.25334e-02 1.07868e-01 1.39115e-01 |
   1781 | 5.90755e+01 3.31694e-02 | 1.25334e-02 1.07868e-01 1.39115e-01 |
   1782 | 5.91087e+01 3.31699e-02 | 1.25334e-02 1.07868e-01 1.39115e-01 |
   1783 | 5.91418e+01 3.31704e-02 | 1.25334e-02 1.07868e-01 1.39115e-01 |
   1784 | 5.91750e+01 3.31709e-02 | 1.25334e-02 1.07868e-01 1.39115e-01 |
   1785 | 5.92082e+01 3.31715e-02 | 1.25334e-02 1.07868e-01 1.39115e-01 |
   1786 | 5.92413e+01 3.31721e-02 | 1.25334e-02 1.07868e-01 1.39115e-01 |
   1787 | 5.92745e+01 3.31727e-02 | 1.25334e-02 1.07868e-01 1.39115e-01 |
   1788 | 5.93077e+01 3.31733e-02 | 1.25334e-02 1.07868e-01 1.39115e-01 |
   1789 | 5.93409e+01 3.31740e-02 | 1.25334e-02 1.07868e-01 1.39115e-01 |
   1790 | 5.93740e+01 3.31747e-02 | 1.25334e-02 1.07868e-01 1.39115e-01 |
   1791 | 5.94072e+01 3.31755e-02 | 1.25334e-02 1.07868e-01 1.39115e-01 |
   1792 | 5.94404e+01 3.31757e-02 | 1.25334e-02 1.07868e-01 1.39115e-01 |
   1793 | 5.94736e+01 3.31750e-02 | 1.25334e-02 1.07868e-01 1.39115e-01 |
   1794 | 5.95067e+01 3.31743e-02 | 1.25334e-02 1.07868e-01 1.39115e-01 |
   1795 | 5.95399e+01 3.31737e-02 | 1.25334e-02 1.07868e-01 1.39115e-01 |
   1796 | 5.95731e+01 3.31730e-02 | 1.25334e-02 1.07868e-01 1.39115e-01 |
   1797 | 5.96063e+01 3.31725e-02 | 1.25334e-02 1.07868e-01 1.39115e-01 |
   1798 | 5.96394e+01 3.31719e-02 | 1.25334e-02 1.07868e-01 1.39115e-01 |
   1799 | 5.96726e+01 3.31714e-02 | 1.25334e-02 1.07868e-01 1.39115e-01 |
   1800 | 5.97058e+01 3.31709e-02 | 1.25334e-02 1.07868e-01 1.39115e-01 |
   1801 | 5.97389e+01 3.31704e-02 | 1.25334e-02 1.07868e-01 1.39115e-01 |
   1802 | 5.97721e+01 3.31699e-02 | 1.25334e-02 1.07868e-01 1.39115e-01 |
   1803 | 5.98053e+01 3.31695e-02 | 1.25334e-02 1.07868e-01 1.39115e-01 |
   1804 | 5.98385e+01 3.31691e-02 | 1.25334e-02 1.07868e-01 1.39115e-01 |
   1805 | 5.98716e+01 3.31688e-02 | 1.25334e-02 1.07868e-01 1.39115e-01 |
   1806 | 5.99048e+01 3.31684e-02 | 1.25334e-02 1.07868e-01 1.39115e-01 |
   1807 | 5.99380e+01 3.31681e-02 | 1.25334e-02 1.07868e-01 1.39115e-01 |
   1808 | 5.99711e+01 3.31678e-02 | 1.25334e-02 1.07868e-01 1.39115e-01 |
   1809 | 6.00043e+01 3.31676e-02 | 1.25334e-02 1.07868e-01 1.39115e-01 |
   1810 | 6.00375e+01 3.31673e-02 | 1.25334e-02 1.07868e-01 1.39115e-01 |
   1811 | 6.00706e+01 3.31671e-02 | 1.25334e-02 1.07868e-01 1.39115e-01 |
   1812 | 6.01038e+01 3.31670e-02 | 1.25334e-02 1.07868e-01 1.39115e-01 |
   1813 | 6.01370e+01 3.31668e-02 | 1.25334e-02 1.07868e-01 1.39115e-01 |
   1814 | 6.01701e+01 3.31667e-02 | 1.25334e-02 1.07868e-01 1.39115e-01 |
   1815 | 6.02033e+01 3.31666e-02 | 1.25334e-02 1.07868e-01 1.39115e-01 |
   1816 | 6.02365e+01 3.31666e-02 | 1.25334e-02 1.07868e-01 1.39115e-01 |
   1817 | 6.02696e+01 3.31665e-02 | 1.25334e-02 1.07868e-01 1.39115e-01 |
   1818 | 6.03028e+01 3.31665e-02 | 1.25334e-02 1.07868e-01 1.39115e-01 |
   1819 | 6.03360e+01 3.31665e-02 | 1.25334e-02 1.07868e-01 1.39115e-01 |
   1820 | 6.03691e+01 3.31663e-02 | 1.25334e-02 1.07868e-01 1.39115e-01 |
   1821 | 6.04023e+01 3.31662e-02 | 1.25334e-02 1.07868e-01 1.39115e-01 |
   1822 | 6.04355e+01 3.31661e-02 | 1.25334e-02 1.07868e-01 1.39115e-01 |
   1823 | 6.04686e+01 3.31660e-02 | 1.25334e-02 1.07868e-01 1.39115e-01 |
   1824 | 6.05018e+01 3.31660e-02 | 1.25334e-02 1.07868e-01 1.39115e-01 |
   1825 | 6.05350e+01 3.31659e-02 | 1.25334e-02 1.07868e-01 1.39115e-01 |
   1826 | 6.05681e+01 3.31660e-02 | 1.25334e-02 1.07868e-01 1.39115e-01 |
   1827 | 6.06013e+01 3.31660e-02 | 1.25334e-02 1.07868e-01 1.39115e-01 |
   1828 | 6.06345e+01 3.31661e-02 | 1.25334e-02 1.07868e-01 1.39115e-01 |
   1829 | 6.06676e+01 3.31662e-02 | 1.25334e-02 1.07868e-01 1.39115e-01 |
   1830 | 6.07008e+01 3.31663e-02 | 1.25334e-02 1.07868e-01 1.39115e-01 |
   1831 | 6.07340e+01 3.31664e-02 | 1.25334e-02 1.07868e-01 1.39115e-01 |
   1832 | 6.07671e+01 3.31666e-02 | 1.25334e-02 1.07868e-01 1.39115e-01 |
   1833 | 6.08003e+01 3.31668e-02 | 1.25334e-02 1.07868e-01 1.39115e-01 |
   1834 | 6.08335e+01 3.31671e-02 | 1.25334e-02 1.07868e-01 1.39115e-01 |
   1835 | 6.08666e+01 3.31673e-02 | 1.25334e-02 1.07868e-01 1.39115e-01 |
   1836 | 6.08998e+01 3.31676e-02 | 1.25334e-02 1.07868e-01 1.39115e-01 |
   1837 | 6.09330e+01 3.31679e-02 | 1.25334e-02 1.07868e-01 1.39115e-01 |
   1838 | 6.09661e+01 3.31683e-02 | 1.25334e-02 1.07868e-01 1.39115e-01 |
   1839 | 6.09993e+01 3.31686e-02 | 1.25334e-02 1.07868e-01 1.39115e-01 |
   1840 | 6.10325e+01 3.31690e-02 | 1.25334e-02 1.07868e-01 1.39115e-01 |
   1841 | 6.10656e+01 3.31695e-02 | 1.25334e-02 1.07868e-01 1.39115e-01 |
   1842 | 6.10988e+01 3.31699e-02 | 1.25334e-02 1.07868e-01 1.39115e-01 |
   1843 | 6.11320e+01 3.31704e-02 | 1.25334e-02 1.07868e-01 1.39115e-01 |
   1844 | 6.11651e+01 3.31709e-02 | 1.25334e-02 1.07868e-01 1.39115e-01 |
   1845 | 6.11983e+01 3.31715e-02 | 1.25334e-02 1.07868e-01 1.39115e-01 |
   1846 | 6.12315e+01 3.31721e-02 | 1.25334e-02 1.07868e-01 1.39115e-01 |
   1847 | 6.12647e+01 3.31727e-02 | 1.25334e-02 1.07868e-01 1.39115e-01 |
   1848 | 6.12978e+01 3.31733e-02 | 1.25334e-02 1.07868e-01 1.39115e-01 |
   1849 | 6.13310e+01 3.31739e-02 | 1.25334e-02 1.07868e-01 1.39115e-01 |
   1850 | 6.13642e+01 3.31746e-02 | 1.25334e-02 1.07868e-01 1.39115e-01 |
   1851 | 6.13974e+01 3.31753e-02 | 1.25334e-02 1.07868e-01 1.39115e-01 |
   1852 | 6.14305e+01 3.31749e-02 | 1.25334e-02 1.07868e-01 1.39115e-01 |
   1853 | 6.14637e+01 3.31742e-02 | 1.25334e-02 1.07868e-01 1.39115e-01 |
   1854 | 6.14969e+01 3.31735e-02 | 1.25334e-02 1.07868e-01 1.39115e-01 |
   1855 | 6.15301e+01 3.31728e-02 | 1.25334e-02 1.07868e-01 1.39115e-01 |
   1856 | 6.15632e+01 3.31722e-02 | 1.25334e-02 1.07868e-01 1.39115e-01 |
   1857 | 6.15964e+01 3.31716e-02 | 1.25334e-02 1.07868e-01 1.39115e-01 |
   1858 | 6.16296e+01 3.31710e-02 | 1.25334e-02 1.07868e-01 1.39115e-01 |
   1859 | 6.16627e+01 3.31704e-02 | 1.25334e-02 1.07868e-01 1.39115e-01 |
   1860 | 6.16959e+01 3.31699e-02 | 1.25334e-02 1.07868e-01 1.39115e-01 |
   1861 | 6.17291e+01 3.31694e-02 | 1.25334e-02 1.07868e-01 1.39115e-01 |
   1862 | 6.17622e+01 3.31689e-02 | 1.25334e-02 1.07868e-01 1.39115e-01 |
   1863 | 6.17954e+01 3.31685e-02 | 1.25334e-02 1.07868e-01 1.39115e-01 |
   1864 | 6.18286e+01 3.31680e-02 | 1.25334e-02 1.07868e-01 1.39115e-01 |
   1865 | 6.18618e+01 3.31676e-02 | 1.25334e-02 1.07868e-01 1.39115e-01 |
   1866 | 6.18949e+01 3.31673e-02 | 1.25334e-02 1.07868e-01 1.39115e-01 |
   1867 | 6.19281e+01 3.31669e-02 | 1.25334e-02 1.07868e-01 1.39115e-01 |
   1868 | 6.19613e+01 3.31666e-02 | 1.25334e-02 1.07868e-01 1.39115e-01 |
   1869 | 6.19944e+01 3.31664e-02 | 1.25334e-02 1.07868e-01 1.39115e-01 |
   1870 | 6.20276e+01 3.31661e-02 | 1.25334e-02 1.07868e-01 1.39115e-01 |
   1871 | 6.20607e+01 3.31659e-02 | 1.25334e-02 1.07868e-01 1.39115e-01 |
   1872 | 6.20939e+01 3.31657e-02 | 1.25334e-02 1.07868e-01 1.39115e-01 |
   1873 | 6.21271e+01 3.31655e-02 | 1.25334e-02 1.07868e-01 1.39115e-01 |
   1874 | 6.21602e+01 3.31654e-02 | 1.25334e-02 1.07868e-01 1.39115e-01 |
   1875 | 6.21934e+01 3.31653e-02 | 1.25334e-02 1.07868e-01 1.39115e-01 |
   1876 | 6.22266e+01 3.31652e-02 | 1.25334e-02 1.07868e-01 1.39115e-01 |
   1877 | 6.22597e+01 3.31651e-02 | 1.25334e-02 1.07868e-01 1.39115e-01 |
   1878 | 6.22929e+01 3.31651e-02 | 1.25334e-02 1.07868e-01 1.39115e-01 |
   1879 | 6.23261e+01 3.31651e-02 | 1.25334e-02 1.07868e-01 1.39115e-01 |
   1880 | 6.23592e+01 3.31651e-02 | 1.25334e-02 1.07868e-01 1.39115e-01 |
   1881 | 6.23924e+01 3.31652e-02 | 1.25334e-02 1.07868e-01 1.39115e-01 |
   1882 | 6.24256e+01 3.31653e-02 | 1.25334e-02 1.07868e-01 1.39115e-01 |
   1883 | 6.24587e+01 3.31654e-02 | 1.25334e-02 1.07868e-01 1.39115e-01 |
   1884 | 6.24919e+01 3.31655e-02 | 1.25334e-02 1.07868e-01 1.39115e-01 |
   1885 | 6.25251e+01 3.31657e-02 | 1.25334e-02 1.07868e-01 1.39115e-01 |
   1886 | 6.25582e+01 3.31659e-02 | 1.25334e-02 1.07868e-01 1.39115e-01 |
   1887 | 6.25914e+01 3.31661e-02 | 1.25334e-02 1.07868e-01 1.39115e-01 |
   1888 | 6.26246e+01 3.31664e-02 | 1.25334e-02 1.07868e-01 1.39115e-01 |
   1889 | 6.26577e+01 3.31667e-02 | 1.25334e-02 1.07868e-01 1.39115e-01 |
   1890 | 6.26909e+01 3.31670e-02 | 1.25334e-02 1.07868e-01 1.39115e-01 |
   1891 | 6.27241e+01 3.31673e-02 | 1.25334e-02 1.07868e-01 1.39115e-01 |
   1892 | 6.27572e+01 3.31677e-02 | 1.25334e-02 1.07868e-01 1.39115e-01 |
   1893 | 6.27904e+01 3.31681e-02 | 1.25334e-02 1.07868e-01 1.39115e-01 |
   1894 | 6.28236e+01 3.31685e-02 | 1.25334e-02 1.07868e-01 1.39115e-01 |
   1895 | 6.28567e+01 3.31689e-02 | 1.25334e-02 1.07868e-01 1.39115e-01 |
   1896 | 6.28899e+01 3.31694e-02 | 1.25334e-02 1.07868e-01 1.39115e-01 |
   1897 | 6.29231e+01 3.31699e-02 | 1.25334e-02 1.07868e-01 1.39115e-01 |
   1898 | 6.29562e+01 3.31705e-02 | 1.25334e-02 1.07868e-01 1.39115e-01 |
   1899 | 6.29894e+01 3.31710e-02 | 1.25334e-02 1.07868e-01 1.39115e-01 |
   1900 | 6.30226e+01 3.31716e-02 | 1.25334e-02 1.07868e-01 1.39115e-01 |
   1901 | 6.30558e+01 3.31722e-02 | 1.25334e-02 1.07868e-01 1.39115e-01 |
   1902 | 6.30889e+01 3.31729e-02 | 1.25334e-02 1.07868e-01 1.39115e-01 |
   1903 | 6.31221e+01 3.31735e-02 | 1.25334e-02 1.07868e-01 1.39115e-01 |
   1904 | 6.31553e+01 3.31742e-02 | 1.25334e-02 1.07868e-01 1.39115e-01 |
   1905 | 6.31885e+01 3.31750e-02 | 1.25334e-02 1.07868e-01 1.39115e-01 |
   1906 | 6.32216e+01 3.31757e-02 | 1.25334e-02 1.07868e-01 1.39115e-01 |
   1907 | 6.32548e+01 3.31765e-02 | 1.25334e-02 1.07868e-01 1.39115e-01 |
   1908 | 6.32880e+01 3.31760e-02 | 1.25334e-02 1.07868e-01 1.39115e-01 |
   1909 | 6.33212e+01 3.31752e-02 | 1.25334e-02 1.07868e-01 1.39115e-01 |
   1910 | 6.33543e+01 3.31745e-02 | 1.25334e-02 1.07868e-01 1.39115e-01 |
   1911 | 6.33875e+01 3.31738e-02 | 1.25334e-02 1.07868e-01 1.39115e-01 |
   1912 | 6.34207e+01 3.31732e-02 | 1.25334e-02 1.07868e-01 1.39115e-01 |
   1913 | 6.34539e+01 3.31725e-02 | 1.25334e-02 1.07868e-01 1.39115e-01 |
   1914 | 6.34870e+01 3.31719e-02 | 1.25334e-02 1.07868e-01 1.39115e-01 |
   1915 | 6.35202e+01 3.31713e-02 | 1.25334e-02 1.07868e-01 1.39115e-01 |
   1916 | 6.35534e+01 3.31708e-02 | 1.25334e-02 1.07868e-01 1.39115e-01 |
   1917 | 6.35865e+01 3.31703e-02 | 1.25334e-02 1.07868e-01 1.39115e-01 |
   1918 | 6.36197e+01 3.31698e-02 | 1.25334e-02 1.07868e-01 1.39115e-01 |
   1919 | 6.36529e+01 3.31693e-02 | 1.25334e-02 1.07868e-01 1.39115e-01 |
   1920 | 6.36860e+01 3.31689e-02 | 1.25334e-02 1.07868e-01 1.39115e-01 |
   1921 | 6.37192e+01 3.31685e-02 | 1.25334e-02 1.07868e-01 1.39115e-01 |
   1922 | 6.37524e+01 3.31681e-02 | 1.25334e-02 1.07868e-01 1.39115e-01 |
   1923 | 6.37856e+01 3.31677e-02 | 1.25334e-02 1.07868e-01 1.39115e-01 |
   1924 | 6.38187e+01 3.31674e-02 | 1.25334e-02 1.07868e-01 1.39115e-01 |
   1925 | 6.38519e+01 3.31671e-02 | 1.25334e-02 1.07868e-01 1.39115e-01 |
   1926 | 6.38851e+01 3.31669e-02 | 1.25334e-02 1.07868e-01 1.39115e-01 |
   1927 | 6.39182e+01 3.31666e-02 | 1.25334e-02 1.07868e-01 1.39115e-01 |
   1928 | 6.39514e+01 3.31664e-02 | 1.25334e-02 1.07868e-01 1.39115e-01 |
   1929 | 6.39846e+01 3.31662e-02 | 1.25334e-02 1.07868e-01 1.39115e-01 |
   1930 | 6.40177e+01 3.31661e-02 | 1.25334e-02 1.07868e-01 1.39115e-01 |
   1931 | 6.40509e+01 3.31659e-02 | 1.25334e-02 1.07868e-01 1.39115e-01 |
   1932 | 6.40840e+01 3.31658e-02 | 1.25334e-02 1.07868e-01 1.39115e-01 |
   1933 | 6.41172e+01 3.31658e-02 | 1.25334e-02 1.07868e-01 1.39115e-01 |
   1934 | 6.41504e+01 3.31657e-02 | 1.25334e-02 1.07868e-01 1.39115e-01 |
   1935 | 6.41835e+01 3.31657e-02 | 1.25334e-02 1.07868e-01 1.39115e-01 |
   1936 | 6.42167e+01 3.31657e-02 | 1.25334e-02 1.07868e-01 1.39115e-01 |
   1937 | 6.42499e+01 3.31658e-02 | 1.25334e-02 1.07868e-01 1.39115e-01 |
   1938 | 6.42830e+01 3.31658e-02 | 1.25334e-02 1.07868e-01 1.39115e-01 |
   1939 | 6.43162e+01 3.31659e-02 | 1.25334e-02 1.07868e-01 1.39115e-01 |
   1940 | 6.43494e+01 3.31660e-02 | 1.25334e-02 1.07868e-01 1.39115e-01 |
   1941 | 6.43825e+01 3.31662e-02 | 1.25334e-02 1.07868e-01 1.39115e-01 |
   1942 | 6.44157e+01 3.31664e-02 | 1.25334e-02 1.07868e-01 1.39115e-01 |
   1943 | 6.44489e+01 3.31666e-02 | 1.25334e-02 1.07868e-01 1.39115e-01 |
   1944 | 6.44820e+01 3.31668e-02 | 1.25334e-02 1.07868e-01 1.39115e-01 |
   1945 | 6.45152e+01 3.31671e-02 | 1.25334e-02 1.07868e-01 1.39115e-01 |
   1946 | 6.45484e+01 3.31674e-02 | 1.25334e-02 1.07868e-01 1.39115e-01 |
   1947 | 6.45815e+01 3.31677e-02 | 1.25334e-02 1.07868e-01 1.39115e-01 |
   1948 | 6.46147e+01 3.31680e-02 | 1.25334e-02 1.07868e-01 1.39115e-01 |
   1949 | 6.46479e+01 3.31684e-02 | 1.25334e-02 1.07868e-01 1.39115e-01 |
   1950 | 6.46810e+01 3.31688e-02 | 1.25334e-02 1.07868e-01 1.39115e-01 |
   1951 | 6.47142e+01 3.31693e-02 | 1.25334e-02 1.07868e-01 1.39115e-01 |
   1952 | 6.47474e+01 3.31697e-02 | 1.25334e-02 1.07868e-01 1.39115e-01 |
   1953 | 6.47806e+01 3.31702e-02 | 1.25334e-02 1.07868e-01 1.39115e-01 |
   1954 | 6.48137e+01 3.31707e-02 | 1.25334e-02 1.07868e-01 1.39115e-01 |
   1955 | 6.48469e+01 3.31713e-02 | 1.25334e-02 1.07868e-01 1.39115e-01 |
   1956 | 6.48801e+01 3.31718e-02 | 1.25334e-02 1.07868e-01 1.39115e-01 |
   1957 | 6.49132e+01 3.31724e-02 | 1.25334e-02 1.07868e-01 1.39115e-01 |
   1958 | 6.49464e+01 3.31731e-02 | 1.25334e-02 1.07868e-01 1.39115e-01 |
   1959 | 6.49796e+01 3.31737e-02 | 1.25334e-02 1.07868e-01 1.39115e-01 |
   1960 | 6.50128e+01 3.31744e-02 | 1.25334e-02 1.07868e-01 1.39115e-01 |
   1961 | 6.50459e+01 3.31751e-02 | 1.25334e-02 1.07868e-01 1.39115e-01 |
   1962 | 6.50791e+01 3.31748e-02 | 1.25334e-02 1.07868e-01 1.39115e-01 |
   1963 | 6.51123e+01 3.31741e-02 | 1.25334e-02 1.07868e-01 1.39115e-01 |
   1964 | 6.51455e+01 3.31734e-02 | 1.25334e-02 1.07868e-01 1.39115e-01 |
   1965 | 6.51786e+01 3.31727e-02 | 1.25334e-02 1.07868e-01 1.39115e-01 |
   1966 | 6.52118e+01 3.31721e-02 | 1.25334e-02 1.07868e-01 1.39115e-01 |
   1967 | 6.52450e+01 3.31715e-02 | 1.25334e-02 1.07868e-01 1.39115e-01 |
   1968 | 6.52782e+01 3.31709e-02 | 1.25334e-02 1.07868e-01 1.39115e-01 |
   1969 | 6.53113e+01 3.31703e-02 | 1.25334e-02 1.07868e-01 1.39115e-01 |
   1970 | 6.53445e+01 3.31698e-02 | 1.25334e-02 1.07868e-01 1.39115e-01 |
   1971 | 6.53777e+01 3.31693e-02 | 1.25334e-02 1.07868e-01 1.39115e-01 |
   1972 | 6.54108e+01 3.31688e-02 | 1.25334e-02 1.07868e-01 1.39115e-01 |
   1973 | 6.54440e+01 3.31684e-02 | 1.25334e-02 1.07868e-01 1.39115e-01 |
   1974 | 6.54772e+01 3.31679e-02 | 1.25334e-02 1.07868e-01 1.39115e-01 |
   1975 | 6.55103e+01 3.31676e-02 | 1.25334e-02 1.07868e-01 1.39115e-01 |
   1976 | 6.55435e+01 3.31672e-02 | 1.25334e-02 1.07868e-01 1.39115e-01 |
   1977 | 6.55767e+01 3.31669e-02 | 1.25334e-02 1.07868e-01 1.39115e-01 |
   1978 | 6.56098e+01 3.31666e-02 | 1.25334e-02 1.07868e-01 1.39115e-01 |
   1979 | 6.56430e+01 3.31663e-02 | 1.25334e-02 1.07868e-01 1.39115e-01 |
   1980 | 6.56762e+01 3.31660e-02 | 1.25334e-02 1.07868e-01 1.39115e-01 |
   1981 | 6.57093e+01 3.31658e-02 | 1.25334e-02 1.07868e-01 1.39115e-01 |
   1982 | 6.57425e+01 3.31656e-02 | 1.25334e-02 1.07868e-01 1.39115e-01 |
   1983 | 6.57757e+01 3.31655e-02 | 1.25334e-02 1.07868e-01 1.39115e-01 |
   1984 | 6.58088e+01 3.31653e-02 | 1.25334e-02 1.07868e-01 1.39115e-01 |
   1985 | 6.58420e+01 3.31652e-02 | 1.25334e-02 1.07868e-01 1.39115e-01 |
   1986 | 6.58752e+01 3.31651e-02 | 1.25334e-02 1.07868e-01 1.39115e-01 |
   1987 | 6.59083e+01 3.31651e-02 | 1.25334e-02 1.07868e-01 1.39115e-01 |
   1988 | 6.59415e+01 3.31650e-02 | 1.25334e-02 1.07868e-01 1.39115e-01 |
   1989 | 6.59747e+01 3.31650e-02 | 1.25334e-02 1.07868e-01 1.39115e-01 |
   1990 | 6.60078e+01 3.31651e-02 | 1.25334e-02 1.07868e-01 1.39115e-01 |
   1991 | 6.60410e+01 3.31651e-02 | 1.25334e-02 1.07868e-01 1.39115e-01 |
   1992 | 6.60741e+01 3.31652e-02 | 1.25334e-02 1.07868e-01 1.39115e-01 |
   1993 | 6.61073e+01 3.31653e-02 | 1.25334e-02 1.07868e-01 1.39115e-01 |
   1994 | 6.61405e+01 3.31655e-02 | 1.25334e-02 1.07868e-01 1.39115e-01 |
   1995 | 6.61736e+01 3.31657e-02 | 1.25334e-02 1.07868e-01 1.39115e-01 |
   1996 | 6.62068e+01 3.31659e-02 | 1.25334e-02 1.07868e-01 1.39115e-01 |
   1997 | 6.62400e+01 3.31661e-02 | 1.25334e-02 1.07868e-01 1.39115e-01 |
   1998 | 6.62731e+01 3.31663e-02 | 1.25334e-02 1.07868e-01 1.39115e-01 |
   1999 | 6.63063e+01 3.31666e-02 | 1.25334e-02 1.07868e-01 1.39115e-01 |
   2000 | 6.63395e+01 3.31669e-02 | 1.25334e-02 1.07868e-01 1.39115e-01 |
   2001 | 6.63726e+01 3.31673e-02 | 1.25334e-02 1.07868e-01 1.39115e-01 |
   2002 | 6.64058e+01 3.31676e-02 | 1.25334e-02 1.07868e-01 1.39115e-01 |
   2003 | 6.64390e+01 3.31680e-02 | 1.25334e-02 1.07868e-01 1.39115e-01 |
   2004 | 6.64721e+01 3.31684e-02 | 1.25334e-02 1.07868e-01 1.39115e-01 |
   2005 | 6.65053e+01 3.31689e-02 | 1.25334e-02 1.07868e-01 1.39115e-01 |
   2006 | 6.65385e+01 3.31694e-02 | 1.25334e-02 1.07868e-01 1.39115e-01 |
   2007 | 6.65717e+01 3.31699e-02 | 1.25334e-02 1.07868e-01 1.39115e-01 |
   2008 | 6.66048e+01 3.31704e-02 | 1.25334e-02 1.07868e-01 1.39115e-01 |
   2009 | 6.66380e+01 3.31710e-02 | 1.25334e-02 1.07868e-01 1.39115e-01 |
   2010 | 6.66712e+01 3.31716e-02 | 1.25334e-02 1.07868e-01 1.39115e-01 |
   2011 | 6.67043e+01 3.31722e-02 | 1.25334e-02 1.07868e-01 1.39115e-01 |
   2012 | 6.67375e+01 3.31728e-02 | 1.25334e-02 1.07868e-01 1.39115e-01 |
   2013 | 6.67707e+01 3.31735e-02 | 1.25334e-02 1.07868e-01 1.39115e-01 |
   2014 | 6.68039e+01 3.31742e-02 | 1.25334e-02 1.07868e-01 1.39115e-01 |
   2015 | 6.68370e+01 3.31749e-02 | 1.25334e-02 1.07868e-01 1.39115e-01 |
   2016 | 6.68702e+01 3.31757e-02 | 1.25334e-02 1.07868e-01 1.39115e-01 |
   2017 | 6.69034e+01 3.31765e-02 | 1.25334e-02 1.07868e-01 1.39115e-01 |
   2018 | 6.69366e+01 3.31773e-02 | 1.25334e-02 1.07868e-01 1.39115e-01 |
   2019 | 6.69697e+01 3.31781e-02 | 1.25334e-02 1.07868e-01 1.39115e-01 |
   2020 | 6.70029e+01 3.31789e-02 | 1.25334e-02 1.07868e-01 1.39115e-01 |
   2021 | 6.70361e+01 3.31786e-02 | 1.25334e-02 1.07868e-01 1.39115e-01 |
   2022 | 6.70693e+01 3.31783e-02 | 1.25334e-02 1.07868e-01 1.39115e-01 |
   2023 | 6.71025e+01 3.31781e-02 | 1.25334e-02 1.07868e-01 1.39115e-01 |
   2024 | 6.71356e+01 3.31778e-02 | 1.25334e-02 1.07868e-01 1.39115e-01 |
   2025 | 6.71688e+01 3.31777e-02 | 1.25334e-02 1.07868e-01 1.39115e-01 |
   2026 | 6.72020e+01 3.31770e-02 | 1.25334e-02 1.07868e-01 1.39115e-01 |
   2027 | 6.72352e+01 3.31764e-02 | 1.25334e-02 1.07868e-01 1.39115e-01 |
   2028 | 6.72683e+01 3.31757e-02 | 1.25334e-02 1.07868e-01 1.39115e-01 |
   2029 | 6.73015e+01 3.31752e-02 | 1.25334e-02 1.07868e-01 1.39115e-01 |
   2030 | 6.73347e+01 3.31746e-02 | 1.25334e-02 1.07868e-01 1.39115e-01 |
   2031 | 6.73679e+01 3.31741e-02 | 1.25334e-02 1.07868e-01 1.39115e-01 |
   2032 | 6.74010e+01 3.31736e-02 | 1.25334e-02 1.07868e-01 1.39115e-01 |
   2033 | 6.74342e+01 3.31731e-02 | 1.25334e-02 1.07868e-01 1.39115e-01 |
   2034 | 6.74674e+01 3.31726e-02 | 1.25334e-02 1.07868e-01 1.39115e-01 |
   2035 | 6.75006e+01 3.31722e-02 | 1.25334e-02 1.07868e-01 1.39115e-01 |
   2036 | 6.75337e+01 3.31718e-02 | 1.25334e-02 1.07868e-01 1.39115e-01 |
   2037 | 6.75669e+01 3.31715e-02 | 1.25334e-02 1.07868e-01 1.39115e-01 |
   2038 | 6.76001e+01 3.31711e-02 | 1.25334e-02 1.07868e-01 1.39115e-01 |
   2039 | 6.76332e+01 3.31708e-02 | 1.25334e-02 1.07868e-01 1.39115e-01 |
   2040 | 6.76664e+01 3.31705e-02 | 1.25334e-02 1.07868e-01 1.39115e-01 |
   2041 | 6.76996e+01 3.31703e-02 | 1.25334e-02 1.07868e-01 1.39115e-01 |
   2042 | 6.77328e+01 3.31701e-02 | 1.25334e-02 1.07868e-01 1.39115e-01 |
   2043 | 6.77659e+01 3.31699e-02 | 1.25334e-02 1.07868e-01 1.39115e-01 |
   2044 | 6.77991e+01 3.31697e-02 | 1.25334e-02 1.07868e-01 1.39115e-01 |
   2045 | 6.78323e+01 3.31696e-02 | 1.25334e-02 1.07868e-01 1.39115e-01 |
   2046 | 6.78654e+01 3.31695e-02 | 1.25334e-02 1.07868e-01 1.39115e-01 |
   2047 | 6.78986e+01 3.31694e-02 | 1.25334e-02 1.07868e-01 1.39115e-01 |
   2048 | 6.79318e+01 3.31693e-02 | 1.25334e-02 1.07868e-01 1.39115e-01 |
   2049 | 6.79649e+01 3.31693e-02 | 1.25334e-02 1.07868e-01 1.39115e-01 |
   2050 | 6.79981e+01 3.31693e-02 | 1.25334e-02 1.07868e-01 1.39115e-01 |
   2051 | 6.80313e+01 3.31693e-02 | 1.25334e-02 1.07868e-01 1.39115e-01 |
   2052 | 6.80644e+01 3.31694e-02 | 1.25334e-02 1.07868e-01 1.39115e-01 |
   2053 | 6.80976e+01 3.31695e-02 | 1.25334e-02 1.07868e-01 1.39115e-01 |
   2054 | 6.81308e+01 3.31696e-02 | 1.25334e-02 1.07868e-01 1.39115e-01 |
   2055 | 6.81640e+01 3.31697e-02 | 1.25334e-02 1.07868e-01 1.39115e-01 |
   2056 | 6.81971e+01 3.31699e-02 | 1.25334e-02 1.07868e-01 1.39115e-01 |
   2057 | 6.82303e+01 3.31701e-02 | 1.25334e-02 1.07868e-01 1.39115e-01 |
   2058 | 6.82635e+01 3.31703e-02 | 1.25334e-02 1.07868e-01 1.39115e-01 |
   2059 | 6.82966e+01 3.31706e-02 | 1.25334e-02 1.07868e-01 1.39115e-01 |
   2060 | 6.83298e+01 3.31708e-02 | 1.25334e-02 1.07868e-01 1.39115e-01 |
   2061 | 6.83630e+01 3.31712e-02 | 1.25334e-02 1.07868e-01 1.39115e-01 |
   2062 | 6.83962e+01 3.31715e-02 | 1.25334e-02 1.07868e-01 1.39115e-01 |
   2063 | 6.84293e+01 3.31719e-02 | 1.25334e-02 1.07868e-01 1.39115e-01 |
   2064 | 6.84625e+01 3.31722e-02 | 1.25334e-02 1.07868e-01 1.39115e-01 |
   2065 | 6.84957e+01 3.31727e-02 | 1.25334e-02 1.07868e-01 1.39115e-01 |
   2066 | 6.85288e+01 3.31731e-02 | 1.25334e-02 1.07868e-01 1.39115e-01 |
   2067 | 6.85620e+01 3.31736e-02 | 1.25334e-02 1.07868e-01 1.39115e-01 |
   2068 | 6.85952e+01 3.31741e-02 | 1.25334e-02 1.07868e-01 1.39115e-01 |
   2069 | 6.86284e+01 3.31746e-02 | 1.25334e-02 1.07868e-01 1.39115e-01 |
   2070 | 6.86615e+01 3.31747e-02 | 1.25334e-02 1.07868e-01 1.39115e-01 |
   2071 | 6.86947e+01 3.31741e-02 | 1.25334e-02 1.07868e-01 1.39115e-01 |
   2072 | 6.87279e+01 3.31736e-02 | 1.25334e-02 1.07868e-01 1.39115e-01 |
   2073 | 6.87611e+01 3.31730e-02 | 1.25334e-02 1.07868e-01 1.39115e-01 |
   2074 | 6.87942e+01 3.31725e-02 | 1.25334e-02 1.07868e-01 1.39115e-01 |
   2075 | 6.88274e+01 3.31720e-02 | 1.25334e-02 1.07868e-01 1.39115e-01 |
   2076 | 6.88606e+01 3.31716e-02 | 1.25334e-02 1.07868e-01 1.39115e-01 |
   2077 | 6.88937e+01 3.31712e-02 | 1.25334e-02 1.07868e-01 1.39115e-01 |
   2078 | 6.89269e+01 3.31708e-02 | 1.25334e-02 1.07868e-01 1.39115e-01 |
   2079 | 6.89601e+01 3.31704e-02 | 1.25334e-02 1.07868e-01 1.39115e-01 |
   2080 | 6.89933e+01 3.31700e-02 | 1.25334e-02 1.07868e-01 1.39115e-01 |
   2081 | 6.90264e+01 3.31697e-02 | 1.25334e-02 1.07868e-01 1.39115e-01 |
   2082 | 6.90596e+01 3.31694e-02 | 1.25334e-02 1.07868e-01 1.39115e-01 |
   2083 | 6.90928e+01 3.31692e-02 | 1.25334e-02 1.07868e-01 1.39115e-01 |
   2084 | 6.91259e+01 3.31690e-02 | 1.25334e-02 1.07868e-01 1.39115e-01 |
   2085 | 6.91591e+01 3.31687e-02 | 1.25334e-02 1.07868e-01 1.39115e-01 |
   2086 | 6.91923e+01 3.31686e-02 | 1.25334e-02 1.07868e-01 1.39115e-01 |
   2087 | 6.92254e+01 3.31684e-02 | 1.25334e-02 1.07868e-01 1.39115e-01 |
   2088 | 6.92586e+01 3.31683e-02 | 1.25334e-02 1.07868e-01 1.39115e-01 |
   2089 | 6.92918e+01 3.31682e-02 | 1.25334e-02 1.07868e-01 1.39115e-01 |
   2090 | 6.93249e+01 3.31681e-02 | 1.25334e-02 1.07868e-01 1.39115e-01 |
   2091 | 6.93581e+01 3.31681e-02 | 1.25334e-02 1.07868e-01 1.39115e-01 |
   2092 | 6.93913e+01 3.31681e-02 | 1.25334e-02 1.07868e-01 1.39115e-01 |
   2093 | 6.94245e+01 3.31681e-02 | 1.25334e-02 1.07868e-01 1.39115e-01 |
   2094 | 6.94576e+01 3.31682e-02 | 1.25334e-02 1.07868e-01 1.39115e-01 |
   2095 | 6.94908e+01 3.31682e-02 | 1.25334e-02 1.07868e-01 1.39115e-01 |
   2096 | 6.95240e+01 3.31683e-02 | 1.25334e-02 1.07868e-01 1.39115e-01 |
   2097 | 6.95571e+01 3.31685e-02 | 1.25334e-02 1.07868e-01 1.39115e-01 |
   2098 | 6.95903e+01 3.31686e-02 | 1.25334e-02 1.07868e-01 1.39115e-01 |
   2099 | 6.96235e+01 3.31688e-02 | 1.25334e-02 1.07868e-01 1.39115e-01 |
   2100 | 6.96566e+01 3.31690e-02 | 1.25334e-02 1.07868e-01 1.39115e-01 |
   2101 | 6.96898e+01 3.31693e-02 | 1.25334e-02 1.07868e-01 1.39115e-01 |
   2102 | 6.97230e+01 3.31696e-02 | 1.25334e-02 1.07868e-01 1.39115e-01 |
   2103 | 6.97561e+01 3.31698e-02 | 1.25334e-02 1.07868e-01 1.39115e-01 |
   2104 | 6.97893e+01 3.31702e-02 | 1.25334e-02 1.07868e-01 1.39115e-01 |
   2105 | 6.98225e+01 3.31705e-02 | 1.25334e-02 1.07868e-01 1.39115e-01 |
   2106 | 6.98557e+01 3.31709e-02 | 1.25334e-02 1.07868e-01 1.39115e-01 |
   2107 | 6.98888e+01 3.31713e-02 | 1.25334e-02 1.07868e-01 1.39115e-01 |
   2108 | 6.99220e+01 3.31713e-02 | 1.25334e-02 1.07868e-01 1.39115e-01 |
   2109 | 6.99552e+01 3.31714e-02 | 1.25334e-02 1.07868e-01 1.39115e-01 |
   2110 | 6.99883e+01 3.31715e-02 | 1.25334e-02 1.07868e-01 1.39115e-01 |
   2111 | 7.00215e+01 3.31716e-02 | 1.25334e-02 1.07868e-01 1.39115e-01 |
   2112 | 7.00547e+01 3.31718e-02 | 1.25334e-02 1.07868e-01 1.39115e-01 |
   2113 | 7.00879e+01 3.31720e-02 | 1.25334e-02 1.07868e-01 1.39115e-01 |
   2114 | 7.01210e+01 3.31722e-02 | 1.25334e-02 1.07868e-01 1.39115e-01 |
   2115 | 7.01542e+01 3.31724e-02 | 1.25334e-02 1.07868e-01 1.39115e-01 |
   2116 | 7.01874e+01 3.31727e-02 | 1.25334e-02 1.07868e-01 1.39115e-01 |
   2117 | 7.02205e+01 3.31730e-02 | 1.25334e-02 1.07868e-01 1.39115e-01 |
   2118 | 7.02537e+01 3.31733e-02 | 1.25334e-02 1.07868e-01 1.39115e-01 |
   2119 | 7.02869e+01 3.31736e-02 | 1.25334e-02 1.07868e-01 1.39115e-01 |
   2120 | 7.03201e+01 3.31740e-02 | 1.25334e-02 1.07868e-01 1.39115e-01 |
   2121 | 7.03532e+01 3.31744e-02 | 1.25334e-02 1.07868e-01 1.39115e-01 |
   2122 | 7.03864e+01 3.31748e-02 | 1.25334e-02 1.07868e-01 1.39115e-01 |
   2123 | 7.04196e+01 3.31753e-02 | 1.25334e-02 1.07868e-01 1.39115e-01 |
   2124 | 7.04528e+01 3.31758e-02 | 1.25334e-02 1.07868e-01 1.39115e-01 |
   2125 | 7.04859e+01 3.31760e-02 | 1.25334e-02 1.07868e-01 1.39115e-01 |
   2126 | 7.05191e+01 3.31755e-02 | 1.25334e-02 1.07868e-01 1.39115e-01 |
   2127 | 7.05523e+01 3.31749e-02 | 1.25334e-02 1.07868e-01 1.39115e-01 |
   2128 | 7.05855e+01 3.31745e-02 | 1.25334e-02 1.07868e-01 1.39115e-01 |
   2129 | 7.06186e+01 3.31740e-02 | 1.25334e-02 1.07868e-01 1.39115e-01 |
   2130 | 7.06518e+01 3.31735e-02 | 1.25334e-02 1.07868e-01 1.39115e-01 |
   2131 | 7.06850e+01 3.31731e-02 | 1.25334e-02 1.07868e-01 1.39115e-01 |
   2132 | 7.07182e+01 3.31728e-02 | 1.25334e-02 1.07868e-01 1.39115e-01 |
   2133 | 7.07513e+01 3.31724e-02 | 1.25334e-02 1.07868e-01 1.39115e-01 |
   2134 | 7.07845e+01 3.31721e-02 | 1.25334e-02 1.07868e-01 1.39115e-01 |
   2135 | 7.08177e+01 3.31718e-02 | 1.25334e-02 1.07868e-01 1.39115e-01 |
   2136 | 7.08508e+01 3.31715e-02 | 1.25334e-02 1.07868e-01 1.39115e-01 |
   2137 | 7.08840e+01 3.31713e-02 | 1.25334e-02 1.07868e-01 1.39115e-01 |
   2138 | 7.09172e+01 3.31711e-02 | 1.25334e-02 1.07868e-01 1.39115e-01 |
   2139 | 7.09504e+01 3.31709e-02 | 1.25334e-02 1.07868e-01 1.39115e-01 |
   2140 | 7.09835e+01 3.31707e-02 | 1.25334e-02 1.07868e-01 1.39115e-01 |
   2141 | 7.10167e+01 3.31706e-02 | 1.25334e-02 1.07868e-01 1.39115e-01 |
   2142 | 7.10499e+01 3.31705e-02 | 1.25334e-02 1.07868e-01 1.39115e-01 |
   2143 | 7.10830e+01 3.31704e-02 | 1.25334e-02 1.07868e-01 1.39115e-01 |
   2144 | 7.11162e+01 3.31703e-02 | 1.25334e-02 1.07868e-01 1.39115e-01 |
   2145 | 7.11494e+01 3.31703e-02 | 1.25334e-02 1.07868e-01 1.39115e-01 |
   2146 | 7.11826e+01 3.31703e-02 | 1.25334e-02 1.07868e-01 1.39115e-01 |
   2147 | 7.12157e+01 3.31704e-02 | 1.25334e-02 1.07868e-01 1.39115e-01 |
   2148 | 7.12489e+01 3.31704e-02 | 1.25334e-02 1.07868e-01 1.39115e-01 |
   2149 | 7.12821e+01 3.31703e-02 | 1.25334e-02 1.07868e-01 1.39115e-01 |
   2150 | 7.13152e+01 3.31700e-02 | 1.25334e-02 1.07868e-01 1.39115e-01 |
   2151 | 7.13484e+01 3.31698e-02 | 1.25334e-02 1.07868e-01 1.39115e-01 |
   2152 | 7.13816e+01 3.31696e-02 | 1.25334e-02 1.07868e-01 1.39115e-01 |
   2153 | 7.14147e+01 3.31694e-02 | 1.25334e-02 1.07868e-01 1.39115e-01 |
   2154 | 7.14479e+01 3.31692e-02 | 1.25334e-02 1.07868e-01 1.39115e-01 |
   2155 | 7.14811e+01 3.31691e-02 | 1.25334e-02 1.07868e-01 1.39115e-01 |
   2156 | 7.15142e+01 3.31690e-02 | 1.25334e-02 1.07868e-01 1.39115e-01 |
   2157 | 7.15474e+01 3.31689e-02 | 1.25334e-02 1.07868e-01 1.39115e-01 |
   2158 | 7.15806e+01 3.31688e-02 | 1.25334e-02 1.07868e-01 1.39115e-01 |
   2159 | 7.16138e+01 3.31688e-02 | 1.25334e-02 1.07868e-01 1.39115e-01 |
   2160 | 7.16469e+01 3.31688e-02 | 1.25334e-02 1.07868e-01 1.39115e-01 |
   2161 | 7.16801e+01 3.31688e-02 | 1.25334e-02 1.07868e-01 1.39115e-01 |
   2162 | 7.17133e+01 3.31689e-02 | 1.25334e-02 1.07868e-01 1.39115e-01 |
   2163 | 7.17464e+01 3.31690e-02 | 1.25334e-02 1.07868e-01 1.39115e-01 |
   2164 | 7.17796e+01 3.31691e-02 | 1.25334e-02 1.07868e-01 1.39115e-01 |
   2165 | 7.18128e+01 3.31692e-02 | 1.25334e-02 1.07868e-01 1.39115e-01 |
   2166 | 7.18459e+01 3.31694e-02 | 1.25334e-02 1.07868e-01 1.39115e-01 |
   2167 | 7.18791e+01 3.31696e-02 | 1.25334e-02 1.07868e-01 1.39115e-01 |
   2168 | 7.19123e+01 3.31698e-02 | 1.25334e-02 1.07868e-01 1.39115e-01 |
   2169 | 7.19454e+01 3.31701e-02 | 1.25334e-02 1.07868e-01 1.39115e-01 |
   2170 | 7.19786e+01 3.31704e-02 | 1.25334e-02 1.07868e-01 1.39115e-01 |
   2171 | 7.20118e+01 3.31707e-02 | 1.25334e-02 1.07868e-01 1.39115e-01 |
   2172 | 7.20450e+01 3.31710e-02 | 1.25334e-02 1.07868e-01 1.39115e-01 |
   2173 | 7.20781e+01 3.31714e-02 | 1.25334e-02 1.07868e-01 1.39115e-01 |
   2174 | 7.21113e+01 3.31718e-02 | 1.25334e-02 1.07868e-01 1.39115e-01 |
   2175 | 7.21445e+01 3.31722e-02 | 1.25334e-02 1.07868e-01 1.39115e-01 |
   2176 | 7.21776e+01 3.31727e-02 | 1.25334e-02 1.07868e-01 1.39115e-01 |
   2177 | 7.22108e+01 3.31732e-02 | 1.25334e-02 1.07868e-01 1.39115e-01 |
   2178 | 7.22440e+01 3.31737e-02 | 1.25334e-02 1.07868e-01 1.39115e-01 |
   2179 | 7.22772e+01 3.31742e-02 | 1.25334e-02 1.07868e-01 1.39115e-01 |
   2180 | 7.23103e+01 3.31748e-02 | 1.25334e-02 1.07868e-01 1.39115e-01 |
   2181 | 7.23435e+01 3.31745e-02 | 1.25334e-02 1.07868e-01 1.39115e-01 |
   2182 | 7.23767e+01 3.31740e-02 | 1.25334e-02 1.07868e-01 1.39115e-01 |
   2183 | 7.24099e+01 3.31734e-02 | 1.25334e-02 1.07868e-01 1.39115e-01 |
   2184 | 7.24430e+01 3.31729e-02 | 1.25334e-02 1.07868e-01 1.39115e-01 |
   2185 | 7.24762e+01 3.31724e-02 | 1.25334e-02 1.07868e-01 1.39115e-01 |
   2186 | 7.25094e+01 3.31720e-02 | 1.25334e-02 1.07868e-01 1.39115e-01 |
   2187 | 7.25426e+01 3.31716e-02 | 1.25334e-02 1.07868e-01 1.39115e-01 |
   2188 | 7.25757e+01 3.31712e-02 | 1.25334e-02 1.07868e-01 1.39115e-01 |
   2189 | 7.26089e+01 3.31708e-02 | 1.25334e-02 1.07868e-01 1.39115e-01 |
   2190 | 7.26421e+01 3.31705e-02 | 1.25334e-02 1.07868e-01 1.39115e-01 |
   2191 | 7.26752e+01 3.31701e-02 | 1.25334e-02 1.07868e-01 1.39115e-01 |
   2192 | 7.27084e+01 3.31699e-02 | 1.25334e-02 1.07868e-01 1.39115e-01 |
   2193 | 7.27416e+01 3.31696e-02 | 1.25334e-02 1.07868e-01 1.39115e-01 |
   2194 | 7.27747e+01 3.31694e-02 | 1.25334e-02 1.07868e-01 1.39115e-01 |
   2195 | 7.28079e+01 3.31692e-02 | 1.25334e-02 1.07868e-01 1.39115e-01 |
   2196 | 7.28411e+01 3.31690e-02 | 1.25334e-02 1.07868e-01 1.39115e-01 |
   2197 | 7.28743e+01 3.31688e-02 | 1.25334e-02 1.07868e-01 1.39115e-01 |
   2198 | 7.29074e+01 3.31687e-02 | 1.25334e-02 1.07868e-01 1.39115e-01 |
   2199 | 7.29406e+01 3.31686e-02 | 1.25334e-02 1.07868e-01 1.39115e-01 |
   2200 | 7.29738e+01 3.31686e-02 | 1.25334e-02 1.07868e-01 1.39115e-01 |
   2201 | 7.30069e+01 3.31685e-02 | 1.25334e-02 1.07868e-01 1.39115e-01 |
   2202 | 7.30401e+01 3.31685e-02 | 1.25334e-02 1.07868e-01 1.39115e-01 |
   2203 | 7.30733e+01 3.31686e-02 | 1.25334e-02 1.07868e-01 1.39115e-01 |
   2204 | 7.31064e+01 3.31686e-02 | 1.25334e-02 1.07868e-01 1.39115e-01 |
   2205 | 7.31396e+01 3.31687e-02 | 1.25334e-02 1.07868e-01 1.39115e-01 |
   2206 | 7.31728e+01 3.31688e-02 | 1.25334e-02 1.07868e-01 1.39115e-01 |
   2207 | 7.32059e+01 3.31689e-02 | 1.25334e-02 1.07868e-01 1.39115e-01 |
   2208 | 7.32391e+01 3.31691e-02 | 1.25334e-02 1.07868e-01 1.39115e-01 |
   2209 | 7.32723e+01 3.31693e-02 | 1.25334e-02 1.07868e-01 1.39115e-01 |
   2210 | 7.33054e+01 3.31695e-02 | 1.25334e-02 1.07868e-01 1.39115e-01 |
   2211 | 7.33386e+01 3.31697e-02 | 1.25334e-02 1.07868e-01 1.39115e-01 |
   2212 | 7.33718e+01 3.31700e-02 | 1.25334e-02 1.07868e-01 1.39115e-01 |
   2213 | 7.34050e+01 3.31703e-02 | 1.25334e-02 1.07868e-01 1.39115e-01 |
   2214 | 7.34381e+01 3.31706e-02 | 1.25334e-02 1.07868e-01 1.39115e-01 |
   2215 | 7.34713e+01 3.31710e-02 | 1.25334e-02 1.07868e-01 1.39115e-01 |
   2216 | 7.35045e+01 3.31714e-02 | 1.25334e-02 1.07868e-01 1.39115e-01 |
   2217 | 7.35376e+01 3.31718e-02 | 1.25334e-02 1.07868e-01 1.39115e-01 |
   2218 | 7.35708e+01 3.31722e-02 | 1.25334e-02 1.07868e-01 1.39115e-01 |
   2219 | 7.36040e+01 3.31727e-02 | 1.25334e-02 1.07868e-01 1.39115e-01 |
   2220 | 7.36372e+01 3.31732e-02 | 1.25334e-02 1.07868e-01 1.39115e-01 |
   2221 | 7.36703e+01 3.31737e-02 | 1.25334e-02 1.07868e-01 1.39115e-01 |
   2222 | 7.37035e+01 3.31742e-02 | 1.25334e-02 1.07868e-01 1.39115e-01 |
   2223 | 7.37367e+01 3.31748e-02 | 1.25334e-02 1.07868e-01 1.39115e-01 |
   2224 | 7.37699e+01 3.31754e-02 | 1.25334e-02 1.07868e-01 1.39115e-01 |
   2225 | 7.38030e+01 3.31760e-02 | 1.25334e-02 1.07868e-01 1.39115e-01 |
   2226 | 7.38362e+01 3.31767e-02 | 1.25334e-02 1.07868e-01 1.39115e-01 |
   2227 | 7.38694e+01 3.31774e-02 | 1.25334e-02 1.07868e-01 1.39115e-01 |
   2228 | 7.39026e+01 3.31781e-02 | 1.25334e-02 1.07868e-01 1.39115e-01 |
   2229 | 7.39357e+01 3.31789e-02 | 1.25334e-02 1.07868e-01 1.39115e-01 |
   2230 | 7.39689e+01 3.31796e-02 | 1.25334e-02 1.07868e-01 1.39115e-01 |
   2231 | 7.40021e+01 3.31789e-02 | 1.25334e-02 1.07868e-01 1.39115e-01 |
   2232 | 7.40353e+01 3.31780e-02 | 1.25334e-02 1.07868e-01 1.39115e-01 |
   2233 | 7.40685e+01 3.31772e-02 | 1.25334e-02 1.07868e-01 1.39115e-01 |
   2234 | 7.41016e+01 3.31764e-02 | 1.25334e-02 1.07868e-01 1.39115e-01 |
   2235 | 7.41348e+01 3.31756e-02 | 1.25334e-02 1.07868e-01 1.39115e-01 |
   2236 | 7.41680e+01 3.31748e-02 | 1.25334e-02 1.07868e-01 1.39115e-01 |
   2237 | 7.42012e+01 3.31741e-02 | 1.25334e-02 1.07868e-01 1.39115e-01 |
   2238 | 7.42343e+01 3.31734e-02 | 1.25334e-02 1.07868e-01 1.39115e-01 |
   2239 | 7.42675e+01 3.31727e-02 | 1.25334e-02 1.07868e-01 1.39115e-01 |
   2240 | 7.43007e+01 3.31721e-02 | 1.25334e-02 1.07868e-01 1.39115e-01 |
   2241 | 7.43338e+01 3.31715e-02 | 1.25334e-02 1.07868e-01 1.39115e-01 |
   2242 | 7.43670e+01 3.31709e-02 | 1.25334e-02 1.07868e-01 1.39115e-01 |
   2243 | 7.44002e+01 3.31703e-02 | 1.25334e-02 1.07868e-01 1.39115e-01 |
   2244 | 7.44334e+01 3.31698e-02 | 1.25334e-02 1.07868e-01 1.39115e-01 |
   2245 | 7.44665e+01 3.31693e-02 | 1.25334e-02 1.07868e-01 1.39115e-01 |
   2246 | 7.44997e+01 3.31688e-02 | 1.25334e-02 1.07868e-01 1.39115e-01 |
   2247 | 7.45329e+01 3.31683e-02 | 1.25334e-02 1.07868e-01 1.39115e-01 |
   2248 | 7.45660e+01 3.31679e-02 | 1.25334e-02 1.07868e-01 1.39115e-01 |
   2249 | 7.45992e+01 3.31675e-02 | 1.25334e-02 1.07868e-01 1.39115e-01 |
   2250 | 7.46324e+01 3.31672e-02 | 1.25334e-02 1.07868e-01 1.39115e-01 |
   2251 | 7.46655e+01 3.31668e-02 | 1.25334e-02 1.07868e-01 1.39115e-01 |
   2252 | 7.46987e+01 3.31665e-02 | 1.25334e-02 1.07868e-01 1.39115e-01 |
   2253 | 7.47319e+01 3.31662e-02 | 1.25334e-02 1.07868e-01 1.39115e-01 |
   2254 | 7.47650e+01 3.31660e-02 | 1.25334e-02 1.07868e-01 1.39115e-01 |
   2255 | 7.47982e+01 3.31658e-02 | 1.25334e-02 1.07868e-01 1.39115e-01 |
   2256 | 7.48314e+01 3.31656e-02 | 1.25334e-02 1.07868e-01 1.39115e-01 |
   2257 | 7.48645e+01 3.31654e-02 | 1.25334e-02 1.07868e-01 1.39115e-01 |
   2258 | 7.48977e+01 3.31652e-02 | 1.25334e-02 1.07868e-01 1.39115e-01 |
   2259 | 7.49309e+01 3.31651e-02 | 1.25334e-02 1.07868e-01 1.39115e-01 |
   2260 | 7.49640e+01 3.31650e-02 | 1.25334e-02 1.07868e-01 1.39115e-01 |
   2261 | 7.49972e+01 3.31650e-02 | 1.25334e-02 1.07868e-01 1.39115e-01 |
   2262 | 7.50304e+01 3.31650e-02 | 1.25334e-02 1.07868e-01 1.39115e-01 |
   2263 | 7.50635e+01 3.31650e-02 | 1.25334e-02 1.07868e-01 1.39115e-01 |
   2264 | 7.50967e+01 3.31650e-02 | 1.25334e-02 1.07868e-01 1.39115e-01 |
   2265 | 7.51299e+01 3.31650e-02 | 1.25334e-02 1.07868e-01 1.39115e-01 |
   2266 | 7.51630e+01 3.31651e-02 | 1.25334e-02 1.07868e-01 1.39115e-01 |
   2267 | 7.51962e+01 3.31652e-02 | 1.25334e-02 1.07868e-01 1.39115e-01 |
   2268 | 7.52293e+01 3.31654e-02 | 1.25334e-02 1.07868e-01 1.39115e-01 |
   2269 | 7.52625e+01 3.31655e-02 | 1.25334e-02 1.07868e-01 1.39115e-01 |
   2270 | 7.52957e+01 3.31657e-02 | 1.25334e-02 1.07868e-01 1.39115e-01 |
   2271 | 7.53288e+01 3.31659e-02 | 1.25334e-02 1.07868e-01 1.39115e-01 |
   2272 | 7.53620e+01 3.31662e-02 | 1.25334e-02 1.07868e-01 1.39115e-01 |
   2273 | 7.53952e+01 3.31665e-02 | 1.25334e-02 1.07868e-01 1.39115e-01 |
   2274 | 7.54283e+01 3.31668e-02 | 1.25334e-02 1.07868e-01 1.39115e-01 |
   2275 | 7.54615e+01 3.31671e-02 | 1.25334e-02 1.07868e-01 1.39115e-01 |
   2276 | 7.54947e+01 3.31675e-02 | 1.25334e-02 1.07868e-01 1.39115e-01 |
   2277 | 7.55278e+01 3.31679e-02 | 1.25334e-02 1.07868e-01 1.39115e-01 |
   2278 | 7.55610e+01 3.31683e-02 | 1.25334e-02 1.07868e-01 1.39115e-01 |
   2279 | 7.55942e+01 3.31687e-02 | 1.25334e-02 1.07868e-01 1.39115e-01 |
   2280 | 7.56274e+01 3.31692e-02 | 1.25334e-02 1.07868e-01 1.39115e-01 |
   2281 | 7.56605e+01 3.31697e-02 | 1.25334e-02 1.07868e-01 1.39115e-01 |
   2282 | 7.56937e+01 3.31702e-02 | 1.25334e-02 1.07868e-01 1.39115e-01 |
   2283 | 7.57269e+01 3.31708e-02 | 1.25334e-02 1.07868e-01 1.39115e-01 |
   2284 | 7.57600e+01 3.31714e-02 | 1.25334e-02 1.07868e-01 1.39115e-01 |
   2285 | 7.57932e+01 3.31720e-02 | 1.25334e-02 1.07868e-01 1.39115e-01 |
   2286 | 7.58264e+01 3.31726e-02 | 1.25334e-02 1.07868e-01 1.39115e-01 |
   2287 | 7.58596e+01 3.31733e-02 | 1.25334e-02 1.07868e-01 1.39115e-01 |
   2288 | 7.58927e+01 3.31740e-02 | 1.25334e-02 1.07868e-01 1.39115e-01 |
   2289 | 7.59259e+01 3.31747e-02 | 1.25334e-02 1.07868e-01 1.39115e-01 |
   2290 | 7.59591e+01 3.31748e-02 | 1.25334e-02 1.07868e-01 1.39115e-01 |
   2291 | 7.59923e+01 3.31741e-02 | 1.25334e-02 1.07868e-01 1.39115e-01 |
   2292 | 7.60254e+01 3.31734e-02 | 1.25334e-02 1.07868e-01 1.39115e-01 |
   2293 | 7.60586e+01 3.31728e-02 | 1.25334e-02 1.07868e-01 1.39115e-01 |
   2294 | 7.60918e+01 3.31722e-02 | 1.25334e-02 1.07868e-01 1.39115e-01 |
   2295 | 7.61249e+01 3.31716e-02 | 1.25334e-02 1.07868e-01 1.39115e-01 |
   2296 | 7.61581e+01 3.31710e-02 | 1.25334e-02 1.07868e-01 1.39115e-01 |
   2297 | 7.61913e+01 3.31704e-02 | 1.25334e-02 1.07868e-01 1.39115e-01 |
   2298 | 7.62245e+01 3.31699e-02 | 1.25334e-02 1.07868e-01 1.39115e-01 |
   2299 | 7.62576e+01 3.31694e-02 | 1.25334e-02 1.07868e-01 1.39115e-01 |
   2300 | 7.62908e+01 3.31690e-02 | 1.25334e-02 1.07868e-01 1.39115e-01 |
   2301 | 7.63240e+01 3.31685e-02 | 1.25334e-02 1.07868e-01 1.39115e-01 |
   2302 | 7.63571e+01 3.31681e-02 | 1.25334e-02 1.07868e-01 1.39115e-01 |
   2303 | 7.63903e+01 3.31678e-02 | 1.25334e-02 1.07868e-01 1.39115e-01 |
   2304 | 7.64235e+01 3.31674e-02 | 1.25334e-02 1.07868e-01 1.39115e-01 |
   2305 | 7.64566e+01 3.31671e-02 | 1.25334e-02 1.07868e-01 1.39115e-01 |
   2306 | 7.64898e+01 3.31668e-02 | 1.25334e-02 1.07868e-01 1.39115e-01 |
   2307 | 7.65230e+01 3.31665e-02 | 1.25334e-02 1.07868e-01 1.39115e-01 |
   2308 | 7.65561e+01 3.31663e-02 | 1.25334e-02 1.07868e-01 1.39115e-01 |
   2309 | 7.65893e+01 3.31661e-02 | 1.25334e-02 1.07868e-01 1.39115e-01 |
   2310 | 7.66225e+01 3.31659e-02 | 1.25334e-02 1.07868e-01 1.39115e-01 |
   2311 | 7.66556e+01 3.31658e-02 | 1.25334e-02 1.07868e-01 1.39115e-01 |
   2312 | 7.66888e+01 3.31656e-02 | 1.25334e-02 1.07868e-01 1.39115e-01 |
   2313 | 7.67220e+01 3.31655e-02 | 1.25334e-02 1.07868e-01 1.39115e-01 |
   2314 | 7.67551e+01 3.31655e-02 | 1.25334e-02 1.07868e-01 1.39115e-01 |
   2315 | 7.67883e+01 3.31654e-02 | 1.25334e-02 1.07868e-01 1.39115e-01 |
   2316 | 7.68215e+01 3.31654e-02 | 1.25334e-02 1.07868e-01 1.39115e-01 |
   2317 | 7.68546e+01 3.31654e-02 | 1.25334e-02 1.07868e-01 1.39115e-01 |
   2318 | 7.68878e+01 3.31655e-02 | 1.25334e-02 1.07868e-01 1.39115e-01 |
   2319 | 7.69210e+01 3.31656e-02 | 1.25334e-02 1.07868e-01 1.39115e-01 |
   2320 | 7.69541e+01 3.31656e-02 | 1.25334e-02 1.07868e-01 1.39115e-01 |
   2321 | 7.69873e+01 3.31658e-02 | 1.25334e-02 1.07868e-01 1.39115e-01 |
   2322 | 7.70204e+01 3.31659e-02 | 1.25334e-02 1.07868e-01 1.39115e-01 |
   2323 | 7.70536e+01 3.31661e-02 | 1.25334e-02 1.07868e-01 1.39115e-01 |
   2324 | 7.70868e+01 3.31663e-02 | 1.25334e-02 1.07868e-01 1.39115e-01 |
   2325 | 7.71199e+01 3.31666e-02 | 1.25334e-02 1.07868e-01 1.39115e-01 |
   2326 | 7.71531e+01 3.31668e-02 | 1.25334e-02 1.07868e-01 1.39115e-01 |
   2327 | 7.71863e+01 3.31671e-02 | 1.25334e-02 1.07868e-01 1.39115e-01 |
   2328 | 7.72194e+01 3.31674e-02 | 1.25334e-02 1.07868e-01 1.39115e-01 |
   2329 | 7.72526e+01 3.31678e-02 | 1.25334e-02 1.07868e-01 1.39115e-01 |
   2330 | 7.72858e+01 3.31682e-02 | 1.25334e-02 1.07868e-01 1.39115e-01 |
   2331 | 7.73190e+01 3.31686e-02 | 1.25334e-02 1.07868e-01 1.39115e-01 |
   2332 | 7.73521e+01 3.31690e-02 | 1.25334e-02 1.07868e-01 1.39115e-01 |
   2333 | 7.73853e+01 3.31695e-02 | 1.25334e-02 1.07868e-01 1.39115e-01 |
   2334 | 7.74185e+01 3.31700e-02 | 1.25334e-02 1.07868e-01 1.39115e-01 |
   2335 | 7.74516e+01 3.31705e-02 | 1.25334e-02 1.07868e-01 1.39115e-01 |
   2336 | 7.74848e+01 3.31710e-02 | 1.25334e-02 1.07868e-01 1.39115e-01 |
   2337 | 7.75180e+01 3.31716e-02 | 1.25334e-02 1.07868e-01 1.39115e-01 |
   2338 | 7.75511e+01 3.31722e-02 | 1.25334e-02 1.07868e-01 1.39115e-01 |
   2339 | 7.75843e+01 3.31728e-02 | 1.25334e-02 1.07868e-01 1.39115e-01 |
   2340 | 7.76175e+01 3.31735e-02 | 1.25334e-02 1.07868e-01 1.39115e-01 |
   2341 | 7.76507e+01 3.31742e-02 | 1.25334e-02 1.07868e-01 1.39115e-01 |
   2342 | 7.76838e+01 3.31749e-02 | 1.25334e-02 1.07868e-01 1.39115e-01 |
   2343 | 7.77170e+01 3.31756e-02 | 1.25334e-02 1.07868e-01 1.39115e-01 |
   2344 | 7.77502e+01 3.31764e-02 | 1.25334e-02 1.07868e-01 1.39115e-01 |
   2345 | 7.77834e+01 3.31756e-02 | 1.25334e-02 1.07868e-01 1.39115e-01 |
   2346 | 7.78165e+01 3.31748e-02 | 1.25334e-02 1.07868e-01 1.39115e-01 |
   2347 | 7.78497e+01 3.31741e-02 | 1.25334e-02 1.07868e-01 1.39115e-01 |
   2348 | 7.78829e+01 3.31734e-02 | 1.25334e-02 1.07868e-01 1.39115e-01 |
   2349 | 7.79161e+01 3.31727e-02 | 1.25334e-02 1.07868e-01 1.39115e-01 |
   2350 | 7.79492e+01 3.31721e-02 | 1.25334e-02 1.07868e-01 1.39115e-01 |
   2351 | 7.79824e+01 3.31715e-02 | 1.25334e-02 1.07868e-01 1.39115e-01 |
   2352 | 7.80156e+01 3.31709e-02 | 1.25334e-02 1.07868e-01 1.39115e-01 |
   2353 | 7.80487e+01 3.31703e-02 | 1.25334e-02 1.07868e-01 1.39115e-01 |
   2354 | 7.80819e+01 3.31698e-02 | 1.25334e-02 1.07868e-01 1.39115e-01 |
   2355 | 7.81151e+01 3.31693e-02 | 1.25334e-02 1.07868e-01 1.39115e-01 |
   2356 | 7.81483e+01 3.31688e-02 | 1.25334e-02 1.07868e-01 1.39115e-01 |
   2357 | 7.81814e+01 3.31684e-02 | 1.25334e-02 1.07868e-01 1.39115e-01 |
   2358 | 7.82146e+01 3.31679e-02 | 1.25334e-02 1.07868e-01 1.39115e-01 |
   2359 | 7.82478e+01 3.31675e-02 | 1.25334e-02 1.07868e-01 1.39115e-01 |
   2360 | 7.82809e+01 3.31672e-02 | 1.25334e-02 1.07868e-01 1.39115e-01 |
   2361 | 7.83141e+01 3.31668e-02 | 1.25334e-02 1.07868e-01 1.39115e-01 |
   2362 | 7.83473e+01 3.31665e-02 | 1.25334e-02 1.07868e-01 1.39115e-01 |
   2363 | 7.83804e+01 3.31663e-02 | 1.25334e-02 1.07868e-01 1.39115e-01 |
   2364 | 7.84136e+01 3.31660e-02 | 1.25334e-02 1.07868e-01 1.39115e-01 |
   2365 | 7.84468e+01 3.31658e-02 | 1.25334e-02 1.07868e-01 1.39115e-01 |
   2366 | 7.84799e+01 3.31656e-02 | 1.25334e-02 1.07868e-01 1.39115e-01 |
   2367 | 7.85131e+01 3.31654e-02 | 1.25334e-02 1.07868e-01 1.39115e-01 |
   2368 | 7.85463e+01 3.31653e-02 | 1.25334e-02 1.07868e-01 1.39115e-01 |
   2369 | 7.85794e+01 3.31652e-02 | 1.25334e-02 1.07868e-01 1.39115e-01 |
   2370 | 7.86126e+01 3.31651e-02 | 1.25334e-02 1.07868e-01 1.39115e-01 |
   2371 | 7.86458e+01 3.31650e-02 | 1.25334e-02 1.07868e-01 1.39115e-01 |
   2372 | 7.86789e+01 3.31650e-02 | 1.25334e-02 1.07868e-01 1.39115e-01 |
   2373 | 7.87121e+01 3.31650e-02 | 1.25334e-02 1.07868e-01 1.39115e-01 |
   2374 | 7.87452e+01 3.31650e-02 | 1.25334e-02 1.07868e-01 1.39115e-01 |
   2375 | 7.87784e+01 3.31651e-02 | 1.25334e-02 1.07868e-01 1.39115e-01 |
   2376 | 7.88116e+01 3.31652e-02 | 1.25334e-02 1.07868e-01 1.39115e-01 |
   2377 | 7.88447e+01 3.31653e-02 | 1.25334e-02 1.07868e-01 1.39115e-01 |
   2378 | 7.88779e+01 3.31654e-02 | 1.25334e-02 1.07868e-01 1.39115e-01 |
   2379 | 7.89111e+01 3.31656e-02 | 1.25334e-02 1.07868e-01 1.39115e-01 |
   2380 | 7.89442e+01 3.31658e-02 | 1.25334e-02 1.07868e-01 1.39115e-01 |
   2381 | 7.89774e+01 3.31660e-02 | 1.25334e-02 1.07868e-01 1.39115e-01 |
   2382 | 7.90106e+01 3.31662e-02 | 1.25334e-02 1.07868e-01 1.39115e-01 |
   2383 | 7.90437e+01 3.31665e-02 | 1.25334e-02 1.07868e-01 1.39115e-01 |
   2384 | 7.90769e+01 3.31668e-02 | 1.25334e-02 1.07868e-01 1.39115e-01 |
   2385 | 7.91101e+01 3.31672e-02 | 1.25334e-02 1.07868e-01 1.39115e-01 |
   2386 | 7.91432e+01 3.31675e-02 | 1.25334e-02 1.07868e-01 1.39115e-01 |
   2387 | 7.91764e+01 3.31679e-02 | 1.25334e-02 1.07868e-01 1.39115e-01 |
   2388 | 7.92096e+01 3.31683e-02 | 1.25334e-02 1.07868e-01 1.39115e-01 |
   2389 | 7.92427e+01 3.31688e-02 | 1.25334e-02 1.07868e-01 1.39115e-01 |
   2390 | 7.92759e+01 3.31693e-02 | 1.25334e-02 1.07868e-01 1.39115e-01 |
   2391 | 7.93091e+01 3.31698e-02 | 1.25334e-02 1.07868e-01 1.39115e-01 |
   2392 | 7.93423e+01 3.31703e-02 | 1.25334e-02 1.07868e-01 1.39115e-01 |
   2393 | 7.93754e+01 3.31708e-02 | 1.25334e-02 1.07868e-01 1.39115e-01 |
   2394 | 7.94086e+01 3.31714e-02 | 1.25334e-02 1.07868e-01 1.39115e-01 |
   2395 | 7.94418e+01 3.31720e-02 | 1.25334e-02 1.07868e-01 1.39115e-01 |
   2396 | 7.94749e+01 3.31727e-02 | 1.25334e-02 1.07868e-01 1.39115e-01 |
   2397 | 7.95081e+01 3.31734e-02 | 1.25334e-02 1.07868e-01 1.39115e-01 |
   2398 | 7.95413e+01 3.31741e-02 | 1.25334e-02 1.07868e-01 1.39115e-01 |
   2399 | 7.95745e+01 3.31748e-02 | 1.25334e-02 1.07868e-01 1.39115e-01 |
   2400 | 7.96076e+01 3.31750e-02 | 1.25334e-02 1.07868e-01 1.39115e-01 |
   2401 | 7.96408e+01 3.31743e-02 | 1.25334e-02 1.07868e-01 1.39115e-01 |
   2402 | 7.96740e+01 3.31736e-02 | 1.25334e-02 1.07868e-01 1.39115e-01 |
   2403 | 7.97072e+01 3.31730e-02 | 1.25334e-02 1.07868e-01 1.39115e-01 |
   2404 | 7.97403e+01 3.31723e-02 | 1.25334e-02 1.07868e-01 1.39115e-01 |
   2405 | 7.97735e+01 3.31717e-02 | 1.25334e-02 1.07868e-01 1.39115e-01 |
   2406 | 7.98067e+01 3.31712e-02 | 1.25334e-02 1.07868e-01 1.39115e-01 |
   2407 | 7.98398e+01 3.31706e-02 | 1.25334e-02 1.07868e-01 1.39115e-01 |
   2408 | 7.98730e+01 3.31701e-02 | 1.25334e-02 1.07868e-01 1.39115e-01 |
   2409 | 7.99062e+01 3.31696e-02 | 1.25334e-02 1.07868e-01 1.39115e-01 |
   2410 | 7.99394e+01 3.31692e-02 | 1.25334e-02 1.07868e-01 1.39115e-01 |
   2411 | 7.99725e+01 3.31687e-02 | 1.25334e-02 1.07868e-01 1.39115e-01 |
   2412 | 8.00057e+01 3.31683e-02 | 1.25334e-02 1.07868e-01 1.39115e-01 |
   2413 | 8.00389e+01 3.31680e-02 | 1.25334e-02 1.07868e-01 1.39115e-01 |
   2414 | 8.00720e+01 3.31676e-02 | 1.25334e-02 1.07868e-01 1.39115e-01 |
   2415 | 8.01052e+01 3.31673e-02 | 1.25334e-02 1.07868e-01 1.39115e-01 |
   2416 | 8.01384e+01 3.31670e-02 | 1.25334e-02 1.07868e-01 1.39115e-01 |
   2417 | 8.01715e+01 3.31667e-02 | 1.25334e-02 1.07868e-01 1.39115e-01 |
   2418 | 8.02047e+01 3.31665e-02 | 1.25334e-02 1.07868e-01 1.39115e-01 |
   2419 | 8.02379e+01 3.31663e-02 | 1.25334e-02 1.07868e-01 1.39115e-01 |
   2420 | 8.02710e+01 3.31661e-02 | 1.25334e-02 1.07868e-01 1.39115e-01 |
   2421 | 8.03042e+01 3.31660e-02 | 1.25334e-02 1.07868e-01 1.39115e-01 |
   2422 | 8.03374e+01 3.31659e-02 | 1.25334e-02 1.07868e-01 1.39115e-01 |
   2423 | 8.03705e+01 3.31658e-02 | 1.25334e-02 1.07868e-01 1.39115e-01 |
   2424 | 8.04037e+01 3.31657e-02 | 1.25334e-02 1.07868e-01 1.39115e-01 |
   2425 | 8.04369e+01 3.31656e-02 | 1.25334e-02 1.07868e-01 1.39115e-01 |
   2426 | 8.04700e+01 3.31656e-02 | 1.25334e-02 1.07868e-01 1.39115e-01 |
   2427 | 8.05032e+01 3.31657e-02 | 1.25334e-02 1.07868e-01 1.39115e-01 |
   2428 | 8.05364e+01 3.31657e-02 | 1.25334e-02 1.07868e-01 1.39115e-01 |
   2429 | 8.05695e+01 3.31658e-02 | 1.25334e-02 1.07868e-01 1.39115e-01 |
   2430 | 8.06027e+01 3.31659e-02 | 1.25334e-02 1.07868e-01 1.39115e-01 |
   2431 | 8.06358e+01 3.31660e-02 | 1.25334e-02 1.07868e-01 1.39115e-01 |
   2432 | 8.06690e+01 3.31662e-02 | 1.25334e-02 1.07868e-01 1.39115e-01 |
   2433 | 8.07022e+01 3.31663e-02 | 1.25334e-02 1.07868e-01 1.39115e-01 |
   2434 | 8.07353e+01 3.31666e-02 | 1.25334e-02 1.07868e-01 1.39115e-01 |
   2435 | 8.07685e+01 3.31668e-02 | 1.25334e-02 1.07868e-01 1.39115e-01 |
   2436 | 8.08017e+01 3.31671e-02 | 1.25334e-02 1.07868e-01 1.39115e-01 |
   2437 | 8.08348e+01 3.31672e-02 | 1.25334e-02 1.07868e-01 1.39115e-01 |
   2438 | 8.08680e+01 3.31673e-02 | 1.25334e-02 1.07868e-01 1.39115e-01 |
   2439 | 8.09012e+01 3.31675e-02 | 1.25334e-02 1.07868e-01 1.39115e-01 |
   2440 | 8.09344e+01 3.31676e-02 | 1.25334e-02 1.07868e-01 1.39115e-01 |
   2441 | 8.09675e+01 3.31678e-02 | 1.25334e-02 1.07868e-01 1.39115e-01 |
   2442 | 8.10007e+01 3.31680e-02 | 1.25334e-02 1.07868e-01 1.39115e-01 |
   2443 | 8.10339e+01 3.31683e-02 | 1.25334e-02 1.07868e-01 1.39115e-01 |
   2444 | 8.10670e+01 3.31686e-02 | 1.25334e-02 1.07868e-01 1.39115e-01 |
   2445 | 8.11002e+01 3.31689e-02 | 1.25334e-02 1.07868e-01 1.39115e-01 |
   2446 | 8.11334e+01 3.31692e-02 | 1.25334e-02 1.07868e-01 1.39115e-01 |
   2447 | 8.11665e+01 3.31696e-02 | 1.25334e-02 1.07868e-01 1.39115e-01 |
   2448 | 8.11997e+01 3.31700e-02 | 1.25334e-02 1.07868e-01 1.39115e-01 |
   2449 | 8.12329e+01 3.31704e-02 | 1.25334e-02 1.07868e-01 1.39115e-01 |
   2450 | 8.12660e+01 3.31708e-02 | 1.25334e-02 1.07868e-01 1.39115e-01 |
   2451 | 8.12992e+01 3.31713e-02 | 1.25334e-02 1.07868e-01 1.39115e-01 |
   2452 | 8.13324e+01 3.31718e-02 | 1.25334e-02 1.07868e-01 1.39115e-01 |
   2453 | 8.13656e+01 3.31724e-02 | 1.25334e-02 1.07868e-01 1.39115e-01 |
   2454 | 8.13987e+01 3.31729e-02 | 1.25334e-02 1.07868e-01 1.39115e-01 |
   2455 | 8.14319e+01 3.31735e-02 | 1.25334e-02 1.07868e-01 1.39115e-01 |
   2456 | 8.14651e+01 3.31741e-02 | 1.25334e-02 1.07868e-01 1.39115e-01 |
   2457 | 8.14983e+01 3.31748e-02 | 1.25334e-02 1.07868e-01 1.39115e-01 |
   2458 | 8.15314e+01 3.31754e-02 | 1.25334e-02 1.07868e-01 1.39115e-01 |
   2459 | 8.15646e+01 3.31761e-02 | 1.25334e-02 1.07868e-01 1.39115e-01 |
   2460 | 8.15978e+01 3.31758e-02 | 1.25334e-02 1.07868e-01 1.39115e-01 |
   2461 | 8.16310e+01 3.31751e-02 | 1.25334e-02 1.07868e-01 1.39115e-01 |
   2462 | 8.16641e+01 3.31744e-02 | 1.25334e-02 1.07868e-01 1.39115e-01 |
   2463 | 8.16973e+01 3.31737e-02 | 1.25334e-02 1.07868e-01 1.39115e-01 |
   2464 | 8.17305e+01 3.31730e-02 | 1.25334e-02 1.07868e-01 1.39115e-01 |
   2465 | 8.17637e+01 3.31724e-02 | 1.25334e-02 1.07868e-01 1.39115e-01 |
   2466 | 8.17968e+01 3.31718e-02 | 1.25334e-02 1.07868e-01 1.39115e-01 |
   2467 | 8.18300e+01 3.31712e-02 | 1.25334e-02 1.07868e-01 1.39115e-01 |
   2468 | 8.18632e+01 3.31707e-02 | 1.25334e-02 1.07868e-01 1.39115e-01 |
   2469 | 8.18963e+01 3.31702e-02 | 1.25334e-02 1.07868e-01 1.39115e-01 |
   2470 | 8.19295e+01 3.31697e-02 | 1.25334e-02 1.07868e-01 1.39115e-01 |
   2471 | 8.19627e+01 3.31692e-02 | 1.25334e-02 1.07868e-01 1.39115e-01 |
   2472 | 8.19958e+01 3.31688e-02 | 1.25334e-02 1.07868e-01 1.39115e-01 |
   2473 | 8.20290e+01 3.31684e-02 | 1.25334e-02 1.07868e-01 1.39115e-01 |
   2474 | 8.20622e+01 3.31680e-02 | 1.25334e-02 1.07868e-01 1.39115e-01 |
   2475 | 8.20953e+01 3.31677e-02 | 1.25334e-02 1.07868e-01 1.39115e-01 |
   2476 | 8.21285e+01 3.31674e-02 | 1.25334e-02 1.07868e-01 1.39115e-01 |
   2477 | 8.21617e+01 3.31671e-02 | 1.25334e-02 1.07868e-01 1.39115e-01 |
   2478 | 8.21948e+01 3.31668e-02 | 1.25334e-02 1.07868e-01 1.39115e-01 |
   2479 | 8.22280e+01 3.31666e-02 | 1.25334e-02 1.07868e-01 1.39115e-01 |
   2480 | 8.22612e+01 3.31664e-02 | 1.25334e-02 1.07868e-01 1.39115e-01 |
   2481 | 8.22943e+01 3.31662e-02 | 1.25334e-02 1.07868e-01 1.39115e-01 |
   2482 | 8.23275e+01 3.31660e-02 | 1.25334e-02 1.07868e-01 1.39115e-01 |
   2483 | 8.23607e+01 3.31659e-02 | 1.25334e-02 1.07868e-01 1.39115e-01 |
   2484 | 8.23938e+01 3.31658e-02 | 1.25334e-02 1.07868e-01 1.39115e-01 |
   2485 | 8.24270e+01 3.31658e-02 | 1.25334e-02 1.07868e-01 1.39115e-01 |
   2486 | 8.24602e+01 3.31657e-02 | 1.25334e-02 1.07868e-01 1.39115e-01 |
   2487 | 8.24933e+01 3.31657e-02 | 1.25334e-02 1.07868e-01 1.39115e-01 |
   2488 | 8.25265e+01 3.31657e-02 | 1.25334e-02 1.07868e-01 1.39115e-01 |
   2489 | 8.25597e+01 3.31658e-02 | 1.25334e-02 1.07868e-01 1.39115e-01 |
   2490 | 8.25928e+01 3.31659e-02 | 1.25334e-02 1.07868e-01 1.39115e-01 |
   2491 | 8.26260e+01 3.31660e-02 | 1.25334e-02 1.07868e-01 1.39115e-01 |
   2492 | 8.26592e+01 3.31661e-02 | 1.25334e-02 1.07868e-01 1.39115e-01 |
   2493 | 8.26923e+01 3.31662e-02 | 1.25334e-02 1.07868e-01 1.39115e-01 |
   2494 | 8.27255e+01 3.31664e-02 | 1.25334e-02 1.07868e-01 1.39115e-01 |
   2495 | 8.27587e+01 3.31666e-02 | 1.25334e-02 1.07868e-01 1.39115e-01 |
   2496 | 8.27918e+01 3.31669e-02 | 1.25334e-02 1.07868e-01 1.39115e-01 |
   2497 | 8.28250e+01 3.31672e-02 | 1.25334e-02 1.07868e-01 1.39115e-01 |
   2498 | 8.28582e+01 3.31675e-02 | 1.25334e-02 1.07868e-01 1.39115e-01 |
   2499 | 8.28913e+01 3.31678e-02 | 1.25334e-02 1.07868e-01 1.39115e-01 |
   2500 | 8.29245e+01 3.31681e-02 | 1.25334e-02 1.07868e-01 1.39115e-01 |
   2501 | 8.29577e+01 3.31685e-02 | 1.25334e-02 1.07868e-01 1.39115e-01 |
   2502 | 8.29908e+01 3.31689e-02 | 1.25334e-02 1.07868e-01 1.39115e-01 |
   2503 | 8.30240e+01 3.31694e-02 | 1.25334e-02 1.07868e-01 1.39115e-01 |
   2504 | 8.30572e+01 3.31698e-02 | 1.25334e-02 1.07868e-01 1.39115e-01 |
   2505 | 8.30904e+01 3.31703e-02 | 1.25334e-02 1.07868e-01 1.39115e-01 |
   2506 | 8.31235e+01 3.31709e-02 | 1.25334e-02 1.07868e-01 1.39115e-01 |
   2507 | 8.31567e+01 3.31714e-02 | 1.25334e-02 1.07868e-01 1.39115e-01 |
   2508 | 8.31899e+01 3.31720e-02 | 1.25334e-02 1.07868e-01 1.39115e-01 |
   2509 | 8.32230e+01 3.31726e-02 | 1.25334e-02 1.07868e-01 1.39115e-01 |
   2510 | 8.32562e+01 3.31732e-02 | 1.25334e-02 1.07868e-01 1.39115e-01 |
   2511 | 8.32894e+01 3.31739e-02 | 1.25334e-02 1.07868e-01 1.39115e-01 |
   2512 | 8.33226e+01 3.31746e-02 | 1.25334e-02 1.07868e-01 1.39115e-01 |
   2513 | 8.33557e+01 3.31753e-02 | 1.25334e-02 1.07868e-01 1.39115e-01 |
   2514 | 8.33889e+01 3.31760e-02 | 1.25334e-02 1.07868e-01 1.39115e-01 |
   2515 | 8.34221e+01 3.31765e-02 | 1.25334e-02 1.07868e-01 1.39115e-01 |
   2516 | 8.34553e+01 3.31761e-02 | 1.25334e-02 1.07868e-01 1.39115e-01 |
   2517 | 8.34884e+01 3.31758e-02 | 1.25334e-02 1.07868e-01 1.39115e-01 |
   2518 | 8.35216e+01 3.31755e-02 | 1.25334e-02 1.07868e-01 1.39115e-01 |
   2519 | 8.35548e+01 3.31751e-02 | 1.25334e-02 1.07868e-01 1.39115e-01 |
   2520 | 8.35880e+01 3.31744e-02 | 1.25334e-02 1.07868e-01 1.39115e-01 |
   2521 | 8.36211e+01 3.31737e-02 | 1.25334e-02 1.07868e-01 1.39115e-01 |
   2522 | 8.36543e+01 3.31731e-02 | 1.25334e-02 1.07868e-01 1.39115e-01 |
   2523 | 8.36875e+01 3.31725e-02 | 1.25334e-02 1.07868e-01 1.39115e-01 |
   2524 | 8.37207e+01 3.31720e-02 | 1.25334e-02 1.07868e-01 1.39115e-01 |
   2525 | 8.37538e+01 3.31715e-02 | 1.25334e-02 1.07868e-01 1.39115e-01 |
   2526 | 8.37870e+01 3.31709e-02 | 1.25334e-02 1.07868e-01 1.39115e-01 |
   2527 | 8.38202e+01 3.31705e-02 | 1.25334e-02 1.07868e-01 1.39115e-01 |
   2528 | 8.38533e+01 3.31700e-02 | 1.25334e-02 1.07868e-01 1.39115e-01 |
   2529 | 8.38865e+01 3.31696e-02 | 1.25334e-02 1.07868e-01 1.39115e-01 |
   2530 | 8.39197e+01 3.31692e-02 | 1.25334e-02 1.07868e-01 1.39115e-01 |
   2531 | 8.39528e+01 3.31689e-02 | 1.25334e-02 1.07868e-01 1.39115e-01 |
   2532 | 8.39860e+01 3.31685e-02 | 1.25334e-02 1.07868e-01 1.39115e-01 |
   2533 | 8.40192e+01 3.31682e-02 | 1.25334e-02 1.07868e-01 1.39115e-01 |
   2534 | 8.40524e+01 3.31679e-02 | 1.25334e-02 1.07868e-01 1.39115e-01 |
   2535 | 8.40855e+01 3.31677e-02 | 1.25334e-02 1.07868e-01 1.39115e-01 |
   2536 | 8.41187e+01 3.31675e-02 | 1.25334e-02 1.07868e-01 1.39115e-01 |
   2537 | 8.41519e+01 3.31673e-02 | 1.25334e-02 1.07868e-01 1.39115e-01 |
   2538 | 8.41850e+01 3.31671e-02 | 1.25334e-02 1.07868e-01 1.39115e-01 |
   2539 | 8.42182e+01 3.31670e-02 | 1.25334e-02 1.07868e-01 1.39115e-01 |
   2540 | 8.42514e+01 3.31668e-02 | 1.25334e-02 1.07868e-01 1.39115e-01 |
   2541 | 8.42845e+01 3.31668e-02 | 1.25334e-02 1.07868e-01 1.39115e-01 |
   2542 | 8.43177e+01 3.31667e-02 | 1.25334e-02 1.07868e-01 1.39115e-01 |
   2543 | 8.43509e+01 3.31667e-02 | 1.25334e-02 1.07868e-01 1.39115e-01 |
   2544 | 8.43840e+01 3.31667e-02 | 1.25334e-02 1.07868e-01 1.39115e-01 |
   2545 | 8.44172e+01 3.31667e-02 | 1.25334e-02 1.07868e-01 1.39115e-01 |
   2546 | 8.44504e+01 3.31668e-02 | 1.25334e-02 1.07868e-01 1.39115e-01 |
   2547 | 8.44835e+01 3.31669e-02 | 1.25334e-02 1.07868e-01 1.39115e-01 |
   2548 | 8.45167e+01 3.31670e-02 | 1.25334e-02 1.07868e-01 1.39115e-01 |
   2549 | 8.45499e+01 3.31671e-02 | 1.25334e-02 1.07868e-01 1.39115e-01 |
   2550 | 8.45830e+01 3.31673e-02 | 1.25334e-02 1.07868e-01 1.39115e-01 |
   2551 | 8.46162e+01 3.31675e-02 | 1.25334e-02 1.07868e-01 1.39115e-01 |
   2552 | 8.46494e+01 3.31677e-02 | 1.25334e-02 1.07868e-01 1.39115e-01 |
   2553 | 8.46825e+01 3.31680e-02 | 1.25334e-02 1.07868e-01 1.39115e-01 |
   2554 | 8.47157e+01 3.31682e-02 | 1.25334e-02 1.07868e-01 1.39115e-01 |
   2555 | 8.47489e+01 3.31685e-02 | 1.25334e-02 1.07868e-01 1.39115e-01 |
   2556 | 8.47820e+01 3.31689e-02 | 1.25334e-02 1.07868e-01 1.39115e-01 |
   2557 | 8.48152e+01 3.31692e-02 | 1.25334e-02 1.07868e-01 1.39115e-01 |
   2558 | 8.48484e+01 3.31696e-02 | 1.25334e-02 1.07868e-01 1.39115e-01 |
   2559 | 8.48815e+01 3.31701e-02 | 1.25334e-02 1.07868e-01 1.39115e-01 |
   2560 | 8.49147e+01 3.31705e-02 | 1.25334e-02 1.07868e-01 1.39115e-01 |
   2561 | 8.49479e+01 3.31710e-02 | 1.25334e-02 1.07868e-01 1.39115e-01 |
   2562 | 8.49811e+01 3.31715e-02 | 1.25334e-02 1.07868e-01 1.39115e-01 |
   2563 | 8.50142e+01 3.31720e-02 | 1.25334e-02 1.07868e-01 1.39115e-01 |
   2564 | 8.50474e+01 3.31726e-02 | 1.25334e-02 1.07868e-01 1.39115e-01 |
   2565 | 8.50806e+01 3.31732e-02 | 1.25334e-02 1.07868e-01 1.39115e-01 |
   2566 | 8.51137e+01 3.31738e-02 | 1.25334e-02 1.07868e-01 1.39115e-01 |
   2567 | 8.51469e+01 3.31744e-02 | 1.25334e-02 1.07868e-01 1.39115e-01 |
   2568 | 8.51801e+01 3.31751e-02 | 1.25334e-02 1.07868e-01 1.39115e-01 |
   2569 | 8.52133e+01 3.31758e-02 | 1.25334e-02 1.07868e-01 1.39115e-01 |
   2570 | 8.52464e+01 3.31756e-02 | 1.25334e-02 1.07868e-01 1.39115e-01 |
   2571 | 8.52796e+01 3.31748e-02 | 1.25334e-02 1.07868e-01 1.39115e-01 |
   2572 | 8.53128e+01 3.31741e-02 | 1.25334e-02 1.07868e-01 1.39115e-01 |
   2573 | 8.53460e+01 3.31734e-02 | 1.25334e-02 1.07868e-01 1.39115e-01 |
   2574 | 8.53791e+01 3.31728e-02 | 1.25334e-02 1.07868e-01 1.39115e-01 |
   2575 | 8.54123e+01 3.31722e-02 | 1.25334e-02 1.07868e-01 1.39115e-01 |
   2576 | 8.54455e+01 3.31716e-02 | 1.25334e-02 1.07868e-01 1.39115e-01 |
   2577 | 8.54787e+01 3.31710e-02 | 1.25334e-02 1.07868e-01 1.39115e-01 |
   2578 | 8.55118e+01 3.31705e-02 | 1.25334e-02 1.07868e-01 1.39115e-01 |
   2579 | 8.55450e+01 3.31700e-02 | 1.25334e-02 1.07868e-01 1.39115e-01 |
   2580 | 8.55782e+01 3.31695e-02 | 1.25334e-02 1.07868e-01 1.39115e-01 |
   2581 | 8.56113e+01 3.31690e-02 | 1.25334e-02 1.07868e-01 1.39115e-01 |
   2582 | 8.56445e+01 3.31686e-02 | 1.25334e-02 1.07868e-01 1.39115e-01 |
   2583 | 8.56777e+01 3.31682e-02 | 1.25334e-02 1.07868e-01 1.39115e-01 |
   2584 | 8.57108e+01 3.31678e-02 | 1.25334e-02 1.07868e-01 1.39115e-01 |
   2585 | 8.57440e+01 3.31675e-02 | 1.25334e-02 1.07868e-01 1.39115e-01 |
   2586 | 8.57772e+01 3.31672e-02 | 1.25334e-02 1.07868e-01 1.39115e-01 |
   2587 | 8.58103e+01 3.31669e-02 | 1.25334e-02 1.07868e-01 1.39115e-01 |
   2588 | 8.58435e+01 3.31666e-02 | 1.25334e-02 1.07868e-01 1.39115e-01 |
   2589 | 8.58767e+01 3.31664e-02 | 1.25334e-02 1.07868e-01 1.39115e-01 |
   2590 | 8.59098e+01 3.31662e-02 | 1.25334e-02 1.07868e-01 1.39115e-01 |
   2591 | 8.59430e+01 3.31660e-02 | 1.25334e-02 1.07868e-01 1.39115e-01 |
   2592 | 8.59762e+01 3.31658e-02 | 1.25334e-02 1.07868e-01 1.39115e-01 |
   2593 | 8.60093e+01 3.31657e-02 | 1.25334e-02 1.07868e-01 1.39115e-01 |
   2594 | 8.60425e+01 3.31656e-02 | 1.25334e-02 1.07868e-01 1.39115e-01 |
   2595 | 8.60757e+01 3.31656e-02 | 1.25334e-02 1.07868e-01 1.39115e-01 |
   2596 | 8.61088e+01 3.31655e-02 | 1.25334e-02 1.07868e-01 1.39115e-01 |
   2597 | 8.61420e+01 3.31655e-02 | 1.25334e-02 1.07868e-01 1.39115e-01 |
   2598 | 8.61752e+01 3.31655e-02 | 1.25334e-02 1.07868e-01 1.39115e-01 |
   2599 | 8.62083e+01 3.31656e-02 | 1.25334e-02 1.07868e-01 1.39115e-01 |
   2600 | 8.62415e+01 3.31657e-02 | 1.25334e-02 1.07868e-01 1.39115e-01 |
   2601 | 8.62747e+01 3.31658e-02 | 1.25334e-02 1.07868e-01 1.39115e-01 |
   2602 | 8.63078e+01 3.31659e-02 | 1.25334e-02 1.07868e-01 1.39115e-01 |
   2603 | 8.63410e+01 3.31661e-02 | 1.25334e-02 1.07868e-01 1.39115e-01 |
   2604 | 8.63742e+01 3.31663e-02 | 1.25334e-02 1.07868e-01 1.39115e-01 |
   2605 | 8.64073e+01 3.31665e-02 | 1.25334e-02 1.07868e-01 1.39115e-01 |
   2606 | 8.64405e+01 3.31667e-02 | 1.25334e-02 1.07868e-01 1.39115e-01 |
   2607 | 8.64737e+01 3.31670e-02 | 1.25334e-02 1.07868e-01 1.39115e-01 |
   2608 | 8.65068e+01 3.31673e-02 | 1.25334e-02 1.07868e-01 1.39115e-01 |
   2609 | 8.65400e+01 3.31676e-02 | 1.25334e-02 1.07868e-01 1.39115e-01 |
   2610 | 8.65732e+01 3.31680e-02 | 1.25334e-02 1.07868e-01 1.39115e-01 |
   2611 | 8.66063e+01 3.31684e-02 | 1.25334e-02 1.07868e-01 1.39115e-01 |
   2612 | 8.66395e+01 3.31688e-02 | 1.25334e-02 1.07868e-01 1.39115e-01 |
   2613 | 8.66727e+01 3.31692e-02 | 1.25334e-02 1.07868e-01 1.39115e-01 |
   2614 | 8.67058e+01 3.31697e-02 | 1.25334e-02 1.07868e-01 1.39115e-01 |
   2615 | 8.67390e+01 3.31702e-02 | 1.25334e-02 1.07868e-01 1.39115e-01 |
   2616 | 8.67722e+01 3.31707e-02 | 1.25334e-02 1.07868e-01 1.39115e-01 |
   2617 | 8.68054e+01 3.31713e-02 | 1.25334e-02 1.07868e-01 1.39115e-01 |
   2618 | 8.68385e+01 3.31718e-02 | 1.25334e-02 1.07868e-01 1.39115e-01 |
   2619 | 8.68717e+01 3.31724e-02 | 1.25334e-02 1.07868e-01 1.39115e-01 |
   2620 | 8.69049e+01 3.31731e-02 | 1.25334e-02 1.07868e-01 1.39115e-01 |
   2621 | 8.69380e+01 3.31737e-02 | 1.25334e-02 1.07868e-01 1.39115e-01 |
   2622 | 8.69712e+01 3.31744e-02 | 1.25334e-02 1.07868e-01 1.39115e-01 |
   2623 | 8.70044e+01 3.31752e-02 | 1.25334e-02 1.07868e-01 1.39115e-01 |
   2624 | 8.70376e+01 3.31759e-02 | 1.25334e-02 1.07868e-01 1.39115e-01 |
   2625 | 8.70707e+01 3.31767e-02 | 1.25334e-02 1.07868e-01 1.39115e-01 |
   2626 | 8.71039e+01 3.31768e-02 | 1.25334e-02 1.07868e-01 1.39115e-01 |
   2627 | 8.71371e+01 3.31765e-02 | 1.25334e-02 1.07868e-01 1.39115e-01 |
   2628 | 8.71703e+01 3.31761e-02 | 1.25334e-02 1.07868e-01 1.39115e-01 |
   2629 | 8.72035e+01 3.31758e-02 | 1.25334e-02 1.07868e-01 1.39115e-01 |
   2630 | 8.72366e+01 3.31756e-02 | 1.25334e-02 1.07868e-01 1.39115e-01 |
   2631 | 8.72698e+01 3.31753e-02 | 1.25334e-02 1.07868e-01 1.39115e-01 |
   2632 | 8.73030e+01 3.31751e-02 | 1.25334e-02 1.07868e-01 1.39115e-01 |
   2633 | 8.73362e+01 3.31749e-02 | 1.25334e-02 1.07868e-01 1.39115e-01 |
   2634 | 8.73693e+01 3.31747e-02 | 1.25334e-02 1.07868e-01 1.39115e-01 |
   2635 | 8.74025e+01 3.31746e-02 | 1.25334e-02 1.07868e-01 1.39115e-01 |
   2636 | 8.74357e+01 3.31745e-02 | 1.25334e-02 1.07868e-01 1.39115e-01 |
   2637 | 8.74689e+01 3.31744e-02 | 1.25334e-02 1.07868e-01 1.39115e-01 |
   2638 | 8.75020e+01 3.31744e-02 | 1.25334e-02 1.07868e-01 1.39115e-01 |
   2639 | 8.75352e+01 3.31743e-02 | 1.25334e-02 1.07868e-01 1.39115e-01 |
   2640 | 8.75684e+01 3.31743e-02 | 1.25334e-02 1.07868e-01 1.39115e-01 |
   2641 | 8.76016e+01 3.31744e-02 | 1.25334e-02 1.07868e-01 1.39115e-01 |
   2642 | 8.76347e+01 3.31744e-02 | 1.25334e-02 1.07868e-01 1.39115e-01 |
   2643 | 8.76679e+01 3.31744e-02 | 1.25334e-02 1.07868e-01 1.39115e-01 |
   2644 | 8.77011e+01 3.31740e-02 | 1.25334e-02 1.07868e-01 1.39115e-01 |
   2645 | 8.77342e+01 3.31736e-02 | 1.25334e-02 1.07868e-01 1.39115e-01 |
   2646 | 8.77674e+01 3.31733e-02 | 1.25334e-02 1.07868e-01 1.39115e-01 |
   2647 | 8.78006e+01 3.31730e-02 | 1.25334e-02 1.07868e-01 1.39115e-01 |
   2648 | 8.78338e+01 3.31727e-02 | 1.25334e-02 1.07868e-01 1.39115e-01 |
   2649 | 8.78669e+01 3.31724e-02 | 1.25334e-02 1.07868e-01 1.39115e-01 |
   2650 | 8.79001e+01 3.31722e-02 | 1.25334e-02 1.07868e-01 1.39115e-01 |
   2651 | 8.79333e+01 3.31720e-02 | 1.25334e-02 1.07868e-01 1.39115e-01 |
   2652 | 8.79665e+01 3.31718e-02 | 1.25334e-02 1.07868e-01 1.39115e-01 |
   2653 | 8.79996e+01 3.31716e-02 | 1.25334e-02 1.07868e-01 1.39115e-01 |
   2654 | 8.80328e+01 3.31715e-02 | 1.25334e-02 1.07868e-01 1.39115e-01 |
   2655 | 8.80660e+01 3.31714e-02 | 1.25334e-02 1.07868e-01 1.39115e-01 |
   2656 | 8.80991e+01 3.31714e-02 | 1.25334e-02 1.07868e-01 1.39115e-01 |
   2657 | 8.81323e+01 3.31713e-02 | 1.25334e-02 1.07868e-01 1.39115e-01 |
   2658 | 8.81655e+01 3.31713e-02 | 1.25334e-02 1.07868e-01 1.39115e-01 |
   2659 | 8.81987e+01 3.31713e-02 | 1.25334e-02 1.07868e-01 1.39115e-01 |
   2660 | 8.82318e+01 3.31714e-02 | 1.25334e-02 1.07868e-01 1.39115e-01 |
   2661 | 8.82650e+01 3.31714e-02 | 1.25334e-02 1.07868e-01 1.39115e-01 |
   2662 | 8.82982e+01 3.31716e-02 | 1.25334e-02 1.07868e-01 1.39115e-01 |
   2663 | 8.83313e+01 3.31717e-02 | 1.25334e-02 1.07868e-01 1.39115e-01 |
   2664 | 8.83645e+01 3.31718e-02 | 1.25334e-02 1.07868e-01 1.39115e-01 |
   2665 | 8.83977e+01 3.31720e-02 | 1.25334e-02 1.07868e-01 1.39115e-01 |
   2666 | 8.84309e+01 3.31722e-02 | 1.25334e-02 1.07868e-01 1.39115e-01 |
   2667 | 8.84640e+01 3.31725e-02 | 1.25334e-02 1.07868e-01 1.39115e-01 |
   2668 | 8.84972e+01 3.31727e-02 | 1.25334e-02 1.07868e-01 1.39115e-01 |
   2669 | 8.85304e+01 3.31730e-02 | 1.25334e-02 1.07868e-01 1.39115e-01 |
   2670 | 8.85635e+01 3.31734e-02 | 1.25334e-02 1.07868e-01 1.39115e-01 |
   2671 | 8.85967e+01 3.31737e-02 | 1.25334e-02 1.07868e-01 1.39115e-01 |
   2672 | 8.86299e+01 3.31741e-02 | 1.25334e-02 1.07868e-01 1.39115e-01 |
   2673 | 8.86631e+01 3.31745e-02 | 1.25334e-02 1.07868e-01 1.39115e-01 |
   2674 | 8.86962e+01 3.31750e-02 | 1.25334e-02 1.07868e-01 1.39115e-01 |
   2675 | 8.87294e+01 3.31754e-02 | 1.25334e-02 1.07868e-01 1.39115e-01 |
   2676 | 8.87626e+01 3.31749e-02 | 1.25334e-02 1.07868e-01 1.39115e-01 |
   2677 | 8.87958e+01 3.31742e-02 | 1.25334e-02 1.07868e-01 1.39115e-01 |
   2678 | 8.88289e+01 3.31736e-02 | 1.25334e-02 1.07868e-01 1.39115e-01 |
   2679 | 8.88621e+01 3.31730e-02 | 1.25334e-02 1.07868e-01 1.39115e-01 |
   2680 | 8.88953e+01 3.31724e-02 | 1.25334e-02 1.07868e-01 1.39115e-01 |
   2681 | 8.89285e+01 3.31718e-02 | 1.25334e-02 1.07868e-01 1.39115e-01 |
   2682 | 8.89616e+01 3.31713e-02 | 1.25334e-02 1.07868e-01 1.39115e-01 |
   2683 | 8.89948e+01 3.31708e-02 | 1.25334e-02 1.07868e-01 1.39115e-01 |
   2684 | 8.90280e+01 3.31704e-02 | 1.25334e-02 1.07868e-01 1.39115e-01 |
   2685 | 8.90611e+01 3.31699e-02 | 1.25334e-02 1.07868e-01 1.39115e-01 |
   2686 | 8.90943e+01 3.31695e-02 | 1.25334e-02 1.07868e-01 1.39115e-01 |
   2687 | 8.91275e+01 3.31691e-02 | 1.25334e-02 1.07868e-01 1.39115e-01 |
   2688 | 8.91607e+01 3.31688e-02 | 1.25334e-02 1.07868e-01 1.39115e-01 |
   2689 | 8.91938e+01 3.31685e-02 | 1.25334e-02 1.07868e-01 1.39115e-01 |
   2690 | 8.92270e+01 3.31682e-02 | 1.25334e-02 1.07868e-01 1.39115e-01 |
   2691 | 8.92602e+01 3.31679e-02 | 1.25334e-02 1.07868e-01 1.39115e-01 |
   2692 | 8.92933e+01 3.31677e-02 | 1.25334e-02 1.07868e-01 1.39115e-01 |
   2693 | 8.93265e+01 3.31675e-02 | 1.25334e-02 1.07868e-01 1.39115e-01 |
   2694 | 8.93597e+01 3.31673e-02 | 1.25334e-02 1.07868e-01 1.39115e-01 |
   2695 | 8.93928e+01 3.31671e-02 | 1.25334e-02 1.07868e-01 1.39115e-01 |
   2696 | 8.94260e+01 3.31670e-02 | 1.25334e-02 1.07868e-01 1.39115e-01 |
   2697 | 8.94592e+01 3.31669e-02 | 1.25334e-02 1.07868e-01 1.39115e-01 |
   2698 | 8.94923e+01 3.31668e-02 | 1.25334e-02 1.07868e-01 1.39115e-01 |
   2699 | 8.95255e+01 3.31668e-02 | 1.25334e-02 1.07868e-01 1.39115e-01 |
   2700 | 8.95587e+01 3.31667e-02 | 1.25334e-02 1.07868e-01 1.39115e-01 |
   2701 | 8.95918e+01 3.31668e-02 | 1.25334e-02 1.07868e-01 1.39115e-01 |
   2702 | 8.96250e+01 3.31668e-02 | 1.25334e-02 1.07868e-01 1.39115e-01 |
   2703 | 8.96582e+01 3.31669e-02 | 1.25334e-02 1.07868e-01 1.39115e-01 |
   2704 | 8.96913e+01 3.31670e-02 | 1.25334e-02 1.07868e-01 1.39115e-01 |
   2705 | 8.97245e+01 3.31671e-02 | 1.25334e-02 1.07868e-01 1.39115e-01 |
   2706 | 8.97577e+01 3.31672e-02 | 1.25334e-02 1.07868e-01 1.39115e-01 |
   2707 | 8.97908e+01 3.31674e-02 | 1.25334e-02 1.07868e-01 1.39115e-01 |
   2708 | 8.98240e+01 3.31676e-02 | 1.25334e-02 1.07868e-01 1.39115e-01 |
   2709 | 8.98572e+01 3.31678e-02 | 1.25334e-02 1.07868e-01 1.39115e-01 |
   2710 | 8.98903e+01 3.31681e-02 | 1.25334e-02 1.07868e-01 1.39115e-01 |
   2711 | 8.99235e+01 3.31684e-02 | 1.25334e-02 1.07868e-01 1.39115e-01 |
   2712 | 8.99567e+01 3.31687e-02 | 1.25334e-02 1.07868e-01 1.39115e-01 |
   2713 | 8.99898e+01 3.31691e-02 | 1.25334e-02 1.07868e-01 1.39115e-01 |
   2714 | 9.00230e+01 3.31694e-02 | 1.25334e-02 1.07868e-01 1.39115e-01 |
   2715 | 9.00562e+01 3.31698e-02 | 1.25334e-02 1.07868e-01 1.39115e-01 |
   2716 | 9.00893e+01 3.31703e-02 | 1.25334e-02 1.07868e-01 1.39115e-01 |
   2717 | 9.01225e+01 3.31707e-02 | 1.25334e-02 1.07868e-01 1.39115e-01 |
   2718 | 9.01557e+01 3.31712e-02 | 1.25334e-02 1.07868e-01 1.39115e-01 |
   2719 | 9.01889e+01 3.31717e-02 | 1.25334e-02 1.07868e-01 1.39115e-01 |
   2720 | 9.02220e+01 3.31723e-02 | 1.25334e-02 1.07868e-01 1.39115e-01 |
   2721 | 9.02552e+01 3.31728e-02 | 1.25334e-02 1.07868e-01 1.39115e-01 |
   2722 | 9.02884e+01 3.31734e-02 | 1.25334e-02 1.07868e-01 1.39115e-01 |
   2723 | 9.03216e+01 3.31740e-02 | 1.25334e-02 1.07868e-01 1.39115e-01 |
   2724 | 9.03547e+01 3.31747e-02 | 1.25334e-02 1.07868e-01 1.39115e-01 |
   2725 | 9.03879e+01 3.31752e-02 | 1.25334e-02 1.07868e-01 1.39115e-01 |
   2726 | 9.04211e+01 3.31756e-02 | 1.25334e-02 1.07868e-01 1.39115e-01 |
   2727 | 9.04543e+01 3.31759e-02 | 1.25334e-02 1.07868e-01 1.39115e-01 |
   2728 | 9.04874e+01 3.31762e-02 | 1.25334e-02 1.07868e-01 1.39115e-01 |
   2729 | 9.05206e+01 3.31766e-02 | 1.25334e-02 1.07868e-01 1.39115e-01 |
   2730 | 9.05538e+01 3.31762e-02 | 1.25334e-02 1.07868e-01 1.39115e-01 |
   2731 | 9.05870e+01 3.31756e-02 | 1.25334e-02 1.07868e-01 1.39115e-01 |
   2732 | 9.06201e+01 3.31750e-02 | 1.25334e-02 1.07868e-01 1.39115e-01 |
   2733 | 9.06533e+01 3.31744e-02 | 1.25334e-02 1.07868e-01 1.39115e-01 |
   2734 | 9.06865e+01 3.31738e-02 | 1.25334e-02 1.07868e-01 1.39115e-01 |
   2735 | 9.07197e+01 3.31733e-02 | 1.25334e-02 1.07868e-01 1.39115e-01 |
   2736 | 9.07528e+01 3.31728e-02 | 1.25334e-02 1.07868e-01 1.39115e-01 |
   2737 | 9.07860e+01 3.31723e-02 | 1.25334e-02 1.07868e-01 1.39115e-01 |
   2738 | 9.08192e+01 3.31719e-02 | 1.25334e-02 1.07868e-01 1.39115e-01 |
   2739 | 9.08523e+01 3.31714e-02 | 1.25334e-02 1.07868e-01 1.39115e-01 |
   2740 | 9.08855e+01 3.31711e-02 | 1.25334e-02 1.07868e-01 1.39115e-01 |
   2741 | 9.09187e+01 3.31707e-02 | 1.25334e-02 1.07868e-01 1.39115e-01 |
   2742 | 9.09519e+01 3.31704e-02 | 1.25334e-02 1.07868e-01 1.39115e-01 |
   2743 | 9.09850e+01 3.31700e-02 | 1.25334e-02 1.07868e-01 1.39115e-01 |
   2744 | 9.10182e+01 3.31698e-02 | 1.25334e-02 1.07868e-01 1.39115e-01 |
   2745 | 9.10514e+01 3.31695e-02 | 1.25334e-02 1.07868e-01 1.39115e-01 |
   2746 | 9.10845e+01 3.31693e-02 | 1.25334e-02 1.07868e-01 1.39115e-01 |
   2747 | 9.11177e+01 3.31691e-02 | 1.25334e-02 1.07868e-01 1.39115e-01 |
   2748 | 9.11509e+01 3.31689e-02 | 1.25334e-02 1.07868e-01 1.39115e-01 |
   2749 | 9.11840e+01 3.31688e-02 | 1.25334e-02 1.07868e-01 1.39115e-01 |
   2750 | 9.12172e+01 3.31687e-02 | 1.25334e-02 1.07868e-01 1.39115e-01 |
   2751 | 9.12504e+01 3.31686e-02 | 1.25334e-02 1.07868e-01 1.39115e-01 |
   2752 | 9.12835e+01 3.31685e-02 | 1.25334e-02 1.07868e-01 1.39115e-01 |
   2753 | 9.13167e+01 3.31685e-02 | 1.25334e-02 1.07868e-01 1.39115e-01 |
   2754 | 9.13499e+01 3.31685e-02 | 1.25334e-02 1.07868e-01 1.39115e-01 |
   2755 | 9.13831e+01 3.31685e-02 | 1.25334e-02 1.07868e-01 1.39115e-01 |
   2756 | 9.14162e+01 3.31686e-02 | 1.25334e-02 1.07868e-01 1.39115e-01 |
   2757 | 9.14494e+01 3.31687e-02 | 1.25334e-02 1.07868e-01 1.39115e-01 |
   2758 | 9.14826e+01 3.31688e-02 | 1.25334e-02 1.07868e-01 1.39115e-01 |
   2759 | 9.15157e+01 3.31689e-02 | 1.25334e-02 1.07868e-01 1.39115e-01 |
   2760 | 9.15489e+01 3.31691e-02 | 1.25334e-02 1.07868e-01 1.39115e-01 |
   2761 | 9.15821e+01 3.31693e-02 | 1.25334e-02 1.07868e-01 1.39115e-01 |
   2762 | 9.16152e+01 3.31695e-02 | 1.25334e-02 1.07868e-01 1.39115e-01 |
   2763 | 9.16484e+01 3.31698e-02 | 1.25334e-02 1.07868e-01 1.39115e-01 |
   2764 | 9.16816e+01 3.31700e-02 | 1.25334e-02 1.07868e-01 1.39115e-01 |
   2765 | 9.17147e+01 3.31703e-02 | 1.25334e-02 1.07868e-01 1.39115e-01 |
   2766 | 9.17479e+01 3.31707e-02 | 1.25334e-02 1.07868e-01 1.39115e-01 |
   2767 | 9.17811e+01 3.31707e-02 | 1.25334e-02 1.07868e-01 1.39115e-01 |
   2768 | 9.18143e+01 3.31707e-02 | 1.25334e-02 1.07868e-01 1.39115e-01 |
   2769 | 9.18474e+01 3.31707e-02 | 1.25334e-02 1.07868e-01 1.39115e-01 |
   2770 | 9.18806e+01 3.31708e-02 | 1.25334e-02 1.07868e-01 1.39115e-01 |
   2771 | 9.19138e+01 3.31709e-02 | 1.25334e-02 1.07868e-01 1.39115e-01 |
   2772 | 9.19469e+01 3.31710e-02 | 1.25334e-02 1.07868e-01 1.39115e-01 |
   2773 | 9.19801e+01 3.31711e-02 | 1.25334e-02 1.07868e-01 1.39115e-01 |
   2774 | 9.20133e+01 3.31713e-02 | 1.25334e-02 1.07868e-01 1.39115e-01 |
   2775 | 9.20465e+01 3.31715e-02 | 1.25334e-02 1.07868e-01 1.39115e-01 |
   2776 | 9.20796e+01 3.31717e-02 | 1.25334e-02 1.07868e-01 1.39115e-01 |
   2777 | 9.21128e+01 3.31719e-02 | 1.25334e-02 1.07868e-01 1.39115e-01 |
   2778 | 9.21460e+01 3.31722e-02 | 1.25334e-02 1.07868e-01 1.39115e-01 |
   2779 | 9.21791e+01 3.31725e-02 | 1.25334e-02 1.07868e-01 1.39115e-01 |
   2780 | 9.22123e+01 3.31728e-02 | 1.25334e-02 1.07868e-01 1.39115e-01 |
   2781 | 9.22455e+01 3.31732e-02 | 1.25334e-02 1.07868e-01 1.39115e-01 |
   2782 | 9.22787e+01 3.31736e-02 | 1.25334e-02 1.07868e-01 1.39115e-01 |
   2783 | 9.23118e+01 3.31740e-02 | 1.25334e-02 1.07868e-01 1.39115e-01 |
   2784 | 9.23450e+01 3.31744e-02 | 1.25334e-02 1.07868e-01 1.39115e-01 |
   2785 | 9.23782e+01 3.31749e-02 | 1.25334e-02 1.07868e-01 1.39115e-01 |
   2786 | 9.24114e+01 3.31751e-02 | 1.25334e-02 1.07868e-01 1.39115e-01 |
   2787 | 9.24445e+01 3.31745e-02 | 1.25334e-02 1.07868e-01 1.39115e-01 |
   2788 | 9.24777e+01 3.31739e-02 | 1.25334e-02 1.07868e-01 1.39115e-01 |
   2789 | 9.25109e+01 3.31733e-02 | 1.25334e-02 1.07868e-01 1.39115e-01 |
   2790 | 9.25441e+01 3.31727e-02 | 1.25334e-02 1.07868e-01 1.39115e-01 |
   2791 | 9.25772e+01 3.31721e-02 | 1.25334e-02 1.07868e-01 1.39115e-01 |
   2792 | 9.26104e+01 3.31716e-02 | 1.25334e-02 1.07868e-01 1.39115e-01 |
   2793 | 9.26436e+01 3.31711e-02 | 1.25334e-02 1.07868e-01 1.39115e-01 |
   2794 | 9.26767e+01 3.31707e-02 | 1.25334e-02 1.07868e-01 1.39115e-01 |
   2795 | 9.27099e+01 3.31702e-02 | 1.25334e-02 1.07868e-01 1.39115e-01 |
   2796 | 9.27431e+01 3.31698e-02 | 1.25334e-02 1.07868e-01 1.39115e-01 |
   2797 | 9.27763e+01 3.31695e-02 | 1.25334e-02 1.07868e-01 1.39115e-01 |
   2798 | 9.28094e+01 3.31691e-02 | 1.25334e-02 1.07868e-01 1.39115e-01 |
   2799 | 9.28426e+01 3.31688e-02 | 1.25334e-02 1.07868e-01 1.39115e-01 |
   2800 | 9.28758e+01 3.31685e-02 | 1.25334e-02 1.07868e-01 1.39115e-01 |
   2801 | 9.29089e+01 3.31682e-02 | 1.25334e-02 1.07868e-01 1.39115e-01 |
   2802 | 9.29421e+01 3.31680e-02 | 1.25334e-02 1.07868e-01 1.39115e-01 |
   2803 | 9.29753e+01 3.31678e-02 | 1.25334e-02 1.07868e-01 1.39115e-01 |
   2804 | 9.30084e+01 3.31676e-02 | 1.25334e-02 1.07868e-01 1.39115e-01 |
   2805 | 9.30416e+01 3.31674e-02 | 1.25334e-02 1.07868e-01 1.39115e-01 |
   2806 | 9.30748e+01 3.31673e-02 | 1.25334e-02 1.07868e-01 1.39115e-01 |
   2807 | 9.31079e+01 3.31672e-02 | 1.25334e-02 1.07868e-01 1.39115e-01 |
   2808 | 9.31411e+01 3.31671e-02 | 1.25334e-02 1.07868e-01 1.39115e-01 |
   2809 | 9.31743e+01 3.31671e-02 | 1.25334e-02 1.07868e-01 1.39115e-01 |
   2810 | 9.32074e+01 3.31671e-02 | 1.25334e-02 1.07868e-01 1.39115e-01 |
   2811 | 9.32406e+01 3.31671e-02 | 1.25334e-02 1.07868e-01 1.39115e-01 |
   2812 | 9.32738e+01 3.31671e-02 | 1.25334e-02 1.07868e-01 1.39115e-01 |
   2813 | 9.33069e+01 3.31672e-02 | 1.25334e-02 1.07868e-01 1.39115e-01 |
   2814 | 9.33401e+01 3.31673e-02 | 1.25334e-02 1.07868e-01 1.39115e-01 |
   2815 | 9.33733e+01 3.31674e-02 | 1.25334e-02 1.07868e-01 1.39115e-01 |
   2816 | 9.34064e+01 3.31676e-02 | 1.25334e-02 1.07868e-01 1.39115e-01 |
   2817 | 9.34396e+01 3.31677e-02 | 1.25334e-02 1.07868e-01 1.39115e-01 |
   2818 | 9.34728e+01 3.31679e-02 | 1.25334e-02 1.07868e-01 1.39115e-01 |
   2819 | 9.35059e+01 3.31682e-02 | 1.25334e-02 1.07868e-01 1.39115e-01 |
   2820 | 9.35391e+01 3.31684e-02 | 1.25334e-02 1.07868e-01 1.39115e-01 |
   2821 | 9.35723e+01 3.31687e-02 | 1.25334e-02 1.07868e-01 1.39115e-01 |
   2822 | 9.36054e+01 3.31691e-02 | 1.25334e-02 1.07868e-01 1.39115e-01 |
   2823 | 9.36386e+01 3.31694e-02 | 1.25334e-02 1.07868e-01 1.39115e-01 |
   2824 | 9.36718e+01 3.31698e-02 | 1.25334e-02 1.07868e-01 1.39115e-01 |
   2825 | 9.37050e+01 3.31702e-02 | 1.25334e-02 1.07868e-01 1.39115e-01 |
   2826 | 9.37381e+01 3.31706e-02 | 1.25334e-02 1.07868e-01 1.39115e-01 |
   2827 | 9.37713e+01 3.31711e-02 | 1.25334e-02 1.07868e-01 1.39115e-01 |
   2828 | 9.38045e+01 3.31716e-02 | 1.25334e-02 1.07868e-01 1.39115e-01 |
   2829 | 9.38376e+01 3.31721e-02 | 1.25334e-02 1.07868e-01 1.39115e-01 |
   2830 | 9.38708e+01 3.31726e-02 | 1.25334e-02 1.07868e-01 1.39115e-01 |
   2831 | 9.39040e+01 3.31732e-02 | 1.25334e-02 1.07868e-01 1.39115e-01 |
   2832 | 9.39372e+01 3.31738e-02 | 1.25334e-02 1.07868e-01 1.39115e-01 |
   2833 | 9.39703e+01 3.31744e-02 | 1.25334e-02 1.07868e-01 1.39115e-01 |
   2834 | 9.40035e+01 3.31751e-02 | 1.25334e-02 1.07868e-01 1.39115e-01 |
   2835 | 9.40367e+01 3.31757e-02 | 1.25334e-02 1.07868e-01 1.39115e-01 |
   2836 | 9.40699e+01 3.31764e-02 | 1.25334e-02 1.07868e-01 1.39115e-01 |
   2837 | 9.41030e+01 3.31772e-02 | 1.25334e-02 1.07868e-01 1.39115e-01 |
   2838 | 9.41362e+01 3.31779e-02 | 1.25334e-02 1.07868e-01 1.39115e-01 |
   2839 | 9.41694e+01 3.31773e-02 | 1.25334e-02 1.07868e-01 1.39115e-01 |
   2840 | 9.42026e+01 3.31767e-02 | 1.25334e-02 1.07868e-01 1.39115e-01 |
   2841 | 9.42357e+01 3.31760e-02 | 1.25334e-02 1.07868e-01 1.39115e-01 |
   2842 | 9.42689e+01 3.31754e-02 | 1.25334e-02 1.07868e-01 1.39115e-01 |
   2843 | 9.43021e+01 3.31748e-02 | 1.25334e-02 1.07868e-01 1.39115e-01 |
   2844 | 9.43353e+01 3.31743e-02 | 1.25334e-02 1.07868e-01 1.39115e-01 |
   2845 | 9.43684e+01 3.31738e-02 | 1.25334e-02 1.07868e-01 1.39115e-01 |
   2846 | 9.44016e+01 3.31733e-02 | 1.25334e-02 1.07868e-01 1.39115e-01 |
   2847 | 9.44348e+01 3.31728e-02 | 1.25334e-02 1.07868e-01 1.39115e-01 |
   2848 | 9.44680e+01 3.31723e-02 | 1.25334e-02 1.07868e-01 1.39115e-01 |
   2849 | 9.45011e+01 3.31717e-02 | 1.25334e-02 1.07868e-01 1.39115e-01 |
   2850 | 9.45343e+01 3.31711e-02 | 1.25334e-02 1.07868e-01 1.39115e-01 |
   2851 | 9.45675e+01 3.31705e-02 | 1.25334e-02 1.07868e-01 1.39115e-01 |
   2852 | 9.46006e+01 3.31700e-02 | 1.25334e-02 1.07868e-01 1.39115e-01 |
   2853 | 9.46338e+01 3.31695e-02 | 1.25334e-02 1.07868e-01 1.39115e-01 |
   2854 | 9.46670e+01 3.31690e-02 | 1.25334e-02 1.07868e-01 1.39115e-01 |
   2855 | 9.47002e+01 3.31685e-02 | 1.25334e-02 1.07868e-01 1.39115e-01 |
   2856 | 9.47333e+01 3.31681e-02 | 1.25334e-02 1.07868e-01 1.39115e-01 |
   2857 | 9.47665e+01 3.31677e-02 | 1.25334e-02 1.07868e-01 1.39115e-01 |
   2858 | 9.47997e+01 3.31673e-02 | 1.25334e-02 1.07868e-01 1.39115e-01 |
   2859 | 9.48328e+01 3.31670e-02 | 1.25334e-02 1.07868e-01 1.39115e-01 |
   2860 | 9.48660e+01 3.31667e-02 | 1.25334e-02 1.07868e-01 1.39115e-01 |
   2861 | 9.48992e+01 3.31664e-02 | 1.25334e-02 1.07868e-01 1.39115e-01 |
   2862 | 9.49323e+01 3.31661e-02 | 1.25334e-02 1.07868e-01 1.39115e-01 |
   2863 | 9.49655e+01 3.31659e-02 | 1.25334e-02 1.07868e-01 1.39115e-01 |
   2864 | 9.49987e+01 3.31657e-02 | 1.25334e-02 1.07868e-01 1.39115e-01 |
   2865 | 9.50318e+01 3.31655e-02 | 1.25334e-02 1.07868e-01 1.39115e-01 |
   2866 | 9.50650e+01 3.31653e-02 | 1.25334e-02 1.07868e-01 1.39115e-01 |
   2867 | 9.50982e+01 3.31652e-02 | 1.25334e-02 1.07868e-01 1.39115e-01 |
   2868 | 9.51313e+01 3.31651e-02 | 1.25334e-02 1.07868e-01 1.39115e-01 |
   2869 | 9.51645e+01 3.31650e-02 | 1.25334e-02 1.07868e-01 1.39115e-01 |
   2870 | 9.51976e+01 3.31650e-02 | 1.25334e-02 1.07868e-01 1.39115e-01 |
   2871 | 9.52308e+01 3.31650e-02 | 1.25334e-02 1.07868e-01 1.39115e-01 |
   2872 | 9.52640e+01 3.31650e-02 | 1.25334e-02 1.07868e-01 1.39115e-01 |
   2873 | 9.52971e+01 3.31650e-02 | 1.25334e-02 1.07868e-01 1.39115e-01 |
   2874 | 9.53303e+01 3.31651e-02 | 1.25334e-02 1.07868e-01 1.39115e-01 |
   2875 | 9.53635e+01 3.31652e-02 | 1.25334e-02 1.07868e-01 1.39115e-01 |
   2876 | 9.53966e+01 3.31653e-02 | 1.25334e-02 1.07868e-01 1.39115e-01 |
   2877 | 9.54298e+01 3.31655e-02 | 1.25334e-02 1.07868e-01 1.39115e-01 |
   2878 | 9.54630e+01 3.31657e-02 | 1.25334e-02 1.07868e-01 1.39115e-01 |
   2879 | 9.54961e+01 3.31659e-02 | 1.25334e-02 1.07868e-01 1.39115e-01 |
   2880 | 9.55293e+01 3.31661e-02 | 1.25334e-02 1.07868e-01 1.39115e-01 |
   2881 | 9.55625e+01 3.31664e-02 | 1.25334e-02 1.07868e-01 1.39115e-01 |
   2882 | 9.55956e+01 3.31667e-02 | 1.25334e-02 1.07868e-01 1.39115e-01 |
   2883 | 9.56288e+01 3.31670e-02 | 1.25334e-02 1.07868e-01 1.39115e-01 |
   2884 | 9.56620e+01 3.31674e-02 | 1.25334e-02 1.07868e-01 1.39115e-01 |
   2885 | 9.56951e+01 3.31678e-02 | 1.25334e-02 1.07868e-01 1.39115e-01 |
   2886 | 9.57283e+01 3.31682e-02 | 1.25334e-02 1.07868e-01 1.39115e-01 |
   2887 | 9.57615e+01 3.31686e-02 | 1.25334e-02 1.07868e-01 1.39115e-01 |
   2888 | 9.57946e+01 3.31691e-02 | 1.25334e-02 1.07868e-01 1.39115e-01 |
   2889 | 9.58278e+01 3.31696e-02 | 1.25334e-02 1.07868e-01 1.39115e-01 |
   2890 | 9.58610e+01 3.31701e-02 | 1.25334e-02 1.07868e-01 1.39115e-01 |
   2891 | 9.58942e+01 3.31706e-02 | 1.25334e-02 1.07868e-01 1.39115e-01 |
   2892 | 9.59273e+01 3.31712e-02 | 1.25334e-02 1.07868e-01 1.39115e-01 |
   2893 | 9.59605e+01 3.31718e-02 | 1.25334e-02 1.07868e-01 1.39115e-01 |
   2894 | 9.59937e+01 3.31724e-02 | 1.25334e-02 1.07868e-01 1.39115e-01 |
   2895 | 9.60268e+01 3.31731e-02 | 1.25334e-02 1.07868e-01 1.39115e-01 |
   2896 | 9.60600e+01 3.31738e-02 | 1.25334e-02 1.07868e-01 1.39115e-01 |
   2897 | 9.60932e+01 3.31745e-02 | 1.25334e-02 1.07868e-01 1.39115e-01 |
   2898 | 9.61264e+01 3.31746e-02 | 1.25334e-02 1.07868e-01 1.39115e-01 |
   2899 | 9.61595e+01 3.31739e-02 | 1.25334e-02 1.07868e-01 1.39115e-01 |
   2900 | 9.61927e+01 3.31732e-02 | 1.25334e-02 1.07868e-01 1.39115e-01 |
   2901 | 9.62259e+01 3.31726e-02 | 1.25334e-02 1.07868e-01 1.39115e-01 |
   2902 | 9.62591e+01 3.31719e-02 | 1.25334e-02 1.07868e-01 1.39115e-01 |
   2903 | 9.62922e+01 3.31713e-02 | 1.25334e-02 1.07868e-01 1.39115e-01 |
   2904 | 9.63254e+01 3.31707e-02 | 1.25334e-02 1.07868e-01 1.39115e-01 |
   2905 | 9.63586e+01 3.31702e-02 | 1.25334e-02 1.07868e-01 1.39115e-01 |
   2906 | 9.63917e+01 3.31697e-02 | 1.25334e-02 1.07868e-01 1.39115e-01 |
   2907 | 9.64249e+01 3.31692e-02 | 1.25334e-02 1.07868e-01 1.39115e-01 |
   2908 | 9.64581e+01 3.31687e-02 | 1.25334e-02 1.07868e-01 1.39115e-01 |
   2909 | 9.64912e+01 3.31683e-02 | 1.25334e-02 1.07868e-01 1.39115e-01 |
   2910 | 9.65244e+01 3.31678e-02 | 1.25334e-02 1.07868e-01 1.39115e-01 |
   2911 | 9.65576e+01 3.31675e-02 | 1.25334e-02 1.07868e-01 1.39115e-01 |
   2912 | 9.65907e+01 3.31671e-02 | 1.25334e-02 1.07868e-01 1.39115e-01 |
   2913 | 9.66239e+01 3.31668e-02 | 1.25334e-02 1.07868e-01 1.39115e-01 |
   2914 | 9.66571e+01 3.31665e-02 | 1.25334e-02 1.07868e-01 1.39115e-01 |
   2915 | 9.66902e+01 3.31662e-02 | 1.25334e-02 1.07868e-01 1.39115e-01 |
   2916 | 9.67234e+01 3.31659e-02 | 1.25334e-02 1.07868e-01 1.39115e-01 |
   2917 | 9.67566e+01 3.31657e-02 | 1.25334e-02 1.07868e-01 1.39115e-01 |
   2918 | 9.67897e+01 3.31655e-02 | 1.25334e-02 1.07868e-01 1.39115e-01 |
   2919 | 9.68229e+01 3.31654e-02 | 1.25334e-02 1.07868e-01 1.39115e-01 |
   2920 | 9.68561e+01 3.31652e-02 | 1.25334e-02 1.07868e-01 1.39115e-01 |
   2921 | 9.68892e+01 3.31651e-02 | 1.25334e-02 1.07868e-01 1.39115e-01 |
   2922 | 9.69224e+01 3.31651e-02 | 1.25334e-02 1.07868e-01 1.39115e-01 |
   2923 | 9.69556e+01 3.31650e-02 | 1.25334e-02 1.07868e-01 1.39115e-01 |
   2924 | 9.69887e+01 3.31650e-02 | 1.25334e-02 1.07868e-01 1.39115e-01 |
   2925 | 9.70219e+01 3.31650e-02 | 1.25334e-02 1.07868e-01 1.39115e-01 |
   2926 | 9.70551e+01 3.31650e-02 | 1.25334e-02 1.07868e-01 1.39115e-01 |
   2927 | 9.70882e+01 3.31651e-02 | 1.25334e-02 1.07868e-01 1.39115e-01 |
   2928 | 9.71214e+01 3.31652e-02 | 1.25334e-02 1.07868e-01 1.39115e-01 |
   2929 | 9.71546e+01 3.31653e-02 | 1.25334e-02 1.07868e-01 1.39115e-01 |
   2930 | 9.71877e+01 3.31654e-02 | 1.25334e-02 1.07868e-01 1.39115e-01 |
   2931 | 9.72209e+01 3.31656e-02 | 1.25334e-02 1.07868e-01 1.39115e-01 |
   2932 | 9.72541e+01 3.31658e-02 | 1.25334e-02 1.07868e-01 1.39115e-01 |
   2933 | 9.72872e+01 3.31660e-02 | 1.25334e-02 1.07868e-01 1.39115e-01 |
   2934 | 9.73204e+01 3.31663e-02 | 1.25334e-02 1.07868e-01 1.39115e-01 |
   2935 | 9.73536e+01 3.31666e-02 | 1.25334e-02 1.07868e-01 1.39115e-01 |
   2936 | 9.73867e+01 3.31669e-02 | 1.25334e-02 1.07868e-01 1.39115e-01 |
   2937 | 9.74199e+01 3.31672e-02 | 1.25334e-02 1.07868e-01 1.39115e-01 |
   2938 | 9.74531e+01 3.31676e-02 | 1.25334e-02 1.07868e-01 1.39115e-01 |
   2939 | 9.74862e+01 3.31680e-02 | 1.25334e-02 1.07868e-01 1.39115e-01 |
   2940 | 9.75194e+01 3.31684e-02 | 1.25334e-02 1.07868e-01 1.39115e-01 |
   2941 | 9.75526e+01 3.31689e-02 | 1.25334e-02 1.07868e-01 1.39115e-01 |
   2942 | 9.75857e+01 3.31694e-02 | 1.25334e-02 1.07868e-01 1.39115e-01 |
   2943 | 9.76189e+01 3.31699e-02 | 1.25334e-02 1.07868e-01 1.39115e-01 |
   2944 | 9.76521e+01 3.31704e-02 | 1.25334e-02 1.07868e-01 1.39115e-01 |
   2945 | 9.76852e+01 3.31710e-02 | 1.25334e-02 1.07868e-01 1.39115e-01 |
   2946 | 9.77184e+01 3.31716e-02 | 1.25334e-02 1.07868e-01 1.39115e-01 |
   2947 | 9.77516e+01 3.31722e-02 | 1.25334e-02 1.07868e-01 1.39115e-01 |
   2948 | 9.77848e+01 3.31728e-02 | 1.25334e-02 1.07868e-01 1.39115e-01 |
   2949 | 9.78179e+01 3.31735e-02 | 1.25334e-02 1.07868e-01 1.39115e-01 |
   2950 | 9.78511e+01 3.31742e-02 | 1.25334e-02 1.07868e-01 1.39115e-01 |
   2951 | 9.78843e+01 3.31750e-02 | 1.25334e-02 1.07868e-01 1.39115e-01 |
   2952 | 9.79175e+01 3.31757e-02 | 1.25334e-02 1.07868e-01 1.39115e-01 |
   2953 | 9.79506e+01 3.31758e-02 | 1.25334e-02 1.07868e-01 1.39115e-01 |
   2954 | 9.79838e+01 3.31750e-02 | 1.25334e-02 1.07868e-01 1.39115e-01 |
   2955 | 9.80170e+01 3.31743e-02 | 1.25334e-02 1.07868e-01 1.39115e-01 |
   2956 | 9.80502e+01 3.31736e-02 | 1.25334e-02 1.07868e-01 1.39115e-01 |
   2957 | 9.80833e+01 3.31729e-02 | 1.25334e-02 1.07868e-01 1.39115e-01 |
   2958 | 9.81165e+01 3.31722e-02 | 1.25334e-02 1.07868e-01 1.39115e-01 |
   2959 | 9.81497e+01 3.31716e-02 | 1.25334e-02 1.07868e-01 1.39115e-01 |
   2960 | 9.81828e+01 3.31710e-02 | 1.25334e-02 1.07868e-01 1.39115e-01 |
   2961 | 9.82160e+01 3.31704e-02 | 1.25334e-02 1.07868e-01 1.39115e-01 |
   2962 | 9.82492e+01 3.31699e-02 | 1.25334e-02 1.07868e-01 1.39115e-01 |
   2963 | 9.82824e+01 3.31694e-02 | 1.25334e-02 1.07868e-01 1.39115e-01 |
   2964 | 9.83155e+01 3.31689e-02 | 1.25334e-02 1.07868e-01 1.39115e-01 |
   2965 | 9.83487e+01 3.31684e-02 | 1.25334e-02 1.07868e-01 1.39115e-01 |
   2966 | 9.83819e+01 3.31680e-02 | 1.25334e-02 1.07868e-01 1.39115e-01 |
   2967 | 9.84150e+01 3.31676e-02 | 1.25334e-02 1.07868e-01 1.39115e-01 |
   2968 | 9.84482e+01 3.31672e-02 | 1.25334e-02 1.07868e-01 1.39115e-01 |
   2969 | 9.84814e+01 3.31669e-02 | 1.25334e-02 1.07868e-01 1.39115e-01 |
   2970 | 9.85145e+01 3.31666e-02 | 1.25334e-02 1.07868e-01 1.39115e-01 |
   2971 | 9.85477e+01 3.31663e-02 | 1.25334e-02 1.07868e-01 1.39115e-01 |
   2972 | 9.85809e+01 3.31660e-02 | 1.25334e-02 1.07868e-01 1.39115e-01 |
   2973 | 9.86140e+01 3.31658e-02 | 1.25334e-02 1.07868e-01 1.39115e-01 |
   2974 | 9.86472e+01 3.31656e-02 | 1.25334e-02 1.07868e-01 1.39115e-01 |
   2975 | 9.86804e+01 3.31654e-02 | 1.25334e-02 1.07868e-01 1.39115e-01 |
   2976 | 9.87135e+01 3.31653e-02 | 1.25334e-02 1.07868e-01 1.39115e-01 |
   2977 | 9.87467e+01 3.31651e-02 | 1.25334e-02 1.07868e-01 1.39115e-01 |
   2978 | 9.87799e+01 3.31650e-02 | 1.25334e-02 1.07868e-01 1.39115e-01 |
   2979 | 9.88130e+01 3.31650e-02 | 1.25334e-02 1.07868e-01 1.39115e-01 |
   2980 | 9.88462e+01 3.31649e-02 | 1.25334e-02 1.07868e-01 1.39115e-01 |
   2981 | 9.88793e+01 3.31649e-02 | 1.25334e-02 1.07868e-01 1.39115e-01 |
   2982 | 9.89125e+01 3.31649e-02 | 1.25334e-02 1.07868e-01 1.39115e-01 |
   2983 | 9.89457e+01 3.31650e-02 | 1.25334e-02 1.07868e-01 1.39115e-01 |
   2984 | 9.89788e+01 3.31651e-02 | 1.25334e-02 1.07868e-01 1.39115e-01 |
   2985 | 9.90120e+01 3.31652e-02 | 1.25334e-02 1.07868e-01 1.39115e-01 |
   2986 | 9.90452e+01 3.31653e-02 | 1.25334e-02 1.07868e-01 1.39115e-01 |
   2987 | 9.90783e+01 3.31654e-02 | 1.25334e-02 1.07868e-01 1.39115e-01 |
   2988 | 9.91115e+01 3.31656e-02 | 1.25334e-02 1.07868e-01 1.39115e-01 |
   2989 | 9.91447e+01 3.31658e-02 | 1.25334e-02 1.07868e-01 1.39115e-01 |
   2990 | 9.91778e+01 3.31661e-02 | 1.25334e-02 1.07868e-01 1.39115e-01 |
   2991 | 9.92110e+01 3.31664e-02 | 1.25334e-02 1.07868e-01 1.39115e-01 |
   2992 | 9.92442e+01 3.31667e-02 | 1.25334e-02 1.07868e-01 1.39115e-01 |
   2993 | 9.92773e+01 3.31670e-02 | 1.25334e-02 1.07868e-01 1.39115e-01 |
   2994 | 9.93105e+01 3.31673e-02 | 1.25334e-02 1.07868e-01 1.39115e-01 |
   2995 | 9.93437e+01 3.31677e-02 | 1.25334e-02 1.07868e-01 1.39115e-01 |
   2996 | 9.93768e+01 3.31681e-02 | 1.25334e-02 1.07868e-01 1.39115e-01 |
   2997 | 9.94100e+01 3.31686e-02 | 1.25334e-02 1.07868e-01 1.39115e-01 |
   2998 | 9.94432e+01 3.31690e-02 | 1.25334e-02 1.07868e-01 1.39115e-01 |
   2999 | 9.94763e+01 3.31695e-02 | 1.25334e-02 1.07868e-01 1.39115e-01 |
   3000 | 9.95095e+01 3.31700e-02 | 1.25334e-02 1.07868e-01 1.39115e-01 |
   3001 | 9.95427e+01 3.31706e-02 | 1.25334e-02 1.07868e-01 1.39115e-01 |
   3002 | 9.95759e+01 3.31712e-02 | 1.25334e-02 1.07868e-01 1.39115e-01 |
   3003 | 9.96090e+01 3.31718e-02 | 1.25334e-02 1.07868e-01 1.39115e-01 |
   3004 | 9.96422e+01 3.31724e-02 | 1.25334e-02 1.07868e-01 1.39115e-01 |
   3005 | 9.96754e+01 3.31731e-02 | 1.25334e-02 1.07868e-01 1.39115e-01 |
   3006 | 9.97085e+01 3.31738e-02 | 1.25334e-02 1.07868e-01 1.39115e-01 |
   3007 | 9.97417e+01 3.31745e-02 | 1.25334e-02 1.07868e-01 1.39115e-01 |
   3008 | 9.97749e+01 3.31747e-02 | 1.25334e-02 1.07868e-01 1.39115e-01 |
   3009 | 9.98081e+01 3.31740e-02 | 1.25334e-02 1.07868e-01 1.39115e-01 |
   3010 | 9.98412e+01 3.31733e-02 | 1.25334e-02 1.07868e-01 1.39115e-01 |
   3011 | 9.98744e+01 3.31726e-02 | 1.25334e-02 1.07868e-01 1.39115e-01 |
   3012 | 9.99076e+01 3.31720e-02 | 1.25334e-02 1.07868e-01 1.39115e-01 |
   3013 | 9.99408e+01 3.31714e-02 | 1.25334e-02 1.07868e-01 1.39115e-01 |
   3014 | 9.99739e+01 3.31708e-02 | 1.25334e-02 1.07868e-01 1.39115e-01 |
   3015 | 1.00000e+02 2.60695e-02 | 1.25334e-02 1.07868e-01 1.39115e-01 |
        | ----------- ----------- | ----------- ----------- ----------- |
        | ----------- ----------- | 1.71751e-07 1.49868e-07 4.25523e-07 | => l1-error norm
        | ----------- 8.83884e-01 | 5.51258e-06 2.04107e-05 1.71466e-05 | => l2-error norm
[DELETEMATRIX] !
[DELETEMATRIX] !
[DELETEMATRIX] !
[DELETEMATRIX] !
[DELETEMATRIX] !
[DELETEMATRIX] !
[DELETEMATRIX] !
[DELETEMATRIX] !
[DELETEMATRIX] !
[DELETEMATRIX] !
[DELETEMATRIX] !
[DELETEMATRIX] !
[DELETEMATRIX] !
[DELETEMATRIX] !
[DELETEMATRIX] !
[DELETEMATRIX] !
[DELETEMATRIX] !
[DELETEMATRIX] !
[DELETEMATRIX] !
[DELETEMATRIX] !
[DELETEMATRIX] !
[DELETEMATRIX] !
[DELETEMATRIX] !
[DELETEMATRIX] !
[DELETEMATRIX] !
[DELETEMATRIX] !
[DELETEMATRIX] !
[DELETEMATRIX] !
[DELETEMATRIX] !
[DELETEMATRIX] !
[DELETEMATRIX] !
[DELETEMATRIX] !
srun: Received task exit notification for 32 tasks of StepId=347284.0 (status=0x0000).
srun: hpc-fat05: tasks 0-31: Completed
