srun: defined options
srun: -------------------- --------------------
srun: (null)              : hpc-fat02
srun: cpu-bind            : cores,verbose
srun: cpus-per-task       : 1
srun: distribution        : cyclic:cyclic
srun: exact               : set
srun: jobid               : 347291
srun: job-name            : Vortex
srun: mem-per-cpu         : 4G
srun: mpi                 : pmix_v5
srun: nodes               : 1
srun: ntasks              : 32
srun: oom-kill-step       : 0
srun: tres-per-task       : cpu=1
srun: verbose             : 1
srun: -------------------- --------------------
srun: end of defined options
srun: jobid 347291: nodes(1):`hpc-fat02', cpu counts: 32(x1)
srun: CpuBindType=verbose,cores
srun: launching StepId=347291.0 on host hpc-fat02, 32 tasks: [0-31]
cpu-bind=MASK - hpc-fat02, task  0  0 [2530892]: mask 0x1000000000000 set
cpu-bind=MASK - hpc-fat02, task  1  1 [2530893]: mask 0x10000000000000000000000000000 set
cpu-bind=MASK - hpc-fat02, task  2  2 [2530894]: mask 0x2000000000000 set
cpu-bind=MASK - hpc-fat02, task  3  3 [2530895]: mask 0x20000000000000000000000000000 set
cpu-bind=MASK - hpc-fat02, task  4  4 [2530896]: mask 0x4000000000000 set
cpu-bind=MASK - hpc-fat02, task  5  5 [2530897]: mask 0x40000000000000000000000000000 set
cpu-bind=MASK - hpc-fat02, task  6  6 [2530898]: mask 0x8000000000000 set
cpu-bind=MASK - hpc-fat02, task  7  7 [2530899]: mask 0x80000000000000000000000000000 set
cpu-bind=MASK - hpc-fat02, task  8  8 [2530900]: mask 0x10000000000000 set
cpu-bind=MASK - hpc-fat02, task  9  9 [2530901]: mask 0x100000000000000000000000000000 set
cpu-bind=MASK - hpc-fat02, task 10 10 [2530902]: mask 0x20000000000000 set
cpu-bind=MASK - hpc-fat02, task 11 11 [2530903]: mask 0x200000000000000000000000000000 set
cpu-bind=MASK - hpc-fat02, task 12 12 [2530904]: mask 0x40000000000000 set
cpu-bind=MASK - hpc-fat02, task 13 13 [2530905]: mask 0x400000000000000000000000000000 set
cpu-bind=MASK - hpc-fat02, task 14 14 [2530906]: mask 0x80000000000000 set
cpu-bind=MASK - hpc-fat02, task 15 15 [2530907]: mask 0x800000000000000000000000000000 set
cpu-bind=MASK - hpc-fat02, task 16 16 [2530908]: mask 0x100000000000000 set
cpu-bind=MASK - hpc-fat02, task 17 17 [2530909]: mask 0x1000000000000000000000000000000 set
cpu-bind=MASK - hpc-fat02, task 18 18 [2530910]: mask 0x200000000000000 set
cpu-bind=MASK - hpc-fat02, task 19 19 [2530911]: mask 0x2000000000000000000000000000000 set
cpu-bind=MASK - hpc-fat02, task 20 20 [2530912]: mask 0x400000000000000 set
cpu-bind=MASK - hpc-fat02, task 21 21 [2530913]: mask 0x4000000000000000000000000000000 set
cpu-bind=MASK - hpc-fat02, task 22 22 [2530914]: mask 0x800000000000000 set
cpu-bind=MASK - hpc-fat02, task 23 23 [2530915]: mask 0x8000000000000000000000000000000 set
cpu-bind=MASK - hpc-fat02, task 24 24 [2530916]: mask 0x1000000000000000 set
cpu-bind=MASK - hpc-fat02, task 25 25 [2530917]: mask 0x10000000000000000000000000000000 set
cpu-bind=MASK - hpc-fat02, task 26 26 [2530918]: mask 0x2000000000000000 set
cpu-bind=MASK - hpc-fat02, task 27 27 [2530919]: mask 0x20000000000000000000000000000000 set
cpu-bind=MASK - hpc-fat02, task 28 28 [2530920]: mask 0x4000000000000000 set
cpu-bind=MASK - hpc-fat02, task 29 29 [2530921]: mask 0x40000000000000000000000000000000 set
cpu-bind=MASK - hpc-fat02, task 30 30 [2530922]: mask 0x8000000000000000 set
cpu-bind=MASK - hpc-fat02, task 31 31 [2530923]: mask 0x80000000000000000000000000000000 set
srun: Node hpc-fat02, 32 tasks started
Data {
  aerosol.linearsolver : PETSc
  discretisation.femtype : Lagrange
  discretisation.numericalflux : WbswLaxFriedrichs
  io.mesh_file : /gpfs/scratch/fortetenreiro/run/Vortex/msh/Vortex_4.msh
  io.mesh_format : ParaGMSH
  io.output_format : HDF5
  io.output_path : /gpfs/scratch/fortetenreiro/run/Vortex/visu/R0_M4_P1
  io.restartPath : /gpfs/scratch/fortetenreiro/run/Vortex/restart/R0_M4_P1
  io.restartPrefix : restart
  io.visutype : cells
  model.bathymetry : 1;0;ICBC
  model.manning : 1;0;ICBC;CONSTANT;0.00
  model.name : ShallowWater
  testcase.name : Vortex
  time.inittype : interpolation
  time.name : RK-2-2
  time.type : cfl
  xml_config_file : /gpfs/scratch/fortetenreiro/run/Vortex/xml/R0_M4_P1.xml
  MPI.prank : 0
  MPI.psize : 32
  aerosol.debug : 0
  discretisation.continuous : 0
  discretisation.degree : 1
  io.active : 0
  io.conservativeVariables : 3
  io.mesh_dimension : 2
  io.prepartitioning : 0
  io.redistribution : 1
  io.scalab : 0
  model.dispersion : 0
  model.g : 1
  model.h0 : 1
  time.CFL : 0.3333
  time.tmax : 100
}

(0): ERROR: _PAMPAdmeshCheck: no check could be done with flag PAMPA_OVLP_NOGT enabled
(1): ERROR: _PAMPAdmeshCheck: no check could be done with flag PAMPA_OVLP_NOGT enabled
(2): ERROR: _PAMPAdmeshCheck: no check could be done with flag PAMPA_OVLP_NOGT enabled
(3): ERROR: _PAMPAdmeshCheck: no check could be done with flag PAMPA_OVLP_NOGT enabled
(4): ERROR: _PAMPAdmeshCheck: no check could be done with flag PAMPA_OVLP_NOGT enabled
(5): ERROR: _PAMPAdmeshCheck: no check could be done with flag PAMPA_OVLP_NOGT enabled
(6): ERROR: _PAMPAdmeshCheck: no check could be done with flag PAMPA_OVLP_NOGT enabled
(7): ERROR: _PAMPAdmeshCheck: no check could be done with flag PAMPA_OVLP_NOGT enabled
(8): ERROR: _PAMPAdmeshCheck: no check could be done with flag PAMPA_OVLP_NOGT enabled
(9): ERROR: _PAMPAdmeshCheck: no check could be done with flag PAMPA_OVLP_NOGT enabled
(10): ERROR: _PAMPAdmeshCheck: no check could be done with flag PAMPA_OVLP_NOGT enabled
(11): ERROR: _PAMPAdmeshCheck: no check could be done with flag PAMPA_OVLP_NOGT enabled
(12): ERROR: _PAMPAdmeshCheck: no check could be done with flag PAMPA_OVLP_NOGT enabled
(13): ERROR: _PAMPAdmeshCheck: no check could be done with flag PAMPA_OVLP_NOGT enabled
(14): ERROR: _PAMPAdmeshCheck: no check could be done with flag PAMPA_OVLP_NOGT enabled
(15): ERROR: _PAMPAdmeshCheck: no check could be done with flag PAMPA_OVLP_NOGT enabled
(16): ERROR: _PAMPAdmeshCheck: no check could be done with flag PAMPA_OVLP_NOGT enabled
(17): ERROR: _PAMPAdmeshCheck: no check could be done with flag PAMPA_OVLP_NOGT enabled
(18): ERROR: _PAMPAdmeshCheck: no check could be done with flag PAMPA_OVLP_NOGT enabled
(19): ERROR: _PAMPAdmeshCheck: no check could be done with flag PAMPA_OVLP_NOGT enabled
(20): ERROR: _PAMPAdmeshCheck: no check could be done with flag PAMPA_OVLP_NOGT enabled
(21): ERROR: _PAMPAdmeshCheck: no check could be done with flag PAMPA_OVLP_NOGT enabled
(22): ERROR: _PAMPAdmeshCheck: no check could be done with flag PAMPA_OVLP_NOGT enabled
(23): ERROR: _PAMPAdmeshCheck: no check could be done with flag PAMPA_OVLP_NOGT enabled
(24): ERROR: _PAMPAdmeshCheck: no check could be done with flag PAMPA_OVLP_NOGT enabled
(25): ERROR: _PAMPAdmeshCheck: no check could be done with flag PAMPA_OVLP_NOGT enabled
(26): ERROR: _PAMPAdmeshCheck: no check could be done with flag PAMPA_OVLP_NOGT enabled
(27): ERROR: _PAMPAdmeshCheck: no check could be done with flag PAMPA_OVLP_NOGT enabled
(28): ERROR: _PAMPAdmeshCheck: no check could be done with flag PAMPA_OVLP_NOGT enabled
(29): ERROR: _PAMPAdmeshCheck: no check could be done with flag PAMPA_OVLP_NOGT enabled
(30): ERROR: _PAMPAdmeshCheck: no check could be done with flag PAMPA_OVLP_NOGT enabled
(31): ERROR: _PAMPAdmeshCheck: no check could be done with flag PAMPA_OVLP_NOGT enabled
Calling the scheme "SWShallowWater2dWbswLaxFriedrichsPETSc".
Calling the scheme "SWShallowWater2dWbswLaxFriedrichsPETSc".
Calling the scheme "SWShallowWater2dWbswLaxFriedrichsPETSc".
Calling the scheme "SWShallowWater2dWbswLaxFriedrichsPETSc".
Calling the scheme "SWShallowWater2dWbswLaxFriedrichsPETSc".
Calling the scheme "SWShallowWater2dWbswLaxFriedrichsPETSc".
Calling the scheme "SWShallowWater2dWbswLaxFriedrichsPETSc".
Calling the scheme "SWShallowWater2dWbswLaxFriedrichsPETSc".
Calling the scheme "SWShallowWater2dWbswLaxFriedrichsPETSc".
Calling the scheme "SWShallowWater2dWbswLaxFriedrichsPETSc".
Calling the scheme "SWShallowWater2dWbswLaxFriedrichsPETSc".
Calling the scheme "SWShallowWater2dWbswLaxFriedrichsPETSc".
Calling the scheme "SWShallowWater2dWbswLaxFriedrichsPETSc".
Calling the scheme "SWShallowWater2dWbswLaxFriedrichsPETSc".
Calling the scheme "SWShallowWater2dWbswLaxFriedrichsPETSc".
Calling the scheme "SWShallowWater2dWbswLaxFriedrichsPETSc".
Calling the scheme "SWShallowWater2dWbswLaxFriedrichsPETSc".
Calling the scheme "SWShallowWater2dWbswLaxFriedrichsPETSc".
Calling the scheme "SWShallowWater2dWbswLaxFriedrichsPETSc".
Calling the scheme "SWShallowWater2dWbswLaxFriedrichsPETSc".
Calling the scheme "SWShallowWater2dWbswLaxFriedrichsPETSc".
Calling the scheme "SWShallowWater2dWbswLaxFriedrichsPETSc".
Calling the scheme "SWShallowWater2dWbswLaxFriedrichsPETSc".
Calling the scheme "SWShallowWater2dWbswLaxFriedrichsPETSc".
Calling the scheme "SWShallowWater2dWbswLaxFriedrichsPETSc".
Calling the scheme "SWShallowWater2dWbswLaxFriedrichsPETSc".
Calling the scheme "SWShallowWater2dWbswLaxFriedrichsPETSc".
Calling the scheme "SWShallowWater2dWbswLaxFriedrichsPETSc".
Calling the scheme "SWShallowWater2dWbswLaxFriedrichsPETSc".
Calling the scheme "SWShallowWater2dWbswLaxFriedrichsPETSc".
Calling the scheme "SWShallowWater2dWbswLaxFriedrichsPETSc".
Calling the scheme "SWShallowWater2dWbswLaxFriedrichsPETSc".
      1 | 7.63752e-02 7.63752e-02 | 2.51777e-02 1.09426e-01 1.38852e-01 |
      2 | 1.52735e-01 7.63601e-02 | 1.62446e-02 1.07563e-01 1.37873e-01 |
      3 | 2.29090e-01 7.63542e-02 | 1.33697e-02 1.06949e-01 1.37535e-01 |
      4 | 3.05442e-01 7.63527e-02 | 1.26087e-02 1.06750e-01 1.37423e-01 |
      5 | 3.81795e-01 7.63529e-02 | 1.24165e-02 1.06688e-01 1.37391e-01 |
      6 | 4.58149e-01 7.63535e-02 | 1.23554e-02 1.06666e-01 1.37384e-01 |
      7 | 5.34503e-01 7.63544e-02 | 1.23294e-02 1.06654e-01 1.37385e-01 |
      8 | 6.10859e-01 7.63555e-02 | 1.23167e-02 1.06644e-01 1.37389e-01 |
      9 | 6.87215e-01 7.63569e-02 | 1.23100e-02 1.06636e-01 1.37393e-01 |
     10 | 7.63574e-01 7.63586e-02 | 1.23060e-02 1.06628e-01 1.37397e-01 |
     11 | 8.39935e-01 7.63606e-02 | 1.23032e-02 1.06620e-01 1.37402e-01 |
     12 | 9.16298e-01 7.63629e-02 | 1.23008e-02 1.06612e-01 1.37406e-01 |
     13 | 9.92663e-01 7.63656e-02 | 1.22987e-02 1.06604e-01 1.37411e-01 |
     14 | 1.06903e+00 7.63686e-02 | 1.22967e-02 1.06596e-01 1.37415e-01 |
     15 | 1.14540e+00 7.63699e-02 | 1.22946e-02 1.06588e-01 1.37419e-01 |
     16 | 1.22177e+00 7.63661e-02 | 1.22925e-02 1.06581e-01 1.37423e-01 |
     17 | 1.29813e+00 7.63626e-02 | 1.22903e-02 1.06573e-01 1.37428e-01 |
     18 | 1.37449e+00 7.63594e-02 | 1.22880e-02 1.06566e-01 1.37432e-01 |
     19 | 1.45085e+00 7.63566e-02 | 1.22857e-02 1.06558e-01 1.37436e-01 |
     20 | 1.52720e+00 7.63541e-02 | 1.22833e-02 1.06551e-01 1.37440e-01 |
     21 | 1.60355e+00 7.63519e-02 | 1.22808e-02 1.06544e-01 1.37444e-01 |
     22 | 1.67990e+00 7.63500e-02 | 1.22783e-02 1.06537e-01 1.37447e-01 |
     23 | 1.75625e+00 7.63485e-02 | 1.22758e-02 1.06530e-01 1.37451e-01 |
     24 | 1.83260e+00 7.63473e-02 | 1.22731e-02 1.06524e-01 1.37455e-01 |
     25 | 1.90894e+00 7.63464e-02 | 1.22704e-02 1.06517e-01 1.37459e-01 |
     26 | 1.98529e+00 7.63458e-02 | 1.22677e-02 1.06510e-01 1.37462e-01 |
     27 | 2.06164e+00 7.63456e-02 | 1.22649e-02 1.06504e-01 1.37466e-01 |
     28 | 2.13798e+00 7.63457e-02 | 1.22621e-02 1.06498e-01 1.37469e-01 |
     29 | 2.21433e+00 7.63462e-02 | 1.22592e-02 1.06492e-01 1.37472e-01 |
     30 | 2.29067e+00 7.63469e-02 | 1.22562e-02 1.06486e-01 1.37476e-01 |
     31 | 2.36702e+00 7.63480e-02 | 1.22532e-02 1.06480e-01 1.37479e-01 |
     32 | 2.44337e+00 7.63494e-02 | 1.22502e-02 1.06475e-01 1.37482e-01 |
     33 | 2.51972e+00 7.63512e-02 | 1.22471e-02 1.06469e-01 1.37485e-01 |
     34 | 2.59608e+00 7.63532e-02 | 1.22440e-02 1.06464e-01 1.37488e-01 |
     35 | 2.67243e+00 7.63557e-02 | 1.22408e-02 1.06459e-01 1.37491e-01 |
     36 | 2.74879e+00 7.63584e-02 | 1.22376e-02 1.06454e-01 1.37493e-01 |
     37 | 2.82515e+00 7.63615e-02 | 1.22343e-02 1.06450e-01 1.37496e-01 |
     38 | 2.90151e+00 7.63614e-02 | 1.22310e-02 1.06445e-01 1.37498e-01 |
     39 | 2.97787e+00 7.63588e-02 | 1.22277e-02 1.06441e-01 1.37501e-01 |
     40 | 3.05423e+00 7.63565e-02 | 1.22243e-02 1.06436e-01 1.37503e-01 |
     41 | 3.13058e+00 7.63545e-02 | 1.22209e-02 1.06432e-01 1.37505e-01 |
     42 | 3.20694e+00 7.63529e-02 | 1.22175e-02 1.06429e-01 1.37507e-01 |
     43 | 3.28329e+00 7.63516e-02 | 1.22141e-02 1.06425e-01 1.37509e-01 |
     44 | 3.35964e+00 7.63506e-02 | 1.22106e-02 1.06422e-01 1.37511e-01 |
     45 | 3.43599e+00 7.63499e-02 | 1.22071e-02 1.06418e-01 1.37513e-01 |
     46 | 3.51234e+00 7.63496e-02 | 1.22037e-02 1.06415e-01 1.37515e-01 |
     47 | 3.58869e+00 7.63496e-02 | 1.22001e-02 1.06413e-01 1.37516e-01 |
     48 | 3.66504e+00 7.63500e-02 | 1.21966e-02 1.06410e-01 1.37518e-01 |
     49 | 3.74139e+00 7.63507e-02 | 1.21931e-02 1.06407e-01 1.37519e-01 |
     50 | 3.81774e+00 7.63517e-02 | 1.21896e-02 1.06405e-01 1.37520e-01 |
     51 | 3.89409e+00 7.63530e-02 | 1.21860e-02 1.06403e-01 1.37521e-01 |
     52 | 3.97045e+00 7.63547e-02 | 1.21825e-02 1.06401e-01 1.37522e-01 |
     53 | 4.04680e+00 7.63567e-02 | 1.21789e-02 1.06399e-01 1.37523e-01 |
     54 | 4.12316e+00 7.63591e-02 | 1.21754e-02 1.06398e-01 1.37524e-01 |
     55 | 4.19953e+00 7.63618e-02 | 1.21719e-02 1.06397e-01 1.37525e-01 |
     56 | 4.27589e+00 7.63648e-02 | 1.21684e-02 1.06395e-01 1.37525e-01 |
     57 | 4.35226e+00 7.63681e-02 | 1.21649e-02 1.06395e-01 1.37526e-01 |
     58 | 4.42863e+00 7.63718e-02 | 1.21614e-02 1.06394e-01 1.37526e-01 |
     59 | 4.50501e+00 7.63753e-02 | 1.21580e-02 1.06393e-01 1.37526e-01 |
     60 | 4.58138e+00 7.63721e-02 | 1.21545e-02 1.06393e-01 1.37526e-01 |
     61 | 4.65775e+00 7.63692e-02 | 1.21511e-02 1.06393e-01 1.37526e-01 |
     62 | 4.73411e+00 7.63667e-02 | 1.21477e-02 1.06393e-01 1.37526e-01 |
     63 | 4.81048e+00 7.63645e-02 | 1.21444e-02 1.06393e-01 1.37526e-01 |
     64 | 4.88684e+00 7.63627e-02 | 1.21410e-02 1.06393e-01 1.37526e-01 |
     65 | 4.96320e+00 7.63612e-02 | 1.21377e-02 1.06394e-01 1.37525e-01 |
     66 | 5.03956e+00 7.63600e-02 | 1.21345e-02 1.06394e-01 1.37525e-01 |
     67 | 5.11592e+00 7.63591e-02 | 1.21313e-02 1.06395e-01 1.37524e-01 |
     68 | 5.19228e+00 7.63586e-02 | 1.21281e-02 1.06396e-01 1.37523e-01 |
     69 | 5.26864e+00 7.63584e-02 | 1.21250e-02 1.06397e-01 1.37523e-01 |
     70 | 5.34500e+00 7.63586e-02 | 1.21219e-02 1.06398e-01 1.37522e-01 |
     71 | 5.42136e+00 7.63590e-02 | 1.21189e-02 1.06400e-01 1.37521e-01 |
     72 | 5.49772e+00 7.63599e-02 | 1.21159e-02 1.06402e-01 1.37520e-01 |
     73 | 5.57408e+00 7.63610e-02 | 1.21129e-02 1.06403e-01 1.37518e-01 |
     74 | 5.65044e+00 7.63625e-02 | 1.21100e-02 1.06405e-01 1.37517e-01 |
     75 | 5.72680e+00 7.63643e-02 | 1.21072e-02 1.06407e-01 1.37516e-01 |
     76 | 5.80317e+00 7.63664e-02 | 1.21044e-02 1.06409e-01 1.37514e-01 |
     77 | 5.87954e+00 7.63689e-02 | 1.21017e-02 1.06412e-01 1.37513e-01 |
     78 | 5.95591e+00 7.63717e-02 | 1.20990e-02 1.06414e-01 1.37511e-01 |
     79 | 6.03228e+00 7.63749e-02 | 1.20964e-02 1.06417e-01 1.37509e-01 |
     80 | 6.10866e+00 7.63783e-02 | 1.20939e-02 1.06419e-01 1.37508e-01 |
     81 | 6.18504e+00 7.63800e-02 | 1.20914e-02 1.06422e-01 1.37506e-01 |
     82 | 6.26142e+00 7.63809e-02 | 1.20890e-02 1.06425e-01 1.37504e-01 |
     83 | 6.33781e+00 7.63821e-02 | 1.20866e-02 1.06428e-01 1.37502e-01 |
     84 | 6.41419e+00 7.63836e-02 | 1.20844e-02 1.06431e-01 1.37500e-01 |
     85 | 6.49058e+00 7.63854e-02 | 1.20821e-02 1.06435e-01 1.37498e-01 |
     86 | 6.56696e+00 7.63876e-02 | 1.20800e-02 1.06438e-01 1.37495e-01 |
     87 | 6.64335e+00 7.63902e-02 | 1.20779e-02 1.06441e-01 1.37493e-01 |
     88 | 6.71975e+00 7.63931e-02 | 1.20759e-02 1.06445e-01 1.37491e-01 |
     89 | 6.79614e+00 7.63905e-02 | 1.20739e-02 1.06448e-01 1.37488e-01 |
     90 | 6.87252e+00 7.63865e-02 | 1.20720e-02 1.06452e-01 1.37486e-01 |
     91 | 6.94891e+00 7.63828e-02 | 1.20702e-02 1.06456e-01 1.37484e-01 |
     92 | 7.02529e+00 7.63795e-02 | 1.20685e-02 1.06460e-01 1.37481e-01 |
     93 | 7.10166e+00 7.63766e-02 | 1.20668e-02 1.06463e-01 1.37478e-01 |
     94 | 7.17804e+00 7.63739e-02 | 1.20652e-02 1.06467e-01 1.37476e-01 |
     95 | 7.25441e+00 7.63716e-02 | 1.20637e-02 1.06471e-01 1.37473e-01 |
     96 | 7.33078e+00 7.63696e-02 | 1.20622e-02 1.06475e-01 1.37471e-01 |
     97 | 7.40715e+00 7.63680e-02 | 1.20609e-02 1.06479e-01 1.37468e-01 |
     98 | 7.48351e+00 7.63667e-02 | 1.20596e-02 1.06483e-01 1.37465e-01 |
     99 | 7.55988e+00 7.63657e-02 | 1.20583e-02 1.06487e-01 1.37462e-01 |
    100 | 7.63624e+00 7.63651e-02 | 1.20572e-02 1.06492e-01 1.37460e-01 |
    101 | 7.71261e+00 7.63648e-02 | 1.20561e-02 1.06496e-01 1.37457e-01 |
    102 | 7.78897e+00 7.63648e-02 | 1.20551e-02 1.06500e-01 1.37454e-01 |
    103 | 7.86534e+00 7.63652e-02 | 1.20541e-02 1.06504e-01 1.37451e-01 |
    104 | 7.94170e+00 7.63659e-02 | 1.20532e-02 1.06508e-01 1.37448e-01 |
    105 | 8.01807e+00 7.63670e-02 | 1.20524e-02 1.06513e-01 1.37445e-01 |
    106 | 8.09444e+00 7.63684e-02 | 1.20517e-02 1.06517e-01 1.37443e-01 |
    107 | 8.17081e+00 7.63701e-02 | 1.20511e-02 1.06521e-01 1.37440e-01 |
    108 | 8.24718e+00 7.63690e-02 | 1.20505e-02 1.06525e-01 1.37437e-01 |
    109 | 8.32354e+00 7.63650e-02 | 1.20500e-02 1.06530e-01 1.37434e-01 |
    110 | 8.39990e+00 7.63614e-02 | 1.20495e-02 1.06534e-01 1.37431e-01 |
    111 | 8.47626e+00 7.63581e-02 | 1.20491e-02 1.06538e-01 1.37428e-01 |
    112 | 8.55262e+00 7.63551e-02 | 1.20488e-02 1.06542e-01 1.37425e-01 |
    113 | 8.62897e+00 7.63525e-02 | 1.20486e-02 1.06546e-01 1.37422e-01 |
    114 | 8.70532e+00 7.63502e-02 | 1.20484e-02 1.06551e-01 1.37420e-01 |
    115 | 8.78167e+00 7.63482e-02 | 1.20483e-02 1.06555e-01 1.37417e-01 |
    116 | 8.85801e+00 7.63466e-02 | 1.20482e-02 1.06559e-01 1.37414e-01 |
    117 | 8.93436e+00 7.63453e-02 | 1.20482e-02 1.06563e-01 1.37411e-01 |
    118 | 9.01070e+00 7.63443e-02 | 1.20483e-02 1.06567e-01 1.37408e-01 |
    119 | 9.08705e+00 7.63437e-02 | 1.20484e-02 1.06571e-01 1.37406e-01 |
    120 | 9.16339e+00 7.63434e-02 | 1.20486e-02 1.06574e-01 1.37403e-01 |
    121 | 9.23974e+00 7.63434e-02 | 1.20488e-02 1.06578e-01 1.37400e-01 |
    122 | 9.31608e+00 7.63438e-02 | 1.20491e-02 1.06582e-01 1.37398e-01 |
    123 | 9.39242e+00 7.63445e-02 | 1.20495e-02 1.06586e-01 1.37395e-01 |
    124 | 9.46877e+00 7.63456e-02 | 1.20499e-02 1.06589e-01 1.37392e-01 |
    125 | 9.54512e+00 7.63469e-02 | 1.20504e-02 1.06593e-01 1.37390e-01 |
    126 | 9.62146e+00 7.63487e-02 | 1.20509e-02 1.06597e-01 1.37387e-01 |
    127 | 9.69782e+00 7.63507e-02 | 1.20514e-02 1.06600e-01 1.37385e-01 |
    128 | 9.77417e+00 7.63531e-02 | 1.20520e-02 1.06603e-01 1.37382e-01 |
    129 | 9.85052e+00 7.63558e-02 | 1.20527e-02 1.06607e-01 1.37380e-01 |
    130 | 9.92688e+00 7.63588e-02 | 1.20533e-02 1.06610e-01 1.37377e-01 |
    131 | 1.00032e+01 7.63622e-02 | 1.20541e-02 1.06613e-01 1.37375e-01 |
    132 | 1.00796e+01 7.63659e-02 | 1.20548e-02 1.06616e-01 1.37373e-01 |
    133 | 1.01560e+01 7.63633e-02 | 1.20556e-02 1.06619e-01 1.37371e-01 |
    134 | 1.02323e+01 7.63601e-02 | 1.20565e-02 1.06622e-01 1.37368e-01 |
    135 | 1.03087e+01 7.63573e-02 | 1.20573e-02 1.06625e-01 1.37366e-01 |
    136 | 1.03850e+01 7.63548e-02 | 1.20583e-02 1.06628e-01 1.37364e-01 |
    137 | 1.04614e+01 7.63527e-02 | 1.20592e-02 1.06630e-01 1.37362e-01 |
    138 | 1.05378e+01 7.63508e-02 | 1.20601e-02 1.06633e-01 1.37360e-01 |
    139 | 1.06141e+01 7.63493e-02 | 1.20611e-02 1.06635e-01 1.37358e-01 |
    140 | 1.06904e+01 7.63482e-02 | 1.20621e-02 1.06638e-01 1.37356e-01 |
    141 | 1.07668e+01 7.63474e-02 | 1.20632e-02 1.06640e-01 1.37355e-01 |
    142 | 1.08431e+01 7.63469e-02 | 1.20642e-02 1.06642e-01 1.37353e-01 |
    143 | 1.09195e+01 7.63467e-02 | 1.20653e-02 1.06644e-01 1.37351e-01 |
    144 | 1.09958e+01 7.63469e-02 | 1.20664e-02 1.06646e-01 1.37349e-01 |
    145 | 1.10722e+01 7.63474e-02 | 1.20675e-02 1.06648e-01 1.37348e-01 |
    146 | 1.11485e+01 7.63482e-02 | 1.20686e-02 1.06650e-01 1.37346e-01 |
    147 | 1.12249e+01 7.63494e-02 | 1.20698e-02 1.06652e-01 1.37345e-01 |
    148 | 1.13012e+01 7.63509e-02 | 1.20709e-02 1.06653e-01 1.37343e-01 |
    149 | 1.13776e+01 7.63527e-02 | 1.20721e-02 1.06655e-01 1.37342e-01 |
    150 | 1.14539e+01 7.63548e-02 | 1.20732e-02 1.06656e-01 1.37341e-01 |
    151 | 1.15303e+01 7.63573e-02 | 1.20744e-02 1.06657e-01 1.37339e-01 |
    152 | 1.16067e+01 7.63602e-02 | 1.20756e-02 1.06659e-01 1.37338e-01 |
    153 | 1.16830e+01 7.63633e-02 | 1.20767e-02 1.06660e-01 1.37337e-01 |
    154 | 1.17594e+01 7.63668e-02 | 1.20779e-02 1.06661e-01 1.37336e-01 |
    155 | 1.18358e+01 7.63706e-02 | 1.20791e-02 1.06662e-01 1.37335e-01 |
    156 | 1.19121e+01 7.63748e-02 | 1.20803e-02 1.06663e-01 1.37334e-01 |
    157 | 1.19885e+01 7.63793e-02 | 1.20814e-02 1.06663e-01 1.37333e-01 |
    158 | 1.20649e+01 7.63841e-02 | 1.20826e-02 1.06664e-01 1.37332e-01 |
    159 | 1.21413e+01 7.63892e-02 | 1.20837e-02 1.06664e-01 1.37331e-01 |
    160 | 1.22177e+01 7.63930e-02 | 1.20849e-02 1.06665e-01 1.37331e-01 |
    161 | 1.22941e+01 7.63924e-02 | 1.20860e-02 1.06665e-01 1.37330e-01 |
    162 | 1.23705e+01 7.63922e-02 | 1.20872e-02 1.06665e-01 1.37329e-01 |
    163 | 1.24469e+01 7.63922e-02 | 1.20883e-02 1.06666e-01 1.37329e-01 |
    164 | 1.25232e+01 7.63926e-02 | 1.20894e-02 1.06666e-01 1.37328e-01 |
    165 | 1.25996e+01 7.63933e-02 | 1.20905e-02 1.06666e-01 1.37328e-01 |
    166 | 1.26760e+01 7.63944e-02 | 1.20916e-02 1.06666e-01 1.37327e-01 |
    167 | 1.27524e+01 7.63958e-02 | 1.20927e-02 1.06665e-01 1.37327e-01 |
    168 | 1.28288e+01 7.63975e-02 | 1.20937e-02 1.06665e-01 1.37327e-01 |
    169 | 1.29052e+01 7.63995e-02 | 1.20948e-02 1.06665e-01 1.37326e-01 |
    170 | 1.29816e+01 7.64019e-02 | 1.20958e-02 1.06664e-01 1.37326e-01 |
    171 | 1.30580e+01 7.64036e-02 | 1.20968e-02 1.06664e-01 1.37326e-01 |
    172 | 1.31344e+01 7.64022e-02 | 1.20978e-02 1.06663e-01 1.37326e-01 |
    173 | 1.32108e+01 7.64012e-02 | 1.20987e-02 1.06662e-01 1.37326e-01 |
    174 | 1.32872e+01 7.64004e-02 | 1.20997e-02 1.06662e-01 1.37326e-01 |
    175 | 1.33636e+01 7.64001e-02 | 1.21006e-02 1.06661e-01 1.37326e-01 |
    176 | 1.34400e+01 7.64000e-02 | 1.21015e-02 1.06660e-01 1.37326e-01 |
    177 | 1.35164e+01 7.64003e-02 | 1.21024e-02 1.06659e-01 1.37326e-01 |
    178 | 1.35928e+01 7.63978e-02 | 1.21032e-02 1.06658e-01 1.37326e-01 |
    179 | 1.36692e+01 7.63924e-02 | 1.21041e-02 1.06657e-01 1.37326e-01 |
    180 | 1.37456e+01 7.63874e-02 | 1.21049e-02 1.06656e-01 1.37327e-01 |
    181 | 1.38220e+01 7.63828e-02 | 1.21057e-02 1.06654e-01 1.37327e-01 |
    182 | 1.38984e+01 7.63784e-02 | 1.21064e-02 1.06653e-01 1.37327e-01 |
    183 | 1.39748e+01 7.63744e-02 | 1.21072e-02 1.06652e-01 1.37328e-01 |
    184 | 1.40511e+01 7.63708e-02 | 1.21079e-02 1.06650e-01 1.37328e-01 |
    185 | 1.41275e+01 7.63674e-02 | 1.21086e-02 1.06649e-01 1.37328e-01 |
    186 | 1.42039e+01 7.63644e-02 | 1.21093e-02 1.06647e-01 1.37329e-01 |
    187 | 1.42802e+01 7.63617e-02 | 1.21099e-02 1.06645e-01 1.37329e-01 |
    188 | 1.43566e+01 7.63594e-02 | 1.21105e-02 1.06644e-01 1.37330e-01 |
    189 | 1.44329e+01 7.63574e-02 | 1.21111e-02 1.06642e-01 1.37330e-01 |
    190 | 1.45093e+01 7.63557e-02 | 1.21117e-02 1.06640e-01 1.37331e-01 |
    191 | 1.45856e+01 7.63544e-02 | 1.21123e-02 1.06638e-01 1.37332e-01 |
    192 | 1.46620e+01 7.63534e-02 | 1.21128e-02 1.06636e-01 1.37332e-01 |
    193 | 1.47383e+01 7.63527e-02 | 1.21133e-02 1.06635e-01 1.37333e-01 |
    194 | 1.48147e+01 7.63524e-02 | 1.21138e-02 1.06633e-01 1.37333e-01 |
    195 | 1.48911e+01 7.63524e-02 | 1.21142e-02 1.06631e-01 1.37334e-01 |
    196 | 1.49674e+01 7.63527e-02 | 1.21146e-02 1.06629e-01 1.37335e-01 |
    197 | 1.50438e+01 7.63534e-02 | 1.21150e-02 1.06627e-01 1.37336e-01 |
    198 | 1.51201e+01 7.63544e-02 | 1.21154e-02 1.06624e-01 1.37336e-01 |
    199 | 1.51965e+01 7.63557e-02 | 1.21158e-02 1.06622e-01 1.37337e-01 |
    200 | 1.52728e+01 7.63574e-02 | 1.21161e-02 1.06620e-01 1.37338e-01 |
    201 | 1.53492e+01 7.63594e-02 | 1.21164e-02 1.06618e-01 1.37339e-01 |
    202 | 1.54255e+01 7.63617e-02 | 1.21167e-02 1.06616e-01 1.37340e-01 |
    203 | 1.55019e+01 7.63644e-02 | 1.21169e-02 1.06613e-01 1.37341e-01 |
    204 | 1.55783e+01 7.63674e-02 | 1.21172e-02 1.06611e-01 1.37341e-01 |
    205 | 1.56546e+01 7.63708e-02 | 1.21174e-02 1.06609e-01 1.37342e-01 |
    206 | 1.57310e+01 7.63704e-02 | 1.21176e-02 1.06607e-01 1.37343e-01 |
    207 | 1.58074e+01 7.63669e-02 | 1.21178e-02 1.06604e-01 1.37344e-01 |
    208 | 1.58838e+01 7.63637e-02 | 1.21179e-02 1.06602e-01 1.37345e-01 |
    209 | 1.59601e+01 7.63609e-02 | 1.21181e-02 1.06600e-01 1.37346e-01 |
    210 | 1.60365e+01 7.63583e-02 | 1.21182e-02 1.06597e-01 1.37347e-01 |
    211 | 1.61128e+01 7.63561e-02 | 1.21183e-02 1.06595e-01 1.37348e-01 |
    212 | 1.61892e+01 7.63543e-02 | 1.21184e-02 1.06592e-01 1.37349e-01 |
    213 | 1.62655e+01 7.63528e-02 | 1.21184e-02 1.06590e-01 1.37350e-01 |
    214 | 1.63419e+01 7.63516e-02 | 1.21185e-02 1.06588e-01 1.37351e-01 |
    215 | 1.64182e+01 7.63507e-02 | 1.21185e-02 1.06585e-01 1.37352e-01 |
    216 | 1.64946e+01 7.63502e-02 | 1.21185e-02 1.06583e-01 1.37352e-01 |
    217 | 1.65709e+01 7.63500e-02 | 1.21185e-02 1.06580e-01 1.37353e-01 |
    218 | 1.66473e+01 7.63501e-02 | 1.21185e-02 1.06578e-01 1.37354e-01 |
    219 | 1.67236e+01 7.63506e-02 | 1.21184e-02 1.06576e-01 1.37355e-01 |
    220 | 1.68000e+01 7.63514e-02 | 1.21184e-02 1.06573e-01 1.37356e-01 |
    221 | 1.68763e+01 7.63525e-02 | 1.21183e-02 1.06571e-01 1.37357e-01 |
    222 | 1.69527e+01 7.63540e-02 | 1.21182e-02 1.06568e-01 1.37358e-01 |
    223 | 1.70290e+01 7.63558e-02 | 1.21181e-02 1.06566e-01 1.37359e-01 |
    224 | 1.71054e+01 7.63579e-02 | 1.21180e-02 1.06564e-01 1.37360e-01 |
    225 | 1.71818e+01 7.63604e-02 | 1.21179e-02 1.06561e-01 1.37361e-01 |
    226 | 1.72581e+01 7.63632e-02 | 1.21177e-02 1.06559e-01 1.37362e-01 |
    227 | 1.73345e+01 7.63663e-02 | 1.21176e-02 1.06556e-01 1.37363e-01 |
    228 | 1.74109e+01 7.63697e-02 | 1.21174e-02 1.06554e-01 1.37364e-01 |
    229 | 1.74872e+01 7.63735e-02 | 1.21172e-02 1.06552e-01 1.37365e-01 |
    230 | 1.75636e+01 7.63775e-02 | 1.21170e-02 1.06549e-01 1.37366e-01 |
    231 | 1.76400e+01 7.63756e-02 | 1.21168e-02 1.06547e-01 1.37366e-01 |
    232 | 1.77164e+01 7.63740e-02 | 1.21166e-02 1.06545e-01 1.37367e-01 |
    233 | 1.77927e+01 7.63727e-02 | 1.21164e-02 1.06542e-01 1.37368e-01 |
    234 | 1.78691e+01 7.63718e-02 | 1.21162e-02 1.06540e-01 1.37369e-01 |
    235 | 1.79455e+01 7.63711e-02 | 1.21160e-02 1.06538e-01 1.37370e-01 |
    236 | 1.80219e+01 7.63709e-02 | 1.21157e-02 1.06536e-01 1.37371e-01 |
    237 | 1.80982e+01 7.63709e-02 | 1.21155e-02 1.06533e-01 1.37372e-01 |
    238 | 1.81746e+01 7.63713e-02 | 1.21152e-02 1.06531e-01 1.37372e-01 |
    239 | 1.82510e+01 7.63720e-02 | 1.21150e-02 1.06529e-01 1.37373e-01 |
    240 | 1.83273e+01 7.63730e-02 | 1.21147e-02 1.06527e-01 1.37374e-01 |
    241 | 1.84037e+01 7.63744e-02 | 1.21144e-02 1.06525e-01 1.37375e-01 |
    242 | 1.84801e+01 7.63761e-02 | 1.21141e-02 1.06522e-01 1.37376e-01 |
    243 | 1.85565e+01 7.63782e-02 | 1.21138e-02 1.06520e-01 1.37376e-01 |
    244 | 1.86329e+01 7.63805e-02 | 1.21135e-02 1.06518e-01 1.37377e-01 |
    245 | 1.87092e+01 7.63832e-02 | 1.21132e-02 1.06516e-01 1.37378e-01 |
    246 | 1.87856e+01 7.63863e-02 | 1.21129e-02 1.06514e-01 1.37378e-01 |
    247 | 1.88620e+01 7.63896e-02 | 1.21126e-02 1.06512e-01 1.37379e-01 |
    248 | 1.89384e+01 7.63933e-02 | 1.21123e-02 1.06510e-01 1.37380e-01 |
    249 | 1.90148e+01 7.63973e-02 | 1.21120e-02 1.06508e-01 1.37381e-01 |
    250 | 1.90912e+01 7.63988e-02 | 1.21117e-02 1.06506e-01 1.37381e-01 |
    251 | 1.91676e+01 7.63960e-02 | 1.21114e-02 1.06504e-01 1.37382e-01 |
    252 | 1.92440e+01 7.63935e-02 | 1.21111e-02 1.06502e-01 1.37382e-01 |
    253 | 1.93204e+01 7.63914e-02 | 1.21107e-02 1.06500e-01 1.37383e-01 |
    254 | 1.93968e+01 7.63895e-02 | 1.21104e-02 1.06498e-01 1.37384e-01 |
    255 | 1.94732e+01 7.63880e-02 | 1.21101e-02 1.06497e-01 1.37384e-01 |
    256 | 1.95495e+01 7.63868e-02 | 1.21097e-02 1.06495e-01 1.37385e-01 |
    257 | 1.96259e+01 7.63860e-02 | 1.21094e-02 1.06493e-01 1.37385e-01 |
    258 | 1.97023e+01 7.63855e-02 | 1.21091e-02 1.06491e-01 1.37386e-01 |
    259 | 1.97787e+01 7.63853e-02 | 1.21087e-02 1.06489e-01 1.37387e-01 |
    260 | 1.98551e+01 7.63854e-02 | 1.21084e-02 1.06487e-01 1.37387e-01 |
    261 | 1.99315e+01 7.63858e-02 | 1.21081e-02 1.06486e-01 1.37388e-01 |
    262 | 2.00079e+01 7.63834e-02 | 1.21077e-02 1.06484e-01 1.37388e-01 |
    263 | 2.00842e+01 7.63812e-02 | 1.21074e-02 1.06482e-01 1.37389e-01 |
    264 | 2.01606e+01 7.63794e-02 | 1.21071e-02 1.06481e-01 1.37389e-01 |
    265 | 2.02370e+01 7.63779e-02 | 1.21067e-02 1.06479e-01 1.37389e-01 |
    266 | 2.03134e+01 7.63768e-02 | 1.21064e-02 1.06477e-01 1.37390e-01 |
    267 | 2.03897e+01 7.63759e-02 | 1.21060e-02 1.06476e-01 1.37390e-01 |
    268 | 2.04661e+01 7.63755e-02 | 1.21057e-02 1.06474e-01 1.37391e-01 |
    269 | 2.05425e+01 7.63753e-02 | 1.21054e-02 1.06473e-01 1.37391e-01 |
    270 | 2.06189e+01 7.63755e-02 | 1.21050e-02 1.06471e-01 1.37392e-01 |
    271 | 2.06952e+01 7.63760e-02 | 1.21047e-02 1.06470e-01 1.37392e-01 |
    272 | 2.07716e+01 7.63769e-02 | 1.21044e-02 1.06468e-01 1.37392e-01 |
    273 | 2.08480e+01 7.63781e-02 | 1.21040e-02 1.06467e-01 1.37393e-01 |
    274 | 2.09244e+01 7.63796e-02 | 1.21037e-02 1.06465e-01 1.37393e-01 |
    275 | 2.10008e+01 7.63815e-02 | 1.21034e-02 1.06464e-01 1.37393e-01 |
    276 | 2.10771e+01 7.63837e-02 | 1.21030e-02 1.06462e-01 1.37394e-01 |
    277 | 2.11535e+01 7.63862e-02 | 1.21027e-02 1.06461e-01 1.37394e-01 |
    278 | 2.12299e+01 7.63891e-02 | 1.21024e-02 1.06459e-01 1.37394e-01 |
    279 | 2.13063e+01 7.63916e-02 | 1.21020e-02 1.06458e-01 1.37394e-01 |
    280 | 2.13827e+01 7.63877e-02 | 1.21017e-02 1.06457e-01 1.37395e-01 |
    281 | 2.14591e+01 7.63840e-02 | 1.21014e-02 1.06455e-01 1.37395e-01 |
    282 | 2.15355e+01 7.63807e-02 | 1.21011e-02 1.06454e-01 1.37395e-01 |
    283 | 2.16118e+01 7.63777e-02 | 1.21007e-02 1.06453e-01 1.37395e-01 |
    284 | 2.16882e+01 7.63751e-02 | 1.21004e-02 1.06451e-01 1.37396e-01 |
    285 | 2.17646e+01 7.63728e-02 | 1.21001e-02 1.06450e-01 1.37396e-01 |
    286 | 2.18410e+01 7.63708e-02 | 1.20998e-02 1.06449e-01 1.37396e-01 |
    287 | 2.19173e+01 7.63692e-02 | 1.20994e-02 1.06448e-01 1.37396e-01 |
    288 | 2.19937e+01 7.63678e-02 | 1.20991e-02 1.06446e-01 1.37397e-01 |
    289 | 2.20701e+01 7.63669e-02 | 1.20988e-02 1.06445e-01 1.37397e-01 |
    290 | 2.21464e+01 7.63662e-02 | 1.20985e-02 1.06444e-01 1.37397e-01 |
    291 | 2.22228e+01 7.63659e-02 | 1.20982e-02 1.06443e-01 1.37397e-01 |
    292 | 2.22992e+01 7.63659e-02 | 1.20979e-02 1.06441e-01 1.37397e-01 |
    293 | 2.23755e+01 7.63663e-02 | 1.20976e-02 1.06440e-01 1.37397e-01 |
    294 | 2.24519e+01 7.63669e-02 | 1.20973e-02 1.06439e-01 1.37398e-01 |
    295 | 2.25283e+01 7.63680e-02 | 1.20969e-02 1.06438e-01 1.37398e-01 |
    296 | 2.26046e+01 7.63693e-02 | 1.20966e-02 1.06437e-01 1.37398e-01 |
    297 | 2.26810e+01 7.63710e-02 | 1.20963e-02 1.06436e-01 1.37398e-01 |
    298 | 2.27574e+01 7.63730e-02 | 1.20960e-02 1.06435e-01 1.37398e-01 |
    299 | 2.28338e+01 7.63754e-02 | 1.20957e-02 1.06433e-01 1.37398e-01 |
    300 | 2.29101e+01 7.63780e-02 | 1.20954e-02 1.06432e-01 1.37398e-01 |
    301 | 2.29865e+01 7.63760e-02 | 1.20951e-02 1.06431e-01 1.37398e-01 |
    302 | 2.30629e+01 7.63730e-02 | 1.20948e-02 1.06430e-01 1.37398e-01 |
    303 | 2.31393e+01 7.63703e-02 | 1.20945e-02 1.06429e-01 1.37398e-01 |
    304 | 2.32156e+01 7.63680e-02 | 1.20942e-02 1.06428e-01 1.37399e-01 |
    305 | 2.32920e+01 7.63660e-02 | 1.20939e-02 1.06427e-01 1.37399e-01 |
    306 | 2.33684e+01 7.63643e-02 | 1.20936e-02 1.06426e-01 1.37399e-01 |
    307 | 2.34447e+01 7.63629e-02 | 1.20934e-02 1.06425e-01 1.37399e-01 |
    308 | 2.35211e+01 7.63619e-02 | 1.20931e-02 1.06424e-01 1.37399e-01 |
    309 | 2.35974e+01 7.63613e-02 | 1.20928e-02 1.06423e-01 1.37399e-01 |
    310 | 2.36738e+01 7.63609e-02 | 1.20925e-02 1.06422e-01 1.37399e-01 |
    311 | 2.37502e+01 7.63609e-02 | 1.20922e-02 1.06421e-01 1.37399e-01 |
    312 | 2.38265e+01 7.63612e-02 | 1.20919e-02 1.06420e-01 1.37399e-01 |
    313 | 2.39029e+01 7.63619e-02 | 1.20916e-02 1.06419e-01 1.37399e-01 |
    314 | 2.39792e+01 7.63629e-02 | 1.20913e-02 1.06418e-01 1.37399e-01 |
    315 | 2.40556e+01 7.63642e-02 | 1.20910e-02 1.06417e-01 1.37399e-01 |
    316 | 2.41320e+01 7.63658e-02 | 1.20908e-02 1.06416e-01 1.37399e-01 |
    317 | 2.42083e+01 7.63678e-02 | 1.20905e-02 1.06415e-01 1.37399e-01 |
    318 | 2.42847e+01 7.63701e-02 | 1.20902e-02 1.06414e-01 1.37399e-01 |
    319 | 2.43611e+01 7.63728e-02 | 1.20899e-02 1.06413e-01 1.37399e-01 |
    320 | 2.44375e+01 7.63758e-02 | 1.20896e-02 1.06412e-01 1.37399e-01 |
    321 | 2.45138e+01 7.63791e-02 | 1.20894e-02 1.06411e-01 1.37399e-01 |
    322 | 2.45902e+01 7.63827e-02 | 1.20891e-02 1.06410e-01 1.37399e-01 |
    323 | 2.46666e+01 7.63860e-02 | 1.20888e-02 1.06409e-01 1.37399e-01 |
    324 | 2.47430e+01 7.63828e-02 | 1.20885e-02 1.06408e-01 1.37399e-01 |
    325 | 2.48194e+01 7.63799e-02 | 1.20882e-02 1.06407e-01 1.37399e-01 |
    326 | 2.48958e+01 7.63774e-02 | 1.20880e-02 1.06406e-01 1.37399e-01 |
    327 | 2.49721e+01 7.63751e-02 | 1.20877e-02 1.06405e-01 1.37399e-01 |
    328 | 2.50485e+01 7.63733e-02 | 1.20874e-02 1.06404e-01 1.37399e-01 |
    329 | 2.51249e+01 7.63717e-02 | 1.20871e-02 1.06403e-01 1.37399e-01 |
    330 | 2.52012e+01 7.63705e-02 | 1.20869e-02 1.06402e-01 1.37399e-01 |
    331 | 2.52776e+01 7.63696e-02 | 1.20866e-02 1.06401e-01 1.37399e-01 |
    332 | 2.53540e+01 7.63690e-02 | 1.20863e-02 1.06400e-01 1.37399e-01 |
    333 | 2.54303e+01 7.63688e-02 | 1.20860e-02 1.06399e-01 1.37399e-01 |
    334 | 2.55067e+01 7.63689e-02 | 1.20858e-02 1.06398e-01 1.37399e-01 |
    335 | 2.55831e+01 7.63693e-02 | 1.20855e-02 1.06397e-01 1.37399e-01 |
    336 | 2.56595e+01 7.63701e-02 | 1.20852e-02 1.06396e-01 1.37399e-01 |
    337 | 2.57358e+01 7.63712e-02 | 1.20849e-02 1.06395e-01 1.37399e-01 |
    338 | 2.58122e+01 7.63726e-02 | 1.20847e-02 1.06394e-01 1.37399e-01 |
    339 | 2.58886e+01 7.63744e-02 | 1.20844e-02 1.06393e-01 1.37399e-01 |
    340 | 2.59650e+01 7.63764e-02 | 1.20841e-02 1.06392e-01 1.37399e-01 |
    341 | 2.60413e+01 7.63789e-02 | 1.20839e-02 1.06391e-01 1.37399e-01 |
    342 | 2.61177e+01 7.63816e-02 | 1.20836e-02 1.06390e-01 1.37399e-01 |
    343 | 2.61941e+01 7.63847e-02 | 1.20833e-02 1.06389e-01 1.37400e-01 |
    344 | 2.62705e+01 7.63881e-02 | 1.20830e-02 1.06388e-01 1.37400e-01 |
    345 | 2.63469e+01 7.63918e-02 | 1.20828e-02 1.06387e-01 1.37400e-01 |
    346 | 2.64233e+01 7.63959e-02 | 1.20825e-02 1.06386e-01 1.37400e-01 |
    347 | 2.64997e+01 7.64003e-02 | 1.20822e-02 1.06385e-01 1.37400e-01 |
    348 | 2.65761e+01 7.64050e-02 | 1.20820e-02 1.06384e-01 1.37400e-01 |
    349 | 2.66525e+01 7.64100e-02 | 1.20817e-02 1.06383e-01 1.37400e-01 |
    350 | 2.67289e+01 7.64154e-02 | 1.20814e-02 1.06382e-01 1.37400e-01 |
    351 | 2.68053e+01 7.64196e-02 | 1.20812e-02 1.06381e-01 1.37400e-01 |
    352 | 2.68817e+01 7.64223e-02 | 1.20809e-02 1.06380e-01 1.37400e-01 |
    353 | 2.69582e+01 7.64209e-02 | 1.20806e-02 1.06379e-01 1.37400e-01 |
    354 | 2.70346e+01 7.64169e-02 | 1.20803e-02 1.06378e-01 1.37400e-01 |
    355 | 2.71110e+01 7.64131e-02 | 1.20801e-02 1.06377e-01 1.37400e-01 |
    356 | 2.71874e+01 7.64097e-02 | 1.20798e-02 1.06376e-01 1.37400e-01 |
    357 | 2.72638e+01 7.64066e-02 | 1.20795e-02 1.06375e-01 1.37400e-01 |
    358 | 2.73402e+01 7.64038e-02 | 1.20793e-02 1.06374e-01 1.37400e-01 |
    359 | 2.74166e+01 7.64013e-02 | 1.20790e-02 1.06372e-01 1.37400e-01 |
    360 | 2.74930e+01 7.63992e-02 | 1.20787e-02 1.06371e-01 1.37400e-01 |
    361 | 2.75694e+01 7.63975e-02 | 1.20785e-02 1.06370e-01 1.37400e-01 |
    362 | 2.76458e+01 7.63960e-02 | 1.20782e-02 1.06369e-01 1.37400e-01 |
    363 | 2.77222e+01 7.63949e-02 | 1.20779e-02 1.06368e-01 1.37400e-01 |
    364 | 2.77986e+01 7.63941e-02 | 1.20777e-02 1.06367e-01 1.37400e-01 |
    365 | 2.78750e+01 7.63937e-02 | 1.20774e-02 1.06366e-01 1.37400e-01 |
    366 | 2.79514e+01 7.63936e-02 | 1.20771e-02 1.06365e-01 1.37400e-01 |
    367 | 2.80278e+01 7.63938e-02 | 1.20769e-02 1.06364e-01 1.37400e-01 |
    368 | 2.81042e+01 7.63944e-02 | 1.20766e-02 1.06363e-01 1.37400e-01 |
    369 | 2.81806e+01 7.63953e-02 | 1.20763e-02 1.06362e-01 1.37400e-01 |
    370 | 2.82570e+01 7.63965e-02 | 1.20761e-02 1.06361e-01 1.37400e-01 |
    371 | 2.83334e+01 7.63941e-02 | 1.20758e-02 1.06360e-01 1.37400e-01 |
    372 | 2.84097e+01 7.63897e-02 | 1.20755e-02 1.06359e-01 1.37400e-01 |
    373 | 2.84861e+01 7.63856e-02 | 1.20753e-02 1.06358e-01 1.37400e-01 |
    374 | 2.85625e+01 7.63818e-02 | 1.20750e-02 1.06357e-01 1.37400e-01 |
    375 | 2.86389e+01 7.63784e-02 | 1.20747e-02 1.06356e-01 1.37400e-01 |
    376 | 2.87153e+01 7.63753e-02 | 1.20745e-02 1.06355e-01 1.37400e-01 |
    377 | 2.87916e+01 7.63726e-02 | 1.20742e-02 1.06353e-01 1.37400e-01 |
    378 | 2.88680e+01 7.63702e-02 | 1.20739e-02 1.06352e-01 1.37400e-01 |
    379 | 2.89444e+01 7.63681e-02 | 1.20737e-02 1.06351e-01 1.37400e-01 |
    380 | 2.90207e+01 7.63663e-02 | 1.20734e-02 1.06350e-01 1.37400e-01 |
    381 | 2.90971e+01 7.63649e-02 | 1.20731e-02 1.06349e-01 1.37400e-01 |
    382 | 2.91735e+01 7.63638e-02 | 1.20729e-02 1.06348e-01 1.37400e-01 |
    383 | 2.92498e+01 7.63631e-02 | 1.20726e-02 1.06347e-01 1.37400e-01 |
    384 | 2.93262e+01 7.63627e-02 | 1.20723e-02 1.06346e-01 1.37400e-01 |
    385 | 2.94026e+01 7.63626e-02 | 1.20721e-02 1.06345e-01 1.37400e-01 |
    386 | 2.94789e+01 7.63628e-02 | 1.20718e-02 1.06344e-01 1.37401e-01 |
    387 | 2.95553e+01 7.63634e-02 | 1.20715e-02 1.06343e-01 1.37401e-01 |
    388 | 2.96317e+01 7.63643e-02 | 1.20713e-02 1.06341e-01 1.37401e-01 |
    389 | 2.97080e+01 7.63656e-02 | 1.20710e-02 1.06340e-01 1.37401e-01 |
    390 | 2.97844e+01 7.63672e-02 | 1.20708e-02 1.06339e-01 1.37401e-01 |
    391 | 2.98608e+01 7.63691e-02 | 1.20705e-02 1.06338e-01 1.37401e-01 |
    392 | 2.99371e+01 7.63713e-02 | 1.20702e-02 1.06337e-01 1.37401e-01 |
    393 | 3.00135e+01 7.63739e-02 | 1.20700e-02 1.06336e-01 1.37401e-01 |
    394 | 3.00899e+01 7.63768e-02 | 1.20697e-02 1.06335e-01 1.37401e-01 |
    395 | 3.01663e+01 7.63801e-02 | 1.20694e-02 1.06334e-01 1.37401e-01 |
    396 | 3.02426e+01 7.63837e-02 | 1.20692e-02 1.06332e-01 1.37401e-01 |
    397 | 3.03190e+01 7.63818e-02 | 1.20689e-02 1.06331e-01 1.37401e-01 |
    398 | 3.03954e+01 7.63785e-02 | 1.20686e-02 1.06330e-01 1.37401e-01 |
    399 | 3.04718e+01 7.63756e-02 | 1.20684e-02 1.06329e-01 1.37401e-01 |
    400 | 3.05482e+01 7.63730e-02 | 1.20681e-02 1.06328e-01 1.37401e-01 |
    401 | 3.06245e+01 7.63707e-02 | 1.20679e-02 1.06327e-01 1.37401e-01 |
    402 | 3.07009e+01 7.63688e-02 | 1.20676e-02 1.06326e-01 1.37401e-01 |
    403 | 3.07773e+01 7.63672e-02 | 1.20673e-02 1.06325e-01 1.37401e-01 |
    404 | 3.08536e+01 7.63659e-02 | 1.20671e-02 1.06323e-01 1.37401e-01 |
    405 | 3.09300e+01 7.63649e-02 | 1.20668e-02 1.06322e-01 1.37401e-01 |
    406 | 3.10064e+01 7.63643e-02 | 1.20666e-02 1.06321e-01 1.37402e-01 |
    407 | 3.10827e+01 7.63640e-02 | 1.20663e-02 1.06320e-01 1.37402e-01 |
    408 | 3.11591e+01 7.63641e-02 | 1.20660e-02 1.06319e-01 1.37402e-01 |
    409 | 3.12354e+01 7.63645e-02 | 1.20658e-02 1.06318e-01 1.37402e-01 |
    410 | 3.13118e+01 7.63652e-02 | 1.20655e-02 1.06317e-01 1.37402e-01 |
    411 | 3.13882e+01 7.63662e-02 | 1.20652e-02 1.06315e-01 1.37402e-01 |
    412 | 3.14645e+01 7.63676e-02 | 1.20650e-02 1.06314e-01 1.37402e-01 |
    413 | 3.15409e+01 7.63693e-02 | 1.20647e-02 1.06313e-01 1.37402e-01 |
    414 | 3.16173e+01 7.63713e-02 | 1.20645e-02 1.06312e-01 1.37402e-01 |
    415 | 3.16937e+01 7.63737e-02 | 1.20642e-02 1.06311e-01 1.37402e-01 |
    416 | 3.17700e+01 7.63764e-02 | 1.20639e-02 1.06310e-01 1.37402e-01 |
    417 | 3.18464e+01 7.63794e-02 | 1.20637e-02 1.06308e-01 1.37402e-01 |
    418 | 3.19228e+01 7.63828e-02 | 1.20634e-02 1.06307e-01 1.37402e-01 |
    419 | 3.19992e+01 7.63865e-02 | 1.20632e-02 1.06306e-01 1.37402e-01 |
    420 | 3.20756e+01 7.63905e-02 | 1.20629e-02 1.06305e-01 1.37402e-01 |
    421 | 3.21520e+01 7.63949e-02 | 1.20626e-02 1.06304e-01 1.37402e-01 |
    422 | 3.22284e+01 7.63995e-02 | 1.20624e-02 1.06303e-01 1.37402e-01 |
    423 | 3.23048e+01 7.64018e-02 | 1.20621e-02 1.06301e-01 1.37403e-01 |
    424 | 3.23812e+01 7.64008e-02 | 1.20619e-02 1.06300e-01 1.37403e-01 |
    425 | 3.24576e+01 7.64001e-02 | 1.20616e-02 1.06299e-01 1.37403e-01 |
    426 | 3.25340e+01 7.63998e-02 | 1.20614e-02 1.06298e-01 1.37403e-01 |
    427 | 3.26104e+01 7.63997e-02 | 1.20611e-02 1.06297e-01 1.37403e-01 |
    428 | 3.26868e+01 7.64000e-02 | 1.20608e-02 1.06296e-01 1.37403e-01 |
    429 | 3.27632e+01 7.64006e-02 | 1.20606e-02 1.06294e-01 1.37403e-01 |
    430 | 3.28396e+01 7.64016e-02 | 1.20603e-02 1.06293e-01 1.37403e-01 |
    431 | 3.29160e+01 7.64029e-02 | 1.20601e-02 1.06292e-01 1.37403e-01 |
    432 | 3.29924e+01 7.64045e-02 | 1.20598e-02 1.06291e-01 1.37403e-01 |
    433 | 3.30688e+01 7.64064e-02 | 1.20595e-02 1.06290e-01 1.37403e-01 |
    434 | 3.31452e+01 7.64087e-02 | 1.20593e-02 1.06288e-01 1.37403e-01 |
    435 | 3.32216e+01 7.64113e-02 | 1.20590e-02 1.06287e-01 1.37403e-01 |
    436 | 3.32980e+01 7.64142e-02 | 1.20588e-02 1.06286e-01 1.37403e-01 |
    437 | 3.33744e+01 7.64175e-02 | 1.20585e-02 1.06285e-01 1.37403e-01 |
    438 | 3.34509e+01 7.64211e-02 | 1.20583e-02 1.06284e-01 1.37403e-01 |
    439 | 3.35273e+01 7.64250e-02 | 1.20580e-02 1.06282e-01 1.37403e-01 |
    440 | 3.36037e+01 7.64292e-02 | 1.20578e-02 1.06281e-01 1.37404e-01 |
    441 | 3.36801e+01 7.64291e-02 | 1.20575e-02 1.06280e-01 1.37404e-01 |
    442 | 3.37566e+01 7.64245e-02 | 1.20572e-02 1.06279e-01 1.37404e-01 |
    443 | 3.38330e+01 7.64190e-02 | 1.20570e-02 1.06278e-01 1.37404e-01 |
    444 | 3.39094e+01 7.64138e-02 | 1.20567e-02 1.06276e-01 1.37404e-01 |
    445 | 3.39858e+01 7.64090e-02 | 1.20565e-02 1.06275e-01 1.37404e-01 |
    446 | 3.40622e+01 7.64045e-02 | 1.20562e-02 1.06274e-01 1.37404e-01 |
    447 | 3.41386e+01 7.64003e-02 | 1.20560e-02 1.06273e-01 1.37404e-01 |
    448 | 3.42150e+01 7.63965e-02 | 1.20557e-02 1.06272e-01 1.37404e-01 |
    449 | 3.42914e+01 7.63929e-02 | 1.20554e-02 1.06270e-01 1.37404e-01 |
    450 | 3.43678e+01 7.63898e-02 | 1.20552e-02 1.06269e-01 1.37404e-01 |
    451 | 3.44442e+01 7.63869e-02 | 1.20549e-02 1.06268e-01 1.37404e-01 |
    452 | 3.45206e+01 7.63844e-02 | 1.20547e-02 1.06267e-01 1.37404e-01 |
    453 | 3.45969e+01 7.63822e-02 | 1.20544e-02 1.06266e-01 1.37404e-01 |
    454 | 3.46733e+01 7.63803e-02 | 1.20542e-02 1.06264e-01 1.37404e-01 |
    455 | 3.47497e+01 7.63788e-02 | 1.20539e-02 1.06263e-01 1.37404e-01 |
    456 | 3.48261e+01 7.63776e-02 | 1.20537e-02 1.06262e-01 1.37404e-01 |
    457 | 3.49025e+01 7.63768e-02 | 1.20534e-02 1.06261e-01 1.37404e-01 |
    458 | 3.49788e+01 7.63763e-02 | 1.20532e-02 1.06260e-01 1.37405e-01 |
    459 | 3.50552e+01 7.63761e-02 | 1.20529e-02 1.06258e-01 1.37405e-01 |
    460 | 3.51316e+01 7.63762e-02 | 1.20527e-02 1.06257e-01 1.37405e-01 |
    461 | 3.52080e+01 7.63767e-02 | 1.20524e-02 1.06256e-01 1.37405e-01 |
    462 | 3.52843e+01 7.63776e-02 | 1.20521e-02 1.06255e-01 1.37405e-01 |
    463 | 3.53607e+01 7.63787e-02 | 1.20519e-02 1.06253e-01 1.37405e-01 |
    464 | 3.54371e+01 7.63802e-02 | 1.20516e-02 1.06252e-01 1.37405e-01 |
    465 | 3.55135e+01 7.63820e-02 | 1.20514e-02 1.06251e-01 1.37405e-01 |
    466 | 3.55899e+01 7.63842e-02 | 1.20511e-02 1.06250e-01 1.37405e-01 |
    467 | 3.56663e+01 7.63867e-02 | 1.20509e-02 1.06249e-01 1.37405e-01 |
    468 | 3.57426e+01 7.63895e-02 | 1.20506e-02 1.06247e-01 1.37405e-01 |
    469 | 3.58190e+01 7.63927e-02 | 1.20504e-02 1.06246e-01 1.37405e-01 |
    470 | 3.58954e+01 7.63932e-02 | 1.20501e-02 1.06245e-01 1.37405e-01 |
    471 | 3.59718e+01 7.63896e-02 | 1.20499e-02 1.06244e-01 1.37405e-01 |
    472 | 3.60482e+01 7.63862e-02 | 1.20496e-02 1.06242e-01 1.37405e-01 |
    473 | 3.61246e+01 7.63832e-02 | 1.20494e-02 1.06241e-01 1.37405e-01 |
    474 | 3.62010e+01 7.63805e-02 | 1.20491e-02 1.06240e-01 1.37405e-01 |
    475 | 3.62773e+01 7.63782e-02 | 1.20489e-02 1.06239e-01 1.37405e-01 |
    476 | 3.63537e+01 7.63761e-02 | 1.20486e-02 1.06237e-01 1.37405e-01 |
    477 | 3.64301e+01 7.63744e-02 | 1.20484e-02 1.06236e-01 1.37405e-01 |
    478 | 3.65065e+01 7.63731e-02 | 1.20481e-02 1.06235e-01 1.37406e-01 |
    479 | 3.65828e+01 7.63721e-02 | 1.20479e-02 1.06234e-01 1.37406e-01 |
    480 | 3.66592e+01 7.63714e-02 | 1.20476e-02 1.06233e-01 1.37406e-01 |
    481 | 3.67356e+01 7.63710e-02 | 1.20474e-02 1.06231e-01 1.37406e-01 |
    482 | 3.68120e+01 7.63710e-02 | 1.20471e-02 1.06230e-01 1.37406e-01 |
    483 | 3.68883e+01 7.63713e-02 | 1.20469e-02 1.06229e-01 1.37406e-01 |
    484 | 3.69647e+01 7.63719e-02 | 1.20466e-02 1.06228e-01 1.37406e-01 |
    485 | 3.70411e+01 7.63729e-02 | 1.20464e-02 1.06226e-01 1.37406e-01 |
    486 | 3.71174e+01 7.63742e-02 | 1.20461e-02 1.06225e-01 1.37406e-01 |
    487 | 3.71938e+01 7.63758e-02 | 1.20459e-02 1.06224e-01 1.37406e-01 |
    488 | 3.72702e+01 7.63778e-02 | 1.20456e-02 1.06223e-01 1.37406e-01 |
    489 | 3.73466e+01 7.63801e-02 | 1.20453e-02 1.06221e-01 1.37406e-01 |
    490 | 3.74230e+01 7.63827e-02 | 1.20451e-02 1.06220e-01 1.37406e-01 |
    491 | 3.74994e+01 7.63857e-02 | 1.20448e-02 1.06219e-01 1.37406e-01 |
    492 | 3.75757e+01 7.63890e-02 | 1.20446e-02 1.06218e-01 1.37406e-01 |
    493 | 3.76521e+01 7.63917e-02 | 1.20443e-02 1.06216e-01 1.37406e-01 |
    494 | 3.77285e+01 7.63893e-02 | 1.20441e-02 1.06215e-01 1.37406e-01 |
    495 | 3.78049e+01 7.63873e-02 | 1.20438e-02 1.06214e-01 1.37406e-01 |
    496 | 3.78813e+01 7.63855e-02 | 1.20436e-02 1.06213e-01 1.37406e-01 |
    497 | 3.79577e+01 7.63841e-02 | 1.20433e-02 1.06211e-01 1.37406e-01 |
    498 | 3.80341e+01 7.63831e-02 | 1.20431e-02 1.06210e-01 1.37406e-01 |
    499 | 3.81104e+01 7.63824e-02 | 1.20428e-02 1.06209e-01 1.37406e-01 |
    500 | 3.81868e+01 7.63820e-02 | 1.20426e-02 1.06208e-01 1.37406e-01 |
    501 | 3.82632e+01 7.63819e-02 | 1.20423e-02 1.06206e-01 1.37406e-01 |
    502 | 3.83396e+01 7.63821e-02 | 1.20421e-02 1.06205e-01 1.37406e-01 |
    503 | 3.84160e+01 7.63827e-02 | 1.20419e-02 1.06204e-01 1.37407e-01 |
    504 | 3.84924e+01 7.63837e-02 | 1.20416e-02 1.06203e-01 1.37407e-01 |
    505 | 3.85687e+01 7.63849e-02 | 1.20414e-02 1.06201e-01 1.37407e-01 |
    506 | 3.86451e+01 7.63865e-02 | 1.20411e-02 1.06200e-01 1.37407e-01 |
    507 | 3.87215e+01 7.63884e-02 | 1.20409e-02 1.06199e-01 1.37407e-01 |
    508 | 3.87979e+01 7.63907e-02 | 1.20406e-02 1.06197e-01 1.37407e-01 |
    509 | 3.88743e+01 7.63933e-02 | 1.20404e-02 1.06196e-01 1.37407e-01 |
    510 | 3.89507e+01 7.63962e-02 | 1.20401e-02 1.06195e-01 1.37407e-01 |
    511 | 3.90271e+01 7.63994e-02 | 1.20399e-02 1.06194e-01 1.37407e-01 |
    512 | 3.91035e+01 7.64030e-02 | 1.20396e-02 1.06192e-01 1.37407e-01 |
    513 | 3.91799e+01 7.64069e-02 | 1.20394e-02 1.06191e-01 1.37407e-01 |
    514 | 3.92563e+01 7.64082e-02 | 1.20391e-02 1.06190e-01 1.37407e-01 |
    515 | 3.93327e+01 7.64053e-02 | 1.20389e-02 1.06189e-01 1.37407e-01 |
    516 | 3.94091e+01 7.64027e-02 | 1.20386e-02 1.06187e-01 1.37407e-01 |
    517 | 3.94855e+01 7.64005e-02 | 1.20384e-02 1.06186e-01 1.37407e-01 |
    518 | 3.95619e+01 7.63985e-02 | 1.20381e-02 1.06185e-01 1.37407e-01 |
    519 | 3.96383e+01 7.63969e-02 | 1.20379e-02 1.06183e-01 1.37407e-01 |
    520 | 3.97147e+01 7.63956e-02 | 1.20376e-02 1.06182e-01 1.37407e-01 |
    521 | 3.97911e+01 7.63947e-02 | 1.20374e-02 1.06181e-01 1.37407e-01 |
    522 | 3.98675e+01 7.63941e-02 | 1.20371e-02 1.06180e-01 1.37407e-01 |
    523 | 3.99439e+01 7.63938e-02 | 1.20369e-02 1.06178e-01 1.37407e-01 |
    524 | 4.00203e+01 7.63938e-02 | 1.20366e-02 1.06177e-01 1.37407e-01 |
    525 | 4.00967e+01 7.63942e-02 | 1.20364e-02 1.06176e-01 1.37407e-01 |
    526 | 4.01731e+01 7.63949e-02 | 1.20361e-02 1.06174e-01 1.37407e-01 |
    527 | 4.02495e+01 7.63959e-02 | 1.20359e-02 1.06173e-01 1.37407e-01 |
    528 | 4.03259e+01 7.63973e-02 | 1.20356e-02 1.06172e-01 1.37407e-01 |
    529 | 4.04023e+01 7.63989e-02 | 1.20354e-02 1.06171e-01 1.37407e-01 |
    530 | 4.04787e+01 7.64010e-02 | 1.20351e-02 1.06169e-01 1.37407e-01 |
    531 | 4.05551e+01 7.64024e-02 | 1.20349e-02 1.06168e-01 1.37407e-01 |
    532 | 4.06315e+01 7.64018e-02 | 1.20346e-02 1.06167e-01 1.37407e-01 |
    533 | 4.07079e+01 7.64015e-02 | 1.20344e-02 1.06165e-01 1.37407e-01 |
    534 | 4.07843e+01 7.64015e-02 | 1.20341e-02 1.06164e-01 1.37407e-01 |
    535 | 4.08607e+01 7.64018e-02 | 1.20339e-02 1.06163e-01 1.37407e-01 |
    536 | 4.09371e+01 7.64025e-02 | 1.20336e-02 1.06162e-01 1.37407e-01 |
    537 | 4.10135e+01 7.64036e-02 | 1.20334e-02 1.06160e-01 1.37407e-01 |
    538 | 4.10899e+01 7.64049e-02 | 1.20331e-02 1.06159e-01 1.37407e-01 |
    539 | 4.11663e+01 7.64066e-02 | 1.20329e-02 1.06158e-01 1.37407e-01 |
    540 | 4.12427e+01 7.64087e-02 | 1.20326e-02 1.06156e-01 1.37407e-01 |
    541 | 4.13191e+01 7.64110e-02 | 1.20324e-02 1.06155e-01 1.37407e-01 |
    542 | 4.13955e+01 7.64137e-02 | 1.20321e-02 1.06154e-01 1.37407e-01 |
    543 | 4.14719e+01 7.64167e-02 | 1.20319e-02 1.06152e-01 1.37407e-01 |
    544 | 4.15484e+01 7.64132e-02 | 1.20316e-02 1.06151e-01 1.37407e-01 |
    545 | 4.16248e+01 7.64094e-02 | 1.20314e-02 1.06150e-01 1.37407e-01 |
    546 | 4.17012e+01 7.64059e-02 | 1.20311e-02 1.06149e-01 1.37407e-01 |
    547 | 4.17776e+01 7.64028e-02 | 1.20309e-02 1.06147e-01 1.37407e-01 |
    548 | 4.18540e+01 7.64000e-02 | 1.20306e-02 1.06146e-01 1.37407e-01 |
    549 | 4.19304e+01 7.63976e-02 | 1.20303e-02 1.06145e-01 1.37408e-01 |
    550 | 4.20068e+01 7.63954e-02 | 1.20301e-02 1.06143e-01 1.37408e-01 |
    551 | 4.20832e+01 7.63936e-02 | 1.20298e-02 1.06142e-01 1.37408e-01 |
    552 | 4.21596e+01 7.63922e-02 | 1.20296e-02 1.06141e-01 1.37408e-01 |
    553 | 4.22359e+01 7.63910e-02 | 1.20293e-02 1.06139e-01 1.37408e-01 |
    554 | 4.23123e+01 7.63902e-02 | 1.20291e-02 1.06138e-01 1.37408e-01 |
    555 | 4.23887e+01 7.63898e-02 | 1.20288e-02 1.06137e-01 1.37408e-01 |
    556 | 4.24651e+01 7.63896e-02 | 1.20286e-02 1.06135e-01 1.37408e-01 |
    557 | 4.25415e+01 7.63898e-02 | 1.20283e-02 1.06134e-01 1.37408e-01 |
    558 | 4.26179e+01 7.63903e-02 | 1.20281e-02 1.06133e-01 1.37408e-01 |
    559 | 4.26943e+01 7.63912e-02 | 1.20278e-02 1.06132e-01 1.37408e-01 |
    560 | 4.27707e+01 7.63924e-02 | 1.20275e-02 1.06130e-01 1.37408e-01 |
    561 | 4.28471e+01 7.63939e-02 | 1.20273e-02 1.06129e-01 1.37408e-01 |
    562 | 4.29235e+01 7.63958e-02 | 1.20270e-02 1.06128e-01 1.37408e-01 |
    563 | 4.29999e+01 7.63980e-02 | 1.20268e-02 1.06126e-01 1.37408e-01 |
    564 | 4.30763e+01 7.63950e-02 | 1.20265e-02 1.06125e-01 1.37408e-01 |
    565 | 4.31527e+01 7.63916e-02 | 1.20263e-02 1.06124e-01 1.37408e-01 |
    566 | 4.32290e+01 7.63884e-02 | 1.20260e-02 1.06122e-01 1.37408e-01 |
    567 | 4.33054e+01 7.63857e-02 | 1.20257e-02 1.06121e-01 1.37408e-01 |
    568 | 4.33818e+01 7.63832e-02 | 1.20255e-02 1.06120e-01 1.37408e-01 |
    569 | 4.34582e+01 7.63811e-02 | 1.20252e-02 1.06118e-01 1.37408e-01 |
    570 | 4.35346e+01 7.63793e-02 | 1.20250e-02 1.06117e-01 1.37408e-01 |
    571 | 4.36110e+01 7.63779e-02 | 1.20247e-02 1.06116e-01 1.37408e-01 |
    572 | 4.36873e+01 7.63767e-02 | 1.20244e-02 1.06114e-01 1.37408e-01 |
    573 | 4.37637e+01 7.63759e-02 | 1.20242e-02 1.06113e-01 1.37408e-01 |
    574 | 4.38401e+01 7.63755e-02 | 1.20239e-02 1.06112e-01 1.37407e-01 |
    575 | 4.39165e+01 7.63754e-02 | 1.20237e-02 1.06110e-01 1.37407e-01 |
    576 | 4.39928e+01 7.63756e-02 | 1.20234e-02 1.06109e-01 1.37407e-01 |
    577 | 4.40692e+01 7.63761e-02 | 1.20231e-02 1.06108e-01 1.37407e-01 |
    578 | 4.41456e+01 7.63770e-02 | 1.20229e-02 1.06106e-01 1.37407e-01 |
    579 | 4.42220e+01 7.63782e-02 | 1.20226e-02 1.06105e-01 1.37407e-01 |
    580 | 4.42983e+01 7.63797e-02 | 1.20224e-02 1.06104e-01 1.37407e-01 |
    581 | 4.43747e+01 7.63816e-02 | 1.20221e-02 1.06102e-01 1.37407e-01 |
    582 | 4.44511e+01 7.63838e-02 | 1.20218e-02 1.06101e-01 1.37407e-01 |
    583 | 4.45275e+01 7.63863e-02 | 1.20216e-02 1.06100e-01 1.37407e-01 |
    584 | 4.46039e+01 7.63892e-02 | 1.20213e-02 1.06098e-01 1.37407e-01 |
    585 | 4.46803e+01 7.63924e-02 | 1.20211e-02 1.06097e-01 1.37407e-01 |
    586 | 4.47567e+01 7.63959e-02 | 1.20208e-02 1.06095e-01 1.37407e-01 |
    587 | 4.48331e+01 7.63991e-02 | 1.20205e-02 1.06094e-01 1.37407e-01 |
    588 | 4.49095e+01 7.63958e-02 | 1.20203e-02 1.06093e-01 1.37407e-01 |
    589 | 4.49859e+01 7.63929e-02 | 1.20200e-02 1.06091e-01 1.37407e-01 |
    590 | 4.50622e+01 7.63902e-02 | 1.20198e-02 1.06090e-01 1.37407e-01 |
    591 | 4.51386e+01 7.63879e-02 | 1.20195e-02 1.06089e-01 1.37407e-01 |
    592 | 4.52150e+01 7.63859e-02 | 1.20192e-02 1.06087e-01 1.37407e-01 |
    593 | 4.52914e+01 7.63843e-02 | 1.20190e-02 1.06086e-01 1.37407e-01 |
    594 | 4.53678e+01 7.63830e-02 | 1.20187e-02 1.06085e-01 1.37407e-01 |
    595 | 4.54442e+01 7.63820e-02 | 1.20185e-02 1.06083e-01 1.37407e-01 |
    596 | 4.55206e+01 7.63813e-02 | 1.20182e-02 1.06082e-01 1.37407e-01 |
    597 | 4.55969e+01 7.63810e-02 | 1.20179e-02 1.06081e-01 1.37407e-01 |
    598 | 4.56733e+01 7.63810e-02 | 1.20177e-02 1.06079e-01 1.37407e-01 |
    599 | 4.57497e+01 7.63813e-02 | 1.20174e-02 1.06078e-01 1.37407e-01 |
    600 | 4.58261e+01 7.63820e-02 | 1.20172e-02 1.06076e-01 1.37407e-01 |
    601 | 4.59025e+01 7.63830e-02 | 1.20169e-02 1.06075e-01 1.37407e-01 |
    602 | 4.59788e+01 7.63843e-02 | 1.20166e-02 1.06074e-01 1.37407e-01 |
    603 | 4.60552e+01 7.63859e-02 | 1.20164e-02 1.06072e-01 1.37407e-01 |
    604 | 4.61316e+01 7.63879e-02 | 1.20161e-02 1.06071e-01 1.37407e-01 |
    605 | 4.62080e+01 7.63902e-02 | 1.20159e-02 1.06070e-01 1.37407e-01 |
    606 | 4.62844e+01 7.63929e-02 | 1.20156e-02 1.06068e-01 1.37407e-01 |
    607 | 4.63608e+01 7.63958e-02 | 1.20153e-02 1.06067e-01 1.37407e-01 |
    608 | 4.64372e+01 7.63991e-02 | 1.20151e-02 1.06066e-01 1.37407e-01 |
    609 | 4.65136e+01 7.64028e-02 | 1.20148e-02 1.06064e-01 1.37407e-01 |
    610 | 4.65900e+01 7.64067e-02 | 1.20146e-02 1.06063e-01 1.37407e-01 |
    611 | 4.66664e+01 7.64110e-02 | 1.20143e-02 1.06061e-01 1.37407e-01 |
    612 | 4.67428e+01 7.64156e-02 | 1.20140e-02 1.06060e-01 1.37407e-01 |
    613 | 4.68193e+01 7.64206e-02 | 1.20138e-02 1.06059e-01 1.37407e-01 |
    614 | 4.68957e+01 7.64258e-02 | 1.20135e-02 1.06057e-01 1.37407e-01 |
    615 | 4.69721e+01 7.64314e-02 | 1.20132e-02 1.06056e-01 1.37407e-01 |
    616 | 4.70485e+01 7.64317e-02 | 1.20130e-02 1.06055e-01 1.37407e-01 |
    617 | 4.71250e+01 7.64316e-02 | 1.20127e-02 1.06053e-01 1.37407e-01 |
    618 | 4.72014e+01 7.64318e-02 | 1.20125e-02 1.06052e-01 1.37407e-01 |
    619 | 4.72778e+01 7.64324e-02 | 1.20122e-02 1.06050e-01 1.37406e-01 |
    620 | 4.73543e+01 7.64333e-02 | 1.20119e-02 1.06049e-01 1.37406e-01 |
    621 | 4.74307e+01 7.64345e-02 | 1.20117e-02 1.06048e-01 1.37406e-01 |
    622 | 4.75071e+01 7.64315e-02 | 1.20114e-02 1.06046e-01 1.37406e-01 |
    623 | 4.75836e+01 7.64289e-02 | 1.20112e-02 1.06045e-01 1.37406e-01 |
    624 | 4.76600e+01 7.64267e-02 | 1.20109e-02 1.06043e-01 1.37406e-01 |
    625 | 4.77364e+01 7.64247e-02 | 1.20106e-02 1.06042e-01 1.37406e-01 |
    626 | 4.78128e+01 7.64231e-02 | 1.20104e-02 1.06041e-01 1.37406e-01 |
    627 | 4.78893e+01 7.64219e-02 | 1.20101e-02 1.06039e-01 1.37406e-01 |
    628 | 4.79657e+01 7.64209e-02 | 1.20098e-02 1.06038e-01 1.37406e-01 |
    629 | 4.80421e+01 7.64203e-02 | 1.20096e-02 1.06036e-01 1.37406e-01 |
    630 | 4.81185e+01 7.64200e-02 | 1.20093e-02 1.06035e-01 1.37406e-01 |
    631 | 4.81949e+01 7.64201e-02 | 1.20091e-02 1.06034e-01 1.37406e-01 |
    632 | 4.82714e+01 7.64205e-02 | 1.20088e-02 1.06032e-01 1.37406e-01 |
    633 | 4.83478e+01 7.64212e-02 | 1.20085e-02 1.06031e-01 1.37406e-01 |
    634 | 4.84242e+01 7.64182e-02 | 1.20083e-02 1.06029e-01 1.37406e-01 |
    635 | 4.85006e+01 7.64134e-02 | 1.20080e-02 1.06028e-01 1.37406e-01 |
    636 | 4.85770e+01 7.64089e-02 | 1.20077e-02 1.06027e-01 1.37406e-01 |
    637 | 4.86534e+01 7.64047e-02 | 1.20075e-02 1.06025e-01 1.37406e-01 |
    638 | 4.87298e+01 7.64008e-02 | 1.20072e-02 1.06024e-01 1.37406e-01 |
    639 | 4.88062e+01 7.63973e-02 | 1.20069e-02 1.06022e-01 1.37406e-01 |
    640 | 4.88826e+01 7.63941e-02 | 1.20067e-02 1.06021e-01 1.37405e-01 |
    641 | 4.89590e+01 7.63912e-02 | 1.20064e-02 1.06020e-01 1.37405e-01 |
    642 | 4.90354e+01 7.63887e-02 | 1.20061e-02 1.06018e-01 1.37405e-01 |
    643 | 4.91118e+01 7.63865e-02 | 1.20059e-02 1.06017e-01 1.37405e-01 |
    644 | 4.91882e+01 7.63846e-02 | 1.20056e-02 1.06015e-01 1.37405e-01 |
    645 | 4.92646e+01 7.63831e-02 | 1.20053e-02 1.06014e-01 1.37405e-01 |
    646 | 4.93409e+01 7.63818e-02 | 1.20051e-02 1.06013e-01 1.37405e-01 |
    647 | 4.94173e+01 7.63810e-02 | 1.20048e-02 1.06011e-01 1.37405e-01 |
    648 | 4.94937e+01 7.63804e-02 | 1.20045e-02 1.06010e-01 1.37405e-01 |
    649 | 4.95701e+01 7.63802e-02 | 1.20043e-02 1.06008e-01 1.37405e-01 |
    650 | 4.96465e+01 7.63804e-02 | 1.20040e-02 1.06007e-01 1.37405e-01 |
    651 | 4.97228e+01 7.63808e-02 | 1.20037e-02 1.06006e-01 1.37405e-01 |
    652 | 4.97992e+01 7.63816e-02 | 1.20035e-02 1.06004e-01 1.37405e-01 |
    653 | 4.98756e+01 7.63827e-02 | 1.20032e-02 1.06003e-01 1.37405e-01 |
    654 | 4.99520e+01 7.63842e-02 | 1.20029e-02 1.06001e-01 1.37405e-01 |
    655 | 5.00284e+01 7.63860e-02 | 1.20026e-02 1.06000e-01 1.37404e-01 |
    656 | 5.01048e+01 7.63881e-02 | 1.20024e-02 1.05998e-01 1.37404e-01 |
    657 | 5.01812e+01 7.63906e-02 | 1.20021e-02 1.05997e-01 1.37404e-01 |
    658 | 5.02575e+01 7.63934e-02 | 1.20018e-02 1.05996e-01 1.37404e-01 |
    659 | 5.03339e+01 7.63965e-02 | 1.20015e-02 1.05994e-01 1.37404e-01 |
    660 | 5.04103e+01 7.64000e-02 | 1.20013e-02 1.05993e-01 1.37404e-01 |
    661 | 5.04867e+01 7.63983e-02 | 1.20010e-02 1.05991e-01 1.37404e-01 |
    662 | 5.05631e+01 7.63949e-02 | 1.20007e-02 1.05990e-01 1.37404e-01 |
    663 | 5.06395e+01 7.63919e-02 | 1.20004e-02 1.05988e-01 1.37404e-01 |
    664 | 5.07159e+01 7.63892e-02 | 1.20001e-02 1.05987e-01 1.37404e-01 |
    665 | 5.07923e+01 7.63868e-02 | 1.19999e-02 1.05986e-01 1.37404e-01 |
    666 | 5.08687e+01 7.63847e-02 | 1.19996e-02 1.05984e-01 1.37404e-01 |
    667 | 5.09451e+01 7.63830e-02 | 1.19993e-02 1.05983e-01 1.37404e-01 |
    668 | 5.10215e+01 7.63816e-02 | 1.19990e-02 1.05981e-01 1.37404e-01 |
    669 | 5.10978e+01 7.63806e-02 | 1.19987e-02 1.05980e-01 1.37403e-01 |
    670 | 5.11742e+01 7.63798e-02 | 1.19985e-02 1.05978e-01 1.37403e-01 |
    671 | 5.12506e+01 7.63795e-02 | 1.19982e-02 1.05977e-01 1.37403e-01 |
    672 | 5.13270e+01 7.63794e-02 | 1.19979e-02 1.05976e-01 1.37403e-01 |
    673 | 5.14034e+01 7.63797e-02 | 1.19976e-02 1.05974e-01 1.37403e-01 |
    674 | 5.14797e+01 7.63803e-02 | 1.19973e-02 1.05973e-01 1.37403e-01 |
    675 | 5.15561e+01 7.63812e-02 | 1.19970e-02 1.05971e-01 1.37403e-01 |
    676 | 5.16325e+01 7.63825e-02 | 1.19968e-02 1.05970e-01 1.37403e-01 |
    677 | 5.17089e+01 7.63840e-02 | 1.19965e-02 1.05968e-01 1.37403e-01 |
    678 | 5.17853e+01 7.63860e-02 | 1.19962e-02 1.05967e-01 1.37403e-01 |
    679 | 5.18617e+01 7.63882e-02 | 1.19959e-02 1.05965e-01 1.37403e-01 |
    680 | 5.19380e+01 7.63908e-02 | 1.19956e-02 1.05964e-01 1.37402e-01 |
    681 | 5.20144e+01 7.63937e-02 | 1.19953e-02 1.05963e-01 1.37402e-01 |
    682 | 5.20908e+01 7.63970e-02 | 1.19951e-02 1.05961e-01 1.37402e-01 |
    683 | 5.21672e+01 7.64006e-02 | 1.19948e-02 1.05960e-01 1.37402e-01 |
    684 | 5.22436e+01 7.64045e-02 | 1.19945e-02 1.05958e-01 1.37402e-01 |
    685 | 5.23201e+01 7.64087e-02 | 1.19942e-02 1.05957e-01 1.37402e-01 |
    686 | 5.23965e+01 7.64100e-02 | 1.19939e-02 1.05955e-01 1.37402e-01 |
    687 | 5.24729e+01 7.64086e-02 | 1.19936e-02 1.05954e-01 1.37402e-01 |
    688 | 5.25493e+01 7.64075e-02 | 1.19934e-02 1.05952e-01 1.37402e-01 |
    689 | 5.26257e+01 7.64067e-02 | 1.19931e-02 1.05951e-01 1.37402e-01 |
    690 | 5.27021e+01 7.64063e-02 | 1.19928e-02 1.05949e-01 1.37402e-01 |
    691 | 5.27785e+01 7.64061e-02 | 1.19925e-02 1.05948e-01 1.37401e-01 |
    692 | 5.28549e+01 7.64064e-02 | 1.19922e-02 1.05947e-01 1.37401e-01 |
    693 | 5.29313e+01 7.64069e-02 | 1.19919e-02 1.05945e-01 1.37401e-01 |
    694 | 5.30077e+01 7.64078e-02 | 1.19917e-02 1.05944e-01 1.37401e-01 |
    695 | 5.30841e+01 7.64090e-02 | 1.19914e-02 1.05942e-01 1.37401e-01 |
    696 | 5.31605e+01 7.64106e-02 | 1.19911e-02 1.05941e-01 1.37401e-01 |
    697 | 5.32370e+01 7.64124e-02 | 1.19908e-02 1.05939e-01 1.37401e-01 |
    698 | 5.33134e+01 7.64146e-02 | 1.19906e-02 1.05938e-01 1.37401e-01 |
    699 | 5.33898e+01 7.64171e-02 | 1.19903e-02 1.05936e-01 1.37401e-01 |
    700 | 5.34662e+01 7.64200e-02 | 1.19900e-02 1.05935e-01 1.37400e-01 |
    701 | 5.35426e+01 7.64232e-02 | 1.19897e-02 1.05933e-01 1.37400e-01 |
    702 | 5.36191e+01 7.64267e-02 | 1.19894e-02 1.05932e-01 1.37400e-01 |
    703 | 5.36955e+01 7.64305e-02 | 1.19892e-02 1.05930e-01 1.37400e-01 |
    704 | 5.37719e+01 7.64347e-02 | 1.19889e-02 1.05929e-01 1.37400e-01 |
    705 | 5.38484e+01 7.64338e-02 | 1.19886e-02 1.05927e-01 1.37400e-01 |
    706 | 5.39248e+01 7.64312e-02 | 1.19883e-02 1.05926e-01 1.37400e-01 |
    707 | 5.40012e+01 7.64289e-02 | 1.19881e-02 1.05925e-01 1.37400e-01 |
    708 | 5.40776e+01 7.64269e-02 | 1.19878e-02 1.05923e-01 1.37400e-01 |
    709 | 5.41541e+01 7.64253e-02 | 1.19875e-02 1.05922e-01 1.37399e-01 |
    710 | 5.42305e+01 7.64240e-02 | 1.19873e-02 1.05920e-01 1.37399e-01 |
    711 | 5.43069e+01 7.64224e-02 | 1.19870e-02 1.05919e-01 1.37399e-01 |
    712 | 5.43833e+01 7.64184e-02 | 1.19867e-02 1.05917e-01 1.37399e-01 |
    713 | 5.44597e+01 7.64147e-02 | 1.19864e-02 1.05916e-01 1.37399e-01 |
    714 | 5.45362e+01 7.64114e-02 | 1.19862e-02 1.05914e-01 1.37399e-01 |
    715 | 5.46126e+01 7.64084e-02 | 1.19859e-02 1.05913e-01 1.37399e-01 |
    716 | 5.46890e+01 7.64058e-02 | 1.19856e-02 1.05911e-01 1.37399e-01 |
    717 | 5.47654e+01 7.64035e-02 | 1.19853e-02 1.05910e-01 1.37398e-01 |
    718 | 5.48418e+01 7.64015e-02 | 1.19851e-02 1.05908e-01 1.37398e-01 |
    719 | 5.49182e+01 7.63998e-02 | 1.19848e-02 1.05907e-01 1.37398e-01 |
    720 | 5.49946e+01 7.63985e-02 | 1.19845e-02 1.05905e-01 1.37398e-01 |
    721 | 5.50710e+01 7.63975e-02 | 1.19843e-02 1.05904e-01 1.37398e-01 |
    722 | 5.51474e+01 7.63969e-02 | 1.19840e-02 1.05902e-01 1.37398e-01 |
    723 | 5.52238e+01 7.63965e-02 | 1.19837e-02 1.05901e-01 1.37398e-01 |
    724 | 5.53002e+01 7.63966e-02 | 1.19834e-02 1.05899e-01 1.37398e-01 |
    725 | 5.53766e+01 7.63969e-02 | 1.19832e-02 1.05898e-01 1.37397e-01 |
    726 | 5.54530e+01 7.63976e-02 | 1.19829e-02 1.05896e-01 1.37397e-01 |
    727 | 5.55294e+01 7.63986e-02 | 1.19826e-02 1.05895e-01 1.37397e-01 |
    728 | 5.56058e+01 7.64000e-02 | 1.19824e-02 1.05893e-01 1.37397e-01 |
    729 | 5.56822e+01 7.64016e-02 | 1.19821e-02 1.05892e-01 1.37397e-01 |
    730 | 5.57586e+01 7.64037e-02 | 1.19818e-02 1.05890e-01 1.37397e-01 |
    731 | 5.58350e+01 7.64060e-02 | 1.19816e-02 1.05889e-01 1.37397e-01 |
    732 | 5.59114e+01 7.64087e-02 | 1.19813e-02 1.05887e-01 1.37396e-01 |
    733 | 5.59878e+01 7.64117e-02 | 1.19810e-02 1.05886e-01 1.37396e-01 |
    734 | 5.60642e+01 7.64128e-02 | 1.19807e-02 1.05884e-01 1.37396e-01 |
    735 | 5.61406e+01 7.64091e-02 | 1.19805e-02 1.05883e-01 1.37396e-01 |
    736 | 5.62170e+01 7.64056e-02 | 1.19802e-02 1.05881e-01 1.37396e-01 |
    737 | 5.62934e+01 7.64025e-02 | 1.19799e-02 1.05880e-01 1.37396e-01 |
    738 | 5.63698e+01 7.63996e-02 | 1.19797e-02 1.05878e-01 1.37396e-01 |
    739 | 5.64462e+01 7.63972e-02 | 1.19794e-02 1.05877e-01 1.37395e-01 |
    740 | 5.65226e+01 7.63950e-02 | 1.19791e-02 1.05875e-01 1.37395e-01 |
    741 | 5.65990e+01 7.63932e-02 | 1.19789e-02 1.05874e-01 1.37395e-01 |
    742 | 5.66754e+01 7.63917e-02 | 1.19786e-02 1.05872e-01 1.37395e-01 |
    743 | 5.67518e+01 7.63906e-02 | 1.19783e-02 1.05871e-01 1.37395e-01 |
    744 | 5.68282e+01 7.63898e-02 | 1.19781e-02 1.05869e-01 1.37395e-01 |
    745 | 5.69046e+01 7.63893e-02 | 1.19778e-02 1.05868e-01 1.37395e-01 |
    746 | 5.69810e+01 7.63891e-02 | 1.19775e-02 1.05866e-01 1.37394e-01 |
    747 | 5.70573e+01 7.63893e-02 | 1.19773e-02 1.05865e-01 1.37394e-01 |
    748 | 5.71337e+01 7.63898e-02 | 1.19770e-02 1.05863e-01 1.37394e-01 |
    749 | 5.72101e+01 7.63907e-02 | 1.19767e-02 1.05862e-01 1.37394e-01 |
    750 | 5.72865e+01 7.63918e-02 | 1.19765e-02 1.05860e-01 1.37394e-01 |
    751 | 5.73629e+01 7.63933e-02 | 1.19762e-02 1.05859e-01 1.37394e-01 |
    752 | 5.74393e+01 7.63952e-02 | 1.19759e-02 1.05857e-01 1.37393e-01 |
    753 | 5.75157e+01 7.63973e-02 | 1.19757e-02 1.05856e-01 1.37393e-01 |
    754 | 5.75921e+01 7.63998e-02 | 1.19754e-02 1.05854e-01 1.37393e-01 |
    755 | 5.76685e+01 7.64027e-02 | 1.19751e-02 1.05853e-01 1.37393e-01 |
    756 | 5.77449e+01 7.64048e-02 | 1.19749e-02 1.05851e-01 1.37393e-01 |
    757 | 5.78213e+01 7.64020e-02 | 1.19746e-02 1.05850e-01 1.37393e-01 |
    758 | 5.78977e+01 7.63995e-02 | 1.19743e-02 1.05848e-01 1.37392e-01 |
    759 | 5.79741e+01 7.63974e-02 | 1.19741e-02 1.05847e-01 1.37392e-01 |
    760 | 5.80505e+01 7.63956e-02 | 1.19738e-02 1.05845e-01 1.37392e-01 |
    761 | 5.81269e+01 7.63941e-02 | 1.19735e-02 1.05844e-01 1.37392e-01 |
    762 | 5.82033e+01 7.63930e-02 | 1.19733e-02 1.05842e-01 1.37392e-01 |
    763 | 5.82797e+01 7.63922e-02 | 1.19730e-02 1.05841e-01 1.37392e-01 |
    764 | 5.83561e+01 7.63917e-02 | 1.19728e-02 1.05839e-01 1.37391e-01 |
    765 | 5.84325e+01 7.63915e-02 | 1.19725e-02 1.05838e-01 1.37391e-01 |
    766 | 5.85089e+01 7.63917e-02 | 1.19722e-02 1.05836e-01 1.37391e-01 |
    767 | 5.85852e+01 7.63922e-02 | 1.19720e-02 1.05835e-01 1.37391e-01 |
    768 | 5.86616e+01 7.63931e-02 | 1.19717e-02 1.05833e-01 1.37391e-01 |
    769 | 5.87380e+01 7.63942e-02 | 1.19714e-02 1.05831e-01 1.37391e-01 |
    770 | 5.88144e+01 7.63957e-02 | 1.19712e-02 1.05830e-01 1.37390e-01 |
    771 | 5.88908e+01 7.63976e-02 | 1.19709e-02 1.05828e-01 1.37390e-01 |
    772 | 5.89672e+01 7.63997e-02 | 1.19707e-02 1.05827e-01 1.37390e-01 |
    773 | 5.90436e+01 7.64022e-02 | 1.19704e-02 1.05825e-01 1.37390e-01 |
    774 | 5.91200e+01 7.64051e-02 | 1.19701e-02 1.05824e-01 1.37390e-01 |
    775 | 5.91964e+01 7.64082e-02 | 1.19699e-02 1.05822e-01 1.37389e-01 |
    776 | 5.92729e+01 7.64117e-02 | 1.19696e-02 1.05821e-01 1.37389e-01 |
    777 | 5.93493e+01 7.64155e-02 | 1.19693e-02 1.05819e-01 1.37389e-01 |
    778 | 5.94257e+01 7.64164e-02 | 1.19691e-02 1.05818e-01 1.37389e-01 |
    779 | 5.95021e+01 7.64134e-02 | 1.19688e-02 1.05816e-01 1.37389e-01 |
    780 | 5.95785e+01 7.64107e-02 | 1.19686e-02 1.05815e-01 1.37388e-01 |
    781 | 5.96549e+01 7.64084e-02 | 1.19683e-02 1.05813e-01 1.37388e-01 |
    782 | 5.97313e+01 7.64064e-02 | 1.19680e-02 1.05812e-01 1.37388e-01 |
    783 | 5.98077e+01 7.64047e-02 | 1.19678e-02 1.05810e-01 1.37388e-01 |
    784 | 5.98841e+01 7.64033e-02 | 1.19675e-02 1.05808e-01 1.37388e-01 |
    785 | 5.99605e+01 7.64023e-02 | 1.19673e-02 1.05807e-01 1.37388e-01 |
    786 | 6.00369e+01 7.64016e-02 | 1.19670e-02 1.05805e-01 1.37387e-01 |
    787 | 6.01133e+01 7.64013e-02 | 1.19667e-02 1.05804e-01 1.37387e-01 |
    788 | 6.01897e+01 7.64012e-02 | 1.19665e-02 1.05802e-01 1.37387e-01 |
    789 | 6.02661e+01 7.64015e-02 | 1.19662e-02 1.05801e-01 1.37387e-01 |
    790 | 6.03425e+01 7.64022e-02 | 1.19659e-02 1.05799e-01 1.37387e-01 |
    791 | 6.04189e+01 7.64031e-02 | 1.19657e-02 1.05798e-01 1.37386e-01 |
    792 | 6.04954e+01 7.64044e-02 | 1.19654e-02 1.05796e-01 1.37386e-01 |
    793 | 6.05718e+01 7.64060e-02 | 1.19652e-02 1.05795e-01 1.37386e-01 |
    794 | 6.06482e+01 7.64079e-02 | 1.19649e-02 1.05793e-01 1.37386e-01 |
    795 | 6.07246e+01 7.64102e-02 | 1.19646e-02 1.05791e-01 1.37386e-01 |
    796 | 6.08010e+01 7.64128e-02 | 1.19644e-02 1.05790e-01 1.37385e-01 |
    797 | 6.08774e+01 7.64157e-02 | 1.19641e-02 1.05788e-01 1.37385e-01 |
    798 | 6.09538e+01 7.64190e-02 | 1.19639e-02 1.05787e-01 1.37385e-01 |
    799 | 6.10302e+01 7.64225e-02 | 1.19636e-02 1.05785e-01 1.37385e-01 |
    800 | 6.11067e+01 7.64250e-02 | 1.19633e-02 1.05784e-01 1.37384e-01 |
    801 | 6.11831e+01 7.64259e-02 | 1.19631e-02 1.05782e-01 1.37384e-01 |
    802 | 6.12595e+01 7.64271e-02 | 1.19628e-02 1.05781e-01 1.37384e-01 |
    803 | 6.13360e+01 7.64286e-02 | 1.19626e-02 1.05779e-01 1.37384e-01 |
    804 | 6.14124e+01 7.64305e-02 | 1.19623e-02 1.05777e-01 1.37384e-01 |
    805 | 6.14888e+01 7.64327e-02 | 1.19620e-02 1.05776e-01 1.37383e-01 |
    806 | 6.15652e+01 7.64353e-02 | 1.19618e-02 1.05774e-01 1.37383e-01 |
    807 | 6.16417e+01 7.64381e-02 | 1.19615e-02 1.05773e-01 1.37383e-01 |
    808 | 6.17181e+01 7.64355e-02 | 1.19613e-02 1.05771e-01 1.37383e-01 |
    809 | 6.17946e+01 7.64316e-02 | 1.19610e-02 1.05770e-01 1.37383e-01 |
    810 | 6.18710e+01 7.64280e-02 | 1.19607e-02 1.05768e-01 1.37382e-01 |
    811 | 6.19474e+01 7.64247e-02 | 1.19605e-02 1.05766e-01 1.37382e-01 |
    812 | 6.20238e+01 7.64218e-02 | 1.19602e-02 1.05765e-01 1.37382e-01 |
    813 | 6.21002e+01 7.64192e-02 | 1.19600e-02 1.05763e-01 1.37382e-01 |
    814 | 6.21767e+01 7.64169e-02 | 1.19597e-02 1.05762e-01 1.37381e-01 |
    815 | 6.22531e+01 7.64150e-02 | 1.19594e-02 1.05760e-01 1.37381e-01 |
    816 | 6.23295e+01 7.64134e-02 | 1.19592e-02 1.05759e-01 1.37381e-01 |
    817 | 6.24059e+01 7.64121e-02 | 1.19589e-02 1.05757e-01 1.37381e-01 |
    818 | 6.24823e+01 7.64112e-02 | 1.19587e-02 1.05755e-01 1.37380e-01 |
    819 | 6.25587e+01 7.64106e-02 | 1.19584e-02 1.05754e-01 1.37380e-01 |
    820 | 6.26351e+01 7.64103e-02 | 1.19582e-02 1.05752e-01 1.37380e-01 |
    821 | 6.27115e+01 7.64103e-02 | 1.19579e-02 1.05751e-01 1.37380e-01 |
    822 | 6.27880e+01 7.64107e-02 | 1.19577e-02 1.05749e-01 1.37380e-01 |
    823 | 6.28644e+01 7.64115e-02 | 1.19574e-02 1.05748e-01 1.37379e-01 |
    824 | 6.29408e+01 7.64125e-02 | 1.19571e-02 1.05746e-01 1.37379e-01 |
    825 | 6.30172e+01 7.64139e-02 | 1.19569e-02 1.05744e-01 1.37379e-01 |
    826 | 6.30936e+01 7.64156e-02 | 1.19566e-02 1.05743e-01 1.37379e-01 |
    827 | 6.31700e+01 7.64124e-02 | 1.19564e-02 1.05741e-01 1.37378e-01 |
    828 | 6.32464e+01 7.64086e-02 | 1.19561e-02 1.05740e-01 1.37378e-01 |
    829 | 6.33228e+01 7.64050e-02 | 1.19559e-02 1.05738e-01 1.37378e-01 |
    830 | 6.33992e+01 7.64018e-02 | 1.19556e-02 1.05737e-01 1.37378e-01 |
    831 | 6.34756e+01 7.63989e-02 | 1.19554e-02 1.05735e-01 1.37377e-01 |
    832 | 6.35520e+01 7.63964e-02 | 1.19551e-02 1.05733e-01 1.37377e-01 |
    833 | 6.36284e+01 7.63942e-02 | 1.19549e-02 1.05732e-01 1.37377e-01 |
    834 | 6.37048e+01 7.63923e-02 | 1.19546e-02 1.05730e-01 1.37377e-01 |
    835 | 6.37812e+01 7.63908e-02 | 1.19544e-02 1.05729e-01 1.37376e-01 |
    836 | 6.38576e+01 7.63895e-02 | 1.19541e-02 1.05727e-01 1.37376e-01 |
    837 | 6.39340e+01 7.63886e-02 | 1.19539e-02 1.05725e-01 1.37376e-01 |
    838 | 6.40104e+01 7.63881e-02 | 1.19536e-02 1.05724e-01 1.37376e-01 |
    839 | 6.40868e+01 7.63879e-02 | 1.19534e-02 1.05722e-01 1.37375e-01 |
    840 | 6.41632e+01 7.63880e-02 | 1.19531e-02 1.05721e-01 1.37375e-01 |
    841 | 6.42395e+01 7.63884e-02 | 1.19529e-02 1.05719e-01 1.37375e-01 |
    842 | 6.43159e+01 7.63892e-02 | 1.19526e-02 1.05717e-01 1.37375e-01 |
    843 | 6.43923e+01 7.63903e-02 | 1.19524e-02 1.05716e-01 1.37374e-01 |
    844 | 6.44687e+01 7.63918e-02 | 1.19521e-02 1.05714e-01 1.37374e-01 |
    845 | 6.45451e+01 7.63935e-02 | 1.19519e-02 1.05713e-01 1.37374e-01 |
    846 | 6.46215e+01 7.63956e-02 | 1.19516e-02 1.05711e-01 1.37374e-01 |
    847 | 6.46979e+01 7.63981e-02 | 1.19514e-02 1.05710e-01 1.37373e-01 |
    848 | 6.47743e+01 7.64008e-02 | 1.19511e-02 1.05708e-01 1.37373e-01 |
    849 | 6.48507e+01 7.64039e-02 | 1.19509e-02 1.05706e-01 1.37373e-01 |
    850 | 6.49271e+01 7.64073e-02 | 1.19507e-02 1.05705e-01 1.37372e-01 |
    851 | 6.50035e+01 7.64104e-02 | 1.19504e-02 1.05703e-01 1.37372e-01 |
    852 | 6.50799e+01 7.64070e-02 | 1.19502e-02 1.05702e-01 1.37372e-01 |
    853 | 6.51563e+01 7.64039e-02 | 1.19499e-02 1.05700e-01 1.37372e-01 |
    854 | 6.52327e+01 7.64012e-02 | 1.19497e-02 1.05698e-01 1.37371e-01 |
    855 | 6.53091e+01 7.63988e-02 | 1.19494e-02 1.05697e-01 1.37371e-01 |
    856 | 6.53855e+01 7.63967e-02 | 1.19492e-02 1.05695e-01 1.37371e-01 |
    857 | 6.54619e+01 7.63950e-02 | 1.19489e-02 1.05693e-01 1.37371e-01 |
    858 | 6.55383e+01 7.63936e-02 | 1.19487e-02 1.05692e-01 1.37370e-01 |
    859 | 6.56147e+01 7.63925e-02 | 1.19484e-02 1.05690e-01 1.37370e-01 |
    860 | 6.56911e+01 7.63918e-02 | 1.19482e-02 1.05689e-01 1.37370e-01 |
    861 | 6.57675e+01 7.63914e-02 | 1.19479e-02 1.05687e-01 1.37369e-01 |
    862 | 6.58439e+01 7.63913e-02 | 1.19477e-02 1.05685e-01 1.37369e-01 |
    863 | 6.59203e+01 7.63915e-02 | 1.19474e-02 1.05684e-01 1.37369e-01 |
    864 | 6.59967e+01 7.63921e-02 | 1.19472e-02 1.05682e-01 1.37369e-01 |
    865 | 6.60731e+01 7.63930e-02 | 1.19469e-02 1.05681e-01 1.37368e-01 |
    866 | 6.61495e+01 7.63942e-02 | 1.19467e-02 1.05679e-01 1.37368e-01 |
    867 | 6.62259e+01 7.63958e-02 | 1.19465e-02 1.05677e-01 1.37368e-01 |
    868 | 6.63023e+01 7.63977e-02 | 1.19462e-02 1.05676e-01 1.37367e-01 |
    869 | 6.63787e+01 7.63999e-02 | 1.19460e-02 1.05674e-01 1.37367e-01 |
    870 | 6.64551e+01 7.64025e-02 | 1.19457e-02 1.05673e-01 1.37367e-01 |
    871 | 6.65315e+01 7.64054e-02 | 1.19455e-02 1.05671e-01 1.37367e-01 |
    872 | 6.66079e+01 7.64086e-02 | 1.19452e-02 1.05669e-01 1.37366e-01 |
    873 | 6.66843e+01 7.64121e-02 | 1.19450e-02 1.05668e-01 1.37366e-01 |
    874 | 6.67607e+01 7.64160e-02 | 1.19447e-02 1.05666e-01 1.37366e-01 |
    875 | 6.68371e+01 7.64202e-02 | 1.19445e-02 1.05664e-01 1.37365e-01 |
    876 | 6.69135e+01 7.64247e-02 | 1.19442e-02 1.05663e-01 1.37365e-01 |
    877 | 6.69900e+01 7.64295e-02 | 1.19440e-02 1.05661e-01 1.37365e-01 |
    878 | 6.70664e+01 7.64347e-02 | 1.19437e-02 1.05660e-01 1.37364e-01 |
    879 | 6.71428e+01 7.64343e-02 | 1.19435e-02 1.05658e-01 1.37364e-01 |
    880 | 6.72193e+01 7.64339e-02 | 1.19432e-02 1.05656e-01 1.37364e-01 |
    881 | 6.72957e+01 7.64337e-02 | 1.19430e-02 1.05655e-01 1.37364e-01 |
    882 | 6.73721e+01 7.64339e-02 | 1.19428e-02 1.05653e-01 1.37363e-01 |
    883 | 6.74486e+01 7.64344e-02 | 1.19425e-02 1.05651e-01 1.37363e-01 |
    884 | 6.75250e+01 7.64353e-02 | 1.19423e-02 1.05650e-01 1.37363e-01 |
    885 | 6.76014e+01 7.64365e-02 | 1.19420e-02 1.05648e-01 1.37362e-01 |
    886 | 6.76779e+01 7.64380e-02 | 1.19418e-02 1.05647e-01 1.37362e-01 |
    887 | 6.77543e+01 7.64398e-02 | 1.19415e-02 1.05645e-01 1.37362e-01 |
    888 | 6.78308e+01 7.64419e-02 | 1.19413e-02 1.05643e-01 1.37361e-01 |
    889 | 6.79072e+01 7.64444e-02 | 1.19410e-02 1.05642e-01 1.37361e-01 |
    890 | 6.79837e+01 7.64467e-02 | 1.19408e-02 1.05640e-01 1.37361e-01 |
    891 | 6.80601e+01 7.64453e-02 | 1.19405e-02 1.05638e-01 1.37360e-01 |
    892 | 6.81365e+01 7.64442e-02 | 1.19403e-02 1.05637e-01 1.37360e-01 |
    893 | 6.82130e+01 7.64434e-02 | 1.19400e-02 1.05635e-01 1.37360e-01 |
    894 | 6.82894e+01 7.64430e-02 | 1.19398e-02 1.05634e-01 1.37359e-01 |
    895 | 6.83659e+01 7.64429e-02 | 1.19396e-02 1.05632e-01 1.37359e-01 |
    896 | 6.84423e+01 7.64431e-02 | 1.19393e-02 1.05630e-01 1.37359e-01 |
    897 | 6.85188e+01 7.64402e-02 | 1.19391e-02 1.05629e-01 1.37358e-01 |
    898 | 6.85952e+01 7.64349e-02 | 1.19388e-02 1.05627e-01 1.37358e-01 |
    899 | 6.86716e+01 7.64300e-02 | 1.19386e-02 1.05625e-01 1.37358e-01 |
    900 | 6.87481e+01 7.64254e-02 | 1.19383e-02 1.05624e-01 1.37357e-01 |
    901 | 6.88245e+01 7.64211e-02 | 1.19381e-02 1.05622e-01 1.37357e-01 |
    902 | 6.89009e+01 7.64171e-02 | 1.19378e-02 1.05620e-01 1.37357e-01 |
    903 | 6.89773e+01 7.64135e-02 | 1.19376e-02 1.05619e-01 1.37356e-01 |
    904 | 6.90537e+01 7.64101e-02 | 1.19373e-02 1.05617e-01 1.37356e-01 |
    905 | 6.91301e+01 7.64072e-02 | 1.19371e-02 1.05615e-01 1.37356e-01 |
    906 | 6.92065e+01 7.64045e-02 | 1.19369e-02 1.05614e-01 1.37355e-01 |
    907 | 6.92829e+01 7.64022e-02 | 1.19366e-02 1.05612e-01 1.37355e-01 |
    908 | 6.93593e+01 7.64002e-02 | 1.19364e-02 1.05611e-01 1.37355e-01 |
    909 | 6.94357e+01 7.63986e-02 | 1.19361e-02 1.05609e-01 1.37354e-01 |
    910 | 6.95121e+01 7.63973e-02 | 1.19359e-02 1.05607e-01 1.37354e-01 |
    911 | 6.95885e+01 7.63963e-02 | 1.19356e-02 1.05606e-01 1.37354e-01 |
    912 | 6.96649e+01 7.63956e-02 | 1.19354e-02 1.05604e-01 1.37353e-01 |
    913 | 6.97413e+01 7.63953e-02 | 1.19351e-02 1.05602e-01 1.37353e-01 |
    914 | 6.98177e+01 7.63953e-02 | 1.19349e-02 1.05601e-01 1.37353e-01 |
    915 | 6.98941e+01 7.63957e-02 | 1.19346e-02 1.05599e-01 1.37352e-01 |
    916 | 6.99705e+01 7.63964e-02 | 1.19344e-02 1.05597e-01 1.37352e-01 |
    917 | 7.00469e+01 7.63974e-02 | 1.19342e-02 1.05596e-01 1.37352e-01 |
    918 | 7.01233e+01 7.63987e-02 | 1.19339e-02 1.05594e-01 1.37351e-01 |
    919 | 7.01997e+01 7.64004e-02 | 1.19337e-02 1.05592e-01 1.37351e-01 |
    920 | 7.02761e+01 7.64024e-02 | 1.19334e-02 1.05591e-01 1.37351e-01 |
    921 | 7.03525e+01 7.64048e-02 | 1.19332e-02 1.05589e-01 1.37350e-01 |
    922 | 7.04289e+01 7.64074e-02 | 1.19329e-02 1.05587e-01 1.37350e-01 |
    923 | 7.05053e+01 7.64104e-02 | 1.19327e-02 1.05586e-01 1.37350e-01 |
    924 | 7.05817e+01 7.64138e-02 | 1.19324e-02 1.05584e-01 1.37349e-01 |
    925 | 7.06581e+01 7.64123e-02 | 1.19322e-02 1.05582e-01 1.37349e-01 |
    926 | 7.07346e+01 7.64088e-02 | 1.19320e-02 1.05581e-01 1.37348e-01 |
    927 | 7.08110e+01 7.64057e-02 | 1.19317e-02 1.05579e-01 1.37348e-01 |
    928 | 7.08874e+01 7.64029e-02 | 1.19315e-02 1.05577e-01 1.37348e-01 |
    929 | 7.09638e+01 7.64004e-02 | 1.19312e-02 1.05576e-01 1.37347e-01 |
    930 | 7.10402e+01 7.63982e-02 | 1.19310e-02 1.05574e-01 1.37347e-01 |
    931 | 7.11166e+01 7.63964e-02 | 1.19307e-02 1.05572e-01 1.37347e-01 |
    932 | 7.11930e+01 7.63949e-02 | 1.19305e-02 1.05571e-01 1.37346e-01 |
    933 | 7.12693e+01 7.63938e-02 | 1.19302e-02 1.05569e-01 1.37346e-01 |
    934 | 7.13457e+01 7.63929e-02 | 1.19300e-02 1.05567e-01 1.37346e-01 |
    935 | 7.14221e+01 7.63925e-02 | 1.19298e-02 1.05566e-01 1.37345e-01 |
    936 | 7.14985e+01 7.63923e-02 | 1.19295e-02 1.05564e-01 1.37345e-01 |
    937 | 7.15749e+01 7.63925e-02 | 1.19293e-02 1.05562e-01 1.37344e-01 |
    938 | 7.16513e+01 7.63930e-02 | 1.19290e-02 1.05561e-01 1.37344e-01 |
    939 | 7.17277e+01 7.63938e-02 | 1.19288e-02 1.05559e-01 1.37344e-01 |
    940 | 7.18041e+01 7.63950e-02 | 1.19285e-02 1.05557e-01 1.37343e-01 |
    941 | 7.18805e+01 7.63964e-02 | 1.19283e-02 1.05556e-01 1.37343e-01 |
    942 | 7.19569e+01 7.63983e-02 | 1.19280e-02 1.05554e-01 1.37342e-01 |
    943 | 7.20333e+01 7.64004e-02 | 1.19278e-02 1.05552e-01 1.37342e-01 |
    944 | 7.21097e+01 7.64029e-02 | 1.19276e-02 1.05551e-01 1.37342e-01 |
    945 | 7.21861e+01 7.64057e-02 | 1.19273e-02 1.05549e-01 1.37341e-01 |
    946 | 7.22625e+01 7.64089e-02 | 1.19271e-02 1.05547e-01 1.37341e-01 |
    947 | 7.23389e+01 7.64123e-02 | 1.19268e-02 1.05546e-01 1.37341e-01 |
    948 | 7.24153e+01 7.64161e-02 | 1.19266e-02 1.05544e-01 1.37340e-01 |
    949 | 7.24918e+01 7.64171e-02 | 1.19263e-02 1.05542e-01 1.37340e-01 |
    950 | 7.25682e+01 7.64153e-02 | 1.19261e-02 1.05541e-01 1.37339e-01 |
    951 | 7.26446e+01 7.64138e-02 | 1.19259e-02 1.05539e-01 1.37339e-01 |
    952 | 7.27210e+01 7.64127e-02 | 1.19256e-02 1.05537e-01 1.37339e-01 |
    953 | 7.27974e+01 7.64118e-02 | 1.19254e-02 1.05536e-01 1.37338e-01 |
    954 | 7.28738e+01 7.64113e-02 | 1.19251e-02 1.05534e-01 1.37338e-01 |
    955 | 7.29502e+01 7.64112e-02 | 1.19249e-02 1.05532e-01 1.37337e-01 |
    956 | 7.30266e+01 7.64113e-02 | 1.19246e-02 1.05530e-01 1.37337e-01 |
    957 | 7.31031e+01 7.64118e-02 | 1.19244e-02 1.05529e-01 1.37337e-01 |
    958 | 7.31795e+01 7.64126e-02 | 1.19241e-02 1.05527e-01 1.37336e-01 |
    959 | 7.32559e+01 7.64138e-02 | 1.19239e-02 1.05525e-01 1.37336e-01 |
    960 | 7.33323e+01 7.64153e-02 | 1.19237e-02 1.05524e-01 1.37335e-01 |
    961 | 7.34087e+01 7.64171e-02 | 1.19234e-02 1.05522e-01 1.37335e-01 |
    962 | 7.34851e+01 7.64192e-02 | 1.19232e-02 1.05520e-01 1.37335e-01 |
    963 | 7.35616e+01 7.64217e-02 | 1.19229e-02 1.05519e-01 1.37334e-01 |
    964 | 7.36380e+01 7.64244e-02 | 1.19227e-02 1.05517e-01 1.37334e-01 |
    965 | 7.37144e+01 7.64276e-02 | 1.19224e-02 1.05515e-01 1.37333e-01 |
    966 | 7.37908e+01 7.64310e-02 | 1.19222e-02 1.05514e-01 1.37333e-01 |
    967 | 7.38673e+01 7.64348e-02 | 1.19219e-02 1.05512e-01 1.37333e-01 |
    968 | 7.39437e+01 7.64389e-02 | 1.19217e-02 1.05510e-01 1.37332e-01 |
    969 | 7.40201e+01 7.64372e-02 | 1.19215e-02 1.05509e-01 1.37332e-01 |
    970 | 7.40966e+01 7.64345e-02 | 1.19212e-02 1.05507e-01 1.37331e-01 |
    971 | 7.41730e+01 7.64322e-02 | 1.19210e-02 1.05505e-01 1.37331e-01 |
    972 | 7.42494e+01 7.64302e-02 | 1.19207e-02 1.05503e-01 1.37330e-01 |
    973 | 7.43259e+01 7.64285e-02 | 1.19205e-02 1.05502e-01 1.37330e-01 |
    974 | 7.44023e+01 7.64271e-02 | 1.19202e-02 1.05500e-01 1.37330e-01 |
    975 | 7.44787e+01 7.64261e-02 | 1.19200e-02 1.05498e-01 1.37329e-01 |
    976 | 7.45552e+01 7.64254e-02 | 1.19198e-02 1.05497e-01 1.37329e-01 |
    977 | 7.46316e+01 7.64250e-02 | 1.19195e-02 1.05495e-01 1.37328e-01 |
    978 | 7.47080e+01 7.64249e-02 | 1.19193e-02 1.05493e-01 1.37328e-01 |
    979 | 7.47844e+01 7.64252e-02 | 1.19190e-02 1.05491e-01 1.37327e-01 |
    980 | 7.48609e+01 7.64241e-02 | 1.19188e-02 1.05490e-01 1.37327e-01 |
    981 | 7.49373e+01 7.64217e-02 | 1.19185e-02 1.05488e-01 1.37327e-01 |
    982 | 7.50137e+01 7.64196e-02 | 1.19183e-02 1.05486e-01 1.37326e-01 |
    983 | 7.50901e+01 7.64178e-02 | 1.19180e-02 1.05485e-01 1.37326e-01 |
    984 | 7.51665e+01 7.64163e-02 | 1.19178e-02 1.05483e-01 1.37325e-01 |
    985 | 7.52429e+01 7.64152e-02 | 1.19176e-02 1.05481e-01 1.37325e-01 |
    986 | 7.53194e+01 7.64145e-02 | 1.19173e-02 1.05480e-01 1.37324e-01 |
    987 | 7.53958e+01 7.64140e-02 | 1.19171e-02 1.05478e-01 1.37324e-01 |
    988 | 7.54722e+01 7.64139e-02 | 1.19168e-02 1.05476e-01 1.37323e-01 |
    989 | 7.55486e+01 7.64141e-02 | 1.19166e-02 1.05474e-01 1.37323e-01 |
    990 | 7.56250e+01 7.64147e-02 | 1.19163e-02 1.05473e-01 1.37323e-01 |
    991 | 7.57014e+01 7.64156e-02 | 1.19161e-02 1.05471e-01 1.37322e-01 |
    992 | 7.57778e+01 7.64168e-02 | 1.19159e-02 1.05469e-01 1.37322e-01 |
    993 | 7.58543e+01 7.64184e-02 | 1.19156e-02 1.05468e-01 1.37321e-01 |
    994 | 7.59307e+01 7.64202e-02 | 1.19154e-02 1.05466e-01 1.37321e-01 |
    995 | 7.60071e+01 7.64225e-02 | 1.19151e-02 1.05464e-01 1.37320e-01 |
    996 | 7.60835e+01 7.64250e-02 | 1.19149e-02 1.05462e-01 1.37320e-01 |
    997 | 7.61600e+01 7.64279e-02 | 1.19146e-02 1.05461e-01 1.37319e-01 |
    998 | 7.62364e+01 7.64295e-02 | 1.19144e-02 1.05459e-01 1.37319e-01 |
    999 | 7.63128e+01 7.64256e-02 | 1.19141e-02 1.05457e-01 1.37318e-01 |
   1000 | 7.63892e+01 7.64220e-02 | 1.19139e-02 1.05456e-01 1.37318e-01 |
   1001 | 7.64657e+01 7.64188e-02 | 1.19137e-02 1.05454e-01 1.37318e-01 |
   1002 | 7.65421e+01 7.64158e-02 | 1.19134e-02 1.05452e-01 1.37317e-01 |
   1003 | 7.66185e+01 7.64133e-02 | 1.19132e-02 1.05450e-01 1.37317e-01 |
   1004 | 7.66949e+01 7.64110e-02 | 1.19129e-02 1.05449e-01 1.37316e-01 |
   1005 | 7.67713e+01 7.64091e-02 | 1.19127e-02 1.05447e-01 1.37316e-01 |
   1006 | 7.68477e+01 7.64075e-02 | 1.19124e-02 1.05445e-01 1.37315e-01 |
   1007 | 7.69241e+01 7.64062e-02 | 1.19122e-02 1.05443e-01 1.37315e-01 |
   1008 | 7.70005e+01 7.64053e-02 | 1.19120e-02 1.05442e-01 1.37314e-01 |
   1009 | 7.70769e+01 7.64047e-02 | 1.19117e-02 1.05440e-01 1.37314e-01 |
   1010 | 7.71533e+01 7.64044e-02 | 1.19115e-02 1.05438e-01 1.37313e-01 |
   1011 | 7.72297e+01 7.64045e-02 | 1.19112e-02 1.05437e-01 1.37313e-01 |
   1012 | 7.73061e+01 7.64049e-02 | 1.19110e-02 1.05435e-01 1.37312e-01 |
   1013 | 7.73825e+01 7.64056e-02 | 1.19107e-02 1.05433e-01 1.37312e-01 |
   1014 | 7.74590e+01 7.64067e-02 | 1.19105e-02 1.05431e-01 1.37311e-01 |
   1015 | 7.75354e+01 7.64081e-02 | 1.19103e-02 1.05430e-01 1.37311e-01 |
   1016 | 7.76118e+01 7.64098e-02 | 1.19100e-02 1.05428e-01 1.37310e-01 |
   1017 | 7.76882e+01 7.64119e-02 | 1.19098e-02 1.05426e-01 1.37310e-01 |
   1018 | 7.77646e+01 7.64142e-02 | 1.19095e-02 1.05424e-01 1.37310e-01 |
   1019 | 7.78410e+01 7.64163e-02 | 1.19093e-02 1.05423e-01 1.37309e-01 |
   1020 | 7.79174e+01 7.64131e-02 | 1.19090e-02 1.05421e-01 1.37309e-01 |
   1021 | 7.79938e+01 7.64102e-02 | 1.19088e-02 1.05419e-01 1.37308e-01 |
   1022 | 7.80702e+01 7.64077e-02 | 1.19086e-02 1.05418e-01 1.37308e-01 |
   1023 | 7.81467e+01 7.64055e-02 | 1.19083e-02 1.05416e-01 1.37307e-01 |
   1024 | 7.82231e+01 7.64036e-02 | 1.19081e-02 1.05414e-01 1.37307e-01 |
   1025 | 7.82995e+01 7.64021e-02 | 1.19078e-02 1.05412e-01 1.37306e-01 |
   1026 | 7.83759e+01 7.64008e-02 | 1.19076e-02 1.05411e-01 1.37306e-01 |
   1027 | 7.84523e+01 7.64000e-02 | 1.19073e-02 1.05409e-01 1.37305e-01 |
   1028 | 7.85287e+01 7.63994e-02 | 1.19071e-02 1.05407e-01 1.37305e-01 |
   1029 | 7.86051e+01 7.63992e-02 | 1.19069e-02 1.05405e-01 1.37304e-01 |
   1030 | 7.86815e+01 7.63993e-02 | 1.19066e-02 1.05404e-01 1.37304e-01 |
   1031 | 7.87579e+01 7.63997e-02 | 1.19064e-02 1.05402e-01 1.37303e-01 |
   1032 | 7.88343e+01 7.64005e-02 | 1.19061e-02 1.05400e-01 1.37303e-01 |
   1033 | 7.89107e+01 7.64016e-02 | 1.19059e-02 1.05398e-01 1.37302e-01 |
   1034 | 7.89871e+01 7.64030e-02 | 1.19056e-02 1.05397e-01 1.37302e-01 |
   1035 | 7.90635e+01 7.64048e-02 | 1.19054e-02 1.05395e-01 1.37301e-01 |
   1036 | 7.91399e+01 7.64068e-02 | 1.19052e-02 1.05393e-01 1.37301e-01 |
   1037 | 7.92163e+01 7.64093e-02 | 1.19049e-02 1.05391e-01 1.37300e-01 |
   1038 | 7.92927e+01 7.64120e-02 | 1.19047e-02 1.05390e-01 1.37300e-01 |
   1039 | 7.93691e+01 7.64151e-02 | 1.19044e-02 1.05388e-01 1.37299e-01 |
   1040 | 7.94455e+01 7.64185e-02 | 1.19042e-02 1.05386e-01 1.37299e-01 |
   1041 | 7.95219e+01 7.64222e-02 | 1.19039e-02 1.05384e-01 1.37298e-01 |
   1042 | 7.95984e+01 7.64225e-02 | 1.19037e-02 1.05383e-01 1.37298e-01 |
   1043 | 7.96748e+01 7.64195e-02 | 1.19035e-02 1.05381e-01 1.37297e-01 |
   1044 | 7.97512e+01 7.64168e-02 | 1.19032e-02 1.05379e-01 1.37296e-01 |
   1045 | 7.98276e+01 7.64144e-02 | 1.19030e-02 1.05377e-01 1.37296e-01 |
   1046 | 7.99040e+01 7.64123e-02 | 1.19027e-02 1.05376e-01 1.37295e-01 |
   1047 | 7.99804e+01 7.64106e-02 | 1.19025e-02 1.05374e-01 1.37295e-01 |
   1048 | 8.00569e+01 7.64092e-02 | 1.19022e-02 1.05372e-01 1.37294e-01 |
   1049 | 8.01333e+01 7.64081e-02 | 1.19020e-02 1.05370e-01 1.37294e-01 |
   1050 | 8.02097e+01 7.64073e-02 | 1.19018e-02 1.05369e-01 1.37293e-01 |
   1051 | 8.02861e+01 7.64069e-02 | 1.19015e-02 1.05367e-01 1.37293e-01 |
   1052 | 8.03625e+01 7.64068e-02 | 1.19013e-02 1.05365e-01 1.37292e-01 |
   1053 | 8.04389e+01 7.64070e-02 | 1.19010e-02 1.05363e-01 1.37292e-01 |
   1054 | 8.05153e+01 7.64076e-02 | 1.19008e-02 1.05362e-01 1.37291e-01 |
   1055 | 8.05917e+01 7.64085e-02 | 1.19005e-02 1.05360e-01 1.37291e-01 |
   1056 | 8.06681e+01 7.64097e-02 | 1.19003e-02 1.05358e-01 1.37290e-01 |
   1057 | 8.07445e+01 7.64112e-02 | 1.19001e-02 1.05356e-01 1.37290e-01 |
   1058 | 8.08209e+01 7.64131e-02 | 1.18998e-02 1.05355e-01 1.37289e-01 |
   1059 | 8.08974e+01 7.64153e-02 | 1.18996e-02 1.05353e-01 1.37288e-01 |
   1060 | 8.09738e+01 7.64178e-02 | 1.18993e-02 1.05351e-01 1.37288e-01 |
   1061 | 8.10502e+01 7.64207e-02 | 1.18991e-02 1.05349e-01 1.37287e-01 |
   1062 | 8.11266e+01 7.64239e-02 | 1.18988e-02 1.05347e-01 1.37287e-01 |
   1063 | 8.12030e+01 7.64274e-02 | 1.18986e-02 1.05346e-01 1.37286e-01 |
   1064 | 8.12795e+01 7.64312e-02 | 1.18984e-02 1.05344e-01 1.37286e-01 |
   1065 | 8.13559e+01 7.64354e-02 | 1.18981e-02 1.05342e-01 1.37285e-01 |
   1066 | 8.14324e+01 7.64398e-02 | 1.18979e-02 1.05340e-01 1.37285e-01 |
   1067 | 8.15088e+01 7.64446e-02 | 1.18976e-02 1.05339e-01 1.37284e-01 |
   1068 | 8.15852e+01 7.64493e-02 | 1.18974e-02 1.05337e-01 1.37284e-01 |
   1069 | 8.16617e+01 7.64514e-02 | 1.18972e-02 1.05335e-01 1.37283e-01 |
   1070 | 8.17382e+01 7.64538e-02 | 1.18969e-02 1.05333e-01 1.37282e-01 |
   1071 | 8.18146e+01 7.64565e-02 | 1.18967e-02 1.05332e-01 1.37282e-01 |
   1072 | 8.18911e+01 7.64546e-02 | 1.18964e-02 1.05330e-01 1.37281e-01 |
   1073 | 8.19675e+01 7.64505e-02 | 1.18962e-02 1.05328e-01 1.37281e-01 |
   1074 | 8.20440e+01 7.64468e-02 | 1.18959e-02 1.05326e-01 1.37280e-01 |
   1075 | 8.21204e+01 7.64434e-02 | 1.18957e-02 1.05324e-01 1.37280e-01 |
   1076 | 8.21968e+01 7.64404e-02 | 1.18955e-02 1.05323e-01 1.37279e-01 |
   1077 | 8.22733e+01 7.64377e-02 | 1.18952e-02 1.05321e-01 1.37279e-01 |
   1078 | 8.23497e+01 7.64353e-02 | 1.18950e-02 1.05319e-01 1.37278e-01 |
   1079 | 8.24261e+01 7.64332e-02 | 1.18947e-02 1.05317e-01 1.37277e-01 |
   1080 | 8.25026e+01 7.64315e-02 | 1.18945e-02 1.05316e-01 1.37277e-01 |
   1081 | 8.25790e+01 7.64301e-02 | 1.18943e-02 1.05314e-01 1.37276e-01 |
   1082 | 8.26554e+01 7.64290e-02 | 1.18940e-02 1.05312e-01 1.37276e-01 |
   1083 | 8.27319e+01 7.64283e-02 | 1.18938e-02 1.05310e-01 1.37275e-01 |
   1084 | 8.28083e+01 7.64279e-02 | 1.18935e-02 1.05308e-01 1.37275e-01 |
   1085 | 8.28847e+01 7.64278e-02 | 1.18933e-02 1.05307e-01 1.37274e-01 |
   1086 | 8.29612e+01 7.64281e-02 | 1.18931e-02 1.05305e-01 1.37273e-01 |
   1087 | 8.30376e+01 7.64287e-02 | 1.18928e-02 1.05303e-01 1.37273e-01 |
   1088 | 8.31140e+01 7.64296e-02 | 1.18926e-02 1.05301e-01 1.37272e-01 |
   1089 | 8.31904e+01 7.64309e-02 | 1.18923e-02 1.05300e-01 1.37272e-01 |
   1090 | 8.32669e+01 7.64278e-02 | 1.18921e-02 1.05298e-01 1.37271e-01 |
   1091 | 8.33433e+01 7.64235e-02 | 1.18918e-02 1.05296e-01 1.37270e-01 |
   1092 | 8.34197e+01 7.64196e-02 | 1.18916e-02 1.05294e-01 1.37270e-01 |
   1093 | 8.34961e+01 7.64160e-02 | 1.18914e-02 1.05292e-01 1.37269e-01 |
   1094 | 8.35725e+01 7.64127e-02 | 1.18911e-02 1.05291e-01 1.37269e-01 |
   1095 | 8.36490e+01 7.64097e-02 | 1.18909e-02 1.05289e-01 1.37268e-01 |
   1096 | 8.37254e+01 7.64071e-02 | 1.18906e-02 1.05287e-01 1.37267e-01 |
   1097 | 8.38018e+01 7.64048e-02 | 1.18904e-02 1.05285e-01 1.37267e-01 |
   1098 | 8.38782e+01 7.64028e-02 | 1.18902e-02 1.05284e-01 1.37266e-01 |
   1099 | 8.39546e+01 7.64012e-02 | 1.18899e-02 1.05282e-01 1.37266e-01 |
   1100 | 8.40310e+01 7.63999e-02 | 1.18897e-02 1.05280e-01 1.37265e-01 |
   1101 | 8.41074e+01 7.63989e-02 | 1.18895e-02 1.05278e-01 1.37264e-01 |
   1102 | 8.41838e+01 7.63983e-02 | 1.18892e-02 1.05276e-01 1.37264e-01 |
   1103 | 8.42602e+01 7.63980e-02 | 1.18890e-02 1.05275e-01 1.37263e-01 |
   1104 | 8.43366e+01 7.63980e-02 | 1.18887e-02 1.05273e-01 1.37263e-01 |
   1105 | 8.44130e+01 7.63984e-02 | 1.18885e-02 1.05271e-01 1.37262e-01 |
   1106 | 8.44894e+01 7.63990e-02 | 1.18883e-02 1.05269e-01 1.37261e-01 |
   1107 | 8.45658e+01 7.64001e-02 | 1.18880e-02 1.05267e-01 1.37261e-01 |
   1108 | 8.46422e+01 7.64014e-02 | 1.18878e-02 1.05266e-01 1.37260e-01 |
   1109 | 8.47186e+01 7.64031e-02 | 1.18875e-02 1.05264e-01 1.37260e-01 |
   1110 | 8.47950e+01 7.64051e-02 | 1.18873e-02 1.05262e-01 1.37259e-01 |
   1111 | 8.48714e+01 7.64075e-02 | 1.18871e-02 1.05260e-01 1.37258e-01 |
   1112 | 8.49478e+01 7.64101e-02 | 1.18868e-02 1.05258e-01 1.37258e-01 |
   1113 | 8.50242e+01 7.64131e-02 | 1.18866e-02 1.05257e-01 1.37257e-01 |
   1114 | 8.51006e+01 7.64165e-02 | 1.18864e-02 1.05255e-01 1.37257e-01 |
   1115 | 8.51770e+01 7.64192e-02 | 1.18861e-02 1.05253e-01 1.37256e-01 |
   1116 | 8.52534e+01 7.64157e-02 | 1.18859e-02 1.05251e-01 1.37255e-01 |
   1117 | 8.53299e+01 7.64126e-02 | 1.18856e-02 1.05249e-01 1.37255e-01 |
   1118 | 8.54063e+01 7.64098e-02 | 1.18854e-02 1.05248e-01 1.37254e-01 |
   1119 | 8.54827e+01 7.64074e-02 | 1.18852e-02 1.05246e-01 1.37253e-01 |
   1120 | 8.55591e+01 7.64052e-02 | 1.18849e-02 1.05244e-01 1.37253e-01 |
   1121 | 8.56355e+01 7.64034e-02 | 1.18847e-02 1.05242e-01 1.37252e-01 |
   1122 | 8.57119e+01 7.64019e-02 | 1.18845e-02 1.05240e-01 1.37252e-01 |
   1123 | 8.57883e+01 7.64008e-02 | 1.18842e-02 1.05239e-01 1.37251e-01 |
   1124 | 8.58647e+01 7.64000e-02 | 1.18840e-02 1.05237e-01 1.37250e-01 |
   1125 | 8.59411e+01 7.63995e-02 | 1.18837e-02 1.05235e-01 1.37250e-01 |
   1126 | 8.60175e+01 7.63993e-02 | 1.18835e-02 1.05233e-01 1.37249e-01 |
   1127 | 8.60939e+01 7.63995e-02 | 1.18833e-02 1.05231e-01 1.37248e-01 |
   1128 | 8.61703e+01 7.64000e-02 | 1.18830e-02 1.05230e-01 1.37248e-01 |
   1129 | 8.62467e+01 7.64008e-02 | 1.18828e-02 1.05228e-01 1.37247e-01 |
   1130 | 8.63231e+01 7.64020e-02 | 1.18826e-02 1.05226e-01 1.37246e-01 |
   1131 | 8.63995e+01 7.64034e-02 | 1.18823e-02 1.05224e-01 1.37246e-01 |
   1132 | 8.64759e+01 7.64053e-02 | 1.18821e-02 1.05222e-01 1.37245e-01 |
   1133 | 8.65523e+01 7.64074e-02 | 1.18819e-02 1.05221e-01 1.37244e-01 |
   1134 | 8.66287e+01 7.64099e-02 | 1.18816e-02 1.05219e-01 1.37244e-01 |
   1135 | 8.67051e+01 7.64127e-02 | 1.18814e-02 1.05217e-01 1.37243e-01 |
   1136 | 8.67815e+01 7.64158e-02 | 1.18812e-02 1.05215e-01 1.37243e-01 |
   1137 | 8.68580e+01 7.64193e-02 | 1.18809e-02 1.05213e-01 1.37242e-01 |
   1138 | 8.69344e+01 7.64231e-02 | 1.18807e-02 1.05212e-01 1.37241e-01 |
   1139 | 8.70108e+01 7.64272e-02 | 1.18805e-02 1.05210e-01 1.37241e-01 |
   1140 | 8.70872e+01 7.64316e-02 | 1.18802e-02 1.05208e-01 1.37240e-01 |
   1141 | 8.71637e+01 7.64364e-02 | 1.18800e-02 1.05206e-01 1.37239e-01 |
   1142 | 8.72401e+01 7.64359e-02 | 1.18798e-02 1.05204e-01 1.37239e-01 |
   1143 | 8.73166e+01 7.64351e-02 | 1.18795e-02 1.05203e-01 1.37238e-01 |
   1144 | 8.73930e+01 7.64345e-02 | 1.18793e-02 1.05201e-01 1.37237e-01 |
   1145 | 8.74694e+01 7.64344e-02 | 1.18791e-02 1.05199e-01 1.37237e-01 |
   1146 | 8.75459e+01 7.64345e-02 | 1.18788e-02 1.05197e-01 1.37236e-01 |
   1147 | 8.76223e+01 7.64350e-02 | 1.18786e-02 1.05195e-01 1.37235e-01 |
   1148 | 8.76987e+01 7.64358e-02 | 1.18784e-02 1.05193e-01 1.37235e-01 |
   1149 | 8.77752e+01 7.64369e-02 | 1.18781e-02 1.05192e-01 1.37234e-01 |
   1150 | 8.78516e+01 7.64384e-02 | 1.18779e-02 1.05190e-01 1.37233e-01 |
   1151 | 8.79280e+01 7.64402e-02 | 1.18777e-02 1.05188e-01 1.37233e-01 |
   1152 | 8.80045e+01 7.64423e-02 | 1.18774e-02 1.05186e-01 1.37232e-01 |
   1153 | 8.80809e+01 7.64447e-02 | 1.18772e-02 1.05184e-01 1.37231e-01 |
   1154 | 8.81574e+01 7.64475e-02 | 1.18770e-02 1.05183e-01 1.37231e-01 |
   1155 | 8.82338e+01 7.64506e-02 | 1.18767e-02 1.05181e-01 1.37230e-01 |
   1156 | 8.83103e+01 7.64540e-02 | 1.18765e-02 1.05179e-01 1.37229e-01 |
   1157 | 8.83867e+01 7.64577e-02 | 1.18763e-02 1.05177e-01 1.37228e-01 |
   1158 | 8.84632e+01 7.64618e-02 | 1.18760e-02 1.05175e-01 1.37228e-01 |
   1159 | 8.85397e+01 7.64627e-02 | 1.18758e-02 1.05173e-01 1.37227e-01 |
   1160 | 8.86161e+01 7.64599e-02 | 1.18756e-02 1.05172e-01 1.37226e-01 |
   1161 | 8.86926e+01 7.64542e-02 | 1.18753e-02 1.05170e-01 1.37226e-01 |
   1162 | 8.87690e+01 7.64489e-02 | 1.18751e-02 1.05168e-01 1.37225e-01 |
   1163 | 8.88455e+01 7.64438e-02 | 1.18749e-02 1.05166e-01 1.37224e-01 |
   1164 | 8.89219e+01 7.64391e-02 | 1.18746e-02 1.05164e-01 1.37224e-01 |
   1165 | 8.89983e+01 7.64347e-02 | 1.18744e-02 1.05163e-01 1.37223e-01 |
   1166 | 8.90748e+01 7.64307e-02 | 1.18741e-02 1.05161e-01 1.37222e-01 |
   1167 | 8.91512e+01 7.64269e-02 | 1.18739e-02 1.05159e-01 1.37222e-01 |
   1168 | 8.92276e+01 7.64235e-02 | 1.18737e-02 1.05157e-01 1.37221e-01 |
   1169 | 8.93040e+01 7.64205e-02 | 1.18734e-02 1.05155e-01 1.37220e-01 |
   1170 | 8.93805e+01 7.64177e-02 | 1.18732e-02 1.05153e-01 1.37219e-01 |
   1171 | 8.94569e+01 7.64153e-02 | 1.18730e-02 1.05152e-01 1.37219e-01 |
   1172 | 8.95333e+01 7.64132e-02 | 1.18727e-02 1.05150e-01 1.37218e-01 |
   1173 | 8.96097e+01 7.64115e-02 | 1.18725e-02 1.05148e-01 1.37217e-01 |
   1174 | 8.96861e+01 7.64101e-02 | 1.18723e-02 1.05146e-01 1.37217e-01 |
   1175 | 8.97625e+01 7.64090e-02 | 1.18720e-02 1.05144e-01 1.37216e-01 |
   1176 | 8.98389e+01 7.64082e-02 | 1.18718e-02 1.05142e-01 1.37215e-01 |
   1177 | 8.99153e+01 7.64078e-02 | 1.18716e-02 1.05141e-01 1.37214e-01 |
   1178 | 8.99917e+01 7.64077e-02 | 1.18713e-02 1.05139e-01 1.37214e-01 |
   1179 | 9.00682e+01 7.64080e-02 | 1.18711e-02 1.05137e-01 1.37213e-01 |
   1180 | 9.01446e+01 7.64086e-02 | 1.18709e-02 1.05135e-01 1.37212e-01 |
   1181 | 9.02210e+01 7.64095e-02 | 1.18706e-02 1.05133e-01 1.37212e-01 |
   1182 | 9.02974e+01 7.64107e-02 | 1.18704e-02 1.05131e-01 1.37211e-01 |
   1183 | 9.03738e+01 7.64123e-02 | 1.18702e-02 1.05130e-01 1.37210e-01 |
   1184 | 9.04502e+01 7.64142e-02 | 1.18699e-02 1.05128e-01 1.37209e-01 |
   1185 | 9.05266e+01 7.64165e-02 | 1.18697e-02 1.05126e-01 1.37209e-01 |
   1186 | 9.06030e+01 7.64190e-02 | 1.18694e-02 1.05124e-01 1.37208e-01 |
   1187 | 9.06795e+01 7.64219e-02 | 1.18692e-02 1.05122e-01 1.37207e-01 |
   1188 | 9.07559e+01 7.64252e-02 | 1.18690e-02 1.05120e-01 1.37207e-01 |
   1189 | 9.08323e+01 7.64236e-02 | 1.18687e-02 1.05119e-01 1.37206e-01 |
   1190 | 9.09087e+01 7.64201e-02 | 1.18685e-02 1.05117e-01 1.37205e-01 |
   1191 | 9.09852e+01 7.64169e-02 | 1.18683e-02 1.05115e-01 1.37204e-01 |
   1192 | 9.10616e+01 7.64140e-02 | 1.18680e-02 1.05113e-01 1.37204e-01 |
   1193 | 9.11380e+01 7.64114e-02 | 1.18678e-02 1.05111e-01 1.37203e-01 |
   1194 | 9.12144e+01 7.64092e-02 | 1.18675e-02 1.05109e-01 1.37202e-01 |
   1195 | 9.12908e+01 7.64073e-02 | 1.18673e-02 1.05108e-01 1.37201e-01 |
   1196 | 9.13672e+01 7.64057e-02 | 1.18671e-02 1.05106e-01 1.37201e-01 |
   1197 | 9.14436e+01 7.64045e-02 | 1.18668e-02 1.05104e-01 1.37200e-01 |
   1198 | 9.15200e+01 7.64035e-02 | 1.18666e-02 1.05102e-01 1.37199e-01 |
   1199 | 9.15964e+01 7.64030e-02 | 1.18663e-02 1.05100e-01 1.37198e-01 |
   1200 | 9.16728e+01 7.64027e-02 | 1.18661e-02 1.05098e-01 1.37198e-01 |
   1201 | 9.17492e+01 7.64028e-02 | 1.18658e-02 1.05097e-01 1.37197e-01 |
   1202 | 9.18256e+01 7.64032e-02 | 1.18656e-02 1.05095e-01 1.37196e-01 |
   1203 | 9.19020e+01 7.64040e-02 | 1.18654e-02 1.05093e-01 1.37195e-01 |
   1204 | 9.19784e+01 7.64050e-02 | 1.18651e-02 1.05091e-01 1.37195e-01 |
   1205 | 9.20548e+01 7.64064e-02 | 1.18649e-02 1.05089e-01 1.37194e-01 |
   1206 | 9.21312e+01 7.64082e-02 | 1.18646e-02 1.05087e-01 1.37193e-01 |
   1207 | 9.22077e+01 7.64102e-02 | 1.18644e-02 1.05086e-01 1.37192e-01 |
   1208 | 9.22841e+01 7.64126e-02 | 1.18641e-02 1.05084e-01 1.37192e-01 |
   1209 | 9.23605e+01 7.64153e-02 | 1.18639e-02 1.05082e-01 1.37191e-01 |
   1210 | 9.24369e+01 7.64184e-02 | 1.18636e-02 1.05080e-01 1.37190e-01 |
   1211 | 9.25133e+01 7.64218e-02 | 1.18634e-02 1.05078e-01 1.37189e-01 |
   1212 | 9.25897e+01 7.64228e-02 | 1.18632e-02 1.05076e-01 1.37189e-01 |
   1213 | 9.26662e+01 7.64206e-02 | 1.18629e-02 1.05074e-01 1.37188e-01 |
   1214 | 9.27426e+01 7.64187e-02 | 1.18627e-02 1.05073e-01 1.37187e-01 |
   1215 | 9.28190e+01 7.64172e-02 | 1.18624e-02 1.05071e-01 1.37186e-01 |
   1216 | 9.28954e+01 7.64160e-02 | 1.18622e-02 1.05069e-01 1.37185e-01 |
   1217 | 9.29718e+01 7.64151e-02 | 1.18619e-02 1.05067e-01 1.37185e-01 |
   1218 | 9.30482e+01 7.64145e-02 | 1.18617e-02 1.05065e-01 1.37184e-01 |
   1219 | 9.31247e+01 7.64143e-02 | 1.18614e-02 1.05063e-01 1.37183e-01 |
   1220 | 9.32011e+01 7.64144e-02 | 1.18612e-02 1.05061e-01 1.37182e-01 |
   1221 | 9.32775e+01 7.64148e-02 | 1.18609e-02 1.05060e-01 1.37182e-01 |
   1222 | 9.33539e+01 7.64156e-02 | 1.18607e-02 1.05058e-01 1.37181e-01 |
   1223 | 9.34303e+01 7.64167e-02 | 1.18604e-02 1.05056e-01 1.37180e-01 |
   1224 | 9.35067e+01 7.64181e-02 | 1.18602e-02 1.05054e-01 1.37179e-01 |
   1225 | 9.35832e+01 7.64199e-02 | 1.18599e-02 1.05052e-01 1.37178e-01 |
   1226 | 9.36596e+01 7.64219e-02 | 1.18596e-02 1.05050e-01 1.37178e-01 |
   1227 | 9.37360e+01 7.64244e-02 | 1.18594e-02 1.05048e-01 1.37177e-01 |
   1228 | 9.38124e+01 7.64271e-02 | 1.18591e-02 1.05047e-01 1.37176e-01 |
   1229 | 9.38889e+01 7.64302e-02 | 1.18589e-02 1.05045e-01 1.37175e-01 |
   1230 | 9.39653e+01 7.64335e-02 | 1.18586e-02 1.05043e-01 1.37175e-01 |
   1231 | 9.40417e+01 7.64373e-02 | 1.18584e-02 1.05041e-01 1.37174e-01 |
   1232 | 9.41182e+01 7.64413e-02 | 1.18581e-02 1.05039e-01 1.37173e-01 |
   1233 | 9.41946e+01 7.64387e-02 | 1.18579e-02 1.05037e-01 1.37172e-01 |
   1234 | 9.42711e+01 7.64360e-02 | 1.18576e-02 1.05035e-01 1.37171e-01 |
   1235 | 9.43475e+01 7.64336e-02 | 1.18574e-02 1.05034e-01 1.37171e-01 |
   1236 | 9.44239e+01 7.64316e-02 | 1.18571e-02 1.05032e-01 1.37170e-01 |
   1237 | 9.45003e+01 7.64298e-02 | 1.18568e-02 1.05030e-01 1.37169e-01 |
   1238 | 9.45768e+01 7.64284e-02 | 1.18566e-02 1.05028e-01 1.37168e-01 |
   1239 | 9.46532e+01 7.64274e-02 | 1.18563e-02 1.05026e-01 1.37167e-01 |
   1240 | 9.47296e+01 7.64266e-02 | 1.18561e-02 1.05024e-01 1.37167e-01 |
   1241 | 9.48061e+01 7.64262e-02 | 1.18558e-02 1.05022e-01 1.37166e-01 |
   1242 | 9.48825e+01 7.64261e-02 | 1.18556e-02 1.05021e-01 1.37165e-01 |
   1243 | 9.49589e+01 7.64263e-02 | 1.18553e-02 1.05019e-01 1.37164e-01 |
   1244 | 9.50353e+01 7.64268e-02 | 1.18550e-02 1.05017e-01 1.37163e-01 |
   1245 | 9.51118e+01 7.64277e-02 | 1.18548e-02 1.05015e-01 1.37162e-01 |
   1246 | 9.51882e+01 7.64289e-02 | 1.18545e-02 1.05013e-01 1.37162e-01 |
   1247 | 9.52646e+01 7.64305e-02 | 1.18543e-02 1.05011e-01 1.37161e-01 |
   1248 | 9.53411e+01 7.64316e-02 | 1.18540e-02 1.05009e-01 1.37160e-01 |
   1249 | 9.54175e+01 7.64303e-02 | 1.18538e-02 1.05007e-01 1.37159e-01 |
   1250 | 9.54939e+01 7.64295e-02 | 1.18535e-02 1.05006e-01 1.37158e-01 |
   1251 | 9.55703e+01 7.64289e-02 | 1.18532e-02 1.05004e-01 1.37158e-01 |
   1252 | 9.56468e+01 7.64287e-02 | 1.18530e-02 1.05002e-01 1.37157e-01 |
   1253 | 9.57232e+01 7.64288e-02 | 1.18527e-02 1.05000e-01 1.37156e-01 |
   1254 | 9.57996e+01 7.64292e-02 | 1.18525e-02 1.04998e-01 1.37155e-01 |
   1255 | 9.58761e+01 7.64300e-02 | 1.18522e-02 1.04996e-01 1.37154e-01 |
   1256 | 9.59525e+01 7.64311e-02 | 1.18520e-02 1.04994e-01 1.37153e-01 |
   1257 | 9.60289e+01 7.64326e-02 | 1.18517e-02 1.04992e-01 1.37153e-01 |
   1258 | 9.61054e+01 7.64344e-02 | 1.18514e-02 1.04991e-01 1.37152e-01 |
   1259 | 9.61818e+01 7.64365e-02 | 1.18512e-02 1.04989e-01 1.37151e-01 |
   1260 | 9.62582e+01 7.64389e-02 | 1.18509e-02 1.04987e-01 1.37150e-01 |
   1261 | 9.63347e+01 7.64417e-02 | 1.18507e-02 1.04985e-01 1.37149e-01 |
   1262 | 9.64111e+01 7.64434e-02 | 1.18504e-02 1.04983e-01 1.37148e-01 |
   1263 | 9.64876e+01 7.64395e-02 | 1.18502e-02 1.04981e-01 1.37148e-01 |
   1264 | 9.65640e+01 7.64358e-02 | 1.18499e-02 1.04979e-01 1.37147e-01 |
   1265 | 9.66404e+01 7.64325e-02 | 1.18496e-02 1.04977e-01 1.37146e-01 |
   1266 | 9.67169e+01 7.64294e-02 | 1.18494e-02 1.04976e-01 1.37145e-01 |
   1267 | 9.67933e+01 7.64268e-02 | 1.18491e-02 1.04974e-01 1.37144e-01 |
   1268 | 9.68697e+01 7.64244e-02 | 1.18489e-02 1.04972e-01 1.37143e-01 |
   1269 | 9.69461e+01 7.64224e-02 | 1.18486e-02 1.04970e-01 1.37143e-01 |
   1270 | 9.70225e+01 7.64207e-02 | 1.18484e-02 1.04968e-01 1.37142e-01 |
   1271 | 9.70990e+01 7.64194e-02 | 1.18481e-02 1.04966e-01 1.37141e-01 |
   1272 | 9.71754e+01 7.64183e-02 | 1.18479e-02 1.04964e-01 1.37140e-01 |
   1273 | 9.72518e+01 7.64176e-02 | 1.18476e-02 1.04962e-01 1.37139e-01 |
   1274 | 9.73282e+01 7.64173e-02 | 1.18474e-02 1.04960e-01 1.37138e-01 |
   1275 | 9.74046e+01 7.64172e-02 | 1.18471e-02 1.04959e-01 1.37137e-01 |
   1276 | 9.74811e+01 7.64175e-02 | 1.18469e-02 1.04957e-01 1.37137e-01 |
   1277 | 9.75575e+01 7.64182e-02 | 1.18466e-02 1.04955e-01 1.37136e-01 |
   1278 | 9.76339e+01 7.64191e-02 | 1.18464e-02 1.04953e-01 1.37135e-01 |
   1279 | 9.77103e+01 7.64204e-02 | 1.18461e-02 1.04951e-01 1.37134e-01 |
   1280 | 9.77867e+01 7.64220e-02 | 1.18459e-02 1.04949e-01 1.37133e-01 |
   1281 | 9.78632e+01 7.64240e-02 | 1.18456e-02 1.04947e-01 1.37132e-01 |
   1282 | 9.79396e+01 7.64261e-02 | 1.18454e-02 1.04945e-01 1.37131e-01 |
   1283 | 9.80160e+01 7.64225e-02 | 1.18451e-02 1.04943e-01 1.37131e-01 |
   1284 | 9.80924e+01 7.64193e-02 | 1.18449e-02 1.04942e-01 1.37130e-01 |
   1285 | 9.81688e+01 7.64163e-02 | 1.18446e-02 1.04940e-01 1.37129e-01 |
   1286 | 9.82453e+01 7.64137e-02 | 1.18444e-02 1.04938e-01 1.37128e-01 |
   1287 | 9.83217e+01 7.64115e-02 | 1.18441e-02 1.04936e-01 1.37127e-01 |
   1288 | 9.83981e+01 7.64095e-02 | 1.18439e-02 1.04934e-01 1.37126e-01 |
   1289 | 9.84745e+01 7.64079e-02 | 1.18437e-02 1.04932e-01 1.37125e-01 |
   1290 | 9.85509e+01 7.64066e-02 | 1.18434e-02 1.04930e-01 1.37124e-01 |
   1291 | 9.86273e+01 7.64057e-02 | 1.18432e-02 1.04928e-01 1.37124e-01 |
   1292 | 9.87037e+01 7.64051e-02 | 1.18429e-02 1.04926e-01 1.37123e-01 |
   1293 | 9.87801e+01 7.64048e-02 | 1.18427e-02 1.04924e-01 1.37122e-01 |
   1294 | 9.88565e+01 7.64048e-02 | 1.18425e-02 1.04923e-01 1.37121e-01 |
   1295 | 9.89329e+01 7.64052e-02 | 1.18422e-02 1.04921e-01 1.37120e-01 |
   1296 | 9.90093e+01 7.64059e-02 | 1.18420e-02 1.04919e-01 1.37119e-01 |
   1297 | 9.90857e+01 7.64069e-02 | 1.18417e-02 1.04917e-01 1.37118e-01 |
   1298 | 9.91621e+01 7.64083e-02 | 1.18415e-02 1.04915e-01 1.37117e-01 |
   1299 | 9.92386e+01 7.64099e-02 | 1.18413e-02 1.04913e-01 1.37117e-01 |
   1300 | 9.93150e+01 7.64120e-02 | 1.18410e-02 1.04911e-01 1.37116e-01 |
   1301 | 9.93914e+01 7.64143e-02 | 1.18408e-02 1.04909e-01 1.37115e-01 |
   1302 | 9.94678e+01 7.64170e-02 | 1.18406e-02 1.04907e-01 1.37114e-01 |
   1303 | 9.95442e+01 7.64200e-02 | 1.18403e-02 1.04905e-01 1.37113e-01 |
   1304 | 9.96206e+01 7.64233e-02 | 1.18401e-02 1.04904e-01 1.37112e-01 |
   1305 | 9.96971e+01 7.64270e-02 | 1.18399e-02 1.04902e-01 1.37111e-01 |
   1306 | 9.97735e+01 7.64267e-02 | 1.18396e-02 1.04900e-01 1.37110e-01 |
   1307 | 9.98499e+01 7.64236e-02 | 1.18394e-02 1.04898e-01 1.37109e-01 |
   1308 | 9.99263e+01 7.64208e-02 | 1.18392e-02 1.04896e-01 1.37108e-01 |
   1309 | 1.00000e+02 7.36651e-02 | 1.18389e-02 1.04894e-01 1.37107e-01 |
        | ----------- ----------- | ----------- ----------- ----------- |
        | ----------- ----------- | 2.64657e-04 3.31612e-04 6.74529e-04 | => l1-error norm
        | ----------- 8.83884e-01 | 6.90911e-03 3.97872e-02 2.52242e-02 | => l2-error norm
[DELETEMATRIX] !
[DELETEMATRIX] !
[DELETEMATRIX] !
[DELETEMATRIX] !
[DELETEMATRIX] !
[DELETEMATRIX] !
[DELETEMATRIX] !
[DELETEMATRIX] !
[DELETEMATRIX] !
[DELETEMATRIX] !
[DELETEMATRIX] !
[DELETEMATRIX] !
[DELETEMATRIX] !
[DELETEMATRIX] !
[DELETEMATRIX] !
[DELETEMATRIX] !
[DELETEMATRIX] !
[DELETEMATRIX] !
[DELETEMATRIX] !
[DELETEMATRIX] !
[DELETEMATRIX] !
[DELETEMATRIX] !
[DELETEMATRIX] !
[DELETEMATRIX] !
[DELETEMATRIX] !
[DELETEMATRIX] !
[DELETEMATRIX] !
[DELETEMATRIX] !
[DELETEMATRIX] !
[DELETEMATRIX] !
[DELETEMATRIX] !
[DELETEMATRIX] !
srun: Received task exit notification for 32 tasks of StepId=347291.0 (status=0x0000).
srun: hpc-fat02: tasks 0-31: Completed
