srun: defined options
srun: -------------------- --------------------
srun: (null)              : hpc-fat05
srun: cpu-bind            : cores,verbose
srun: cpus-per-task       : 1
srun: distribution        : cyclic:cyclic
srun: exact               : set
srun: jobid               : 347293
srun: job-name            : Vortex
srun: mem-per-cpu         : 4G
srun: mpi                 : pmix_v5
srun: nodes               : 1
srun: ntasks              : 64
srun: oom-kill-step       : 0
srun: tres-per-task       : cpu=1
srun: verbose             : 1
srun: -------------------- --------------------
srun: end of defined options
srun: jobid 347293: nodes(1):`hpc-fat05', cpu counts: 64(x1)
srun: CpuBindType=verbose,cores
srun: launching StepId=347293.0 on host hpc-fat05, 64 tasks: [0-63]
cpu-bind=MASK - hpc-fat05, task  0  0 [2335591]: mask 0x100000000 set
cpu-bind=MASK - hpc-fat05, task  1  1 [2335592]: mask 0x1000000000000 set
cpu-bind=MASK - hpc-fat05, task  2  2 [2335593]: mask 0x1000000000000000000000000 set
cpu-bind=MASK - hpc-fat05, task  3  3 [2335594]: mask 0x10000000000000000000000000000 set
cpu-bind=MASK - hpc-fat05, task  4  4 [2335595]: mask 0x200000000 set
cpu-bind=MASK - hpc-fat05, task  5  5 [2335596]: mask 0x2000000000000 set
cpu-bind=MASK - hpc-fat05, task  6  6 [2335597]: mask 0x2000000000000000000000000 set
cpu-bind=MASK - hpc-fat05, task  7  7 [2335598]: mask 0x20000000000000000000000000000 set
cpu-bind=MASK - hpc-fat05, task  8  8 [2335599]: mask 0x400000000 set
cpu-bind=MASK - hpc-fat05, task  9  9 [2335600]: mask 0x4000000000000 set
cpu-bind=MASK - hpc-fat05, task 10 10 [2335601]: mask 0x4000000000000000000000000 set
cpu-bind=MASK - hpc-fat05, task 11 11 [2335602]: mask 0x40000000000000000000000000000 set
cpu-bind=MASK - hpc-fat05, task 12 12 [2335603]: mask 0x800000000 set
cpu-bind=MASK - hpc-fat05, task 13 13 [2335604]: mask 0x8000000000000 set
cpu-bind=MASK - hpc-fat05, task 14 14 [2335605]: mask 0x8000000000000000000000000 set
cpu-bind=MASK - hpc-fat05, task 15 15 [2335606]: mask 0x80000000000000000000000000000 set
cpu-bind=MASK - hpc-fat05, task 16 16 [2335607]: mask 0x1000000000 set
cpu-bind=MASK - hpc-fat05, task 17 17 [2335608]: mask 0x10000000000000 set
cpu-bind=MASK - hpc-fat05, task 18 18 [2335609]: mask 0x10000000000000000000000000 set
cpu-bind=MASK - hpc-fat05, task 19 19 [2335610]: mask 0x100000000000000000000000000000 set
cpu-bind=MASK - hpc-fat05, task 20 20 [2335611]: mask 0x2000000000 set
cpu-bind=MASK - hpc-fat05, task 21 21 [2335612]: mask 0x20000000000000 set
cpu-bind=MASK - hpc-fat05, task 22 22 [2335613]: mask 0x20000000000000000000000000 set
cpu-bind=MASK - hpc-fat05, task 23 23 [2335614]: mask 0x200000000000000000000000000000 set
cpu-bind=MASK - hpc-fat05, task 24 24 [2335615]: mask 0x4000000000 set
cpu-bind=MASK - hpc-fat05, task 25 25 [2335616]: mask 0x40000000000000 set
cpu-bind=MASK - hpc-fat05, task 26 26 [2335617]: mask 0x40000000000000000000000000 set
cpu-bind=MASK - hpc-fat05, task 27 27 [2335618]: mask 0x400000000000000000000000000000 set
cpu-bind=MASK - hpc-fat05, task 28 28 [2335619]: mask 0x8000000000 set
cpu-bind=MASK - hpc-fat05, task 29 29 [2335620]: mask 0x80000000000000 set
cpu-bind=MASK - hpc-fat05, task 30 30 [2335621]: mask 0x80000000000000000000000000 set
cpu-bind=MASK - hpc-fat05, task 31 31 [2335622]: mask 0x800000000000000000000000000000 set
cpu-bind=MASK - hpc-fat05, task 32 32 [2335623]: mask 0x10000000000 set
cpu-bind=MASK - hpc-fat05, task 33 33 [2335624]: mask 0x100000000000000 set
cpu-bind=MASK - hpc-fat05, task 34 34 [2335625]: mask 0x100000000000000000000000000 set
cpu-bind=MASK - hpc-fat05, task 35 35 [2335626]: mask 0x1000000000000000000000000000000 set
cpu-bind=MASK - hpc-fat05, task 36 36 [2335627]: mask 0x20000000000 set
cpu-bind=MASK - hpc-fat05, task 37 37 [2335628]: mask 0x200000000000000 set
cpu-bind=MASK - hpc-fat05, task 38 38 [2335629]: mask 0x200000000000000000000000000 set
cpu-bind=MASK - hpc-fat05, task 39 39 [2335630]: mask 0x2000000000000000000000000000000 set
cpu-bind=MASK - hpc-fat05, task 40 40 [2335631]: mask 0x40000000000 set
cpu-bind=MASK - hpc-fat05, task 41 41 [2335632]: mask 0x400000000000000 set
cpu-bind=MASK - hpc-fat05, task 42 42 [2335633]: mask 0x400000000000000000000000000 set
cpu-bind=MASK - hpc-fat05, task 43 43 [2335634]: mask 0x4000000000000000000000000000000 set
cpu-bind=MASK - hpc-fat05, task 44 44 [2335635]: mask 0x80000000000 set
cpu-bind=MASK - hpc-fat05, task 45 45 [2335636]: mask 0x800000000000000 set
cpu-bind=MASK - hpc-fat05, task 46 46 [2335637]: mask 0x800000000000000000000000000 set
cpu-bind=MASK - hpc-fat05, task 47 47 [2335638]: mask 0x8000000000000000000000000000000 set
cpu-bind=MASK - hpc-fat05, task 48 48 [2335639]: mask 0x100000000000 set
cpu-bind=MASK - hpc-fat05, task 49 49 [2335640]: mask 0x1000000000000000 set
cpu-bind=MASK - hpc-fat05, task 50 50 [2335641]: mask 0x1000000000000000000000000000 set
cpu-bind=MASK - hpc-fat05, task 51 51 [2335642]: mask 0x10000000000000000000000000000000 set
cpu-bind=MASK - hpc-fat05, task 52 52 [2335643]: mask 0x200000000000 set
cpu-bind=MASK - hpc-fat05, task 53 53 [2335644]: mask 0x2000000000000000 set
cpu-bind=MASK - hpc-fat05, task 54 54 [2335645]: mask 0x2000000000000000000000000000 set
cpu-bind=MASK - hpc-fat05, task 55 55 [2335646]: mask 0x20000000000000000000000000000000 set
cpu-bind=MASK - hpc-fat05, task 56 56 [2335647]: mask 0x400000000000 set
cpu-bind=MASK - hpc-fat05, task 57 57 [2335648]: mask 0x4000000000000000 set
cpu-bind=MASK - hpc-fat05, task 58 58 [2335649]: mask 0x4000000000000000000000000000 set
cpu-bind=MASK - hpc-fat05, task 59 59 [2335650]: mask 0x40000000000000000000000000000000 set
cpu-bind=MASK - hpc-fat05, task 60 60 [2335651]: mask 0x800000000000 set
cpu-bind=MASK - hpc-fat05, task 61 61 [2335652]: mask 0x8000000000000000 set
cpu-bind=MASK - hpc-fat05, task 62 62 [2335653]: mask 0x8000000000000000000000000000 set
cpu-bind=MASK - hpc-fat05, task 63 63 [2335654]: mask 0x80000000000000000000000000000000 set
srun: Node hpc-fat05, 64 tasks started
Data {
  aerosol.linearsolver : PETSc
  discretisation.femtype : Lagrange
  discretisation.numericalflux : WbswLaxFriedrichs
  io.mesh_file : /gpfs/scratch/fortetenreiro/run/Vortex/msh/Vortex_5.msh
  io.mesh_format : ParaGMSH
  io.output_format : HDF5
  io.output_path : /gpfs/scratch/fortetenreiro/run/Vortex/visu/R0_M5_P1
  io.restartPath : /gpfs/scratch/fortetenreiro/run/Vortex/restart/R0_M5_P1
  io.restartPrefix : restart
  io.visutype : cells
  model.bathymetry : 1;0;ICBC
  model.manning : 1;0;ICBC;CONSTANT;0.00
  model.name : ShallowWater
  testcase.name : Vortex
  time.inittype : interpolation
  time.name : RK-2-2
  time.type : cfl
  xml_config_file : /gpfs/scratch/fortetenreiro/run/Vortex/xml/R0_M5_P1.xml
  MPI.prank : 0
  MPI.psize : 64
  aerosol.debug : 0
  discretisation.continuous : 0
  discretisation.degree : 1
  io.active : 0
  io.conservativeVariables : 3
  io.mesh_dimension : 2
  io.prepartitioning : 0
  io.redistribution : 1
  io.scalab : 0
  model.dispersion : 0
  model.g : 1
  model.h0 : 1
  time.CFL : 0.3333
  time.tmax : 100
}

(0): ERROR: _PAMPAdmeshCheck: no check could be done with flag PAMPA_OVLP_NOGT enabled
(1): ERROR: _PAMPAdmeshCheck: no check could be done with flag PAMPA_OVLP_NOGT enabled
(2): ERROR: _PAMPAdmeshCheck: no check could be done with flag PAMPA_OVLP_NOGT enabled
(3): ERROR: _PAMPAdmeshCheck: no check could be done with flag PAMPA_OVLP_NOGT enabled
(4): ERROR: _PAMPAdmeshCheck: no check could be done with flag PAMPA_OVLP_NOGT enabled
(5): ERROR: _PAMPAdmeshCheck: no check could be done with flag PAMPA_OVLP_NOGT enabled
(6): ERROR: _PAMPAdmeshCheck: no check could be done with flag PAMPA_OVLP_NOGT enabled
(7): ERROR: _PAMPAdmeshCheck: no check could be done with flag PAMPA_OVLP_NOGT enabled
(8): ERROR: _PAMPAdmeshCheck: no check could be done with flag PAMPA_OVLP_NOGT enabled
(9): ERROR: _PAMPAdmeshCheck: no check could be done with flag PAMPA_OVLP_NOGT enabled
(10): ERROR: _PAMPAdmeshCheck: no check could be done with flag PAMPA_OVLP_NOGT enabled
(11): ERROR: _PAMPAdmeshCheck: no check could be done with flag PAMPA_OVLP_NOGT enabled
(12): ERROR: _PAMPAdmeshCheck: no check could be done with flag PAMPA_OVLP_NOGT enabled
(13): ERROR: _PAMPAdmeshCheck: no check could be done with flag PAMPA_OVLP_NOGT enabled
(14): ERROR: _PAMPAdmeshCheck: no check could be done with flag PAMPA_OVLP_NOGT enabled
(15): ERROR: _PAMPAdmeshCheck: no check could be done with flag PAMPA_OVLP_NOGT enabled
(16): ERROR: _PAMPAdmeshCheck: no check could be done with flag PAMPA_OVLP_NOGT enabled
(17): ERROR: _PAMPAdmeshCheck: no check could be done with flag PAMPA_OVLP_NOGT enabled
(18): ERROR: _PAMPAdmeshCheck: no check could be done with flag PAMPA_OVLP_NOGT enabled
(19): ERROR: _PAMPAdmeshCheck: no check could be done with flag PAMPA_OVLP_NOGT enabled
(20): ERROR: _PAMPAdmeshCheck: no check could be done with flag PAMPA_OVLP_NOGT enabled
(21): ERROR: _PAMPAdmeshCheck: no check could be done with flag PAMPA_OVLP_NOGT enabled
(22): ERROR: _PAMPAdmeshCheck: no check could be done with flag PAMPA_OVLP_NOGT enabled
(23): ERROR: _PAMPAdmeshCheck: no check could be done with flag PAMPA_OVLP_NOGT enabled
(24): ERROR: _PAMPAdmeshCheck: no check could be done with flag PAMPA_OVLP_NOGT enabled
(25): ERROR: _PAMPAdmeshCheck: no check could be done with flag PAMPA_OVLP_NOGT enabled
(26): ERROR: _PAMPAdmeshCheck: no check could be done with flag PAMPA_OVLP_NOGT enabled
(27): ERROR: _PAMPAdmeshCheck: no check could be done with flag PAMPA_OVLP_NOGT enabled
(28): ERROR: _PAMPAdmeshCheck: no check could be done with flag PAMPA_OVLP_NOGT enabled
(29): ERROR: _PAMPAdmeshCheck: no check could be done with flag PAMPA_OVLP_NOGT enabled
(30): ERROR: _PAMPAdmeshCheck: no check could be done with flag PAMPA_OVLP_NOGT enabled
(31): ERROR: _PAMPAdmeshCheck: no check could be done with flag PAMPA_OVLP_NOGT enabled
(32): ERROR: _PAMPAdmeshCheck: no check could be done with flag PAMPA_OVLP_NOGT enabled
(33): ERROR: _PAMPAdmeshCheck: no check could be done with flag PAMPA_OVLP_NOGT enabled
(34): ERROR: _PAMPAdmeshCheck: no check could be done with flag PAMPA_OVLP_NOGT enabled
(35): ERROR: _PAMPAdmeshCheck: no check could be done with flag PAMPA_OVLP_NOGT enabled
(36): ERROR: _PAMPAdmeshCheck: no check could be done with flag PAMPA_OVLP_NOGT enabled
(37): ERROR: _PAMPAdmeshCheck: no check could be done with flag PAMPA_OVLP_NOGT enabled
(38): ERROR: _PAMPAdmeshCheck: no check could be done with flag PAMPA_OVLP_NOGT enabled
(39): ERROR: _PAMPAdmeshCheck: no check could be done with flag PAMPA_OVLP_NOGT enabled
(40): ERROR: _PAMPAdmeshCheck: no check could be done with flag PAMPA_OVLP_NOGT enabled
(41): ERROR: _PAMPAdmeshCheck: no check could be done with flag PAMPA_OVLP_NOGT enabled
(42): ERROR: _PAMPAdmeshCheck: no check could be done with flag PAMPA_OVLP_NOGT enabled
(43): ERROR: _PAMPAdmeshCheck: no check could be done with flag PAMPA_OVLP_NOGT enabled
(44): ERROR: _PAMPAdmeshCheck: no check could be done with flag PAMPA_OVLP_NOGT enabled
(45): ERROR: _PAMPAdmeshCheck: no check could be done with flag PAMPA_OVLP_NOGT enabled
(46): ERROR: _PAMPAdmeshCheck: no check could be done with flag PAMPA_OVLP_NOGT enabled
(47): ERROR: _PAMPAdmeshCheck: no check could be done with flag PAMPA_OVLP_NOGT enabled
(48): ERROR: _PAMPAdmeshCheck: no check could be done with flag PAMPA_OVLP_NOGT enabled
(49): ERROR: _PAMPAdmeshCheck: no check could be done with flag PAMPA_OVLP_NOGT enabled
(50): ERROR: _PAMPAdmeshCheck: no check could be done with flag PAMPA_OVLP_NOGT enabled
(51): ERROR: _PAMPAdmeshCheck: no check could be done with flag PAMPA_OVLP_NOGT enabled
(52): ERROR: _PAMPAdmeshCheck: no check could be done with flag PAMPA_OVLP_NOGT enabled
(53): ERROR: _PAMPAdmeshCheck: no check could be done with flag PAMPA_OVLP_NOGT enabled
(54): ERROR: _PAMPAdmeshCheck: no check could be done with flag PAMPA_OVLP_NOGT enabled
(55): ERROR: _PAMPAdmeshCheck: no check could be done with flag PAMPA_OVLP_NOGT enabled
(56): ERROR: _PAMPAdmeshCheck: no check could be done with flag PAMPA_OVLP_NOGT enabled
(57): ERROR: _PAMPAdmeshCheck: no check could be done with flag PAMPA_OVLP_NOGT enabled
(58): ERROR: _PAMPAdmeshCheck: no check could be done with flag PAMPA_OVLP_NOGT enabled
(59): ERROR: _PAMPAdmeshCheck: no check could be done with flag PAMPA_OVLP_NOGT enabled
(60): ERROR: _PAMPAdmeshCheck: no check could be done with flag PAMPA_OVLP_NOGT enabled
(61): ERROR: _PAMPAdmeshCheck: no check could be done with flag PAMPA_OVLP_NOGT enabled
(62): ERROR: _PAMPAdmeshCheck: no check could be done with flag PAMPA_OVLP_NOGT enabled
(63): ERROR: _PAMPAdmeshCheck: no check could be done with flag PAMPA_OVLP_NOGT enabled
Calling the scheme "SWShallowWater2dWbswLaxFriedrichsPETSc".
Calling the scheme "SWShallowWater2dWbswLaxFriedrichsPETSc".
Calling the scheme "SWShallowWater2dWbswLaxFriedrichsPETSc".
Calling the scheme "SWShallowWater2dWbswLaxFriedrichsPETSc".
Calling the scheme "SWShallowWater2dWbswLaxFriedrichsPETSc".
Calling the scheme "SWShallowWater2dWbswLaxFriedrichsPETSc".
Calling the scheme "SWShallowWater2dWbswLaxFriedrichsPETSc".
Calling the scheme "SWShallowWater2dWbswLaxFriedrichsPETSc".
Calling the scheme "SWShallowWater2dWbswLaxFriedrichsPETSc".
Calling the scheme "SWShallowWater2dWbswLaxFriedrichsPETSc".
Calling the scheme "SWShallowWater2dWbswLaxFriedrichsPETSc".
Calling the scheme "SWShallowWater2dWbswLaxFriedrichsPETSc".
Calling the scheme "SWShallowWater2dWbswLaxFriedrichsPETSc".
Calling the scheme "SWShallowWater2dWbswLaxFriedrichsPETSc".
Calling the scheme "SWShallowWater2dWbswLaxFriedrichsPETSc".
Calling the scheme "SWShallowWater2dWbswLaxFriedrichsPETSc".
Calling the scheme "SWShallowWater2dWbswLaxFriedrichsPETSc".
Calling the scheme "SWShallowWater2dWbswLaxFriedrichsPETSc".
Calling the scheme "SWShallowWater2dWbswLaxFriedrichsPETSc".
Calling the scheme "SWShallowWater2dWbswLaxFriedrichsPETSc".
Calling the scheme "SWShallowWater2dWbswLaxFriedrichsPETSc".
Calling the scheme "SWShallowWater2dWbswLaxFriedrichsPETSc".
Calling the scheme "SWShallowWater2dWbswLaxFriedrichsPETSc".
Calling the scheme "SWShallowWater2dWbswLaxFriedrichsPETSc".
Calling the scheme "SWShallowWater2dWbswLaxFriedrichsPETSc".
Calling the scheme "SWShallowWater2dWbswLaxFriedrichsPETSc".
Calling the scheme "SWShallowWater2dWbswLaxFriedrichsPETSc".
Calling the scheme "SWShallowWater2dWbswLaxFriedrichsPETSc".
Calling the scheme "SWShallowWater2dWbswLaxFriedrichsPETSc".
Calling the scheme "SWShallowWater2dWbswLaxFriedrichsPETSc".
Calling the scheme "SWShallowWater2dWbswLaxFriedrichsPETSc".
Calling the scheme "SWShallowWater2dWbswLaxFriedrichsPETSc".
Calling the scheme "SWShallowWater2dWbswLaxFriedrichsPETSc".
Calling the scheme "SWShallowWater2dWbswLaxFriedrichsPETSc".
Calling the scheme "SWShallowWater2dWbswLaxFriedrichsPETSc".
Calling the scheme "SWShallowWater2dWbswLaxFriedrichsPETSc".
Calling the scheme "SWShallowWater2dWbswLaxFriedrichsPETSc".
Calling the scheme "SWShallowWater2dWbswLaxFriedrichsPETSc".
Calling the scheme "SWShallowWater2dWbswLaxFriedrichsPETSc".
Calling the scheme "SWShallowWater2dWbswLaxFriedrichsPETSc".
Calling the scheme "SWShallowWater2dWbswLaxFriedrichsPETSc".
Calling the scheme "SWShallowWater2dWbswLaxFriedrichsPETSc".
Calling the scheme "SWShallowWater2dWbswLaxFriedrichsPETSc".
Calling the scheme "SWShallowWater2dWbswLaxFriedrichsPETSc".
Calling the scheme "SWShallowWater2dWbswLaxFriedrichsPETSc".
Calling the scheme "SWShallowWater2dWbswLaxFriedrichsPETSc".
Calling the scheme "SWShallowWater2dWbswLaxFriedrichsPETSc".
Calling the scheme "SWShallowWater2dWbswLaxFriedrichsPETSc".
Calling the scheme "SWShallowWater2dWbswLaxFriedrichsPETSc".
Calling the scheme "SWShallowWater2dWbswLaxFriedrichsPETSc".
Calling the scheme "SWShallowWater2dWbswLaxFriedrichsPETSc".
Calling the scheme "SWShallowWater2dWbswLaxFriedrichsPETSc".
Calling the scheme "SWShallowWater2dWbswLaxFriedrichsPETSc".
Calling the scheme "SWShallowWater2dWbswLaxFriedrichsPETSc".
Calling the scheme "SWShallowWater2dWbswLaxFriedrichsPETSc".
Calling the scheme "SWShallowWater2dWbswLaxFriedrichsPETSc".
Calling the scheme "SWShallowWater2dWbswLaxFriedrichsPETSc".
Calling the scheme "SWShallowWater2dWbswLaxFriedrichsPETSc".
Calling the scheme "SWShallowWater2dWbswLaxFriedrichsPETSc".
Calling the scheme "SWShallowWater2dWbswLaxFriedrichsPETSc".
Calling the scheme "SWShallowWater2dWbswLaxFriedrichsPETSc".
Calling the scheme "SWShallowWater2dWbswLaxFriedrichsPETSc".
Calling the scheme "SWShallowWater2dWbswLaxFriedrichsPETSc".
Calling the scheme "SWShallowWater2dWbswLaxFriedrichsPETSc".
      1 | 3.81325e-02 3.81325e-02 | 1.65736e-02 1.08253e-01 1.39048e-01 |
      2 | 7.62634e-02 3.81309e-02 | 1.34541e-02 1.07769e-01 1.38792e-01 |
      3 | 1.14394e-01 3.81303e-02 | 1.27007e-02 1.07625e-01 1.38709e-01 |
      4 | 1.52524e-01 3.81303e-02 | 1.25379e-02 1.07584e-01 1.38685e-01 |
      5 | 1.90654e-01 3.81304e-02 | 1.24992e-02 1.07574e-01 1.38679e-01 |
      6 | 2.28785e-01 3.81306e-02 | 1.24864e-02 1.07571e-01 1.38677e-01 |
      7 | 2.66916e-01 3.81308e-02 | 1.24815e-02 1.07569e-01 1.38678e-01 |
      8 | 3.05047e-01 3.81311e-02 | 1.24797e-02 1.07568e-01 1.38678e-01 |
      9 | 3.43178e-01 3.81313e-02 | 1.24790e-02 1.07567e-01 1.38679e-01 |
     10 | 3.81310e-01 3.81317e-02 | 1.24787e-02 1.07566e-01 1.38679e-01 |
     11 | 4.19442e-01 3.81320e-02 | 1.24786e-02 1.07565e-01 1.38680e-01 |
     12 | 4.57574e-01 3.81324e-02 | 1.24784e-02 1.07564e-01 1.38680e-01 |
     13 | 4.95707e-01 3.81328e-02 | 1.24783e-02 1.07563e-01 1.38681e-01 |
     14 | 5.33840e-01 3.81326e-02 | 1.24781e-02 1.07562e-01 1.38682e-01 |
     15 | 5.71972e-01 3.81322e-02 | 1.24780e-02 1.07561e-01 1.38682e-01 |
     16 | 6.10104e-01 3.81318e-02 | 1.24778e-02 1.07560e-01 1.38683e-01 |
     17 | 6.48235e-01 3.81315e-02 | 1.24776e-02 1.07559e-01 1.38683e-01 |
     18 | 6.86366e-01 3.81311e-02 | 1.24775e-02 1.07558e-01 1.38684e-01 |
     19 | 7.24497e-01 3.81309e-02 | 1.24773e-02 1.07557e-01 1.38685e-01 |
     20 | 7.62628e-01 3.81307e-02 | 1.24771e-02 1.07556e-01 1.38685e-01 |
     21 | 8.00758e-01 3.81305e-02 | 1.24769e-02 1.07555e-01 1.38686e-01 |
     22 | 8.38889e-01 3.81303e-02 | 1.24767e-02 1.07554e-01 1.38686e-01 |
     23 | 8.77019e-01 3.81302e-02 | 1.24765e-02 1.07553e-01 1.38687e-01 |
     24 | 9.15149e-01 3.81302e-02 | 1.24763e-02 1.07552e-01 1.38687e-01 |
     25 | 9.53279e-01 3.81302e-02 | 1.24761e-02 1.07552e-01 1.38688e-01 |
     26 | 9.91410e-01 3.81302e-02 | 1.24759e-02 1.07551e-01 1.38689e-01 |
     27 | 1.02954e+00 3.81303e-02 | 1.24757e-02 1.07550e-01 1.38689e-01 |
     28 | 1.06767e+00 3.81304e-02 | 1.24755e-02 1.07549e-01 1.38690e-01 |
     29 | 1.10580e+00 3.81305e-02 | 1.24752e-02 1.07548e-01 1.38690e-01 |
     30 | 1.14393e+00 3.81307e-02 | 1.24750e-02 1.07547e-01 1.38691e-01 |
     31 | 1.18206e+00 3.81310e-02 | 1.24748e-02 1.07546e-01 1.38691e-01 |
     32 | 1.22019e+00 3.81312e-02 | 1.24745e-02 1.07545e-01 1.38692e-01 |
     33 | 1.25833e+00 3.81316e-02 | 1.24743e-02 1.07544e-01 1.38693e-01 |
     34 | 1.29646e+00 3.81319e-02 | 1.24740e-02 1.07544e-01 1.38693e-01 |
     35 | 1.33459e+00 3.81323e-02 | 1.24737e-02 1.07543e-01 1.38694e-01 |
     36 | 1.37272e+00 3.81328e-02 | 1.24735e-02 1.07542e-01 1.38694e-01 |
     37 | 1.41086e+00 3.81333e-02 | 1.24732e-02 1.07541e-01 1.38695e-01 |
     38 | 1.44899e+00 3.81338e-02 | 1.24729e-02 1.07540e-01 1.38695e-01 |
     39 | 1.48712e+00 3.81344e-02 | 1.24726e-02 1.07539e-01 1.38696e-01 |
     40 | 1.52526e+00 3.81342e-02 | 1.24723e-02 1.07538e-01 1.38696e-01 |
     41 | 1.56339e+00 3.81341e-02 | 1.24720e-02 1.07538e-01 1.38697e-01 |
     42 | 1.60153e+00 3.81340e-02 | 1.24717e-02 1.07537e-01 1.38697e-01 |
     43 | 1.63966e+00 3.81339e-02 | 1.24714e-02 1.07536e-01 1.38698e-01 |
     44 | 1.67779e+00 3.81339e-02 | 1.24711e-02 1.07535e-01 1.38698e-01 |
     45 | 1.71593e+00 3.81339e-02 | 1.24708e-02 1.07534e-01 1.38699e-01 |
     46 | 1.75406e+00 3.81340e-02 | 1.24705e-02 1.07534e-01 1.38700e-01 |
     47 | 1.79220e+00 3.81341e-02 | 1.24701e-02 1.07533e-01 1.38700e-01 |
     48 | 1.83033e+00 3.81342e-02 | 1.24698e-02 1.07532e-01 1.38701e-01 |
     49 | 1.86846e+00 3.81344e-02 | 1.24695e-02 1.07531e-01 1.38701e-01 |
     50 | 1.90660e+00 3.81346e-02 | 1.24691e-02 1.07531e-01 1.38702e-01 |
     51 | 1.94473e+00 3.81349e-02 | 1.24688e-02 1.07530e-01 1.38702e-01 |
     52 | 1.98287e+00 3.81352e-02 | 1.24684e-02 1.07529e-01 1.38702e-01 |
     53 | 2.02100e+00 3.81356e-02 | 1.24681e-02 1.07528e-01 1.38703e-01 |
     54 | 2.05914e+00 3.81360e-02 | 1.24677e-02 1.07528e-01 1.38703e-01 |
     55 | 2.09728e+00 3.81364e-02 | 1.24674e-02 1.07527e-01 1.38704e-01 |
     56 | 2.13541e+00 3.81369e-02 | 1.24670e-02 1.07526e-01 1.38704e-01 |
     57 | 2.17355e+00 3.81374e-02 | 1.24666e-02 1.07525e-01 1.38705e-01 |
     58 | 2.21169e+00 3.81375e-02 | 1.24662e-02 1.07525e-01 1.38705e-01 |
     59 | 2.24983e+00 3.81372e-02 | 1.24659e-02 1.07524e-01 1.38706e-01 |
     60 | 2.28796e+00 3.81369e-02 | 1.24655e-02 1.07523e-01 1.38706e-01 |
     61 | 2.32610e+00 3.81366e-02 | 1.24651e-02 1.07523e-01 1.38707e-01 |
     62 | 2.36424e+00 3.81364e-02 | 1.24647e-02 1.07522e-01 1.38707e-01 |
     63 | 2.40237e+00 3.81358e-02 | 1.24643e-02 1.07521e-01 1.38707e-01 |
     64 | 2.44051e+00 3.81352e-02 | 1.24639e-02 1.07521e-01 1.38708e-01 |
     65 | 2.47864e+00 3.81347e-02 | 1.24635e-02 1.07520e-01 1.38708e-01 |
     66 | 2.51678e+00 3.81342e-02 | 1.24631e-02 1.07520e-01 1.38709e-01 |
     67 | 2.55491e+00 3.81338e-02 | 1.24627e-02 1.07519e-01 1.38709e-01 |
     68 | 2.59304e+00 3.81334e-02 | 1.24623e-02 1.07518e-01 1.38710e-01 |
     69 | 2.63118e+00 3.81331e-02 | 1.24618e-02 1.07518e-01 1.38710e-01 |
     70 | 2.66931e+00 3.81328e-02 | 1.24614e-02 1.07517e-01 1.38710e-01 |
     71 | 2.70744e+00 3.81325e-02 | 1.24610e-02 1.07517e-01 1.38711e-01 |
     72 | 2.74557e+00 3.81323e-02 | 1.24606e-02 1.07516e-01 1.38711e-01 |
     73 | 2.78371e+00 3.81321e-02 | 1.24601e-02 1.07516e-01 1.38711e-01 |
     74 | 2.82184e+00 3.81320e-02 | 1.24597e-02 1.07515e-01 1.38712e-01 |
     75 | 2.85997e+00 3.81319e-02 | 1.24593e-02 1.07515e-01 1.38712e-01 |
     76 | 2.89810e+00 3.81318e-02 | 1.24588e-02 1.07514e-01 1.38713e-01 |
     77 | 2.93623e+00 3.81318e-02 | 1.24584e-02 1.07514e-01 1.38713e-01 |
     78 | 2.97436e+00 3.81318e-02 | 1.24579e-02 1.07513e-01 1.38713e-01 |
     79 | 3.01250e+00 3.81319e-02 | 1.24575e-02 1.07513e-01 1.38714e-01 |
     80 | 3.05063e+00 3.81320e-02 | 1.24570e-02 1.07512e-01 1.38714e-01 |
     81 | 3.08876e+00 3.81322e-02 | 1.24566e-02 1.07512e-01 1.38714e-01 |
     82 | 3.12689e+00 3.81324e-02 | 1.24561e-02 1.07511e-01 1.38715e-01 |
     83 | 3.16503e+00 3.81326e-02 | 1.24557e-02 1.07511e-01 1.38715e-01 |
     84 | 3.20316e+00 3.81329e-02 | 1.24552e-02 1.07510e-01 1.38715e-01 |
     85 | 3.24129e+00 3.81333e-02 | 1.24547e-02 1.07510e-01 1.38715e-01 |
     86 | 3.27943e+00 3.81336e-02 | 1.24543e-02 1.07510e-01 1.38716e-01 |
     87 | 3.31756e+00 3.81338e-02 | 1.24538e-02 1.07509e-01 1.38716e-01 |
     88 | 3.35569e+00 3.81333e-02 | 1.24533e-02 1.07509e-01 1.38716e-01 |
     89 | 3.39383e+00 3.81329e-02 | 1.24529e-02 1.07509e-01 1.38717e-01 |
     90 | 3.43196e+00 3.81325e-02 | 1.24524e-02 1.07508e-01 1.38717e-01 |
     91 | 3.47009e+00 3.81321e-02 | 1.24519e-02 1.07508e-01 1.38717e-01 |
     92 | 3.50822e+00 3.81318e-02 | 1.24515e-02 1.07508e-01 1.38717e-01 |
     93 | 3.54635e+00 3.81315e-02 | 1.24510e-02 1.07507e-01 1.38718e-01 |
     94 | 3.58448e+00 3.81312e-02 | 1.24505e-02 1.07507e-01 1.38718e-01 |
     95 | 3.62262e+00 3.81310e-02 | 1.24500e-02 1.07507e-01 1.38718e-01 |
     96 | 3.66075e+00 3.81309e-02 | 1.24495e-02 1.07506e-01 1.38718e-01 |
     97 | 3.69888e+00 3.81307e-02 | 1.24491e-02 1.07506e-01 1.38718e-01 |
     98 | 3.73701e+00 3.81307e-02 | 1.24486e-02 1.07506e-01 1.38719e-01 |
     99 | 3.77514e+00 3.81306e-02 | 1.24481e-02 1.07506e-01 1.38719e-01 |
    100 | 3.81327e+00 3.81306e-02 | 1.24476e-02 1.07505e-01 1.38719e-01 |
    101 | 3.85140e+00 3.81307e-02 | 1.24471e-02 1.07505e-01 1.38719e-01 |
    102 | 3.88953e+00 3.81308e-02 | 1.24467e-02 1.07505e-01 1.38719e-01 |
    103 | 3.92766e+00 3.81309e-02 | 1.24462e-02 1.07505e-01 1.38720e-01 |
    104 | 3.96579e+00 3.81311e-02 | 1.24457e-02 1.07504e-01 1.38720e-01 |
    105 | 4.00392e+00 3.81313e-02 | 1.24452e-02 1.07504e-01 1.38720e-01 |
    106 | 4.04206e+00 3.81316e-02 | 1.24447e-02 1.07504e-01 1.38720e-01 |
    107 | 4.08019e+00 3.81319e-02 | 1.24442e-02 1.07504e-01 1.38720e-01 |
    108 | 4.11832e+00 3.81322e-02 | 1.24438e-02 1.07504e-01 1.38720e-01 |
    109 | 4.15645e+00 3.81326e-02 | 1.24433e-02 1.07504e-01 1.38720e-01 |
    110 | 4.19459e+00 3.81326e-02 | 1.24428e-02 1.07504e-01 1.38721e-01 |
    111 | 4.23272e+00 3.81322e-02 | 1.24423e-02 1.07503e-01 1.38721e-01 |
    112 | 4.27085e+00 3.81319e-02 | 1.24418e-02 1.07503e-01 1.38721e-01 |
    113 | 4.30898e+00 3.81317e-02 | 1.24414e-02 1.07503e-01 1.38721e-01 |
    114 | 4.34711e+00 3.81315e-02 | 1.24409e-02 1.07503e-01 1.38721e-01 |
    115 | 4.38524e+00 3.81313e-02 | 1.24404e-02 1.07503e-01 1.38721e-01 |
    116 | 4.42338e+00 3.81312e-02 | 1.24399e-02 1.07503e-01 1.38721e-01 |
    117 | 4.46151e+00 3.81311e-02 | 1.24394e-02 1.07503e-01 1.38721e-01 |
    118 | 4.49964e+00 3.81311e-02 | 1.24390e-02 1.07503e-01 1.38721e-01 |
    119 | 4.53777e+00 3.81311e-02 | 1.24385e-02 1.07503e-01 1.38721e-01 |
    120 | 4.57590e+00 3.81312e-02 | 1.24380e-02 1.07503e-01 1.38721e-01 |
    121 | 4.61403e+00 3.81313e-02 | 1.24375e-02 1.07503e-01 1.38722e-01 |
    122 | 4.65216e+00 3.81314e-02 | 1.24371e-02 1.07503e-01 1.38722e-01 |
    123 | 4.69029e+00 3.81316e-02 | 1.24366e-02 1.07503e-01 1.38722e-01 |
    124 | 4.72843e+00 3.81318e-02 | 1.24361e-02 1.07503e-01 1.38722e-01 |
    125 | 4.76656e+00 3.81320e-02 | 1.24357e-02 1.07503e-01 1.38722e-01 |
    126 | 4.80469e+00 3.81324e-02 | 1.24352e-02 1.07503e-01 1.38722e-01 |
    127 | 4.84282e+00 3.81327e-02 | 1.24347e-02 1.07503e-01 1.38722e-01 |
    128 | 4.88096e+00 3.81331e-02 | 1.24343e-02 1.07503e-01 1.38722e-01 |
    129 | 4.91909e+00 3.81335e-02 | 1.24338e-02 1.07503e-01 1.38722e-01 |
    130 | 4.95722e+00 3.81340e-02 | 1.24334e-02 1.07503e-01 1.38722e-01 |
    131 | 4.99536e+00 3.81344e-02 | 1.24329e-02 1.07504e-01 1.38722e-01 |
    132 | 5.03349e+00 3.81340e-02 | 1.24325e-02 1.07504e-01 1.38722e-01 |
    133 | 5.07163e+00 3.81336e-02 | 1.24320e-02 1.07504e-01 1.38722e-01 |
    134 | 5.10976e+00 3.81333e-02 | 1.24316e-02 1.07504e-01 1.38722e-01 |
    135 | 5.14789e+00 3.81331e-02 | 1.24311e-02 1.07504e-01 1.38722e-01 |
    136 | 5.18602e+00 3.81328e-02 | 1.24307e-02 1.07504e-01 1.38721e-01 |
    137 | 5.22416e+00 3.81326e-02 | 1.24303e-02 1.07504e-01 1.38721e-01 |
    138 | 5.26229e+00 3.81325e-02 | 1.24298e-02 1.07505e-01 1.38721e-01 |
    139 | 5.30042e+00 3.81324e-02 | 1.24294e-02 1.07505e-01 1.38721e-01 |
    140 | 5.33855e+00 3.81323e-02 | 1.24290e-02 1.07505e-01 1.38721e-01 |
    141 | 5.37669e+00 3.81323e-02 | 1.24285e-02 1.07505e-01 1.38721e-01 |
    142 | 5.41482e+00 3.81323e-02 | 1.24281e-02 1.07505e-01 1.38721e-01 |
    143 | 5.45295e+00 3.81324e-02 | 1.24277e-02 1.07506e-01 1.38721e-01 |
    144 | 5.49108e+00 3.81325e-02 | 1.24273e-02 1.07506e-01 1.38721e-01 |
    145 | 5.52922e+00 3.81327e-02 | 1.24269e-02 1.07506e-01 1.38721e-01 |
    146 | 5.56735e+00 3.81329e-02 | 1.24264e-02 1.07506e-01 1.38721e-01 |
    147 | 5.60548e+00 3.81331e-02 | 1.24260e-02 1.07506e-01 1.38721e-01 |
    148 | 5.64362e+00 3.81334e-02 | 1.24256e-02 1.07507e-01 1.38720e-01 |
    149 | 5.68175e+00 3.81337e-02 | 1.24252e-02 1.07507e-01 1.38720e-01 |
    150 | 5.71988e+00 3.81341e-02 | 1.24248e-02 1.07507e-01 1.38720e-01 |
    151 | 5.75802e+00 3.81345e-02 | 1.24245e-02 1.07508e-01 1.38720e-01 |
    152 | 5.79615e+00 3.81347e-02 | 1.24241e-02 1.07508e-01 1.38720e-01 |
    153 | 5.83429e+00 3.81348e-02 | 1.24237e-02 1.07508e-01 1.38720e-01 |
    154 | 5.87242e+00 3.81349e-02 | 1.24233e-02 1.07508e-01 1.38720e-01 |
    155 | 5.91056e+00 3.81350e-02 | 1.24229e-02 1.07509e-01 1.38720e-01 |
    156 | 5.94869e+00 3.81352e-02 | 1.24226e-02 1.07509e-01 1.38719e-01 |
    157 | 5.98683e+00 3.81355e-02 | 1.24222e-02 1.07509e-01 1.38719e-01 |
    158 | 6.02496e+00 3.81357e-02 | 1.24218e-02 1.07510e-01 1.38719e-01 |
    159 | 6.06310e+00 3.81361e-02 | 1.24215e-02 1.07510e-01 1.38719e-01 |
    160 | 6.10124e+00 3.81364e-02 | 1.24211e-02 1.07510e-01 1.38719e-01 |
    161 | 6.13937e+00 3.81361e-02 | 1.24208e-02 1.07511e-01 1.38719e-01 |
    162 | 6.17751e+00 3.81356e-02 | 1.24204e-02 1.07511e-01 1.38718e-01 |
    163 | 6.21564e+00 3.81351e-02 | 1.24201e-02 1.07512e-01 1.38718e-01 |
    164 | 6.25378e+00 3.81347e-02 | 1.24197e-02 1.07512e-01 1.38718e-01 |
    165 | 6.29191e+00 3.81343e-02 | 1.24194e-02 1.07512e-01 1.38718e-01 |
    166 | 6.33005e+00 3.81339e-02 | 1.24191e-02 1.07513e-01 1.38718e-01 |
    167 | 6.36818e+00 3.81336e-02 | 1.24188e-02 1.07513e-01 1.38717e-01 |
    168 | 6.40631e+00 3.81334e-02 | 1.24185e-02 1.07514e-01 1.38717e-01 |
    169 | 6.44445e+00 3.81332e-02 | 1.24181e-02 1.07514e-01 1.38717e-01 |
    170 | 6.48258e+00 3.81330e-02 | 1.24178e-02 1.07514e-01 1.38717e-01 |
    171 | 6.52071e+00 3.81329e-02 | 1.24175e-02 1.07515e-01 1.38717e-01 |
    172 | 6.55884e+00 3.81328e-02 | 1.24172e-02 1.07515e-01 1.38716e-01 |
    173 | 6.59698e+00 3.81327e-02 | 1.24169e-02 1.07516e-01 1.38716e-01 |
    174 | 6.63511e+00 3.81327e-02 | 1.24167e-02 1.07516e-01 1.38716e-01 |
    175 | 6.67324e+00 3.81328e-02 | 1.24164e-02 1.07516e-01 1.38716e-01 |
    176 | 6.71138e+00 3.81329e-02 | 1.24161e-02 1.07517e-01 1.38715e-01 |
    177 | 6.74951e+00 3.81330e-02 | 1.24158e-02 1.07517e-01 1.38715e-01 |
    178 | 6.78764e+00 3.81332e-02 | 1.24156e-02 1.07518e-01 1.38715e-01 |
    179 | 6.82578e+00 3.81334e-02 | 1.24153e-02 1.07518e-01 1.38715e-01 |
    180 | 6.86391e+00 3.81333e-02 | 1.24150e-02 1.07519e-01 1.38714e-01 |
    181 | 6.90204e+00 3.81328e-02 | 1.24148e-02 1.07519e-01 1.38714e-01 |
    182 | 6.94017e+00 3.81323e-02 | 1.24145e-02 1.07520e-01 1.38714e-01 |
    183 | 6.97831e+00 3.81319e-02 | 1.24143e-02 1.07520e-01 1.38714e-01 |
    184 | 7.01644e+00 3.81315e-02 | 1.24141e-02 1.07521e-01 1.38713e-01 |
    185 | 7.05457e+00 3.81312e-02 | 1.24138e-02 1.07521e-01 1.38713e-01 |
    186 | 7.09270e+00 3.81309e-02 | 1.24136e-02 1.07522e-01 1.38713e-01 |
    187 | 7.13083e+00 3.81307e-02 | 1.24134e-02 1.07522e-01 1.38713e-01 |
    188 | 7.16896e+00 3.81304e-02 | 1.24132e-02 1.07523e-01 1.38712e-01 |
    189 | 7.20709e+00 3.81303e-02 | 1.24130e-02 1.07523e-01 1.38712e-01 |
    190 | 7.24522e+00 3.81301e-02 | 1.24128e-02 1.07524e-01 1.38712e-01 |
    191 | 7.28335e+00 3.81301e-02 | 1.24126e-02 1.07524e-01 1.38711e-01 |
    192 | 7.32148e+00 3.81300e-02 | 1.24124e-02 1.07525e-01 1.38711e-01 |
    193 | 7.35961e+00 3.81300e-02 | 1.24122e-02 1.07525e-01 1.38711e-01 |
    194 | 7.39774e+00 3.81301e-02 | 1.24120e-02 1.07526e-01 1.38711e-01 |
    195 | 7.43587e+00 3.81302e-02 | 1.24118e-02 1.07526e-01 1.38710e-01 |
    196 | 7.47400e+00 3.81303e-02 | 1.24116e-02 1.07527e-01 1.38710e-01 |
    197 | 7.51213e+00 3.81305e-02 | 1.24115e-02 1.07527e-01 1.38710e-01 |
    198 | 7.55026e+00 3.81307e-02 | 1.24113e-02 1.07528e-01 1.38709e-01 |
    199 | 7.58839e+00 3.81309e-02 | 1.24112e-02 1.07528e-01 1.38709e-01 |
    200 | 7.62652e+00 3.81312e-02 | 1.24110e-02 1.07529e-01 1.38709e-01 |
    201 | 7.66466e+00 3.81316e-02 | 1.24109e-02 1.07529e-01 1.38709e-01 |
    202 | 7.70279e+00 3.81319e-02 | 1.24107e-02 1.07530e-01 1.38708e-01 |
    203 | 7.74092e+00 3.81324e-02 | 1.24106e-02 1.07530e-01 1.38708e-01 |
    204 | 7.77905e+00 3.81328e-02 | 1.24105e-02 1.07531e-01 1.38708e-01 |
    205 | 7.81719e+00 3.81326e-02 | 1.24103e-02 1.07531e-01 1.38707e-01 |
    206 | 7.85532e+00 3.81322e-02 | 1.24102e-02 1.07532e-01 1.38707e-01 |
    207 | 7.89345e+00 3.81318e-02 | 1.24101e-02 1.07532e-01 1.38707e-01 |
    208 | 7.93158e+00 3.81315e-02 | 1.24100e-02 1.07533e-01 1.38706e-01 |
    209 | 7.96971e+00 3.81312e-02 | 1.24099e-02 1.07534e-01 1.38706e-01 |
    210 | 8.00784e+00 3.81310e-02 | 1.24098e-02 1.07534e-01 1.38706e-01 |
    211 | 8.04597e+00 3.81308e-02 | 1.24097e-02 1.07535e-01 1.38706e-01 |
    212 | 8.08411e+00 3.81306e-02 | 1.24096e-02 1.07535e-01 1.38705e-01 |
    213 | 8.12224e+00 3.81305e-02 | 1.24096e-02 1.07536e-01 1.38705e-01 |
    214 | 8.16037e+00 3.81305e-02 | 1.24095e-02 1.07536e-01 1.38705e-01 |
    215 | 8.19850e+00 3.81304e-02 | 1.24094e-02 1.07537e-01 1.38704e-01 |
    216 | 8.23663e+00 3.81305e-02 | 1.24094e-02 1.07537e-01 1.38704e-01 |
    217 | 8.27476e+00 3.81305e-02 | 1.24093e-02 1.07538e-01 1.38704e-01 |
    218 | 8.31289e+00 3.81306e-02 | 1.24092e-02 1.07538e-01 1.38703e-01 |
    219 | 8.35102e+00 3.81308e-02 | 1.24092e-02 1.07539e-01 1.38703e-01 |
    220 | 8.38915e+00 3.81309e-02 | 1.24091e-02 1.07539e-01 1.38703e-01 |
    221 | 8.42728e+00 3.81312e-02 | 1.24091e-02 1.07540e-01 1.38702e-01 |
    222 | 8.46541e+00 3.81314e-02 | 1.24091e-02 1.07540e-01 1.38702e-01 |
    223 | 8.50354e+00 3.81318e-02 | 1.24090e-02 1.07541e-01 1.38702e-01 |
    224 | 8.54168e+00 3.81321e-02 | 1.24090e-02 1.07542e-01 1.38702e-01 |
    225 | 8.57981e+00 3.81325e-02 | 1.24090e-02 1.07542e-01 1.38701e-01 |
    226 | 8.61794e+00 3.81329e-02 | 1.24090e-02 1.07543e-01 1.38701e-01 |
    227 | 8.65608e+00 3.81334e-02 | 1.24090e-02 1.07543e-01 1.38701e-01 |
    228 | 8.69421e+00 3.81340e-02 | 1.24090e-02 1.07544e-01 1.38700e-01 |
    229 | 8.73234e+00 3.81345e-02 | 1.24090e-02 1.07544e-01 1.38700e-01 |
    230 | 8.77048e+00 3.81351e-02 | 1.24090e-02 1.07545e-01 1.38700e-01 |
    231 | 8.80861e+00 3.81358e-02 | 1.24090e-02 1.07545e-01 1.38699e-01 |
    232 | 8.84675e+00 3.81365e-02 | 1.24090e-02 1.07546e-01 1.38699e-01 |
    233 | 8.88489e+00 3.81365e-02 | 1.24090e-02 1.07546e-01 1.38699e-01 |
    234 | 8.92302e+00 3.81365e-02 | 1.24091e-02 1.07547e-01 1.38699e-01 |
    235 | 8.96116e+00 3.81365e-02 | 1.24091e-02 1.07547e-01 1.38698e-01 |
    236 | 8.99930e+00 3.81365e-02 | 1.24091e-02 1.07548e-01 1.38698e-01 |
    237 | 9.03743e+00 3.81366e-02 | 1.24092e-02 1.07548e-01 1.38698e-01 |
    238 | 9.07557e+00 3.81368e-02 | 1.24092e-02 1.07549e-01 1.38697e-01 |
    239 | 9.11371e+00 3.81369e-02 | 1.24092e-02 1.07549e-01 1.38697e-01 |
    240 | 9.15184e+00 3.81371e-02 | 1.24093e-02 1.07550e-01 1.38697e-01 |
    241 | 9.18998e+00 3.81374e-02 | 1.24093e-02 1.07550e-01 1.38696e-01 |
    242 | 9.22812e+00 3.81373e-02 | 1.24094e-02 1.07551e-01 1.38696e-01 |
    243 | 9.26626e+00 3.81371e-02 | 1.24095e-02 1.07551e-01 1.38696e-01 |
    244 | 9.30439e+00 3.81369e-02 | 1.24095e-02 1.07552e-01 1.38696e-01 |
    245 | 9.34253e+00 3.81367e-02 | 1.24096e-02 1.07552e-01 1.38695e-01 |
    246 | 9.38067e+00 3.81366e-02 | 1.24097e-02 1.07553e-01 1.38695e-01 |
    247 | 9.41880e+00 3.81366e-02 | 1.24098e-02 1.07553e-01 1.38695e-01 |
    248 | 9.45694e+00 3.81365e-02 | 1.24098e-02 1.07554e-01 1.38695e-01 |
    249 | 9.49508e+00 3.81366e-02 | 1.24099e-02 1.07554e-01 1.38694e-01 |
    250 | 9.53321e+00 3.81365e-02 | 1.24100e-02 1.07554e-01 1.38694e-01 |
    251 | 9.57135e+00 3.81358e-02 | 1.24101e-02 1.07555e-01 1.38694e-01 |
    252 | 9.60948e+00 3.81352e-02 | 1.24102e-02 1.07555e-01 1.38693e-01 |
    253 | 9.64762e+00 3.81345e-02 | 1.24103e-02 1.07556e-01 1.38693e-01 |
    254 | 9.68575e+00 3.81340e-02 | 1.24104e-02 1.07556e-01 1.38693e-01 |
    255 | 9.72389e+00 3.81335e-02 | 1.24105e-02 1.07557e-01 1.38693e-01 |
    256 | 9.76202e+00 3.81330e-02 | 1.24106e-02 1.07557e-01 1.38692e-01 |
    257 | 9.80015e+00 3.81325e-02 | 1.24107e-02 1.07558e-01 1.38692e-01 |
    258 | 9.83828e+00 3.81322e-02 | 1.24108e-02 1.07558e-01 1.38692e-01 |
    259 | 9.87642e+00 3.81318e-02 | 1.24110e-02 1.07558e-01 1.38692e-01 |
    260 | 9.91455e+00 3.81315e-02 | 1.24111e-02 1.07559e-01 1.38691e-01 |
    261 | 9.95268e+00 3.81312e-02 | 1.24112e-02 1.07559e-01 1.38691e-01 |
    262 | 9.99081e+00 3.81310e-02 | 1.24113e-02 1.07560e-01 1.38691e-01 |
    263 | 1.00289e+01 3.81308e-02 | 1.24115e-02 1.07560e-01 1.38691e-01 |
    264 | 1.00671e+01 3.81307e-02 | 1.24116e-02 1.07560e-01 1.38690e-01 |
    265 | 1.01052e+01 3.81306e-02 | 1.24117e-02 1.07561e-01 1.38690e-01 |
    266 | 1.01433e+01 3.81305e-02 | 1.24119e-02 1.07561e-01 1.38690e-01 |
    267 | 1.01815e+01 3.81305e-02 | 1.24120e-02 1.07562e-01 1.38690e-01 |
    268 | 1.02196e+01 3.81305e-02 | 1.24122e-02 1.07562e-01 1.38690e-01 |
    269 | 1.02577e+01 3.81306e-02 | 1.24123e-02 1.07562e-01 1.38689e-01 |
    270 | 1.02959e+01 3.81307e-02 | 1.24125e-02 1.07563e-01 1.38689e-01 |
    271 | 1.03340e+01 3.81309e-02 | 1.24126e-02 1.07563e-01 1.38689e-01 |
    272 | 1.03721e+01 3.81311e-02 | 1.24128e-02 1.07563e-01 1.38689e-01 |
    273 | 1.04102e+01 3.81313e-02 | 1.24129e-02 1.07564e-01 1.38688e-01 |
    274 | 1.04484e+01 3.81316e-02 | 1.24131e-02 1.07564e-01 1.38688e-01 |
    275 | 1.04865e+01 3.81319e-02 | 1.24132e-02 1.07564e-01 1.38688e-01 |
    276 | 1.05246e+01 3.81323e-02 | 1.24134e-02 1.07565e-01 1.38688e-01 |
    277 | 1.05628e+01 3.81327e-02 | 1.24136e-02 1.07565e-01 1.38688e-01 |
    278 | 1.06009e+01 3.81328e-02 | 1.24137e-02 1.07565e-01 1.38687e-01 |
    279 | 1.06390e+01 3.81324e-02 | 1.24139e-02 1.07566e-01 1.38687e-01 |
    280 | 1.06772e+01 3.81319e-02 | 1.24141e-02 1.07566e-01 1.38687e-01 |
    281 | 1.07153e+01 3.81316e-02 | 1.24142e-02 1.07566e-01 1.38687e-01 |
    282 | 1.07534e+01 3.81312e-02 | 1.24144e-02 1.07567e-01 1.38687e-01 |
    283 | 1.07916e+01 3.81309e-02 | 1.24146e-02 1.07567e-01 1.38687e-01 |
    284 | 1.08297e+01 3.81307e-02 | 1.24148e-02 1.07567e-01 1.38686e-01 |
    285 | 1.08678e+01 3.81305e-02 | 1.24149e-02 1.07568e-01 1.38686e-01 |
    286 | 1.09060e+01 3.81303e-02 | 1.24151e-02 1.07568e-01 1.38686e-01 |
    287 | 1.09441e+01 3.81302e-02 | 1.24153e-02 1.07568e-01 1.38686e-01 |
    288 | 1.09822e+01 3.81301e-02 | 1.24155e-02 1.07568e-01 1.38686e-01 |
    289 | 1.10203e+01 3.81301e-02 | 1.24156e-02 1.07569e-01 1.38686e-01 |
    290 | 1.10585e+01 3.81301e-02 | 1.24158e-02 1.07569e-01 1.38685e-01 |
    291 | 1.10966e+01 3.81301e-02 | 1.24160e-02 1.07569e-01 1.38685e-01 |
    292 | 1.11347e+01 3.81302e-02 | 1.24162e-02 1.07569e-01 1.38685e-01 |
    293 | 1.11729e+01 3.81303e-02 | 1.24164e-02 1.07570e-01 1.38685e-01 |
    294 | 1.12110e+01 3.81305e-02 | 1.24166e-02 1.07570e-01 1.38685e-01 |
    295 | 1.12491e+01 3.81307e-02 | 1.24168e-02 1.07570e-01 1.38685e-01 |
    296 | 1.12873e+01 3.81310e-02 | 1.24169e-02 1.07570e-01 1.38685e-01 |
    297 | 1.13254e+01 3.81313e-02 | 1.24171e-02 1.07570e-01 1.38684e-01 |
    298 | 1.13635e+01 3.81316e-02 | 1.24173e-02 1.07571e-01 1.38684e-01 |
    299 | 1.14017e+01 3.81320e-02 | 1.24175e-02 1.07571e-01 1.38684e-01 |
    300 | 1.14398e+01 3.81325e-02 | 1.24177e-02 1.07571e-01 1.38684e-01 |
    301 | 1.14779e+01 3.81329e-02 | 1.24179e-02 1.07571e-01 1.38684e-01 |
    302 | 1.15161e+01 3.81334e-02 | 1.24181e-02 1.07571e-01 1.38684e-01 |
    303 | 1.15542e+01 3.81335e-02 | 1.24183e-02 1.07572e-01 1.38684e-01 |
    304 | 1.15923e+01 3.81333e-02 | 1.24185e-02 1.07572e-01 1.38684e-01 |
    305 | 1.16305e+01 3.81332e-02 | 1.24186e-02 1.07572e-01 1.38684e-01 |
    306 | 1.16686e+01 3.81330e-02 | 1.24188e-02 1.07572e-01 1.38683e-01 |
    307 | 1.17067e+01 3.81329e-02 | 1.24190e-02 1.07572e-01 1.38683e-01 |
    308 | 1.17449e+01 3.81329e-02 | 1.24192e-02 1.07572e-01 1.38683e-01 |
    309 | 1.17830e+01 3.81329e-02 | 1.24194e-02 1.07573e-01 1.38683e-01 |
    310 | 1.18211e+01 3.81330e-02 | 1.24196e-02 1.07573e-01 1.38683e-01 |
    311 | 1.18593e+01 3.81330e-02 | 1.24198e-02 1.07573e-01 1.38683e-01 |
    312 | 1.18974e+01 3.81332e-02 | 1.24200e-02 1.07573e-01 1.38683e-01 |
    313 | 1.19355e+01 3.81333e-02 | 1.24202e-02 1.07573e-01 1.38683e-01 |
    314 | 1.19737e+01 3.81335e-02 | 1.24204e-02 1.07573e-01 1.38683e-01 |
    315 | 1.20118e+01 3.81338e-02 | 1.24205e-02 1.07573e-01 1.38683e-01 |
    316 | 1.20499e+01 3.81341e-02 | 1.24207e-02 1.07573e-01 1.38683e-01 |
    317 | 1.20881e+01 3.81344e-02 | 1.24209e-02 1.07574e-01 1.38683e-01 |
    318 | 1.21262e+01 3.81348e-02 | 1.24211e-02 1.07574e-01 1.38683e-01 |
    319 | 1.21643e+01 3.81352e-02 | 1.24213e-02 1.07574e-01 1.38682e-01 |
    320 | 1.22025e+01 3.81357e-02 | 1.24215e-02 1.07574e-01 1.38682e-01 |
    321 | 1.22406e+01 3.81362e-02 | 1.24217e-02 1.07574e-01 1.38682e-01 |
    322 | 1.22787e+01 3.81365e-02 | 1.24219e-02 1.07574e-01 1.38682e-01 |
    323 | 1.23169e+01 3.81362e-02 | 1.24220e-02 1.07574e-01 1.38682e-01 |
    324 | 1.23550e+01 3.81359e-02 | 1.24222e-02 1.07574e-01 1.38682e-01 |
    325 | 1.23931e+01 3.81356e-02 | 1.24224e-02 1.07574e-01 1.38682e-01 |
    326 | 1.24313e+01 3.81353e-02 | 1.24226e-02 1.07574e-01 1.38682e-01 |
    327 | 1.24694e+01 3.81351e-02 | 1.24228e-02 1.07574e-01 1.38682e-01 |
    328 | 1.25075e+01 3.81350e-02 | 1.24229e-02 1.07574e-01 1.38682e-01 |
    329 | 1.25457e+01 3.81349e-02 | 1.24231e-02 1.07574e-01 1.38682e-01 |
    330 | 1.25838e+01 3.81348e-02 | 1.24233e-02 1.07574e-01 1.38682e-01 |
    331 | 1.26220e+01 3.81347e-02 | 1.24235e-02 1.07574e-01 1.38682e-01 |
    332 | 1.26601e+01 3.81343e-02 | 1.24237e-02 1.07574e-01 1.38682e-01 |
    333 | 1.26982e+01 3.81340e-02 | 1.24238e-02 1.07574e-01 1.38682e-01 |
    334 | 1.27364e+01 3.81336e-02 | 1.24240e-02 1.07574e-01 1.38682e-01 |
    335 | 1.27745e+01 3.81334e-02 | 1.24242e-02 1.07574e-01 1.38682e-01 |
    336 | 1.28126e+01 3.81331e-02 | 1.24244e-02 1.07574e-01 1.38682e-01 |
    337 | 1.28508e+01 3.81329e-02 | 1.24245e-02 1.07574e-01 1.38682e-01 |
    338 | 1.28889e+01 3.81328e-02 | 1.24247e-02 1.07574e-01 1.38682e-01 |
    339 | 1.29270e+01 3.81327e-02 | 1.24249e-02 1.07574e-01 1.38682e-01 |
    340 | 1.29652e+01 3.81326e-02 | 1.24250e-02 1.07574e-01 1.38682e-01 |
    341 | 1.30033e+01 3.81326e-02 | 1.24252e-02 1.07574e-01 1.38682e-01 |
    342 | 1.30414e+01 3.81326e-02 | 1.24254e-02 1.07574e-01 1.38682e-01 |
    343 | 1.30795e+01 3.81326e-02 | 1.24255e-02 1.07574e-01 1.38682e-01 |
    344 | 1.31177e+01 3.81327e-02 | 1.24257e-02 1.07574e-01 1.38682e-01 |
    345 | 1.31558e+01 3.81329e-02 | 1.24258e-02 1.07574e-01 1.38682e-01 |
    346 | 1.31939e+01 3.81331e-02 | 1.24260e-02 1.07574e-01 1.38682e-01 |
    347 | 1.32321e+01 3.81333e-02 | 1.24262e-02 1.07574e-01 1.38682e-01 |
    348 | 1.32702e+01 3.81336e-02 | 1.24263e-02 1.07574e-01 1.38682e-01 |
    349 | 1.33083e+01 3.81339e-02 | 1.24265e-02 1.07574e-01 1.38682e-01 |
    350 | 1.33465e+01 3.81343e-02 | 1.24266e-02 1.07574e-01 1.38682e-01 |
    351 | 1.33846e+01 3.81347e-02 | 1.24268e-02 1.07574e-01 1.38682e-01 |
    352 | 1.34228e+01 3.81342e-02 | 1.24269e-02 1.07574e-01 1.38682e-01 |
    353 | 1.34609e+01 3.81337e-02 | 1.24271e-02 1.07574e-01 1.38683e-01 |
    354 | 1.34990e+01 3.81333e-02 | 1.24272e-02 1.07574e-01 1.38683e-01 |
    355 | 1.35372e+01 3.81329e-02 | 1.24273e-02 1.07573e-01 1.38683e-01 |
    356 | 1.35753e+01 3.81325e-02 | 1.24275e-02 1.07573e-01 1.38683e-01 |
    357 | 1.36134e+01 3.81322e-02 | 1.24276e-02 1.07573e-01 1.38683e-01 |
    358 | 1.36515e+01 3.81320e-02 | 1.24278e-02 1.07573e-01 1.38683e-01 |
    359 | 1.36897e+01 3.81318e-02 | 1.24279e-02 1.07573e-01 1.38683e-01 |
    360 | 1.37278e+01 3.81316e-02 | 1.24280e-02 1.07573e-01 1.38683e-01 |
    361 | 1.37659e+01 3.81314e-02 | 1.24282e-02 1.07573e-01 1.38683e-01 |
    362 | 1.38041e+01 3.81314e-02 | 1.24283e-02 1.07573e-01 1.38683e-01 |
    363 | 1.38422e+01 3.81313e-02 | 1.24284e-02 1.07573e-01 1.38683e-01 |
    364 | 1.38803e+01 3.81313e-02 | 1.24286e-02 1.07572e-01 1.38683e-01 |
    365 | 1.39185e+01 3.81313e-02 | 1.24287e-02 1.07572e-01 1.38683e-01 |
    366 | 1.39566e+01 3.81314e-02 | 1.24288e-02 1.07572e-01 1.38683e-01 |
    367 | 1.39947e+01 3.81315e-02 | 1.24289e-02 1.07572e-01 1.38683e-01 |
    368 | 1.40329e+01 3.81317e-02 | 1.24291e-02 1.07572e-01 1.38684e-01 |
    369 | 1.40710e+01 3.81319e-02 | 1.24292e-02 1.07572e-01 1.38684e-01 |
    370 | 1.41091e+01 3.81321e-02 | 1.24293e-02 1.07572e-01 1.38684e-01 |
    371 | 1.41473e+01 3.81324e-02 | 1.24294e-02 1.07571e-01 1.38684e-01 |
    372 | 1.41854e+01 3.81328e-02 | 1.24295e-02 1.07571e-01 1.38684e-01 |
    373 | 1.42235e+01 3.81329e-02 | 1.24296e-02 1.07571e-01 1.38684e-01 |
    374 | 1.42617e+01 3.81325e-02 | 1.24297e-02 1.07571e-01 1.38684e-01 |
    375 | 1.42998e+01 3.81322e-02 | 1.24299e-02 1.07571e-01 1.38684e-01 |
    376 | 1.43379e+01 3.81319e-02 | 1.24300e-02 1.07571e-01 1.38684e-01 |
    377 | 1.43761e+01 3.81316e-02 | 1.24301e-02 1.07570e-01 1.38684e-01 |
    378 | 1.44142e+01 3.81314e-02 | 1.24302e-02 1.07570e-01 1.38684e-01 |
    379 | 1.44523e+01 3.81312e-02 | 1.24303e-02 1.07570e-01 1.38685e-01 |
    380 | 1.44904e+01 3.81311e-02 | 1.24304e-02 1.07570e-01 1.38685e-01 |
    381 | 1.45286e+01 3.81310e-02 | 1.24305e-02 1.07570e-01 1.38685e-01 |
    382 | 1.45667e+01 3.81309e-02 | 1.24306e-02 1.07569e-01 1.38685e-01 |
    383 | 1.46048e+01 3.81309e-02 | 1.24307e-02 1.07569e-01 1.38685e-01 |
    384 | 1.46430e+01 3.81310e-02 | 1.24307e-02 1.07569e-01 1.38685e-01 |
    385 | 1.46811e+01 3.81310e-02 | 1.24308e-02 1.07569e-01 1.38685e-01 |
    386 | 1.47192e+01 3.81312e-02 | 1.24309e-02 1.07569e-01 1.38685e-01 |
    387 | 1.47574e+01 3.81313e-02 | 1.24310e-02 1.07568e-01 1.38685e-01 |
    388 | 1.47955e+01 3.81315e-02 | 1.24311e-02 1.07568e-01 1.38686e-01 |
    389 | 1.48336e+01 3.81318e-02 | 1.24312e-02 1.07568e-01 1.38686e-01 |
    390 | 1.48718e+01 3.81321e-02 | 1.24313e-02 1.07568e-01 1.38686e-01 |
    391 | 1.49099e+01 3.81324e-02 | 1.24313e-02 1.07568e-01 1.38686e-01 |
    392 | 1.49480e+01 3.81328e-02 | 1.24314e-02 1.07567e-01 1.38686e-01 |
    393 | 1.49862e+01 3.81332e-02 | 1.24315e-02 1.07567e-01 1.38686e-01 |
    394 | 1.50243e+01 3.81336e-02 | 1.24316e-02 1.07567e-01 1.38686e-01 |
    395 | 1.50624e+01 3.81341e-02 | 1.24316e-02 1.07567e-01 1.38686e-01 |
    396 | 1.51006e+01 3.81339e-02 | 1.24317e-02 1.07567e-01 1.38687e-01 |
    397 | 1.51387e+01 3.81335e-02 | 1.24318e-02 1.07566e-01 1.38687e-01 |
    398 | 1.51768e+01 3.81332e-02 | 1.24318e-02 1.07566e-01 1.38687e-01 |
    399 | 1.52150e+01 3.81329e-02 | 1.24319e-02 1.07566e-01 1.38687e-01 |
    400 | 1.52531e+01 3.81326e-02 | 1.24320e-02 1.07566e-01 1.38687e-01 |
    401 | 1.52912e+01 3.81324e-02 | 1.24320e-02 1.07565e-01 1.38687e-01 |
    402 | 1.53294e+01 3.81322e-02 | 1.24321e-02 1.07565e-01 1.38687e-01 |
    403 | 1.53675e+01 3.81321e-02 | 1.24322e-02 1.07565e-01 1.38688e-01 |
    404 | 1.54056e+01 3.81320e-02 | 1.24322e-02 1.07565e-01 1.38688e-01 |
    405 | 1.54438e+01 3.81320e-02 | 1.24323e-02 1.07564e-01 1.38688e-01 |
    406 | 1.54819e+01 3.81320e-02 | 1.24323e-02 1.07564e-01 1.38688e-01 |
    407 | 1.55200e+01 3.81321e-02 | 1.24324e-02 1.07564e-01 1.38688e-01 |
    408 | 1.55581e+01 3.81322e-02 | 1.24324e-02 1.07564e-01 1.38688e-01 |
    409 | 1.55963e+01 3.81323e-02 | 1.24325e-02 1.07563e-01 1.38688e-01 |
    410 | 1.56344e+01 3.81325e-02 | 1.24325e-02 1.07563e-01 1.38689e-01 |
    411 | 1.56725e+01 3.81327e-02 | 1.24326e-02 1.07563e-01 1.38689e-01 |
    412 | 1.57107e+01 3.81329e-02 | 1.24326e-02 1.07563e-01 1.38689e-01 |
    413 | 1.57488e+01 3.81332e-02 | 1.24327e-02 1.07562e-01 1.38689e-01 |
    414 | 1.57869e+01 3.81336e-02 | 1.24327e-02 1.07562e-01 1.38689e-01 |
    415 | 1.58251e+01 3.81340e-02 | 1.24327e-02 1.07562e-01 1.38689e-01 |
    416 | 1.58632e+01 3.81344e-02 | 1.24328e-02 1.07562e-01 1.38689e-01 |
    417 | 1.59013e+01 3.81349e-02 | 1.24328e-02 1.07561e-01 1.38690e-01 |
    418 | 1.59395e+01 3.81354e-02 | 1.24328e-02 1.07561e-01 1.38690e-01 |
    419 | 1.59776e+01 3.81359e-02 | 1.24329e-02 1.07561e-01 1.38690e-01 |
    420 | 1.60158e+01 3.81365e-02 | 1.24329e-02 1.07561e-01 1.38690e-01 |
    421 | 1.60539e+01 3.81369e-02 | 1.24329e-02 1.07560e-01 1.38690e-01 |
    422 | 1.60920e+01 3.81372e-02 | 1.24330e-02 1.07560e-01 1.38690e-01 |
    423 | 1.61302e+01 3.81375e-02 | 1.24330e-02 1.07560e-01 1.38690e-01 |
    424 | 1.61683e+01 3.81378e-02 | 1.24330e-02 1.07560e-01 1.38691e-01 |
    425 | 1.62064e+01 3.81378e-02 | 1.24330e-02 1.07559e-01 1.38691e-01 |
    426 | 1.62446e+01 3.81372e-02 | 1.24331e-02 1.07559e-01 1.38691e-01 |
    427 | 1.62827e+01 3.81367e-02 | 1.24331e-02 1.07559e-01 1.38691e-01 |
    428 | 1.63209e+01 3.81363e-02 | 1.24331e-02 1.07559e-01 1.38691e-01 |
    429 | 1.63590e+01 3.81359e-02 | 1.24331e-02 1.07558e-01 1.38691e-01 |
    430 | 1.63971e+01 3.81355e-02 | 1.24332e-02 1.07558e-01 1.38691e-01 |
    431 | 1.64353e+01 3.81352e-02 | 1.24332e-02 1.07558e-01 1.38692e-01 |
    432 | 1.64734e+01 3.81349e-02 | 1.24332e-02 1.07558e-01 1.38692e-01 |
    433 | 1.65115e+01 3.81347e-02 | 1.24332e-02 1.07557e-01 1.38692e-01 |
    434 | 1.65497e+01 3.81345e-02 | 1.24332e-02 1.07557e-01 1.38692e-01 |
    435 | 1.65878e+01 3.81344e-02 | 1.24332e-02 1.07557e-01 1.38692e-01 |
    436 | 1.66259e+01 3.81342e-02 | 1.24332e-02 1.07556e-01 1.38692e-01 |
    437 | 1.66641e+01 3.81342e-02 | 1.24333e-02 1.07556e-01 1.38692e-01 |
    438 | 1.67022e+01 3.81342e-02 | 1.24333e-02 1.07556e-01 1.38693e-01 |
    439 | 1.67403e+01 3.81342e-02 | 1.24333e-02 1.07556e-01 1.38693e-01 |
    440 | 1.67785e+01 3.81342e-02 | 1.24333e-02 1.07555e-01 1.38693e-01 |
    441 | 1.68166e+01 3.81343e-02 | 1.24333e-02 1.07555e-01 1.38693e-01 |
    442 | 1.68547e+01 3.81345e-02 | 1.24333e-02 1.07555e-01 1.38693e-01 |
    443 | 1.68929e+01 3.81347e-02 | 1.24333e-02 1.07555e-01 1.38693e-01 |
    444 | 1.69310e+01 3.81341e-02 | 1.24333e-02 1.07554e-01 1.38694e-01 |
    445 | 1.69691e+01 3.81336e-02 | 1.24333e-02 1.07554e-01 1.38694e-01 |
    446 | 1.70073e+01 3.81331e-02 | 1.24333e-02 1.07554e-01 1.38694e-01 |
    447 | 1.70454e+01 3.81326e-02 | 1.24333e-02 1.07554e-01 1.38694e-01 |
    448 | 1.70835e+01 3.81322e-02 | 1.24333e-02 1.07553e-01 1.38694e-01 |
    449 | 1.71217e+01 3.81319e-02 | 1.24333e-02 1.07553e-01 1.38694e-01 |
    450 | 1.71598e+01 3.81316e-02 | 1.24333e-02 1.07553e-01 1.38694e-01 |
    451 | 1.71979e+01 3.81313e-02 | 1.24333e-02 1.07553e-01 1.38695e-01 |
    452 | 1.72361e+01 3.81311e-02 | 1.24333e-02 1.07552e-01 1.38695e-01 |
    453 | 1.72742e+01 3.81309e-02 | 1.24333e-02 1.07552e-01 1.38695e-01 |
    454 | 1.73123e+01 3.81307e-02 | 1.24333e-02 1.07552e-01 1.38695e-01 |
    455 | 1.73505e+01 3.81306e-02 | 1.24333e-02 1.07552e-01 1.38695e-01 |
    456 | 1.73886e+01 3.81306e-02 | 1.24333e-02 1.07551e-01 1.38695e-01 |
    457 | 1.74267e+01 3.81305e-02 | 1.24333e-02 1.07551e-01 1.38695e-01 |
    458 | 1.74648e+01 3.81306e-02 | 1.24332e-02 1.07551e-01 1.38696e-01 |
    459 | 1.75030e+01 3.81306e-02 | 1.24332e-02 1.07550e-01 1.38696e-01 |
    460 | 1.75411e+01 3.81307e-02 | 1.24332e-02 1.07550e-01 1.38696e-01 |
    461 | 1.75792e+01 3.81309e-02 | 1.24332e-02 1.07550e-01 1.38696e-01 |
    462 | 1.76174e+01 3.81311e-02 | 1.24332e-02 1.07550e-01 1.38696e-01 |
    463 | 1.76555e+01 3.81313e-02 | 1.24332e-02 1.07549e-01 1.38696e-01 |
    464 | 1.76936e+01 3.81316e-02 | 1.24332e-02 1.07549e-01 1.38696e-01 |
    465 | 1.77318e+01 3.81319e-02 | 1.24332e-02 1.07549e-01 1.38697e-01 |
    466 | 1.77699e+01 3.81322e-02 | 1.24332e-02 1.07549e-01 1.38697e-01 |
    467 | 1.78080e+01 3.81326e-02 | 1.24331e-02 1.07548e-01 1.38697e-01 |
    468 | 1.78462e+01 3.81331e-02 | 1.24331e-02 1.07548e-01 1.38697e-01 |
    469 | 1.78843e+01 3.81331e-02 | 1.24331e-02 1.07548e-01 1.38697e-01 |
    470 | 1.79224e+01 3.81327e-02 | 1.24331e-02 1.07548e-01 1.38697e-01 |
    471 | 1.79606e+01 3.81323e-02 | 1.24331e-02 1.07547e-01 1.38697e-01 |
    472 | 1.79987e+01 3.81320e-02 | 1.24330e-02 1.07547e-01 1.38698e-01 |
    473 | 1.80368e+01 3.81317e-02 | 1.24330e-02 1.07547e-01 1.38698e-01 |
    474 | 1.80750e+01 3.81314e-02 | 1.24330e-02 1.07547e-01 1.38698e-01 |
    475 | 1.81131e+01 3.81312e-02 | 1.24330e-02 1.07546e-01 1.38698e-01 |
    476 | 1.81512e+01 3.81310e-02 | 1.24330e-02 1.07546e-01 1.38698e-01 |
    477 | 1.81894e+01 3.81309e-02 | 1.24329e-02 1.07546e-01 1.38698e-01 |
    478 | 1.82275e+01 3.81308e-02 | 1.24329e-02 1.07546e-01 1.38698e-01 |
    479 | 1.82656e+01 3.81308e-02 | 1.24329e-02 1.07546e-01 1.38698e-01 |
    480 | 1.83037e+01 3.81308e-02 | 1.24329e-02 1.07545e-01 1.38699e-01 |
    481 | 1.83419e+01 3.81308e-02 | 1.24329e-02 1.07545e-01 1.38699e-01 |
    482 | 1.83800e+01 3.81309e-02 | 1.24328e-02 1.07545e-01 1.38699e-01 |
    483 | 1.84181e+01 3.81310e-02 | 1.24328e-02 1.07545e-01 1.38699e-01 |
    484 | 1.84563e+01 3.81311e-02 | 1.24328e-02 1.07544e-01 1.38699e-01 |
    485 | 1.84944e+01 3.81314e-02 | 1.24328e-02 1.07544e-01 1.38699e-01 |
    486 | 1.85325e+01 3.81316e-02 | 1.24327e-02 1.07544e-01 1.38699e-01 |
    487 | 1.85707e+01 3.81319e-02 | 1.24327e-02 1.07544e-01 1.38699e-01 |
    488 | 1.86088e+01 3.81322e-02 | 1.24327e-02 1.07543e-01 1.38700e-01 |
    489 | 1.86469e+01 3.81326e-02 | 1.24327e-02 1.07543e-01 1.38700e-01 |
    490 | 1.86851e+01 3.81330e-02 | 1.24326e-02 1.07543e-01 1.38700e-01 |
    491 | 1.87232e+01 3.81335e-02 | 1.24326e-02 1.07543e-01 1.38700e-01 |
    492 | 1.87613e+01 3.81340e-02 | 1.24326e-02 1.07543e-01 1.38700e-01 |
    493 | 1.87995e+01 3.81345e-02 | 1.24326e-02 1.07542e-01 1.38700e-01 |
    494 | 1.88376e+01 3.81351e-02 | 1.24325e-02 1.07542e-01 1.38700e-01 |
    495 | 1.88757e+01 3.81357e-02 | 1.24325e-02 1.07542e-01 1.38700e-01 |
    496 | 1.89139e+01 3.81360e-02 | 1.24325e-02 1.07542e-01 1.38701e-01 |
    497 | 1.89520e+01 3.81359e-02 | 1.24324e-02 1.07541e-01 1.38701e-01 |
    498 | 1.89901e+01 3.81359e-02 | 1.24324e-02 1.07541e-01 1.38701e-01 |
    499 | 1.90283e+01 3.81359e-02 | 1.24324e-02 1.07541e-01 1.38701e-01 |
    500 | 1.90664e+01 3.81359e-02 | 1.24324e-02 1.07541e-01 1.38701e-01 |
    501 | 1.91045e+01 3.81360e-02 | 1.24323e-02 1.07541e-01 1.38701e-01 |
    502 | 1.91427e+01 3.81361e-02 | 1.24323e-02 1.07540e-01 1.38701e-01 |
    503 | 1.91808e+01 3.81363e-02 | 1.24323e-02 1.07540e-01 1.38701e-01 |
    504 | 1.92190e+01 3.81365e-02 | 1.24322e-02 1.07540e-01 1.38701e-01 |
    505 | 1.92571e+01 3.81367e-02 | 1.24322e-02 1.07540e-01 1.38702e-01 |
    506 | 1.92952e+01 3.81370e-02 | 1.24322e-02 1.07540e-01 1.38702e-01 |
    507 | 1.93334e+01 3.81373e-02 | 1.24322e-02 1.07539e-01 1.38702e-01 |
    508 | 1.93715e+01 3.81377e-02 | 1.24321e-02 1.07539e-01 1.38702e-01 |
    509 | 1.94096e+01 3.81381e-02 | 1.24321e-02 1.07539e-01 1.38702e-01 |
    510 | 1.94478e+01 3.81385e-02 | 1.24321e-02 1.07539e-01 1.38702e-01 |
    511 | 1.94859e+01 3.81386e-02 | 1.24320e-02 1.07539e-01 1.38702e-01 |
    512 | 1.95241e+01 3.81385e-02 | 1.24320e-02 1.07538e-01 1.38702e-01 |
    513 | 1.95622e+01 3.81385e-02 | 1.24320e-02 1.07538e-01 1.38702e-01 |
    514 | 1.96003e+01 3.81380e-02 | 1.24319e-02 1.07538e-01 1.38703e-01 |
    515 | 1.96385e+01 3.81373e-02 | 1.24319e-02 1.07538e-01 1.38703e-01 |
    516 | 1.96766e+01 3.81366e-02 | 1.24319e-02 1.07538e-01 1.38703e-01 |
    517 | 1.97147e+01 3.81360e-02 | 1.24319e-02 1.07537e-01 1.38703e-01 |
    518 | 1.97529e+01 3.81354e-02 | 1.24318e-02 1.07537e-01 1.38703e-01 |
    519 | 1.97910e+01 3.81348e-02 | 1.24318e-02 1.07537e-01 1.38703e-01 |
    520 | 1.98292e+01 3.81343e-02 | 1.24318e-02 1.07537e-01 1.38703e-01 |
    521 | 1.98673e+01 3.81339e-02 | 1.24317e-02 1.07537e-01 1.38703e-01 |
    522 | 1.99054e+01 3.81335e-02 | 1.24317e-02 1.07536e-01 1.38703e-01 |
    523 | 1.99436e+01 3.81331e-02 | 1.24317e-02 1.07536e-01 1.38703e-01 |
    524 | 1.99817e+01 3.81327e-02 | 1.24316e-02 1.07536e-01 1.38703e-01 |
    525 | 2.00198e+01 3.81325e-02 | 1.24316e-02 1.07536e-01 1.38704e-01 |
    526 | 2.00579e+01 3.81322e-02 | 1.24316e-02 1.07536e-01 1.38704e-01 |
    527 | 2.00961e+01 3.81320e-02 | 1.24315e-02 1.07535e-01 1.38704e-01 |
    528 | 2.01342e+01 3.81318e-02 | 1.24315e-02 1.07535e-01 1.38704e-01 |
    529 | 2.01723e+01 3.81317e-02 | 1.24315e-02 1.07535e-01 1.38704e-01 |
    530 | 2.02105e+01 3.81316e-02 | 1.24314e-02 1.07535e-01 1.38704e-01 |
    531 | 2.02486e+01 3.81316e-02 | 1.24314e-02 1.07535e-01 1.38704e-01 |
    532 | 2.02867e+01 3.81316e-02 | 1.24314e-02 1.07535e-01 1.38704e-01 |
    533 | 2.03249e+01 3.81317e-02 | 1.24313e-02 1.07534e-01 1.38704e-01 |
    534 | 2.03630e+01 3.81317e-02 | 1.24313e-02 1.07534e-01 1.38704e-01 |
    535 | 2.04011e+01 3.81319e-02 | 1.24313e-02 1.07534e-01 1.38704e-01 |
    536 | 2.04393e+01 3.81321e-02 | 1.24313e-02 1.07534e-01 1.38705e-01 |
    537 | 2.04774e+01 3.81323e-02 | 1.24312e-02 1.07534e-01 1.38705e-01 |
    538 | 2.05155e+01 3.81325e-02 | 1.24312e-02 1.07534e-01 1.38705e-01 |
    539 | 2.05537e+01 3.81328e-02 | 1.24312e-02 1.07533e-01 1.38705e-01 |
    540 | 2.05918e+01 3.81332e-02 | 1.24311e-02 1.07533e-01 1.38705e-01 |
    541 | 2.06299e+01 3.81336e-02 | 1.24311e-02 1.07533e-01 1.38705e-01 |
    542 | 2.06681e+01 3.81340e-02 | 1.24311e-02 1.07533e-01 1.38705e-01 |
    543 | 2.07062e+01 3.81335e-02 | 1.24310e-02 1.07533e-01 1.38705e-01 |
    544 | 2.07443e+01 3.81330e-02 | 1.24310e-02 1.07533e-01 1.38705e-01 |
    545 | 2.07825e+01 3.81326e-02 | 1.24310e-02 1.07532e-01 1.38705e-01 |
    546 | 2.08206e+01 3.81323e-02 | 1.24309e-02 1.07532e-01 1.38705e-01 |
    547 | 2.08587e+01 3.81320e-02 | 1.24309e-02 1.07532e-01 1.38705e-01 |
    548 | 2.08969e+01 3.81317e-02 | 1.24309e-02 1.07532e-01 1.38705e-01 |
    549 | 2.09350e+01 3.81315e-02 | 1.24309e-02 1.07532e-01 1.38706e-01 |
    550 | 2.09731e+01 3.81313e-02 | 1.24308e-02 1.07532e-01 1.38706e-01 |
    551 | 2.10113e+01 3.81311e-02 | 1.24308e-02 1.07532e-01 1.38706e-01 |
    552 | 2.10494e+01 3.81310e-02 | 1.24308e-02 1.07531e-01 1.38706e-01 |
    553 | 2.10875e+01 3.81310e-02 | 1.24307e-02 1.07531e-01 1.38706e-01 |
    554 | 2.11256e+01 3.81309e-02 | 1.24307e-02 1.07531e-01 1.38706e-01 |
    555 | 2.11638e+01 3.81310e-02 | 1.24307e-02 1.07531e-01 1.38706e-01 |
    556 | 2.12019e+01 3.81310e-02 | 1.24306e-02 1.07531e-01 1.38706e-01 |
    557 | 2.12400e+01 3.81311e-02 | 1.24306e-02 1.07531e-01 1.38706e-01 |
    558 | 2.12782e+01 3.81313e-02 | 1.24306e-02 1.07531e-01 1.38706e-01 |
    559 | 2.13163e+01 3.81315e-02 | 1.24306e-02 1.07530e-01 1.38706e-01 |
    560 | 2.13544e+01 3.81317e-02 | 1.24305e-02 1.07530e-01 1.38706e-01 |
    561 | 2.13926e+01 3.81320e-02 | 1.24305e-02 1.07530e-01 1.38706e-01 |
    562 | 2.14307e+01 3.81323e-02 | 1.24305e-02 1.07530e-01 1.38706e-01 |
    563 | 2.14688e+01 3.81327e-02 | 1.24304e-02 1.07530e-01 1.38706e-01 |
    564 | 2.15070e+01 3.81331e-02 | 1.24304e-02 1.07530e-01 1.38707e-01 |
    565 | 2.15451e+01 3.81335e-02 | 1.24304e-02 1.07530e-01 1.38707e-01 |
    566 | 2.15832e+01 3.81339e-02 | 1.24303e-02 1.07529e-01 1.38707e-01 |
    567 | 2.16214e+01 3.81337e-02 | 1.24303e-02 1.07529e-01 1.38707e-01 |
    568 | 2.16595e+01 3.81334e-02 | 1.24303e-02 1.07529e-01 1.38707e-01 |
    569 | 2.16976e+01 3.81332e-02 | 1.24303e-02 1.07529e-01 1.38707e-01 |
    570 | 2.17358e+01 3.81331e-02 | 1.24302e-02 1.07529e-01 1.38707e-01 |
    571 | 2.17739e+01 3.81330e-02 | 1.24302e-02 1.07529e-01 1.38707e-01 |
    572 | 2.18120e+01 3.81329e-02 | 1.24302e-02 1.07529e-01 1.38707e-01 |
    573 | 2.18502e+01 3.81329e-02 | 1.24301e-02 1.07528e-01 1.38707e-01 |
    574 | 2.18883e+01 3.81329e-02 | 1.24301e-02 1.07528e-01 1.38707e-01 |
    575 | 2.19264e+01 3.81330e-02 | 1.24301e-02 1.07528e-01 1.38707e-01 |
    576 | 2.19646e+01 3.81331e-02 | 1.24301e-02 1.07528e-01 1.38707e-01 |
    577 | 2.20027e+01 3.81332e-02 | 1.24300e-02 1.07528e-01 1.38707e-01 |
    578 | 2.20408e+01 3.81334e-02 | 1.24300e-02 1.07528e-01 1.38707e-01 |
    579 | 2.20790e+01 3.81336e-02 | 1.24300e-02 1.07528e-01 1.38707e-01 |
    580 | 2.21171e+01 3.81339e-02 | 1.24299e-02 1.07528e-01 1.38707e-01 |
    581 | 2.21552e+01 3.81342e-02 | 1.24299e-02 1.07527e-01 1.38708e-01 |
    582 | 2.21934e+01 3.81346e-02 | 1.24299e-02 1.07527e-01 1.38708e-01 |
    583 | 2.22315e+01 3.81350e-02 | 1.24299e-02 1.07527e-01 1.38708e-01 |
    584 | 2.22696e+01 3.81354e-02 | 1.24298e-02 1.07527e-01 1.38708e-01 |
    585 | 2.23078e+01 3.81359e-02 | 1.24298e-02 1.07527e-01 1.38708e-01 |
    586 | 2.23459e+01 3.81364e-02 | 1.24298e-02 1.07527e-01 1.38708e-01 |
    587 | 2.23840e+01 3.81361e-02 | 1.24298e-02 1.07527e-01 1.38708e-01 |
    588 | 2.24222e+01 3.81358e-02 | 1.24297e-02 1.07527e-01 1.38708e-01 |
    589 | 2.24603e+01 3.81355e-02 | 1.24297e-02 1.07526e-01 1.38708e-01 |
    590 | 2.24985e+01 3.81352e-02 | 1.24297e-02 1.07526e-01 1.38708e-01 |
    591 | 2.25366e+01 3.81350e-02 | 1.24296e-02 1.07526e-01 1.38708e-01 |
    592 | 2.25747e+01 3.81348e-02 | 1.24296e-02 1.07526e-01 1.38708e-01 |
    593 | 2.26129e+01 3.81347e-02 | 1.24296e-02 1.07526e-01 1.38708e-01 |
    594 | 2.26510e+01 3.81346e-02 | 1.24296e-02 1.07526e-01 1.38708e-01 |
    595 | 2.26891e+01 3.81346e-02 | 1.24295e-02 1.07526e-01 1.38708e-01 |
    596 | 2.27273e+01 3.81345e-02 | 1.24295e-02 1.07526e-01 1.38708e-01 |
    597 | 2.27654e+01 3.81346e-02 | 1.24295e-02 1.07526e-01 1.38708e-01 |
    598 | 2.28035e+01 3.81347e-02 | 1.24295e-02 1.07525e-01 1.38708e-01 |
    599 | 2.28417e+01 3.81348e-02 | 1.24294e-02 1.07525e-01 1.38708e-01 |
    600 | 2.28798e+01 3.81349e-02 | 1.24294e-02 1.07525e-01 1.38708e-01 |
    601 | 2.29179e+01 3.81346e-02 | 1.24294e-02 1.07525e-01 1.38708e-01 |
    602 | 2.29561e+01 3.81345e-02 | 1.24294e-02 1.07525e-01 1.38709e-01 |
    603 | 2.29942e+01 3.81343e-02 | 1.24293e-02 1.07525e-01 1.38709e-01 |
    604 | 2.30323e+01 3.81342e-02 | 1.24293e-02 1.07525e-01 1.38709e-01 |
    605 | 2.30705e+01 3.81342e-02 | 1.24293e-02 1.07525e-01 1.38709e-01 |
    606 | 2.31086e+01 3.81342e-02 | 1.24293e-02 1.07525e-01 1.38709e-01 |
    607 | 2.31467e+01 3.81342e-02 | 1.24292e-02 1.07524e-01 1.38709e-01 |
    608 | 2.31849e+01 3.81343e-02 | 1.24292e-02 1.07524e-01 1.38709e-01 |
    609 | 2.32230e+01 3.81344e-02 | 1.24292e-02 1.07524e-01 1.38709e-01 |
    610 | 2.32611e+01 3.81346e-02 | 1.24292e-02 1.07524e-01 1.38709e-01 |
    611 | 2.32993e+01 3.81348e-02 | 1.24291e-02 1.07524e-01 1.38709e-01 |
    612 | 2.33374e+01 3.81350e-02 | 1.24291e-02 1.07524e-01 1.38709e-01 |
    613 | 2.33755e+01 3.81353e-02 | 1.24291e-02 1.07524e-01 1.38709e-01 |
    614 | 2.34137e+01 3.81356e-02 | 1.24291e-02 1.07524e-01 1.38709e-01 |
    615 | 2.34518e+01 3.81360e-02 | 1.24290e-02 1.07524e-01 1.38709e-01 |
    616 | 2.34900e+01 3.81359e-02 | 1.24290e-02 1.07524e-01 1.38709e-01 |
    617 | 2.35281e+01 3.81354e-02 | 1.24290e-02 1.07523e-01 1.38709e-01 |
    618 | 2.35662e+01 3.81349e-02 | 1.24290e-02 1.07523e-01 1.38709e-01 |
    619 | 2.36044e+01 3.81345e-02 | 1.24289e-02 1.07523e-01 1.38709e-01 |
    620 | 2.36425e+01 3.81341e-02 | 1.24289e-02 1.07523e-01 1.38709e-01 |
    621 | 2.36806e+01 3.81338e-02 | 1.24289e-02 1.07523e-01 1.38709e-01 |
    622 | 2.37188e+01 3.81335e-02 | 1.24289e-02 1.07523e-01 1.38709e-01 |
    623 | 2.37569e+01 3.81332e-02 | 1.24289e-02 1.07523e-01 1.38709e-01 |
    624 | 2.37950e+01 3.81330e-02 | 1.24288e-02 1.07523e-01 1.38709e-01 |
    625 | 2.38332e+01 3.81329e-02 | 1.24288e-02 1.07523e-01 1.38709e-01 |
    626 | 2.38713e+01 3.81328e-02 | 1.24288e-02 1.07523e-01 1.38709e-01 |
    627 | 2.39094e+01 3.81327e-02 | 1.24288e-02 1.07522e-01 1.38710e-01 |
    628 | 2.39476e+01 3.81326e-02 | 1.24287e-02 1.07522e-01 1.38710e-01 |
    629 | 2.39857e+01 3.81327e-02 | 1.24287e-02 1.07522e-01 1.38710e-01 |
    630 | 2.40238e+01 3.81327e-02 | 1.24287e-02 1.07522e-01 1.38710e-01 |
    631 | 2.40620e+01 3.81328e-02 | 1.24287e-02 1.07522e-01 1.38710e-01 |
    632 | 2.41001e+01 3.81329e-02 | 1.24286e-02 1.07522e-01 1.38710e-01 |
    633 | 2.41382e+01 3.81331e-02 | 1.24286e-02 1.07522e-01 1.38710e-01 |
    634 | 2.41764e+01 3.81333e-02 | 1.24286e-02 1.07522e-01 1.38710e-01 |
    635 | 2.42145e+01 3.81336e-02 | 1.24286e-02 1.07522e-01 1.38710e-01 |
    636 | 2.42526e+01 3.81339e-02 | 1.24286e-02 1.07522e-01 1.38710e-01 |
    637 | 2.42908e+01 3.81336e-02 | 1.24285e-02 1.07521e-01 1.38710e-01 |
    638 | 2.43289e+01 3.81332e-02 | 1.24285e-02 1.07521e-01 1.38710e-01 |
    639 | 2.43670e+01 3.81328e-02 | 1.24285e-02 1.07521e-01 1.38710e-01 |
    640 | 2.44052e+01 3.81325e-02 | 1.24285e-02 1.07521e-01 1.38710e-01 |
    641 | 2.44433e+01 3.81322e-02 | 1.24284e-02 1.07521e-01 1.38710e-01 |
    642 | 2.44814e+01 3.81320e-02 | 1.24284e-02 1.07521e-01 1.38710e-01 |
    643 | 2.45196e+01 3.81317e-02 | 1.24284e-02 1.07521e-01 1.38710e-01 |
    644 | 2.45577e+01 3.81316e-02 | 1.24284e-02 1.07521e-01 1.38710e-01 |
    645 | 2.45958e+01 3.81315e-02 | 1.24284e-02 1.07521e-01 1.38710e-01 |
    646 | 2.46339e+01 3.81314e-02 | 1.24283e-02 1.07521e-01 1.38710e-01 |
    647 | 2.46721e+01 3.81314e-02 | 1.24283e-02 1.07520e-01 1.38710e-01 |
    648 | 2.47102e+01 3.81314e-02 | 1.24283e-02 1.07520e-01 1.38710e-01 |
    649 | 2.47483e+01 3.81314e-02 | 1.24283e-02 1.07520e-01 1.38710e-01 |
    650 | 2.47865e+01 3.81315e-02 | 1.24282e-02 1.07520e-01 1.38710e-01 |
    651 | 2.48246e+01 3.81316e-02 | 1.24282e-02 1.07520e-01 1.38710e-01 |
    652 | 2.48627e+01 3.81318e-02 | 1.24282e-02 1.07520e-01 1.38710e-01 |
    653 | 2.49009e+01 3.81320e-02 | 1.24282e-02 1.07520e-01 1.38710e-01 |
    654 | 2.49390e+01 3.81323e-02 | 1.24282e-02 1.07520e-01 1.38710e-01 |
    655 | 2.49771e+01 3.81326e-02 | 1.24281e-02 1.07520e-01 1.38710e-01 |
    656 | 2.50153e+01 3.81329e-02 | 1.24281e-02 1.07520e-01 1.38710e-01 |
    657 | 2.50534e+01 3.81333e-02 | 1.24281e-02 1.07520e-01 1.38711e-01 |
    658 | 2.50915e+01 3.81338e-02 | 1.24281e-02 1.07519e-01 1.38711e-01 |
    659 | 2.51297e+01 3.81342e-02 | 1.24281e-02 1.07519e-01 1.38711e-01 |
    660 | 2.51678e+01 3.81343e-02 | 1.24280e-02 1.07519e-01 1.38711e-01 |
    661 | 2.52059e+01 3.81339e-02 | 1.24280e-02 1.07519e-01 1.38711e-01 |
    662 | 2.52441e+01 3.81335e-02 | 1.24280e-02 1.07519e-01 1.38711e-01 |
    663 | 2.52822e+01 3.81332e-02 | 1.24280e-02 1.07519e-01 1.38711e-01 |
    664 | 2.53203e+01 3.81329e-02 | 1.24280e-02 1.07519e-01 1.38711e-01 |
    665 | 2.53585e+01 3.81327e-02 | 1.24279e-02 1.07519e-01 1.38711e-01 |
    666 | 2.53966e+01 3.81325e-02 | 1.24279e-02 1.07519e-01 1.38711e-01 |
    667 | 2.54347e+01 3.81324e-02 | 1.24279e-02 1.07519e-01 1.38711e-01 |
    668 | 2.54729e+01 3.81323e-02 | 1.24279e-02 1.07518e-01 1.38711e-01 |
    669 | 2.55110e+01 3.81322e-02 | 1.24278e-02 1.07518e-01 1.38711e-01 |
    670 | 2.55491e+01 3.81322e-02 | 1.24278e-02 1.07518e-01 1.38711e-01 |
    671 | 2.55873e+01 3.81322e-02 | 1.24278e-02 1.07518e-01 1.38711e-01 |
    672 | 2.56254e+01 3.81323e-02 | 1.24278e-02 1.07518e-01 1.38711e-01 |
    673 | 2.56635e+01 3.81324e-02 | 1.24278e-02 1.07518e-01 1.38711e-01 |
    674 | 2.57017e+01 3.81325e-02 | 1.24277e-02 1.07518e-01 1.38711e-01 |
    675 | 2.57398e+01 3.81327e-02 | 1.24277e-02 1.07518e-01 1.38711e-01 |
    676 | 2.57779e+01 3.81329e-02 | 1.24277e-02 1.07518e-01 1.38711e-01 |
    677 | 2.58161e+01 3.81332e-02 | 1.24277e-02 1.07518e-01 1.38711e-01 |
    678 | 2.58542e+01 3.81335e-02 | 1.24277e-02 1.07518e-01 1.38711e-01 |
    679 | 2.58923e+01 3.81339e-02 | 1.24276e-02 1.07517e-01 1.38711e-01 |
    680 | 2.59305e+01 3.81343e-02 | 1.24276e-02 1.07517e-01 1.38711e-01 |
    681 | 2.59686e+01 3.81347e-02 | 1.24276e-02 1.07517e-01 1.38711e-01 |
    682 | 2.60067e+01 3.81352e-02 | 1.24276e-02 1.07517e-01 1.38711e-01 |
    683 | 2.60449e+01 3.81358e-02 | 1.24276e-02 1.07517e-01 1.38711e-01 |
    684 | 2.60830e+01 3.81363e-02 | 1.24275e-02 1.07517e-01 1.38711e-01 |
    685 | 2.61211e+01 3.81369e-02 | 1.24275e-02 1.07517e-01 1.38711e-01 |
    686 | 2.61593e+01 3.81376e-02 | 1.24275e-02 1.07517e-01 1.38711e-01 |
    687 | 2.61974e+01 3.81383e-02 | 1.24275e-02 1.07517e-01 1.38711e-01 |
    688 | 2.62356e+01 3.81390e-02 | 1.24275e-02 1.07517e-01 1.38711e-01 |
    689 | 2.62737e+01 3.81395e-02 | 1.24274e-02 1.07517e-01 1.38711e-01 |
    690 | 2.63118e+01 3.81393e-02 | 1.24274e-02 1.07516e-01 1.38712e-01 |
    691 | 2.63500e+01 3.81388e-02 | 1.24274e-02 1.07516e-01 1.38712e-01 |
    692 | 2.63881e+01 3.81383e-02 | 1.24274e-02 1.07516e-01 1.38712e-01 |
    693 | 2.64262e+01 3.81379e-02 | 1.24274e-02 1.07516e-01 1.38712e-01 |
    694 | 2.64644e+01 3.81375e-02 | 1.24273e-02 1.07516e-01 1.38712e-01 |
    695 | 2.65025e+01 3.81371e-02 | 1.24273e-02 1.07516e-01 1.38712e-01 |
    696 | 2.65407e+01 3.81368e-02 | 1.24273e-02 1.07516e-01 1.38712e-01 |
    697 | 2.65788e+01 3.81366e-02 | 1.24273e-02 1.07516e-01 1.38712e-01 |
    698 | 2.66169e+01 3.81363e-02 | 1.24273e-02 1.07516e-01 1.38712e-01 |
    699 | 2.66551e+01 3.81362e-02 | 1.24272e-02 1.07516e-01 1.38712e-01 |
    700 | 2.66932e+01 3.81360e-02 | 1.24272e-02 1.07515e-01 1.38712e-01 |
    701 | 2.67313e+01 3.81359e-02 | 1.24272e-02 1.07515e-01 1.38712e-01 |
    702 | 2.67695e+01 3.81359e-02 | 1.24272e-02 1.07515e-01 1.38712e-01 |
    703 | 2.68076e+01 3.81359e-02 | 1.24272e-02 1.07515e-01 1.38712e-01 |
    704 | 2.68457e+01 3.81359e-02 | 1.24272e-02 1.07515e-01 1.38712e-01 |
    705 | 2.68839e+01 3.81360e-02 | 1.24271e-02 1.07515e-01 1.38712e-01 |
    706 | 2.69220e+01 3.81361e-02 | 1.24271e-02 1.07515e-01 1.38712e-01 |
    707 | 2.69602e+01 3.81358e-02 | 1.24271e-02 1.07515e-01 1.38712e-01 |
    708 | 2.69983e+01 3.81352e-02 | 1.24271e-02 1.07515e-01 1.38712e-01 |
    709 | 2.70364e+01 3.81347e-02 | 1.24271e-02 1.07515e-01 1.38712e-01 |
    710 | 2.70746e+01 3.81342e-02 | 1.24270e-02 1.07515e-01 1.38712e-01 |
    711 | 2.71127e+01 3.81337e-02 | 1.24270e-02 1.07514e-01 1.38712e-01 |
    712 | 2.71508e+01 3.81333e-02 | 1.24270e-02 1.07514e-01 1.38712e-01 |
    713 | 2.71890e+01 3.81329e-02 | 1.24270e-02 1.07514e-01 1.38712e-01 |
    714 | 2.72271e+01 3.81325e-02 | 1.24270e-02 1.07514e-01 1.38712e-01 |
    715 | 2.72652e+01 3.81322e-02 | 1.24269e-02 1.07514e-01 1.38712e-01 |
    716 | 2.73034e+01 3.81320e-02 | 1.24269e-02 1.07514e-01 1.38712e-01 |
    717 | 2.73415e+01 3.81318e-02 | 1.24269e-02 1.07514e-01 1.38712e-01 |
    718 | 2.73796e+01 3.81316e-02 | 1.24269e-02 1.07514e-01 1.38712e-01 |
    719 | 2.74177e+01 3.81315e-02 | 1.24269e-02 1.07514e-01 1.38712e-01 |
    720 | 2.74559e+01 3.81314e-02 | 1.24268e-02 1.07514e-01 1.38712e-01 |
    721 | 2.74940e+01 3.81313e-02 | 1.24268e-02 1.07513e-01 1.38712e-01 |
    722 | 2.75321e+01 3.81313e-02 | 1.24268e-02 1.07513e-01 1.38712e-01 |
    723 | 2.75703e+01 3.81313e-02 | 1.24268e-02 1.07513e-01 1.38712e-01 |
    724 | 2.76084e+01 3.81314e-02 | 1.24268e-02 1.07513e-01 1.38713e-01 |
    725 | 2.76465e+01 3.81315e-02 | 1.24268e-02 1.07513e-01 1.38713e-01 |
    726 | 2.76847e+01 3.81317e-02 | 1.24267e-02 1.07513e-01 1.38713e-01 |
    727 | 2.77228e+01 3.81319e-02 | 1.24267e-02 1.07513e-01 1.38713e-01 |
    728 | 2.77609e+01 3.81322e-02 | 1.24267e-02 1.07513e-01 1.38713e-01 |
    729 | 2.77991e+01 3.81325e-02 | 1.24267e-02 1.07513e-01 1.38713e-01 |
    730 | 2.78372e+01 3.81328e-02 | 1.24267e-02 1.07513e-01 1.38713e-01 |
    731 | 2.78753e+01 3.81332e-02 | 1.24266e-02 1.07512e-01 1.38713e-01 |
    732 | 2.79135e+01 3.81336e-02 | 1.24266e-02 1.07512e-01 1.38713e-01 |
    733 | 2.79516e+01 3.81339e-02 | 1.24266e-02 1.07512e-01 1.38713e-01 |
    734 | 2.79897e+01 3.81335e-02 | 1.24266e-02 1.07512e-01 1.38713e-01 |
    735 | 2.80279e+01 3.81331e-02 | 1.24266e-02 1.07512e-01 1.38713e-01 |
    736 | 2.80660e+01 3.81327e-02 | 1.24265e-02 1.07512e-01 1.38713e-01 |
    737 | 2.81041e+01 3.81324e-02 | 1.24265e-02 1.07512e-01 1.38713e-01 |
    738 | 2.81423e+01 3.81321e-02 | 1.24265e-02 1.07512e-01 1.38713e-01 |
    739 | 2.81804e+01 3.81319e-02 | 1.24265e-02 1.07512e-01 1.38713e-01 |
    740 | 2.82185e+01 3.81317e-02 | 1.24265e-02 1.07512e-01 1.38713e-01 |
    741 | 2.82567e+01 3.81315e-02 | 1.24265e-02 1.07512e-01 1.38713e-01 |
    742 | 2.82948e+01 3.81314e-02 | 1.24264e-02 1.07511e-01 1.38713e-01 |
    743 | 2.83329e+01 3.81313e-02 | 1.24264e-02 1.07511e-01 1.38713e-01 |
    744 | 2.83711e+01 3.81313e-02 | 1.24264e-02 1.07511e-01 1.38713e-01 |
    745 | 2.84092e+01 3.81313e-02 | 1.24264e-02 1.07511e-01 1.38713e-01 |
    746 | 2.84473e+01 3.81313e-02 | 1.24264e-02 1.07511e-01 1.38713e-01 |
    747 | 2.84854e+01 3.81314e-02 | 1.24263e-02 1.07511e-01 1.38713e-01 |
    748 | 2.85236e+01 3.81316e-02 | 1.24263e-02 1.07511e-01 1.38713e-01 |
    749 | 2.85617e+01 3.81317e-02 | 1.24263e-02 1.07511e-01 1.38713e-01 |
    750 | 2.85998e+01 3.81320e-02 | 1.24263e-02 1.07511e-01 1.38713e-01 |
    751 | 2.86380e+01 3.81322e-02 | 1.24263e-02 1.07511e-01 1.38713e-01 |
    752 | 2.86761e+01 3.81325e-02 | 1.24262e-02 1.07510e-01 1.38713e-01 |
    753 | 2.87142e+01 3.81329e-02 | 1.24262e-02 1.07510e-01 1.38713e-01 |
    754 | 2.87524e+01 3.81333e-02 | 1.24262e-02 1.07510e-01 1.38713e-01 |
    755 | 2.87905e+01 3.81337e-02 | 1.24262e-02 1.07510e-01 1.38713e-01 |
    756 | 2.88286e+01 3.81342e-02 | 1.24262e-02 1.07510e-01 1.38713e-01 |
    757 | 2.88668e+01 3.81347e-02 | 1.24262e-02 1.07510e-01 1.38713e-01 |
    758 | 2.89049e+01 3.81353e-02 | 1.24261e-02 1.07510e-01 1.38714e-01 |
    759 | 2.89430e+01 3.81359e-02 | 1.24261e-02 1.07510e-01 1.38714e-01 |
    760 | 2.89812e+01 3.81357e-02 | 1.24261e-02 1.07510e-01 1.38714e-01 |
    761 | 2.90193e+01 3.81356e-02 | 1.24261e-02 1.07509e-01 1.38714e-01 |
    762 | 2.90575e+01 3.81355e-02 | 1.24261e-02 1.07509e-01 1.38714e-01 |
    763 | 2.90956e+01 3.81355e-02 | 1.24260e-02 1.07509e-01 1.38714e-01 |
    764 | 2.91337e+01 3.81355e-02 | 1.24260e-02 1.07509e-01 1.38714e-01 |
    765 | 2.91719e+01 3.81356e-02 | 1.24260e-02 1.07509e-01 1.38714e-01 |
    766 | 2.92100e+01 3.81356e-02 | 1.24260e-02 1.07509e-01 1.38714e-01 |
    767 | 2.92481e+01 3.81358e-02 | 1.24260e-02 1.07509e-01 1.38714e-01 |
    768 | 2.92863e+01 3.81359e-02 | 1.24260e-02 1.07509e-01 1.38714e-01 |
    769 | 2.93244e+01 3.81362e-02 | 1.24259e-02 1.07509e-01 1.38714e-01 |
    770 | 2.93625e+01 3.81364e-02 | 1.24259e-02 1.07509e-01 1.38714e-01 |
    771 | 2.94007e+01 3.81367e-02 | 1.24259e-02 1.07508e-01 1.38714e-01 |
    772 | 2.94388e+01 3.81371e-02 | 1.24259e-02 1.07508e-01 1.38714e-01 |
    773 | 2.94770e+01 3.81374e-02 | 1.24259e-02 1.07508e-01 1.38714e-01 |
    774 | 2.95151e+01 3.81379e-02 | 1.24258e-02 1.07508e-01 1.38714e-01 |
    775 | 2.95532e+01 3.81383e-02 | 1.24258e-02 1.07508e-01 1.38714e-01 |
    776 | 2.95914e+01 3.81389e-02 | 1.24258e-02 1.07508e-01 1.38714e-01 |
    777 | 2.96295e+01 3.81394e-02 | 1.24258e-02 1.07508e-01 1.38714e-01 |
    778 | 2.96676e+01 3.81391e-02 | 1.24258e-02 1.07508e-01 1.38714e-01 |
    779 | 2.97058e+01 3.81388e-02 | 1.24258e-02 1.07508e-01 1.38714e-01 |
    780 | 2.97439e+01 3.81382e-02 | 1.24257e-02 1.07508e-01 1.38714e-01 |
    781 | 2.97821e+01 3.81375e-02 | 1.24257e-02 1.07507e-01 1.38714e-01 |
    782 | 2.98202e+01 3.81369e-02 | 1.24257e-02 1.07507e-01 1.38714e-01 |
    783 | 2.98583e+01 3.81363e-02 | 1.24257e-02 1.07507e-01 1.38714e-01 |
    784 | 2.98965e+01 3.81358e-02 | 1.24257e-02 1.07507e-01 1.38714e-01 |
    785 | 2.99346e+01 3.81353e-02 | 1.24256e-02 1.07507e-01 1.38714e-01 |
    786 | 2.99727e+01 3.81349e-02 | 1.24256e-02 1.07507e-01 1.38714e-01 |
    787 | 3.00109e+01 3.81345e-02 | 1.24256e-02 1.07507e-01 1.38714e-01 |
    788 | 3.00490e+01 3.81341e-02 | 1.24256e-02 1.07507e-01 1.38714e-01 |
    789 | 3.00871e+01 3.81338e-02 | 1.24256e-02 1.07507e-01 1.38714e-01 |
    790 | 3.01253e+01 3.81335e-02 | 1.24256e-02 1.07507e-01 1.38714e-01 |
    791 | 3.01634e+01 3.81333e-02 | 1.24255e-02 1.07506e-01 1.38715e-01 |
    792 | 3.02015e+01 3.81331e-02 | 1.24255e-02 1.07506e-01 1.38715e-01 |
    793 | 3.02397e+01 3.81329e-02 | 1.24255e-02 1.07506e-01 1.38715e-01 |
    794 | 3.02778e+01 3.81328e-02 | 1.24255e-02 1.07506e-01 1.38715e-01 |
    795 | 3.03159e+01 3.81328e-02 | 1.24255e-02 1.07506e-01 1.38715e-01 |
    796 | 3.03541e+01 3.81328e-02 | 1.24255e-02 1.07506e-01 1.38715e-01 |
    797 | 3.03922e+01 3.81328e-02 | 1.24254e-02 1.07506e-01 1.38715e-01 |
    798 | 3.04303e+01 3.81328e-02 | 1.24254e-02 1.07506e-01 1.38715e-01 |
    799 | 3.04685e+01 3.81330e-02 | 1.24254e-02 1.07506e-01 1.38715e-01 |
    800 | 3.05066e+01 3.81331e-02 | 1.24254e-02 1.07505e-01 1.38715e-01 |
    801 | 3.05447e+01 3.81333e-02 | 1.24254e-02 1.07505e-01 1.38715e-01 |
    802 | 3.05829e+01 3.81335e-02 | 1.24253e-02 1.07505e-01 1.38715e-01 |
    803 | 3.06210e+01 3.81338e-02 | 1.24253e-02 1.07505e-01 1.38715e-01 |
    804 | 3.06591e+01 3.81341e-02 | 1.24253e-02 1.07505e-01 1.38715e-01 |
    805 | 3.06973e+01 3.81345e-02 | 1.24253e-02 1.07505e-01 1.38715e-01 |
    806 | 3.07354e+01 3.81349e-02 | 1.24253e-02 1.07505e-01 1.38715e-01 |
    807 | 3.07735e+01 3.81347e-02 | 1.24253e-02 1.07505e-01 1.38715e-01 |
    808 | 3.08117e+01 3.81342e-02 | 1.24252e-02 1.07505e-01 1.38715e-01 |
    809 | 3.08498e+01 3.81338e-02 | 1.24252e-02 1.07505e-01 1.38715e-01 |
    810 | 3.08879e+01 3.81334e-02 | 1.24252e-02 1.07504e-01 1.38715e-01 |
    811 | 3.09261e+01 3.81331e-02 | 1.24252e-02 1.07504e-01 1.38715e-01 |
    812 | 3.09642e+01 3.81328e-02 | 1.24252e-02 1.07504e-01 1.38715e-01 |
    813 | 3.10023e+01 3.81325e-02 | 1.24251e-02 1.07504e-01 1.38715e-01 |
    814 | 3.10405e+01 3.81323e-02 | 1.24251e-02 1.07504e-01 1.38715e-01 |
    815 | 3.10786e+01 3.81321e-02 | 1.24251e-02 1.07504e-01 1.38715e-01 |
    816 | 3.11167e+01 3.81320e-02 | 1.24251e-02 1.07504e-01 1.38715e-01 |
    817 | 3.11549e+01 3.81319e-02 | 1.24251e-02 1.07504e-01 1.38715e-01 |
    818 | 3.11930e+01 3.81319e-02 | 1.24251e-02 1.07504e-01 1.38715e-01 |
    819 | 3.12311e+01 3.81319e-02 | 1.24250e-02 1.07503e-01 1.38715e-01 |
    820 | 3.12693e+01 3.81319e-02 | 1.24250e-02 1.07503e-01 1.38715e-01 |
    821 | 3.13074e+01 3.81320e-02 | 1.24250e-02 1.07503e-01 1.38715e-01 |
    822 | 3.13455e+01 3.81321e-02 | 1.24250e-02 1.07503e-01 1.38715e-01 |
    823 | 3.13837e+01 3.81323e-02 | 1.24250e-02 1.07503e-01 1.38716e-01 |
    824 | 3.14218e+01 3.81325e-02 | 1.24250e-02 1.07503e-01 1.38716e-01 |
    825 | 3.14599e+01 3.81327e-02 | 1.24249e-02 1.07503e-01 1.38716e-01 |
    826 | 3.14981e+01 3.81330e-02 | 1.24249e-02 1.07503e-01 1.38716e-01 |
    827 | 3.15362e+01 3.81334e-02 | 1.24249e-02 1.07503e-01 1.38716e-01 |
    828 | 3.15743e+01 3.81337e-02 | 1.24249e-02 1.07502e-01 1.38716e-01 |
    829 | 3.16125e+01 3.81342e-02 | 1.24249e-02 1.07502e-01 1.38716e-01 |
    830 | 3.16506e+01 3.81341e-02 | 1.24248e-02 1.07502e-01 1.38716e-01 |
    831 | 3.16887e+01 3.81338e-02 | 1.24248e-02 1.07502e-01 1.38716e-01 |
    832 | 3.17269e+01 3.81336e-02 | 1.24248e-02 1.07502e-01 1.38716e-01 |
    833 | 3.17650e+01 3.81333e-02 | 1.24248e-02 1.07502e-01 1.38716e-01 |
    834 | 3.18031e+01 3.81332e-02 | 1.24248e-02 1.07502e-01 1.38716e-01 |
    835 | 3.18413e+01 3.81330e-02 | 1.24248e-02 1.07502e-01 1.38716e-01 |
    836 | 3.18794e+01 3.81329e-02 | 1.24247e-02 1.07502e-01 1.38716e-01 |
    837 | 3.19175e+01 3.81329e-02 | 1.24247e-02 1.07501e-01 1.38716e-01 |
    838 | 3.19557e+01 3.81329e-02 | 1.24247e-02 1.07501e-01 1.38716e-01 |
    839 | 3.19938e+01 3.81329e-02 | 1.24247e-02 1.07501e-01 1.38716e-01 |
    840 | 3.20319e+01 3.81330e-02 | 1.24247e-02 1.07501e-01 1.38716e-01 |
    841 | 3.20701e+01 3.81331e-02 | 1.24247e-02 1.07501e-01 1.38716e-01 |
    842 | 3.21082e+01 3.81333e-02 | 1.24246e-02 1.07501e-01 1.38716e-01 |
    843 | 3.21463e+01 3.81335e-02 | 1.24246e-02 1.07501e-01 1.38716e-01 |
    844 | 3.21845e+01 3.81338e-02 | 1.24246e-02 1.07501e-01 1.38716e-01 |
    845 | 3.22226e+01 3.81340e-02 | 1.24246e-02 1.07501e-01 1.38716e-01 |
    846 | 3.22607e+01 3.81344e-02 | 1.24246e-02 1.07501e-01 1.38716e-01 |
    847 | 3.22989e+01 3.81348e-02 | 1.24246e-02 1.07500e-01 1.38716e-01 |
    848 | 3.23370e+01 3.81352e-02 | 1.24245e-02 1.07500e-01 1.38716e-01 |
    849 | 3.23751e+01 3.81356e-02 | 1.24245e-02 1.07500e-01 1.38716e-01 |
    850 | 3.24133e+01 3.81361e-02 | 1.24245e-02 1.07500e-01 1.38716e-01 |
    851 | 3.24514e+01 3.81361e-02 | 1.24245e-02 1.07500e-01 1.38716e-01 |
    852 | 3.24895e+01 3.81358e-02 | 1.24245e-02 1.07500e-01 1.38716e-01 |
    853 | 3.25277e+01 3.81354e-02 | 1.24244e-02 1.07500e-01 1.38716e-01 |
    854 | 3.25658e+01 3.81351e-02 | 1.24244e-02 1.07500e-01 1.38716e-01 |
    855 | 3.26039e+01 3.81349e-02 | 1.24244e-02 1.07500e-01 1.38716e-01 |
    856 | 3.26421e+01 3.81347e-02 | 1.24244e-02 1.07499e-01 1.38717e-01 |
    857 | 3.26802e+01 3.81345e-02 | 1.24244e-02 1.07499e-01 1.38717e-01 |
    858 | 3.27184e+01 3.81344e-02 | 1.24244e-02 1.07499e-01 1.38717e-01 |
    859 | 3.27565e+01 3.81343e-02 | 1.24243e-02 1.07499e-01 1.38717e-01 |
    860 | 3.27946e+01 3.81343e-02 | 1.24243e-02 1.07499e-01 1.38717e-01 |
    861 | 3.28328e+01 3.81343e-02 | 1.24243e-02 1.07499e-01 1.38717e-01 |
    862 | 3.28709e+01 3.81344e-02 | 1.24243e-02 1.07499e-01 1.38717e-01 |
    863 | 3.29090e+01 3.81345e-02 | 1.24243e-02 1.07499e-01 1.38717e-01 |
    864 | 3.29472e+01 3.81346e-02 | 1.24243e-02 1.07499e-01 1.38717e-01 |
    865 | 3.29853e+01 3.81348e-02 | 1.24242e-02 1.07498e-01 1.38717e-01 |
    866 | 3.30234e+01 3.81350e-02 | 1.24242e-02 1.07498e-01 1.38717e-01 |
    867 | 3.30616e+01 3.81353e-02 | 1.24242e-02 1.07498e-01 1.38717e-01 |
    868 | 3.30997e+01 3.81356e-02 | 1.24242e-02 1.07498e-01 1.38717e-01 |
    869 | 3.31378e+01 3.81358e-02 | 1.24242e-02 1.07498e-01 1.38717e-01 |
    870 | 3.31760e+01 3.81357e-02 | 1.24242e-02 1.07498e-01 1.38717e-01 |
    871 | 3.32141e+01 3.81357e-02 | 1.24241e-02 1.07498e-01 1.38717e-01 |
    872 | 3.32522e+01 3.81358e-02 | 1.24241e-02 1.07498e-01 1.38717e-01 |
    873 | 3.32904e+01 3.81359e-02 | 1.24241e-02 1.07498e-01 1.38717e-01 |
    874 | 3.33285e+01 3.81360e-02 | 1.24241e-02 1.07497e-01 1.38717e-01 |
    875 | 3.33666e+01 3.81362e-02 | 1.24241e-02 1.07497e-01 1.38717e-01 |
    876 | 3.34048e+01 3.81364e-02 | 1.24240e-02 1.07497e-01 1.38717e-01 |
    877 | 3.34429e+01 3.81367e-02 | 1.24240e-02 1.07497e-01 1.38717e-01 |
    878 | 3.34811e+01 3.81370e-02 | 1.24240e-02 1.07497e-01 1.38717e-01 |
    879 | 3.35192e+01 3.81373e-02 | 1.24240e-02 1.07497e-01 1.38717e-01 |
    880 | 3.35573e+01 3.81375e-02 | 1.24240e-02 1.07497e-01 1.38717e-01 |
    881 | 3.35955e+01 3.81370e-02 | 1.24240e-02 1.07497e-01 1.38717e-01 |
    882 | 3.36336e+01 3.81365e-02 | 1.24239e-02 1.07497e-01 1.38717e-01 |
    883 | 3.36717e+01 3.81360e-02 | 1.24239e-02 1.07496e-01 1.38717e-01 |
    884 | 3.37099e+01 3.81356e-02 | 1.24239e-02 1.07496e-01 1.38717e-01 |
    885 | 3.37480e+01 3.81353e-02 | 1.24239e-02 1.07496e-01 1.38717e-01 |
    886 | 3.37862e+01 3.81350e-02 | 1.24239e-02 1.07496e-01 1.38717e-01 |
    887 | 3.38243e+01 3.81347e-02 | 1.24239e-02 1.07496e-01 1.38717e-01 |
    888 | 3.38624e+01 3.81345e-02 | 1.24238e-02 1.07496e-01 1.38717e-01 |
    889 | 3.39006e+01 3.81343e-02 | 1.24238e-02 1.07496e-01 1.38717e-01 |
    890 | 3.39387e+01 3.81341e-02 | 1.24238e-02 1.07496e-01 1.38718e-01 |
    891 | 3.39768e+01 3.81340e-02 | 1.24238e-02 1.07496e-01 1.38718e-01 |
    892 | 3.40150e+01 3.81340e-02 | 1.24238e-02 1.07495e-01 1.38718e-01 |
    893 | 3.40531e+01 3.81340e-02 | 1.24238e-02 1.07495e-01 1.38718e-01 |
    894 | 3.40912e+01 3.81340e-02 | 1.24237e-02 1.07495e-01 1.38718e-01 |
    895 | 3.41294e+01 3.81340e-02 | 1.24237e-02 1.07495e-01 1.38718e-01 |
    896 | 3.41675e+01 3.81342e-02 | 1.24237e-02 1.07495e-01 1.38718e-01 |
    897 | 3.42056e+01 3.81343e-02 | 1.24237e-02 1.07495e-01 1.38718e-01 |
    898 | 3.42438e+01 3.81345e-02 | 1.24237e-02 1.07495e-01 1.38718e-01 |
    899 | 3.42819e+01 3.81347e-02 | 1.24237e-02 1.07495e-01 1.38718e-01 |
    900 | 3.43200e+01 3.81348e-02 | 1.24236e-02 1.07494e-01 1.38718e-01 |
    901 | 3.43582e+01 3.81343e-02 | 1.24236e-02 1.07494e-01 1.38718e-01 |
    902 | 3.43963e+01 3.81338e-02 | 1.24236e-02 1.07494e-01 1.38718e-01 |
    903 | 3.44344e+01 3.81334e-02 | 1.24236e-02 1.07494e-01 1.38718e-01 |
    904 | 3.44726e+01 3.81331e-02 | 1.24236e-02 1.07494e-01 1.38718e-01 |
    905 | 3.45107e+01 3.81328e-02 | 1.24236e-02 1.07494e-01 1.38718e-01 |
    906 | 3.45488e+01 3.81325e-02 | 1.24235e-02 1.07494e-01 1.38718e-01 |
    907 | 3.45870e+01 3.81323e-02 | 1.24235e-02 1.07494e-01 1.38718e-01 |
    908 | 3.46251e+01 3.81321e-02 | 1.24235e-02 1.07494e-01 1.38718e-01 |
    909 | 3.46632e+01 3.81319e-02 | 1.24235e-02 1.07493e-01 1.38718e-01 |
    910 | 3.47014e+01 3.81318e-02 | 1.24235e-02 1.07493e-01 1.38718e-01 |
    911 | 3.47395e+01 3.81318e-02 | 1.24235e-02 1.07493e-01 1.38718e-01 |
    912 | 3.47776e+01 3.81318e-02 | 1.24234e-02 1.07493e-01 1.38718e-01 |
    913 | 3.48158e+01 3.81318e-02 | 1.24234e-02 1.07493e-01 1.38718e-01 |
    914 | 3.48539e+01 3.81318e-02 | 1.24234e-02 1.07493e-01 1.38718e-01 |
    915 | 3.48920e+01 3.81320e-02 | 1.24234e-02 1.07493e-01 1.38718e-01 |
    916 | 3.49301e+01 3.81321e-02 | 1.24234e-02 1.07493e-01 1.38718e-01 |
    917 | 3.49683e+01 3.81323e-02 | 1.24233e-02 1.07493e-01 1.38718e-01 |
    918 | 3.50064e+01 3.81325e-02 | 1.24233e-02 1.07492e-01 1.38718e-01 |
    919 | 3.50445e+01 3.81328e-02 | 1.24233e-02 1.07492e-01 1.38718e-01 |
    920 | 3.50827e+01 3.81331e-02 | 1.24233e-02 1.07492e-01 1.38718e-01 |
    921 | 3.51208e+01 3.81335e-02 | 1.24233e-02 1.07492e-01 1.38718e-01 |
    922 | 3.51589e+01 3.81339e-02 | 1.24233e-02 1.07492e-01 1.38718e-01 |
    923 | 3.51971e+01 3.81344e-02 | 1.24232e-02 1.07492e-01 1.38718e-01 |
    924 | 3.52352e+01 3.81347e-02 | 1.24232e-02 1.07492e-01 1.38718e-01 |
    925 | 3.52734e+01 3.81343e-02 | 1.24232e-02 1.07492e-01 1.38719e-01 |
    926 | 3.53115e+01 3.81339e-02 | 1.24232e-02 1.07492e-01 1.38719e-01 |
    927 | 3.53496e+01 3.81335e-02 | 1.24232e-02 1.07491e-01 1.38719e-01 |
    928 | 3.53878e+01 3.81332e-02 | 1.24232e-02 1.07491e-01 1.38719e-01 |
    929 | 3.54259e+01 3.81330e-02 | 1.24231e-02 1.07491e-01 1.38719e-01 |
    930 | 3.54640e+01 3.81328e-02 | 1.24231e-02 1.07491e-01 1.38719e-01 |
    931 | 3.55021e+01 3.81326e-02 | 1.24231e-02 1.07491e-01 1.38719e-01 |
    932 | 3.55403e+01 3.81325e-02 | 1.24231e-02 1.07491e-01 1.38719e-01 |
    933 | 3.55784e+01 3.81324e-02 | 1.24231e-02 1.07491e-01 1.38719e-01 |
    934 | 3.56165e+01 3.81323e-02 | 1.24231e-02 1.07491e-01 1.38719e-01 |
    935 | 3.56547e+01 3.81323e-02 | 1.24230e-02 1.07490e-01 1.38719e-01 |
    936 | 3.56928e+01 3.81324e-02 | 1.24230e-02 1.07490e-01 1.38719e-01 |
    937 | 3.57309e+01 3.81325e-02 | 1.24230e-02 1.07490e-01 1.38719e-01 |
    938 | 3.57691e+01 3.81326e-02 | 1.24230e-02 1.07490e-01 1.38719e-01 |
    939 | 3.58072e+01 3.81328e-02 | 1.24230e-02 1.07490e-01 1.38719e-01 |
    940 | 3.58453e+01 3.81330e-02 | 1.24230e-02 1.07490e-01 1.38719e-01 |
    941 | 3.58835e+01 3.81332e-02 | 1.24229e-02 1.07490e-01 1.38719e-01 |
    942 | 3.59216e+01 3.81335e-02 | 1.24229e-02 1.07490e-01 1.38719e-01 |
    943 | 3.59597e+01 3.81338e-02 | 1.24229e-02 1.07490e-01 1.38719e-01 |
    944 | 3.59979e+01 3.81342e-02 | 1.24229e-02 1.07489e-01 1.38719e-01 |
    945 | 3.60360e+01 3.81346e-02 | 1.24229e-02 1.07489e-01 1.38719e-01 |
    946 | 3.60741e+01 3.81351e-02 | 1.24229e-02 1.07489e-01 1.38719e-01 |
    947 | 3.61123e+01 3.81356e-02 | 1.24228e-02 1.07489e-01 1.38719e-01 |
    948 | 3.61504e+01 3.81362e-02 | 1.24228e-02 1.07489e-01 1.38719e-01 |
    949 | 3.61886e+01 3.81367e-02 | 1.24228e-02 1.07489e-01 1.38719e-01 |
    950 | 3.62267e+01 3.81374e-02 | 1.24228e-02 1.07489e-01 1.38719e-01 |
    951 | 3.62648e+01 3.81380e-02 | 1.24228e-02 1.07489e-01 1.38719e-01 |
    952 | 3.63030e+01 3.81388e-02 | 1.24228e-02 1.07489e-01 1.38719e-01 |
    953 | 3.63411e+01 3.81388e-02 | 1.24227e-02 1.07488e-01 1.38719e-01 |
    954 | 3.63792e+01 3.81388e-02 | 1.24227e-02 1.07488e-01 1.38719e-01 |
    955 | 3.64174e+01 3.81389e-02 | 1.24227e-02 1.07488e-01 1.38719e-01 |
    956 | 3.64555e+01 3.81389e-02 | 1.24227e-02 1.07488e-01 1.38719e-01 |
    957 | 3.64937e+01 3.81391e-02 | 1.24227e-02 1.07488e-01 1.38719e-01 |
    958 | 3.65318e+01 3.81392e-02 | 1.24227e-02 1.07488e-01 1.38719e-01 |
    959 | 3.65699e+01 3.81390e-02 | 1.24226e-02 1.07488e-01 1.38719e-01 |
    960 | 3.66081e+01 3.81387e-02 | 1.24226e-02 1.07488e-01 1.38719e-01 |
    961 | 3.66462e+01 3.81384e-02 | 1.24226e-02 1.07487e-01 1.38719e-01 |
    962 | 3.66844e+01 3.81382e-02 | 1.24226e-02 1.07487e-01 1.38720e-01 |
    963 | 3.67225e+01 3.81380e-02 | 1.24226e-02 1.07487e-01 1.38720e-01 |
    964 | 3.67606e+01 3.81378e-02 | 1.24226e-02 1.07487e-01 1.38720e-01 |
    965 | 3.67988e+01 3.81377e-02 | 1.24225e-02 1.07487e-01 1.38720e-01 |
    966 | 3.68369e+01 3.81376e-02 | 1.24225e-02 1.07487e-01 1.38720e-01 |
    967 | 3.68750e+01 3.81376e-02 | 1.24225e-02 1.07487e-01 1.38720e-01 |
    968 | 3.69132e+01 3.81376e-02 | 1.24225e-02 1.07487e-01 1.38720e-01 |
    969 | 3.69513e+01 3.81376e-02 | 1.24225e-02 1.07487e-01 1.38720e-01 |
    970 | 3.69895e+01 3.81377e-02 | 1.24225e-02 1.07486e-01 1.38720e-01 |
    971 | 3.70276e+01 3.81370e-02 | 1.24224e-02 1.07486e-01 1.38720e-01 |
    972 | 3.70657e+01 3.81364e-02 | 1.24224e-02 1.07486e-01 1.38720e-01 |
    973 | 3.71039e+01 3.81358e-02 | 1.24224e-02 1.07486e-01 1.38720e-01 |
    974 | 3.71420e+01 3.81353e-02 | 1.24224e-02 1.07486e-01 1.38720e-01 |
    975 | 3.71801e+01 3.81348e-02 | 1.24224e-02 1.07486e-01 1.38720e-01 |
    976 | 3.72183e+01 3.81343e-02 | 1.24224e-02 1.07486e-01 1.38720e-01 |
    977 | 3.72564e+01 3.81339e-02 | 1.24223e-02 1.07486e-01 1.38720e-01 |
    978 | 3.72945e+01 3.81335e-02 | 1.24223e-02 1.07486e-01 1.38720e-01 |
    979 | 3.73327e+01 3.81332e-02 | 1.24223e-02 1.07485e-01 1.38720e-01 |
    980 | 3.73708e+01 3.81329e-02 | 1.24223e-02 1.07485e-01 1.38720e-01 |
    981 | 3.74089e+01 3.81327e-02 | 1.24223e-02 1.07485e-01 1.38720e-01 |
    982 | 3.74471e+01 3.81325e-02 | 1.24223e-02 1.07485e-01 1.38720e-01 |
    983 | 3.74852e+01 3.81323e-02 | 1.24222e-02 1.07485e-01 1.38720e-01 |
    984 | 3.75233e+01 3.81322e-02 | 1.24222e-02 1.07485e-01 1.38720e-01 |
    985 | 3.75615e+01 3.81321e-02 | 1.24222e-02 1.07485e-01 1.38720e-01 |
    986 | 3.75996e+01 3.81321e-02 | 1.24222e-02 1.07485e-01 1.38720e-01 |
    987 | 3.76377e+01 3.81321e-02 | 1.24222e-02 1.07484e-01 1.38720e-01 |
    988 | 3.76759e+01 3.81322e-02 | 1.24222e-02 1.07484e-01 1.38720e-01 |
    989 | 3.77140e+01 3.81323e-02 | 1.24221e-02 1.07484e-01 1.38720e-01 |
    990 | 3.77521e+01 3.81324e-02 | 1.24221e-02 1.07484e-01 1.38720e-01 |
    991 | 3.77903e+01 3.81326e-02 | 1.24221e-02 1.07484e-01 1.38720e-01 |
    992 | 3.78284e+01 3.81328e-02 | 1.24221e-02 1.07484e-01 1.38720e-01 |
    993 | 3.78665e+01 3.81331e-02 | 1.24221e-02 1.07484e-01 1.38720e-01 |
    994 | 3.79047e+01 3.81334e-02 | 1.24221e-02 1.07484e-01 1.38720e-01 |
    995 | 3.79428e+01 3.81337e-02 | 1.24220e-02 1.07484e-01 1.38720e-01 |
    996 | 3.79809e+01 3.81341e-02 | 1.24220e-02 1.07483e-01 1.38720e-01 |
    997 | 3.80191e+01 3.81346e-02 | 1.24220e-02 1.07483e-01 1.38720e-01 |
    998 | 3.80572e+01 3.81343e-02 | 1.24220e-02 1.07483e-01 1.38720e-01 |
    999 | 3.80953e+01 3.81339e-02 | 1.24220e-02 1.07483e-01 1.38720e-01 |
   1000 | 3.81335e+01 3.81335e-02 | 1.24220e-02 1.07483e-01 1.38720e-01 |
   1001 | 3.81716e+01 3.81331e-02 | 1.24219e-02 1.07483e-01 1.38721e-01 |
   1002 | 3.82097e+01 3.81328e-02 | 1.24219e-02 1.07483e-01 1.38721e-01 |
   1003 | 3.82479e+01 3.81325e-02 | 1.24219e-02 1.07483e-01 1.38721e-01 |
   1004 | 3.82860e+01 3.81323e-02 | 1.24219e-02 1.07482e-01 1.38721e-01 |
   1005 | 3.83241e+01 3.81321e-02 | 1.24219e-02 1.07482e-01 1.38721e-01 |
   1006 | 3.83623e+01 3.81320e-02 | 1.24219e-02 1.07482e-01 1.38721e-01 |
   1007 | 3.84004e+01 3.81319e-02 | 1.24218e-02 1.07482e-01 1.38721e-01 |
   1008 | 3.84385e+01 3.81318e-02 | 1.24218e-02 1.07482e-01 1.38721e-01 |
   1009 | 3.84767e+01 3.81318e-02 | 1.24218e-02 1.07482e-01 1.38721e-01 |
   1010 | 3.85148e+01 3.81319e-02 | 1.24218e-02 1.07482e-01 1.38721e-01 |
   1011 | 3.85529e+01 3.81319e-02 | 1.24218e-02 1.07482e-01 1.38721e-01 |
   1012 | 3.85911e+01 3.81320e-02 | 1.24218e-02 1.07482e-01 1.38721e-01 |
   1013 | 3.86292e+01 3.81322e-02 | 1.24217e-02 1.07481e-01 1.38721e-01 |
   1014 | 3.86673e+01 3.81324e-02 | 1.24217e-02 1.07481e-01 1.38721e-01 |
   1015 | 3.87054e+01 3.81326e-02 | 1.24217e-02 1.07481e-01 1.38721e-01 |
   1016 | 3.87436e+01 3.81329e-02 | 1.24217e-02 1.07481e-01 1.38721e-01 |
   1017 | 3.87817e+01 3.81332e-02 | 1.24217e-02 1.07481e-01 1.38721e-01 |
   1018 | 3.88198e+01 3.81336e-02 | 1.24217e-02 1.07481e-01 1.38721e-01 |
   1019 | 3.88580e+01 3.81340e-02 | 1.24216e-02 1.07481e-01 1.38721e-01 |
   1020 | 3.88961e+01 3.81345e-02 | 1.24216e-02 1.07481e-01 1.38721e-01 |
   1021 | 3.89343e+01 3.81349e-02 | 1.24216e-02 1.07480e-01 1.38721e-01 |
   1022 | 3.89724e+01 3.81355e-02 | 1.24216e-02 1.07480e-01 1.38721e-01 |
   1023 | 3.90105e+01 3.81357e-02 | 1.24216e-02 1.07480e-01 1.38721e-01 |
   1024 | 3.90487e+01 3.81355e-02 | 1.24216e-02 1.07480e-01 1.38721e-01 |
   1025 | 3.90868e+01 3.81353e-02 | 1.24215e-02 1.07480e-01 1.38721e-01 |
   1026 | 3.91249e+01 3.81352e-02 | 1.24215e-02 1.07480e-01 1.38721e-01 |
   1027 | 3.91631e+01 3.81352e-02 | 1.24215e-02 1.07480e-01 1.38721e-01 |
   1028 | 3.92012e+01 3.81352e-02 | 1.24215e-02 1.07480e-01 1.38721e-01 |
   1029 | 3.92393e+01 3.81352e-02 | 1.24215e-02 1.07480e-01 1.38721e-01 |
   1030 | 3.92775e+01 3.81353e-02 | 1.24215e-02 1.07479e-01 1.38721e-01 |
   1031 | 3.93156e+01 3.81354e-02 | 1.24214e-02 1.07479e-01 1.38721e-01 |
   1032 | 3.93537e+01 3.81355e-02 | 1.24214e-02 1.07479e-01 1.38721e-01 |
   1033 | 3.93919e+01 3.81357e-02 | 1.24214e-02 1.07479e-01 1.38721e-01 |
   1034 | 3.94300e+01 3.81359e-02 | 1.24214e-02 1.07479e-01 1.38721e-01 |
   1035 | 3.94681e+01 3.81362e-02 | 1.24214e-02 1.07479e-01 1.38721e-01 |
   1036 | 3.95063e+01 3.81365e-02 | 1.24214e-02 1.07479e-01 1.38721e-01 |
   1037 | 3.95444e+01 3.81369e-02 | 1.24213e-02 1.07479e-01 1.38721e-01 |
   1038 | 3.95826e+01 3.81373e-02 | 1.24213e-02 1.07478e-01 1.38721e-01 |
   1039 | 3.96207e+01 3.81377e-02 | 1.24213e-02 1.07478e-01 1.38721e-01 |
   1040 | 3.96588e+01 3.81382e-02 | 1.24213e-02 1.07478e-01 1.38721e-01 |
   1041 | 3.96970e+01 3.81388e-02 | 1.24213e-02 1.07478e-01 1.38721e-01 |
   1042 | 3.97351e+01 3.81388e-02 | 1.24213e-02 1.07478e-01 1.38721e-01 |
   1043 | 3.97733e+01 3.81384e-02 | 1.24212e-02 1.07478e-01 1.38722e-01 |
   1044 | 3.98114e+01 3.81381e-02 | 1.24212e-02 1.07478e-01 1.38722e-01 |
   1045 | 3.98495e+01 3.81379e-02 | 1.24212e-02 1.07478e-01 1.38722e-01 |
   1046 | 3.98877e+01 3.81376e-02 | 1.24212e-02 1.07477e-01 1.38722e-01 |
   1047 | 3.99258e+01 3.81375e-02 | 1.24212e-02 1.07477e-01 1.38722e-01 |
   1048 | 3.99639e+01 3.81373e-02 | 1.24212e-02 1.07477e-01 1.38722e-01 |
   1049 | 4.00021e+01 3.81368e-02 | 1.24211e-02 1.07477e-01 1.38722e-01 |
   1050 | 4.00402e+01 3.81363e-02 | 1.24211e-02 1.07477e-01 1.38722e-01 |
   1051 | 4.00783e+01 3.81359e-02 | 1.24211e-02 1.07477e-01 1.38722e-01 |
   1052 | 4.01165e+01 3.81355e-02 | 1.24211e-02 1.07477e-01 1.38722e-01 |
   1053 | 4.01546e+01 3.81352e-02 | 1.24211e-02 1.07477e-01 1.38722e-01 |
   1054 | 4.01928e+01 3.81349e-02 | 1.24211e-02 1.07477e-01 1.38722e-01 |
   1055 | 4.02309e+01 3.81346e-02 | 1.24210e-02 1.07476e-01 1.38722e-01 |
   1056 | 4.02690e+01 3.81344e-02 | 1.24210e-02 1.07476e-01 1.38722e-01 |
   1057 | 4.03072e+01 3.81342e-02 | 1.24210e-02 1.07476e-01 1.38722e-01 |
   1058 | 4.03453e+01 3.81341e-02 | 1.24210e-02 1.07476e-01 1.38722e-01 |
   1059 | 4.03834e+01 3.81340e-02 | 1.24210e-02 1.07476e-01 1.38722e-01 |
   1060 | 4.04216e+01 3.81340e-02 | 1.24210e-02 1.07476e-01 1.38722e-01 |
   1061 | 4.04597e+01 3.81340e-02 | 1.24209e-02 1.07476e-01 1.38722e-01 |
   1062 | 4.04978e+01 3.81340e-02 | 1.24209e-02 1.07476e-01 1.38722e-01 |
   1063 | 4.05360e+01 3.81341e-02 | 1.24209e-02 1.07475e-01 1.38722e-01 |
   1064 | 4.05741e+01 3.81342e-02 | 1.24209e-02 1.07475e-01 1.38722e-01 |
   1065 | 4.06122e+01 3.81344e-02 | 1.24209e-02 1.07475e-01 1.38722e-01 |
   1066 | 4.06504e+01 3.81346e-02 | 1.24209e-02 1.07475e-01 1.38722e-01 |
   1067 | 4.06885e+01 3.81348e-02 | 1.24208e-02 1.07475e-01 1.38722e-01 |
   1068 | 4.07266e+01 3.81351e-02 | 1.24208e-02 1.07475e-01 1.38722e-01 |
   1069 | 4.07648e+01 3.81355e-02 | 1.24208e-02 1.07475e-01 1.38722e-01 |
   1070 | 4.08029e+01 3.81358e-02 | 1.24208e-02 1.07475e-01 1.38722e-01 |
   1071 | 4.08410e+01 3.81359e-02 | 1.24208e-02 1.07474e-01 1.38722e-01 |
   1072 | 4.08792e+01 3.81355e-02 | 1.24208e-02 1.07474e-01 1.38722e-01 |
   1073 | 4.09173e+01 3.81350e-02 | 1.24207e-02 1.07474e-01 1.38722e-01 |
   1074 | 4.09554e+01 3.81346e-02 | 1.24207e-02 1.07474e-01 1.38722e-01 |
   1075 | 4.09936e+01 3.81342e-02 | 1.24207e-02 1.07474e-01 1.38722e-01 |
   1076 | 4.10317e+01 3.81339e-02 | 1.24207e-02 1.07474e-01 1.38722e-01 |
   1077 | 4.10698e+01 3.81336e-02 | 1.24207e-02 1.07474e-01 1.38722e-01 |
   1078 | 4.11080e+01 3.81334e-02 | 1.24207e-02 1.07474e-01 1.38722e-01 |
   1079 | 4.11461e+01 3.81332e-02 | 1.24207e-02 1.07473e-01 1.38722e-01 |
   1080 | 4.11842e+01 3.81330e-02 | 1.24206e-02 1.07473e-01 1.38722e-01 |
   1081 | 4.12224e+01 3.81329e-02 | 1.24206e-02 1.07473e-01 1.38722e-01 |
   1082 | 4.12605e+01 3.81328e-02 | 1.24206e-02 1.07473e-01 1.38722e-01 |
   1083 | 4.12986e+01 3.81328e-02 | 1.24206e-02 1.07473e-01 1.38722e-01 |
   1084 | 4.13368e+01 3.81328e-02 | 1.24206e-02 1.07473e-01 1.38722e-01 |
   1085 | 4.13749e+01 3.81329e-02 | 1.24206e-02 1.07473e-01 1.38722e-01 |
   1086 | 4.14130e+01 3.81330e-02 | 1.24205e-02 1.07473e-01 1.38722e-01 |
   1087 | 4.14512e+01 3.81331e-02 | 1.24205e-02 1.07473e-01 1.38722e-01 |
   1088 | 4.14893e+01 3.81333e-02 | 1.24205e-02 1.07472e-01 1.38722e-01 |
   1089 | 4.15274e+01 3.81335e-02 | 1.24205e-02 1.07472e-01 1.38723e-01 |
   1090 | 4.15656e+01 3.81338e-02 | 1.24205e-02 1.07472e-01 1.38723e-01 |
   1091 | 4.16037e+01 3.81341e-02 | 1.24205e-02 1.07472e-01 1.38723e-01 |
   1092 | 4.16418e+01 3.81345e-02 | 1.24204e-02 1.07472e-01 1.38723e-01 |
   1093 | 4.16800e+01 3.81347e-02 | 1.24204e-02 1.07472e-01 1.38723e-01 |
   1094 | 4.17181e+01 3.81344e-02 | 1.24204e-02 1.07472e-01 1.38723e-01 |
   1095 | 4.17563e+01 3.81340e-02 | 1.24204e-02 1.07472e-01 1.38723e-01 |
   1096 | 4.17944e+01 3.81338e-02 | 1.24204e-02 1.07471e-01 1.38723e-01 |
   1097 | 4.18325e+01 3.81335e-02 | 1.24204e-02 1.07471e-01 1.38723e-01 |
   1098 | 4.18707e+01 3.81333e-02 | 1.24203e-02 1.07471e-01 1.38723e-01 |
   1099 | 4.19088e+01 3.81332e-02 | 1.24203e-02 1.07471e-01 1.38723e-01 |
   1100 | 4.19469e+01 3.81331e-02 | 1.24203e-02 1.07471e-01 1.38723e-01 |
   1101 | 4.19851e+01 3.81330e-02 | 1.24203e-02 1.07471e-01 1.38723e-01 |
   1102 | 4.20232e+01 3.81330e-02 | 1.24203e-02 1.07471e-01 1.38723e-01 |
   1103 | 4.20613e+01 3.81330e-02 | 1.24203e-02 1.07471e-01 1.38723e-01 |
   1104 | 4.20994e+01 3.81330e-02 | 1.24202e-02 1.07470e-01 1.38723e-01 |
   1105 | 4.21376e+01 3.81331e-02 | 1.24202e-02 1.07470e-01 1.38723e-01 |
   1106 | 4.21757e+01 3.81333e-02 | 1.24202e-02 1.07470e-01 1.38723e-01 |
   1107 | 4.22138e+01 3.81334e-02 | 1.24202e-02 1.07470e-01 1.38723e-01 |
   1108 | 4.22520e+01 3.81337e-02 | 1.24202e-02 1.07470e-01 1.38723e-01 |
   1109 | 4.22901e+01 3.81339e-02 | 1.24202e-02 1.07470e-01 1.38723e-01 |
   1110 | 4.23283e+01 3.81342e-02 | 1.24201e-02 1.07470e-01 1.38723e-01 |
   1111 | 4.23664e+01 3.81346e-02 | 1.24201e-02 1.07470e-01 1.38723e-01 |
   1112 | 4.24045e+01 3.81350e-02 | 1.24201e-02 1.07469e-01 1.38723e-01 |
   1113 | 4.24427e+01 3.81354e-02 | 1.24201e-02 1.07469e-01 1.38723e-01 |
   1114 | 4.24808e+01 3.81359e-02 | 1.24201e-02 1.07469e-01 1.38723e-01 |
   1115 | 4.25189e+01 3.81362e-02 | 1.24201e-02 1.07469e-01 1.38723e-01 |
   1116 | 4.25571e+01 3.81358e-02 | 1.24200e-02 1.07469e-01 1.38723e-01 |
   1117 | 4.25952e+01 3.81354e-02 | 1.24200e-02 1.07469e-01 1.38723e-01 |
   1118 | 4.26333e+01 3.81351e-02 | 1.24200e-02 1.07469e-01 1.38723e-01 |
   1119 | 4.26715e+01 3.81349e-02 | 1.24200e-02 1.07469e-01 1.38723e-01 |
   1120 | 4.27096e+01 3.81346e-02 | 1.24200e-02 1.07468e-01 1.38723e-01 |
   1121 | 4.27477e+01 3.81345e-02 | 1.24200e-02 1.07468e-01 1.38723e-01 |
   1122 | 4.27859e+01 3.81343e-02 | 1.24199e-02 1.07468e-01 1.38723e-01 |
   1123 | 4.28240e+01 3.81342e-02 | 1.24199e-02 1.07468e-01 1.38723e-01 |
   1124 | 4.28621e+01 3.81342e-02 | 1.24199e-02 1.07468e-01 1.38723e-01 |
   1125 | 4.29003e+01 3.81341e-02 | 1.24199e-02 1.07468e-01 1.38723e-01 |
   1126 | 4.29384e+01 3.81342e-02 | 1.24199e-02 1.07468e-01 1.38723e-01 |
   1127 | 4.29765e+01 3.81342e-02 | 1.24199e-02 1.07468e-01 1.38723e-01 |
   1128 | 4.30147e+01 3.81343e-02 | 1.24198e-02 1.07468e-01 1.38723e-01 |
   1129 | 4.30528e+01 3.81345e-02 | 1.24198e-02 1.07467e-01 1.38723e-01 |
   1130 | 4.30909e+01 3.81347e-02 | 1.24198e-02 1.07467e-01 1.38723e-01 |
   1131 | 4.31291e+01 3.81349e-02 | 1.24198e-02 1.07467e-01 1.38723e-01 |
   1132 | 4.31672e+01 3.81352e-02 | 1.24198e-02 1.07467e-01 1.38723e-01 |
   1133 | 4.32054e+01 3.81355e-02 | 1.24198e-02 1.07467e-01 1.38723e-01 |
   1134 | 4.32435e+01 3.81359e-02 | 1.24197e-02 1.07467e-01 1.38723e-01 |
   1135 | 4.32816e+01 3.81363e-02 | 1.24197e-02 1.07467e-01 1.38723e-01 |
   1136 | 4.33198e+01 3.81368e-02 | 1.24197e-02 1.07467e-01 1.38723e-01 |
   1137 | 4.33579e+01 3.81372e-02 | 1.24197e-02 1.07466e-01 1.38723e-01 |
   1138 | 4.33960e+01 3.81375e-02 | 1.24197e-02 1.07466e-01 1.38723e-01 |
   1139 | 4.34342e+01 3.81377e-02 | 1.24197e-02 1.07466e-01 1.38723e-01 |
   1140 | 4.34723e+01 3.81378e-02 | 1.24196e-02 1.07466e-01 1.38723e-01 |
   1141 | 4.35105e+01 3.81381e-02 | 1.24196e-02 1.07466e-01 1.38724e-01 |
   1142 | 4.35486e+01 3.81384e-02 | 1.24196e-02 1.07466e-01 1.38724e-01 |
   1143 | 4.35867e+01 3.81387e-02 | 1.24196e-02 1.07466e-01 1.38724e-01 |
   1144 | 4.36249e+01 3.81390e-02 | 1.24196e-02 1.07466e-01 1.38724e-01 |
   1145 | 4.36630e+01 3.81386e-02 | 1.24196e-02 1.07465e-01 1.38724e-01 |
   1146 | 4.37011e+01 3.81381e-02 | 1.24195e-02 1.07465e-01 1.38724e-01 |
   1147 | 4.37393e+01 3.81377e-02 | 1.24195e-02 1.07465e-01 1.38724e-01 |
   1148 | 4.37774e+01 3.81372e-02 | 1.24195e-02 1.07465e-01 1.38724e-01 |
   1149 | 4.38156e+01 3.81368e-02 | 1.24195e-02 1.07465e-01 1.38724e-01 |
   1150 | 4.38537e+01 3.81365e-02 | 1.24195e-02 1.07465e-01 1.38724e-01 |
   1151 | 4.38918e+01 3.81362e-02 | 1.24195e-02 1.07465e-01 1.38724e-01 |
   1152 | 4.39300e+01 3.81359e-02 | 1.24194e-02 1.07465e-01 1.38724e-01 |
   1153 | 4.39681e+01 3.81357e-02 | 1.24194e-02 1.07464e-01 1.38724e-01 |
   1154 | 4.40062e+01 3.81356e-02 | 1.24194e-02 1.07464e-01 1.38724e-01 |
   1155 | 4.40444e+01 3.81354e-02 | 1.24194e-02 1.07464e-01 1.38724e-01 |
   1156 | 4.40825e+01 3.81353e-02 | 1.24194e-02 1.07464e-01 1.38724e-01 |
   1157 | 4.41206e+01 3.81353e-02 | 1.24194e-02 1.07464e-01 1.38724e-01 |
   1158 | 4.41588e+01 3.81353e-02 | 1.24193e-02 1.07464e-01 1.38724e-01 |
   1159 | 4.41969e+01 3.81353e-02 | 1.24193e-02 1.07464e-01 1.38724e-01 |
   1160 | 4.42350e+01 3.81354e-02 | 1.24193e-02 1.07464e-01 1.38724e-01 |
   1161 | 4.42732e+01 3.81355e-02 | 1.24193e-02 1.07463e-01 1.38724e-01 |
   1162 | 4.43113e+01 3.81357e-02 | 1.24193e-02 1.07463e-01 1.38724e-01 |
   1163 | 4.43495e+01 3.81359e-02 | 1.24193e-02 1.07463e-01 1.38724e-01 |
   1164 | 4.43876e+01 3.81355e-02 | 1.24192e-02 1.07463e-01 1.38724e-01 |
   1165 | 4.44257e+01 3.81350e-02 | 1.24192e-02 1.07463e-01 1.38724e-01 |
   1166 | 4.44639e+01 3.81345e-02 | 1.24192e-02 1.07463e-01 1.38724e-01 |
   1167 | 4.45020e+01 3.81341e-02 | 1.24192e-02 1.07463e-01 1.38724e-01 |
   1168 | 4.45401e+01 3.81337e-02 | 1.24192e-02 1.07463e-01 1.38724e-01 |
   1169 | 4.45783e+01 3.81334e-02 | 1.24192e-02 1.07462e-01 1.38724e-01 |
   1170 | 4.46164e+01 3.81331e-02 | 1.24191e-02 1.07462e-01 1.38724e-01 |
   1171 | 4.46545e+01 3.81328e-02 | 1.24191e-02 1.07462e-01 1.38724e-01 |
   1172 | 4.46927e+01 3.81326e-02 | 1.24191e-02 1.07462e-01 1.38724e-01 |
   1173 | 4.47308e+01 3.81325e-02 | 1.24191e-02 1.07462e-01 1.38724e-01 |
   1174 | 4.47689e+01 3.81323e-02 | 1.24191e-02 1.07462e-01 1.38724e-01 |
   1175 | 4.48071e+01 3.81322e-02 | 1.24190e-02 1.07462e-01 1.38724e-01 |
   1176 | 4.48452e+01 3.81322e-02 | 1.24190e-02 1.07462e-01 1.38724e-01 |
   1177 | 4.48833e+01 3.81322e-02 | 1.24190e-02 1.07461e-01 1.38724e-01 |
   1178 | 4.49215e+01 3.81322e-02 | 1.24190e-02 1.07461e-01 1.38724e-01 |
   1179 | 4.49596e+01 3.81323e-02 | 1.24190e-02 1.07461e-01 1.38724e-01 |
   1180 | 4.49977e+01 3.81325e-02 | 1.24190e-02 1.07461e-01 1.38724e-01 |
   1181 | 4.50359e+01 3.81326e-02 | 1.24189e-02 1.07461e-01 1.38724e-01 |
   1182 | 4.50740e+01 3.81328e-02 | 1.24189e-02 1.07461e-01 1.38724e-01 |
   1183 | 4.51121e+01 3.81331e-02 | 1.24189e-02 1.07461e-01 1.38724e-01 |
   1184 | 4.51502e+01 3.81334e-02 | 1.24189e-02 1.07461e-01 1.38724e-01 |
   1185 | 4.51884e+01 3.81337e-02 | 1.24189e-02 1.07460e-01 1.38724e-01 |
   1186 | 4.52265e+01 3.81341e-02 | 1.24189e-02 1.07460e-01 1.38724e-01 |
   1187 | 4.52647e+01 3.81345e-02 | 1.24188e-02 1.07460e-01 1.38724e-01 |
   1188 | 4.53028e+01 3.81350e-02 | 1.24188e-02 1.07460e-01 1.38724e-01 |
   1189 | 4.53409e+01 3.81347e-02 | 1.24188e-02 1.07460e-01 1.38724e-01 |
   1190 | 4.53791e+01 3.81343e-02 | 1.24188e-02 1.07460e-01 1.38724e-01 |
   1191 | 4.54172e+01 3.81339e-02 | 1.24188e-02 1.07460e-01 1.38724e-01 |
   1192 | 4.54553e+01 3.81336e-02 | 1.24188e-02 1.07460e-01 1.38724e-01 |
   1193 | 4.54935e+01 3.81333e-02 | 1.24187e-02 1.07459e-01 1.38724e-01 |
   1194 | 4.55316e+01 3.81331e-02 | 1.24187e-02 1.07459e-01 1.38724e-01 |
   1195 | 4.55697e+01 3.81329e-02 | 1.24187e-02 1.07459e-01 1.38724e-01 |
   1196 | 4.56079e+01 3.81327e-02 | 1.24187e-02 1.07459e-01 1.38724e-01 |
   1197 | 4.56460e+01 3.81326e-02 | 1.24187e-02 1.07459e-01 1.38724e-01 |
   1198 | 4.56841e+01 3.81326e-02 | 1.24187e-02 1.07459e-01 1.38724e-01 |
   1199 | 4.57223e+01 3.81325e-02 | 1.24186e-02 1.07459e-01 1.38724e-01 |
   1200 | 4.57604e+01 3.81326e-02 | 1.24186e-02 1.07459e-01 1.38724e-01 |
   1201 | 4.57985e+01 3.81326e-02 | 1.24186e-02 1.07458e-01 1.38724e-01 |
   1202 | 4.58367e+01 3.81327e-02 | 1.24186e-02 1.07458e-01 1.38724e-01 |
   1203 | 4.58748e+01 3.81329e-02 | 1.24186e-02 1.07458e-01 1.38725e-01 |
   1204 | 4.59129e+01 3.81330e-02 | 1.24186e-02 1.07458e-01 1.38725e-01 |
   1205 | 4.59511e+01 3.81333e-02 | 1.24185e-02 1.07458e-01 1.38725e-01 |
   1206 | 4.59892e+01 3.81335e-02 | 1.24185e-02 1.07458e-01 1.38725e-01 |
   1207 | 4.60273e+01 3.81338e-02 | 1.24185e-02 1.07458e-01 1.38725e-01 |
   1208 | 4.60655e+01 3.81342e-02 | 1.24185e-02 1.07458e-01 1.38725e-01 |
   1209 | 4.61036e+01 3.81346e-02 | 1.24185e-02 1.07457e-01 1.38725e-01 |
   1210 | 4.61417e+01 3.81350e-02 | 1.24185e-02 1.07457e-01 1.38725e-01 |
   1211 | 4.61799e+01 3.81355e-02 | 1.24184e-02 1.07457e-01 1.38725e-01 |
   1212 | 4.62180e+01 3.81360e-02 | 1.24184e-02 1.07457e-01 1.38725e-01 |
   1213 | 4.62561e+01 3.81366e-02 | 1.24184e-02 1.07457e-01 1.38725e-01 |
   1214 | 4.62943e+01 3.81372e-02 | 1.24184e-02 1.07457e-01 1.38725e-01 |
   1215 | 4.63324e+01 3.81379e-02 | 1.24184e-02 1.07457e-01 1.38725e-01 |
   1216 | 4.63705e+01 3.81383e-02 | 1.24184e-02 1.07456e-01 1.38725e-01 |
   1217 | 4.64087e+01 3.81382e-02 | 1.24183e-02 1.07456e-01 1.38725e-01 |
   1218 | 4.64468e+01 3.81382e-02 | 1.24183e-02 1.07456e-01 1.38725e-01 |
   1219 | 4.64850e+01 3.81382e-02 | 1.24183e-02 1.07456e-01 1.38725e-01 |
   1220 | 4.65231e+01 3.81382e-02 | 1.24183e-02 1.07456e-01 1.38725e-01 |
   1221 | 4.65612e+01 3.81383e-02 | 1.24183e-02 1.07456e-01 1.38725e-01 |
   1222 | 4.65994e+01 3.81385e-02 | 1.24183e-02 1.07456e-01 1.38725e-01 |
   1223 | 4.66375e+01 3.81386e-02 | 1.24182e-02 1.07456e-01 1.38725e-01 |
   1224 | 4.66757e+01 3.81389e-02 | 1.24182e-02 1.07455e-01 1.38725e-01 |
   1225 | 4.67138e+01 3.81391e-02 | 1.24182e-02 1.07455e-01 1.38725e-01 |
   1226 | 4.67519e+01 3.81394e-02 | 1.24182e-02 1.07455e-01 1.38725e-01 |
   1227 | 4.67901e+01 3.81398e-02 | 1.24182e-02 1.07455e-01 1.38725e-01 |
   1228 | 4.68282e+01 3.81396e-02 | 1.24182e-02 1.07455e-01 1.38725e-01 |
   1229 | 4.68663e+01 3.81395e-02 | 1.24181e-02 1.07455e-01 1.38725e-01 |
   1230 | 4.69045e+01 3.81394e-02 | 1.24181e-02 1.07455e-01 1.38725e-01 |
   1231 | 4.69426e+01 3.81393e-02 | 1.24181e-02 1.07455e-01 1.38725e-01 |
   1232 | 4.69808e+01 3.81393e-02 | 1.24181e-02 1.07454e-01 1.38725e-01 |
   1233 | 4.70189e+01 3.81393e-02 | 1.24181e-02 1.07454e-01 1.38725e-01 |
   1234 | 4.70570e+01 3.81389e-02 | 1.24181e-02 1.07454e-01 1.38725e-01 |
   1235 | 4.70952e+01 3.81382e-02 | 1.24180e-02 1.07454e-01 1.38725e-01 |
   1236 | 4.71333e+01 3.81376e-02 | 1.24180e-02 1.07454e-01 1.38725e-01 |
   1237 | 4.71715e+01 3.81370e-02 | 1.24180e-02 1.07454e-01 1.38725e-01 |
   1238 | 4.72096e+01 3.81364e-02 | 1.24180e-02 1.07454e-01 1.38725e-01 |
   1239 | 4.72477e+01 3.81359e-02 | 1.24180e-02 1.07454e-01 1.38725e-01 |
   1240 | 4.72859e+01 3.81354e-02 | 1.24180e-02 1.07453e-01 1.38725e-01 |
   1241 | 4.73240e+01 3.81350e-02 | 1.24179e-02 1.07453e-01 1.38725e-01 |
   1242 | 4.73621e+01 3.81346e-02 | 1.24179e-02 1.07453e-01 1.38725e-01 |
   1243 | 4.74003e+01 3.81342e-02 | 1.24179e-02 1.07453e-01 1.38725e-01 |
   1244 | 4.74384e+01 3.81339e-02 | 1.24179e-02 1.07453e-01 1.38725e-01 |
   1245 | 4.74765e+01 3.81336e-02 | 1.24179e-02 1.07453e-01 1.38725e-01 |
   1246 | 4.75147e+01 3.81334e-02 | 1.24179e-02 1.07453e-01 1.38725e-01 |
   1247 | 4.75528e+01 3.81332e-02 | 1.24178e-02 1.07453e-01 1.38725e-01 |
   1248 | 4.75909e+01 3.81331e-02 | 1.24178e-02 1.07452e-01 1.38725e-01 |
   1249 | 4.76291e+01 3.81330e-02 | 1.24178e-02 1.07452e-01 1.38725e-01 |
   1250 | 4.76672e+01 3.81329e-02 | 1.24178e-02 1.07452e-01 1.38725e-01 |
   1251 | 4.77053e+01 3.81329e-02 | 1.24178e-02 1.07452e-01 1.38725e-01 |
   1252 | 4.77435e+01 3.81330e-02 | 1.24178e-02 1.07452e-01 1.38725e-01 |
   1253 | 4.77816e+01 3.81330e-02 | 1.24177e-02 1.07452e-01 1.38725e-01 |
   1254 | 4.78197e+01 3.81331e-02 | 1.24177e-02 1.07452e-01 1.38725e-01 |
   1255 | 4.78579e+01 3.81333e-02 | 1.24177e-02 1.07452e-01 1.38725e-01 |
   1256 | 4.78960e+01 3.81335e-02 | 1.24177e-02 1.07451e-01 1.38725e-01 |
   1257 | 4.79341e+01 3.81337e-02 | 1.24177e-02 1.07451e-01 1.38725e-01 |
   1258 | 4.79723e+01 3.81340e-02 | 1.24177e-02 1.07451e-01 1.38725e-01 |
   1259 | 4.80104e+01 3.81343e-02 | 1.24176e-02 1.07451e-01 1.38725e-01 |
   1260 | 4.80485e+01 3.81347e-02 | 1.24176e-02 1.07451e-01 1.38725e-01 |
   1261 | 4.80867e+01 3.81351e-02 | 1.24176e-02 1.07451e-01 1.38725e-01 |
   1262 | 4.81248e+01 3.81352e-02 | 1.24176e-02 1.07451e-01 1.38725e-01 |
   1263 | 4.81629e+01 3.81347e-02 | 1.24176e-02 1.07450e-01 1.38725e-01 |
   1264 | 4.82011e+01 3.81343e-02 | 1.24176e-02 1.07450e-01 1.38725e-01 |
   1265 | 4.82392e+01 3.81339e-02 | 1.24175e-02 1.07450e-01 1.38725e-01 |
   1266 | 4.82773e+01 3.81336e-02 | 1.24175e-02 1.07450e-01 1.38725e-01 |
   1267 | 4.83155e+01 3.81333e-02 | 1.24175e-02 1.07450e-01 1.38725e-01 |
   1268 | 4.83536e+01 3.81330e-02 | 1.24175e-02 1.07450e-01 1.38725e-01 |
   1269 | 4.83917e+01 3.81328e-02 | 1.24175e-02 1.07450e-01 1.38725e-01 |
   1270 | 4.84299e+01 3.81327e-02 | 1.24175e-02 1.07450e-01 1.38725e-01 |
   1271 | 4.84680e+01 3.81325e-02 | 1.24174e-02 1.07449e-01 1.38725e-01 |
   1272 | 4.85061e+01 3.81325e-02 | 1.24174e-02 1.07449e-01 1.38725e-01 |
   1273 | 4.85443e+01 3.81324e-02 | 1.24174e-02 1.07449e-01 1.38725e-01 |
   1274 | 4.85824e+01 3.81324e-02 | 1.24174e-02 1.07449e-01 1.38725e-01 |
   1275 | 4.86205e+01 3.81325e-02 | 1.24174e-02 1.07449e-01 1.38725e-01 |
   1276 | 4.86587e+01 3.81326e-02 | 1.24174e-02 1.07449e-01 1.38725e-01 |
   1277 | 4.86968e+01 3.81327e-02 | 1.24173e-02 1.07449e-01 1.38725e-01 |
   1278 | 4.87349e+01 3.81329e-02 | 1.24173e-02 1.07449e-01 1.38725e-01 |
   1279 | 4.87731e+01 3.81331e-02 | 1.24173e-02 1.07448e-01 1.38725e-01 |
   1280 | 4.88112e+01 3.81333e-02 | 1.24173e-02 1.07448e-01 1.38725e-01 |
   1281 | 4.88493e+01 3.81336e-02 | 1.24173e-02 1.07448e-01 1.38725e-01 |
   1282 | 4.88875e+01 3.81340e-02 | 1.24173e-02 1.07448e-01 1.38725e-01 |
   1283 | 4.89256e+01 3.81343e-02 | 1.24172e-02 1.07448e-01 1.38725e-01 |
   1284 | 4.89637e+01 3.81348e-02 | 1.24172e-02 1.07448e-01 1.38726e-01 |
   1285 | 4.90019e+01 3.81352e-02 | 1.24172e-02 1.07448e-01 1.38726e-01 |
   1286 | 4.90400e+01 3.81357e-02 | 1.24172e-02 1.07448e-01 1.38726e-01 |
   1287 | 4.90781e+01 3.81355e-02 | 1.24172e-02 1.07447e-01 1.38726e-01 |
   1288 | 4.91163e+01 3.81353e-02 | 1.24172e-02 1.07447e-01 1.38726e-01 |
   1289 | 4.91544e+01 3.81351e-02 | 1.24171e-02 1.07447e-01 1.38726e-01 |
   1290 | 4.91926e+01 3.81350e-02 | 1.24171e-02 1.07447e-01 1.38726e-01 |
   1291 | 4.92307e+01 3.81349e-02 | 1.24171e-02 1.07447e-01 1.38726e-01 |
   1292 | 4.92688e+01 3.81349e-02 | 1.24171e-02 1.07447e-01 1.38726e-01 |
   1293 | 4.93070e+01 3.81349e-02 | 1.24171e-02 1.07447e-01 1.38726e-01 |
   1294 | 4.93451e+01 3.81349e-02 | 1.24171e-02 1.07446e-01 1.38726e-01 |
   1295 | 4.93832e+01 3.81350e-02 | 1.24170e-02 1.07446e-01 1.38726e-01 |
   1296 | 4.94214e+01 3.81351e-02 | 1.24170e-02 1.07446e-01 1.38726e-01 |
   1297 | 4.94595e+01 3.81353e-02 | 1.24170e-02 1.07446e-01 1.38726e-01 |
   1298 | 4.94976e+01 3.81355e-02 | 1.24170e-02 1.07446e-01 1.38726e-01 |
   1299 | 4.95358e+01 3.81358e-02 | 1.24170e-02 1.07446e-01 1.38726e-01 |
   1300 | 4.95739e+01 3.81361e-02 | 1.24170e-02 1.07446e-01 1.38726e-01 |
   1301 | 4.96120e+01 3.81364e-02 | 1.24169e-02 1.07446e-01 1.38726e-01 |
   1302 | 4.96502e+01 3.81368e-02 | 1.24169e-02 1.07445e-01 1.38726e-01 |
   1303 | 4.96883e+01 3.81372e-02 | 1.24169e-02 1.07445e-01 1.38726e-01 |
   1304 | 4.97265e+01 3.81377e-02 | 1.24169e-02 1.07445e-01 1.38726e-01 |
   1305 | 4.97646e+01 3.81382e-02 | 1.24169e-02 1.07445e-01 1.38726e-01 |
   1306 | 4.98027e+01 3.81384e-02 | 1.24168e-02 1.07445e-01 1.38726e-01 |
   1307 | 4.98409e+01 3.81381e-02 | 1.24168e-02 1.07445e-01 1.38726e-01 |
   1308 | 4.98790e+01 3.81378e-02 | 1.24168e-02 1.07445e-01 1.38726e-01 |
   1309 | 4.99171e+01 3.81375e-02 | 1.24168e-02 1.07445e-01 1.38726e-01 |
   1310 | 4.99553e+01 3.81372e-02 | 1.24168e-02 1.07444e-01 1.38726e-01 |
   1311 | 4.99934e+01 3.81370e-02 | 1.24168e-02 1.07444e-01 1.38726e-01 |
   1312 | 5.00316e+01 3.81369e-02 | 1.24167e-02 1.07444e-01 1.38726e-01 |
   1313 | 5.00697e+01 3.81368e-02 | 1.24167e-02 1.07444e-01 1.38726e-01 |
   1314 | 5.01078e+01 3.81367e-02 | 1.24167e-02 1.07444e-01 1.38726e-01 |
   1315 | 5.01460e+01 3.81367e-02 | 1.24167e-02 1.07444e-01 1.38726e-01 |
   1316 | 5.01841e+01 3.81367e-02 | 1.24167e-02 1.07444e-01 1.38726e-01 |
   1317 | 5.02222e+01 3.81366e-02 | 1.24167e-02 1.07443e-01 1.38726e-01 |
   1318 | 5.02604e+01 3.81363e-02 | 1.24166e-02 1.07443e-01 1.38726e-01 |
   1319 | 5.02985e+01 3.81360e-02 | 1.24166e-02 1.07443e-01 1.38726e-01 |
   1320 | 5.03366e+01 3.81357e-02 | 1.24166e-02 1.07443e-01 1.38726e-01 |
   1321 | 5.03748e+01 3.81355e-02 | 1.24166e-02 1.07443e-01 1.38726e-01 |
   1322 | 5.04129e+01 3.81354e-02 | 1.24166e-02 1.07443e-01 1.38726e-01 |
   1323 | 5.04511e+01 3.81353e-02 | 1.24166e-02 1.07443e-01 1.38726e-01 |
   1324 | 5.04892e+01 3.81352e-02 | 1.24165e-02 1.07443e-01 1.38726e-01 |
   1325 | 5.05273e+01 3.81352e-02 | 1.24165e-02 1.07442e-01 1.38726e-01 |
   1326 | 5.05655e+01 3.81352e-02 | 1.24165e-02 1.07442e-01 1.38726e-01 |
   1327 | 5.06036e+01 3.81352e-02 | 1.24165e-02 1.07442e-01 1.38726e-01 |
   1328 | 5.06417e+01 3.81353e-02 | 1.24165e-02 1.07442e-01 1.38726e-01 |
   1329 | 5.06799e+01 3.81355e-02 | 1.24165e-02 1.07442e-01 1.38726e-01 |
   1330 | 5.07180e+01 3.81356e-02 | 1.24164e-02 1.07442e-01 1.38726e-01 |
   1331 | 5.07561e+01 3.81359e-02 | 1.24164e-02 1.07442e-01 1.38726e-01 |
   1332 | 5.07943e+01 3.81361e-02 | 1.24164e-02 1.07441e-01 1.38726e-01 |
   1333 | 5.08324e+01 3.81364e-02 | 1.24164e-02 1.07441e-01 1.38726e-01 |
   1334 | 5.08705e+01 3.81368e-02 | 1.24164e-02 1.07441e-01 1.38726e-01 |
   1335 | 5.09087e+01 3.81372e-02 | 1.24164e-02 1.07441e-01 1.38726e-01 |
   1336 | 5.09468e+01 3.81367e-02 | 1.24163e-02 1.07441e-01 1.38726e-01 |
   1337 | 5.09850e+01 3.81362e-02 | 1.24163e-02 1.07441e-01 1.38726e-01 |
   1338 | 5.10231e+01 3.81358e-02 | 1.24163e-02 1.07441e-01 1.38726e-01 |
   1339 | 5.10612e+01 3.81354e-02 | 1.24163e-02 1.07441e-01 1.38726e-01 |
   1340 | 5.10994e+01 3.81351e-02 | 1.24163e-02 1.07440e-01 1.38726e-01 |
   1341 | 5.11375e+01 3.81347e-02 | 1.24162e-02 1.07440e-01 1.38726e-01 |
   1342 | 5.11756e+01 3.81345e-02 | 1.24162e-02 1.07440e-01 1.38726e-01 |
   1343 | 5.12138e+01 3.81343e-02 | 1.24162e-02 1.07440e-01 1.38726e-01 |
   1344 | 5.12519e+01 3.81341e-02 | 1.24162e-02 1.07440e-01 1.38726e-01 |
   1345 | 5.12900e+01 3.81339e-02 | 1.24162e-02 1.07440e-01 1.38726e-01 |
   1346 | 5.13282e+01 3.81338e-02 | 1.24162e-02 1.07440e-01 1.38726e-01 |
   1347 | 5.13663e+01 3.81338e-02 | 1.24161e-02 1.07440e-01 1.38726e-01 |
   1348 | 5.14044e+01 3.81338e-02 | 1.24161e-02 1.07439e-01 1.38726e-01 |
   1349 | 5.14426e+01 3.81338e-02 | 1.24161e-02 1.07439e-01 1.38726e-01 |
   1350 | 5.14807e+01 3.81339e-02 | 1.24161e-02 1.07439e-01 1.38726e-01 |
   1351 | 5.15188e+01 3.81340e-02 | 1.24161e-02 1.07439e-01 1.38726e-01 |
   1352 | 5.15570e+01 3.81341e-02 | 1.24161e-02 1.07439e-01 1.38726e-01 |
   1353 | 5.15951e+01 3.81343e-02 | 1.24160e-02 1.07439e-01 1.38726e-01 |
   1354 | 5.16332e+01 3.81346e-02 | 1.24160e-02 1.07439e-01 1.38726e-01 |
   1355 | 5.16714e+01 3.81349e-02 | 1.24160e-02 1.07438e-01 1.38726e-01 |
   1356 | 5.17095e+01 3.81352e-02 | 1.24160e-02 1.07438e-01 1.38726e-01 |
   1357 | 5.17476e+01 3.81351e-02 | 1.24160e-02 1.07438e-01 1.38726e-01 |
   1358 | 5.17858e+01 3.81347e-02 | 1.24160e-02 1.07438e-01 1.38726e-01 |
   1359 | 5.18239e+01 3.81343e-02 | 1.24159e-02 1.07438e-01 1.38726e-01 |
   1360 | 5.18620e+01 3.81340e-02 | 1.24159e-02 1.07438e-01 1.38726e-01 |
   1361 | 5.19002e+01 3.81337e-02 | 1.24159e-02 1.07438e-01 1.38726e-01 |
   1362 | 5.19383e+01 3.81335e-02 | 1.24159e-02 1.07438e-01 1.38726e-01 |
   1363 | 5.19764e+01 3.81333e-02 | 1.24159e-02 1.07437e-01 1.38726e-01 |
   1364 | 5.20146e+01 3.81332e-02 | 1.24158e-02 1.07437e-01 1.38726e-01 |
   1365 | 5.20527e+01 3.81331e-02 | 1.24158e-02 1.07437e-01 1.38726e-01 |
   1366 | 5.20908e+01 3.81331e-02 | 1.24158e-02 1.07437e-01 1.38726e-01 |
   1367 | 5.21290e+01 3.81330e-02 | 1.24158e-02 1.07437e-01 1.38726e-01 |
   1368 | 5.21671e+01 3.81331e-02 | 1.24158e-02 1.07437e-01 1.38726e-01 |
   1369 | 5.22052e+01 3.81331e-02 | 1.24158e-02 1.07437e-01 1.38726e-01 |
   1370 | 5.22434e+01 3.81333e-02 | 1.24157e-02 1.07436e-01 1.38726e-01 |
   1371 | 5.22815e+01 3.81334e-02 | 1.24157e-02 1.07436e-01 1.38726e-01 |
   1372 | 5.23196e+01 3.81336e-02 | 1.24157e-02 1.07436e-01 1.38726e-01 |
   1373 | 5.23578e+01 3.81339e-02 | 1.24157e-02 1.07436e-01 1.38726e-01 |
   1374 | 5.23959e+01 3.81341e-02 | 1.24157e-02 1.07436e-01 1.38726e-01 |
   1375 | 5.24340e+01 3.81345e-02 | 1.24157e-02 1.07436e-01 1.38726e-01 |
   1376 | 5.24722e+01 3.81348e-02 | 1.24156e-02 1.07436e-01 1.38726e-01 |
   1377 | 5.25103e+01 3.81352e-02 | 1.24156e-02 1.07436e-01 1.38726e-01 |
   1378 | 5.25485e+01 3.81357e-02 | 1.24156e-02 1.07435e-01 1.38726e-01 |
   1379 | 5.25866e+01 3.81362e-02 | 1.24156e-02 1.07435e-01 1.38726e-01 |
   1380 | 5.26247e+01 3.81359e-02 | 1.24156e-02 1.07435e-01 1.38726e-01 |
   1381 | 5.26629e+01 3.81355e-02 | 1.24155e-02 1.07435e-01 1.38726e-01 |
   1382 | 5.27010e+01 3.81352e-02 | 1.24155e-02 1.07435e-01 1.38726e-01 |
   1383 | 5.27391e+01 3.81349e-02 | 1.24155e-02 1.07435e-01 1.38726e-01 |
   1384 | 5.27773e+01 3.81346e-02 | 1.24155e-02 1.07435e-01 1.38726e-01 |
   1385 | 5.28154e+01 3.81344e-02 | 1.24155e-02 1.07434e-01 1.38726e-01 |
   1386 | 5.28535e+01 3.81342e-02 | 1.24155e-02 1.07434e-01 1.38726e-01 |
   1387 | 5.28917e+01 3.81341e-02 | 1.24154e-02 1.07434e-01 1.38726e-01 |
   1388 | 5.29298e+01 3.81340e-02 | 1.24154e-02 1.07434e-01 1.38726e-01 |
   1389 | 5.29679e+01 3.81340e-02 | 1.24154e-02 1.07434e-01 1.38726e-01 |
   1390 | 5.30061e+01 3.81340e-02 | 1.24154e-02 1.07434e-01 1.38726e-01 |
   1391 | 5.30442e+01 3.81340e-02 | 1.24154e-02 1.07434e-01 1.38726e-01 |
   1392 | 5.30823e+01 3.81341e-02 | 1.24154e-02 1.07434e-01 1.38726e-01 |
   1393 | 5.31205e+01 3.81343e-02 | 1.24153e-02 1.07433e-01 1.38726e-01 |
   1394 | 5.31586e+01 3.81344e-02 | 1.24153e-02 1.07433e-01 1.38726e-01 |
   1395 | 5.31967e+01 3.81346e-02 | 1.24153e-02 1.07433e-01 1.38726e-01 |
   1396 | 5.32349e+01 3.81349e-02 | 1.24153e-02 1.07433e-01 1.38726e-01 |
   1397 | 5.32730e+01 3.81352e-02 | 1.24153e-02 1.07433e-01 1.38726e-01 |
   1398 | 5.33111e+01 3.81355e-02 | 1.24153e-02 1.07433e-01 1.38726e-01 |
   1399 | 5.33493e+01 3.81359e-02 | 1.24152e-02 1.07433e-01 1.38726e-01 |
   1400 | 5.33874e+01 3.81363e-02 | 1.24152e-02 1.07432e-01 1.38726e-01 |
   1401 | 5.34256e+01 3.81368e-02 | 1.24152e-02 1.07432e-01 1.38726e-01 |
   1402 | 5.34637e+01 3.81373e-02 | 1.24152e-02 1.07432e-01 1.38726e-01 |
   1403 | 5.35018e+01 3.81379e-02 | 1.24152e-02 1.07432e-01 1.38726e-01 |
   1404 | 5.35400e+01 3.81385e-02 | 1.24152e-02 1.07432e-01 1.38726e-01 |
   1405 | 5.35781e+01 3.81391e-02 | 1.24151e-02 1.07432e-01 1.38726e-01 |
   1406 | 5.36162e+01 3.81398e-02 | 1.24151e-02 1.07432e-01 1.38726e-01 |
   1407 | 5.36544e+01 3.81400e-02 | 1.24151e-02 1.07432e-01 1.38726e-01 |
   1408 | 5.36925e+01 3.81404e-02 | 1.24151e-02 1.07431e-01 1.38726e-01 |
   1409 | 5.37307e+01 3.81403e-02 | 1.24151e-02 1.07431e-01 1.38726e-01 |
   1410 | 5.37688e+01 3.81398e-02 | 1.24150e-02 1.07431e-01 1.38726e-01 |
   1411 | 5.38069e+01 3.81393e-02 | 1.24150e-02 1.07431e-01 1.38726e-01 |
   1412 | 5.38451e+01 3.81388e-02 | 1.24150e-02 1.07431e-01 1.38726e-01 |
   1413 | 5.38832e+01 3.81384e-02 | 1.24150e-02 1.07431e-01 1.38726e-01 |
   1414 | 5.39214e+01 3.81381e-02 | 1.24150e-02 1.07431e-01 1.38726e-01 |
   1415 | 5.39595e+01 3.81377e-02 | 1.24150e-02 1.07430e-01 1.38726e-01 |
   1416 | 5.39976e+01 3.81374e-02 | 1.24149e-02 1.07430e-01 1.38726e-01 |
   1417 | 5.40358e+01 3.81372e-02 | 1.24149e-02 1.07430e-01 1.38726e-01 |
   1418 | 5.40739e+01 3.81370e-02 | 1.24149e-02 1.07430e-01 1.38726e-01 |
   1419 | 5.41120e+01 3.81368e-02 | 1.24149e-02 1.07430e-01 1.38726e-01 |
   1420 | 5.41502e+01 3.81367e-02 | 1.24149e-02 1.07430e-01 1.38726e-01 |
   1421 | 5.41883e+01 3.81367e-02 | 1.24149e-02 1.07430e-01 1.38726e-01 |
   1422 | 5.42265e+01 3.81366e-02 | 1.24148e-02 1.07430e-01 1.38726e-01 |
   1423 | 5.42646e+01 3.81367e-02 | 1.24148e-02 1.07429e-01 1.38726e-01 |
   1424 | 5.43027e+01 3.81367e-02 | 1.24148e-02 1.07429e-01 1.38726e-01 |
   1425 | 5.43409e+01 3.81368e-02 | 1.24148e-02 1.07429e-01 1.38726e-01 |
   1426 | 5.43790e+01 3.81369e-02 | 1.24148e-02 1.07429e-01 1.38726e-01 |
   1427 | 5.44171e+01 3.81369e-02 | 1.24148e-02 1.07429e-01 1.38726e-01 |
   1428 | 5.44553e+01 3.81363e-02 | 1.24147e-02 1.07429e-01 1.38726e-01 |
   1429 | 5.44934e+01 3.81358e-02 | 1.24147e-02 1.07429e-01 1.38726e-01 |
   1430 | 5.45316e+01 3.81353e-02 | 1.24147e-02 1.07428e-01 1.38726e-01 |
   1431 | 5.45697e+01 3.81348e-02 | 1.24147e-02 1.07428e-01 1.38726e-01 |
   1432 | 5.46078e+01 3.81344e-02 | 1.24147e-02 1.07428e-01 1.38726e-01 |
   1433 | 5.46460e+01 3.81340e-02 | 1.24147e-02 1.07428e-01 1.38726e-01 |
   1434 | 5.46841e+01 3.81337e-02 | 1.24146e-02 1.07428e-01 1.38726e-01 |
   1435 | 5.47222e+01 3.81334e-02 | 1.24146e-02 1.07428e-01 1.38726e-01 |
   1436 | 5.47604e+01 3.81332e-02 | 1.24146e-02 1.07428e-01 1.38726e-01 |
   1437 | 5.47985e+01 3.81330e-02 | 1.24146e-02 1.07427e-01 1.38726e-01 |
   1438 | 5.48366e+01 3.81329e-02 | 1.24146e-02 1.07427e-01 1.38726e-01 |
   1439 | 5.48748e+01 3.81328e-02 | 1.24146e-02 1.07427e-01 1.38726e-01 |
   1440 | 5.49129e+01 3.81327e-02 | 1.24145e-02 1.07427e-01 1.38726e-01 |
   1441 | 5.49510e+01 3.81327e-02 | 1.24145e-02 1.07427e-01 1.38726e-01 |
   1442 | 5.49892e+01 3.81327e-02 | 1.24145e-02 1.07427e-01 1.38726e-01 |
   1443 | 5.50273e+01 3.81327e-02 | 1.24145e-02 1.07427e-01 1.38726e-01 |
   1444 | 5.50654e+01 3.81328e-02 | 1.24145e-02 1.07427e-01 1.38726e-01 |
   1445 | 5.51035e+01 3.81330e-02 | 1.24144e-02 1.07426e-01 1.38726e-01 |
   1446 | 5.51417e+01 3.81332e-02 | 1.24144e-02 1.07426e-01 1.38726e-01 |
   1447 | 5.51798e+01 3.81334e-02 | 1.24144e-02 1.07426e-01 1.38726e-01 |
   1448 | 5.52180e+01 3.81337e-02 | 1.24144e-02 1.07426e-01 1.38726e-01 |
   1449 | 5.52561e+01 3.81340e-02 | 1.24144e-02 1.07426e-01 1.38726e-01 |
   1450 | 5.52942e+01 3.81343e-02 | 1.24144e-02 1.07426e-01 1.38726e-01 |
   1451 | 5.53324e+01 3.81347e-02 | 1.24143e-02 1.07426e-01 1.38726e-01 |
   1452 | 5.53705e+01 3.81352e-02 | 1.24143e-02 1.07425e-01 1.38726e-01 |
   1453 | 5.54086e+01 3.81352e-02 | 1.24143e-02 1.07425e-01 1.38726e-01 |
   1454 | 5.54468e+01 3.81348e-02 | 1.24143e-02 1.07425e-01 1.38726e-01 |
   1455 | 5.54849e+01 3.81344e-02 | 1.24143e-02 1.07425e-01 1.38726e-01 |
   1456 | 5.55230e+01 3.81340e-02 | 1.24143e-02 1.07425e-01 1.38726e-01 |
   1457 | 5.55612e+01 3.81337e-02 | 1.24142e-02 1.07425e-01 1.38726e-01 |
   1458 | 5.55993e+01 3.81335e-02 | 1.24142e-02 1.07425e-01 1.38726e-01 |
   1459 | 5.56374e+01 3.81332e-02 | 1.24142e-02 1.07425e-01 1.38726e-01 |
   1460 | 5.56756e+01 3.81331e-02 | 1.24142e-02 1.07424e-01 1.38726e-01 |
   1461 | 5.57137e+01 3.81329e-02 | 1.24142e-02 1.07424e-01 1.38726e-01 |
   1462 | 5.57518e+01 3.81328e-02 | 1.24142e-02 1.07424e-01 1.38726e-01 |
   1463 | 5.57900e+01 3.81328e-02 | 1.24141e-02 1.07424e-01 1.38726e-01 |
   1464 | 5.58281e+01 3.81328e-02 | 1.24141e-02 1.07424e-01 1.38726e-01 |
   1465 | 5.58662e+01 3.81328e-02 | 1.24141e-02 1.07424e-01 1.38726e-01 |
   1466 | 5.59044e+01 3.81329e-02 | 1.24141e-02 1.07424e-01 1.38726e-01 |
   1467 | 5.59425e+01 3.81330e-02 | 1.24141e-02 1.07423e-01 1.38726e-01 |
   1468 | 5.59806e+01 3.81332e-02 | 1.24141e-02 1.07423e-01 1.38726e-01 |
   1469 | 5.60188e+01 3.81334e-02 | 1.24140e-02 1.07423e-01 1.38726e-01 |
   1470 | 5.60569e+01 3.81336e-02 | 1.24140e-02 1.07423e-01 1.38726e-01 |
   1471 | 5.60950e+01 3.81339e-02 | 1.24140e-02 1.07423e-01 1.38726e-01 |
   1472 | 5.61332e+01 3.81342e-02 | 1.24140e-02 1.07423e-01 1.38726e-01 |
   1473 | 5.61713e+01 3.81346e-02 | 1.24140e-02 1.07423e-01 1.38726e-01 |
   1474 | 5.62094e+01 3.81350e-02 | 1.24140e-02 1.07422e-01 1.38726e-01 |
   1475 | 5.62476e+01 3.81355e-02 | 1.24139e-02 1.07422e-01 1.38726e-01 |
   1476 | 5.62857e+01 3.81360e-02 | 1.24139e-02 1.07422e-01 1.38726e-01 |
   1477 | 5.63238e+01 3.81365e-02 | 1.24139e-02 1.07422e-01 1.38726e-01 |
   1478 | 5.63620e+01 3.81371e-02 | 1.24139e-02 1.07422e-01 1.38726e-01 |
   1479 | 5.64001e+01 3.81377e-02 | 1.24139e-02 1.07422e-01 1.38726e-01 |
   1480 | 5.64382e+01 3.81377e-02 | 1.24139e-02 1.07422e-01 1.38726e-01 |
   1481 | 5.64764e+01 3.81376e-02 | 1.24138e-02 1.07422e-01 1.38726e-01 |
   1482 | 5.65145e+01 3.81376e-02 | 1.24138e-02 1.07421e-01 1.38726e-01 |
   1483 | 5.65527e+01 3.81375e-02 | 1.24138e-02 1.07421e-01 1.38726e-01 |
   1484 | 5.65908e+01 3.81376e-02 | 1.24138e-02 1.07421e-01 1.38726e-01 |
   1485 | 5.66289e+01 3.81376e-02 | 1.24138e-02 1.07421e-01 1.38726e-01 |
   1486 | 5.66671e+01 3.81378e-02 | 1.24138e-02 1.07421e-01 1.38726e-01 |
   1487 | 5.67052e+01 3.81379e-02 | 1.24137e-02 1.07421e-01 1.38726e-01 |
   1488 | 5.67434e+01 3.81381e-02 | 1.24137e-02 1.07421e-01 1.38726e-01 |
   1489 | 5.67815e+01 3.81383e-02 | 1.24137e-02 1.07420e-01 1.38726e-01 |
   1490 | 5.68196e+01 3.81386e-02 | 1.24137e-02 1.07420e-01 1.38726e-01 |
   1491 | 5.68578e+01 3.81389e-02 | 1.24137e-02 1.07420e-01 1.38726e-01 |
   1492 | 5.68959e+01 3.81393e-02 | 1.24136e-02 1.07420e-01 1.38726e-01 |
   1493 | 5.69340e+01 3.81397e-02 | 1.24136e-02 1.07420e-01 1.38726e-01 |
   1494 | 5.69722e+01 3.81402e-02 | 1.24136e-02 1.07420e-01 1.38726e-01 |
   1495 | 5.70103e+01 3.81407e-02 | 1.24136e-02 1.07420e-01 1.38726e-01 |
   1496 | 5.70485e+01 3.81410e-02 | 1.24136e-02 1.07419e-01 1.38726e-01 |
   1497 | 5.70866e+01 3.81410e-02 | 1.24136e-02 1.07419e-01 1.38726e-01 |
   1498 | 5.71247e+01 3.81402e-02 | 1.24135e-02 1.07419e-01 1.38726e-01 |
   1499 | 5.71629e+01 3.81395e-02 | 1.24135e-02 1.07419e-01 1.38726e-01 |
   1500 | 5.72010e+01 3.81388e-02 | 1.24135e-02 1.07419e-01 1.38726e-01 |
   1501 | 5.72392e+01 3.81382e-02 | 1.24135e-02 1.07419e-01 1.38726e-01 |
   1502 | 5.72773e+01 3.81376e-02 | 1.24135e-02 1.07419e-01 1.38726e-01 |
   1503 | 5.73154e+01 3.81370e-02 | 1.24135e-02 1.07418e-01 1.38726e-01 |
   1504 | 5.73536e+01 3.81365e-02 | 1.24134e-02 1.07418e-01 1.38726e-01 |
   1505 | 5.73917e+01 3.81361e-02 | 1.24134e-02 1.07418e-01 1.38726e-01 |
   1506 | 5.74298e+01 3.81357e-02 | 1.24134e-02 1.07418e-01 1.38726e-01 |
   1507 | 5.74680e+01 3.81353e-02 | 1.24134e-02 1.07418e-01 1.38726e-01 |
   1508 | 5.75061e+01 3.81349e-02 | 1.24134e-02 1.07418e-01 1.38726e-01 |
   1509 | 5.75443e+01 3.81346e-02 | 1.24134e-02 1.07418e-01 1.38726e-01 |
   1510 | 5.75824e+01 3.81344e-02 | 1.24133e-02 1.07418e-01 1.38726e-01 |
   1511 | 5.76205e+01 3.81342e-02 | 1.24133e-02 1.07417e-01 1.38726e-01 |
   1512 | 5.76587e+01 3.81340e-02 | 1.24133e-02 1.07417e-01 1.38726e-01 |
   1513 | 5.76968e+01 3.81339e-02 | 1.24133e-02 1.07417e-01 1.38726e-01 |
   1514 | 5.77349e+01 3.81338e-02 | 1.24133e-02 1.07417e-01 1.38726e-01 |
   1515 | 5.77731e+01 3.81338e-02 | 1.24133e-02 1.07417e-01 1.38726e-01 |
   1516 | 5.78112e+01 3.81338e-02 | 1.24132e-02 1.07417e-01 1.38726e-01 |
   1517 | 5.78493e+01 3.81338e-02 | 1.24132e-02 1.07417e-01 1.38726e-01 |
   1518 | 5.78875e+01 3.81339e-02 | 1.24132e-02 1.07416e-01 1.38726e-01 |
   1519 | 5.79256e+01 3.81340e-02 | 1.24132e-02 1.07416e-01 1.38726e-01 |
   1520 | 5.79637e+01 3.81342e-02 | 1.24132e-02 1.07416e-01 1.38726e-01 |
   1521 | 5.80019e+01 3.81344e-02 | 1.24132e-02 1.07416e-01 1.38726e-01 |
   1522 | 5.80400e+01 3.81347e-02 | 1.24131e-02 1.07416e-01 1.38726e-01 |
   1523 | 5.80781e+01 3.81350e-02 | 1.24131e-02 1.07416e-01 1.38726e-01 |
   1524 | 5.81163e+01 3.81353e-02 | 1.24131e-02 1.07416e-01 1.38726e-01 |
   1525 | 5.81544e+01 3.81357e-02 | 1.24131e-02 1.07415e-01 1.38726e-01 |
   1526 | 5.81925e+01 3.81361e-02 | 1.24131e-02 1.07415e-01 1.38726e-01 |
   1527 | 5.82307e+01 3.81356e-02 | 1.24131e-02 1.07415e-01 1.38726e-01 |
   1528 | 5.82688e+01 3.81351e-02 | 1.24130e-02 1.07415e-01 1.38726e-01 |
   1529 | 5.83069e+01 3.81347e-02 | 1.24130e-02 1.07415e-01 1.38726e-01 |
   1530 | 5.83451e+01 3.81344e-02 | 1.24130e-02 1.07415e-01 1.38726e-01 |
   1531 | 5.83832e+01 3.81341e-02 | 1.24130e-02 1.07415e-01 1.38726e-01 |
   1532 | 5.84213e+01 3.81338e-02 | 1.24130e-02 1.07414e-01 1.38726e-01 |
   1533 | 5.84595e+01 3.81335e-02 | 1.24130e-02 1.07414e-01 1.38726e-01 |
   1534 | 5.84976e+01 3.81334e-02 | 1.24129e-02 1.07414e-01 1.38726e-01 |
   1535 | 5.85357e+01 3.81332e-02 | 1.24129e-02 1.07414e-01 1.38726e-01 |
   1536 | 5.85739e+01 3.81331e-02 | 1.24129e-02 1.07414e-01 1.38726e-01 |
   1537 | 5.86120e+01 3.81330e-02 | 1.24129e-02 1.07414e-01 1.38726e-01 |
   1538 | 5.86501e+01 3.81330e-02 | 1.24129e-02 1.07414e-01 1.38726e-01 |
   1539 | 5.86883e+01 3.81330e-02 | 1.24129e-02 1.07414e-01 1.38726e-01 |
   1540 | 5.87264e+01 3.81331e-02 | 1.24128e-02 1.07413e-01 1.38726e-01 |
   1541 | 5.87645e+01 3.81332e-02 | 1.24128e-02 1.07413e-01 1.38726e-01 |
   1542 | 5.88027e+01 3.81333e-02 | 1.24128e-02 1.07413e-01 1.38726e-01 |
   1543 | 5.88408e+01 3.81335e-02 | 1.24128e-02 1.07413e-01 1.38726e-01 |
   1544 | 5.88789e+01 3.81338e-02 | 1.24128e-02 1.07413e-01 1.38726e-01 |
   1545 | 5.89171e+01 3.81340e-02 | 1.24128e-02 1.07413e-01 1.38726e-01 |
   1546 | 5.89552e+01 3.81343e-02 | 1.24127e-02 1.07413e-01 1.38726e-01 |
   1547 | 5.89933e+01 3.81347e-02 | 1.24127e-02 1.07412e-01 1.38726e-01 |
   1548 | 5.90315e+01 3.81351e-02 | 1.24127e-02 1.07412e-01 1.38726e-01 |
   1549 | 5.90696e+01 3.81355e-02 | 1.24127e-02 1.07412e-01 1.38726e-01 |
   1550 | 5.91078e+01 3.81357e-02 | 1.24127e-02 1.07412e-01 1.38726e-01 |
   1551 | 5.91459e+01 3.81354e-02 | 1.24127e-02 1.07412e-01 1.38726e-01 |
   1552 | 5.91840e+01 3.81352e-02 | 1.24126e-02 1.07412e-01 1.38726e-01 |
   1553 | 5.92222e+01 3.81350e-02 | 1.24126e-02 1.07412e-01 1.38726e-01 |
   1554 | 5.92603e+01 3.81348e-02 | 1.24126e-02 1.07411e-01 1.38726e-01 |
   1555 | 5.92984e+01 3.81347e-02 | 1.24126e-02 1.07411e-01 1.38726e-01 |
   1556 | 5.93366e+01 3.81346e-02 | 1.24126e-02 1.07411e-01 1.38726e-01 |
   1557 | 5.93747e+01 3.81346e-02 | 1.24126e-02 1.07411e-01 1.38726e-01 |
   1558 | 5.94128e+01 3.81346e-02 | 1.24125e-02 1.07411e-01 1.38726e-01 |
   1559 | 5.94510e+01 3.81347e-02 | 1.24125e-02 1.07411e-01 1.38726e-01 |
   1560 | 5.94891e+01 3.81348e-02 | 1.24125e-02 1.07411e-01 1.38726e-01 |
   1561 | 5.95272e+01 3.81349e-02 | 1.24125e-02 1.07410e-01 1.38726e-01 |
   1562 | 5.95654e+01 3.81351e-02 | 1.24125e-02 1.07410e-01 1.38726e-01 |
   1563 | 5.96035e+01 3.81354e-02 | 1.24125e-02 1.07410e-01 1.38726e-01 |
   1564 | 5.96416e+01 3.81356e-02 | 1.24124e-02 1.07410e-01 1.38726e-01 |
   1565 | 5.96798e+01 3.81359e-02 | 1.24124e-02 1.07410e-01 1.38726e-01 |
   1566 | 5.97179e+01 3.81363e-02 | 1.24124e-02 1.07410e-01 1.38726e-01 |
   1567 | 5.97561e+01 3.81367e-02 | 1.24124e-02 1.07410e-01 1.38726e-01 |
   1568 | 5.97942e+01 3.81371e-02 | 1.24124e-02 1.07409e-01 1.38726e-01 |
   1569 | 5.98323e+01 3.81376e-02 | 1.24124e-02 1.07409e-01 1.38726e-01 |
   1570 | 5.98705e+01 3.81381e-02 | 1.24123e-02 1.07409e-01 1.38726e-01 |
   1571 | 5.99086e+01 3.81378e-02 | 1.24123e-02 1.07409e-01 1.38726e-01 |
   1572 | 5.99467e+01 3.81374e-02 | 1.24123e-02 1.07409e-01 1.38726e-01 |
   1573 | 5.99849e+01 3.81371e-02 | 1.24123e-02 1.07409e-01 1.38726e-01 |
   1574 | 6.00230e+01 3.81369e-02 | 1.24123e-02 1.07409e-01 1.38726e-01 |
   1575 | 6.00612e+01 3.81367e-02 | 1.24123e-02 1.07409e-01 1.38726e-01 |
   1576 | 6.00993e+01 3.81365e-02 | 1.24122e-02 1.07408e-01 1.38726e-01 |
   1577 | 6.01374e+01 3.81363e-02 | 1.24122e-02 1.07408e-01 1.38726e-01 |
   1578 | 6.01756e+01 3.81362e-02 | 1.24122e-02 1.07408e-01 1.38726e-01 |
   1579 | 6.02137e+01 3.81362e-02 | 1.24122e-02 1.07408e-01 1.38726e-01 |
   1580 | 6.02518e+01 3.81362e-02 | 1.24122e-02 1.07408e-01 1.38726e-01 |
   1581 | 6.02900e+01 3.81362e-02 | 1.24122e-02 1.07408e-01 1.38726e-01 |
   1582 | 6.03281e+01 3.81363e-02 | 1.24121e-02 1.07408e-01 1.38726e-01 |
   1583 | 6.03662e+01 3.81364e-02 | 1.24121e-02 1.07407e-01 1.38726e-01 |
   1584 | 6.04044e+01 3.81366e-02 | 1.24121e-02 1.07407e-01 1.38726e-01 |
   1585 | 6.04425e+01 3.81368e-02 | 1.24121e-02 1.07407e-01 1.38726e-01 |
   1586 | 6.04807e+01 3.81367e-02 | 1.24121e-02 1.07407e-01 1.38726e-01 |
   1587 | 6.05188e+01 3.81365e-02 | 1.24121e-02 1.07407e-01 1.38726e-01 |
   1588 | 6.05569e+01 3.81364e-02 | 1.24120e-02 1.07407e-01 1.38726e-01 |
   1589 | 6.05951e+01 3.81364e-02 | 1.24120e-02 1.07407e-01 1.38726e-01 |
   1590 | 6.06332e+01 3.81364e-02 | 1.24120e-02 1.07406e-01 1.38726e-01 |
   1591 | 6.06713e+01 3.81364e-02 | 1.24120e-02 1.07406e-01 1.38726e-01 |
   1592 | 6.07095e+01 3.81365e-02 | 1.24120e-02 1.07406e-01 1.38726e-01 |
   1593 | 6.07476e+01 3.81366e-02 | 1.24120e-02 1.07406e-01 1.38726e-01 |
   1594 | 6.07857e+01 3.81367e-02 | 1.24119e-02 1.07406e-01 1.38726e-01 |
   1595 | 6.08239e+01 3.81369e-02 | 1.24119e-02 1.07406e-01 1.38726e-01 |
   1596 | 6.08620e+01 3.81372e-02 | 1.24119e-02 1.07406e-01 1.38726e-01 |
   1597 | 6.09002e+01 3.81375e-02 | 1.24119e-02 1.07405e-01 1.38726e-01 |
   1598 | 6.09383e+01 3.81378e-02 | 1.24119e-02 1.07405e-01 1.38726e-01 |
   1599 | 6.09764e+01 3.81381e-02 | 1.24119e-02 1.07405e-01 1.38726e-01 |
   1600 | 6.10146e+01 3.81380e-02 | 1.24118e-02 1.07405e-01 1.38726e-01 |
   1601 | 6.10527e+01 3.81375e-02 | 1.24118e-02 1.07405e-01 1.38726e-01 |
   1602 | 6.10908e+01 3.81370e-02 | 1.24118e-02 1.07405e-01 1.38726e-01 |
   1603 | 6.11290e+01 3.81366e-02 | 1.24118e-02 1.07405e-01 1.38726e-01 |
   1604 | 6.11671e+01 3.81362e-02 | 1.24118e-02 1.07404e-01 1.38726e-01 |
   1605 | 6.12053e+01 3.81359e-02 | 1.24118e-02 1.07404e-01 1.38726e-01 |
   1606 | 6.12434e+01 3.81356e-02 | 1.24117e-02 1.07404e-01 1.38725e-01 |
   1607 | 6.12815e+01 3.81354e-02 | 1.24117e-02 1.07404e-01 1.38725e-01 |
   1608 | 6.13197e+01 3.81352e-02 | 1.24117e-02 1.07404e-01 1.38725e-01 |
   1609 | 6.13578e+01 3.81350e-02 | 1.24117e-02 1.07404e-01 1.38725e-01 |
   1610 | 6.13959e+01 3.81349e-02 | 1.24117e-02 1.07404e-01 1.38725e-01 |
   1611 | 6.14341e+01 3.81348e-02 | 1.24116e-02 1.07403e-01 1.38725e-01 |
   1612 | 6.14722e+01 3.81347e-02 | 1.24116e-02 1.07403e-01 1.38725e-01 |
   1613 | 6.15103e+01 3.81347e-02 | 1.24116e-02 1.07403e-01 1.38725e-01 |
   1614 | 6.15485e+01 3.81348e-02 | 1.24116e-02 1.07403e-01 1.38725e-01 |
   1615 | 6.15866e+01 3.81349e-02 | 1.24116e-02 1.07403e-01 1.38725e-01 |
   1616 | 6.16247e+01 3.81350e-02 | 1.24116e-02 1.07403e-01 1.38725e-01 |
   1617 | 6.16629e+01 3.81352e-02 | 1.24115e-02 1.07403e-01 1.38725e-01 |
   1618 | 6.17010e+01 3.81354e-02 | 1.24115e-02 1.07402e-01 1.38725e-01 |
   1619 | 6.17391e+01 3.81357e-02 | 1.24115e-02 1.07402e-01 1.38725e-01 |
   1620 | 6.17773e+01 3.81359e-02 | 1.24115e-02 1.07402e-01 1.38725e-01 |
   1621 | 6.18154e+01 3.81354e-02 | 1.24115e-02 1.07402e-01 1.38725e-01 |
   1622 | 6.18535e+01 3.81350e-02 | 1.24115e-02 1.07402e-01 1.38725e-01 |
   1623 | 6.18917e+01 3.81346e-02 | 1.24114e-02 1.07402e-01 1.38725e-01 |
   1624 | 6.19298e+01 3.81343e-02 | 1.24114e-02 1.07402e-01 1.38725e-01 |
   1625 | 6.19680e+01 3.81340e-02 | 1.24114e-02 1.07401e-01 1.38725e-01 |
   1626 | 6.20061e+01 3.81337e-02 | 1.24114e-02 1.07401e-01 1.38725e-01 |
   1627 | 6.20442e+01 3.81335e-02 | 1.24114e-02 1.07401e-01 1.38725e-01 |
   1628 | 6.20824e+01 3.81334e-02 | 1.24114e-02 1.07401e-01 1.38725e-01 |
   1629 | 6.21205e+01 3.81333e-02 | 1.24113e-02 1.07401e-01 1.38725e-01 |
   1630 | 6.21586e+01 3.81332e-02 | 1.24113e-02 1.07401e-01 1.38725e-01 |
   1631 | 6.21968e+01 3.81331e-02 | 1.24113e-02 1.07401e-01 1.38725e-01 |
   1632 | 6.22349e+01 3.81331e-02 | 1.24113e-02 1.07401e-01 1.38725e-01 |
   1633 | 6.22730e+01 3.81332e-02 | 1.24113e-02 1.07400e-01 1.38725e-01 |
   1634 | 6.23112e+01 3.81333e-02 | 1.24113e-02 1.07400e-01 1.38725e-01 |
   1635 | 6.23493e+01 3.81334e-02 | 1.24112e-02 1.07400e-01 1.38725e-01 |
   1636 | 6.23874e+01 3.81336e-02 | 1.24112e-02 1.07400e-01 1.38725e-01 |
   1637 | 6.24256e+01 3.81338e-02 | 1.24112e-02 1.07400e-01 1.38725e-01 |
   1638 | 6.24637e+01 3.81341e-02 | 1.24112e-02 1.07400e-01 1.38725e-01 |
   1639 | 6.25018e+01 3.81344e-02 | 1.24112e-02 1.07400e-01 1.38725e-01 |
   1640 | 6.25400e+01 3.81347e-02 | 1.24112e-02 1.07399e-01 1.38725e-01 |
   1641 | 6.25781e+01 3.81351e-02 | 1.24112e-02 1.07399e-01 1.38725e-01 |
   1642 | 6.26162e+01 3.81355e-02 | 1.24111e-02 1.07399e-01 1.38725e-01 |
   1643 | 6.26544e+01 3.81360e-02 | 1.24111e-02 1.07399e-01 1.38725e-01 |
   1644 | 6.26925e+01 3.81360e-02 | 1.24111e-02 1.07399e-01 1.38725e-01 |
   1645 | 6.27306e+01 3.81356e-02 | 1.24111e-02 1.07399e-01 1.38725e-01 |
   1646 | 6.27688e+01 3.81352e-02 | 1.24111e-02 1.07399e-01 1.38725e-01 |
   1647 | 6.28069e+01 3.81349e-02 | 1.24111e-02 1.07398e-01 1.38725e-01 |
   1648 | 6.28450e+01 3.81346e-02 | 1.24110e-02 1.07398e-01 1.38725e-01 |
   1649 | 6.28832e+01 3.81344e-02 | 1.24110e-02 1.07398e-01 1.38725e-01 |
   1650 | 6.29213e+01 3.81342e-02 | 1.24110e-02 1.07398e-01 1.38725e-01 |
   1651 | 6.29594e+01 3.81341e-02 | 1.24110e-02 1.07398e-01 1.38725e-01 |
   1652 | 6.29976e+01 3.81339e-02 | 1.24110e-02 1.07398e-01 1.38725e-01 |
   1653 | 6.30357e+01 3.81339e-02 | 1.24110e-02 1.07398e-01 1.38725e-01 |
   1654 | 6.30738e+01 3.81339e-02 | 1.24109e-02 1.07397e-01 1.38725e-01 |
   1655 | 6.31120e+01 3.81339e-02 | 1.24109e-02 1.07397e-01 1.38725e-01 |
   1656 | 6.31501e+01 3.81339e-02 | 1.24109e-02 1.07397e-01 1.38725e-01 |
   1657 | 6.31882e+01 3.81340e-02 | 1.24109e-02 1.07397e-01 1.38725e-01 |
   1658 | 6.32264e+01 3.81342e-02 | 1.24109e-02 1.07397e-01 1.38725e-01 |
   1659 | 6.32645e+01 3.81344e-02 | 1.24109e-02 1.07397e-01 1.38725e-01 |
   1660 | 6.33026e+01 3.81346e-02 | 1.24108e-02 1.07397e-01 1.38725e-01 |
   1661 | 6.33408e+01 3.81349e-02 | 1.24108e-02 1.07396e-01 1.38725e-01 |
   1662 | 6.33789e+01 3.81352e-02 | 1.24108e-02 1.07396e-01 1.38725e-01 |
   1663 | 6.34171e+01 3.81356e-02 | 1.24108e-02 1.07396e-01 1.38725e-01 |
   1664 | 6.34552e+01 3.81360e-02 | 1.24108e-02 1.07396e-01 1.38725e-01 |
   1665 | 6.34933e+01 3.81364e-02 | 1.24108e-02 1.07396e-01 1.38725e-01 |
   1666 | 6.35315e+01 3.81369e-02 | 1.24107e-02 1.07396e-01 1.38725e-01 |
   1667 | 6.35696e+01 3.81374e-02 | 1.24107e-02 1.07396e-01 1.38725e-01 |
   1668 | 6.36077e+01 3.81380e-02 | 1.24107e-02 1.07395e-01 1.38725e-01 |
   1669 | 6.36459e+01 3.81386e-02 | 1.24107e-02 1.07395e-01 1.38725e-01 |
   1670 | 6.36840e+01 3.81392e-02 | 1.24107e-02 1.07395e-01 1.38725e-01 |
   1671 | 6.37222e+01 3.81399e-02 | 1.24107e-02 1.07395e-01 1.38725e-01 |
   1672 | 6.37603e+01 3.81407e-02 | 1.24106e-02 1.07395e-01 1.38725e-01 |
   1673 | 6.37984e+01 3.81409e-02 | 1.24106e-02 1.07395e-01 1.38725e-01 |
   1674 | 6.38366e+01 3.81409e-02 | 1.24106e-02 1.07395e-01 1.38725e-01 |
   1675 | 6.38747e+01 3.81409e-02 | 1.24106e-02 1.07394e-01 1.38725e-01 |
   1676 | 6.39129e+01 3.81404e-02 | 1.24106e-02 1.07394e-01 1.38725e-01 |
   1677 | 6.39510e+01 3.81400e-02 | 1.24106e-02 1.07394e-01 1.38725e-01 |
   1678 | 6.39891e+01 3.81396e-02 | 1.24105e-02 1.07394e-01 1.38725e-01 |
   1679 | 6.40273e+01 3.81393e-02 | 1.24105e-02 1.07394e-01 1.38725e-01 |
   1680 | 6.40654e+01 3.81390e-02 | 1.24105e-02 1.07394e-01 1.38725e-01 |
   1681 | 6.41036e+01 3.81387e-02 | 1.24105e-02 1.07394e-01 1.38725e-01 |
   1682 | 6.41417e+01 3.81385e-02 | 1.24105e-02 1.07393e-01 1.38725e-01 |
   1683 | 6.41798e+01 3.81383e-02 | 1.24105e-02 1.07393e-01 1.38724e-01 |
   1684 | 6.42180e+01 3.81381e-02 | 1.24104e-02 1.07393e-01 1.38724e-01 |
   1685 | 6.42561e+01 3.81380e-02 | 1.24104e-02 1.07393e-01 1.38724e-01 |
   1686 | 6.42942e+01 3.81380e-02 | 1.24104e-02 1.07393e-01 1.38724e-01 |
   1687 | 6.43324e+01 3.81380e-02 | 1.24104e-02 1.07393e-01 1.38724e-01 |
   1688 | 6.43705e+01 3.81380e-02 | 1.24104e-02 1.07393e-01 1.38724e-01 |
   1689 | 6.44087e+01 3.81381e-02 | 1.24104e-02 1.07392e-01 1.38724e-01 |
   1690 | 6.44468e+01 3.81382e-02 | 1.24103e-02 1.07392e-01 1.38724e-01 |
   1691 | 6.44849e+01 3.81377e-02 | 1.24103e-02 1.07392e-01 1.38724e-01 |
   1692 | 6.45231e+01 3.81371e-02 | 1.24103e-02 1.07392e-01 1.38724e-01 |
   1693 | 6.45612e+01 3.81365e-02 | 1.24103e-02 1.07392e-01 1.38724e-01 |
   1694 | 6.45993e+01 3.81360e-02 | 1.24103e-02 1.07392e-01 1.38724e-01 |
   1695 | 6.46375e+01 3.81355e-02 | 1.24103e-02 1.07392e-01 1.38724e-01 |
   1696 | 6.46756e+01 3.81351e-02 | 1.24102e-02 1.07391e-01 1.38724e-01 |
   1697 | 6.47138e+01 3.81347e-02 | 1.24102e-02 1.07391e-01 1.38724e-01 |
   1698 | 6.47519e+01 3.81344e-02 | 1.24102e-02 1.07391e-01 1.38724e-01 |
   1699 | 6.47900e+01 3.81341e-02 | 1.24102e-02 1.07391e-01 1.38724e-01 |
   1700 | 6.48282e+01 3.81338e-02 | 1.24102e-02 1.07391e-01 1.38724e-01 |
   1701 | 6.48663e+01 3.81336e-02 | 1.24102e-02 1.07391e-01 1.38724e-01 |
   1702 | 6.49044e+01 3.81334e-02 | 1.24101e-02 1.07391e-01 1.38724e-01 |
   1703 | 6.49426e+01 3.81333e-02 | 1.24101e-02 1.07390e-01 1.38724e-01 |
   1704 | 6.49807e+01 3.81332e-02 | 1.24101e-02 1.07390e-01 1.38724e-01 |
   1705 | 6.50188e+01 3.81331e-02 | 1.24101e-02 1.07390e-01 1.38724e-01 |
   1706 | 6.50570e+01 3.81331e-02 | 1.24101e-02 1.07390e-01 1.38724e-01 |
   1707 | 6.50951e+01 3.81332e-02 | 1.24101e-02 1.07390e-01 1.38724e-01 |
   1708 | 6.51332e+01 3.81332e-02 | 1.24101e-02 1.07390e-01 1.38724e-01 |
   1709 | 6.51714e+01 3.81334e-02 | 1.24100e-02 1.07390e-01 1.38724e-01 |
   1710 | 6.52095e+01 3.81335e-02 | 1.24100e-02 1.07389e-01 1.38724e-01 |
   1711 | 6.52476e+01 3.81337e-02 | 1.24100e-02 1.07389e-01 1.38724e-01 |
   1712 | 6.52858e+01 3.81340e-02 | 1.24100e-02 1.07389e-01 1.38724e-01 |
   1713 | 6.53239e+01 3.81343e-02 | 1.24100e-02 1.07389e-01 1.38724e-01 |
   1714 | 6.53620e+01 3.81346e-02 | 1.24100e-02 1.07389e-01 1.38724e-01 |
   1715 | 6.54002e+01 3.81350e-02 | 1.24099e-02 1.07389e-01 1.38724e-01 |
   1716 | 6.54383e+01 3.81354e-02 | 1.24099e-02 1.07389e-01 1.38724e-01 |
   1717 | 6.54764e+01 3.81357e-02 | 1.24099e-02 1.07388e-01 1.38724e-01 |
   1718 | 6.55146e+01 3.81352e-02 | 1.24099e-02 1.07388e-01 1.38724e-01 |
   1719 | 6.55527e+01 3.81348e-02 | 1.24099e-02 1.07388e-01 1.38724e-01 |
   1720 | 6.55908e+01 3.81345e-02 | 1.24099e-02 1.07388e-01 1.38724e-01 |
   1721 | 6.56290e+01 3.81341e-02 | 1.24098e-02 1.07388e-01 1.38724e-01 |
   1722 | 6.56671e+01 3.81338e-02 | 1.24098e-02 1.07388e-01 1.38724e-01 |
   1723 | 6.57052e+01 3.81336e-02 | 1.24098e-02 1.07388e-01 1.38724e-01 |
   1724 | 6.57434e+01 3.81334e-02 | 1.24098e-02 1.07387e-01 1.38724e-01 |
   1725 | 6.57815e+01 3.81332e-02 | 1.24098e-02 1.07387e-01 1.38724e-01 |
   1726 | 6.58196e+01 3.81331e-02 | 1.24098e-02 1.07387e-01 1.38724e-01 |
   1727 | 6.58578e+01 3.81330e-02 | 1.24097e-02 1.07387e-01 1.38724e-01 |
   1728 | 6.58959e+01 3.81330e-02 | 1.24097e-02 1.07387e-01 1.38724e-01 |
   1729 | 6.59340e+01 3.81330e-02 | 1.24097e-02 1.07387e-01 1.38724e-01 |
   1730 | 6.59722e+01 3.81331e-02 | 1.24097e-02 1.07387e-01 1.38724e-01 |
   1731 | 6.60103e+01 3.81331e-02 | 1.24097e-02 1.07386e-01 1.38724e-01 |
   1732 | 6.60484e+01 3.81333e-02 | 1.24097e-02 1.07386e-01 1.38724e-01 |
   1733 | 6.60866e+01 3.81335e-02 | 1.24096e-02 1.07386e-01 1.38724e-01 |
   1734 | 6.61247e+01 3.81337e-02 | 1.24096e-02 1.07386e-01 1.38724e-01 |
   1735 | 6.61628e+01 3.81339e-02 | 1.24096e-02 1.07386e-01 1.38724e-01 |
   1736 | 6.62010e+01 3.81342e-02 | 1.24096e-02 1.07386e-01 1.38724e-01 |
   1737 | 6.62391e+01 3.81346e-02 | 1.24096e-02 1.07386e-01 1.38724e-01 |
   1738 | 6.62772e+01 3.81350e-02 | 1.24096e-02 1.07385e-01 1.38724e-01 |
   1739 | 6.63154e+01 3.81354e-02 | 1.24095e-02 1.07385e-01 1.38724e-01 |
   1740 | 6.63535e+01 3.81359e-02 | 1.24095e-02 1.07385e-01 1.38723e-01 |
   1741 | 6.63916e+01 3.81364e-02 | 1.24095e-02 1.07385e-01 1.38723e-01 |
   1742 | 6.64298e+01 3.81370e-02 | 1.24095e-02 1.07385e-01 1.38723e-01 |
   1743 | 6.64679e+01 3.81373e-02 | 1.24095e-02 1.07385e-01 1.38723e-01 |
   1744 | 6.65061e+01 3.81372e-02 | 1.24095e-02 1.07384e-01 1.38723e-01 |
   1745 | 6.65442e+01 3.81370e-02 | 1.24094e-02 1.07384e-01 1.38723e-01 |
   1746 | 6.65823e+01 3.81370e-02 | 1.24094e-02 1.07384e-01 1.38723e-01 |
   1747 | 6.66205e+01 3.81369e-02 | 1.24094e-02 1.07384e-01 1.38723e-01 |
   1748 | 6.66586e+01 3.81369e-02 | 1.24094e-02 1.07384e-01 1.38723e-01 |
   1749 | 6.66967e+01 3.81370e-02 | 1.24094e-02 1.07384e-01 1.38723e-01 |
   1750 | 6.67349e+01 3.81371e-02 | 1.24094e-02 1.07384e-01 1.38723e-01 |
   1751 | 6.67730e+01 3.81372e-02 | 1.24094e-02 1.07383e-01 1.38723e-01 |
   1752 | 6.68112e+01 3.81374e-02 | 1.24093e-02 1.07383e-01 1.38723e-01 |
   1753 | 6.68493e+01 3.81376e-02 | 1.24093e-02 1.07383e-01 1.38723e-01 |
   1754 | 6.68874e+01 3.81378e-02 | 1.24093e-02 1.07383e-01 1.38723e-01 |
   1755 | 6.69256e+01 3.81381e-02 | 1.24093e-02 1.07383e-01 1.38723e-01 |
   1756 | 6.69637e+01 3.81385e-02 | 1.24093e-02 1.07383e-01 1.38723e-01 |
   1757 | 6.70018e+01 3.81389e-02 | 1.24093e-02 1.07383e-01 1.38723e-01 |
   1758 | 6.70400e+01 3.81393e-02 | 1.24092e-02 1.07382e-01 1.38723e-01 |
   1759 | 6.70781e+01 3.81398e-02 | 1.24092e-02 1.07382e-01 1.38723e-01 |
   1760 | 6.71163e+01 3.81403e-02 | 1.24092e-02 1.07382e-01 1.38723e-01 |
   1761 | 6.71544e+01 3.81408e-02 | 1.24092e-02 1.07382e-01 1.38723e-01 |
   1762 | 6.71925e+01 3.81405e-02 | 1.24092e-02 1.07382e-01 1.38723e-01 |
   1763 | 6.72307e+01 3.81401e-02 | 1.24092e-02 1.07382e-01 1.38723e-01 |
   1764 | 6.72688e+01 3.81399e-02 | 1.24091e-02 1.07382e-01 1.38723e-01 |
   1765 | 6.73070e+01 3.81394e-02 | 1.24091e-02 1.07381e-01 1.38723e-01 |
   1766 | 6.73451e+01 3.81388e-02 | 1.24091e-02 1.07381e-01 1.38723e-01 |
   1767 | 6.73832e+01 3.81382e-02 | 1.24091e-02 1.07381e-01 1.38723e-01 |
   1768 | 6.74214e+01 3.81377e-02 | 1.24091e-02 1.07381e-01 1.38723e-01 |
   1769 | 6.74595e+01 3.81372e-02 | 1.24091e-02 1.07381e-01 1.38723e-01 |
   1770 | 6.74977e+01 3.81367e-02 | 1.24090e-02 1.07381e-01 1.38723e-01 |
   1771 | 6.75358e+01 3.81363e-02 | 1.24090e-02 1.07381e-01 1.38723e-01 |
   1772 | 6.75739e+01 3.81360e-02 | 1.24090e-02 1.07380e-01 1.38723e-01 |
   1773 | 6.76121e+01 3.81356e-02 | 1.24090e-02 1.07380e-01 1.38723e-01 |
   1774 | 6.76502e+01 3.81354e-02 | 1.24090e-02 1.07380e-01 1.38723e-01 |
   1775 | 6.76883e+01 3.81351e-02 | 1.24090e-02 1.07380e-01 1.38723e-01 |
   1776 | 6.77265e+01 3.81349e-02 | 1.24089e-02 1.07380e-01 1.38723e-01 |
   1777 | 6.77646e+01 3.81348e-02 | 1.24089e-02 1.07380e-01 1.38723e-01 |
   1778 | 6.78027e+01 3.81347e-02 | 1.24089e-02 1.07380e-01 1.38723e-01 |
   1779 | 6.78409e+01 3.81346e-02 | 1.24089e-02 1.07379e-01 1.38723e-01 |
   1780 | 6.78790e+01 3.81346e-02 | 1.24089e-02 1.07379e-01 1.38723e-01 |
   1781 | 6.79171e+01 3.81346e-02 | 1.24089e-02 1.07379e-01 1.38723e-01 |
   1782 | 6.79553e+01 3.81347e-02 | 1.24088e-02 1.07379e-01 1.38723e-01 |
   1783 | 6.79934e+01 3.81348e-02 | 1.24088e-02 1.07379e-01 1.38723e-01 |
   1784 | 6.80315e+01 3.81349e-02 | 1.24088e-02 1.07379e-01 1.38723e-01 |
   1785 | 6.80697e+01 3.81351e-02 | 1.24088e-02 1.07379e-01 1.38723e-01 |
   1786 | 6.81078e+01 3.81353e-02 | 1.24088e-02 1.07378e-01 1.38723e-01 |
   1787 | 6.81460e+01 3.81356e-02 | 1.24088e-02 1.07378e-01 1.38722e-01 |
   1788 | 6.81841e+01 3.81359e-02 | 1.24088e-02 1.07378e-01 1.38722e-01 |
   1789 | 6.82222e+01 3.81363e-02 | 1.24087e-02 1.07378e-01 1.38722e-01 |
   1790 | 6.82604e+01 3.81367e-02 | 1.24087e-02 1.07378e-01 1.38722e-01 |
   1791 | 6.82985e+01 3.81365e-02 | 1.24087e-02 1.07378e-01 1.38722e-01 |
   1792 | 6.83366e+01 3.81360e-02 | 1.24087e-02 1.07378e-01 1.38722e-01 |
   1793 | 6.83748e+01 3.81356e-02 | 1.24087e-02 1.07377e-01 1.38722e-01 |
   1794 | 6.84129e+01 3.81352e-02 | 1.24087e-02 1.07377e-01 1.38722e-01 |
   1795 | 6.84510e+01 3.81348e-02 | 1.24086e-02 1.07377e-01 1.38722e-01 |
   1796 | 6.84892e+01 3.81345e-02 | 1.24086e-02 1.07377e-01 1.38722e-01 |
   1797 | 6.85273e+01 3.81343e-02 | 1.24086e-02 1.07377e-01 1.38722e-01 |
   1798 | 6.85654e+01 3.81341e-02 | 1.24086e-02 1.07377e-01 1.38722e-01 |
   1799 | 6.86036e+01 3.81339e-02 | 1.24086e-02 1.07377e-01 1.38722e-01 |
   1800 | 6.86417e+01 3.81338e-02 | 1.24086e-02 1.07376e-01 1.38722e-01 |
   1801 | 6.86798e+01 3.81337e-02 | 1.24085e-02 1.07376e-01 1.38722e-01 |
   1802 | 6.87180e+01 3.81336e-02 | 1.24085e-02 1.07376e-01 1.38722e-01 |
   1803 | 6.87561e+01 3.81336e-02 | 1.24085e-02 1.07376e-01 1.38722e-01 |
   1804 | 6.87942e+01 3.81336e-02 | 1.24085e-02 1.07376e-01 1.38722e-01 |
   1805 | 6.88324e+01 3.81337e-02 | 1.24085e-02 1.07376e-01 1.38722e-01 |
   1806 | 6.88705e+01 3.81338e-02 | 1.24085e-02 1.07375e-01 1.38722e-01 |
   1807 | 6.89086e+01 3.81340e-02 | 1.24084e-02 1.07375e-01 1.38722e-01 |
   1808 | 6.89468e+01 3.81342e-02 | 1.24084e-02 1.07375e-01 1.38722e-01 |
   1809 | 6.89849e+01 3.81345e-02 | 1.24084e-02 1.07375e-01 1.38722e-01 |
   1810 | 6.90230e+01 3.81348e-02 | 1.24084e-02 1.07375e-01 1.38722e-01 |
   1811 | 6.90612e+01 3.81351e-02 | 1.24084e-02 1.07375e-01 1.38722e-01 |
   1812 | 6.90993e+01 3.81355e-02 | 1.24084e-02 1.07375e-01 1.38722e-01 |
   1813 | 6.91375e+01 3.81359e-02 | 1.24083e-02 1.07374e-01 1.38722e-01 |
   1814 | 6.91756e+01 3.81356e-02 | 1.24083e-02 1.07374e-01 1.38722e-01 |
   1815 | 6.92137e+01 3.81353e-02 | 1.24083e-02 1.07374e-01 1.38722e-01 |
   1816 | 6.92519e+01 3.81350e-02 | 1.24083e-02 1.07374e-01 1.38722e-01 |
   1817 | 6.92900e+01 3.81348e-02 | 1.24083e-02 1.07374e-01 1.38722e-01 |
   1818 | 6.93281e+01 3.81346e-02 | 1.24083e-02 1.07374e-01 1.38722e-01 |
   1819 | 6.93663e+01 3.81345e-02 | 1.24082e-02 1.07374e-01 1.38722e-01 |
   1820 | 6.94044e+01 3.81344e-02 | 1.24082e-02 1.07373e-01 1.38722e-01 |
   1821 | 6.94425e+01 3.81344e-02 | 1.24082e-02 1.07373e-01 1.38722e-01 |
   1822 | 6.94807e+01 3.81344e-02 | 1.24082e-02 1.07373e-01 1.38722e-01 |
   1823 | 6.95188e+01 3.81344e-02 | 1.24082e-02 1.07373e-01 1.38722e-01 |
   1824 | 6.95569e+01 3.81345e-02 | 1.24082e-02 1.07373e-01 1.38722e-01 |
   1825 | 6.95951e+01 3.81346e-02 | 1.24082e-02 1.07373e-01 1.38722e-01 |
   1826 | 6.96332e+01 3.81348e-02 | 1.24081e-02 1.07373e-01 1.38722e-01 |
   1827 | 6.96713e+01 3.81350e-02 | 1.24081e-02 1.07372e-01 1.38722e-01 |
   1828 | 6.97095e+01 3.81352e-02 | 1.24081e-02 1.07372e-01 1.38721e-01 |
   1829 | 6.97476e+01 3.81355e-02 | 1.24081e-02 1.07372e-01 1.38721e-01 |
   1830 | 6.97857e+01 3.81358e-02 | 1.24081e-02 1.07372e-01 1.38721e-01 |
   1831 | 6.98239e+01 3.81362e-02 | 1.24081e-02 1.07372e-01 1.38721e-01 |
   1832 | 6.98620e+01 3.81366e-02 | 1.24080e-02 1.07372e-01 1.38721e-01 |
   1833 | 6.99002e+01 3.81371e-02 | 1.24080e-02 1.07372e-01 1.38721e-01 |
   1834 | 6.99383e+01 3.81376e-02 | 1.24080e-02 1.07371e-01 1.38721e-01 |
   1835 | 6.99764e+01 3.81375e-02 | 1.24080e-02 1.07371e-01 1.38721e-01 |
   1836 | 7.00146e+01 3.81371e-02 | 1.24080e-02 1.07371e-01 1.38721e-01 |
   1837 | 7.00527e+01 3.81368e-02 | 1.24080e-02 1.07371e-01 1.38721e-01 |
   1838 | 7.00908e+01 3.81365e-02 | 1.24079e-02 1.07371e-01 1.38721e-01 |
   1839 | 7.01290e+01 3.81363e-02 | 1.24079e-02 1.07371e-01 1.38721e-01 |
   1840 | 7.01671e+01 3.81361e-02 | 1.24079e-02 1.07370e-01 1.38721e-01 |
   1841 | 7.02053e+01 3.81359e-02 | 1.24079e-02 1.07370e-01 1.38721e-01 |
   1842 | 7.02434e+01 3.81358e-02 | 1.24079e-02 1.07370e-01 1.38721e-01 |
   1843 | 7.02815e+01 3.81357e-02 | 1.24079e-02 1.07370e-01 1.38721e-01 |
   1844 | 7.03197e+01 3.81357e-02 | 1.24078e-02 1.07370e-01 1.38721e-01 |
   1845 | 7.03578e+01 3.81357e-02 | 1.24078e-02 1.07370e-01 1.38721e-01 |
   1846 | 7.03959e+01 3.81357e-02 | 1.24078e-02 1.07370e-01 1.38721e-01 |
   1847 | 7.04341e+01 3.81358e-02 | 1.24078e-02 1.07369e-01 1.38721e-01 |
   1848 | 7.04722e+01 3.81360e-02 | 1.24078e-02 1.07369e-01 1.38721e-01 |
   1849 | 7.05103e+01 3.81362e-02 | 1.24078e-02 1.07369e-01 1.38721e-01 |
   1850 | 7.05485e+01 3.81364e-02 | 1.24077e-02 1.07369e-01 1.38721e-01 |
   1851 | 7.05866e+01 3.81366e-02 | 1.24077e-02 1.07369e-01 1.38721e-01 |
   1852 | 7.06247e+01 3.81369e-02 | 1.24077e-02 1.07369e-01 1.38721e-01 |
   1853 | 7.06629e+01 3.81373e-02 | 1.24077e-02 1.07369e-01 1.38721e-01 |
   1854 | 7.07010e+01 3.81376e-02 | 1.24077e-02 1.07368e-01 1.38721e-01 |
   1855 | 7.07392e+01 3.81376e-02 | 1.24077e-02 1.07368e-01 1.38721e-01 |
   1856 | 7.07773e+01 3.81376e-02 | 1.24076e-02 1.07368e-01 1.38721e-01 |
   1857 | 7.08154e+01 3.81377e-02 | 1.24076e-02 1.07368e-01 1.38721e-01 |
   1858 | 7.08536e+01 3.81378e-02 | 1.24076e-02 1.07368e-01 1.38721e-01 |
   1859 | 7.08917e+01 3.81380e-02 | 1.24076e-02 1.07368e-01 1.38721e-01 |
   1860 | 7.09299e+01 3.81382e-02 | 1.24076e-02 1.07368e-01 1.38721e-01 |
   1861 | 7.09680e+01 3.81385e-02 | 1.24076e-02 1.07367e-01 1.38721e-01 |
   1862 | 7.10061e+01 3.81388e-02 | 1.24076e-02 1.07367e-01 1.38721e-01 |
   1863 | 7.10443e+01 3.81391e-02 | 1.24075e-02 1.07367e-01 1.38721e-01 |
   1864 | 7.10824e+01 3.81393e-02 | 1.24075e-02 1.07367e-01 1.38721e-01 |
   1865 | 7.11205e+01 3.81388e-02 | 1.24075e-02 1.07367e-01 1.38720e-01 |
   1866 | 7.11587e+01 3.81383e-02 | 1.24075e-02 1.07367e-01 1.38720e-01 |
   1867 | 7.11968e+01 3.81378e-02 | 1.24075e-02 1.07367e-01 1.38720e-01 |
   1868 | 7.12350e+01 3.81374e-02 | 1.24075e-02 1.07366e-01 1.38720e-01 |
   1869 | 7.12731e+01 3.81371e-02 | 1.24074e-02 1.07366e-01 1.38720e-01 |
   1870 | 7.13112e+01 3.81368e-02 | 1.24074e-02 1.07366e-01 1.38720e-01 |
   1871 | 7.13494e+01 3.81365e-02 | 1.24074e-02 1.07366e-01 1.38720e-01 |
   1872 | 7.13875e+01 3.81362e-02 | 1.24074e-02 1.07366e-01 1.38720e-01 |
   1873 | 7.14256e+01 3.81360e-02 | 1.24074e-02 1.07366e-01 1.38720e-01 |
   1874 | 7.14638e+01 3.81359e-02 | 1.24074e-02 1.07365e-01 1.38720e-01 |
   1875 | 7.15019e+01 3.81358e-02 | 1.24073e-02 1.07365e-01 1.38720e-01 |
   1876 | 7.15400e+01 3.81357e-02 | 1.24073e-02 1.07365e-01 1.38720e-01 |
   1877 | 7.15782e+01 3.81357e-02 | 1.24073e-02 1.07365e-01 1.38720e-01 |
   1878 | 7.16163e+01 3.81357e-02 | 1.24073e-02 1.07365e-01 1.38720e-01 |
   1879 | 7.16545e+01 3.81358e-02 | 1.24073e-02 1.07365e-01 1.38720e-01 |
   1880 | 7.16926e+01 3.81359e-02 | 1.24073e-02 1.07365e-01 1.38720e-01 |
   1881 | 7.17307e+01 3.81360e-02 | 1.24072e-02 1.07364e-01 1.38720e-01 |
   1882 | 7.17689e+01 3.81362e-02 | 1.24072e-02 1.07364e-01 1.38720e-01 |
   1883 | 7.18070e+01 3.81365e-02 | 1.24072e-02 1.07364e-01 1.38720e-01 |
   1884 | 7.18451e+01 3.81363e-02 | 1.24072e-02 1.07364e-01 1.38720e-01 |
   1885 | 7.18833e+01 3.81358e-02 | 1.24072e-02 1.07364e-01 1.38720e-01 |
   1886 | 7.19214e+01 3.81353e-02 | 1.24072e-02 1.07364e-01 1.38720e-01 |
   1887 | 7.19595e+01 3.81349e-02 | 1.24071e-02 1.07364e-01 1.38720e-01 |
   1888 | 7.19977e+01 3.81346e-02 | 1.24071e-02 1.07363e-01 1.38720e-01 |
   1889 | 7.20358e+01 3.81343e-02 | 1.24071e-02 1.07363e-01 1.38720e-01 |
   1890 | 7.20739e+01 3.81340e-02 | 1.24071e-02 1.07363e-01 1.38720e-01 |
   1891 | 7.21121e+01 3.81338e-02 | 1.24071e-02 1.07363e-01 1.38720e-01 |
   1892 | 7.21502e+01 3.81336e-02 | 1.24071e-02 1.07363e-01 1.38720e-01 |
   1893 | 7.21883e+01 3.81334e-02 | 1.24071e-02 1.07363e-01 1.38720e-01 |
   1894 | 7.22265e+01 3.81333e-02 | 1.24070e-02 1.07363e-01 1.38720e-01 |
   1895 | 7.22646e+01 3.81333e-02 | 1.24070e-02 1.07362e-01 1.38720e-01 |
   1896 | 7.23027e+01 3.81332e-02 | 1.24070e-02 1.07362e-01 1.38720e-01 |
   1897 | 7.23409e+01 3.81333e-02 | 1.24070e-02 1.07362e-01 1.38720e-01 |
   1898 | 7.23790e+01 3.81333e-02 | 1.24070e-02 1.07362e-01 1.38720e-01 |
   1899 | 7.24171e+01 3.81334e-02 | 1.24070e-02 1.07362e-01 1.38719e-01 |
   1900 | 7.24553e+01 3.81336e-02 | 1.24069e-02 1.07362e-01 1.38719e-01 |
   1901 | 7.24934e+01 3.81338e-02 | 1.24069e-02 1.07361e-01 1.38719e-01 |
   1902 | 7.25315e+01 3.81340e-02 | 1.24069e-02 1.07361e-01 1.38719e-01 |
   1903 | 7.25697e+01 3.81343e-02 | 1.24069e-02 1.07361e-01 1.38719e-01 |
   1904 | 7.26078e+01 3.81346e-02 | 1.24069e-02 1.07361e-01 1.38719e-01 |
   1905 | 7.26460e+01 3.81350e-02 | 1.24069e-02 1.07361e-01 1.38719e-01 |
   1906 | 7.26841e+01 3.81354e-02 | 1.24068e-02 1.07361e-01 1.38719e-01 |
   1907 | 7.27222e+01 3.81358e-02 | 1.24068e-02 1.07361e-01 1.38719e-01 |
   1908 | 7.27604e+01 3.81361e-02 | 1.24068e-02 1.07360e-01 1.38719e-01 |
   1909 | 7.27985e+01 3.81357e-02 | 1.24068e-02 1.07360e-01 1.38719e-01 |
   1910 | 7.28366e+01 3.81353e-02 | 1.24068e-02 1.07360e-01 1.38719e-01 |
   1911 | 7.28748e+01 3.81349e-02 | 1.24068e-02 1.07360e-01 1.38719e-01 |
   1912 | 7.29129e+01 3.81347e-02 | 1.24067e-02 1.07360e-01 1.38719e-01 |
   1913 | 7.29510e+01 3.81344e-02 | 1.24067e-02 1.07360e-01 1.38719e-01 |
   1914 | 7.29892e+01 3.81342e-02 | 1.24067e-02 1.07360e-01 1.38719e-01 |
   1915 | 7.30273e+01 3.81340e-02 | 1.24067e-02 1.07359e-01 1.38719e-01 |
   1916 | 7.30654e+01 3.81339e-02 | 1.24067e-02 1.07359e-01 1.38719e-01 |
   1917 | 7.31036e+01 3.81338e-02 | 1.24067e-02 1.07359e-01 1.38719e-01 |
   1918 | 7.31417e+01 3.81337e-02 | 1.24066e-02 1.07359e-01 1.38719e-01 |
   1919 | 7.31798e+01 3.81337e-02 | 1.24066e-02 1.07359e-01 1.38719e-01 |
   1920 | 7.32180e+01 3.81338e-02 | 1.24066e-02 1.07359e-01 1.38719e-01 |
   1921 | 7.32561e+01 3.81339e-02 | 1.24066e-02 1.07359e-01 1.38719e-01 |
   1922 | 7.32942e+01 3.81340e-02 | 1.24066e-02 1.07358e-01 1.38719e-01 |
   1923 | 7.33324e+01 3.81341e-02 | 1.24066e-02 1.07358e-01 1.38719e-01 |
   1924 | 7.33705e+01 3.81343e-02 | 1.24065e-02 1.07358e-01 1.38719e-01 |
   1925 | 7.34086e+01 3.81346e-02 | 1.24065e-02 1.07358e-01 1.38719e-01 |
   1926 | 7.34468e+01 3.81349e-02 | 1.24065e-02 1.07358e-01 1.38719e-01 |
   1927 | 7.34849e+01 3.81352e-02 | 1.24065e-02 1.07358e-01 1.38719e-01 |
   1928 | 7.35230e+01 3.81356e-02 | 1.24065e-02 1.07357e-01 1.38719e-01 |
   1929 | 7.35612e+01 3.81360e-02 | 1.24065e-02 1.07357e-01 1.38719e-01 |
   1930 | 7.35993e+01 3.81365e-02 | 1.24065e-02 1.07357e-01 1.38718e-01 |
   1931 | 7.36375e+01 3.81370e-02 | 1.24064e-02 1.07357e-01 1.38718e-01 |
   1932 | 7.36756e+01 3.81375e-02 | 1.24064e-02 1.07357e-01 1.38718e-01 |
   1933 | 7.37137e+01 3.81381e-02 | 1.24064e-02 1.07357e-01 1.38718e-01 |
   1934 | 7.37519e+01 3.81387e-02 | 1.24064e-02 1.07357e-01 1.38718e-01 |
   1935 | 7.37900e+01 3.81394e-02 | 1.24064e-02 1.07356e-01 1.38718e-01 |
   1936 | 7.38282e+01 3.81400e-02 | 1.24064e-02 1.07356e-01 1.38718e-01 |
   1937 | 7.38663e+01 3.81400e-02 | 1.24063e-02 1.07356e-01 1.38718e-01 |
   1938 | 7.39044e+01 3.81400e-02 | 1.24063e-02 1.07356e-01 1.38718e-01 |
   1939 | 7.39426e+01 3.81400e-02 | 1.24063e-02 1.07356e-01 1.38718e-01 |
   1940 | 7.39807e+01 3.81401e-02 | 1.24063e-02 1.07356e-01 1.38718e-01 |
   1941 | 7.40189e+01 3.81402e-02 | 1.24063e-02 1.07356e-01 1.38718e-01 |
   1942 | 7.40570e+01 3.81403e-02 | 1.24063e-02 1.07355e-01 1.38718e-01 |
   1943 | 7.40951e+01 3.81405e-02 | 1.24062e-02 1.07355e-01 1.38718e-01 |
   1944 | 7.41333e+01 3.81405e-02 | 1.24062e-02 1.07355e-01 1.38718e-01 |
   1945 | 7.41714e+01 3.81402e-02 | 1.24062e-02 1.07355e-01 1.38718e-01 |
   1946 | 7.42096e+01 3.81399e-02 | 1.24062e-02 1.07355e-01 1.38718e-01 |
   1947 | 7.42477e+01 3.81397e-02 | 1.24062e-02 1.07355e-01 1.38718e-01 |
   1948 | 7.42858e+01 3.81396e-02 | 1.24062e-02 1.07354e-01 1.38718e-01 |
   1949 | 7.43240e+01 3.81394e-02 | 1.24061e-02 1.07354e-01 1.38718e-01 |
   1950 | 7.43621e+01 3.81394e-02 | 1.24061e-02 1.07354e-01 1.38718e-01 |
   1951 | 7.44002e+01 3.81393e-02 | 1.24061e-02 1.07354e-01 1.38718e-01 |
   1952 | 7.44384e+01 3.81393e-02 | 1.24061e-02 1.07354e-01 1.38718e-01 |
   1953 | 7.44765e+01 3.81394e-02 | 1.24061e-02 1.07354e-01 1.38718e-01 |
   1954 | 7.45147e+01 3.81392e-02 | 1.24061e-02 1.07354e-01 1.38718e-01 |
   1955 | 7.45528e+01 3.81385e-02 | 1.24060e-02 1.07353e-01 1.38718e-01 |
   1956 | 7.45909e+01 3.81379e-02 | 1.24060e-02 1.07353e-01 1.38718e-01 |
   1957 | 7.46291e+01 3.81373e-02 | 1.24060e-02 1.07353e-01 1.38718e-01 |
   1958 | 7.46672e+01 3.81368e-02 | 1.24060e-02 1.07353e-01 1.38718e-01 |
   1959 | 7.47054e+01 3.81363e-02 | 1.24060e-02 1.07353e-01 1.38717e-01 |
   1960 | 7.47435e+01 3.81358e-02 | 1.24060e-02 1.07353e-01 1.38717e-01 |
   1961 | 7.47816e+01 3.81354e-02 | 1.24060e-02 1.07353e-01 1.38717e-01 |
   1962 | 7.48198e+01 3.81351e-02 | 1.24059e-02 1.07352e-01 1.38717e-01 |
   1963 | 7.48579e+01 3.81347e-02 | 1.24059e-02 1.07352e-01 1.38717e-01 |
   1964 | 7.48960e+01 3.81344e-02 | 1.24059e-02 1.07352e-01 1.38717e-01 |
   1965 | 7.49342e+01 3.81342e-02 | 1.24059e-02 1.07352e-01 1.38717e-01 |
   1966 | 7.49723e+01 3.81340e-02 | 1.24059e-02 1.07352e-01 1.38717e-01 |
   1967 | 7.50104e+01 3.81338e-02 | 1.24059e-02 1.07352e-01 1.38717e-01 |
   1968 | 7.50486e+01 3.81337e-02 | 1.24058e-02 1.07351e-01 1.38717e-01 |
   1969 | 7.50867e+01 3.81336e-02 | 1.24058e-02 1.07351e-01 1.38717e-01 |
   1970 | 7.51248e+01 3.81336e-02 | 1.24058e-02 1.07351e-01 1.38717e-01 |
   1971 | 7.51630e+01 3.81336e-02 | 1.24058e-02 1.07351e-01 1.38717e-01 |
   1972 | 7.52011e+01 3.81337e-02 | 1.24058e-02 1.07351e-01 1.38717e-01 |
   1973 | 7.52392e+01 3.81338e-02 | 1.24058e-02 1.07351e-01 1.38717e-01 |
   1974 | 7.52774e+01 3.81339e-02 | 1.24057e-02 1.07351e-01 1.38717e-01 |
   1975 | 7.53155e+01 3.81341e-02 | 1.24057e-02 1.07350e-01 1.38717e-01 |
   1976 | 7.53536e+01 3.81343e-02 | 1.24057e-02 1.07350e-01 1.38717e-01 |
   1977 | 7.53918e+01 3.81345e-02 | 1.24057e-02 1.07350e-01 1.38717e-01 |
   1978 | 7.54299e+01 3.81349e-02 | 1.24057e-02 1.07350e-01 1.38717e-01 |
   1979 | 7.54680e+01 3.81352e-02 | 1.24057e-02 1.07350e-01 1.38717e-01 |
   1980 | 7.55062e+01 3.81356e-02 | 1.24056e-02 1.07350e-01 1.38717e-01 |
   1981 | 7.55443e+01 3.81360e-02 | 1.24056e-02 1.07350e-01 1.38717e-01 |
   1982 | 7.55824e+01 3.81357e-02 | 1.24056e-02 1.07349e-01 1.38717e-01 |
   1983 | 7.56206e+01 3.81353e-02 | 1.24056e-02 1.07349e-01 1.38717e-01 |
   1984 | 7.56587e+01 3.81349e-02 | 1.24056e-02 1.07349e-01 1.38717e-01 |
   1985 | 7.56969e+01 3.81346e-02 | 1.24056e-02 1.07349e-01 1.38717e-01 |
   1986 | 7.57350e+01 3.81342e-02 | 1.24055e-02 1.07349e-01 1.38717e-01 |
   1987 | 7.57731e+01 3.81340e-02 | 1.24055e-02 1.07349e-01 1.38716e-01 |
   1988 | 7.58113e+01 3.81337e-02 | 1.24055e-02 1.07348e-01 1.38716e-01 |
   1989 | 7.58494e+01 3.81336e-02 | 1.24055e-02 1.07348e-01 1.38716e-01 |
   1990 | 7.58875e+01 3.81334e-02 | 1.24055e-02 1.07348e-01 1.38716e-01 |
   1991 | 7.59257e+01 3.81333e-02 | 1.24055e-02 1.07348e-01 1.38716e-01 |
   1992 | 7.59638e+01 3.81332e-02 | 1.24055e-02 1.07348e-01 1.38716e-01 |
   1993 | 7.60019e+01 3.81332e-02 | 1.24054e-02 1.07348e-01 1.38716e-01 |
   1994 | 7.60401e+01 3.81333e-02 | 1.24054e-02 1.07348e-01 1.38716e-01 |
   1995 | 7.60782e+01 3.81333e-02 | 1.24054e-02 1.07347e-01 1.38716e-01 |
   1996 | 7.61163e+01 3.81334e-02 | 1.24054e-02 1.07347e-01 1.38716e-01 |
   1997 | 7.61545e+01 3.81336e-02 | 1.24054e-02 1.07347e-01 1.38716e-01 |
   1998 | 7.61926e+01 3.81338e-02 | 1.24054e-02 1.07347e-01 1.38716e-01 |
   1999 | 7.62307e+01 3.81340e-02 | 1.24053e-02 1.07347e-01 1.38716e-01 |
   2000 | 7.62689e+01 3.81343e-02 | 1.24053e-02 1.07347e-01 1.38716e-01 |
   2001 | 7.63070e+01 3.81346e-02 | 1.24053e-02 1.07347e-01 1.38716e-01 |
   2002 | 7.63451e+01 3.81350e-02 | 1.24053e-02 1.07346e-01 1.38716e-01 |
   2003 | 7.63833e+01 3.81354e-02 | 1.24053e-02 1.07346e-01 1.38716e-01 |
   2004 | 7.64214e+01 3.81358e-02 | 1.24053e-02 1.07346e-01 1.38716e-01 |
   2005 | 7.64595e+01 3.81363e-02 | 1.24052e-02 1.07346e-01 1.38716e-01 |
   2006 | 7.64977e+01 3.81369e-02 | 1.24052e-02 1.07346e-01 1.38716e-01 |
   2007 | 7.65358e+01 3.81368e-02 | 1.24052e-02 1.07346e-01 1.38716e-01 |
   2008 | 7.65739e+01 3.81366e-02 | 1.24052e-02 1.07345e-01 1.38716e-01 |
   2009 | 7.66121e+01 3.81365e-02 | 1.24052e-02 1.07345e-01 1.38716e-01 |
   2010 | 7.66502e+01 3.81364e-02 | 1.24052e-02 1.07345e-01 1.38716e-01 |
   2011 | 7.66884e+01 3.81363e-02 | 1.24051e-02 1.07345e-01 1.38716e-01 |
   2012 | 7.67265e+01 3.81363e-02 | 1.24051e-02 1.07345e-01 1.38716e-01 |
   2013 | 7.67646e+01 3.81363e-02 | 1.24051e-02 1.07345e-01 1.38715e-01 |
   2014 | 7.68028e+01 3.81364e-02 | 1.24051e-02 1.07345e-01 1.38715e-01 |
   2015 | 7.68409e+01 3.81365e-02 | 1.24051e-02 1.07344e-01 1.38715e-01 |
   2016 | 7.68790e+01 3.81367e-02 | 1.24051e-02 1.07344e-01 1.38715e-01 |
   2017 | 7.69172e+01 3.81368e-02 | 1.24050e-02 1.07344e-01 1.38715e-01 |
   2018 | 7.69553e+01 3.81371e-02 | 1.24050e-02 1.07344e-01 1.38715e-01 |
   2019 | 7.69934e+01 3.81374e-02 | 1.24050e-02 1.07344e-01 1.38715e-01 |
   2020 | 7.70316e+01 3.81377e-02 | 1.24050e-02 1.07344e-01 1.38715e-01 |
   2021 | 7.70697e+01 3.81380e-02 | 1.24050e-02 1.07344e-01 1.38715e-01 |
   2022 | 7.71079e+01 3.81384e-02 | 1.24050e-02 1.07343e-01 1.38715e-01 |
   2023 | 7.71460e+01 3.81389e-02 | 1.24050e-02 1.07343e-01 1.38715e-01 |
   2024 | 7.71841e+01 3.81394e-02 | 1.24049e-02 1.07343e-01 1.38715e-01 |
   2025 | 7.72223e+01 3.81399e-02 | 1.24049e-02 1.07343e-01 1.38715e-01 |
   2026 | 7.72604e+01 3.81398e-02 | 1.24049e-02 1.07343e-01 1.38715e-01 |
   2027 | 7.72986e+01 3.81395e-02 | 1.24049e-02 1.07343e-01 1.38715e-01 |
   2028 | 7.73367e+01 3.81392e-02 | 1.24049e-02 1.07342e-01 1.38715e-01 |
   2029 | 7.73748e+01 3.81389e-02 | 1.24049e-02 1.07342e-01 1.38715e-01 |
   2030 | 7.74130e+01 3.81387e-02 | 1.24048e-02 1.07342e-01 1.38715e-01 |
   2031 | 7.74511e+01 3.81385e-02 | 1.24048e-02 1.07342e-01 1.38715e-01 |
   2032 | 7.74893e+01 3.81384e-02 | 1.24048e-02 1.07342e-01 1.38715e-01 |
   2033 | 7.75274e+01 3.81383e-02 | 1.24048e-02 1.07342e-01 1.38715e-01 |
   2034 | 7.75655e+01 3.81378e-02 | 1.24048e-02 1.07342e-01 1.38715e-01 |
   2035 | 7.76037e+01 3.81374e-02 | 1.24048e-02 1.07341e-01 1.38715e-01 |
   2036 | 7.76418e+01 3.81370e-02 | 1.24047e-02 1.07341e-01 1.38715e-01 |
   2037 | 7.76799e+01 3.81367e-02 | 1.24047e-02 1.07341e-01 1.38715e-01 |
   2038 | 7.77181e+01 3.81364e-02 | 1.24047e-02 1.07341e-01 1.38714e-01 |
   2039 | 7.77562e+01 3.81361e-02 | 1.24047e-02 1.07341e-01 1.38714e-01 |
   2040 | 7.77943e+01 3.81359e-02 | 1.24047e-02 1.07341e-01 1.38714e-01 |
   2041 | 7.78325e+01 3.81357e-02 | 1.24047e-02 1.07340e-01 1.38714e-01 |
   2042 | 7.78706e+01 3.81356e-02 | 1.24046e-02 1.07340e-01 1.38714e-01 |
   2043 | 7.79088e+01 3.81355e-02 | 1.24046e-02 1.07340e-01 1.38714e-01 |
   2044 | 7.79469e+01 3.81354e-02 | 1.24046e-02 1.07340e-01 1.38714e-01 |
   2045 | 7.79850e+01 3.81354e-02 | 1.24046e-02 1.07340e-01 1.38714e-01 |
   2046 | 7.80232e+01 3.81355e-02 | 1.24046e-02 1.07340e-01 1.38714e-01 |
   2047 | 7.80613e+01 3.81356e-02 | 1.24046e-02 1.07340e-01 1.38714e-01 |
   2048 | 7.80994e+01 3.81357e-02 | 1.24045e-02 1.07339e-01 1.38714e-01 |
   2049 | 7.81376e+01 3.81358e-02 | 1.24045e-02 1.07339e-01 1.38714e-01 |
   2050 | 7.81757e+01 3.81360e-02 | 1.24045e-02 1.07339e-01 1.38714e-01 |
   2051 | 7.82138e+01 3.81363e-02 | 1.24045e-02 1.07339e-01 1.38714e-01 |
   2052 | 7.82520e+01 3.81366e-02 | 1.24045e-02 1.07339e-01 1.38714e-01 |
   2053 | 7.82901e+01 3.81369e-02 | 1.24045e-02 1.07339e-01 1.38714e-01 |
   2054 | 7.83283e+01 3.81373e-02 | 1.24045e-02 1.07339e-01 1.38714e-01 |
   2055 | 7.83664e+01 3.81374e-02 | 1.24044e-02 1.07338e-01 1.38714e-01 |
   2056 | 7.84045e+01 3.81369e-02 | 1.24044e-02 1.07338e-01 1.38714e-01 |
   2057 | 7.84427e+01 3.81364e-02 | 1.24044e-02 1.07338e-01 1.38714e-01 |
   2058 | 7.84808e+01 3.81360e-02 | 1.24044e-02 1.07338e-01 1.38714e-01 |
   2059 | 7.85189e+01 3.81357e-02 | 1.24044e-02 1.07338e-01 1.38714e-01 |
   2060 | 7.85571e+01 3.81353e-02 | 1.24044e-02 1.07338e-01 1.38714e-01 |
   2061 | 7.85952e+01 3.81350e-02 | 1.24043e-02 1.07337e-01 1.38714e-01 |
   2062 | 7.86333e+01 3.81348e-02 | 1.24043e-02 1.07337e-01 1.38713e-01 |
   2063 | 7.86715e+01 3.81346e-02 | 1.24043e-02 1.07337e-01 1.38713e-01 |
   2064 | 7.87096e+01 3.81344e-02 | 1.24043e-02 1.07337e-01 1.38713e-01 |
   2065 | 7.87477e+01 3.81343e-02 | 1.24043e-02 1.07337e-01 1.38713e-01 |
   2066 | 7.87859e+01 3.81342e-02 | 1.24043e-02 1.07337e-01 1.38713e-01 |
   2067 | 7.88240e+01 3.81342e-02 | 1.24042e-02 1.07337e-01 1.38713e-01 |
   2068 | 7.88621e+01 3.81342e-02 | 1.24042e-02 1.07336e-01 1.38713e-01 |
   2069 | 7.89003e+01 3.81343e-02 | 1.24042e-02 1.07336e-01 1.38713e-01 |
   2070 | 7.89384e+01 3.81344e-02 | 1.24042e-02 1.07336e-01 1.38713e-01 |
   2071 | 7.89765e+01 3.81345e-02 | 1.24042e-02 1.07336e-01 1.38713e-01 |
   2072 | 7.90147e+01 3.81347e-02 | 1.24042e-02 1.07336e-01 1.38713e-01 |
   2073 | 7.90528e+01 3.81349e-02 | 1.24041e-02 1.07336e-01 1.38713e-01 |
   2074 | 7.90910e+01 3.81352e-02 | 1.24041e-02 1.07335e-01 1.38713e-01 |
   2075 | 7.91291e+01 3.81355e-02 | 1.24041e-02 1.07335e-01 1.38713e-01 |
   2076 | 7.91672e+01 3.81358e-02 | 1.24041e-02 1.07335e-01 1.38713e-01 |
   2077 | 7.92054e+01 3.81359e-02 | 1.24041e-02 1.07335e-01 1.38713e-01 |
   2078 | 7.92435e+01 3.81355e-02 | 1.24041e-02 1.07335e-01 1.38713e-01 |
   2079 | 7.92816e+01 3.81352e-02 | 1.24040e-02 1.07335e-01 1.38713e-01 |
   2080 | 7.93198e+01 3.81349e-02 | 1.24040e-02 1.07335e-01 1.38713e-01 |
   2081 | 7.93579e+01 3.81347e-02 | 1.24040e-02 1.07334e-01 1.38713e-01 |
   2082 | 7.93960e+01 3.81345e-02 | 1.24040e-02 1.07334e-01 1.38713e-01 |
   2083 | 7.94342e+01 3.81343e-02 | 1.24040e-02 1.07334e-01 1.38713e-01 |
   2084 | 7.94723e+01 3.81342e-02 | 1.24040e-02 1.07334e-01 1.38713e-01 |
   2085 | 7.95104e+01 3.81341e-02 | 1.24040e-02 1.07334e-01 1.38712e-01 |
   2086 | 7.95486e+01 3.81341e-02 | 1.24039e-02 1.07334e-01 1.38712e-01 |
   2087 | 7.95867e+01 3.81341e-02 | 1.24039e-02 1.07333e-01 1.38712e-01 |
   2088 | 7.96248e+01 3.81342e-02 | 1.24039e-02 1.07333e-01 1.38712e-01 |
   2089 | 7.96630e+01 3.81343e-02 | 1.24039e-02 1.07333e-01 1.38712e-01 |
   2090 | 7.97011e+01 3.81344e-02 | 1.24039e-02 1.07333e-01 1.38712e-01 |
   2091 | 7.97392e+01 3.81346e-02 | 1.24039e-02 1.07333e-01 1.38712e-01 |
   2092 | 7.97774e+01 3.81348e-02 | 1.24038e-02 1.07333e-01 1.38712e-01 |
   2093 | 7.98155e+01 3.81351e-02 | 1.24038e-02 1.07333e-01 1.38712e-01 |
   2094 | 7.98536e+01 3.81354e-02 | 1.24038e-02 1.07332e-01 1.38712e-01 |
   2095 | 7.98918e+01 3.81357e-02 | 1.24038e-02 1.07332e-01 1.38712e-01 |
   2096 | 7.99299e+01 3.81361e-02 | 1.24038e-02 1.07332e-01 1.38712e-01 |
   2097 | 7.99681e+01 3.81366e-02 | 1.24038e-02 1.07332e-01 1.38712e-01 |
   2098 | 8.00062e+01 3.81370e-02 | 1.24037e-02 1.07332e-01 1.38712e-01 |
   2099 | 8.00443e+01 3.81373e-02 | 1.24037e-02 1.07332e-01 1.38712e-01 |
   2100 | 8.00825e+01 3.81369e-02 | 1.24037e-02 1.07332e-01 1.38712e-01 |
   2101 | 8.01206e+01 3.81365e-02 | 1.24037e-02 1.07331e-01 1.38712e-01 |
   2102 | 8.01587e+01 3.81362e-02 | 1.24037e-02 1.07331e-01 1.38712e-01 |
   2103 | 8.01969e+01 3.81359e-02 | 1.24037e-02 1.07331e-01 1.38712e-01 |
   2104 | 8.02350e+01 3.81357e-02 | 1.24036e-02 1.07331e-01 1.38712e-01 |
   2105 | 8.02731e+01 3.81355e-02 | 1.24036e-02 1.07331e-01 1.38712e-01 |
   2106 | 8.03113e+01 3.81354e-02 | 1.24036e-02 1.07331e-01 1.38712e-01 |
   2107 | 8.03494e+01 3.81353e-02 | 1.24036e-02 1.07330e-01 1.38711e-01 |
   2108 | 8.03876e+01 3.81352e-02 | 1.24036e-02 1.07330e-01 1.38711e-01 |
   2109 | 8.04257e+01 3.81352e-02 | 1.24036e-02 1.07330e-01 1.38711e-01 |
   2110 | 8.04638e+01 3.81352e-02 | 1.24035e-02 1.07330e-01 1.38711e-01 |
   2111 | 8.05020e+01 3.81353e-02 | 1.24035e-02 1.07330e-01 1.38711e-01 |
   2112 | 8.05401e+01 3.81354e-02 | 1.24035e-02 1.07330e-01 1.38711e-01 |
   2113 | 8.05782e+01 3.81356e-02 | 1.24035e-02 1.07330e-01 1.38711e-01 |
   2114 | 8.06164e+01 3.81358e-02 | 1.24035e-02 1.07329e-01 1.38711e-01 |
   2115 | 8.06545e+01 3.81360e-02 | 1.24035e-02 1.07329e-01 1.38711e-01 |
   2116 | 8.06926e+01 3.81363e-02 | 1.24035e-02 1.07329e-01 1.38711e-01 |
   2117 | 8.07308e+01 3.81366e-02 | 1.24034e-02 1.07329e-01 1.38711e-01 |
   2118 | 8.07689e+01 3.81370e-02 | 1.24034e-02 1.07329e-01 1.38711e-01 |
   2119 | 8.08070e+01 3.81374e-02 | 1.24034e-02 1.07329e-01 1.38711e-01 |
   2120 | 8.08452e+01 3.81378e-02 | 1.24034e-02 1.07328e-01 1.38711e-01 |
   2121 | 8.08833e+01 3.81383e-02 | 1.24034e-02 1.07328e-01 1.38711e-01 |
   2122 | 8.09215e+01 3.81388e-02 | 1.24034e-02 1.07328e-01 1.38711e-01 |
   2123 | 8.09596e+01 3.81391e-02 | 1.24033e-02 1.07328e-01 1.38711e-01 |
   2124 | 8.09977e+01 3.81393e-02 | 1.24033e-02 1.07328e-01 1.38711e-01 |
   2125 | 8.10359e+01 3.81395e-02 | 1.24033e-02 1.07328e-01 1.38711e-01 |
   2126 | 8.10740e+01 3.81398e-02 | 1.24033e-02 1.07328e-01 1.38711e-01 |
   2127 | 8.11122e+01 3.81401e-02 | 1.24033e-02 1.07327e-01 1.38711e-01 |
   2128 | 8.11503e+01 3.81405e-02 | 1.24033e-02 1.07327e-01 1.38711e-01 |
   2129 | 8.11884e+01 3.81401e-02 | 1.24032e-02 1.07327e-01 1.38710e-01 |
   2130 | 8.12266e+01 3.81396e-02 | 1.24032e-02 1.07327e-01 1.38710e-01 |
   2131 | 8.12647e+01 3.81391e-02 | 1.24032e-02 1.07327e-01 1.38710e-01 |
   2132 | 8.13029e+01 3.81387e-02 | 1.24032e-02 1.07327e-01 1.38710e-01 |
   2133 | 8.13410e+01 3.81383e-02 | 1.24032e-02 1.07326e-01 1.38710e-01 |
   2134 | 8.13791e+01 3.81379e-02 | 1.24032e-02 1.07326e-01 1.38710e-01 |
   2135 | 8.14173e+01 3.81376e-02 | 1.24031e-02 1.07326e-01 1.38710e-01 |
   2136 | 8.14554e+01 3.81374e-02 | 1.24031e-02 1.07326e-01 1.38710e-01 |
   2137 | 8.14935e+01 3.81371e-02 | 1.24031e-02 1.07326e-01 1.38710e-01 |
   2138 | 8.15317e+01 3.81370e-02 | 1.24031e-02 1.07326e-01 1.38710e-01 |
   2139 | 8.15698e+01 3.81368e-02 | 1.24031e-02 1.07326e-01 1.38710e-01 |
   2140 | 8.16080e+01 3.81367e-02 | 1.24031e-02 1.07325e-01 1.38710e-01 |
   2141 | 8.16461e+01 3.81367e-02 | 1.24031e-02 1.07325e-01 1.38710e-01 |
   2142 | 8.16842e+01 3.81367e-02 | 1.24030e-02 1.07325e-01 1.38710e-01 |
   2143 | 8.17224e+01 3.81367e-02 | 1.24030e-02 1.07325e-01 1.38710e-01 |
   2144 | 8.17605e+01 3.81368e-02 | 1.24030e-02 1.07325e-01 1.38710e-01 |
   2145 | 8.17986e+01 3.81369e-02 | 1.24030e-02 1.07325e-01 1.38710e-01 |
   2146 | 8.18368e+01 3.81371e-02 | 1.24030e-02 1.07324e-01 1.38710e-01 |
   2147 | 8.18749e+01 3.81372e-02 | 1.24030e-02 1.07324e-01 1.38710e-01 |
   2148 | 8.19131e+01 3.81367e-02 | 1.24029e-02 1.07324e-01 1.38710e-01 |
   2149 | 8.19512e+01 3.81362e-02 | 1.24029e-02 1.07324e-01 1.38710e-01 |
   2150 | 8.19893e+01 3.81357e-02 | 1.24029e-02 1.07324e-01 1.38709e-01 |
   2151 | 8.20275e+01 3.81353e-02 | 1.24029e-02 1.07324e-01 1.38709e-01 |
   2152 | 8.20656e+01 3.81349e-02 | 1.24029e-02 1.07324e-01 1.38709e-01 |
   2153 | 8.21037e+01 3.81346e-02 | 1.24029e-02 1.07323e-01 1.38709e-01 |
   2154 | 8.21419e+01 3.81343e-02 | 1.24028e-02 1.07323e-01 1.38709e-01 |
   2155 | 8.21800e+01 3.81340e-02 | 1.24028e-02 1.07323e-01 1.38709e-01 |
   2156 | 8.22181e+01 3.81338e-02 | 1.24028e-02 1.07323e-01 1.38709e-01 |
   2157 | 8.22563e+01 3.81336e-02 | 1.24028e-02 1.07323e-01 1.38709e-01 |
   2158 | 8.22944e+01 3.81335e-02 | 1.24028e-02 1.07323e-01 1.38709e-01 |
   2159 | 8.23325e+01 3.81334e-02 | 1.24028e-02 1.07322e-01 1.38709e-01 |
   2160 | 8.23707e+01 3.81334e-02 | 1.24027e-02 1.07322e-01 1.38709e-01 |
   2161 | 8.24088e+01 3.81334e-02 | 1.24027e-02 1.07322e-01 1.38709e-01 |
   2162 | 8.24469e+01 3.81334e-02 | 1.24027e-02 1.07322e-01 1.38709e-01 |
   2163 | 8.24851e+01 3.81335e-02 | 1.24027e-02 1.07322e-01 1.38709e-01 |
   2164 | 8.25232e+01 3.81336e-02 | 1.24027e-02 1.07322e-01 1.38709e-01 |
   2165 | 8.25613e+01 3.81338e-02 | 1.24027e-02 1.07322e-01 1.38709e-01 |
   2166 | 8.25995e+01 3.81340e-02 | 1.24027e-02 1.07321e-01 1.38709e-01 |
   2167 | 8.26376e+01 3.81342e-02 | 1.24026e-02 1.07321e-01 1.38709e-01 |
   2168 | 8.26757e+01 3.81345e-02 | 1.24026e-02 1.07321e-01 1.38709e-01 |
   2169 | 8.27139e+01 3.81349e-02 | 1.24026e-02 1.07321e-01 1.38709e-01 |
   2170 | 8.27520e+01 3.81352e-02 | 1.24026e-02 1.07321e-01 1.38708e-01 |
   2171 | 8.27901e+01 3.81357e-02 | 1.24026e-02 1.07321e-01 1.38708e-01 |
   2172 | 8.28283e+01 3.81361e-02 | 1.24026e-02 1.07320e-01 1.38708e-01 |
   2173 | 8.28664e+01 3.81358e-02 | 1.24025e-02 1.07320e-01 1.38708e-01 |
   2174 | 8.29046e+01 3.81354e-02 | 1.24025e-02 1.07320e-01 1.38708e-01 |
   2175 | 8.29427e+01 3.81350e-02 | 1.24025e-02 1.07320e-01 1.38708e-01 |
   2176 | 8.29808e+01 3.81347e-02 | 1.24025e-02 1.07320e-01 1.38708e-01 |
   2177 | 8.30190e+01 3.81344e-02 | 1.24025e-02 1.07320e-01 1.38708e-01 |
   2178 | 8.30571e+01 3.81342e-02 | 1.24025e-02 1.07320e-01 1.38708e-01 |
   2179 | 8.30952e+01 3.81340e-02 | 1.24024e-02 1.07319e-01 1.38708e-01 |
   2180 | 8.31334e+01 3.81338e-02 | 1.24024e-02 1.07319e-01 1.38708e-01 |
   2181 | 8.31715e+01 3.81337e-02 | 1.24024e-02 1.07319e-01 1.38708e-01 |
   2182 | 8.32096e+01 3.81336e-02 | 1.24024e-02 1.07319e-01 1.38708e-01 |
   2183 | 8.32478e+01 3.81336e-02 | 1.24024e-02 1.07319e-01 1.38708e-01 |
   2184 | 8.32859e+01 3.81336e-02 | 1.24024e-02 1.07319e-01 1.38708e-01 |
   2185 | 8.33240e+01 3.81337e-02 | 1.24024e-02 1.07318e-01 1.38708e-01 |
   2186 | 8.33622e+01 3.81338e-02 | 1.24023e-02 1.07318e-01 1.38708e-01 |
   2187 | 8.34003e+01 3.81339e-02 | 1.24023e-02 1.07318e-01 1.38708e-01 |
   2188 | 8.34384e+01 3.81341e-02 | 1.24023e-02 1.07318e-01 1.38708e-01 |
   2189 | 8.34766e+01 3.81343e-02 | 1.24023e-02 1.07318e-01 1.38707e-01 |
   2190 | 8.35147e+01 3.81346e-02 | 1.24023e-02 1.07318e-01 1.38707e-01 |
   2191 | 8.35528e+01 3.81349e-02 | 1.24023e-02 1.07318e-01 1.38707e-01 |
   2192 | 8.35910e+01 3.81353e-02 | 1.24022e-02 1.07317e-01 1.38707e-01 |
   2193 | 8.36291e+01 3.81357e-02 | 1.24022e-02 1.07317e-01 1.38707e-01 |
   2194 | 8.36672e+01 3.81361e-02 | 1.24022e-02 1.07317e-01 1.38707e-01 |
   2195 | 8.37054e+01 3.81366e-02 | 1.24022e-02 1.07317e-01 1.38707e-01 |
   2196 | 8.37435e+01 3.81371e-02 | 1.24022e-02 1.07317e-01 1.38707e-01 |
   2197 | 8.37816e+01 3.81376e-02 | 1.24022e-02 1.07317e-01 1.38707e-01 |
   2198 | 8.38198e+01 3.81383e-02 | 1.24021e-02 1.07316e-01 1.38707e-01 |
   2199 | 8.38579e+01 3.81389e-02 | 1.24021e-02 1.07316e-01 1.38707e-01 |
   2200 | 8.38961e+01 3.81391e-02 | 1.24021e-02 1.07316e-01 1.38707e-01 |
   2201 | 8.39342e+01 3.81390e-02 | 1.24021e-02 1.07316e-01 1.38707e-01 |
   2202 | 8.39723e+01 3.81390e-02 | 1.24021e-02 1.07316e-01 1.38707e-01 |
   2203 | 8.40105e+01 3.81390e-02 | 1.24021e-02 1.07316e-01 1.38707e-01 |
   2204 | 8.40486e+01 3.81391e-02 | 1.24021e-02 1.07316e-01 1.38707e-01 |
   2205 | 8.40868e+01 3.81392e-02 | 1.24020e-02 1.07315e-01 1.38707e-01 |
   2206 | 8.41249e+01 3.81393e-02 | 1.24020e-02 1.07315e-01 1.38707e-01 |
   2207 | 8.41630e+01 3.81395e-02 | 1.24020e-02 1.07315e-01 1.38707e-01 |
   2208 | 8.42012e+01 3.81397e-02 | 1.24020e-02 1.07315e-01 1.38706e-01 |
   2209 | 8.42393e+01 3.81399e-02 | 1.24020e-02 1.07315e-01 1.38706e-01 |
   2210 | 8.42775e+01 3.81403e-02 | 1.24020e-02 1.07315e-01 1.38706e-01 |
   2211 | 8.43156e+01 3.81406e-02 | 1.24019e-02 1.07314e-01 1.38706e-01 |
   2212 | 8.43537e+01 3.81410e-02 | 1.24019e-02 1.07314e-01 1.38706e-01 |
   2213 | 8.43919e+01 3.81409e-02 | 1.24019e-02 1.07314e-01 1.38706e-01 |
   2214 | 8.44300e+01 3.81408e-02 | 1.24019e-02 1.07314e-01 1.38706e-01 |
   2215 | 8.44682e+01 3.81407e-02 | 1.24019e-02 1.07314e-01 1.38706e-01 |
   2216 | 8.45063e+01 3.81407e-02 | 1.24019e-02 1.07314e-01 1.38706e-01 |
   2217 | 8.45444e+01 3.81407e-02 | 1.24018e-02 1.07314e-01 1.38706e-01 |
   2218 | 8.45826e+01 3.81401e-02 | 1.24018e-02 1.07313e-01 1.38706e-01 |
   2219 | 8.46207e+01 3.81394e-02 | 1.24018e-02 1.07313e-01 1.38706e-01 |
   2220 | 8.46589e+01 3.81388e-02 | 1.24018e-02 1.07313e-01 1.38706e-01 |
   2221 | 8.46970e+01 3.81382e-02 | 1.24018e-02 1.07313e-01 1.38706e-01 |
   2222 | 8.47351e+01 3.81376e-02 | 1.24018e-02 1.07313e-01 1.38706e-01 |
   2223 | 8.47733e+01 3.81371e-02 | 1.24018e-02 1.07313e-01 1.38706e-01 |
   2224 | 8.48114e+01 3.81366e-02 | 1.24017e-02 1.07312e-01 1.38706e-01 |
   2225 | 8.48495e+01 3.81362e-02 | 1.24017e-02 1.07312e-01 1.38706e-01 |
   2226 | 8.48877e+01 3.81358e-02 | 1.24017e-02 1.07312e-01 1.38706e-01 |
   2227 | 8.49258e+01 3.81354e-02 | 1.24017e-02 1.07312e-01 1.38705e-01 |
   2228 | 8.49640e+01 3.81351e-02 | 1.24017e-02 1.07312e-01 1.38705e-01 |
   2229 | 8.50021e+01 3.81348e-02 | 1.24017e-02 1.07312e-01 1.38705e-01 |
   2230 | 8.50402e+01 3.81346e-02 | 1.24016e-02 1.07312e-01 1.38705e-01 |
   2231 | 8.50784e+01 3.81344e-02 | 1.24016e-02 1.07311e-01 1.38705e-01 |
   2232 | 8.51165e+01 3.81343e-02 | 1.24016e-02 1.07311e-01 1.38705e-01 |
   2233 | 8.51546e+01 3.81342e-02 | 1.24016e-02 1.07311e-01 1.38705e-01 |
   2234 | 8.51928e+01 3.81341e-02 | 1.24016e-02 1.07311e-01 1.38705e-01 |
   2235 | 8.52309e+01 3.81341e-02 | 1.24016e-02 1.07311e-01 1.38705e-01 |
   2236 | 8.52690e+01 3.81341e-02 | 1.24015e-02 1.07311e-01 1.38705e-01 |
   2237 | 8.53072e+01 3.81342e-02 | 1.24015e-02 1.07310e-01 1.38705e-01 |
   2238 | 8.53453e+01 3.81343e-02 | 1.24015e-02 1.07310e-01 1.38705e-01 |
   2239 | 8.53834e+01 3.81344e-02 | 1.24015e-02 1.07310e-01 1.38705e-01 |
   2240 | 8.54216e+01 3.81346e-02 | 1.24015e-02 1.07310e-01 1.38705e-01 |
   2241 | 8.54597e+01 3.81349e-02 | 1.24015e-02 1.07310e-01 1.38705e-01 |
   2242 | 8.54978e+01 3.81352e-02 | 1.24015e-02 1.07310e-01 1.38705e-01 |
   2243 | 8.55360e+01 3.81355e-02 | 1.24014e-02 1.07310e-01 1.38705e-01 |
   2244 | 8.55741e+01 3.81358e-02 | 1.24014e-02 1.07309e-01 1.38705e-01 |
   2245 | 8.56122e+01 3.81362e-02 | 1.24014e-02 1.07309e-01 1.38704e-01 |
   2246 | 8.56504e+01 3.81363e-02 | 1.24014e-02 1.07309e-01 1.38704e-01 |
   2247 | 8.56885e+01 3.81358e-02 | 1.24014e-02 1.07309e-01 1.38704e-01 |
   2248 | 8.57267e+01 3.81354e-02 | 1.24014e-02 1.07309e-01 1.38704e-01 |
   2249 | 8.57648e+01 3.81350e-02 | 1.24013e-02 1.07309e-01 1.38704e-01 |
   2250 | 8.58029e+01 3.81347e-02 | 1.24013e-02 1.07308e-01 1.38704e-01 |
   2251 | 8.58411e+01 3.81344e-02 | 1.24013e-02 1.07308e-01 1.38704e-01 |
   2252 | 8.58792e+01 3.81341e-02 | 1.24013e-02 1.07308e-01 1.38704e-01 |
   2253 | 8.59173e+01 3.81339e-02 | 1.24013e-02 1.07308e-01 1.38704e-01 |
   2254 | 8.59555e+01 3.81337e-02 | 1.24013e-02 1.07308e-01 1.38704e-01 |
   2255 | 8.59936e+01 3.81336e-02 | 1.24013e-02 1.07308e-01 1.38704e-01 |
   2256 | 8.60317e+01 3.81335e-02 | 1.24012e-02 1.07307e-01 1.38704e-01 |
   2257 | 8.60699e+01 3.81335e-02 | 1.24012e-02 1.07307e-01 1.38704e-01 |
   2258 | 8.61080e+01 3.81335e-02 | 1.24012e-02 1.07307e-01 1.38704e-01 |
   2259 | 8.61461e+01 3.81335e-02 | 1.24012e-02 1.07307e-01 1.38704e-01 |
   2260 | 8.61843e+01 3.81336e-02 | 1.24012e-02 1.07307e-01 1.38704e-01 |
   2261 | 8.62224e+01 3.81337e-02 | 1.24012e-02 1.07307e-01 1.38704e-01 |
   2262 | 8.62605e+01 3.81339e-02 | 1.24011e-02 1.07307e-01 1.38703e-01 |
   2263 | 8.62987e+01 3.81341e-02 | 1.24011e-02 1.07306e-01 1.38703e-01 |
   2264 | 8.63368e+01 3.81344e-02 | 1.24011e-02 1.07306e-01 1.38703e-01 |
   2265 | 8.63749e+01 3.81347e-02 | 1.24011e-02 1.07306e-01 1.38703e-01 |
   2266 | 8.64131e+01 3.81350e-02 | 1.24011e-02 1.07306e-01 1.38703e-01 |
   2267 | 8.64512e+01 3.81354e-02 | 1.24011e-02 1.07306e-01 1.38703e-01 |
   2268 | 8.64893e+01 3.81358e-02 | 1.24011e-02 1.07306e-01 1.38703e-01 |
   2269 | 8.65275e+01 3.81363e-02 | 1.24010e-02 1.07305e-01 1.38703e-01 |
   2270 | 8.65656e+01 3.81366e-02 | 1.24010e-02 1.07305e-01 1.38703e-01 |
   2271 | 8.66037e+01 3.81364e-02 | 1.24010e-02 1.07305e-01 1.38703e-01 |
   2272 | 8.66419e+01 3.81362e-02 | 1.24010e-02 1.07305e-01 1.38703e-01 |
   2273 | 8.66800e+01 3.81360e-02 | 1.24010e-02 1.07305e-01 1.38703e-01 |
   2274 | 8.67182e+01 3.81359e-02 | 1.24010e-02 1.07305e-01 1.38703e-01 |
   2275 | 8.67563e+01 3.81358e-02 | 1.24010e-02 1.07305e-01 1.38703e-01 |
   2276 | 8.67944e+01 3.81357e-02 | 1.24009e-02 1.07304e-01 1.38703e-01 |
   2277 | 8.68326e+01 3.81357e-02 | 1.24009e-02 1.07304e-01 1.38703e-01 |
   2278 | 8.68707e+01 3.81358e-02 | 1.24009e-02 1.07304e-01 1.38703e-01 |
   2279 | 8.69088e+01 3.81358e-02 | 1.24009e-02 1.07304e-01 1.38702e-01 |
   2280 | 8.69470e+01 3.81360e-02 | 1.24009e-02 1.07304e-01 1.38702e-01 |
   2281 | 8.69851e+01 3.81361e-02 | 1.24009e-02 1.07304e-01 1.38702e-01 |
   2282 | 8.70232e+01 3.81363e-02 | 1.24008e-02 1.07303e-01 1.38702e-01 |
   2283 | 8.70614e+01 3.81366e-02 | 1.24008e-02 1.07303e-01 1.38702e-01 |
   2284 | 8.70995e+01 3.81369e-02 | 1.24008e-02 1.07303e-01 1.38702e-01 |
   2285 | 8.71377e+01 3.81372e-02 | 1.24008e-02 1.07303e-01 1.38702e-01 |
   2286 | 8.71758e+01 3.81376e-02 | 1.24008e-02 1.07303e-01 1.38702e-01 |
   2287 | 8.72139e+01 3.81380e-02 | 1.24008e-02 1.07303e-01 1.38702e-01 |
   2288 | 8.72521e+01 3.81385e-02 | 1.24008e-02 1.07303e-01 1.38702e-01 |
   2289 | 8.72902e+01 3.81390e-02 | 1.24007e-02 1.07302e-01 1.38702e-01 |
   2290 | 8.73283e+01 3.81392e-02 | 1.24007e-02 1.07302e-01 1.38702e-01 |
   2291 | 8.73665e+01 3.81388e-02 | 1.24007e-02 1.07302e-01 1.38702e-01 |
   2292 | 8.74046e+01 3.81385e-02 | 1.24007e-02 1.07302e-01 1.38702e-01 |
   2293 | 8.74428e+01 3.81382e-02 | 1.24007e-02 1.07302e-01 1.38702e-01 |
   2294 | 8.74809e+01 3.81380e-02 | 1.24007e-02 1.07302e-01 1.38702e-01 |
   2295 | 8.75190e+01 3.81378e-02 | 1.24006e-02 1.07301e-01 1.38702e-01 |
   2296 | 8.75572e+01 3.81376e-02 | 1.24006e-02 1.07301e-01 1.38701e-01 |
   2297 | 8.75953e+01 3.81375e-02 | 1.24006e-02 1.07301e-01 1.38701e-01 |
   2298 | 8.76334e+01 3.81375e-02 | 1.24006e-02 1.07301e-01 1.38701e-01 |
   2299 | 8.76716e+01 3.81374e-02 | 1.24006e-02 1.07301e-01 1.38701e-01 |
   2300 | 8.77097e+01 3.81374e-02 | 1.24006e-02 1.07301e-01 1.38701e-01 |
   2301 | 8.77479e+01 3.81375e-02 | 1.24006e-02 1.07301e-01 1.38701e-01 |
   2302 | 8.77860e+01 3.81374e-02 | 1.24005e-02 1.07300e-01 1.38701e-01 |
   2303 | 8.78241e+01 3.81371e-02 | 1.24005e-02 1.07300e-01 1.38701e-01 |
   2304 | 8.78623e+01 3.81369e-02 | 1.24005e-02 1.07300e-01 1.38701e-01 |
   2305 | 8.79004e+01 3.81367e-02 | 1.24005e-02 1.07300e-01 1.38701e-01 |
   2306 | 8.79385e+01 3.81365e-02 | 1.24005e-02 1.07300e-01 1.38701e-01 |
   2307 | 8.79767e+01 3.81364e-02 | 1.24005e-02 1.07300e-01 1.38701e-01 |
   2308 | 8.80148e+01 3.81363e-02 | 1.24005e-02 1.07299e-01 1.38701e-01 |
   2309 | 8.80530e+01 3.81363e-02 | 1.24004e-02 1.07299e-01 1.38701e-01 |
   2310 | 8.80911e+01 3.81363e-02 | 1.24004e-02 1.07299e-01 1.38701e-01 |
   2311 | 8.81292e+01 3.81364e-02 | 1.24004e-02 1.07299e-01 1.38701e-01 |
   2312 | 8.81674e+01 3.81365e-02 | 1.24004e-02 1.07299e-01 1.38701e-01 |
   2313 | 8.82055e+01 3.81366e-02 | 1.24004e-02 1.07299e-01 1.38700e-01 |
   2314 | 8.82436e+01 3.81368e-02 | 1.24004e-02 1.07299e-01 1.38700e-01 |
   2315 | 8.82818e+01 3.81370e-02 | 1.24003e-02 1.07298e-01 1.38700e-01 |
   2316 | 8.83199e+01 3.81373e-02 | 1.24003e-02 1.07298e-01 1.38700e-01 |
   2317 | 8.83580e+01 3.81376e-02 | 1.24003e-02 1.07298e-01 1.38700e-01 |
   2318 | 8.83962e+01 3.81379e-02 | 1.24003e-02 1.07298e-01 1.38700e-01 |
   2319 | 8.84343e+01 3.81383e-02 | 1.24003e-02 1.07298e-01 1.38700e-01 |
   2320 | 8.84725e+01 3.81378e-02 | 1.24003e-02 1.07298e-01 1.38700e-01 |
   2321 | 8.85106e+01 3.81373e-02 | 1.24003e-02 1.07297e-01 1.38700e-01 |
   2322 | 8.85487e+01 3.81369e-02 | 1.24002e-02 1.07297e-01 1.38700e-01 |
   2323 | 8.85869e+01 3.81365e-02 | 1.24002e-02 1.07297e-01 1.38700e-01 |
   2324 | 8.86250e+01 3.81361e-02 | 1.24002e-02 1.07297e-01 1.38700e-01 |
   2325 | 8.86631e+01 3.81358e-02 | 1.24002e-02 1.07297e-01 1.38700e-01 |
   2326 | 8.87013e+01 3.81356e-02 | 1.24002e-02 1.07297e-01 1.38700e-01 |
   2327 | 8.87394e+01 3.81353e-02 | 1.24002e-02 1.07296e-01 1.38700e-01 |
   2328 | 8.87776e+01 3.81352e-02 | 1.24002e-02 1.07296e-01 1.38700e-01 |
   2329 | 8.88157e+01 3.81350e-02 | 1.24001e-02 1.07296e-01 1.38699e-01 |
   2330 | 8.88538e+01 3.81349e-02 | 1.24001e-02 1.07296e-01 1.38699e-01 |
   2331 | 8.88920e+01 3.81349e-02 | 1.24001e-02 1.07296e-01 1.38699e-01 |
   2332 | 8.89301e+01 3.81348e-02 | 1.24001e-02 1.07296e-01 1.38699e-01 |
   2333 | 8.89682e+01 3.81349e-02 | 1.24001e-02 1.07296e-01 1.38699e-01 |
   2334 | 8.90064e+01 3.81349e-02 | 1.24001e-02 1.07295e-01 1.38699e-01 |
   2335 | 8.90445e+01 3.81351e-02 | 1.24001e-02 1.07295e-01 1.38699e-01 |
   2336 | 8.90826e+01 3.81352e-02 | 1.24000e-02 1.07295e-01 1.38699e-01 |
   2337 | 8.91208e+01 3.81354e-02 | 1.24000e-02 1.07295e-01 1.38699e-01 |
   2338 | 8.91589e+01 3.81356e-02 | 1.24000e-02 1.07295e-01 1.38699e-01 |
   2339 | 8.91970e+01 3.81359e-02 | 1.24000e-02 1.07295e-01 1.38699e-01 |
   2340 | 8.92352e+01 3.81362e-02 | 1.24000e-02 1.07294e-01 1.38699e-01 |
   2341 | 8.92733e+01 3.81359e-02 | 1.24000e-02 1.07294e-01 1.38699e-01 |
   2342 | 8.93114e+01 3.81355e-02 | 1.23999e-02 1.07294e-01 1.38699e-01 |
   2343 | 8.93496e+01 3.81352e-02 | 1.23999e-02 1.07294e-01 1.38699e-01 |
   2344 | 8.93877e+01 3.81349e-02 | 1.23999e-02 1.07294e-01 1.38699e-01 |
   2345 | 8.94258e+01 3.81346e-02 | 1.23999e-02 1.07294e-01 1.38698e-01 |
   2346 | 8.94640e+01 3.81344e-02 | 1.23999e-02 1.07294e-01 1.38698e-01 |
   2347 | 8.95021e+01 3.81342e-02 | 1.23999e-02 1.07293e-01 1.38698e-01 |
   2348 | 8.95403e+01 3.81340e-02 | 1.23999e-02 1.07293e-01 1.38698e-01 |
   2349 | 8.95784e+01 3.81340e-02 | 1.23998e-02 1.07293e-01 1.38698e-01 |
   2350 | 8.96165e+01 3.81339e-02 | 1.23998e-02 1.07293e-01 1.38698e-01 |
   2351 | 8.96547e+01 3.81339e-02 | 1.23998e-02 1.07293e-01 1.38698e-01 |
   2352 | 8.96928e+01 3.81339e-02 | 1.23998e-02 1.07293e-01 1.38698e-01 |
   2353 | 8.97309e+01 3.81340e-02 | 1.23998e-02 1.07292e-01 1.38698e-01 |
   2354 | 8.97691e+01 3.81341e-02 | 1.23998e-02 1.07292e-01 1.38698e-01 |
   2355 | 8.98072e+01 3.81342e-02 | 1.23998e-02 1.07292e-01 1.38698e-01 |
   2356 | 8.98453e+01 3.81344e-02 | 1.23997e-02 1.07292e-01 1.38698e-01 |
   2357 | 8.98835e+01 3.81347e-02 | 1.23997e-02 1.07292e-01 1.38698e-01 |
   2358 | 8.99216e+01 3.81350e-02 | 1.23997e-02 1.07292e-01 1.38698e-01 |
   2359 | 8.99597e+01 3.81353e-02 | 1.23997e-02 1.07292e-01 1.38698e-01 |
   2360 | 8.99979e+01 3.81357e-02 | 1.23997e-02 1.07291e-01 1.38697e-01 |
   2361 | 9.00360e+01 3.81361e-02 | 1.23997e-02 1.07291e-01 1.38697e-01 |
   2362 | 9.00741e+01 3.81365e-02 | 1.23996e-02 1.07291e-01 1.38697e-01 |
   2363 | 9.01123e+01 3.81370e-02 | 1.23996e-02 1.07291e-01 1.38697e-01 |
   2364 | 9.01504e+01 3.81366e-02 | 1.23996e-02 1.07291e-01 1.38697e-01 |
   2365 | 9.01885e+01 3.81363e-02 | 1.23996e-02 1.07291e-01 1.38697e-01 |
   2366 | 9.02267e+01 3.81359e-02 | 1.23996e-02 1.07290e-01 1.38697e-01 |
   2367 | 9.02648e+01 3.81356e-02 | 1.23996e-02 1.07290e-01 1.38697e-01 |
   2368 | 9.03030e+01 3.81354e-02 | 1.23996e-02 1.07290e-01 1.38697e-01 |
   2369 | 9.03411e+01 3.81352e-02 | 1.23995e-02 1.07290e-01 1.38697e-01 |
   2370 | 9.03792e+01 3.81350e-02 | 1.23995e-02 1.07290e-01 1.38697e-01 |
   2371 | 9.04174e+01 3.81349e-02 | 1.23995e-02 1.07290e-01 1.38697e-01 |
   2372 | 9.04555e+01 3.81348e-02 | 1.23995e-02 1.07289e-01 1.38697e-01 |
   2373 | 9.04936e+01 3.81348e-02 | 1.23995e-02 1.07289e-01 1.38697e-01 |
   2374 | 9.05318e+01 3.81348e-02 | 1.23995e-02 1.07289e-01 1.38697e-01 |
   2375 | 9.05699e+01 3.81348e-02 | 1.23994e-02 1.07289e-01 1.38696e-01 |
   2376 | 9.06080e+01 3.81349e-02 | 1.23994e-02 1.07289e-01 1.38696e-01 |
   2377 | 9.06462e+01 3.81350e-02 | 1.23994e-02 1.07289e-01 1.38696e-01 |
   2378 | 9.06843e+01 3.81352e-02 | 1.23994e-02 1.07289e-01 1.38696e-01 |
   2379 | 9.07224e+01 3.81354e-02 | 1.23994e-02 1.07288e-01 1.38696e-01 |
   2380 | 9.07606e+01 3.81357e-02 | 1.23994e-02 1.07288e-01 1.38696e-01 |
   2381 | 9.07987e+01 3.81360e-02 | 1.23994e-02 1.07288e-01 1.38696e-01 |
   2382 | 9.08368e+01 3.81363e-02 | 1.23993e-02 1.07288e-01 1.38696e-01 |
   2383 | 9.08750e+01 3.81367e-02 | 1.23993e-02 1.07288e-01 1.38696e-01 |
   2384 | 9.09131e+01 3.81371e-02 | 1.23993e-02 1.07288e-01 1.38696e-01 |
   2385 | 9.09513e+01 3.81376e-02 | 1.23993e-02 1.07287e-01 1.38696e-01 |
   2386 | 9.09894e+01 3.81381e-02 | 1.23993e-02 1.07287e-01 1.38696e-01 |
   2387 | 9.10275e+01 3.81386e-02 | 1.23993e-02 1.07287e-01 1.38696e-01 |
   2388 | 9.10657e+01 3.81392e-02 | 1.23992e-02 1.07287e-01 1.38696e-01 |
   2389 | 9.11038e+01 3.81398e-02 | 1.23992e-02 1.07287e-01 1.38696e-01 |
   2390 | 9.11420e+01 3.81405e-02 | 1.23992e-02 1.07287e-01 1.38695e-01 |
   2391 | 9.11801e+01 3.81412e-02 | 1.23992e-02 1.07287e-01 1.38695e-01 |
   2392 | 9.12182e+01 3.81415e-02 | 1.23992e-02 1.07286e-01 1.38695e-01 |
   2393 | 9.12564e+01 3.81414e-02 | 1.23992e-02 1.07286e-01 1.38695e-01 |
   2394 | 9.12945e+01 3.81409e-02 | 1.23992e-02 1.07286e-01 1.38695e-01 |
   2395 | 9.13327e+01 3.81404e-02 | 1.23991e-02 1.07286e-01 1.38695e-01 |
   2396 | 9.13708e+01 3.81399e-02 | 1.23991e-02 1.07286e-01 1.38695e-01 |
   2397 | 9.14089e+01 3.81395e-02 | 1.23991e-02 1.07286e-01 1.38695e-01 |
   2398 | 9.14471e+01 3.81391e-02 | 1.23991e-02 1.07285e-01 1.38695e-01 |
   2399 | 9.14852e+01 3.81388e-02 | 1.23991e-02 1.07285e-01 1.38695e-01 |
   2400 | 9.15234e+01 3.81385e-02 | 1.23991e-02 1.07285e-01 1.38695e-01 |
   2401 | 9.15615e+01 3.81383e-02 | 1.23990e-02 1.07285e-01 1.38695e-01 |
   2402 | 9.15996e+01 3.81381e-02 | 1.23990e-02 1.07285e-01 1.38695e-01 |
   2403 | 9.16378e+01 3.81379e-02 | 1.23990e-02 1.07285e-01 1.38695e-01 |
   2404 | 9.16759e+01 3.81378e-02 | 1.23990e-02 1.07284e-01 1.38695e-01 |
   2405 | 9.17140e+01 3.81377e-02 | 1.23990e-02 1.07284e-01 1.38694e-01 |
   2406 | 9.17522e+01 3.81377e-02 | 1.23990e-02 1.07284e-01 1.38694e-01 |
   2407 | 9.17903e+01 3.81377e-02 | 1.23989e-02 1.07284e-01 1.38694e-01 |
   2408 | 9.18285e+01 3.81378e-02 | 1.23989e-02 1.07284e-01 1.38694e-01 |
   2409 | 9.18666e+01 3.81379e-02 | 1.23989e-02 1.07284e-01 1.38694e-01 |
   2410 | 9.19047e+01 3.81380e-02 | 1.23989e-02 1.07284e-01 1.38694e-01 |
   2411 | 9.19429e+01 3.81377e-02 | 1.23989e-02 1.07283e-01 1.38694e-01 |
   2412 | 9.19810e+01 3.81372e-02 | 1.23989e-02 1.07283e-01 1.38694e-01 |
   2413 | 9.20191e+01 3.81366e-02 | 1.23988e-02 1.07283e-01 1.38694e-01 |
   2414 | 9.20573e+01 3.81361e-02 | 1.23988e-02 1.07283e-01 1.38694e-01 |
   2415 | 9.20954e+01 3.81357e-02 | 1.23988e-02 1.07283e-01 1.38694e-01 |
   2416 | 9.21336e+01 3.81353e-02 | 1.23988e-02 1.07283e-01 1.38694e-01 |
   2417 | 9.21717e+01 3.81349e-02 | 1.23988e-02 1.07282e-01 1.38694e-01 |
   2418 | 9.22098e+01 3.81346e-02 | 1.23988e-02 1.07282e-01 1.38694e-01 |
   2419 | 9.22480e+01 3.81343e-02 | 1.23987e-02 1.07282e-01 1.38694e-01 |
   2420 | 9.22861e+01 3.81341e-02 | 1.23987e-02 1.07282e-01 1.38693e-01 |
   2421 | 9.23242e+01 3.81339e-02 | 1.23987e-02 1.07282e-01 1.38693e-01 |
   2422 | 9.23624e+01 3.81337e-02 | 1.23987e-02 1.07282e-01 1.38693e-01 |
   2423 | 9.24005e+01 3.81336e-02 | 1.23987e-02 1.07282e-01 1.38693e-01 |
   2424 | 9.24386e+01 3.81335e-02 | 1.23987e-02 1.07281e-01 1.38693e-01 |
   2425 | 9.24768e+01 3.81335e-02 | 1.23986e-02 1.07281e-01 1.38693e-01 |
   2426 | 9.25149e+01 3.81335e-02 | 1.23986e-02 1.07281e-01 1.38693e-01 |
   2427 | 9.25530e+01 3.81336e-02 | 1.23986e-02 1.07281e-01 1.38693e-01 |
   2428 | 9.25912e+01 3.81337e-02 | 1.23986e-02 1.07281e-01 1.38693e-01 |
   2429 | 9.26293e+01 3.81338e-02 | 1.23986e-02 1.07281e-01 1.38693e-01 |
   2430 | 9.26674e+01 3.81340e-02 | 1.23986e-02 1.07280e-01 1.38693e-01 |
   2431 | 9.27056e+01 3.81342e-02 | 1.23985e-02 1.07280e-01 1.38693e-01 |
   2432 | 9.27437e+01 3.81345e-02 | 1.23985e-02 1.07280e-01 1.38693e-01 |
   2433 | 9.27818e+01 3.81348e-02 | 1.23985e-02 1.07280e-01 1.38693e-01 |
   2434 | 9.28200e+01 3.81352e-02 | 1.23985e-02 1.07280e-01 1.38692e-01 |
   2435 | 9.28581e+01 3.81356e-02 | 1.23985e-02 1.07280e-01 1.38692e-01 |
   2436 | 9.28962e+01 3.81360e-02 | 1.23985e-02 1.07279e-01 1.38692e-01 |
   2437 | 9.29344e+01 3.81360e-02 | 1.23984e-02 1.07279e-01 1.38692e-01 |
   2438 | 9.29725e+01 3.81355e-02 | 1.23984e-02 1.07279e-01 1.38692e-01 |
   2439 | 9.30106e+01 3.81352e-02 | 1.23984e-02 1.07279e-01 1.38692e-01 |
   2440 | 9.30488e+01 3.81348e-02 | 1.23984e-02 1.07279e-01 1.38692e-01 |
   2441 | 9.30869e+01 3.81345e-02 | 1.23984e-02 1.07279e-01 1.38692e-01 |
   2442 | 9.31250e+01 3.81342e-02 | 1.23984e-02 1.07279e-01 1.38692e-01 |
   2443 | 9.31632e+01 3.81340e-02 | 1.23983e-02 1.07278e-01 1.38692e-01 |
   2444 | 9.32013e+01 3.81338e-02 | 1.23983e-02 1.07278e-01 1.38692e-01 |
   2445 | 9.32395e+01 3.81337e-02 | 1.23983e-02 1.07278e-01 1.38692e-01 |
   2446 | 9.32776e+01 3.81336e-02 | 1.23983e-02 1.07278e-01 1.38692e-01 |
   2447 | 9.33157e+01 3.81335e-02 | 1.23983e-02 1.07278e-01 1.38692e-01 |
   2448 | 9.33539e+01 3.81335e-02 | 1.23983e-02 1.07278e-01 1.38691e-01 |
   2449 | 9.33920e+01 3.81336e-02 | 1.23982e-02 1.07277e-01 1.38691e-01 |
   2450 | 9.34301e+01 3.81336e-02 | 1.23982e-02 1.07277e-01 1.38691e-01 |
   2451 | 9.34683e+01 3.81338e-02 | 1.23982e-02 1.07277e-01 1.38691e-01 |
   2452 | 9.35064e+01 3.81339e-02 | 1.23982e-02 1.07277e-01 1.38691e-01 |
   2453 | 9.35445e+01 3.81341e-02 | 1.23982e-02 1.07277e-01 1.38691e-01 |
   2454 | 9.35827e+01 3.81344e-02 | 1.23982e-02 1.07277e-01 1.38691e-01 |
   2455 | 9.36208e+01 3.81346e-02 | 1.23981e-02 1.07276e-01 1.38691e-01 |
   2456 | 9.36589e+01 3.81350e-02 | 1.23981e-02 1.07276e-01 1.38691e-01 |
   2457 | 9.36971e+01 3.81353e-02 | 1.23981e-02 1.07276e-01 1.38691e-01 |
   2458 | 9.37352e+01 3.81357e-02 | 1.23981e-02 1.07276e-01 1.38691e-01 |
   2459 | 9.37733e+01 3.81362e-02 | 1.23981e-02 1.07276e-01 1.38691e-01 |
   2460 | 9.38115e+01 3.81367e-02 | 1.23980e-02 1.07276e-01 1.38691e-01 |
   2461 | 9.38496e+01 3.81372e-02 | 1.23980e-02 1.07276e-01 1.38691e-01 |
   2462 | 9.38877e+01 3.81378e-02 | 1.23980e-02 1.07275e-01 1.38690e-01 |
   2463 | 9.39259e+01 3.81384e-02 | 1.23980e-02 1.07275e-01 1.38690e-01 |
   2464 | 9.39640e+01 3.81382e-02 | 1.23980e-02 1.07275e-01 1.38690e-01 |
   2465 | 9.40022e+01 3.81381e-02 | 1.23980e-02 1.07275e-01 1.38690e-01 |
   2466 | 9.40403e+01 3.81381e-02 | 1.23979e-02 1.07275e-01 1.38690e-01 |
   2467 | 9.40784e+01 3.81381e-02 | 1.23979e-02 1.07275e-01 1.38690e-01 |
   2468 | 9.41166e+01 3.81381e-02 | 1.23979e-02 1.07274e-01 1.38690e-01 |
   2469 | 9.41547e+01 3.81382e-02 | 1.23979e-02 1.07274e-01 1.38690e-01 |
   2470 | 9.41928e+01 3.81383e-02 | 1.23979e-02 1.07274e-01 1.38690e-01 |
   2471 | 9.42310e+01 3.81384e-02 | 1.23979e-02 1.07274e-01 1.38690e-01 |
   2472 | 9.42691e+01 3.81386e-02 | 1.23978e-02 1.07274e-01 1.38690e-01 |
   2473 | 9.43073e+01 3.81389e-02 | 1.23978e-02 1.07274e-01 1.38690e-01 |
   2474 | 9.43454e+01 3.81392e-02 | 1.23978e-02 1.07274e-01 1.38690e-01 |
   2475 | 9.43835e+01 3.81395e-02 | 1.23978e-02 1.07273e-01 1.38690e-01 |
   2476 | 9.44217e+01 3.81398e-02 | 1.23978e-02 1.07273e-01 1.38689e-01 |
   2477 | 9.44598e+01 3.81402e-02 | 1.23977e-02 1.07273e-01 1.38689e-01 |
   2478 | 9.44980e+01 3.81407e-02 | 1.23977e-02 1.07273e-01 1.38689e-01 |
   2479 | 9.45361e+01 3.81412e-02 | 1.23977e-02 1.07273e-01 1.38689e-01 |
   2480 | 9.45742e+01 3.81417e-02 | 1.23977e-02 1.07273e-01 1.38689e-01 |
   2481 | 9.46124e+01 3.81418e-02 | 1.23977e-02 1.07272e-01 1.38689e-01 |
   2482 | 9.46505e+01 3.81411e-02 | 1.23977e-02 1.07272e-01 1.38689e-01 |
   2483 | 9.46887e+01 3.81404e-02 | 1.23976e-02 1.07272e-01 1.38689e-01 |
   2484 | 9.47268e+01 3.81397e-02 | 1.23976e-02 1.07272e-01 1.38689e-01 |
   2485 | 9.47649e+01 3.81391e-02 | 1.23976e-02 1.07272e-01 1.38689e-01 |
   2486 | 9.48031e+01 3.81385e-02 | 1.23976e-02 1.07272e-01 1.38689e-01 |
   2487 | 9.48412e+01 3.81379e-02 | 1.23976e-02 1.07271e-01 1.38689e-01 |
   2488 | 9.48794e+01 3.81374e-02 | 1.23975e-02 1.07271e-01 1.38689e-01 |
   2489 | 9.49175e+01 3.81369e-02 | 1.23975e-02 1.07271e-01 1.38688e-01 |
   2490 | 9.49556e+01 3.81365e-02 | 1.23975e-02 1.07271e-01 1.38688e-01 |
   2491 | 9.49938e+01 3.81361e-02 | 1.23975e-02 1.07271e-01 1.38688e-01 |
   2492 | 9.50319e+01 3.81358e-02 | 1.23975e-02 1.07271e-01 1.38688e-01 |
   2493 | 9.50700e+01 3.81355e-02 | 1.23975e-02 1.07271e-01 1.38688e-01 |
   2494 | 9.51082e+01 3.81352e-02 | 1.23974e-02 1.07270e-01 1.38688e-01 |
   2495 | 9.51463e+01 3.81350e-02 | 1.23974e-02 1.07270e-01 1.38688e-01 |
   2496 | 9.51844e+01 3.81349e-02 | 1.23974e-02 1.07270e-01 1.38688e-01 |
   2497 | 9.52226e+01 3.81347e-02 | 1.23974e-02 1.07270e-01 1.38688e-01 |
   2498 | 9.52607e+01 3.81347e-02 | 1.23974e-02 1.07270e-01 1.38688e-01 |
   2499 | 9.52989e+01 3.81346e-02 | 1.23973e-02 1.07270e-01 1.38688e-01 |
   2500 | 9.53370e+01 3.81346e-02 | 1.23973e-02 1.07269e-01 1.38688e-01 |
   2501 | 9.53751e+01 3.81347e-02 | 1.23973e-02 1.07269e-01 1.38688e-01 |
   2502 | 9.54133e+01 3.81347e-02 | 1.23973e-02 1.07269e-01 1.38688e-01 |
   2503 | 9.54514e+01 3.81349e-02 | 1.23973e-02 1.07269e-01 1.38687e-01 |
   2504 | 9.54895e+01 3.81350e-02 | 1.23972e-02 1.07269e-01 1.38687e-01 |
   2505 | 9.55277e+01 3.81352e-02 | 1.23972e-02 1.07269e-01 1.38687e-01 |
   2506 | 9.55658e+01 3.81355e-02 | 1.23972e-02 1.07268e-01 1.38687e-01 |
   2507 | 9.56039e+01 3.81358e-02 | 1.23972e-02 1.07268e-01 1.38687e-01 |
   2508 | 9.56421e+01 3.81361e-02 | 1.23972e-02 1.07268e-01 1.38687e-01 |
   2509 | 9.56802e+01 3.81365e-02 | 1.23972e-02 1.07268e-01 1.38687e-01 |
   2510 | 9.57183e+01 3.81369e-02 | 1.23971e-02 1.07268e-01 1.38687e-01 |
   2511 | 9.57565e+01 3.81364e-02 | 1.23971e-02 1.07268e-01 1.38687e-01 |
   2512 | 9.57946e+01 3.81359e-02 | 1.23971e-02 1.07268e-01 1.38687e-01 |
   2513 | 9.58328e+01 3.81355e-02 | 1.23971e-02 1.07267e-01 1.38687e-01 |
   2514 | 9.58709e+01 3.81352e-02 | 1.23971e-02 1.07267e-01 1.38687e-01 |
   2515 | 9.59090e+01 3.81348e-02 | 1.23970e-02 1.07267e-01 1.38687e-01 |
   2516 | 9.59472e+01 3.81346e-02 | 1.23970e-02 1.07267e-01 1.38686e-01 |
   2517 | 9.59853e+01 3.81343e-02 | 1.23970e-02 1.07267e-01 1.38686e-01 |
   2518 | 9.60234e+01 3.81341e-02 | 1.23970e-02 1.07267e-01 1.38686e-01 |
   2519 | 9.60616e+01 3.81340e-02 | 1.23970e-02 1.07266e-01 1.38686e-01 |
   2520 | 9.60997e+01 3.81339e-02 | 1.23970e-02 1.07266e-01 1.38686e-01 |
   2521 | 9.61378e+01 3.81338e-02 | 1.23969e-02 1.07266e-01 1.38686e-01 |
   2522 | 9.61760e+01 3.81338e-02 | 1.23969e-02 1.07266e-01 1.38686e-01 |
   2523 | 9.62141e+01 3.81338e-02 | 1.23969e-02 1.07266e-01 1.38686e-01 |
   2524 | 9.62522e+01 3.81339e-02 | 1.23969e-02 1.07266e-01 1.38686e-01 |
   2525 | 9.62904e+01 3.81340e-02 | 1.23969e-02 1.07265e-01 1.38686e-01 |
   2526 | 9.63285e+01 3.81341e-02 | 1.23968e-02 1.07265e-01 1.38686e-01 |
   2527 | 9.63666e+01 3.81343e-02 | 1.23968e-02 1.07265e-01 1.38686e-01 |
   2528 | 9.64048e+01 3.81345e-02 | 1.23968e-02 1.07265e-01 1.38686e-01 |
   2529 | 9.64429e+01 3.81348e-02 | 1.23968e-02 1.07265e-01 1.38685e-01 |
   2530 | 9.64810e+01 3.81351e-02 | 1.23968e-02 1.07265e-01 1.38685e-01 |
   2531 | 9.65192e+01 3.81355e-02 | 1.23968e-02 1.07264e-01 1.38685e-01 |
   2532 | 9.65573e+01 3.81359e-02 | 1.23967e-02 1.07264e-01 1.38685e-01 |
   2533 | 9.65954e+01 3.81363e-02 | 1.23967e-02 1.07264e-01 1.38685e-01 |
   2534 | 9.66336e+01 3.81362e-02 | 1.23967e-02 1.07264e-01 1.38685e-01 |
   2535 | 9.66717e+01 3.81359e-02 | 1.23967e-02 1.07264e-01 1.38685e-01 |
   2536 | 9.67098e+01 3.81357e-02 | 1.23967e-02 1.07264e-01 1.38685e-01 |
   2537 | 9.67480e+01 3.81355e-02 | 1.23966e-02 1.07264e-01 1.38685e-01 |
   2538 | 9.67861e+01 3.81354e-02 | 1.23966e-02 1.07263e-01 1.38685e-01 |
   2539 | 9.68243e+01 3.81353e-02 | 1.23966e-02 1.07263e-01 1.38685e-01 |
   2540 | 9.68624e+01 3.81352e-02 | 1.23966e-02 1.07263e-01 1.38685e-01 |
   2541 | 9.69005e+01 3.81352e-02 | 1.23966e-02 1.07263e-01 1.38685e-01 |
   2542 | 9.69387e+01 3.81352e-02 | 1.23966e-02 1.07263e-01 1.38684e-01 |
   2543 | 9.69768e+01 3.81352e-02 | 1.23965e-02 1.07263e-01 1.38684e-01 |
   2544 | 9.70149e+01 3.81353e-02 | 1.23965e-02 1.07262e-01 1.38684e-01 |
   2545 | 9.70531e+01 3.81355e-02 | 1.23965e-02 1.07262e-01 1.38684e-01 |
   2546 | 9.70912e+01 3.81357e-02 | 1.23965e-02 1.07262e-01 1.38684e-01 |
   2547 | 9.71293e+01 3.81359e-02 | 1.23965e-02 1.07262e-01 1.38684e-01 |
   2548 | 9.71675e+01 3.81362e-02 | 1.23964e-02 1.07262e-01 1.38684e-01 |
   2549 | 9.72056e+01 3.81365e-02 | 1.23964e-02 1.07262e-01 1.38684e-01 |
   2550 | 9.72437e+01 3.81368e-02 | 1.23964e-02 1.07261e-01 1.38684e-01 |
   2551 | 9.72819e+01 3.81372e-02 | 1.23964e-02 1.07261e-01 1.38684e-01 |
   2552 | 9.73200e+01 3.81377e-02 | 1.23964e-02 1.07261e-01 1.38684e-01 |
   2553 | 9.73582e+01 3.81381e-02 | 1.23964e-02 1.07261e-01 1.38684e-01 |
   2554 | 9.73963e+01 3.81387e-02 | 1.23963e-02 1.07261e-01 1.38684e-01 |
   2555 | 9.74344e+01 3.81383e-02 | 1.23963e-02 1.07261e-01 1.38683e-01 |
   2556 | 9.74726e+01 3.81379e-02 | 1.23963e-02 1.07261e-01 1.38683e-01 |
   2557 | 9.75107e+01 3.81376e-02 | 1.23963e-02 1.07260e-01 1.38683e-01 |
   2558 | 9.75488e+01 3.81373e-02 | 1.23963e-02 1.07260e-01 1.38683e-01 |
   2559 | 9.75870e+01 3.81371e-02 | 1.23963e-02 1.07260e-01 1.38683e-01 |
   2560 | 9.76251e+01 3.81369e-02 | 1.23962e-02 1.07260e-01 1.38683e-01 |
   2561 | 9.76633e+01 3.81368e-02 | 1.23962e-02 1.07260e-01 1.38683e-01 |
   2562 | 9.77014e+01 3.81367e-02 | 1.23962e-02 1.07260e-01 1.38683e-01 |
   2563 | 9.77395e+01 3.81367e-02 | 1.23962e-02 1.07259e-01 1.38683e-01 |
   2564 | 9.77777e+01 3.81366e-02 | 1.23962e-02 1.07259e-01 1.38683e-01 |
   2565 | 9.78158e+01 3.81367e-02 | 1.23962e-02 1.07259e-01 1.38683e-01 |
   2566 | 9.78539e+01 3.81367e-02 | 1.23961e-02 1.07259e-01 1.38683e-01 |
   2567 | 9.78921e+01 3.81369e-02 | 1.23961e-02 1.07259e-01 1.38683e-01 |
   2568 | 9.79302e+01 3.81370e-02 | 1.23961e-02 1.07259e-01 1.38682e-01 |
   2569 | 9.79684e+01 3.81372e-02 | 1.23961e-02 1.07258e-01 1.38682e-01 |
   2570 | 9.80065e+01 3.81375e-02 | 1.23961e-02 1.07258e-01 1.38682e-01 |
   2571 | 9.80446e+01 3.81374e-02 | 1.23961e-02 1.07258e-01 1.38682e-01 |
   2572 | 9.80828e+01 3.81373e-02 | 1.23960e-02 1.07258e-01 1.38682e-01 |
   2573 | 9.81209e+01 3.81372e-02 | 1.23960e-02 1.07258e-01 1.38682e-01 |
   2574 | 9.81590e+01 3.81372e-02 | 1.23960e-02 1.07258e-01 1.38682e-01 |
   2575 | 9.81972e+01 3.81372e-02 | 1.23960e-02 1.07258e-01 1.38682e-01 |
   2576 | 9.82353e+01 3.81373e-02 | 1.23960e-02 1.07257e-01 1.38682e-01 |
   2577 | 9.82735e+01 3.81374e-02 | 1.23960e-02 1.07257e-01 1.38682e-01 |
   2578 | 9.83116e+01 3.81376e-02 | 1.23959e-02 1.07257e-01 1.38682e-01 |
   2579 | 9.83497e+01 3.81378e-02 | 1.23959e-02 1.07257e-01 1.38682e-01 |
   2580 | 9.83879e+01 3.81380e-02 | 1.23959e-02 1.07257e-01 1.38681e-01 |
   2581 | 9.84260e+01 3.81383e-02 | 1.23959e-02 1.07257e-01 1.38681e-01 |
   2582 | 9.84641e+01 3.81386e-02 | 1.23959e-02 1.07256e-01 1.38681e-01 |
   2583 | 9.85023e+01 3.81390e-02 | 1.23959e-02 1.07256e-01 1.38681e-01 |
   2584 | 9.85404e+01 3.81388e-02 | 1.23958e-02 1.07256e-01 1.38681e-01 |
   2585 | 9.85786e+01 3.81383e-02 | 1.23958e-02 1.07256e-01 1.38681e-01 |
   2586 | 9.86167e+01 3.81378e-02 | 1.23958e-02 1.07256e-01 1.38681e-01 |
   2587 | 9.86548e+01 3.81374e-02 | 1.23958e-02 1.07256e-01 1.38681e-01 |
   2588 | 9.86930e+01 3.81370e-02 | 1.23958e-02 1.07255e-01 1.38681e-01 |
   2589 | 9.87311e+01 3.81367e-02 | 1.23958e-02 1.07255e-01 1.38681e-01 |
   2590 | 9.87692e+01 3.81364e-02 | 1.23957e-02 1.07255e-01 1.38681e-01 |
   2591 | 9.88074e+01 3.81361e-02 | 1.23957e-02 1.07255e-01 1.38681e-01 |
   2592 | 9.88455e+01 3.81359e-02 | 1.23957e-02 1.07255e-01 1.38681e-01 |
   2593 | 9.88837e+01 3.81358e-02 | 1.23957e-02 1.07255e-01 1.38680e-01 |
   2594 | 9.89218e+01 3.81356e-02 | 1.23957e-02 1.07254e-01 1.38680e-01 |
   2595 | 9.89599e+01 3.81356e-02 | 1.23957e-02 1.07254e-01 1.38680e-01 |
   2596 | 9.89981e+01 3.81355e-02 | 1.23956e-02 1.07254e-01 1.38680e-01 |
   2597 | 9.90362e+01 3.81355e-02 | 1.23956e-02 1.07254e-01 1.38680e-01 |
   2598 | 9.90743e+01 3.81356e-02 | 1.23956e-02 1.07254e-01 1.38680e-01 |
   2599 | 9.91125e+01 3.81357e-02 | 1.23956e-02 1.07254e-01 1.38680e-01 |
   2600 | 9.91506e+01 3.81358e-02 | 1.23956e-02 1.07254e-01 1.38680e-01 |
   2601 | 9.91887e+01 3.81360e-02 | 1.23956e-02 1.07253e-01 1.38680e-01 |
   2602 | 9.92269e+01 3.81362e-02 | 1.23956e-02 1.07253e-01 1.38680e-01 |
   2603 | 9.92650e+01 3.81364e-02 | 1.23955e-02 1.07253e-01 1.38680e-01 |
   2604 | 9.93031e+01 3.81364e-02 | 1.23955e-02 1.07253e-01 1.38680e-01 |
   2605 | 9.93413e+01 3.81360e-02 | 1.23955e-02 1.07253e-01 1.38679e-01 |
   2606 | 9.93794e+01 3.81356e-02 | 1.23955e-02 1.07253e-01 1.38679e-01 |
   2607 | 9.94176e+01 3.81352e-02 | 1.23955e-02 1.07252e-01 1.38679e-01 |
   2608 | 9.94557e+01 3.81349e-02 | 1.23955e-02 1.07252e-01 1.38679e-01 |
   2609 | 9.94938e+01 3.81346e-02 | 1.23954e-02 1.07252e-01 1.38679e-01 |
   2610 | 9.95320e+01 3.81343e-02 | 1.23954e-02 1.07252e-01 1.38679e-01 |
   2611 | 9.95701e+01 3.81341e-02 | 1.23954e-02 1.07252e-01 1.38679e-01 |
   2612 | 9.96082e+01 3.81339e-02 | 1.23954e-02 1.07252e-01 1.38679e-01 |
   2613 | 9.96464e+01 3.81338e-02 | 1.23954e-02 1.07251e-01 1.38679e-01 |
   2614 | 9.96845e+01 3.81337e-02 | 1.23954e-02 1.07251e-01 1.38679e-01 |
   2615 | 9.97226e+01 3.81337e-02 | 1.23954e-02 1.07251e-01 1.38679e-01 |
   2616 | 9.97608e+01 3.81337e-02 | 1.23953e-02 1.07251e-01 1.38679e-01 |
   2617 | 9.97989e+01 3.81337e-02 | 1.23953e-02 1.07251e-01 1.38678e-01 |
   2618 | 9.98370e+01 3.81338e-02 | 1.23953e-02 1.07251e-01 1.38678e-01 |
   2619 | 9.98752e+01 3.81340e-02 | 1.23953e-02 1.07251e-01 1.38678e-01 |
   2620 | 9.99133e+01 3.81341e-02 | 1.23953e-02 1.07250e-01 1.38678e-01 |
   2621 | 9.99514e+01 3.81344e-02 | 1.23953e-02 1.07250e-01 1.38678e-01 |
   2622 | 9.99896e+01 3.81346e-02 | 1.23953e-02 1.07250e-01 1.38678e-01 |
   2623 | 1.00000e+02 1.04342e-02 | 1.23950e-02 1.07249e-01 1.38676e-01 |
        | ----------- ----------- | ----------- ----------- ----------- |
        | ----------- ----------- | 5.72640e-05 3.99950e-04 3.18149e-04 | => l1-error norm
        | ----------- 4.41942e-01 | 1.49997e-03 7.64144e-03 4.87426e-03 | => l2-error norm
[DELETEMATRIX] !
[DELETEMATRIX] !
[DELETEMATRIX] !
[DELETEMATRIX] !
[DELETEMATRIX] !
[DELETEMATRIX] !
[DELETEMATRIX] !
[DELETEMATRIX] !
[DELETEMATRIX] !
[DELETEMATRIX] !
[DELETEMATRIX] !
[DELETEMATRIX] !
[DELETEMATRIX] !
[DELETEMATRIX] !
[DELETEMATRIX] !
[DELETEMATRIX] !
[DELETEMATRIX] !
[DELETEMATRIX] !
[DELETEMATRIX] !
[DELETEMATRIX] !
[DELETEMATRIX] !
[DELETEMATRIX] !
[DELETEMATRIX] !
[DELETEMATRIX] !
[DELETEMATRIX] !
[DELETEMATRIX] !
[DELETEMATRIX] !
[DELETEMATRIX] !
[DELETEMATRIX] !
[DELETEMATRIX] !
[DELETEMATRIX] !
[DELETEMATRIX] !
[DELETEMATRIX] !
[DELETEMATRIX] !
[DELETEMATRIX] !
[DELETEMATRIX] !
[DELETEMATRIX] !
[DELETEMATRIX] !
[DELETEMATRIX] !
[DELETEMATRIX] !
[DELETEMATRIX] !
[DELETEMATRIX] !
[DELETEMATRIX] !
[DELETEMATRIX] !
[DELETEMATRIX] !
[DELETEMATRIX] !
[DELETEMATRIX] !
[DELETEMATRIX] !
[DELETEMATRIX] !
[DELETEMATRIX] !
[DELETEMATRIX] !
[DELETEMATRIX] !
[DELETEMATRIX] !
[DELETEMATRIX] !
[DELETEMATRIX] !
[DELETEMATRIX] !
[DELETEMATRIX] !
[DELETEMATRIX] !
[DELETEMATRIX] !
[DELETEMATRIX] !
[DELETEMATRIX] !
[DELETEMATRIX] !
[DELETEMATRIX] !
[DELETEMATRIX] !
srun: Received task exit notification for 64 tasks of StepId=347293.0 (status=0x0000).
srun: hpc-fat05: tasks 0-63: Completed
