srun: defined options
srun: -------------------- --------------------
srun: (null)              : hpc-fat05
srun: cpu-bind            : cores,verbose
srun: cpus-per-task       : 1
srun: distribution        : cyclic:cyclic
srun: exact               : set
srun: jobid               : 347285
srun: job-name            : Vortex
srun: mem-per-cpu         : 4G
srun: mpi                 : pmix_v5
srun: nodes               : 1
srun: ntasks              : 64
srun: oom-kill-step       : 0
srun: tres-per-task       : cpu=1
srun: verbose             : 1
srun: -------------------- --------------------
srun: end of defined options
srun: jobid 347285: nodes(1):`hpc-fat05', cpu counts: 64(x1)
srun: CpuBindType=verbose,cores
srun: launching StepId=347285.0 on host hpc-fat05, 64 tasks: [0-63]
cpu-bind=MASK - hpc-fat05, task  0  0 [2337838]: mask 0x10000 set
cpu-bind=MASK - hpc-fat05, task  1  1 [2337839]: mask 0x1000000000000 set
cpu-bind=MASK - hpc-fat05, task  2  2 [2337840]: mask 0x100000000000000000000 set
cpu-bind=MASK - hpc-fat05, task  3  3 [2337841]: mask 0x10000000000000000000000000000 set
cpu-bind=MASK - hpc-fat05, task  4  4 [2337842]: mask 0x20000 set
cpu-bind=MASK - hpc-fat05, task  5  5 [2337843]: mask 0x2000000000000 set
cpu-bind=MASK - hpc-fat05, task  6  6 [2337844]: mask 0x200000000000000000000 set
cpu-bind=MASK - hpc-fat05, task  7  7 [2337845]: mask 0x20000000000000000000000000000 set
cpu-bind=MASK - hpc-fat05, task  8  8 [2337846]: mask 0x40000 set
cpu-bind=MASK - hpc-fat05, task  9  9 [2337847]: mask 0x4000000000000 set
cpu-bind=MASK - hpc-fat05, task 10 10 [2337848]: mask 0x400000000000000000000 set
cpu-bind=MASK - hpc-fat05, task 11 11 [2337849]: mask 0x40000000000000000000000000000 set
cpu-bind=MASK - hpc-fat05, task 12 12 [2337850]: mask 0x80000 set
cpu-bind=MASK - hpc-fat05, task 13 13 [2337851]: mask 0x8000000000000 set
cpu-bind=MASK - hpc-fat05, task 14 14 [2337852]: mask 0x800000000000000000000 set
cpu-bind=MASK - hpc-fat05, task 15 15 [2337854]: mask 0x80000000000000000000000000000 set
cpu-bind=MASK - hpc-fat05, task 16 16 [2337857]: mask 0x100000 set
cpu-bind=MASK - hpc-fat05, task 17 17 [2337858]: mask 0x10000000000000 set
cpu-bind=MASK - hpc-fat05, task 18 18 [2337859]: mask 0x1000000000000000000000 set
cpu-bind=MASK - hpc-fat05, task 19 19 [2337860]: mask 0x100000000000000000000000000000 set
cpu-bind=MASK - hpc-fat05, task 20 20 [2337861]: mask 0x200000 set
cpu-bind=MASK - hpc-fat05, task 21 21 [2337862]: mask 0x20000000000000 set
cpu-bind=MASK - hpc-fat05, task 22 22 [2337863]: mask 0x2000000000000000000000 set
cpu-bind=MASK - hpc-fat05, task 23 23 [2337864]: mask 0x200000000000000000000000000000 set
cpu-bind=MASK - hpc-fat05, task 24 24 [2337865]: mask 0x400000 set
cpu-bind=MASK - hpc-fat05, task 25 25 [2337866]: mask 0x40000000000000 set
cpu-bind=MASK - hpc-fat05, task 26 26 [2337867]: mask 0x4000000000000000000000 set
cpu-bind=MASK - hpc-fat05, task 27 27 [2337868]: mask 0x400000000000000000000000000000 set
cpu-bind=MASK - hpc-fat05, task 28 28 [2337869]: mask 0x800000 set
cpu-bind=MASK - hpc-fat05, task 29 29 [2337870]: mask 0x80000000000000 set
cpu-bind=MASK - hpc-fat05, task 30 30 [2337871]: mask 0x8000000000000000000000 set
cpu-bind=MASK - hpc-fat05, task 31 31 [2337872]: mask 0x800000000000000000000000000000 set
cpu-bind=MASK - hpc-fat05, task 32 32 [2337873]: mask 0x1000000 set
cpu-bind=MASK - hpc-fat05, task 33 33 [2337874]: mask 0x100000000000000 set
cpu-bind=MASK - hpc-fat05, task 34 34 [2337875]: mask 0x10000000000000000000000 set
cpu-bind=MASK - hpc-fat05, task 35 35 [2337876]: mask 0x1000000000000000000000000000000 set
cpu-bind=MASK - hpc-fat05, task 36 36 [2337877]: mask 0x2000000 set
cpu-bind=MASK - hpc-fat05, task 37 37 [2337878]: mask 0x200000000000000 set
cpu-bind=MASK - hpc-fat05, task 38 38 [2337879]: mask 0x20000000000000000000000 set
cpu-bind=MASK - hpc-fat05, task 39 39 [2337880]: mask 0x2000000000000000000000000000000 set
cpu-bind=MASK - hpc-fat05, task 40 40 [2337881]: mask 0x4000000 set
cpu-bind=MASK - hpc-fat05, task 41 41 [2337882]: mask 0x400000000000000 set
cpu-bind=MASK - hpc-fat05, task 42 42 [2337883]: mask 0x40000000000000000000000 set
cpu-bind=MASK - hpc-fat05, task 43 43 [2337884]: mask 0x4000000000000000000000000000000 set
cpu-bind=MASK - hpc-fat05, task 44 44 [2337885]: mask 0x8000000 set
cpu-bind=MASK - hpc-fat05, task 45 45 [2337886]: mask 0x800000000000000 set
cpu-bind=MASK - hpc-fat05, task 46 46 [2337887]: mask 0x80000000000000000000000 set
cpu-bind=MASK - hpc-fat05, task 47 47 [2337888]: mask 0x8000000000000000000000000000000 set
cpu-bind=MASK - hpc-fat05, task 48 48 [2337889]: mask 0x10000000 set
cpu-bind=MASK - hpc-fat05, task 49 49 [2337890]: mask 0x1000000000000000 set
cpu-bind=MASK - hpc-fat05, task 50 50 [2337891]: mask 0x100000000000000000000000 set
cpu-bind=MASK - hpc-fat05, task 51 51 [2337892]: mask 0x10000000000000000000000000000000 set
cpu-bind=MASK - hpc-fat05, task 52 52 [2337893]: mask 0x20000000 set
cpu-bind=MASK - hpc-fat05, task 53 53 [2337894]: mask 0x2000000000000000 set
cpu-bind=MASK - hpc-fat05, task 54 54 [2337895]: mask 0x200000000000000000000000 set
cpu-bind=MASK - hpc-fat05, task 55 55 [2337896]: mask 0x20000000000000000000000000000000 set
cpu-bind=MASK - hpc-fat05, task 56 56 [2337897]: mask 0x40000000 set
cpu-bind=MASK - hpc-fat05, task 57 57 [2337898]: mask 0x4000000000000000 set
cpu-bind=MASK - hpc-fat05, task 58 58 [2337899]: mask 0x400000000000000000000000 set
cpu-bind=MASK - hpc-fat05, task 59 59 [2337900]: mask 0x40000000000000000000000000000000 set
cpu-bind=MASK - hpc-fat05, task 60 60 [2337901]: mask 0x80000000 set
cpu-bind=MASK - hpc-fat05, task 61 61 [2337902]: mask 0x8000000000000000 set
cpu-bind=MASK - hpc-fat05, task 62 62 [2337903]: mask 0x800000000000000000000000 set
cpu-bind=MASK - hpc-fat05, task 63 63 [2337904]: mask 0x80000000000000000000000000000000 set
srun: Node hpc-fat05, 64 tasks started
Data {
  aerosol.linearsolver : PETSc
  discretisation.femtype : Lagrange
  discretisation.numericalflux : WbswLaxFriedrichs
  io.mesh_file : /gpfs/scratch/fortetenreiro/run/Vortex/msh/Vortex_6.msh
  io.mesh_format : ParaGMSH
  io.output_format : HDF5
  io.output_path : /gpfs/scratch/fortetenreiro/run/Vortex/visu/R0_M6_P3
  io.restartPath : /gpfs/scratch/fortetenreiro/run/Vortex/restart/R0_M6_P3
  io.restartPrefix : restart
  io.visutype : cells
  model.bathymetry : 1;0;ICBC
  model.manning : 1;0;ICBC;CONSTANT;0.00
  model.name : ShallowWater
  testcase.name : Vortex
  time.inittype : interpolation
  time.name : RK-4-4
  time.type : cfl
  xml_config_file : /gpfs/scratch/fortetenreiro/run/Vortex/xml/R0_M6_P3.xml
  MPI.prank : 0
  MPI.psize : 64
  aerosol.debug : 0
  discretisation.continuous : 0
  discretisation.degree : 3
  io.active : 0
  io.conservativeVariables : 3
  io.mesh_dimension : 2
  io.prepartitioning : 0
  io.redistribution : 1
  io.scalab : 0
  model.dispersion : 0
  model.g : 1
  model.h0 : 1
  time.CFL : 0.145
  time.tmax : 100
}

(0): ERROR: _PAMPAdmeshCheck: no check could be done with flag PAMPA_OVLP_NOGT enabled
(1): ERROR: _PAMPAdmeshCheck: no check could be done with flag PAMPA_OVLP_NOGT enabled
(2): ERROR: _PAMPAdmeshCheck: no check could be done with flag PAMPA_OVLP_NOGT enabled
(3): ERROR: _PAMPAdmeshCheck: no check could be done with flag PAMPA_OVLP_NOGT enabled
(4): ERROR: _PAMPAdmeshCheck: no check could be done with flag PAMPA_OVLP_NOGT enabled
(5): ERROR: _PAMPAdmeshCheck: no check could be done with flag PAMPA_OVLP_NOGT enabled
(6): ERROR: _PAMPAdmeshCheck: no check could be done with flag PAMPA_OVLP_NOGT enabled
(7): ERROR: _PAMPAdmeshCheck: no check could be done with flag PAMPA_OVLP_NOGT enabled
(8): ERROR: _PAMPAdmeshCheck: no check could be done with flag PAMPA_OVLP_NOGT enabled
(9): ERROR: _PAMPAdmeshCheck: no check could be done with flag PAMPA_OVLP_NOGT enabled
(10): ERROR: _PAMPAdmeshCheck: no check could be done with flag PAMPA_OVLP_NOGT enabled
(11): ERROR: _PAMPAdmeshCheck: no check could be done with flag PAMPA_OVLP_NOGT enabled
(12): ERROR: _PAMPAdmeshCheck: no check could be done with flag PAMPA_OVLP_NOGT enabled
(13): ERROR: _PAMPAdmeshCheck: no check could be done with flag PAMPA_OVLP_NOGT enabled
(14): ERROR: _PAMPAdmeshCheck: no check could be done with flag PAMPA_OVLP_NOGT enabled
(15): ERROR: _PAMPAdmeshCheck: no check could be done with flag PAMPA_OVLP_NOGT enabled
(16): ERROR: _PAMPAdmeshCheck: no check could be done with flag PAMPA_OVLP_NOGT enabled
(17): ERROR: _PAMPAdmeshCheck: no check could be done with flag PAMPA_OVLP_NOGT enabled
(18): ERROR: _PAMPAdmeshCheck: no check could be done with flag PAMPA_OVLP_NOGT enabled
(19): ERROR: _PAMPAdmeshCheck: no check could be done with flag PAMPA_OVLP_NOGT enabled
(20): ERROR: _PAMPAdmeshCheck: no check could be done with flag PAMPA_OVLP_NOGT enabled
(21): ERROR: _PAMPAdmeshCheck: no check could be done with flag PAMPA_OVLP_NOGT enabled
(22): ERROR: _PAMPAdmeshCheck: no check could be done with flag PAMPA_OVLP_NOGT enabled
(23): ERROR: _PAMPAdmeshCheck: no check could be done with flag PAMPA_OVLP_NOGT enabled
(24): ERROR: _PAMPAdmeshCheck: no check could be done with flag PAMPA_OVLP_NOGT enabled
(25): ERROR: _PAMPAdmeshCheck: no check could be done with flag PAMPA_OVLP_NOGT enabled
(26): ERROR: _PAMPAdmeshCheck: no check could be done with flag PAMPA_OVLP_NOGT enabled
(27): ERROR: _PAMPAdmeshCheck: no check could be done with flag PAMPA_OVLP_NOGT enabled
(28): ERROR: _PAMPAdmeshCheck: no check could be done with flag PAMPA_OVLP_NOGT enabled
(29): ERROR: _PAMPAdmeshCheck: no check could be done with flag PAMPA_OVLP_NOGT enabled
(30): ERROR: _PAMPAdmeshCheck: no check could be done with flag PAMPA_OVLP_NOGT enabled
(31): ERROR: _PAMPAdmeshCheck: no check could be done with flag PAMPA_OVLP_NOGT enabled
(32): ERROR: _PAMPAdmeshCheck: no check could be done with flag PAMPA_OVLP_NOGT enabled
(33): ERROR: _PAMPAdmeshCheck: no check could be done with flag PAMPA_OVLP_NOGT enabled
(34): ERROR: _PAMPAdmeshCheck: no check could be done with flag PAMPA_OVLP_NOGT enabled
(35): ERROR: _PAMPAdmeshCheck: no check could be done with flag PAMPA_OVLP_NOGT enabled
(36): ERROR: _PAMPAdmeshCheck: no check could be done with flag PAMPA_OVLP_NOGT enabled
(37): ERROR: _PAMPAdmeshCheck: no check could be done with flag PAMPA_OVLP_NOGT enabled
(38): ERROR: _PAMPAdmeshCheck: no check could be done with flag PAMPA_OVLP_NOGT enabled
(39): ERROR: _PAMPAdmeshCheck: no check could be done with flag PAMPA_OVLP_NOGT enabled
(40): ERROR: _PAMPAdmeshCheck: no check could be done with flag PAMPA_OVLP_NOGT enabled
(41): ERROR: _PAMPAdmeshCheck: no check could be done with flag PAMPA_OVLP_NOGT enabled
(42): ERROR: _PAMPAdmeshCheck: no check could be done with flag PAMPA_OVLP_NOGT enabled
(43): ERROR: _PAMPAdmeshCheck: no check could be done with flag PAMPA_OVLP_NOGT enabled
(44): ERROR: _PAMPAdmeshCheck: no check could be done with flag PAMPA_OVLP_NOGT enabled
(45): ERROR: _PAMPAdmeshCheck: no check could be done with flag PAMPA_OVLP_NOGT enabled
(46): ERROR: _PAMPAdmeshCheck: no check could be done with flag PAMPA_OVLP_NOGT enabled
(47): ERROR: _PAMPAdmeshCheck: no check could be done with flag PAMPA_OVLP_NOGT enabled
(48): ERROR: _PAMPAdmeshCheck: no check could be done with flag PAMPA_OVLP_NOGT enabled
(49): ERROR: _PAMPAdmeshCheck: no check could be done with flag PAMPA_OVLP_NOGT enabled
(50): ERROR: _PAMPAdmeshCheck: no check could be done with flag PAMPA_OVLP_NOGT enabled
(51): ERROR: _PAMPAdmeshCheck: no check could be done with flag PAMPA_OVLP_NOGT enabled
(52): ERROR: _PAMPAdmeshCheck: no check could be done with flag PAMPA_OVLP_NOGT enabled
(53): ERROR: _PAMPAdmeshCheck: no check could be done with flag PAMPA_OVLP_NOGT enabled
(54): ERROR: _PAMPAdmeshCheck: no check could be done with flag PAMPA_OVLP_NOGT enabled
(55): ERROR: _PAMPAdmeshCheck: no check could be done with flag PAMPA_OVLP_NOGT enabled
(56): ERROR: _PAMPAdmeshCheck: no check could be done with flag PAMPA_OVLP_NOGT enabled
(57): ERROR: _PAMPAdmeshCheck: no check could be done with flag PAMPA_OVLP_NOGT enabled
(58): ERROR: _PAMPAdmeshCheck: no check could be done with flag PAMPA_OVLP_NOGT enabled
(59): ERROR: _PAMPAdmeshCheck: no check could be done with flag PAMPA_OVLP_NOGT enabled
(60): ERROR: _PAMPAdmeshCheck: no check could be done with flag PAMPA_OVLP_NOGT enabled
(61): ERROR: _PAMPAdmeshCheck: no check could be done with flag PAMPA_OVLP_NOGT enabled
(62): ERROR: _PAMPAdmeshCheck: no check could be done with flag PAMPA_OVLP_NOGT enabled
(63): ERROR: _PAMPAdmeshCheck: no check could be done with flag PAMPA_OVLP_NOGT enabled
Calling the scheme "SWShallowWater2dWbswLaxFriedrichsPETSc".
Calling the scheme "SWShallowWater2dWbswLaxFriedrichsPETSc".
Calling the scheme "SWShallowWater2dWbswLaxFriedrichsPETSc".
Calling the scheme "SWShallowWater2dWbswLaxFriedrichsPETSc".
Calling the scheme "SWShallowWater2dWbswLaxFriedrichsPETSc".
Calling the scheme "SWShallowWater2dWbswLaxFriedrichsPETSc".
Calling the scheme "SWShallowWater2dWbswLaxFriedrichsPETSc".
Calling the scheme "SWShallowWater2dWbswLaxFriedrichsPETSc".
Calling the scheme "SWShallowWater2dWbswLaxFriedrichsPETSc".
Calling the scheme "SWShallowWater2dWbswLaxFriedrichsPETSc".
Calling the scheme "SWShallowWater2dWbswLaxFriedrichsPETSc".
Calling the scheme "SWShallowWater2dWbswLaxFriedrichsPETSc".
Calling the scheme "SWShallowWater2dWbswLaxFriedrichsPETSc".
Calling the scheme "SWShallowWater2dWbswLaxFriedrichsPETSc".
Calling the scheme "SWShallowWater2dWbswLaxFriedrichsPETSc".
Calling the scheme "SWShallowWater2dWbswLaxFriedrichsPETSc".
Calling the scheme "SWShallowWater2dWbswLaxFriedrichsPETSc".
Calling the scheme "SWShallowWater2dWbswLaxFriedrichsPETSc".
Calling the scheme "SWShallowWater2dWbswLaxFriedrichsPETSc".
Calling the scheme "SWShallowWater2dWbswLaxFriedrichsPETSc".
Calling the scheme "SWShallowWater2dWbswLaxFriedrichsPETSc".
Calling the scheme "SWShallowWater2dWbswLaxFriedrichsPETSc".
Calling the scheme "SWShallowWater2dWbswLaxFriedrichsPETSc".
Calling the scheme "SWShallowWater2dWbswLaxFriedrichsPETSc".
Calling the scheme "SWShallowWater2dWbswLaxFriedrichsPETSc".
Calling the scheme "SWShallowWater2dWbswLaxFriedrichsPETSc".
Calling the scheme "SWShallowWater2dWbswLaxFriedrichsPETSc".
Calling the scheme "SWShallowWater2dWbswLaxFriedrichsPETSc".
Calling the scheme "SWShallowWater2dWbswLaxFriedrichsPETSc".
Calling the scheme "SWShallowWater2dWbswLaxFriedrichsPETSc".
Calling the scheme "SWShallowWater2dWbswLaxFriedrichsPETSc".
Calling the scheme "SWShallowWater2dWbswLaxFriedrichsPETSc".
Calling the scheme "SWShallowWater2dWbswLaxFriedrichsPETSc".
Calling the scheme "SWShallowWater2dWbswLaxFriedrichsPETSc".
Calling the scheme "SWShallowWater2dWbswLaxFriedrichsPETSc".
Calling the scheme "SWShallowWater2dWbswLaxFriedrichsPETSc".
Calling the scheme "SWShallowWater2dWbswLaxFriedrichsPETSc".
Calling the scheme "SWShallowWater2dWbswLaxFriedrichsPETSc".
Calling the scheme "SWShallowWater2dWbswLaxFriedrichsPETSc".
Calling the scheme "SWShallowWater2dWbswLaxFriedrichsPETSc".
Calling the scheme "SWShallowWater2dWbswLaxFriedrichsPETSc".
Calling the scheme "SWShallowWater2dWbswLaxFriedrichsPETSc".
Calling the scheme "SWShallowWater2dWbswLaxFriedrichsPETSc".
Calling the scheme "SWShallowWater2dWbswLaxFriedrichsPETSc".
Calling the scheme "SWShallowWater2dWbswLaxFriedrichsPETSc".
Calling the scheme "SWShallowWater2dWbswLaxFriedrichsPETSc".
Calling the scheme "SWShallowWater2dWbswLaxFriedrichsPETSc".
Calling the scheme "SWShallowWater2dWbswLaxFriedrichsPETSc".
Calling the scheme "SWShallowWater2dWbswLaxFriedrichsPETSc".
Calling the scheme "SWShallowWater2dWbswLaxFriedrichsPETSc".
Calling the scheme "SWShallowWater2dWbswLaxFriedrichsPETSc".
Calling the scheme "SWShallowWater2dWbswLaxFriedrichsPETSc".
Calling the scheme "SWShallowWater2dWbswLaxFriedrichsPETSc".
Calling the scheme "SWShallowWater2dWbswLaxFriedrichsPETSc".
Calling the scheme "SWShallowWater2dWbswLaxFriedrichsPETSc".
Calling the scheme "SWShallowWater2dWbswLaxFriedrichsPETSc".
Calling the scheme "SWShallowWater2dWbswLaxFriedrichsPETSc".
Calling the scheme "SWShallowWater2dWbswLaxFriedrichsPETSc".
Calling the scheme "SWShallowWater2dWbswLaxFriedrichsPETSc".
Calling the scheme "SWShallowWater2dWbswLaxFriedrichsPETSc".
Calling the scheme "SWShallowWater2dWbswLaxFriedrichsPETSc".
Calling the scheme "SWShallowWater2dWbswLaxFriedrichsPETSc".
Calling the scheme "SWShallowWater2dWbswLaxFriedrichsPETSc".
Calling the scheme "SWShallowWater2dWbswLaxFriedrichsPETSc".
      1 | 8.29124e-03 8.29124e-03 | 1.25331e-02 1.07867e-01 1.39115e-01 |
      2 | 1.65825e-02 8.29124e-03 | 1.25331e-02 1.07867e-01 1.39115e-01 |
      3 | 2.48737e-02 8.29124e-03 | 1.25331e-02 1.07867e-01 1.39115e-01 |
      4 | 3.31649e-02 8.29124e-03 | 1.25331e-02 1.07867e-01 1.39115e-01 |
      5 | 4.14562e-02 8.29124e-03 | 1.25331e-02 1.07867e-01 1.39115e-01 |
      6 | 4.97474e-02 8.29124e-03 | 1.25331e-02 1.07867e-01 1.39115e-01 |
      7 | 5.80387e-02 8.29125e-03 | 1.25331e-02 1.07867e-01 1.39115e-01 |
      8 | 6.63299e-02 8.29125e-03 | 1.25331e-02 1.07867e-01 1.39115e-01 |
      9 | 7.46212e-02 8.29125e-03 | 1.25331e-02 1.07867e-01 1.39115e-01 |
     10 | 8.29124e-02 8.29126e-03 | 1.25331e-02 1.07867e-01 1.39115e-01 |
     11 | 9.12037e-02 8.29126e-03 | 1.25331e-02 1.07867e-01 1.39115e-01 |
     12 | 9.94950e-02 8.29127e-03 | 1.25331e-02 1.07867e-01 1.39115e-01 |
     13 | 1.07786e-01 8.29127e-03 | 1.25331e-02 1.07867e-01 1.39115e-01 |
     14 | 1.16078e-01 8.29128e-03 | 1.25331e-02 1.07867e-01 1.39115e-01 |
     15 | 1.24369e-01 8.29128e-03 | 1.25331e-02 1.07867e-01 1.39115e-01 |
     16 | 1.32660e-01 8.29129e-03 | 1.25331e-02 1.07867e-01 1.39115e-01 |
     17 | 1.40951e-01 8.29130e-03 | 1.25331e-02 1.07867e-01 1.39115e-01 |
     18 | 1.49243e-01 8.29131e-03 | 1.25331e-02 1.07867e-01 1.39115e-01 |
     19 | 1.57534e-01 8.29131e-03 | 1.25331e-02 1.07867e-01 1.39115e-01 |
     20 | 1.65825e-01 8.29132e-03 | 1.25331e-02 1.07867e-01 1.39115e-01 |
     21 | 1.74117e-01 8.29133e-03 | 1.25331e-02 1.07867e-01 1.39115e-01 |
     22 | 1.82408e-01 8.29134e-03 | 1.25331e-02 1.07867e-01 1.39115e-01 |
     23 | 1.90699e-01 8.29135e-03 | 1.25331e-02 1.07867e-01 1.39115e-01 |
     24 | 1.98991e-01 8.29136e-03 | 1.25331e-02 1.07867e-01 1.39115e-01 |
     25 | 2.07282e-01 8.29137e-03 | 1.25331e-02 1.07867e-01 1.39115e-01 |
     26 | 2.15573e-01 8.29138e-03 | 1.25331e-02 1.07867e-01 1.39115e-01 |
     27 | 2.23865e-01 8.29139e-03 | 1.25331e-02 1.07867e-01 1.39115e-01 |
     28 | 2.32156e-01 8.29139e-03 | 1.25331e-02 1.07867e-01 1.39115e-01 |
     29 | 2.40448e-01 8.29137e-03 | 1.25331e-02 1.07867e-01 1.39115e-01 |
     30 | 2.48739e-01 8.29136e-03 | 1.25331e-02 1.07867e-01 1.39115e-01 |
     31 | 2.57030e-01 8.29135e-03 | 1.25331e-02 1.07867e-01 1.39115e-01 |
     32 | 2.65322e-01 8.29134e-03 | 1.25331e-02 1.07867e-01 1.39115e-01 |
     33 | 2.73613e-01 8.29134e-03 | 1.25331e-02 1.07867e-01 1.39115e-01 |
     34 | 2.81904e-01 8.29133e-03 | 1.25331e-02 1.07867e-01 1.39115e-01 |
     35 | 2.90196e-01 8.29132e-03 | 1.25331e-02 1.07867e-01 1.39115e-01 |
     36 | 2.98487e-01 8.29131e-03 | 1.25331e-02 1.07867e-01 1.39115e-01 |
     37 | 3.06778e-01 8.29130e-03 | 1.25331e-02 1.07867e-01 1.39115e-01 |
     38 | 3.15070e-01 8.29130e-03 | 1.25331e-02 1.07867e-01 1.39115e-01 |
     39 | 3.23361e-01 8.29129e-03 | 1.25331e-02 1.07867e-01 1.39115e-01 |
     40 | 3.31652e-01 8.29128e-03 | 1.25331e-02 1.07867e-01 1.39115e-01 |
     41 | 3.39943e-01 8.29128e-03 | 1.25331e-02 1.07867e-01 1.39115e-01 |
     42 | 3.48235e-01 8.29127e-03 | 1.25331e-02 1.07867e-01 1.39115e-01 |
     43 | 3.56526e-01 8.29127e-03 | 1.25331e-02 1.07867e-01 1.39115e-01 |
     44 | 3.64817e-01 8.29126e-03 | 1.25331e-02 1.07867e-01 1.39115e-01 |
     45 | 3.73108e-01 8.29126e-03 | 1.25331e-02 1.07867e-01 1.39115e-01 |
     46 | 3.81400e-01 8.29126e-03 | 1.25331e-02 1.07867e-01 1.39115e-01 |
     47 | 3.89691e-01 8.29125e-03 | 1.25331e-02 1.07867e-01 1.39115e-01 |
     48 | 3.97982e-01 8.29125e-03 | 1.25331e-02 1.07867e-01 1.39115e-01 |
     49 | 4.06273e-01 8.29125e-03 | 1.25331e-02 1.07867e-01 1.39115e-01 |
     50 | 4.14565e-01 8.29125e-03 | 1.25331e-02 1.07867e-01 1.39115e-01 |
     51 | 4.22856e-01 8.29125e-03 | 1.25331e-02 1.07867e-01 1.39115e-01 |
     52 | 4.31147e-01 8.29124e-03 | 1.25331e-02 1.07867e-01 1.39115e-01 |
     53 | 4.39438e-01 8.29124e-03 | 1.25331e-02 1.07867e-01 1.39115e-01 |
     54 | 4.47730e-01 8.29124e-03 | 1.25331e-02 1.07867e-01 1.39115e-01 |
     55 | 4.56021e-01 8.29125e-03 | 1.25331e-02 1.07867e-01 1.39115e-01 |
     56 | 4.64312e-01 8.29125e-03 | 1.25331e-02 1.07867e-01 1.39115e-01 |
     57 | 4.72603e-01 8.29125e-03 | 1.25331e-02 1.07867e-01 1.39115e-01 |
     58 | 4.80895e-01 8.29125e-03 | 1.25331e-02 1.07867e-01 1.39115e-01 |
     59 | 4.89186e-01 8.29125e-03 | 1.25331e-02 1.07867e-01 1.39115e-01 |
     60 | 4.97477e-01 8.29125e-03 | 1.25331e-02 1.07867e-01 1.39115e-01 |
     61 | 5.05768e-01 8.29126e-03 | 1.25331e-02 1.07867e-01 1.39115e-01 |
     62 | 5.14060e-01 8.29126e-03 | 1.25331e-02 1.07867e-01 1.39115e-01 |
     63 | 5.22351e-01 8.29126e-03 | 1.25331e-02 1.07867e-01 1.39115e-01 |
     64 | 5.30642e-01 8.29127e-03 | 1.25331e-02 1.07867e-01 1.39115e-01 |
     65 | 5.38934e-01 8.29127e-03 | 1.25331e-02 1.07867e-01 1.39115e-01 |
     66 | 5.47225e-01 8.29127e-03 | 1.25331e-02 1.07867e-01 1.39115e-01 |
     67 | 5.55516e-01 8.29127e-03 | 1.25331e-02 1.07867e-01 1.39115e-01 |
     68 | 5.63807e-01 8.29128e-03 | 1.25331e-02 1.07867e-01 1.39115e-01 |
     69 | 5.72099e-01 8.29128e-03 | 1.25331e-02 1.07867e-01 1.39115e-01 |
     70 | 5.80390e-01 8.29128e-03 | 1.25331e-02 1.07867e-01 1.39115e-01 |
     71 | 5.88681e-01 8.29129e-03 | 1.25331e-02 1.07867e-01 1.39115e-01 |
     72 | 5.96973e-01 8.29129e-03 | 1.25331e-02 1.07867e-01 1.39115e-01 |
     73 | 6.05264e-01 8.29130e-03 | 1.25331e-02 1.07867e-01 1.39115e-01 |
     74 | 6.13555e-01 8.29130e-03 | 1.25331e-02 1.07867e-01 1.39115e-01 |
     75 | 6.21846e-01 8.29131e-03 | 1.25331e-02 1.07867e-01 1.39115e-01 |
     76 | 6.30138e-01 8.29132e-03 | 1.25331e-02 1.07867e-01 1.39115e-01 |
     77 | 6.38429e-01 8.29132e-03 | 1.25331e-02 1.07867e-01 1.39115e-01 |
     78 | 6.46720e-01 8.29133e-03 | 1.25331e-02 1.07867e-01 1.39115e-01 |
     79 | 6.55012e-01 8.29134e-03 | 1.25331e-02 1.07867e-01 1.39115e-01 |
     80 | 6.63303e-01 8.29135e-03 | 1.25331e-02 1.07867e-01 1.39115e-01 |
     81 | 6.71594e-01 8.29135e-03 | 1.25331e-02 1.07867e-01 1.39115e-01 |
     82 | 6.79886e-01 8.29136e-03 | 1.25331e-02 1.07867e-01 1.39115e-01 |
     83 | 6.88177e-01 8.29137e-03 | 1.25331e-02 1.07867e-01 1.39115e-01 |
     84 | 6.96469e-01 8.29138e-03 | 1.25331e-02 1.07867e-01 1.39115e-01 |
     85 | 7.04760e-01 8.29139e-03 | 1.25331e-02 1.07867e-01 1.39115e-01 |
     86 | 7.13051e-01 8.29140e-03 | 1.25331e-02 1.07867e-01 1.39115e-01 |
     87 | 7.21343e-01 8.29141e-03 | 1.25331e-02 1.07867e-01 1.39115e-01 |
     88 | 7.29634e-01 8.29140e-03 | 1.25331e-02 1.07867e-01 1.39115e-01 |
     89 | 7.37926e-01 8.29139e-03 | 1.25331e-02 1.07867e-01 1.39115e-01 |
     90 | 7.46217e-01 8.29138e-03 | 1.25331e-02 1.07867e-01 1.39115e-01 |
     91 | 7.54508e-01 8.29137e-03 | 1.25331e-02 1.07867e-01 1.39115e-01 |
     92 | 7.62800e-01 8.29136e-03 | 1.25331e-02 1.07867e-01 1.39115e-01 |
     93 | 7.71091e-01 8.29135e-03 | 1.25331e-02 1.07867e-01 1.39115e-01 |
     94 | 7.79382e-01 8.29134e-03 | 1.25331e-02 1.07867e-01 1.39115e-01 |
     95 | 7.87674e-01 8.29133e-03 | 1.25331e-02 1.07867e-01 1.39115e-01 |
     96 | 7.95965e-01 8.29132e-03 | 1.25331e-02 1.07867e-01 1.39115e-01 |
     97 | 8.04256e-01 8.29131e-03 | 1.25331e-02 1.07867e-01 1.39115e-01 |
     98 | 8.12548e-01 8.29130e-03 | 1.25331e-02 1.07867e-01 1.39115e-01 |
     99 | 8.20839e-01 8.29130e-03 | 1.25331e-02 1.07867e-01 1.39115e-01 |
    100 | 8.29130e-01 8.29129e-03 | 1.25331e-02 1.07867e-01 1.39115e-01 |
    101 | 8.37421e-01 8.29129e-03 | 1.25331e-02 1.07867e-01 1.39115e-01 |
    102 | 8.45713e-01 8.29128e-03 | 1.25331e-02 1.07867e-01 1.39115e-01 |
    103 | 8.54004e-01 8.29127e-03 | 1.25331e-02 1.07867e-01 1.39115e-01 |
    104 | 8.62295e-01 8.29127e-03 | 1.25331e-02 1.07867e-01 1.39115e-01 |
    105 | 8.70587e-01 8.29127e-03 | 1.25331e-02 1.07867e-01 1.39115e-01 |
    106 | 8.78878e-01 8.29126e-03 | 1.25331e-02 1.07867e-01 1.39115e-01 |
    107 | 8.87169e-01 8.29126e-03 | 1.25331e-02 1.07867e-01 1.39115e-01 |
    108 | 8.95460e-01 8.29126e-03 | 1.25331e-02 1.07867e-01 1.39115e-01 |
    109 | 9.03752e-01 8.29125e-03 | 1.25331e-02 1.07867e-01 1.39115e-01 |
    110 | 9.12043e-01 8.29125e-03 | 1.25331e-02 1.07867e-01 1.39115e-01 |
    111 | 9.20334e-01 8.29125e-03 | 1.25331e-02 1.07867e-01 1.39115e-01 |
    112 | 9.28625e-01 8.29125e-03 | 1.25331e-02 1.07867e-01 1.39115e-01 |
    113 | 9.36917e-01 8.29125e-03 | 1.25331e-02 1.07867e-01 1.39115e-01 |
    114 | 9.45208e-01 8.29125e-03 | 1.25331e-02 1.07867e-01 1.39115e-01 |
    115 | 9.53499e-01 8.29125e-03 | 1.25331e-02 1.07867e-01 1.39115e-01 |
    116 | 9.61790e-01 8.29125e-03 | 1.25331e-02 1.07867e-01 1.39115e-01 |
    117 | 9.70082e-01 8.29125e-03 | 1.25331e-02 1.07867e-01 1.39115e-01 |
    118 | 9.78373e-01 8.29125e-03 | 1.25331e-02 1.07867e-01 1.39115e-01 |
    119 | 9.86664e-01 8.29125e-03 | 1.25331e-02 1.07867e-01 1.39115e-01 |
    120 | 9.94955e-01 8.29125e-03 | 1.25331e-02 1.07867e-01 1.39115e-01 |
    121 | 1.00325e+00 8.29126e-03 | 1.25331e-02 1.07867e-01 1.39115e-01 |
    122 | 1.01154e+00 8.29126e-03 | 1.25331e-02 1.07867e-01 1.39115e-01 |
    123 | 1.01983e+00 8.29126e-03 | 1.25331e-02 1.07867e-01 1.39115e-01 |
    124 | 1.02812e+00 8.29127e-03 | 1.25331e-02 1.07867e-01 1.39115e-01 |
    125 | 1.03641e+00 8.29127e-03 | 1.25331e-02 1.07867e-01 1.39115e-01 |
    126 | 1.04470e+00 8.29128e-03 | 1.25331e-02 1.07867e-01 1.39115e-01 |
    127 | 1.05299e+00 8.29128e-03 | 1.25331e-02 1.07867e-01 1.39115e-01 |
    128 | 1.06129e+00 8.29129e-03 | 1.25331e-02 1.07867e-01 1.39115e-01 |
    129 | 1.06958e+00 8.29129e-03 | 1.25331e-02 1.07867e-01 1.39115e-01 |
    130 | 1.07787e+00 8.29130e-03 | 1.25331e-02 1.07867e-01 1.39115e-01 |
    131 | 1.08616e+00 8.29131e-03 | 1.25331e-02 1.07867e-01 1.39115e-01 |
    132 | 1.09445e+00 8.29131e-03 | 1.25331e-02 1.07867e-01 1.39115e-01 |
    133 | 1.10274e+00 8.29132e-03 | 1.25331e-02 1.07867e-01 1.39115e-01 |
    134 | 1.11103e+00 8.29133e-03 | 1.25331e-02 1.07867e-01 1.39115e-01 |
    135 | 1.11932e+00 8.29134e-03 | 1.25331e-02 1.07867e-01 1.39115e-01 |
    136 | 1.12762e+00 8.29135e-03 | 1.25331e-02 1.07867e-01 1.39115e-01 |
    137 | 1.13591e+00 8.29136e-03 | 1.25331e-02 1.07867e-01 1.39115e-01 |
    138 | 1.14420e+00 8.29137e-03 | 1.25331e-02 1.07867e-01 1.39115e-01 |
    139 | 1.15249e+00 8.29138e-03 | 1.25331e-02 1.07867e-01 1.39115e-01 |
    140 | 1.16078e+00 8.29139e-03 | 1.25331e-02 1.07867e-01 1.39115e-01 |
    141 | 1.16907e+00 8.29140e-03 | 1.25331e-02 1.07867e-01 1.39115e-01 |
    142 | 1.17736e+00 8.29141e-03 | 1.25331e-02 1.07867e-01 1.39115e-01 |
    143 | 1.18566e+00 8.29141e-03 | 1.25331e-02 1.07867e-01 1.39115e-01 |
    144 | 1.19395e+00 8.29141e-03 | 1.25331e-02 1.07867e-01 1.39115e-01 |
    145 | 1.20224e+00 8.29140e-03 | 1.25331e-02 1.07867e-01 1.39115e-01 |
    146 | 1.21053e+00 8.29140e-03 | 1.25331e-02 1.07867e-01 1.39115e-01 |
    147 | 1.21882e+00 8.29139e-03 | 1.25331e-02 1.07867e-01 1.39115e-01 |
    148 | 1.22711e+00 8.29138e-03 | 1.25331e-02 1.07867e-01 1.39115e-01 |
    149 | 1.23540e+00 8.29137e-03 | 1.25331e-02 1.07867e-01 1.39115e-01 |
    150 | 1.24370e+00 8.29136e-03 | 1.25331e-02 1.07867e-01 1.39115e-01 |
    151 | 1.25199e+00 8.29135e-03 | 1.25331e-02 1.07867e-01 1.39115e-01 |
    152 | 1.26028e+00 8.29134e-03 | 1.25331e-02 1.07867e-01 1.39115e-01 |
    153 | 1.26857e+00 8.29133e-03 | 1.25331e-02 1.07867e-01 1.39115e-01 |
    154 | 1.27686e+00 8.29132e-03 | 1.25331e-02 1.07867e-01 1.39115e-01 |
    155 | 1.28515e+00 8.29132e-03 | 1.25331e-02 1.07867e-01 1.39115e-01 |
    156 | 1.29344e+00 8.29131e-03 | 1.25331e-02 1.07867e-01 1.39115e-01 |
    157 | 1.30173e+00 8.29130e-03 | 1.25331e-02 1.07867e-01 1.39115e-01 |
    158 | 1.31003e+00 8.29130e-03 | 1.25331e-02 1.07867e-01 1.39115e-01 |
    159 | 1.31832e+00 8.29129e-03 | 1.25331e-02 1.07867e-01 1.39115e-01 |
    160 | 1.32661e+00 8.29129e-03 | 1.25331e-02 1.07867e-01 1.39115e-01 |
    161 | 1.33490e+00 8.29128e-03 | 1.25331e-02 1.07867e-01 1.39115e-01 |
    162 | 1.34319e+00 8.29128e-03 | 1.25331e-02 1.07867e-01 1.39115e-01 |
    163 | 1.35148e+00 8.29128e-03 | 1.25331e-02 1.07867e-01 1.39115e-01 |
    164 | 1.35977e+00 8.29127e-03 | 1.25331e-02 1.07867e-01 1.39115e-01 |
    165 | 1.36806e+00 8.29127e-03 | 1.25331e-02 1.07867e-01 1.39115e-01 |
    166 | 1.37636e+00 8.29127e-03 | 1.25331e-02 1.07867e-01 1.39115e-01 |
    167 | 1.38465e+00 8.29126e-03 | 1.25331e-02 1.07867e-01 1.39115e-01 |
    168 | 1.39294e+00 8.29126e-03 | 1.25331e-02 1.07867e-01 1.39115e-01 |
    169 | 1.40123e+00 8.29126e-03 | 1.25331e-02 1.07867e-01 1.39115e-01 |
    170 | 1.40952e+00 8.29126e-03 | 1.25331e-02 1.07867e-01 1.39115e-01 |
    171 | 1.41781e+00 8.29126e-03 | 1.25331e-02 1.07867e-01 1.39115e-01 |
    172 | 1.42610e+00 8.29126e-03 | 1.25331e-02 1.07867e-01 1.39115e-01 |
    173 | 1.43440e+00 8.29126e-03 | 1.25331e-02 1.07867e-01 1.39115e-01 |
    174 | 1.44269e+00 8.29126e-03 | 1.25331e-02 1.07867e-01 1.39115e-01 |
    175 | 1.45098e+00 8.29126e-03 | 1.25331e-02 1.07867e-01 1.39115e-01 |
    176 | 1.45927e+00 8.29127e-03 | 1.25331e-02 1.07867e-01 1.39115e-01 |
    177 | 1.46756e+00 8.29127e-03 | 1.25331e-02 1.07867e-01 1.39115e-01 |
    178 | 1.47585e+00 8.29127e-03 | 1.25331e-02 1.07867e-01 1.39115e-01 |
    179 | 1.48414e+00 8.29128e-03 | 1.25331e-02 1.07867e-01 1.39115e-01 |
    180 | 1.49243e+00 8.29128e-03 | 1.25331e-02 1.07867e-01 1.39115e-01 |
    181 | 1.50073e+00 8.29128e-03 | 1.25331e-02 1.07867e-01 1.39115e-01 |
    182 | 1.50902e+00 8.29129e-03 | 1.25331e-02 1.07867e-01 1.39115e-01 |
    183 | 1.51731e+00 8.29129e-03 | 1.25331e-02 1.07867e-01 1.39115e-01 |
    184 | 1.52560e+00 8.29130e-03 | 1.25331e-02 1.07867e-01 1.39115e-01 |
    185 | 1.53389e+00 8.29130e-03 | 1.25331e-02 1.07867e-01 1.39115e-01 |
    186 | 1.54218e+00 8.29131e-03 | 1.25331e-02 1.07867e-01 1.39115e-01 |
    187 | 1.55047e+00 8.29132e-03 | 1.25331e-02 1.07867e-01 1.39115e-01 |
    188 | 1.55876e+00 8.29132e-03 | 1.25331e-02 1.07867e-01 1.39115e-01 |
    189 | 1.56706e+00 8.29133e-03 | 1.25331e-02 1.07867e-01 1.39115e-01 |
    190 | 1.57535e+00 8.29134e-03 | 1.25331e-02 1.07867e-01 1.39115e-01 |
    191 | 1.58364e+00 8.29135e-03 | 1.25331e-02 1.07867e-01 1.39115e-01 |
    192 | 1.59193e+00 8.29136e-03 | 1.25331e-02 1.07867e-01 1.39115e-01 |
    193 | 1.60022e+00 8.29137e-03 | 1.25331e-02 1.07867e-01 1.39115e-01 |
    194 | 1.60851e+00 8.29138e-03 | 1.25331e-02 1.07867e-01 1.39115e-01 |
    195 | 1.61680e+00 8.29139e-03 | 1.25331e-02 1.07867e-01 1.39115e-01 |
    196 | 1.62510e+00 8.29140e-03 | 1.25331e-02 1.07867e-01 1.39115e-01 |
    197 | 1.63339e+00 8.29141e-03 | 1.25331e-02 1.07867e-01 1.39115e-01 |
    198 | 1.64168e+00 8.29139e-03 | 1.25331e-02 1.07867e-01 1.39115e-01 |
    199 | 1.64997e+00 8.29138e-03 | 1.25331e-02 1.07867e-01 1.39115e-01 |
    200 | 1.65826e+00 8.29137e-03 | 1.25331e-02 1.07867e-01 1.39115e-01 |
    201 | 1.66655e+00 8.29136e-03 | 1.25331e-02 1.07867e-01 1.39115e-01 |
    202 | 1.67484e+00 8.29135e-03 | 1.25331e-02 1.07867e-01 1.39115e-01 |
    203 | 1.68313e+00 8.29134e-03 | 1.25331e-02 1.07867e-01 1.39115e-01 |
    204 | 1.69143e+00 8.29133e-03 | 1.25331e-02 1.07867e-01 1.39115e-01 |
    205 | 1.69972e+00 8.29132e-03 | 1.25331e-02 1.07867e-01 1.39115e-01 |
    206 | 1.70801e+00 8.29132e-03 | 1.25331e-02 1.07867e-01 1.39115e-01 |
    207 | 1.71630e+00 8.29131e-03 | 1.25331e-02 1.07867e-01 1.39115e-01 |
    208 | 1.72459e+00 8.29130e-03 | 1.25331e-02 1.07867e-01 1.39115e-01 |
    209 | 1.73288e+00 8.29129e-03 | 1.25331e-02 1.07867e-01 1.39115e-01 |
    210 | 1.74117e+00 8.29129e-03 | 1.25331e-02 1.07867e-01 1.39115e-01 |
    211 | 1.74947e+00 8.29128e-03 | 1.25331e-02 1.07867e-01 1.39115e-01 |
    212 | 1.75776e+00 8.29128e-03 | 1.25331e-02 1.07867e-01 1.39115e-01 |
    213 | 1.76605e+00 8.29127e-03 | 1.25331e-02 1.07867e-01 1.39115e-01 |
    214 | 1.77434e+00 8.29127e-03 | 1.25331e-02 1.07867e-01 1.39115e-01 |
    215 | 1.78263e+00 8.29126e-03 | 1.25331e-02 1.07867e-01 1.39115e-01 |
    216 | 1.79092e+00 8.29126e-03 | 1.25331e-02 1.07867e-01 1.39115e-01 |
    217 | 1.79921e+00 8.29125e-03 | 1.25331e-02 1.07867e-01 1.39115e-01 |
    218 | 1.80750e+00 8.29125e-03 | 1.25331e-02 1.07867e-01 1.39115e-01 |
    219 | 1.81580e+00 8.29125e-03 | 1.25331e-02 1.07867e-01 1.39115e-01 |
    220 | 1.82409e+00 8.29125e-03 | 1.25331e-02 1.07867e-01 1.39115e-01 |
    221 | 1.83238e+00 8.29125e-03 | 1.25331e-02 1.07867e-01 1.39115e-01 |
    222 | 1.84067e+00 8.29124e-03 | 1.25331e-02 1.07867e-01 1.39115e-01 |
    223 | 1.84896e+00 8.29124e-03 | 1.25331e-02 1.07867e-01 1.39115e-01 |
    224 | 1.85725e+00 8.29124e-03 | 1.25331e-02 1.07867e-01 1.39115e-01 |
    225 | 1.86554e+00 8.29124e-03 | 1.25331e-02 1.07867e-01 1.39115e-01 |
    226 | 1.87383e+00 8.29124e-03 | 1.25331e-02 1.07867e-01 1.39115e-01 |
    227 | 1.88213e+00 8.29124e-03 | 1.25331e-02 1.07867e-01 1.39115e-01 |
    228 | 1.89042e+00 8.29125e-03 | 1.25331e-02 1.07867e-01 1.39115e-01 |
    229 | 1.89871e+00 8.29125e-03 | 1.25331e-02 1.07867e-01 1.39115e-01 |
    230 | 1.90700e+00 8.29125e-03 | 1.25331e-02 1.07867e-01 1.39115e-01 |
    231 | 1.91529e+00 8.29125e-03 | 1.25331e-02 1.07867e-01 1.39115e-01 |
    232 | 1.92358e+00 8.29126e-03 | 1.25331e-02 1.07867e-01 1.39115e-01 |
    233 | 1.93187e+00 8.29126e-03 | 1.25331e-02 1.07867e-01 1.39115e-01 |
    234 | 1.94016e+00 8.29126e-03 | 1.25331e-02 1.07867e-01 1.39115e-01 |
    235 | 1.94846e+00 8.29127e-03 | 1.25331e-02 1.07867e-01 1.39115e-01 |
    236 | 1.95675e+00 8.29127e-03 | 1.25331e-02 1.07867e-01 1.39115e-01 |
    237 | 1.96504e+00 8.29128e-03 | 1.25331e-02 1.07867e-01 1.39115e-01 |
    238 | 1.97333e+00 8.29128e-03 | 1.25331e-02 1.07867e-01 1.39115e-01 |
    239 | 1.98162e+00 8.29129e-03 | 1.25331e-02 1.07867e-01 1.39115e-01 |
    240 | 1.98991e+00 8.29130e-03 | 1.25331e-02 1.07867e-01 1.39115e-01 |
    241 | 1.99820e+00 8.29130e-03 | 1.25331e-02 1.07867e-01 1.39115e-01 |
    242 | 2.00649e+00 8.29131e-03 | 1.25331e-02 1.07867e-01 1.39115e-01 |
    243 | 2.01479e+00 8.29132e-03 | 1.25331e-02 1.07867e-01 1.39115e-01 |
    244 | 2.02308e+00 8.29133e-03 | 1.25331e-02 1.07867e-01 1.39115e-01 |
    245 | 2.03137e+00 8.29134e-03 | 1.25331e-02 1.07867e-01 1.39115e-01 |
    246 | 2.03966e+00 8.29135e-03 | 1.25331e-02 1.07867e-01 1.39115e-01 |
    247 | 2.04795e+00 8.29136e-03 | 1.25331e-02 1.07867e-01 1.39115e-01 |
    248 | 2.05624e+00 8.29137e-03 | 1.25331e-02 1.07867e-01 1.39115e-01 |
    249 | 2.06453e+00 8.29138e-03 | 1.25331e-02 1.07867e-01 1.39115e-01 |
    250 | 2.07283e+00 8.29139e-03 | 1.25331e-02 1.07867e-01 1.39115e-01 |
    251 | 2.08112e+00 8.29140e-03 | 1.25331e-02 1.07867e-01 1.39115e-01 |
    252 | 2.08941e+00 8.29141e-03 | 1.25331e-02 1.07867e-01 1.39115e-01 |
    253 | 2.09770e+00 8.29142e-03 | 1.25331e-02 1.07867e-01 1.39115e-01 |
    254 | 2.10599e+00 8.29142e-03 | 1.25331e-02 1.07867e-01 1.39115e-01 |
    255 | 2.11428e+00 8.29141e-03 | 1.25331e-02 1.07867e-01 1.39115e-01 |
    256 | 2.12257e+00 8.29141e-03 | 1.25331e-02 1.07867e-01 1.39115e-01 |
    257 | 2.13087e+00 8.29140e-03 | 1.25331e-02 1.07867e-01 1.39115e-01 |
    258 | 2.13916e+00 8.29140e-03 | 1.25331e-02 1.07867e-01 1.39115e-01 |
    259 | 2.14745e+00 8.29140e-03 | 1.25331e-02 1.07867e-01 1.39115e-01 |
    260 | 2.15574e+00 8.29139e-03 | 1.25331e-02 1.07867e-01 1.39115e-01 |
    261 | 2.16403e+00 8.29139e-03 | 1.25331e-02 1.07867e-01 1.39115e-01 |
    262 | 2.17232e+00 8.29139e-03 | 1.25331e-02 1.07867e-01 1.39115e-01 |
    263 | 2.18061e+00 8.29139e-03 | 1.25331e-02 1.07867e-01 1.39115e-01 |
    264 | 2.18890e+00 8.29138e-03 | 1.25331e-02 1.07867e-01 1.39115e-01 |
    265 | 2.19720e+00 8.29138e-03 | 1.25331e-02 1.07867e-01 1.39115e-01 |
    266 | 2.20549e+00 8.29138e-03 | 1.25331e-02 1.07867e-01 1.39115e-01 |
    267 | 2.21378e+00 8.29138e-03 | 1.25331e-02 1.07867e-01 1.39115e-01 |
    268 | 2.22207e+00 8.29138e-03 | 1.25331e-02 1.07867e-01 1.39115e-01 |
    269 | 2.23036e+00 8.29138e-03 | 1.25331e-02 1.07867e-01 1.39115e-01 |
    270 | 2.23865e+00 8.29138e-03 | 1.25331e-02 1.07867e-01 1.39115e-01 |
    271 | 2.24694e+00 8.29138e-03 | 1.25331e-02 1.07867e-01 1.39115e-01 |
    272 | 2.25524e+00 8.29137e-03 | 1.25331e-02 1.07867e-01 1.39115e-01 |
    273 | 2.26353e+00 8.29137e-03 | 1.25331e-02 1.07867e-01 1.39115e-01 |
    274 | 2.27182e+00 8.29136e-03 | 1.25331e-02 1.07867e-01 1.39115e-01 |
    275 | 2.28011e+00 8.29136e-03 | 1.25331e-02 1.07867e-01 1.39115e-01 |
    276 | 2.28840e+00 8.29135e-03 | 1.25331e-02 1.07867e-01 1.39115e-01 |
    277 | 2.29669e+00 8.29135e-03 | 1.25331e-02 1.07867e-01 1.39115e-01 |
    278 | 2.30498e+00 8.29134e-03 | 1.25331e-02 1.07867e-01 1.39115e-01 |
    279 | 2.31328e+00 8.29134e-03 | 1.25331e-02 1.07867e-01 1.39115e-01 |
    280 | 2.32157e+00 8.29134e-03 | 1.25331e-02 1.07867e-01 1.39115e-01 |
    281 | 2.32986e+00 8.29134e-03 | 1.25331e-02 1.07867e-01 1.39115e-01 |
    282 | 2.33815e+00 8.29134e-03 | 1.25331e-02 1.07867e-01 1.39115e-01 |
    283 | 2.34644e+00 8.29133e-03 | 1.25331e-02 1.07867e-01 1.39115e-01 |
    284 | 2.35473e+00 8.29133e-03 | 1.25331e-02 1.07867e-01 1.39115e-01 |
    285 | 2.36302e+00 8.29133e-03 | 1.25331e-02 1.07867e-01 1.39115e-01 |
    286 | 2.37131e+00 8.29133e-03 | 1.25331e-02 1.07867e-01 1.39115e-01 |
    287 | 2.37961e+00 8.29133e-03 | 1.25331e-02 1.07867e-01 1.39115e-01 |
    288 | 2.38790e+00 8.29133e-03 | 1.25331e-02 1.07867e-01 1.39115e-01 |
    289 | 2.39619e+00 8.29134e-03 | 1.25331e-02 1.07867e-01 1.39115e-01 |
    290 | 2.40448e+00 8.29134e-03 | 1.25331e-02 1.07867e-01 1.39115e-01 |
    291 | 2.41277e+00 8.29134e-03 | 1.25331e-02 1.07867e-01 1.39115e-01 |
    292 | 2.42106e+00 8.29134e-03 | 1.25331e-02 1.07867e-01 1.39115e-01 |
    293 | 2.42935e+00 8.29135e-03 | 1.25331e-02 1.07867e-01 1.39115e-01 |
    294 | 2.43765e+00 8.29135e-03 | 1.25331e-02 1.07867e-01 1.39115e-01 |
    295 | 2.44594e+00 8.29135e-03 | 1.25331e-02 1.07867e-01 1.39115e-01 |
    296 | 2.45423e+00 8.29136e-03 | 1.25331e-02 1.07867e-01 1.39115e-01 |
    297 | 2.46252e+00 8.29136e-03 | 1.25331e-02 1.07867e-01 1.39115e-01 |
    298 | 2.47081e+00 8.29137e-03 | 1.25331e-02 1.07867e-01 1.39115e-01 |
    299 | 2.47910e+00 8.29137e-03 | 1.25331e-02 1.07867e-01 1.39115e-01 |
    300 | 2.48739e+00 8.29138e-03 | 1.25331e-02 1.07867e-01 1.39115e-01 |
    301 | 2.49569e+00 8.29139e-03 | 1.25331e-02 1.07867e-01 1.39115e-01 |
    302 | 2.50398e+00 8.29139e-03 | 1.25331e-02 1.07867e-01 1.39115e-01 |
    303 | 2.51227e+00 8.29139e-03 | 1.25331e-02 1.07867e-01 1.39115e-01 |
    304 | 2.52056e+00 8.29138e-03 | 1.25331e-02 1.07867e-01 1.39115e-01 |
    305 | 2.52885e+00 8.29137e-03 | 1.25331e-02 1.07867e-01 1.39115e-01 |
    306 | 2.53714e+00 8.29136e-03 | 1.25331e-02 1.07867e-01 1.39115e-01 |
    307 | 2.54543e+00 8.29136e-03 | 1.25331e-02 1.07867e-01 1.39115e-01 |
    308 | 2.55372e+00 8.29135e-03 | 1.25331e-02 1.07867e-01 1.39115e-01 |
    309 | 2.56202e+00 8.29134e-03 | 1.25331e-02 1.07867e-01 1.39115e-01 |
    310 | 2.57031e+00 8.29133e-03 | 1.25331e-02 1.07867e-01 1.39115e-01 |
    311 | 2.57860e+00 8.29132e-03 | 1.25331e-02 1.07867e-01 1.39115e-01 |
    312 | 2.58689e+00 8.29132e-03 | 1.25331e-02 1.07867e-01 1.39115e-01 |
    313 | 2.59518e+00 8.29131e-03 | 1.25331e-02 1.07867e-01 1.39115e-01 |
    314 | 2.60347e+00 8.29130e-03 | 1.25331e-02 1.07867e-01 1.39115e-01 |
    315 | 2.61176e+00 8.29130e-03 | 1.25331e-02 1.07867e-01 1.39115e-01 |
    316 | 2.62006e+00 8.29129e-03 | 1.25331e-02 1.07867e-01 1.39115e-01 |
    317 | 2.62835e+00 8.29129e-03 | 1.25331e-02 1.07867e-01 1.39115e-01 |
    318 | 2.63664e+00 8.29128e-03 | 1.25331e-02 1.07867e-01 1.39115e-01 |
    319 | 2.64493e+00 8.29128e-03 | 1.25331e-02 1.07867e-01 1.39115e-01 |
    320 | 2.65322e+00 8.29127e-03 | 1.25331e-02 1.07867e-01 1.39115e-01 |
    321 | 2.66151e+00 8.29127e-03 | 1.25331e-02 1.07867e-01 1.39115e-01 |
    322 | 2.66980e+00 8.29127e-03 | 1.25331e-02 1.07867e-01 1.39115e-01 |
    323 | 2.67809e+00 8.29127e-03 | 1.25331e-02 1.07867e-01 1.39115e-01 |
    324 | 2.68639e+00 8.29126e-03 | 1.25331e-02 1.07867e-01 1.39115e-01 |
    325 | 2.69468e+00 8.29126e-03 | 1.25331e-02 1.07867e-01 1.39115e-01 |
    326 | 2.70297e+00 8.29126e-03 | 1.25331e-02 1.07867e-01 1.39115e-01 |
    327 | 2.71126e+00 8.29126e-03 | 1.25331e-02 1.07867e-01 1.39115e-01 |
    328 | 2.71955e+00 8.29126e-03 | 1.25331e-02 1.07867e-01 1.39115e-01 |
    329 | 2.72784e+00 8.29126e-03 | 1.25331e-02 1.07867e-01 1.39115e-01 |
    330 | 2.73613e+00 8.29126e-03 | 1.25331e-02 1.07867e-01 1.39115e-01 |
    331 | 2.74442e+00 8.29126e-03 | 1.25331e-02 1.07867e-01 1.39115e-01 |
    332 | 2.75272e+00 8.29127e-03 | 1.25331e-02 1.07867e-01 1.39115e-01 |
    333 | 2.76101e+00 8.29127e-03 | 1.25331e-02 1.07867e-01 1.39115e-01 |
    334 | 2.76930e+00 8.29127e-03 | 1.25331e-02 1.07867e-01 1.39115e-01 |
    335 | 2.77759e+00 8.29127e-03 | 1.25331e-02 1.07867e-01 1.39115e-01 |
    336 | 2.78588e+00 8.29128e-03 | 1.25331e-02 1.07867e-01 1.39115e-01 |
    337 | 2.79417e+00 8.29128e-03 | 1.25331e-02 1.07867e-01 1.39115e-01 |
    338 | 2.80246e+00 8.29129e-03 | 1.25331e-02 1.07867e-01 1.39115e-01 |
    339 | 2.81075e+00 8.29129e-03 | 1.25331e-02 1.07867e-01 1.39115e-01 |
    340 | 2.81905e+00 8.29130e-03 | 1.25331e-02 1.07867e-01 1.39115e-01 |
    341 | 2.82734e+00 8.29130e-03 | 1.25331e-02 1.07867e-01 1.39115e-01 |
    342 | 2.83563e+00 8.29131e-03 | 1.25331e-02 1.07867e-01 1.39115e-01 |
    343 | 2.84392e+00 8.29131e-03 | 1.25331e-02 1.07867e-01 1.39115e-01 |
    344 | 2.85221e+00 8.29132e-03 | 1.25331e-02 1.07867e-01 1.39115e-01 |
    345 | 2.86050e+00 8.29133e-03 | 1.25331e-02 1.07867e-01 1.39115e-01 |
    346 | 2.86879e+00 8.29134e-03 | 1.25331e-02 1.07867e-01 1.39115e-01 |
    347 | 2.87709e+00 8.29134e-03 | 1.25331e-02 1.07867e-01 1.39115e-01 |
    348 | 2.88538e+00 8.29135e-03 | 1.25331e-02 1.07867e-01 1.39115e-01 |
    349 | 2.89367e+00 8.29136e-03 | 1.25331e-02 1.07867e-01 1.39115e-01 |
    350 | 2.90196e+00 8.29137e-03 | 1.25331e-02 1.07867e-01 1.39115e-01 |
    351 | 2.91025e+00 8.29138e-03 | 1.25331e-02 1.07867e-01 1.39115e-01 |
    352 | 2.91854e+00 8.29139e-03 | 1.25331e-02 1.07867e-01 1.39115e-01 |
    353 | 2.92683e+00 8.29140e-03 | 1.25331e-02 1.07867e-01 1.39115e-01 |
    354 | 2.93512e+00 8.29140e-03 | 1.25331e-02 1.07867e-01 1.39115e-01 |
    355 | 2.94342e+00 8.29141e-03 | 1.25331e-02 1.07867e-01 1.39115e-01 |
    356 | 2.95171e+00 8.29141e-03 | 1.25331e-02 1.07867e-01 1.39115e-01 |
    357 | 2.96000e+00 8.29142e-03 | 1.25331e-02 1.07867e-01 1.39115e-01 |
    358 | 2.96829e+00 8.29141e-03 | 1.25331e-02 1.07867e-01 1.39115e-01 |
    359 | 2.97658e+00 8.29140e-03 | 1.25331e-02 1.07867e-01 1.39115e-01 |
    360 | 2.98487e+00 8.29139e-03 | 1.25331e-02 1.07867e-01 1.39115e-01 |
    361 | 2.99316e+00 8.29138e-03 | 1.25331e-02 1.07867e-01 1.39115e-01 |
    362 | 3.00146e+00 8.29137e-03 | 1.25331e-02 1.07867e-01 1.39115e-01 |
    363 | 3.00975e+00 8.29136e-03 | 1.25331e-02 1.07867e-01 1.39115e-01 |
    364 | 3.01804e+00 8.29135e-03 | 1.25331e-02 1.07867e-01 1.39115e-01 |
    365 | 3.02633e+00 8.29135e-03 | 1.25331e-02 1.07867e-01 1.39115e-01 |
    366 | 3.03462e+00 8.29134e-03 | 1.25331e-02 1.07867e-01 1.39115e-01 |
    367 | 3.04291e+00 8.29133e-03 | 1.25331e-02 1.07867e-01 1.39115e-01 |
    368 | 3.05120e+00 8.29133e-03 | 1.25331e-02 1.07867e-01 1.39115e-01 |
    369 | 3.05950e+00 8.29132e-03 | 1.25331e-02 1.07867e-01 1.39115e-01 |
    370 | 3.06779e+00 8.29132e-03 | 1.25331e-02 1.07867e-01 1.39115e-01 |
    371 | 3.07608e+00 8.29131e-03 | 1.25331e-02 1.07867e-01 1.39115e-01 |
    372 | 3.08437e+00 8.29131e-03 | 1.25331e-02 1.07867e-01 1.39115e-01 |
    373 | 3.09266e+00 8.29130e-03 | 1.25331e-02 1.07867e-01 1.39115e-01 |
    374 | 3.10095e+00 8.29130e-03 | 1.25331e-02 1.07867e-01 1.39115e-01 |
    375 | 3.10924e+00 8.29130e-03 | 1.25331e-02 1.07867e-01 1.39115e-01 |
    376 | 3.11753e+00 8.29130e-03 | 1.25331e-02 1.07867e-01 1.39115e-01 |
    377 | 3.12583e+00 8.29129e-03 | 1.25331e-02 1.07867e-01 1.39115e-01 |
    378 | 3.13412e+00 8.29129e-03 | 1.25331e-02 1.07867e-01 1.39115e-01 |
    379 | 3.14241e+00 8.29129e-03 | 1.25331e-02 1.07867e-01 1.39115e-01 |
    380 | 3.15070e+00 8.29129e-03 | 1.25331e-02 1.07867e-01 1.39115e-01 |
    381 | 3.15899e+00 8.29129e-03 | 1.25331e-02 1.07867e-01 1.39115e-01 |
    382 | 3.16728e+00 8.29129e-03 | 1.25331e-02 1.07867e-01 1.39115e-01 |
    383 | 3.17557e+00 8.29129e-03 | 1.25331e-02 1.07867e-01 1.39115e-01 |
    384 | 3.18386e+00 8.29129e-03 | 1.25331e-02 1.07867e-01 1.39115e-01 |
    385 | 3.19216e+00 8.29129e-03 | 1.25331e-02 1.07867e-01 1.39115e-01 |
    386 | 3.20045e+00 8.29130e-03 | 1.25331e-02 1.07867e-01 1.39115e-01 |
    387 | 3.20874e+00 8.29130e-03 | 1.25331e-02 1.07867e-01 1.39115e-01 |
    388 | 3.21703e+00 8.29130e-03 | 1.25331e-02 1.07867e-01 1.39115e-01 |
    389 | 3.22532e+00 8.29130e-03 | 1.25331e-02 1.07867e-01 1.39115e-01 |
    390 | 3.23361e+00 8.29131e-03 | 1.25331e-02 1.07867e-01 1.39115e-01 |
    391 | 3.24190e+00 8.29131e-03 | 1.25331e-02 1.07867e-01 1.39115e-01 |
    392 | 3.25020e+00 8.29132e-03 | 1.25331e-02 1.07867e-01 1.39115e-01 |
    393 | 3.25849e+00 8.29132e-03 | 1.25331e-02 1.07867e-01 1.39115e-01 |
    394 | 3.26678e+00 8.29132e-03 | 1.25331e-02 1.07867e-01 1.39115e-01 |
    395 | 3.27507e+00 8.29132e-03 | 1.25331e-02 1.07867e-01 1.39115e-01 |
    396 | 3.28336e+00 8.29132e-03 | 1.25331e-02 1.07867e-01 1.39115e-01 |
    397 | 3.29165e+00 8.29132e-03 | 1.25331e-02 1.07867e-01 1.39115e-01 |
    398 | 3.29994e+00 8.29133e-03 | 1.25331e-02 1.07867e-01 1.39115e-01 |
    399 | 3.30823e+00 8.29133e-03 | 1.25331e-02 1.07867e-01 1.39115e-01 |
    400 | 3.31653e+00 8.29133e-03 | 1.25331e-02 1.07867e-01 1.39115e-01 |
    401 | 3.32482e+00 8.29133e-03 | 1.25331e-02 1.07867e-01 1.39115e-01 |
    402 | 3.33311e+00 8.29133e-03 | 1.25331e-02 1.07867e-01 1.39115e-01 |
    403 | 3.34140e+00 8.29134e-03 | 1.25331e-02 1.07867e-01 1.39115e-01 |
    404 | 3.34969e+00 8.29134e-03 | 1.25331e-02 1.07867e-01 1.39115e-01 |
    405 | 3.35798e+00 8.29134e-03 | 1.25331e-02 1.07867e-01 1.39115e-01 |
    406 | 3.36627e+00 8.29135e-03 | 1.25331e-02 1.07867e-01 1.39115e-01 |
    407 | 3.37457e+00 8.29135e-03 | 1.25331e-02 1.07867e-01 1.39115e-01 |
    408 | 3.38286e+00 8.29136e-03 | 1.25331e-02 1.07867e-01 1.39115e-01 |
    409 | 3.39115e+00 8.29137e-03 | 1.25331e-02 1.07867e-01 1.39115e-01 |
    410 | 3.39944e+00 8.29137e-03 | 1.25331e-02 1.07867e-01 1.39115e-01 |
    411 | 3.40773e+00 8.29138e-03 | 1.25331e-02 1.07867e-01 1.39115e-01 |
    412 | 3.41602e+00 8.29139e-03 | 1.25331e-02 1.07867e-01 1.39115e-01 |
    413 | 3.42431e+00 8.29139e-03 | 1.25331e-02 1.07867e-01 1.39115e-01 |
    414 | 3.43260e+00 8.29139e-03 | 1.25331e-02 1.07867e-01 1.39115e-01 |
    415 | 3.44090e+00 8.29138e-03 | 1.25331e-02 1.07867e-01 1.39115e-01 |
    416 | 3.44919e+00 8.29137e-03 | 1.25331e-02 1.07867e-01 1.39115e-01 |
    417 | 3.45748e+00 8.29136e-03 | 1.25331e-02 1.07867e-01 1.39115e-01 |
    418 | 3.46577e+00 8.29135e-03 | 1.25331e-02 1.07867e-01 1.39115e-01 |
    419 | 3.47406e+00 8.29134e-03 | 1.25331e-02 1.07867e-01 1.39115e-01 |
    420 | 3.48235e+00 8.29134e-03 | 1.25331e-02 1.07867e-01 1.39115e-01 |
    421 | 3.49064e+00 8.29133e-03 | 1.25331e-02 1.07867e-01 1.39115e-01 |
    422 | 3.49894e+00 8.29132e-03 | 1.25331e-02 1.07867e-01 1.39115e-01 |
    423 | 3.50723e+00 8.29131e-03 | 1.25331e-02 1.07867e-01 1.39115e-01 |
    424 | 3.51552e+00 8.29131e-03 | 1.25331e-02 1.07867e-01 1.39115e-01 |
    425 | 3.52381e+00 8.29130e-03 | 1.25331e-02 1.07867e-01 1.39115e-01 |
    426 | 3.53210e+00 8.29130e-03 | 1.25331e-02 1.07867e-01 1.39115e-01 |
    427 | 3.54039e+00 8.29129e-03 | 1.25331e-02 1.07867e-01 1.39115e-01 |
    428 | 3.54868e+00 8.29129e-03 | 1.25331e-02 1.07867e-01 1.39115e-01 |
    429 | 3.55697e+00 8.29128e-03 | 1.25331e-02 1.07867e-01 1.39115e-01 |
    430 | 3.56527e+00 8.29128e-03 | 1.25331e-02 1.07867e-01 1.39115e-01 |
    431 | 3.57356e+00 8.29128e-03 | 1.25331e-02 1.07867e-01 1.39115e-01 |
    432 | 3.58185e+00 8.29127e-03 | 1.25331e-02 1.07867e-01 1.39115e-01 |
    433 | 3.59014e+00 8.29127e-03 | 1.25331e-02 1.07867e-01 1.39115e-01 |
    434 | 3.59843e+00 8.29127e-03 | 1.25331e-02 1.07867e-01 1.39115e-01 |
    435 | 3.60672e+00 8.29127e-03 | 1.25331e-02 1.07867e-01 1.39115e-01 |
    436 | 3.61501e+00 8.29127e-03 | 1.25331e-02 1.07867e-01 1.39115e-01 |
    437 | 3.62330e+00 8.29127e-03 | 1.25331e-02 1.07867e-01 1.39115e-01 |
    438 | 3.63160e+00 8.29127e-03 | 1.25331e-02 1.07867e-01 1.39115e-01 |
    439 | 3.63989e+00 8.29127e-03 | 1.25331e-02 1.07867e-01 1.39115e-01 |
    440 | 3.64818e+00 8.29127e-03 | 1.25331e-02 1.07867e-01 1.39115e-01 |
    441 | 3.65647e+00 8.29127e-03 | 1.25331e-02 1.07867e-01 1.39115e-01 |
    442 | 3.66476e+00 8.29127e-03 | 1.25331e-02 1.07867e-01 1.39115e-01 |
    443 | 3.67305e+00 8.29127e-03 | 1.25331e-02 1.07867e-01 1.39115e-01 |
    444 | 3.68134e+00 8.29128e-03 | 1.25331e-02 1.07867e-01 1.39115e-01 |
    445 | 3.68963e+00 8.29128e-03 | 1.25331e-02 1.07867e-01 1.39115e-01 |
    446 | 3.69793e+00 8.29128e-03 | 1.25331e-02 1.07867e-01 1.39115e-01 |
    447 | 3.70622e+00 8.29129e-03 | 1.25331e-02 1.07867e-01 1.39115e-01 |
    448 | 3.71451e+00 8.29129e-03 | 1.25331e-02 1.07867e-01 1.39115e-01 |
    449 | 3.72280e+00 8.29130e-03 | 1.25331e-02 1.07867e-01 1.39115e-01 |
    450 | 3.73109e+00 8.29130e-03 | 1.25331e-02 1.07867e-01 1.39115e-01 |
    451 | 3.73938e+00 8.29131e-03 | 1.25331e-02 1.07867e-01 1.39115e-01 |
    452 | 3.74767e+00 8.29131e-03 | 1.25331e-02 1.07867e-01 1.39115e-01 |
    453 | 3.75597e+00 8.29132e-03 | 1.25331e-02 1.07867e-01 1.39115e-01 |
    454 | 3.76426e+00 8.29133e-03 | 1.25331e-02 1.07867e-01 1.39115e-01 |
    455 | 3.77255e+00 8.29133e-03 | 1.25331e-02 1.07867e-01 1.39115e-01 |
    456 | 3.78084e+00 8.29134e-03 | 1.25331e-02 1.07867e-01 1.39115e-01 |
    457 | 3.78913e+00 8.29135e-03 | 1.25331e-02 1.07867e-01 1.39115e-01 |
    458 | 3.79742e+00 8.29136e-03 | 1.25331e-02 1.07867e-01 1.39115e-01 |
    459 | 3.80571e+00 8.29137e-03 | 1.25331e-02 1.07867e-01 1.39115e-01 |
    460 | 3.81400e+00 8.29138e-03 | 1.25331e-02 1.07867e-01 1.39115e-01 |
    461 | 3.82230e+00 8.29139e-03 | 1.25331e-02 1.07867e-01 1.39115e-01 |
    462 | 3.83059e+00 8.29140e-03 | 1.25331e-02 1.07867e-01 1.39115e-01 |
    463 | 3.83888e+00 8.29141e-03 | 1.25331e-02 1.07867e-01 1.39115e-01 |
    464 | 3.84717e+00 8.29142e-03 | 1.25331e-02 1.07867e-01 1.39115e-01 |
    465 | 3.85546e+00 8.29143e-03 | 1.25331e-02 1.07867e-01 1.39115e-01 |
    466 | 3.86375e+00 8.29143e-03 | 1.25331e-02 1.07867e-01 1.39115e-01 |
    467 | 3.87204e+00 8.29142e-03 | 1.25331e-02 1.07867e-01 1.39115e-01 |
    468 | 3.88034e+00 8.29141e-03 | 1.25331e-02 1.07867e-01 1.39115e-01 |
    469 | 3.88863e+00 8.29140e-03 | 1.25331e-02 1.07867e-01 1.39115e-01 |
    470 | 3.89692e+00 8.29139e-03 | 1.25331e-02 1.07867e-01 1.39115e-01 |
    471 | 3.90521e+00 8.29138e-03 | 1.25331e-02 1.07867e-01 1.39115e-01 |
    472 | 3.91350e+00 8.29138e-03 | 1.25331e-02 1.07867e-01 1.39115e-01 |
    473 | 3.92179e+00 8.29137e-03 | 1.25331e-02 1.07867e-01 1.39115e-01 |
    474 | 3.93008e+00 8.29136e-03 | 1.25331e-02 1.07867e-01 1.39115e-01 |
    475 | 3.93838e+00 8.29135e-03 | 1.25331e-02 1.07867e-01 1.39115e-01 |
    476 | 3.94667e+00 8.29135e-03 | 1.25331e-02 1.07867e-01 1.39115e-01 |
    477 | 3.95496e+00 8.29134e-03 | 1.25331e-02 1.07867e-01 1.39115e-01 |
    478 | 3.96325e+00 8.29133e-03 | 1.25331e-02 1.07867e-01 1.39115e-01 |
    479 | 3.97154e+00 8.29132e-03 | 1.25331e-02 1.07867e-01 1.39115e-01 |
    480 | 3.97983e+00 8.29131e-03 | 1.25331e-02 1.07867e-01 1.39115e-01 |
    481 | 3.98812e+00 8.29130e-03 | 1.25331e-02 1.07867e-01 1.39115e-01 |
    482 | 3.99642e+00 8.29129e-03 | 1.25331e-02 1.07867e-01 1.39115e-01 |
    483 | 4.00471e+00 8.29129e-03 | 1.25331e-02 1.07867e-01 1.39115e-01 |
    484 | 4.01300e+00 8.29128e-03 | 1.25331e-02 1.07867e-01 1.39115e-01 |
    485 | 4.02129e+00 8.29127e-03 | 1.25331e-02 1.07867e-01 1.39115e-01 |
    486 | 4.02958e+00 8.29127e-03 | 1.25331e-02 1.07867e-01 1.39115e-01 |
    487 | 4.03787e+00 8.29126e-03 | 1.25331e-02 1.07867e-01 1.39115e-01 |
    488 | 4.04616e+00 8.29126e-03 | 1.25331e-02 1.07867e-01 1.39115e-01 |
    489 | 4.05445e+00 8.29125e-03 | 1.25331e-02 1.07867e-01 1.39115e-01 |
    490 | 4.06275e+00 8.29125e-03 | 1.25331e-02 1.07867e-01 1.39115e-01 |
    491 | 4.07104e+00 8.29125e-03 | 1.25331e-02 1.07867e-01 1.39115e-01 |
    492 | 4.07933e+00 8.29124e-03 | 1.25331e-02 1.07867e-01 1.39115e-01 |
    493 | 4.08762e+00 8.29124e-03 | 1.25331e-02 1.07867e-01 1.39115e-01 |
    494 | 4.09591e+00 8.29124e-03 | 1.25331e-02 1.07867e-01 1.39115e-01 |
    495 | 4.10420e+00 8.29124e-03 | 1.25331e-02 1.07867e-01 1.39115e-01 |
    496 | 4.11249e+00 8.29124e-03 | 1.25331e-02 1.07867e-01 1.39115e-01 |
    497 | 4.12078e+00 8.29124e-03 | 1.25331e-02 1.07867e-01 1.39115e-01 |
    498 | 4.12908e+00 8.29123e-03 | 1.25331e-02 1.07867e-01 1.39115e-01 |
    499 | 4.13737e+00 8.29123e-03 | 1.25331e-02 1.07867e-01 1.39115e-01 |
    500 | 4.14566e+00 8.29124e-03 | 1.25331e-02 1.07867e-01 1.39115e-01 |
    501 | 4.15395e+00 8.29124e-03 | 1.25331e-02 1.07867e-01 1.39115e-01 |
    502 | 4.16224e+00 8.29124e-03 | 1.25331e-02 1.07867e-01 1.39115e-01 |
    503 | 4.17053e+00 8.29124e-03 | 1.25331e-02 1.07867e-01 1.39115e-01 |
    504 | 4.17882e+00 8.29124e-03 | 1.25331e-02 1.07867e-01 1.39115e-01 |
    505 | 4.18711e+00 8.29124e-03 | 1.25331e-02 1.07867e-01 1.39115e-01 |
    506 | 4.19540e+00 8.29125e-03 | 1.25331e-02 1.07867e-01 1.39115e-01 |
    507 | 4.20370e+00 8.29125e-03 | 1.25331e-02 1.07867e-01 1.39115e-01 |
    508 | 4.21199e+00 8.29125e-03 | 1.25331e-02 1.07867e-01 1.39115e-01 |
    509 | 4.22028e+00 8.29126e-03 | 1.25331e-02 1.07867e-01 1.39115e-01 |
    510 | 4.22857e+00 8.29126e-03 | 1.25331e-02 1.07867e-01 1.39115e-01 |
    511 | 4.23686e+00 8.29127e-03 | 1.25331e-02 1.07867e-01 1.39115e-01 |
    512 | 4.24515e+00 8.29127e-03 | 1.25331e-02 1.07867e-01 1.39115e-01 |
    513 | 4.25344e+00 8.29128e-03 | 1.25331e-02 1.07867e-01 1.39115e-01 |
    514 | 4.26174e+00 8.29129e-03 | 1.25331e-02 1.07867e-01 1.39115e-01 |
    515 | 4.27003e+00 8.29129e-03 | 1.25331e-02 1.07867e-01 1.39115e-01 |
    516 | 4.27832e+00 8.29130e-03 | 1.25331e-02 1.07867e-01 1.39115e-01 |
    517 | 4.28661e+00 8.29131e-03 | 1.25331e-02 1.07867e-01 1.39115e-01 |
    518 | 4.29490e+00 8.29132e-03 | 1.25331e-02 1.07867e-01 1.39115e-01 |
    519 | 4.30319e+00 8.29133e-03 | 1.25331e-02 1.07867e-01 1.39115e-01 |
    520 | 4.31148e+00 8.29134e-03 | 1.25331e-02 1.07867e-01 1.39115e-01 |
    521 | 4.31977e+00 8.29135e-03 | 1.25331e-02 1.07867e-01 1.39115e-01 |
    522 | 4.32807e+00 8.29136e-03 | 1.25331e-02 1.07867e-01 1.39115e-01 |
    523 | 4.33636e+00 8.29137e-03 | 1.25331e-02 1.07867e-01 1.39115e-01 |
    524 | 4.34465e+00 8.29138e-03 | 1.25331e-02 1.07867e-01 1.39115e-01 |
    525 | 4.35294e+00 8.29139e-03 | 1.25331e-02 1.07867e-01 1.39115e-01 |
    526 | 4.36123e+00 8.29138e-03 | 1.25331e-02 1.07867e-01 1.39115e-01 |
    527 | 4.36952e+00 8.29137e-03 | 1.25331e-02 1.07867e-01 1.39115e-01 |
    528 | 4.37781e+00 8.29136e-03 | 1.25331e-02 1.07867e-01 1.39115e-01 |
    529 | 4.38611e+00 8.29135e-03 | 1.25331e-02 1.07867e-01 1.39115e-01 |
    530 | 4.39440e+00 8.29134e-03 | 1.25331e-02 1.07867e-01 1.39115e-01 |
    531 | 4.40269e+00 8.29133e-03 | 1.25331e-02 1.07867e-01 1.39115e-01 |
    532 | 4.41098e+00 8.29132e-03 | 1.25331e-02 1.07867e-01 1.39115e-01 |
    533 | 4.41927e+00 8.29131e-03 | 1.25331e-02 1.07867e-01 1.39115e-01 |
    534 | 4.42756e+00 8.29130e-03 | 1.25331e-02 1.07867e-01 1.39115e-01 |
    535 | 4.43585e+00 8.29130e-03 | 1.25331e-02 1.07867e-01 1.39115e-01 |
    536 | 4.44414e+00 8.29129e-03 | 1.25331e-02 1.07867e-01 1.39115e-01 |
    537 | 4.45244e+00 8.29128e-03 | 1.25331e-02 1.07867e-01 1.39115e-01 |
    538 | 4.46073e+00 8.29128e-03 | 1.25331e-02 1.07867e-01 1.39115e-01 |
    539 | 4.46902e+00 8.29127e-03 | 1.25331e-02 1.07867e-01 1.39115e-01 |
    540 | 4.47731e+00 8.29127e-03 | 1.25331e-02 1.07867e-01 1.39115e-01 |
    541 | 4.48560e+00 8.29126e-03 | 1.25331e-02 1.07867e-01 1.39115e-01 |
    542 | 4.49389e+00 8.29126e-03 | 1.25331e-02 1.07867e-01 1.39115e-01 |
    543 | 4.50218e+00 8.29125e-03 | 1.25331e-02 1.07867e-01 1.39115e-01 |
    544 | 4.51047e+00 8.29125e-03 | 1.25331e-02 1.07867e-01 1.39115e-01 |
    545 | 4.51877e+00 8.29125e-03 | 1.25331e-02 1.07867e-01 1.39115e-01 |
    546 | 4.52706e+00 8.29124e-03 | 1.25331e-02 1.07867e-01 1.39115e-01 |
    547 | 4.53535e+00 8.29124e-03 | 1.25331e-02 1.07867e-01 1.39115e-01 |
    548 | 4.54364e+00 8.29124e-03 | 1.25331e-02 1.07867e-01 1.39115e-01 |
    549 | 4.55193e+00 8.29124e-03 | 1.25331e-02 1.07867e-01 1.39115e-01 |
    550 | 4.56022e+00 8.29124e-03 | 1.25331e-02 1.07867e-01 1.39115e-01 |
    551 | 4.56851e+00 8.29123e-03 | 1.25331e-02 1.07867e-01 1.39115e-01 |
    552 | 4.57680e+00 8.29123e-03 | 1.25331e-02 1.07867e-01 1.39115e-01 |
    553 | 4.58510e+00 8.29124e-03 | 1.25331e-02 1.07867e-01 1.39115e-01 |
    554 | 4.59339e+00 8.29124e-03 | 1.25331e-02 1.07867e-01 1.39115e-01 |
    555 | 4.60168e+00 8.29124e-03 | 1.25331e-02 1.07867e-01 1.39115e-01 |
    556 | 4.60997e+00 8.29124e-03 | 1.25331e-02 1.07867e-01 1.39115e-01 |
    557 | 4.61826e+00 8.29124e-03 | 1.25331e-02 1.07867e-01 1.39115e-01 |
    558 | 4.62655e+00 8.29124e-03 | 1.25331e-02 1.07867e-01 1.39115e-01 |
    559 | 4.63484e+00 8.29125e-03 | 1.25331e-02 1.07867e-01 1.39115e-01 |
    560 | 4.64313e+00 8.29125e-03 | 1.25331e-02 1.07867e-01 1.39115e-01 |
    561 | 4.65143e+00 8.29125e-03 | 1.25331e-02 1.07867e-01 1.39115e-01 |
    562 | 4.65972e+00 8.29126e-03 | 1.25331e-02 1.07867e-01 1.39115e-01 |
    563 | 4.66801e+00 8.29126e-03 | 1.25331e-02 1.07867e-01 1.39115e-01 |
    564 | 4.67630e+00 8.29127e-03 | 1.25331e-02 1.07867e-01 1.39115e-01 |
    565 | 4.68459e+00 8.29127e-03 | 1.25331e-02 1.07867e-01 1.39115e-01 |
    566 | 4.69288e+00 8.29128e-03 | 1.25331e-02 1.07867e-01 1.39115e-01 |
    567 | 4.70117e+00 8.29128e-03 | 1.25331e-02 1.07867e-01 1.39115e-01 |
    568 | 4.70946e+00 8.29129e-03 | 1.25331e-02 1.07867e-01 1.39115e-01 |
    569 | 4.71776e+00 8.29130e-03 | 1.25331e-02 1.07867e-01 1.39115e-01 |
    570 | 4.72605e+00 8.29131e-03 | 1.25331e-02 1.07867e-01 1.39115e-01 |
    571 | 4.73434e+00 8.29131e-03 | 1.25331e-02 1.07867e-01 1.39115e-01 |
    572 | 4.74263e+00 8.29132e-03 | 1.25331e-02 1.07867e-01 1.39115e-01 |
    573 | 4.75092e+00 8.29133e-03 | 1.25331e-02 1.07867e-01 1.39115e-01 |
    574 | 4.75921e+00 8.29134e-03 | 1.25331e-02 1.07867e-01 1.39115e-01 |
    575 | 4.76750e+00 8.29135e-03 | 1.25331e-02 1.07867e-01 1.39115e-01 |
    576 | 4.77580e+00 8.29136e-03 | 1.25331e-02 1.07867e-01 1.39115e-01 |
    577 | 4.78409e+00 8.29137e-03 | 1.25331e-02 1.07867e-01 1.39115e-01 |
    578 | 4.79238e+00 8.29138e-03 | 1.25331e-02 1.07867e-01 1.39115e-01 |
    579 | 4.80067e+00 8.29140e-03 | 1.25331e-02 1.07867e-01 1.39115e-01 |
    580 | 4.80896e+00 8.29141e-03 | 1.25331e-02 1.07867e-01 1.39115e-01 |
    581 | 4.81725e+00 8.29140e-03 | 1.25331e-02 1.07867e-01 1.39115e-01 |
    582 | 4.82554e+00 8.29139e-03 | 1.25331e-02 1.07867e-01 1.39115e-01 |
    583 | 4.83383e+00 8.29138e-03 | 1.25331e-02 1.07867e-01 1.39115e-01 |
    584 | 4.84213e+00 8.29137e-03 | 1.25331e-02 1.07867e-01 1.39115e-01 |
    585 | 4.85042e+00 8.29135e-03 | 1.25331e-02 1.07867e-01 1.39115e-01 |
    586 | 4.85871e+00 8.29134e-03 | 1.25331e-02 1.07867e-01 1.39115e-01 |
    587 | 4.86700e+00 8.29133e-03 | 1.25331e-02 1.07867e-01 1.39115e-01 |
    588 | 4.87529e+00 8.29133e-03 | 1.25331e-02 1.07867e-01 1.39115e-01 |
    589 | 4.88358e+00 8.29132e-03 | 1.25331e-02 1.07867e-01 1.39115e-01 |
    590 | 4.89187e+00 8.29131e-03 | 1.25331e-02 1.07867e-01 1.39115e-01 |
    591 | 4.90017e+00 8.29130e-03 | 1.25331e-02 1.07867e-01 1.39115e-01 |
    592 | 4.90846e+00 8.29129e-03 | 1.25331e-02 1.07867e-01 1.39115e-01 |
    593 | 4.91675e+00 8.29129e-03 | 1.25331e-02 1.07867e-01 1.39115e-01 |
    594 | 4.92504e+00 8.29128e-03 | 1.25331e-02 1.07867e-01 1.39115e-01 |
    595 | 4.93333e+00 8.29127e-03 | 1.25331e-02 1.07867e-01 1.39115e-01 |
    596 | 4.94162e+00 8.29127e-03 | 1.25331e-02 1.07867e-01 1.39115e-01 |
    597 | 4.94991e+00 8.29126e-03 | 1.25331e-02 1.07867e-01 1.39115e-01 |
    598 | 4.95820e+00 8.29126e-03 | 1.25331e-02 1.07867e-01 1.39115e-01 |
    599 | 4.96650e+00 8.29125e-03 | 1.25331e-02 1.07867e-01 1.39115e-01 |
    600 | 4.97479e+00 8.29125e-03 | 1.25331e-02 1.07867e-01 1.39115e-01 |
    601 | 4.98308e+00 8.29125e-03 | 1.25331e-02 1.07867e-01 1.39115e-01 |
    602 | 4.99137e+00 8.29124e-03 | 1.25331e-02 1.07867e-01 1.39115e-01 |
    603 | 4.99966e+00 8.29124e-03 | 1.25331e-02 1.07867e-01 1.39115e-01 |
    604 | 5.00795e+00 8.29124e-03 | 1.25331e-02 1.07867e-01 1.39115e-01 |
    605 | 5.01624e+00 8.29124e-03 | 1.25331e-02 1.07867e-01 1.39115e-01 |
    606 | 5.02453e+00 8.29124e-03 | 1.25331e-02 1.07867e-01 1.39115e-01 |
    607 | 5.03283e+00 8.29123e-03 | 1.25331e-02 1.07867e-01 1.39115e-01 |
    608 | 5.04112e+00 8.29123e-03 | 1.25331e-02 1.07867e-01 1.39115e-01 |
    609 | 5.04941e+00 8.29123e-03 | 1.25331e-02 1.07867e-01 1.39115e-01 |
    610 | 5.05770e+00 8.29123e-03 | 1.25331e-02 1.07867e-01 1.39115e-01 |
    611 | 5.06599e+00 8.29124e-03 | 1.25331e-02 1.07867e-01 1.39115e-01 |
    612 | 5.07428e+00 8.29124e-03 | 1.25331e-02 1.07867e-01 1.39115e-01 |
    613 | 5.08257e+00 8.29124e-03 | 1.25331e-02 1.07867e-01 1.39115e-01 |
    614 | 5.09086e+00 8.29124e-03 | 1.25331e-02 1.07867e-01 1.39115e-01 |
    615 | 5.09916e+00 8.29124e-03 | 1.25331e-02 1.07867e-01 1.39115e-01 |
    616 | 5.10745e+00 8.29125e-03 | 1.25331e-02 1.07867e-01 1.39115e-01 |
    617 | 5.11574e+00 8.29125e-03 | 1.25331e-02 1.07867e-01 1.39115e-01 |
    618 | 5.12403e+00 8.29125e-03 | 1.25331e-02 1.07867e-01 1.39115e-01 |
    619 | 5.13232e+00 8.29126e-03 | 1.25331e-02 1.07867e-01 1.39115e-01 |
    620 | 5.14061e+00 8.29126e-03 | 1.25331e-02 1.07867e-01 1.39115e-01 |
    621 | 5.14890e+00 8.29127e-03 | 1.25331e-02 1.07867e-01 1.39115e-01 |
    622 | 5.15719e+00 8.29127e-03 | 1.25331e-02 1.07867e-01 1.39115e-01 |
    623 | 5.16549e+00 8.29128e-03 | 1.25331e-02 1.07867e-01 1.39115e-01 |
    624 | 5.17378e+00 8.29129e-03 | 1.25331e-02 1.07867e-01 1.39115e-01 |
    625 | 5.18207e+00 8.29129e-03 | 1.25331e-02 1.07867e-01 1.39115e-01 |
    626 | 5.19036e+00 8.29130e-03 | 1.25331e-02 1.07867e-01 1.39115e-01 |
    627 | 5.19865e+00 8.29131e-03 | 1.25331e-02 1.07867e-01 1.39115e-01 |
    628 | 5.20694e+00 8.29132e-03 | 1.25331e-02 1.07867e-01 1.39115e-01 |
    629 | 5.21523e+00 8.29133e-03 | 1.25331e-02 1.07867e-01 1.39115e-01 |
    630 | 5.22352e+00 8.29134e-03 | 1.25331e-02 1.07867e-01 1.39115e-01 |
    631 | 5.23182e+00 8.29134e-03 | 1.25331e-02 1.07867e-01 1.39115e-01 |
    632 | 5.24011e+00 8.29135e-03 | 1.25331e-02 1.07867e-01 1.39115e-01 |
    633 | 5.24840e+00 8.29137e-03 | 1.25331e-02 1.07867e-01 1.39115e-01 |
    634 | 5.25669e+00 8.29138e-03 | 1.25331e-02 1.07867e-01 1.39115e-01 |
    635 | 5.26498e+00 8.29139e-03 | 1.25331e-02 1.07867e-01 1.39115e-01 |
    636 | 5.27327e+00 8.29138e-03 | 1.25331e-02 1.07867e-01 1.39115e-01 |
    637 | 5.28156e+00 8.29137e-03 | 1.25331e-02 1.07867e-01 1.39115e-01 |
    638 | 5.28986e+00 8.29136e-03 | 1.25331e-02 1.07867e-01 1.39115e-01 |
    639 | 5.29815e+00 8.29135e-03 | 1.25331e-02 1.07867e-01 1.39115e-01 |
    640 | 5.30644e+00 8.29134e-03 | 1.25331e-02 1.07867e-01 1.39115e-01 |
    641 | 5.31473e+00 8.29133e-03 | 1.25331e-02 1.07867e-01 1.39115e-01 |
    642 | 5.32302e+00 8.29132e-03 | 1.25331e-02 1.07867e-01 1.39115e-01 |
    643 | 5.33131e+00 8.29131e-03 | 1.25331e-02 1.07867e-01 1.39115e-01 |
    644 | 5.33960e+00 8.29131e-03 | 1.25331e-02 1.07867e-01 1.39115e-01 |
    645 | 5.34790e+00 8.29130e-03 | 1.25331e-02 1.07867e-01 1.39115e-01 |
    646 | 5.35619e+00 8.29129e-03 | 1.25331e-02 1.07867e-01 1.39115e-01 |
    647 | 5.36448e+00 8.29128e-03 | 1.25331e-02 1.07867e-01 1.39115e-01 |
    648 | 5.37277e+00 8.29128e-03 | 1.25331e-02 1.07867e-01 1.39115e-01 |
    649 | 5.38106e+00 8.29127e-03 | 1.25331e-02 1.07867e-01 1.39115e-01 |
    650 | 5.38935e+00 8.29127e-03 | 1.25331e-02 1.07867e-01 1.39115e-01 |
    651 | 5.39764e+00 8.29126e-03 | 1.25331e-02 1.07867e-01 1.39115e-01 |
    652 | 5.40593e+00 8.29126e-03 | 1.25331e-02 1.07867e-01 1.39115e-01 |
    653 | 5.41423e+00 8.29125e-03 | 1.25331e-02 1.07867e-01 1.39115e-01 |
    654 | 5.42252e+00 8.29125e-03 | 1.25331e-02 1.07867e-01 1.39115e-01 |
    655 | 5.43081e+00 8.29125e-03 | 1.25331e-02 1.07867e-01 1.39115e-01 |
    656 | 5.43910e+00 8.29124e-03 | 1.25331e-02 1.07867e-01 1.39115e-01 |
    657 | 5.44739e+00 8.29124e-03 | 1.25331e-02 1.07867e-01 1.39115e-01 |
    658 | 5.45568e+00 8.29124e-03 | 1.25331e-02 1.07867e-01 1.39115e-01 |
    659 | 5.46397e+00 8.29124e-03 | 1.25331e-02 1.07867e-01 1.39115e-01 |
    660 | 5.47226e+00 8.29124e-03 | 1.25331e-02 1.07867e-01 1.39115e-01 |
    661 | 5.48056e+00 8.29124e-03 | 1.25331e-02 1.07867e-01 1.39115e-01 |
    662 | 5.48885e+00 8.29124e-03 | 1.25331e-02 1.07867e-01 1.39115e-01 |
    663 | 5.49714e+00 8.29124e-03 | 1.25331e-02 1.07867e-01 1.39115e-01 |
    664 | 5.50543e+00 8.29124e-03 | 1.25331e-02 1.07867e-01 1.39115e-01 |
    665 | 5.51372e+00 8.29124e-03 | 1.25331e-02 1.07867e-01 1.39115e-01 |
    666 | 5.52201e+00 8.29124e-03 | 1.25331e-02 1.07867e-01 1.39115e-01 |
    667 | 5.53030e+00 8.29124e-03 | 1.25331e-02 1.07867e-01 1.39115e-01 |
    668 | 5.53859e+00 8.29124e-03 | 1.25331e-02 1.07867e-01 1.39115e-01 |
    669 | 5.54689e+00 8.29125e-03 | 1.25331e-02 1.07867e-01 1.39115e-01 |
    670 | 5.55518e+00 8.29125e-03 | 1.25331e-02 1.07867e-01 1.39115e-01 |
    671 | 5.56347e+00 8.29125e-03 | 1.25331e-02 1.07867e-01 1.39115e-01 |
    672 | 5.57176e+00 8.29126e-03 | 1.25331e-02 1.07867e-01 1.39115e-01 |
    673 | 5.58005e+00 8.29126e-03 | 1.25331e-02 1.07867e-01 1.39115e-01 |
    674 | 5.58834e+00 8.29127e-03 | 1.25331e-02 1.07867e-01 1.39115e-01 |
    675 | 5.59663e+00 8.29127e-03 | 1.25331e-02 1.07867e-01 1.39115e-01 |
    676 | 5.60492e+00 8.29128e-03 | 1.25331e-02 1.07867e-01 1.39115e-01 |
    677 | 5.61322e+00 8.29129e-03 | 1.25331e-02 1.07867e-01 1.39115e-01 |
    678 | 5.62151e+00 8.29129e-03 | 1.25331e-02 1.07867e-01 1.39115e-01 |
    679 | 5.62980e+00 8.29130e-03 | 1.25331e-02 1.07867e-01 1.39115e-01 |
    680 | 5.63809e+00 8.29131e-03 | 1.25331e-02 1.07867e-01 1.39115e-01 |
    681 | 5.64638e+00 8.29132e-03 | 1.25331e-02 1.07867e-01 1.39115e-01 |
    682 | 5.65467e+00 8.29132e-03 | 1.25331e-02 1.07867e-01 1.39115e-01 |
    683 | 5.66296e+00 8.29133e-03 | 1.25331e-02 1.07867e-01 1.39115e-01 |
    684 | 5.67125e+00 8.29134e-03 | 1.25331e-02 1.07867e-01 1.39115e-01 |
    685 | 5.67955e+00 8.29134e-03 | 1.25331e-02 1.07867e-01 1.39115e-01 |
    686 | 5.68784e+00 8.29135e-03 | 1.25331e-02 1.07867e-01 1.39115e-01 |
    687 | 5.69613e+00 8.29136e-03 | 1.25331e-02 1.07867e-01 1.39115e-01 |
    688 | 5.70442e+00 8.29136e-03 | 1.25331e-02 1.07867e-01 1.39115e-01 |
    689 | 5.71271e+00 8.29137e-03 | 1.25331e-02 1.07867e-01 1.39115e-01 |
    690 | 5.72100e+00 8.29138e-03 | 1.25331e-02 1.07867e-01 1.39115e-01 |
    691 | 5.72929e+00 8.29139e-03 | 1.25331e-02 1.07867e-01 1.39115e-01 |
    692 | 5.73759e+00 8.29140e-03 | 1.25331e-02 1.07867e-01 1.39115e-01 |
    693 | 5.74588e+00 8.29141e-03 | 1.25331e-02 1.07867e-01 1.39115e-01 |
    694 | 5.75417e+00 8.29142e-03 | 1.25331e-02 1.07867e-01 1.39115e-01 |
    695 | 5.76246e+00 8.29143e-03 | 1.25331e-02 1.07867e-01 1.39115e-01 |
    696 | 5.77075e+00 8.29142e-03 | 1.25331e-02 1.07867e-01 1.39115e-01 |
    697 | 5.77904e+00 8.29141e-03 | 1.25331e-02 1.07867e-01 1.39115e-01 |
    698 | 5.78733e+00 8.29140e-03 | 1.25331e-02 1.07867e-01 1.39115e-01 |
    699 | 5.79563e+00 8.29139e-03 | 1.25331e-02 1.07867e-01 1.39115e-01 |
    700 | 5.80392e+00 8.29138e-03 | 1.25331e-02 1.07867e-01 1.39115e-01 |
    701 | 5.81221e+00 8.29137e-03 | 1.25331e-02 1.07867e-01 1.39115e-01 |
    702 | 5.82050e+00 8.29136e-03 | 1.25331e-02 1.07867e-01 1.39115e-01 |
    703 | 5.82879e+00 8.29135e-03 | 1.25331e-02 1.07867e-01 1.39115e-01 |
    704 | 5.83708e+00 8.29134e-03 | 1.25331e-02 1.07867e-01 1.39115e-01 |
    705 | 5.84537e+00 8.29133e-03 | 1.25331e-02 1.07867e-01 1.39115e-01 |
    706 | 5.85366e+00 8.29132e-03 | 1.25331e-02 1.07867e-01 1.39115e-01 |
    707 | 5.86196e+00 8.29132e-03 | 1.25331e-02 1.07867e-01 1.39115e-01 |
    708 | 5.87025e+00 8.29131e-03 | 1.25331e-02 1.07867e-01 1.39115e-01 |
    709 | 5.87854e+00 8.29130e-03 | 1.25331e-02 1.07867e-01 1.39115e-01 |
    710 | 5.88683e+00 8.29130e-03 | 1.25331e-02 1.07867e-01 1.39115e-01 |
    711 | 5.89512e+00 8.29129e-03 | 1.25331e-02 1.07867e-01 1.39115e-01 |
    712 | 5.90341e+00 8.29129e-03 | 1.25331e-02 1.07867e-01 1.39115e-01 |
    713 | 5.91170e+00 8.29128e-03 | 1.25331e-02 1.07867e-01 1.39115e-01 |
    714 | 5.92000e+00 8.29128e-03 | 1.25331e-02 1.07867e-01 1.39115e-01 |
    715 | 5.92829e+00 8.29127e-03 | 1.25331e-02 1.07867e-01 1.39115e-01 |
    716 | 5.93658e+00 8.29127e-03 | 1.25331e-02 1.07867e-01 1.39115e-01 |
    717 | 5.94487e+00 8.29127e-03 | 1.25331e-02 1.07867e-01 1.39115e-01 |
    718 | 5.95316e+00 8.29127e-03 | 1.25331e-02 1.07867e-01 1.39115e-01 |
    719 | 5.96145e+00 8.29126e-03 | 1.25331e-02 1.07867e-01 1.39115e-01 |
    720 | 5.96974e+00 8.29126e-03 | 1.25331e-02 1.07867e-01 1.39115e-01 |
    721 | 5.97803e+00 8.29126e-03 | 1.25331e-02 1.07867e-01 1.39115e-01 |
    722 | 5.98633e+00 8.29126e-03 | 1.25331e-02 1.07867e-01 1.39115e-01 |
    723 | 5.99462e+00 8.29126e-03 | 1.25331e-02 1.07867e-01 1.39115e-01 |
    724 | 6.00291e+00 8.29126e-03 | 1.25331e-02 1.07867e-01 1.39115e-01 |
    725 | 6.01120e+00 8.29126e-03 | 1.25331e-02 1.07867e-01 1.39115e-01 |
    726 | 6.01949e+00 8.29126e-03 | 1.25331e-02 1.07867e-01 1.39115e-01 |
    727 | 6.02778e+00 8.29127e-03 | 1.25331e-02 1.07867e-01 1.39115e-01 |
    728 | 6.03607e+00 8.29127e-03 | 1.25331e-02 1.07867e-01 1.39115e-01 |
    729 | 6.04436e+00 8.29127e-03 | 1.25331e-02 1.07867e-01 1.39115e-01 |
    730 | 6.05266e+00 8.29127e-03 | 1.25331e-02 1.07867e-01 1.39115e-01 |
    731 | 6.06095e+00 8.29128e-03 | 1.25331e-02 1.07867e-01 1.39115e-01 |
    732 | 6.06924e+00 8.29128e-03 | 1.25331e-02 1.07867e-01 1.39115e-01 |
    733 | 6.07753e+00 8.29128e-03 | 1.25331e-02 1.07867e-01 1.39115e-01 |
    734 | 6.08582e+00 8.29129e-03 | 1.25331e-02 1.07867e-01 1.39115e-01 |
    735 | 6.09411e+00 8.29129e-03 | 1.25331e-02 1.07867e-01 1.39115e-01 |
    736 | 6.10240e+00 8.29130e-03 | 1.25331e-02 1.07867e-01 1.39115e-01 |
    737 | 6.11069e+00 8.29131e-03 | 1.25331e-02 1.07867e-01 1.39115e-01 |
    738 | 6.11899e+00 8.29131e-03 | 1.25331e-02 1.07867e-01 1.39115e-01 |
    739 | 6.12728e+00 8.29132e-03 | 1.25331e-02 1.07867e-01 1.39115e-01 |
    740 | 6.13557e+00 8.29133e-03 | 1.25331e-02 1.07867e-01 1.39115e-01 |
    741 | 6.14386e+00 8.29133e-03 | 1.25331e-02 1.07867e-01 1.39115e-01 |
    742 | 6.15215e+00 8.29134e-03 | 1.25331e-02 1.07867e-01 1.39115e-01 |
    743 | 6.16044e+00 8.29135e-03 | 1.25331e-02 1.07867e-01 1.39115e-01 |
    744 | 6.16873e+00 8.29136e-03 | 1.25331e-02 1.07867e-01 1.39115e-01 |
    745 | 6.17703e+00 8.29137e-03 | 1.25331e-02 1.07867e-01 1.39115e-01 |
    746 | 6.18532e+00 8.29138e-03 | 1.25331e-02 1.07867e-01 1.39115e-01 |
    747 | 6.19361e+00 8.29139e-03 | 1.25331e-02 1.07867e-01 1.39115e-01 |
    748 | 6.20190e+00 8.29140e-03 | 1.25331e-02 1.07867e-01 1.39115e-01 |
    749 | 6.21019e+00 8.29139e-03 | 1.25331e-02 1.07867e-01 1.39115e-01 |
    750 | 6.21848e+00 8.29138e-03 | 1.25331e-02 1.07867e-01 1.39115e-01 |
    751 | 6.22677e+00 8.29138e-03 | 1.25331e-02 1.07867e-01 1.39115e-01 |
    752 | 6.23506e+00 8.29137e-03 | 1.25331e-02 1.07867e-01 1.39115e-01 |
    753 | 6.24336e+00 8.29137e-03 | 1.25331e-02 1.07867e-01 1.39115e-01 |
    754 | 6.25165e+00 8.29136e-03 | 1.25331e-02 1.07867e-01 1.39115e-01 |
    755 | 6.25994e+00 8.29136e-03 | 1.25331e-02 1.07867e-01 1.39115e-01 |
    756 | 6.26823e+00 8.29135e-03 | 1.25331e-02 1.07867e-01 1.39115e-01 |
    757 | 6.27652e+00 8.29135e-03 | 1.25331e-02 1.07867e-01 1.39115e-01 |
    758 | 6.28481e+00 8.29135e-03 | 1.25331e-02 1.07867e-01 1.39115e-01 |
    759 | 6.29310e+00 8.29134e-03 | 1.25331e-02 1.07867e-01 1.39115e-01 |
    760 | 6.30140e+00 8.29134e-03 | 1.25331e-02 1.07867e-01 1.39115e-01 |
    761 | 6.30969e+00 8.29134e-03 | 1.25331e-02 1.07867e-01 1.39115e-01 |
    762 | 6.31798e+00 8.29134e-03 | 1.25331e-02 1.07867e-01 1.39115e-01 |
    763 | 6.32627e+00 8.29133e-03 | 1.25331e-02 1.07867e-01 1.39115e-01 |
    764 | 6.33456e+00 8.29133e-03 | 1.25331e-02 1.07867e-01 1.39115e-01 |
    765 | 6.34285e+00 8.29133e-03 | 1.25331e-02 1.07867e-01 1.39115e-01 |
    766 | 6.35114e+00 8.29132e-03 | 1.25331e-02 1.07867e-01 1.39115e-01 |
    767 | 6.35943e+00 8.29132e-03 | 1.25331e-02 1.07867e-01 1.39115e-01 |
    768 | 6.36773e+00 8.29131e-03 | 1.25331e-02 1.07867e-01 1.39115e-01 |
    769 | 6.37602e+00 8.29131e-03 | 1.25331e-02 1.07867e-01 1.39115e-01 |
    770 | 6.38431e+00 8.29130e-03 | 1.25331e-02 1.07867e-01 1.39115e-01 |
    771 | 6.39260e+00 8.29130e-03 | 1.25331e-02 1.07867e-01 1.39115e-01 |
    772 | 6.40089e+00 8.29129e-03 | 1.25331e-02 1.07867e-01 1.39115e-01 |
    773 | 6.40918e+00 8.29129e-03 | 1.25331e-02 1.07867e-01 1.39115e-01 |
    774 | 6.41747e+00 8.29129e-03 | 1.25331e-02 1.07867e-01 1.39115e-01 |
    775 | 6.42577e+00 8.29129e-03 | 1.25331e-02 1.07867e-01 1.39115e-01 |
    776 | 6.43406e+00 8.29129e-03 | 1.25331e-02 1.07867e-01 1.39115e-01 |
    777 | 6.44235e+00 8.29128e-03 | 1.25331e-02 1.07867e-01 1.39115e-01 |
    778 | 6.45064e+00 8.29128e-03 | 1.25331e-02 1.07867e-01 1.39115e-01 |
    779 | 6.45893e+00 8.29128e-03 | 1.25331e-02 1.07867e-01 1.39115e-01 |
    780 | 6.46722e+00 8.29128e-03 | 1.25331e-02 1.07867e-01 1.39115e-01 |
    781 | 6.47551e+00 8.29128e-03 | 1.25331e-02 1.07867e-01 1.39115e-01 |
    782 | 6.48380e+00 8.29128e-03 | 1.25331e-02 1.07867e-01 1.39115e-01 |
    783 | 6.49210e+00 8.29129e-03 | 1.25331e-02 1.07867e-01 1.39115e-01 |
    784 | 6.50039e+00 8.29129e-03 | 1.25331e-02 1.07867e-01 1.39115e-01 |
    785 | 6.50868e+00 8.29129e-03 | 1.25331e-02 1.07867e-01 1.39115e-01 |
    786 | 6.51697e+00 8.29129e-03 | 1.25331e-02 1.07867e-01 1.39115e-01 |
    787 | 6.52526e+00 8.29130e-03 | 1.25331e-02 1.07867e-01 1.39115e-01 |
    788 | 6.53355e+00 8.29130e-03 | 1.25331e-02 1.07867e-01 1.39115e-01 |
    789 | 6.54184e+00 8.29130e-03 | 1.25331e-02 1.07867e-01 1.39115e-01 |
    790 | 6.55013e+00 8.29131e-03 | 1.25331e-02 1.07867e-01 1.39115e-01 |
    791 | 6.55843e+00 8.29131e-03 | 1.25331e-02 1.07867e-01 1.39115e-01 |
    792 | 6.56672e+00 8.29132e-03 | 1.25331e-02 1.07867e-01 1.39115e-01 |
    793 | 6.57501e+00 8.29132e-03 | 1.25331e-02 1.07867e-01 1.39115e-01 |
    794 | 6.58330e+00 8.29133e-03 | 1.25331e-02 1.07867e-01 1.39115e-01 |
    795 | 6.59159e+00 8.29134e-03 | 1.25331e-02 1.07867e-01 1.39115e-01 |
    796 | 6.59988e+00 8.29134e-03 | 1.25331e-02 1.07867e-01 1.39115e-01 |
    797 | 6.60817e+00 8.29135e-03 | 1.25331e-02 1.07867e-01 1.39115e-01 |
    798 | 6.61647e+00 8.29136e-03 | 1.25331e-02 1.07867e-01 1.39115e-01 |
    799 | 6.62476e+00 8.29137e-03 | 1.25331e-02 1.07867e-01 1.39115e-01 |
    800 | 6.63305e+00 8.29138e-03 | 1.25331e-02 1.07867e-01 1.39115e-01 |
    801 | 6.64134e+00 8.29138e-03 | 1.25331e-02 1.07867e-01 1.39115e-01 |
    802 | 6.64963e+00 8.29139e-03 | 1.25331e-02 1.07867e-01 1.39115e-01 |
    803 | 6.65792e+00 8.29140e-03 | 1.25331e-02 1.07867e-01 1.39115e-01 |
    804 | 6.66621e+00 8.29141e-03 | 1.25331e-02 1.07867e-01 1.39115e-01 |
    805 | 6.67451e+00 8.29142e-03 | 1.25331e-02 1.07867e-01 1.39115e-01 |
    806 | 6.68280e+00 8.29141e-03 | 1.25331e-02 1.07867e-01 1.39115e-01 |
    807 | 6.69109e+00 8.29140e-03 | 1.25331e-02 1.07867e-01 1.39115e-01 |
    808 | 6.69938e+00 8.29139e-03 | 1.25331e-02 1.07867e-01 1.39115e-01 |
    809 | 6.70767e+00 8.29138e-03 | 1.25331e-02 1.07867e-01 1.39115e-01 |
    810 | 6.71596e+00 8.29137e-03 | 1.25331e-02 1.07867e-01 1.39115e-01 |
    811 | 6.72425e+00 8.29136e-03 | 1.25331e-02 1.07867e-01 1.39115e-01 |
    812 | 6.73254e+00 8.29135e-03 | 1.25331e-02 1.07867e-01 1.39115e-01 |
    813 | 6.74084e+00 8.29134e-03 | 1.25331e-02 1.07867e-01 1.39115e-01 |
    814 | 6.74913e+00 8.29133e-03 | 1.25331e-02 1.07867e-01 1.39115e-01 |
    815 | 6.75742e+00 8.29133e-03 | 1.25331e-02 1.07867e-01 1.39115e-01 |
    816 | 6.76571e+00 8.29132e-03 | 1.25331e-02 1.07867e-01 1.39115e-01 |
    817 | 6.77400e+00 8.29131e-03 | 1.25331e-02 1.07867e-01 1.39115e-01 |
    818 | 6.78229e+00 8.29130e-03 | 1.25331e-02 1.07867e-01 1.39115e-01 |
    819 | 6.79058e+00 8.29130e-03 | 1.25331e-02 1.07867e-01 1.39115e-01 |
    820 | 6.79888e+00 8.29129e-03 | 1.25331e-02 1.07867e-01 1.39115e-01 |
    821 | 6.80717e+00 8.29129e-03 | 1.25331e-02 1.07867e-01 1.39115e-01 |
    822 | 6.81546e+00 8.29128e-03 | 1.25331e-02 1.07867e-01 1.39115e-01 |
    823 | 6.82375e+00 8.29128e-03 | 1.25331e-02 1.07867e-01 1.39115e-01 |
    824 | 6.83204e+00 8.29127e-03 | 1.25331e-02 1.07867e-01 1.39115e-01 |
    825 | 6.84033e+00 8.29127e-03 | 1.25331e-02 1.07867e-01 1.39115e-01 |
    826 | 6.84862e+00 8.29127e-03 | 1.25331e-02 1.07867e-01 1.39115e-01 |
    827 | 6.85691e+00 8.29126e-03 | 1.25331e-02 1.07867e-01 1.39115e-01 |
    828 | 6.86521e+00 8.29126e-03 | 1.25331e-02 1.07867e-01 1.39115e-01 |
    829 | 6.87350e+00 8.29126e-03 | 1.25331e-02 1.07867e-01 1.39115e-01 |
    830 | 6.88179e+00 8.29126e-03 | 1.25331e-02 1.07867e-01 1.39115e-01 |
    831 | 6.89008e+00 8.29126e-03 | 1.25331e-02 1.07867e-01 1.39115e-01 |
    832 | 6.89837e+00 8.29126e-03 | 1.25331e-02 1.07867e-01 1.39115e-01 |
    833 | 6.90666e+00 8.29126e-03 | 1.25331e-02 1.07867e-01 1.39115e-01 |
    834 | 6.91495e+00 8.29126e-03 | 1.25331e-02 1.07867e-01 1.39115e-01 |
    835 | 6.92324e+00 8.29126e-03 | 1.25331e-02 1.07867e-01 1.39115e-01 |
    836 | 6.93154e+00 8.29126e-03 | 1.25331e-02 1.07867e-01 1.39115e-01 |
    837 | 6.93983e+00 8.29126e-03 | 1.25331e-02 1.07867e-01 1.39115e-01 |
    838 | 6.94812e+00 8.29126e-03 | 1.25331e-02 1.07867e-01 1.39115e-01 |
    839 | 6.95641e+00 8.29127e-03 | 1.25331e-02 1.07867e-01 1.39115e-01 |
    840 | 6.96470e+00 8.29127e-03 | 1.25331e-02 1.07867e-01 1.39115e-01 |
    841 | 6.97299e+00 8.29127e-03 | 1.25331e-02 1.07867e-01 1.39115e-01 |
    842 | 6.98128e+00 8.29128e-03 | 1.25331e-02 1.07867e-01 1.39115e-01 |
    843 | 6.98957e+00 8.29128e-03 | 1.25331e-02 1.07867e-01 1.39115e-01 |
    844 | 6.99787e+00 8.29128e-03 | 1.25331e-02 1.07867e-01 1.39115e-01 |
    845 | 7.00616e+00 8.29129e-03 | 1.25331e-02 1.07867e-01 1.39115e-01 |
    846 | 7.01445e+00 8.29130e-03 | 1.25331e-02 1.07867e-01 1.39115e-01 |
    847 | 7.02274e+00 8.29130e-03 | 1.25331e-02 1.07867e-01 1.39115e-01 |
    848 | 7.03103e+00 8.29131e-03 | 1.25331e-02 1.07867e-01 1.39115e-01 |
    849 | 7.03932e+00 8.29131e-03 | 1.25331e-02 1.07867e-01 1.39115e-01 |
    850 | 7.04761e+00 8.29132e-03 | 1.25331e-02 1.07867e-01 1.39115e-01 |
    851 | 7.05590e+00 8.29133e-03 | 1.25331e-02 1.07867e-01 1.39115e-01 |
    852 | 7.06420e+00 8.29134e-03 | 1.25331e-02 1.07867e-01 1.39115e-01 |
    853 | 7.07249e+00 8.29135e-03 | 1.25331e-02 1.07867e-01 1.39115e-01 |
    854 | 7.08078e+00 8.29136e-03 | 1.25331e-02 1.07867e-01 1.39115e-01 |
    855 | 7.08907e+00 8.29136e-03 | 1.25331e-02 1.07867e-01 1.39115e-01 |
    856 | 7.09736e+00 8.29137e-03 | 1.25331e-02 1.07867e-01 1.39115e-01 |
    857 | 7.10565e+00 8.29139e-03 | 1.25331e-02 1.07867e-01 1.39115e-01 |
    858 | 7.11394e+00 8.29140e-03 | 1.25331e-02 1.07867e-01 1.39115e-01 |
    859 | 7.12224e+00 8.29140e-03 | 1.25331e-02 1.07867e-01 1.39115e-01 |
    860 | 7.13053e+00 8.29139e-03 | 1.25331e-02 1.07867e-01 1.39115e-01 |
    861 | 7.13882e+00 8.29139e-03 | 1.25331e-02 1.07867e-01 1.39115e-01 |
    862 | 7.14711e+00 8.29138e-03 | 1.25331e-02 1.07867e-01 1.39115e-01 |
    863 | 7.15540e+00 8.29138e-03 | 1.25331e-02 1.07867e-01 1.39115e-01 |
    864 | 7.16369e+00 8.29137e-03 | 1.25331e-02 1.07867e-01 1.39115e-01 |
    865 | 7.17198e+00 8.29137e-03 | 1.25331e-02 1.07867e-01 1.39115e-01 |
    866 | 7.18028e+00 8.29136e-03 | 1.25331e-02 1.07867e-01 1.39115e-01 |
    867 | 7.18857e+00 8.29136e-03 | 1.25331e-02 1.07867e-01 1.39115e-01 |
    868 | 7.19686e+00 8.29135e-03 | 1.25331e-02 1.07867e-01 1.39115e-01 |
    869 | 7.20515e+00 8.29135e-03 | 1.25331e-02 1.07867e-01 1.39115e-01 |
    870 | 7.21344e+00 8.29135e-03 | 1.25331e-02 1.07867e-01 1.39115e-01 |
    871 | 7.22173e+00 8.29135e-03 | 1.25331e-02 1.07867e-01 1.39115e-01 |
    872 | 7.23002e+00 8.29135e-03 | 1.25331e-02 1.07867e-01 1.39115e-01 |
    873 | 7.23831e+00 8.29134e-03 | 1.25331e-02 1.07867e-01 1.39115e-01 |
    874 | 7.24661e+00 8.29134e-03 | 1.25331e-02 1.07867e-01 1.39115e-01 |
    875 | 7.25490e+00 8.29134e-03 | 1.25331e-02 1.07867e-01 1.39115e-01 |
    876 | 7.26319e+00 8.29134e-03 | 1.25331e-02 1.07867e-01 1.39115e-01 |
    877 | 7.27148e+00 8.29134e-03 | 1.25331e-02 1.07867e-01 1.39115e-01 |
    878 | 7.27977e+00 8.29135e-03 | 1.25331e-02 1.07867e-01 1.39115e-01 |
    879 | 7.28806e+00 8.29135e-03 | 1.25331e-02 1.07867e-01 1.39115e-01 |
    880 | 7.29635e+00 8.29135e-03 | 1.25331e-02 1.07867e-01 1.39115e-01 |
    881 | 7.30465e+00 8.29135e-03 | 1.25331e-02 1.07867e-01 1.39115e-01 |
    882 | 7.31294e+00 8.29135e-03 | 1.25331e-02 1.07867e-01 1.39115e-01 |
    883 | 7.32123e+00 8.29136e-03 | 1.25331e-02 1.07867e-01 1.39115e-01 |
    884 | 7.32952e+00 8.29136e-03 | 1.25331e-02 1.07867e-01 1.39115e-01 |
    885 | 7.33781e+00 8.29136e-03 | 1.25331e-02 1.07867e-01 1.39115e-01 |
    886 | 7.34610e+00 8.29137e-03 | 1.25331e-02 1.07867e-01 1.39115e-01 |
    887 | 7.35439e+00 8.29137e-03 | 1.25331e-02 1.07867e-01 1.39115e-01 |
    888 | 7.36269e+00 8.29138e-03 | 1.25331e-02 1.07867e-01 1.39115e-01 |
    889 | 7.37098e+00 8.29138e-03 | 1.25331e-02 1.07867e-01 1.39115e-01 |
    890 | 7.37927e+00 8.29137e-03 | 1.25331e-02 1.07867e-01 1.39115e-01 |
    891 | 7.38756e+00 8.29137e-03 | 1.25331e-02 1.07867e-01 1.39115e-01 |
    892 | 7.39585e+00 8.29137e-03 | 1.25331e-02 1.07867e-01 1.39115e-01 |
    893 | 7.40414e+00 8.29137e-03 | 1.25331e-02 1.07867e-01 1.39115e-01 |
    894 | 7.41243e+00 8.29137e-03 | 1.25331e-02 1.07867e-01 1.39115e-01 |
    895 | 7.42072e+00 8.29137e-03 | 1.25331e-02 1.07867e-01 1.39115e-01 |
    896 | 7.42902e+00 8.29137e-03 | 1.25331e-02 1.07867e-01 1.39115e-01 |
    897 | 7.43731e+00 8.29137e-03 | 1.25331e-02 1.07867e-01 1.39115e-01 |
    898 | 7.44560e+00 8.29137e-03 | 1.25331e-02 1.07867e-01 1.39115e-01 |
    899 | 7.45389e+00 8.29138e-03 | 1.25331e-02 1.07867e-01 1.39115e-01 |
    900 | 7.46218e+00 8.29138e-03 | 1.25331e-02 1.07867e-01 1.39115e-01 |
    901 | 7.47047e+00 8.29138e-03 | 1.25331e-02 1.07867e-01 1.39115e-01 |
    902 | 7.47876e+00 8.29139e-03 | 1.25331e-02 1.07867e-01 1.39115e-01 |
    903 | 7.48706e+00 8.29139e-03 | 1.25331e-02 1.07867e-01 1.39115e-01 |
    904 | 7.49535e+00 8.29139e-03 | 1.25331e-02 1.07867e-01 1.39115e-01 |
    905 | 7.50364e+00 8.29140e-03 | 1.25331e-02 1.07867e-01 1.39115e-01 |
    906 | 7.51193e+00 8.29140e-03 | 1.25331e-02 1.07867e-01 1.39115e-01 |
    907 | 7.52022e+00 8.29141e-03 | 1.25331e-02 1.07867e-01 1.39115e-01 |
    908 | 7.52851e+00 8.29142e-03 | 1.25331e-02 1.07867e-01 1.39115e-01 |
    909 | 7.53680e+00 8.29141e-03 | 1.25331e-02 1.07867e-01 1.39115e-01 |
    910 | 7.54510e+00 8.29140e-03 | 1.25331e-02 1.07867e-01 1.39115e-01 |
    911 | 7.55339e+00 8.29138e-03 | 1.25331e-02 1.07867e-01 1.39115e-01 |
    912 | 7.56168e+00 8.29137e-03 | 1.25331e-02 1.07867e-01 1.39115e-01 |
    913 | 7.56997e+00 8.29136e-03 | 1.25331e-02 1.07867e-01 1.39115e-01 |
    914 | 7.57826e+00 8.29135e-03 | 1.25331e-02 1.07867e-01 1.39115e-01 |
    915 | 7.58655e+00 8.29134e-03 | 1.25331e-02 1.07867e-01 1.39115e-01 |
    916 | 7.59484e+00 8.29133e-03 | 1.25331e-02 1.07867e-01 1.39115e-01 |
    917 | 7.60314e+00 8.29133e-03 | 1.25331e-02 1.07867e-01 1.39115e-01 |
    918 | 7.61143e+00 8.29132e-03 | 1.25331e-02 1.07867e-01 1.39115e-01 |
    919 | 7.61972e+00 8.29131e-03 | 1.25331e-02 1.07867e-01 1.39115e-01 |
    920 | 7.62801e+00 8.29130e-03 | 1.25331e-02 1.07867e-01 1.39115e-01 |
    921 | 7.63630e+00 8.29130e-03 | 1.25331e-02 1.07867e-01 1.39115e-01 |
    922 | 7.64459e+00 8.29129e-03 | 1.25331e-02 1.07867e-01 1.39115e-01 |
    923 | 7.65288e+00 8.29128e-03 | 1.25331e-02 1.07867e-01 1.39115e-01 |
    924 | 7.66117e+00 8.29128e-03 | 1.25331e-02 1.07867e-01 1.39115e-01 |
    925 | 7.66947e+00 8.29127e-03 | 1.25331e-02 1.07867e-01 1.39115e-01 |
    926 | 7.67776e+00 8.29127e-03 | 1.25331e-02 1.07867e-01 1.39115e-01 |
    927 | 7.68605e+00 8.29126e-03 | 1.25331e-02 1.07867e-01 1.39115e-01 |
    928 | 7.69434e+00 8.29126e-03 | 1.25331e-02 1.07867e-01 1.39115e-01 |
    929 | 7.70263e+00 8.29126e-03 | 1.25331e-02 1.07867e-01 1.39115e-01 |
    930 | 7.71092e+00 8.29125e-03 | 1.25331e-02 1.07867e-01 1.39115e-01 |
    931 | 7.71921e+00 8.29125e-03 | 1.25331e-02 1.07867e-01 1.39115e-01 |
    932 | 7.72750e+00 8.29125e-03 | 1.25331e-02 1.07867e-01 1.39115e-01 |
    933 | 7.73580e+00 8.29125e-03 | 1.25331e-02 1.07867e-01 1.39115e-01 |
    934 | 7.74409e+00 8.29125e-03 | 1.25331e-02 1.07867e-01 1.39115e-01 |
    935 | 7.75238e+00 8.29125e-03 | 1.25331e-02 1.07867e-01 1.39115e-01 |
    936 | 7.76067e+00 8.29125e-03 | 1.25331e-02 1.07867e-01 1.39115e-01 |
    937 | 7.76896e+00 8.29125e-03 | 1.25331e-02 1.07867e-01 1.39115e-01 |
    938 | 7.77725e+00 8.29125e-03 | 1.25331e-02 1.07867e-01 1.39115e-01 |
    939 | 7.78554e+00 8.29125e-03 | 1.25331e-02 1.07867e-01 1.39115e-01 |
    940 | 7.79383e+00 8.29125e-03 | 1.25331e-02 1.07867e-01 1.39115e-01 |
    941 | 7.80213e+00 8.29125e-03 | 1.25331e-02 1.07867e-01 1.39115e-01 |
    942 | 7.81042e+00 8.29125e-03 | 1.25331e-02 1.07867e-01 1.39115e-01 |
    943 | 7.81871e+00 8.29126e-03 | 1.25331e-02 1.07867e-01 1.39115e-01 |
    944 | 7.82700e+00 8.29126e-03 | 1.25331e-02 1.07867e-01 1.39115e-01 |
    945 | 7.83529e+00 8.29126e-03 | 1.25331e-02 1.07867e-01 1.39115e-01 |
    946 | 7.84358e+00 8.29127e-03 | 1.25331e-02 1.07867e-01 1.39115e-01 |
    947 | 7.85187e+00 8.29127e-03 | 1.25331e-02 1.07867e-01 1.39115e-01 |
    948 | 7.86016e+00 8.29128e-03 | 1.25331e-02 1.07867e-01 1.39115e-01 |
    949 | 7.86846e+00 8.29128e-03 | 1.25331e-02 1.07867e-01 1.39115e-01 |
    950 | 7.87675e+00 8.29129e-03 | 1.25331e-02 1.07867e-01 1.39115e-01 |
    951 | 7.88504e+00 8.29130e-03 | 1.25331e-02 1.07867e-01 1.39115e-01 |
    952 | 7.89333e+00 8.29130e-03 | 1.25331e-02 1.07867e-01 1.39115e-01 |
    953 | 7.90162e+00 8.29131e-03 | 1.25331e-02 1.07867e-01 1.39115e-01 |
    954 | 7.90991e+00 8.29132e-03 | 1.25331e-02 1.07867e-01 1.39115e-01 |
    955 | 7.91820e+00 8.29133e-03 | 1.25331e-02 1.07867e-01 1.39115e-01 |
    956 | 7.92649e+00 8.29133e-03 | 1.25331e-02 1.07867e-01 1.39115e-01 |
    957 | 7.93479e+00 8.29134e-03 | 1.25331e-02 1.07867e-01 1.39115e-01 |
    958 | 7.94308e+00 8.29135e-03 | 1.25331e-02 1.07867e-01 1.39115e-01 |
    959 | 7.95137e+00 8.29136e-03 | 1.25331e-02 1.07867e-01 1.39115e-01 |
    960 | 7.95966e+00 8.29137e-03 | 1.25331e-02 1.07867e-01 1.39115e-01 |
    961 | 7.96795e+00 8.29138e-03 | 1.25331e-02 1.07867e-01 1.39115e-01 |
    962 | 7.97624e+00 8.29139e-03 | 1.25331e-02 1.07867e-01 1.39115e-01 |
    963 | 7.98453e+00 8.29141e-03 | 1.25331e-02 1.07867e-01 1.39115e-01 |
    964 | 7.99283e+00 8.29141e-03 | 1.25331e-02 1.07867e-01 1.39115e-01 |
    965 | 8.00112e+00 8.29140e-03 | 1.25331e-02 1.07867e-01 1.39115e-01 |
    966 | 8.00941e+00 8.29139e-03 | 1.25331e-02 1.07867e-01 1.39115e-01 |
    967 | 8.01770e+00 8.29138e-03 | 1.25331e-02 1.07867e-01 1.39115e-01 |
    968 | 8.02599e+00 8.29137e-03 | 1.25331e-02 1.07867e-01 1.39115e-01 |
    969 | 8.03428e+00 8.29136e-03 | 1.25331e-02 1.07867e-01 1.39115e-01 |
    970 | 8.04257e+00 8.29135e-03 | 1.25331e-02 1.07867e-01 1.39115e-01 |
    971 | 8.05087e+00 8.29134e-03 | 1.25331e-02 1.07867e-01 1.39115e-01 |
    972 | 8.05916e+00 8.29133e-03 | 1.25331e-02 1.07867e-01 1.39115e-01 |
    973 | 8.06745e+00 8.29133e-03 | 1.25331e-02 1.07867e-01 1.39115e-01 |
    974 | 8.07574e+00 8.29132e-03 | 1.25331e-02 1.07867e-01 1.39115e-01 |
    975 | 8.08403e+00 8.29131e-03 | 1.25331e-02 1.07867e-01 1.39115e-01 |
    976 | 8.09232e+00 8.29131e-03 | 1.25331e-02 1.07867e-01 1.39115e-01 |
    977 | 8.10061e+00 8.29130e-03 | 1.25331e-02 1.07867e-01 1.39115e-01 |
    978 | 8.10890e+00 8.29130e-03 | 1.25331e-02 1.07867e-01 1.39115e-01 |
    979 | 8.11720e+00 8.29129e-03 | 1.25331e-02 1.07867e-01 1.39115e-01 |
    980 | 8.12549e+00 8.29129e-03 | 1.25331e-02 1.07867e-01 1.39115e-01 |
    981 | 8.13378e+00 8.29128e-03 | 1.25331e-02 1.07867e-01 1.39115e-01 |
    982 | 8.14207e+00 8.29128e-03 | 1.25331e-02 1.07867e-01 1.39115e-01 |
    983 | 8.15036e+00 8.29128e-03 | 1.25331e-02 1.07867e-01 1.39115e-01 |
    984 | 8.15865e+00 8.29127e-03 | 1.25331e-02 1.07867e-01 1.39115e-01 |
    985 | 8.16694e+00 8.29127e-03 | 1.25331e-02 1.07867e-01 1.39115e-01 |
    986 | 8.17523e+00 8.29127e-03 | 1.25331e-02 1.07867e-01 1.39115e-01 |
    987 | 8.18353e+00 8.29127e-03 | 1.25331e-02 1.07867e-01 1.39115e-01 |
    988 | 8.19182e+00 8.29127e-03 | 1.25331e-02 1.07867e-01 1.39115e-01 |
    989 | 8.20011e+00 8.29127e-03 | 1.25331e-02 1.07867e-01 1.39115e-01 |
    990 | 8.20840e+00 8.29127e-03 | 1.25331e-02 1.07867e-01 1.39115e-01 |
    991 | 8.21669e+00 8.29127e-03 | 1.25331e-02 1.07867e-01 1.39115e-01 |
    992 | 8.22498e+00 8.29127e-03 | 1.25331e-02 1.07867e-01 1.39115e-01 |
    993 | 8.23327e+00 8.29127e-03 | 1.25331e-02 1.07867e-01 1.39115e-01 |
    994 | 8.24156e+00 8.29127e-03 | 1.25331e-02 1.07867e-01 1.39115e-01 |
    995 | 8.24986e+00 8.29127e-03 | 1.25331e-02 1.07867e-01 1.39115e-01 |
    996 | 8.25815e+00 8.29128e-03 | 1.25331e-02 1.07867e-01 1.39115e-01 |
    997 | 8.26644e+00 8.29128e-03 | 1.25331e-02 1.07867e-01 1.39115e-01 |
    998 | 8.27473e+00 8.29128e-03 | 1.25331e-02 1.07867e-01 1.39115e-01 |
    999 | 8.28302e+00 8.29129e-03 | 1.25331e-02 1.07867e-01 1.39115e-01 |
   1000 | 8.29131e+00 8.29129e-03 | 1.25331e-02 1.07867e-01 1.39115e-01 |
   1001 | 8.29960e+00 8.29130e-03 | 1.25331e-02 1.07867e-01 1.39115e-01 |
   1002 | 8.30790e+00 8.29130e-03 | 1.25331e-02 1.07867e-01 1.39115e-01 |
   1003 | 8.31619e+00 8.29131e-03 | 1.25331e-02 1.07867e-01 1.39115e-01 |
   1004 | 8.32448e+00 8.29131e-03 | 1.25331e-02 1.07867e-01 1.39115e-01 |
   1005 | 8.33277e+00 8.29132e-03 | 1.25331e-02 1.07867e-01 1.39115e-01 |
   1006 | 8.34106e+00 8.29133e-03 | 1.25331e-02 1.07867e-01 1.39115e-01 |
   1007 | 8.34935e+00 8.29133e-03 | 1.25331e-02 1.07867e-01 1.39115e-01 |
   1008 | 8.35764e+00 8.29134e-03 | 1.25331e-02 1.07867e-01 1.39115e-01 |
   1009 | 8.36593e+00 8.29135e-03 | 1.25331e-02 1.07867e-01 1.39115e-01 |
   1010 | 8.37423e+00 8.29136e-03 | 1.25331e-02 1.07867e-01 1.39115e-01 |
   1011 | 8.38252e+00 8.29137e-03 | 1.25331e-02 1.07867e-01 1.39115e-01 |
   1012 | 8.39081e+00 8.29137e-03 | 1.25331e-02 1.07867e-01 1.39115e-01 |
   1013 | 8.39910e+00 8.29138e-03 | 1.25331e-02 1.07867e-01 1.39115e-01 |
   1014 | 8.40739e+00 8.29138e-03 | 1.25331e-02 1.07867e-01 1.39115e-01 |
   1015 | 8.41568e+00 8.29139e-03 | 1.25331e-02 1.07867e-01 1.39115e-01 |
   1016 | 8.42397e+00 8.29139e-03 | 1.25331e-02 1.07867e-01 1.39115e-01 |
   1017 | 8.43227e+00 8.29140e-03 | 1.25331e-02 1.07867e-01 1.39115e-01 |
   1018 | 8.44056e+00 8.29140e-03 | 1.25331e-02 1.07867e-01 1.39115e-01 |
   1019 | 8.44885e+00 8.29141e-03 | 1.25331e-02 1.07867e-01 1.39115e-01 |
   1020 | 8.45714e+00 8.29140e-03 | 1.25331e-02 1.07867e-01 1.39115e-01 |
   1021 | 8.46543e+00 8.29139e-03 | 1.25331e-02 1.07867e-01 1.39115e-01 |
   1022 | 8.47372e+00 8.29138e-03 | 1.25331e-02 1.07867e-01 1.39115e-01 |
   1023 | 8.48201e+00 8.29137e-03 | 1.25331e-02 1.07867e-01 1.39115e-01 |
   1024 | 8.49031e+00 8.29136e-03 | 1.25331e-02 1.07867e-01 1.39115e-01 |
   1025 | 8.49860e+00 8.29135e-03 | 1.25331e-02 1.07867e-01 1.39115e-01 |
   1026 | 8.50689e+00 8.29134e-03 | 1.25331e-02 1.07867e-01 1.39115e-01 |
   1027 | 8.51518e+00 8.29133e-03 | 1.25331e-02 1.07867e-01 1.39115e-01 |
   1028 | 8.52347e+00 8.29132e-03 | 1.25331e-02 1.07867e-01 1.39115e-01 |
   1029 | 8.53176e+00 8.29131e-03 | 1.25331e-02 1.07867e-01 1.39115e-01 |
   1030 | 8.54005e+00 8.29131e-03 | 1.25331e-02 1.07867e-01 1.39115e-01 |
   1031 | 8.54834e+00 8.29130e-03 | 1.25331e-02 1.07867e-01 1.39115e-01 |
   1032 | 8.55664e+00 8.29129e-03 | 1.25331e-02 1.07867e-01 1.39115e-01 |
   1033 | 8.56493e+00 8.29129e-03 | 1.25331e-02 1.07867e-01 1.39115e-01 |
   1034 | 8.57322e+00 8.29128e-03 | 1.25331e-02 1.07867e-01 1.39115e-01 |
   1035 | 8.58151e+00 8.29128e-03 | 1.25331e-02 1.07867e-01 1.39115e-01 |
   1036 | 8.58980e+00 8.29127e-03 | 1.25331e-02 1.07867e-01 1.39115e-01 |
   1037 | 8.59809e+00 8.29127e-03 | 1.25331e-02 1.07867e-01 1.39115e-01 |
   1038 | 8.60638e+00 8.29126e-03 | 1.25331e-02 1.07867e-01 1.39115e-01 |
   1039 | 8.61467e+00 8.29126e-03 | 1.25331e-02 1.07867e-01 1.39115e-01 |
   1040 | 8.62297e+00 8.29126e-03 | 1.25331e-02 1.07867e-01 1.39115e-01 |
   1041 | 8.63126e+00 8.29126e-03 | 1.25331e-02 1.07867e-01 1.39115e-01 |
   1042 | 8.63955e+00 8.29125e-03 | 1.25331e-02 1.07867e-01 1.39115e-01 |
   1043 | 8.64784e+00 8.29125e-03 | 1.25331e-02 1.07867e-01 1.39115e-01 |
   1044 | 8.65613e+00 8.29125e-03 | 1.25331e-02 1.07867e-01 1.39115e-01 |
   1045 | 8.66442e+00 8.29125e-03 | 1.25331e-02 1.07867e-01 1.39115e-01 |
   1046 | 8.67271e+00 8.29125e-03 | 1.25331e-02 1.07867e-01 1.39115e-01 |
   1047 | 8.68100e+00 8.29125e-03 | 1.25331e-02 1.07867e-01 1.39115e-01 |
   1048 | 8.68930e+00 8.29125e-03 | 1.25331e-02 1.07867e-01 1.39115e-01 |
   1049 | 8.69759e+00 8.29125e-03 | 1.25331e-02 1.07867e-01 1.39115e-01 |
   1050 | 8.70588e+00 8.29125e-03 | 1.25331e-02 1.07867e-01 1.39115e-01 |
   1051 | 8.71417e+00 8.29126e-03 | 1.25331e-02 1.07867e-01 1.39115e-01 |
   1052 | 8.72246e+00 8.29126e-03 | 1.25331e-02 1.07867e-01 1.39115e-01 |
   1053 | 8.73075e+00 8.29126e-03 | 1.25331e-02 1.07867e-01 1.39115e-01 |
   1054 | 8.73904e+00 8.29126e-03 | 1.25331e-02 1.07867e-01 1.39115e-01 |
   1055 | 8.74733e+00 8.29127e-03 | 1.25331e-02 1.07867e-01 1.39115e-01 |
   1056 | 8.75563e+00 8.29127e-03 | 1.25331e-02 1.07867e-01 1.39115e-01 |
   1057 | 8.76392e+00 8.29128e-03 | 1.25331e-02 1.07867e-01 1.39115e-01 |
   1058 | 8.77221e+00 8.29128e-03 | 1.25331e-02 1.07867e-01 1.39115e-01 |
   1059 | 8.78050e+00 8.29129e-03 | 1.25331e-02 1.07867e-01 1.39115e-01 |
   1060 | 8.78879e+00 8.29129e-03 | 1.25331e-02 1.07867e-01 1.39115e-01 |
   1061 | 8.79708e+00 8.29130e-03 | 1.25331e-02 1.07867e-01 1.39115e-01 |
   1062 | 8.80537e+00 8.29131e-03 | 1.25331e-02 1.07867e-01 1.39115e-01 |
   1063 | 8.81367e+00 8.29131e-03 | 1.25331e-02 1.07867e-01 1.39115e-01 |
   1064 | 8.82196e+00 8.29132e-03 | 1.25331e-02 1.07867e-01 1.39115e-01 |
   1065 | 8.83025e+00 8.29133e-03 | 1.25331e-02 1.07867e-01 1.39115e-01 |
   1066 | 8.83854e+00 8.29134e-03 | 1.25331e-02 1.07867e-01 1.39115e-01 |
   1067 | 8.84683e+00 8.29135e-03 | 1.25331e-02 1.07867e-01 1.39115e-01 |
   1068 | 8.85512e+00 8.29136e-03 | 1.25331e-02 1.07867e-01 1.39115e-01 |
   1069 | 8.86341e+00 8.29137e-03 | 1.25331e-02 1.07867e-01 1.39115e-01 |
   1070 | 8.87170e+00 8.29138e-03 | 1.25331e-02 1.07867e-01 1.39115e-01 |
   1071 | 8.88000e+00 8.29139e-03 | 1.25331e-02 1.07867e-01 1.39115e-01 |
   1072 | 8.88829e+00 8.29140e-03 | 1.25331e-02 1.07867e-01 1.39115e-01 |
   1073 | 8.89658e+00 8.29141e-03 | 1.25331e-02 1.07867e-01 1.39115e-01 |
   1074 | 8.90487e+00 8.29141e-03 | 1.25331e-02 1.07867e-01 1.39115e-01 |
   1075 | 8.91316e+00 8.29140e-03 | 1.25331e-02 1.07867e-01 1.39115e-01 |
   1076 | 8.92145e+00 8.29139e-03 | 1.25331e-02 1.07867e-01 1.39115e-01 |
   1077 | 8.92974e+00 8.29138e-03 | 1.25331e-02 1.07867e-01 1.39115e-01 |
   1078 | 8.93804e+00 8.29137e-03 | 1.25331e-02 1.07867e-01 1.39115e-01 |
   1079 | 8.94633e+00 8.29136e-03 | 1.25331e-02 1.07867e-01 1.39115e-01 |
   1080 | 8.95462e+00 8.29136e-03 | 1.25331e-02 1.07867e-01 1.39115e-01 |
   1081 | 8.96291e+00 8.29135e-03 | 1.25331e-02 1.07867e-01 1.39115e-01 |
   1082 | 8.97120e+00 8.29134e-03 | 1.25331e-02 1.07867e-01 1.39115e-01 |
   1083 | 8.97949e+00 8.29133e-03 | 1.25331e-02 1.07867e-01 1.39115e-01 |
   1084 | 8.98778e+00 8.29132e-03 | 1.25331e-02 1.07867e-01 1.39115e-01 |
   1085 | 8.99608e+00 8.29132e-03 | 1.25331e-02 1.07867e-01 1.39115e-01 |
   1086 | 9.00437e+00 8.29131e-03 | 1.25331e-02 1.07867e-01 1.39115e-01 |
   1087 | 9.01266e+00 8.29131e-03 | 1.25331e-02 1.07867e-01 1.39115e-01 |
   1088 | 9.02095e+00 8.29130e-03 | 1.25331e-02 1.07867e-01 1.39115e-01 |
   1089 | 9.02924e+00 8.29130e-03 | 1.25331e-02 1.07867e-01 1.39115e-01 |
   1090 | 9.03753e+00 8.29129e-03 | 1.25331e-02 1.07867e-01 1.39115e-01 |
   1091 | 9.04582e+00 8.29129e-03 | 1.25331e-02 1.07867e-01 1.39115e-01 |
   1092 | 9.05411e+00 8.29129e-03 | 1.25331e-02 1.07867e-01 1.39115e-01 |
   1093 | 9.06241e+00 8.29128e-03 | 1.25331e-02 1.07867e-01 1.39115e-01 |
   1094 | 9.07070e+00 8.29128e-03 | 1.25331e-02 1.07867e-01 1.39115e-01 |
   1095 | 9.07899e+00 8.29127e-03 | 1.25331e-02 1.07867e-01 1.39115e-01 |
   1096 | 9.08728e+00 8.29127e-03 | 1.25331e-02 1.07867e-01 1.39115e-01 |
   1097 | 9.09557e+00 8.29126e-03 | 1.25331e-02 1.07867e-01 1.39115e-01 |
   1098 | 9.10386e+00 8.29126e-03 | 1.25331e-02 1.07867e-01 1.39115e-01 |
   1099 | 9.11215e+00 8.29126e-03 | 1.25331e-02 1.07867e-01 1.39115e-01 |
   1100 | 9.12044e+00 8.29125e-03 | 1.25331e-02 1.07867e-01 1.39115e-01 |
   1101 | 9.12874e+00 8.29125e-03 | 1.25331e-02 1.07867e-01 1.39115e-01 |
   1102 | 9.13703e+00 8.29125e-03 | 1.25331e-02 1.07867e-01 1.39115e-01 |
   1103 | 9.14532e+00 8.29124e-03 | 1.25331e-02 1.07867e-01 1.39115e-01 |
   1104 | 9.15361e+00 8.29124e-03 | 1.25331e-02 1.07867e-01 1.39115e-01 |
   1105 | 9.16190e+00 8.29124e-03 | 1.25331e-02 1.07867e-01 1.39115e-01 |
   1106 | 9.17019e+00 8.29124e-03 | 1.25331e-02 1.07867e-01 1.39115e-01 |
   1107 | 9.17848e+00 8.29124e-03 | 1.25331e-02 1.07867e-01 1.39115e-01 |
   1108 | 9.18677e+00 8.29124e-03 | 1.25331e-02 1.07867e-01 1.39115e-01 |
   1109 | 9.19507e+00 8.29124e-03 | 1.25331e-02 1.07867e-01 1.39115e-01 |
   1110 | 9.20336e+00 8.29124e-03 | 1.25331e-02 1.07867e-01 1.39115e-01 |
   1111 | 9.21165e+00 8.29124e-03 | 1.25331e-02 1.07867e-01 1.39115e-01 |
   1112 | 9.21994e+00 8.29125e-03 | 1.25331e-02 1.07867e-01 1.39115e-01 |
   1113 | 9.22823e+00 8.29125e-03 | 1.25331e-02 1.07867e-01 1.39115e-01 |
   1114 | 9.23652e+00 8.29125e-03 | 1.25331e-02 1.07867e-01 1.39115e-01 |
   1115 | 9.24481e+00 8.29126e-03 | 1.25331e-02 1.07867e-01 1.39115e-01 |
   1116 | 9.25310e+00 8.29126e-03 | 1.25331e-02 1.07867e-01 1.39115e-01 |
   1117 | 9.26140e+00 8.29126e-03 | 1.25331e-02 1.07867e-01 1.39115e-01 |
   1118 | 9.26969e+00 8.29127e-03 | 1.25331e-02 1.07867e-01 1.39115e-01 |
   1119 | 9.27798e+00 8.29127e-03 | 1.25331e-02 1.07867e-01 1.39115e-01 |
   1120 | 9.28627e+00 8.29128e-03 | 1.25331e-02 1.07867e-01 1.39115e-01 |
   1121 | 9.29456e+00 8.29128e-03 | 1.25331e-02 1.07867e-01 1.39115e-01 |
   1122 | 9.30285e+00 8.29129e-03 | 1.25331e-02 1.07867e-01 1.39115e-01 |
   1123 | 9.31114e+00 8.29130e-03 | 1.25331e-02 1.07867e-01 1.39115e-01 |
   1124 | 9.31943e+00 8.29130e-03 | 1.25331e-02 1.07867e-01 1.39115e-01 |
   1125 | 9.32773e+00 8.29131e-03 | 1.25331e-02 1.07867e-01 1.39115e-01 |
   1126 | 9.33602e+00 8.29132e-03 | 1.25331e-02 1.07867e-01 1.39115e-01 |
   1127 | 9.34431e+00 8.29133e-03 | 1.25331e-02 1.07867e-01 1.39115e-01 |
   1128 | 9.35260e+00 8.29134e-03 | 1.25331e-02 1.07867e-01 1.39115e-01 |
   1129 | 9.36089e+00 8.29135e-03 | 1.25331e-02 1.07867e-01 1.39115e-01 |
   1130 | 9.36918e+00 8.29136e-03 | 1.25331e-02 1.07867e-01 1.39115e-01 |
   1131 | 9.37747e+00 8.29137e-03 | 1.25331e-02 1.07867e-01 1.39115e-01 |
   1132 | 9.38577e+00 8.29138e-03 | 1.25331e-02 1.07867e-01 1.39115e-01 |
   1133 | 9.39406e+00 8.29139e-03 | 1.25331e-02 1.07867e-01 1.39115e-01 |
   1134 | 9.40235e+00 8.29139e-03 | 1.25331e-02 1.07867e-01 1.39115e-01 |
   1135 | 9.41064e+00 8.29137e-03 | 1.25331e-02 1.07867e-01 1.39115e-01 |
   1136 | 9.41893e+00 8.29136e-03 | 1.25331e-02 1.07867e-01 1.39115e-01 |
   1137 | 9.42722e+00 8.29135e-03 | 1.25331e-02 1.07867e-01 1.39115e-01 |
   1138 | 9.43551e+00 8.29134e-03 | 1.25331e-02 1.07867e-01 1.39115e-01 |
   1139 | 9.44380e+00 8.29133e-03 | 1.25331e-02 1.07867e-01 1.39115e-01 |
   1140 | 9.45210e+00 8.29132e-03 | 1.25331e-02 1.07867e-01 1.39115e-01 |
   1141 | 9.46039e+00 8.29132e-03 | 1.25331e-02 1.07867e-01 1.39115e-01 |
   1142 | 9.46868e+00 8.29131e-03 | 1.25331e-02 1.07867e-01 1.39115e-01 |
   1143 | 9.47697e+00 8.29130e-03 | 1.25331e-02 1.07867e-01 1.39115e-01 |
   1144 | 9.48526e+00 8.29129e-03 | 1.25331e-02 1.07867e-01 1.39115e-01 |
   1145 | 9.49355e+00 8.29129e-03 | 1.25331e-02 1.07867e-01 1.39115e-01 |
   1146 | 9.50184e+00 8.29128e-03 | 1.25331e-02 1.07867e-01 1.39115e-01 |
   1147 | 9.51014e+00 8.29127e-03 | 1.25331e-02 1.07867e-01 1.39115e-01 |
   1148 | 9.51843e+00 8.29127e-03 | 1.25331e-02 1.07867e-01 1.39115e-01 |
   1149 | 9.52672e+00 8.29126e-03 | 1.25331e-02 1.07867e-01 1.39115e-01 |
   1150 | 9.53501e+00 8.29126e-03 | 1.25331e-02 1.07867e-01 1.39115e-01 |
   1151 | 9.54330e+00 8.29125e-03 | 1.25331e-02 1.07867e-01 1.39115e-01 |
   1152 | 9.55159e+00 8.29125e-03 | 1.25331e-02 1.07867e-01 1.39115e-01 |
   1153 | 9.55988e+00 8.29125e-03 | 1.25331e-02 1.07867e-01 1.39115e-01 |
   1154 | 9.56817e+00 8.29124e-03 | 1.25331e-02 1.07867e-01 1.39115e-01 |
   1155 | 9.57647e+00 8.29124e-03 | 1.25331e-02 1.07867e-01 1.39115e-01 |
   1156 | 9.58476e+00 8.29124e-03 | 1.25331e-02 1.07867e-01 1.39115e-01 |
   1157 | 9.59305e+00 8.29124e-03 | 1.25331e-02 1.07867e-01 1.39115e-01 |
   1158 | 9.60134e+00 8.29124e-03 | 1.25331e-02 1.07867e-01 1.39115e-01 |
   1159 | 9.60963e+00 8.29123e-03 | 1.25331e-02 1.07867e-01 1.39115e-01 |
   1160 | 9.61792e+00 8.29123e-03 | 1.25331e-02 1.07867e-01 1.39115e-01 |
   1161 | 9.62621e+00 8.29123e-03 | 1.25331e-02 1.07867e-01 1.39115e-01 |
   1162 | 9.63450e+00 8.29123e-03 | 1.25331e-02 1.07867e-01 1.39115e-01 |
   1163 | 9.64280e+00 8.29124e-03 | 1.25331e-02 1.07867e-01 1.39115e-01 |
   1164 | 9.65109e+00 8.29124e-03 | 1.25331e-02 1.07867e-01 1.39115e-01 |
   1165 | 9.65938e+00 8.29124e-03 | 1.25331e-02 1.07867e-01 1.39115e-01 |
   1166 | 9.66767e+00 8.29124e-03 | 1.25331e-02 1.07867e-01 1.39115e-01 |
   1167 | 9.67596e+00 8.29124e-03 | 1.25331e-02 1.07867e-01 1.39115e-01 |
   1168 | 9.68425e+00 8.29125e-03 | 1.25331e-02 1.07867e-01 1.39115e-01 |
   1169 | 9.69254e+00 8.29125e-03 | 1.25331e-02 1.07867e-01 1.39115e-01 |
   1170 | 9.70083e+00 8.29125e-03 | 1.25331e-02 1.07867e-01 1.39115e-01 |
   1171 | 9.70913e+00 8.29126e-03 | 1.25331e-02 1.07867e-01 1.39115e-01 |
   1172 | 9.71742e+00 8.29126e-03 | 1.25331e-02 1.07867e-01 1.39115e-01 |
   1173 | 9.72571e+00 8.29127e-03 | 1.25331e-02 1.07867e-01 1.39115e-01 |
   1174 | 9.73400e+00 8.29127e-03 | 1.25331e-02 1.07867e-01 1.39115e-01 |
   1175 | 9.74229e+00 8.29128e-03 | 1.25331e-02 1.07867e-01 1.39115e-01 |
   1176 | 9.75058e+00 8.29129e-03 | 1.25331e-02 1.07867e-01 1.39115e-01 |
   1177 | 9.75887e+00 8.29129e-03 | 1.25331e-02 1.07867e-01 1.39115e-01 |
   1178 | 9.76716e+00 8.29130e-03 | 1.25331e-02 1.07867e-01 1.39115e-01 |
   1179 | 9.77546e+00 8.29131e-03 | 1.25331e-02 1.07867e-01 1.39115e-01 |
   1180 | 9.78375e+00 8.29132e-03 | 1.25331e-02 1.07867e-01 1.39115e-01 |
   1181 | 9.79204e+00 8.29133e-03 | 1.25331e-02 1.07867e-01 1.39115e-01 |
   1182 | 9.80033e+00 8.29134e-03 | 1.25331e-02 1.07867e-01 1.39115e-01 |
   1183 | 9.80862e+00 8.29135e-03 | 1.25331e-02 1.07867e-01 1.39115e-01 |
   1184 | 9.81691e+00 8.29136e-03 | 1.25331e-02 1.07867e-01 1.39115e-01 |
   1185 | 9.82520e+00 8.29137e-03 | 1.25331e-02 1.07867e-01 1.39115e-01 |
   1186 | 9.83349e+00 8.29138e-03 | 1.25331e-02 1.07867e-01 1.39115e-01 |
   1187 | 9.84179e+00 8.29139e-03 | 1.25331e-02 1.07867e-01 1.39115e-01 |
   1188 | 9.85008e+00 8.29140e-03 | 1.25331e-02 1.07867e-01 1.39115e-01 |
   1189 | 9.85837e+00 8.29141e-03 | 1.25331e-02 1.07867e-01 1.39115e-01 |
   1190 | 9.86666e+00 8.29140e-03 | 1.25331e-02 1.07867e-01 1.39115e-01 |
   1191 | 9.87495e+00 8.29139e-03 | 1.25331e-02 1.07867e-01 1.39115e-01 |
   1192 | 9.88324e+00 8.29137e-03 | 1.25331e-02 1.07867e-01 1.39115e-01 |
   1193 | 9.89153e+00 8.29136e-03 | 1.25331e-02 1.07867e-01 1.39115e-01 |
   1194 | 9.89983e+00 8.29135e-03 | 1.25331e-02 1.07867e-01 1.39115e-01 |
   1195 | 9.90812e+00 8.29134e-03 | 1.25331e-02 1.07867e-01 1.39115e-01 |
   1196 | 9.91641e+00 8.29133e-03 | 1.25331e-02 1.07867e-01 1.39115e-01 |
   1197 | 9.92470e+00 8.29133e-03 | 1.25331e-02 1.07867e-01 1.39115e-01 |
   1198 | 9.93299e+00 8.29132e-03 | 1.25331e-02 1.07867e-01 1.39115e-01 |
   1199 | 9.94128e+00 8.29131e-03 | 1.25331e-02 1.07867e-01 1.39115e-01 |
   1200 | 9.94957e+00 8.29130e-03 | 1.25331e-02 1.07867e-01 1.39115e-01 |
   1201 | 9.95787e+00 8.29129e-03 | 1.25331e-02 1.07867e-01 1.39115e-01 |
   1202 | 9.96616e+00 8.29129e-03 | 1.25331e-02 1.07867e-01 1.39115e-01 |
   1203 | 9.97445e+00 8.29128e-03 | 1.25331e-02 1.07867e-01 1.39115e-01 |
   1204 | 9.98274e+00 8.29128e-03 | 1.25331e-02 1.07867e-01 1.39115e-01 |
   1205 | 9.99103e+00 8.29127e-03 | 1.25331e-02 1.07867e-01 1.39115e-01 |
   1206 | 9.99932e+00 8.29126e-03 | 1.25331e-02 1.07867e-01 1.39115e-01 |
   1207 | 1.00076e+01 8.29126e-03 | 1.25331e-02 1.07867e-01 1.39115e-01 |
   1208 | 1.00159e+01 8.29126e-03 | 1.25331e-02 1.07867e-01 1.39115e-01 |
   1209 | 1.00242e+01 8.29125e-03 | 1.25331e-02 1.07867e-01 1.39115e-01 |
   1210 | 1.00325e+01 8.29125e-03 | 1.25331e-02 1.07867e-01 1.39115e-01 |
   1211 | 1.00408e+01 8.29125e-03 | 1.25331e-02 1.07867e-01 1.39115e-01 |
   1212 | 1.00491e+01 8.29124e-03 | 1.25331e-02 1.07867e-01 1.39115e-01 |
   1213 | 1.00574e+01 8.29124e-03 | 1.25331e-02 1.07867e-01 1.39115e-01 |
   1214 | 1.00657e+01 8.29124e-03 | 1.25331e-02 1.07867e-01 1.39115e-01 |
   1215 | 1.00739e+01 8.29124e-03 | 1.25331e-02 1.07867e-01 1.39115e-01 |
   1216 | 1.00822e+01 8.29124e-03 | 1.25331e-02 1.07867e-01 1.39115e-01 |
   1217 | 1.00905e+01 8.29124e-03 | 1.25331e-02 1.07867e-01 1.39115e-01 |
   1218 | 1.00988e+01 8.29124e-03 | 1.25331e-02 1.07867e-01 1.39115e-01 |
   1219 | 1.01071e+01 8.29124e-03 | 1.25331e-02 1.07867e-01 1.39115e-01 |
   1220 | 1.01154e+01 8.29124e-03 | 1.25331e-02 1.07867e-01 1.39115e-01 |
   1221 | 1.01237e+01 8.29124e-03 | 1.25331e-02 1.07867e-01 1.39115e-01 |
   1222 | 1.01320e+01 8.29124e-03 | 1.25331e-02 1.07867e-01 1.39115e-01 |
   1223 | 1.01403e+01 8.29125e-03 | 1.25331e-02 1.07867e-01 1.39115e-01 |
   1224 | 1.01486e+01 8.29125e-03 | 1.25331e-02 1.07867e-01 1.39115e-01 |
   1225 | 1.01569e+01 8.29125e-03 | 1.25331e-02 1.07867e-01 1.39115e-01 |
   1226 | 1.01651e+01 8.29126e-03 | 1.25331e-02 1.07867e-01 1.39115e-01 |
   1227 | 1.01734e+01 8.29126e-03 | 1.25331e-02 1.07867e-01 1.39115e-01 |
   1228 | 1.01817e+01 8.29127e-03 | 1.25331e-02 1.07867e-01 1.39115e-01 |
   1229 | 1.01900e+01 8.29127e-03 | 1.25331e-02 1.07867e-01 1.39115e-01 |
   1230 | 1.01983e+01 8.29128e-03 | 1.25331e-02 1.07867e-01 1.39115e-01 |
   1231 | 1.02066e+01 8.29128e-03 | 1.25331e-02 1.07867e-01 1.39115e-01 |
   1232 | 1.02149e+01 8.29129e-03 | 1.25331e-02 1.07867e-01 1.39115e-01 |
   1233 | 1.02232e+01 8.29130e-03 | 1.25331e-02 1.07867e-01 1.39115e-01 |
   1234 | 1.02315e+01 8.29130e-03 | 1.25331e-02 1.07867e-01 1.39115e-01 |
   1235 | 1.02398e+01 8.29131e-03 | 1.25331e-02 1.07867e-01 1.39115e-01 |
   1236 | 1.02481e+01 8.29132e-03 | 1.25331e-02 1.07867e-01 1.39115e-01 |
   1237 | 1.02564e+01 8.29133e-03 | 1.25331e-02 1.07867e-01 1.39115e-01 |
   1238 | 1.02646e+01 8.29134e-03 | 1.25331e-02 1.07867e-01 1.39115e-01 |
   1239 | 1.02729e+01 8.29135e-03 | 1.25331e-02 1.07867e-01 1.39115e-01 |
   1240 | 1.02812e+01 8.29136e-03 | 1.25331e-02 1.07867e-01 1.39115e-01 |
   1241 | 1.02895e+01 8.29137e-03 | 1.25331e-02 1.07867e-01 1.39115e-01 |
   1242 | 1.02978e+01 8.29138e-03 | 1.25331e-02 1.07867e-01 1.39115e-01 |
   1243 | 1.03061e+01 8.29139e-03 | 1.25331e-02 1.07867e-01 1.39115e-01 |
   1244 | 1.03144e+01 8.29138e-03 | 1.25331e-02 1.07867e-01 1.39115e-01 |
   1245 | 1.03227e+01 8.29137e-03 | 1.25331e-02 1.07867e-01 1.39115e-01 |
   1246 | 1.03310e+01 8.29136e-03 | 1.25331e-02 1.07867e-01 1.39115e-01 |
   1247 | 1.03393e+01 8.29135e-03 | 1.25331e-02 1.07867e-01 1.39115e-01 |
   1248 | 1.03476e+01 8.29134e-03 | 1.25331e-02 1.07867e-01 1.39115e-01 |
   1249 | 1.03558e+01 8.29133e-03 | 1.25331e-02 1.07867e-01 1.39115e-01 |
   1250 | 1.03641e+01 8.29132e-03 | 1.25331e-02 1.07867e-01 1.39115e-01 |
   1251 | 1.03724e+01 8.29131e-03 | 1.25331e-02 1.07867e-01 1.39115e-01 |
   1252 | 1.03807e+01 8.29131e-03 | 1.25331e-02 1.07867e-01 1.39115e-01 |
   1253 | 1.03890e+01 8.29130e-03 | 1.25331e-02 1.07867e-01 1.39115e-01 |
   1254 | 1.03973e+01 8.29129e-03 | 1.25331e-02 1.07867e-01 1.39115e-01 |
   1255 | 1.04056e+01 8.29128e-03 | 1.25331e-02 1.07867e-01 1.39115e-01 |
   1256 | 1.04139e+01 8.29128e-03 | 1.25331e-02 1.07867e-01 1.39115e-01 |
   1257 | 1.04222e+01 8.29127e-03 | 1.25331e-02 1.07867e-01 1.39115e-01 |
   1258 | 1.04305e+01 8.29127e-03 | 1.25331e-02 1.07867e-01 1.39115e-01 |
   1259 | 1.04388e+01 8.29126e-03 | 1.25331e-02 1.07867e-01 1.39115e-01 |
   1260 | 1.04471e+01 8.29126e-03 | 1.25331e-02 1.07867e-01 1.39115e-01 |
   1261 | 1.04553e+01 8.29125e-03 | 1.25331e-02 1.07867e-01 1.39115e-01 |
   1262 | 1.04636e+01 8.29125e-03 | 1.25331e-02 1.07867e-01 1.39115e-01 |
   1263 | 1.04719e+01 8.29125e-03 | 1.25331e-02 1.07867e-01 1.39115e-01 |
   1264 | 1.04802e+01 8.29124e-03 | 1.25331e-02 1.07867e-01 1.39115e-01 |
   1265 | 1.04885e+01 8.29124e-03 | 1.25331e-02 1.07867e-01 1.39115e-01 |
   1266 | 1.04968e+01 8.29124e-03 | 1.25331e-02 1.07867e-01 1.39115e-01 |
   1267 | 1.05051e+01 8.29124e-03 | 1.25331e-02 1.07867e-01 1.39115e-01 |
   1268 | 1.05134e+01 8.29123e-03 | 1.25331e-02 1.07867e-01 1.39115e-01 |
   1269 | 1.05217e+01 8.29123e-03 | 1.25331e-02 1.07867e-01 1.39115e-01 |
   1270 | 1.05300e+01 8.29123e-03 | 1.25331e-02 1.07867e-01 1.39115e-01 |
   1271 | 1.05383e+01 8.29123e-03 | 1.25331e-02 1.07867e-01 1.39115e-01 |
   1272 | 1.05465e+01 8.29123e-03 | 1.25331e-02 1.07867e-01 1.39115e-01 |
   1273 | 1.05548e+01 8.29124e-03 | 1.25331e-02 1.07867e-01 1.39115e-01 |
   1274 | 1.05631e+01 8.29124e-03 | 1.25331e-02 1.07867e-01 1.39115e-01 |
   1275 | 1.05714e+01 8.29124e-03 | 1.25331e-02 1.07867e-01 1.39115e-01 |
   1276 | 1.05797e+01 8.29124e-03 | 1.25331e-02 1.07867e-01 1.39115e-01 |
   1277 | 1.05880e+01 8.29124e-03 | 1.25331e-02 1.07867e-01 1.39115e-01 |
   1278 | 1.05963e+01 8.29125e-03 | 1.25331e-02 1.07867e-01 1.39115e-01 |
   1279 | 1.06046e+01 8.29125e-03 | 1.25331e-02 1.07867e-01 1.39115e-01 |
   1280 | 1.06129e+01 8.29125e-03 | 1.25331e-02 1.07867e-01 1.39115e-01 |
   1281 | 1.06212e+01 8.29126e-03 | 1.25331e-02 1.07867e-01 1.39115e-01 |
   1282 | 1.06295e+01 8.29126e-03 | 1.25331e-02 1.07867e-01 1.39115e-01 |
   1283 | 1.06377e+01 8.29127e-03 | 1.25331e-02 1.07867e-01 1.39115e-01 |
   1284 | 1.06460e+01 8.29127e-03 | 1.25331e-02 1.07867e-01 1.39115e-01 |
   1285 | 1.06543e+01 8.29128e-03 | 1.25331e-02 1.07867e-01 1.39115e-01 |
   1286 | 1.06626e+01 8.29129e-03 | 1.25331e-02 1.07867e-01 1.39115e-01 |
   1287 | 1.06709e+01 8.29129e-03 | 1.25331e-02 1.07867e-01 1.39115e-01 |
   1288 | 1.06792e+01 8.29130e-03 | 1.25331e-02 1.07867e-01 1.39115e-01 |
   1289 | 1.06875e+01 8.29131e-03 | 1.25331e-02 1.07867e-01 1.39115e-01 |
   1290 | 1.06958e+01 8.29132e-03 | 1.25331e-02 1.07867e-01 1.39115e-01 |
   1291 | 1.07041e+01 8.29133e-03 | 1.25331e-02 1.07867e-01 1.39115e-01 |
   1292 | 1.07124e+01 8.29134e-03 | 1.25331e-02 1.07867e-01 1.39115e-01 |
   1293 | 1.07207e+01 8.29135e-03 | 1.25331e-02 1.07867e-01 1.39115e-01 |
   1294 | 1.07290e+01 8.29136e-03 | 1.25331e-02 1.07867e-01 1.39115e-01 |
   1295 | 1.07372e+01 8.29137e-03 | 1.25331e-02 1.07867e-01 1.39115e-01 |
   1296 | 1.07455e+01 8.29138e-03 | 1.25331e-02 1.07867e-01 1.39115e-01 |
   1297 | 1.07538e+01 8.29139e-03 | 1.25331e-02 1.07867e-01 1.39115e-01 |
   1298 | 1.07621e+01 8.29140e-03 | 1.25331e-02 1.07867e-01 1.39115e-01 |
   1299 | 1.07704e+01 8.29141e-03 | 1.25331e-02 1.07867e-01 1.39115e-01 |
   1300 | 1.07787e+01 8.29143e-03 | 1.25331e-02 1.07867e-01 1.39115e-01 |
   1301 | 1.07870e+01 8.29144e-03 | 1.25331e-02 1.07867e-01 1.39115e-01 |
   1302 | 1.07953e+01 8.29145e-03 | 1.25331e-02 1.07867e-01 1.39115e-01 |
   1303 | 1.08036e+01 8.29146e-03 | 1.25331e-02 1.07867e-01 1.39115e-01 |
   1304 | 1.08119e+01 8.29145e-03 | 1.25331e-02 1.07867e-01 1.39115e-01 |
   1305 | 1.08202e+01 8.29143e-03 | 1.25331e-02 1.07867e-01 1.39115e-01 |
   1306 | 1.08285e+01 8.29142e-03 | 1.25331e-02 1.07867e-01 1.39115e-01 |
   1307 | 1.08367e+01 8.29141e-03 | 1.25331e-02 1.07867e-01 1.39115e-01 |
   1308 | 1.08450e+01 8.29140e-03 | 1.25331e-02 1.07867e-01 1.39115e-01 |
   1309 | 1.08533e+01 8.29139e-03 | 1.25331e-02 1.07867e-01 1.39115e-01 |
   1310 | 1.08616e+01 8.29138e-03 | 1.25331e-02 1.07867e-01 1.39115e-01 |
   1311 | 1.08699e+01 8.29137e-03 | 1.25331e-02 1.07867e-01 1.39115e-01 |
   1312 | 1.08782e+01 8.29136e-03 | 1.25331e-02 1.07867e-01 1.39115e-01 |
   1313 | 1.08865e+01 8.29136e-03 | 1.25331e-02 1.07867e-01 1.39115e-01 |
   1314 | 1.08948e+01 8.29135e-03 | 1.25331e-02 1.07867e-01 1.39115e-01 |
   1315 | 1.09031e+01 8.29134e-03 | 1.25331e-02 1.07867e-01 1.39115e-01 |
   1316 | 1.09114e+01 8.29133e-03 | 1.25331e-02 1.07867e-01 1.39115e-01 |
   1317 | 1.09197e+01 8.29133e-03 | 1.25331e-02 1.07867e-01 1.39115e-01 |
   1318 | 1.09279e+01 8.29132e-03 | 1.25331e-02 1.07867e-01 1.39115e-01 |
   1319 | 1.09362e+01 8.29132e-03 | 1.25331e-02 1.07867e-01 1.39115e-01 |
   1320 | 1.09445e+01 8.29131e-03 | 1.25331e-02 1.07867e-01 1.39115e-01 |
   1321 | 1.09528e+01 8.29131e-03 | 1.25331e-02 1.07867e-01 1.39115e-01 |
   1322 | 1.09611e+01 8.29130e-03 | 1.25331e-02 1.07867e-01 1.39115e-01 |
   1323 | 1.09694e+01 8.29130e-03 | 1.25331e-02 1.07867e-01 1.39115e-01 |
   1324 | 1.09777e+01 8.29129e-03 | 1.25331e-02 1.07867e-01 1.39115e-01 |
   1325 | 1.09860e+01 8.29129e-03 | 1.25331e-02 1.07867e-01 1.39115e-01 |
   1326 | 1.09943e+01 8.29129e-03 | 1.25331e-02 1.07867e-01 1.39115e-01 |
   1327 | 1.10026e+01 8.29129e-03 | 1.25331e-02 1.07867e-01 1.39115e-01 |
   1328 | 1.10109e+01 8.29128e-03 | 1.25331e-02 1.07867e-01 1.39115e-01 |
   1329 | 1.10192e+01 8.29128e-03 | 1.25331e-02 1.07867e-01 1.39115e-01 |
   1330 | 1.10274e+01 8.29128e-03 | 1.25331e-02 1.07867e-01 1.39115e-01 |
   1331 | 1.10357e+01 8.29128e-03 | 1.25331e-02 1.07867e-01 1.39115e-01 |
   1332 | 1.10440e+01 8.29128e-03 | 1.25331e-02 1.07867e-01 1.39115e-01 |
   1333 | 1.10523e+01 8.29128e-03 | 1.25331e-02 1.07867e-01 1.39115e-01 |
   1334 | 1.10606e+01 8.29128e-03 | 1.25331e-02 1.07867e-01 1.39115e-01 |
   1335 | 1.10689e+01 8.29129e-03 | 1.25331e-02 1.07867e-01 1.39115e-01 |
   1336 | 1.10772e+01 8.29129e-03 | 1.25331e-02 1.07867e-01 1.39115e-01 |
   1337 | 1.10855e+01 8.29129e-03 | 1.25331e-02 1.07867e-01 1.39115e-01 |
   1338 | 1.10938e+01 8.29129e-03 | 1.25331e-02 1.07867e-01 1.39115e-01 |
   1339 | 1.11021e+01 8.29130e-03 | 1.25331e-02 1.07867e-01 1.39115e-01 |
   1340 | 1.11104e+01 8.29130e-03 | 1.25331e-02 1.07867e-01 1.39115e-01 |
   1341 | 1.11186e+01 8.29130e-03 | 1.25331e-02 1.07867e-01 1.39115e-01 |
   1342 | 1.11269e+01 8.29131e-03 | 1.25331e-02 1.07867e-01 1.39115e-01 |
   1343 | 1.11352e+01 8.29131e-03 | 1.25331e-02 1.07867e-01 1.39115e-01 |
   1344 | 1.11435e+01 8.29132e-03 | 1.25331e-02 1.07867e-01 1.39115e-01 |
   1345 | 1.11518e+01 8.29132e-03 | 1.25331e-02 1.07867e-01 1.39115e-01 |
   1346 | 1.11601e+01 8.29133e-03 | 1.25331e-02 1.07867e-01 1.39115e-01 |
   1347 | 1.11684e+01 8.29134e-03 | 1.25331e-02 1.07867e-01 1.39115e-01 |
   1348 | 1.11767e+01 8.29134e-03 | 1.25331e-02 1.07867e-01 1.39115e-01 |
   1349 | 1.11850e+01 8.29135e-03 | 1.25331e-02 1.07867e-01 1.39115e-01 |
   1350 | 1.11933e+01 8.29136e-03 | 1.25331e-02 1.07867e-01 1.39115e-01 |
   1351 | 1.12016e+01 8.29137e-03 | 1.25331e-02 1.07867e-01 1.39115e-01 |
   1352 | 1.12099e+01 8.29138e-03 | 1.25331e-02 1.07867e-01 1.39115e-01 |
   1353 | 1.12181e+01 8.29139e-03 | 1.25331e-02 1.07867e-01 1.39115e-01 |
   1354 | 1.12264e+01 8.29139e-03 | 1.25331e-02 1.07867e-01 1.39115e-01 |
   1355 | 1.12347e+01 8.29138e-03 | 1.25331e-02 1.07867e-01 1.39115e-01 |
   1356 | 1.12430e+01 8.29137e-03 | 1.25331e-02 1.07867e-01 1.39115e-01 |
   1357 | 1.12513e+01 8.29136e-03 | 1.25331e-02 1.07867e-01 1.39115e-01 |
   1358 | 1.12596e+01 8.29136e-03 | 1.25331e-02 1.07867e-01 1.39115e-01 |
   1359 | 1.12679e+01 8.29135e-03 | 1.25331e-02 1.07867e-01 1.39115e-01 |
   1360 | 1.12762e+01 8.29134e-03 | 1.25331e-02 1.07867e-01 1.39115e-01 |
   1361 | 1.12845e+01 8.29134e-03 | 1.25331e-02 1.07867e-01 1.39115e-01 |
   1362 | 1.12928e+01 8.29133e-03 | 1.25331e-02 1.07867e-01 1.39115e-01 |
   1363 | 1.13011e+01 8.29133e-03 | 1.25331e-02 1.07867e-01 1.39115e-01 |
   1364 | 1.13093e+01 8.29132e-03 | 1.25331e-02 1.07867e-01 1.39115e-01 |
   1365 | 1.13176e+01 8.29132e-03 | 1.25331e-02 1.07867e-01 1.39115e-01 |
   1366 | 1.13259e+01 8.29132e-03 | 1.25331e-02 1.07867e-01 1.39115e-01 |
   1367 | 1.13342e+01 8.29131e-03 | 1.25331e-02 1.07867e-01 1.39115e-01 |
   1368 | 1.13425e+01 8.29131e-03 | 1.25331e-02 1.07867e-01 1.39115e-01 |
   1369 | 1.13508e+01 8.29131e-03 | 1.25331e-02 1.07867e-01 1.39115e-01 |
   1370 | 1.13591e+01 8.29131e-03 | 1.25331e-02 1.07867e-01 1.39115e-01 |
   1371 | 1.13674e+01 8.29130e-03 | 1.25331e-02 1.07867e-01 1.39115e-01 |
   1372 | 1.13757e+01 8.29130e-03 | 1.25331e-02 1.07867e-01 1.39115e-01 |
   1373 | 1.13840e+01 8.29130e-03 | 1.25331e-02 1.07867e-01 1.39115e-01 |
   1374 | 1.13923e+01 8.29130e-03 | 1.25331e-02 1.07867e-01 1.39115e-01 |
   1375 | 1.14006e+01 8.29130e-03 | 1.25331e-02 1.07867e-01 1.39115e-01 |
   1376 | 1.14088e+01 8.29130e-03 | 1.25331e-02 1.07867e-01 1.39115e-01 |
   1377 | 1.14171e+01 8.29130e-03 | 1.25331e-02 1.07867e-01 1.39115e-01 |
   1378 | 1.14254e+01 8.29131e-03 | 1.25331e-02 1.07867e-01 1.39115e-01 |
   1379 | 1.14337e+01 8.29131e-03 | 1.25331e-02 1.07867e-01 1.39115e-01 |
   1380 | 1.14420e+01 8.29131e-03 | 1.25331e-02 1.07867e-01 1.39115e-01 |
   1381 | 1.14503e+01 8.29131e-03 | 1.25331e-02 1.07867e-01 1.39115e-01 |
   1382 | 1.14586e+01 8.29132e-03 | 1.25331e-02 1.07867e-01 1.39115e-01 |
   1383 | 1.14669e+01 8.29131e-03 | 1.25331e-02 1.07867e-01 1.39115e-01 |
   1384 | 1.14752e+01 8.29131e-03 | 1.25331e-02 1.07867e-01 1.39115e-01 |
   1385 | 1.14835e+01 8.29131e-03 | 1.25331e-02 1.07867e-01 1.39115e-01 |
   1386 | 1.14918e+01 8.29131e-03 | 1.25331e-02 1.07867e-01 1.39115e-01 |
   1387 | 1.15000e+01 8.29131e-03 | 1.25331e-02 1.07867e-01 1.39115e-01 |
   1388 | 1.15083e+01 8.29131e-03 | 1.25331e-02 1.07867e-01 1.39115e-01 |
   1389 | 1.15166e+01 8.29131e-03 | 1.25331e-02 1.07867e-01 1.39115e-01 |
   1390 | 1.15249e+01 8.29131e-03 | 1.25331e-02 1.07867e-01 1.39115e-01 |
   1391 | 1.15332e+01 8.29131e-03 | 1.25331e-02 1.07867e-01 1.39115e-01 |
   1392 | 1.15415e+01 8.29131e-03 | 1.25331e-02 1.07867e-01 1.39115e-01 |
   1393 | 1.15498e+01 8.29132e-03 | 1.25331e-02 1.07867e-01 1.39115e-01 |
   1394 | 1.15581e+01 8.29132e-03 | 1.25331e-02 1.07867e-01 1.39115e-01 |
   1395 | 1.15664e+01 8.29132e-03 | 1.25331e-02 1.07867e-01 1.39115e-01 |
   1396 | 1.15747e+01 8.29132e-03 | 1.25331e-02 1.07867e-01 1.39115e-01 |
   1397 | 1.15830e+01 8.29133e-03 | 1.25331e-02 1.07867e-01 1.39115e-01 |
   1398 | 1.15913e+01 8.29133e-03 | 1.25331e-02 1.07867e-01 1.39115e-01 |
   1399 | 1.15995e+01 8.29134e-03 | 1.25331e-02 1.07867e-01 1.39115e-01 |
   1400 | 1.16078e+01 8.29134e-03 | 1.25331e-02 1.07867e-01 1.39115e-01 |
   1401 | 1.16161e+01 8.29135e-03 | 1.25331e-02 1.07867e-01 1.39115e-01 |
   1402 | 1.16244e+01 8.29135e-03 | 1.25331e-02 1.07867e-01 1.39115e-01 |
   1403 | 1.16327e+01 8.29136e-03 | 1.25331e-02 1.07867e-01 1.39115e-01 |
   1404 | 1.16410e+01 8.29137e-03 | 1.25331e-02 1.07867e-01 1.39115e-01 |
   1405 | 1.16493e+01 8.29137e-03 | 1.25331e-02 1.07867e-01 1.39115e-01 |
   1406 | 1.16576e+01 8.29138e-03 | 1.25331e-02 1.07867e-01 1.39115e-01 |
   1407 | 1.16659e+01 8.29139e-03 | 1.25331e-02 1.07867e-01 1.39115e-01 |
   1408 | 1.16742e+01 8.29140e-03 | 1.25331e-02 1.07867e-01 1.39115e-01 |
   1409 | 1.16825e+01 8.29141e-03 | 1.25331e-02 1.07867e-01 1.39115e-01 |
   1410 | 1.16907e+01 8.29141e-03 | 1.25331e-02 1.07867e-01 1.39115e-01 |
   1411 | 1.16990e+01 8.29140e-03 | 1.25331e-02 1.07867e-01 1.39115e-01 |
   1412 | 1.17073e+01 8.29139e-03 | 1.25331e-02 1.07867e-01 1.39115e-01 |
   1413 | 1.17156e+01 8.29139e-03 | 1.25331e-02 1.07867e-01 1.39115e-01 |
   1414 | 1.17239e+01 8.29138e-03 | 1.25331e-02 1.07867e-01 1.39115e-01 |
   1415 | 1.17322e+01 8.29137e-03 | 1.25331e-02 1.07867e-01 1.39115e-01 |
   1416 | 1.17405e+01 8.29137e-03 | 1.25331e-02 1.07867e-01 1.39115e-01 |
   1417 | 1.17488e+01 8.29137e-03 | 1.25331e-02 1.07867e-01 1.39115e-01 |
   1418 | 1.17571e+01 8.29136e-03 | 1.25331e-02 1.07867e-01 1.39115e-01 |
   1419 | 1.17654e+01 8.29136e-03 | 1.25331e-02 1.07867e-01 1.39115e-01 |
   1420 | 1.17737e+01 8.29135e-03 | 1.25331e-02 1.07867e-01 1.39115e-01 |
   1421 | 1.17820e+01 8.29135e-03 | 1.25331e-02 1.07867e-01 1.39115e-01 |
   1422 | 1.17902e+01 8.29135e-03 | 1.25331e-02 1.07867e-01 1.39115e-01 |
   1423 | 1.17985e+01 8.29135e-03 | 1.25331e-02 1.07867e-01 1.39115e-01 |
   1424 | 1.18068e+01 8.29134e-03 | 1.25331e-02 1.07867e-01 1.39115e-01 |
   1425 | 1.18151e+01 8.29133e-03 | 1.25331e-02 1.07867e-01 1.39115e-01 |
   1426 | 1.18234e+01 8.29133e-03 | 1.25331e-02 1.07867e-01 1.39115e-01 |
   1427 | 1.18317e+01 8.29132e-03 | 1.25331e-02 1.07867e-01 1.39115e-01 |
   1428 | 1.18400e+01 8.29131e-03 | 1.25331e-02 1.07867e-01 1.39115e-01 |
   1429 | 1.18483e+01 8.29131e-03 | 1.25331e-02 1.07867e-01 1.39115e-01 |
   1430 | 1.18566e+01 8.29130e-03 | 1.25331e-02 1.07867e-01 1.39115e-01 |
   1431 | 1.18649e+01 8.29130e-03 | 1.25331e-02 1.07867e-01 1.39115e-01 |
   1432 | 1.18732e+01 8.29129e-03 | 1.25331e-02 1.07867e-01 1.39115e-01 |
   1433 | 1.18815e+01 8.29129e-03 | 1.25331e-02 1.07867e-01 1.39115e-01 |
   1434 | 1.18897e+01 8.29129e-03 | 1.25331e-02 1.07867e-01 1.39115e-01 |
   1435 | 1.18980e+01 8.29128e-03 | 1.25331e-02 1.07867e-01 1.39115e-01 |
   1436 | 1.19063e+01 8.29128e-03 | 1.25331e-02 1.07867e-01 1.39115e-01 |
   1437 | 1.19146e+01 8.29128e-03 | 1.25331e-02 1.07867e-01 1.39115e-01 |
   1438 | 1.19229e+01 8.29128e-03 | 1.25331e-02 1.07867e-01 1.39115e-01 |
   1439 | 1.19312e+01 8.29128e-03 | 1.25331e-02 1.07867e-01 1.39115e-01 |
   1440 | 1.19395e+01 8.29128e-03 | 1.25331e-02 1.07867e-01 1.39115e-01 |
   1441 | 1.19478e+01 8.29128e-03 | 1.25331e-02 1.07867e-01 1.39115e-01 |
   1442 | 1.19561e+01 8.29128e-03 | 1.25331e-02 1.07867e-01 1.39115e-01 |
   1443 | 1.19644e+01 8.29128e-03 | 1.25331e-02 1.07867e-01 1.39115e-01 |
   1444 | 1.19727e+01 8.29128e-03 | 1.25331e-02 1.07867e-01 1.39115e-01 |
   1445 | 1.19809e+01 8.29128e-03 | 1.25331e-02 1.07867e-01 1.39115e-01 |
   1446 | 1.19892e+01 8.29128e-03 | 1.25331e-02 1.07867e-01 1.39115e-01 |
   1447 | 1.19975e+01 8.29128e-03 | 1.25331e-02 1.07867e-01 1.39115e-01 |
   1448 | 1.20058e+01 8.29129e-03 | 1.25331e-02 1.07867e-01 1.39115e-01 |
   1449 | 1.20141e+01 8.29129e-03 | 1.25331e-02 1.07867e-01 1.39115e-01 |
   1450 | 1.20224e+01 8.29129e-03 | 1.25331e-02 1.07867e-01 1.39115e-01 |
   1451 | 1.20307e+01 8.29130e-03 | 1.25331e-02 1.07867e-01 1.39115e-01 |
   1452 | 1.20390e+01 8.29130e-03 | 1.25331e-02 1.07867e-01 1.39115e-01 |
   1453 | 1.20473e+01 8.29131e-03 | 1.25331e-02 1.07867e-01 1.39115e-01 |
   1454 | 1.20556e+01 8.29131e-03 | 1.25331e-02 1.07867e-01 1.39115e-01 |
   1455 | 1.20639e+01 8.29132e-03 | 1.25331e-02 1.07867e-01 1.39115e-01 |
   1456 | 1.20721e+01 8.29132e-03 | 1.25331e-02 1.07867e-01 1.39115e-01 |
   1457 | 1.20804e+01 8.29133e-03 | 1.25331e-02 1.07867e-01 1.39115e-01 |
   1458 | 1.20887e+01 8.29134e-03 | 1.25331e-02 1.07867e-01 1.39115e-01 |
   1459 | 1.20970e+01 8.29135e-03 | 1.25331e-02 1.07867e-01 1.39115e-01 |
   1460 | 1.21053e+01 8.29135e-03 | 1.25331e-02 1.07867e-01 1.39115e-01 |
   1461 | 1.21136e+01 8.29136e-03 | 1.25331e-02 1.07867e-01 1.39115e-01 |
   1462 | 1.21219e+01 8.29137e-03 | 1.25331e-02 1.07867e-01 1.39115e-01 |
   1463 | 1.21302e+01 8.29138e-03 | 1.25331e-02 1.07867e-01 1.39115e-01 |
   1464 | 1.21385e+01 8.29139e-03 | 1.25331e-02 1.07867e-01 1.39115e-01 |
   1465 | 1.21468e+01 8.29139e-03 | 1.25331e-02 1.07867e-01 1.39115e-01 |
   1466 | 1.21551e+01 8.29138e-03 | 1.25331e-02 1.07867e-01 1.39115e-01 |
   1467 | 1.21634e+01 8.29137e-03 | 1.25331e-02 1.07867e-01 1.39115e-01 |
   1468 | 1.21716e+01 8.29136e-03 | 1.25331e-02 1.07867e-01 1.39115e-01 |
   1469 | 1.21799e+01 8.29136e-03 | 1.25331e-02 1.07867e-01 1.39115e-01 |
   1470 | 1.21882e+01 8.29135e-03 | 1.25331e-02 1.07867e-01 1.39115e-01 |
   1471 | 1.21965e+01 8.29135e-03 | 1.25331e-02 1.07867e-01 1.39115e-01 |
   1472 | 1.22048e+01 8.29134e-03 | 1.25331e-02 1.07867e-01 1.39115e-01 |
   1473 | 1.22131e+01 8.29134e-03 | 1.25331e-02 1.07867e-01 1.39115e-01 |
   1474 | 1.22214e+01 8.29133e-03 | 1.25331e-02 1.07867e-01 1.39115e-01 |
   1475 | 1.22297e+01 8.29133e-03 | 1.25331e-02 1.07867e-01 1.39115e-01 |
   1476 | 1.22380e+01 8.29132e-03 | 1.25331e-02 1.07867e-01 1.39115e-01 |
   1477 | 1.22463e+01 8.29132e-03 | 1.25331e-02 1.07867e-01 1.39115e-01 |
   1478 | 1.22546e+01 8.29132e-03 | 1.25331e-02 1.07867e-01 1.39115e-01 |
   1479 | 1.22629e+01 8.29132e-03 | 1.25331e-02 1.07867e-01 1.39115e-01 |
   1480 | 1.22711e+01 8.29131e-03 | 1.25331e-02 1.07867e-01 1.39115e-01 |
   1481 | 1.22794e+01 8.29131e-03 | 1.25331e-02 1.07867e-01 1.39115e-01 |
   1482 | 1.22877e+01 8.29131e-03 | 1.25331e-02 1.07867e-01 1.39115e-01 |
   1483 | 1.22960e+01 8.29131e-03 | 1.25331e-02 1.07867e-01 1.39115e-01 |
   1484 | 1.23043e+01 8.29131e-03 | 1.25331e-02 1.07867e-01 1.39115e-01 |
   1485 | 1.23126e+01 8.29131e-03 | 1.25331e-02 1.07867e-01 1.39115e-01 |
   1486 | 1.23209e+01 8.29131e-03 | 1.25331e-02 1.07867e-01 1.39115e-01 |
   1487 | 1.23292e+01 8.29131e-03 | 1.25331e-02 1.07867e-01 1.39115e-01 |
   1488 | 1.23375e+01 8.29131e-03 | 1.25331e-02 1.07867e-01 1.39115e-01 |
   1489 | 1.23458e+01 8.29132e-03 | 1.25331e-02 1.07867e-01 1.39115e-01 |
   1490 | 1.23541e+01 8.29132e-03 | 1.25331e-02 1.07867e-01 1.39115e-01 |
   1491 | 1.23623e+01 8.29132e-03 | 1.25331e-02 1.07867e-01 1.39115e-01 |
   1492 | 1.23706e+01 8.29133e-03 | 1.25331e-02 1.07867e-01 1.39115e-01 |
   1493 | 1.23789e+01 8.29133e-03 | 1.25331e-02 1.07867e-01 1.39115e-01 |
   1494 | 1.23872e+01 8.29133e-03 | 1.25331e-02 1.07867e-01 1.39115e-01 |
   1495 | 1.23955e+01 8.29134e-03 | 1.25331e-02 1.07867e-01 1.39115e-01 |
   1496 | 1.24038e+01 8.29134e-03 | 1.25331e-02 1.07867e-01 1.39115e-01 |
   1497 | 1.24121e+01 8.29135e-03 | 1.25331e-02 1.07867e-01 1.39115e-01 |
   1498 | 1.24204e+01 8.29136e-03 | 1.25331e-02 1.07867e-01 1.39115e-01 |
   1499 | 1.24287e+01 8.29136e-03 | 1.25331e-02 1.07867e-01 1.39115e-01 |
   1500 | 1.24370e+01 8.29137e-03 | 1.25331e-02 1.07867e-01 1.39115e-01 |
   1501 | 1.24453e+01 8.29138e-03 | 1.25331e-02 1.07867e-01 1.39115e-01 |
   1502 | 1.24536e+01 8.29138e-03 | 1.25331e-02 1.07867e-01 1.39115e-01 |
   1503 | 1.24618e+01 8.29139e-03 | 1.25331e-02 1.07867e-01 1.39115e-01 |
   1504 | 1.24701e+01 8.29140e-03 | 1.25331e-02 1.07867e-01 1.39115e-01 |
   1505 | 1.24784e+01 8.29141e-03 | 1.25331e-02 1.07867e-01 1.39115e-01 |
   1506 | 1.24867e+01 8.29142e-03 | 1.25331e-02 1.07867e-01 1.39115e-01 |
   1507 | 1.24950e+01 8.29142e-03 | 1.25331e-02 1.07867e-01 1.39115e-01 |
   1508 | 1.25033e+01 8.29142e-03 | 1.25331e-02 1.07867e-01 1.39115e-01 |
   1509 | 1.25116e+01 8.29142e-03 | 1.25331e-02 1.07867e-01 1.39115e-01 |
   1510 | 1.25199e+01 8.29143e-03 | 1.25331e-02 1.07867e-01 1.39115e-01 |
   1511 | 1.25282e+01 8.29143e-03 | 1.25331e-02 1.07867e-01 1.39115e-01 |
   1512 | 1.25365e+01 8.29144e-03 | 1.25331e-02 1.07867e-01 1.39115e-01 |
   1513 | 1.25448e+01 8.29144e-03 | 1.25331e-02 1.07867e-01 1.39115e-01 |
   1514 | 1.25530e+01 8.29144e-03 | 1.25331e-02 1.07867e-01 1.39115e-01 |
   1515 | 1.25613e+01 8.29143e-03 | 1.25331e-02 1.07867e-01 1.39115e-01 |
   1516 | 1.25696e+01 8.29141e-03 | 1.25331e-02 1.07867e-01 1.39115e-01 |
   1517 | 1.25779e+01 8.29140e-03 | 1.25331e-02 1.07867e-01 1.39115e-01 |
   1518 | 1.25862e+01 8.29139e-03 | 1.25331e-02 1.07867e-01 1.39115e-01 |
   1519 | 1.25945e+01 8.29138e-03 | 1.25331e-02 1.07867e-01 1.39115e-01 |
   1520 | 1.26028e+01 8.29137e-03 | 1.25331e-02 1.07867e-01 1.39115e-01 |
   1521 | 1.26111e+01 8.29136e-03 | 1.25331e-02 1.07867e-01 1.39115e-01 |
   1522 | 1.26194e+01 8.29135e-03 | 1.25331e-02 1.07867e-01 1.39115e-01 |
   1523 | 1.26277e+01 8.29134e-03 | 1.25331e-02 1.07867e-01 1.39115e-01 |
   1524 | 1.26360e+01 8.29133e-03 | 1.25331e-02 1.07867e-01 1.39115e-01 |
   1525 | 1.26443e+01 8.29132e-03 | 1.25331e-02 1.07867e-01 1.39115e-01 |
   1526 | 1.26525e+01 8.29131e-03 | 1.25331e-02 1.07867e-01 1.39115e-01 |
   1527 | 1.26608e+01 8.29130e-03 | 1.25331e-02 1.07867e-01 1.39115e-01 |
   1528 | 1.26691e+01 8.29130e-03 | 1.25331e-02 1.07867e-01 1.39115e-01 |
   1529 | 1.26774e+01 8.29129e-03 | 1.25331e-02 1.07867e-01 1.39115e-01 |
   1530 | 1.26857e+01 8.29128e-03 | 1.25331e-02 1.07867e-01 1.39115e-01 |
   1531 | 1.26940e+01 8.29128e-03 | 1.25331e-02 1.07867e-01 1.39115e-01 |
   1532 | 1.27023e+01 8.29127e-03 | 1.25331e-02 1.07867e-01 1.39115e-01 |
   1533 | 1.27106e+01 8.29127e-03 | 1.25331e-02 1.07867e-01 1.39115e-01 |
   1534 | 1.27189e+01 8.29126e-03 | 1.25331e-02 1.07867e-01 1.39115e-01 |
   1535 | 1.27272e+01 8.29126e-03 | 1.25331e-02 1.07867e-01 1.39115e-01 |
   1536 | 1.27355e+01 8.29125e-03 | 1.25331e-02 1.07867e-01 1.39115e-01 |
   1537 | 1.27437e+01 8.29125e-03 | 1.25331e-02 1.07867e-01 1.39115e-01 |
   1538 | 1.27520e+01 8.29125e-03 | 1.25331e-02 1.07867e-01 1.39115e-01 |
   1539 | 1.27603e+01 8.29124e-03 | 1.25331e-02 1.07867e-01 1.39115e-01 |
   1540 | 1.27686e+01 8.29124e-03 | 1.25331e-02 1.07867e-01 1.39115e-01 |
   1541 | 1.27769e+01 8.29124e-03 | 1.25331e-02 1.07867e-01 1.39115e-01 |
   1542 | 1.27852e+01 8.29124e-03 | 1.25331e-02 1.07867e-01 1.39115e-01 |
   1543 | 1.27935e+01 8.29124e-03 | 1.25331e-02 1.07867e-01 1.39115e-01 |
   1544 | 1.28018e+01 8.29124e-03 | 1.25331e-02 1.07867e-01 1.39115e-01 |
   1545 | 1.28101e+01 8.29124e-03 | 1.25331e-02 1.07867e-01 1.39115e-01 |
   1546 | 1.28184e+01 8.29124e-03 | 1.25331e-02 1.07867e-01 1.39115e-01 |
   1547 | 1.28267e+01 8.29124e-03 | 1.25331e-02 1.07867e-01 1.39115e-01 |
   1548 | 1.28350e+01 8.29124e-03 | 1.25331e-02 1.07867e-01 1.39115e-01 |
   1549 | 1.28432e+01 8.29124e-03 | 1.25331e-02 1.07867e-01 1.39115e-01 |
   1550 | 1.28515e+01 8.29124e-03 | 1.25331e-02 1.07867e-01 1.39115e-01 |
   1551 | 1.28598e+01 8.29125e-03 | 1.25331e-02 1.07867e-01 1.39115e-01 |
   1552 | 1.28681e+01 8.29125e-03 | 1.25331e-02 1.07867e-01 1.39115e-01 |
   1553 | 1.28764e+01 8.29125e-03 | 1.25331e-02 1.07867e-01 1.39115e-01 |
   1554 | 1.28847e+01 8.29126e-03 | 1.25331e-02 1.07867e-01 1.39115e-01 |
   1555 | 1.28930e+01 8.29126e-03 | 1.25331e-02 1.07867e-01 1.39115e-01 |
   1556 | 1.29013e+01 8.29127e-03 | 1.25331e-02 1.07867e-01 1.39115e-01 |
   1557 | 1.29096e+01 8.29127e-03 | 1.25331e-02 1.07867e-01 1.39115e-01 |
   1558 | 1.29179e+01 8.29128e-03 | 1.25331e-02 1.07867e-01 1.39115e-01 |
   1559 | 1.29262e+01 8.29128e-03 | 1.25331e-02 1.07867e-01 1.39115e-01 |
   1560 | 1.29344e+01 8.29129e-03 | 1.25331e-02 1.07867e-01 1.39115e-01 |
   1561 | 1.29427e+01 8.29130e-03 | 1.25331e-02 1.07867e-01 1.39115e-01 |
   1562 | 1.29510e+01 8.29130e-03 | 1.25331e-02 1.07867e-01 1.39115e-01 |
   1563 | 1.29593e+01 8.29131e-03 | 1.25331e-02 1.07867e-01 1.39115e-01 |
   1564 | 1.29676e+01 8.29132e-03 | 1.25331e-02 1.07867e-01 1.39115e-01 |
   1565 | 1.29759e+01 8.29133e-03 | 1.25331e-02 1.07867e-01 1.39115e-01 |
   1566 | 1.29842e+01 8.29134e-03 | 1.25331e-02 1.07867e-01 1.39115e-01 |
   1567 | 1.29925e+01 8.29135e-03 | 1.25331e-02 1.07867e-01 1.39115e-01 |
   1568 | 1.30008e+01 8.29136e-03 | 1.25331e-02 1.07867e-01 1.39115e-01 |
   1569 | 1.30091e+01 8.29137e-03 | 1.25331e-02 1.07867e-01 1.39115e-01 |
   1570 | 1.30174e+01 8.29138e-03 | 1.25331e-02 1.07867e-01 1.39115e-01 |
   1571 | 1.30257e+01 8.29139e-03 | 1.25331e-02 1.07867e-01 1.39115e-01 |
   1572 | 1.30339e+01 8.29140e-03 | 1.25331e-02 1.07867e-01 1.39115e-01 |
   1573 | 1.30422e+01 8.29139e-03 | 1.25331e-02 1.07867e-01 1.39115e-01 |
   1574 | 1.30505e+01 8.29137e-03 | 1.25331e-02 1.07867e-01 1.39115e-01 |
   1575 | 1.30588e+01 8.29136e-03 | 1.25331e-02 1.07867e-01 1.39115e-01 |
   1576 | 1.30671e+01 8.29135e-03 | 1.25331e-02 1.07867e-01 1.39115e-01 |
   1577 | 1.30754e+01 8.29135e-03 | 1.25331e-02 1.07867e-01 1.39115e-01 |
   1578 | 1.30837e+01 8.29134e-03 | 1.25331e-02 1.07867e-01 1.39115e-01 |
   1579 | 1.30920e+01 8.29133e-03 | 1.25331e-02 1.07867e-01 1.39115e-01 |
   1580 | 1.31003e+01 8.29132e-03 | 1.25331e-02 1.07867e-01 1.39115e-01 |
   1581 | 1.31086e+01 8.29131e-03 | 1.25331e-02 1.07867e-01 1.39115e-01 |
   1582 | 1.31169e+01 8.29131e-03 | 1.25331e-02 1.07867e-01 1.39115e-01 |
   1583 | 1.31251e+01 8.29130e-03 | 1.25331e-02 1.07867e-01 1.39115e-01 |
   1584 | 1.31334e+01 8.29129e-03 | 1.25331e-02 1.07867e-01 1.39115e-01 |
   1585 | 1.31417e+01 8.29129e-03 | 1.25331e-02 1.07867e-01 1.39115e-01 |
   1586 | 1.31500e+01 8.29128e-03 | 1.25331e-02 1.07867e-01 1.39115e-01 |
   1587 | 1.31583e+01 8.29128e-03 | 1.25331e-02 1.07867e-01 1.39115e-01 |
   1588 | 1.31666e+01 8.29127e-03 | 1.25331e-02 1.07867e-01 1.39115e-01 |
   1589 | 1.31749e+01 8.29127e-03 | 1.25331e-02 1.07867e-01 1.39115e-01 |
   1590 | 1.31832e+01 8.29126e-03 | 1.25331e-02 1.07867e-01 1.39115e-01 |
   1591 | 1.31915e+01 8.29126e-03 | 1.25331e-02 1.07867e-01 1.39115e-01 |
   1592 | 1.31998e+01 8.29126e-03 | 1.25331e-02 1.07867e-01 1.39115e-01 |
   1593 | 1.32081e+01 8.29126e-03 | 1.25331e-02 1.07867e-01 1.39115e-01 |
   1594 | 1.32164e+01 8.29125e-03 | 1.25331e-02 1.07867e-01 1.39115e-01 |
   1595 | 1.32246e+01 8.29125e-03 | 1.25331e-02 1.07867e-01 1.39115e-01 |
   1596 | 1.32329e+01 8.29125e-03 | 1.25331e-02 1.07867e-01 1.39115e-01 |
   1597 | 1.32412e+01 8.29125e-03 | 1.25331e-02 1.07867e-01 1.39115e-01 |
   1598 | 1.32495e+01 8.29125e-03 | 1.25331e-02 1.07867e-01 1.39115e-01 |
   1599 | 1.32578e+01 8.29125e-03 | 1.25331e-02 1.07867e-01 1.39115e-01 |
   1600 | 1.32661e+01 8.29125e-03 | 1.25331e-02 1.07867e-01 1.39115e-01 |
   1601 | 1.32744e+01 8.29125e-03 | 1.25331e-02 1.07867e-01 1.39115e-01 |
   1602 | 1.32827e+01 8.29125e-03 | 1.25331e-02 1.07867e-01 1.39115e-01 |
   1603 | 1.32910e+01 8.29126e-03 | 1.25331e-02 1.07867e-01 1.39115e-01 |
   1604 | 1.32993e+01 8.29126e-03 | 1.25331e-02 1.07867e-01 1.39115e-01 |
   1605 | 1.33076e+01 8.29126e-03 | 1.25331e-02 1.07867e-01 1.39115e-01 |
   1606 | 1.33158e+01 8.29126e-03 | 1.25331e-02 1.07867e-01 1.39115e-01 |
   1607 | 1.33241e+01 8.29127e-03 | 1.25331e-02 1.07867e-01 1.39115e-01 |
   1608 | 1.33324e+01 8.29127e-03 | 1.25331e-02 1.07867e-01 1.39115e-01 |
   1609 | 1.33407e+01 8.29128e-03 | 1.25331e-02 1.07867e-01 1.39115e-01 |
   1610 | 1.33490e+01 8.29128e-03 | 1.25331e-02 1.07867e-01 1.39115e-01 |
   1611 | 1.33573e+01 8.29129e-03 | 1.25331e-02 1.07867e-01 1.39115e-01 |
   1612 | 1.33656e+01 8.29129e-03 | 1.25331e-02 1.07867e-01 1.39115e-01 |
   1613 | 1.33739e+01 8.29130e-03 | 1.25331e-02 1.07867e-01 1.39115e-01 |
   1614 | 1.33822e+01 8.29131e-03 | 1.25331e-02 1.07867e-01 1.39115e-01 |
   1615 | 1.33905e+01 8.29131e-03 | 1.25331e-02 1.07867e-01 1.39115e-01 |
   1616 | 1.33988e+01 8.29132e-03 | 1.25331e-02 1.07867e-01 1.39115e-01 |
   1617 | 1.34071e+01 8.29133e-03 | 1.25331e-02 1.07867e-01 1.39115e-01 |
   1618 | 1.34153e+01 8.29134e-03 | 1.25331e-02 1.07867e-01 1.39115e-01 |
   1619 | 1.34236e+01 8.29135e-03 | 1.25331e-02 1.07867e-01 1.39115e-01 |
   1620 | 1.34319e+01 8.29136e-03 | 1.25331e-02 1.07867e-01 1.39115e-01 |
   1621 | 1.34402e+01 8.29137e-03 | 1.25331e-02 1.07867e-01 1.39115e-01 |
   1622 | 1.34485e+01 8.29138e-03 | 1.25331e-02 1.07867e-01 1.39115e-01 |
   1623 | 1.34568e+01 8.29139e-03 | 1.25331e-02 1.07867e-01 1.39115e-01 |
   1624 | 1.34651e+01 8.29140e-03 | 1.25331e-02 1.07867e-01 1.39115e-01 |
   1625 | 1.34734e+01 8.29141e-03 | 1.25331e-02 1.07867e-01 1.39115e-01 |
   1626 | 1.34817e+01 8.29142e-03 | 1.25331e-02 1.07867e-01 1.39115e-01 |
   1627 | 1.34900e+01 8.29140e-03 | 1.25331e-02 1.07867e-01 1.39115e-01 |
   1628 | 1.34983e+01 8.29139e-03 | 1.25331e-02 1.07867e-01 1.39115e-01 |
   1629 | 1.35065e+01 8.29138e-03 | 1.25331e-02 1.07867e-01 1.39115e-01 |
   1630 | 1.35148e+01 8.29137e-03 | 1.25331e-02 1.07867e-01 1.39115e-01 |
   1631 | 1.35231e+01 8.29136e-03 | 1.25331e-02 1.07867e-01 1.39115e-01 |
   1632 | 1.35314e+01 8.29135e-03 | 1.25331e-02 1.07867e-01 1.39115e-01 |
   1633 | 1.35397e+01 8.29134e-03 | 1.25331e-02 1.07867e-01 1.39115e-01 |
   1634 | 1.35480e+01 8.29133e-03 | 1.25331e-02 1.07867e-01 1.39115e-01 |
   1635 | 1.35563e+01 8.29132e-03 | 1.25331e-02 1.07867e-01 1.39115e-01 |
   1636 | 1.35646e+01 8.29131e-03 | 1.25331e-02 1.07867e-01 1.39115e-01 |
   1637 | 1.35729e+01 8.29131e-03 | 1.25331e-02 1.07867e-01 1.39115e-01 |
   1638 | 1.35812e+01 8.29130e-03 | 1.25331e-02 1.07867e-01 1.39115e-01 |
   1639 | 1.35895e+01 8.29129e-03 | 1.25331e-02 1.07867e-01 1.39115e-01 |
   1640 | 1.35978e+01 8.29129e-03 | 1.25331e-02 1.07867e-01 1.39115e-01 |
   1641 | 1.36060e+01 8.29128e-03 | 1.25331e-02 1.07867e-01 1.39115e-01 |
   1642 | 1.36143e+01 8.29127e-03 | 1.25331e-02 1.07867e-01 1.39115e-01 |
   1643 | 1.36226e+01 8.29127e-03 | 1.25331e-02 1.07867e-01 1.39115e-01 |
   1644 | 1.36309e+01 8.29126e-03 | 1.25331e-02 1.07867e-01 1.39115e-01 |
   1645 | 1.36392e+01 8.29126e-03 | 1.25331e-02 1.07867e-01 1.39115e-01 |
   1646 | 1.36475e+01 8.29125e-03 | 1.25331e-02 1.07867e-01 1.39115e-01 |
   1647 | 1.36558e+01 8.29125e-03 | 1.25331e-02 1.07867e-01 1.39115e-01 |
   1648 | 1.36641e+01 8.29125e-03 | 1.25331e-02 1.07867e-01 1.39115e-01 |
   1649 | 1.36724e+01 8.29125e-03 | 1.25331e-02 1.07867e-01 1.39115e-01 |
   1650 | 1.36807e+01 8.29124e-03 | 1.25331e-02 1.07867e-01 1.39115e-01 |
   1651 | 1.36890e+01 8.29124e-03 | 1.25331e-02 1.07867e-01 1.39115e-01 |
   1652 | 1.36972e+01 8.29124e-03 | 1.25331e-02 1.07867e-01 1.39115e-01 |
   1653 | 1.37055e+01 8.29124e-03 | 1.25331e-02 1.07867e-01 1.39115e-01 |
   1654 | 1.37138e+01 8.29124e-03 | 1.25331e-02 1.07867e-01 1.39115e-01 |
   1655 | 1.37221e+01 8.29124e-03 | 1.25331e-02 1.07867e-01 1.39115e-01 |
   1656 | 1.37304e+01 8.29124e-03 | 1.25331e-02 1.07867e-01 1.39115e-01 |
   1657 | 1.37387e+01 8.29124e-03 | 1.25331e-02 1.07867e-01 1.39115e-01 |
   1658 | 1.37470e+01 8.29124e-03 | 1.25331e-02 1.07867e-01 1.39115e-01 |
   1659 | 1.37553e+01 8.29124e-03 | 1.25331e-02 1.07867e-01 1.39115e-01 |
   1660 | 1.37636e+01 8.29125e-03 | 1.25331e-02 1.07867e-01 1.39115e-01 |
   1661 | 1.37719e+01 8.29125e-03 | 1.25331e-02 1.07867e-01 1.39115e-01 |
   1662 | 1.37802e+01 8.29125e-03 | 1.25331e-02 1.07867e-01 1.39115e-01 |
   1663 | 1.37885e+01 8.29126e-03 | 1.25331e-02 1.07867e-01 1.39115e-01 |
   1664 | 1.37967e+01 8.29126e-03 | 1.25331e-02 1.07867e-01 1.39115e-01 |
   1665 | 1.38050e+01 8.29126e-03 | 1.25331e-02 1.07867e-01 1.39115e-01 |
   1666 | 1.38133e+01 8.29127e-03 | 1.25331e-02 1.07867e-01 1.39115e-01 |
   1667 | 1.38216e+01 8.29127e-03 | 1.25331e-02 1.07867e-01 1.39115e-01 |
   1668 | 1.38299e+01 8.29128e-03 | 1.25331e-02 1.07867e-01 1.39115e-01 |
   1669 | 1.38382e+01 8.29129e-03 | 1.25331e-02 1.07867e-01 1.39115e-01 |
   1670 | 1.38465e+01 8.29129e-03 | 1.25331e-02 1.07867e-01 1.39115e-01 |
   1671 | 1.38548e+01 8.29130e-03 | 1.25331e-02 1.07867e-01 1.39115e-01 |
   1672 | 1.38631e+01 8.29131e-03 | 1.25331e-02 1.07867e-01 1.39115e-01 |
   1673 | 1.38714e+01 8.29131e-03 | 1.25331e-02 1.07867e-01 1.39115e-01 |
   1674 | 1.38797e+01 8.29132e-03 | 1.25331e-02 1.07867e-01 1.39115e-01 |
   1675 | 1.38879e+01 8.29133e-03 | 1.25331e-02 1.07867e-01 1.39115e-01 |
   1676 | 1.38962e+01 8.29134e-03 | 1.25331e-02 1.07867e-01 1.39115e-01 |
   1677 | 1.39045e+01 8.29135e-03 | 1.25331e-02 1.07867e-01 1.39115e-01 |
   1678 | 1.39128e+01 8.29136e-03 | 1.25331e-02 1.07867e-01 1.39115e-01 |
   1679 | 1.39211e+01 8.29137e-03 | 1.25331e-02 1.07867e-01 1.39115e-01 |
   1680 | 1.39294e+01 8.29138e-03 | 1.25331e-02 1.07867e-01 1.39115e-01 |
   1681 | 1.39377e+01 8.29139e-03 | 1.25331e-02 1.07867e-01 1.39115e-01 |
   1682 | 1.39460e+01 8.29140e-03 | 1.25331e-02 1.07867e-01 1.39115e-01 |
   1683 | 1.39543e+01 8.29139e-03 | 1.25331e-02 1.07867e-01 1.39115e-01 |
   1684 | 1.39626e+01 8.29138e-03 | 1.25331e-02 1.07867e-01 1.39115e-01 |
   1685 | 1.39709e+01 8.29137e-03 | 1.25331e-02 1.07867e-01 1.39115e-01 |
   1686 | 1.39792e+01 8.29136e-03 | 1.25331e-02 1.07867e-01 1.39115e-01 |
   1687 | 1.39874e+01 8.29135e-03 | 1.25331e-02 1.07867e-01 1.39115e-01 |
   1688 | 1.39957e+01 8.29134e-03 | 1.25331e-02 1.07867e-01 1.39115e-01 |
   1689 | 1.40040e+01 8.29133e-03 | 1.25331e-02 1.07867e-01 1.39115e-01 |
   1690 | 1.40123e+01 8.29132e-03 | 1.25331e-02 1.07867e-01 1.39115e-01 |
   1691 | 1.40206e+01 8.29132e-03 | 1.25331e-02 1.07867e-01 1.39115e-01 |
   1692 | 1.40289e+01 8.29131e-03 | 1.25331e-02 1.07867e-01 1.39115e-01 |
   1693 | 1.40372e+01 8.29130e-03 | 1.25331e-02 1.07867e-01 1.39115e-01 |
   1694 | 1.40455e+01 8.29130e-03 | 1.25331e-02 1.07867e-01 1.39115e-01 |
   1695 | 1.40538e+01 8.29129e-03 | 1.25331e-02 1.07867e-01 1.39115e-01 |
   1696 | 1.40621e+01 8.29129e-03 | 1.25331e-02 1.07867e-01 1.39115e-01 |
   1697 | 1.40704e+01 8.29128e-03 | 1.25331e-02 1.07867e-01 1.39115e-01 |
   1698 | 1.40786e+01 8.29128e-03 | 1.25331e-02 1.07867e-01 1.39115e-01 |
   1699 | 1.40869e+01 8.29127e-03 | 1.25331e-02 1.07867e-01 1.39115e-01 |
   1700 | 1.40952e+01 8.29127e-03 | 1.25331e-02 1.07867e-01 1.39115e-01 |
   1701 | 1.41035e+01 8.29126e-03 | 1.25331e-02 1.07867e-01 1.39115e-01 |
   1702 | 1.41118e+01 8.29126e-03 | 1.25331e-02 1.07867e-01 1.39115e-01 |
   1703 | 1.41201e+01 8.29126e-03 | 1.25331e-02 1.07867e-01 1.39115e-01 |
   1704 | 1.41284e+01 8.29126e-03 | 1.25331e-02 1.07867e-01 1.39115e-01 |
   1705 | 1.41367e+01 8.29126e-03 | 1.25331e-02 1.07867e-01 1.39115e-01 |
   1706 | 1.41450e+01 8.29126e-03 | 1.25331e-02 1.07867e-01 1.39115e-01 |
   1707 | 1.41533e+01 8.29125e-03 | 1.25331e-02 1.07867e-01 1.39115e-01 |
   1708 | 1.41616e+01 8.29125e-03 | 1.25331e-02 1.07867e-01 1.39115e-01 |
   1709 | 1.41699e+01 8.29125e-03 | 1.25331e-02 1.07867e-01 1.39115e-01 |
   1710 | 1.41781e+01 8.29126e-03 | 1.25331e-02 1.07867e-01 1.39115e-01 |
   1711 | 1.41864e+01 8.29126e-03 | 1.25331e-02 1.07867e-01 1.39115e-01 |
   1712 | 1.41947e+01 8.29126e-03 | 1.25331e-02 1.07867e-01 1.39115e-01 |
   1713 | 1.42030e+01 8.29126e-03 | 1.25331e-02 1.07867e-01 1.39115e-01 |
   1714 | 1.42113e+01 8.29125e-03 | 1.25331e-02 1.07867e-01 1.39115e-01 |
   1715 | 1.42196e+01 8.29125e-03 | 1.25331e-02 1.07867e-01 1.39115e-01 |
   1716 | 1.42279e+01 8.29125e-03 | 1.25331e-02 1.07867e-01 1.39115e-01 |
   1717 | 1.42362e+01 8.29125e-03 | 1.25331e-02 1.07867e-01 1.39115e-01 |
   1718 | 1.42445e+01 8.29126e-03 | 1.25331e-02 1.07867e-01 1.39115e-01 |
   1719 | 1.42528e+01 8.29126e-03 | 1.25331e-02 1.07867e-01 1.39115e-01 |
   1720 | 1.42611e+01 8.29126e-03 | 1.25331e-02 1.07867e-01 1.39115e-01 |
   1721 | 1.42693e+01 8.29126e-03 | 1.25331e-02 1.07867e-01 1.39115e-01 |
   1722 | 1.42776e+01 8.29126e-03 | 1.25331e-02 1.07867e-01 1.39115e-01 |
   1723 | 1.42859e+01 8.29127e-03 | 1.25331e-02 1.07867e-01 1.39115e-01 |
   1724 | 1.42942e+01 8.29127e-03 | 1.25331e-02 1.07867e-01 1.39115e-01 |
   1725 | 1.43025e+01 8.29127e-03 | 1.25331e-02 1.07867e-01 1.39115e-01 |
   1726 | 1.43108e+01 8.29128e-03 | 1.25331e-02 1.07867e-01 1.39115e-01 |
   1727 | 1.43191e+01 8.29128e-03 | 1.25331e-02 1.07867e-01 1.39115e-01 |
   1728 | 1.43274e+01 8.29129e-03 | 1.25331e-02 1.07867e-01 1.39115e-01 |
   1729 | 1.43357e+01 8.29129e-03 | 1.25331e-02 1.07867e-01 1.39115e-01 |
   1730 | 1.43440e+01 8.29130e-03 | 1.25331e-02 1.07867e-01 1.39115e-01 |
   1731 | 1.43523e+01 8.29131e-03 | 1.25331e-02 1.07867e-01 1.39115e-01 |
   1732 | 1.43606e+01 8.29131e-03 | 1.25331e-02 1.07867e-01 1.39115e-01 |
   1733 | 1.43688e+01 8.29132e-03 | 1.25331e-02 1.07867e-01 1.39115e-01 |
   1734 | 1.43771e+01 8.29133e-03 | 1.25331e-02 1.07867e-01 1.39115e-01 |
   1735 | 1.43854e+01 8.29134e-03 | 1.25331e-02 1.07867e-01 1.39115e-01 |
   1736 | 1.43937e+01 8.29135e-03 | 1.25331e-02 1.07867e-01 1.39115e-01 |
   1737 | 1.44020e+01 8.29136e-03 | 1.25331e-02 1.07867e-01 1.39115e-01 |
   1738 | 1.44103e+01 8.29137e-03 | 1.25331e-02 1.07867e-01 1.39115e-01 |
   1739 | 1.44186e+01 8.29138e-03 | 1.25331e-02 1.07867e-01 1.39115e-01 |
   1740 | 1.44269e+01 8.29139e-03 | 1.25331e-02 1.07867e-01 1.39115e-01 |
   1741 | 1.44352e+01 8.29140e-03 | 1.25331e-02 1.07867e-01 1.39115e-01 |
   1742 | 1.44435e+01 8.29140e-03 | 1.25331e-02 1.07867e-01 1.39115e-01 |
   1743 | 1.44518e+01 8.29138e-03 | 1.25331e-02 1.07867e-01 1.39115e-01 |
   1744 | 1.44600e+01 8.29137e-03 | 1.25331e-02 1.07867e-01 1.39115e-01 |
   1745 | 1.44683e+01 8.29136e-03 | 1.25331e-02 1.07867e-01 1.39115e-01 |
   1746 | 1.44766e+01 8.29135e-03 | 1.25331e-02 1.07867e-01 1.39115e-01 |
   1747 | 1.44849e+01 8.29134e-03 | 1.25331e-02 1.07867e-01 1.39115e-01 |
   1748 | 1.44932e+01 8.29133e-03 | 1.25331e-02 1.07867e-01 1.39115e-01 |
   1749 | 1.45015e+01 8.29132e-03 | 1.25331e-02 1.07867e-01 1.39115e-01 |
   1750 | 1.45098e+01 8.29132e-03 | 1.25331e-02 1.07867e-01 1.39115e-01 |
   1751 | 1.45181e+01 8.29131e-03 | 1.25331e-02 1.07867e-01 1.39115e-01 |
   1752 | 1.45264e+01 8.29130e-03 | 1.25331e-02 1.07867e-01 1.39115e-01 |
   1753 | 1.45347e+01 8.29129e-03 | 1.25331e-02 1.07867e-01 1.39115e-01 |
   1754 | 1.45430e+01 8.29129e-03 | 1.25331e-02 1.07867e-01 1.39115e-01 |
   1755 | 1.45513e+01 8.29128e-03 | 1.25331e-02 1.07867e-01 1.39115e-01 |
   1756 | 1.45595e+01 8.29127e-03 | 1.25331e-02 1.07867e-01 1.39115e-01 |
   1757 | 1.45678e+01 8.29127e-03 | 1.25331e-02 1.07867e-01 1.39115e-01 |
   1758 | 1.45761e+01 8.29126e-03 | 1.25331e-02 1.07867e-01 1.39115e-01 |
   1759 | 1.45844e+01 8.29126e-03 | 1.25331e-02 1.07867e-01 1.39115e-01 |
   1760 | 1.45927e+01 8.29126e-03 | 1.25331e-02 1.07867e-01 1.39115e-01 |
   1761 | 1.46010e+01 8.29125e-03 | 1.25331e-02 1.07867e-01 1.39115e-01 |
   1762 | 1.46093e+01 8.29125e-03 | 1.25331e-02 1.07867e-01 1.39115e-01 |
   1763 | 1.46176e+01 8.29125e-03 | 1.25331e-02 1.07867e-01 1.39115e-01 |
   1764 | 1.46259e+01 8.29124e-03 | 1.25331e-02 1.07867e-01 1.39115e-01 |
   1765 | 1.46342e+01 8.29124e-03 | 1.25331e-02 1.07867e-01 1.39115e-01 |
   1766 | 1.46425e+01 8.29124e-03 | 1.25331e-02 1.07867e-01 1.39115e-01 |
   1767 | 1.46507e+01 8.29124e-03 | 1.25331e-02 1.07867e-01 1.39115e-01 |
   1768 | 1.46590e+01 8.29124e-03 | 1.25331e-02 1.07867e-01 1.39115e-01 |
   1769 | 1.46673e+01 8.29124e-03 | 1.25331e-02 1.07867e-01 1.39115e-01 |
   1770 | 1.46756e+01 8.29124e-03 | 1.25331e-02 1.07867e-01 1.39115e-01 |
   1771 | 1.46839e+01 8.29124e-03 | 1.25331e-02 1.07867e-01 1.39115e-01 |
   1772 | 1.46922e+01 8.29124e-03 | 1.25331e-02 1.07867e-01 1.39115e-01 |
   1773 | 1.47005e+01 8.29124e-03 | 1.25331e-02 1.07867e-01 1.39115e-01 |
   1774 | 1.47088e+01 8.29124e-03 | 1.25331e-02 1.07867e-01 1.39115e-01 |
   1775 | 1.47171e+01 8.29125e-03 | 1.25331e-02 1.07867e-01 1.39115e-01 |
   1776 | 1.47254e+01 8.29125e-03 | 1.25331e-02 1.07867e-01 1.39115e-01 |
   1777 | 1.47337e+01 8.29125e-03 | 1.25331e-02 1.07867e-01 1.39115e-01 |
   1778 | 1.47420e+01 8.29126e-03 | 1.25331e-02 1.07867e-01 1.39115e-01 |
   1779 | 1.47502e+01 8.29126e-03 | 1.25331e-02 1.07867e-01 1.39115e-01 |
   1780 | 1.47585e+01 8.29127e-03 | 1.25331e-02 1.07867e-01 1.39115e-01 |
   1781 | 1.47668e+01 8.29127e-03 | 1.25331e-02 1.07867e-01 1.39115e-01 |
   1782 | 1.47751e+01 8.29128e-03 | 1.25331e-02 1.07867e-01 1.39115e-01 |
   1783 | 1.47834e+01 8.29128e-03 | 1.25331e-02 1.07867e-01 1.39115e-01 |
   1784 | 1.47917e+01 8.29129e-03 | 1.25331e-02 1.07867e-01 1.39115e-01 |
   1785 | 1.48000e+01 8.29130e-03 | 1.25331e-02 1.07867e-01 1.39115e-01 |
   1786 | 1.48083e+01 8.29130e-03 | 1.25331e-02 1.07867e-01 1.39115e-01 |
   1787 | 1.48166e+01 8.29131e-03 | 1.25331e-02 1.07867e-01 1.39115e-01 |
   1788 | 1.48249e+01 8.29132e-03 | 1.25331e-02 1.07867e-01 1.39115e-01 |
   1789 | 1.48332e+01 8.29133e-03 | 1.25331e-02 1.07867e-01 1.39115e-01 |
   1790 | 1.48414e+01 8.29134e-03 | 1.25331e-02 1.07867e-01 1.39115e-01 |
   1791 | 1.48497e+01 8.29135e-03 | 1.25331e-02 1.07867e-01 1.39115e-01 |
   1792 | 1.48580e+01 8.29136e-03 | 1.25331e-02 1.07867e-01 1.39115e-01 |
   1793 | 1.48663e+01 8.29137e-03 | 1.25331e-02 1.07867e-01 1.39115e-01 |
   1794 | 1.48746e+01 8.29138e-03 | 1.25331e-02 1.07867e-01 1.39115e-01 |
   1795 | 1.48829e+01 8.29139e-03 | 1.25331e-02 1.07867e-01 1.39115e-01 |
   1796 | 1.48912e+01 8.29140e-03 | 1.25331e-02 1.07867e-01 1.39115e-01 |
   1797 | 1.48995e+01 8.29141e-03 | 1.25331e-02 1.07867e-01 1.39115e-01 |
   1798 | 1.49078e+01 8.29141e-03 | 1.25331e-02 1.07867e-01 1.39115e-01 |
   1799 | 1.49161e+01 8.29140e-03 | 1.25331e-02 1.07867e-01 1.39115e-01 |
   1800 | 1.49244e+01 8.29139e-03 | 1.25331e-02 1.07867e-01 1.39115e-01 |
   1801 | 1.49327e+01 8.29138e-03 | 1.25331e-02 1.07867e-01 1.39115e-01 |
   1802 | 1.49409e+01 8.29137e-03 | 1.25331e-02 1.07867e-01 1.39115e-01 |
   1803 | 1.49492e+01 8.29136e-03 | 1.25331e-02 1.07867e-01 1.39115e-01 |
   1804 | 1.49575e+01 8.29135e-03 | 1.25331e-02 1.07867e-01 1.39115e-01 |
   1805 | 1.49658e+01 8.29134e-03 | 1.25331e-02 1.07867e-01 1.39115e-01 |
   1806 | 1.49741e+01 8.29133e-03 | 1.25331e-02 1.07867e-01 1.39115e-01 |
   1807 | 1.49824e+01 8.29132e-03 | 1.25331e-02 1.07867e-01 1.39115e-01 |
   1808 | 1.49907e+01 8.29132e-03 | 1.25331e-02 1.07867e-01 1.39115e-01 |
   1809 | 1.49990e+01 8.29131e-03 | 1.25331e-02 1.07867e-01 1.39115e-01 |
   1810 | 1.50073e+01 8.29130e-03 | 1.25331e-02 1.07867e-01 1.39115e-01 |
   1811 | 1.50156e+01 8.29129e-03 | 1.25331e-02 1.07867e-01 1.39115e-01 |
   1812 | 1.50239e+01 8.29129e-03 | 1.25331e-02 1.07867e-01 1.39115e-01 |
   1813 | 1.50321e+01 8.29128e-03 | 1.25331e-02 1.07867e-01 1.39115e-01 |
   1814 | 1.50404e+01 8.29128e-03 | 1.25331e-02 1.07867e-01 1.39115e-01 |
   1815 | 1.50487e+01 8.29127e-03 | 1.25331e-02 1.07867e-01 1.39115e-01 |
   1816 | 1.50570e+01 8.29127e-03 | 1.25331e-02 1.07867e-01 1.39115e-01 |
   1817 | 1.50653e+01 8.29127e-03 | 1.25331e-02 1.07867e-01 1.39115e-01 |
   1818 | 1.50736e+01 8.29126e-03 | 1.25331e-02 1.07867e-01 1.39115e-01 |
   1819 | 1.50819e+01 8.29126e-03 | 1.25331e-02 1.07867e-01 1.39115e-01 |
   1820 | 1.50902e+01 8.29126e-03 | 1.25331e-02 1.07867e-01 1.39115e-01 |
   1821 | 1.50985e+01 8.29125e-03 | 1.25331e-02 1.07867e-01 1.39115e-01 |
   1822 | 1.51068e+01 8.29125e-03 | 1.25331e-02 1.07867e-01 1.39115e-01 |
   1823 | 1.51151e+01 8.29125e-03 | 1.25331e-02 1.07867e-01 1.39115e-01 |
   1824 | 1.51234e+01 8.29125e-03 | 1.25331e-02 1.07867e-01 1.39115e-01 |
   1825 | 1.51316e+01 8.29125e-03 | 1.25331e-02 1.07867e-01 1.39115e-01 |
   1826 | 1.51399e+01 8.29125e-03 | 1.25331e-02 1.07867e-01 1.39115e-01 |
   1827 | 1.51482e+01 8.29125e-03 | 1.25331e-02 1.07867e-01 1.39115e-01 |
   1828 | 1.51565e+01 8.29125e-03 | 1.25331e-02 1.07867e-01 1.39115e-01 |
   1829 | 1.51648e+01 8.29125e-03 | 1.25331e-02 1.07867e-01 1.39115e-01 |
   1830 | 1.51731e+01 8.29125e-03 | 1.25331e-02 1.07867e-01 1.39115e-01 |
   1831 | 1.51814e+01 8.29126e-03 | 1.25331e-02 1.07867e-01 1.39115e-01 |
   1832 | 1.51897e+01 8.29126e-03 | 1.25331e-02 1.07867e-01 1.39115e-01 |
   1833 | 1.51980e+01 8.29126e-03 | 1.25331e-02 1.07867e-01 1.39115e-01 |
   1834 | 1.52063e+01 8.29127e-03 | 1.25331e-02 1.07867e-01 1.39115e-01 |
   1835 | 1.52146e+01 8.29127e-03 | 1.25331e-02 1.07867e-01 1.39115e-01 |
   1836 | 1.52228e+01 8.29127e-03 | 1.25331e-02 1.07867e-01 1.39115e-01 |
   1837 | 1.52311e+01 8.29128e-03 | 1.25331e-02 1.07867e-01 1.39115e-01 |
   1838 | 1.52394e+01 8.29128e-03 | 1.25331e-02 1.07867e-01 1.39115e-01 |
   1839 | 1.52477e+01 8.29129e-03 | 1.25331e-02 1.07867e-01 1.39115e-01 |
   1840 | 1.52560e+01 8.29130e-03 | 1.25331e-02 1.07867e-01 1.39115e-01 |
   1841 | 1.52643e+01 8.29130e-03 | 1.25331e-02 1.07867e-01 1.39115e-01 |
   1842 | 1.52726e+01 8.29131e-03 | 1.25331e-02 1.07867e-01 1.39115e-01 |
   1843 | 1.52809e+01 8.29132e-03 | 1.25331e-02 1.07867e-01 1.39115e-01 |
   1844 | 1.52892e+01 8.29133e-03 | 1.25331e-02 1.07867e-01 1.39115e-01 |
   1845 | 1.52975e+01 8.29133e-03 | 1.25331e-02 1.07867e-01 1.39115e-01 |
   1846 | 1.53058e+01 8.29134e-03 | 1.25331e-02 1.07867e-01 1.39115e-01 |
   1847 | 1.53141e+01 8.29135e-03 | 1.25331e-02 1.07867e-01 1.39115e-01 |
   1848 | 1.53223e+01 8.29136e-03 | 1.25331e-02 1.07867e-01 1.39115e-01 |
   1849 | 1.53306e+01 8.29137e-03 | 1.25331e-02 1.07867e-01 1.39115e-01 |
   1850 | 1.53389e+01 8.29138e-03 | 1.25331e-02 1.07867e-01 1.39115e-01 |
   1851 | 1.53472e+01 8.29139e-03 | 1.25331e-02 1.07867e-01 1.39115e-01 |
   1852 | 1.53555e+01 8.29139e-03 | 1.25331e-02 1.07867e-01 1.39115e-01 |
   1853 | 1.53638e+01 8.29138e-03 | 1.25331e-02 1.07867e-01 1.39115e-01 |
   1854 | 1.53721e+01 8.29137e-03 | 1.25331e-02 1.07867e-01 1.39115e-01 |
   1855 | 1.53804e+01 8.29136e-03 | 1.25331e-02 1.07867e-01 1.39115e-01 |
   1856 | 1.53887e+01 8.29135e-03 | 1.25331e-02 1.07867e-01 1.39115e-01 |
   1857 | 1.53970e+01 8.29134e-03 | 1.25331e-02 1.07867e-01 1.39115e-01 |
   1858 | 1.54053e+01 8.29133e-03 | 1.25331e-02 1.07867e-01 1.39115e-01 |
   1859 | 1.54135e+01 8.29132e-03 | 1.25331e-02 1.07867e-01 1.39115e-01 |
   1860 | 1.54218e+01 8.29131e-03 | 1.25331e-02 1.07867e-01 1.39115e-01 |
   1861 | 1.54301e+01 8.29131e-03 | 1.25331e-02 1.07867e-01 1.39115e-01 |
   1862 | 1.54384e+01 8.29130e-03 | 1.25331e-02 1.07867e-01 1.39115e-01 |
   1863 | 1.54467e+01 8.29129e-03 | 1.25331e-02 1.07867e-01 1.39115e-01 |
   1864 | 1.54550e+01 8.29128e-03 | 1.25331e-02 1.07867e-01 1.39115e-01 |
   1865 | 1.54633e+01 8.29128e-03 | 1.25331e-02 1.07867e-01 1.39115e-01 |
   1866 | 1.54716e+01 8.29127e-03 | 1.25331e-02 1.07867e-01 1.39115e-01 |
   1867 | 1.54799e+01 8.29127e-03 | 1.25331e-02 1.07867e-01 1.39115e-01 |
   1868 | 1.54882e+01 8.29126e-03 | 1.25331e-02 1.07867e-01 1.39115e-01 |
   1869 | 1.54965e+01 8.29126e-03 | 1.25331e-02 1.07867e-01 1.39115e-01 |
   1870 | 1.55048e+01 8.29125e-03 | 1.25331e-02 1.07867e-01 1.39115e-01 |
   1871 | 1.55130e+01 8.29125e-03 | 1.25331e-02 1.07867e-01 1.39115e-01 |
   1872 | 1.55213e+01 8.29125e-03 | 1.25331e-02 1.07867e-01 1.39115e-01 |
   1873 | 1.55296e+01 8.29124e-03 | 1.25331e-02 1.07867e-01 1.39115e-01 |
   1874 | 1.55379e+01 8.29124e-03 | 1.25331e-02 1.07867e-01 1.39115e-01 |
   1875 | 1.55462e+01 8.29124e-03 | 1.25331e-02 1.07867e-01 1.39115e-01 |
   1876 | 1.55545e+01 8.29124e-03 | 1.25331e-02 1.07867e-01 1.39115e-01 |
   1877 | 1.55628e+01 8.29124e-03 | 1.25331e-02 1.07867e-01 1.39115e-01 |
   1878 | 1.55711e+01 8.29124e-03 | 1.25331e-02 1.07867e-01 1.39115e-01 |
   1879 | 1.55794e+01 8.29124e-03 | 1.25331e-02 1.07867e-01 1.39115e-01 |
   1880 | 1.55877e+01 8.29124e-03 | 1.25331e-02 1.07867e-01 1.39115e-01 |
   1881 | 1.55960e+01 8.29124e-03 | 1.25331e-02 1.07867e-01 1.39115e-01 |
   1882 | 1.56042e+01 8.29124e-03 | 1.25331e-02 1.07867e-01 1.39115e-01 |
   1883 | 1.56125e+01 8.29124e-03 | 1.25331e-02 1.07867e-01 1.39115e-01 |
   1884 | 1.56208e+01 8.29124e-03 | 1.25331e-02 1.07867e-01 1.39115e-01 |
   1885 | 1.56291e+01 8.29125e-03 | 1.25331e-02 1.07867e-01 1.39115e-01 |
   1886 | 1.56374e+01 8.29125e-03 | 1.25331e-02 1.07867e-01 1.39115e-01 |
   1887 | 1.56457e+01 8.29125e-03 | 1.25331e-02 1.07867e-01 1.39115e-01 |
   1888 | 1.56540e+01 8.29126e-03 | 1.25331e-02 1.07867e-01 1.39115e-01 |
   1889 | 1.56623e+01 8.29126e-03 | 1.25331e-02 1.07867e-01 1.39115e-01 |
   1890 | 1.56706e+01 8.29126e-03 | 1.25331e-02 1.07867e-01 1.39115e-01 |
   1891 | 1.56789e+01 8.29127e-03 | 1.25331e-02 1.07867e-01 1.39115e-01 |
   1892 | 1.56872e+01 8.29128e-03 | 1.25331e-02 1.07867e-01 1.39115e-01 |
   1893 | 1.56954e+01 8.29128e-03 | 1.25331e-02 1.07867e-01 1.39115e-01 |
   1894 | 1.57037e+01 8.29129e-03 | 1.25331e-02 1.07867e-01 1.39115e-01 |
   1895 | 1.57120e+01 8.29129e-03 | 1.25331e-02 1.07867e-01 1.39115e-01 |
   1896 | 1.57203e+01 8.29130e-03 | 1.25331e-02 1.07867e-01 1.39115e-01 |
   1897 | 1.57286e+01 8.29131e-03 | 1.25331e-02 1.07867e-01 1.39115e-01 |
   1898 | 1.57369e+01 8.29132e-03 | 1.25331e-02 1.07867e-01 1.39115e-01 |
   1899 | 1.57452e+01 8.29133e-03 | 1.25331e-02 1.07867e-01 1.39115e-01 |
   1900 | 1.57535e+01 8.29134e-03 | 1.25331e-02 1.07867e-01 1.39115e-01 |
   1901 | 1.57618e+01 8.29135e-03 | 1.25331e-02 1.07867e-01 1.39115e-01 |
   1902 | 1.57701e+01 8.29136e-03 | 1.25331e-02 1.07867e-01 1.39115e-01 |
   1903 | 1.57784e+01 8.29137e-03 | 1.25331e-02 1.07867e-01 1.39115e-01 |
   1904 | 1.57867e+01 8.29138e-03 | 1.25331e-02 1.07867e-01 1.39115e-01 |
   1905 | 1.57949e+01 8.29139e-03 | 1.25331e-02 1.07867e-01 1.39115e-01 |
   1906 | 1.58032e+01 8.29140e-03 | 1.25331e-02 1.07867e-01 1.39115e-01 |
   1907 | 1.58115e+01 8.29141e-03 | 1.25331e-02 1.07867e-01 1.39115e-01 |
   1908 | 1.58198e+01 8.29142e-03 | 1.25331e-02 1.07867e-01 1.39115e-01 |
   1909 | 1.58281e+01 8.29144e-03 | 1.25331e-02 1.07867e-01 1.39115e-01 |
   1910 | 1.58364e+01 8.29144e-03 | 1.25331e-02 1.07867e-01 1.39115e-01 |
   1911 | 1.58447e+01 8.29144e-03 | 1.25331e-02 1.07867e-01 1.39115e-01 |
   1912 | 1.58530e+01 8.29143e-03 | 1.25331e-02 1.07867e-01 1.39115e-01 |
   1913 | 1.58613e+01 8.29143e-03 | 1.25331e-02 1.07867e-01 1.39115e-01 |
   1914 | 1.58696e+01 8.29143e-03 | 1.25331e-02 1.07867e-01 1.39115e-01 |
   1915 | 1.58779e+01 8.29142e-03 | 1.25331e-02 1.07867e-01 1.39115e-01 |
   1916 | 1.58862e+01 8.29142e-03 | 1.25331e-02 1.07867e-01 1.39115e-01 |
   1917 | 1.58944e+01 8.29142e-03 | 1.25331e-02 1.07867e-01 1.39115e-01 |
   1918 | 1.59027e+01 8.29141e-03 | 1.25331e-02 1.07867e-01 1.39115e-01 |
   1919 | 1.59110e+01 8.29140e-03 | 1.25331e-02 1.07867e-01 1.39115e-01 |
   1920 | 1.59193e+01 8.29139e-03 | 1.25331e-02 1.07867e-01 1.39115e-01 |
   1921 | 1.59276e+01 8.29139e-03 | 1.25331e-02 1.07867e-01 1.39115e-01 |
   1922 | 1.59359e+01 8.29138e-03 | 1.25331e-02 1.07867e-01 1.39115e-01 |
   1923 | 1.59442e+01 8.29137e-03 | 1.25331e-02 1.07867e-01 1.39115e-01 |
   1924 | 1.59525e+01 8.29136e-03 | 1.25331e-02 1.07867e-01 1.39115e-01 |
   1925 | 1.59608e+01 8.29136e-03 | 1.25331e-02 1.07867e-01 1.39115e-01 |
   1926 | 1.59691e+01 8.29135e-03 | 1.25331e-02 1.07867e-01 1.39115e-01 |
   1927 | 1.59774e+01 8.29135e-03 | 1.25331e-02 1.07867e-01 1.39115e-01 |
   1928 | 1.59856e+01 8.29134e-03 | 1.25331e-02 1.07867e-01 1.39115e-01 |
   1929 | 1.59939e+01 8.29133e-03 | 1.25331e-02 1.07867e-01 1.39115e-01 |
   1930 | 1.60022e+01 8.29133e-03 | 1.25331e-02 1.07867e-01 1.39115e-01 |
   1931 | 1.60105e+01 8.29133e-03 | 1.25331e-02 1.07867e-01 1.39115e-01 |
   1932 | 1.60188e+01 8.29132e-03 | 1.25331e-02 1.07867e-01 1.39115e-01 |
   1933 | 1.60271e+01 8.29132e-03 | 1.25331e-02 1.07867e-01 1.39115e-01 |
   1934 | 1.60354e+01 8.29132e-03 | 1.25331e-02 1.07867e-01 1.39115e-01 |
   1935 | 1.60437e+01 8.29131e-03 | 1.25331e-02 1.07867e-01 1.39115e-01 |
   1936 | 1.60520e+01 8.29131e-03 | 1.25331e-02 1.07867e-01 1.39115e-01 |
   1937 | 1.60603e+01 8.29131e-03 | 1.25331e-02 1.07867e-01 1.39115e-01 |
   1938 | 1.60686e+01 8.29131e-03 | 1.25331e-02 1.07867e-01 1.39115e-01 |
   1939 | 1.60769e+01 8.29131e-03 | 1.25331e-02 1.07867e-01 1.39115e-01 |
   1940 | 1.60851e+01 8.29131e-03 | 1.25331e-02 1.07867e-01 1.39115e-01 |
   1941 | 1.60934e+01 8.29131e-03 | 1.25331e-02 1.07867e-01 1.39115e-01 |
   1942 | 1.61017e+01 8.29131e-03 | 1.25331e-02 1.07867e-01 1.39115e-01 |
   1943 | 1.61100e+01 8.29131e-03 | 1.25331e-02 1.07867e-01 1.39115e-01 |
   1944 | 1.61183e+01 8.29131e-03 | 1.25331e-02 1.07867e-01 1.39115e-01 |
   1945 | 1.61266e+01 8.29132e-03 | 1.25331e-02 1.07867e-01 1.39115e-01 |
   1946 | 1.61349e+01 8.29132e-03 | 1.25331e-02 1.07867e-01 1.39115e-01 |
   1947 | 1.61432e+01 8.29132e-03 | 1.25331e-02 1.07867e-01 1.39115e-01 |
   1948 | 1.61515e+01 8.29132e-03 | 1.25331e-02 1.07867e-01 1.39115e-01 |
   1949 | 1.61598e+01 8.29133e-03 | 1.25331e-02 1.07867e-01 1.39115e-01 |
   1950 | 1.61681e+01 8.29133e-03 | 1.25331e-02 1.07867e-01 1.39115e-01 |
   1951 | 1.61763e+01 8.29134e-03 | 1.25331e-02 1.07867e-01 1.39115e-01 |
   1952 | 1.61846e+01 8.29134e-03 | 1.25331e-02 1.07867e-01 1.39115e-01 |
   1953 | 1.61929e+01 8.29135e-03 | 1.25331e-02 1.07867e-01 1.39115e-01 |
   1954 | 1.62012e+01 8.29135e-03 | 1.25331e-02 1.07867e-01 1.39115e-01 |
   1955 | 1.62095e+01 8.29136e-03 | 1.25331e-02 1.07867e-01 1.39115e-01 |
   1956 | 1.62178e+01 8.29137e-03 | 1.25331e-02 1.07867e-01 1.39115e-01 |
   1957 | 1.62261e+01 8.29138e-03 | 1.25331e-02 1.07867e-01 1.39115e-01 |
   1958 | 1.62344e+01 8.29138e-03 | 1.25331e-02 1.07867e-01 1.39115e-01 |
   1959 | 1.62427e+01 8.29139e-03 | 1.25331e-02 1.07867e-01 1.39115e-01 |
   1960 | 1.62510e+01 8.29138e-03 | 1.25331e-02 1.07867e-01 1.39115e-01 |
   1961 | 1.62593e+01 8.29137e-03 | 1.25331e-02 1.07867e-01 1.39115e-01 |
   1962 | 1.62676e+01 8.29136e-03 | 1.25331e-02 1.07867e-01 1.39115e-01 |
   1963 | 1.62758e+01 8.29136e-03 | 1.25331e-02 1.07867e-01 1.39115e-01 |
   1964 | 1.62841e+01 8.29135e-03 | 1.25331e-02 1.07867e-01 1.39115e-01 |
   1965 | 1.62924e+01 8.29134e-03 | 1.25331e-02 1.07867e-01 1.39115e-01 |
   1966 | 1.63007e+01 8.29133e-03 | 1.25331e-02 1.07867e-01 1.39115e-01 |
   1967 | 1.63090e+01 8.29133e-03 | 1.25331e-02 1.07867e-01 1.39115e-01 |
   1968 | 1.63173e+01 8.29132e-03 | 1.25331e-02 1.07867e-01 1.39115e-01 |
   1969 | 1.63256e+01 8.29131e-03 | 1.25331e-02 1.07867e-01 1.39115e-01 |
   1970 | 1.63339e+01 8.29131e-03 | 1.25331e-02 1.07867e-01 1.39115e-01 |
   1971 | 1.63422e+01 8.29130e-03 | 1.25331e-02 1.07867e-01 1.39115e-01 |
   1972 | 1.63505e+01 8.29130e-03 | 1.25331e-02 1.07867e-01 1.39115e-01 |
   1973 | 1.63588e+01 8.29129e-03 | 1.25331e-02 1.07867e-01 1.39115e-01 |
   1974 | 1.63670e+01 8.29129e-03 | 1.25331e-02 1.07867e-01 1.39115e-01 |
   1975 | 1.63753e+01 8.29129e-03 | 1.25331e-02 1.07867e-01 1.39115e-01 |
   1976 | 1.63836e+01 8.29129e-03 | 1.25331e-02 1.07867e-01 1.39115e-01 |
   1977 | 1.63919e+01 8.29128e-03 | 1.25331e-02 1.07867e-01 1.39115e-01 |
   1978 | 1.64002e+01 8.29128e-03 | 1.25331e-02 1.07867e-01 1.39115e-01 |
   1979 | 1.64085e+01 8.29128e-03 | 1.25331e-02 1.07867e-01 1.39115e-01 |
   1980 | 1.64168e+01 8.29128e-03 | 1.25331e-02 1.07867e-01 1.39115e-01 |
   1981 | 1.64251e+01 8.29128e-03 | 1.25331e-02 1.07867e-01 1.39115e-01 |
   1982 | 1.64334e+01 8.29128e-03 | 1.25331e-02 1.07867e-01 1.39115e-01 |
   1983 | 1.64417e+01 8.29128e-03 | 1.25331e-02 1.07867e-01 1.39115e-01 |
   1984 | 1.64500e+01 8.29128e-03 | 1.25331e-02 1.07867e-01 1.39115e-01 |
   1985 | 1.64583e+01 8.29128e-03 | 1.25331e-02 1.07867e-01 1.39115e-01 |
   1986 | 1.64665e+01 8.29128e-03 | 1.25331e-02 1.07867e-01 1.39115e-01 |
   1987 | 1.64748e+01 8.29128e-03 | 1.25331e-02 1.07867e-01 1.39115e-01 |
   1988 | 1.64831e+01 8.29128e-03 | 1.25331e-02 1.07867e-01 1.39115e-01 |
   1989 | 1.64914e+01 8.29129e-03 | 1.25331e-02 1.07867e-01 1.39115e-01 |
   1990 | 1.64997e+01 8.29129e-03 | 1.25331e-02 1.07867e-01 1.39115e-01 |
   1991 | 1.65080e+01 8.29129e-03 | 1.25331e-02 1.07867e-01 1.39115e-01 |
   1992 | 1.65163e+01 8.29130e-03 | 1.25331e-02 1.07867e-01 1.39115e-01 |
   1993 | 1.65246e+01 8.29130e-03 | 1.25331e-02 1.07867e-01 1.39115e-01 |
   1994 | 1.65329e+01 8.29131e-03 | 1.25331e-02 1.07867e-01 1.39115e-01 |
   1995 | 1.65412e+01 8.29131e-03 | 1.25331e-02 1.07867e-01 1.39115e-01 |
   1996 | 1.65495e+01 8.29132e-03 | 1.25331e-02 1.07867e-01 1.39115e-01 |
   1997 | 1.65577e+01 8.29133e-03 | 1.25331e-02 1.07867e-01 1.39115e-01 |
   1998 | 1.65660e+01 8.29133e-03 | 1.25331e-02 1.07867e-01 1.39115e-01 |
   1999 | 1.65743e+01 8.29134e-03 | 1.25331e-02 1.07867e-01 1.39115e-01 |
   2000 | 1.65826e+01 8.29135e-03 | 1.25331e-02 1.07867e-01 1.39115e-01 |
   2001 | 1.65909e+01 8.29135e-03 | 1.25331e-02 1.07867e-01 1.39115e-01 |
   2002 | 1.65992e+01 8.29135e-03 | 1.25331e-02 1.07867e-01 1.39115e-01 |
   2003 | 1.66075e+01 8.29135e-03 | 1.25331e-02 1.07867e-01 1.39115e-01 |
   2004 | 1.66158e+01 8.29136e-03 | 1.25331e-02 1.07867e-01 1.39115e-01 |
   2005 | 1.66241e+01 8.29136e-03 | 1.25331e-02 1.07867e-01 1.39115e-01 |
   2006 | 1.66324e+01 8.29136e-03 | 1.25331e-02 1.07867e-01 1.39115e-01 |
   2007 | 1.66407e+01 8.29137e-03 | 1.25331e-02 1.07867e-01 1.39115e-01 |
   2008 | 1.66490e+01 8.29137e-03 | 1.25331e-02 1.07867e-01 1.39115e-01 |
   2009 | 1.66572e+01 8.29138e-03 | 1.25331e-02 1.07867e-01 1.39115e-01 |
   2010 | 1.66655e+01 8.29138e-03 | 1.25331e-02 1.07867e-01 1.39115e-01 |
   2011 | 1.66738e+01 8.29139e-03 | 1.25331e-02 1.07867e-01 1.39115e-01 |
   2012 | 1.66821e+01 8.29140e-03 | 1.25331e-02 1.07867e-01 1.39115e-01 |
   2013 | 1.66904e+01 8.29140e-03 | 1.25331e-02 1.07867e-01 1.39115e-01 |
   2014 | 1.66987e+01 8.29141e-03 | 1.25331e-02 1.07867e-01 1.39115e-01 |
   2015 | 1.67070e+01 8.29140e-03 | 1.25331e-02 1.07867e-01 1.39115e-01 |
   2016 | 1.67153e+01 8.29139e-03 | 1.25331e-02 1.07867e-01 1.39115e-01 |
   2017 | 1.67236e+01 8.29138e-03 | 1.25331e-02 1.07867e-01 1.39115e-01 |
   2018 | 1.67319e+01 8.29138e-03 | 1.25331e-02 1.07867e-01 1.39115e-01 |
   2019 | 1.67402e+01 8.29137e-03 | 1.25331e-02 1.07867e-01 1.39115e-01 |
   2020 | 1.67485e+01 8.29136e-03 | 1.25331e-02 1.07867e-01 1.39115e-01 |
   2021 | 1.67567e+01 8.29136e-03 | 1.25331e-02 1.07867e-01 1.39115e-01 |
   2022 | 1.67650e+01 8.29135e-03 | 1.25331e-02 1.07867e-01 1.39115e-01 |
   2023 | 1.67733e+01 8.29134e-03 | 1.25331e-02 1.07867e-01 1.39115e-01 |
   2024 | 1.67816e+01 8.29134e-03 | 1.25331e-02 1.07867e-01 1.39115e-01 |
   2025 | 1.67899e+01 8.29133e-03 | 1.25331e-02 1.07867e-01 1.39115e-01 |
   2026 | 1.67982e+01 8.29133e-03 | 1.25331e-02 1.07867e-01 1.39115e-01 |
   2027 | 1.68065e+01 8.29133e-03 | 1.25331e-02 1.07867e-01 1.39115e-01 |
   2028 | 1.68148e+01 8.29132e-03 | 1.25331e-02 1.07867e-01 1.39115e-01 |
   2029 | 1.68231e+01 8.29132e-03 | 1.25331e-02 1.07867e-01 1.39115e-01 |
   2030 | 1.68314e+01 8.29132e-03 | 1.25331e-02 1.07867e-01 1.39115e-01 |
   2031 | 1.68397e+01 8.29131e-03 | 1.25331e-02 1.07867e-01 1.39115e-01 |
   2032 | 1.68479e+01 8.29131e-03 | 1.25331e-02 1.07867e-01 1.39115e-01 |
   2033 | 1.68562e+01 8.29131e-03 | 1.25331e-02 1.07867e-01 1.39115e-01 |
   2034 | 1.68645e+01 8.29131e-03 | 1.25331e-02 1.07867e-01 1.39115e-01 |
   2035 | 1.68728e+01 8.29131e-03 | 1.25331e-02 1.07867e-01 1.39115e-01 |
   2036 | 1.68811e+01 8.29131e-03 | 1.25331e-02 1.07867e-01 1.39115e-01 |
   2037 | 1.68894e+01 8.29131e-03 | 1.25331e-02 1.07867e-01 1.39115e-01 |
   2038 | 1.68977e+01 8.29131e-03 | 1.25331e-02 1.07867e-01 1.39115e-01 |
   2039 | 1.69060e+01 8.29131e-03 | 1.25331e-02 1.07867e-01 1.39115e-01 |
   2040 | 1.69143e+01 8.29131e-03 | 1.25331e-02 1.07867e-01 1.39115e-01 |
   2041 | 1.69226e+01 8.29132e-03 | 1.25331e-02 1.07867e-01 1.39115e-01 |
   2042 | 1.69309e+01 8.29131e-03 | 1.25331e-02 1.07867e-01 1.39115e-01 |
   2043 | 1.69392e+01 8.29131e-03 | 1.25331e-02 1.07867e-01 1.39115e-01 |
   2044 | 1.69474e+01 8.29131e-03 | 1.25331e-02 1.07867e-01 1.39115e-01 |
   2045 | 1.69557e+01 8.29131e-03 | 1.25331e-02 1.07867e-01 1.39115e-01 |
   2046 | 1.69640e+01 8.29130e-03 | 1.25331e-02 1.07867e-01 1.39115e-01 |
   2047 | 1.69723e+01 8.29130e-03 | 1.25331e-02 1.07867e-01 1.39115e-01 |
   2048 | 1.69806e+01 8.29130e-03 | 1.25331e-02 1.07867e-01 1.39115e-01 |
   2049 | 1.69889e+01 8.29130e-03 | 1.25331e-02 1.07867e-01 1.39115e-01 |
   2050 | 1.69972e+01 8.29130e-03 | 1.25331e-02 1.07867e-01 1.39115e-01 |
   2051 | 1.70055e+01 8.29130e-03 | 1.25331e-02 1.07867e-01 1.39115e-01 |
   2052 | 1.70138e+01 8.29130e-03 | 1.25331e-02 1.07867e-01 1.39115e-01 |
   2053 | 1.70221e+01 8.29130e-03 | 1.25331e-02 1.07867e-01 1.39115e-01 |
   2054 | 1.70304e+01 8.29131e-03 | 1.25331e-02 1.07867e-01 1.39115e-01 |
   2055 | 1.70386e+01 8.29131e-03 | 1.25331e-02 1.07867e-01 1.39115e-01 |
   2056 | 1.70469e+01 8.29131e-03 | 1.25331e-02 1.07867e-01 1.39115e-01 |
   2057 | 1.70552e+01 8.29131e-03 | 1.25331e-02 1.07867e-01 1.39115e-01 |
   2058 | 1.70635e+01 8.29132e-03 | 1.25331e-02 1.07867e-01 1.39115e-01 |
   2059 | 1.70718e+01 8.29132e-03 | 1.25331e-02 1.07867e-01 1.39115e-01 |
   2060 | 1.70801e+01 8.29133e-03 | 1.25331e-02 1.07867e-01 1.39115e-01 |
   2061 | 1.70884e+01 8.29133e-03 | 1.25331e-02 1.07867e-01 1.39115e-01 |
   2062 | 1.70967e+01 8.29133e-03 | 1.25331e-02 1.07867e-01 1.39115e-01 |
   2063 | 1.71050e+01 8.29134e-03 | 1.25331e-02 1.07867e-01 1.39115e-01 |
   2064 | 1.71133e+01 8.29135e-03 | 1.25331e-02 1.07867e-01 1.39115e-01 |
   2065 | 1.71216e+01 8.29135e-03 | 1.25331e-02 1.07867e-01 1.39115e-01 |
   2066 | 1.71299e+01 8.29136e-03 | 1.25331e-02 1.07867e-01 1.39115e-01 |
   2067 | 1.71381e+01 8.29137e-03 | 1.25331e-02 1.07867e-01 1.39115e-01 |
   2068 | 1.71464e+01 8.29138e-03 | 1.25331e-02 1.07867e-01 1.39115e-01 |
   2069 | 1.71547e+01 8.29138e-03 | 1.25331e-02 1.07867e-01 1.39115e-01 |
   2070 | 1.71630e+01 8.29139e-03 | 1.25331e-02 1.07867e-01 1.39115e-01 |
   2071 | 1.71713e+01 8.29138e-03 | 1.25331e-02 1.07867e-01 1.39115e-01 |
   2072 | 1.71796e+01 8.29137e-03 | 1.25331e-02 1.07867e-01 1.39115e-01 |
   2073 | 1.71879e+01 8.29136e-03 | 1.25331e-02 1.07867e-01 1.39115e-01 |
   2074 | 1.71962e+01 8.29135e-03 | 1.25331e-02 1.07867e-01 1.39115e-01 |
   2075 | 1.72045e+01 8.29135e-03 | 1.25331e-02 1.07867e-01 1.39115e-01 |
   2076 | 1.72128e+01 8.29134e-03 | 1.25331e-02 1.07867e-01 1.39115e-01 |
   2077 | 1.72211e+01 8.29133e-03 | 1.25331e-02 1.07867e-01 1.39115e-01 |
   2078 | 1.72293e+01 8.29133e-03 | 1.25331e-02 1.07867e-01 1.39115e-01 |
   2079 | 1.72376e+01 8.29132e-03 | 1.25331e-02 1.07867e-01 1.39115e-01 |
   2080 | 1.72459e+01 8.29132e-03 | 1.25331e-02 1.07867e-01 1.39115e-01 |
   2081 | 1.72542e+01 8.29131e-03 | 1.25331e-02 1.07867e-01 1.39115e-01 |
   2082 | 1.72625e+01 8.29131e-03 | 1.25331e-02 1.07867e-01 1.39115e-01 |
   2083 | 1.72708e+01 8.29130e-03 | 1.25331e-02 1.07867e-01 1.39115e-01 |
   2084 | 1.72791e+01 8.29130e-03 | 1.25331e-02 1.07867e-01 1.39115e-01 |
   2085 | 1.72874e+01 8.29129e-03 | 1.25331e-02 1.07867e-01 1.39115e-01 |
   2086 | 1.72957e+01 8.29129e-03 | 1.25331e-02 1.07867e-01 1.39115e-01 |
   2087 | 1.73040e+01 8.29129e-03 | 1.25331e-02 1.07867e-01 1.39115e-01 |
   2088 | 1.73123e+01 8.29129e-03 | 1.25331e-02 1.07867e-01 1.39115e-01 |
   2089 | 1.73206e+01 8.29129e-03 | 1.25331e-02 1.07867e-01 1.39115e-01 |
   2090 | 1.73288e+01 8.29128e-03 | 1.25331e-02 1.07867e-01 1.39115e-01 |
   2091 | 1.73371e+01 8.29128e-03 | 1.25331e-02 1.07867e-01 1.39115e-01 |
   2092 | 1.73454e+01 8.29128e-03 | 1.25331e-02 1.07867e-01 1.39115e-01 |
   2093 | 1.73537e+01 8.29128e-03 | 1.25331e-02 1.07867e-01 1.39115e-01 |
   2094 | 1.73620e+01 8.29128e-03 | 1.25331e-02 1.07867e-01 1.39115e-01 |
   2095 | 1.73703e+01 8.29129e-03 | 1.25331e-02 1.07867e-01 1.39115e-01 |
   2096 | 1.73786e+01 8.29129e-03 | 1.25331e-02 1.07867e-01 1.39115e-01 |
   2097 | 1.73869e+01 8.29129e-03 | 1.25331e-02 1.07867e-01 1.39115e-01 |
   2098 | 1.73952e+01 8.29129e-03 | 1.25331e-02 1.07867e-01 1.39115e-01 |
   2099 | 1.74035e+01 8.29129e-03 | 1.25331e-02 1.07867e-01 1.39115e-01 |
   2100 | 1.74118e+01 8.29130e-03 | 1.25331e-02 1.07867e-01 1.39115e-01 |
   2101 | 1.74200e+01 8.29130e-03 | 1.25331e-02 1.07867e-01 1.39115e-01 |
   2102 | 1.74283e+01 8.29131e-03 | 1.25331e-02 1.07867e-01 1.39115e-01 |
   2103 | 1.74366e+01 8.29131e-03 | 1.25331e-02 1.07867e-01 1.39115e-01 |
   2104 | 1.74449e+01 8.29131e-03 | 1.25331e-02 1.07867e-01 1.39115e-01 |
   2105 | 1.74532e+01 8.29132e-03 | 1.25331e-02 1.07867e-01 1.39115e-01 |
   2106 | 1.74615e+01 8.29133e-03 | 1.25331e-02 1.07867e-01 1.39115e-01 |
   2107 | 1.74698e+01 8.29133e-03 | 1.25331e-02 1.07867e-01 1.39115e-01 |
   2108 | 1.74781e+01 8.29134e-03 | 1.25331e-02 1.07867e-01 1.39115e-01 |
   2109 | 1.74864e+01 8.29135e-03 | 1.25331e-02 1.07867e-01 1.39115e-01 |
   2110 | 1.74947e+01 8.29135e-03 | 1.25331e-02 1.07867e-01 1.39115e-01 |
   2111 | 1.75030e+01 8.29136e-03 | 1.25331e-02 1.07867e-01 1.39115e-01 |
   2112 | 1.75113e+01 8.29137e-03 | 1.25331e-02 1.07867e-01 1.39115e-01 |
   2113 | 1.75195e+01 8.29138e-03 | 1.25331e-02 1.07867e-01 1.39115e-01 |
   2114 | 1.75278e+01 8.29139e-03 | 1.25331e-02 1.07867e-01 1.39115e-01 |
   2115 | 1.75361e+01 8.29140e-03 | 1.25331e-02 1.07867e-01 1.39115e-01 |
   2116 | 1.75444e+01 8.29141e-03 | 1.25331e-02 1.07867e-01 1.39115e-01 |
   2117 | 1.75527e+01 8.29142e-03 | 1.25331e-02 1.07867e-01 1.39115e-01 |
   2118 | 1.75610e+01 8.29143e-03 | 1.25331e-02 1.07867e-01 1.39115e-01 |
   2119 | 1.75693e+01 8.29144e-03 | 1.25331e-02 1.07867e-01 1.39115e-01 |
   2120 | 1.75776e+01 8.29145e-03 | 1.25331e-02 1.07867e-01 1.39115e-01 |
   2121 | 1.75859e+01 8.29145e-03 | 1.25331e-02 1.07867e-01 1.39115e-01 |
   2122 | 1.75942e+01 8.29144e-03 | 1.25331e-02 1.07867e-01 1.39115e-01 |
   2123 | 1.76025e+01 8.29143e-03 | 1.25331e-02 1.07867e-01 1.39115e-01 |
   2124 | 1.76107e+01 8.29142e-03 | 1.25331e-02 1.07867e-01 1.39115e-01 |
   2125 | 1.76190e+01 8.29140e-03 | 1.25331e-02 1.07867e-01 1.39115e-01 |
   2126 | 1.76273e+01 8.29139e-03 | 1.25331e-02 1.07867e-01 1.39115e-01 |
   2127 | 1.76356e+01 8.29138e-03 | 1.25331e-02 1.07867e-01 1.39115e-01 |
   2128 | 1.76439e+01 8.29137e-03 | 1.25331e-02 1.07867e-01 1.39115e-01 |
   2129 | 1.76522e+01 8.29136e-03 | 1.25331e-02 1.07867e-01 1.39115e-01 |
   2130 | 1.76605e+01 8.29135e-03 | 1.25331e-02 1.07867e-01 1.39115e-01 |
   2131 | 1.76688e+01 8.29134e-03 | 1.25331e-02 1.07867e-01 1.39115e-01 |
   2132 | 1.76771e+01 8.29133e-03 | 1.25331e-02 1.07867e-01 1.39115e-01 |
   2133 | 1.76854e+01 8.29132e-03 | 1.25331e-02 1.07867e-01 1.39115e-01 |
   2134 | 1.76937e+01 8.29131e-03 | 1.25331e-02 1.07867e-01 1.39115e-01 |
   2135 | 1.77020e+01 8.29130e-03 | 1.25331e-02 1.07867e-01 1.39115e-01 |
   2136 | 1.77102e+01 8.29130e-03 | 1.25331e-02 1.07867e-01 1.39115e-01 |
   2137 | 1.77185e+01 8.29129e-03 | 1.25331e-02 1.07867e-01 1.39115e-01 |
   2138 | 1.77268e+01 8.29128e-03 | 1.25331e-02 1.07867e-01 1.39115e-01 |
   2139 | 1.77351e+01 8.29128e-03 | 1.25331e-02 1.07867e-01 1.39115e-01 |
   2140 | 1.77434e+01 8.29127e-03 | 1.25331e-02 1.07867e-01 1.39115e-01 |
   2141 | 1.77517e+01 8.29126e-03 | 1.25331e-02 1.07867e-01 1.39115e-01 |
   2142 | 1.77600e+01 8.29126e-03 | 1.25331e-02 1.07867e-01 1.39115e-01 |
   2143 | 1.77683e+01 8.29126e-03 | 1.25331e-02 1.07867e-01 1.39115e-01 |
   2144 | 1.77766e+01 8.29125e-03 | 1.25331e-02 1.07867e-01 1.39115e-01 |
   2145 | 1.77849e+01 8.29125e-03 | 1.25331e-02 1.07867e-01 1.39115e-01 |
   2146 | 1.77932e+01 8.29124e-03 | 1.25331e-02 1.07867e-01 1.39115e-01 |
   2147 | 1.78014e+01 8.29124e-03 | 1.25331e-02 1.07867e-01 1.39115e-01 |
   2148 | 1.78097e+01 8.29124e-03 | 1.25331e-02 1.07867e-01 1.39115e-01 |
   2149 | 1.78180e+01 8.29124e-03 | 1.25331e-02 1.07867e-01 1.39115e-01 |
   2150 | 1.78263e+01 8.29124e-03 | 1.25331e-02 1.07867e-01 1.39115e-01 |
   2151 | 1.78346e+01 8.29123e-03 | 1.25331e-02 1.07867e-01 1.39115e-01 |
   2152 | 1.78429e+01 8.29123e-03 | 1.25331e-02 1.07867e-01 1.39115e-01 |
   2153 | 1.78512e+01 8.29123e-03 | 1.25331e-02 1.07867e-01 1.39115e-01 |
   2154 | 1.78595e+01 8.29123e-03 | 1.25331e-02 1.07867e-01 1.39115e-01 |
   2155 | 1.78678e+01 8.29123e-03 | 1.25331e-02 1.07867e-01 1.39115e-01 |
   2156 | 1.78761e+01 8.29124e-03 | 1.25331e-02 1.07867e-01 1.39115e-01 |
   2157 | 1.78844e+01 8.29124e-03 | 1.25331e-02 1.07867e-01 1.39115e-01 |
   2158 | 1.78927e+01 8.29124e-03 | 1.25331e-02 1.07867e-01 1.39115e-01 |
   2159 | 1.79009e+01 8.29124e-03 | 1.25331e-02 1.07867e-01 1.39115e-01 |
   2160 | 1.79092e+01 8.29124e-03 | 1.25331e-02 1.07867e-01 1.39115e-01 |
   2161 | 1.79175e+01 8.29125e-03 | 1.25331e-02 1.07867e-01 1.39115e-01 |
   2162 | 1.79258e+01 8.29125e-03 | 1.25331e-02 1.07867e-01 1.39115e-01 |
   2163 | 1.79341e+01 8.29126e-03 | 1.25331e-02 1.07867e-01 1.39115e-01 |
   2164 | 1.79424e+01 8.29126e-03 | 1.25331e-02 1.07867e-01 1.39115e-01 |
   2165 | 1.79507e+01 8.29127e-03 | 1.25331e-02 1.07867e-01 1.39115e-01 |
   2166 | 1.79590e+01 8.29127e-03 | 1.25331e-02 1.07867e-01 1.39115e-01 |
   2167 | 1.79673e+01 8.29128e-03 | 1.25331e-02 1.07867e-01 1.39115e-01 |
   2168 | 1.79756e+01 8.29128e-03 | 1.25331e-02 1.07867e-01 1.39115e-01 |
   2169 | 1.79839e+01 8.29129e-03 | 1.25331e-02 1.07867e-01 1.39115e-01 |
   2170 | 1.79921e+01 8.29130e-03 | 1.25331e-02 1.07867e-01 1.39115e-01 |
   2171 | 1.80004e+01 8.29130e-03 | 1.25331e-02 1.07867e-01 1.39115e-01 |
   2172 | 1.80087e+01 8.29131e-03 | 1.25331e-02 1.07867e-01 1.39115e-01 |
   2173 | 1.80170e+01 8.29132e-03 | 1.25331e-02 1.07867e-01 1.39115e-01 |
   2174 | 1.80253e+01 8.29133e-03 | 1.25331e-02 1.07867e-01 1.39115e-01 |
   2175 | 1.80336e+01 8.29134e-03 | 1.25331e-02 1.07867e-01 1.39115e-01 |
   2176 | 1.80419e+01 8.29135e-03 | 1.25331e-02 1.07867e-01 1.39115e-01 |
   2177 | 1.80502e+01 8.29136e-03 | 1.25331e-02 1.07867e-01 1.39115e-01 |
   2178 | 1.80585e+01 8.29137e-03 | 1.25331e-02 1.07867e-01 1.39115e-01 |
   2179 | 1.80668e+01 8.29138e-03 | 1.25331e-02 1.07867e-01 1.39115e-01 |
   2180 | 1.80751e+01 8.29139e-03 | 1.25331e-02 1.07867e-01 1.39115e-01 |
   2181 | 1.80834e+01 8.29138e-03 | 1.25331e-02 1.07867e-01 1.39115e-01 |
   2182 | 1.80916e+01 8.29137e-03 | 1.25331e-02 1.07867e-01 1.39115e-01 |
   2183 | 1.80999e+01 8.29136e-03 | 1.25331e-02 1.07867e-01 1.39115e-01 |
   2184 | 1.81082e+01 8.29135e-03 | 1.25331e-02 1.07867e-01 1.39115e-01 |
   2185 | 1.81165e+01 8.29134e-03 | 1.25331e-02 1.07867e-01 1.39115e-01 |
   2186 | 1.81248e+01 8.29133e-03 | 1.25331e-02 1.07867e-01 1.39115e-01 |
   2187 | 1.81331e+01 8.29132e-03 | 1.25331e-02 1.07867e-01 1.39115e-01 |
   2188 | 1.81414e+01 8.29131e-03 | 1.25331e-02 1.07867e-01 1.39115e-01 |
   2189 | 1.81497e+01 8.29130e-03 | 1.25331e-02 1.07867e-01 1.39115e-01 |
   2190 | 1.81580e+01 8.29130e-03 | 1.25331e-02 1.07867e-01 1.39115e-01 |
   2191 | 1.81663e+01 8.29129e-03 | 1.25331e-02 1.07867e-01 1.39115e-01 |
   2192 | 1.81746e+01 8.29128e-03 | 1.25331e-02 1.07867e-01 1.39115e-01 |
   2193 | 1.81828e+01 8.29128e-03 | 1.25331e-02 1.07867e-01 1.39115e-01 |
   2194 | 1.81911e+01 8.29127e-03 | 1.25331e-02 1.07867e-01 1.39115e-01 |
   2195 | 1.81994e+01 8.29127e-03 | 1.25331e-02 1.07867e-01 1.39115e-01 |
   2196 | 1.82077e+01 8.29126e-03 | 1.25331e-02 1.07867e-01 1.39115e-01 |
   2197 | 1.82160e+01 8.29126e-03 | 1.25331e-02 1.07867e-01 1.39115e-01 |
   2198 | 1.82243e+01 8.29125e-03 | 1.25331e-02 1.07867e-01 1.39115e-01 |
   2199 | 1.82326e+01 8.29125e-03 | 1.25331e-02 1.07867e-01 1.39115e-01 |
   2200 | 1.82409e+01 8.29125e-03 | 1.25331e-02 1.07867e-01 1.39115e-01 |
   2201 | 1.82492e+01 8.29125e-03 | 1.25331e-02 1.07867e-01 1.39115e-01 |
   2202 | 1.82575e+01 8.29124e-03 | 1.25331e-02 1.07867e-01 1.39115e-01 |
   2203 | 1.82658e+01 8.29124e-03 | 1.25331e-02 1.07867e-01 1.39115e-01 |
   2204 | 1.82741e+01 8.29124e-03 | 1.25331e-02 1.07867e-01 1.39115e-01 |
   2205 | 1.82823e+01 8.29124e-03 | 1.25331e-02 1.07867e-01 1.39115e-01 |
   2206 | 1.82906e+01 8.29124e-03 | 1.25331e-02 1.07867e-01 1.39115e-01 |
   2207 | 1.82989e+01 8.29124e-03 | 1.25331e-02 1.07867e-01 1.39115e-01 |
   2208 | 1.83072e+01 8.29124e-03 | 1.25331e-02 1.07867e-01 1.39115e-01 |
   2209 | 1.83155e+01 8.29124e-03 | 1.25331e-02 1.07867e-01 1.39115e-01 |
   2210 | 1.83238e+01 8.29124e-03 | 1.25331e-02 1.07867e-01 1.39115e-01 |
   2211 | 1.83321e+01 8.29124e-03 | 1.25331e-02 1.07867e-01 1.39115e-01 |
   2212 | 1.83404e+01 8.29125e-03 | 1.25331e-02 1.07867e-01 1.39115e-01 |
   2213 | 1.83487e+01 8.29125e-03 | 1.25331e-02 1.07867e-01 1.39115e-01 |
   2214 | 1.83570e+01 8.29125e-03 | 1.25331e-02 1.07867e-01 1.39115e-01 |
   2215 | 1.83653e+01 8.29126e-03 | 1.25331e-02 1.07867e-01 1.39115e-01 |
   2216 | 1.83735e+01 8.29126e-03 | 1.25331e-02 1.07867e-01 1.39115e-01 |
   2217 | 1.83818e+01 8.29126e-03 | 1.25331e-02 1.07867e-01 1.39115e-01 |
   2218 | 1.83901e+01 8.29127e-03 | 1.25331e-02 1.07867e-01 1.39115e-01 |
   2219 | 1.83984e+01 8.29127e-03 | 1.25331e-02 1.07867e-01 1.39115e-01 |
   2220 | 1.84067e+01 8.29128e-03 | 1.25331e-02 1.07867e-01 1.39115e-01 |
   2221 | 1.84150e+01 8.29129e-03 | 1.25331e-02 1.07867e-01 1.39115e-01 |
   2222 | 1.84233e+01 8.29129e-03 | 1.25331e-02 1.07867e-01 1.39115e-01 |
   2223 | 1.84316e+01 8.29130e-03 | 1.25331e-02 1.07867e-01 1.39115e-01 |
   2224 | 1.84399e+01 8.29131e-03 | 1.25331e-02 1.07867e-01 1.39115e-01 |
   2225 | 1.84482e+01 8.29132e-03 | 1.25331e-02 1.07867e-01 1.39115e-01 |
   2226 | 1.84565e+01 8.29132e-03 | 1.25331e-02 1.07867e-01 1.39115e-01 |
   2227 | 1.84648e+01 8.29133e-03 | 1.25331e-02 1.07867e-01 1.39115e-01 |
   2228 | 1.84730e+01 8.29134e-03 | 1.25331e-02 1.07867e-01 1.39115e-01 |
   2229 | 1.84813e+01 8.29135e-03 | 1.25331e-02 1.07867e-01 1.39115e-01 |
   2230 | 1.84896e+01 8.29136e-03 | 1.25331e-02 1.07867e-01 1.39115e-01 |
   2231 | 1.84979e+01 8.29137e-03 | 1.25331e-02 1.07867e-01 1.39115e-01 |
   2232 | 1.85062e+01 8.29138e-03 | 1.25331e-02 1.07867e-01 1.39115e-01 |
   2233 | 1.85145e+01 8.29140e-03 | 1.25331e-02 1.07867e-01 1.39115e-01 |
   2234 | 1.85228e+01 8.29141e-03 | 1.25331e-02 1.07867e-01 1.39115e-01 |
   2235 | 1.85311e+01 8.29140e-03 | 1.25331e-02 1.07867e-01 1.39115e-01 |
   2236 | 1.85394e+01 8.29139e-03 | 1.25331e-02 1.07867e-01 1.39115e-01 |
   2237 | 1.85477e+01 8.29138e-03 | 1.25331e-02 1.07867e-01 1.39115e-01 |
   2238 | 1.85560e+01 8.29137e-03 | 1.25331e-02 1.07867e-01 1.39115e-01 |
   2239 | 1.85642e+01 8.29136e-03 | 1.25331e-02 1.07867e-01 1.39115e-01 |
   2240 | 1.85725e+01 8.29135e-03 | 1.25331e-02 1.07867e-01 1.39115e-01 |
   2241 | 1.85808e+01 8.29134e-03 | 1.25331e-02 1.07867e-01 1.39115e-01 |
   2242 | 1.85891e+01 8.29133e-03 | 1.25331e-02 1.07867e-01 1.39115e-01 |
   2243 | 1.85974e+01 8.29132e-03 | 1.25331e-02 1.07867e-01 1.39115e-01 |
   2244 | 1.86057e+01 8.29131e-03 | 1.25331e-02 1.07867e-01 1.39115e-01 |
   2245 | 1.86140e+01 8.29130e-03 | 1.25331e-02 1.07867e-01 1.39115e-01 |
   2246 | 1.86223e+01 8.29130e-03 | 1.25331e-02 1.07867e-01 1.39115e-01 |
   2247 | 1.86306e+01 8.29129e-03 | 1.25331e-02 1.07867e-01 1.39115e-01 |
   2248 | 1.86389e+01 8.29128e-03 | 1.25331e-02 1.07867e-01 1.39115e-01 |
   2249 | 1.86472e+01 8.29128e-03 | 1.25331e-02 1.07867e-01 1.39115e-01 |
   2250 | 1.86555e+01 8.29127e-03 | 1.25331e-02 1.07867e-01 1.39115e-01 |
   2251 | 1.86637e+01 8.29126e-03 | 1.25331e-02 1.07867e-01 1.39115e-01 |
   2252 | 1.86720e+01 8.29126e-03 | 1.25331e-02 1.07867e-01 1.39115e-01 |
   2253 | 1.86803e+01 8.29126e-03 | 1.25331e-02 1.07867e-01 1.39115e-01 |
   2254 | 1.86886e+01 8.29125e-03 | 1.25331e-02 1.07867e-01 1.39115e-01 |
   2255 | 1.86969e+01 8.29125e-03 | 1.25331e-02 1.07867e-01 1.39115e-01 |
   2256 | 1.87052e+01 8.29124e-03 | 1.25331e-02 1.07867e-01 1.39115e-01 |
   2257 | 1.87135e+01 8.29124e-03 | 1.25331e-02 1.07867e-01 1.39115e-01 |
   2258 | 1.87218e+01 8.29124e-03 | 1.25331e-02 1.07867e-01 1.39115e-01 |
   2259 | 1.87301e+01 8.29124e-03 | 1.25331e-02 1.07867e-01 1.39115e-01 |
   2260 | 1.87384e+01 8.29124e-03 | 1.25331e-02 1.07867e-01 1.39115e-01 |
   2261 | 1.87467e+01 8.29123e-03 | 1.25331e-02 1.07867e-01 1.39115e-01 |
   2262 | 1.87549e+01 8.29123e-03 | 1.25331e-02 1.07867e-01 1.39115e-01 |
   2263 | 1.87632e+01 8.29123e-03 | 1.25331e-02 1.07867e-01 1.39115e-01 |
   2264 | 1.87715e+01 8.29123e-03 | 1.25331e-02 1.07867e-01 1.39115e-01 |
   2265 | 1.87798e+01 8.29123e-03 | 1.25331e-02 1.07867e-01 1.39115e-01 |
   2266 | 1.87881e+01 8.29124e-03 | 1.25331e-02 1.07867e-01 1.39115e-01 |
   2267 | 1.87964e+01 8.29124e-03 | 1.25331e-02 1.07867e-01 1.39115e-01 |
   2268 | 1.88047e+01 8.29124e-03 | 1.25331e-02 1.07867e-01 1.39115e-01 |
   2269 | 1.88130e+01 8.29124e-03 | 1.25331e-02 1.07867e-01 1.39115e-01 |
   2270 | 1.88213e+01 8.29125e-03 | 1.25331e-02 1.07867e-01 1.39115e-01 |
   2271 | 1.88296e+01 8.29125e-03 | 1.25331e-02 1.07867e-01 1.39115e-01 |
   2272 | 1.88379e+01 8.29125e-03 | 1.25331e-02 1.07867e-01 1.39115e-01 |
   2273 | 1.88462e+01 8.29126e-03 | 1.25331e-02 1.07867e-01 1.39115e-01 |
   2274 | 1.88544e+01 8.29126e-03 | 1.25331e-02 1.07867e-01 1.39115e-01 |
   2275 | 1.88627e+01 8.29127e-03 | 1.25331e-02 1.07867e-01 1.39115e-01 |
   2276 | 1.88710e+01 8.29127e-03 | 1.25331e-02 1.07867e-01 1.39115e-01 |
   2277 | 1.88793e+01 8.29128e-03 | 1.25331e-02 1.07867e-01 1.39115e-01 |
   2278 | 1.88876e+01 8.29128e-03 | 1.25331e-02 1.07867e-01 1.39115e-01 |
   2279 | 1.88959e+01 8.29129e-03 | 1.25331e-02 1.07867e-01 1.39115e-01 |
   2280 | 1.89042e+01 8.29130e-03 | 1.25331e-02 1.07867e-01 1.39115e-01 |
   2281 | 1.89125e+01 8.29131e-03 | 1.25331e-02 1.07867e-01 1.39115e-01 |
   2282 | 1.89208e+01 8.29131e-03 | 1.25331e-02 1.07867e-01 1.39115e-01 |
   2283 | 1.89291e+01 8.29132e-03 | 1.25331e-02 1.07867e-01 1.39115e-01 |
   2284 | 1.89374e+01 8.29133e-03 | 1.25331e-02 1.07867e-01 1.39115e-01 |
   2285 | 1.89456e+01 8.29134e-03 | 1.25331e-02 1.07867e-01 1.39115e-01 |
   2286 | 1.89539e+01 8.29135e-03 | 1.25331e-02 1.07867e-01 1.39115e-01 |
   2287 | 1.89622e+01 8.29136e-03 | 1.25331e-02 1.07867e-01 1.39115e-01 |
   2288 | 1.89705e+01 8.29137e-03 | 1.25331e-02 1.07867e-01 1.39115e-01 |
   2289 | 1.89788e+01 8.29138e-03 | 1.25331e-02 1.07867e-01 1.39115e-01 |
   2290 | 1.89871e+01 8.29139e-03 | 1.25331e-02 1.07867e-01 1.39115e-01 |
   2291 | 1.89954e+01 8.29138e-03 | 1.25331e-02 1.07867e-01 1.39115e-01 |
   2292 | 1.90037e+01 8.29137e-03 | 1.25331e-02 1.07867e-01 1.39115e-01 |
   2293 | 1.90120e+01 8.29136e-03 | 1.25331e-02 1.07867e-01 1.39115e-01 |
   2294 | 1.90203e+01 8.29135e-03 | 1.25331e-02 1.07867e-01 1.39115e-01 |
   2295 | 1.90286e+01 8.29134e-03 | 1.25331e-02 1.07867e-01 1.39115e-01 |
   2296 | 1.90369e+01 8.29133e-03 | 1.25331e-02 1.07867e-01 1.39115e-01 |
   2297 | 1.90451e+01 8.29132e-03 | 1.25331e-02 1.07867e-01 1.39115e-01 |
   2298 | 1.90534e+01 8.29131e-03 | 1.25331e-02 1.07867e-01 1.39115e-01 |
   2299 | 1.90617e+01 8.29131e-03 | 1.25331e-02 1.07867e-01 1.39115e-01 |
   2300 | 1.90700e+01 8.29130e-03 | 1.25331e-02 1.07867e-01 1.39115e-01 |
   2301 | 1.90783e+01 8.29129e-03 | 1.25331e-02 1.07867e-01 1.39115e-01 |
   2302 | 1.90866e+01 8.29129e-03 | 1.25331e-02 1.07867e-01 1.39115e-01 |
   2303 | 1.90949e+01 8.29128e-03 | 1.25331e-02 1.07867e-01 1.39115e-01 |
   2304 | 1.91032e+01 8.29127e-03 | 1.25331e-02 1.07867e-01 1.39115e-01 |
   2305 | 1.91115e+01 8.29127e-03 | 1.25331e-02 1.07867e-01 1.39115e-01 |
   2306 | 1.91198e+01 8.29126e-03 | 1.25331e-02 1.07867e-01 1.39115e-01 |
   2307 | 1.91281e+01 8.29126e-03 | 1.25331e-02 1.07867e-01 1.39115e-01 |
   2308 | 1.91363e+01 8.29126e-03 | 1.25331e-02 1.07867e-01 1.39115e-01 |
   2309 | 1.91446e+01 8.29125e-03 | 1.25331e-02 1.07867e-01 1.39115e-01 |
   2310 | 1.91529e+01 8.29125e-03 | 1.25331e-02 1.07867e-01 1.39115e-01 |
   2311 | 1.91612e+01 8.29125e-03 | 1.25331e-02 1.07867e-01 1.39115e-01 |
   2312 | 1.91695e+01 8.29125e-03 | 1.25331e-02 1.07867e-01 1.39115e-01 |
   2313 | 1.91778e+01 8.29124e-03 | 1.25331e-02 1.07867e-01 1.39115e-01 |
   2314 | 1.91861e+01 8.29124e-03 | 1.25331e-02 1.07867e-01 1.39115e-01 |
   2315 | 1.91944e+01 8.29124e-03 | 1.25331e-02 1.07867e-01 1.39115e-01 |
   2316 | 1.92027e+01 8.29124e-03 | 1.25331e-02 1.07867e-01 1.39115e-01 |
   2317 | 1.92110e+01 8.29124e-03 | 1.25331e-02 1.07867e-01 1.39115e-01 |
   2318 | 1.92193e+01 8.29124e-03 | 1.25331e-02 1.07867e-01 1.39115e-01 |
   2319 | 1.92276e+01 8.29124e-03 | 1.25331e-02 1.07867e-01 1.39115e-01 |
   2320 | 1.92358e+01 8.29124e-03 | 1.25331e-02 1.07867e-01 1.39115e-01 |
   2321 | 1.92441e+01 8.29125e-03 | 1.25331e-02 1.07867e-01 1.39115e-01 |
   2322 | 1.92524e+01 8.29125e-03 | 1.25331e-02 1.07867e-01 1.39115e-01 |
   2323 | 1.92607e+01 8.29125e-03 | 1.25331e-02 1.07867e-01 1.39115e-01 |
   2324 | 1.92690e+01 8.29125e-03 | 1.25331e-02 1.07867e-01 1.39115e-01 |
   2325 | 1.92773e+01 8.29126e-03 | 1.25331e-02 1.07867e-01 1.39115e-01 |
   2326 | 1.92856e+01 8.29126e-03 | 1.25331e-02 1.07867e-01 1.39115e-01 |
   2327 | 1.92939e+01 8.29127e-03 | 1.25331e-02 1.07867e-01 1.39115e-01 |
   2328 | 1.93022e+01 8.29127e-03 | 1.25331e-02 1.07867e-01 1.39115e-01 |
   2329 | 1.93105e+01 8.29128e-03 | 1.25331e-02 1.07867e-01 1.39115e-01 |
   2330 | 1.93188e+01 8.29128e-03 | 1.25331e-02 1.07867e-01 1.39115e-01 |
   2331 | 1.93270e+01 8.29128e-03 | 1.25331e-02 1.07867e-01 1.39115e-01 |
   2332 | 1.93353e+01 8.29129e-03 | 1.25331e-02 1.07867e-01 1.39115e-01 |
   2333 | 1.93436e+01 8.29129e-03 | 1.25331e-02 1.07867e-01 1.39115e-01 |
   2334 | 1.93519e+01 8.29129e-03 | 1.25331e-02 1.07867e-01 1.39115e-01 |
   2335 | 1.93602e+01 8.29130e-03 | 1.25331e-02 1.07867e-01 1.39115e-01 |
   2336 | 1.93685e+01 8.29130e-03 | 1.25331e-02 1.07867e-01 1.39115e-01 |
   2337 | 1.93768e+01 8.29131e-03 | 1.25331e-02 1.07867e-01 1.39115e-01 |
   2338 | 1.93851e+01 8.29132e-03 | 1.25331e-02 1.07867e-01 1.39115e-01 |
   2339 | 1.93934e+01 8.29132e-03 | 1.25331e-02 1.07867e-01 1.39115e-01 |
   2340 | 1.94017e+01 8.29133e-03 | 1.25331e-02 1.07867e-01 1.39115e-01 |
   2341 | 1.94100e+01 8.29134e-03 | 1.25331e-02 1.07867e-01 1.39115e-01 |
   2342 | 1.94183e+01 8.29134e-03 | 1.25331e-02 1.07867e-01 1.39115e-01 |
   2343 | 1.94265e+01 8.29135e-03 | 1.25331e-02 1.07867e-01 1.39115e-01 |
   2344 | 1.94348e+01 8.29136e-03 | 1.25331e-02 1.07867e-01 1.39115e-01 |
   2345 | 1.94431e+01 8.29137e-03 | 1.25331e-02 1.07867e-01 1.39115e-01 |
   2346 | 1.94514e+01 8.29138e-03 | 1.25331e-02 1.07867e-01 1.39115e-01 |
   2347 | 1.94597e+01 8.29139e-03 | 1.25331e-02 1.07867e-01 1.39115e-01 |
   2348 | 1.94680e+01 8.29140e-03 | 1.25331e-02 1.07867e-01 1.39115e-01 |
   2349 | 1.94763e+01 8.29141e-03 | 1.25331e-02 1.07867e-01 1.39115e-01 |
   2350 | 1.94846e+01 8.29141e-03 | 1.25331e-02 1.07867e-01 1.39115e-01 |
   2351 | 1.94929e+01 8.29140e-03 | 1.25331e-02 1.07867e-01 1.39115e-01 |
   2352 | 1.95012e+01 8.29139e-03 | 1.25331e-02 1.07867e-01 1.39115e-01 |
   2353 | 1.95095e+01 8.29138e-03 | 1.25331e-02 1.07867e-01 1.39115e-01 |
   2354 | 1.95177e+01 8.29137e-03 | 1.25331e-02 1.07867e-01 1.39115e-01 |
   2355 | 1.95260e+01 8.29136e-03 | 1.25331e-02 1.07867e-01 1.39115e-01 |
   2356 | 1.95343e+01 8.29135e-03 | 1.25331e-02 1.07867e-01 1.39115e-01 |
   2357 | 1.95426e+01 8.29134e-03 | 1.25331e-02 1.07867e-01 1.39115e-01 |
   2358 | 1.95509e+01 8.29133e-03 | 1.25331e-02 1.07867e-01 1.39115e-01 |
   2359 | 1.95592e+01 8.29132e-03 | 1.25331e-02 1.07867e-01 1.39115e-01 |
   2360 | 1.95675e+01 8.29131e-03 | 1.25331e-02 1.07867e-01 1.39115e-01 |
   2361 | 1.95758e+01 8.29131e-03 | 1.25331e-02 1.07867e-01 1.39115e-01 |
   2362 | 1.95841e+01 8.29130e-03 | 1.25331e-02 1.07867e-01 1.39115e-01 |
   2363 | 1.95924e+01 8.29129e-03 | 1.25331e-02 1.07867e-01 1.39115e-01 |
   2364 | 1.96007e+01 8.29129e-03 | 1.25331e-02 1.07867e-01 1.39115e-01 |
   2365 | 1.96090e+01 8.29128e-03 | 1.25331e-02 1.07867e-01 1.39115e-01 |
   2366 | 1.96172e+01 8.29128e-03 | 1.25331e-02 1.07867e-01 1.39115e-01 |
   2367 | 1.96255e+01 8.29127e-03 | 1.25331e-02 1.07867e-01 1.39115e-01 |
   2368 | 1.96338e+01 8.29127e-03 | 1.25331e-02 1.07867e-01 1.39115e-01 |
   2369 | 1.96421e+01 8.29126e-03 | 1.25331e-02 1.07867e-01 1.39115e-01 |
   2370 | 1.96504e+01 8.29126e-03 | 1.25331e-02 1.07867e-01 1.39115e-01 |
   2371 | 1.96587e+01 8.29126e-03 | 1.25331e-02 1.07867e-01 1.39115e-01 |
   2372 | 1.96670e+01 8.29126e-03 | 1.25331e-02 1.07867e-01 1.39115e-01 |
   2373 | 1.96753e+01 8.29125e-03 | 1.25331e-02 1.07867e-01 1.39115e-01 |
   2374 | 1.96836e+01 8.29125e-03 | 1.25331e-02 1.07867e-01 1.39115e-01 |
   2375 | 1.96919e+01 8.29125e-03 | 1.25331e-02 1.07867e-01 1.39115e-01 |
   2376 | 1.97002e+01 8.29125e-03 | 1.25331e-02 1.07867e-01 1.39115e-01 |
   2377 | 1.97084e+01 8.29125e-03 | 1.25331e-02 1.07867e-01 1.39115e-01 |
   2378 | 1.97167e+01 8.29125e-03 | 1.25331e-02 1.07867e-01 1.39115e-01 |
   2379 | 1.97250e+01 8.29125e-03 | 1.25331e-02 1.07867e-01 1.39115e-01 |
   2380 | 1.97333e+01 8.29125e-03 | 1.25331e-02 1.07867e-01 1.39115e-01 |
   2381 | 1.97416e+01 8.29125e-03 | 1.25331e-02 1.07867e-01 1.39115e-01 |
   2382 | 1.97499e+01 8.29125e-03 | 1.25331e-02 1.07867e-01 1.39115e-01 |
   2383 | 1.97582e+01 8.29126e-03 | 1.25331e-02 1.07867e-01 1.39115e-01 |
   2384 | 1.97665e+01 8.29126e-03 | 1.25331e-02 1.07867e-01 1.39115e-01 |
   2385 | 1.97748e+01 8.29126e-03 | 1.25331e-02 1.07867e-01 1.39115e-01 |
   2386 | 1.97831e+01 8.29127e-03 | 1.25331e-02 1.07867e-01 1.39115e-01 |
   2387 | 1.97914e+01 8.29127e-03 | 1.25331e-02 1.07867e-01 1.39115e-01 |
   2388 | 1.97997e+01 8.29128e-03 | 1.25331e-02 1.07867e-01 1.39115e-01 |
   2389 | 1.98079e+01 8.29128e-03 | 1.25331e-02 1.07867e-01 1.39115e-01 |
   2390 | 1.98162e+01 8.29129e-03 | 1.25331e-02 1.07867e-01 1.39115e-01 |
   2391 | 1.98245e+01 8.29129e-03 | 1.25331e-02 1.07867e-01 1.39115e-01 |
   2392 | 1.98328e+01 8.29130e-03 | 1.25331e-02 1.07867e-01 1.39115e-01 |
   2393 | 1.98411e+01 8.29130e-03 | 1.25331e-02 1.07867e-01 1.39115e-01 |
   2394 | 1.98494e+01 8.29131e-03 | 1.25331e-02 1.07867e-01 1.39115e-01 |
   2395 | 1.98577e+01 8.29132e-03 | 1.25331e-02 1.07867e-01 1.39115e-01 |
   2396 | 1.98660e+01 8.29133e-03 | 1.25331e-02 1.07867e-01 1.39115e-01 |
   2397 | 1.98743e+01 8.29134e-03 | 1.25331e-02 1.07867e-01 1.39115e-01 |
   2398 | 1.98826e+01 8.29134e-03 | 1.25331e-02 1.07867e-01 1.39115e-01 |
   2399 | 1.98909e+01 8.29135e-03 | 1.25331e-02 1.07867e-01 1.39115e-01 |
   2400 | 1.98991e+01 8.29136e-03 | 1.25331e-02 1.07867e-01 1.39115e-01 |
   2401 | 1.99074e+01 8.29137e-03 | 1.25331e-02 1.07867e-01 1.39115e-01 |
   2402 | 1.99157e+01 8.29138e-03 | 1.25331e-02 1.07867e-01 1.39115e-01 |
   2403 | 1.99240e+01 8.29140e-03 | 1.25331e-02 1.07867e-01 1.39115e-01 |
   2404 | 1.99323e+01 8.29141e-03 | 1.25331e-02 1.07867e-01 1.39115e-01 |
   2405 | 1.99406e+01 8.29141e-03 | 1.25331e-02 1.07867e-01 1.39115e-01 |
   2406 | 1.99489e+01 8.29140e-03 | 1.25331e-02 1.07867e-01 1.39115e-01 |
   2407 | 1.99572e+01 8.29140e-03 | 1.25331e-02 1.07867e-01 1.39115e-01 |
   2408 | 1.99655e+01 8.29139e-03 | 1.25331e-02 1.07867e-01 1.39115e-01 |
   2409 | 1.99738e+01 8.29139e-03 | 1.25331e-02 1.07867e-01 1.39115e-01 |
   2410 | 1.99821e+01 8.29138e-03 | 1.25331e-02 1.07867e-01 1.39115e-01 |
   2411 | 1.99904e+01 8.29138e-03 | 1.25331e-02 1.07867e-01 1.39115e-01 |
   2412 | 1.99986e+01 8.29137e-03 | 1.25331e-02 1.07867e-01 1.39115e-01 |
   2413 | 2.00069e+01 8.29136e-03 | 1.25331e-02 1.07867e-01 1.39115e-01 |
   2414 | 2.00152e+01 8.29135e-03 | 1.25331e-02 1.07867e-01 1.39115e-01 |
   2415 | 2.00235e+01 8.29134e-03 | 1.25331e-02 1.07867e-01 1.39115e-01 |
   2416 | 2.00318e+01 8.29134e-03 | 1.25331e-02 1.07867e-01 1.39115e-01 |
   2417 | 2.00401e+01 8.29133e-03 | 1.25331e-02 1.07867e-01 1.39115e-01 |
   2418 | 2.00484e+01 8.29132e-03 | 1.25331e-02 1.07867e-01 1.39115e-01 |
   2419 | 2.00567e+01 8.29131e-03 | 1.25331e-02 1.07867e-01 1.39115e-01 |
   2420 | 2.00650e+01 8.29131e-03 | 1.25331e-02 1.07867e-01 1.39115e-01 |
   2421 | 2.00733e+01 8.29130e-03 | 1.25331e-02 1.07867e-01 1.39115e-01 |
   2422 | 2.00816e+01 8.29130e-03 | 1.25331e-02 1.07867e-01 1.39115e-01 |
   2423 | 2.00898e+01 8.29129e-03 | 1.25331e-02 1.07867e-01 1.39115e-01 |
   2424 | 2.00981e+01 8.29129e-03 | 1.25331e-02 1.07867e-01 1.39115e-01 |
   2425 | 2.01064e+01 8.29128e-03 | 1.25331e-02 1.07867e-01 1.39115e-01 |
   2426 | 2.01147e+01 8.29128e-03 | 1.25331e-02 1.07867e-01 1.39115e-01 |
   2427 | 2.01230e+01 8.29128e-03 | 1.25331e-02 1.07867e-01 1.39115e-01 |
   2428 | 2.01313e+01 8.29127e-03 | 1.25331e-02 1.07867e-01 1.39115e-01 |
   2429 | 2.01396e+01 8.29127e-03 | 1.25331e-02 1.07867e-01 1.39115e-01 |
   2430 | 2.01479e+01 8.29127e-03 | 1.25331e-02 1.07867e-01 1.39115e-01 |
   2431 | 2.01562e+01 8.29127e-03 | 1.25331e-02 1.07867e-01 1.39115e-01 |
   2432 | 2.01645e+01 8.29127e-03 | 1.25331e-02 1.07867e-01 1.39115e-01 |
   2433 | 2.01728e+01 8.29127e-03 | 1.25331e-02 1.07867e-01 1.39115e-01 |
   2434 | 2.01811e+01 8.29127e-03 | 1.25331e-02 1.07867e-01 1.39115e-01 |
   2435 | 2.01893e+01 8.29127e-03 | 1.25331e-02 1.07867e-01 1.39115e-01 |
   2436 | 2.01976e+01 8.29127e-03 | 1.25331e-02 1.07867e-01 1.39115e-01 |
   2437 | 2.02059e+01 8.29127e-03 | 1.25331e-02 1.07867e-01 1.39115e-01 |
   2438 | 2.02142e+01 8.29127e-03 | 1.25331e-02 1.07867e-01 1.39115e-01 |
   2439 | 2.02225e+01 8.29127e-03 | 1.25331e-02 1.07867e-01 1.39115e-01 |
   2440 | 2.02308e+01 8.29127e-03 | 1.25331e-02 1.07867e-01 1.39115e-01 |
   2441 | 2.02391e+01 8.29128e-03 | 1.25331e-02 1.07867e-01 1.39115e-01 |
   2442 | 2.02474e+01 8.29128e-03 | 1.25331e-02 1.07867e-01 1.39115e-01 |
   2443 | 2.02557e+01 8.29128e-03 | 1.25331e-02 1.07867e-01 1.39115e-01 |
   2444 | 2.02640e+01 8.29129e-03 | 1.25331e-02 1.07867e-01 1.39115e-01 |
   2445 | 2.02723e+01 8.29129e-03 | 1.25331e-02 1.07867e-01 1.39115e-01 |
   2446 | 2.02805e+01 8.29130e-03 | 1.25331e-02 1.07867e-01 1.39115e-01 |
   2447 | 2.02888e+01 8.29130e-03 | 1.25331e-02 1.07867e-01 1.39115e-01 |
   2448 | 2.02971e+01 8.29131e-03 | 1.25331e-02 1.07867e-01 1.39115e-01 |
   2449 | 2.03054e+01 8.29132e-03 | 1.25331e-02 1.07867e-01 1.39115e-01 |
   2450 | 2.03137e+01 8.29132e-03 | 1.25331e-02 1.07867e-01 1.39115e-01 |
   2451 | 2.03220e+01 8.29133e-03 | 1.25331e-02 1.07867e-01 1.39115e-01 |
   2452 | 2.03303e+01 8.29134e-03 | 1.25331e-02 1.07867e-01 1.39115e-01 |
   2453 | 2.03386e+01 8.29135e-03 | 1.25331e-02 1.07867e-01 1.39115e-01 |
   2454 | 2.03469e+01 8.29136e-03 | 1.25331e-02 1.07867e-01 1.39115e-01 |
   2455 | 2.03552e+01 8.29136e-03 | 1.25331e-02 1.07867e-01 1.39115e-01 |
   2456 | 2.03635e+01 8.29137e-03 | 1.25331e-02 1.07867e-01 1.39115e-01 |
   2457 | 2.03718e+01 8.29138e-03 | 1.25331e-02 1.07867e-01 1.39115e-01 |
   2458 | 2.03800e+01 8.29139e-03 | 1.25331e-02 1.07867e-01 1.39115e-01 |
   2459 | 2.03883e+01 8.29141e-03 | 1.25331e-02 1.07867e-01 1.39115e-01 |
   2460 | 2.03966e+01 8.29141e-03 | 1.25331e-02 1.07867e-01 1.39115e-01 |
   2461 | 2.04049e+01 8.29140e-03 | 1.25331e-02 1.07867e-01 1.39115e-01 |
   2462 | 2.04132e+01 8.29138e-03 | 1.25331e-02 1.07867e-01 1.39115e-01 |
   2463 | 2.04215e+01 8.29137e-03 | 1.25331e-02 1.07867e-01 1.39115e-01 |
   2464 | 2.04298e+01 8.29136e-03 | 1.25331e-02 1.07867e-01 1.39115e-01 |
   2465 | 2.04381e+01 8.29135e-03 | 1.25331e-02 1.07867e-01 1.39115e-01 |
   2466 | 2.04464e+01 8.29134e-03 | 1.25331e-02 1.07867e-01 1.39115e-01 |
   2467 | 2.04547e+01 8.29134e-03 | 1.25331e-02 1.07867e-01 1.39115e-01 |
   2468 | 2.04630e+01 8.29133e-03 | 1.25331e-02 1.07867e-01 1.39115e-01 |
   2469 | 2.04712e+01 8.29132e-03 | 1.25331e-02 1.07867e-01 1.39115e-01 |
   2470 | 2.04795e+01 8.29131e-03 | 1.25331e-02 1.07867e-01 1.39115e-01 |
   2471 | 2.04878e+01 8.29130e-03 | 1.25331e-02 1.07867e-01 1.39115e-01 |
   2472 | 2.04961e+01 8.29130e-03 | 1.25331e-02 1.07867e-01 1.39115e-01 |
   2473 | 2.05044e+01 8.29129e-03 | 1.25331e-02 1.07867e-01 1.39115e-01 |
   2474 | 2.05127e+01 8.29128e-03 | 1.25331e-02 1.07867e-01 1.39115e-01 |
   2475 | 2.05210e+01 8.29128e-03 | 1.25331e-02 1.07867e-01 1.39115e-01 |
   2476 | 2.05293e+01 8.29127e-03 | 1.25331e-02 1.07867e-01 1.39115e-01 |
   2477 | 2.05376e+01 8.29127e-03 | 1.25331e-02 1.07867e-01 1.39115e-01 |
   2478 | 2.05459e+01 8.29126e-03 | 1.25331e-02 1.07867e-01 1.39115e-01 |
   2479 | 2.05542e+01 8.29126e-03 | 1.25331e-02 1.07867e-01 1.39115e-01 |
   2480 | 2.05625e+01 8.29126e-03 | 1.25331e-02 1.07867e-01 1.39115e-01 |
   2481 | 2.05707e+01 8.29125e-03 | 1.25331e-02 1.07867e-01 1.39115e-01 |
   2482 | 2.05790e+01 8.29125e-03 | 1.25331e-02 1.07867e-01 1.39115e-01 |
   2483 | 2.05873e+01 8.29125e-03 | 1.25331e-02 1.07867e-01 1.39115e-01 |
   2484 | 2.05956e+01 8.29125e-03 | 1.25331e-02 1.07867e-01 1.39115e-01 |
   2485 | 2.06039e+01 8.29125e-03 | 1.25331e-02 1.07867e-01 1.39115e-01 |
   2486 | 2.06122e+01 8.29125e-03 | 1.25331e-02 1.07867e-01 1.39115e-01 |
   2487 | 2.06205e+01 8.29125e-03 | 1.25331e-02 1.07867e-01 1.39115e-01 |
   2488 | 2.06288e+01 8.29125e-03 | 1.25331e-02 1.07867e-01 1.39115e-01 |
   2489 | 2.06371e+01 8.29125e-03 | 1.25331e-02 1.07867e-01 1.39115e-01 |
   2490 | 2.06454e+01 8.29125e-03 | 1.25331e-02 1.07867e-01 1.39115e-01 |
   2491 | 2.06537e+01 8.29125e-03 | 1.25331e-02 1.07867e-01 1.39115e-01 |
   2492 | 2.06619e+01 8.29125e-03 | 1.25331e-02 1.07867e-01 1.39115e-01 |
   2493 | 2.06702e+01 8.29125e-03 | 1.25331e-02 1.07867e-01 1.39115e-01 |
   2494 | 2.06785e+01 8.29126e-03 | 1.25331e-02 1.07867e-01 1.39115e-01 |
   2495 | 2.06868e+01 8.29126e-03 | 1.25331e-02 1.07867e-01 1.39115e-01 |
   2496 | 2.06951e+01 8.29126e-03 | 1.25331e-02 1.07867e-01 1.39115e-01 |
   2497 | 2.07034e+01 8.29127e-03 | 1.25331e-02 1.07867e-01 1.39115e-01 |
   2498 | 2.07117e+01 8.29127e-03 | 1.25331e-02 1.07867e-01 1.39115e-01 |
   2499 | 2.07200e+01 8.29128e-03 | 1.25331e-02 1.07867e-01 1.39115e-01 |
   2500 | 2.07283e+01 8.29128e-03 | 1.25331e-02 1.07867e-01 1.39115e-01 |
   2501 | 2.07366e+01 8.29129e-03 | 1.25331e-02 1.07867e-01 1.39115e-01 |
   2502 | 2.07449e+01 8.29129e-03 | 1.25331e-02 1.07867e-01 1.39115e-01 |
   2503 | 2.07532e+01 8.29130e-03 | 1.25331e-02 1.07867e-01 1.39115e-01 |
   2504 | 2.07614e+01 8.29131e-03 | 1.25331e-02 1.07867e-01 1.39115e-01 |
   2505 | 2.07697e+01 8.29132e-03 | 1.25331e-02 1.07867e-01 1.39115e-01 |
   2506 | 2.07780e+01 8.29132e-03 | 1.25331e-02 1.07867e-01 1.39115e-01 |
   2507 | 2.07863e+01 8.29133e-03 | 1.25331e-02 1.07867e-01 1.39115e-01 |
   2508 | 2.07946e+01 8.29134e-03 | 1.25331e-02 1.07867e-01 1.39115e-01 |
   2509 | 2.08029e+01 8.29135e-03 | 1.25331e-02 1.07867e-01 1.39115e-01 |
   2510 | 2.08112e+01 8.29136e-03 | 1.25331e-02 1.07867e-01 1.39115e-01 |
   2511 | 2.08195e+01 8.29137e-03 | 1.25331e-02 1.07867e-01 1.39115e-01 |
   2512 | 2.08278e+01 8.29138e-03 | 1.25331e-02 1.07867e-01 1.39115e-01 |
   2513 | 2.08361e+01 8.29139e-03 | 1.25331e-02 1.07867e-01 1.39115e-01 |
   2514 | 2.08444e+01 8.29140e-03 | 1.25331e-02 1.07867e-01 1.39115e-01 |
   2515 | 2.08526e+01 8.29142e-03 | 1.25331e-02 1.07867e-01 1.39115e-01 |
   2516 | 2.08609e+01 8.29141e-03 | 1.25331e-02 1.07867e-01 1.39115e-01 |
   2517 | 2.08692e+01 8.29141e-03 | 1.25331e-02 1.07867e-01 1.39115e-01 |
   2518 | 2.08775e+01 8.29140e-03 | 1.25331e-02 1.07867e-01 1.39115e-01 |
   2519 | 2.08858e+01 8.29140e-03 | 1.25331e-02 1.07867e-01 1.39115e-01 |
   2520 | 2.08941e+01 8.29139e-03 | 1.25331e-02 1.07867e-01 1.39115e-01 |
   2521 | 2.09024e+01 8.29139e-03 | 1.25331e-02 1.07867e-01 1.39115e-01 |
   2522 | 2.09107e+01 8.29138e-03 | 1.25331e-02 1.07867e-01 1.39115e-01 |
   2523 | 2.09190e+01 8.29138e-03 | 1.25331e-02 1.07867e-01 1.39115e-01 |
   2524 | 2.09273e+01 8.29138e-03 | 1.25331e-02 1.07867e-01 1.39115e-01 |
   2525 | 2.09356e+01 8.29138e-03 | 1.25331e-02 1.07867e-01 1.39115e-01 |
   2526 | 2.09439e+01 8.29137e-03 | 1.25331e-02 1.07867e-01 1.39115e-01 |
   2527 | 2.09521e+01 8.29137e-03 | 1.25331e-02 1.07867e-01 1.39115e-01 |
   2528 | 2.09604e+01 8.29137e-03 | 1.25331e-02 1.07867e-01 1.39115e-01 |
   2529 | 2.09687e+01 8.29137e-03 | 1.25331e-02 1.07867e-01 1.39115e-01 |
   2530 | 2.09770e+01 8.29137e-03 | 1.25331e-02 1.07867e-01 1.39115e-01 |
   2531 | 2.09853e+01 8.29137e-03 | 1.25331e-02 1.07867e-01 1.39115e-01 |
   2532 | 2.09936e+01 8.29137e-03 | 1.25331e-02 1.07867e-01 1.39115e-01 |
   2533 | 2.10019e+01 8.29137e-03 | 1.25331e-02 1.07867e-01 1.39115e-01 |
   2534 | 2.10102e+01 8.29138e-03 | 1.25331e-02 1.07867e-01 1.39115e-01 |
   2535 | 2.10185e+01 8.29138e-03 | 1.25331e-02 1.07867e-01 1.39115e-01 |
   2536 | 2.10268e+01 8.29138e-03 | 1.25331e-02 1.07867e-01 1.39115e-01 |
   2537 | 2.10351e+01 8.29137e-03 | 1.25331e-02 1.07867e-01 1.39115e-01 |
   2538 | 2.10433e+01 8.29137e-03 | 1.25331e-02 1.07867e-01 1.39115e-01 |
   2539 | 2.10516e+01 8.29136e-03 | 1.25331e-02 1.07867e-01 1.39115e-01 |
   2540 | 2.10599e+01 8.29136e-03 | 1.25331e-02 1.07867e-01 1.39115e-01 |
   2541 | 2.10682e+01 8.29135e-03 | 1.25331e-02 1.07867e-01 1.39115e-01 |
   2542 | 2.10765e+01 8.29135e-03 | 1.25331e-02 1.07867e-01 1.39115e-01 |
   2543 | 2.10848e+01 8.29135e-03 | 1.25331e-02 1.07867e-01 1.39115e-01 |
   2544 | 2.10931e+01 8.29135e-03 | 1.25331e-02 1.07867e-01 1.39115e-01 |
   2545 | 2.11014e+01 8.29134e-03 | 1.25331e-02 1.07867e-01 1.39115e-01 |
   2546 | 2.11097e+01 8.29134e-03 | 1.25331e-02 1.07867e-01 1.39115e-01 |
   2547 | 2.11180e+01 8.29134e-03 | 1.25331e-02 1.07867e-01 1.39115e-01 |
   2548 | 2.11263e+01 8.29134e-03 | 1.25331e-02 1.07867e-01 1.39115e-01 |
   2549 | 2.11346e+01 8.29134e-03 | 1.25331e-02 1.07867e-01 1.39115e-01 |
   2550 | 2.11428e+01 8.29134e-03 | 1.25331e-02 1.07867e-01 1.39115e-01 |
   2551 | 2.11511e+01 8.29134e-03 | 1.25331e-02 1.07867e-01 1.39115e-01 |
   2552 | 2.11594e+01 8.29135e-03 | 1.25331e-02 1.07867e-01 1.39115e-01 |
   2553 | 2.11677e+01 8.29135e-03 | 1.25331e-02 1.07867e-01 1.39115e-01 |
   2554 | 2.11760e+01 8.29135e-03 | 1.25331e-02 1.07867e-01 1.39115e-01 |
   2555 | 2.11843e+01 8.29135e-03 | 1.25331e-02 1.07867e-01 1.39115e-01 |
   2556 | 2.11926e+01 8.29136e-03 | 1.25331e-02 1.07867e-01 1.39115e-01 |
   2557 | 2.12009e+01 8.29136e-03 | 1.25331e-02 1.07867e-01 1.39115e-01 |
   2558 | 2.12092e+01 8.29136e-03 | 1.25331e-02 1.07867e-01 1.39115e-01 |
   2559 | 2.12175e+01 8.29137e-03 | 1.25331e-02 1.07867e-01 1.39115e-01 |
   2560 | 2.12258e+01 8.29137e-03 | 1.25331e-02 1.07867e-01 1.39115e-01 |
   2561 | 2.12341e+01 8.29138e-03 | 1.25331e-02 1.07867e-01 1.39115e-01 |
   2562 | 2.12423e+01 8.29138e-03 | 1.25331e-02 1.07867e-01 1.39115e-01 |
   2563 | 2.12506e+01 8.29139e-03 | 1.25331e-02 1.07867e-01 1.39115e-01 |
   2564 | 2.12589e+01 8.29140e-03 | 1.25331e-02 1.07867e-01 1.39115e-01 |
   2565 | 2.12672e+01 8.29140e-03 | 1.25331e-02 1.07867e-01 1.39115e-01 |
   2566 | 2.12755e+01 8.29139e-03 | 1.25331e-02 1.07867e-01 1.39115e-01 |
   2567 | 2.12838e+01 8.29138e-03 | 1.25331e-02 1.07867e-01 1.39115e-01 |
   2568 | 2.12921e+01 8.29137e-03 | 1.25331e-02 1.07867e-01 1.39115e-01 |
   2569 | 2.13004e+01 8.29136e-03 | 1.25331e-02 1.07867e-01 1.39115e-01 |
   2570 | 2.13087e+01 8.29135e-03 | 1.25331e-02 1.07867e-01 1.39115e-01 |
   2571 | 2.13170e+01 8.29134e-03 | 1.25331e-02 1.07867e-01 1.39115e-01 |
   2572 | 2.13253e+01 8.29133e-03 | 1.25331e-02 1.07867e-01 1.39115e-01 |
   2573 | 2.13335e+01 8.29132e-03 | 1.25331e-02 1.07867e-01 1.39115e-01 |
   2574 | 2.13418e+01 8.29132e-03 | 1.25331e-02 1.07867e-01 1.39115e-01 |
   2575 | 2.13501e+01 8.29131e-03 | 1.25331e-02 1.07867e-01 1.39115e-01 |
   2576 | 2.13584e+01 8.29130e-03 | 1.25331e-02 1.07867e-01 1.39115e-01 |
   2577 | 2.13667e+01 8.29130e-03 | 1.25331e-02 1.07867e-01 1.39115e-01 |
   2578 | 2.13750e+01 8.29129e-03 | 1.25331e-02 1.07867e-01 1.39115e-01 |
   2579 | 2.13833e+01 8.29129e-03 | 1.25331e-02 1.07867e-01 1.39115e-01 |
   2580 | 2.13916e+01 8.29128e-03 | 1.25331e-02 1.07867e-01 1.39115e-01 |
   2581 | 2.13999e+01 8.29128e-03 | 1.25331e-02 1.07867e-01 1.39115e-01 |
   2582 | 2.14082e+01 8.29127e-03 | 1.25331e-02 1.07867e-01 1.39115e-01 |
   2583 | 2.14165e+01 8.29127e-03 | 1.25331e-02 1.07867e-01 1.39115e-01 |
   2584 | 2.14248e+01 8.29127e-03 | 1.25331e-02 1.07867e-01 1.39115e-01 |
   2585 | 2.14330e+01 8.29126e-03 | 1.25331e-02 1.07867e-01 1.39115e-01 |
   2586 | 2.14413e+01 8.29126e-03 | 1.25331e-02 1.07867e-01 1.39115e-01 |
   2587 | 2.14496e+01 8.29126e-03 | 1.25331e-02 1.07867e-01 1.39115e-01 |
   2588 | 2.14579e+01 8.29126e-03 | 1.25331e-02 1.07867e-01 1.39115e-01 |
   2589 | 2.14662e+01 8.29126e-03 | 1.25331e-02 1.07867e-01 1.39115e-01 |
   2590 | 2.14745e+01 8.29126e-03 | 1.25331e-02 1.07867e-01 1.39115e-01 |
   2591 | 2.14828e+01 8.29126e-03 | 1.25331e-02 1.07867e-01 1.39115e-01 |
   2592 | 2.14911e+01 8.29126e-03 | 1.25331e-02 1.07867e-01 1.39115e-01 |
   2593 | 2.14994e+01 8.29126e-03 | 1.25331e-02 1.07867e-01 1.39115e-01 |
   2594 | 2.15077e+01 8.29126e-03 | 1.25331e-02 1.07867e-01 1.39115e-01 |
   2595 | 2.15160e+01 8.29126e-03 | 1.25331e-02 1.07867e-01 1.39115e-01 |
   2596 | 2.15242e+01 8.29126e-03 | 1.25331e-02 1.07867e-01 1.39115e-01 |
   2597 | 2.15325e+01 8.29127e-03 | 1.25331e-02 1.07867e-01 1.39115e-01 |
   2598 | 2.15408e+01 8.29127e-03 | 1.25331e-02 1.07867e-01 1.39115e-01 |
   2599 | 2.15491e+01 8.29127e-03 | 1.25331e-02 1.07867e-01 1.39115e-01 |
   2600 | 2.15574e+01 8.29128e-03 | 1.25331e-02 1.07867e-01 1.39115e-01 |
   2601 | 2.15657e+01 8.29128e-03 | 1.25331e-02 1.07867e-01 1.39115e-01 |
   2602 | 2.15740e+01 8.29129e-03 | 1.25331e-02 1.07867e-01 1.39115e-01 |
   2603 | 2.15823e+01 8.29129e-03 | 1.25331e-02 1.07867e-01 1.39115e-01 |
   2604 | 2.15906e+01 8.29130e-03 | 1.25331e-02 1.07867e-01 1.39115e-01 |
   2605 | 2.15989e+01 8.29130e-03 | 1.25331e-02 1.07867e-01 1.39115e-01 |
   2606 | 2.16072e+01 8.29131e-03 | 1.25331e-02 1.07867e-01 1.39115e-01 |
   2607 | 2.16155e+01 8.29132e-03 | 1.25331e-02 1.07867e-01 1.39115e-01 |
   2608 | 2.16237e+01 8.29132e-03 | 1.25331e-02 1.07867e-01 1.39115e-01 |
   2609 | 2.16320e+01 8.29133e-03 | 1.25331e-02 1.07867e-01 1.39115e-01 |
   2610 | 2.16403e+01 8.29134e-03 | 1.25331e-02 1.07867e-01 1.39115e-01 |
   2611 | 2.16486e+01 8.29135e-03 | 1.25331e-02 1.07867e-01 1.39115e-01 |
   2612 | 2.16569e+01 8.29136e-03 | 1.25331e-02 1.07867e-01 1.39115e-01 |
   2613 | 2.16652e+01 8.29137e-03 | 1.25331e-02 1.07867e-01 1.39115e-01 |
   2614 | 2.16735e+01 8.29138e-03 | 1.25331e-02 1.07867e-01 1.39115e-01 |
   2615 | 2.16818e+01 8.29139e-03 | 1.25331e-02 1.07867e-01 1.39115e-01 |
   2616 | 2.16901e+01 8.29140e-03 | 1.25331e-02 1.07867e-01 1.39115e-01 |
   2617 | 2.16984e+01 8.29141e-03 | 1.25331e-02 1.07867e-01 1.39115e-01 |
   2618 | 2.17067e+01 8.29142e-03 | 1.25331e-02 1.07867e-01 1.39115e-01 |
   2619 | 2.17149e+01 8.29142e-03 | 1.25331e-02 1.07867e-01 1.39115e-01 |
   2620 | 2.17232e+01 8.29141e-03 | 1.25331e-02 1.07867e-01 1.39115e-01 |
   2621 | 2.17315e+01 8.29140e-03 | 1.25331e-02 1.07867e-01 1.39115e-01 |
   2622 | 2.17398e+01 8.29139e-03 | 1.25331e-02 1.07867e-01 1.39115e-01 |
   2623 | 2.17481e+01 8.29138e-03 | 1.25331e-02 1.07867e-01 1.39115e-01 |
   2624 | 2.17564e+01 8.29137e-03 | 1.25331e-02 1.07867e-01 1.39115e-01 |
   2625 | 2.17647e+01 8.29136e-03 | 1.25331e-02 1.07867e-01 1.39115e-01 |
   2626 | 2.17730e+01 8.29135e-03 | 1.25331e-02 1.07867e-01 1.39115e-01 |
   2627 | 2.17813e+01 8.29135e-03 | 1.25331e-02 1.07867e-01 1.39115e-01 |
   2628 | 2.17896e+01 8.29134e-03 | 1.25331e-02 1.07867e-01 1.39115e-01 |
   2629 | 2.17979e+01 8.29133e-03 | 1.25331e-02 1.07867e-01 1.39115e-01 |
   2630 | 2.18062e+01 8.29133e-03 | 1.25331e-02 1.07867e-01 1.39115e-01 |
   2631 | 2.18144e+01 8.29132e-03 | 1.25331e-02 1.07867e-01 1.39115e-01 |
   2632 | 2.18227e+01 8.29131e-03 | 1.25331e-02 1.07867e-01 1.39115e-01 |
   2633 | 2.18310e+01 8.29131e-03 | 1.25331e-02 1.07867e-01 1.39115e-01 |
   2634 | 2.18393e+01 8.29130e-03 | 1.25331e-02 1.07867e-01 1.39115e-01 |
   2635 | 2.18476e+01 8.29130e-03 | 1.25331e-02 1.07867e-01 1.39115e-01 |
   2636 | 2.18559e+01 8.29130e-03 | 1.25331e-02 1.07867e-01 1.39115e-01 |
   2637 | 2.18642e+01 8.29129e-03 | 1.25331e-02 1.07867e-01 1.39115e-01 |
   2638 | 2.18725e+01 8.29129e-03 | 1.25331e-02 1.07867e-01 1.39115e-01 |
   2639 | 2.18808e+01 8.29129e-03 | 1.25331e-02 1.07867e-01 1.39115e-01 |
   2640 | 2.18891e+01 8.29129e-03 | 1.25331e-02 1.07867e-01 1.39115e-01 |
   2641 | 2.18974e+01 8.29129e-03 | 1.25331e-02 1.07867e-01 1.39115e-01 |
   2642 | 2.19056e+01 8.29128e-03 | 1.25331e-02 1.07867e-01 1.39115e-01 |
   2643 | 2.19139e+01 8.29128e-03 | 1.25331e-02 1.07867e-01 1.39115e-01 |
   2644 | 2.19222e+01 8.29128e-03 | 1.25331e-02 1.07867e-01 1.39115e-01 |
   2645 | 2.19305e+01 8.29128e-03 | 1.25331e-02 1.07867e-01 1.39115e-01 |
   2646 | 2.19388e+01 8.29128e-03 | 1.25331e-02 1.07867e-01 1.39115e-01 |
   2647 | 2.19471e+01 8.29129e-03 | 1.25331e-02 1.07867e-01 1.39115e-01 |
   2648 | 2.19554e+01 8.29129e-03 | 1.25331e-02 1.07867e-01 1.39115e-01 |
   2649 | 2.19637e+01 8.29129e-03 | 1.25331e-02 1.07867e-01 1.39115e-01 |
   2650 | 2.19720e+01 8.29129e-03 | 1.25331e-02 1.07867e-01 1.39115e-01 |
   2651 | 2.19803e+01 8.29129e-03 | 1.25331e-02 1.07867e-01 1.39115e-01 |
   2652 | 2.19886e+01 8.29130e-03 | 1.25331e-02 1.07867e-01 1.39115e-01 |
   2653 | 2.19969e+01 8.29130e-03 | 1.25331e-02 1.07867e-01 1.39115e-01 |
   2654 | 2.20051e+01 8.29131e-03 | 1.25331e-02 1.07867e-01 1.39115e-01 |
   2655 | 2.20134e+01 8.29131e-03 | 1.25331e-02 1.07867e-01 1.39115e-01 |
   2656 | 2.20217e+01 8.29132e-03 | 1.25331e-02 1.07867e-01 1.39115e-01 |
   2657 | 2.20300e+01 8.29132e-03 | 1.25331e-02 1.07867e-01 1.39115e-01 |
   2658 | 2.20383e+01 8.29133e-03 | 1.25331e-02 1.07867e-01 1.39115e-01 |
   2659 | 2.20466e+01 8.29133e-03 | 1.25331e-02 1.07867e-01 1.39115e-01 |
   2660 | 2.20549e+01 8.29133e-03 | 1.25331e-02 1.07867e-01 1.39115e-01 |
   2661 | 2.20632e+01 8.29133e-03 | 1.25331e-02 1.07867e-01 1.39115e-01 |
   2662 | 2.20715e+01 8.29134e-03 | 1.25331e-02 1.07867e-01 1.39115e-01 |
   2663 | 2.20798e+01 8.29134e-03 | 1.25331e-02 1.07867e-01 1.39115e-01 |
   2664 | 2.20881e+01 8.29134e-03 | 1.25331e-02 1.07867e-01 1.39115e-01 |
   2665 | 2.20963e+01 8.29134e-03 | 1.25331e-02 1.07867e-01 1.39115e-01 |
   2666 | 2.21046e+01 8.29135e-03 | 1.25331e-02 1.07867e-01 1.39115e-01 |
   2667 | 2.21129e+01 8.29135e-03 | 1.25331e-02 1.07867e-01 1.39115e-01 |
   2668 | 2.21212e+01 8.29135e-03 | 1.25331e-02 1.07867e-01 1.39115e-01 |
   2669 | 2.21295e+01 8.29136e-03 | 1.25331e-02 1.07867e-01 1.39115e-01 |
   2670 | 2.21378e+01 8.29136e-03 | 1.25331e-02 1.07867e-01 1.39115e-01 |
   2671 | 2.21461e+01 8.29137e-03 | 1.25331e-02 1.07867e-01 1.39115e-01 |
   2672 | 2.21544e+01 8.29138e-03 | 1.25331e-02 1.07867e-01 1.39115e-01 |
   2673 | 2.21627e+01 8.29138e-03 | 1.25331e-02 1.07867e-01 1.39115e-01 |
   2674 | 2.21710e+01 8.29139e-03 | 1.25331e-02 1.07867e-01 1.39115e-01 |
   2675 | 2.21793e+01 8.29140e-03 | 1.25331e-02 1.07867e-01 1.39115e-01 |
   2676 | 2.21876e+01 8.29139e-03 | 1.25331e-02 1.07867e-01 1.39115e-01 |
   2677 | 2.21958e+01 8.29138e-03 | 1.25331e-02 1.07867e-01 1.39115e-01 |
   2678 | 2.22041e+01 8.29137e-03 | 1.25331e-02 1.07867e-01 1.39115e-01 |
   2679 | 2.22124e+01 8.29136e-03 | 1.25331e-02 1.07867e-01 1.39115e-01 |
   2680 | 2.22207e+01 8.29135e-03 | 1.25331e-02 1.07867e-01 1.39115e-01 |
   2681 | 2.22290e+01 8.29134e-03 | 1.25331e-02 1.07867e-01 1.39115e-01 |
   2682 | 2.22373e+01 8.29134e-03 | 1.25331e-02 1.07867e-01 1.39115e-01 |
   2683 | 2.22456e+01 8.29133e-03 | 1.25331e-02 1.07867e-01 1.39115e-01 |
   2684 | 2.22539e+01 8.29132e-03 | 1.25331e-02 1.07867e-01 1.39115e-01 |
   2685 | 2.22622e+01 8.29131e-03 | 1.25331e-02 1.07867e-01 1.39115e-01 |
   2686 | 2.22705e+01 8.29131e-03 | 1.25331e-02 1.07867e-01 1.39115e-01 |
   2687 | 2.22788e+01 8.29130e-03 | 1.25331e-02 1.07867e-01 1.39115e-01 |
   2688 | 2.22870e+01 8.29130e-03 | 1.25331e-02 1.07867e-01 1.39115e-01 |
   2689 | 2.22953e+01 8.29129e-03 | 1.25331e-02 1.07867e-01 1.39115e-01 |
   2690 | 2.23036e+01 8.29129e-03 | 1.25331e-02 1.07867e-01 1.39115e-01 |
   2691 | 2.23119e+01 8.29128e-03 | 1.25331e-02 1.07867e-01 1.39115e-01 |
   2692 | 2.23202e+01 8.29128e-03 | 1.25331e-02 1.07867e-01 1.39115e-01 |
   2693 | 2.23285e+01 8.29127e-03 | 1.25331e-02 1.07867e-01 1.39115e-01 |
   2694 | 2.23368e+01 8.29127e-03 | 1.25331e-02 1.07867e-01 1.39115e-01 |
   2695 | 2.23451e+01 8.29127e-03 | 1.25331e-02 1.07867e-01 1.39115e-01 |
   2696 | 2.23534e+01 8.29127e-03 | 1.25331e-02 1.07867e-01 1.39115e-01 |
   2697 | 2.23617e+01 8.29126e-03 | 1.25331e-02 1.07867e-01 1.39115e-01 |
   2698 | 2.23700e+01 8.29126e-03 | 1.25331e-02 1.07867e-01 1.39115e-01 |
   2699 | 2.23783e+01 8.29126e-03 | 1.25331e-02 1.07867e-01 1.39115e-01 |
   2700 | 2.23865e+01 8.29126e-03 | 1.25331e-02 1.07867e-01 1.39115e-01 |
   2701 | 2.23948e+01 8.29126e-03 | 1.25331e-02 1.07867e-01 1.39115e-01 |
   2702 | 2.24031e+01 8.29126e-03 | 1.25331e-02 1.07867e-01 1.39115e-01 |
   2703 | 2.24114e+01 8.29126e-03 | 1.25331e-02 1.07867e-01 1.39115e-01 |
   2704 | 2.24197e+01 8.29126e-03 | 1.25331e-02 1.07867e-01 1.39115e-01 |
   2705 | 2.24280e+01 8.29127e-03 | 1.25331e-02 1.07867e-01 1.39115e-01 |
   2706 | 2.24363e+01 8.29127e-03 | 1.25331e-02 1.07867e-01 1.39115e-01 |
   2707 | 2.24446e+01 8.29127e-03 | 1.25331e-02 1.07867e-01 1.39115e-01 |
   2708 | 2.24529e+01 8.29127e-03 | 1.25331e-02 1.07867e-01 1.39115e-01 |
   2709 | 2.24612e+01 8.29128e-03 | 1.25331e-02 1.07867e-01 1.39115e-01 |
   2710 | 2.24695e+01 8.29128e-03 | 1.25331e-02 1.07867e-01 1.39115e-01 |
   2711 | 2.24777e+01 8.29129e-03 | 1.25331e-02 1.07867e-01 1.39115e-01 |
   2712 | 2.24860e+01 8.29129e-03 | 1.25331e-02 1.07867e-01 1.39115e-01 |
   2713 | 2.24943e+01 8.29130e-03 | 1.25331e-02 1.07867e-01 1.39115e-01 |
   2714 | 2.25026e+01 8.29130e-03 | 1.25331e-02 1.07867e-01 1.39115e-01 |
   2715 | 2.25109e+01 8.29131e-03 | 1.25331e-02 1.07867e-01 1.39115e-01 |
   2716 | 2.25192e+01 8.29132e-03 | 1.25331e-02 1.07867e-01 1.39115e-01 |
   2717 | 2.25275e+01 8.29132e-03 | 1.25331e-02 1.07867e-01 1.39115e-01 |
   2718 | 2.25358e+01 8.29133e-03 | 1.25331e-02 1.07867e-01 1.39115e-01 |
   2719 | 2.25441e+01 8.29134e-03 | 1.25331e-02 1.07867e-01 1.39115e-01 |
   2720 | 2.25524e+01 8.29135e-03 | 1.25331e-02 1.07867e-01 1.39115e-01 |
   2721 | 2.25607e+01 8.29135e-03 | 1.25331e-02 1.07867e-01 1.39115e-01 |
   2722 | 2.25690e+01 8.29136e-03 | 1.25331e-02 1.07867e-01 1.39115e-01 |
   2723 | 2.25772e+01 8.29137e-03 | 1.25331e-02 1.07867e-01 1.39115e-01 |
   2724 | 2.25855e+01 8.29138e-03 | 1.25331e-02 1.07867e-01 1.39115e-01 |
   2725 | 2.25938e+01 8.29139e-03 | 1.25331e-02 1.07867e-01 1.39115e-01 |
   2726 | 2.26021e+01 8.29140e-03 | 1.25331e-02 1.07867e-01 1.39115e-01 |
   2727 | 2.26104e+01 8.29142e-03 | 1.25331e-02 1.07867e-01 1.39115e-01 |
   2728 | 2.26187e+01 8.29143e-03 | 1.25331e-02 1.07867e-01 1.39115e-01 |
   2729 | 2.26270e+01 8.29143e-03 | 1.25331e-02 1.07867e-01 1.39115e-01 |
   2730 | 2.26353e+01 8.29141e-03 | 1.25331e-02 1.07867e-01 1.39115e-01 |
   2731 | 2.26436e+01 8.29140e-03 | 1.25331e-02 1.07867e-01 1.39115e-01 |
   2732 | 2.26519e+01 8.29139e-03 | 1.25331e-02 1.07867e-01 1.39115e-01 |
   2733 | 2.26602e+01 8.29139e-03 | 1.25331e-02 1.07867e-01 1.39115e-01 |
   2734 | 2.26684e+01 8.29138e-03 | 1.25331e-02 1.07867e-01 1.39115e-01 |
   2735 | 2.26767e+01 8.29137e-03 | 1.25331e-02 1.07867e-01 1.39115e-01 |
   2736 | 2.26850e+01 8.29136e-03 | 1.25331e-02 1.07867e-01 1.39115e-01 |
   2737 | 2.26933e+01 8.29135e-03 | 1.25331e-02 1.07867e-01 1.39115e-01 |
   2738 | 2.27016e+01 8.29135e-03 | 1.25331e-02 1.07867e-01 1.39115e-01 |
   2739 | 2.27099e+01 8.29134e-03 | 1.25331e-02 1.07867e-01 1.39115e-01 |
   2740 | 2.27182e+01 8.29133e-03 | 1.25331e-02 1.07867e-01 1.39115e-01 |
   2741 | 2.27265e+01 8.29133e-03 | 1.25331e-02 1.07867e-01 1.39115e-01 |
   2742 | 2.27348e+01 8.29132e-03 | 1.25331e-02 1.07867e-01 1.39115e-01 |
   2743 | 2.27431e+01 8.29131e-03 | 1.25331e-02 1.07867e-01 1.39115e-01 |
   2744 | 2.27514e+01 8.29130e-03 | 1.25331e-02 1.07867e-01 1.39115e-01 |
   2745 | 2.27597e+01 8.29129e-03 | 1.25331e-02 1.07867e-01 1.39115e-01 |
   2746 | 2.27679e+01 8.29129e-03 | 1.25331e-02 1.07867e-01 1.39115e-01 |
   2747 | 2.27762e+01 8.29128e-03 | 1.25331e-02 1.07867e-01 1.39115e-01 |
   2748 | 2.27845e+01 8.29128e-03 | 1.25331e-02 1.07867e-01 1.39115e-01 |
   2749 | 2.27928e+01 8.29127e-03 | 1.25331e-02 1.07867e-01 1.39115e-01 |
   2750 | 2.28011e+01 8.29126e-03 | 1.25331e-02 1.07867e-01 1.39115e-01 |
   2751 | 2.28094e+01 8.29126e-03 | 1.25331e-02 1.07867e-01 1.39115e-01 |
   2752 | 2.28177e+01 8.29126e-03 | 1.25331e-02 1.07867e-01 1.39115e-01 |
   2753 | 2.28260e+01 8.29125e-03 | 1.25331e-02 1.07867e-01 1.39115e-01 |
   2754 | 2.28343e+01 8.29125e-03 | 1.25331e-02 1.07867e-01 1.39115e-01 |
   2755 | 2.28426e+01 8.29124e-03 | 1.25331e-02 1.07867e-01 1.39115e-01 |
   2756 | 2.28509e+01 8.29124e-03 | 1.25331e-02 1.07867e-01 1.39115e-01 |
   2757 | 2.28591e+01 8.29124e-03 | 1.25331e-02 1.07867e-01 1.39115e-01 |
   2758 | 2.28674e+01 8.29124e-03 | 1.25331e-02 1.07867e-01 1.39115e-01 |
   2759 | 2.28757e+01 8.29124e-03 | 1.25331e-02 1.07867e-01 1.39115e-01 |
   2760 | 2.28840e+01 8.29124e-03 | 1.25331e-02 1.07867e-01 1.39115e-01 |
   2761 | 2.28923e+01 8.29124e-03 | 1.25331e-02 1.07867e-01 1.39115e-01 |
   2762 | 2.29006e+01 8.29124e-03 | 1.25331e-02 1.07867e-01 1.39115e-01 |
   2763 | 2.29089e+01 8.29124e-03 | 1.25331e-02 1.07867e-01 1.39115e-01 |
   2764 | 2.29172e+01 8.29124e-03 | 1.25331e-02 1.07867e-01 1.39115e-01 |
   2765 | 2.29255e+01 8.29124e-03 | 1.25331e-02 1.07867e-01 1.39115e-01 |
   2766 | 2.29338e+01 8.29124e-03 | 1.25331e-02 1.07867e-01 1.39115e-01 |
   2767 | 2.29421e+01 8.29124e-03 | 1.25331e-02 1.07867e-01 1.39115e-01 |
   2768 | 2.29504e+01 8.29125e-03 | 1.25331e-02 1.07867e-01 1.39115e-01 |
   2769 | 2.29586e+01 8.29125e-03 | 1.25331e-02 1.07867e-01 1.39115e-01 |
   2770 | 2.29669e+01 8.29125e-03 | 1.25331e-02 1.07867e-01 1.39115e-01 |
   2771 | 2.29752e+01 8.29126e-03 | 1.25331e-02 1.07867e-01 1.39115e-01 |
   2772 | 2.29835e+01 8.29126e-03 | 1.25331e-02 1.07867e-01 1.39115e-01 |
   2773 | 2.29918e+01 8.29127e-03 | 1.25331e-02 1.07867e-01 1.39115e-01 |
   2774 | 2.30001e+01 8.29127e-03 | 1.25331e-02 1.07867e-01 1.39115e-01 |
   2775 | 2.30084e+01 8.29128e-03 | 1.25331e-02 1.07867e-01 1.39115e-01 |
   2776 | 2.30167e+01 8.29128e-03 | 1.25331e-02 1.07867e-01 1.39115e-01 |
   2777 | 2.30250e+01 8.29129e-03 | 1.25331e-02 1.07867e-01 1.39115e-01 |
   2778 | 2.30333e+01 8.29130e-03 | 1.25331e-02 1.07867e-01 1.39115e-01 |
   2779 | 2.30416e+01 8.29130e-03 | 1.25331e-02 1.07867e-01 1.39115e-01 |
   2780 | 2.30498e+01 8.29131e-03 | 1.25331e-02 1.07867e-01 1.39115e-01 |
   2781 | 2.30581e+01 8.29132e-03 | 1.25331e-02 1.07867e-01 1.39115e-01 |
   2782 | 2.30664e+01 8.29133e-03 | 1.25331e-02 1.07867e-01 1.39115e-01 |
   2783 | 2.30747e+01 8.29134e-03 | 1.25331e-02 1.07867e-01 1.39115e-01 |
   2784 | 2.30830e+01 8.29135e-03 | 1.25331e-02 1.07867e-01 1.39115e-01 |
   2785 | 2.30913e+01 8.29136e-03 | 1.25331e-02 1.07867e-01 1.39115e-01 |
   2786 | 2.30996e+01 8.29137e-03 | 1.25331e-02 1.07867e-01 1.39115e-01 |
   2787 | 2.31079e+01 8.29138e-03 | 1.25331e-02 1.07867e-01 1.39115e-01 |
   2788 | 2.31162e+01 8.29139e-03 | 1.25331e-02 1.07867e-01 1.39115e-01 |
   2789 | 2.31245e+01 8.29138e-03 | 1.25331e-02 1.07867e-01 1.39115e-01 |
   2790 | 2.31328e+01 8.29137e-03 | 1.25331e-02 1.07867e-01 1.39115e-01 |
   2791 | 2.31411e+01 8.29136e-03 | 1.25331e-02 1.07867e-01 1.39115e-01 |
   2792 | 2.31493e+01 8.29135e-03 | 1.25331e-02 1.07867e-01 1.39115e-01 |
   2793 | 2.31576e+01 8.29134e-03 | 1.25331e-02 1.07867e-01 1.39115e-01 |
   2794 | 2.31659e+01 8.29133e-03 | 1.25331e-02 1.07867e-01 1.39115e-01 |
   2795 | 2.31742e+01 8.29132e-03 | 1.25331e-02 1.07867e-01 1.39115e-01 |
   2796 | 2.31825e+01 8.29131e-03 | 1.25331e-02 1.07867e-01 1.39115e-01 |
   2797 | 2.31908e+01 8.29130e-03 | 1.25331e-02 1.07867e-01 1.39115e-01 |
   2798 | 2.31991e+01 8.29130e-03 | 1.25331e-02 1.07867e-01 1.39115e-01 |
   2799 | 2.32074e+01 8.29129e-03 | 1.25331e-02 1.07867e-01 1.39115e-01 |
   2800 | 2.32157e+01 8.29128e-03 | 1.25331e-02 1.07867e-01 1.39115e-01 |
   2801 | 2.32240e+01 8.29128e-03 | 1.25331e-02 1.07867e-01 1.39115e-01 |
   2802 | 2.32323e+01 8.29127e-03 | 1.25331e-02 1.07867e-01 1.39115e-01 |
   2803 | 2.32405e+01 8.29126e-03 | 1.25331e-02 1.07867e-01 1.39115e-01 |
   2804 | 2.32488e+01 8.29126e-03 | 1.25331e-02 1.07867e-01 1.39115e-01 |
   2805 | 2.32571e+01 8.29125e-03 | 1.25331e-02 1.07867e-01 1.39115e-01 |
   2806 | 2.32654e+01 8.29125e-03 | 1.25331e-02 1.07867e-01 1.39115e-01 |
   2807 | 2.32737e+01 8.29125e-03 | 1.25331e-02 1.07867e-01 1.39115e-01 |
   2808 | 2.32820e+01 8.29124e-03 | 1.25331e-02 1.07867e-01 1.39115e-01 |
   2809 | 2.32903e+01 8.29124e-03 | 1.25331e-02 1.07867e-01 1.39115e-01 |
   2810 | 2.32986e+01 8.29124e-03 | 1.25331e-02 1.07867e-01 1.39115e-01 |
   2811 | 2.33069e+01 8.29124e-03 | 1.25331e-02 1.07867e-01 1.39115e-01 |
   2812 | 2.33152e+01 8.29124e-03 | 1.25331e-02 1.07867e-01 1.39115e-01 |
   2813 | 2.33235e+01 8.29123e-03 | 1.25331e-02 1.07867e-01 1.39115e-01 |
   2814 | 2.33318e+01 8.29123e-03 | 1.25331e-02 1.07867e-01 1.39115e-01 |
   2815 | 2.33400e+01 8.29123e-03 | 1.25331e-02 1.07867e-01 1.39115e-01 |
   2816 | 2.33483e+01 8.29123e-03 | 1.25331e-02 1.07867e-01 1.39115e-01 |
   2817 | 2.33566e+01 8.29124e-03 | 1.25331e-02 1.07867e-01 1.39115e-01 |
   2818 | 2.33649e+01 8.29124e-03 | 1.25331e-02 1.07867e-01 1.39115e-01 |
   2819 | 2.33732e+01 8.29124e-03 | 1.25331e-02 1.07867e-01 1.39115e-01 |
   2820 | 2.33815e+01 8.29124e-03 | 1.25331e-02 1.07867e-01 1.39115e-01 |
   2821 | 2.33898e+01 8.29124e-03 | 1.25331e-02 1.07867e-01 1.39115e-01 |
   2822 | 2.33981e+01 8.29125e-03 | 1.25331e-02 1.07867e-01 1.39115e-01 |
   2823 | 2.34064e+01 8.29125e-03 | 1.25331e-02 1.07867e-01 1.39115e-01 |
   2824 | 2.34147e+01 8.29125e-03 | 1.25331e-02 1.07867e-01 1.39115e-01 |
   2825 | 2.34230e+01 8.29126e-03 | 1.25331e-02 1.07867e-01 1.39115e-01 |
   2826 | 2.34312e+01 8.29126e-03 | 1.25331e-02 1.07867e-01 1.39115e-01 |
   2827 | 2.34395e+01 8.29127e-03 | 1.25331e-02 1.07867e-01 1.39115e-01 |
   2828 | 2.34478e+01 8.29127e-03 | 1.25331e-02 1.07867e-01 1.39115e-01 |
   2829 | 2.34561e+01 8.29128e-03 | 1.25331e-02 1.07867e-01 1.39115e-01 |
   2830 | 2.34644e+01 8.29128e-03 | 1.25331e-02 1.07867e-01 1.39115e-01 |
   2831 | 2.34727e+01 8.29129e-03 | 1.25331e-02 1.07867e-01 1.39115e-01 |
   2832 | 2.34810e+01 8.29130e-03 | 1.25331e-02 1.07867e-01 1.39115e-01 |
   2833 | 2.34893e+01 8.29131e-03 | 1.25331e-02 1.07867e-01 1.39115e-01 |
   2834 | 2.34976e+01 8.29132e-03 | 1.25331e-02 1.07867e-01 1.39115e-01 |
   2835 | 2.35059e+01 8.29132e-03 | 1.25331e-02 1.07867e-01 1.39115e-01 |
   2836 | 2.35142e+01 8.29133e-03 | 1.25331e-02 1.07867e-01 1.39115e-01 |
   2837 | 2.35225e+01 8.29134e-03 | 1.25331e-02 1.07867e-01 1.39115e-01 |
   2838 | 2.35307e+01 8.29135e-03 | 1.25331e-02 1.07867e-01 1.39115e-01 |
   2839 | 2.35390e+01 8.29136e-03 | 1.25331e-02 1.07867e-01 1.39115e-01 |
   2840 | 2.35473e+01 8.29137e-03 | 1.25331e-02 1.07867e-01 1.39115e-01 |
   2841 | 2.35556e+01 8.29138e-03 | 1.25331e-02 1.07867e-01 1.39115e-01 |
   2842 | 2.35639e+01 8.29140e-03 | 1.25331e-02 1.07867e-01 1.39115e-01 |
   2843 | 2.35722e+01 8.29141e-03 | 1.25331e-02 1.07867e-01 1.39115e-01 |
   2844 | 2.35805e+01 8.29140e-03 | 1.25331e-02 1.07867e-01 1.39115e-01 |
   2845 | 2.35888e+01 8.29139e-03 | 1.25331e-02 1.07867e-01 1.39115e-01 |
   2846 | 2.35971e+01 8.29138e-03 | 1.25331e-02 1.07867e-01 1.39115e-01 |
   2847 | 2.36054e+01 8.29136e-03 | 1.25331e-02 1.07867e-01 1.39115e-01 |
   2848 | 2.36137e+01 8.29135e-03 | 1.25331e-02 1.07867e-01 1.39115e-01 |
   2849 | 2.36219e+01 8.29134e-03 | 1.25331e-02 1.07867e-01 1.39115e-01 |
   2850 | 2.36302e+01 8.29133e-03 | 1.25331e-02 1.07867e-01 1.39115e-01 |
   2851 | 2.36385e+01 8.29133e-03 | 1.25331e-02 1.07867e-01 1.39115e-01 |
   2852 | 2.36468e+01 8.29132e-03 | 1.25331e-02 1.07867e-01 1.39115e-01 |
   2853 | 2.36551e+01 8.29131e-03 | 1.25331e-02 1.07867e-01 1.39115e-01 |
   2854 | 2.36634e+01 8.29130e-03 | 1.25331e-02 1.07867e-01 1.39115e-01 |
   2855 | 2.36717e+01 8.29129e-03 | 1.25331e-02 1.07867e-01 1.39115e-01 |
   2856 | 2.36800e+01 8.29129e-03 | 1.25331e-02 1.07867e-01 1.39115e-01 |
   2857 | 2.36883e+01 8.29128e-03 | 1.25331e-02 1.07867e-01 1.39115e-01 |
   2858 | 2.36966e+01 8.29127e-03 | 1.25331e-02 1.07867e-01 1.39115e-01 |
   2859 | 2.37049e+01 8.29127e-03 | 1.25331e-02 1.07867e-01 1.39115e-01 |
   2860 | 2.37132e+01 8.29126e-03 | 1.25331e-02 1.07867e-01 1.39115e-01 |
   2861 | 2.37214e+01 8.29126e-03 | 1.25331e-02 1.07867e-01 1.39115e-01 |
   2862 | 2.37297e+01 8.29125e-03 | 1.25331e-02 1.07867e-01 1.39115e-01 |
   2863 | 2.37380e+01 8.29125e-03 | 1.25331e-02 1.07867e-01 1.39115e-01 |
   2864 | 2.37463e+01 8.29125e-03 | 1.25331e-02 1.07867e-01 1.39115e-01 |
   2865 | 2.37546e+01 8.29124e-03 | 1.25331e-02 1.07867e-01 1.39115e-01 |
   2866 | 2.37629e+01 8.29124e-03 | 1.25331e-02 1.07867e-01 1.39115e-01 |
   2867 | 2.37712e+01 8.29124e-03 | 1.25331e-02 1.07867e-01 1.39115e-01 |
   2868 | 2.37795e+01 8.29124e-03 | 1.25331e-02 1.07867e-01 1.39115e-01 |
   2869 | 2.37878e+01 8.29124e-03 | 1.25331e-02 1.07867e-01 1.39115e-01 |
   2870 | 2.37961e+01 8.29124e-03 | 1.25331e-02 1.07867e-01 1.39115e-01 |
   2871 | 2.38044e+01 8.29123e-03 | 1.25331e-02 1.07867e-01 1.39115e-01 |
   2872 | 2.38126e+01 8.29123e-03 | 1.25331e-02 1.07867e-01 1.39115e-01 |
   2873 | 2.38209e+01 8.29124e-03 | 1.25331e-02 1.07867e-01 1.39115e-01 |
   2874 | 2.38292e+01 8.29124e-03 | 1.25331e-02 1.07867e-01 1.39115e-01 |
   2875 | 2.38375e+01 8.29124e-03 | 1.25331e-02 1.07867e-01 1.39115e-01 |
   2876 | 2.38458e+01 8.29124e-03 | 1.25331e-02 1.07867e-01 1.39115e-01 |
   2877 | 2.38541e+01 8.29124e-03 | 1.25331e-02 1.07867e-01 1.39115e-01 |
   2878 | 2.38624e+01 8.29124e-03 | 1.25331e-02 1.07867e-01 1.39115e-01 |
   2879 | 2.38707e+01 8.29125e-03 | 1.25331e-02 1.07867e-01 1.39115e-01 |
   2880 | 2.38790e+01 8.29125e-03 | 1.25331e-02 1.07867e-01 1.39115e-01 |
   2881 | 2.38873e+01 8.29126e-03 | 1.25331e-02 1.07867e-01 1.39115e-01 |
   2882 | 2.38956e+01 8.29126e-03 | 1.25331e-02 1.07867e-01 1.39115e-01 |
   2883 | 2.39039e+01 8.29126e-03 | 1.25331e-02 1.07867e-01 1.39115e-01 |
   2884 | 2.39121e+01 8.29127e-03 | 1.25331e-02 1.07867e-01 1.39115e-01 |
   2885 | 2.39204e+01 8.29128e-03 | 1.25331e-02 1.07867e-01 1.39115e-01 |
   2886 | 2.39287e+01 8.29128e-03 | 1.25331e-02 1.07867e-01 1.39115e-01 |
   2887 | 2.39370e+01 8.29129e-03 | 1.25331e-02 1.07867e-01 1.39115e-01 |
   2888 | 2.39453e+01 8.29130e-03 | 1.25331e-02 1.07867e-01 1.39115e-01 |
   2889 | 2.39536e+01 8.29130e-03 | 1.25331e-02 1.07867e-01 1.39115e-01 |
   2890 | 2.39619e+01 8.29131e-03 | 1.25331e-02 1.07867e-01 1.39115e-01 |
   2891 | 2.39702e+01 8.29132e-03 | 1.25331e-02 1.07867e-01 1.39115e-01 |
   2892 | 2.39785e+01 8.29133e-03 | 1.25331e-02 1.07867e-01 1.39115e-01 |
   2893 | 2.39868e+01 8.29134e-03 | 1.25331e-02 1.07867e-01 1.39115e-01 |
   2894 | 2.39951e+01 8.29135e-03 | 1.25331e-02 1.07867e-01 1.39115e-01 |
   2895 | 2.40033e+01 8.29136e-03 | 1.25331e-02 1.07867e-01 1.39115e-01 |
   2896 | 2.40116e+01 8.29137e-03 | 1.25331e-02 1.07867e-01 1.39115e-01 |
   2897 | 2.40199e+01 8.29138e-03 | 1.25331e-02 1.07867e-01 1.39115e-01 |
   2898 | 2.40282e+01 8.29139e-03 | 1.25331e-02 1.07867e-01 1.39115e-01 |
   2899 | 2.40365e+01 8.29138e-03 | 1.25331e-02 1.07867e-01 1.39115e-01 |
   2900 | 2.40448e+01 8.29137e-03 | 1.25331e-02 1.07867e-01 1.39115e-01 |
   2901 | 2.40531e+01 8.29136e-03 | 1.25331e-02 1.07867e-01 1.39115e-01 |
   2902 | 2.40614e+01 8.29135e-03 | 1.25331e-02 1.07867e-01 1.39115e-01 |
   2903 | 2.40697e+01 8.29134e-03 | 1.25331e-02 1.07867e-01 1.39115e-01 |
   2904 | 2.40780e+01 8.29133e-03 | 1.25331e-02 1.07867e-01 1.39115e-01 |
   2905 | 2.40863e+01 8.29132e-03 | 1.25331e-02 1.07867e-01 1.39115e-01 |
   2906 | 2.40946e+01 8.29131e-03 | 1.25331e-02 1.07867e-01 1.39115e-01 |
   2907 | 2.41028e+01 8.29130e-03 | 1.25331e-02 1.07867e-01 1.39115e-01 |
   2908 | 2.41111e+01 8.29130e-03 | 1.25331e-02 1.07867e-01 1.39115e-01 |
   2909 | 2.41194e+01 8.29129e-03 | 1.25331e-02 1.07867e-01 1.39115e-01 |
   2910 | 2.41277e+01 8.29128e-03 | 1.25331e-02 1.07867e-01 1.39115e-01 |
   2911 | 2.41360e+01 8.29128e-03 | 1.25331e-02 1.07867e-01 1.39115e-01 |
   2912 | 2.41443e+01 8.29127e-03 | 1.25331e-02 1.07867e-01 1.39115e-01 |
   2913 | 2.41526e+01 8.29126e-03 | 1.25331e-02 1.07867e-01 1.39115e-01 |
   2914 | 2.41609e+01 8.29126e-03 | 1.25331e-02 1.07867e-01 1.39115e-01 |
   2915 | 2.41692e+01 8.29126e-03 | 1.25331e-02 1.07867e-01 1.39115e-01 |
   2916 | 2.41775e+01 8.29125e-03 | 1.25331e-02 1.07867e-01 1.39115e-01 |
   2917 | 2.41858e+01 8.29125e-03 | 1.25331e-02 1.07867e-01 1.39115e-01 |
   2918 | 2.41940e+01 8.29124e-03 | 1.25331e-02 1.07867e-01 1.39115e-01 |
   2919 | 2.42023e+01 8.29124e-03 | 1.25331e-02 1.07867e-01 1.39115e-01 |
   2920 | 2.42106e+01 8.29124e-03 | 1.25331e-02 1.07867e-01 1.39115e-01 |
   2921 | 2.42189e+01 8.29124e-03 | 1.25331e-02 1.07867e-01 1.39115e-01 |
   2922 | 2.42272e+01 8.29124e-03 | 1.25331e-02 1.07867e-01 1.39115e-01 |
   2923 | 2.42355e+01 8.29124e-03 | 1.25331e-02 1.07867e-01 1.39115e-01 |
   2924 | 2.42438e+01 8.29123e-03 | 1.25331e-02 1.07867e-01 1.39115e-01 |
   2925 | 2.42521e+01 8.29123e-03 | 1.25331e-02 1.07867e-01 1.39115e-01 |
   2926 | 2.42604e+01 8.29124e-03 | 1.25331e-02 1.07867e-01 1.39115e-01 |
   2927 | 2.42687e+01 8.29124e-03 | 1.25331e-02 1.07867e-01 1.39115e-01 |
   2928 | 2.42770e+01 8.29124e-03 | 1.25331e-02 1.07867e-01 1.39115e-01 |
   2929 | 2.42853e+01 8.29124e-03 | 1.25331e-02 1.07867e-01 1.39115e-01 |
   2930 | 2.42935e+01 8.29124e-03 | 1.25331e-02 1.07867e-01 1.39115e-01 |
   2931 | 2.43018e+01 8.29124e-03 | 1.25331e-02 1.07867e-01 1.39115e-01 |
   2932 | 2.43101e+01 8.29125e-03 | 1.25331e-02 1.07867e-01 1.39115e-01 |
   2933 | 2.43184e+01 8.29125e-03 | 1.25331e-02 1.07867e-01 1.39115e-01 |
   2934 | 2.43267e+01 8.29125e-03 | 1.25331e-02 1.07867e-01 1.39115e-01 |
   2935 | 2.43350e+01 8.29126e-03 | 1.25331e-02 1.07867e-01 1.39115e-01 |
   2936 | 2.43433e+01 8.29126e-03 | 1.25331e-02 1.07867e-01 1.39115e-01 |
   2937 | 2.43516e+01 8.29127e-03 | 1.25331e-02 1.07867e-01 1.39115e-01 |
   2938 | 2.43599e+01 8.29127e-03 | 1.25331e-02 1.07867e-01 1.39115e-01 |
   2939 | 2.43682e+01 8.29128e-03 | 1.25331e-02 1.07867e-01 1.39115e-01 |
   2940 | 2.43765e+01 8.29129e-03 | 1.25331e-02 1.07867e-01 1.39115e-01 |
   2941 | 2.43847e+01 8.29129e-03 | 1.25331e-02 1.07867e-01 1.39115e-01 |
   2942 | 2.43930e+01 8.29130e-03 | 1.25331e-02 1.07867e-01 1.39115e-01 |
   2943 | 2.44013e+01 8.29131e-03 | 1.25331e-02 1.07867e-01 1.39115e-01 |
   2944 | 2.44096e+01 8.29132e-03 | 1.25331e-02 1.07867e-01 1.39115e-01 |
   2945 | 2.44179e+01 8.29133e-03 | 1.25331e-02 1.07867e-01 1.39115e-01 |
   2946 | 2.44262e+01 8.29133e-03 | 1.25331e-02 1.07867e-01 1.39115e-01 |
   2947 | 2.44345e+01 8.29134e-03 | 1.25331e-02 1.07867e-01 1.39115e-01 |
   2948 | 2.44428e+01 8.29135e-03 | 1.25331e-02 1.07867e-01 1.39115e-01 |
   2949 | 2.44511e+01 8.29136e-03 | 1.25331e-02 1.07867e-01 1.39115e-01 |
   2950 | 2.44594e+01 8.29137e-03 | 1.25331e-02 1.07867e-01 1.39115e-01 |
   2951 | 2.44677e+01 8.29137e-03 | 1.25331e-02 1.07867e-01 1.39115e-01 |
   2952 | 2.44759e+01 8.29138e-03 | 1.25331e-02 1.07867e-01 1.39115e-01 |
   2953 | 2.44842e+01 8.29139e-03 | 1.25331e-02 1.07867e-01 1.39115e-01 |
   2954 | 2.44925e+01 8.29140e-03 | 1.25331e-02 1.07867e-01 1.39115e-01 |
   2955 | 2.45008e+01 8.29141e-03 | 1.25331e-02 1.07867e-01 1.39115e-01 |
   2956 | 2.45091e+01 8.29142e-03 | 1.25331e-02 1.07867e-01 1.39115e-01 |
   2957 | 2.45174e+01 8.29143e-03 | 1.25331e-02 1.07867e-01 1.39115e-01 |
   2958 | 2.45257e+01 8.29143e-03 | 1.25331e-02 1.07867e-01 1.39115e-01 |
   2959 | 2.45340e+01 8.29142e-03 | 1.25331e-02 1.07867e-01 1.39115e-01 |
   2960 | 2.45423e+01 8.29141e-03 | 1.25331e-02 1.07867e-01 1.39115e-01 |
   2961 | 2.45506e+01 8.29140e-03 | 1.25331e-02 1.07867e-01 1.39115e-01 |
   2962 | 2.45589e+01 8.29139e-03 | 1.25331e-02 1.07867e-01 1.39115e-01 |
   2963 | 2.45672e+01 8.29138e-03 | 1.25331e-02 1.07867e-01 1.39115e-01 |
   2964 | 2.45754e+01 8.29137e-03 | 1.25331e-02 1.07867e-01 1.39115e-01 |
   2965 | 2.45837e+01 8.29136e-03 | 1.25331e-02 1.07867e-01 1.39115e-01 |
   2966 | 2.45920e+01 8.29135e-03 | 1.25331e-02 1.07867e-01 1.39115e-01 |
   2967 | 2.46003e+01 8.29134e-03 | 1.25331e-02 1.07867e-01 1.39115e-01 |
   2968 | 2.46086e+01 8.29133e-03 | 1.25331e-02 1.07867e-01 1.39115e-01 |
   2969 | 2.46169e+01 8.29133e-03 | 1.25331e-02 1.07867e-01 1.39115e-01 |
   2970 | 2.46252e+01 8.29132e-03 | 1.25331e-02 1.07867e-01 1.39115e-01 |
   2971 | 2.46335e+01 8.29131e-03 | 1.25331e-02 1.07867e-01 1.39115e-01 |
   2972 | 2.46418e+01 8.29131e-03 | 1.25331e-02 1.07867e-01 1.39115e-01 |
   2973 | 2.46501e+01 8.29130e-03 | 1.25331e-02 1.07867e-01 1.39115e-01 |
   2974 | 2.46584e+01 8.29130e-03 | 1.25331e-02 1.07867e-01 1.39115e-01 |
   2975 | 2.46667e+01 8.29129e-03 | 1.25331e-02 1.07867e-01 1.39115e-01 |
   2976 | 2.46749e+01 8.29129e-03 | 1.25331e-02 1.07867e-01 1.39115e-01 |
   2977 | 2.46832e+01 8.29128e-03 | 1.25331e-02 1.07867e-01 1.39115e-01 |
   2978 | 2.46915e+01 8.29128e-03 | 1.25331e-02 1.07867e-01 1.39115e-01 |
   2979 | 2.46998e+01 8.29128e-03 | 1.25331e-02 1.07867e-01 1.39115e-01 |
   2980 | 2.47081e+01 8.29127e-03 | 1.25331e-02 1.07867e-01 1.39115e-01 |
   2981 | 2.47164e+01 8.29127e-03 | 1.25331e-02 1.07867e-01 1.39115e-01 |
   2982 | 2.47247e+01 8.29127e-03 | 1.25331e-02 1.07867e-01 1.39115e-01 |
   2983 | 2.47330e+01 8.29127e-03 | 1.25331e-02 1.07867e-01 1.39115e-01 |
   2984 | 2.47413e+01 8.29127e-03 | 1.25331e-02 1.07867e-01 1.39115e-01 |
   2985 | 2.47496e+01 8.29127e-03 | 1.25331e-02 1.07867e-01 1.39115e-01 |
   2986 | 2.47579e+01 8.29127e-03 | 1.25331e-02 1.07867e-01 1.39115e-01 |
   2987 | 2.47661e+01 8.29127e-03 | 1.25331e-02 1.07867e-01 1.39115e-01 |
   2988 | 2.47744e+01 8.29127e-03 | 1.25331e-02 1.07867e-01 1.39115e-01 |
   2989 | 2.47827e+01 8.29127e-03 | 1.25331e-02 1.07867e-01 1.39115e-01 |
   2990 | 2.47910e+01 8.29127e-03 | 1.25331e-02 1.07867e-01 1.39115e-01 |
   2991 | 2.47993e+01 8.29127e-03 | 1.25331e-02 1.07867e-01 1.39115e-01 |
   2992 | 2.48076e+01 8.29128e-03 | 1.25331e-02 1.07867e-01 1.39115e-01 |
   2993 | 2.48159e+01 8.29128e-03 | 1.25331e-02 1.07867e-01 1.39115e-01 |
   2994 | 2.48242e+01 8.29128e-03 | 1.25331e-02 1.07867e-01 1.39115e-01 |
   2995 | 2.48325e+01 8.29129e-03 | 1.25331e-02 1.07867e-01 1.39115e-01 |
   2996 | 2.48408e+01 8.29129e-03 | 1.25331e-02 1.07867e-01 1.39115e-01 |
   2997 | 2.48491e+01 8.29129e-03 | 1.25331e-02 1.07867e-01 1.39115e-01 |
   2998 | 2.48574e+01 8.29130e-03 | 1.25331e-02 1.07867e-01 1.39115e-01 |
   2999 | 2.48656e+01 8.29131e-03 | 1.25331e-02 1.07867e-01 1.39115e-01 |
   3000 | 2.48739e+01 8.29131e-03 | 1.25331e-02 1.07867e-01 1.39115e-01 |
   3001 | 2.48822e+01 8.29132e-03 | 1.25331e-02 1.07867e-01 1.39115e-01 |
   3002 | 2.48905e+01 8.29133e-03 | 1.25331e-02 1.07867e-01 1.39115e-01 |
   3003 | 2.48988e+01 8.29133e-03 | 1.25331e-02 1.07867e-01 1.39115e-01 |
   3004 | 2.49071e+01 8.29134e-03 | 1.25331e-02 1.07867e-01 1.39115e-01 |
   3005 | 2.49154e+01 8.29135e-03 | 1.25331e-02 1.07867e-01 1.39115e-01 |
   3006 | 2.49237e+01 8.29136e-03 | 1.25331e-02 1.07867e-01 1.39115e-01 |
   3007 | 2.49320e+01 8.29137e-03 | 1.25331e-02 1.07867e-01 1.39115e-01 |
   3008 | 2.49403e+01 8.29138e-03 | 1.25331e-02 1.07867e-01 1.39115e-01 |
   3009 | 2.49486e+01 8.29139e-03 | 1.25331e-02 1.07867e-01 1.39115e-01 |
   3010 | 2.49568e+01 8.29140e-03 | 1.25331e-02 1.07867e-01 1.39115e-01 |
   3011 | 2.49651e+01 8.29139e-03 | 1.25331e-02 1.07867e-01 1.39115e-01 |
   3012 | 2.49734e+01 8.29138e-03 | 1.25331e-02 1.07867e-01 1.39115e-01 |
   3013 | 2.49817e+01 8.29137e-03 | 1.25331e-02 1.07867e-01 1.39115e-01 |
   3014 | 2.49900e+01 8.29137e-03 | 1.25331e-02 1.07867e-01 1.39115e-01 |
   3015 | 2.49983e+01 8.29136e-03 | 1.25331e-02 1.07867e-01 1.39115e-01 |
   3016 | 2.50066e+01 8.29136e-03 | 1.25331e-02 1.07867e-01 1.39115e-01 |
   3017 | 2.50149e+01 8.29135e-03 | 1.25331e-02 1.07867e-01 1.39115e-01 |
   3018 | 2.50232e+01 8.29135e-03 | 1.25331e-02 1.07867e-01 1.39115e-01 |
   3019 | 2.50315e+01 8.29134e-03 | 1.25331e-02 1.07867e-01 1.39115e-01 |
   3020 | 2.50398e+01 8.29134e-03 | 1.25331e-02 1.07867e-01 1.39115e-01 |
   3021 | 2.50481e+01 8.29134e-03 | 1.25331e-02 1.07867e-01 1.39115e-01 |
   3022 | 2.50563e+01 8.29133e-03 | 1.25331e-02 1.07867e-01 1.39115e-01 |
   3023 | 2.50646e+01 8.29133e-03 | 1.25331e-02 1.07867e-01 1.39115e-01 |
   3024 | 2.50729e+01 8.29133e-03 | 1.25331e-02 1.07867e-01 1.39115e-01 |
   3025 | 2.50812e+01 8.29133e-03 | 1.25331e-02 1.07867e-01 1.39115e-01 |
   3026 | 2.50895e+01 8.29133e-03 | 1.25331e-02 1.07867e-01 1.39115e-01 |
   3027 | 2.50978e+01 8.29133e-03 | 1.25331e-02 1.07867e-01 1.39115e-01 |
   3028 | 2.51061e+01 8.29132e-03 | 1.25331e-02 1.07867e-01 1.39115e-01 |
   3029 | 2.51144e+01 8.29133e-03 | 1.25331e-02 1.07867e-01 1.39115e-01 |
   3030 | 2.51227e+01 8.29132e-03 | 1.25331e-02 1.07867e-01 1.39115e-01 |
   3031 | 2.51310e+01 8.29132e-03 | 1.25331e-02 1.07867e-01 1.39115e-01 |
   3032 | 2.51393e+01 8.29131e-03 | 1.25331e-02 1.07867e-01 1.39115e-01 |
   3033 | 2.51475e+01 8.29131e-03 | 1.25331e-02 1.07867e-01 1.39115e-01 |
   3034 | 2.51558e+01 8.29130e-03 | 1.25331e-02 1.07867e-01 1.39115e-01 |
   3035 | 2.51641e+01 8.29130e-03 | 1.25331e-02 1.07867e-01 1.39115e-01 |
   3036 | 2.51724e+01 8.29130e-03 | 1.25331e-02 1.07867e-01 1.39115e-01 |
   3037 | 2.51807e+01 8.29130e-03 | 1.25331e-02 1.07867e-01 1.39115e-01 |
   3038 | 2.51890e+01 8.29129e-03 | 1.25331e-02 1.07867e-01 1.39115e-01 |
   3039 | 2.51973e+01 8.29129e-03 | 1.25331e-02 1.07867e-01 1.39115e-01 |
   3040 | 2.52056e+01 8.29129e-03 | 1.25331e-02 1.07867e-01 1.39115e-01 |
   3041 | 2.52139e+01 8.29129e-03 | 1.25331e-02 1.07867e-01 1.39115e-01 |
   3042 | 2.52222e+01 8.29129e-03 | 1.25331e-02 1.07867e-01 1.39115e-01 |
   3043 | 2.52305e+01 8.29129e-03 | 1.25331e-02 1.07867e-01 1.39115e-01 |
   3044 | 2.52388e+01 8.29129e-03 | 1.25331e-02 1.07867e-01 1.39115e-01 |
   3045 | 2.52470e+01 8.29129e-03 | 1.25331e-02 1.07867e-01 1.39115e-01 |
   3046 | 2.52553e+01 8.29129e-03 | 1.25331e-02 1.07867e-01 1.39115e-01 |
   3047 | 2.52636e+01 8.29129e-03 | 1.25331e-02 1.07867e-01 1.39115e-01 |
   3048 | 2.52719e+01 8.29130e-03 | 1.25331e-02 1.07867e-01 1.39115e-01 |
   3049 | 2.52802e+01 8.29130e-03 | 1.25331e-02 1.07867e-01 1.39115e-01 |
   3050 | 2.52885e+01 8.29130e-03 | 1.25331e-02 1.07867e-01 1.39115e-01 |
   3051 | 2.52968e+01 8.29131e-03 | 1.25331e-02 1.07867e-01 1.39115e-01 |
   3052 | 2.53051e+01 8.29131e-03 | 1.25331e-02 1.07867e-01 1.39115e-01 |
   3053 | 2.53134e+01 8.29131e-03 | 1.25331e-02 1.07867e-01 1.39115e-01 |
   3054 | 2.53217e+01 8.29132e-03 | 1.25331e-02 1.07867e-01 1.39115e-01 |
   3055 | 2.53300e+01 8.29132e-03 | 1.25331e-02 1.07867e-01 1.39115e-01 |
   3056 | 2.53382e+01 8.29133e-03 | 1.25331e-02 1.07867e-01 1.39115e-01 |
   3057 | 2.53465e+01 8.29134e-03 | 1.25331e-02 1.07867e-01 1.39115e-01 |
   3058 | 2.53548e+01 8.29134e-03 | 1.25331e-02 1.07867e-01 1.39115e-01 |
   3059 | 2.53631e+01 8.29135e-03 | 1.25331e-02 1.07867e-01 1.39115e-01 |
   3060 | 2.53714e+01 8.29136e-03 | 1.25331e-02 1.07867e-01 1.39115e-01 |
   3061 | 2.53797e+01 8.29137e-03 | 1.25331e-02 1.07867e-01 1.39115e-01 |
   3062 | 2.53880e+01 8.29137e-03 | 1.25331e-02 1.07867e-01 1.39115e-01 |
   3063 | 2.53963e+01 8.29138e-03 | 1.25331e-02 1.07867e-01 1.39115e-01 |
   3064 | 2.54046e+01 8.29139e-03 | 1.25331e-02 1.07867e-01 1.39115e-01 |
   3065 | 2.54129e+01 8.29140e-03 | 1.25331e-02 1.07867e-01 1.39115e-01 |
   3066 | 2.54212e+01 8.29141e-03 | 1.25331e-02 1.07867e-01 1.39115e-01 |
   3067 | 2.54295e+01 8.29142e-03 | 1.25331e-02 1.07867e-01 1.39115e-01 |
   3068 | 2.54377e+01 8.29141e-03 | 1.25331e-02 1.07867e-01 1.39115e-01 |
   3069 | 2.54460e+01 8.29140e-03 | 1.25331e-02 1.07867e-01 1.39115e-01 |
   3070 | 2.54543e+01 8.29140e-03 | 1.25331e-02 1.07867e-01 1.39115e-01 |
   3071 | 2.54626e+01 8.29139e-03 | 1.25331e-02 1.07867e-01 1.39115e-01 |
   3072 | 2.54709e+01 8.29138e-03 | 1.25331e-02 1.07867e-01 1.39115e-01 |
   3073 | 2.54792e+01 8.29137e-03 | 1.25331e-02 1.07867e-01 1.39115e-01 |
   3074 | 2.54875e+01 8.29136e-03 | 1.25331e-02 1.07867e-01 1.39115e-01 |
   3075 | 2.54958e+01 8.29135e-03 | 1.25331e-02 1.07867e-01 1.39115e-01 |
   3076 | 2.55041e+01 8.29135e-03 | 1.25331e-02 1.07867e-01 1.39115e-01 |
   3077 | 2.55124e+01 8.29134e-03 | 1.25331e-02 1.07867e-01 1.39115e-01 |
   3078 | 2.55207e+01 8.29133e-03 | 1.25331e-02 1.07867e-01 1.39115e-01 |
   3079 | 2.55289e+01 8.29132e-03 | 1.25331e-02 1.07867e-01 1.39115e-01 |
   3080 | 2.55372e+01 8.29131e-03 | 1.25331e-02 1.07867e-01 1.39115e-01 |
   3081 | 2.55455e+01 8.29131e-03 | 1.25331e-02 1.07867e-01 1.39115e-01 |
   3082 | 2.55538e+01 8.29130e-03 | 1.25331e-02 1.07867e-01 1.39115e-01 |
   3083 | 2.55621e+01 8.29130e-03 | 1.25331e-02 1.07867e-01 1.39115e-01 |
   3084 | 2.55704e+01 8.29129e-03 | 1.25331e-02 1.07867e-01 1.39115e-01 |
   3085 | 2.55787e+01 8.29129e-03 | 1.25331e-02 1.07867e-01 1.39115e-01 |
   3086 | 2.55870e+01 8.29128e-03 | 1.25331e-02 1.07867e-01 1.39115e-01 |
   3087 | 2.55953e+01 8.29128e-03 | 1.25331e-02 1.07867e-01 1.39115e-01 |
   3088 | 2.56036e+01 8.29127e-03 | 1.25331e-02 1.07867e-01 1.39115e-01 |
   3089 | 2.56119e+01 8.29127e-03 | 1.25331e-02 1.07867e-01 1.39115e-01 |
   3090 | 2.56202e+01 8.29127e-03 | 1.25331e-02 1.07867e-01 1.39115e-01 |
   3091 | 2.56284e+01 8.29127e-03 | 1.25331e-02 1.07867e-01 1.39115e-01 |
   3092 | 2.56367e+01 8.29126e-03 | 1.25331e-02 1.07867e-01 1.39115e-01 |
   3093 | 2.56450e+01 8.29126e-03 | 1.25331e-02 1.07867e-01 1.39115e-01 |
   3094 | 2.56533e+01 8.29126e-03 | 1.25331e-02 1.07867e-01 1.39115e-01 |
   3095 | 2.56616e+01 8.29126e-03 | 1.25331e-02 1.07867e-01 1.39115e-01 |
   3096 | 2.56699e+01 8.29126e-03 | 1.25331e-02 1.07867e-01 1.39115e-01 |
   3097 | 2.56782e+01 8.29126e-03 | 1.25331e-02 1.07867e-01 1.39115e-01 |
   3098 | 2.56865e+01 8.29126e-03 | 1.25331e-02 1.07867e-01 1.39115e-01 |
   3099 | 2.56948e+01 8.29126e-03 | 1.25331e-02 1.07867e-01 1.39115e-01 |
   3100 | 2.57031e+01 8.29127e-03 | 1.25331e-02 1.07867e-01 1.39115e-01 |
   3101 | 2.57114e+01 8.29127e-03 | 1.25331e-02 1.07867e-01 1.39115e-01 |
   3102 | 2.57196e+01 8.29127e-03 | 1.25331e-02 1.07867e-01 1.39115e-01 |
   3103 | 2.57279e+01 8.29127e-03 | 1.25331e-02 1.07867e-01 1.39115e-01 |
   3104 | 2.57362e+01 8.29128e-03 | 1.25331e-02 1.07867e-01 1.39115e-01 |
   3105 | 2.57445e+01 8.29128e-03 | 1.25331e-02 1.07867e-01 1.39115e-01 |
   3106 | 2.57528e+01 8.29128e-03 | 1.25331e-02 1.07867e-01 1.39115e-01 |
   3107 | 2.57611e+01 8.29129e-03 | 1.25331e-02 1.07867e-01 1.39115e-01 |
   3108 | 2.57694e+01 8.29129e-03 | 1.25331e-02 1.07867e-01 1.39115e-01 |
   3109 | 2.57777e+01 8.29130e-03 | 1.25331e-02 1.07867e-01 1.39115e-01 |
   3110 | 2.57860e+01 8.29131e-03 | 1.25331e-02 1.07867e-01 1.39115e-01 |
   3111 | 2.57943e+01 8.29131e-03 | 1.25331e-02 1.07867e-01 1.39115e-01 |
   3112 | 2.58026e+01 8.29132e-03 | 1.25331e-02 1.07867e-01 1.39115e-01 |
   3113 | 2.58109e+01 8.29133e-03 | 1.25331e-02 1.07867e-01 1.39115e-01 |
   3114 | 2.58191e+01 8.29134e-03 | 1.25331e-02 1.07867e-01 1.39115e-01 |
   3115 | 2.58274e+01 8.29134e-03 | 1.25331e-02 1.07867e-01 1.39115e-01 |
   3116 | 2.58357e+01 8.29135e-03 | 1.25331e-02 1.07867e-01 1.39115e-01 |
   3117 | 2.58440e+01 8.29136e-03 | 1.25331e-02 1.07867e-01 1.39115e-01 |
   3118 | 2.58523e+01 8.29137e-03 | 1.25331e-02 1.07867e-01 1.39115e-01 |
   3119 | 2.58606e+01 8.29138e-03 | 1.25331e-02 1.07867e-01 1.39115e-01 |
   3120 | 2.58689e+01 8.29139e-03 | 1.25331e-02 1.07867e-01 1.39115e-01 |
   3121 | 2.58772e+01 8.29140e-03 | 1.25331e-02 1.07867e-01 1.39115e-01 |
   3122 | 2.58855e+01 8.29139e-03 | 1.25331e-02 1.07867e-01 1.39115e-01 |
   3123 | 2.58938e+01 8.29138e-03 | 1.25331e-02 1.07867e-01 1.39115e-01 |
   3124 | 2.59021e+01 8.29138e-03 | 1.25331e-02 1.07867e-01 1.39115e-01 |
   3125 | 2.59103e+01 8.29137e-03 | 1.25331e-02 1.07867e-01 1.39115e-01 |
   3126 | 2.59186e+01 8.29137e-03 | 1.25331e-02 1.07867e-01 1.39115e-01 |
   3127 | 2.59269e+01 8.29136e-03 | 1.25331e-02 1.07867e-01 1.39115e-01 |
   3128 | 2.59352e+01 8.29136e-03 | 1.25331e-02 1.07867e-01 1.39115e-01 |
   3129 | 2.59435e+01 8.29135e-03 | 1.25331e-02 1.07867e-01 1.39115e-01 |
   3130 | 2.59518e+01 8.29135e-03 | 1.25331e-02 1.07867e-01 1.39115e-01 |
   3131 | 2.59601e+01 8.29135e-03 | 1.25331e-02 1.07867e-01 1.39115e-01 |
   3132 | 2.59684e+01 8.29134e-03 | 1.25331e-02 1.07867e-01 1.39115e-01 |
   3133 | 2.59767e+01 8.29134e-03 | 1.25331e-02 1.07867e-01 1.39115e-01 |
   3134 | 2.59850e+01 8.29134e-03 | 1.25331e-02 1.07867e-01 1.39115e-01 |
   3135 | 2.59933e+01 8.29134e-03 | 1.25331e-02 1.07867e-01 1.39115e-01 |
   3136 | 2.60016e+01 8.29134e-03 | 1.25331e-02 1.07867e-01 1.39115e-01 |
   3137 | 2.60098e+01 8.29133e-03 | 1.25331e-02 1.07867e-01 1.39115e-01 |
   3138 | 2.60181e+01 8.29133e-03 | 1.25331e-02 1.07867e-01 1.39115e-01 |
   3139 | 2.60264e+01 8.29133e-03 | 1.25331e-02 1.07867e-01 1.39115e-01 |
   3140 | 2.60347e+01 8.29134e-03 | 1.25331e-02 1.07867e-01 1.39115e-01 |
   3141 | 2.60430e+01 8.29134e-03 | 1.25331e-02 1.07867e-01 1.39115e-01 |
   3142 | 2.60513e+01 8.29134e-03 | 1.25331e-02 1.07867e-01 1.39115e-01 |
   3143 | 2.60596e+01 8.29134e-03 | 1.25331e-02 1.07867e-01 1.39115e-01 |
   3144 | 2.60679e+01 8.29134e-03 | 1.25331e-02 1.07867e-01 1.39115e-01 |
   3145 | 2.60762e+01 8.29134e-03 | 1.25331e-02 1.07867e-01 1.39115e-01 |
   3146 | 2.60845e+01 8.29135e-03 | 1.25331e-02 1.07867e-01 1.39115e-01 |
   3147 | 2.60928e+01 8.29135e-03 | 1.25331e-02 1.07867e-01 1.39115e-01 |
   3148 | 2.61011e+01 8.29136e-03 | 1.25331e-02 1.07867e-01 1.39115e-01 |
   3149 | 2.61093e+01 8.29136e-03 | 1.25331e-02 1.07867e-01 1.39115e-01 |
   3150 | 2.61176e+01 8.29137e-03 | 1.25331e-02 1.07867e-01 1.39115e-01 |
   3151 | 2.61259e+01 8.29137e-03 | 1.25331e-02 1.07867e-01 1.39115e-01 |
   3152 | 2.61342e+01 8.29138e-03 | 1.25331e-02 1.07867e-01 1.39115e-01 |
   3153 | 2.61425e+01 8.29138e-03 | 1.25331e-02 1.07867e-01 1.39115e-01 |
   3154 | 2.61508e+01 8.29138e-03 | 1.25331e-02 1.07867e-01 1.39115e-01 |
   3155 | 2.61591e+01 8.29138e-03 | 1.25331e-02 1.07867e-01 1.39115e-01 |
   3156 | 2.61674e+01 8.29138e-03 | 1.25331e-02 1.07867e-01 1.39115e-01 |
   3157 | 2.61757e+01 8.29138e-03 | 1.25331e-02 1.07867e-01 1.39115e-01 |
   3158 | 2.61840e+01 8.29138e-03 | 1.25331e-02 1.07867e-01 1.39115e-01 |
   3159 | 2.61923e+01 8.29138e-03 | 1.25331e-02 1.07867e-01 1.39115e-01 |
   3160 | 2.62005e+01 8.29138e-03 | 1.25331e-02 1.07867e-01 1.39115e-01 |
   3161 | 2.62088e+01 8.29139e-03 | 1.25331e-02 1.07867e-01 1.39115e-01 |
   3162 | 2.62171e+01 8.29139e-03 | 1.25331e-02 1.07867e-01 1.39115e-01 |
   3163 | 2.62254e+01 8.29139e-03 | 1.25331e-02 1.07867e-01 1.39115e-01 |
   3164 | 2.62337e+01 8.29139e-03 | 1.25331e-02 1.07867e-01 1.39115e-01 |
   3165 | 2.62420e+01 8.29140e-03 | 1.25331e-02 1.07867e-01 1.39115e-01 |
   3166 | 2.62503e+01 8.29140e-03 | 1.25331e-02 1.07867e-01 1.39115e-01 |
   3167 | 2.62586e+01 8.29141e-03 | 1.25331e-02 1.07867e-01 1.39115e-01 |
   3168 | 2.62669e+01 8.29141e-03 | 1.25331e-02 1.07867e-01 1.39115e-01 |
   3169 | 2.62752e+01 8.29142e-03 | 1.25331e-02 1.07867e-01 1.39115e-01 |
   3170 | 2.62835e+01 8.29142e-03 | 1.25331e-02 1.07867e-01 1.39115e-01 |
   3171 | 2.62918e+01 8.29141e-03 | 1.25331e-02 1.07867e-01 1.39115e-01 |
   3172 | 2.63000e+01 8.29140e-03 | 1.25331e-02 1.07867e-01 1.39115e-01 |
   3173 | 2.63083e+01 8.29139e-03 | 1.25331e-02 1.07867e-01 1.39115e-01 |
   3174 | 2.63166e+01 8.29138e-03 | 1.25331e-02 1.07867e-01 1.39115e-01 |
   3175 | 2.63249e+01 8.29137e-03 | 1.25331e-02 1.07867e-01 1.39115e-01 |
   3176 | 2.63332e+01 8.29136e-03 | 1.25331e-02 1.07867e-01 1.39115e-01 |
   3177 | 2.63415e+01 8.29135e-03 | 1.25331e-02 1.07867e-01 1.39115e-01 |
   3178 | 2.63498e+01 8.29134e-03 | 1.25331e-02 1.07867e-01 1.39115e-01 |
   3179 | 2.63581e+01 8.29133e-03 | 1.25331e-02 1.07867e-01 1.39115e-01 |
   3180 | 2.63664e+01 8.29132e-03 | 1.25331e-02 1.07867e-01 1.39115e-01 |
   3181 | 2.63747e+01 8.29131e-03 | 1.25331e-02 1.07867e-01 1.39115e-01 |
   3182 | 2.63830e+01 8.29131e-03 | 1.25331e-02 1.07867e-01 1.39115e-01 |
   3183 | 2.63912e+01 8.29130e-03 | 1.25331e-02 1.07867e-01 1.39115e-01 |
   3184 | 2.63995e+01 8.29129e-03 | 1.25331e-02 1.07867e-01 1.39115e-01 |
   3185 | 2.64078e+01 8.29129e-03 | 1.25331e-02 1.07867e-01 1.39115e-01 |
   3186 | 2.64161e+01 8.29128e-03 | 1.25331e-02 1.07867e-01 1.39115e-01 |
   3187 | 2.64244e+01 8.29127e-03 | 1.25331e-02 1.07867e-01 1.39115e-01 |
   3188 | 2.64327e+01 8.29127e-03 | 1.25331e-02 1.07867e-01 1.39115e-01 |
   3189 | 2.64410e+01 8.29127e-03 | 1.25331e-02 1.07867e-01 1.39115e-01 |
   3190 | 2.64493e+01 8.29126e-03 | 1.25331e-02 1.07867e-01 1.39115e-01 |
   3191 | 2.64576e+01 8.29126e-03 | 1.25331e-02 1.07867e-01 1.39115e-01 |
   3192 | 2.64659e+01 8.29125e-03 | 1.25331e-02 1.07867e-01 1.39115e-01 |
   3193 | 2.64742e+01 8.29125e-03 | 1.25331e-02 1.07867e-01 1.39115e-01 |
   3194 | 2.64825e+01 8.29125e-03 | 1.25331e-02 1.07867e-01 1.39115e-01 |
   3195 | 2.64907e+01 8.29125e-03 | 1.25331e-02 1.07867e-01 1.39115e-01 |
   3196 | 2.64990e+01 8.29125e-03 | 1.25331e-02 1.07867e-01 1.39115e-01 |
   3197 | 2.65073e+01 8.29124e-03 | 1.25331e-02 1.07867e-01 1.39115e-01 |
   3198 | 2.65156e+01 8.29124e-03 | 1.25331e-02 1.07867e-01 1.39115e-01 |
   3199 | 2.65239e+01 8.29124e-03 | 1.25331e-02 1.07867e-01 1.39115e-01 |
   3200 | 2.65322e+01 8.29124e-03 | 1.25331e-02 1.07867e-01 1.39115e-01 |
   3201 | 2.65405e+01 8.29124e-03 | 1.25331e-02 1.07867e-01 1.39115e-01 |
   3202 | 2.65488e+01 8.29125e-03 | 1.25331e-02 1.07867e-01 1.39115e-01 |
   3203 | 2.65571e+01 8.29125e-03 | 1.25331e-02 1.07867e-01 1.39115e-01 |
   3204 | 2.65654e+01 8.29125e-03 | 1.25331e-02 1.07867e-01 1.39115e-01 |
   3205 | 2.65737e+01 8.29125e-03 | 1.25331e-02 1.07867e-01 1.39115e-01 |
   3206 | 2.65819e+01 8.29125e-03 | 1.25331e-02 1.07867e-01 1.39115e-01 |
   3207 | 2.65902e+01 8.29126e-03 | 1.25331e-02 1.07867e-01 1.39115e-01 |
   3208 | 2.65985e+01 8.29126e-03 | 1.25331e-02 1.07867e-01 1.39115e-01 |
   3209 | 2.66068e+01 8.29127e-03 | 1.25331e-02 1.07867e-01 1.39115e-01 |
   3210 | 2.66151e+01 8.29127e-03 | 1.25331e-02 1.07867e-01 1.39115e-01 |
   3211 | 2.66234e+01 8.29128e-03 | 1.25331e-02 1.07867e-01 1.39115e-01 |
   3212 | 2.66317e+01 8.29128e-03 | 1.25331e-02 1.07867e-01 1.39115e-01 |
   3213 | 2.66400e+01 8.29129e-03 | 1.25331e-02 1.07867e-01 1.39115e-01 |
   3214 | 2.66483e+01 8.29129e-03 | 1.25331e-02 1.07867e-01 1.39115e-01 |
   3215 | 2.66566e+01 8.29130e-03 | 1.25331e-02 1.07867e-01 1.39115e-01 |
   3216 | 2.66649e+01 8.29131e-03 | 1.25331e-02 1.07867e-01 1.39115e-01 |
   3217 | 2.66732e+01 8.29132e-03 | 1.25331e-02 1.07867e-01 1.39115e-01 |
   3218 | 2.66814e+01 8.29132e-03 | 1.25331e-02 1.07867e-01 1.39115e-01 |
   3219 | 2.66897e+01 8.29133e-03 | 1.25331e-02 1.07867e-01 1.39115e-01 |
   3220 | 2.66980e+01 8.29134e-03 | 1.25331e-02 1.07867e-01 1.39115e-01 |
   3221 | 2.67063e+01 8.29135e-03 | 1.25331e-02 1.07867e-01 1.39115e-01 |
   3222 | 2.67146e+01 8.29136e-03 | 1.25331e-02 1.07867e-01 1.39115e-01 |
   3223 | 2.67229e+01 8.29137e-03 | 1.25331e-02 1.07867e-01 1.39115e-01 |
   3224 | 2.67312e+01 8.29138e-03 | 1.25331e-02 1.07867e-01 1.39115e-01 |
   3225 | 2.67395e+01 8.29139e-03 | 1.25331e-02 1.07867e-01 1.39115e-01 |
   3226 | 2.67478e+01 8.29140e-03 | 1.25331e-02 1.07867e-01 1.39115e-01 |
   3227 | 2.67561e+01 8.29140e-03 | 1.25331e-02 1.07867e-01 1.39115e-01 |
   3228 | 2.67644e+01 8.29139e-03 | 1.25331e-02 1.07867e-01 1.39115e-01 |
   3229 | 2.67726e+01 8.29138e-03 | 1.25331e-02 1.07867e-01 1.39115e-01 |
   3230 | 2.67809e+01 8.29137e-03 | 1.25331e-02 1.07867e-01 1.39115e-01 |
   3231 | 2.67892e+01 8.29136e-03 | 1.25331e-02 1.07867e-01 1.39115e-01 |
   3232 | 2.67975e+01 8.29135e-03 | 1.25331e-02 1.07867e-01 1.39115e-01 |
   3233 | 2.68058e+01 8.29134e-03 | 1.25331e-02 1.07867e-01 1.39115e-01 |
   3234 | 2.68141e+01 8.29134e-03 | 1.25331e-02 1.07867e-01 1.39115e-01 |
   3235 | 2.68224e+01 8.29133e-03 | 1.25331e-02 1.07867e-01 1.39115e-01 |
   3236 | 2.68307e+01 8.29132e-03 | 1.25331e-02 1.07867e-01 1.39115e-01 |
   3237 | 2.68390e+01 8.29131e-03 | 1.25331e-02 1.07867e-01 1.39115e-01 |
   3238 | 2.68473e+01 8.29131e-03 | 1.25331e-02 1.07867e-01 1.39115e-01 |
   3239 | 2.68556e+01 8.29130e-03 | 1.25331e-02 1.07867e-01 1.39115e-01 |
   3240 | 2.68639e+01 8.29130e-03 | 1.25331e-02 1.07867e-01 1.39115e-01 |
   3241 | 2.68721e+01 8.29129e-03 | 1.25331e-02 1.07867e-01 1.39115e-01 |
   3242 | 2.68804e+01 8.29129e-03 | 1.25331e-02 1.07867e-01 1.39115e-01 |
   3243 | 2.68887e+01 8.29128e-03 | 1.25331e-02 1.07867e-01 1.39115e-01 |
   3244 | 2.68970e+01 8.29128e-03 | 1.25331e-02 1.07867e-01 1.39115e-01 |
   3245 | 2.69053e+01 8.29127e-03 | 1.25331e-02 1.07867e-01 1.39115e-01 |
   3246 | 2.69136e+01 8.29127e-03 | 1.25331e-02 1.07867e-01 1.39115e-01 |
   3247 | 2.69219e+01 8.29127e-03 | 1.25331e-02 1.07867e-01 1.39115e-01 |
   3248 | 2.69302e+01 8.29127e-03 | 1.25331e-02 1.07867e-01 1.39115e-01 |
   3249 | 2.69385e+01 8.29126e-03 | 1.25331e-02 1.07867e-01 1.39115e-01 |
   3250 | 2.69468e+01 8.29126e-03 | 1.25331e-02 1.07867e-01 1.39115e-01 |
   3251 | 2.69551e+01 8.29126e-03 | 1.25331e-02 1.07867e-01 1.39115e-01 |
   3252 | 2.69633e+01 8.29126e-03 | 1.25331e-02 1.07867e-01 1.39115e-01 |
   3253 | 2.69716e+01 8.29126e-03 | 1.25331e-02 1.07867e-01 1.39115e-01 |
   3254 | 2.69799e+01 8.29126e-03 | 1.25331e-02 1.07867e-01 1.39115e-01 |
   3255 | 2.69882e+01 8.29126e-03 | 1.25331e-02 1.07867e-01 1.39115e-01 |
   3256 | 2.69965e+01 8.29127e-03 | 1.25331e-02 1.07867e-01 1.39115e-01 |
   3257 | 2.70048e+01 8.29127e-03 | 1.25331e-02 1.07867e-01 1.39115e-01 |
   3258 | 2.70131e+01 8.29127e-03 | 1.25331e-02 1.07867e-01 1.39115e-01 |
   3259 | 2.70214e+01 8.29127e-03 | 1.25331e-02 1.07867e-01 1.39115e-01 |
   3260 | 2.70297e+01 8.29128e-03 | 1.25331e-02 1.07867e-01 1.39115e-01 |
   3261 | 2.70380e+01 8.29128e-03 | 1.25331e-02 1.07867e-01 1.39115e-01 |
   3262 | 2.70463e+01 8.29128e-03 | 1.25331e-02 1.07867e-01 1.39115e-01 |
   3263 | 2.70546e+01 8.29129e-03 | 1.25331e-02 1.07867e-01 1.39115e-01 |
   3264 | 2.70628e+01 8.29129e-03 | 1.25331e-02 1.07867e-01 1.39115e-01 |
   3265 | 2.70711e+01 8.29130e-03 | 1.25331e-02 1.07867e-01 1.39115e-01 |
   3266 | 2.70794e+01 8.29130e-03 | 1.25331e-02 1.07867e-01 1.39115e-01 |
   3267 | 2.70877e+01 8.29131e-03 | 1.25331e-02 1.07867e-01 1.39115e-01 |
   3268 | 2.70960e+01 8.29132e-03 | 1.25331e-02 1.07867e-01 1.39115e-01 |
   3269 | 2.71043e+01 8.29132e-03 | 1.25331e-02 1.07867e-01 1.39115e-01 |
   3270 | 2.71126e+01 8.29133e-03 | 1.25331e-02 1.07867e-01 1.39115e-01 |
   3271 | 2.71209e+01 8.29134e-03 | 1.25331e-02 1.07867e-01 1.39115e-01 |
   3272 | 2.71292e+01 8.29135e-03 | 1.25331e-02 1.07867e-01 1.39115e-01 |
   3273 | 2.71375e+01 8.29136e-03 | 1.25331e-02 1.07867e-01 1.39115e-01 |
   3274 | 2.71458e+01 8.29137e-03 | 1.25331e-02 1.07867e-01 1.39115e-01 |
   3275 | 2.71540e+01 8.29137e-03 | 1.25331e-02 1.07867e-01 1.39115e-01 |
   3276 | 2.71623e+01 8.29138e-03 | 1.25331e-02 1.07867e-01 1.39115e-01 |
   3277 | 2.71706e+01 8.29139e-03 | 1.25331e-02 1.07867e-01 1.39115e-01 |
   3278 | 2.71789e+01 8.29140e-03 | 1.25331e-02 1.07867e-01 1.39115e-01 |
   3279 | 2.71872e+01 8.29140e-03 | 1.25331e-02 1.07867e-01 1.39115e-01 |
   3280 | 2.71955e+01 8.29141e-03 | 1.25331e-02 1.07867e-01 1.39115e-01 |
   3281 | 2.72038e+01 8.29142e-03 | 1.25331e-02 1.07867e-01 1.39115e-01 |
   3282 | 2.72121e+01 8.29140e-03 | 1.25331e-02 1.07867e-01 1.39115e-01 |
   3283 | 2.72204e+01 8.29139e-03 | 1.25331e-02 1.07867e-01 1.39115e-01 |
   3284 | 2.72287e+01 8.29138e-03 | 1.25331e-02 1.07867e-01 1.39115e-01 |
   3285 | 2.72370e+01 8.29137e-03 | 1.25331e-02 1.07867e-01 1.39115e-01 |
   3286 | 2.72453e+01 8.29136e-03 | 1.25331e-02 1.07867e-01 1.39115e-01 |
   3287 | 2.72535e+01 8.29135e-03 | 1.25331e-02 1.07867e-01 1.39115e-01 |
   3288 | 2.72618e+01 8.29134e-03 | 1.25331e-02 1.07867e-01 1.39115e-01 |
   3289 | 2.72701e+01 8.29133e-03 | 1.25331e-02 1.07867e-01 1.39115e-01 |
   3290 | 2.72784e+01 8.29132e-03 | 1.25331e-02 1.07867e-01 1.39115e-01 |
   3291 | 2.72867e+01 8.29132e-03 | 1.25331e-02 1.07867e-01 1.39115e-01 |
   3292 | 2.72950e+01 8.29131e-03 | 1.25331e-02 1.07867e-01 1.39115e-01 |
   3293 | 2.73033e+01 8.29130e-03 | 1.25331e-02 1.07867e-01 1.39115e-01 |
   3294 | 2.73116e+01 8.29130e-03 | 1.25331e-02 1.07867e-01 1.39115e-01 |
   3295 | 2.73199e+01 8.29129e-03 | 1.25331e-02 1.07867e-01 1.39115e-01 |
   3296 | 2.73282e+01 8.29128e-03 | 1.25331e-02 1.07867e-01 1.39115e-01 |
   3297 | 2.73365e+01 8.29128e-03 | 1.25331e-02 1.07867e-01 1.39115e-01 |
   3298 | 2.73447e+01 8.29127e-03 | 1.25331e-02 1.07867e-01 1.39115e-01 |
   3299 | 2.73530e+01 8.29127e-03 | 1.25331e-02 1.07867e-01 1.39115e-01 |
   3300 | 2.73613e+01 8.29126e-03 | 1.25331e-02 1.07867e-01 1.39115e-01 |
   3301 | 2.73696e+01 8.29126e-03 | 1.25331e-02 1.07867e-01 1.39115e-01 |
   3302 | 2.73779e+01 8.29126e-03 | 1.25331e-02 1.07867e-01 1.39115e-01 |
   3303 | 2.73862e+01 8.29125e-03 | 1.25331e-02 1.07867e-01 1.39115e-01 |
   3304 | 2.73945e+01 8.29125e-03 | 1.25331e-02 1.07867e-01 1.39115e-01 |
   3305 | 2.74028e+01 8.29125e-03 | 1.25331e-02 1.07867e-01 1.39115e-01 |
   3306 | 2.74111e+01 8.29125e-03 | 1.25331e-02 1.07867e-01 1.39115e-01 |
   3307 | 2.74194e+01 8.29125e-03 | 1.25331e-02 1.07867e-01 1.39115e-01 |
   3308 | 2.74277e+01 8.29125e-03 | 1.25331e-02 1.07867e-01 1.39115e-01 |
   3309 | 2.74360e+01 8.29125e-03 | 1.25331e-02 1.07867e-01 1.39115e-01 |
   3310 | 2.74442e+01 8.29125e-03 | 1.25331e-02 1.07867e-01 1.39115e-01 |
   3311 | 2.74525e+01 8.29125e-03 | 1.25331e-02 1.07867e-01 1.39115e-01 |
   3312 | 2.74608e+01 8.29125e-03 | 1.25331e-02 1.07867e-01 1.39115e-01 |
   3313 | 2.74691e+01 8.29125e-03 | 1.25331e-02 1.07867e-01 1.39115e-01 |
   3314 | 2.74774e+01 8.29125e-03 | 1.25331e-02 1.07867e-01 1.39115e-01 |
   3315 | 2.74857e+01 8.29126e-03 | 1.25331e-02 1.07867e-01 1.39115e-01 |
   3316 | 2.74940e+01 8.29126e-03 | 1.25331e-02 1.07867e-01 1.39115e-01 |
   3317 | 2.75023e+01 8.29126e-03 | 1.25331e-02 1.07867e-01 1.39115e-01 |
   3318 | 2.75106e+01 8.29126e-03 | 1.25331e-02 1.07867e-01 1.39115e-01 |
   3319 | 2.75189e+01 8.29127e-03 | 1.25331e-02 1.07867e-01 1.39115e-01 |
   3320 | 2.75272e+01 8.29127e-03 | 1.25331e-02 1.07867e-01 1.39115e-01 |
   3321 | 2.75354e+01 8.29128e-03 | 1.25331e-02 1.07867e-01 1.39115e-01 |
   3322 | 2.75437e+01 8.29128e-03 | 1.25331e-02 1.07867e-01 1.39115e-01 |
   3323 | 2.75520e+01 8.29129e-03 | 1.25331e-02 1.07867e-01 1.39115e-01 |
   3324 | 2.75603e+01 8.29130e-03 | 1.25331e-02 1.07867e-01 1.39115e-01 |
   3325 | 2.75686e+01 8.29130e-03 | 1.25331e-02 1.07867e-01 1.39115e-01 |
   3326 | 2.75769e+01 8.29131e-03 | 1.25331e-02 1.07867e-01 1.39115e-01 |
   3327 | 2.75852e+01 8.29132e-03 | 1.25331e-02 1.07867e-01 1.39115e-01 |
   3328 | 2.75935e+01 8.29133e-03 | 1.25331e-02 1.07867e-01 1.39115e-01 |
   3329 | 2.76018e+01 8.29134e-03 | 1.25331e-02 1.07867e-01 1.39115e-01 |
   3330 | 2.76101e+01 8.29134e-03 | 1.25331e-02 1.07867e-01 1.39115e-01 |
   3331 | 2.76184e+01 8.29135e-03 | 1.25331e-02 1.07867e-01 1.39115e-01 |
   3332 | 2.76267e+01 8.29136e-03 | 1.25331e-02 1.07867e-01 1.39115e-01 |
   3333 | 2.76349e+01 8.29137e-03 | 1.25331e-02 1.07867e-01 1.39115e-01 |
   3334 | 2.76432e+01 8.29138e-03 | 1.25331e-02 1.07867e-01 1.39115e-01 |
   3335 | 2.76515e+01 8.29140e-03 | 1.25331e-02 1.07867e-01 1.39115e-01 |
   3336 | 2.76598e+01 8.29141e-03 | 1.25331e-02 1.07867e-01 1.39115e-01 |
   3337 | 2.76681e+01 8.29141e-03 | 1.25331e-02 1.07867e-01 1.39115e-01 |
   3338 | 2.76764e+01 8.29140e-03 | 1.25331e-02 1.07867e-01 1.39115e-01 |
   3339 | 2.76847e+01 8.29139e-03 | 1.25331e-02 1.07867e-01 1.39115e-01 |
   3340 | 2.76930e+01 8.29138e-03 | 1.25331e-02 1.07867e-01 1.39115e-01 |
   3341 | 2.77013e+01 8.29137e-03 | 1.25331e-02 1.07867e-01 1.39115e-01 |
   3342 | 2.77096e+01 8.29136e-03 | 1.25331e-02 1.07867e-01 1.39115e-01 |
   3343 | 2.77179e+01 8.29135e-03 | 1.25331e-02 1.07867e-01 1.39115e-01 |
   3344 | 2.77261e+01 8.29134e-03 | 1.25331e-02 1.07867e-01 1.39115e-01 |
   3345 | 2.77344e+01 8.29133e-03 | 1.25331e-02 1.07867e-01 1.39115e-01 |
   3346 | 2.77427e+01 8.29133e-03 | 1.25331e-02 1.07867e-01 1.39115e-01 |
   3347 | 2.77510e+01 8.29132e-03 | 1.25331e-02 1.07867e-01 1.39115e-01 |
   3348 | 2.77593e+01 8.29131e-03 | 1.25331e-02 1.07867e-01 1.39115e-01 |
   3349 | 2.77676e+01 8.29131e-03 | 1.25331e-02 1.07867e-01 1.39115e-01 |
   3350 | 2.77759e+01 8.29130e-03 | 1.25331e-02 1.07867e-01 1.39115e-01 |
   3351 | 2.77842e+01 8.29130e-03 | 1.25331e-02 1.07867e-01 1.39115e-01 |
   3352 | 2.77925e+01 8.29129e-03 | 1.25331e-02 1.07867e-01 1.39115e-01 |
   3353 | 2.78008e+01 8.29129e-03 | 1.25331e-02 1.07867e-01 1.39115e-01 |
   3354 | 2.78091e+01 8.29128e-03 | 1.25331e-02 1.07867e-01 1.39115e-01 |
   3355 | 2.78174e+01 8.29128e-03 | 1.25331e-02 1.07867e-01 1.39115e-01 |
   3356 | 2.78256e+01 8.29128e-03 | 1.25331e-02 1.07867e-01 1.39115e-01 |
   3357 | 2.78339e+01 8.29127e-03 | 1.25331e-02 1.07867e-01 1.39115e-01 |
   3358 | 2.78422e+01 8.29127e-03 | 1.25331e-02 1.07867e-01 1.39115e-01 |
   3359 | 2.78505e+01 8.29127e-03 | 1.25331e-02 1.07867e-01 1.39115e-01 |
   3360 | 2.78588e+01 8.29127e-03 | 1.25331e-02 1.07867e-01 1.39115e-01 |
   3361 | 2.78671e+01 8.29126e-03 | 1.25331e-02 1.07867e-01 1.39115e-01 |
   3362 | 2.78754e+01 8.29126e-03 | 1.25331e-02 1.07867e-01 1.39115e-01 |
   3363 | 2.78837e+01 8.29125e-03 | 1.25331e-02 1.07867e-01 1.39115e-01 |
   3364 | 2.78920e+01 8.29125e-03 | 1.25331e-02 1.07867e-01 1.39115e-01 |
   3365 | 2.79003e+01 8.29125e-03 | 1.25331e-02 1.07867e-01 1.39115e-01 |
   3366 | 2.79086e+01 8.29125e-03 | 1.25331e-02 1.07867e-01 1.39115e-01 |
   3367 | 2.79168e+01 8.29125e-03 | 1.25331e-02 1.07867e-01 1.39115e-01 |
   3368 | 2.79251e+01 8.29124e-03 | 1.25331e-02 1.07867e-01 1.39115e-01 |
   3369 | 2.79334e+01 8.29124e-03 | 1.25331e-02 1.07867e-01 1.39115e-01 |
   3370 | 2.79417e+01 8.29124e-03 | 1.25331e-02 1.07867e-01 1.39115e-01 |
   3371 | 2.79500e+01 8.29124e-03 | 1.25331e-02 1.07867e-01 1.39115e-01 |
   3372 | 2.79583e+01 8.29125e-03 | 1.25331e-02 1.07867e-01 1.39115e-01 |
   3373 | 2.79666e+01 8.29125e-03 | 1.25331e-02 1.07867e-01 1.39115e-01 |
   3374 | 2.79749e+01 8.29125e-03 | 1.25331e-02 1.07867e-01 1.39115e-01 |
   3375 | 2.79832e+01 8.29125e-03 | 1.25331e-02 1.07867e-01 1.39115e-01 |
   3376 | 2.79915e+01 8.29125e-03 | 1.25331e-02 1.07867e-01 1.39115e-01 |
   3377 | 2.79998e+01 8.29126e-03 | 1.25331e-02 1.07867e-01 1.39115e-01 |
   3378 | 2.80081e+01 8.29126e-03 | 1.25331e-02 1.07867e-01 1.39115e-01 |
   3379 | 2.80163e+01 8.29126e-03 | 1.25331e-02 1.07867e-01 1.39115e-01 |
   3380 | 2.80246e+01 8.29127e-03 | 1.25331e-02 1.07867e-01 1.39115e-01 |
   3381 | 2.80329e+01 8.29127e-03 | 1.25331e-02 1.07867e-01 1.39115e-01 |
   3382 | 2.80412e+01 8.29128e-03 | 1.25331e-02 1.07867e-01 1.39115e-01 |
   3383 | 2.80495e+01 8.29128e-03 | 1.25331e-02 1.07867e-01 1.39115e-01 |
   3384 | 2.80578e+01 8.29129e-03 | 1.25331e-02 1.07867e-01 1.39115e-01 |
   3385 | 2.80661e+01 8.29129e-03 | 1.25331e-02 1.07867e-01 1.39115e-01 |
   3386 | 2.80744e+01 8.29130e-03 | 1.25331e-02 1.07867e-01 1.39115e-01 |
   3387 | 2.80827e+01 8.29131e-03 | 1.25331e-02 1.07867e-01 1.39115e-01 |
   3388 | 2.80910e+01 8.29132e-03 | 1.25331e-02 1.07867e-01 1.39115e-01 |
   3389 | 2.80993e+01 8.29132e-03 | 1.25331e-02 1.07867e-01 1.39115e-01 |
   3390 | 2.81075e+01 8.29133e-03 | 1.25331e-02 1.07867e-01 1.39115e-01 |
   3391 | 2.81158e+01 8.29134e-03 | 1.25331e-02 1.07867e-01 1.39115e-01 |
   3392 | 2.81241e+01 8.29135e-03 | 1.25331e-02 1.07867e-01 1.39115e-01 |
   3393 | 2.81324e+01 8.29136e-03 | 1.25331e-02 1.07867e-01 1.39115e-01 |
   3394 | 2.81407e+01 8.29137e-03 | 1.25331e-02 1.07867e-01 1.39115e-01 |
   3395 | 2.81490e+01 8.29138e-03 | 1.25331e-02 1.07867e-01 1.39115e-01 |
   3396 | 2.81573e+01 8.29139e-03 | 1.25331e-02 1.07867e-01 1.39115e-01 |
   3397 | 2.81656e+01 8.29138e-03 | 1.25331e-02 1.07867e-01 1.39115e-01 |
   3398 | 2.81739e+01 8.29137e-03 | 1.25331e-02 1.07867e-01 1.39115e-01 |
   3399 | 2.81822e+01 8.29136e-03 | 1.25331e-02 1.07867e-01 1.39115e-01 |
   3400 | 2.81905e+01 8.29135e-03 | 1.25331e-02 1.07867e-01 1.39115e-01 |
   3401 | 2.81988e+01 8.29134e-03 | 1.25331e-02 1.07867e-01 1.39115e-01 |
   3402 | 2.82070e+01 8.29133e-03 | 1.25331e-02 1.07867e-01 1.39115e-01 |
   3403 | 2.82153e+01 8.29132e-03 | 1.25331e-02 1.07867e-01 1.39115e-01 |
   3404 | 2.82236e+01 8.29132e-03 | 1.25331e-02 1.07867e-01 1.39115e-01 |
   3405 | 2.82319e+01 8.29131e-03 | 1.25331e-02 1.07867e-01 1.39115e-01 |
   3406 | 2.82402e+01 8.29130e-03 | 1.25331e-02 1.07867e-01 1.39115e-01 |
   3407 | 2.82485e+01 8.29129e-03 | 1.25331e-02 1.07867e-01 1.39115e-01 |
   3408 | 2.82568e+01 8.29129e-03 | 1.25331e-02 1.07867e-01 1.39115e-01 |
   3409 | 2.82651e+01 8.29128e-03 | 1.25331e-02 1.07867e-01 1.39115e-01 |
   3410 | 2.82734e+01 8.29127e-03 | 1.25331e-02 1.07867e-01 1.39115e-01 |
   3411 | 2.82817e+01 8.29127e-03 | 1.25331e-02 1.07867e-01 1.39115e-01 |
   3412 | 2.82900e+01 8.29126e-03 | 1.25331e-02 1.07867e-01 1.39115e-01 |
   3413 | 2.82982e+01 8.29126e-03 | 1.25331e-02 1.07867e-01 1.39115e-01 |
   3414 | 2.83065e+01 8.29125e-03 | 1.25331e-02 1.07867e-01 1.39115e-01 |
   3415 | 2.83148e+01 8.29125e-03 | 1.25331e-02 1.07867e-01 1.39115e-01 |
   3416 | 2.83231e+01 8.29125e-03 | 1.25331e-02 1.07867e-01 1.39115e-01 |
   3417 | 2.83314e+01 8.29124e-03 | 1.25331e-02 1.07867e-01 1.39115e-01 |
   3418 | 2.83397e+01 8.29124e-03 | 1.25331e-02 1.07867e-01 1.39115e-01 |
   3419 | 2.83480e+01 8.29124e-03 | 1.25331e-02 1.07867e-01 1.39115e-01 |
   3420 | 2.83563e+01 8.29124e-03 | 1.25331e-02 1.07867e-01 1.39115e-01 |
   3421 | 2.83646e+01 8.29124e-03 | 1.25331e-02 1.07867e-01 1.39115e-01 |
   3422 | 2.83729e+01 8.29123e-03 | 1.25331e-02 1.07867e-01 1.39115e-01 |
   3423 | 2.83812e+01 8.29123e-03 | 1.25331e-02 1.07867e-01 1.39115e-01 |
   3424 | 2.83895e+01 8.29123e-03 | 1.25331e-02 1.07867e-01 1.39115e-01 |
   3425 | 2.83977e+01 8.29124e-03 | 1.25331e-02 1.07867e-01 1.39115e-01 |
   3426 | 2.84060e+01 8.29124e-03 | 1.25331e-02 1.07867e-01 1.39115e-01 |
   3427 | 2.84143e+01 8.29124e-03 | 1.25331e-02 1.07867e-01 1.39115e-01 |
   3428 | 2.84226e+01 8.29124e-03 | 1.25331e-02 1.07867e-01 1.39115e-01 |
   3429 | 2.84309e+01 8.29124e-03 | 1.25331e-02 1.07867e-01 1.39115e-01 |
   3430 | 2.84392e+01 8.29124e-03 | 1.25331e-02 1.07867e-01 1.39115e-01 |
   3431 | 2.84475e+01 8.29125e-03 | 1.25331e-02 1.07867e-01 1.39115e-01 |
   3432 | 2.84558e+01 8.29125e-03 | 1.25331e-02 1.07867e-01 1.39115e-01 |
   3433 | 2.84641e+01 8.29126e-03 | 1.25331e-02 1.07867e-01 1.39115e-01 |
   3434 | 2.84724e+01 8.29126e-03 | 1.25331e-02 1.07867e-01 1.39115e-01 |
   3435 | 2.84807e+01 8.29127e-03 | 1.25331e-02 1.07867e-01 1.39115e-01 |
   3436 | 2.84889e+01 8.29127e-03 | 1.25331e-02 1.07867e-01 1.39115e-01 |
   3437 | 2.84972e+01 8.29128e-03 | 1.25331e-02 1.07867e-01 1.39115e-01 |
   3438 | 2.85055e+01 8.29128e-03 | 1.25331e-02 1.07867e-01 1.39115e-01 |
   3439 | 2.85138e+01 8.29129e-03 | 1.25331e-02 1.07867e-01 1.39115e-01 |
   3440 | 2.85221e+01 8.29130e-03 | 1.25331e-02 1.07867e-01 1.39115e-01 |
   3441 | 2.85304e+01 8.29130e-03 | 1.25331e-02 1.07867e-01 1.39115e-01 |
   3442 | 2.85387e+01 8.29131e-03 | 1.25331e-02 1.07867e-01 1.39115e-01 |
   3443 | 2.85470e+01 8.29132e-03 | 1.25331e-02 1.07867e-01 1.39115e-01 |
   3444 | 2.85553e+01 8.29133e-03 | 1.25331e-02 1.07867e-01 1.39115e-01 |
   3445 | 2.85636e+01 8.29134e-03 | 1.25331e-02 1.07867e-01 1.39115e-01 |
   3446 | 2.85719e+01 8.29135e-03 | 1.25331e-02 1.07867e-01 1.39115e-01 |
   3447 | 2.85802e+01 8.29136e-03 | 1.25331e-02 1.07867e-01 1.39115e-01 |
   3448 | 2.85884e+01 8.29137e-03 | 1.25331e-02 1.07867e-01 1.39115e-01 |
   3449 | 2.85967e+01 8.29138e-03 | 1.25331e-02 1.07867e-01 1.39115e-01 |
   3450 | 2.86050e+01 8.29139e-03 | 1.25331e-02 1.07867e-01 1.39115e-01 |
   3451 | 2.86133e+01 8.29140e-03 | 1.25331e-02 1.07867e-01 1.39115e-01 |
   3452 | 2.86216e+01 8.29141e-03 | 1.25331e-02 1.07867e-01 1.39115e-01 |
   3453 | 2.86299e+01 8.29140e-03 | 1.25331e-02 1.07867e-01 1.39115e-01 |
   3454 | 2.86382e+01 8.29139e-03 | 1.25331e-02 1.07867e-01 1.39115e-01 |
   3455 | 2.86465e+01 8.29138e-03 | 1.25331e-02 1.07867e-01 1.39115e-01 |
   3456 | 2.86548e+01 8.29136e-03 | 1.25331e-02 1.07867e-01 1.39115e-01 |
   3457 | 2.86631e+01 8.29135e-03 | 1.25331e-02 1.07867e-01 1.39115e-01 |
   3458 | 2.86714e+01 8.29134e-03 | 1.25331e-02 1.07867e-01 1.39115e-01 |
   3459 | 2.86796e+01 8.29134e-03 | 1.25331e-02 1.07867e-01 1.39115e-01 |
   3460 | 2.86879e+01 8.29133e-03 | 1.25331e-02 1.07867e-01 1.39115e-01 |
   3461 | 2.86962e+01 8.29132e-03 | 1.25331e-02 1.07867e-01 1.39115e-01 |
   3462 | 2.87045e+01 8.29131e-03 | 1.25331e-02 1.07867e-01 1.39115e-01 |
   3463 | 2.87128e+01 8.29130e-03 | 1.25331e-02 1.07867e-01 1.39115e-01 |
   3464 | 2.87211e+01 8.29130e-03 | 1.25331e-02 1.07867e-01 1.39115e-01 |
   3465 | 2.87294e+01 8.29129e-03 | 1.25331e-02 1.07867e-01 1.39115e-01 |
   3466 | 2.87377e+01 8.29128e-03 | 1.25331e-02 1.07867e-01 1.39115e-01 |
   3467 | 2.87460e+01 8.29128e-03 | 1.25331e-02 1.07867e-01 1.39115e-01 |
   3468 | 2.87543e+01 8.29127e-03 | 1.25331e-02 1.07867e-01 1.39115e-01 |
   3469 | 2.87626e+01 8.29127e-03 | 1.25331e-02 1.07867e-01 1.39115e-01 |
   3470 | 2.87709e+01 8.29126e-03 | 1.25331e-02 1.07867e-01 1.39115e-01 |
   3471 | 2.87791e+01 8.29126e-03 | 1.25331e-02 1.07867e-01 1.39115e-01 |
   3472 | 2.87874e+01 8.29125e-03 | 1.25331e-02 1.07867e-01 1.39115e-01 |
   3473 | 2.87957e+01 8.29125e-03 | 1.25331e-02 1.07867e-01 1.39115e-01 |
   3474 | 2.88040e+01 8.29125e-03 | 1.25331e-02 1.07867e-01 1.39115e-01 |
   3475 | 2.88123e+01 8.29125e-03 | 1.25331e-02 1.07867e-01 1.39115e-01 |
   3476 | 2.88206e+01 8.29124e-03 | 1.25331e-02 1.07867e-01 1.39115e-01 |
   3477 | 2.88289e+01 8.29124e-03 | 1.25331e-02 1.07867e-01 1.39115e-01 |
   3478 | 2.88372e+01 8.29124e-03 | 1.25331e-02 1.07867e-01 1.39115e-01 |
   3479 | 2.88455e+01 8.29124e-03 | 1.25331e-02 1.07867e-01 1.39115e-01 |
   3480 | 2.88538e+01 8.29124e-03 | 1.25331e-02 1.07867e-01 1.39115e-01 |
   3481 | 2.88621e+01 8.29124e-03 | 1.25331e-02 1.07867e-01 1.39115e-01 |
   3482 | 2.88703e+01 8.29124e-03 | 1.25331e-02 1.07867e-01 1.39115e-01 |
   3483 | 2.88786e+01 8.29124e-03 | 1.25331e-02 1.07867e-01 1.39115e-01 |
   3484 | 2.88869e+01 8.29125e-03 | 1.25331e-02 1.07867e-01 1.39115e-01 |
   3485 | 2.88952e+01 8.29125e-03 | 1.25331e-02 1.07867e-01 1.39115e-01 |
   3486 | 2.89035e+01 8.29125e-03 | 1.25331e-02 1.07867e-01 1.39115e-01 |
   3487 | 2.89118e+01 8.29125e-03 | 1.25331e-02 1.07867e-01 1.39115e-01 |
   3488 | 2.89201e+01 8.29126e-03 | 1.25331e-02 1.07867e-01 1.39115e-01 |
   3489 | 2.89284e+01 8.29126e-03 | 1.25331e-02 1.07867e-01 1.39115e-01 |
   3490 | 2.89367e+01 8.29126e-03 | 1.25331e-02 1.07867e-01 1.39115e-01 |
   3491 | 2.89450e+01 8.29127e-03 | 1.25331e-02 1.07867e-01 1.39115e-01 |
   3492 | 2.89533e+01 8.29127e-03 | 1.25331e-02 1.07867e-01 1.39115e-01 |
   3493 | 2.89616e+01 8.29128e-03 | 1.25331e-02 1.07867e-01 1.39115e-01 |
   3494 | 2.89698e+01 8.29129e-03 | 1.25331e-02 1.07867e-01 1.39115e-01 |
   3495 | 2.89781e+01 8.29129e-03 | 1.25331e-02 1.07867e-01 1.39115e-01 |
   3496 | 2.89864e+01 8.29130e-03 | 1.25331e-02 1.07867e-01 1.39115e-01 |
   3497 | 2.89947e+01 8.29131e-03 | 1.25331e-02 1.07867e-01 1.39115e-01 |
   3498 | 2.90030e+01 8.29131e-03 | 1.25331e-02 1.07867e-01 1.39115e-01 |
   3499 | 2.90113e+01 8.29132e-03 | 1.25331e-02 1.07867e-01 1.39115e-01 |
   3500 | 2.90196e+01 8.29133e-03 | 1.25331e-02 1.07867e-01 1.39115e-01 |
   3501 | 2.90279e+01 8.29134e-03 | 1.25331e-02 1.07867e-01 1.39115e-01 |
   3502 | 2.90362e+01 8.29135e-03 | 1.25331e-02 1.07867e-01 1.39115e-01 |
   3503 | 2.90445e+01 8.29136e-03 | 1.25331e-02 1.07867e-01 1.39115e-01 |
   3504 | 2.90528e+01 8.29137e-03 | 1.25331e-02 1.07867e-01 1.39115e-01 |
   3505 | 2.90610e+01 8.29138e-03 | 1.25331e-02 1.07867e-01 1.39115e-01 |
   3506 | 2.90693e+01 8.29139e-03 | 1.25331e-02 1.07867e-01 1.39115e-01 |
   3507 | 2.90776e+01 8.29138e-03 | 1.25331e-02 1.07867e-01 1.39115e-01 |
   3508 | 2.90859e+01 8.29137e-03 | 1.25331e-02 1.07867e-01 1.39115e-01 |
   3509 | 2.90942e+01 8.29136e-03 | 1.25331e-02 1.07867e-01 1.39115e-01 |
   3510 | 2.91025e+01 8.29135e-03 | 1.25331e-02 1.07867e-01 1.39115e-01 |
   3511 | 2.91108e+01 8.29134e-03 | 1.25331e-02 1.07867e-01 1.39115e-01 |
   3512 | 2.91191e+01 8.29133e-03 | 1.25331e-02 1.07867e-01 1.39115e-01 |
   3513 | 2.91274e+01 8.29132e-03 | 1.25331e-02 1.07867e-01 1.39115e-01 |
   3514 | 2.91357e+01 8.29131e-03 | 1.25331e-02 1.07867e-01 1.39115e-01 |
   3515 | 2.91440e+01 8.29131e-03 | 1.25331e-02 1.07867e-01 1.39115e-01 |
   3516 | 2.91523e+01 8.29130e-03 | 1.25331e-02 1.07867e-01 1.39115e-01 |
   3517 | 2.91605e+01 8.29129e-03 | 1.25331e-02 1.07867e-01 1.39115e-01 |
   3518 | 2.91688e+01 8.29128e-03 | 1.25331e-02 1.07867e-01 1.39115e-01 |
   3519 | 2.91771e+01 8.29128e-03 | 1.25331e-02 1.07867e-01 1.39115e-01 |
   3520 | 2.91854e+01 8.29127e-03 | 1.25331e-02 1.07867e-01 1.39115e-01 |
   3521 | 2.91937e+01 8.29127e-03 | 1.25331e-02 1.07867e-01 1.39115e-01 |
   3522 | 2.92020e+01 8.29126e-03 | 1.25331e-02 1.07867e-01 1.39115e-01 |
   3523 | 2.92103e+01 8.29126e-03 | 1.25331e-02 1.07867e-01 1.39115e-01 |
   3524 | 2.92186e+01 8.29125e-03 | 1.25331e-02 1.07867e-01 1.39115e-01 |
   3525 | 2.92269e+01 8.29125e-03 | 1.25331e-02 1.07867e-01 1.39115e-01 |
   3526 | 2.92352e+01 8.29125e-03 | 1.25331e-02 1.07867e-01 1.39115e-01 |
   3527 | 2.92435e+01 8.29124e-03 | 1.25331e-02 1.07867e-01 1.39115e-01 |
   3528 | 2.92517e+01 8.29124e-03 | 1.25331e-02 1.07867e-01 1.39115e-01 |
   3529 | 2.92600e+01 8.29124e-03 | 1.25331e-02 1.07867e-01 1.39115e-01 |
   3530 | 2.92683e+01 8.29124e-03 | 1.25331e-02 1.07867e-01 1.39115e-01 |
   3531 | 2.92766e+01 8.29123e-03 | 1.25331e-02 1.07867e-01 1.39115e-01 |
   3532 | 2.92849e+01 8.29123e-03 | 1.25331e-02 1.07867e-01 1.39115e-01 |
   3533 | 2.92932e+01 8.29123e-03 | 1.25331e-02 1.07867e-01 1.39115e-01 |
   3534 | 2.93015e+01 8.29123e-03 | 1.25331e-02 1.07867e-01 1.39115e-01 |
   3535 | 2.93098e+01 8.29123e-03 | 1.25331e-02 1.07867e-01 1.39115e-01 |
   3536 | 2.93181e+01 8.29124e-03 | 1.25331e-02 1.07867e-01 1.39115e-01 |
   3537 | 2.93264e+01 8.29124e-03 | 1.25331e-02 1.07867e-01 1.39115e-01 |
   3538 | 2.93347e+01 8.29124e-03 | 1.25331e-02 1.07867e-01 1.39115e-01 |
   3539 | 2.93429e+01 8.29124e-03 | 1.25331e-02 1.07867e-01 1.39115e-01 |
   3540 | 2.93512e+01 8.29124e-03 | 1.25331e-02 1.07867e-01 1.39115e-01 |
   3541 | 2.93595e+01 8.29125e-03 | 1.25331e-02 1.07867e-01 1.39115e-01 |
   3542 | 2.93678e+01 8.29125e-03 | 1.25331e-02 1.07867e-01 1.39115e-01 |
   3543 | 2.93761e+01 8.29126e-03 | 1.25331e-02 1.07867e-01 1.39115e-01 |
   3544 | 2.93844e+01 8.29126e-03 | 1.25331e-02 1.07867e-01 1.39115e-01 |
   3545 | 2.93927e+01 8.29126e-03 | 1.25331e-02 1.07867e-01 1.39115e-01 |
   3546 | 2.94010e+01 8.29127e-03 | 1.25331e-02 1.07867e-01 1.39115e-01 |
   3547 | 2.94093e+01 8.29128e-03 | 1.25331e-02 1.07867e-01 1.39115e-01 |
   3548 | 2.94176e+01 8.29128e-03 | 1.25331e-02 1.07867e-01 1.39115e-01 |
   3549 | 2.94259e+01 8.29129e-03 | 1.25331e-02 1.07867e-01 1.39115e-01 |
   3550 | 2.94342e+01 8.29130e-03 | 1.25331e-02 1.07867e-01 1.39115e-01 |
   3551 | 2.94424e+01 8.29130e-03 | 1.25331e-02 1.07867e-01 1.39115e-01 |
   3552 | 2.94507e+01 8.29131e-03 | 1.25331e-02 1.07867e-01 1.39115e-01 |
   3553 | 2.94590e+01 8.29132e-03 | 1.25331e-02 1.07867e-01 1.39115e-01 |
   3554 | 2.94673e+01 8.29133e-03 | 1.25331e-02 1.07867e-01 1.39115e-01 |
   3555 | 2.94756e+01 8.29134e-03 | 1.25331e-02 1.07867e-01 1.39115e-01 |
   3556 | 2.94839e+01 8.29135e-03 | 1.25331e-02 1.07867e-01 1.39115e-01 |
   3557 | 2.94922e+01 8.29136e-03 | 1.25331e-02 1.07867e-01 1.39115e-01 |
   3558 | 2.95005e+01 8.29137e-03 | 1.25331e-02 1.07867e-01 1.39115e-01 |
   3559 | 2.95088e+01 8.29138e-03 | 1.25331e-02 1.07867e-01 1.39115e-01 |
   3560 | 2.95171e+01 8.29139e-03 | 1.25331e-02 1.07867e-01 1.39115e-01 |
   3561 | 2.95254e+01 8.29140e-03 | 1.25331e-02 1.07867e-01 1.39115e-01 |
   3562 | 2.95337e+01 8.29142e-03 | 1.25331e-02 1.07867e-01 1.39115e-01 |
   3563 | 2.95419e+01 8.29143e-03 | 1.25331e-02 1.07867e-01 1.39115e-01 |
   3564 | 2.95502e+01 8.29144e-03 | 1.25331e-02 1.07867e-01 1.39115e-01 |
   3565 | 2.95585e+01 8.29146e-03 | 1.25331e-02 1.07867e-01 1.39115e-01 |
   3566 | 2.95668e+01 8.29146e-03 | 1.25331e-02 1.07867e-01 1.39115e-01 |
   3567 | 2.95751e+01 8.29145e-03 | 1.25331e-02 1.07867e-01 1.39115e-01 |
   3568 | 2.95834e+01 8.29144e-03 | 1.25331e-02 1.07867e-01 1.39115e-01 |
   3569 | 2.95917e+01 8.29143e-03 | 1.25331e-02 1.07867e-01 1.39115e-01 |
   3570 | 2.96000e+01 8.29142e-03 | 1.25331e-02 1.07867e-01 1.39115e-01 |
   3571 | 2.96083e+01 8.29141e-03 | 1.25331e-02 1.07867e-01 1.39115e-01 |
   3572 | 2.96166e+01 8.29140e-03 | 1.25331e-02 1.07867e-01 1.39115e-01 |
   3573 | 2.96249e+01 8.29139e-03 | 1.25331e-02 1.07867e-01 1.39115e-01 |
   3574 | 2.96331e+01 8.29138e-03 | 1.25331e-02 1.07867e-01 1.39115e-01 |
   3575 | 2.96414e+01 8.29137e-03 | 1.25331e-02 1.07867e-01 1.39115e-01 |
   3576 | 2.96497e+01 8.29136e-03 | 1.25331e-02 1.07867e-01 1.39115e-01 |
   3577 | 2.96580e+01 8.29135e-03 | 1.25331e-02 1.07867e-01 1.39115e-01 |
   3578 | 2.96663e+01 8.29135e-03 | 1.25331e-02 1.07867e-01 1.39115e-01 |
   3579 | 2.96746e+01 8.29134e-03 | 1.25331e-02 1.07867e-01 1.39115e-01 |
   3580 | 2.96829e+01 8.29133e-03 | 1.25331e-02 1.07867e-01 1.39115e-01 |
   3581 | 2.96912e+01 8.29133e-03 | 1.25331e-02 1.07867e-01 1.39115e-01 |
   3582 | 2.96995e+01 8.29132e-03 | 1.25331e-02 1.07867e-01 1.39115e-01 |
   3583 | 2.97078e+01 8.29132e-03 | 1.25331e-02 1.07867e-01 1.39115e-01 |
   3584 | 2.97161e+01 8.29131e-03 | 1.25331e-02 1.07867e-01 1.39115e-01 |
   3585 | 2.97244e+01 8.29131e-03 | 1.25331e-02 1.07867e-01 1.39115e-01 |
   3586 | 2.97326e+01 8.29130e-03 | 1.25331e-02 1.07867e-01 1.39115e-01 |
   3587 | 2.97409e+01 8.29130e-03 | 1.25331e-02 1.07867e-01 1.39115e-01 |
   3588 | 2.97492e+01 8.29130e-03 | 1.25331e-02 1.07867e-01 1.39115e-01 |
   3589 | 2.97575e+01 8.29130e-03 | 1.25331e-02 1.07867e-01 1.39115e-01 |
   3590 | 2.97658e+01 8.29129e-03 | 1.25331e-02 1.07867e-01 1.39115e-01 |
   3591 | 2.97741e+01 8.29129e-03 | 1.25331e-02 1.07867e-01 1.39115e-01 |
   3592 | 2.97824e+01 8.29129e-03 | 1.25331e-02 1.07867e-01 1.39115e-01 |
   3593 | 2.97907e+01 8.29129e-03 | 1.25331e-02 1.07867e-01 1.39115e-01 |
   3594 | 2.97990e+01 8.29129e-03 | 1.25331e-02 1.07867e-01 1.39115e-01 |
   3595 | 2.98073e+01 8.29129e-03 | 1.25331e-02 1.07867e-01 1.39115e-01 |
   3596 | 2.98156e+01 8.29129e-03 | 1.25331e-02 1.07867e-01 1.39115e-01 |
   3597 | 2.98238e+01 8.29129e-03 | 1.25331e-02 1.07867e-01 1.39115e-01 |
   3598 | 2.98321e+01 8.29129e-03 | 1.25331e-02 1.07867e-01 1.39115e-01 |
   3599 | 2.98404e+01 8.29129e-03 | 1.25331e-02 1.07867e-01 1.39115e-01 |
   3600 | 2.98487e+01 8.29130e-03 | 1.25331e-02 1.07867e-01 1.39115e-01 |
   3601 | 2.98570e+01 8.29130e-03 | 1.25331e-02 1.07867e-01 1.39115e-01 |
   3602 | 2.98653e+01 8.29130e-03 | 1.25331e-02 1.07867e-01 1.39115e-01 |
   3603 | 2.98736e+01 8.29131e-03 | 1.25331e-02 1.07867e-01 1.39115e-01 |
   3604 | 2.98819e+01 8.29131e-03 | 1.25331e-02 1.07867e-01 1.39115e-01 |
   3605 | 2.98902e+01 8.29132e-03 | 1.25331e-02 1.07867e-01 1.39115e-01 |
   3606 | 2.98985e+01 8.29132e-03 | 1.25331e-02 1.07867e-01 1.39115e-01 |
   3607 | 2.99068e+01 8.29133e-03 | 1.25331e-02 1.07867e-01 1.39115e-01 |
   3608 | 2.99151e+01 8.29133e-03 | 1.25331e-02 1.07867e-01 1.39115e-01 |
   3609 | 2.99233e+01 8.29134e-03 | 1.25331e-02 1.07867e-01 1.39115e-01 |
   3610 | 2.99316e+01 8.29134e-03 | 1.25331e-02 1.07867e-01 1.39115e-01 |
   3611 | 2.99399e+01 8.29135e-03 | 1.25331e-02 1.07867e-01 1.39115e-01 |
   3612 | 2.99482e+01 8.29136e-03 | 1.25331e-02 1.07867e-01 1.39115e-01 |
   3613 | 2.99565e+01 8.29137e-03 | 1.25331e-02 1.07867e-01 1.39115e-01 |
   3614 | 2.99648e+01 8.29138e-03 | 1.25331e-02 1.07867e-01 1.39115e-01 |
   3615 | 2.99731e+01 8.29139e-03 | 1.25331e-02 1.07867e-01 1.39115e-01 |
   3616 | 2.99814e+01 8.29139e-03 | 1.25331e-02 1.07867e-01 1.39115e-01 |
   3617 | 2.99897e+01 8.29138e-03 | 1.25331e-02 1.07867e-01 1.39115e-01 |
   3618 | 2.99980e+01 8.29137e-03 | 1.25331e-02 1.07867e-01 1.39115e-01 |
   3619 | 3.00063e+01 8.29136e-03 | 1.25331e-02 1.07867e-01 1.39115e-01 |
   3620 | 3.00145e+01 8.29135e-03 | 1.25331e-02 1.07867e-01 1.39115e-01 |
   3621 | 3.00228e+01 8.29135e-03 | 1.25331e-02 1.07867e-01 1.39115e-01 |
   3622 | 3.00311e+01 8.29134e-03 | 1.25331e-02 1.07867e-01 1.39115e-01 |
   3623 | 3.00394e+01 8.29133e-03 | 1.25331e-02 1.07867e-01 1.39115e-01 |
   3624 | 3.00477e+01 8.29133e-03 | 1.25331e-02 1.07867e-01 1.39115e-01 |
   3625 | 3.00560e+01 8.29132e-03 | 1.25331e-02 1.07867e-01 1.39115e-01 |
   3626 | 3.00643e+01 8.29132e-03 | 1.25331e-02 1.07867e-01 1.39115e-01 |
   3627 | 3.00726e+01 8.29131e-03 | 1.25331e-02 1.07867e-01 1.39115e-01 |
   3628 | 3.00809e+01 8.29131e-03 | 1.25331e-02 1.07867e-01 1.39115e-01 |
   3629 | 3.00892e+01 8.29131e-03 | 1.25331e-02 1.07867e-01 1.39115e-01 |
   3630 | 3.00975e+01 8.29130e-03 | 1.25331e-02 1.07867e-01 1.39115e-01 |
   3631 | 3.01058e+01 8.29130e-03 | 1.25331e-02 1.07867e-01 1.39115e-01 |
   3632 | 3.01140e+01 8.29130e-03 | 1.25331e-02 1.07867e-01 1.39115e-01 |
   3633 | 3.01223e+01 8.29130e-03 | 1.25331e-02 1.07867e-01 1.39115e-01 |
   3634 | 3.01306e+01 8.29130e-03 | 1.25331e-02 1.07867e-01 1.39115e-01 |
   3635 | 3.01389e+01 8.29130e-03 | 1.25331e-02 1.07867e-01 1.39115e-01 |
   3636 | 3.01472e+01 8.29130e-03 | 1.25331e-02 1.07867e-01 1.39115e-01 |
   3637 | 3.01555e+01 8.29130e-03 | 1.25331e-02 1.07867e-01 1.39115e-01 |
   3638 | 3.01638e+01 8.29130e-03 | 1.25331e-02 1.07867e-01 1.39115e-01 |
   3639 | 3.01721e+01 8.29130e-03 | 1.25331e-02 1.07867e-01 1.39115e-01 |
   3640 | 3.01804e+01 8.29130e-03 | 1.25331e-02 1.07867e-01 1.39115e-01 |
   3641 | 3.01887e+01 8.29130e-03 | 1.25331e-02 1.07867e-01 1.39115e-01 |
   3642 | 3.01970e+01 8.29130e-03 | 1.25331e-02 1.07867e-01 1.39115e-01 |
   3643 | 3.02052e+01 8.29130e-03 | 1.25331e-02 1.07867e-01 1.39115e-01 |
   3644 | 3.02135e+01 8.29131e-03 | 1.25331e-02 1.07867e-01 1.39115e-01 |
   3645 | 3.02218e+01 8.29131e-03 | 1.25331e-02 1.07867e-01 1.39115e-01 |
   3646 | 3.02301e+01 8.29131e-03 | 1.25331e-02 1.07867e-01 1.39115e-01 |
   3647 | 3.02384e+01 8.29132e-03 | 1.25331e-02 1.07867e-01 1.39115e-01 |
   3648 | 3.02467e+01 8.29132e-03 | 1.25331e-02 1.07867e-01 1.39115e-01 |
   3649 | 3.02550e+01 8.29132e-03 | 1.25331e-02 1.07867e-01 1.39115e-01 |
   3650 | 3.02633e+01 8.29132e-03 | 1.25331e-02 1.07867e-01 1.39115e-01 |
   3651 | 3.02716e+01 8.29132e-03 | 1.25331e-02 1.07867e-01 1.39115e-01 |
   3652 | 3.02799e+01 8.29132e-03 | 1.25331e-02 1.07867e-01 1.39115e-01 |
   3653 | 3.02882e+01 8.29132e-03 | 1.25331e-02 1.07867e-01 1.39115e-01 |
   3654 | 3.02965e+01 8.29132e-03 | 1.25331e-02 1.07867e-01 1.39115e-01 |
   3655 | 3.03047e+01 8.29132e-03 | 1.25331e-02 1.07867e-01 1.39115e-01 |
   3656 | 3.03130e+01 8.29132e-03 | 1.25331e-02 1.07867e-01 1.39115e-01 |
   3657 | 3.03213e+01 8.29133e-03 | 1.25331e-02 1.07867e-01 1.39115e-01 |
   3658 | 3.03296e+01 8.29133e-03 | 1.25331e-02 1.07867e-01 1.39115e-01 |
   3659 | 3.03379e+01 8.29133e-03 | 1.25331e-02 1.07867e-01 1.39115e-01 |
   3660 | 3.03462e+01 8.29134e-03 | 1.25331e-02 1.07867e-01 1.39115e-01 |
   3661 | 3.03545e+01 8.29134e-03 | 1.25331e-02 1.07867e-01 1.39115e-01 |
   3662 | 3.03628e+01 8.29135e-03 | 1.25331e-02 1.07867e-01 1.39115e-01 |
   3663 | 3.03711e+01 8.29135e-03 | 1.25331e-02 1.07867e-01 1.39115e-01 |
   3664 | 3.03794e+01 8.29136e-03 | 1.25331e-02 1.07867e-01 1.39115e-01 |
   3665 | 3.03877e+01 8.29136e-03 | 1.25331e-02 1.07867e-01 1.39115e-01 |
   3666 | 3.03959e+01 8.29137e-03 | 1.25331e-02 1.07867e-01 1.39115e-01 |
   3667 | 3.04042e+01 8.29138e-03 | 1.25331e-02 1.07867e-01 1.39115e-01 |
   3668 | 3.04125e+01 8.29138e-03 | 1.25331e-02 1.07867e-01 1.39115e-01 |
   3669 | 3.04208e+01 8.29139e-03 | 1.25331e-02 1.07867e-01 1.39115e-01 |
   3670 | 3.04291e+01 8.29140e-03 | 1.25331e-02 1.07867e-01 1.39115e-01 |
   3671 | 3.04374e+01 8.29141e-03 | 1.25331e-02 1.07867e-01 1.39115e-01 |
   3672 | 3.04457e+01 8.29140e-03 | 1.25331e-02 1.07867e-01 1.39115e-01 |
   3673 | 3.04540e+01 8.29140e-03 | 1.25331e-02 1.07867e-01 1.39115e-01 |
   3674 | 3.04623e+01 8.29139e-03 | 1.25331e-02 1.07867e-01 1.39115e-01 |
   3675 | 3.04706e+01 8.29138e-03 | 1.25331e-02 1.07867e-01 1.39115e-01 |
   3676 | 3.04789e+01 8.29138e-03 | 1.25331e-02 1.07867e-01 1.39115e-01 |
   3677 | 3.04872e+01 8.29137e-03 | 1.25331e-02 1.07867e-01 1.39115e-01 |
   3678 | 3.04954e+01 8.29136e-03 | 1.25331e-02 1.07867e-01 1.39115e-01 |
   3679 | 3.05037e+01 8.29136e-03 | 1.25331e-02 1.07867e-01 1.39115e-01 |
   3680 | 3.05120e+01 8.29136e-03 | 1.25331e-02 1.07867e-01 1.39115e-01 |
   3681 | 3.05203e+01 8.29135e-03 | 1.25331e-02 1.07867e-01 1.39115e-01 |
   3682 | 3.05286e+01 8.29135e-03 | 1.25331e-02 1.07867e-01 1.39115e-01 |
   3683 | 3.05369e+01 8.29134e-03 | 1.25331e-02 1.07867e-01 1.39115e-01 |
   3684 | 3.05452e+01 8.29134e-03 | 1.25331e-02 1.07867e-01 1.39115e-01 |
   3685 | 3.05535e+01 8.29134e-03 | 1.25331e-02 1.07867e-01 1.39115e-01 |
   3686 | 3.05618e+01 8.29134e-03 | 1.25331e-02 1.07867e-01 1.39115e-01 |
   3687 | 3.05701e+01 8.29134e-03 | 1.25331e-02 1.07867e-01 1.39115e-01 |
   3688 | 3.05784e+01 8.29133e-03 | 1.25331e-02 1.07867e-01 1.39115e-01 |
   3689 | 3.05867e+01 8.29133e-03 | 1.25331e-02 1.07867e-01 1.39115e-01 |
   3690 | 3.05949e+01 8.29133e-03 | 1.25331e-02 1.07867e-01 1.39115e-01 |
   3691 | 3.06032e+01 8.29132e-03 | 1.25331e-02 1.07867e-01 1.39115e-01 |
   3692 | 3.06115e+01 8.29131e-03 | 1.25331e-02 1.07867e-01 1.39115e-01 |
   3693 | 3.06198e+01 8.29131e-03 | 1.25331e-02 1.07867e-01 1.39115e-01 |
   3694 | 3.06281e+01 8.29130e-03 | 1.25331e-02 1.07867e-01 1.39115e-01 |
   3695 | 3.06364e+01 8.29130e-03 | 1.25331e-02 1.07867e-01 1.39115e-01 |
   3696 | 3.06447e+01 8.29130e-03 | 1.25331e-02 1.07867e-01 1.39115e-01 |
   3697 | 3.06530e+01 8.29129e-03 | 1.25331e-02 1.07867e-01 1.39115e-01 |
   3698 | 3.06613e+01 8.29129e-03 | 1.25331e-02 1.07867e-01 1.39115e-01 |
   3699 | 3.06696e+01 8.29129e-03 | 1.25331e-02 1.07867e-01 1.39115e-01 |
   3700 | 3.06779e+01 8.29129e-03 | 1.25331e-02 1.07867e-01 1.39115e-01 |
   3701 | 3.06861e+01 8.29128e-03 | 1.25331e-02 1.07867e-01 1.39115e-01 |
   3702 | 3.06944e+01 8.29128e-03 | 1.25331e-02 1.07867e-01 1.39115e-01 |
   3703 | 3.07027e+01 8.29128e-03 | 1.25331e-02 1.07867e-01 1.39115e-01 |
   3704 | 3.07110e+01 8.29128e-03 | 1.25331e-02 1.07867e-01 1.39115e-01 |
   3705 | 3.07193e+01 8.29128e-03 | 1.25331e-02 1.07867e-01 1.39115e-01 |
   3706 | 3.07276e+01 8.29128e-03 | 1.25331e-02 1.07867e-01 1.39115e-01 |
   3707 | 3.07359e+01 8.29128e-03 | 1.25331e-02 1.07867e-01 1.39115e-01 |
   3708 | 3.07442e+01 8.29129e-03 | 1.25331e-02 1.07867e-01 1.39115e-01 |
   3709 | 3.07525e+01 8.29129e-03 | 1.25331e-02 1.07867e-01 1.39115e-01 |
   3710 | 3.07608e+01 8.29129e-03 | 1.25331e-02 1.07867e-01 1.39115e-01 |
   3711 | 3.07691e+01 8.29129e-03 | 1.25331e-02 1.07867e-01 1.39115e-01 |
   3712 | 3.07773e+01 8.29130e-03 | 1.25331e-02 1.07867e-01 1.39115e-01 |
   3713 | 3.07856e+01 8.29130e-03 | 1.25331e-02 1.07867e-01 1.39115e-01 |
   3714 | 3.07939e+01 8.29130e-03 | 1.25331e-02 1.07867e-01 1.39115e-01 |
   3715 | 3.08022e+01 8.29131e-03 | 1.25331e-02 1.07867e-01 1.39115e-01 |
   3716 | 3.08105e+01 8.29131e-03 | 1.25331e-02 1.07867e-01 1.39115e-01 |
   3717 | 3.08188e+01 8.29132e-03 | 1.25331e-02 1.07867e-01 1.39115e-01 |
   3718 | 3.08271e+01 8.29132e-03 | 1.25331e-02 1.07867e-01 1.39115e-01 |
   3719 | 3.08354e+01 8.29133e-03 | 1.25331e-02 1.07867e-01 1.39115e-01 |
   3720 | 3.08437e+01 8.29134e-03 | 1.25331e-02 1.07867e-01 1.39115e-01 |
   3721 | 3.08520e+01 8.29135e-03 | 1.25331e-02 1.07867e-01 1.39115e-01 |
   3722 | 3.08603e+01 8.29135e-03 | 1.25331e-02 1.07867e-01 1.39115e-01 |
   3723 | 3.08686e+01 8.29136e-03 | 1.25331e-02 1.07867e-01 1.39115e-01 |
   3724 | 3.08768e+01 8.29137e-03 | 1.25331e-02 1.07867e-01 1.39115e-01 |
   3725 | 3.08851e+01 8.29138e-03 | 1.25331e-02 1.07867e-01 1.39115e-01 |
   3726 | 3.08934e+01 8.29139e-03 | 1.25331e-02 1.07867e-01 1.39115e-01 |
   3727 | 3.09017e+01 8.29139e-03 | 1.25331e-02 1.07867e-01 1.39115e-01 |
   3728 | 3.09100e+01 8.29138e-03 | 1.25331e-02 1.07867e-01 1.39115e-01 |
   3729 | 3.09183e+01 8.29137e-03 | 1.25331e-02 1.07867e-01 1.39115e-01 |
   3730 | 3.09266e+01 8.29136e-03 | 1.25331e-02 1.07867e-01 1.39115e-01 |
   3731 | 3.09349e+01 8.29135e-03 | 1.25331e-02 1.07867e-01 1.39115e-01 |
   3732 | 3.09432e+01 8.29135e-03 | 1.25331e-02 1.07867e-01 1.39115e-01 |
   3733 | 3.09515e+01 8.29134e-03 | 1.25331e-02 1.07867e-01 1.39115e-01 |
   3734 | 3.09598e+01 8.29134e-03 | 1.25331e-02 1.07867e-01 1.39115e-01 |
   3735 | 3.09681e+01 8.29133e-03 | 1.25331e-02 1.07867e-01 1.39115e-01 |
   3736 | 3.09763e+01 8.29133e-03 | 1.25331e-02 1.07867e-01 1.39115e-01 |
   3737 | 3.09846e+01 8.29132e-03 | 1.25331e-02 1.07867e-01 1.39115e-01 |
   3738 | 3.09929e+01 8.29132e-03 | 1.25331e-02 1.07867e-01 1.39115e-01 |
   3739 | 3.10012e+01 8.29131e-03 | 1.25331e-02 1.07867e-01 1.39115e-01 |
   3740 | 3.10095e+01 8.29131e-03 | 1.25331e-02 1.07867e-01 1.39115e-01 |
   3741 | 3.10178e+01 8.29131e-03 | 1.25331e-02 1.07867e-01 1.39115e-01 |
   3742 | 3.10261e+01 8.29131e-03 | 1.25331e-02 1.07867e-01 1.39115e-01 |
   3743 | 3.10344e+01 8.29131e-03 | 1.25331e-02 1.07867e-01 1.39115e-01 |
   3744 | 3.10427e+01 8.29130e-03 | 1.25331e-02 1.07867e-01 1.39115e-01 |
   3745 | 3.10510e+01 8.29130e-03 | 1.25331e-02 1.07867e-01 1.39115e-01 |
   3746 | 3.10593e+01 8.29130e-03 | 1.25331e-02 1.07867e-01 1.39115e-01 |
   3747 | 3.10675e+01 8.29130e-03 | 1.25331e-02 1.07867e-01 1.39115e-01 |
   3748 | 3.10758e+01 8.29130e-03 | 1.25331e-02 1.07867e-01 1.39115e-01 |
   3749 | 3.10841e+01 8.29130e-03 | 1.25331e-02 1.07867e-01 1.39115e-01 |
   3750 | 3.10924e+01 8.29131e-03 | 1.25331e-02 1.07867e-01 1.39115e-01 |
   3751 | 3.11007e+01 8.29131e-03 | 1.25331e-02 1.07867e-01 1.39115e-01 |
   3752 | 3.11090e+01 8.29131e-03 | 1.25331e-02 1.07867e-01 1.39115e-01 |
   3753 | 3.11173e+01 8.29131e-03 | 1.25331e-02 1.07867e-01 1.39115e-01 |
   3754 | 3.11256e+01 8.29132e-03 | 1.25331e-02 1.07867e-01 1.39115e-01 |
   3755 | 3.11339e+01 8.29132e-03 | 1.25331e-02 1.07867e-01 1.39115e-01 |
   3756 | 3.11422e+01 8.29132e-03 | 1.25331e-02 1.07867e-01 1.39115e-01 |
   3757 | 3.11505e+01 8.29133e-03 | 1.25331e-02 1.07867e-01 1.39115e-01 |
   3758 | 3.11588e+01 8.29133e-03 | 1.25331e-02 1.07867e-01 1.39115e-01 |
   3759 | 3.11670e+01 8.29134e-03 | 1.25331e-02 1.07867e-01 1.39115e-01 |
   3760 | 3.11753e+01 8.29134e-03 | 1.25331e-02 1.07867e-01 1.39115e-01 |
   3761 | 3.11836e+01 8.29135e-03 | 1.25331e-02 1.07867e-01 1.39115e-01 |
   3762 | 3.11919e+01 8.29136e-03 | 1.25331e-02 1.07867e-01 1.39115e-01 |
   3763 | 3.12002e+01 8.29136e-03 | 1.25331e-02 1.07867e-01 1.39115e-01 |
   3764 | 3.12085e+01 8.29137e-03 | 1.25331e-02 1.07867e-01 1.39115e-01 |
   3765 | 3.12168e+01 8.29138e-03 | 1.25331e-02 1.07867e-01 1.39115e-01 |
   3766 | 3.12251e+01 8.29139e-03 | 1.25331e-02 1.07867e-01 1.39115e-01 |
   3767 | 3.12334e+01 8.29140e-03 | 1.25331e-02 1.07867e-01 1.39115e-01 |
   3768 | 3.12417e+01 8.29140e-03 | 1.25331e-02 1.07867e-01 1.39115e-01 |
   3769 | 3.12500e+01 8.29141e-03 | 1.25331e-02 1.07867e-01 1.39115e-01 |
   3770 | 3.12582e+01 8.29142e-03 | 1.25331e-02 1.07867e-01 1.39115e-01 |
   3771 | 3.12665e+01 8.29143e-03 | 1.25331e-02 1.07867e-01 1.39115e-01 |
   3772 | 3.12748e+01 8.29144e-03 | 1.25331e-02 1.07867e-01 1.39115e-01 |
   3773 | 3.12831e+01 8.29144e-03 | 1.25331e-02 1.07867e-01 1.39115e-01 |
   3774 | 3.12914e+01 8.29144e-03 | 1.25331e-02 1.07867e-01 1.39115e-01 |
   3775 | 3.12997e+01 8.29145e-03 | 1.25331e-02 1.07867e-01 1.39115e-01 |
   3776 | 3.13080e+01 8.29145e-03 | 1.25331e-02 1.07867e-01 1.39115e-01 |
   3777 | 3.13163e+01 8.29144e-03 | 1.25331e-02 1.07867e-01 1.39115e-01 |
   3778 | 3.13246e+01 8.29142e-03 | 1.25331e-02 1.07867e-01 1.39115e-01 |
   3779 | 3.13329e+01 8.29141e-03 | 1.25331e-02 1.07867e-01 1.39115e-01 |
   3780 | 3.13412e+01 8.29140e-03 | 1.25331e-02 1.07867e-01 1.39115e-01 |
   3781 | 3.13495e+01 8.29139e-03 | 1.25331e-02 1.07867e-01 1.39115e-01 |
   3782 | 3.13577e+01 8.29138e-03 | 1.25331e-02 1.07867e-01 1.39115e-01 |
   3783 | 3.13660e+01 8.29137e-03 | 1.25331e-02 1.07867e-01 1.39115e-01 |
   3784 | 3.13743e+01 8.29135e-03 | 1.25331e-02 1.07867e-01 1.39115e-01 |
   3785 | 3.13826e+01 8.29134e-03 | 1.25331e-02 1.07867e-01 1.39115e-01 |
   3786 | 3.13909e+01 8.29134e-03 | 1.25331e-02 1.07867e-01 1.39115e-01 |
   3787 | 3.13992e+01 8.29133e-03 | 1.25331e-02 1.07867e-01 1.39115e-01 |
   3788 | 3.14075e+01 8.29132e-03 | 1.25331e-02 1.07867e-01 1.39115e-01 |
   3789 | 3.14158e+01 8.29131e-03 | 1.25331e-02 1.07867e-01 1.39115e-01 |
   3790 | 3.14241e+01 8.29130e-03 | 1.25331e-02 1.07867e-01 1.39115e-01 |
   3791 | 3.14324e+01 8.29129e-03 | 1.25331e-02 1.07867e-01 1.39115e-01 |
   3792 | 3.14407e+01 8.29129e-03 | 1.25331e-02 1.07867e-01 1.39115e-01 |
   3793 | 3.14489e+01 8.29128e-03 | 1.25331e-02 1.07867e-01 1.39115e-01 |
   3794 | 3.14572e+01 8.29127e-03 | 1.25331e-02 1.07867e-01 1.39115e-01 |
   3795 | 3.14655e+01 8.29127e-03 | 1.25331e-02 1.07867e-01 1.39115e-01 |
   3796 | 3.14738e+01 8.29126e-03 | 1.25331e-02 1.07867e-01 1.39115e-01 |
   3797 | 3.14821e+01 8.29126e-03 | 1.25331e-02 1.07867e-01 1.39115e-01 |
   3798 | 3.14904e+01 8.29125e-03 | 1.25331e-02 1.07867e-01 1.39115e-01 |
   3799 | 3.14987e+01 8.29125e-03 | 1.25331e-02 1.07867e-01 1.39115e-01 |
   3800 | 3.15070e+01 8.29125e-03 | 1.25331e-02 1.07867e-01 1.39115e-01 |
   3801 | 3.15153e+01 8.29124e-03 | 1.25331e-02 1.07867e-01 1.39115e-01 |
   3802 | 3.15236e+01 8.29124e-03 | 1.25331e-02 1.07867e-01 1.39115e-01 |
   3803 | 3.15319e+01 8.29124e-03 | 1.25331e-02 1.07867e-01 1.39115e-01 |
   3804 | 3.15402e+01 8.29124e-03 | 1.25331e-02 1.07867e-01 1.39115e-01 |
   3805 | 3.15484e+01 8.29124e-03 | 1.25331e-02 1.07867e-01 1.39115e-01 |
   3806 | 3.15567e+01 8.29124e-03 | 1.25331e-02 1.07867e-01 1.39115e-01 |
   3807 | 3.15650e+01 8.29124e-03 | 1.25331e-02 1.07867e-01 1.39115e-01 |
   3808 | 3.15733e+01 8.29124e-03 | 1.25331e-02 1.07867e-01 1.39115e-01 |
   3809 | 3.15816e+01 8.29124e-03 | 1.25331e-02 1.07867e-01 1.39115e-01 |
   3810 | 3.15899e+01 8.29124e-03 | 1.25331e-02 1.07867e-01 1.39115e-01 |
   3811 | 3.15982e+01 8.29124e-03 | 1.25331e-02 1.07867e-01 1.39115e-01 |
   3812 | 3.16065e+01 8.29124e-03 | 1.25331e-02 1.07867e-01 1.39115e-01 |
   3813 | 3.16148e+01 8.29124e-03 | 1.25331e-02 1.07867e-01 1.39115e-01 |
   3814 | 3.16231e+01 8.29125e-03 | 1.25331e-02 1.07867e-01 1.39115e-01 |
   3815 | 3.16314e+01 8.29125e-03 | 1.25331e-02 1.07867e-01 1.39115e-01 |
   3816 | 3.16396e+01 8.29125e-03 | 1.25331e-02 1.07867e-01 1.39115e-01 |
   3817 | 3.16479e+01 8.29126e-03 | 1.25331e-02 1.07867e-01 1.39115e-01 |
   3818 | 3.16562e+01 8.29126e-03 | 1.25331e-02 1.07867e-01 1.39115e-01 |
   3819 | 3.16645e+01 8.29127e-03 | 1.25331e-02 1.07867e-01 1.39115e-01 |
   3820 | 3.16728e+01 8.29127e-03 | 1.25331e-02 1.07867e-01 1.39115e-01 |
   3821 | 3.16811e+01 8.29128e-03 | 1.25331e-02 1.07867e-01 1.39115e-01 |
   3822 | 3.16894e+01 8.29128e-03 | 1.25331e-02 1.07867e-01 1.39115e-01 |
   3823 | 3.16977e+01 8.29129e-03 | 1.25331e-02 1.07867e-01 1.39115e-01 |
   3824 | 3.17060e+01 8.29130e-03 | 1.25331e-02 1.07867e-01 1.39115e-01 |
   3825 | 3.17143e+01 8.29130e-03 | 1.25331e-02 1.07867e-01 1.39115e-01 |
   3826 | 3.17226e+01 8.29131e-03 | 1.25331e-02 1.07867e-01 1.39115e-01 |
   3827 | 3.17309e+01 8.29132e-03 | 1.25331e-02 1.07867e-01 1.39115e-01 |
   3828 | 3.17391e+01 8.29133e-03 | 1.25331e-02 1.07867e-01 1.39115e-01 |
   3829 | 3.17474e+01 8.29134e-03 | 1.25331e-02 1.07867e-01 1.39115e-01 |
   3830 | 3.17557e+01 8.29135e-03 | 1.25331e-02 1.07867e-01 1.39115e-01 |
   3831 | 3.17640e+01 8.29136e-03 | 1.25331e-02 1.07867e-01 1.39115e-01 |
   3832 | 3.17723e+01 8.29137e-03 | 1.25331e-02 1.07867e-01 1.39115e-01 |
   3833 | 3.17806e+01 8.29138e-03 | 1.25331e-02 1.07867e-01 1.39115e-01 |
   3834 | 3.17889e+01 8.29139e-03 | 1.25331e-02 1.07867e-01 1.39115e-01 |
   3835 | 3.17972e+01 8.29139e-03 | 1.25331e-02 1.07867e-01 1.39115e-01 |
   3836 | 3.18055e+01 8.29138e-03 | 1.25331e-02 1.07867e-01 1.39115e-01 |
   3837 | 3.18138e+01 8.29137e-03 | 1.25331e-02 1.07867e-01 1.39115e-01 |
   3838 | 3.18221e+01 8.29136e-03 | 1.25331e-02 1.07867e-01 1.39115e-01 |
   3839 | 3.18303e+01 8.29135e-03 | 1.25331e-02 1.07867e-01 1.39115e-01 |
   3840 | 3.18386e+01 8.29134e-03 | 1.25331e-02 1.07867e-01 1.39115e-01 |
   3841 | 3.18469e+01 8.29133e-03 | 1.25331e-02 1.07867e-01 1.39115e-01 |
   3842 | 3.18552e+01 8.29132e-03 | 1.25331e-02 1.07867e-01 1.39115e-01 |
   3843 | 3.18635e+01 8.29132e-03 | 1.25331e-02 1.07867e-01 1.39115e-01 |
   3844 | 3.18718e+01 8.29131e-03 | 1.25331e-02 1.07867e-01 1.39115e-01 |
   3845 | 3.18801e+01 8.29130e-03 | 1.25331e-02 1.07867e-01 1.39115e-01 |
   3846 | 3.18884e+01 8.29129e-03 | 1.25331e-02 1.07867e-01 1.39115e-01 |
   3847 | 3.18967e+01 8.29129e-03 | 1.25331e-02 1.07867e-01 1.39115e-01 |
   3848 | 3.19050e+01 8.29128e-03 | 1.25331e-02 1.07867e-01 1.39115e-01 |
   3849 | 3.19133e+01 8.29128e-03 | 1.25331e-02 1.07867e-01 1.39115e-01 |
   3850 | 3.19216e+01 8.29127e-03 | 1.25331e-02 1.07867e-01 1.39115e-01 |
   3851 | 3.19298e+01 8.29127e-03 | 1.25331e-02 1.07867e-01 1.39115e-01 |
   3852 | 3.19381e+01 8.29126e-03 | 1.25331e-02 1.07867e-01 1.39115e-01 |
   3853 | 3.19464e+01 8.29126e-03 | 1.25331e-02 1.07867e-01 1.39115e-01 |
   3854 | 3.19547e+01 8.29126e-03 | 1.25331e-02 1.07867e-01 1.39115e-01 |
   3855 | 3.19630e+01 8.29125e-03 | 1.25331e-02 1.07867e-01 1.39115e-01 |
   3856 | 3.19713e+01 8.29125e-03 | 1.25331e-02 1.07867e-01 1.39115e-01 |
   3857 | 3.19796e+01 8.29125e-03 | 1.25331e-02 1.07867e-01 1.39115e-01 |
   3858 | 3.19879e+01 8.29125e-03 | 1.25331e-02 1.07867e-01 1.39115e-01 |
   3859 | 3.19962e+01 8.29125e-03 | 1.25331e-02 1.07867e-01 1.39115e-01 |
   3860 | 3.20045e+01 8.29125e-03 | 1.25331e-02 1.07867e-01 1.39115e-01 |
   3861 | 3.20128e+01 8.29125e-03 | 1.25331e-02 1.07867e-01 1.39115e-01 |
   3862 | 3.20210e+01 8.29125e-03 | 1.25331e-02 1.07867e-01 1.39115e-01 |
   3863 | 3.20293e+01 8.29125e-03 | 1.25331e-02 1.07867e-01 1.39115e-01 |
   3864 | 3.20376e+01 8.29125e-03 | 1.25331e-02 1.07867e-01 1.39115e-01 |
   3865 | 3.20459e+01 8.29125e-03 | 1.25331e-02 1.07867e-01 1.39115e-01 |
   3866 | 3.20542e+01 8.29125e-03 | 1.25331e-02 1.07867e-01 1.39115e-01 |
   3867 | 3.20625e+01 8.29126e-03 | 1.25331e-02 1.07867e-01 1.39115e-01 |
   3868 | 3.20708e+01 8.29126e-03 | 1.25331e-02 1.07867e-01 1.39115e-01 |
   3869 | 3.20791e+01 8.29126e-03 | 1.25331e-02 1.07867e-01 1.39115e-01 |
   3870 | 3.20874e+01 8.29127e-03 | 1.25331e-02 1.07867e-01 1.39115e-01 |
   3871 | 3.20957e+01 8.29127e-03 | 1.25331e-02 1.07867e-01 1.39115e-01 |
   3872 | 3.21040e+01 8.29127e-03 | 1.25331e-02 1.07867e-01 1.39115e-01 |
   3873 | 3.21123e+01 8.29128e-03 | 1.25331e-02 1.07867e-01 1.39115e-01 |
   3874 | 3.21205e+01 8.29129e-03 | 1.25331e-02 1.07867e-01 1.39115e-01 |
   3875 | 3.21288e+01 8.29129e-03 | 1.25331e-02 1.07867e-01 1.39115e-01 |
   3876 | 3.21371e+01 8.29130e-03 | 1.25331e-02 1.07867e-01 1.39115e-01 |
   3877 | 3.21454e+01 8.29130e-03 | 1.25331e-02 1.07867e-01 1.39115e-01 |
   3878 | 3.21537e+01 8.29131e-03 | 1.25331e-02 1.07867e-01 1.39115e-01 |
   3879 | 3.21620e+01 8.29132e-03 | 1.25331e-02 1.07867e-01 1.39115e-01 |
   3880 | 3.21703e+01 8.29133e-03 | 1.25331e-02 1.07867e-01 1.39115e-01 |
   3881 | 3.21786e+01 8.29134e-03 | 1.25331e-02 1.07867e-01 1.39115e-01 |
   3882 | 3.21869e+01 8.29135e-03 | 1.25331e-02 1.07867e-01 1.39115e-01 |
   3883 | 3.21952e+01 8.29136e-03 | 1.25331e-02 1.07867e-01 1.39115e-01 |
   3884 | 3.22035e+01 8.29137e-03 | 1.25331e-02 1.07867e-01 1.39115e-01 |
   3885 | 3.22117e+01 8.29138e-03 | 1.25331e-02 1.07867e-01 1.39115e-01 |
   3886 | 3.22200e+01 8.29139e-03 | 1.25331e-02 1.07867e-01 1.39115e-01 |
   3887 | 3.22283e+01 8.29140e-03 | 1.25331e-02 1.07867e-01 1.39115e-01 |
   3888 | 3.22366e+01 8.29141e-03 | 1.25331e-02 1.07867e-01 1.39115e-01 |
   3889 | 3.22449e+01 8.29141e-03 | 1.25331e-02 1.07867e-01 1.39115e-01 |
   3890 | 3.22532e+01 8.29140e-03 | 1.25331e-02 1.07867e-01 1.39115e-01 |
   3891 | 3.22615e+01 8.29139e-03 | 1.25331e-02 1.07867e-01 1.39115e-01 |
   3892 | 3.22698e+01 8.29138e-03 | 1.25331e-02 1.07867e-01 1.39115e-01 |
   3893 | 3.22781e+01 8.29137e-03 | 1.25331e-02 1.07867e-01 1.39115e-01 |
   3894 | 3.22864e+01 8.29136e-03 | 1.25331e-02 1.07867e-01 1.39115e-01 |
   3895 | 3.22947e+01 8.29135e-03 | 1.25331e-02 1.07867e-01 1.39115e-01 |
   3896 | 3.23030e+01 8.29134e-03 | 1.25331e-02 1.07867e-01 1.39115e-01 |
   3897 | 3.23112e+01 8.29133e-03 | 1.25331e-02 1.07867e-01 1.39115e-01 |
   3898 | 3.23195e+01 8.29132e-03 | 1.25331e-02 1.07867e-01 1.39115e-01 |
   3899 | 3.23278e+01 8.29131e-03 | 1.25331e-02 1.07867e-01 1.39115e-01 |
   3900 | 3.23361e+01 8.29130e-03 | 1.25331e-02 1.07867e-01 1.39115e-01 |
   3901 | 3.23444e+01 8.29130e-03 | 1.25331e-02 1.07867e-01 1.39115e-01 |
   3902 | 3.23527e+01 8.29129e-03 | 1.25331e-02 1.07867e-01 1.39115e-01 |
   3903 | 3.23610e+01 8.29128e-03 | 1.25331e-02 1.07867e-01 1.39115e-01 |
   3904 | 3.23693e+01 8.29128e-03 | 1.25331e-02 1.07867e-01 1.39115e-01 |
   3905 | 3.23776e+01 8.29127e-03 | 1.25331e-02 1.07867e-01 1.39115e-01 |
   3906 | 3.23859e+01 8.29127e-03 | 1.25331e-02 1.07867e-01 1.39115e-01 |
   3907 | 3.23942e+01 8.29126e-03 | 1.25331e-02 1.07867e-01 1.39115e-01 |
   3908 | 3.24024e+01 8.29126e-03 | 1.25331e-02 1.07867e-01 1.39115e-01 |
   3909 | 3.24107e+01 8.29125e-03 | 1.25331e-02 1.07867e-01 1.39115e-01 |
   3910 | 3.24190e+01 8.29125e-03 | 1.25331e-02 1.07867e-01 1.39115e-01 |
   3911 | 3.24273e+01 8.29125e-03 | 1.25331e-02 1.07867e-01 1.39115e-01 |
   3912 | 3.24356e+01 8.29124e-03 | 1.25331e-02 1.07867e-01 1.39115e-01 |
   3913 | 3.24439e+01 8.29124e-03 | 1.25331e-02 1.07867e-01 1.39115e-01 |
   3914 | 3.24522e+01 8.29124e-03 | 1.25331e-02 1.07867e-01 1.39115e-01 |
   3915 | 3.24605e+01 8.29124e-03 | 1.25331e-02 1.07867e-01 1.39115e-01 |
   3916 | 3.24688e+01 8.29124e-03 | 1.25331e-02 1.07867e-01 1.39115e-01 |
   3917 | 3.24771e+01 8.29124e-03 | 1.25331e-02 1.07867e-01 1.39115e-01 |
   3918 | 3.24854e+01 8.29124e-03 | 1.25331e-02 1.07867e-01 1.39115e-01 |
   3919 | 3.24937e+01 8.29124e-03 | 1.25331e-02 1.07867e-01 1.39115e-01 |
   3920 | 3.25019e+01 8.29124e-03 | 1.25331e-02 1.07867e-01 1.39115e-01 |
   3921 | 3.25102e+01 8.29124e-03 | 1.25331e-02 1.07867e-01 1.39115e-01 |
   3922 | 3.25185e+01 8.29124e-03 | 1.25331e-02 1.07867e-01 1.39115e-01 |
   3923 | 3.25268e+01 8.29124e-03 | 1.25331e-02 1.07867e-01 1.39115e-01 |
   3924 | 3.25351e+01 8.29125e-03 | 1.25331e-02 1.07867e-01 1.39115e-01 |
   3925 | 3.25434e+01 8.29125e-03 | 1.25331e-02 1.07867e-01 1.39115e-01 |
   3926 | 3.25517e+01 8.29125e-03 | 1.25331e-02 1.07867e-01 1.39115e-01 |
   3927 | 3.25600e+01 8.29126e-03 | 1.25331e-02 1.07867e-01 1.39115e-01 |
   3928 | 3.25683e+01 8.29126e-03 | 1.25331e-02 1.07867e-01 1.39115e-01 |
   3929 | 3.25766e+01 8.29127e-03 | 1.25331e-02 1.07867e-01 1.39115e-01 |
   3930 | 3.25849e+01 8.29127e-03 | 1.25331e-02 1.07867e-01 1.39115e-01 |
   3931 | 3.25931e+01 8.29128e-03 | 1.25331e-02 1.07867e-01 1.39115e-01 |
   3932 | 3.26014e+01 8.29128e-03 | 1.25331e-02 1.07867e-01 1.39115e-01 |
   3933 | 3.26097e+01 8.29129e-03 | 1.25331e-02 1.07867e-01 1.39115e-01 |
   3934 | 3.26180e+01 8.29130e-03 | 1.25331e-02 1.07867e-01 1.39115e-01 |
   3935 | 3.26263e+01 8.29131e-03 | 1.25331e-02 1.07867e-01 1.39115e-01 |
   3936 | 3.26346e+01 8.29131e-03 | 1.25331e-02 1.07867e-01 1.39115e-01 |
   3937 | 3.26429e+01 8.29132e-03 | 1.25331e-02 1.07867e-01 1.39115e-01 |
   3938 | 3.26512e+01 8.29133e-03 | 1.25331e-02 1.07867e-01 1.39115e-01 |
   3939 | 3.26595e+01 8.29134e-03 | 1.25331e-02 1.07867e-01 1.39115e-01 |
   3940 | 3.26678e+01 8.29135e-03 | 1.25331e-02 1.07867e-01 1.39115e-01 |
   3941 | 3.26761e+01 8.29136e-03 | 1.25331e-02 1.07867e-01 1.39115e-01 |
   3942 | 3.26844e+01 8.29137e-03 | 1.25331e-02 1.07867e-01 1.39115e-01 |
   3943 | 3.26926e+01 8.29138e-03 | 1.25331e-02 1.07867e-01 1.39115e-01 |
   3944 | 3.27009e+01 8.29139e-03 | 1.25331e-02 1.07867e-01 1.39115e-01 |
   3945 | 3.27092e+01 8.29139e-03 | 1.25331e-02 1.07867e-01 1.39115e-01 |
   3946 | 3.27175e+01 8.29138e-03 | 1.25331e-02 1.07867e-01 1.39115e-01 |
   3947 | 3.27258e+01 8.29137e-03 | 1.25331e-02 1.07867e-01 1.39115e-01 |
   3948 | 3.27341e+01 8.29136e-03 | 1.25331e-02 1.07867e-01 1.39115e-01 |
   3949 | 3.27424e+01 8.29135e-03 | 1.25331e-02 1.07867e-01 1.39115e-01 |
   3950 | 3.27507e+01 8.29134e-03 | 1.25331e-02 1.07867e-01 1.39115e-01 |
   3951 | 3.27590e+01 8.29134e-03 | 1.25331e-02 1.07867e-01 1.39115e-01 |
   3952 | 3.27673e+01 8.29133e-03 | 1.25331e-02 1.07867e-01 1.39115e-01 |
   3953 | 3.27756e+01 8.29132e-03 | 1.25331e-02 1.07867e-01 1.39115e-01 |
   3954 | 3.27838e+01 8.29131e-03 | 1.25331e-02 1.07867e-01 1.39115e-01 |
   3955 | 3.27921e+01 8.29130e-03 | 1.25331e-02 1.07867e-01 1.39115e-01 |
   3956 | 3.28004e+01 8.29130e-03 | 1.25331e-02 1.07867e-01 1.39115e-01 |
   3957 | 3.28087e+01 8.29129e-03 | 1.25331e-02 1.07867e-01 1.39115e-01 |
   3958 | 3.28170e+01 8.29129e-03 | 1.25331e-02 1.07867e-01 1.39115e-01 |
   3959 | 3.28253e+01 8.29128e-03 | 1.25331e-02 1.07867e-01 1.39115e-01 |
   3960 | 3.28336e+01 8.29128e-03 | 1.25331e-02 1.07867e-01 1.39115e-01 |
   3961 | 3.28419e+01 8.29127e-03 | 1.25331e-02 1.07867e-01 1.39115e-01 |
   3962 | 3.28502e+01 8.29127e-03 | 1.25331e-02 1.07867e-01 1.39115e-01 |
   3963 | 3.28585e+01 8.29126e-03 | 1.25331e-02 1.07867e-01 1.39115e-01 |
   3964 | 3.28668e+01 8.29126e-03 | 1.25331e-02 1.07867e-01 1.39115e-01 |
   3965 | 3.28751e+01 8.29126e-03 | 1.25331e-02 1.07867e-01 1.39115e-01 |
   3966 | 3.28833e+01 8.29126e-03 | 1.25331e-02 1.07867e-01 1.39115e-01 |
   3967 | 3.28916e+01 8.29125e-03 | 1.25331e-02 1.07867e-01 1.39115e-01 |
   3968 | 3.28999e+01 8.29125e-03 | 1.25331e-02 1.07867e-01 1.39115e-01 |
   3969 | 3.29082e+01 8.29125e-03 | 1.25331e-02 1.07867e-01 1.39115e-01 |
   3970 | 3.29165e+01 8.29125e-03 | 1.25331e-02 1.07867e-01 1.39115e-01 |
   3971 | 3.29248e+01 8.29125e-03 | 1.25331e-02 1.07867e-01 1.39115e-01 |
   3972 | 3.29331e+01 8.29125e-03 | 1.25331e-02 1.07867e-01 1.39115e-01 |
   3973 | 3.29414e+01 8.29125e-03 | 1.25331e-02 1.07867e-01 1.39115e-01 |
   3974 | 3.29497e+01 8.29125e-03 | 1.25331e-02 1.07867e-01 1.39115e-01 |
   3975 | 3.29580e+01 8.29125e-03 | 1.25331e-02 1.07867e-01 1.39115e-01 |
   3976 | 3.29663e+01 8.29126e-03 | 1.25331e-02 1.07867e-01 1.39115e-01 |
   3977 | 3.29745e+01 8.29126e-03 | 1.25331e-02 1.07867e-01 1.39115e-01 |
   3978 | 3.29828e+01 8.29126e-03 | 1.25331e-02 1.07867e-01 1.39115e-01 |
   3979 | 3.29911e+01 8.29126e-03 | 1.25331e-02 1.07867e-01 1.39115e-01 |
   3980 | 3.29994e+01 8.29126e-03 | 1.25331e-02 1.07867e-01 1.39115e-01 |
   3981 | 3.30077e+01 8.29126e-03 | 1.25331e-02 1.07867e-01 1.39115e-01 |
   3982 | 3.30160e+01 8.29126e-03 | 1.25331e-02 1.07867e-01 1.39115e-01 |
   3983 | 3.30243e+01 8.29126e-03 | 1.25331e-02 1.07867e-01 1.39115e-01 |
   3984 | 3.30326e+01 8.29127e-03 | 1.25331e-02 1.07867e-01 1.39115e-01 |
   3985 | 3.30409e+01 8.29127e-03 | 1.25331e-02 1.07867e-01 1.39115e-01 |
   3986 | 3.30492e+01 8.29127e-03 | 1.25331e-02 1.07867e-01 1.39115e-01 |
   3987 | 3.30575e+01 8.29127e-03 | 1.25331e-02 1.07867e-01 1.39115e-01 |
   3988 | 3.30658e+01 8.29128e-03 | 1.25331e-02 1.07867e-01 1.39115e-01 |
   3989 | 3.30740e+01 8.29128e-03 | 1.25331e-02 1.07867e-01 1.39115e-01 |
   3990 | 3.30823e+01 8.29129e-03 | 1.25331e-02 1.07867e-01 1.39115e-01 |
   3991 | 3.30906e+01 8.29129e-03 | 1.25331e-02 1.07867e-01 1.39115e-01 |
   3992 | 3.30989e+01 8.29130e-03 | 1.25331e-02 1.07867e-01 1.39115e-01 |
   3993 | 3.31072e+01 8.29131e-03 | 1.25331e-02 1.07867e-01 1.39115e-01 |
   3994 | 3.31155e+01 8.29131e-03 | 1.25331e-02 1.07867e-01 1.39115e-01 |
   3995 | 3.31238e+01 8.29132e-03 | 1.25331e-02 1.07867e-01 1.39115e-01 |
   3996 | 3.31321e+01 8.29133e-03 | 1.25331e-02 1.07867e-01 1.39115e-01 |
   3997 | 3.31404e+01 8.29134e-03 | 1.25331e-02 1.07867e-01 1.39115e-01 |
   3998 | 3.31487e+01 8.29134e-03 | 1.25331e-02 1.07867e-01 1.39115e-01 |
   3999 | 3.31570e+01 8.29135e-03 | 1.25331e-02 1.07867e-01 1.39115e-01 |
   4000 | 3.31652e+01 8.29136e-03 | 1.25331e-02 1.07867e-01 1.39115e-01 |
   4001 | 3.31735e+01 8.29137e-03 | 1.25331e-02 1.07867e-01 1.39115e-01 |
   4002 | 3.31818e+01 8.29138e-03 | 1.25331e-02 1.07867e-01 1.39115e-01 |
   4003 | 3.31901e+01 8.29139e-03 | 1.25331e-02 1.07867e-01 1.39115e-01 |
   4004 | 3.31984e+01 8.29140e-03 | 1.25331e-02 1.07867e-01 1.39115e-01 |
   4005 | 3.32067e+01 8.29140e-03 | 1.25331e-02 1.07867e-01 1.39115e-01 |
   4006 | 3.32150e+01 8.29138e-03 | 1.25331e-02 1.07867e-01 1.39115e-01 |
   4007 | 3.32233e+01 8.29137e-03 | 1.25331e-02 1.07867e-01 1.39115e-01 |
   4008 | 3.32316e+01 8.29136e-03 | 1.25331e-02 1.07867e-01 1.39115e-01 |
   4009 | 3.32399e+01 8.29135e-03 | 1.25331e-02 1.07867e-01 1.39115e-01 |
   4010 | 3.32482e+01 8.29134e-03 | 1.25331e-02 1.07867e-01 1.39115e-01 |
   4011 | 3.32565e+01 8.29133e-03 | 1.25331e-02 1.07867e-01 1.39115e-01 |
   4012 | 3.32647e+01 8.29133e-03 | 1.25331e-02 1.07867e-01 1.39115e-01 |
   4013 | 3.32730e+01 8.29132e-03 | 1.25331e-02 1.07867e-01 1.39115e-01 |
   4014 | 3.32813e+01 8.29131e-03 | 1.25331e-02 1.07867e-01 1.39115e-01 |
   4015 | 3.32896e+01 8.29130e-03 | 1.25331e-02 1.07867e-01 1.39115e-01 |
   4016 | 3.32979e+01 8.29129e-03 | 1.25331e-02 1.07867e-01 1.39115e-01 |
   4017 | 3.33062e+01 8.29129e-03 | 1.25331e-02 1.07867e-01 1.39115e-01 |
   4018 | 3.33145e+01 8.29128e-03 | 1.25331e-02 1.07867e-01 1.39115e-01 |
   4019 | 3.33228e+01 8.29128e-03 | 1.25331e-02 1.07867e-01 1.39115e-01 |
   4020 | 3.33311e+01 8.29127e-03 | 1.25331e-02 1.07867e-01 1.39115e-01 |
   4021 | 3.33394e+01 8.29127e-03 | 1.25331e-02 1.07867e-01 1.39115e-01 |
   4022 | 3.33477e+01 8.29126e-03 | 1.25331e-02 1.07867e-01 1.39115e-01 |
   4023 | 3.33559e+01 8.29126e-03 | 1.25331e-02 1.07867e-01 1.39115e-01 |
   4024 | 3.33642e+01 8.29125e-03 | 1.25331e-02 1.07867e-01 1.39115e-01 |
   4025 | 3.33725e+01 8.29125e-03 | 1.25331e-02 1.07867e-01 1.39115e-01 |
   4026 | 3.33808e+01 8.29125e-03 | 1.25331e-02 1.07867e-01 1.39115e-01 |
   4027 | 3.33891e+01 8.29125e-03 | 1.25331e-02 1.07867e-01 1.39115e-01 |
   4028 | 3.33974e+01 8.29124e-03 | 1.25331e-02 1.07867e-01 1.39115e-01 |
   4029 | 3.34057e+01 8.29124e-03 | 1.25331e-02 1.07867e-01 1.39115e-01 |
   4030 | 3.34140e+01 8.29124e-03 | 1.25331e-02 1.07867e-01 1.39115e-01 |
   4031 | 3.34223e+01 8.29124e-03 | 1.25331e-02 1.07867e-01 1.39115e-01 |
   4032 | 3.34306e+01 8.29124e-03 | 1.25331e-02 1.07867e-01 1.39115e-01 |
   4033 | 3.34389e+01 8.29124e-03 | 1.25331e-02 1.07867e-01 1.39115e-01 |
   4034 | 3.34472e+01 8.29124e-03 | 1.25331e-02 1.07867e-01 1.39115e-01 |
   4035 | 3.34554e+01 8.29124e-03 | 1.25331e-02 1.07867e-01 1.39115e-01 |
   4036 | 3.34637e+01 8.29125e-03 | 1.25331e-02 1.07867e-01 1.39115e-01 |
   4037 | 3.34720e+01 8.29125e-03 | 1.25331e-02 1.07867e-01 1.39115e-01 |
   4038 | 3.34803e+01 8.29125e-03 | 1.25331e-02 1.07867e-01 1.39115e-01 |
   4039 | 3.34886e+01 8.29125e-03 | 1.25331e-02 1.07867e-01 1.39115e-01 |
   4040 | 3.34969e+01 8.29126e-03 | 1.25331e-02 1.07867e-01 1.39115e-01 |
   4041 | 3.35052e+01 8.29126e-03 | 1.25331e-02 1.07867e-01 1.39115e-01 |
   4042 | 3.35135e+01 8.29126e-03 | 1.25331e-02 1.07867e-01 1.39115e-01 |
   4043 | 3.35218e+01 8.29127e-03 | 1.25331e-02 1.07867e-01 1.39115e-01 |
   4044 | 3.35301e+01 8.29127e-03 | 1.25331e-02 1.07867e-01 1.39115e-01 |
   4045 | 3.35384e+01 8.29128e-03 | 1.25331e-02 1.07867e-01 1.39115e-01 |
   4046 | 3.35466e+01 8.29129e-03 | 1.25331e-02 1.07867e-01 1.39115e-01 |
   4047 | 3.35549e+01 8.29129e-03 | 1.25331e-02 1.07867e-01 1.39115e-01 |
   4048 | 3.35632e+01 8.29130e-03 | 1.25331e-02 1.07867e-01 1.39115e-01 |
   4049 | 3.35715e+01 8.29131e-03 | 1.25331e-02 1.07867e-01 1.39115e-01 |
   4050 | 3.35798e+01 8.29132e-03 | 1.25331e-02 1.07867e-01 1.39115e-01 |
   4051 | 3.35881e+01 8.29132e-03 | 1.25331e-02 1.07867e-01 1.39115e-01 |
   4052 | 3.35964e+01 8.29133e-03 | 1.25331e-02 1.07867e-01 1.39115e-01 |
   4053 | 3.36047e+01 8.29134e-03 | 1.25331e-02 1.07867e-01 1.39115e-01 |
   4054 | 3.36130e+01 8.29135e-03 | 1.25331e-02 1.07867e-01 1.39115e-01 |
   4055 | 3.36213e+01 8.29136e-03 | 1.25331e-02 1.07867e-01 1.39115e-01 |
   4056 | 3.36296e+01 8.29137e-03 | 1.25331e-02 1.07867e-01 1.39115e-01 |
   4057 | 3.36379e+01 8.29138e-03 | 1.25331e-02 1.07867e-01 1.39115e-01 |
   4058 | 3.36461e+01 8.29139e-03 | 1.25331e-02 1.07867e-01 1.39115e-01 |
   4059 | 3.36544e+01 8.29141e-03 | 1.25331e-02 1.07867e-01 1.39115e-01 |
   4060 | 3.36627e+01 8.29142e-03 | 1.25331e-02 1.07867e-01 1.39115e-01 |
   4061 | 3.36710e+01 8.29142e-03 | 1.25331e-02 1.07867e-01 1.39115e-01 |
   4062 | 3.36793e+01 8.29140e-03 | 1.25331e-02 1.07867e-01 1.39115e-01 |
   4063 | 3.36876e+01 8.29139e-03 | 1.25331e-02 1.07867e-01 1.39115e-01 |
   4064 | 3.36959e+01 8.29138e-03 | 1.25331e-02 1.07867e-01 1.39115e-01 |
   4065 | 3.37042e+01 8.29137e-03 | 1.25331e-02 1.07867e-01 1.39115e-01 |
   4066 | 3.37125e+01 8.29136e-03 | 1.25331e-02 1.07867e-01 1.39115e-01 |
   4067 | 3.37208e+01 8.29135e-03 | 1.25331e-02 1.07867e-01 1.39115e-01 |
   4068 | 3.37291e+01 8.29134e-03 | 1.25331e-02 1.07867e-01 1.39115e-01 |
   4069 | 3.37373e+01 8.29133e-03 | 1.25331e-02 1.07867e-01 1.39115e-01 |
   4070 | 3.37456e+01 8.29133e-03 | 1.25331e-02 1.07867e-01 1.39115e-01 |
   4071 | 3.37539e+01 8.29132e-03 | 1.25331e-02 1.07867e-01 1.39115e-01 |
   4072 | 3.37622e+01 8.29131e-03 | 1.25331e-02 1.07867e-01 1.39115e-01 |
   4073 | 3.37705e+01 8.29130e-03 | 1.25331e-02 1.07867e-01 1.39115e-01 |
   4074 | 3.37788e+01 8.29130e-03 | 1.25331e-02 1.07867e-01 1.39115e-01 |
   4075 | 3.37871e+01 8.29129e-03 | 1.25331e-02 1.07867e-01 1.39115e-01 |
   4076 | 3.37954e+01 8.29129e-03 | 1.25331e-02 1.07867e-01 1.39115e-01 |
   4077 | 3.38037e+01 8.29128e-03 | 1.25331e-02 1.07867e-01 1.39115e-01 |
   4078 | 3.38120e+01 8.29128e-03 | 1.25331e-02 1.07867e-01 1.39115e-01 |
   4079 | 3.38203e+01 8.29127e-03 | 1.25331e-02 1.07867e-01 1.39115e-01 |
   4080 | 3.38286e+01 8.29127e-03 | 1.25331e-02 1.07867e-01 1.39115e-01 |
   4081 | 3.38368e+01 8.29126e-03 | 1.25331e-02 1.07867e-01 1.39115e-01 |
   4082 | 3.38451e+01 8.29126e-03 | 1.25331e-02 1.07867e-01 1.39115e-01 |
   4083 | 3.38534e+01 8.29126e-03 | 1.25331e-02 1.07867e-01 1.39115e-01 |
   4084 | 3.38617e+01 8.29126e-03 | 1.25331e-02 1.07867e-01 1.39115e-01 |
   4085 | 3.38700e+01 8.29126e-03 | 1.25331e-02 1.07867e-01 1.39115e-01 |
   4086 | 3.38783e+01 8.29125e-03 | 1.25331e-02 1.07867e-01 1.39115e-01 |
   4087 | 3.38866e+01 8.29125e-03 | 1.25331e-02 1.07867e-01 1.39115e-01 |
   4088 | 3.38949e+01 8.29125e-03 | 1.25331e-02 1.07867e-01 1.39115e-01 |
   4089 | 3.39032e+01 8.29125e-03 | 1.25331e-02 1.07867e-01 1.39115e-01 |
   4090 | 3.39115e+01 8.29125e-03 | 1.25331e-02 1.07867e-01 1.39115e-01 |
   4091 | 3.39198e+01 8.29126e-03 | 1.25331e-02 1.07867e-01 1.39115e-01 |
   4092 | 3.39280e+01 8.29126e-03 | 1.25331e-02 1.07867e-01 1.39115e-01 |
   4093 | 3.39363e+01 8.29126e-03 | 1.25331e-02 1.07867e-01 1.39115e-01 |
   4094 | 3.39446e+01 8.29126e-03 | 1.25331e-02 1.07867e-01 1.39115e-01 |
   4095 | 3.39529e+01 8.29126e-03 | 1.25331e-02 1.07867e-01 1.39115e-01 |
   4096 | 3.39612e+01 8.29127e-03 | 1.25331e-02 1.07867e-01 1.39115e-01 |
   4097 | 3.39695e+01 8.29127e-03 | 1.25331e-02 1.07867e-01 1.39115e-01 |
   4098 | 3.39778e+01 8.29127e-03 | 1.25331e-02 1.07867e-01 1.39115e-01 |
   4099 | 3.39861e+01 8.29128e-03 | 1.25331e-02 1.07867e-01 1.39115e-01 |
   4100 | 3.39944e+01 8.29128e-03 | 1.25331e-02 1.07867e-01 1.39115e-01 |
   4101 | 3.40027e+01 8.29129e-03 | 1.25331e-02 1.07867e-01 1.39115e-01 |
   4102 | 3.40110e+01 8.29130e-03 | 1.25331e-02 1.07867e-01 1.39115e-01 |
   4103 | 3.40193e+01 8.29130e-03 | 1.25331e-02 1.07867e-01 1.39115e-01 |
   4104 | 3.40275e+01 8.29131e-03 | 1.25331e-02 1.07867e-01 1.39115e-01 |
   4105 | 3.40358e+01 8.29132e-03 | 1.25331e-02 1.07867e-01 1.39115e-01 |
   4106 | 3.40441e+01 8.29132e-03 | 1.25331e-02 1.07867e-01 1.39115e-01 |
   4107 | 3.40524e+01 8.29133e-03 | 1.25331e-02 1.07867e-01 1.39115e-01 |
   4108 | 3.40607e+01 8.29134e-03 | 1.25331e-02 1.07867e-01 1.39115e-01 |
   4109 | 3.40690e+01 8.29135e-03 | 1.25331e-02 1.07867e-01 1.39115e-01 |
   4110 | 3.40773e+01 8.29136e-03 | 1.25331e-02 1.07867e-01 1.39115e-01 |
   4111 | 3.40856e+01 8.29137e-03 | 1.25331e-02 1.07867e-01 1.39115e-01 |
   4112 | 3.40939e+01 8.29138e-03 | 1.25331e-02 1.07867e-01 1.39115e-01 |
   4113 | 3.41022e+01 8.29139e-03 | 1.25331e-02 1.07867e-01 1.39115e-01 |
   4114 | 3.41105e+01 8.29140e-03 | 1.25331e-02 1.07867e-01 1.39115e-01 |
   4115 | 3.41187e+01 8.29139e-03 | 1.25331e-02 1.07867e-01 1.39115e-01 |
   4116 | 3.41270e+01 8.29138e-03 | 1.25331e-02 1.07867e-01 1.39115e-01 |
   4117 | 3.41353e+01 8.29137e-03 | 1.25331e-02 1.07867e-01 1.39115e-01 |
   4118 | 3.41436e+01 8.29136e-03 | 1.25331e-02 1.07867e-01 1.39115e-01 |
   4119 | 3.41519e+01 8.29135e-03 | 1.25331e-02 1.07867e-01 1.39115e-01 |
   4120 | 3.41602e+01 8.29134e-03 | 1.25331e-02 1.07867e-01 1.39115e-01 |
   4121 | 3.41685e+01 8.29133e-03 | 1.25331e-02 1.07867e-01 1.39115e-01 |
   4122 | 3.41768e+01 8.29132e-03 | 1.25331e-02 1.07867e-01 1.39115e-01 |
   4123 | 3.41851e+01 8.29131e-03 | 1.25331e-02 1.07867e-01 1.39115e-01 |
   4124 | 3.41934e+01 8.29131e-03 | 1.25331e-02 1.07867e-01 1.39115e-01 |
   4125 | 3.42017e+01 8.29130e-03 | 1.25331e-02 1.07867e-01 1.39115e-01 |
   4126 | 3.42100e+01 8.29129e-03 | 1.25331e-02 1.07867e-01 1.39115e-01 |
   4127 | 3.42182e+01 8.29129e-03 | 1.25331e-02 1.07867e-01 1.39115e-01 |
   4128 | 3.42265e+01 8.29128e-03 | 1.25331e-02 1.07867e-01 1.39115e-01 |
   4129 | 3.42348e+01 8.29127e-03 | 1.25331e-02 1.07867e-01 1.39115e-01 |
   4130 | 3.42431e+01 8.29127e-03 | 1.25331e-02 1.07867e-01 1.39115e-01 |
   4131 | 3.42514e+01 8.29126e-03 | 1.25331e-02 1.07867e-01 1.39115e-01 |
   4132 | 3.42597e+01 8.29126e-03 | 1.25331e-02 1.07867e-01 1.39115e-01 |
   4133 | 3.42680e+01 8.29125e-03 | 1.25331e-02 1.07867e-01 1.39115e-01 |
   4134 | 3.42763e+01 8.29125e-03 | 1.25331e-02 1.07867e-01 1.39115e-01 |
   4135 | 3.42846e+01 8.29125e-03 | 1.25331e-02 1.07867e-01 1.39115e-01 |
   4136 | 3.42929e+01 8.29125e-03 | 1.25331e-02 1.07867e-01 1.39115e-01 |
   4137 | 3.43012e+01 8.29124e-03 | 1.25331e-02 1.07867e-01 1.39115e-01 |
   4138 | 3.43094e+01 8.29124e-03 | 1.25331e-02 1.07867e-01 1.39115e-01 |
   4139 | 3.43177e+01 8.29124e-03 | 1.25331e-02 1.07867e-01 1.39115e-01 |
   4140 | 3.43260e+01 8.29124e-03 | 1.25331e-02 1.07867e-01 1.39115e-01 |
   4141 | 3.43343e+01 8.29124e-03 | 1.25331e-02 1.07867e-01 1.39115e-01 |
   4142 | 3.43426e+01 8.29124e-03 | 1.25331e-02 1.07867e-01 1.39115e-01 |
   4143 | 3.43509e+01 8.29124e-03 | 1.25331e-02 1.07867e-01 1.39115e-01 |
   4144 | 3.43592e+01 8.29124e-03 | 1.25331e-02 1.07867e-01 1.39115e-01 |
   4145 | 3.43675e+01 8.29124e-03 | 1.25331e-02 1.07867e-01 1.39115e-01 |
   4146 | 3.43758e+01 8.29124e-03 | 1.25331e-02 1.07867e-01 1.39115e-01 |
   4147 | 3.43841e+01 8.29125e-03 | 1.25331e-02 1.07867e-01 1.39115e-01 |
   4148 | 3.43924e+01 8.29125e-03 | 1.25331e-02 1.07867e-01 1.39115e-01 |
   4149 | 3.44007e+01 8.29125e-03 | 1.25331e-02 1.07867e-01 1.39115e-01 |
   4150 | 3.44089e+01 8.29125e-03 | 1.25331e-02 1.07867e-01 1.39115e-01 |
   4151 | 3.44172e+01 8.29126e-03 | 1.25331e-02 1.07867e-01 1.39115e-01 |
   4152 | 3.44255e+01 8.29126e-03 | 1.25331e-02 1.07867e-01 1.39115e-01 |
   4153 | 3.44338e+01 8.29127e-03 | 1.25331e-02 1.07867e-01 1.39115e-01 |
   4154 | 3.44421e+01 8.29127e-03 | 1.25331e-02 1.07867e-01 1.39115e-01 |
   4155 | 3.44504e+01 8.29128e-03 | 1.25331e-02 1.07867e-01 1.39115e-01 |
   4156 | 3.44587e+01 8.29128e-03 | 1.25331e-02 1.07867e-01 1.39115e-01 |
   4157 | 3.44670e+01 8.29129e-03 | 1.25331e-02 1.07867e-01 1.39115e-01 |
   4158 | 3.44753e+01 8.29130e-03 | 1.25331e-02 1.07867e-01 1.39115e-01 |
   4159 | 3.44836e+01 8.29131e-03 | 1.25331e-02 1.07867e-01 1.39115e-01 |
   4160 | 3.44919e+01 8.29131e-03 | 1.25331e-02 1.07867e-01 1.39115e-01 |
   4161 | 3.45001e+01 8.29132e-03 | 1.25331e-02 1.07867e-01 1.39115e-01 |
   4162 | 3.45084e+01 8.29133e-03 | 1.25331e-02 1.07867e-01 1.39115e-01 |
   4163 | 3.45167e+01 8.29134e-03 | 1.25331e-02 1.07867e-01 1.39115e-01 |
   4164 | 3.45250e+01 8.29135e-03 | 1.25331e-02 1.07867e-01 1.39115e-01 |
   4165 | 3.45333e+01 8.29136e-03 | 1.25331e-02 1.07867e-01 1.39115e-01 |
   4166 | 3.45416e+01 8.29137e-03 | 1.25331e-02 1.07867e-01 1.39115e-01 |
   4167 | 3.45499e+01 8.29138e-03 | 1.25331e-02 1.07867e-01 1.39115e-01 |
   4168 | 3.45582e+01 8.29139e-03 | 1.25331e-02 1.07867e-01 1.39115e-01 |
   4169 | 3.45665e+01 8.29140e-03 | 1.25331e-02 1.07867e-01 1.39115e-01 |
   4170 | 3.45748e+01 8.29142e-03 | 1.25331e-02 1.07867e-01 1.39115e-01 |
   4171 | 3.45831e+01 8.29143e-03 | 1.25331e-02 1.07867e-01 1.39115e-01 |
   4172 | 3.45914e+01 8.29143e-03 | 1.25331e-02 1.07867e-01 1.39115e-01 |
   4173 | 3.45996e+01 8.29143e-03 | 1.25331e-02 1.07867e-01 1.39115e-01 |
   4174 | 3.46079e+01 8.29142e-03 | 1.25331e-02 1.07867e-01 1.39115e-01 |
   4175 | 3.46162e+01 8.29142e-03 | 1.25331e-02 1.07867e-01 1.39115e-01 |
   4176 | 3.46245e+01 8.29142e-03 | 1.25331e-02 1.07867e-01 1.39115e-01 |
   4177 | 3.46328e+01 8.29141e-03 | 1.25331e-02 1.07867e-01 1.39115e-01 |
   4178 | 3.46411e+01 8.29141e-03 | 1.25331e-02 1.07867e-01 1.39115e-01 |
   4179 | 3.46494e+01 8.29141e-03 | 1.25331e-02 1.07867e-01 1.39115e-01 |
   4180 | 3.46577e+01 8.29141e-03 | 1.25331e-02 1.07867e-01 1.39115e-01 |
   4181 | 3.46660e+01 8.29140e-03 | 1.25331e-02 1.07867e-01 1.39115e-01 |
   4182 | 3.46743e+01 8.29140e-03 | 1.25331e-02 1.07867e-01 1.39115e-01 |
   4183 | 3.46826e+01 8.29140e-03 | 1.25331e-02 1.07867e-01 1.39115e-01 |
   4184 | 3.46908e+01 8.29139e-03 | 1.25331e-02 1.07867e-01 1.39115e-01 |
   4185 | 3.46991e+01 8.29139e-03 | 1.25331e-02 1.07867e-01 1.39115e-01 |
   4186 | 3.47074e+01 8.29138e-03 | 1.25331e-02 1.07867e-01 1.39115e-01 |
   4187 | 3.47157e+01 8.29137e-03 | 1.25331e-02 1.07867e-01 1.39115e-01 |
   4188 | 3.47240e+01 8.29136e-03 | 1.25331e-02 1.07867e-01 1.39115e-01 |
   4189 | 3.47323e+01 8.29136e-03 | 1.25331e-02 1.07867e-01 1.39115e-01 |
   4190 | 3.47406e+01 8.29135e-03 | 1.25331e-02 1.07867e-01 1.39115e-01 |
   4191 | 3.47489e+01 8.29135e-03 | 1.25331e-02 1.07867e-01 1.39115e-01 |
   4192 | 3.47572e+01 8.29134e-03 | 1.25331e-02 1.07867e-01 1.39115e-01 |
   4193 | 3.47655e+01 8.29134e-03 | 1.25331e-02 1.07867e-01 1.39115e-01 |
   4194 | 3.47738e+01 8.29133e-03 | 1.25331e-02 1.07867e-01 1.39115e-01 |
   4195 | 3.47821e+01 8.29133e-03 | 1.25331e-02 1.07867e-01 1.39115e-01 |
   4196 | 3.47903e+01 8.29133e-03 | 1.25331e-02 1.07867e-01 1.39115e-01 |
   4197 | 3.47986e+01 8.29132e-03 | 1.25331e-02 1.07867e-01 1.39115e-01 |
   4198 | 3.48069e+01 8.29132e-03 | 1.25331e-02 1.07867e-01 1.39115e-01 |
   4199 | 3.48152e+01 8.29132e-03 | 1.25331e-02 1.07867e-01 1.39115e-01 |
   4200 | 3.48235e+01 8.29132e-03 | 1.25331e-02 1.07867e-01 1.39115e-01 |
   4201 | 3.48318e+01 8.29132e-03 | 1.25331e-02 1.07867e-01 1.39115e-01 |
   4202 | 3.48401e+01 8.29132e-03 | 1.25331e-02 1.07867e-01 1.39115e-01 |
   4203 | 3.48484e+01 8.29132e-03 | 1.25331e-02 1.07867e-01 1.39115e-01 |
   4204 | 3.48567e+01 8.29132e-03 | 1.25331e-02 1.07867e-01 1.39115e-01 |
   4205 | 3.48650e+01 8.29132e-03 | 1.25331e-02 1.07867e-01 1.39115e-01 |
   4206 | 3.48733e+01 8.29132e-03 | 1.25331e-02 1.07867e-01 1.39115e-01 |
   4207 | 3.48815e+01 8.29132e-03 | 1.25331e-02 1.07867e-01 1.39115e-01 |
   4208 | 3.48898e+01 8.29132e-03 | 1.25331e-02 1.07867e-01 1.39115e-01 |
   4209 | 3.48981e+01 8.29133e-03 | 1.25331e-02 1.07867e-01 1.39115e-01 |
   4210 | 3.49064e+01 8.29133e-03 | 1.25331e-02 1.07867e-01 1.39115e-01 |
   4211 | 3.49147e+01 8.29133e-03 | 1.25331e-02 1.07867e-01 1.39115e-01 |
   4212 | 3.49230e+01 8.29134e-03 | 1.25331e-02 1.07867e-01 1.39115e-01 |
   4213 | 3.49313e+01 8.29134e-03 | 1.25331e-02 1.07867e-01 1.39115e-01 |
   4214 | 3.49396e+01 8.29135e-03 | 1.25331e-02 1.07867e-01 1.39115e-01 |
   4215 | 3.49479e+01 8.29135e-03 | 1.25331e-02 1.07867e-01 1.39115e-01 |
   4216 | 3.49562e+01 8.29136e-03 | 1.25331e-02 1.07867e-01 1.39115e-01 |
   4217 | 3.49645e+01 8.29136e-03 | 1.25331e-02 1.07867e-01 1.39115e-01 |
   4218 | 3.49728e+01 8.29137e-03 | 1.25331e-02 1.07867e-01 1.39115e-01 |
   4219 | 3.49810e+01 8.29138e-03 | 1.25331e-02 1.07867e-01 1.39115e-01 |
   4220 | 3.49893e+01 8.29138e-03 | 1.25331e-02 1.07867e-01 1.39115e-01 |
   4221 | 3.49976e+01 8.29139e-03 | 1.25331e-02 1.07867e-01 1.39115e-01 |
   4222 | 3.50059e+01 8.29139e-03 | 1.25331e-02 1.07867e-01 1.39115e-01 |
   4223 | 3.50142e+01 8.29138e-03 | 1.25331e-02 1.07867e-01 1.39115e-01 |
   4224 | 3.50225e+01 8.29137e-03 | 1.25331e-02 1.07867e-01 1.39115e-01 |
   4225 | 3.50308e+01 8.29136e-03 | 1.25331e-02 1.07867e-01 1.39115e-01 |
   4226 | 3.50391e+01 8.29135e-03 | 1.25331e-02 1.07867e-01 1.39115e-01 |
   4227 | 3.50474e+01 8.29134e-03 | 1.25331e-02 1.07867e-01 1.39115e-01 |
   4228 | 3.50557e+01 8.29133e-03 | 1.25331e-02 1.07867e-01 1.39115e-01 |
   4229 | 3.50640e+01 8.29133e-03 | 1.25331e-02 1.07867e-01 1.39115e-01 |
   4230 | 3.50722e+01 8.29132e-03 | 1.25331e-02 1.07867e-01 1.39115e-01 |
   4231 | 3.50805e+01 8.29131e-03 | 1.25331e-02 1.07867e-01 1.39115e-01 |
   4232 | 3.50888e+01 8.29131e-03 | 1.25331e-02 1.07867e-01 1.39115e-01 |
   4233 | 3.50971e+01 8.29130e-03 | 1.25331e-02 1.07867e-01 1.39115e-01 |
   4234 | 3.51054e+01 8.29130e-03 | 1.25331e-02 1.07867e-01 1.39115e-01 |
   4235 | 3.51137e+01 8.29129e-03 | 1.25331e-02 1.07867e-01 1.39115e-01 |
   4236 | 3.51220e+01 8.29129e-03 | 1.25331e-02 1.07867e-01 1.39115e-01 |
   4237 | 3.51303e+01 8.29128e-03 | 1.25331e-02 1.07867e-01 1.39115e-01 |
   4238 | 3.51386e+01 8.29128e-03 | 1.25331e-02 1.07867e-01 1.39115e-01 |
   4239 | 3.51469e+01 8.29128e-03 | 1.25331e-02 1.07867e-01 1.39115e-01 |
   4240 | 3.51552e+01 8.29128e-03 | 1.25331e-02 1.07867e-01 1.39115e-01 |
   4241 | 3.51635e+01 8.29127e-03 | 1.25331e-02 1.07867e-01 1.39115e-01 |
   4242 | 3.51717e+01 8.29127e-03 | 1.25331e-02 1.07867e-01 1.39115e-01 |
   4243 | 3.51800e+01 8.29127e-03 | 1.25331e-02 1.07867e-01 1.39115e-01 |
   4244 | 3.51883e+01 8.29127e-03 | 1.25331e-02 1.07867e-01 1.39115e-01 |
   4245 | 3.51966e+01 8.29127e-03 | 1.25331e-02 1.07867e-01 1.39115e-01 |
   4246 | 3.52049e+01 8.29127e-03 | 1.25331e-02 1.07867e-01 1.39115e-01 |
   4247 | 3.52132e+01 8.29127e-03 | 1.25331e-02 1.07867e-01 1.39115e-01 |
   4248 | 3.52215e+01 8.29127e-03 | 1.25331e-02 1.07867e-01 1.39115e-01 |
   4249 | 3.52298e+01 8.29127e-03 | 1.25331e-02 1.07867e-01 1.39115e-01 |
   4250 | 3.52381e+01 8.29128e-03 | 1.25331e-02 1.07867e-01 1.39115e-01 |
   4251 | 3.52464e+01 8.29128e-03 | 1.25331e-02 1.07867e-01 1.39115e-01 |
   4252 | 3.52547e+01 8.29128e-03 | 1.25331e-02 1.07867e-01 1.39115e-01 |
   4253 | 3.52629e+01 8.29129e-03 | 1.25331e-02 1.07867e-01 1.39115e-01 |
   4254 | 3.52712e+01 8.29129e-03 | 1.25331e-02 1.07867e-01 1.39115e-01 |
   4255 | 3.52795e+01 8.29129e-03 | 1.25331e-02 1.07867e-01 1.39115e-01 |
   4256 | 3.52878e+01 8.29130e-03 | 1.25331e-02 1.07867e-01 1.39115e-01 |
   4257 | 3.52961e+01 8.29130e-03 | 1.25331e-02 1.07867e-01 1.39115e-01 |
   4258 | 3.53044e+01 8.29131e-03 | 1.25331e-02 1.07867e-01 1.39115e-01 |
   4259 | 3.53127e+01 8.29131e-03 | 1.25331e-02 1.07867e-01 1.39115e-01 |
   4260 | 3.53210e+01 8.29132e-03 | 1.25331e-02 1.07867e-01 1.39115e-01 |
   4261 | 3.53293e+01 8.29133e-03 | 1.25331e-02 1.07867e-01 1.39115e-01 |
   4262 | 3.53376e+01 8.29133e-03 | 1.25331e-02 1.07867e-01 1.39115e-01 |
   4263 | 3.53459e+01 8.29134e-03 | 1.25331e-02 1.07867e-01 1.39115e-01 |
   4264 | 3.53542e+01 8.29135e-03 | 1.25331e-02 1.07867e-01 1.39115e-01 |
   4265 | 3.53624e+01 8.29136e-03 | 1.25331e-02 1.07867e-01 1.39115e-01 |
   4266 | 3.53707e+01 8.29136e-03 | 1.25331e-02 1.07867e-01 1.39115e-01 |
   4267 | 3.53790e+01 8.29137e-03 | 1.25331e-02 1.07867e-01 1.39115e-01 |
   4268 | 3.53873e+01 8.29137e-03 | 1.25331e-02 1.07867e-01 1.39115e-01 |
   4269 | 3.53956e+01 8.29137e-03 | 1.25331e-02 1.07867e-01 1.39115e-01 |
   4270 | 3.54039e+01 8.29138e-03 | 1.25331e-02 1.07867e-01 1.39115e-01 |
   4271 | 3.54122e+01 8.29138e-03 | 1.25331e-02 1.07867e-01 1.39115e-01 |
   4272 | 3.54205e+01 8.29139e-03 | 1.25331e-02 1.07867e-01 1.39115e-01 |
   4273 | 3.54288e+01 8.29139e-03 | 1.25331e-02 1.07867e-01 1.39115e-01 |
   4274 | 3.54371e+01 8.29140e-03 | 1.25331e-02 1.07867e-01 1.39115e-01 |
   4275 | 3.54454e+01 8.29141e-03 | 1.25331e-02 1.07867e-01 1.39115e-01 |
   4276 | 3.54537e+01 8.29141e-03 | 1.25331e-02 1.07867e-01 1.39115e-01 |
   4277 | 3.54619e+01 8.29140e-03 | 1.25331e-02 1.07867e-01 1.39115e-01 |
   4278 | 3.54702e+01 8.29139e-03 | 1.25331e-02 1.07867e-01 1.39115e-01 |
   4279 | 3.54785e+01 8.29138e-03 | 1.25331e-02 1.07867e-01 1.39115e-01 |
   4280 | 3.54868e+01 8.29138e-03 | 1.25331e-02 1.07867e-01 1.39115e-01 |
   4281 | 3.54951e+01 8.29137e-03 | 1.25331e-02 1.07867e-01 1.39115e-01 |
   4282 | 3.55034e+01 8.29136e-03 | 1.25331e-02 1.07867e-01 1.39115e-01 |
   4283 | 3.55117e+01 8.29135e-03 | 1.25331e-02 1.07867e-01 1.39115e-01 |
   4284 | 3.55200e+01 8.29135e-03 | 1.25331e-02 1.07867e-01 1.39115e-01 |
   4285 | 3.55283e+01 8.29134e-03 | 1.25331e-02 1.07867e-01 1.39115e-01 |
   4286 | 3.55366e+01 8.29134e-03 | 1.25331e-02 1.07867e-01 1.39115e-01 |
   4287 | 3.55449e+01 8.29133e-03 | 1.25331e-02 1.07867e-01 1.39115e-01 |
   4288 | 3.55531e+01 8.29133e-03 | 1.25331e-02 1.07867e-01 1.39115e-01 |
   4289 | 3.55614e+01 8.29132e-03 | 1.25331e-02 1.07867e-01 1.39115e-01 |
   4290 | 3.55697e+01 8.29132e-03 | 1.25331e-02 1.07867e-01 1.39115e-01 |
   4291 | 3.55780e+01 8.29131e-03 | 1.25331e-02 1.07867e-01 1.39115e-01 |
   4292 | 3.55863e+01 8.29131e-03 | 1.25331e-02 1.07867e-01 1.39115e-01 |
   4293 | 3.55946e+01 8.29131e-03 | 1.25331e-02 1.07867e-01 1.39115e-01 |
   4294 | 3.56029e+01 8.29131e-03 | 1.25331e-02 1.07867e-01 1.39115e-01 |
   4295 | 3.56112e+01 8.29130e-03 | 1.25331e-02 1.07867e-01 1.39115e-01 |
   4296 | 3.56195e+01 8.29130e-03 | 1.25331e-02 1.07867e-01 1.39115e-01 |
   4297 | 3.56278e+01 8.29130e-03 | 1.25331e-02 1.07867e-01 1.39115e-01 |
   4298 | 3.56361e+01 8.29130e-03 | 1.25331e-02 1.07867e-01 1.39115e-01 |
   4299 | 3.56444e+01 8.29130e-03 | 1.25331e-02 1.07867e-01 1.39115e-01 |
   4300 | 3.56526e+01 8.29130e-03 | 1.25331e-02 1.07867e-01 1.39115e-01 |
   4301 | 3.56609e+01 8.29130e-03 | 1.25331e-02 1.07867e-01 1.39115e-01 |
   4302 | 3.56692e+01 8.29131e-03 | 1.25331e-02 1.07867e-01 1.39115e-01 |
   4303 | 3.56775e+01 8.29131e-03 | 1.25331e-02 1.07867e-01 1.39115e-01 |
   4304 | 3.56858e+01 8.29131e-03 | 1.25331e-02 1.07867e-01 1.39115e-01 |
   4305 | 3.56941e+01 8.29131e-03 | 1.25331e-02 1.07867e-01 1.39115e-01 |
   4306 | 3.57024e+01 8.29132e-03 | 1.25331e-02 1.07867e-01 1.39115e-01 |
   4307 | 3.57107e+01 8.29132e-03 | 1.25331e-02 1.07867e-01 1.39115e-01 |
   4308 | 3.57190e+01 8.29131e-03 | 1.25331e-02 1.07867e-01 1.39115e-01 |
   4309 | 3.57273e+01 8.29131e-03 | 1.25331e-02 1.07867e-01 1.39115e-01 |
   4310 | 3.57356e+01 8.29131e-03 | 1.25331e-02 1.07867e-01 1.39115e-01 |
   4311 | 3.57438e+01 8.29131e-03 | 1.25331e-02 1.07867e-01 1.39115e-01 |
   4312 | 3.57521e+01 8.29131e-03 | 1.25331e-02 1.07867e-01 1.39115e-01 |
   4313 | 3.57604e+01 8.29131e-03 | 1.25331e-02 1.07867e-01 1.39115e-01 |
   4314 | 3.57687e+01 8.29131e-03 | 1.25331e-02 1.07867e-01 1.39115e-01 |
   4315 | 3.57770e+01 8.29131e-03 | 1.25331e-02 1.07867e-01 1.39115e-01 |
   4316 | 3.57853e+01 8.29131e-03 | 1.25331e-02 1.07867e-01 1.39115e-01 |
   4317 | 3.57936e+01 8.29131e-03 | 1.25331e-02 1.07867e-01 1.39115e-01 |
   4318 | 3.58019e+01 8.29132e-03 | 1.25331e-02 1.07867e-01 1.39115e-01 |
   4319 | 3.58102e+01 8.29132e-03 | 1.25331e-02 1.07867e-01 1.39115e-01 |
   4320 | 3.58185e+01 8.29132e-03 | 1.25331e-02 1.07867e-01 1.39115e-01 |
   4321 | 3.58268e+01 8.29133e-03 | 1.25331e-02 1.07867e-01 1.39115e-01 |
   4322 | 3.58351e+01 8.29133e-03 | 1.25331e-02 1.07867e-01 1.39115e-01 |
   4323 | 3.58433e+01 8.29133e-03 | 1.25331e-02 1.07867e-01 1.39115e-01 |
   4324 | 3.58516e+01 8.29134e-03 | 1.25331e-02 1.07867e-01 1.39115e-01 |
   4325 | 3.58599e+01 8.29134e-03 | 1.25331e-02 1.07867e-01 1.39115e-01 |
   4326 | 3.58682e+01 8.29135e-03 | 1.25331e-02 1.07867e-01 1.39115e-01 |
   4327 | 3.58765e+01 8.29136e-03 | 1.25331e-02 1.07867e-01 1.39115e-01 |
   4328 | 3.58848e+01 8.29136e-03 | 1.25331e-02 1.07867e-01 1.39115e-01 |
   4329 | 3.58931e+01 8.29137e-03 | 1.25331e-02 1.07867e-01 1.39115e-01 |
   4330 | 3.59014e+01 8.29138e-03 | 1.25331e-02 1.07867e-01 1.39115e-01 |
   4331 | 3.59097e+01 8.29138e-03 | 1.25331e-02 1.07867e-01 1.39115e-01 |
   4332 | 3.59180e+01 8.29139e-03 | 1.25331e-02 1.07867e-01 1.39115e-01 |
   4333 | 3.59263e+01 8.29138e-03 | 1.25331e-02 1.07867e-01 1.39115e-01 |
   4334 | 3.59345e+01 8.29137e-03 | 1.25331e-02 1.07867e-01 1.39115e-01 |
   4335 | 3.59428e+01 8.29136e-03 | 1.25331e-02 1.07867e-01 1.39115e-01 |
   4336 | 3.59511e+01 8.29136e-03 | 1.25331e-02 1.07867e-01 1.39115e-01 |
   4337 | 3.59594e+01 8.29135e-03 | 1.25331e-02 1.07867e-01 1.39115e-01 |
   4338 | 3.59677e+01 8.29134e-03 | 1.25331e-02 1.07867e-01 1.39115e-01 |
   4339 | 3.59760e+01 8.29133e-03 | 1.25331e-02 1.07867e-01 1.39115e-01 |
   4340 | 3.59843e+01 8.29133e-03 | 1.25331e-02 1.07867e-01 1.39115e-01 |
   4341 | 3.59926e+01 8.29132e-03 | 1.25331e-02 1.07867e-01 1.39115e-01 |
   4342 | 3.60009e+01 8.29131e-03 | 1.25331e-02 1.07867e-01 1.39115e-01 |
   4343 | 3.60092e+01 8.29131e-03 | 1.25331e-02 1.07867e-01 1.39115e-01 |
   4344 | 3.60175e+01 8.29130e-03 | 1.25331e-02 1.07867e-01 1.39115e-01 |
   4345 | 3.60258e+01 8.29130e-03 | 1.25331e-02 1.07867e-01 1.39115e-01 |
   4346 | 3.60340e+01 8.29129e-03 | 1.25331e-02 1.07867e-01 1.39115e-01 |
   4347 | 3.60423e+01 8.29129e-03 | 1.25331e-02 1.07867e-01 1.39115e-01 |
   4348 | 3.60506e+01 8.29129e-03 | 1.25331e-02 1.07867e-01 1.39115e-01 |
   4349 | 3.60589e+01 8.29128e-03 | 1.25331e-02 1.07867e-01 1.39115e-01 |
   4350 | 3.60672e+01 8.29128e-03 | 1.25331e-02 1.07867e-01 1.39115e-01 |
   4351 | 3.60755e+01 8.29128e-03 | 1.25331e-02 1.07867e-01 1.39115e-01 |
   4352 | 3.60838e+01 8.29128e-03 | 1.25331e-02 1.07867e-01 1.39115e-01 |
   4353 | 3.60921e+01 8.29128e-03 | 1.25331e-02 1.07867e-01 1.39115e-01 |
   4354 | 3.61004e+01 8.29128e-03 | 1.25331e-02 1.07867e-01 1.39115e-01 |
   4355 | 3.61087e+01 8.29128e-03 | 1.25331e-02 1.07867e-01 1.39115e-01 |
   4356 | 3.61170e+01 8.29128e-03 | 1.25331e-02 1.07867e-01 1.39115e-01 |
   4357 | 3.61252e+01 8.29128e-03 | 1.25331e-02 1.07867e-01 1.39115e-01 |
   4358 | 3.61335e+01 8.29128e-03 | 1.25331e-02 1.07867e-01 1.39115e-01 |
   4359 | 3.61418e+01 8.29128e-03 | 1.25331e-02 1.07867e-01 1.39115e-01 |
   4360 | 3.61501e+01 8.29128e-03 | 1.25331e-02 1.07867e-01 1.39115e-01 |
   4361 | 3.61584e+01 8.29129e-03 | 1.25331e-02 1.07867e-01 1.39115e-01 |
   4362 | 3.61667e+01 8.29129e-03 | 1.25331e-02 1.07867e-01 1.39115e-01 |
   4363 | 3.61750e+01 8.29129e-03 | 1.25331e-02 1.07867e-01 1.39115e-01 |
   4364 | 3.61833e+01 8.29130e-03 | 1.25331e-02 1.07867e-01 1.39115e-01 |
   4365 | 3.61916e+01 8.29130e-03 | 1.25331e-02 1.07867e-01 1.39115e-01 |
   4366 | 3.61999e+01 8.29130e-03 | 1.25331e-02 1.07867e-01 1.39115e-01 |
   4367 | 3.62082e+01 8.29131e-03 | 1.25331e-02 1.07867e-01 1.39115e-01 |
   4368 | 3.62165e+01 8.29131e-03 | 1.25331e-02 1.07867e-01 1.39115e-01 |
   4369 | 3.62247e+01 8.29132e-03 | 1.25331e-02 1.07867e-01 1.39115e-01 |
   4370 | 3.62330e+01 8.29133e-03 | 1.25331e-02 1.07867e-01 1.39115e-01 |
   4371 | 3.62413e+01 8.29133e-03 | 1.25331e-02 1.07867e-01 1.39115e-01 |
   4372 | 3.62496e+01 8.29134e-03 | 1.25331e-02 1.07867e-01 1.39115e-01 |
   4373 | 3.62579e+01 8.29135e-03 | 1.25331e-02 1.07867e-01 1.39115e-01 |
   4374 | 3.62662e+01 8.29136e-03 | 1.25331e-02 1.07867e-01 1.39115e-01 |
   4375 | 3.62745e+01 8.29137e-03 | 1.25331e-02 1.07867e-01 1.39115e-01 |
   4376 | 3.62828e+01 8.29137e-03 | 1.25331e-02 1.07867e-01 1.39115e-01 |
   4377 | 3.62911e+01 8.29138e-03 | 1.25331e-02 1.07867e-01 1.39115e-01 |
   4378 | 3.62994e+01 8.29139e-03 | 1.25331e-02 1.07867e-01 1.39115e-01 |
   4379 | 3.63077e+01 8.29140e-03 | 1.25331e-02 1.07867e-01 1.39115e-01 |
   4380 | 3.63159e+01 8.29142e-03 | 1.25331e-02 1.07867e-01 1.39115e-01 |
   4381 | 3.63242e+01 8.29143e-03 | 1.25331e-02 1.07867e-01 1.39115e-01 |
   4382 | 3.63325e+01 8.29144e-03 | 1.25331e-02 1.07867e-01 1.39115e-01 |
   4383 | 3.63408e+01 8.29145e-03 | 1.25331e-02 1.07867e-01 1.39115e-01 |
   4384 | 3.63491e+01 8.29144e-03 | 1.25331e-02 1.07867e-01 1.39115e-01 |
   4385 | 3.63574e+01 8.29143e-03 | 1.25331e-02 1.07867e-01 1.39115e-01 |
   4386 | 3.63657e+01 8.29142e-03 | 1.25331e-02 1.07867e-01 1.39115e-01 |
   4387 | 3.63740e+01 8.29141e-03 | 1.25331e-02 1.07867e-01 1.39115e-01 |
   4388 | 3.63823e+01 8.29140e-03 | 1.25331e-02 1.07867e-01 1.39115e-01 |
   4389 | 3.63906e+01 8.29139e-03 | 1.25331e-02 1.07867e-01 1.39115e-01 |
   4390 | 3.63989e+01 8.29138e-03 | 1.25331e-02 1.07867e-01 1.39115e-01 |
   4391 | 3.64072e+01 8.29137e-03 | 1.25331e-02 1.07867e-01 1.39115e-01 |
   4392 | 3.64154e+01 8.29136e-03 | 1.25331e-02 1.07867e-01 1.39115e-01 |
   4393 | 3.64237e+01 8.29135e-03 | 1.25331e-02 1.07867e-01 1.39115e-01 |
   4394 | 3.64320e+01 8.29134e-03 | 1.25331e-02 1.07867e-01 1.39115e-01 |
   4395 | 3.64403e+01 8.29133e-03 | 1.25331e-02 1.07867e-01 1.39115e-01 |
   4396 | 3.64486e+01 8.29132e-03 | 1.25331e-02 1.07867e-01 1.39115e-01 |
   4397 | 3.64569e+01 8.29131e-03 | 1.25331e-02 1.07867e-01 1.39115e-01 |
   4398 | 3.64652e+01 8.29130e-03 | 1.25331e-02 1.07867e-01 1.39115e-01 |
   4399 | 3.64735e+01 8.29130e-03 | 1.25331e-02 1.07867e-01 1.39115e-01 |
   4400 | 3.64818e+01 8.29129e-03 | 1.25331e-02 1.07867e-01 1.39115e-01 |
   4401 | 3.64901e+01 8.29128e-03 | 1.25331e-02 1.07867e-01 1.39115e-01 |
   4402 | 3.64984e+01 8.29128e-03 | 1.25331e-02 1.07867e-01 1.39115e-01 |
   4403 | 3.65066e+01 8.29127e-03 | 1.25331e-02 1.07867e-01 1.39115e-01 |
   4404 | 3.65149e+01 8.29126e-03 | 1.25331e-02 1.07867e-01 1.39115e-01 |
   4405 | 3.65232e+01 8.29126e-03 | 1.25331e-02 1.07867e-01 1.39115e-01 |
   4406 | 3.65315e+01 8.29125e-03 | 1.25331e-02 1.07867e-01 1.39115e-01 |
   4407 | 3.65398e+01 8.29125e-03 | 1.25331e-02 1.07867e-01 1.39115e-01 |
   4408 | 3.65481e+01 8.29125e-03 | 1.25331e-02 1.07867e-01 1.39115e-01 |
   4409 | 3.65564e+01 8.29124e-03 | 1.25331e-02 1.07867e-01 1.39115e-01 |
   4410 | 3.65647e+01 8.29124e-03 | 1.25331e-02 1.07867e-01 1.39115e-01 |
   4411 | 3.65730e+01 8.29124e-03 | 1.25331e-02 1.07867e-01 1.39115e-01 |
   4412 | 3.65813e+01 8.29124e-03 | 1.25331e-02 1.07867e-01 1.39115e-01 |
   4413 | 3.65896e+01 8.29124e-03 | 1.25331e-02 1.07867e-01 1.39115e-01 |
   4414 | 3.65979e+01 8.29123e-03 | 1.25331e-02 1.07867e-01 1.39115e-01 |
   4415 | 3.66061e+01 8.29123e-03 | 1.25331e-02 1.07867e-01 1.39115e-01 |
   4416 | 3.66144e+01 8.29123e-03 | 1.25331e-02 1.07867e-01 1.39115e-01 |
   4417 | 3.66227e+01 8.29123e-03 | 1.25331e-02 1.07867e-01 1.39115e-01 |
   4418 | 3.66310e+01 8.29123e-03 | 1.25331e-02 1.07867e-01 1.39115e-01 |
   4419 | 3.66393e+01 8.29124e-03 | 1.25331e-02 1.07867e-01 1.39115e-01 |
   4420 | 3.66476e+01 8.29124e-03 | 1.25331e-02 1.07867e-01 1.39115e-01 |
   4421 | 3.66559e+01 8.29124e-03 | 1.25331e-02 1.07867e-01 1.39115e-01 |
   4422 | 3.66642e+01 8.29124e-03 | 1.25331e-02 1.07867e-01 1.39115e-01 |
   4423 | 3.66725e+01 8.29125e-03 | 1.25331e-02 1.07867e-01 1.39115e-01 |
   4424 | 3.66808e+01 8.29125e-03 | 1.25331e-02 1.07867e-01 1.39115e-01 |
   4425 | 3.66891e+01 8.29125e-03 | 1.25331e-02 1.07867e-01 1.39115e-01 |
   4426 | 3.66973e+01 8.29126e-03 | 1.25331e-02 1.07867e-01 1.39115e-01 |
   4427 | 3.67056e+01 8.29126e-03 | 1.25331e-02 1.07867e-01 1.39115e-01 |
   4428 | 3.67139e+01 8.29127e-03 | 1.25331e-02 1.07867e-01 1.39115e-01 |
   4429 | 3.67222e+01 8.29127e-03 | 1.25331e-02 1.07867e-01 1.39115e-01 |
   4430 | 3.67305e+01 8.29128e-03 | 1.25331e-02 1.07867e-01 1.39115e-01 |
   4431 | 3.67388e+01 8.29128e-03 | 1.25331e-02 1.07867e-01 1.39115e-01 |
   4432 | 3.67471e+01 8.29129e-03 | 1.25331e-02 1.07867e-01 1.39115e-01 |
   4433 | 3.67554e+01 8.29130e-03 | 1.25331e-02 1.07867e-01 1.39115e-01 |
   4434 | 3.67637e+01 8.29131e-03 | 1.25331e-02 1.07867e-01 1.39115e-01 |
   4435 | 3.67720e+01 8.29131e-03 | 1.25331e-02 1.07867e-01 1.39115e-01 |
   4436 | 3.67803e+01 8.29132e-03 | 1.25331e-02 1.07867e-01 1.39115e-01 |
   4437 | 3.67886e+01 8.29133e-03 | 1.25331e-02 1.07867e-01 1.39115e-01 |
   4438 | 3.67968e+01 8.29134e-03 | 1.25331e-02 1.07867e-01 1.39115e-01 |
   4439 | 3.68051e+01 8.29135e-03 | 1.25331e-02 1.07867e-01 1.39115e-01 |
   4440 | 3.68134e+01 8.29136e-03 | 1.25331e-02 1.07867e-01 1.39115e-01 |
   4441 | 3.68217e+01 8.29137e-03 | 1.25331e-02 1.07867e-01 1.39115e-01 |
   4442 | 3.68300e+01 8.29138e-03 | 1.25331e-02 1.07867e-01 1.39115e-01 |
   4443 | 3.68383e+01 8.29139e-03 | 1.25331e-02 1.07867e-01 1.39115e-01 |
   4444 | 3.68466e+01 8.29138e-03 | 1.25331e-02 1.07867e-01 1.39115e-01 |
   4445 | 3.68549e+01 8.29136e-03 | 1.25331e-02 1.07867e-01 1.39115e-01 |
   4446 | 3.68632e+01 8.29135e-03 | 1.25331e-02 1.07867e-01 1.39115e-01 |
   4447 | 3.68715e+01 8.29134e-03 | 1.25331e-02 1.07867e-01 1.39115e-01 |
   4448 | 3.68798e+01 8.29134e-03 | 1.25331e-02 1.07867e-01 1.39115e-01 |
   4449 | 3.68880e+01 8.29133e-03 | 1.25331e-02 1.07867e-01 1.39115e-01 |
   4450 | 3.68963e+01 8.29132e-03 | 1.25331e-02 1.07867e-01 1.39115e-01 |
   4451 | 3.69046e+01 8.29131e-03 | 1.25331e-02 1.07867e-01 1.39115e-01 |
   4452 | 3.69129e+01 8.29130e-03 | 1.25331e-02 1.07867e-01 1.39115e-01 |
   4453 | 3.69212e+01 8.29129e-03 | 1.25331e-02 1.07867e-01 1.39115e-01 |
   4454 | 3.69295e+01 8.29129e-03 | 1.25331e-02 1.07867e-01 1.39115e-01 |
   4455 | 3.69378e+01 8.29128e-03 | 1.25331e-02 1.07867e-01 1.39115e-01 |
   4456 | 3.69461e+01 8.29128e-03 | 1.25331e-02 1.07867e-01 1.39115e-01 |
   4457 | 3.69544e+01 8.29127e-03 | 1.25331e-02 1.07867e-01 1.39115e-01 |
   4458 | 3.69627e+01 8.29126e-03 | 1.25331e-02 1.07867e-01 1.39115e-01 |
   4459 | 3.69710e+01 8.29126e-03 | 1.25331e-02 1.07867e-01 1.39115e-01 |
   4460 | 3.69793e+01 8.29126e-03 | 1.25331e-02 1.07867e-01 1.39115e-01 |
   4461 | 3.69875e+01 8.29125e-03 | 1.25331e-02 1.07867e-01 1.39115e-01 |
   4462 | 3.69958e+01 8.29125e-03 | 1.25331e-02 1.07867e-01 1.39115e-01 |
   4463 | 3.70041e+01 8.29125e-03 | 1.25331e-02 1.07867e-01 1.39115e-01 |
   4464 | 3.70124e+01 8.29124e-03 | 1.25331e-02 1.07867e-01 1.39115e-01 |
   4465 | 3.70207e+01 8.29124e-03 | 1.25331e-02 1.07867e-01 1.39115e-01 |
   4466 | 3.70290e+01 8.29124e-03 | 1.25331e-02 1.07867e-01 1.39115e-01 |
   4467 | 3.70373e+01 8.29124e-03 | 1.25331e-02 1.07867e-01 1.39115e-01 |
   4468 | 3.70456e+01 8.29124e-03 | 1.25331e-02 1.07867e-01 1.39115e-01 |
   4469 | 3.70539e+01 8.29124e-03 | 1.25331e-02 1.07867e-01 1.39115e-01 |
   4470 | 3.70622e+01 8.29124e-03 | 1.25331e-02 1.07867e-01 1.39115e-01 |
   4471 | 3.70705e+01 8.29124e-03 | 1.25331e-02 1.07867e-01 1.39115e-01 |
   4472 | 3.70787e+01 8.29124e-03 | 1.25331e-02 1.07867e-01 1.39115e-01 |
   4473 | 3.70870e+01 8.29124e-03 | 1.25331e-02 1.07867e-01 1.39115e-01 |
   4474 | 3.70953e+01 8.29124e-03 | 1.25331e-02 1.07867e-01 1.39115e-01 |
   4475 | 3.71036e+01 8.29124e-03 | 1.25331e-02 1.07867e-01 1.39115e-01 |
   4476 | 3.71119e+01 8.29125e-03 | 1.25331e-02 1.07867e-01 1.39115e-01 |
   4477 | 3.71202e+01 8.29125e-03 | 1.25331e-02 1.07867e-01 1.39115e-01 |
   4478 | 3.71285e+01 8.29125e-03 | 1.25331e-02 1.07867e-01 1.39115e-01 |
   4479 | 3.71368e+01 8.29126e-03 | 1.25331e-02 1.07867e-01 1.39115e-01 |
   4480 | 3.71451e+01 8.29126e-03 | 1.25331e-02 1.07867e-01 1.39115e-01 |
   4481 | 3.71534e+01 8.29127e-03 | 1.25331e-02 1.07867e-01 1.39115e-01 |
   4482 | 3.71617e+01 8.29127e-03 | 1.25331e-02 1.07867e-01 1.39115e-01 |
   4483 | 3.71700e+01 8.29128e-03 | 1.25331e-02 1.07867e-01 1.39115e-01 |
   4484 | 3.71782e+01 8.29129e-03 | 1.25331e-02 1.07867e-01 1.39115e-01 |
   4485 | 3.71865e+01 8.29129e-03 | 1.25331e-02 1.07867e-01 1.39115e-01 |
   4486 | 3.71948e+01 8.29130e-03 | 1.25331e-02 1.07867e-01 1.39115e-01 |
   4487 | 3.72031e+01 8.29131e-03 | 1.25331e-02 1.07867e-01 1.39115e-01 |
   4488 | 3.72114e+01 8.29131e-03 | 1.25331e-02 1.07867e-01 1.39115e-01 |
   4489 | 3.72197e+01 8.29132e-03 | 1.25331e-02 1.07867e-01 1.39115e-01 |
   4490 | 3.72280e+01 8.29133e-03 | 1.25331e-02 1.07867e-01 1.39115e-01 |
   4491 | 3.72363e+01 8.29134e-03 | 1.25331e-02 1.07867e-01 1.39115e-01 |
   4492 | 3.72446e+01 8.29135e-03 | 1.25331e-02 1.07867e-01 1.39115e-01 |
   4493 | 3.72529e+01 8.29136e-03 | 1.25331e-02 1.07867e-01 1.39115e-01 |
   4494 | 3.72612e+01 8.29137e-03 | 1.25331e-02 1.07867e-01 1.39115e-01 |
   4495 | 3.72694e+01 8.29138e-03 | 1.25331e-02 1.07867e-01 1.39115e-01 |
   4496 | 3.72777e+01 8.29139e-03 | 1.25331e-02 1.07867e-01 1.39115e-01 |
   4497 | 3.72860e+01 8.29141e-03 | 1.25331e-02 1.07867e-01 1.39115e-01 |
   4498 | 3.72943e+01 8.29140e-03 | 1.25331e-02 1.07867e-01 1.39115e-01 |
   4499 | 3.73026e+01 8.29139e-03 | 1.25331e-02 1.07867e-01 1.39115e-01 |
   4500 | 3.73109e+01 8.29138e-03 | 1.25331e-02 1.07867e-01 1.39115e-01 |
   4501 | 3.73192e+01 8.29137e-03 | 1.25331e-02 1.07867e-01 1.39115e-01 |
   4502 | 3.73275e+01 8.29136e-03 | 1.25331e-02 1.07867e-01 1.39115e-01 |
   4503 | 3.73358e+01 8.29135e-03 | 1.25331e-02 1.07867e-01 1.39115e-01 |
   4504 | 3.73441e+01 8.29134e-03 | 1.25331e-02 1.07867e-01 1.39115e-01 |
   4505 | 3.73524e+01 8.29133e-03 | 1.25331e-02 1.07867e-01 1.39115e-01 |
   4506 | 3.73607e+01 8.29132e-03 | 1.25331e-02 1.07867e-01 1.39115e-01 |
   4507 | 3.73689e+01 8.29131e-03 | 1.25331e-02 1.07867e-01 1.39115e-01 |
   4508 | 3.73772e+01 8.29130e-03 | 1.25331e-02 1.07867e-01 1.39115e-01 |
   4509 | 3.73855e+01 8.29129e-03 | 1.25331e-02 1.07867e-01 1.39115e-01 |
   4510 | 3.73938e+01 8.29129e-03 | 1.25331e-02 1.07867e-01 1.39115e-01 |
   4511 | 3.74021e+01 8.29128e-03 | 1.25331e-02 1.07867e-01 1.39115e-01 |
   4512 | 3.74104e+01 8.29127e-03 | 1.25331e-02 1.07867e-01 1.39115e-01 |
   4513 | 3.74187e+01 8.29127e-03 | 1.25331e-02 1.07867e-01 1.39115e-01 |
   4514 | 3.74270e+01 8.29126e-03 | 1.25331e-02 1.07867e-01 1.39115e-01 |
   4515 | 3.74353e+01 8.29126e-03 | 1.25331e-02 1.07867e-01 1.39115e-01 |
   4516 | 3.74436e+01 8.29125e-03 | 1.25331e-02 1.07867e-01 1.39115e-01 |
   4517 | 3.74519e+01 8.29125e-03 | 1.25331e-02 1.07867e-01 1.39115e-01 |
   4518 | 3.74601e+01 8.29125e-03 | 1.25331e-02 1.07867e-01 1.39115e-01 |
   4519 | 3.74684e+01 8.29124e-03 | 1.25331e-02 1.07867e-01 1.39115e-01 |
   4520 | 3.74767e+01 8.29124e-03 | 1.25331e-02 1.07867e-01 1.39115e-01 |
   4521 | 3.74850e+01 8.29124e-03 | 1.25331e-02 1.07867e-01 1.39115e-01 |
   4522 | 3.74933e+01 8.29124e-03 | 1.25331e-02 1.07867e-01 1.39115e-01 |
   4523 | 3.75016e+01 8.29124e-03 | 1.25331e-02 1.07867e-01 1.39115e-01 |
   4524 | 3.75099e+01 8.29123e-03 | 1.25331e-02 1.07867e-01 1.39115e-01 |
   4525 | 3.75182e+01 8.29123e-03 | 1.25331e-02 1.07867e-01 1.39115e-01 |
   4526 | 3.75265e+01 8.29123e-03 | 1.25331e-02 1.07867e-01 1.39115e-01 |
   4527 | 3.75348e+01 8.29123e-03 | 1.25331e-02 1.07867e-01 1.39115e-01 |
   4528 | 3.75431e+01 8.29123e-03 | 1.25331e-02 1.07867e-01 1.39115e-01 |
   4529 | 3.75514e+01 8.29124e-03 | 1.25331e-02 1.07867e-01 1.39115e-01 |
   4530 | 3.75596e+01 8.29124e-03 | 1.25331e-02 1.07867e-01 1.39115e-01 |
   4531 | 3.75679e+01 8.29124e-03 | 1.25331e-02 1.07867e-01 1.39115e-01 |
   4532 | 3.75762e+01 8.29124e-03 | 1.25331e-02 1.07867e-01 1.39115e-01 |
   4533 | 3.75845e+01 8.29125e-03 | 1.25331e-02 1.07867e-01 1.39115e-01 |
   4534 | 3.75928e+01 8.29125e-03 | 1.25331e-02 1.07867e-01 1.39115e-01 |
   4535 | 3.76011e+01 8.29125e-03 | 1.25331e-02 1.07867e-01 1.39115e-01 |
   4536 | 3.76094e+01 8.29126e-03 | 1.25331e-02 1.07867e-01 1.39115e-01 |
   4537 | 3.76177e+01 8.29126e-03 | 1.25331e-02 1.07867e-01 1.39115e-01 |
   4538 | 3.76260e+01 8.29127e-03 | 1.25331e-02 1.07867e-01 1.39115e-01 |
   4539 | 3.76343e+01 8.29127e-03 | 1.25331e-02 1.07867e-01 1.39115e-01 |
   4540 | 3.76426e+01 8.29128e-03 | 1.25331e-02 1.07867e-01 1.39115e-01 |
   4541 | 3.76508e+01 8.29128e-03 | 1.25331e-02 1.07867e-01 1.39115e-01 |
   4542 | 3.76591e+01 8.29129e-03 | 1.25331e-02 1.07867e-01 1.39115e-01 |
   4543 | 3.76674e+01 8.29130e-03 | 1.25331e-02 1.07867e-01 1.39115e-01 |
   4544 | 3.76757e+01 8.29131e-03 | 1.25331e-02 1.07867e-01 1.39115e-01 |
   4545 | 3.76840e+01 8.29131e-03 | 1.25331e-02 1.07867e-01 1.39115e-01 |
   4546 | 3.76923e+01 8.29132e-03 | 1.25331e-02 1.07867e-01 1.39115e-01 |
   4547 | 3.77006e+01 8.29133e-03 | 1.25331e-02 1.07867e-01 1.39115e-01 |
   4548 | 3.77089e+01 8.29134e-03 | 1.25331e-02 1.07867e-01 1.39115e-01 |
   4549 | 3.77172e+01 8.29135e-03 | 1.25331e-02 1.07867e-01 1.39115e-01 |
   4550 | 3.77255e+01 8.29136e-03 | 1.25331e-02 1.07867e-01 1.39115e-01 |
   4551 | 3.77338e+01 8.29137e-03 | 1.25331e-02 1.07867e-01 1.39115e-01 |
   4552 | 3.77421e+01 8.29138e-03 | 1.25331e-02 1.07867e-01 1.39115e-01 |
   4553 | 3.77503e+01 8.29139e-03 | 1.25331e-02 1.07867e-01 1.39115e-01 |
   4554 | 3.77586e+01 8.29138e-03 | 1.25331e-02 1.07867e-01 1.39115e-01 |
   4555 | 3.77669e+01 8.29137e-03 | 1.25331e-02 1.07867e-01 1.39115e-01 |
   4556 | 3.77752e+01 8.29136e-03 | 1.25331e-02 1.07867e-01 1.39115e-01 |
   4557 | 3.77835e+01 8.29135e-03 | 1.25331e-02 1.07867e-01 1.39115e-01 |
   4558 | 3.77918e+01 8.29134e-03 | 1.25331e-02 1.07867e-01 1.39115e-01 |
   4559 | 3.78001e+01 8.29133e-03 | 1.25331e-02 1.07867e-01 1.39115e-01 |
   4560 | 3.78084e+01 8.29132e-03 | 1.25331e-02 1.07867e-01 1.39115e-01 |
   4561 | 3.78167e+01 8.29131e-03 | 1.25331e-02 1.07867e-01 1.39115e-01 |
   4562 | 3.78250e+01 8.29130e-03 | 1.25331e-02 1.07867e-01 1.39115e-01 |
   4563 | 3.78333e+01 8.29130e-03 | 1.25331e-02 1.07867e-01 1.39115e-01 |
   4564 | 3.78415e+01 8.29129e-03 | 1.25331e-02 1.07867e-01 1.39115e-01 |
   4565 | 3.78498e+01 8.29128e-03 | 1.25331e-02 1.07867e-01 1.39115e-01 |
   4566 | 3.78581e+01 8.29128e-03 | 1.25331e-02 1.07867e-01 1.39115e-01 |
   4567 | 3.78664e+01 8.29127e-03 | 1.25331e-02 1.07867e-01 1.39115e-01 |
   4568 | 3.78747e+01 8.29127e-03 | 1.25331e-02 1.07867e-01 1.39115e-01 |
   4569 | 3.78830e+01 8.29126e-03 | 1.25331e-02 1.07867e-01 1.39115e-01 |
   4570 | 3.78913e+01 8.29126e-03 | 1.25331e-02 1.07867e-01 1.39115e-01 |
   4571 | 3.78996e+01 8.29125e-03 | 1.25331e-02 1.07867e-01 1.39115e-01 |
   4572 | 3.79079e+01 8.29125e-03 | 1.25331e-02 1.07867e-01 1.39115e-01 |
   4573 | 3.79162e+01 8.29125e-03 | 1.25331e-02 1.07867e-01 1.39115e-01 |
   4574 | 3.79245e+01 8.29125e-03 | 1.25331e-02 1.07867e-01 1.39115e-01 |
   4575 | 3.79328e+01 8.29124e-03 | 1.25331e-02 1.07867e-01 1.39115e-01 |
   4576 | 3.79410e+01 8.29124e-03 | 1.25331e-02 1.07867e-01 1.39115e-01 |
   4577 | 3.79493e+01 8.29124e-03 | 1.25331e-02 1.07867e-01 1.39115e-01 |
   4578 | 3.79576e+01 8.29124e-03 | 1.25331e-02 1.07867e-01 1.39115e-01 |
   4579 | 3.79659e+01 8.29124e-03 | 1.25331e-02 1.07867e-01 1.39115e-01 |
   4580 | 3.79742e+01 8.29124e-03 | 1.25331e-02 1.07867e-01 1.39115e-01 |
   4581 | 3.79825e+01 8.29124e-03 | 1.25331e-02 1.07867e-01 1.39115e-01 |
   4582 | 3.79908e+01 8.29124e-03 | 1.25331e-02 1.07867e-01 1.39115e-01 |
   4583 | 3.79991e+01 8.29124e-03 | 1.25331e-02 1.07867e-01 1.39115e-01 |
   4584 | 3.80074e+01 8.29124e-03 | 1.25331e-02 1.07867e-01 1.39115e-01 |
   4585 | 3.80157e+01 8.29125e-03 | 1.25331e-02 1.07867e-01 1.39115e-01 |
   4586 | 3.80240e+01 8.29125e-03 | 1.25331e-02 1.07867e-01 1.39115e-01 |
   4587 | 3.80322e+01 8.29125e-03 | 1.25331e-02 1.07867e-01 1.39115e-01 |
   4588 | 3.80405e+01 8.29126e-03 | 1.25331e-02 1.07867e-01 1.39115e-01 |
   4589 | 3.80488e+01 8.29126e-03 | 1.25331e-02 1.07867e-01 1.39115e-01 |
   4590 | 3.80571e+01 8.29127e-03 | 1.25331e-02 1.07867e-01 1.39115e-01 |
   4591 | 3.80654e+01 8.29127e-03 | 1.25331e-02 1.07867e-01 1.39115e-01 |
   4592 | 3.80737e+01 8.29128e-03 | 1.25331e-02 1.07867e-01 1.39115e-01 |
   4593 | 3.80820e+01 8.29128e-03 | 1.25331e-02 1.07867e-01 1.39115e-01 |
   4594 | 3.80903e+01 8.29129e-03 | 1.25331e-02 1.07867e-01 1.39115e-01 |
   4595 | 3.80986e+01 8.29129e-03 | 1.25331e-02 1.07867e-01 1.39115e-01 |
   4596 | 3.81069e+01 8.29130e-03 | 1.25331e-02 1.07867e-01 1.39115e-01 |
   4597 | 3.81152e+01 8.29130e-03 | 1.25331e-02 1.07867e-01 1.39115e-01 |
   4598 | 3.81234e+01 8.29131e-03 | 1.25331e-02 1.07867e-01 1.39115e-01 |
   4599 | 3.81317e+01 8.29131e-03 | 1.25331e-02 1.07867e-01 1.39115e-01 |
   4600 | 3.81400e+01 8.29132e-03 | 1.25331e-02 1.07867e-01 1.39115e-01 |
   4601 | 3.81483e+01 8.29132e-03 | 1.25331e-02 1.07867e-01 1.39115e-01 |
   4602 | 3.81566e+01 8.29133e-03 | 1.25331e-02 1.07867e-01 1.39115e-01 |
   4603 | 3.81649e+01 8.29134e-03 | 1.25331e-02 1.07867e-01 1.39115e-01 |
   4604 | 3.81732e+01 8.29134e-03 | 1.25331e-02 1.07867e-01 1.39115e-01 |
   4605 | 3.81815e+01 8.29135e-03 | 1.25331e-02 1.07867e-01 1.39115e-01 |
   4606 | 3.81898e+01 8.29136e-03 | 1.25331e-02 1.07867e-01 1.39115e-01 |
   4607 | 3.81981e+01 8.29137e-03 | 1.25331e-02 1.07867e-01 1.39115e-01 |
   4608 | 3.82064e+01 8.29138e-03 | 1.25331e-02 1.07867e-01 1.39115e-01 |
   4609 | 3.82147e+01 8.29139e-03 | 1.25331e-02 1.07867e-01 1.39115e-01 |
   4610 | 3.82229e+01 8.29140e-03 | 1.25331e-02 1.07867e-01 1.39115e-01 |
   4611 | 3.82312e+01 8.29141e-03 | 1.25331e-02 1.07867e-01 1.39115e-01 |
   4612 | 3.82395e+01 8.29142e-03 | 1.25331e-02 1.07867e-01 1.39115e-01 |
   4613 | 3.82478e+01 8.29141e-03 | 1.25331e-02 1.07867e-01 1.39115e-01 |
   4614 | 3.82561e+01 8.29140e-03 | 1.25331e-02 1.07867e-01 1.39115e-01 |
   4615 | 3.82644e+01 8.29139e-03 | 1.25331e-02 1.07867e-01 1.39115e-01 |
   4616 | 3.82727e+01 8.29138e-03 | 1.25331e-02 1.07867e-01 1.39115e-01 |
   4617 | 3.82810e+01 8.29137e-03 | 1.25331e-02 1.07867e-01 1.39115e-01 |
   4618 | 3.82893e+01 8.29136e-03 | 1.25331e-02 1.07867e-01 1.39115e-01 |
   4619 | 3.82976e+01 8.29135e-03 | 1.25331e-02 1.07867e-01 1.39115e-01 |
   4620 | 3.83059e+01 8.29134e-03 | 1.25331e-02 1.07867e-01 1.39115e-01 |
   4621 | 3.83142e+01 8.29133e-03 | 1.25331e-02 1.07867e-01 1.39115e-01 |
   4622 | 3.83224e+01 8.29133e-03 | 1.25331e-02 1.07867e-01 1.39115e-01 |
   4623 | 3.83307e+01 8.29132e-03 | 1.25331e-02 1.07867e-01 1.39115e-01 |
   4624 | 3.83390e+01 8.29131e-03 | 1.25331e-02 1.07867e-01 1.39115e-01 |
   4625 | 3.83473e+01 8.29130e-03 | 1.25331e-02 1.07867e-01 1.39115e-01 |
   4626 | 3.83556e+01 8.29130e-03 | 1.25331e-02 1.07867e-01 1.39115e-01 |
   4627 | 3.83639e+01 8.29129e-03 | 1.25331e-02 1.07867e-01 1.39115e-01 |
   4628 | 3.83722e+01 8.29129e-03 | 1.25331e-02 1.07867e-01 1.39115e-01 |
   4629 | 3.83805e+01 8.29128e-03 | 1.25331e-02 1.07867e-01 1.39115e-01 |
   4630 | 3.83888e+01 8.29128e-03 | 1.25331e-02 1.07867e-01 1.39115e-01 |
   4631 | 3.83971e+01 8.29127e-03 | 1.25331e-02 1.07867e-01 1.39115e-01 |
   4632 | 3.84054e+01 8.29127e-03 | 1.25331e-02 1.07867e-01 1.39115e-01 |
   4633 | 3.84136e+01 8.29126e-03 | 1.25331e-02 1.07867e-01 1.39115e-01 |
   4634 | 3.84219e+01 8.29126e-03 | 1.25331e-02 1.07867e-01 1.39115e-01 |
   4635 | 3.84302e+01 8.29126e-03 | 1.25331e-02 1.07867e-01 1.39115e-01 |
   4636 | 3.84385e+01 8.29126e-03 | 1.25331e-02 1.07867e-01 1.39115e-01 |
   4637 | 3.84468e+01 8.29126e-03 | 1.25331e-02 1.07867e-01 1.39115e-01 |
   4638 | 3.84551e+01 8.29125e-03 | 1.25331e-02 1.07867e-01 1.39115e-01 |
   4639 | 3.84634e+01 8.29125e-03 | 1.25331e-02 1.07867e-01 1.39115e-01 |
   4640 | 3.84717e+01 8.29125e-03 | 1.25331e-02 1.07867e-01 1.39115e-01 |
   4641 | 3.84800e+01 8.29125e-03 | 1.25331e-02 1.07867e-01 1.39115e-01 |
   4642 | 3.84883e+01 8.29125e-03 | 1.25331e-02 1.07867e-01 1.39115e-01 |
   4643 | 3.84966e+01 8.29126e-03 | 1.25331e-02 1.07867e-01 1.39115e-01 |
   4644 | 3.85049e+01 8.29126e-03 | 1.25331e-02 1.07867e-01 1.39115e-01 |
   4645 | 3.85131e+01 8.29126e-03 | 1.25331e-02 1.07867e-01 1.39115e-01 |
   4646 | 3.85214e+01 8.29126e-03 | 1.25331e-02 1.07867e-01 1.39115e-01 |
   4647 | 3.85297e+01 8.29126e-03 | 1.25331e-02 1.07867e-01 1.39115e-01 |
   4648 | 3.85380e+01 8.29127e-03 | 1.25331e-02 1.07867e-01 1.39115e-01 |
   4649 | 3.85463e+01 8.29127e-03 | 1.25331e-02 1.07867e-01 1.39115e-01 |
   4650 | 3.85546e+01 8.29128e-03 | 1.25331e-02 1.07867e-01 1.39115e-01 |
   4651 | 3.85629e+01 8.29128e-03 | 1.25331e-02 1.07867e-01 1.39115e-01 |
   4652 | 3.85712e+01 8.29128e-03 | 1.25331e-02 1.07867e-01 1.39115e-01 |
   4653 | 3.85795e+01 8.29129e-03 | 1.25331e-02 1.07867e-01 1.39115e-01 |
   4654 | 3.85878e+01 8.29130e-03 | 1.25331e-02 1.07867e-01 1.39115e-01 |
   4655 | 3.85961e+01 8.29130e-03 | 1.25331e-02 1.07867e-01 1.39115e-01 |
   4656 | 3.86043e+01 8.29131e-03 | 1.25331e-02 1.07867e-01 1.39115e-01 |
   4657 | 3.86126e+01 8.29132e-03 | 1.25331e-02 1.07867e-01 1.39115e-01 |
   4658 | 3.86209e+01 8.29132e-03 | 1.25331e-02 1.07867e-01 1.39115e-01 |
   4659 | 3.86292e+01 8.29133e-03 | 1.25331e-02 1.07867e-01 1.39115e-01 |
   4660 | 3.86375e+01 8.29134e-03 | 1.25331e-02 1.07867e-01 1.39115e-01 |
   4661 | 3.86458e+01 8.29135e-03 | 1.25331e-02 1.07867e-01 1.39115e-01 |
   4662 | 3.86541e+01 8.29136e-03 | 1.25331e-02 1.07867e-01 1.39115e-01 |
   4663 | 3.86624e+01 8.29137e-03 | 1.25331e-02 1.07867e-01 1.39115e-01 |
   4664 | 3.86707e+01 8.29138e-03 | 1.25331e-02 1.07867e-01 1.39115e-01 |
   4665 | 3.86790e+01 8.29139e-03 | 1.25331e-02 1.07867e-01 1.39115e-01 |
   4666 | 3.86873e+01 8.29140e-03 | 1.25331e-02 1.07867e-01 1.39115e-01 |
   4667 | 3.86956e+01 8.29140e-03 | 1.25331e-02 1.07867e-01 1.39115e-01 |
   4668 | 3.87038e+01 8.29140e-03 | 1.25331e-02 1.07867e-01 1.39115e-01 |
   4669 | 3.87121e+01 8.29139e-03 | 1.25331e-02 1.07867e-01 1.39115e-01 |
   4670 | 3.87204e+01 8.29138e-03 | 1.25331e-02 1.07867e-01 1.39115e-01 |
   4671 | 3.87287e+01 8.29138e-03 | 1.25331e-02 1.07867e-01 1.39115e-01 |
   4672 | 3.87370e+01 8.29137e-03 | 1.25331e-02 1.07867e-01 1.39115e-01 |
   4673 | 3.87453e+01 8.29137e-03 | 1.25331e-02 1.07867e-01 1.39115e-01 |
   4674 | 3.87536e+01 8.29137e-03 | 1.25331e-02 1.07867e-01 1.39115e-01 |
   4675 | 3.87619e+01 8.29136e-03 | 1.25331e-02 1.07867e-01 1.39115e-01 |
   4676 | 3.87702e+01 8.29136e-03 | 1.25331e-02 1.07867e-01 1.39115e-01 |
   4677 | 3.87785e+01 8.29136e-03 | 1.25331e-02 1.07867e-01 1.39115e-01 |
   4678 | 3.87868e+01 8.29135e-03 | 1.25331e-02 1.07867e-01 1.39115e-01 |
   4679 | 3.87950e+01 8.29134e-03 | 1.25331e-02 1.07867e-01 1.39115e-01 |
   4680 | 3.88033e+01 8.29133e-03 | 1.25331e-02 1.07867e-01 1.39115e-01 |
   4681 | 3.88116e+01 8.29133e-03 | 1.25331e-02 1.07867e-01 1.39115e-01 |
   4682 | 3.88199e+01 8.29132e-03 | 1.25331e-02 1.07867e-01 1.39115e-01 |
   4683 | 3.88282e+01 8.29131e-03 | 1.25331e-02 1.07867e-01 1.39115e-01 |
   4684 | 3.88365e+01 8.29131e-03 | 1.25331e-02 1.07867e-01 1.39115e-01 |
   4685 | 3.88448e+01 8.29130e-03 | 1.25331e-02 1.07867e-01 1.39115e-01 |
   4686 | 3.88531e+01 8.29130e-03 | 1.25331e-02 1.07867e-01 1.39115e-01 |
   4687 | 3.88614e+01 8.29129e-03 | 1.25331e-02 1.07867e-01 1.39115e-01 |
   4688 | 3.88697e+01 8.29129e-03 | 1.25331e-02 1.07867e-01 1.39115e-01 |
   4689 | 3.88780e+01 8.29128e-03 | 1.25331e-02 1.07867e-01 1.39115e-01 |
   4690 | 3.88863e+01 8.29128e-03 | 1.25331e-02 1.07867e-01 1.39115e-01 |
   4691 | 3.88945e+01 8.29128e-03 | 1.25331e-02 1.07867e-01 1.39115e-01 |
   4692 | 3.89028e+01 8.29128e-03 | 1.25331e-02 1.07867e-01 1.39115e-01 |
   4693 | 3.89111e+01 8.29127e-03 | 1.25331e-02 1.07867e-01 1.39115e-01 |
   4694 | 3.89194e+01 8.29127e-03 | 1.25331e-02 1.07867e-01 1.39115e-01 |
   4695 | 3.89277e+01 8.29127e-03 | 1.25331e-02 1.07867e-01 1.39115e-01 |
   4696 | 3.89360e+01 8.29127e-03 | 1.25331e-02 1.07867e-01 1.39115e-01 |
   4697 | 3.89443e+01 8.29127e-03 | 1.25331e-02 1.07867e-01 1.39115e-01 |
   4698 | 3.89526e+01 8.29127e-03 | 1.25331e-02 1.07867e-01 1.39115e-01 |
   4699 | 3.89609e+01 8.29127e-03 | 1.25331e-02 1.07867e-01 1.39115e-01 |
   4700 | 3.89692e+01 8.29127e-03 | 1.25331e-02 1.07867e-01 1.39115e-01 |
   4701 | 3.89775e+01 8.29128e-03 | 1.25331e-02 1.07867e-01 1.39115e-01 |
   4702 | 3.89857e+01 8.29128e-03 | 1.25331e-02 1.07867e-01 1.39115e-01 |
   4703 | 3.89940e+01 8.29128e-03 | 1.25331e-02 1.07867e-01 1.39115e-01 |
   4704 | 3.90023e+01 8.29128e-03 | 1.25331e-02 1.07867e-01 1.39115e-01 |
   4705 | 3.90106e+01 8.29129e-03 | 1.25331e-02 1.07867e-01 1.39115e-01 |
   4706 | 3.90189e+01 8.29129e-03 | 1.25331e-02 1.07867e-01 1.39115e-01 |
   4707 | 3.90272e+01 8.29130e-03 | 1.25331e-02 1.07867e-01 1.39115e-01 |
   4708 | 3.90355e+01 8.29130e-03 | 1.25331e-02 1.07867e-01 1.39115e-01 |
   4709 | 3.90438e+01 8.29131e-03 | 1.25331e-02 1.07867e-01 1.39115e-01 |
   4710 | 3.90521e+01 8.29131e-03 | 1.25331e-02 1.07867e-01 1.39115e-01 |
   4711 | 3.90604e+01 8.29132e-03 | 1.25331e-02 1.07867e-01 1.39115e-01 |
   4712 | 3.90687e+01 8.29132e-03 | 1.25331e-02 1.07867e-01 1.39115e-01 |
   4713 | 3.90770e+01 8.29133e-03 | 1.25331e-02 1.07867e-01 1.39115e-01 |
   4714 | 3.90852e+01 8.29134e-03 | 1.25331e-02 1.07867e-01 1.39115e-01 |
   4715 | 3.90935e+01 8.29135e-03 | 1.25331e-02 1.07867e-01 1.39115e-01 |
   4716 | 3.91018e+01 8.29135e-03 | 1.25331e-02 1.07867e-01 1.39115e-01 |
   4717 | 3.91101e+01 8.29136e-03 | 1.25331e-02 1.07867e-01 1.39115e-01 |
   4718 | 3.91184e+01 8.29137e-03 | 1.25331e-02 1.07867e-01 1.39115e-01 |
   4719 | 3.91267e+01 8.29138e-03 | 1.25331e-02 1.07867e-01 1.39115e-01 |
   4720 | 3.91350e+01 8.29139e-03 | 1.25331e-02 1.07867e-01 1.39115e-01 |
   4721 | 3.91433e+01 8.29140e-03 | 1.25331e-02 1.07867e-01 1.39115e-01 |
   4722 | 3.91516e+01 8.29141e-03 | 1.25331e-02 1.07867e-01 1.39115e-01 |
   4723 | 3.91599e+01 8.29141e-03 | 1.25331e-02 1.07867e-01 1.39115e-01 |
   4724 | 3.91682e+01 8.29140e-03 | 1.25331e-02 1.07867e-01 1.39115e-01 |
   4725 | 3.91764e+01 8.29139e-03 | 1.25331e-02 1.07867e-01 1.39115e-01 |
   4726 | 3.91847e+01 8.29138e-03 | 1.25331e-02 1.07867e-01 1.39115e-01 |
   4727 | 3.91930e+01 8.29137e-03 | 1.25331e-02 1.07867e-01 1.39115e-01 |
   4728 | 3.92013e+01 8.29136e-03 | 1.25331e-02 1.07867e-01 1.39115e-01 |
   4729 | 3.92096e+01 8.29135e-03 | 1.25331e-02 1.07867e-01 1.39115e-01 |
   4730 | 3.92179e+01 8.29134e-03 | 1.25331e-02 1.07867e-01 1.39115e-01 |
   4731 | 3.92262e+01 8.29133e-03 | 1.25331e-02 1.07867e-01 1.39115e-01 |
   4732 | 3.92345e+01 8.29132e-03 | 1.25331e-02 1.07867e-01 1.39115e-01 |
   4733 | 3.92428e+01 8.29131e-03 | 1.25331e-02 1.07867e-01 1.39115e-01 |
   4734 | 3.92511e+01 8.29131e-03 | 1.25331e-02 1.07867e-01 1.39115e-01 |
   4735 | 3.92594e+01 8.29130e-03 | 1.25331e-02 1.07867e-01 1.39115e-01 |
   4736 | 3.92677e+01 8.29129e-03 | 1.25331e-02 1.07867e-01 1.39115e-01 |
   4737 | 3.92759e+01 8.29129e-03 | 1.25331e-02 1.07867e-01 1.39115e-01 |
   4738 | 3.92842e+01 8.29128e-03 | 1.25331e-02 1.07867e-01 1.39115e-01 |
   4739 | 3.92925e+01 8.29128e-03 | 1.25331e-02 1.07867e-01 1.39115e-01 |
   4740 | 3.93008e+01 8.29127e-03 | 1.25331e-02 1.07867e-01 1.39115e-01 |
   4741 | 3.93091e+01 8.29127e-03 | 1.25331e-02 1.07867e-01 1.39115e-01 |
   4742 | 3.93174e+01 8.29126e-03 | 1.25331e-02 1.07867e-01 1.39115e-01 |
   4743 | 3.93257e+01 8.29126e-03 | 1.25331e-02 1.07867e-01 1.39115e-01 |
   4744 | 3.93340e+01 8.29126e-03 | 1.25331e-02 1.07867e-01 1.39115e-01 |
   4745 | 3.93423e+01 8.29126e-03 | 1.25331e-02 1.07867e-01 1.39115e-01 |
   4746 | 3.93506e+01 8.29125e-03 | 1.25331e-02 1.07867e-01 1.39115e-01 |
   4747 | 3.93589e+01 8.29125e-03 | 1.25331e-02 1.07867e-01 1.39115e-01 |
   4748 | 3.93671e+01 8.29125e-03 | 1.25331e-02 1.07867e-01 1.39115e-01 |
   4749 | 3.93754e+01 8.29125e-03 | 1.25331e-02 1.07867e-01 1.39115e-01 |
   4750 | 3.93837e+01 8.29125e-03 | 1.25331e-02 1.07867e-01 1.39115e-01 |
   4751 | 3.93920e+01 8.29125e-03 | 1.25331e-02 1.07867e-01 1.39115e-01 |
   4752 | 3.94003e+01 8.29125e-03 | 1.25331e-02 1.07867e-01 1.39115e-01 |
   4753 | 3.94086e+01 8.29125e-03 | 1.25331e-02 1.07867e-01 1.39115e-01 |
   4754 | 3.94169e+01 8.29125e-03 | 1.25331e-02 1.07867e-01 1.39115e-01 |
   4755 | 3.94252e+01 8.29126e-03 | 1.25331e-02 1.07867e-01 1.39115e-01 |
   4756 | 3.94335e+01 8.29126e-03 | 1.25331e-02 1.07867e-01 1.39115e-01 |
   4757 | 3.94418e+01 8.29126e-03 | 1.25331e-02 1.07867e-01 1.39115e-01 |
   4758 | 3.94501e+01 8.29126e-03 | 1.25331e-02 1.07867e-01 1.39115e-01 |
   4759 | 3.94584e+01 8.29127e-03 | 1.25331e-02 1.07867e-01 1.39115e-01 |
   4760 | 3.94666e+01 8.29127e-03 | 1.25331e-02 1.07867e-01 1.39115e-01 |
   4761 | 3.94749e+01 8.29128e-03 | 1.25331e-02 1.07867e-01 1.39115e-01 |
   4762 | 3.94832e+01 8.29128e-03 | 1.25331e-02 1.07867e-01 1.39115e-01 |
   4763 | 3.94915e+01 8.29129e-03 | 1.25331e-02 1.07867e-01 1.39115e-01 |
   4764 | 3.94998e+01 8.29129e-03 | 1.25331e-02 1.07867e-01 1.39115e-01 |
   4765 | 3.95081e+01 8.29130e-03 | 1.25331e-02 1.07867e-01 1.39115e-01 |
   4766 | 3.95164e+01 8.29131e-03 | 1.25331e-02 1.07867e-01 1.39115e-01 |
   4767 | 3.95247e+01 8.29131e-03 | 1.25331e-02 1.07867e-01 1.39115e-01 |
   4768 | 3.95330e+01 8.29132e-03 | 1.25331e-02 1.07867e-01 1.39115e-01 |
   4769 | 3.95413e+01 8.29133e-03 | 1.25331e-02 1.07867e-01 1.39115e-01 |
   4770 | 3.95496e+01 8.29134e-03 | 1.25331e-02 1.07867e-01 1.39115e-01 |
   4771 | 3.95578e+01 8.29135e-03 | 1.25331e-02 1.07867e-01 1.39115e-01 |
   4772 | 3.95661e+01 8.29136e-03 | 1.25331e-02 1.07867e-01 1.39115e-01 |
   4773 | 3.95744e+01 8.29137e-03 | 1.25331e-02 1.07867e-01 1.39115e-01 |
   4774 | 3.95827e+01 8.29138e-03 | 1.25331e-02 1.07867e-01 1.39115e-01 |
   4775 | 3.95910e+01 8.29139e-03 | 1.25331e-02 1.07867e-01 1.39115e-01 |
   4776 | 3.95993e+01 8.29140e-03 | 1.25331e-02 1.07867e-01 1.39115e-01 |
   4777 | 3.96076e+01 8.29141e-03 | 1.25331e-02 1.07867e-01 1.39115e-01 |
   4778 | 3.96159e+01 8.29141e-03 | 1.25331e-02 1.07867e-01 1.39115e-01 |
   4779 | 3.96242e+01 8.29140e-03 | 1.25331e-02 1.07867e-01 1.39115e-01 |
   4780 | 3.96325e+01 8.29139e-03 | 1.25331e-02 1.07867e-01 1.39115e-01 |
   4781 | 3.96408e+01 8.29139e-03 | 1.25331e-02 1.07867e-01 1.39115e-01 |
   4782 | 3.96491e+01 8.29138e-03 | 1.25331e-02 1.07867e-01 1.39115e-01 |
   4783 | 3.96573e+01 8.29138e-03 | 1.25331e-02 1.07867e-01 1.39115e-01 |
   4784 | 3.96656e+01 8.29138e-03 | 1.25331e-02 1.07867e-01 1.39115e-01 |
   4785 | 3.96739e+01 8.29137e-03 | 1.25331e-02 1.07867e-01 1.39115e-01 |
   4786 | 3.96822e+01 8.29137e-03 | 1.25331e-02 1.07867e-01 1.39115e-01 |
   4787 | 3.96905e+01 8.29137e-03 | 1.25331e-02 1.07867e-01 1.39115e-01 |
   4788 | 3.96988e+01 8.29137e-03 | 1.25331e-02 1.07867e-01 1.39115e-01 |
   4789 | 3.97071e+01 8.29136e-03 | 1.25331e-02 1.07867e-01 1.39115e-01 |
   4790 | 3.97154e+01 8.29136e-03 | 1.25331e-02 1.07867e-01 1.39115e-01 |
   4791 | 3.97237e+01 8.29136e-03 | 1.25331e-02 1.07867e-01 1.39115e-01 |
   4792 | 3.97320e+01 8.29136e-03 | 1.25331e-02 1.07867e-01 1.39115e-01 |
   4793 | 3.97403e+01 8.29136e-03 | 1.25331e-02 1.07867e-01 1.39115e-01 |
   4794 | 3.97485e+01 8.29136e-03 | 1.25331e-02 1.07867e-01 1.39115e-01 |
   4795 | 3.97568e+01 8.29136e-03 | 1.25331e-02 1.07867e-01 1.39115e-01 |
   4796 | 3.97651e+01 8.29136e-03 | 1.25331e-02 1.07867e-01 1.39115e-01 |
   4797 | 3.97734e+01 8.29137e-03 | 1.25331e-02 1.07867e-01 1.39115e-01 |
   4798 | 3.97817e+01 8.29137e-03 | 1.25331e-02 1.07867e-01 1.39115e-01 |
   4799 | 3.97900e+01 8.29137e-03 | 1.25331e-02 1.07867e-01 1.39115e-01 |
   4800 | 3.97983e+01 8.29137e-03 | 1.25331e-02 1.07867e-01 1.39115e-01 |
   4801 | 3.98066e+01 8.29137e-03 | 1.25331e-02 1.07867e-01 1.39115e-01 |
   4802 | 3.98149e+01 8.29137e-03 | 1.25331e-02 1.07867e-01 1.39115e-01 |
   4803 | 3.98232e+01 8.29137e-03 | 1.25331e-02 1.07867e-01 1.39115e-01 |
   4804 | 3.98315e+01 8.29136e-03 | 1.25331e-02 1.07867e-01 1.39115e-01 |
   4805 | 3.98398e+01 8.29136e-03 | 1.25331e-02 1.07867e-01 1.39115e-01 |
   4806 | 3.98480e+01 8.29136e-03 | 1.25331e-02 1.07867e-01 1.39115e-01 |
   4807 | 3.98563e+01 8.29136e-03 | 1.25331e-02 1.07867e-01 1.39115e-01 |
   4808 | 3.98646e+01 8.29135e-03 | 1.25331e-02 1.07867e-01 1.39115e-01 |
   4809 | 3.98729e+01 8.29135e-03 | 1.25331e-02 1.07867e-01 1.39115e-01 |
   4810 | 3.98812e+01 8.29135e-03 | 1.25331e-02 1.07867e-01 1.39115e-01 |
   4811 | 3.98895e+01 8.29135e-03 | 1.25331e-02 1.07867e-01 1.39115e-01 |
   4812 | 3.98978e+01 8.29135e-03 | 1.25331e-02 1.07867e-01 1.39115e-01 |
   4813 | 3.99061e+01 8.29135e-03 | 1.25331e-02 1.07867e-01 1.39115e-01 |
   4814 | 3.99144e+01 8.29135e-03 | 1.25331e-02 1.07867e-01 1.39115e-01 |
   4815 | 3.99227e+01 8.29136e-03 | 1.25331e-02 1.07867e-01 1.39115e-01 |
   4816 | 3.99310e+01 8.29136e-03 | 1.25331e-02 1.07867e-01 1.39115e-01 |
   4817 | 3.99393e+01 8.29136e-03 | 1.25331e-02 1.07867e-01 1.39115e-01 |
   4818 | 3.99475e+01 8.29136e-03 | 1.25331e-02 1.07867e-01 1.39115e-01 |
   4819 | 3.99558e+01 8.29137e-03 | 1.25331e-02 1.07867e-01 1.39115e-01 |
   4820 | 3.99641e+01 8.29137e-03 | 1.25331e-02 1.07867e-01 1.39115e-01 |
   4821 | 3.99724e+01 8.29137e-03 | 1.25331e-02 1.07867e-01 1.39115e-01 |
   4822 | 3.99807e+01 8.29138e-03 | 1.25331e-02 1.07867e-01 1.39115e-01 |
   4823 | 3.99890e+01 8.29138e-03 | 1.25331e-02 1.07867e-01 1.39115e-01 |
   4824 | 3.99973e+01 8.29139e-03 | 1.25331e-02 1.07867e-01 1.39115e-01 |
   4825 | 4.00056e+01 8.29140e-03 | 1.25331e-02 1.07867e-01 1.39115e-01 |
   4826 | 4.00139e+01 8.29140e-03 | 1.25331e-02 1.07867e-01 1.39115e-01 |
   4827 | 4.00222e+01 8.29140e-03 | 1.25331e-02 1.07867e-01 1.39115e-01 |
   4828 | 4.00305e+01 8.29139e-03 | 1.25331e-02 1.07867e-01 1.39115e-01 |
   4829 | 4.00387e+01 8.29138e-03 | 1.25331e-02 1.07867e-01 1.39115e-01 |
   4830 | 4.00470e+01 8.29137e-03 | 1.25331e-02 1.07867e-01 1.39115e-01 |
   4831 | 4.00553e+01 8.29136e-03 | 1.25331e-02 1.07867e-01 1.39115e-01 |
   4832 | 4.00636e+01 8.29135e-03 | 1.25331e-02 1.07867e-01 1.39115e-01 |
   4833 | 4.00719e+01 8.29134e-03 | 1.25331e-02 1.07867e-01 1.39115e-01 |
   4834 | 4.00802e+01 8.29133e-03 | 1.25331e-02 1.07867e-01 1.39115e-01 |
   4835 | 4.00885e+01 8.29133e-03 | 1.25331e-02 1.07867e-01 1.39115e-01 |
   4836 | 4.00968e+01 8.29132e-03 | 1.25331e-02 1.07867e-01 1.39115e-01 |
   4837 | 4.01051e+01 8.29131e-03 | 1.25331e-02 1.07867e-01 1.39115e-01 |
   4838 | 4.01134e+01 8.29130e-03 | 1.25331e-02 1.07867e-01 1.39115e-01 |
   4839 | 4.01217e+01 8.29130e-03 | 1.25331e-02 1.07867e-01 1.39115e-01 |
   4840 | 4.01300e+01 8.29129e-03 | 1.25331e-02 1.07867e-01 1.39115e-01 |
   4841 | 4.01382e+01 8.29129e-03 | 1.25331e-02 1.07867e-01 1.39115e-01 |
   4842 | 4.01465e+01 8.29128e-03 | 1.25331e-02 1.07867e-01 1.39115e-01 |
   4843 | 4.01548e+01 8.29128e-03 | 1.25331e-02 1.07867e-01 1.39115e-01 |
   4844 | 4.01631e+01 8.29127e-03 | 1.25331e-02 1.07867e-01 1.39115e-01 |
   4845 | 4.01714e+01 8.29127e-03 | 1.25331e-02 1.07867e-01 1.39115e-01 |
   4846 | 4.01797e+01 8.29126e-03 | 1.25331e-02 1.07867e-01 1.39115e-01 |
   4847 | 4.01880e+01 8.29126e-03 | 1.25331e-02 1.07867e-01 1.39115e-01 |
   4848 | 4.01963e+01 8.29126e-03 | 1.25331e-02 1.07867e-01 1.39115e-01 |
   4849 | 4.02046e+01 8.29126e-03 | 1.25331e-02 1.07867e-01 1.39115e-01 |
   4850 | 4.02129e+01 8.29126e-03 | 1.25331e-02 1.07867e-01 1.39115e-01 |
   4851 | 4.02212e+01 8.29125e-03 | 1.25331e-02 1.07867e-01 1.39115e-01 |
   4852 | 4.02294e+01 8.29125e-03 | 1.25331e-02 1.07867e-01 1.39115e-01 |
   4853 | 4.02377e+01 8.29125e-03 | 1.25331e-02 1.07867e-01 1.39115e-01 |
   4854 | 4.02460e+01 8.29125e-03 | 1.25331e-02 1.07867e-01 1.39115e-01 |
   4855 | 4.02543e+01 8.29125e-03 | 1.25331e-02 1.07867e-01 1.39115e-01 |
   4856 | 4.02626e+01 8.29125e-03 | 1.25331e-02 1.07867e-01 1.39115e-01 |
   4857 | 4.02709e+01 8.29126e-03 | 1.25331e-02 1.07867e-01 1.39115e-01 |
   4858 | 4.02792e+01 8.29126e-03 | 1.25331e-02 1.07867e-01 1.39115e-01 |
   4859 | 4.02875e+01 8.29126e-03 | 1.25331e-02 1.07867e-01 1.39115e-01 |
   4860 | 4.02958e+01 8.29126e-03 | 1.25331e-02 1.07867e-01 1.39115e-01 |
   4861 | 4.03041e+01 8.29127e-03 | 1.25331e-02 1.07867e-01 1.39115e-01 |
   4862 | 4.03124e+01 8.29127e-03 | 1.25331e-02 1.07867e-01 1.39115e-01 |
   4863 | 4.03207e+01 8.29127e-03 | 1.25331e-02 1.07867e-01 1.39115e-01 |
   4864 | 4.03289e+01 8.29128e-03 | 1.25331e-02 1.07867e-01 1.39115e-01 |
   4865 | 4.03372e+01 8.29128e-03 | 1.25331e-02 1.07867e-01 1.39115e-01 |
   4866 | 4.03455e+01 8.29129e-03 | 1.25331e-02 1.07867e-01 1.39115e-01 |
   4867 | 4.03538e+01 8.29129e-03 | 1.25331e-02 1.07867e-01 1.39115e-01 |
   4868 | 4.03621e+01 8.29130e-03 | 1.25331e-02 1.07867e-01 1.39115e-01 |
   4869 | 4.03704e+01 8.29131e-03 | 1.25331e-02 1.07867e-01 1.39115e-01 |
   4870 | 4.03787e+01 8.29131e-03 | 1.25331e-02 1.07867e-01 1.39115e-01 |
   4871 | 4.03870e+01 8.29132e-03 | 1.25331e-02 1.07867e-01 1.39115e-01 |
   4872 | 4.03953e+01 8.29133e-03 | 1.25331e-02 1.07867e-01 1.39115e-01 |
   4873 | 4.04036e+01 8.29134e-03 | 1.25331e-02 1.07867e-01 1.39115e-01 |
   4874 | 4.04119e+01 8.29135e-03 | 1.25331e-02 1.07867e-01 1.39115e-01 |
   4875 | 4.04201e+01 8.29136e-03 | 1.25331e-02 1.07867e-01 1.39115e-01 |
   4876 | 4.04284e+01 8.29137e-03 | 1.25331e-02 1.07867e-01 1.39115e-01 |
   4877 | 4.04367e+01 8.29138e-03 | 1.25331e-02 1.07867e-01 1.39115e-01 |
   4878 | 4.04450e+01 8.29139e-03 | 1.25331e-02 1.07867e-01 1.39115e-01 |
   4879 | 4.04533e+01 8.29140e-03 | 1.25331e-02 1.07867e-01 1.39115e-01 |
   4880 | 4.04616e+01 8.29141e-03 | 1.25331e-02 1.07867e-01 1.39115e-01 |
   4881 | 4.04699e+01 8.29142e-03 | 1.25331e-02 1.07867e-01 1.39115e-01 |
   4882 | 4.04782e+01 8.29141e-03 | 1.25331e-02 1.07867e-01 1.39115e-01 |
   4883 | 4.04865e+01 8.29140e-03 | 1.25331e-02 1.07867e-01 1.39115e-01 |
   4884 | 4.04948e+01 8.29139e-03 | 1.25331e-02 1.07867e-01 1.39115e-01 |
   4885 | 4.05031e+01 8.29138e-03 | 1.25331e-02 1.07867e-01 1.39115e-01 |
   4886 | 4.05114e+01 8.29137e-03 | 1.25331e-02 1.07867e-01 1.39115e-01 |
   4887 | 4.05196e+01 8.29136e-03 | 1.25331e-02 1.07867e-01 1.39115e-01 |
   4888 | 4.05279e+01 8.29135e-03 | 1.25331e-02 1.07867e-01 1.39115e-01 |
   4889 | 4.05362e+01 8.29135e-03 | 1.25331e-02 1.07867e-01 1.39115e-01 |
   4890 | 4.05445e+01 8.29134e-03 | 1.25331e-02 1.07867e-01 1.39115e-01 |
   4891 | 4.05528e+01 8.29133e-03 | 1.25331e-02 1.07867e-01 1.39115e-01 |
   4892 | 4.05611e+01 8.29132e-03 | 1.25331e-02 1.07867e-01 1.39115e-01 |
   4893 | 4.05694e+01 8.29132e-03 | 1.25331e-02 1.07867e-01 1.39115e-01 |
   4894 | 4.05777e+01 8.29131e-03 | 1.25331e-02 1.07867e-01 1.39115e-01 |
   4895 | 4.05860e+01 8.29131e-03 | 1.25331e-02 1.07867e-01 1.39115e-01 |
   4896 | 4.05943e+01 8.29130e-03 | 1.25331e-02 1.07867e-01 1.39115e-01 |
   4897 | 4.06026e+01 8.29130e-03 | 1.25331e-02 1.07867e-01 1.39115e-01 |
   4898 | 4.06108e+01 8.29129e-03 | 1.25331e-02 1.07867e-01 1.39115e-01 |
   4899 | 4.06191e+01 8.29129e-03 | 1.25331e-02 1.07867e-01 1.39115e-01 |
   4900 | 4.06274e+01 8.29129e-03 | 1.25331e-02 1.07867e-01 1.39115e-01 |
   4901 | 4.06357e+01 8.29128e-03 | 1.25331e-02 1.07867e-01 1.39115e-01 |
   4902 | 4.06440e+01 8.29128e-03 | 1.25331e-02 1.07867e-01 1.39115e-01 |
   4903 | 4.06523e+01 8.29128e-03 | 1.25331e-02 1.07867e-01 1.39115e-01 |
   4904 | 4.06606e+01 8.29128e-03 | 1.25331e-02 1.07867e-01 1.39115e-01 |
   4905 | 4.06689e+01 8.29128e-03 | 1.25331e-02 1.07867e-01 1.39115e-01 |
   4906 | 4.06772e+01 8.29128e-03 | 1.25331e-02 1.07867e-01 1.39115e-01 |
   4907 | 4.06855e+01 8.29128e-03 | 1.25331e-02 1.07867e-01 1.39115e-01 |
   4908 | 4.06938e+01 8.29128e-03 | 1.25331e-02 1.07867e-01 1.39115e-01 |
   4909 | 4.07021e+01 8.29128e-03 | 1.25331e-02 1.07867e-01 1.39115e-01 |
   4910 | 4.07103e+01 8.29128e-03 | 1.25331e-02 1.07867e-01 1.39115e-01 |
   4911 | 4.07186e+01 8.29128e-03 | 1.25331e-02 1.07867e-01 1.39115e-01 |
   4912 | 4.07269e+01 8.29128e-03 | 1.25331e-02 1.07867e-01 1.39115e-01 |
   4913 | 4.07352e+01 8.29129e-03 | 1.25331e-02 1.07867e-01 1.39115e-01 |
   4914 | 4.07435e+01 8.29129e-03 | 1.25331e-02 1.07867e-01 1.39115e-01 |
   4915 | 4.07518e+01 8.29129e-03 | 1.25331e-02 1.07867e-01 1.39115e-01 |
   4916 | 4.07601e+01 8.29130e-03 | 1.25331e-02 1.07867e-01 1.39115e-01 |
   4917 | 4.07684e+01 8.29130e-03 | 1.25331e-02 1.07867e-01 1.39115e-01 |
   4918 | 4.07767e+01 8.29130e-03 | 1.25331e-02 1.07867e-01 1.39115e-01 |
   4919 | 4.07850e+01 8.29131e-03 | 1.25331e-02 1.07867e-01 1.39115e-01 |
   4920 | 4.07933e+01 8.29132e-03 | 1.25331e-02 1.07867e-01 1.39115e-01 |
   4921 | 4.08015e+01 8.29132e-03 | 1.25331e-02 1.07867e-01 1.39115e-01 |
   4922 | 4.08098e+01 8.29133e-03 | 1.25331e-02 1.07867e-01 1.39115e-01 |
   4923 | 4.08181e+01 8.29134e-03 | 1.25331e-02 1.07867e-01 1.39115e-01 |
   4924 | 4.08264e+01 8.29134e-03 | 1.25331e-02 1.07867e-01 1.39115e-01 |
   4925 | 4.08347e+01 8.29135e-03 | 1.25331e-02 1.07867e-01 1.39115e-01 |
   4926 | 4.08430e+01 8.29135e-03 | 1.25331e-02 1.07867e-01 1.39115e-01 |
   4927 | 4.08513e+01 8.29135e-03 | 1.25331e-02 1.07867e-01 1.39115e-01 |
   4928 | 4.08596e+01 8.29135e-03 | 1.25331e-02 1.07867e-01 1.39115e-01 |
   4929 | 4.08679e+01 8.29136e-03 | 1.25331e-02 1.07867e-01 1.39115e-01 |
   4930 | 4.08762e+01 8.29136e-03 | 1.25331e-02 1.07867e-01 1.39115e-01 |
   4931 | 4.08845e+01 8.29136e-03 | 1.25331e-02 1.07867e-01 1.39115e-01 |
   4932 | 4.08928e+01 8.29137e-03 | 1.25331e-02 1.07867e-01 1.39115e-01 |
   4933 | 4.09010e+01 8.29137e-03 | 1.25331e-02 1.07867e-01 1.39115e-01 |
   4934 | 4.09093e+01 8.29138e-03 | 1.25331e-02 1.07867e-01 1.39115e-01 |
   4935 | 4.09176e+01 8.29139e-03 | 1.25331e-02 1.07867e-01 1.39115e-01 |
   4936 | 4.09259e+01 8.29139e-03 | 1.25331e-02 1.07867e-01 1.39115e-01 |
   4937 | 4.09342e+01 8.29140e-03 | 1.25331e-02 1.07867e-01 1.39115e-01 |
   4938 | 4.09425e+01 8.29140e-03 | 1.25331e-02 1.07867e-01 1.39115e-01 |
   4939 | 4.09508e+01 8.29139e-03 | 1.25331e-02 1.07867e-01 1.39115e-01 |
   4940 | 4.09591e+01 8.29138e-03 | 1.25331e-02 1.07867e-01 1.39115e-01 |
   4941 | 4.09674e+01 8.29137e-03 | 1.25331e-02 1.07867e-01 1.39115e-01 |
   4942 | 4.09757e+01 8.29136e-03 | 1.25331e-02 1.07867e-01 1.39115e-01 |
   4943 | 4.09840e+01 8.29135e-03 | 1.25331e-02 1.07867e-01 1.39115e-01 |
   4944 | 4.09922e+01 8.29134e-03 | 1.25331e-02 1.07867e-01 1.39115e-01 |
   4945 | 4.10005e+01 8.29133e-03 | 1.25331e-02 1.07867e-01 1.39115e-01 |
   4946 | 4.10088e+01 8.29132e-03 | 1.25331e-02 1.07867e-01 1.39115e-01 |
   4947 | 4.10171e+01 8.29132e-03 | 1.25331e-02 1.07867e-01 1.39115e-01 |
   4948 | 4.10254e+01 8.29131e-03 | 1.25331e-02 1.07867e-01 1.39115e-01 |
   4949 | 4.10337e+01 8.29130e-03 | 1.25331e-02 1.07867e-01 1.39115e-01 |
   4950 | 4.10420e+01 8.29130e-03 | 1.25331e-02 1.07867e-01 1.39115e-01 |
   4951 | 4.10503e+01 8.29129e-03 | 1.25331e-02 1.07867e-01 1.39115e-01 |
   4952 | 4.10586e+01 8.29129e-03 | 1.25331e-02 1.07867e-01 1.39115e-01 |
   4953 | 4.10669e+01 8.29128e-03 | 1.25331e-02 1.07867e-01 1.39115e-01 |
   4954 | 4.10752e+01 8.29128e-03 | 1.25331e-02 1.07867e-01 1.39115e-01 |
   4955 | 4.10835e+01 8.29127e-03 | 1.25331e-02 1.07867e-01 1.39115e-01 |
   4956 | 4.10917e+01 8.29127e-03 | 1.25331e-02 1.07867e-01 1.39115e-01 |
   4957 | 4.11000e+01 8.29127e-03 | 1.25331e-02 1.07867e-01 1.39115e-01 |
   4958 | 4.11083e+01 8.29126e-03 | 1.25331e-02 1.07867e-01 1.39115e-01 |
   4959 | 4.11166e+01 8.29126e-03 | 1.25331e-02 1.07867e-01 1.39115e-01 |
   4960 | 4.11249e+01 8.29126e-03 | 1.25331e-02 1.07867e-01 1.39115e-01 |
   4961 | 4.11332e+01 8.29126e-03 | 1.25331e-02 1.07867e-01 1.39115e-01 |
   4962 | 4.11415e+01 8.29126e-03 | 1.25331e-02 1.07867e-01 1.39115e-01 |
   4963 | 4.11498e+01 8.29126e-03 | 1.25331e-02 1.07867e-01 1.39115e-01 |
   4964 | 4.11581e+01 8.29126e-03 | 1.25331e-02 1.07867e-01 1.39115e-01 |
   4965 | 4.11664e+01 8.29126e-03 | 1.25331e-02 1.07867e-01 1.39115e-01 |
   4966 | 4.11747e+01 8.29126e-03 | 1.25331e-02 1.07867e-01 1.39115e-01 |
   4967 | 4.11829e+01 8.29126e-03 | 1.25331e-02 1.07867e-01 1.39115e-01 |
   4968 | 4.11912e+01 8.29126e-03 | 1.25331e-02 1.07867e-01 1.39115e-01 |
   4969 | 4.11995e+01 8.29126e-03 | 1.25331e-02 1.07867e-01 1.39115e-01 |
   4970 | 4.12078e+01 8.29127e-03 | 1.25331e-02 1.07867e-01 1.39115e-01 |
   4971 | 4.12161e+01 8.29127e-03 | 1.25331e-02 1.07867e-01 1.39115e-01 |
   4972 | 4.12244e+01 8.29127e-03 | 1.25331e-02 1.07867e-01 1.39115e-01 |
   4973 | 4.12327e+01 8.29128e-03 | 1.25331e-02 1.07867e-01 1.39115e-01 |
   4974 | 4.12410e+01 8.29128e-03 | 1.25331e-02 1.07867e-01 1.39115e-01 |
   4975 | 4.12493e+01 8.29129e-03 | 1.25331e-02 1.07867e-01 1.39115e-01 |
   4976 | 4.12576e+01 8.29129e-03 | 1.25331e-02 1.07867e-01 1.39115e-01 |
   4977 | 4.12659e+01 8.29130e-03 | 1.25331e-02 1.07867e-01 1.39115e-01 |
   4978 | 4.12742e+01 8.29130e-03 | 1.25331e-02 1.07867e-01 1.39115e-01 |
   4979 | 4.12824e+01 8.29131e-03 | 1.25331e-02 1.07867e-01 1.39115e-01 |
   4980 | 4.12907e+01 8.29132e-03 | 1.25331e-02 1.07867e-01 1.39115e-01 |
   4981 | 4.12990e+01 8.29133e-03 | 1.25331e-02 1.07867e-01 1.39115e-01 |
   4982 | 4.13073e+01 8.29133e-03 | 1.25331e-02 1.07867e-01 1.39115e-01 |
   4983 | 4.13156e+01 8.29134e-03 | 1.25331e-02 1.07867e-01 1.39115e-01 |
   4984 | 4.13239e+01 8.29135e-03 | 1.25331e-02 1.07867e-01 1.39115e-01 |
   4985 | 4.13322e+01 8.29136e-03 | 1.25331e-02 1.07867e-01 1.39115e-01 |
   4986 | 4.13405e+01 8.29137e-03 | 1.25331e-02 1.07867e-01 1.39115e-01 |
   4987 | 4.13488e+01 8.29138e-03 | 1.25331e-02 1.07867e-01 1.39115e-01 |
   4988 | 4.13571e+01 8.29139e-03 | 1.25331e-02 1.07867e-01 1.39115e-01 |
   4989 | 4.13654e+01 8.29140e-03 | 1.25331e-02 1.07867e-01 1.39115e-01 |
   4990 | 4.13736e+01 8.29141e-03 | 1.25331e-02 1.07867e-01 1.39115e-01 |
   4991 | 4.13819e+01 8.29143e-03 | 1.25331e-02 1.07867e-01 1.39115e-01 |
   4992 | 4.13902e+01 8.29142e-03 | 1.25331e-02 1.07867e-01 1.39115e-01 |
   4993 | 4.13985e+01 8.29141e-03 | 1.25331e-02 1.07867e-01 1.39115e-01 |
   4994 | 4.14068e+01 8.29140e-03 | 1.25331e-02 1.07867e-01 1.39115e-01 |
   4995 | 4.14151e+01 8.29139e-03 | 1.25331e-02 1.07867e-01 1.39115e-01 |
   4996 | 4.14234e+01 8.29138e-03 | 1.25331e-02 1.07867e-01 1.39115e-01 |
   4997 | 4.14317e+01 8.29137e-03 | 1.25331e-02 1.07867e-01 1.39115e-01 |
   4998 | 4.14400e+01 8.29136e-03 | 1.25331e-02 1.07867e-01 1.39115e-01 |
   4999 | 4.14483e+01 8.29135e-03 | 1.25331e-02 1.07867e-01 1.39115e-01 |
   5000 | 4.14566e+01 8.29134e-03 | 1.25331e-02 1.07867e-01 1.39115e-01 |
   5001 | 4.14649e+01 8.29134e-03 | 1.25331e-02 1.07867e-01 1.39115e-01 |
   5002 | 4.14731e+01 8.29133e-03 | 1.25331e-02 1.07867e-01 1.39115e-01 |
   5003 | 4.14814e+01 8.29132e-03 | 1.25331e-02 1.07867e-01 1.39115e-01 |
   5004 | 4.14897e+01 8.29132e-03 | 1.25331e-02 1.07867e-01 1.39115e-01 |
   5005 | 4.14980e+01 8.29131e-03 | 1.25331e-02 1.07867e-01 1.39115e-01 |
   5006 | 4.15063e+01 8.29131e-03 | 1.25331e-02 1.07867e-01 1.39115e-01 |
   5007 | 4.15146e+01 8.29130e-03 | 1.25331e-02 1.07867e-01 1.39115e-01 |
   5008 | 4.15229e+01 8.29130e-03 | 1.25331e-02 1.07867e-01 1.39115e-01 |
   5009 | 4.15312e+01 8.29129e-03 | 1.25331e-02 1.07867e-01 1.39115e-01 |
   5010 | 4.15395e+01 8.29128e-03 | 1.25331e-02 1.07867e-01 1.39115e-01 |
   5011 | 4.15478e+01 8.29128e-03 | 1.25331e-02 1.07867e-01 1.39115e-01 |
   5012 | 4.15561e+01 8.29127e-03 | 1.25331e-02 1.07867e-01 1.39115e-01 |
   5013 | 4.15643e+01 8.29127e-03 | 1.25331e-02 1.07867e-01 1.39115e-01 |
   5014 | 4.15726e+01 8.29126e-03 | 1.25331e-02 1.07867e-01 1.39115e-01 |
   5015 | 4.15809e+01 8.29126e-03 | 1.25331e-02 1.07867e-01 1.39115e-01 |
   5016 | 4.15892e+01 8.29125e-03 | 1.25331e-02 1.07867e-01 1.39115e-01 |
   5017 | 4.15975e+01 8.29125e-03 | 1.25331e-02 1.07867e-01 1.39115e-01 |
   5018 | 4.16058e+01 8.29125e-03 | 1.25331e-02 1.07867e-01 1.39115e-01 |
   5019 | 4.16141e+01 8.29124e-03 | 1.25331e-02 1.07867e-01 1.39115e-01 |
   5020 | 4.16224e+01 8.29124e-03 | 1.25331e-02 1.07867e-01 1.39115e-01 |
   5021 | 4.16307e+01 8.29124e-03 | 1.25331e-02 1.07867e-01 1.39115e-01 |
   5022 | 4.16390e+01 8.29124e-03 | 1.25331e-02 1.07867e-01 1.39115e-01 |
   5023 | 4.16473e+01 8.29124e-03 | 1.25331e-02 1.07867e-01 1.39115e-01 |
   5024 | 4.16556e+01 8.29124e-03 | 1.25331e-02 1.07867e-01 1.39115e-01 |
   5025 | 4.16638e+01 8.29124e-03 | 1.25331e-02 1.07867e-01 1.39115e-01 |
   5026 | 4.16721e+01 8.29124e-03 | 1.25331e-02 1.07867e-01 1.39115e-01 |
   5027 | 4.16804e+01 8.29124e-03 | 1.25331e-02 1.07867e-01 1.39115e-01 |
   5028 | 4.16887e+01 8.29124e-03 | 1.25331e-02 1.07867e-01 1.39115e-01 |
   5029 | 4.16970e+01 8.29124e-03 | 1.25331e-02 1.07867e-01 1.39115e-01 |
   5030 | 4.17053e+01 8.29124e-03 | 1.25331e-02 1.07867e-01 1.39115e-01 |
   5031 | 4.17136e+01 8.29125e-03 | 1.25331e-02 1.07867e-01 1.39115e-01 |
   5032 | 4.17219e+01 8.29125e-03 | 1.25331e-02 1.07867e-01 1.39115e-01 |
   5033 | 4.17302e+01 8.29125e-03 | 1.25331e-02 1.07867e-01 1.39115e-01 |
   5034 | 4.17385e+01 8.29126e-03 | 1.25331e-02 1.07867e-01 1.39115e-01 |
   5035 | 4.17468e+01 8.29126e-03 | 1.25331e-02 1.07867e-01 1.39115e-01 |
   5036 | 4.17550e+01 8.29127e-03 | 1.25331e-02 1.07867e-01 1.39115e-01 |
   5037 | 4.17633e+01 8.29127e-03 | 1.25331e-02 1.07867e-01 1.39115e-01 |
   5038 | 4.17716e+01 8.29128e-03 | 1.25331e-02 1.07867e-01 1.39115e-01 |
   5039 | 4.17799e+01 8.29129e-03 | 1.25331e-02 1.07867e-01 1.39115e-01 |
   5040 | 4.17882e+01 8.29129e-03 | 1.25331e-02 1.07867e-01 1.39115e-01 |
   5041 | 4.17965e+01 8.29130e-03 | 1.25331e-02 1.07867e-01 1.39115e-01 |
   5042 | 4.18048e+01 8.29131e-03 | 1.25331e-02 1.07867e-01 1.39115e-01 |
   5043 | 4.18131e+01 8.29131e-03 | 1.25331e-02 1.07867e-01 1.39115e-01 |
   5044 | 4.18214e+01 8.29132e-03 | 1.25331e-02 1.07867e-01 1.39115e-01 |
   5045 | 4.18297e+01 8.29133e-03 | 1.25331e-02 1.07867e-01 1.39115e-01 |
   5046 | 4.18380e+01 8.29134e-03 | 1.25331e-02 1.07867e-01 1.39115e-01 |
   5047 | 4.18463e+01 8.29135e-03 | 1.25331e-02 1.07867e-01 1.39115e-01 |
   5048 | 4.18545e+01 8.29136e-03 | 1.25331e-02 1.07867e-01 1.39115e-01 |
   5049 | 4.18628e+01 8.29137e-03 | 1.25331e-02 1.07867e-01 1.39115e-01 |
   5050 | 4.18711e+01 8.29138e-03 | 1.25331e-02 1.07867e-01 1.39115e-01 |
   5051 | 4.18794e+01 8.29139e-03 | 1.25331e-02 1.07867e-01 1.39115e-01 |
   5052 | 4.18877e+01 8.29138e-03 | 1.25331e-02 1.07867e-01 1.39115e-01 |
   5053 | 4.18960e+01 8.29137e-03 | 1.25331e-02 1.07867e-01 1.39115e-01 |
   5054 | 4.19043e+01 8.29136e-03 | 1.25331e-02 1.07867e-01 1.39115e-01 |
   5055 | 4.19126e+01 8.29135e-03 | 1.25331e-02 1.07867e-01 1.39115e-01 |
   5056 | 4.19209e+01 8.29134e-03 | 1.25331e-02 1.07867e-01 1.39115e-01 |
   5057 | 4.19292e+01 8.29133e-03 | 1.25331e-02 1.07867e-01 1.39115e-01 |
   5058 | 4.19375e+01 8.29132e-03 | 1.25331e-02 1.07867e-01 1.39115e-01 |
   5059 | 4.19457e+01 8.29131e-03 | 1.25331e-02 1.07867e-01 1.39115e-01 |
   5060 | 4.19540e+01 8.29130e-03 | 1.25331e-02 1.07867e-01 1.39115e-01 |
   5061 | 4.19623e+01 8.29129e-03 | 1.25331e-02 1.07867e-01 1.39115e-01 |
   5062 | 4.19706e+01 8.29129e-03 | 1.25331e-02 1.07867e-01 1.39115e-01 |
   5063 | 4.19789e+01 8.29128e-03 | 1.25331e-02 1.07867e-01 1.39115e-01 |
   5064 | 4.19872e+01 8.29127e-03 | 1.25331e-02 1.07867e-01 1.39115e-01 |
   5065 | 4.19955e+01 8.29127e-03 | 1.25331e-02 1.07867e-01 1.39115e-01 |
   5066 | 4.20038e+01 8.29126e-03 | 1.25331e-02 1.07867e-01 1.39115e-01 |
   5067 | 4.20121e+01 8.29126e-03 | 1.25331e-02 1.07867e-01 1.39115e-01 |
   5068 | 4.20204e+01 8.29125e-03 | 1.25331e-02 1.07867e-01 1.39115e-01 |
   5069 | 4.20287e+01 8.29125e-03 | 1.25331e-02 1.07867e-01 1.39115e-01 |
   5070 | 4.20370e+01 8.29125e-03 | 1.25331e-02 1.07867e-01 1.39115e-01 |
   5071 | 4.20452e+01 8.29124e-03 | 1.25331e-02 1.07867e-01 1.39115e-01 |
   5072 | 4.20535e+01 8.29124e-03 | 1.25331e-02 1.07867e-01 1.39115e-01 |
   5073 | 4.20618e+01 8.29124e-03 | 1.25331e-02 1.07867e-01 1.39115e-01 |
   5074 | 4.20701e+01 8.29124e-03 | 1.25331e-02 1.07867e-01 1.39115e-01 |
   5075 | 4.20784e+01 8.29124e-03 | 1.25331e-02 1.07867e-01 1.39115e-01 |
   5076 | 4.20867e+01 8.29123e-03 | 1.25331e-02 1.07867e-01 1.39115e-01 |
   5077 | 4.20950e+01 8.29123e-03 | 1.25331e-02 1.07867e-01 1.39115e-01 |
   5078 | 4.21033e+01 8.29123e-03 | 1.25331e-02 1.07867e-01 1.39115e-01 |
   5079 | 4.21116e+01 8.29123e-03 | 1.25331e-02 1.07867e-01 1.39115e-01 |
   5080 | 4.21199e+01 8.29123e-03 | 1.25331e-02 1.07867e-01 1.39115e-01 |
   5081 | 4.21282e+01 8.29124e-03 | 1.25331e-02 1.07867e-01 1.39115e-01 |
   5082 | 4.21364e+01 8.29124e-03 | 1.25331e-02 1.07867e-01 1.39115e-01 |
   5083 | 4.21447e+01 8.29124e-03 | 1.25331e-02 1.07867e-01 1.39115e-01 |
   5084 | 4.21530e+01 8.29124e-03 | 1.25331e-02 1.07867e-01 1.39115e-01 |
   5085 | 4.21613e+01 8.29125e-03 | 1.25331e-02 1.07867e-01 1.39115e-01 |
   5086 | 4.21696e+01 8.29125e-03 | 1.25331e-02 1.07867e-01 1.39115e-01 |
   5087 | 4.21779e+01 8.29125e-03 | 1.25331e-02 1.07867e-01 1.39115e-01 |
   5088 | 4.21862e+01 8.29126e-03 | 1.25331e-02 1.07867e-01 1.39115e-01 |
   5089 | 4.21945e+01 8.29126e-03 | 1.25331e-02 1.07867e-01 1.39115e-01 |
   5090 | 4.22028e+01 8.29127e-03 | 1.25331e-02 1.07867e-01 1.39115e-01 |
   5091 | 4.22111e+01 8.29127e-03 | 1.25331e-02 1.07867e-01 1.39115e-01 |
   5092 | 4.22194e+01 8.29128e-03 | 1.25331e-02 1.07867e-01 1.39115e-01 |
   5093 | 4.22277e+01 8.29129e-03 | 1.25331e-02 1.07867e-01 1.39115e-01 |
   5094 | 4.22359e+01 8.29129e-03 | 1.25331e-02 1.07867e-01 1.39115e-01 |
   5095 | 4.22442e+01 8.29130e-03 | 1.25331e-02 1.07867e-01 1.39115e-01 |
   5096 | 4.22525e+01 8.29131e-03 | 1.25331e-02 1.07867e-01 1.39115e-01 |
   5097 | 4.22608e+01 8.29132e-03 | 1.25331e-02 1.07867e-01 1.39115e-01 |
   5098 | 4.22691e+01 8.29132e-03 | 1.25331e-02 1.07867e-01 1.39115e-01 |
   5099 | 4.22774e+01 8.29133e-03 | 1.25331e-02 1.07867e-01 1.39115e-01 |
   5100 | 4.22857e+01 8.29134e-03 | 1.25331e-02 1.07867e-01 1.39115e-01 |
   5101 | 4.22940e+01 8.29135e-03 | 1.25331e-02 1.07867e-01 1.39115e-01 |
   5102 | 4.23023e+01 8.29136e-03 | 1.25331e-02 1.07867e-01 1.39115e-01 |
   5103 | 4.23106e+01 8.29137e-03 | 1.25331e-02 1.07867e-01 1.39115e-01 |
   5104 | 4.23189e+01 8.29139e-03 | 1.25331e-02 1.07867e-01 1.39115e-01 |
   5105 | 4.23271e+01 8.29140e-03 | 1.25331e-02 1.07867e-01 1.39115e-01 |
   5106 | 4.23354e+01 8.29141e-03 | 1.25331e-02 1.07867e-01 1.39115e-01 |
   5107 | 4.23437e+01 8.29140e-03 | 1.25331e-02 1.07867e-01 1.39115e-01 |
   5108 | 4.23520e+01 8.29139e-03 | 1.25331e-02 1.07867e-01 1.39115e-01 |
   5109 | 4.23603e+01 8.29137e-03 | 1.25331e-02 1.07867e-01 1.39115e-01 |
   5110 | 4.23686e+01 8.29136e-03 | 1.25331e-02 1.07867e-01 1.39115e-01 |
   5111 | 4.23769e+01 8.29135e-03 | 1.25331e-02 1.07867e-01 1.39115e-01 |
   5112 | 4.23852e+01 8.29134e-03 | 1.25331e-02 1.07867e-01 1.39115e-01 |
   5113 | 4.23935e+01 8.29133e-03 | 1.25331e-02 1.07867e-01 1.39115e-01 |
   5114 | 4.24018e+01 8.29132e-03 | 1.25331e-02 1.07867e-01 1.39115e-01 |
   5115 | 4.24101e+01 8.29132e-03 | 1.25331e-02 1.07867e-01 1.39115e-01 |
   5116 | 4.24184e+01 8.29131e-03 | 1.25331e-02 1.07867e-01 1.39115e-01 |
   5117 | 4.24266e+01 8.29130e-03 | 1.25331e-02 1.07867e-01 1.39115e-01 |
   5118 | 4.24349e+01 8.29129e-03 | 1.25331e-02 1.07867e-01 1.39115e-01 |
   5119 | 4.24432e+01 8.29129e-03 | 1.25331e-02 1.07867e-01 1.39115e-01 |
   5120 | 4.24515e+01 8.29128e-03 | 1.25331e-02 1.07867e-01 1.39115e-01 |
   5121 | 4.24598e+01 8.29127e-03 | 1.25331e-02 1.07867e-01 1.39115e-01 |
   5122 | 4.24681e+01 8.29127e-03 | 1.25331e-02 1.07867e-01 1.39115e-01 |
   5123 | 4.24764e+01 8.29126e-03 | 1.25331e-02 1.07867e-01 1.39115e-01 |
   5124 | 4.24847e+01 8.29126e-03 | 1.25331e-02 1.07867e-01 1.39115e-01 |
   5125 | 4.24930e+01 8.29125e-03 | 1.25331e-02 1.07867e-01 1.39115e-01 |
   5126 | 4.25013e+01 8.29125e-03 | 1.25331e-02 1.07867e-01 1.39115e-01 |
   5127 | 4.25096e+01 8.29125e-03 | 1.25331e-02 1.07867e-01 1.39115e-01 |
   5128 | 4.25178e+01 8.29124e-03 | 1.25331e-02 1.07867e-01 1.39115e-01 |
   5129 | 4.25261e+01 8.29124e-03 | 1.25331e-02 1.07867e-01 1.39115e-01 |
   5130 | 4.25344e+01 8.29124e-03 | 1.25331e-02 1.07867e-01 1.39115e-01 |
   5131 | 4.25427e+01 8.29124e-03 | 1.25331e-02 1.07867e-01 1.39115e-01 |
   5132 | 4.25510e+01 8.29124e-03 | 1.25331e-02 1.07867e-01 1.39115e-01 |
   5133 | 4.25593e+01 8.29124e-03 | 1.25331e-02 1.07867e-01 1.39115e-01 |
   5134 | 4.25676e+01 8.29124e-03 | 1.25331e-02 1.07867e-01 1.39115e-01 |
   5135 | 4.25759e+01 8.29124e-03 | 1.25331e-02 1.07867e-01 1.39115e-01 |
   5136 | 4.25842e+01 8.29124e-03 | 1.25331e-02 1.07867e-01 1.39115e-01 |
   5137 | 4.25925e+01 8.29124e-03 | 1.25331e-02 1.07867e-01 1.39115e-01 |
   5138 | 4.26008e+01 8.29124e-03 | 1.25331e-02 1.07867e-01 1.39115e-01 |
   5139 | 4.26091e+01 8.29124e-03 | 1.25331e-02 1.07867e-01 1.39115e-01 |
   5140 | 4.26173e+01 8.29124e-03 | 1.25331e-02 1.07867e-01 1.39115e-01 |
   5141 | 4.26256e+01 8.29125e-03 | 1.25331e-02 1.07867e-01 1.39115e-01 |
   5142 | 4.26339e+01 8.29125e-03 | 1.25331e-02 1.07867e-01 1.39115e-01 |
   5143 | 4.26422e+01 8.29125e-03 | 1.25331e-02 1.07867e-01 1.39115e-01 |
   5144 | 4.26505e+01 8.29126e-03 | 1.25331e-02 1.07867e-01 1.39115e-01 |
   5145 | 4.26588e+01 8.29126e-03 | 1.25331e-02 1.07867e-01 1.39115e-01 |
   5146 | 4.26671e+01 8.29127e-03 | 1.25331e-02 1.07867e-01 1.39115e-01 |
   5147 | 4.26754e+01 8.29127e-03 | 1.25331e-02 1.07867e-01 1.39115e-01 |
   5148 | 4.26837e+01 8.29128e-03 | 1.25331e-02 1.07867e-01 1.39115e-01 |
   5149 | 4.26920e+01 8.29128e-03 | 1.25331e-02 1.07867e-01 1.39115e-01 |
   5150 | 4.27003e+01 8.29129e-03 | 1.25331e-02 1.07867e-01 1.39115e-01 |
   5151 | 4.27085e+01 8.29130e-03 | 1.25331e-02 1.07867e-01 1.39115e-01 |
   5152 | 4.27168e+01 8.29131e-03 | 1.25331e-02 1.07867e-01 1.39115e-01 |
   5153 | 4.27251e+01 8.29131e-03 | 1.25331e-02 1.07867e-01 1.39115e-01 |
   5154 | 4.27334e+01 8.29132e-03 | 1.25331e-02 1.07867e-01 1.39115e-01 |
   5155 | 4.27417e+01 8.29133e-03 | 1.25331e-02 1.07867e-01 1.39115e-01 |
   5156 | 4.27500e+01 8.29134e-03 | 1.25331e-02 1.07867e-01 1.39115e-01 |
   5157 | 4.27583e+01 8.29135e-03 | 1.25331e-02 1.07867e-01 1.39115e-01 |
   5158 | 4.27666e+01 8.29136e-03 | 1.25331e-02 1.07867e-01 1.39115e-01 |
   5159 | 4.27749e+01 8.29137e-03 | 1.25331e-02 1.07867e-01 1.39115e-01 |
   5160 | 4.27832e+01 8.29138e-03 | 1.25331e-02 1.07867e-01 1.39115e-01 |
   5161 | 4.27915e+01 8.29139e-03 | 1.25331e-02 1.07867e-01 1.39115e-01 |
   5162 | 4.27998e+01 8.29138e-03 | 1.25331e-02 1.07867e-01 1.39115e-01 |
   5163 | 4.28080e+01 8.29137e-03 | 1.25331e-02 1.07867e-01 1.39115e-01 |
   5164 | 4.28163e+01 8.29136e-03 | 1.25331e-02 1.07867e-01 1.39115e-01 |
   5165 | 4.28246e+01 8.29135e-03 | 1.25331e-02 1.07867e-01 1.39115e-01 |
   5166 | 4.28329e+01 8.29134e-03 | 1.25331e-02 1.07867e-01 1.39115e-01 |
   5167 | 4.28412e+01 8.29133e-03 | 1.25331e-02 1.07867e-01 1.39115e-01 |
   5168 | 4.28495e+01 8.29132e-03 | 1.25331e-02 1.07867e-01 1.39115e-01 |
   5169 | 4.28578e+01 8.29131e-03 | 1.25331e-02 1.07867e-01 1.39115e-01 |
   5170 | 4.28661e+01 8.29130e-03 | 1.25331e-02 1.07867e-01 1.39115e-01 |
   5171 | 4.28744e+01 8.29129e-03 | 1.25331e-02 1.07867e-01 1.39115e-01 |
   5172 | 4.28827e+01 8.29129e-03 | 1.25331e-02 1.07867e-01 1.39115e-01 |
   5173 | 4.28910e+01 8.29128e-03 | 1.25331e-02 1.07867e-01 1.39115e-01 |
   5174 | 4.28992e+01 8.29127e-03 | 1.25331e-02 1.07867e-01 1.39115e-01 |
   5175 | 4.29075e+01 8.29127e-03 | 1.25331e-02 1.07867e-01 1.39115e-01 |
   5176 | 4.29158e+01 8.29126e-03 | 1.25331e-02 1.07867e-01 1.39115e-01 |
   5177 | 4.29241e+01 8.29126e-03 | 1.25331e-02 1.07867e-01 1.39115e-01 |
   5178 | 4.29324e+01 8.29125e-03 | 1.25331e-02 1.07867e-01 1.39115e-01 |
   5179 | 4.29407e+01 8.29125e-03 | 1.25331e-02 1.07867e-01 1.39115e-01 |
   5180 | 4.29490e+01 8.29125e-03 | 1.25331e-02 1.07867e-01 1.39115e-01 |
   5181 | 4.29573e+01 8.29124e-03 | 1.25331e-02 1.07867e-01 1.39115e-01 |
   5182 | 4.29656e+01 8.29124e-03 | 1.25331e-02 1.07867e-01 1.39115e-01 |
   5183 | 4.29739e+01 8.29124e-03 | 1.25331e-02 1.07867e-01 1.39115e-01 |
   5184 | 4.29822e+01 8.29124e-03 | 1.25331e-02 1.07867e-01 1.39115e-01 |
   5185 | 4.29905e+01 8.29124e-03 | 1.25331e-02 1.07867e-01 1.39115e-01 |
   5186 | 4.29987e+01 8.29123e-03 | 1.25331e-02 1.07867e-01 1.39115e-01 |
   5187 | 4.30070e+01 8.29123e-03 | 1.25331e-02 1.07867e-01 1.39115e-01 |
   5188 | 4.30153e+01 8.29123e-03 | 1.25331e-02 1.07867e-01 1.39115e-01 |
   5189 | 4.30236e+01 8.29123e-03 | 1.25331e-02 1.07867e-01 1.39115e-01 |
   5190 | 4.30319e+01 8.29124e-03 | 1.25331e-02 1.07867e-01 1.39115e-01 |
   5191 | 4.30402e+01 8.29124e-03 | 1.25331e-02 1.07867e-01 1.39115e-01 |
   5192 | 4.30485e+01 8.29124e-03 | 1.25331e-02 1.07867e-01 1.39115e-01 |
   5193 | 4.30568e+01 8.29124e-03 | 1.25331e-02 1.07867e-01 1.39115e-01 |
   5194 | 4.30651e+01 8.29124e-03 | 1.25331e-02 1.07867e-01 1.39115e-01 |
   5195 | 4.30734e+01 8.29125e-03 | 1.25331e-02 1.07867e-01 1.39115e-01 |
   5196 | 4.30817e+01 8.29125e-03 | 1.25331e-02 1.07867e-01 1.39115e-01 |
   5197 | 4.30899e+01 8.29125e-03 | 1.25331e-02 1.07867e-01 1.39115e-01 |
   5198 | 4.30982e+01 8.29126e-03 | 1.25331e-02 1.07867e-01 1.39115e-01 |
   5199 | 4.31065e+01 8.29126e-03 | 1.25331e-02 1.07867e-01 1.39115e-01 |
   5200 | 4.31148e+01 8.29127e-03 | 1.25331e-02 1.07867e-01 1.39115e-01 |
   5201 | 4.31231e+01 8.29127e-03 | 1.25331e-02 1.07867e-01 1.39115e-01 |
   5202 | 4.31314e+01 8.29128e-03 | 1.25331e-02 1.07867e-01 1.39115e-01 |
   5203 | 4.31397e+01 8.29129e-03 | 1.25331e-02 1.07867e-01 1.39115e-01 |
   5204 | 4.31480e+01 8.29129e-03 | 1.25331e-02 1.07867e-01 1.39115e-01 |
   5205 | 4.31563e+01 8.29130e-03 | 1.25331e-02 1.07867e-01 1.39115e-01 |
   5206 | 4.31646e+01 8.29131e-03 | 1.25331e-02 1.07867e-01 1.39115e-01 |
   5207 | 4.31729e+01 8.29132e-03 | 1.25331e-02 1.07867e-01 1.39115e-01 |
   5208 | 4.31811e+01 8.29133e-03 | 1.25331e-02 1.07867e-01 1.39115e-01 |
   5209 | 4.31894e+01 8.29133e-03 | 1.25331e-02 1.07867e-01 1.39115e-01 |
   5210 | 4.31977e+01 8.29134e-03 | 1.25331e-02 1.07867e-01 1.39115e-01 |
   5211 | 4.32060e+01 8.29135e-03 | 1.25331e-02 1.07867e-01 1.39115e-01 |
   5212 | 4.32143e+01 8.29136e-03 | 1.25331e-02 1.07867e-01 1.39115e-01 |
   5213 | 4.32226e+01 8.29137e-03 | 1.25331e-02 1.07867e-01 1.39115e-01 |
   5214 | 4.32309e+01 8.29138e-03 | 1.25331e-02 1.07867e-01 1.39115e-01 |
   5215 | 4.32392e+01 8.29139e-03 | 1.25331e-02 1.07867e-01 1.39115e-01 |
   5216 | 4.32475e+01 8.29140e-03 | 1.25331e-02 1.07867e-01 1.39115e-01 |
   5217 | 4.32558e+01 8.29141e-03 | 1.25331e-02 1.07867e-01 1.39115e-01 |
   5218 | 4.32641e+01 8.29142e-03 | 1.25331e-02 1.07867e-01 1.39115e-01 |
   5219 | 4.32724e+01 8.29143e-03 | 1.25331e-02 1.07867e-01 1.39115e-01 |
   5220 | 4.32806e+01 8.29144e-03 | 1.25331e-02 1.07867e-01 1.39115e-01 |
   5221 | 4.32889e+01 8.29144e-03 | 1.25331e-02 1.07867e-01 1.39115e-01 |
   5222 | 4.32972e+01 8.29143e-03 | 1.25331e-02 1.07867e-01 1.39115e-01 |
   5223 | 4.33055e+01 8.29141e-03 | 1.25331e-02 1.07867e-01 1.39115e-01 |
   5224 | 4.33138e+01 8.29140e-03 | 1.25331e-02 1.07867e-01 1.39115e-01 |
   5225 | 4.33221e+01 8.29139e-03 | 1.25331e-02 1.07867e-01 1.39115e-01 |
   5226 | 4.33304e+01 8.29138e-03 | 1.25331e-02 1.07867e-01 1.39115e-01 |
   5227 | 4.33387e+01 8.29137e-03 | 1.25331e-02 1.07867e-01 1.39115e-01 |
   5228 | 4.33470e+01 8.29136e-03 | 1.25331e-02 1.07867e-01 1.39115e-01 |
   5229 | 4.33553e+01 8.29136e-03 | 1.25331e-02 1.07867e-01 1.39115e-01 |
   5230 | 4.33636e+01 8.29135e-03 | 1.25331e-02 1.07867e-01 1.39115e-01 |
   5231 | 4.33719e+01 8.29134e-03 | 1.25331e-02 1.07867e-01 1.39115e-01 |
   5232 | 4.33801e+01 8.29133e-03 | 1.25331e-02 1.07867e-01 1.39115e-01 |
   5233 | 4.33884e+01 8.29132e-03 | 1.25331e-02 1.07867e-01 1.39115e-01 |
   5234 | 4.33967e+01 8.29132e-03 | 1.25331e-02 1.07867e-01 1.39115e-01 |
   5235 | 4.34050e+01 8.29131e-03 | 1.25331e-02 1.07867e-01 1.39115e-01 |
   5236 | 4.34133e+01 8.29131e-03 | 1.25331e-02 1.07867e-01 1.39115e-01 |
   5237 | 4.34216e+01 8.29130e-03 | 1.25331e-02 1.07867e-01 1.39115e-01 |
   5238 | 4.34299e+01 8.29130e-03 | 1.25331e-02 1.07867e-01 1.39115e-01 |
   5239 | 4.34382e+01 8.29129e-03 | 1.25331e-02 1.07867e-01 1.39115e-01 |
   5240 | 4.34465e+01 8.29129e-03 | 1.25331e-02 1.07867e-01 1.39115e-01 |
   5241 | 4.34548e+01 8.29128e-03 | 1.25331e-02 1.07867e-01 1.39115e-01 |
   5242 | 4.34631e+01 8.29128e-03 | 1.25331e-02 1.07867e-01 1.39115e-01 |
   5243 | 4.34713e+01 8.29128e-03 | 1.25331e-02 1.07867e-01 1.39115e-01 |
   5244 | 4.34796e+01 8.29128e-03 | 1.25331e-02 1.07867e-01 1.39115e-01 |
   5245 | 4.34879e+01 8.29127e-03 | 1.25331e-02 1.07867e-01 1.39115e-01 |
   5246 | 4.34962e+01 8.29127e-03 | 1.25331e-02 1.07867e-01 1.39115e-01 |
   5247 | 4.35045e+01 8.29127e-03 | 1.25331e-02 1.07867e-01 1.39115e-01 |
   5248 | 4.35128e+01 8.29127e-03 | 1.25331e-02 1.07867e-01 1.39115e-01 |
   5249 | 4.35211e+01 8.29127e-03 | 1.25331e-02 1.07867e-01 1.39115e-01 |
   5250 | 4.35294e+01 8.29127e-03 | 1.25331e-02 1.07867e-01 1.39115e-01 |
   5251 | 4.35377e+01 8.29127e-03 | 1.25331e-02 1.07867e-01 1.39115e-01 |
   5252 | 4.35460e+01 8.29127e-03 | 1.25331e-02 1.07867e-01 1.39115e-01 |
   5253 | 4.35543e+01 8.29128e-03 | 1.25331e-02 1.07867e-01 1.39115e-01 |
   5254 | 4.35626e+01 8.29128e-03 | 1.25331e-02 1.07867e-01 1.39115e-01 |
   5255 | 4.35708e+01 8.29128e-03 | 1.25331e-02 1.07867e-01 1.39115e-01 |
   5256 | 4.35791e+01 8.29128e-03 | 1.25331e-02 1.07867e-01 1.39115e-01 |
   5257 | 4.35874e+01 8.29129e-03 | 1.25331e-02 1.07867e-01 1.39115e-01 |
   5258 | 4.35957e+01 8.29129e-03 | 1.25331e-02 1.07867e-01 1.39115e-01 |
   5259 | 4.36040e+01 8.29130e-03 | 1.25331e-02 1.07867e-01 1.39115e-01 |
   5260 | 4.36123e+01 8.29130e-03 | 1.25331e-02 1.07867e-01 1.39115e-01 |
   5261 | 4.36206e+01 8.29131e-03 | 1.25331e-02 1.07867e-01 1.39115e-01 |
   5262 | 4.36289e+01 8.29131e-03 | 1.25331e-02 1.07867e-01 1.39115e-01 |
   5263 | 4.36372e+01 8.29132e-03 | 1.25331e-02 1.07867e-01 1.39115e-01 |
   5264 | 4.36455e+01 8.29132e-03 | 1.25331e-02 1.07867e-01 1.39115e-01 |
   5265 | 4.36538e+01 8.29133e-03 | 1.25331e-02 1.07867e-01 1.39115e-01 |
   5266 | 4.36620e+01 8.29134e-03 | 1.25331e-02 1.07867e-01 1.39115e-01 |
   5267 | 4.36703e+01 8.29135e-03 | 1.25331e-02 1.07867e-01 1.39115e-01 |
   5268 | 4.36786e+01 8.29136e-03 | 1.25331e-02 1.07867e-01 1.39115e-01 |
   5269 | 4.36869e+01 8.29136e-03 | 1.25331e-02 1.07867e-01 1.39115e-01 |
   5270 | 4.36952e+01 8.29137e-03 | 1.25331e-02 1.07867e-01 1.39115e-01 |
   5271 | 4.37035e+01 8.29138e-03 | 1.25331e-02 1.07867e-01 1.39115e-01 |
   5272 | 4.37118e+01 8.29139e-03 | 1.25331e-02 1.07867e-01 1.39115e-01 |
   5273 | 4.37201e+01 8.29139e-03 | 1.25331e-02 1.07867e-01 1.39115e-01 |
   5274 | 4.37284e+01 8.29138e-03 | 1.25331e-02 1.07867e-01 1.39115e-01 |
   5275 | 4.37367e+01 8.29137e-03 | 1.25331e-02 1.07867e-01 1.39115e-01 |
   5276 | 4.37450e+01 8.29136e-03 | 1.25331e-02 1.07867e-01 1.39115e-01 |
   5277 | 4.37533e+01 8.29136e-03 | 1.25331e-02 1.07867e-01 1.39115e-01 |
   5278 | 4.37615e+01 8.29135e-03 | 1.25331e-02 1.07867e-01 1.39115e-01 |
   5279 | 4.37698e+01 8.29135e-03 | 1.25331e-02 1.07867e-01 1.39115e-01 |
   5280 | 4.37781e+01 8.29134e-03 | 1.25331e-02 1.07867e-01 1.39115e-01 |
   5281 | 4.37864e+01 8.29134e-03 | 1.25331e-02 1.07867e-01 1.39115e-01 |
   5282 | 4.37947e+01 8.29133e-03 | 1.25331e-02 1.07867e-01 1.39115e-01 |
   5283 | 4.38030e+01 8.29133e-03 | 1.25331e-02 1.07867e-01 1.39115e-01 |
   5284 | 4.38113e+01 8.29133e-03 | 1.25331e-02 1.07867e-01 1.39115e-01 |
   5285 | 4.38196e+01 8.29132e-03 | 1.25331e-02 1.07867e-01 1.39115e-01 |
   5286 | 4.38279e+01 8.29132e-03 | 1.25331e-02 1.07867e-01 1.39115e-01 |
   5287 | 4.38362e+01 8.29132e-03 | 1.25331e-02 1.07867e-01 1.39115e-01 |
   5288 | 4.38445e+01 8.29132e-03 | 1.25331e-02 1.07867e-01 1.39115e-01 |
   5289 | 4.38527e+01 8.29132e-03 | 1.25331e-02 1.07867e-01 1.39115e-01 |
   5290 | 4.38610e+01 8.29132e-03 | 1.25331e-02 1.07867e-01 1.39115e-01 |
   5291 | 4.38693e+01 8.29132e-03 | 1.25331e-02 1.07867e-01 1.39115e-01 |
   5292 | 4.38776e+01 8.29132e-03 | 1.25331e-02 1.07867e-01 1.39115e-01 |
   5293 | 4.38859e+01 8.29132e-03 | 1.25331e-02 1.07867e-01 1.39115e-01 |
   5294 | 4.38942e+01 8.29132e-03 | 1.25331e-02 1.07867e-01 1.39115e-01 |
   5295 | 4.39025e+01 8.29132e-03 | 1.25331e-02 1.07867e-01 1.39115e-01 |
   5296 | 4.39108e+01 8.29131e-03 | 1.25331e-02 1.07867e-01 1.39115e-01 |
   5297 | 4.39191e+01 8.29131e-03 | 1.25331e-02 1.07867e-01 1.39115e-01 |
   5298 | 4.39274e+01 8.29131e-03 | 1.25331e-02 1.07867e-01 1.39115e-01 |
   5299 | 4.39357e+01 8.29130e-03 | 1.25331e-02 1.07867e-01 1.39115e-01 |
   5300 | 4.39440e+01 8.29130e-03 | 1.25331e-02 1.07867e-01 1.39115e-01 |
   5301 | 4.39522e+01 8.29130e-03 | 1.25331e-02 1.07867e-01 1.39115e-01 |
   5302 | 4.39605e+01 8.29130e-03 | 1.25331e-02 1.07867e-01 1.39115e-01 |
   5303 | 4.39688e+01 8.29130e-03 | 1.25331e-02 1.07867e-01 1.39115e-01 |
   5304 | 4.39771e+01 8.29130e-03 | 1.25331e-02 1.07867e-01 1.39115e-01 |
   5305 | 4.39854e+01 8.29130e-03 | 1.25331e-02 1.07867e-01 1.39115e-01 |
   5306 | 4.39937e+01 8.29130e-03 | 1.25331e-02 1.07867e-01 1.39115e-01 |
   5307 | 4.40020e+01 8.29130e-03 | 1.25331e-02 1.07867e-01 1.39115e-01 |
   5308 | 4.40103e+01 8.29130e-03 | 1.25331e-02 1.07867e-01 1.39115e-01 |
   5309 | 4.40186e+01 8.29130e-03 | 1.25331e-02 1.07867e-01 1.39115e-01 |
   5310 | 4.40269e+01 8.29130e-03 | 1.25331e-02 1.07867e-01 1.39115e-01 |
   5311 | 4.40352e+01 8.29130e-03 | 1.25331e-02 1.07867e-01 1.39115e-01 |
   5312 | 4.40434e+01 8.29131e-03 | 1.25331e-02 1.07867e-01 1.39115e-01 |
   5313 | 4.40517e+01 8.29131e-03 | 1.25331e-02 1.07867e-01 1.39115e-01 |
   5314 | 4.40600e+01 8.29131e-03 | 1.25331e-02 1.07867e-01 1.39115e-01 |
   5315 | 4.40683e+01 8.29132e-03 | 1.25331e-02 1.07867e-01 1.39115e-01 |
   5316 | 4.40766e+01 8.29132e-03 | 1.25331e-02 1.07867e-01 1.39115e-01 |
   5317 | 4.40849e+01 8.29133e-03 | 1.25331e-02 1.07867e-01 1.39115e-01 |
   5318 | 4.40932e+01 8.29133e-03 | 1.25331e-02 1.07867e-01 1.39115e-01 |
   5319 | 4.41015e+01 8.29134e-03 | 1.25331e-02 1.07867e-01 1.39115e-01 |
   5320 | 4.41098e+01 8.29134e-03 | 1.25331e-02 1.07867e-01 1.39115e-01 |
   5321 | 4.41181e+01 8.29135e-03 | 1.25331e-02 1.07867e-01 1.39115e-01 |
   5322 | 4.41264e+01 8.29136e-03 | 1.25331e-02 1.07867e-01 1.39115e-01 |
   5323 | 4.41347e+01 8.29137e-03 | 1.25331e-02 1.07867e-01 1.39115e-01 |
   5324 | 4.41429e+01 8.29137e-03 | 1.25331e-02 1.07867e-01 1.39115e-01 |
   5325 | 4.41512e+01 8.29138e-03 | 1.25331e-02 1.07867e-01 1.39115e-01 |
   5326 | 4.41595e+01 8.29139e-03 | 1.25331e-02 1.07867e-01 1.39115e-01 |
   5327 | 4.41678e+01 8.29140e-03 | 1.25331e-02 1.07867e-01 1.39115e-01 |
   5328 | 4.41761e+01 8.29141e-03 | 1.25331e-02 1.07867e-01 1.39115e-01 |
   5329 | 4.41844e+01 8.29141e-03 | 1.25331e-02 1.07867e-01 1.39115e-01 |
   5330 | 4.41927e+01 8.29141e-03 | 1.25331e-02 1.07867e-01 1.39115e-01 |
   5331 | 4.42010e+01 8.29140e-03 | 1.25331e-02 1.07867e-01 1.39115e-01 |
   5332 | 4.42093e+01 8.29139e-03 | 1.25331e-02 1.07867e-01 1.39115e-01 |
   5333 | 4.42176e+01 8.29139e-03 | 1.25331e-02 1.07867e-01 1.39115e-01 |
   5334 | 4.42259e+01 8.29138e-03 | 1.25331e-02 1.07867e-01 1.39115e-01 |
   5335 | 4.42341e+01 8.29138e-03 | 1.25331e-02 1.07867e-01 1.39115e-01 |
   5336 | 4.42424e+01 8.29138e-03 | 1.25331e-02 1.07867e-01 1.39115e-01 |
   5337 | 4.42507e+01 8.29137e-03 | 1.25331e-02 1.07867e-01 1.39115e-01 |
   5338 | 4.42590e+01 8.29136e-03 | 1.25331e-02 1.07867e-01 1.39115e-01 |
   5339 | 4.42673e+01 8.29135e-03 | 1.25331e-02 1.07867e-01 1.39115e-01 |
   5340 | 4.42756e+01 8.29134e-03 | 1.25331e-02 1.07867e-01 1.39115e-01 |
   5341 | 4.42839e+01 8.29133e-03 | 1.25331e-02 1.07867e-01 1.39115e-01 |
   5342 | 4.42922e+01 8.29133e-03 | 1.25331e-02 1.07867e-01 1.39115e-01 |
   5343 | 4.43005e+01 8.29132e-03 | 1.25331e-02 1.07867e-01 1.39115e-01 |
   5344 | 4.43088e+01 8.29131e-03 | 1.25331e-02 1.07867e-01 1.39115e-01 |
   5345 | 4.43171e+01 8.29131e-03 | 1.25331e-02 1.07867e-01 1.39115e-01 |
   5346 | 4.43254e+01 8.29130e-03 | 1.25331e-02 1.07867e-01 1.39115e-01 |
   5347 | 4.43336e+01 8.29130e-03 | 1.25331e-02 1.07867e-01 1.39115e-01 |
   5348 | 4.43419e+01 8.29129e-03 | 1.25331e-02 1.07867e-01 1.39115e-01 |
   5349 | 4.43502e+01 8.29129e-03 | 1.25331e-02 1.07867e-01 1.39115e-01 |
   5350 | 4.43585e+01 8.29128e-03 | 1.25331e-02 1.07867e-01 1.39115e-01 |
   5351 | 4.43668e+01 8.29128e-03 | 1.25331e-02 1.07867e-01 1.39115e-01 |
   5352 | 4.43751e+01 8.29128e-03 | 1.25331e-02 1.07867e-01 1.39115e-01 |
   5353 | 4.43834e+01 8.29127e-03 | 1.25331e-02 1.07867e-01 1.39115e-01 |
   5354 | 4.43917e+01 8.29127e-03 | 1.25331e-02 1.07867e-01 1.39115e-01 |
   5355 | 4.44000e+01 8.29127e-03 | 1.25331e-02 1.07867e-01 1.39115e-01 |
   5356 | 4.44083e+01 8.29127e-03 | 1.25331e-02 1.07867e-01 1.39115e-01 |
   5357 | 4.44166e+01 8.29127e-03 | 1.25331e-02 1.07867e-01 1.39115e-01 |
   5358 | 4.44248e+01 8.29127e-03 | 1.25331e-02 1.07867e-01 1.39115e-01 |
   5359 | 4.44331e+01 8.29127e-03 | 1.25331e-02 1.07867e-01 1.39115e-01 |
   5360 | 4.44414e+01 8.29127e-03 | 1.25331e-02 1.07867e-01 1.39115e-01 |
   5361 | 4.44497e+01 8.29127e-03 | 1.25331e-02 1.07867e-01 1.39115e-01 |
   5362 | 4.44580e+01 8.29127e-03 | 1.25331e-02 1.07867e-01 1.39115e-01 |
   5363 | 4.44663e+01 8.29127e-03 | 1.25331e-02 1.07867e-01 1.39115e-01 |
   5364 | 4.44746e+01 8.29127e-03 | 1.25331e-02 1.07867e-01 1.39115e-01 |
   5365 | 4.44829e+01 8.29128e-03 | 1.25331e-02 1.07867e-01 1.39115e-01 |
   5366 | 4.44912e+01 8.29128e-03 | 1.25331e-02 1.07867e-01 1.39115e-01 |
   5367 | 4.44995e+01 8.29128e-03 | 1.25331e-02 1.07867e-01 1.39115e-01 |
   5368 | 4.45078e+01 8.29129e-03 | 1.25331e-02 1.07867e-01 1.39115e-01 |
   5369 | 4.45161e+01 8.29129e-03 | 1.25331e-02 1.07867e-01 1.39115e-01 |
   5370 | 4.45243e+01 8.29130e-03 | 1.25331e-02 1.07867e-01 1.39115e-01 |
   5371 | 4.45326e+01 8.29130e-03 | 1.25331e-02 1.07867e-01 1.39115e-01 |
   5372 | 4.45409e+01 8.29131e-03 | 1.25331e-02 1.07867e-01 1.39115e-01 |
   5373 | 4.45492e+01 8.29131e-03 | 1.25331e-02 1.07867e-01 1.39115e-01 |
   5374 | 4.45575e+01 8.29132e-03 | 1.25331e-02 1.07867e-01 1.39115e-01 |
   5375 | 4.45658e+01 8.29133e-03 | 1.25331e-02 1.07867e-01 1.39115e-01 |
   5376 | 4.45741e+01 8.29133e-03 | 1.25331e-02 1.07867e-01 1.39115e-01 |
   5377 | 4.45824e+01 8.29134e-03 | 1.25331e-02 1.07867e-01 1.39115e-01 |
   5378 | 4.45907e+01 8.29135e-03 | 1.25331e-02 1.07867e-01 1.39115e-01 |
   5379 | 4.45990e+01 8.29136e-03 | 1.25331e-02 1.07867e-01 1.39115e-01 |
   5380 | 4.46073e+01 8.29137e-03 | 1.25331e-02 1.07867e-01 1.39115e-01 |
   5381 | 4.46155e+01 8.29138e-03 | 1.25331e-02 1.07867e-01 1.39115e-01 |
   5382 | 4.46238e+01 8.29139e-03 | 1.25331e-02 1.07867e-01 1.39115e-01 |
   5383 | 4.46321e+01 8.29140e-03 | 1.25331e-02 1.07867e-01 1.39115e-01 |
   5384 | 4.46404e+01 8.29139e-03 | 1.25331e-02 1.07867e-01 1.39115e-01 |
   5385 | 4.46487e+01 8.29138e-03 | 1.25331e-02 1.07867e-01 1.39115e-01 |
   5386 | 4.46570e+01 8.29137e-03 | 1.25331e-02 1.07867e-01 1.39115e-01 |
   5387 | 4.46653e+01 8.29137e-03 | 1.25331e-02 1.07867e-01 1.39115e-01 |
   5388 | 4.46736e+01 8.29136e-03 | 1.25331e-02 1.07867e-01 1.39115e-01 |
   5389 | 4.46819e+01 8.29136e-03 | 1.25331e-02 1.07867e-01 1.39115e-01 |
   5390 | 4.46902e+01 8.29135e-03 | 1.25331e-02 1.07867e-01 1.39115e-01 |
   5391 | 4.46985e+01 8.29135e-03 | 1.25331e-02 1.07867e-01 1.39115e-01 |
   5392 | 4.47068e+01 8.29134e-03 | 1.25331e-02 1.07867e-01 1.39115e-01 |
   5393 | 4.47150e+01 8.29134e-03 | 1.25331e-02 1.07867e-01 1.39115e-01 |
   5394 | 4.47233e+01 8.29134e-03 | 1.25331e-02 1.07867e-01 1.39115e-01 |
   5395 | 4.47316e+01 8.29133e-03 | 1.25331e-02 1.07867e-01 1.39115e-01 |
   5396 | 4.47399e+01 8.29133e-03 | 1.25331e-02 1.07867e-01 1.39115e-01 |
   5397 | 4.47482e+01 8.29133e-03 | 1.25331e-02 1.07867e-01 1.39115e-01 |
   5398 | 4.47565e+01 8.29133e-03 | 1.25331e-02 1.07867e-01 1.39115e-01 |
   5399 | 4.47648e+01 8.29133e-03 | 1.25331e-02 1.07867e-01 1.39115e-01 |
   5400 | 4.47731e+01 8.29133e-03 | 1.25331e-02 1.07867e-01 1.39115e-01 |
   5401 | 4.47814e+01 8.29133e-03 | 1.25331e-02 1.07867e-01 1.39115e-01 |
   5402 | 4.47897e+01 8.29133e-03 | 1.25331e-02 1.07867e-01 1.39115e-01 |
   5403 | 4.47980e+01 8.29133e-03 | 1.25331e-02 1.07867e-01 1.39115e-01 |
   5404 | 4.48062e+01 8.29133e-03 | 1.25331e-02 1.07867e-01 1.39115e-01 |
   5405 | 4.48145e+01 8.29133e-03 | 1.25331e-02 1.07867e-01 1.39115e-01 |
   5406 | 4.48228e+01 8.29133e-03 | 1.25331e-02 1.07867e-01 1.39115e-01 |
   5407 | 4.48311e+01 8.29133e-03 | 1.25331e-02 1.07867e-01 1.39115e-01 |
   5408 | 4.48394e+01 8.29134e-03 | 1.25331e-02 1.07867e-01 1.39115e-01 |
   5409 | 4.48477e+01 8.29134e-03 | 1.25331e-02 1.07867e-01 1.39115e-01 |
   5410 | 4.48560e+01 8.29134e-03 | 1.25331e-02 1.07867e-01 1.39115e-01 |
   5411 | 4.48643e+01 8.29135e-03 | 1.25331e-02 1.07867e-01 1.39115e-01 |
   5412 | 4.48726e+01 8.29135e-03 | 1.25331e-02 1.07867e-01 1.39115e-01 |
   5413 | 4.48809e+01 8.29136e-03 | 1.25331e-02 1.07867e-01 1.39115e-01 |
   5414 | 4.48892e+01 8.29136e-03 | 1.25331e-02 1.07867e-01 1.39115e-01 |
   5415 | 4.48975e+01 8.29137e-03 | 1.25331e-02 1.07867e-01 1.39115e-01 |
   5416 | 4.49057e+01 8.29138e-03 | 1.25331e-02 1.07867e-01 1.39115e-01 |
   5417 | 4.49140e+01 8.29138e-03 | 1.25331e-02 1.07867e-01 1.39115e-01 |
   5418 | 4.49223e+01 8.29139e-03 | 1.25331e-02 1.07867e-01 1.39115e-01 |
   5419 | 4.49306e+01 8.29139e-03 | 1.25331e-02 1.07867e-01 1.39115e-01 |
   5420 | 4.49389e+01 8.29139e-03 | 1.25331e-02 1.07867e-01 1.39115e-01 |
   5421 | 4.49472e+01 8.29139e-03 | 1.25331e-02 1.07867e-01 1.39115e-01 |
   5422 | 4.49555e+01 8.29139e-03 | 1.25331e-02 1.07867e-01 1.39115e-01 |
   5423 | 4.49638e+01 8.29140e-03 | 1.25331e-02 1.07867e-01 1.39115e-01 |
   5424 | 4.49721e+01 8.29140e-03 | 1.25331e-02 1.07867e-01 1.39115e-01 |
   5425 | 4.49804e+01 8.29140e-03 | 1.25331e-02 1.07867e-01 1.39115e-01 |
   5426 | 4.49887e+01 8.29140e-03 | 1.25331e-02 1.07867e-01 1.39115e-01 |
   5427 | 4.49970e+01 8.29141e-03 | 1.25331e-02 1.07867e-01 1.39115e-01 |
   5428 | 4.50052e+01 8.29141e-03 | 1.25331e-02 1.07867e-01 1.39115e-01 |
   5429 | 4.50135e+01 8.29141e-03 | 1.25331e-02 1.07867e-01 1.39115e-01 |
   5430 | 4.50218e+01 8.29142e-03 | 1.25331e-02 1.07867e-01 1.39115e-01 |
   5431 | 4.50301e+01 8.29142e-03 | 1.25331e-02 1.07867e-01 1.39115e-01 |
   5432 | 4.50384e+01 8.29143e-03 | 1.25331e-02 1.07867e-01 1.39115e-01 |
   5433 | 4.50467e+01 8.29142e-03 | 1.25331e-02 1.07867e-01 1.39115e-01 |
   5434 | 4.50550e+01 8.29141e-03 | 1.25331e-02 1.07867e-01 1.39115e-01 |
   5435 | 4.50633e+01 8.29140e-03 | 1.25331e-02 1.07867e-01 1.39115e-01 |
   5436 | 4.50716e+01 8.29139e-03 | 1.25331e-02 1.07867e-01 1.39115e-01 |
   5437 | 4.50799e+01 8.29138e-03 | 1.25331e-02 1.07867e-01 1.39115e-01 |
   5438 | 4.50882e+01 8.29136e-03 | 1.25331e-02 1.07867e-01 1.39115e-01 |
   5439 | 4.50964e+01 8.29135e-03 | 1.25331e-02 1.07867e-01 1.39115e-01 |
   5440 | 4.51047e+01 8.29134e-03 | 1.25331e-02 1.07867e-01 1.39115e-01 |
   5441 | 4.51130e+01 8.29134e-03 | 1.25331e-02 1.07867e-01 1.39115e-01 |
   5442 | 4.51213e+01 8.29133e-03 | 1.25331e-02 1.07867e-01 1.39115e-01 |
   5443 | 4.51296e+01 8.29132e-03 | 1.25331e-02 1.07867e-01 1.39115e-01 |
   5444 | 4.51379e+01 8.29131e-03 | 1.25331e-02 1.07867e-01 1.39115e-01 |
   5445 | 4.51462e+01 8.29130e-03 | 1.25331e-02 1.07867e-01 1.39115e-01 |
   5446 | 4.51545e+01 8.29130e-03 | 1.25331e-02 1.07867e-01 1.39115e-01 |
   5447 | 4.51628e+01 8.29129e-03 | 1.25331e-02 1.07867e-01 1.39115e-01 |
   5448 | 4.51711e+01 8.29128e-03 | 1.25331e-02 1.07867e-01 1.39115e-01 |
   5449 | 4.51794e+01 8.29128e-03 | 1.25331e-02 1.07867e-01 1.39115e-01 |
   5450 | 4.51877e+01 8.29127e-03 | 1.25331e-02 1.07867e-01 1.39115e-01 |
   5451 | 4.51959e+01 8.29127e-03 | 1.25331e-02 1.07867e-01 1.39115e-01 |
   5452 | 4.52042e+01 8.29126e-03 | 1.25331e-02 1.07867e-01 1.39115e-01 |
   5453 | 4.52125e+01 8.29126e-03 | 1.25331e-02 1.07867e-01 1.39115e-01 |
   5454 | 4.52208e+01 8.29125e-03 | 1.25331e-02 1.07867e-01 1.39115e-01 |
   5455 | 4.52291e+01 8.29125e-03 | 1.25331e-02 1.07867e-01 1.39115e-01 |
   5456 | 4.52374e+01 8.29125e-03 | 1.25331e-02 1.07867e-01 1.39115e-01 |
   5457 | 4.52457e+01 8.29125e-03 | 1.25331e-02 1.07867e-01 1.39115e-01 |
   5458 | 4.52540e+01 8.29124e-03 | 1.25331e-02 1.07867e-01 1.39115e-01 |
   5459 | 4.52623e+01 8.29124e-03 | 1.25331e-02 1.07867e-01 1.39115e-01 |
   5460 | 4.52706e+01 8.29124e-03 | 1.25331e-02 1.07867e-01 1.39115e-01 |
   5461 | 4.52789e+01 8.29124e-03 | 1.25331e-02 1.07867e-01 1.39115e-01 |
   5462 | 4.52871e+01 8.29124e-03 | 1.25331e-02 1.07867e-01 1.39115e-01 |
   5463 | 4.52954e+01 8.29124e-03 | 1.25331e-02 1.07867e-01 1.39115e-01 |
   5464 | 4.53037e+01 8.29124e-03 | 1.25331e-02 1.07867e-01 1.39115e-01 |
   5465 | 4.53120e+01 8.29124e-03 | 1.25331e-02 1.07867e-01 1.39115e-01 |
   5466 | 4.53203e+01 8.29124e-03 | 1.25331e-02 1.07867e-01 1.39115e-01 |
   5467 | 4.53286e+01 8.29125e-03 | 1.25331e-02 1.07867e-01 1.39115e-01 |
   5468 | 4.53369e+01 8.29125e-03 | 1.25331e-02 1.07867e-01 1.39115e-01 |
   5469 | 4.53452e+01 8.29125e-03 | 1.25331e-02 1.07867e-01 1.39115e-01 |
   5470 | 4.53535e+01 8.29126e-03 | 1.25331e-02 1.07867e-01 1.39115e-01 |
   5471 | 4.53618e+01 8.29126e-03 | 1.25331e-02 1.07867e-01 1.39115e-01 |
   5472 | 4.53701e+01 8.29126e-03 | 1.25331e-02 1.07867e-01 1.39115e-01 |
   5473 | 4.53784e+01 8.29127e-03 | 1.25331e-02 1.07867e-01 1.39115e-01 |
   5474 | 4.53866e+01 8.29127e-03 | 1.25331e-02 1.07867e-01 1.39115e-01 |
   5475 | 4.53949e+01 8.29128e-03 | 1.25331e-02 1.07867e-01 1.39115e-01 |
   5476 | 4.54032e+01 8.29129e-03 | 1.25331e-02 1.07867e-01 1.39115e-01 |
   5477 | 4.54115e+01 8.29129e-03 | 1.25331e-02 1.07867e-01 1.39115e-01 |
   5478 | 4.54198e+01 8.29130e-03 | 1.25331e-02 1.07867e-01 1.39115e-01 |
   5479 | 4.54281e+01 8.29131e-03 | 1.25331e-02 1.07867e-01 1.39115e-01 |
   5480 | 4.54364e+01 8.29131e-03 | 1.25331e-02 1.07867e-01 1.39115e-01 |
   5481 | 4.54447e+01 8.29132e-03 | 1.25331e-02 1.07867e-01 1.39115e-01 |
   5482 | 4.54530e+01 8.29133e-03 | 1.25331e-02 1.07867e-01 1.39115e-01 |
   5483 | 4.54613e+01 8.29134e-03 | 1.25331e-02 1.07867e-01 1.39115e-01 |
   5484 | 4.54696e+01 8.29135e-03 | 1.25331e-02 1.07867e-01 1.39115e-01 |
   5485 | 4.54778e+01 8.29136e-03 | 1.25331e-02 1.07867e-01 1.39115e-01 |
   5486 | 4.54861e+01 8.29137e-03 | 1.25331e-02 1.07867e-01 1.39115e-01 |
   5487 | 4.54944e+01 8.29138e-03 | 1.25331e-02 1.07867e-01 1.39115e-01 |
   5488 | 4.55027e+01 8.29139e-03 | 1.25331e-02 1.07867e-01 1.39115e-01 |
   5489 | 4.55110e+01 8.29140e-03 | 1.25331e-02 1.07867e-01 1.39115e-01 |
   5490 | 4.55193e+01 8.29140e-03 | 1.25331e-02 1.07867e-01 1.39115e-01 |
   5491 | 4.55276e+01 8.29138e-03 | 1.25331e-02 1.07867e-01 1.39115e-01 |
   5492 | 4.55359e+01 8.29137e-03 | 1.25331e-02 1.07867e-01 1.39115e-01 |
   5493 | 4.55442e+01 8.29136e-03 | 1.25331e-02 1.07867e-01 1.39115e-01 |
   5494 | 4.55525e+01 8.29136e-03 | 1.25331e-02 1.07867e-01 1.39115e-01 |
   5495 | 4.55608e+01 8.29135e-03 | 1.25331e-02 1.07867e-01 1.39115e-01 |
   5496 | 4.55691e+01 8.29134e-03 | 1.25331e-02 1.07867e-01 1.39115e-01 |
   5497 | 4.55773e+01 8.29133e-03 | 1.25331e-02 1.07867e-01 1.39115e-01 |
   5498 | 4.55856e+01 8.29132e-03 | 1.25331e-02 1.07867e-01 1.39115e-01 |
   5499 | 4.55939e+01 8.29131e-03 | 1.25331e-02 1.07867e-01 1.39115e-01 |
   5500 | 4.56022e+01 8.29131e-03 | 1.25331e-02 1.07867e-01 1.39115e-01 |
   5501 | 4.56105e+01 8.29130e-03 | 1.25331e-02 1.07867e-01 1.39115e-01 |
   5502 | 4.56188e+01 8.29130e-03 | 1.25331e-02 1.07867e-01 1.39115e-01 |
   5503 | 4.56271e+01 8.29129e-03 | 1.25331e-02 1.07867e-01 1.39115e-01 |
   5504 | 4.56354e+01 8.29128e-03 | 1.25331e-02 1.07867e-01 1.39115e-01 |
   5505 | 4.56437e+01 8.29128e-03 | 1.25331e-02 1.07867e-01 1.39115e-01 |
   5506 | 4.56520e+01 8.29128e-03 | 1.25331e-02 1.07867e-01 1.39115e-01 |
   5507 | 4.56603e+01 8.29127e-03 | 1.25331e-02 1.07867e-01 1.39115e-01 |
   5508 | 4.56685e+01 8.29127e-03 | 1.25331e-02 1.07867e-01 1.39115e-01 |
   5509 | 4.56768e+01 8.29127e-03 | 1.25331e-02 1.07867e-01 1.39115e-01 |
   5510 | 4.56851e+01 8.29126e-03 | 1.25331e-02 1.07867e-01 1.39115e-01 |
   5511 | 4.56934e+01 8.29126e-03 | 1.25331e-02 1.07867e-01 1.39115e-01 |
   5512 | 4.57017e+01 8.29126e-03 | 1.25331e-02 1.07867e-01 1.39115e-01 |
   5513 | 4.57100e+01 8.29126e-03 | 1.25331e-02 1.07867e-01 1.39115e-01 |
   5514 | 4.57183e+01 8.29126e-03 | 1.25331e-02 1.07867e-01 1.39115e-01 |
   5515 | 4.57266e+01 8.29126e-03 | 1.25331e-02 1.07867e-01 1.39115e-01 |
   5516 | 4.57349e+01 8.29126e-03 | 1.25331e-02 1.07867e-01 1.39115e-01 |
   5517 | 4.57432e+01 8.29126e-03 | 1.25331e-02 1.07867e-01 1.39115e-01 |
   5518 | 4.57515e+01 8.29126e-03 | 1.25331e-02 1.07867e-01 1.39115e-01 |
   5519 | 4.57598e+01 8.29126e-03 | 1.25331e-02 1.07867e-01 1.39115e-01 |
   5520 | 4.57680e+01 8.29126e-03 | 1.25331e-02 1.07867e-01 1.39115e-01 |
   5521 | 4.57763e+01 8.29126e-03 | 1.25331e-02 1.07867e-01 1.39115e-01 |
   5522 | 4.57846e+01 8.29127e-03 | 1.25331e-02 1.07867e-01 1.39115e-01 |
   5523 | 4.57929e+01 8.29127e-03 | 1.25331e-02 1.07867e-01 1.39115e-01 |
   5524 | 4.58012e+01 8.29127e-03 | 1.25331e-02 1.07867e-01 1.39115e-01 |
   5525 | 4.58095e+01 8.29128e-03 | 1.25331e-02 1.07867e-01 1.39115e-01 |
   5526 | 4.58178e+01 8.29128e-03 | 1.25331e-02 1.07867e-01 1.39115e-01 |
   5527 | 4.58261e+01 8.29129e-03 | 1.25331e-02 1.07867e-01 1.39115e-01 |
   5528 | 4.58344e+01 8.29129e-03 | 1.25331e-02 1.07867e-01 1.39115e-01 |
   5529 | 4.58427e+01 8.29130e-03 | 1.25331e-02 1.07867e-01 1.39115e-01 |
   5530 | 4.58510e+01 8.29131e-03 | 1.25331e-02 1.07867e-01 1.39115e-01 |
   5531 | 4.58592e+01 8.29131e-03 | 1.25331e-02 1.07867e-01 1.39115e-01 |
   5532 | 4.58675e+01 8.29132e-03 | 1.25331e-02 1.07867e-01 1.39115e-01 |
   5533 | 4.58758e+01 8.29133e-03 | 1.25331e-02 1.07867e-01 1.39115e-01 |
   5534 | 4.58841e+01 8.29134e-03 | 1.25331e-02 1.07867e-01 1.39115e-01 |
   5535 | 4.58924e+01 8.29134e-03 | 1.25331e-02 1.07867e-01 1.39115e-01 |
   5536 | 4.59007e+01 8.29135e-03 | 1.25331e-02 1.07867e-01 1.39115e-01 |
   5537 | 4.59090e+01 8.29136e-03 | 1.25331e-02 1.07867e-01 1.39115e-01 |
   5538 | 4.59173e+01 8.29137e-03 | 1.25331e-02 1.07867e-01 1.39115e-01 |
   5539 | 4.59256e+01 8.29138e-03 | 1.25331e-02 1.07867e-01 1.39115e-01 |
   5540 | 4.59339e+01 8.29139e-03 | 1.25331e-02 1.07867e-01 1.39115e-01 |
   5541 | 4.59422e+01 8.29140e-03 | 1.25331e-02 1.07867e-01 1.39115e-01 |
   5542 | 4.59505e+01 8.29142e-03 | 1.25331e-02 1.07867e-01 1.39115e-01 |
   5543 | 4.59587e+01 8.29142e-03 | 1.25331e-02 1.07867e-01 1.39115e-01 |
   5544 | 4.59670e+01 8.29141e-03 | 1.25331e-02 1.07867e-01 1.39115e-01 |
   5545 | 4.59753e+01 8.29140e-03 | 1.25331e-02 1.07867e-01 1.39115e-01 |
   5546 | 4.59836e+01 8.29139e-03 | 1.25331e-02 1.07867e-01 1.39115e-01 |
   5547 | 4.59919e+01 8.29138e-03 | 1.25331e-02 1.07867e-01 1.39115e-01 |
   5548 | 4.60002e+01 8.29137e-03 | 1.25331e-02 1.07867e-01 1.39115e-01 |
   5549 | 4.60085e+01 8.29136e-03 | 1.25331e-02 1.07867e-01 1.39115e-01 |
   5550 | 4.60168e+01 8.29135e-03 | 1.25331e-02 1.07867e-01 1.39115e-01 |
   5551 | 4.60251e+01 8.29134e-03 | 1.25331e-02 1.07867e-01 1.39115e-01 |
   5552 | 4.60334e+01 8.29133e-03 | 1.25331e-02 1.07867e-01 1.39115e-01 |
   5553 | 4.60417e+01 8.29132e-03 | 1.25331e-02 1.07867e-01 1.39115e-01 |
   5554 | 4.60499e+01 8.29131e-03 | 1.25331e-02 1.07867e-01 1.39115e-01 |
   5555 | 4.60582e+01 8.29130e-03 | 1.25331e-02 1.07867e-01 1.39115e-01 |
   5556 | 4.60665e+01 8.29130e-03 | 1.25331e-02 1.07867e-01 1.39115e-01 |
   5557 | 4.60748e+01 8.29129e-03 | 1.25331e-02 1.07867e-01 1.39115e-01 |
   5558 | 4.60831e+01 8.29128e-03 | 1.25331e-02 1.07867e-01 1.39115e-01 |
   5559 | 4.60914e+01 8.29128e-03 | 1.25331e-02 1.07867e-01 1.39115e-01 |
   5560 | 4.60997e+01 8.29127e-03 | 1.25331e-02 1.07867e-01 1.39115e-01 |
   5561 | 4.61080e+01 8.29127e-03 | 1.25331e-02 1.07867e-01 1.39115e-01 |
   5562 | 4.61163e+01 8.29126e-03 | 1.25331e-02 1.07867e-01 1.39115e-01 |
   5563 | 4.61246e+01 8.29126e-03 | 1.25331e-02 1.07867e-01 1.39115e-01 |
   5564 | 4.61329e+01 8.29126e-03 | 1.25331e-02 1.07867e-01 1.39115e-01 |
   5565 | 4.61412e+01 8.29125e-03 | 1.25331e-02 1.07867e-01 1.39115e-01 |
   5566 | 4.61494e+01 8.29125e-03 | 1.25331e-02 1.07867e-01 1.39115e-01 |
   5567 | 4.61577e+01 8.29125e-03 | 1.25331e-02 1.07867e-01 1.39115e-01 |
   5568 | 4.61660e+01 8.29125e-03 | 1.25331e-02 1.07867e-01 1.39115e-01 |
   5569 | 4.61743e+01 8.29125e-03 | 1.25331e-02 1.07867e-01 1.39115e-01 |
   5570 | 4.61826e+01 8.29124e-03 | 1.25331e-02 1.07867e-01 1.39115e-01 |
   5571 | 4.61909e+01 8.29124e-03 | 1.25331e-02 1.07867e-01 1.39115e-01 |
   5572 | 4.61992e+01 8.29124e-03 | 1.25331e-02 1.07867e-01 1.39115e-01 |
   5573 | 4.62075e+01 8.29124e-03 | 1.25331e-02 1.07867e-01 1.39115e-01 |
   5574 | 4.62158e+01 8.29124e-03 | 1.25331e-02 1.07867e-01 1.39115e-01 |
   5575 | 4.62241e+01 8.29125e-03 | 1.25331e-02 1.07867e-01 1.39115e-01 |
   5576 | 4.62324e+01 8.29125e-03 | 1.25331e-02 1.07867e-01 1.39115e-01 |
   5577 | 4.62406e+01 8.29125e-03 | 1.25331e-02 1.07867e-01 1.39115e-01 |
   5578 | 4.62489e+01 8.29125e-03 | 1.25331e-02 1.07867e-01 1.39115e-01 |
   5579 | 4.62572e+01 8.29126e-03 | 1.25331e-02 1.07867e-01 1.39115e-01 |
   5580 | 4.62655e+01 8.29126e-03 | 1.25331e-02 1.07867e-01 1.39115e-01 |
   5581 | 4.62738e+01 8.29126e-03 | 1.25331e-02 1.07867e-01 1.39115e-01 |
   5582 | 4.62821e+01 8.29127e-03 | 1.25331e-02 1.07867e-01 1.39115e-01 |
   5583 | 4.62904e+01 8.29127e-03 | 1.25331e-02 1.07867e-01 1.39115e-01 |
   5584 | 4.62987e+01 8.29128e-03 | 1.25331e-02 1.07867e-01 1.39115e-01 |
   5585 | 4.63070e+01 8.29128e-03 | 1.25331e-02 1.07867e-01 1.39115e-01 |
   5586 | 4.63153e+01 8.29129e-03 | 1.25331e-02 1.07867e-01 1.39115e-01 |
   5587 | 4.63236e+01 8.29129e-03 | 1.25331e-02 1.07867e-01 1.39115e-01 |
   5588 | 4.63319e+01 8.29130e-03 | 1.25331e-02 1.07867e-01 1.39115e-01 |
   5589 | 4.63401e+01 8.29131e-03 | 1.25331e-02 1.07867e-01 1.39115e-01 |
   5590 | 4.63484e+01 8.29132e-03 | 1.25331e-02 1.07867e-01 1.39115e-01 |
   5591 | 4.63567e+01 8.29132e-03 | 1.25331e-02 1.07867e-01 1.39115e-01 |
   5592 | 4.63650e+01 8.29133e-03 | 1.25331e-02 1.07867e-01 1.39115e-01 |
   5593 | 4.63733e+01 8.29134e-03 | 1.25331e-02 1.07867e-01 1.39115e-01 |
   5594 | 4.63816e+01 8.29135e-03 | 1.25331e-02 1.07867e-01 1.39115e-01 |
   5595 | 4.63899e+01 8.29136e-03 | 1.25331e-02 1.07867e-01 1.39115e-01 |
   5596 | 4.63982e+01 8.29137e-03 | 1.25331e-02 1.07867e-01 1.39115e-01 |
   5597 | 4.64065e+01 8.29138e-03 | 1.25331e-02 1.07867e-01 1.39115e-01 |
   5598 | 4.64148e+01 8.29139e-03 | 1.25331e-02 1.07867e-01 1.39115e-01 |
   5599 | 4.64231e+01 8.29141e-03 | 1.25331e-02 1.07867e-01 1.39115e-01 |
   5600 | 4.64313e+01 8.29140e-03 | 1.25331e-02 1.07867e-01 1.39115e-01 |
   5601 | 4.64396e+01 8.29139e-03 | 1.25331e-02 1.07867e-01 1.39115e-01 |
   5602 | 4.64479e+01 8.29138e-03 | 1.25331e-02 1.07867e-01 1.39115e-01 |
   5603 | 4.64562e+01 8.29137e-03 | 1.25331e-02 1.07867e-01 1.39115e-01 |
   5604 | 4.64645e+01 8.29136e-03 | 1.25331e-02 1.07867e-01 1.39115e-01 |
   5605 | 4.64728e+01 8.29135e-03 | 1.25331e-02 1.07867e-01 1.39115e-01 |
   5606 | 4.64811e+01 8.29134e-03 | 1.25331e-02 1.07867e-01 1.39115e-01 |
   5607 | 4.64894e+01 8.29133e-03 | 1.25331e-02 1.07867e-01 1.39115e-01 |
   5608 | 4.64977e+01 8.29133e-03 | 1.25331e-02 1.07867e-01 1.39115e-01 |
   5609 | 4.65060e+01 8.29132e-03 | 1.25331e-02 1.07867e-01 1.39115e-01 |
   5610 | 4.65143e+01 8.29131e-03 | 1.25331e-02 1.07867e-01 1.39115e-01 |
   5611 | 4.65226e+01 8.29131e-03 | 1.25331e-02 1.07867e-01 1.39115e-01 |
   5612 | 4.65308e+01 8.29130e-03 | 1.25331e-02 1.07867e-01 1.39115e-01 |
   5613 | 4.65391e+01 8.29129e-03 | 1.25331e-02 1.07867e-01 1.39115e-01 |
   5614 | 4.65474e+01 8.29129e-03 | 1.25331e-02 1.07867e-01 1.39115e-01 |
   5615 | 4.65557e+01 8.29128e-03 | 1.25331e-02 1.07867e-01 1.39115e-01 |
   5616 | 4.65640e+01 8.29128e-03 | 1.25331e-02 1.07867e-01 1.39115e-01 |
   5617 | 4.65723e+01 8.29128e-03 | 1.25331e-02 1.07867e-01 1.39115e-01 |
   5618 | 4.65806e+01 8.29127e-03 | 1.25331e-02 1.07867e-01 1.39115e-01 |
   5619 | 4.65889e+01 8.29127e-03 | 1.25331e-02 1.07867e-01 1.39115e-01 |
   5620 | 4.65972e+01 8.29127e-03 | 1.25331e-02 1.07867e-01 1.39115e-01 |
   5621 | 4.66055e+01 8.29127e-03 | 1.25331e-02 1.07867e-01 1.39115e-01 |
   5622 | 4.66138e+01 8.29126e-03 | 1.25331e-02 1.07867e-01 1.39115e-01 |
   5623 | 4.66220e+01 8.29126e-03 | 1.25331e-02 1.07867e-01 1.39115e-01 |
   5624 | 4.66303e+01 8.29126e-03 | 1.25331e-02 1.07867e-01 1.39115e-01 |
   5625 | 4.66386e+01 8.29126e-03 | 1.25331e-02 1.07867e-01 1.39115e-01 |
   5626 | 4.66469e+01 8.29126e-03 | 1.25331e-02 1.07867e-01 1.39115e-01 |
   5627 | 4.66552e+01 8.29125e-03 | 1.25331e-02 1.07867e-01 1.39115e-01 |
   5628 | 4.66635e+01 8.29125e-03 | 1.25331e-02 1.07867e-01 1.39115e-01 |
   5629 | 4.66718e+01 8.29125e-03 | 1.25331e-02 1.07867e-01 1.39115e-01 |
   5630 | 4.66801e+01 8.29125e-03 | 1.25331e-02 1.07867e-01 1.39115e-01 |
   5631 | 4.66884e+01 8.29125e-03 | 1.25331e-02 1.07867e-01 1.39115e-01 |
   5632 | 4.66967e+01 8.29125e-03 | 1.25331e-02 1.07867e-01 1.39115e-01 |
   5633 | 4.67050e+01 8.29125e-03 | 1.25331e-02 1.07867e-01 1.39115e-01 |
   5634 | 4.67133e+01 8.29125e-03 | 1.25331e-02 1.07867e-01 1.39115e-01 |
   5635 | 4.67215e+01 8.29125e-03 | 1.25331e-02 1.07867e-01 1.39115e-01 |
   5636 | 4.67298e+01 8.29125e-03 | 1.25331e-02 1.07867e-01 1.39115e-01 |
   5637 | 4.67381e+01 8.29125e-03 | 1.25331e-02 1.07867e-01 1.39115e-01 |
   5638 | 4.67464e+01 8.29125e-03 | 1.25331e-02 1.07867e-01 1.39115e-01 |
   5639 | 4.67547e+01 8.29126e-03 | 1.25331e-02 1.07867e-01 1.39115e-01 |
   5640 | 4.67630e+01 8.29126e-03 | 1.25331e-02 1.07867e-01 1.39115e-01 |
   5641 | 4.67713e+01 8.29126e-03 | 1.25331e-02 1.07867e-01 1.39115e-01 |
   5642 | 4.67796e+01 8.29127e-03 | 1.25331e-02 1.07867e-01 1.39115e-01 |
   5643 | 4.67879e+01 8.29127e-03 | 1.25331e-02 1.07867e-01 1.39115e-01 |
   5644 | 4.67962e+01 8.29128e-03 | 1.25331e-02 1.07867e-01 1.39115e-01 |
   5645 | 4.68045e+01 8.29128e-03 | 1.25331e-02 1.07867e-01 1.39115e-01 |
   5646 | 4.68127e+01 8.29129e-03 | 1.25331e-02 1.07867e-01 1.39115e-01 |
   5647 | 4.68210e+01 8.29129e-03 | 1.25331e-02 1.07867e-01 1.39115e-01 |
   5648 | 4.68293e+01 8.29130e-03 | 1.25331e-02 1.07867e-01 1.39115e-01 |
   5649 | 4.68376e+01 8.29131e-03 | 1.25331e-02 1.07867e-01 1.39115e-01 |
   5650 | 4.68459e+01 8.29131e-03 | 1.25331e-02 1.07867e-01 1.39115e-01 |
   5651 | 4.68542e+01 8.29132e-03 | 1.25331e-02 1.07867e-01 1.39115e-01 |
   5652 | 4.68625e+01 8.29133e-03 | 1.25331e-02 1.07867e-01 1.39115e-01 |
   5653 | 4.68708e+01 8.29134e-03 | 1.25331e-02 1.07867e-01 1.39115e-01 |
   5654 | 4.68791e+01 8.29135e-03 | 1.25331e-02 1.07867e-01 1.39115e-01 |
   5655 | 4.68874e+01 8.29136e-03 | 1.25331e-02 1.07867e-01 1.39115e-01 |
   5656 | 4.68957e+01 8.29137e-03 | 1.25331e-02 1.07867e-01 1.39115e-01 |
   5657 | 4.69040e+01 8.29138e-03 | 1.25331e-02 1.07867e-01 1.39115e-01 |
   5658 | 4.69122e+01 8.29139e-03 | 1.25331e-02 1.07867e-01 1.39115e-01 |
   5659 | 4.69205e+01 8.29140e-03 | 1.25331e-02 1.07867e-01 1.39115e-01 |
   5660 | 4.69288e+01 8.29138e-03 | 1.25331e-02 1.07867e-01 1.39115e-01 |
   5661 | 4.69371e+01 8.29137e-03 | 1.25331e-02 1.07867e-01 1.39115e-01 |
   5662 | 4.69454e+01 8.29136e-03 | 1.25331e-02 1.07867e-01 1.39115e-01 |
   5663 | 4.69537e+01 8.29135e-03 | 1.25331e-02 1.07867e-01 1.39115e-01 |
   5664 | 4.69620e+01 8.29134e-03 | 1.25331e-02 1.07867e-01 1.39115e-01 |
   5665 | 4.69703e+01 8.29133e-03 | 1.25331e-02 1.07867e-01 1.39115e-01 |
   5666 | 4.69786e+01 8.29132e-03 | 1.25331e-02 1.07867e-01 1.39115e-01 |
   5667 | 4.69869e+01 8.29132e-03 | 1.25331e-02 1.07867e-01 1.39115e-01 |
   5668 | 4.69952e+01 8.29131e-03 | 1.25331e-02 1.07867e-01 1.39115e-01 |
   5669 | 4.70034e+01 8.29130e-03 | 1.25331e-02 1.07867e-01 1.39115e-01 |
   5670 | 4.70117e+01 8.29129e-03 | 1.25331e-02 1.07867e-01 1.39115e-01 |
   5671 | 4.70200e+01 8.29129e-03 | 1.25331e-02 1.07867e-01 1.39115e-01 |
   5672 | 4.70283e+01 8.29128e-03 | 1.25331e-02 1.07867e-01 1.39115e-01 |
   5673 | 4.70366e+01 8.29127e-03 | 1.25331e-02 1.07867e-01 1.39115e-01 |
   5674 | 4.70449e+01 8.29127e-03 | 1.25331e-02 1.07867e-01 1.39115e-01 |
   5675 | 4.70532e+01 8.29126e-03 | 1.25331e-02 1.07867e-01 1.39115e-01 |
   5676 | 4.70615e+01 8.29126e-03 | 1.25331e-02 1.07867e-01 1.39115e-01 |
   5677 | 4.70698e+01 8.29125e-03 | 1.25331e-02 1.07867e-01 1.39115e-01 |
   5678 | 4.70781e+01 8.29125e-03 | 1.25331e-02 1.07867e-01 1.39115e-01 |
   5679 | 4.70864e+01 8.29125e-03 | 1.25331e-02 1.07867e-01 1.39115e-01 |
   5680 | 4.70947e+01 8.29124e-03 | 1.25331e-02 1.07867e-01 1.39115e-01 |
   5681 | 4.71029e+01 8.29124e-03 | 1.25331e-02 1.07867e-01 1.39115e-01 |
   5682 | 4.71112e+01 8.29124e-03 | 1.25331e-02 1.07867e-01 1.39115e-01 |
   5683 | 4.71195e+01 8.29124e-03 | 1.25331e-02 1.07867e-01 1.39115e-01 |
   5684 | 4.71278e+01 8.29124e-03 | 1.25331e-02 1.07867e-01 1.39115e-01 |
   5685 | 4.71361e+01 8.29124e-03 | 1.25331e-02 1.07867e-01 1.39115e-01 |
   5686 | 4.71444e+01 8.29124e-03 | 1.25331e-02 1.07867e-01 1.39115e-01 |
   5687 | 4.71527e+01 8.29124e-03 | 1.25331e-02 1.07867e-01 1.39115e-01 |
   5688 | 4.71610e+01 8.29124e-03 | 1.25331e-02 1.07867e-01 1.39115e-01 |
   5689 | 4.71693e+01 8.29124e-03 | 1.25331e-02 1.07867e-01 1.39115e-01 |
   5690 | 4.71776e+01 8.29124e-03 | 1.25331e-02 1.07867e-01 1.39115e-01 |
   5691 | 4.71859e+01 8.29124e-03 | 1.25331e-02 1.07867e-01 1.39115e-01 |
   5692 | 4.71941e+01 8.29124e-03 | 1.25331e-02 1.07867e-01 1.39115e-01 |
   5693 | 4.72024e+01 8.29125e-03 | 1.25331e-02 1.07867e-01 1.39115e-01 |
   5694 | 4.72107e+01 8.29125e-03 | 1.25331e-02 1.07867e-01 1.39115e-01 |
   5695 | 4.72190e+01 8.29125e-03 | 1.25331e-02 1.07867e-01 1.39115e-01 |
   5696 | 4.72273e+01 8.29126e-03 | 1.25331e-02 1.07867e-01 1.39115e-01 |
   5697 | 4.72356e+01 8.29126e-03 | 1.25331e-02 1.07867e-01 1.39115e-01 |
   5698 | 4.72439e+01 8.29127e-03 | 1.25331e-02 1.07867e-01 1.39115e-01 |
   5699 | 4.72522e+01 8.29127e-03 | 1.25331e-02 1.07867e-01 1.39115e-01 |
   5700 | 4.72605e+01 8.29128e-03 | 1.25331e-02 1.07867e-01 1.39115e-01 |
   5701 | 4.72688e+01 8.29128e-03 | 1.25331e-02 1.07867e-01 1.39115e-01 |
   5702 | 4.72771e+01 8.29129e-03 | 1.25331e-02 1.07867e-01 1.39115e-01 |
   5703 | 4.72854e+01 8.29130e-03 | 1.25331e-02 1.07867e-01 1.39115e-01 |
   5704 | 4.72936e+01 8.29131e-03 | 1.25331e-02 1.07867e-01 1.39115e-01 |
   5705 | 4.73019e+01 8.29131e-03 | 1.25331e-02 1.07867e-01 1.39115e-01 |
   5706 | 4.73102e+01 8.29132e-03 | 1.25331e-02 1.07867e-01 1.39115e-01 |
   5707 | 4.73185e+01 8.29133e-03 | 1.25331e-02 1.07867e-01 1.39115e-01 |
   5708 | 4.73268e+01 8.29134e-03 | 1.25331e-02 1.07867e-01 1.39115e-01 |
   5709 | 4.73351e+01 8.29135e-03 | 1.25331e-02 1.07867e-01 1.39115e-01 |
   5710 | 4.73434e+01 8.29136e-03 | 1.25331e-02 1.07867e-01 1.39115e-01 |
   5711 | 4.73517e+01 8.29137e-03 | 1.25331e-02 1.07867e-01 1.39115e-01 |
   5712 | 4.73600e+01 8.29138e-03 | 1.25331e-02 1.07867e-01 1.39115e-01 |
   5713 | 4.73683e+01 8.29140e-03 | 1.25331e-02 1.07867e-01 1.39115e-01 |
   5714 | 4.73766e+01 8.29141e-03 | 1.25331e-02 1.07867e-01 1.39115e-01 |
   5715 | 4.73848e+01 8.29141e-03 | 1.25331e-02 1.07867e-01 1.39115e-01 |
   5716 | 4.73931e+01 8.29140e-03 | 1.25331e-02 1.07867e-01 1.39115e-01 |
   5717 | 4.74014e+01 8.29139e-03 | 1.25331e-02 1.07867e-01 1.39115e-01 |
   5718 | 4.74097e+01 8.29138e-03 | 1.25331e-02 1.07867e-01 1.39115e-01 |
   5719 | 4.74180e+01 8.29137e-03 | 1.25331e-02 1.07867e-01 1.39115e-01 |
   5720 | 4.74263e+01 8.29136e-03 | 1.25331e-02 1.07867e-01 1.39115e-01 |
   5721 | 4.74346e+01 8.29135e-03 | 1.25331e-02 1.07867e-01 1.39115e-01 |
   5722 | 4.74429e+01 8.29134e-03 | 1.25331e-02 1.07867e-01 1.39115e-01 |
   5723 | 4.74512e+01 8.29133e-03 | 1.25331e-02 1.07867e-01 1.39115e-01 |
   5724 | 4.74595e+01 8.29132e-03 | 1.25331e-02 1.07867e-01 1.39115e-01 |
   5725 | 4.74678e+01 8.29131e-03 | 1.25331e-02 1.07867e-01 1.39115e-01 |
   5726 | 4.74761e+01 8.29130e-03 | 1.25331e-02 1.07867e-01 1.39115e-01 |
   5727 | 4.74843e+01 8.29130e-03 | 1.25331e-02 1.07867e-01 1.39115e-01 |
   5728 | 4.74926e+01 8.29129e-03 | 1.25331e-02 1.07867e-01 1.39115e-01 |
   5729 | 4.75009e+01 8.29128e-03 | 1.25331e-02 1.07867e-01 1.39115e-01 |
   5730 | 4.75092e+01 8.29128e-03 | 1.25331e-02 1.07867e-01 1.39115e-01 |
   5731 | 4.75175e+01 8.29127e-03 | 1.25331e-02 1.07867e-01 1.39115e-01 |
   5732 | 4.75258e+01 8.29127e-03 | 1.25331e-02 1.07867e-01 1.39115e-01 |
   5733 | 4.75341e+01 8.29126e-03 | 1.25331e-02 1.07867e-01 1.39115e-01 |
   5734 | 4.75424e+01 8.29126e-03 | 1.25331e-02 1.07867e-01 1.39115e-01 |
   5735 | 4.75507e+01 8.29126e-03 | 1.25331e-02 1.07867e-01 1.39115e-01 |
   5736 | 4.75590e+01 8.29125e-03 | 1.25331e-02 1.07867e-01 1.39115e-01 |
   5737 | 4.75673e+01 8.29125e-03 | 1.25331e-02 1.07867e-01 1.39115e-01 |
   5738 | 4.75755e+01 8.29125e-03 | 1.25331e-02 1.07867e-01 1.39115e-01 |
   5739 | 4.75838e+01 8.29125e-03 | 1.25331e-02 1.07867e-01 1.39115e-01 |
   5740 | 4.75921e+01 8.29125e-03 | 1.25331e-02 1.07867e-01 1.39115e-01 |
   5741 | 4.76004e+01 8.29124e-03 | 1.25331e-02 1.07867e-01 1.39115e-01 |
   5742 | 4.76087e+01 8.29124e-03 | 1.25331e-02 1.07867e-01 1.39115e-01 |
   5743 | 4.76170e+01 8.29124e-03 | 1.25331e-02 1.07867e-01 1.39115e-01 |
   5744 | 4.76253e+01 8.29124e-03 | 1.25331e-02 1.07867e-01 1.39115e-01 |
   5745 | 4.76336e+01 8.29125e-03 | 1.25331e-02 1.07867e-01 1.39115e-01 |
   5746 | 4.76419e+01 8.29125e-03 | 1.25331e-02 1.07867e-01 1.39115e-01 |
   5747 | 4.76502e+01 8.29125e-03 | 1.25331e-02 1.07867e-01 1.39115e-01 |
   5748 | 4.76585e+01 8.29125e-03 | 1.25331e-02 1.07867e-01 1.39115e-01 |
   5749 | 4.76668e+01 8.29125e-03 | 1.25331e-02 1.07867e-01 1.39115e-01 |
   5750 | 4.76750e+01 8.29126e-03 | 1.25331e-02 1.07867e-01 1.39115e-01 |
   5751 | 4.76833e+01 8.29126e-03 | 1.25331e-02 1.07867e-01 1.39115e-01 |
   5752 | 4.76916e+01 8.29126e-03 | 1.25331e-02 1.07867e-01 1.39115e-01 |
   5753 | 4.76999e+01 8.29127e-03 | 1.25331e-02 1.07867e-01 1.39115e-01 |
   5754 | 4.77082e+01 8.29127e-03 | 1.25331e-02 1.07867e-01 1.39115e-01 |
   5755 | 4.77165e+01 8.29128e-03 | 1.25331e-02 1.07867e-01 1.39115e-01 |
   5756 | 4.77248e+01 8.29128e-03 | 1.25331e-02 1.07867e-01 1.39115e-01 |
   5757 | 4.77331e+01 8.29129e-03 | 1.25331e-02 1.07867e-01 1.39115e-01 |
   5758 | 4.77414e+01 8.29130e-03 | 1.25331e-02 1.07867e-01 1.39115e-01 |
   5759 | 4.77497e+01 8.29130e-03 | 1.25331e-02 1.07867e-01 1.39115e-01 |
   5760 | 4.77580e+01 8.29131e-03 | 1.25331e-02 1.07867e-01 1.39115e-01 |
   5761 | 4.77662e+01 8.29132e-03 | 1.25331e-02 1.07867e-01 1.39115e-01 |
   5762 | 4.77745e+01 8.29133e-03 | 1.25331e-02 1.07867e-01 1.39115e-01 |
   5763 | 4.77828e+01 8.29133e-03 | 1.25331e-02 1.07867e-01 1.39115e-01 |
   5764 | 4.77911e+01 8.29134e-03 | 1.25331e-02 1.07867e-01 1.39115e-01 |
   5765 | 4.77994e+01 8.29135e-03 | 1.25331e-02 1.07867e-01 1.39115e-01 |
   5766 | 4.78077e+01 8.29136e-03 | 1.25331e-02 1.07867e-01 1.39115e-01 |
   5767 | 4.78160e+01 8.29137e-03 | 1.25331e-02 1.07867e-01 1.39115e-01 |
   5768 | 4.78243e+01 8.29138e-03 | 1.25331e-02 1.07867e-01 1.39115e-01 |
   5769 | 4.78326e+01 8.29139e-03 | 1.25331e-02 1.07867e-01 1.39115e-01 |
   5770 | 4.78409e+01 8.29138e-03 | 1.25331e-02 1.07867e-01 1.39115e-01 |
   5771 | 4.78492e+01 8.29137e-03 | 1.25331e-02 1.07867e-01 1.39115e-01 |
   5772 | 4.78575e+01 8.29136e-03 | 1.25331e-02 1.07867e-01 1.39115e-01 |
   5773 | 4.78657e+01 8.29135e-03 | 1.25331e-02 1.07867e-01 1.39115e-01 |
   5774 | 4.78740e+01 8.29134e-03 | 1.25331e-02 1.07867e-01 1.39115e-01 |
   5775 | 4.78823e+01 8.29133e-03 | 1.25331e-02 1.07867e-01 1.39115e-01 |
   5776 | 4.78906e+01 8.29132e-03 | 1.25331e-02 1.07867e-01 1.39115e-01 |
   5777 | 4.78989e+01 8.29131e-03 | 1.25331e-02 1.07867e-01 1.39115e-01 |
   5778 | 4.79072e+01 8.29131e-03 | 1.25331e-02 1.07867e-01 1.39115e-01 |
   5779 | 4.79155e+01 8.29130e-03 | 1.25331e-02 1.07867e-01 1.39115e-01 |
   5780 | 4.79238e+01 8.29129e-03 | 1.25331e-02 1.07867e-01 1.39115e-01 |
   5781 | 4.79321e+01 8.29128e-03 | 1.25331e-02 1.07867e-01 1.39115e-01 |
   5782 | 4.79404e+01 8.29128e-03 | 1.25331e-02 1.07867e-01 1.39115e-01 |
   5783 | 4.79487e+01 8.29127e-03 | 1.25331e-02 1.07867e-01 1.39115e-01 |
   5784 | 4.79569e+01 8.29127e-03 | 1.25331e-02 1.07867e-01 1.39115e-01 |
   5785 | 4.79652e+01 8.29126e-03 | 1.25331e-02 1.07867e-01 1.39115e-01 |
   5786 | 4.79735e+01 8.29126e-03 | 1.25331e-02 1.07867e-01 1.39115e-01 |
   5787 | 4.79818e+01 8.29125e-03 | 1.25331e-02 1.07867e-01 1.39115e-01 |
   5788 | 4.79901e+01 8.29125e-03 | 1.25331e-02 1.07867e-01 1.39115e-01 |
   5789 | 4.79984e+01 8.29125e-03 | 1.25331e-02 1.07867e-01 1.39115e-01 |
   5790 | 4.80067e+01 8.29124e-03 | 1.25331e-02 1.07867e-01 1.39115e-01 |
   5791 | 4.80150e+01 8.29124e-03 | 1.25331e-02 1.07867e-01 1.39115e-01 |
   5792 | 4.80233e+01 8.29124e-03 | 1.25331e-02 1.07867e-01 1.39115e-01 |
   5793 | 4.80316e+01 8.29124e-03 | 1.25331e-02 1.07867e-01 1.39115e-01 |
   5794 | 4.80399e+01 8.29124e-03 | 1.25331e-02 1.07867e-01 1.39115e-01 |
   5795 | 4.80482e+01 8.29123e-03 | 1.25331e-02 1.07867e-01 1.39115e-01 |
   5796 | 4.80564e+01 8.29123e-03 | 1.25331e-02 1.07867e-01 1.39115e-01 |
   5797 | 4.80647e+01 8.29123e-03 | 1.25331e-02 1.07867e-01 1.39115e-01 |
   5798 | 4.80730e+01 8.29124e-03 | 1.25331e-02 1.07867e-01 1.39115e-01 |
   5799 | 4.80813e+01 8.29124e-03 | 1.25331e-02 1.07867e-01 1.39115e-01 |
   5800 | 4.80896e+01 8.29124e-03 | 1.25331e-02 1.07867e-01 1.39115e-01 |
   5801 | 4.80979e+01 8.29124e-03 | 1.25331e-02 1.07867e-01 1.39115e-01 |
   5802 | 4.81062e+01 8.29124e-03 | 1.25331e-02 1.07867e-01 1.39115e-01 |
   5803 | 4.81145e+01 8.29125e-03 | 1.25331e-02 1.07867e-01 1.39115e-01 |
   5804 | 4.81228e+01 8.29125e-03 | 1.25331e-02 1.07867e-01 1.39115e-01 |
   5805 | 4.81311e+01 8.29125e-03 | 1.25331e-02 1.07867e-01 1.39115e-01 |
   5806 | 4.81394e+01 8.29126e-03 | 1.25331e-02 1.07867e-01 1.39115e-01 |
   5807 | 4.81476e+01 8.29126e-03 | 1.25331e-02 1.07867e-01 1.39115e-01 |
   5808 | 4.81559e+01 8.29127e-03 | 1.25331e-02 1.07867e-01 1.39115e-01 |
   5809 | 4.81642e+01 8.29127e-03 | 1.25331e-02 1.07867e-01 1.39115e-01 |
   5810 | 4.81725e+01 8.29128e-03 | 1.25331e-02 1.07867e-01 1.39115e-01 |
   5811 | 4.81808e+01 8.29128e-03 | 1.25331e-02 1.07867e-01 1.39115e-01 |
   5812 | 4.81891e+01 8.29129e-03 | 1.25331e-02 1.07867e-01 1.39115e-01 |
   5813 | 4.81974e+01 8.29130e-03 | 1.25331e-02 1.07867e-01 1.39115e-01 |
   5814 | 4.82057e+01 8.29131e-03 | 1.25331e-02 1.07867e-01 1.39115e-01 |
   5815 | 4.82140e+01 8.29131e-03 | 1.25331e-02 1.07867e-01 1.39115e-01 |
   5816 | 4.82223e+01 8.29132e-03 | 1.25331e-02 1.07867e-01 1.39115e-01 |
   5817 | 4.82306e+01 8.29133e-03 | 1.25331e-02 1.07867e-01 1.39115e-01 |
   5818 | 4.82388e+01 8.29134e-03 | 1.25331e-02 1.07867e-01 1.39115e-01 |
   5819 | 4.82471e+01 8.29135e-03 | 1.25331e-02 1.07867e-01 1.39115e-01 |
   5820 | 4.82554e+01 8.29136e-03 | 1.25331e-02 1.07867e-01 1.39115e-01 |
   5821 | 4.82637e+01 8.29137e-03 | 1.25331e-02 1.07867e-01 1.39115e-01 |
   5822 | 4.82720e+01 8.29138e-03 | 1.25331e-02 1.07867e-01 1.39115e-01 |
   5823 | 4.82803e+01 8.29139e-03 | 1.25331e-02 1.07867e-01 1.39115e-01 |
   5824 | 4.82886e+01 8.29141e-03 | 1.25331e-02 1.07867e-01 1.39115e-01 |
   5825 | 4.82969e+01 8.29142e-03 | 1.25331e-02 1.07867e-01 1.39115e-01 |
   5826 | 4.83052e+01 8.29143e-03 | 1.25331e-02 1.07867e-01 1.39115e-01 |
   5827 | 4.83135e+01 8.29145e-03 | 1.25331e-02 1.07867e-01 1.39115e-01 |
   5828 | 4.83218e+01 8.29146e-03 | 1.25331e-02 1.07867e-01 1.39115e-01 |
   5829 | 4.83301e+01 8.29146e-03 | 1.25331e-02 1.07867e-01 1.39115e-01 |
   5830 | 4.83383e+01 8.29145e-03 | 1.25331e-02 1.07867e-01 1.39115e-01 |
   5831 | 4.83466e+01 8.29144e-03 | 1.25331e-02 1.07867e-01 1.39115e-01 |
   5832 | 4.83549e+01 8.29143e-03 | 1.25331e-02 1.07867e-01 1.39115e-01 |
   5833 | 4.83632e+01 8.29142e-03 | 1.25331e-02 1.07867e-01 1.39115e-01 |
   5834 | 4.83715e+01 8.29141e-03 | 1.25331e-02 1.07867e-01 1.39115e-01 |
   5835 | 4.83798e+01 8.29140e-03 | 1.25331e-02 1.07867e-01 1.39115e-01 |
   5836 | 4.83881e+01 8.29139e-03 | 1.25331e-02 1.07867e-01 1.39115e-01 |
   5837 | 4.83964e+01 8.29138e-03 | 1.25331e-02 1.07867e-01 1.39115e-01 |
   5838 | 4.84047e+01 8.29138e-03 | 1.25331e-02 1.07867e-01 1.39115e-01 |
   5839 | 4.84130e+01 8.29137e-03 | 1.25331e-02 1.07867e-01 1.39115e-01 |
   5840 | 4.84213e+01 8.29136e-03 | 1.25331e-02 1.07867e-01 1.39115e-01 |
   5841 | 4.84296e+01 8.29135e-03 | 1.25331e-02 1.07867e-01 1.39115e-01 |
   5842 | 4.84378e+01 8.29135e-03 | 1.25331e-02 1.07867e-01 1.39115e-01 |
   5843 | 4.84461e+01 8.29134e-03 | 1.25331e-02 1.07867e-01 1.39115e-01 |
   5844 | 4.84544e+01 8.29133e-03 | 1.25331e-02 1.07867e-01 1.39115e-01 |
   5845 | 4.84627e+01 8.29133e-03 | 1.25331e-02 1.07867e-01 1.39115e-01 |
   5846 | 4.84710e+01 8.29132e-03 | 1.25331e-02 1.07867e-01 1.39115e-01 |
   5847 | 4.84793e+01 8.29132e-03 | 1.25331e-02 1.07867e-01 1.39115e-01 |
   5848 | 4.84876e+01 8.29131e-03 | 1.25331e-02 1.07867e-01 1.39115e-01 |
   5849 | 4.84959e+01 8.29131e-03 | 1.25331e-02 1.07867e-01 1.39115e-01 |
   5850 | 4.85042e+01 8.29131e-03 | 1.25331e-02 1.07867e-01 1.39115e-01 |
   5851 | 4.85125e+01 8.29130e-03 | 1.25331e-02 1.07867e-01 1.39115e-01 |
   5852 | 4.85208e+01 8.29130e-03 | 1.25331e-02 1.07867e-01 1.39115e-01 |
   5853 | 4.85290e+01 8.29130e-03 | 1.25331e-02 1.07867e-01 1.39115e-01 |
   5854 | 4.85373e+01 8.29130e-03 | 1.25331e-02 1.07867e-01 1.39115e-01 |
   5855 | 4.85456e+01 8.29130e-03 | 1.25331e-02 1.07867e-01 1.39115e-01 |
   5856 | 4.85539e+01 8.29130e-03 | 1.25331e-02 1.07867e-01 1.39115e-01 |
   5857 | 4.85622e+01 8.29130e-03 | 1.25331e-02 1.07867e-01 1.39115e-01 |
   5858 | 4.85705e+01 8.29130e-03 | 1.25331e-02 1.07867e-01 1.39115e-01 |
   5859 | 4.85788e+01 8.29130e-03 | 1.25331e-02 1.07867e-01 1.39115e-01 |
   5860 | 4.85871e+01 8.29130e-03 | 1.25331e-02 1.07867e-01 1.39115e-01 |
   5861 | 4.85954e+01 8.29130e-03 | 1.25331e-02 1.07867e-01 1.39115e-01 |
   5862 | 4.86037e+01 8.29130e-03 | 1.25331e-02 1.07867e-01 1.39115e-01 |
   5863 | 4.86120e+01 8.29130e-03 | 1.25331e-02 1.07867e-01 1.39115e-01 |
   5864 | 4.86203e+01 8.29131e-03 | 1.25331e-02 1.07867e-01 1.39115e-01 |
   5865 | 4.86285e+01 8.29131e-03 | 1.25331e-02 1.07867e-01 1.39115e-01 |
   5866 | 4.86368e+01 8.29131e-03 | 1.25331e-02 1.07867e-01 1.39115e-01 |
   5867 | 4.86451e+01 8.29132e-03 | 1.25331e-02 1.07867e-01 1.39115e-01 |
   5868 | 4.86534e+01 8.29132e-03 | 1.25331e-02 1.07867e-01 1.39115e-01 |
   5869 | 4.86617e+01 8.29133e-03 | 1.25331e-02 1.07867e-01 1.39115e-01 |
   5870 | 4.86700e+01 8.29133e-03 | 1.25331e-02 1.07867e-01 1.39115e-01 |
   5871 | 4.86783e+01 8.29134e-03 | 1.25331e-02 1.07867e-01 1.39115e-01 |
   5872 | 4.86866e+01 8.29135e-03 | 1.25331e-02 1.07867e-01 1.39115e-01 |
   5873 | 4.86949e+01 8.29135e-03 | 1.25331e-02 1.07867e-01 1.39115e-01 |
   5874 | 4.87032e+01 8.29136e-03 | 1.25331e-02 1.07867e-01 1.39115e-01 |
   5875 | 4.87115e+01 8.29137e-03 | 1.25331e-02 1.07867e-01 1.39115e-01 |
   5876 | 4.87197e+01 8.29138e-03 | 1.25331e-02 1.07867e-01 1.39115e-01 |
   5877 | 4.87280e+01 8.29138e-03 | 1.25331e-02 1.07867e-01 1.39115e-01 |
   5878 | 4.87363e+01 8.29139e-03 | 1.25331e-02 1.07867e-01 1.39115e-01 |
   5879 | 4.87446e+01 8.29138e-03 | 1.25331e-02 1.07867e-01 1.39115e-01 |
   5880 | 4.87529e+01 8.29137e-03 | 1.25331e-02 1.07867e-01 1.39115e-01 |
   5881 | 4.87612e+01 8.29136e-03 | 1.25331e-02 1.07867e-01 1.39115e-01 |
   5882 | 4.87695e+01 8.29135e-03 | 1.25331e-02 1.07867e-01 1.39115e-01 |
   5883 | 4.87778e+01 8.29135e-03 | 1.25331e-02 1.07867e-01 1.39115e-01 |
   5884 | 4.87861e+01 8.29134e-03 | 1.25331e-02 1.07867e-01 1.39115e-01 |
   5885 | 4.87944e+01 8.29133e-03 | 1.25331e-02 1.07867e-01 1.39115e-01 |
   5886 | 4.88027e+01 8.29133e-03 | 1.25331e-02 1.07867e-01 1.39115e-01 |
   5887 | 4.88110e+01 8.29132e-03 | 1.25331e-02 1.07867e-01 1.39115e-01 |
   5888 | 4.88192e+01 8.29132e-03 | 1.25331e-02 1.07867e-01 1.39115e-01 |
   5889 | 4.88275e+01 8.29131e-03 | 1.25331e-02 1.07867e-01 1.39115e-01 |
   5890 | 4.88358e+01 8.29131e-03 | 1.25331e-02 1.07867e-01 1.39115e-01 |
   5891 | 4.88441e+01 8.29130e-03 | 1.25331e-02 1.07867e-01 1.39115e-01 |
   5892 | 4.88524e+01 8.29130e-03 | 1.25331e-02 1.07867e-01 1.39115e-01 |
   5893 | 4.88607e+01 8.29130e-03 | 1.25331e-02 1.07867e-01 1.39115e-01 |
   5894 | 4.88690e+01 8.29129e-03 | 1.25331e-02 1.07867e-01 1.39115e-01 |
   5895 | 4.88773e+01 8.29129e-03 | 1.25331e-02 1.07867e-01 1.39115e-01 |
   5896 | 4.88856e+01 8.29129e-03 | 1.25331e-02 1.07867e-01 1.39115e-01 |
   5897 | 4.88939e+01 8.29129e-03 | 1.25331e-02 1.07867e-01 1.39115e-01 |
   5898 | 4.89022e+01 8.29129e-03 | 1.25331e-02 1.07867e-01 1.39115e-01 |
   5899 | 4.89104e+01 8.29129e-03 | 1.25331e-02 1.07867e-01 1.39115e-01 |
   5900 | 4.89187e+01 8.29129e-03 | 1.25331e-02 1.07867e-01 1.39115e-01 |
   5901 | 4.89270e+01 8.29129e-03 | 1.25331e-02 1.07867e-01 1.39115e-01 |
   5902 | 4.89353e+01 8.29129e-03 | 1.25331e-02 1.07867e-01 1.39115e-01 |
   5903 | 4.89436e+01 8.29129e-03 | 1.25331e-02 1.07867e-01 1.39115e-01 |
   5904 | 4.89519e+01 8.29129e-03 | 1.25331e-02 1.07867e-01 1.39115e-01 |
   5905 | 4.89602e+01 8.29130e-03 | 1.25331e-02 1.07867e-01 1.39115e-01 |
   5906 | 4.89685e+01 8.29130e-03 | 1.25331e-02 1.07867e-01 1.39115e-01 |
   5907 | 4.89768e+01 8.29130e-03 | 1.25331e-02 1.07867e-01 1.39115e-01 |
   5908 | 4.89851e+01 8.29130e-03 | 1.25331e-02 1.07867e-01 1.39115e-01 |
   5909 | 4.89934e+01 8.29131e-03 | 1.25331e-02 1.07867e-01 1.39115e-01 |
   5910 | 4.90017e+01 8.29131e-03 | 1.25331e-02 1.07867e-01 1.39115e-01 |
   5911 | 4.90099e+01 8.29132e-03 | 1.25331e-02 1.07867e-01 1.39115e-01 |
   5912 | 4.90182e+01 8.29132e-03 | 1.25331e-02 1.07867e-01 1.39115e-01 |
   5913 | 4.90265e+01 8.29133e-03 | 1.25331e-02 1.07867e-01 1.39115e-01 |
   5914 | 4.90348e+01 8.29133e-03 | 1.25331e-02 1.07867e-01 1.39115e-01 |
   5915 | 4.90431e+01 8.29133e-03 | 1.25331e-02 1.07867e-01 1.39115e-01 |
   5916 | 4.90514e+01 8.29133e-03 | 1.25331e-02 1.07867e-01 1.39115e-01 |
   5917 | 4.90597e+01 8.29133e-03 | 1.25331e-02 1.07867e-01 1.39115e-01 |
   5918 | 4.90680e+01 8.29133e-03 | 1.25331e-02 1.07867e-01 1.39115e-01 |
   5919 | 4.90763e+01 8.29133e-03 | 1.25331e-02 1.07867e-01 1.39115e-01 |
   5920 | 4.90846e+01 8.29134e-03 | 1.25331e-02 1.07867e-01 1.39115e-01 |
   5921 | 4.90929e+01 8.29134e-03 | 1.25331e-02 1.07867e-01 1.39115e-01 |
   5922 | 4.91011e+01 8.29134e-03 | 1.25331e-02 1.07867e-01 1.39115e-01 |
   5923 | 4.91094e+01 8.29135e-03 | 1.25331e-02 1.07867e-01 1.39115e-01 |
   5924 | 4.91177e+01 8.29135e-03 | 1.25331e-02 1.07867e-01 1.39115e-01 |
   5925 | 4.91260e+01 8.29136e-03 | 1.25331e-02 1.07867e-01 1.39115e-01 |
   5926 | 4.91343e+01 8.29136e-03 | 1.25331e-02 1.07867e-01 1.39115e-01 |
   5927 | 4.91426e+01 8.29137e-03 | 1.25331e-02 1.07867e-01 1.39115e-01 |
   5928 | 4.91509e+01 8.29137e-03 | 1.25331e-02 1.07867e-01 1.39115e-01 |
   5929 | 4.91592e+01 8.29138e-03 | 1.25331e-02 1.07867e-01 1.39115e-01 |
   5930 | 4.91675e+01 8.29139e-03 | 1.25331e-02 1.07867e-01 1.39115e-01 |
   5931 | 4.91758e+01 8.29139e-03 | 1.25331e-02 1.07867e-01 1.39115e-01 |
   5932 | 4.91841e+01 8.29140e-03 | 1.25331e-02 1.07867e-01 1.39115e-01 |
   5933 | 4.91924e+01 8.29141e-03 | 1.25331e-02 1.07867e-01 1.39115e-01 |
   5934 | 4.92006e+01 8.29140e-03 | 1.25331e-02 1.07867e-01 1.39115e-01 |
   5935 | 4.92089e+01 8.29139e-03 | 1.25331e-02 1.07867e-01 1.39115e-01 |
   5936 | 4.92172e+01 8.29139e-03 | 1.25331e-02 1.07867e-01 1.39115e-01 |
   5937 | 4.92255e+01 8.29138e-03 | 1.25331e-02 1.07867e-01 1.39115e-01 |
   5938 | 4.92338e+01 8.29137e-03 | 1.25331e-02 1.07867e-01 1.39115e-01 |
   5939 | 4.92421e+01 8.29137e-03 | 1.25331e-02 1.07867e-01 1.39115e-01 |
   5940 | 4.92504e+01 8.29136e-03 | 1.25331e-02 1.07867e-01 1.39115e-01 |
   5941 | 4.92587e+01 8.29135e-03 | 1.25331e-02 1.07867e-01 1.39115e-01 |
   5942 | 4.92670e+01 8.29135e-03 | 1.25331e-02 1.07867e-01 1.39115e-01 |
   5943 | 4.92753e+01 8.29135e-03 | 1.25331e-02 1.07867e-01 1.39115e-01 |
   5944 | 4.92836e+01 8.29134e-03 | 1.25331e-02 1.07867e-01 1.39115e-01 |
   5945 | 4.92918e+01 8.29134e-03 | 1.25331e-02 1.07867e-01 1.39115e-01 |
   5946 | 4.93001e+01 8.29133e-03 | 1.25331e-02 1.07867e-01 1.39115e-01 |
   5947 | 4.93084e+01 8.29133e-03 | 1.25331e-02 1.07867e-01 1.39115e-01 |
   5948 | 4.93167e+01 8.29133e-03 | 1.25331e-02 1.07867e-01 1.39115e-01 |
   5949 | 4.93250e+01 8.29133e-03 | 1.25331e-02 1.07867e-01 1.39115e-01 |
   5950 | 4.93333e+01 8.29133e-03 | 1.25331e-02 1.07867e-01 1.39115e-01 |
   5951 | 4.93416e+01 8.29133e-03 | 1.25331e-02 1.07867e-01 1.39115e-01 |
   5952 | 4.93499e+01 8.29133e-03 | 1.25331e-02 1.07867e-01 1.39115e-01 |
   5953 | 4.93582e+01 8.29132e-03 | 1.25331e-02 1.07867e-01 1.39115e-01 |
   5954 | 4.93665e+01 8.29133e-03 | 1.25331e-02 1.07867e-01 1.39115e-01 |
   5955 | 4.93748e+01 8.29132e-03 | 1.25331e-02 1.07867e-01 1.39115e-01 |
   5956 | 4.93831e+01 8.29132e-03 | 1.25331e-02 1.07867e-01 1.39115e-01 |
   5957 | 4.93913e+01 8.29131e-03 | 1.25331e-02 1.07867e-01 1.39115e-01 |
   5958 | 4.93996e+01 8.29131e-03 | 1.25331e-02 1.07867e-01 1.39115e-01 |
   5959 | 4.94079e+01 8.29130e-03 | 1.25331e-02 1.07867e-01 1.39115e-01 |
   5960 | 4.94162e+01 8.29130e-03 | 1.25331e-02 1.07867e-01 1.39115e-01 |
   5961 | 4.94245e+01 8.29130e-03 | 1.25331e-02 1.07867e-01 1.39115e-01 |
   5962 | 4.94328e+01 8.29129e-03 | 1.25331e-02 1.07867e-01 1.39115e-01 |
   5963 | 4.94411e+01 8.29129e-03 | 1.25331e-02 1.07867e-01 1.39115e-01 |
   5964 | 4.94494e+01 8.29129e-03 | 1.25331e-02 1.07867e-01 1.39115e-01 |
   5965 | 4.94577e+01 8.29129e-03 | 1.25331e-02 1.07867e-01 1.39115e-01 |
   5966 | 4.94660e+01 8.29129e-03 | 1.25331e-02 1.07867e-01 1.39115e-01 |
   5967 | 4.94743e+01 8.29129e-03 | 1.25331e-02 1.07867e-01 1.39115e-01 |
   5968 | 4.94826e+01 8.29129e-03 | 1.25331e-02 1.07867e-01 1.39115e-01 |
   5969 | 4.94908e+01 8.29129e-03 | 1.25331e-02 1.07867e-01 1.39115e-01 |
   5970 | 4.94991e+01 8.29129e-03 | 1.25331e-02 1.07867e-01 1.39115e-01 |
   5971 | 4.95074e+01 8.29129e-03 | 1.25331e-02 1.07867e-01 1.39115e-01 |
   5972 | 4.95157e+01 8.29129e-03 | 1.25331e-02 1.07867e-01 1.39115e-01 |
   5973 | 4.95240e+01 8.29130e-03 | 1.25331e-02 1.07867e-01 1.39115e-01 |
   5974 | 4.95323e+01 8.29130e-03 | 1.25331e-02 1.07867e-01 1.39115e-01 |
   5975 | 4.95406e+01 8.29130e-03 | 1.25331e-02 1.07867e-01 1.39115e-01 |
   5976 | 4.95489e+01 8.29131e-03 | 1.25331e-02 1.07867e-01 1.39115e-01 |
   5977 | 4.95572e+01 8.29131e-03 | 1.25331e-02 1.07867e-01 1.39115e-01 |
   5978 | 4.95655e+01 8.29132e-03 | 1.25331e-02 1.07867e-01 1.39115e-01 |
   5979 | 4.95738e+01 8.29132e-03 | 1.25331e-02 1.07867e-01 1.39115e-01 |
   5980 | 4.95820e+01 8.29133e-03 | 1.25331e-02 1.07867e-01 1.39115e-01 |
   5981 | 4.95903e+01 8.29133e-03 | 1.25331e-02 1.07867e-01 1.39115e-01 |
   5982 | 4.95986e+01 8.29134e-03 | 1.25331e-02 1.07867e-01 1.39115e-01 |
   5983 | 4.96069e+01 8.29135e-03 | 1.25331e-02 1.07867e-01 1.39115e-01 |
   5984 | 4.96152e+01 8.29135e-03 | 1.25331e-02 1.07867e-01 1.39115e-01 |
   5985 | 4.96235e+01 8.29136e-03 | 1.25331e-02 1.07867e-01 1.39115e-01 |
   5986 | 4.96318e+01 8.29137e-03 | 1.25331e-02 1.07867e-01 1.39115e-01 |
   5987 | 4.96401e+01 8.29138e-03 | 1.25331e-02 1.07867e-01 1.39115e-01 |
   5988 | 4.96484e+01 8.29139e-03 | 1.25331e-02 1.07867e-01 1.39115e-01 |
   5989 | 4.96567e+01 8.29139e-03 | 1.25331e-02 1.07867e-01 1.39115e-01 |
   5990 | 4.96650e+01 8.29138e-03 | 1.25331e-02 1.07867e-01 1.39115e-01 |
   5991 | 4.96733e+01 8.29137e-03 | 1.25331e-02 1.07867e-01 1.39115e-01 |
   5992 | 4.96815e+01 8.29136e-03 | 1.25331e-02 1.07867e-01 1.39115e-01 |
   5993 | 4.96898e+01 8.29135e-03 | 1.25331e-02 1.07867e-01 1.39115e-01 |
   5994 | 4.96981e+01 8.29135e-03 | 1.25331e-02 1.07867e-01 1.39115e-01 |
   5995 | 4.97064e+01 8.29134e-03 | 1.25331e-02 1.07867e-01 1.39115e-01 |
   5996 | 4.97147e+01 8.29133e-03 | 1.25331e-02 1.07867e-01 1.39115e-01 |
   5997 | 4.97230e+01 8.29133e-03 | 1.25331e-02 1.07867e-01 1.39115e-01 |
   5998 | 4.97313e+01 8.29132e-03 | 1.25331e-02 1.07867e-01 1.39115e-01 |
   5999 | 4.97396e+01 8.29132e-03 | 1.25331e-02 1.07867e-01 1.39115e-01 |
   6000 | 4.97479e+01 8.29131e-03 | 1.25331e-02 1.07867e-01 1.39115e-01 |
   6001 | 4.97562e+01 8.29131e-03 | 1.25331e-02 1.07867e-01 1.39115e-01 |
   6002 | 4.97645e+01 8.29131e-03 | 1.25331e-02 1.07867e-01 1.39115e-01 |
   6003 | 4.97727e+01 8.29130e-03 | 1.25331e-02 1.07867e-01 1.39115e-01 |
   6004 | 4.97810e+01 8.29130e-03 | 1.25331e-02 1.07867e-01 1.39115e-01 |
   6005 | 4.97893e+01 8.29130e-03 | 1.25331e-02 1.07867e-01 1.39115e-01 |
   6006 | 4.97976e+01 8.29130e-03 | 1.25331e-02 1.07867e-01 1.39115e-01 |
   6007 | 4.98059e+01 8.29130e-03 | 1.25331e-02 1.07867e-01 1.39115e-01 |
   6008 | 4.98142e+01 8.29130e-03 | 1.25331e-02 1.07867e-01 1.39115e-01 |
   6009 | 4.98225e+01 8.29130e-03 | 1.25331e-02 1.07867e-01 1.39115e-01 |
   6010 | 4.98308e+01 8.29130e-03 | 1.25331e-02 1.07867e-01 1.39115e-01 |
   6011 | 4.98391e+01 8.29130e-03 | 1.25331e-02 1.07867e-01 1.39115e-01 |
   6012 | 4.98474e+01 8.29130e-03 | 1.25331e-02 1.07867e-01 1.39115e-01 |
   6013 | 4.98557e+01 8.29130e-03 | 1.25331e-02 1.07867e-01 1.39115e-01 |
   6014 | 4.98640e+01 8.29130e-03 | 1.25331e-02 1.07867e-01 1.39115e-01 |
   6015 | 4.98722e+01 8.29130e-03 | 1.25331e-02 1.07867e-01 1.39115e-01 |
   6016 | 4.98805e+01 8.29131e-03 | 1.25331e-02 1.07867e-01 1.39115e-01 |
   6017 | 4.98888e+01 8.29131e-03 | 1.25331e-02 1.07867e-01 1.39115e-01 |
   6018 | 4.98971e+01 8.29131e-03 | 1.25331e-02 1.07867e-01 1.39115e-01 |
   6019 | 4.99054e+01 8.29132e-03 | 1.25331e-02 1.07867e-01 1.39115e-01 |
   6020 | 4.99137e+01 8.29132e-03 | 1.25331e-02 1.07867e-01 1.39115e-01 |
   6021 | 4.99220e+01 8.29133e-03 | 1.25331e-02 1.07867e-01 1.39115e-01 |
   6022 | 4.99303e+01 8.29133e-03 | 1.25331e-02 1.07867e-01 1.39115e-01 |
   6023 | 4.99386e+01 8.29134e-03 | 1.25331e-02 1.07867e-01 1.39115e-01 |
   6024 | 4.99469e+01 8.29134e-03 | 1.25331e-02 1.07867e-01 1.39115e-01 |
   6025 | 4.99552e+01 8.29135e-03 | 1.25331e-02 1.07867e-01 1.39115e-01 |
   6026 | 4.99634e+01 8.29136e-03 | 1.25331e-02 1.07867e-01 1.39115e-01 |
   6027 | 4.99717e+01 8.29136e-03 | 1.25331e-02 1.07867e-01 1.39115e-01 |
   6028 | 4.99800e+01 8.29137e-03 | 1.25331e-02 1.07867e-01 1.39115e-01 |
   6029 | 4.99883e+01 8.29138e-03 | 1.25331e-02 1.07867e-01 1.39115e-01 |
   6030 | 4.99966e+01 8.29139e-03 | 1.25331e-02 1.07867e-01 1.39115e-01 |
   6031 | 5.00049e+01 8.29140e-03 | 1.25331e-02 1.07867e-01 1.39115e-01 |
   6032 | 5.00132e+01 8.29141e-03 | 1.25331e-02 1.07867e-01 1.39115e-01 |
   6033 | 5.00215e+01 8.29142e-03 | 1.25331e-02 1.07867e-01 1.39115e-01 |
   6034 | 5.00298e+01 8.29143e-03 | 1.25331e-02 1.07867e-01 1.39115e-01 |
   6035 | 5.00381e+01 8.29144e-03 | 1.25331e-02 1.07867e-01 1.39115e-01 |
   6036 | 5.00464e+01 8.29145e-03 | 1.25331e-02 1.07867e-01 1.39115e-01 |
   6037 | 5.00547e+01 8.29146e-03 | 1.25331e-02 1.07867e-01 1.39115e-01 |
   6038 | 5.00629e+01 8.29146e-03 | 1.25331e-02 1.07867e-01 1.39115e-01 |
   6039 | 5.00712e+01 8.29145e-03 | 1.25331e-02 1.07867e-01 1.39115e-01 |
   6040 | 5.00795e+01 8.29143e-03 | 1.25331e-02 1.07867e-01 1.39115e-01 |
   6041 | 5.00878e+01 8.29142e-03 | 1.25331e-02 1.07867e-01 1.39115e-01 |
   6042 | 5.00961e+01 8.29141e-03 | 1.25331e-02 1.07867e-01 1.39115e-01 |
   6043 | 5.01044e+01 8.29140e-03 | 1.25331e-02 1.07867e-01 1.39115e-01 |
   6044 | 5.01127e+01 8.29138e-03 | 1.25331e-02 1.07867e-01 1.39115e-01 |
   6045 | 5.01210e+01 8.29137e-03 | 1.25331e-02 1.07867e-01 1.39115e-01 |
   6046 | 5.01293e+01 8.29136e-03 | 1.25331e-02 1.07867e-01 1.39115e-01 |
   6047 | 5.01376e+01 8.29135e-03 | 1.25331e-02 1.07867e-01 1.39115e-01 |
   6048 | 5.01459e+01 8.29134e-03 | 1.25331e-02 1.07867e-01 1.39115e-01 |
   6049 | 5.01541e+01 8.29133e-03 | 1.25331e-02 1.07867e-01 1.39115e-01 |
   6050 | 5.01624e+01 8.29132e-03 | 1.25331e-02 1.07867e-01 1.39115e-01 |
   6051 | 5.01707e+01 8.29132e-03 | 1.25331e-02 1.07867e-01 1.39115e-01 |
   6052 | 5.01790e+01 8.29131e-03 | 1.25331e-02 1.07867e-01 1.39115e-01 |
   6053 | 5.01873e+01 8.29130e-03 | 1.25331e-02 1.07867e-01 1.39115e-01 |
   6054 | 5.01956e+01 8.29129e-03 | 1.25331e-02 1.07867e-01 1.39115e-01 |
   6055 | 5.02039e+01 8.29129e-03 | 1.25331e-02 1.07867e-01 1.39115e-01 |
   6056 | 5.02122e+01 8.29128e-03 | 1.25331e-02 1.07867e-01 1.39115e-01 |
   6057 | 5.02205e+01 8.29127e-03 | 1.25331e-02 1.07867e-01 1.39115e-01 |
   6058 | 5.02288e+01 8.29127e-03 | 1.25331e-02 1.07867e-01 1.39115e-01 |
   6059 | 5.02371e+01 8.29126e-03 | 1.25331e-02 1.07867e-01 1.39115e-01 |
   6060 | 5.02454e+01 8.29126e-03 | 1.25331e-02 1.07867e-01 1.39115e-01 |
   6061 | 5.02536e+01 8.29125e-03 | 1.25331e-02 1.07867e-01 1.39115e-01 |
   6062 | 5.02619e+01 8.29125e-03 | 1.25331e-02 1.07867e-01 1.39115e-01 |
   6063 | 5.02702e+01 8.29125e-03 | 1.25331e-02 1.07867e-01 1.39115e-01 |
   6064 | 5.02785e+01 8.29124e-03 | 1.25331e-02 1.07867e-01 1.39115e-01 |
   6065 | 5.02868e+01 8.29124e-03 | 1.25331e-02 1.07867e-01 1.39115e-01 |
   6066 | 5.02951e+01 8.29124e-03 | 1.25331e-02 1.07867e-01 1.39115e-01 |
   6067 | 5.03034e+01 8.29124e-03 | 1.25331e-02 1.07867e-01 1.39115e-01 |
   6068 | 5.03117e+01 8.29124e-03 | 1.25331e-02 1.07867e-01 1.39115e-01 |
   6069 | 5.03200e+01 8.29123e-03 | 1.25331e-02 1.07867e-01 1.39115e-01 |
   6070 | 5.03283e+01 8.29123e-03 | 1.25331e-02 1.07867e-01 1.39115e-01 |
   6071 | 5.03366e+01 8.29123e-03 | 1.25331e-02 1.07867e-01 1.39115e-01 |
   6072 | 5.03448e+01 8.29124e-03 | 1.25331e-02 1.07867e-01 1.39115e-01 |
   6073 | 5.03531e+01 8.29124e-03 | 1.25331e-02 1.07867e-01 1.39115e-01 |
   6074 | 5.03614e+01 8.29124e-03 | 1.25331e-02 1.07867e-01 1.39115e-01 |
   6075 | 5.03697e+01 8.29124e-03 | 1.25331e-02 1.07867e-01 1.39115e-01 |
   6076 | 5.03780e+01 8.29124e-03 | 1.25331e-02 1.07867e-01 1.39115e-01 |
   6077 | 5.03863e+01 8.29124e-03 | 1.25331e-02 1.07867e-01 1.39115e-01 |
   6078 | 5.03946e+01 8.29125e-03 | 1.25331e-02 1.07867e-01 1.39115e-01 |
   6079 | 5.04029e+01 8.29125e-03 | 1.25331e-02 1.07867e-01 1.39115e-01 |
   6080 | 5.04112e+01 8.29126e-03 | 1.25331e-02 1.07867e-01 1.39115e-01 |
   6081 | 5.04195e+01 8.29126e-03 | 1.25331e-02 1.07867e-01 1.39115e-01 |
   6082 | 5.04278e+01 8.29126e-03 | 1.25331e-02 1.07867e-01 1.39115e-01 |
   6083 | 5.04361e+01 8.29127e-03 | 1.25331e-02 1.07867e-01 1.39115e-01 |
   6084 | 5.04443e+01 8.29128e-03 | 1.25331e-02 1.07867e-01 1.39115e-01 |
   6085 | 5.04526e+01 8.29128e-03 | 1.25331e-02 1.07867e-01 1.39115e-01 |
   6086 | 5.04609e+01 8.29129e-03 | 1.25331e-02 1.07867e-01 1.39115e-01 |
   6087 | 5.04692e+01 8.29130e-03 | 1.25331e-02 1.07867e-01 1.39115e-01 |
   6088 | 5.04775e+01 8.29130e-03 | 1.25331e-02 1.07867e-01 1.39115e-01 |
   6089 | 5.04858e+01 8.29131e-03 | 1.25331e-02 1.07867e-01 1.39115e-01 |
   6090 | 5.04941e+01 8.29132e-03 | 1.25331e-02 1.07867e-01 1.39115e-01 |
   6091 | 5.05024e+01 8.29133e-03 | 1.25331e-02 1.07867e-01 1.39115e-01 |
   6092 | 5.05107e+01 8.29134e-03 | 1.25331e-02 1.07867e-01 1.39115e-01 |
   6093 | 5.05190e+01 8.29135e-03 | 1.25331e-02 1.07867e-01 1.39115e-01 |
   6094 | 5.05273e+01 8.29136e-03 | 1.25331e-02 1.07867e-01 1.39115e-01 |
   6095 | 5.05355e+01 8.29137e-03 | 1.25331e-02 1.07867e-01 1.39115e-01 |
   6096 | 5.05438e+01 8.29138e-03 | 1.25331e-02 1.07867e-01 1.39115e-01 |
   6097 | 5.05521e+01 8.29139e-03 | 1.25331e-02 1.07867e-01 1.39115e-01 |
   6098 | 5.05604e+01 8.29139e-03 | 1.25331e-02 1.07867e-01 1.39115e-01 |
   6099 | 5.05687e+01 8.29138e-03 | 1.25331e-02 1.07867e-01 1.39115e-01 |
   6100 | 5.05770e+01 8.29137e-03 | 1.25331e-02 1.07867e-01 1.39115e-01 |
   6101 | 5.05853e+01 8.29135e-03 | 1.25331e-02 1.07867e-01 1.39115e-01 |
   6102 | 5.05936e+01 8.29135e-03 | 1.25331e-02 1.07867e-01 1.39115e-01 |
   6103 | 5.06019e+01 8.29134e-03 | 1.25331e-02 1.07867e-01 1.39115e-01 |
   6104 | 5.06102e+01 8.29133e-03 | 1.25331e-02 1.07867e-01 1.39115e-01 |
   6105 | 5.06185e+01 8.29132e-03 | 1.25331e-02 1.07867e-01 1.39115e-01 |
   6106 | 5.06268e+01 8.29131e-03 | 1.25331e-02 1.07867e-01 1.39115e-01 |
   6107 | 5.06350e+01 8.29130e-03 | 1.25331e-02 1.07867e-01 1.39115e-01 |
   6108 | 5.06433e+01 8.29130e-03 | 1.25331e-02 1.07867e-01 1.39115e-01 |
   6109 | 5.06516e+01 8.29129e-03 | 1.25331e-02 1.07867e-01 1.39115e-01 |
   6110 | 5.06599e+01 8.29128e-03 | 1.25331e-02 1.07867e-01 1.39115e-01 |
   6111 | 5.06682e+01 8.29128e-03 | 1.25331e-02 1.07867e-01 1.39115e-01 |
   6112 | 5.06765e+01 8.29127e-03 | 1.25331e-02 1.07867e-01 1.39115e-01 |
   6113 | 5.06848e+01 8.29127e-03 | 1.25331e-02 1.07867e-01 1.39115e-01 |
   6114 | 5.06931e+01 8.29126e-03 | 1.25331e-02 1.07867e-01 1.39115e-01 |
   6115 | 5.07014e+01 8.29126e-03 | 1.25331e-02 1.07867e-01 1.39115e-01 |
   6116 | 5.07097e+01 8.29126e-03 | 1.25331e-02 1.07867e-01 1.39115e-01 |
   6117 | 5.07180e+01 8.29125e-03 | 1.25331e-02 1.07867e-01 1.39115e-01 |
   6118 | 5.07262e+01 8.29125e-03 | 1.25331e-02 1.07867e-01 1.39115e-01 |
   6119 | 5.07345e+01 8.29125e-03 | 1.25331e-02 1.07867e-01 1.39115e-01 |
   6120 | 5.07428e+01 8.29125e-03 | 1.25331e-02 1.07867e-01 1.39115e-01 |
   6121 | 5.07511e+01 8.29125e-03 | 1.25331e-02 1.07867e-01 1.39115e-01 |
   6122 | 5.07594e+01 8.29124e-03 | 1.25331e-02 1.07867e-01 1.39115e-01 |
   6123 | 5.07677e+01 8.29124e-03 | 1.25331e-02 1.07867e-01 1.39115e-01 |
   6124 | 5.07760e+01 8.29124e-03 | 1.25331e-02 1.07867e-01 1.39115e-01 |
   6125 | 5.07843e+01 8.29124e-03 | 1.25331e-02 1.07867e-01 1.39115e-01 |
   6126 | 5.07926e+01 8.29124e-03 | 1.25331e-02 1.07867e-01 1.39115e-01 |
   6127 | 5.08009e+01 8.29125e-03 | 1.25331e-02 1.07867e-01 1.39115e-01 |
   6128 | 5.08092e+01 8.29125e-03 | 1.25331e-02 1.07867e-01 1.39115e-01 |
   6129 | 5.08175e+01 8.29125e-03 | 1.25331e-02 1.07867e-01 1.39115e-01 |
   6130 | 5.08257e+01 8.29125e-03 | 1.25331e-02 1.07867e-01 1.39115e-01 |
   6131 | 5.08340e+01 8.29126e-03 | 1.25331e-02 1.07867e-01 1.39115e-01 |
   6132 | 5.08423e+01 8.29126e-03 | 1.25331e-02 1.07867e-01 1.39115e-01 |
   6133 | 5.08506e+01 8.29126e-03 | 1.25331e-02 1.07867e-01 1.39115e-01 |
   6134 | 5.08589e+01 8.29127e-03 | 1.25331e-02 1.07867e-01 1.39115e-01 |
   6135 | 5.08672e+01 8.29127e-03 | 1.25331e-02 1.07867e-01 1.39115e-01 |
   6136 | 5.08755e+01 8.29128e-03 | 1.25331e-02 1.07867e-01 1.39115e-01 |
   6137 | 5.08838e+01 8.29128e-03 | 1.25331e-02 1.07867e-01 1.39115e-01 |
   6138 | 5.08921e+01 8.29129e-03 | 1.25331e-02 1.07867e-01 1.39115e-01 |
   6139 | 5.09004e+01 8.29130e-03 | 1.25331e-02 1.07867e-01 1.39115e-01 |
   6140 | 5.09087e+01 8.29130e-03 | 1.25331e-02 1.07867e-01 1.39115e-01 |
   6141 | 5.09169e+01 8.29131e-03 | 1.25331e-02 1.07867e-01 1.39115e-01 |
   6142 | 5.09252e+01 8.29132e-03 | 1.25331e-02 1.07867e-01 1.39115e-01 |
   6143 | 5.09335e+01 8.29133e-03 | 1.25331e-02 1.07867e-01 1.39115e-01 |
   6144 | 5.09418e+01 8.29133e-03 | 1.25331e-02 1.07867e-01 1.39115e-01 |
   6145 | 5.09501e+01 8.29134e-03 | 1.25331e-02 1.07867e-01 1.39115e-01 |
   6146 | 5.09584e+01 8.29135e-03 | 1.25331e-02 1.07867e-01 1.39115e-01 |
   6147 | 5.09667e+01 8.29136e-03 | 1.25331e-02 1.07867e-01 1.39115e-01 |
   6148 | 5.09750e+01 8.29137e-03 | 1.25331e-02 1.07867e-01 1.39115e-01 |
   6149 | 5.09833e+01 8.29139e-03 | 1.25331e-02 1.07867e-01 1.39115e-01 |
   6150 | 5.09916e+01 8.29140e-03 | 1.25331e-02 1.07867e-01 1.39115e-01 |
   6151 | 5.09999e+01 8.29141e-03 | 1.25331e-02 1.07867e-01 1.39115e-01 |
   6152 | 5.10082e+01 8.29141e-03 | 1.25331e-02 1.07867e-01 1.39115e-01 |
   6153 | 5.10164e+01 8.29140e-03 | 1.25331e-02 1.07867e-01 1.39115e-01 |
   6154 | 5.10247e+01 8.29139e-03 | 1.25331e-02 1.07867e-01 1.39115e-01 |
   6155 | 5.10330e+01 8.29137e-03 | 1.25331e-02 1.07867e-01 1.39115e-01 |
   6156 | 5.10413e+01 8.29136e-03 | 1.25331e-02 1.07867e-01 1.39115e-01 |
   6157 | 5.10496e+01 8.29135e-03 | 1.25331e-02 1.07867e-01 1.39115e-01 |
   6158 | 5.10579e+01 8.29134e-03 | 1.25331e-02 1.07867e-01 1.39115e-01 |
   6159 | 5.10662e+01 8.29133e-03 | 1.25331e-02 1.07867e-01 1.39115e-01 |
   6160 | 5.10745e+01 8.29132e-03 | 1.25331e-02 1.07867e-01 1.39115e-01 |
   6161 | 5.10828e+01 8.29132e-03 | 1.25331e-02 1.07867e-01 1.39115e-01 |
   6162 | 5.10911e+01 8.29131e-03 | 1.25331e-02 1.07867e-01 1.39115e-01 |
   6163 | 5.10994e+01 8.29130e-03 | 1.25331e-02 1.07867e-01 1.39115e-01 |
   6164 | 5.11076e+01 8.29129e-03 | 1.25331e-02 1.07867e-01 1.39115e-01 |
   6165 | 5.11159e+01 8.29129e-03 | 1.25331e-02 1.07867e-01 1.39115e-01 |
   6166 | 5.11242e+01 8.29128e-03 | 1.25331e-02 1.07867e-01 1.39115e-01 |
   6167 | 5.11325e+01 8.29127e-03 | 1.25331e-02 1.07867e-01 1.39115e-01 |
   6168 | 5.11408e+01 8.29127e-03 | 1.25331e-02 1.07867e-01 1.39115e-01 |
   6169 | 5.11491e+01 8.29126e-03 | 1.25331e-02 1.07867e-01 1.39115e-01 |
   6170 | 5.11574e+01 8.29126e-03 | 1.25331e-02 1.07867e-01 1.39115e-01 |
   6171 | 5.11657e+01 8.29125e-03 | 1.25331e-02 1.07867e-01 1.39115e-01 |
   6172 | 5.11740e+01 8.29125e-03 | 1.25331e-02 1.07867e-01 1.39115e-01 |
   6173 | 5.11823e+01 8.29125e-03 | 1.25331e-02 1.07867e-01 1.39115e-01 |
   6174 | 5.11906e+01 8.29124e-03 | 1.25331e-02 1.07867e-01 1.39115e-01 |
   6175 | 5.11989e+01 8.29124e-03 | 1.25331e-02 1.07867e-01 1.39115e-01 |
   6176 | 5.12071e+01 8.29124e-03 | 1.25331e-02 1.07867e-01 1.39115e-01 |
   6177 | 5.12154e+01 8.29124e-03 | 1.25331e-02 1.07867e-01 1.39115e-01 |
   6178 | 5.12237e+01 8.29124e-03 | 1.25331e-02 1.07867e-01 1.39115e-01 |
   6179 | 5.12320e+01 8.29124e-03 | 1.25331e-02 1.07867e-01 1.39115e-01 |
   6180 | 5.12403e+01 8.29124e-03 | 1.25331e-02 1.07867e-01 1.39115e-01 |
   6181 | 5.12486e+01 8.29124e-03 | 1.25331e-02 1.07867e-01 1.39115e-01 |
   6182 | 5.12569e+01 8.29124e-03 | 1.25331e-02 1.07867e-01 1.39115e-01 |
   6183 | 5.12652e+01 8.29124e-03 | 1.25331e-02 1.07867e-01 1.39115e-01 |
   6184 | 5.12735e+01 8.29124e-03 | 1.25331e-02 1.07867e-01 1.39115e-01 |
   6185 | 5.12818e+01 8.29124e-03 | 1.25331e-02 1.07867e-01 1.39115e-01 |
   6186 | 5.12901e+01 8.29124e-03 | 1.25331e-02 1.07867e-01 1.39115e-01 |
   6187 | 5.12983e+01 8.29125e-03 | 1.25331e-02 1.07867e-01 1.39115e-01 |
   6188 | 5.13066e+01 8.29125e-03 | 1.25331e-02 1.07867e-01 1.39115e-01 |
   6189 | 5.13149e+01 8.29125e-03 | 1.25331e-02 1.07867e-01 1.39115e-01 |
   6190 | 5.13232e+01 8.29126e-03 | 1.25331e-02 1.07867e-01 1.39115e-01 |
   6191 | 5.13315e+01 8.29126e-03 | 1.25331e-02 1.07867e-01 1.39115e-01 |
   6192 | 5.13398e+01 8.29127e-03 | 1.25331e-02 1.07867e-01 1.39115e-01 |
   6193 | 5.13481e+01 8.29127e-03 | 1.25331e-02 1.07867e-01 1.39115e-01 |
   6194 | 5.13564e+01 8.29128e-03 | 1.25331e-02 1.07867e-01 1.39115e-01 |
   6195 | 5.13647e+01 8.29128e-03 | 1.25331e-02 1.07867e-01 1.39115e-01 |
   6196 | 5.13730e+01 8.29129e-03 | 1.25331e-02 1.07867e-01 1.39115e-01 |
   6197 | 5.13813e+01 8.29130e-03 | 1.25331e-02 1.07867e-01 1.39115e-01 |
   6198 | 5.13896e+01 8.29131e-03 | 1.25331e-02 1.07867e-01 1.39115e-01 |
   6199 | 5.13978e+01 8.29131e-03 | 1.25331e-02 1.07867e-01 1.39115e-01 |
   6200 | 5.14061e+01 8.29132e-03 | 1.25331e-02 1.07867e-01 1.39115e-01 |
   6201 | 5.14144e+01 8.29133e-03 | 1.25331e-02 1.07867e-01 1.39115e-01 |
   6202 | 5.14227e+01 8.29134e-03 | 1.25331e-02 1.07867e-01 1.39115e-01 |
   6203 | 5.14310e+01 8.29135e-03 | 1.25331e-02 1.07867e-01 1.39115e-01 |
   6204 | 5.14393e+01 8.29136e-03 | 1.25331e-02 1.07867e-01 1.39115e-01 |
   6205 | 5.14476e+01 8.29137e-03 | 1.25331e-02 1.07867e-01 1.39115e-01 |
   6206 | 5.14559e+01 8.29138e-03 | 1.25331e-02 1.07867e-01 1.39115e-01 |
   6207 | 5.14642e+01 8.29139e-03 | 1.25331e-02 1.07867e-01 1.39115e-01 |
   6208 | 5.14725e+01 8.29139e-03 | 1.25331e-02 1.07867e-01 1.39115e-01 |
   6209 | 5.14808e+01 8.29138e-03 | 1.25331e-02 1.07867e-01 1.39115e-01 |
   6210 | 5.14890e+01 8.29137e-03 | 1.25331e-02 1.07867e-01 1.39115e-01 |
   6211 | 5.14973e+01 8.29136e-03 | 1.25331e-02 1.07867e-01 1.39115e-01 |
   6212 | 5.15056e+01 8.29135e-03 | 1.25331e-02 1.07867e-01 1.39115e-01 |
   6213 | 5.15139e+01 8.29134e-03 | 1.25331e-02 1.07867e-01 1.39115e-01 |
   6214 | 5.15222e+01 8.29133e-03 | 1.25331e-02 1.07867e-01 1.39115e-01 |
   6215 | 5.15305e+01 8.29132e-03 | 1.25331e-02 1.07867e-01 1.39115e-01 |
   6216 | 5.15388e+01 8.29131e-03 | 1.25331e-02 1.07867e-01 1.39115e-01 |
   6217 | 5.15471e+01 8.29131e-03 | 1.25331e-02 1.07867e-01 1.39115e-01 |
   6218 | 5.15554e+01 8.29130e-03 | 1.25331e-02 1.07867e-01 1.39115e-01 |
   6219 | 5.15637e+01 8.29129e-03 | 1.25331e-02 1.07867e-01 1.39115e-01 |
   6220 | 5.15720e+01 8.29129e-03 | 1.25331e-02 1.07867e-01 1.39115e-01 |
   6221 | 5.15803e+01 8.29128e-03 | 1.25331e-02 1.07867e-01 1.39115e-01 |
   6222 | 5.15885e+01 8.29128e-03 | 1.25331e-02 1.07867e-01 1.39115e-01 |
   6223 | 5.15968e+01 8.29127e-03 | 1.25331e-02 1.07867e-01 1.39115e-01 |
   6224 | 5.16051e+01 8.29127e-03 | 1.25331e-02 1.07867e-01 1.39115e-01 |
   6225 | 5.16134e+01 8.29126e-03 | 1.25331e-02 1.07867e-01 1.39115e-01 |
   6226 | 5.16217e+01 8.29126e-03 | 1.25331e-02 1.07867e-01 1.39115e-01 |
   6227 | 5.16300e+01 8.29126e-03 | 1.25331e-02 1.07867e-01 1.39115e-01 |
   6228 | 5.16383e+01 8.29125e-03 | 1.25331e-02 1.07867e-01 1.39115e-01 |
   6229 | 5.16466e+01 8.29125e-03 | 1.25331e-02 1.07867e-01 1.39115e-01 |
   6230 | 5.16549e+01 8.29125e-03 | 1.25331e-02 1.07867e-01 1.39115e-01 |
   6231 | 5.16632e+01 8.29125e-03 | 1.25331e-02 1.07867e-01 1.39115e-01 |
   6232 | 5.16715e+01 8.29125e-03 | 1.25331e-02 1.07867e-01 1.39115e-01 |
   6233 | 5.16797e+01 8.29125e-03 | 1.25331e-02 1.07867e-01 1.39115e-01 |
   6234 | 5.16880e+01 8.29125e-03 | 1.25331e-02 1.07867e-01 1.39115e-01 |
   6235 | 5.16963e+01 8.29125e-03 | 1.25331e-02 1.07867e-01 1.39115e-01 |
   6236 | 5.17046e+01 8.29125e-03 | 1.25331e-02 1.07867e-01 1.39115e-01 |
   6237 | 5.17129e+01 8.29125e-03 | 1.25331e-02 1.07867e-01 1.39115e-01 |
   6238 | 5.17212e+01 8.29125e-03 | 1.25331e-02 1.07867e-01 1.39115e-01 |
   6239 | 5.17295e+01 8.29125e-03 | 1.25331e-02 1.07867e-01 1.39115e-01 |
   6240 | 5.17378e+01 8.29126e-03 | 1.25331e-02 1.07867e-01 1.39115e-01 |
   6241 | 5.17461e+01 8.29126e-03 | 1.25331e-02 1.07867e-01 1.39115e-01 |
   6242 | 5.17544e+01 8.29126e-03 | 1.25331e-02 1.07867e-01 1.39115e-01 |
   6243 | 5.17627e+01 8.29126e-03 | 1.25331e-02 1.07867e-01 1.39115e-01 |
   6244 | 5.17710e+01 8.29126e-03 | 1.25331e-02 1.07867e-01 1.39115e-01 |
   6245 | 5.17792e+01 8.29127e-03 | 1.25331e-02 1.07867e-01 1.39115e-01 |
   6246 | 5.17875e+01 8.29127e-03 | 1.25331e-02 1.07867e-01 1.39115e-01 |
   6247 | 5.17958e+01 8.29127e-03 | 1.25331e-02 1.07867e-01 1.39115e-01 |
   6248 | 5.18041e+01 8.29127e-03 | 1.25331e-02 1.07867e-01 1.39115e-01 |
   6249 | 5.18124e+01 8.29128e-03 | 1.25331e-02 1.07867e-01 1.39115e-01 |
   6250 | 5.18207e+01 8.29128e-03 | 1.25331e-02 1.07867e-01 1.39115e-01 |
   6251 | 5.18290e+01 8.29128e-03 | 1.25331e-02 1.07867e-01 1.39115e-01 |
   6252 | 5.18373e+01 8.29129e-03 | 1.25331e-02 1.07867e-01 1.39115e-01 |
   6253 | 5.18456e+01 8.29129e-03 | 1.25331e-02 1.07867e-01 1.39115e-01 |
   6254 | 5.18539e+01 8.29130e-03 | 1.25331e-02 1.07867e-01 1.39115e-01 |
   6255 | 5.18622e+01 8.29131e-03 | 1.25331e-02 1.07867e-01 1.39115e-01 |
   6256 | 5.18704e+01 8.29131e-03 | 1.25331e-02 1.07867e-01 1.39115e-01 |
   6257 | 5.18787e+01 8.29132e-03 | 1.25331e-02 1.07867e-01 1.39115e-01 |
   6258 | 5.18870e+01 8.29133e-03 | 1.25331e-02 1.07867e-01 1.39115e-01 |
   6259 | 5.18953e+01 8.29133e-03 | 1.25331e-02 1.07867e-01 1.39115e-01 |
   6260 | 5.19036e+01 8.29134e-03 | 1.25331e-02 1.07867e-01 1.39115e-01 |
   6261 | 5.19119e+01 8.29135e-03 | 1.25331e-02 1.07867e-01 1.39115e-01 |
   6262 | 5.19202e+01 8.29136e-03 | 1.25331e-02 1.07867e-01 1.39115e-01 |
   6263 | 5.19285e+01 8.29137e-03 | 1.25331e-02 1.07867e-01 1.39115e-01 |
   6264 | 5.19368e+01 8.29138e-03 | 1.25331e-02 1.07867e-01 1.39115e-01 |
   6265 | 5.19451e+01 8.29139e-03 | 1.25331e-02 1.07867e-01 1.39115e-01 |
   6266 | 5.19534e+01 8.29140e-03 | 1.25331e-02 1.07867e-01 1.39115e-01 |
   6267 | 5.19617e+01 8.29141e-03 | 1.25331e-02 1.07867e-01 1.39115e-01 |
   6268 | 5.19699e+01 8.29140e-03 | 1.25331e-02 1.07867e-01 1.39115e-01 |
   6269 | 5.19782e+01 8.29139e-03 | 1.25331e-02 1.07867e-01 1.39115e-01 |
   6270 | 5.19865e+01 8.29137e-03 | 1.25331e-02 1.07867e-01 1.39115e-01 |
   6271 | 5.19948e+01 8.29136e-03 | 1.25331e-02 1.07867e-01 1.39115e-01 |
   6272 | 5.20031e+01 8.29135e-03 | 1.25331e-02 1.07867e-01 1.39115e-01 |
   6273 | 5.20114e+01 8.29134e-03 | 1.25331e-02 1.07867e-01 1.39115e-01 |
   6274 | 5.20197e+01 8.29134e-03 | 1.25331e-02 1.07867e-01 1.39115e-01 |
   6275 | 5.20280e+01 8.29133e-03 | 1.25331e-02 1.07867e-01 1.39115e-01 |
   6276 | 5.20363e+01 8.29132e-03 | 1.25331e-02 1.07867e-01 1.39115e-01 |
   6277 | 5.20446e+01 8.29131e-03 | 1.25331e-02 1.07867e-01 1.39115e-01 |
   6278 | 5.20529e+01 8.29130e-03 | 1.25331e-02 1.07867e-01 1.39115e-01 |
   6279 | 5.20611e+01 8.29130e-03 | 1.25331e-02 1.07867e-01 1.39115e-01 |
   6280 | 5.20694e+01 8.29129e-03 | 1.25331e-02 1.07867e-01 1.39115e-01 |
   6281 | 5.20777e+01 8.29128e-03 | 1.25331e-02 1.07867e-01 1.39115e-01 |
   6282 | 5.20860e+01 8.29128e-03 | 1.25331e-02 1.07867e-01 1.39115e-01 |
   6283 | 5.20943e+01 8.29127e-03 | 1.25331e-02 1.07867e-01 1.39115e-01 |
   6284 | 5.21026e+01 8.29127e-03 | 1.25331e-02 1.07867e-01 1.39115e-01 |
   6285 | 5.21109e+01 8.29126e-03 | 1.25331e-02 1.07867e-01 1.39115e-01 |
   6286 | 5.21192e+01 8.29126e-03 | 1.25331e-02 1.07867e-01 1.39115e-01 |
   6287 | 5.21275e+01 8.29126e-03 | 1.25331e-02 1.07867e-01 1.39115e-01 |
   6288 | 5.21358e+01 8.29125e-03 | 1.25331e-02 1.07867e-01 1.39115e-01 |
   6289 | 5.21441e+01 8.29125e-03 | 1.25331e-02 1.07867e-01 1.39115e-01 |
   6290 | 5.21524e+01 8.29125e-03 | 1.25331e-02 1.07867e-01 1.39115e-01 |
   6291 | 5.21606e+01 8.29125e-03 | 1.25331e-02 1.07867e-01 1.39115e-01 |
   6292 | 5.21689e+01 8.29125e-03 | 1.25331e-02 1.07867e-01 1.39115e-01 |
   6293 | 5.21772e+01 8.29124e-03 | 1.25331e-02 1.07867e-01 1.39115e-01 |
   6294 | 5.21855e+01 8.29124e-03 | 1.25331e-02 1.07867e-01 1.39115e-01 |
   6295 | 5.21938e+01 8.29124e-03 | 1.25331e-02 1.07867e-01 1.39115e-01 |
   6296 | 5.22021e+01 8.29124e-03 | 1.25331e-02 1.07867e-01 1.39115e-01 |
   6297 | 5.22104e+01 8.29125e-03 | 1.25331e-02 1.07867e-01 1.39115e-01 |
   6298 | 5.22187e+01 8.29125e-03 | 1.25331e-02 1.07867e-01 1.39115e-01 |
   6299 | 5.22270e+01 8.29125e-03 | 1.25331e-02 1.07867e-01 1.39115e-01 |
   6300 | 5.22353e+01 8.29125e-03 | 1.25331e-02 1.07867e-01 1.39115e-01 |
   6301 | 5.22436e+01 8.29125e-03 | 1.25331e-02 1.07867e-01 1.39115e-01 |
   6302 | 5.22518e+01 8.29126e-03 | 1.25331e-02 1.07867e-01 1.39115e-01 |
   6303 | 5.22601e+01 8.29126e-03 | 1.25331e-02 1.07867e-01 1.39115e-01 |
   6304 | 5.22684e+01 8.29126e-03 | 1.25331e-02 1.07867e-01 1.39115e-01 |
   6305 | 5.22767e+01 8.29127e-03 | 1.25331e-02 1.07867e-01 1.39115e-01 |
   6306 | 5.22850e+01 8.29127e-03 | 1.25331e-02 1.07867e-01 1.39115e-01 |
   6307 | 5.22933e+01 8.29128e-03 | 1.25331e-02 1.07867e-01 1.39115e-01 |
   6308 | 5.23016e+01 8.29128e-03 | 1.25331e-02 1.07867e-01 1.39115e-01 |
   6309 | 5.23099e+01 8.29129e-03 | 1.25331e-02 1.07867e-01 1.39115e-01 |
   6310 | 5.23182e+01 8.29130e-03 | 1.25331e-02 1.07867e-01 1.39115e-01 |
   6311 | 5.23265e+01 8.29130e-03 | 1.25331e-02 1.07867e-01 1.39115e-01 |
   6312 | 5.23348e+01 8.29131e-03 | 1.25331e-02 1.07867e-01 1.39115e-01 |
   6313 | 5.23430e+01 8.29132e-03 | 1.25331e-02 1.07867e-01 1.39115e-01 |
   6314 | 5.23513e+01 8.29133e-03 | 1.25331e-02 1.07867e-01 1.39115e-01 |
   6315 | 5.23596e+01 8.29134e-03 | 1.25331e-02 1.07867e-01 1.39115e-01 |
   6316 | 5.23679e+01 8.29135e-03 | 1.25331e-02 1.07867e-01 1.39115e-01 |
   6317 | 5.23762e+01 8.29136e-03 | 1.25331e-02 1.07867e-01 1.39115e-01 |
   6318 | 5.23845e+01 8.29137e-03 | 1.25331e-02 1.07867e-01 1.39115e-01 |
   6319 | 5.23928e+01 8.29138e-03 | 1.25331e-02 1.07867e-01 1.39115e-01 |
   6320 | 5.24011e+01 8.29139e-03 | 1.25331e-02 1.07867e-01 1.39115e-01 |
   6321 | 5.24094e+01 8.29140e-03 | 1.25331e-02 1.07867e-01 1.39115e-01 |
   6322 | 5.24177e+01 8.29141e-03 | 1.25331e-02 1.07867e-01 1.39115e-01 |
   6323 | 5.24260e+01 8.29142e-03 | 1.25331e-02 1.07867e-01 1.39115e-01 |
   6324 | 5.24343e+01 8.29142e-03 | 1.25331e-02 1.07867e-01 1.39115e-01 |
   6325 | 5.24425e+01 8.29141e-03 | 1.25331e-02 1.07867e-01 1.39115e-01 |
   6326 | 5.24508e+01 8.29140e-03 | 1.25331e-02 1.07867e-01 1.39115e-01 |
   6327 | 5.24591e+01 8.29138e-03 | 1.25331e-02 1.07867e-01 1.39115e-01 |
   6328 | 5.24674e+01 8.29137e-03 | 1.25331e-02 1.07867e-01 1.39115e-01 |
   6329 | 5.24757e+01 8.29136e-03 | 1.25331e-02 1.07867e-01 1.39115e-01 |
   6330 | 5.24840e+01 8.29136e-03 | 1.25331e-02 1.07867e-01 1.39115e-01 |
   6331 | 5.24923e+01 8.29135e-03 | 1.25331e-02 1.07867e-01 1.39115e-01 |
   6332 | 5.25006e+01 8.29134e-03 | 1.25331e-02 1.07867e-01 1.39115e-01 |
   6333 | 5.25089e+01 8.29133e-03 | 1.25331e-02 1.07867e-01 1.39115e-01 |
   6334 | 5.25172e+01 8.29132e-03 | 1.25331e-02 1.07867e-01 1.39115e-01 |
   6335 | 5.25255e+01 8.29131e-03 | 1.25331e-02 1.07867e-01 1.39115e-01 |
   6336 | 5.25338e+01 8.29131e-03 | 1.25331e-02 1.07867e-01 1.39115e-01 |
   6337 | 5.25420e+01 8.29130e-03 | 1.25331e-02 1.07867e-01 1.39115e-01 |
   6338 | 5.25503e+01 8.29130e-03 | 1.25331e-02 1.07867e-01 1.39115e-01 |
   6339 | 5.25586e+01 8.29129e-03 | 1.25331e-02 1.07867e-01 1.39115e-01 |
   6340 | 5.25669e+01 8.29128e-03 | 1.25331e-02 1.07867e-01 1.39115e-01 |
   6341 | 5.25752e+01 8.29128e-03 | 1.25331e-02 1.07867e-01 1.39115e-01 |
   6342 | 5.25835e+01 8.29128e-03 | 1.25331e-02 1.07867e-01 1.39115e-01 |
   6343 | 5.25918e+01 8.29127e-03 | 1.25331e-02 1.07867e-01 1.39115e-01 |
   6344 | 5.26001e+01 8.29127e-03 | 1.25331e-02 1.07867e-01 1.39115e-01 |
   6345 | 5.26084e+01 8.29127e-03 | 1.25331e-02 1.07867e-01 1.39115e-01 |
   6346 | 5.26167e+01 8.29126e-03 | 1.25331e-02 1.07867e-01 1.39115e-01 |
   6347 | 5.26250e+01 8.29126e-03 | 1.25331e-02 1.07867e-01 1.39115e-01 |
   6348 | 5.26332e+01 8.29126e-03 | 1.25331e-02 1.07867e-01 1.39115e-01 |
   6349 | 5.26415e+01 8.29126e-03 | 1.25331e-02 1.07867e-01 1.39115e-01 |
   6350 | 5.26498e+01 8.29126e-03 | 1.25331e-02 1.07867e-01 1.39115e-01 |
   6351 | 5.26581e+01 8.29126e-03 | 1.25331e-02 1.07867e-01 1.39115e-01 |
   6352 | 5.26664e+01 8.29126e-03 | 1.25331e-02 1.07867e-01 1.39115e-01 |
   6353 | 5.26747e+01 8.29126e-03 | 1.25331e-02 1.07867e-01 1.39115e-01 |
   6354 | 5.26830e+01 8.29126e-03 | 1.25331e-02 1.07867e-01 1.39115e-01 |
   6355 | 5.26913e+01 8.29126e-03 | 1.25331e-02 1.07867e-01 1.39115e-01 |
   6356 | 5.26996e+01 8.29126e-03 | 1.25331e-02 1.07867e-01 1.39115e-01 |
   6357 | 5.27079e+01 8.29127e-03 | 1.25331e-02 1.07867e-01 1.39115e-01 |
   6358 | 5.27162e+01 8.29127e-03 | 1.25331e-02 1.07867e-01 1.39115e-01 |
   6359 | 5.27245e+01 8.29127e-03 | 1.25331e-02 1.07867e-01 1.39115e-01 |
   6360 | 5.27327e+01 8.29128e-03 | 1.25331e-02 1.07867e-01 1.39115e-01 |
   6361 | 5.27410e+01 8.29128e-03 | 1.25331e-02 1.07867e-01 1.39115e-01 |
   6362 | 5.27493e+01 8.29128e-03 | 1.25331e-02 1.07867e-01 1.39115e-01 |
   6363 | 5.27576e+01 8.29129e-03 | 1.25331e-02 1.07867e-01 1.39115e-01 |
   6364 | 5.27659e+01 8.29129e-03 | 1.25331e-02 1.07867e-01 1.39115e-01 |
   6365 | 5.27742e+01 8.29130e-03 | 1.25331e-02 1.07867e-01 1.39115e-01 |
   6366 | 5.27825e+01 8.29131e-03 | 1.25331e-02 1.07867e-01 1.39115e-01 |
   6367 | 5.27908e+01 8.29131e-03 | 1.25331e-02 1.07867e-01 1.39115e-01 |
   6368 | 5.27991e+01 8.29132e-03 | 1.25331e-02 1.07867e-01 1.39115e-01 |
   6369 | 5.28074e+01 8.29133e-03 | 1.25331e-02 1.07867e-01 1.39115e-01 |
   6370 | 5.28157e+01 8.29134e-03 | 1.25331e-02 1.07867e-01 1.39115e-01 |
   6371 | 5.28239e+01 8.29134e-03 | 1.25331e-02 1.07867e-01 1.39115e-01 |
   6372 | 5.28322e+01 8.29135e-03 | 1.25331e-02 1.07867e-01 1.39115e-01 |
   6373 | 5.28405e+01 8.29136e-03 | 1.25331e-02 1.07867e-01 1.39115e-01 |
   6374 | 5.28488e+01 8.29137e-03 | 1.25331e-02 1.07867e-01 1.39115e-01 |
   6375 | 5.28571e+01 8.29138e-03 | 1.25331e-02 1.07867e-01 1.39115e-01 |
   6376 | 5.28654e+01 8.29139e-03 | 1.25331e-02 1.07867e-01 1.39115e-01 |
   6377 | 5.28737e+01 8.29141e-03 | 1.25331e-02 1.07867e-01 1.39115e-01 |
   6378 | 5.28820e+01 8.29139e-03 | 1.25331e-02 1.07867e-01 1.39115e-01 |
   6379 | 5.28903e+01 8.29138e-03 | 1.25331e-02 1.07867e-01 1.39115e-01 |
   6380 | 5.28986e+01 8.29137e-03 | 1.25331e-02 1.07867e-01 1.39115e-01 |
   6381 | 5.29069e+01 8.29136e-03 | 1.25331e-02 1.07867e-01 1.39115e-01 |
   6382 | 5.29152e+01 8.29135e-03 | 1.25331e-02 1.07867e-01 1.39115e-01 |
   6383 | 5.29234e+01 8.29134e-03 | 1.25331e-02 1.07867e-01 1.39115e-01 |
   6384 | 5.29317e+01 8.29133e-03 | 1.25331e-02 1.07867e-01 1.39115e-01 |
   6385 | 5.29400e+01 8.29132e-03 | 1.25331e-02 1.07867e-01 1.39115e-01 |
   6386 | 5.29483e+01 8.29132e-03 | 1.25331e-02 1.07867e-01 1.39115e-01 |
   6387 | 5.29566e+01 8.29131e-03 | 1.25331e-02 1.07867e-01 1.39115e-01 |
   6388 | 5.29649e+01 8.29130e-03 | 1.25331e-02 1.07867e-01 1.39115e-01 |
   6389 | 5.29732e+01 8.29129e-03 | 1.25331e-02 1.07867e-01 1.39115e-01 |
   6390 | 5.29815e+01 8.29129e-03 | 1.25331e-02 1.07867e-01 1.39115e-01 |
   6391 | 5.29898e+01 8.29128e-03 | 1.25331e-02 1.07867e-01 1.39115e-01 |
   6392 | 5.29981e+01 8.29127e-03 | 1.25331e-02 1.07867e-01 1.39115e-01 |
   6393 | 5.30064e+01 8.29127e-03 | 1.25331e-02 1.07867e-01 1.39115e-01 |
   6394 | 5.30146e+01 8.29126e-03 | 1.25331e-02 1.07867e-01 1.39115e-01 |
   6395 | 5.30229e+01 8.29126e-03 | 1.25331e-02 1.07867e-01 1.39115e-01 |
   6396 | 5.30312e+01 8.29126e-03 | 1.25331e-02 1.07867e-01 1.39115e-01 |
   6397 | 5.30395e+01 8.29125e-03 | 1.25331e-02 1.07867e-01 1.39115e-01 |
   6398 | 5.30478e+01 8.29125e-03 | 1.25331e-02 1.07867e-01 1.39115e-01 |
   6399 | 5.30561e+01 8.29125e-03 | 1.25331e-02 1.07867e-01 1.39115e-01 |
   6400 | 5.30644e+01 8.29125e-03 | 1.25331e-02 1.07867e-01 1.39115e-01 |
   6401 | 5.30727e+01 8.29124e-03 | 1.25331e-02 1.07867e-01 1.39115e-01 |
   6402 | 5.30810e+01 8.29124e-03 | 1.25331e-02 1.07867e-01 1.39115e-01 |
   6403 | 5.30893e+01 8.29124e-03 | 1.25331e-02 1.07867e-01 1.39115e-01 |
   6404 | 5.30976e+01 8.29124e-03 | 1.25331e-02 1.07867e-01 1.39115e-01 |
   6405 | 5.31059e+01 8.29124e-03 | 1.25331e-02 1.07867e-01 1.39115e-01 |
   6406 | 5.31141e+01 8.29124e-03 | 1.25331e-02 1.07867e-01 1.39115e-01 |
   6407 | 5.31224e+01 8.29124e-03 | 1.25331e-02 1.07867e-01 1.39115e-01 |
   6408 | 5.31307e+01 8.29124e-03 | 1.25331e-02 1.07867e-01 1.39115e-01 |
   6409 | 5.31390e+01 8.29125e-03 | 1.25331e-02 1.07867e-01 1.39115e-01 |
   6410 | 5.31473e+01 8.29125e-03 | 1.25331e-02 1.07867e-01 1.39115e-01 |
   6411 | 5.31556e+01 8.29125e-03 | 1.25331e-02 1.07867e-01 1.39115e-01 |
   6412 | 5.31639e+01 8.29125e-03 | 1.25331e-02 1.07867e-01 1.39115e-01 |
   6413 | 5.31722e+01 8.29126e-03 | 1.25331e-02 1.07867e-01 1.39115e-01 |
   6414 | 5.31805e+01 8.29126e-03 | 1.25331e-02 1.07867e-01 1.39115e-01 |
   6415 | 5.31888e+01 8.29127e-03 | 1.25331e-02 1.07867e-01 1.39115e-01 |
   6416 | 5.31971e+01 8.29127e-03 | 1.25331e-02 1.07867e-01 1.39115e-01 |
   6417 | 5.32053e+01 8.29128e-03 | 1.25331e-02 1.07867e-01 1.39115e-01 |
   6418 | 5.32136e+01 8.29128e-03 | 1.25331e-02 1.07867e-01 1.39115e-01 |
   6419 | 5.32219e+01 8.29129e-03 | 1.25331e-02 1.07867e-01 1.39115e-01 |
   6420 | 5.32302e+01 8.29129e-03 | 1.25331e-02 1.07867e-01 1.39115e-01 |
   6421 | 5.32385e+01 8.29130e-03 | 1.25331e-02 1.07867e-01 1.39115e-01 |
   6422 | 5.32468e+01 8.29131e-03 | 1.25331e-02 1.07867e-01 1.39115e-01 |
   6423 | 5.32551e+01 8.29132e-03 | 1.25331e-02 1.07867e-01 1.39115e-01 |
   6424 | 5.32634e+01 8.29133e-03 | 1.25331e-02 1.07867e-01 1.39115e-01 |
   6425 | 5.32717e+01 8.29133e-03 | 1.25331e-02 1.07867e-01 1.39115e-01 |
   6426 | 5.32800e+01 8.29134e-03 | 1.25331e-02 1.07867e-01 1.39115e-01 |
   6427 | 5.32883e+01 8.29135e-03 | 1.25331e-02 1.07867e-01 1.39115e-01 |
   6428 | 5.32966e+01 8.29136e-03 | 1.25331e-02 1.07867e-01 1.39115e-01 |
   6429 | 5.33048e+01 8.29137e-03 | 1.25331e-02 1.07867e-01 1.39115e-01 |
   6430 | 5.33131e+01 8.29138e-03 | 1.25331e-02 1.07867e-01 1.39115e-01 |
   6431 | 5.33214e+01 8.29140e-03 | 1.25331e-02 1.07867e-01 1.39115e-01 |
   6432 | 5.33297e+01 8.29141e-03 | 1.25331e-02 1.07867e-01 1.39115e-01 |
   6433 | 5.33380e+01 8.29142e-03 | 1.25331e-02 1.07867e-01 1.39115e-01 |
   6434 | 5.33463e+01 8.29143e-03 | 1.25331e-02 1.07867e-01 1.39115e-01 |
   6435 | 5.33546e+01 8.29142e-03 | 1.25331e-02 1.07867e-01 1.39115e-01 |
   6436 | 5.33629e+01 8.29142e-03 | 1.25331e-02 1.07867e-01 1.39115e-01 |
   6437 | 5.33712e+01 8.29141e-03 | 1.25331e-02 1.07867e-01 1.39115e-01 |
   6438 | 5.33795e+01 8.29141e-03 | 1.25331e-02 1.07867e-01 1.39115e-01 |
   6439 | 5.33878e+01 8.29140e-03 | 1.25331e-02 1.07867e-01 1.39115e-01 |
   6440 | 5.33960e+01 8.29140e-03 | 1.25331e-02 1.07867e-01 1.39115e-01 |
   6441 | 5.34043e+01 8.29140e-03 | 1.25331e-02 1.07867e-01 1.39115e-01 |
   6442 | 5.34126e+01 8.29140e-03 | 1.25331e-02 1.07867e-01 1.39115e-01 |
   6443 | 5.34209e+01 8.29139e-03 | 1.25331e-02 1.07867e-01 1.39115e-01 |
   6444 | 5.34292e+01 8.29139e-03 | 1.25331e-02 1.07867e-01 1.39115e-01 |
   6445 | 5.34375e+01 8.29139e-03 | 1.25331e-02 1.07867e-01 1.39115e-01 |
   6446 | 5.34458e+01 8.29139e-03 | 1.25331e-02 1.07867e-01 1.39115e-01 |
   6447 | 5.34541e+01 8.29139e-03 | 1.25331e-02 1.07867e-01 1.39115e-01 |
   6448 | 5.34624e+01 8.29139e-03 | 1.25331e-02 1.07867e-01 1.39115e-01 |
   6449 | 5.34707e+01 8.29139e-03 | 1.25331e-02 1.07867e-01 1.39115e-01 |
   6450 | 5.34790e+01 8.29138e-03 | 1.25331e-02 1.07867e-01 1.39115e-01 |
   6451 | 5.34873e+01 8.29137e-03 | 1.25331e-02 1.07867e-01 1.39115e-01 |
   6452 | 5.34955e+01 8.29137e-03 | 1.25331e-02 1.07867e-01 1.39115e-01 |
   6453 | 5.35038e+01 8.29136e-03 | 1.25331e-02 1.07867e-01 1.39115e-01 |
   6454 | 5.35121e+01 8.29136e-03 | 1.25331e-02 1.07867e-01 1.39115e-01 |
   6455 | 5.35204e+01 8.29135e-03 | 1.25331e-02 1.07867e-01 1.39115e-01 |
   6456 | 5.35287e+01 8.29135e-03 | 1.25331e-02 1.07867e-01 1.39115e-01 |
   6457 | 5.35370e+01 8.29134e-03 | 1.25331e-02 1.07867e-01 1.39115e-01 |
   6458 | 5.35453e+01 8.29134e-03 | 1.25331e-02 1.07867e-01 1.39115e-01 |
   6459 | 5.35536e+01 8.29134e-03 | 1.25331e-02 1.07867e-01 1.39115e-01 |
   6460 | 5.35619e+01 8.29133e-03 | 1.25331e-02 1.07867e-01 1.39115e-01 |
   6461 | 5.35702e+01 8.29133e-03 | 1.25331e-02 1.07867e-01 1.39115e-01 |
   6462 | 5.35785e+01 8.29133e-03 | 1.25331e-02 1.07867e-01 1.39115e-01 |
   6463 | 5.35867e+01 8.29133e-03 | 1.25331e-02 1.07867e-01 1.39115e-01 |
   6464 | 5.35950e+01 8.29133e-03 | 1.25331e-02 1.07867e-01 1.39115e-01 |
   6465 | 5.36033e+01 8.29133e-03 | 1.25331e-02 1.07867e-01 1.39115e-01 |
   6466 | 5.36116e+01 8.29133e-03 | 1.25331e-02 1.07867e-01 1.39115e-01 |
   6467 | 5.36199e+01 8.29133e-03 | 1.25331e-02 1.07867e-01 1.39115e-01 |
   6468 | 5.36282e+01 8.29133e-03 | 1.25331e-02 1.07867e-01 1.39115e-01 |
   6469 | 5.36365e+01 8.29133e-03 | 1.25331e-02 1.07867e-01 1.39115e-01 |
   6470 | 5.36448e+01 8.29133e-03 | 1.25331e-02 1.07867e-01 1.39115e-01 |
   6471 | 5.36531e+01 8.29133e-03 | 1.25331e-02 1.07867e-01 1.39115e-01 |
   6472 | 5.36614e+01 8.29134e-03 | 1.25331e-02 1.07867e-01 1.39115e-01 |
   6473 | 5.36697e+01 8.29134e-03 | 1.25331e-02 1.07867e-01 1.39115e-01 |
   6474 | 5.36780e+01 8.29134e-03 | 1.25331e-02 1.07867e-01 1.39115e-01 |
   6475 | 5.36862e+01 8.29135e-03 | 1.25331e-02 1.07867e-01 1.39115e-01 |
   6476 | 5.36945e+01 8.29135e-03 | 1.25331e-02 1.07867e-01 1.39115e-01 |
   6477 | 5.37028e+01 8.29136e-03 | 1.25331e-02 1.07867e-01 1.39115e-01 |
   6478 | 5.37111e+01 8.29136e-03 | 1.25331e-02 1.07867e-01 1.39115e-01 |
   6479 | 5.37194e+01 8.29137e-03 | 1.25331e-02 1.07867e-01 1.39115e-01 |
   6480 | 5.37277e+01 8.29137e-03 | 1.25331e-02 1.07867e-01 1.39115e-01 |
   6481 | 5.37360e+01 8.29138e-03 | 1.25331e-02 1.07867e-01 1.39115e-01 |
   6482 | 5.37443e+01 8.29139e-03 | 1.25331e-02 1.07867e-01 1.39115e-01 |
   6483 | 5.37526e+01 8.29139e-03 | 1.25331e-02 1.07867e-01 1.39115e-01 |
   6484 | 5.37609e+01 8.29139e-03 | 1.25331e-02 1.07867e-01 1.39115e-01 |
   6485 | 5.37692e+01 8.29138e-03 | 1.25331e-02 1.07867e-01 1.39115e-01 |
   6486 | 5.37774e+01 8.29137e-03 | 1.25331e-02 1.07867e-01 1.39115e-01 |
   6487 | 5.37857e+01 8.29136e-03 | 1.25331e-02 1.07867e-01 1.39115e-01 |
   6488 | 5.37940e+01 8.29135e-03 | 1.25331e-02 1.07867e-01 1.39115e-01 |
   6489 | 5.38023e+01 8.29134e-03 | 1.25331e-02 1.07867e-01 1.39115e-01 |
   6490 | 5.38106e+01 8.29133e-03 | 1.25331e-02 1.07867e-01 1.39115e-01 |
   6491 | 5.38189e+01 8.29133e-03 | 1.25331e-02 1.07867e-01 1.39115e-01 |
   6492 | 5.38272e+01 8.29132e-03 | 1.25331e-02 1.07867e-01 1.39115e-01 |
   6493 | 5.38355e+01 8.29131e-03 | 1.25331e-02 1.07867e-01 1.39115e-01 |
   6494 | 5.38438e+01 8.29131e-03 | 1.25331e-02 1.07867e-01 1.39115e-01 |
   6495 | 5.38521e+01 8.29130e-03 | 1.25331e-02 1.07867e-01 1.39115e-01 |
   6496 | 5.38604e+01 8.29130e-03 | 1.25331e-02 1.07867e-01 1.39115e-01 |
   6497 | 5.38687e+01 8.29129e-03 | 1.25331e-02 1.07867e-01 1.39115e-01 |
   6498 | 5.38769e+01 8.29129e-03 | 1.25331e-02 1.07867e-01 1.39115e-01 |
   6499 | 5.38852e+01 8.29128e-03 | 1.25331e-02 1.07867e-01 1.39115e-01 |
   6500 | 5.38935e+01 8.29128e-03 | 1.25331e-02 1.07867e-01 1.39115e-01 |
   6501 | 5.39018e+01 8.29128e-03 | 1.25331e-02 1.07867e-01 1.39115e-01 |
   6502 | 5.39101e+01 8.29127e-03 | 1.25331e-02 1.07867e-01 1.39115e-01 |
   6503 | 5.39184e+01 8.29127e-03 | 1.25331e-02 1.07867e-01 1.39115e-01 |
   6504 | 5.39267e+01 8.29127e-03 | 1.25331e-02 1.07867e-01 1.39115e-01 |
   6505 | 5.39350e+01 8.29127e-03 | 1.25331e-02 1.07867e-01 1.39115e-01 |
   6506 | 5.39433e+01 8.29127e-03 | 1.25331e-02 1.07867e-01 1.39115e-01 |
   6507 | 5.39516e+01 8.29127e-03 | 1.25331e-02 1.07867e-01 1.39115e-01 |
   6508 | 5.39599e+01 8.29127e-03 | 1.25331e-02 1.07867e-01 1.39115e-01 |
   6509 | 5.39681e+01 8.29127e-03 | 1.25331e-02 1.07867e-01 1.39115e-01 |
   6510 | 5.39764e+01 8.29127e-03 | 1.25331e-02 1.07867e-01 1.39115e-01 |
   6511 | 5.39847e+01 8.29127e-03 | 1.25331e-02 1.07867e-01 1.39115e-01 |
   6512 | 5.39930e+01 8.29127e-03 | 1.25331e-02 1.07867e-01 1.39115e-01 |
   6513 | 5.40013e+01 8.29127e-03 | 1.25331e-02 1.07867e-01 1.39115e-01 |
   6514 | 5.40096e+01 8.29127e-03 | 1.25331e-02 1.07867e-01 1.39115e-01 |
   6515 | 5.40179e+01 8.29128e-03 | 1.25331e-02 1.07867e-01 1.39115e-01 |
   6516 | 5.40262e+01 8.29128e-03 | 1.25331e-02 1.07867e-01 1.39115e-01 |
   6517 | 5.40345e+01 8.29128e-03 | 1.25331e-02 1.07867e-01 1.39115e-01 |
   6518 | 5.40428e+01 8.29129e-03 | 1.25331e-02 1.07867e-01 1.39115e-01 |
   6519 | 5.40511e+01 8.29129e-03 | 1.25331e-02 1.07867e-01 1.39115e-01 |
   6520 | 5.40594e+01 8.29130e-03 | 1.25331e-02 1.07867e-01 1.39115e-01 |
   6521 | 5.40676e+01 8.29130e-03 | 1.25331e-02 1.07867e-01 1.39115e-01 |
   6522 | 5.40759e+01 8.29131e-03 | 1.25331e-02 1.07867e-01 1.39115e-01 |
   6523 | 5.40842e+01 8.29132e-03 | 1.25331e-02 1.07867e-01 1.39115e-01 |
   6524 | 5.40925e+01 8.29132e-03 | 1.25331e-02 1.07867e-01 1.39115e-01 |
   6525 | 5.41008e+01 8.29133e-03 | 1.25331e-02 1.07867e-01 1.39115e-01 |
   6526 | 5.41091e+01 8.29134e-03 | 1.25331e-02 1.07867e-01 1.39115e-01 |
   6527 | 5.41174e+01 8.29135e-03 | 1.25331e-02 1.07867e-01 1.39115e-01 |
   6528 | 5.41257e+01 8.29136e-03 | 1.25331e-02 1.07867e-01 1.39115e-01 |
   6529 | 5.41340e+01 8.29136e-03 | 1.25331e-02 1.07867e-01 1.39115e-01 |
   6530 | 5.41423e+01 8.29137e-03 | 1.25331e-02 1.07867e-01 1.39115e-01 |
   6531 | 5.41506e+01 8.29138e-03 | 1.25331e-02 1.07867e-01 1.39115e-01 |
   6532 | 5.41588e+01 8.29138e-03 | 1.25331e-02 1.07867e-01 1.39115e-01 |
   6533 | 5.41671e+01 8.29139e-03 | 1.25331e-02 1.07867e-01 1.39115e-01 |
   6534 | 5.41754e+01 8.29139e-03 | 1.25331e-02 1.07867e-01 1.39115e-01 |
   6535 | 5.41837e+01 8.29140e-03 | 1.25331e-02 1.07867e-01 1.39115e-01 |
   6536 | 5.41920e+01 8.29141e-03 | 1.25331e-02 1.07867e-01 1.39115e-01 |
   6537 | 5.42003e+01 8.29141e-03 | 1.25331e-02 1.07867e-01 1.39115e-01 |
   6538 | 5.42086e+01 8.29141e-03 | 1.25331e-02 1.07867e-01 1.39115e-01 |
   6539 | 5.42169e+01 8.29140e-03 | 1.25331e-02 1.07867e-01 1.39115e-01 |
   6540 | 5.42252e+01 8.29139e-03 | 1.25331e-02 1.07867e-01 1.39115e-01 |
   6541 | 5.42335e+01 8.29138e-03 | 1.25331e-02 1.07867e-01 1.39115e-01 |
   6542 | 5.42418e+01 8.29138e-03 | 1.25331e-02 1.07867e-01 1.39115e-01 |
   6543 | 5.42501e+01 8.29137e-03 | 1.25331e-02 1.07867e-01 1.39115e-01 |
   6544 | 5.42583e+01 8.29136e-03 | 1.25331e-02 1.07867e-01 1.39115e-01 |
   6545 | 5.42666e+01 8.29135e-03 | 1.25331e-02 1.07867e-01 1.39115e-01 |
   6546 | 5.42749e+01 8.29135e-03 | 1.25331e-02 1.07867e-01 1.39115e-01 |
   6547 | 5.42832e+01 8.29134e-03 | 1.25331e-02 1.07867e-01 1.39115e-01 |
   6548 | 5.42915e+01 8.29133e-03 | 1.25331e-02 1.07867e-01 1.39115e-01 |
   6549 | 5.42998e+01 8.29133e-03 | 1.25331e-02 1.07867e-01 1.39115e-01 |
   6550 | 5.43081e+01 8.29132e-03 | 1.25331e-02 1.07867e-01 1.39115e-01 |
   6551 | 5.43164e+01 8.29132e-03 | 1.25331e-02 1.07867e-01 1.39115e-01 |
   6552 | 5.43247e+01 8.29131e-03 | 1.25331e-02 1.07867e-01 1.39115e-01 |
   6553 | 5.43330e+01 8.29131e-03 | 1.25331e-02 1.07867e-01 1.39115e-01 |
   6554 | 5.43413e+01 8.29131e-03 | 1.25331e-02 1.07867e-01 1.39115e-01 |
   6555 | 5.43496e+01 8.29130e-03 | 1.25331e-02 1.07867e-01 1.39115e-01 |
   6556 | 5.43578e+01 8.29130e-03 | 1.25331e-02 1.07867e-01 1.39115e-01 |
   6557 | 5.43661e+01 8.29130e-03 | 1.25331e-02 1.07867e-01 1.39115e-01 |
   6558 | 5.43744e+01 8.29130e-03 | 1.25331e-02 1.07867e-01 1.39115e-01 |
   6559 | 5.43827e+01 8.29130e-03 | 1.25331e-02 1.07867e-01 1.39115e-01 |
   6560 | 5.43910e+01 8.29130e-03 | 1.25331e-02 1.07867e-01 1.39115e-01 |
   6561 | 5.43993e+01 8.29130e-03 | 1.25331e-02 1.07867e-01 1.39115e-01 |
   6562 | 5.44076e+01 8.29130e-03 | 1.25331e-02 1.07867e-01 1.39115e-01 |
   6563 | 5.44159e+01 8.29130e-03 | 1.25331e-02 1.07867e-01 1.39115e-01 |
   6564 | 5.44242e+01 8.29130e-03 | 1.25331e-02 1.07867e-01 1.39115e-01 |
   6565 | 5.44325e+01 8.29130e-03 | 1.25331e-02 1.07867e-01 1.39115e-01 |
   6566 | 5.44408e+01 8.29130e-03 | 1.25331e-02 1.07867e-01 1.39115e-01 |
   6567 | 5.44490e+01 8.29130e-03 | 1.25331e-02 1.07867e-01 1.39115e-01 |
   6568 | 5.44573e+01 8.29131e-03 | 1.25331e-02 1.07867e-01 1.39115e-01 |
   6569 | 5.44656e+01 8.29131e-03 | 1.25331e-02 1.07867e-01 1.39115e-01 |
   6570 | 5.44739e+01 8.29131e-03 | 1.25331e-02 1.07867e-01 1.39115e-01 |
   6571 | 5.44822e+01 8.29132e-03 | 1.25331e-02 1.07867e-01 1.39115e-01 |
   6572 | 5.44905e+01 8.29132e-03 | 1.25331e-02 1.07867e-01 1.39115e-01 |
   6573 | 5.44988e+01 8.29132e-03 | 1.25331e-02 1.07867e-01 1.39115e-01 |
   6574 | 5.45071e+01 8.29132e-03 | 1.25331e-02 1.07867e-01 1.39115e-01 |
   6575 | 5.45154e+01 8.29132e-03 | 1.25331e-02 1.07867e-01 1.39115e-01 |
   6576 | 5.45237e+01 8.29132e-03 | 1.25331e-02 1.07867e-01 1.39115e-01 |
   6577 | 5.45320e+01 8.29132e-03 | 1.25331e-02 1.07867e-01 1.39115e-01 |
   6578 | 5.45403e+01 8.29132e-03 | 1.25331e-02 1.07867e-01 1.39115e-01 |
   6579 | 5.45485e+01 8.29132e-03 | 1.25331e-02 1.07867e-01 1.39115e-01 |
   6580 | 5.45568e+01 8.29132e-03 | 1.25331e-02 1.07867e-01 1.39115e-01 |
   6581 | 5.45651e+01 8.29132e-03 | 1.25331e-02 1.07867e-01 1.39115e-01 |
   6582 | 5.45734e+01 8.29133e-03 | 1.25331e-02 1.07867e-01 1.39115e-01 |
   6583 | 5.45817e+01 8.29133e-03 | 1.25331e-02 1.07867e-01 1.39115e-01 |
   6584 | 5.45900e+01 8.29133e-03 | 1.25331e-02 1.07867e-01 1.39115e-01 |
   6585 | 5.45983e+01 8.29134e-03 | 1.25331e-02 1.07867e-01 1.39115e-01 |
   6586 | 5.46066e+01 8.29134e-03 | 1.25331e-02 1.07867e-01 1.39115e-01 |
   6587 | 5.46149e+01 8.29135e-03 | 1.25331e-02 1.07867e-01 1.39115e-01 |
   6588 | 5.46232e+01 8.29135e-03 | 1.25331e-02 1.07867e-01 1.39115e-01 |
   6589 | 5.46315e+01 8.29136e-03 | 1.25331e-02 1.07867e-01 1.39115e-01 |
   6590 | 5.46397e+01 8.29136e-03 | 1.25331e-02 1.07867e-01 1.39115e-01 |
   6591 | 5.46480e+01 8.29137e-03 | 1.25331e-02 1.07867e-01 1.39115e-01 |
   6592 | 5.46563e+01 8.29138e-03 | 1.25331e-02 1.07867e-01 1.39115e-01 |
   6593 | 5.46646e+01 8.29139e-03 | 1.25331e-02 1.07867e-01 1.39115e-01 |
   6594 | 5.46729e+01 8.29139e-03 | 1.25331e-02 1.07867e-01 1.39115e-01 |
   6595 | 5.46812e+01 8.29138e-03 | 1.25331e-02 1.07867e-01 1.39115e-01 |
   6596 | 5.46895e+01 8.29137e-03 | 1.25331e-02 1.07867e-01 1.39115e-01 |
   6597 | 5.46978e+01 8.29137e-03 | 1.25331e-02 1.07867e-01 1.39115e-01 |
   6598 | 5.47061e+01 8.29136e-03 | 1.25331e-02 1.07867e-01 1.39115e-01 |
   6599 | 5.47144e+01 8.29135e-03 | 1.25331e-02 1.07867e-01 1.39115e-01 |
   6600 | 5.47227e+01 8.29134e-03 | 1.25331e-02 1.07867e-01 1.39115e-01 |
   6601 | 5.47310e+01 8.29133e-03 | 1.25331e-02 1.07867e-01 1.39115e-01 |
   6602 | 5.47392e+01 8.29133e-03 | 1.25331e-02 1.07867e-01 1.39115e-01 |
   6603 | 5.47475e+01 8.29132e-03 | 1.25331e-02 1.07867e-01 1.39115e-01 |
   6604 | 5.47558e+01 8.29131e-03 | 1.25331e-02 1.07867e-01 1.39115e-01 |
   6605 | 5.47641e+01 8.29131e-03 | 1.25331e-02 1.07867e-01 1.39115e-01 |
   6606 | 5.47724e+01 8.29130e-03 | 1.25331e-02 1.07867e-01 1.39115e-01 |
   6607 | 5.47807e+01 8.29130e-03 | 1.25331e-02 1.07867e-01 1.39115e-01 |
   6608 | 5.47890e+01 8.29129e-03 | 1.25331e-02 1.07867e-01 1.39115e-01 |
   6609 | 5.47973e+01 8.29129e-03 | 1.25331e-02 1.07867e-01 1.39115e-01 |
   6610 | 5.48056e+01 8.29128e-03 | 1.25331e-02 1.07867e-01 1.39115e-01 |
   6611 | 5.48139e+01 8.29128e-03 | 1.25331e-02 1.07867e-01 1.39115e-01 |
   6612 | 5.48222e+01 8.29128e-03 | 1.25331e-02 1.07867e-01 1.39115e-01 |
   6613 | 5.48304e+01 8.29128e-03 | 1.25331e-02 1.07867e-01 1.39115e-01 |
   6614 | 5.48387e+01 8.29127e-03 | 1.25331e-02 1.07867e-01 1.39115e-01 |
   6615 | 5.48470e+01 8.29127e-03 | 1.25331e-02 1.07867e-01 1.39115e-01 |
   6616 | 5.48553e+01 8.29127e-03 | 1.25331e-02 1.07867e-01 1.39115e-01 |
   6617 | 5.48636e+01 8.29127e-03 | 1.25331e-02 1.07867e-01 1.39115e-01 |
   6618 | 5.48719e+01 8.29127e-03 | 1.25331e-02 1.07867e-01 1.39115e-01 |
   6619 | 5.48802e+01 8.29127e-03 | 1.25331e-02 1.07867e-01 1.39115e-01 |
   6620 | 5.48885e+01 8.29127e-03 | 1.25331e-02 1.07867e-01 1.39115e-01 |
   6621 | 5.48968e+01 8.29127e-03 | 1.25331e-02 1.07867e-01 1.39115e-01 |
   6622 | 5.49051e+01 8.29128e-03 | 1.25331e-02 1.07867e-01 1.39115e-01 |
   6623 | 5.49134e+01 8.29128e-03 | 1.25331e-02 1.07867e-01 1.39115e-01 |
   6624 | 5.49217e+01 8.29128e-03 | 1.25331e-02 1.07867e-01 1.39115e-01 |
   6625 | 5.49299e+01 8.29128e-03 | 1.25331e-02 1.07867e-01 1.39115e-01 |
   6626 | 5.49382e+01 8.29129e-03 | 1.25331e-02 1.07867e-01 1.39115e-01 |
   6627 | 5.49465e+01 8.29129e-03 | 1.25331e-02 1.07867e-01 1.39115e-01 |
   6628 | 5.49548e+01 8.29129e-03 | 1.25331e-02 1.07867e-01 1.39115e-01 |
   6629 | 5.49631e+01 8.29130e-03 | 1.25331e-02 1.07867e-01 1.39115e-01 |
   6630 | 5.49714e+01 8.29130e-03 | 1.25331e-02 1.07867e-01 1.39115e-01 |
   6631 | 5.49797e+01 8.29131e-03 | 1.25331e-02 1.07867e-01 1.39115e-01 |
   6632 | 5.49880e+01 8.29132e-03 | 1.25331e-02 1.07867e-01 1.39115e-01 |
   6633 | 5.49963e+01 8.29132e-03 | 1.25331e-02 1.07867e-01 1.39115e-01 |
   6634 | 5.50046e+01 8.29133e-03 | 1.25331e-02 1.07867e-01 1.39115e-01 |
   6635 | 5.50129e+01 8.29134e-03 | 1.25331e-02 1.07867e-01 1.39115e-01 |
   6636 | 5.50211e+01 8.29134e-03 | 1.25331e-02 1.07867e-01 1.39115e-01 |
   6637 | 5.50294e+01 8.29135e-03 | 1.25331e-02 1.07867e-01 1.39115e-01 |
   6638 | 5.50377e+01 8.29136e-03 | 1.25331e-02 1.07867e-01 1.39115e-01 |
   6639 | 5.50460e+01 8.29137e-03 | 1.25331e-02 1.07867e-01 1.39115e-01 |
   6640 | 5.50543e+01 8.29138e-03 | 1.25331e-02 1.07867e-01 1.39115e-01 |
   6641 | 5.50626e+01 8.29139e-03 | 1.25331e-02 1.07867e-01 1.39115e-01 |
   6642 | 5.50709e+01 8.29140e-03 | 1.25331e-02 1.07867e-01 1.39115e-01 |
   6643 | 5.50792e+01 8.29141e-03 | 1.25331e-02 1.07867e-01 1.39115e-01 |
   6644 | 5.50875e+01 8.29142e-03 | 1.25331e-02 1.07867e-01 1.39115e-01 |
   6645 | 5.50958e+01 8.29143e-03 | 1.25331e-02 1.07867e-01 1.39115e-01 |
   6646 | 5.51041e+01 8.29144e-03 | 1.25331e-02 1.07867e-01 1.39115e-01 |
   6647 | 5.51124e+01 8.29143e-03 | 1.25331e-02 1.07867e-01 1.39115e-01 |
   6648 | 5.51206e+01 8.29142e-03 | 1.25331e-02 1.07867e-01 1.39115e-01 |
   6649 | 5.51289e+01 8.29141e-03 | 1.25331e-02 1.07867e-01 1.39115e-01 |
   6650 | 5.51372e+01 8.29140e-03 | 1.25331e-02 1.07867e-01 1.39115e-01 |
   6651 | 5.51455e+01 8.29139e-03 | 1.25331e-02 1.07867e-01 1.39115e-01 |
   6652 | 5.51538e+01 8.29138e-03 | 1.25331e-02 1.07867e-01 1.39115e-01 |
   6653 | 5.51621e+01 8.29137e-03 | 1.25331e-02 1.07867e-01 1.39115e-01 |
   6654 | 5.51704e+01 8.29137e-03 | 1.25331e-02 1.07867e-01 1.39115e-01 |
   6655 | 5.51787e+01 8.29136e-03 | 1.25331e-02 1.07867e-01 1.39115e-01 |
   6656 | 5.51870e+01 8.29135e-03 | 1.25331e-02 1.07867e-01 1.39115e-01 |
   6657 | 5.51953e+01 8.29134e-03 | 1.25331e-02 1.07867e-01 1.39115e-01 |
   6658 | 5.52036e+01 8.29133e-03 | 1.25331e-02 1.07867e-01 1.39115e-01 |
   6659 | 5.52118e+01 8.29132e-03 | 1.25331e-02 1.07867e-01 1.39115e-01 |
   6660 | 5.52201e+01 8.29131e-03 | 1.25331e-02 1.07867e-01 1.39115e-01 |
   6661 | 5.52284e+01 8.29130e-03 | 1.25331e-02 1.07867e-01 1.39115e-01 |
   6662 | 5.52367e+01 8.29129e-03 | 1.25331e-02 1.07867e-01 1.39115e-01 |
   6663 | 5.52450e+01 8.29129e-03 | 1.25331e-02 1.07867e-01 1.39115e-01 |
   6664 | 5.52533e+01 8.29128e-03 | 1.25331e-02 1.07867e-01 1.39115e-01 |
   6665 | 5.52616e+01 8.29127e-03 | 1.25331e-02 1.07867e-01 1.39115e-01 |
   6666 | 5.52699e+01 8.29127e-03 | 1.25331e-02 1.07867e-01 1.39115e-01 |
   6667 | 5.52782e+01 8.29126e-03 | 1.25331e-02 1.07867e-01 1.39115e-01 |
   6668 | 5.52865e+01 8.29126e-03 | 1.25331e-02 1.07867e-01 1.39115e-01 |
   6669 | 5.52948e+01 8.29125e-03 | 1.25331e-02 1.07867e-01 1.39115e-01 |
   6670 | 5.53031e+01 8.29125e-03 | 1.25331e-02 1.07867e-01 1.39115e-01 |
   6671 | 5.53113e+01 8.29125e-03 | 1.25331e-02 1.07867e-01 1.39115e-01 |
   6672 | 5.53196e+01 8.29124e-03 | 1.25331e-02 1.07867e-01 1.39115e-01 |
   6673 | 5.53279e+01 8.29124e-03 | 1.25331e-02 1.07867e-01 1.39115e-01 |
   6674 | 5.53362e+01 8.29124e-03 | 1.25331e-02 1.07867e-01 1.39115e-01 |
   6675 | 5.53445e+01 8.29124e-03 | 1.25331e-02 1.07867e-01 1.39115e-01 |
   6676 | 5.53528e+01 8.29124e-03 | 1.25331e-02 1.07867e-01 1.39115e-01 |
   6677 | 5.53611e+01 8.29123e-03 | 1.25331e-02 1.07867e-01 1.39115e-01 |
   6678 | 5.53694e+01 8.29123e-03 | 1.25331e-02 1.07867e-01 1.39115e-01 |
   6679 | 5.53777e+01 8.29123e-03 | 1.25331e-02 1.07867e-01 1.39115e-01 |
   6680 | 5.53860e+01 8.29123e-03 | 1.25331e-02 1.07867e-01 1.39115e-01 |
   6681 | 5.53943e+01 8.29124e-03 | 1.25331e-02 1.07867e-01 1.39115e-01 |
   6682 | 5.54025e+01 8.29124e-03 | 1.25331e-02 1.07867e-01 1.39115e-01 |
   6683 | 5.54108e+01 8.29124e-03 | 1.25331e-02 1.07867e-01 1.39115e-01 |
   6684 | 5.54191e+01 8.29124e-03 | 1.25331e-02 1.07867e-01 1.39115e-01 |
   6685 | 5.54274e+01 8.29124e-03 | 1.25331e-02 1.07867e-01 1.39115e-01 |
   6686 | 5.54357e+01 8.29125e-03 | 1.25331e-02 1.07867e-01 1.39115e-01 |
   6687 | 5.54440e+01 8.29125e-03 | 1.25331e-02 1.07867e-01 1.39115e-01 |
   6688 | 5.54523e+01 8.29125e-03 | 1.25331e-02 1.07867e-01 1.39115e-01 |
   6689 | 5.54606e+01 8.29126e-03 | 1.25331e-02 1.07867e-01 1.39115e-01 |
   6690 | 5.54689e+01 8.29126e-03 | 1.25331e-02 1.07867e-01 1.39115e-01 |
   6691 | 5.54772e+01 8.29127e-03 | 1.25331e-02 1.07867e-01 1.39115e-01 |
   6692 | 5.54855e+01 8.29127e-03 | 1.25331e-02 1.07867e-01 1.39115e-01 |
   6693 | 5.54938e+01 8.29128e-03 | 1.25331e-02 1.07867e-01 1.39115e-01 |
   6694 | 5.55020e+01 8.29129e-03 | 1.25331e-02 1.07867e-01 1.39115e-01 |
   6695 | 5.55103e+01 8.29129e-03 | 1.25331e-02 1.07867e-01 1.39115e-01 |
   6696 | 5.55186e+01 8.29130e-03 | 1.25331e-02 1.07867e-01 1.39115e-01 |
   6697 | 5.55269e+01 8.29131e-03 | 1.25331e-02 1.07867e-01 1.39115e-01 |
   6698 | 5.55352e+01 8.29132e-03 | 1.25331e-02 1.07867e-01 1.39115e-01 |
   6699 | 5.55435e+01 8.29132e-03 | 1.25331e-02 1.07867e-01 1.39115e-01 |
   6700 | 5.55518e+01 8.29133e-03 | 1.25331e-02 1.07867e-01 1.39115e-01 |
   6701 | 5.55601e+01 8.29134e-03 | 1.25331e-02 1.07867e-01 1.39115e-01 |
   6702 | 5.55684e+01 8.29135e-03 | 1.25331e-02 1.07867e-01 1.39115e-01 |
   6703 | 5.55767e+01 8.29136e-03 | 1.25331e-02 1.07867e-01 1.39115e-01 |
   6704 | 5.55850e+01 8.29137e-03 | 1.25331e-02 1.07867e-01 1.39115e-01 |
   6705 | 5.55932e+01 8.29139e-03 | 1.25331e-02 1.07867e-01 1.39115e-01 |
   6706 | 5.56015e+01 8.29138e-03 | 1.25331e-02 1.07867e-01 1.39115e-01 |
   6707 | 5.56098e+01 8.29137e-03 | 1.25331e-02 1.07867e-01 1.39115e-01 |
   6708 | 5.56181e+01 8.29136e-03 | 1.25331e-02 1.07867e-01 1.39115e-01 |
   6709 | 5.56264e+01 8.29135e-03 | 1.25331e-02 1.07867e-01 1.39115e-01 |
   6710 | 5.56347e+01 8.29134e-03 | 1.25331e-02 1.07867e-01 1.39115e-01 |
   6711 | 5.56430e+01 8.29133e-03 | 1.25331e-02 1.07867e-01 1.39115e-01 |
   6712 | 5.56513e+01 8.29132e-03 | 1.25331e-02 1.07867e-01 1.39115e-01 |
   6713 | 5.56596e+01 8.29131e-03 | 1.25331e-02 1.07867e-01 1.39115e-01 |
   6714 | 5.56679e+01 8.29131e-03 | 1.25331e-02 1.07867e-01 1.39115e-01 |
   6715 | 5.56762e+01 8.29130e-03 | 1.25331e-02 1.07867e-01 1.39115e-01 |
   6716 | 5.56845e+01 8.29129e-03 | 1.25331e-02 1.07867e-01 1.39115e-01 |
   6717 | 5.56927e+01 8.29128e-03 | 1.25331e-02 1.07867e-01 1.39115e-01 |
   6718 | 5.57010e+01 8.29128e-03 | 1.25331e-02 1.07867e-01 1.39115e-01 |
   6719 | 5.57093e+01 8.29127e-03 | 1.25331e-02 1.07867e-01 1.39115e-01 |
   6720 | 5.57176e+01 8.29127e-03 | 1.25331e-02 1.07867e-01 1.39115e-01 |
   6721 | 5.57259e+01 8.29126e-03 | 1.25331e-02 1.07867e-01 1.39115e-01 |
   6722 | 5.57342e+01 8.29126e-03 | 1.25331e-02 1.07867e-01 1.39115e-01 |
   6723 | 5.57425e+01 8.29125e-03 | 1.25331e-02 1.07867e-01 1.39115e-01 |
   6724 | 5.57508e+01 8.29125e-03 | 1.25331e-02 1.07867e-01 1.39115e-01 |
   6725 | 5.57591e+01 8.29125e-03 | 1.25331e-02 1.07867e-01 1.39115e-01 |
   6726 | 5.57674e+01 8.29124e-03 | 1.25331e-02 1.07867e-01 1.39115e-01 |
   6727 | 5.57757e+01 8.29124e-03 | 1.25331e-02 1.07867e-01 1.39115e-01 |
   6728 | 5.57839e+01 8.29124e-03 | 1.25331e-02 1.07867e-01 1.39115e-01 |
   6729 | 5.57922e+01 8.29124e-03 | 1.25331e-02 1.07867e-01 1.39115e-01 |
   6730 | 5.58005e+01 8.29124e-03 | 1.25331e-02 1.07867e-01 1.39115e-01 |
   6731 | 5.58088e+01 8.29124e-03 | 1.25331e-02 1.07867e-01 1.39115e-01 |
   6732 | 5.58171e+01 8.29124e-03 | 1.25331e-02 1.07867e-01 1.39115e-01 |
   6733 | 5.58254e+01 8.29124e-03 | 1.25331e-02 1.07867e-01 1.39115e-01 |
   6734 | 5.58337e+01 8.29124e-03 | 1.25331e-02 1.07867e-01 1.39115e-01 |
   6735 | 5.58420e+01 8.29124e-03 | 1.25331e-02 1.07867e-01 1.39115e-01 |
   6736 | 5.58503e+01 8.29124e-03 | 1.25331e-02 1.07867e-01 1.39115e-01 |
   6737 | 5.58586e+01 8.29124e-03 | 1.25331e-02 1.07867e-01 1.39115e-01 |
   6738 | 5.58669e+01 8.29124e-03 | 1.25331e-02 1.07867e-01 1.39115e-01 |
   6739 | 5.58752e+01 8.29125e-03 | 1.25331e-02 1.07867e-01 1.39115e-01 |
   6740 | 5.58834e+01 8.29125e-03 | 1.25331e-02 1.07867e-01 1.39115e-01 |
   6741 | 5.58917e+01 8.29125e-03 | 1.25331e-02 1.07867e-01 1.39115e-01 |
   6742 | 5.59000e+01 8.29126e-03 | 1.25331e-02 1.07867e-01 1.39115e-01 |
   6743 | 5.59083e+01 8.29126e-03 | 1.25331e-02 1.07867e-01 1.39115e-01 |
   6744 | 5.59166e+01 8.29127e-03 | 1.25331e-02 1.07867e-01 1.39115e-01 |
   6745 | 5.59249e+01 8.29127e-03 | 1.25331e-02 1.07867e-01 1.39115e-01 |
   6746 | 5.59332e+01 8.29128e-03 | 1.25331e-02 1.07867e-01 1.39115e-01 |
   6747 | 5.59415e+01 8.29128e-03 | 1.25331e-02 1.07867e-01 1.39115e-01 |
   6748 | 5.59498e+01 8.29129e-03 | 1.25331e-02 1.07867e-01 1.39115e-01 |
   6749 | 5.59581e+01 8.29130e-03 | 1.25331e-02 1.07867e-01 1.39115e-01 |
   6750 | 5.59664e+01 8.29131e-03 | 1.25331e-02 1.07867e-01 1.39115e-01 |
   6751 | 5.59746e+01 8.29131e-03 | 1.25331e-02 1.07867e-01 1.39115e-01 |
   6752 | 5.59829e+01 8.29132e-03 | 1.25331e-02 1.07867e-01 1.39115e-01 |
   6753 | 5.59912e+01 8.29133e-03 | 1.25331e-02 1.07867e-01 1.39115e-01 |
   6754 | 5.59995e+01 8.29134e-03 | 1.25331e-02 1.07867e-01 1.39115e-01 |
   6755 | 5.60078e+01 8.29135e-03 | 1.25331e-02 1.07867e-01 1.39115e-01 |
   6756 | 5.60161e+01 8.29136e-03 | 1.25331e-02 1.07867e-01 1.39115e-01 |
   6757 | 5.60244e+01 8.29137e-03 | 1.25331e-02 1.07867e-01 1.39115e-01 |
   6758 | 5.60327e+01 8.29138e-03 | 1.25331e-02 1.07867e-01 1.39115e-01 |
   6759 | 5.60410e+01 8.29140e-03 | 1.25331e-02 1.07867e-01 1.39115e-01 |
   6760 | 5.60493e+01 8.29141e-03 | 1.25331e-02 1.07867e-01 1.39115e-01 |
   6761 | 5.60576e+01 8.29140e-03 | 1.25331e-02 1.07867e-01 1.39115e-01 |
   6762 | 5.60659e+01 8.29139e-03 | 1.25331e-02 1.07867e-01 1.39115e-01 |
   6763 | 5.60741e+01 8.29138e-03 | 1.25331e-02 1.07867e-01 1.39115e-01 |
   6764 | 5.60824e+01 8.29137e-03 | 1.25331e-02 1.07867e-01 1.39115e-01 |
   6765 | 5.60907e+01 8.29136e-03 | 1.25331e-02 1.07867e-01 1.39115e-01 |
   6766 | 5.60990e+01 8.29135e-03 | 1.25331e-02 1.07867e-01 1.39115e-01 |
   6767 | 5.61073e+01 8.29134e-03 | 1.25331e-02 1.07867e-01 1.39115e-01 |
   6768 | 5.61156e+01 8.29133e-03 | 1.25331e-02 1.07867e-01 1.39115e-01 |
   6769 | 5.61239e+01 8.29132e-03 | 1.25331e-02 1.07867e-01 1.39115e-01 |
   6770 | 5.61322e+01 8.29131e-03 | 1.25331e-02 1.07867e-01 1.39115e-01 |
   6771 | 5.61405e+01 8.29130e-03 | 1.25331e-02 1.07867e-01 1.39115e-01 |
   6772 | 5.61488e+01 8.29129e-03 | 1.25331e-02 1.07867e-01 1.39115e-01 |
   6773 | 5.61571e+01 8.29129e-03 | 1.25331e-02 1.07867e-01 1.39115e-01 |
   6774 | 5.61653e+01 8.29128e-03 | 1.25331e-02 1.07867e-01 1.39115e-01 |
   6775 | 5.61736e+01 8.29127e-03 | 1.25331e-02 1.07867e-01 1.39115e-01 |
   6776 | 5.61819e+01 8.29127e-03 | 1.25331e-02 1.07867e-01 1.39115e-01 |
   6777 | 5.61902e+01 8.29126e-03 | 1.25331e-02 1.07867e-01 1.39115e-01 |
   6778 | 5.61985e+01 8.29126e-03 | 1.25331e-02 1.07867e-01 1.39115e-01 |
   6779 | 5.62068e+01 8.29125e-03 | 1.25331e-02 1.07867e-01 1.39115e-01 |
   6780 | 5.62151e+01 8.29125e-03 | 1.25331e-02 1.07867e-01 1.39115e-01 |
   6781 | 5.62234e+01 8.29125e-03 | 1.25331e-02 1.07867e-01 1.39115e-01 |
   6782 | 5.62317e+01 8.29124e-03 | 1.25331e-02 1.07867e-01 1.39115e-01 |
   6783 | 5.62400e+01 8.29124e-03 | 1.25331e-02 1.07867e-01 1.39115e-01 |
   6784 | 5.62483e+01 8.29124e-03 | 1.25331e-02 1.07867e-01 1.39115e-01 |
   6785 | 5.62566e+01 8.29124e-03 | 1.25331e-02 1.07867e-01 1.39115e-01 |
   6786 | 5.62648e+01 8.29124e-03 | 1.25331e-02 1.07867e-01 1.39115e-01 |
   6787 | 5.62731e+01 8.29123e-03 | 1.25331e-02 1.07867e-01 1.39115e-01 |
   6788 | 5.62814e+01 8.29123e-03 | 1.25331e-02 1.07867e-01 1.39115e-01 |
   6789 | 5.62897e+01 8.29123e-03 | 1.25331e-02 1.07867e-01 1.39115e-01 |
   6790 | 5.62980e+01 8.29123e-03 | 1.25331e-02 1.07867e-01 1.39115e-01 |
   6791 | 5.63063e+01 8.29123e-03 | 1.25331e-02 1.07867e-01 1.39115e-01 |
   6792 | 5.63146e+01 8.29124e-03 | 1.25331e-02 1.07867e-01 1.39115e-01 |
   6793 | 5.63229e+01 8.29124e-03 | 1.25331e-02 1.07867e-01 1.39115e-01 |
   6794 | 5.63312e+01 8.29124e-03 | 1.25331e-02 1.07867e-01 1.39115e-01 |
   6795 | 5.63395e+01 8.29124e-03 | 1.25331e-02 1.07867e-01 1.39115e-01 |
   6796 | 5.63478e+01 8.29125e-03 | 1.25331e-02 1.07867e-01 1.39115e-01 |
   6797 | 5.63560e+01 8.29125e-03 | 1.25331e-02 1.07867e-01 1.39115e-01 |
   6798 | 5.63643e+01 8.29125e-03 | 1.25331e-02 1.07867e-01 1.39115e-01 |
   6799 | 5.63726e+01 8.29126e-03 | 1.25331e-02 1.07867e-01 1.39115e-01 |
   6800 | 5.63809e+01 8.29126e-03 | 1.25331e-02 1.07867e-01 1.39115e-01 |
   6801 | 5.63892e+01 8.29127e-03 | 1.25331e-02 1.07867e-01 1.39115e-01 |
   6802 | 5.63975e+01 8.29127e-03 | 1.25331e-02 1.07867e-01 1.39115e-01 |
   6803 | 5.64058e+01 8.29128e-03 | 1.25331e-02 1.07867e-01 1.39115e-01 |
   6804 | 5.64141e+01 8.29129e-03 | 1.25331e-02 1.07867e-01 1.39115e-01 |
   6805 | 5.64224e+01 8.29129e-03 | 1.25331e-02 1.07867e-01 1.39115e-01 |
   6806 | 5.64307e+01 8.29130e-03 | 1.25331e-02 1.07867e-01 1.39115e-01 |
   6807 | 5.64390e+01 8.29131e-03 | 1.25331e-02 1.07867e-01 1.39115e-01 |
   6808 | 5.64473e+01 8.29132e-03 | 1.25331e-02 1.07867e-01 1.39115e-01 |
   6809 | 5.64555e+01 8.29132e-03 | 1.25331e-02 1.07867e-01 1.39115e-01 |
   6810 | 5.64638e+01 8.29133e-03 | 1.25331e-02 1.07867e-01 1.39115e-01 |
   6811 | 5.64721e+01 8.29134e-03 | 1.25331e-02 1.07867e-01 1.39115e-01 |
   6812 | 5.64804e+01 8.29135e-03 | 1.25331e-02 1.07867e-01 1.39115e-01 |
   6813 | 5.64887e+01 8.29136e-03 | 1.25331e-02 1.07867e-01 1.39115e-01 |
   6814 | 5.64970e+01 8.29137e-03 | 1.25331e-02 1.07867e-01 1.39115e-01 |
   6815 | 5.65053e+01 8.29139e-03 | 1.25331e-02 1.07867e-01 1.39115e-01 |
   6816 | 5.65136e+01 8.29138e-03 | 1.25331e-02 1.07867e-01 1.39115e-01 |
   6817 | 5.65219e+01 8.29137e-03 | 1.25331e-02 1.07867e-01 1.39115e-01 |
   6818 | 5.65302e+01 8.29136e-03 | 1.25331e-02 1.07867e-01 1.39115e-01 |
   6819 | 5.65385e+01 8.29135e-03 | 1.25331e-02 1.07867e-01 1.39115e-01 |
   6820 | 5.65467e+01 8.29134e-03 | 1.25331e-02 1.07867e-01 1.39115e-01 |
   6821 | 5.65550e+01 8.29133e-03 | 1.25331e-02 1.07867e-01 1.39115e-01 |
   6822 | 5.65633e+01 8.29132e-03 | 1.25331e-02 1.07867e-01 1.39115e-01 |
   6823 | 5.65716e+01 8.29132e-03 | 1.25331e-02 1.07867e-01 1.39115e-01 |
   6824 | 5.65799e+01 8.29131e-03 | 1.25331e-02 1.07867e-01 1.39115e-01 |
   6825 | 5.65882e+01 8.29130e-03 | 1.25331e-02 1.07867e-01 1.39115e-01 |
   6826 | 5.65965e+01 8.29129e-03 | 1.25331e-02 1.07867e-01 1.39115e-01 |
   6827 | 5.66048e+01 8.29129e-03 | 1.25331e-02 1.07867e-01 1.39115e-01 |
   6828 | 5.66131e+01 8.29128e-03 | 1.25331e-02 1.07867e-01 1.39115e-01 |
   6829 | 5.66214e+01 8.29127e-03 | 1.25331e-02 1.07867e-01 1.39115e-01 |
   6830 | 5.66297e+01 8.29127e-03 | 1.25331e-02 1.07867e-01 1.39115e-01 |
   6831 | 5.66380e+01 8.29126e-03 | 1.25331e-02 1.07867e-01 1.39115e-01 |
   6832 | 5.66462e+01 8.29126e-03 | 1.25331e-02 1.07867e-01 1.39115e-01 |
   6833 | 5.66545e+01 8.29125e-03 | 1.25331e-02 1.07867e-01 1.39115e-01 |
   6834 | 5.66628e+01 8.29125e-03 | 1.25331e-02 1.07867e-01 1.39115e-01 |
   6835 | 5.66711e+01 8.29125e-03 | 1.25331e-02 1.07867e-01 1.39115e-01 |
   6836 | 5.66794e+01 8.29125e-03 | 1.25331e-02 1.07867e-01 1.39115e-01 |
   6837 | 5.66877e+01 8.29124e-03 | 1.25331e-02 1.07867e-01 1.39115e-01 |
   6838 | 5.66960e+01 8.29124e-03 | 1.25331e-02 1.07867e-01 1.39115e-01 |
   6839 | 5.67043e+01 8.29124e-03 | 1.25331e-02 1.07867e-01 1.39115e-01 |
   6840 | 5.67126e+01 8.29124e-03 | 1.25331e-02 1.07867e-01 1.39115e-01 |
   6841 | 5.67209e+01 8.29124e-03 | 1.25331e-02 1.07867e-01 1.39115e-01 |
   6842 | 5.67292e+01 8.29124e-03 | 1.25331e-02 1.07867e-01 1.39115e-01 |
   6843 | 5.67374e+01 8.29124e-03 | 1.25331e-02 1.07867e-01 1.39115e-01 |
   6844 | 5.67457e+01 8.29124e-03 | 1.25331e-02 1.07867e-01 1.39115e-01 |
   6845 | 5.67540e+01 8.29124e-03 | 1.25331e-02 1.07867e-01 1.39115e-01 |
   6846 | 5.67623e+01 8.29124e-03 | 1.25331e-02 1.07867e-01 1.39115e-01 |
   6847 | 5.67706e+01 8.29124e-03 | 1.25331e-02 1.07867e-01 1.39115e-01 |
   6848 | 5.67789e+01 8.29125e-03 | 1.25331e-02 1.07867e-01 1.39115e-01 |
   6849 | 5.67872e+01 8.29125e-03 | 1.25331e-02 1.07867e-01 1.39115e-01 |
   6850 | 5.67955e+01 8.29125e-03 | 1.25331e-02 1.07867e-01 1.39115e-01 |
   6851 | 5.68038e+01 8.29126e-03 | 1.25331e-02 1.07867e-01 1.39115e-01 |
   6852 | 5.68121e+01 8.29126e-03 | 1.25331e-02 1.07867e-01 1.39115e-01 |
   6853 | 5.68204e+01 8.29126e-03 | 1.25331e-02 1.07867e-01 1.39115e-01 |
   6854 | 5.68286e+01 8.29127e-03 | 1.25331e-02 1.07867e-01 1.39115e-01 |
   6855 | 5.68369e+01 8.29127e-03 | 1.25331e-02 1.07867e-01 1.39115e-01 |
   6856 | 5.68452e+01 8.29128e-03 | 1.25331e-02 1.07867e-01 1.39115e-01 |
   6857 | 5.68535e+01 8.29129e-03 | 1.25331e-02 1.07867e-01 1.39115e-01 |
   6858 | 5.68618e+01 8.29129e-03 | 1.25331e-02 1.07867e-01 1.39115e-01 |
   6859 | 5.68701e+01 8.29130e-03 | 1.25331e-02 1.07867e-01 1.39115e-01 |
   6860 | 5.68784e+01 8.29131e-03 | 1.25331e-02 1.07867e-01 1.39115e-01 |
   6861 | 5.68867e+01 8.29131e-03 | 1.25331e-02 1.07867e-01 1.39115e-01 |
   6862 | 5.68950e+01 8.29132e-03 | 1.25331e-02 1.07867e-01 1.39115e-01 |
   6863 | 5.69033e+01 8.29132e-03 | 1.25331e-02 1.07867e-01 1.39115e-01 |
   6864 | 5.69116e+01 8.29133e-03 | 1.25331e-02 1.07867e-01 1.39115e-01 |
   6865 | 5.69199e+01 8.29134e-03 | 1.25331e-02 1.07867e-01 1.39115e-01 |
   6866 | 5.69281e+01 8.29134e-03 | 1.25331e-02 1.07867e-01 1.39115e-01 |
   6867 | 5.69364e+01 8.29135e-03 | 1.25331e-02 1.07867e-01 1.39115e-01 |
   6868 | 5.69447e+01 8.29136e-03 | 1.25331e-02 1.07867e-01 1.39115e-01 |
   6869 | 5.69530e+01 8.29137e-03 | 1.25331e-02 1.07867e-01 1.39115e-01 |
   6870 | 5.69613e+01 8.29138e-03 | 1.25331e-02 1.07867e-01 1.39115e-01 |
   6871 | 5.69696e+01 8.29139e-03 | 1.25331e-02 1.07867e-01 1.39115e-01 |
   6872 | 5.69779e+01 8.29139e-03 | 1.25331e-02 1.07867e-01 1.39115e-01 |
   6873 | 5.69862e+01 8.29140e-03 | 1.25331e-02 1.07867e-01 1.39115e-01 |
   6874 | 5.69945e+01 8.29142e-03 | 1.25331e-02 1.07867e-01 1.39115e-01 |
   6875 | 5.70028e+01 8.29143e-03 | 1.25331e-02 1.07867e-01 1.39115e-01 |
   6876 | 5.70111e+01 8.29142e-03 | 1.25331e-02 1.07867e-01 1.39115e-01 |
   6877 | 5.70194e+01 8.29140e-03 | 1.25331e-02 1.07867e-01 1.39115e-01 |
   6878 | 5.70276e+01 8.29139e-03 | 1.25331e-02 1.07867e-01 1.39115e-01 |
   6879 | 5.70359e+01 8.29138e-03 | 1.25331e-02 1.07867e-01 1.39115e-01 |
   6880 | 5.70442e+01 8.29137e-03 | 1.25331e-02 1.07867e-01 1.39115e-01 |
   6881 | 5.70525e+01 8.29136e-03 | 1.25331e-02 1.07867e-01 1.39115e-01 |
   6882 | 5.70608e+01 8.29135e-03 | 1.25331e-02 1.07867e-01 1.39115e-01 |
   6883 | 5.70691e+01 8.29134e-03 | 1.25331e-02 1.07867e-01 1.39115e-01 |
   6884 | 5.70774e+01 8.29134e-03 | 1.25331e-02 1.07867e-01 1.39115e-01 |
   6885 | 5.70857e+01 8.29133e-03 | 1.25331e-02 1.07867e-01 1.39115e-01 |
   6886 | 5.70940e+01 8.29132e-03 | 1.25331e-02 1.07867e-01 1.39115e-01 |
   6887 | 5.71023e+01 8.29131e-03 | 1.25331e-02 1.07867e-01 1.39115e-01 |
   6888 | 5.71106e+01 8.29131e-03 | 1.25331e-02 1.07867e-01 1.39115e-01 |
   6889 | 5.71188e+01 8.29130e-03 | 1.25331e-02 1.07867e-01 1.39115e-01 |
   6890 | 5.71271e+01 8.29129e-03 | 1.25331e-02 1.07867e-01 1.39115e-01 |
   6891 | 5.71354e+01 8.29129e-03 | 1.25331e-02 1.07867e-01 1.39115e-01 |
   6892 | 5.71437e+01 8.29128e-03 | 1.25331e-02 1.07867e-01 1.39115e-01 |
   6893 | 5.71520e+01 8.29128e-03 | 1.25331e-02 1.07867e-01 1.39115e-01 |
   6894 | 5.71603e+01 8.29128e-03 | 1.25331e-02 1.07867e-01 1.39115e-01 |
   6895 | 5.71686e+01 8.29127e-03 | 1.25331e-02 1.07867e-01 1.39115e-01 |
   6896 | 5.71769e+01 8.29127e-03 | 1.25331e-02 1.07867e-01 1.39115e-01 |
   6897 | 5.71852e+01 8.29127e-03 | 1.25331e-02 1.07867e-01 1.39115e-01 |
   6898 | 5.71935e+01 8.29126e-03 | 1.25331e-02 1.07867e-01 1.39115e-01 |
   6899 | 5.72018e+01 8.29126e-03 | 1.25331e-02 1.07867e-01 1.39115e-01 |
   6900 | 5.72101e+01 8.29126e-03 | 1.25331e-02 1.07867e-01 1.39115e-01 |
   6901 | 5.72183e+01 8.29126e-03 | 1.25331e-02 1.07867e-01 1.39115e-01 |
   6902 | 5.72266e+01 8.29126e-03 | 1.25331e-02 1.07867e-01 1.39115e-01 |
   6903 | 5.72349e+01 8.29126e-03 | 1.25331e-02 1.07867e-01 1.39115e-01 |
   6904 | 5.72432e+01 8.29126e-03 | 1.25331e-02 1.07867e-01 1.39115e-01 |
   6905 | 5.72515e+01 8.29126e-03 | 1.25331e-02 1.07867e-01 1.39115e-01 |
   6906 | 5.72598e+01 8.29126e-03 | 1.25331e-02 1.07867e-01 1.39115e-01 |
   6907 | 5.72681e+01 8.29126e-03 | 1.25331e-02 1.07867e-01 1.39115e-01 |
   6908 | 5.72764e+01 8.29126e-03 | 1.25331e-02 1.07867e-01 1.39115e-01 |
   6909 | 5.72847e+01 8.29127e-03 | 1.25331e-02 1.07867e-01 1.39115e-01 |
   6910 | 5.72930e+01 8.29127e-03 | 1.25331e-02 1.07867e-01 1.39115e-01 |
   6911 | 5.73013e+01 8.29127e-03 | 1.25331e-02 1.07867e-01 1.39115e-01 |
   6912 | 5.73095e+01 8.29128e-03 | 1.25331e-02 1.07867e-01 1.39115e-01 |
   6913 | 5.73178e+01 8.29128e-03 | 1.25331e-02 1.07867e-01 1.39115e-01 |
   6914 | 5.73261e+01 8.29129e-03 | 1.25331e-02 1.07867e-01 1.39115e-01 |
   6915 | 5.73344e+01 8.29129e-03 | 1.25331e-02 1.07867e-01 1.39115e-01 |
   6916 | 5.73427e+01 8.29130e-03 | 1.25331e-02 1.07867e-01 1.39115e-01 |
   6917 | 5.73510e+01 8.29130e-03 | 1.25331e-02 1.07867e-01 1.39115e-01 |
   6918 | 5.73593e+01 8.29131e-03 | 1.25331e-02 1.07867e-01 1.39115e-01 |
   6919 | 5.73676e+01 8.29131e-03 | 1.25331e-02 1.07867e-01 1.39115e-01 |
   6920 | 5.73759e+01 8.29132e-03 | 1.25331e-02 1.07867e-01 1.39115e-01 |
   6921 | 5.73842e+01 8.29133e-03 | 1.25331e-02 1.07867e-01 1.39115e-01 |
   6922 | 5.73925e+01 8.29134e-03 | 1.25331e-02 1.07867e-01 1.39115e-01 |
   6923 | 5.74008e+01 8.29135e-03 | 1.25331e-02 1.07867e-01 1.39115e-01 |
   6924 | 5.74090e+01 8.29136e-03 | 1.25331e-02 1.07867e-01 1.39115e-01 |
   6925 | 5.74173e+01 8.29136e-03 | 1.25331e-02 1.07867e-01 1.39115e-01 |
   6926 | 5.74256e+01 8.29137e-03 | 1.25331e-02 1.07867e-01 1.39115e-01 |
   6927 | 5.74339e+01 8.29139e-03 | 1.25331e-02 1.07867e-01 1.39115e-01 |
   6928 | 5.74422e+01 8.29140e-03 | 1.25331e-02 1.07867e-01 1.39115e-01 |
   6929 | 5.74505e+01 8.29140e-03 | 1.25331e-02 1.07867e-01 1.39115e-01 |
   6930 | 5.74588e+01 8.29139e-03 | 1.25331e-02 1.07867e-01 1.39115e-01 |
   6931 | 5.74671e+01 8.29139e-03 | 1.25331e-02 1.07867e-01 1.39115e-01 |
   6932 | 5.74754e+01 8.29138e-03 | 1.25331e-02 1.07867e-01 1.39115e-01 |
   6933 | 5.74837e+01 8.29137e-03 | 1.25331e-02 1.07867e-01 1.39115e-01 |
   6934 | 5.74920e+01 8.29137e-03 | 1.25331e-02 1.07867e-01 1.39115e-01 |
   6935 | 5.75002e+01 8.29136e-03 | 1.25331e-02 1.07867e-01 1.39115e-01 |
   6936 | 5.75085e+01 8.29136e-03 | 1.25331e-02 1.07867e-01 1.39115e-01 |
   6937 | 5.75168e+01 8.29136e-03 | 1.25331e-02 1.07867e-01 1.39115e-01 |
   6938 | 5.75251e+01 8.29135e-03 | 1.25331e-02 1.07867e-01 1.39115e-01 |
   6939 | 5.75334e+01 8.29135e-03 | 1.25331e-02 1.07867e-01 1.39115e-01 |
   6940 | 5.75417e+01 8.29135e-03 | 1.25331e-02 1.07867e-01 1.39115e-01 |
   6941 | 5.75500e+01 8.29134e-03 | 1.25331e-02 1.07867e-01 1.39115e-01 |
   6942 | 5.75583e+01 8.29134e-03 | 1.25331e-02 1.07867e-01 1.39115e-01 |
   6943 | 5.75666e+01 8.29134e-03 | 1.25331e-02 1.07867e-01 1.39115e-01 |
   6944 | 5.75749e+01 8.29133e-03 | 1.25331e-02 1.07867e-01 1.39115e-01 |
   6945 | 5.75832e+01 8.29132e-03 | 1.25331e-02 1.07867e-01 1.39115e-01 |
   6946 | 5.75915e+01 8.29132e-03 | 1.25331e-02 1.07867e-01 1.39115e-01 |
   6947 | 5.75997e+01 8.29131e-03 | 1.25331e-02 1.07867e-01 1.39115e-01 |
   6948 | 5.76080e+01 8.29131e-03 | 1.25331e-02 1.07867e-01 1.39115e-01 |
   6949 | 5.76163e+01 8.29130e-03 | 1.25331e-02 1.07867e-01 1.39115e-01 |
   6950 | 5.76246e+01 8.29130e-03 | 1.25331e-02 1.07867e-01 1.39115e-01 |
   6951 | 5.76329e+01 8.29129e-03 | 1.25331e-02 1.07867e-01 1.39115e-01 |
   6952 | 5.76412e+01 8.29129e-03 | 1.25331e-02 1.07867e-01 1.39115e-01 |
   6953 | 5.76495e+01 8.29129e-03 | 1.25331e-02 1.07867e-01 1.39115e-01 |
   6954 | 5.76578e+01 8.29128e-03 | 1.25331e-02 1.07867e-01 1.39115e-01 |
   6955 | 5.76661e+01 8.29128e-03 | 1.25331e-02 1.07867e-01 1.39115e-01 |
   6956 | 5.76744e+01 8.29128e-03 | 1.25331e-02 1.07867e-01 1.39115e-01 |
   6957 | 5.76827e+01 8.29128e-03 | 1.25331e-02 1.07867e-01 1.39115e-01 |
   6958 | 5.76909e+01 8.29128e-03 | 1.25331e-02 1.07867e-01 1.39115e-01 |
   6959 | 5.76992e+01 8.29128e-03 | 1.25331e-02 1.07867e-01 1.39115e-01 |
   6960 | 5.77075e+01 8.29128e-03 | 1.25331e-02 1.07867e-01 1.39115e-01 |
   6961 | 5.77158e+01 8.29128e-03 | 1.25331e-02 1.07867e-01 1.39115e-01 |
   6962 | 5.77241e+01 8.29128e-03 | 1.25331e-02 1.07867e-01 1.39115e-01 |
   6963 | 5.77324e+01 8.29128e-03 | 1.25331e-02 1.07867e-01 1.39115e-01 |
   6964 | 5.77407e+01 8.29128e-03 | 1.25331e-02 1.07867e-01 1.39115e-01 |
   6965 | 5.77490e+01 8.29128e-03 | 1.25331e-02 1.07867e-01 1.39115e-01 |
   6966 | 5.77573e+01 8.29129e-03 | 1.25331e-02 1.07867e-01 1.39115e-01 |
   6967 | 5.77656e+01 8.29129e-03 | 1.25331e-02 1.07867e-01 1.39115e-01 |
   6968 | 5.77739e+01 8.29129e-03 | 1.25331e-02 1.07867e-01 1.39115e-01 |
   6969 | 5.77822e+01 8.29130e-03 | 1.25331e-02 1.07867e-01 1.39115e-01 |
   6970 | 5.77904e+01 8.29130e-03 | 1.25331e-02 1.07867e-01 1.39115e-01 |
   6971 | 5.77987e+01 8.29131e-03 | 1.25331e-02 1.07867e-01 1.39115e-01 |
   6972 | 5.78070e+01 8.29131e-03 | 1.25331e-02 1.07867e-01 1.39115e-01 |
   6973 | 5.78153e+01 8.29132e-03 | 1.25331e-02 1.07867e-01 1.39115e-01 |
   6974 | 5.78236e+01 8.29132e-03 | 1.25331e-02 1.07867e-01 1.39115e-01 |
   6975 | 5.78319e+01 8.29133e-03 | 1.25331e-02 1.07867e-01 1.39115e-01 |
   6976 | 5.78402e+01 8.29134e-03 | 1.25331e-02 1.07867e-01 1.39115e-01 |
   6977 | 5.78485e+01 8.29134e-03 | 1.25331e-02 1.07867e-01 1.39115e-01 |
   6978 | 5.78568e+01 8.29135e-03 | 1.25331e-02 1.07867e-01 1.39115e-01 |
   6979 | 5.78651e+01 8.29136e-03 | 1.25331e-02 1.07867e-01 1.39115e-01 |
   6980 | 5.78734e+01 8.29137e-03 | 1.25331e-02 1.07867e-01 1.39115e-01 |
   6981 | 5.78816e+01 8.29138e-03 | 1.25331e-02 1.07867e-01 1.39115e-01 |
   6982 | 5.78899e+01 8.29139e-03 | 1.25331e-02 1.07867e-01 1.39115e-01 |
   6983 | 5.78982e+01 8.29140e-03 | 1.25331e-02 1.07867e-01 1.39115e-01 |
   6984 | 5.79065e+01 8.29141e-03 | 1.25331e-02 1.07867e-01 1.39115e-01 |
   6985 | 5.79148e+01 8.29142e-03 | 1.25331e-02 1.07867e-01 1.39115e-01 |
   6986 | 5.79231e+01 8.29141e-03 | 1.25331e-02 1.07867e-01 1.39115e-01 |
   6987 | 5.79314e+01 8.29140e-03 | 1.25331e-02 1.07867e-01 1.39115e-01 |
   6988 | 5.79397e+01 8.29139e-03 | 1.25331e-02 1.07867e-01 1.39115e-01 |
   6989 | 5.79480e+01 8.29138e-03 | 1.25331e-02 1.07867e-01 1.39115e-01 |
   6990 | 5.79563e+01 8.29137e-03 | 1.25331e-02 1.07867e-01 1.39115e-01 |
   6991 | 5.79646e+01 8.29136e-03 | 1.25331e-02 1.07867e-01 1.39115e-01 |
   6992 | 5.79729e+01 8.29135e-03 | 1.25331e-02 1.07867e-01 1.39115e-01 |
   6993 | 5.79811e+01 8.29134e-03 | 1.25331e-02 1.07867e-01 1.39115e-01 |
   6994 | 5.79894e+01 8.29133e-03 | 1.25331e-02 1.07867e-01 1.39115e-01 |
   6995 | 5.79977e+01 8.29132e-03 | 1.25331e-02 1.07867e-01 1.39115e-01 |
   6996 | 5.80060e+01 8.29132e-03 | 1.25331e-02 1.07867e-01 1.39115e-01 |
   6997 | 5.80143e+01 8.29131e-03 | 1.25331e-02 1.07867e-01 1.39115e-01 |
   6998 | 5.80226e+01 8.29130e-03 | 1.25331e-02 1.07867e-01 1.39115e-01 |
   6999 | 5.80309e+01 8.29130e-03 | 1.25331e-02 1.07867e-01 1.39115e-01 |
   7000 | 5.80392e+01 8.29129e-03 | 1.25331e-02 1.07867e-01 1.39115e-01 |
   7001 | 5.80475e+01 8.29128e-03 | 1.25331e-02 1.07867e-01 1.39115e-01 |
   7002 | 5.80558e+01 8.29128e-03 | 1.25331e-02 1.07867e-01 1.39115e-01 |
   7003 | 5.80641e+01 8.29127e-03 | 1.25331e-02 1.07867e-01 1.39115e-01 |
   7004 | 5.80723e+01 8.29127e-03 | 1.25331e-02 1.07867e-01 1.39115e-01 |
   7005 | 5.80806e+01 8.29127e-03 | 1.25331e-02 1.07867e-01 1.39115e-01 |
   7006 | 5.80889e+01 8.29126e-03 | 1.25331e-02 1.07867e-01 1.39115e-01 |
   7007 | 5.80972e+01 8.29126e-03 | 1.25331e-02 1.07867e-01 1.39115e-01 |
   7008 | 5.81055e+01 8.29126e-03 | 1.25331e-02 1.07867e-01 1.39115e-01 |
   7009 | 5.81138e+01 8.29126e-03 | 1.25331e-02 1.07867e-01 1.39115e-01 |
   7010 | 5.81221e+01 8.29126e-03 | 1.25331e-02 1.07867e-01 1.39115e-01 |
   7011 | 5.81304e+01 8.29125e-03 | 1.25331e-02 1.07867e-01 1.39115e-01 |
   7012 | 5.81387e+01 8.29125e-03 | 1.25331e-02 1.07867e-01 1.39115e-01 |
   7013 | 5.81470e+01 8.29125e-03 | 1.25331e-02 1.07867e-01 1.39115e-01 |
   7014 | 5.81553e+01 8.29125e-03 | 1.25331e-02 1.07867e-01 1.39115e-01 |
   7015 | 5.81636e+01 8.29125e-03 | 1.25331e-02 1.07867e-01 1.39115e-01 |
   7016 | 5.81718e+01 8.29126e-03 | 1.25331e-02 1.07867e-01 1.39115e-01 |
   7017 | 5.81801e+01 8.29126e-03 | 1.25331e-02 1.07867e-01 1.39115e-01 |
   7018 | 5.81884e+01 8.29126e-03 | 1.25331e-02 1.07867e-01 1.39115e-01 |
   7019 | 5.81967e+01 8.29126e-03 | 1.25331e-02 1.07867e-01 1.39115e-01 |
   7020 | 5.82050e+01 8.29126e-03 | 1.25331e-02 1.07867e-01 1.39115e-01 |
   7021 | 5.82133e+01 8.29127e-03 | 1.25331e-02 1.07867e-01 1.39115e-01 |
   7022 | 5.82216e+01 8.29127e-03 | 1.25331e-02 1.07867e-01 1.39115e-01 |
   7023 | 5.82299e+01 8.29128e-03 | 1.25331e-02 1.07867e-01 1.39115e-01 |
   7024 | 5.82382e+01 8.29128e-03 | 1.25331e-02 1.07867e-01 1.39115e-01 |
   7025 | 5.82465e+01 8.29129e-03 | 1.25331e-02 1.07867e-01 1.39115e-01 |
   7026 | 5.82548e+01 8.29129e-03 | 1.25331e-02 1.07867e-01 1.39115e-01 |
   7027 | 5.82630e+01 8.29130e-03 | 1.25331e-02 1.07867e-01 1.39115e-01 |
   7028 | 5.82713e+01 8.29130e-03 | 1.25331e-02 1.07867e-01 1.39115e-01 |
   7029 | 5.82796e+01 8.29131e-03 | 1.25331e-02 1.07867e-01 1.39115e-01 |
   7030 | 5.82879e+01 8.29132e-03 | 1.25331e-02 1.07867e-01 1.39115e-01 |
   7031 | 5.82962e+01 8.29133e-03 | 1.25331e-02 1.07867e-01 1.39115e-01 |
   7032 | 5.83045e+01 8.29133e-03 | 1.25331e-02 1.07867e-01 1.39115e-01 |
   7033 | 5.83128e+01 8.29134e-03 | 1.25331e-02 1.07867e-01 1.39115e-01 |
   7034 | 5.83211e+01 8.29135e-03 | 1.25331e-02 1.07867e-01 1.39115e-01 |
   7035 | 5.83294e+01 8.29136e-03 | 1.25331e-02 1.07867e-01 1.39115e-01 |
   7036 | 5.83377e+01 8.29137e-03 | 1.25331e-02 1.07867e-01 1.39115e-01 |
   7037 | 5.83460e+01 8.29138e-03 | 1.25331e-02 1.07867e-01 1.39115e-01 |
   7038 | 5.83543e+01 8.29139e-03 | 1.25331e-02 1.07867e-01 1.39115e-01 |
   7039 | 5.83625e+01 8.29140e-03 | 1.25331e-02 1.07867e-01 1.39115e-01 |
   7040 | 5.83708e+01 8.29140e-03 | 1.25331e-02 1.07867e-01 1.39115e-01 |
   7041 | 5.83791e+01 8.29140e-03 | 1.25331e-02 1.07867e-01 1.39115e-01 |
   7042 | 5.83874e+01 8.29139e-03 | 1.25331e-02 1.07867e-01 1.39115e-01 |
   7043 | 5.83957e+01 8.29138e-03 | 1.25331e-02 1.07867e-01 1.39115e-01 |
   7044 | 5.84040e+01 8.29138e-03 | 1.25331e-02 1.07867e-01 1.39115e-01 |
   7045 | 5.84123e+01 8.29137e-03 | 1.25331e-02 1.07867e-01 1.39115e-01 |
   7046 | 5.84206e+01 8.29137e-03 | 1.25331e-02 1.07867e-01 1.39115e-01 |
   7047 | 5.84289e+01 8.29137e-03 | 1.25331e-02 1.07867e-01 1.39115e-01 |
   7048 | 5.84372e+01 8.29136e-03 | 1.25331e-02 1.07867e-01 1.39115e-01 |
   7049 | 5.84455e+01 8.29136e-03 | 1.25331e-02 1.07867e-01 1.39115e-01 |
   7050 | 5.84537e+01 8.29136e-03 | 1.25331e-02 1.07867e-01 1.39115e-01 |
   7051 | 5.84620e+01 8.29135e-03 | 1.25331e-02 1.07867e-01 1.39115e-01 |
   7052 | 5.84703e+01 8.29135e-03 | 1.25331e-02 1.07867e-01 1.39115e-01 |
   7053 | 5.84786e+01 8.29135e-03 | 1.25331e-02 1.07867e-01 1.39115e-01 |
   7054 | 5.84869e+01 8.29135e-03 | 1.25331e-02 1.07867e-01 1.39115e-01 |
   7055 | 5.84952e+01 8.29135e-03 | 1.25331e-02 1.07867e-01 1.39115e-01 |
   7056 | 5.85035e+01 8.29135e-03 | 1.25331e-02 1.07867e-01 1.39115e-01 |
   7057 | 5.85118e+01 8.29135e-03 | 1.25331e-02 1.07867e-01 1.39115e-01 |
   7058 | 5.85201e+01 8.29135e-03 | 1.25331e-02 1.07867e-01 1.39115e-01 |
   7059 | 5.85284e+01 8.29135e-03 | 1.25331e-02 1.07867e-01 1.39115e-01 |
   7060 | 5.85367e+01 8.29136e-03 | 1.25331e-02 1.07867e-01 1.39115e-01 |
   7061 | 5.85450e+01 8.29136e-03 | 1.25331e-02 1.07867e-01 1.39115e-01 |
   7062 | 5.85532e+01 8.29136e-03 | 1.25331e-02 1.07867e-01 1.39115e-01 |
   7063 | 5.85615e+01 8.29136e-03 | 1.25331e-02 1.07867e-01 1.39115e-01 |
   7064 | 5.85698e+01 8.29137e-03 | 1.25331e-02 1.07867e-01 1.39115e-01 |
   7065 | 5.85781e+01 8.29137e-03 | 1.25331e-02 1.07867e-01 1.39115e-01 |
   7066 | 5.85864e+01 8.29138e-03 | 1.25331e-02 1.07867e-01 1.39115e-01 |
   7067 | 5.85947e+01 8.29137e-03 | 1.25331e-02 1.07867e-01 1.39115e-01 |
   7068 | 5.86030e+01 8.29137e-03 | 1.25331e-02 1.07867e-01 1.39115e-01 |
   7069 | 5.86113e+01 8.29137e-03 | 1.25331e-02 1.07867e-01 1.39115e-01 |
   7070 | 5.86196e+01 8.29137e-03 | 1.25331e-02 1.07867e-01 1.39115e-01 |
   7071 | 5.86279e+01 8.29136e-03 | 1.25331e-02 1.07867e-01 1.39115e-01 |
   7072 | 5.86362e+01 8.29136e-03 | 1.25331e-02 1.07867e-01 1.39115e-01 |
   7073 | 5.86444e+01 8.29136e-03 | 1.25331e-02 1.07867e-01 1.39115e-01 |
   7074 | 5.86527e+01 8.29136e-03 | 1.25331e-02 1.07867e-01 1.39115e-01 |
   7075 | 5.86610e+01 8.29136e-03 | 1.25331e-02 1.07867e-01 1.39115e-01 |
   7076 | 5.86693e+01 8.29136e-03 | 1.25331e-02 1.07867e-01 1.39115e-01 |
   7077 | 5.86776e+01 8.29137e-03 | 1.25331e-02 1.07867e-01 1.39115e-01 |
   7078 | 5.86859e+01 8.29137e-03 | 1.25331e-02 1.07867e-01 1.39115e-01 |
   7079 | 5.86942e+01 8.29137e-03 | 1.25331e-02 1.07867e-01 1.39115e-01 |
   7080 | 5.87025e+01 8.29137e-03 | 1.25331e-02 1.07867e-01 1.39115e-01 |
   7081 | 5.87108e+01 8.29137e-03 | 1.25331e-02 1.07867e-01 1.39115e-01 |
   7082 | 5.87191e+01 8.29138e-03 | 1.25331e-02 1.07867e-01 1.39115e-01 |
   7083 | 5.87274e+01 8.29138e-03 | 1.25331e-02 1.07867e-01 1.39115e-01 |
   7084 | 5.87357e+01 8.29139e-03 | 1.25331e-02 1.07867e-01 1.39115e-01 |
   7085 | 5.87439e+01 8.29139e-03 | 1.25331e-02 1.07867e-01 1.39115e-01 |
   7086 | 5.87522e+01 8.29140e-03 | 1.25331e-02 1.07867e-01 1.39115e-01 |
   7087 | 5.87605e+01 8.29140e-03 | 1.25331e-02 1.07867e-01 1.39115e-01 |
   7088 | 5.87688e+01 8.29141e-03 | 1.25331e-02 1.07867e-01 1.39115e-01 |
   7089 | 5.87771e+01 8.29141e-03 | 1.25331e-02 1.07867e-01 1.39115e-01 |
   7090 | 5.87854e+01 8.29140e-03 | 1.25331e-02 1.07867e-01 1.39115e-01 |
   7091 | 5.87937e+01 8.29139e-03 | 1.25331e-02 1.07867e-01 1.39115e-01 |
   7092 | 5.88020e+01 8.29138e-03 | 1.25331e-02 1.07867e-01 1.39115e-01 |
   7093 | 5.88103e+01 8.29137e-03 | 1.25331e-02 1.07867e-01 1.39115e-01 |
   7094 | 5.88186e+01 8.29136e-03 | 1.25331e-02 1.07867e-01 1.39115e-01 |
   7095 | 5.88269e+01 8.29135e-03 | 1.25331e-02 1.07867e-01 1.39115e-01 |
   7096 | 5.88352e+01 8.29134e-03 | 1.25331e-02 1.07867e-01 1.39115e-01 |
   7097 | 5.88434e+01 8.29133e-03 | 1.25331e-02 1.07867e-01 1.39115e-01 |
   7098 | 5.88517e+01 8.29132e-03 | 1.25331e-02 1.07867e-01 1.39115e-01 |
   7099 | 5.88600e+01 8.29131e-03 | 1.25331e-02 1.07867e-01 1.39115e-01 |
   7100 | 5.88683e+01 8.29131e-03 | 1.25331e-02 1.07867e-01 1.39115e-01 |
   7101 | 5.88766e+01 8.29130e-03 | 1.25331e-02 1.07867e-01 1.39115e-01 |
   7102 | 5.88849e+01 8.29129e-03 | 1.25331e-02 1.07867e-01 1.39115e-01 |
   7103 | 5.88932e+01 8.29129e-03 | 1.25331e-02 1.07867e-01 1.39115e-01 |
   7104 | 5.89015e+01 8.29128e-03 | 1.25331e-02 1.07867e-01 1.39115e-01 |
   7105 | 5.89098e+01 8.29128e-03 | 1.25331e-02 1.07867e-01 1.39115e-01 |
   7106 | 5.89181e+01 8.29127e-03 | 1.25331e-02 1.07867e-01 1.39115e-01 |
   7107 | 5.89264e+01 8.29127e-03 | 1.25331e-02 1.07867e-01 1.39115e-01 |
   7108 | 5.89346e+01 8.29126e-03 | 1.25331e-02 1.07867e-01 1.39115e-01 |
   7109 | 5.89429e+01 8.29126e-03 | 1.25331e-02 1.07867e-01 1.39115e-01 |
   7110 | 5.89512e+01 8.29126e-03 | 1.25331e-02 1.07867e-01 1.39115e-01 |
   7111 | 5.89595e+01 8.29126e-03 | 1.25331e-02 1.07867e-01 1.39115e-01 |
   7112 | 5.89678e+01 8.29125e-03 | 1.25331e-02 1.07867e-01 1.39115e-01 |
   7113 | 5.89761e+01 8.29125e-03 | 1.25331e-02 1.07867e-01 1.39115e-01 |
   7114 | 5.89844e+01 8.29125e-03 | 1.25331e-02 1.07867e-01 1.39115e-01 |
   7115 | 5.89927e+01 8.29125e-03 | 1.25331e-02 1.07867e-01 1.39115e-01 |
   7116 | 5.90010e+01 8.29125e-03 | 1.25331e-02 1.07867e-01 1.39115e-01 |
   7117 | 5.90093e+01 8.29125e-03 | 1.25331e-02 1.07867e-01 1.39115e-01 |
   7118 | 5.90176e+01 8.29125e-03 | 1.25331e-02 1.07867e-01 1.39115e-01 |
   7119 | 5.90259e+01 8.29125e-03 | 1.25331e-02 1.07867e-01 1.39115e-01 |
   7120 | 5.90341e+01 8.29125e-03 | 1.25331e-02 1.07867e-01 1.39115e-01 |
   7121 | 5.90424e+01 8.29125e-03 | 1.25331e-02 1.07867e-01 1.39115e-01 |
   7122 | 5.90507e+01 8.29126e-03 | 1.25331e-02 1.07867e-01 1.39115e-01 |
   7123 | 5.90590e+01 8.29126e-03 | 1.25331e-02 1.07867e-01 1.39115e-01 |
   7124 | 5.90673e+01 8.29126e-03 | 1.25331e-02 1.07867e-01 1.39115e-01 |
   7125 | 5.90756e+01 8.29127e-03 | 1.25331e-02 1.07867e-01 1.39115e-01 |
   7126 | 5.90839e+01 8.29127e-03 | 1.25331e-02 1.07867e-01 1.39115e-01 |
   7127 | 5.90922e+01 8.29127e-03 | 1.25331e-02 1.07867e-01 1.39115e-01 |
   7128 | 5.91005e+01 8.29128e-03 | 1.25331e-02 1.07867e-01 1.39115e-01 |
   7129 | 5.91088e+01 8.29129e-03 | 1.25331e-02 1.07867e-01 1.39115e-01 |
   7130 | 5.91171e+01 8.29129e-03 | 1.25331e-02 1.07867e-01 1.39115e-01 |
   7131 | 5.91253e+01 8.29130e-03 | 1.25331e-02 1.07867e-01 1.39115e-01 |
   7132 | 5.91336e+01 8.29130e-03 | 1.25331e-02 1.07867e-01 1.39115e-01 |
   7133 | 5.91419e+01 8.29131e-03 | 1.25331e-02 1.07867e-01 1.39115e-01 |
   7134 | 5.91502e+01 8.29132e-03 | 1.25331e-02 1.07867e-01 1.39115e-01 |
   7135 | 5.91585e+01 8.29133e-03 | 1.25331e-02 1.07867e-01 1.39115e-01 |
   7136 | 5.91668e+01 8.29134e-03 | 1.25331e-02 1.07867e-01 1.39115e-01 |
   7137 | 5.91751e+01 8.29134e-03 | 1.25331e-02 1.07867e-01 1.39115e-01 |
   7138 | 5.91834e+01 8.29135e-03 | 1.25331e-02 1.07867e-01 1.39115e-01 |
   7139 | 5.91917e+01 8.29136e-03 | 1.25331e-02 1.07867e-01 1.39115e-01 |
   7140 | 5.92000e+01 8.29137e-03 | 1.25331e-02 1.07867e-01 1.39115e-01 |
   7141 | 5.92083e+01 8.29138e-03 | 1.25331e-02 1.07867e-01 1.39115e-01 |
   7142 | 5.92166e+01 8.29139e-03 | 1.25331e-02 1.07867e-01 1.39115e-01 |
   7143 | 5.92248e+01 8.29141e-03 | 1.25331e-02 1.07867e-01 1.39115e-01 |
   7144 | 5.92331e+01 8.29141e-03 | 1.25331e-02 1.07867e-01 1.39115e-01 |
   7145 | 5.92414e+01 8.29140e-03 | 1.25331e-02 1.07867e-01 1.39115e-01 |
   7146 | 5.92497e+01 8.29139e-03 | 1.25331e-02 1.07867e-01 1.39115e-01 |
   7147 | 5.92580e+01 8.29138e-03 | 1.25331e-02 1.07867e-01 1.39115e-01 |
   7148 | 5.92663e+01 8.29137e-03 | 1.25331e-02 1.07867e-01 1.39115e-01 |
   7149 | 5.92746e+01 8.29136e-03 | 1.25331e-02 1.07867e-01 1.39115e-01 |
   7150 | 5.92829e+01 8.29135e-03 | 1.25331e-02 1.07867e-01 1.39115e-01 |
   7151 | 5.92912e+01 8.29135e-03 | 1.25331e-02 1.07867e-01 1.39115e-01 |
   7152 | 5.92995e+01 8.29134e-03 | 1.25331e-02 1.07867e-01 1.39115e-01 |
   7153 | 5.93078e+01 8.29133e-03 | 1.25331e-02 1.07867e-01 1.39115e-01 |
   7154 | 5.93160e+01 8.29132e-03 | 1.25331e-02 1.07867e-01 1.39115e-01 |
   7155 | 5.93243e+01 8.29132e-03 | 1.25331e-02 1.07867e-01 1.39115e-01 |
   7156 | 5.93326e+01 8.29131e-03 | 1.25331e-02 1.07867e-01 1.39115e-01 |
   7157 | 5.93409e+01 8.29131e-03 | 1.25331e-02 1.07867e-01 1.39115e-01 |
   7158 | 5.93492e+01 8.29130e-03 | 1.25331e-02 1.07867e-01 1.39115e-01 |
   7159 | 5.93575e+01 8.29130e-03 | 1.25331e-02 1.07867e-01 1.39115e-01 |
   7160 | 5.93658e+01 8.29129e-03 | 1.25331e-02 1.07867e-01 1.39115e-01 |
   7161 | 5.93741e+01 8.29129e-03 | 1.25331e-02 1.07867e-01 1.39115e-01 |
   7162 | 5.93824e+01 8.29128e-03 | 1.25331e-02 1.07867e-01 1.39115e-01 |
   7163 | 5.93907e+01 8.29128e-03 | 1.25331e-02 1.07867e-01 1.39115e-01 |
   7164 | 5.93990e+01 8.29128e-03 | 1.25331e-02 1.07867e-01 1.39115e-01 |
   7165 | 5.94073e+01 8.29128e-03 | 1.25331e-02 1.07867e-01 1.39115e-01 |
   7166 | 5.94155e+01 8.29127e-03 | 1.25331e-02 1.07867e-01 1.39115e-01 |
   7167 | 5.94238e+01 8.29127e-03 | 1.25331e-02 1.07867e-01 1.39115e-01 |
   7168 | 5.94321e+01 8.29127e-03 | 1.25331e-02 1.07867e-01 1.39115e-01 |
   7169 | 5.94404e+01 8.29127e-03 | 1.25331e-02 1.07867e-01 1.39115e-01 |
   7170 | 5.94487e+01 8.29127e-03 | 1.25331e-02 1.07867e-01 1.39115e-01 |
   7171 | 5.94570e+01 8.29127e-03 | 1.25331e-02 1.07867e-01 1.39115e-01 |
   7172 | 5.94653e+01 8.29127e-03 | 1.25331e-02 1.07867e-01 1.39115e-01 |
   7173 | 5.94736e+01 8.29127e-03 | 1.25331e-02 1.07867e-01 1.39115e-01 |
   7174 | 5.94819e+01 8.29128e-03 | 1.25331e-02 1.07867e-01 1.39115e-01 |
   7175 | 5.94902e+01 8.29128e-03 | 1.25331e-02 1.07867e-01 1.39115e-01 |
   7176 | 5.94985e+01 8.29128e-03 | 1.25331e-02 1.07867e-01 1.39115e-01 |
   7177 | 5.95067e+01 8.29128e-03 | 1.25331e-02 1.07867e-01 1.39115e-01 |
   7178 | 5.95150e+01 8.29129e-03 | 1.25331e-02 1.07867e-01 1.39115e-01 |
   7179 | 5.95233e+01 8.29129e-03 | 1.25331e-02 1.07867e-01 1.39115e-01 |
   7180 | 5.95316e+01 8.29130e-03 | 1.25331e-02 1.07867e-01 1.39115e-01 |
   7181 | 5.95399e+01 8.29130e-03 | 1.25331e-02 1.07867e-01 1.39115e-01 |
   7182 | 5.95482e+01 8.29131e-03 | 1.25331e-02 1.07867e-01 1.39115e-01 |
   7183 | 5.95565e+01 8.29131e-03 | 1.25331e-02 1.07867e-01 1.39115e-01 |
   7184 | 5.95648e+01 8.29132e-03 | 1.25331e-02 1.07867e-01 1.39115e-01 |
   7185 | 5.95731e+01 8.29132e-03 | 1.25331e-02 1.07867e-01 1.39115e-01 |
   7186 | 5.95814e+01 8.29133e-03 | 1.25331e-02 1.07867e-01 1.39115e-01 |
   7187 | 5.95897e+01 8.29134e-03 | 1.25331e-02 1.07867e-01 1.39115e-01 |
   7188 | 5.95980e+01 8.29135e-03 | 1.25331e-02 1.07867e-01 1.39115e-01 |
   7189 | 5.96062e+01 8.29135e-03 | 1.25331e-02 1.07867e-01 1.39115e-01 |
   7190 | 5.96145e+01 8.29136e-03 | 1.25331e-02 1.07867e-01 1.39115e-01 |
   7191 | 5.96228e+01 8.29136e-03 | 1.25331e-02 1.07867e-01 1.39115e-01 |
   7192 | 5.96311e+01 8.29137e-03 | 1.25331e-02 1.07867e-01 1.39115e-01 |
   7193 | 5.96394e+01 8.29137e-03 | 1.25331e-02 1.07867e-01 1.39115e-01 |
   7194 | 5.96477e+01 8.29137e-03 | 1.25331e-02 1.07867e-01 1.39115e-01 |
   7195 | 5.96560e+01 8.29138e-03 | 1.25331e-02 1.07867e-01 1.39115e-01 |
   7196 | 5.96643e+01 8.29138e-03 | 1.25331e-02 1.07867e-01 1.39115e-01 |
   7197 | 5.96726e+01 8.29139e-03 | 1.25331e-02 1.07867e-01 1.39115e-01 |
   7198 | 5.96809e+01 8.29140e-03 | 1.25331e-02 1.07867e-01 1.39115e-01 |
   7199 | 5.96892e+01 8.29140e-03 | 1.25331e-02 1.07867e-01 1.39115e-01 |
   7200 | 5.96974e+01 8.29140e-03 | 1.25331e-02 1.07867e-01 1.39115e-01 |
   7201 | 5.97057e+01 8.29139e-03 | 1.25331e-02 1.07867e-01 1.39115e-01 |
   7202 | 5.97140e+01 8.29138e-03 | 1.25331e-02 1.07867e-01 1.39115e-01 |
   7203 | 5.97223e+01 8.29137e-03 | 1.25331e-02 1.07867e-01 1.39115e-01 |
   7204 | 5.97306e+01 8.29136e-03 | 1.25331e-02 1.07867e-01 1.39115e-01 |
   7205 | 5.97389e+01 8.29135e-03 | 1.25331e-02 1.07867e-01 1.39115e-01 |
   7206 | 5.97472e+01 8.29134e-03 | 1.25331e-02 1.07867e-01 1.39115e-01 |
   7207 | 5.97555e+01 8.29133e-03 | 1.25331e-02 1.07867e-01 1.39115e-01 |
   7208 | 5.97638e+01 8.29133e-03 | 1.25331e-02 1.07867e-01 1.39115e-01 |
   7209 | 5.97721e+01 8.29132e-03 | 1.25331e-02 1.07867e-01 1.39115e-01 |
   7210 | 5.97804e+01 8.29131e-03 | 1.25331e-02 1.07867e-01 1.39115e-01 |
   7211 | 5.97887e+01 8.29130e-03 | 1.25331e-02 1.07867e-01 1.39115e-01 |
   7212 | 5.97969e+01 8.29130e-03 | 1.25331e-02 1.07867e-01 1.39115e-01 |
   7213 | 5.98052e+01 8.29129e-03 | 1.25331e-02 1.07867e-01 1.39115e-01 |
   7214 | 5.98135e+01 8.29129e-03 | 1.25331e-02 1.07867e-01 1.39115e-01 |
   7215 | 5.98218e+01 8.29128e-03 | 1.25331e-02 1.07867e-01 1.39115e-01 |
   7216 | 5.98301e+01 8.29128e-03 | 1.25331e-02 1.07867e-01 1.39115e-01 |
   7217 | 5.98384e+01 8.29127e-03 | 1.25331e-02 1.07867e-01 1.39115e-01 |
   7218 | 5.98467e+01 8.29127e-03 | 1.25331e-02 1.07867e-01 1.39115e-01 |
   7219 | 5.98550e+01 8.29126e-03 | 1.25331e-02 1.07867e-01 1.39115e-01 |
   7220 | 5.98633e+01 8.29126e-03 | 1.25331e-02 1.07867e-01 1.39115e-01 |
   7221 | 5.98716e+01 8.29126e-03 | 1.25331e-02 1.07867e-01 1.39115e-01 |
   7222 | 5.98799e+01 8.29126e-03 | 1.25331e-02 1.07867e-01 1.39115e-01 |
   7223 | 5.98881e+01 8.29126e-03 | 1.25331e-02 1.07867e-01 1.39115e-01 |
   7224 | 5.98964e+01 8.29125e-03 | 1.25331e-02 1.07867e-01 1.39115e-01 |
   7225 | 5.99047e+01 8.29125e-03 | 1.25331e-02 1.07867e-01 1.39115e-01 |
   7226 | 5.99130e+01 8.29125e-03 | 1.25331e-02 1.07867e-01 1.39115e-01 |
   7227 | 5.99213e+01 8.29125e-03 | 1.25331e-02 1.07867e-01 1.39115e-01 |
   7228 | 5.99296e+01 8.29125e-03 | 1.25331e-02 1.07867e-01 1.39115e-01 |
   7229 | 5.99379e+01 8.29126e-03 | 1.25331e-02 1.07867e-01 1.39115e-01 |
   7230 | 5.99462e+01 8.29126e-03 | 1.25331e-02 1.07867e-01 1.39115e-01 |
   7231 | 5.99545e+01 8.29126e-03 | 1.25331e-02 1.07867e-01 1.39115e-01 |
   7232 | 5.99628e+01 8.29126e-03 | 1.25331e-02 1.07867e-01 1.39115e-01 |
   7233 | 5.99711e+01 8.29126e-03 | 1.25331e-02 1.07867e-01 1.39115e-01 |
   7234 | 5.99794e+01 8.29127e-03 | 1.25331e-02 1.07867e-01 1.39115e-01 |
   7235 | 5.99876e+01 8.29127e-03 | 1.25331e-02 1.07867e-01 1.39115e-01 |
   7236 | 5.99959e+01 8.29127e-03 | 1.25331e-02 1.07867e-01 1.39115e-01 |
   7237 | 6.00042e+01 8.29128e-03 | 1.25331e-02 1.07867e-01 1.39115e-01 |
   7238 | 6.00125e+01 8.29128e-03 | 1.25331e-02 1.07867e-01 1.39115e-01 |
   7239 | 6.00208e+01 8.29129e-03 | 1.25331e-02 1.07867e-01 1.39115e-01 |
   7240 | 6.00291e+01 8.29130e-03 | 1.25331e-02 1.07867e-01 1.39115e-01 |
   7241 | 6.00374e+01 8.29130e-03 | 1.25331e-02 1.07867e-01 1.39115e-01 |
   7242 | 6.00457e+01 8.29131e-03 | 1.25331e-02 1.07867e-01 1.39115e-01 |
   7243 | 6.00540e+01 8.29132e-03 | 1.25331e-02 1.07867e-01 1.39115e-01 |
   7244 | 6.00623e+01 8.29132e-03 | 1.25331e-02 1.07867e-01 1.39115e-01 |
   7245 | 6.00706e+01 8.29133e-03 | 1.25331e-02 1.07867e-01 1.39115e-01 |
   7246 | 6.00788e+01 8.29134e-03 | 1.25331e-02 1.07867e-01 1.39115e-01 |
   7247 | 6.00871e+01 8.29135e-03 | 1.25331e-02 1.07867e-01 1.39115e-01 |
   7248 | 6.00954e+01 8.29136e-03 | 1.25331e-02 1.07867e-01 1.39115e-01 |
   7249 | 6.01037e+01 8.29137e-03 | 1.25331e-02 1.07867e-01 1.39115e-01 |
   7250 | 6.01120e+01 8.29138e-03 | 1.25331e-02 1.07867e-01 1.39115e-01 |
   7251 | 6.01203e+01 8.29139e-03 | 1.25331e-02 1.07867e-01 1.39115e-01 |
   7252 | 6.01286e+01 8.29140e-03 | 1.25331e-02 1.07867e-01 1.39115e-01 |
   7253 | 6.01369e+01 8.29141e-03 | 1.25331e-02 1.07867e-01 1.39115e-01 |
   7254 | 6.01452e+01 8.29142e-03 | 1.25331e-02 1.07867e-01 1.39115e-01 |
   7255 | 6.01535e+01 8.29141e-03 | 1.25331e-02 1.07867e-01 1.39115e-01 |
   7256 | 6.01618e+01 8.29140e-03 | 1.25331e-02 1.07867e-01 1.39115e-01 |
   7257 | 6.01701e+01 8.29139e-03 | 1.25331e-02 1.07867e-01 1.39115e-01 |
   7258 | 6.01783e+01 8.29138e-03 | 1.25331e-02 1.07867e-01 1.39115e-01 |
   7259 | 6.01866e+01 8.29137e-03 | 1.25331e-02 1.07867e-01 1.39115e-01 |
   7260 | 6.01949e+01 8.29136e-03 | 1.25331e-02 1.07867e-01 1.39115e-01 |
   7261 | 6.02032e+01 8.29135e-03 | 1.25331e-02 1.07867e-01 1.39115e-01 |
   7262 | 6.02115e+01 8.29134e-03 | 1.25331e-02 1.07867e-01 1.39115e-01 |
   7263 | 6.02198e+01 8.29134e-03 | 1.25331e-02 1.07867e-01 1.39115e-01 |
   7264 | 6.02281e+01 8.29133e-03 | 1.25331e-02 1.07867e-01 1.39115e-01 |
   7265 | 6.02364e+01 8.29132e-03 | 1.25331e-02 1.07867e-01 1.39115e-01 |
   7266 | 6.02447e+01 8.29132e-03 | 1.25331e-02 1.07867e-01 1.39115e-01 |
   7267 | 6.02530e+01 8.29131e-03 | 1.25331e-02 1.07867e-01 1.39115e-01 |
   7268 | 6.02613e+01 8.29131e-03 | 1.25331e-02 1.07867e-01 1.39115e-01 |
   7269 | 6.02695e+01 8.29130e-03 | 1.25331e-02 1.07867e-01 1.39115e-01 |
   7270 | 6.02778e+01 8.29130e-03 | 1.25331e-02 1.07867e-01 1.39115e-01 |
   7271 | 6.02861e+01 8.29129e-03 | 1.25331e-02 1.07867e-01 1.39115e-01 |
   7272 | 6.02944e+01 8.29129e-03 | 1.25331e-02 1.07867e-01 1.39115e-01 |
   7273 | 6.03027e+01 8.29128e-03 | 1.25331e-02 1.07867e-01 1.39115e-01 |
   7274 | 6.03110e+01 8.29128e-03 | 1.25331e-02 1.07867e-01 1.39115e-01 |
   7275 | 6.03193e+01 8.29127e-03 | 1.25331e-02 1.07867e-01 1.39115e-01 |
   7276 | 6.03276e+01 8.29127e-03 | 1.25331e-02 1.07867e-01 1.39115e-01 |
   7277 | 6.03359e+01 8.29126e-03 | 1.25331e-02 1.07867e-01 1.39115e-01 |
   7278 | 6.03442e+01 8.29126e-03 | 1.25331e-02 1.07867e-01 1.39115e-01 |
   7279 | 6.03525e+01 8.29125e-03 | 1.25331e-02 1.07867e-01 1.39115e-01 |
   7280 | 6.03608e+01 8.29125e-03 | 1.25331e-02 1.07867e-01 1.39115e-01 |
   7281 | 6.03690e+01 8.29125e-03 | 1.25331e-02 1.07867e-01 1.39115e-01 |
   7282 | 6.03773e+01 8.29125e-03 | 1.25331e-02 1.07867e-01 1.39115e-01 |
   7283 | 6.03856e+01 8.29124e-03 | 1.25331e-02 1.07867e-01 1.39115e-01 |
   7284 | 6.03939e+01 8.29124e-03 | 1.25331e-02 1.07867e-01 1.39115e-01 |
   7285 | 6.04022e+01 8.29124e-03 | 1.25331e-02 1.07867e-01 1.39115e-01 |
   7286 | 6.04105e+01 8.29124e-03 | 1.25331e-02 1.07867e-01 1.39115e-01 |
   7287 | 6.04188e+01 8.29124e-03 | 1.25331e-02 1.07867e-01 1.39115e-01 |
   7288 | 6.04271e+01 8.29124e-03 | 1.25331e-02 1.07867e-01 1.39115e-01 |
   7289 | 6.04354e+01 8.29124e-03 | 1.25331e-02 1.07867e-01 1.39115e-01 |
   7290 | 6.04437e+01 8.29124e-03 | 1.25331e-02 1.07867e-01 1.39115e-01 |
   7291 | 6.04520e+01 8.29124e-03 | 1.25331e-02 1.07867e-01 1.39115e-01 |
   7292 | 6.04602e+01 8.29124e-03 | 1.25331e-02 1.07867e-01 1.39115e-01 |
   7293 | 6.04685e+01 8.29125e-03 | 1.25331e-02 1.07867e-01 1.39115e-01 |
   7294 | 6.04768e+01 8.29125e-03 | 1.25331e-02 1.07867e-01 1.39115e-01 |
   7295 | 6.04851e+01 8.29125e-03 | 1.25331e-02 1.07867e-01 1.39115e-01 |
   7296 | 6.04934e+01 8.29126e-03 | 1.25331e-02 1.07867e-01 1.39115e-01 |
   7297 | 6.05017e+01 8.29126e-03 | 1.25331e-02 1.07867e-01 1.39115e-01 |
   7298 | 6.05100e+01 8.29127e-03 | 1.25331e-02 1.07867e-01 1.39115e-01 |
   7299 | 6.05183e+01 8.29127e-03 | 1.25331e-02 1.07867e-01 1.39115e-01 |
   7300 | 6.05266e+01 8.29128e-03 | 1.25331e-02 1.07867e-01 1.39115e-01 |
   7301 | 6.05349e+01 8.29128e-03 | 1.25331e-02 1.07867e-01 1.39115e-01 |
   7302 | 6.05432e+01 8.29129e-03 | 1.25331e-02 1.07867e-01 1.39115e-01 |
   7303 | 6.05515e+01 8.29130e-03 | 1.25331e-02 1.07867e-01 1.39115e-01 |
   7304 | 6.05597e+01 8.29130e-03 | 1.25331e-02 1.07867e-01 1.39115e-01 |
   7305 | 6.05680e+01 8.29131e-03 | 1.25331e-02 1.07867e-01 1.39115e-01 |
   7306 | 6.05763e+01 8.29132e-03 | 1.25331e-02 1.07867e-01 1.39115e-01 |
   7307 | 6.05846e+01 8.29133e-03 | 1.25331e-02 1.07867e-01 1.39115e-01 |
   7308 | 6.05929e+01 8.29134e-03 | 1.25331e-02 1.07867e-01 1.39115e-01 |
   7309 | 6.06012e+01 8.29134e-03 | 1.25331e-02 1.07867e-01 1.39115e-01 |
   7310 | 6.06095e+01 8.29135e-03 | 1.25331e-02 1.07867e-01 1.39115e-01 |
   7311 | 6.06178e+01 8.29136e-03 | 1.25331e-02 1.07867e-01 1.39115e-01 |
   7312 | 6.06261e+01 8.29138e-03 | 1.25331e-02 1.07867e-01 1.39115e-01 |
   7313 | 6.06344e+01 8.29139e-03 | 1.25331e-02 1.07867e-01 1.39115e-01 |
   7314 | 6.06427e+01 8.29139e-03 | 1.25331e-02 1.07867e-01 1.39115e-01 |
   7315 | 6.06509e+01 8.29138e-03 | 1.25331e-02 1.07867e-01 1.39115e-01 |
   7316 | 6.06592e+01 8.29136e-03 | 1.25331e-02 1.07867e-01 1.39115e-01 |
   7317 | 6.06675e+01 8.29135e-03 | 1.25331e-02 1.07867e-01 1.39115e-01 |
   7318 | 6.06758e+01 8.29134e-03 | 1.25331e-02 1.07867e-01 1.39115e-01 |
   7319 | 6.06841e+01 8.29133e-03 | 1.25331e-02 1.07867e-01 1.39115e-01 |
   7320 | 6.06924e+01 8.29132e-03 | 1.25331e-02 1.07867e-01 1.39115e-01 |
   7321 | 6.07007e+01 8.29132e-03 | 1.25331e-02 1.07867e-01 1.39115e-01 |
   7322 | 6.07090e+01 8.29131e-03 | 1.25331e-02 1.07867e-01 1.39115e-01 |
   7323 | 6.07173e+01 8.29130e-03 | 1.25331e-02 1.07867e-01 1.39115e-01 |
   7324 | 6.07256e+01 8.29129e-03 | 1.25331e-02 1.07867e-01 1.39115e-01 |
   7325 | 6.07339e+01 8.29129e-03 | 1.25331e-02 1.07867e-01 1.39115e-01 |
   7326 | 6.07422e+01 8.29128e-03 | 1.25331e-02 1.07867e-01 1.39115e-01 |
   7327 | 6.07504e+01 8.29127e-03 | 1.25331e-02 1.07867e-01 1.39115e-01 |
   7328 | 6.07587e+01 8.29127e-03 | 1.25331e-02 1.07867e-01 1.39115e-01 |
   7329 | 6.07670e+01 8.29126e-03 | 1.25331e-02 1.07867e-01 1.39115e-01 |
   7330 | 6.07753e+01 8.29126e-03 | 1.25331e-02 1.07867e-01 1.39115e-01 |
   7331 | 6.07836e+01 8.29125e-03 | 1.25331e-02 1.07867e-01 1.39115e-01 |
   7332 | 6.07919e+01 8.29125e-03 | 1.25331e-02 1.07867e-01 1.39115e-01 |
   7333 | 6.08002e+01 8.29125e-03 | 1.25331e-02 1.07867e-01 1.39115e-01 |
   7334 | 6.08085e+01 8.29124e-03 | 1.25331e-02 1.07867e-01 1.39115e-01 |
   7335 | 6.08168e+01 8.29124e-03 | 1.25331e-02 1.07867e-01 1.39115e-01 |
   7336 | 6.08251e+01 8.29124e-03 | 1.25331e-02 1.07867e-01 1.39115e-01 |
   7337 | 6.08334e+01 8.29124e-03 | 1.25331e-02 1.07867e-01 1.39115e-01 |
   7338 | 6.08416e+01 8.29123e-03 | 1.25331e-02 1.07867e-01 1.39115e-01 |
   7339 | 6.08499e+01 8.29123e-03 | 1.25331e-02 1.07867e-01 1.39115e-01 |
   7340 | 6.08582e+01 8.29123e-03 | 1.25331e-02 1.07867e-01 1.39115e-01 |
   7341 | 6.08665e+01 8.29123e-03 | 1.25331e-02 1.07867e-01 1.39115e-01 |
   7342 | 6.08748e+01 8.29123e-03 | 1.25331e-02 1.07867e-01 1.39115e-01 |
   7343 | 6.08831e+01 8.29124e-03 | 1.25331e-02 1.07867e-01 1.39115e-01 |
   7344 | 6.08914e+01 8.29124e-03 | 1.25331e-02 1.07867e-01 1.39115e-01 |
   7345 | 6.08997e+01 8.29124e-03 | 1.25331e-02 1.07867e-01 1.39115e-01 |
   7346 | 6.09080e+01 8.29124e-03 | 1.25331e-02 1.07867e-01 1.39115e-01 |
   7347 | 6.09163e+01 8.29124e-03 | 1.25331e-02 1.07867e-01 1.39115e-01 |
   7348 | 6.09246e+01 8.29125e-03 | 1.25331e-02 1.07867e-01 1.39115e-01 |
   7349 | 6.09329e+01 8.29125e-03 | 1.25331e-02 1.07867e-01 1.39115e-01 |
   7350 | 6.09411e+01 8.29125e-03 | 1.25331e-02 1.07867e-01 1.39115e-01 |
   7351 | 6.09494e+01 8.29126e-03 | 1.25331e-02 1.07867e-01 1.39115e-01 |
   7352 | 6.09577e+01 8.29126e-03 | 1.25331e-02 1.07867e-01 1.39115e-01 |
   7353 | 6.09660e+01 8.29127e-03 | 1.25331e-02 1.07867e-01 1.39115e-01 |
   7354 | 6.09743e+01 8.29127e-03 | 1.25331e-02 1.07867e-01 1.39115e-01 |
   7355 | 6.09826e+01 8.29128e-03 | 1.25331e-02 1.07867e-01 1.39115e-01 |
   7356 | 6.09909e+01 8.29129e-03 | 1.25331e-02 1.07867e-01 1.39115e-01 |
   7357 | 6.09992e+01 8.29129e-03 | 1.25331e-02 1.07867e-01 1.39115e-01 |
   7358 | 6.10075e+01 8.29130e-03 | 1.25331e-02 1.07867e-01 1.39115e-01 |
   7359 | 6.10158e+01 8.29131e-03 | 1.25331e-02 1.07867e-01 1.39115e-01 |
   7360 | 6.10241e+01 8.29132e-03 | 1.25331e-02 1.07867e-01 1.39115e-01 |
   7361 | 6.10323e+01 8.29133e-03 | 1.25331e-02 1.07867e-01 1.39115e-01 |
   7362 | 6.10406e+01 8.29134e-03 | 1.25331e-02 1.07867e-01 1.39115e-01 |
   7363 | 6.10489e+01 8.29135e-03 | 1.25331e-02 1.07867e-01 1.39115e-01 |
   7364 | 6.10572e+01 8.29136e-03 | 1.25331e-02 1.07867e-01 1.39115e-01 |
   7365 | 6.10655e+01 8.29137e-03 | 1.25331e-02 1.07867e-01 1.39115e-01 |
   7366 | 6.10738e+01 8.29138e-03 | 1.25331e-02 1.07867e-01 1.39115e-01 |
   7367 | 6.10821e+01 8.29139e-03 | 1.25331e-02 1.07867e-01 1.39115e-01 |
   7368 | 6.10904e+01 8.29140e-03 | 1.25331e-02 1.07867e-01 1.39115e-01 |
   7369 | 6.10987e+01 8.29141e-03 | 1.25331e-02 1.07867e-01 1.39115e-01 |
   7370 | 6.11070e+01 8.29140e-03 | 1.25331e-02 1.07867e-01 1.39115e-01 |
   7371 | 6.11153e+01 8.29139e-03 | 1.25331e-02 1.07867e-01 1.39115e-01 |
   7372 | 6.11236e+01 8.29137e-03 | 1.25331e-02 1.07867e-01 1.39115e-01 |
   7373 | 6.11318e+01 8.29136e-03 | 1.25331e-02 1.07867e-01 1.39115e-01 |
   7374 | 6.11401e+01 8.29135e-03 | 1.25331e-02 1.07867e-01 1.39115e-01 |
   7375 | 6.11484e+01 8.29134e-03 | 1.25331e-02 1.07867e-01 1.39115e-01 |
   7376 | 6.11567e+01 8.29133e-03 | 1.25331e-02 1.07867e-01 1.39115e-01 |
   7377 | 6.11650e+01 8.29133e-03 | 1.25331e-02 1.07867e-01 1.39115e-01 |
   7378 | 6.11733e+01 8.29132e-03 | 1.25331e-02 1.07867e-01 1.39115e-01 |
   7379 | 6.11816e+01 8.29131e-03 | 1.25331e-02 1.07867e-01 1.39115e-01 |
   7380 | 6.11899e+01 8.29130e-03 | 1.25331e-02 1.07867e-01 1.39115e-01 |
   7381 | 6.11982e+01 8.29129e-03 | 1.25331e-02 1.07867e-01 1.39115e-01 |
   7382 | 6.12065e+01 8.29129e-03 | 1.25331e-02 1.07867e-01 1.39115e-01 |
   7383 | 6.12148e+01 8.29128e-03 | 1.25331e-02 1.07867e-01 1.39115e-01 |
   7384 | 6.12230e+01 8.29127e-03 | 1.25331e-02 1.07867e-01 1.39115e-01 |
   7385 | 6.12313e+01 8.29127e-03 | 1.25331e-02 1.07867e-01 1.39115e-01 |
   7386 | 6.12396e+01 8.29126e-03 | 1.25331e-02 1.07867e-01 1.39115e-01 |
   7387 | 6.12479e+01 8.29126e-03 | 1.25331e-02 1.07867e-01 1.39115e-01 |
   7388 | 6.12562e+01 8.29126e-03 | 1.25331e-02 1.07867e-01 1.39115e-01 |
   7389 | 6.12645e+01 8.29125e-03 | 1.25331e-02 1.07867e-01 1.39115e-01 |
   7390 | 6.12728e+01 8.29125e-03 | 1.25331e-02 1.07867e-01 1.39115e-01 |
   7391 | 6.12811e+01 8.29125e-03 | 1.25331e-02 1.07867e-01 1.39115e-01 |
   7392 | 6.12894e+01 8.29124e-03 | 1.25331e-02 1.07867e-01 1.39115e-01 |
   7393 | 6.12977e+01 8.29124e-03 | 1.25331e-02 1.07867e-01 1.39115e-01 |
   7394 | 6.13060e+01 8.29124e-03 | 1.25331e-02 1.07867e-01 1.39115e-01 |
   7395 | 6.13143e+01 8.29124e-03 | 1.25331e-02 1.07867e-01 1.39115e-01 |
   7396 | 6.13225e+01 8.29124e-03 | 1.25331e-02 1.07867e-01 1.39115e-01 |
   7397 | 6.13308e+01 8.29124e-03 | 1.25331e-02 1.07867e-01 1.39115e-01 |
   7398 | 6.13391e+01 8.29124e-03 | 1.25331e-02 1.07867e-01 1.39115e-01 |
   7399 | 6.13474e+01 8.29124e-03 | 1.25331e-02 1.07867e-01 1.39115e-01 |
   7400 | 6.13557e+01 8.29124e-03 | 1.25331e-02 1.07867e-01 1.39115e-01 |
   7401 | 6.13640e+01 8.29124e-03 | 1.25331e-02 1.07867e-01 1.39115e-01 |
   7402 | 6.13723e+01 8.29124e-03 | 1.25331e-02 1.07867e-01 1.39115e-01 |
   7403 | 6.13806e+01 8.29125e-03 | 1.25331e-02 1.07867e-01 1.39115e-01 |
   7404 | 6.13889e+01 8.29125e-03 | 1.25331e-02 1.07867e-01 1.39115e-01 |
   7405 | 6.13972e+01 8.29125e-03 | 1.25331e-02 1.07867e-01 1.39115e-01 |
   7406 | 6.14055e+01 8.29125e-03 | 1.25331e-02 1.07867e-01 1.39115e-01 |
   7407 | 6.14137e+01 8.29126e-03 | 1.25331e-02 1.07867e-01 1.39115e-01 |
   7408 | 6.14220e+01 8.29126e-03 | 1.25331e-02 1.07867e-01 1.39115e-01 |
   7409 | 6.14303e+01 8.29127e-03 | 1.25331e-02 1.07867e-01 1.39115e-01 |
   7410 | 6.14386e+01 8.29127e-03 | 1.25331e-02 1.07867e-01 1.39115e-01 |
   7411 | 6.14469e+01 8.29128e-03 | 1.25331e-02 1.07867e-01 1.39115e-01 |
   7412 | 6.14552e+01 8.29129e-03 | 1.25331e-02 1.07867e-01 1.39115e-01 |
   7413 | 6.14635e+01 8.29129e-03 | 1.25331e-02 1.07867e-01 1.39115e-01 |
   7414 | 6.14718e+01 8.29130e-03 | 1.25331e-02 1.07867e-01 1.39115e-01 |
   7415 | 6.14801e+01 8.29131e-03 | 1.25331e-02 1.07867e-01 1.39115e-01 |
   7416 | 6.14884e+01 8.29132e-03 | 1.25331e-02 1.07867e-01 1.39115e-01 |
   7417 | 6.14967e+01 8.29132e-03 | 1.25331e-02 1.07867e-01 1.39115e-01 |
   7418 | 6.15049e+01 8.29133e-03 | 1.25331e-02 1.07867e-01 1.39115e-01 |
   7419 | 6.15132e+01 8.29134e-03 | 1.25331e-02 1.07867e-01 1.39115e-01 |
   7420 | 6.15215e+01 8.29135e-03 | 1.25331e-02 1.07867e-01 1.39115e-01 |
   7421 | 6.15298e+01 8.29136e-03 | 1.25331e-02 1.07867e-01 1.39115e-01 |
   7422 | 6.15381e+01 8.29137e-03 | 1.25331e-02 1.07867e-01 1.39115e-01 |
   7423 | 6.15464e+01 8.29138e-03 | 1.25331e-02 1.07867e-01 1.39115e-01 |
   7424 | 6.15547e+01 8.29139e-03 | 1.25331e-02 1.07867e-01 1.39115e-01 |
   7425 | 6.15630e+01 8.29137e-03 | 1.25331e-02 1.07867e-01 1.39115e-01 |
   7426 | 6.15713e+01 8.29136e-03 | 1.25331e-02 1.07867e-01 1.39115e-01 |
   7427 | 6.15796e+01 8.29135e-03 | 1.25331e-02 1.07867e-01 1.39115e-01 |
   7428 | 6.15879e+01 8.29134e-03 | 1.25331e-02 1.07867e-01 1.39115e-01 |
   7429 | 6.15962e+01 8.29133e-03 | 1.25331e-02 1.07867e-01 1.39115e-01 |
   7430 | 6.16044e+01 8.29132e-03 | 1.25331e-02 1.07867e-01 1.39115e-01 |
   7431 | 6.16127e+01 8.29132e-03 | 1.25331e-02 1.07867e-01 1.39115e-01 |
   7432 | 6.16210e+01 8.29131e-03 | 1.25331e-02 1.07867e-01 1.39115e-01 |
   7433 | 6.16293e+01 8.29130e-03 | 1.25331e-02 1.07867e-01 1.39115e-01 |
   7434 | 6.16376e+01 8.29129e-03 | 1.25331e-02 1.07867e-01 1.39115e-01 |
   7435 | 6.16459e+01 8.29129e-03 | 1.25331e-02 1.07867e-01 1.39115e-01 |
   7436 | 6.16542e+01 8.29128e-03 | 1.25331e-02 1.07867e-01 1.39115e-01 |
   7437 | 6.16625e+01 8.29127e-03 | 1.25331e-02 1.07867e-01 1.39115e-01 |
   7438 | 6.16708e+01 8.29127e-03 | 1.25331e-02 1.07867e-01 1.39115e-01 |
   7439 | 6.16791e+01 8.29126e-03 | 1.25331e-02 1.07867e-01 1.39115e-01 |
   7440 | 6.16874e+01 8.29126e-03 | 1.25331e-02 1.07867e-01 1.39115e-01 |
   7441 | 6.16957e+01 8.29125e-03 | 1.25331e-02 1.07867e-01 1.39115e-01 |
   7442 | 6.17039e+01 8.29125e-03 | 1.25331e-02 1.07867e-01 1.39115e-01 |
   7443 | 6.17122e+01 8.29125e-03 | 1.25331e-02 1.07867e-01 1.39115e-01 |
   7444 | 6.17205e+01 8.29124e-03 | 1.25331e-02 1.07867e-01 1.39115e-01 |
   7445 | 6.17288e+01 8.29124e-03 | 1.25331e-02 1.07867e-01 1.39115e-01 |
   7446 | 6.17371e+01 8.29124e-03 | 1.25331e-02 1.07867e-01 1.39115e-01 |
   7447 | 6.17454e+01 8.29124e-03 | 1.25331e-02 1.07867e-01 1.39115e-01 |
   7448 | 6.17537e+01 8.29123e-03 | 1.25331e-02 1.07867e-01 1.39115e-01 |
   7449 | 6.17620e+01 8.29123e-03 | 1.25331e-02 1.07867e-01 1.39115e-01 |
   7450 | 6.17703e+01 8.29123e-03 | 1.25331e-02 1.07867e-01 1.39115e-01 |
   7451 | 6.17786e+01 8.29123e-03 | 1.25331e-02 1.07867e-01 1.39115e-01 |
   7452 | 6.17869e+01 8.29123e-03 | 1.25331e-02 1.07867e-01 1.39115e-01 |
   7453 | 6.17951e+01 8.29124e-03 | 1.25331e-02 1.07867e-01 1.39115e-01 |
   7454 | 6.18034e+01 8.29124e-03 | 1.25331e-02 1.07867e-01 1.39115e-01 |
   7455 | 6.18117e+01 8.29124e-03 | 1.25331e-02 1.07867e-01 1.39115e-01 |
   7456 | 6.18200e+01 8.29124e-03 | 1.25331e-02 1.07867e-01 1.39115e-01 |
   7457 | 6.18283e+01 8.29124e-03 | 1.25331e-02 1.07867e-01 1.39115e-01 |
   7458 | 6.18366e+01 8.29125e-03 | 1.25331e-02 1.07867e-01 1.39115e-01 |
   7459 | 6.18449e+01 8.29125e-03 | 1.25331e-02 1.07867e-01 1.39115e-01 |
   7460 | 6.18532e+01 8.29125e-03 | 1.25331e-02 1.07867e-01 1.39115e-01 |
   7461 | 6.18615e+01 8.29126e-03 | 1.25331e-02 1.07867e-01 1.39115e-01 |
   7462 | 6.18698e+01 8.29126e-03 | 1.25331e-02 1.07867e-01 1.39115e-01 |
   7463 | 6.18781e+01 8.29127e-03 | 1.25331e-02 1.07867e-01 1.39115e-01 |
   7464 | 6.18863e+01 8.29127e-03 | 1.25331e-02 1.07867e-01 1.39115e-01 |
   7465 | 6.18946e+01 8.29128e-03 | 1.25331e-02 1.07867e-01 1.39115e-01 |
   7466 | 6.19029e+01 8.29129e-03 | 1.25331e-02 1.07867e-01 1.39115e-01 |
   7467 | 6.19112e+01 8.29129e-03 | 1.25331e-02 1.07867e-01 1.39115e-01 |
   7468 | 6.19195e+01 8.29130e-03 | 1.25331e-02 1.07867e-01 1.39115e-01 |
   7469 | 6.19278e+01 8.29131e-03 | 1.25331e-02 1.07867e-01 1.39115e-01 |
   7470 | 6.19361e+01 8.29132e-03 | 1.25331e-02 1.07867e-01 1.39115e-01 |
   7471 | 6.19444e+01 8.29133e-03 | 1.25331e-02 1.07867e-01 1.39115e-01 |
   7472 | 6.19527e+01 8.29134e-03 | 1.25331e-02 1.07867e-01 1.39115e-01 |
   7473 | 6.19610e+01 8.29135e-03 | 1.25331e-02 1.07867e-01 1.39115e-01 |
   7474 | 6.19693e+01 8.29136e-03 | 1.25331e-02 1.07867e-01 1.39115e-01 |
   7475 | 6.19776e+01 8.29137e-03 | 1.25331e-02 1.07867e-01 1.39115e-01 |
   7476 | 6.19858e+01 8.29138e-03 | 1.25331e-02 1.07867e-01 1.39115e-01 |
   7477 | 6.19941e+01 8.29139e-03 | 1.25331e-02 1.07867e-01 1.39115e-01 |
   7478 | 6.20024e+01 8.29140e-03 | 1.25331e-02 1.07867e-01 1.39115e-01 |
   7479 | 6.20107e+01 8.29141e-03 | 1.25331e-02 1.07867e-01 1.39115e-01 |
   7480 | 6.20190e+01 8.29142e-03 | 1.25331e-02 1.07867e-01 1.39115e-01 |
   7481 | 6.20273e+01 8.29143e-03 | 1.25331e-02 1.07867e-01 1.39115e-01 |
   7482 | 6.20356e+01 8.29144e-03 | 1.25331e-02 1.07867e-01 1.39115e-01 |
   7483 | 6.20439e+01 8.29145e-03 | 1.25331e-02 1.07867e-01 1.39115e-01 |
   7484 | 6.20522e+01 8.29144e-03 | 1.25331e-02 1.07867e-01 1.39115e-01 |
   7485 | 6.20605e+01 8.29143e-03 | 1.25331e-02 1.07867e-01 1.39115e-01 |
   7486 | 6.20688e+01 8.29142e-03 | 1.25331e-02 1.07867e-01 1.39115e-01 |
   7487 | 6.20771e+01 8.29141e-03 | 1.25331e-02 1.07867e-01 1.39115e-01 |
   7488 | 6.20853e+01 8.29140e-03 | 1.25331e-02 1.07867e-01 1.39115e-01 |
   7489 | 6.20936e+01 8.29139e-03 | 1.25331e-02 1.07867e-01 1.39115e-01 |
   7490 | 6.21019e+01 8.29138e-03 | 1.25331e-02 1.07867e-01 1.39115e-01 |
   7491 | 6.21102e+01 8.29137e-03 | 1.25331e-02 1.07867e-01 1.39115e-01 |
   7492 | 6.21185e+01 8.29136e-03 | 1.25331e-02 1.07867e-01 1.39115e-01 |
   7493 | 6.21268e+01 8.29135e-03 | 1.25331e-02 1.07867e-01 1.39115e-01 |
   7494 | 6.21351e+01 8.29134e-03 | 1.25331e-02 1.07867e-01 1.39115e-01 |
   7495 | 6.21434e+01 8.29134e-03 | 1.25331e-02 1.07867e-01 1.39115e-01 |
   7496 | 6.21517e+01 8.29133e-03 | 1.25331e-02 1.07867e-01 1.39115e-01 |
   7497 | 6.21600e+01 8.29132e-03 | 1.25331e-02 1.07867e-01 1.39115e-01 |
   7498 | 6.21683e+01 8.29132e-03 | 1.25331e-02 1.07867e-01 1.39115e-01 |
   7499 | 6.21765e+01 8.29131e-03 | 1.25331e-02 1.07867e-01 1.39115e-01 |
   7500 | 6.21848e+01 8.29131e-03 | 1.25331e-02 1.07867e-01 1.39115e-01 |
   7501 | 6.21931e+01 8.29130e-03 | 1.25331e-02 1.07867e-01 1.39115e-01 |
   7502 | 6.22014e+01 8.29130e-03 | 1.25331e-02 1.07867e-01 1.39115e-01 |
   7503 | 6.22097e+01 8.29129e-03 | 1.25331e-02 1.07867e-01 1.39115e-01 |
   7504 | 6.22180e+01 8.29129e-03 | 1.25331e-02 1.07867e-01 1.39115e-01 |
   7505 | 6.22263e+01 8.29129e-03 | 1.25331e-02 1.07867e-01 1.39115e-01 |
   7506 | 6.22346e+01 8.29128e-03 | 1.25331e-02 1.07867e-01 1.39115e-01 |
   7507 | 6.22429e+01 8.29128e-03 | 1.25331e-02 1.07867e-01 1.39115e-01 |
   7508 | 6.22512e+01 8.29128e-03 | 1.25331e-02 1.07867e-01 1.39115e-01 |
   7509 | 6.22595e+01 8.29128e-03 | 1.25331e-02 1.07867e-01 1.39115e-01 |
   7510 | 6.22678e+01 8.29128e-03 | 1.25331e-02 1.07867e-01 1.39115e-01 |
   7511 | 6.22760e+01 8.29128e-03 | 1.25331e-02 1.07867e-01 1.39115e-01 |
   7512 | 6.22843e+01 8.29128e-03 | 1.25331e-02 1.07867e-01 1.39115e-01 |
   7513 | 6.22926e+01 8.29128e-03 | 1.25331e-02 1.07867e-01 1.39115e-01 |
   7514 | 6.23009e+01 8.29128e-03 | 1.25331e-02 1.07867e-01 1.39115e-01 |
   7515 | 6.23092e+01 8.29128e-03 | 1.25331e-02 1.07867e-01 1.39115e-01 |
   7516 | 6.23175e+01 8.29128e-03 | 1.25331e-02 1.07867e-01 1.39115e-01 |
   7517 | 6.23258e+01 8.29129e-03 | 1.25331e-02 1.07867e-01 1.39115e-01 |
   7518 | 6.23341e+01 8.29129e-03 | 1.25331e-02 1.07867e-01 1.39115e-01 |
   7519 | 6.23424e+01 8.29129e-03 | 1.25331e-02 1.07867e-01 1.39115e-01 |
   7520 | 6.23507e+01 8.29129e-03 | 1.25331e-02 1.07867e-01 1.39115e-01 |
   7521 | 6.23590e+01 8.29130e-03 | 1.25331e-02 1.07867e-01 1.39115e-01 |
   7522 | 6.23672e+01 8.29130e-03 | 1.25331e-02 1.07867e-01 1.39115e-01 |
   7523 | 6.23755e+01 8.29131e-03 | 1.25331e-02 1.07867e-01 1.39115e-01 |
   7524 | 6.23838e+01 8.29131e-03 | 1.25331e-02 1.07867e-01 1.39115e-01 |
   7525 | 6.23921e+01 8.29132e-03 | 1.25331e-02 1.07867e-01 1.39115e-01 |
   7526 | 6.24004e+01 8.29133e-03 | 1.25331e-02 1.07867e-01 1.39115e-01 |
   7527 | 6.24087e+01 8.29133e-03 | 1.25331e-02 1.07867e-01 1.39115e-01 |
   7528 | 6.24170e+01 8.29134e-03 | 1.25331e-02 1.07867e-01 1.39115e-01 |
   7529 | 6.24253e+01 8.29135e-03 | 1.25331e-02 1.07867e-01 1.39115e-01 |
   7530 | 6.24336e+01 8.29135e-03 | 1.25331e-02 1.07867e-01 1.39115e-01 |
   7531 | 6.24419e+01 8.29136e-03 | 1.25331e-02 1.07867e-01 1.39115e-01 |
   7532 | 6.24502e+01 8.29137e-03 | 1.25331e-02 1.07867e-01 1.39115e-01 |
   7533 | 6.24585e+01 8.29138e-03 | 1.25331e-02 1.07867e-01 1.39115e-01 |
   7534 | 6.24667e+01 8.29139e-03 | 1.25331e-02 1.07867e-01 1.39115e-01 |
   7535 | 6.24750e+01 8.29139e-03 | 1.25331e-02 1.07867e-01 1.39115e-01 |
   7536 | 6.24833e+01 8.29138e-03 | 1.25331e-02 1.07867e-01 1.39115e-01 |
   7537 | 6.24916e+01 8.29137e-03 | 1.25331e-02 1.07867e-01 1.39115e-01 |
   7538 | 6.24999e+01 8.29136e-03 | 1.25331e-02 1.07867e-01 1.39115e-01 |
   7539 | 6.25082e+01 8.29136e-03 | 1.25331e-02 1.07867e-01 1.39115e-01 |
   7540 | 6.25165e+01 8.29135e-03 | 1.25331e-02 1.07867e-01 1.39115e-01 |
   7541 | 6.25248e+01 8.29134e-03 | 1.25331e-02 1.07867e-01 1.39115e-01 |
   7542 | 6.25331e+01 8.29134e-03 | 1.25331e-02 1.07867e-01 1.39115e-01 |
   7543 | 6.25414e+01 8.29133e-03 | 1.25331e-02 1.07867e-01 1.39115e-01 |
   7544 | 6.25497e+01 8.29133e-03 | 1.25331e-02 1.07867e-01 1.39115e-01 |
   7545 | 6.25579e+01 8.29132e-03 | 1.25331e-02 1.07867e-01 1.39115e-01 |
   7546 | 6.25662e+01 8.29132e-03 | 1.25331e-02 1.07867e-01 1.39115e-01 |
   7547 | 6.25745e+01 8.29132e-03 | 1.25331e-02 1.07867e-01 1.39115e-01 |
   7548 | 6.25828e+01 8.29132e-03 | 1.25331e-02 1.07867e-01 1.39115e-01 |
   7549 | 6.25911e+01 8.29131e-03 | 1.25331e-02 1.07867e-01 1.39115e-01 |
   7550 | 6.25994e+01 8.29131e-03 | 1.25331e-02 1.07867e-01 1.39115e-01 |
   7551 | 6.26077e+01 8.29131e-03 | 1.25331e-02 1.07867e-01 1.39115e-01 |
   7552 | 6.26160e+01 8.29131e-03 | 1.25331e-02 1.07867e-01 1.39115e-01 |
   7553 | 6.26243e+01 8.29131e-03 | 1.25331e-02 1.07867e-01 1.39115e-01 |
   7554 | 6.26326e+01 8.29131e-03 | 1.25331e-02 1.07867e-01 1.39115e-01 |
   7555 | 6.26409e+01 8.29131e-03 | 1.25331e-02 1.07867e-01 1.39115e-01 |
   7556 | 6.26492e+01 8.29131e-03 | 1.25331e-02 1.07867e-01 1.39115e-01 |
   7557 | 6.26574e+01 8.29131e-03 | 1.25331e-02 1.07867e-01 1.39115e-01 |
   7558 | 6.26657e+01 8.29131e-03 | 1.25331e-02 1.07867e-01 1.39115e-01 |
   7559 | 6.26740e+01 8.29131e-03 | 1.25331e-02 1.07867e-01 1.39115e-01 |
   7560 | 6.26823e+01 8.29132e-03 | 1.25331e-02 1.07867e-01 1.39115e-01 |
   7561 | 6.26906e+01 8.29131e-03 | 1.25331e-02 1.07867e-01 1.39115e-01 |
   7562 | 6.26989e+01 8.29131e-03 | 1.25331e-02 1.07867e-01 1.39115e-01 |
   7563 | 6.27072e+01 8.29131e-03 | 1.25331e-02 1.07867e-01 1.39115e-01 |
   7564 | 6.27155e+01 8.29131e-03 | 1.25331e-02 1.07867e-01 1.39115e-01 |
   7565 | 6.27238e+01 8.29131e-03 | 1.25331e-02 1.07867e-01 1.39115e-01 |
   7566 | 6.27321e+01 8.29130e-03 | 1.25331e-02 1.07867e-01 1.39115e-01 |
   7567 | 6.27404e+01 8.29130e-03 | 1.25331e-02 1.07867e-01 1.39115e-01 |
   7568 | 6.27486e+01 8.29130e-03 | 1.25331e-02 1.07867e-01 1.39115e-01 |
   7569 | 6.27569e+01 8.29130e-03 | 1.25331e-02 1.07867e-01 1.39115e-01 |
   7570 | 6.27652e+01 8.29130e-03 | 1.25331e-02 1.07867e-01 1.39115e-01 |
   7571 | 6.27735e+01 8.29131e-03 | 1.25331e-02 1.07867e-01 1.39115e-01 |
   7572 | 6.27818e+01 8.29131e-03 | 1.25331e-02 1.07867e-01 1.39115e-01 |
   7573 | 6.27901e+01 8.29131e-03 | 1.25331e-02 1.07867e-01 1.39115e-01 |
   7574 | 6.27984e+01 8.29131e-03 | 1.25331e-02 1.07867e-01 1.39115e-01 |
   7575 | 6.28067e+01 8.29131e-03 | 1.25331e-02 1.07867e-01 1.39115e-01 |
   7576 | 6.28150e+01 8.29132e-03 | 1.25331e-02 1.07867e-01 1.39115e-01 |
   7577 | 6.28233e+01 8.29132e-03 | 1.25331e-02 1.07867e-01 1.39115e-01 |
   7578 | 6.28316e+01 8.29133e-03 | 1.25331e-02 1.07867e-01 1.39115e-01 |
   7579 | 6.28399e+01 8.29133e-03 | 1.25331e-02 1.07867e-01 1.39115e-01 |
   7580 | 6.28481e+01 8.29134e-03 | 1.25331e-02 1.07867e-01 1.39115e-01 |
   7581 | 6.28564e+01 8.29134e-03 | 1.25331e-02 1.07867e-01 1.39115e-01 |
   7582 | 6.28647e+01 8.29135e-03 | 1.25331e-02 1.07867e-01 1.39115e-01 |
   7583 | 6.28730e+01 8.29135e-03 | 1.25331e-02 1.07867e-01 1.39115e-01 |
   7584 | 6.28813e+01 8.29136e-03 | 1.25331e-02 1.07867e-01 1.39115e-01 |
   7585 | 6.28896e+01 8.29137e-03 | 1.25331e-02 1.07867e-01 1.39115e-01 |
   7586 | 6.28979e+01 8.29137e-03 | 1.25331e-02 1.07867e-01 1.39115e-01 |
   7587 | 6.29062e+01 8.29138e-03 | 1.25331e-02 1.07867e-01 1.39115e-01 |
   7588 | 6.29145e+01 8.29139e-03 | 1.25331e-02 1.07867e-01 1.39115e-01 |
   7589 | 6.29228e+01 8.29140e-03 | 1.25331e-02 1.07867e-01 1.39115e-01 |
   7590 | 6.29311e+01 8.29141e-03 | 1.25331e-02 1.07867e-01 1.39115e-01 |
   7591 | 6.29393e+01 8.29141e-03 | 1.25331e-02 1.07867e-01 1.39115e-01 |
   7592 | 6.29476e+01 8.29140e-03 | 1.25331e-02 1.07867e-01 1.39115e-01 |
   7593 | 6.29559e+01 8.29139e-03 | 1.25331e-02 1.07867e-01 1.39115e-01 |
   7594 | 6.29642e+01 8.29139e-03 | 1.25331e-02 1.07867e-01 1.39115e-01 |
   7595 | 6.29725e+01 8.29138e-03 | 1.25331e-02 1.07867e-01 1.39115e-01 |
   7596 | 6.29808e+01 8.29138e-03 | 1.25331e-02 1.07867e-01 1.39115e-01 |
   7597 | 6.29891e+01 8.29137e-03 | 1.25331e-02 1.07867e-01 1.39115e-01 |
   7598 | 6.29974e+01 8.29137e-03 | 1.25331e-02 1.07867e-01 1.39115e-01 |
   7599 | 6.30057e+01 8.29136e-03 | 1.25331e-02 1.07867e-01 1.39115e-01 |
   7600 | 6.30140e+01 8.29136e-03 | 1.25331e-02 1.07867e-01 1.39115e-01 |
   7601 | 6.30223e+01 8.29136e-03 | 1.25331e-02 1.07867e-01 1.39115e-01 |
   7602 | 6.30306e+01 8.29135e-03 | 1.25331e-02 1.07867e-01 1.39115e-01 |
   7603 | 6.30388e+01 8.29135e-03 | 1.25331e-02 1.07867e-01 1.39115e-01 |
   7604 | 6.30471e+01 8.29134e-03 | 1.25331e-02 1.07867e-01 1.39115e-01 |
   7605 | 6.30554e+01 8.29133e-03 | 1.25331e-02 1.07867e-01 1.39115e-01 |
   7606 | 6.30637e+01 8.29132e-03 | 1.25331e-02 1.07867e-01 1.39115e-01 |
   7607 | 6.30720e+01 8.29132e-03 | 1.25331e-02 1.07867e-01 1.39115e-01 |
   7608 | 6.30803e+01 8.29131e-03 | 1.25331e-02 1.07867e-01 1.39115e-01 |
   7609 | 6.30886e+01 8.29131e-03 | 1.25331e-02 1.07867e-01 1.39115e-01 |
   7610 | 6.30969e+01 8.29130e-03 | 1.25331e-02 1.07867e-01 1.39115e-01 |
   7611 | 6.31052e+01 8.29130e-03 | 1.25331e-02 1.07867e-01 1.39115e-01 |
   7612 | 6.31135e+01 8.29129e-03 | 1.25331e-02 1.07867e-01 1.39115e-01 |
   7613 | 6.31218e+01 8.29129e-03 | 1.25331e-02 1.07867e-01 1.39115e-01 |
   7614 | 6.31300e+01 8.29128e-03 | 1.25331e-02 1.07867e-01 1.39115e-01 |
   7615 | 6.31383e+01 8.29128e-03 | 1.25331e-02 1.07867e-01 1.39115e-01 |
   7616 | 6.31466e+01 8.29128e-03 | 1.25331e-02 1.07867e-01 1.39115e-01 |
   7617 | 6.31549e+01 8.29128e-03 | 1.25331e-02 1.07867e-01 1.39115e-01 |
   7618 | 6.31632e+01 8.29127e-03 | 1.25331e-02 1.07867e-01 1.39115e-01 |
   7619 | 6.31715e+01 8.29127e-03 | 1.25331e-02 1.07867e-01 1.39115e-01 |
   7620 | 6.31798e+01 8.29127e-03 | 1.25331e-02 1.07867e-01 1.39115e-01 |
   7621 | 6.31881e+01 8.29127e-03 | 1.25331e-02 1.07867e-01 1.39115e-01 |
   7622 | 6.31964e+01 8.29127e-03 | 1.25331e-02 1.07867e-01 1.39115e-01 |
   7623 | 6.32047e+01 8.29127e-03 | 1.25331e-02 1.07867e-01 1.39115e-01 |
   7624 | 6.32130e+01 8.29127e-03 | 1.25331e-02 1.07867e-01 1.39115e-01 |
   7625 | 6.32213e+01 8.29127e-03 | 1.25331e-02 1.07867e-01 1.39115e-01 |
   7626 | 6.32295e+01 8.29128e-03 | 1.25331e-02 1.07867e-01 1.39115e-01 |
   7627 | 6.32378e+01 8.29128e-03 | 1.25331e-02 1.07867e-01 1.39115e-01 |
   7628 | 6.32461e+01 8.29128e-03 | 1.25331e-02 1.07867e-01 1.39115e-01 |
   7629 | 6.32544e+01 8.29128e-03 | 1.25331e-02 1.07867e-01 1.39115e-01 |
   7630 | 6.32627e+01 8.29129e-03 | 1.25331e-02 1.07867e-01 1.39115e-01 |
   7631 | 6.32710e+01 8.29129e-03 | 1.25331e-02 1.07867e-01 1.39115e-01 |
   7632 | 6.32793e+01 8.29130e-03 | 1.25331e-02 1.07867e-01 1.39115e-01 |
   7633 | 6.32876e+01 8.29130e-03 | 1.25331e-02 1.07867e-01 1.39115e-01 |
   7634 | 6.32959e+01 8.29131e-03 | 1.25331e-02 1.07867e-01 1.39115e-01 |
   7635 | 6.33042e+01 8.29131e-03 | 1.25331e-02 1.07867e-01 1.39115e-01 |
   7636 | 6.33125e+01 8.29132e-03 | 1.25331e-02 1.07867e-01 1.39115e-01 |
   7637 | 6.33207e+01 8.29133e-03 | 1.25331e-02 1.07867e-01 1.39115e-01 |
   7638 | 6.33290e+01 8.29133e-03 | 1.25331e-02 1.07867e-01 1.39115e-01 |
   7639 | 6.33373e+01 8.29134e-03 | 1.25331e-02 1.07867e-01 1.39115e-01 |
   7640 | 6.33456e+01 8.29135e-03 | 1.25331e-02 1.07867e-01 1.39115e-01 |
   7641 | 6.33539e+01 8.29136e-03 | 1.25331e-02 1.07867e-01 1.39115e-01 |
   7642 | 6.33622e+01 8.29137e-03 | 1.25331e-02 1.07867e-01 1.39115e-01 |
   7643 | 6.33705e+01 8.29137e-03 | 1.25331e-02 1.07867e-01 1.39115e-01 |
   7644 | 6.33788e+01 8.29138e-03 | 1.25331e-02 1.07867e-01 1.39115e-01 |
   7645 | 6.33871e+01 8.29139e-03 | 1.25331e-02 1.07867e-01 1.39115e-01 |
   7646 | 6.33954e+01 8.29139e-03 | 1.25331e-02 1.07867e-01 1.39115e-01 |
   7647 | 6.34037e+01 8.29138e-03 | 1.25331e-02 1.07867e-01 1.39115e-01 |
   7648 | 6.34120e+01 8.29137e-03 | 1.25331e-02 1.07867e-01 1.39115e-01 |
   7649 | 6.34202e+01 8.29136e-03 | 1.25331e-02 1.07867e-01 1.39115e-01 |
   7650 | 6.34285e+01 8.29136e-03 | 1.25331e-02 1.07867e-01 1.39115e-01 |
   7651 | 6.34368e+01 8.29135e-03 | 1.25331e-02 1.07867e-01 1.39115e-01 |
   7652 | 6.34451e+01 8.29135e-03 | 1.25331e-02 1.07867e-01 1.39115e-01 |
   7653 | 6.34534e+01 8.29134e-03 | 1.25331e-02 1.07867e-01 1.39115e-01 |
   7654 | 6.34617e+01 8.29134e-03 | 1.25331e-02 1.07867e-01 1.39115e-01 |
   7655 | 6.34700e+01 8.29133e-03 | 1.25331e-02 1.07867e-01 1.39115e-01 |
   7656 | 6.34783e+01 8.29133e-03 | 1.25331e-02 1.07867e-01 1.39115e-01 |
   7657 | 6.34866e+01 8.29133e-03 | 1.25331e-02 1.07867e-01 1.39115e-01 |
   7658 | 6.34949e+01 8.29132e-03 | 1.25331e-02 1.07867e-01 1.39115e-01 |
   7659 | 6.35032e+01 8.29132e-03 | 1.25331e-02 1.07867e-01 1.39115e-01 |
   7660 | 6.35114e+01 8.29132e-03 | 1.25331e-02 1.07867e-01 1.39115e-01 |
   7661 | 6.35197e+01 8.29132e-03 | 1.25331e-02 1.07867e-01 1.39115e-01 |
   7662 | 6.35280e+01 8.29132e-03 | 1.25331e-02 1.07867e-01 1.39115e-01 |
   7663 | 6.35363e+01 8.29132e-03 | 1.25331e-02 1.07867e-01 1.39115e-01 |
   7664 | 6.35446e+01 8.29132e-03 | 1.25331e-02 1.07867e-01 1.39115e-01 |
   7665 | 6.35529e+01 8.29132e-03 | 1.25331e-02 1.07867e-01 1.39115e-01 |
   7666 | 6.35612e+01 8.29132e-03 | 1.25331e-02 1.07867e-01 1.39115e-01 |
   7667 | 6.35695e+01 8.29132e-03 | 1.25331e-02 1.07867e-01 1.39115e-01 |
   7668 | 6.35778e+01 8.29132e-03 | 1.25331e-02 1.07867e-01 1.39115e-01 |
   7669 | 6.35861e+01 8.29132e-03 | 1.25331e-02 1.07867e-01 1.39115e-01 |
   7670 | 6.35944e+01 8.29133e-03 | 1.25331e-02 1.07867e-01 1.39115e-01 |
   7671 | 6.36027e+01 8.29133e-03 | 1.25331e-02 1.07867e-01 1.39115e-01 |
   7672 | 6.36109e+01 8.29133e-03 | 1.25331e-02 1.07867e-01 1.39115e-01 |
   7673 | 6.36192e+01 8.29134e-03 | 1.25331e-02 1.07867e-01 1.39115e-01 |
   7674 | 6.36275e+01 8.29134e-03 | 1.25331e-02 1.07867e-01 1.39115e-01 |
   7675 | 6.36358e+01 8.29134e-03 | 1.25331e-02 1.07867e-01 1.39115e-01 |
   7676 | 6.36441e+01 8.29135e-03 | 1.25331e-02 1.07867e-01 1.39115e-01 |
   7677 | 6.36524e+01 8.29136e-03 | 1.25331e-02 1.07867e-01 1.39115e-01 |
   7678 | 6.36607e+01 8.29136e-03 | 1.25331e-02 1.07867e-01 1.39115e-01 |
   7679 | 6.36690e+01 8.29137e-03 | 1.25331e-02 1.07867e-01 1.39115e-01 |
   7680 | 6.36773e+01 8.29137e-03 | 1.25331e-02 1.07867e-01 1.39115e-01 |
   7681 | 6.36856e+01 8.29138e-03 | 1.25331e-02 1.07867e-01 1.39115e-01 |
   7682 | 6.36939e+01 8.29139e-03 | 1.25331e-02 1.07867e-01 1.39115e-01 |
   7683 | 6.37022e+01 8.29140e-03 | 1.25331e-02 1.07867e-01 1.39115e-01 |
   7684 | 6.37104e+01 8.29141e-03 | 1.25331e-02 1.07867e-01 1.39115e-01 |
   7685 | 6.37187e+01 8.29141e-03 | 1.25331e-02 1.07867e-01 1.39115e-01 |
   7686 | 6.37270e+01 8.29141e-03 | 1.25331e-02 1.07867e-01 1.39115e-01 |
   7687 | 6.37353e+01 8.29141e-03 | 1.25331e-02 1.07867e-01 1.39115e-01 |
   7688 | 6.37436e+01 8.29141e-03 | 1.25331e-02 1.07867e-01 1.39115e-01 |
   7689 | 6.37519e+01 8.29141e-03 | 1.25331e-02 1.07867e-01 1.39115e-01 |
   7690 | 6.37602e+01 8.29142e-03 | 1.25331e-02 1.07867e-01 1.39115e-01 |
   7691 | 6.37685e+01 8.29142e-03 | 1.25331e-02 1.07867e-01 1.39115e-01 |
   7692 | 6.37768e+01 8.29143e-03 | 1.25331e-02 1.07867e-01 1.39115e-01 |
   7693 | 6.37851e+01 8.29143e-03 | 1.25331e-02 1.07867e-01 1.39115e-01 |
   7694 | 6.37934e+01 8.29144e-03 | 1.25331e-02 1.07867e-01 1.39115e-01 |
   7695 | 6.38016e+01 8.29143e-03 | 1.25331e-02 1.07867e-01 1.39115e-01 |
   7696 | 6.38099e+01 8.29142e-03 | 1.25331e-02 1.07867e-01 1.39115e-01 |
   7697 | 6.38182e+01 8.29141e-03 | 1.25331e-02 1.07867e-01 1.39115e-01 |
   7698 | 6.38265e+01 8.29139e-03 | 1.25331e-02 1.07867e-01 1.39115e-01 |
   7699 | 6.38348e+01 8.29138e-03 | 1.25331e-02 1.07867e-01 1.39115e-01 |
   7700 | 6.38431e+01 8.29137e-03 | 1.25331e-02 1.07867e-01 1.39115e-01 |
   7701 | 6.38514e+01 8.29136e-03 | 1.25331e-02 1.07867e-01 1.39115e-01 |
   7702 | 6.38597e+01 8.29135e-03 | 1.25331e-02 1.07867e-01 1.39115e-01 |
   7703 | 6.38680e+01 8.29134e-03 | 1.25331e-02 1.07867e-01 1.39115e-01 |
   7704 | 6.38763e+01 8.29133e-03 | 1.25331e-02 1.07867e-01 1.39115e-01 |
   7705 | 6.38846e+01 8.29132e-03 | 1.25331e-02 1.07867e-01 1.39115e-01 |
   7706 | 6.38929e+01 8.29131e-03 | 1.25331e-02 1.07867e-01 1.39115e-01 |
   7707 | 6.39011e+01 8.29131e-03 | 1.25331e-02 1.07867e-01 1.39115e-01 |
   7708 | 6.39094e+01 8.29130e-03 | 1.25331e-02 1.07867e-01 1.39115e-01 |
   7709 | 6.39177e+01 8.29129e-03 | 1.25331e-02 1.07867e-01 1.39115e-01 |
   7710 | 6.39260e+01 8.29129e-03 | 1.25331e-02 1.07867e-01 1.39115e-01 |
   7711 | 6.39343e+01 8.29128e-03 | 1.25331e-02 1.07867e-01 1.39115e-01 |
   7712 | 6.39426e+01 8.29127e-03 | 1.25331e-02 1.07867e-01 1.39115e-01 |
   7713 | 6.39509e+01 8.29127e-03 | 1.25331e-02 1.07867e-01 1.39115e-01 |
   7714 | 6.39592e+01 8.29126e-03 | 1.25331e-02 1.07867e-01 1.39115e-01 |
   7715 | 6.39675e+01 8.29126e-03 | 1.25331e-02 1.07867e-01 1.39115e-01 |
   7716 | 6.39758e+01 8.29125e-03 | 1.25331e-02 1.07867e-01 1.39115e-01 |
   7717 | 6.39841e+01 8.29125e-03 | 1.25331e-02 1.07867e-01 1.39115e-01 |
   7718 | 6.39923e+01 8.29125e-03 | 1.25331e-02 1.07867e-01 1.39115e-01 |
   7719 | 6.40006e+01 8.29125e-03 | 1.25331e-02 1.07867e-01 1.39115e-01 |
   7720 | 6.40089e+01 8.29124e-03 | 1.25331e-02 1.07867e-01 1.39115e-01 |
   7721 | 6.40172e+01 8.29124e-03 | 1.25331e-02 1.07867e-01 1.39115e-01 |
   7722 | 6.40255e+01 8.29124e-03 | 1.25331e-02 1.07867e-01 1.39115e-01 |
   7723 | 6.40338e+01 8.29124e-03 | 1.25331e-02 1.07867e-01 1.39115e-01 |
   7724 | 6.40421e+01 8.29124e-03 | 1.25331e-02 1.07867e-01 1.39115e-01 |
   7725 | 6.40504e+01 8.29124e-03 | 1.25331e-02 1.07867e-01 1.39115e-01 |
   7726 | 6.40587e+01 8.29124e-03 | 1.25331e-02 1.07867e-01 1.39115e-01 |
   7727 | 6.40670e+01 8.29124e-03 | 1.25331e-02 1.07867e-01 1.39115e-01 |
   7728 | 6.40753e+01 8.29124e-03 | 1.25331e-02 1.07867e-01 1.39115e-01 |
   7729 | 6.40836e+01 8.29124e-03 | 1.25331e-02 1.07867e-01 1.39115e-01 |
   7730 | 6.40918e+01 8.29124e-03 | 1.25331e-02 1.07867e-01 1.39115e-01 |
   7731 | 6.41001e+01 8.29125e-03 | 1.25331e-02 1.07867e-01 1.39115e-01 |
   7732 | 6.41084e+01 8.29125e-03 | 1.25331e-02 1.07867e-01 1.39115e-01 |
   7733 | 6.41167e+01 8.29125e-03 | 1.25331e-02 1.07867e-01 1.39115e-01 |
   7734 | 6.41250e+01 8.29126e-03 | 1.25331e-02 1.07867e-01 1.39115e-01 |
   7735 | 6.41333e+01 8.29126e-03 | 1.25331e-02 1.07867e-01 1.39115e-01 |
   7736 | 6.41416e+01 8.29127e-03 | 1.25331e-02 1.07867e-01 1.39115e-01 |
   7737 | 6.41499e+01 8.29127e-03 | 1.25331e-02 1.07867e-01 1.39115e-01 |
   7738 | 6.41582e+01 8.29128e-03 | 1.25331e-02 1.07867e-01 1.39115e-01 |
   7739 | 6.41665e+01 8.29128e-03 | 1.25331e-02 1.07867e-01 1.39115e-01 |
   7740 | 6.41748e+01 8.29129e-03 | 1.25331e-02 1.07867e-01 1.39115e-01 |
   7741 | 6.41830e+01 8.29130e-03 | 1.25331e-02 1.07867e-01 1.39115e-01 |
   7742 | 6.41913e+01 8.29130e-03 | 1.25331e-02 1.07867e-01 1.39115e-01 |
   7743 | 6.41996e+01 8.29131e-03 | 1.25331e-02 1.07867e-01 1.39115e-01 |
   7744 | 6.42079e+01 8.29132e-03 | 1.25331e-02 1.07867e-01 1.39115e-01 |
   7745 | 6.42162e+01 8.29133e-03 | 1.25331e-02 1.07867e-01 1.39115e-01 |
   7746 | 6.42245e+01 8.29134e-03 | 1.25331e-02 1.07867e-01 1.39115e-01 |
   7747 | 6.42328e+01 8.29135e-03 | 1.25331e-02 1.07867e-01 1.39115e-01 |
   7748 | 6.42411e+01 8.29136e-03 | 1.25331e-02 1.07867e-01 1.39115e-01 |
   7749 | 6.42494e+01 8.29137e-03 | 1.25331e-02 1.07867e-01 1.39115e-01 |
   7750 | 6.42577e+01 8.29138e-03 | 1.25331e-02 1.07867e-01 1.39115e-01 |
   7751 | 6.42660e+01 8.29139e-03 | 1.25331e-02 1.07867e-01 1.39115e-01 |
   7752 | 6.42743e+01 8.29140e-03 | 1.25331e-02 1.07867e-01 1.39115e-01 |
   7753 | 6.42825e+01 8.29139e-03 | 1.25331e-02 1.07867e-01 1.39115e-01 |
   7754 | 6.42908e+01 8.29138e-03 | 1.25331e-02 1.07867e-01 1.39115e-01 |
   7755 | 6.42991e+01 8.29137e-03 | 1.25331e-02 1.07867e-01 1.39115e-01 |
   7756 | 6.43074e+01 8.29136e-03 | 1.25331e-02 1.07867e-01 1.39115e-01 |
   7757 | 6.43157e+01 8.29135e-03 | 1.25331e-02 1.07867e-01 1.39115e-01 |
   7758 | 6.43240e+01 8.29134e-03 | 1.25331e-02 1.07867e-01 1.39115e-01 |
   7759 | 6.43323e+01 8.29133e-03 | 1.25331e-02 1.07867e-01 1.39115e-01 |
   7760 | 6.43406e+01 8.29132e-03 | 1.25331e-02 1.07867e-01 1.39115e-01 |
   7761 | 6.43489e+01 8.29132e-03 | 1.25331e-02 1.07867e-01 1.39115e-01 |
   7762 | 6.43572e+01 8.29131e-03 | 1.25331e-02 1.07867e-01 1.39115e-01 |
   7763 | 6.43655e+01 8.29130e-03 | 1.25331e-02 1.07867e-01 1.39115e-01 |
   7764 | 6.43737e+01 8.29130e-03 | 1.25331e-02 1.07867e-01 1.39115e-01 |
   7765 | 6.43820e+01 8.29129e-03 | 1.25331e-02 1.07867e-01 1.39115e-01 |
   7766 | 6.43903e+01 8.29128e-03 | 1.25331e-02 1.07867e-01 1.39115e-01 |
   7767 | 6.43986e+01 8.29128e-03 | 1.25331e-02 1.07867e-01 1.39115e-01 |
   7768 | 6.44069e+01 8.29127e-03 | 1.25331e-02 1.07867e-01 1.39115e-01 |
   7769 | 6.44152e+01 8.29127e-03 | 1.25331e-02 1.07867e-01 1.39115e-01 |
   7770 | 6.44235e+01 8.29127e-03 | 1.25331e-02 1.07867e-01 1.39115e-01 |
   7771 | 6.44318e+01 8.29126e-03 | 1.25331e-02 1.07867e-01 1.39115e-01 |
   7772 | 6.44401e+01 8.29126e-03 | 1.25331e-02 1.07867e-01 1.39115e-01 |
   7773 | 6.44484e+01 8.29126e-03 | 1.25331e-02 1.07867e-01 1.39115e-01 |
   7774 | 6.44567e+01 8.29126e-03 | 1.25331e-02 1.07867e-01 1.39115e-01 |
   7775 | 6.44650e+01 8.29126e-03 | 1.25331e-02 1.07867e-01 1.39115e-01 |
   7776 | 6.44732e+01 8.29125e-03 | 1.25331e-02 1.07867e-01 1.39115e-01 |
   7777 | 6.44815e+01 8.29125e-03 | 1.25331e-02 1.07867e-01 1.39115e-01 |
   7778 | 6.44898e+01 8.29125e-03 | 1.25331e-02 1.07867e-01 1.39115e-01 |
   7779 | 6.44981e+01 8.29125e-03 | 1.25331e-02 1.07867e-01 1.39115e-01 |
   7780 | 6.45064e+01 8.29125e-03 | 1.25331e-02 1.07867e-01 1.39115e-01 |
   7781 | 6.45147e+01 8.29126e-03 | 1.25331e-02 1.07867e-01 1.39115e-01 |
   7782 | 6.45230e+01 8.29126e-03 | 1.25331e-02 1.07867e-01 1.39115e-01 |
   7783 | 6.45313e+01 8.29126e-03 | 1.25331e-02 1.07867e-01 1.39115e-01 |
   7784 | 6.45396e+01 8.29126e-03 | 1.25331e-02 1.07867e-01 1.39115e-01 |
   7785 | 6.45479e+01 8.29126e-03 | 1.25331e-02 1.07867e-01 1.39115e-01 |
   7786 | 6.45562e+01 8.29127e-03 | 1.25331e-02 1.07867e-01 1.39115e-01 |
   7787 | 6.45644e+01 8.29127e-03 | 1.25331e-02 1.07867e-01 1.39115e-01 |
   7788 | 6.45727e+01 8.29128e-03 | 1.25331e-02 1.07867e-01 1.39115e-01 |
   7789 | 6.45810e+01 8.29128e-03 | 1.25331e-02 1.07867e-01 1.39115e-01 |
   7790 | 6.45893e+01 8.29128e-03 | 1.25331e-02 1.07867e-01 1.39115e-01 |
   7791 | 6.45976e+01 8.29129e-03 | 1.25331e-02 1.07867e-01 1.39115e-01 |
   7792 | 6.46059e+01 8.29130e-03 | 1.25331e-02 1.07867e-01 1.39115e-01 |
   7793 | 6.46142e+01 8.29130e-03 | 1.25331e-02 1.07867e-01 1.39115e-01 |
   7794 | 6.46225e+01 8.29131e-03 | 1.25331e-02 1.07867e-01 1.39115e-01 |
   7795 | 6.46308e+01 8.29132e-03 | 1.25331e-02 1.07867e-01 1.39115e-01 |
   7796 | 6.46391e+01 8.29132e-03 | 1.25331e-02 1.07867e-01 1.39115e-01 |
   7797 | 6.46474e+01 8.29133e-03 | 1.25331e-02 1.07867e-01 1.39115e-01 |
   7798 | 6.46557e+01 8.29134e-03 | 1.25331e-02 1.07867e-01 1.39115e-01 |
   7799 | 6.46639e+01 8.29135e-03 | 1.25331e-02 1.07867e-01 1.39115e-01 |
   7800 | 6.46722e+01 8.29136e-03 | 1.25331e-02 1.07867e-01 1.39115e-01 |
   7801 | 6.46805e+01 8.29137e-03 | 1.25331e-02 1.07867e-01 1.39115e-01 |
   7802 | 6.46888e+01 8.29138e-03 | 1.25331e-02 1.07867e-01 1.39115e-01 |
   7803 | 6.46971e+01 8.29139e-03 | 1.25331e-02 1.07867e-01 1.39115e-01 |
   7804 | 6.47054e+01 8.29140e-03 | 1.25331e-02 1.07867e-01 1.39115e-01 |
   7805 | 6.47137e+01 8.29141e-03 | 1.25331e-02 1.07867e-01 1.39115e-01 |
   7806 | 6.47220e+01 8.29142e-03 | 1.25331e-02 1.07867e-01 1.39115e-01 |
   7807 | 6.47303e+01 8.29141e-03 | 1.25331e-02 1.07867e-01 1.39115e-01 |
   7808 | 6.47386e+01 8.29140e-03 | 1.25331e-02 1.07867e-01 1.39115e-01 |
   7809 | 6.47469e+01 8.29138e-03 | 1.25331e-02 1.07867e-01 1.39115e-01 |
   7810 | 6.47551e+01 8.29137e-03 | 1.25331e-02 1.07867e-01 1.39115e-01 |
   7811 | 6.47634e+01 8.29136e-03 | 1.25331e-02 1.07867e-01 1.39115e-01 |
   7812 | 6.47717e+01 8.29135e-03 | 1.25331e-02 1.07867e-01 1.39115e-01 |
   7813 | 6.47800e+01 8.29134e-03 | 1.25331e-02 1.07867e-01 1.39115e-01 |
   7814 | 6.47883e+01 8.29133e-03 | 1.25331e-02 1.07867e-01 1.39115e-01 |
   7815 | 6.47966e+01 8.29132e-03 | 1.25331e-02 1.07867e-01 1.39115e-01 |
   7816 | 6.48049e+01 8.29132e-03 | 1.25331e-02 1.07867e-01 1.39115e-01 |
   7817 | 6.48132e+01 8.29131e-03 | 1.25331e-02 1.07867e-01 1.39115e-01 |
   7818 | 6.48215e+01 8.29130e-03 | 1.25331e-02 1.07867e-01 1.39115e-01 |
   7819 | 6.48298e+01 8.29129e-03 | 1.25331e-02 1.07867e-01 1.39115e-01 |
   7820 | 6.48381e+01 8.29129e-03 | 1.25331e-02 1.07867e-01 1.39115e-01 |
   7821 | 6.48464e+01 8.29128e-03 | 1.25331e-02 1.07867e-01 1.39115e-01 |
   7822 | 6.48546e+01 8.29128e-03 | 1.25331e-02 1.07867e-01 1.39115e-01 |
   7823 | 6.48629e+01 8.29127e-03 | 1.25331e-02 1.07867e-01 1.39115e-01 |
   7824 | 6.48712e+01 8.29127e-03 | 1.25331e-02 1.07867e-01 1.39115e-01 |
   7825 | 6.48795e+01 8.29126e-03 | 1.25331e-02 1.07867e-01 1.39115e-01 |
   7826 | 6.48878e+01 8.29126e-03 | 1.25331e-02 1.07867e-01 1.39115e-01 |
   7827 | 6.48961e+01 8.29125e-03 | 1.25331e-02 1.07867e-01 1.39115e-01 |
   7828 | 6.49044e+01 8.29125e-03 | 1.25331e-02 1.07867e-01 1.39115e-01 |
   7829 | 6.49127e+01 8.29125e-03 | 1.25331e-02 1.07867e-01 1.39115e-01 |
   7830 | 6.49210e+01 8.29125e-03 | 1.25331e-02 1.07867e-01 1.39115e-01 |
   7831 | 6.49293e+01 8.29124e-03 | 1.25331e-02 1.07867e-01 1.39115e-01 |
   7832 | 6.49376e+01 8.29124e-03 | 1.25331e-02 1.07867e-01 1.39115e-01 |
   7833 | 6.49458e+01 8.29124e-03 | 1.25331e-02 1.07867e-01 1.39115e-01 |
   7834 | 6.49541e+01 8.29124e-03 | 1.25331e-02 1.07867e-01 1.39115e-01 |
   7835 | 6.49624e+01 8.29124e-03 | 1.25331e-02 1.07867e-01 1.39115e-01 |
   7836 | 6.49707e+01 8.29124e-03 | 1.25331e-02 1.07867e-01 1.39115e-01 |
   7837 | 6.49790e+01 8.29124e-03 | 1.25331e-02 1.07867e-01 1.39115e-01 |
   7838 | 6.49873e+01 8.29124e-03 | 1.25331e-02 1.07867e-01 1.39115e-01 |
   7839 | 6.49956e+01 8.29125e-03 | 1.25331e-02 1.07867e-01 1.39115e-01 |
   7840 | 6.50039e+01 8.29125e-03 | 1.25331e-02 1.07867e-01 1.39115e-01 |
   7841 | 6.50122e+01 8.29125e-03 | 1.25331e-02 1.07867e-01 1.39115e-01 |
   7842 | 6.50205e+01 8.29125e-03 | 1.25331e-02 1.07867e-01 1.39115e-01 |
   7843 | 6.50288e+01 8.29126e-03 | 1.25331e-02 1.07867e-01 1.39115e-01 |
   7844 | 6.50371e+01 8.29126e-03 | 1.25331e-02 1.07867e-01 1.39115e-01 |
   7845 | 6.50453e+01 8.29126e-03 | 1.25331e-02 1.07867e-01 1.39115e-01 |
   7846 | 6.50536e+01 8.29127e-03 | 1.25331e-02 1.07867e-01 1.39115e-01 |
   7847 | 6.50619e+01 8.29127e-03 | 1.25331e-02 1.07867e-01 1.39115e-01 |
   7848 | 6.50702e+01 8.29128e-03 | 1.25331e-02 1.07867e-01 1.39115e-01 |
   7849 | 6.50785e+01 8.29129e-03 | 1.25331e-02 1.07867e-01 1.39115e-01 |
   7850 | 6.50868e+01 8.29129e-03 | 1.25331e-02 1.07867e-01 1.39115e-01 |
   7851 | 6.50951e+01 8.29130e-03 | 1.25331e-02 1.07867e-01 1.39115e-01 |
   7852 | 6.51034e+01 8.29131e-03 | 1.25331e-02 1.07867e-01 1.39115e-01 |
   7853 | 6.51117e+01 8.29132e-03 | 1.25331e-02 1.07867e-01 1.39115e-01 |
   7854 | 6.51200e+01 8.29132e-03 | 1.25331e-02 1.07867e-01 1.39115e-01 |
   7855 | 6.51283e+01 8.29133e-03 | 1.25331e-02 1.07867e-01 1.39115e-01 |
   7856 | 6.51365e+01 8.29134e-03 | 1.25331e-02 1.07867e-01 1.39115e-01 |
   7857 | 6.51448e+01 8.29135e-03 | 1.25331e-02 1.07867e-01 1.39115e-01 |
   7858 | 6.51531e+01 8.29136e-03 | 1.25331e-02 1.07867e-01 1.39115e-01 |
   7859 | 6.51614e+01 8.29137e-03 | 1.25331e-02 1.07867e-01 1.39115e-01 |
   7860 | 6.51697e+01 8.29138e-03 | 1.25331e-02 1.07867e-01 1.39115e-01 |
   7861 | 6.51780e+01 8.29139e-03 | 1.25331e-02 1.07867e-01 1.39115e-01 |
   7862 | 6.51863e+01 8.29140e-03 | 1.25331e-02 1.07867e-01 1.39115e-01 |
   7863 | 6.51946e+01 8.29139e-03 | 1.25331e-02 1.07867e-01 1.39115e-01 |
   7864 | 6.52029e+01 8.29138e-03 | 1.25331e-02 1.07867e-01 1.39115e-01 |
   7865 | 6.52112e+01 8.29137e-03 | 1.25331e-02 1.07867e-01 1.39115e-01 |
   7866 | 6.52195e+01 8.29136e-03 | 1.25331e-02 1.07867e-01 1.39115e-01 |
   7867 | 6.52278e+01 8.29135e-03 | 1.25331e-02 1.07867e-01 1.39115e-01 |
   7868 | 6.52360e+01 8.29134e-03 | 1.25331e-02 1.07867e-01 1.39115e-01 |
   7869 | 6.52443e+01 8.29134e-03 | 1.25331e-02 1.07867e-01 1.39115e-01 |
   7870 | 6.52526e+01 8.29133e-03 | 1.25331e-02 1.07867e-01 1.39115e-01 |
   7871 | 6.52609e+01 8.29132e-03 | 1.25331e-02 1.07867e-01 1.39115e-01 |
   7872 | 6.52692e+01 8.29131e-03 | 1.25331e-02 1.07867e-01 1.39115e-01 |
   7873 | 6.52775e+01 8.29131e-03 | 1.25331e-02 1.07867e-01 1.39115e-01 |
   7874 | 6.52858e+01 8.29130e-03 | 1.25331e-02 1.07867e-01 1.39115e-01 |
   7875 | 6.52941e+01 8.29129e-03 | 1.25331e-02 1.07867e-01 1.39115e-01 |
   7876 | 6.53024e+01 8.29129e-03 | 1.25331e-02 1.07867e-01 1.39115e-01 |
   7877 | 6.53107e+01 8.29128e-03 | 1.25331e-02 1.07867e-01 1.39115e-01 |
   7878 | 6.53190e+01 8.29128e-03 | 1.25331e-02 1.07867e-01 1.39115e-01 |
   7879 | 6.53272e+01 8.29128e-03 | 1.25331e-02 1.07867e-01 1.39115e-01 |
   7880 | 6.53355e+01 8.29127e-03 | 1.25331e-02 1.07867e-01 1.39115e-01 |
   7881 | 6.53438e+01 8.29127e-03 | 1.25331e-02 1.07867e-01 1.39115e-01 |
   7882 | 6.53521e+01 8.29127e-03 | 1.25331e-02 1.07867e-01 1.39115e-01 |
   7883 | 6.53604e+01 8.29126e-03 | 1.25331e-02 1.07867e-01 1.39115e-01 |
   7884 | 6.53687e+01 8.29126e-03 | 1.25331e-02 1.07867e-01 1.39115e-01 |
   7885 | 6.53770e+01 8.29126e-03 | 1.25331e-02 1.07867e-01 1.39115e-01 |
   7886 | 6.53853e+01 8.29126e-03 | 1.25331e-02 1.07867e-01 1.39115e-01 |
   7887 | 6.53936e+01 8.29126e-03 | 1.25331e-02 1.07867e-01 1.39115e-01 |
   7888 | 6.54019e+01 8.29126e-03 | 1.25331e-02 1.07867e-01 1.39115e-01 |
   7889 | 6.54102e+01 8.29126e-03 | 1.25331e-02 1.07867e-01 1.39115e-01 |
   7890 | 6.54185e+01 8.29126e-03 | 1.25331e-02 1.07867e-01 1.39115e-01 |
   7891 | 6.54267e+01 8.29126e-03 | 1.25331e-02 1.07867e-01 1.39115e-01 |
   7892 | 6.54350e+01 8.29125e-03 | 1.25331e-02 1.07867e-01 1.39115e-01 |
   7893 | 6.54433e+01 8.29125e-03 | 1.25331e-02 1.07867e-01 1.39115e-01 |
   7894 | 6.54516e+01 8.29125e-03 | 1.25331e-02 1.07867e-01 1.39115e-01 |
   7895 | 6.54599e+01 8.29125e-03 | 1.25331e-02 1.07867e-01 1.39115e-01 |
   7896 | 6.54682e+01 8.29125e-03 | 1.25331e-02 1.07867e-01 1.39115e-01 |
   7897 | 6.54765e+01 8.29125e-03 | 1.25331e-02 1.07867e-01 1.39115e-01 |
   7898 | 6.54848e+01 8.29125e-03 | 1.25331e-02 1.07867e-01 1.39115e-01 |
   7899 | 6.54931e+01 8.29125e-03 | 1.25331e-02 1.07867e-01 1.39115e-01 |
   7900 | 6.55014e+01 8.29126e-03 | 1.25331e-02 1.07867e-01 1.39115e-01 |
   7901 | 6.55097e+01 8.29126e-03 | 1.25331e-02 1.07867e-01 1.39115e-01 |
   7902 | 6.55179e+01 8.29126e-03 | 1.25331e-02 1.07867e-01 1.39115e-01 |
   7903 | 6.55262e+01 8.29126e-03 | 1.25331e-02 1.07867e-01 1.39115e-01 |
   7904 | 6.55345e+01 8.29127e-03 | 1.25331e-02 1.07867e-01 1.39115e-01 |
   7905 | 6.55428e+01 8.29127e-03 | 1.25331e-02 1.07867e-01 1.39115e-01 |
   7906 | 6.55511e+01 8.29127e-03 | 1.25331e-02 1.07867e-01 1.39115e-01 |
   7907 | 6.55594e+01 8.29128e-03 | 1.25331e-02 1.07867e-01 1.39115e-01 |
   7908 | 6.55677e+01 8.29128e-03 | 1.25331e-02 1.07867e-01 1.39115e-01 |
   7909 | 6.55760e+01 8.29129e-03 | 1.25331e-02 1.07867e-01 1.39115e-01 |
   7910 | 6.55843e+01 8.29130e-03 | 1.25331e-02 1.07867e-01 1.39115e-01 |
   7911 | 6.55926e+01 8.29130e-03 | 1.25331e-02 1.07867e-01 1.39115e-01 |
   7912 | 6.56009e+01 8.29131e-03 | 1.25331e-02 1.07867e-01 1.39115e-01 |
   7913 | 6.56092e+01 8.29132e-03 | 1.25331e-02 1.07867e-01 1.39115e-01 |
   7914 | 6.56174e+01 8.29133e-03 | 1.25331e-02 1.07867e-01 1.39115e-01 |
   7915 | 6.56257e+01 8.29133e-03 | 1.25331e-02 1.07867e-01 1.39115e-01 |
   7916 | 6.56340e+01 8.29134e-03 | 1.25331e-02 1.07867e-01 1.39115e-01 |
   7917 | 6.56423e+01 8.29135e-03 | 1.25331e-02 1.07867e-01 1.39115e-01 |
   7918 | 6.56506e+01 8.29136e-03 | 1.25331e-02 1.07867e-01 1.39115e-01 |
   7919 | 6.56589e+01 8.29137e-03 | 1.25331e-02 1.07867e-01 1.39115e-01 |
   7920 | 6.56672e+01 8.29138e-03 | 1.25331e-02 1.07867e-01 1.39115e-01 |
   7921 | 6.56755e+01 8.29139e-03 | 1.25331e-02 1.07867e-01 1.39115e-01 |
   7922 | 6.56838e+01 8.29140e-03 | 1.25331e-02 1.07867e-01 1.39115e-01 |
   7923 | 6.56921e+01 8.29138e-03 | 1.25331e-02 1.07867e-01 1.39115e-01 |
   7924 | 6.57004e+01 8.29137e-03 | 1.25331e-02 1.07867e-01 1.39115e-01 |
   7925 | 6.57086e+01 8.29136e-03 | 1.25331e-02 1.07867e-01 1.39115e-01 |
   7926 | 6.57169e+01 8.29135e-03 | 1.25331e-02 1.07867e-01 1.39115e-01 |
   7927 | 6.57252e+01 8.29134e-03 | 1.25331e-02 1.07867e-01 1.39115e-01 |
   7928 | 6.57335e+01 8.29133e-03 | 1.25331e-02 1.07867e-01 1.39115e-01 |
   7929 | 6.57418e+01 8.29132e-03 | 1.25331e-02 1.07867e-01 1.39115e-01 |
   7930 | 6.57501e+01 8.29132e-03 | 1.25331e-02 1.07867e-01 1.39115e-01 |
   7931 | 6.57584e+01 8.29131e-03 | 1.25331e-02 1.07867e-01 1.39115e-01 |
   7932 | 6.57667e+01 8.29130e-03 | 1.25331e-02 1.07867e-01 1.39115e-01 |
   7933 | 6.57750e+01 8.29129e-03 | 1.25331e-02 1.07867e-01 1.39115e-01 |
   7934 | 6.57833e+01 8.29129e-03 | 1.25331e-02 1.07867e-01 1.39115e-01 |
   7935 | 6.57916e+01 8.29128e-03 | 1.25331e-02 1.07867e-01 1.39115e-01 |
   7936 | 6.57999e+01 8.29127e-03 | 1.25331e-02 1.07867e-01 1.39115e-01 |
   7937 | 6.58081e+01 8.29127e-03 | 1.25331e-02 1.07867e-01 1.39115e-01 |
   7938 | 6.58164e+01 8.29126e-03 | 1.25331e-02 1.07867e-01 1.39115e-01 |
   7939 | 6.58247e+01 8.29126e-03 | 1.25331e-02 1.07867e-01 1.39115e-01 |
   7940 | 6.58330e+01 8.29125e-03 | 1.25331e-02 1.07867e-01 1.39115e-01 |
   7941 | 6.58413e+01 8.29125e-03 | 1.25331e-02 1.07867e-01 1.39115e-01 |
   7942 | 6.58496e+01 8.29125e-03 | 1.25331e-02 1.07867e-01 1.39115e-01 |
   7943 | 6.58579e+01 8.29125e-03 | 1.25331e-02 1.07867e-01 1.39115e-01 |
   7944 | 6.58662e+01 8.29124e-03 | 1.25331e-02 1.07867e-01 1.39115e-01 |
   7945 | 6.58745e+01 8.29124e-03 | 1.25331e-02 1.07867e-01 1.39115e-01 |
   7946 | 6.58828e+01 8.29124e-03 | 1.25331e-02 1.07867e-01 1.39115e-01 |
   7947 | 6.58911e+01 8.29124e-03 | 1.25331e-02 1.07867e-01 1.39115e-01 |
   7948 | 6.58993e+01 8.29124e-03 | 1.25331e-02 1.07867e-01 1.39115e-01 |
   7949 | 6.59076e+01 8.29124e-03 | 1.25331e-02 1.07867e-01 1.39115e-01 |
   7950 | 6.59159e+01 8.29124e-03 | 1.25331e-02 1.07867e-01 1.39115e-01 |
   7951 | 6.59242e+01 8.29124e-03 | 1.25331e-02 1.07867e-01 1.39115e-01 |
   7952 | 6.59325e+01 8.29124e-03 | 1.25331e-02 1.07867e-01 1.39115e-01 |
   7953 | 6.59408e+01 8.29124e-03 | 1.25331e-02 1.07867e-01 1.39115e-01 |
   7954 | 6.59491e+01 8.29124e-03 | 1.25331e-02 1.07867e-01 1.39115e-01 |
   7955 | 6.59574e+01 8.29125e-03 | 1.25331e-02 1.07867e-01 1.39115e-01 |
   7956 | 6.59657e+01 8.29125e-03 | 1.25331e-02 1.07867e-01 1.39115e-01 |
   7957 | 6.59740e+01 8.29125e-03 | 1.25331e-02 1.07867e-01 1.39115e-01 |
   7958 | 6.59823e+01 8.29126e-03 | 1.25331e-02 1.07867e-01 1.39115e-01 |
   7959 | 6.59906e+01 8.29126e-03 | 1.25331e-02 1.07867e-01 1.39115e-01 |
   7960 | 6.59988e+01 8.29126e-03 | 1.25331e-02 1.07867e-01 1.39115e-01 |
   7961 | 6.60071e+01 8.29127e-03 | 1.25331e-02 1.07867e-01 1.39115e-01 |
   7962 | 6.60154e+01 8.29128e-03 | 1.25331e-02 1.07867e-01 1.39115e-01 |
   7963 | 6.60237e+01 8.29128e-03 | 1.25331e-02 1.07867e-01 1.39115e-01 |
   7964 | 6.60320e+01 8.29129e-03 | 1.25331e-02 1.07867e-01 1.39115e-01 |
   7965 | 6.60403e+01 8.29129e-03 | 1.25331e-02 1.07867e-01 1.39115e-01 |
   7966 | 6.60486e+01 8.29130e-03 | 1.25331e-02 1.07867e-01 1.39115e-01 |
   7967 | 6.60569e+01 8.29131e-03 | 1.25331e-02 1.07867e-01 1.39115e-01 |
   7968 | 6.60652e+01 8.29132e-03 | 1.25331e-02 1.07867e-01 1.39115e-01 |
   7969 | 6.60735e+01 8.29133e-03 | 1.25331e-02 1.07867e-01 1.39115e-01 |
   7970 | 6.60818e+01 8.29134e-03 | 1.25331e-02 1.07867e-01 1.39115e-01 |
   7971 | 6.60900e+01 8.29134e-03 | 1.25331e-02 1.07867e-01 1.39115e-01 |
   7972 | 6.60983e+01 8.29135e-03 | 1.25331e-02 1.07867e-01 1.39115e-01 |
   7973 | 6.61066e+01 8.29136e-03 | 1.25331e-02 1.07867e-01 1.39115e-01 |
   7974 | 6.61149e+01 8.29138e-03 | 1.25331e-02 1.07867e-01 1.39115e-01 |
   7975 | 6.61232e+01 8.29139e-03 | 1.25331e-02 1.07867e-01 1.39115e-01 |
   7976 | 6.61315e+01 8.29140e-03 | 1.25331e-02 1.07867e-01 1.39115e-01 |
   7977 | 6.61398e+01 8.29141e-03 | 1.25331e-02 1.07867e-01 1.39115e-01 |
   7978 | 6.61481e+01 8.29141e-03 | 1.25331e-02 1.07867e-01 1.39115e-01 |
   7979 | 6.61564e+01 8.29140e-03 | 1.25331e-02 1.07867e-01 1.39115e-01 |
   7980 | 6.61647e+01 8.29139e-03 | 1.25331e-02 1.07867e-01 1.39115e-01 |
   7981 | 6.61730e+01 8.29138e-03 | 1.25331e-02 1.07867e-01 1.39115e-01 |
   7982 | 6.61813e+01 8.29137e-03 | 1.25331e-02 1.07867e-01 1.39115e-01 |
   7983 | 6.61895e+01 8.29136e-03 | 1.25331e-02 1.07867e-01 1.39115e-01 |
   7984 | 6.61978e+01 8.29135e-03 | 1.25331e-02 1.07867e-01 1.39115e-01 |
   7985 | 6.62061e+01 8.29134e-03 | 1.25331e-02 1.07867e-01 1.39115e-01 |
   7986 | 6.62144e+01 8.29133e-03 | 1.25331e-02 1.07867e-01 1.39115e-01 |
   7987 | 6.62227e+01 8.29132e-03 | 1.25331e-02 1.07867e-01 1.39115e-01 |
   7988 | 6.62310e+01 8.29131e-03 | 1.25331e-02 1.07867e-01 1.39115e-01 |
   7989 | 6.62393e+01 8.29131e-03 | 1.25331e-02 1.07867e-01 1.39115e-01 |
   7990 | 6.62476e+01 8.29130e-03 | 1.25331e-02 1.07867e-01 1.39115e-01 |
   7991 | 6.62559e+01 8.29129e-03 | 1.25331e-02 1.07867e-01 1.39115e-01 |
   7992 | 6.62642e+01 8.29129e-03 | 1.25331e-02 1.07867e-01 1.39115e-01 |
   7993 | 6.62725e+01 8.29128e-03 | 1.25331e-02 1.07867e-01 1.39115e-01 |
   7994 | 6.62807e+01 8.29128e-03 | 1.25331e-02 1.07867e-01 1.39115e-01 |
   7995 | 6.62890e+01 8.29127e-03 | 1.25331e-02 1.07867e-01 1.39115e-01 |
   7996 | 6.62973e+01 8.29127e-03 | 1.25331e-02 1.07867e-01 1.39115e-01 |
   7997 | 6.63056e+01 8.29126e-03 | 1.25331e-02 1.07867e-01 1.39115e-01 |
   7998 | 6.63139e+01 8.29126e-03 | 1.25331e-02 1.07867e-01 1.39115e-01 |
   7999 | 6.63222e+01 8.29126e-03 | 1.25331e-02 1.07867e-01 1.39115e-01 |
   8000 | 6.63305e+01 8.29125e-03 | 1.25331e-02 1.07867e-01 1.39115e-01 |
   8001 | 6.63388e+01 8.29125e-03 | 1.25331e-02 1.07867e-01 1.39115e-01 |
   8002 | 6.63471e+01 8.29125e-03 | 1.25331e-02 1.07867e-01 1.39115e-01 |
   8003 | 6.63554e+01 8.29125e-03 | 1.25331e-02 1.07867e-01 1.39115e-01 |
   8004 | 6.63637e+01 8.29125e-03 | 1.25331e-02 1.07867e-01 1.39115e-01 |
   8005 | 6.63720e+01 8.29125e-03 | 1.25331e-02 1.07867e-01 1.39115e-01 |
   8006 | 6.63802e+01 8.29125e-03 | 1.25331e-02 1.07867e-01 1.39115e-01 |
   8007 | 6.63885e+01 8.29125e-03 | 1.25331e-02 1.07867e-01 1.39115e-01 |
   8008 | 6.63968e+01 8.29125e-03 | 1.25331e-02 1.07867e-01 1.39115e-01 |
   8009 | 6.64051e+01 8.29125e-03 | 1.25331e-02 1.07867e-01 1.39115e-01 |
   8010 | 6.64134e+01 8.29125e-03 | 1.25331e-02 1.07867e-01 1.39115e-01 |
   8011 | 6.64217e+01 8.29125e-03 | 1.25331e-02 1.07867e-01 1.39115e-01 |
   8012 | 6.64300e+01 8.29126e-03 | 1.25331e-02 1.07867e-01 1.39115e-01 |
   8013 | 6.64383e+01 8.29126e-03 | 1.25331e-02 1.07867e-01 1.39115e-01 |
   8014 | 6.64466e+01 8.29126e-03 | 1.25331e-02 1.07867e-01 1.39115e-01 |
   8015 | 6.64549e+01 8.29127e-03 | 1.25331e-02 1.07867e-01 1.39115e-01 |
   8016 | 6.64632e+01 8.29127e-03 | 1.25331e-02 1.07867e-01 1.39115e-01 |
   8017 | 6.64714e+01 8.29128e-03 | 1.25331e-02 1.07867e-01 1.39115e-01 |
   8018 | 6.64797e+01 8.29128e-03 | 1.25331e-02 1.07867e-01 1.39115e-01 |
   8019 | 6.64880e+01 8.29129e-03 | 1.25331e-02 1.07867e-01 1.39115e-01 |
   8020 | 6.64963e+01 8.29129e-03 | 1.25331e-02 1.07867e-01 1.39115e-01 |
   8021 | 6.65046e+01 8.29130e-03 | 1.25331e-02 1.07867e-01 1.39115e-01 |
   8022 | 6.65129e+01 8.29131e-03 | 1.25331e-02 1.07867e-01 1.39115e-01 |
   8023 | 6.65212e+01 8.29131e-03 | 1.25331e-02 1.07867e-01 1.39115e-01 |
   8024 | 6.65295e+01 8.29132e-03 | 1.25331e-02 1.07867e-01 1.39115e-01 |
   8025 | 6.65378e+01 8.29133e-03 | 1.25331e-02 1.07867e-01 1.39115e-01 |
   8026 | 6.65461e+01 8.29134e-03 | 1.25331e-02 1.07867e-01 1.39115e-01 |
   8027 | 6.65544e+01 8.29135e-03 | 1.25331e-02 1.07867e-01 1.39115e-01 |
   8028 | 6.65627e+01 8.29136e-03 | 1.25331e-02 1.07867e-01 1.39115e-01 |
   8029 | 6.65709e+01 8.29137e-03 | 1.25331e-02 1.07867e-01 1.39115e-01 |
   8030 | 6.65792e+01 8.29138e-03 | 1.25331e-02 1.07867e-01 1.39115e-01 |
   8031 | 6.65875e+01 8.29139e-03 | 1.25331e-02 1.07867e-01 1.39115e-01 |
   8032 | 6.65958e+01 8.29139e-03 | 1.25331e-02 1.07867e-01 1.39115e-01 |
   8033 | 6.66041e+01 8.29138e-03 | 1.25331e-02 1.07867e-01 1.39115e-01 |
   8034 | 6.66124e+01 8.29137e-03 | 1.25331e-02 1.07867e-01 1.39115e-01 |
   8035 | 6.66207e+01 8.29136e-03 | 1.25331e-02 1.07867e-01 1.39115e-01 |
   8036 | 6.66290e+01 8.29135e-03 | 1.25331e-02 1.07867e-01 1.39115e-01 |
   8037 | 6.66373e+01 8.29134e-03 | 1.25331e-02 1.07867e-01 1.39115e-01 |
   8038 | 6.66456e+01 8.29133e-03 | 1.25331e-02 1.07867e-01 1.39115e-01 |
   8039 | 6.66539e+01 8.29132e-03 | 1.25331e-02 1.07867e-01 1.39115e-01 |
   8040 | 6.66621e+01 8.29131e-03 | 1.25331e-02 1.07867e-01 1.39115e-01 |
   8041 | 6.66704e+01 8.29131e-03 | 1.25331e-02 1.07867e-01 1.39115e-01 |
   8042 | 6.66787e+01 8.29130e-03 | 1.25331e-02 1.07867e-01 1.39115e-01 |
   8043 | 6.66870e+01 8.29129e-03 | 1.25331e-02 1.07867e-01 1.39115e-01 |
   8044 | 6.66953e+01 8.29128e-03 | 1.25331e-02 1.07867e-01 1.39115e-01 |
   8045 | 6.67036e+01 8.29128e-03 | 1.25331e-02 1.07867e-01 1.39115e-01 |
   8046 | 6.67119e+01 8.29127e-03 | 1.25331e-02 1.07867e-01 1.39115e-01 |
   8047 | 6.67202e+01 8.29127e-03 | 1.25331e-02 1.07867e-01 1.39115e-01 |
   8048 | 6.67285e+01 8.29126e-03 | 1.25331e-02 1.07867e-01 1.39115e-01 |
   8049 | 6.67368e+01 8.29126e-03 | 1.25331e-02 1.07867e-01 1.39115e-01 |
   8050 | 6.67451e+01 8.29125e-03 | 1.25331e-02 1.07867e-01 1.39115e-01 |
   8051 | 6.67534e+01 8.29125e-03 | 1.25331e-02 1.07867e-01 1.39115e-01 |
   8052 | 6.67616e+01 8.29125e-03 | 1.25331e-02 1.07867e-01 1.39115e-01 |
   8053 | 6.67699e+01 8.29124e-03 | 1.25331e-02 1.07867e-01 1.39115e-01 |
   8054 | 6.67782e+01 8.29124e-03 | 1.25331e-02 1.07867e-01 1.39115e-01 |
   8055 | 6.67865e+01 8.29124e-03 | 1.25331e-02 1.07867e-01 1.39115e-01 |
   8056 | 6.67948e+01 8.29124e-03 | 1.25331e-02 1.07867e-01 1.39115e-01 |
   8057 | 6.68031e+01 8.29124e-03 | 1.25331e-02 1.07867e-01 1.39115e-01 |
   8058 | 6.68114e+01 8.29124e-03 | 1.25331e-02 1.07867e-01 1.39115e-01 |
   8059 | 6.68197e+01 8.29124e-03 | 1.25331e-02 1.07867e-01 1.39115e-01 |
   8060 | 6.68280e+01 8.29124e-03 | 1.25331e-02 1.07867e-01 1.39115e-01 |
   8061 | 6.68363e+01 8.29124e-03 | 1.25331e-02 1.07867e-01 1.39115e-01 |
   8062 | 6.68446e+01 8.29124e-03 | 1.25331e-02 1.07867e-01 1.39115e-01 |
   8063 | 6.68528e+01 8.29124e-03 | 1.25331e-02 1.07867e-01 1.39115e-01 |
   8064 | 6.68611e+01 8.29124e-03 | 1.25331e-02 1.07867e-01 1.39115e-01 |
   8065 | 6.68694e+01 8.29124e-03 | 1.25331e-02 1.07867e-01 1.39115e-01 |
   8066 | 6.68777e+01 8.29125e-03 | 1.25331e-02 1.07867e-01 1.39115e-01 |
   8067 | 6.68860e+01 8.29125e-03 | 1.25331e-02 1.07867e-01 1.39115e-01 |
   8068 | 6.68943e+01 8.29125e-03 | 1.25331e-02 1.07867e-01 1.39115e-01 |
   8069 | 6.69026e+01 8.29126e-03 | 1.25331e-02 1.07867e-01 1.39115e-01 |
   8070 | 6.69109e+01 8.29126e-03 | 1.25331e-02 1.07867e-01 1.39115e-01 |
   8071 | 6.69192e+01 8.29127e-03 | 1.25331e-02 1.07867e-01 1.39115e-01 |
   8072 | 6.69275e+01 8.29127e-03 | 1.25331e-02 1.07867e-01 1.39115e-01 |
   8073 | 6.69358e+01 8.29128e-03 | 1.25331e-02 1.07867e-01 1.39115e-01 |
   8074 | 6.69440e+01 8.29129e-03 | 1.25331e-02 1.07867e-01 1.39115e-01 |
   8075 | 6.69523e+01 8.29129e-03 | 1.25331e-02 1.07867e-01 1.39115e-01 |
   8076 | 6.69606e+01 8.29130e-03 | 1.25331e-02 1.07867e-01 1.39115e-01 |
   8077 | 6.69689e+01 8.29131e-03 | 1.25331e-02 1.07867e-01 1.39115e-01 |
   8078 | 6.69772e+01 8.29132e-03 | 1.25331e-02 1.07867e-01 1.39115e-01 |
   8079 | 6.69855e+01 8.29132e-03 | 1.25331e-02 1.07867e-01 1.39115e-01 |
   8080 | 6.69938e+01 8.29133e-03 | 1.25331e-02 1.07867e-01 1.39115e-01 |
   8081 | 6.70021e+01 8.29134e-03 | 1.25331e-02 1.07867e-01 1.39115e-01 |
   8082 | 6.70104e+01 8.29135e-03 | 1.25331e-02 1.07867e-01 1.39115e-01 |
   8083 | 6.70187e+01 8.29136e-03 | 1.25331e-02 1.07867e-01 1.39115e-01 |
   8084 | 6.70270e+01 8.29137e-03 | 1.25331e-02 1.07867e-01 1.39115e-01 |
   8085 | 6.70353e+01 8.29139e-03 | 1.25331e-02 1.07867e-01 1.39115e-01 |
   8086 | 6.70435e+01 8.29140e-03 | 1.25331e-02 1.07867e-01 1.39115e-01 |
   8087 | 6.70518e+01 8.29141e-03 | 1.25331e-02 1.07867e-01 1.39115e-01 |
   8088 | 6.70601e+01 8.29142e-03 | 1.25331e-02 1.07867e-01 1.39115e-01 |
   8089 | 6.70684e+01 8.29143e-03 | 1.25331e-02 1.07867e-01 1.39115e-01 |
   8090 | 6.70767e+01 8.29145e-03 | 1.25331e-02 1.07867e-01 1.39115e-01 |
   8091 | 6.70850e+01 8.29145e-03 | 1.25331e-02 1.07867e-01 1.39115e-01 |
   8092 | 6.70933e+01 8.29144e-03 | 1.25331e-02 1.07867e-01 1.39115e-01 |
   8093 | 6.71016e+01 8.29144e-03 | 1.25331e-02 1.07867e-01 1.39115e-01 |
   8094 | 6.71099e+01 8.29144e-03 | 1.25331e-02 1.07867e-01 1.39115e-01 |
   8095 | 6.71182e+01 8.29143e-03 | 1.25331e-02 1.07867e-01 1.39115e-01 |
   8096 | 6.71265e+01 8.29143e-03 | 1.25331e-02 1.07867e-01 1.39115e-01 |
   8097 | 6.71348e+01 8.29142e-03 | 1.25331e-02 1.07867e-01 1.39115e-01 |
   8098 | 6.71430e+01 8.29141e-03 | 1.25331e-02 1.07867e-01 1.39115e-01 |
   8099 | 6.71513e+01 8.29140e-03 | 1.25331e-02 1.07867e-01 1.39115e-01 |
   8100 | 6.71596e+01 8.29139e-03 | 1.25331e-02 1.07867e-01 1.39115e-01 |
   8101 | 6.71679e+01 8.29138e-03 | 1.25331e-02 1.07867e-01 1.39115e-01 |
   8102 | 6.71762e+01 8.29137e-03 | 1.25331e-02 1.07867e-01 1.39115e-01 |
   8103 | 6.71845e+01 8.29137e-03 | 1.25331e-02 1.07867e-01 1.39115e-01 |
   8104 | 6.71928e+01 8.29136e-03 | 1.25331e-02 1.07867e-01 1.39115e-01 |
   8105 | 6.72011e+01 8.29135e-03 | 1.25331e-02 1.07867e-01 1.39115e-01 |
   8106 | 6.72094e+01 8.29135e-03 | 1.25331e-02 1.07867e-01 1.39115e-01 |
   8107 | 6.72177e+01 8.29134e-03 | 1.25331e-02 1.07867e-01 1.39115e-01 |
   8108 | 6.72260e+01 8.29133e-03 | 1.25331e-02 1.07867e-01 1.39115e-01 |
   8109 | 6.72342e+01 8.29133e-03 | 1.25331e-02 1.07867e-01 1.39115e-01 |
   8110 | 6.72425e+01 8.29133e-03 | 1.25331e-02 1.07867e-01 1.39115e-01 |
   8111 | 6.72508e+01 8.29132e-03 | 1.25331e-02 1.07867e-01 1.39115e-01 |
   8112 | 6.72591e+01 8.29132e-03 | 1.25331e-02 1.07867e-01 1.39115e-01 |
   8113 | 6.72674e+01 8.29131e-03 | 1.25331e-02 1.07867e-01 1.39115e-01 |
   8114 | 6.72757e+01 8.29131e-03 | 1.25331e-02 1.07867e-01 1.39115e-01 |
   8115 | 6.72840e+01 8.29131e-03 | 1.25331e-02 1.07867e-01 1.39115e-01 |
   8116 | 6.72923e+01 8.29131e-03 | 1.25331e-02 1.07867e-01 1.39115e-01 |
   8117 | 6.73006e+01 8.29131e-03 | 1.25331e-02 1.07867e-01 1.39115e-01 |
   8118 | 6.73089e+01 8.29130e-03 | 1.25331e-02 1.07867e-01 1.39115e-01 |
   8119 | 6.73172e+01 8.29130e-03 | 1.25331e-02 1.07867e-01 1.39115e-01 |
   8120 | 6.73255e+01 8.29130e-03 | 1.25331e-02 1.07867e-01 1.39115e-01 |
   8121 | 6.73337e+01 8.29130e-03 | 1.25331e-02 1.07867e-01 1.39115e-01 |
   8122 | 6.73420e+01 8.29131e-03 | 1.25331e-02 1.07867e-01 1.39115e-01 |
   8123 | 6.73503e+01 8.29131e-03 | 1.25331e-02 1.07867e-01 1.39115e-01 |
   8124 | 6.73586e+01 8.29131e-03 | 1.25331e-02 1.07867e-01 1.39115e-01 |
   8125 | 6.73669e+01 8.29131e-03 | 1.25331e-02 1.07867e-01 1.39115e-01 |
   8126 | 6.73752e+01 8.29131e-03 | 1.25331e-02 1.07867e-01 1.39115e-01 |
   8127 | 6.73835e+01 8.29132e-03 | 1.25331e-02 1.07867e-01 1.39115e-01 |
   8128 | 6.73918e+01 8.29132e-03 | 1.25331e-02 1.07867e-01 1.39115e-01 |
   8129 | 6.74001e+01 8.29132e-03 | 1.25331e-02 1.07867e-01 1.39115e-01 |
   8130 | 6.74084e+01 8.29133e-03 | 1.25331e-02 1.07867e-01 1.39115e-01 |
   8131 | 6.74167e+01 8.29133e-03 | 1.25331e-02 1.07867e-01 1.39115e-01 |
   8132 | 6.74249e+01 8.29134e-03 | 1.25331e-02 1.07867e-01 1.39115e-01 |
   8133 | 6.74332e+01 8.29134e-03 | 1.25331e-02 1.07867e-01 1.39115e-01 |
   8134 | 6.74415e+01 8.29135e-03 | 1.25331e-02 1.07867e-01 1.39115e-01 |
   8135 | 6.74498e+01 8.29135e-03 | 1.25331e-02 1.07867e-01 1.39115e-01 |
   8136 | 6.74581e+01 8.29136e-03 | 1.25331e-02 1.07867e-01 1.39115e-01 |
   8137 | 6.74664e+01 8.29137e-03 | 1.25331e-02 1.07867e-01 1.39115e-01 |
   8138 | 6.74747e+01 8.29138e-03 | 1.25331e-02 1.07867e-01 1.39115e-01 |
   8139 | 6.74830e+01 8.29138e-03 | 1.25331e-02 1.07867e-01 1.39115e-01 |
   8140 | 6.74913e+01 8.29139e-03 | 1.25331e-02 1.07867e-01 1.39115e-01 |
   8141 | 6.74996e+01 8.29138e-03 | 1.25331e-02 1.07867e-01 1.39115e-01 |
   8142 | 6.75079e+01 8.29137e-03 | 1.25331e-02 1.07867e-01 1.39115e-01 |
   8143 | 6.75162e+01 8.29136e-03 | 1.25331e-02 1.07867e-01 1.39115e-01 |
   8144 | 6.75244e+01 8.29135e-03 | 1.25331e-02 1.07867e-01 1.39115e-01 |
   8145 | 6.75327e+01 8.29135e-03 | 1.25331e-02 1.07867e-01 1.39115e-01 |
   8146 | 6.75410e+01 8.29134e-03 | 1.25331e-02 1.07867e-01 1.39115e-01 |
   8147 | 6.75493e+01 8.29133e-03 | 1.25331e-02 1.07867e-01 1.39115e-01 |
   8148 | 6.75576e+01 8.29133e-03 | 1.25331e-02 1.07867e-01 1.39115e-01 |
   8149 | 6.75659e+01 8.29132e-03 | 1.25331e-02 1.07867e-01 1.39115e-01 |
   8150 | 6.75742e+01 8.29131e-03 | 1.25331e-02 1.07867e-01 1.39115e-01 |
   8151 | 6.75825e+01 8.29131e-03 | 1.25331e-02 1.07867e-01 1.39115e-01 |
   8152 | 6.75908e+01 8.29130e-03 | 1.25331e-02 1.07867e-01 1.39115e-01 |
   8153 | 6.75991e+01 8.29130e-03 | 1.25331e-02 1.07867e-01 1.39115e-01 |
   8154 | 6.76074e+01 8.29130e-03 | 1.25331e-02 1.07867e-01 1.39115e-01 |
   8155 | 6.76156e+01 8.29129e-03 | 1.25331e-02 1.07867e-01 1.39115e-01 |
   8156 | 6.76239e+01 8.29129e-03 | 1.25331e-02 1.07867e-01 1.39115e-01 |
   8157 | 6.76322e+01 8.29129e-03 | 1.25331e-02 1.07867e-01 1.39115e-01 |
   8158 | 6.76405e+01 8.29129e-03 | 1.25331e-02 1.07867e-01 1.39115e-01 |
   8159 | 6.76488e+01 8.29128e-03 | 1.25331e-02 1.07867e-01 1.39115e-01 |
   8160 | 6.76571e+01 8.29128e-03 | 1.25331e-02 1.07867e-01 1.39115e-01 |
   8161 | 6.76654e+01 8.29128e-03 | 1.25331e-02 1.07867e-01 1.39115e-01 |
   8162 | 6.76737e+01 8.29128e-03 | 1.25331e-02 1.07867e-01 1.39115e-01 |
   8163 | 6.76820e+01 8.29128e-03 | 1.25331e-02 1.07867e-01 1.39115e-01 |
   8164 | 6.76903e+01 8.29128e-03 | 1.25331e-02 1.07867e-01 1.39115e-01 |
   8165 | 6.76986e+01 8.29128e-03 | 1.25331e-02 1.07867e-01 1.39115e-01 |
   8166 | 6.77069e+01 8.29128e-03 | 1.25331e-02 1.07867e-01 1.39115e-01 |
   8167 | 6.77151e+01 8.29129e-03 | 1.25331e-02 1.07867e-01 1.39115e-01 |
   8168 | 6.77234e+01 8.29129e-03 | 1.25331e-02 1.07867e-01 1.39115e-01 |
   8169 | 6.77317e+01 8.29129e-03 | 1.25331e-02 1.07867e-01 1.39115e-01 |
   8170 | 6.77400e+01 8.29129e-03 | 1.25331e-02 1.07867e-01 1.39115e-01 |
   8171 | 6.77483e+01 8.29130e-03 | 1.25331e-02 1.07867e-01 1.39115e-01 |
   8172 | 6.77566e+01 8.29130e-03 | 1.25331e-02 1.07867e-01 1.39115e-01 |
   8173 | 6.77649e+01 8.29131e-03 | 1.25331e-02 1.07867e-01 1.39115e-01 |
   8174 | 6.77732e+01 8.29131e-03 | 1.25331e-02 1.07867e-01 1.39115e-01 |
   8175 | 6.77815e+01 8.29132e-03 | 1.25331e-02 1.07867e-01 1.39115e-01 |
   8176 | 6.77898e+01 8.29132e-03 | 1.25331e-02 1.07867e-01 1.39115e-01 |
   8177 | 6.77981e+01 8.29133e-03 | 1.25331e-02 1.07867e-01 1.39115e-01 |
   8178 | 6.78063e+01 8.29134e-03 | 1.25331e-02 1.07867e-01 1.39115e-01 |
   8179 | 6.78146e+01 8.29134e-03 | 1.25331e-02 1.07867e-01 1.39115e-01 |
   8180 | 6.78229e+01 8.29134e-03 | 1.25331e-02 1.07867e-01 1.39115e-01 |
   8181 | 6.78312e+01 8.29134e-03 | 1.25331e-02 1.07867e-01 1.39115e-01 |
   8182 | 6.78395e+01 8.29134e-03 | 1.25331e-02 1.07867e-01 1.39115e-01 |
   8183 | 6.78478e+01 8.29135e-03 | 1.25331e-02 1.07867e-01 1.39115e-01 |
   8184 | 6.78561e+01 8.29135e-03 | 1.25331e-02 1.07867e-01 1.39115e-01 |
   8185 | 6.78644e+01 8.29135e-03 | 1.25331e-02 1.07867e-01 1.39115e-01 |
   8186 | 6.78727e+01 8.29136e-03 | 1.25331e-02 1.07867e-01 1.39115e-01 |
   8187 | 6.78810e+01 8.29136e-03 | 1.25331e-02 1.07867e-01 1.39115e-01 |
   8188 | 6.78893e+01 8.29136e-03 | 1.25331e-02 1.07867e-01 1.39115e-01 |
   8189 | 6.78976e+01 8.29137e-03 | 1.25331e-02 1.07867e-01 1.39115e-01 |
   8190 | 6.79058e+01 8.29138e-03 | 1.25331e-02 1.07867e-01 1.39115e-01 |
   8191 | 6.79141e+01 8.29138e-03 | 1.25331e-02 1.07867e-01 1.39115e-01 |
   8192 | 6.79224e+01 8.29139e-03 | 1.25331e-02 1.07867e-01 1.39115e-01 |
   8193 | 6.79307e+01 8.29140e-03 | 1.25331e-02 1.07867e-01 1.39115e-01 |
   8194 | 6.79390e+01 8.29140e-03 | 1.25331e-02 1.07867e-01 1.39115e-01 |
   8195 | 6.79473e+01 8.29141e-03 | 1.25331e-02 1.07867e-01 1.39115e-01 |
   8196 | 6.79556e+01 8.29140e-03 | 1.25331e-02 1.07867e-01 1.39115e-01 |
   8197 | 6.79639e+01 8.29139e-03 | 1.25331e-02 1.07867e-01 1.39115e-01 |
   8198 | 6.79722e+01 8.29138e-03 | 1.25331e-02 1.07867e-01 1.39115e-01 |
   8199 | 6.79805e+01 8.29138e-03 | 1.25331e-02 1.07867e-01 1.39115e-01 |
   8200 | 6.79888e+01 8.29137e-03 | 1.25331e-02 1.07867e-01 1.39115e-01 |
   8201 | 6.79970e+01 8.29136e-03 | 1.25331e-02 1.07867e-01 1.39115e-01 |
   8202 | 6.80053e+01 8.29136e-03 | 1.25331e-02 1.07867e-01 1.39115e-01 |
   8203 | 6.80136e+01 8.29135e-03 | 1.25331e-02 1.07867e-01 1.39115e-01 |
   8204 | 6.80219e+01 8.29135e-03 | 1.25331e-02 1.07867e-01 1.39115e-01 |
   8205 | 6.80302e+01 8.29134e-03 | 1.25331e-02 1.07867e-01 1.39115e-01 |
   8206 | 6.80385e+01 8.29134e-03 | 1.25331e-02 1.07867e-01 1.39115e-01 |
   8207 | 6.80468e+01 8.29133e-03 | 1.25331e-02 1.07867e-01 1.39115e-01 |
   8208 | 6.80551e+01 8.29133e-03 | 1.25331e-02 1.07867e-01 1.39115e-01 |
   8209 | 6.80634e+01 8.29133e-03 | 1.25331e-02 1.07867e-01 1.39115e-01 |
   8210 | 6.80717e+01 8.29132e-03 | 1.25331e-02 1.07867e-01 1.39115e-01 |
   8211 | 6.80800e+01 8.29132e-03 | 1.25331e-02 1.07867e-01 1.39115e-01 |
   8212 | 6.80883e+01 8.29132e-03 | 1.25331e-02 1.07867e-01 1.39115e-01 |
   8213 | 6.80965e+01 8.29132e-03 | 1.25331e-02 1.07867e-01 1.39115e-01 |
   8214 | 6.81048e+01 8.29132e-03 | 1.25331e-02 1.07867e-01 1.39115e-01 |
   8215 | 6.81131e+01 8.29132e-03 | 1.25331e-02 1.07867e-01 1.39115e-01 |
   8216 | 6.81214e+01 8.29132e-03 | 1.25331e-02 1.07867e-01 1.39115e-01 |
   8217 | 6.81297e+01 8.29132e-03 | 1.25331e-02 1.07867e-01 1.39115e-01 |
   8218 | 6.81380e+01 8.29132e-03 | 1.25331e-02 1.07867e-01 1.39115e-01 |
   8219 | 6.81463e+01 8.29132e-03 | 1.25331e-02 1.07867e-01 1.39115e-01 |
   8220 | 6.81546e+01 8.29132e-03 | 1.25331e-02 1.07867e-01 1.39115e-01 |
   8221 | 6.81629e+01 8.29131e-03 | 1.25331e-02 1.07867e-01 1.39115e-01 |
   8222 | 6.81712e+01 8.29131e-03 | 1.25331e-02 1.07867e-01 1.39115e-01 |
   8223 | 6.81795e+01 8.29131e-03 | 1.25331e-02 1.07867e-01 1.39115e-01 |
   8224 | 6.81878e+01 8.29130e-03 | 1.25331e-02 1.07867e-01 1.39115e-01 |
   8225 | 6.81960e+01 8.29130e-03 | 1.25331e-02 1.07867e-01 1.39115e-01 |
   8226 | 6.82043e+01 8.29130e-03 | 1.25331e-02 1.07867e-01 1.39115e-01 |
   8227 | 6.82126e+01 8.29130e-03 | 1.25331e-02 1.07867e-01 1.39115e-01 |
   8228 | 6.82209e+01 8.29130e-03 | 1.25331e-02 1.07867e-01 1.39115e-01 |
   8229 | 6.82292e+01 8.29130e-03 | 1.25331e-02 1.07867e-01 1.39115e-01 |
   8230 | 6.82375e+01 8.29130e-03 | 1.25331e-02 1.07867e-01 1.39115e-01 |
   8231 | 6.82458e+01 8.29130e-03 | 1.25331e-02 1.07867e-01 1.39115e-01 |
   8232 | 6.82541e+01 8.29130e-03 | 1.25331e-02 1.07867e-01 1.39115e-01 |
   8233 | 6.82624e+01 8.29130e-03 | 1.25331e-02 1.07867e-01 1.39115e-01 |
   8234 | 6.82707e+01 8.29130e-03 | 1.25331e-02 1.07867e-01 1.39115e-01 |
   8235 | 6.82790e+01 8.29130e-03 | 1.25331e-02 1.07867e-01 1.39115e-01 |
   8236 | 6.82872e+01 8.29130e-03 | 1.25331e-02 1.07867e-01 1.39115e-01 |
   8237 | 6.82955e+01 8.29131e-03 | 1.25331e-02 1.07867e-01 1.39115e-01 |
   8238 | 6.83038e+01 8.29131e-03 | 1.25331e-02 1.07867e-01 1.39115e-01 |
   8239 | 6.83121e+01 8.29131e-03 | 1.25331e-02 1.07867e-01 1.39115e-01 |
   8240 | 6.83204e+01 8.29132e-03 | 1.25331e-02 1.07867e-01 1.39115e-01 |
   8241 | 6.83287e+01 8.29132e-03 | 1.25331e-02 1.07867e-01 1.39115e-01 |
   8242 | 6.83370e+01 8.29133e-03 | 1.25331e-02 1.07867e-01 1.39115e-01 |
   8243 | 6.83453e+01 8.29133e-03 | 1.25331e-02 1.07867e-01 1.39115e-01 |
   8244 | 6.83536e+01 8.29134e-03 | 1.25331e-02 1.07867e-01 1.39115e-01 |
   8245 | 6.83619e+01 8.29135e-03 | 1.25331e-02 1.07867e-01 1.39115e-01 |
   8246 | 6.83702e+01 8.29135e-03 | 1.25331e-02 1.07867e-01 1.39115e-01 |
   8247 | 6.83785e+01 8.29136e-03 | 1.25331e-02 1.07867e-01 1.39115e-01 |
   8248 | 6.83867e+01 8.29137e-03 | 1.25331e-02 1.07867e-01 1.39115e-01 |
   8249 | 6.83950e+01 8.29138e-03 | 1.25331e-02 1.07867e-01 1.39115e-01 |
   8250 | 6.84033e+01 8.29139e-03 | 1.25331e-02 1.07867e-01 1.39115e-01 |
   8251 | 6.84116e+01 8.29139e-03 | 1.25331e-02 1.07867e-01 1.39115e-01 |
   8252 | 6.84199e+01 8.29138e-03 | 1.25331e-02 1.07867e-01 1.39115e-01 |
   8253 | 6.84282e+01 8.29137e-03 | 1.25331e-02 1.07867e-01 1.39115e-01 |
   8254 | 6.84365e+01 8.29136e-03 | 1.25331e-02 1.07867e-01 1.39115e-01 |
   8255 | 6.84448e+01 8.29135e-03 | 1.25331e-02 1.07867e-01 1.39115e-01 |
   8256 | 6.84531e+01 8.29135e-03 | 1.25331e-02 1.07867e-01 1.39115e-01 |
   8257 | 6.84614e+01 8.29134e-03 | 1.25331e-02 1.07867e-01 1.39115e-01 |
   8258 | 6.84697e+01 8.29133e-03 | 1.25331e-02 1.07867e-01 1.39115e-01 |
   8259 | 6.84779e+01 8.29133e-03 | 1.25331e-02 1.07867e-01 1.39115e-01 |
   8260 | 6.84862e+01 8.29132e-03 | 1.25331e-02 1.07867e-01 1.39115e-01 |
   8261 | 6.84945e+01 8.29132e-03 | 1.25331e-02 1.07867e-01 1.39115e-01 |
   8262 | 6.85028e+01 8.29131e-03 | 1.25331e-02 1.07867e-01 1.39115e-01 |
   8263 | 6.85111e+01 8.29131e-03 | 1.25331e-02 1.07867e-01 1.39115e-01 |
   8264 | 6.85194e+01 8.29130e-03 | 1.25331e-02 1.07867e-01 1.39115e-01 |
   8265 | 6.85277e+01 8.29130e-03 | 1.25331e-02 1.07867e-01 1.39115e-01 |
   8266 | 6.85360e+01 8.29130e-03 | 1.25331e-02 1.07867e-01 1.39115e-01 |
   8267 | 6.85443e+01 8.29129e-03 | 1.25331e-02 1.07867e-01 1.39115e-01 |
   8268 | 6.85526e+01 8.29129e-03 | 1.25331e-02 1.07867e-01 1.39115e-01 |
   8269 | 6.85609e+01 8.29129e-03 | 1.25331e-02 1.07867e-01 1.39115e-01 |
   8270 | 6.85692e+01 8.29129e-03 | 1.25331e-02 1.07867e-01 1.39115e-01 |
   8271 | 6.85774e+01 8.29129e-03 | 1.25331e-02 1.07867e-01 1.39115e-01 |
   8272 | 6.85857e+01 8.29129e-03 | 1.25331e-02 1.07867e-01 1.39115e-01 |
   8273 | 6.85940e+01 8.29129e-03 | 1.25331e-02 1.07867e-01 1.39115e-01 |
   8274 | 6.86023e+01 8.29129e-03 | 1.25331e-02 1.07867e-01 1.39115e-01 |
   8275 | 6.86106e+01 8.29129e-03 | 1.25331e-02 1.07867e-01 1.39115e-01 |
   8276 | 6.86189e+01 8.29129e-03 | 1.25331e-02 1.07867e-01 1.39115e-01 |
   8277 | 6.86272e+01 8.29129e-03 | 1.25331e-02 1.07867e-01 1.39115e-01 |
   8278 | 6.86355e+01 8.29130e-03 | 1.25331e-02 1.07867e-01 1.39115e-01 |
   8279 | 6.86438e+01 8.29130e-03 | 1.25331e-02 1.07867e-01 1.39115e-01 |
   8280 | 6.86521e+01 8.29130e-03 | 1.25331e-02 1.07867e-01 1.39115e-01 |
   8281 | 6.86604e+01 8.29131e-03 | 1.25331e-02 1.07867e-01 1.39115e-01 |
   8282 | 6.86686e+01 8.29131e-03 | 1.25331e-02 1.07867e-01 1.39115e-01 |
   8283 | 6.86769e+01 8.29131e-03 | 1.25331e-02 1.07867e-01 1.39115e-01 |
   8284 | 6.86852e+01 8.29132e-03 | 1.25331e-02 1.07867e-01 1.39115e-01 |
   8285 | 6.86935e+01 8.29132e-03 | 1.25331e-02 1.07867e-01 1.39115e-01 |
   8286 | 6.87018e+01 8.29133e-03 | 1.25331e-02 1.07867e-01 1.39115e-01 |
   8287 | 6.87101e+01 8.29134e-03 | 1.25331e-02 1.07867e-01 1.39115e-01 |
   8288 | 6.87184e+01 8.29134e-03 | 1.25331e-02 1.07867e-01 1.39115e-01 |
   8289 | 6.87267e+01 8.29135e-03 | 1.25331e-02 1.07867e-01 1.39115e-01 |
   8290 | 6.87350e+01 8.29136e-03 | 1.25331e-02 1.07867e-01 1.39115e-01 |
   8291 | 6.87433e+01 8.29137e-03 | 1.25331e-02 1.07867e-01 1.39115e-01 |
   8292 | 6.87516e+01 8.29137e-03 | 1.25331e-02 1.07867e-01 1.39115e-01 |
   8293 | 6.87599e+01 8.29138e-03 | 1.25331e-02 1.07867e-01 1.39115e-01 |
   8294 | 6.87681e+01 8.29139e-03 | 1.25331e-02 1.07867e-01 1.39115e-01 |
   8295 | 6.87764e+01 8.29140e-03 | 1.25331e-02 1.07867e-01 1.39115e-01 |
   8296 | 6.87847e+01 8.29141e-03 | 1.25331e-02 1.07867e-01 1.39115e-01 |
   8297 | 6.87930e+01 8.29142e-03 | 1.25331e-02 1.07867e-01 1.39115e-01 |
   8298 | 6.88013e+01 8.29143e-03 | 1.25331e-02 1.07867e-01 1.39115e-01 |
   8299 | 6.88096e+01 8.29145e-03 | 1.25331e-02 1.07867e-01 1.39115e-01 |
   8300 | 6.88179e+01 8.29146e-03 | 1.25331e-02 1.07867e-01 1.39115e-01 |
   8301 | 6.88262e+01 8.29146e-03 | 1.25331e-02 1.07867e-01 1.39115e-01 |
   8302 | 6.88345e+01 8.29144e-03 | 1.25331e-02 1.07867e-01 1.39115e-01 |
   8303 | 6.88428e+01 8.29143e-03 | 1.25331e-02 1.07867e-01 1.39115e-01 |
   8304 | 6.88511e+01 8.29142e-03 | 1.25331e-02 1.07867e-01 1.39115e-01 |
   8305 | 6.88593e+01 8.29141e-03 | 1.25331e-02 1.07867e-01 1.39115e-01 |
   8306 | 6.88676e+01 8.29139e-03 | 1.25331e-02 1.07867e-01 1.39115e-01 |
   8307 | 6.88759e+01 8.29138e-03 | 1.25331e-02 1.07867e-01 1.39115e-01 |
   8308 | 6.88842e+01 8.29137e-03 | 1.25331e-02 1.07867e-01 1.39115e-01 |
   8309 | 6.88925e+01 8.29136e-03 | 1.25331e-02 1.07867e-01 1.39115e-01 |
   8310 | 6.89008e+01 8.29135e-03 | 1.25331e-02 1.07867e-01 1.39115e-01 |
   8311 | 6.89091e+01 8.29134e-03 | 1.25331e-02 1.07867e-01 1.39115e-01 |
   8312 | 6.89174e+01 8.29133e-03 | 1.25331e-02 1.07867e-01 1.39115e-01 |
   8313 | 6.89257e+01 8.29132e-03 | 1.25331e-02 1.07867e-01 1.39115e-01 |
   8314 | 6.89340e+01 8.29131e-03 | 1.25331e-02 1.07867e-01 1.39115e-01 |
   8315 | 6.89423e+01 8.29131e-03 | 1.25331e-02 1.07867e-01 1.39115e-01 |
   8316 | 6.89506e+01 8.29130e-03 | 1.25331e-02 1.07867e-01 1.39115e-01 |
   8317 | 6.89588e+01 8.29129e-03 | 1.25331e-02 1.07867e-01 1.39115e-01 |
   8318 | 6.89671e+01 8.29128e-03 | 1.25331e-02 1.07867e-01 1.39115e-01 |
   8319 | 6.89754e+01 8.29128e-03 | 1.25331e-02 1.07867e-01 1.39115e-01 |
   8320 | 6.89837e+01 8.29127e-03 | 1.25331e-02 1.07867e-01 1.39115e-01 |
   8321 | 6.89920e+01 8.29127e-03 | 1.25331e-02 1.07867e-01 1.39115e-01 |
   8322 | 6.90003e+01 8.29126e-03 | 1.25331e-02 1.07867e-01 1.39115e-01 |
   8323 | 6.90086e+01 8.29126e-03 | 1.25331e-02 1.07867e-01 1.39115e-01 |
   8324 | 6.90169e+01 8.29125e-03 | 1.25331e-02 1.07867e-01 1.39115e-01 |
   8325 | 6.90252e+01 8.29125e-03 | 1.25331e-02 1.07867e-01 1.39115e-01 |
   8326 | 6.90335e+01 8.29124e-03 | 1.25331e-02 1.07867e-01 1.39115e-01 |
   8327 | 6.90418e+01 8.29124e-03 | 1.25331e-02 1.07867e-01 1.39115e-01 |
   8328 | 6.90500e+01 8.29124e-03 | 1.25331e-02 1.07867e-01 1.39115e-01 |
   8329 | 6.90583e+01 8.29124e-03 | 1.25331e-02 1.07867e-01 1.39115e-01 |
   8330 | 6.90666e+01 8.29124e-03 | 1.25331e-02 1.07867e-01 1.39115e-01 |
   8331 | 6.90749e+01 8.29123e-03 | 1.25331e-02 1.07867e-01 1.39115e-01 |
   8332 | 6.90832e+01 8.29123e-03 | 1.25331e-02 1.07867e-01 1.39115e-01 |
   8333 | 6.90915e+01 8.29123e-03 | 1.25331e-02 1.07867e-01 1.39115e-01 |
   8334 | 6.90998e+01 8.29123e-03 | 1.25331e-02 1.07867e-01 1.39115e-01 |
   8335 | 6.91081e+01 8.29123e-03 | 1.25331e-02 1.07867e-01 1.39115e-01 |
   8336 | 6.91164e+01 8.29124e-03 | 1.25331e-02 1.07867e-01 1.39115e-01 |
   8337 | 6.91247e+01 8.29124e-03 | 1.25331e-02 1.07867e-01 1.39115e-01 |
   8338 | 6.91330e+01 8.29124e-03 | 1.25331e-02 1.07867e-01 1.39115e-01 |
   8339 | 6.91413e+01 8.29124e-03 | 1.25331e-02 1.07867e-01 1.39115e-01 |
   8340 | 6.91495e+01 8.29124e-03 | 1.25331e-02 1.07867e-01 1.39115e-01 |
   8341 | 6.91578e+01 8.29125e-03 | 1.25331e-02 1.07867e-01 1.39115e-01 |
   8342 | 6.91661e+01 8.29125e-03 | 1.25331e-02 1.07867e-01 1.39115e-01 |
   8343 | 6.91744e+01 8.29126e-03 | 1.25331e-02 1.07867e-01 1.39115e-01 |
   8344 | 6.91827e+01 8.29126e-03 | 1.25331e-02 1.07867e-01 1.39115e-01 |
   8345 | 6.91910e+01 8.29127e-03 | 1.25331e-02 1.07867e-01 1.39115e-01 |
   8346 | 6.91993e+01 8.29127e-03 | 1.25331e-02 1.07867e-01 1.39115e-01 |
   8347 | 6.92076e+01 8.29128e-03 | 1.25331e-02 1.07867e-01 1.39115e-01 |
   8348 | 6.92159e+01 8.29128e-03 | 1.25331e-02 1.07867e-01 1.39115e-01 |
   8349 | 6.92242e+01 8.29129e-03 | 1.25331e-02 1.07867e-01 1.39115e-01 |
   8350 | 6.92325e+01 8.29130e-03 | 1.25331e-02 1.07867e-01 1.39115e-01 |
   8351 | 6.92407e+01 8.29130e-03 | 1.25331e-02 1.07867e-01 1.39115e-01 |
   8352 | 6.92490e+01 8.29131e-03 | 1.25331e-02 1.07867e-01 1.39115e-01 |
   8353 | 6.92573e+01 8.29132e-03 | 1.25331e-02 1.07867e-01 1.39115e-01 |
   8354 | 6.92656e+01 8.29133e-03 | 1.25331e-02 1.07867e-01 1.39115e-01 |
   8355 | 6.92739e+01 8.29134e-03 | 1.25331e-02 1.07867e-01 1.39115e-01 |
   8356 | 6.92822e+01 8.29135e-03 | 1.25331e-02 1.07867e-01 1.39115e-01 |
   8357 | 6.92905e+01 8.29136e-03 | 1.25331e-02 1.07867e-01 1.39115e-01 |
   8358 | 6.92988e+01 8.29137e-03 | 1.25331e-02 1.07867e-01 1.39115e-01 |
   8359 | 6.93071e+01 8.29138e-03 | 1.25331e-02 1.07867e-01 1.39115e-01 |
   8360 | 6.93154e+01 8.29139e-03 | 1.25331e-02 1.07867e-01 1.39115e-01 |
   8361 | 6.93237e+01 8.29138e-03 | 1.25331e-02 1.07867e-01 1.39115e-01 |
   8362 | 6.93320e+01 8.29137e-03 | 1.25331e-02 1.07867e-01 1.39115e-01 |
   8363 | 6.93402e+01 8.29136e-03 | 1.25331e-02 1.07867e-01 1.39115e-01 |
   8364 | 6.93485e+01 8.29135e-03 | 1.25331e-02 1.07867e-01 1.39115e-01 |
   8365 | 6.93568e+01 8.29134e-03 | 1.25331e-02 1.07867e-01 1.39115e-01 |
   8366 | 6.93651e+01 8.29133e-03 | 1.25331e-02 1.07867e-01 1.39115e-01 |
   8367 | 6.93734e+01 8.29132e-03 | 1.25331e-02 1.07867e-01 1.39115e-01 |
   8368 | 6.93817e+01 8.29132e-03 | 1.25331e-02 1.07867e-01 1.39115e-01 |
   8369 | 6.93900e+01 8.29131e-03 | 1.25331e-02 1.07867e-01 1.39115e-01 |
   8370 | 6.93983e+01 8.29130e-03 | 1.25331e-02 1.07867e-01 1.39115e-01 |
   8371 | 6.94066e+01 8.29129e-03 | 1.25331e-02 1.07867e-01 1.39115e-01 |
   8372 | 6.94149e+01 8.29129e-03 | 1.25331e-02 1.07867e-01 1.39115e-01 |
   8373 | 6.94232e+01 8.29128e-03 | 1.25331e-02 1.07867e-01 1.39115e-01 |
   8374 | 6.94314e+01 8.29127e-03 | 1.25331e-02 1.07867e-01 1.39115e-01 |
   8375 | 6.94397e+01 8.29127e-03 | 1.25331e-02 1.07867e-01 1.39115e-01 |
   8376 | 6.94480e+01 8.29126e-03 | 1.25331e-02 1.07867e-01 1.39115e-01 |
   8377 | 6.94563e+01 8.29126e-03 | 1.25331e-02 1.07867e-01 1.39115e-01 |
   8378 | 6.94646e+01 8.29126e-03 | 1.25331e-02 1.07867e-01 1.39115e-01 |
   8379 | 6.94729e+01 8.29125e-03 | 1.25331e-02 1.07867e-01 1.39115e-01 |
   8380 | 6.94812e+01 8.29125e-03 | 1.25331e-02 1.07867e-01 1.39115e-01 |
   8381 | 6.94895e+01 8.29125e-03 | 1.25331e-02 1.07867e-01 1.39115e-01 |
   8382 | 6.94978e+01 8.29125e-03 | 1.25331e-02 1.07867e-01 1.39115e-01 |
   8383 | 6.95061e+01 8.29124e-03 | 1.25331e-02 1.07867e-01 1.39115e-01 |
   8384 | 6.95144e+01 8.29124e-03 | 1.25331e-02 1.07867e-01 1.39115e-01 |
   8385 | 6.95227e+01 8.29124e-03 | 1.25331e-02 1.07867e-01 1.39115e-01 |
   8386 | 6.95309e+01 8.29124e-03 | 1.25331e-02 1.07867e-01 1.39115e-01 |
   8387 | 6.95392e+01 8.29124e-03 | 1.25331e-02 1.07867e-01 1.39115e-01 |
   8388 | 6.95475e+01 8.29124e-03 | 1.25331e-02 1.07867e-01 1.39115e-01 |
   8389 | 6.95558e+01 8.29124e-03 | 1.25331e-02 1.07867e-01 1.39115e-01 |
   8390 | 6.95641e+01 8.29124e-03 | 1.25331e-02 1.07867e-01 1.39115e-01 |
   8391 | 6.95724e+01 8.29125e-03 | 1.25331e-02 1.07867e-01 1.39115e-01 |
   8392 | 6.95807e+01 8.29125e-03 | 1.25331e-02 1.07867e-01 1.39115e-01 |
   8393 | 6.95890e+01 8.29125e-03 | 1.25331e-02 1.07867e-01 1.39115e-01 |
   8394 | 6.95973e+01 8.29125e-03 | 1.25331e-02 1.07867e-01 1.39115e-01 |
   8395 | 6.96056e+01 8.29126e-03 | 1.25331e-02 1.07867e-01 1.39115e-01 |
   8396 | 6.96139e+01 8.29126e-03 | 1.25331e-02 1.07867e-01 1.39115e-01 |
   8397 | 6.96221e+01 8.29127e-03 | 1.25331e-02 1.07867e-01 1.39115e-01 |
   8398 | 6.96304e+01 8.29127e-03 | 1.25331e-02 1.07867e-01 1.39115e-01 |
   8399 | 6.96387e+01 8.29128e-03 | 1.25331e-02 1.07867e-01 1.39115e-01 |
   8400 | 6.96470e+01 8.29128e-03 | 1.25331e-02 1.07867e-01 1.39115e-01 |
   8401 | 6.96553e+01 8.29129e-03 | 1.25331e-02 1.07867e-01 1.39115e-01 |
   8402 | 6.96636e+01 8.29129e-03 | 1.25331e-02 1.07867e-01 1.39115e-01 |
   8403 | 6.96719e+01 8.29130e-03 | 1.25331e-02 1.07867e-01 1.39115e-01 |
   8404 | 6.96802e+01 8.29131e-03 | 1.25331e-02 1.07867e-01 1.39115e-01 |
   8405 | 6.96885e+01 8.29132e-03 | 1.25331e-02 1.07867e-01 1.39115e-01 |
   8406 | 6.96968e+01 8.29132e-03 | 1.25331e-02 1.07867e-01 1.39115e-01 |
   8407 | 6.97051e+01 8.29133e-03 | 1.25331e-02 1.07867e-01 1.39115e-01 |
   8408 | 6.97134e+01 8.29134e-03 | 1.25331e-02 1.07867e-01 1.39115e-01 |
   8409 | 6.97216e+01 8.29135e-03 | 1.25331e-02 1.07867e-01 1.39115e-01 |
   8410 | 6.97299e+01 8.29136e-03 | 1.25331e-02 1.07867e-01 1.39115e-01 |
   8411 | 6.97382e+01 8.29137e-03 | 1.25331e-02 1.07867e-01 1.39115e-01 |
   8412 | 6.97465e+01 8.29138e-03 | 1.25331e-02 1.07867e-01 1.39115e-01 |
   8413 | 6.97548e+01 8.29140e-03 | 1.25331e-02 1.07867e-01 1.39115e-01 |
   8414 | 6.97631e+01 8.29141e-03 | 1.25331e-02 1.07867e-01 1.39115e-01 |
   8415 | 6.97714e+01 8.29141e-03 | 1.25331e-02 1.07867e-01 1.39115e-01 |
   8416 | 6.97797e+01 8.29139e-03 | 1.25331e-02 1.07867e-01 1.39115e-01 |
   8417 | 6.97880e+01 8.29138e-03 | 1.25331e-02 1.07867e-01 1.39115e-01 |
   8418 | 6.97963e+01 8.29137e-03 | 1.25331e-02 1.07867e-01 1.39115e-01 |
   8419 | 6.98046e+01 8.29136e-03 | 1.25331e-02 1.07867e-01 1.39115e-01 |
   8420 | 6.98128e+01 8.29135e-03 | 1.25331e-02 1.07867e-01 1.39115e-01 |
   8421 | 6.98211e+01 8.29134e-03 | 1.25331e-02 1.07867e-01 1.39115e-01 |
   8422 | 6.98294e+01 8.29133e-03 | 1.25331e-02 1.07867e-01 1.39115e-01 |
   8423 | 6.98377e+01 8.29132e-03 | 1.25331e-02 1.07867e-01 1.39115e-01 |
   8424 | 6.98460e+01 8.29131e-03 | 1.25331e-02 1.07867e-01 1.39115e-01 |
   8425 | 6.98543e+01 8.29131e-03 | 1.25331e-02 1.07867e-01 1.39115e-01 |
   8426 | 6.98626e+01 8.29130e-03 | 1.25331e-02 1.07867e-01 1.39115e-01 |
   8427 | 6.98709e+01 8.29129e-03 | 1.25331e-02 1.07867e-01 1.39115e-01 |
   8428 | 6.98792e+01 8.29128e-03 | 1.25331e-02 1.07867e-01 1.39115e-01 |
   8429 | 6.98875e+01 8.29128e-03 | 1.25331e-02 1.07867e-01 1.39115e-01 |
   8430 | 6.98958e+01 8.29127e-03 | 1.25331e-02 1.07867e-01 1.39115e-01 |
   8431 | 6.99041e+01 8.29127e-03 | 1.25331e-02 1.07867e-01 1.39115e-01 |
   8432 | 6.99123e+01 8.29126e-03 | 1.25331e-02 1.07867e-01 1.39115e-01 |
   8433 | 6.99206e+01 8.29126e-03 | 1.25331e-02 1.07867e-01 1.39115e-01 |
   8434 | 6.99289e+01 8.29125e-03 | 1.25331e-02 1.07867e-01 1.39115e-01 |
   8435 | 6.99372e+01 8.29125e-03 | 1.25331e-02 1.07867e-01 1.39115e-01 |
   8436 | 6.99455e+01 8.29125e-03 | 1.25331e-02 1.07867e-01 1.39115e-01 |
   8437 | 6.99538e+01 8.29124e-03 | 1.25331e-02 1.07867e-01 1.39115e-01 |
   8438 | 6.99621e+01 8.29124e-03 | 1.25331e-02 1.07867e-01 1.39115e-01 |
   8439 | 6.99704e+01 8.29124e-03 | 1.25331e-02 1.07867e-01 1.39115e-01 |
   8440 | 6.99787e+01 8.29124e-03 | 1.25331e-02 1.07867e-01 1.39115e-01 |
   8441 | 6.99870e+01 8.29124e-03 | 1.25331e-02 1.07867e-01 1.39115e-01 |
   8442 | 6.99953e+01 8.29123e-03 | 1.25331e-02 1.07867e-01 1.39115e-01 |
   8443 | 7.00035e+01 8.29123e-03 | 1.25331e-02 1.07867e-01 1.39115e-01 |
   8444 | 7.00118e+01 8.29123e-03 | 1.25331e-02 1.07867e-01 1.39115e-01 |
   8445 | 7.00201e+01 8.29124e-03 | 1.25331e-02 1.07867e-01 1.39115e-01 |
   8446 | 7.00284e+01 8.29124e-03 | 1.25331e-02 1.07867e-01 1.39115e-01 |
   8447 | 7.00367e+01 8.29124e-03 | 1.25331e-02 1.07867e-01 1.39115e-01 |
   8448 | 7.00450e+01 8.29124e-03 | 1.25331e-02 1.07867e-01 1.39115e-01 |
   8449 | 7.00533e+01 8.29124e-03 | 1.25331e-02 1.07867e-01 1.39115e-01 |
   8450 | 7.00616e+01 8.29125e-03 | 1.25331e-02 1.07867e-01 1.39115e-01 |
   8451 | 7.00699e+01 8.29125e-03 | 1.25331e-02 1.07867e-01 1.39115e-01 |
   8452 | 7.00782e+01 8.29125e-03 | 1.25331e-02 1.07867e-01 1.39115e-01 |
   8453 | 7.00865e+01 8.29126e-03 | 1.25331e-02 1.07867e-01 1.39115e-01 |
   8454 | 7.00948e+01 8.29126e-03 | 1.25331e-02 1.07867e-01 1.39115e-01 |
   8455 | 7.01030e+01 8.29127e-03 | 1.25331e-02 1.07867e-01 1.39115e-01 |
   8456 | 7.01113e+01 8.29127e-03 | 1.25331e-02 1.07867e-01 1.39115e-01 |
   8457 | 7.01196e+01 8.29128e-03 | 1.25331e-02 1.07867e-01 1.39115e-01 |
   8458 | 7.01279e+01 8.29128e-03 | 1.25331e-02 1.07867e-01 1.39115e-01 |
   8459 | 7.01362e+01 8.29129e-03 | 1.25331e-02 1.07867e-01 1.39115e-01 |
   8460 | 7.01445e+01 8.29130e-03 | 1.25331e-02 1.07867e-01 1.39115e-01 |
   8461 | 7.01528e+01 8.29131e-03 | 1.25331e-02 1.07867e-01 1.39115e-01 |
   8462 | 7.01611e+01 8.29131e-03 | 1.25331e-02 1.07867e-01 1.39115e-01 |
   8463 | 7.01694e+01 8.29132e-03 | 1.25331e-02 1.07867e-01 1.39115e-01 |
   8464 | 7.01777e+01 8.29133e-03 | 1.25331e-02 1.07867e-01 1.39115e-01 |
   8465 | 7.01860e+01 8.29134e-03 | 1.25331e-02 1.07867e-01 1.39115e-01 |
   8466 | 7.01942e+01 8.29135e-03 | 1.25331e-02 1.07867e-01 1.39115e-01 |
   8467 | 7.02025e+01 8.29136e-03 | 1.25331e-02 1.07867e-01 1.39115e-01 |
   8468 | 7.02108e+01 8.29137e-03 | 1.25331e-02 1.07867e-01 1.39115e-01 |
   8469 | 7.02191e+01 8.29138e-03 | 1.25331e-02 1.07867e-01 1.39115e-01 |
   8470 | 7.02274e+01 8.29139e-03 | 1.25331e-02 1.07867e-01 1.39115e-01 |
   8471 | 7.02357e+01 8.29138e-03 | 1.25331e-02 1.07867e-01 1.39115e-01 |
   8472 | 7.02440e+01 8.29137e-03 | 1.25331e-02 1.07867e-01 1.39115e-01 |
   8473 | 7.02523e+01 8.29136e-03 | 1.25331e-02 1.07867e-01 1.39115e-01 |
   8474 | 7.02606e+01 8.29135e-03 | 1.25331e-02 1.07867e-01 1.39115e-01 |
   8475 | 7.02689e+01 8.29134e-03 | 1.25331e-02 1.07867e-01 1.39115e-01 |
   8476 | 7.02772e+01 8.29133e-03 | 1.25331e-02 1.07867e-01 1.39115e-01 |
   8477 | 7.02855e+01 8.29133e-03 | 1.25331e-02 1.07867e-01 1.39115e-01 |
   8478 | 7.02937e+01 8.29132e-03 | 1.25331e-02 1.07867e-01 1.39115e-01 |
   8479 | 7.03020e+01 8.29131e-03 | 1.25331e-02 1.07867e-01 1.39115e-01 |
   8480 | 7.03103e+01 8.29130e-03 | 1.25331e-02 1.07867e-01 1.39115e-01 |
   8481 | 7.03186e+01 8.29130e-03 | 1.25331e-02 1.07867e-01 1.39115e-01 |
   8482 | 7.03269e+01 8.29129e-03 | 1.25331e-02 1.07867e-01 1.39115e-01 |
   8483 | 7.03352e+01 8.29128e-03 | 1.25331e-02 1.07867e-01 1.39115e-01 |
   8484 | 7.03435e+01 8.29128e-03 | 1.25331e-02 1.07867e-01 1.39115e-01 |
   8485 | 7.03518e+01 8.29127e-03 | 1.25331e-02 1.07867e-01 1.39115e-01 |
   8486 | 7.03601e+01 8.29127e-03 | 1.25331e-02 1.07867e-01 1.39115e-01 |
   8487 | 7.03684e+01 8.29126e-03 | 1.25331e-02 1.07867e-01 1.39115e-01 |
   8488 | 7.03767e+01 8.29126e-03 | 1.25331e-02 1.07867e-01 1.39115e-01 |
   8489 | 7.03849e+01 8.29126e-03 | 1.25331e-02 1.07867e-01 1.39115e-01 |
   8490 | 7.03932e+01 8.29125e-03 | 1.25331e-02 1.07867e-01 1.39115e-01 |
   8491 | 7.04015e+01 8.29125e-03 | 1.25331e-02 1.07867e-01 1.39115e-01 |
   8492 | 7.04098e+01 8.29125e-03 | 1.25331e-02 1.07867e-01 1.39115e-01 |
   8493 | 7.04181e+01 8.29125e-03 | 1.25331e-02 1.07867e-01 1.39115e-01 |
   8494 | 7.04264e+01 8.29124e-03 | 1.25331e-02 1.07867e-01 1.39115e-01 |
   8495 | 7.04347e+01 8.29124e-03 | 1.25331e-02 1.07867e-01 1.39115e-01 |
   8496 | 7.04430e+01 8.29124e-03 | 1.25331e-02 1.07867e-01 1.39115e-01 |
   8497 | 7.04513e+01 8.29124e-03 | 1.25331e-02 1.07867e-01 1.39115e-01 |
   8498 | 7.04596e+01 8.29124e-03 | 1.25331e-02 1.07867e-01 1.39115e-01 |
   8499 | 7.04679e+01 8.29125e-03 | 1.25331e-02 1.07867e-01 1.39115e-01 |
   8500 | 7.04762e+01 8.29125e-03 | 1.25331e-02 1.07867e-01 1.39115e-01 |
   8501 | 7.04844e+01 8.29125e-03 | 1.25331e-02 1.07867e-01 1.39115e-01 |
   8502 | 7.04927e+01 8.29125e-03 | 1.25331e-02 1.07867e-01 1.39115e-01 |
   8503 | 7.05010e+01 8.29125e-03 | 1.25331e-02 1.07867e-01 1.39115e-01 |
   8504 | 7.05093e+01 8.29126e-03 | 1.25331e-02 1.07867e-01 1.39115e-01 |
   8505 | 7.05176e+01 8.29126e-03 | 1.25331e-02 1.07867e-01 1.39115e-01 |
   8506 | 7.05259e+01 8.29126e-03 | 1.25331e-02 1.07867e-01 1.39115e-01 |
   8507 | 7.05342e+01 8.29127e-03 | 1.25331e-02 1.07867e-01 1.39115e-01 |
   8508 | 7.05425e+01 8.29127e-03 | 1.25331e-02 1.07867e-01 1.39115e-01 |
   8509 | 7.05508e+01 8.29127e-03 | 1.25331e-02 1.07867e-01 1.39115e-01 |
   8510 | 7.05591e+01 8.29128e-03 | 1.25331e-02 1.07867e-01 1.39115e-01 |
   8511 | 7.05674e+01 8.29128e-03 | 1.25331e-02 1.07867e-01 1.39115e-01 |
   8512 | 7.05756e+01 8.29128e-03 | 1.25331e-02 1.07867e-01 1.39115e-01 |
   8513 | 7.05839e+01 8.29129e-03 | 1.25331e-02 1.07867e-01 1.39115e-01 |
   8514 | 7.05922e+01 8.29129e-03 | 1.25331e-02 1.07867e-01 1.39115e-01 |
   8515 | 7.06005e+01 8.29129e-03 | 1.25331e-02 1.07867e-01 1.39115e-01 |
   8516 | 7.06088e+01 8.29130e-03 | 1.25331e-02 1.07867e-01 1.39115e-01 |
   8517 | 7.06171e+01 8.29131e-03 | 1.25331e-02 1.07867e-01 1.39115e-01 |
   8518 | 7.06254e+01 8.29131e-03 | 1.25331e-02 1.07867e-01 1.39115e-01 |
   8519 | 7.06337e+01 8.29132e-03 | 1.25331e-02 1.07867e-01 1.39115e-01 |
   8520 | 7.06420e+01 8.29132e-03 | 1.25331e-02 1.07867e-01 1.39115e-01 |
   8521 | 7.06503e+01 8.29133e-03 | 1.25331e-02 1.07867e-01 1.39115e-01 |
   8522 | 7.06586e+01 8.29134e-03 | 1.25331e-02 1.07867e-01 1.39115e-01 |
   8523 | 7.06668e+01 8.29135e-03 | 1.25331e-02 1.07867e-01 1.39115e-01 |
   8524 | 7.06751e+01 8.29136e-03 | 1.25331e-02 1.07867e-01 1.39115e-01 |
   8525 | 7.06834e+01 8.29137e-03 | 1.25331e-02 1.07867e-01 1.39115e-01 |
   8526 | 7.06917e+01 8.29137e-03 | 1.25331e-02 1.07867e-01 1.39115e-01 |
   8527 | 7.07000e+01 8.29138e-03 | 1.25331e-02 1.07867e-01 1.39115e-01 |
   8528 | 7.07083e+01 8.29139e-03 | 1.25331e-02 1.07867e-01 1.39115e-01 |
   8529 | 7.07166e+01 8.29141e-03 | 1.25331e-02 1.07867e-01 1.39115e-01 |
   8530 | 7.07249e+01 8.29141e-03 | 1.25331e-02 1.07867e-01 1.39115e-01 |
   8531 | 7.07332e+01 8.29140e-03 | 1.25331e-02 1.07867e-01 1.39115e-01 |
   8532 | 7.07415e+01 8.29139e-03 | 1.25331e-02 1.07867e-01 1.39115e-01 |
   8533 | 7.07498e+01 8.29138e-03 | 1.25331e-02 1.07867e-01 1.39115e-01 |
   8534 | 7.07581e+01 8.29137e-03 | 1.25331e-02 1.07867e-01 1.39115e-01 |
   8535 | 7.07663e+01 8.29136e-03 | 1.25331e-02 1.07867e-01 1.39115e-01 |
   8536 | 7.07746e+01 8.29135e-03 | 1.25331e-02 1.07867e-01 1.39115e-01 |
   8537 | 7.07829e+01 8.29134e-03 | 1.25331e-02 1.07867e-01 1.39115e-01 |
   8538 | 7.07912e+01 8.29133e-03 | 1.25331e-02 1.07867e-01 1.39115e-01 |
   8539 | 7.07995e+01 8.29132e-03 | 1.25331e-02 1.07867e-01 1.39115e-01 |
   8540 | 7.08078e+01 8.29131e-03 | 1.25331e-02 1.07867e-01 1.39115e-01 |
   8541 | 7.08161e+01 8.29131e-03 | 1.25331e-02 1.07867e-01 1.39115e-01 |
   8542 | 7.08244e+01 8.29130e-03 | 1.25331e-02 1.07867e-01 1.39115e-01 |
   8543 | 7.08327e+01 8.29129e-03 | 1.25331e-02 1.07867e-01 1.39115e-01 |
   8544 | 7.08410e+01 8.29129e-03 | 1.25331e-02 1.07867e-01 1.39115e-01 |
   8545 | 7.08493e+01 8.29128e-03 | 1.25331e-02 1.07867e-01 1.39115e-01 |
   8546 | 7.08576e+01 8.29128e-03 | 1.25331e-02 1.07867e-01 1.39115e-01 |
   8547 | 7.08658e+01 8.29127e-03 | 1.25331e-02 1.07867e-01 1.39115e-01 |
   8548 | 7.08741e+01 8.29127e-03 | 1.25331e-02 1.07867e-01 1.39115e-01 |
   8549 | 7.08824e+01 8.29126e-03 | 1.25331e-02 1.07867e-01 1.39115e-01 |
   8550 | 7.08907e+01 8.29126e-03 | 1.25331e-02 1.07867e-01 1.39115e-01 |
   8551 | 7.08990e+01 8.29126e-03 | 1.25331e-02 1.07867e-01 1.39115e-01 |
   8552 | 7.09073e+01 8.29125e-03 | 1.25331e-02 1.07867e-01 1.39115e-01 |
   8553 | 7.09156e+01 8.29125e-03 | 1.25331e-02 1.07867e-01 1.39115e-01 |
   8554 | 7.09239e+01 8.29125e-03 | 1.25331e-02 1.07867e-01 1.39115e-01 |
   8555 | 7.09322e+01 8.29125e-03 | 1.25331e-02 1.07867e-01 1.39115e-01 |
   8556 | 7.09405e+01 8.29125e-03 | 1.25331e-02 1.07867e-01 1.39115e-01 |
   8557 | 7.09488e+01 8.29125e-03 | 1.25331e-02 1.07867e-01 1.39115e-01 |
   8558 | 7.09570e+01 8.29125e-03 | 1.25331e-02 1.07867e-01 1.39115e-01 |
   8559 | 7.09653e+01 8.29125e-03 | 1.25331e-02 1.07867e-01 1.39115e-01 |
   8560 | 7.09736e+01 8.29125e-03 | 1.25331e-02 1.07867e-01 1.39115e-01 |
   8561 | 7.09819e+01 8.29125e-03 | 1.25331e-02 1.07867e-01 1.39115e-01 |
   8562 | 7.09902e+01 8.29125e-03 | 1.25331e-02 1.07867e-01 1.39115e-01 |
   8563 | 7.09985e+01 8.29125e-03 | 1.25331e-02 1.07867e-01 1.39115e-01 |
   8564 | 7.10068e+01 8.29126e-03 | 1.25331e-02 1.07867e-01 1.39115e-01 |
   8565 | 7.10151e+01 8.29126e-03 | 1.25331e-02 1.07867e-01 1.39115e-01 |
   8566 | 7.10234e+01 8.29126e-03 | 1.25331e-02 1.07867e-01 1.39115e-01 |
   8567 | 7.10317e+01 8.29127e-03 | 1.25331e-02 1.07867e-01 1.39115e-01 |
   8568 | 7.10400e+01 8.29127e-03 | 1.25331e-02 1.07867e-01 1.39115e-01 |
   8569 | 7.10482e+01 8.29128e-03 | 1.25331e-02 1.07867e-01 1.39115e-01 |
   8570 | 7.10565e+01 8.29128e-03 | 1.25331e-02 1.07867e-01 1.39115e-01 |
   8571 | 7.10648e+01 8.29129e-03 | 1.25331e-02 1.07867e-01 1.39115e-01 |
   8572 | 7.10731e+01 8.29129e-03 | 1.25331e-02 1.07867e-01 1.39115e-01 |
   8573 | 7.10814e+01 8.29130e-03 | 1.25331e-02 1.07867e-01 1.39115e-01 |
   8574 | 7.10897e+01 8.29131e-03 | 1.25331e-02 1.07867e-01 1.39115e-01 |
   8575 | 7.10980e+01 8.29132e-03 | 1.25331e-02 1.07867e-01 1.39115e-01 |
   8576 | 7.11063e+01 8.29132e-03 | 1.25331e-02 1.07867e-01 1.39115e-01 |
   8577 | 7.11146e+01 8.29133e-03 | 1.25331e-02 1.07867e-01 1.39115e-01 |
   8578 | 7.11229e+01 8.29134e-03 | 1.25331e-02 1.07867e-01 1.39115e-01 |
   8579 | 7.11312e+01 8.29135e-03 | 1.25331e-02 1.07867e-01 1.39115e-01 |
   8580 | 7.11395e+01 8.29136e-03 | 1.25331e-02 1.07867e-01 1.39115e-01 |
   8581 | 7.11477e+01 8.29137e-03 | 1.25331e-02 1.07867e-01 1.39115e-01 |
   8582 | 7.11560e+01 8.29138e-03 | 1.25331e-02 1.07867e-01 1.39115e-01 |
   8583 | 7.11643e+01 8.29139e-03 | 1.25331e-02 1.07867e-01 1.39115e-01 |
   8584 | 7.11726e+01 8.29140e-03 | 1.25331e-02 1.07867e-01 1.39115e-01 |
   8585 | 7.11809e+01 8.29141e-03 | 1.25331e-02 1.07867e-01 1.39115e-01 |
   8586 | 7.11892e+01 8.29141e-03 | 1.25331e-02 1.07867e-01 1.39115e-01 |
   8587 | 7.11975e+01 8.29140e-03 | 1.25331e-02 1.07867e-01 1.39115e-01 |
   8588 | 7.12058e+01 8.29140e-03 | 1.25331e-02 1.07867e-01 1.39115e-01 |
   8589 | 7.12141e+01 8.29139e-03 | 1.25331e-02 1.07867e-01 1.39115e-01 |
   8590 | 7.12224e+01 8.29139e-03 | 1.25331e-02 1.07867e-01 1.39115e-01 |
   8591 | 7.12307e+01 8.29138e-03 | 1.25331e-02 1.07867e-01 1.39115e-01 |
   8592 | 7.12390e+01 8.29137e-03 | 1.25331e-02 1.07867e-01 1.39115e-01 |
   8593 | 7.12472e+01 8.29136e-03 | 1.25331e-02 1.07867e-01 1.39115e-01 |
   8594 | 7.12555e+01 8.29135e-03 | 1.25331e-02 1.07867e-01 1.39115e-01 |
   8595 | 7.12638e+01 8.29134e-03 | 1.25331e-02 1.07867e-01 1.39115e-01 |
   8596 | 7.12721e+01 8.29133e-03 | 1.25331e-02 1.07867e-01 1.39115e-01 |
   8597 | 7.12804e+01 8.29133e-03 | 1.25331e-02 1.07867e-01 1.39115e-01 |
   8598 | 7.12887e+01 8.29132e-03 | 1.25331e-02 1.07867e-01 1.39115e-01 |
   8599 | 7.12970e+01 8.29131e-03 | 1.25331e-02 1.07867e-01 1.39115e-01 |
   8600 | 7.13053e+01 8.29131e-03 | 1.25331e-02 1.07867e-01 1.39115e-01 |
   8601 | 7.13136e+01 8.29130e-03 | 1.25331e-02 1.07867e-01 1.39115e-01 |
   8602 | 7.13219e+01 8.29129e-03 | 1.25331e-02 1.07867e-01 1.39115e-01 |
   8603 | 7.13302e+01 8.29129e-03 | 1.25331e-02 1.07867e-01 1.39115e-01 |
   8604 | 7.13384e+01 8.29128e-03 | 1.25331e-02 1.07867e-01 1.39115e-01 |
   8605 | 7.13467e+01 8.29128e-03 | 1.25331e-02 1.07867e-01 1.39115e-01 |
   8606 | 7.13550e+01 8.29128e-03 | 1.25331e-02 1.07867e-01 1.39115e-01 |
   8607 | 7.13633e+01 8.29127e-03 | 1.25331e-02 1.07867e-01 1.39115e-01 |
   8608 | 7.13716e+01 8.29127e-03 | 1.25331e-02 1.07867e-01 1.39115e-01 |
   8609 | 7.13799e+01 8.29127e-03 | 1.25331e-02 1.07867e-01 1.39115e-01 |
   8610 | 7.13882e+01 8.29127e-03 | 1.25331e-02 1.07867e-01 1.39115e-01 |
   8611 | 7.13965e+01 8.29126e-03 | 1.25331e-02 1.07867e-01 1.39115e-01 |
   8612 | 7.14048e+01 8.29126e-03 | 1.25331e-02 1.07867e-01 1.39115e-01 |
   8613 | 7.14131e+01 8.29126e-03 | 1.25331e-02 1.07867e-01 1.39115e-01 |
   8614 | 7.14214e+01 8.29126e-03 | 1.25331e-02 1.07867e-01 1.39115e-01 |
   8615 | 7.14297e+01 8.29126e-03 | 1.25331e-02 1.07867e-01 1.39115e-01 |
   8616 | 7.14379e+01 8.29126e-03 | 1.25331e-02 1.07867e-01 1.39115e-01 |
   8617 | 7.14462e+01 8.29126e-03 | 1.25331e-02 1.07867e-01 1.39115e-01 |
   8618 | 7.14545e+01 8.29127e-03 | 1.25331e-02 1.07867e-01 1.39115e-01 |
   8619 | 7.14628e+01 8.29127e-03 | 1.25331e-02 1.07867e-01 1.39115e-01 |
   8620 | 7.14711e+01 8.29127e-03 | 1.25331e-02 1.07867e-01 1.39115e-01 |
   8621 | 7.14794e+01 8.29127e-03 | 1.25331e-02 1.07867e-01 1.39115e-01 |
   8622 | 7.14877e+01 8.29128e-03 | 1.25331e-02 1.07867e-01 1.39115e-01 |
   8623 | 7.14960e+01 8.29128e-03 | 1.25331e-02 1.07867e-01 1.39115e-01 |
   8624 | 7.15043e+01 8.29128e-03 | 1.25331e-02 1.07867e-01 1.39115e-01 |
   8625 | 7.15126e+01 8.29129e-03 | 1.25331e-02 1.07867e-01 1.39115e-01 |
   8626 | 7.15209e+01 8.29129e-03 | 1.25331e-02 1.07867e-01 1.39115e-01 |
   8627 | 7.15291e+01 8.29130e-03 | 1.25331e-02 1.07867e-01 1.39115e-01 |
   8628 | 7.15374e+01 8.29131e-03 | 1.25331e-02 1.07867e-01 1.39115e-01 |
   8629 | 7.15457e+01 8.29131e-03 | 1.25331e-02 1.07867e-01 1.39115e-01 |
   8630 | 7.15540e+01 8.29132e-03 | 1.25331e-02 1.07867e-01 1.39115e-01 |
   8631 | 7.15623e+01 8.29133e-03 | 1.25331e-02 1.07867e-01 1.39115e-01 |
   8632 | 7.15706e+01 8.29133e-03 | 1.25331e-02 1.07867e-01 1.39115e-01 |
   8633 | 7.15789e+01 8.29134e-03 | 1.25331e-02 1.07867e-01 1.39115e-01 |
   8634 | 7.15872e+01 8.29135e-03 | 1.25331e-02 1.07867e-01 1.39115e-01 |
   8635 | 7.15955e+01 8.29136e-03 | 1.25331e-02 1.07867e-01 1.39115e-01 |
   8636 | 7.16038e+01 8.29137e-03 | 1.25331e-02 1.07867e-01 1.39115e-01 |
   8637 | 7.16121e+01 8.29138e-03 | 1.25331e-02 1.07867e-01 1.39115e-01 |
   8638 | 7.16204e+01 8.29139e-03 | 1.25331e-02 1.07867e-01 1.39115e-01 |
   8639 | 7.16286e+01 8.29140e-03 | 1.25331e-02 1.07867e-01 1.39115e-01 |
   8640 | 7.16369e+01 8.29141e-03 | 1.25331e-02 1.07867e-01 1.39115e-01 |
   8641 | 7.16452e+01 8.29139e-03 | 1.25331e-02 1.07867e-01 1.39115e-01 |
   8642 | 7.16535e+01 8.29138e-03 | 1.25331e-02 1.07867e-01 1.39115e-01 |
   8643 | 7.16618e+01 8.29137e-03 | 1.25331e-02 1.07867e-01 1.39115e-01 |
   8644 | 7.16701e+01 8.29136e-03 | 1.25331e-02 1.07867e-01 1.39115e-01 |
   8645 | 7.16784e+01 8.29135e-03 | 1.25331e-02 1.07867e-01 1.39115e-01 |
   8646 | 7.16867e+01 8.29134e-03 | 1.25331e-02 1.07867e-01 1.39115e-01 |
   8647 | 7.16950e+01 8.29133e-03 | 1.25331e-02 1.07867e-01 1.39115e-01 |
   8648 | 7.17033e+01 8.29133e-03 | 1.25331e-02 1.07867e-01 1.39115e-01 |
   8649 | 7.17116e+01 8.29132e-03 | 1.25331e-02 1.07867e-01 1.39115e-01 |
   8650 | 7.17198e+01 8.29131e-03 | 1.25331e-02 1.07867e-01 1.39115e-01 |
   8651 | 7.17281e+01 8.29130e-03 | 1.25331e-02 1.07867e-01 1.39115e-01 |
   8652 | 7.17364e+01 8.29129e-03 | 1.25331e-02 1.07867e-01 1.39115e-01 |
   8653 | 7.17447e+01 8.29129e-03 | 1.25331e-02 1.07867e-01 1.39115e-01 |
   8654 | 7.17530e+01 8.29128e-03 | 1.25331e-02 1.07867e-01 1.39115e-01 |
   8655 | 7.17613e+01 8.29128e-03 | 1.25331e-02 1.07867e-01 1.39115e-01 |
   8656 | 7.17696e+01 8.29127e-03 | 1.25331e-02 1.07867e-01 1.39115e-01 |
   8657 | 7.17779e+01 8.29127e-03 | 1.25331e-02 1.07867e-01 1.39115e-01 |
   8658 | 7.17862e+01 8.29126e-03 | 1.25331e-02 1.07867e-01 1.39115e-01 |
   8659 | 7.17945e+01 8.29126e-03 | 1.25331e-02 1.07867e-01 1.39115e-01 |
   8660 | 7.18028e+01 8.29126e-03 | 1.25331e-02 1.07867e-01 1.39115e-01 |
   8661 | 7.18111e+01 8.29125e-03 | 1.25331e-02 1.07867e-01 1.39115e-01 |
   8662 | 7.18193e+01 8.29125e-03 | 1.25331e-02 1.07867e-01 1.39115e-01 |
   8663 | 7.18276e+01 8.29125e-03 | 1.25331e-02 1.07867e-01 1.39115e-01 |
   8664 | 7.18359e+01 8.29125e-03 | 1.25331e-02 1.07867e-01 1.39115e-01 |
   8665 | 7.18442e+01 8.29125e-03 | 1.25331e-02 1.07867e-01 1.39115e-01 |
   8666 | 7.18525e+01 8.29124e-03 | 1.25331e-02 1.07867e-01 1.39115e-01 |
   8667 | 7.18608e+01 8.29124e-03 | 1.25331e-02 1.07867e-01 1.39115e-01 |
   8668 | 7.18691e+01 8.29124e-03 | 1.25331e-02 1.07867e-01 1.39115e-01 |
   8669 | 7.18774e+01 8.29124e-03 | 1.25331e-02 1.07867e-01 1.39115e-01 |
   8670 | 7.18857e+01 8.29125e-03 | 1.25331e-02 1.07867e-01 1.39115e-01 |
   8671 | 7.18940e+01 8.29125e-03 | 1.25331e-02 1.07867e-01 1.39115e-01 |
   8672 | 7.19023e+01 8.29125e-03 | 1.25331e-02 1.07867e-01 1.39115e-01 |
   8673 | 7.19105e+01 8.29125e-03 | 1.25331e-02 1.07867e-01 1.39115e-01 |
   8674 | 7.19188e+01 8.29125e-03 | 1.25331e-02 1.07867e-01 1.39115e-01 |
   8675 | 7.19271e+01 8.29126e-03 | 1.25331e-02 1.07867e-01 1.39115e-01 |
   8676 | 7.19354e+01 8.29126e-03 | 1.25331e-02 1.07867e-01 1.39115e-01 |
   8677 | 7.19437e+01 8.29126e-03 | 1.25331e-02 1.07867e-01 1.39115e-01 |
   8678 | 7.19520e+01 8.29127e-03 | 1.25331e-02 1.07867e-01 1.39115e-01 |
   8679 | 7.19603e+01 8.29127e-03 | 1.25331e-02 1.07867e-01 1.39115e-01 |
   8680 | 7.19686e+01 8.29128e-03 | 1.25331e-02 1.07867e-01 1.39115e-01 |
   8681 | 7.19769e+01 8.29129e-03 | 1.25331e-02 1.07867e-01 1.39115e-01 |
   8682 | 7.19852e+01 8.29129e-03 | 1.25331e-02 1.07867e-01 1.39115e-01 |
   8683 | 7.19935e+01 8.29130e-03 | 1.25331e-02 1.07867e-01 1.39115e-01 |
   8684 | 7.20018e+01 8.29131e-03 | 1.25331e-02 1.07867e-01 1.39115e-01 |
   8685 | 7.20100e+01 8.29131e-03 | 1.25331e-02 1.07867e-01 1.39115e-01 |
   8686 | 7.20183e+01 8.29132e-03 | 1.25331e-02 1.07867e-01 1.39115e-01 |
   8687 | 7.20266e+01 8.29133e-03 | 1.25331e-02 1.07867e-01 1.39115e-01 |
   8688 | 7.20349e+01 8.29134e-03 | 1.25331e-02 1.07867e-01 1.39115e-01 |
   8689 | 7.20432e+01 8.29135e-03 | 1.25331e-02 1.07867e-01 1.39115e-01 |
   8690 | 7.20515e+01 8.29136e-03 | 1.25331e-02 1.07867e-01 1.39115e-01 |
   8691 | 7.20598e+01 8.29137e-03 | 1.25331e-02 1.07867e-01 1.39115e-01 |
   8692 | 7.20681e+01 8.29138e-03 | 1.25331e-02 1.07867e-01 1.39115e-01 |
   8693 | 7.20764e+01 8.29139e-03 | 1.25331e-02 1.07867e-01 1.39115e-01 |
   8694 | 7.20847e+01 8.29140e-03 | 1.25331e-02 1.07867e-01 1.39115e-01 |
   8695 | 7.20930e+01 8.29141e-03 | 1.25331e-02 1.07867e-01 1.39115e-01 |
   8696 | 7.21012e+01 8.29142e-03 | 1.25331e-02 1.07867e-01 1.39115e-01 |
   8697 | 7.21095e+01 8.29141e-03 | 1.25331e-02 1.07867e-01 1.39115e-01 |
   8698 | 7.21178e+01 8.29141e-03 | 1.25331e-02 1.07867e-01 1.39115e-01 |
   8699 | 7.21261e+01 8.29140e-03 | 1.25331e-02 1.07867e-01 1.39115e-01 |
   8700 | 7.21344e+01 8.29140e-03 | 1.25331e-02 1.07867e-01 1.39115e-01 |
   8701 | 7.21427e+01 8.29140e-03 | 1.25331e-02 1.07867e-01 1.39115e-01 |
   8702 | 7.21510e+01 8.29139e-03 | 1.25331e-02 1.07867e-01 1.39115e-01 |
   8703 | 7.21593e+01 8.29139e-03 | 1.25331e-02 1.07867e-01 1.39115e-01 |
   8704 | 7.21676e+01 8.29139e-03 | 1.25331e-02 1.07867e-01 1.39115e-01 |
   8705 | 7.21759e+01 8.29138e-03 | 1.25331e-02 1.07867e-01 1.39115e-01 |
   8706 | 7.21842e+01 8.29138e-03 | 1.25331e-02 1.07867e-01 1.39115e-01 |
   8707 | 7.21925e+01 8.29138e-03 | 1.25331e-02 1.07867e-01 1.39115e-01 |
   8708 | 7.22007e+01 8.29138e-03 | 1.25331e-02 1.07867e-01 1.39115e-01 |
   8709 | 7.22090e+01 8.29138e-03 | 1.25331e-02 1.07867e-01 1.39115e-01 |
   8710 | 7.22173e+01 8.29138e-03 | 1.25331e-02 1.07867e-01 1.39115e-01 |
   8711 | 7.22256e+01 8.29138e-03 | 1.25331e-02 1.07867e-01 1.39115e-01 |
   8712 | 7.22339e+01 8.29138e-03 | 1.25331e-02 1.07867e-01 1.39115e-01 |
   8713 | 7.22422e+01 8.29138e-03 | 1.25331e-02 1.07867e-01 1.39115e-01 |
   8714 | 7.22505e+01 8.29138e-03 | 1.25331e-02 1.07867e-01 1.39115e-01 |
   8715 | 7.22588e+01 8.29137e-03 | 1.25331e-02 1.07867e-01 1.39115e-01 |
   8716 | 7.22671e+01 8.29137e-03 | 1.25331e-02 1.07867e-01 1.39115e-01 |
   8717 | 7.22754e+01 8.29136e-03 | 1.25331e-02 1.07867e-01 1.39115e-01 |
   8718 | 7.22837e+01 8.29136e-03 | 1.25331e-02 1.07867e-01 1.39115e-01 |
   8719 | 7.22919e+01 8.29135e-03 | 1.25331e-02 1.07867e-01 1.39115e-01 |
   8720 | 7.23002e+01 8.29135e-03 | 1.25331e-02 1.07867e-01 1.39115e-01 |
   8721 | 7.23085e+01 8.29135e-03 | 1.25331e-02 1.07867e-01 1.39115e-01 |
   8722 | 7.23168e+01 8.29134e-03 | 1.25331e-02 1.07867e-01 1.39115e-01 |
   8723 | 7.23251e+01 8.29134e-03 | 1.25331e-02 1.07867e-01 1.39115e-01 |
   8724 | 7.23334e+01 8.29134e-03 | 1.25331e-02 1.07867e-01 1.39115e-01 |
   8725 | 7.23417e+01 8.29134e-03 | 1.25331e-02 1.07867e-01 1.39115e-01 |
   8726 | 7.23500e+01 8.29134e-03 | 1.25331e-02 1.07867e-01 1.39115e-01 |
   8727 | 7.23583e+01 8.29134e-03 | 1.25331e-02 1.07867e-01 1.39115e-01 |
   8728 | 7.23666e+01 8.29134e-03 | 1.25331e-02 1.07867e-01 1.39115e-01 |
   8729 | 7.23749e+01 8.29134e-03 | 1.25331e-02 1.07867e-01 1.39115e-01 |
   8730 | 7.23832e+01 8.29134e-03 | 1.25331e-02 1.07867e-01 1.39115e-01 |
   8731 | 7.23914e+01 8.29134e-03 | 1.25331e-02 1.07867e-01 1.39115e-01 |
   8732 | 7.23997e+01 8.29134e-03 | 1.25331e-02 1.07867e-01 1.39115e-01 |
   8733 | 7.24080e+01 8.29134e-03 | 1.25331e-02 1.07867e-01 1.39115e-01 |
   8734 | 7.24163e+01 8.29134e-03 | 1.25331e-02 1.07867e-01 1.39115e-01 |
   8735 | 7.24246e+01 8.29135e-03 | 1.25331e-02 1.07867e-01 1.39115e-01 |
   8736 | 7.24329e+01 8.29135e-03 | 1.25331e-02 1.07867e-01 1.39115e-01 |
   8737 | 7.24412e+01 8.29135e-03 | 1.25331e-02 1.07867e-01 1.39115e-01 |
   8738 | 7.24495e+01 8.29136e-03 | 1.25331e-02 1.07867e-01 1.39115e-01 |
   8739 | 7.24578e+01 8.29136e-03 | 1.25331e-02 1.07867e-01 1.39115e-01 |
   8740 | 7.24661e+01 8.29137e-03 | 1.25331e-02 1.07867e-01 1.39115e-01 |
   8741 | 7.24744e+01 8.29137e-03 | 1.25331e-02 1.07867e-01 1.39115e-01 |
   8742 | 7.24826e+01 8.29138e-03 | 1.25331e-02 1.07867e-01 1.39115e-01 |
   8743 | 7.24909e+01 8.29138e-03 | 1.25331e-02 1.07867e-01 1.39115e-01 |
   8744 | 7.24992e+01 8.29139e-03 | 1.25331e-02 1.07867e-01 1.39115e-01 |
   8745 | 7.25075e+01 8.29140e-03 | 1.25331e-02 1.07867e-01 1.39115e-01 |
   8746 | 7.25158e+01 8.29139e-03 | 1.25331e-02 1.07867e-01 1.39115e-01 |
   8747 | 7.25241e+01 8.29138e-03 | 1.25331e-02 1.07867e-01 1.39115e-01 |
   8748 | 7.25324e+01 8.29137e-03 | 1.25331e-02 1.07867e-01 1.39115e-01 |
   8749 | 7.25407e+01 8.29136e-03 | 1.25331e-02 1.07867e-01 1.39115e-01 |
   8750 | 7.25490e+01 8.29135e-03 | 1.25331e-02 1.07867e-01 1.39115e-01 |
   8751 | 7.25573e+01 8.29134e-03 | 1.25331e-02 1.07867e-01 1.39115e-01 |
   8752 | 7.25656e+01 8.29134e-03 | 1.25331e-02 1.07867e-01 1.39115e-01 |
   8753 | 7.25739e+01 8.29133e-03 | 1.25331e-02 1.07867e-01 1.39115e-01 |
   8754 | 7.25821e+01 8.29132e-03 | 1.25331e-02 1.07867e-01 1.39115e-01 |
   8755 | 7.25904e+01 8.29131e-03 | 1.25331e-02 1.07867e-01 1.39115e-01 |
   8756 | 7.25987e+01 8.29131e-03 | 1.25331e-02 1.07867e-01 1.39115e-01 |
   8757 | 7.26070e+01 8.29130e-03 | 1.25331e-02 1.07867e-01 1.39115e-01 |
   8758 | 7.26153e+01 8.29130e-03 | 1.25331e-02 1.07867e-01 1.39115e-01 |
   8759 | 7.26236e+01 8.29129e-03 | 1.25331e-02 1.07867e-01 1.39115e-01 |
   8760 | 7.26319e+01 8.29129e-03 | 1.25331e-02 1.07867e-01 1.39115e-01 |
   8761 | 7.26402e+01 8.29128e-03 | 1.25331e-02 1.07867e-01 1.39115e-01 |
   8762 | 7.26485e+01 8.29128e-03 | 1.25331e-02 1.07867e-01 1.39115e-01 |
   8763 | 7.26568e+01 8.29127e-03 | 1.25331e-02 1.07867e-01 1.39115e-01 |
   8764 | 7.26651e+01 8.29127e-03 | 1.25331e-02 1.07867e-01 1.39115e-01 |
   8765 | 7.26733e+01 8.29127e-03 | 1.25331e-02 1.07867e-01 1.39115e-01 |
   8766 | 7.26816e+01 8.29127e-03 | 1.25331e-02 1.07867e-01 1.39115e-01 |
   8767 | 7.26899e+01 8.29126e-03 | 1.25331e-02 1.07867e-01 1.39115e-01 |
   8768 | 7.26982e+01 8.29126e-03 | 1.25331e-02 1.07867e-01 1.39115e-01 |
   8769 | 7.27065e+01 8.29126e-03 | 1.25331e-02 1.07867e-01 1.39115e-01 |
   8770 | 7.27148e+01 8.29126e-03 | 1.25331e-02 1.07867e-01 1.39115e-01 |
   8771 | 7.27231e+01 8.29126e-03 | 1.25331e-02 1.07867e-01 1.39115e-01 |
   8772 | 7.27314e+01 8.29126e-03 | 1.25331e-02 1.07867e-01 1.39115e-01 |
   8773 | 7.27397e+01 8.29126e-03 | 1.25331e-02 1.07867e-01 1.39115e-01 |
   8774 | 7.27480e+01 8.29126e-03 | 1.25331e-02 1.07867e-01 1.39115e-01 |
   8775 | 7.27563e+01 8.29126e-03 | 1.25331e-02 1.07867e-01 1.39115e-01 |
   8776 | 7.27646e+01 8.29127e-03 | 1.25331e-02 1.07867e-01 1.39115e-01 |
   8777 | 7.27728e+01 8.29127e-03 | 1.25331e-02 1.07867e-01 1.39115e-01 |
   8778 | 7.27811e+01 8.29127e-03 | 1.25331e-02 1.07867e-01 1.39115e-01 |
   8779 | 7.27894e+01 8.29128e-03 | 1.25331e-02 1.07867e-01 1.39115e-01 |
   8780 | 7.27977e+01 8.29128e-03 | 1.25331e-02 1.07867e-01 1.39115e-01 |
   8781 | 7.28060e+01 8.29128e-03 | 1.25331e-02 1.07867e-01 1.39115e-01 |
   8782 | 7.28143e+01 8.29129e-03 | 1.25331e-02 1.07867e-01 1.39115e-01 |
   8783 | 7.28226e+01 8.29129e-03 | 1.25331e-02 1.07867e-01 1.39115e-01 |
   8784 | 7.28309e+01 8.29130e-03 | 1.25331e-02 1.07867e-01 1.39115e-01 |
   8785 | 7.28392e+01 8.29131e-03 | 1.25331e-02 1.07867e-01 1.39115e-01 |
   8786 | 7.28475e+01 8.29131e-03 | 1.25331e-02 1.07867e-01 1.39115e-01 |
   8787 | 7.28558e+01 8.29132e-03 | 1.25331e-02 1.07867e-01 1.39115e-01 |
   8788 | 7.28640e+01 8.29133e-03 | 1.25331e-02 1.07867e-01 1.39115e-01 |
   8789 | 7.28723e+01 8.29133e-03 | 1.25331e-02 1.07867e-01 1.39115e-01 |
   8790 | 7.28806e+01 8.29134e-03 | 1.25331e-02 1.07867e-01 1.39115e-01 |
   8791 | 7.28889e+01 8.29135e-03 | 1.25331e-02 1.07867e-01 1.39115e-01 |
   8792 | 7.28972e+01 8.29136e-03 | 1.25331e-02 1.07867e-01 1.39115e-01 |
   8793 | 7.29055e+01 8.29137e-03 | 1.25331e-02 1.07867e-01 1.39115e-01 |
   8794 | 7.29138e+01 8.29138e-03 | 1.25331e-02 1.07867e-01 1.39115e-01 |
   8795 | 7.29221e+01 8.29139e-03 | 1.25331e-02 1.07867e-01 1.39115e-01 |
   8796 | 7.29304e+01 8.29140e-03 | 1.25331e-02 1.07867e-01 1.39115e-01 |
   8797 | 7.29387e+01 8.29141e-03 | 1.25331e-02 1.07867e-01 1.39115e-01 |
   8798 | 7.29470e+01 8.29141e-03 | 1.25331e-02 1.07867e-01 1.39115e-01 |
   8799 | 7.29553e+01 8.29142e-03 | 1.25331e-02 1.07867e-01 1.39115e-01 |
   8800 | 7.29635e+01 8.29141e-03 | 1.25331e-02 1.07867e-01 1.39115e-01 |
   8801 | 7.29718e+01 8.29140e-03 | 1.25331e-02 1.07867e-01 1.39115e-01 |
   8802 | 7.29801e+01 8.29139e-03 | 1.25331e-02 1.07867e-01 1.39115e-01 |
   8803 | 7.29884e+01 8.29138e-03 | 1.25331e-02 1.07867e-01 1.39115e-01 |
   8804 | 7.29967e+01 8.29138e-03 | 1.25331e-02 1.07867e-01 1.39115e-01 |
   8805 | 7.30050e+01 8.29137e-03 | 1.25331e-02 1.07867e-01 1.39115e-01 |
   8806 | 7.30133e+01 8.29136e-03 | 1.25331e-02 1.07867e-01 1.39115e-01 |
   8807 | 7.30216e+01 8.29135e-03 | 1.25331e-02 1.07867e-01 1.39115e-01 |
   8808 | 7.30299e+01 8.29134e-03 | 1.25331e-02 1.07867e-01 1.39115e-01 |
   8809 | 7.30382e+01 8.29134e-03 | 1.25331e-02 1.07867e-01 1.39115e-01 |
   8810 | 7.30465e+01 8.29133e-03 | 1.25331e-02 1.07867e-01 1.39115e-01 |
   8811 | 7.30548e+01 8.29132e-03 | 1.25331e-02 1.07867e-01 1.39115e-01 |
   8812 | 7.30630e+01 8.29132e-03 | 1.25331e-02 1.07867e-01 1.39115e-01 |
   8813 | 7.30713e+01 8.29131e-03 | 1.25331e-02 1.07867e-01 1.39115e-01 |
   8814 | 7.30796e+01 8.29131e-03 | 1.25331e-02 1.07867e-01 1.39115e-01 |
   8815 | 7.30879e+01 8.29131e-03 | 1.25331e-02 1.07867e-01 1.39115e-01 |
   8816 | 7.30962e+01 8.29130e-03 | 1.25331e-02 1.07867e-01 1.39115e-01 |
   8817 | 7.31045e+01 8.29130e-03 | 1.25331e-02 1.07867e-01 1.39115e-01 |
   8818 | 7.31128e+01 8.29130e-03 | 1.25331e-02 1.07867e-01 1.39115e-01 |
   8819 | 7.31211e+01 8.29129e-03 | 1.25331e-02 1.07867e-01 1.39115e-01 |
   8820 | 7.31294e+01 8.29129e-03 | 1.25331e-02 1.07867e-01 1.39115e-01 |
   8821 | 7.31377e+01 8.29129e-03 | 1.25331e-02 1.07867e-01 1.39115e-01 |
   8822 | 7.31460e+01 8.29129e-03 | 1.25331e-02 1.07867e-01 1.39115e-01 |
   8823 | 7.31542e+01 8.29129e-03 | 1.25331e-02 1.07867e-01 1.39115e-01 |
   8824 | 7.31625e+01 8.29129e-03 | 1.25331e-02 1.07867e-01 1.39115e-01 |
   8825 | 7.31708e+01 8.29129e-03 | 1.25331e-02 1.07867e-01 1.39115e-01 |
   8826 | 7.31791e+01 8.29129e-03 | 1.25331e-02 1.07867e-01 1.39115e-01 |
   8827 | 7.31874e+01 8.29129e-03 | 1.25331e-02 1.07867e-01 1.39115e-01 |
   8828 | 7.31957e+01 8.29129e-03 | 1.25331e-02 1.07867e-01 1.39115e-01 |
   8829 | 7.32040e+01 8.29129e-03 | 1.25331e-02 1.07867e-01 1.39115e-01 |
   8830 | 7.32123e+01 8.29130e-03 | 1.25331e-02 1.07867e-01 1.39115e-01 |
   8831 | 7.32206e+01 8.29130e-03 | 1.25331e-02 1.07867e-01 1.39115e-01 |
   8832 | 7.32289e+01 8.29130e-03 | 1.25331e-02 1.07867e-01 1.39115e-01 |
   8833 | 7.32372e+01 8.29131e-03 | 1.25331e-02 1.07867e-01 1.39115e-01 |
   8834 | 7.32455e+01 8.29131e-03 | 1.25331e-02 1.07867e-01 1.39115e-01 |
   8835 | 7.32537e+01 8.29131e-03 | 1.25331e-02 1.07867e-01 1.39115e-01 |
   8836 | 7.32620e+01 8.29132e-03 | 1.25331e-02 1.07867e-01 1.39115e-01 |
   8837 | 7.32703e+01 8.29133e-03 | 1.25331e-02 1.07867e-01 1.39115e-01 |
   8838 | 7.32786e+01 8.29133e-03 | 1.25331e-02 1.07867e-01 1.39115e-01 |
   8839 | 7.32869e+01 8.29133e-03 | 1.25331e-02 1.07867e-01 1.39115e-01 |
   8840 | 7.32952e+01 8.29133e-03 | 1.25331e-02 1.07867e-01 1.39115e-01 |
   8841 | 7.33035e+01 8.29133e-03 | 1.25331e-02 1.07867e-01 1.39115e-01 |
   8842 | 7.33118e+01 8.29133e-03 | 1.25331e-02 1.07867e-01 1.39115e-01 |
   8843 | 7.33201e+01 8.29133e-03 | 1.25331e-02 1.07867e-01 1.39115e-01 |
   8844 | 7.33284e+01 8.29133e-03 | 1.25331e-02 1.07867e-01 1.39115e-01 |
   8845 | 7.33367e+01 8.29134e-03 | 1.25331e-02 1.07867e-01 1.39115e-01 |
   8846 | 7.33449e+01 8.29134e-03 | 1.25331e-02 1.07867e-01 1.39115e-01 |
   8847 | 7.33532e+01 8.29134e-03 | 1.25331e-02 1.07867e-01 1.39115e-01 |
   8848 | 7.33615e+01 8.29135e-03 | 1.25331e-02 1.07867e-01 1.39115e-01 |
   8849 | 7.33698e+01 8.29135e-03 | 1.25331e-02 1.07867e-01 1.39115e-01 |
   8850 | 7.33781e+01 8.29136e-03 | 1.25331e-02 1.07867e-01 1.39115e-01 |
   8851 | 7.33864e+01 8.29136e-03 | 1.25331e-02 1.07867e-01 1.39115e-01 |
   8852 | 7.33947e+01 8.29137e-03 | 1.25331e-02 1.07867e-01 1.39115e-01 |
   8853 | 7.34030e+01 8.29137e-03 | 1.25331e-02 1.07867e-01 1.39115e-01 |
   8854 | 7.34113e+01 8.29138e-03 | 1.25331e-02 1.07867e-01 1.39115e-01 |
   8855 | 7.34196e+01 8.29139e-03 | 1.25331e-02 1.07867e-01 1.39115e-01 |
   8856 | 7.34279e+01 8.29140e-03 | 1.25331e-02 1.07867e-01 1.39115e-01 |
   8857 | 7.34362e+01 8.29139e-03 | 1.25331e-02 1.07867e-01 1.39115e-01 |
   8858 | 7.34444e+01 8.29138e-03 | 1.25331e-02 1.07867e-01 1.39115e-01 |
   8859 | 7.34527e+01 8.29137e-03 | 1.25331e-02 1.07867e-01 1.39115e-01 |
   8860 | 7.34610e+01 8.29136e-03 | 1.25331e-02 1.07867e-01 1.39115e-01 |
   8861 | 7.34693e+01 8.29135e-03 | 1.25331e-02 1.07867e-01 1.39115e-01 |
   8862 | 7.34776e+01 8.29134e-03 | 1.25331e-02 1.07867e-01 1.39115e-01 |
   8863 | 7.34859e+01 8.29133e-03 | 1.25331e-02 1.07867e-01 1.39115e-01 |
   8864 | 7.34942e+01 8.29133e-03 | 1.25331e-02 1.07867e-01 1.39115e-01 |
   8865 | 7.35025e+01 8.29132e-03 | 1.25331e-02 1.07867e-01 1.39115e-01 |
   8866 | 7.35108e+01 8.29131e-03 | 1.25331e-02 1.07867e-01 1.39115e-01 |
   8867 | 7.35191e+01 8.29131e-03 | 1.25331e-02 1.07867e-01 1.39115e-01 |
   8868 | 7.35274e+01 8.29130e-03 | 1.25331e-02 1.07867e-01 1.39115e-01 |
   8869 | 7.35356e+01 8.29130e-03 | 1.25331e-02 1.07867e-01 1.39115e-01 |
   8870 | 7.35439e+01 8.29129e-03 | 1.25331e-02 1.07867e-01 1.39115e-01 |
   8871 | 7.35522e+01 8.29129e-03 | 1.25331e-02 1.07867e-01 1.39115e-01 |
   8872 | 7.35605e+01 8.29128e-03 | 1.25331e-02 1.07867e-01 1.39115e-01 |
   8873 | 7.35688e+01 8.29128e-03 | 1.25331e-02 1.07867e-01 1.39115e-01 |
   8874 | 7.35771e+01 8.29128e-03 | 1.25331e-02 1.07867e-01 1.39115e-01 |
   8875 | 7.35854e+01 8.29127e-03 | 1.25331e-02 1.07867e-01 1.39115e-01 |
   8876 | 7.35937e+01 8.29127e-03 | 1.25331e-02 1.07867e-01 1.39115e-01 |
   8877 | 7.36020e+01 8.29127e-03 | 1.25331e-02 1.07867e-01 1.39115e-01 |
   8878 | 7.36103e+01 8.29127e-03 | 1.25331e-02 1.07867e-01 1.39115e-01 |
   8879 | 7.36186e+01 8.29127e-03 | 1.25331e-02 1.07867e-01 1.39115e-01 |
   8880 | 7.36269e+01 8.29127e-03 | 1.25331e-02 1.07867e-01 1.39115e-01 |
   8881 | 7.36351e+01 8.29127e-03 | 1.25331e-02 1.07867e-01 1.39115e-01 |
   8882 | 7.36434e+01 8.29127e-03 | 1.25331e-02 1.07867e-01 1.39115e-01 |
   8883 | 7.36517e+01 8.29127e-03 | 1.25331e-02 1.07867e-01 1.39115e-01 |
   8884 | 7.36600e+01 8.29127e-03 | 1.25331e-02 1.07867e-01 1.39115e-01 |
   8885 | 7.36683e+01 8.29127e-03 | 1.25331e-02 1.07867e-01 1.39115e-01 |
   8886 | 7.36766e+01 8.29127e-03 | 1.25331e-02 1.07867e-01 1.39115e-01 |
   8887 | 7.36849e+01 8.29128e-03 | 1.25331e-02 1.07867e-01 1.39115e-01 |
   8888 | 7.36932e+01 8.29128e-03 | 1.25331e-02 1.07867e-01 1.39115e-01 |
   8889 | 7.37015e+01 8.29128e-03 | 1.25331e-02 1.07867e-01 1.39115e-01 |
   8890 | 7.37098e+01 8.29129e-03 | 1.25331e-02 1.07867e-01 1.39115e-01 |
   8891 | 7.37181e+01 8.29129e-03 | 1.25331e-02 1.07867e-01 1.39115e-01 |
   8892 | 7.37263e+01 8.29129e-03 | 1.25331e-02 1.07867e-01 1.39115e-01 |
   8893 | 7.37346e+01 8.29130e-03 | 1.25331e-02 1.07867e-01 1.39115e-01 |
   8894 | 7.37429e+01 8.29131e-03 | 1.25331e-02 1.07867e-01 1.39115e-01 |
   8895 | 7.37512e+01 8.29131e-03 | 1.25331e-02 1.07867e-01 1.39115e-01 |
   8896 | 7.37595e+01 8.29132e-03 | 1.25331e-02 1.07867e-01 1.39115e-01 |
   8897 | 7.37678e+01 8.29132e-03 | 1.25331e-02 1.07867e-01 1.39115e-01 |
   8898 | 7.37761e+01 8.29133e-03 | 1.25331e-02 1.07867e-01 1.39115e-01 |
   8899 | 7.37844e+01 8.29134e-03 | 1.25331e-02 1.07867e-01 1.39115e-01 |
   8900 | 7.37927e+01 8.29135e-03 | 1.25331e-02 1.07867e-01 1.39115e-01 |
   8901 | 7.38010e+01 8.29136e-03 | 1.25331e-02 1.07867e-01 1.39115e-01 |
   8902 | 7.38093e+01 8.29137e-03 | 1.25331e-02 1.07867e-01 1.39115e-01 |
   8903 | 7.38176e+01 8.29138e-03 | 1.25331e-02 1.07867e-01 1.39115e-01 |
   8904 | 7.38258e+01 8.29139e-03 | 1.25331e-02 1.07867e-01 1.39115e-01 |
   8905 | 7.38341e+01 8.29140e-03 | 1.25331e-02 1.07867e-01 1.39115e-01 |
   8906 | 7.38424e+01 8.29141e-03 | 1.25331e-02 1.07867e-01 1.39115e-01 |
   8907 | 7.38507e+01 8.29142e-03 | 1.25331e-02 1.07867e-01 1.39115e-01 |
   8908 | 7.38590e+01 8.29143e-03 | 1.25331e-02 1.07867e-01 1.39115e-01 |
   8909 | 7.38673e+01 8.29143e-03 | 1.25331e-02 1.07867e-01 1.39115e-01 |
   8910 | 7.38756e+01 8.29142e-03 | 1.25331e-02 1.07867e-01 1.39115e-01 |
   8911 | 7.38839e+01 8.29141e-03 | 1.25331e-02 1.07867e-01 1.39115e-01 |
   8912 | 7.38922e+01 8.29140e-03 | 1.25331e-02 1.07867e-01 1.39115e-01 |
   8913 | 7.39005e+01 8.29139e-03 | 1.25331e-02 1.07867e-01 1.39115e-01 |
   8914 | 7.39088e+01 8.29138e-03 | 1.25331e-02 1.07867e-01 1.39115e-01 |
   8915 | 7.39170e+01 8.29137e-03 | 1.25331e-02 1.07867e-01 1.39115e-01 |
   8916 | 7.39253e+01 8.29137e-03 | 1.25331e-02 1.07867e-01 1.39115e-01 |
   8917 | 7.39336e+01 8.29136e-03 | 1.25331e-02 1.07867e-01 1.39115e-01 |
   8918 | 7.39419e+01 8.29135e-03 | 1.25331e-02 1.07867e-01 1.39115e-01 |
   8919 | 7.39502e+01 8.29134e-03 | 1.25331e-02 1.07867e-01 1.39115e-01 |
   8920 | 7.39585e+01 8.29134e-03 | 1.25331e-02 1.07867e-01 1.39115e-01 |
   8921 | 7.39668e+01 8.29133e-03 | 1.25331e-02 1.07867e-01 1.39115e-01 |
   8922 | 7.39751e+01 8.29132e-03 | 1.25331e-02 1.07867e-01 1.39115e-01 |
   8923 | 7.39834e+01 8.29131e-03 | 1.25331e-02 1.07867e-01 1.39115e-01 |
   8924 | 7.39917e+01 8.29130e-03 | 1.25331e-02 1.07867e-01 1.39115e-01 |
   8925 | 7.40000e+01 8.29129e-03 | 1.25331e-02 1.07867e-01 1.39115e-01 |
   8926 | 7.40083e+01 8.29129e-03 | 1.25331e-02 1.07867e-01 1.39115e-01 |
   8927 | 7.40165e+01 8.29128e-03 | 1.25331e-02 1.07867e-01 1.39115e-01 |
   8928 | 7.40248e+01 8.29127e-03 | 1.25331e-02 1.07867e-01 1.39115e-01 |
   8929 | 7.40331e+01 8.29127e-03 | 1.25331e-02 1.07867e-01 1.39115e-01 |
   8930 | 7.40414e+01 8.29126e-03 | 1.25331e-02 1.07867e-01 1.39115e-01 |
   8931 | 7.40497e+01 8.29126e-03 | 1.25331e-02 1.07867e-01 1.39115e-01 |
   8932 | 7.40580e+01 8.29125e-03 | 1.25331e-02 1.07867e-01 1.39115e-01 |
   8933 | 7.40663e+01 8.29125e-03 | 1.25331e-02 1.07867e-01 1.39115e-01 |
   8934 | 7.40746e+01 8.29125e-03 | 1.25331e-02 1.07867e-01 1.39115e-01 |
   8935 | 7.40829e+01 8.29124e-03 | 1.25331e-02 1.07867e-01 1.39115e-01 |
   8936 | 7.40912e+01 8.29124e-03 | 1.25331e-02 1.07867e-01 1.39115e-01 |
   8937 | 7.40995e+01 8.29124e-03 | 1.25331e-02 1.07867e-01 1.39115e-01 |
   8938 | 7.41077e+01 8.29124e-03 | 1.25331e-02 1.07867e-01 1.39115e-01 |
   8939 | 7.41160e+01 8.29124e-03 | 1.25331e-02 1.07867e-01 1.39115e-01 |
   8940 | 7.41243e+01 8.29124e-03 | 1.25331e-02 1.07867e-01 1.39115e-01 |
   8941 | 7.41326e+01 8.29124e-03 | 1.25331e-02 1.07867e-01 1.39115e-01 |
   8942 | 7.41409e+01 8.29124e-03 | 1.25331e-02 1.07867e-01 1.39115e-01 |
   8943 | 7.41492e+01 8.29124e-03 | 1.25331e-02 1.07867e-01 1.39115e-01 |
   8944 | 7.41575e+01 8.29124e-03 | 1.25331e-02 1.07867e-01 1.39115e-01 |
   8945 | 7.41658e+01 8.29124e-03 | 1.25331e-02 1.07867e-01 1.39115e-01 |
   8946 | 7.41741e+01 8.29124e-03 | 1.25331e-02 1.07867e-01 1.39115e-01 |
   8947 | 7.41824e+01 8.29124e-03 | 1.25331e-02 1.07867e-01 1.39115e-01 |
   8948 | 7.41907e+01 8.29124e-03 | 1.25331e-02 1.07867e-01 1.39115e-01 |
   8949 | 7.41990e+01 8.29125e-03 | 1.25331e-02 1.07867e-01 1.39115e-01 |
   8950 | 7.42072e+01 8.29125e-03 | 1.25331e-02 1.07867e-01 1.39115e-01 |
   8951 | 7.42155e+01 8.29125e-03 | 1.25331e-02 1.07867e-01 1.39115e-01 |
   8952 | 7.42238e+01 8.29126e-03 | 1.25331e-02 1.07867e-01 1.39115e-01 |
   8953 | 7.42321e+01 8.29126e-03 | 1.25331e-02 1.07867e-01 1.39115e-01 |
   8954 | 7.42404e+01 8.29127e-03 | 1.25331e-02 1.07867e-01 1.39115e-01 |
   8955 | 7.42487e+01 8.29127e-03 | 1.25331e-02 1.07867e-01 1.39115e-01 |
   8956 | 7.42570e+01 8.29128e-03 | 1.25331e-02 1.07867e-01 1.39115e-01 |
   8957 | 7.42653e+01 8.29129e-03 | 1.25331e-02 1.07867e-01 1.39115e-01 |
   8958 | 7.42736e+01 8.29129e-03 | 1.25331e-02 1.07867e-01 1.39115e-01 |
   8959 | 7.42819e+01 8.29130e-03 | 1.25331e-02 1.07867e-01 1.39115e-01 |
   8960 | 7.42902e+01 8.29131e-03 | 1.25331e-02 1.07867e-01 1.39115e-01 |
   8961 | 7.42984e+01 8.29132e-03 | 1.25331e-02 1.07867e-01 1.39115e-01 |
   8962 | 7.43067e+01 8.29133e-03 | 1.25331e-02 1.07867e-01 1.39115e-01 |
   8963 | 7.43150e+01 8.29134e-03 | 1.25331e-02 1.07867e-01 1.39115e-01 |
   8964 | 7.43233e+01 8.29135e-03 | 1.25331e-02 1.07867e-01 1.39115e-01 |
   8965 | 7.43316e+01 8.29136e-03 | 1.25331e-02 1.07867e-01 1.39115e-01 |
   8966 | 7.43399e+01 8.29137e-03 | 1.25331e-02 1.07867e-01 1.39115e-01 |
   8967 | 7.43482e+01 8.29138e-03 | 1.25331e-02 1.07867e-01 1.39115e-01 |
   8968 | 7.43565e+01 8.29139e-03 | 1.25331e-02 1.07867e-01 1.39115e-01 |
   8969 | 7.43648e+01 8.29138e-03 | 1.25331e-02 1.07867e-01 1.39115e-01 |
   8970 | 7.43731e+01 8.29137e-03 | 1.25331e-02 1.07867e-01 1.39115e-01 |
   8971 | 7.43814e+01 8.29136e-03 | 1.25331e-02 1.07867e-01 1.39115e-01 |
   8972 | 7.43897e+01 8.29135e-03 | 1.25331e-02 1.07867e-01 1.39115e-01 |
   8973 | 7.43979e+01 8.29134e-03 | 1.25331e-02 1.07867e-01 1.39115e-01 |
   8974 | 7.44062e+01 8.29133e-03 | 1.25331e-02 1.07867e-01 1.39115e-01 |
   8975 | 7.44145e+01 8.29132e-03 | 1.25331e-02 1.07867e-01 1.39115e-01 |
   8976 | 7.44228e+01 8.29131e-03 | 1.25331e-02 1.07867e-01 1.39115e-01 |
   8977 | 7.44311e+01 8.29130e-03 | 1.25331e-02 1.07867e-01 1.39115e-01 |
   8978 | 7.44394e+01 8.29130e-03 | 1.25331e-02 1.07867e-01 1.39115e-01 |
   8979 | 7.44477e+01 8.29129e-03 | 1.25331e-02 1.07867e-01 1.39115e-01 |
   8980 | 7.44560e+01 8.29128e-03 | 1.25331e-02 1.07867e-01 1.39115e-01 |
   8981 | 7.44643e+01 8.29128e-03 | 1.25331e-02 1.07867e-01 1.39115e-01 |
   8982 | 7.44726e+01 8.29127e-03 | 1.25331e-02 1.07867e-01 1.39115e-01 |
   8983 | 7.44809e+01 8.29127e-03 | 1.25331e-02 1.07867e-01 1.39115e-01 |
   8984 | 7.44891e+01 8.29126e-03 | 1.25331e-02 1.07867e-01 1.39115e-01 |
   8985 | 7.44974e+01 8.29126e-03 | 1.25331e-02 1.07867e-01 1.39115e-01 |
   8986 | 7.45057e+01 8.29125e-03 | 1.25331e-02 1.07867e-01 1.39115e-01 |
   8987 | 7.45140e+01 8.29125e-03 | 1.25331e-02 1.07867e-01 1.39115e-01 |
   8988 | 7.45223e+01 8.29124e-03 | 1.25331e-02 1.07867e-01 1.39115e-01 |
   8989 | 7.45306e+01 8.29124e-03 | 1.25331e-02 1.07867e-01 1.39115e-01 |
   8990 | 7.45389e+01 8.29124e-03 | 1.25331e-02 1.07867e-01 1.39115e-01 |
   8991 | 7.45472e+01 8.29124e-03 | 1.25331e-02 1.07867e-01 1.39115e-01 |
   8992 | 7.45555e+01 8.29124e-03 | 1.25331e-02 1.07867e-01 1.39115e-01 |
   8993 | 7.45638e+01 8.29124e-03 | 1.25331e-02 1.07867e-01 1.39115e-01 |
   8994 | 7.45721e+01 8.29123e-03 | 1.25331e-02 1.07867e-01 1.39115e-01 |
   8995 | 7.45804e+01 8.29123e-03 | 1.25331e-02 1.07867e-01 1.39115e-01 |
   8996 | 7.45886e+01 8.29123e-03 | 1.25331e-02 1.07867e-01 1.39115e-01 |
   8997 | 7.45969e+01 8.29124e-03 | 1.25331e-02 1.07867e-01 1.39115e-01 |
   8998 | 7.46052e+01 8.29124e-03 | 1.25331e-02 1.07867e-01 1.39115e-01 |
   8999 | 7.46135e+01 8.29124e-03 | 1.25331e-02 1.07867e-01 1.39115e-01 |
   9000 | 7.46218e+01 8.29124e-03 | 1.25331e-02 1.07867e-01 1.39115e-01 |
   9001 | 7.46301e+01 8.29124e-03 | 1.25331e-02 1.07867e-01 1.39115e-01 |
   9002 | 7.46384e+01 8.29125e-03 | 1.25331e-02 1.07867e-01 1.39115e-01 |
   9003 | 7.46467e+01 8.29125e-03 | 1.25331e-02 1.07867e-01 1.39115e-01 |
   9004 | 7.46550e+01 8.29125e-03 | 1.25331e-02 1.07867e-01 1.39115e-01 |
   9005 | 7.46633e+01 8.29126e-03 | 1.25331e-02 1.07867e-01 1.39115e-01 |
   9006 | 7.46716e+01 8.29126e-03 | 1.25331e-02 1.07867e-01 1.39115e-01 |
   9007 | 7.46798e+01 8.29127e-03 | 1.25331e-02 1.07867e-01 1.39115e-01 |
   9008 | 7.46881e+01 8.29127e-03 | 1.25331e-02 1.07867e-01 1.39115e-01 |
   9009 | 7.46964e+01 8.29128e-03 | 1.25331e-02 1.07867e-01 1.39115e-01 |
   9010 | 7.47047e+01 8.29128e-03 | 1.25331e-02 1.07867e-01 1.39115e-01 |
   9011 | 7.47130e+01 8.29129e-03 | 1.25331e-02 1.07867e-01 1.39115e-01 |
   9012 | 7.47213e+01 8.29130e-03 | 1.25331e-02 1.07867e-01 1.39115e-01 |
   9013 | 7.47296e+01 8.29131e-03 | 1.25331e-02 1.07867e-01 1.39115e-01 |
   9014 | 7.47379e+01 8.29131e-03 | 1.25331e-02 1.07867e-01 1.39115e-01 |
   9015 | 7.47462e+01 8.29132e-03 | 1.25331e-02 1.07867e-01 1.39115e-01 |
   9016 | 7.47545e+01 8.29133e-03 | 1.25331e-02 1.07867e-01 1.39115e-01 |
   9017 | 7.47628e+01 8.29134e-03 | 1.25331e-02 1.07867e-01 1.39115e-01 |
   9018 | 7.47711e+01 8.29135e-03 | 1.25331e-02 1.07867e-01 1.39115e-01 |
   9019 | 7.47793e+01 8.29136e-03 | 1.25331e-02 1.07867e-01 1.39115e-01 |
   9020 | 7.47876e+01 8.29137e-03 | 1.25331e-02 1.07867e-01 1.39115e-01 |
   9021 | 7.47959e+01 8.29138e-03 | 1.25331e-02 1.07867e-01 1.39115e-01 |
   9022 | 7.48042e+01 8.29140e-03 | 1.25331e-02 1.07867e-01 1.39115e-01 |
   9023 | 7.48125e+01 8.29141e-03 | 1.25331e-02 1.07867e-01 1.39115e-01 |
   9024 | 7.48208e+01 8.29140e-03 | 1.25331e-02 1.07867e-01 1.39115e-01 |
   9025 | 7.48291e+01 8.29139e-03 | 1.25331e-02 1.07867e-01 1.39115e-01 |
   9026 | 7.48374e+01 8.29138e-03 | 1.25331e-02 1.07867e-01 1.39115e-01 |
   9027 | 7.48457e+01 8.29136e-03 | 1.25331e-02 1.07867e-01 1.39115e-01 |
   9028 | 7.48540e+01 8.29135e-03 | 1.25331e-02 1.07867e-01 1.39115e-01 |
   9029 | 7.48623e+01 8.29134e-03 | 1.25331e-02 1.07867e-01 1.39115e-01 |
   9030 | 7.48705e+01 8.29133e-03 | 1.25331e-02 1.07867e-01 1.39115e-01 |
   9031 | 7.48788e+01 8.29133e-03 | 1.25331e-02 1.07867e-01 1.39115e-01 |
   9032 | 7.48871e+01 8.29132e-03 | 1.25331e-02 1.07867e-01 1.39115e-01 |
   9033 | 7.48954e+01 8.29131e-03 | 1.25331e-02 1.07867e-01 1.39115e-01 |
   9034 | 7.49037e+01 8.29130e-03 | 1.25331e-02 1.07867e-01 1.39115e-01 |
   9035 | 7.49120e+01 8.29129e-03 | 1.25331e-02 1.07867e-01 1.39115e-01 |
   9036 | 7.49203e+01 8.29129e-03 | 1.25331e-02 1.07867e-01 1.39115e-01 |
   9037 | 7.49286e+01 8.29128e-03 | 1.25331e-02 1.07867e-01 1.39115e-01 |
   9038 | 7.49369e+01 8.29127e-03 | 1.25331e-02 1.07867e-01 1.39115e-01 |
   9039 | 7.49452e+01 8.29127e-03 | 1.25331e-02 1.07867e-01 1.39115e-01 |
   9040 | 7.49535e+01 8.29126e-03 | 1.25331e-02 1.07867e-01 1.39115e-01 |
   9041 | 7.49618e+01 8.29126e-03 | 1.25331e-02 1.07867e-01 1.39115e-01 |
   9042 | 7.49700e+01 8.29125e-03 | 1.25331e-02 1.07867e-01 1.39115e-01 |
   9043 | 7.49783e+01 8.29125e-03 | 1.25331e-02 1.07867e-01 1.39115e-01 |
   9044 | 7.49866e+01 8.29125e-03 | 1.25331e-02 1.07867e-01 1.39115e-01 |
   9045 | 7.49949e+01 8.29124e-03 | 1.25331e-02 1.07867e-01 1.39115e-01 |
   9046 | 7.50032e+01 8.29124e-03 | 1.25331e-02 1.07867e-01 1.39115e-01 |
   9047 | 7.50115e+01 8.29124e-03 | 1.25331e-02 1.07867e-01 1.39115e-01 |
   9048 | 7.50198e+01 8.29124e-03 | 1.25331e-02 1.07867e-01 1.39115e-01 |
   9049 | 7.50281e+01 8.29124e-03 | 1.25331e-02 1.07867e-01 1.39115e-01 |
   9050 | 7.50364e+01 8.29123e-03 | 1.25331e-02 1.07867e-01 1.39115e-01 |
   9051 | 7.50447e+01 8.29123e-03 | 1.25331e-02 1.07867e-01 1.39115e-01 |
   9052 | 7.50530e+01 8.29123e-03 | 1.25331e-02 1.07867e-01 1.39115e-01 |
   9053 | 7.50612e+01 8.29123e-03 | 1.25331e-02 1.07867e-01 1.39115e-01 |
   9054 | 7.50695e+01 8.29124e-03 | 1.25331e-02 1.07867e-01 1.39115e-01 |
   9055 | 7.50778e+01 8.29124e-03 | 1.25331e-02 1.07867e-01 1.39115e-01 |
   9056 | 7.50861e+01 8.29124e-03 | 1.25331e-02 1.07867e-01 1.39115e-01 |
   9057 | 7.50944e+01 8.29124e-03 | 1.25331e-02 1.07867e-01 1.39115e-01 |
   9058 | 7.51027e+01 8.29124e-03 | 1.25331e-02 1.07867e-01 1.39115e-01 |
   9059 | 7.51110e+01 8.29125e-03 | 1.25331e-02 1.07867e-01 1.39115e-01 |
   9060 | 7.51193e+01 8.29125e-03 | 1.25331e-02 1.07867e-01 1.39115e-01 |
   9061 | 7.51276e+01 8.29125e-03 | 1.25331e-02 1.07867e-01 1.39115e-01 |
   9062 | 7.51359e+01 8.29126e-03 | 1.25331e-02 1.07867e-01 1.39115e-01 |
   9063 | 7.51442e+01 8.29126e-03 | 1.25331e-02 1.07867e-01 1.39115e-01 |
   9064 | 7.51524e+01 8.29127e-03 | 1.25331e-02 1.07867e-01 1.39115e-01 |
   9065 | 7.51607e+01 8.29127e-03 | 1.25331e-02 1.07867e-01 1.39115e-01 |
   9066 | 7.51690e+01 8.29128e-03 | 1.25331e-02 1.07867e-01 1.39115e-01 |
   9067 | 7.51773e+01 8.29129e-03 | 1.25331e-02 1.07867e-01 1.39115e-01 |
   9068 | 7.51856e+01 8.29129e-03 | 1.25331e-02 1.07867e-01 1.39115e-01 |
   9069 | 7.51939e+01 8.29130e-03 | 1.25331e-02 1.07867e-01 1.39115e-01 |
   9070 | 7.52022e+01 8.29131e-03 | 1.25331e-02 1.07867e-01 1.39115e-01 |
   9071 | 7.52105e+01 8.29132e-03 | 1.25331e-02 1.07867e-01 1.39115e-01 |
   9072 | 7.52188e+01 8.29133e-03 | 1.25331e-02 1.07867e-01 1.39115e-01 |
   9073 | 7.52271e+01 8.29134e-03 | 1.25331e-02 1.07867e-01 1.39115e-01 |
   9074 | 7.52354e+01 8.29135e-03 | 1.25331e-02 1.07867e-01 1.39115e-01 |
   9075 | 7.52437e+01 8.29136e-03 | 1.25331e-02 1.07867e-01 1.39115e-01 |
   9076 | 7.52519e+01 8.29137e-03 | 1.25331e-02 1.07867e-01 1.39115e-01 |
   9077 | 7.52602e+01 8.29138e-03 | 1.25331e-02 1.07867e-01 1.39115e-01 |
   9078 | 7.52685e+01 8.29139e-03 | 1.25331e-02 1.07867e-01 1.39115e-01 |
   9079 | 7.52768e+01 8.29138e-03 | 1.25331e-02 1.07867e-01 1.39115e-01 |
   9080 | 7.52851e+01 8.29137e-03 | 1.25331e-02 1.07867e-01 1.39115e-01 |
   9081 | 7.52934e+01 8.29136e-03 | 1.25331e-02 1.07867e-01 1.39115e-01 |
   9082 | 7.53017e+01 8.29135e-03 | 1.25331e-02 1.07867e-01 1.39115e-01 |
   9083 | 7.53100e+01 8.29134e-03 | 1.25331e-02 1.07867e-01 1.39115e-01 |
   9084 | 7.53183e+01 8.29133e-03 | 1.25331e-02 1.07867e-01 1.39115e-01 |
   9085 | 7.53266e+01 8.29132e-03 | 1.25331e-02 1.07867e-01 1.39115e-01 |
   9086 | 7.53349e+01 8.29131e-03 | 1.25331e-02 1.07867e-01 1.39115e-01 |
   9087 | 7.53432e+01 8.29131e-03 | 1.25331e-02 1.07867e-01 1.39115e-01 |
   9088 | 7.53514e+01 8.29130e-03 | 1.25331e-02 1.07867e-01 1.39115e-01 |
   9089 | 7.53597e+01 8.29129e-03 | 1.25331e-02 1.07867e-01 1.39115e-01 |
   9090 | 7.53680e+01 8.29128e-03 | 1.25331e-02 1.07867e-01 1.39115e-01 |
   9091 | 7.53763e+01 8.29128e-03 | 1.25331e-02 1.07867e-01 1.39115e-01 |
   9092 | 7.53846e+01 8.29127e-03 | 1.25331e-02 1.07867e-01 1.39115e-01 |
   9093 | 7.53929e+01 8.29127e-03 | 1.25331e-02 1.07867e-01 1.39115e-01 |
   9094 | 7.54012e+01 8.29126e-03 | 1.25331e-02 1.07867e-01 1.39115e-01 |
   9095 | 7.54095e+01 8.29126e-03 | 1.25331e-02 1.07867e-01 1.39115e-01 |
   9096 | 7.54178e+01 8.29125e-03 | 1.25331e-02 1.07867e-01 1.39115e-01 |
   9097 | 7.54261e+01 8.29125e-03 | 1.25331e-02 1.07867e-01 1.39115e-01 |
   9098 | 7.54344e+01 8.29125e-03 | 1.25331e-02 1.07867e-01 1.39115e-01 |
   9099 | 7.54426e+01 8.29124e-03 | 1.25331e-02 1.07867e-01 1.39115e-01 |
   9100 | 7.54509e+01 8.29124e-03 | 1.25331e-02 1.07867e-01 1.39115e-01 |
   9101 | 7.54592e+01 8.29124e-03 | 1.25331e-02 1.07867e-01 1.39115e-01 |
   9102 | 7.54675e+01 8.29124e-03 | 1.25331e-02 1.07867e-01 1.39115e-01 |
   9103 | 7.54758e+01 8.29124e-03 | 1.25331e-02 1.07867e-01 1.39115e-01 |
   9104 | 7.54841e+01 8.29124e-03 | 1.25331e-02 1.07867e-01 1.39115e-01 |
   9105 | 7.54924e+01 8.29124e-03 | 1.25331e-02 1.07867e-01 1.39115e-01 |
   9106 | 7.55007e+01 8.29124e-03 | 1.25331e-02 1.07867e-01 1.39115e-01 |
   9107 | 7.55090e+01 8.29124e-03 | 1.25331e-02 1.07867e-01 1.39115e-01 |
   9108 | 7.55173e+01 8.29124e-03 | 1.25331e-02 1.07867e-01 1.39115e-01 |
   9109 | 7.55256e+01 8.29124e-03 | 1.25331e-02 1.07867e-01 1.39115e-01 |
   9110 | 7.55338e+01 8.29124e-03 | 1.25331e-02 1.07867e-01 1.39115e-01 |
   9111 | 7.55421e+01 8.29124e-03 | 1.25331e-02 1.07867e-01 1.39115e-01 |
   9112 | 7.55504e+01 8.29125e-03 | 1.25331e-02 1.07867e-01 1.39115e-01 |
   9113 | 7.55587e+01 8.29125e-03 | 1.25331e-02 1.07867e-01 1.39115e-01 |
   9114 | 7.55670e+01 8.29125e-03 | 1.25331e-02 1.07867e-01 1.39115e-01 |
   9115 | 7.55753e+01 8.29126e-03 | 1.25331e-02 1.07867e-01 1.39115e-01 |
   9116 | 7.55836e+01 8.29126e-03 | 1.25331e-02 1.07867e-01 1.39115e-01 |
   9117 | 7.55919e+01 8.29127e-03 | 1.25331e-02 1.07867e-01 1.39115e-01 |
   9118 | 7.56002e+01 8.29127e-03 | 1.25331e-02 1.07867e-01 1.39115e-01 |
   9119 | 7.56085e+01 8.29128e-03 | 1.25331e-02 1.07867e-01 1.39115e-01 |
   9120 | 7.56168e+01 8.29129e-03 | 1.25331e-02 1.07867e-01 1.39115e-01 |
   9121 | 7.56251e+01 8.29129e-03 | 1.25331e-02 1.07867e-01 1.39115e-01 |
   9122 | 7.56333e+01 8.29130e-03 | 1.25331e-02 1.07867e-01 1.39115e-01 |
   9123 | 7.56416e+01 8.29131e-03 | 1.25331e-02 1.07867e-01 1.39115e-01 |
   9124 | 7.56499e+01 8.29132e-03 | 1.25331e-02 1.07867e-01 1.39115e-01 |
   9125 | 7.56582e+01 8.29132e-03 | 1.25331e-02 1.07867e-01 1.39115e-01 |
   9126 | 7.56665e+01 8.29133e-03 | 1.25331e-02 1.07867e-01 1.39115e-01 |
   9127 | 7.56748e+01 8.29134e-03 | 1.25331e-02 1.07867e-01 1.39115e-01 |
   9128 | 7.56831e+01 8.29134e-03 | 1.25331e-02 1.07867e-01 1.39115e-01 |
   9129 | 7.56914e+01 8.29135e-03 | 1.25331e-02 1.07867e-01 1.39115e-01 |
   9130 | 7.56997e+01 8.29136e-03 | 1.25331e-02 1.07867e-01 1.39115e-01 |
   9131 | 7.57080e+01 8.29137e-03 | 1.25331e-02 1.07867e-01 1.39115e-01 |
   9132 | 7.57163e+01 8.29138e-03 | 1.25331e-02 1.07867e-01 1.39115e-01 |
   9133 | 7.57245e+01 8.29138e-03 | 1.25331e-02 1.07867e-01 1.39115e-01 |
   9134 | 7.57328e+01 8.29139e-03 | 1.25331e-02 1.07867e-01 1.39115e-01 |
   9135 | 7.57411e+01 8.29140e-03 | 1.25331e-02 1.07867e-01 1.39115e-01 |
   9136 | 7.57494e+01 8.29141e-03 | 1.25331e-02 1.07867e-01 1.39115e-01 |
   9137 | 7.57577e+01 8.29142e-03 | 1.25331e-02 1.07867e-01 1.39115e-01 |
   9138 | 7.57660e+01 8.29143e-03 | 1.25331e-02 1.07867e-01 1.39115e-01 |
   9139 | 7.57743e+01 8.29142e-03 | 1.25331e-02 1.07867e-01 1.39115e-01 |
   9140 | 7.57826e+01 8.29141e-03 | 1.25331e-02 1.07867e-01 1.39115e-01 |
   9141 | 7.57909e+01 8.29140e-03 | 1.25331e-02 1.07867e-01 1.39115e-01 |
   9142 | 7.57992e+01 8.29139e-03 | 1.25331e-02 1.07867e-01 1.39115e-01 |
   9143 | 7.58075e+01 8.29138e-03 | 1.25331e-02 1.07867e-01 1.39115e-01 |
   9144 | 7.58158e+01 8.29137e-03 | 1.25331e-02 1.07867e-01 1.39115e-01 |
   9145 | 7.58240e+01 8.29136e-03 | 1.25331e-02 1.07867e-01 1.39115e-01 |
   9146 | 7.58323e+01 8.29135e-03 | 1.25331e-02 1.07867e-01 1.39115e-01 |
   9147 | 7.58406e+01 8.29134e-03 | 1.25331e-02 1.07867e-01 1.39115e-01 |
   9148 | 7.58489e+01 8.29133e-03 | 1.25331e-02 1.07867e-01 1.39115e-01 |
   9149 | 7.58572e+01 8.29132e-03 | 1.25331e-02 1.07867e-01 1.39115e-01 |
   9150 | 7.58655e+01 8.29132e-03 | 1.25331e-02 1.07867e-01 1.39115e-01 |
   9151 | 7.58738e+01 8.29131e-03 | 1.25331e-02 1.07867e-01 1.39115e-01 |
   9152 | 7.58821e+01 8.29130e-03 | 1.25331e-02 1.07867e-01 1.39115e-01 |
   9153 | 7.58904e+01 8.29130e-03 | 1.25331e-02 1.07867e-01 1.39115e-01 |
   9154 | 7.58987e+01 8.29129e-03 | 1.25331e-02 1.07867e-01 1.39115e-01 |
   9155 | 7.59070e+01 8.29129e-03 | 1.25331e-02 1.07867e-01 1.39115e-01 |
   9156 | 7.59153e+01 8.29128e-03 | 1.25331e-02 1.07867e-01 1.39115e-01 |
   9157 | 7.59235e+01 8.29128e-03 | 1.25331e-02 1.07867e-01 1.39115e-01 |
   9158 | 7.59318e+01 8.29128e-03 | 1.25331e-02 1.07867e-01 1.39115e-01 |
   9159 | 7.59401e+01 8.29127e-03 | 1.25331e-02 1.07867e-01 1.39115e-01 |
   9160 | 7.59484e+01 8.29127e-03 | 1.25331e-02 1.07867e-01 1.39115e-01 |
   9161 | 7.59567e+01 8.29127e-03 | 1.25331e-02 1.07867e-01 1.39115e-01 |
   9162 | 7.59650e+01 8.29127e-03 | 1.25331e-02 1.07867e-01 1.39115e-01 |
   9163 | 7.59733e+01 8.29126e-03 | 1.25331e-02 1.07867e-01 1.39115e-01 |
   9164 | 7.59816e+01 8.29126e-03 | 1.25331e-02 1.07867e-01 1.39115e-01 |
   9165 | 7.59899e+01 8.29126e-03 | 1.25331e-02 1.07867e-01 1.39115e-01 |
   9166 | 7.59982e+01 8.29126e-03 | 1.25331e-02 1.07867e-01 1.39115e-01 |
   9167 | 7.60065e+01 8.29126e-03 | 1.25331e-02 1.07867e-01 1.39115e-01 |
   9168 | 7.60147e+01 8.29126e-03 | 1.25331e-02 1.07867e-01 1.39115e-01 |
   9169 | 7.60230e+01 8.29127e-03 | 1.25331e-02 1.07867e-01 1.39115e-01 |
   9170 | 7.60313e+01 8.29127e-03 | 1.25331e-02 1.07867e-01 1.39115e-01 |
   9171 | 7.60396e+01 8.29127e-03 | 1.25331e-02 1.07867e-01 1.39115e-01 |
   9172 | 7.60479e+01 8.29127e-03 | 1.25331e-02 1.07867e-01 1.39115e-01 |
   9173 | 7.60562e+01 8.29127e-03 | 1.25331e-02 1.07867e-01 1.39115e-01 |
   9174 | 7.60645e+01 8.29128e-03 | 1.25331e-02 1.07867e-01 1.39115e-01 |
   9175 | 7.60728e+01 8.29128e-03 | 1.25331e-02 1.07867e-01 1.39115e-01 |
   9176 | 7.60811e+01 8.29129e-03 | 1.25331e-02 1.07867e-01 1.39115e-01 |
   9177 | 7.60894e+01 8.29129e-03 | 1.25331e-02 1.07867e-01 1.39115e-01 |
   9178 | 7.60977e+01 8.29130e-03 | 1.25331e-02 1.07867e-01 1.39115e-01 |
   9179 | 7.61059e+01 8.29130e-03 | 1.25331e-02 1.07867e-01 1.39115e-01 |
   9180 | 7.61142e+01 8.29131e-03 | 1.25331e-02 1.07867e-01 1.39115e-01 |
   9181 | 7.61225e+01 8.29131e-03 | 1.25331e-02 1.07867e-01 1.39115e-01 |
   9182 | 7.61308e+01 8.29132e-03 | 1.25331e-02 1.07867e-01 1.39115e-01 |
   9183 | 7.61391e+01 8.29133e-03 | 1.25331e-02 1.07867e-01 1.39115e-01 |
   9184 | 7.61474e+01 8.29134e-03 | 1.25331e-02 1.07867e-01 1.39115e-01 |
   9185 | 7.61557e+01 8.29134e-03 | 1.25331e-02 1.07867e-01 1.39115e-01 |
   9186 | 7.61640e+01 8.29135e-03 | 1.25331e-02 1.07867e-01 1.39115e-01 |
   9187 | 7.61723e+01 8.29136e-03 | 1.25331e-02 1.07867e-01 1.39115e-01 |
   9188 | 7.61806e+01 8.29137e-03 | 1.25331e-02 1.07867e-01 1.39115e-01 |
   9189 | 7.61889e+01 8.29138e-03 | 1.25331e-02 1.07867e-01 1.39115e-01 |
   9190 | 7.61972e+01 8.29139e-03 | 1.25331e-02 1.07867e-01 1.39115e-01 |
   9191 | 7.62054e+01 8.29140e-03 | 1.25331e-02 1.07867e-01 1.39115e-01 |
   9192 | 7.62137e+01 8.29139e-03 | 1.25331e-02 1.07867e-01 1.39115e-01 |
   9193 | 7.62220e+01 8.29138e-03 | 1.25331e-02 1.07867e-01 1.39115e-01 |
   9194 | 7.62303e+01 8.29138e-03 | 1.25331e-02 1.07867e-01 1.39115e-01 |
   9195 | 7.62386e+01 8.29137e-03 | 1.25331e-02 1.07867e-01 1.39115e-01 |
   9196 | 7.62469e+01 8.29136e-03 | 1.25331e-02 1.07867e-01 1.39115e-01 |
   9197 | 7.62552e+01 8.29136e-03 | 1.25331e-02 1.07867e-01 1.39115e-01 |
   9198 | 7.62635e+01 8.29135e-03 | 1.25331e-02 1.07867e-01 1.39115e-01 |
   9199 | 7.62718e+01 8.29135e-03 | 1.25331e-02 1.07867e-01 1.39115e-01 |
   9200 | 7.62801e+01 8.29135e-03 | 1.25331e-02 1.07867e-01 1.39115e-01 |
   9201 | 7.62884e+01 8.29134e-03 | 1.25331e-02 1.07867e-01 1.39115e-01 |
   9202 | 7.62967e+01 8.29134e-03 | 1.25331e-02 1.07867e-01 1.39115e-01 |
   9203 | 7.63049e+01 8.29134e-03 | 1.25331e-02 1.07867e-01 1.39115e-01 |
   9204 | 7.63132e+01 8.29134e-03 | 1.25331e-02 1.07867e-01 1.39115e-01 |
   9205 | 7.63215e+01 8.29133e-03 | 1.25331e-02 1.07867e-01 1.39115e-01 |
   9206 | 7.63298e+01 8.29133e-03 | 1.25331e-02 1.07867e-01 1.39115e-01 |
   9207 | 7.63381e+01 8.29133e-03 | 1.25331e-02 1.07867e-01 1.39115e-01 |
   9208 | 7.63464e+01 8.29133e-03 | 1.25331e-02 1.07867e-01 1.39115e-01 |
   9209 | 7.63547e+01 8.29132e-03 | 1.25331e-02 1.07867e-01 1.39115e-01 |
   9210 | 7.63630e+01 8.29132e-03 | 1.25331e-02 1.07867e-01 1.39115e-01 |
   9211 | 7.63713e+01 8.29131e-03 | 1.25331e-02 1.07867e-01 1.39115e-01 |
   9212 | 7.63796e+01 8.29131e-03 | 1.25331e-02 1.07867e-01 1.39115e-01 |
   9213 | 7.63879e+01 8.29130e-03 | 1.25331e-02 1.07867e-01 1.39115e-01 |
   9214 | 7.63961e+01 8.29130e-03 | 1.25331e-02 1.07867e-01 1.39115e-01 |
   9215 | 7.64044e+01 8.29130e-03 | 1.25331e-02 1.07867e-01 1.39115e-01 |
   9216 | 7.64127e+01 8.29129e-03 | 1.25331e-02 1.07867e-01 1.39115e-01 |
   9217 | 7.64210e+01 8.29129e-03 | 1.25331e-02 1.07867e-01 1.39115e-01 |
   9218 | 7.64293e+01 8.29129e-03 | 1.25331e-02 1.07867e-01 1.39115e-01 |
   9219 | 7.64376e+01 8.29129e-03 | 1.25331e-02 1.07867e-01 1.39115e-01 |
   9220 | 7.64459e+01 8.29129e-03 | 1.25331e-02 1.07867e-01 1.39115e-01 |
   9221 | 7.64542e+01 8.29128e-03 | 1.25331e-02 1.07867e-01 1.39115e-01 |
   9222 | 7.64625e+01 8.29128e-03 | 1.25331e-02 1.07867e-01 1.39115e-01 |
   9223 | 7.64708e+01 8.29128e-03 | 1.25331e-02 1.07867e-01 1.39115e-01 |
   9224 | 7.64791e+01 8.29128e-03 | 1.25331e-02 1.07867e-01 1.39115e-01 |
   9225 | 7.64874e+01 8.29129e-03 | 1.25331e-02 1.07867e-01 1.39115e-01 |
   9226 | 7.64956e+01 8.29129e-03 | 1.25331e-02 1.07867e-01 1.39115e-01 |
   9227 | 7.65039e+01 8.29129e-03 | 1.25331e-02 1.07867e-01 1.39115e-01 |
   9228 | 7.65122e+01 8.29129e-03 | 1.25331e-02 1.07867e-01 1.39115e-01 |
   9229 | 7.65205e+01 8.29129e-03 | 1.25331e-02 1.07867e-01 1.39115e-01 |
   9230 | 7.65288e+01 8.29130e-03 | 1.25331e-02 1.07867e-01 1.39115e-01 |
   9231 | 7.65371e+01 8.29130e-03 | 1.25331e-02 1.07867e-01 1.39115e-01 |
   9232 | 7.65454e+01 8.29130e-03 | 1.25331e-02 1.07867e-01 1.39115e-01 |
   9233 | 7.65537e+01 8.29131e-03 | 1.25331e-02 1.07867e-01 1.39115e-01 |
   9234 | 7.65620e+01 8.29131e-03 | 1.25331e-02 1.07867e-01 1.39115e-01 |
   9235 | 7.65703e+01 8.29132e-03 | 1.25331e-02 1.07867e-01 1.39115e-01 |
   9236 | 7.65786e+01 8.29132e-03 | 1.25331e-02 1.07867e-01 1.39115e-01 |
   9237 | 7.65868e+01 8.29133e-03 | 1.25331e-02 1.07867e-01 1.39115e-01 |
   9238 | 7.65951e+01 8.29134e-03 | 1.25331e-02 1.07867e-01 1.39115e-01 |
   9239 | 7.66034e+01 8.29134e-03 | 1.25331e-02 1.07867e-01 1.39115e-01 |
   9240 | 7.66117e+01 8.29135e-03 | 1.25331e-02 1.07867e-01 1.39115e-01 |
   9241 | 7.66200e+01 8.29136e-03 | 1.25331e-02 1.07867e-01 1.39115e-01 |
   9242 | 7.66283e+01 8.29137e-03 | 1.25331e-02 1.07867e-01 1.39115e-01 |
   9243 | 7.66366e+01 8.29138e-03 | 1.25331e-02 1.07867e-01 1.39115e-01 |
   9244 | 7.66449e+01 8.29139e-03 | 1.25331e-02 1.07867e-01 1.39115e-01 |
   9245 | 7.66532e+01 8.29140e-03 | 1.25331e-02 1.07867e-01 1.39115e-01 |
   9246 | 7.66615e+01 8.29141e-03 | 1.25331e-02 1.07867e-01 1.39115e-01 |
   9247 | 7.66698e+01 8.29142e-03 | 1.25331e-02 1.07867e-01 1.39115e-01 |
   9248 | 7.66781e+01 8.29142e-03 | 1.25331e-02 1.07867e-01 1.39115e-01 |
   9249 | 7.66863e+01 8.29141e-03 | 1.25331e-02 1.07867e-01 1.39115e-01 |
   9250 | 7.66946e+01 8.29140e-03 | 1.25331e-02 1.07867e-01 1.39115e-01 |
   9251 | 7.67029e+01 8.29139e-03 | 1.25331e-02 1.07867e-01 1.39115e-01 |
   9252 | 7.67112e+01 8.29138e-03 | 1.25331e-02 1.07867e-01 1.39115e-01 |
   9253 | 7.67195e+01 8.29137e-03 | 1.25331e-02 1.07867e-01 1.39115e-01 |
   9254 | 7.67278e+01 8.29136e-03 | 1.25331e-02 1.07867e-01 1.39115e-01 |
   9255 | 7.67361e+01 8.29135e-03 | 1.25331e-02 1.07867e-01 1.39115e-01 |
   9256 | 7.67444e+01 8.29134e-03 | 1.25331e-02 1.07867e-01 1.39115e-01 |
   9257 | 7.67527e+01 8.29133e-03 | 1.25331e-02 1.07867e-01 1.39115e-01 |
   9258 | 7.67610e+01 8.29133e-03 | 1.25331e-02 1.07867e-01 1.39115e-01 |
   9259 | 7.67693e+01 8.29132e-03 | 1.25331e-02 1.07867e-01 1.39115e-01 |
   9260 | 7.67775e+01 8.29131e-03 | 1.25331e-02 1.07867e-01 1.39115e-01 |
   9261 | 7.67858e+01 8.29131e-03 | 1.25331e-02 1.07867e-01 1.39115e-01 |
   9262 | 7.67941e+01 8.29130e-03 | 1.25331e-02 1.07867e-01 1.39115e-01 |
   9263 | 7.68024e+01 8.29129e-03 | 1.25331e-02 1.07867e-01 1.39115e-01 |
   9264 | 7.68107e+01 8.29129e-03 | 1.25331e-02 1.07867e-01 1.39115e-01 |
   9265 | 7.68190e+01 8.29128e-03 | 1.25331e-02 1.07867e-01 1.39115e-01 |
   9266 | 7.68273e+01 8.29128e-03 | 1.25331e-02 1.07867e-01 1.39115e-01 |
   9267 | 7.68356e+01 8.29127e-03 | 1.25331e-02 1.07867e-01 1.39115e-01 |
   9268 | 7.68439e+01 8.29127e-03 | 1.25331e-02 1.07867e-01 1.39115e-01 |
   9269 | 7.68522e+01 8.29127e-03 | 1.25331e-02 1.07867e-01 1.39115e-01 |
   9270 | 7.68605e+01 8.29127e-03 | 1.25331e-02 1.07867e-01 1.39115e-01 |
   9271 | 7.68688e+01 8.29126e-03 | 1.25331e-02 1.07867e-01 1.39115e-01 |
   9272 | 7.68770e+01 8.29126e-03 | 1.25331e-02 1.07867e-01 1.39115e-01 |
   9273 | 7.68853e+01 8.29126e-03 | 1.25331e-02 1.07867e-01 1.39115e-01 |
   9274 | 7.68936e+01 8.29126e-03 | 1.25331e-02 1.07867e-01 1.39115e-01 |
   9275 | 7.69019e+01 8.29126e-03 | 1.25331e-02 1.07867e-01 1.39115e-01 |
   9276 | 7.69102e+01 8.29126e-03 | 1.25331e-02 1.07867e-01 1.39115e-01 |
   9277 | 7.69185e+01 8.29126e-03 | 1.25331e-02 1.07867e-01 1.39115e-01 |
   9278 | 7.69268e+01 8.29126e-03 | 1.25331e-02 1.07867e-01 1.39115e-01 |
   9279 | 7.69351e+01 8.29126e-03 | 1.25331e-02 1.07867e-01 1.39115e-01 |
   9280 | 7.69434e+01 8.29126e-03 | 1.25331e-02 1.07867e-01 1.39115e-01 |
   9281 | 7.69517e+01 8.29126e-03 | 1.25331e-02 1.07867e-01 1.39115e-01 |
   9282 | 7.69600e+01 8.29127e-03 | 1.25331e-02 1.07867e-01 1.39115e-01 |
   9283 | 7.69682e+01 8.29127e-03 | 1.25331e-02 1.07867e-01 1.39115e-01 |
   9284 | 7.69765e+01 8.29127e-03 | 1.25331e-02 1.07867e-01 1.39115e-01 |
   9285 | 7.69848e+01 8.29128e-03 | 1.25331e-02 1.07867e-01 1.39115e-01 |
   9286 | 7.69931e+01 8.29128e-03 | 1.25331e-02 1.07867e-01 1.39115e-01 |
   9287 | 7.70014e+01 8.29129e-03 | 1.25331e-02 1.07867e-01 1.39115e-01 |
   9288 | 7.70097e+01 8.29129e-03 | 1.25331e-02 1.07867e-01 1.39115e-01 |
   9289 | 7.70180e+01 8.29130e-03 | 1.25331e-02 1.07867e-01 1.39115e-01 |
   9290 | 7.70263e+01 8.29130e-03 | 1.25331e-02 1.07867e-01 1.39115e-01 |
   9291 | 7.70346e+01 8.29131e-03 | 1.25331e-02 1.07867e-01 1.39115e-01 |
   9292 | 7.70429e+01 8.29132e-03 | 1.25331e-02 1.07867e-01 1.39115e-01 |
   9293 | 7.70512e+01 8.29132e-03 | 1.25331e-02 1.07867e-01 1.39115e-01 |
   9294 | 7.70595e+01 8.29133e-03 | 1.25331e-02 1.07867e-01 1.39115e-01 |
   9295 | 7.70677e+01 8.29134e-03 | 1.25331e-02 1.07867e-01 1.39115e-01 |
   9296 | 7.70760e+01 8.29135e-03 | 1.25331e-02 1.07867e-01 1.39115e-01 |
   9297 | 7.70843e+01 8.29136e-03 | 1.25331e-02 1.07867e-01 1.39115e-01 |
   9298 | 7.70926e+01 8.29137e-03 | 1.25331e-02 1.07867e-01 1.39115e-01 |
   9299 | 7.71009e+01 8.29138e-03 | 1.25331e-02 1.07867e-01 1.39115e-01 |
   9300 | 7.71092e+01 8.29139e-03 | 1.25331e-02 1.07867e-01 1.39115e-01 |
   9301 | 7.71175e+01 8.29140e-03 | 1.25331e-02 1.07867e-01 1.39115e-01 |
   9302 | 7.71258e+01 8.29140e-03 | 1.25331e-02 1.07867e-01 1.39115e-01 |
   9303 | 7.71341e+01 8.29139e-03 | 1.25331e-02 1.07867e-01 1.39115e-01 |
   9304 | 7.71424e+01 8.29138e-03 | 1.25331e-02 1.07867e-01 1.39115e-01 |
   9305 | 7.71507e+01 8.29138e-03 | 1.25331e-02 1.07867e-01 1.39115e-01 |
   9306 | 7.71589e+01 8.29137e-03 | 1.25331e-02 1.07867e-01 1.39115e-01 |
   9307 | 7.71672e+01 8.29137e-03 | 1.25331e-02 1.07867e-01 1.39115e-01 |
   9308 | 7.71755e+01 8.29136e-03 | 1.25331e-02 1.07867e-01 1.39115e-01 |
   9309 | 7.71838e+01 8.29136e-03 | 1.25331e-02 1.07867e-01 1.39115e-01 |
   9310 | 7.71921e+01 8.29136e-03 | 1.25331e-02 1.07867e-01 1.39115e-01 |
   9311 | 7.72004e+01 8.29135e-03 | 1.25331e-02 1.07867e-01 1.39115e-01 |
   9312 | 7.72087e+01 8.29135e-03 | 1.25331e-02 1.07867e-01 1.39115e-01 |
   9313 | 7.72170e+01 8.29135e-03 | 1.25331e-02 1.07867e-01 1.39115e-01 |
   9314 | 7.72253e+01 8.29134e-03 | 1.25331e-02 1.07867e-01 1.39115e-01 |
   9315 | 7.72336e+01 8.29134e-03 | 1.25331e-02 1.07867e-01 1.39115e-01 |
   9316 | 7.72419e+01 8.29134e-03 | 1.25331e-02 1.07867e-01 1.39115e-01 |
   9317 | 7.72502e+01 8.29134e-03 | 1.25331e-02 1.07867e-01 1.39115e-01 |
   9318 | 7.72584e+01 8.29134e-03 | 1.25331e-02 1.07867e-01 1.39115e-01 |
   9319 | 7.72667e+01 8.29134e-03 | 1.25331e-02 1.07867e-01 1.39115e-01 |
   9320 | 7.72750e+01 8.29134e-03 | 1.25331e-02 1.07867e-01 1.39115e-01 |
   9321 | 7.72833e+01 8.29134e-03 | 1.25331e-02 1.07867e-01 1.39115e-01 |
   9322 | 7.72916e+01 8.29134e-03 | 1.25331e-02 1.07867e-01 1.39115e-01 |
   9323 | 7.72999e+01 8.29135e-03 | 1.25331e-02 1.07867e-01 1.39115e-01 |
   9324 | 7.73082e+01 8.29135e-03 | 1.25331e-02 1.07867e-01 1.39115e-01 |
   9325 | 7.73165e+01 8.29135e-03 | 1.25331e-02 1.07867e-01 1.39115e-01 |
   9326 | 7.73248e+01 8.29135e-03 | 1.25331e-02 1.07867e-01 1.39115e-01 |
   9327 | 7.73331e+01 8.29136e-03 | 1.25331e-02 1.07867e-01 1.39115e-01 |
   9328 | 7.73414e+01 8.29136e-03 | 1.25331e-02 1.07867e-01 1.39115e-01 |
   9329 | 7.73496e+01 8.29137e-03 | 1.25331e-02 1.07867e-01 1.39115e-01 |
   9330 | 7.73579e+01 8.29137e-03 | 1.25331e-02 1.07867e-01 1.39115e-01 |
   9331 | 7.73662e+01 8.29138e-03 | 1.25331e-02 1.07867e-01 1.39115e-01 |
   9332 | 7.73745e+01 8.29138e-03 | 1.25331e-02 1.07867e-01 1.39115e-01 |
   9333 | 7.73828e+01 8.29138e-03 | 1.25331e-02 1.07867e-01 1.39115e-01 |
   9334 | 7.73911e+01 8.29138e-03 | 1.25331e-02 1.07867e-01 1.39115e-01 |
   9335 | 7.73994e+01 8.29137e-03 | 1.25331e-02 1.07867e-01 1.39115e-01 |
   9336 | 7.74077e+01 8.29137e-03 | 1.25331e-02 1.07867e-01 1.39115e-01 |
   9337 | 7.74160e+01 8.29137e-03 | 1.25331e-02 1.07867e-01 1.39115e-01 |
   9338 | 7.74243e+01 8.29137e-03 | 1.25331e-02 1.07867e-01 1.39115e-01 |
   9339 | 7.74326e+01 8.29137e-03 | 1.25331e-02 1.07867e-01 1.39115e-01 |
   9340 | 7.74409e+01 8.29138e-03 | 1.25331e-02 1.07867e-01 1.39115e-01 |
   9341 | 7.74491e+01 8.29138e-03 | 1.25331e-02 1.07867e-01 1.39115e-01 |
   9342 | 7.74574e+01 8.29138e-03 | 1.25331e-02 1.07867e-01 1.39115e-01 |
   9343 | 7.74657e+01 8.29138e-03 | 1.25331e-02 1.07867e-01 1.39115e-01 |
   9344 | 7.74740e+01 8.29139e-03 | 1.25331e-02 1.07867e-01 1.39115e-01 |
   9345 | 7.74823e+01 8.29139e-03 | 1.25331e-02 1.07867e-01 1.39115e-01 |
   9346 | 7.74906e+01 8.29139e-03 | 1.25331e-02 1.07867e-01 1.39115e-01 |
   9347 | 7.74989e+01 8.29140e-03 | 1.25331e-02 1.07867e-01 1.39115e-01 |
   9348 | 7.75072e+01 8.29140e-03 | 1.25331e-02 1.07867e-01 1.39115e-01 |
   9349 | 7.75155e+01 8.29141e-03 | 1.25331e-02 1.07867e-01 1.39115e-01 |
   9350 | 7.75238e+01 8.29141e-03 | 1.25331e-02 1.07867e-01 1.39115e-01 |
   9351 | 7.75321e+01 8.29142e-03 | 1.25331e-02 1.07867e-01 1.39115e-01 |
   9352 | 7.75404e+01 8.29141e-03 | 1.25331e-02 1.07867e-01 1.39115e-01 |
   9353 | 7.75486e+01 8.29139e-03 | 1.25331e-02 1.07867e-01 1.39115e-01 |
   9354 | 7.75569e+01 8.29138e-03 | 1.25331e-02 1.07867e-01 1.39115e-01 |
   9355 | 7.75652e+01 8.29137e-03 | 1.25331e-02 1.07867e-01 1.39115e-01 |
   9356 | 7.75735e+01 8.29136e-03 | 1.25331e-02 1.07867e-01 1.39115e-01 |
   9357 | 7.75818e+01 8.29135e-03 | 1.25331e-02 1.07867e-01 1.39115e-01 |
   9358 | 7.75901e+01 8.29134e-03 | 1.25331e-02 1.07867e-01 1.39115e-01 |
   9359 | 7.75984e+01 8.29133e-03 | 1.25331e-02 1.07867e-01 1.39115e-01 |
   9360 | 7.76067e+01 8.29133e-03 | 1.25331e-02 1.07867e-01 1.39115e-01 |
   9361 | 7.76150e+01 8.29132e-03 | 1.25331e-02 1.07867e-01 1.39115e-01 |
   9362 | 7.76233e+01 8.29131e-03 | 1.25331e-02 1.07867e-01 1.39115e-01 |
   9363 | 7.76316e+01 8.29130e-03 | 1.25331e-02 1.07867e-01 1.39115e-01 |
   9364 | 7.76398e+01 8.29130e-03 | 1.25331e-02 1.07867e-01 1.39115e-01 |
   9365 | 7.76481e+01 8.29129e-03 | 1.25331e-02 1.07867e-01 1.39115e-01 |
   9366 | 7.76564e+01 8.29128e-03 | 1.25331e-02 1.07867e-01 1.39115e-01 |
   9367 | 7.76647e+01 8.29128e-03 | 1.25331e-02 1.07867e-01 1.39115e-01 |
   9368 | 7.76730e+01 8.29127e-03 | 1.25331e-02 1.07867e-01 1.39115e-01 |
   9369 | 7.76813e+01 8.29127e-03 | 1.25331e-02 1.07867e-01 1.39115e-01 |
   9370 | 7.76896e+01 8.29126e-03 | 1.25331e-02 1.07867e-01 1.39115e-01 |
   9371 | 7.76979e+01 8.29126e-03 | 1.25331e-02 1.07867e-01 1.39115e-01 |
   9372 | 7.77062e+01 8.29126e-03 | 1.25331e-02 1.07867e-01 1.39115e-01 |
   9373 | 7.77145e+01 8.29125e-03 | 1.25331e-02 1.07867e-01 1.39115e-01 |
   9374 | 7.77228e+01 8.29125e-03 | 1.25331e-02 1.07867e-01 1.39115e-01 |
   9375 | 7.77311e+01 8.29125e-03 | 1.25331e-02 1.07867e-01 1.39115e-01 |
   9376 | 7.77393e+01 8.29125e-03 | 1.25331e-02 1.07867e-01 1.39115e-01 |
   9377 | 7.77476e+01 8.29125e-03 | 1.25331e-02 1.07867e-01 1.39115e-01 |
   9378 | 7.77559e+01 8.29125e-03 | 1.25331e-02 1.07867e-01 1.39115e-01 |
   9379 | 7.77642e+01 8.29125e-03 | 1.25331e-02 1.07867e-01 1.39115e-01 |
   9380 | 7.77725e+01 8.29125e-03 | 1.25331e-02 1.07867e-01 1.39115e-01 |
   9381 | 7.77808e+01 8.29125e-03 | 1.25331e-02 1.07867e-01 1.39115e-01 |
   9382 | 7.77891e+01 8.29125e-03 | 1.25331e-02 1.07867e-01 1.39115e-01 |
   9383 | 7.77974e+01 8.29125e-03 | 1.25331e-02 1.07867e-01 1.39115e-01 |
   9384 | 7.78057e+01 8.29125e-03 | 1.25331e-02 1.07867e-01 1.39115e-01 |
   9385 | 7.78140e+01 8.29125e-03 | 1.25331e-02 1.07867e-01 1.39115e-01 |
   9386 | 7.78223e+01 8.29126e-03 | 1.25331e-02 1.07867e-01 1.39115e-01 |
   9387 | 7.78305e+01 8.29126e-03 | 1.25331e-02 1.07867e-01 1.39115e-01 |
   9388 | 7.78388e+01 8.29126e-03 | 1.25331e-02 1.07867e-01 1.39115e-01 |
   9389 | 7.78471e+01 8.29127e-03 | 1.25331e-02 1.07867e-01 1.39115e-01 |
   9390 | 7.78554e+01 8.29127e-03 | 1.25331e-02 1.07867e-01 1.39115e-01 |
   9391 | 7.78637e+01 8.29128e-03 | 1.25331e-02 1.07867e-01 1.39115e-01 |
   9392 | 7.78720e+01 8.29128e-03 | 1.25331e-02 1.07867e-01 1.39115e-01 |
   9393 | 7.78803e+01 8.29129e-03 | 1.25331e-02 1.07867e-01 1.39115e-01 |
   9394 | 7.78886e+01 8.29129e-03 | 1.25331e-02 1.07867e-01 1.39115e-01 |
   9395 | 7.78969e+01 8.29130e-03 | 1.25331e-02 1.07867e-01 1.39115e-01 |
   9396 | 7.79052e+01 8.29131e-03 | 1.25331e-02 1.07867e-01 1.39115e-01 |
   9397 | 7.79135e+01 8.29132e-03 | 1.25331e-02 1.07867e-01 1.39115e-01 |
   9398 | 7.79218e+01 8.29132e-03 | 1.25331e-02 1.07867e-01 1.39115e-01 |
   9399 | 7.79300e+01 8.29133e-03 | 1.25331e-02 1.07867e-01 1.39115e-01 |
   9400 | 7.79383e+01 8.29134e-03 | 1.25331e-02 1.07867e-01 1.39115e-01 |
   9401 | 7.79466e+01 8.29135e-03 | 1.25331e-02 1.07867e-01 1.39115e-01 |
   9402 | 7.79549e+01 8.29136e-03 | 1.25331e-02 1.07867e-01 1.39115e-01 |
   9403 | 7.79632e+01 8.29137e-03 | 1.25331e-02 1.07867e-01 1.39115e-01 |
   9404 | 7.79715e+01 8.29138e-03 | 1.25331e-02 1.07867e-01 1.39115e-01 |
   9405 | 7.79798e+01 8.29139e-03 | 1.25331e-02 1.07867e-01 1.39115e-01 |
   9406 | 7.79881e+01 8.29140e-03 | 1.25331e-02 1.07867e-01 1.39115e-01 |
   9407 | 7.79964e+01 8.29141e-03 | 1.25331e-02 1.07867e-01 1.39115e-01 |
   9408 | 7.80047e+01 8.29140e-03 | 1.25331e-02 1.07867e-01 1.39115e-01 |
   9409 | 7.80130e+01 8.29139e-03 | 1.25331e-02 1.07867e-01 1.39115e-01 |
   9410 | 7.80212e+01 8.29138e-03 | 1.25331e-02 1.07867e-01 1.39115e-01 |
   9411 | 7.80295e+01 8.29137e-03 | 1.25331e-02 1.07867e-01 1.39115e-01 |
   9412 | 7.80378e+01 8.29136e-03 | 1.25331e-02 1.07867e-01 1.39115e-01 |
   9413 | 7.80461e+01 8.29135e-03 | 1.25331e-02 1.07867e-01 1.39115e-01 |
   9414 | 7.80544e+01 8.29134e-03 | 1.25331e-02 1.07867e-01 1.39115e-01 |
   9415 | 7.80627e+01 8.29133e-03 | 1.25331e-02 1.07867e-01 1.39115e-01 |
   9416 | 7.80710e+01 8.29132e-03 | 1.25331e-02 1.07867e-01 1.39115e-01 |
   9417 | 7.80793e+01 8.29132e-03 | 1.25331e-02 1.07867e-01 1.39115e-01 |
   9418 | 7.80876e+01 8.29131e-03 | 1.25331e-02 1.07867e-01 1.39115e-01 |
   9419 | 7.80959e+01 8.29131e-03 | 1.25331e-02 1.07867e-01 1.39115e-01 |
   9420 | 7.81042e+01 8.29130e-03 | 1.25331e-02 1.07867e-01 1.39115e-01 |
   9421 | 7.81125e+01 8.29129e-03 | 1.25331e-02 1.07867e-01 1.39115e-01 |
   9422 | 7.81207e+01 8.29129e-03 | 1.25331e-02 1.07867e-01 1.39115e-01 |
   9423 | 7.81290e+01 8.29129e-03 | 1.25331e-02 1.07867e-01 1.39115e-01 |
   9424 | 7.81373e+01 8.29128e-03 | 1.25331e-02 1.07867e-01 1.39115e-01 |
   9425 | 7.81456e+01 8.29128e-03 | 1.25331e-02 1.07867e-01 1.39115e-01 |
   9426 | 7.81539e+01 8.29127e-03 | 1.25331e-02 1.07867e-01 1.39115e-01 |
   9427 | 7.81622e+01 8.29127e-03 | 1.25331e-02 1.07867e-01 1.39115e-01 |
   9428 | 7.81705e+01 8.29127e-03 | 1.25331e-02 1.07867e-01 1.39115e-01 |
   9429 | 7.81788e+01 8.29127e-03 | 1.25331e-02 1.07867e-01 1.39115e-01 |
   9430 | 7.81871e+01 8.29127e-03 | 1.25331e-02 1.07867e-01 1.39115e-01 |
   9431 | 7.81954e+01 8.29127e-03 | 1.25331e-02 1.07867e-01 1.39115e-01 |
   9432 | 7.82037e+01 8.29127e-03 | 1.25331e-02 1.07867e-01 1.39115e-01 |
   9433 | 7.82119e+01 8.29127e-03 | 1.25331e-02 1.07867e-01 1.39115e-01 |
   9434 | 7.82202e+01 8.29127e-03 | 1.25331e-02 1.07867e-01 1.39115e-01 |
   9435 | 7.82285e+01 8.29127e-03 | 1.25331e-02 1.07867e-01 1.39115e-01 |
   9436 | 7.82368e+01 8.29127e-03 | 1.25331e-02 1.07867e-01 1.39115e-01 |
   9437 | 7.82451e+01 8.29127e-03 | 1.25331e-02 1.07867e-01 1.39115e-01 |
   9438 | 7.82534e+01 8.29127e-03 | 1.25331e-02 1.07867e-01 1.39115e-01 |
   9439 | 7.82617e+01 8.29128e-03 | 1.25331e-02 1.07867e-01 1.39115e-01 |
   9440 | 7.82700e+01 8.29128e-03 | 1.25331e-02 1.07867e-01 1.39115e-01 |
   9441 | 7.82783e+01 8.29128e-03 | 1.25331e-02 1.07867e-01 1.39115e-01 |
   9442 | 7.82866e+01 8.29129e-03 | 1.25331e-02 1.07867e-01 1.39115e-01 |
   9443 | 7.82949e+01 8.29129e-03 | 1.25331e-02 1.07867e-01 1.39115e-01 |
   9444 | 7.83032e+01 8.29130e-03 | 1.25331e-02 1.07867e-01 1.39115e-01 |
   9445 | 7.83114e+01 8.29130e-03 | 1.25331e-02 1.07867e-01 1.39115e-01 |
   9446 | 7.83197e+01 8.29131e-03 | 1.25331e-02 1.07867e-01 1.39115e-01 |
   9447 | 7.83280e+01 8.29131e-03 | 1.25331e-02 1.07867e-01 1.39115e-01 |
   9448 | 7.83363e+01 8.29132e-03 | 1.25331e-02 1.07867e-01 1.39115e-01 |
   9449 | 7.83446e+01 8.29133e-03 | 1.25331e-02 1.07867e-01 1.39115e-01 |
   9450 | 7.83529e+01 8.29133e-03 | 1.25331e-02 1.07867e-01 1.39115e-01 |
   9451 | 7.83612e+01 8.29134e-03 | 1.25331e-02 1.07867e-01 1.39115e-01 |
   9452 | 7.83695e+01 8.29135e-03 | 1.25331e-02 1.07867e-01 1.39115e-01 |
   9453 | 7.83778e+01 8.29136e-03 | 1.25331e-02 1.07867e-01 1.39115e-01 |
   9454 | 7.83861e+01 8.29137e-03 | 1.25331e-02 1.07867e-01 1.39115e-01 |
   9455 | 7.83944e+01 8.29138e-03 | 1.25331e-02 1.07867e-01 1.39115e-01 |
   9456 | 7.84026e+01 8.29138e-03 | 1.25331e-02 1.07867e-01 1.39115e-01 |
   9457 | 7.84109e+01 8.29139e-03 | 1.25331e-02 1.07867e-01 1.39115e-01 |
   9458 | 7.84192e+01 8.29139e-03 | 1.25331e-02 1.07867e-01 1.39115e-01 |
   9459 | 7.84275e+01 8.29140e-03 | 1.25331e-02 1.07867e-01 1.39115e-01 |
   9460 | 7.84358e+01 8.29140e-03 | 1.25331e-02 1.07867e-01 1.39115e-01 |
   9461 | 7.84441e+01 8.29141e-03 | 1.25331e-02 1.07867e-01 1.39115e-01 |
   9462 | 7.84524e+01 8.29141e-03 | 1.25331e-02 1.07867e-01 1.39115e-01 |
   9463 | 7.84607e+01 8.29140e-03 | 1.25331e-02 1.07867e-01 1.39115e-01 |
   9464 | 7.84690e+01 8.29139e-03 | 1.25331e-02 1.07867e-01 1.39115e-01 |
   9465 | 7.84773e+01 8.29138e-03 | 1.25331e-02 1.07867e-01 1.39115e-01 |
   9466 | 7.84856e+01 8.29137e-03 | 1.25331e-02 1.07867e-01 1.39115e-01 |
   9467 | 7.84939e+01 8.29136e-03 | 1.25331e-02 1.07867e-01 1.39115e-01 |
   9468 | 7.85021e+01 8.29135e-03 | 1.25331e-02 1.07867e-01 1.39115e-01 |
   9469 | 7.85104e+01 8.29134e-03 | 1.25331e-02 1.07867e-01 1.39115e-01 |
   9470 | 7.85187e+01 8.29133e-03 | 1.25331e-02 1.07867e-01 1.39115e-01 |
   9471 | 7.85270e+01 8.29132e-03 | 1.25331e-02 1.07867e-01 1.39115e-01 |
   9472 | 7.85353e+01 8.29131e-03 | 1.25331e-02 1.07867e-01 1.39115e-01 |
   9473 | 7.85436e+01 8.29131e-03 | 1.25331e-02 1.07867e-01 1.39115e-01 |
   9474 | 7.85519e+01 8.29130e-03 | 1.25331e-02 1.07867e-01 1.39115e-01 |
   9475 | 7.85602e+01 8.29129e-03 | 1.25331e-02 1.07867e-01 1.39115e-01 |
   9476 | 7.85685e+01 8.29129e-03 | 1.25331e-02 1.07867e-01 1.39115e-01 |
   9477 | 7.85768e+01 8.29128e-03 | 1.25331e-02 1.07867e-01 1.39115e-01 |
   9478 | 7.85851e+01 8.29128e-03 | 1.25331e-02 1.07867e-01 1.39115e-01 |
   9479 | 7.85933e+01 8.29127e-03 | 1.25331e-02 1.07867e-01 1.39115e-01 |
   9480 | 7.86016e+01 8.29127e-03 | 1.25331e-02 1.07867e-01 1.39115e-01 |
   9481 | 7.86099e+01 8.29126e-03 | 1.25331e-02 1.07867e-01 1.39115e-01 |
   9482 | 7.86182e+01 8.29126e-03 | 1.25331e-02 1.07867e-01 1.39115e-01 |
   9483 | 7.86265e+01 8.29126e-03 | 1.25331e-02 1.07867e-01 1.39115e-01 |
   9484 | 7.86348e+01 8.29125e-03 | 1.25331e-02 1.07867e-01 1.39115e-01 |
   9485 | 7.86431e+01 8.29125e-03 | 1.25331e-02 1.07867e-01 1.39115e-01 |
   9486 | 7.86514e+01 8.29125e-03 | 1.25331e-02 1.07867e-01 1.39115e-01 |
   9487 | 7.86597e+01 8.29125e-03 | 1.25331e-02 1.07867e-01 1.39115e-01 |
   9488 | 7.86680e+01 8.29125e-03 | 1.25331e-02 1.07867e-01 1.39115e-01 |
   9489 | 7.86763e+01 8.29125e-03 | 1.25331e-02 1.07867e-01 1.39115e-01 |
   9490 | 7.86846e+01 8.29125e-03 | 1.25331e-02 1.07867e-01 1.39115e-01 |
   9491 | 7.86928e+01 8.29125e-03 | 1.25331e-02 1.07867e-01 1.39115e-01 |
   9492 | 7.87011e+01 8.29125e-03 | 1.25331e-02 1.07867e-01 1.39115e-01 |
   9493 | 7.87094e+01 8.29125e-03 | 1.25331e-02 1.07867e-01 1.39115e-01 |
   9494 | 7.87177e+01 8.29125e-03 | 1.25331e-02 1.07867e-01 1.39115e-01 |
   9495 | 7.87260e+01 8.29126e-03 | 1.25331e-02 1.07867e-01 1.39115e-01 |
   9496 | 7.87343e+01 8.29126e-03 | 1.25331e-02 1.07867e-01 1.39115e-01 |
   9497 | 7.87426e+01 8.29126e-03 | 1.25331e-02 1.07867e-01 1.39115e-01 |
   9498 | 7.87509e+01 8.29127e-03 | 1.25331e-02 1.07867e-01 1.39115e-01 |
   9499 | 7.87592e+01 8.29127e-03 | 1.25331e-02 1.07867e-01 1.39115e-01 |
   9500 | 7.87675e+01 8.29128e-03 | 1.25331e-02 1.07867e-01 1.39115e-01 |
   9501 | 7.87758e+01 8.29128e-03 | 1.25331e-02 1.07867e-01 1.39115e-01 |
   9502 | 7.87840e+01 8.29129e-03 | 1.25331e-02 1.07867e-01 1.39115e-01 |
   9503 | 7.87923e+01 8.29129e-03 | 1.25331e-02 1.07867e-01 1.39115e-01 |
   9504 | 7.88006e+01 8.29130e-03 | 1.25331e-02 1.07867e-01 1.39115e-01 |
   9505 | 7.88089e+01 8.29131e-03 | 1.25331e-02 1.07867e-01 1.39115e-01 |
   9506 | 7.88172e+01 8.29131e-03 | 1.25331e-02 1.07867e-01 1.39115e-01 |
   9507 | 7.88255e+01 8.29132e-03 | 1.25331e-02 1.07867e-01 1.39115e-01 |
   9508 | 7.88338e+01 8.29133e-03 | 1.25331e-02 1.07867e-01 1.39115e-01 |
   9509 | 7.88421e+01 8.29134e-03 | 1.25331e-02 1.07867e-01 1.39115e-01 |
   9510 | 7.88504e+01 8.29135e-03 | 1.25331e-02 1.07867e-01 1.39115e-01 |
   9511 | 7.88587e+01 8.29136e-03 | 1.25331e-02 1.07867e-01 1.39115e-01 |
   9512 | 7.88670e+01 8.29137e-03 | 1.25331e-02 1.07867e-01 1.39115e-01 |
   9513 | 7.88753e+01 8.29138e-03 | 1.25331e-02 1.07867e-01 1.39115e-01 |
   9514 | 7.88835e+01 8.29139e-03 | 1.25331e-02 1.07867e-01 1.39115e-01 |
   9515 | 7.88918e+01 8.29140e-03 | 1.25331e-02 1.07867e-01 1.39115e-01 |
   9516 | 7.89001e+01 8.29141e-03 | 1.25331e-02 1.07867e-01 1.39115e-01 |
   9517 | 7.89084e+01 8.29141e-03 | 1.25331e-02 1.07867e-01 1.39115e-01 |
   9518 | 7.89167e+01 8.29140e-03 | 1.25331e-02 1.07867e-01 1.39115e-01 |
   9519 | 7.89250e+01 8.29139e-03 | 1.25331e-02 1.07867e-01 1.39115e-01 |
   9520 | 7.89333e+01 8.29138e-03 | 1.25331e-02 1.07867e-01 1.39115e-01 |
   9521 | 7.89416e+01 8.29137e-03 | 1.25331e-02 1.07867e-01 1.39115e-01 |
   9522 | 7.89499e+01 8.29136e-03 | 1.25331e-02 1.07867e-01 1.39115e-01 |
   9523 | 7.89582e+01 8.29135e-03 | 1.25331e-02 1.07867e-01 1.39115e-01 |
   9524 | 7.89665e+01 8.29135e-03 | 1.25331e-02 1.07867e-01 1.39115e-01 |
   9525 | 7.89747e+01 8.29134e-03 | 1.25331e-02 1.07867e-01 1.39115e-01 |
   9526 | 7.89830e+01 8.29133e-03 | 1.25331e-02 1.07867e-01 1.39115e-01 |
   9527 | 7.89913e+01 8.29132e-03 | 1.25331e-02 1.07867e-01 1.39115e-01 |
   9528 | 7.89996e+01 8.29132e-03 | 1.25331e-02 1.07867e-01 1.39115e-01 |
   9529 | 7.90079e+01 8.29131e-03 | 1.25331e-02 1.07867e-01 1.39115e-01 |
   9530 | 7.90162e+01 8.29130e-03 | 1.25331e-02 1.07867e-01 1.39115e-01 |
   9531 | 7.90245e+01 8.29130e-03 | 1.25331e-02 1.07867e-01 1.39115e-01 |
   9532 | 7.90328e+01 8.29129e-03 | 1.25331e-02 1.07867e-01 1.39115e-01 |
   9533 | 7.90411e+01 8.29129e-03 | 1.25331e-02 1.07867e-01 1.39115e-01 |
   9534 | 7.90494e+01 8.29129e-03 | 1.25331e-02 1.07867e-01 1.39115e-01 |
   9535 | 7.90577e+01 8.29128e-03 | 1.25331e-02 1.07867e-01 1.39115e-01 |
   9536 | 7.90660e+01 8.29128e-03 | 1.25331e-02 1.07867e-01 1.39115e-01 |
   9537 | 7.90742e+01 8.29128e-03 | 1.25331e-02 1.07867e-01 1.39115e-01 |
   9538 | 7.90825e+01 8.29127e-03 | 1.25331e-02 1.07867e-01 1.39115e-01 |
   9539 | 7.90908e+01 8.29127e-03 | 1.25331e-02 1.07867e-01 1.39115e-01 |
   9540 | 7.90991e+01 8.29126e-03 | 1.25331e-02 1.07867e-01 1.39115e-01 |
   9541 | 7.91074e+01 8.29126e-03 | 1.25331e-02 1.07867e-01 1.39115e-01 |
   9542 | 7.91157e+01 8.29126e-03 | 1.25331e-02 1.07867e-01 1.39115e-01 |
   9543 | 7.91240e+01 8.29125e-03 | 1.25331e-02 1.07867e-01 1.39115e-01 |
   9544 | 7.91323e+01 8.29125e-03 | 1.25331e-02 1.07867e-01 1.39115e-01 |
   9545 | 7.91406e+01 8.29125e-03 | 1.25331e-02 1.07867e-01 1.39115e-01 |
   9546 | 7.91489e+01 8.29125e-03 | 1.25331e-02 1.07867e-01 1.39115e-01 |
   9547 | 7.91572e+01 8.29124e-03 | 1.25331e-02 1.07867e-01 1.39115e-01 |
   9548 | 7.91654e+01 8.29124e-03 | 1.25331e-02 1.07867e-01 1.39115e-01 |
   9549 | 7.91737e+01 8.29124e-03 | 1.25331e-02 1.07867e-01 1.39115e-01 |
   9550 | 7.91820e+01 8.29124e-03 | 1.25331e-02 1.07867e-01 1.39115e-01 |
   9551 | 7.91903e+01 8.29124e-03 | 1.25331e-02 1.07867e-01 1.39115e-01 |
   9552 | 7.91986e+01 8.29124e-03 | 1.25331e-02 1.07867e-01 1.39115e-01 |
   9553 | 7.92069e+01 8.29124e-03 | 1.25331e-02 1.07867e-01 1.39115e-01 |
   9554 | 7.92152e+01 8.29125e-03 | 1.25331e-02 1.07867e-01 1.39115e-01 |
   9555 | 7.92235e+01 8.29125e-03 | 1.25331e-02 1.07867e-01 1.39115e-01 |
   9556 | 7.92318e+01 8.29125e-03 | 1.25331e-02 1.07867e-01 1.39115e-01 |
   9557 | 7.92401e+01 8.29125e-03 | 1.25331e-02 1.07867e-01 1.39115e-01 |
   9558 | 7.92484e+01 8.29126e-03 | 1.25331e-02 1.07867e-01 1.39115e-01 |
   9559 | 7.92567e+01 8.29126e-03 | 1.25331e-02 1.07867e-01 1.39115e-01 |
   9560 | 7.92649e+01 8.29126e-03 | 1.25331e-02 1.07867e-01 1.39115e-01 |
   9561 | 7.92732e+01 8.29127e-03 | 1.25331e-02 1.07867e-01 1.39115e-01 |
   9562 | 7.92815e+01 8.29127e-03 | 1.25331e-02 1.07867e-01 1.39115e-01 |
   9563 | 7.92898e+01 8.29128e-03 | 1.25331e-02 1.07867e-01 1.39115e-01 |
   9564 | 7.92981e+01 8.29129e-03 | 1.25331e-02 1.07867e-01 1.39115e-01 |
   9565 | 7.93064e+01 8.29129e-03 | 1.25331e-02 1.07867e-01 1.39115e-01 |
   9566 | 7.93147e+01 8.29130e-03 | 1.25331e-02 1.07867e-01 1.39115e-01 |
   9567 | 7.93230e+01 8.29131e-03 | 1.25331e-02 1.07867e-01 1.39115e-01 |
   9568 | 7.93313e+01 8.29131e-03 | 1.25331e-02 1.07867e-01 1.39115e-01 |
   9569 | 7.93396e+01 8.29132e-03 | 1.25331e-02 1.07867e-01 1.39115e-01 |
   9570 | 7.93479e+01 8.29133e-03 | 1.25331e-02 1.07867e-01 1.39115e-01 |
   9571 | 7.93561e+01 8.29134e-03 | 1.25331e-02 1.07867e-01 1.39115e-01 |
   9572 | 7.93644e+01 8.29135e-03 | 1.25331e-02 1.07867e-01 1.39115e-01 |
   9573 | 7.93727e+01 8.29136e-03 | 1.25331e-02 1.07867e-01 1.39115e-01 |
   9574 | 7.93810e+01 8.29137e-03 | 1.25331e-02 1.07867e-01 1.39115e-01 |
   9575 | 7.93893e+01 8.29138e-03 | 1.25331e-02 1.07867e-01 1.39115e-01 |
   9576 | 7.93976e+01 8.29139e-03 | 1.25331e-02 1.07867e-01 1.39115e-01 |
   9577 | 7.94059e+01 8.29139e-03 | 1.25331e-02 1.07867e-01 1.39115e-01 |
   9578 | 7.94142e+01 8.29137e-03 | 1.25331e-02 1.07867e-01 1.39115e-01 |
   9579 | 7.94225e+01 8.29136e-03 | 1.25331e-02 1.07867e-01 1.39115e-01 |
   9580 | 7.94308e+01 8.29135e-03 | 1.25331e-02 1.07867e-01 1.39115e-01 |
   9581 | 7.94391e+01 8.29134e-03 | 1.25331e-02 1.07867e-01 1.39115e-01 |
   9582 | 7.94474e+01 8.29133e-03 | 1.25331e-02 1.07867e-01 1.39115e-01 |
   9583 | 7.94556e+01 8.29132e-03 | 1.25331e-02 1.07867e-01 1.39115e-01 |
   9584 | 7.94639e+01 8.29132e-03 | 1.25331e-02 1.07867e-01 1.39115e-01 |
   9585 | 7.94722e+01 8.29131e-03 | 1.25331e-02 1.07867e-01 1.39115e-01 |
   9586 | 7.94805e+01 8.29130e-03 | 1.25331e-02 1.07867e-01 1.39115e-01 |
   9587 | 7.94888e+01 8.29129e-03 | 1.25331e-02 1.07867e-01 1.39115e-01 |
   9588 | 7.94971e+01 8.29129e-03 | 1.25331e-02 1.07867e-01 1.39115e-01 |
   9589 | 7.95054e+01 8.29128e-03 | 1.25331e-02 1.07867e-01 1.39115e-01 |
   9590 | 7.95137e+01 8.29127e-03 | 1.25331e-02 1.07867e-01 1.39115e-01 |
   9591 | 7.95220e+01 8.29127e-03 | 1.25331e-02 1.07867e-01 1.39115e-01 |
   9592 | 7.95303e+01 8.29126e-03 | 1.25331e-02 1.07867e-01 1.39115e-01 |
   9593 | 7.95386e+01 8.29126e-03 | 1.25331e-02 1.07867e-01 1.39115e-01 |
   9594 | 7.95468e+01 8.29125e-03 | 1.25331e-02 1.07867e-01 1.39115e-01 |
   9595 | 7.95551e+01 8.29125e-03 | 1.25331e-02 1.07867e-01 1.39115e-01 |
   9596 | 7.95634e+01 8.29125e-03 | 1.25331e-02 1.07867e-01 1.39115e-01 |
   9597 | 7.95717e+01 8.29124e-03 | 1.25331e-02 1.07867e-01 1.39115e-01 |
   9598 | 7.95800e+01 8.29124e-03 | 1.25331e-02 1.07867e-01 1.39115e-01 |
   9599 | 7.95883e+01 8.29124e-03 | 1.25331e-02 1.07867e-01 1.39115e-01 |
   9600 | 7.95966e+01 8.29124e-03 | 1.25331e-02 1.07867e-01 1.39115e-01 |
   9601 | 7.96049e+01 8.29124e-03 | 1.25331e-02 1.07867e-01 1.39115e-01 |
   9602 | 7.96132e+01 8.29123e-03 | 1.25331e-02 1.07867e-01 1.39115e-01 |
   9603 | 7.96215e+01 8.29123e-03 | 1.25331e-02 1.07867e-01 1.39115e-01 |
   9604 | 7.96298e+01 8.29123e-03 | 1.25331e-02 1.07867e-01 1.39115e-01 |
   9605 | 7.96381e+01 8.29123e-03 | 1.25331e-02 1.07867e-01 1.39115e-01 |
   9606 | 7.96463e+01 8.29124e-03 | 1.25331e-02 1.07867e-01 1.39115e-01 |
   9607 | 7.96546e+01 8.29124e-03 | 1.25331e-02 1.07867e-01 1.39115e-01 |
   9608 | 7.96629e+01 8.29124e-03 | 1.25331e-02 1.07867e-01 1.39115e-01 |
   9609 | 7.96712e+01 8.29124e-03 | 1.25331e-02 1.07867e-01 1.39115e-01 |
   9610 | 7.96795e+01 8.29124e-03 | 1.25331e-02 1.07867e-01 1.39115e-01 |
   9611 | 7.96878e+01 8.29125e-03 | 1.25331e-02 1.07867e-01 1.39115e-01 |
   9612 | 7.96961e+01 8.29125e-03 | 1.25331e-02 1.07867e-01 1.39115e-01 |
   9613 | 7.97044e+01 8.29125e-03 | 1.25331e-02 1.07867e-01 1.39115e-01 |
   9614 | 7.97127e+01 8.29126e-03 | 1.25331e-02 1.07867e-01 1.39115e-01 |
   9615 | 7.97210e+01 8.29126e-03 | 1.25331e-02 1.07867e-01 1.39115e-01 |
   9616 | 7.97293e+01 8.29127e-03 | 1.25331e-02 1.07867e-01 1.39115e-01 |
   9617 | 7.97375e+01 8.29128e-03 | 1.25331e-02 1.07867e-01 1.39115e-01 |
   9618 | 7.97458e+01 8.29128e-03 | 1.25331e-02 1.07867e-01 1.39115e-01 |
   9619 | 7.97541e+01 8.29129e-03 | 1.25331e-02 1.07867e-01 1.39115e-01 |
   9620 | 7.97624e+01 8.29130e-03 | 1.25331e-02 1.07867e-01 1.39115e-01 |
   9621 | 7.97707e+01 8.29130e-03 | 1.25331e-02 1.07867e-01 1.39115e-01 |
   9622 | 7.97790e+01 8.29131e-03 | 1.25331e-02 1.07867e-01 1.39115e-01 |
   9623 | 7.97873e+01 8.29132e-03 | 1.25331e-02 1.07867e-01 1.39115e-01 |
   9624 | 7.97956e+01 8.29133e-03 | 1.25331e-02 1.07867e-01 1.39115e-01 |
   9625 | 7.98039e+01 8.29134e-03 | 1.25331e-02 1.07867e-01 1.39115e-01 |
   9626 | 7.98122e+01 8.29135e-03 | 1.25331e-02 1.07867e-01 1.39115e-01 |
   9627 | 7.98205e+01 8.29136e-03 | 1.25331e-02 1.07867e-01 1.39115e-01 |
   9628 | 7.98288e+01 8.29137e-03 | 1.25331e-02 1.07867e-01 1.39115e-01 |
   9629 | 7.98370e+01 8.29138e-03 | 1.25331e-02 1.07867e-01 1.39115e-01 |
   9630 | 7.98453e+01 8.29139e-03 | 1.25331e-02 1.07867e-01 1.39115e-01 |
   9631 | 7.98536e+01 8.29140e-03 | 1.25331e-02 1.07867e-01 1.39115e-01 |
   9632 | 7.98619e+01 8.29141e-03 | 1.25331e-02 1.07867e-01 1.39115e-01 |
   9633 | 7.98702e+01 8.29140e-03 | 1.25331e-02 1.07867e-01 1.39115e-01 |
   9634 | 7.98785e+01 8.29139e-03 | 1.25331e-02 1.07867e-01 1.39115e-01 |
   9635 | 7.98868e+01 8.29137e-03 | 1.25331e-02 1.07867e-01 1.39115e-01 |
   9636 | 7.98951e+01 8.29136e-03 | 1.25331e-02 1.07867e-01 1.39115e-01 |
   9637 | 7.99034e+01 8.29135e-03 | 1.25331e-02 1.07867e-01 1.39115e-01 |
   9638 | 7.99117e+01 8.29134e-03 | 1.25331e-02 1.07867e-01 1.39115e-01 |
   9639 | 7.99200e+01 8.29133e-03 | 1.25331e-02 1.07867e-01 1.39115e-01 |
   9640 | 7.99282e+01 8.29133e-03 | 1.25331e-02 1.07867e-01 1.39115e-01 |
   9641 | 7.99365e+01 8.29132e-03 | 1.25331e-02 1.07867e-01 1.39115e-01 |
   9642 | 7.99448e+01 8.29131e-03 | 1.25331e-02 1.07867e-01 1.39115e-01 |
   9643 | 7.99531e+01 8.29130e-03 | 1.25331e-02 1.07867e-01 1.39115e-01 |
   9644 | 7.99614e+01 8.29129e-03 | 1.25331e-02 1.07867e-01 1.39115e-01 |
   9645 | 7.99697e+01 8.29129e-03 | 1.25331e-02 1.07867e-01 1.39115e-01 |
   9646 | 7.99780e+01 8.29128e-03 | 1.25331e-02 1.07867e-01 1.39115e-01 |
   9647 | 7.99863e+01 8.29128e-03 | 1.25331e-02 1.07867e-01 1.39115e-01 |
   9648 | 7.99946e+01 8.29127e-03 | 1.25331e-02 1.07867e-01 1.39115e-01 |
   9649 | 8.00029e+01 8.29127e-03 | 1.25331e-02 1.07867e-01 1.39115e-01 |
   9650 | 8.00112e+01 8.29126e-03 | 1.25331e-02 1.07867e-01 1.39115e-01 |
   9651 | 8.00195e+01 8.29126e-03 | 1.25331e-02 1.07867e-01 1.39115e-01 |
   9652 | 8.00277e+01 8.29125e-03 | 1.25331e-02 1.07867e-01 1.39115e-01 |
   9653 | 8.00360e+01 8.29125e-03 | 1.25331e-02 1.07867e-01 1.39115e-01 |
   9654 | 8.00443e+01 8.29125e-03 | 1.25331e-02 1.07867e-01 1.39115e-01 |
   9655 | 8.00526e+01 8.29124e-03 | 1.25331e-02 1.07867e-01 1.39115e-01 |
   9656 | 8.00609e+01 8.29124e-03 | 1.25331e-02 1.07867e-01 1.39115e-01 |
   9657 | 8.00692e+01 8.29124e-03 | 1.25331e-02 1.07867e-01 1.39115e-01 |
   9658 | 8.00775e+01 8.29124e-03 | 1.25331e-02 1.07867e-01 1.39115e-01 |
   9659 | 8.00858e+01 8.29124e-03 | 1.25331e-02 1.07867e-01 1.39115e-01 |
   9660 | 8.00941e+01 8.29124e-03 | 1.25331e-02 1.07867e-01 1.39115e-01 |
   9661 | 8.01024e+01 8.29124e-03 | 1.25331e-02 1.07867e-01 1.39115e-01 |
   9662 | 8.01107e+01 8.29124e-03 | 1.25331e-02 1.07867e-01 1.39115e-01 |
   9663 | 8.01189e+01 8.29124e-03 | 1.25331e-02 1.07867e-01 1.39115e-01 |
   9664 | 8.01272e+01 8.29124e-03 | 1.25331e-02 1.07867e-01 1.39115e-01 |
   9665 | 8.01355e+01 8.29125e-03 | 1.25331e-02 1.07867e-01 1.39115e-01 |
   9666 | 8.01438e+01 8.29125e-03 | 1.25331e-02 1.07867e-01 1.39115e-01 |
   9667 | 8.01521e+01 8.29125e-03 | 1.25331e-02 1.07867e-01 1.39115e-01 |
   9668 | 8.01604e+01 8.29125e-03 | 1.25331e-02 1.07867e-01 1.39115e-01 |
   9669 | 8.01687e+01 8.29126e-03 | 1.25331e-02 1.07867e-01 1.39115e-01 |
   9670 | 8.01770e+01 8.29126e-03 | 1.25331e-02 1.07867e-01 1.39115e-01 |
   9671 | 8.01853e+01 8.29127e-03 | 1.25331e-02 1.07867e-01 1.39115e-01 |
   9672 | 8.01936e+01 8.29127e-03 | 1.25331e-02 1.07867e-01 1.39115e-01 |
   9673 | 8.02019e+01 8.29128e-03 | 1.25331e-02 1.07867e-01 1.39115e-01 |
   9674 | 8.02101e+01 8.29128e-03 | 1.25331e-02 1.07867e-01 1.39115e-01 |
   9675 | 8.02184e+01 8.29129e-03 | 1.25331e-02 1.07867e-01 1.39115e-01 |
   9676 | 8.02267e+01 8.29130e-03 | 1.25331e-02 1.07867e-01 1.39115e-01 |
   9677 | 8.02350e+01 8.29130e-03 | 1.25331e-02 1.07867e-01 1.39115e-01 |
   9678 | 8.02433e+01 8.29131e-03 | 1.25331e-02 1.07867e-01 1.39115e-01 |
   9679 | 8.02516e+01 8.29132e-03 | 1.25331e-02 1.07867e-01 1.39115e-01 |
   9680 | 8.02599e+01 8.29133e-03 | 1.25331e-02 1.07867e-01 1.39115e-01 |
   9681 | 8.02682e+01 8.29134e-03 | 1.25331e-02 1.07867e-01 1.39115e-01 |
   9682 | 8.02765e+01 8.29135e-03 | 1.25331e-02 1.07867e-01 1.39115e-01 |
   9683 | 8.02848e+01 8.29136e-03 | 1.25331e-02 1.07867e-01 1.39115e-01 |
   9684 | 8.02931e+01 8.29137e-03 | 1.25331e-02 1.07867e-01 1.39115e-01 |
   9685 | 8.03014e+01 8.29138e-03 | 1.25331e-02 1.07867e-01 1.39115e-01 |
   9686 | 8.03096e+01 8.29139e-03 | 1.25331e-02 1.07867e-01 1.39115e-01 |
   9687 | 8.03179e+01 8.29138e-03 | 1.25331e-02 1.07867e-01 1.39115e-01 |
   9688 | 8.03262e+01 8.29137e-03 | 1.25331e-02 1.07867e-01 1.39115e-01 |
   9689 | 8.03345e+01 8.29136e-03 | 1.25331e-02 1.07867e-01 1.39115e-01 |
   9690 | 8.03428e+01 8.29135e-03 | 1.25331e-02 1.07867e-01 1.39115e-01 |
   9691 | 8.03511e+01 8.29134e-03 | 1.25331e-02 1.07867e-01 1.39115e-01 |
   9692 | 8.03594e+01 8.29133e-03 | 1.25331e-02 1.07867e-01 1.39115e-01 |
   9693 | 8.03677e+01 8.29132e-03 | 1.25331e-02 1.07867e-01 1.39115e-01 |
   9694 | 8.03760e+01 8.29131e-03 | 1.25331e-02 1.07867e-01 1.39115e-01 |
   9695 | 8.03843e+01 8.29131e-03 | 1.25331e-02 1.07867e-01 1.39115e-01 |
   9696 | 8.03926e+01 8.29130e-03 | 1.25331e-02 1.07867e-01 1.39115e-01 |
   9697 | 8.04009e+01 8.29129e-03 | 1.25331e-02 1.07867e-01 1.39115e-01 |
   9698 | 8.04091e+01 8.29128e-03 | 1.25331e-02 1.07867e-01 1.39115e-01 |
   9699 | 8.04174e+01 8.29128e-03 | 1.25331e-02 1.07867e-01 1.39115e-01 |
   9700 | 8.04257e+01 8.29127e-03 | 1.25331e-02 1.07867e-01 1.39115e-01 |
   9701 | 8.04340e+01 8.29127e-03 | 1.25331e-02 1.07867e-01 1.39115e-01 |
   9702 | 8.04423e+01 8.29126e-03 | 1.25331e-02 1.07867e-01 1.39115e-01 |
   9703 | 8.04506e+01 8.29126e-03 | 1.25331e-02 1.07867e-01 1.39115e-01 |
   9704 | 8.04589e+01 8.29125e-03 | 1.25331e-02 1.07867e-01 1.39115e-01 |
   9705 | 8.04672e+01 8.29125e-03 | 1.25331e-02 1.07867e-01 1.39115e-01 |
   9706 | 8.04755e+01 8.29125e-03 | 1.25331e-02 1.07867e-01 1.39115e-01 |
   9707 | 8.04838e+01 8.29124e-03 | 1.25331e-02 1.07867e-01 1.39115e-01 |
   9708 | 8.04921e+01 8.29124e-03 | 1.25331e-02 1.07867e-01 1.39115e-01 |
   9709 | 8.05003e+01 8.29124e-03 | 1.25331e-02 1.07867e-01 1.39115e-01 |
   9710 | 8.05086e+01 8.29124e-03 | 1.25331e-02 1.07867e-01 1.39115e-01 |
   9711 | 8.05169e+01 8.29123e-03 | 1.25331e-02 1.07867e-01 1.39115e-01 |
   9712 | 8.05252e+01 8.29123e-03 | 1.25331e-02 1.07867e-01 1.39115e-01 |
   9713 | 8.05335e+01 8.29123e-03 | 1.25331e-02 1.07867e-01 1.39115e-01 |
   9714 | 8.05418e+01 8.29123e-03 | 1.25331e-02 1.07867e-01 1.39115e-01 |
   9715 | 8.05501e+01 8.29123e-03 | 1.25331e-02 1.07867e-01 1.39115e-01 |
   9716 | 8.05584e+01 8.29124e-03 | 1.25331e-02 1.07867e-01 1.39115e-01 |
   9717 | 8.05667e+01 8.29124e-03 | 1.25331e-02 1.07867e-01 1.39115e-01 |
   9718 | 8.05750e+01 8.29124e-03 | 1.25331e-02 1.07867e-01 1.39115e-01 |
   9719 | 8.05833e+01 8.29124e-03 | 1.25331e-02 1.07867e-01 1.39115e-01 |
   9720 | 8.05915e+01 8.29124e-03 | 1.25331e-02 1.07867e-01 1.39115e-01 |
   9721 | 8.05998e+01 8.29125e-03 | 1.25331e-02 1.07867e-01 1.39115e-01 |
   9722 | 8.06081e+01 8.29125e-03 | 1.25331e-02 1.07867e-01 1.39115e-01 |
   9723 | 8.06164e+01 8.29125e-03 | 1.25331e-02 1.07867e-01 1.39115e-01 |
   9724 | 8.06247e+01 8.29126e-03 | 1.25331e-02 1.07867e-01 1.39115e-01 |
   9725 | 8.06330e+01 8.29126e-03 | 1.25331e-02 1.07867e-01 1.39115e-01 |
   9726 | 8.06413e+01 8.29127e-03 | 1.25331e-02 1.07867e-01 1.39115e-01 |
   9727 | 8.06496e+01 8.29128e-03 | 1.25331e-02 1.07867e-01 1.39115e-01 |
   9728 | 8.06579e+01 8.29128e-03 | 1.25331e-02 1.07867e-01 1.39115e-01 |
   9729 | 8.06662e+01 8.29129e-03 | 1.25331e-02 1.07867e-01 1.39115e-01 |
   9730 | 8.06745e+01 8.29130e-03 | 1.25331e-02 1.07867e-01 1.39115e-01 |
   9731 | 8.06828e+01 8.29130e-03 | 1.25331e-02 1.07867e-01 1.39115e-01 |
   9732 | 8.06910e+01 8.29131e-03 | 1.25331e-02 1.07867e-01 1.39115e-01 |
   9733 | 8.06993e+01 8.29132e-03 | 1.25331e-02 1.07867e-01 1.39115e-01 |
   9734 | 8.07076e+01 8.29133e-03 | 1.25331e-02 1.07867e-01 1.39115e-01 |
   9735 | 8.07159e+01 8.29134e-03 | 1.25331e-02 1.07867e-01 1.39115e-01 |
   9736 | 8.07242e+01 8.29135e-03 | 1.25331e-02 1.07867e-01 1.39115e-01 |
   9737 | 8.07325e+01 8.29136e-03 | 1.25331e-02 1.07867e-01 1.39115e-01 |
   9738 | 8.07408e+01 8.29137e-03 | 1.25331e-02 1.07867e-01 1.39115e-01 |
   9739 | 8.07491e+01 8.29138e-03 | 1.25331e-02 1.07867e-01 1.39115e-01 |
   9740 | 8.07574e+01 8.29139e-03 | 1.25331e-02 1.07867e-01 1.39115e-01 |
   9741 | 8.07657e+01 8.29140e-03 | 1.25331e-02 1.07867e-01 1.39115e-01 |
   9742 | 8.07740e+01 8.29141e-03 | 1.25331e-02 1.07867e-01 1.39115e-01 |
   9743 | 8.07822e+01 8.29143e-03 | 1.25331e-02 1.07867e-01 1.39115e-01 |
   9744 | 8.07905e+01 8.29144e-03 | 1.25331e-02 1.07867e-01 1.39115e-01 |
   9745 | 8.07988e+01 8.29145e-03 | 1.25331e-02 1.07867e-01 1.39115e-01 |
   9746 | 8.08071e+01 8.29146e-03 | 1.25331e-02 1.07867e-01 1.39115e-01 |
   9747 | 8.08154e+01 8.29145e-03 | 1.25331e-02 1.07867e-01 1.39115e-01 |
   9748 | 8.08237e+01 8.29143e-03 | 1.25331e-02 1.07867e-01 1.39115e-01 |
   9749 | 8.08320e+01 8.29142e-03 | 1.25331e-02 1.07867e-01 1.39115e-01 |
   9750 | 8.08403e+01 8.29141e-03 | 1.25331e-02 1.07867e-01 1.39115e-01 |
   9751 | 8.08486e+01 8.29140e-03 | 1.25331e-02 1.07867e-01 1.39115e-01 |
   9752 | 8.08569e+01 8.29139e-03 | 1.25331e-02 1.07867e-01 1.39115e-01 |
   9753 | 8.08652e+01 8.29138e-03 | 1.25331e-02 1.07867e-01 1.39115e-01 |
   9754 | 8.08735e+01 8.29137e-03 | 1.25331e-02 1.07867e-01 1.39115e-01 |
   9755 | 8.08817e+01 8.29137e-03 | 1.25331e-02 1.07867e-01 1.39115e-01 |
   9756 | 8.08900e+01 8.29136e-03 | 1.25331e-02 1.07867e-01 1.39115e-01 |
   9757 | 8.08983e+01 8.29135e-03 | 1.25331e-02 1.07867e-01 1.39115e-01 |
   9758 | 8.09066e+01 8.29134e-03 | 1.25331e-02 1.07867e-01 1.39115e-01 |
   9759 | 8.09149e+01 8.29134e-03 | 1.25331e-02 1.07867e-01 1.39115e-01 |
   9760 | 8.09232e+01 8.29133e-03 | 1.25331e-02 1.07867e-01 1.39115e-01 |
   9761 | 8.09315e+01 8.29132e-03 | 1.25331e-02 1.07867e-01 1.39115e-01 |
   9762 | 8.09398e+01 8.29132e-03 | 1.25331e-02 1.07867e-01 1.39115e-01 |
   9763 | 8.09481e+01 8.29131e-03 | 1.25331e-02 1.07867e-01 1.39115e-01 |
   9764 | 8.09564e+01 8.29131e-03 | 1.25331e-02 1.07867e-01 1.39115e-01 |
   9765 | 8.09647e+01 8.29130e-03 | 1.25331e-02 1.07867e-01 1.39115e-01 |
   9766 | 8.09730e+01 8.29130e-03 | 1.25331e-02 1.07867e-01 1.39115e-01 |
   9767 | 8.09812e+01 8.29130e-03 | 1.25331e-02 1.07867e-01 1.39115e-01 |
   9768 | 8.09895e+01 8.29129e-03 | 1.25331e-02 1.07867e-01 1.39115e-01 |
   9769 | 8.09978e+01 8.29129e-03 | 1.25331e-02 1.07867e-01 1.39115e-01 |
   9770 | 8.10061e+01 8.29129e-03 | 1.25331e-02 1.07867e-01 1.39115e-01 |
   9771 | 8.10144e+01 8.29129e-03 | 1.25331e-02 1.07867e-01 1.39115e-01 |
   9772 | 8.10227e+01 8.29129e-03 | 1.25331e-02 1.07867e-01 1.39115e-01 |
   9773 | 8.10310e+01 8.29128e-03 | 1.25331e-02 1.07867e-01 1.39115e-01 |
   9774 | 8.10393e+01 8.29128e-03 | 1.25331e-02 1.07867e-01 1.39115e-01 |
   9775 | 8.10476e+01 8.29128e-03 | 1.25331e-02 1.07867e-01 1.39115e-01 |
   9776 | 8.10559e+01 8.29129e-03 | 1.25331e-02 1.07867e-01 1.39115e-01 |
   9777 | 8.10642e+01 8.29129e-03 | 1.25331e-02 1.07867e-01 1.39115e-01 |
   9778 | 8.10724e+01 8.29129e-03 | 1.25331e-02 1.07867e-01 1.39115e-01 |
   9779 | 8.10807e+01 8.29129e-03 | 1.25331e-02 1.07867e-01 1.39115e-01 |
   9780 | 8.10890e+01 8.29129e-03 | 1.25331e-02 1.07867e-01 1.39115e-01 |
   9781 | 8.10973e+01 8.29129e-03 | 1.25331e-02 1.07867e-01 1.39115e-01 |
   9782 | 8.11056e+01 8.29130e-03 | 1.25331e-02 1.07867e-01 1.39115e-01 |
   9783 | 8.11139e+01 8.29130e-03 | 1.25331e-02 1.07867e-01 1.39115e-01 |
   9784 | 8.11222e+01 8.29131e-03 | 1.25331e-02 1.07867e-01 1.39115e-01 |
   9785 | 8.11305e+01 8.29131e-03 | 1.25331e-02 1.07867e-01 1.39115e-01 |
   9786 | 8.11388e+01 8.29131e-03 | 1.25331e-02 1.07867e-01 1.39115e-01 |
   9787 | 8.11471e+01 8.29132e-03 | 1.25331e-02 1.07867e-01 1.39115e-01 |
   9788 | 8.11554e+01 8.29133e-03 | 1.25331e-02 1.07867e-01 1.39115e-01 |
   9789 | 8.11637e+01 8.29133e-03 | 1.25331e-02 1.07867e-01 1.39115e-01 |
   9790 | 8.11719e+01 8.29134e-03 | 1.25331e-02 1.07867e-01 1.39115e-01 |
   9791 | 8.11802e+01 8.29135e-03 | 1.25331e-02 1.07867e-01 1.39115e-01 |
   9792 | 8.11885e+01 8.29135e-03 | 1.25331e-02 1.07867e-01 1.39115e-01 |
   9793 | 8.11968e+01 8.29136e-03 | 1.25331e-02 1.07867e-01 1.39115e-01 |
   9794 | 8.12051e+01 8.29137e-03 | 1.25331e-02 1.07867e-01 1.39115e-01 |
   9795 | 8.12134e+01 8.29138e-03 | 1.25331e-02 1.07867e-01 1.39115e-01 |
   9796 | 8.12217e+01 8.29139e-03 | 1.25331e-02 1.07867e-01 1.39115e-01 |
   9797 | 8.12300e+01 8.29138e-03 | 1.25331e-02 1.07867e-01 1.39115e-01 |
   9798 | 8.12383e+01 8.29138e-03 | 1.25331e-02 1.07867e-01 1.39115e-01 |
   9799 | 8.12466e+01 8.29137e-03 | 1.25331e-02 1.07867e-01 1.39115e-01 |
   9800 | 8.12549e+01 8.29136e-03 | 1.25331e-02 1.07867e-01 1.39115e-01 |
   9801 | 8.12631e+01 8.29135e-03 | 1.25331e-02 1.07867e-01 1.39115e-01 |
   9802 | 8.12714e+01 8.29135e-03 | 1.25331e-02 1.07867e-01 1.39115e-01 |
   9803 | 8.12797e+01 8.29134e-03 | 1.25331e-02 1.07867e-01 1.39115e-01 |
   9804 | 8.12880e+01 8.29134e-03 | 1.25331e-02 1.07867e-01 1.39115e-01 |
   9805 | 8.12963e+01 8.29133e-03 | 1.25331e-02 1.07867e-01 1.39115e-01 |
   9806 | 8.13046e+01 8.29133e-03 | 1.25331e-02 1.07867e-01 1.39115e-01 |
   9807 | 8.13129e+01 8.29132e-03 | 1.25331e-02 1.07867e-01 1.39115e-01 |
   9808 | 8.13212e+01 8.29132e-03 | 1.25331e-02 1.07867e-01 1.39115e-01 |
   9809 | 8.13295e+01 8.29131e-03 | 1.25331e-02 1.07867e-01 1.39115e-01 |
   9810 | 8.13378e+01 8.29131e-03 | 1.25331e-02 1.07867e-01 1.39115e-01 |
   9811 | 8.13461e+01 8.29131e-03 | 1.25331e-02 1.07867e-01 1.39115e-01 |
   9812 | 8.13544e+01 8.29131e-03 | 1.25331e-02 1.07867e-01 1.39115e-01 |
   9813 | 8.13626e+01 8.29130e-03 | 1.25331e-02 1.07867e-01 1.39115e-01 |
   9814 | 8.13709e+01 8.29130e-03 | 1.25331e-02 1.07867e-01 1.39115e-01 |
   9815 | 8.13792e+01 8.29130e-03 | 1.25331e-02 1.07867e-01 1.39115e-01 |
   9816 | 8.13875e+01 8.29130e-03 | 1.25331e-02 1.07867e-01 1.39115e-01 |
   9817 | 8.13958e+01 8.29130e-03 | 1.25331e-02 1.07867e-01 1.39115e-01 |
   9818 | 8.14041e+01 8.29130e-03 | 1.25331e-02 1.07867e-01 1.39115e-01 |
   9819 | 8.14124e+01 8.29130e-03 | 1.25331e-02 1.07867e-01 1.39115e-01 |
   9820 | 8.14207e+01 8.29130e-03 | 1.25331e-02 1.07867e-01 1.39115e-01 |
   9821 | 8.14290e+01 8.29130e-03 | 1.25331e-02 1.07867e-01 1.39115e-01 |
   9822 | 8.14373e+01 8.29131e-03 | 1.25331e-02 1.07867e-01 1.39115e-01 |
   9823 | 8.14456e+01 8.29131e-03 | 1.25331e-02 1.07867e-01 1.39115e-01 |
   9824 | 8.14538e+01 8.29131e-03 | 1.25331e-02 1.07867e-01 1.39115e-01 |
   9825 | 8.14621e+01 8.29132e-03 | 1.25331e-02 1.07867e-01 1.39115e-01 |
   9826 | 8.14704e+01 8.29132e-03 | 1.25331e-02 1.07867e-01 1.39115e-01 |
   9827 | 8.14787e+01 8.29131e-03 | 1.25331e-02 1.07867e-01 1.39115e-01 |
   9828 | 8.14870e+01 8.29131e-03 | 1.25331e-02 1.07867e-01 1.39115e-01 |
   9829 | 8.14953e+01 8.29131e-03 | 1.25331e-02 1.07867e-01 1.39115e-01 |
   9830 | 8.15036e+01 8.29131e-03 | 1.25331e-02 1.07867e-01 1.39115e-01 |
   9831 | 8.15119e+01 8.29131e-03 | 1.25331e-02 1.07867e-01 1.39115e-01 |
   9832 | 8.15202e+01 8.29131e-03 | 1.25331e-02 1.07867e-01 1.39115e-01 |
   9833 | 8.15285e+01 8.29131e-03 | 1.25331e-02 1.07867e-01 1.39115e-01 |
   9834 | 8.15368e+01 8.29131e-03 | 1.25331e-02 1.07867e-01 1.39115e-01 |
   9835 | 8.15451e+01 8.29132e-03 | 1.25331e-02 1.07867e-01 1.39115e-01 |
   9836 | 8.15533e+01 8.29132e-03 | 1.25331e-02 1.07867e-01 1.39115e-01 |
   9837 | 8.15616e+01 8.29132e-03 | 1.25331e-02 1.07867e-01 1.39115e-01 |
   9838 | 8.15699e+01 8.29132e-03 | 1.25331e-02 1.07867e-01 1.39115e-01 |
   9839 | 8.15782e+01 8.29133e-03 | 1.25331e-02 1.07867e-01 1.39115e-01 |
   9840 | 8.15865e+01 8.29133e-03 | 1.25331e-02 1.07867e-01 1.39115e-01 |
   9841 | 8.15948e+01 8.29133e-03 | 1.25331e-02 1.07867e-01 1.39115e-01 |
   9842 | 8.16031e+01 8.29134e-03 | 1.25331e-02 1.07867e-01 1.39115e-01 |
   9843 | 8.16114e+01 8.29134e-03 | 1.25331e-02 1.07867e-01 1.39115e-01 |
   9844 | 8.16197e+01 8.29135e-03 | 1.25331e-02 1.07867e-01 1.39115e-01 |
   9845 | 8.16280e+01 8.29136e-03 | 1.25331e-02 1.07867e-01 1.39115e-01 |
   9846 | 8.16363e+01 8.29136e-03 | 1.25331e-02 1.07867e-01 1.39115e-01 |
   9847 | 8.16445e+01 8.29137e-03 | 1.25331e-02 1.07867e-01 1.39115e-01 |
   9848 | 8.16528e+01 8.29138e-03 | 1.25331e-02 1.07867e-01 1.39115e-01 |
   9849 | 8.16611e+01 8.29138e-03 | 1.25331e-02 1.07867e-01 1.39115e-01 |
   9850 | 8.16694e+01 8.29139e-03 | 1.25331e-02 1.07867e-01 1.39115e-01 |
   9851 | 8.16777e+01 8.29140e-03 | 1.25331e-02 1.07867e-01 1.39115e-01 |
   9852 | 8.16860e+01 8.29141e-03 | 1.25331e-02 1.07867e-01 1.39115e-01 |
   9853 | 8.16943e+01 8.29140e-03 | 1.25331e-02 1.07867e-01 1.39115e-01 |
   9854 | 8.17026e+01 8.29140e-03 | 1.25331e-02 1.07867e-01 1.39115e-01 |
   9855 | 8.17109e+01 8.29139e-03 | 1.25331e-02 1.07867e-01 1.39115e-01 |
   9856 | 8.17192e+01 8.29138e-03 | 1.25331e-02 1.07867e-01 1.39115e-01 |
   9857 | 8.17275e+01 8.29138e-03 | 1.25331e-02 1.07867e-01 1.39115e-01 |
   9858 | 8.17358e+01 8.29137e-03 | 1.25331e-02 1.07867e-01 1.39115e-01 |
   9859 | 8.17440e+01 8.29137e-03 | 1.25331e-02 1.07867e-01 1.39115e-01 |
   9860 | 8.17523e+01 8.29136e-03 | 1.25331e-02 1.07867e-01 1.39115e-01 |
   9861 | 8.17606e+01 8.29136e-03 | 1.25331e-02 1.07867e-01 1.39115e-01 |
   9862 | 8.17689e+01 8.29135e-03 | 1.25331e-02 1.07867e-01 1.39115e-01 |
   9863 | 8.17772e+01 8.29135e-03 | 1.25331e-02 1.07867e-01 1.39115e-01 |
   9864 | 8.17855e+01 8.29135e-03 | 1.25331e-02 1.07867e-01 1.39115e-01 |
   9865 | 8.17938e+01 8.29135e-03 | 1.25331e-02 1.07867e-01 1.39115e-01 |
   9866 | 8.18021e+01 8.29134e-03 | 1.25331e-02 1.07867e-01 1.39115e-01 |
   9867 | 8.18104e+01 8.29134e-03 | 1.25331e-02 1.07867e-01 1.39115e-01 |
   9868 | 8.18187e+01 8.29133e-03 | 1.25331e-02 1.07867e-01 1.39115e-01 |
   9869 | 8.18270e+01 8.29133e-03 | 1.25331e-02 1.07867e-01 1.39115e-01 |
   9870 | 8.18352e+01 8.29132e-03 | 1.25331e-02 1.07867e-01 1.39115e-01 |
   9871 | 8.18435e+01 8.29132e-03 | 1.25331e-02 1.07867e-01 1.39115e-01 |
   9872 | 8.18518e+01 8.29131e-03 | 1.25331e-02 1.07867e-01 1.39115e-01 |
   9873 | 8.18601e+01 8.29131e-03 | 1.25331e-02 1.07867e-01 1.39115e-01 |
   9874 | 8.18684e+01 8.29130e-03 | 1.25331e-02 1.07867e-01 1.39115e-01 |
   9875 | 8.18767e+01 8.29130e-03 | 1.25331e-02 1.07867e-01 1.39115e-01 |
   9876 | 8.18850e+01 8.29129e-03 | 1.25331e-02 1.07867e-01 1.39115e-01 |
   9877 | 8.18933e+01 8.29129e-03 | 1.25331e-02 1.07867e-01 1.39115e-01 |
   9878 | 8.19016e+01 8.29129e-03 | 1.25331e-02 1.07867e-01 1.39115e-01 |
   9879 | 8.19099e+01 8.29128e-03 | 1.25331e-02 1.07867e-01 1.39115e-01 |
   9880 | 8.19182e+01 8.29128e-03 | 1.25331e-02 1.07867e-01 1.39115e-01 |
   9881 | 8.19265e+01 8.29128e-03 | 1.25331e-02 1.07867e-01 1.39115e-01 |
   9882 | 8.19347e+01 8.29128e-03 | 1.25331e-02 1.07867e-01 1.39115e-01 |
   9883 | 8.19430e+01 8.29128e-03 | 1.25331e-02 1.07867e-01 1.39115e-01 |
   9884 | 8.19513e+01 8.29128e-03 | 1.25331e-02 1.07867e-01 1.39115e-01 |
   9885 | 8.19596e+01 8.29128e-03 | 1.25331e-02 1.07867e-01 1.39115e-01 |
   9886 | 8.19679e+01 8.29128e-03 | 1.25331e-02 1.07867e-01 1.39115e-01 |
   9887 | 8.19762e+01 8.29128e-03 | 1.25331e-02 1.07867e-01 1.39115e-01 |
   9888 | 8.19845e+01 8.29128e-03 | 1.25331e-02 1.07867e-01 1.39115e-01 |
   9889 | 8.19928e+01 8.29128e-03 | 1.25331e-02 1.07867e-01 1.39115e-01 |
   9890 | 8.20011e+01 8.29129e-03 | 1.25331e-02 1.07867e-01 1.39115e-01 |
   9891 | 8.20094e+01 8.29129e-03 | 1.25331e-02 1.07867e-01 1.39115e-01 |
   9892 | 8.20177e+01 8.29129e-03 | 1.25331e-02 1.07867e-01 1.39115e-01 |
   9893 | 8.20259e+01 8.29129e-03 | 1.25331e-02 1.07867e-01 1.39115e-01 |
   9894 | 8.20342e+01 8.29130e-03 | 1.25331e-02 1.07867e-01 1.39115e-01 |
   9895 | 8.20425e+01 8.29130e-03 | 1.25331e-02 1.07867e-01 1.39115e-01 |
   9896 | 8.20508e+01 8.29131e-03 | 1.25331e-02 1.07867e-01 1.39115e-01 |
   9897 | 8.20591e+01 8.29131e-03 | 1.25331e-02 1.07867e-01 1.39115e-01 |
   9898 | 8.20674e+01 8.29132e-03 | 1.25331e-02 1.07867e-01 1.39115e-01 |
   9899 | 8.20757e+01 8.29133e-03 | 1.25331e-02 1.07867e-01 1.39115e-01 |
   9900 | 8.20840e+01 8.29133e-03 | 1.25331e-02 1.07867e-01 1.39115e-01 |
   9901 | 8.20923e+01 8.29134e-03 | 1.25331e-02 1.07867e-01 1.39115e-01 |
   9902 | 8.21006e+01 8.29135e-03 | 1.25331e-02 1.07867e-01 1.39115e-01 |
   9903 | 8.21089e+01 8.29136e-03 | 1.25331e-02 1.07867e-01 1.39115e-01 |
   9904 | 8.21172e+01 8.29136e-03 | 1.25331e-02 1.07867e-01 1.39115e-01 |
   9905 | 8.21254e+01 8.29137e-03 | 1.25331e-02 1.07867e-01 1.39115e-01 |
   9906 | 8.21337e+01 8.29138e-03 | 1.25331e-02 1.07867e-01 1.39115e-01 |
   9907 | 8.21420e+01 8.29139e-03 | 1.25331e-02 1.07867e-01 1.39115e-01 |
   9908 | 8.21503e+01 8.29138e-03 | 1.25331e-02 1.07867e-01 1.39115e-01 |
   9909 | 8.21586e+01 8.29138e-03 | 1.25331e-02 1.07867e-01 1.39115e-01 |
   9910 | 8.21669e+01 8.29137e-03 | 1.25331e-02 1.07867e-01 1.39115e-01 |
   9911 | 8.21752e+01 8.29136e-03 | 1.25331e-02 1.07867e-01 1.39115e-01 |
   9912 | 8.21835e+01 8.29135e-03 | 1.25331e-02 1.07867e-01 1.39115e-01 |
   9913 | 8.21918e+01 8.29135e-03 | 1.25331e-02 1.07867e-01 1.39115e-01 |
   9914 | 8.22001e+01 8.29134e-03 | 1.25331e-02 1.07867e-01 1.39115e-01 |
   9915 | 8.22084e+01 8.29134e-03 | 1.25331e-02 1.07867e-01 1.39115e-01 |
   9916 | 8.22166e+01 8.29133e-03 | 1.25331e-02 1.07867e-01 1.39115e-01 |
   9917 | 8.22249e+01 8.29133e-03 | 1.25331e-02 1.07867e-01 1.39115e-01 |
   9918 | 8.22332e+01 8.29132e-03 | 1.25331e-02 1.07867e-01 1.39115e-01 |
   9919 | 8.22415e+01 8.29132e-03 | 1.25331e-02 1.07867e-01 1.39115e-01 |
   9920 | 8.22498e+01 8.29132e-03 | 1.25331e-02 1.07867e-01 1.39115e-01 |
   9921 | 8.22581e+01 8.29132e-03 | 1.25331e-02 1.07867e-01 1.39115e-01 |
   9922 | 8.22664e+01 8.29131e-03 | 1.25331e-02 1.07867e-01 1.39115e-01 |
   9923 | 8.22747e+01 8.29131e-03 | 1.25331e-02 1.07867e-01 1.39115e-01 |
   9924 | 8.22830e+01 8.29131e-03 | 1.25331e-02 1.07867e-01 1.39115e-01 |
   9925 | 8.22913e+01 8.29131e-03 | 1.25331e-02 1.07867e-01 1.39115e-01 |
   9926 | 8.22996e+01 8.29131e-03 | 1.25331e-02 1.07867e-01 1.39115e-01 |
   9927 | 8.23079e+01 8.29131e-03 | 1.25331e-02 1.07867e-01 1.39115e-01 |
   9928 | 8.23161e+01 8.29131e-03 | 1.25331e-02 1.07867e-01 1.39115e-01 |
   9929 | 8.23244e+01 8.29131e-03 | 1.25331e-02 1.07867e-01 1.39115e-01 |
   9930 | 8.23327e+01 8.29131e-03 | 1.25331e-02 1.07867e-01 1.39115e-01 |
   9931 | 8.23410e+01 8.29131e-03 | 1.25331e-02 1.07867e-01 1.39115e-01 |
   9932 | 8.23493e+01 8.29131e-03 | 1.25331e-02 1.07867e-01 1.39115e-01 |
   9933 | 8.23576e+01 8.29132e-03 | 1.25331e-02 1.07867e-01 1.39115e-01 |
   9934 | 8.23659e+01 8.29132e-03 | 1.25331e-02 1.07867e-01 1.39115e-01 |
   9935 | 8.23742e+01 8.29132e-03 | 1.25331e-02 1.07867e-01 1.39115e-01 |
   9936 | 8.23825e+01 8.29133e-03 | 1.25331e-02 1.07867e-01 1.39115e-01 |
   9937 | 8.23908e+01 8.29133e-03 | 1.25331e-02 1.07867e-01 1.39115e-01 |
   9938 | 8.23991e+01 8.29134e-03 | 1.25331e-02 1.07867e-01 1.39115e-01 |
   9939 | 8.24074e+01 8.29134e-03 | 1.25331e-02 1.07867e-01 1.39115e-01 |
   9940 | 8.24156e+01 8.29135e-03 | 1.25331e-02 1.07867e-01 1.39115e-01 |
   9941 | 8.24239e+01 8.29135e-03 | 1.25331e-02 1.07867e-01 1.39115e-01 |
   9942 | 8.24322e+01 8.29136e-03 | 1.25331e-02 1.07867e-01 1.39115e-01 |
   9943 | 8.24405e+01 8.29137e-03 | 1.25331e-02 1.07867e-01 1.39115e-01 |
   9944 | 8.24488e+01 8.29137e-03 | 1.25331e-02 1.07867e-01 1.39115e-01 |
   9945 | 8.24571e+01 8.29138e-03 | 1.25331e-02 1.07867e-01 1.39115e-01 |
   9946 | 8.24654e+01 8.29139e-03 | 1.25331e-02 1.07867e-01 1.39115e-01 |
   9947 | 8.24737e+01 8.29140e-03 | 1.25331e-02 1.07867e-01 1.39115e-01 |
   9948 | 8.24820e+01 8.29141e-03 | 1.25331e-02 1.07867e-01 1.39115e-01 |
   9949 | 8.24903e+01 8.29142e-03 | 1.25331e-02 1.07867e-01 1.39115e-01 |
   9950 | 8.24986e+01 8.29142e-03 | 1.25331e-02 1.07867e-01 1.39115e-01 |
   9951 | 8.25068e+01 8.29142e-03 | 1.25331e-02 1.07867e-01 1.39115e-01 |
   9952 | 8.25151e+01 8.29143e-03 | 1.25331e-02 1.07867e-01 1.39115e-01 |
   9953 | 8.25234e+01 8.29143e-03 | 1.25331e-02 1.07867e-01 1.39115e-01 |
   9954 | 8.25317e+01 8.29143e-03 | 1.25331e-02 1.07867e-01 1.39115e-01 |
   9955 | 8.25400e+01 8.29144e-03 | 1.25331e-02 1.07867e-01 1.39115e-01 |
   9956 | 8.25483e+01 8.29144e-03 | 1.25331e-02 1.07867e-01 1.39115e-01 |
   9957 | 8.25566e+01 8.29144e-03 | 1.25331e-02 1.07867e-01 1.39115e-01 |
   9958 | 8.25649e+01 8.29143e-03 | 1.25331e-02 1.07867e-01 1.39115e-01 |
   9959 | 8.25732e+01 8.29141e-03 | 1.25331e-02 1.07867e-01 1.39115e-01 |
   9960 | 8.25815e+01 8.29140e-03 | 1.25331e-02 1.07867e-01 1.39115e-01 |
   9961 | 8.25898e+01 8.29139e-03 | 1.25331e-02 1.07867e-01 1.39115e-01 |
   9962 | 8.25981e+01 8.29138e-03 | 1.25331e-02 1.07867e-01 1.39115e-01 |
   9963 | 8.26063e+01 8.29137e-03 | 1.25331e-02 1.07867e-01 1.39115e-01 |
   9964 | 8.26146e+01 8.29136e-03 | 1.25331e-02 1.07867e-01 1.39115e-01 |
   9965 | 8.26229e+01 8.29135e-03 | 1.25331e-02 1.07867e-01 1.39115e-01 |
   9966 | 8.26312e+01 8.29134e-03 | 1.25331e-02 1.07867e-01 1.39115e-01 |
   9967 | 8.26395e+01 8.29133e-03 | 1.25331e-02 1.07867e-01 1.39115e-01 |
   9968 | 8.26478e+01 8.29132e-03 | 1.25331e-02 1.07867e-01 1.39115e-01 |
   9969 | 8.26561e+01 8.29131e-03 | 1.25331e-02 1.07867e-01 1.39115e-01 |
   9970 | 8.26644e+01 8.29130e-03 | 1.25331e-02 1.07867e-01 1.39115e-01 |
   9971 | 8.26727e+01 8.29130e-03 | 1.25331e-02 1.07867e-01 1.39115e-01 |
   9972 | 8.26810e+01 8.29129e-03 | 1.25331e-02 1.07867e-01 1.39115e-01 |
   9973 | 8.26893e+01 8.29128e-03 | 1.25331e-02 1.07867e-01 1.39115e-01 |
   9974 | 8.26975e+01 8.29128e-03 | 1.25331e-02 1.07867e-01 1.39115e-01 |
   9975 | 8.27058e+01 8.29127e-03 | 1.25331e-02 1.07867e-01 1.39115e-01 |
   9976 | 8.27141e+01 8.29127e-03 | 1.25331e-02 1.07867e-01 1.39115e-01 |
   9977 | 8.27224e+01 8.29126e-03 | 1.25331e-02 1.07867e-01 1.39115e-01 |
   9978 | 8.27307e+01 8.29126e-03 | 1.25331e-02 1.07867e-01 1.39115e-01 |
   9979 | 8.27390e+01 8.29125e-03 | 1.25331e-02 1.07867e-01 1.39115e-01 |
   9980 | 8.27473e+01 8.29125e-03 | 1.25331e-02 1.07867e-01 1.39115e-01 |
   9981 | 8.27556e+01 8.29125e-03 | 1.25331e-02 1.07867e-01 1.39115e-01 |
   9982 | 8.27639e+01 8.29124e-03 | 1.25331e-02 1.07867e-01 1.39115e-01 |
   9983 | 8.27722e+01 8.29124e-03 | 1.25331e-02 1.07867e-01 1.39115e-01 |
   9984 | 8.27805e+01 8.29124e-03 | 1.25331e-02 1.07867e-01 1.39115e-01 |
   9985 | 8.27888e+01 8.29124e-03 | 1.25331e-02 1.07867e-01 1.39115e-01 |
   9986 | 8.27970e+01 8.29124e-03 | 1.25331e-02 1.07867e-01 1.39115e-01 |
   9987 | 8.28053e+01 8.29124e-03 | 1.25331e-02 1.07867e-01 1.39115e-01 |
   9988 | 8.28136e+01 8.29124e-03 | 1.25331e-02 1.07867e-01 1.39115e-01 |
   9989 | 8.28219e+01 8.29124e-03 | 1.25331e-02 1.07867e-01 1.39115e-01 |
   9990 | 8.28302e+01 8.29124e-03 | 1.25331e-02 1.07867e-01 1.39115e-01 |
   9991 | 8.28385e+01 8.29124e-03 | 1.25331e-02 1.07867e-01 1.39115e-01 |
   9992 | 8.28468e+01 8.29124e-03 | 1.25331e-02 1.07867e-01 1.39115e-01 |
   9993 | 8.28551e+01 8.29124e-03 | 1.25331e-02 1.07867e-01 1.39115e-01 |
   9994 | 8.28634e+01 8.29125e-03 | 1.25331e-02 1.07867e-01 1.39115e-01 |
   9995 | 8.28717e+01 8.29125e-03 | 1.25331e-02 1.07867e-01 1.39115e-01 |
   9996 | 8.28800e+01 8.29125e-03 | 1.25331e-02 1.07867e-01 1.39115e-01 |
   9997 | 8.28882e+01 8.29126e-03 | 1.25331e-02 1.07867e-01 1.39115e-01 |
   9998 | 8.28965e+01 8.29126e-03 | 1.25331e-02 1.07867e-01 1.39115e-01 |
   9999 | 8.29048e+01 8.29127e-03 | 1.25331e-02 1.07867e-01 1.39115e-01 |
  10000 | 8.29131e+01 8.29127e-03 | 1.25331e-02 1.07867e-01 1.39115e-01 |
  10001 | 8.29214e+01 8.29128e-03 | 1.25331e-02 1.07867e-01 1.39115e-01 |
  10002 | 8.29297e+01 8.29128e-03 | 1.25331e-02 1.07867e-01 1.39115e-01 |
  10003 | 8.29380e+01 8.29129e-03 | 1.25331e-02 1.07867e-01 1.39115e-01 |
  10004 | 8.29463e+01 8.29130e-03 | 1.25331e-02 1.07867e-01 1.39115e-01 |
  10005 | 8.29546e+01 8.29130e-03 | 1.25331e-02 1.07867e-01 1.39115e-01 |
  10006 | 8.29629e+01 8.29131e-03 | 1.25331e-02 1.07867e-01 1.39115e-01 |
  10007 | 8.29712e+01 8.29132e-03 | 1.25331e-02 1.07867e-01 1.39115e-01 |
  10008 | 8.29795e+01 8.29133e-03 | 1.25331e-02 1.07867e-01 1.39115e-01 |
  10009 | 8.29877e+01 8.29134e-03 | 1.25331e-02 1.07867e-01 1.39115e-01 |
  10010 | 8.29960e+01 8.29135e-03 | 1.25331e-02 1.07867e-01 1.39115e-01 |
  10011 | 8.30043e+01 8.29136e-03 | 1.25331e-02 1.07867e-01 1.39115e-01 |
  10012 | 8.30126e+01 8.29137e-03 | 1.25331e-02 1.07867e-01 1.39115e-01 |
  10013 | 8.30209e+01 8.29138e-03 | 1.25331e-02 1.07867e-01 1.39115e-01 |
  10014 | 8.30292e+01 8.29139e-03 | 1.25331e-02 1.07867e-01 1.39115e-01 |
  10015 | 8.30375e+01 8.29140e-03 | 1.25331e-02 1.07867e-01 1.39115e-01 |
  10016 | 8.30458e+01 8.29138e-03 | 1.25331e-02 1.07867e-01 1.39115e-01 |
  10017 | 8.30541e+01 8.29137e-03 | 1.25331e-02 1.07867e-01 1.39115e-01 |
  10018 | 8.30624e+01 8.29136e-03 | 1.25331e-02 1.07867e-01 1.39115e-01 |
  10019 | 8.30707e+01 8.29135e-03 | 1.25331e-02 1.07867e-01 1.39115e-01 |
  10020 | 8.30789e+01 8.29134e-03 | 1.25331e-02 1.07867e-01 1.39115e-01 |
  10021 | 8.30872e+01 8.29134e-03 | 1.25331e-02 1.07867e-01 1.39115e-01 |
  10022 | 8.30955e+01 8.29133e-03 | 1.25331e-02 1.07867e-01 1.39115e-01 |
  10023 | 8.31038e+01 8.29132e-03 | 1.25331e-02 1.07867e-01 1.39115e-01 |
  10024 | 8.31121e+01 8.29131e-03 | 1.25331e-02 1.07867e-01 1.39115e-01 |
  10025 | 8.31204e+01 8.29130e-03 | 1.25331e-02 1.07867e-01 1.39115e-01 |
  10026 | 8.31287e+01 8.29130e-03 | 1.25331e-02 1.07867e-01 1.39115e-01 |
  10027 | 8.31370e+01 8.29129e-03 | 1.25331e-02 1.07867e-01 1.39115e-01 |
  10028 | 8.31453e+01 8.29129e-03 | 1.25331e-02 1.07867e-01 1.39115e-01 |
  10029 | 8.31536e+01 8.29128e-03 | 1.25331e-02 1.07867e-01 1.39115e-01 |
  10030 | 8.31619e+01 8.29127e-03 | 1.25331e-02 1.07867e-01 1.39115e-01 |
  10031 | 8.31702e+01 8.29127e-03 | 1.25331e-02 1.07867e-01 1.39115e-01 |
  10032 | 8.31784e+01 8.29127e-03 | 1.25331e-02 1.07867e-01 1.39115e-01 |
  10033 | 8.31867e+01 8.29126e-03 | 1.25331e-02 1.07867e-01 1.39115e-01 |
  10034 | 8.31950e+01 8.29126e-03 | 1.25331e-02 1.07867e-01 1.39115e-01 |
  10035 | 8.32033e+01 8.29126e-03 | 1.25331e-02 1.07867e-01 1.39115e-01 |
  10036 | 8.32116e+01 8.29125e-03 | 1.25331e-02 1.07867e-01 1.39115e-01 |
  10037 | 8.32199e+01 8.29125e-03 | 1.25331e-02 1.07867e-01 1.39115e-01 |
  10038 | 8.32282e+01 8.29125e-03 | 1.25331e-02 1.07867e-01 1.39115e-01 |
  10039 | 8.32365e+01 8.29125e-03 | 1.25331e-02 1.07867e-01 1.39115e-01 |
  10040 | 8.32448e+01 8.29125e-03 | 1.25331e-02 1.07867e-01 1.39115e-01 |
  10041 | 8.32531e+01 8.29125e-03 | 1.25331e-02 1.07867e-01 1.39115e-01 |
  10042 | 8.32614e+01 8.29125e-03 | 1.25331e-02 1.07867e-01 1.39115e-01 |
  10043 | 8.32696e+01 8.29125e-03 | 1.25331e-02 1.07867e-01 1.39115e-01 |
  10044 | 8.32779e+01 8.29125e-03 | 1.25331e-02 1.07867e-01 1.39115e-01 |
  10045 | 8.32862e+01 8.29125e-03 | 1.25331e-02 1.07867e-01 1.39115e-01 |
  10046 | 8.32945e+01 8.29126e-03 | 1.25331e-02 1.07867e-01 1.39115e-01 |
  10047 | 8.33028e+01 8.29126e-03 | 1.25331e-02 1.07867e-01 1.39115e-01 |
  10048 | 8.33111e+01 8.29126e-03 | 1.25331e-02 1.07867e-01 1.39115e-01 |
  10049 | 8.33194e+01 8.29126e-03 | 1.25331e-02 1.07867e-01 1.39115e-01 |
  10050 | 8.33277e+01 8.29127e-03 | 1.25331e-02 1.07867e-01 1.39115e-01 |
  10051 | 8.33360e+01 8.29127e-03 | 1.25331e-02 1.07867e-01 1.39115e-01 |
  10052 | 8.33443e+01 8.29128e-03 | 1.25331e-02 1.07867e-01 1.39115e-01 |
  10053 | 8.33526e+01 8.29128e-03 | 1.25331e-02 1.07867e-01 1.39115e-01 |
  10054 | 8.33609e+01 8.29129e-03 | 1.25331e-02 1.07867e-01 1.39115e-01 |
  10055 | 8.33691e+01 8.29129e-03 | 1.25331e-02 1.07867e-01 1.39115e-01 |
  10056 | 8.33774e+01 8.29130e-03 | 1.25331e-02 1.07867e-01 1.39115e-01 |
  10057 | 8.33857e+01 8.29131e-03 | 1.25331e-02 1.07867e-01 1.39115e-01 |
  10058 | 8.33940e+01 8.29131e-03 | 1.25331e-02 1.07867e-01 1.39115e-01 |
  10059 | 8.34023e+01 8.29132e-03 | 1.25331e-02 1.07867e-01 1.39115e-01 |
  10060 | 8.34106e+01 8.29133e-03 | 1.25331e-02 1.07867e-01 1.39115e-01 |
  10061 | 8.34189e+01 8.29134e-03 | 1.25331e-02 1.07867e-01 1.39115e-01 |
  10062 | 8.34272e+01 8.29135e-03 | 1.25331e-02 1.07867e-01 1.39115e-01 |
  10063 | 8.34355e+01 8.29136e-03 | 1.25331e-02 1.07867e-01 1.39115e-01 |
  10064 | 8.34438e+01 8.29137e-03 | 1.25331e-02 1.07867e-01 1.39115e-01 |
  10065 | 8.34521e+01 8.29138e-03 | 1.25331e-02 1.07867e-01 1.39115e-01 |
  10066 | 8.34603e+01 8.29139e-03 | 1.25331e-02 1.07867e-01 1.39115e-01 |
  10067 | 8.34686e+01 8.29140e-03 | 1.25331e-02 1.07867e-01 1.39115e-01 |
  10068 | 8.34769e+01 8.29141e-03 | 1.25331e-02 1.07867e-01 1.39115e-01 |
  10069 | 8.34852e+01 8.29142e-03 | 1.25331e-02 1.07867e-01 1.39115e-01 |
  10070 | 8.34935e+01 8.29140e-03 | 1.25331e-02 1.07867e-01 1.39115e-01 |
  10071 | 8.35018e+01 8.29139e-03 | 1.25331e-02 1.07867e-01 1.39115e-01 |
  10072 | 8.35101e+01 8.29138e-03 | 1.25331e-02 1.07867e-01 1.39115e-01 |
  10073 | 8.35184e+01 8.29137e-03 | 1.25331e-02 1.07867e-01 1.39115e-01 |
  10074 | 8.35267e+01 8.29136e-03 | 1.25331e-02 1.07867e-01 1.39115e-01 |
  10075 | 8.35350e+01 8.29135e-03 | 1.25331e-02 1.07867e-01 1.39115e-01 |
  10076 | 8.35433e+01 8.29134e-03 | 1.25331e-02 1.07867e-01 1.39115e-01 |
  10077 | 8.35516e+01 8.29133e-03 | 1.25331e-02 1.07867e-01 1.39115e-01 |
  10078 | 8.35598e+01 8.29132e-03 | 1.25331e-02 1.07867e-01 1.39115e-01 |
  10079 | 8.35681e+01 8.29131e-03 | 1.25331e-02 1.07867e-01 1.39115e-01 |
  10080 | 8.35764e+01 8.29131e-03 | 1.25331e-02 1.07867e-01 1.39115e-01 |
  10081 | 8.35847e+01 8.29130e-03 | 1.25331e-02 1.07867e-01 1.39115e-01 |
  10082 | 8.35930e+01 8.29129e-03 | 1.25331e-02 1.07867e-01 1.39115e-01 |
  10083 | 8.36013e+01 8.29128e-03 | 1.25331e-02 1.07867e-01 1.39115e-01 |
  10084 | 8.36096e+01 8.29128e-03 | 1.25331e-02 1.07867e-01 1.39115e-01 |
  10085 | 8.36179e+01 8.29127e-03 | 1.25331e-02 1.07867e-01 1.39115e-01 |
  10086 | 8.36262e+01 8.29127e-03 | 1.25331e-02 1.07867e-01 1.39115e-01 |
  10087 | 8.36345e+01 8.29126e-03 | 1.25331e-02 1.07867e-01 1.39115e-01 |
  10088 | 8.36428e+01 8.29126e-03 | 1.25331e-02 1.07867e-01 1.39115e-01 |
  10089 | 8.36510e+01 8.29125e-03 | 1.25331e-02 1.07867e-01 1.39115e-01 |
  10090 | 8.36593e+01 8.29125e-03 | 1.25331e-02 1.07867e-01 1.39115e-01 |
  10091 | 8.36676e+01 8.29125e-03 | 1.25331e-02 1.07867e-01 1.39115e-01 |
  10092 | 8.36759e+01 8.29125e-03 | 1.25331e-02 1.07867e-01 1.39115e-01 |
  10093 | 8.36842e+01 8.29124e-03 | 1.25331e-02 1.07867e-01 1.39115e-01 |
  10094 | 8.36925e+01 8.29124e-03 | 1.25331e-02 1.07867e-01 1.39115e-01 |
  10095 | 8.37008e+01 8.29124e-03 | 1.25331e-02 1.07867e-01 1.39115e-01 |
  10096 | 8.37091e+01 8.29124e-03 | 1.25331e-02 1.07867e-01 1.39115e-01 |
  10097 | 8.37174e+01 8.29124e-03 | 1.25331e-02 1.07867e-01 1.39115e-01 |
  10098 | 8.37257e+01 8.29124e-03 | 1.25331e-02 1.07867e-01 1.39115e-01 |
  10099 | 8.37340e+01 8.29124e-03 | 1.25331e-02 1.07867e-01 1.39115e-01 |
  10100 | 8.37423e+01 8.29124e-03 | 1.25331e-02 1.07867e-01 1.39115e-01 |
  10101 | 8.37505e+01 8.29124e-03 | 1.25331e-02 1.07867e-01 1.39115e-01 |
  10102 | 8.37588e+01 8.29124e-03 | 1.25331e-02 1.07867e-01 1.39115e-01 |
  10103 | 8.37671e+01 8.29125e-03 | 1.25331e-02 1.07867e-01 1.39115e-01 |
  10104 | 8.37754e+01 8.29125e-03 | 1.25331e-02 1.07867e-01 1.39115e-01 |
  10105 | 8.37837e+01 8.29125e-03 | 1.25331e-02 1.07867e-01 1.39115e-01 |
  10106 | 8.37920e+01 8.29125e-03 | 1.25331e-02 1.07867e-01 1.39115e-01 |
  10107 | 8.38003e+01 8.29126e-03 | 1.25331e-02 1.07867e-01 1.39115e-01 |
  10108 | 8.38086e+01 8.29126e-03 | 1.25331e-02 1.07867e-01 1.39115e-01 |
  10109 | 8.38169e+01 8.29127e-03 | 1.25331e-02 1.07867e-01 1.39115e-01 |
  10110 | 8.38252e+01 8.29127e-03 | 1.25331e-02 1.07867e-01 1.39115e-01 |
  10111 | 8.38335e+01 8.29128e-03 | 1.25331e-02 1.07867e-01 1.39115e-01 |
  10112 | 8.38417e+01 8.29129e-03 | 1.25331e-02 1.07867e-01 1.39115e-01 |
  10113 | 8.38500e+01 8.29129e-03 | 1.25331e-02 1.07867e-01 1.39115e-01 |
  10114 | 8.38583e+01 8.29130e-03 | 1.25331e-02 1.07867e-01 1.39115e-01 |
  10115 | 8.38666e+01 8.29131e-03 | 1.25331e-02 1.07867e-01 1.39115e-01 |
  10116 | 8.38749e+01 8.29131e-03 | 1.25331e-02 1.07867e-01 1.39115e-01 |
  10117 | 8.38832e+01 8.29132e-03 | 1.25331e-02 1.07867e-01 1.39115e-01 |
  10118 | 8.38915e+01 8.29133e-03 | 1.25331e-02 1.07867e-01 1.39115e-01 |
  10119 | 8.38998e+01 8.29134e-03 | 1.25331e-02 1.07867e-01 1.39115e-01 |
  10120 | 8.39081e+01 8.29135e-03 | 1.25331e-02 1.07867e-01 1.39115e-01 |
  10121 | 8.39164e+01 8.29136e-03 | 1.25331e-02 1.07867e-01 1.39115e-01 |
  10122 | 8.39247e+01 8.29137e-03 | 1.25331e-02 1.07867e-01 1.39115e-01 |
  10123 | 8.39330e+01 8.29138e-03 | 1.25331e-02 1.07867e-01 1.39115e-01 |
  10124 | 8.39412e+01 8.29139e-03 | 1.25331e-02 1.07867e-01 1.39115e-01 |
  10125 | 8.39495e+01 8.29140e-03 | 1.25331e-02 1.07867e-01 1.39115e-01 |
  10126 | 8.39578e+01 8.29139e-03 | 1.25331e-02 1.07867e-01 1.39115e-01 |
  10127 | 8.39661e+01 8.29138e-03 | 1.25331e-02 1.07867e-01 1.39115e-01 |
  10128 | 8.39744e+01 8.29137e-03 | 1.25331e-02 1.07867e-01 1.39115e-01 |
  10129 | 8.39827e+01 8.29136e-03 | 1.25331e-02 1.07867e-01 1.39115e-01 |
  10130 | 8.39910e+01 8.29135e-03 | 1.25331e-02 1.07867e-01 1.39115e-01 |
  10131 | 8.39993e+01 8.29134e-03 | 1.25331e-02 1.07867e-01 1.39115e-01 |
  10132 | 8.40076e+01 8.29133e-03 | 1.25331e-02 1.07867e-01 1.39115e-01 |
  10133 | 8.40159e+01 8.29132e-03 | 1.25331e-02 1.07867e-01 1.39115e-01 |
  10134 | 8.40242e+01 8.29131e-03 | 1.25331e-02 1.07867e-01 1.39115e-01 |
  10135 | 8.40324e+01 8.29131e-03 | 1.25331e-02 1.07867e-01 1.39115e-01 |
  10136 | 8.40407e+01 8.29130e-03 | 1.25331e-02 1.07867e-01 1.39115e-01 |
  10137 | 8.40490e+01 8.29129e-03 | 1.25331e-02 1.07867e-01 1.39115e-01 |
  10138 | 8.40573e+01 8.29129e-03 | 1.25331e-02 1.07867e-01 1.39115e-01 |
  10139 | 8.40656e+01 8.29128e-03 | 1.25331e-02 1.07867e-01 1.39115e-01 |
  10140 | 8.40739e+01 8.29128e-03 | 1.25331e-02 1.07867e-01 1.39115e-01 |
  10141 | 8.40822e+01 8.29127e-03 | 1.25331e-02 1.07867e-01 1.39115e-01 |
  10142 | 8.40905e+01 8.29127e-03 | 1.25331e-02 1.07867e-01 1.39115e-01 |
  10143 | 8.40988e+01 8.29127e-03 | 1.25331e-02 1.07867e-01 1.39115e-01 |
  10144 | 8.41071e+01 8.29126e-03 | 1.25331e-02 1.07867e-01 1.39115e-01 |
  10145 | 8.41154e+01 8.29126e-03 | 1.25331e-02 1.07867e-01 1.39115e-01 |
  10146 | 8.41237e+01 8.29126e-03 | 1.25331e-02 1.07867e-01 1.39115e-01 |
  10147 | 8.41319e+01 8.29126e-03 | 1.25331e-02 1.07867e-01 1.39115e-01 |
  10148 | 8.41402e+01 8.29126e-03 | 1.25331e-02 1.07867e-01 1.39115e-01 |
  10149 | 8.41485e+01 8.29125e-03 | 1.25331e-02 1.07867e-01 1.39115e-01 |
  10150 | 8.41568e+01 8.29125e-03 | 1.25331e-02 1.07867e-01 1.39115e-01 |
  10151 | 8.41651e+01 8.29125e-03 | 1.25331e-02 1.07867e-01 1.39115e-01 |
  10152 | 8.41734e+01 8.29125e-03 | 1.25331e-02 1.07867e-01 1.39115e-01 |
  10153 | 8.41817e+01 8.29125e-03 | 1.25331e-02 1.07867e-01 1.39115e-01 |
  10154 | 8.41900e+01 8.29126e-03 | 1.25331e-02 1.07867e-01 1.39115e-01 |
  10155 | 8.41983e+01 8.29126e-03 | 1.25331e-02 1.07867e-01 1.39115e-01 |
  10156 | 8.42066e+01 8.29126e-03 | 1.25331e-02 1.07867e-01 1.39115e-01 |
  10157 | 8.42149e+01 8.29126e-03 | 1.25331e-02 1.07867e-01 1.39115e-01 |
  10158 | 8.42231e+01 8.29125e-03 | 1.25331e-02 1.07867e-01 1.39115e-01 |
  10159 | 8.42314e+01 8.29126e-03 | 1.25331e-02 1.07867e-01 1.39115e-01 |
  10160 | 8.42397e+01 8.29126e-03 | 1.25331e-02 1.07867e-01 1.39115e-01 |
  10161 | 8.42480e+01 8.29126e-03 | 1.25331e-02 1.07867e-01 1.39115e-01 |
  10162 | 8.42563e+01 8.29126e-03 | 1.25331e-02 1.07867e-01 1.39115e-01 |
  10163 | 8.42646e+01 8.29126e-03 | 1.25331e-02 1.07867e-01 1.39115e-01 |
  10164 | 8.42729e+01 8.29126e-03 | 1.25331e-02 1.07867e-01 1.39115e-01 |
  10165 | 8.42812e+01 8.29126e-03 | 1.25331e-02 1.07867e-01 1.39115e-01 |
  10166 | 8.42895e+01 8.29127e-03 | 1.25331e-02 1.07867e-01 1.39115e-01 |
  10167 | 8.42978e+01 8.29127e-03 | 1.25331e-02 1.07867e-01 1.39115e-01 |
  10168 | 8.43061e+01 8.29128e-03 | 1.25331e-02 1.07867e-01 1.39115e-01 |
  10169 | 8.43144e+01 8.29128e-03 | 1.25331e-02 1.07867e-01 1.39115e-01 |
  10170 | 8.43226e+01 8.29128e-03 | 1.25331e-02 1.07867e-01 1.39115e-01 |
  10171 | 8.43309e+01 8.29129e-03 | 1.25331e-02 1.07867e-01 1.39115e-01 |
  10172 | 8.43392e+01 8.29130e-03 | 1.25331e-02 1.07867e-01 1.39115e-01 |
  10173 | 8.43475e+01 8.29130e-03 | 1.25331e-02 1.07867e-01 1.39115e-01 |
  10174 | 8.43558e+01 8.29131e-03 | 1.25331e-02 1.07867e-01 1.39115e-01 |
  10175 | 8.43641e+01 8.29132e-03 | 1.25331e-02 1.07867e-01 1.39115e-01 |
  10176 | 8.43724e+01 8.29132e-03 | 1.25331e-02 1.07867e-01 1.39115e-01 |
  10177 | 8.43807e+01 8.29133e-03 | 1.25331e-02 1.07867e-01 1.39115e-01 |
  10178 | 8.43890e+01 8.29134e-03 | 1.25331e-02 1.07867e-01 1.39115e-01 |
  10179 | 8.43973e+01 8.29135e-03 | 1.25331e-02 1.07867e-01 1.39115e-01 |
  10180 | 8.44056e+01 8.29136e-03 | 1.25331e-02 1.07867e-01 1.39115e-01 |
  10181 | 8.44138e+01 8.29137e-03 | 1.25331e-02 1.07867e-01 1.39115e-01 |
  10182 | 8.44221e+01 8.29138e-03 | 1.25331e-02 1.07867e-01 1.39115e-01 |
  10183 | 8.44304e+01 8.29139e-03 | 1.25331e-02 1.07867e-01 1.39115e-01 |
  10184 | 8.44387e+01 8.29140e-03 | 1.25331e-02 1.07867e-01 1.39115e-01 |
  10185 | 8.44470e+01 8.29140e-03 | 1.25331e-02 1.07867e-01 1.39115e-01 |
  10186 | 8.44553e+01 8.29138e-03 | 1.25331e-02 1.07867e-01 1.39115e-01 |
  10187 | 8.44636e+01 8.29137e-03 | 1.25331e-02 1.07867e-01 1.39115e-01 |
  10188 | 8.44719e+01 8.29136e-03 | 1.25331e-02 1.07867e-01 1.39115e-01 |
  10189 | 8.44802e+01 8.29135e-03 | 1.25331e-02 1.07867e-01 1.39115e-01 |
  10190 | 8.44885e+01 8.29134e-03 | 1.25331e-02 1.07867e-01 1.39115e-01 |
  10191 | 8.44968e+01 8.29133e-03 | 1.25331e-02 1.07867e-01 1.39115e-01 |
  10192 | 8.45051e+01 8.29132e-03 | 1.25331e-02 1.07867e-01 1.39115e-01 |
  10193 | 8.45133e+01 8.29132e-03 | 1.25331e-02 1.07867e-01 1.39115e-01 |
  10194 | 8.45216e+01 8.29131e-03 | 1.25331e-02 1.07867e-01 1.39115e-01 |
  10195 | 8.45299e+01 8.29130e-03 | 1.25331e-02 1.07867e-01 1.39115e-01 |
  10196 | 8.45382e+01 8.29129e-03 | 1.25331e-02 1.07867e-01 1.39115e-01 |
  10197 | 8.45465e+01 8.29129e-03 | 1.25331e-02 1.07867e-01 1.39115e-01 |
  10198 | 8.45548e+01 8.29128e-03 | 1.25331e-02 1.07867e-01 1.39115e-01 |
  10199 | 8.45631e+01 8.29127e-03 | 1.25331e-02 1.07867e-01 1.39115e-01 |
  10200 | 8.45714e+01 8.29127e-03 | 1.25331e-02 1.07867e-01 1.39115e-01 |
  10201 | 8.45797e+01 8.29126e-03 | 1.25331e-02 1.07867e-01 1.39115e-01 |
  10202 | 8.45880e+01 8.29126e-03 | 1.25331e-02 1.07867e-01 1.39115e-01 |
  10203 | 8.45963e+01 8.29126e-03 | 1.25331e-02 1.07867e-01 1.39115e-01 |
  10204 | 8.46045e+01 8.29125e-03 | 1.25331e-02 1.07867e-01 1.39115e-01 |
  10205 | 8.46128e+01 8.29125e-03 | 1.25331e-02 1.07867e-01 1.39115e-01 |
  10206 | 8.46211e+01 8.29125e-03 | 1.25331e-02 1.07867e-01 1.39115e-01 |
  10207 | 8.46294e+01 8.29124e-03 | 1.25331e-02 1.07867e-01 1.39115e-01 |
  10208 | 8.46377e+01 8.29124e-03 | 1.25331e-02 1.07867e-01 1.39115e-01 |
  10209 | 8.46460e+01 8.29124e-03 | 1.25331e-02 1.07867e-01 1.39115e-01 |
  10210 | 8.46543e+01 8.29124e-03 | 1.25331e-02 1.07867e-01 1.39115e-01 |
  10211 | 8.46626e+01 8.29124e-03 | 1.25331e-02 1.07867e-01 1.39115e-01 |
  10212 | 8.46709e+01 8.29124e-03 | 1.25331e-02 1.07867e-01 1.39115e-01 |
  10213 | 8.46792e+01 8.29124e-03 | 1.25331e-02 1.07867e-01 1.39115e-01 |
  10214 | 8.46875e+01 8.29124e-03 | 1.25331e-02 1.07867e-01 1.39115e-01 |
  10215 | 8.46958e+01 8.29124e-03 | 1.25331e-02 1.07867e-01 1.39115e-01 |
  10216 | 8.47040e+01 8.29124e-03 | 1.25331e-02 1.07867e-01 1.39115e-01 |
  10217 | 8.47123e+01 8.29125e-03 | 1.25331e-02 1.07867e-01 1.39115e-01 |
  10218 | 8.47206e+01 8.29125e-03 | 1.25331e-02 1.07867e-01 1.39115e-01 |
  10219 | 8.47289e+01 8.29125e-03 | 1.25331e-02 1.07867e-01 1.39115e-01 |
  10220 | 8.47372e+01 8.29125e-03 | 1.25331e-02 1.07867e-01 1.39115e-01 |
  10221 | 8.47455e+01 8.29126e-03 | 1.25331e-02 1.07867e-01 1.39115e-01 |
  10222 | 8.47538e+01 8.29126e-03 | 1.25331e-02 1.07867e-01 1.39115e-01 |
  10223 | 8.47621e+01 8.29127e-03 | 1.25331e-02 1.07867e-01 1.39115e-01 |
  10224 | 8.47704e+01 8.29127e-03 | 1.25331e-02 1.07867e-01 1.39115e-01 |
  10225 | 8.47787e+01 8.29128e-03 | 1.25331e-02 1.07867e-01 1.39115e-01 |
  10226 | 8.47870e+01 8.29128e-03 | 1.25331e-02 1.07867e-01 1.39115e-01 |
  10227 | 8.47952e+01 8.29129e-03 | 1.25331e-02 1.07867e-01 1.39115e-01 |
  10228 | 8.48035e+01 8.29130e-03 | 1.25331e-02 1.07867e-01 1.39115e-01 |
  10229 | 8.48118e+01 8.29130e-03 | 1.25331e-02 1.07867e-01 1.39115e-01 |
  10230 | 8.48201e+01 8.29131e-03 | 1.25331e-02 1.07867e-01 1.39115e-01 |
  10231 | 8.48284e+01 8.29132e-03 | 1.25331e-02 1.07867e-01 1.39115e-01 |
  10232 | 8.48367e+01 8.29133e-03 | 1.25331e-02 1.07867e-01 1.39115e-01 |
  10233 | 8.48450e+01 8.29134e-03 | 1.25331e-02 1.07867e-01 1.39115e-01 |
  10234 | 8.48533e+01 8.29135e-03 | 1.25331e-02 1.07867e-01 1.39115e-01 |
  10235 | 8.48616e+01 8.29136e-03 | 1.25331e-02 1.07867e-01 1.39115e-01 |
  10236 | 8.48699e+01 8.29137e-03 | 1.25331e-02 1.07867e-01 1.39115e-01 |
  10237 | 8.48782e+01 8.29138e-03 | 1.25331e-02 1.07867e-01 1.39115e-01 |
  10238 | 8.48864e+01 8.29139e-03 | 1.25331e-02 1.07867e-01 1.39115e-01 |
  10239 | 8.48947e+01 8.29140e-03 | 1.25331e-02 1.07867e-01 1.39115e-01 |
  10240 | 8.49030e+01 8.29141e-03 | 1.25331e-02 1.07867e-01 1.39115e-01 |
  10241 | 8.49113e+01 8.29141e-03 | 1.25331e-02 1.07867e-01 1.39115e-01 |
  10242 | 8.49196e+01 8.29140e-03 | 1.25331e-02 1.07867e-01 1.39115e-01 |
  10243 | 8.49279e+01 8.29139e-03 | 1.25331e-02 1.07867e-01 1.39115e-01 |
  10244 | 8.49362e+01 8.29138e-03 | 1.25331e-02 1.07867e-01 1.39115e-01 |
  10245 | 8.49445e+01 8.29137e-03 | 1.25331e-02 1.07867e-01 1.39115e-01 |
  10246 | 8.49528e+01 8.29136e-03 | 1.25331e-02 1.07867e-01 1.39115e-01 |
  10247 | 8.49611e+01 8.29135e-03 | 1.25331e-02 1.07867e-01 1.39115e-01 |
  10248 | 8.49694e+01 8.29134e-03 | 1.25331e-02 1.07867e-01 1.39115e-01 |
  10249 | 8.49777e+01 8.29133e-03 | 1.25331e-02 1.07867e-01 1.39115e-01 |
  10250 | 8.49859e+01 8.29132e-03 | 1.25331e-02 1.07867e-01 1.39115e-01 |
  10251 | 8.49942e+01 8.29132e-03 | 1.25331e-02 1.07867e-01 1.39115e-01 |
  10252 | 8.50025e+01 8.29131e-03 | 1.25331e-02 1.07867e-01 1.39115e-01 |
  10253 | 8.50108e+01 8.29130e-03 | 1.25331e-02 1.07867e-01 1.39115e-01 |
  10254 | 8.50191e+01 8.29130e-03 | 1.25331e-02 1.07867e-01 1.39115e-01 |
  10255 | 8.50274e+01 8.29129e-03 | 1.25331e-02 1.07867e-01 1.39115e-01 |
  10256 | 8.50357e+01 8.29128e-03 | 1.25331e-02 1.07867e-01 1.39115e-01 |
  10257 | 8.50440e+01 8.29128e-03 | 1.25331e-02 1.07867e-01 1.39115e-01 |
  10258 | 8.50523e+01 8.29127e-03 | 1.25331e-02 1.07867e-01 1.39115e-01 |
  10259 | 8.50606e+01 8.29127e-03 | 1.25331e-02 1.07867e-01 1.39115e-01 |
  10260 | 8.50689e+01 8.29127e-03 | 1.25331e-02 1.07867e-01 1.39115e-01 |
  10261 | 8.50772e+01 8.29126e-03 | 1.25331e-02 1.07867e-01 1.39115e-01 |
  10262 | 8.50854e+01 8.29126e-03 | 1.25331e-02 1.07867e-01 1.39115e-01 |
  10263 | 8.50937e+01 8.29126e-03 | 1.25331e-02 1.07867e-01 1.39115e-01 |
  10264 | 8.51020e+01 8.29125e-03 | 1.25331e-02 1.07867e-01 1.39115e-01 |
  10265 | 8.51103e+01 8.29125e-03 | 1.25331e-02 1.07867e-01 1.39115e-01 |
  10266 | 8.51186e+01 8.29125e-03 | 1.25331e-02 1.07867e-01 1.39115e-01 |
  10267 | 8.51269e+01 8.29125e-03 | 1.25331e-02 1.07867e-01 1.39115e-01 |
  10268 | 8.51352e+01 8.29125e-03 | 1.25331e-02 1.07867e-01 1.39115e-01 |
  10269 | 8.51435e+01 8.29125e-03 | 1.25331e-02 1.07867e-01 1.39115e-01 |
  10270 | 8.51518e+01 8.29125e-03 | 1.25331e-02 1.07867e-01 1.39115e-01 |
  10271 | 8.51601e+01 8.29125e-03 | 1.25331e-02 1.07867e-01 1.39115e-01 |
  10272 | 8.51684e+01 8.29125e-03 | 1.25331e-02 1.07867e-01 1.39115e-01 |
  10273 | 8.51766e+01 8.29126e-03 | 1.25331e-02 1.07867e-01 1.39115e-01 |
  10274 | 8.51849e+01 8.29126e-03 | 1.25331e-02 1.07867e-01 1.39115e-01 |
  10275 | 8.51932e+01 8.29126e-03 | 1.25331e-02 1.07867e-01 1.39115e-01 |
  10276 | 8.52015e+01 8.29126e-03 | 1.25331e-02 1.07867e-01 1.39115e-01 |
  10277 | 8.52098e+01 8.29127e-03 | 1.25331e-02 1.07867e-01 1.39115e-01 |
  10278 | 8.52181e+01 8.29127e-03 | 1.25331e-02 1.07867e-01 1.39115e-01 |
  10279 | 8.52264e+01 8.29128e-03 | 1.25331e-02 1.07867e-01 1.39115e-01 |
  10280 | 8.52347e+01 8.29128e-03 | 1.25331e-02 1.07867e-01 1.39115e-01 |
  10281 | 8.52430e+01 8.29129e-03 | 1.25331e-02 1.07867e-01 1.39115e-01 |
  10282 | 8.52513e+01 8.29129e-03 | 1.25331e-02 1.07867e-01 1.39115e-01 |
  10283 | 8.52596e+01 8.29130e-03 | 1.25331e-02 1.07867e-01 1.39115e-01 |
  10284 | 8.52678e+01 8.29130e-03 | 1.25331e-02 1.07867e-01 1.39115e-01 |
  10285 | 8.52761e+01 8.29131e-03 | 1.25331e-02 1.07867e-01 1.39115e-01 |
  10286 | 8.52844e+01 8.29132e-03 | 1.25331e-02 1.07867e-01 1.39115e-01 |
  10287 | 8.52927e+01 8.29133e-03 | 1.25331e-02 1.07867e-01 1.39115e-01 |
  10288 | 8.53010e+01 8.29134e-03 | 1.25331e-02 1.07867e-01 1.39115e-01 |
  10289 | 8.53093e+01 8.29134e-03 | 1.25331e-02 1.07867e-01 1.39115e-01 |
  10290 | 8.53176e+01 8.29135e-03 | 1.25331e-02 1.07867e-01 1.39115e-01 |
  10291 | 8.53259e+01 8.29136e-03 | 1.25331e-02 1.07867e-01 1.39115e-01 |
  10292 | 8.53342e+01 8.29137e-03 | 1.25331e-02 1.07867e-01 1.39115e-01 |
  10293 | 8.53425e+01 8.29138e-03 | 1.25331e-02 1.07867e-01 1.39115e-01 |
  10294 | 8.53508e+01 8.29139e-03 | 1.25331e-02 1.07867e-01 1.39115e-01 |
  10295 | 8.53591e+01 8.29139e-03 | 1.25331e-02 1.07867e-01 1.39115e-01 |
  10296 | 8.53673e+01 8.29138e-03 | 1.25331e-02 1.07867e-01 1.39115e-01 |
  10297 | 8.53756e+01 8.29137e-03 | 1.25331e-02 1.07867e-01 1.39115e-01 |
  10298 | 8.53839e+01 8.29136e-03 | 1.25331e-02 1.07867e-01 1.39115e-01 |
  10299 | 8.53922e+01 8.29135e-03 | 1.25331e-02 1.07867e-01 1.39115e-01 |
  10300 | 8.54005e+01 8.29134e-03 | 1.25331e-02 1.07867e-01 1.39115e-01 |
  10301 | 8.54088e+01 8.29133e-03 | 1.25331e-02 1.07867e-01 1.39115e-01 |
  10302 | 8.54171e+01 8.29132e-03 | 1.25331e-02 1.07867e-01 1.39115e-01 |
  10303 | 8.54254e+01 8.29131e-03 | 1.25331e-02 1.07867e-01 1.39115e-01 |
  10304 | 8.54337e+01 8.29131e-03 | 1.25331e-02 1.07867e-01 1.39115e-01 |
  10305 | 8.54420e+01 8.29130e-03 | 1.25331e-02 1.07867e-01 1.39115e-01 |
  10306 | 8.54503e+01 8.29129e-03 | 1.25331e-02 1.07867e-01 1.39115e-01 |
  10307 | 8.54586e+01 8.29128e-03 | 1.25331e-02 1.07867e-01 1.39115e-01 |
  10308 | 8.54668e+01 8.29128e-03 | 1.25331e-02 1.07867e-01 1.39115e-01 |
  10309 | 8.54751e+01 8.29127e-03 | 1.25331e-02 1.07867e-01 1.39115e-01 |
  10310 | 8.54834e+01 8.29127e-03 | 1.25331e-02 1.07867e-01 1.39115e-01 |
  10311 | 8.54917e+01 8.29126e-03 | 1.25331e-02 1.07867e-01 1.39115e-01 |
  10312 | 8.55000e+01 8.29126e-03 | 1.25331e-02 1.07867e-01 1.39115e-01 |
  10313 | 8.55083e+01 8.29125e-03 | 1.25331e-02 1.07867e-01 1.39115e-01 |
  10314 | 8.55166e+01 8.29125e-03 | 1.25331e-02 1.07867e-01 1.39115e-01 |
  10315 | 8.55249e+01 8.29125e-03 | 1.25331e-02 1.07867e-01 1.39115e-01 |
  10316 | 8.55332e+01 8.29124e-03 | 1.25331e-02 1.07867e-01 1.39115e-01 |
  10317 | 8.55415e+01 8.29124e-03 | 1.25331e-02 1.07867e-01 1.39115e-01 |
  10318 | 8.55498e+01 8.29124e-03 | 1.25331e-02 1.07867e-01 1.39115e-01 |
  10319 | 8.55580e+01 8.29124e-03 | 1.25331e-02 1.07867e-01 1.39115e-01 |
  10320 | 8.55663e+01 8.29124e-03 | 1.25331e-02 1.07867e-01 1.39115e-01 |
  10321 | 8.55746e+01 8.29124e-03 | 1.25331e-02 1.07867e-01 1.39115e-01 |
  10322 | 8.55829e+01 8.29124e-03 | 1.25331e-02 1.07867e-01 1.39115e-01 |
  10323 | 8.55912e+01 8.29124e-03 | 1.25331e-02 1.07867e-01 1.39115e-01 |
  10324 | 8.55995e+01 8.29124e-03 | 1.25331e-02 1.07867e-01 1.39115e-01 |
  10325 | 8.56078e+01 8.29124e-03 | 1.25331e-02 1.07867e-01 1.39115e-01 |
  10326 | 8.56161e+01 8.29124e-03 | 1.25331e-02 1.07867e-01 1.39115e-01 |
  10327 | 8.56244e+01 8.29124e-03 | 1.25331e-02 1.07867e-01 1.39115e-01 |
  10328 | 8.56327e+01 8.29125e-03 | 1.25331e-02 1.07867e-01 1.39115e-01 |
  10329 | 8.56410e+01 8.29125e-03 | 1.25331e-02 1.07867e-01 1.39115e-01 |
  10330 | 8.56492e+01 8.29125e-03 | 1.25331e-02 1.07867e-01 1.39115e-01 |
  10331 | 8.56575e+01 8.29126e-03 | 1.25331e-02 1.07867e-01 1.39115e-01 |
  10332 | 8.56658e+01 8.29126e-03 | 1.25331e-02 1.07867e-01 1.39115e-01 |
  10333 | 8.56741e+01 8.29127e-03 | 1.25331e-02 1.07867e-01 1.39115e-01 |
  10334 | 8.56824e+01 8.29127e-03 | 1.25331e-02 1.07867e-01 1.39115e-01 |
  10335 | 8.56907e+01 8.29128e-03 | 1.25331e-02 1.07867e-01 1.39115e-01 |
  10336 | 8.56990e+01 8.29128e-03 | 1.25331e-02 1.07867e-01 1.39115e-01 |
  10337 | 8.57073e+01 8.29129e-03 | 1.25331e-02 1.07867e-01 1.39115e-01 |
  10338 | 8.57156e+01 8.29130e-03 | 1.25331e-02 1.07867e-01 1.39115e-01 |
  10339 | 8.57239e+01 8.29130e-03 | 1.25331e-02 1.07867e-01 1.39115e-01 |
  10340 | 8.57322e+01 8.29131e-03 | 1.25331e-02 1.07867e-01 1.39115e-01 |
  10341 | 8.57405e+01 8.29132e-03 | 1.25331e-02 1.07867e-01 1.39115e-01 |
  10342 | 8.57487e+01 8.29133e-03 | 1.25331e-02 1.07867e-01 1.39115e-01 |
  10343 | 8.57570e+01 8.29134e-03 | 1.25331e-02 1.07867e-01 1.39115e-01 |
  10344 | 8.57653e+01 8.29135e-03 | 1.25331e-02 1.07867e-01 1.39115e-01 |
  10345 | 8.57736e+01 8.29136e-03 | 1.25331e-02 1.07867e-01 1.39115e-01 |
  10346 | 8.57819e+01 8.29137e-03 | 1.25331e-02 1.07867e-01 1.39115e-01 |
  10347 | 8.57902e+01 8.29138e-03 | 1.25331e-02 1.07867e-01 1.39115e-01 |
  10348 | 8.57985e+01 8.29139e-03 | 1.25331e-02 1.07867e-01 1.39115e-01 |
  10349 | 8.58068e+01 8.29140e-03 | 1.25331e-02 1.07867e-01 1.39115e-01 |
  10350 | 8.58151e+01 8.29141e-03 | 1.25331e-02 1.07867e-01 1.39115e-01 |
  10351 | 8.58234e+01 8.29143e-03 | 1.25331e-02 1.07867e-01 1.39115e-01 |
  10352 | 8.58317e+01 8.29144e-03 | 1.25331e-02 1.07867e-01 1.39115e-01 |
  10353 | 8.58400e+01 8.29144e-03 | 1.25331e-02 1.07867e-01 1.39115e-01 |
  10354 | 8.58482e+01 8.29143e-03 | 1.25331e-02 1.07867e-01 1.39115e-01 |
  10355 | 8.58565e+01 8.29143e-03 | 1.25331e-02 1.07867e-01 1.39115e-01 |
  10356 | 8.58648e+01 8.29143e-03 | 1.25331e-02 1.07867e-01 1.39115e-01 |
  10357 | 8.58731e+01 8.29142e-03 | 1.25331e-02 1.07867e-01 1.39115e-01 |
  10358 | 8.58814e+01 8.29142e-03 | 1.25331e-02 1.07867e-01 1.39115e-01 |
  10359 | 8.58897e+01 8.29142e-03 | 1.25331e-02 1.07867e-01 1.39115e-01 |
  10360 | 8.58980e+01 8.29141e-03 | 1.25331e-02 1.07867e-01 1.39115e-01 |
  10361 | 8.59063e+01 8.29141e-03 | 1.25331e-02 1.07867e-01 1.39115e-01 |
  10362 | 8.59146e+01 8.29141e-03 | 1.25331e-02 1.07867e-01 1.39115e-01 |
  10363 | 8.59229e+01 8.29140e-03 | 1.25331e-02 1.07867e-01 1.39115e-01 |
  10364 | 8.59312e+01 8.29139e-03 | 1.25331e-02 1.07867e-01 1.39115e-01 |
  10365 | 8.59394e+01 8.29138e-03 | 1.25331e-02 1.07867e-01 1.39115e-01 |
  10366 | 8.59477e+01 8.29137e-03 | 1.25331e-02 1.07867e-01 1.39115e-01 |
  10367 | 8.59560e+01 8.29137e-03 | 1.25331e-02 1.07867e-01 1.39115e-01 |
  10368 | 8.59643e+01 8.29136e-03 | 1.25331e-02 1.07867e-01 1.39115e-01 |
  10369 | 8.59726e+01 8.29135e-03 | 1.25331e-02 1.07867e-01 1.39115e-01 |
  10370 | 8.59809e+01 8.29135e-03 | 1.25331e-02 1.07867e-01 1.39115e-01 |
  10371 | 8.59892e+01 8.29134e-03 | 1.25331e-02 1.07867e-01 1.39115e-01 |
  10372 | 8.59975e+01 8.29134e-03 | 1.25331e-02 1.07867e-01 1.39115e-01 |
  10373 | 8.60058e+01 8.29133e-03 | 1.25331e-02 1.07867e-01 1.39115e-01 |
  10374 | 8.60141e+01 8.29133e-03 | 1.25331e-02 1.07867e-01 1.39115e-01 |
  10375 | 8.60224e+01 8.29132e-03 | 1.25331e-02 1.07867e-01 1.39115e-01 |
  10376 | 8.60307e+01 8.29132e-03 | 1.25331e-02 1.07867e-01 1.39115e-01 |
  10377 | 8.60389e+01 8.29132e-03 | 1.25331e-02 1.07867e-01 1.39115e-01 |
  10378 | 8.60472e+01 8.29132e-03 | 1.25331e-02 1.07867e-01 1.39115e-01 |
  10379 | 8.60555e+01 8.29131e-03 | 1.25331e-02 1.07867e-01 1.39115e-01 |
  10380 | 8.60638e+01 8.29131e-03 | 1.25331e-02 1.07867e-01 1.39115e-01 |
  10381 | 8.60721e+01 8.29131e-03 | 1.25331e-02 1.07867e-01 1.39115e-01 |
  10382 | 8.60804e+01 8.29131e-03 | 1.25331e-02 1.07867e-01 1.39115e-01 |
  10383 | 8.60887e+01 8.29131e-03 | 1.25331e-02 1.07867e-01 1.39115e-01 |
  10384 | 8.60970e+01 8.29131e-03 | 1.25331e-02 1.07867e-01 1.39115e-01 |
  10385 | 8.61053e+01 8.29131e-03 | 1.25331e-02 1.07867e-01 1.39115e-01 |
  10386 | 8.61136e+01 8.29131e-03 | 1.25331e-02 1.07867e-01 1.39115e-01 |
  10387 | 8.61219e+01 8.29132e-03 | 1.25331e-02 1.07867e-01 1.39115e-01 |
  10388 | 8.61301e+01 8.29132e-03 | 1.25331e-02 1.07867e-01 1.39115e-01 |
  10389 | 8.61384e+01 8.29132e-03 | 1.25331e-02 1.07867e-01 1.39115e-01 |
  10390 | 8.61467e+01 8.29132e-03 | 1.25331e-02 1.07867e-01 1.39115e-01 |
  10391 | 8.61550e+01 8.29133e-03 | 1.25331e-02 1.07867e-01 1.39115e-01 |
  10392 | 8.61633e+01 8.29133e-03 | 1.25331e-02 1.07867e-01 1.39115e-01 |
  10393 | 8.61716e+01 8.29134e-03 | 1.25331e-02 1.07867e-01 1.39115e-01 |
  10394 | 8.61799e+01 8.29134e-03 | 1.25331e-02 1.07867e-01 1.39115e-01 |
  10395 | 8.61882e+01 8.29135e-03 | 1.25331e-02 1.07867e-01 1.39115e-01 |
  10396 | 8.61965e+01 8.29135e-03 | 1.25331e-02 1.07867e-01 1.39115e-01 |
  10397 | 8.62048e+01 8.29136e-03 | 1.25331e-02 1.07867e-01 1.39115e-01 |
  10398 | 8.62131e+01 8.29136e-03 | 1.25331e-02 1.07867e-01 1.39115e-01 |
  10399 | 8.62214e+01 8.29137e-03 | 1.25331e-02 1.07867e-01 1.39115e-01 |
  10400 | 8.62296e+01 8.29138e-03 | 1.25331e-02 1.07867e-01 1.39115e-01 |
  10401 | 8.62379e+01 8.29139e-03 | 1.25331e-02 1.07867e-01 1.39115e-01 |
  10402 | 8.62462e+01 8.29139e-03 | 1.25331e-02 1.07867e-01 1.39115e-01 |
  10403 | 8.62545e+01 8.29138e-03 | 1.25331e-02 1.07867e-01 1.39115e-01 |
  10404 | 8.62628e+01 8.29137e-03 | 1.25331e-02 1.07867e-01 1.39115e-01 |
  10405 | 8.62711e+01 8.29136e-03 | 1.25331e-02 1.07867e-01 1.39115e-01 |
  10406 | 8.62794e+01 8.29135e-03 | 1.25331e-02 1.07867e-01 1.39115e-01 |
  10407 | 8.62877e+01 8.29135e-03 | 1.25331e-02 1.07867e-01 1.39115e-01 |
  10408 | 8.62960e+01 8.29134e-03 | 1.25331e-02 1.07867e-01 1.39115e-01 |
  10409 | 8.63043e+01 8.29133e-03 | 1.25331e-02 1.07867e-01 1.39115e-01 |
  10410 | 8.63126e+01 8.29132e-03 | 1.25331e-02 1.07867e-01 1.39115e-01 |
  10411 | 8.63208e+01 8.29132e-03 | 1.25331e-02 1.07867e-01 1.39115e-01 |
  10412 | 8.63291e+01 8.29131e-03 | 1.25331e-02 1.07867e-01 1.39115e-01 |
  10413 | 8.63374e+01 8.29131e-03 | 1.25331e-02 1.07867e-01 1.39115e-01 |
  10414 | 8.63457e+01 8.29130e-03 | 1.25331e-02 1.07867e-01 1.39115e-01 |
  10415 | 8.63540e+01 8.29130e-03 | 1.25331e-02 1.07867e-01 1.39115e-01 |
  10416 | 8.63623e+01 8.29129e-03 | 1.25331e-02 1.07867e-01 1.39115e-01 |
  10417 | 8.63706e+01 8.29129e-03 | 1.25331e-02 1.07867e-01 1.39115e-01 |
  10418 | 8.63789e+01 8.29129e-03 | 1.25331e-02 1.07867e-01 1.39115e-01 |
  10419 | 8.63872e+01 8.29128e-03 | 1.25331e-02 1.07867e-01 1.39115e-01 |
  10420 | 8.63955e+01 8.29128e-03 | 1.25331e-02 1.07867e-01 1.39115e-01 |
  10421 | 8.64038e+01 8.29128e-03 | 1.25331e-02 1.07867e-01 1.39115e-01 |
  10422 | 8.64121e+01 8.29128e-03 | 1.25331e-02 1.07867e-01 1.39115e-01 |
  10423 | 8.64203e+01 8.29128e-03 | 1.25331e-02 1.07867e-01 1.39115e-01 |
  10424 | 8.64286e+01 8.29128e-03 | 1.25331e-02 1.07867e-01 1.39115e-01 |
  10425 | 8.64369e+01 8.29128e-03 | 1.25331e-02 1.07867e-01 1.39115e-01 |
  10426 | 8.64452e+01 8.29128e-03 | 1.25331e-02 1.07867e-01 1.39115e-01 |
  10427 | 8.64535e+01 8.29128e-03 | 1.25331e-02 1.07867e-01 1.39115e-01 |
  10428 | 8.64618e+01 8.29128e-03 | 1.25331e-02 1.07867e-01 1.39115e-01 |
  10429 | 8.64701e+01 8.29128e-03 | 1.25331e-02 1.07867e-01 1.39115e-01 |
  10430 | 8.64784e+01 8.29128e-03 | 1.25331e-02 1.07867e-01 1.39115e-01 |
  10431 | 8.64867e+01 8.29128e-03 | 1.25331e-02 1.07867e-01 1.39115e-01 |
  10432 | 8.64950e+01 8.29129e-03 | 1.25331e-02 1.07867e-01 1.39115e-01 |
  10433 | 8.65033e+01 8.29129e-03 | 1.25331e-02 1.07867e-01 1.39115e-01 |
  10434 | 8.65115e+01 8.29129e-03 | 1.25331e-02 1.07867e-01 1.39115e-01 |
  10435 | 8.65198e+01 8.29130e-03 | 1.25331e-02 1.07867e-01 1.39115e-01 |
  10436 | 8.65281e+01 8.29130e-03 | 1.25331e-02 1.07867e-01 1.39115e-01 |
  10437 | 8.65364e+01 8.29131e-03 | 1.25331e-02 1.07867e-01 1.39115e-01 |
  10438 | 8.65447e+01 8.29131e-03 | 1.25331e-02 1.07867e-01 1.39115e-01 |
  10439 | 8.65530e+01 8.29132e-03 | 1.25331e-02 1.07867e-01 1.39115e-01 |
  10440 | 8.65613e+01 8.29132e-03 | 1.25331e-02 1.07867e-01 1.39115e-01 |
  10441 | 8.65696e+01 8.29133e-03 | 1.25331e-02 1.07867e-01 1.39115e-01 |
  10442 | 8.65779e+01 8.29134e-03 | 1.25331e-02 1.07867e-01 1.39115e-01 |
  10443 | 8.65862e+01 8.29135e-03 | 1.25331e-02 1.07867e-01 1.39115e-01 |
  10444 | 8.65945e+01 8.29135e-03 | 1.25331e-02 1.07867e-01 1.39115e-01 |
  10445 | 8.66028e+01 8.29135e-03 | 1.25331e-02 1.07867e-01 1.39115e-01 |
  10446 | 8.66110e+01 8.29135e-03 | 1.25331e-02 1.07867e-01 1.39115e-01 |
  10447 | 8.66193e+01 8.29136e-03 | 1.25331e-02 1.07867e-01 1.39115e-01 |
  10448 | 8.66276e+01 8.29136e-03 | 1.25331e-02 1.07867e-01 1.39115e-01 |
  10449 | 8.66359e+01 8.29137e-03 | 1.25331e-02 1.07867e-01 1.39115e-01 |
  10450 | 8.66442e+01 8.29137e-03 | 1.25331e-02 1.07867e-01 1.39115e-01 |
  10451 | 8.66525e+01 8.29138e-03 | 1.25331e-02 1.07867e-01 1.39115e-01 |
  10452 | 8.66608e+01 8.29138e-03 | 1.25331e-02 1.07867e-01 1.39115e-01 |
  10453 | 8.66691e+01 8.29139e-03 | 1.25331e-02 1.07867e-01 1.39115e-01 |
  10454 | 8.66774e+01 8.29139e-03 | 1.25331e-02 1.07867e-01 1.39115e-01 |
  10455 | 8.66857e+01 8.29140e-03 | 1.25331e-02 1.07867e-01 1.39115e-01 |
  10456 | 8.66940e+01 8.29141e-03 | 1.25331e-02 1.07867e-01 1.39115e-01 |
  10457 | 8.67022e+01 8.29141e-03 | 1.25331e-02 1.07867e-01 1.39115e-01 |
  10458 | 8.67105e+01 8.29140e-03 | 1.25331e-02 1.07867e-01 1.39115e-01 |
  10459 | 8.67188e+01 8.29139e-03 | 1.25331e-02 1.07867e-01 1.39115e-01 |
  10460 | 8.67271e+01 8.29138e-03 | 1.25331e-02 1.07867e-01 1.39115e-01 |
  10461 | 8.67354e+01 8.29137e-03 | 1.25331e-02 1.07867e-01 1.39115e-01 |
  10462 | 8.67437e+01 8.29137e-03 | 1.25331e-02 1.07867e-01 1.39115e-01 |
  10463 | 8.67520e+01 8.29136e-03 | 1.25331e-02 1.07867e-01 1.39115e-01 |
  10464 | 8.67603e+01 8.29135e-03 | 1.25331e-02 1.07867e-01 1.39115e-01 |
  10465 | 8.67686e+01 8.29135e-03 | 1.25331e-02 1.07867e-01 1.39115e-01 |
  10466 | 8.67769e+01 8.29134e-03 | 1.25331e-02 1.07867e-01 1.39115e-01 |
  10467 | 8.67852e+01 8.29134e-03 | 1.25331e-02 1.07867e-01 1.39115e-01 |
  10468 | 8.67935e+01 8.29133e-03 | 1.25331e-02 1.07867e-01 1.39115e-01 |
  10469 | 8.68017e+01 8.29133e-03 | 1.25331e-02 1.07867e-01 1.39115e-01 |
  10470 | 8.68100e+01 8.29132e-03 | 1.25331e-02 1.07867e-01 1.39115e-01 |
  10471 | 8.68183e+01 8.29132e-03 | 1.25331e-02 1.07867e-01 1.39115e-01 |
  10472 | 8.68266e+01 8.29132e-03 | 1.25331e-02 1.07867e-01 1.39115e-01 |
  10473 | 8.68349e+01 8.29131e-03 | 1.25331e-02 1.07867e-01 1.39115e-01 |
  10474 | 8.68432e+01 8.29131e-03 | 1.25331e-02 1.07867e-01 1.39115e-01 |
  10475 | 8.68515e+01 8.29131e-03 | 1.25331e-02 1.07867e-01 1.39115e-01 |
  10476 | 8.68598e+01 8.29131e-03 | 1.25331e-02 1.07867e-01 1.39115e-01 |
  10477 | 8.68681e+01 8.29131e-03 | 1.25331e-02 1.07867e-01 1.39115e-01 |
  10478 | 8.68764e+01 8.29131e-03 | 1.25331e-02 1.07867e-01 1.39115e-01 |
  10479 | 8.68847e+01 8.29131e-03 | 1.25331e-02 1.07867e-01 1.39115e-01 |
  10480 | 8.68930e+01 8.29131e-03 | 1.25331e-02 1.07867e-01 1.39115e-01 |
  10481 | 8.69012e+01 8.29131e-03 | 1.25331e-02 1.07867e-01 1.39115e-01 |
  10482 | 8.69095e+01 8.29131e-03 | 1.25331e-02 1.07867e-01 1.39115e-01 |
  10483 | 8.69178e+01 8.29131e-03 | 1.25331e-02 1.07867e-01 1.39115e-01 |
  10484 | 8.69261e+01 8.29132e-03 | 1.25331e-02 1.07867e-01 1.39115e-01 |
  10485 | 8.69344e+01 8.29132e-03 | 1.25331e-02 1.07867e-01 1.39115e-01 |
  10486 | 8.69427e+01 8.29131e-03 | 1.25331e-02 1.07867e-01 1.39115e-01 |
  10487 | 8.69510e+01 8.29131e-03 | 1.25331e-02 1.07867e-01 1.39115e-01 |
  10488 | 8.69593e+01 8.29131e-03 | 1.25331e-02 1.07867e-01 1.39115e-01 |
  10489 | 8.69676e+01 8.29131e-03 | 1.25331e-02 1.07867e-01 1.39115e-01 |
  10490 | 8.69759e+01 8.29131e-03 | 1.25331e-02 1.07867e-01 1.39115e-01 |
  10491 | 8.69842e+01 8.29130e-03 | 1.25331e-02 1.07867e-01 1.39115e-01 |
  10492 | 8.69924e+01 8.29130e-03 | 1.25331e-02 1.07867e-01 1.39115e-01 |
  10493 | 8.70007e+01 8.29130e-03 | 1.25331e-02 1.07867e-01 1.39115e-01 |
  10494 | 8.70090e+01 8.29130e-03 | 1.25331e-02 1.07867e-01 1.39115e-01 |
  10495 | 8.70173e+01 8.29130e-03 | 1.25331e-02 1.07867e-01 1.39115e-01 |
  10496 | 8.70256e+01 8.29131e-03 | 1.25331e-02 1.07867e-01 1.39115e-01 |
  10497 | 8.70339e+01 8.29131e-03 | 1.25331e-02 1.07867e-01 1.39115e-01 |
  10498 | 8.70422e+01 8.29131e-03 | 1.25331e-02 1.07867e-01 1.39115e-01 |
  10499 | 8.70505e+01 8.29131e-03 | 1.25331e-02 1.07867e-01 1.39115e-01 |
  10500 | 8.70588e+01 8.29132e-03 | 1.25331e-02 1.07867e-01 1.39115e-01 |
  10501 | 8.70671e+01 8.29132e-03 | 1.25331e-02 1.07867e-01 1.39115e-01 |
  10502 | 8.70754e+01 8.29132e-03 | 1.25331e-02 1.07867e-01 1.39115e-01 |
  10503 | 8.70837e+01 8.29133e-03 | 1.25331e-02 1.07867e-01 1.39115e-01 |
  10504 | 8.70919e+01 8.29133e-03 | 1.25331e-02 1.07867e-01 1.39115e-01 |
  10505 | 8.71002e+01 8.29134e-03 | 1.25331e-02 1.07867e-01 1.39115e-01 |
  10506 | 8.71085e+01 8.29134e-03 | 1.25331e-02 1.07867e-01 1.39115e-01 |
  10507 | 8.71168e+01 8.29135e-03 | 1.25331e-02 1.07867e-01 1.39115e-01 |
  10508 | 8.71251e+01 8.29136e-03 | 1.25331e-02 1.07867e-01 1.39115e-01 |
  10509 | 8.71334e+01 8.29136e-03 | 1.25331e-02 1.07867e-01 1.39115e-01 |
  10510 | 8.71417e+01 8.29137e-03 | 1.25331e-02 1.07867e-01 1.39115e-01 |
  10511 | 8.71500e+01 8.29138e-03 | 1.25331e-02 1.07867e-01 1.39115e-01 |
  10512 | 8.71583e+01 8.29139e-03 | 1.25331e-02 1.07867e-01 1.39115e-01 |
  10513 | 8.71666e+01 8.29139e-03 | 1.25331e-02 1.07867e-01 1.39115e-01 |
  10514 | 8.71749e+01 8.29138e-03 | 1.25331e-02 1.07867e-01 1.39115e-01 |
  10515 | 8.71831e+01 8.29137e-03 | 1.25331e-02 1.07867e-01 1.39115e-01 |
  10516 | 8.71914e+01 8.29136e-03 | 1.25331e-02 1.07867e-01 1.39115e-01 |
  10517 | 8.71997e+01 8.29135e-03 | 1.25331e-02 1.07867e-01 1.39115e-01 |
  10518 | 8.72080e+01 8.29134e-03 | 1.25331e-02 1.07867e-01 1.39115e-01 |
  10519 | 8.72163e+01 8.29134e-03 | 1.25331e-02 1.07867e-01 1.39115e-01 |
  10520 | 8.72246e+01 8.29133e-03 | 1.25331e-02 1.07867e-01 1.39115e-01 |
  10521 | 8.72329e+01 8.29132e-03 | 1.25331e-02 1.07867e-01 1.39115e-01 |
  10522 | 8.72412e+01 8.29132e-03 | 1.25331e-02 1.07867e-01 1.39115e-01 |
  10523 | 8.72495e+01 8.29131e-03 | 1.25331e-02 1.07867e-01 1.39115e-01 |
  10524 | 8.72578e+01 8.29131e-03 | 1.25331e-02 1.07867e-01 1.39115e-01 |
  10525 | 8.72661e+01 8.29130e-03 | 1.25331e-02 1.07867e-01 1.39115e-01 |
  10526 | 8.72744e+01 8.29130e-03 | 1.25331e-02 1.07867e-01 1.39115e-01 |
  10527 | 8.72826e+01 8.29130e-03 | 1.25331e-02 1.07867e-01 1.39115e-01 |
  10528 | 8.72909e+01 8.29129e-03 | 1.25331e-02 1.07867e-01 1.39115e-01 |
  10529 | 8.72992e+01 8.29129e-03 | 1.25331e-02 1.07867e-01 1.39115e-01 |
  10530 | 8.73075e+01 8.29129e-03 | 1.25331e-02 1.07867e-01 1.39115e-01 |
  10531 | 8.73158e+01 8.29129e-03 | 1.25331e-02 1.07867e-01 1.39115e-01 |
  10532 | 8.73241e+01 8.29128e-03 | 1.25331e-02 1.07867e-01 1.39115e-01 |
  10533 | 8.73324e+01 8.29128e-03 | 1.25331e-02 1.07867e-01 1.39115e-01 |
  10534 | 8.73407e+01 8.29128e-03 | 1.25331e-02 1.07867e-01 1.39115e-01 |
  10535 | 8.73490e+01 8.29128e-03 | 1.25331e-02 1.07867e-01 1.39115e-01 |
  10536 | 8.73573e+01 8.29128e-03 | 1.25331e-02 1.07867e-01 1.39115e-01 |
  10537 | 8.73656e+01 8.29128e-03 | 1.25331e-02 1.07867e-01 1.39115e-01 |
  10538 | 8.73738e+01 8.29128e-03 | 1.25331e-02 1.07867e-01 1.39115e-01 |
  10539 | 8.73821e+01 8.29129e-03 | 1.25331e-02 1.07867e-01 1.39115e-01 |
  10540 | 8.73904e+01 8.29129e-03 | 1.25331e-02 1.07867e-01 1.39115e-01 |
  10541 | 8.73987e+01 8.29129e-03 | 1.25331e-02 1.07867e-01 1.39115e-01 |
  10542 | 8.74070e+01 8.29129e-03 | 1.25331e-02 1.07867e-01 1.39115e-01 |
  10543 | 8.74153e+01 8.29130e-03 | 1.25331e-02 1.07867e-01 1.39115e-01 |
  10544 | 8.74236e+01 8.29130e-03 | 1.25331e-02 1.07867e-01 1.39115e-01 |
  10545 | 8.74319e+01 8.29130e-03 | 1.25331e-02 1.07867e-01 1.39115e-01 |
  10546 | 8.74402e+01 8.29131e-03 | 1.25331e-02 1.07867e-01 1.39115e-01 |
  10547 | 8.74485e+01 8.29131e-03 | 1.25331e-02 1.07867e-01 1.39115e-01 |
  10548 | 8.74568e+01 8.29132e-03 | 1.25331e-02 1.07867e-01 1.39115e-01 |
  10549 | 8.74651e+01 8.29132e-03 | 1.25331e-02 1.07867e-01 1.39115e-01 |
  10550 | 8.74733e+01 8.29133e-03 | 1.25331e-02 1.07867e-01 1.39115e-01 |
  10551 | 8.74816e+01 8.29134e-03 | 1.25331e-02 1.07867e-01 1.39115e-01 |
  10552 | 8.74899e+01 8.29135e-03 | 1.25331e-02 1.07867e-01 1.39115e-01 |
  10553 | 8.74982e+01 8.29135e-03 | 1.25331e-02 1.07867e-01 1.39115e-01 |
  10554 | 8.75065e+01 8.29136e-03 | 1.25331e-02 1.07867e-01 1.39115e-01 |
  10555 | 8.75148e+01 8.29137e-03 | 1.25331e-02 1.07867e-01 1.39115e-01 |
  10556 | 8.75231e+01 8.29138e-03 | 1.25331e-02 1.07867e-01 1.39115e-01 |
  10557 | 8.75314e+01 8.29139e-03 | 1.25331e-02 1.07867e-01 1.39115e-01 |
  10558 | 8.75397e+01 8.29140e-03 | 1.25331e-02 1.07867e-01 1.39115e-01 |
  10559 | 8.75480e+01 8.29141e-03 | 1.25331e-02 1.07867e-01 1.39115e-01 |
  10560 | 8.75563e+01 8.29142e-03 | 1.25331e-02 1.07867e-01 1.39115e-01 |
  10561 | 8.75645e+01 8.29143e-03 | 1.25331e-02 1.07867e-01 1.39115e-01 |
  10562 | 8.75728e+01 8.29144e-03 | 1.25331e-02 1.07867e-01 1.39115e-01 |
  10563 | 8.75811e+01 8.29145e-03 | 1.25331e-02 1.07867e-01 1.39115e-01 |
  10564 | 8.75894e+01 8.29145e-03 | 1.25331e-02 1.07867e-01 1.39115e-01 |
  10565 | 8.75977e+01 8.29144e-03 | 1.25331e-02 1.07867e-01 1.39115e-01 |
  10566 | 8.76060e+01 8.29143e-03 | 1.25331e-02 1.07867e-01 1.39115e-01 |
  10567 | 8.76143e+01 8.29142e-03 | 1.25331e-02 1.07867e-01 1.39115e-01 |
  10568 | 8.76226e+01 8.29140e-03 | 1.25331e-02 1.07867e-01 1.39115e-01 |
  10569 | 8.76309e+01 8.29139e-03 | 1.25331e-02 1.07867e-01 1.39115e-01 |
  10570 | 8.76392e+01 8.29138e-03 | 1.25331e-02 1.07867e-01 1.39115e-01 |
  10571 | 8.76475e+01 8.29137e-03 | 1.25331e-02 1.07867e-01 1.39115e-01 |
  10572 | 8.76558e+01 8.29136e-03 | 1.25331e-02 1.07867e-01 1.39115e-01 |
  10573 | 8.76640e+01 8.29135e-03 | 1.25331e-02 1.07867e-01 1.39115e-01 |
  10574 | 8.76723e+01 8.29134e-03 | 1.25331e-02 1.07867e-01 1.39115e-01 |
  10575 | 8.76806e+01 8.29133e-03 | 1.25331e-02 1.07867e-01 1.39115e-01 |
  10576 | 8.76889e+01 8.29132e-03 | 1.25331e-02 1.07867e-01 1.39115e-01 |
  10577 | 8.76972e+01 8.29131e-03 | 1.25331e-02 1.07867e-01 1.39115e-01 |
  10578 | 8.77055e+01 8.29130e-03 | 1.25331e-02 1.07867e-01 1.39115e-01 |
  10579 | 8.77138e+01 8.29130e-03 | 1.25331e-02 1.07867e-01 1.39115e-01 |
  10580 | 8.77221e+01 8.29129e-03 | 1.25331e-02 1.07867e-01 1.39115e-01 |
  10581 | 8.77304e+01 8.29128e-03 | 1.25331e-02 1.07867e-01 1.39115e-01 |
  10582 | 8.77387e+01 8.29128e-03 | 1.25331e-02 1.07867e-01 1.39115e-01 |
  10583 | 8.77470e+01 8.29127e-03 | 1.25331e-02 1.07867e-01 1.39115e-01 |
  10584 | 8.77552e+01 8.29126e-03 | 1.25331e-02 1.07867e-01 1.39115e-01 |
  10585 | 8.77635e+01 8.29126e-03 | 1.25331e-02 1.07867e-01 1.39115e-01 |
  10586 | 8.77718e+01 8.29126e-03 | 1.25331e-02 1.07867e-01 1.39115e-01 |
  10587 | 8.77801e+01 8.29125e-03 | 1.25331e-02 1.07867e-01 1.39115e-01 |
  10588 | 8.77884e+01 8.29125e-03 | 1.25331e-02 1.07867e-01 1.39115e-01 |
  10589 | 8.77967e+01 8.29124e-03 | 1.25331e-02 1.07867e-01 1.39115e-01 |
  10590 | 8.78050e+01 8.29124e-03 | 1.25331e-02 1.07867e-01 1.39115e-01 |
  10591 | 8.78133e+01 8.29124e-03 | 1.25331e-02 1.07867e-01 1.39115e-01 |
  10592 | 8.78216e+01 8.29124e-03 | 1.25331e-02 1.07867e-01 1.39115e-01 |
  10593 | 8.78299e+01 8.29124e-03 | 1.25331e-02 1.07867e-01 1.39115e-01 |
  10594 | 8.78382e+01 8.29123e-03 | 1.25331e-02 1.07867e-01 1.39115e-01 |
  10595 | 8.78465e+01 8.29123e-03 | 1.25331e-02 1.07867e-01 1.39115e-01 |
  10596 | 8.78547e+01 8.29123e-03 | 1.25331e-02 1.07867e-01 1.39115e-01 |
  10597 | 8.78630e+01 8.29123e-03 | 1.25331e-02 1.07867e-01 1.39115e-01 |
  10598 | 8.78713e+01 8.29123e-03 | 1.25331e-02 1.07867e-01 1.39115e-01 |
  10599 | 8.78796e+01 8.29124e-03 | 1.25331e-02 1.07867e-01 1.39115e-01 |
  10600 | 8.78879e+01 8.29124e-03 | 1.25331e-02 1.07867e-01 1.39115e-01 |
  10601 | 8.78962e+01 8.29124e-03 | 1.25331e-02 1.07867e-01 1.39115e-01 |
  10602 | 8.79045e+01 8.29124e-03 | 1.25331e-02 1.07867e-01 1.39115e-01 |
  10603 | 8.79128e+01 8.29124e-03 | 1.25331e-02 1.07867e-01 1.39115e-01 |
  10604 | 8.79211e+01 8.29125e-03 | 1.25331e-02 1.07867e-01 1.39115e-01 |
  10605 | 8.79294e+01 8.29125e-03 | 1.25331e-02 1.07867e-01 1.39115e-01 |
  10606 | 8.79377e+01 8.29126e-03 | 1.25331e-02 1.07867e-01 1.39115e-01 |
  10607 | 8.79459e+01 8.29126e-03 | 1.25331e-02 1.07867e-01 1.39115e-01 |
  10608 | 8.79542e+01 8.29127e-03 | 1.25331e-02 1.07867e-01 1.39115e-01 |
  10609 | 8.79625e+01 8.29127e-03 | 1.25331e-02 1.07867e-01 1.39115e-01 |
  10610 | 8.79708e+01 8.29128e-03 | 1.25331e-02 1.07867e-01 1.39115e-01 |
  10611 | 8.79791e+01 8.29128e-03 | 1.25331e-02 1.07867e-01 1.39115e-01 |
  10612 | 8.79874e+01 8.29129e-03 | 1.25331e-02 1.07867e-01 1.39115e-01 |
  10613 | 8.79957e+01 8.29130e-03 | 1.25331e-02 1.07867e-01 1.39115e-01 |
  10614 | 8.80040e+01 8.29131e-03 | 1.25331e-02 1.07867e-01 1.39115e-01 |
  10615 | 8.80123e+01 8.29131e-03 | 1.25331e-02 1.07867e-01 1.39115e-01 |
  10616 | 8.80206e+01 8.29132e-03 | 1.25331e-02 1.07867e-01 1.39115e-01 |
  10617 | 8.80289e+01 8.29133e-03 | 1.25331e-02 1.07867e-01 1.39115e-01 |
  10618 | 8.80372e+01 8.29134e-03 | 1.25331e-02 1.07867e-01 1.39115e-01 |
  10619 | 8.80454e+01 8.29135e-03 | 1.25331e-02 1.07867e-01 1.39115e-01 |
  10620 | 8.80537e+01 8.29136e-03 | 1.25331e-02 1.07867e-01 1.39115e-01 |
  10621 | 8.80620e+01 8.29137e-03 | 1.25331e-02 1.07867e-01 1.39115e-01 |
  10622 | 8.80703e+01 8.29138e-03 | 1.25331e-02 1.07867e-01 1.39115e-01 |
  10623 | 8.80786e+01 8.29139e-03 | 1.25331e-02 1.07867e-01 1.39115e-01 |
  10624 | 8.80869e+01 8.29138e-03 | 1.25331e-02 1.07867e-01 1.39115e-01 |
  10625 | 8.80952e+01 8.29137e-03 | 1.25331e-02 1.07867e-01 1.39115e-01 |
  10626 | 8.81035e+01 8.29136e-03 | 1.25331e-02 1.07867e-01 1.39115e-01 |
  10627 | 8.81118e+01 8.29135e-03 | 1.25331e-02 1.07867e-01 1.39115e-01 |
  10628 | 8.81201e+01 8.29134e-03 | 1.25331e-02 1.07867e-01 1.39115e-01 |
  10629 | 8.81284e+01 8.29133e-03 | 1.25331e-02 1.07867e-01 1.39115e-01 |
  10630 | 8.81366e+01 8.29132e-03 | 1.25331e-02 1.07867e-01 1.39115e-01 |
  10631 | 8.81449e+01 8.29131e-03 | 1.25331e-02 1.07867e-01 1.39115e-01 |
  10632 | 8.81532e+01 8.29130e-03 | 1.25331e-02 1.07867e-01 1.39115e-01 |
  10633 | 8.81615e+01 8.29130e-03 | 1.25331e-02 1.07867e-01 1.39115e-01 |
  10634 | 8.81698e+01 8.29129e-03 | 1.25331e-02 1.07867e-01 1.39115e-01 |
  10635 | 8.81781e+01 8.29128e-03 | 1.25331e-02 1.07867e-01 1.39115e-01 |
  10636 | 8.81864e+01 8.29128e-03 | 1.25331e-02 1.07867e-01 1.39115e-01 |
  10637 | 8.81947e+01 8.29127e-03 | 1.25331e-02 1.07867e-01 1.39115e-01 |
  10638 | 8.82030e+01 8.29127e-03 | 1.25331e-02 1.07867e-01 1.39115e-01 |
  10639 | 8.82113e+01 8.29126e-03 | 1.25331e-02 1.07867e-01 1.39115e-01 |
  10640 | 8.82196e+01 8.29126e-03 | 1.25331e-02 1.07867e-01 1.39115e-01 |
  10641 | 8.82279e+01 8.29125e-03 | 1.25331e-02 1.07867e-01 1.39115e-01 |
  10642 | 8.82361e+01 8.29125e-03 | 1.25331e-02 1.07867e-01 1.39115e-01 |
  10643 | 8.82444e+01 8.29125e-03 | 1.25331e-02 1.07867e-01 1.39115e-01 |
  10644 | 8.82527e+01 8.29124e-03 | 1.25331e-02 1.07867e-01 1.39115e-01 |
  10645 | 8.82610e+01 8.29124e-03 | 1.25331e-02 1.07867e-01 1.39115e-01 |
  10646 | 8.82693e+01 8.29124e-03 | 1.25331e-02 1.07867e-01 1.39115e-01 |
  10647 | 8.82776e+01 8.29124e-03 | 1.25331e-02 1.07867e-01 1.39115e-01 |
  10648 | 8.82859e+01 8.29124e-03 | 1.25331e-02 1.07867e-01 1.39115e-01 |
  10649 | 8.82942e+01 8.29124e-03 | 1.25331e-02 1.07867e-01 1.39115e-01 |
  10650 | 8.83025e+01 8.29124e-03 | 1.25331e-02 1.07867e-01 1.39115e-01 |
  10651 | 8.83108e+01 8.29124e-03 | 1.25331e-02 1.07867e-01 1.39115e-01 |
  10652 | 8.83191e+01 8.29124e-03 | 1.25331e-02 1.07867e-01 1.39115e-01 |
  10653 | 8.83273e+01 8.29124e-03 | 1.25331e-02 1.07867e-01 1.39115e-01 |
  10654 | 8.83356e+01 8.29124e-03 | 1.25331e-02 1.07867e-01 1.39115e-01 |
  10655 | 8.83439e+01 8.29125e-03 | 1.25331e-02 1.07867e-01 1.39115e-01 |
  10656 | 8.83522e+01 8.29125e-03 | 1.25331e-02 1.07867e-01 1.39115e-01 |
  10657 | 8.83605e+01 8.29125e-03 | 1.25331e-02 1.07867e-01 1.39115e-01 |
  10658 | 8.83688e+01 8.29126e-03 | 1.25331e-02 1.07867e-01 1.39115e-01 |
  10659 | 8.83771e+01 8.29126e-03 | 1.25331e-02 1.07867e-01 1.39115e-01 |
  10660 | 8.83854e+01 8.29126e-03 | 1.25331e-02 1.07867e-01 1.39115e-01 |
  10661 | 8.83937e+01 8.29127e-03 | 1.25331e-02 1.07867e-01 1.39115e-01 |
  10662 | 8.84020e+01 8.29127e-03 | 1.25331e-02 1.07867e-01 1.39115e-01 |
  10663 | 8.84103e+01 8.29128e-03 | 1.25331e-02 1.07867e-01 1.39115e-01 |
  10664 | 8.84186e+01 8.29129e-03 | 1.25331e-02 1.07867e-01 1.39115e-01 |
  10665 | 8.84268e+01 8.29129e-03 | 1.25331e-02 1.07867e-01 1.39115e-01 |
  10666 | 8.84351e+01 8.29130e-03 | 1.25331e-02 1.07867e-01 1.39115e-01 |
  10667 | 8.84434e+01 8.29131e-03 | 1.25331e-02 1.07867e-01 1.39115e-01 |
  10668 | 8.84517e+01 8.29132e-03 | 1.25331e-02 1.07867e-01 1.39115e-01 |
  10669 | 8.84600e+01 8.29132e-03 | 1.25331e-02 1.07867e-01 1.39115e-01 |
  10670 | 8.84683e+01 8.29133e-03 | 1.25331e-02 1.07867e-01 1.39115e-01 |
  10671 | 8.84766e+01 8.29134e-03 | 1.25331e-02 1.07867e-01 1.39115e-01 |
  10672 | 8.84849e+01 8.29135e-03 | 1.25331e-02 1.07867e-01 1.39115e-01 |
  10673 | 8.84932e+01 8.29136e-03 | 1.25331e-02 1.07867e-01 1.39115e-01 |
  10674 | 8.85015e+01 8.29137e-03 | 1.25331e-02 1.07867e-01 1.39115e-01 |
  10675 | 8.85098e+01 8.29138e-03 | 1.25331e-02 1.07867e-01 1.39115e-01 |
  10676 | 8.85180e+01 8.29139e-03 | 1.25331e-02 1.07867e-01 1.39115e-01 |
  10677 | 8.85263e+01 8.29141e-03 | 1.25331e-02 1.07867e-01 1.39115e-01 |
  10678 | 8.85346e+01 8.29140e-03 | 1.25331e-02 1.07867e-01 1.39115e-01 |
  10679 | 8.85429e+01 8.29139e-03 | 1.25331e-02 1.07867e-01 1.39115e-01 |
  10680 | 8.85512e+01 8.29138e-03 | 1.25331e-02 1.07867e-01 1.39115e-01 |
  10681 | 8.85595e+01 8.29137e-03 | 1.25331e-02 1.07867e-01 1.39115e-01 |
  10682 | 8.85678e+01 8.29136e-03 | 1.25331e-02 1.07867e-01 1.39115e-01 |
  10683 | 8.85761e+01 8.29135e-03 | 1.25331e-02 1.07867e-01 1.39115e-01 |
  10684 | 8.85844e+01 8.29134e-03 | 1.25331e-02 1.07867e-01 1.39115e-01 |
  10685 | 8.85927e+01 8.29133e-03 | 1.25331e-02 1.07867e-01 1.39115e-01 |
  10686 | 8.86010e+01 8.29132e-03 | 1.25331e-02 1.07867e-01 1.39115e-01 |
  10687 | 8.86093e+01 8.29131e-03 | 1.25331e-02 1.07867e-01 1.39115e-01 |
  10688 | 8.86175e+01 8.29130e-03 | 1.25331e-02 1.07867e-01 1.39115e-01 |
  10689 | 8.86258e+01 8.29130e-03 | 1.25331e-02 1.07867e-01 1.39115e-01 |
  10690 | 8.86341e+01 8.29129e-03 | 1.25331e-02 1.07867e-01 1.39115e-01 |
  10691 | 8.86424e+01 8.29128e-03 | 1.25331e-02 1.07867e-01 1.39115e-01 |
  10692 | 8.86507e+01 8.29128e-03 | 1.25331e-02 1.07867e-01 1.39115e-01 |
  10693 | 8.86590e+01 8.29127e-03 | 1.25331e-02 1.07867e-01 1.39115e-01 |
  10694 | 8.86673e+01 8.29126e-03 | 1.25331e-02 1.07867e-01 1.39115e-01 |
  10695 | 8.86756e+01 8.29126e-03 | 1.25331e-02 1.07867e-01 1.39115e-01 |
  10696 | 8.86839e+01 8.29126e-03 | 1.25331e-02 1.07867e-01 1.39115e-01 |
  10697 | 8.86922e+01 8.29125e-03 | 1.25331e-02 1.07867e-01 1.39115e-01 |
  10698 | 8.87005e+01 8.29125e-03 | 1.25331e-02 1.07867e-01 1.39115e-01 |
  10699 | 8.87087e+01 8.29124e-03 | 1.25331e-02 1.07867e-01 1.39115e-01 |
  10700 | 8.87170e+01 8.29124e-03 | 1.25331e-02 1.07867e-01 1.39115e-01 |
  10701 | 8.87253e+01 8.29124e-03 | 1.25331e-02 1.07867e-01 1.39115e-01 |
  10702 | 8.87336e+01 8.29124e-03 | 1.25331e-02 1.07867e-01 1.39115e-01 |
  10703 | 8.87419e+01 8.29124e-03 | 1.25331e-02 1.07867e-01 1.39115e-01 |
  10704 | 8.87502e+01 8.29123e-03 | 1.25331e-02 1.07867e-01 1.39115e-01 |
  10705 | 8.87585e+01 8.29123e-03 | 1.25331e-02 1.07867e-01 1.39115e-01 |
  10706 | 8.87668e+01 8.29123e-03 | 1.25331e-02 1.07867e-01 1.39115e-01 |
  10707 | 8.87751e+01 8.29123e-03 | 1.25331e-02 1.07867e-01 1.39115e-01 |
  10708 | 8.87834e+01 8.29123e-03 | 1.25331e-02 1.07867e-01 1.39115e-01 |
  10709 | 8.87917e+01 8.29124e-03 | 1.25331e-02 1.07867e-01 1.39115e-01 |
  10710 | 8.88000e+01 8.29124e-03 | 1.25331e-02 1.07867e-01 1.39115e-01 |
  10711 | 8.88082e+01 8.29124e-03 | 1.25331e-02 1.07867e-01 1.39115e-01 |
  10712 | 8.88165e+01 8.29124e-03 | 1.25331e-02 1.07867e-01 1.39115e-01 |
  10713 | 8.88248e+01 8.29125e-03 | 1.25331e-02 1.07867e-01 1.39115e-01 |
  10714 | 8.88331e+01 8.29125e-03 | 1.25331e-02 1.07867e-01 1.39115e-01 |
  10715 | 8.88414e+01 8.29125e-03 | 1.25331e-02 1.07867e-01 1.39115e-01 |
  10716 | 8.88497e+01 8.29126e-03 | 1.25331e-02 1.07867e-01 1.39115e-01 |
  10717 | 8.88580e+01 8.29126e-03 | 1.25331e-02 1.07867e-01 1.39115e-01 |
  10718 | 8.88663e+01 8.29127e-03 | 1.25331e-02 1.07867e-01 1.39115e-01 |
  10719 | 8.88746e+01 8.29127e-03 | 1.25331e-02 1.07867e-01 1.39115e-01 |
  10720 | 8.88829e+01 8.29128e-03 | 1.25331e-02 1.07867e-01 1.39115e-01 |
  10721 | 8.88912e+01 8.29128e-03 | 1.25331e-02 1.07867e-01 1.39115e-01 |
  10722 | 8.88994e+01 8.29129e-03 | 1.25331e-02 1.07867e-01 1.39115e-01 |
  10723 | 8.89077e+01 8.29130e-03 | 1.25331e-02 1.07867e-01 1.39115e-01 |
  10724 | 8.89160e+01 8.29131e-03 | 1.25331e-02 1.07867e-01 1.39115e-01 |
  10725 | 8.89243e+01 8.29131e-03 | 1.25331e-02 1.07867e-01 1.39115e-01 |
  10726 | 8.89326e+01 8.29132e-03 | 1.25331e-02 1.07867e-01 1.39115e-01 |
  10727 | 8.89409e+01 8.29133e-03 | 1.25331e-02 1.07867e-01 1.39115e-01 |
  10728 | 8.89492e+01 8.29134e-03 | 1.25331e-02 1.07867e-01 1.39115e-01 |
  10729 | 8.89575e+01 8.29135e-03 | 1.25331e-02 1.07867e-01 1.39115e-01 |
  10730 | 8.89658e+01 8.29136e-03 | 1.25331e-02 1.07867e-01 1.39115e-01 |
  10731 | 8.89741e+01 8.29137e-03 | 1.25331e-02 1.07867e-01 1.39115e-01 |
  10732 | 8.89824e+01 8.29138e-03 | 1.25331e-02 1.07867e-01 1.39115e-01 |
  10733 | 8.89907e+01 8.29139e-03 | 1.25331e-02 1.07867e-01 1.39115e-01 |
  10734 | 8.89989e+01 8.29138e-03 | 1.25331e-02 1.07867e-01 1.39115e-01 |
  10735 | 8.90072e+01 8.29137e-03 | 1.25331e-02 1.07867e-01 1.39115e-01 |
  10736 | 8.90155e+01 8.29136e-03 | 1.25331e-02 1.07867e-01 1.39115e-01 |
  10737 | 8.90238e+01 8.29135e-03 | 1.25331e-02 1.07867e-01 1.39115e-01 |
  10738 | 8.90321e+01 8.29134e-03 | 1.25331e-02 1.07867e-01 1.39115e-01 |
  10739 | 8.90404e+01 8.29133e-03 | 1.25331e-02 1.07867e-01 1.39115e-01 |
  10740 | 8.90487e+01 8.29132e-03 | 1.25331e-02 1.07867e-01 1.39115e-01 |
  10741 | 8.90570e+01 8.29131e-03 | 1.25331e-02 1.07867e-01 1.39115e-01 |
  10742 | 8.90653e+01 8.29131e-03 | 1.25331e-02 1.07867e-01 1.39115e-01 |
  10743 | 8.90736e+01 8.29130e-03 | 1.25331e-02 1.07867e-01 1.39115e-01 |
  10744 | 8.90819e+01 8.29129e-03 | 1.25331e-02 1.07867e-01 1.39115e-01 |
  10745 | 8.90901e+01 8.29129e-03 | 1.25331e-02 1.07867e-01 1.39115e-01 |
  10746 | 8.90984e+01 8.29128e-03 | 1.25331e-02 1.07867e-01 1.39115e-01 |
  10747 | 8.91067e+01 8.29127e-03 | 1.25331e-02 1.07867e-01 1.39115e-01 |
  10748 | 8.91150e+01 8.29127e-03 | 1.25331e-02 1.07867e-01 1.39115e-01 |
  10749 | 8.91233e+01 8.29126e-03 | 1.25331e-02 1.07867e-01 1.39115e-01 |
  10750 | 8.91316e+01 8.29126e-03 | 1.25331e-02 1.07867e-01 1.39115e-01 |
  10751 | 8.91399e+01 8.29126e-03 | 1.25331e-02 1.07867e-01 1.39115e-01 |
  10752 | 8.91482e+01 8.29125e-03 | 1.25331e-02 1.07867e-01 1.39115e-01 |
  10753 | 8.91565e+01 8.29125e-03 | 1.25331e-02 1.07867e-01 1.39115e-01 |
  10754 | 8.91648e+01 8.29125e-03 | 1.25331e-02 1.07867e-01 1.39115e-01 |
  10755 | 8.91731e+01 8.29124e-03 | 1.25331e-02 1.07867e-01 1.39115e-01 |
  10756 | 8.91814e+01 8.29124e-03 | 1.25331e-02 1.07867e-01 1.39115e-01 |
  10757 | 8.91896e+01 8.29124e-03 | 1.25331e-02 1.07867e-01 1.39115e-01 |
  10758 | 8.91979e+01 8.29124e-03 | 1.25331e-02 1.07867e-01 1.39115e-01 |
  10759 | 8.92062e+01 8.29124e-03 | 1.25331e-02 1.07867e-01 1.39115e-01 |
  10760 | 8.92145e+01 8.29124e-03 | 1.25331e-02 1.07867e-01 1.39115e-01 |
  10761 | 8.92228e+01 8.29124e-03 | 1.25331e-02 1.07867e-01 1.39115e-01 |
  10762 | 8.92311e+01 8.29124e-03 | 1.25331e-02 1.07867e-01 1.39115e-01 |
  10763 | 8.92394e+01 8.29124e-03 | 1.25331e-02 1.07867e-01 1.39115e-01 |
  10764 | 8.92477e+01 8.29125e-03 | 1.25331e-02 1.07867e-01 1.39115e-01 |
  10765 | 8.92560e+01 8.29125e-03 | 1.25331e-02 1.07867e-01 1.39115e-01 |
  10766 | 8.92643e+01 8.29125e-03 | 1.25331e-02 1.07867e-01 1.39115e-01 |
  10767 | 8.92726e+01 8.29125e-03 | 1.25331e-02 1.07867e-01 1.39115e-01 |
  10768 | 8.92808e+01 8.29126e-03 | 1.25331e-02 1.07867e-01 1.39115e-01 |
  10769 | 8.92891e+01 8.29126e-03 | 1.25331e-02 1.07867e-01 1.39115e-01 |
  10770 | 8.92974e+01 8.29127e-03 | 1.25331e-02 1.07867e-01 1.39115e-01 |
  10771 | 8.93057e+01 8.29127e-03 | 1.25331e-02 1.07867e-01 1.39115e-01 |
  10772 | 8.93140e+01 8.29128e-03 | 1.25331e-02 1.07867e-01 1.39115e-01 |
  10773 | 8.93223e+01 8.29128e-03 | 1.25331e-02 1.07867e-01 1.39115e-01 |
  10774 | 8.93306e+01 8.29129e-03 | 1.25331e-02 1.07867e-01 1.39115e-01 |
  10775 | 8.93389e+01 8.29129e-03 | 1.25331e-02 1.07867e-01 1.39115e-01 |
  10776 | 8.93472e+01 8.29129e-03 | 1.25331e-02 1.07867e-01 1.39115e-01 |
  10777 | 8.93555e+01 8.29130e-03 | 1.25331e-02 1.07867e-01 1.39115e-01 |
  10778 | 8.93638e+01 8.29130e-03 | 1.25331e-02 1.07867e-01 1.39115e-01 |
  10779 | 8.93720e+01 8.29131e-03 | 1.25331e-02 1.07867e-01 1.39115e-01 |
  10780 | 8.93803e+01 8.29131e-03 | 1.25331e-02 1.07867e-01 1.39115e-01 |
  10781 | 8.93886e+01 8.29132e-03 | 1.25331e-02 1.07867e-01 1.39115e-01 |
  10782 | 8.93969e+01 8.29132e-03 | 1.25331e-02 1.07867e-01 1.39115e-01 |
  10783 | 8.94052e+01 8.29133e-03 | 1.25331e-02 1.07867e-01 1.39115e-01 |
  10784 | 8.94135e+01 8.29134e-03 | 1.25331e-02 1.07867e-01 1.39115e-01 |
  10785 | 8.94218e+01 8.29135e-03 | 1.25331e-02 1.07867e-01 1.39115e-01 |
  10786 | 8.94301e+01 8.29135e-03 | 1.25331e-02 1.07867e-01 1.39115e-01 |
  10787 | 8.94384e+01 8.29136e-03 | 1.25331e-02 1.07867e-01 1.39115e-01 |
  10788 | 8.94467e+01 8.29137e-03 | 1.25331e-02 1.07867e-01 1.39115e-01 |
  10789 | 8.94550e+01 8.29138e-03 | 1.25331e-02 1.07867e-01 1.39115e-01 |
  10790 | 8.94633e+01 8.29139e-03 | 1.25331e-02 1.07867e-01 1.39115e-01 |
  10791 | 8.94715e+01 8.29140e-03 | 1.25331e-02 1.07867e-01 1.39115e-01 |
  10792 | 8.94798e+01 8.29141e-03 | 1.25331e-02 1.07867e-01 1.39115e-01 |
  10793 | 8.94881e+01 8.29141e-03 | 1.25331e-02 1.07867e-01 1.39115e-01 |
  10794 | 8.94964e+01 8.29140e-03 | 1.25331e-02 1.07867e-01 1.39115e-01 |
  10795 | 8.95047e+01 8.29139e-03 | 1.25331e-02 1.07867e-01 1.39115e-01 |
  10796 | 8.95130e+01 8.29138e-03 | 1.25331e-02 1.07867e-01 1.39115e-01 |
  10797 | 8.95213e+01 8.29137e-03 | 1.25331e-02 1.07867e-01 1.39115e-01 |
  10798 | 8.95296e+01 8.29136e-03 | 1.25331e-02 1.07867e-01 1.39115e-01 |
  10799 | 8.95379e+01 8.29135e-03 | 1.25331e-02 1.07867e-01 1.39115e-01 |
  10800 | 8.95462e+01 8.29134e-03 | 1.25331e-02 1.07867e-01 1.39115e-01 |
  10801 | 8.95545e+01 8.29133e-03 | 1.25331e-02 1.07867e-01 1.39115e-01 |
  10802 | 8.95628e+01 8.29132e-03 | 1.25331e-02 1.07867e-01 1.39115e-01 |
  10803 | 8.95710e+01 8.29132e-03 | 1.25331e-02 1.07867e-01 1.39115e-01 |
  10804 | 8.95793e+01 8.29131e-03 | 1.25331e-02 1.07867e-01 1.39115e-01 |
  10805 | 8.95876e+01 8.29130e-03 | 1.25331e-02 1.07867e-01 1.39115e-01 |
  10806 | 8.95959e+01 8.29129e-03 | 1.25331e-02 1.07867e-01 1.39115e-01 |
  10807 | 8.96042e+01 8.29129e-03 | 1.25331e-02 1.07867e-01 1.39115e-01 |
  10808 | 8.96125e+01 8.29128e-03 | 1.25331e-02 1.07867e-01 1.39115e-01 |
  10809 | 8.96208e+01 8.29128e-03 | 1.25331e-02 1.07867e-01 1.39115e-01 |
  10810 | 8.96291e+01 8.29127e-03 | 1.25331e-02 1.07867e-01 1.39115e-01 |
  10811 | 8.96374e+01 8.29127e-03 | 1.25331e-02 1.07867e-01 1.39115e-01 |
  10812 | 8.96457e+01 8.29127e-03 | 1.25331e-02 1.07867e-01 1.39115e-01 |
  10813 | 8.96540e+01 8.29126e-03 | 1.25331e-02 1.07867e-01 1.39115e-01 |
  10814 | 8.96622e+01 8.29126e-03 | 1.25331e-02 1.07867e-01 1.39115e-01 |
  10815 | 8.96705e+01 8.29126e-03 | 1.25331e-02 1.07867e-01 1.39115e-01 |
  10816 | 8.96788e+01 8.29125e-03 | 1.25331e-02 1.07867e-01 1.39115e-01 |
  10817 | 8.96871e+01 8.29125e-03 | 1.25331e-02 1.07867e-01 1.39115e-01 |
  10818 | 8.96954e+01 8.29125e-03 | 1.25331e-02 1.07867e-01 1.39115e-01 |
  10819 | 8.97037e+01 8.29125e-03 | 1.25331e-02 1.07867e-01 1.39115e-01 |
  10820 | 8.97120e+01 8.29125e-03 | 1.25331e-02 1.07867e-01 1.39115e-01 |
  10821 | 8.97203e+01 8.29125e-03 | 1.25331e-02 1.07867e-01 1.39115e-01 |
  10822 | 8.97286e+01 8.29125e-03 | 1.25331e-02 1.07867e-01 1.39115e-01 |
  10823 | 8.97369e+01 8.29125e-03 | 1.25331e-02 1.07867e-01 1.39115e-01 |
  10824 | 8.97452e+01 8.29125e-03 | 1.25331e-02 1.07867e-01 1.39115e-01 |
  10825 | 8.97534e+01 8.29126e-03 | 1.25331e-02 1.07867e-01 1.39115e-01 |
  10826 | 8.97617e+01 8.29126e-03 | 1.25331e-02 1.07867e-01 1.39115e-01 |
  10827 | 8.97700e+01 8.29126e-03 | 1.25331e-02 1.07867e-01 1.39115e-01 |
  10828 | 8.97783e+01 8.29126e-03 | 1.25331e-02 1.07867e-01 1.39115e-01 |
  10829 | 8.97866e+01 8.29127e-03 | 1.25331e-02 1.07867e-01 1.39115e-01 |
  10830 | 8.97949e+01 8.29127e-03 | 1.25331e-02 1.07867e-01 1.39115e-01 |
  10831 | 8.98032e+01 8.29128e-03 | 1.25331e-02 1.07867e-01 1.39115e-01 |
  10832 | 8.98115e+01 8.29128e-03 | 1.25331e-02 1.07867e-01 1.39115e-01 |
  10833 | 8.98198e+01 8.29129e-03 | 1.25331e-02 1.07867e-01 1.39115e-01 |
  10834 | 8.98281e+01 8.29129e-03 | 1.25331e-02 1.07867e-01 1.39115e-01 |
  10835 | 8.98364e+01 8.29130e-03 | 1.25331e-02 1.07867e-01 1.39115e-01 |
  10836 | 8.98447e+01 8.29131e-03 | 1.25331e-02 1.07867e-01 1.39115e-01 |
  10837 | 8.98529e+01 8.29131e-03 | 1.25331e-02 1.07867e-01 1.39115e-01 |
  10838 | 8.98612e+01 8.29132e-03 | 1.25331e-02 1.07867e-01 1.39115e-01 |
  10839 | 8.98695e+01 8.29133e-03 | 1.25331e-02 1.07867e-01 1.39115e-01 |
  10840 | 8.98778e+01 8.29134e-03 | 1.25331e-02 1.07867e-01 1.39115e-01 |
  10841 | 8.98861e+01 8.29135e-03 | 1.25331e-02 1.07867e-01 1.39115e-01 |
  10842 | 8.98944e+01 8.29136e-03 | 1.25331e-02 1.07867e-01 1.39115e-01 |
  10843 | 8.99027e+01 8.29136e-03 | 1.25331e-02 1.07867e-01 1.39115e-01 |
  10844 | 8.99110e+01 8.29138e-03 | 1.25331e-02 1.07867e-01 1.39115e-01 |
  10845 | 8.99193e+01 8.29139e-03 | 1.25331e-02 1.07867e-01 1.39115e-01 |
  10846 | 8.99276e+01 8.29140e-03 | 1.25331e-02 1.07867e-01 1.39115e-01 |
  10847 | 8.99359e+01 8.29141e-03 | 1.25331e-02 1.07867e-01 1.39115e-01 |
  10848 | 8.99442e+01 8.29140e-03 | 1.25331e-02 1.07867e-01 1.39115e-01 |
  10849 | 8.99524e+01 8.29140e-03 | 1.25331e-02 1.07867e-01 1.39115e-01 |
  10850 | 8.99607e+01 8.29139e-03 | 1.25331e-02 1.07867e-01 1.39115e-01 |
  10851 | 8.99690e+01 8.29139e-03 | 1.25331e-02 1.07867e-01 1.39115e-01 |
  10852 | 8.99773e+01 8.29138e-03 | 1.25331e-02 1.07867e-01 1.39115e-01 |
  10853 | 8.99856e+01 8.29138e-03 | 1.25331e-02 1.07867e-01 1.39115e-01 |
  10854 | 8.99939e+01 8.29137e-03 | 1.25331e-02 1.07867e-01 1.39115e-01 |
  10855 | 9.00022e+01 8.29137e-03 | 1.25331e-02 1.07867e-01 1.39115e-01 |
  10856 | 9.00105e+01 8.29136e-03 | 1.25331e-02 1.07867e-01 1.39115e-01 |
  10857 | 9.00188e+01 8.29135e-03 | 1.25331e-02 1.07867e-01 1.39115e-01 |
  10858 | 9.00271e+01 8.29135e-03 | 1.25331e-02 1.07867e-01 1.39115e-01 |
  10859 | 9.00354e+01 8.29134e-03 | 1.25331e-02 1.07867e-01 1.39115e-01 |
  10860 | 9.00436e+01 8.29133e-03 | 1.25331e-02 1.07867e-01 1.39115e-01 |
  10861 | 9.00519e+01 8.29132e-03 | 1.25331e-02 1.07867e-01 1.39115e-01 |
  10862 | 9.00602e+01 8.29132e-03 | 1.25331e-02 1.07867e-01 1.39115e-01 |
  10863 | 9.00685e+01 8.29131e-03 | 1.25331e-02 1.07867e-01 1.39115e-01 |
  10864 | 9.00768e+01 8.29130e-03 | 1.25331e-02 1.07867e-01 1.39115e-01 |
  10865 | 9.00851e+01 8.29130e-03 | 1.25331e-02 1.07867e-01 1.39115e-01 |
  10866 | 9.00934e+01 8.29129e-03 | 1.25331e-02 1.07867e-01 1.39115e-01 |
  10867 | 9.01017e+01 8.29129e-03 | 1.25331e-02 1.07867e-01 1.39115e-01 |
  10868 | 9.01100e+01 8.29128e-03 | 1.25331e-02 1.07867e-01 1.39115e-01 |
  10869 | 9.01183e+01 8.29128e-03 | 1.25331e-02 1.07867e-01 1.39115e-01 |
  10870 | 9.01266e+01 8.29128e-03 | 1.25331e-02 1.07867e-01 1.39115e-01 |
  10871 | 9.01349e+01 8.29128e-03 | 1.25331e-02 1.07867e-01 1.39115e-01 |
  10872 | 9.01431e+01 8.29127e-03 | 1.25331e-02 1.07867e-01 1.39115e-01 |
  10873 | 9.01514e+01 8.29127e-03 | 1.25331e-02 1.07867e-01 1.39115e-01 |
  10874 | 9.01597e+01 8.29127e-03 | 1.25331e-02 1.07867e-01 1.39115e-01 |
  10875 | 9.01680e+01 8.29127e-03 | 1.25331e-02 1.07867e-01 1.39115e-01 |
  10876 | 9.01763e+01 8.29127e-03 | 1.25331e-02 1.07867e-01 1.39115e-01 |
  10877 | 9.01846e+01 8.29127e-03 | 1.25331e-02 1.07867e-01 1.39115e-01 |
  10878 | 9.01929e+01 8.29127e-03 | 1.25331e-02 1.07867e-01 1.39115e-01 |
  10879 | 9.02012e+01 8.29127e-03 | 1.25331e-02 1.07867e-01 1.39115e-01 |
  10880 | 9.02095e+01 8.29127e-03 | 1.25331e-02 1.07867e-01 1.39115e-01 |
  10881 | 9.02178e+01 8.29127e-03 | 1.25331e-02 1.07867e-01 1.39115e-01 |
  10882 | 9.02261e+01 8.29127e-03 | 1.25331e-02 1.07867e-01 1.39115e-01 |
  10883 | 9.02343e+01 8.29128e-03 | 1.25331e-02 1.07867e-01 1.39115e-01 |
  10884 | 9.02426e+01 8.29128e-03 | 1.25331e-02 1.07867e-01 1.39115e-01 |
  10885 | 9.02509e+01 8.29128e-03 | 1.25331e-02 1.07867e-01 1.39115e-01 |
  10886 | 9.02592e+01 8.29129e-03 | 1.25331e-02 1.07867e-01 1.39115e-01 |
  10887 | 9.02675e+01 8.29129e-03 | 1.25331e-02 1.07867e-01 1.39115e-01 |
  10888 | 9.02758e+01 8.29130e-03 | 1.25331e-02 1.07867e-01 1.39115e-01 |
  10889 | 9.02841e+01 8.29130e-03 | 1.25331e-02 1.07867e-01 1.39115e-01 |
  10890 | 9.02924e+01 8.29131e-03 | 1.25331e-02 1.07867e-01 1.39115e-01 |
  10891 | 9.03007e+01 8.29131e-03 | 1.25331e-02 1.07867e-01 1.39115e-01 |
  10892 | 9.03090e+01 8.29132e-03 | 1.25331e-02 1.07867e-01 1.39115e-01 |
  10893 | 9.03173e+01 8.29133e-03 | 1.25331e-02 1.07867e-01 1.39115e-01 |
  10894 | 9.03256e+01 8.29133e-03 | 1.25331e-02 1.07867e-01 1.39115e-01 |
  10895 | 9.03338e+01 8.29134e-03 | 1.25331e-02 1.07867e-01 1.39115e-01 |
  10896 | 9.03421e+01 8.29135e-03 | 1.25331e-02 1.07867e-01 1.39115e-01 |
  10897 | 9.03504e+01 8.29136e-03 | 1.25331e-02 1.07867e-01 1.39115e-01 |
  10898 | 9.03587e+01 8.29137e-03 | 1.25331e-02 1.07867e-01 1.39115e-01 |
  10899 | 9.03670e+01 8.29138e-03 | 1.25331e-02 1.07867e-01 1.39115e-01 |
  10900 | 9.03753e+01 8.29139e-03 | 1.25331e-02 1.07867e-01 1.39115e-01 |
  10901 | 9.03836e+01 8.29140e-03 | 1.25331e-02 1.07867e-01 1.39115e-01 |
  10902 | 9.03919e+01 8.29141e-03 | 1.25331e-02 1.07867e-01 1.39115e-01 |
  10903 | 9.04002e+01 8.29141e-03 | 1.25331e-02 1.07867e-01 1.39115e-01 |
  10904 | 9.04085e+01 8.29140e-03 | 1.25331e-02 1.07867e-01 1.39115e-01 |
  10905 | 9.04168e+01 8.29139e-03 | 1.25331e-02 1.07867e-01 1.39115e-01 |
  10906 | 9.04250e+01 8.29137e-03 | 1.25331e-02 1.07867e-01 1.39115e-01 |
  10907 | 9.04333e+01 8.29136e-03 | 1.25331e-02 1.07867e-01 1.39115e-01 |
  10908 | 9.04416e+01 8.29135e-03 | 1.25331e-02 1.07867e-01 1.39115e-01 |
  10909 | 9.04499e+01 8.29134e-03 | 1.25331e-02 1.07867e-01 1.39115e-01 |
  10910 | 9.04582e+01 8.29134e-03 | 1.25331e-02 1.07867e-01 1.39115e-01 |
  10911 | 9.04665e+01 8.29133e-03 | 1.25331e-02 1.07867e-01 1.39115e-01 |
  10912 | 9.04748e+01 8.29132e-03 | 1.25331e-02 1.07867e-01 1.39115e-01 |
  10913 | 9.04831e+01 8.29131e-03 | 1.25331e-02 1.07867e-01 1.39115e-01 |
  10914 | 9.04914e+01 8.29130e-03 | 1.25331e-02 1.07867e-01 1.39115e-01 |
  10915 | 9.04997e+01 8.29130e-03 | 1.25331e-02 1.07867e-01 1.39115e-01 |
  10916 | 9.05080e+01 8.29129e-03 | 1.25331e-02 1.07867e-01 1.39115e-01 |
  10917 | 9.05163e+01 8.29128e-03 | 1.25331e-02 1.07867e-01 1.39115e-01 |
  10918 | 9.05245e+01 8.29128e-03 | 1.25331e-02 1.07867e-01 1.39115e-01 |
  10919 | 9.05328e+01 8.29127e-03 | 1.25331e-02 1.07867e-01 1.39115e-01 |
  10920 | 9.05411e+01 8.29127e-03 | 1.25331e-02 1.07867e-01 1.39115e-01 |
  10921 | 9.05494e+01 8.29127e-03 | 1.25331e-02 1.07867e-01 1.39115e-01 |
  10922 | 9.05577e+01 8.29126e-03 | 1.25331e-02 1.07867e-01 1.39115e-01 |
  10923 | 9.05660e+01 8.29126e-03 | 1.25331e-02 1.07867e-01 1.39115e-01 |
  10924 | 9.05743e+01 8.29126e-03 | 1.25331e-02 1.07867e-01 1.39115e-01 |
  10925 | 9.05826e+01 8.29125e-03 | 1.25331e-02 1.07867e-01 1.39115e-01 |
  10926 | 9.05909e+01 8.29125e-03 | 1.25331e-02 1.07867e-01 1.39115e-01 |
  10927 | 9.05992e+01 8.29125e-03 | 1.25331e-02 1.07867e-01 1.39115e-01 |
  10928 | 9.06075e+01 8.29125e-03 | 1.25331e-02 1.07867e-01 1.39115e-01 |
  10929 | 9.06157e+01 8.29125e-03 | 1.25331e-02 1.07867e-01 1.39115e-01 |
  10930 | 9.06240e+01 8.29125e-03 | 1.25331e-02 1.07867e-01 1.39115e-01 |
  10931 | 9.06323e+01 8.29125e-03 | 1.25331e-02 1.07867e-01 1.39115e-01 |
  10932 | 9.06406e+01 8.29125e-03 | 1.25331e-02 1.07867e-01 1.39115e-01 |
  10933 | 9.06489e+01 8.29125e-03 | 1.25331e-02 1.07867e-01 1.39115e-01 |
  10934 | 9.06572e+01 8.29125e-03 | 1.25331e-02 1.07867e-01 1.39115e-01 |
  10935 | 9.06655e+01 8.29125e-03 | 1.25331e-02 1.07867e-01 1.39115e-01 |
  10936 | 9.06738e+01 8.29125e-03 | 1.25331e-02 1.07867e-01 1.39115e-01 |
  10937 | 9.06821e+01 8.29126e-03 | 1.25331e-02 1.07867e-01 1.39115e-01 |
  10938 | 9.06904e+01 8.29126e-03 | 1.25331e-02 1.07867e-01 1.39115e-01 |
  10939 | 9.06987e+01 8.29126e-03 | 1.25331e-02 1.07867e-01 1.39115e-01 |
  10940 | 9.07070e+01 8.29127e-03 | 1.25331e-02 1.07867e-01 1.39115e-01 |
  10941 | 9.07152e+01 8.29127e-03 | 1.25331e-02 1.07867e-01 1.39115e-01 |
  10942 | 9.07235e+01 8.29128e-03 | 1.25331e-02 1.07867e-01 1.39115e-01 |
  10943 | 9.07318e+01 8.29128e-03 | 1.25331e-02 1.07867e-01 1.39115e-01 |
  10944 | 9.07401e+01 8.29129e-03 | 1.25331e-02 1.07867e-01 1.39115e-01 |
  10945 | 9.07484e+01 8.29130e-03 | 1.25331e-02 1.07867e-01 1.39115e-01 |
  10946 | 9.07567e+01 8.29130e-03 | 1.25331e-02 1.07867e-01 1.39115e-01 |
  10947 | 9.07650e+01 8.29131e-03 | 1.25331e-02 1.07867e-01 1.39115e-01 |
  10948 | 9.07733e+01 8.29132e-03 | 1.25331e-02 1.07867e-01 1.39115e-01 |
  10949 | 9.07816e+01 8.29133e-03 | 1.25331e-02 1.07867e-01 1.39115e-01 |
  10950 | 9.07899e+01 8.29133e-03 | 1.25331e-02 1.07867e-01 1.39115e-01 |
  10951 | 9.07982e+01 8.29134e-03 | 1.25331e-02 1.07867e-01 1.39115e-01 |
  10952 | 9.08064e+01 8.29135e-03 | 1.25331e-02 1.07867e-01 1.39115e-01 |
  10953 | 9.08147e+01 8.29136e-03 | 1.25331e-02 1.07867e-01 1.39115e-01 |
  10954 | 9.08230e+01 8.29137e-03 | 1.25331e-02 1.07867e-01 1.39115e-01 |
  10955 | 9.08313e+01 8.29138e-03 | 1.25331e-02 1.07867e-01 1.39115e-01 |
  10956 | 9.08396e+01 8.29139e-03 | 1.25331e-02 1.07867e-01 1.39115e-01 |
  10957 | 9.08479e+01 8.29141e-03 | 1.25331e-02 1.07867e-01 1.39115e-01 |
  10958 | 9.08562e+01 8.29141e-03 | 1.25331e-02 1.07867e-01 1.39115e-01 |
  10959 | 9.08645e+01 8.29141e-03 | 1.25331e-02 1.07867e-01 1.39115e-01 |
  10960 | 9.08728e+01 8.29140e-03 | 1.25331e-02 1.07867e-01 1.39115e-01 |
  10961 | 9.08811e+01 8.29140e-03 | 1.25331e-02 1.07867e-01 1.39115e-01 |
  10962 | 9.08894e+01 8.29139e-03 | 1.25331e-02 1.07867e-01 1.39115e-01 |
  10963 | 9.08977e+01 8.29139e-03 | 1.25331e-02 1.07867e-01 1.39115e-01 |
  10964 | 9.09059e+01 8.29138e-03 | 1.25331e-02 1.07867e-01 1.39115e-01 |
  10965 | 9.09142e+01 8.29138e-03 | 1.25331e-02 1.07867e-01 1.39115e-01 |
  10966 | 9.09225e+01 8.29138e-03 | 1.25331e-02 1.07867e-01 1.39115e-01 |
  10967 | 9.09308e+01 8.29138e-03 | 1.25331e-02 1.07867e-01 1.39115e-01 |
  10968 | 9.09391e+01 8.29137e-03 | 1.25331e-02 1.07867e-01 1.39115e-01 |
  10969 | 9.09474e+01 8.29137e-03 | 1.25331e-02 1.07867e-01 1.39115e-01 |
  10970 | 9.09557e+01 8.29137e-03 | 1.25331e-02 1.07867e-01 1.39115e-01 |
  10971 | 9.09640e+01 8.29137e-03 | 1.25331e-02 1.07867e-01 1.39115e-01 |
  10972 | 9.09723e+01 8.29137e-03 | 1.25331e-02 1.07867e-01 1.39115e-01 |
  10973 | 9.09806e+01 8.29137e-03 | 1.25331e-02 1.07867e-01 1.39115e-01 |
  10974 | 9.09889e+01 8.29137e-03 | 1.25331e-02 1.07867e-01 1.39115e-01 |
  10975 | 9.09971e+01 8.29137e-03 | 1.25331e-02 1.07867e-01 1.39115e-01 |
  10976 | 9.10054e+01 8.29137e-03 | 1.25331e-02 1.07867e-01 1.39115e-01 |
  10977 | 9.10137e+01 8.29137e-03 | 1.25331e-02 1.07867e-01 1.39115e-01 |
  10978 | 9.10220e+01 8.29137e-03 | 1.25331e-02 1.07867e-01 1.39115e-01 |
  10979 | 9.10303e+01 8.29138e-03 | 1.25331e-02 1.07867e-01 1.39115e-01 |
  10980 | 9.10386e+01 8.29137e-03 | 1.25331e-02 1.07867e-01 1.39115e-01 |
  10981 | 9.10469e+01 8.29137e-03 | 1.25331e-02 1.07867e-01 1.39115e-01 |
  10982 | 9.10552e+01 8.29136e-03 | 1.25331e-02 1.07867e-01 1.39115e-01 |
  10983 | 9.10635e+01 8.29136e-03 | 1.25331e-02 1.07867e-01 1.39115e-01 |
  10984 | 9.10718e+01 8.29136e-03 | 1.25331e-02 1.07867e-01 1.39115e-01 |
  10985 | 9.10801e+01 8.29135e-03 | 1.25331e-02 1.07867e-01 1.39115e-01 |
  10986 | 9.10884e+01 8.29135e-03 | 1.25331e-02 1.07867e-01 1.39115e-01 |
  10987 | 9.10966e+01 8.29135e-03 | 1.25331e-02 1.07867e-01 1.39115e-01 |
  10988 | 9.11049e+01 8.29135e-03 | 1.25331e-02 1.07867e-01 1.39115e-01 |
  10989 | 9.11132e+01 8.29135e-03 | 1.25331e-02 1.07867e-01 1.39115e-01 |
  10990 | 9.11215e+01 8.29135e-03 | 1.25331e-02 1.07867e-01 1.39115e-01 |
  10991 | 9.11298e+01 8.29135e-03 | 1.25331e-02 1.07867e-01 1.39115e-01 |
  10992 | 9.11381e+01 8.29135e-03 | 1.25331e-02 1.07867e-01 1.39115e-01 |
  10993 | 9.11464e+01 8.29135e-03 | 1.25331e-02 1.07867e-01 1.39115e-01 |
  10994 | 9.11547e+01 8.29135e-03 | 1.25331e-02 1.07867e-01 1.39115e-01 |
  10995 | 9.11630e+01 8.29135e-03 | 1.25331e-02 1.07867e-01 1.39115e-01 |
  10996 | 9.11713e+01 8.29135e-03 | 1.25331e-02 1.07867e-01 1.39115e-01 |
  10997 | 9.11796e+01 8.29135e-03 | 1.25331e-02 1.07867e-01 1.39115e-01 |
  10998 | 9.11878e+01 8.29136e-03 | 1.25331e-02 1.07867e-01 1.39115e-01 |
  10999 | 9.11961e+01 8.29136e-03 | 1.25331e-02 1.07867e-01 1.39115e-01 |
  11000 | 9.12044e+01 8.29136e-03 | 1.25331e-02 1.07867e-01 1.39115e-01 |
  11001 | 9.12127e+01 8.29137e-03 | 1.25331e-02 1.07867e-01 1.39115e-01 |
  11002 | 9.12210e+01 8.29137e-03 | 1.25331e-02 1.07867e-01 1.39115e-01 |
  11003 | 9.12293e+01 8.29138e-03 | 1.25331e-02 1.07867e-01 1.39115e-01 |
  11004 | 9.12376e+01 8.29138e-03 | 1.25331e-02 1.07867e-01 1.39115e-01 |
  11005 | 9.12459e+01 8.29139e-03 | 1.25331e-02 1.07867e-01 1.39115e-01 |
  11006 | 9.12542e+01 8.29139e-03 | 1.25331e-02 1.07867e-01 1.39115e-01 |
  11007 | 9.12625e+01 8.29140e-03 | 1.25331e-02 1.07867e-01 1.39115e-01 |
  11008 | 9.12708e+01 8.29140e-03 | 1.25331e-02 1.07867e-01 1.39115e-01 |
  11009 | 9.12791e+01 8.29139e-03 | 1.25331e-02 1.07867e-01 1.39115e-01 |
  11010 | 9.12873e+01 8.29138e-03 | 1.25331e-02 1.07867e-01 1.39115e-01 |
  11011 | 9.12956e+01 8.29137e-03 | 1.25331e-02 1.07867e-01 1.39115e-01 |
  11012 | 9.13039e+01 8.29136e-03 | 1.25331e-02 1.07867e-01 1.39115e-01 |
  11013 | 9.13122e+01 8.29135e-03 | 1.25331e-02 1.07867e-01 1.39115e-01 |
  11014 | 9.13205e+01 8.29134e-03 | 1.25331e-02 1.07867e-01 1.39115e-01 |
  11015 | 9.13288e+01 8.29133e-03 | 1.25331e-02 1.07867e-01 1.39115e-01 |
  11016 | 9.13371e+01 8.29132e-03 | 1.25331e-02 1.07867e-01 1.39115e-01 |
  11017 | 9.13454e+01 8.29132e-03 | 1.25331e-02 1.07867e-01 1.39115e-01 |
  11018 | 9.13537e+01 8.29131e-03 | 1.25331e-02 1.07867e-01 1.39115e-01 |
  11019 | 9.13620e+01 8.29130e-03 | 1.25331e-02 1.07867e-01 1.39115e-01 |
  11020 | 9.13703e+01 8.29130e-03 | 1.25331e-02 1.07867e-01 1.39115e-01 |
  11021 | 9.13786e+01 8.29129e-03 | 1.25331e-02 1.07867e-01 1.39115e-01 |
  11022 | 9.13868e+01 8.29128e-03 | 1.25331e-02 1.07867e-01 1.39115e-01 |
  11023 | 9.13951e+01 8.29128e-03 | 1.25331e-02 1.07867e-01 1.39115e-01 |
  11024 | 9.14034e+01 8.29128e-03 | 1.25331e-02 1.07867e-01 1.39115e-01 |
  11025 | 9.14117e+01 8.29127e-03 | 1.25331e-02 1.07867e-01 1.39115e-01 |
  11026 | 9.14200e+01 8.29127e-03 | 1.25331e-02 1.07867e-01 1.39115e-01 |
  11027 | 9.14283e+01 8.29127e-03 | 1.25331e-02 1.07867e-01 1.39115e-01 |
  11028 | 9.14366e+01 8.29126e-03 | 1.25331e-02 1.07867e-01 1.39115e-01 |
  11029 | 9.14449e+01 8.29126e-03 | 1.25331e-02 1.07867e-01 1.39115e-01 |
  11030 | 9.14532e+01 8.29126e-03 | 1.25331e-02 1.07867e-01 1.39115e-01 |
  11031 | 9.14615e+01 8.29126e-03 | 1.25331e-02 1.07867e-01 1.39115e-01 |
  11032 | 9.14698e+01 8.29126e-03 | 1.25331e-02 1.07867e-01 1.39115e-01 |
  11033 | 9.14780e+01 8.29126e-03 | 1.25331e-02 1.07867e-01 1.39115e-01 |
  11034 | 9.14863e+01 8.29126e-03 | 1.25331e-02 1.07867e-01 1.39115e-01 |
  11035 | 9.14946e+01 8.29126e-03 | 1.25331e-02 1.07867e-01 1.39115e-01 |
  11036 | 9.15029e+01 8.29126e-03 | 1.25331e-02 1.07867e-01 1.39115e-01 |
  11037 | 9.15112e+01 8.29126e-03 | 1.25331e-02 1.07867e-01 1.39115e-01 |
  11038 | 9.15195e+01 8.29126e-03 | 1.25331e-02 1.07867e-01 1.39115e-01 |
  11039 | 9.15278e+01 8.29126e-03 | 1.25331e-02 1.07867e-01 1.39115e-01 |
  11040 | 9.15361e+01 8.29127e-03 | 1.25331e-02 1.07867e-01 1.39115e-01 |
  11041 | 9.15444e+01 8.29127e-03 | 1.25331e-02 1.07867e-01 1.39115e-01 |
  11042 | 9.15527e+01 8.29127e-03 | 1.25331e-02 1.07867e-01 1.39115e-01 |
  11043 | 9.15610e+01 8.29128e-03 | 1.25331e-02 1.07867e-01 1.39115e-01 |
  11044 | 9.15692e+01 8.29128e-03 | 1.25331e-02 1.07867e-01 1.39115e-01 |
  11045 | 9.15775e+01 8.29129e-03 | 1.25331e-02 1.07867e-01 1.39115e-01 |
  11046 | 9.15858e+01 8.29129e-03 | 1.25331e-02 1.07867e-01 1.39115e-01 |
  11047 | 9.15941e+01 8.29130e-03 | 1.25331e-02 1.07867e-01 1.39115e-01 |
  11048 | 9.16024e+01 8.29130e-03 | 1.25331e-02 1.07867e-01 1.39115e-01 |
  11049 | 9.16107e+01 8.29131e-03 | 1.25331e-02 1.07867e-01 1.39115e-01 |
  11050 | 9.16190e+01 8.29132e-03 | 1.25331e-02 1.07867e-01 1.39115e-01 |
  11051 | 9.16273e+01 8.29132e-03 | 1.25331e-02 1.07867e-01 1.39115e-01 |
  11052 | 9.16356e+01 8.29133e-03 | 1.25331e-02 1.07867e-01 1.39115e-01 |
  11053 | 9.16439e+01 8.29134e-03 | 1.25331e-02 1.07867e-01 1.39115e-01 |
  11054 | 9.16522e+01 8.29135e-03 | 1.25331e-02 1.07867e-01 1.39115e-01 |
  11055 | 9.16605e+01 8.29136e-03 | 1.25331e-02 1.07867e-01 1.39115e-01 |
  11056 | 9.16687e+01 8.29137e-03 | 1.25331e-02 1.07867e-01 1.39115e-01 |
  11057 | 9.16770e+01 8.29138e-03 | 1.25331e-02 1.07867e-01 1.39115e-01 |
  11058 | 9.16853e+01 8.29139e-03 | 1.25331e-02 1.07867e-01 1.39115e-01 |
  11059 | 9.16936e+01 8.29140e-03 | 1.25331e-02 1.07867e-01 1.39115e-01 |
  11060 | 9.17019e+01 8.29141e-03 | 1.25331e-02 1.07867e-01 1.39115e-01 |
  11061 | 9.17102e+01 8.29142e-03 | 1.25331e-02 1.07867e-01 1.39115e-01 |
  11062 | 9.17185e+01 8.29142e-03 | 1.25331e-02 1.07867e-01 1.39115e-01 |
  11063 | 9.17268e+01 8.29141e-03 | 1.25331e-02 1.07867e-01 1.39115e-01 |
  11064 | 9.17351e+01 8.29140e-03 | 1.25331e-02 1.07867e-01 1.39115e-01 |
  11065 | 9.17434e+01 8.29139e-03 | 1.25331e-02 1.07867e-01 1.39115e-01 |
  11066 | 9.17517e+01 8.29138e-03 | 1.25331e-02 1.07867e-01 1.39115e-01 |
  11067 | 9.17600e+01 8.29137e-03 | 1.25331e-02 1.07867e-01 1.39115e-01 |
  11068 | 9.17682e+01 8.29136e-03 | 1.25331e-02 1.07867e-01 1.39115e-01 |
  11069 | 9.17765e+01 8.29135e-03 | 1.25331e-02 1.07867e-01 1.39115e-01 |
  11070 | 9.17848e+01 8.29134e-03 | 1.25331e-02 1.07867e-01 1.39115e-01 |
  11071 | 9.17931e+01 8.29134e-03 | 1.25331e-02 1.07867e-01 1.39115e-01 |
  11072 | 9.18014e+01 8.29133e-03 | 1.25331e-02 1.07867e-01 1.39115e-01 |
  11073 | 9.18097e+01 8.29132e-03 | 1.25331e-02 1.07867e-01 1.39115e-01 |
  11074 | 9.18180e+01 8.29132e-03 | 1.25331e-02 1.07867e-01 1.39115e-01 |
  11075 | 9.18263e+01 8.29131e-03 | 1.25331e-02 1.07867e-01 1.39115e-01 |
  11076 | 9.18346e+01 8.29131e-03 | 1.25331e-02 1.07867e-01 1.39115e-01 |
  11077 | 9.18429e+01 8.29130e-03 | 1.25331e-02 1.07867e-01 1.39115e-01 |
  11078 | 9.18512e+01 8.29130e-03 | 1.25331e-02 1.07867e-01 1.39115e-01 |
  11079 | 9.18594e+01 8.29129e-03 | 1.25331e-02 1.07867e-01 1.39115e-01 |
  11080 | 9.18677e+01 8.29129e-03 | 1.25331e-02 1.07867e-01 1.39115e-01 |
  11081 | 9.18760e+01 8.29129e-03 | 1.25331e-02 1.07867e-01 1.39115e-01 |
  11082 | 9.18843e+01 8.29129e-03 | 1.25331e-02 1.07867e-01 1.39115e-01 |
  11083 | 9.18926e+01 8.29128e-03 | 1.25331e-02 1.07867e-01 1.39115e-01 |
  11084 | 9.19009e+01 8.29128e-03 | 1.25331e-02 1.07867e-01 1.39115e-01 |
  11085 | 9.19092e+01 8.29128e-03 | 1.25331e-02 1.07867e-01 1.39115e-01 |
  11086 | 9.19175e+01 8.29128e-03 | 1.25331e-02 1.07867e-01 1.39115e-01 |
  11087 | 9.19258e+01 8.29128e-03 | 1.25331e-02 1.07867e-01 1.39115e-01 |
  11088 | 9.19341e+01 8.29128e-03 | 1.25331e-02 1.07867e-01 1.39115e-01 |
  11089 | 9.19424e+01 8.29128e-03 | 1.25331e-02 1.07867e-01 1.39115e-01 |
  11090 | 9.19507e+01 8.29128e-03 | 1.25331e-02 1.07867e-01 1.39115e-01 |
  11091 | 9.19589e+01 8.29129e-03 | 1.25331e-02 1.07867e-01 1.39115e-01 |
  11092 | 9.19672e+01 8.29129e-03 | 1.25331e-02 1.07867e-01 1.39115e-01 |
  11093 | 9.19755e+01 8.29129e-03 | 1.25331e-02 1.07867e-01 1.39115e-01 |
  11094 | 9.19838e+01 8.29129e-03 | 1.25331e-02 1.07867e-01 1.39115e-01 |
  11095 | 9.19921e+01 8.29130e-03 | 1.25331e-02 1.07867e-01 1.39115e-01 |
  11096 | 9.20004e+01 8.29130e-03 | 1.25331e-02 1.07867e-01 1.39115e-01 |
  11097 | 9.20087e+01 8.29130e-03 | 1.25331e-02 1.07867e-01 1.39115e-01 |
  11098 | 9.20170e+01 8.29131e-03 | 1.25331e-02 1.07867e-01 1.39115e-01 |
  11099 | 9.20253e+01 8.29131e-03 | 1.25331e-02 1.07867e-01 1.39115e-01 |
  11100 | 9.20336e+01 8.29132e-03 | 1.25331e-02 1.07867e-01 1.39115e-01 |
  11101 | 9.20419e+01 8.29133e-03 | 1.25331e-02 1.07867e-01 1.39115e-01 |
  11102 | 9.20501e+01 8.29133e-03 | 1.25331e-02 1.07867e-01 1.39115e-01 |
  11103 | 9.20584e+01 8.29134e-03 | 1.25331e-02 1.07867e-01 1.39115e-01 |
  11104 | 9.20667e+01 8.29134e-03 | 1.25331e-02 1.07867e-01 1.39115e-01 |
  11105 | 9.20750e+01 8.29134e-03 | 1.25331e-02 1.07867e-01 1.39115e-01 |
  11106 | 9.20833e+01 8.29134e-03 | 1.25331e-02 1.07867e-01 1.39115e-01 |
  11107 | 9.20916e+01 8.29134e-03 | 1.25331e-02 1.07867e-01 1.39115e-01 |
  11108 | 9.20999e+01 8.29135e-03 | 1.25331e-02 1.07867e-01 1.39115e-01 |
  11109 | 9.21082e+01 8.29135e-03 | 1.25331e-02 1.07867e-01 1.39115e-01 |
  11110 | 9.21165e+01 8.29135e-03 | 1.25331e-02 1.07867e-01 1.39115e-01 |
  11111 | 9.21248e+01 8.29136e-03 | 1.25331e-02 1.07867e-01 1.39115e-01 |
  11112 | 9.21331e+01 8.29136e-03 | 1.25331e-02 1.07867e-01 1.39115e-01 |
  11113 | 9.21414e+01 8.29137e-03 | 1.25331e-02 1.07867e-01 1.39115e-01 |
  11114 | 9.21496e+01 8.29137e-03 | 1.25331e-02 1.07867e-01 1.39115e-01 |
  11115 | 9.21579e+01 8.29138e-03 | 1.25331e-02 1.07867e-01 1.39115e-01 |
  11116 | 9.21662e+01 8.29138e-03 | 1.25331e-02 1.07867e-01 1.39115e-01 |
  11117 | 9.21745e+01 8.29139e-03 | 1.25331e-02 1.07867e-01 1.39115e-01 |
  11118 | 9.21828e+01 8.29140e-03 | 1.25331e-02 1.07867e-01 1.39115e-01 |
  11119 | 9.21911e+01 8.29139e-03 | 1.25331e-02 1.07867e-01 1.39115e-01 |
  11120 | 9.21994e+01 8.29138e-03 | 1.25331e-02 1.07867e-01 1.39115e-01 |
  11121 | 9.22077e+01 8.29137e-03 | 1.25331e-02 1.07867e-01 1.39115e-01 |
  11122 | 9.22160e+01 8.29136e-03 | 1.25331e-02 1.07867e-01 1.39115e-01 |
  11123 | 9.22243e+01 8.29135e-03 | 1.25331e-02 1.07867e-01 1.39115e-01 |
  11124 | 9.22326e+01 8.29134e-03 | 1.25331e-02 1.07867e-01 1.39115e-01 |
  11125 | 9.22408e+01 8.29134e-03 | 1.25331e-02 1.07867e-01 1.39115e-01 |
  11126 | 9.22491e+01 8.29133e-03 | 1.25331e-02 1.07867e-01 1.39115e-01 |
  11127 | 9.22574e+01 8.29132e-03 | 1.25331e-02 1.07867e-01 1.39115e-01 |
  11128 | 9.22657e+01 8.29131e-03 | 1.25331e-02 1.07867e-01 1.39115e-01 |
  11129 | 9.22740e+01 8.29131e-03 | 1.25331e-02 1.07867e-01 1.39115e-01 |
  11130 | 9.22823e+01 8.29130e-03 | 1.25331e-02 1.07867e-01 1.39115e-01 |
  11131 | 9.22906e+01 8.29129e-03 | 1.25331e-02 1.07867e-01 1.39115e-01 |
  11132 | 9.22989e+01 8.29129e-03 | 1.25331e-02 1.07867e-01 1.39115e-01 |
  11133 | 9.23072e+01 8.29128e-03 | 1.25331e-02 1.07867e-01 1.39115e-01 |
  11134 | 9.23155e+01 8.29128e-03 | 1.25331e-02 1.07867e-01 1.39115e-01 |
  11135 | 9.23238e+01 8.29128e-03 | 1.25331e-02 1.07867e-01 1.39115e-01 |
  11136 | 9.23321e+01 8.29127e-03 | 1.25331e-02 1.07867e-01 1.39115e-01 |
  11137 | 9.23403e+01 8.29127e-03 | 1.25331e-02 1.07867e-01 1.39115e-01 |
  11138 | 9.23486e+01 8.29127e-03 | 1.25331e-02 1.07867e-01 1.39115e-01 |
  11139 | 9.23569e+01 8.29127e-03 | 1.25331e-02 1.07867e-01 1.39115e-01 |
  11140 | 9.23652e+01 8.29126e-03 | 1.25331e-02 1.07867e-01 1.39115e-01 |
  11141 | 9.23735e+01 8.29126e-03 | 1.25331e-02 1.07867e-01 1.39115e-01 |
  11142 | 9.23818e+01 8.29126e-03 | 1.25331e-02 1.07867e-01 1.39115e-01 |
  11143 | 9.23901e+01 8.29126e-03 | 1.25331e-02 1.07867e-01 1.39115e-01 |
  11144 | 9.23984e+01 8.29126e-03 | 1.25331e-02 1.07867e-01 1.39115e-01 |
  11145 | 9.24067e+01 8.29126e-03 | 1.25331e-02 1.07867e-01 1.39115e-01 |
  11146 | 9.24150e+01 8.29126e-03 | 1.25331e-02 1.07867e-01 1.39115e-01 |
  11147 | 9.24233e+01 8.29126e-03 | 1.25331e-02 1.07867e-01 1.39115e-01 |
  11148 | 9.24315e+01 8.29127e-03 | 1.25331e-02 1.07867e-01 1.39115e-01 |
  11149 | 9.24398e+01 8.29127e-03 | 1.25331e-02 1.07867e-01 1.39115e-01 |
  11150 | 9.24481e+01 8.29127e-03 | 1.25331e-02 1.07867e-01 1.39115e-01 |
  11151 | 9.24564e+01 8.29127e-03 | 1.25331e-02 1.07867e-01 1.39115e-01 |
  11152 | 9.24647e+01 8.29128e-03 | 1.25331e-02 1.07867e-01 1.39115e-01 |
  11153 | 9.24730e+01 8.29128e-03 | 1.25331e-02 1.07867e-01 1.39115e-01 |
  11154 | 9.24813e+01 8.29129e-03 | 1.25331e-02 1.07867e-01 1.39115e-01 |
  11155 | 9.24896e+01 8.29129e-03 | 1.25331e-02 1.07867e-01 1.39115e-01 |
  11156 | 9.24979e+01 8.29130e-03 | 1.25331e-02 1.07867e-01 1.39115e-01 |
  11157 | 9.25062e+01 8.29130e-03 | 1.25331e-02 1.07867e-01 1.39115e-01 |
  11158 | 9.25145e+01 8.29131e-03 | 1.25331e-02 1.07867e-01 1.39115e-01 |
  11159 | 9.25228e+01 8.29131e-03 | 1.25331e-02 1.07867e-01 1.39115e-01 |
  11160 | 9.25310e+01 8.29132e-03 | 1.25331e-02 1.07867e-01 1.39115e-01 |
  11161 | 9.25393e+01 8.29133e-03 | 1.25331e-02 1.07867e-01 1.39115e-01 |
  11162 | 9.25476e+01 8.29134e-03 | 1.25331e-02 1.07867e-01 1.39115e-01 |
  11163 | 9.25559e+01 8.29134e-03 | 1.25331e-02 1.07867e-01 1.39115e-01 |
  11164 | 9.25642e+01 8.29135e-03 | 1.25331e-02 1.07867e-01 1.39115e-01 |
  11165 | 9.25725e+01 8.29136e-03 | 1.25331e-02 1.07867e-01 1.39115e-01 |
  11166 | 9.25808e+01 8.29137e-03 | 1.25331e-02 1.07867e-01 1.39115e-01 |
  11167 | 9.25891e+01 8.29138e-03 | 1.25331e-02 1.07867e-01 1.39115e-01 |
  11168 | 9.25974e+01 8.29139e-03 | 1.25331e-02 1.07867e-01 1.39115e-01 |
  11169 | 9.26057e+01 8.29140e-03 | 1.25331e-02 1.07867e-01 1.39115e-01 |
  11170 | 9.26140e+01 8.29142e-03 | 1.25331e-02 1.07867e-01 1.39115e-01 |
  11171 | 9.26222e+01 8.29143e-03 | 1.25331e-02 1.07867e-01 1.39115e-01 |
  11172 | 9.26305e+01 8.29142e-03 | 1.25331e-02 1.07867e-01 1.39115e-01 |
  11173 | 9.26388e+01 8.29141e-03 | 1.25331e-02 1.07867e-01 1.39115e-01 |
  11174 | 9.26471e+01 8.29140e-03 | 1.25331e-02 1.07867e-01 1.39115e-01 |
  11175 | 9.26554e+01 8.29139e-03 | 1.25331e-02 1.07867e-01 1.39115e-01 |
  11176 | 9.26637e+01 8.29138e-03 | 1.25331e-02 1.07867e-01 1.39115e-01 |
  11177 | 9.26720e+01 8.29137e-03 | 1.25331e-02 1.07867e-01 1.39115e-01 |
  11178 | 9.26803e+01 8.29137e-03 | 1.25331e-02 1.07867e-01 1.39115e-01 |
  11179 | 9.26886e+01 8.29136e-03 | 1.25331e-02 1.07867e-01 1.39115e-01 |
  11180 | 9.26969e+01 8.29135e-03 | 1.25331e-02 1.07867e-01 1.39115e-01 |
  11181 | 9.27052e+01 8.29134e-03 | 1.25331e-02 1.07867e-01 1.39115e-01 |
  11182 | 9.27135e+01 8.29134e-03 | 1.25331e-02 1.07867e-01 1.39115e-01 |
  11183 | 9.27217e+01 8.29133e-03 | 1.25331e-02 1.07867e-01 1.39115e-01 |
  11184 | 9.27300e+01 8.29132e-03 | 1.25331e-02 1.07867e-01 1.39115e-01 |
  11185 | 9.27383e+01 8.29132e-03 | 1.25331e-02 1.07867e-01 1.39115e-01 |
  11186 | 9.27466e+01 8.29131e-03 | 1.25331e-02 1.07867e-01 1.39115e-01 |
  11187 | 9.27549e+01 8.29130e-03 | 1.25331e-02 1.07867e-01 1.39115e-01 |
  11188 | 9.27632e+01 8.29129e-03 | 1.25331e-02 1.07867e-01 1.39115e-01 |
  11189 | 9.27715e+01 8.29129e-03 | 1.25331e-02 1.07867e-01 1.39115e-01 |
  11190 | 9.27798e+01 8.29128e-03 | 1.25331e-02 1.07867e-01 1.39115e-01 |
  11191 | 9.27881e+01 8.29128e-03 | 1.25331e-02 1.07867e-01 1.39115e-01 |
  11192 | 9.27964e+01 8.29127e-03 | 1.25331e-02 1.07867e-01 1.39115e-01 |
  11193 | 9.28047e+01 8.29126e-03 | 1.25331e-02 1.07867e-01 1.39115e-01 |
  11194 | 9.28129e+01 8.29126e-03 | 1.25331e-02 1.07867e-01 1.39115e-01 |
  11195 | 9.28212e+01 8.29126e-03 | 1.25331e-02 1.07867e-01 1.39115e-01 |
  11196 | 9.28295e+01 8.29125e-03 | 1.25331e-02 1.07867e-01 1.39115e-01 |
  11197 | 9.28378e+01 8.29125e-03 | 1.25331e-02 1.07867e-01 1.39115e-01 |
  11198 | 9.28461e+01 8.29125e-03 | 1.25331e-02 1.07867e-01 1.39115e-01 |
  11199 | 9.28544e+01 8.29124e-03 | 1.25331e-02 1.07867e-01 1.39115e-01 |
  11200 | 9.28627e+01 8.29124e-03 | 1.25331e-02 1.07867e-01 1.39115e-01 |
  11201 | 9.28710e+01 8.29124e-03 | 1.25331e-02 1.07867e-01 1.39115e-01 |
  11202 | 9.28793e+01 8.29124e-03 | 1.25331e-02 1.07867e-01 1.39115e-01 |
  11203 | 9.28876e+01 8.29124e-03 | 1.25331e-02 1.07867e-01 1.39115e-01 |
  11204 | 9.28959e+01 8.29124e-03 | 1.25331e-02 1.07867e-01 1.39115e-01 |
  11205 | 9.29042e+01 8.29124e-03 | 1.25331e-02 1.07867e-01 1.39115e-01 |
  11206 | 9.29124e+01 8.29124e-03 | 1.25331e-02 1.07867e-01 1.39115e-01 |
  11207 | 9.29207e+01 8.29124e-03 | 1.25331e-02 1.07867e-01 1.39115e-01 |
  11208 | 9.29290e+01 8.29124e-03 | 1.25331e-02 1.07867e-01 1.39115e-01 |
  11209 | 9.29373e+01 8.29124e-03 | 1.25331e-02 1.07867e-01 1.39115e-01 |
  11210 | 9.29456e+01 8.29124e-03 | 1.25331e-02 1.07867e-01 1.39115e-01 |
  11211 | 9.29539e+01 8.29125e-03 | 1.25331e-02 1.07867e-01 1.39115e-01 |
  11212 | 9.29622e+01 8.29125e-03 | 1.25331e-02 1.07867e-01 1.39115e-01 |
  11213 | 9.29705e+01 8.29125e-03 | 1.25331e-02 1.07867e-01 1.39115e-01 |
  11214 | 9.29788e+01 8.29126e-03 | 1.25331e-02 1.07867e-01 1.39115e-01 |
  11215 | 9.29871e+01 8.29126e-03 | 1.25331e-02 1.07867e-01 1.39115e-01 |
  11216 | 9.29954e+01 8.29127e-03 | 1.25331e-02 1.07867e-01 1.39115e-01 |
  11217 | 9.30036e+01 8.29127e-03 | 1.25331e-02 1.07867e-01 1.39115e-01 |
  11218 | 9.30119e+01 8.29128e-03 | 1.25331e-02 1.07867e-01 1.39115e-01 |
  11219 | 9.30202e+01 8.29128e-03 | 1.25331e-02 1.07867e-01 1.39115e-01 |
  11220 | 9.30285e+01 8.29129e-03 | 1.25331e-02 1.07867e-01 1.39115e-01 |
  11221 | 9.30368e+01 8.29130e-03 | 1.25331e-02 1.07867e-01 1.39115e-01 |
  11222 | 9.30451e+01 8.29130e-03 | 1.25331e-02 1.07867e-01 1.39115e-01 |
  11223 | 9.30534e+01 8.29131e-03 | 1.25331e-02 1.07867e-01 1.39115e-01 |
  11224 | 9.30617e+01 8.29132e-03 | 1.25331e-02 1.07867e-01 1.39115e-01 |
  11225 | 9.30700e+01 8.29133e-03 | 1.25331e-02 1.07867e-01 1.39115e-01 |
  11226 | 9.30783e+01 8.29134e-03 | 1.25331e-02 1.07867e-01 1.39115e-01 |
  11227 | 9.30866e+01 8.29135e-03 | 1.25331e-02 1.07867e-01 1.39115e-01 |
  11228 | 9.30949e+01 8.29136e-03 | 1.25331e-02 1.07867e-01 1.39115e-01 |
  11229 | 9.31031e+01 8.29137e-03 | 1.25331e-02 1.07867e-01 1.39115e-01 |
  11230 | 9.31114e+01 8.29138e-03 | 1.25331e-02 1.07867e-01 1.39115e-01 |
  11231 | 9.31197e+01 8.29139e-03 | 1.25331e-02 1.07867e-01 1.39115e-01 |
  11232 | 9.31280e+01 8.29138e-03 | 1.25331e-02 1.07867e-01 1.39115e-01 |
  11233 | 9.31363e+01 8.29137e-03 | 1.25331e-02 1.07867e-01 1.39115e-01 |
  11234 | 9.31446e+01 8.29136e-03 | 1.25331e-02 1.07867e-01 1.39115e-01 |
  11235 | 9.31529e+01 8.29135e-03 | 1.25331e-02 1.07867e-01 1.39115e-01 |
  11236 | 9.31612e+01 8.29134e-03 | 1.25331e-02 1.07867e-01 1.39115e-01 |
  11237 | 9.31695e+01 8.29133e-03 | 1.25331e-02 1.07867e-01 1.39115e-01 |
  11238 | 9.31778e+01 8.29132e-03 | 1.25331e-02 1.07867e-01 1.39115e-01 |
  11239 | 9.31861e+01 8.29131e-03 | 1.25331e-02 1.07867e-01 1.39115e-01 |
  11240 | 9.31943e+01 8.29130e-03 | 1.25331e-02 1.07867e-01 1.39115e-01 |
  11241 | 9.32026e+01 8.29129e-03 | 1.25331e-02 1.07867e-01 1.39115e-01 |
  11242 | 9.32109e+01 8.29129e-03 | 1.25331e-02 1.07867e-01 1.39115e-01 |
  11243 | 9.32192e+01 8.29128e-03 | 1.25331e-02 1.07867e-01 1.39115e-01 |
  11244 | 9.32275e+01 8.29127e-03 | 1.25331e-02 1.07867e-01 1.39115e-01 |
  11245 | 9.32358e+01 8.29127e-03 | 1.25331e-02 1.07867e-01 1.39115e-01 |
  11246 | 9.32441e+01 8.29126e-03 | 1.25331e-02 1.07867e-01 1.39115e-01 |
  11247 | 9.32524e+01 8.29126e-03 | 1.25331e-02 1.07867e-01 1.39115e-01 |
  11248 | 9.32607e+01 8.29125e-03 | 1.25331e-02 1.07867e-01 1.39115e-01 |
  11249 | 9.32690e+01 8.29125e-03 | 1.25331e-02 1.07867e-01 1.39115e-01 |
  11250 | 9.32773e+01 8.29125e-03 | 1.25331e-02 1.07867e-01 1.39115e-01 |
  11251 | 9.32856e+01 8.29124e-03 | 1.25331e-02 1.07867e-01 1.39115e-01 |
  11252 | 9.32938e+01 8.29124e-03 | 1.25331e-02 1.07867e-01 1.39115e-01 |
  11253 | 9.33021e+01 8.29124e-03 | 1.25331e-02 1.07867e-01 1.39115e-01 |
  11254 | 9.33104e+01 8.29124e-03 | 1.25331e-02 1.07867e-01 1.39115e-01 |
  11255 | 9.33187e+01 8.29124e-03 | 1.25331e-02 1.07867e-01 1.39115e-01 |
  11256 | 9.33270e+01 8.29123e-03 | 1.25331e-02 1.07867e-01 1.39115e-01 |
  11257 | 9.33353e+01 8.29123e-03 | 1.25331e-02 1.07867e-01 1.39115e-01 |
  11258 | 9.33436e+01 8.29123e-03 | 1.25331e-02 1.07867e-01 1.39115e-01 |
  11259 | 9.33519e+01 8.29123e-03 | 1.25331e-02 1.07867e-01 1.39115e-01 |
  11260 | 9.33602e+01 8.29124e-03 | 1.25331e-02 1.07867e-01 1.39115e-01 |
  11261 | 9.33685e+01 8.29124e-03 | 1.25331e-02 1.07867e-01 1.39115e-01 |
  11262 | 9.33768e+01 8.29124e-03 | 1.25331e-02 1.07867e-01 1.39115e-01 |
  11263 | 9.33850e+01 8.29124e-03 | 1.25331e-02 1.07867e-01 1.39115e-01 |
  11264 | 9.33933e+01 8.29124e-03 | 1.25331e-02 1.07867e-01 1.39115e-01 |
  11265 | 9.34016e+01 8.29125e-03 | 1.25331e-02 1.07867e-01 1.39115e-01 |
  11266 | 9.34099e+01 8.29125e-03 | 1.25331e-02 1.07867e-01 1.39115e-01 |
  11267 | 9.34182e+01 8.29125e-03 | 1.25331e-02 1.07867e-01 1.39115e-01 |
  11268 | 9.34265e+01 8.29126e-03 | 1.25331e-02 1.07867e-01 1.39115e-01 |
  11269 | 9.34348e+01 8.29126e-03 | 1.25331e-02 1.07867e-01 1.39115e-01 |
  11270 | 9.34431e+01 8.29127e-03 | 1.25331e-02 1.07867e-01 1.39115e-01 |
  11271 | 9.34514e+01 8.29127e-03 | 1.25331e-02 1.07867e-01 1.39115e-01 |
  11272 | 9.34597e+01 8.29128e-03 | 1.25331e-02 1.07867e-01 1.39115e-01 |
  11273 | 9.34680e+01 8.29129e-03 | 1.25331e-02 1.07867e-01 1.39115e-01 |
  11274 | 9.34763e+01 8.29129e-03 | 1.25331e-02 1.07867e-01 1.39115e-01 |
  11275 | 9.34845e+01 8.29130e-03 | 1.25331e-02 1.07867e-01 1.39115e-01 |
  11276 | 9.34928e+01 8.29131e-03 | 1.25331e-02 1.07867e-01 1.39115e-01 |
  11277 | 9.35011e+01 8.29132e-03 | 1.25331e-02 1.07867e-01 1.39115e-01 |
  11278 | 9.35094e+01 8.29132e-03 | 1.25331e-02 1.07867e-01 1.39115e-01 |
  11279 | 9.35177e+01 8.29133e-03 | 1.25331e-02 1.07867e-01 1.39115e-01 |
  11280 | 9.35260e+01 8.29134e-03 | 1.25331e-02 1.07867e-01 1.39115e-01 |
  11281 | 9.35343e+01 8.29135e-03 | 1.25331e-02 1.07867e-01 1.39115e-01 |
  11282 | 9.35426e+01 8.29136e-03 | 1.25331e-02 1.07867e-01 1.39115e-01 |
  11283 | 9.35509e+01 8.29137e-03 | 1.25331e-02 1.07867e-01 1.39115e-01 |
  11284 | 9.35592e+01 8.29139e-03 | 1.25331e-02 1.07867e-01 1.39115e-01 |
  11285 | 9.35675e+01 8.29140e-03 | 1.25331e-02 1.07867e-01 1.39115e-01 |
  11286 | 9.35757e+01 8.29141e-03 | 1.25331e-02 1.07867e-01 1.39115e-01 |
  11287 | 9.35840e+01 8.29140e-03 | 1.25331e-02 1.07867e-01 1.39115e-01 |
  11288 | 9.35923e+01 8.29139e-03 | 1.25331e-02 1.07867e-01 1.39115e-01 |
  11289 | 9.36006e+01 8.29137e-03 | 1.25331e-02 1.07867e-01 1.39115e-01 |
  11290 | 9.36089e+01 8.29136e-03 | 1.25331e-02 1.07867e-01 1.39115e-01 |
  11291 | 9.36172e+01 8.29135e-03 | 1.25331e-02 1.07867e-01 1.39115e-01 |
  11292 | 9.36255e+01 8.29134e-03 | 1.25331e-02 1.07867e-01 1.39115e-01 |
  11293 | 9.36338e+01 8.29133e-03 | 1.25331e-02 1.07867e-01 1.39115e-01 |
  11294 | 9.36421e+01 8.29133e-03 | 1.25331e-02 1.07867e-01 1.39115e-01 |
  11295 | 9.36504e+01 8.29132e-03 | 1.25331e-02 1.07867e-01 1.39115e-01 |
  11296 | 9.36587e+01 8.29131e-03 | 1.25331e-02 1.07867e-01 1.39115e-01 |
  11297 | 9.36670e+01 8.29130e-03 | 1.25331e-02 1.07867e-01 1.39115e-01 |
  11298 | 9.36752e+01 8.29129e-03 | 1.25331e-02 1.07867e-01 1.39115e-01 |
  11299 | 9.36835e+01 8.29129e-03 | 1.25331e-02 1.07867e-01 1.39115e-01 |
  11300 | 9.36918e+01 8.29128e-03 | 1.25331e-02 1.07867e-01 1.39115e-01 |
  11301 | 9.37001e+01 8.29127e-03 | 1.25331e-02 1.07867e-01 1.39115e-01 |
  11302 | 9.37084e+01 8.29127e-03 | 1.25331e-02 1.07867e-01 1.39115e-01 |
  11303 | 9.37167e+01 8.29126e-03 | 1.25331e-02 1.07867e-01 1.39115e-01 |
  11304 | 9.37250e+01 8.29126e-03 | 1.25331e-02 1.07867e-01 1.39115e-01 |
  11305 | 9.37333e+01 8.29125e-03 | 1.25331e-02 1.07867e-01 1.39115e-01 |
  11306 | 9.37416e+01 8.29125e-03 | 1.25331e-02 1.07867e-01 1.39115e-01 |
  11307 | 9.37499e+01 8.29125e-03 | 1.25331e-02 1.07867e-01 1.39115e-01 |
  11308 | 9.37582e+01 8.29124e-03 | 1.25331e-02 1.07867e-01 1.39115e-01 |
  11309 | 9.37664e+01 8.29124e-03 | 1.25331e-02 1.07867e-01 1.39115e-01 |
  11310 | 9.37747e+01 8.29124e-03 | 1.25331e-02 1.07867e-01 1.39115e-01 |
  11311 | 9.37830e+01 8.29124e-03 | 1.25331e-02 1.07867e-01 1.39115e-01 |
  11312 | 9.37913e+01 8.29124e-03 | 1.25331e-02 1.07867e-01 1.39115e-01 |
  11313 | 9.37996e+01 8.29124e-03 | 1.25331e-02 1.07867e-01 1.39115e-01 |
  11314 | 9.38079e+01 8.29123e-03 | 1.25331e-02 1.07867e-01 1.39115e-01 |
  11315 | 9.38162e+01 8.29124e-03 | 1.25331e-02 1.07867e-01 1.39115e-01 |
  11316 | 9.38245e+01 8.29124e-03 | 1.25331e-02 1.07867e-01 1.39115e-01 |
  11317 | 9.38328e+01 8.29124e-03 | 1.25331e-02 1.07867e-01 1.39115e-01 |
  11318 | 9.38411e+01 8.29124e-03 | 1.25331e-02 1.07867e-01 1.39115e-01 |
  11319 | 9.38494e+01 8.29124e-03 | 1.25331e-02 1.07867e-01 1.39115e-01 |
  11320 | 9.38576e+01 8.29124e-03 | 1.25331e-02 1.07867e-01 1.39115e-01 |
  11321 | 9.38659e+01 8.29124e-03 | 1.25331e-02 1.07867e-01 1.39115e-01 |
  11322 | 9.38742e+01 8.29125e-03 | 1.25331e-02 1.07867e-01 1.39115e-01 |
  11323 | 9.38825e+01 8.29125e-03 | 1.25331e-02 1.07867e-01 1.39115e-01 |
  11324 | 9.38908e+01 8.29126e-03 | 1.25331e-02 1.07867e-01 1.39115e-01 |
  11325 | 9.38991e+01 8.29126e-03 | 1.25331e-02 1.07867e-01 1.39115e-01 |
  11326 | 9.39074e+01 8.29126e-03 | 1.25331e-02 1.07867e-01 1.39115e-01 |
  11327 | 9.39157e+01 8.29127e-03 | 1.25331e-02 1.07867e-01 1.39115e-01 |
  11328 | 9.39240e+01 8.29128e-03 | 1.25331e-02 1.07867e-01 1.39115e-01 |
  11329 | 9.39323e+01 8.29128e-03 | 1.25331e-02 1.07867e-01 1.39115e-01 |
  11330 | 9.39406e+01 8.29129e-03 | 1.25331e-02 1.07867e-01 1.39115e-01 |
  11331 | 9.39489e+01 8.29130e-03 | 1.25331e-02 1.07867e-01 1.39115e-01 |
  11332 | 9.39571e+01 8.29130e-03 | 1.25331e-02 1.07867e-01 1.39115e-01 |
  11333 | 9.39654e+01 8.29131e-03 | 1.25331e-02 1.07867e-01 1.39115e-01 |
  11334 | 9.39737e+01 8.29132e-03 | 1.25331e-02 1.07867e-01 1.39115e-01 |
  11335 | 9.39820e+01 8.29133e-03 | 1.25331e-02 1.07867e-01 1.39115e-01 |
  11336 | 9.39903e+01 8.29134e-03 | 1.25331e-02 1.07867e-01 1.39115e-01 |
  11337 | 9.39986e+01 8.29135e-03 | 1.25331e-02 1.07867e-01 1.39115e-01 |
  11338 | 9.40069e+01 8.29136e-03 | 1.25331e-02 1.07867e-01 1.39115e-01 |
  11339 | 9.40152e+01 8.29137e-03 | 1.25331e-02 1.07867e-01 1.39115e-01 |
  11340 | 9.40235e+01 8.29138e-03 | 1.25331e-02 1.07867e-01 1.39115e-01 |
  11341 | 9.40318e+01 8.29139e-03 | 1.25331e-02 1.07867e-01 1.39115e-01 |
  11342 | 9.40401e+01 8.29138e-03 | 1.25331e-02 1.07867e-01 1.39115e-01 |
  11343 | 9.40484e+01 8.29137e-03 | 1.25331e-02 1.07867e-01 1.39115e-01 |
  11344 | 9.40566e+01 8.29136e-03 | 1.25331e-02 1.07867e-01 1.39115e-01 |
  11345 | 9.40649e+01 8.29135e-03 | 1.25331e-02 1.07867e-01 1.39115e-01 |
  11346 | 9.40732e+01 8.29134e-03 | 1.25331e-02 1.07867e-01 1.39115e-01 |
  11347 | 9.40815e+01 8.29133e-03 | 1.25331e-02 1.07867e-01 1.39115e-01 |
  11348 | 9.40898e+01 8.29132e-03 | 1.25331e-02 1.07867e-01 1.39115e-01 |
  11349 | 9.40981e+01 8.29131e-03 | 1.25331e-02 1.07867e-01 1.39115e-01 |
  11350 | 9.41064e+01 8.29130e-03 | 1.25331e-02 1.07867e-01 1.39115e-01 |
  11351 | 9.41147e+01 8.29130e-03 | 1.25331e-02 1.07867e-01 1.39115e-01 |
  11352 | 9.41230e+01 8.29129e-03 | 1.25331e-02 1.07867e-01 1.39115e-01 |
  11353 | 9.41313e+01 8.29128e-03 | 1.25331e-02 1.07867e-01 1.39115e-01 |
  11354 | 9.41396e+01 8.29128e-03 | 1.25331e-02 1.07867e-01 1.39115e-01 |
  11355 | 9.41478e+01 8.29127e-03 | 1.25331e-02 1.07867e-01 1.39115e-01 |
  11356 | 9.41561e+01 8.29126e-03 | 1.25331e-02 1.07867e-01 1.39115e-01 |
  11357 | 9.41644e+01 8.29126e-03 | 1.25331e-02 1.07867e-01 1.39115e-01 |
  11358 | 9.41727e+01 8.29126e-03 | 1.25331e-02 1.07867e-01 1.39115e-01 |
  11359 | 9.41810e+01 8.29125e-03 | 1.25331e-02 1.07867e-01 1.39115e-01 |
  11360 | 9.41893e+01 8.29125e-03 | 1.25331e-02 1.07867e-01 1.39115e-01 |
  11361 | 9.41976e+01 8.29124e-03 | 1.25331e-02 1.07867e-01 1.39115e-01 |
  11362 | 9.42059e+01 8.29124e-03 | 1.25331e-02 1.07867e-01 1.39115e-01 |
  11363 | 9.42142e+01 8.29124e-03 | 1.25331e-02 1.07867e-01 1.39115e-01 |
  11364 | 9.42225e+01 8.29124e-03 | 1.25331e-02 1.07867e-01 1.39115e-01 |
  11365 | 9.42308e+01 8.29124e-03 | 1.25331e-02 1.07867e-01 1.39115e-01 |
  11366 | 9.42390e+01 8.29124e-03 | 1.25331e-02 1.07867e-01 1.39115e-01 |
  11367 | 9.42473e+01 8.29123e-03 | 1.25331e-02 1.07867e-01 1.39115e-01 |
  11368 | 9.42556e+01 8.29123e-03 | 1.25331e-02 1.07867e-01 1.39115e-01 |
  11369 | 9.42639e+01 8.29123e-03 | 1.25331e-02 1.07867e-01 1.39115e-01 |
  11370 | 9.42722e+01 8.29124e-03 | 1.25331e-02 1.07867e-01 1.39115e-01 |
  11371 | 9.42805e+01 8.29124e-03 | 1.25331e-02 1.07867e-01 1.39115e-01 |
  11372 | 9.42888e+01 8.29124e-03 | 1.25331e-02 1.07867e-01 1.39115e-01 |
  11373 | 9.42971e+01 8.29124e-03 | 1.25331e-02 1.07867e-01 1.39115e-01 |
  11374 | 9.43054e+01 8.29124e-03 | 1.25331e-02 1.07867e-01 1.39115e-01 |
  11375 | 9.43137e+01 8.29125e-03 | 1.25331e-02 1.07867e-01 1.39115e-01 |
  11376 | 9.43220e+01 8.29125e-03 | 1.25331e-02 1.07867e-01 1.39115e-01 |
  11377 | 9.43303e+01 8.29125e-03 | 1.25331e-02 1.07867e-01 1.39115e-01 |
  11378 | 9.43385e+01 8.29126e-03 | 1.25331e-02 1.07867e-01 1.39115e-01 |
  11379 | 9.43468e+01 8.29126e-03 | 1.25331e-02 1.07867e-01 1.39115e-01 |
  11380 | 9.43551e+01 8.29127e-03 | 1.25331e-02 1.07867e-01 1.39115e-01 |
  11381 | 9.43634e+01 8.29127e-03 | 1.25331e-02 1.07867e-01 1.39115e-01 |
  11382 | 9.43717e+01 8.29128e-03 | 1.25331e-02 1.07867e-01 1.39115e-01 |
  11383 | 9.43800e+01 8.29129e-03 | 1.25331e-02 1.07867e-01 1.39115e-01 |
  11384 | 9.43883e+01 8.29129e-03 | 1.25331e-02 1.07867e-01 1.39115e-01 |
  11385 | 9.43966e+01 8.29130e-03 | 1.25331e-02 1.07867e-01 1.39115e-01 |
  11386 | 9.44049e+01 8.29131e-03 | 1.25331e-02 1.07867e-01 1.39115e-01 |
  11387 | 9.44132e+01 8.29132e-03 | 1.25331e-02 1.07867e-01 1.39115e-01 |
  11388 | 9.44215e+01 8.29133e-03 | 1.25331e-02 1.07867e-01 1.39115e-01 |
  11389 | 9.44297e+01 8.29133e-03 | 1.25331e-02 1.07867e-01 1.39115e-01 |
  11390 | 9.44380e+01 8.29134e-03 | 1.25331e-02 1.07867e-01 1.39115e-01 |
  11391 | 9.44463e+01 8.29135e-03 | 1.25331e-02 1.07867e-01 1.39115e-01 |
  11392 | 9.44546e+01 8.29136e-03 | 1.25331e-02 1.07867e-01 1.39115e-01 |
  11393 | 9.44629e+01 8.29137e-03 | 1.25331e-02 1.07867e-01 1.39115e-01 |
  11394 | 9.44712e+01 8.29138e-03 | 1.25331e-02 1.07867e-01 1.39115e-01 |
  11395 | 9.44795e+01 8.29138e-03 | 1.25331e-02 1.07867e-01 1.39115e-01 |
  11396 | 9.44878e+01 8.29139e-03 | 1.25331e-02 1.07867e-01 1.39115e-01 |
  11397 | 9.44961e+01 8.29140e-03 | 1.25331e-02 1.07867e-01 1.39115e-01 |
  11398 | 9.45044e+01 8.29141e-03 | 1.25331e-02 1.07867e-01 1.39115e-01 |
  11399 | 9.45127e+01 8.29142e-03 | 1.25331e-02 1.07867e-01 1.39115e-01 |
  11400 | 9.45210e+01 8.29143e-03 | 1.25331e-02 1.07867e-01 1.39115e-01 |
  11401 | 9.45292e+01 8.29143e-03 | 1.25331e-02 1.07867e-01 1.39115e-01 |
  11402 | 9.45375e+01 8.29142e-03 | 1.25331e-02 1.07867e-01 1.39115e-01 |
  11403 | 9.45458e+01 8.29141e-03 | 1.25331e-02 1.07867e-01 1.39115e-01 |
  11404 | 9.45541e+01 8.29140e-03 | 1.25331e-02 1.07867e-01 1.39115e-01 |
  11405 | 9.45624e+01 8.29139e-03 | 1.25331e-02 1.07867e-01 1.39115e-01 |
  11406 | 9.45707e+01 8.29138e-03 | 1.25331e-02 1.07867e-01 1.39115e-01 |
  11407 | 9.45790e+01 8.29137e-03 | 1.25331e-02 1.07867e-01 1.39115e-01 |
  11408 | 9.45873e+01 8.29136e-03 | 1.25331e-02 1.07867e-01 1.39115e-01 |
  11409 | 9.45956e+01 8.29135e-03 | 1.25331e-02 1.07867e-01 1.39115e-01 |
  11410 | 9.46039e+01 8.29134e-03 | 1.25331e-02 1.07867e-01 1.39115e-01 |
  11411 | 9.46122e+01 8.29134e-03 | 1.25331e-02 1.07867e-01 1.39115e-01 |
  11412 | 9.46205e+01 8.29133e-03 | 1.25331e-02 1.07867e-01 1.39115e-01 |
  11413 | 9.46287e+01 8.29132e-03 | 1.25331e-02 1.07867e-01 1.39115e-01 |
  11414 | 9.46370e+01 8.29131e-03 | 1.25331e-02 1.07867e-01 1.39115e-01 |
  11415 | 9.46453e+01 8.29131e-03 | 1.25331e-02 1.07867e-01 1.39115e-01 |
  11416 | 9.46536e+01 8.29130e-03 | 1.25331e-02 1.07867e-01 1.39115e-01 |
  11417 | 9.46619e+01 8.29130e-03 | 1.25331e-02 1.07867e-01 1.39115e-01 |
  11418 | 9.46702e+01 8.29129e-03 | 1.25331e-02 1.07867e-01 1.39115e-01 |
  11419 | 9.46785e+01 8.29129e-03 | 1.25331e-02 1.07867e-01 1.39115e-01 |
  11420 | 9.46868e+01 8.29128e-03 | 1.25331e-02 1.07867e-01 1.39115e-01 |
  11421 | 9.46951e+01 8.29128e-03 | 1.25331e-02 1.07867e-01 1.39115e-01 |
  11422 | 9.47034e+01 8.29128e-03 | 1.25331e-02 1.07867e-01 1.39115e-01 |
  11423 | 9.47117e+01 8.29127e-03 | 1.25331e-02 1.07867e-01 1.39115e-01 |
  11424 | 9.47199e+01 8.29127e-03 | 1.25331e-02 1.07867e-01 1.39115e-01 |
  11425 | 9.47282e+01 8.29127e-03 | 1.25331e-02 1.07867e-01 1.39115e-01 |
  11426 | 9.47365e+01 8.29127e-03 | 1.25331e-02 1.07867e-01 1.39115e-01 |
  11427 | 9.47448e+01 8.29127e-03 | 1.25331e-02 1.07867e-01 1.39115e-01 |
  11428 | 9.47531e+01 8.29127e-03 | 1.25331e-02 1.07867e-01 1.39115e-01 |
  11429 | 9.47614e+01 8.29127e-03 | 1.25331e-02 1.07867e-01 1.39115e-01 |
  11430 | 9.47697e+01 8.29127e-03 | 1.25331e-02 1.07867e-01 1.39115e-01 |
  11431 | 9.47780e+01 8.29127e-03 | 1.25331e-02 1.07867e-01 1.39115e-01 |
  11432 | 9.47863e+01 8.29127e-03 | 1.25331e-02 1.07867e-01 1.39115e-01 |
  11433 | 9.47946e+01 8.29127e-03 | 1.25331e-02 1.07867e-01 1.39115e-01 |
  11434 | 9.48029e+01 8.29127e-03 | 1.25331e-02 1.07867e-01 1.39115e-01 |
  11435 | 9.48111e+01 8.29128e-03 | 1.25331e-02 1.07867e-01 1.39115e-01 |
  11436 | 9.48194e+01 8.29128e-03 | 1.25331e-02 1.07867e-01 1.39115e-01 |
  11437 | 9.48277e+01 8.29128e-03 | 1.25331e-02 1.07867e-01 1.39115e-01 |
  11438 | 9.48360e+01 8.29129e-03 | 1.25331e-02 1.07867e-01 1.39115e-01 |
  11439 | 9.48443e+01 8.29129e-03 | 1.25331e-02 1.07867e-01 1.39115e-01 |
  11440 | 9.48526e+01 8.29130e-03 | 1.25331e-02 1.07867e-01 1.39115e-01 |
  11441 | 9.48609e+01 8.29130e-03 | 1.25331e-02 1.07867e-01 1.39115e-01 |
  11442 | 9.48692e+01 8.29131e-03 | 1.25331e-02 1.07867e-01 1.39115e-01 |
  11443 | 9.48775e+01 8.29131e-03 | 1.25331e-02 1.07867e-01 1.39115e-01 |
  11444 | 9.48858e+01 8.29132e-03 | 1.25331e-02 1.07867e-01 1.39115e-01 |
  11445 | 9.48941e+01 8.29133e-03 | 1.25331e-02 1.07867e-01 1.39115e-01 |
  11446 | 9.49024e+01 8.29133e-03 | 1.25331e-02 1.07867e-01 1.39115e-01 |
  11447 | 9.49106e+01 8.29134e-03 | 1.25331e-02 1.07867e-01 1.39115e-01 |
  11448 | 9.49189e+01 8.29135e-03 | 1.25331e-02 1.07867e-01 1.39115e-01 |
  11449 | 9.49272e+01 8.29136e-03 | 1.25331e-02 1.07867e-01 1.39115e-01 |
  11450 | 9.49355e+01 8.29137e-03 | 1.25331e-02 1.07867e-01 1.39115e-01 |
  11451 | 9.49438e+01 8.29138e-03 | 1.25331e-02 1.07867e-01 1.39115e-01 |
  11452 | 9.49521e+01 8.29139e-03 | 1.25331e-02 1.07867e-01 1.39115e-01 |
  11453 | 9.49604e+01 8.29139e-03 | 1.25331e-02 1.07867e-01 1.39115e-01 |
  11454 | 9.49687e+01 8.29139e-03 | 1.25331e-02 1.07867e-01 1.39115e-01 |
  11455 | 9.49770e+01 8.29138e-03 | 1.25331e-02 1.07867e-01 1.39115e-01 |
  11456 | 9.49853e+01 8.29137e-03 | 1.25331e-02 1.07867e-01 1.39115e-01 |
  11457 | 9.49936e+01 8.29137e-03 | 1.25331e-02 1.07867e-01 1.39115e-01 |
  11458 | 9.50019e+01 8.29136e-03 | 1.25331e-02 1.07867e-01 1.39115e-01 |
  11459 | 9.50101e+01 8.29135e-03 | 1.25331e-02 1.07867e-01 1.39115e-01 |
  11460 | 9.50184e+01 8.29135e-03 | 1.25331e-02 1.07867e-01 1.39115e-01 |
  11461 | 9.50267e+01 8.29134e-03 | 1.25331e-02 1.07867e-01 1.39115e-01 |
  11462 | 9.50350e+01 8.29134e-03 | 1.25331e-02 1.07867e-01 1.39115e-01 |
  11463 | 9.50433e+01 8.29134e-03 | 1.25331e-02 1.07867e-01 1.39115e-01 |
  11464 | 9.50516e+01 8.29133e-03 | 1.25331e-02 1.07867e-01 1.39115e-01 |
  11465 | 9.50599e+01 8.29133e-03 | 1.25331e-02 1.07867e-01 1.39115e-01 |
  11466 | 9.50682e+01 8.29133e-03 | 1.25331e-02 1.07867e-01 1.39115e-01 |
  11467 | 9.50765e+01 8.29133e-03 | 1.25331e-02 1.07867e-01 1.39115e-01 |
  11468 | 9.50848e+01 8.29132e-03 | 1.25331e-02 1.07867e-01 1.39115e-01 |
  11469 | 9.50931e+01 8.29132e-03 | 1.25331e-02 1.07867e-01 1.39115e-01 |
  11470 | 9.51013e+01 8.29132e-03 | 1.25331e-02 1.07867e-01 1.39115e-01 |
  11471 | 9.51096e+01 8.29132e-03 | 1.25331e-02 1.07867e-01 1.39115e-01 |
  11472 | 9.51179e+01 8.29132e-03 | 1.25331e-02 1.07867e-01 1.39115e-01 |
  11473 | 9.51262e+01 8.29132e-03 | 1.25331e-02 1.07867e-01 1.39115e-01 |
  11474 | 9.51345e+01 8.29132e-03 | 1.25331e-02 1.07867e-01 1.39115e-01 |
  11475 | 9.51428e+01 8.29131e-03 | 1.25331e-02 1.07867e-01 1.39115e-01 |
  11476 | 9.51511e+01 8.29131e-03 | 1.25331e-02 1.07867e-01 1.39115e-01 |
  11477 | 9.51594e+01 8.29131e-03 | 1.25331e-02 1.07867e-01 1.39115e-01 |
  11478 | 9.51677e+01 8.29130e-03 | 1.25331e-02 1.07867e-01 1.39115e-01 |
  11479 | 9.51760e+01 8.29130e-03 | 1.25331e-02 1.07867e-01 1.39115e-01 |
  11480 | 9.51843e+01 8.29130e-03 | 1.25331e-02 1.07867e-01 1.39115e-01 |
  11481 | 9.51926e+01 8.29129e-03 | 1.25331e-02 1.07867e-01 1.39115e-01 |
  11482 | 9.52008e+01 8.29129e-03 | 1.25331e-02 1.07867e-01 1.39115e-01 |
  11483 | 9.52091e+01 8.29129e-03 | 1.25331e-02 1.07867e-01 1.39115e-01 |
  11484 | 9.52174e+01 8.29129e-03 | 1.25331e-02 1.07867e-01 1.39115e-01 |
  11485 | 9.52257e+01 8.29129e-03 | 1.25331e-02 1.07867e-01 1.39115e-01 |
  11486 | 9.52340e+01 8.29129e-03 | 1.25331e-02 1.07867e-01 1.39115e-01 |
  11487 | 9.52423e+01 8.29129e-03 | 1.25331e-02 1.07867e-01 1.39115e-01 |
  11488 | 9.52506e+01 8.29129e-03 | 1.25331e-02 1.07867e-01 1.39115e-01 |
  11489 | 9.52589e+01 8.29129e-03 | 1.25331e-02 1.07867e-01 1.39115e-01 |
  11490 | 9.52672e+01 8.29130e-03 | 1.25331e-02 1.07867e-01 1.39115e-01 |
  11491 | 9.52755e+01 8.29130e-03 | 1.25331e-02 1.07867e-01 1.39115e-01 |
  11492 | 9.52838e+01 8.29130e-03 | 1.25331e-02 1.07867e-01 1.39115e-01 |
  11493 | 9.52920e+01 8.29130e-03 | 1.25331e-02 1.07867e-01 1.39115e-01 |
  11494 | 9.53003e+01 8.29131e-03 | 1.25331e-02 1.07867e-01 1.39115e-01 |
  11495 | 9.53086e+01 8.29131e-03 | 1.25331e-02 1.07867e-01 1.39115e-01 |
  11496 | 9.53169e+01 8.29132e-03 | 1.25331e-02 1.07867e-01 1.39115e-01 |
  11497 | 9.53252e+01 8.29132e-03 | 1.25331e-02 1.07867e-01 1.39115e-01 |
  11498 | 9.53335e+01 8.29133e-03 | 1.25331e-02 1.07867e-01 1.39115e-01 |
  11499 | 9.53418e+01 8.29133e-03 | 1.25331e-02 1.07867e-01 1.39115e-01 |
  11500 | 9.53501e+01 8.29134e-03 | 1.25331e-02 1.07867e-01 1.39115e-01 |
  11501 | 9.53584e+01 8.29135e-03 | 1.25331e-02 1.07867e-01 1.39115e-01 |
  11502 | 9.53667e+01 8.29135e-03 | 1.25331e-02 1.07867e-01 1.39115e-01 |
  11503 | 9.53750e+01 8.29136e-03 | 1.25331e-02 1.07867e-01 1.39115e-01 |
  11504 | 9.53833e+01 8.29137e-03 | 1.25331e-02 1.07867e-01 1.39115e-01 |
  11505 | 9.53915e+01 8.29138e-03 | 1.25331e-02 1.07867e-01 1.39115e-01 |
  11506 | 9.53998e+01 8.29139e-03 | 1.25331e-02 1.07867e-01 1.39115e-01 |
  11507 | 9.54081e+01 8.29139e-03 | 1.25331e-02 1.07867e-01 1.39115e-01 |
  11508 | 9.54164e+01 8.29140e-03 | 1.25331e-02 1.07867e-01 1.39115e-01 |
  11509 | 9.54247e+01 8.29141e-03 | 1.25331e-02 1.07867e-01 1.39115e-01 |
  11510 | 9.54330e+01 8.29141e-03 | 1.25331e-02 1.07867e-01 1.39115e-01 |
  11511 | 9.54413e+01 8.29141e-03 | 1.25331e-02 1.07867e-01 1.39115e-01 |
  11512 | 9.54496e+01 8.29140e-03 | 1.25331e-02 1.07867e-01 1.39115e-01 |
  11513 | 9.54579e+01 8.29140e-03 | 1.25331e-02 1.07867e-01 1.39115e-01 |
  11514 | 9.54662e+01 8.29139e-03 | 1.25331e-02 1.07867e-01 1.39115e-01 |
  11515 | 9.54745e+01 8.29138e-03 | 1.25331e-02 1.07867e-01 1.39115e-01 |
  11516 | 9.54827e+01 8.29137e-03 | 1.25331e-02 1.07867e-01 1.39115e-01 |
  11517 | 9.54910e+01 8.29136e-03 | 1.25331e-02 1.07867e-01 1.39115e-01 |
  11518 | 9.54993e+01 8.29136e-03 | 1.25331e-02 1.07867e-01 1.39115e-01 |
  11519 | 9.55076e+01 8.29135e-03 | 1.25331e-02 1.07867e-01 1.39115e-01 |
  11520 | 9.55159e+01 8.29134e-03 | 1.25331e-02 1.07867e-01 1.39115e-01 |
  11521 | 9.55242e+01 8.29133e-03 | 1.25331e-02 1.07867e-01 1.39115e-01 |
  11522 | 9.55325e+01 8.29132e-03 | 1.25331e-02 1.07867e-01 1.39115e-01 |
  11523 | 9.55408e+01 8.29132e-03 | 1.25331e-02 1.07867e-01 1.39115e-01 |
  11524 | 9.55491e+01 8.29131e-03 | 1.25331e-02 1.07867e-01 1.39115e-01 |
  11525 | 9.55574e+01 8.29130e-03 | 1.25331e-02 1.07867e-01 1.39115e-01 |
  11526 | 9.55657e+01 8.29130e-03 | 1.25331e-02 1.07867e-01 1.39115e-01 |
  11527 | 9.55740e+01 8.29129e-03 | 1.25331e-02 1.07867e-01 1.39115e-01 |
  11528 | 9.55822e+01 8.29129e-03 | 1.25331e-02 1.07867e-01 1.39115e-01 |
  11529 | 9.55905e+01 8.29128e-03 | 1.25331e-02 1.07867e-01 1.39115e-01 |
  11530 | 9.55988e+01 8.29128e-03 | 1.25331e-02 1.07867e-01 1.39115e-01 |
  11531 | 9.56071e+01 8.29128e-03 | 1.25331e-02 1.07867e-01 1.39115e-01 |
  11532 | 9.56154e+01 8.29127e-03 | 1.25331e-02 1.07867e-01 1.39115e-01 |
  11533 | 9.56237e+01 8.29127e-03 | 1.25331e-02 1.07867e-01 1.39115e-01 |
  11534 | 9.56320e+01 8.29127e-03 | 1.25331e-02 1.07867e-01 1.39115e-01 |
  11535 | 9.56403e+01 8.29127e-03 | 1.25331e-02 1.07867e-01 1.39115e-01 |
  11536 | 9.56486e+01 8.29126e-03 | 1.25331e-02 1.07867e-01 1.39115e-01 |
  11537 | 9.56569e+01 8.29126e-03 | 1.25331e-02 1.07867e-01 1.39115e-01 |
  11538 | 9.56652e+01 8.29126e-03 | 1.25331e-02 1.07867e-01 1.39115e-01 |
  11539 | 9.56734e+01 8.29126e-03 | 1.25331e-02 1.07867e-01 1.39115e-01 |
  11540 | 9.56817e+01 8.29126e-03 | 1.25331e-02 1.07867e-01 1.39115e-01 |
  11541 | 9.56900e+01 8.29126e-03 | 1.25331e-02 1.07867e-01 1.39115e-01 |
  11542 | 9.56983e+01 8.29127e-03 | 1.25331e-02 1.07867e-01 1.39115e-01 |
  11543 | 9.57066e+01 8.29127e-03 | 1.25331e-02 1.07867e-01 1.39115e-01 |
  11544 | 9.57149e+01 8.29127e-03 | 1.25331e-02 1.07867e-01 1.39115e-01 |
  11545 | 9.57232e+01 8.29127e-03 | 1.25331e-02 1.07867e-01 1.39115e-01 |
  11546 | 9.57315e+01 8.29127e-03 | 1.25331e-02 1.07867e-01 1.39115e-01 |
  11547 | 9.57398e+01 8.29128e-03 | 1.25331e-02 1.07867e-01 1.39115e-01 |
  11548 | 9.57481e+01 8.29128e-03 | 1.25331e-02 1.07867e-01 1.39115e-01 |
  11549 | 9.57564e+01 8.29129e-03 | 1.25331e-02 1.07867e-01 1.39115e-01 |
  11550 | 9.57647e+01 8.29129e-03 | 1.25331e-02 1.07867e-01 1.39115e-01 |
  11551 | 9.57729e+01 8.29130e-03 | 1.25331e-02 1.07867e-01 1.39115e-01 |
  11552 | 9.57812e+01 8.29130e-03 | 1.25331e-02 1.07867e-01 1.39115e-01 |
  11553 | 9.57895e+01 8.29131e-03 | 1.25331e-02 1.07867e-01 1.39115e-01 |
  11554 | 9.57978e+01 8.29131e-03 | 1.25331e-02 1.07867e-01 1.39115e-01 |
  11555 | 9.58061e+01 8.29132e-03 | 1.25331e-02 1.07867e-01 1.39115e-01 |
  11556 | 9.58144e+01 8.29133e-03 | 1.25331e-02 1.07867e-01 1.39115e-01 |
  11557 | 9.58227e+01 8.29134e-03 | 1.25331e-02 1.07867e-01 1.39115e-01 |
  11558 | 9.58310e+01 8.29135e-03 | 1.25331e-02 1.07867e-01 1.39115e-01 |
  11559 | 9.58393e+01 8.29135e-03 | 1.25331e-02 1.07867e-01 1.39115e-01 |
  11560 | 9.58476e+01 8.29136e-03 | 1.25331e-02 1.07867e-01 1.39115e-01 |
  11561 | 9.58559e+01 8.29137e-03 | 1.25331e-02 1.07867e-01 1.39115e-01 |
  11562 | 9.58641e+01 8.29138e-03 | 1.25331e-02 1.07867e-01 1.39115e-01 |
  11563 | 9.58724e+01 8.29139e-03 | 1.25331e-02 1.07867e-01 1.39115e-01 |
  11564 | 9.58807e+01 8.29139e-03 | 1.25331e-02 1.07867e-01 1.39115e-01 |
  11565 | 9.58890e+01 8.29139e-03 | 1.25331e-02 1.07867e-01 1.39115e-01 |
  11566 | 9.58973e+01 8.29138e-03 | 1.25331e-02 1.07867e-01 1.39115e-01 |
  11567 | 9.59056e+01 8.29137e-03 | 1.25331e-02 1.07867e-01 1.39115e-01 |
  11568 | 9.59139e+01 8.29137e-03 | 1.25331e-02 1.07867e-01 1.39115e-01 |
  11569 | 9.59222e+01 8.29136e-03 | 1.25331e-02 1.07867e-01 1.39115e-01 |
  11570 | 9.59305e+01 8.29136e-03 | 1.25331e-02 1.07867e-01 1.39115e-01 |
  11571 | 9.59388e+01 8.29135e-03 | 1.25331e-02 1.07867e-01 1.39115e-01 |
  11572 | 9.59471e+01 8.29135e-03 | 1.25331e-02 1.07867e-01 1.39115e-01 |
  11573 | 9.59554e+01 8.29135e-03 | 1.25331e-02 1.07867e-01 1.39115e-01 |
  11574 | 9.59636e+01 8.29134e-03 | 1.25331e-02 1.07867e-01 1.39115e-01 |
  11575 | 9.59719e+01 8.29134e-03 | 1.25331e-02 1.07867e-01 1.39115e-01 |
  11576 | 9.59802e+01 8.29134e-03 | 1.25331e-02 1.07867e-01 1.39115e-01 |
  11577 | 9.59885e+01 8.29134e-03 | 1.25331e-02 1.07867e-01 1.39115e-01 |
  11578 | 9.59968e+01 8.29133e-03 | 1.25331e-02 1.07867e-01 1.39115e-01 |
  11579 | 9.60051e+01 8.29133e-03 | 1.25331e-02 1.07867e-01 1.39115e-01 |
  11580 | 9.60134e+01 8.29133e-03 | 1.25331e-02 1.07867e-01 1.39115e-01 |
  11581 | 9.60217e+01 8.29133e-03 | 1.25331e-02 1.07867e-01 1.39115e-01 |
  11582 | 9.60300e+01 8.29133e-03 | 1.25331e-02 1.07867e-01 1.39115e-01 |
  11583 | 9.60383e+01 8.29133e-03 | 1.25331e-02 1.07867e-01 1.39115e-01 |
  11584 | 9.60466e+01 8.29133e-03 | 1.25331e-02 1.07867e-01 1.39115e-01 |
  11585 | 9.60548e+01 8.29134e-03 | 1.25331e-02 1.07867e-01 1.39115e-01 |
  11586 | 9.60631e+01 8.29134e-03 | 1.25331e-02 1.07867e-01 1.39115e-01 |
  11587 | 9.60714e+01 8.29134e-03 | 1.25331e-02 1.07867e-01 1.39115e-01 |
  11588 | 9.60797e+01 8.29134e-03 | 1.25331e-02 1.07867e-01 1.39115e-01 |
  11589 | 9.60880e+01 8.29135e-03 | 1.25331e-02 1.07867e-01 1.39115e-01 |
  11590 | 9.60963e+01 8.29135e-03 | 1.25331e-02 1.07867e-01 1.39115e-01 |
  11591 | 9.61046e+01 8.29135e-03 | 1.25331e-02 1.07867e-01 1.39115e-01 |
  11592 | 9.61129e+01 8.29136e-03 | 1.25331e-02 1.07867e-01 1.39115e-01 |
  11593 | 9.61212e+01 8.29136e-03 | 1.25331e-02 1.07867e-01 1.39115e-01 |
  11594 | 9.61295e+01 8.29137e-03 | 1.25331e-02 1.07867e-01 1.39115e-01 |
  11595 | 9.61378e+01 8.29137e-03 | 1.25331e-02 1.07867e-01 1.39115e-01 |
  11596 | 9.61461e+01 8.29138e-03 | 1.25331e-02 1.07867e-01 1.39115e-01 |
  11597 | 9.61543e+01 8.29139e-03 | 1.25331e-02 1.07867e-01 1.39115e-01 |
  11598 | 9.61626e+01 8.29139e-03 | 1.25331e-02 1.07867e-01 1.39115e-01 |
  11599 | 9.61709e+01 8.29138e-03 | 1.25331e-02 1.07867e-01 1.39115e-01 |
  11600 | 9.61792e+01 8.29138e-03 | 1.25331e-02 1.07867e-01 1.39115e-01 |
  11601 | 9.61875e+01 8.29139e-03 | 1.25331e-02 1.07867e-01 1.39115e-01 |
  11602 | 9.61958e+01 8.29139e-03 | 1.25331e-02 1.07867e-01 1.39115e-01 |
  11603 | 9.62041e+01 8.29139e-03 | 1.25331e-02 1.07867e-01 1.39115e-01 |
  11604 | 9.62124e+01 8.29139e-03 | 1.25331e-02 1.07867e-01 1.39115e-01 |
  11605 | 9.62207e+01 8.29139e-03 | 1.25331e-02 1.07867e-01 1.39115e-01 |
  11606 | 9.62290e+01 8.29139e-03 | 1.25331e-02 1.07867e-01 1.39115e-01 |
  11607 | 9.62373e+01 8.29140e-03 | 1.25331e-02 1.07867e-01 1.39115e-01 |
  11608 | 9.62456e+01 8.29140e-03 | 1.25331e-02 1.07867e-01 1.39115e-01 |
  11609 | 9.62538e+01 8.29140e-03 | 1.25331e-02 1.07867e-01 1.39115e-01 |
  11610 | 9.62621e+01 8.29141e-03 | 1.25331e-02 1.07867e-01 1.39115e-01 |
  11611 | 9.62704e+01 8.29141e-03 | 1.25331e-02 1.07867e-01 1.39115e-01 |
  11612 | 9.62787e+01 8.29142e-03 | 1.25331e-02 1.07867e-01 1.39115e-01 |
  11613 | 9.62870e+01 8.29142e-03 | 1.25331e-02 1.07867e-01 1.39115e-01 |
  11614 | 9.62953e+01 8.29141e-03 | 1.25331e-02 1.07867e-01 1.39115e-01 |
  11615 | 9.63036e+01 8.29140e-03 | 1.25331e-02 1.07867e-01 1.39115e-01 |
  11616 | 9.63119e+01 8.29139e-03 | 1.25331e-02 1.07867e-01 1.39115e-01 |
  11617 | 9.63202e+01 8.29138e-03 | 1.25331e-02 1.07867e-01 1.39115e-01 |
  11618 | 9.63285e+01 8.29137e-03 | 1.25331e-02 1.07867e-01 1.39115e-01 |
  11619 | 9.63368e+01 8.29136e-03 | 1.25331e-02 1.07867e-01 1.39115e-01 |
  11620 | 9.63450e+01 8.29135e-03 | 1.25331e-02 1.07867e-01 1.39115e-01 |
  11621 | 9.63533e+01 8.29134e-03 | 1.25331e-02 1.07867e-01 1.39115e-01 |
  11622 | 9.63616e+01 8.29133e-03 | 1.25331e-02 1.07867e-01 1.39115e-01 |
  11623 | 9.63699e+01 8.29132e-03 | 1.25331e-02 1.07867e-01 1.39115e-01 |
  11624 | 9.63782e+01 8.29131e-03 | 1.25331e-02 1.07867e-01 1.39115e-01 |
  11625 | 9.63865e+01 8.29131e-03 | 1.25331e-02 1.07867e-01 1.39115e-01 |
  11626 | 9.63948e+01 8.29130e-03 | 1.25331e-02 1.07867e-01 1.39115e-01 |
  11627 | 9.64031e+01 8.29129e-03 | 1.25331e-02 1.07867e-01 1.39115e-01 |
  11628 | 9.64114e+01 8.29128e-03 | 1.25331e-02 1.07867e-01 1.39115e-01 |
  11629 | 9.64197e+01 8.29128e-03 | 1.25331e-02 1.07867e-01 1.39115e-01 |
  11630 | 9.64280e+01 8.29127e-03 | 1.25331e-02 1.07867e-01 1.39115e-01 |
  11631 | 9.64363e+01 8.29127e-03 | 1.25331e-02 1.07867e-01 1.39115e-01 |
  11632 | 9.64445e+01 8.29126e-03 | 1.25331e-02 1.07867e-01 1.39115e-01 |
  11633 | 9.64528e+01 8.29126e-03 | 1.25331e-02 1.07867e-01 1.39115e-01 |
  11634 | 9.64611e+01 8.29126e-03 | 1.25331e-02 1.07867e-01 1.39115e-01 |
  11635 | 9.64694e+01 8.29125e-03 | 1.25331e-02 1.07867e-01 1.39115e-01 |
  11636 | 9.64777e+01 8.29125e-03 | 1.25331e-02 1.07867e-01 1.39115e-01 |
  11637 | 9.64860e+01 8.29125e-03 | 1.25331e-02 1.07867e-01 1.39115e-01 |
  11638 | 9.64943e+01 8.29125e-03 | 1.25331e-02 1.07867e-01 1.39115e-01 |
  11639 | 9.65026e+01 8.29124e-03 | 1.25331e-02 1.07867e-01 1.39115e-01 |
  11640 | 9.65109e+01 8.29124e-03 | 1.25331e-02 1.07867e-01 1.39115e-01 |
  11641 | 9.65192e+01 8.29124e-03 | 1.25331e-02 1.07867e-01 1.39115e-01 |
  11642 | 9.65275e+01 8.29124e-03 | 1.25331e-02 1.07867e-01 1.39115e-01 |
  11643 | 9.65357e+01 8.29124e-03 | 1.25331e-02 1.07867e-01 1.39115e-01 |
  11644 | 9.65440e+01 8.29124e-03 | 1.25331e-02 1.07867e-01 1.39115e-01 |
  11645 | 9.65523e+01 8.29124e-03 | 1.25331e-02 1.07867e-01 1.39115e-01 |
  11646 | 9.65606e+01 8.29125e-03 | 1.25331e-02 1.07867e-01 1.39115e-01 |
  11647 | 9.65689e+01 8.29125e-03 | 1.25331e-02 1.07867e-01 1.39115e-01 |
  11648 | 9.65772e+01 8.29125e-03 | 1.25331e-02 1.07867e-01 1.39115e-01 |
  11649 | 9.65855e+01 8.29125e-03 | 1.25331e-02 1.07867e-01 1.39115e-01 |
  11650 | 9.65938e+01 8.29126e-03 | 1.25331e-02 1.07867e-01 1.39115e-01 |
  11651 | 9.66021e+01 8.29126e-03 | 1.25331e-02 1.07867e-01 1.39115e-01 |
  11652 | 9.66104e+01 8.29127e-03 | 1.25331e-02 1.07867e-01 1.39115e-01 |
  11653 | 9.66187e+01 8.29127e-03 | 1.25331e-02 1.07867e-01 1.39115e-01 |
  11654 | 9.66270e+01 8.29127e-03 | 1.25331e-02 1.07867e-01 1.39115e-01 |
  11655 | 9.66352e+01 8.29128e-03 | 1.25331e-02 1.07867e-01 1.39115e-01 |
  11656 | 9.66435e+01 8.29129e-03 | 1.25331e-02 1.07867e-01 1.39115e-01 |
  11657 | 9.66518e+01 8.29129e-03 | 1.25331e-02 1.07867e-01 1.39115e-01 |
  11658 | 9.66601e+01 8.29130e-03 | 1.25331e-02 1.07867e-01 1.39115e-01 |
  11659 | 9.66684e+01 8.29131e-03 | 1.25331e-02 1.07867e-01 1.39115e-01 |
  11660 | 9.66767e+01 8.29131e-03 | 1.25331e-02 1.07867e-01 1.39115e-01 |
  11661 | 9.66850e+01 8.29132e-03 | 1.25331e-02 1.07867e-01 1.39115e-01 |
  11662 | 9.66933e+01 8.29133e-03 | 1.25331e-02 1.07867e-01 1.39115e-01 |
  11663 | 9.67016e+01 8.29134e-03 | 1.25331e-02 1.07867e-01 1.39115e-01 |
  11664 | 9.67099e+01 8.29135e-03 | 1.25331e-02 1.07867e-01 1.39115e-01 |
  11665 | 9.67182e+01 8.29136e-03 | 1.25331e-02 1.07867e-01 1.39115e-01 |
  11666 | 9.67264e+01 8.29137e-03 | 1.25331e-02 1.07867e-01 1.39115e-01 |
  11667 | 9.67347e+01 8.29138e-03 | 1.25331e-02 1.07867e-01 1.39115e-01 |
  11668 | 9.67430e+01 8.29139e-03 | 1.25331e-02 1.07867e-01 1.39115e-01 |
  11669 | 9.67513e+01 8.29140e-03 | 1.25331e-02 1.07867e-01 1.39115e-01 |
  11670 | 9.67596e+01 8.29140e-03 | 1.25331e-02 1.07867e-01 1.39115e-01 |
  11671 | 9.67679e+01 8.29139e-03 | 1.25331e-02 1.07867e-01 1.39115e-01 |
  11672 | 9.67762e+01 8.29138e-03 | 1.25331e-02 1.07867e-01 1.39115e-01 |
  11673 | 9.67845e+01 8.29137e-03 | 1.25331e-02 1.07867e-01 1.39115e-01 |
  11674 | 9.67928e+01 8.29136e-03 | 1.25331e-02 1.07867e-01 1.39115e-01 |
  11675 | 9.68011e+01 8.29135e-03 | 1.25331e-02 1.07867e-01 1.39115e-01 |
  11676 | 9.68094e+01 8.29134e-03 | 1.25331e-02 1.07867e-01 1.39115e-01 |
  11677 | 9.68177e+01 8.29133e-03 | 1.25331e-02 1.07867e-01 1.39115e-01 |
  11678 | 9.68259e+01 8.29133e-03 | 1.25331e-02 1.07867e-01 1.39115e-01 |
  11679 | 9.68342e+01 8.29132e-03 | 1.25331e-02 1.07867e-01 1.39115e-01 |
  11680 | 9.68425e+01 8.29131e-03 | 1.25331e-02 1.07867e-01 1.39115e-01 |
  11681 | 9.68508e+01 8.29131e-03 | 1.25331e-02 1.07867e-01 1.39115e-01 |
  11682 | 9.68591e+01 8.29130e-03 | 1.25331e-02 1.07867e-01 1.39115e-01 |
  11683 | 9.68674e+01 8.29129e-03 | 1.25331e-02 1.07867e-01 1.39115e-01 |
  11684 | 9.68757e+01 8.29129e-03 | 1.25331e-02 1.07867e-01 1.39115e-01 |
  11685 | 9.68840e+01 8.29128e-03 | 1.25331e-02 1.07867e-01 1.39115e-01 |
  11686 | 9.68923e+01 8.29128e-03 | 1.25331e-02 1.07867e-01 1.39115e-01 |
  11687 | 9.69006e+01 8.29128e-03 | 1.25331e-02 1.07867e-01 1.39115e-01 |
  11688 | 9.69089e+01 8.29127e-03 | 1.25331e-02 1.07867e-01 1.39115e-01 |
  11689 | 9.69171e+01 8.29127e-03 | 1.25331e-02 1.07867e-01 1.39115e-01 |
  11690 | 9.69254e+01 8.29127e-03 | 1.25331e-02 1.07867e-01 1.39115e-01 |
  11691 | 9.69337e+01 8.29126e-03 | 1.25331e-02 1.07867e-01 1.39115e-01 |
  11692 | 9.69420e+01 8.29126e-03 | 1.25331e-02 1.07867e-01 1.39115e-01 |
  11693 | 9.69503e+01 8.29126e-03 | 1.25331e-02 1.07867e-01 1.39115e-01 |
  11694 | 9.69586e+01 8.29126e-03 | 1.25331e-02 1.07867e-01 1.39115e-01 |
  11695 | 9.69669e+01 8.29126e-03 | 1.25331e-02 1.07867e-01 1.39115e-01 |
  11696 | 9.69752e+01 8.29126e-03 | 1.25331e-02 1.07867e-01 1.39115e-01 |
  11697 | 9.69835e+01 8.29126e-03 | 1.25331e-02 1.07867e-01 1.39115e-01 |
  11698 | 9.69918e+01 8.29126e-03 | 1.25331e-02 1.07867e-01 1.39115e-01 |
  11699 | 9.70001e+01 8.29126e-03 | 1.25331e-02 1.07867e-01 1.39115e-01 |
  11700 | 9.70084e+01 8.29127e-03 | 1.25331e-02 1.07867e-01 1.39115e-01 |
  11701 | 9.70166e+01 8.29127e-03 | 1.25331e-02 1.07867e-01 1.39115e-01 |
  11702 | 9.70249e+01 8.29127e-03 | 1.25331e-02 1.07867e-01 1.39115e-01 |
  11703 | 9.70332e+01 8.29127e-03 | 1.25331e-02 1.07867e-01 1.39115e-01 |
  11704 | 9.70415e+01 8.29128e-03 | 1.25331e-02 1.07867e-01 1.39115e-01 |
  11705 | 9.70498e+01 8.29128e-03 | 1.25331e-02 1.07867e-01 1.39115e-01 |
  11706 | 9.70581e+01 8.29129e-03 | 1.25331e-02 1.07867e-01 1.39115e-01 |
  11707 | 9.70664e+01 8.29129e-03 | 1.25331e-02 1.07867e-01 1.39115e-01 |
  11708 | 9.70747e+01 8.29130e-03 | 1.25331e-02 1.07867e-01 1.39115e-01 |
  11709 | 9.70830e+01 8.29130e-03 | 1.25331e-02 1.07867e-01 1.39115e-01 |
  11710 | 9.70913e+01 8.29131e-03 | 1.25331e-02 1.07867e-01 1.39115e-01 |
  11711 | 9.70996e+01 8.29132e-03 | 1.25331e-02 1.07867e-01 1.39115e-01 |
  11712 | 9.71078e+01 8.29132e-03 | 1.25331e-02 1.07867e-01 1.39115e-01 |
  11713 | 9.71161e+01 8.29133e-03 | 1.25331e-02 1.07867e-01 1.39115e-01 |
  11714 | 9.71244e+01 8.29134e-03 | 1.25331e-02 1.07867e-01 1.39115e-01 |
  11715 | 9.71327e+01 8.29135e-03 | 1.25331e-02 1.07867e-01 1.39115e-01 |
  11716 | 9.71410e+01 8.29135e-03 | 1.25331e-02 1.07867e-01 1.39115e-01 |
  11717 | 9.71493e+01 8.29136e-03 | 1.25331e-02 1.07867e-01 1.39115e-01 |
  11718 | 9.71576e+01 8.29137e-03 | 1.25331e-02 1.07867e-01 1.39115e-01 |
  11719 | 9.71659e+01 8.29138e-03 | 1.25331e-02 1.07867e-01 1.39115e-01 |
  11720 | 9.71742e+01 8.29139e-03 | 1.25331e-02 1.07867e-01 1.39115e-01 |
  11721 | 9.71825e+01 8.29140e-03 | 1.25331e-02 1.07867e-01 1.39115e-01 |
  11722 | 9.71908e+01 8.29141e-03 | 1.25331e-02 1.07867e-01 1.39115e-01 |
  11723 | 9.71991e+01 8.29141e-03 | 1.25331e-02 1.07867e-01 1.39115e-01 |
  11724 | 9.72073e+01 8.29142e-03 | 1.25331e-02 1.07867e-01 1.39115e-01 |
  11725 | 9.72156e+01 8.29140e-03 | 1.25331e-02 1.07867e-01 1.39115e-01 |
  11726 | 9.72239e+01 8.29139e-03 | 1.25331e-02 1.07867e-01 1.39115e-01 |
  11727 | 9.72322e+01 8.29138e-03 | 1.25331e-02 1.07867e-01 1.39115e-01 |
  11728 | 9.72405e+01 8.29137e-03 | 1.25331e-02 1.07867e-01 1.39115e-01 |
  11729 | 9.72488e+01 8.29136e-03 | 1.25331e-02 1.07867e-01 1.39115e-01 |
  11730 | 9.72571e+01 8.29135e-03 | 1.25331e-02 1.07867e-01 1.39115e-01 |
  11731 | 9.72654e+01 8.29134e-03 | 1.25331e-02 1.07867e-01 1.39115e-01 |
  11732 | 9.72737e+01 8.29133e-03 | 1.25331e-02 1.07867e-01 1.39115e-01 |
  11733 | 9.72820e+01 8.29132e-03 | 1.25331e-02 1.07867e-01 1.39115e-01 |
  11734 | 9.72903e+01 8.29132e-03 | 1.25331e-02 1.07867e-01 1.39115e-01 |
  11735 | 9.72985e+01 8.29131e-03 | 1.25331e-02 1.07867e-01 1.39115e-01 |
  11736 | 9.73068e+01 8.29130e-03 | 1.25331e-02 1.07867e-01 1.39115e-01 |
  11737 | 9.73151e+01 8.29129e-03 | 1.25331e-02 1.07867e-01 1.39115e-01 |
  11738 | 9.73234e+01 8.29129e-03 | 1.25331e-02 1.07867e-01 1.39115e-01 |
  11739 | 9.73317e+01 8.29128e-03 | 1.25331e-02 1.07867e-01 1.39115e-01 |
  11740 | 9.73400e+01 8.29128e-03 | 1.25331e-02 1.07867e-01 1.39115e-01 |
  11741 | 9.73483e+01 8.29127e-03 | 1.25331e-02 1.07867e-01 1.39115e-01 |
  11742 | 9.73566e+01 8.29127e-03 | 1.25331e-02 1.07867e-01 1.39115e-01 |
  11743 | 9.73649e+01 8.29126e-03 | 1.25331e-02 1.07867e-01 1.39115e-01 |
  11744 | 9.73732e+01 8.29126e-03 | 1.25331e-02 1.07867e-01 1.39115e-01 |
  11745 | 9.73815e+01 8.29126e-03 | 1.25331e-02 1.07867e-01 1.39115e-01 |
  11746 | 9.73898e+01 8.29125e-03 | 1.25331e-02 1.07867e-01 1.39115e-01 |
  11747 | 9.73980e+01 8.29125e-03 | 1.25331e-02 1.07867e-01 1.39115e-01 |
  11748 | 9.74063e+01 8.29125e-03 | 1.25331e-02 1.07867e-01 1.39115e-01 |
  11749 | 9.74146e+01 8.29125e-03 | 1.25331e-02 1.07867e-01 1.39115e-01 |
  11750 | 9.74229e+01 8.29125e-03 | 1.25331e-02 1.07867e-01 1.39115e-01 |
  11751 | 9.74312e+01 8.29125e-03 | 1.25331e-02 1.07867e-01 1.39115e-01 |
  11752 | 9.74395e+01 8.29125e-03 | 1.25331e-02 1.07867e-01 1.39115e-01 |
  11753 | 9.74478e+01 8.29125e-03 | 1.25331e-02 1.07867e-01 1.39115e-01 |
  11754 | 9.74561e+01 8.29125e-03 | 1.25331e-02 1.07867e-01 1.39115e-01 |
  11755 | 9.74644e+01 8.29125e-03 | 1.25331e-02 1.07867e-01 1.39115e-01 |
  11756 | 9.74727e+01 8.29125e-03 | 1.25331e-02 1.07867e-01 1.39115e-01 |
  11757 | 9.74810e+01 8.29125e-03 | 1.25331e-02 1.07867e-01 1.39115e-01 |
  11758 | 9.74892e+01 8.29125e-03 | 1.25331e-02 1.07867e-01 1.39115e-01 |
  11759 | 9.74975e+01 8.29126e-03 | 1.25331e-02 1.07867e-01 1.39115e-01 |
  11760 | 9.75058e+01 8.29126e-03 | 1.25331e-02 1.07867e-01 1.39115e-01 |
  11761 | 9.75141e+01 8.29126e-03 | 1.25331e-02 1.07867e-01 1.39115e-01 |
  11762 | 9.75224e+01 8.29127e-03 | 1.25331e-02 1.07867e-01 1.39115e-01 |
  11763 | 9.75307e+01 8.29127e-03 | 1.25331e-02 1.07867e-01 1.39115e-01 |
  11764 | 9.75390e+01 8.29128e-03 | 1.25331e-02 1.07867e-01 1.39115e-01 |
  11765 | 9.75473e+01 8.29128e-03 | 1.25331e-02 1.07867e-01 1.39115e-01 |
  11766 | 9.75556e+01 8.29129e-03 | 1.25331e-02 1.07867e-01 1.39115e-01 |
  11767 | 9.75639e+01 8.29130e-03 | 1.25331e-02 1.07867e-01 1.39115e-01 |
  11768 | 9.75722e+01 8.29130e-03 | 1.25331e-02 1.07867e-01 1.39115e-01 |
  11769 | 9.75805e+01 8.29131e-03 | 1.25331e-02 1.07867e-01 1.39115e-01 |
  11770 | 9.75887e+01 8.29132e-03 | 1.25331e-02 1.07867e-01 1.39115e-01 |
  11771 | 9.75970e+01 8.29133e-03 | 1.25331e-02 1.07867e-01 1.39115e-01 |
  11772 | 9.76053e+01 8.29133e-03 | 1.25331e-02 1.07867e-01 1.39115e-01 |
  11773 | 9.76136e+01 8.29134e-03 | 1.25331e-02 1.07867e-01 1.39115e-01 |
  11774 | 9.76219e+01 8.29135e-03 | 1.25331e-02 1.07867e-01 1.39115e-01 |
  11775 | 9.76302e+01 8.29136e-03 | 1.25331e-02 1.07867e-01 1.39115e-01 |
  11776 | 9.76385e+01 8.29137e-03 | 1.25331e-02 1.07867e-01 1.39115e-01 |
  11777 | 9.76468e+01 8.29138e-03 | 1.25331e-02 1.07867e-01 1.39115e-01 |
  11778 | 9.76551e+01 8.29140e-03 | 1.25331e-02 1.07867e-01 1.39115e-01 |
  11779 | 9.76634e+01 8.29141e-03 | 1.25331e-02 1.07867e-01 1.39115e-01 |
  11780 | 9.76717e+01 8.29141e-03 | 1.25331e-02 1.07867e-01 1.39115e-01 |
  11781 | 9.76799e+01 8.29139e-03 | 1.25331e-02 1.07867e-01 1.39115e-01 |
  11782 | 9.76882e+01 8.29138e-03 | 1.25331e-02 1.07867e-01 1.39115e-01 |
  11783 | 9.76965e+01 8.29137e-03 | 1.25331e-02 1.07867e-01 1.39115e-01 |
  11784 | 9.77048e+01 8.29136e-03 | 1.25331e-02 1.07867e-01 1.39115e-01 |
  11785 | 9.77131e+01 8.29136e-03 | 1.25331e-02 1.07867e-01 1.39115e-01 |
  11786 | 9.77214e+01 8.29135e-03 | 1.25331e-02 1.07867e-01 1.39115e-01 |
  11787 | 9.77297e+01 8.29134e-03 | 1.25331e-02 1.07867e-01 1.39115e-01 |
  11788 | 9.77380e+01 8.29133e-03 | 1.25331e-02 1.07867e-01 1.39115e-01 |
  11789 | 9.77463e+01 8.29132e-03 | 1.25331e-02 1.07867e-01 1.39115e-01 |
  11790 | 9.77546e+01 8.29132e-03 | 1.25331e-02 1.07867e-01 1.39115e-01 |
  11791 | 9.77629e+01 8.29131e-03 | 1.25331e-02 1.07867e-01 1.39115e-01 |
  11792 | 9.77712e+01 8.29130e-03 | 1.25331e-02 1.07867e-01 1.39115e-01 |
  11793 | 9.77794e+01 8.29130e-03 | 1.25331e-02 1.07867e-01 1.39115e-01 |
  11794 | 9.77877e+01 8.29129e-03 | 1.25331e-02 1.07867e-01 1.39115e-01 |
  11795 | 9.77960e+01 8.29129e-03 | 1.25331e-02 1.07867e-01 1.39115e-01 |
  11796 | 9.78043e+01 8.29128e-03 | 1.25331e-02 1.07867e-01 1.39115e-01 |
  11797 | 9.78126e+01 8.29128e-03 | 1.25331e-02 1.07867e-01 1.39115e-01 |
  11798 | 9.78209e+01 8.29128e-03 | 1.25331e-02 1.07867e-01 1.39115e-01 |
  11799 | 9.78292e+01 8.29127e-03 | 1.25331e-02 1.07867e-01 1.39115e-01 |
  11800 | 9.78375e+01 8.29127e-03 | 1.25331e-02 1.07867e-01 1.39115e-01 |
  11801 | 9.78458e+01 8.29127e-03 | 1.25331e-02 1.07867e-01 1.39115e-01 |
  11802 | 9.78541e+01 8.29127e-03 | 1.25331e-02 1.07867e-01 1.39115e-01 |
  11803 | 9.78624e+01 8.29127e-03 | 1.25331e-02 1.07867e-01 1.39115e-01 |
  11804 | 9.78706e+01 8.29126e-03 | 1.25331e-02 1.07867e-01 1.39115e-01 |
  11805 | 9.78789e+01 8.29126e-03 | 1.25331e-02 1.07867e-01 1.39115e-01 |
  11806 | 9.78872e+01 8.29125e-03 | 1.25331e-02 1.07867e-01 1.39115e-01 |
  11807 | 9.78955e+01 8.29125e-03 | 1.25331e-02 1.07867e-01 1.39115e-01 |
  11808 | 9.79038e+01 8.29125e-03 | 1.25331e-02 1.07867e-01 1.39115e-01 |
  11809 | 9.79121e+01 8.29125e-03 | 1.25331e-02 1.07867e-01 1.39115e-01 |
  11810 | 9.79204e+01 8.29125e-03 | 1.25331e-02 1.07867e-01 1.39115e-01 |
  11811 | 9.79287e+01 8.29125e-03 | 1.25331e-02 1.07867e-01 1.39115e-01 |
  11812 | 9.79370e+01 8.29125e-03 | 1.25331e-02 1.07867e-01 1.39115e-01 |
  11813 | 9.79453e+01 8.29124e-03 | 1.25331e-02 1.07867e-01 1.39115e-01 |
  11814 | 9.79536e+01 8.29125e-03 | 1.25331e-02 1.07867e-01 1.39115e-01 |
  11815 | 9.79619e+01 8.29125e-03 | 1.25331e-02 1.07867e-01 1.39115e-01 |
  11816 | 9.79701e+01 8.29125e-03 | 1.25331e-02 1.07867e-01 1.39115e-01 |
  11817 | 9.79784e+01 8.29125e-03 | 1.25331e-02 1.07867e-01 1.39115e-01 |
  11818 | 9.79867e+01 8.29125e-03 | 1.25331e-02 1.07867e-01 1.39115e-01 |
  11819 | 9.79950e+01 8.29125e-03 | 1.25331e-02 1.07867e-01 1.39115e-01 |
  11820 | 9.80033e+01 8.29126e-03 | 1.25331e-02 1.07867e-01 1.39115e-01 |
  11821 | 9.80116e+01 8.29126e-03 | 1.25331e-02 1.07867e-01 1.39115e-01 |
  11822 | 9.80199e+01 8.29126e-03 | 1.25331e-02 1.07867e-01 1.39115e-01 |
  11823 | 9.80282e+01 8.29127e-03 | 1.25331e-02 1.07867e-01 1.39115e-01 |
  11824 | 9.80365e+01 8.29127e-03 | 1.25331e-02 1.07867e-01 1.39115e-01 |
  11825 | 9.80448e+01 8.29128e-03 | 1.25331e-02 1.07867e-01 1.39115e-01 |
  11826 | 9.80531e+01 8.29128e-03 | 1.25331e-02 1.07867e-01 1.39115e-01 |
  11827 | 9.80613e+01 8.29129e-03 | 1.25331e-02 1.07867e-01 1.39115e-01 |
  11828 | 9.80696e+01 8.29130e-03 | 1.25331e-02 1.07867e-01 1.39115e-01 |
  11829 | 9.80779e+01 8.29130e-03 | 1.25331e-02 1.07867e-01 1.39115e-01 |
  11830 | 9.80862e+01 8.29131e-03 | 1.25331e-02 1.07867e-01 1.39115e-01 |
  11831 | 9.80945e+01 8.29132e-03 | 1.25331e-02 1.07867e-01 1.39115e-01 |
  11832 | 9.81028e+01 8.29133e-03 | 1.25331e-02 1.07867e-01 1.39115e-01 |
  11833 | 9.81111e+01 8.29133e-03 | 1.25331e-02 1.07867e-01 1.39115e-01 |
  11834 | 9.81194e+01 8.29134e-03 | 1.25331e-02 1.07867e-01 1.39115e-01 |
  11835 | 9.81277e+01 8.29135e-03 | 1.25331e-02 1.07867e-01 1.39115e-01 |
  11836 | 9.81360e+01 8.29136e-03 | 1.25331e-02 1.07867e-01 1.39115e-01 |
  11837 | 9.81443e+01 8.29137e-03 | 1.25331e-02 1.07867e-01 1.39115e-01 |
  11838 | 9.81526e+01 8.29138e-03 | 1.25331e-02 1.07867e-01 1.39115e-01 |
  11839 | 9.81608e+01 8.29140e-03 | 1.25331e-02 1.07867e-01 1.39115e-01 |
  11840 | 9.81691e+01 8.29138e-03 | 1.25331e-02 1.07867e-01 1.39115e-01 |
  11841 | 9.81774e+01 8.29137e-03 | 1.25331e-02 1.07867e-01 1.39115e-01 |
  11842 | 9.81857e+01 8.29136e-03 | 1.25331e-02 1.07867e-01 1.39115e-01 |
  11843 | 9.81940e+01 8.29135e-03 | 1.25331e-02 1.07867e-01 1.39115e-01 |
  11844 | 9.82023e+01 8.29134e-03 | 1.25331e-02 1.07867e-01 1.39115e-01 |
  11845 | 9.82106e+01 8.29133e-03 | 1.25331e-02 1.07867e-01 1.39115e-01 |
  11846 | 9.82189e+01 8.29132e-03 | 1.25331e-02 1.07867e-01 1.39115e-01 |
  11847 | 9.82272e+01 8.29132e-03 | 1.25331e-02 1.07867e-01 1.39115e-01 |
  11848 | 9.82355e+01 8.29131e-03 | 1.25331e-02 1.07867e-01 1.39115e-01 |
  11849 | 9.82438e+01 8.29130e-03 | 1.25331e-02 1.07867e-01 1.39115e-01 |
  11850 | 9.82520e+01 8.29129e-03 | 1.25331e-02 1.07867e-01 1.39115e-01 |
  11851 | 9.82603e+01 8.29129e-03 | 1.25331e-02 1.07867e-01 1.39115e-01 |
  11852 | 9.82686e+01 8.29128e-03 | 1.25331e-02 1.07867e-01 1.39115e-01 |
  11853 | 9.82769e+01 8.29127e-03 | 1.25331e-02 1.07867e-01 1.39115e-01 |
  11854 | 9.82852e+01 8.29127e-03 | 1.25331e-02 1.07867e-01 1.39115e-01 |
  11855 | 9.82935e+01 8.29126e-03 | 1.25331e-02 1.07867e-01 1.39115e-01 |
  11856 | 9.83018e+01 8.29126e-03 | 1.25331e-02 1.07867e-01 1.39115e-01 |
  11857 | 9.83101e+01 8.29125e-03 | 1.25331e-02 1.07867e-01 1.39115e-01 |
  11858 | 9.83184e+01 8.29125e-03 | 1.25331e-02 1.07867e-01 1.39115e-01 |
  11859 | 9.83267e+01 8.29125e-03 | 1.25331e-02 1.07867e-01 1.39115e-01 |
  11860 | 9.83350e+01 8.29124e-03 | 1.25331e-02 1.07867e-01 1.39115e-01 |
  11861 | 9.83433e+01 8.29124e-03 | 1.25331e-02 1.07867e-01 1.39115e-01 |
  11862 | 9.83515e+01 8.29124e-03 | 1.25331e-02 1.07867e-01 1.39115e-01 |
  11863 | 9.83598e+01 8.29124e-03 | 1.25331e-02 1.07867e-01 1.39115e-01 |
  11864 | 9.83681e+01 8.29124e-03 | 1.25331e-02 1.07867e-01 1.39115e-01 |
  11865 | 9.83764e+01 8.29124e-03 | 1.25331e-02 1.07867e-01 1.39115e-01 |
  11866 | 9.83847e+01 8.29123e-03 | 1.25331e-02 1.07867e-01 1.39115e-01 |
  11867 | 9.83930e+01 8.29124e-03 | 1.25331e-02 1.07867e-01 1.39115e-01 |
  11868 | 9.84013e+01 8.29124e-03 | 1.25331e-02 1.07867e-01 1.39115e-01 |
  11869 | 9.84096e+01 8.29124e-03 | 1.25331e-02 1.07867e-01 1.39115e-01 |
  11870 | 9.84179e+01 8.29124e-03 | 1.25331e-02 1.07867e-01 1.39115e-01 |
  11871 | 9.84262e+01 8.29124e-03 | 1.25331e-02 1.07867e-01 1.39115e-01 |
  11872 | 9.84345e+01 8.29124e-03 | 1.25331e-02 1.07867e-01 1.39115e-01 |
  11873 | 9.84427e+01 8.29125e-03 | 1.25331e-02 1.07867e-01 1.39115e-01 |
  11874 | 9.84510e+01 8.29125e-03 | 1.25331e-02 1.07867e-01 1.39115e-01 |
  11875 | 9.84593e+01 8.29125e-03 | 1.25331e-02 1.07867e-01 1.39115e-01 |
  11876 | 9.84676e+01 8.29126e-03 | 1.25331e-02 1.07867e-01 1.39115e-01 |
  11877 | 9.84759e+01 8.29126e-03 | 1.25331e-02 1.07867e-01 1.39115e-01 |
  11878 | 9.84842e+01 8.29127e-03 | 1.25331e-02 1.07867e-01 1.39115e-01 |
  11879 | 9.84925e+01 8.29127e-03 | 1.25331e-02 1.07867e-01 1.39115e-01 |
  11880 | 9.85008e+01 8.29128e-03 | 1.25331e-02 1.07867e-01 1.39115e-01 |
  11881 | 9.85091e+01 8.29128e-03 | 1.25331e-02 1.07867e-01 1.39115e-01 |
  11882 | 9.85174e+01 8.29129e-03 | 1.25331e-02 1.07867e-01 1.39115e-01 |
  11883 | 9.85257e+01 8.29130e-03 | 1.25331e-02 1.07867e-01 1.39115e-01 |
  11884 | 9.85339e+01 8.29130e-03 | 1.25331e-02 1.07867e-01 1.39115e-01 |
  11885 | 9.85422e+01 8.29131e-03 | 1.25331e-02 1.07867e-01 1.39115e-01 |
  11886 | 9.85505e+01 8.29132e-03 | 1.25331e-02 1.07867e-01 1.39115e-01 |
  11887 | 9.85588e+01 8.29133e-03 | 1.25331e-02 1.07867e-01 1.39115e-01 |
  11888 | 9.85671e+01 8.29134e-03 | 1.25331e-02 1.07867e-01 1.39115e-01 |
  11889 | 9.85754e+01 8.29135e-03 | 1.25331e-02 1.07867e-01 1.39115e-01 |
  11890 | 9.85837e+01 8.29136e-03 | 1.25331e-02 1.07867e-01 1.39115e-01 |
  11891 | 9.85920e+01 8.29137e-03 | 1.25331e-02 1.07867e-01 1.39115e-01 |
  11892 | 9.86003e+01 8.29138e-03 | 1.25331e-02 1.07867e-01 1.39115e-01 |
  11893 | 9.86086e+01 8.29139e-03 | 1.25331e-02 1.07867e-01 1.39115e-01 |
  11894 | 9.86169e+01 8.29140e-03 | 1.25331e-02 1.07867e-01 1.39115e-01 |
  11895 | 9.86252e+01 8.29141e-03 | 1.25331e-02 1.07867e-01 1.39115e-01 |
  11896 | 9.86334e+01 8.29140e-03 | 1.25331e-02 1.07867e-01 1.39115e-01 |
  11897 | 9.86417e+01 8.29139e-03 | 1.25331e-02 1.07867e-01 1.39115e-01 |
  11898 | 9.86500e+01 8.29138e-03 | 1.25331e-02 1.07867e-01 1.39115e-01 |
  11899 | 9.86583e+01 8.29137e-03 | 1.25331e-02 1.07867e-01 1.39115e-01 |
  11900 | 9.86666e+01 8.29135e-03 | 1.25331e-02 1.07867e-01 1.39115e-01 |
  11901 | 9.86749e+01 8.29135e-03 | 1.25331e-02 1.07867e-01 1.39115e-01 |
  11902 | 9.86832e+01 8.29134e-03 | 1.25331e-02 1.07867e-01 1.39115e-01 |
  11903 | 9.86915e+01 8.29133e-03 | 1.25331e-02 1.07867e-01 1.39115e-01 |
  11904 | 9.86998e+01 8.29132e-03 | 1.25331e-02 1.07867e-01 1.39115e-01 |
  11905 | 9.87081e+01 8.29131e-03 | 1.25331e-02 1.07867e-01 1.39115e-01 |
  11906 | 9.87164e+01 8.29130e-03 | 1.25331e-02 1.07867e-01 1.39115e-01 |
  11907 | 9.87247e+01 8.29130e-03 | 1.25331e-02 1.07867e-01 1.39115e-01 |
  11908 | 9.87329e+01 8.29129e-03 | 1.25331e-02 1.07867e-01 1.39115e-01 |
  11909 | 9.87412e+01 8.29128e-03 | 1.25331e-02 1.07867e-01 1.39115e-01 |
  11910 | 9.87495e+01 8.29128e-03 | 1.25331e-02 1.07867e-01 1.39115e-01 |
  11911 | 9.87578e+01 8.29127e-03 | 1.25331e-02 1.07867e-01 1.39115e-01 |
  11912 | 9.87661e+01 8.29127e-03 | 1.25331e-02 1.07867e-01 1.39115e-01 |
  11913 | 9.87744e+01 8.29126e-03 | 1.25331e-02 1.07867e-01 1.39115e-01 |
  11914 | 9.87827e+01 8.29126e-03 | 1.25331e-02 1.07867e-01 1.39115e-01 |
  11915 | 9.87910e+01 8.29125e-03 | 1.25331e-02 1.07867e-01 1.39115e-01 |
  11916 | 9.87993e+01 8.29125e-03 | 1.25331e-02 1.07867e-01 1.39115e-01 |
  11917 | 9.88076e+01 8.29125e-03 | 1.25331e-02 1.07867e-01 1.39115e-01 |
  11918 | 9.88159e+01 8.29125e-03 | 1.25331e-02 1.07867e-01 1.39115e-01 |
  11919 | 9.88241e+01 8.29124e-03 | 1.25331e-02 1.07867e-01 1.39115e-01 |
  11920 | 9.88324e+01 8.29124e-03 | 1.25331e-02 1.07867e-01 1.39115e-01 |
  11921 | 9.88407e+01 8.29124e-03 | 1.25331e-02 1.07867e-01 1.39115e-01 |
  11922 | 9.88490e+01 8.29124e-03 | 1.25331e-02 1.07867e-01 1.39115e-01 |
  11923 | 9.88573e+01 8.29124e-03 | 1.25331e-02 1.07867e-01 1.39115e-01 |
  11924 | 9.88656e+01 8.29124e-03 | 1.25331e-02 1.07867e-01 1.39115e-01 |
  11925 | 9.88739e+01 8.29124e-03 | 1.25331e-02 1.07867e-01 1.39115e-01 |
  11926 | 9.88822e+01 8.29124e-03 | 1.25331e-02 1.07867e-01 1.39115e-01 |
  11927 | 9.88905e+01 8.29125e-03 | 1.25331e-02 1.07867e-01 1.39115e-01 |
  11928 | 9.88988e+01 8.29125e-03 | 1.25331e-02 1.07867e-01 1.39115e-01 |
  11929 | 9.89071e+01 8.29125e-03 | 1.25331e-02 1.07867e-01 1.39115e-01 |
  11930 | 9.89153e+01 8.29125e-03 | 1.25331e-02 1.07867e-01 1.39115e-01 |
  11931 | 9.89236e+01 8.29126e-03 | 1.25331e-02 1.07867e-01 1.39115e-01 |
  11932 | 9.89319e+01 8.29126e-03 | 1.25331e-02 1.07867e-01 1.39115e-01 |
  11933 | 9.89402e+01 8.29126e-03 | 1.25331e-02 1.07867e-01 1.39115e-01 |
  11934 | 9.89485e+01 8.29127e-03 | 1.25331e-02 1.07867e-01 1.39115e-01 |
  11935 | 9.89568e+01 8.29127e-03 | 1.25331e-02 1.07867e-01 1.39115e-01 |
  11936 | 9.89651e+01 8.29128e-03 | 1.25331e-02 1.07867e-01 1.39115e-01 |
  11937 | 9.89734e+01 8.29129e-03 | 1.25331e-02 1.07867e-01 1.39115e-01 |
  11938 | 9.89817e+01 8.29129e-03 | 1.25331e-02 1.07867e-01 1.39115e-01 |
  11939 | 9.89900e+01 8.29130e-03 | 1.25331e-02 1.07867e-01 1.39115e-01 |
  11940 | 9.89983e+01 8.29131e-03 | 1.25331e-02 1.07867e-01 1.39115e-01 |
  11941 | 9.90066e+01 8.29131e-03 | 1.25331e-02 1.07867e-01 1.39115e-01 |
  11942 | 9.90148e+01 8.29132e-03 | 1.25331e-02 1.07867e-01 1.39115e-01 |
  11943 | 9.90231e+01 8.29133e-03 | 1.25331e-02 1.07867e-01 1.39115e-01 |
  11944 | 9.90314e+01 8.29134e-03 | 1.25331e-02 1.07867e-01 1.39115e-01 |
  11945 | 9.90397e+01 8.29135e-03 | 1.25331e-02 1.07867e-01 1.39115e-01 |
  11946 | 9.90480e+01 8.29136e-03 | 1.25331e-02 1.07867e-01 1.39115e-01 |
  11947 | 9.90563e+01 8.29137e-03 | 1.25331e-02 1.07867e-01 1.39115e-01 |
  11948 | 9.90646e+01 8.29138e-03 | 1.25331e-02 1.07867e-01 1.39115e-01 |
  11949 | 9.90729e+01 8.29139e-03 | 1.25331e-02 1.07867e-01 1.39115e-01 |
  11950 | 9.90812e+01 8.29138e-03 | 1.25331e-02 1.07867e-01 1.39115e-01 |
  11951 | 9.90895e+01 8.29137e-03 | 1.25331e-02 1.07867e-01 1.39115e-01 |
  11952 | 9.90978e+01 8.29136e-03 | 1.25331e-02 1.07867e-01 1.39115e-01 |
  11953 | 9.91061e+01 8.29135e-03 | 1.25331e-02 1.07867e-01 1.39115e-01 |
  11954 | 9.91143e+01 8.29134e-03 | 1.25331e-02 1.07867e-01 1.39115e-01 |
  11955 | 9.91226e+01 8.29133e-03 | 1.25331e-02 1.07867e-01 1.39115e-01 |
  11956 | 9.91309e+01 8.29132e-03 | 1.25331e-02 1.07867e-01 1.39115e-01 |
  11957 | 9.91392e+01 8.29131e-03 | 1.25331e-02 1.07867e-01 1.39115e-01 |
  11958 | 9.91475e+01 8.29131e-03 | 1.25331e-02 1.07867e-01 1.39115e-01 |
  11959 | 9.91558e+01 8.29130e-03 | 1.25331e-02 1.07867e-01 1.39115e-01 |
  11960 | 9.91641e+01 8.29129e-03 | 1.25331e-02 1.07867e-01 1.39115e-01 |
  11961 | 9.91724e+01 8.29128e-03 | 1.25331e-02 1.07867e-01 1.39115e-01 |
  11962 | 9.91807e+01 8.29128e-03 | 1.25331e-02 1.07867e-01 1.39115e-01 |
  11963 | 9.91890e+01 8.29127e-03 | 1.25331e-02 1.07867e-01 1.39115e-01 |
  11964 | 9.91973e+01 8.29127e-03 | 1.25331e-02 1.07867e-01 1.39115e-01 |
  11965 | 9.92055e+01 8.29126e-03 | 1.25331e-02 1.07867e-01 1.39115e-01 |
  11966 | 9.92138e+01 8.29126e-03 | 1.25331e-02 1.07867e-01 1.39115e-01 |
  11967 | 9.92221e+01 8.29125e-03 | 1.25331e-02 1.07867e-01 1.39115e-01 |
  11968 | 9.92304e+01 8.29125e-03 | 1.25331e-02 1.07867e-01 1.39115e-01 |
  11969 | 9.92387e+01 8.29125e-03 | 1.25331e-02 1.07867e-01 1.39115e-01 |
  11970 | 9.92470e+01 8.29124e-03 | 1.25331e-02 1.07867e-01 1.39115e-01 |
  11971 | 9.92553e+01 8.29124e-03 | 1.25331e-02 1.07867e-01 1.39115e-01 |
  11972 | 9.92636e+01 8.29124e-03 | 1.25331e-02 1.07867e-01 1.39115e-01 |
  11973 | 9.92719e+01 8.29124e-03 | 1.25331e-02 1.07867e-01 1.39115e-01 |
  11974 | 9.92802e+01 8.29124e-03 | 1.25331e-02 1.07867e-01 1.39115e-01 |
  11975 | 9.92885e+01 8.29123e-03 | 1.25331e-02 1.07867e-01 1.39115e-01 |
  11976 | 9.92967e+01 8.29123e-03 | 1.25331e-02 1.07867e-01 1.39115e-01 |
  11977 | 9.93050e+01 8.29123e-03 | 1.25331e-02 1.07867e-01 1.39115e-01 |
  11978 | 9.93133e+01 8.29123e-03 | 1.25331e-02 1.07867e-01 1.39115e-01 |
  11979 | 9.93216e+01 8.29124e-03 | 1.25331e-02 1.07867e-01 1.39115e-01 |
  11980 | 9.93299e+01 8.29124e-03 | 1.25331e-02 1.07867e-01 1.39115e-01 |
  11981 | 9.93382e+01 8.29124e-03 | 1.25331e-02 1.07867e-01 1.39115e-01 |
  11982 | 9.93465e+01 8.29124e-03 | 1.25331e-02 1.07867e-01 1.39115e-01 |
  11983 | 9.93548e+01 8.29124e-03 | 1.25331e-02 1.07867e-01 1.39115e-01 |
  11984 | 9.93631e+01 8.29125e-03 | 1.25331e-02 1.07867e-01 1.39115e-01 |
  11985 | 9.93714e+01 8.29125e-03 | 1.25331e-02 1.07867e-01 1.39115e-01 |
  11986 | 9.93797e+01 8.29126e-03 | 1.25331e-02 1.07867e-01 1.39115e-01 |
  11987 | 9.93880e+01 8.29126e-03 | 1.25331e-02 1.07867e-01 1.39115e-01 |
  11988 | 9.93962e+01 8.29127e-03 | 1.25331e-02 1.07867e-01 1.39115e-01 |
  11989 | 9.94045e+01 8.29127e-03 | 1.25331e-02 1.07867e-01 1.39115e-01 |
  11990 | 9.94128e+01 8.29128e-03 | 1.25331e-02 1.07867e-01 1.39115e-01 |
  11991 | 9.94211e+01 8.29128e-03 | 1.25331e-02 1.07867e-01 1.39115e-01 |
  11992 | 9.94294e+01 8.29129e-03 | 1.25331e-02 1.07867e-01 1.39115e-01 |
  11993 | 9.94377e+01 8.29130e-03 | 1.25331e-02 1.07867e-01 1.39115e-01 |
  11994 | 9.94460e+01 8.29130e-03 | 1.25331e-02 1.07867e-01 1.39115e-01 |
  11995 | 9.94543e+01 8.29131e-03 | 1.25331e-02 1.07867e-01 1.39115e-01 |
  11996 | 9.94626e+01 8.29132e-03 | 1.25331e-02 1.07867e-01 1.39115e-01 |
  11997 | 9.94709e+01 8.29133e-03 | 1.25331e-02 1.07867e-01 1.39115e-01 |
  11998 | 9.94792e+01 8.29134e-03 | 1.25331e-02 1.07867e-01 1.39115e-01 |
  11999 | 9.94874e+01 8.29135e-03 | 1.25331e-02 1.07867e-01 1.39115e-01 |
  12000 | 9.94957e+01 8.29136e-03 | 1.25331e-02 1.07867e-01 1.39115e-01 |
  12001 | 9.95040e+01 8.29137e-03 | 1.25331e-02 1.07867e-01 1.39115e-01 |
  12002 | 9.95123e+01 8.29138e-03 | 1.25331e-02 1.07867e-01 1.39115e-01 |
  12003 | 9.95206e+01 8.29139e-03 | 1.25331e-02 1.07867e-01 1.39115e-01 |
  12004 | 9.95289e+01 8.29140e-03 | 1.25331e-02 1.07867e-01 1.39115e-01 |
  12005 | 9.95372e+01 8.29142e-03 | 1.25331e-02 1.07867e-01 1.39115e-01 |
  12006 | 9.95455e+01 8.29143e-03 | 1.25331e-02 1.07867e-01 1.39115e-01 |
  12007 | 9.95538e+01 8.29144e-03 | 1.25331e-02 1.07867e-01 1.39115e-01 |
  12008 | 9.95621e+01 8.29146e-03 | 1.25331e-02 1.07867e-01 1.39115e-01 |
  12009 | 9.95704e+01 8.29146e-03 | 1.25331e-02 1.07867e-01 1.39115e-01 |
  12010 | 9.95787e+01 8.29145e-03 | 1.25331e-02 1.07867e-01 1.39115e-01 |
  12011 | 9.95869e+01 8.29144e-03 | 1.25331e-02 1.07867e-01 1.39115e-01 |
[DELETEMATRIX] !
[DELETEMATRIX] !
[DELETEMATRIX] !
[DELETEMATRIX] !
[DELETEMATRIX] !
[DELETEMATRIX] !
[DELETEMATRIX] !
[DELETEMATRIX] !
[DELETEMATRIX] !
[DELETEMATRIX] !
[DELETEMATRIX] !
[DELETEMATRIX] !
[DELETEMATRIX] !
[DELETEMATRIX] !
[DELETEMATRIX] !
[DELETEMATRIX] !
[DELETEMATRIX] !
[DELETEMATRIX] !
[DELETEMATRIX] !
[DELETEMATRIX] !
[DELETEMATRIX] !
[DELETEMATRIX] !
[DELETEMATRIX] !
[DELETEMATRIX] !
[DELETEMATRIX] !
[DELETEMATRIX] !
[DELETEMATRIX] !
[DELETEMATRIX] !
[DELETEMATRIX] !
[DELETEMATRIX] !
[DELETEMATRIX] !
[DELETEMATRIX] !
[DELETEMATRIX] !
[DELETEMATRIX] !
[DELETEMATRIX] !
[DELETEMATRIX] !
[DELETEMATRIX] !
[DELETEMATRIX] !
[DELETEMATRIX] !
[DELETEMATRIX] !
[DELETEMATRIX] !
[DELETEMATRIX] !
[DELETEMATRIX] !
[DELETEMATRIX] !
[DELETEMATRIX] !
[DELETEMATRIX] !
[DELETEMATRIX] !
[DELETEMATRIX] !
[DELETEMATRIX] !
[DELETEMATRIX] !
[DELETEMATRIX] !
[DELETEMATRIX] !
[DELETEMATRIX] !
[DELETEMATRIX] !
[DELETEMATRIX] !
[DELETEMATRIX] !
[DELETEMATRIX] !
  12012 | 9.95952e+01 8.29143e-03 | 1.25331e-02 1.07867e-01 1.39115e-01 |
  12013 | 9.96035e+01 8.29142e-03 | 1.25331e-02 1.07867e-01 1.39115e-01 |
  12014 | 9.96118e+01 8.29141e-03 | 1.25331e-02 1.07867e-01 1.39115e-01 |
  12015 | 9.96201e+01 8.29140e-03 | 1.25331e-02 1.07867e-01 1.39115e-01 |
  12016 | 9.96284e+01 8.29139e-03 | 1.25331e-02 1.07867e-01 1.39115e-01 |
  12017 | 9.96367e+01 8.29138e-03 | 1.25331e-02 1.07867e-01 1.39115e-01 |
  12018 | 9.96450e+01 8.29137e-03 | 1.25331e-02 1.07867e-01 1.39115e-01 |
  12019 | 9.96533e+01 8.29136e-03 | 1.25331e-02 1.07867e-01 1.39115e-01 |
  12020 | 9.96616e+01 8.29135e-03 | 1.25331e-02 1.07867e-01 1.39115e-01 |
  12021 | 9.96699e+01 8.29135e-03 | 1.25331e-02 1.07867e-01 1.39115e-01 |
  12022 | 9.96782e+01 8.29134e-03 | 1.25331e-02 1.07867e-01 1.39115e-01 |
  12023 | 9.96864e+01 8.29133e-03 | 1.25331e-02 1.07867e-01 1.39115e-01 |
  12024 | 9.96947e+01 8.29133e-03 | 1.25331e-02 1.07867e-01 1.39115e-01 |
  12025 | 9.97030e+01 8.29132e-03 | 1.25331e-02 1.07867e-01 1.39115e-01 |
  12026 | 9.97113e+01 8.29132e-03 | 1.25331e-02 1.07867e-01 1.39115e-01 |
  12027 | 9.97196e+01 8.29131e-03 | 1.25331e-02 1.07867e-01 1.39115e-01 |
  12028 | 9.97279e+01 8.29131e-03 | 1.25331e-02 1.07867e-01 1.39115e-01 |
  12029 | 9.97362e+01 8.29131e-03 | 1.25331e-02 1.07867e-01 1.39115e-01 |
  12030 | 9.97445e+01 8.29130e-03 | 1.25331e-02 1.07867e-01 1.39115e-01 |
  12031 | 9.97528e+01 8.29130e-03 | 1.25331e-02 1.07867e-01 1.39115e-01 |
  12032 | 9.97611e+01 8.29130e-03 | 1.25331e-02 1.07867e-01 1.39115e-01 |
  12033 | 9.97694e+01 8.29129e-03 | 1.25331e-02 1.07867e-01 1.39115e-01 |
  12034 | 9.97776e+01 8.29129e-03 | 1.25331e-02 1.07867e-01 1.39115e-01 |
  12035 | 9.97859e+01 8.29129e-03 | 1.25331e-02 1.07867e-01 1.39115e-01 |
  12036 | 9.97942e+01 8.29129e-03 | 1.25331e-02 1.07867e-01 1.39115e-01 |
  12037 | 9.98025e+01 8.29129e-03 | 1.25331e-02 1.07867e-01 1.39115e-01 |
  12038 | 9.98108e+01 8.29129e-03 | 1.25331e-02 1.07867e-01 1.39115e-01 |
  12039 | 9.98191e+01 8.29129e-03 | 1.25331e-02 1.07867e-01 1.39115e-01 |
  12040 | 9.98274e+01 8.29129e-03 | 1.25331e-02 1.07867e-01 1.39115e-01 |
  12041 | 9.98357e+01 8.29129e-03 | 1.25331e-02 1.07867e-01 1.39115e-01 |
  12042 | 9.98440e+01 8.29130e-03 | 1.25331e-02 1.07867e-01 1.39115e-01 |
  12043 | 9.98523e+01 8.29130e-03 | 1.25331e-02 1.07867e-01 1.39115e-01 |
  12044 | 9.98606e+01 8.29130e-03 | 1.25331e-02 1.07867e-01 1.39115e-01 |
  12045 | 9.98689e+01 8.29131e-03 | 1.25331e-02 1.07867e-01 1.39115e-01 |
  12046 | 9.98771e+01 8.29131e-03 | 1.25331e-02 1.07867e-01 1.39115e-01 |
  12047 | 9.98854e+01 8.29131e-03 | 1.25331e-02 1.07867e-01 1.39115e-01 |
  12048 | 9.98937e+01 8.29132e-03 | 1.25331e-02 1.07867e-01 1.39115e-01 |
  12049 | 9.99020e+01 8.29132e-03 | 1.25331e-02 1.07867e-01 1.39115e-01 |
  12050 | 9.99103e+01 8.29133e-03 | 1.25331e-02 1.07867e-01 1.39115e-01 |
  12051 | 9.99186e+01 8.29133e-03 | 1.25331e-02 1.07867e-01 1.39115e-01 |
  12052 | 9.99269e+01 8.29134e-03 | 1.25331e-02 1.07867e-01 1.39115e-01 |
  12053 | 9.99352e+01 8.29135e-03 | 1.25331e-02 1.07867e-01 1.39115e-01 |
  12054 | 9.99435e+01 8.29135e-03 | 1.25331e-02 1.07867e-01 1.39115e-01 |
  12055 | 9.99518e+01 8.29136e-03 | 1.25331e-02 1.07867e-01 1.39115e-01 |
  12056 | 9.99601e+01 8.29137e-03 | 1.25331e-02 1.07867e-01 1.39115e-01 |
  12057 | 9.99683e+01 8.29138e-03 | 1.25331e-02 1.07867e-01 1.39115e-01 |
  12058 | 9.99766e+01 8.29139e-03 | 1.25331e-02 1.07867e-01 1.39115e-01 |
  12059 | 9.99849e+01 8.29138e-03 | 1.25331e-02 1.07867e-01 1.39115e-01 |
  12060 | 9.99932e+01 8.29138e-03 | 1.25331e-02 1.07867e-01 1.39115e-01 |
  12061 | 1.00000e+02 6.77904e-03 | 1.25331e-02 1.07867e-01 1.39115e-01 |
        | ----------- ----------- | ----------- ----------- ----------- |
        | ----------- ----------- | 1.99173e-10 1.35582e-09 4.53996e-09 | => l1-error norm
        | ----------- 2.20971e-01 | 2.04590e-08 7.88323e-08 6.48931e-08 | => l2-error norm
[DELETEMATRIX] !
[DELETEMATRIX] !
[DELETEMATRIX] !
[DELETEMATRIX] !
[DELETEMATRIX] !
[DELETEMATRIX] !
[DELETEMATRIX] !
srun: Received task exit notification for 64 tasks of StepId=347285.0 (status=0x0000).
srun: hpc-fat05: tasks 0-63: Completed
