srun: defined options
srun: -------------------- --------------------
srun: (null)              : hpc-fat04
srun: cpu-bind            : cores,verbose
srun: cpus-per-task       : 1
srun: distribution        : cyclic:cyclic
srun: exact               : set
srun: jobid               : 350612
srun: job-name            : Vortexbath
srun: mem-per-cpu         : 4G
srun: mpi                 : pmix_v5
srun: nodes               : 1
srun: ntasks              : 64
srun: oom-kill-step       : 0
srun: tres-per-task       : cpu=1
srun: verbose             : 1
srun: -------------------- --------------------
srun: end of defined options
srun: jobid 350612: nodes(1):`hpc-fat04', cpu counts: 64(x1)
srun: CpuBindType=verbose,cores
srun: launching StepId=350612.0 on host hpc-fat04, 64 tasks: [0-63]
cpu-bind=MASK - hpc-fat04, task  0  0 [3396947]: mask 0x1 set
cpu-bind=MASK - hpc-fat04, task  1  1 [3396948]: mask 0x10000 set
cpu-bind=MASK - hpc-fat04, task  2  2 [3396949]: mask 0x10000000000000000 set
cpu-bind=MASK - hpc-fat04, task  3  3 [3396950]: mask 0x100000000000000000000 set
cpu-bind=MASK - hpc-fat04, task  4  4 [3396951]: mask 0x2 set
cpu-bind=MASK - hpc-fat04, task  5  5 [3396952]: mask 0x20000 set
cpu-bind=MASK - hpc-fat04, task  6  6 [3396954]: mask 0x20000000000000000 set
cpu-bind=MASK - hpc-fat04, task  7  7 [3396955]: mask 0x200000000000000000000 set
cpu-bind=MASK - hpc-fat04, task  8  8 [3396956]: mask 0x4 set
cpu-bind=MASK - hpc-fat04, task  9  9 [3396958]: mask 0x40000 set
cpu-bind=MASK - hpc-fat04, task 10 10 [3396960]: mask 0x40000000000000000 set
cpu-bind=MASK - hpc-fat04, task 11 11 [3396962]: mask 0x400000000000000000000 set
cpu-bind=MASK - hpc-fat04, task 12 12 [3396964]: mask 0x8 set
cpu-bind=MASK - hpc-fat04, task 13 13 [3396966]: mask 0x80000 set
cpu-bind=MASK - hpc-fat04, task 14 14 [3396968]: mask 0x80000000000000000 set
cpu-bind=MASK - hpc-fat04, task 15 15 [3396971]: mask 0x800000000000000000000 set
cpu-bind=MASK - hpc-fat04, task 16 16 [3396973]: mask 0x10 set
cpu-bind=MASK - hpc-fat04, task 17 17 [3396975]: mask 0x100000 set
cpu-bind=MASK - hpc-fat04, task 18 18 [3396977]: mask 0x100000000000000000 set
cpu-bind=MASK - hpc-fat04, task 19 19 [3396979]: mask 0x1000000000000000000000 set
cpu-bind=MASK - hpc-fat04, task 20 20 [3396981]: mask 0x20 set
cpu-bind=MASK - hpc-fat04, task 21 21 [3396983]: mask 0x200000 set
cpu-bind=MASK - hpc-fat04, task 22 22 [3396986]: mask 0x200000000000000000 set
cpu-bind=MASK - hpc-fat04, task 23 23 [3396988]: mask 0x2000000000000000000000 set
cpu-bind=MASK - hpc-fat04, task 24 24 [3396990]: mask 0x40 set
cpu-bind=MASK - hpc-fat04, task 25 25 [3396992]: mask 0x400000 set
cpu-bind=MASK - hpc-fat04, task 26 26 [3396994]: mask 0x400000000000000000 set
cpu-bind=MASK - hpc-fat04, task 27 27 [3396996]: mask 0x4000000000000000000000 set
cpu-bind=MASK - hpc-fat04, task 28 28 [3396998]: mask 0x80 set
cpu-bind=MASK - hpc-fat04, task 29 29 [3397000]: mask 0x800000 set
cpu-bind=MASK - hpc-fat04, task 30 30 [3397002]: mask 0x800000000000000000 set
cpu-bind=MASK - hpc-fat04, task 31 31 [3397005]: mask 0x8000000000000000000000 set
cpu-bind=MASK - hpc-fat04, task 32 32 [3397007]: mask 0x100 set
cpu-bind=MASK - hpc-fat04, task 33 33 [3397009]: mask 0x1000000 set
cpu-bind=MASK - hpc-fat04, task 34 34 [3397011]: mask 0x1000000000000000000 set
cpu-bind=MASK - hpc-fat04, task 35 35 [3397013]: mask 0x10000000000000000000000 set
cpu-bind=MASK - hpc-fat04, task 36 36 [3397015]: mask 0x200 set
cpu-bind=MASK - hpc-fat04, task 37 37 [3397017]: mask 0x2000000 set
cpu-bind=MASK - hpc-fat04, task 38 38 [3397020]: mask 0x2000000000000000000 set
cpu-bind=MASK - hpc-fat04, task 39 39 [3397022]: mask 0x20000000000000000000000 set
cpu-bind=MASK - hpc-fat04, task 40 40 [3397024]: mask 0x400 set
cpu-bind=MASK - hpc-fat04, task 41 41 [3397026]: mask 0x4000000 set
cpu-bind=MASK - hpc-fat04, task 42 42 [3397028]: mask 0x4000000000000000000 set
cpu-bind=MASK - hpc-fat04, task 43 43 [3397030]: mask 0x40000000000000000000000 set
cpu-bind=MASK - hpc-fat04, task 44 44 [3397032]: mask 0x800 set
cpu-bind=MASK - hpc-fat04, task 45 45 [3397034]: mask 0x8000000 set
cpu-bind=MASK - hpc-fat04, task 46 46 [3397036]: mask 0x8000000000000000000 set
cpu-bind=MASK - hpc-fat04, task 47 47 [3397038]: mask 0x80000000000000000000000 set
cpu-bind=MASK - hpc-fat04, task 48 48 [3397041]: mask 0x1000 set
cpu-bind=MASK - hpc-fat04, task 49 49 [3397043]: mask 0x10000000 set
cpu-bind=MASK - hpc-fat04, task 50 50 [3397045]: mask 0x10000000000000000000 set
cpu-bind=MASK - hpc-fat04, task 51 51 [3397047]: mask 0x100000000000000000000000 set
cpu-bind=MASK - hpc-fat04, task 52 52 [3397049]: mask 0x2000 set
cpu-bind=MASK - hpc-fat04, task 53 53 [3397051]: mask 0x20000000 set
cpu-bind=MASK - hpc-fat04, task 54 54 [3397053]: mask 0x20000000000000000000 set
cpu-bind=MASK - hpc-fat04, task 55 55 [3397055]: mask 0x200000000000000000000000 set
cpu-bind=MASK - hpc-fat04, task 56 56 [3397057]: mask 0x4000 set
cpu-bind=MASK - hpc-fat04, task 57 57 [3397059]: mask 0x40000000 set
cpu-bind=MASK - hpc-fat04, task 58 58 [3397061]: mask 0x40000000000000000000 set
cpu-bind=MASK - hpc-fat04, task 59 59 [3397063]: mask 0x400000000000000000000000 set
cpu-bind=MASK - hpc-fat04, task 60 60 [3397065]: mask 0x8000 set
cpu-bind=MASK - hpc-fat04, task 61 61 [3397067]: mask 0x80000000 set
cpu-bind=MASK - hpc-fat04, task 62 62 [3397069]: mask 0x80000000000000000000 set
cpu-bind=MASK - hpc-fat04, task 63 63 [3397071]: mask 0x800000000000000000000000 set
srun: Node hpc-fat04, 64 tasks started
Data {
  aerosol.linearsolver : PETSc
  discretisation.femtype : Lagrange
  discretisation.numericalflux : WbswLaxFriedrichs
  io.mesh_file : /gpfs/scratch/fortetenreiro/run/Vortex/msh/Vortex_5.msh
  io.mesh_format : ParaGMSH
  io.output_format : HDF5
  io.output_path : /gpfs/scratch/fortetenreiro/run/Vortexbath/visu/R0_M5_P3
  io.restartPath : /gpfs/scratch/fortetenreiro/run/Vortexbath/restart/R0_M5_P3
  io.restartPrefix : restart
  io.visutype : cells
  model.bathymetry : 1;0;ICBC
  model.manning : 1;0;ICBC;CONSTANT;0.00
  model.name : ShallowWater
  testcase.name : Vortexbath
  time.inittype : interpolation
  time.name : RK-4-4
  time.type : cfl
  xml_config_file : /gpfs/scratch/fortetenreiro/run/Vortexbath/xml/R0_M5_P3.xml
  MPI.prank : 0
  MPI.psize : 64
  aerosol.debug : 0
  discretisation.continuous : 0
  discretisation.degree : 3
  io.active : 0
  io.conservativeVariables : 3
  io.mesh_dimension : 2
  io.prepartitioning : 0
  io.redistribution : 1
  io.scalab : 0
  model.dispersion : 0
  model.g : 1
  model.h0 : 1
  time.CFL : 0.145
  time.tmax : 100
}

(0): ERROR: _PAMPAdmeshCheck: no check could be done with flag PAMPA_OVLP_NOGT enabled
(1): ERROR: _PAMPAdmeshCheck: no check could be done with flag PAMPA_OVLP_NOGT enabled
(2): ERROR: _PAMPAdmeshCheck: no check could be done with flag PAMPA_OVLP_NOGT enabled
(3): ERROR: _PAMPAdmeshCheck: no check could be done with flag PAMPA_OVLP_NOGT enabled
(4): ERROR: _PAMPAdmeshCheck: no check could be done with flag PAMPA_OVLP_NOGT enabled
(5): ERROR: _PAMPAdmeshCheck: no check could be done with flag PAMPA_OVLP_NOGT enabled
(6): ERROR: _PAMPAdmeshCheck: no check could be done with flag PAMPA_OVLP_NOGT enabled
(7): ERROR: _PAMPAdmeshCheck: no check could be done with flag PAMPA_OVLP_NOGT enabled
(8): ERROR: _PAMPAdmeshCheck: no check could be done with flag PAMPA_OVLP_NOGT enabled
(9): ERROR: _PAMPAdmeshCheck: no check could be done with flag PAMPA_OVLP_NOGT enabled
(10): ERROR: _PAMPAdmeshCheck: no check could be done with flag PAMPA_OVLP_NOGT enabled
(11): ERROR: _PAMPAdmeshCheck: no check could be done with flag PAMPA_OVLP_NOGT enabled
(12): ERROR: _PAMPAdmeshCheck: no check could be done with flag PAMPA_OVLP_NOGT enabled
(13): ERROR: _PAMPAdmeshCheck: no check could be done with flag PAMPA_OVLP_NOGT enabled
(14): ERROR: _PAMPAdmeshCheck: no check could be done with flag PAMPA_OVLP_NOGT enabled
(15): ERROR: _PAMPAdmeshCheck: no check could be done with flag PAMPA_OVLP_NOGT enabled
(16): ERROR: _PAMPAdmeshCheck: no check could be done with flag PAMPA_OVLP_NOGT enabled
(17): ERROR: _PAMPAdmeshCheck: no check could be done with flag PAMPA_OVLP_NOGT enabled
(18): ERROR: _PAMPAdmeshCheck: no check could be done with flag PAMPA_OVLP_NOGT enabled
(19): ERROR: _PAMPAdmeshCheck: no check could be done with flag PAMPA_OVLP_NOGT enabled
(20): ERROR: _PAMPAdmeshCheck: no check could be done with flag PAMPA_OVLP_NOGT enabled
(21): ERROR: _PAMPAdmeshCheck: no check could be done with flag PAMPA_OVLP_NOGT enabled
(22): ERROR: _PAMPAdmeshCheck: no check could be done with flag PAMPA_OVLP_NOGT enabled
(23): ERROR: _PAMPAdmeshCheck: no check could be done with flag PAMPA_OVLP_NOGT enabled
(24): ERROR: _PAMPAdmeshCheck: no check could be done with flag PAMPA_OVLP_NOGT enabled
(25): ERROR: _PAMPAdmeshCheck: no check could be done with flag PAMPA_OVLP_NOGT enabled
(26): ERROR: _PAMPAdmeshCheck: no check could be done with flag PAMPA_OVLP_NOGT enabled
(27): ERROR: _PAMPAdmeshCheck: no check could be done with flag PAMPA_OVLP_NOGT enabled
(28): ERROR: _PAMPAdmeshCheck: no check could be done with flag PAMPA_OVLP_NOGT enabled
(29): ERROR: _PAMPAdmeshCheck: no check could be done with flag PAMPA_OVLP_NOGT enabled
(30): ERROR: _PAMPAdmeshCheck: no check could be done with flag PAMPA_OVLP_NOGT enabled
(31): ERROR: _PAMPAdmeshCheck: no check could be done with flag PAMPA_OVLP_NOGT enabled
(32): ERROR: _PAMPAdmeshCheck: no check could be done with flag PAMPA_OVLP_NOGT enabled
(33): ERROR: _PAMPAdmeshCheck: no check could be done with flag PAMPA_OVLP_NOGT enabled
(34): ERROR: _PAMPAdmeshCheck: no check could be done with flag PAMPA_OVLP_NOGT enabled
(35): ERROR: _PAMPAdmeshCheck: no check could be done with flag PAMPA_OVLP_NOGT enabled
(36): ERROR: _PAMPAdmeshCheck: no check could be done with flag PAMPA_OVLP_NOGT enabled
(37): ERROR: _PAMPAdmeshCheck: no check could be done with flag PAMPA_OVLP_NOGT enabled
(38): ERROR: _PAMPAdmeshCheck: no check could be done with flag PAMPA_OVLP_NOGT enabled
(39): ERROR: _PAMPAdmeshCheck: no check could be done with flag PAMPA_OVLP_NOGT enabled
(40): ERROR: _PAMPAdmeshCheck: no check could be done with flag PAMPA_OVLP_NOGT enabled
(41): ERROR: _PAMPAdmeshCheck: no check could be done with flag PAMPA_OVLP_NOGT enabled
(42): ERROR: _PAMPAdmeshCheck: no check could be done with flag PAMPA_OVLP_NOGT enabled
(43): ERROR: _PAMPAdmeshCheck: no check could be done with flag PAMPA_OVLP_NOGT enabled
(44): ERROR: _PAMPAdmeshCheck: no check could be done with flag PAMPA_OVLP_NOGT enabled
(45): ERROR: _PAMPAdmeshCheck: no check could be done with flag PAMPA_OVLP_NOGT enabled
(46): ERROR: _PAMPAdmeshCheck: no check could be done with flag PAMPA_OVLP_NOGT enabled
(47): ERROR: _PAMPAdmeshCheck: no check could be done with flag PAMPA_OVLP_NOGT enabled
(48): ERROR: _PAMPAdmeshCheck: no check could be done with flag PAMPA_OVLP_NOGT enabled
(49): ERROR: _PAMPAdmeshCheck: no check could be done with flag PAMPA_OVLP_NOGT enabled
(50): ERROR: _PAMPAdmeshCheck: no check could be done with flag PAMPA_OVLP_NOGT enabled
(51): ERROR: _PAMPAdmeshCheck: no check could be done with flag PAMPA_OVLP_NOGT enabled
(52): ERROR: _PAMPAdmeshCheck: no check could be done with flag PAMPA_OVLP_NOGT enabled
(53): ERROR: _PAMPAdmeshCheck: no check could be done with flag PAMPA_OVLP_NOGT enabled
(54): ERROR: _PAMPAdmeshCheck: no check could be done with flag PAMPA_OVLP_NOGT enabled
(55): ERROR: _PAMPAdmeshCheck: no check could be done with flag PAMPA_OVLP_NOGT enabled
(56): ERROR: _PAMPAdmeshCheck: no check could be done with flag PAMPA_OVLP_NOGT enabled
(57): ERROR: _PAMPAdmeshCheck: no check could be done with flag PAMPA_OVLP_NOGT enabled
(58): ERROR: _PAMPAdmeshCheck: no check could be done with flag PAMPA_OVLP_NOGT enabled
(59): ERROR: _PAMPAdmeshCheck: no check could be done with flag PAMPA_OVLP_NOGT enabled
(60): ERROR: _PAMPAdmeshCheck: no check could be done with flag PAMPA_OVLP_NOGT enabled
(61): ERROR: _PAMPAdmeshCheck: no check could be done with flag PAMPA_OVLP_NOGT enabled
(62): ERROR: _PAMPAdmeshCheck: no check could be done with flag PAMPA_OVLP_NOGT enabled
(63): ERROR: _PAMPAdmeshCheck: no check could be done with flag PAMPA_OVLP_NOGT enabled
Calling the scheme "SWShallowWater2dWbswLaxFriedrichsPETSc".
Calling the scheme "SWShallowWater2dWbswLaxFriedrichsPETSc".
Calling the scheme "SWShallowWater2dWbswLaxFriedrichsPETSc".
Calling the scheme "SWShallowWater2dWbswLaxFriedrichsPETSc".
Calling the scheme "SWShallowWater2dWbswLaxFriedrichsPETSc".
Calling the scheme "SWShallowWater2dWbswLaxFriedrichsPETSc".
Calling the scheme "SWShallowWater2dWbswLaxFriedrichsPETSc".
Calling the scheme "SWShallowWater2dWbswLaxFriedrichsPETSc".
Calling the scheme "SWShallowWater2dWbswLaxFriedrichsPETSc".
Calling the scheme "SWShallowWater2dWbswLaxFriedrichsPETSc".
Calling the scheme "SWShallowWater2dWbswLaxFriedrichsPETSc".
Calling the scheme "SWShallowWater2dWbswLaxFriedrichsPETSc".
Calling the scheme "SWShallowWater2dWbswLaxFriedrichsPETSc".
Calling the scheme "SWShallowWater2dWbswLaxFriedrichsPETSc".
Calling the scheme "SWShallowWater2dWbswLaxFriedrichsPETSc".
Calling the scheme "SWShallowWater2dWbswLaxFriedrichsPETSc".
Calling the scheme "SWShallowWater2dWbswLaxFriedrichsPETSc".
Calling the scheme "SWShallowWater2dWbswLaxFriedrichsPETSc".
Calling the scheme "SWShallowWater2dWbswLaxFriedrichsPETSc".
Calling the scheme "SWShallowWater2dWbswLaxFriedrichsPETSc".
Calling the scheme "SWShallowWater2dWbswLaxFriedrichsPETSc".
Calling the scheme "SWShallowWater2dWbswLaxFriedrichsPETSc".
Calling the scheme "SWShallowWater2dWbswLaxFriedrichsPETSc".
Calling the scheme "SWShallowWater2dWbswLaxFriedrichsPETSc".
Calling the scheme "SWShallowWater2dWbswLaxFriedrichsPETSc".
Calling the scheme "SWShallowWater2dWbswLaxFriedrichsPETSc".
Calling the scheme "SWShallowWater2dWbswLaxFriedrichsPETSc".
Calling the scheme "SWShallowWater2dWbswLaxFriedrichsPETSc".
Calling the scheme "SWShallowWater2dWbswLaxFriedrichsPETSc".
Calling the scheme "SWShallowWater2dWbswLaxFriedrichsPETSc".
Calling the scheme "SWShallowWater2dWbswLaxFriedrichsPETSc".
Calling the scheme "SWShallowWater2dWbswLaxFriedrichsPETSc".
Calling the scheme "SWShallowWater2dWbswLaxFriedrichsPETSc".
Calling the scheme "SWShallowWater2dWbswLaxFriedrichsPETSc".
Calling the scheme "SWShallowWater2dWbswLaxFriedrichsPETSc".
Calling the scheme "SWShallowWater2dWbswLaxFriedrichsPETSc".
Calling the scheme "SWShallowWater2dWbswLaxFriedrichsPETSc".
Calling the scheme "SWShallowWater2dWbswLaxFriedrichsPETSc".
Calling the scheme "SWShallowWater2dWbswLaxFriedrichsPETSc".
Calling the scheme "SWShallowWater2dWbswLaxFriedrichsPETSc".
Calling the scheme "SWShallowWater2dWbswLaxFriedrichsPETSc".
Calling the scheme "SWShallowWater2dWbswLaxFriedrichsPETSc".
Calling the scheme "SWShallowWater2dWbswLaxFriedrichsPETSc".
Calling the scheme "SWShallowWater2dWbswLaxFriedrichsPETSc".
Calling the scheme "SWShallowWater2dWbswLaxFriedrichsPETSc".
Calling the scheme "SWShallowWater2dWbswLaxFriedrichsPETSc".
Calling the scheme "SWShallowWater2dWbswLaxFriedrichsPETSc".
Calling the scheme "SWShallowWater2dWbswLaxFriedrichsPETSc".
Calling the scheme "SWShallowWater2dWbswLaxFriedrichsPETSc".
Calling the scheme "SWShallowWater2dWbswLaxFriedrichsPETSc".
Calling the scheme "SWShallowWater2dWbswLaxFriedrichsPETSc".
Calling the scheme "SWShallowWater2dWbswLaxFriedrichsPETSc".
Calling the scheme "SWShallowWater2dWbswLaxFriedrichsPETSc".
Calling the scheme "SWShallowWater2dWbswLaxFriedrichsPETSc".
Calling the scheme "SWShallowWater2dWbswLaxFriedrichsPETSc".
Calling the scheme "SWShallowWater2dWbswLaxFriedrichsPETSc".
Calling the scheme "SWShallowWater2dWbswLaxFriedrichsPETSc".
Calling the scheme "SWShallowWater2dWbswLaxFriedrichsPETSc".
Calling the scheme "SWShallowWater2dWbswLaxFriedrichsPETSc".
Calling the scheme "SWShallowWater2dWbswLaxFriedrichsPETSc".
Calling the scheme "SWShallowWater2dWbswLaxFriedrichsPETSc".
Calling the scheme "SWShallowWater2dWbswLaxFriedrichsPETSc".
Calling the scheme "SWShallowWater2dWbswLaxFriedrichsPETSc".
Calling the scheme "SWShallowWater2dWbswLaxFriedrichsPETSc".
      1 | 1.65829e-02 1.65829e-02 | 1.25332e-02 1.07867e-01 1.39115e-01 |
      2 | 3.31658e-02 1.65829e-02 | 1.25332e-02 1.07867e-01 1.39115e-01 |
      3 | 4.97487e-02 1.65829e-02 | 1.25332e-02 1.07867e-01 1.39115e-01 |
      4 | 6.63317e-02 1.65830e-02 | 1.25332e-02 1.07867e-01 1.39115e-01 |
      5 | 8.29147e-02 1.65830e-02 | 1.25332e-02 1.07867e-01 1.39115e-01 |
      6 | 9.94977e-02 1.65830e-02 | 1.25331e-02 1.07867e-01 1.39115e-01 |
      7 | 1.16081e-01 1.65831e-02 | 1.25331e-02 1.07867e-01 1.39115e-01 |
      8 | 1.32664e-01 1.65831e-02 | 1.25331e-02 1.07867e-01 1.39115e-01 |
      9 | 1.49247e-01 1.65832e-02 | 1.25331e-02 1.07867e-01 1.39115e-01 |
     10 | 1.65830e-01 1.65832e-02 | 1.25331e-02 1.07867e-01 1.39115e-01 |
     11 | 1.82414e-01 1.65833e-02 | 1.25331e-02 1.07867e-01 1.39115e-01 |
     12 | 1.98997e-01 1.65833e-02 | 1.25331e-02 1.07867e-01 1.39115e-01 |
     13 | 2.15580e-01 1.65833e-02 | 1.25331e-02 1.07867e-01 1.39115e-01 |
     14 | 2.32164e-01 1.65833e-02 | 1.25331e-02 1.07867e-01 1.39115e-01 |
     15 | 2.48747e-01 1.65834e-02 | 1.25331e-02 1.07867e-01 1.39115e-01 |
     16 | 2.65330e-01 1.65834e-02 | 1.25331e-02 1.07867e-01 1.39115e-01 |
     17 | 2.81914e-01 1.65834e-02 | 1.25331e-02 1.07867e-01 1.39115e-01 |
     18 | 2.98497e-01 1.65834e-02 | 1.25331e-02 1.07867e-01 1.39115e-01 |
     19 | 3.15081e-01 1.65835e-02 | 1.25331e-02 1.07867e-01 1.39115e-01 |
     20 | 3.31664e-01 1.65835e-02 | 1.25331e-02 1.07867e-01 1.39115e-01 |
     21 | 3.48248e-01 1.65835e-02 | 1.25331e-02 1.07867e-01 1.39115e-01 |
     22 | 3.64831e-01 1.65836e-02 | 1.25331e-02 1.07867e-01 1.39115e-01 |
     23 | 3.81415e-01 1.65836e-02 | 1.25331e-02 1.07867e-01 1.39115e-01 |
     24 | 3.97998e-01 1.65837e-02 | 1.25331e-02 1.07867e-01 1.39115e-01 |
     25 | 4.14582e-01 1.65837e-02 | 1.25331e-02 1.07867e-01 1.39115e-01 |
     26 | 4.31166e-01 1.65838e-02 | 1.25331e-02 1.07867e-01 1.39115e-01 |
     27 | 4.47750e-01 1.65838e-02 | 1.25331e-02 1.07867e-01 1.39115e-01 |
     28 | 4.64334e-01 1.65839e-02 | 1.25331e-02 1.07867e-01 1.39115e-01 |
     29 | 4.80917e-01 1.65838e-02 | 1.25331e-02 1.07867e-01 1.39115e-01 |
     30 | 4.97501e-01 1.65837e-02 | 1.25331e-02 1.07867e-01 1.39115e-01 |
     31 | 5.14085e-01 1.65837e-02 | 1.25331e-02 1.07867e-01 1.39115e-01 |
     32 | 5.30668e-01 1.65836e-02 | 1.25331e-02 1.07867e-01 1.39115e-01 |
     33 | 5.47252e-01 1.65835e-02 | 1.25331e-02 1.07867e-01 1.39115e-01 |
     34 | 5.63835e-01 1.65835e-02 | 1.25331e-02 1.07867e-01 1.39115e-01 |
     35 | 5.80419e-01 1.65834e-02 | 1.25331e-02 1.07867e-01 1.39115e-01 |
     36 | 5.97002e-01 1.65834e-02 | 1.25331e-02 1.07867e-01 1.39115e-01 |
     37 | 6.13586e-01 1.65833e-02 | 1.25331e-02 1.07867e-01 1.39115e-01 |
     38 | 6.30169e-01 1.65833e-02 | 1.25331e-02 1.07867e-01 1.39115e-01 |
     39 | 6.46752e-01 1.65833e-02 | 1.25331e-02 1.07867e-01 1.39115e-01 |
     40 | 6.63335e-01 1.65832e-02 | 1.25331e-02 1.07867e-01 1.39115e-01 |
     41 | 6.79919e-01 1.65832e-02 | 1.25331e-02 1.07867e-01 1.39115e-01 |
     42 | 6.96502e-01 1.65832e-02 | 1.25331e-02 1.07867e-01 1.39115e-01 |
     43 | 7.13085e-01 1.65832e-02 | 1.25331e-02 1.07867e-01 1.39115e-01 |
     44 | 7.29668e-01 1.65831e-02 | 1.25331e-02 1.07867e-01 1.39115e-01 |
     45 | 7.46251e-01 1.65831e-02 | 1.25331e-02 1.07867e-01 1.39115e-01 |
     46 | 7.62834e-01 1.65831e-02 | 1.25331e-02 1.07867e-01 1.39115e-01 |
     47 | 7.79417e-01 1.65831e-02 | 1.25331e-02 1.07867e-01 1.39115e-01 |
     48 | 7.96001e-01 1.65831e-02 | 1.25331e-02 1.07867e-01 1.39115e-01 |
     49 | 8.12584e-01 1.65831e-02 | 1.25331e-02 1.07867e-01 1.39115e-01 |
     50 | 8.29167e-01 1.65831e-02 | 1.25331e-02 1.07867e-01 1.39115e-01 |
     51 | 8.45750e-01 1.65831e-02 | 1.25331e-02 1.07867e-01 1.39115e-01 |
     52 | 8.62333e-01 1.65831e-02 | 1.25331e-02 1.07867e-01 1.39115e-01 |
     53 | 8.78916e-01 1.65831e-02 | 1.25331e-02 1.07867e-01 1.39115e-01 |
     54 | 8.95499e-01 1.65831e-02 | 1.25331e-02 1.07867e-01 1.39115e-01 |
     55 | 9.12082e-01 1.65831e-02 | 1.25331e-02 1.07867e-01 1.39115e-01 |
     56 | 9.28665e-01 1.65831e-02 | 1.25331e-02 1.07867e-01 1.39115e-01 |
     57 | 9.45249e-01 1.65830e-02 | 1.25331e-02 1.07867e-01 1.39115e-01 |
     58 | 9.61832e-01 1.65830e-02 | 1.25331e-02 1.07867e-01 1.39115e-01 |
     59 | 9.78415e-01 1.65830e-02 | 1.25331e-02 1.07867e-01 1.39115e-01 |
     60 | 9.94998e-01 1.65830e-02 | 1.25331e-02 1.07867e-01 1.39115e-01 |
     61 | 1.01158e+00 1.65830e-02 | 1.25331e-02 1.07867e-01 1.39115e-01 |
     62 | 1.02816e+00 1.65830e-02 | 1.25331e-02 1.07867e-01 1.39115e-01 |
     63 | 1.04475e+00 1.65830e-02 | 1.25331e-02 1.07867e-01 1.39115e-01 |
     64 | 1.06133e+00 1.65830e-02 | 1.25331e-02 1.07867e-01 1.39115e-01 |
     65 | 1.07791e+00 1.65830e-02 | 1.25331e-02 1.07867e-01 1.39115e-01 |
     66 | 1.09450e+00 1.65830e-02 | 1.25331e-02 1.07867e-01 1.39115e-01 |
     67 | 1.11108e+00 1.65830e-02 | 1.25331e-02 1.07867e-01 1.39115e-01 |
     68 | 1.12766e+00 1.65830e-02 | 1.25331e-02 1.07867e-01 1.39115e-01 |
     69 | 1.14424e+00 1.65830e-02 | 1.25331e-02 1.07867e-01 1.39115e-01 |
     70 | 1.16083e+00 1.65831e-02 | 1.25331e-02 1.07867e-01 1.39115e-01 |
     71 | 1.17741e+00 1.65831e-02 | 1.25331e-02 1.07867e-01 1.39115e-01 |
     72 | 1.19399e+00 1.65831e-02 | 1.25331e-02 1.07867e-01 1.39115e-01 |
     73 | 1.21058e+00 1.65832e-02 | 1.25331e-02 1.07867e-01 1.39115e-01 |
     74 | 1.22716e+00 1.65832e-02 | 1.25331e-02 1.07867e-01 1.39115e-01 |
     75 | 1.24374e+00 1.65832e-02 | 1.25331e-02 1.07867e-01 1.39115e-01 |
     76 | 1.26033e+00 1.65833e-02 | 1.25331e-02 1.07867e-01 1.39115e-01 |
     77 | 1.27691e+00 1.65833e-02 | 1.25331e-02 1.07867e-01 1.39115e-01 |
     78 | 1.29349e+00 1.65834e-02 | 1.25331e-02 1.07867e-01 1.39115e-01 |
     79 | 1.31008e+00 1.65834e-02 | 1.25331e-02 1.07867e-01 1.39115e-01 |
     80 | 1.32666e+00 1.65835e-02 | 1.25331e-02 1.07867e-01 1.39115e-01 |
     81 | 1.34324e+00 1.65836e-02 | 1.25331e-02 1.07867e-01 1.39115e-01 |
     82 | 1.35983e+00 1.65836e-02 | 1.25331e-02 1.07867e-01 1.39115e-01 |
     83 | 1.37641e+00 1.65837e-02 | 1.25331e-02 1.07867e-01 1.39115e-01 |
     84 | 1.39299e+00 1.65837e-02 | 1.25331e-02 1.07867e-01 1.39115e-01 |
     85 | 1.40958e+00 1.65836e-02 | 1.25331e-02 1.07867e-01 1.39115e-01 |
     86 | 1.42616e+00 1.65835e-02 | 1.25331e-02 1.07867e-01 1.39115e-01 |
     87 | 1.44275e+00 1.65835e-02 | 1.25331e-02 1.07867e-01 1.39115e-01 |
     88 | 1.45933e+00 1.65834e-02 | 1.25331e-02 1.07867e-01 1.39115e-01 |
     89 | 1.47591e+00 1.65834e-02 | 1.25331e-02 1.07867e-01 1.39115e-01 |
     90 | 1.49250e+00 1.65833e-02 | 1.25331e-02 1.07867e-01 1.39115e-01 |
     91 | 1.50908e+00 1.65832e-02 | 1.25331e-02 1.07867e-01 1.39115e-01 |
     92 | 1.52566e+00 1.65832e-02 | 1.25331e-02 1.07867e-01 1.39115e-01 |
     93 | 1.54225e+00 1.65832e-02 | 1.25331e-02 1.07867e-01 1.39115e-01 |
     94 | 1.55883e+00 1.65831e-02 | 1.25331e-02 1.07867e-01 1.39115e-01 |
     95 | 1.57541e+00 1.65831e-02 | 1.25331e-02 1.07867e-01 1.39115e-01 |
     96 | 1.59199e+00 1.65830e-02 | 1.25331e-02 1.07867e-01 1.39115e-01 |
     97 | 1.60858e+00 1.65830e-02 | 1.25331e-02 1.07867e-01 1.39115e-01 |
     98 | 1.62516e+00 1.65830e-02 | 1.25331e-02 1.07867e-01 1.39115e-01 |
     99 | 1.64174e+00 1.65830e-02 | 1.25331e-02 1.07867e-01 1.39115e-01 |
    100 | 1.65833e+00 1.65829e-02 | 1.25331e-02 1.07867e-01 1.39115e-01 |
    101 | 1.67491e+00 1.65829e-02 | 1.25331e-02 1.07867e-01 1.39115e-01 |
    102 | 1.69149e+00 1.65829e-02 | 1.25331e-02 1.07867e-01 1.39115e-01 |
    103 | 1.70808e+00 1.65829e-02 | 1.25331e-02 1.07867e-01 1.39115e-01 |
    104 | 1.72466e+00 1.65829e-02 | 1.25331e-02 1.07867e-01 1.39115e-01 |
    105 | 1.74124e+00 1.65829e-02 | 1.25331e-02 1.07867e-01 1.39115e-01 |
    106 | 1.75782e+00 1.65829e-02 | 1.25331e-02 1.07867e-01 1.39115e-01 |
    107 | 1.77441e+00 1.65829e-02 | 1.25331e-02 1.07867e-01 1.39115e-01 |
    108 | 1.79099e+00 1.65829e-02 | 1.25331e-02 1.07867e-01 1.39115e-01 |
    109 | 1.80757e+00 1.65829e-02 | 1.25331e-02 1.07867e-01 1.39115e-01 |
    110 | 1.82416e+00 1.65829e-02 | 1.25331e-02 1.07867e-01 1.39115e-01 |
    111 | 1.84074e+00 1.65829e-02 | 1.25331e-02 1.07867e-01 1.39115e-01 |
    112 | 1.85732e+00 1.65830e-02 | 1.25331e-02 1.07867e-01 1.39115e-01 |
    113 | 1.87390e+00 1.65830e-02 | 1.25331e-02 1.07867e-01 1.39115e-01 |
    114 | 1.89049e+00 1.65830e-02 | 1.25331e-02 1.07867e-01 1.39115e-01 |
    115 | 1.90707e+00 1.65831e-02 | 1.25331e-02 1.07867e-01 1.39115e-01 |
    116 | 1.92365e+00 1.65831e-02 | 1.25331e-02 1.07867e-01 1.39115e-01 |
    117 | 1.94024e+00 1.65831e-02 | 1.25331e-02 1.07867e-01 1.39115e-01 |
    118 | 1.95682e+00 1.65832e-02 | 1.25331e-02 1.07867e-01 1.39115e-01 |
    119 | 1.97340e+00 1.65832e-02 | 1.25331e-02 1.07867e-01 1.39115e-01 |
    120 | 1.98999e+00 1.65833e-02 | 1.25331e-02 1.07867e-01 1.39115e-01 |
    121 | 2.00657e+00 1.65833e-02 | 1.25331e-02 1.07867e-01 1.39115e-01 |
    122 | 2.02315e+00 1.65834e-02 | 1.25331e-02 1.07867e-01 1.39115e-01 |
    123 | 2.03974e+00 1.65834e-02 | 1.25331e-02 1.07867e-01 1.39115e-01 |
    124 | 2.05632e+00 1.65835e-02 | 1.25331e-02 1.07867e-01 1.39115e-01 |
    125 | 2.07290e+00 1.65836e-02 | 1.25331e-02 1.07867e-01 1.39115e-01 |
    126 | 2.08949e+00 1.65836e-02 | 1.25331e-02 1.07867e-01 1.39115e-01 |
    127 | 2.10607e+00 1.65837e-02 | 1.25331e-02 1.07867e-01 1.39115e-01 |
    128 | 2.12265e+00 1.65838e-02 | 1.25331e-02 1.07867e-01 1.39115e-01 |
    129 | 2.13924e+00 1.65839e-02 | 1.25331e-02 1.07867e-01 1.39115e-01 |
    130 | 2.15582e+00 1.65840e-02 | 1.25331e-02 1.07867e-01 1.39115e-01 |
    131 | 2.17241e+00 1.65840e-02 | 1.25331e-02 1.07867e-01 1.39115e-01 |
    132 | 2.18899e+00 1.65841e-02 | 1.25331e-02 1.07867e-01 1.39115e-01 |
    133 | 2.20557e+00 1.65842e-02 | 1.25331e-02 1.07867e-01 1.39115e-01 |
    134 | 2.22216e+00 1.65842e-02 | 1.25331e-02 1.07867e-01 1.39115e-01 |
    135 | 2.23874e+00 1.65842e-02 | 1.25331e-02 1.07867e-01 1.39115e-01 |
    136 | 2.25533e+00 1.65841e-02 | 1.25331e-02 1.07867e-01 1.39115e-01 |
    137 | 2.27191e+00 1.65840e-02 | 1.25331e-02 1.07867e-01 1.39115e-01 |
    138 | 2.28850e+00 1.65839e-02 | 1.25331e-02 1.07867e-01 1.39115e-01 |
    139 | 2.30508e+00 1.65838e-02 | 1.25331e-02 1.07867e-01 1.39115e-01 |
    140 | 2.32166e+00 1.65837e-02 | 1.25332e-02 1.07867e-01 1.39115e-01 |
    141 | 2.33825e+00 1.65836e-02 | 1.25332e-02 1.07867e-01 1.39115e-01 |
    142 | 2.35483e+00 1.65835e-02 | 1.25332e-02 1.07867e-01 1.39115e-01 |
    143 | 2.37141e+00 1.65834e-02 | 1.25332e-02 1.07867e-01 1.39115e-01 |
    144 | 2.38800e+00 1.65833e-02 | 1.25332e-02 1.07867e-01 1.39115e-01 |
    145 | 2.40458e+00 1.65833e-02 | 1.25332e-02 1.07867e-01 1.39115e-01 |
    146 | 2.42116e+00 1.65832e-02 | 1.25332e-02 1.07867e-01 1.39115e-01 |
    147 | 2.43775e+00 1.65831e-02 | 1.25332e-02 1.07867e-01 1.39115e-01 |
    148 | 2.45433e+00 1.65830e-02 | 1.25332e-02 1.07867e-01 1.39115e-01 |
    149 | 2.47091e+00 1.65830e-02 | 1.25332e-02 1.07867e-01 1.39115e-01 |
    150 | 2.48749e+00 1.65829e-02 | 1.25332e-02 1.07867e-01 1.39115e-01 |
    151 | 2.50408e+00 1.65829e-02 | 1.25332e-02 1.07867e-01 1.39115e-01 |
    152 | 2.52066e+00 1.65828e-02 | 1.25332e-02 1.07867e-01 1.39115e-01 |
    153 | 2.53724e+00 1.65828e-02 | 1.25332e-02 1.07867e-01 1.39115e-01 |
    154 | 2.55383e+00 1.65827e-02 | 1.25332e-02 1.07867e-01 1.39115e-01 |
    155 | 2.57041e+00 1.65827e-02 | 1.25332e-02 1.07867e-01 1.39115e-01 |
    156 | 2.58699e+00 1.65827e-02 | 1.25332e-02 1.07867e-01 1.39115e-01 |
    157 | 2.60357e+00 1.65826e-02 | 1.25332e-02 1.07867e-01 1.39115e-01 |
    158 | 2.62016e+00 1.65826e-02 | 1.25332e-02 1.07867e-01 1.39115e-01 |
    159 | 2.63674e+00 1.65826e-02 | 1.25332e-02 1.07867e-01 1.39115e-01 |
    160 | 2.65332e+00 1.65825e-02 | 1.25332e-02 1.07867e-01 1.39115e-01 |
    161 | 2.66990e+00 1.65825e-02 | 1.25332e-02 1.07867e-01 1.39115e-01 |
    162 | 2.68649e+00 1.65825e-02 | 1.25332e-02 1.07867e-01 1.39115e-01 |
    163 | 2.70307e+00 1.65825e-02 | 1.25332e-02 1.07867e-01 1.39115e-01 |
    164 | 2.71965e+00 1.65825e-02 | 1.25332e-02 1.07867e-01 1.39115e-01 |
    165 | 2.73623e+00 1.65825e-02 | 1.25332e-02 1.07867e-01 1.39115e-01 |
    166 | 2.75282e+00 1.65825e-02 | 1.25332e-02 1.07867e-01 1.39115e-01 |
    167 | 2.76940e+00 1.65825e-02 | 1.25332e-02 1.07867e-01 1.39115e-01 |
    168 | 2.78598e+00 1.65825e-02 | 1.25332e-02 1.07867e-01 1.39115e-01 |
    169 | 2.80256e+00 1.65825e-02 | 1.25332e-02 1.07867e-01 1.39115e-01 |
    170 | 2.81915e+00 1.65825e-02 | 1.25332e-02 1.07867e-01 1.39115e-01 |
    171 | 2.83573e+00 1.65825e-02 | 1.25332e-02 1.07867e-01 1.39115e-01 |
    172 | 2.85231e+00 1.65825e-02 | 1.25332e-02 1.07867e-01 1.39115e-01 |
    173 | 2.86889e+00 1.65825e-02 | 1.25332e-02 1.07867e-01 1.39115e-01 |
    174 | 2.88548e+00 1.65826e-02 | 1.25332e-02 1.07867e-01 1.39115e-01 |
    175 | 2.90206e+00 1.65826e-02 | 1.25332e-02 1.07867e-01 1.39115e-01 |
    176 | 2.91864e+00 1.65826e-02 | 1.25332e-02 1.07867e-01 1.39115e-01 |
    177 | 2.93522e+00 1.65827e-02 | 1.25332e-02 1.07867e-01 1.39115e-01 |
    178 | 2.95181e+00 1.65827e-02 | 1.25332e-02 1.07867e-01 1.39115e-01 |
    179 | 2.96839e+00 1.65828e-02 | 1.25332e-02 1.07867e-01 1.39115e-01 |
    180 | 2.98497e+00 1.65828e-02 | 1.25332e-02 1.07867e-01 1.39115e-01 |
    181 | 3.00156e+00 1.65829e-02 | 1.25332e-02 1.07867e-01 1.39115e-01 |
    182 | 3.01814e+00 1.65829e-02 | 1.25332e-02 1.07867e-01 1.39115e-01 |
    183 | 3.03472e+00 1.65830e-02 | 1.25332e-02 1.07867e-01 1.39115e-01 |
    184 | 3.05130e+00 1.65830e-02 | 1.25332e-02 1.07867e-01 1.39115e-01 |
    185 | 3.06789e+00 1.65831e-02 | 1.25332e-02 1.07867e-01 1.39115e-01 |
    186 | 3.08447e+00 1.65832e-02 | 1.25332e-02 1.07867e-01 1.39115e-01 |
    187 | 3.10105e+00 1.65832e-02 | 1.25332e-02 1.07867e-01 1.39115e-01 |
    188 | 3.11764e+00 1.65833e-02 | 1.25332e-02 1.07867e-01 1.39115e-01 |
    189 | 3.13422e+00 1.65834e-02 | 1.25332e-02 1.07867e-01 1.39115e-01 |
    190 | 3.15080e+00 1.65835e-02 | 1.25332e-02 1.07867e-01 1.39115e-01 |
    191 | 3.16739e+00 1.65835e-02 | 1.25332e-02 1.07867e-01 1.39115e-01 |
    192 | 3.18397e+00 1.65836e-02 | 1.25332e-02 1.07867e-01 1.39115e-01 |
    193 | 3.20056e+00 1.65837e-02 | 1.25332e-02 1.07867e-01 1.39115e-01 |
    194 | 3.21714e+00 1.65837e-02 | 1.25332e-02 1.07867e-01 1.39115e-01 |
    195 | 3.23372e+00 1.65836e-02 | 1.25332e-02 1.07867e-01 1.39115e-01 |
    196 | 3.25031e+00 1.65835e-02 | 1.25332e-02 1.07867e-01 1.39115e-01 |
    197 | 3.26689e+00 1.65834e-02 | 1.25332e-02 1.07867e-01 1.39115e-01 |
    198 | 3.28347e+00 1.65833e-02 | 1.25332e-02 1.07867e-01 1.39115e-01 |
    199 | 3.30006e+00 1.65833e-02 | 1.25332e-02 1.07867e-01 1.39115e-01 |
    200 | 3.31664e+00 1.65832e-02 | 1.25332e-02 1.07867e-01 1.39115e-01 |
    201 | 3.33322e+00 1.65831e-02 | 1.25332e-02 1.07867e-01 1.39115e-01 |
    202 | 3.34981e+00 1.65831e-02 | 1.25332e-02 1.07867e-01 1.39115e-01 |
    203 | 3.36639e+00 1.65830e-02 | 1.25332e-02 1.07867e-01 1.39115e-01 |
    204 | 3.38297e+00 1.65829e-02 | 1.25332e-02 1.07867e-01 1.39115e-01 |
    205 | 3.39955e+00 1.65829e-02 | 1.25332e-02 1.07867e-01 1.39115e-01 |
    206 | 3.41614e+00 1.65828e-02 | 1.25332e-02 1.07867e-01 1.39115e-01 |
    207 | 3.43272e+00 1.65828e-02 | 1.25332e-02 1.07867e-01 1.39115e-01 |
    208 | 3.44930e+00 1.65828e-02 | 1.25332e-02 1.07867e-01 1.39115e-01 |
    209 | 3.46589e+00 1.65827e-02 | 1.25332e-02 1.07867e-01 1.39115e-01 |
    210 | 3.48247e+00 1.65827e-02 | 1.25332e-02 1.07867e-01 1.39115e-01 |
    211 | 3.49905e+00 1.65826e-02 | 1.25332e-02 1.07867e-01 1.39115e-01 |
    212 | 3.51563e+00 1.65826e-02 | 1.25332e-02 1.07867e-01 1.39115e-01 |
    213 | 3.53222e+00 1.65826e-02 | 1.25332e-02 1.07867e-01 1.39115e-01 |
    214 | 3.54880e+00 1.65826e-02 | 1.25332e-02 1.07867e-01 1.39115e-01 |
    215 | 3.56538e+00 1.65826e-02 | 1.25332e-02 1.07867e-01 1.39115e-01 |
    216 | 3.58196e+00 1.65825e-02 | 1.25332e-02 1.07867e-01 1.39115e-01 |
    217 | 3.59855e+00 1.65825e-02 | 1.25332e-02 1.07867e-01 1.39115e-01 |
    218 | 3.61513e+00 1.65825e-02 | 1.25332e-02 1.07867e-01 1.39115e-01 |
    219 | 3.63171e+00 1.65825e-02 | 1.25332e-02 1.07867e-01 1.39115e-01 |
    220 | 3.64829e+00 1.65825e-02 | 1.25332e-02 1.07867e-01 1.39115e-01 |
    221 | 3.66488e+00 1.65825e-02 | 1.25332e-02 1.07867e-01 1.39115e-01 |
    222 | 3.68146e+00 1.65825e-02 | 1.25332e-02 1.07867e-01 1.39115e-01 |
    223 | 3.69804e+00 1.65825e-02 | 1.25332e-02 1.07867e-01 1.39115e-01 |
    224 | 3.71462e+00 1.65826e-02 | 1.25332e-02 1.07867e-01 1.39115e-01 |
    225 | 3.73121e+00 1.65826e-02 | 1.25332e-02 1.07867e-01 1.39115e-01 |
    226 | 3.74779e+00 1.65826e-02 | 1.25332e-02 1.07867e-01 1.39115e-01 |
    227 | 3.76437e+00 1.65826e-02 | 1.25332e-02 1.07867e-01 1.39115e-01 |
    228 | 3.78095e+00 1.65826e-02 | 1.25332e-02 1.07867e-01 1.39115e-01 |
    229 | 3.79754e+00 1.65827e-02 | 1.25332e-02 1.07867e-01 1.39115e-01 |
    230 | 3.81412e+00 1.65827e-02 | 1.25332e-02 1.07867e-01 1.39115e-01 |
    231 | 3.83070e+00 1.65827e-02 | 1.25332e-02 1.07867e-01 1.39115e-01 |
    232 | 3.84728e+00 1.65828e-02 | 1.25332e-02 1.07867e-01 1.39115e-01 |
    233 | 3.86387e+00 1.65828e-02 | 1.25332e-02 1.07867e-01 1.39115e-01 |
    234 | 3.88045e+00 1.65829e-02 | 1.25332e-02 1.07867e-01 1.39115e-01 |
    235 | 3.89703e+00 1.65829e-02 | 1.25332e-02 1.07867e-01 1.39115e-01 |
    236 | 3.91362e+00 1.65830e-02 | 1.25332e-02 1.07867e-01 1.39115e-01 |
    237 | 3.93020e+00 1.65831e-02 | 1.25332e-02 1.07867e-01 1.39115e-01 |
    238 | 3.94678e+00 1.65831e-02 | 1.25332e-02 1.07867e-01 1.39115e-01 |
    239 | 3.96337e+00 1.65832e-02 | 1.25332e-02 1.07867e-01 1.39115e-01 |
    240 | 3.97995e+00 1.65832e-02 | 1.25332e-02 1.07867e-01 1.39115e-01 |
    241 | 3.99653e+00 1.65833e-02 | 1.25332e-02 1.07867e-01 1.39115e-01 |
    242 | 4.01312e+00 1.65834e-02 | 1.25332e-02 1.07867e-01 1.39115e-01 |
    243 | 4.02970e+00 1.65835e-02 | 1.25332e-02 1.07867e-01 1.39115e-01 |
    244 | 4.04628e+00 1.65836e-02 | 1.25332e-02 1.07867e-01 1.39115e-01 |
    245 | 4.06287e+00 1.65837e-02 | 1.25332e-02 1.07867e-01 1.39115e-01 |
    246 | 4.07945e+00 1.65837e-02 | 1.25332e-02 1.07867e-01 1.39115e-01 |
    247 | 4.09603e+00 1.65838e-02 | 1.25332e-02 1.07867e-01 1.39115e-01 |
    248 | 4.11262e+00 1.65839e-02 | 1.25332e-02 1.07867e-01 1.39115e-01 |
    249 | 4.12920e+00 1.65838e-02 | 1.25332e-02 1.07867e-01 1.39115e-01 |
    250 | 4.14579e+00 1.65837e-02 | 1.25332e-02 1.07867e-01 1.39115e-01 |
    251 | 4.16237e+00 1.65836e-02 | 1.25332e-02 1.07867e-01 1.39115e-01 |
    252 | 4.17895e+00 1.65835e-02 | 1.25332e-02 1.07867e-01 1.39115e-01 |
    253 | 4.19554e+00 1.65834e-02 | 1.25332e-02 1.07867e-01 1.39115e-01 |
    254 | 4.21212e+00 1.65833e-02 | 1.25332e-02 1.07867e-01 1.39115e-01 |
    255 | 4.22870e+00 1.65833e-02 | 1.25332e-02 1.07867e-01 1.39115e-01 |
    256 | 4.24529e+00 1.65832e-02 | 1.25332e-02 1.07867e-01 1.39115e-01 |
    257 | 4.26187e+00 1.65831e-02 | 1.25332e-02 1.07867e-01 1.39115e-01 |
    258 | 4.27845e+00 1.65830e-02 | 1.25332e-02 1.07867e-01 1.39115e-01 |
    259 | 4.29503e+00 1.65830e-02 | 1.25332e-02 1.07867e-01 1.39115e-01 |
    260 | 4.31162e+00 1.65829e-02 | 1.25332e-02 1.07867e-01 1.39115e-01 |
    261 | 4.32820e+00 1.65829e-02 | 1.25332e-02 1.07867e-01 1.39115e-01 |
    262 | 4.34478e+00 1.65828e-02 | 1.25332e-02 1.07867e-01 1.39115e-01 |
    263 | 4.36137e+00 1.65828e-02 | 1.25332e-02 1.07867e-01 1.39115e-01 |
    264 | 4.37795e+00 1.65827e-02 | 1.25332e-02 1.07867e-01 1.39115e-01 |
    265 | 4.39453e+00 1.65827e-02 | 1.25332e-02 1.07867e-01 1.39115e-01 |
    266 | 4.41111e+00 1.65827e-02 | 1.25332e-02 1.07867e-01 1.39115e-01 |
    267 | 4.42770e+00 1.65826e-02 | 1.25332e-02 1.07867e-01 1.39115e-01 |
    268 | 4.44428e+00 1.65826e-02 | 1.25332e-02 1.07867e-01 1.39115e-01 |
    269 | 4.46086e+00 1.65826e-02 | 1.25332e-02 1.07867e-01 1.39115e-01 |
    270 | 4.47744e+00 1.65825e-02 | 1.25332e-02 1.07867e-01 1.39115e-01 |
    271 | 4.49403e+00 1.65825e-02 | 1.25332e-02 1.07867e-01 1.39115e-01 |
    272 | 4.51061e+00 1.65825e-02 | 1.25332e-02 1.07867e-01 1.39115e-01 |
    273 | 4.52719e+00 1.65825e-02 | 1.25332e-02 1.07867e-01 1.39115e-01 |
    274 | 4.54377e+00 1.65825e-02 | 1.25332e-02 1.07867e-01 1.39115e-01 |
    275 | 4.56036e+00 1.65825e-02 | 1.25332e-02 1.07867e-01 1.39115e-01 |
    276 | 4.57694e+00 1.65825e-02 | 1.25332e-02 1.07867e-01 1.39115e-01 |
    277 | 4.59352e+00 1.65825e-02 | 1.25332e-02 1.07867e-01 1.39115e-01 |
    278 | 4.61010e+00 1.65825e-02 | 1.25332e-02 1.07867e-01 1.39115e-01 |
    279 | 4.62669e+00 1.65825e-02 | 1.25332e-02 1.07867e-01 1.39115e-01 |
    280 | 4.64327e+00 1.65825e-02 | 1.25332e-02 1.07867e-01 1.39115e-01 |
    281 | 4.65985e+00 1.65825e-02 | 1.25332e-02 1.07867e-01 1.39115e-01 |
    282 | 4.67643e+00 1.65825e-02 | 1.25332e-02 1.07867e-01 1.39115e-01 |
    283 | 4.69302e+00 1.65826e-02 | 1.25332e-02 1.07867e-01 1.39115e-01 |
    284 | 4.70960e+00 1.65826e-02 | 1.25332e-02 1.07867e-01 1.39115e-01 |
    285 | 4.72618e+00 1.65826e-02 | 1.25332e-02 1.07867e-01 1.39115e-01 |
    286 | 4.74276e+00 1.65826e-02 | 1.25332e-02 1.07867e-01 1.39115e-01 |
    287 | 4.75935e+00 1.65827e-02 | 1.25332e-02 1.07867e-01 1.39115e-01 |
    288 | 4.77593e+00 1.65827e-02 | 1.25332e-02 1.07867e-01 1.39115e-01 |
    289 | 4.79251e+00 1.65828e-02 | 1.25332e-02 1.07867e-01 1.39115e-01 |
    290 | 4.80910e+00 1.65828e-02 | 1.25332e-02 1.07867e-01 1.39115e-01 |
    291 | 4.82568e+00 1.65829e-02 | 1.25332e-02 1.07867e-01 1.39115e-01 |
    292 | 4.84226e+00 1.65829e-02 | 1.25332e-02 1.07867e-01 1.39115e-01 |
    293 | 4.85884e+00 1.65830e-02 | 1.25332e-02 1.07867e-01 1.39115e-01 |
    294 | 4.87543e+00 1.65830e-02 | 1.25332e-02 1.07867e-01 1.39115e-01 |
    295 | 4.89201e+00 1.65831e-02 | 1.25332e-02 1.07867e-01 1.39115e-01 |
    296 | 4.90859e+00 1.65832e-02 | 1.25332e-02 1.07867e-01 1.39115e-01 |
    297 | 4.92518e+00 1.65832e-02 | 1.25332e-02 1.07867e-01 1.39115e-01 |
    298 | 4.94176e+00 1.65833e-02 | 1.25332e-02 1.07867e-01 1.39115e-01 |
    299 | 4.95834e+00 1.65834e-02 | 1.25332e-02 1.07867e-01 1.39115e-01 |
    300 | 4.97493e+00 1.65835e-02 | 1.25332e-02 1.07867e-01 1.39115e-01 |
    301 | 4.99151e+00 1.65836e-02 | 1.25332e-02 1.07867e-01 1.39115e-01 |
    302 | 5.00809e+00 1.65836e-02 | 1.25332e-02 1.07867e-01 1.39115e-01 |
    303 | 5.02468e+00 1.65837e-02 | 1.25332e-02 1.07867e-01 1.39115e-01 |
    304 | 5.04126e+00 1.65837e-02 | 1.25332e-02 1.07867e-01 1.39115e-01 |
    305 | 5.05785e+00 1.65836e-02 | 1.25332e-02 1.07867e-01 1.39115e-01 |
    306 | 5.07443e+00 1.65835e-02 | 1.25332e-02 1.07867e-01 1.39115e-01 |
    307 | 5.09101e+00 1.65834e-02 | 1.25332e-02 1.07867e-01 1.39115e-01 |
    308 | 5.10760e+00 1.65834e-02 | 1.25332e-02 1.07867e-01 1.39115e-01 |
    309 | 5.12418e+00 1.65833e-02 | 1.25332e-02 1.07867e-01 1.39115e-01 |
    310 | 5.14076e+00 1.65832e-02 | 1.25332e-02 1.07867e-01 1.39115e-01 |
    311 | 5.15735e+00 1.65831e-02 | 1.25332e-02 1.07867e-01 1.39115e-01 |
    312 | 5.17393e+00 1.65831e-02 | 1.25332e-02 1.07867e-01 1.39115e-01 |
    313 | 5.19051e+00 1.65830e-02 | 1.25332e-02 1.07867e-01 1.39115e-01 |
    314 | 5.20709e+00 1.65830e-02 | 1.25332e-02 1.07867e-01 1.39115e-01 |
    315 | 5.22368e+00 1.65829e-02 | 1.25332e-02 1.07867e-01 1.39115e-01 |
    316 | 5.24026e+00 1.65829e-02 | 1.25332e-02 1.07867e-01 1.39115e-01 |
    317 | 5.25684e+00 1.65828e-02 | 1.25332e-02 1.07867e-01 1.39115e-01 |
    318 | 5.27343e+00 1.65828e-02 | 1.25332e-02 1.07867e-01 1.39115e-01 |
    319 | 5.29001e+00 1.65827e-02 | 1.25332e-02 1.07867e-01 1.39115e-01 |
    320 | 5.30659e+00 1.65827e-02 | 1.25332e-02 1.07867e-01 1.39115e-01 |
    321 | 5.32317e+00 1.65827e-02 | 1.25332e-02 1.07867e-01 1.39115e-01 |
    322 | 5.33976e+00 1.65826e-02 | 1.25332e-02 1.07867e-01 1.39115e-01 |
    323 | 5.35634e+00 1.65826e-02 | 1.25332e-02 1.07867e-01 1.39115e-01 |
    324 | 5.37292e+00 1.65826e-02 | 1.25332e-02 1.07867e-01 1.39115e-01 |
    325 | 5.38950e+00 1.65826e-02 | 1.25332e-02 1.07867e-01 1.39115e-01 |
    326 | 5.40609e+00 1.65826e-02 | 1.25332e-02 1.07867e-01 1.39115e-01 |
    327 | 5.42267e+00 1.65826e-02 | 1.25332e-02 1.07867e-01 1.39115e-01 |
    328 | 5.43925e+00 1.65825e-02 | 1.25332e-02 1.07867e-01 1.39115e-01 |
    329 | 5.45583e+00 1.65825e-02 | 1.25332e-02 1.07867e-01 1.39115e-01 |
    330 | 5.47242e+00 1.65825e-02 | 1.25332e-02 1.07867e-01 1.39115e-01 |
    331 | 5.48900e+00 1.65825e-02 | 1.25332e-02 1.07867e-01 1.39115e-01 |
    332 | 5.50558e+00 1.65826e-02 | 1.25332e-02 1.07867e-01 1.39115e-01 |
    333 | 5.52216e+00 1.65826e-02 | 1.25332e-02 1.07867e-01 1.39115e-01 |
    334 | 5.53875e+00 1.65826e-02 | 1.25332e-02 1.07867e-01 1.39115e-01 |
    335 | 5.55533e+00 1.65826e-02 | 1.25332e-02 1.07867e-01 1.39115e-01 |
    336 | 5.57191e+00 1.65826e-02 | 1.25332e-02 1.07867e-01 1.39115e-01 |
    337 | 5.58850e+00 1.65826e-02 | 1.25332e-02 1.07867e-01 1.39115e-01 |
    338 | 5.60508e+00 1.65827e-02 | 1.25332e-02 1.07867e-01 1.39115e-01 |
    339 | 5.62166e+00 1.65827e-02 | 1.25332e-02 1.07867e-01 1.39115e-01 |
    340 | 5.63824e+00 1.65827e-02 | 1.25332e-02 1.07867e-01 1.39115e-01 |
    341 | 5.65483e+00 1.65828e-02 | 1.25332e-02 1.07867e-01 1.39115e-01 |
    342 | 5.67141e+00 1.65828e-02 | 1.25332e-02 1.07867e-01 1.39115e-01 |
    343 | 5.68799e+00 1.65828e-02 | 1.25332e-02 1.07867e-01 1.39115e-01 |
    344 | 5.70457e+00 1.65828e-02 | 1.25332e-02 1.07867e-01 1.39115e-01 |
    345 | 5.72116e+00 1.65829e-02 | 1.25332e-02 1.07867e-01 1.39115e-01 |
    346 | 5.73774e+00 1.65829e-02 | 1.25332e-02 1.07867e-01 1.39115e-01 |
    347 | 5.75432e+00 1.65829e-02 | 1.25332e-02 1.07867e-01 1.39115e-01 |
    348 | 5.77091e+00 1.65830e-02 | 1.25332e-02 1.07867e-01 1.39115e-01 |
    349 | 5.78749e+00 1.65830e-02 | 1.25332e-02 1.07867e-01 1.39115e-01 |
    350 | 5.80407e+00 1.65830e-02 | 1.25332e-02 1.07867e-01 1.39115e-01 |
    351 | 5.82066e+00 1.65831e-02 | 1.25332e-02 1.07867e-01 1.39115e-01 |
    352 | 5.83724e+00 1.65831e-02 | 1.25332e-02 1.07867e-01 1.39115e-01 |
    353 | 5.85382e+00 1.65832e-02 | 1.25332e-02 1.07867e-01 1.39115e-01 |
    354 | 5.87040e+00 1.65833e-02 | 1.25332e-02 1.07867e-01 1.39115e-01 |
    355 | 5.88699e+00 1.65833e-02 | 1.25332e-02 1.07867e-01 1.39115e-01 |
    356 | 5.90357e+00 1.65834e-02 | 1.25332e-02 1.07867e-01 1.39115e-01 |
    357 | 5.92016e+00 1.65834e-02 | 1.25332e-02 1.07867e-01 1.39115e-01 |
    358 | 5.93674e+00 1.65835e-02 | 1.25332e-02 1.07867e-01 1.39115e-01 |
    359 | 5.95332e+00 1.65836e-02 | 1.25332e-02 1.07867e-01 1.39115e-01 |
    360 | 5.96991e+00 1.65837e-02 | 1.25332e-02 1.07867e-01 1.39115e-01 |
    361 | 5.98649e+00 1.65838e-02 | 1.25332e-02 1.07867e-01 1.39115e-01 |
    362 | 6.00307e+00 1.65838e-02 | 1.25332e-02 1.07867e-01 1.39115e-01 |
    363 | 6.01966e+00 1.65839e-02 | 1.25332e-02 1.07867e-01 1.39115e-01 |
    364 | 6.03624e+00 1.65838e-02 | 1.25332e-02 1.07867e-01 1.39115e-01 |
    365 | 6.05282e+00 1.65837e-02 | 1.25332e-02 1.07867e-01 1.39115e-01 |
    366 | 6.06941e+00 1.65836e-02 | 1.25332e-02 1.07867e-01 1.39115e-01 |
    367 | 6.08599e+00 1.65835e-02 | 1.25332e-02 1.07867e-01 1.39115e-01 |
    368 | 6.10258e+00 1.65835e-02 | 1.25332e-02 1.07867e-01 1.39115e-01 |
    369 | 6.11916e+00 1.65834e-02 | 1.25332e-02 1.07867e-01 1.39115e-01 |
    370 | 6.13574e+00 1.65833e-02 | 1.25332e-02 1.07867e-01 1.39115e-01 |
    371 | 6.15233e+00 1.65832e-02 | 1.25332e-02 1.07867e-01 1.39115e-01 |
    372 | 6.16891e+00 1.65832e-02 | 1.25332e-02 1.07867e-01 1.39115e-01 |
    373 | 6.18549e+00 1.65831e-02 | 1.25332e-02 1.07867e-01 1.39115e-01 |
    374 | 6.20207e+00 1.65831e-02 | 1.25332e-02 1.07867e-01 1.39115e-01 |
    375 | 6.21866e+00 1.65830e-02 | 1.25332e-02 1.07867e-01 1.39115e-01 |
    376 | 6.23524e+00 1.65829e-02 | 1.25332e-02 1.07867e-01 1.39115e-01 |
    377 | 6.25182e+00 1.65829e-02 | 1.25332e-02 1.07867e-01 1.39115e-01 |
    378 | 6.26841e+00 1.65829e-02 | 1.25332e-02 1.07867e-01 1.39115e-01 |
    379 | 6.28499e+00 1.65828e-02 | 1.25332e-02 1.07867e-01 1.39115e-01 |
    380 | 6.30157e+00 1.65828e-02 | 1.25332e-02 1.07867e-01 1.39115e-01 |
    381 | 6.31815e+00 1.65827e-02 | 1.25332e-02 1.07867e-01 1.39115e-01 |
    382 | 6.33474e+00 1.65827e-02 | 1.25332e-02 1.07867e-01 1.39115e-01 |
    383 | 6.35132e+00 1.65827e-02 | 1.25332e-02 1.07867e-01 1.39115e-01 |
    384 | 6.36790e+00 1.65827e-02 | 1.25332e-02 1.07867e-01 1.39115e-01 |
    385 | 6.38449e+00 1.65826e-02 | 1.25332e-02 1.07867e-01 1.39115e-01 |
    386 | 6.40107e+00 1.65826e-02 | 1.25332e-02 1.07867e-01 1.39115e-01 |
    387 | 6.41765e+00 1.65826e-02 | 1.25332e-02 1.07867e-01 1.39115e-01 |
    388 | 6.43423e+00 1.65826e-02 | 1.25332e-02 1.07867e-01 1.39115e-01 |
    389 | 6.45082e+00 1.65826e-02 | 1.25332e-02 1.07867e-01 1.39115e-01 |
    390 | 6.46740e+00 1.65826e-02 | 1.25332e-02 1.07867e-01 1.39115e-01 |
    391 | 6.48398e+00 1.65826e-02 | 1.25332e-02 1.07867e-01 1.39115e-01 |
    392 | 6.50056e+00 1.65826e-02 | 1.25332e-02 1.07867e-01 1.39115e-01 |
    393 | 6.51715e+00 1.65826e-02 | 1.25332e-02 1.07867e-01 1.39115e-01 |
    394 | 6.53373e+00 1.65826e-02 | 1.25332e-02 1.07867e-01 1.39115e-01 |
    395 | 6.55031e+00 1.65826e-02 | 1.25332e-02 1.07867e-01 1.39115e-01 |
    396 | 6.56689e+00 1.65826e-02 | 1.25332e-02 1.07867e-01 1.39115e-01 |
    397 | 6.58348e+00 1.65827e-02 | 1.25332e-02 1.07867e-01 1.39115e-01 |
    398 | 6.60006e+00 1.65827e-02 | 1.25332e-02 1.07867e-01 1.39115e-01 |
    399 | 6.61664e+00 1.65827e-02 | 1.25332e-02 1.07867e-01 1.39115e-01 |
    400 | 6.63322e+00 1.65827e-02 | 1.25332e-02 1.07867e-01 1.39115e-01 |
    401 | 6.64981e+00 1.65828e-02 | 1.25332e-02 1.07867e-01 1.39115e-01 |
    402 | 6.66639e+00 1.65828e-02 | 1.25332e-02 1.07867e-01 1.39115e-01 |
    403 | 6.68297e+00 1.65829e-02 | 1.25332e-02 1.07867e-01 1.39115e-01 |
    404 | 6.69956e+00 1.65829e-02 | 1.25332e-02 1.07867e-01 1.39115e-01 |
    405 | 6.71614e+00 1.65830e-02 | 1.25332e-02 1.07867e-01 1.39115e-01 |
    406 | 6.73272e+00 1.65830e-02 | 1.25332e-02 1.07867e-01 1.39115e-01 |
    407 | 6.74931e+00 1.65831e-02 | 1.25332e-02 1.07867e-01 1.39115e-01 |
    408 | 6.76589e+00 1.65831e-02 | 1.25332e-02 1.07867e-01 1.39115e-01 |
    409 | 6.78247e+00 1.65832e-02 | 1.25332e-02 1.07867e-01 1.39115e-01 |
    410 | 6.79905e+00 1.65833e-02 | 1.25332e-02 1.07867e-01 1.39115e-01 |
    411 | 6.81564e+00 1.65833e-02 | 1.25332e-02 1.07867e-01 1.39115e-01 |
    412 | 6.83222e+00 1.65834e-02 | 1.25332e-02 1.07867e-01 1.39115e-01 |
    413 | 6.84881e+00 1.65835e-02 | 1.25332e-02 1.07867e-01 1.39115e-01 |
    414 | 6.86539e+00 1.65836e-02 | 1.25332e-02 1.07867e-01 1.39115e-01 |
    415 | 6.88197e+00 1.65836e-02 | 1.25332e-02 1.07867e-01 1.39115e-01 |
    416 | 6.89856e+00 1.65837e-02 | 1.25332e-02 1.07867e-01 1.39115e-01 |
    417 | 6.91514e+00 1.65838e-02 | 1.25332e-02 1.07867e-01 1.39115e-01 |
    418 | 6.93172e+00 1.65839e-02 | 1.25332e-02 1.07867e-01 1.39115e-01 |
    419 | 6.94831e+00 1.65839e-02 | 1.25332e-02 1.07867e-01 1.39115e-01 |
    420 | 6.96489e+00 1.65838e-02 | 1.25332e-02 1.07867e-01 1.39115e-01 |
    421 | 6.98148e+00 1.65838e-02 | 1.25332e-02 1.07867e-01 1.39115e-01 |
    422 | 6.99806e+00 1.65837e-02 | 1.25332e-02 1.07867e-01 1.39115e-01 |
    423 | 7.01464e+00 1.65837e-02 | 1.25332e-02 1.07867e-01 1.39115e-01 |
    424 | 7.03123e+00 1.65836e-02 | 1.25332e-02 1.07867e-01 1.39115e-01 |
    425 | 7.04781e+00 1.65836e-02 | 1.25332e-02 1.07867e-01 1.39115e-01 |
    426 | 7.06439e+00 1.65835e-02 | 1.25332e-02 1.07867e-01 1.39115e-01 |
    427 | 7.08098e+00 1.65834e-02 | 1.25332e-02 1.07867e-01 1.39115e-01 |
    428 | 7.09756e+00 1.65833e-02 | 1.25332e-02 1.07867e-01 1.39115e-01 |
    429 | 7.11414e+00 1.65833e-02 | 1.25332e-02 1.07867e-01 1.39115e-01 |
    430 | 7.13073e+00 1.65832e-02 | 1.25332e-02 1.07867e-01 1.39115e-01 |
    431 | 7.14731e+00 1.65832e-02 | 1.25332e-02 1.07867e-01 1.39115e-01 |
    432 | 7.16389e+00 1.65831e-02 | 1.25332e-02 1.07867e-01 1.39115e-01 |
    433 | 7.18048e+00 1.65831e-02 | 1.25332e-02 1.07867e-01 1.39115e-01 |
    434 | 7.19706e+00 1.65830e-02 | 1.25332e-02 1.07867e-01 1.39115e-01 |
    435 | 7.21364e+00 1.65830e-02 | 1.25332e-02 1.07867e-01 1.39115e-01 |
    436 | 7.23022e+00 1.65829e-02 | 1.25332e-02 1.07867e-01 1.39115e-01 |
    437 | 7.24681e+00 1.65829e-02 | 1.25332e-02 1.07867e-01 1.39115e-01 |
    438 | 7.26339e+00 1.65829e-02 | 1.25332e-02 1.07867e-01 1.39115e-01 |
    439 | 7.27997e+00 1.65828e-02 | 1.25332e-02 1.07867e-01 1.39115e-01 |
    440 | 7.29656e+00 1.65828e-02 | 1.25332e-02 1.07867e-01 1.39115e-01 |
    441 | 7.31314e+00 1.65828e-02 | 1.25332e-02 1.07867e-01 1.39115e-01 |
    442 | 7.32972e+00 1.65828e-02 | 1.25332e-02 1.07867e-01 1.39115e-01 |
    443 | 7.34630e+00 1.65827e-02 | 1.25332e-02 1.07867e-01 1.39115e-01 |
    444 | 7.36289e+00 1.65827e-02 | 1.25332e-02 1.07867e-01 1.39115e-01 |
    445 | 7.37947e+00 1.65827e-02 | 1.25332e-02 1.07867e-01 1.39115e-01 |
    446 | 7.39605e+00 1.65827e-02 | 1.25332e-02 1.07867e-01 1.39115e-01 |
    447 | 7.41264e+00 1.65827e-02 | 1.25332e-02 1.07867e-01 1.39115e-01 |
    448 | 7.42922e+00 1.65827e-02 | 1.25332e-02 1.07867e-01 1.39115e-01 |
    449 | 7.44580e+00 1.65827e-02 | 1.25332e-02 1.07867e-01 1.39115e-01 |
    450 | 7.46238e+00 1.65827e-02 | 1.25332e-02 1.07867e-01 1.39115e-01 |
    451 | 7.47897e+00 1.65827e-02 | 1.25332e-02 1.07867e-01 1.39115e-01 |
    452 | 7.49555e+00 1.65828e-02 | 1.25332e-02 1.07867e-01 1.39115e-01 |
    453 | 7.51213e+00 1.65828e-02 | 1.25332e-02 1.07867e-01 1.39115e-01 |
    454 | 7.52871e+00 1.65828e-02 | 1.25332e-02 1.07867e-01 1.39115e-01 |
    455 | 7.54530e+00 1.65828e-02 | 1.25332e-02 1.07867e-01 1.39115e-01 |
    456 | 7.56188e+00 1.65828e-02 | 1.25332e-02 1.07867e-01 1.39115e-01 |
    457 | 7.57846e+00 1.65829e-02 | 1.25332e-02 1.07867e-01 1.39115e-01 |
    458 | 7.59505e+00 1.65829e-02 | 1.25332e-02 1.07867e-01 1.39115e-01 |
    459 | 7.61163e+00 1.65830e-02 | 1.25332e-02 1.07867e-01 1.39115e-01 |
    460 | 7.62821e+00 1.65830e-02 | 1.25332e-02 1.07867e-01 1.39115e-01 |
    461 | 7.64479e+00 1.65830e-02 | 1.25332e-02 1.07867e-01 1.39115e-01 |
    462 | 7.66138e+00 1.65831e-02 | 1.25332e-02 1.07867e-01 1.39115e-01 |
    463 | 7.67796e+00 1.65832e-02 | 1.25332e-02 1.07867e-01 1.39115e-01 |
    464 | 7.69454e+00 1.65832e-02 | 1.25332e-02 1.07867e-01 1.39115e-01 |
    465 | 7.71113e+00 1.65833e-02 | 1.25332e-02 1.07867e-01 1.39115e-01 |
    466 | 7.72771e+00 1.65833e-02 | 1.25332e-02 1.07867e-01 1.39115e-01 |
    467 | 7.74429e+00 1.65834e-02 | 1.25332e-02 1.07867e-01 1.39115e-01 |
    468 | 7.76088e+00 1.65835e-02 | 1.25332e-02 1.07867e-01 1.39115e-01 |
    469 | 7.77746e+00 1.65836e-02 | 1.25332e-02 1.07867e-01 1.39115e-01 |
    470 | 7.79405e+00 1.65836e-02 | 1.25332e-02 1.07867e-01 1.39115e-01 |
    471 | 7.81063e+00 1.65837e-02 | 1.25332e-02 1.07867e-01 1.39115e-01 |
    472 | 7.82721e+00 1.65838e-02 | 1.25332e-02 1.07867e-01 1.39115e-01 |
    473 | 7.84380e+00 1.65839e-02 | 1.25332e-02 1.07867e-01 1.39115e-01 |
    474 | 7.86038e+00 1.65838e-02 | 1.25332e-02 1.07867e-01 1.39115e-01 |
    475 | 7.87696e+00 1.65837e-02 | 1.25332e-02 1.07867e-01 1.39115e-01 |
    476 | 7.89355e+00 1.65836e-02 | 1.25332e-02 1.07867e-01 1.39115e-01 |
    477 | 7.91013e+00 1.65835e-02 | 1.25332e-02 1.07867e-01 1.39115e-01 |
    478 | 7.92671e+00 1.65834e-02 | 1.25332e-02 1.07867e-01 1.39115e-01 |
    479 | 7.94330e+00 1.65834e-02 | 1.25332e-02 1.07867e-01 1.39115e-01 |
    480 | 7.95988e+00 1.65833e-02 | 1.25332e-02 1.07867e-01 1.39115e-01 |
    481 | 7.97646e+00 1.65832e-02 | 1.25332e-02 1.07867e-01 1.39115e-01 |
    482 | 7.99305e+00 1.65832e-02 | 1.25332e-02 1.07867e-01 1.39115e-01 |
    483 | 8.00963e+00 1.65831e-02 | 1.25332e-02 1.07867e-01 1.39115e-01 |
    484 | 8.02621e+00 1.65830e-02 | 1.25332e-02 1.07867e-01 1.39115e-01 |
    485 | 8.04280e+00 1.65830e-02 | 1.25332e-02 1.07867e-01 1.39115e-01 |
    486 | 8.05938e+00 1.65829e-02 | 1.25332e-02 1.07867e-01 1.39115e-01 |
    487 | 8.07596e+00 1.65829e-02 | 1.25332e-02 1.07867e-01 1.39115e-01 |
    488 | 8.09255e+00 1.65828e-02 | 1.25332e-02 1.07867e-01 1.39115e-01 |
    489 | 8.10913e+00 1.65828e-02 | 1.25332e-02 1.07867e-01 1.39115e-01 |
    490 | 8.12571e+00 1.65827e-02 | 1.25332e-02 1.07867e-01 1.39115e-01 |
    491 | 8.14229e+00 1.65827e-02 | 1.25332e-02 1.07867e-01 1.39115e-01 |
    492 | 8.15888e+00 1.65827e-02 | 1.25332e-02 1.07867e-01 1.39115e-01 |
    493 | 8.17546e+00 1.65827e-02 | 1.25332e-02 1.07867e-01 1.39115e-01 |
    494 | 8.19204e+00 1.65826e-02 | 1.25332e-02 1.07867e-01 1.39115e-01 |
    495 | 8.20862e+00 1.65826e-02 | 1.25332e-02 1.07867e-01 1.39115e-01 |
    496 | 8.22521e+00 1.65826e-02 | 1.25332e-02 1.07867e-01 1.39115e-01 |
    497 | 8.24179e+00 1.65826e-02 | 1.25332e-02 1.07867e-01 1.39115e-01 |
    498 | 8.25837e+00 1.65826e-02 | 1.25332e-02 1.07867e-01 1.39115e-01 |
    499 | 8.27495e+00 1.65826e-02 | 1.25332e-02 1.07867e-01 1.39115e-01 |
    500 | 8.29154e+00 1.65826e-02 | 1.25332e-02 1.07867e-01 1.39115e-01 |
    501 | 8.30812e+00 1.65826e-02 | 1.25332e-02 1.07867e-01 1.39115e-01 |
    502 | 8.32470e+00 1.65826e-02 | 1.25332e-02 1.07867e-01 1.39115e-01 |
    503 | 8.34128e+00 1.65826e-02 | 1.25332e-02 1.07867e-01 1.39115e-01 |
    504 | 8.35787e+00 1.65826e-02 | 1.25332e-02 1.07867e-01 1.39115e-01 |
    505 | 8.37445e+00 1.65826e-02 | 1.25332e-02 1.07867e-01 1.39115e-01 |
    506 | 8.39103e+00 1.65826e-02 | 1.25332e-02 1.07867e-01 1.39115e-01 |
    507 | 8.40762e+00 1.65826e-02 | 1.25332e-02 1.07867e-01 1.39115e-01 |
    508 | 8.42420e+00 1.65827e-02 | 1.25332e-02 1.07867e-01 1.39115e-01 |
    509 | 8.44078e+00 1.65827e-02 | 1.25332e-02 1.07867e-01 1.39115e-01 |
    510 | 8.45736e+00 1.65827e-02 | 1.25332e-02 1.07867e-01 1.39115e-01 |
    511 | 8.47395e+00 1.65828e-02 | 1.25332e-02 1.07867e-01 1.39115e-01 |
    512 | 8.49053e+00 1.65828e-02 | 1.25332e-02 1.07867e-01 1.39115e-01 |
    513 | 8.50711e+00 1.65828e-02 | 1.25332e-02 1.07867e-01 1.39115e-01 |
    514 | 8.52369e+00 1.65829e-02 | 1.25332e-02 1.07867e-01 1.39115e-01 |
    515 | 8.54028e+00 1.65829e-02 | 1.25332e-02 1.07867e-01 1.39115e-01 |
    516 | 8.55686e+00 1.65830e-02 | 1.25332e-02 1.07867e-01 1.39115e-01 |
    517 | 8.57344e+00 1.65830e-02 | 1.25332e-02 1.07867e-01 1.39115e-01 |
    518 | 8.59003e+00 1.65831e-02 | 1.25332e-02 1.07867e-01 1.39115e-01 |
    519 | 8.60661e+00 1.65832e-02 | 1.25332e-02 1.07867e-01 1.39115e-01 |
    520 | 8.62319e+00 1.65832e-02 | 1.25332e-02 1.07867e-01 1.39115e-01 |
    521 | 8.63978e+00 1.65833e-02 | 1.25332e-02 1.07867e-01 1.39115e-01 |
    522 | 8.65636e+00 1.65834e-02 | 1.25332e-02 1.07867e-01 1.39115e-01 |
    523 | 8.67294e+00 1.65834e-02 | 1.25332e-02 1.07867e-01 1.39115e-01 |
    524 | 8.68953e+00 1.65835e-02 | 1.25332e-02 1.07867e-01 1.39115e-01 |
    525 | 8.70611e+00 1.65836e-02 | 1.25332e-02 1.07867e-01 1.39115e-01 |
    526 | 8.72269e+00 1.65837e-02 | 1.25332e-02 1.07867e-01 1.39115e-01 |
    527 | 8.73928e+00 1.65838e-02 | 1.25332e-02 1.07867e-01 1.39115e-01 |
    528 | 8.75586e+00 1.65839e-02 | 1.25332e-02 1.07867e-01 1.39115e-01 |
    529 | 8.77245e+00 1.65839e-02 | 1.25332e-02 1.07867e-01 1.39115e-01 |
    530 | 8.78903e+00 1.65839e-02 | 1.25332e-02 1.07867e-01 1.39115e-01 |
    531 | 8.80561e+00 1.65839e-02 | 1.25332e-02 1.07867e-01 1.39115e-01 |
    532 | 8.82220e+00 1.65838e-02 | 1.25332e-02 1.07867e-01 1.39115e-01 |
    533 | 8.83878e+00 1.65838e-02 | 1.25332e-02 1.07867e-01 1.39115e-01 |
    534 | 8.85536e+00 1.65837e-02 | 1.25332e-02 1.07867e-01 1.39115e-01 |
    535 | 8.87195e+00 1.65837e-02 | 1.25332e-02 1.07867e-01 1.39115e-01 |
    536 | 8.88853e+00 1.65837e-02 | 1.25332e-02 1.07867e-01 1.39115e-01 |
    537 | 8.90512e+00 1.65837e-02 | 1.25332e-02 1.07867e-01 1.39115e-01 |
    538 | 8.92170e+00 1.65836e-02 | 1.25332e-02 1.07867e-01 1.39115e-01 |
    539 | 8.93828e+00 1.65836e-02 | 1.25332e-02 1.07867e-01 1.39115e-01 |
    540 | 8.95487e+00 1.65836e-02 | 1.25332e-02 1.07867e-01 1.39115e-01 |
    541 | 8.97145e+00 1.65836e-02 | 1.25332e-02 1.07867e-01 1.39115e-01 |
    542 | 8.98803e+00 1.65836e-02 | 1.25332e-02 1.07867e-01 1.39115e-01 |
    543 | 9.00462e+00 1.65836e-02 | 1.25332e-02 1.07867e-01 1.39115e-01 |
    544 | 9.02120e+00 1.65836e-02 | 1.25332e-02 1.07867e-01 1.39115e-01 |
    545 | 9.03778e+00 1.65836e-02 | 1.25332e-02 1.07867e-01 1.39115e-01 |
    546 | 9.05437e+00 1.65836e-02 | 1.25332e-02 1.07867e-01 1.39115e-01 |
    547 | 9.07095e+00 1.65836e-02 | 1.25332e-02 1.07867e-01 1.39115e-01 |
    548 | 9.08754e+00 1.65836e-02 | 1.25332e-02 1.07867e-01 1.39115e-01 |
    549 | 9.10412e+00 1.65836e-02 | 1.25332e-02 1.07867e-01 1.39115e-01 |
    550 | 9.12070e+00 1.65835e-02 | 1.25332e-02 1.07867e-01 1.39115e-01 |
    551 | 9.13729e+00 1.65835e-02 | 1.25332e-02 1.07867e-01 1.39115e-01 |
    552 | 9.15387e+00 1.65835e-02 | 1.25332e-02 1.07867e-01 1.39115e-01 |
    553 | 9.17045e+00 1.65834e-02 | 1.25332e-02 1.07867e-01 1.39115e-01 |
    554 | 9.18704e+00 1.65834e-02 | 1.25332e-02 1.07867e-01 1.39115e-01 |
    555 | 9.20362e+00 1.65834e-02 | 1.25332e-02 1.07867e-01 1.39115e-01 |
    556 | 9.22020e+00 1.65834e-02 | 1.25332e-02 1.07867e-01 1.39115e-01 |
    557 | 9.23679e+00 1.65833e-02 | 1.25332e-02 1.07867e-01 1.39115e-01 |
    558 | 9.25337e+00 1.65833e-02 | 1.25332e-02 1.07867e-01 1.39115e-01 |
    559 | 9.26995e+00 1.65833e-02 | 1.25332e-02 1.07867e-01 1.39115e-01 |
    560 | 9.28654e+00 1.65833e-02 | 1.25332e-02 1.07867e-01 1.39115e-01 |
    561 | 9.30312e+00 1.65833e-02 | 1.25332e-02 1.07867e-01 1.39115e-01 |
    562 | 9.31970e+00 1.65833e-02 | 1.25332e-02 1.07867e-01 1.39115e-01 |
    563 | 9.33629e+00 1.65833e-02 | 1.25332e-02 1.07867e-01 1.39115e-01 |
    564 | 9.35287e+00 1.65833e-02 | 1.25332e-02 1.07867e-01 1.39115e-01 |
    565 | 9.36945e+00 1.65833e-02 | 1.25332e-02 1.07867e-01 1.39115e-01 |
    566 | 9.38604e+00 1.65833e-02 | 1.25332e-02 1.07867e-01 1.39115e-01 |
    567 | 9.40262e+00 1.65834e-02 | 1.25332e-02 1.07867e-01 1.39115e-01 |
    568 | 9.41920e+00 1.65834e-02 | 1.25332e-02 1.07867e-01 1.39115e-01 |
    569 | 9.43579e+00 1.65834e-02 | 1.25332e-02 1.07867e-01 1.39115e-01 |
    570 | 9.45237e+00 1.65834e-02 | 1.25332e-02 1.07867e-01 1.39115e-01 |
    571 | 9.46895e+00 1.65835e-02 | 1.25332e-02 1.07867e-01 1.39115e-01 |
    572 | 9.48554e+00 1.65835e-02 | 1.25332e-02 1.07867e-01 1.39115e-01 |
    573 | 9.50212e+00 1.65835e-02 | 1.25332e-02 1.07867e-01 1.39115e-01 |
    574 | 9.51870e+00 1.65836e-02 | 1.25332e-02 1.07867e-01 1.39115e-01 |
    575 | 9.53529e+00 1.65836e-02 | 1.25332e-02 1.07867e-01 1.39115e-01 |
    576 | 9.55187e+00 1.65837e-02 | 1.25332e-02 1.07867e-01 1.39115e-01 |
    577 | 9.56845e+00 1.65837e-02 | 1.25332e-02 1.07867e-01 1.39115e-01 |
    578 | 9.58504e+00 1.65838e-02 | 1.25332e-02 1.07867e-01 1.39115e-01 |
    579 | 9.60162e+00 1.65837e-02 | 1.25332e-02 1.07867e-01 1.39115e-01 |
    580 | 9.61821e+00 1.65837e-02 | 1.25332e-02 1.07867e-01 1.39115e-01 |
    581 | 9.63479e+00 1.65836e-02 | 1.25332e-02 1.07867e-01 1.39115e-01 |
    582 | 9.65137e+00 1.65835e-02 | 1.25332e-02 1.07867e-01 1.39115e-01 |
    583 | 9.66796e+00 1.65834e-02 | 1.25332e-02 1.07867e-01 1.39115e-01 |
    584 | 9.68454e+00 1.65834e-02 | 1.25332e-02 1.07867e-01 1.39115e-01 |
    585 | 9.70112e+00 1.65833e-02 | 1.25332e-02 1.07867e-01 1.39115e-01 |
    586 | 9.71771e+00 1.65832e-02 | 1.25332e-02 1.07867e-01 1.39115e-01 |
    587 | 9.73429e+00 1.65832e-02 | 1.25332e-02 1.07867e-01 1.39115e-01 |
    588 | 9.75087e+00 1.65831e-02 | 1.25332e-02 1.07867e-01 1.39115e-01 |
    589 | 9.76746e+00 1.65831e-02 | 1.25332e-02 1.07867e-01 1.39115e-01 |
    590 | 9.78404e+00 1.65830e-02 | 1.25332e-02 1.07867e-01 1.39115e-01 |
    591 | 9.80062e+00 1.65830e-02 | 1.25332e-02 1.07867e-01 1.39115e-01 |
    592 | 9.81720e+00 1.65829e-02 | 1.25332e-02 1.07867e-01 1.39115e-01 |
    593 | 9.83379e+00 1.65829e-02 | 1.25332e-02 1.07867e-01 1.39115e-01 |
    594 | 9.85037e+00 1.65828e-02 | 1.25332e-02 1.07867e-01 1.39115e-01 |
    595 | 9.86695e+00 1.65828e-02 | 1.25332e-02 1.07867e-01 1.39115e-01 |
    596 | 9.88354e+00 1.65828e-02 | 1.25332e-02 1.07867e-01 1.39115e-01 |
    597 | 9.90012e+00 1.65828e-02 | 1.25332e-02 1.07867e-01 1.39115e-01 |
    598 | 9.91670e+00 1.65827e-02 | 1.25332e-02 1.07867e-01 1.39115e-01 |
    599 | 9.93328e+00 1.65827e-02 | 1.25332e-02 1.07867e-01 1.39115e-01 |
    600 | 9.94987e+00 1.65827e-02 | 1.25332e-02 1.07867e-01 1.39115e-01 |
    601 | 9.96645e+00 1.65827e-02 | 1.25332e-02 1.07867e-01 1.39115e-01 |
    602 | 9.98303e+00 1.65827e-02 | 1.25332e-02 1.07867e-01 1.39115e-01 |
    603 | 9.99961e+00 1.65827e-02 | 1.25332e-02 1.07867e-01 1.39115e-01 |
    604 | 1.00162e+01 1.65827e-02 | 1.25332e-02 1.07867e-01 1.39115e-01 |
    605 | 1.00328e+01 1.65827e-02 | 1.25332e-02 1.07867e-01 1.39115e-01 |
    606 | 1.00494e+01 1.65827e-02 | 1.25332e-02 1.07867e-01 1.39115e-01 |
    607 | 1.00659e+01 1.65827e-02 | 1.25332e-02 1.07867e-01 1.39115e-01 |
    608 | 1.00825e+01 1.65827e-02 | 1.25332e-02 1.07867e-01 1.39115e-01 |
    609 | 1.00991e+01 1.65827e-02 | 1.25332e-02 1.07867e-01 1.39115e-01 |
    610 | 1.01157e+01 1.65827e-02 | 1.25332e-02 1.07867e-01 1.39115e-01 |
    611 | 1.01323e+01 1.65828e-02 | 1.25332e-02 1.07867e-01 1.39115e-01 |
    612 | 1.01489e+01 1.65828e-02 | 1.25332e-02 1.07867e-01 1.39115e-01 |
    613 | 1.01654e+01 1.65828e-02 | 1.25332e-02 1.07867e-01 1.39115e-01 |
    614 | 1.01820e+01 1.65829e-02 | 1.25332e-02 1.07867e-01 1.39115e-01 |
    615 | 1.01986e+01 1.65829e-02 | 1.25332e-02 1.07867e-01 1.39115e-01 |
    616 | 1.02152e+01 1.65829e-02 | 1.25332e-02 1.07867e-01 1.39115e-01 |
    617 | 1.02318e+01 1.65830e-02 | 1.25332e-02 1.07867e-01 1.39115e-01 |
    618 | 1.02484e+01 1.65830e-02 | 1.25332e-02 1.07867e-01 1.39115e-01 |
    619 | 1.02649e+01 1.65831e-02 | 1.25332e-02 1.07867e-01 1.39115e-01 |
    620 | 1.02815e+01 1.65831e-02 | 1.25332e-02 1.07867e-01 1.39115e-01 |
    621 | 1.02981e+01 1.65832e-02 | 1.25332e-02 1.07867e-01 1.39115e-01 |
    622 | 1.03147e+01 1.65833e-02 | 1.25332e-02 1.07867e-01 1.39115e-01 |
    623 | 1.03313e+01 1.65833e-02 | 1.25332e-02 1.07867e-01 1.39115e-01 |
    624 | 1.03479e+01 1.65834e-02 | 1.25332e-02 1.07867e-01 1.39115e-01 |
    625 | 1.03644e+01 1.65835e-02 | 1.25332e-02 1.07867e-01 1.39115e-01 |
    626 | 1.03810e+01 1.65835e-02 | 1.25332e-02 1.07867e-01 1.39115e-01 |
    627 | 1.03976e+01 1.65836e-02 | 1.25332e-02 1.07867e-01 1.39115e-01 |
    628 | 1.04142e+01 1.65837e-02 | 1.25332e-02 1.07867e-01 1.39115e-01 |
    629 | 1.04308e+01 1.65838e-02 | 1.25332e-02 1.07867e-01 1.39115e-01 |
    630 | 1.04474e+01 1.65839e-02 | 1.25332e-02 1.07867e-01 1.39115e-01 |
    631 | 1.04639e+01 1.65839e-02 | 1.25332e-02 1.07867e-01 1.39115e-01 |
    632 | 1.04805e+01 1.65840e-02 | 1.25332e-02 1.07867e-01 1.39115e-01 |
    633 | 1.04971e+01 1.65839e-02 | 1.25332e-02 1.07867e-01 1.39115e-01 |
    634 | 1.05137e+01 1.65838e-02 | 1.25332e-02 1.07867e-01 1.39115e-01 |
    635 | 1.05303e+01 1.65837e-02 | 1.25332e-02 1.07867e-01 1.39115e-01 |
    636 | 1.05469e+01 1.65837e-02 | 1.25332e-02 1.07867e-01 1.39115e-01 |
    637 | 1.05634e+01 1.65836e-02 | 1.25332e-02 1.07867e-01 1.39115e-01 |
    638 | 1.05800e+01 1.65835e-02 | 1.25332e-02 1.07867e-01 1.39115e-01 |
    639 | 1.05966e+01 1.65835e-02 | 1.25332e-02 1.07867e-01 1.39115e-01 |
    640 | 1.06132e+01 1.65834e-02 | 1.25332e-02 1.07867e-01 1.39115e-01 |
    641 | 1.06298e+01 1.65833e-02 | 1.25332e-02 1.07867e-01 1.39115e-01 |
    642 | 1.06464e+01 1.65833e-02 | 1.25332e-02 1.07867e-01 1.39115e-01 |
    643 | 1.06629e+01 1.65832e-02 | 1.25332e-02 1.07867e-01 1.39115e-01 |
    644 | 1.06795e+01 1.65832e-02 | 1.25332e-02 1.07867e-01 1.39115e-01 |
    645 | 1.06961e+01 1.65831e-02 | 1.25332e-02 1.07867e-01 1.39115e-01 |
    646 | 1.07127e+01 1.65831e-02 | 1.25332e-02 1.07867e-01 1.39115e-01 |
    647 | 1.07293e+01 1.65831e-02 | 1.25332e-02 1.07867e-01 1.39115e-01 |
    648 | 1.07459e+01 1.65830e-02 | 1.25332e-02 1.07867e-01 1.39115e-01 |
    649 | 1.07624e+01 1.65830e-02 | 1.25332e-02 1.07867e-01 1.39115e-01 |
    650 | 1.07790e+01 1.65830e-02 | 1.25332e-02 1.07867e-01 1.39115e-01 |
    651 | 1.07956e+01 1.65830e-02 | 1.25332e-02 1.07867e-01 1.39115e-01 |
    652 | 1.08122e+01 1.65829e-02 | 1.25332e-02 1.07867e-01 1.39115e-01 |
    653 | 1.08288e+01 1.65829e-02 | 1.25332e-02 1.07867e-01 1.39115e-01 |
    654 | 1.08454e+01 1.65829e-02 | 1.25332e-02 1.07867e-01 1.39115e-01 |
    655 | 1.08619e+01 1.65829e-02 | 1.25332e-02 1.07867e-01 1.39115e-01 |
    656 | 1.08785e+01 1.65829e-02 | 1.25332e-02 1.07867e-01 1.39115e-01 |
    657 | 1.08951e+01 1.65829e-02 | 1.25332e-02 1.07867e-01 1.39115e-01 |
    658 | 1.09117e+01 1.65829e-02 | 1.25332e-02 1.07867e-01 1.39115e-01 |
    659 | 1.09283e+01 1.65829e-02 | 1.25332e-02 1.07867e-01 1.39115e-01 |
    660 | 1.09449e+01 1.65829e-02 | 1.25332e-02 1.07867e-01 1.39115e-01 |
    661 | 1.09614e+01 1.65829e-02 | 1.25332e-02 1.07867e-01 1.39115e-01 |
    662 | 1.09780e+01 1.65829e-02 | 1.25332e-02 1.07867e-01 1.39115e-01 |
    663 | 1.09946e+01 1.65829e-02 | 1.25332e-02 1.07867e-01 1.39115e-01 |
    664 | 1.10112e+01 1.65830e-02 | 1.25332e-02 1.07867e-01 1.39115e-01 |
    665 | 1.10278e+01 1.65830e-02 | 1.25332e-02 1.07867e-01 1.39115e-01 |
    666 | 1.10444e+01 1.65830e-02 | 1.25332e-02 1.07867e-01 1.39115e-01 |
    667 | 1.10609e+01 1.65831e-02 | 1.25332e-02 1.07867e-01 1.39115e-01 |
    668 | 1.10775e+01 1.65831e-02 | 1.25332e-02 1.07867e-01 1.39115e-01 |
    669 | 1.10941e+01 1.65831e-02 | 1.25332e-02 1.07867e-01 1.39115e-01 |
    670 | 1.11107e+01 1.65832e-02 | 1.25332e-02 1.07867e-01 1.39115e-01 |
    671 | 1.11273e+01 1.65832e-02 | 1.25332e-02 1.07867e-01 1.39115e-01 |
    672 | 1.11439e+01 1.65832e-02 | 1.25332e-02 1.07867e-01 1.39115e-01 |
    673 | 1.11604e+01 1.65832e-02 | 1.25332e-02 1.07867e-01 1.39115e-01 |
    674 | 1.11770e+01 1.65832e-02 | 1.25332e-02 1.07867e-01 1.39115e-01 |
    675 | 1.11936e+01 1.65833e-02 | 1.25332e-02 1.07867e-01 1.39115e-01 |
    676 | 1.12102e+01 1.65833e-02 | 1.25332e-02 1.07867e-01 1.39115e-01 |
    677 | 1.12268e+01 1.65833e-02 | 1.25332e-02 1.07867e-01 1.39115e-01 |
    678 | 1.12434e+01 1.65833e-02 | 1.25332e-02 1.07867e-01 1.39115e-01 |
    679 | 1.12599e+01 1.65833e-02 | 1.25332e-02 1.07867e-01 1.39115e-01 |
    680 | 1.12765e+01 1.65834e-02 | 1.25332e-02 1.07867e-01 1.39115e-01 |
    681 | 1.12931e+01 1.65834e-02 | 1.25332e-02 1.07867e-01 1.39115e-01 |
    682 | 1.13097e+01 1.65834e-02 | 1.25332e-02 1.07867e-01 1.39115e-01 |
    683 | 1.13263e+01 1.65835e-02 | 1.25332e-02 1.07867e-01 1.39115e-01 |
    684 | 1.13429e+01 1.65835e-02 | 1.25332e-02 1.07867e-01 1.39115e-01 |
    685 | 1.13594e+01 1.65836e-02 | 1.25332e-02 1.07867e-01 1.39115e-01 |
    686 | 1.13760e+01 1.65836e-02 | 1.25332e-02 1.07867e-01 1.39115e-01 |
    687 | 1.13926e+01 1.65837e-02 | 1.25332e-02 1.07867e-01 1.39115e-01 |
    688 | 1.14092e+01 1.65837e-02 | 1.25332e-02 1.07867e-01 1.39115e-01 |
    689 | 1.14258e+01 1.65838e-02 | 1.25332e-02 1.07867e-01 1.39115e-01 |
    690 | 1.14424e+01 1.65837e-02 | 1.25332e-02 1.07867e-01 1.39115e-01 |
    691 | 1.14589e+01 1.65836e-02 | 1.25332e-02 1.07867e-01 1.39115e-01 |
    692 | 1.14755e+01 1.65835e-02 | 1.25332e-02 1.07867e-01 1.39115e-01 |
    693 | 1.14921e+01 1.65835e-02 | 1.25332e-02 1.07867e-01 1.39115e-01 |
    694 | 1.15087e+01 1.65834e-02 | 1.25332e-02 1.07867e-01 1.39115e-01 |
    695 | 1.15253e+01 1.65833e-02 | 1.25332e-02 1.07867e-01 1.39115e-01 |
    696 | 1.15419e+01 1.65833e-02 | 1.25332e-02 1.07867e-01 1.39115e-01 |
    697 | 1.15584e+01 1.65832e-02 | 1.25332e-02 1.07867e-01 1.39115e-01 |
    698 | 1.15750e+01 1.65831e-02 | 1.25332e-02 1.07867e-01 1.39115e-01 |
    699 | 1.15916e+01 1.65831e-02 | 1.25332e-02 1.07867e-01 1.39115e-01 |
    700 | 1.16082e+01 1.65830e-02 | 1.25332e-02 1.07867e-01 1.39115e-01 |
    701 | 1.16248e+01 1.65830e-02 | 1.25332e-02 1.07867e-01 1.39115e-01 |
    702 | 1.16414e+01 1.65830e-02 | 1.25332e-02 1.07867e-01 1.39115e-01 |
    703 | 1.16579e+01 1.65829e-02 | 1.25332e-02 1.07867e-01 1.39115e-01 |
    704 | 1.16745e+01 1.65829e-02 | 1.25332e-02 1.07867e-01 1.39115e-01 |
    705 | 1.16911e+01 1.65828e-02 | 1.25332e-02 1.07867e-01 1.39115e-01 |
    706 | 1.17077e+01 1.65828e-02 | 1.25332e-02 1.07867e-01 1.39115e-01 |
    707 | 1.17243e+01 1.65828e-02 | 1.25332e-02 1.07867e-01 1.39115e-01 |
    708 | 1.17409e+01 1.65828e-02 | 1.25332e-02 1.07867e-01 1.39115e-01 |
    709 | 1.17574e+01 1.65828e-02 | 1.25332e-02 1.07867e-01 1.39115e-01 |
    710 | 1.17740e+01 1.65827e-02 | 1.25332e-02 1.07867e-01 1.39115e-01 |
    711 | 1.17906e+01 1.65827e-02 | 1.25332e-02 1.07867e-01 1.39115e-01 |
    712 | 1.18072e+01 1.65827e-02 | 1.25332e-02 1.07867e-01 1.39115e-01 |
    713 | 1.18238e+01 1.65827e-02 | 1.25332e-02 1.07867e-01 1.39115e-01 |
    714 | 1.18403e+01 1.65827e-02 | 1.25332e-02 1.07867e-01 1.39115e-01 |
    715 | 1.18569e+01 1.65827e-02 | 1.25332e-02 1.07867e-01 1.39115e-01 |
    716 | 1.18735e+01 1.65827e-02 | 1.25332e-02 1.07867e-01 1.39115e-01 |
    717 | 1.18901e+01 1.65827e-02 | 1.25332e-02 1.07867e-01 1.39115e-01 |
    718 | 1.19067e+01 1.65827e-02 | 1.25332e-02 1.07867e-01 1.39115e-01 |
    719 | 1.19233e+01 1.65828e-02 | 1.25332e-02 1.07867e-01 1.39115e-01 |
    720 | 1.19398e+01 1.65828e-02 | 1.25332e-02 1.07867e-01 1.39115e-01 |
    721 | 1.19564e+01 1.65828e-02 | 1.25332e-02 1.07867e-01 1.39115e-01 |
    722 | 1.19730e+01 1.65828e-02 | 1.25332e-02 1.07867e-01 1.39115e-01 |
    723 | 1.19896e+01 1.65829e-02 | 1.25332e-02 1.07867e-01 1.39115e-01 |
    724 | 1.20062e+01 1.65829e-02 | 1.25332e-02 1.07867e-01 1.39115e-01 |
    725 | 1.20228e+01 1.65829e-02 | 1.25332e-02 1.07867e-01 1.39115e-01 |
    726 | 1.20393e+01 1.65830e-02 | 1.25332e-02 1.07867e-01 1.39115e-01 |
    727 | 1.20559e+01 1.65830e-02 | 1.25332e-02 1.07867e-01 1.39115e-01 |
    728 | 1.20725e+01 1.65831e-02 | 1.25332e-02 1.07867e-01 1.39115e-01 |
    729 | 1.20891e+01 1.65831e-02 | 1.25332e-02 1.07867e-01 1.39115e-01 |
    730 | 1.21057e+01 1.65832e-02 | 1.25332e-02 1.07867e-01 1.39115e-01 |
    731 | 1.21223e+01 1.65832e-02 | 1.25332e-02 1.07867e-01 1.39115e-01 |
    732 | 1.21388e+01 1.65833e-02 | 1.25332e-02 1.07867e-01 1.39115e-01 |
    733 | 1.21554e+01 1.65834e-02 | 1.25332e-02 1.07867e-01 1.39115e-01 |
    734 | 1.21720e+01 1.65834e-02 | 1.25332e-02 1.07867e-01 1.39115e-01 |
    735 | 1.21886e+01 1.65835e-02 | 1.25332e-02 1.07867e-01 1.39115e-01 |
    736 | 1.22052e+01 1.65836e-02 | 1.25332e-02 1.07867e-01 1.39115e-01 |
    737 | 1.22218e+01 1.65837e-02 | 1.25332e-02 1.07867e-01 1.39115e-01 |
    738 | 1.22383e+01 1.65837e-02 | 1.25332e-02 1.07867e-01 1.39115e-01 |
    739 | 1.22549e+01 1.65838e-02 | 1.25332e-02 1.07867e-01 1.39115e-01 |
    740 | 1.22715e+01 1.65839e-02 | 1.25332e-02 1.07867e-01 1.39115e-01 |
    741 | 1.22881e+01 1.65840e-02 | 1.25332e-02 1.07867e-01 1.39115e-01 |
    742 | 1.23047e+01 1.65840e-02 | 1.25332e-02 1.07867e-01 1.39115e-01 |
    743 | 1.23213e+01 1.65840e-02 | 1.25332e-02 1.07867e-01 1.39115e-01 |
    744 | 1.23378e+01 1.65839e-02 | 1.25332e-02 1.07867e-01 1.39115e-01 |
    745 | 1.23544e+01 1.65838e-02 | 1.25332e-02 1.07867e-01 1.39115e-01 |
    746 | 1.23710e+01 1.65837e-02 | 1.25332e-02 1.07867e-01 1.39115e-01 |
    747 | 1.23876e+01 1.65837e-02 | 1.25332e-02 1.07867e-01 1.39115e-01 |
    748 | 1.24042e+01 1.65836e-02 | 1.25332e-02 1.07867e-01 1.39115e-01 |
    749 | 1.24208e+01 1.65835e-02 | 1.25332e-02 1.07867e-01 1.39115e-01 |
    750 | 1.24373e+01 1.65835e-02 | 1.25332e-02 1.07867e-01 1.39115e-01 |
    751 | 1.24539e+01 1.65834e-02 | 1.25332e-02 1.07867e-01 1.39115e-01 |
    752 | 1.24705e+01 1.65833e-02 | 1.25332e-02 1.07867e-01 1.39115e-01 |
    753 | 1.24871e+01 1.65833e-02 | 1.25332e-02 1.07867e-01 1.39115e-01 |
    754 | 1.25037e+01 1.65832e-02 | 1.25332e-02 1.07867e-01 1.39115e-01 |
    755 | 1.25203e+01 1.65832e-02 | 1.25332e-02 1.07867e-01 1.39115e-01 |
    756 | 1.25368e+01 1.65831e-02 | 1.25332e-02 1.07867e-01 1.39115e-01 |
    757 | 1.25534e+01 1.65830e-02 | 1.25332e-02 1.07867e-01 1.39115e-01 |
    758 | 1.25700e+01 1.65830e-02 | 1.25332e-02 1.07867e-01 1.39115e-01 |
    759 | 1.25866e+01 1.65829e-02 | 1.25332e-02 1.07867e-01 1.39115e-01 |
    760 | 1.26032e+01 1.65829e-02 | 1.25332e-02 1.07867e-01 1.39115e-01 |
    761 | 1.26198e+01 1.65828e-02 | 1.25332e-02 1.07867e-01 1.39115e-01 |
    762 | 1.26363e+01 1.65828e-02 | 1.25332e-02 1.07867e-01 1.39115e-01 |
    763 | 1.26529e+01 1.65827e-02 | 1.25332e-02 1.07867e-01 1.39115e-01 |
    764 | 1.26695e+01 1.65827e-02 | 1.25332e-02 1.07867e-01 1.39115e-01 |
    765 | 1.26861e+01 1.65826e-02 | 1.25332e-02 1.07867e-01 1.39115e-01 |
    766 | 1.27027e+01 1.65826e-02 | 1.25332e-02 1.07867e-01 1.39115e-01 |
    767 | 1.27193e+01 1.65826e-02 | 1.25332e-02 1.07867e-01 1.39115e-01 |
    768 | 1.27358e+01 1.65826e-02 | 1.25332e-02 1.07867e-01 1.39115e-01 |
    769 | 1.27524e+01 1.65825e-02 | 1.25332e-02 1.07867e-01 1.39115e-01 |
    770 | 1.27690e+01 1.65825e-02 | 1.25332e-02 1.07867e-01 1.39115e-01 |
    771 | 1.27856e+01 1.65825e-02 | 1.25332e-02 1.07867e-01 1.39115e-01 |
    772 | 1.28022e+01 1.65825e-02 | 1.25332e-02 1.07867e-01 1.39115e-01 |
    773 | 1.28188e+01 1.65825e-02 | 1.25332e-02 1.07867e-01 1.39115e-01 |
    774 | 1.28353e+01 1.65825e-02 | 1.25332e-02 1.07867e-01 1.39115e-01 |
    775 | 1.28519e+01 1.65825e-02 | 1.25332e-02 1.07867e-01 1.39115e-01 |
    776 | 1.28685e+01 1.65825e-02 | 1.25332e-02 1.07867e-01 1.39115e-01 |
    777 | 1.28851e+01 1.65825e-02 | 1.25332e-02 1.07867e-01 1.39115e-01 |
    778 | 1.29017e+01 1.65825e-02 | 1.25332e-02 1.07867e-01 1.39115e-01 |
    779 | 1.29182e+01 1.65825e-02 | 1.25332e-02 1.07867e-01 1.39115e-01 |
    780 | 1.29348e+01 1.65825e-02 | 1.25332e-02 1.07867e-01 1.39115e-01 |
    781 | 1.29514e+01 1.65826e-02 | 1.25332e-02 1.07867e-01 1.39115e-01 |
    782 | 1.29680e+01 1.65826e-02 | 1.25332e-02 1.07867e-01 1.39115e-01 |
    783 | 1.29846e+01 1.65826e-02 | 1.25332e-02 1.07867e-01 1.39115e-01 |
    784 | 1.30012e+01 1.65826e-02 | 1.25332e-02 1.07867e-01 1.39115e-01 |
    785 | 1.30177e+01 1.65827e-02 | 1.25332e-02 1.07867e-01 1.39115e-01 |
    786 | 1.30343e+01 1.65827e-02 | 1.25332e-02 1.07867e-01 1.39115e-01 |
    787 | 1.30509e+01 1.65827e-02 | 1.25332e-02 1.07867e-01 1.39115e-01 |
    788 | 1.30675e+01 1.65828e-02 | 1.25332e-02 1.07867e-01 1.39115e-01 |
    789 | 1.30841e+01 1.65828e-02 | 1.25332e-02 1.07867e-01 1.39115e-01 |
    790 | 1.31007e+01 1.65829e-02 | 1.25332e-02 1.07867e-01 1.39115e-01 |
    791 | 1.31172e+01 1.65830e-02 | 1.25332e-02 1.07867e-01 1.39115e-01 |
    792 | 1.31338e+01 1.65830e-02 | 1.25332e-02 1.07867e-01 1.39115e-01 |
    793 | 1.31504e+01 1.65831e-02 | 1.25332e-02 1.07867e-01 1.39115e-01 |
    794 | 1.31670e+01 1.65831e-02 | 1.25332e-02 1.07867e-01 1.39115e-01 |
    795 | 1.31836e+01 1.65832e-02 | 1.25332e-02 1.07867e-01 1.39115e-01 |
    796 | 1.32002e+01 1.65833e-02 | 1.25332e-02 1.07867e-01 1.39115e-01 |
    797 | 1.32167e+01 1.65834e-02 | 1.25332e-02 1.07867e-01 1.39115e-01 |
    798 | 1.32333e+01 1.65834e-02 | 1.25332e-02 1.07867e-01 1.39115e-01 |
    799 | 1.32499e+01 1.65835e-02 | 1.25332e-02 1.07867e-01 1.39115e-01 |
    800 | 1.32665e+01 1.65836e-02 | 1.25332e-02 1.07867e-01 1.39115e-01 |
    801 | 1.32831e+01 1.65837e-02 | 1.25332e-02 1.07867e-01 1.39115e-01 |
    802 | 1.32997e+01 1.65837e-02 | 1.25332e-02 1.07867e-01 1.39115e-01 |
    803 | 1.33162e+01 1.65836e-02 | 1.25332e-02 1.07867e-01 1.39115e-01 |
    804 | 1.33328e+01 1.65835e-02 | 1.25332e-02 1.07867e-01 1.39115e-01 |
    805 | 1.33494e+01 1.65834e-02 | 1.25332e-02 1.07867e-01 1.39115e-01 |
    806 | 1.33660e+01 1.65833e-02 | 1.25332e-02 1.07867e-01 1.39115e-01 |
    807 | 1.33826e+01 1.65832e-02 | 1.25332e-02 1.07867e-01 1.39115e-01 |
    808 | 1.33992e+01 1.65832e-02 | 1.25332e-02 1.07867e-01 1.39115e-01 |
    809 | 1.34157e+01 1.65831e-02 | 1.25332e-02 1.07867e-01 1.39115e-01 |
    810 | 1.34323e+01 1.65830e-02 | 1.25332e-02 1.07867e-01 1.39115e-01 |
    811 | 1.34489e+01 1.65830e-02 | 1.25332e-02 1.07867e-01 1.39115e-01 |
    812 | 1.34655e+01 1.65829e-02 | 1.25332e-02 1.07867e-01 1.39115e-01 |
    813 | 1.34821e+01 1.65829e-02 | 1.25332e-02 1.07867e-01 1.39115e-01 |
    814 | 1.34987e+01 1.65828e-02 | 1.25332e-02 1.07867e-01 1.39115e-01 |
    815 | 1.35152e+01 1.65828e-02 | 1.25332e-02 1.07867e-01 1.39115e-01 |
    816 | 1.35318e+01 1.65827e-02 | 1.25332e-02 1.07867e-01 1.39115e-01 |
    817 | 1.35484e+01 1.65827e-02 | 1.25332e-02 1.07867e-01 1.39115e-01 |
    818 | 1.35650e+01 1.65826e-02 | 1.25332e-02 1.07867e-01 1.39115e-01 |
    819 | 1.35816e+01 1.65826e-02 | 1.25332e-02 1.07867e-01 1.39115e-01 |
    820 | 1.35981e+01 1.65826e-02 | 1.25332e-02 1.07867e-01 1.39115e-01 |
    821 | 1.36147e+01 1.65826e-02 | 1.25332e-02 1.07867e-01 1.39115e-01 |
    822 | 1.36313e+01 1.65825e-02 | 1.25332e-02 1.07867e-01 1.39115e-01 |
    823 | 1.36479e+01 1.65825e-02 | 1.25332e-02 1.07867e-01 1.39115e-01 |
    824 | 1.36645e+01 1.65825e-02 | 1.25332e-02 1.07867e-01 1.39115e-01 |
    825 | 1.36811e+01 1.65825e-02 | 1.25332e-02 1.07867e-01 1.39115e-01 |
    826 | 1.36976e+01 1.65825e-02 | 1.25332e-02 1.07867e-01 1.39115e-01 |
    827 | 1.37142e+01 1.65825e-02 | 1.25332e-02 1.07867e-01 1.39115e-01 |
    828 | 1.37308e+01 1.65825e-02 | 1.25332e-02 1.07867e-01 1.39115e-01 |
    829 | 1.37474e+01 1.65825e-02 | 1.25332e-02 1.07867e-01 1.39115e-01 |
    830 | 1.37640e+01 1.65825e-02 | 1.25332e-02 1.07867e-01 1.39115e-01 |
    831 | 1.37806e+01 1.65825e-02 | 1.25332e-02 1.07867e-01 1.39115e-01 |
    832 | 1.37971e+01 1.65825e-02 | 1.25332e-02 1.07867e-01 1.39115e-01 |
    833 | 1.38137e+01 1.65825e-02 | 1.25332e-02 1.07867e-01 1.39115e-01 |
    834 | 1.38303e+01 1.65825e-02 | 1.25332e-02 1.07867e-01 1.39115e-01 |
    835 | 1.38469e+01 1.65826e-02 | 1.25332e-02 1.07867e-01 1.39115e-01 |
    836 | 1.38635e+01 1.65826e-02 | 1.25332e-02 1.07867e-01 1.39115e-01 |
    837 | 1.38801e+01 1.65826e-02 | 1.25332e-02 1.07867e-01 1.39115e-01 |
    838 | 1.38966e+01 1.65826e-02 | 1.25332e-02 1.07867e-01 1.39115e-01 |
    839 | 1.39132e+01 1.65827e-02 | 1.25332e-02 1.07867e-01 1.39115e-01 |
    840 | 1.39298e+01 1.65827e-02 | 1.25332e-02 1.07867e-01 1.39115e-01 |
    841 | 1.39464e+01 1.65828e-02 | 1.25332e-02 1.07867e-01 1.39115e-01 |
    842 | 1.39630e+01 1.65828e-02 | 1.25332e-02 1.07867e-01 1.39115e-01 |
    843 | 1.39795e+01 1.65829e-02 | 1.25332e-02 1.07867e-01 1.39115e-01 |
    844 | 1.39961e+01 1.65829e-02 | 1.25332e-02 1.07867e-01 1.39115e-01 |
    845 | 1.40127e+01 1.65830e-02 | 1.25332e-02 1.07867e-01 1.39115e-01 |
    846 | 1.40293e+01 1.65830e-02 | 1.25332e-02 1.07867e-01 1.39115e-01 |
    847 | 1.40459e+01 1.65831e-02 | 1.25332e-02 1.07867e-01 1.39115e-01 |
    848 | 1.40625e+01 1.65832e-02 | 1.25332e-02 1.07867e-01 1.39115e-01 |
    849 | 1.40790e+01 1.65832e-02 | 1.25332e-02 1.07867e-01 1.39115e-01 |
    850 | 1.40956e+01 1.65833e-02 | 1.25332e-02 1.07867e-01 1.39115e-01 |
    851 | 1.41122e+01 1.65834e-02 | 1.25332e-02 1.07867e-01 1.39115e-01 |
    852 | 1.41288e+01 1.65835e-02 | 1.25332e-02 1.07867e-01 1.39115e-01 |
    853 | 1.41454e+01 1.65836e-02 | 1.25332e-02 1.07867e-01 1.39115e-01 |
    854 | 1.41620e+01 1.65837e-02 | 1.25332e-02 1.07867e-01 1.39115e-01 |
    855 | 1.41785e+01 1.65837e-02 | 1.25332e-02 1.07867e-01 1.39115e-01 |
    856 | 1.41951e+01 1.65838e-02 | 1.25332e-02 1.07867e-01 1.39115e-01 |
    857 | 1.42117e+01 1.65838e-02 | 1.25332e-02 1.07867e-01 1.39115e-01 |
    858 | 1.42283e+01 1.65837e-02 | 1.25332e-02 1.07867e-01 1.39115e-01 |
    859 | 1.42449e+01 1.65836e-02 | 1.25332e-02 1.07867e-01 1.39115e-01 |
    860 | 1.42615e+01 1.65835e-02 | 1.25332e-02 1.07867e-01 1.39115e-01 |
    861 | 1.42781e+01 1.65834e-02 | 1.25332e-02 1.07867e-01 1.39115e-01 |
    862 | 1.42946e+01 1.65834e-02 | 1.25332e-02 1.07867e-01 1.39115e-01 |
    863 | 1.43112e+01 1.65833e-02 | 1.25332e-02 1.07867e-01 1.39115e-01 |
    864 | 1.43278e+01 1.65832e-02 | 1.25332e-02 1.07867e-01 1.39115e-01 |
    865 | 1.43444e+01 1.65831e-02 | 1.25332e-02 1.07867e-01 1.39115e-01 |
    866 | 1.43610e+01 1.65831e-02 | 1.25332e-02 1.07867e-01 1.39115e-01 |
    867 | 1.43775e+01 1.65830e-02 | 1.25332e-02 1.07867e-01 1.39115e-01 |
    868 | 1.43941e+01 1.65830e-02 | 1.25332e-02 1.07867e-01 1.39115e-01 |
    869 | 1.44107e+01 1.65829e-02 | 1.25332e-02 1.07867e-01 1.39115e-01 |
    870 | 1.44273e+01 1.65828e-02 | 1.25332e-02 1.07867e-01 1.39115e-01 |
    871 | 1.44439e+01 1.65828e-02 | 1.25332e-02 1.07867e-01 1.39115e-01 |
    872 | 1.44605e+01 1.65827e-02 | 1.25332e-02 1.07867e-01 1.39115e-01 |
    873 | 1.44770e+01 1.65827e-02 | 1.25332e-02 1.07867e-01 1.39115e-01 |
    874 | 1.44936e+01 1.65827e-02 | 1.25332e-02 1.07867e-01 1.39115e-01 |
    875 | 1.45102e+01 1.65826e-02 | 1.25332e-02 1.07867e-01 1.39115e-01 |
    876 | 1.45268e+01 1.65826e-02 | 1.25332e-02 1.07867e-01 1.39115e-01 |
    877 | 1.45434e+01 1.65826e-02 | 1.25332e-02 1.07867e-01 1.39115e-01 |
    878 | 1.45600e+01 1.65825e-02 | 1.25332e-02 1.07867e-01 1.39115e-01 |
    879 | 1.45765e+01 1.65825e-02 | 1.25332e-02 1.07867e-01 1.39115e-01 |
    880 | 1.45931e+01 1.65825e-02 | 1.25332e-02 1.07867e-01 1.39115e-01 |
    881 | 1.46097e+01 1.65825e-02 | 1.25332e-02 1.07867e-01 1.39115e-01 |
    882 | 1.46263e+01 1.65825e-02 | 1.25332e-02 1.07867e-01 1.39115e-01 |
    883 | 1.46429e+01 1.65825e-02 | 1.25332e-02 1.07867e-01 1.39115e-01 |
    884 | 1.46595e+01 1.65825e-02 | 1.25332e-02 1.07867e-01 1.39115e-01 |
    885 | 1.46760e+01 1.65825e-02 | 1.25332e-02 1.07867e-01 1.39115e-01 |
    886 | 1.46926e+01 1.65825e-02 | 1.25332e-02 1.07867e-01 1.39115e-01 |
    887 | 1.47092e+01 1.65825e-02 | 1.25332e-02 1.07867e-01 1.39115e-01 |
    888 | 1.47258e+01 1.65825e-02 | 1.25332e-02 1.07867e-01 1.39115e-01 |
    889 | 1.47424e+01 1.65825e-02 | 1.25332e-02 1.07867e-01 1.39115e-01 |
    890 | 1.47589e+01 1.65825e-02 | 1.25332e-02 1.07867e-01 1.39115e-01 |
    891 | 1.47755e+01 1.65825e-02 | 1.25332e-02 1.07867e-01 1.39115e-01 |
    892 | 1.47921e+01 1.65826e-02 | 1.25332e-02 1.07867e-01 1.39115e-01 |
    893 | 1.48087e+01 1.65826e-02 | 1.25332e-02 1.07867e-01 1.39115e-01 |
    894 | 1.48253e+01 1.65826e-02 | 1.25332e-02 1.07867e-01 1.39115e-01 |
    895 | 1.48419e+01 1.65827e-02 | 1.25332e-02 1.07867e-01 1.39115e-01 |
    896 | 1.48584e+01 1.65827e-02 | 1.25332e-02 1.07867e-01 1.39115e-01 |
    897 | 1.48750e+01 1.65827e-02 | 1.25332e-02 1.07867e-01 1.39115e-01 |
    898 | 1.48916e+01 1.65828e-02 | 1.25332e-02 1.07867e-01 1.39115e-01 |
    899 | 1.49082e+01 1.65828e-02 | 1.25332e-02 1.07867e-01 1.39115e-01 |
    900 | 1.49248e+01 1.65829e-02 | 1.25332e-02 1.07867e-01 1.39115e-01 |
    901 | 1.49414e+01 1.65829e-02 | 1.25332e-02 1.07867e-01 1.39115e-01 |
    902 | 1.49579e+01 1.65830e-02 | 1.25332e-02 1.07867e-01 1.39115e-01 |
    903 | 1.49745e+01 1.65831e-02 | 1.25332e-02 1.07867e-01 1.39115e-01 |
    904 | 1.49911e+01 1.65831e-02 | 1.25332e-02 1.07867e-01 1.39115e-01 |
    905 | 1.50077e+01 1.65832e-02 | 1.25332e-02 1.07867e-01 1.39115e-01 |
    906 | 1.50243e+01 1.65833e-02 | 1.25332e-02 1.07867e-01 1.39115e-01 |
    907 | 1.50409e+01 1.65834e-02 | 1.25332e-02 1.07867e-01 1.39115e-01 |
    908 | 1.50574e+01 1.65834e-02 | 1.25332e-02 1.07867e-01 1.39115e-01 |
    909 | 1.50740e+01 1.65835e-02 | 1.25332e-02 1.07867e-01 1.39115e-01 |
    910 | 1.50906e+01 1.65836e-02 | 1.25332e-02 1.07867e-01 1.39115e-01 |
    911 | 1.51072e+01 1.65837e-02 | 1.25332e-02 1.07867e-01 1.39115e-01 |
    912 | 1.51238e+01 1.65837e-02 | 1.25332e-02 1.07867e-01 1.39115e-01 |
    913 | 1.51404e+01 1.65836e-02 | 1.25332e-02 1.07867e-01 1.39115e-01 |
    914 | 1.51569e+01 1.65835e-02 | 1.25332e-02 1.07867e-01 1.39115e-01 |
    915 | 1.51735e+01 1.65834e-02 | 1.25332e-02 1.07867e-01 1.39115e-01 |
    916 | 1.51901e+01 1.65833e-02 | 1.25332e-02 1.07867e-01 1.39115e-01 |
    917 | 1.52067e+01 1.65832e-02 | 1.25332e-02 1.07867e-01 1.39115e-01 |
    918 | 1.52233e+01 1.65832e-02 | 1.25332e-02 1.07867e-01 1.39115e-01 |
    919 | 1.52399e+01 1.65831e-02 | 1.25332e-02 1.07867e-01 1.39115e-01 |
    920 | 1.52564e+01 1.65830e-02 | 1.25332e-02 1.07867e-01 1.39115e-01 |
    921 | 1.52730e+01 1.65830e-02 | 1.25332e-02 1.07867e-01 1.39115e-01 |
    922 | 1.52896e+01 1.65829e-02 | 1.25332e-02 1.07867e-01 1.39115e-01 |
    923 | 1.53062e+01 1.65829e-02 | 1.25332e-02 1.07867e-01 1.39115e-01 |
    924 | 1.53228e+01 1.65828e-02 | 1.25332e-02 1.07867e-01 1.39115e-01 |
    925 | 1.53394e+01 1.65828e-02 | 1.25332e-02 1.07867e-01 1.39115e-01 |
    926 | 1.53559e+01 1.65827e-02 | 1.25332e-02 1.07867e-01 1.39115e-01 |
    927 | 1.53725e+01 1.65827e-02 | 1.25332e-02 1.07867e-01 1.39115e-01 |
    928 | 1.53891e+01 1.65827e-02 | 1.25332e-02 1.07867e-01 1.39115e-01 |
    929 | 1.54057e+01 1.65826e-02 | 1.25332e-02 1.07867e-01 1.39115e-01 |
    930 | 1.54223e+01 1.65826e-02 | 1.25332e-02 1.07867e-01 1.39115e-01 |
    931 | 1.54389e+01 1.65826e-02 | 1.25332e-02 1.07867e-01 1.39115e-01 |
    932 | 1.54554e+01 1.65825e-02 | 1.25332e-02 1.07867e-01 1.39115e-01 |
    933 | 1.54720e+01 1.65825e-02 | 1.25332e-02 1.07867e-01 1.39115e-01 |
    934 | 1.54886e+01 1.65825e-02 | 1.25332e-02 1.07867e-01 1.39115e-01 |
    935 | 1.55052e+01 1.65825e-02 | 1.25332e-02 1.07867e-01 1.39115e-01 |
    936 | 1.55218e+01 1.65825e-02 | 1.25332e-02 1.07867e-01 1.39115e-01 |
    937 | 1.55383e+01 1.65825e-02 | 1.25332e-02 1.07867e-01 1.39115e-01 |
    938 | 1.55549e+01 1.65825e-02 | 1.25332e-02 1.07867e-01 1.39115e-01 |
    939 | 1.55715e+01 1.65825e-02 | 1.25332e-02 1.07867e-01 1.39115e-01 |
    940 | 1.55881e+01 1.65825e-02 | 1.25332e-02 1.07867e-01 1.39115e-01 |
    941 | 1.56047e+01 1.65825e-02 | 1.25332e-02 1.07867e-01 1.39115e-01 |
    942 | 1.56213e+01 1.65825e-02 | 1.25332e-02 1.07867e-01 1.39115e-01 |
    943 | 1.56378e+01 1.65825e-02 | 1.25332e-02 1.07867e-01 1.39115e-01 |
    944 | 1.56544e+01 1.65825e-02 | 1.25332e-02 1.07867e-01 1.39115e-01 |
    945 | 1.56710e+01 1.65826e-02 | 1.25332e-02 1.07867e-01 1.39115e-01 |
    946 | 1.56876e+01 1.65826e-02 | 1.25332e-02 1.07867e-01 1.39115e-01 |
    947 | 1.57042e+01 1.65826e-02 | 1.25332e-02 1.07867e-01 1.39115e-01 |
    948 | 1.57208e+01 1.65827e-02 | 1.25332e-02 1.07867e-01 1.39115e-01 |
    949 | 1.57373e+01 1.65827e-02 | 1.25332e-02 1.07867e-01 1.39115e-01 |
    950 | 1.57539e+01 1.65827e-02 | 1.25332e-02 1.07867e-01 1.39115e-01 |
    951 | 1.57705e+01 1.65828e-02 | 1.25332e-02 1.07867e-01 1.39115e-01 |
    952 | 1.57871e+01 1.65828e-02 | 1.25332e-02 1.07867e-01 1.39115e-01 |
    953 | 1.58037e+01 1.65829e-02 | 1.25332e-02 1.07867e-01 1.39115e-01 |
    954 | 1.58203e+01 1.65829e-02 | 1.25332e-02 1.07867e-01 1.39115e-01 |
    955 | 1.58368e+01 1.65830e-02 | 1.25332e-02 1.07867e-01 1.39115e-01 |
    956 | 1.58534e+01 1.65831e-02 | 1.25332e-02 1.07867e-01 1.39115e-01 |
    957 | 1.58700e+01 1.65831e-02 | 1.25332e-02 1.07867e-01 1.39115e-01 |
    958 | 1.58866e+01 1.65832e-02 | 1.25332e-02 1.07867e-01 1.39115e-01 |
    959 | 1.59032e+01 1.65833e-02 | 1.25332e-02 1.07867e-01 1.39115e-01 |
    960 | 1.59198e+01 1.65833e-02 | 1.25332e-02 1.07867e-01 1.39115e-01 |
    961 | 1.59363e+01 1.65834e-02 | 1.25332e-02 1.07867e-01 1.39115e-01 |
    962 | 1.59529e+01 1.65834e-02 | 1.25332e-02 1.07867e-01 1.39115e-01 |
    963 | 1.59695e+01 1.65835e-02 | 1.25332e-02 1.07867e-01 1.39115e-01 |
    964 | 1.59861e+01 1.65835e-02 | 1.25332e-02 1.07867e-01 1.39115e-01 |
    965 | 1.60027e+01 1.65836e-02 | 1.25332e-02 1.07867e-01 1.39115e-01 |
    966 | 1.60193e+01 1.65837e-02 | 1.25332e-02 1.07867e-01 1.39115e-01 |
    967 | 1.60358e+01 1.65838e-02 | 1.25332e-02 1.07867e-01 1.39115e-01 |
    968 | 1.60524e+01 1.65838e-02 | 1.25332e-02 1.07867e-01 1.39115e-01 |
    969 | 1.60690e+01 1.65839e-02 | 1.25332e-02 1.07867e-01 1.39115e-01 |
    970 | 1.60856e+01 1.65840e-02 | 1.25332e-02 1.07867e-01 1.39115e-01 |
    971 | 1.61022e+01 1.65841e-02 | 1.25332e-02 1.07867e-01 1.39115e-01 |
    972 | 1.61188e+01 1.65840e-02 | 1.25332e-02 1.07867e-01 1.39115e-01 |
    973 | 1.61353e+01 1.65839e-02 | 1.25332e-02 1.07867e-01 1.39115e-01 |
    974 | 1.61519e+01 1.65838e-02 | 1.25332e-02 1.07867e-01 1.39115e-01 |
    975 | 1.61685e+01 1.65837e-02 | 1.25332e-02 1.07867e-01 1.39115e-01 |
    976 | 1.61851e+01 1.65836e-02 | 1.25332e-02 1.07867e-01 1.39115e-01 |
    977 | 1.62017e+01 1.65836e-02 | 1.25332e-02 1.07867e-01 1.39115e-01 |
    978 | 1.62183e+01 1.65835e-02 | 1.25332e-02 1.07867e-01 1.39115e-01 |
    979 | 1.62348e+01 1.65834e-02 | 1.25332e-02 1.07867e-01 1.39115e-01 |
    980 | 1.62514e+01 1.65833e-02 | 1.25332e-02 1.07867e-01 1.39115e-01 |
    981 | 1.62680e+01 1.65833e-02 | 1.25332e-02 1.07867e-01 1.39115e-01 |
    982 | 1.62846e+01 1.65832e-02 | 1.25332e-02 1.07867e-01 1.39115e-01 |
    983 | 1.63012e+01 1.65832e-02 | 1.25332e-02 1.07867e-01 1.39115e-01 |
    984 | 1.63178e+01 1.65831e-02 | 1.25332e-02 1.07867e-01 1.39115e-01 |
    985 | 1.63343e+01 1.65831e-02 | 1.25332e-02 1.07867e-01 1.39115e-01 |
    986 | 1.63509e+01 1.65830e-02 | 1.25332e-02 1.07867e-01 1.39115e-01 |
    987 | 1.63675e+01 1.65830e-02 | 1.25332e-02 1.07867e-01 1.39115e-01 |
    988 | 1.63841e+01 1.65829e-02 | 1.25332e-02 1.07867e-01 1.39115e-01 |
    989 | 1.64007e+01 1.65829e-02 | 1.25332e-02 1.07867e-01 1.39115e-01 |
    990 | 1.64173e+01 1.65829e-02 | 1.25332e-02 1.07867e-01 1.39115e-01 |
    991 | 1.64338e+01 1.65828e-02 | 1.25332e-02 1.07867e-01 1.39115e-01 |
    992 | 1.64504e+01 1.65828e-02 | 1.25332e-02 1.07867e-01 1.39115e-01 |
    993 | 1.64670e+01 1.65828e-02 | 1.25332e-02 1.07867e-01 1.39115e-01 |
    994 | 1.64836e+01 1.65828e-02 | 1.25332e-02 1.07867e-01 1.39115e-01 |
    995 | 1.65002e+01 1.65827e-02 | 1.25332e-02 1.07867e-01 1.39115e-01 |
    996 | 1.65168e+01 1.65827e-02 | 1.25332e-02 1.07867e-01 1.39115e-01 |
    997 | 1.65333e+01 1.65827e-02 | 1.25332e-02 1.07867e-01 1.39115e-01 |
    998 | 1.65499e+01 1.65827e-02 | 1.25332e-02 1.07867e-01 1.39115e-01 |
    999 | 1.65665e+01 1.65827e-02 | 1.25332e-02 1.07867e-01 1.39115e-01 |
   1000 | 1.65831e+01 1.65827e-02 | 1.25332e-02 1.07867e-01 1.39115e-01 |
   1001 | 1.65997e+01 1.65827e-02 | 1.25332e-02 1.07867e-01 1.39115e-01 |
   1002 | 1.66162e+01 1.65827e-02 | 1.25332e-02 1.07867e-01 1.39115e-01 |
   1003 | 1.66328e+01 1.65827e-02 | 1.25332e-02 1.07867e-01 1.39115e-01 |
   1004 | 1.66494e+01 1.65828e-02 | 1.25332e-02 1.07867e-01 1.39115e-01 |
   1005 | 1.66660e+01 1.65828e-02 | 1.25332e-02 1.07867e-01 1.39115e-01 |
   1006 | 1.66826e+01 1.65828e-02 | 1.25332e-02 1.07867e-01 1.39115e-01 |
   1007 | 1.66992e+01 1.65828e-02 | 1.25332e-02 1.07867e-01 1.39115e-01 |
   1008 | 1.67157e+01 1.65829e-02 | 1.25332e-02 1.07867e-01 1.39115e-01 |
   1009 | 1.67323e+01 1.65829e-02 | 1.25332e-02 1.07867e-01 1.39115e-01 |
   1010 | 1.67489e+01 1.65829e-02 | 1.25332e-02 1.07867e-01 1.39115e-01 |
   1011 | 1.67655e+01 1.65830e-02 | 1.25332e-02 1.07867e-01 1.39115e-01 |
   1012 | 1.67821e+01 1.65830e-02 | 1.25332e-02 1.07867e-01 1.39115e-01 |
   1013 | 1.67987e+01 1.65831e-02 | 1.25332e-02 1.07867e-01 1.39115e-01 |
   1014 | 1.68152e+01 1.65831e-02 | 1.25332e-02 1.07867e-01 1.39115e-01 |
   1015 | 1.68318e+01 1.65832e-02 | 1.25332e-02 1.07867e-01 1.39115e-01 |
   1016 | 1.68484e+01 1.65832e-02 | 1.25332e-02 1.07867e-01 1.39115e-01 |
   1017 | 1.68650e+01 1.65833e-02 | 1.25332e-02 1.07867e-01 1.39115e-01 |
   1018 | 1.68816e+01 1.65834e-02 | 1.25332e-02 1.07867e-01 1.39115e-01 |
   1019 | 1.68982e+01 1.65834e-02 | 1.25332e-02 1.07867e-01 1.39115e-01 |
   1020 | 1.69147e+01 1.65835e-02 | 1.25332e-02 1.07867e-01 1.39115e-01 |
   1021 | 1.69313e+01 1.65836e-02 | 1.25332e-02 1.07867e-01 1.39115e-01 |
   1022 | 1.69479e+01 1.65836e-02 | 1.25332e-02 1.07867e-01 1.39115e-01 |
   1023 | 1.69645e+01 1.65837e-02 | 1.25332e-02 1.07867e-01 1.39115e-01 |
   1024 | 1.69811e+01 1.65838e-02 | 1.25332e-02 1.07867e-01 1.39115e-01 |
   1025 | 1.69977e+01 1.65837e-02 | 1.25332e-02 1.07867e-01 1.39115e-01 |
   1026 | 1.70142e+01 1.65836e-02 | 1.25332e-02 1.07867e-01 1.39115e-01 |
   1027 | 1.70308e+01 1.65836e-02 | 1.25332e-02 1.07867e-01 1.39115e-01 |
   1028 | 1.70474e+01 1.65835e-02 | 1.25332e-02 1.07867e-01 1.39115e-01 |
   1029 | 1.70640e+01 1.65835e-02 | 1.25332e-02 1.07867e-01 1.39115e-01 |
   1030 | 1.70806e+01 1.65835e-02 | 1.25332e-02 1.07867e-01 1.39115e-01 |
   1031 | 1.70972e+01 1.65834e-02 | 1.25332e-02 1.07867e-01 1.39115e-01 |
   1032 | 1.71137e+01 1.65834e-02 | 1.25332e-02 1.07867e-01 1.39115e-01 |
   1033 | 1.71303e+01 1.65833e-02 | 1.25332e-02 1.07867e-01 1.39115e-01 |
   1034 | 1.71469e+01 1.65833e-02 | 1.25332e-02 1.07867e-01 1.39115e-01 |
   1035 | 1.71635e+01 1.65833e-02 | 1.25332e-02 1.07867e-01 1.39115e-01 |
   1036 | 1.71801e+01 1.65833e-02 | 1.25332e-02 1.07867e-01 1.39115e-01 |
   1037 | 1.71967e+01 1.65833e-02 | 1.25332e-02 1.07867e-01 1.39115e-01 |
   1038 | 1.72132e+01 1.65832e-02 | 1.25332e-02 1.07867e-01 1.39115e-01 |
   1039 | 1.72298e+01 1.65832e-02 | 1.25332e-02 1.07867e-01 1.39115e-01 |
   1040 | 1.72464e+01 1.65832e-02 | 1.25332e-02 1.07867e-01 1.39115e-01 |
   1041 | 1.72630e+01 1.65832e-02 | 1.25332e-02 1.07867e-01 1.39115e-01 |
   1042 | 1.72796e+01 1.65832e-02 | 1.25332e-02 1.07867e-01 1.39115e-01 |
   1043 | 1.72962e+01 1.65832e-02 | 1.25332e-02 1.07867e-01 1.39115e-01 |
   1044 | 1.73127e+01 1.65831e-02 | 1.25332e-02 1.07867e-01 1.39115e-01 |
   1045 | 1.73293e+01 1.65831e-02 | 1.25332e-02 1.07867e-01 1.39115e-01 |
   1046 | 1.73459e+01 1.65830e-02 | 1.25332e-02 1.07867e-01 1.39115e-01 |
   1047 | 1.73625e+01 1.65830e-02 | 1.25332e-02 1.07867e-01 1.39115e-01 |
   1048 | 1.73791e+01 1.65830e-02 | 1.25332e-02 1.07867e-01 1.39115e-01 |
   1049 | 1.73957e+01 1.65830e-02 | 1.25332e-02 1.07867e-01 1.39115e-01 |
   1050 | 1.74122e+01 1.65829e-02 | 1.25332e-02 1.07867e-01 1.39115e-01 |
   1051 | 1.74288e+01 1.65829e-02 | 1.25332e-02 1.07867e-01 1.39115e-01 |
   1052 | 1.74454e+01 1.65829e-02 | 1.25332e-02 1.07867e-01 1.39115e-01 |
   1053 | 1.74620e+01 1.65829e-02 | 1.25332e-02 1.07867e-01 1.39115e-01 |
   1054 | 1.74786e+01 1.65829e-02 | 1.25332e-02 1.07867e-01 1.39115e-01 |
   1055 | 1.74952e+01 1.65829e-02 | 1.25332e-02 1.07867e-01 1.39115e-01 |
   1056 | 1.75117e+01 1.65829e-02 | 1.25332e-02 1.07867e-01 1.39115e-01 |
   1057 | 1.75283e+01 1.65829e-02 | 1.25332e-02 1.07867e-01 1.39115e-01 |
   1058 | 1.75449e+01 1.65829e-02 | 1.25332e-02 1.07867e-01 1.39115e-01 |
   1059 | 1.75615e+01 1.65829e-02 | 1.25332e-02 1.07867e-01 1.39115e-01 |
   1060 | 1.75781e+01 1.65829e-02 | 1.25332e-02 1.07867e-01 1.39115e-01 |
   1061 | 1.75947e+01 1.65829e-02 | 1.25332e-02 1.07867e-01 1.39115e-01 |
   1062 | 1.76112e+01 1.65830e-02 | 1.25332e-02 1.07867e-01 1.39115e-01 |
   1063 | 1.76278e+01 1.65830e-02 | 1.25332e-02 1.07867e-01 1.39115e-01 |
   1064 | 1.76444e+01 1.65830e-02 | 1.25332e-02 1.07867e-01 1.39115e-01 |
   1065 | 1.76610e+01 1.65830e-02 | 1.25332e-02 1.07867e-01 1.39115e-01 |
   1066 | 1.76776e+01 1.65831e-02 | 1.25332e-02 1.07867e-01 1.39115e-01 |
   1067 | 1.76942e+01 1.65831e-02 | 1.25332e-02 1.07867e-01 1.39115e-01 |
   1068 | 1.77107e+01 1.65832e-02 | 1.25332e-02 1.07867e-01 1.39115e-01 |
   1069 | 1.77273e+01 1.65832e-02 | 1.25332e-02 1.07867e-01 1.39115e-01 |
   1070 | 1.77439e+01 1.65833e-02 | 1.25332e-02 1.07867e-01 1.39115e-01 |
   1071 | 1.77605e+01 1.65833e-02 | 1.25332e-02 1.07867e-01 1.39115e-01 |
   1072 | 1.77771e+01 1.65834e-02 | 1.25332e-02 1.07867e-01 1.39115e-01 |
   1073 | 1.77937e+01 1.65834e-02 | 1.25332e-02 1.07867e-01 1.39115e-01 |
   1074 | 1.78102e+01 1.65835e-02 | 1.25332e-02 1.07867e-01 1.39115e-01 |
   1075 | 1.78268e+01 1.65836e-02 | 1.25332e-02 1.07867e-01 1.39115e-01 |
   1076 | 1.78434e+01 1.65836e-02 | 1.25332e-02 1.07867e-01 1.39115e-01 |
   1077 | 1.78600e+01 1.65837e-02 | 1.25332e-02 1.07867e-01 1.39115e-01 |
   1078 | 1.78766e+01 1.65838e-02 | 1.25332e-02 1.07867e-01 1.39115e-01 |
   1079 | 1.78932e+01 1.65839e-02 | 1.25332e-02 1.07867e-01 1.39115e-01 |
   1080 | 1.79097e+01 1.65839e-02 | 1.25332e-02 1.07867e-01 1.39115e-01 |
   1081 | 1.79263e+01 1.65839e-02 | 1.25332e-02 1.07867e-01 1.39115e-01 |
   1082 | 1.79429e+01 1.65839e-02 | 1.25332e-02 1.07867e-01 1.39115e-01 |
   1083 | 1.79595e+01 1.65838e-02 | 1.25332e-02 1.07867e-01 1.39115e-01 |
   1084 | 1.79761e+01 1.65838e-02 | 1.25332e-02 1.07867e-01 1.39115e-01 |
   1085 | 1.79927e+01 1.65837e-02 | 1.25332e-02 1.07867e-01 1.39115e-01 |
   1086 | 1.80092e+01 1.65836e-02 | 1.25332e-02 1.07867e-01 1.39115e-01 |
   1087 | 1.80258e+01 1.65835e-02 | 1.25332e-02 1.07867e-01 1.39115e-01 |
   1088 | 1.80424e+01 1.65834e-02 | 1.25332e-02 1.07867e-01 1.39115e-01 |
   1089 | 1.80590e+01 1.65834e-02 | 1.25332e-02 1.07867e-01 1.39115e-01 |
   1090 | 1.80756e+01 1.65833e-02 | 1.25332e-02 1.07867e-01 1.39115e-01 |
   1091 | 1.80922e+01 1.65832e-02 | 1.25332e-02 1.07867e-01 1.39115e-01 |
   1092 | 1.81087e+01 1.65832e-02 | 1.25332e-02 1.07867e-01 1.39115e-01 |
   1093 | 1.81253e+01 1.65831e-02 | 1.25332e-02 1.07867e-01 1.39115e-01 |
   1094 | 1.81419e+01 1.65831e-02 | 1.25332e-02 1.07867e-01 1.39115e-01 |
   1095 | 1.81585e+01 1.65830e-02 | 1.25332e-02 1.07867e-01 1.39115e-01 |
   1096 | 1.81751e+01 1.65830e-02 | 1.25332e-02 1.07867e-01 1.39115e-01 |
   1097 | 1.81917e+01 1.65829e-02 | 1.25332e-02 1.07867e-01 1.39115e-01 |
   1098 | 1.82082e+01 1.65829e-02 | 1.25332e-02 1.07867e-01 1.39115e-01 |
   1099 | 1.82248e+01 1.65828e-02 | 1.25332e-02 1.07867e-01 1.39115e-01 |
   1100 | 1.82414e+01 1.65828e-02 | 1.25332e-02 1.07867e-01 1.39115e-01 |
   1101 | 1.82580e+01 1.65828e-02 | 1.25332e-02 1.07867e-01 1.39115e-01 |
   1102 | 1.82746e+01 1.65828e-02 | 1.25332e-02 1.07867e-01 1.39115e-01 |
   1103 | 1.82912e+01 1.65827e-02 | 1.25332e-02 1.07867e-01 1.39115e-01 |
   1104 | 1.83077e+01 1.65827e-02 | 1.25332e-02 1.07867e-01 1.39115e-01 |
   1105 | 1.83243e+01 1.65827e-02 | 1.25332e-02 1.07867e-01 1.39115e-01 |
   1106 | 1.83409e+01 1.65827e-02 | 1.25332e-02 1.07867e-01 1.39115e-01 |
   1107 | 1.83575e+01 1.65827e-02 | 1.25332e-02 1.07867e-01 1.39115e-01 |
   1108 | 1.83741e+01 1.65827e-02 | 1.25332e-02 1.07867e-01 1.39115e-01 |
   1109 | 1.83906e+01 1.65827e-02 | 1.25332e-02 1.07867e-01 1.39115e-01 |
   1110 | 1.84072e+01 1.65827e-02 | 1.25332e-02 1.07867e-01 1.39115e-01 |
   1111 | 1.84238e+01 1.65827e-02 | 1.25332e-02 1.07867e-01 1.39115e-01 |
   1112 | 1.84404e+01 1.65827e-02 | 1.25332e-02 1.07867e-01 1.39115e-01 |
   1113 | 1.84570e+01 1.65827e-02 | 1.25332e-02 1.07867e-01 1.39115e-01 |
   1114 | 1.84736e+01 1.65827e-02 | 1.25332e-02 1.07867e-01 1.39115e-01 |
   1115 | 1.84901e+01 1.65827e-02 | 1.25332e-02 1.07867e-01 1.39115e-01 |
   1116 | 1.85067e+01 1.65828e-02 | 1.25332e-02 1.07867e-01 1.39115e-01 |
   1117 | 1.85233e+01 1.65828e-02 | 1.25332e-02 1.07867e-01 1.39115e-01 |
   1118 | 1.85399e+01 1.65828e-02 | 1.25332e-02 1.07867e-01 1.39115e-01 |
   1119 | 1.85565e+01 1.65829e-02 | 1.25332e-02 1.07867e-01 1.39115e-01 |
   1120 | 1.85731e+01 1.65829e-02 | 1.25332e-02 1.07867e-01 1.39115e-01 |
   1121 | 1.85896e+01 1.65829e-02 | 1.25332e-02 1.07867e-01 1.39115e-01 |
   1122 | 1.86062e+01 1.65830e-02 | 1.25332e-02 1.07867e-01 1.39115e-01 |
   1123 | 1.86228e+01 1.65830e-02 | 1.25332e-02 1.07867e-01 1.39115e-01 |
   1124 | 1.86394e+01 1.65831e-02 | 1.25332e-02 1.07867e-01 1.39115e-01 |
   1125 | 1.86560e+01 1.65831e-02 | 1.25332e-02 1.07867e-01 1.39115e-01 |
   1126 | 1.86726e+01 1.65832e-02 | 1.25332e-02 1.07867e-01 1.39115e-01 |
   1127 | 1.86891e+01 1.65832e-02 | 1.25332e-02 1.07867e-01 1.39115e-01 |
   1128 | 1.87057e+01 1.65833e-02 | 1.25332e-02 1.07867e-01 1.39115e-01 |
   1129 | 1.87223e+01 1.65834e-02 | 1.25332e-02 1.07867e-01 1.39115e-01 |
   1130 | 1.87389e+01 1.65835e-02 | 1.25332e-02 1.07867e-01 1.39115e-01 |
   1131 | 1.87555e+01 1.65835e-02 | 1.25332e-02 1.07867e-01 1.39115e-01 |
   1132 | 1.87721e+01 1.65836e-02 | 1.25332e-02 1.07867e-01 1.39115e-01 |
   1133 | 1.87886e+01 1.65837e-02 | 1.25332e-02 1.07867e-01 1.39115e-01 |
   1134 | 1.88052e+01 1.65838e-02 | 1.25332e-02 1.07867e-01 1.39115e-01 |
   1135 | 1.88218e+01 1.65838e-02 | 1.25332e-02 1.07867e-01 1.39115e-01 |
   1136 | 1.88384e+01 1.65837e-02 | 1.25332e-02 1.07867e-01 1.39115e-01 |
   1137 | 1.88550e+01 1.65837e-02 | 1.25332e-02 1.07867e-01 1.39115e-01 |
   1138 | 1.88716e+01 1.65836e-02 | 1.25332e-02 1.07867e-01 1.39115e-01 |
   1139 | 1.88881e+01 1.65836e-02 | 1.25332e-02 1.07867e-01 1.39115e-01 |
   1140 | 1.89047e+01 1.65835e-02 | 1.25332e-02 1.07867e-01 1.39115e-01 |
   1141 | 1.89213e+01 1.65835e-02 | 1.25332e-02 1.07867e-01 1.39115e-01 |
   1142 | 1.89379e+01 1.65835e-02 | 1.25332e-02 1.07867e-01 1.39115e-01 |
   1143 | 1.89545e+01 1.65834e-02 | 1.25332e-02 1.07867e-01 1.39115e-01 |
   1144 | 1.89711e+01 1.65834e-02 | 1.25332e-02 1.07867e-01 1.39115e-01 |
   1145 | 1.89876e+01 1.65834e-02 | 1.25332e-02 1.07867e-01 1.39115e-01 |
   1146 | 1.90042e+01 1.65834e-02 | 1.25332e-02 1.07867e-01 1.39115e-01 |
   1147 | 1.90208e+01 1.65833e-02 | 1.25332e-02 1.07867e-01 1.39115e-01 |
   1148 | 1.90374e+01 1.65833e-02 | 1.25332e-02 1.07867e-01 1.39115e-01 |
   1149 | 1.90540e+01 1.65833e-02 | 1.25332e-02 1.07867e-01 1.39115e-01 |
   1150 | 1.90706e+01 1.65833e-02 | 1.25332e-02 1.07867e-01 1.39115e-01 |
   1151 | 1.90871e+01 1.65833e-02 | 1.25332e-02 1.07867e-01 1.39115e-01 |
   1152 | 1.91037e+01 1.65833e-02 | 1.25332e-02 1.07867e-01 1.39115e-01 |
   1153 | 1.91203e+01 1.65833e-02 | 1.25332e-02 1.07867e-01 1.39115e-01 |
   1154 | 1.91369e+01 1.65833e-02 | 1.25332e-02 1.07867e-01 1.39115e-01 |
   1155 | 1.91535e+01 1.65833e-02 | 1.25332e-02 1.07867e-01 1.39115e-01 |
   1156 | 1.91701e+01 1.65833e-02 | 1.25332e-02 1.07867e-01 1.39115e-01 |
   1157 | 1.91866e+01 1.65834e-02 | 1.25332e-02 1.07867e-01 1.39115e-01 |
   1158 | 1.92032e+01 1.65834e-02 | 1.25332e-02 1.07867e-01 1.39115e-01 |
   1159 | 1.92198e+01 1.65834e-02 | 1.25332e-02 1.07867e-01 1.39115e-01 |
   1160 | 1.92364e+01 1.65834e-02 | 1.25332e-02 1.07867e-01 1.39115e-01 |
   1161 | 1.92530e+01 1.65835e-02 | 1.25332e-02 1.07867e-01 1.39115e-01 |
   1162 | 1.92696e+01 1.65835e-02 | 1.25332e-02 1.07867e-01 1.39115e-01 |
   1163 | 1.92861e+01 1.65835e-02 | 1.25332e-02 1.07867e-01 1.39115e-01 |
   1164 | 1.93027e+01 1.65836e-02 | 1.25332e-02 1.07867e-01 1.39115e-01 |
   1165 | 1.93193e+01 1.65836e-02 | 1.25332e-02 1.07867e-01 1.39115e-01 |
   1166 | 1.93359e+01 1.65836e-02 | 1.25332e-02 1.07867e-01 1.39115e-01 |
   1167 | 1.93525e+01 1.65836e-02 | 1.25332e-02 1.07867e-01 1.39115e-01 |
   1168 | 1.93691e+01 1.65836e-02 | 1.25332e-02 1.07867e-01 1.39115e-01 |
   1169 | 1.93856e+01 1.65836e-02 | 1.25332e-02 1.07867e-01 1.39115e-01 |
   1170 | 1.94022e+01 1.65836e-02 | 1.25332e-02 1.07867e-01 1.39115e-01 |
   1171 | 1.94188e+01 1.65836e-02 | 1.25332e-02 1.07867e-01 1.39115e-01 |
   1172 | 1.94354e+01 1.65836e-02 | 1.25332e-02 1.07867e-01 1.39115e-01 |
   1173 | 1.94520e+01 1.65836e-02 | 1.25332e-02 1.07867e-01 1.39115e-01 |
   1174 | 1.94686e+01 1.65836e-02 | 1.25332e-02 1.07867e-01 1.39115e-01 |
   1175 | 1.94851e+01 1.65837e-02 | 1.25332e-02 1.07867e-01 1.39115e-01 |
   1176 | 1.95017e+01 1.65837e-02 | 1.25332e-02 1.07867e-01 1.39115e-01 |
   1177 | 1.95183e+01 1.65837e-02 | 1.25332e-02 1.07867e-01 1.39115e-01 |
   1178 | 1.95349e+01 1.65837e-02 | 1.25332e-02 1.07867e-01 1.39115e-01 |
   1179 | 1.95515e+01 1.65838e-02 | 1.25332e-02 1.07867e-01 1.39115e-01 |
   1180 | 1.95681e+01 1.65838e-02 | 1.25332e-02 1.07867e-01 1.39115e-01 |
   1181 | 1.95847e+01 1.65838e-02 | 1.25332e-02 1.07867e-01 1.39115e-01 |
   1182 | 1.96012e+01 1.65839e-02 | 1.25332e-02 1.07867e-01 1.39115e-01 |
   1183 | 1.96178e+01 1.65839e-02 | 1.25332e-02 1.07867e-01 1.39115e-01 |
   1184 | 1.96344e+01 1.65839e-02 | 1.25332e-02 1.07867e-01 1.39115e-01 |
   1185 | 1.96510e+01 1.65838e-02 | 1.25332e-02 1.07867e-01 1.39115e-01 |
   1186 | 1.96676e+01 1.65838e-02 | 1.25332e-02 1.07867e-01 1.39115e-01 |
   1187 | 1.96842e+01 1.65837e-02 | 1.25332e-02 1.07867e-01 1.39115e-01 |
   1188 | 1.97007e+01 1.65836e-02 | 1.25332e-02 1.07867e-01 1.39115e-01 |
   1189 | 1.97173e+01 1.65835e-02 | 1.25332e-02 1.07867e-01 1.39115e-01 |
   1190 | 1.97339e+01 1.65834e-02 | 1.25332e-02 1.07867e-01 1.39115e-01 |
   1191 | 1.97505e+01 1.65833e-02 | 1.25332e-02 1.07867e-01 1.39115e-01 |
   1192 | 1.97671e+01 1.65833e-02 | 1.25332e-02 1.07867e-01 1.39115e-01 |
   1193 | 1.97837e+01 1.65832e-02 | 1.25332e-02 1.07867e-01 1.39115e-01 |
   1194 | 1.98002e+01 1.65831e-02 | 1.25332e-02 1.07867e-01 1.39115e-01 |
   1195 | 1.98168e+01 1.65831e-02 | 1.25332e-02 1.07867e-01 1.39115e-01 |
   1196 | 1.98334e+01 1.65830e-02 | 1.25332e-02 1.07867e-01 1.39115e-01 |
   1197 | 1.98500e+01 1.65830e-02 | 1.25332e-02 1.07867e-01 1.39115e-01 |
   1198 | 1.98666e+01 1.65829e-02 | 1.25332e-02 1.07867e-01 1.39115e-01 |
   1199 | 1.98832e+01 1.65829e-02 | 1.25332e-02 1.07867e-01 1.39115e-01 |
   1200 | 1.98997e+01 1.65828e-02 | 1.25332e-02 1.07867e-01 1.39115e-01 |
   1201 | 1.99163e+01 1.65828e-02 | 1.25332e-02 1.07867e-01 1.39115e-01 |
   1202 | 1.99329e+01 1.65827e-02 | 1.25332e-02 1.07867e-01 1.39115e-01 |
   1203 | 1.99495e+01 1.65827e-02 | 1.25332e-02 1.07867e-01 1.39115e-01 |
   1204 | 1.99661e+01 1.65827e-02 | 1.25332e-02 1.07867e-01 1.39115e-01 |
   1205 | 1.99826e+01 1.65826e-02 | 1.25332e-02 1.07867e-01 1.39115e-01 |
   1206 | 1.99992e+01 1.65826e-02 | 1.25332e-02 1.07867e-01 1.39115e-01 |
   1207 | 2.00158e+01 1.65826e-02 | 1.25332e-02 1.07867e-01 1.39115e-01 |
   1208 | 2.00324e+01 1.65826e-02 | 1.25332e-02 1.07867e-01 1.39115e-01 |
   1209 | 2.00490e+01 1.65826e-02 | 1.25332e-02 1.07867e-01 1.39115e-01 |
   1210 | 2.00656e+01 1.65826e-02 | 1.25332e-02 1.07867e-01 1.39115e-01 |
   1211 | 2.00821e+01 1.65826e-02 | 1.25332e-02 1.07867e-01 1.39115e-01 |
   1212 | 2.00987e+01 1.65826e-02 | 1.25332e-02 1.07867e-01 1.39115e-01 |
   1213 | 2.01153e+01 1.65826e-02 | 1.25332e-02 1.07867e-01 1.39115e-01 |
   1214 | 2.01319e+01 1.65826e-02 | 1.25332e-02 1.07867e-01 1.39115e-01 |
   1215 | 2.01485e+01 1.65826e-02 | 1.25332e-02 1.07867e-01 1.39115e-01 |
   1216 | 2.01651e+01 1.65826e-02 | 1.25332e-02 1.07867e-01 1.39115e-01 |
   1217 | 2.01816e+01 1.65826e-02 | 1.25332e-02 1.07867e-01 1.39115e-01 |
   1218 | 2.01982e+01 1.65826e-02 | 1.25332e-02 1.07867e-01 1.39115e-01 |
   1219 | 2.02148e+01 1.65826e-02 | 1.25332e-02 1.07867e-01 1.39115e-01 |
   1220 | 2.02314e+01 1.65827e-02 | 1.25332e-02 1.07867e-01 1.39115e-01 |
   1221 | 2.02480e+01 1.65827e-02 | 1.25332e-02 1.07867e-01 1.39115e-01 |
   1222 | 2.02646e+01 1.65827e-02 | 1.25332e-02 1.07867e-01 1.39115e-01 |
   1223 | 2.02811e+01 1.65828e-02 | 1.25332e-02 1.07867e-01 1.39115e-01 |
   1224 | 2.02977e+01 1.65828e-02 | 1.25332e-02 1.07867e-01 1.39115e-01 |
   1225 | 2.03143e+01 1.65828e-02 | 1.25332e-02 1.07867e-01 1.39115e-01 |
   1226 | 2.03309e+01 1.65829e-02 | 1.25332e-02 1.07867e-01 1.39115e-01 |
   1227 | 2.03475e+01 1.65829e-02 | 1.25332e-02 1.07867e-01 1.39115e-01 |
   1228 | 2.03641e+01 1.65830e-02 | 1.25332e-02 1.07867e-01 1.39115e-01 |
   1229 | 2.03806e+01 1.65831e-02 | 1.25332e-02 1.07867e-01 1.39115e-01 |
   1230 | 2.03972e+01 1.65831e-02 | 1.25332e-02 1.07867e-01 1.39115e-01 |
   1231 | 2.04138e+01 1.65832e-02 | 1.25332e-02 1.07867e-01 1.39115e-01 |
   1232 | 2.04304e+01 1.65832e-02 | 1.25332e-02 1.07867e-01 1.39115e-01 |
   1233 | 2.04470e+01 1.65833e-02 | 1.25332e-02 1.07867e-01 1.39115e-01 |
   1234 | 2.04635e+01 1.65834e-02 | 1.25332e-02 1.07867e-01 1.39115e-01 |
   1235 | 2.04801e+01 1.65835e-02 | 1.25332e-02 1.07867e-01 1.39115e-01 |
   1236 | 2.04967e+01 1.65836e-02 | 1.25332e-02 1.07867e-01 1.39115e-01 |
   1237 | 2.05133e+01 1.65836e-02 | 1.25332e-02 1.07867e-01 1.39115e-01 |
   1238 | 2.05299e+01 1.65837e-02 | 1.25332e-02 1.07867e-01 1.39115e-01 |
   1239 | 2.05465e+01 1.65838e-02 | 1.25332e-02 1.07867e-01 1.39115e-01 |
   1240 | 2.05631e+01 1.65839e-02 | 1.25332e-02 1.07867e-01 1.39115e-01 |
   1241 | 2.05796e+01 1.65838e-02 | 1.25332e-02 1.07867e-01 1.39115e-01 |
   1242 | 2.05962e+01 1.65837e-02 | 1.25332e-02 1.07867e-01 1.39115e-01 |
   1243 | 2.06128e+01 1.65836e-02 | 1.25332e-02 1.07867e-01 1.39115e-01 |
   1244 | 2.06294e+01 1.65835e-02 | 1.25332e-02 1.07867e-01 1.39115e-01 |
   1245 | 2.06460e+01 1.65834e-02 | 1.25332e-02 1.07867e-01 1.39115e-01 |
   1246 | 2.06626e+01 1.65834e-02 | 1.25332e-02 1.07867e-01 1.39115e-01 |
   1247 | 2.06791e+01 1.65833e-02 | 1.25332e-02 1.07867e-01 1.39115e-01 |
   1248 | 2.06957e+01 1.65832e-02 | 1.25332e-02 1.07867e-01 1.39115e-01 |
   1249 | 2.07123e+01 1.65832e-02 | 1.25332e-02 1.07867e-01 1.39115e-01 |
   1250 | 2.07289e+01 1.65831e-02 | 1.25332e-02 1.07867e-01 1.39115e-01 |
   1251 | 2.07455e+01 1.65831e-02 | 1.25332e-02 1.07867e-01 1.39115e-01 |
   1252 | 2.07621e+01 1.65830e-02 | 1.25332e-02 1.07867e-01 1.39115e-01 |
   1253 | 2.07786e+01 1.65830e-02 | 1.25332e-02 1.07867e-01 1.39115e-01 |
   1254 | 2.07952e+01 1.65829e-02 | 1.25332e-02 1.07867e-01 1.39115e-01 |
   1255 | 2.08118e+01 1.65829e-02 | 1.25332e-02 1.07867e-01 1.39115e-01 |
   1256 | 2.08284e+01 1.65829e-02 | 1.25332e-02 1.07867e-01 1.39115e-01 |
   1257 | 2.08450e+01 1.65828e-02 | 1.25332e-02 1.07867e-01 1.39115e-01 |
   1258 | 2.08615e+01 1.65828e-02 | 1.25332e-02 1.07867e-01 1.39115e-01 |
   1259 | 2.08781e+01 1.65828e-02 | 1.25332e-02 1.07867e-01 1.39115e-01 |
   1260 | 2.08947e+01 1.65828e-02 | 1.25332e-02 1.07867e-01 1.39115e-01 |
   1261 | 2.09113e+01 1.65827e-02 | 1.25332e-02 1.07867e-01 1.39115e-01 |
   1262 | 2.09279e+01 1.65827e-02 | 1.25332e-02 1.07867e-01 1.39115e-01 |
   1263 | 2.09445e+01 1.65827e-02 | 1.25332e-02 1.07867e-01 1.39115e-01 |
   1264 | 2.09610e+01 1.65827e-02 | 1.25332e-02 1.07867e-01 1.39115e-01 |
   1265 | 2.09776e+01 1.65827e-02 | 1.25332e-02 1.07867e-01 1.39115e-01 |
   1266 | 2.09942e+01 1.65827e-02 | 1.25332e-02 1.07867e-01 1.39115e-01 |
   1267 | 2.10108e+01 1.65827e-02 | 1.25332e-02 1.07867e-01 1.39115e-01 |
   1268 | 2.10274e+01 1.65827e-02 | 1.25332e-02 1.07867e-01 1.39115e-01 |
   1269 | 2.10440e+01 1.65827e-02 | 1.25332e-02 1.07867e-01 1.39115e-01 |
   1270 | 2.10605e+01 1.65827e-02 | 1.25332e-02 1.07867e-01 1.39115e-01 |
   1271 | 2.10771e+01 1.65828e-02 | 1.25332e-02 1.07867e-01 1.39115e-01 |
   1272 | 2.10937e+01 1.65828e-02 | 1.25332e-02 1.07867e-01 1.39115e-01 |
   1273 | 2.11103e+01 1.65828e-02 | 1.25332e-02 1.07867e-01 1.39115e-01 |
   1274 | 2.11269e+01 1.65828e-02 | 1.25332e-02 1.07867e-01 1.39115e-01 |
   1275 | 2.11435e+01 1.65829e-02 | 1.25332e-02 1.07867e-01 1.39115e-01 |
   1276 | 2.11600e+01 1.65829e-02 | 1.25332e-02 1.07867e-01 1.39115e-01 |
   1277 | 2.11766e+01 1.65829e-02 | 1.25332e-02 1.07867e-01 1.39115e-01 |
   1278 | 2.11932e+01 1.65830e-02 | 1.25332e-02 1.07867e-01 1.39115e-01 |
   1279 | 2.12098e+01 1.65830e-02 | 1.25332e-02 1.07867e-01 1.39115e-01 |
   1280 | 2.12264e+01 1.65831e-02 | 1.25332e-02 1.07867e-01 1.39115e-01 |
   1281 | 2.12430e+01 1.65831e-02 | 1.25332e-02 1.07867e-01 1.39115e-01 |
   1282 | 2.12595e+01 1.65832e-02 | 1.25332e-02 1.07867e-01 1.39115e-01 |
   1283 | 2.12761e+01 1.65832e-02 | 1.25332e-02 1.07867e-01 1.39115e-01 |
   1284 | 2.12927e+01 1.65833e-02 | 1.25332e-02 1.07867e-01 1.39115e-01 |
   1285 | 2.13093e+01 1.65834e-02 | 1.25332e-02 1.07867e-01 1.39115e-01 |
   1286 | 2.13259e+01 1.65834e-02 | 1.25332e-02 1.07867e-01 1.39115e-01 |
   1287 | 2.13425e+01 1.65835e-02 | 1.25332e-02 1.07867e-01 1.39115e-01 |
   1288 | 2.13590e+01 1.65836e-02 | 1.25332e-02 1.07867e-01 1.39115e-01 |
   1289 | 2.13756e+01 1.65837e-02 | 1.25332e-02 1.07867e-01 1.39115e-01 |
   1290 | 2.13922e+01 1.65837e-02 | 1.25332e-02 1.07867e-01 1.39115e-01 |
   1291 | 2.14088e+01 1.65837e-02 | 1.25332e-02 1.07867e-01 1.39115e-01 |
   1292 | 2.14254e+01 1.65838e-02 | 1.25332e-02 1.07867e-01 1.39115e-01 |
   1293 | 2.14420e+01 1.65838e-02 | 1.25332e-02 1.07867e-01 1.39115e-01 |
   1294 | 2.14585e+01 1.65839e-02 | 1.25332e-02 1.07867e-01 1.39115e-01 |
   1295 | 2.14751e+01 1.65839e-02 | 1.25332e-02 1.07867e-01 1.39115e-01 |
   1296 | 2.14917e+01 1.65838e-02 | 1.25332e-02 1.07867e-01 1.39115e-01 |
   1297 | 2.15083e+01 1.65837e-02 | 1.25332e-02 1.07867e-01 1.39115e-01 |
   1298 | 2.15249e+01 1.65836e-02 | 1.25332e-02 1.07867e-01 1.39115e-01 |
   1299 | 2.15415e+01 1.65835e-02 | 1.25332e-02 1.07867e-01 1.39115e-01 |
   1300 | 2.15580e+01 1.65834e-02 | 1.25332e-02 1.07867e-01 1.39115e-01 |
   1301 | 2.15746e+01 1.65834e-02 | 1.25332e-02 1.07867e-01 1.39115e-01 |
   1302 | 2.15912e+01 1.65833e-02 | 1.25332e-02 1.07867e-01 1.39115e-01 |
   1303 | 2.16078e+01 1.65832e-02 | 1.25332e-02 1.07867e-01 1.39115e-01 |
   1304 | 2.16244e+01 1.65832e-02 | 1.25332e-02 1.07867e-01 1.39115e-01 |
   1305 | 2.16410e+01 1.65831e-02 | 1.25332e-02 1.07867e-01 1.39115e-01 |
   1306 | 2.16575e+01 1.65830e-02 | 1.25332e-02 1.07867e-01 1.39115e-01 |
   1307 | 2.16741e+01 1.65830e-02 | 1.25332e-02 1.07867e-01 1.39115e-01 |
   1308 | 2.16907e+01 1.65829e-02 | 1.25332e-02 1.07867e-01 1.39115e-01 |
   1309 | 2.17073e+01 1.65829e-02 | 1.25332e-02 1.07867e-01 1.39115e-01 |
   1310 | 2.17239e+01 1.65828e-02 | 1.25332e-02 1.07867e-01 1.39115e-01 |
   1311 | 2.17405e+01 1.65828e-02 | 1.25332e-02 1.07867e-01 1.39115e-01 |
   1312 | 2.17570e+01 1.65828e-02 | 1.25332e-02 1.07867e-01 1.39115e-01 |
   1313 | 2.17736e+01 1.65827e-02 | 1.25332e-02 1.07867e-01 1.39115e-01 |
   1314 | 2.17902e+01 1.65827e-02 | 1.25332e-02 1.07867e-01 1.39115e-01 |
   1315 | 2.18068e+01 1.65827e-02 | 1.25332e-02 1.07867e-01 1.39115e-01 |
   1316 | 2.18234e+01 1.65827e-02 | 1.25332e-02 1.07867e-01 1.39115e-01 |
   1317 | 2.18400e+01 1.65826e-02 | 1.25332e-02 1.07867e-01 1.39115e-01 |
   1318 | 2.18565e+01 1.65826e-02 | 1.25332e-02 1.07867e-01 1.39115e-01 |
   1319 | 2.18731e+01 1.65826e-02 | 1.25332e-02 1.07867e-01 1.39115e-01 |
   1320 | 2.18897e+01 1.65826e-02 | 1.25332e-02 1.07867e-01 1.39115e-01 |
   1321 | 2.19063e+01 1.65826e-02 | 1.25332e-02 1.07867e-01 1.39115e-01 |
   1322 | 2.19229e+01 1.65826e-02 | 1.25332e-02 1.07867e-01 1.39115e-01 |
   1323 | 2.19394e+01 1.65826e-02 | 1.25332e-02 1.07867e-01 1.39115e-01 |
   1324 | 2.19560e+01 1.65826e-02 | 1.25332e-02 1.07867e-01 1.39115e-01 |
   1325 | 2.19726e+01 1.65826e-02 | 1.25332e-02 1.07867e-01 1.39115e-01 |
   1326 | 2.19892e+01 1.65826e-02 | 1.25332e-02 1.07867e-01 1.39115e-01 |
   1327 | 2.20058e+01 1.65826e-02 | 1.25332e-02 1.07867e-01 1.39115e-01 |
   1328 | 2.20224e+01 1.65826e-02 | 1.25332e-02 1.07867e-01 1.39115e-01 |
   1329 | 2.20389e+01 1.65827e-02 | 1.25332e-02 1.07867e-01 1.39115e-01 |
   1330 | 2.20555e+01 1.65827e-02 | 1.25332e-02 1.07867e-01 1.39115e-01 |
   1331 | 2.20721e+01 1.65827e-02 | 1.25332e-02 1.07867e-01 1.39115e-01 |
   1332 | 2.20887e+01 1.65828e-02 | 1.25332e-02 1.07867e-01 1.39115e-01 |
   1333 | 2.21053e+01 1.65828e-02 | 1.25332e-02 1.07867e-01 1.39115e-01 |
   1334 | 2.21219e+01 1.65828e-02 | 1.25332e-02 1.07867e-01 1.39115e-01 |
   1335 | 2.21384e+01 1.65829e-02 | 1.25332e-02 1.07867e-01 1.39115e-01 |
   1336 | 2.21550e+01 1.65829e-02 | 1.25332e-02 1.07867e-01 1.39115e-01 |
   1337 | 2.21716e+01 1.65830e-02 | 1.25332e-02 1.07867e-01 1.39115e-01 |
   1338 | 2.21882e+01 1.65830e-02 | 1.25332e-02 1.07867e-01 1.39115e-01 |
   1339 | 2.22048e+01 1.65831e-02 | 1.25332e-02 1.07867e-01 1.39115e-01 |
   1340 | 2.22214e+01 1.65831e-02 | 1.25332e-02 1.07867e-01 1.39115e-01 |
   1341 | 2.22379e+01 1.65832e-02 | 1.25332e-02 1.07867e-01 1.39115e-01 |
   1342 | 2.22545e+01 1.65833e-02 | 1.25332e-02 1.07867e-01 1.39115e-01 |
   1343 | 2.22711e+01 1.65833e-02 | 1.25332e-02 1.07867e-01 1.39115e-01 |
   1344 | 2.22877e+01 1.65834e-02 | 1.25332e-02 1.07867e-01 1.39115e-01 |
   1345 | 2.23043e+01 1.65835e-02 | 1.25332e-02 1.07867e-01 1.39115e-01 |
   1346 | 2.23209e+01 1.65836e-02 | 1.25332e-02 1.07867e-01 1.39115e-01 |
   1347 | 2.23374e+01 1.65837e-02 | 1.25332e-02 1.07867e-01 1.39115e-01 |
   1348 | 2.23540e+01 1.65838e-02 | 1.25332e-02 1.07867e-01 1.39115e-01 |
   1349 | 2.23706e+01 1.65838e-02 | 1.25332e-02 1.07867e-01 1.39115e-01 |
   1350 | 2.23872e+01 1.65839e-02 | 1.25332e-02 1.07867e-01 1.39115e-01 |
   1351 | 2.24038e+01 1.65838e-02 | 1.25332e-02 1.07867e-01 1.39115e-01 |
   1352 | 2.24204e+01 1.65837e-02 | 1.25332e-02 1.07867e-01 1.39115e-01 |
   1353 | 2.24369e+01 1.65836e-02 | 1.25332e-02 1.07867e-01 1.39115e-01 |
   1354 | 2.24535e+01 1.65836e-02 | 1.25332e-02 1.07867e-01 1.39115e-01 |
   1355 | 2.24701e+01 1.65835e-02 | 1.25332e-02 1.07867e-01 1.39115e-01 |
   1356 | 2.24867e+01 1.65834e-02 | 1.25332e-02 1.07867e-01 1.39115e-01 |
   1357 | 2.25033e+01 1.65834e-02 | 1.25332e-02 1.07867e-01 1.39115e-01 |
   1358 | 2.25199e+01 1.65833e-02 | 1.25332e-02 1.07867e-01 1.39115e-01 |
   1359 | 2.25364e+01 1.65832e-02 | 1.25332e-02 1.07867e-01 1.39115e-01 |
   1360 | 2.25530e+01 1.65832e-02 | 1.25332e-02 1.07867e-01 1.39115e-01 |
   1361 | 2.25696e+01 1.65831e-02 | 1.25332e-02 1.07867e-01 1.39115e-01 |
   1362 | 2.25862e+01 1.65831e-02 | 1.25332e-02 1.07867e-01 1.39115e-01 |
   1363 | 2.26028e+01 1.65830e-02 | 1.25332e-02 1.07867e-01 1.39115e-01 |
   1364 | 2.26194e+01 1.65830e-02 | 1.25332e-02 1.07867e-01 1.39115e-01 |
   1365 | 2.26359e+01 1.65829e-02 | 1.25332e-02 1.07867e-01 1.39115e-01 |
   1366 | 2.26525e+01 1.65829e-02 | 1.25332e-02 1.07867e-01 1.39115e-01 |
   1367 | 2.26691e+01 1.65829e-02 | 1.25332e-02 1.07867e-01 1.39115e-01 |
   1368 | 2.26857e+01 1.65829e-02 | 1.25332e-02 1.07867e-01 1.39115e-01 |
   1369 | 2.27023e+01 1.65828e-02 | 1.25332e-02 1.07867e-01 1.39115e-01 |
   1370 | 2.27189e+01 1.65828e-02 | 1.25332e-02 1.07867e-01 1.39115e-01 |
   1371 | 2.27354e+01 1.65828e-02 | 1.25332e-02 1.07867e-01 1.39115e-01 |
   1372 | 2.27520e+01 1.65828e-02 | 1.25332e-02 1.07867e-01 1.39115e-01 |
   1373 | 2.27686e+01 1.65827e-02 | 1.25332e-02 1.07867e-01 1.39115e-01 |
   1374 | 2.27852e+01 1.65827e-02 | 1.25332e-02 1.07867e-01 1.39115e-01 |
   1375 | 2.28018e+01 1.65827e-02 | 1.25332e-02 1.07867e-01 1.39115e-01 |
   1376 | 2.28184e+01 1.65826e-02 | 1.25332e-02 1.07867e-01 1.39115e-01 |
   1377 | 2.28349e+01 1.65826e-02 | 1.25332e-02 1.07867e-01 1.39115e-01 |
   1378 | 2.28515e+01 1.65826e-02 | 1.25332e-02 1.07867e-01 1.39115e-01 |
   1379 | 2.28681e+01 1.65826e-02 | 1.25332e-02 1.07867e-01 1.39115e-01 |
   1380 | 2.28847e+01 1.65826e-02 | 1.25332e-02 1.07867e-01 1.39115e-01 |
   1381 | 2.29013e+01 1.65825e-02 | 1.25332e-02 1.07867e-01 1.39115e-01 |
   1382 | 2.29178e+01 1.65825e-02 | 1.25332e-02 1.07867e-01 1.39115e-01 |
   1383 | 2.29344e+01 1.65825e-02 | 1.25332e-02 1.07867e-01 1.39115e-01 |
   1384 | 2.29510e+01 1.65825e-02 | 1.25332e-02 1.07867e-01 1.39115e-01 |
   1385 | 2.29676e+01 1.65825e-02 | 1.25332e-02 1.07867e-01 1.39115e-01 |
   1386 | 2.29842e+01 1.65826e-02 | 1.25332e-02 1.07867e-01 1.39115e-01 |
   1387 | 2.30008e+01 1.65826e-02 | 1.25332e-02 1.07867e-01 1.39115e-01 |
   1388 | 2.30173e+01 1.65826e-02 | 1.25332e-02 1.07867e-01 1.39115e-01 |
   1389 | 2.30339e+01 1.65826e-02 | 1.25332e-02 1.07867e-01 1.39115e-01 |
   1390 | 2.30505e+01 1.65826e-02 | 1.25332e-02 1.07867e-01 1.39115e-01 |
   1391 | 2.30671e+01 1.65827e-02 | 1.25332e-02 1.07867e-01 1.39115e-01 |
   1392 | 2.30837e+01 1.65827e-02 | 1.25332e-02 1.07867e-01 1.39115e-01 |
   1393 | 2.31003e+01 1.65827e-02 | 1.25332e-02 1.07867e-01 1.39115e-01 |
   1394 | 2.31168e+01 1.65828e-02 | 1.25332e-02 1.07867e-01 1.39115e-01 |
   1395 | 2.31334e+01 1.65828e-02 | 1.25332e-02 1.07867e-01 1.39115e-01 |
   1396 | 2.31500e+01 1.65828e-02 | 1.25332e-02 1.07867e-01 1.39115e-01 |
   1397 | 2.31666e+01 1.65829e-02 | 1.25332e-02 1.07867e-01 1.39115e-01 |
   1398 | 2.31832e+01 1.65829e-02 | 1.25332e-02 1.07867e-01 1.39115e-01 |
   1399 | 2.31998e+01 1.65830e-02 | 1.25332e-02 1.07867e-01 1.39115e-01 |
   1400 | 2.32163e+01 1.65830e-02 | 1.25332e-02 1.07867e-01 1.39115e-01 |
   1401 | 2.32329e+01 1.65831e-02 | 1.25332e-02 1.07867e-01 1.39115e-01 |
   1402 | 2.32495e+01 1.65832e-02 | 1.25332e-02 1.07867e-01 1.39115e-01 |
   1403 | 2.32661e+01 1.65832e-02 | 1.25332e-02 1.07867e-01 1.39115e-01 |
   1404 | 2.32827e+01 1.65833e-02 | 1.25332e-02 1.07867e-01 1.39115e-01 |
   1405 | 2.32993e+01 1.65834e-02 | 1.25332e-02 1.07867e-01 1.39115e-01 |
   1406 | 2.33158e+01 1.65835e-02 | 1.25332e-02 1.07867e-01 1.39115e-01 |
   1407 | 2.33324e+01 1.65835e-02 | 1.25332e-02 1.07867e-01 1.39115e-01 |
   1408 | 2.33490e+01 1.65836e-02 | 1.25332e-02 1.07867e-01 1.39115e-01 |
   1409 | 2.33656e+01 1.65837e-02 | 1.25332e-02 1.07867e-01 1.39115e-01 |
   1410 | 2.33822e+01 1.65837e-02 | 1.25332e-02 1.07867e-01 1.39115e-01 |
   1411 | 2.33988e+01 1.65836e-02 | 1.25332e-02 1.07867e-01 1.39115e-01 |
   1412 | 2.34153e+01 1.65835e-02 | 1.25332e-02 1.07867e-01 1.39115e-01 |
   1413 | 2.34319e+01 1.65834e-02 | 1.25332e-02 1.07867e-01 1.39115e-01 |
   1414 | 2.34485e+01 1.65833e-02 | 1.25332e-02 1.07867e-01 1.39115e-01 |
   1415 | 2.34651e+01 1.65833e-02 | 1.25332e-02 1.07867e-01 1.39115e-01 |
   1416 | 2.34817e+01 1.65832e-02 | 1.25332e-02 1.07867e-01 1.39115e-01 |
   1417 | 2.34983e+01 1.65831e-02 | 1.25332e-02 1.07867e-01 1.39115e-01 |
   1418 | 2.35148e+01 1.65831e-02 | 1.25332e-02 1.07867e-01 1.39115e-01 |
   1419 | 2.35314e+01 1.65830e-02 | 1.25332e-02 1.07867e-01 1.39115e-01 |
   1420 | 2.35480e+01 1.65829e-02 | 1.25332e-02 1.07867e-01 1.39115e-01 |
   1421 | 2.35646e+01 1.65829e-02 | 1.25332e-02 1.07867e-01 1.39115e-01 |
   1422 | 2.35812e+01 1.65828e-02 | 1.25332e-02 1.07867e-01 1.39115e-01 |
   1423 | 2.35978e+01 1.65828e-02 | 1.25332e-02 1.07867e-01 1.39115e-01 |
   1424 | 2.36143e+01 1.65827e-02 | 1.25332e-02 1.07867e-01 1.39115e-01 |
   1425 | 2.36309e+01 1.65827e-02 | 1.25332e-02 1.07867e-01 1.39115e-01 |
   1426 | 2.36475e+01 1.65827e-02 | 1.25332e-02 1.07867e-01 1.39115e-01 |
   1427 | 2.36641e+01 1.65826e-02 | 1.25332e-02 1.07867e-01 1.39115e-01 |
   1428 | 2.36807e+01 1.65826e-02 | 1.25332e-02 1.07867e-01 1.39115e-01 |
   1429 | 2.36972e+01 1.65826e-02 | 1.25332e-02 1.07867e-01 1.39115e-01 |
   1430 | 2.37138e+01 1.65825e-02 | 1.25332e-02 1.07867e-01 1.39115e-01 |
   1431 | 2.37304e+01 1.65825e-02 | 1.25332e-02 1.07867e-01 1.39115e-01 |
   1432 | 2.37470e+01 1.65825e-02 | 1.25332e-02 1.07867e-01 1.39115e-01 |
   1433 | 2.37636e+01 1.65825e-02 | 1.25332e-02 1.07867e-01 1.39115e-01 |
   1434 | 2.37802e+01 1.65825e-02 | 1.25332e-02 1.07867e-01 1.39115e-01 |
   1435 | 2.37967e+01 1.65825e-02 | 1.25332e-02 1.07867e-01 1.39115e-01 |
   1436 | 2.38133e+01 1.65825e-02 | 1.25332e-02 1.07867e-01 1.39115e-01 |
   1437 | 2.38299e+01 1.65825e-02 | 1.25332e-02 1.07867e-01 1.39115e-01 |
   1438 | 2.38465e+01 1.65825e-02 | 1.25332e-02 1.07867e-01 1.39115e-01 |
   1439 | 2.38631e+01 1.65825e-02 | 1.25332e-02 1.07867e-01 1.39115e-01 |
   1440 | 2.38797e+01 1.65825e-02 | 1.25332e-02 1.07867e-01 1.39115e-01 |
   1441 | 2.38962e+01 1.65825e-02 | 1.25332e-02 1.07867e-01 1.39115e-01 |
   1442 | 2.39128e+01 1.65825e-02 | 1.25332e-02 1.07867e-01 1.39115e-01 |
   1443 | 2.39294e+01 1.65825e-02 | 1.25332e-02 1.07867e-01 1.39115e-01 |
   1444 | 2.39460e+01 1.65826e-02 | 1.25332e-02 1.07867e-01 1.39115e-01 |
   1445 | 2.39626e+01 1.65826e-02 | 1.25332e-02 1.07867e-01 1.39115e-01 |
   1446 | 2.39791e+01 1.65826e-02 | 1.25332e-02 1.07867e-01 1.39115e-01 |
   1447 | 2.39957e+01 1.65827e-02 | 1.25332e-02 1.07867e-01 1.39115e-01 |
   1448 | 2.40123e+01 1.65827e-02 | 1.25332e-02 1.07867e-01 1.39115e-01 |
   1449 | 2.40289e+01 1.65827e-02 | 1.25332e-02 1.07867e-01 1.39115e-01 |
   1450 | 2.40455e+01 1.65828e-02 | 1.25332e-02 1.07867e-01 1.39115e-01 |
   1451 | 2.40621e+01 1.65828e-02 | 1.25332e-02 1.07867e-01 1.39115e-01 |
   1452 | 2.40786e+01 1.65829e-02 | 1.25332e-02 1.07867e-01 1.39115e-01 |
   1453 | 2.40952e+01 1.65830e-02 | 1.25332e-02 1.07867e-01 1.39115e-01 |
   1454 | 2.41118e+01 1.65830e-02 | 1.25332e-02 1.07867e-01 1.39115e-01 |
   1455 | 2.41284e+01 1.65831e-02 | 1.25332e-02 1.07867e-01 1.39115e-01 |
   1456 | 2.41450e+01 1.65831e-02 | 1.25332e-02 1.07867e-01 1.39115e-01 |
   1457 | 2.41616e+01 1.65832e-02 | 1.25332e-02 1.07867e-01 1.39115e-01 |
   1458 | 2.41781e+01 1.65833e-02 | 1.25332e-02 1.07867e-01 1.39115e-01 |
   1459 | 2.41947e+01 1.65834e-02 | 1.25332e-02 1.07867e-01 1.39115e-01 |
   1460 | 2.42113e+01 1.65834e-02 | 1.25332e-02 1.07867e-01 1.39115e-01 |
   1461 | 2.42279e+01 1.65835e-02 | 1.25332e-02 1.07867e-01 1.39115e-01 |
   1462 | 2.42445e+01 1.65836e-02 | 1.25332e-02 1.07867e-01 1.39115e-01 |
   1463 | 2.42611e+01 1.65837e-02 | 1.25332e-02 1.07867e-01 1.39115e-01 |
   1464 | 2.42776e+01 1.65838e-02 | 1.25332e-02 1.07867e-01 1.39115e-01 |
   1465 | 2.42942e+01 1.65839e-02 | 1.25332e-02 1.07867e-01 1.39115e-01 |
   1466 | 2.43108e+01 1.65838e-02 | 1.25332e-02 1.07867e-01 1.39115e-01 |
   1467 | 2.43274e+01 1.65837e-02 | 1.25332e-02 1.07867e-01 1.39115e-01 |
   1468 | 2.43440e+01 1.65836e-02 | 1.25332e-02 1.07867e-01 1.39115e-01 |
   1469 | 2.43606e+01 1.65835e-02 | 1.25332e-02 1.07867e-01 1.39115e-01 |
   1470 | 2.43771e+01 1.65834e-02 | 1.25332e-02 1.07867e-01 1.39115e-01 |
   1471 | 2.43937e+01 1.65834e-02 | 1.25332e-02 1.07867e-01 1.39115e-01 |
   1472 | 2.44103e+01 1.65833e-02 | 1.25332e-02 1.07867e-01 1.39115e-01 |
   1473 | 2.44269e+01 1.65832e-02 | 1.25332e-02 1.07867e-01 1.39115e-01 |
   1474 | 2.44435e+01 1.65832e-02 | 1.25332e-02 1.07867e-01 1.39115e-01 |
   1475 | 2.44601e+01 1.65831e-02 | 1.25332e-02 1.07867e-01 1.39115e-01 |
   1476 | 2.44766e+01 1.65830e-02 | 1.25332e-02 1.07867e-01 1.39115e-01 |
   1477 | 2.44932e+01 1.65830e-02 | 1.25332e-02 1.07867e-01 1.39115e-01 |
   1478 | 2.45098e+01 1.65829e-02 | 1.25332e-02 1.07867e-01 1.39115e-01 |
   1479 | 2.45264e+01 1.65829e-02 | 1.25332e-02 1.07867e-01 1.39115e-01 |
   1480 | 2.45430e+01 1.65828e-02 | 1.25332e-02 1.07867e-01 1.39115e-01 |
   1481 | 2.45596e+01 1.65828e-02 | 1.25332e-02 1.07867e-01 1.39115e-01 |
   1482 | 2.45761e+01 1.65827e-02 | 1.25332e-02 1.07867e-01 1.39115e-01 |
   1483 | 2.45927e+01 1.65827e-02 | 1.25332e-02 1.07867e-01 1.39115e-01 |
   1484 | 2.46093e+01 1.65827e-02 | 1.25332e-02 1.07867e-01 1.39115e-01 |
   1485 | 2.46259e+01 1.65826e-02 | 1.25332e-02 1.07867e-01 1.39115e-01 |
   1486 | 2.46425e+01 1.65826e-02 | 1.25332e-02 1.07867e-01 1.39115e-01 |
   1487 | 2.46591e+01 1.65826e-02 | 1.25332e-02 1.07867e-01 1.39115e-01 |
   1488 | 2.46756e+01 1.65826e-02 | 1.25332e-02 1.07867e-01 1.39115e-01 |
   1489 | 2.46922e+01 1.65825e-02 | 1.25332e-02 1.07867e-01 1.39115e-01 |
   1490 | 2.47088e+01 1.65825e-02 | 1.25332e-02 1.07867e-01 1.39115e-01 |
   1491 | 2.47254e+01 1.65825e-02 | 1.25332e-02 1.07867e-01 1.39115e-01 |
   1492 | 2.47420e+01 1.65825e-02 | 1.25332e-02 1.07867e-01 1.39115e-01 |
   1493 | 2.47586e+01 1.65825e-02 | 1.25332e-02 1.07867e-01 1.39115e-01 |
   1494 | 2.47751e+01 1.65825e-02 | 1.25332e-02 1.07867e-01 1.39115e-01 |
   1495 | 2.47917e+01 1.65825e-02 | 1.25332e-02 1.07867e-01 1.39115e-01 |
   1496 | 2.48083e+01 1.65825e-02 | 1.25332e-02 1.07867e-01 1.39115e-01 |
   1497 | 2.48249e+01 1.65825e-02 | 1.25332e-02 1.07867e-01 1.39115e-01 |
   1498 | 2.48415e+01 1.65826e-02 | 1.25332e-02 1.07867e-01 1.39115e-01 |
   1499 | 2.48580e+01 1.65826e-02 | 1.25332e-02 1.07867e-01 1.39115e-01 |
   1500 | 2.48746e+01 1.65826e-02 | 1.25332e-02 1.07867e-01 1.39115e-01 |
   1501 | 2.48912e+01 1.65826e-02 | 1.25332e-02 1.07867e-01 1.39115e-01 |
   1502 | 2.49078e+01 1.65827e-02 | 1.25332e-02 1.07867e-01 1.39115e-01 |
   1503 | 2.49244e+01 1.65827e-02 | 1.25332e-02 1.07867e-01 1.39115e-01 |
   1504 | 2.49410e+01 1.65827e-02 | 1.25332e-02 1.07867e-01 1.39115e-01 |
   1505 | 2.49575e+01 1.65828e-02 | 1.25332e-02 1.07867e-01 1.39115e-01 |
   1506 | 2.49741e+01 1.65828e-02 | 1.25332e-02 1.07867e-01 1.39115e-01 |
   1507 | 2.49907e+01 1.65829e-02 | 1.25332e-02 1.07867e-01 1.39115e-01 |
   1508 | 2.50073e+01 1.65829e-02 | 1.25332e-02 1.07867e-01 1.39115e-01 |
   1509 | 2.50239e+01 1.65830e-02 | 1.25332e-02 1.07867e-01 1.39115e-01 |
   1510 | 2.50405e+01 1.65830e-02 | 1.25332e-02 1.07867e-01 1.39115e-01 |
   1511 | 2.50570e+01 1.65831e-02 | 1.25332e-02 1.07867e-01 1.39115e-01 |
   1512 | 2.50736e+01 1.65831e-02 | 1.25332e-02 1.07867e-01 1.39115e-01 |
   1513 | 2.50902e+01 1.65832e-02 | 1.25332e-02 1.07867e-01 1.39115e-01 |
   1514 | 2.51068e+01 1.65833e-02 | 1.25332e-02 1.07867e-01 1.39115e-01 |
   1515 | 2.51234e+01 1.65834e-02 | 1.25332e-02 1.07867e-01 1.39115e-01 |
   1516 | 2.51400e+01 1.65834e-02 | 1.25332e-02 1.07867e-01 1.39115e-01 |
   1517 | 2.51565e+01 1.65835e-02 | 1.25332e-02 1.07867e-01 1.39115e-01 |
   1518 | 2.51731e+01 1.65836e-02 | 1.25332e-02 1.07867e-01 1.39115e-01 |
   1519 | 2.51897e+01 1.65837e-02 | 1.25332e-02 1.07867e-01 1.39115e-01 |
   1520 | 2.52063e+01 1.65837e-02 | 1.25332e-02 1.07867e-01 1.39115e-01 |
   1521 | 2.52229e+01 1.65836e-02 | 1.25332e-02 1.07867e-01 1.39115e-01 |
   1522 | 2.52395e+01 1.65835e-02 | 1.25332e-02 1.07867e-01 1.39115e-01 |
   1523 | 2.52560e+01 1.65834e-02 | 1.25332e-02 1.07867e-01 1.39115e-01 |
   1524 | 2.52726e+01 1.65833e-02 | 1.25332e-02 1.07867e-01 1.39115e-01 |
   1525 | 2.52892e+01 1.65833e-02 | 1.25332e-02 1.07867e-01 1.39115e-01 |
   1526 | 2.53058e+01 1.65832e-02 | 1.25332e-02 1.07867e-01 1.39115e-01 |
   1527 | 2.53224e+01 1.65831e-02 | 1.25332e-02 1.07867e-01 1.39115e-01 |
   1528 | 2.53390e+01 1.65831e-02 | 1.25332e-02 1.07867e-01 1.39115e-01 |
   1529 | 2.53555e+01 1.65830e-02 | 1.25332e-02 1.07867e-01 1.39115e-01 |
   1530 | 2.53721e+01 1.65829e-02 | 1.25332e-02 1.07867e-01 1.39115e-01 |
   1531 | 2.53887e+01 1.65829e-02 | 1.25332e-02 1.07867e-01 1.39115e-01 |
   1532 | 2.54053e+01 1.65828e-02 | 1.25332e-02 1.07867e-01 1.39115e-01 |
   1533 | 2.54219e+01 1.65828e-02 | 1.25332e-02 1.07867e-01 1.39115e-01 |
   1534 | 2.54385e+01 1.65827e-02 | 1.25332e-02 1.07867e-01 1.39115e-01 |
   1535 | 2.54550e+01 1.65827e-02 | 1.25332e-02 1.07867e-01 1.39115e-01 |
   1536 | 2.54716e+01 1.65827e-02 | 1.25332e-02 1.07867e-01 1.39115e-01 |
   1537 | 2.54882e+01 1.65826e-02 | 1.25332e-02 1.07867e-01 1.39115e-01 |
   1538 | 2.55048e+01 1.65826e-02 | 1.25332e-02 1.07867e-01 1.39115e-01 |
   1539 | 2.55214e+01 1.65826e-02 | 1.25332e-02 1.07867e-01 1.39115e-01 |
   1540 | 2.55380e+01 1.65825e-02 | 1.25332e-02 1.07867e-01 1.39115e-01 |
   1541 | 2.55545e+01 1.65825e-02 | 1.25332e-02 1.07867e-01 1.39115e-01 |
   1542 | 2.55711e+01 1.65825e-02 | 1.25332e-02 1.07867e-01 1.39115e-01 |
   1543 | 2.55877e+01 1.65825e-02 | 1.25332e-02 1.07867e-01 1.39115e-01 |
   1544 | 2.56043e+01 1.65825e-02 | 1.25332e-02 1.07867e-01 1.39115e-01 |
   1545 | 2.56209e+01 1.65825e-02 | 1.25332e-02 1.07867e-01 1.39115e-01 |
   1546 | 2.56374e+01 1.65825e-02 | 1.25332e-02 1.07867e-01 1.39115e-01 |
   1547 | 2.56540e+01 1.65825e-02 | 1.25332e-02 1.07867e-01 1.39115e-01 |
   1548 | 2.56706e+01 1.65825e-02 | 1.25332e-02 1.07867e-01 1.39115e-01 |
   1549 | 2.56872e+01 1.65825e-02 | 1.25332e-02 1.07867e-01 1.39115e-01 |
   1550 | 2.57038e+01 1.65825e-02 | 1.25332e-02 1.07867e-01 1.39115e-01 |
   1551 | 2.57204e+01 1.65825e-02 | 1.25332e-02 1.07867e-01 1.39115e-01 |
   1552 | 2.57369e+01 1.65825e-02 | 1.25332e-02 1.07867e-01 1.39115e-01 |
   1553 | 2.57535e+01 1.65825e-02 | 1.25332e-02 1.07867e-01 1.39115e-01 |
   1554 | 2.57701e+01 1.65826e-02 | 1.25332e-02 1.07867e-01 1.39115e-01 |
   1555 | 2.57867e+01 1.65826e-02 | 1.25332e-02 1.07867e-01 1.39115e-01 |
   1556 | 2.58033e+01 1.65826e-02 | 1.25332e-02 1.07867e-01 1.39115e-01 |
   1557 | 2.58199e+01 1.65827e-02 | 1.25332e-02 1.07867e-01 1.39115e-01 |
   1558 | 2.58364e+01 1.65827e-02 | 1.25332e-02 1.07867e-01 1.39115e-01 |
   1559 | 2.58530e+01 1.65827e-02 | 1.25332e-02 1.07867e-01 1.39115e-01 |
   1560 | 2.58696e+01 1.65828e-02 | 1.25332e-02 1.07867e-01 1.39115e-01 |
   1561 | 2.58862e+01 1.65828e-02 | 1.25332e-02 1.07867e-01 1.39115e-01 |
   1562 | 2.59028e+01 1.65829e-02 | 1.25332e-02 1.07867e-01 1.39115e-01 |
   1563 | 2.59194e+01 1.65830e-02 | 1.25332e-02 1.07867e-01 1.39115e-01 |
   1564 | 2.59359e+01 1.65830e-02 | 1.25332e-02 1.07867e-01 1.39115e-01 |
   1565 | 2.59525e+01 1.65831e-02 | 1.25332e-02 1.07867e-01 1.39115e-01 |
   1566 | 2.59691e+01 1.65831e-02 | 1.25332e-02 1.07867e-01 1.39115e-01 |
   1567 | 2.59857e+01 1.65832e-02 | 1.25332e-02 1.07867e-01 1.39115e-01 |
   1568 | 2.60023e+01 1.65833e-02 | 1.25332e-02 1.07867e-01 1.39115e-01 |
   1569 | 2.60189e+01 1.65834e-02 | 1.25332e-02 1.07867e-01 1.39115e-01 |
   1570 | 2.60354e+01 1.65834e-02 | 1.25332e-02 1.07867e-01 1.39115e-01 |
   1571 | 2.60520e+01 1.65835e-02 | 1.25332e-02 1.07867e-01 1.39115e-01 |
   1572 | 2.60686e+01 1.65836e-02 | 1.25332e-02 1.07867e-01 1.39115e-01 |
   1573 | 2.60852e+01 1.65837e-02 | 1.25332e-02 1.07867e-01 1.39115e-01 |
   1574 | 2.61018e+01 1.65838e-02 | 1.25332e-02 1.07867e-01 1.39115e-01 |
   1575 | 2.61184e+01 1.65839e-02 | 1.25332e-02 1.07867e-01 1.39115e-01 |
   1576 | 2.61349e+01 1.65840e-02 | 1.25332e-02 1.07867e-01 1.39115e-01 |
   1577 | 2.61515e+01 1.65841e-02 | 1.25332e-02 1.07867e-01 1.39115e-01 |
   1578 | 2.61681e+01 1.65842e-02 | 1.25332e-02 1.07867e-01 1.39115e-01 |
   1579 | 2.61847e+01 1.65843e-02 | 1.25332e-02 1.07867e-01 1.39115e-01 |
   1580 | 2.62013e+01 1.65842e-02 | 1.25332e-02 1.07867e-01 1.39115e-01 |
   1581 | 2.62179e+01 1.65841e-02 | 1.25332e-02 1.07867e-01 1.39115e-01 |
   1582 | 2.62344e+01 1.65840e-02 | 1.25332e-02 1.07867e-01 1.39115e-01 |
   1583 | 2.62510e+01 1.65839e-02 | 1.25332e-02 1.07867e-01 1.39115e-01 |
   1584 | 2.62676e+01 1.65838e-02 | 1.25332e-02 1.07867e-01 1.39115e-01 |
   1585 | 2.62842e+01 1.65838e-02 | 1.25332e-02 1.07867e-01 1.39115e-01 |
   1586 | 2.63008e+01 1.65837e-02 | 1.25332e-02 1.07867e-01 1.39115e-01 |
   1587 | 2.63174e+01 1.65836e-02 | 1.25332e-02 1.07867e-01 1.39115e-01 |
   1588 | 2.63339e+01 1.65835e-02 | 1.25332e-02 1.07867e-01 1.39115e-01 |
   1589 | 2.63505e+01 1.65835e-02 | 1.25332e-02 1.07867e-01 1.39115e-01 |
   1590 | 2.63671e+01 1.65834e-02 | 1.25332e-02 1.07867e-01 1.39115e-01 |
   1591 | 2.63837e+01 1.65834e-02 | 1.25332e-02 1.07867e-01 1.39115e-01 |
   1592 | 2.64003e+01 1.65833e-02 | 1.25332e-02 1.07867e-01 1.39115e-01 |
   1593 | 2.64169e+01 1.65832e-02 | 1.25332e-02 1.07867e-01 1.39115e-01 |
   1594 | 2.64334e+01 1.65832e-02 | 1.25332e-02 1.07867e-01 1.39115e-01 |
   1595 | 2.64500e+01 1.65832e-02 | 1.25332e-02 1.07867e-01 1.39115e-01 |
   1596 | 2.64666e+01 1.65831e-02 | 1.25332e-02 1.07867e-01 1.39115e-01 |
   1597 | 2.64832e+01 1.65831e-02 | 1.25332e-02 1.07867e-01 1.39115e-01 |
   1598 | 2.64998e+01 1.65830e-02 | 1.25332e-02 1.07867e-01 1.39115e-01 |
   1599 | 2.65164e+01 1.65830e-02 | 1.25332e-02 1.07867e-01 1.39115e-01 |
   1600 | 2.65329e+01 1.65830e-02 | 1.25332e-02 1.07867e-01 1.39115e-01 |
   1601 | 2.65495e+01 1.65830e-02 | 1.25332e-02 1.07867e-01 1.39115e-01 |
   1602 | 2.65661e+01 1.65829e-02 | 1.25332e-02 1.07867e-01 1.39115e-01 |
   1603 | 2.65827e+01 1.65829e-02 | 1.25332e-02 1.07867e-01 1.39115e-01 |
   1604 | 2.65993e+01 1.65829e-02 | 1.25332e-02 1.07867e-01 1.39115e-01 |
   1605 | 2.66159e+01 1.65829e-02 | 1.25332e-02 1.07867e-01 1.39115e-01 |
   1606 | 2.66324e+01 1.65829e-02 | 1.25332e-02 1.07867e-01 1.39115e-01 |
   1607 | 2.66490e+01 1.65829e-02 | 1.25332e-02 1.07867e-01 1.39115e-01 |
   1608 | 2.66656e+01 1.65829e-02 | 1.25332e-02 1.07867e-01 1.39115e-01 |
   1609 | 2.66822e+01 1.65829e-02 | 1.25332e-02 1.07867e-01 1.39115e-01 |
   1610 | 2.66988e+01 1.65829e-02 | 1.25332e-02 1.07867e-01 1.39115e-01 |
   1611 | 2.67154e+01 1.65829e-02 | 1.25332e-02 1.07867e-01 1.39115e-01 |
   1612 | 2.67319e+01 1.65829e-02 | 1.25332e-02 1.07867e-01 1.39115e-01 |
   1613 | 2.67485e+01 1.65829e-02 | 1.25332e-02 1.07867e-01 1.39115e-01 |
   1614 | 2.67651e+01 1.65830e-02 | 1.25332e-02 1.07867e-01 1.39115e-01 |
   1615 | 2.67817e+01 1.65830e-02 | 1.25332e-02 1.07867e-01 1.39115e-01 |
   1616 | 2.67983e+01 1.65830e-02 | 1.25332e-02 1.07867e-01 1.39115e-01 |
   1617 | 2.68149e+01 1.65831e-02 | 1.25332e-02 1.07867e-01 1.39115e-01 |
   1618 | 2.68314e+01 1.65831e-02 | 1.25332e-02 1.07867e-01 1.39115e-01 |
   1619 | 2.68480e+01 1.65831e-02 | 1.25332e-02 1.07867e-01 1.39115e-01 |
   1620 | 2.68646e+01 1.65832e-02 | 1.25332e-02 1.07867e-01 1.39115e-01 |
   1621 | 2.68812e+01 1.65832e-02 | 1.25332e-02 1.07867e-01 1.39115e-01 |
   1622 | 2.68978e+01 1.65833e-02 | 1.25332e-02 1.07867e-01 1.39115e-01 |
   1623 | 2.69144e+01 1.65833e-02 | 1.25332e-02 1.07867e-01 1.39115e-01 |
   1624 | 2.69309e+01 1.65834e-02 | 1.25332e-02 1.07867e-01 1.39115e-01 |
   1625 | 2.69475e+01 1.65834e-02 | 1.25332e-02 1.07867e-01 1.39115e-01 |
   1626 | 2.69641e+01 1.65835e-02 | 1.25332e-02 1.07867e-01 1.39115e-01 |
   1627 | 2.69807e+01 1.65836e-02 | 1.25332e-02 1.07867e-01 1.39115e-01 |
   1628 | 2.69973e+01 1.65836e-02 | 1.25332e-02 1.07867e-01 1.39115e-01 |
   1629 | 2.70139e+01 1.65837e-02 | 1.25332e-02 1.07867e-01 1.39115e-01 |
   1630 | 2.70304e+01 1.65837e-02 | 1.25332e-02 1.07867e-01 1.39115e-01 |
   1631 | 2.70470e+01 1.65836e-02 | 1.25332e-02 1.07867e-01 1.39115e-01 |
   1632 | 2.70636e+01 1.65835e-02 | 1.25332e-02 1.07867e-01 1.39115e-01 |
   1633 | 2.70802e+01 1.65835e-02 | 1.25332e-02 1.07867e-01 1.39115e-01 |
   1634 | 2.70968e+01 1.65834e-02 | 1.25332e-02 1.07867e-01 1.39115e-01 |
   1635 | 2.71134e+01 1.65834e-02 | 1.25332e-02 1.07867e-01 1.39115e-01 |
   1636 | 2.71299e+01 1.65833e-02 | 1.25332e-02 1.07867e-01 1.39115e-01 |
   1637 | 2.71465e+01 1.65833e-02 | 1.25332e-02 1.07867e-01 1.39115e-01 |
   1638 | 2.71631e+01 1.65832e-02 | 1.25332e-02 1.07867e-01 1.39115e-01 |
   1639 | 2.71797e+01 1.65832e-02 | 1.25332e-02 1.07867e-01 1.39115e-01 |
   1640 | 2.71963e+01 1.65831e-02 | 1.25332e-02 1.07867e-01 1.39115e-01 |
   1641 | 2.72129e+01 1.65831e-02 | 1.25332e-02 1.07867e-01 1.39115e-01 |
   1642 | 2.72294e+01 1.65831e-02 | 1.25332e-02 1.07867e-01 1.39115e-01 |
   1643 | 2.72460e+01 1.65831e-02 | 1.25332e-02 1.07867e-01 1.39115e-01 |
   1644 | 2.72626e+01 1.65830e-02 | 1.25332e-02 1.07867e-01 1.39115e-01 |
   1645 | 2.72792e+01 1.65830e-02 | 1.25332e-02 1.07867e-01 1.39115e-01 |
   1646 | 2.72958e+01 1.65830e-02 | 1.25332e-02 1.07867e-01 1.39115e-01 |
   1647 | 2.73124e+01 1.65830e-02 | 1.25332e-02 1.07867e-01 1.39115e-01 |
   1648 | 2.73289e+01 1.65830e-02 | 1.25332e-02 1.07867e-01 1.39115e-01 |
   1649 | 2.73455e+01 1.65830e-02 | 1.25332e-02 1.07867e-01 1.39115e-01 |
   1650 | 2.73621e+01 1.65830e-02 | 1.25332e-02 1.07867e-01 1.39115e-01 |
   1651 | 2.73787e+01 1.65830e-02 | 1.25332e-02 1.07867e-01 1.39115e-01 |
   1652 | 2.73953e+01 1.65830e-02 | 1.25332e-02 1.07867e-01 1.39115e-01 |
   1653 | 2.74118e+01 1.65830e-02 | 1.25332e-02 1.07867e-01 1.39115e-01 |
   1654 | 2.74284e+01 1.65830e-02 | 1.25332e-02 1.07867e-01 1.39115e-01 |
   1655 | 2.74450e+01 1.65830e-02 | 1.25332e-02 1.07867e-01 1.39115e-01 |
   1656 | 2.74616e+01 1.65831e-02 | 1.25332e-02 1.07867e-01 1.39115e-01 |
   1657 | 2.74782e+01 1.65831e-02 | 1.25332e-02 1.07867e-01 1.39115e-01 |
   1658 | 2.74948e+01 1.65831e-02 | 1.25332e-02 1.07867e-01 1.39115e-01 |
   1659 | 2.75113e+01 1.65831e-02 | 1.25332e-02 1.07867e-01 1.39115e-01 |
   1660 | 2.75279e+01 1.65831e-02 | 1.25332e-02 1.07867e-01 1.39115e-01 |
   1661 | 2.75445e+01 1.65831e-02 | 1.25332e-02 1.07867e-01 1.39115e-01 |
   1662 | 2.75611e+01 1.65831e-02 | 1.25332e-02 1.07867e-01 1.39115e-01 |
   1663 | 2.75777e+01 1.65831e-02 | 1.25332e-02 1.07867e-01 1.39115e-01 |
   1664 | 2.75943e+01 1.65831e-02 | 1.25332e-02 1.07867e-01 1.39115e-01 |
   1665 | 2.76108e+01 1.65831e-02 | 1.25332e-02 1.07867e-01 1.39115e-01 |
   1666 | 2.76274e+01 1.65831e-02 | 1.25332e-02 1.07867e-01 1.39115e-01 |
   1667 | 2.76440e+01 1.65831e-02 | 1.25332e-02 1.07867e-01 1.39115e-01 |
   1668 | 2.76606e+01 1.65831e-02 | 1.25332e-02 1.07867e-01 1.39115e-01 |
   1669 | 2.76772e+01 1.65832e-02 | 1.25332e-02 1.07867e-01 1.39115e-01 |
   1670 | 2.76938e+01 1.65832e-02 | 1.25332e-02 1.07867e-01 1.39115e-01 |
   1671 | 2.77103e+01 1.65832e-02 | 1.25332e-02 1.07867e-01 1.39115e-01 |
   1672 | 2.77269e+01 1.65832e-02 | 1.25332e-02 1.07867e-01 1.39115e-01 |
   1673 | 2.77435e+01 1.65833e-02 | 1.25332e-02 1.07867e-01 1.39115e-01 |
   1674 | 2.77601e+01 1.65833e-02 | 1.25332e-02 1.07867e-01 1.39115e-01 |
   1675 | 2.77767e+01 1.65833e-02 | 1.25332e-02 1.07867e-01 1.39115e-01 |
   1676 | 2.77933e+01 1.65834e-02 | 1.25332e-02 1.07867e-01 1.39115e-01 |
   1677 | 2.78098e+01 1.65834e-02 | 1.25332e-02 1.07867e-01 1.39115e-01 |
   1678 | 2.78264e+01 1.65835e-02 | 1.25332e-02 1.07867e-01 1.39115e-01 |
   1679 | 2.78430e+01 1.65835e-02 | 1.25332e-02 1.07867e-01 1.39115e-01 |
   1680 | 2.78596e+01 1.65836e-02 | 1.25332e-02 1.07867e-01 1.39115e-01 |
   1681 | 2.78762e+01 1.65836e-02 | 1.25332e-02 1.07867e-01 1.39115e-01 |
   1682 | 2.78928e+01 1.65837e-02 | 1.25332e-02 1.07867e-01 1.39115e-01 |
   1683 | 2.79093e+01 1.65837e-02 | 1.25332e-02 1.07867e-01 1.39115e-01 |
   1684 | 2.79259e+01 1.65838e-02 | 1.25332e-02 1.07867e-01 1.39115e-01 |
   1685 | 2.79425e+01 1.65839e-02 | 1.25332e-02 1.07867e-01 1.39115e-01 |
   1686 | 2.79591e+01 1.65838e-02 | 1.25332e-02 1.07867e-01 1.39115e-01 |
   1687 | 2.79757e+01 1.65838e-02 | 1.25332e-02 1.07867e-01 1.39115e-01 |
   1688 | 2.79923e+01 1.65837e-02 | 1.25332e-02 1.07867e-01 1.39115e-01 |
   1689 | 2.80089e+01 1.65836e-02 | 1.25332e-02 1.07867e-01 1.39115e-01 |
   1690 | 2.80254e+01 1.65836e-02 | 1.25332e-02 1.07867e-01 1.39115e-01 |
   1691 | 2.80420e+01 1.65836e-02 | 1.25332e-02 1.07867e-01 1.39115e-01 |
   1692 | 2.80586e+01 1.65835e-02 | 1.25332e-02 1.07867e-01 1.39115e-01 |
   1693 | 2.80752e+01 1.65835e-02 | 1.25332e-02 1.07867e-01 1.39115e-01 |
   1694 | 2.80918e+01 1.65834e-02 | 1.25332e-02 1.07867e-01 1.39115e-01 |
   1695 | 2.81084e+01 1.65834e-02 | 1.25332e-02 1.07867e-01 1.39115e-01 |
   1696 | 2.81249e+01 1.65834e-02 | 1.25332e-02 1.07867e-01 1.39115e-01 |
   1697 | 2.81415e+01 1.65834e-02 | 1.25332e-02 1.07867e-01 1.39115e-01 |
   1698 | 2.81581e+01 1.65833e-02 | 1.25332e-02 1.07867e-01 1.39115e-01 |
   1699 | 2.81747e+01 1.65833e-02 | 1.25332e-02 1.07867e-01 1.39115e-01 |
   1700 | 2.81913e+01 1.65833e-02 | 1.25332e-02 1.07867e-01 1.39115e-01 |
   1701 | 2.82079e+01 1.65833e-02 | 1.25332e-02 1.07867e-01 1.39115e-01 |
   1702 | 2.82244e+01 1.65832e-02 | 1.25332e-02 1.07867e-01 1.39115e-01 |
   1703 | 2.82410e+01 1.65832e-02 | 1.25332e-02 1.07867e-01 1.39115e-01 |
   1704 | 2.82576e+01 1.65831e-02 | 1.25332e-02 1.07867e-01 1.39115e-01 |
   1705 | 2.82742e+01 1.65831e-02 | 1.25332e-02 1.07867e-01 1.39115e-01 |
   1706 | 2.82908e+01 1.65831e-02 | 1.25332e-02 1.07867e-01 1.39115e-01 |
   1707 | 2.83073e+01 1.65830e-02 | 1.25332e-02 1.07867e-01 1.39115e-01 |
   1708 | 2.83239e+01 1.65830e-02 | 1.25332e-02 1.07867e-01 1.39115e-01 |
   1709 | 2.83405e+01 1.65830e-02 | 1.25332e-02 1.07867e-01 1.39115e-01 |
   1710 | 2.83571e+01 1.65829e-02 | 1.25332e-02 1.07867e-01 1.39115e-01 |
   1711 | 2.83737e+01 1.65829e-02 | 1.25332e-02 1.07867e-01 1.39115e-01 |
   1712 | 2.83903e+01 1.65829e-02 | 1.25332e-02 1.07867e-01 1.39115e-01 |
   1713 | 2.84068e+01 1.65829e-02 | 1.25332e-02 1.07867e-01 1.39115e-01 |
   1714 | 2.84234e+01 1.65829e-02 | 1.25332e-02 1.07867e-01 1.39115e-01 |
   1715 | 2.84400e+01 1.65828e-02 | 1.25332e-02 1.07867e-01 1.39115e-01 |
   1716 | 2.84566e+01 1.65828e-02 | 1.25332e-02 1.07867e-01 1.39115e-01 |
   1717 | 2.84732e+01 1.65828e-02 | 1.25332e-02 1.07867e-01 1.39115e-01 |
   1718 | 2.84898e+01 1.65828e-02 | 1.25332e-02 1.07867e-01 1.39115e-01 |
   1719 | 2.85063e+01 1.65828e-02 | 1.25332e-02 1.07867e-01 1.39115e-01 |
   1720 | 2.85229e+01 1.65828e-02 | 1.25332e-02 1.07867e-01 1.39115e-01 |
   1721 | 2.85395e+01 1.65829e-02 | 1.25332e-02 1.07867e-01 1.39115e-01 |
   1722 | 2.85561e+01 1.65829e-02 | 1.25332e-02 1.07867e-01 1.39115e-01 |
   1723 | 2.85727e+01 1.65829e-02 | 1.25332e-02 1.07867e-01 1.39115e-01 |
   1724 | 2.85893e+01 1.65829e-02 | 1.25332e-02 1.07867e-01 1.39115e-01 |
   1725 | 2.86058e+01 1.65829e-02 | 1.25332e-02 1.07867e-01 1.39115e-01 |
   1726 | 2.86224e+01 1.65830e-02 | 1.25332e-02 1.07867e-01 1.39115e-01 |
   1727 | 2.86390e+01 1.65830e-02 | 1.25332e-02 1.07867e-01 1.39115e-01 |
   1728 | 2.86556e+01 1.65830e-02 | 1.25332e-02 1.07867e-01 1.39115e-01 |
   1729 | 2.86722e+01 1.65831e-02 | 1.25332e-02 1.07867e-01 1.39115e-01 |
   1730 | 2.86888e+01 1.65831e-02 | 1.25332e-02 1.07867e-01 1.39115e-01 |
   1731 | 2.87053e+01 1.65832e-02 | 1.25332e-02 1.07867e-01 1.39115e-01 |
   1732 | 2.87219e+01 1.65832e-02 | 1.25332e-02 1.07867e-01 1.39115e-01 |
   1733 | 2.87385e+01 1.65833e-02 | 1.25332e-02 1.07867e-01 1.39115e-01 |
   1734 | 2.87551e+01 1.65833e-02 | 1.25332e-02 1.07867e-01 1.39115e-01 |
   1735 | 2.87717e+01 1.65834e-02 | 1.25332e-02 1.07867e-01 1.39115e-01 |
   1736 | 2.87883e+01 1.65834e-02 | 1.25332e-02 1.07867e-01 1.39115e-01 |
   1737 | 2.88048e+01 1.65835e-02 | 1.25332e-02 1.07867e-01 1.39115e-01 |
   1738 | 2.88214e+01 1.65836e-02 | 1.25332e-02 1.07867e-01 1.39115e-01 |
   1739 | 2.88380e+01 1.65837e-02 | 1.25332e-02 1.07867e-01 1.39115e-01 |
   1740 | 2.88546e+01 1.65837e-02 | 1.25332e-02 1.07867e-01 1.39115e-01 |
   1741 | 2.88712e+01 1.65837e-02 | 1.25332e-02 1.07867e-01 1.39115e-01 |
   1742 | 2.88878e+01 1.65836e-02 | 1.25332e-02 1.07867e-01 1.39115e-01 |
   1743 | 2.89043e+01 1.65835e-02 | 1.25332e-02 1.07867e-01 1.39115e-01 |
   1744 | 2.89209e+01 1.65835e-02 | 1.25332e-02 1.07867e-01 1.39115e-01 |
   1745 | 2.89375e+01 1.65834e-02 | 1.25332e-02 1.07867e-01 1.39115e-01 |
   1746 | 2.89541e+01 1.65834e-02 | 1.25332e-02 1.07867e-01 1.39115e-01 |
   1747 | 2.89707e+01 1.65833e-02 | 1.25332e-02 1.07867e-01 1.39115e-01 |
   1748 | 2.89873e+01 1.65833e-02 | 1.25332e-02 1.07867e-01 1.39115e-01 |
   1749 | 2.90038e+01 1.65832e-02 | 1.25332e-02 1.07867e-01 1.39115e-01 |
   1750 | 2.90204e+01 1.65832e-02 | 1.25332e-02 1.07867e-01 1.39115e-01 |
   1751 | 2.90370e+01 1.65832e-02 | 1.25332e-02 1.07867e-01 1.39115e-01 |
   1752 | 2.90536e+01 1.65832e-02 | 1.25332e-02 1.07867e-01 1.39115e-01 |
   1753 | 2.90702e+01 1.65831e-02 | 1.25332e-02 1.07867e-01 1.39115e-01 |
   1754 | 2.90868e+01 1.65831e-02 | 1.25332e-02 1.07867e-01 1.39115e-01 |
   1755 | 2.91033e+01 1.65831e-02 | 1.25332e-02 1.07867e-01 1.39115e-01 |
   1756 | 2.91199e+01 1.65831e-02 | 1.25332e-02 1.07867e-01 1.39115e-01 |
   1757 | 2.91365e+01 1.65831e-02 | 1.25332e-02 1.07867e-01 1.39115e-01 |
   1758 | 2.91531e+01 1.65831e-02 | 1.25332e-02 1.07867e-01 1.39115e-01 |
   1759 | 2.91697e+01 1.65830e-02 | 1.25332e-02 1.07867e-01 1.39115e-01 |
   1760 | 2.91863e+01 1.65830e-02 | 1.25332e-02 1.07867e-01 1.39115e-01 |
   1761 | 2.92028e+01 1.65830e-02 | 1.25332e-02 1.07867e-01 1.39115e-01 |
   1762 | 2.92194e+01 1.65831e-02 | 1.25332e-02 1.07867e-01 1.39115e-01 |
   1763 | 2.92360e+01 1.65831e-02 | 1.25332e-02 1.07867e-01 1.39115e-01 |
   1764 | 2.92526e+01 1.65831e-02 | 1.25332e-02 1.07867e-01 1.39115e-01 |
   1765 | 2.92692e+01 1.65831e-02 | 1.25332e-02 1.07867e-01 1.39115e-01 |
   1766 | 2.92858e+01 1.65831e-02 | 1.25332e-02 1.07867e-01 1.39115e-01 |
   1767 | 2.93023e+01 1.65831e-02 | 1.25332e-02 1.07867e-01 1.39115e-01 |
   1768 | 2.93189e+01 1.65832e-02 | 1.25332e-02 1.07867e-01 1.39115e-01 |
   1769 | 2.93355e+01 1.65832e-02 | 1.25332e-02 1.07867e-01 1.39115e-01 |
   1770 | 2.93521e+01 1.65832e-02 | 1.25332e-02 1.07867e-01 1.39115e-01 |
   1771 | 2.93687e+01 1.65833e-02 | 1.25332e-02 1.07867e-01 1.39115e-01 |
   1772 | 2.93853e+01 1.65833e-02 | 1.25332e-02 1.07867e-01 1.39115e-01 |
   1773 | 2.94018e+01 1.65834e-02 | 1.25332e-02 1.07867e-01 1.39115e-01 |
   1774 | 2.94184e+01 1.65834e-02 | 1.25332e-02 1.07867e-01 1.39115e-01 |
   1775 | 2.94350e+01 1.65835e-02 | 1.25332e-02 1.07867e-01 1.39115e-01 |
   1776 | 2.94516e+01 1.65835e-02 | 1.25332e-02 1.07867e-01 1.39115e-01 |
   1777 | 2.94682e+01 1.65836e-02 | 1.25332e-02 1.07867e-01 1.39115e-01 |
   1778 | 2.94848e+01 1.65836e-02 | 1.25332e-02 1.07867e-01 1.39115e-01 |
   1779 | 2.95013e+01 1.65837e-02 | 1.25332e-02 1.07867e-01 1.39115e-01 |
   1780 | 2.95179e+01 1.65838e-02 | 1.25332e-02 1.07867e-01 1.39115e-01 |
   1781 | 2.95345e+01 1.65838e-02 | 1.25332e-02 1.07867e-01 1.39115e-01 |
   1782 | 2.95511e+01 1.65839e-02 | 1.25332e-02 1.07867e-01 1.39115e-01 |
   1783 | 2.95677e+01 1.65840e-02 | 1.25332e-02 1.07867e-01 1.39115e-01 |
   1784 | 2.95843e+01 1.65840e-02 | 1.25332e-02 1.07867e-01 1.39115e-01 |
   1785 | 2.96008e+01 1.65840e-02 | 1.25332e-02 1.07867e-01 1.39115e-01 |
   1786 | 2.96174e+01 1.65841e-02 | 1.25332e-02 1.07867e-01 1.39115e-01 |
   1787 | 2.96340e+01 1.65841e-02 | 1.25332e-02 1.07867e-01 1.39115e-01 |
   1788 | 2.96506e+01 1.65841e-02 | 1.25332e-02 1.07867e-01 1.39115e-01 |
   1789 | 2.96672e+01 1.65842e-02 | 1.25332e-02 1.07867e-01 1.39115e-01 |
   1790 | 2.96838e+01 1.65841e-02 | 1.25332e-02 1.07867e-01 1.39115e-01 |
   1791 | 2.97003e+01 1.65840e-02 | 1.25332e-02 1.07867e-01 1.39115e-01 |
   1792 | 2.97169e+01 1.65839e-02 | 1.25332e-02 1.07867e-01 1.39115e-01 |
   1793 | 2.97335e+01 1.65838e-02 | 1.25332e-02 1.07867e-01 1.39115e-01 |
   1794 | 2.97501e+01 1.65837e-02 | 1.25332e-02 1.07867e-01 1.39115e-01 |
   1795 | 2.97667e+01 1.65836e-02 | 1.25332e-02 1.07867e-01 1.39115e-01 |
   1796 | 2.97833e+01 1.65835e-02 | 1.25332e-02 1.07867e-01 1.39115e-01 |
   1797 | 2.97998e+01 1.65835e-02 | 1.25332e-02 1.07867e-01 1.39115e-01 |
   1798 | 2.98164e+01 1.65834e-02 | 1.25332e-02 1.07867e-01 1.39115e-01 |
   1799 | 2.98330e+01 1.65833e-02 | 1.25332e-02 1.07867e-01 1.39115e-01 |
   1800 | 2.98496e+01 1.65832e-02 | 1.25332e-02 1.07867e-01 1.39115e-01 |
   1801 | 2.98662e+01 1.65832e-02 | 1.25332e-02 1.07867e-01 1.39115e-01 |
   1802 | 2.98828e+01 1.65831e-02 | 1.25332e-02 1.07867e-01 1.39115e-01 |
   1803 | 2.98993e+01 1.65830e-02 | 1.25332e-02 1.07867e-01 1.39115e-01 |
   1804 | 2.99159e+01 1.65830e-02 | 1.25332e-02 1.07867e-01 1.39115e-01 |
   1805 | 2.99325e+01 1.65829e-02 | 1.25332e-02 1.07867e-01 1.39115e-01 |
   1806 | 2.99491e+01 1.65829e-02 | 1.25332e-02 1.07867e-01 1.39115e-01 |
   1807 | 2.99657e+01 1.65828e-02 | 1.25332e-02 1.07867e-01 1.39115e-01 |
   1808 | 2.99823e+01 1.65828e-02 | 1.25332e-02 1.07867e-01 1.39115e-01 |
   1809 | 2.99988e+01 1.65827e-02 | 1.25332e-02 1.07867e-01 1.39115e-01 |
   1810 | 3.00154e+01 1.65827e-02 | 1.25332e-02 1.07867e-01 1.39115e-01 |
   1811 | 3.00320e+01 1.65826e-02 | 1.25332e-02 1.07867e-01 1.39115e-01 |
   1812 | 3.00486e+01 1.65826e-02 | 1.25332e-02 1.07867e-01 1.39115e-01 |
   1813 | 3.00652e+01 1.65826e-02 | 1.25332e-02 1.07867e-01 1.39115e-01 |
   1814 | 3.00818e+01 1.65826e-02 | 1.25332e-02 1.07867e-01 1.39115e-01 |
   1815 | 3.00983e+01 1.65825e-02 | 1.25332e-02 1.07867e-01 1.39115e-01 |
   1816 | 3.01149e+01 1.65825e-02 | 1.25332e-02 1.07867e-01 1.39115e-01 |
   1817 | 3.01315e+01 1.65825e-02 | 1.25332e-02 1.07867e-01 1.39115e-01 |
   1818 | 3.01481e+01 1.65825e-02 | 1.25332e-02 1.07867e-01 1.39115e-01 |
   1819 | 3.01647e+01 1.65825e-02 | 1.25332e-02 1.07867e-01 1.39115e-01 |
   1820 | 3.01813e+01 1.65825e-02 | 1.25332e-02 1.07867e-01 1.39115e-01 |
   1821 | 3.01978e+01 1.65825e-02 | 1.25332e-02 1.07867e-01 1.39115e-01 |
   1822 | 3.02144e+01 1.65825e-02 | 1.25332e-02 1.07867e-01 1.39115e-01 |
   1823 | 3.02310e+01 1.65825e-02 | 1.25332e-02 1.07867e-01 1.39115e-01 |
   1824 | 3.02476e+01 1.65825e-02 | 1.25332e-02 1.07867e-01 1.39115e-01 |
   1825 | 3.02642e+01 1.65825e-02 | 1.25332e-02 1.07867e-01 1.39115e-01 |
   1826 | 3.02807e+01 1.65825e-02 | 1.25332e-02 1.07867e-01 1.39115e-01 |
   1827 | 3.02973e+01 1.65826e-02 | 1.25332e-02 1.07867e-01 1.39115e-01 |
   1828 | 3.03139e+01 1.65826e-02 | 1.25332e-02 1.07867e-01 1.39115e-01 |
   1829 | 3.03305e+01 1.65826e-02 | 1.25332e-02 1.07867e-01 1.39115e-01 |
   1830 | 3.03471e+01 1.65826e-02 | 1.25332e-02 1.07867e-01 1.39115e-01 |
   1831 | 3.03637e+01 1.65827e-02 | 1.25332e-02 1.07867e-01 1.39115e-01 |
   1832 | 3.03802e+01 1.65827e-02 | 1.25332e-02 1.07867e-01 1.39115e-01 |
   1833 | 3.03968e+01 1.65828e-02 | 1.25332e-02 1.07867e-01 1.39115e-01 |
   1834 | 3.04134e+01 1.65828e-02 | 1.25332e-02 1.07867e-01 1.39115e-01 |
   1835 | 3.04300e+01 1.65829e-02 | 1.25332e-02 1.07867e-01 1.39115e-01 |
   1836 | 3.04466e+01 1.65829e-02 | 1.25332e-02 1.07867e-01 1.39115e-01 |
   1837 | 3.04632e+01 1.65830e-02 | 1.25332e-02 1.07867e-01 1.39115e-01 |
   1838 | 3.04797e+01 1.65830e-02 | 1.25332e-02 1.07867e-01 1.39115e-01 |
   1839 | 3.04963e+01 1.65831e-02 | 1.25332e-02 1.07867e-01 1.39115e-01 |
   1840 | 3.05129e+01 1.65831e-02 | 1.25332e-02 1.07867e-01 1.39115e-01 |
   1841 | 3.05295e+01 1.65832e-02 | 1.25332e-02 1.07867e-01 1.39115e-01 |
   1842 | 3.05461e+01 1.65833e-02 | 1.25332e-02 1.07867e-01 1.39115e-01 |
   1843 | 3.05627e+01 1.65834e-02 | 1.25332e-02 1.07867e-01 1.39115e-01 |
   1844 | 3.05792e+01 1.65834e-02 | 1.25332e-02 1.07867e-01 1.39115e-01 |
   1845 | 3.05958e+01 1.65835e-02 | 1.25332e-02 1.07867e-01 1.39115e-01 |
   1846 | 3.06124e+01 1.65836e-02 | 1.25332e-02 1.07867e-01 1.39115e-01 |
   1847 | 3.06290e+01 1.65837e-02 | 1.25332e-02 1.07867e-01 1.39115e-01 |
   1848 | 3.06456e+01 1.65838e-02 | 1.25332e-02 1.07867e-01 1.39115e-01 |
   1849 | 3.06622e+01 1.65837e-02 | 1.25332e-02 1.07867e-01 1.39115e-01 |
   1850 | 3.06787e+01 1.65836e-02 | 1.25332e-02 1.07867e-01 1.39115e-01 |
   1851 | 3.06953e+01 1.65835e-02 | 1.25332e-02 1.07867e-01 1.39115e-01 |
   1852 | 3.07119e+01 1.65834e-02 | 1.25332e-02 1.07867e-01 1.39115e-01 |
   1853 | 3.07285e+01 1.65834e-02 | 1.25332e-02 1.07867e-01 1.39115e-01 |
   1854 | 3.07451e+01 1.65833e-02 | 1.25332e-02 1.07867e-01 1.39115e-01 |
   1855 | 3.07617e+01 1.65832e-02 | 1.25332e-02 1.07867e-01 1.39115e-01 |
   1856 | 3.07782e+01 1.65831e-02 | 1.25332e-02 1.07867e-01 1.39115e-01 |
   1857 | 3.07948e+01 1.65831e-02 | 1.25332e-02 1.07867e-01 1.39115e-01 |
   1858 | 3.08114e+01 1.65830e-02 | 1.25332e-02 1.07867e-01 1.39115e-01 |
   1859 | 3.08280e+01 1.65830e-02 | 1.25332e-02 1.07867e-01 1.39115e-01 |
   1860 | 3.08446e+01 1.65829e-02 | 1.25332e-02 1.07867e-01 1.39115e-01 |
   1861 | 3.08612e+01 1.65829e-02 | 1.25332e-02 1.07867e-01 1.39115e-01 |
   1862 | 3.08777e+01 1.65828e-02 | 1.25332e-02 1.07867e-01 1.39115e-01 |
   1863 | 3.08943e+01 1.65828e-02 | 1.25332e-02 1.07867e-01 1.39115e-01 |
   1864 | 3.09109e+01 1.65828e-02 | 1.25332e-02 1.07867e-01 1.39115e-01 |
   1865 | 3.09275e+01 1.65827e-02 | 1.25332e-02 1.07867e-01 1.39115e-01 |
   1866 | 3.09441e+01 1.65827e-02 | 1.25332e-02 1.07867e-01 1.39115e-01 |
   1867 | 3.09607e+01 1.65827e-02 | 1.25332e-02 1.07867e-01 1.39115e-01 |
   1868 | 3.09772e+01 1.65826e-02 | 1.25332e-02 1.07867e-01 1.39115e-01 |
   1869 | 3.09938e+01 1.65826e-02 | 1.25332e-02 1.07867e-01 1.39115e-01 |
   1870 | 3.10104e+01 1.65826e-02 | 1.25332e-02 1.07867e-01 1.39115e-01 |
   1871 | 3.10270e+01 1.65826e-02 | 1.25332e-02 1.07867e-01 1.39115e-01 |
   1872 | 3.10436e+01 1.65826e-02 | 1.25332e-02 1.07867e-01 1.39115e-01 |
   1873 | 3.10601e+01 1.65826e-02 | 1.25332e-02 1.07867e-01 1.39115e-01 |
   1874 | 3.10767e+01 1.65826e-02 | 1.25332e-02 1.07867e-01 1.39115e-01 |
   1875 | 3.10933e+01 1.65826e-02 | 1.25332e-02 1.07867e-01 1.39115e-01 |
   1876 | 3.11099e+01 1.65826e-02 | 1.25332e-02 1.07867e-01 1.39115e-01 |
   1877 | 3.11265e+01 1.65826e-02 | 1.25332e-02 1.07867e-01 1.39115e-01 |
   1878 | 3.11431e+01 1.65826e-02 | 1.25332e-02 1.07867e-01 1.39115e-01 |
   1879 | 3.11596e+01 1.65826e-02 | 1.25332e-02 1.07867e-01 1.39115e-01 |
   1880 | 3.11762e+01 1.65826e-02 | 1.25332e-02 1.07867e-01 1.39115e-01 |
   1881 | 3.11928e+01 1.65827e-02 | 1.25332e-02 1.07867e-01 1.39115e-01 |
   1882 | 3.12094e+01 1.65827e-02 | 1.25332e-02 1.07867e-01 1.39115e-01 |
   1883 | 3.12260e+01 1.65827e-02 | 1.25332e-02 1.07867e-01 1.39115e-01 |
   1884 | 3.12426e+01 1.65828e-02 | 1.25332e-02 1.07867e-01 1.39115e-01 |
   1885 | 3.12591e+01 1.65828e-02 | 1.25332e-02 1.07867e-01 1.39115e-01 |
   1886 | 3.12757e+01 1.65828e-02 | 1.25332e-02 1.07867e-01 1.39115e-01 |
   1887 | 3.12923e+01 1.65829e-02 | 1.25332e-02 1.07867e-01 1.39115e-01 |
   1888 | 3.13089e+01 1.65829e-02 | 1.25332e-02 1.07867e-01 1.39115e-01 |
   1889 | 3.13255e+01 1.65830e-02 | 1.25332e-02 1.07867e-01 1.39115e-01 |
   1890 | 3.13421e+01 1.65830e-02 | 1.25332e-02 1.07867e-01 1.39115e-01 |
   1891 | 3.13586e+01 1.65831e-02 | 1.25332e-02 1.07867e-01 1.39115e-01 |
   1892 | 3.13752e+01 1.65832e-02 | 1.25332e-02 1.07867e-01 1.39115e-01 |
   1893 | 3.13918e+01 1.65832e-02 | 1.25332e-02 1.07867e-01 1.39115e-01 |
   1894 | 3.14084e+01 1.65833e-02 | 1.25332e-02 1.07867e-01 1.39115e-01 |
   1895 | 3.14250e+01 1.65834e-02 | 1.25332e-02 1.07867e-01 1.39115e-01 |
   1896 | 3.14416e+01 1.65834e-02 | 1.25332e-02 1.07867e-01 1.39115e-01 |
   1897 | 3.14581e+01 1.65835e-02 | 1.25332e-02 1.07867e-01 1.39115e-01 |
   1898 | 3.14747e+01 1.65836e-02 | 1.25332e-02 1.07867e-01 1.39115e-01 |
   1899 | 3.14913e+01 1.65837e-02 | 1.25332e-02 1.07867e-01 1.39115e-01 |
   1900 | 3.15079e+01 1.65838e-02 | 1.25332e-02 1.07867e-01 1.39115e-01 |
   1901 | 3.15245e+01 1.65839e-02 | 1.25332e-02 1.07867e-01 1.39115e-01 |
   1902 | 3.15411e+01 1.65839e-02 | 1.25332e-02 1.07867e-01 1.39115e-01 |
   1903 | 3.15576e+01 1.65838e-02 | 1.25332e-02 1.07867e-01 1.39115e-01 |
   1904 | 3.15742e+01 1.65837e-02 | 1.25332e-02 1.07867e-01 1.39115e-01 |
   1905 | 3.15908e+01 1.65836e-02 | 1.25332e-02 1.07867e-01 1.39115e-01 |
   1906 | 3.16074e+01 1.65836e-02 | 1.25332e-02 1.07867e-01 1.39115e-01 |
   1907 | 3.16240e+01 1.65835e-02 | 1.25332e-02 1.07867e-01 1.39115e-01 |
   1908 | 3.16406e+01 1.65834e-02 | 1.25332e-02 1.07867e-01 1.39115e-01 |
   1909 | 3.16571e+01 1.65833e-02 | 1.25332e-02 1.07867e-01 1.39115e-01 |
   1910 | 3.16737e+01 1.65832e-02 | 1.25332e-02 1.07867e-01 1.39115e-01 |
   1911 | 3.16903e+01 1.65832e-02 | 1.25332e-02 1.07867e-01 1.39115e-01 |
   1912 | 3.17069e+01 1.65831e-02 | 1.25332e-02 1.07867e-01 1.39115e-01 |
   1913 | 3.17235e+01 1.65830e-02 | 1.25332e-02 1.07867e-01 1.39115e-01 |
   1914 | 3.17401e+01 1.65830e-02 | 1.25332e-02 1.07867e-01 1.39115e-01 |
   1915 | 3.17566e+01 1.65829e-02 | 1.25332e-02 1.07867e-01 1.39115e-01 |
   1916 | 3.17732e+01 1.65829e-02 | 1.25332e-02 1.07867e-01 1.39115e-01 |
   1917 | 3.17898e+01 1.65828e-02 | 1.25332e-02 1.07867e-01 1.39115e-01 |
   1918 | 3.18064e+01 1.65828e-02 | 1.25332e-02 1.07867e-01 1.39115e-01 |
   1919 | 3.18230e+01 1.65827e-02 | 1.25332e-02 1.07867e-01 1.39115e-01 |
   1920 | 3.18396e+01 1.65827e-02 | 1.25332e-02 1.07867e-01 1.39115e-01 |
   1921 | 3.18561e+01 1.65827e-02 | 1.25332e-02 1.07867e-01 1.39115e-01 |
   1922 | 3.18727e+01 1.65826e-02 | 1.25332e-02 1.07867e-01 1.39115e-01 |
   1923 | 3.18893e+01 1.65826e-02 | 1.25332e-02 1.07867e-01 1.39115e-01 |
   1924 | 3.19059e+01 1.65826e-02 | 1.25332e-02 1.07867e-01 1.39115e-01 |
   1925 | 3.19225e+01 1.65826e-02 | 1.25332e-02 1.07867e-01 1.39115e-01 |
   1926 | 3.19391e+01 1.65825e-02 | 1.25332e-02 1.07867e-01 1.39115e-01 |
   1927 | 3.19556e+01 1.65825e-02 | 1.25332e-02 1.07867e-01 1.39115e-01 |
   1928 | 3.19722e+01 1.65825e-02 | 1.25332e-02 1.07867e-01 1.39115e-01 |
   1929 | 3.19888e+01 1.65825e-02 | 1.25332e-02 1.07867e-01 1.39115e-01 |
   1930 | 3.20054e+01 1.65825e-02 | 1.25332e-02 1.07867e-01 1.39115e-01 |
   1931 | 3.20220e+01 1.65825e-02 | 1.25332e-02 1.07867e-01 1.39115e-01 |
   1932 | 3.20385e+01 1.65825e-02 | 1.25332e-02 1.07867e-01 1.39115e-01 |
   1933 | 3.20551e+01 1.65825e-02 | 1.25332e-02 1.07867e-01 1.39115e-01 |
   1934 | 3.20717e+01 1.65825e-02 | 1.25332e-02 1.07867e-01 1.39115e-01 |
   1935 | 3.20883e+01 1.65825e-02 | 1.25332e-02 1.07867e-01 1.39115e-01 |
   1936 | 3.21049e+01 1.65826e-02 | 1.25332e-02 1.07867e-01 1.39115e-01 |
   1937 | 3.21215e+01 1.65826e-02 | 1.25332e-02 1.07867e-01 1.39115e-01 |
   1938 | 3.21380e+01 1.65826e-02 | 1.25332e-02 1.07867e-01 1.39115e-01 |
   1939 | 3.21546e+01 1.65826e-02 | 1.25332e-02 1.07867e-01 1.39115e-01 |
   1940 | 3.21712e+01 1.65827e-02 | 1.25332e-02 1.07867e-01 1.39115e-01 |
   1941 | 3.21878e+01 1.65827e-02 | 1.25332e-02 1.07867e-01 1.39115e-01 |
   1942 | 3.22044e+01 1.65827e-02 | 1.25332e-02 1.07867e-01 1.39115e-01 |
   1943 | 3.22210e+01 1.65828e-02 | 1.25332e-02 1.07867e-01 1.39115e-01 |
   1944 | 3.22375e+01 1.65828e-02 | 1.25332e-02 1.07867e-01 1.39115e-01 |
   1945 | 3.22541e+01 1.65829e-02 | 1.25332e-02 1.07867e-01 1.39115e-01 |
   1946 | 3.22707e+01 1.65829e-02 | 1.25332e-02 1.07867e-01 1.39115e-01 |
   1947 | 3.22873e+01 1.65830e-02 | 1.25332e-02 1.07867e-01 1.39115e-01 |
   1948 | 3.23039e+01 1.65830e-02 | 1.25332e-02 1.07867e-01 1.39115e-01 |
   1949 | 3.23205e+01 1.65831e-02 | 1.25332e-02 1.07867e-01 1.39115e-01 |
   1950 | 3.23370e+01 1.65832e-02 | 1.25332e-02 1.07867e-01 1.39115e-01 |
   1951 | 3.23536e+01 1.65832e-02 | 1.25332e-02 1.07867e-01 1.39115e-01 |
   1952 | 3.23702e+01 1.65833e-02 | 1.25332e-02 1.07867e-01 1.39115e-01 |
   1953 | 3.23868e+01 1.65834e-02 | 1.25332e-02 1.07867e-01 1.39115e-01 |
   1954 | 3.24034e+01 1.65835e-02 | 1.25332e-02 1.07867e-01 1.39115e-01 |
   1955 | 3.24200e+01 1.65835e-02 | 1.25332e-02 1.07867e-01 1.39115e-01 |
   1956 | 3.24365e+01 1.65836e-02 | 1.25332e-02 1.07867e-01 1.39115e-01 |
   1957 | 3.24531e+01 1.65837e-02 | 1.25332e-02 1.07867e-01 1.39115e-01 |
   1958 | 3.24697e+01 1.65838e-02 | 1.25332e-02 1.07867e-01 1.39115e-01 |
   1959 | 3.24863e+01 1.65837e-02 | 1.25332e-02 1.07867e-01 1.39115e-01 |
   1960 | 3.25029e+01 1.65836e-02 | 1.25332e-02 1.07867e-01 1.39115e-01 |
   1961 | 3.25195e+01 1.65835e-02 | 1.25332e-02 1.07867e-01 1.39115e-01 |
   1962 | 3.25360e+01 1.65835e-02 | 1.25332e-02 1.07867e-01 1.39115e-01 |
   1963 | 3.25526e+01 1.65834e-02 | 1.25332e-02 1.07867e-01 1.39115e-01 |
   1964 | 3.25692e+01 1.65833e-02 | 1.25332e-02 1.07867e-01 1.39115e-01 |
   1965 | 3.25858e+01 1.65832e-02 | 1.25332e-02 1.07867e-01 1.39115e-01 |
   1966 | 3.26024e+01 1.65832e-02 | 1.25332e-02 1.07867e-01 1.39115e-01 |
   1967 | 3.26190e+01 1.65831e-02 | 1.25332e-02 1.07867e-01 1.39115e-01 |
   1968 | 3.26355e+01 1.65831e-02 | 1.25332e-02 1.07867e-01 1.39115e-01 |
   1969 | 3.26521e+01 1.65830e-02 | 1.25332e-02 1.07867e-01 1.39115e-01 |
   1970 | 3.26687e+01 1.65830e-02 | 1.25332e-02 1.07867e-01 1.39115e-01 |
   1971 | 3.26853e+01 1.65829e-02 | 1.25332e-02 1.07867e-01 1.39115e-01 |
   1972 | 3.27019e+01 1.65829e-02 | 1.25332e-02 1.07867e-01 1.39115e-01 |
   1973 | 3.27185e+01 1.65828e-02 | 1.25332e-02 1.07867e-01 1.39115e-01 |
   1974 | 3.27350e+01 1.65828e-02 | 1.25332e-02 1.07867e-01 1.39115e-01 |
   1975 | 3.27516e+01 1.65828e-02 | 1.25332e-02 1.07867e-01 1.39115e-01 |
   1976 | 3.27682e+01 1.65827e-02 | 1.25332e-02 1.07867e-01 1.39115e-01 |
   1977 | 3.27848e+01 1.65827e-02 | 1.25332e-02 1.07867e-01 1.39115e-01 |
   1978 | 3.28014e+01 1.65827e-02 | 1.25332e-02 1.07867e-01 1.39115e-01 |
   1979 | 3.28179e+01 1.65827e-02 | 1.25332e-02 1.07867e-01 1.39115e-01 |
   1980 | 3.28345e+01 1.65826e-02 | 1.25332e-02 1.07867e-01 1.39115e-01 |
   1981 | 3.28511e+01 1.65826e-02 | 1.25332e-02 1.07867e-01 1.39115e-01 |
   1982 | 3.28677e+01 1.65826e-02 | 1.25332e-02 1.07867e-01 1.39115e-01 |
   1983 | 3.28843e+01 1.65826e-02 | 1.25332e-02 1.07867e-01 1.39115e-01 |
   1984 | 3.29009e+01 1.65826e-02 | 1.25332e-02 1.07867e-01 1.39115e-01 |
   1985 | 3.29174e+01 1.65826e-02 | 1.25332e-02 1.07867e-01 1.39115e-01 |
   1986 | 3.29340e+01 1.65826e-02 | 1.25332e-02 1.07867e-01 1.39115e-01 |
   1987 | 3.29506e+01 1.65826e-02 | 1.25332e-02 1.07867e-01 1.39115e-01 |
   1988 | 3.29672e+01 1.65826e-02 | 1.25332e-02 1.07867e-01 1.39115e-01 |
   1989 | 3.29838e+01 1.65827e-02 | 1.25332e-02 1.07867e-01 1.39115e-01 |
   1990 | 3.30004e+01 1.65827e-02 | 1.25332e-02 1.07867e-01 1.39115e-01 |
   1991 | 3.30169e+01 1.65826e-02 | 1.25332e-02 1.07867e-01 1.39115e-01 |
   1992 | 3.30335e+01 1.65826e-02 | 1.25332e-02 1.07867e-01 1.39115e-01 |
   1993 | 3.30501e+01 1.65827e-02 | 1.25332e-02 1.07867e-01 1.39115e-01 |
   1994 | 3.30667e+01 1.65827e-02 | 1.25332e-02 1.07867e-01 1.39115e-01 |
   1995 | 3.30833e+01 1.65827e-02 | 1.25332e-02 1.07867e-01 1.39115e-01 |
   1996 | 3.30999e+01 1.65827e-02 | 1.25332e-02 1.07867e-01 1.39115e-01 |
   1997 | 3.31164e+01 1.65827e-02 | 1.25332e-02 1.07867e-01 1.39115e-01 |
   1998 | 3.31330e+01 1.65827e-02 | 1.25332e-02 1.07867e-01 1.39115e-01 |
   1999 | 3.31496e+01 1.65827e-02 | 1.25332e-02 1.07867e-01 1.39115e-01 |
   2000 | 3.31662e+01 1.65828e-02 | 1.25332e-02 1.07867e-01 1.39115e-01 |
   2001 | 3.31828e+01 1.65828e-02 | 1.25332e-02 1.07867e-01 1.39115e-01 |
   2002 | 3.31993e+01 1.65828e-02 | 1.25332e-02 1.07867e-01 1.39115e-01 |
   2003 | 3.32159e+01 1.65829e-02 | 1.25332e-02 1.07867e-01 1.39115e-01 |
   2004 | 3.32325e+01 1.65829e-02 | 1.25332e-02 1.07867e-01 1.39115e-01 |
   2005 | 3.32491e+01 1.65830e-02 | 1.25332e-02 1.07867e-01 1.39115e-01 |
   2006 | 3.32657e+01 1.65830e-02 | 1.25332e-02 1.07867e-01 1.39115e-01 |
   2007 | 3.32823e+01 1.65831e-02 | 1.25332e-02 1.07867e-01 1.39115e-01 |
   2008 | 3.32988e+01 1.65831e-02 | 1.25332e-02 1.07867e-01 1.39115e-01 |
   2009 | 3.33154e+01 1.65832e-02 | 1.25332e-02 1.07867e-01 1.39115e-01 |
   2010 | 3.33320e+01 1.65832e-02 | 1.25332e-02 1.07867e-01 1.39115e-01 |
   2011 | 3.33486e+01 1.65833e-02 | 1.25332e-02 1.07867e-01 1.39115e-01 |
   2012 | 3.33652e+01 1.65834e-02 | 1.25332e-02 1.07867e-01 1.39115e-01 |
   2013 | 3.33818e+01 1.65835e-02 | 1.25332e-02 1.07867e-01 1.39115e-01 |
   2014 | 3.33983e+01 1.65835e-02 | 1.25332e-02 1.07867e-01 1.39115e-01 |
   2015 | 3.34149e+01 1.65836e-02 | 1.25332e-02 1.07867e-01 1.39115e-01 |
   2016 | 3.34315e+01 1.65837e-02 | 1.25332e-02 1.07867e-01 1.39115e-01 |
   2017 | 3.34481e+01 1.65838e-02 | 1.25332e-02 1.07867e-01 1.39115e-01 |
   2018 | 3.34647e+01 1.65838e-02 | 1.25332e-02 1.07867e-01 1.39115e-01 |
   2019 | 3.34813e+01 1.65837e-02 | 1.25332e-02 1.07867e-01 1.39115e-01 |
   2020 | 3.34979e+01 1.65836e-02 | 1.25332e-02 1.07867e-01 1.39115e-01 |
   2021 | 3.35144e+01 1.65835e-02 | 1.25332e-02 1.07867e-01 1.39115e-01 |
   2022 | 3.35310e+01 1.65834e-02 | 1.25332e-02 1.07867e-01 1.39115e-01 |
   2023 | 3.35476e+01 1.65834e-02 | 1.25332e-02 1.07867e-01 1.39115e-01 |
   2024 | 3.35642e+01 1.65833e-02 | 1.25332e-02 1.07867e-01 1.39115e-01 |
   2025 | 3.35808e+01 1.65832e-02 | 1.25332e-02 1.07867e-01 1.39115e-01 |
   2026 | 3.35974e+01 1.65831e-02 | 1.25332e-02 1.07867e-01 1.39115e-01 |
   2027 | 3.36139e+01 1.65831e-02 | 1.25332e-02 1.07867e-01 1.39115e-01 |
   2028 | 3.36305e+01 1.65830e-02 | 1.25332e-02 1.07867e-01 1.39115e-01 |
   2029 | 3.36471e+01 1.65830e-02 | 1.25332e-02 1.07867e-01 1.39115e-01 |
   2030 | 3.36637e+01 1.65829e-02 | 1.25332e-02 1.07867e-01 1.39115e-01 |
   2031 | 3.36803e+01 1.65829e-02 | 1.25332e-02 1.07867e-01 1.39115e-01 |
   2032 | 3.36968e+01 1.65828e-02 | 1.25332e-02 1.07867e-01 1.39115e-01 |
   2033 | 3.37134e+01 1.65828e-02 | 1.25332e-02 1.07867e-01 1.39115e-01 |
   2034 | 3.37300e+01 1.65827e-02 | 1.25332e-02 1.07867e-01 1.39115e-01 |
   2035 | 3.37466e+01 1.65827e-02 | 1.25332e-02 1.07867e-01 1.39115e-01 |
   2036 | 3.37632e+01 1.65827e-02 | 1.25332e-02 1.07867e-01 1.39115e-01 |
   2037 | 3.37798e+01 1.65826e-02 | 1.25332e-02 1.07867e-01 1.39115e-01 |
   2038 | 3.37963e+01 1.65826e-02 | 1.25332e-02 1.07867e-01 1.39115e-01 |
   2039 | 3.38129e+01 1.65826e-02 | 1.25332e-02 1.07867e-01 1.39115e-01 |
   2040 | 3.38295e+01 1.65826e-02 | 1.25332e-02 1.07867e-01 1.39115e-01 |
   2041 | 3.38461e+01 1.65825e-02 | 1.25332e-02 1.07867e-01 1.39115e-01 |
   2042 | 3.38627e+01 1.65825e-02 | 1.25332e-02 1.07867e-01 1.39115e-01 |
   2043 | 3.38793e+01 1.65825e-02 | 1.25332e-02 1.07867e-01 1.39115e-01 |
   2044 | 3.38958e+01 1.65825e-02 | 1.25332e-02 1.07867e-01 1.39115e-01 |
   2045 | 3.39124e+01 1.65825e-02 | 1.25332e-02 1.07867e-01 1.39115e-01 |
   2046 | 3.39290e+01 1.65825e-02 | 1.25332e-02 1.07867e-01 1.39115e-01 |
   2047 | 3.39456e+01 1.65825e-02 | 1.25332e-02 1.07867e-01 1.39115e-01 |
   2048 | 3.39622e+01 1.65825e-02 | 1.25332e-02 1.07867e-01 1.39115e-01 |
   2049 | 3.39788e+01 1.65825e-02 | 1.25332e-02 1.07867e-01 1.39115e-01 |
   2050 | 3.39953e+01 1.65826e-02 | 1.25332e-02 1.07867e-01 1.39115e-01 |
   2051 | 3.40119e+01 1.65826e-02 | 1.25332e-02 1.07867e-01 1.39115e-01 |
   2052 | 3.40285e+01 1.65826e-02 | 1.25332e-02 1.07867e-01 1.39115e-01 |
   2053 | 3.40451e+01 1.65826e-02 | 1.25332e-02 1.07867e-01 1.39115e-01 |
   2054 | 3.40617e+01 1.65827e-02 | 1.25332e-02 1.07867e-01 1.39115e-01 |
   2055 | 3.40782e+01 1.65827e-02 | 1.25332e-02 1.07867e-01 1.39115e-01 |
   2056 | 3.40948e+01 1.65827e-02 | 1.25332e-02 1.07867e-01 1.39115e-01 |
   2057 | 3.41114e+01 1.65828e-02 | 1.25332e-02 1.07867e-01 1.39115e-01 |
   2058 | 3.41280e+01 1.65828e-02 | 1.25332e-02 1.07867e-01 1.39115e-01 |
   2059 | 3.41446e+01 1.65829e-02 | 1.25332e-02 1.07867e-01 1.39115e-01 |
   2060 | 3.41612e+01 1.65829e-02 | 1.25332e-02 1.07867e-01 1.39115e-01 |
   2061 | 3.41777e+01 1.65830e-02 | 1.25332e-02 1.07867e-01 1.39115e-01 |
   2062 | 3.41943e+01 1.65830e-02 | 1.25332e-02 1.07867e-01 1.39115e-01 |
   2063 | 3.42109e+01 1.65831e-02 | 1.25332e-02 1.07867e-01 1.39115e-01 |
   2064 | 3.42275e+01 1.65832e-02 | 1.25332e-02 1.07867e-01 1.39115e-01 |
   2065 | 3.42441e+01 1.65832e-02 | 1.25332e-02 1.07867e-01 1.39115e-01 |
   2066 | 3.42607e+01 1.65833e-02 | 1.25332e-02 1.07867e-01 1.39115e-01 |
   2067 | 3.42772e+01 1.65834e-02 | 1.25332e-02 1.07867e-01 1.39115e-01 |
   2068 | 3.42938e+01 1.65835e-02 | 1.25332e-02 1.07867e-01 1.39115e-01 |
   2069 | 3.43104e+01 1.65835e-02 | 1.25332e-02 1.07867e-01 1.39115e-01 |
   2070 | 3.43270e+01 1.65836e-02 | 1.25332e-02 1.07867e-01 1.39115e-01 |
   2071 | 3.43436e+01 1.65837e-02 | 1.25332e-02 1.07867e-01 1.39115e-01 |
   2072 | 3.43602e+01 1.65838e-02 | 1.25332e-02 1.07867e-01 1.39115e-01 |
   2073 | 3.43767e+01 1.65839e-02 | 1.25332e-02 1.07867e-01 1.39115e-01 |
   2074 | 3.43933e+01 1.65839e-02 | 1.25332e-02 1.07867e-01 1.39115e-01 |
   2075 | 3.44099e+01 1.65838e-02 | 1.25332e-02 1.07867e-01 1.39115e-01 |
   2076 | 3.44265e+01 1.65837e-02 | 1.25332e-02 1.07867e-01 1.39115e-01 |
   2077 | 3.44431e+01 1.65837e-02 | 1.25332e-02 1.07867e-01 1.39115e-01 |
   2078 | 3.44597e+01 1.65836e-02 | 1.25332e-02 1.07867e-01 1.39115e-01 |
   2079 | 3.44762e+01 1.65835e-02 | 1.25332e-02 1.07867e-01 1.39115e-01 |
   2080 | 3.44928e+01 1.65834e-02 | 1.25332e-02 1.07867e-01 1.39115e-01 |
   2081 | 3.45094e+01 1.65833e-02 | 1.25332e-02 1.07867e-01 1.39115e-01 |
   2082 | 3.45260e+01 1.65833e-02 | 1.25332e-02 1.07867e-01 1.39115e-01 |
   2083 | 3.45426e+01 1.65832e-02 | 1.25332e-02 1.07867e-01 1.39115e-01 |
   2084 | 3.45592e+01 1.65831e-02 | 1.25332e-02 1.07867e-01 1.39115e-01 |
   2085 | 3.45757e+01 1.65831e-02 | 1.25332e-02 1.07867e-01 1.39115e-01 |
   2086 | 3.45923e+01 1.65830e-02 | 1.25332e-02 1.07867e-01 1.39115e-01 |
   2087 | 3.46089e+01 1.65830e-02 | 1.25332e-02 1.07867e-01 1.39115e-01 |
   2088 | 3.46255e+01 1.65829e-02 | 1.25332e-02 1.07867e-01 1.39115e-01 |
   2089 | 3.46421e+01 1.65829e-02 | 1.25332e-02 1.07867e-01 1.39115e-01 |
   2090 | 3.46587e+01 1.65828e-02 | 1.25332e-02 1.07867e-01 1.39115e-01 |
   2091 | 3.46752e+01 1.65828e-02 | 1.25332e-02 1.07867e-01 1.39115e-01 |
   2092 | 3.46918e+01 1.65828e-02 | 1.25332e-02 1.07867e-01 1.39115e-01 |
   2093 | 3.47084e+01 1.65827e-02 | 1.25332e-02 1.07867e-01 1.39115e-01 |
   2094 | 3.47250e+01 1.65827e-02 | 1.25332e-02 1.07867e-01 1.39115e-01 |
   2095 | 3.47416e+01 1.65827e-02 | 1.25332e-02 1.07867e-01 1.39115e-01 |
   2096 | 3.47582e+01 1.65827e-02 | 1.25332e-02 1.07867e-01 1.39115e-01 |
   2097 | 3.47747e+01 1.65826e-02 | 1.25332e-02 1.07867e-01 1.39115e-01 |
   2098 | 3.47913e+01 1.65826e-02 | 1.25332e-02 1.07867e-01 1.39115e-01 |
   2099 | 3.48079e+01 1.65826e-02 | 1.25332e-02 1.07867e-01 1.39115e-01 |
   2100 | 3.48245e+01 1.65826e-02 | 1.25332e-02 1.07867e-01 1.39115e-01 |
   2101 | 3.48411e+01 1.65826e-02 | 1.25332e-02 1.07867e-01 1.39115e-01 |
   2102 | 3.48577e+01 1.65826e-02 | 1.25332e-02 1.07867e-01 1.39115e-01 |
   2103 | 3.48742e+01 1.65826e-02 | 1.25332e-02 1.07867e-01 1.39115e-01 |
   2104 | 3.48908e+01 1.65826e-02 | 1.25332e-02 1.07867e-01 1.39115e-01 |
   2105 | 3.49074e+01 1.65826e-02 | 1.25332e-02 1.07867e-01 1.39115e-01 |
   2106 | 3.49240e+01 1.65826e-02 | 1.25332e-02 1.07867e-01 1.39115e-01 |
   2107 | 3.49406e+01 1.65827e-02 | 1.25332e-02 1.07867e-01 1.39115e-01 |
   2108 | 3.49572e+01 1.65827e-02 | 1.25332e-02 1.07867e-01 1.39115e-01 |
   2109 | 3.49737e+01 1.65827e-02 | 1.25332e-02 1.07867e-01 1.39115e-01 |
   2110 | 3.49903e+01 1.65827e-02 | 1.25332e-02 1.07867e-01 1.39115e-01 |
   2111 | 3.50069e+01 1.65828e-02 | 1.25332e-02 1.07867e-01 1.39115e-01 |
   2112 | 3.50235e+01 1.65828e-02 | 1.25332e-02 1.07867e-01 1.39115e-01 |
   2113 | 3.50401e+01 1.65828e-02 | 1.25332e-02 1.07867e-01 1.39115e-01 |
   2114 | 3.50566e+01 1.65829e-02 | 1.25332e-02 1.07867e-01 1.39115e-01 |
   2115 | 3.50732e+01 1.65829e-02 | 1.25332e-02 1.07867e-01 1.39115e-01 |
   2116 | 3.50898e+01 1.65830e-02 | 1.25332e-02 1.07867e-01 1.39115e-01 |
   2117 | 3.51064e+01 1.65830e-02 | 1.25332e-02 1.07867e-01 1.39115e-01 |
   2118 | 3.51230e+01 1.65831e-02 | 1.25332e-02 1.07867e-01 1.39115e-01 |
   2119 | 3.51396e+01 1.65832e-02 | 1.25332e-02 1.07867e-01 1.39115e-01 |
   2120 | 3.51561e+01 1.65832e-02 | 1.25332e-02 1.07867e-01 1.39115e-01 |
   2121 | 3.51727e+01 1.65833e-02 | 1.25332e-02 1.07867e-01 1.39115e-01 |
   2122 | 3.51893e+01 1.65834e-02 | 1.25332e-02 1.07867e-01 1.39115e-01 |
   2123 | 3.52059e+01 1.65834e-02 | 1.25332e-02 1.07867e-01 1.39115e-01 |
   2124 | 3.52225e+01 1.65835e-02 | 1.25332e-02 1.07867e-01 1.39115e-01 |
   2125 | 3.52391e+01 1.65836e-02 | 1.25332e-02 1.07867e-01 1.39115e-01 |
   2126 | 3.52556e+01 1.65837e-02 | 1.25332e-02 1.07867e-01 1.39115e-01 |
   2127 | 3.52722e+01 1.65838e-02 | 1.25332e-02 1.07867e-01 1.39115e-01 |
   2128 | 3.52888e+01 1.65838e-02 | 1.25332e-02 1.07867e-01 1.39115e-01 |
   2129 | 3.53054e+01 1.65837e-02 | 1.25332e-02 1.07867e-01 1.39115e-01 |
   2130 | 3.53220e+01 1.65836e-02 | 1.25332e-02 1.07867e-01 1.39115e-01 |
   2131 | 3.53386e+01 1.65835e-02 | 1.25332e-02 1.07867e-01 1.39115e-01 |
   2132 | 3.53551e+01 1.65834e-02 | 1.25332e-02 1.07867e-01 1.39115e-01 |
   2133 | 3.53717e+01 1.65833e-02 | 1.25332e-02 1.07867e-01 1.39115e-01 |
   2134 | 3.53883e+01 1.65833e-02 | 1.25332e-02 1.07867e-01 1.39115e-01 |
   2135 | 3.54049e+01 1.65832e-02 | 1.25332e-02 1.07867e-01 1.39115e-01 |
   2136 | 3.54215e+01 1.65831e-02 | 1.25332e-02 1.07867e-01 1.39115e-01 |
   2137 | 3.54381e+01 1.65831e-02 | 1.25332e-02 1.07867e-01 1.39115e-01 |
   2138 | 3.54546e+01 1.65830e-02 | 1.25332e-02 1.07867e-01 1.39115e-01 |
   2139 | 3.54712e+01 1.65829e-02 | 1.25332e-02 1.07867e-01 1.39115e-01 |
   2140 | 3.54878e+01 1.65829e-02 | 1.25332e-02 1.07867e-01 1.39115e-01 |
   2141 | 3.55044e+01 1.65828e-02 | 1.25332e-02 1.07867e-01 1.39115e-01 |
   2142 | 3.55210e+01 1.65828e-02 | 1.25332e-02 1.07867e-01 1.39115e-01 |
   2143 | 3.55376e+01 1.65827e-02 | 1.25332e-02 1.07867e-01 1.39115e-01 |
   2144 | 3.55541e+01 1.65827e-02 | 1.25332e-02 1.07867e-01 1.39115e-01 |
   2145 | 3.55707e+01 1.65827e-02 | 1.25332e-02 1.07867e-01 1.39115e-01 |
   2146 | 3.55873e+01 1.65826e-02 | 1.25332e-02 1.07867e-01 1.39115e-01 |
   2147 | 3.56039e+01 1.65826e-02 | 1.25332e-02 1.07867e-01 1.39115e-01 |
   2148 | 3.56205e+01 1.65826e-02 | 1.25332e-02 1.07867e-01 1.39115e-01 |
   2149 | 3.56371e+01 1.65826e-02 | 1.25332e-02 1.07867e-01 1.39115e-01 |
   2150 | 3.56536e+01 1.65825e-02 | 1.25332e-02 1.07867e-01 1.39115e-01 |
   2151 | 3.56702e+01 1.65825e-02 | 1.25332e-02 1.07867e-01 1.39115e-01 |
   2152 | 3.56868e+01 1.65825e-02 | 1.25332e-02 1.07867e-01 1.39115e-01 |
   2153 | 3.57034e+01 1.65825e-02 | 1.25332e-02 1.07867e-01 1.39115e-01 |
   2154 | 3.57200e+01 1.65825e-02 | 1.25332e-02 1.07867e-01 1.39115e-01 |
   2155 | 3.57366e+01 1.65825e-02 | 1.25332e-02 1.07867e-01 1.39115e-01 |
   2156 | 3.57531e+01 1.65825e-02 | 1.25332e-02 1.07867e-01 1.39115e-01 |
   2157 | 3.57697e+01 1.65825e-02 | 1.25332e-02 1.07867e-01 1.39115e-01 |
   2158 | 3.57863e+01 1.65825e-02 | 1.25332e-02 1.07867e-01 1.39115e-01 |
   2159 | 3.58029e+01 1.65825e-02 | 1.25332e-02 1.07867e-01 1.39115e-01 |
   2160 | 3.58195e+01 1.65825e-02 | 1.25332e-02 1.07867e-01 1.39115e-01 |
   2161 | 3.58360e+01 1.65826e-02 | 1.25332e-02 1.07867e-01 1.39115e-01 |
   2162 | 3.58526e+01 1.65826e-02 | 1.25332e-02 1.07867e-01 1.39115e-01 |
   2163 | 3.58692e+01 1.65826e-02 | 1.25332e-02 1.07867e-01 1.39115e-01 |
   2164 | 3.58858e+01 1.65827e-02 | 1.25332e-02 1.07867e-01 1.39115e-01 |
   2165 | 3.59024e+01 1.65827e-02 | 1.25332e-02 1.07867e-01 1.39115e-01 |
   2166 | 3.59190e+01 1.65827e-02 | 1.25332e-02 1.07867e-01 1.39115e-01 |
   2167 | 3.59355e+01 1.65828e-02 | 1.25332e-02 1.07867e-01 1.39115e-01 |
   2168 | 3.59521e+01 1.65828e-02 | 1.25332e-02 1.07867e-01 1.39115e-01 |
   2169 | 3.59687e+01 1.65829e-02 | 1.25332e-02 1.07867e-01 1.39115e-01 |
   2170 | 3.59853e+01 1.65829e-02 | 1.25332e-02 1.07867e-01 1.39115e-01 |
   2171 | 3.60019e+01 1.65830e-02 | 1.25332e-02 1.07867e-01 1.39115e-01 |
   2172 | 3.60185e+01 1.65830e-02 | 1.25332e-02 1.07867e-01 1.39115e-01 |
   2173 | 3.60350e+01 1.65831e-02 | 1.25332e-02 1.07867e-01 1.39115e-01 |
   2174 | 3.60516e+01 1.65831e-02 | 1.25332e-02 1.07867e-01 1.39115e-01 |
   2175 | 3.60682e+01 1.65832e-02 | 1.25332e-02 1.07867e-01 1.39115e-01 |
   2176 | 3.60848e+01 1.65833e-02 | 1.25332e-02 1.07867e-01 1.39115e-01 |
   2177 | 3.61014e+01 1.65834e-02 | 1.25332e-02 1.07867e-01 1.39115e-01 |
   2178 | 3.61180e+01 1.65834e-02 | 1.25332e-02 1.07867e-01 1.39115e-01 |
   2179 | 3.61345e+01 1.65835e-02 | 1.25332e-02 1.07867e-01 1.39115e-01 |
   2180 | 3.61511e+01 1.65836e-02 | 1.25332e-02 1.07867e-01 1.39115e-01 |
   2181 | 3.61677e+01 1.65837e-02 | 1.25332e-02 1.07867e-01 1.39115e-01 |
   2182 | 3.61843e+01 1.65838e-02 | 1.25332e-02 1.07867e-01 1.39115e-01 |
   2183 | 3.62009e+01 1.65839e-02 | 1.25332e-02 1.07867e-01 1.39115e-01 |
   2184 | 3.62175e+01 1.65840e-02 | 1.25332e-02 1.07867e-01 1.39115e-01 |
   2185 | 3.62340e+01 1.65841e-02 | 1.25332e-02 1.07867e-01 1.39115e-01 |
   2186 | 3.62506e+01 1.65841e-02 | 1.25332e-02 1.07867e-01 1.39115e-01 |
   2187 | 3.62672e+01 1.65840e-02 | 1.25332e-02 1.07867e-01 1.39115e-01 |
   2188 | 3.62838e+01 1.65840e-02 | 1.25332e-02 1.07867e-01 1.39115e-01 |
   2189 | 3.63004e+01 1.65840e-02 | 1.25332e-02 1.07867e-01 1.39115e-01 |
   2190 | 3.63170e+01 1.65839e-02 | 1.25332e-02 1.07867e-01 1.39115e-01 |
   2191 | 3.63335e+01 1.65839e-02 | 1.25332e-02 1.07867e-01 1.39115e-01 |
   2192 | 3.63501e+01 1.65839e-02 | 1.25332e-02 1.07867e-01 1.39115e-01 |
   2193 | 3.63667e+01 1.65839e-02 | 1.25332e-02 1.07867e-01 1.39115e-01 |
   2194 | 3.63833e+01 1.65839e-02 | 1.25332e-02 1.07867e-01 1.39115e-01 |
   2195 | 3.63999e+01 1.65839e-02 | 1.25332e-02 1.07867e-01 1.39115e-01 |
   2196 | 3.64165e+01 1.65838e-02 | 1.25332e-02 1.07867e-01 1.39115e-01 |
   2197 | 3.64331e+01 1.65837e-02 | 1.25332e-02 1.07867e-01 1.39115e-01 |
   2198 | 3.64496e+01 1.65837e-02 | 1.25332e-02 1.07867e-01 1.39115e-01 |
   2199 | 3.64662e+01 1.65836e-02 | 1.25332e-02 1.07867e-01 1.39115e-01 |
   2200 | 3.64828e+01 1.65836e-02 | 1.25332e-02 1.07867e-01 1.39115e-01 |
   2201 | 3.64994e+01 1.65835e-02 | 1.25332e-02 1.07867e-01 1.39115e-01 |
   2202 | 3.65160e+01 1.65834e-02 | 1.25332e-02 1.07867e-01 1.39115e-01 |
   2203 | 3.65326e+01 1.65834e-02 | 1.25332e-02 1.07867e-01 1.39115e-01 |
   2204 | 3.65491e+01 1.65834e-02 | 1.25332e-02 1.07867e-01 1.39115e-01 |
   2205 | 3.65657e+01 1.65833e-02 | 1.25332e-02 1.07867e-01 1.39115e-01 |
   2206 | 3.65823e+01 1.65833e-02 | 1.25332e-02 1.07867e-01 1.39115e-01 |
   2207 | 3.65989e+01 1.65832e-02 | 1.25332e-02 1.07867e-01 1.39115e-01 |
   2208 | 3.66155e+01 1.65832e-02 | 1.25332e-02 1.07867e-01 1.39115e-01 |
   2209 | 3.66321e+01 1.65832e-02 | 1.25332e-02 1.07867e-01 1.39115e-01 |
   2210 | 3.66486e+01 1.65832e-02 | 1.25332e-02 1.07867e-01 1.39115e-01 |
   2211 | 3.66652e+01 1.65832e-02 | 1.25332e-02 1.07867e-01 1.39115e-01 |
   2212 | 3.66818e+01 1.65831e-02 | 1.25332e-02 1.07867e-01 1.39115e-01 |
   2213 | 3.66984e+01 1.65831e-02 | 1.25332e-02 1.07867e-01 1.39115e-01 |
   2214 | 3.67150e+01 1.65831e-02 | 1.25332e-02 1.07867e-01 1.39115e-01 |
   2215 | 3.67316e+01 1.65831e-02 | 1.25332e-02 1.07867e-01 1.39115e-01 |
   2216 | 3.67481e+01 1.65831e-02 | 1.25332e-02 1.07867e-01 1.39115e-01 |
   2217 | 3.67647e+01 1.65831e-02 | 1.25332e-02 1.07867e-01 1.39115e-01 |
   2218 | 3.67813e+01 1.65831e-02 | 1.25332e-02 1.07867e-01 1.39115e-01 |
   2219 | 3.67979e+01 1.65831e-02 | 1.25332e-02 1.07867e-01 1.39115e-01 |
   2220 | 3.68145e+01 1.65831e-02 | 1.25332e-02 1.07867e-01 1.39115e-01 |
   2221 | 3.68310e+01 1.65832e-02 | 1.25332e-02 1.07867e-01 1.39115e-01 |
   2222 | 3.68476e+01 1.65832e-02 | 1.25332e-02 1.07867e-01 1.39115e-01 |
   2223 | 3.68642e+01 1.65832e-02 | 1.25332e-02 1.07867e-01 1.39115e-01 |
   2224 | 3.68808e+01 1.65832e-02 | 1.25332e-02 1.07867e-01 1.39115e-01 |
   2225 | 3.68974e+01 1.65833e-02 | 1.25332e-02 1.07867e-01 1.39115e-01 |
   2226 | 3.69140e+01 1.65833e-02 | 1.25332e-02 1.07867e-01 1.39115e-01 |
   2227 | 3.69305e+01 1.65833e-02 | 1.25332e-02 1.07867e-01 1.39115e-01 |
   2228 | 3.69471e+01 1.65834e-02 | 1.25332e-02 1.07867e-01 1.39115e-01 |
   2229 | 3.69637e+01 1.65834e-02 | 1.25332e-02 1.07867e-01 1.39115e-01 |
   2230 | 3.69803e+01 1.65835e-02 | 1.25332e-02 1.07867e-01 1.39115e-01 |
   2231 | 3.69969e+01 1.65835e-02 | 1.25332e-02 1.07867e-01 1.39115e-01 |
   2232 | 3.70135e+01 1.65836e-02 | 1.25332e-02 1.07867e-01 1.39115e-01 |
   2233 | 3.70300e+01 1.65836e-02 | 1.25332e-02 1.07867e-01 1.39115e-01 |
   2234 | 3.70466e+01 1.65837e-02 | 1.25332e-02 1.07867e-01 1.39115e-01 |
   2235 | 3.70632e+01 1.65837e-02 | 1.25332e-02 1.07867e-01 1.39115e-01 |
   2236 | 3.70798e+01 1.65836e-02 | 1.25332e-02 1.07867e-01 1.39115e-01 |
   2237 | 3.70964e+01 1.65836e-02 | 1.25332e-02 1.07867e-01 1.39115e-01 |
   2238 | 3.71130e+01 1.65835e-02 | 1.25332e-02 1.07867e-01 1.39115e-01 |
   2239 | 3.71296e+01 1.65834e-02 | 1.25332e-02 1.07867e-01 1.39115e-01 |
   2240 | 3.71461e+01 1.65834e-02 | 1.25332e-02 1.07867e-01 1.39115e-01 |
   2241 | 3.71627e+01 1.65833e-02 | 1.25332e-02 1.07867e-01 1.39115e-01 |
   2242 | 3.71793e+01 1.65832e-02 | 1.25332e-02 1.07867e-01 1.39115e-01 |
   2243 | 3.71959e+01 1.65832e-02 | 1.25332e-02 1.07867e-01 1.39115e-01 |
   2244 | 3.72125e+01 1.65831e-02 | 1.25332e-02 1.07867e-01 1.39115e-01 |
   2245 | 3.72291e+01 1.65831e-02 | 1.25332e-02 1.07867e-01 1.39115e-01 |
   2246 | 3.72456e+01 1.65830e-02 | 1.25332e-02 1.07867e-01 1.39115e-01 |
   2247 | 3.72622e+01 1.65830e-02 | 1.25332e-02 1.07867e-01 1.39115e-01 |
   2248 | 3.72788e+01 1.65830e-02 | 1.25332e-02 1.07867e-01 1.39115e-01 |
   2249 | 3.72954e+01 1.65829e-02 | 1.25332e-02 1.07867e-01 1.39115e-01 |
   2250 | 3.73120e+01 1.65829e-02 | 1.25332e-02 1.07867e-01 1.39115e-01 |
   2251 | 3.73285e+01 1.65829e-02 | 1.25332e-02 1.07867e-01 1.39115e-01 |
   2252 | 3.73451e+01 1.65829e-02 | 1.25332e-02 1.07867e-01 1.39115e-01 |
   2253 | 3.73617e+01 1.65828e-02 | 1.25332e-02 1.07867e-01 1.39115e-01 |
   2254 | 3.73783e+01 1.65828e-02 | 1.25332e-02 1.07867e-01 1.39115e-01 |
   2255 | 3.73949e+01 1.65828e-02 | 1.25332e-02 1.07867e-01 1.39115e-01 |
   2256 | 3.74115e+01 1.65828e-02 | 1.25332e-02 1.07867e-01 1.39115e-01 |
   2257 | 3.74280e+01 1.65828e-02 | 1.25332e-02 1.07867e-01 1.39115e-01 |
   2258 | 3.74446e+01 1.65828e-02 | 1.25332e-02 1.07867e-01 1.39115e-01 |
   2259 | 3.74612e+01 1.65828e-02 | 1.25332e-02 1.07867e-01 1.39115e-01 |
   2260 | 3.74778e+01 1.65828e-02 | 1.25332e-02 1.07867e-01 1.39115e-01 |
   2261 | 3.74944e+01 1.65828e-02 | 1.25332e-02 1.07867e-01 1.39115e-01 |
   2262 | 3.75110e+01 1.65828e-02 | 1.25332e-02 1.07867e-01 1.39115e-01 |
   2263 | 3.75275e+01 1.65828e-02 | 1.25332e-02 1.07867e-01 1.39115e-01 |
   2264 | 3.75441e+01 1.65828e-02 | 1.25332e-02 1.07867e-01 1.39115e-01 |
   2265 | 3.75607e+01 1.65829e-02 | 1.25332e-02 1.07867e-01 1.39115e-01 |
   2266 | 3.75773e+01 1.65829e-02 | 1.25332e-02 1.07867e-01 1.39115e-01 |
   2267 | 3.75939e+01 1.65829e-02 | 1.25332e-02 1.07867e-01 1.39115e-01 |
   2268 | 3.76105e+01 1.65830e-02 | 1.25332e-02 1.07867e-01 1.39115e-01 |
   2269 | 3.76270e+01 1.65830e-02 | 1.25332e-02 1.07867e-01 1.39115e-01 |
   2270 | 3.76436e+01 1.65830e-02 | 1.25332e-02 1.07867e-01 1.39115e-01 |
   2271 | 3.76602e+01 1.65831e-02 | 1.25332e-02 1.07867e-01 1.39115e-01 |
   2272 | 3.76768e+01 1.65831e-02 | 1.25332e-02 1.07867e-01 1.39115e-01 |
   2273 | 3.76934e+01 1.65832e-02 | 1.25332e-02 1.07867e-01 1.39115e-01 |
   2274 | 3.77100e+01 1.65832e-02 | 1.25332e-02 1.07867e-01 1.39115e-01 |
   2275 | 3.77265e+01 1.65833e-02 | 1.25332e-02 1.07867e-01 1.39115e-01 |
   2276 | 3.77431e+01 1.65833e-02 | 1.25332e-02 1.07867e-01 1.39115e-01 |
   2277 | 3.77597e+01 1.65834e-02 | 1.25332e-02 1.07867e-01 1.39115e-01 |
   2278 | 3.77763e+01 1.65834e-02 | 1.25332e-02 1.07867e-01 1.39115e-01 |
   2279 | 3.77929e+01 1.65835e-02 | 1.25332e-02 1.07867e-01 1.39115e-01 |
   2280 | 3.78095e+01 1.65835e-02 | 1.25332e-02 1.07867e-01 1.39115e-01 |
   2281 | 3.78260e+01 1.65835e-02 | 1.25332e-02 1.07867e-01 1.39115e-01 |
   2282 | 3.78426e+01 1.65835e-02 | 1.25332e-02 1.07867e-01 1.39115e-01 |
   2283 | 3.78592e+01 1.65836e-02 | 1.25332e-02 1.07867e-01 1.39115e-01 |
   2284 | 3.78758e+01 1.65836e-02 | 1.25332e-02 1.07867e-01 1.39115e-01 |
   2285 | 3.78924e+01 1.65837e-02 | 1.25332e-02 1.07867e-01 1.39115e-01 |
   2286 | 3.79090e+01 1.65837e-02 | 1.25332e-02 1.07867e-01 1.39115e-01 |
   2287 | 3.79255e+01 1.65838e-02 | 1.25332e-02 1.07867e-01 1.39115e-01 |
   2288 | 3.79421e+01 1.65838e-02 | 1.25332e-02 1.07867e-01 1.39115e-01 |
   2289 | 3.79587e+01 1.65839e-02 | 1.25332e-02 1.07867e-01 1.39115e-01 |
   2290 | 3.79753e+01 1.65839e-02 | 1.25332e-02 1.07867e-01 1.39115e-01 |
   2291 | 3.79919e+01 1.65838e-02 | 1.25332e-02 1.07867e-01 1.39115e-01 |
   2292 | 3.80085e+01 1.65837e-02 | 1.25332e-02 1.07867e-01 1.39115e-01 |
   2293 | 3.80250e+01 1.65836e-02 | 1.25332e-02 1.07867e-01 1.39115e-01 |
   2294 | 3.80416e+01 1.65836e-02 | 1.25332e-02 1.07867e-01 1.39115e-01 |
   2295 | 3.80582e+01 1.65835e-02 | 1.25332e-02 1.07867e-01 1.39115e-01 |
   2296 | 3.80748e+01 1.65835e-02 | 1.25332e-02 1.07867e-01 1.39115e-01 |
   2297 | 3.80914e+01 1.65834e-02 | 1.25332e-02 1.07867e-01 1.39115e-01 |
   2298 | 3.81080e+01 1.65834e-02 | 1.25332e-02 1.07867e-01 1.39115e-01 |
   2299 | 3.81245e+01 1.65833e-02 | 1.25332e-02 1.07867e-01 1.39115e-01 |
   2300 | 3.81411e+01 1.65833e-02 | 1.25332e-02 1.07867e-01 1.39115e-01 |
   2301 | 3.81577e+01 1.65832e-02 | 1.25332e-02 1.07867e-01 1.39115e-01 |
   2302 | 3.81743e+01 1.65832e-02 | 1.25332e-02 1.07867e-01 1.39115e-01 |
   2303 | 3.81909e+01 1.65832e-02 | 1.25332e-02 1.07867e-01 1.39115e-01 |
   2304 | 3.82075e+01 1.65831e-02 | 1.25332e-02 1.07867e-01 1.39115e-01 |
   2305 | 3.82240e+01 1.65831e-02 | 1.25332e-02 1.07867e-01 1.39115e-01 |
   2306 | 3.82406e+01 1.65831e-02 | 1.25332e-02 1.07867e-01 1.39115e-01 |
   2307 | 3.82572e+01 1.65831e-02 | 1.25332e-02 1.07867e-01 1.39115e-01 |
   2308 | 3.82738e+01 1.65831e-02 | 1.25332e-02 1.07867e-01 1.39115e-01 |
   2309 | 3.82904e+01 1.65831e-02 | 1.25332e-02 1.07867e-01 1.39115e-01 |
   2310 | 3.83070e+01 1.65830e-02 | 1.25332e-02 1.07867e-01 1.39115e-01 |
   2311 | 3.83235e+01 1.65830e-02 | 1.25332e-02 1.07867e-01 1.39115e-01 |
   2312 | 3.83401e+01 1.65830e-02 | 1.25332e-02 1.07867e-01 1.39115e-01 |
   2313 | 3.83567e+01 1.65830e-02 | 1.25332e-02 1.07867e-01 1.39115e-01 |
   2314 | 3.83733e+01 1.65831e-02 | 1.25332e-02 1.07867e-01 1.39115e-01 |
   2315 | 3.83899e+01 1.65831e-02 | 1.25332e-02 1.07867e-01 1.39115e-01 |
   2316 | 3.84065e+01 1.65831e-02 | 1.25332e-02 1.07867e-01 1.39115e-01 |
   2317 | 3.84230e+01 1.65831e-02 | 1.25332e-02 1.07867e-01 1.39115e-01 |
   2318 | 3.84396e+01 1.65831e-02 | 1.25332e-02 1.07867e-01 1.39115e-01 |
   2319 | 3.84562e+01 1.65831e-02 | 1.25332e-02 1.07867e-01 1.39115e-01 |
   2320 | 3.84728e+01 1.65831e-02 | 1.25332e-02 1.07867e-01 1.39115e-01 |
   2321 | 3.84894e+01 1.65831e-02 | 1.25332e-02 1.07867e-01 1.39115e-01 |
   2322 | 3.85060e+01 1.65831e-02 | 1.25332e-02 1.07867e-01 1.39115e-01 |
   2323 | 3.85225e+01 1.65831e-02 | 1.25332e-02 1.07867e-01 1.39115e-01 |
   2324 | 3.85391e+01 1.65831e-02 | 1.25332e-02 1.07867e-01 1.39115e-01 |
   2325 | 3.85557e+01 1.65830e-02 | 1.25332e-02 1.07867e-01 1.39115e-01 |
   2326 | 3.85723e+01 1.65830e-02 | 1.25332e-02 1.07867e-01 1.39115e-01 |
   2327 | 3.85889e+01 1.65830e-02 | 1.25332e-02 1.07867e-01 1.39115e-01 |
   2328 | 3.86055e+01 1.65831e-02 | 1.25332e-02 1.07867e-01 1.39115e-01 |
   2329 | 3.86220e+01 1.65831e-02 | 1.25332e-02 1.07867e-01 1.39115e-01 |
   2330 | 3.86386e+01 1.65831e-02 | 1.25332e-02 1.07867e-01 1.39115e-01 |
   2331 | 3.86552e+01 1.65831e-02 | 1.25332e-02 1.07867e-01 1.39115e-01 |
   2332 | 3.86718e+01 1.65831e-02 | 1.25332e-02 1.07867e-01 1.39115e-01 |
   2333 | 3.86884e+01 1.65831e-02 | 1.25332e-02 1.07867e-01 1.39115e-01 |
   2334 | 3.87050e+01 1.65832e-02 | 1.25332e-02 1.07867e-01 1.39115e-01 |
   2335 | 3.87215e+01 1.65832e-02 | 1.25332e-02 1.07867e-01 1.39115e-01 |
   2336 | 3.87381e+01 1.65832e-02 | 1.25332e-02 1.07867e-01 1.39115e-01 |
   2337 | 3.87547e+01 1.65833e-02 | 1.25332e-02 1.07867e-01 1.39115e-01 |
   2338 | 3.87713e+01 1.65833e-02 | 1.25332e-02 1.07867e-01 1.39115e-01 |
   2339 | 3.87879e+01 1.65834e-02 | 1.25332e-02 1.07867e-01 1.39115e-01 |
   2340 | 3.88045e+01 1.65834e-02 | 1.25332e-02 1.07867e-01 1.39115e-01 |
   2341 | 3.88210e+01 1.65835e-02 | 1.25332e-02 1.07867e-01 1.39115e-01 |
   2342 | 3.88376e+01 1.65835e-02 | 1.25332e-02 1.07867e-01 1.39115e-01 |
   2343 | 3.88542e+01 1.65836e-02 | 1.25332e-02 1.07867e-01 1.39115e-01 |
   2344 | 3.88708e+01 1.65836e-02 | 1.25332e-02 1.07867e-01 1.39115e-01 |
   2345 | 3.88874e+01 1.65837e-02 | 1.25332e-02 1.07867e-01 1.39115e-01 |
   2346 | 3.89040e+01 1.65837e-02 | 1.25332e-02 1.07867e-01 1.39115e-01 |
   2347 | 3.89205e+01 1.65836e-02 | 1.25332e-02 1.07867e-01 1.39115e-01 |
   2348 | 3.89371e+01 1.65835e-02 | 1.25332e-02 1.07867e-01 1.39115e-01 |
   2349 | 3.89537e+01 1.65835e-02 | 1.25332e-02 1.07867e-01 1.39115e-01 |
   2350 | 3.89703e+01 1.65834e-02 | 1.25332e-02 1.07867e-01 1.39115e-01 |
   2351 | 3.89869e+01 1.65833e-02 | 1.25332e-02 1.07867e-01 1.39115e-01 |
   2352 | 3.90035e+01 1.65833e-02 | 1.25332e-02 1.07867e-01 1.39115e-01 |
   2353 | 3.90200e+01 1.65832e-02 | 1.25332e-02 1.07867e-01 1.39115e-01 |
   2354 | 3.90366e+01 1.65832e-02 | 1.25332e-02 1.07867e-01 1.39115e-01 |
   2355 | 3.90532e+01 1.65831e-02 | 1.25332e-02 1.07867e-01 1.39115e-01 |
   2356 | 3.90698e+01 1.65831e-02 | 1.25332e-02 1.07867e-01 1.39115e-01 |
   2357 | 3.90864e+01 1.65831e-02 | 1.25332e-02 1.07867e-01 1.39115e-01 |
   2358 | 3.91030e+01 1.65830e-02 | 1.25332e-02 1.07867e-01 1.39115e-01 |
   2359 | 3.91195e+01 1.65830e-02 | 1.25332e-02 1.07867e-01 1.39115e-01 |
   2360 | 3.91361e+01 1.65830e-02 | 1.25332e-02 1.07867e-01 1.39115e-01 |
   2361 | 3.91527e+01 1.65829e-02 | 1.25332e-02 1.07867e-01 1.39115e-01 |
   2362 | 3.91693e+01 1.65829e-02 | 1.25332e-02 1.07867e-01 1.39115e-01 |
   2363 | 3.91859e+01 1.65829e-02 | 1.25332e-02 1.07867e-01 1.39115e-01 |
   2364 | 3.92025e+01 1.65829e-02 | 1.25332e-02 1.07867e-01 1.39115e-01 |
   2365 | 3.92190e+01 1.65829e-02 | 1.25332e-02 1.07867e-01 1.39115e-01 |
   2366 | 3.92356e+01 1.65828e-02 | 1.25332e-02 1.07867e-01 1.39115e-01 |
   2367 | 3.92522e+01 1.65828e-02 | 1.25332e-02 1.07867e-01 1.39115e-01 |
   2368 | 3.92688e+01 1.65828e-02 | 1.25332e-02 1.07867e-01 1.39115e-01 |
   2369 | 3.92854e+01 1.65828e-02 | 1.25332e-02 1.07867e-01 1.39115e-01 |
   2370 | 3.93019e+01 1.65828e-02 | 1.25332e-02 1.07867e-01 1.39115e-01 |
   2371 | 3.93185e+01 1.65829e-02 | 1.25332e-02 1.07867e-01 1.39115e-01 |
   2372 | 3.93351e+01 1.65829e-02 | 1.25332e-02 1.07867e-01 1.39115e-01 |
   2373 | 3.93517e+01 1.65829e-02 | 1.25332e-02 1.07867e-01 1.39115e-01 |
   2374 | 3.93683e+01 1.65829e-02 | 1.25332e-02 1.07867e-01 1.39115e-01 |
   2375 | 3.93849e+01 1.65829e-02 | 1.25332e-02 1.07867e-01 1.39115e-01 |
   2376 | 3.94014e+01 1.65829e-02 | 1.25332e-02 1.07867e-01 1.39115e-01 |
   2377 | 3.94180e+01 1.65830e-02 | 1.25332e-02 1.07867e-01 1.39115e-01 |
   2378 | 3.94346e+01 1.65830e-02 | 1.25332e-02 1.07867e-01 1.39115e-01 |
   2379 | 3.94512e+01 1.65830e-02 | 1.25332e-02 1.07867e-01 1.39115e-01 |
   2380 | 3.94678e+01 1.65831e-02 | 1.25332e-02 1.07867e-01 1.39115e-01 |
   2381 | 3.94844e+01 1.65831e-02 | 1.25332e-02 1.07867e-01 1.39115e-01 |
   2382 | 3.95009e+01 1.65832e-02 | 1.25332e-02 1.07867e-01 1.39115e-01 |
   2383 | 3.95175e+01 1.65832e-02 | 1.25332e-02 1.07867e-01 1.39115e-01 |
   2384 | 3.95341e+01 1.65833e-02 | 1.25332e-02 1.07867e-01 1.39115e-01 |
   2385 | 3.95507e+01 1.65833e-02 | 1.25332e-02 1.07867e-01 1.39115e-01 |
   2386 | 3.95673e+01 1.65834e-02 | 1.25332e-02 1.07867e-01 1.39115e-01 |
   2387 | 3.95839e+01 1.65835e-02 | 1.25332e-02 1.07867e-01 1.39115e-01 |
   2388 | 3.96004e+01 1.65835e-02 | 1.25332e-02 1.07867e-01 1.39115e-01 |
   2389 | 3.96170e+01 1.65836e-02 | 1.25332e-02 1.07867e-01 1.39115e-01 |
   2390 | 3.96336e+01 1.65837e-02 | 1.25332e-02 1.07867e-01 1.39115e-01 |
   2391 | 3.96502e+01 1.65838e-02 | 1.25332e-02 1.07867e-01 1.39115e-01 |
   2392 | 3.96668e+01 1.65838e-02 | 1.25332e-02 1.07867e-01 1.39115e-01 |
   2393 | 3.96834e+01 1.65839e-02 | 1.25332e-02 1.07867e-01 1.39115e-01 |
   2394 | 3.96999e+01 1.65840e-02 | 1.25332e-02 1.07867e-01 1.39115e-01 |
   2395 | 3.97165e+01 1.65841e-02 | 1.25332e-02 1.07867e-01 1.39115e-01 |
   2396 | 3.97331e+01 1.65842e-02 | 1.25332e-02 1.07867e-01 1.39115e-01 |
   2397 | 3.97497e+01 1.65842e-02 | 1.25332e-02 1.07867e-01 1.39115e-01 |
   2398 | 3.97663e+01 1.65841e-02 | 1.25332e-02 1.07867e-01 1.39115e-01 |
   2399 | 3.97829e+01 1.65840e-02 | 1.25332e-02 1.07867e-01 1.39115e-01 |
   2400 | 3.97995e+01 1.65839e-02 | 1.25332e-02 1.07867e-01 1.39115e-01 |
   2401 | 3.98160e+01 1.65838e-02 | 1.25332e-02 1.07867e-01 1.39115e-01 |
   2402 | 3.98326e+01 1.65837e-02 | 1.25332e-02 1.07867e-01 1.39115e-01 |
   2403 | 3.98492e+01 1.65836e-02 | 1.25332e-02 1.07867e-01 1.39115e-01 |
   2404 | 3.98658e+01 1.65836e-02 | 1.25332e-02 1.07867e-01 1.39115e-01 |
   2405 | 3.98824e+01 1.65835e-02 | 1.25332e-02 1.07867e-01 1.39115e-01 |
   2406 | 3.98990e+01 1.65834e-02 | 1.25332e-02 1.07867e-01 1.39115e-01 |
   2407 | 3.99155e+01 1.65833e-02 | 1.25332e-02 1.07867e-01 1.39115e-01 |
   2408 | 3.99321e+01 1.65832e-02 | 1.25332e-02 1.07867e-01 1.39115e-01 |
   2409 | 3.99487e+01 1.65832e-02 | 1.25332e-02 1.07867e-01 1.39115e-01 |
   2410 | 3.99653e+01 1.65831e-02 | 1.25332e-02 1.07867e-01 1.39115e-01 |
   2411 | 3.99819e+01 1.65830e-02 | 1.25332e-02 1.07867e-01 1.39115e-01 |
   2412 | 3.99985e+01 1.65830e-02 | 1.25332e-02 1.07867e-01 1.39115e-01 |
   2413 | 4.00150e+01 1.65829e-02 | 1.25332e-02 1.07867e-01 1.39115e-01 |
   2414 | 4.00316e+01 1.65829e-02 | 1.25332e-02 1.07867e-01 1.39115e-01 |
   2415 | 4.00482e+01 1.65828e-02 | 1.25332e-02 1.07867e-01 1.39115e-01 |
   2416 | 4.00648e+01 1.65828e-02 | 1.25332e-02 1.07867e-01 1.39115e-01 |
   2417 | 4.00814e+01 1.65827e-02 | 1.25332e-02 1.07867e-01 1.39115e-01 |
   2418 | 4.00979e+01 1.65827e-02 | 1.25332e-02 1.07867e-01 1.39115e-01 |
   2419 | 4.01145e+01 1.65826e-02 | 1.25332e-02 1.07867e-01 1.39115e-01 |
   2420 | 4.01311e+01 1.65826e-02 | 1.25332e-02 1.07867e-01 1.39115e-01 |
   2421 | 4.01477e+01 1.65826e-02 | 1.25332e-02 1.07867e-01 1.39115e-01 |
   2422 | 4.01643e+01 1.65826e-02 | 1.25332e-02 1.07867e-01 1.39115e-01 |
   2423 | 4.01809e+01 1.65825e-02 | 1.25332e-02 1.07867e-01 1.39115e-01 |
   2424 | 4.01974e+01 1.65825e-02 | 1.25332e-02 1.07867e-01 1.39115e-01 |
   2425 | 4.02140e+01 1.65825e-02 | 1.25332e-02 1.07867e-01 1.39115e-01 |
   2426 | 4.02306e+01 1.65825e-02 | 1.25332e-02 1.07867e-01 1.39115e-01 |
   2427 | 4.02472e+01 1.65825e-02 | 1.25332e-02 1.07867e-01 1.39115e-01 |
   2428 | 4.02638e+01 1.65825e-02 | 1.25332e-02 1.07867e-01 1.39115e-01 |
   2429 | 4.02804e+01 1.65825e-02 | 1.25332e-02 1.07867e-01 1.39115e-01 |
   2430 | 4.02969e+01 1.65825e-02 | 1.25332e-02 1.07867e-01 1.39115e-01 |
   2431 | 4.03135e+01 1.65825e-02 | 1.25332e-02 1.07867e-01 1.39115e-01 |
   2432 | 4.03301e+01 1.65825e-02 | 1.25332e-02 1.07867e-01 1.39115e-01 |
   2433 | 4.03467e+01 1.65825e-02 | 1.25332e-02 1.07867e-01 1.39115e-01 |
   2434 | 4.03633e+01 1.65825e-02 | 1.25332e-02 1.07867e-01 1.39115e-01 |
   2435 | 4.03799e+01 1.65825e-02 | 1.25332e-02 1.07867e-01 1.39115e-01 |
   2436 | 4.03964e+01 1.65826e-02 | 1.25332e-02 1.07867e-01 1.39115e-01 |
   2437 | 4.04130e+01 1.65826e-02 | 1.25332e-02 1.07867e-01 1.39115e-01 |
   2438 | 4.04296e+01 1.65826e-02 | 1.25332e-02 1.07867e-01 1.39115e-01 |
   2439 | 4.04462e+01 1.65826e-02 | 1.25332e-02 1.07867e-01 1.39115e-01 |
   2440 | 4.04628e+01 1.65827e-02 | 1.25332e-02 1.07867e-01 1.39115e-01 |
   2441 | 4.04793e+01 1.65827e-02 | 1.25332e-02 1.07867e-01 1.39115e-01 |
   2442 | 4.04959e+01 1.65828e-02 | 1.25332e-02 1.07867e-01 1.39115e-01 |
   2443 | 4.05125e+01 1.65828e-02 | 1.25332e-02 1.07867e-01 1.39115e-01 |
   2444 | 4.05291e+01 1.65829e-02 | 1.25332e-02 1.07867e-01 1.39115e-01 |
   2445 | 4.05457e+01 1.65829e-02 | 1.25332e-02 1.07867e-01 1.39115e-01 |
   2446 | 4.05623e+01 1.65830e-02 | 1.25332e-02 1.07867e-01 1.39115e-01 |
   2447 | 4.05788e+01 1.65830e-02 | 1.25332e-02 1.07867e-01 1.39115e-01 |
   2448 | 4.05954e+01 1.65831e-02 | 1.25332e-02 1.07867e-01 1.39115e-01 |
   2449 | 4.06120e+01 1.65832e-02 | 1.25332e-02 1.07867e-01 1.39115e-01 |
   2450 | 4.06286e+01 1.65832e-02 | 1.25332e-02 1.07867e-01 1.39115e-01 |
   2451 | 4.06452e+01 1.65833e-02 | 1.25332e-02 1.07867e-01 1.39115e-01 |
   2452 | 4.06618e+01 1.65834e-02 | 1.25332e-02 1.07867e-01 1.39115e-01 |
   2453 | 4.06783e+01 1.65835e-02 | 1.25332e-02 1.07867e-01 1.39115e-01 |
   2454 | 4.06949e+01 1.65836e-02 | 1.25332e-02 1.07867e-01 1.39115e-01 |
   2455 | 4.07115e+01 1.65837e-02 | 1.25332e-02 1.07867e-01 1.39115e-01 |
   2456 | 4.07281e+01 1.65837e-02 | 1.25332e-02 1.07867e-01 1.39115e-01 |
   2457 | 4.07447e+01 1.65836e-02 | 1.25332e-02 1.07867e-01 1.39115e-01 |
   2458 | 4.07613e+01 1.65835e-02 | 1.25332e-02 1.07867e-01 1.39115e-01 |
   2459 | 4.07778e+01 1.65835e-02 | 1.25332e-02 1.07867e-01 1.39115e-01 |
   2460 | 4.07944e+01 1.65834e-02 | 1.25332e-02 1.07867e-01 1.39115e-01 |
   2461 | 4.08110e+01 1.65833e-02 | 1.25332e-02 1.07867e-01 1.39115e-01 |
   2462 | 4.08276e+01 1.65832e-02 | 1.25332e-02 1.07867e-01 1.39115e-01 |
   2463 | 4.08442e+01 1.65832e-02 | 1.25332e-02 1.07867e-01 1.39115e-01 |
   2464 | 4.08608e+01 1.65831e-02 | 1.25332e-02 1.07867e-01 1.39115e-01 |
   2465 | 4.08773e+01 1.65830e-02 | 1.25332e-02 1.07867e-01 1.39115e-01 |
   2466 | 4.08939e+01 1.65830e-02 | 1.25332e-02 1.07867e-01 1.39115e-01 |
   2467 | 4.09105e+01 1.65829e-02 | 1.25332e-02 1.07867e-01 1.39115e-01 |
   2468 | 4.09271e+01 1.65829e-02 | 1.25332e-02 1.07867e-01 1.39115e-01 |
   2469 | 4.09437e+01 1.65828e-02 | 1.25332e-02 1.07867e-01 1.39115e-01 |
   2470 | 4.09603e+01 1.65828e-02 | 1.25332e-02 1.07867e-01 1.39115e-01 |
   2471 | 4.09768e+01 1.65827e-02 | 1.25332e-02 1.07867e-01 1.39115e-01 |
   2472 | 4.09934e+01 1.65827e-02 | 1.25332e-02 1.07867e-01 1.39115e-01 |
   2473 | 4.10100e+01 1.65827e-02 | 1.25332e-02 1.07867e-01 1.39115e-01 |
   2474 | 4.10266e+01 1.65826e-02 | 1.25332e-02 1.07867e-01 1.39115e-01 |
   2475 | 4.10432e+01 1.65826e-02 | 1.25332e-02 1.07867e-01 1.39115e-01 |
   2476 | 4.10598e+01 1.65826e-02 | 1.25332e-02 1.07867e-01 1.39115e-01 |
   2477 | 4.10763e+01 1.65826e-02 | 1.25332e-02 1.07867e-01 1.39115e-01 |
   2478 | 4.10929e+01 1.65825e-02 | 1.25332e-02 1.07867e-01 1.39115e-01 |
   2479 | 4.11095e+01 1.65825e-02 | 1.25332e-02 1.07867e-01 1.39115e-01 |
   2480 | 4.11261e+01 1.65825e-02 | 1.25332e-02 1.07867e-01 1.39115e-01 |
   2481 | 4.11427e+01 1.65825e-02 | 1.25332e-02 1.07867e-01 1.39115e-01 |
   2482 | 4.11593e+01 1.65825e-02 | 1.25332e-02 1.07867e-01 1.39115e-01 |
   2483 | 4.11758e+01 1.65825e-02 | 1.25332e-02 1.07867e-01 1.39115e-01 |
   2484 | 4.11924e+01 1.65825e-02 | 1.25332e-02 1.07867e-01 1.39115e-01 |
   2485 | 4.12090e+01 1.65825e-02 | 1.25332e-02 1.07867e-01 1.39115e-01 |
   2486 | 4.12256e+01 1.65825e-02 | 1.25332e-02 1.07867e-01 1.39115e-01 |
   2487 | 4.12422e+01 1.65825e-02 | 1.25332e-02 1.07867e-01 1.39115e-01 |
   2488 | 4.12587e+01 1.65826e-02 | 1.25332e-02 1.07867e-01 1.39115e-01 |
   2489 | 4.12753e+01 1.65826e-02 | 1.25332e-02 1.07867e-01 1.39115e-01 |
   2490 | 4.12919e+01 1.65826e-02 | 1.25332e-02 1.07867e-01 1.39115e-01 |
   2491 | 4.13085e+01 1.65826e-02 | 1.25332e-02 1.07867e-01 1.39115e-01 |
   2492 | 4.13251e+01 1.65827e-02 | 1.25332e-02 1.07867e-01 1.39115e-01 |
   2493 | 4.13417e+01 1.65827e-02 | 1.25332e-02 1.07867e-01 1.39115e-01 |
   2494 | 4.13582e+01 1.65827e-02 | 1.25332e-02 1.07867e-01 1.39115e-01 |
   2495 | 4.13748e+01 1.65828e-02 | 1.25332e-02 1.07867e-01 1.39115e-01 |
   2496 | 4.13914e+01 1.65828e-02 | 1.25332e-02 1.07867e-01 1.39115e-01 |
   2497 | 4.14080e+01 1.65829e-02 | 1.25332e-02 1.07867e-01 1.39115e-01 |
   2498 | 4.14246e+01 1.65829e-02 | 1.25332e-02 1.07867e-01 1.39115e-01 |
   2499 | 4.14412e+01 1.65830e-02 | 1.25332e-02 1.07867e-01 1.39115e-01 |
   2500 | 4.14577e+01 1.65830e-02 | 1.25332e-02 1.07867e-01 1.39115e-01 |
   2501 | 4.14743e+01 1.65831e-02 | 1.25332e-02 1.07867e-01 1.39115e-01 |
   2502 | 4.14909e+01 1.65832e-02 | 1.25332e-02 1.07867e-01 1.39115e-01 |
   2503 | 4.15075e+01 1.65832e-02 | 1.25332e-02 1.07867e-01 1.39115e-01 |
   2504 | 4.15241e+01 1.65833e-02 | 1.25332e-02 1.07867e-01 1.39115e-01 |
   2505 | 4.15407e+01 1.65834e-02 | 1.25332e-02 1.07867e-01 1.39115e-01 |
   2506 | 4.15572e+01 1.65835e-02 | 1.25332e-02 1.07867e-01 1.39115e-01 |
   2507 | 4.15738e+01 1.65836e-02 | 1.25332e-02 1.07867e-01 1.39115e-01 |
   2508 | 4.15904e+01 1.65837e-02 | 1.25332e-02 1.07867e-01 1.39115e-01 |
   2509 | 4.16070e+01 1.65837e-02 | 1.25332e-02 1.07867e-01 1.39115e-01 |
   2510 | 4.16236e+01 1.65838e-02 | 1.25332e-02 1.07867e-01 1.39115e-01 |
   2511 | 4.16402e+01 1.65838e-02 | 1.25332e-02 1.07867e-01 1.39115e-01 |
   2512 | 4.16567e+01 1.65837e-02 | 1.25332e-02 1.07867e-01 1.39115e-01 |
   2513 | 4.16733e+01 1.65836e-02 | 1.25332e-02 1.07867e-01 1.39115e-01 |
   2514 | 4.16899e+01 1.65836e-02 | 1.25332e-02 1.07867e-01 1.39115e-01 |
   2515 | 4.17065e+01 1.65835e-02 | 1.25332e-02 1.07867e-01 1.39115e-01 |
   2516 | 4.17231e+01 1.65834e-02 | 1.25332e-02 1.07867e-01 1.39115e-01 |
   2517 | 4.17397e+01 1.65833e-02 | 1.25332e-02 1.07867e-01 1.39115e-01 |
   2518 | 4.17562e+01 1.65832e-02 | 1.25332e-02 1.07867e-01 1.39115e-01 |
   2519 | 4.17728e+01 1.65832e-02 | 1.25332e-02 1.07867e-01 1.39115e-01 |
   2520 | 4.17894e+01 1.65831e-02 | 1.25332e-02 1.07867e-01 1.39115e-01 |
   2521 | 4.18060e+01 1.65830e-02 | 1.25332e-02 1.07867e-01 1.39115e-01 |
   2522 | 4.18226e+01 1.65830e-02 | 1.25332e-02 1.07867e-01 1.39115e-01 |
   2523 | 4.18392e+01 1.65829e-02 | 1.25332e-02 1.07867e-01 1.39115e-01 |
   2524 | 4.18557e+01 1.65829e-02 | 1.25332e-02 1.07867e-01 1.39115e-01 |
   2525 | 4.18723e+01 1.65828e-02 | 1.25332e-02 1.07867e-01 1.39115e-01 |
   2526 | 4.18889e+01 1.65828e-02 | 1.25332e-02 1.07867e-01 1.39115e-01 |
   2527 | 4.19055e+01 1.65827e-02 | 1.25332e-02 1.07867e-01 1.39115e-01 |
   2528 | 4.19221e+01 1.65827e-02 | 1.25332e-02 1.07867e-01 1.39115e-01 |
   2529 | 4.19387e+01 1.65826e-02 | 1.25332e-02 1.07867e-01 1.39115e-01 |
   2530 | 4.19552e+01 1.65826e-02 | 1.25332e-02 1.07867e-01 1.39115e-01 |
   2531 | 4.19718e+01 1.65826e-02 | 1.25332e-02 1.07867e-01 1.39115e-01 |
   2532 | 4.19884e+01 1.65826e-02 | 1.25332e-02 1.07867e-01 1.39115e-01 |
   2533 | 4.20050e+01 1.65825e-02 | 1.25332e-02 1.07867e-01 1.39115e-01 |
   2534 | 4.20216e+01 1.65825e-02 | 1.25332e-02 1.07867e-01 1.39115e-01 |
   2535 | 4.20381e+01 1.65825e-02 | 1.25332e-02 1.07867e-01 1.39115e-01 |
   2536 | 4.20547e+01 1.65825e-02 | 1.25332e-02 1.07867e-01 1.39115e-01 |
   2537 | 4.20713e+01 1.65825e-02 | 1.25332e-02 1.07867e-01 1.39115e-01 |
   2538 | 4.20879e+01 1.65825e-02 | 1.25332e-02 1.07867e-01 1.39115e-01 |
   2539 | 4.21045e+01 1.65825e-02 | 1.25332e-02 1.07867e-01 1.39115e-01 |
   2540 | 4.21211e+01 1.65825e-02 | 1.25332e-02 1.07867e-01 1.39115e-01 |
   2541 | 4.21376e+01 1.65825e-02 | 1.25332e-02 1.07867e-01 1.39115e-01 |
   2542 | 4.21542e+01 1.65825e-02 | 1.25332e-02 1.07867e-01 1.39115e-01 |
   2543 | 4.21708e+01 1.65825e-02 | 1.25332e-02 1.07867e-01 1.39115e-01 |
   2544 | 4.21874e+01 1.65825e-02 | 1.25332e-02 1.07867e-01 1.39115e-01 |
   2545 | 4.22040e+01 1.65825e-02 | 1.25332e-02 1.07867e-01 1.39115e-01 |
   2546 | 4.22206e+01 1.65826e-02 | 1.25332e-02 1.07867e-01 1.39115e-01 |
   2547 | 4.22371e+01 1.65826e-02 | 1.25332e-02 1.07867e-01 1.39115e-01 |
   2548 | 4.22537e+01 1.65826e-02 | 1.25332e-02 1.07867e-01 1.39115e-01 |
   2549 | 4.22703e+01 1.65826e-02 | 1.25332e-02 1.07867e-01 1.39115e-01 |
   2550 | 4.22869e+01 1.65827e-02 | 1.25332e-02 1.07867e-01 1.39115e-01 |
   2551 | 4.23035e+01 1.65827e-02 | 1.25332e-02 1.07867e-01 1.39115e-01 |
   2552 | 4.23201e+01 1.65828e-02 | 1.25332e-02 1.07867e-01 1.39115e-01 |
   2553 | 4.23366e+01 1.65828e-02 | 1.25332e-02 1.07867e-01 1.39115e-01 |
   2554 | 4.23532e+01 1.65829e-02 | 1.25332e-02 1.07867e-01 1.39115e-01 |
   2555 | 4.23698e+01 1.65829e-02 | 1.25332e-02 1.07867e-01 1.39115e-01 |
   2556 | 4.23864e+01 1.65830e-02 | 1.25332e-02 1.07867e-01 1.39115e-01 |
   2557 | 4.24030e+01 1.65830e-02 | 1.25332e-02 1.07867e-01 1.39115e-01 |
   2558 | 4.24195e+01 1.65831e-02 | 1.25332e-02 1.07867e-01 1.39115e-01 |
   2559 | 4.24361e+01 1.65832e-02 | 1.25332e-02 1.07867e-01 1.39115e-01 |
   2560 | 4.24527e+01 1.65832e-02 | 1.25332e-02 1.07867e-01 1.39115e-01 |
   2561 | 4.24693e+01 1.65833e-02 | 1.25332e-02 1.07867e-01 1.39115e-01 |
   2562 | 4.24859e+01 1.65834e-02 | 1.25332e-02 1.07867e-01 1.39115e-01 |
   2563 | 4.25025e+01 1.65835e-02 | 1.25332e-02 1.07867e-01 1.39115e-01 |
   2564 | 4.25190e+01 1.65836e-02 | 1.25332e-02 1.07867e-01 1.39115e-01 |
   2565 | 4.25356e+01 1.65837e-02 | 1.25332e-02 1.07867e-01 1.39115e-01 |
   2566 | 4.25522e+01 1.65837e-02 | 1.25332e-02 1.07867e-01 1.39115e-01 |
   2567 | 4.25688e+01 1.65836e-02 | 1.25332e-02 1.07867e-01 1.39115e-01 |
   2568 | 4.25854e+01 1.65836e-02 | 1.25332e-02 1.07867e-01 1.39115e-01 |
   2569 | 4.26020e+01 1.65835e-02 | 1.25332e-02 1.07867e-01 1.39115e-01 |
   2570 | 4.26186e+01 1.65834e-02 | 1.25332e-02 1.07867e-01 1.39115e-01 |
   2571 | 4.26351e+01 1.65833e-02 | 1.25332e-02 1.07867e-01 1.39115e-01 |
   2572 | 4.26517e+01 1.65832e-02 | 1.25332e-02 1.07867e-01 1.39115e-01 |
   2573 | 4.26683e+01 1.65832e-02 | 1.25332e-02 1.07867e-01 1.39115e-01 |
   2574 | 4.26849e+01 1.65831e-02 | 1.25332e-02 1.07867e-01 1.39115e-01 |
   2575 | 4.27015e+01 1.65830e-02 | 1.25332e-02 1.07867e-01 1.39115e-01 |
   2576 | 4.27180e+01 1.65830e-02 | 1.25332e-02 1.07867e-01 1.39115e-01 |
   2577 | 4.27346e+01 1.65829e-02 | 1.25332e-02 1.07867e-01 1.39115e-01 |
   2578 | 4.27512e+01 1.65829e-02 | 1.25332e-02 1.07867e-01 1.39115e-01 |
   2579 | 4.27678e+01 1.65828e-02 | 1.25332e-02 1.07867e-01 1.39115e-01 |
   2580 | 4.27844e+01 1.65828e-02 | 1.25332e-02 1.07867e-01 1.39115e-01 |
   2581 | 4.28010e+01 1.65827e-02 | 1.25332e-02 1.07867e-01 1.39115e-01 |
   2582 | 4.28175e+01 1.65827e-02 | 1.25332e-02 1.07867e-01 1.39115e-01 |
   2583 | 4.28341e+01 1.65827e-02 | 1.25332e-02 1.07867e-01 1.39115e-01 |
   2584 | 4.28507e+01 1.65826e-02 | 1.25332e-02 1.07867e-01 1.39115e-01 |
   2585 | 4.28673e+01 1.65826e-02 | 1.25332e-02 1.07867e-01 1.39115e-01 |
   2586 | 4.28839e+01 1.65826e-02 | 1.25332e-02 1.07867e-01 1.39115e-01 |
   2587 | 4.29005e+01 1.65826e-02 | 1.25332e-02 1.07867e-01 1.39115e-01 |
   2588 | 4.29170e+01 1.65826e-02 | 1.25332e-02 1.07867e-01 1.39115e-01 |
   2589 | 4.29336e+01 1.65825e-02 | 1.25332e-02 1.07867e-01 1.39115e-01 |
   2590 | 4.29502e+01 1.65825e-02 | 1.25332e-02 1.07867e-01 1.39115e-01 |
   2591 | 4.29668e+01 1.65825e-02 | 1.25332e-02 1.07867e-01 1.39115e-01 |
   2592 | 4.29834e+01 1.65825e-02 | 1.25332e-02 1.07867e-01 1.39115e-01 |
   2593 | 4.30000e+01 1.65825e-02 | 1.25332e-02 1.07867e-01 1.39115e-01 |
   2594 | 4.30165e+01 1.65825e-02 | 1.25332e-02 1.07867e-01 1.39115e-01 |
   2595 | 4.30331e+01 1.65825e-02 | 1.25332e-02 1.07867e-01 1.39115e-01 |
   2596 | 4.30497e+01 1.65825e-02 | 1.25332e-02 1.07867e-01 1.39115e-01 |
   2597 | 4.30663e+01 1.65826e-02 | 1.25332e-02 1.07867e-01 1.39115e-01 |
   2598 | 4.30829e+01 1.65826e-02 | 1.25332e-02 1.07867e-01 1.39115e-01 |
   2599 | 4.30995e+01 1.65826e-02 | 1.25332e-02 1.07867e-01 1.39115e-01 |
   2600 | 4.31160e+01 1.65826e-02 | 1.25332e-02 1.07867e-01 1.39115e-01 |
   2601 | 4.31326e+01 1.65827e-02 | 1.25332e-02 1.07867e-01 1.39115e-01 |
   2602 | 4.31492e+01 1.65827e-02 | 1.25332e-02 1.07867e-01 1.39115e-01 |
   2603 | 4.31658e+01 1.65827e-02 | 1.25332e-02 1.07867e-01 1.39115e-01 |
   2604 | 4.31824e+01 1.65828e-02 | 1.25332e-02 1.07867e-01 1.39115e-01 |
   2605 | 4.31989e+01 1.65828e-02 | 1.25332e-02 1.07867e-01 1.39115e-01 |
   2606 | 4.32155e+01 1.65828e-02 | 1.25332e-02 1.07867e-01 1.39115e-01 |
   2607 | 4.32321e+01 1.65829e-02 | 1.25332e-02 1.07867e-01 1.39115e-01 |
   2608 | 4.32487e+01 1.65829e-02 | 1.25332e-02 1.07867e-01 1.39115e-01 |
   2609 | 4.32653e+01 1.65829e-02 | 1.25332e-02 1.07867e-01 1.39115e-01 |
   2610 | 4.32819e+01 1.65830e-02 | 1.25332e-02 1.07867e-01 1.39115e-01 |
   2611 | 4.32984e+01 1.65830e-02 | 1.25332e-02 1.07867e-01 1.39115e-01 |
   2612 | 4.33150e+01 1.65831e-02 | 1.25332e-02 1.07867e-01 1.39115e-01 |
   2613 | 4.33316e+01 1.65831e-02 | 1.25332e-02 1.07867e-01 1.39115e-01 |
   2614 | 4.33482e+01 1.65831e-02 | 1.25332e-02 1.07867e-01 1.39115e-01 |
   2615 | 4.33648e+01 1.65832e-02 | 1.25332e-02 1.07867e-01 1.39115e-01 |
   2616 | 4.33814e+01 1.65833e-02 | 1.25332e-02 1.07867e-01 1.39115e-01 |
   2617 | 4.33979e+01 1.65833e-02 | 1.25332e-02 1.07867e-01 1.39115e-01 |
   2618 | 4.34145e+01 1.65834e-02 | 1.25332e-02 1.07867e-01 1.39115e-01 |
   2619 | 4.34311e+01 1.65834e-02 | 1.25332e-02 1.07867e-01 1.39115e-01 |
   2620 | 4.34477e+01 1.65835e-02 | 1.25332e-02 1.07867e-01 1.39115e-01 |
   2621 | 4.34643e+01 1.65836e-02 | 1.25332e-02 1.07867e-01 1.39115e-01 |
   2622 | 4.34809e+01 1.65837e-02 | 1.25332e-02 1.07867e-01 1.39115e-01 |
   2623 | 4.34974e+01 1.65837e-02 | 1.25332e-02 1.07867e-01 1.39115e-01 |
   2624 | 4.35140e+01 1.65838e-02 | 1.25332e-02 1.07867e-01 1.39115e-01 |
   2625 | 4.35306e+01 1.65839e-02 | 1.25332e-02 1.07867e-01 1.39115e-01 |
   2626 | 4.35472e+01 1.65839e-02 | 1.25332e-02 1.07867e-01 1.39115e-01 |
   2627 | 4.35638e+01 1.65838e-02 | 1.25332e-02 1.07867e-01 1.39115e-01 |
   2628 | 4.35804e+01 1.65837e-02 | 1.25332e-02 1.07867e-01 1.39115e-01 |
   2629 | 4.35969e+01 1.65836e-02 | 1.25332e-02 1.07867e-01 1.39115e-01 |
   2630 | 4.36135e+01 1.65836e-02 | 1.25332e-02 1.07867e-01 1.39115e-01 |
   2631 | 4.36301e+01 1.65835e-02 | 1.25332e-02 1.07867e-01 1.39115e-01 |
   2632 | 4.36467e+01 1.65834e-02 | 1.25332e-02 1.07867e-01 1.39115e-01 |
   2633 | 4.36633e+01 1.65833e-02 | 1.25332e-02 1.07867e-01 1.39115e-01 |
   2634 | 4.36799e+01 1.65833e-02 | 1.25332e-02 1.07867e-01 1.39115e-01 |
   2635 | 4.36964e+01 1.65832e-02 | 1.25332e-02 1.07867e-01 1.39115e-01 |
   2636 | 4.37130e+01 1.65831e-02 | 1.25332e-02 1.07867e-01 1.39115e-01 |
   2637 | 4.37296e+01 1.65831e-02 | 1.25332e-02 1.07867e-01 1.39115e-01 |
   2638 | 4.37462e+01 1.65830e-02 | 1.25332e-02 1.07867e-01 1.39115e-01 |
   2639 | 4.37628e+01 1.65830e-02 | 1.25332e-02 1.07867e-01 1.39115e-01 |
   2640 | 4.37794e+01 1.65829e-02 | 1.25332e-02 1.07867e-01 1.39115e-01 |
   2641 | 4.37959e+01 1.65829e-02 | 1.25332e-02 1.07867e-01 1.39115e-01 |
   2642 | 4.38125e+01 1.65828e-02 | 1.25332e-02 1.07867e-01 1.39115e-01 |
   2643 | 4.38291e+01 1.65828e-02 | 1.25332e-02 1.07867e-01 1.39115e-01 |
   2644 | 4.38457e+01 1.65828e-02 | 1.25332e-02 1.07867e-01 1.39115e-01 |
   2645 | 4.38623e+01 1.65827e-02 | 1.25332e-02 1.07867e-01 1.39115e-01 |
   2646 | 4.38789e+01 1.65827e-02 | 1.25332e-02 1.07867e-01 1.39115e-01 |
   2647 | 4.38954e+01 1.65827e-02 | 1.25332e-02 1.07867e-01 1.39115e-01 |
   2648 | 4.39120e+01 1.65827e-02 | 1.25332e-02 1.07867e-01 1.39115e-01 |
   2649 | 4.39286e+01 1.65826e-02 | 1.25332e-02 1.07867e-01 1.39115e-01 |
   2650 | 4.39452e+01 1.65826e-02 | 1.25332e-02 1.07867e-01 1.39115e-01 |
   2651 | 4.39618e+01 1.65826e-02 | 1.25332e-02 1.07867e-01 1.39115e-01 |
   2652 | 4.39784e+01 1.65826e-02 | 1.25332e-02 1.07867e-01 1.39115e-01 |
   2653 | 4.39949e+01 1.65826e-02 | 1.25332e-02 1.07867e-01 1.39115e-01 |
   2654 | 4.40115e+01 1.65826e-02 | 1.25332e-02 1.07867e-01 1.39115e-01 |
   2655 | 4.40281e+01 1.65826e-02 | 1.25332e-02 1.07867e-01 1.39115e-01 |
   2656 | 4.40447e+01 1.65826e-02 | 1.25332e-02 1.07867e-01 1.39115e-01 |
   2657 | 4.40613e+01 1.65826e-02 | 1.25332e-02 1.07867e-01 1.39115e-01 |
   2658 | 4.40779e+01 1.65827e-02 | 1.25332e-02 1.07867e-01 1.39115e-01 |
   2659 | 4.40944e+01 1.65827e-02 | 1.25332e-02 1.07867e-01 1.39115e-01 |
   2660 | 4.41110e+01 1.65827e-02 | 1.25332e-02 1.07867e-01 1.39115e-01 |
   2661 | 4.41276e+01 1.65827e-02 | 1.25332e-02 1.07867e-01 1.39115e-01 |
   2662 | 4.41442e+01 1.65827e-02 | 1.25332e-02 1.07867e-01 1.39115e-01 |
   2663 | 4.41608e+01 1.65828e-02 | 1.25332e-02 1.07867e-01 1.39115e-01 |
   2664 | 4.41773e+01 1.65828e-02 | 1.25332e-02 1.07867e-01 1.39115e-01 |
   2665 | 4.41939e+01 1.65829e-02 | 1.25332e-02 1.07867e-01 1.39115e-01 |
   2666 | 4.42105e+01 1.65829e-02 | 1.25332e-02 1.07867e-01 1.39115e-01 |
   2667 | 4.42271e+01 1.65829e-02 | 1.25332e-02 1.07867e-01 1.39115e-01 |
   2668 | 4.42437e+01 1.65830e-02 | 1.25332e-02 1.07867e-01 1.39115e-01 |
   2669 | 4.42603e+01 1.65830e-02 | 1.25332e-02 1.07867e-01 1.39115e-01 |
   2670 | 4.42768e+01 1.65831e-02 | 1.25332e-02 1.07867e-01 1.39115e-01 |
   2671 | 4.42934e+01 1.65832e-02 | 1.25332e-02 1.07867e-01 1.39115e-01 |
   2672 | 4.43100e+01 1.65832e-02 | 1.25332e-02 1.07867e-01 1.39115e-01 |
   2673 | 4.43266e+01 1.65833e-02 | 1.25332e-02 1.07867e-01 1.39115e-01 |
   2674 | 4.43432e+01 1.65834e-02 | 1.25332e-02 1.07867e-01 1.39115e-01 |
   2675 | 4.43598e+01 1.65834e-02 | 1.25332e-02 1.07867e-01 1.39115e-01 |
   2676 | 4.43763e+01 1.65835e-02 | 1.25332e-02 1.07867e-01 1.39115e-01 |
   2677 | 4.43929e+01 1.65836e-02 | 1.25332e-02 1.07867e-01 1.39115e-01 |
   2678 | 4.44095e+01 1.65837e-02 | 1.25332e-02 1.07867e-01 1.39115e-01 |
   2679 | 4.44261e+01 1.65838e-02 | 1.25332e-02 1.07867e-01 1.39115e-01 |
   2680 | 4.44427e+01 1.65839e-02 | 1.25332e-02 1.07867e-01 1.39115e-01 |
   2681 | 4.44593e+01 1.65838e-02 | 1.25332e-02 1.07867e-01 1.39115e-01 |
   2682 | 4.44758e+01 1.65838e-02 | 1.25332e-02 1.07867e-01 1.39115e-01 |
   2683 | 4.44924e+01 1.65837e-02 | 1.25332e-02 1.07867e-01 1.39115e-01 |
   2684 | 4.45090e+01 1.65837e-02 | 1.25332e-02 1.07867e-01 1.39115e-01 |
   2685 | 4.45256e+01 1.65836e-02 | 1.25332e-02 1.07867e-01 1.39115e-01 |
   2686 | 4.45422e+01 1.65836e-02 | 1.25332e-02 1.07867e-01 1.39115e-01 |
   2687 | 4.45588e+01 1.65836e-02 | 1.25332e-02 1.07867e-01 1.39115e-01 |
   2688 | 4.45753e+01 1.65835e-02 | 1.25332e-02 1.07867e-01 1.39115e-01 |
   2689 | 4.45919e+01 1.65835e-02 | 1.25332e-02 1.07867e-01 1.39115e-01 |
   2690 | 4.46085e+01 1.65834e-02 | 1.25332e-02 1.07867e-01 1.39115e-01 |
   2691 | 4.46251e+01 1.65834e-02 | 1.25332e-02 1.07867e-01 1.39115e-01 |
   2692 | 4.46417e+01 1.65833e-02 | 1.25332e-02 1.07867e-01 1.39115e-01 |
   2693 | 4.46583e+01 1.65833e-02 | 1.25332e-02 1.07867e-01 1.39115e-01 |
   2694 | 4.46748e+01 1.65832e-02 | 1.25332e-02 1.07867e-01 1.39115e-01 |
   2695 | 4.46914e+01 1.65831e-02 | 1.25332e-02 1.07867e-01 1.39115e-01 |
   2696 | 4.47080e+01 1.65831e-02 | 1.25332e-02 1.07867e-01 1.39115e-01 |
   2697 | 4.47246e+01 1.65830e-02 | 1.25332e-02 1.07867e-01 1.39115e-01 |
   2698 | 4.47412e+01 1.65830e-02 | 1.25332e-02 1.07867e-01 1.39115e-01 |
   2699 | 4.47578e+01 1.65830e-02 | 1.25332e-02 1.07867e-01 1.39115e-01 |
   2700 | 4.47743e+01 1.65829e-02 | 1.25332e-02 1.07867e-01 1.39115e-01 |
   2701 | 4.47909e+01 1.65829e-02 | 1.25332e-02 1.07867e-01 1.39115e-01 |
   2702 | 4.48075e+01 1.65829e-02 | 1.25332e-02 1.07867e-01 1.39115e-01 |
   2703 | 4.48241e+01 1.65828e-02 | 1.25332e-02 1.07867e-01 1.39115e-01 |
   2704 | 4.48407e+01 1.65828e-02 | 1.25332e-02 1.07867e-01 1.39115e-01 |
   2705 | 4.48573e+01 1.65828e-02 | 1.25332e-02 1.07867e-01 1.39115e-01 |
   2706 | 4.48738e+01 1.65828e-02 | 1.25332e-02 1.07867e-01 1.39115e-01 |
   2707 | 4.48904e+01 1.65828e-02 | 1.25332e-02 1.07867e-01 1.39115e-01 |
   2708 | 4.49070e+01 1.65828e-02 | 1.25332e-02 1.07867e-01 1.39115e-01 |
   2709 | 4.49236e+01 1.65828e-02 | 1.25332e-02 1.07867e-01 1.39115e-01 |
   2710 | 4.49402e+01 1.65828e-02 | 1.25332e-02 1.07867e-01 1.39115e-01 |
   2711 | 4.49568e+01 1.65828e-02 | 1.25332e-02 1.07867e-01 1.39115e-01 |
   2712 | 4.49733e+01 1.65828e-02 | 1.25332e-02 1.07867e-01 1.39115e-01 |
   2713 | 4.49899e+01 1.65828e-02 | 1.25332e-02 1.07867e-01 1.39115e-01 |
   2714 | 4.50065e+01 1.65828e-02 | 1.25332e-02 1.07867e-01 1.39115e-01 |
   2715 | 4.50231e+01 1.65828e-02 | 1.25332e-02 1.07867e-01 1.39115e-01 |
   2716 | 4.50397e+01 1.65828e-02 | 1.25332e-02 1.07867e-01 1.39115e-01 |
   2717 | 4.50563e+01 1.65828e-02 | 1.25332e-02 1.07867e-01 1.39115e-01 |
   2718 | 4.50728e+01 1.65829e-02 | 1.25332e-02 1.07867e-01 1.39115e-01 |
   2719 | 4.50894e+01 1.65829e-02 | 1.25332e-02 1.07867e-01 1.39115e-01 |
   2720 | 4.51060e+01 1.65829e-02 | 1.25332e-02 1.07867e-01 1.39115e-01 |
   2721 | 4.51226e+01 1.65830e-02 | 1.25332e-02 1.07867e-01 1.39115e-01 |
   2722 | 4.51392e+01 1.65830e-02 | 1.25332e-02 1.07867e-01 1.39115e-01 |
   2723 | 4.51558e+01 1.65831e-02 | 1.25332e-02 1.07867e-01 1.39115e-01 |
   2724 | 4.51723e+01 1.65831e-02 | 1.25332e-02 1.07867e-01 1.39115e-01 |
   2725 | 4.51889e+01 1.65832e-02 | 1.25332e-02 1.07867e-01 1.39115e-01 |
   2726 | 4.52055e+01 1.65832e-02 | 1.25332e-02 1.07867e-01 1.39115e-01 |
   2727 | 4.52221e+01 1.65833e-02 | 1.25332e-02 1.07867e-01 1.39115e-01 |
   2728 | 4.52387e+01 1.65833e-02 | 1.25332e-02 1.07867e-01 1.39115e-01 |
   2729 | 4.52553e+01 1.65834e-02 | 1.25332e-02 1.07867e-01 1.39115e-01 |
   2730 | 4.52718e+01 1.65835e-02 | 1.25332e-02 1.07867e-01 1.39115e-01 |
   2731 | 4.52884e+01 1.65835e-02 | 1.25332e-02 1.07867e-01 1.39115e-01 |
   2732 | 4.53050e+01 1.65836e-02 | 1.25332e-02 1.07867e-01 1.39115e-01 |
   2733 | 4.53216e+01 1.65837e-02 | 1.25332e-02 1.07867e-01 1.39115e-01 |
   2734 | 4.53382e+01 1.65838e-02 | 1.25332e-02 1.07867e-01 1.39115e-01 |
   2735 | 4.53548e+01 1.65839e-02 | 1.25332e-02 1.07867e-01 1.39115e-01 |
   2736 | 4.53713e+01 1.65839e-02 | 1.25332e-02 1.07867e-01 1.39115e-01 |
   2737 | 4.53879e+01 1.65838e-02 | 1.25332e-02 1.07867e-01 1.39115e-01 |
   2738 | 4.54045e+01 1.65837e-02 | 1.25332e-02 1.07867e-01 1.39115e-01 |
   2739 | 4.54211e+01 1.65836e-02 | 1.25332e-02 1.07867e-01 1.39115e-01 |
   2740 | 4.54377e+01 1.65835e-02 | 1.25332e-02 1.07867e-01 1.39115e-01 |
   2741 | 4.54543e+01 1.65834e-02 | 1.25332e-02 1.07867e-01 1.39115e-01 |
   2742 | 4.54708e+01 1.65834e-02 | 1.25332e-02 1.07867e-01 1.39115e-01 |
   2743 | 4.54874e+01 1.65833e-02 | 1.25332e-02 1.07867e-01 1.39115e-01 |
   2744 | 4.55040e+01 1.65832e-02 | 1.25332e-02 1.07867e-01 1.39115e-01 |
   2745 | 4.55206e+01 1.65832e-02 | 1.25332e-02 1.07867e-01 1.39115e-01 |
   2746 | 4.55372e+01 1.65831e-02 | 1.25332e-02 1.07867e-01 1.39115e-01 |
   2747 | 4.55538e+01 1.65830e-02 | 1.25332e-02 1.07867e-01 1.39115e-01 |
   2748 | 4.55703e+01 1.65830e-02 | 1.25332e-02 1.07867e-01 1.39115e-01 |
   2749 | 4.55869e+01 1.65829e-02 | 1.25332e-02 1.07867e-01 1.39115e-01 |
   2750 | 4.56035e+01 1.65829e-02 | 1.25332e-02 1.07867e-01 1.39115e-01 |
   2751 | 4.56201e+01 1.65828e-02 | 1.25332e-02 1.07867e-01 1.39115e-01 |
   2752 | 4.56367e+01 1.65828e-02 | 1.25332e-02 1.07867e-01 1.39115e-01 |
   2753 | 4.56533e+01 1.65828e-02 | 1.25332e-02 1.07867e-01 1.39115e-01 |
   2754 | 4.56698e+01 1.65827e-02 | 1.25332e-02 1.07867e-01 1.39115e-01 |
   2755 | 4.56864e+01 1.65827e-02 | 1.25332e-02 1.07867e-01 1.39115e-01 |
   2756 | 4.57030e+01 1.65827e-02 | 1.25332e-02 1.07867e-01 1.39115e-01 |
   2757 | 4.57196e+01 1.65826e-02 | 1.25332e-02 1.07867e-01 1.39115e-01 |
   2758 | 4.57362e+01 1.65826e-02 | 1.25332e-02 1.07867e-01 1.39115e-01 |
   2759 | 4.57527e+01 1.65826e-02 | 1.25332e-02 1.07867e-01 1.39115e-01 |
   2760 | 4.57693e+01 1.65826e-02 | 1.25332e-02 1.07867e-01 1.39115e-01 |
   2761 | 4.57859e+01 1.65826e-02 | 1.25332e-02 1.07867e-01 1.39115e-01 |
   2762 | 4.58025e+01 1.65826e-02 | 1.25332e-02 1.07867e-01 1.39115e-01 |
   2763 | 4.58191e+01 1.65826e-02 | 1.25332e-02 1.07867e-01 1.39115e-01 |
   2764 | 4.58357e+01 1.65826e-02 | 1.25332e-02 1.07867e-01 1.39115e-01 |
   2765 | 4.58522e+01 1.65826e-02 | 1.25332e-02 1.07867e-01 1.39115e-01 |
   2766 | 4.58688e+01 1.65826e-02 | 1.25332e-02 1.07867e-01 1.39115e-01 |
   2767 | 4.58854e+01 1.65826e-02 | 1.25332e-02 1.07867e-01 1.39115e-01 |
   2768 | 4.59020e+01 1.65826e-02 | 1.25332e-02 1.07867e-01 1.39115e-01 |
   2769 | 4.59186e+01 1.65826e-02 | 1.25332e-02 1.07867e-01 1.39115e-01 |
   2770 | 4.59352e+01 1.65827e-02 | 1.25332e-02 1.07867e-01 1.39115e-01 |
   2771 | 4.59517e+01 1.65827e-02 | 1.25332e-02 1.07867e-01 1.39115e-01 |
   2772 | 4.59683e+01 1.65827e-02 | 1.25332e-02 1.07867e-01 1.39115e-01 |
   2773 | 4.59849e+01 1.65828e-02 | 1.25332e-02 1.07867e-01 1.39115e-01 |
   2774 | 4.60015e+01 1.65828e-02 | 1.25332e-02 1.07867e-01 1.39115e-01 |
   2775 | 4.60181e+01 1.65828e-02 | 1.25332e-02 1.07867e-01 1.39115e-01 |
   2776 | 4.60347e+01 1.65829e-02 | 1.25332e-02 1.07867e-01 1.39115e-01 |
   2777 | 4.60512e+01 1.65829e-02 | 1.25332e-02 1.07867e-01 1.39115e-01 |
   2778 | 4.60678e+01 1.65830e-02 | 1.25332e-02 1.07867e-01 1.39115e-01 |
   2779 | 4.60844e+01 1.65830e-02 | 1.25332e-02 1.07867e-01 1.39115e-01 |
   2780 | 4.61010e+01 1.65831e-02 | 1.25332e-02 1.07867e-01 1.39115e-01 |
   2781 | 4.61176e+01 1.65831e-02 | 1.25332e-02 1.07867e-01 1.39115e-01 |
   2782 | 4.61342e+01 1.65832e-02 | 1.25332e-02 1.07867e-01 1.39115e-01 |
   2783 | 4.61507e+01 1.65833e-02 | 1.25332e-02 1.07867e-01 1.39115e-01 |
   2784 | 4.61673e+01 1.65833e-02 | 1.25332e-02 1.07867e-01 1.39115e-01 |
   2785 | 4.61839e+01 1.65834e-02 | 1.25332e-02 1.07867e-01 1.39115e-01 |
   2786 | 4.62005e+01 1.65835e-02 | 1.25332e-02 1.07867e-01 1.39115e-01 |
   2787 | 4.62171e+01 1.65836e-02 | 1.25332e-02 1.07867e-01 1.39115e-01 |
   2788 | 4.62337e+01 1.65837e-02 | 1.25332e-02 1.07867e-01 1.39115e-01 |
   2789 | 4.62502e+01 1.65837e-02 | 1.25332e-02 1.07867e-01 1.39115e-01 |
   2790 | 4.62668e+01 1.65838e-02 | 1.25332e-02 1.07867e-01 1.39115e-01 |
   2791 | 4.62834e+01 1.65839e-02 | 1.25332e-02 1.07867e-01 1.39115e-01 |
   2792 | 4.63000e+01 1.65838e-02 | 1.25332e-02 1.07867e-01 1.39115e-01 |
   2793 | 4.63166e+01 1.65838e-02 | 1.25332e-02 1.07867e-01 1.39115e-01 |
   2794 | 4.63332e+01 1.65838e-02 | 1.25332e-02 1.07867e-01 1.39115e-01 |
   2795 | 4.63497e+01 1.65837e-02 | 1.25332e-02 1.07867e-01 1.39115e-01 |
   2796 | 4.63663e+01 1.65837e-02 | 1.25332e-02 1.07867e-01 1.39115e-01 |
   2797 | 4.63829e+01 1.65837e-02 | 1.25332e-02 1.07867e-01 1.39115e-01 |
   2798 | 4.63995e+01 1.65836e-02 | 1.25332e-02 1.07867e-01 1.39115e-01 |
   2799 | 4.64161e+01 1.65836e-02 | 1.25332e-02 1.07867e-01 1.39115e-01 |
   2800 | 4.64327e+01 1.65836e-02 | 1.25332e-02 1.07867e-01 1.39115e-01 |
   2801 | 4.64492e+01 1.65836e-02 | 1.25332e-02 1.07867e-01 1.39115e-01 |
   2802 | 4.64658e+01 1.65835e-02 | 1.25332e-02 1.07867e-01 1.39115e-01 |
   2803 | 4.64824e+01 1.65835e-02 | 1.25332e-02 1.07867e-01 1.39115e-01 |
   2804 | 4.64990e+01 1.65835e-02 | 1.25332e-02 1.07867e-01 1.39115e-01 |
   2805 | 4.65156e+01 1.65835e-02 | 1.25332e-02 1.07867e-01 1.39115e-01 |
   2806 | 4.65322e+01 1.65835e-02 | 1.25332e-02 1.07867e-01 1.39115e-01 |
   2807 | 4.65487e+01 1.65835e-02 | 1.25332e-02 1.07867e-01 1.39115e-01 |
   2808 | 4.65653e+01 1.65835e-02 | 1.25332e-02 1.07867e-01 1.39115e-01 |
   2809 | 4.65819e+01 1.65835e-02 | 1.25332e-02 1.07867e-01 1.39115e-01 |
   2810 | 4.65985e+01 1.65836e-02 | 1.25332e-02 1.07867e-01 1.39115e-01 |
   2811 | 4.66151e+01 1.65836e-02 | 1.25332e-02 1.07867e-01 1.39115e-01 |
   2812 | 4.66317e+01 1.65836e-02 | 1.25332e-02 1.07867e-01 1.39115e-01 |
   2813 | 4.66482e+01 1.65836e-02 | 1.25332e-02 1.07867e-01 1.39115e-01 |
   2814 | 4.66648e+01 1.65836e-02 | 1.25332e-02 1.07867e-01 1.39115e-01 |
   2815 | 4.66814e+01 1.65835e-02 | 1.25332e-02 1.07867e-01 1.39115e-01 |
   2816 | 4.66980e+01 1.65835e-02 | 1.25332e-02 1.07867e-01 1.39115e-01 |
   2817 | 4.67146e+01 1.65835e-02 | 1.25332e-02 1.07867e-01 1.39115e-01 |
   2818 | 4.67312e+01 1.65835e-02 | 1.25332e-02 1.07867e-01 1.39115e-01 |
   2819 | 4.67477e+01 1.65834e-02 | 1.25332e-02 1.07867e-01 1.39115e-01 |
   2820 | 4.67643e+01 1.65834e-02 | 1.25332e-02 1.07867e-01 1.39115e-01 |
   2821 | 4.67809e+01 1.65834e-02 | 1.25332e-02 1.07867e-01 1.39115e-01 |
   2822 | 4.67975e+01 1.65834e-02 | 1.25332e-02 1.07867e-01 1.39115e-01 |
   2823 | 4.68141e+01 1.65834e-02 | 1.25332e-02 1.07867e-01 1.39115e-01 |
   2824 | 4.68307e+01 1.65834e-02 | 1.25332e-02 1.07867e-01 1.39115e-01 |
   2825 | 4.68472e+01 1.65834e-02 | 1.25332e-02 1.07867e-01 1.39115e-01 |
   2826 | 4.68638e+01 1.65834e-02 | 1.25332e-02 1.07867e-01 1.39115e-01 |
   2827 | 4.68804e+01 1.65834e-02 | 1.25332e-02 1.07867e-01 1.39115e-01 |
   2828 | 4.68970e+01 1.65834e-02 | 1.25332e-02 1.07867e-01 1.39115e-01 |
   2829 | 4.69136e+01 1.65834e-02 | 1.25332e-02 1.07867e-01 1.39115e-01 |
   2830 | 4.69302e+01 1.65834e-02 | 1.25332e-02 1.07867e-01 1.39115e-01 |
   2831 | 4.69467e+01 1.65835e-02 | 1.25332e-02 1.07867e-01 1.39115e-01 |
   2832 | 4.69633e+01 1.65835e-02 | 1.25332e-02 1.07867e-01 1.39115e-01 |
   2833 | 4.69799e+01 1.65835e-02 | 1.25332e-02 1.07867e-01 1.39115e-01 |
   2834 | 4.69965e+01 1.65836e-02 | 1.25332e-02 1.07867e-01 1.39115e-01 |
   2835 | 4.70131e+01 1.65836e-02 | 1.25332e-02 1.07867e-01 1.39115e-01 |
   2836 | 4.70297e+01 1.65836e-02 | 1.25332e-02 1.07867e-01 1.39115e-01 |
   2837 | 4.70462e+01 1.65837e-02 | 1.25332e-02 1.07867e-01 1.39115e-01 |
   2838 | 4.70628e+01 1.65837e-02 | 1.25332e-02 1.07867e-01 1.39115e-01 |
   2839 | 4.70794e+01 1.65838e-02 | 1.25332e-02 1.07867e-01 1.39115e-01 |
   2840 | 4.70960e+01 1.65838e-02 | 1.25332e-02 1.07867e-01 1.39115e-01 |
   2841 | 4.71126e+01 1.65838e-02 | 1.25332e-02 1.07867e-01 1.39115e-01 |
   2842 | 4.71292e+01 1.65837e-02 | 1.25332e-02 1.07867e-01 1.39115e-01 |
   2843 | 4.71457e+01 1.65836e-02 | 1.25332e-02 1.07867e-01 1.39115e-01 |
   2844 | 4.71623e+01 1.65835e-02 | 1.25332e-02 1.07867e-01 1.39115e-01 |
   2845 | 4.71789e+01 1.65834e-02 | 1.25332e-02 1.07867e-01 1.39115e-01 |
   2846 | 4.71955e+01 1.65834e-02 | 1.25332e-02 1.07867e-01 1.39115e-01 |
   2847 | 4.72121e+01 1.65833e-02 | 1.25332e-02 1.07867e-01 1.39115e-01 |
   2848 | 4.72287e+01 1.65832e-02 | 1.25332e-02 1.07867e-01 1.39115e-01 |
   2849 | 4.72452e+01 1.65832e-02 | 1.25332e-02 1.07867e-01 1.39115e-01 |
   2850 | 4.72618e+01 1.65831e-02 | 1.25332e-02 1.07867e-01 1.39115e-01 |
   2851 | 4.72784e+01 1.65831e-02 | 1.25332e-02 1.07867e-01 1.39115e-01 |
   2852 | 4.72950e+01 1.65830e-02 | 1.25332e-02 1.07867e-01 1.39115e-01 |
   2853 | 4.73116e+01 1.65830e-02 | 1.25332e-02 1.07867e-01 1.39115e-01 |
   2854 | 4.73282e+01 1.65829e-02 | 1.25332e-02 1.07867e-01 1.39115e-01 |
   2855 | 4.73447e+01 1.65829e-02 | 1.25332e-02 1.07867e-01 1.39115e-01 |
   2856 | 4.73613e+01 1.65828e-02 | 1.25332e-02 1.07867e-01 1.39115e-01 |
   2857 | 4.73779e+01 1.65828e-02 | 1.25332e-02 1.07867e-01 1.39115e-01 |
   2858 | 4.73945e+01 1.65828e-02 | 1.25332e-02 1.07867e-01 1.39115e-01 |
   2859 | 4.74111e+01 1.65827e-02 | 1.25332e-02 1.07867e-01 1.39115e-01 |
   2860 | 4.74277e+01 1.65827e-02 | 1.25332e-02 1.07867e-01 1.39115e-01 |
   2861 | 4.74442e+01 1.65827e-02 | 1.25332e-02 1.07867e-01 1.39115e-01 |
   2862 | 4.74608e+01 1.65827e-02 | 1.25332e-02 1.07867e-01 1.39115e-01 |
   2863 | 4.74774e+01 1.65827e-02 | 1.25332e-02 1.07867e-01 1.39115e-01 |
   2864 | 4.74940e+01 1.65826e-02 | 1.25332e-02 1.07867e-01 1.39115e-01 |
   2865 | 4.75106e+01 1.65826e-02 | 1.25332e-02 1.07867e-01 1.39115e-01 |
   2866 | 4.75272e+01 1.65826e-02 | 1.25332e-02 1.07867e-01 1.39115e-01 |
   2867 | 4.75437e+01 1.65826e-02 | 1.25332e-02 1.07867e-01 1.39115e-01 |
   2868 | 4.75603e+01 1.65826e-02 | 1.25332e-02 1.07867e-01 1.39115e-01 |
   2869 | 4.75769e+01 1.65826e-02 | 1.25332e-02 1.07867e-01 1.39115e-01 |
   2870 | 4.75935e+01 1.65827e-02 | 1.25332e-02 1.07867e-01 1.39115e-01 |
   2871 | 4.76101e+01 1.65827e-02 | 1.25332e-02 1.07867e-01 1.39115e-01 |
   2872 | 4.76267e+01 1.65827e-02 | 1.25332e-02 1.07867e-01 1.39115e-01 |
   2873 | 4.76432e+01 1.65827e-02 | 1.25332e-02 1.07867e-01 1.39115e-01 |
   2874 | 4.76598e+01 1.65827e-02 | 1.25332e-02 1.07867e-01 1.39115e-01 |
   2875 | 4.76764e+01 1.65828e-02 | 1.25332e-02 1.07867e-01 1.39115e-01 |
   2876 | 4.76930e+01 1.65828e-02 | 1.25332e-02 1.07867e-01 1.39115e-01 |
   2877 | 4.77096e+01 1.65828e-02 | 1.25332e-02 1.07867e-01 1.39115e-01 |
   2878 | 4.77262e+01 1.65829e-02 | 1.25332e-02 1.07867e-01 1.39115e-01 |
   2879 | 4.77427e+01 1.65829e-02 | 1.25332e-02 1.07867e-01 1.39115e-01 |
   2880 | 4.77593e+01 1.65830e-02 | 1.25332e-02 1.07867e-01 1.39115e-01 |
   2881 | 4.77759e+01 1.65830e-02 | 1.25332e-02 1.07867e-01 1.39115e-01 |
   2882 | 4.77925e+01 1.65831e-02 | 1.25332e-02 1.07867e-01 1.39115e-01 |
   2883 | 4.78091e+01 1.65831e-02 | 1.25332e-02 1.07867e-01 1.39115e-01 |
   2884 | 4.78256e+01 1.65832e-02 | 1.25332e-02 1.07867e-01 1.39115e-01 |
   2885 | 4.78422e+01 1.65832e-02 | 1.25332e-02 1.07867e-01 1.39115e-01 |
   2886 | 4.78588e+01 1.65833e-02 | 1.25332e-02 1.07867e-01 1.39115e-01 |
   2887 | 4.78754e+01 1.65834e-02 | 1.25332e-02 1.07867e-01 1.39115e-01 |
   2888 | 4.78920e+01 1.65834e-02 | 1.25332e-02 1.07867e-01 1.39115e-01 |
   2889 | 4.79086e+01 1.65835e-02 | 1.25332e-02 1.07867e-01 1.39115e-01 |
   2890 | 4.79251e+01 1.65836e-02 | 1.25332e-02 1.07867e-01 1.39115e-01 |
   2891 | 4.79417e+01 1.65837e-02 | 1.25332e-02 1.07867e-01 1.39115e-01 |
   2892 | 4.79583e+01 1.65838e-02 | 1.25332e-02 1.07867e-01 1.39115e-01 |
   2893 | 4.79749e+01 1.65839e-02 | 1.25332e-02 1.07867e-01 1.39115e-01 |
   2894 | 4.79915e+01 1.65840e-02 | 1.25332e-02 1.07867e-01 1.39115e-01 |
   2895 | 4.80081e+01 1.65839e-02 | 1.25332e-02 1.07867e-01 1.39115e-01 |
   2896 | 4.80247e+01 1.65838e-02 | 1.25332e-02 1.07867e-01 1.39115e-01 |
   2897 | 4.80412e+01 1.65838e-02 | 1.25332e-02 1.07867e-01 1.39115e-01 |
   2898 | 4.80578e+01 1.65837e-02 | 1.25332e-02 1.07867e-01 1.39115e-01 |
   2899 | 4.80744e+01 1.65836e-02 | 1.25332e-02 1.07867e-01 1.39115e-01 |
   2900 | 4.80910e+01 1.65835e-02 | 1.25332e-02 1.07867e-01 1.39115e-01 |
   2901 | 4.81076e+01 1.65835e-02 | 1.25332e-02 1.07867e-01 1.39115e-01 |
   2902 | 4.81242e+01 1.65834e-02 | 1.25332e-02 1.07867e-01 1.39115e-01 |
   2903 | 4.81407e+01 1.65833e-02 | 1.25332e-02 1.07867e-01 1.39115e-01 |
   2904 | 4.81573e+01 1.65833e-02 | 1.25332e-02 1.07867e-01 1.39115e-01 |
   2905 | 4.81739e+01 1.65832e-02 | 1.25332e-02 1.07867e-01 1.39115e-01 |
   2906 | 4.81905e+01 1.65832e-02 | 1.25332e-02 1.07867e-01 1.39115e-01 |
   2907 | 4.82071e+01 1.65831e-02 | 1.25332e-02 1.07867e-01 1.39115e-01 |
   2908 | 4.82237e+01 1.65831e-02 | 1.25332e-02 1.07867e-01 1.39115e-01 |
   2909 | 4.82402e+01 1.65830e-02 | 1.25332e-02 1.07867e-01 1.39115e-01 |
   2910 | 4.82568e+01 1.65830e-02 | 1.25332e-02 1.07867e-01 1.39115e-01 |
   2911 | 4.82734e+01 1.65830e-02 | 1.25332e-02 1.07867e-01 1.39115e-01 |
   2912 | 4.82900e+01 1.65829e-02 | 1.25332e-02 1.07867e-01 1.39115e-01 |
   2913 | 4.83066e+01 1.65829e-02 | 1.25332e-02 1.07867e-01 1.39115e-01 |
   2914 | 4.83232e+01 1.65829e-02 | 1.25332e-02 1.07867e-01 1.39115e-01 |
   2915 | 4.83397e+01 1.65829e-02 | 1.25332e-02 1.07867e-01 1.39115e-01 |
   2916 | 4.83563e+01 1.65829e-02 | 1.25332e-02 1.07867e-01 1.39115e-01 |
   2917 | 4.83729e+01 1.65829e-02 | 1.25332e-02 1.07867e-01 1.39115e-01 |
   2918 | 4.83895e+01 1.65828e-02 | 1.25332e-02 1.07867e-01 1.39115e-01 |
   2919 | 4.84061e+01 1.65828e-02 | 1.25332e-02 1.07867e-01 1.39115e-01 |
   2920 | 4.84226e+01 1.65828e-02 | 1.25332e-02 1.07867e-01 1.39115e-01 |
   2921 | 4.84392e+01 1.65828e-02 | 1.25332e-02 1.07867e-01 1.39115e-01 |
   2922 | 4.84558e+01 1.65828e-02 | 1.25332e-02 1.07867e-01 1.39115e-01 |
   2923 | 4.84724e+01 1.65829e-02 | 1.25332e-02 1.07867e-01 1.39115e-01 |
   2924 | 4.84890e+01 1.65829e-02 | 1.25332e-02 1.07867e-01 1.39115e-01 |
   2925 | 4.85056e+01 1.65829e-02 | 1.25332e-02 1.07867e-01 1.39115e-01 |
   2926 | 4.85221e+01 1.65829e-02 | 1.25332e-02 1.07867e-01 1.39115e-01 |
   2927 | 4.85387e+01 1.65829e-02 | 1.25332e-02 1.07867e-01 1.39115e-01 |
   2928 | 4.85553e+01 1.65829e-02 | 1.25332e-02 1.07867e-01 1.39115e-01 |
   2929 | 4.85719e+01 1.65830e-02 | 1.25332e-02 1.07867e-01 1.39115e-01 |
   2930 | 4.85885e+01 1.65830e-02 | 1.25332e-02 1.07867e-01 1.39115e-01 |
   2931 | 4.86051e+01 1.65831e-02 | 1.25332e-02 1.07867e-01 1.39115e-01 |
   2932 | 4.86216e+01 1.65831e-02 | 1.25332e-02 1.07867e-01 1.39115e-01 |
   2933 | 4.86382e+01 1.65831e-02 | 1.25332e-02 1.07867e-01 1.39115e-01 |
   2934 | 4.86548e+01 1.65832e-02 | 1.25332e-02 1.07867e-01 1.39115e-01 |
   2935 | 4.86714e+01 1.65832e-02 | 1.25332e-02 1.07867e-01 1.39115e-01 |
   2936 | 4.86880e+01 1.65833e-02 | 1.25332e-02 1.07867e-01 1.39115e-01 |
   2937 | 4.87046e+01 1.65833e-02 | 1.25332e-02 1.07867e-01 1.39115e-01 |
   2938 | 4.87211e+01 1.65833e-02 | 1.25332e-02 1.07867e-01 1.39115e-01 |
   2939 | 4.87377e+01 1.65833e-02 | 1.25332e-02 1.07867e-01 1.39115e-01 |
   2940 | 4.87543e+01 1.65834e-02 | 1.25332e-02 1.07867e-01 1.39115e-01 |
   2941 | 4.87709e+01 1.65834e-02 | 1.25332e-02 1.07867e-01 1.39115e-01 |
   2942 | 4.87875e+01 1.65834e-02 | 1.25332e-02 1.07867e-01 1.39115e-01 |
   2943 | 4.88041e+01 1.65834e-02 | 1.25332e-02 1.07867e-01 1.39115e-01 |
   2944 | 4.88206e+01 1.65835e-02 | 1.25332e-02 1.07867e-01 1.39115e-01 |
   2945 | 4.88372e+01 1.65835e-02 | 1.25332e-02 1.07867e-01 1.39115e-01 |
   2946 | 4.88538e+01 1.65835e-02 | 1.25332e-02 1.07867e-01 1.39115e-01 |
   2947 | 4.88704e+01 1.65836e-02 | 1.25332e-02 1.07867e-01 1.39115e-01 |
   2948 | 4.88870e+01 1.65836e-02 | 1.25332e-02 1.07867e-01 1.39115e-01 |
   2949 | 4.89036e+01 1.65837e-02 | 1.25332e-02 1.07867e-01 1.39115e-01 |
   2950 | 4.89201e+01 1.65837e-02 | 1.25332e-02 1.07867e-01 1.39115e-01 |
   2951 | 4.89367e+01 1.65838e-02 | 1.25332e-02 1.07867e-01 1.39115e-01 |
   2952 | 4.89533e+01 1.65837e-02 | 1.25332e-02 1.07867e-01 1.39115e-01 |
   2953 | 4.89699e+01 1.65836e-02 | 1.25332e-02 1.07867e-01 1.39115e-01 |
   2954 | 4.89865e+01 1.65836e-02 | 1.25332e-02 1.07867e-01 1.39115e-01 |
   2955 | 4.90031e+01 1.65835e-02 | 1.25332e-02 1.07867e-01 1.39115e-01 |
   2956 | 4.90196e+01 1.65834e-02 | 1.25332e-02 1.07867e-01 1.39115e-01 |
   2957 | 4.90362e+01 1.65833e-02 | 1.25332e-02 1.07867e-01 1.39115e-01 |
   2958 | 4.90528e+01 1.65833e-02 | 1.25332e-02 1.07867e-01 1.39115e-01 |
   2959 | 4.90694e+01 1.65832e-02 | 1.25332e-02 1.07867e-01 1.39115e-01 |
   2960 | 4.90860e+01 1.65832e-02 | 1.25332e-02 1.07867e-01 1.39115e-01 |
   2961 | 4.91026e+01 1.65831e-02 | 1.25332e-02 1.07867e-01 1.39115e-01 |
   2962 | 4.91191e+01 1.65830e-02 | 1.25332e-02 1.07867e-01 1.39115e-01 |
   2963 | 4.91357e+01 1.65830e-02 | 1.25332e-02 1.07867e-01 1.39115e-01 |
   2964 | 4.91523e+01 1.65829e-02 | 1.25332e-02 1.07867e-01 1.39115e-01 |
   2965 | 4.91689e+01 1.65829e-02 | 1.25332e-02 1.07867e-01 1.39115e-01 |
   2966 | 4.91855e+01 1.65829e-02 | 1.25332e-02 1.07867e-01 1.39115e-01 |
   2967 | 4.92021e+01 1.65828e-02 | 1.25332e-02 1.07867e-01 1.39115e-01 |
   2968 | 4.92186e+01 1.65828e-02 | 1.25332e-02 1.07867e-01 1.39115e-01 |
   2969 | 4.92352e+01 1.65828e-02 | 1.25332e-02 1.07867e-01 1.39115e-01 |
   2970 | 4.92518e+01 1.65827e-02 | 1.25332e-02 1.07867e-01 1.39115e-01 |
   2971 | 4.92684e+01 1.65827e-02 | 1.25332e-02 1.07867e-01 1.39115e-01 |
   2972 | 4.92850e+01 1.65827e-02 | 1.25332e-02 1.07867e-01 1.39115e-01 |
   2973 | 4.93016e+01 1.65827e-02 | 1.25332e-02 1.07867e-01 1.39115e-01 |
   2974 | 4.93181e+01 1.65827e-02 | 1.25332e-02 1.07867e-01 1.39115e-01 |
   2975 | 4.93347e+01 1.65827e-02 | 1.25332e-02 1.07867e-01 1.39115e-01 |
   2976 | 4.93513e+01 1.65827e-02 | 1.25332e-02 1.07867e-01 1.39115e-01 |
   2977 | 4.93679e+01 1.65827e-02 | 1.25332e-02 1.07867e-01 1.39115e-01 |
   2978 | 4.93845e+01 1.65827e-02 | 1.25332e-02 1.07867e-01 1.39115e-01 |
   2979 | 4.94011e+01 1.65827e-02 | 1.25332e-02 1.07867e-01 1.39115e-01 |
   2980 | 4.94176e+01 1.65827e-02 | 1.25332e-02 1.07867e-01 1.39115e-01 |
   2981 | 4.94342e+01 1.65827e-02 | 1.25332e-02 1.07867e-01 1.39115e-01 |
   2982 | 4.94508e+01 1.65827e-02 | 1.25332e-02 1.07867e-01 1.39115e-01 |
   2983 | 4.94674e+01 1.65827e-02 | 1.25332e-02 1.07867e-01 1.39115e-01 |
   2984 | 4.94840e+01 1.65828e-02 | 1.25332e-02 1.07867e-01 1.39115e-01 |
   2985 | 4.95005e+01 1.65828e-02 | 1.25332e-02 1.07867e-01 1.39115e-01 |
   2986 | 4.95171e+01 1.65828e-02 | 1.25332e-02 1.07867e-01 1.39115e-01 |
   2987 | 4.95337e+01 1.65829e-02 | 1.25332e-02 1.07867e-01 1.39115e-01 |
   2988 | 4.95503e+01 1.65829e-02 | 1.25332e-02 1.07867e-01 1.39115e-01 |
   2989 | 4.95669e+01 1.65829e-02 | 1.25332e-02 1.07867e-01 1.39115e-01 |
   2990 | 4.95835e+01 1.65830e-02 | 1.25332e-02 1.07867e-01 1.39115e-01 |
   2991 | 4.96000e+01 1.65830e-02 | 1.25332e-02 1.07867e-01 1.39115e-01 |
   2992 | 4.96166e+01 1.65831e-02 | 1.25332e-02 1.07867e-01 1.39115e-01 |
   2993 | 4.96332e+01 1.65832e-02 | 1.25332e-02 1.07867e-01 1.39115e-01 |
   2994 | 4.96498e+01 1.65832e-02 | 1.25332e-02 1.07867e-01 1.39115e-01 |
   2995 | 4.96664e+01 1.65833e-02 | 1.25332e-02 1.07867e-01 1.39115e-01 |
   2996 | 4.96830e+01 1.65833e-02 | 1.25332e-02 1.07867e-01 1.39115e-01 |
   2997 | 4.96995e+01 1.65834e-02 | 1.25332e-02 1.07867e-01 1.39115e-01 |
   2998 | 4.97161e+01 1.65835e-02 | 1.25332e-02 1.07867e-01 1.39115e-01 |
   2999 | 4.97327e+01 1.65836e-02 | 1.25332e-02 1.07867e-01 1.39115e-01 |
   3000 | 4.97493e+01 1.65836e-02 | 1.25332e-02 1.07867e-01 1.39115e-01 |
   3001 | 4.97659e+01 1.65837e-02 | 1.25332e-02 1.07867e-01 1.39115e-01 |
   3002 | 4.97825e+01 1.65838e-02 | 1.25332e-02 1.07867e-01 1.39115e-01 |
   3003 | 4.97990e+01 1.65839e-02 | 1.25332e-02 1.07867e-01 1.39115e-01 |
   3004 | 4.98156e+01 1.65840e-02 | 1.25332e-02 1.07867e-01 1.39115e-01 |
   3005 | 4.98322e+01 1.65840e-02 | 1.25332e-02 1.07867e-01 1.39115e-01 |
   3006 | 4.98488e+01 1.65839e-02 | 1.25332e-02 1.07867e-01 1.39115e-01 |
   3007 | 4.98654e+01 1.65838e-02 | 1.25332e-02 1.07867e-01 1.39115e-01 |
   3008 | 4.98820e+01 1.65837e-02 | 1.25332e-02 1.07867e-01 1.39115e-01 |
   3009 | 4.98986e+01 1.65837e-02 | 1.25332e-02 1.07867e-01 1.39115e-01 |
   3010 | 4.99151e+01 1.65836e-02 | 1.25332e-02 1.07867e-01 1.39115e-01 |
   3011 | 4.99317e+01 1.65835e-02 | 1.25332e-02 1.07867e-01 1.39115e-01 |
   3012 | 4.99483e+01 1.65834e-02 | 1.25332e-02 1.07867e-01 1.39115e-01 |
   3013 | 4.99649e+01 1.65834e-02 | 1.25332e-02 1.07867e-01 1.39115e-01 |
   3014 | 4.99815e+01 1.65833e-02 | 1.25332e-02 1.07867e-01 1.39115e-01 |
   3015 | 4.99981e+01 1.65833e-02 | 1.25332e-02 1.07867e-01 1.39115e-01 |
   3016 | 5.00146e+01 1.65832e-02 | 1.25332e-02 1.07867e-01 1.39115e-01 |
   3017 | 5.00312e+01 1.65832e-02 | 1.25332e-02 1.07867e-01 1.39115e-01 |
   3018 | 5.00478e+01 1.65831e-02 | 1.25332e-02 1.07867e-01 1.39115e-01 |
   3019 | 5.00644e+01 1.65831e-02 | 1.25332e-02 1.07867e-01 1.39115e-01 |
   3020 | 5.00810e+01 1.65830e-02 | 1.25332e-02 1.07867e-01 1.39115e-01 |
   3021 | 5.00975e+01 1.65830e-02 | 1.25332e-02 1.07867e-01 1.39115e-01 |
   3022 | 5.01141e+01 1.65829e-02 | 1.25332e-02 1.07867e-01 1.39115e-01 |
   3023 | 5.01307e+01 1.65829e-02 | 1.25332e-02 1.07867e-01 1.39115e-01 |
   3024 | 5.01473e+01 1.65828e-02 | 1.25332e-02 1.07867e-01 1.39115e-01 |
   3025 | 5.01639e+01 1.65828e-02 | 1.25332e-02 1.07867e-01 1.39115e-01 |
   3026 | 5.01805e+01 1.65827e-02 | 1.25332e-02 1.07867e-01 1.39115e-01 |
   3027 | 5.01970e+01 1.65827e-02 | 1.25332e-02 1.07867e-01 1.39115e-01 |
   3028 | 5.02136e+01 1.65826e-02 | 1.25332e-02 1.07867e-01 1.39115e-01 |
   3029 | 5.02302e+01 1.65826e-02 | 1.25332e-02 1.07867e-01 1.39115e-01 |
   3030 | 5.02468e+01 1.65826e-02 | 1.25332e-02 1.07867e-01 1.39115e-01 |
   3031 | 5.02634e+01 1.65826e-02 | 1.25332e-02 1.07867e-01 1.39115e-01 |
   3032 | 5.02800e+01 1.65825e-02 | 1.25332e-02 1.07867e-01 1.39115e-01 |
   3033 | 5.02965e+01 1.65825e-02 | 1.25332e-02 1.07867e-01 1.39115e-01 |
   3034 | 5.03131e+01 1.65825e-02 | 1.25332e-02 1.07867e-01 1.39115e-01 |
   3035 | 5.03297e+01 1.65825e-02 | 1.25332e-02 1.07867e-01 1.39115e-01 |
   3036 | 5.03463e+01 1.65825e-02 | 1.25332e-02 1.07867e-01 1.39115e-01 |
   3037 | 5.03629e+01 1.65825e-02 | 1.25332e-02 1.07867e-01 1.39115e-01 |
   3038 | 5.03795e+01 1.65825e-02 | 1.25332e-02 1.07867e-01 1.39115e-01 |
   3039 | 5.03960e+01 1.65825e-02 | 1.25332e-02 1.07867e-01 1.39115e-01 |
   3040 | 5.04126e+01 1.65825e-02 | 1.25332e-02 1.07867e-01 1.39115e-01 |
   3041 | 5.04292e+01 1.65825e-02 | 1.25332e-02 1.07867e-01 1.39115e-01 |
   3042 | 5.04458e+01 1.65825e-02 | 1.25332e-02 1.07867e-01 1.39115e-01 |
   3043 | 5.04624e+01 1.65825e-02 | 1.25332e-02 1.07867e-01 1.39115e-01 |
   3044 | 5.04789e+01 1.65826e-02 | 1.25332e-02 1.07867e-01 1.39115e-01 |
   3045 | 5.04955e+01 1.65826e-02 | 1.25332e-02 1.07867e-01 1.39115e-01 |
   3046 | 5.05121e+01 1.65826e-02 | 1.25332e-02 1.07867e-01 1.39115e-01 |
   3047 | 5.05287e+01 1.65827e-02 | 1.25332e-02 1.07867e-01 1.39115e-01 |
   3048 | 5.05453e+01 1.65827e-02 | 1.25332e-02 1.07867e-01 1.39115e-01 |
   3049 | 5.05619e+01 1.65827e-02 | 1.25332e-02 1.07867e-01 1.39115e-01 |
   3050 | 5.05784e+01 1.65828e-02 | 1.25332e-02 1.07867e-01 1.39115e-01 |
   3051 | 5.05950e+01 1.65828e-02 | 1.25332e-02 1.07867e-01 1.39115e-01 |
   3052 | 5.06116e+01 1.65829e-02 | 1.25332e-02 1.07867e-01 1.39115e-01 |
   3053 | 5.06282e+01 1.65829e-02 | 1.25332e-02 1.07867e-01 1.39115e-01 |
   3054 | 5.06448e+01 1.65830e-02 | 1.25332e-02 1.07867e-01 1.39115e-01 |
   3055 | 5.06614e+01 1.65830e-02 | 1.25332e-02 1.07867e-01 1.39115e-01 |
   3056 | 5.06779e+01 1.65831e-02 | 1.25332e-02 1.07867e-01 1.39115e-01 |
   3057 | 5.06945e+01 1.65832e-02 | 1.25332e-02 1.07867e-01 1.39115e-01 |
   3058 | 5.07111e+01 1.65832e-02 | 1.25332e-02 1.07867e-01 1.39115e-01 |
   3059 | 5.07277e+01 1.65833e-02 | 1.25332e-02 1.07867e-01 1.39115e-01 |
   3060 | 5.07443e+01 1.65834e-02 | 1.25332e-02 1.07867e-01 1.39115e-01 |
   3061 | 5.07609e+01 1.65835e-02 | 1.25332e-02 1.07867e-01 1.39115e-01 |
   3062 | 5.07774e+01 1.65836e-02 | 1.25332e-02 1.07867e-01 1.39115e-01 |
   3063 | 5.07940e+01 1.65836e-02 | 1.25332e-02 1.07867e-01 1.39115e-01 |
   3064 | 5.08106e+01 1.65837e-02 | 1.25332e-02 1.07867e-01 1.39115e-01 |
   3065 | 5.08272e+01 1.65836e-02 | 1.25332e-02 1.07867e-01 1.39115e-01 |
   3066 | 5.08438e+01 1.65835e-02 | 1.25332e-02 1.07867e-01 1.39115e-01 |
   3067 | 5.08604e+01 1.65835e-02 | 1.25332e-02 1.07867e-01 1.39115e-01 |
   3068 | 5.08769e+01 1.65834e-02 | 1.25332e-02 1.07867e-01 1.39115e-01 |
   3069 | 5.08935e+01 1.65833e-02 | 1.25332e-02 1.07867e-01 1.39115e-01 |
   3070 | 5.09101e+01 1.65832e-02 | 1.25332e-02 1.07867e-01 1.39115e-01 |
   3071 | 5.09267e+01 1.65832e-02 | 1.25332e-02 1.07867e-01 1.39115e-01 |
   3072 | 5.09433e+01 1.65831e-02 | 1.25332e-02 1.07867e-01 1.39115e-01 |
   3073 | 5.09599e+01 1.65830e-02 | 1.25332e-02 1.07867e-01 1.39115e-01 |
   3074 | 5.09764e+01 1.65830e-02 | 1.25332e-02 1.07867e-01 1.39115e-01 |
   3075 | 5.09930e+01 1.65829e-02 | 1.25332e-02 1.07867e-01 1.39115e-01 |
   3076 | 5.10096e+01 1.65828e-02 | 1.25332e-02 1.07867e-01 1.39115e-01 |
   3077 | 5.10262e+01 1.65828e-02 | 1.25332e-02 1.07867e-01 1.39115e-01 |
   3078 | 5.10428e+01 1.65828e-02 | 1.25332e-02 1.07867e-01 1.39115e-01 |
   3079 | 5.10594e+01 1.65827e-02 | 1.25332e-02 1.07867e-01 1.39115e-01 |
   3080 | 5.10759e+01 1.65827e-02 | 1.25332e-02 1.07867e-01 1.39115e-01 |
   3081 | 5.10925e+01 1.65826e-02 | 1.25332e-02 1.07867e-01 1.39115e-01 |
   3082 | 5.11091e+01 1.65826e-02 | 1.25332e-02 1.07867e-01 1.39115e-01 |
   3083 | 5.11257e+01 1.65826e-02 | 1.25332e-02 1.07867e-01 1.39115e-01 |
   3084 | 5.11423e+01 1.65825e-02 | 1.25332e-02 1.07867e-01 1.39115e-01 |
   3085 | 5.11589e+01 1.65825e-02 | 1.25332e-02 1.07867e-01 1.39115e-01 |
   3086 | 5.11754e+01 1.65825e-02 | 1.25332e-02 1.07867e-01 1.39115e-01 |
   3087 | 5.11920e+01 1.65825e-02 | 1.25332e-02 1.07867e-01 1.39115e-01 |
   3088 | 5.12086e+01 1.65825e-02 | 1.25332e-02 1.07867e-01 1.39115e-01 |
   3089 | 5.12252e+01 1.65825e-02 | 1.25332e-02 1.07867e-01 1.39115e-01 |
   3090 | 5.12418e+01 1.65825e-02 | 1.25332e-02 1.07867e-01 1.39115e-01 |
   3091 | 5.12583e+01 1.65825e-02 | 1.25332e-02 1.07867e-01 1.39115e-01 |
   3092 | 5.12749e+01 1.65825e-02 | 1.25332e-02 1.07867e-01 1.39115e-01 |
   3093 | 5.12915e+01 1.65825e-02 | 1.25332e-02 1.07867e-01 1.39115e-01 |
   3094 | 5.13081e+01 1.65825e-02 | 1.25332e-02 1.07867e-01 1.39115e-01 |
   3095 | 5.13247e+01 1.65825e-02 | 1.25332e-02 1.07867e-01 1.39115e-01 |
   3096 | 5.13413e+01 1.65825e-02 | 1.25332e-02 1.07867e-01 1.39115e-01 |
   3097 | 5.13578e+01 1.65825e-02 | 1.25332e-02 1.07867e-01 1.39115e-01 |
   3098 | 5.13744e+01 1.65826e-02 | 1.25332e-02 1.07867e-01 1.39115e-01 |
   3099 | 5.13910e+01 1.65826e-02 | 1.25332e-02 1.07867e-01 1.39115e-01 |
   3100 | 5.14076e+01 1.65826e-02 | 1.25332e-02 1.07867e-01 1.39115e-01 |
   3101 | 5.14242e+01 1.65827e-02 | 1.25332e-02 1.07867e-01 1.39115e-01 |
   3102 | 5.14408e+01 1.65827e-02 | 1.25332e-02 1.07867e-01 1.39115e-01 |
   3103 | 5.14573e+01 1.65827e-02 | 1.25332e-02 1.07867e-01 1.39115e-01 |
   3104 | 5.14739e+01 1.65828e-02 | 1.25332e-02 1.07867e-01 1.39115e-01 |
   3105 | 5.14905e+01 1.65828e-02 | 1.25332e-02 1.07867e-01 1.39115e-01 |
   3106 | 5.15071e+01 1.65829e-02 | 1.25332e-02 1.07867e-01 1.39115e-01 |
   3107 | 5.15237e+01 1.65829e-02 | 1.25332e-02 1.07867e-01 1.39115e-01 |
   3108 | 5.15403e+01 1.65830e-02 | 1.25332e-02 1.07867e-01 1.39115e-01 |
   3109 | 5.15568e+01 1.65830e-02 | 1.25332e-02 1.07867e-01 1.39115e-01 |
   3110 | 5.15734e+01 1.65831e-02 | 1.25332e-02 1.07867e-01 1.39115e-01 |
   3111 | 5.15900e+01 1.65832e-02 | 1.25332e-02 1.07867e-01 1.39115e-01 |
   3112 | 5.16066e+01 1.65833e-02 | 1.25332e-02 1.07867e-01 1.39115e-01 |
   3113 | 5.16232e+01 1.65833e-02 | 1.25332e-02 1.07867e-01 1.39115e-01 |
   3114 | 5.16398e+01 1.65834e-02 | 1.25332e-02 1.07867e-01 1.39115e-01 |
   3115 | 5.16563e+01 1.65835e-02 | 1.25332e-02 1.07867e-01 1.39115e-01 |
   3116 | 5.16729e+01 1.65836e-02 | 1.25332e-02 1.07867e-01 1.39115e-01 |
   3117 | 5.16895e+01 1.65837e-02 | 1.25332e-02 1.07867e-01 1.39115e-01 |
   3118 | 5.17061e+01 1.65838e-02 | 1.25332e-02 1.07867e-01 1.39115e-01 |
   3119 | 5.17227e+01 1.65839e-02 | 1.25332e-02 1.07867e-01 1.39115e-01 |
   3120 | 5.17393e+01 1.65838e-02 | 1.25332e-02 1.07867e-01 1.39115e-01 |
   3121 | 5.17558e+01 1.65837e-02 | 1.25332e-02 1.07867e-01 1.39115e-01 |
   3122 | 5.17724e+01 1.65836e-02 | 1.25332e-02 1.07867e-01 1.39115e-01 |
   3123 | 5.17890e+01 1.65835e-02 | 1.25332e-02 1.07867e-01 1.39115e-01 |
   3124 | 5.18056e+01 1.65834e-02 | 1.25332e-02 1.07867e-01 1.39115e-01 |
   3125 | 5.18222e+01 1.65834e-02 | 1.25332e-02 1.07867e-01 1.39115e-01 |
   3126 | 5.18388e+01 1.65833e-02 | 1.25332e-02 1.07867e-01 1.39115e-01 |
   3127 | 5.18553e+01 1.65832e-02 | 1.25332e-02 1.07867e-01 1.39115e-01 |
   3128 | 5.18719e+01 1.65831e-02 | 1.25332e-02 1.07867e-01 1.39115e-01 |
   3129 | 5.18885e+01 1.65831e-02 | 1.25332e-02 1.07867e-01 1.39115e-01 |
   3130 | 5.19051e+01 1.65830e-02 | 1.25332e-02 1.07867e-01 1.39115e-01 |
   3131 | 5.19217e+01 1.65829e-02 | 1.25332e-02 1.07867e-01 1.39115e-01 |
   3132 | 5.19383e+01 1.65829e-02 | 1.25332e-02 1.07867e-01 1.39115e-01 |
   3133 | 5.19548e+01 1.65828e-02 | 1.25332e-02 1.07867e-01 1.39115e-01 |
   3134 | 5.19714e+01 1.65828e-02 | 1.25332e-02 1.07867e-01 1.39115e-01 |
   3135 | 5.19880e+01 1.65827e-02 | 1.25332e-02 1.07867e-01 1.39115e-01 |
   3136 | 5.20046e+01 1.65827e-02 | 1.25332e-02 1.07867e-01 1.39115e-01 |
   3137 | 5.20212e+01 1.65827e-02 | 1.25332e-02 1.07867e-01 1.39115e-01 |
   3138 | 5.20378e+01 1.65826e-02 | 1.25332e-02 1.07867e-01 1.39115e-01 |
   3139 | 5.20543e+01 1.65826e-02 | 1.25332e-02 1.07867e-01 1.39115e-01 |
   3140 | 5.20709e+01 1.65826e-02 | 1.25332e-02 1.07867e-01 1.39115e-01 |
   3141 | 5.20875e+01 1.65826e-02 | 1.25332e-02 1.07867e-01 1.39115e-01 |
   3142 | 5.21041e+01 1.65825e-02 | 1.25332e-02 1.07867e-01 1.39115e-01 |
   3143 | 5.21207e+01 1.65825e-02 | 1.25332e-02 1.07867e-01 1.39115e-01 |
   3144 | 5.21372e+01 1.65825e-02 | 1.25332e-02 1.07867e-01 1.39115e-01 |
   3145 | 5.21538e+01 1.65825e-02 | 1.25332e-02 1.07867e-01 1.39115e-01 |
   3146 | 5.21704e+01 1.65825e-02 | 1.25332e-02 1.07867e-01 1.39115e-01 |
   3147 | 5.21870e+01 1.65825e-02 | 1.25332e-02 1.07867e-01 1.39115e-01 |
   3148 | 5.22036e+01 1.65825e-02 | 1.25332e-02 1.07867e-01 1.39115e-01 |
   3149 | 5.22202e+01 1.65825e-02 | 1.25332e-02 1.07867e-01 1.39115e-01 |
   3150 | 5.22367e+01 1.65825e-02 | 1.25332e-02 1.07867e-01 1.39115e-01 |
   3151 | 5.22533e+01 1.65825e-02 | 1.25332e-02 1.07867e-01 1.39115e-01 |
   3152 | 5.22699e+01 1.65825e-02 | 1.25332e-02 1.07867e-01 1.39115e-01 |
   3153 | 5.22865e+01 1.65825e-02 | 1.25332e-02 1.07867e-01 1.39115e-01 |
   3154 | 5.23031e+01 1.65826e-02 | 1.25332e-02 1.07867e-01 1.39115e-01 |
   3155 | 5.23197e+01 1.65826e-02 | 1.25332e-02 1.07867e-01 1.39115e-01 |
   3156 | 5.23362e+01 1.65826e-02 | 1.25332e-02 1.07867e-01 1.39115e-01 |
   3157 | 5.23528e+01 1.65826e-02 | 1.25332e-02 1.07867e-01 1.39115e-01 |
   3158 | 5.23694e+01 1.65827e-02 | 1.25332e-02 1.07867e-01 1.39115e-01 |
   3159 | 5.23860e+01 1.65827e-02 | 1.25332e-02 1.07867e-01 1.39115e-01 |
   3160 | 5.24026e+01 1.65828e-02 | 1.25332e-02 1.07867e-01 1.39115e-01 |
   3161 | 5.24191e+01 1.65828e-02 | 1.25332e-02 1.07867e-01 1.39115e-01 |
   3162 | 5.24357e+01 1.65829e-02 | 1.25332e-02 1.07867e-01 1.39115e-01 |
   3163 | 5.24523e+01 1.65829e-02 | 1.25332e-02 1.07867e-01 1.39115e-01 |
   3164 | 5.24689e+01 1.65830e-02 | 1.25332e-02 1.07867e-01 1.39115e-01 |
   3165 | 5.24855e+01 1.65830e-02 | 1.25332e-02 1.07867e-01 1.39115e-01 |
   3166 | 5.25021e+01 1.65831e-02 | 1.25332e-02 1.07867e-01 1.39115e-01 |
   3167 | 5.25186e+01 1.65832e-02 | 1.25332e-02 1.07867e-01 1.39115e-01 |
   3168 | 5.25352e+01 1.65832e-02 | 1.25332e-02 1.07867e-01 1.39115e-01 |
   3169 | 5.25518e+01 1.65833e-02 | 1.25332e-02 1.07867e-01 1.39115e-01 |
   3170 | 5.25684e+01 1.65834e-02 | 1.25332e-02 1.07867e-01 1.39115e-01 |
   3171 | 5.25850e+01 1.65835e-02 | 1.25332e-02 1.07867e-01 1.39115e-01 |
   3172 | 5.26016e+01 1.65835e-02 | 1.25332e-02 1.07867e-01 1.39115e-01 |
   3173 | 5.26181e+01 1.65836e-02 | 1.25332e-02 1.07867e-01 1.39115e-01 |
   3174 | 5.26347e+01 1.65837e-02 | 1.25332e-02 1.07867e-01 1.39115e-01 |
   3175 | 5.26513e+01 1.65836e-02 | 1.25332e-02 1.07867e-01 1.39115e-01 |
   3176 | 5.26679e+01 1.65835e-02 | 1.25332e-02 1.07867e-01 1.39115e-01 |
   3177 | 5.26845e+01 1.65835e-02 | 1.25332e-02 1.07867e-01 1.39115e-01 |
   3178 | 5.27011e+01 1.65834e-02 | 1.25332e-02 1.07867e-01 1.39115e-01 |
   3179 | 5.27176e+01 1.65833e-02 | 1.25332e-02 1.07867e-01 1.39115e-01 |
   3180 | 5.27342e+01 1.65832e-02 | 1.25332e-02 1.07867e-01 1.39115e-01 |
   3181 | 5.27508e+01 1.65832e-02 | 1.25332e-02 1.07867e-01 1.39115e-01 |
   3182 | 5.27674e+01 1.65831e-02 | 1.25332e-02 1.07867e-01 1.39115e-01 |
   3183 | 5.27840e+01 1.65830e-02 | 1.25332e-02 1.07867e-01 1.39115e-01 |
   3184 | 5.28006e+01 1.65830e-02 | 1.25332e-02 1.07867e-01 1.39115e-01 |
   3185 | 5.28171e+01 1.65829e-02 | 1.25332e-02 1.07867e-01 1.39115e-01 |
   3186 | 5.28337e+01 1.65829e-02 | 1.25332e-02 1.07867e-01 1.39115e-01 |
   3187 | 5.28503e+01 1.65828e-02 | 1.25332e-02 1.07867e-01 1.39115e-01 |
   3188 | 5.28669e+01 1.65828e-02 | 1.25332e-02 1.07867e-01 1.39115e-01 |
   3189 | 5.28835e+01 1.65827e-02 | 1.25332e-02 1.07867e-01 1.39115e-01 |
   3190 | 5.29001e+01 1.65827e-02 | 1.25332e-02 1.07867e-01 1.39115e-01 |
   3191 | 5.29166e+01 1.65826e-02 | 1.25332e-02 1.07867e-01 1.39115e-01 |
   3192 | 5.29332e+01 1.65826e-02 | 1.25332e-02 1.07867e-01 1.39115e-01 |
   3193 | 5.29498e+01 1.65826e-02 | 1.25332e-02 1.07867e-01 1.39115e-01 |
   3194 | 5.29664e+01 1.65826e-02 | 1.25332e-02 1.07867e-01 1.39115e-01 |
   3195 | 5.29830e+01 1.65825e-02 | 1.25332e-02 1.07867e-01 1.39115e-01 |
   3196 | 5.29996e+01 1.65825e-02 | 1.25332e-02 1.07867e-01 1.39115e-01 |
   3197 | 5.30161e+01 1.65825e-02 | 1.25332e-02 1.07867e-01 1.39115e-01 |
   3198 | 5.30327e+01 1.65825e-02 | 1.25332e-02 1.07867e-01 1.39115e-01 |
   3199 | 5.30493e+01 1.65825e-02 | 1.25332e-02 1.07867e-01 1.39115e-01 |
   3200 | 5.30659e+01 1.65825e-02 | 1.25332e-02 1.07867e-01 1.39115e-01 |
   3201 | 5.30825e+01 1.65825e-02 | 1.25332e-02 1.07867e-01 1.39115e-01 |
   3202 | 5.30991e+01 1.65825e-02 | 1.25332e-02 1.07867e-01 1.39115e-01 |
   3203 | 5.31156e+01 1.65825e-02 | 1.25332e-02 1.07867e-01 1.39115e-01 |
   3204 | 5.31322e+01 1.65825e-02 | 1.25332e-02 1.07867e-01 1.39115e-01 |
   3205 | 5.31488e+01 1.65825e-02 | 1.25332e-02 1.07867e-01 1.39115e-01 |
   3206 | 5.31654e+01 1.65825e-02 | 1.25332e-02 1.07867e-01 1.39115e-01 |
   3207 | 5.31820e+01 1.65825e-02 | 1.25332e-02 1.07867e-01 1.39115e-01 |
   3208 | 5.31985e+01 1.65826e-02 | 1.25332e-02 1.07867e-01 1.39115e-01 |
   3209 | 5.32151e+01 1.65826e-02 | 1.25332e-02 1.07867e-01 1.39115e-01 |
   3210 | 5.32317e+01 1.65826e-02 | 1.25332e-02 1.07867e-01 1.39115e-01 |
   3211 | 5.32483e+01 1.65827e-02 | 1.25332e-02 1.07867e-01 1.39115e-01 |
   3212 | 5.32649e+01 1.65827e-02 | 1.25332e-02 1.07867e-01 1.39115e-01 |
   3213 | 5.32815e+01 1.65827e-02 | 1.25332e-02 1.07867e-01 1.39115e-01 |
   3214 | 5.32980e+01 1.65828e-02 | 1.25332e-02 1.07867e-01 1.39115e-01 |
   3215 | 5.33146e+01 1.65828e-02 | 1.25332e-02 1.07867e-01 1.39115e-01 |
   3216 | 5.33312e+01 1.65829e-02 | 1.25332e-02 1.07867e-01 1.39115e-01 |
   3217 | 5.33478e+01 1.65829e-02 | 1.25332e-02 1.07867e-01 1.39115e-01 |
   3218 | 5.33644e+01 1.65830e-02 | 1.25332e-02 1.07867e-01 1.39115e-01 |
   3219 | 5.33810e+01 1.65831e-02 | 1.25332e-02 1.07867e-01 1.39115e-01 |
   3220 | 5.33975e+01 1.65831e-02 | 1.25332e-02 1.07867e-01 1.39115e-01 |
   3221 | 5.34141e+01 1.65832e-02 | 1.25332e-02 1.07867e-01 1.39115e-01 |
   3222 | 5.34307e+01 1.65833e-02 | 1.25332e-02 1.07867e-01 1.39115e-01 |
   3223 | 5.34473e+01 1.65833e-02 | 1.25332e-02 1.07867e-01 1.39115e-01 |
   3224 | 5.34639e+01 1.65834e-02 | 1.25332e-02 1.07867e-01 1.39115e-01 |
   3225 | 5.34805e+01 1.65835e-02 | 1.25332e-02 1.07867e-01 1.39115e-01 |
   3226 | 5.34970e+01 1.65835e-02 | 1.25332e-02 1.07867e-01 1.39115e-01 |
   3227 | 5.35136e+01 1.65836e-02 | 1.25332e-02 1.07867e-01 1.39115e-01 |
   3228 | 5.35302e+01 1.65837e-02 | 1.25332e-02 1.07867e-01 1.39115e-01 |
   3229 | 5.35468e+01 1.65838e-02 | 1.25332e-02 1.07867e-01 1.39115e-01 |
   3230 | 5.35634e+01 1.65838e-02 | 1.25332e-02 1.07867e-01 1.39115e-01 |
   3231 | 5.35800e+01 1.65839e-02 | 1.25332e-02 1.07867e-01 1.39115e-01 |
   3232 | 5.35965e+01 1.65840e-02 | 1.25332e-02 1.07867e-01 1.39115e-01 |
   3233 | 5.36131e+01 1.65841e-02 | 1.25332e-02 1.07867e-01 1.39115e-01 |
   3234 | 5.36297e+01 1.65841e-02 | 1.25332e-02 1.07867e-01 1.39115e-01 |
   3235 | 5.36463e+01 1.65840e-02 | 1.25332e-02 1.07867e-01 1.39115e-01 |
   3236 | 5.36629e+01 1.65839e-02 | 1.25332e-02 1.07867e-01 1.39115e-01 |
   3237 | 5.36795e+01 1.65838e-02 | 1.25332e-02 1.07867e-01 1.39115e-01 |
   3238 | 5.36960e+01 1.65837e-02 | 1.25332e-02 1.07867e-01 1.39115e-01 |
   3239 | 5.37126e+01 1.65837e-02 | 1.25332e-02 1.07867e-01 1.39115e-01 |
   3240 | 5.37292e+01 1.65836e-02 | 1.25332e-02 1.07867e-01 1.39115e-01 |
   3241 | 5.37458e+01 1.65835e-02 | 1.25332e-02 1.07867e-01 1.39115e-01 |
   3242 | 5.37624e+01 1.65834e-02 | 1.25332e-02 1.07867e-01 1.39115e-01 |
   3243 | 5.37790e+01 1.65834e-02 | 1.25332e-02 1.07867e-01 1.39115e-01 |
   3244 | 5.37955e+01 1.65833e-02 | 1.25332e-02 1.07867e-01 1.39115e-01 |
   3245 | 5.38121e+01 1.65832e-02 | 1.25332e-02 1.07867e-01 1.39115e-01 |
   3246 | 5.38287e+01 1.65832e-02 | 1.25332e-02 1.07867e-01 1.39115e-01 |
   3247 | 5.38453e+01 1.65831e-02 | 1.25332e-02 1.07867e-01 1.39115e-01 |
   3248 | 5.38619e+01 1.65831e-02 | 1.25332e-02 1.07867e-01 1.39115e-01 |
   3249 | 5.38785e+01 1.65830e-02 | 1.25332e-02 1.07867e-01 1.39115e-01 |
   3250 | 5.38950e+01 1.65830e-02 | 1.25332e-02 1.07867e-01 1.39115e-01 |
   3251 | 5.39116e+01 1.65830e-02 | 1.25332e-02 1.07867e-01 1.39115e-01 |
   3252 | 5.39282e+01 1.65829e-02 | 1.25332e-02 1.07867e-01 1.39115e-01 |
   3253 | 5.39448e+01 1.65829e-02 | 1.25332e-02 1.07867e-01 1.39115e-01 |
   3254 | 5.39614e+01 1.65829e-02 | 1.25332e-02 1.07867e-01 1.39115e-01 |
   3255 | 5.39780e+01 1.65828e-02 | 1.25332e-02 1.07867e-01 1.39115e-01 |
   3256 | 5.39945e+01 1.65828e-02 | 1.25332e-02 1.07867e-01 1.39115e-01 |
   3257 | 5.40111e+01 1.65828e-02 | 1.25332e-02 1.07867e-01 1.39115e-01 |
   3258 | 5.40277e+01 1.65828e-02 | 1.25332e-02 1.07867e-01 1.39115e-01 |
   3259 | 5.40443e+01 1.65828e-02 | 1.25332e-02 1.07867e-01 1.39115e-01 |
   3260 | 5.40609e+01 1.65828e-02 | 1.25332e-02 1.07867e-01 1.39115e-01 |
   3261 | 5.40775e+01 1.65828e-02 | 1.25332e-02 1.07867e-01 1.39115e-01 |
   3262 | 5.40940e+01 1.65828e-02 | 1.25332e-02 1.07867e-01 1.39115e-01 |
   3263 | 5.41106e+01 1.65828e-02 | 1.25332e-02 1.07867e-01 1.39115e-01 |
   3264 | 5.41272e+01 1.65828e-02 | 1.25332e-02 1.07867e-01 1.39115e-01 |
   3265 | 5.41438e+01 1.65828e-02 | 1.25332e-02 1.07867e-01 1.39115e-01 |
   3266 | 5.41604e+01 1.65828e-02 | 1.25332e-02 1.07867e-01 1.39115e-01 |
   3267 | 5.41770e+01 1.65828e-02 | 1.25332e-02 1.07867e-01 1.39115e-01 |
   3268 | 5.41935e+01 1.65828e-02 | 1.25332e-02 1.07867e-01 1.39115e-01 |
   3269 | 5.42101e+01 1.65828e-02 | 1.25332e-02 1.07867e-01 1.39115e-01 |
   3270 | 5.42267e+01 1.65829e-02 | 1.25332e-02 1.07867e-01 1.39115e-01 |
   3271 | 5.42433e+01 1.65829e-02 | 1.25332e-02 1.07867e-01 1.39115e-01 |
   3272 | 5.42599e+01 1.65829e-02 | 1.25332e-02 1.07867e-01 1.39115e-01 |
   3273 | 5.42765e+01 1.65830e-02 | 1.25332e-02 1.07867e-01 1.39115e-01 |
   3274 | 5.42930e+01 1.65830e-02 | 1.25332e-02 1.07867e-01 1.39115e-01 |
   3275 | 5.43096e+01 1.65831e-02 | 1.25332e-02 1.07867e-01 1.39115e-01 |
   3276 | 5.43262e+01 1.65831e-02 | 1.25332e-02 1.07867e-01 1.39115e-01 |
   3277 | 5.43428e+01 1.65832e-02 | 1.25332e-02 1.07867e-01 1.39115e-01 |
   3278 | 5.43594e+01 1.65832e-02 | 1.25332e-02 1.07867e-01 1.39115e-01 |
   3279 | 5.43760e+01 1.65833e-02 | 1.25332e-02 1.07867e-01 1.39115e-01 |
   3280 | 5.43925e+01 1.65833e-02 | 1.25332e-02 1.07867e-01 1.39115e-01 |
   3281 | 5.44091e+01 1.65834e-02 | 1.25332e-02 1.07867e-01 1.39115e-01 |
   3282 | 5.44257e+01 1.65835e-02 | 1.25332e-02 1.07867e-01 1.39115e-01 |
   3283 | 5.44423e+01 1.65836e-02 | 1.25332e-02 1.07867e-01 1.39115e-01 |
   3284 | 5.44589e+01 1.65836e-02 | 1.25332e-02 1.07867e-01 1.39115e-01 |
   3285 | 5.44755e+01 1.65837e-02 | 1.25332e-02 1.07867e-01 1.39115e-01 |
   3286 | 5.44920e+01 1.65837e-02 | 1.25332e-02 1.07867e-01 1.39115e-01 |
   3287 | 5.45086e+01 1.65837e-02 | 1.25332e-02 1.07867e-01 1.39115e-01 |
   3288 | 5.45252e+01 1.65836e-02 | 1.25332e-02 1.07867e-01 1.39115e-01 |
   3289 | 5.45418e+01 1.65836e-02 | 1.25332e-02 1.07867e-01 1.39115e-01 |
   3290 | 5.45584e+01 1.65835e-02 | 1.25332e-02 1.07867e-01 1.39115e-01 |
   3291 | 5.45750e+01 1.65835e-02 | 1.25332e-02 1.07867e-01 1.39115e-01 |
   3292 | 5.45915e+01 1.65834e-02 | 1.25332e-02 1.07867e-01 1.39115e-01 |
   3293 | 5.46081e+01 1.65834e-02 | 1.25332e-02 1.07867e-01 1.39115e-01 |
   3294 | 5.46247e+01 1.65833e-02 | 1.25332e-02 1.07867e-01 1.39115e-01 |
   3295 | 5.46413e+01 1.65833e-02 | 1.25332e-02 1.07867e-01 1.39115e-01 |
   3296 | 5.46579e+01 1.65833e-02 | 1.25332e-02 1.07867e-01 1.39115e-01 |
   3297 | 5.46745e+01 1.65832e-02 | 1.25332e-02 1.07867e-01 1.39115e-01 |
   3298 | 5.46910e+01 1.65832e-02 | 1.25332e-02 1.07867e-01 1.39115e-01 |
   3299 | 5.47076e+01 1.65832e-02 | 1.25332e-02 1.07867e-01 1.39115e-01 |
   3300 | 5.47242e+01 1.65832e-02 | 1.25332e-02 1.07867e-01 1.39115e-01 |
   3301 | 5.47408e+01 1.65832e-02 | 1.25332e-02 1.07867e-01 1.39115e-01 |
   3302 | 5.47574e+01 1.65832e-02 | 1.25332e-02 1.07867e-01 1.39115e-01 |
   3303 | 5.47740e+01 1.65832e-02 | 1.25332e-02 1.07867e-01 1.39115e-01 |
   3304 | 5.47905e+01 1.65832e-02 | 1.25332e-02 1.07867e-01 1.39115e-01 |
   3305 | 5.48071e+01 1.65832e-02 | 1.25332e-02 1.07867e-01 1.39115e-01 |
   3306 | 5.48237e+01 1.65832e-02 | 1.25332e-02 1.07867e-01 1.39115e-01 |
   3307 | 5.48403e+01 1.65832e-02 | 1.25332e-02 1.07867e-01 1.39115e-01 |
   3308 | 5.48569e+01 1.65831e-02 | 1.25332e-02 1.07867e-01 1.39115e-01 |
   3309 | 5.48735e+01 1.65831e-02 | 1.25332e-02 1.07867e-01 1.39115e-01 |
   3310 | 5.48900e+01 1.65831e-02 | 1.25332e-02 1.07867e-01 1.39115e-01 |
   3311 | 5.49066e+01 1.65830e-02 | 1.25332e-02 1.07867e-01 1.39115e-01 |
   3312 | 5.49232e+01 1.65830e-02 | 1.25332e-02 1.07867e-01 1.39115e-01 |
   3313 | 5.49398e+01 1.65830e-02 | 1.25332e-02 1.07867e-01 1.39115e-01 |
   3314 | 5.49564e+01 1.65830e-02 | 1.25332e-02 1.07867e-01 1.39115e-01 |
   3315 | 5.49729e+01 1.65830e-02 | 1.25332e-02 1.07867e-01 1.39115e-01 |
   3316 | 5.49895e+01 1.65830e-02 | 1.25332e-02 1.07867e-01 1.39115e-01 |
   3317 | 5.50061e+01 1.65829e-02 | 1.25332e-02 1.07867e-01 1.39115e-01 |
   3318 | 5.50227e+01 1.65829e-02 | 1.25332e-02 1.07867e-01 1.39115e-01 |
   3319 | 5.50393e+01 1.65829e-02 | 1.25332e-02 1.07867e-01 1.39115e-01 |
   3320 | 5.50559e+01 1.65829e-02 | 1.25332e-02 1.07867e-01 1.39115e-01 |
   3321 | 5.50724e+01 1.65830e-02 | 1.25332e-02 1.07867e-01 1.39115e-01 |
   3322 | 5.50890e+01 1.65830e-02 | 1.25332e-02 1.07867e-01 1.39115e-01 |
   3323 | 5.51056e+01 1.65830e-02 | 1.25332e-02 1.07867e-01 1.39115e-01 |
   3324 | 5.51222e+01 1.65830e-02 | 1.25332e-02 1.07867e-01 1.39115e-01 |
   3325 | 5.51388e+01 1.65830e-02 | 1.25332e-02 1.07867e-01 1.39115e-01 |
   3326 | 5.51554e+01 1.65830e-02 | 1.25332e-02 1.07867e-01 1.39115e-01 |
   3327 | 5.51719e+01 1.65831e-02 | 1.25332e-02 1.07867e-01 1.39115e-01 |
   3328 | 5.51885e+01 1.65831e-02 | 1.25332e-02 1.07867e-01 1.39115e-01 |
   3329 | 5.52051e+01 1.65831e-02 | 1.25332e-02 1.07867e-01 1.39115e-01 |
   3330 | 5.52217e+01 1.65832e-02 | 1.25332e-02 1.07867e-01 1.39115e-01 |
   3331 | 5.52383e+01 1.65832e-02 | 1.25332e-02 1.07867e-01 1.39115e-01 |
   3332 | 5.52549e+01 1.65833e-02 | 1.25332e-02 1.07867e-01 1.39115e-01 |
   3333 | 5.52714e+01 1.65833e-02 | 1.25332e-02 1.07867e-01 1.39115e-01 |
   3334 | 5.52880e+01 1.65834e-02 | 1.25332e-02 1.07867e-01 1.39115e-01 |
   3335 | 5.53046e+01 1.65834e-02 | 1.25332e-02 1.07867e-01 1.39115e-01 |
   3336 | 5.53212e+01 1.65835e-02 | 1.25332e-02 1.07867e-01 1.39115e-01 |
   3337 | 5.53378e+01 1.65836e-02 | 1.25332e-02 1.07867e-01 1.39115e-01 |
   3338 | 5.53544e+01 1.65836e-02 | 1.25332e-02 1.07867e-01 1.39115e-01 |
   3339 | 5.53709e+01 1.65837e-02 | 1.25332e-02 1.07867e-01 1.39115e-01 |
   3340 | 5.53875e+01 1.65838e-02 | 1.25332e-02 1.07867e-01 1.39115e-01 |
   3341 | 5.54041e+01 1.65838e-02 | 1.25332e-02 1.07867e-01 1.39115e-01 |
   3342 | 5.54207e+01 1.65839e-02 | 1.25332e-02 1.07867e-01 1.39115e-01 |
   3343 | 5.54373e+01 1.65839e-02 | 1.25332e-02 1.07867e-01 1.39115e-01 |
   3344 | 5.54539e+01 1.65838e-02 | 1.25332e-02 1.07867e-01 1.39115e-01 |
   3345 | 5.54704e+01 1.65838e-02 | 1.25332e-02 1.07867e-01 1.39115e-01 |
   3346 | 5.54870e+01 1.65837e-02 | 1.25332e-02 1.07867e-01 1.39115e-01 |
   3347 | 5.55036e+01 1.65837e-02 | 1.25332e-02 1.07867e-01 1.39115e-01 |
   3348 | 5.55202e+01 1.65837e-02 | 1.25332e-02 1.07867e-01 1.39115e-01 |
   3349 | 5.55368e+01 1.65836e-02 | 1.25332e-02 1.07867e-01 1.39115e-01 |
   3350 | 5.55534e+01 1.65835e-02 | 1.25332e-02 1.07867e-01 1.39115e-01 |
   3351 | 5.55700e+01 1.65835e-02 | 1.25332e-02 1.07867e-01 1.39115e-01 |
   3352 | 5.55865e+01 1.65834e-02 | 1.25332e-02 1.07867e-01 1.39115e-01 |
   3353 | 5.56031e+01 1.65833e-02 | 1.25332e-02 1.07867e-01 1.39115e-01 |
   3354 | 5.56197e+01 1.65833e-02 | 1.25332e-02 1.07867e-01 1.39115e-01 |
   3355 | 5.56363e+01 1.65832e-02 | 1.25332e-02 1.07867e-01 1.39115e-01 |
   3356 | 5.56529e+01 1.65831e-02 | 1.25332e-02 1.07867e-01 1.39115e-01 |
   3357 | 5.56694e+01 1.65831e-02 | 1.25332e-02 1.07867e-01 1.39115e-01 |
   3358 | 5.56860e+01 1.65830e-02 | 1.25332e-02 1.07867e-01 1.39115e-01 |
   3359 | 5.57026e+01 1.65830e-02 | 1.25332e-02 1.07867e-01 1.39115e-01 |
   3360 | 5.57192e+01 1.65829e-02 | 1.25332e-02 1.07867e-01 1.39115e-01 |
   3361 | 5.57358e+01 1.65829e-02 | 1.25332e-02 1.07867e-01 1.39115e-01 |
   3362 | 5.57524e+01 1.65829e-02 | 1.25332e-02 1.07867e-01 1.39115e-01 |
   3363 | 5.57689e+01 1.65828e-02 | 1.25332e-02 1.07867e-01 1.39115e-01 |
   3364 | 5.57855e+01 1.65828e-02 | 1.25332e-02 1.07867e-01 1.39115e-01 |
   3365 | 5.58021e+01 1.65828e-02 | 1.25332e-02 1.07867e-01 1.39115e-01 |
   3366 | 5.58187e+01 1.65828e-02 | 1.25332e-02 1.07867e-01 1.39115e-01 |
   3367 | 5.58353e+01 1.65827e-02 | 1.25332e-02 1.07867e-01 1.39115e-01 |
   3368 | 5.58519e+01 1.65827e-02 | 1.25332e-02 1.07867e-01 1.39115e-01 |
   3369 | 5.58684e+01 1.65827e-02 | 1.25332e-02 1.07867e-01 1.39115e-01 |
   3370 | 5.58850e+01 1.65827e-02 | 1.25332e-02 1.07867e-01 1.39115e-01 |
   3371 | 5.59016e+01 1.65827e-02 | 1.25332e-02 1.07867e-01 1.39115e-01 |
   3372 | 5.59182e+01 1.65827e-02 | 1.25332e-02 1.07867e-01 1.39115e-01 |
   3373 | 5.59348e+01 1.65827e-02 | 1.25332e-02 1.07867e-01 1.39115e-01 |
   3374 | 5.59514e+01 1.65827e-02 | 1.25332e-02 1.07867e-01 1.39115e-01 |
   3375 | 5.59679e+01 1.65827e-02 | 1.25332e-02 1.07867e-01 1.39115e-01 |
   3376 | 5.59845e+01 1.65827e-02 | 1.25332e-02 1.07867e-01 1.39115e-01 |
   3377 | 5.60011e+01 1.65828e-02 | 1.25332e-02 1.07867e-01 1.39115e-01 |
   3378 | 5.60177e+01 1.65828e-02 | 1.25332e-02 1.07867e-01 1.39115e-01 |
   3379 | 5.60343e+01 1.65828e-02 | 1.25332e-02 1.07867e-01 1.39115e-01 |
   3380 | 5.60509e+01 1.65828e-02 | 1.25332e-02 1.07867e-01 1.39115e-01 |
   3381 | 5.60674e+01 1.65829e-02 | 1.25332e-02 1.07867e-01 1.39115e-01 |
   3382 | 5.60840e+01 1.65829e-02 | 1.25332e-02 1.07867e-01 1.39115e-01 |
   3383 | 5.61006e+01 1.65829e-02 | 1.25332e-02 1.07867e-01 1.39115e-01 |
   3384 | 5.61172e+01 1.65830e-02 | 1.25332e-02 1.07867e-01 1.39115e-01 |
   3385 | 5.61338e+01 1.65830e-02 | 1.25332e-02 1.07867e-01 1.39115e-01 |
   3386 | 5.61504e+01 1.65831e-02 | 1.25332e-02 1.07867e-01 1.39115e-01 |
   3387 | 5.61669e+01 1.65831e-02 | 1.25332e-02 1.07867e-01 1.39115e-01 |
   3388 | 5.61835e+01 1.65832e-02 | 1.25332e-02 1.07867e-01 1.39115e-01 |
   3389 | 5.62001e+01 1.65832e-02 | 1.25332e-02 1.07867e-01 1.39115e-01 |
   3390 | 5.62167e+01 1.65833e-02 | 1.25332e-02 1.07867e-01 1.39115e-01 |
   3391 | 5.62333e+01 1.65834e-02 | 1.25332e-02 1.07867e-01 1.39115e-01 |
   3392 | 5.62499e+01 1.65834e-02 | 1.25332e-02 1.07867e-01 1.39115e-01 |
   3393 | 5.62664e+01 1.65835e-02 | 1.25332e-02 1.07867e-01 1.39115e-01 |
   3394 | 5.62830e+01 1.65836e-02 | 1.25332e-02 1.07867e-01 1.39115e-01 |
   3395 | 5.62996e+01 1.65837e-02 | 1.25332e-02 1.07867e-01 1.39115e-01 |
   3396 | 5.63162e+01 1.65837e-02 | 1.25332e-02 1.07867e-01 1.39115e-01 |
   3397 | 5.63328e+01 1.65837e-02 | 1.25332e-02 1.07867e-01 1.39115e-01 |
   3398 | 5.63494e+01 1.65837e-02 | 1.25332e-02 1.07867e-01 1.39115e-01 |
   3399 | 5.63659e+01 1.65836e-02 | 1.25332e-02 1.07867e-01 1.39115e-01 |
   3400 | 5.63825e+01 1.65836e-02 | 1.25332e-02 1.07867e-01 1.39115e-01 |
   3401 | 5.63991e+01 1.65835e-02 | 1.25332e-02 1.07867e-01 1.39115e-01 |
   3402 | 5.64157e+01 1.65835e-02 | 1.25332e-02 1.07867e-01 1.39115e-01 |
   3403 | 5.64323e+01 1.65834e-02 | 1.25332e-02 1.07867e-01 1.39115e-01 |
   3404 | 5.64489e+01 1.65834e-02 | 1.25332e-02 1.07867e-01 1.39115e-01 |
   3405 | 5.64654e+01 1.65834e-02 | 1.25332e-02 1.07867e-01 1.39115e-01 |
   3406 | 5.64820e+01 1.65833e-02 | 1.25332e-02 1.07867e-01 1.39115e-01 |
   3407 | 5.64986e+01 1.65833e-02 | 1.25332e-02 1.07867e-01 1.39115e-01 |
   3408 | 5.65152e+01 1.65833e-02 | 1.25332e-02 1.07867e-01 1.39115e-01 |
   3409 | 5.65318e+01 1.65833e-02 | 1.25332e-02 1.07867e-01 1.39115e-01 |
   3410 | 5.65484e+01 1.65833e-02 | 1.25332e-02 1.07867e-01 1.39115e-01 |
   3411 | 5.65649e+01 1.65832e-02 | 1.25332e-02 1.07867e-01 1.39115e-01 |
   3412 | 5.65815e+01 1.65832e-02 | 1.25332e-02 1.07867e-01 1.39115e-01 |
   3413 | 5.65981e+01 1.65832e-02 | 1.25332e-02 1.07867e-01 1.39115e-01 |
   3414 | 5.66147e+01 1.65832e-02 | 1.25332e-02 1.07867e-01 1.39115e-01 |
   3415 | 5.66313e+01 1.65832e-02 | 1.25332e-02 1.07867e-01 1.39115e-01 |
   3416 | 5.66479e+01 1.65832e-02 | 1.25332e-02 1.07867e-01 1.39115e-01 |
   3417 | 5.66644e+01 1.65832e-02 | 1.25332e-02 1.07867e-01 1.39115e-01 |
   3418 | 5.66810e+01 1.65833e-02 | 1.25332e-02 1.07867e-01 1.39115e-01 |
   3419 | 5.66976e+01 1.65833e-02 | 1.25332e-02 1.07867e-01 1.39115e-01 |
   3420 | 5.67142e+01 1.65833e-02 | 1.25332e-02 1.07867e-01 1.39115e-01 |
   3421 | 5.67308e+01 1.65833e-02 | 1.25332e-02 1.07867e-01 1.39115e-01 |
   3422 | 5.67474e+01 1.65833e-02 | 1.25332e-02 1.07867e-01 1.39115e-01 |
   3423 | 5.67639e+01 1.65834e-02 | 1.25332e-02 1.07867e-01 1.39115e-01 |
   3424 | 5.67805e+01 1.65834e-02 | 1.25332e-02 1.07867e-01 1.39115e-01 |
   3425 | 5.67971e+01 1.65834e-02 | 1.25332e-02 1.07867e-01 1.39115e-01 |
   3426 | 5.68137e+01 1.65835e-02 | 1.25332e-02 1.07867e-01 1.39115e-01 |
   3427 | 5.68303e+01 1.65835e-02 | 1.25332e-02 1.07867e-01 1.39115e-01 |
   3428 | 5.68469e+01 1.65836e-02 | 1.25332e-02 1.07867e-01 1.39115e-01 |
   3429 | 5.68634e+01 1.65836e-02 | 1.25332e-02 1.07867e-01 1.39115e-01 |
   3430 | 5.68800e+01 1.65837e-02 | 1.25332e-02 1.07867e-01 1.39115e-01 |
   3431 | 5.68966e+01 1.65837e-02 | 1.25332e-02 1.07867e-01 1.39115e-01 |
   3432 | 5.69132e+01 1.65837e-02 | 1.25332e-02 1.07867e-01 1.39115e-01 |
   3433 | 5.69298e+01 1.65837e-02 | 1.25332e-02 1.07867e-01 1.39115e-01 |
   3434 | 5.69464e+01 1.65837e-02 | 1.25332e-02 1.07867e-01 1.39115e-01 |
   3435 | 5.69629e+01 1.65837e-02 | 1.25332e-02 1.07867e-01 1.39115e-01 |
   3436 | 5.69795e+01 1.65837e-02 | 1.25332e-02 1.07867e-01 1.39115e-01 |
   3437 | 5.69961e+01 1.65837e-02 | 1.25332e-02 1.07867e-01 1.39115e-01 |
   3438 | 5.70127e+01 1.65838e-02 | 1.25332e-02 1.07867e-01 1.39115e-01 |
   3439 | 5.70293e+01 1.65838e-02 | 1.25332e-02 1.07867e-01 1.39115e-01 |
   3440 | 5.70459e+01 1.65838e-02 | 1.25332e-02 1.07867e-01 1.39115e-01 |
   3441 | 5.70624e+01 1.65838e-02 | 1.25332e-02 1.07867e-01 1.39115e-01 |
   3442 | 5.70790e+01 1.65839e-02 | 1.25332e-02 1.07867e-01 1.39115e-01 |
   3443 | 5.70956e+01 1.65839e-02 | 1.25332e-02 1.07867e-01 1.39115e-01 |
   3444 | 5.71122e+01 1.65839e-02 | 1.25332e-02 1.07867e-01 1.39115e-01 |
   3445 | 5.71288e+01 1.65840e-02 | 1.25332e-02 1.07867e-01 1.39115e-01 |
   3446 | 5.71454e+01 1.65840e-02 | 1.25332e-02 1.07867e-01 1.39115e-01 |
   3447 | 5.71619e+01 1.65839e-02 | 1.25332e-02 1.07867e-01 1.39115e-01 |
   3448 | 5.71785e+01 1.65838e-02 | 1.25332e-02 1.07867e-01 1.39115e-01 |
   3449 | 5.71951e+01 1.65837e-02 | 1.25332e-02 1.07867e-01 1.39115e-01 |
   3450 | 5.72117e+01 1.65836e-02 | 1.25332e-02 1.07867e-01 1.39115e-01 |
   3451 | 5.72283e+01 1.65835e-02 | 1.25332e-02 1.07867e-01 1.39115e-01 |
   3452 | 5.72449e+01 1.65835e-02 | 1.25332e-02 1.07867e-01 1.39115e-01 |
   3453 | 5.72614e+01 1.65834e-02 | 1.25332e-02 1.07867e-01 1.39115e-01 |
   3454 | 5.72780e+01 1.65833e-02 | 1.25332e-02 1.07867e-01 1.39115e-01 |
   3455 | 5.72946e+01 1.65832e-02 | 1.25332e-02 1.07867e-01 1.39115e-01 |
   3456 | 5.73112e+01 1.65832e-02 | 1.25332e-02 1.07867e-01 1.39115e-01 |
   3457 | 5.73278e+01 1.65831e-02 | 1.25332e-02 1.07867e-01 1.39115e-01 |
   3458 | 5.73444e+01 1.65830e-02 | 1.25332e-02 1.07867e-01 1.39115e-01 |
   3459 | 5.73609e+01 1.65830e-02 | 1.25332e-02 1.07867e-01 1.39115e-01 |
   3460 | 5.73775e+01 1.65829e-02 | 1.25332e-02 1.07867e-01 1.39115e-01 |
   3461 | 5.73941e+01 1.65829e-02 | 1.25332e-02 1.07867e-01 1.39115e-01 |
   3462 | 5.74107e+01 1.65828e-02 | 1.25332e-02 1.07867e-01 1.39115e-01 |
   3463 | 5.74273e+01 1.65828e-02 | 1.25332e-02 1.07867e-01 1.39115e-01 |
   3464 | 5.74439e+01 1.65827e-02 | 1.25332e-02 1.07867e-01 1.39115e-01 |
   3465 | 5.74604e+01 1.65827e-02 | 1.25332e-02 1.07867e-01 1.39115e-01 |
   3466 | 5.74770e+01 1.65827e-02 | 1.25332e-02 1.07867e-01 1.39115e-01 |
   3467 | 5.74936e+01 1.65826e-02 | 1.25332e-02 1.07867e-01 1.39115e-01 |
   3468 | 5.75102e+01 1.65826e-02 | 1.25332e-02 1.07867e-01 1.39115e-01 |
   3469 | 5.75268e+01 1.65826e-02 | 1.25332e-02 1.07867e-01 1.39115e-01 |
   3470 | 5.75434e+01 1.65826e-02 | 1.25332e-02 1.07867e-01 1.39115e-01 |
   3471 | 5.75599e+01 1.65826e-02 | 1.25332e-02 1.07867e-01 1.39115e-01 |
   3472 | 5.75765e+01 1.65825e-02 | 1.25332e-02 1.07867e-01 1.39115e-01 |
   3473 | 5.75931e+01 1.65825e-02 | 1.25332e-02 1.07867e-01 1.39115e-01 |
   3474 | 5.76097e+01 1.65825e-02 | 1.25332e-02 1.07867e-01 1.39115e-01 |
   3475 | 5.76263e+01 1.65825e-02 | 1.25332e-02 1.07867e-01 1.39115e-01 |
   3476 | 5.76429e+01 1.65825e-02 | 1.25332e-02 1.07867e-01 1.39115e-01 |
   3477 | 5.76594e+01 1.65825e-02 | 1.25332e-02 1.07867e-01 1.39115e-01 |
   3478 | 5.76760e+01 1.65826e-02 | 1.25332e-02 1.07867e-01 1.39115e-01 |
   3479 | 5.76926e+01 1.65826e-02 | 1.25332e-02 1.07867e-01 1.39115e-01 |
   3480 | 5.77092e+01 1.65826e-02 | 1.25332e-02 1.07867e-01 1.39115e-01 |
   3481 | 5.77258e+01 1.65826e-02 | 1.25332e-02 1.07867e-01 1.39115e-01 |
   3482 | 5.77423e+01 1.65826e-02 | 1.25332e-02 1.07867e-01 1.39115e-01 |
   3483 | 5.77589e+01 1.65826e-02 | 1.25332e-02 1.07867e-01 1.39115e-01 |
   3484 | 5.77755e+01 1.65827e-02 | 1.25332e-02 1.07867e-01 1.39115e-01 |
   3485 | 5.77921e+01 1.65827e-02 | 1.25332e-02 1.07867e-01 1.39115e-01 |
   3486 | 5.78087e+01 1.65827e-02 | 1.25332e-02 1.07867e-01 1.39115e-01 |
   3487 | 5.78253e+01 1.65828e-02 | 1.25332e-02 1.07867e-01 1.39115e-01 |
   3488 | 5.78418e+01 1.65828e-02 | 1.25332e-02 1.07867e-01 1.39115e-01 |
   3489 | 5.78584e+01 1.65829e-02 | 1.25332e-02 1.07867e-01 1.39115e-01 |
   3490 | 5.78750e+01 1.65829e-02 | 1.25332e-02 1.07867e-01 1.39115e-01 |
   3491 | 5.78916e+01 1.65830e-02 | 1.25332e-02 1.07867e-01 1.39115e-01 |
   3492 | 5.79082e+01 1.65830e-02 | 1.25332e-02 1.07867e-01 1.39115e-01 |
   3493 | 5.79248e+01 1.65831e-02 | 1.25332e-02 1.07867e-01 1.39115e-01 |
   3494 | 5.79413e+01 1.65832e-02 | 1.25332e-02 1.07867e-01 1.39115e-01 |
   3495 | 5.79579e+01 1.65832e-02 | 1.25332e-02 1.07867e-01 1.39115e-01 |
   3496 | 5.79745e+01 1.65833e-02 | 1.25332e-02 1.07867e-01 1.39115e-01 |
   3497 | 5.79911e+01 1.65834e-02 | 1.25332e-02 1.07867e-01 1.39115e-01 |
   3498 | 5.80077e+01 1.65835e-02 | 1.25332e-02 1.07867e-01 1.39115e-01 |
   3499 | 5.80243e+01 1.65835e-02 | 1.25332e-02 1.07867e-01 1.39115e-01 |
   3500 | 5.80408e+01 1.65836e-02 | 1.25332e-02 1.07867e-01 1.39115e-01 |
   3501 | 5.80574e+01 1.65837e-02 | 1.25332e-02 1.07867e-01 1.39115e-01 |
   3502 | 5.80740e+01 1.65838e-02 | 1.25332e-02 1.07867e-01 1.39115e-01 |
   3503 | 5.80906e+01 1.65838e-02 | 1.25332e-02 1.07867e-01 1.39115e-01 |
   3504 | 5.81072e+01 1.65837e-02 | 1.25332e-02 1.07867e-01 1.39115e-01 |
   3505 | 5.81238e+01 1.65836e-02 | 1.25332e-02 1.07867e-01 1.39115e-01 |
   3506 | 5.81403e+01 1.65835e-02 | 1.25332e-02 1.07867e-01 1.39115e-01 |
   3507 | 5.81569e+01 1.65835e-02 | 1.25332e-02 1.07867e-01 1.39115e-01 |
   3508 | 5.81735e+01 1.65834e-02 | 1.25332e-02 1.07867e-01 1.39115e-01 |
   3509 | 5.81901e+01 1.65833e-02 | 1.25332e-02 1.07867e-01 1.39115e-01 |
   3510 | 5.82067e+01 1.65833e-02 | 1.25332e-02 1.07867e-01 1.39115e-01 |
   3511 | 5.82233e+01 1.65832e-02 | 1.25332e-02 1.07867e-01 1.39115e-01 |
   3512 | 5.82398e+01 1.65831e-02 | 1.25332e-02 1.07867e-01 1.39115e-01 |
   3513 | 5.82564e+01 1.65831e-02 | 1.25332e-02 1.07867e-01 1.39115e-01 |
   3514 | 5.82730e+01 1.65830e-02 | 1.25332e-02 1.07867e-01 1.39115e-01 |
   3515 | 5.82896e+01 1.65830e-02 | 1.25332e-02 1.07867e-01 1.39115e-01 |
   3516 | 5.83062e+01 1.65829e-02 | 1.25332e-02 1.07867e-01 1.39115e-01 |
   3517 | 5.83228e+01 1.65829e-02 | 1.25332e-02 1.07867e-01 1.39115e-01 |
   3518 | 5.83393e+01 1.65829e-02 | 1.25332e-02 1.07867e-01 1.39115e-01 |
   3519 | 5.83559e+01 1.65828e-02 | 1.25332e-02 1.07867e-01 1.39115e-01 |
   3520 | 5.83725e+01 1.65828e-02 | 1.25332e-02 1.07867e-01 1.39115e-01 |
   3521 | 5.83891e+01 1.65828e-02 | 1.25332e-02 1.07867e-01 1.39115e-01 |
   3522 | 5.84057e+01 1.65827e-02 | 1.25332e-02 1.07867e-01 1.39115e-01 |
   3523 | 5.84223e+01 1.65827e-02 | 1.25332e-02 1.07867e-01 1.39115e-01 |
   3524 | 5.84388e+01 1.65827e-02 | 1.25332e-02 1.07867e-01 1.39115e-01 |
   3525 | 5.84554e+01 1.65827e-02 | 1.25332e-02 1.07867e-01 1.39115e-01 |
   3526 | 5.84720e+01 1.65827e-02 | 1.25332e-02 1.07867e-01 1.39115e-01 |
   3527 | 5.84886e+01 1.65827e-02 | 1.25332e-02 1.07867e-01 1.39115e-01 |
   3528 | 5.85052e+01 1.65827e-02 | 1.25332e-02 1.07867e-01 1.39115e-01 |
   3529 | 5.85218e+01 1.65827e-02 | 1.25332e-02 1.07867e-01 1.39115e-01 |
   3530 | 5.85383e+01 1.65827e-02 | 1.25332e-02 1.07867e-01 1.39115e-01 |
   3531 | 5.85549e+01 1.65827e-02 | 1.25332e-02 1.07867e-01 1.39115e-01 |
   3532 | 5.85715e+01 1.65827e-02 | 1.25332e-02 1.07867e-01 1.39115e-01 |
   3533 | 5.85881e+01 1.65827e-02 | 1.25332e-02 1.07867e-01 1.39115e-01 |
   3534 | 5.86047e+01 1.65827e-02 | 1.25332e-02 1.07867e-01 1.39115e-01 |
   3535 | 5.86212e+01 1.65828e-02 | 1.25332e-02 1.07867e-01 1.39115e-01 |
   3536 | 5.86378e+01 1.65828e-02 | 1.25332e-02 1.07867e-01 1.39115e-01 |
   3537 | 5.86544e+01 1.65828e-02 | 1.25332e-02 1.07867e-01 1.39115e-01 |
   3538 | 5.86710e+01 1.65828e-02 | 1.25332e-02 1.07867e-01 1.39115e-01 |
   3539 | 5.86876e+01 1.65829e-02 | 1.25332e-02 1.07867e-01 1.39115e-01 |
   3540 | 5.87042e+01 1.65829e-02 | 1.25332e-02 1.07867e-01 1.39115e-01 |
   3541 | 5.87207e+01 1.65830e-02 | 1.25332e-02 1.07867e-01 1.39115e-01 |
   3542 | 5.87373e+01 1.65830e-02 | 1.25332e-02 1.07867e-01 1.39115e-01 |
   3543 | 5.87539e+01 1.65831e-02 | 1.25332e-02 1.07867e-01 1.39115e-01 |
   3544 | 5.87705e+01 1.65831e-02 | 1.25332e-02 1.07867e-01 1.39115e-01 |
   3545 | 5.87871e+01 1.65832e-02 | 1.25332e-02 1.07867e-01 1.39115e-01 |
   3546 | 5.88037e+01 1.65832e-02 | 1.25332e-02 1.07867e-01 1.39115e-01 |
   3547 | 5.88202e+01 1.65833e-02 | 1.25332e-02 1.07867e-01 1.39115e-01 |
   3548 | 5.88368e+01 1.65834e-02 | 1.25332e-02 1.07867e-01 1.39115e-01 |
   3549 | 5.88534e+01 1.65834e-02 | 1.25332e-02 1.07867e-01 1.39115e-01 |
   3550 | 5.88700e+01 1.65835e-02 | 1.25332e-02 1.07867e-01 1.39115e-01 |
   3551 | 5.88866e+01 1.65836e-02 | 1.25332e-02 1.07867e-01 1.39115e-01 |
   3552 | 5.89032e+01 1.65837e-02 | 1.25332e-02 1.07867e-01 1.39115e-01 |
   3553 | 5.89197e+01 1.65837e-02 | 1.25332e-02 1.07867e-01 1.39115e-01 |
   3554 | 5.89363e+01 1.65838e-02 | 1.25332e-02 1.07867e-01 1.39115e-01 |
   3555 | 5.89529e+01 1.65839e-02 | 1.25332e-02 1.07867e-01 1.39115e-01 |
   3556 | 5.89695e+01 1.65839e-02 | 1.25332e-02 1.07867e-01 1.39115e-01 |
   3557 | 5.89861e+01 1.65839e-02 | 1.25332e-02 1.07867e-01 1.39115e-01 |
   3558 | 5.90027e+01 1.65838e-02 | 1.25332e-02 1.07867e-01 1.39115e-01 |
   3559 | 5.90192e+01 1.65837e-02 | 1.25332e-02 1.07867e-01 1.39115e-01 |
   3560 | 5.90358e+01 1.65836e-02 | 1.25332e-02 1.07867e-01 1.39115e-01 |
   3561 | 5.90524e+01 1.65836e-02 | 1.25332e-02 1.07867e-01 1.39115e-01 |
   3562 | 5.90690e+01 1.65835e-02 | 1.25332e-02 1.07867e-01 1.39115e-01 |
   3563 | 5.90856e+01 1.65834e-02 | 1.25332e-02 1.07867e-01 1.39115e-01 |
   3564 | 5.91022e+01 1.65833e-02 | 1.25332e-02 1.07867e-01 1.39115e-01 |
   3565 | 5.91187e+01 1.65833e-02 | 1.25332e-02 1.07867e-01 1.39115e-01 |
   3566 | 5.91353e+01 1.65832e-02 | 1.25332e-02 1.07867e-01 1.39115e-01 |
   3567 | 5.91519e+01 1.65831e-02 | 1.25332e-02 1.07867e-01 1.39115e-01 |
   3568 | 5.91685e+01 1.65831e-02 | 1.25332e-02 1.07867e-01 1.39115e-01 |
   3569 | 5.91851e+01 1.65830e-02 | 1.25332e-02 1.07867e-01 1.39115e-01 |
   3570 | 5.92017e+01 1.65829e-02 | 1.25332e-02 1.07867e-01 1.39115e-01 |
   3571 | 5.92182e+01 1.65829e-02 | 1.25332e-02 1.07867e-01 1.39115e-01 |
   3572 | 5.92348e+01 1.65828e-02 | 1.25332e-02 1.07867e-01 1.39115e-01 |
   3573 | 5.92514e+01 1.65828e-02 | 1.25332e-02 1.07867e-01 1.39115e-01 |
   3574 | 5.92680e+01 1.65828e-02 | 1.25332e-02 1.07867e-01 1.39115e-01 |
   3575 | 5.92846e+01 1.65827e-02 | 1.25332e-02 1.07867e-01 1.39115e-01 |
   3576 | 5.93012e+01 1.65827e-02 | 1.25332e-02 1.07867e-01 1.39115e-01 |
   3577 | 5.93177e+01 1.65827e-02 | 1.25332e-02 1.07867e-01 1.39115e-01 |
   3578 | 5.93343e+01 1.65826e-02 | 1.25332e-02 1.07867e-01 1.39115e-01 |
   3579 | 5.93509e+01 1.65826e-02 | 1.25332e-02 1.07867e-01 1.39115e-01 |
   3580 | 5.93675e+01 1.65826e-02 | 1.25332e-02 1.07867e-01 1.39115e-01 |
   3581 | 5.93841e+01 1.65826e-02 | 1.25332e-02 1.07867e-01 1.39115e-01 |
   3582 | 5.94007e+01 1.65826e-02 | 1.25332e-02 1.07867e-01 1.39115e-01 |
   3583 | 5.94172e+01 1.65826e-02 | 1.25332e-02 1.07867e-01 1.39115e-01 |
   3584 | 5.94338e+01 1.65826e-02 | 1.25332e-02 1.07867e-01 1.39115e-01 |
   3585 | 5.94504e+01 1.65826e-02 | 1.25332e-02 1.07867e-01 1.39115e-01 |
   3586 | 5.94670e+01 1.65826e-02 | 1.25332e-02 1.07867e-01 1.39115e-01 |
   3587 | 5.94836e+01 1.65826e-02 | 1.25332e-02 1.07867e-01 1.39115e-01 |
   3588 | 5.95002e+01 1.65826e-02 | 1.25332e-02 1.07867e-01 1.39115e-01 |
   3589 | 5.95167e+01 1.65826e-02 | 1.25332e-02 1.07867e-01 1.39115e-01 |
   3590 | 5.95333e+01 1.65826e-02 | 1.25332e-02 1.07867e-01 1.39115e-01 |
   3591 | 5.95499e+01 1.65826e-02 | 1.25332e-02 1.07867e-01 1.39115e-01 |
   3592 | 5.95665e+01 1.65826e-02 | 1.25332e-02 1.07867e-01 1.39115e-01 |
   3593 | 5.95831e+01 1.65827e-02 | 1.25332e-02 1.07867e-01 1.39115e-01 |
   3594 | 5.95996e+01 1.65827e-02 | 1.25332e-02 1.07867e-01 1.39115e-01 |
   3595 | 5.96162e+01 1.65827e-02 | 1.25332e-02 1.07867e-01 1.39115e-01 |
   3596 | 5.96328e+01 1.65828e-02 | 1.25332e-02 1.07867e-01 1.39115e-01 |
   3597 | 5.96494e+01 1.65828e-02 | 1.25332e-02 1.07867e-01 1.39115e-01 |
   3598 | 5.96660e+01 1.65829e-02 | 1.25332e-02 1.07867e-01 1.39115e-01 |
   3599 | 5.96826e+01 1.65829e-02 | 1.25332e-02 1.07867e-01 1.39115e-01 |
   3600 | 5.96991e+01 1.65830e-02 | 1.25332e-02 1.07867e-01 1.39115e-01 |
   3601 | 5.97157e+01 1.65830e-02 | 1.25332e-02 1.07867e-01 1.39115e-01 |
   3602 | 5.97323e+01 1.65831e-02 | 1.25332e-02 1.07867e-01 1.39115e-01 |
   3603 | 5.97489e+01 1.65831e-02 | 1.25332e-02 1.07867e-01 1.39115e-01 |
   3604 | 5.97655e+01 1.65832e-02 | 1.25332e-02 1.07867e-01 1.39115e-01 |
   3605 | 5.97821e+01 1.65833e-02 | 1.25332e-02 1.07867e-01 1.39115e-01 |
   3606 | 5.97986e+01 1.65833e-02 | 1.25332e-02 1.07867e-01 1.39115e-01 |
   3607 | 5.98152e+01 1.65834e-02 | 1.25332e-02 1.07867e-01 1.39115e-01 |
   3608 | 5.98318e+01 1.65835e-02 | 1.25332e-02 1.07867e-01 1.39115e-01 |
   3609 | 5.98484e+01 1.65836e-02 | 1.25332e-02 1.07867e-01 1.39115e-01 |
   3610 | 5.98650e+01 1.65837e-02 | 1.25332e-02 1.07867e-01 1.39115e-01 |
   3611 | 5.98816e+01 1.65837e-02 | 1.25332e-02 1.07867e-01 1.39115e-01 |
   3612 | 5.98981e+01 1.65838e-02 | 1.25332e-02 1.07867e-01 1.39115e-01 |
   3613 | 5.99147e+01 1.65838e-02 | 1.25332e-02 1.07867e-01 1.39115e-01 |
   3614 | 5.99313e+01 1.65837e-02 | 1.25332e-02 1.07867e-01 1.39115e-01 |
   3615 | 5.99479e+01 1.65837e-02 | 1.25332e-02 1.07867e-01 1.39115e-01 |
   3616 | 5.99645e+01 1.65836e-02 | 1.25332e-02 1.07867e-01 1.39115e-01 |
   3617 | 5.99811e+01 1.65835e-02 | 1.25332e-02 1.07867e-01 1.39115e-01 |
   3618 | 5.99976e+01 1.65834e-02 | 1.25332e-02 1.07867e-01 1.39115e-01 |
   3619 | 6.00142e+01 1.65834e-02 | 1.25332e-02 1.07867e-01 1.39115e-01 |
   3620 | 6.00308e+01 1.65833e-02 | 1.25332e-02 1.07867e-01 1.39115e-01 |
   3621 | 6.00474e+01 1.65832e-02 | 1.25332e-02 1.07867e-01 1.39115e-01 |
   3622 | 6.00640e+01 1.65832e-02 | 1.25332e-02 1.07867e-01 1.39115e-01 |
   3623 | 6.00806e+01 1.65831e-02 | 1.25332e-02 1.07867e-01 1.39115e-01 |
   3624 | 6.00971e+01 1.65831e-02 | 1.25332e-02 1.07867e-01 1.39115e-01 |
   3625 | 6.01137e+01 1.65830e-02 | 1.25332e-02 1.07867e-01 1.39115e-01 |
   3626 | 6.01303e+01 1.65830e-02 | 1.25332e-02 1.07867e-01 1.39115e-01 |
   3627 | 6.01469e+01 1.65829e-02 | 1.25332e-02 1.07867e-01 1.39115e-01 |
   3628 | 6.01635e+01 1.65829e-02 | 1.25332e-02 1.07867e-01 1.39115e-01 |
   3629 | 6.01801e+01 1.65829e-02 | 1.25332e-02 1.07867e-01 1.39115e-01 |
   3630 | 6.01966e+01 1.65828e-02 | 1.25332e-02 1.07867e-01 1.39115e-01 |
   3631 | 6.02132e+01 1.65828e-02 | 1.25332e-02 1.07867e-01 1.39115e-01 |
   3632 | 6.02298e+01 1.65828e-02 | 1.25332e-02 1.07867e-01 1.39115e-01 |
   3633 | 6.02464e+01 1.65828e-02 | 1.25332e-02 1.07867e-01 1.39115e-01 |
   3634 | 6.02630e+01 1.65827e-02 | 1.25332e-02 1.07867e-01 1.39115e-01 |
   3635 | 6.02796e+01 1.65827e-02 | 1.25332e-02 1.07867e-01 1.39115e-01 |
   3636 | 6.02961e+01 1.65827e-02 | 1.25332e-02 1.07867e-01 1.39115e-01 |
   3637 | 6.03127e+01 1.65827e-02 | 1.25332e-02 1.07867e-01 1.39115e-01 |
   3638 | 6.03293e+01 1.65827e-02 | 1.25332e-02 1.07867e-01 1.39115e-01 |
   3639 | 6.03459e+01 1.65826e-02 | 1.25332e-02 1.07867e-01 1.39115e-01 |
   3640 | 6.03625e+01 1.65826e-02 | 1.25332e-02 1.07867e-01 1.39115e-01 |
   3641 | 6.03791e+01 1.65826e-02 | 1.25332e-02 1.07867e-01 1.39115e-01 |
   3642 | 6.03956e+01 1.65826e-02 | 1.25332e-02 1.07867e-01 1.39115e-01 |
   3643 | 6.04122e+01 1.65826e-02 | 1.25332e-02 1.07867e-01 1.39115e-01 |
   3644 | 6.04288e+01 1.65826e-02 | 1.25332e-02 1.07867e-01 1.39115e-01 |
   3645 | 6.04454e+01 1.65826e-02 | 1.25332e-02 1.07867e-01 1.39115e-01 |
   3646 | 6.04620e+01 1.65826e-02 | 1.25332e-02 1.07867e-01 1.39115e-01 |
   3647 | 6.04785e+01 1.65826e-02 | 1.25332e-02 1.07867e-01 1.39115e-01 |
   3648 | 6.04951e+01 1.65826e-02 | 1.25332e-02 1.07867e-01 1.39115e-01 |
   3649 | 6.05117e+01 1.65826e-02 | 1.25332e-02 1.07867e-01 1.39115e-01 |
   3650 | 6.05283e+01 1.65826e-02 | 1.25332e-02 1.07867e-01 1.39115e-01 |
   3651 | 6.05449e+01 1.65826e-02 | 1.25332e-02 1.07867e-01 1.39115e-01 |
   3652 | 6.05615e+01 1.65826e-02 | 1.25332e-02 1.07867e-01 1.39115e-01 |
   3653 | 6.05780e+01 1.65827e-02 | 1.25332e-02 1.07867e-01 1.39115e-01 |
   3654 | 6.05946e+01 1.65827e-02 | 1.25332e-02 1.07867e-01 1.39115e-01 |
   3655 | 6.06112e+01 1.65827e-02 | 1.25332e-02 1.07867e-01 1.39115e-01 |
   3656 | 6.06278e+01 1.65827e-02 | 1.25332e-02 1.07867e-01 1.39115e-01 |
   3657 | 6.06444e+01 1.65828e-02 | 1.25332e-02 1.07867e-01 1.39115e-01 |
   3658 | 6.06610e+01 1.65828e-02 | 1.25332e-02 1.07867e-01 1.39115e-01 |
   3659 | 6.06775e+01 1.65829e-02 | 1.25332e-02 1.07867e-01 1.39115e-01 |
   3660 | 6.06941e+01 1.65829e-02 | 1.25332e-02 1.07867e-01 1.39115e-01 |
   3661 | 6.07107e+01 1.65830e-02 | 1.25332e-02 1.07867e-01 1.39115e-01 |
   3662 | 6.07273e+01 1.65830e-02 | 1.25332e-02 1.07867e-01 1.39115e-01 |
   3663 | 6.07439e+01 1.65831e-02 | 1.25332e-02 1.07867e-01 1.39115e-01 |
   3664 | 6.07605e+01 1.65831e-02 | 1.25332e-02 1.07867e-01 1.39115e-01 |
   3665 | 6.07770e+01 1.65832e-02 | 1.25332e-02 1.07867e-01 1.39115e-01 |
   3666 | 6.07936e+01 1.65833e-02 | 1.25332e-02 1.07867e-01 1.39115e-01 |
   3667 | 6.08102e+01 1.65833e-02 | 1.25332e-02 1.07867e-01 1.39115e-01 |
   3668 | 6.08268e+01 1.65834e-02 | 1.25332e-02 1.07867e-01 1.39115e-01 |
   3669 | 6.08434e+01 1.65835e-02 | 1.25332e-02 1.07867e-01 1.39115e-01 |
   3670 | 6.08600e+01 1.65836e-02 | 1.25332e-02 1.07867e-01 1.39115e-01 |
   3671 | 6.08765e+01 1.65837e-02 | 1.25332e-02 1.07867e-01 1.39115e-01 |
   3672 | 6.08931e+01 1.65838e-02 | 1.25332e-02 1.07867e-01 1.39115e-01 |
   3673 | 6.09097e+01 1.65837e-02 | 1.25332e-02 1.07867e-01 1.39115e-01 |
   3674 | 6.09263e+01 1.65836e-02 | 1.25332e-02 1.07867e-01 1.39115e-01 |
   3675 | 6.09429e+01 1.65835e-02 | 1.25332e-02 1.07867e-01 1.39115e-01 |
   3676 | 6.09595e+01 1.65834e-02 | 1.25332e-02 1.07867e-01 1.39115e-01 |
   3677 | 6.09760e+01 1.65833e-02 | 1.25332e-02 1.07867e-01 1.39115e-01 |
   3678 | 6.09926e+01 1.65833e-02 | 1.25332e-02 1.07867e-01 1.39115e-01 |
   3679 | 6.10092e+01 1.65832e-02 | 1.25332e-02 1.07867e-01 1.39115e-01 |
   3680 | 6.10258e+01 1.65831e-02 | 1.25332e-02 1.07867e-01 1.39115e-01 |
   3681 | 6.10424e+01 1.65831e-02 | 1.25332e-02 1.07867e-01 1.39115e-01 |
   3682 | 6.10590e+01 1.65830e-02 | 1.25332e-02 1.07867e-01 1.39115e-01 |
   3683 | 6.10755e+01 1.65829e-02 | 1.25332e-02 1.07867e-01 1.39115e-01 |
   3684 | 6.10921e+01 1.65829e-02 | 1.25332e-02 1.07867e-01 1.39115e-01 |
   3685 | 6.11087e+01 1.65828e-02 | 1.25332e-02 1.07867e-01 1.39115e-01 |
   3686 | 6.11253e+01 1.65828e-02 | 1.25332e-02 1.07867e-01 1.39115e-01 |
   3687 | 6.11419e+01 1.65827e-02 | 1.25332e-02 1.07867e-01 1.39115e-01 |
   3688 | 6.11585e+01 1.65827e-02 | 1.25332e-02 1.07867e-01 1.39115e-01 |
   3689 | 6.11750e+01 1.65827e-02 | 1.25332e-02 1.07867e-01 1.39115e-01 |
   3690 | 6.11916e+01 1.65826e-02 | 1.25332e-02 1.07867e-01 1.39115e-01 |
   3691 | 6.12082e+01 1.65826e-02 | 1.25332e-02 1.07867e-01 1.39115e-01 |
   3692 | 6.12248e+01 1.65826e-02 | 1.25332e-02 1.07867e-01 1.39115e-01 |
   3693 | 6.12414e+01 1.65825e-02 | 1.25332e-02 1.07867e-01 1.39115e-01 |
   3694 | 6.12580e+01 1.65825e-02 | 1.25332e-02 1.07867e-01 1.39115e-01 |
   3695 | 6.12745e+01 1.65825e-02 | 1.25332e-02 1.07867e-01 1.39115e-01 |
   3696 | 6.12911e+01 1.65825e-02 | 1.25332e-02 1.07867e-01 1.39115e-01 |
   3697 | 6.13077e+01 1.65825e-02 | 1.25332e-02 1.07867e-01 1.39115e-01 |
   3698 | 6.13243e+01 1.65825e-02 | 1.25332e-02 1.07867e-01 1.39115e-01 |
   3699 | 6.13409e+01 1.65825e-02 | 1.25332e-02 1.07867e-01 1.39115e-01 |
   3700 | 6.13574e+01 1.65825e-02 | 1.25332e-02 1.07867e-01 1.39115e-01 |
   3701 | 6.13740e+01 1.65825e-02 | 1.25332e-02 1.07867e-01 1.39115e-01 |
   3702 | 6.13906e+01 1.65825e-02 | 1.25332e-02 1.07867e-01 1.39115e-01 |
   3703 | 6.14072e+01 1.65825e-02 | 1.25332e-02 1.07867e-01 1.39115e-01 |
   3704 | 6.14238e+01 1.65825e-02 | 1.25332e-02 1.07867e-01 1.39115e-01 |
   3705 | 6.14404e+01 1.65825e-02 | 1.25332e-02 1.07867e-01 1.39115e-01 |
   3706 | 6.14569e+01 1.65826e-02 | 1.25332e-02 1.07867e-01 1.39115e-01 |
   3707 | 6.14735e+01 1.65826e-02 | 1.25332e-02 1.07867e-01 1.39115e-01 |
   3708 | 6.14901e+01 1.65826e-02 | 1.25332e-02 1.07867e-01 1.39115e-01 |
   3709 | 6.15067e+01 1.65826e-02 | 1.25332e-02 1.07867e-01 1.39115e-01 |
   3710 | 6.15233e+01 1.65827e-02 | 1.25332e-02 1.07867e-01 1.39115e-01 |
   3711 | 6.15399e+01 1.65827e-02 | 1.25332e-02 1.07867e-01 1.39115e-01 |
   3712 | 6.15564e+01 1.65828e-02 | 1.25332e-02 1.07867e-01 1.39115e-01 |
   3713 | 6.15730e+01 1.65828e-02 | 1.25332e-02 1.07867e-01 1.39115e-01 |
   3714 | 6.15896e+01 1.65829e-02 | 1.25332e-02 1.07867e-01 1.39115e-01 |
   3715 | 6.16062e+01 1.65829e-02 | 1.25332e-02 1.07867e-01 1.39115e-01 |
   3716 | 6.16228e+01 1.65830e-02 | 1.25332e-02 1.07867e-01 1.39115e-01 |
   3717 | 6.16394e+01 1.65830e-02 | 1.25332e-02 1.07867e-01 1.39115e-01 |
   3718 | 6.16559e+01 1.65831e-02 | 1.25332e-02 1.07867e-01 1.39115e-01 |
   3719 | 6.16725e+01 1.65832e-02 | 1.25332e-02 1.07867e-01 1.39115e-01 |
   3720 | 6.16891e+01 1.65832e-02 | 1.25332e-02 1.07867e-01 1.39115e-01 |
   3721 | 6.17057e+01 1.65833e-02 | 1.25332e-02 1.07867e-01 1.39115e-01 |
   3722 | 6.17223e+01 1.65834e-02 | 1.25332e-02 1.07867e-01 1.39115e-01 |
   3723 | 6.17389e+01 1.65835e-02 | 1.25332e-02 1.07867e-01 1.39115e-01 |
   3724 | 6.17554e+01 1.65836e-02 | 1.25332e-02 1.07867e-01 1.39115e-01 |
   3725 | 6.17720e+01 1.65836e-02 | 1.25332e-02 1.07867e-01 1.39115e-01 |
   3726 | 6.17886e+01 1.65837e-02 | 1.25332e-02 1.07867e-01 1.39115e-01 |
   3727 | 6.18052e+01 1.65838e-02 | 1.25332e-02 1.07867e-01 1.39115e-01 |
   3728 | 6.18218e+01 1.65839e-02 | 1.25332e-02 1.07867e-01 1.39115e-01 |
   3729 | 6.18384e+01 1.65838e-02 | 1.25332e-02 1.07867e-01 1.39115e-01 |
   3730 | 6.18549e+01 1.65837e-02 | 1.25332e-02 1.07867e-01 1.39115e-01 |
   3731 | 6.18715e+01 1.65836e-02 | 1.25332e-02 1.07867e-01 1.39115e-01 |
   3732 | 6.18881e+01 1.65835e-02 | 1.25332e-02 1.07867e-01 1.39115e-01 |
   3733 | 6.19047e+01 1.65834e-02 | 1.25332e-02 1.07867e-01 1.39115e-01 |
   3734 | 6.19213e+01 1.65834e-02 | 1.25332e-02 1.07867e-01 1.39115e-01 |
   3735 | 6.19379e+01 1.65833e-02 | 1.25332e-02 1.07867e-01 1.39115e-01 |
   3736 | 6.19544e+01 1.65832e-02 | 1.25332e-02 1.07867e-01 1.39115e-01 |
   3737 | 6.19710e+01 1.65832e-02 | 1.25332e-02 1.07867e-01 1.39115e-01 |
   3738 | 6.19876e+01 1.65831e-02 | 1.25332e-02 1.07867e-01 1.39115e-01 |
   3739 | 6.20042e+01 1.65830e-02 | 1.25332e-02 1.07867e-01 1.39115e-01 |
   3740 | 6.20208e+01 1.65830e-02 | 1.25332e-02 1.07867e-01 1.39115e-01 |
   3741 | 6.20374e+01 1.65829e-02 | 1.25332e-02 1.07867e-01 1.39115e-01 |
   3742 | 6.20539e+01 1.65829e-02 | 1.25332e-02 1.07867e-01 1.39115e-01 |
   3743 | 6.20705e+01 1.65828e-02 | 1.25332e-02 1.07867e-01 1.39115e-01 |
   3744 | 6.20871e+01 1.65828e-02 | 1.25332e-02 1.07867e-01 1.39115e-01 |
   3745 | 6.21037e+01 1.65827e-02 | 1.25332e-02 1.07867e-01 1.39115e-01 |
   3746 | 6.21203e+01 1.65827e-02 | 1.25332e-02 1.07867e-01 1.39115e-01 |
   3747 | 6.21368e+01 1.65827e-02 | 1.25332e-02 1.07867e-01 1.39115e-01 |
   3748 | 6.21534e+01 1.65826e-02 | 1.25332e-02 1.07867e-01 1.39115e-01 |
   3749 | 6.21700e+01 1.65826e-02 | 1.25332e-02 1.07867e-01 1.39115e-01 |
   3750 | 6.21866e+01 1.65826e-02 | 1.25332e-02 1.07867e-01 1.39115e-01 |
   3751 | 6.22032e+01 1.65826e-02 | 1.25332e-02 1.07867e-01 1.39115e-01 |
   3752 | 6.22198e+01 1.65826e-02 | 1.25332e-02 1.07867e-01 1.39115e-01 |
   3753 | 6.22363e+01 1.65826e-02 | 1.25332e-02 1.07867e-01 1.39115e-01 |
   3754 | 6.22529e+01 1.65825e-02 | 1.25332e-02 1.07867e-01 1.39115e-01 |
   3755 | 6.22695e+01 1.65825e-02 | 1.25332e-02 1.07867e-01 1.39115e-01 |
   3756 | 6.22861e+01 1.65825e-02 | 1.25332e-02 1.07867e-01 1.39115e-01 |
   3757 | 6.23027e+01 1.65825e-02 | 1.25332e-02 1.07867e-01 1.39115e-01 |
   3758 | 6.23193e+01 1.65825e-02 | 1.25332e-02 1.07867e-01 1.39115e-01 |
   3759 | 6.23358e+01 1.65826e-02 | 1.25332e-02 1.07867e-01 1.39115e-01 |
   3760 | 6.23524e+01 1.65826e-02 | 1.25332e-02 1.07867e-01 1.39115e-01 |
   3761 | 6.23690e+01 1.65826e-02 | 1.25332e-02 1.07867e-01 1.39115e-01 |
   3762 | 6.23856e+01 1.65826e-02 | 1.25332e-02 1.07867e-01 1.39115e-01 |
   3763 | 6.24022e+01 1.65826e-02 | 1.25332e-02 1.07867e-01 1.39115e-01 |
   3764 | 6.24188e+01 1.65827e-02 | 1.25332e-02 1.07867e-01 1.39115e-01 |
   3765 | 6.24353e+01 1.65827e-02 | 1.25332e-02 1.07867e-01 1.39115e-01 |
   3766 | 6.24519e+01 1.65827e-02 | 1.25332e-02 1.07867e-01 1.39115e-01 |
   3767 | 6.24685e+01 1.65828e-02 | 1.25332e-02 1.07867e-01 1.39115e-01 |
   3768 | 6.24851e+01 1.65828e-02 | 1.25332e-02 1.07867e-01 1.39115e-01 |
   3769 | 6.25017e+01 1.65828e-02 | 1.25332e-02 1.07867e-01 1.39115e-01 |
   3770 | 6.25182e+01 1.65829e-02 | 1.25332e-02 1.07867e-01 1.39115e-01 |
   3771 | 6.25348e+01 1.65829e-02 | 1.25332e-02 1.07867e-01 1.39115e-01 |
   3772 | 6.25514e+01 1.65830e-02 | 1.25332e-02 1.07867e-01 1.39115e-01 |
   3773 | 6.25680e+01 1.65831e-02 | 1.25332e-02 1.07867e-01 1.39115e-01 |
   3774 | 6.25846e+01 1.65831e-02 | 1.25332e-02 1.07867e-01 1.39115e-01 |
   3775 | 6.26012e+01 1.65832e-02 | 1.25332e-02 1.07867e-01 1.39115e-01 |
   3776 | 6.26177e+01 1.65833e-02 | 1.25332e-02 1.07867e-01 1.39115e-01 |
   3777 | 6.26343e+01 1.65833e-02 | 1.25332e-02 1.07867e-01 1.39115e-01 |
   3778 | 6.26509e+01 1.65834e-02 | 1.25332e-02 1.07867e-01 1.39115e-01 |
   3779 | 6.26675e+01 1.65835e-02 | 1.25332e-02 1.07867e-01 1.39115e-01 |
   3780 | 6.26841e+01 1.65836e-02 | 1.25332e-02 1.07867e-01 1.39115e-01 |
   3781 | 6.27007e+01 1.65837e-02 | 1.25332e-02 1.07867e-01 1.39115e-01 |
   3782 | 6.27172e+01 1.65837e-02 | 1.25332e-02 1.07867e-01 1.39115e-01 |
   3783 | 6.27338e+01 1.65837e-02 | 1.25332e-02 1.07867e-01 1.39115e-01 |
   3784 | 6.27504e+01 1.65836e-02 | 1.25332e-02 1.07867e-01 1.39115e-01 |
   3785 | 6.27670e+01 1.65835e-02 | 1.25332e-02 1.07867e-01 1.39115e-01 |
   3786 | 6.27836e+01 1.65834e-02 | 1.25332e-02 1.07867e-01 1.39115e-01 |
   3787 | 6.28002e+01 1.65833e-02 | 1.25332e-02 1.07867e-01 1.39115e-01 |
   3788 | 6.28168e+01 1.65833e-02 | 1.25332e-02 1.07867e-01 1.39115e-01 |
   3789 | 6.28333e+01 1.65832e-02 | 1.25332e-02 1.07867e-01 1.39115e-01 |
   3790 | 6.28499e+01 1.65831e-02 | 1.25332e-02 1.07867e-01 1.39115e-01 |
   3791 | 6.28665e+01 1.65830e-02 | 1.25332e-02 1.07867e-01 1.39115e-01 |
   3792 | 6.28831e+01 1.65830e-02 | 1.25332e-02 1.07867e-01 1.39115e-01 |
   3793 | 6.28997e+01 1.65829e-02 | 1.25332e-02 1.07867e-01 1.39115e-01 |
   3794 | 6.29162e+01 1.65829e-02 | 1.25332e-02 1.07867e-01 1.39115e-01 |
   3795 | 6.29328e+01 1.65828e-02 | 1.25332e-02 1.07867e-01 1.39115e-01 |
   3796 | 6.29494e+01 1.65828e-02 | 1.25332e-02 1.07867e-01 1.39115e-01 |
   3797 | 6.29660e+01 1.65827e-02 | 1.25332e-02 1.07867e-01 1.39115e-01 |
   3798 | 6.29826e+01 1.65827e-02 | 1.25332e-02 1.07867e-01 1.39115e-01 |
   3799 | 6.29992e+01 1.65827e-02 | 1.25332e-02 1.07867e-01 1.39115e-01 |
   3800 | 6.30157e+01 1.65826e-02 | 1.25332e-02 1.07867e-01 1.39115e-01 |
   3801 | 6.30323e+01 1.65826e-02 | 1.25332e-02 1.07867e-01 1.39115e-01 |
   3802 | 6.30489e+01 1.65826e-02 | 1.25332e-02 1.07867e-01 1.39115e-01 |
   3803 | 6.30655e+01 1.65825e-02 | 1.25332e-02 1.07867e-01 1.39115e-01 |
   3804 | 6.30821e+01 1.65825e-02 | 1.25332e-02 1.07867e-01 1.39115e-01 |
   3805 | 6.30987e+01 1.65825e-02 | 1.25332e-02 1.07867e-01 1.39115e-01 |
   3806 | 6.31152e+01 1.65825e-02 | 1.25332e-02 1.07867e-01 1.39115e-01 |
   3807 | 6.31318e+01 1.65825e-02 | 1.25332e-02 1.07867e-01 1.39115e-01 |
   3808 | 6.31484e+01 1.65825e-02 | 1.25332e-02 1.07867e-01 1.39115e-01 |
   3809 | 6.31650e+01 1.65825e-02 | 1.25332e-02 1.07867e-01 1.39115e-01 |
   3810 | 6.31816e+01 1.65825e-02 | 1.25332e-02 1.07867e-01 1.39115e-01 |
   3811 | 6.31982e+01 1.65825e-02 | 1.25332e-02 1.07867e-01 1.39115e-01 |
   3812 | 6.32147e+01 1.65825e-02 | 1.25332e-02 1.07867e-01 1.39115e-01 |
   3813 | 6.32313e+01 1.65825e-02 | 1.25332e-02 1.07867e-01 1.39115e-01 |
   3814 | 6.32479e+01 1.65825e-02 | 1.25332e-02 1.07867e-01 1.39115e-01 |
   3815 | 6.32645e+01 1.65825e-02 | 1.25332e-02 1.07867e-01 1.39115e-01 |
   3816 | 6.32811e+01 1.65826e-02 | 1.25332e-02 1.07867e-01 1.39115e-01 |
   3817 | 6.32976e+01 1.65826e-02 | 1.25332e-02 1.07867e-01 1.39115e-01 |
   3818 | 6.33142e+01 1.65826e-02 | 1.25332e-02 1.07867e-01 1.39115e-01 |
   3819 | 6.33308e+01 1.65826e-02 | 1.25332e-02 1.07867e-01 1.39115e-01 |
   3820 | 6.33474e+01 1.65827e-02 | 1.25332e-02 1.07867e-01 1.39115e-01 |
   3821 | 6.33640e+01 1.65827e-02 | 1.25332e-02 1.07867e-01 1.39115e-01 |
   3822 | 6.33806e+01 1.65828e-02 | 1.25332e-02 1.07867e-01 1.39115e-01 |
   3823 | 6.33971e+01 1.65828e-02 | 1.25332e-02 1.07867e-01 1.39115e-01 |
   3824 | 6.34137e+01 1.65829e-02 | 1.25332e-02 1.07867e-01 1.39115e-01 |
   3825 | 6.34303e+01 1.65829e-02 | 1.25332e-02 1.07867e-01 1.39115e-01 |
   3826 | 6.34469e+01 1.65830e-02 | 1.25332e-02 1.07867e-01 1.39115e-01 |
   3827 | 6.34635e+01 1.65830e-02 | 1.25332e-02 1.07867e-01 1.39115e-01 |
   3828 | 6.34801e+01 1.65831e-02 | 1.25332e-02 1.07867e-01 1.39115e-01 |
   3829 | 6.34966e+01 1.65832e-02 | 1.25332e-02 1.07867e-01 1.39115e-01 |
   3830 | 6.35132e+01 1.65832e-02 | 1.25332e-02 1.07867e-01 1.39115e-01 |
   3831 | 6.35298e+01 1.65833e-02 | 1.25332e-02 1.07867e-01 1.39115e-01 |
   3832 | 6.35464e+01 1.65834e-02 | 1.25332e-02 1.07867e-01 1.39115e-01 |
   3833 | 6.35630e+01 1.65835e-02 | 1.25332e-02 1.07867e-01 1.39115e-01 |
   3834 | 6.35796e+01 1.65836e-02 | 1.25332e-02 1.07867e-01 1.39115e-01 |
   3835 | 6.35961e+01 1.65836e-02 | 1.25332e-02 1.07867e-01 1.39115e-01 |
   3836 | 6.36127e+01 1.65837e-02 | 1.25332e-02 1.07867e-01 1.39115e-01 |
   3837 | 6.36293e+01 1.65838e-02 | 1.25332e-02 1.07867e-01 1.39115e-01 |
   3838 | 6.36459e+01 1.65839e-02 | 1.25332e-02 1.07867e-01 1.39115e-01 |
   3839 | 6.36625e+01 1.65840e-02 | 1.25332e-02 1.07867e-01 1.39115e-01 |
   3840 | 6.36791e+01 1.65841e-02 | 1.25332e-02 1.07867e-01 1.39115e-01 |
   3841 | 6.36956e+01 1.65842e-02 | 1.25332e-02 1.07867e-01 1.39115e-01 |
   3842 | 6.37122e+01 1.65843e-02 | 1.25332e-02 1.07867e-01 1.39115e-01 |
   3843 | 6.37288e+01 1.65842e-02 | 1.25332e-02 1.07867e-01 1.39115e-01 |
   3844 | 6.37454e+01 1.65841e-02 | 1.25332e-02 1.07867e-01 1.39115e-01 |
   3845 | 6.37620e+01 1.65841e-02 | 1.25332e-02 1.07867e-01 1.39115e-01 |
   3846 | 6.37786e+01 1.65840e-02 | 1.25332e-02 1.07867e-01 1.39115e-01 |
   3847 | 6.37952e+01 1.65839e-02 | 1.25332e-02 1.07867e-01 1.39115e-01 |
   3848 | 6.38117e+01 1.65838e-02 | 1.25332e-02 1.07867e-01 1.39115e-01 |
   3849 | 6.38283e+01 1.65837e-02 | 1.25332e-02 1.07867e-01 1.39115e-01 |
   3850 | 6.38449e+01 1.65837e-02 | 1.25332e-02 1.07867e-01 1.39115e-01 |
   3851 | 6.38615e+01 1.65836e-02 | 1.25332e-02 1.07867e-01 1.39115e-01 |
   3852 | 6.38781e+01 1.65835e-02 | 1.25332e-02 1.07867e-01 1.39115e-01 |
   3853 | 6.38947e+01 1.65835e-02 | 1.25332e-02 1.07867e-01 1.39115e-01 |
   3854 | 6.39112e+01 1.65834e-02 | 1.25332e-02 1.07867e-01 1.39115e-01 |
   3855 | 6.39278e+01 1.65833e-02 | 1.25332e-02 1.07867e-01 1.39115e-01 |
   3856 | 6.39444e+01 1.65833e-02 | 1.25332e-02 1.07867e-01 1.39115e-01 |
   3857 | 6.39610e+01 1.65832e-02 | 1.25332e-02 1.07867e-01 1.39115e-01 |
   3858 | 6.39776e+01 1.65832e-02 | 1.25332e-02 1.07867e-01 1.39115e-01 |
   3859 | 6.39942e+01 1.65832e-02 | 1.25332e-02 1.07867e-01 1.39115e-01 |
   3860 | 6.40107e+01 1.65831e-02 | 1.25332e-02 1.07867e-01 1.39115e-01 |
   3861 | 6.40273e+01 1.65831e-02 | 1.25332e-02 1.07867e-01 1.39115e-01 |
   3862 | 6.40439e+01 1.65831e-02 | 1.25332e-02 1.07867e-01 1.39115e-01 |
   3863 | 6.40605e+01 1.65830e-02 | 1.25332e-02 1.07867e-01 1.39115e-01 |
   3864 | 6.40771e+01 1.65830e-02 | 1.25332e-02 1.07867e-01 1.39115e-01 |
   3865 | 6.40937e+01 1.65830e-02 | 1.25332e-02 1.07867e-01 1.39115e-01 |
   3866 | 6.41102e+01 1.65830e-02 | 1.25332e-02 1.07867e-01 1.39115e-01 |
   3867 | 6.41268e+01 1.65830e-02 | 1.25332e-02 1.07867e-01 1.39115e-01 |
   3868 | 6.41434e+01 1.65830e-02 | 1.25332e-02 1.07867e-01 1.39115e-01 |
   3869 | 6.41600e+01 1.65829e-02 | 1.25332e-02 1.07867e-01 1.39115e-01 |
   3870 | 6.41766e+01 1.65829e-02 | 1.25332e-02 1.07867e-01 1.39115e-01 |
   3871 | 6.41931e+01 1.65829e-02 | 1.25332e-02 1.07867e-01 1.39115e-01 |
   3872 | 6.42097e+01 1.65830e-02 | 1.25332e-02 1.07867e-01 1.39115e-01 |
   3873 | 6.42263e+01 1.65830e-02 | 1.25332e-02 1.07867e-01 1.39115e-01 |
   3874 | 6.42429e+01 1.65830e-02 | 1.25332e-02 1.07867e-01 1.39115e-01 |
   3875 | 6.42595e+01 1.65830e-02 | 1.25332e-02 1.07867e-01 1.39115e-01 |
   3876 | 6.42761e+01 1.65830e-02 | 1.25332e-02 1.07867e-01 1.39115e-01 |
   3877 | 6.42926e+01 1.65830e-02 | 1.25332e-02 1.07867e-01 1.39115e-01 |
   3878 | 6.43092e+01 1.65831e-02 | 1.25332e-02 1.07867e-01 1.39115e-01 |
   3879 | 6.43258e+01 1.65831e-02 | 1.25332e-02 1.07867e-01 1.39115e-01 |
   3880 | 6.43424e+01 1.65831e-02 | 1.25332e-02 1.07867e-01 1.39115e-01 |
   3881 | 6.43590e+01 1.65832e-02 | 1.25332e-02 1.07867e-01 1.39115e-01 |
   3882 | 6.43756e+01 1.65832e-02 | 1.25332e-02 1.07867e-01 1.39115e-01 |
   3883 | 6.43921e+01 1.65832e-02 | 1.25332e-02 1.07867e-01 1.39115e-01 |
   3884 | 6.44087e+01 1.65833e-02 | 1.25332e-02 1.07867e-01 1.39115e-01 |
   3885 | 6.44253e+01 1.65833e-02 | 1.25332e-02 1.07867e-01 1.39115e-01 |
   3886 | 6.44419e+01 1.65834e-02 | 1.25332e-02 1.07867e-01 1.39115e-01 |
   3887 | 6.44585e+01 1.65834e-02 | 1.25332e-02 1.07867e-01 1.39115e-01 |
   3888 | 6.44751e+01 1.65835e-02 | 1.25332e-02 1.07867e-01 1.39115e-01 |
   3889 | 6.44916e+01 1.65836e-02 | 1.25332e-02 1.07867e-01 1.39115e-01 |
   3890 | 6.45082e+01 1.65836e-02 | 1.25332e-02 1.07867e-01 1.39115e-01 |
   3891 | 6.45248e+01 1.65837e-02 | 1.25332e-02 1.07867e-01 1.39115e-01 |
   3892 | 6.45414e+01 1.65837e-02 | 1.25332e-02 1.07867e-01 1.39115e-01 |
   3893 | 6.45580e+01 1.65836e-02 | 1.25332e-02 1.07867e-01 1.39115e-01 |
   3894 | 6.45746e+01 1.65835e-02 | 1.25332e-02 1.07867e-01 1.39115e-01 |
   3895 | 6.45911e+01 1.65835e-02 | 1.25332e-02 1.07867e-01 1.39115e-01 |
   3896 | 6.46077e+01 1.65834e-02 | 1.25332e-02 1.07867e-01 1.39115e-01 |
   3897 | 6.46243e+01 1.65833e-02 | 1.25332e-02 1.07867e-01 1.39115e-01 |
   3898 | 6.46409e+01 1.65833e-02 | 1.25332e-02 1.07867e-01 1.39115e-01 |
   3899 | 6.46575e+01 1.65832e-02 | 1.25332e-02 1.07867e-01 1.39115e-01 |
   3900 | 6.46741e+01 1.65832e-02 | 1.25332e-02 1.07867e-01 1.39115e-01 |
   3901 | 6.46906e+01 1.65832e-02 | 1.25332e-02 1.07867e-01 1.39115e-01 |
   3902 | 6.47072e+01 1.65831e-02 | 1.25332e-02 1.07867e-01 1.39115e-01 |
   3903 | 6.47238e+01 1.65831e-02 | 1.25332e-02 1.07867e-01 1.39115e-01 |
   3904 | 6.47404e+01 1.65831e-02 | 1.25332e-02 1.07867e-01 1.39115e-01 |
   3905 | 6.47570e+01 1.65830e-02 | 1.25332e-02 1.07867e-01 1.39115e-01 |
   3906 | 6.47736e+01 1.65830e-02 | 1.25332e-02 1.07867e-01 1.39115e-01 |
   3907 | 6.47901e+01 1.65830e-02 | 1.25332e-02 1.07867e-01 1.39115e-01 |
   3908 | 6.48067e+01 1.65830e-02 | 1.25332e-02 1.07867e-01 1.39115e-01 |
   3909 | 6.48233e+01 1.65829e-02 | 1.25332e-02 1.07867e-01 1.39115e-01 |
   3910 | 6.48399e+01 1.65829e-02 | 1.25332e-02 1.07867e-01 1.39115e-01 |
   3911 | 6.48565e+01 1.65829e-02 | 1.25332e-02 1.07867e-01 1.39115e-01 |
   3912 | 6.48731e+01 1.65829e-02 | 1.25332e-02 1.07867e-01 1.39115e-01 |
   3913 | 6.48896e+01 1.65829e-02 | 1.25332e-02 1.07867e-01 1.39115e-01 |
   3914 | 6.49062e+01 1.65829e-02 | 1.25332e-02 1.07867e-01 1.39115e-01 |
   3915 | 6.49228e+01 1.65829e-02 | 1.25332e-02 1.07867e-01 1.39115e-01 |
   3916 | 6.49394e+01 1.65829e-02 | 1.25332e-02 1.07867e-01 1.39115e-01 |
   3917 | 6.49560e+01 1.65830e-02 | 1.25332e-02 1.07867e-01 1.39115e-01 |
   3918 | 6.49726e+01 1.65830e-02 | 1.25332e-02 1.07867e-01 1.39115e-01 |
   3919 | 6.49891e+01 1.65830e-02 | 1.25332e-02 1.07867e-01 1.39115e-01 |
   3920 | 6.50057e+01 1.65830e-02 | 1.25332e-02 1.07867e-01 1.39115e-01 |
   3921 | 6.50223e+01 1.65831e-02 | 1.25332e-02 1.07867e-01 1.39115e-01 |
   3922 | 6.50389e+01 1.65831e-02 | 1.25332e-02 1.07867e-01 1.39115e-01 |
   3923 | 6.50555e+01 1.65831e-02 | 1.25332e-02 1.07867e-01 1.39115e-01 |
   3924 | 6.50721e+01 1.65832e-02 | 1.25332e-02 1.07867e-01 1.39115e-01 |
   3925 | 6.50886e+01 1.65832e-02 | 1.25332e-02 1.07867e-01 1.39115e-01 |
   3926 | 6.51052e+01 1.65832e-02 | 1.25332e-02 1.07867e-01 1.39115e-01 |
   3927 | 6.51218e+01 1.65832e-02 | 1.25332e-02 1.07867e-01 1.39115e-01 |
   3928 | 6.51384e+01 1.65832e-02 | 1.25332e-02 1.07867e-01 1.39115e-01 |
   3929 | 6.51550e+01 1.65832e-02 | 1.25332e-02 1.07867e-01 1.39115e-01 |
   3930 | 6.51716e+01 1.65832e-02 | 1.25332e-02 1.07867e-01 1.39115e-01 |
   3931 | 6.51881e+01 1.65832e-02 | 1.25332e-02 1.07867e-01 1.39115e-01 |
   3932 | 6.52047e+01 1.65832e-02 | 1.25332e-02 1.07867e-01 1.39115e-01 |
   3933 | 6.52213e+01 1.65832e-02 | 1.25332e-02 1.07867e-01 1.39115e-01 |
   3934 | 6.52379e+01 1.65833e-02 | 1.25332e-02 1.07867e-01 1.39115e-01 |
   3935 | 6.52545e+01 1.65833e-02 | 1.25332e-02 1.07867e-01 1.39115e-01 |
   3936 | 6.52711e+01 1.65833e-02 | 1.25332e-02 1.07867e-01 1.39115e-01 |
   3937 | 6.52876e+01 1.65834e-02 | 1.25332e-02 1.07867e-01 1.39115e-01 |
   3938 | 6.53042e+01 1.65834e-02 | 1.25332e-02 1.07867e-01 1.39115e-01 |
   3939 | 6.53208e+01 1.65834e-02 | 1.25332e-02 1.07867e-01 1.39115e-01 |
   3940 | 6.53374e+01 1.65835e-02 | 1.25332e-02 1.07867e-01 1.39115e-01 |
   3941 | 6.53540e+01 1.65835e-02 | 1.25332e-02 1.07867e-01 1.39115e-01 |
   3942 | 6.53706e+01 1.65836e-02 | 1.25332e-02 1.07867e-01 1.39115e-01 |
   3943 | 6.53871e+01 1.65836e-02 | 1.25332e-02 1.07867e-01 1.39115e-01 |
   3944 | 6.54037e+01 1.65837e-02 | 1.25332e-02 1.07867e-01 1.39115e-01 |
   3945 | 6.54203e+01 1.65838e-02 | 1.25332e-02 1.07867e-01 1.39115e-01 |
   3946 | 6.54369e+01 1.65838e-02 | 1.25332e-02 1.07867e-01 1.39115e-01 |
   3947 | 6.54535e+01 1.65839e-02 | 1.25332e-02 1.07867e-01 1.39115e-01 |
   3948 | 6.54701e+01 1.65838e-02 | 1.25332e-02 1.07867e-01 1.39115e-01 |
   3949 | 6.54866e+01 1.65837e-02 | 1.25332e-02 1.07867e-01 1.39115e-01 |
   3950 | 6.55032e+01 1.65837e-02 | 1.25332e-02 1.07867e-01 1.39115e-01 |
   3951 | 6.55198e+01 1.65836e-02 | 1.25332e-02 1.07867e-01 1.39115e-01 |
   3952 | 6.55364e+01 1.65836e-02 | 1.25332e-02 1.07867e-01 1.39115e-01 |
   3953 | 6.55530e+01 1.65835e-02 | 1.25332e-02 1.07867e-01 1.39115e-01 |
   3954 | 6.55696e+01 1.65835e-02 | 1.25332e-02 1.07867e-01 1.39115e-01 |
   3955 | 6.55861e+01 1.65834e-02 | 1.25332e-02 1.07867e-01 1.39115e-01 |
   3956 | 6.56027e+01 1.65834e-02 | 1.25332e-02 1.07867e-01 1.39115e-01 |
   3957 | 6.56193e+01 1.65834e-02 | 1.25332e-02 1.07867e-01 1.39115e-01 |
   3958 | 6.56359e+01 1.65833e-02 | 1.25332e-02 1.07867e-01 1.39115e-01 |
   3959 | 6.56525e+01 1.65833e-02 | 1.25332e-02 1.07867e-01 1.39115e-01 |
   3960 | 6.56691e+01 1.65833e-02 | 1.25332e-02 1.07867e-01 1.39115e-01 |
   3961 | 6.56856e+01 1.65833e-02 | 1.25332e-02 1.07867e-01 1.39115e-01 |
   3962 | 6.57022e+01 1.65833e-02 | 1.25332e-02 1.07867e-01 1.39115e-01 |
   3963 | 6.57188e+01 1.65832e-02 | 1.25332e-02 1.07867e-01 1.39115e-01 |
   3964 | 6.57354e+01 1.65832e-02 | 1.25332e-02 1.07867e-01 1.39115e-01 |
   3965 | 6.57520e+01 1.65832e-02 | 1.25332e-02 1.07867e-01 1.39115e-01 |
   3966 | 6.57686e+01 1.65832e-02 | 1.25332e-02 1.07867e-01 1.39115e-01 |
   3967 | 6.57851e+01 1.65832e-02 | 1.25332e-02 1.07867e-01 1.39115e-01 |
   3968 | 6.58017e+01 1.65831e-02 | 1.25332e-02 1.07867e-01 1.39115e-01 |
   3969 | 6.58183e+01 1.65831e-02 | 1.25332e-02 1.07867e-01 1.39115e-01 |
   3970 | 6.58349e+01 1.65831e-02 | 1.25332e-02 1.07867e-01 1.39115e-01 |
   3971 | 6.58515e+01 1.65830e-02 | 1.25332e-02 1.07867e-01 1.39115e-01 |
   3972 | 6.58681e+01 1.65830e-02 | 1.25332e-02 1.07867e-01 1.39115e-01 |
   3973 | 6.58846e+01 1.65830e-02 | 1.25332e-02 1.07867e-01 1.39115e-01 |
   3974 | 6.59012e+01 1.65830e-02 | 1.25332e-02 1.07867e-01 1.39115e-01 |
   3975 | 6.59178e+01 1.65829e-02 | 1.25332e-02 1.07867e-01 1.39115e-01 |
   3976 | 6.59344e+01 1.65829e-02 | 1.25332e-02 1.07867e-01 1.39115e-01 |
   3977 | 6.59510e+01 1.65829e-02 | 1.25332e-02 1.07867e-01 1.39115e-01 |
   3978 | 6.59676e+01 1.65829e-02 | 1.25332e-02 1.07867e-01 1.39115e-01 |
   3979 | 6.59841e+01 1.65829e-02 | 1.25332e-02 1.07867e-01 1.39115e-01 |
   3980 | 6.60007e+01 1.65829e-02 | 1.25332e-02 1.07867e-01 1.39115e-01 |
   3981 | 6.60173e+01 1.65829e-02 | 1.25332e-02 1.07867e-01 1.39115e-01 |
   3982 | 6.60339e+01 1.65829e-02 | 1.25332e-02 1.07867e-01 1.39115e-01 |
   3983 | 6.60505e+01 1.65829e-02 | 1.25332e-02 1.07867e-01 1.39115e-01 |
   3984 | 6.60671e+01 1.65829e-02 | 1.25332e-02 1.07867e-01 1.39115e-01 |
   3985 | 6.60836e+01 1.65829e-02 | 1.25332e-02 1.07867e-01 1.39115e-01 |
   3986 | 6.61002e+01 1.65829e-02 | 1.25332e-02 1.07867e-01 1.39115e-01 |
   3987 | 6.61168e+01 1.65830e-02 | 1.25332e-02 1.07867e-01 1.39115e-01 |
   3988 | 6.61334e+01 1.65830e-02 | 1.25332e-02 1.07867e-01 1.39115e-01 |
   3989 | 6.61500e+01 1.65830e-02 | 1.25332e-02 1.07867e-01 1.39115e-01 |
   3990 | 6.61666e+01 1.65831e-02 | 1.25332e-02 1.07867e-01 1.39115e-01 |
   3991 | 6.61831e+01 1.65831e-02 | 1.25332e-02 1.07867e-01 1.39115e-01 |
   3992 | 6.61997e+01 1.65831e-02 | 1.25332e-02 1.07867e-01 1.39115e-01 |
   3993 | 6.62163e+01 1.65832e-02 | 1.25332e-02 1.07867e-01 1.39115e-01 |
   3994 | 6.62329e+01 1.65832e-02 | 1.25332e-02 1.07867e-01 1.39115e-01 |
   3995 | 6.62495e+01 1.65833e-02 | 1.25332e-02 1.07867e-01 1.39115e-01 |
   3996 | 6.62660e+01 1.65833e-02 | 1.25332e-02 1.07867e-01 1.39115e-01 |
   3997 | 6.62826e+01 1.65834e-02 | 1.25332e-02 1.07867e-01 1.39115e-01 |
   3998 | 6.62992e+01 1.65834e-02 | 1.25332e-02 1.07867e-01 1.39115e-01 |
   3999 | 6.63158e+01 1.65835e-02 | 1.25332e-02 1.07867e-01 1.39115e-01 |
   4000 | 6.63324e+01 1.65836e-02 | 1.25332e-02 1.07867e-01 1.39115e-01 |
   4001 | 6.63490e+01 1.65837e-02 | 1.25332e-02 1.07867e-01 1.39115e-01 |
   4002 | 6.63656e+01 1.65837e-02 | 1.25332e-02 1.07867e-01 1.39115e-01 |
   4003 | 6.63821e+01 1.65836e-02 | 1.25332e-02 1.07867e-01 1.39115e-01 |
   4004 | 6.63987e+01 1.65836e-02 | 1.25332e-02 1.07867e-01 1.39115e-01 |
   4005 | 6.64153e+01 1.65835e-02 | 1.25332e-02 1.07867e-01 1.39115e-01 |
   4006 | 6.64319e+01 1.65835e-02 | 1.25332e-02 1.07867e-01 1.39115e-01 |
   4007 | 6.64485e+01 1.65834e-02 | 1.25332e-02 1.07867e-01 1.39115e-01 |
   4008 | 6.64651e+01 1.65834e-02 | 1.25332e-02 1.07867e-01 1.39115e-01 |
   4009 | 6.64816e+01 1.65833e-02 | 1.25332e-02 1.07867e-01 1.39115e-01 |
   4010 | 6.64982e+01 1.65833e-02 | 1.25332e-02 1.07867e-01 1.39115e-01 |
   4011 | 6.65148e+01 1.65832e-02 | 1.25332e-02 1.07867e-01 1.39115e-01 |
   4012 | 6.65314e+01 1.65832e-02 | 1.25332e-02 1.07867e-01 1.39115e-01 |
   4013 | 6.65480e+01 1.65831e-02 | 1.25332e-02 1.07867e-01 1.39115e-01 |
   4014 | 6.65646e+01 1.65831e-02 | 1.25332e-02 1.07867e-01 1.39115e-01 |
   4015 | 6.65811e+01 1.65831e-02 | 1.25332e-02 1.07867e-01 1.39115e-01 |
   4016 | 6.65977e+01 1.65831e-02 | 1.25332e-02 1.07867e-01 1.39115e-01 |
   4017 | 6.66143e+01 1.65830e-02 | 1.25332e-02 1.07867e-01 1.39115e-01 |
   4018 | 6.66309e+01 1.65830e-02 | 1.25332e-02 1.07867e-01 1.39115e-01 |
   4019 | 6.66475e+01 1.65830e-02 | 1.25332e-02 1.07867e-01 1.39115e-01 |
   4020 | 6.66640e+01 1.65830e-02 | 1.25332e-02 1.07867e-01 1.39115e-01 |
   4021 | 6.66806e+01 1.65830e-02 | 1.25332e-02 1.07867e-01 1.39115e-01 |
   4022 | 6.66972e+01 1.65830e-02 | 1.25332e-02 1.07867e-01 1.39115e-01 |
   4023 | 6.67138e+01 1.65830e-02 | 1.25332e-02 1.07867e-01 1.39115e-01 |
   4024 | 6.67304e+01 1.65830e-02 | 1.25332e-02 1.07867e-01 1.39115e-01 |
   4025 | 6.67470e+01 1.65830e-02 | 1.25332e-02 1.07867e-01 1.39115e-01 |
   4026 | 6.67635e+01 1.65830e-02 | 1.25332e-02 1.07867e-01 1.39115e-01 |
   4027 | 6.67801e+01 1.65830e-02 | 1.25332e-02 1.07867e-01 1.39115e-01 |
   4028 | 6.67967e+01 1.65830e-02 | 1.25332e-02 1.07867e-01 1.39115e-01 |
   4029 | 6.68133e+01 1.65831e-02 | 1.25332e-02 1.07867e-01 1.39115e-01 |
   4030 | 6.68299e+01 1.65831e-02 | 1.25332e-02 1.07867e-01 1.39115e-01 |
   4031 | 6.68465e+01 1.65831e-02 | 1.25332e-02 1.07867e-01 1.39115e-01 |
   4032 | 6.68630e+01 1.65831e-02 | 1.25332e-02 1.07867e-01 1.39115e-01 |
   4033 | 6.68796e+01 1.65832e-02 | 1.25332e-02 1.07867e-01 1.39115e-01 |
   4034 | 6.68962e+01 1.65832e-02 | 1.25332e-02 1.07867e-01 1.39115e-01 |
   4035 | 6.69128e+01 1.65833e-02 | 1.25332e-02 1.07867e-01 1.39115e-01 |
   4036 | 6.69294e+01 1.65833e-02 | 1.25332e-02 1.07867e-01 1.39115e-01 |
   4037 | 6.69460e+01 1.65834e-02 | 1.25332e-02 1.07867e-01 1.39115e-01 |
   4038 | 6.69625e+01 1.65834e-02 | 1.25332e-02 1.07867e-01 1.39115e-01 |
   4039 | 6.69791e+01 1.65835e-02 | 1.25332e-02 1.07867e-01 1.39115e-01 |
   4040 | 6.69957e+01 1.65835e-02 | 1.25332e-02 1.07867e-01 1.39115e-01 |
   4041 | 6.70123e+01 1.65836e-02 | 1.25332e-02 1.07867e-01 1.39115e-01 |
   4042 | 6.70289e+01 1.65837e-02 | 1.25332e-02 1.07867e-01 1.39115e-01 |
   4043 | 6.70455e+01 1.65837e-02 | 1.25332e-02 1.07867e-01 1.39115e-01 |
   4044 | 6.70620e+01 1.65838e-02 | 1.25332e-02 1.07867e-01 1.39115e-01 |
   4045 | 6.70786e+01 1.65839e-02 | 1.25332e-02 1.07867e-01 1.39115e-01 |
   4046 | 6.70952e+01 1.65840e-02 | 1.25332e-02 1.07867e-01 1.39115e-01 |
   4047 | 6.71118e+01 1.65840e-02 | 1.25332e-02 1.07867e-01 1.39115e-01 |
   4048 | 6.71284e+01 1.65841e-02 | 1.25332e-02 1.07867e-01 1.39115e-01 |
   4049 | 6.71450e+01 1.65842e-02 | 1.25332e-02 1.07867e-01 1.39115e-01 |
   4050 | 6.71616e+01 1.65842e-02 | 1.25332e-02 1.07867e-01 1.39115e-01 |
   4051 | 6.71781e+01 1.65842e-02 | 1.25332e-02 1.07867e-01 1.39115e-01 |
   4052 | 6.71947e+01 1.65842e-02 | 1.25332e-02 1.07867e-01 1.39115e-01 |
   4053 | 6.72113e+01 1.65841e-02 | 1.25332e-02 1.07867e-01 1.39115e-01 |
   4054 | 6.72279e+01 1.65840e-02 | 1.25332e-02 1.07867e-01 1.39115e-01 |
   4055 | 6.72445e+01 1.65839e-02 | 1.25332e-02 1.07867e-01 1.39115e-01 |
   4056 | 6.72611e+01 1.65838e-02 | 1.25332e-02 1.07867e-01 1.39115e-01 |
   4057 | 6.72776e+01 1.65837e-02 | 1.25332e-02 1.07867e-01 1.39115e-01 |
   4058 | 6.72942e+01 1.65836e-02 | 1.25332e-02 1.07867e-01 1.39115e-01 |
   4059 | 6.73108e+01 1.65835e-02 | 1.25332e-02 1.07867e-01 1.39115e-01 |
   4060 | 6.73274e+01 1.65834e-02 | 1.25332e-02 1.07867e-01 1.39115e-01 |
   4061 | 6.73440e+01 1.65834e-02 | 1.25332e-02 1.07867e-01 1.39115e-01 |
   4062 | 6.73606e+01 1.65833e-02 | 1.25332e-02 1.07867e-01 1.39115e-01 |
   4063 | 6.73771e+01 1.65832e-02 | 1.25332e-02 1.07867e-01 1.39115e-01 |
   4064 | 6.73937e+01 1.65831e-02 | 1.25332e-02 1.07867e-01 1.39115e-01 |
   4065 | 6.74103e+01 1.65831e-02 | 1.25332e-02 1.07867e-01 1.39115e-01 |
   4066 | 6.74269e+01 1.65830e-02 | 1.25332e-02 1.07867e-01 1.39115e-01 |
   4067 | 6.74435e+01 1.65829e-02 | 1.25332e-02 1.07867e-01 1.39115e-01 |
   4068 | 6.74601e+01 1.65829e-02 | 1.25332e-02 1.07867e-01 1.39115e-01 |
   4069 | 6.74766e+01 1.65828e-02 | 1.25332e-02 1.07867e-01 1.39115e-01 |
   4070 | 6.74932e+01 1.65828e-02 | 1.25332e-02 1.07867e-01 1.39115e-01 |
   4071 | 6.75098e+01 1.65827e-02 | 1.25332e-02 1.07867e-01 1.39115e-01 |
   4072 | 6.75264e+01 1.65827e-02 | 1.25332e-02 1.07867e-01 1.39115e-01 |
   4073 | 6.75430e+01 1.65827e-02 | 1.25332e-02 1.07867e-01 1.39115e-01 |
   4074 | 6.75596e+01 1.65826e-02 | 1.25332e-02 1.07867e-01 1.39115e-01 |
   4075 | 6.75761e+01 1.65826e-02 | 1.25332e-02 1.07867e-01 1.39115e-01 |
   4076 | 6.75927e+01 1.65826e-02 | 1.25332e-02 1.07867e-01 1.39115e-01 |
   4077 | 6.76093e+01 1.65825e-02 | 1.25332e-02 1.07867e-01 1.39115e-01 |
   4078 | 6.76259e+01 1.65825e-02 | 1.25332e-02 1.07867e-01 1.39115e-01 |
   4079 | 6.76425e+01 1.65825e-02 | 1.25332e-02 1.07867e-01 1.39115e-01 |
   4080 | 6.76590e+01 1.65825e-02 | 1.25332e-02 1.07867e-01 1.39115e-01 |
   4081 | 6.76756e+01 1.65825e-02 | 1.25332e-02 1.07867e-01 1.39115e-01 |
   4082 | 6.76922e+01 1.65825e-02 | 1.25332e-02 1.07867e-01 1.39115e-01 |
   4083 | 6.77088e+01 1.65825e-02 | 1.25332e-02 1.07867e-01 1.39115e-01 |
   4084 | 6.77254e+01 1.65825e-02 | 1.25332e-02 1.07867e-01 1.39115e-01 |
   4085 | 6.77420e+01 1.65825e-02 | 1.25332e-02 1.07867e-01 1.39115e-01 |
   4086 | 6.77585e+01 1.65825e-02 | 1.25332e-02 1.07867e-01 1.39115e-01 |
   4087 | 6.77751e+01 1.65825e-02 | 1.25332e-02 1.07867e-01 1.39115e-01 |
   4088 | 6.77917e+01 1.65825e-02 | 1.25332e-02 1.07867e-01 1.39115e-01 |
   4089 | 6.78083e+01 1.65825e-02 | 1.25332e-02 1.07867e-01 1.39115e-01 |
   4090 | 6.78249e+01 1.65826e-02 | 1.25332e-02 1.07867e-01 1.39115e-01 |
   4091 | 6.78415e+01 1.65826e-02 | 1.25332e-02 1.07867e-01 1.39115e-01 |
   4092 | 6.78580e+01 1.65826e-02 | 1.25332e-02 1.07867e-01 1.39115e-01 |
   4093 | 6.78746e+01 1.65826e-02 | 1.25332e-02 1.07867e-01 1.39115e-01 |
   4094 | 6.78912e+01 1.65827e-02 | 1.25332e-02 1.07867e-01 1.39115e-01 |
   4095 | 6.79078e+01 1.65827e-02 | 1.25332e-02 1.07867e-01 1.39115e-01 |
   4096 | 6.79244e+01 1.65828e-02 | 1.25332e-02 1.07867e-01 1.39115e-01 |
   4097 | 6.79410e+01 1.65828e-02 | 1.25332e-02 1.07867e-01 1.39115e-01 |
   4098 | 6.79575e+01 1.65829e-02 | 1.25332e-02 1.07867e-01 1.39115e-01 |
   4099 | 6.79741e+01 1.65829e-02 | 1.25332e-02 1.07867e-01 1.39115e-01 |
   4100 | 6.79907e+01 1.65830e-02 | 1.25332e-02 1.07867e-01 1.39115e-01 |
   4101 | 6.80073e+01 1.65830e-02 | 1.25332e-02 1.07867e-01 1.39115e-01 |
   4102 | 6.80239e+01 1.65831e-02 | 1.25332e-02 1.07867e-01 1.39115e-01 |
   4103 | 6.80404e+01 1.65832e-02 | 1.25332e-02 1.07867e-01 1.39115e-01 |
   4104 | 6.80570e+01 1.65832e-02 | 1.25332e-02 1.07867e-01 1.39115e-01 |
   4105 | 6.80736e+01 1.65833e-02 | 1.25332e-02 1.07867e-01 1.39115e-01 |
   4106 | 6.80902e+01 1.65834e-02 | 1.25332e-02 1.07867e-01 1.39115e-01 |
   4107 | 6.81068e+01 1.65835e-02 | 1.25332e-02 1.07867e-01 1.39115e-01 |
   4108 | 6.81234e+01 1.65835e-02 | 1.25332e-02 1.07867e-01 1.39115e-01 |
   4109 | 6.81399e+01 1.65836e-02 | 1.25332e-02 1.07867e-01 1.39115e-01 |
   4110 | 6.81565e+01 1.65837e-02 | 1.25332e-02 1.07867e-01 1.39115e-01 |
   4111 | 6.81731e+01 1.65837e-02 | 1.25332e-02 1.07867e-01 1.39115e-01 |
   4112 | 6.81897e+01 1.65836e-02 | 1.25332e-02 1.07867e-01 1.39115e-01 |
   4113 | 6.82063e+01 1.65835e-02 | 1.25332e-02 1.07867e-01 1.39115e-01 |
   4114 | 6.82229e+01 1.65835e-02 | 1.25332e-02 1.07867e-01 1.39115e-01 |
   4115 | 6.82395e+01 1.65834e-02 | 1.25332e-02 1.07867e-01 1.39115e-01 |
   4116 | 6.82560e+01 1.65833e-02 | 1.25332e-02 1.07867e-01 1.39115e-01 |
   4117 | 6.82726e+01 1.65832e-02 | 1.25332e-02 1.07867e-01 1.39115e-01 |
   4118 | 6.82892e+01 1.65832e-02 | 1.25332e-02 1.07867e-01 1.39115e-01 |
   4119 | 6.83058e+01 1.65831e-02 | 1.25332e-02 1.07867e-01 1.39115e-01 |
   4120 | 6.83224e+01 1.65830e-02 | 1.25332e-02 1.07867e-01 1.39115e-01 |
   4121 | 6.83389e+01 1.65830e-02 | 1.25332e-02 1.07867e-01 1.39115e-01 |
   4122 | 6.83555e+01 1.65829e-02 | 1.25332e-02 1.07867e-01 1.39115e-01 |
   4123 | 6.83721e+01 1.65829e-02 | 1.25332e-02 1.07867e-01 1.39115e-01 |
   4124 | 6.83887e+01 1.65828e-02 | 1.25332e-02 1.07867e-01 1.39115e-01 |
   4125 | 6.84053e+01 1.65828e-02 | 1.25332e-02 1.07867e-01 1.39115e-01 |
   4126 | 6.84219e+01 1.65828e-02 | 1.25332e-02 1.07867e-01 1.39115e-01 |
   4127 | 6.84384e+01 1.65827e-02 | 1.25332e-02 1.07867e-01 1.39115e-01 |
   4128 | 6.84550e+01 1.65827e-02 | 1.25332e-02 1.07867e-01 1.39115e-01 |
   4129 | 6.84716e+01 1.65827e-02 | 1.25332e-02 1.07867e-01 1.39115e-01 |
   4130 | 6.84882e+01 1.65826e-02 | 1.25332e-02 1.07867e-01 1.39115e-01 |
   4131 | 6.85048e+01 1.65826e-02 | 1.25332e-02 1.07867e-01 1.39115e-01 |
   4132 | 6.85214e+01 1.65826e-02 | 1.25332e-02 1.07867e-01 1.39115e-01 |
   4133 | 6.85379e+01 1.65826e-02 | 1.25332e-02 1.07867e-01 1.39115e-01 |
   4134 | 6.85545e+01 1.65826e-02 | 1.25332e-02 1.07867e-01 1.39115e-01 |
   4135 | 6.85711e+01 1.65826e-02 | 1.25332e-02 1.07867e-01 1.39115e-01 |
   4136 | 6.85877e+01 1.65826e-02 | 1.25332e-02 1.07867e-01 1.39115e-01 |
   4137 | 6.86043e+01 1.65826e-02 | 1.25332e-02 1.07867e-01 1.39115e-01 |
   4138 | 6.86209e+01 1.65826e-02 | 1.25332e-02 1.07867e-01 1.39115e-01 |
   4139 | 6.86374e+01 1.65826e-02 | 1.25332e-02 1.07867e-01 1.39115e-01 |
   4140 | 6.86540e+01 1.65826e-02 | 1.25332e-02 1.07867e-01 1.39115e-01 |
   4141 | 6.86706e+01 1.65826e-02 | 1.25332e-02 1.07867e-01 1.39115e-01 |
   4142 | 6.86872e+01 1.65826e-02 | 1.25332e-02 1.07867e-01 1.39115e-01 |
   4143 | 6.87038e+01 1.65826e-02 | 1.25332e-02 1.07867e-01 1.39115e-01 |
   4144 | 6.87204e+01 1.65827e-02 | 1.25332e-02 1.07867e-01 1.39115e-01 |
   4145 | 6.87369e+01 1.65827e-02 | 1.25332e-02 1.07867e-01 1.39115e-01 |
   4146 | 6.87535e+01 1.65827e-02 | 1.25332e-02 1.07867e-01 1.39115e-01 |
   4147 | 6.87701e+01 1.65827e-02 | 1.25332e-02 1.07867e-01 1.39115e-01 |
   4148 | 6.87867e+01 1.65828e-02 | 1.25332e-02 1.07867e-01 1.39115e-01 |
   4149 | 6.88033e+01 1.65828e-02 | 1.25332e-02 1.07867e-01 1.39115e-01 |
   4150 | 6.88198e+01 1.65829e-02 | 1.25332e-02 1.07867e-01 1.39115e-01 |
   4151 | 6.88364e+01 1.65829e-02 | 1.25332e-02 1.07867e-01 1.39115e-01 |
   4152 | 6.88530e+01 1.65830e-02 | 1.25332e-02 1.07867e-01 1.39115e-01 |
   4153 | 6.88696e+01 1.65830e-02 | 1.25332e-02 1.07867e-01 1.39115e-01 |
   4154 | 6.88862e+01 1.65831e-02 | 1.25332e-02 1.07867e-01 1.39115e-01 |
   4155 | 6.89028e+01 1.65831e-02 | 1.25332e-02 1.07867e-01 1.39115e-01 |
   4156 | 6.89193e+01 1.65832e-02 | 1.25332e-02 1.07867e-01 1.39115e-01 |
   4157 | 6.89359e+01 1.65833e-02 | 1.25332e-02 1.07867e-01 1.39115e-01 |
   4158 | 6.89525e+01 1.65833e-02 | 1.25332e-02 1.07867e-01 1.39115e-01 |
   4159 | 6.89691e+01 1.65834e-02 | 1.25332e-02 1.07867e-01 1.39115e-01 |
   4160 | 6.89857e+01 1.65835e-02 | 1.25332e-02 1.07867e-01 1.39115e-01 |
   4161 | 6.90023e+01 1.65836e-02 | 1.25332e-02 1.07867e-01 1.39115e-01 |
   4162 | 6.90188e+01 1.65837e-02 | 1.25332e-02 1.07867e-01 1.39115e-01 |
   4163 | 6.90354e+01 1.65838e-02 | 1.25332e-02 1.07867e-01 1.39115e-01 |
   4164 | 6.90520e+01 1.65839e-02 | 1.25332e-02 1.07867e-01 1.39115e-01 |
   4165 | 6.90686e+01 1.65839e-02 | 1.25332e-02 1.07867e-01 1.39115e-01 |
   4166 | 6.90852e+01 1.65838e-02 | 1.25332e-02 1.07867e-01 1.39115e-01 |
   4167 | 6.91018e+01 1.65837e-02 | 1.25332e-02 1.07867e-01 1.39115e-01 |
   4168 | 6.91183e+01 1.65836e-02 | 1.25332e-02 1.07867e-01 1.39115e-01 |
   4169 | 6.91349e+01 1.65835e-02 | 1.25332e-02 1.07867e-01 1.39115e-01 |
   4170 | 6.91515e+01 1.65834e-02 | 1.25332e-02 1.07867e-01 1.39115e-01 |
   4171 | 6.91681e+01 1.65834e-02 | 1.25332e-02 1.07867e-01 1.39115e-01 |
   4172 | 6.91847e+01 1.65833e-02 | 1.25332e-02 1.07867e-01 1.39115e-01 |
   4173 | 6.92013e+01 1.65832e-02 | 1.25332e-02 1.07867e-01 1.39115e-01 |
   4174 | 6.92178e+01 1.65831e-02 | 1.25332e-02 1.07867e-01 1.39115e-01 |
   4175 | 6.92344e+01 1.65831e-02 | 1.25332e-02 1.07867e-01 1.39115e-01 |
   4176 | 6.92510e+01 1.65830e-02 | 1.25332e-02 1.07867e-01 1.39115e-01 |
   4177 | 6.92676e+01 1.65830e-02 | 1.25332e-02 1.07867e-01 1.39115e-01 |
   4178 | 6.92842e+01 1.65829e-02 | 1.25332e-02 1.07867e-01 1.39115e-01 |
   4179 | 6.93008e+01 1.65828e-02 | 1.25332e-02 1.07867e-01 1.39115e-01 |
   4180 | 6.93173e+01 1.65828e-02 | 1.25332e-02 1.07867e-01 1.39115e-01 |
   4181 | 6.93339e+01 1.65828e-02 | 1.25332e-02 1.07867e-01 1.39115e-01 |
   4182 | 6.93505e+01 1.65827e-02 | 1.25332e-02 1.07867e-01 1.39115e-01 |
   4183 | 6.93671e+01 1.65827e-02 | 1.25332e-02 1.07867e-01 1.39115e-01 |
   4184 | 6.93837e+01 1.65826e-02 | 1.25332e-02 1.07867e-01 1.39115e-01 |
   4185 | 6.94003e+01 1.65826e-02 | 1.25332e-02 1.07867e-01 1.39115e-01 |
   4186 | 6.94168e+01 1.65826e-02 | 1.25332e-02 1.07867e-01 1.39115e-01 |
   4187 | 6.94334e+01 1.65826e-02 | 1.25332e-02 1.07867e-01 1.39115e-01 |
   4188 | 6.94500e+01 1.65825e-02 | 1.25332e-02 1.07867e-01 1.39115e-01 |
   4189 | 6.94666e+01 1.65825e-02 | 1.25332e-02 1.07867e-01 1.39115e-01 |
   4190 | 6.94832e+01 1.65825e-02 | 1.25332e-02 1.07867e-01 1.39115e-01 |
   4191 | 6.94998e+01 1.65825e-02 | 1.25332e-02 1.07867e-01 1.39115e-01 |
   4192 | 6.95163e+01 1.65825e-02 | 1.25332e-02 1.07867e-01 1.39115e-01 |
   4193 | 6.95329e+01 1.65825e-02 | 1.25332e-02 1.07867e-01 1.39115e-01 |
   4194 | 6.95495e+01 1.65825e-02 | 1.25332e-02 1.07867e-01 1.39115e-01 |
   4195 | 6.95661e+01 1.65825e-02 | 1.25332e-02 1.07867e-01 1.39115e-01 |
   4196 | 6.95827e+01 1.65825e-02 | 1.25332e-02 1.07867e-01 1.39115e-01 |
   4197 | 6.95992e+01 1.65825e-02 | 1.25332e-02 1.07867e-01 1.39115e-01 |
   4198 | 6.96158e+01 1.65825e-02 | 1.25332e-02 1.07867e-01 1.39115e-01 |
   4199 | 6.96324e+01 1.65825e-02 | 1.25332e-02 1.07867e-01 1.39115e-01 |
   4200 | 6.96490e+01 1.65826e-02 | 1.25332e-02 1.07867e-01 1.39115e-01 |
   4201 | 6.96656e+01 1.65826e-02 | 1.25332e-02 1.07867e-01 1.39115e-01 |
   4202 | 6.96822e+01 1.65826e-02 | 1.25332e-02 1.07867e-01 1.39115e-01 |
   4203 | 6.96987e+01 1.65827e-02 | 1.25332e-02 1.07867e-01 1.39115e-01 |
   4204 | 6.97153e+01 1.65827e-02 | 1.25332e-02 1.07867e-01 1.39115e-01 |
   4205 | 6.97319e+01 1.65827e-02 | 1.25332e-02 1.07867e-01 1.39115e-01 |
   4206 | 6.97485e+01 1.65828e-02 | 1.25332e-02 1.07867e-01 1.39115e-01 |
   4207 | 6.97651e+01 1.65828e-02 | 1.25332e-02 1.07867e-01 1.39115e-01 |
   4208 | 6.97817e+01 1.65829e-02 | 1.25332e-02 1.07867e-01 1.39115e-01 |
   4209 | 6.97982e+01 1.65829e-02 | 1.25332e-02 1.07867e-01 1.39115e-01 |
   4210 | 6.98148e+01 1.65830e-02 | 1.25332e-02 1.07867e-01 1.39115e-01 |
   4211 | 6.98314e+01 1.65830e-02 | 1.25332e-02 1.07867e-01 1.39115e-01 |
   4212 | 6.98480e+01 1.65831e-02 | 1.25332e-02 1.07867e-01 1.39115e-01 |
   4213 | 6.98646e+01 1.65832e-02 | 1.25332e-02 1.07867e-01 1.39115e-01 |
   4214 | 6.98812e+01 1.65832e-02 | 1.25332e-02 1.07867e-01 1.39115e-01 |
   4215 | 6.98977e+01 1.65833e-02 | 1.25332e-02 1.07867e-01 1.39115e-01 |
   4216 | 6.99143e+01 1.65834e-02 | 1.25332e-02 1.07867e-01 1.39115e-01 |
   4217 | 6.99309e+01 1.65835e-02 | 1.25332e-02 1.07867e-01 1.39115e-01 |
   4218 | 6.99475e+01 1.65836e-02 | 1.25332e-02 1.07867e-01 1.39115e-01 |
   4219 | 6.99641e+01 1.65836e-02 | 1.25332e-02 1.07867e-01 1.39115e-01 |
   4220 | 6.99807e+01 1.65837e-02 | 1.25332e-02 1.07867e-01 1.39115e-01 |
   4221 | 6.99972e+01 1.65837e-02 | 1.25332e-02 1.07867e-01 1.39115e-01 |
   4222 | 7.00138e+01 1.65837e-02 | 1.25332e-02 1.07867e-01 1.39115e-01 |
   4223 | 7.00304e+01 1.65836e-02 | 1.25332e-02 1.07867e-01 1.39115e-01 |
   4224 | 7.00470e+01 1.65835e-02 | 1.25332e-02 1.07867e-01 1.39115e-01 |
   4225 | 7.00636e+01 1.65834e-02 | 1.25332e-02 1.07867e-01 1.39115e-01 |
   4226 | 7.00802e+01 1.65833e-02 | 1.25332e-02 1.07867e-01 1.39115e-01 |
   4227 | 7.00967e+01 1.65833e-02 | 1.25332e-02 1.07867e-01 1.39115e-01 |
   4228 | 7.01133e+01 1.65832e-02 | 1.25332e-02 1.07867e-01 1.39115e-01 |
   4229 | 7.01299e+01 1.65831e-02 | 1.25332e-02 1.07867e-01 1.39115e-01 |
   4230 | 7.01465e+01 1.65831e-02 | 1.25332e-02 1.07867e-01 1.39115e-01 |
   4231 | 7.01631e+01 1.65830e-02 | 1.25332e-02 1.07867e-01 1.39115e-01 |
   4232 | 7.01797e+01 1.65830e-02 | 1.25332e-02 1.07867e-01 1.39115e-01 |
   4233 | 7.01962e+01 1.65829e-02 | 1.25332e-02 1.07867e-01 1.39115e-01 |
   4234 | 7.02128e+01 1.65829e-02 | 1.25332e-02 1.07867e-01 1.39115e-01 |
   4235 | 7.02294e+01 1.65828e-02 | 1.25332e-02 1.07867e-01 1.39115e-01 |
   4236 | 7.02460e+01 1.65828e-02 | 1.25332e-02 1.07867e-01 1.39115e-01 |
   4237 | 7.02626e+01 1.65827e-02 | 1.25332e-02 1.07867e-01 1.39115e-01 |
   4238 | 7.02792e+01 1.65827e-02 | 1.25332e-02 1.07867e-01 1.39115e-01 |
   4239 | 7.02957e+01 1.65827e-02 | 1.25332e-02 1.07867e-01 1.39115e-01 |
   4240 | 7.03123e+01 1.65827e-02 | 1.25332e-02 1.07867e-01 1.39115e-01 |
   4241 | 7.03289e+01 1.65826e-02 | 1.25332e-02 1.07867e-01 1.39115e-01 |
   4242 | 7.03455e+01 1.65826e-02 | 1.25332e-02 1.07867e-01 1.39115e-01 |
   4243 | 7.03621e+01 1.65826e-02 | 1.25332e-02 1.07867e-01 1.39115e-01 |
   4244 | 7.03787e+01 1.65826e-02 | 1.25332e-02 1.07867e-01 1.39115e-01 |
   4245 | 7.03952e+01 1.65826e-02 | 1.25332e-02 1.07867e-01 1.39115e-01 |
   4246 | 7.04118e+01 1.65826e-02 | 1.25332e-02 1.07867e-01 1.39115e-01 |
   4247 | 7.04284e+01 1.65826e-02 | 1.25332e-02 1.07867e-01 1.39115e-01 |
   4248 | 7.04450e+01 1.65826e-02 | 1.25332e-02 1.07867e-01 1.39115e-01 |
   4249 | 7.04616e+01 1.65826e-02 | 1.25332e-02 1.07867e-01 1.39115e-01 |
   4250 | 7.04781e+01 1.65826e-02 | 1.25332e-02 1.07867e-01 1.39115e-01 |
   4251 | 7.04947e+01 1.65826e-02 | 1.25332e-02 1.07867e-01 1.39115e-01 |
   4252 | 7.05113e+01 1.65826e-02 | 1.25332e-02 1.07867e-01 1.39115e-01 |
   4253 | 7.05279e+01 1.65827e-02 | 1.25332e-02 1.07867e-01 1.39115e-01 |
   4254 | 7.05445e+01 1.65827e-02 | 1.25332e-02 1.07867e-01 1.39115e-01 |
   4255 | 7.05611e+01 1.65827e-02 | 1.25332e-02 1.07867e-01 1.39115e-01 |
   4256 | 7.05776e+01 1.65827e-02 | 1.25332e-02 1.07867e-01 1.39115e-01 |
   4257 | 7.05942e+01 1.65827e-02 | 1.25332e-02 1.07867e-01 1.39115e-01 |
   4258 | 7.06108e+01 1.65827e-02 | 1.25332e-02 1.07867e-01 1.39115e-01 |
   4259 | 7.06274e+01 1.65827e-02 | 1.25332e-02 1.07867e-01 1.39115e-01 |
   4260 | 7.06440e+01 1.65827e-02 | 1.25332e-02 1.07867e-01 1.39115e-01 |
   4261 | 7.06606e+01 1.65828e-02 | 1.25332e-02 1.07867e-01 1.39115e-01 |
   4262 | 7.06771e+01 1.65828e-02 | 1.25332e-02 1.07867e-01 1.39115e-01 |
   4263 | 7.06937e+01 1.65828e-02 | 1.25332e-02 1.07867e-01 1.39115e-01 |
   4264 | 7.07103e+01 1.65828e-02 | 1.25332e-02 1.07867e-01 1.39115e-01 |
   4265 | 7.07269e+01 1.65829e-02 | 1.25332e-02 1.07867e-01 1.39115e-01 |
   4266 | 7.07435e+01 1.65829e-02 | 1.25332e-02 1.07867e-01 1.39115e-01 |
   4267 | 7.07601e+01 1.65830e-02 | 1.25332e-02 1.07867e-01 1.39115e-01 |
   4268 | 7.07766e+01 1.65830e-02 | 1.25332e-02 1.07867e-01 1.39115e-01 |
   4269 | 7.07932e+01 1.65831e-02 | 1.25332e-02 1.07867e-01 1.39115e-01 |
   4270 | 7.08098e+01 1.65831e-02 | 1.25332e-02 1.07867e-01 1.39115e-01 |
   4271 | 7.08264e+01 1.65832e-02 | 1.25332e-02 1.07867e-01 1.39115e-01 |
   4272 | 7.08430e+01 1.65832e-02 | 1.25332e-02 1.07867e-01 1.39115e-01 |
   4273 | 7.08596e+01 1.65833e-02 | 1.25332e-02 1.07867e-01 1.39115e-01 |
   4274 | 7.08761e+01 1.65834e-02 | 1.25332e-02 1.07867e-01 1.39115e-01 |
   4275 | 7.08927e+01 1.65834e-02 | 1.25332e-02 1.07867e-01 1.39115e-01 |
   4276 | 7.09093e+01 1.65835e-02 | 1.25332e-02 1.07867e-01 1.39115e-01 |
   4277 | 7.09259e+01 1.65836e-02 | 1.25332e-02 1.07867e-01 1.39115e-01 |
   4278 | 7.09425e+01 1.65837e-02 | 1.25332e-02 1.07867e-01 1.39115e-01 |
   4279 | 7.09591e+01 1.65838e-02 | 1.25332e-02 1.07867e-01 1.39115e-01 |
   4280 | 7.09756e+01 1.65838e-02 | 1.25332e-02 1.07867e-01 1.39115e-01 |
   4281 | 7.09922e+01 1.65838e-02 | 1.25332e-02 1.07867e-01 1.39115e-01 |
   4282 | 7.10088e+01 1.65837e-02 | 1.25332e-02 1.07867e-01 1.39115e-01 |
   4283 | 7.10254e+01 1.65836e-02 | 1.25332e-02 1.07867e-01 1.39115e-01 |
   4284 | 7.10420e+01 1.65835e-02 | 1.25332e-02 1.07867e-01 1.39115e-01 |
   4285 | 7.10586e+01 1.65834e-02 | 1.25332e-02 1.07867e-01 1.39115e-01 |
   4286 | 7.10751e+01 1.65834e-02 | 1.25332e-02 1.07867e-01 1.39115e-01 |
   4287 | 7.10917e+01 1.65833e-02 | 1.25332e-02 1.07867e-01 1.39115e-01 |
   4288 | 7.11083e+01 1.65832e-02 | 1.25332e-02 1.07867e-01 1.39115e-01 |
   4289 | 7.11249e+01 1.65831e-02 | 1.25332e-02 1.07867e-01 1.39115e-01 |
   4290 | 7.11415e+01 1.65831e-02 | 1.25332e-02 1.07867e-01 1.39115e-01 |
   4291 | 7.11581e+01 1.65830e-02 | 1.25332e-02 1.07867e-01 1.39115e-01 |
   4292 | 7.11746e+01 1.65830e-02 | 1.25332e-02 1.07867e-01 1.39115e-01 |
   4293 | 7.11912e+01 1.65829e-02 | 1.25332e-02 1.07867e-01 1.39115e-01 |
   4294 | 7.12078e+01 1.65829e-02 | 1.25332e-02 1.07867e-01 1.39115e-01 |
   4295 | 7.12244e+01 1.65828e-02 | 1.25332e-02 1.07867e-01 1.39115e-01 |
   4296 | 7.12410e+01 1.65828e-02 | 1.25332e-02 1.07867e-01 1.39115e-01 |
   4297 | 7.12576e+01 1.65827e-02 | 1.25332e-02 1.07867e-01 1.39115e-01 |
   4298 | 7.12741e+01 1.65827e-02 | 1.25332e-02 1.07867e-01 1.39115e-01 |
   4299 | 7.12907e+01 1.65827e-02 | 1.25332e-02 1.07867e-01 1.39115e-01 |
   4300 | 7.13073e+01 1.65826e-02 | 1.25332e-02 1.07867e-01 1.39115e-01 |
   4301 | 7.13239e+01 1.65826e-02 | 1.25332e-02 1.07867e-01 1.39115e-01 |
   4302 | 7.13405e+01 1.65826e-02 | 1.25332e-02 1.07867e-01 1.39115e-01 |
   4303 | 7.13570e+01 1.65826e-02 | 1.25332e-02 1.07867e-01 1.39115e-01 |
   4304 | 7.13736e+01 1.65826e-02 | 1.25332e-02 1.07867e-01 1.39115e-01 |
   4305 | 7.13902e+01 1.65826e-02 | 1.25332e-02 1.07867e-01 1.39115e-01 |
   4306 | 7.14068e+01 1.65825e-02 | 1.25332e-02 1.07867e-01 1.39115e-01 |
   4307 | 7.14234e+01 1.65825e-02 | 1.25332e-02 1.07867e-01 1.39115e-01 |
   4308 | 7.14400e+01 1.65825e-02 | 1.25332e-02 1.07867e-01 1.39115e-01 |
   4309 | 7.14565e+01 1.65825e-02 | 1.25332e-02 1.07867e-01 1.39115e-01 |
   4310 | 7.14731e+01 1.65825e-02 | 1.25332e-02 1.07867e-01 1.39115e-01 |
   4311 | 7.14897e+01 1.65826e-02 | 1.25332e-02 1.07867e-01 1.39115e-01 |
   4312 | 7.15063e+01 1.65826e-02 | 1.25332e-02 1.07867e-01 1.39115e-01 |
   4313 | 7.15229e+01 1.65826e-02 | 1.25332e-02 1.07867e-01 1.39115e-01 |
   4314 | 7.15395e+01 1.65826e-02 | 1.25332e-02 1.07867e-01 1.39115e-01 |
   4315 | 7.15560e+01 1.65826e-02 | 1.25332e-02 1.07867e-01 1.39115e-01 |
   4316 | 7.15726e+01 1.65827e-02 | 1.25332e-02 1.07867e-01 1.39115e-01 |
   4317 | 7.15892e+01 1.65827e-02 | 1.25332e-02 1.07867e-01 1.39115e-01 |
   4318 | 7.16058e+01 1.65827e-02 | 1.25332e-02 1.07867e-01 1.39115e-01 |
   4319 | 7.16224e+01 1.65828e-02 | 1.25332e-02 1.07867e-01 1.39115e-01 |
   4320 | 7.16390e+01 1.65828e-02 | 1.25332e-02 1.07867e-01 1.39115e-01 |
   4321 | 7.16555e+01 1.65829e-02 | 1.25332e-02 1.07867e-01 1.39115e-01 |
   4322 | 7.16721e+01 1.65829e-02 | 1.25332e-02 1.07867e-01 1.39115e-01 |
   4323 | 7.16887e+01 1.65830e-02 | 1.25332e-02 1.07867e-01 1.39115e-01 |
   4324 | 7.17053e+01 1.65830e-02 | 1.25332e-02 1.07867e-01 1.39115e-01 |
   4325 | 7.17219e+01 1.65831e-02 | 1.25332e-02 1.07867e-01 1.39115e-01 |
   4326 | 7.17384e+01 1.65831e-02 | 1.25332e-02 1.07867e-01 1.39115e-01 |
   4327 | 7.17550e+01 1.65832e-02 | 1.25332e-02 1.07867e-01 1.39115e-01 |
   4328 | 7.17716e+01 1.65833e-02 | 1.25332e-02 1.07867e-01 1.39115e-01 |
   4329 | 7.17882e+01 1.65833e-02 | 1.25332e-02 1.07867e-01 1.39115e-01 |
   4330 | 7.18048e+01 1.65834e-02 | 1.25332e-02 1.07867e-01 1.39115e-01 |
   4331 | 7.18214e+01 1.65835e-02 | 1.25332e-02 1.07867e-01 1.39115e-01 |
   4332 | 7.18380e+01 1.65836e-02 | 1.25332e-02 1.07867e-01 1.39115e-01 |
   4333 | 7.18545e+01 1.65837e-02 | 1.25332e-02 1.07867e-01 1.39115e-01 |
   4334 | 7.18711e+01 1.65838e-02 | 1.25332e-02 1.07867e-01 1.39115e-01 |
   4335 | 7.18877e+01 1.65839e-02 | 1.25332e-02 1.07867e-01 1.39115e-01 |
   4336 | 7.19043e+01 1.65840e-02 | 1.25332e-02 1.07867e-01 1.39115e-01 |
   4337 | 7.19209e+01 1.65839e-02 | 1.25332e-02 1.07867e-01 1.39115e-01 |
   4338 | 7.19375e+01 1.65838e-02 | 1.25332e-02 1.07867e-01 1.39115e-01 |
   4339 | 7.19540e+01 1.65838e-02 | 1.25332e-02 1.07867e-01 1.39115e-01 |
   4340 | 7.19706e+01 1.65837e-02 | 1.25332e-02 1.07867e-01 1.39115e-01 |
   4341 | 7.19872e+01 1.65836e-02 | 1.25332e-02 1.07867e-01 1.39115e-01 |
   4342 | 7.20038e+01 1.65835e-02 | 1.25332e-02 1.07867e-01 1.39115e-01 |
   4343 | 7.20204e+01 1.65834e-02 | 1.25332e-02 1.07867e-01 1.39115e-01 |
   4344 | 7.20370e+01 1.65834e-02 | 1.25332e-02 1.07867e-01 1.39115e-01 |
   4345 | 7.20535e+01 1.65833e-02 | 1.25332e-02 1.07867e-01 1.39115e-01 |
   4346 | 7.20701e+01 1.65832e-02 | 1.25332e-02 1.07867e-01 1.39115e-01 |
   4347 | 7.20867e+01 1.65832e-02 | 1.25332e-02 1.07867e-01 1.39115e-01 |
   4348 | 7.21033e+01 1.65831e-02 | 1.25332e-02 1.07867e-01 1.39115e-01 |
   4349 | 7.21199e+01 1.65831e-02 | 1.25332e-02 1.07867e-01 1.39115e-01 |
   4350 | 7.21365e+01 1.65830e-02 | 1.25332e-02 1.07867e-01 1.39115e-01 |
   4351 | 7.21530e+01 1.65830e-02 | 1.25332e-02 1.07867e-01 1.39115e-01 |
   4352 | 7.21696e+01 1.65829e-02 | 1.25332e-02 1.07867e-01 1.39115e-01 |
   4353 | 7.21862e+01 1.65829e-02 | 1.25332e-02 1.07867e-01 1.39115e-01 |
   4354 | 7.22028e+01 1.65828e-02 | 1.25332e-02 1.07867e-01 1.39115e-01 |
   4355 | 7.22194e+01 1.65828e-02 | 1.25332e-02 1.07867e-01 1.39115e-01 |
   4356 | 7.22360e+01 1.65828e-02 | 1.25332e-02 1.07867e-01 1.39115e-01 |
   4357 | 7.22525e+01 1.65827e-02 | 1.25332e-02 1.07867e-01 1.39115e-01 |
   4358 | 7.22691e+01 1.65827e-02 | 1.25332e-02 1.07867e-01 1.39115e-01 |
   4359 | 7.22857e+01 1.65827e-02 | 1.25332e-02 1.07867e-01 1.39115e-01 |
   4360 | 7.23023e+01 1.65827e-02 | 1.25332e-02 1.07867e-01 1.39115e-01 |
   4361 | 7.23189e+01 1.65827e-02 | 1.25332e-02 1.07867e-01 1.39115e-01 |
   4362 | 7.23354e+01 1.65827e-02 | 1.25332e-02 1.07867e-01 1.39115e-01 |
   4363 | 7.23520e+01 1.65826e-02 | 1.25332e-02 1.07867e-01 1.39115e-01 |
   4364 | 7.23686e+01 1.65826e-02 | 1.25332e-02 1.07867e-01 1.39115e-01 |
   4365 | 7.23852e+01 1.65826e-02 | 1.25332e-02 1.07867e-01 1.39115e-01 |
   4366 | 7.24018e+01 1.65827e-02 | 1.25332e-02 1.07867e-01 1.39115e-01 |
   4367 | 7.24184e+01 1.65827e-02 | 1.25332e-02 1.07867e-01 1.39115e-01 |
   4368 | 7.24349e+01 1.65827e-02 | 1.25332e-02 1.07867e-01 1.39115e-01 |
   4369 | 7.24515e+01 1.65827e-02 | 1.25332e-02 1.07867e-01 1.39115e-01 |
   4370 | 7.24681e+01 1.65827e-02 | 1.25332e-02 1.07867e-01 1.39115e-01 |
   4371 | 7.24847e+01 1.65827e-02 | 1.25332e-02 1.07867e-01 1.39115e-01 |
   4372 | 7.25013e+01 1.65828e-02 | 1.25332e-02 1.07867e-01 1.39115e-01 |
   4373 | 7.25179e+01 1.65828e-02 | 1.25332e-02 1.07867e-01 1.39115e-01 |
   4374 | 7.25344e+01 1.65828e-02 | 1.25332e-02 1.07867e-01 1.39115e-01 |
   4375 | 7.25510e+01 1.65828e-02 | 1.25332e-02 1.07867e-01 1.39115e-01 |
   4376 | 7.25676e+01 1.65829e-02 | 1.25332e-02 1.07867e-01 1.39115e-01 |
   4377 | 7.25842e+01 1.65829e-02 | 1.25332e-02 1.07867e-01 1.39115e-01 |
   4378 | 7.26008e+01 1.65830e-02 | 1.25332e-02 1.07867e-01 1.39115e-01 |
   4379 | 7.26174e+01 1.65830e-02 | 1.25332e-02 1.07867e-01 1.39115e-01 |
   4380 | 7.26339e+01 1.65831e-02 | 1.25332e-02 1.07867e-01 1.39115e-01 |
   4381 | 7.26505e+01 1.65831e-02 | 1.25332e-02 1.07867e-01 1.39115e-01 |
   4382 | 7.26671e+01 1.65832e-02 | 1.25332e-02 1.07867e-01 1.39115e-01 |
   4383 | 7.26837e+01 1.65833e-02 | 1.25332e-02 1.07867e-01 1.39115e-01 |
   4384 | 7.27003e+01 1.65833e-02 | 1.25332e-02 1.07867e-01 1.39115e-01 |
   4385 | 7.27169e+01 1.65834e-02 | 1.25332e-02 1.07867e-01 1.39115e-01 |
   4386 | 7.27334e+01 1.65835e-02 | 1.25332e-02 1.07867e-01 1.39115e-01 |
   4387 | 7.27500e+01 1.65836e-02 | 1.25332e-02 1.07867e-01 1.39115e-01 |
   4388 | 7.27666e+01 1.65836e-02 | 1.25332e-02 1.07867e-01 1.39115e-01 |
   4389 | 7.27832e+01 1.65837e-02 | 1.25332e-02 1.07867e-01 1.39115e-01 |
   4390 | 7.27998e+01 1.65838e-02 | 1.25332e-02 1.07867e-01 1.39115e-01 |
   4391 | 7.28164e+01 1.65838e-02 | 1.25332e-02 1.07867e-01 1.39115e-01 |
   4392 | 7.28329e+01 1.65837e-02 | 1.25332e-02 1.07867e-01 1.39115e-01 |
   4393 | 7.28495e+01 1.65836e-02 | 1.25332e-02 1.07867e-01 1.39115e-01 |
   4394 | 7.28661e+01 1.65835e-02 | 1.25332e-02 1.07867e-01 1.39115e-01 |
   4395 | 7.28827e+01 1.65834e-02 | 1.25332e-02 1.07867e-01 1.39115e-01 |
   4396 | 7.28993e+01 1.65833e-02 | 1.25332e-02 1.07867e-01 1.39115e-01 |
   4397 | 7.29159e+01 1.65833e-02 | 1.25332e-02 1.07867e-01 1.39115e-01 |
   4398 | 7.29324e+01 1.65832e-02 | 1.25332e-02 1.07867e-01 1.39115e-01 |
   4399 | 7.29490e+01 1.65831e-02 | 1.25332e-02 1.07867e-01 1.39115e-01 |
   4400 | 7.29656e+01 1.65831e-02 | 1.25332e-02 1.07867e-01 1.39115e-01 |
   4401 | 7.29822e+01 1.65830e-02 | 1.25332e-02 1.07867e-01 1.39115e-01 |
   4402 | 7.29988e+01 1.65829e-02 | 1.25332e-02 1.07867e-01 1.39115e-01 |
   4403 | 7.30154e+01 1.65829e-02 | 1.25332e-02 1.07867e-01 1.39115e-01 |
   4404 | 7.30319e+01 1.65828e-02 | 1.25332e-02 1.07867e-01 1.39115e-01 |
   4405 | 7.30485e+01 1.65828e-02 | 1.25332e-02 1.07867e-01 1.39115e-01 |
   4406 | 7.30651e+01 1.65828e-02 | 1.25332e-02 1.07867e-01 1.39115e-01 |
   4407 | 7.30817e+01 1.65827e-02 | 1.25332e-02 1.07867e-01 1.39115e-01 |
   4408 | 7.30983e+01 1.65827e-02 | 1.25332e-02 1.07867e-01 1.39115e-01 |
   4409 | 7.31149e+01 1.65826e-02 | 1.25332e-02 1.07867e-01 1.39115e-01 |
   4410 | 7.31314e+01 1.65826e-02 | 1.25332e-02 1.07867e-01 1.39115e-01 |
   4411 | 7.31480e+01 1.65826e-02 | 1.25332e-02 1.07867e-01 1.39115e-01 |
   4412 | 7.31646e+01 1.65826e-02 | 1.25332e-02 1.07867e-01 1.39115e-01 |
   4413 | 7.31812e+01 1.65826e-02 | 1.25332e-02 1.07867e-01 1.39115e-01 |
   4414 | 7.31978e+01 1.65825e-02 | 1.25332e-02 1.07867e-01 1.39115e-01 |
   4415 | 7.32143e+01 1.65825e-02 | 1.25332e-02 1.07867e-01 1.39115e-01 |
   4416 | 7.32309e+01 1.65825e-02 | 1.25332e-02 1.07867e-01 1.39115e-01 |
   4417 | 7.32475e+01 1.65825e-02 | 1.25332e-02 1.07867e-01 1.39115e-01 |
   4418 | 7.32641e+01 1.65825e-02 | 1.25332e-02 1.07867e-01 1.39115e-01 |
   4419 | 7.32807e+01 1.65825e-02 | 1.25332e-02 1.07867e-01 1.39115e-01 |
   4420 | 7.32973e+01 1.65825e-02 | 1.25332e-02 1.07867e-01 1.39115e-01 |
   4421 | 7.33138e+01 1.65825e-02 | 1.25332e-02 1.07867e-01 1.39115e-01 |
   4422 | 7.33304e+01 1.65826e-02 | 1.25332e-02 1.07867e-01 1.39115e-01 |
   4423 | 7.33470e+01 1.65826e-02 | 1.25332e-02 1.07867e-01 1.39115e-01 |
   4424 | 7.33636e+01 1.65826e-02 | 1.25332e-02 1.07867e-01 1.39115e-01 |
   4425 | 7.33802e+01 1.65826e-02 | 1.25332e-02 1.07867e-01 1.39115e-01 |
   4426 | 7.33968e+01 1.65826e-02 | 1.25332e-02 1.07867e-01 1.39115e-01 |
   4427 | 7.34133e+01 1.65827e-02 | 1.25332e-02 1.07867e-01 1.39115e-01 |
   4428 | 7.34299e+01 1.65827e-02 | 1.25332e-02 1.07867e-01 1.39115e-01 |
   4429 | 7.34465e+01 1.65827e-02 | 1.25332e-02 1.07867e-01 1.39115e-01 |
   4430 | 7.34631e+01 1.65828e-02 | 1.25332e-02 1.07867e-01 1.39115e-01 |
   4431 | 7.34797e+01 1.65828e-02 | 1.25332e-02 1.07867e-01 1.39115e-01 |
   4432 | 7.34963e+01 1.65829e-02 | 1.25332e-02 1.07867e-01 1.39115e-01 |
   4433 | 7.35128e+01 1.65829e-02 | 1.25332e-02 1.07867e-01 1.39115e-01 |
   4434 | 7.35294e+01 1.65830e-02 | 1.25332e-02 1.07867e-01 1.39115e-01 |
   4435 | 7.35460e+01 1.65831e-02 | 1.25332e-02 1.07867e-01 1.39115e-01 |
   4436 | 7.35626e+01 1.65831e-02 | 1.25332e-02 1.07867e-01 1.39115e-01 |
   4437 | 7.35792e+01 1.65832e-02 | 1.25332e-02 1.07867e-01 1.39115e-01 |
   4438 | 7.35957e+01 1.65832e-02 | 1.25332e-02 1.07867e-01 1.39115e-01 |
   4439 | 7.36123e+01 1.65833e-02 | 1.25332e-02 1.07867e-01 1.39115e-01 |
   4440 | 7.36289e+01 1.65834e-02 | 1.25332e-02 1.07867e-01 1.39115e-01 |
   4441 | 7.36455e+01 1.65835e-02 | 1.25332e-02 1.07867e-01 1.39115e-01 |
   4442 | 7.36621e+01 1.65836e-02 | 1.25332e-02 1.07867e-01 1.39115e-01 |
   4443 | 7.36787e+01 1.65837e-02 | 1.25332e-02 1.07867e-01 1.39115e-01 |
   4444 | 7.36953e+01 1.65837e-02 | 1.25332e-02 1.07867e-01 1.39115e-01 |
   4445 | 7.37118e+01 1.65838e-02 | 1.25332e-02 1.07867e-01 1.39115e-01 |
   4446 | 7.37284e+01 1.65839e-02 | 1.25332e-02 1.07867e-01 1.39115e-01 |
   4447 | 7.37450e+01 1.65840e-02 | 1.25332e-02 1.07867e-01 1.39115e-01 |
   4448 | 7.37616e+01 1.65840e-02 | 1.25332e-02 1.07867e-01 1.39115e-01 |
   4449 | 7.37782e+01 1.65840e-02 | 1.25332e-02 1.07867e-01 1.39115e-01 |
   4450 | 7.37948e+01 1.65839e-02 | 1.25332e-02 1.07867e-01 1.39115e-01 |
   4451 | 7.38113e+01 1.65839e-02 | 1.25332e-02 1.07867e-01 1.39115e-01 |
   4452 | 7.38279e+01 1.65839e-02 | 1.25332e-02 1.07867e-01 1.39115e-01 |
   4453 | 7.38445e+01 1.65838e-02 | 1.25332e-02 1.07867e-01 1.39115e-01 |
   4454 | 7.38611e+01 1.65838e-02 | 1.25332e-02 1.07867e-01 1.39115e-01 |
   4455 | 7.38777e+01 1.65838e-02 | 1.25332e-02 1.07867e-01 1.39115e-01 |
   4456 | 7.38943e+01 1.65838e-02 | 1.25332e-02 1.07867e-01 1.39115e-01 |
   4457 | 7.39108e+01 1.65838e-02 | 1.25332e-02 1.07867e-01 1.39115e-01 |
   4458 | 7.39274e+01 1.65838e-02 | 1.25332e-02 1.07867e-01 1.39115e-01 |
   4459 | 7.39440e+01 1.65838e-02 | 1.25332e-02 1.07867e-01 1.39115e-01 |
   4460 | 7.39606e+01 1.65838e-02 | 1.25332e-02 1.07867e-01 1.39115e-01 |
   4461 | 7.39772e+01 1.65837e-02 | 1.25332e-02 1.07867e-01 1.39115e-01 |
   4462 | 7.39938e+01 1.65837e-02 | 1.25332e-02 1.07867e-01 1.39115e-01 |
   4463 | 7.40103e+01 1.65836e-02 | 1.25332e-02 1.07867e-01 1.39115e-01 |
   4464 | 7.40269e+01 1.65836e-02 | 1.25332e-02 1.07867e-01 1.39115e-01 |
   4465 | 7.40435e+01 1.65835e-02 | 1.25332e-02 1.07867e-01 1.39115e-01 |
   4466 | 7.40601e+01 1.65835e-02 | 1.25332e-02 1.07867e-01 1.39115e-01 |
   4467 | 7.40767e+01 1.65834e-02 | 1.25332e-02 1.07867e-01 1.39115e-01 |
   4468 | 7.40933e+01 1.65834e-02 | 1.25332e-02 1.07867e-01 1.39115e-01 |
   4469 | 7.41098e+01 1.65833e-02 | 1.25332e-02 1.07867e-01 1.39115e-01 |
   4470 | 7.41264e+01 1.65833e-02 | 1.25332e-02 1.07867e-01 1.39115e-01 |
   4471 | 7.41430e+01 1.65833e-02 | 1.25332e-02 1.07867e-01 1.39115e-01 |
   4472 | 7.41596e+01 1.65833e-02 | 1.25332e-02 1.07867e-01 1.39115e-01 |
   4473 | 7.41762e+01 1.65832e-02 | 1.25332e-02 1.07867e-01 1.39115e-01 |
   4474 | 7.41928e+01 1.65832e-02 | 1.25332e-02 1.07867e-01 1.39115e-01 |
   4475 | 7.42093e+01 1.65832e-02 | 1.25332e-02 1.07867e-01 1.39115e-01 |
   4476 | 7.42259e+01 1.65832e-02 | 1.25332e-02 1.07867e-01 1.39115e-01 |
   4477 | 7.42425e+01 1.65832e-02 | 1.25332e-02 1.07867e-01 1.39115e-01 |
   4478 | 7.42591e+01 1.65832e-02 | 1.25332e-02 1.07867e-01 1.39115e-01 |
   4479 | 7.42757e+01 1.65832e-02 | 1.25332e-02 1.07867e-01 1.39115e-01 |
   4480 | 7.42923e+01 1.65832e-02 | 1.25332e-02 1.07867e-01 1.39115e-01 |
   4481 | 7.43088e+01 1.65832e-02 | 1.25332e-02 1.07867e-01 1.39115e-01 |
   4482 | 7.43254e+01 1.65832e-02 | 1.25332e-02 1.07867e-01 1.39115e-01 |
   4483 | 7.43420e+01 1.65832e-02 | 1.25332e-02 1.07867e-01 1.39115e-01 |
   4484 | 7.43586e+01 1.65832e-02 | 1.25332e-02 1.07867e-01 1.39115e-01 |
   4485 | 7.43752e+01 1.65833e-02 | 1.25332e-02 1.07867e-01 1.39115e-01 |
   4486 | 7.43918e+01 1.65833e-02 | 1.25332e-02 1.07867e-01 1.39115e-01 |
   4487 | 7.44083e+01 1.65833e-02 | 1.25332e-02 1.07867e-01 1.39115e-01 |
   4488 | 7.44249e+01 1.65833e-02 | 1.25332e-02 1.07867e-01 1.39115e-01 |
   4489 | 7.44415e+01 1.65834e-02 | 1.25332e-02 1.07867e-01 1.39115e-01 |
   4490 | 7.44581e+01 1.65834e-02 | 1.25332e-02 1.07867e-01 1.39115e-01 |
   4491 | 7.44747e+01 1.65835e-02 | 1.25332e-02 1.07867e-01 1.39115e-01 |
   4492 | 7.44913e+01 1.65835e-02 | 1.25332e-02 1.07867e-01 1.39115e-01 |
   4493 | 7.45078e+01 1.65835e-02 | 1.25332e-02 1.07867e-01 1.39115e-01 |
   4494 | 7.45244e+01 1.65836e-02 | 1.25332e-02 1.07867e-01 1.39115e-01 |
   4495 | 7.45410e+01 1.65837e-02 | 1.25332e-02 1.07867e-01 1.39115e-01 |
   4496 | 7.45576e+01 1.65837e-02 | 1.25332e-02 1.07867e-01 1.39115e-01 |
   4497 | 7.45742e+01 1.65837e-02 | 1.25332e-02 1.07867e-01 1.39115e-01 |
   4498 | 7.45908e+01 1.65837e-02 | 1.25332e-02 1.07867e-01 1.39115e-01 |
   4499 | 7.46073e+01 1.65836e-02 | 1.25332e-02 1.07867e-01 1.39115e-01 |
   4500 | 7.46239e+01 1.65835e-02 | 1.25332e-02 1.07867e-01 1.39115e-01 |
   4501 | 7.46405e+01 1.65834e-02 | 1.25332e-02 1.07867e-01 1.39115e-01 |
   4502 | 7.46571e+01 1.65834e-02 | 1.25332e-02 1.07867e-01 1.39115e-01 |
   4503 | 7.46737e+01 1.65833e-02 | 1.25332e-02 1.07867e-01 1.39115e-01 |
   4504 | 7.46903e+01 1.65832e-02 | 1.25332e-02 1.07867e-01 1.39115e-01 |
   4505 | 7.47068e+01 1.65832e-02 | 1.25332e-02 1.07867e-01 1.39115e-01 |
   4506 | 7.47234e+01 1.65831e-02 | 1.25332e-02 1.07867e-01 1.39115e-01 |
   4507 | 7.47400e+01 1.65831e-02 | 1.25332e-02 1.07867e-01 1.39115e-01 |
   4508 | 7.47566e+01 1.65830e-02 | 1.25332e-02 1.07867e-01 1.39115e-01 |
   4509 | 7.47732e+01 1.65830e-02 | 1.25332e-02 1.07867e-01 1.39115e-01 |
   4510 | 7.47898e+01 1.65830e-02 | 1.25332e-02 1.07867e-01 1.39115e-01 |
   4511 | 7.48063e+01 1.65829e-02 | 1.25332e-02 1.07867e-01 1.39115e-01 |
   4512 | 7.48229e+01 1.65829e-02 | 1.25332e-02 1.07867e-01 1.39115e-01 |
   4513 | 7.48395e+01 1.65829e-02 | 1.25332e-02 1.07867e-01 1.39115e-01 |
   4514 | 7.48561e+01 1.65828e-02 | 1.25332e-02 1.07867e-01 1.39115e-01 |
   4515 | 7.48727e+01 1.65828e-02 | 1.25332e-02 1.07867e-01 1.39115e-01 |
   4516 | 7.48893e+01 1.65828e-02 | 1.25332e-02 1.07867e-01 1.39115e-01 |
   4517 | 7.49058e+01 1.65828e-02 | 1.25332e-02 1.07867e-01 1.39115e-01 |
   4518 | 7.49224e+01 1.65828e-02 | 1.25332e-02 1.07867e-01 1.39115e-01 |
   4519 | 7.49390e+01 1.65827e-02 | 1.25332e-02 1.07867e-01 1.39115e-01 |
   4520 | 7.49556e+01 1.65827e-02 | 1.25332e-02 1.07867e-01 1.39115e-01 |
   4521 | 7.49722e+01 1.65827e-02 | 1.25332e-02 1.07867e-01 1.39115e-01 |
   4522 | 7.49888e+01 1.65827e-02 | 1.25332e-02 1.07867e-01 1.39115e-01 |
   4523 | 7.50053e+01 1.65828e-02 | 1.25332e-02 1.07867e-01 1.39115e-01 |
   4524 | 7.50219e+01 1.65828e-02 | 1.25332e-02 1.07867e-01 1.39115e-01 |
   4525 | 7.50385e+01 1.65828e-02 | 1.25332e-02 1.07867e-01 1.39115e-01 |
   4526 | 7.50551e+01 1.65828e-02 | 1.25332e-02 1.07867e-01 1.39115e-01 |
   4527 | 7.50717e+01 1.65828e-02 | 1.25332e-02 1.07867e-01 1.39115e-01 |
   4528 | 7.50883e+01 1.65828e-02 | 1.25332e-02 1.07867e-01 1.39115e-01 |
   4529 | 7.51048e+01 1.65829e-02 | 1.25332e-02 1.07867e-01 1.39115e-01 |
   4530 | 7.51214e+01 1.65829e-02 | 1.25332e-02 1.07867e-01 1.39115e-01 |
   4531 | 7.51380e+01 1.65829e-02 | 1.25332e-02 1.07867e-01 1.39115e-01 |
   4532 | 7.51546e+01 1.65830e-02 | 1.25332e-02 1.07867e-01 1.39115e-01 |
   4533 | 7.51712e+01 1.65830e-02 | 1.25332e-02 1.07867e-01 1.39115e-01 |
   4534 | 7.51877e+01 1.65830e-02 | 1.25332e-02 1.07867e-01 1.39115e-01 |
   4535 | 7.52043e+01 1.65831e-02 | 1.25332e-02 1.07867e-01 1.39115e-01 |
   4536 | 7.52209e+01 1.65831e-02 | 1.25332e-02 1.07867e-01 1.39115e-01 |
   4537 | 7.52375e+01 1.65832e-02 | 1.25332e-02 1.07867e-01 1.39115e-01 |
   4538 | 7.52541e+01 1.65833e-02 | 1.25332e-02 1.07867e-01 1.39115e-01 |
   4539 | 7.52707e+01 1.65833e-02 | 1.25332e-02 1.07867e-01 1.39115e-01 |
   4540 | 7.52872e+01 1.65834e-02 | 1.25332e-02 1.07867e-01 1.39115e-01 |
   4541 | 7.53038e+01 1.65834e-02 | 1.25332e-02 1.07867e-01 1.39115e-01 |
   4542 | 7.53204e+01 1.65835e-02 | 1.25332e-02 1.07867e-01 1.39115e-01 |
   4543 | 7.53370e+01 1.65836e-02 | 1.25332e-02 1.07867e-01 1.39115e-01 |
   4544 | 7.53536e+01 1.65836e-02 | 1.25332e-02 1.07867e-01 1.39115e-01 |
   4545 | 7.53702e+01 1.65836e-02 | 1.25332e-02 1.07867e-01 1.39115e-01 |
   4546 | 7.53867e+01 1.65837e-02 | 1.25332e-02 1.07867e-01 1.39115e-01 |
   4547 | 7.54033e+01 1.65837e-02 | 1.25332e-02 1.07867e-01 1.39115e-01 |
   4548 | 7.54199e+01 1.65838e-02 | 1.25332e-02 1.07867e-01 1.39115e-01 |
   4549 | 7.54365e+01 1.65838e-02 | 1.25332e-02 1.07867e-01 1.39115e-01 |
   4550 | 7.54531e+01 1.65838e-02 | 1.25332e-02 1.07867e-01 1.39115e-01 |
   4551 | 7.54697e+01 1.65839e-02 | 1.25332e-02 1.07867e-01 1.39115e-01 |
   4552 | 7.54863e+01 1.65839e-02 | 1.25332e-02 1.07867e-01 1.39115e-01 |
   4553 | 7.55028e+01 1.65838e-02 | 1.25332e-02 1.07867e-01 1.39115e-01 |
   4554 | 7.55194e+01 1.65837e-02 | 1.25332e-02 1.07867e-01 1.39115e-01 |
   4555 | 7.55360e+01 1.65836e-02 | 1.25332e-02 1.07867e-01 1.39115e-01 |
   4556 | 7.55526e+01 1.65836e-02 | 1.25332e-02 1.07867e-01 1.39115e-01 |
   4557 | 7.55692e+01 1.65835e-02 | 1.25332e-02 1.07867e-01 1.39115e-01 |
   4558 | 7.55858e+01 1.65834e-02 | 1.25332e-02 1.07867e-01 1.39115e-01 |
   4559 | 7.56023e+01 1.65834e-02 | 1.25332e-02 1.07867e-01 1.39115e-01 |
   4560 | 7.56189e+01 1.65833e-02 | 1.25332e-02 1.07867e-01 1.39115e-01 |
   4561 | 7.56355e+01 1.65833e-02 | 1.25332e-02 1.07867e-01 1.39115e-01 |
   4562 | 7.56521e+01 1.65832e-02 | 1.25332e-02 1.07867e-01 1.39115e-01 |
   4563 | 7.56687e+01 1.65832e-02 | 1.25332e-02 1.07867e-01 1.39115e-01 |
   4564 | 7.56853e+01 1.65832e-02 | 1.25332e-02 1.07867e-01 1.39115e-01 |
   4565 | 7.57018e+01 1.65831e-02 | 1.25332e-02 1.07867e-01 1.39115e-01 |
   4566 | 7.57184e+01 1.65831e-02 | 1.25332e-02 1.07867e-01 1.39115e-01 |
   4567 | 7.57350e+01 1.65831e-02 | 1.25332e-02 1.07867e-01 1.39115e-01 |
   4568 | 7.57516e+01 1.65831e-02 | 1.25332e-02 1.07867e-01 1.39115e-01 |
   4569 | 7.57682e+01 1.65830e-02 | 1.25332e-02 1.07867e-01 1.39115e-01 |
   4570 | 7.57848e+01 1.65830e-02 | 1.25332e-02 1.07867e-01 1.39115e-01 |
   4571 | 7.58013e+01 1.65830e-02 | 1.25332e-02 1.07867e-01 1.39115e-01 |
   4572 | 7.58179e+01 1.65830e-02 | 1.25332e-02 1.07867e-01 1.39115e-01 |
   4573 | 7.58345e+01 1.65830e-02 | 1.25332e-02 1.07867e-01 1.39115e-01 |
   4574 | 7.58511e+01 1.65830e-02 | 1.25332e-02 1.07867e-01 1.39115e-01 |
   4575 | 7.58677e+01 1.65830e-02 | 1.25332e-02 1.07867e-01 1.39115e-01 |
   4576 | 7.58842e+01 1.65830e-02 | 1.25332e-02 1.07867e-01 1.39115e-01 |
   4577 | 7.59008e+01 1.65830e-02 | 1.25332e-02 1.07867e-01 1.39115e-01 |
   4578 | 7.59174e+01 1.65830e-02 | 1.25332e-02 1.07867e-01 1.39115e-01 |
   4579 | 7.59340e+01 1.65830e-02 | 1.25332e-02 1.07867e-01 1.39115e-01 |
   4580 | 7.59506e+01 1.65830e-02 | 1.25332e-02 1.07867e-01 1.39115e-01 |
   4581 | 7.59672e+01 1.65831e-02 | 1.25332e-02 1.07867e-01 1.39115e-01 |
   4582 | 7.59837e+01 1.65831e-02 | 1.25332e-02 1.07867e-01 1.39115e-01 |
   4583 | 7.60003e+01 1.65831e-02 | 1.25332e-02 1.07867e-01 1.39115e-01 |
   4584 | 7.60169e+01 1.65831e-02 | 1.25332e-02 1.07867e-01 1.39115e-01 |
   4585 | 7.60335e+01 1.65831e-02 | 1.25332e-02 1.07867e-01 1.39115e-01 |
   4586 | 7.60501e+01 1.65831e-02 | 1.25332e-02 1.07867e-01 1.39115e-01 |
   4587 | 7.60667e+01 1.65831e-02 | 1.25332e-02 1.07867e-01 1.39115e-01 |
   4588 | 7.60832e+01 1.65831e-02 | 1.25332e-02 1.07867e-01 1.39115e-01 |
   4589 | 7.60998e+01 1.65831e-02 | 1.25332e-02 1.07867e-01 1.39115e-01 |
   4590 | 7.61164e+01 1.65831e-02 | 1.25332e-02 1.07867e-01 1.39115e-01 |
   4591 | 7.61330e+01 1.65831e-02 | 1.25332e-02 1.07867e-01 1.39115e-01 |
   4592 | 7.61496e+01 1.65831e-02 | 1.25332e-02 1.07867e-01 1.39115e-01 |
   4593 | 7.61662e+01 1.65831e-02 | 1.25332e-02 1.07867e-01 1.39115e-01 |
   4594 | 7.61827e+01 1.65832e-02 | 1.25332e-02 1.07867e-01 1.39115e-01 |
   4595 | 7.61993e+01 1.65832e-02 | 1.25332e-02 1.07867e-01 1.39115e-01 |
   4596 | 7.62159e+01 1.65832e-02 | 1.25332e-02 1.07867e-01 1.39115e-01 |
   4597 | 7.62325e+01 1.65832e-02 | 1.25332e-02 1.07867e-01 1.39115e-01 |
   4598 | 7.62491e+01 1.65833e-02 | 1.25332e-02 1.07867e-01 1.39115e-01 |
   4599 | 7.62657e+01 1.65833e-02 | 1.25332e-02 1.07867e-01 1.39115e-01 |
   4600 | 7.62822e+01 1.65833e-02 | 1.25332e-02 1.07867e-01 1.39115e-01 |
   4601 | 7.62988e+01 1.65834e-02 | 1.25332e-02 1.07867e-01 1.39115e-01 |
   4602 | 7.63154e+01 1.65834e-02 | 1.25332e-02 1.07867e-01 1.39115e-01 |
   4603 | 7.63320e+01 1.65835e-02 | 1.25332e-02 1.07867e-01 1.39115e-01 |
   4604 | 7.63486e+01 1.65835e-02 | 1.25332e-02 1.07867e-01 1.39115e-01 |
   4605 | 7.63652e+01 1.65836e-02 | 1.25332e-02 1.07867e-01 1.39115e-01 |
   4606 | 7.63817e+01 1.65836e-02 | 1.25332e-02 1.07867e-01 1.39115e-01 |
   4607 | 7.63983e+01 1.65837e-02 | 1.25332e-02 1.07867e-01 1.39115e-01 |
   4608 | 7.64149e+01 1.65837e-02 | 1.25332e-02 1.07867e-01 1.39115e-01 |
   4609 | 7.64315e+01 1.65836e-02 | 1.25332e-02 1.07867e-01 1.39115e-01 |
   4610 | 7.64481e+01 1.65836e-02 | 1.25332e-02 1.07867e-01 1.39115e-01 |
   4611 | 7.64647e+01 1.65835e-02 | 1.25332e-02 1.07867e-01 1.39115e-01 |
   4612 | 7.64812e+01 1.65834e-02 | 1.25332e-02 1.07867e-01 1.39115e-01 |
   4613 | 7.64978e+01 1.65833e-02 | 1.25332e-02 1.07867e-01 1.39115e-01 |
   4614 | 7.65144e+01 1.65833e-02 | 1.25332e-02 1.07867e-01 1.39115e-01 |
   4615 | 7.65310e+01 1.65832e-02 | 1.25332e-02 1.07867e-01 1.39115e-01 |
   4616 | 7.65476e+01 1.65832e-02 | 1.25332e-02 1.07867e-01 1.39115e-01 |
   4617 | 7.65642e+01 1.65831e-02 | 1.25332e-02 1.07867e-01 1.39115e-01 |
   4618 | 7.65807e+01 1.65831e-02 | 1.25332e-02 1.07867e-01 1.39115e-01 |
   4619 | 7.65973e+01 1.65830e-02 | 1.25332e-02 1.07867e-01 1.39115e-01 |
   4620 | 7.66139e+01 1.65830e-02 | 1.25332e-02 1.07867e-01 1.39115e-01 |
   4621 | 7.66305e+01 1.65830e-02 | 1.25332e-02 1.07867e-01 1.39115e-01 |
   4622 | 7.66471e+01 1.65829e-02 | 1.25332e-02 1.07867e-01 1.39115e-01 |
   4623 | 7.66637e+01 1.65829e-02 | 1.25332e-02 1.07867e-01 1.39115e-01 |
   4624 | 7.66802e+01 1.65829e-02 | 1.25332e-02 1.07867e-01 1.39115e-01 |
   4625 | 7.66968e+01 1.65828e-02 | 1.25332e-02 1.07867e-01 1.39115e-01 |
   4626 | 7.67134e+01 1.65828e-02 | 1.25332e-02 1.07867e-01 1.39115e-01 |
   4627 | 7.67300e+01 1.65828e-02 | 1.25332e-02 1.07867e-01 1.39115e-01 |
   4628 | 7.67466e+01 1.65828e-02 | 1.25332e-02 1.07867e-01 1.39115e-01 |
   4629 | 7.67632e+01 1.65828e-02 | 1.25332e-02 1.07867e-01 1.39115e-01 |
   4630 | 7.67797e+01 1.65828e-02 | 1.25332e-02 1.07867e-01 1.39115e-01 |
   4631 | 7.67963e+01 1.65828e-02 | 1.25332e-02 1.07867e-01 1.39115e-01 |
   4632 | 7.68129e+01 1.65828e-02 | 1.25332e-02 1.07867e-01 1.39115e-01 |
   4633 | 7.68295e+01 1.65828e-02 | 1.25332e-02 1.07867e-01 1.39115e-01 |
   4634 | 7.68461e+01 1.65828e-02 | 1.25332e-02 1.07867e-01 1.39115e-01 |
   4635 | 7.68627e+01 1.65828e-02 | 1.25332e-02 1.07867e-01 1.39115e-01 |
   4636 | 7.68792e+01 1.65828e-02 | 1.25332e-02 1.07867e-01 1.39115e-01 |
   4637 | 7.68958e+01 1.65829e-02 | 1.25332e-02 1.07867e-01 1.39115e-01 |
   4638 | 7.69124e+01 1.65829e-02 | 1.25332e-02 1.07867e-01 1.39115e-01 |
   4639 | 7.69290e+01 1.65829e-02 | 1.25332e-02 1.07867e-01 1.39115e-01 |
   4640 | 7.69456e+01 1.65829e-02 | 1.25332e-02 1.07867e-01 1.39115e-01 |
   4641 | 7.69622e+01 1.65830e-02 | 1.25332e-02 1.07867e-01 1.39115e-01 |
   4642 | 7.69787e+01 1.65830e-02 | 1.25332e-02 1.07867e-01 1.39115e-01 |
   4643 | 7.69953e+01 1.65830e-02 | 1.25332e-02 1.07867e-01 1.39115e-01 |
   4644 | 7.70119e+01 1.65831e-02 | 1.25332e-02 1.07867e-01 1.39115e-01 |
   4645 | 7.70285e+01 1.65831e-02 | 1.25332e-02 1.07867e-01 1.39115e-01 |
   4646 | 7.70451e+01 1.65832e-02 | 1.25332e-02 1.07867e-01 1.39115e-01 |
   4647 | 7.70617e+01 1.65832e-02 | 1.25332e-02 1.07867e-01 1.39115e-01 |
   4648 | 7.70782e+01 1.65833e-02 | 1.25332e-02 1.07867e-01 1.39115e-01 |
   4649 | 7.70948e+01 1.65834e-02 | 1.25332e-02 1.07867e-01 1.39115e-01 |
   4650 | 7.71114e+01 1.65834e-02 | 1.25332e-02 1.07867e-01 1.39115e-01 |
   4651 | 7.71280e+01 1.65835e-02 | 1.25332e-02 1.07867e-01 1.39115e-01 |
   4652 | 7.71446e+01 1.65836e-02 | 1.25332e-02 1.07867e-01 1.39115e-01 |
   4653 | 7.71612e+01 1.65836e-02 | 1.25332e-02 1.07867e-01 1.39115e-01 |
   4654 | 7.71777e+01 1.65837e-02 | 1.25332e-02 1.07867e-01 1.39115e-01 |
   4655 | 7.71943e+01 1.65838e-02 | 1.25332e-02 1.07867e-01 1.39115e-01 |
   4656 | 7.72109e+01 1.65839e-02 | 1.25332e-02 1.07867e-01 1.39115e-01 |
   4657 | 7.72275e+01 1.65840e-02 | 1.25332e-02 1.07867e-01 1.39115e-01 |
   4658 | 7.72441e+01 1.65841e-02 | 1.25332e-02 1.07867e-01 1.39115e-01 |
   4659 | 7.72607e+01 1.65842e-02 | 1.25332e-02 1.07867e-01 1.39115e-01 |
   4660 | 7.72772e+01 1.65841e-02 | 1.25332e-02 1.07867e-01 1.39115e-01 |
   4661 | 7.72938e+01 1.65840e-02 | 1.25332e-02 1.07867e-01 1.39115e-01 |
   4662 | 7.73104e+01 1.65839e-02 | 1.25332e-02 1.07867e-01 1.39115e-01 |
   4663 | 7.73270e+01 1.65838e-02 | 1.25332e-02 1.07867e-01 1.39115e-01 |
   4664 | 7.73436e+01 1.65838e-02 | 1.25332e-02 1.07867e-01 1.39115e-01 |
   4665 | 7.73602e+01 1.65837e-02 | 1.25332e-02 1.07867e-01 1.39115e-01 |
   4666 | 7.73767e+01 1.65836e-02 | 1.25332e-02 1.07867e-01 1.39115e-01 |
   4667 | 7.73933e+01 1.65835e-02 | 1.25332e-02 1.07867e-01 1.39115e-01 |
   4668 | 7.74099e+01 1.65835e-02 | 1.25332e-02 1.07867e-01 1.39115e-01 |
   4669 | 7.74265e+01 1.65834e-02 | 1.25332e-02 1.07867e-01 1.39115e-01 |
   4670 | 7.74431e+01 1.65833e-02 | 1.25332e-02 1.07867e-01 1.39115e-01 |
   4671 | 7.74597e+01 1.65832e-02 | 1.25332e-02 1.07867e-01 1.39115e-01 |
   4672 | 7.74762e+01 1.65832e-02 | 1.25332e-02 1.07867e-01 1.39115e-01 |
   4673 | 7.74928e+01 1.65831e-02 | 1.25332e-02 1.07867e-01 1.39115e-01 |
   4674 | 7.75094e+01 1.65830e-02 | 1.25332e-02 1.07867e-01 1.39115e-01 |
   4675 | 7.75260e+01 1.65830e-02 | 1.25332e-02 1.07867e-01 1.39115e-01 |
   4676 | 7.75426e+01 1.65829e-02 | 1.25332e-02 1.07867e-01 1.39115e-01 |
   4677 | 7.75592e+01 1.65829e-02 | 1.25332e-02 1.07867e-01 1.39115e-01 |
   4678 | 7.75757e+01 1.65828e-02 | 1.25332e-02 1.07867e-01 1.39115e-01 |
   4679 | 7.75923e+01 1.65828e-02 | 1.25332e-02 1.07867e-01 1.39115e-01 |
   4680 | 7.76089e+01 1.65827e-02 | 1.25332e-02 1.07867e-01 1.39115e-01 |
   4681 | 7.76255e+01 1.65827e-02 | 1.25332e-02 1.07867e-01 1.39115e-01 |
   4682 | 7.76421e+01 1.65826e-02 | 1.25332e-02 1.07867e-01 1.39115e-01 |
   4683 | 7.76587e+01 1.65826e-02 | 1.25332e-02 1.07867e-01 1.39115e-01 |
   4684 | 7.76752e+01 1.65826e-02 | 1.25332e-02 1.07867e-01 1.39115e-01 |
   4685 | 7.76918e+01 1.65825e-02 | 1.25332e-02 1.07867e-01 1.39115e-01 |
   4686 | 7.77084e+01 1.65825e-02 | 1.25332e-02 1.07867e-01 1.39115e-01 |
   4687 | 7.77250e+01 1.65825e-02 | 1.25332e-02 1.07867e-01 1.39115e-01 |
   4688 | 7.77416e+01 1.65825e-02 | 1.25332e-02 1.07867e-01 1.39115e-01 |
   4689 | 7.77581e+01 1.65825e-02 | 1.25332e-02 1.07867e-01 1.39115e-01 |
   4690 | 7.77747e+01 1.65825e-02 | 1.25332e-02 1.07867e-01 1.39115e-01 |
   4691 | 7.77913e+01 1.65825e-02 | 1.25332e-02 1.07867e-01 1.39115e-01 |
   4692 | 7.78079e+01 1.65825e-02 | 1.25332e-02 1.07867e-01 1.39115e-01 |
   4693 | 7.78245e+01 1.65825e-02 | 1.25332e-02 1.07867e-01 1.39115e-01 |
   4694 | 7.78411e+01 1.65825e-02 | 1.25332e-02 1.07867e-01 1.39115e-01 |
   4695 | 7.78576e+01 1.65825e-02 | 1.25332e-02 1.07867e-01 1.39115e-01 |
   4696 | 7.78742e+01 1.65825e-02 | 1.25332e-02 1.07867e-01 1.39115e-01 |
   4697 | 7.78908e+01 1.65825e-02 | 1.25332e-02 1.07867e-01 1.39115e-01 |
   4698 | 7.79074e+01 1.65825e-02 | 1.25332e-02 1.07867e-01 1.39115e-01 |
   4699 | 7.79240e+01 1.65826e-02 | 1.25332e-02 1.07867e-01 1.39115e-01 |
   4700 | 7.79406e+01 1.65826e-02 | 1.25332e-02 1.07867e-01 1.39115e-01 |
   4701 | 7.79571e+01 1.65826e-02 | 1.25332e-02 1.07867e-01 1.39115e-01 |
   4702 | 7.79737e+01 1.65827e-02 | 1.25332e-02 1.07867e-01 1.39115e-01 |
   4703 | 7.79903e+01 1.65827e-02 | 1.25332e-02 1.07867e-01 1.39115e-01 |
   4704 | 7.80069e+01 1.65827e-02 | 1.25332e-02 1.07867e-01 1.39115e-01 |
   4705 | 7.80235e+01 1.65828e-02 | 1.25332e-02 1.07867e-01 1.39115e-01 |
   4706 | 7.80401e+01 1.65828e-02 | 1.25332e-02 1.07867e-01 1.39115e-01 |
   4707 | 7.80566e+01 1.65829e-02 | 1.25332e-02 1.07867e-01 1.39115e-01 |
   4708 | 7.80732e+01 1.65829e-02 | 1.25332e-02 1.07867e-01 1.39115e-01 |
   4709 | 7.80898e+01 1.65830e-02 | 1.25332e-02 1.07867e-01 1.39115e-01 |
   4710 | 7.81064e+01 1.65831e-02 | 1.25332e-02 1.07867e-01 1.39115e-01 |
   4711 | 7.81230e+01 1.65831e-02 | 1.25332e-02 1.07867e-01 1.39115e-01 |
   4712 | 7.81396e+01 1.65832e-02 | 1.25332e-02 1.07867e-01 1.39115e-01 |
   4713 | 7.81561e+01 1.65833e-02 | 1.25332e-02 1.07867e-01 1.39115e-01 |
   4714 | 7.81727e+01 1.65833e-02 | 1.25332e-02 1.07867e-01 1.39115e-01 |
   4715 | 7.81893e+01 1.65834e-02 | 1.25332e-02 1.07867e-01 1.39115e-01 |
   4716 | 7.82059e+01 1.65835e-02 | 1.25332e-02 1.07867e-01 1.39115e-01 |
   4717 | 7.82225e+01 1.65836e-02 | 1.25332e-02 1.07867e-01 1.39115e-01 |
   4718 | 7.82391e+01 1.65837e-02 | 1.25332e-02 1.07867e-01 1.39115e-01 |
   4719 | 7.82556e+01 1.65837e-02 | 1.25332e-02 1.07867e-01 1.39115e-01 |
   4720 | 7.82722e+01 1.65836e-02 | 1.25332e-02 1.07867e-01 1.39115e-01 |
   4721 | 7.82888e+01 1.65835e-02 | 1.25332e-02 1.07867e-01 1.39115e-01 |
   4722 | 7.83054e+01 1.65834e-02 | 1.25332e-02 1.07867e-01 1.39115e-01 |
   4723 | 7.83220e+01 1.65833e-02 | 1.25332e-02 1.07867e-01 1.39115e-01 |
   4724 | 7.83386e+01 1.65833e-02 | 1.25332e-02 1.07867e-01 1.39115e-01 |
   4725 | 7.83551e+01 1.65832e-02 | 1.25332e-02 1.07867e-01 1.39115e-01 |
   4726 | 7.83717e+01 1.65831e-02 | 1.25332e-02 1.07867e-01 1.39115e-01 |
   4727 | 7.83883e+01 1.65831e-02 | 1.25332e-02 1.07867e-01 1.39115e-01 |
   4728 | 7.84049e+01 1.65830e-02 | 1.25332e-02 1.07867e-01 1.39115e-01 |
   4729 | 7.84215e+01 1.65829e-02 | 1.25332e-02 1.07867e-01 1.39115e-01 |
   4730 | 7.84381e+01 1.65829e-02 | 1.25332e-02 1.07867e-01 1.39115e-01 |
   4731 | 7.84546e+01 1.65828e-02 | 1.25332e-02 1.07867e-01 1.39115e-01 |
   4732 | 7.84712e+01 1.65828e-02 | 1.25332e-02 1.07867e-01 1.39115e-01 |
   4733 | 7.84878e+01 1.65827e-02 | 1.25332e-02 1.07867e-01 1.39115e-01 |
   4734 | 7.85044e+01 1.65827e-02 | 1.25332e-02 1.07867e-01 1.39115e-01 |
   4735 | 7.85210e+01 1.65827e-02 | 1.25332e-02 1.07867e-01 1.39115e-01 |
   4736 | 7.85375e+01 1.65826e-02 | 1.25332e-02 1.07867e-01 1.39115e-01 |
   4737 | 7.85541e+01 1.65826e-02 | 1.25332e-02 1.07867e-01 1.39115e-01 |
   4738 | 7.85707e+01 1.65826e-02 | 1.25332e-02 1.07867e-01 1.39115e-01 |
   4739 | 7.85873e+01 1.65826e-02 | 1.25332e-02 1.07867e-01 1.39115e-01 |
   4740 | 7.86039e+01 1.65825e-02 | 1.25332e-02 1.07867e-01 1.39115e-01 |
   4741 | 7.86205e+01 1.65825e-02 | 1.25332e-02 1.07867e-01 1.39115e-01 |
   4742 | 7.86370e+01 1.65825e-02 | 1.25332e-02 1.07867e-01 1.39115e-01 |
   4743 | 7.86536e+01 1.65825e-02 | 1.25332e-02 1.07867e-01 1.39115e-01 |
   4744 | 7.86702e+01 1.65825e-02 | 1.25332e-02 1.07867e-01 1.39115e-01 |
   4745 | 7.86868e+01 1.65825e-02 | 1.25332e-02 1.07867e-01 1.39115e-01 |
   4746 | 7.87034e+01 1.65825e-02 | 1.25332e-02 1.07867e-01 1.39115e-01 |
   4747 | 7.87200e+01 1.65825e-02 | 1.25332e-02 1.07867e-01 1.39115e-01 |
   4748 | 7.87365e+01 1.65825e-02 | 1.25332e-02 1.07867e-01 1.39115e-01 |
   4749 | 7.87531e+01 1.65825e-02 | 1.25332e-02 1.07867e-01 1.39115e-01 |
   4750 | 7.87697e+01 1.65825e-02 | 1.25332e-02 1.07867e-01 1.39115e-01 |
   4751 | 7.87863e+01 1.65825e-02 | 1.25332e-02 1.07867e-01 1.39115e-01 |
   4752 | 7.88029e+01 1.65826e-02 | 1.25332e-02 1.07867e-01 1.39115e-01 |
   4753 | 7.88194e+01 1.65826e-02 | 1.25332e-02 1.07867e-01 1.39115e-01 |
   4754 | 7.88360e+01 1.65826e-02 | 1.25332e-02 1.07867e-01 1.39115e-01 |
   4755 | 7.88526e+01 1.65827e-02 | 1.25332e-02 1.07867e-01 1.39115e-01 |
   4756 | 7.88692e+01 1.65827e-02 | 1.25332e-02 1.07867e-01 1.39115e-01 |
   4757 | 7.88858e+01 1.65827e-02 | 1.25332e-02 1.07867e-01 1.39115e-01 |
   4758 | 7.89024e+01 1.65828e-02 | 1.25332e-02 1.07867e-01 1.39115e-01 |
   4759 | 7.89189e+01 1.65828e-02 | 1.25332e-02 1.07867e-01 1.39115e-01 |
   4760 | 7.89355e+01 1.65829e-02 | 1.25332e-02 1.07867e-01 1.39115e-01 |
   4761 | 7.89521e+01 1.65829e-02 | 1.25332e-02 1.07867e-01 1.39115e-01 |
   4762 | 7.89687e+01 1.65830e-02 | 1.25332e-02 1.07867e-01 1.39115e-01 |
   4763 | 7.89853e+01 1.65830e-02 | 1.25332e-02 1.07867e-01 1.39115e-01 |
   4764 | 7.90019e+01 1.65831e-02 | 1.25332e-02 1.07867e-01 1.39115e-01 |
   4765 | 7.90184e+01 1.65832e-02 | 1.25332e-02 1.07867e-01 1.39115e-01 |
   4766 | 7.90350e+01 1.65832e-02 | 1.25332e-02 1.07867e-01 1.39115e-01 |
   4767 | 7.90516e+01 1.65833e-02 | 1.25332e-02 1.07867e-01 1.39115e-01 |
   4768 | 7.90682e+01 1.65834e-02 | 1.25332e-02 1.07867e-01 1.39115e-01 |
   4769 | 7.90848e+01 1.65835e-02 | 1.25332e-02 1.07867e-01 1.39115e-01 |
   4770 | 7.91014e+01 1.65836e-02 | 1.25332e-02 1.07867e-01 1.39115e-01 |
   4771 | 7.91179e+01 1.65837e-02 | 1.25332e-02 1.07867e-01 1.39115e-01 |
   4772 | 7.91345e+01 1.65838e-02 | 1.25332e-02 1.07867e-01 1.39115e-01 |
   4773 | 7.91511e+01 1.65838e-02 | 1.25332e-02 1.07867e-01 1.39115e-01 |
   4774 | 7.91677e+01 1.65838e-02 | 1.25332e-02 1.07867e-01 1.39115e-01 |
   4775 | 7.91843e+01 1.65837e-02 | 1.25332e-02 1.07867e-01 1.39115e-01 |
   4776 | 7.92009e+01 1.65836e-02 | 1.25332e-02 1.07867e-01 1.39115e-01 |
   4777 | 7.92174e+01 1.65835e-02 | 1.25332e-02 1.07867e-01 1.39115e-01 |
   4778 | 7.92340e+01 1.65835e-02 | 1.25332e-02 1.07867e-01 1.39115e-01 |
   4779 | 7.92506e+01 1.65834e-02 | 1.25332e-02 1.07867e-01 1.39115e-01 |
   4780 | 7.92672e+01 1.65833e-02 | 1.25332e-02 1.07867e-01 1.39115e-01 |
   4781 | 7.92838e+01 1.65832e-02 | 1.25332e-02 1.07867e-01 1.39115e-01 |
   4782 | 7.93004e+01 1.65831e-02 | 1.25332e-02 1.07867e-01 1.39115e-01 |
   4783 | 7.93169e+01 1.65831e-02 | 1.25332e-02 1.07867e-01 1.39115e-01 |
   4784 | 7.93335e+01 1.65830e-02 | 1.25332e-02 1.07867e-01 1.39115e-01 |
   4785 | 7.93501e+01 1.65830e-02 | 1.25332e-02 1.07867e-01 1.39115e-01 |
   4786 | 7.93667e+01 1.65829e-02 | 1.25332e-02 1.07867e-01 1.39115e-01 |
   4787 | 7.93833e+01 1.65828e-02 | 1.25332e-02 1.07867e-01 1.39115e-01 |
   4788 | 7.93999e+01 1.65828e-02 | 1.25332e-02 1.07867e-01 1.39115e-01 |
   4789 | 7.94164e+01 1.65827e-02 | 1.25332e-02 1.07867e-01 1.39115e-01 |
   4790 | 7.94330e+01 1.65827e-02 | 1.25332e-02 1.07867e-01 1.39115e-01 |
   4791 | 7.94496e+01 1.65827e-02 | 1.25332e-02 1.07867e-01 1.39115e-01 |
   4792 | 7.94662e+01 1.65826e-02 | 1.25332e-02 1.07867e-01 1.39115e-01 |
   4793 | 7.94828e+01 1.65826e-02 | 1.25332e-02 1.07867e-01 1.39115e-01 |
   4794 | 7.94994e+01 1.65826e-02 | 1.25332e-02 1.07867e-01 1.39115e-01 |
   4795 | 7.95159e+01 1.65825e-02 | 1.25332e-02 1.07867e-01 1.39115e-01 |
   4796 | 7.95325e+01 1.65825e-02 | 1.25332e-02 1.07867e-01 1.39115e-01 |
   4797 | 7.95491e+01 1.65825e-02 | 1.25332e-02 1.07867e-01 1.39115e-01 |
   4798 | 7.95657e+01 1.65825e-02 | 1.25332e-02 1.07867e-01 1.39115e-01 |
   4799 | 7.95823e+01 1.65825e-02 | 1.25332e-02 1.07867e-01 1.39115e-01 |
   4800 | 7.95989e+01 1.65825e-02 | 1.25332e-02 1.07867e-01 1.39115e-01 |
   4801 | 7.96154e+01 1.65825e-02 | 1.25332e-02 1.07867e-01 1.39115e-01 |
   4802 | 7.96320e+01 1.65825e-02 | 1.25332e-02 1.07867e-01 1.39115e-01 |
   4803 | 7.96486e+01 1.65825e-02 | 1.25332e-02 1.07867e-01 1.39115e-01 |
   4804 | 7.96652e+01 1.65825e-02 | 1.25332e-02 1.07867e-01 1.39115e-01 |
   4805 | 7.96818e+01 1.65825e-02 | 1.25332e-02 1.07867e-01 1.39115e-01 |
   4806 | 7.96983e+01 1.65825e-02 | 1.25332e-02 1.07867e-01 1.39115e-01 |
   4807 | 7.97149e+01 1.65825e-02 | 1.25332e-02 1.07867e-01 1.39115e-01 |
   4808 | 7.97315e+01 1.65825e-02 | 1.25332e-02 1.07867e-01 1.39115e-01 |
   4809 | 7.97481e+01 1.65826e-02 | 1.25332e-02 1.07867e-01 1.39115e-01 |
   4810 | 7.97647e+01 1.65826e-02 | 1.25332e-02 1.07867e-01 1.39115e-01 |
   4811 | 7.97813e+01 1.65826e-02 | 1.25332e-02 1.07867e-01 1.39115e-01 |
   4812 | 7.97978e+01 1.65827e-02 | 1.25332e-02 1.07867e-01 1.39115e-01 |
   4813 | 7.98144e+01 1.65827e-02 | 1.25332e-02 1.07867e-01 1.39115e-01 |
   4814 | 7.98310e+01 1.65827e-02 | 1.25332e-02 1.07867e-01 1.39115e-01 |
   4815 | 7.98476e+01 1.65828e-02 | 1.25332e-02 1.07867e-01 1.39115e-01 |
   4816 | 7.98642e+01 1.65828e-02 | 1.25332e-02 1.07867e-01 1.39115e-01 |
   4817 | 7.98808e+01 1.65829e-02 | 1.25332e-02 1.07867e-01 1.39115e-01 |
   4818 | 7.98973e+01 1.65829e-02 | 1.25332e-02 1.07867e-01 1.39115e-01 |
   4819 | 7.99139e+01 1.65830e-02 | 1.25332e-02 1.07867e-01 1.39115e-01 |
   4820 | 7.99305e+01 1.65831e-02 | 1.25332e-02 1.07867e-01 1.39115e-01 |
   4821 | 7.99471e+01 1.65831e-02 | 1.25332e-02 1.07867e-01 1.39115e-01 |
   4822 | 7.99637e+01 1.65832e-02 | 1.25332e-02 1.07867e-01 1.39115e-01 |
   4823 | 7.99803e+01 1.65833e-02 | 1.25332e-02 1.07867e-01 1.39115e-01 |
   4824 | 7.99968e+01 1.65833e-02 | 1.25332e-02 1.07867e-01 1.39115e-01 |
   4825 | 8.00134e+01 1.65834e-02 | 1.25332e-02 1.07867e-01 1.39115e-01 |
   4826 | 8.00300e+01 1.65835e-02 | 1.25332e-02 1.07867e-01 1.39115e-01 |
   4827 | 8.00466e+01 1.65836e-02 | 1.25332e-02 1.07867e-01 1.39115e-01 |
   4828 | 8.00632e+01 1.65837e-02 | 1.25332e-02 1.07867e-01 1.39115e-01 |
   4829 | 8.00798e+01 1.65837e-02 | 1.25332e-02 1.07867e-01 1.39115e-01 |
   4830 | 8.00963e+01 1.65836e-02 | 1.25332e-02 1.07867e-01 1.39115e-01 |
   4831 | 8.01129e+01 1.65835e-02 | 1.25332e-02 1.07867e-01 1.39115e-01 |
   4832 | 8.01295e+01 1.65834e-02 | 1.25332e-02 1.07867e-01 1.39115e-01 |
   4833 | 8.01461e+01 1.65834e-02 | 1.25332e-02 1.07867e-01 1.39115e-01 |
   4834 | 8.01627e+01 1.65833e-02 | 1.25332e-02 1.07867e-01 1.39115e-01 |
   4835 | 8.01793e+01 1.65832e-02 | 1.25332e-02 1.07867e-01 1.39115e-01 |
   4836 | 8.01958e+01 1.65831e-02 | 1.25332e-02 1.07867e-01 1.39115e-01 |
   4837 | 8.02124e+01 1.65831e-02 | 1.25332e-02 1.07867e-01 1.39115e-01 |
   4838 | 8.02290e+01 1.65830e-02 | 1.25332e-02 1.07867e-01 1.39115e-01 |
   4839 | 8.02456e+01 1.65830e-02 | 1.25332e-02 1.07867e-01 1.39115e-01 |
   4840 | 8.02622e+01 1.65829e-02 | 1.25332e-02 1.07867e-01 1.39115e-01 |
   4841 | 8.02788e+01 1.65829e-02 | 1.25332e-02 1.07867e-01 1.39115e-01 |
   4842 | 8.02953e+01 1.65828e-02 | 1.25332e-02 1.07867e-01 1.39115e-01 |
   4843 | 8.03119e+01 1.65828e-02 | 1.25332e-02 1.07867e-01 1.39115e-01 |
   4844 | 8.03285e+01 1.65827e-02 | 1.25332e-02 1.07867e-01 1.39115e-01 |
   4845 | 8.03451e+01 1.65827e-02 | 1.25332e-02 1.07867e-01 1.39115e-01 |
   4846 | 8.03617e+01 1.65826e-02 | 1.25332e-02 1.07867e-01 1.39115e-01 |
   4847 | 8.03783e+01 1.65826e-02 | 1.25332e-02 1.07867e-01 1.39115e-01 |
   4848 | 8.03948e+01 1.65826e-02 | 1.25332e-02 1.07867e-01 1.39115e-01 |
   4849 | 8.04114e+01 1.65826e-02 | 1.25332e-02 1.07867e-01 1.39115e-01 |
   4850 | 8.04280e+01 1.65825e-02 | 1.25332e-02 1.07867e-01 1.39115e-01 |
   4851 | 8.04446e+01 1.65825e-02 | 1.25332e-02 1.07867e-01 1.39115e-01 |
   4852 | 8.04612e+01 1.65825e-02 | 1.25332e-02 1.07867e-01 1.39115e-01 |
   4853 | 8.04777e+01 1.65825e-02 | 1.25332e-02 1.07867e-01 1.39115e-01 |
   4854 | 8.04943e+01 1.65825e-02 | 1.25332e-02 1.07867e-01 1.39115e-01 |
   4855 | 8.05109e+01 1.65825e-02 | 1.25332e-02 1.07867e-01 1.39115e-01 |
   4856 | 8.05275e+01 1.65825e-02 | 1.25332e-02 1.07867e-01 1.39115e-01 |
   4857 | 8.05441e+01 1.65825e-02 | 1.25332e-02 1.07867e-01 1.39115e-01 |
   4858 | 8.05607e+01 1.65825e-02 | 1.25332e-02 1.07867e-01 1.39115e-01 |
   4859 | 8.05772e+01 1.65825e-02 | 1.25332e-02 1.07867e-01 1.39115e-01 |
   4860 | 8.05938e+01 1.65825e-02 | 1.25332e-02 1.07867e-01 1.39115e-01 |
   4861 | 8.06104e+01 1.65826e-02 | 1.25332e-02 1.07867e-01 1.39115e-01 |
   4862 | 8.06270e+01 1.65826e-02 | 1.25332e-02 1.07867e-01 1.39115e-01 |
   4863 | 8.06436e+01 1.65826e-02 | 1.25332e-02 1.07867e-01 1.39115e-01 |
   4864 | 8.06602e+01 1.65826e-02 | 1.25332e-02 1.07867e-01 1.39115e-01 |
   4865 | 8.06767e+01 1.65827e-02 | 1.25332e-02 1.07867e-01 1.39115e-01 |
   4866 | 8.06933e+01 1.65827e-02 | 1.25332e-02 1.07867e-01 1.39115e-01 |
   4867 | 8.07099e+01 1.65828e-02 | 1.25332e-02 1.07867e-01 1.39115e-01 |
   4868 | 8.07265e+01 1.65828e-02 | 1.25332e-02 1.07867e-01 1.39115e-01 |
   4869 | 8.07431e+01 1.65828e-02 | 1.25332e-02 1.07867e-01 1.39115e-01 |
   4870 | 8.07597e+01 1.65829e-02 | 1.25332e-02 1.07867e-01 1.39115e-01 |
   4871 | 8.07762e+01 1.65829e-02 | 1.25332e-02 1.07867e-01 1.39115e-01 |
   4872 | 8.07928e+01 1.65830e-02 | 1.25332e-02 1.07867e-01 1.39115e-01 |
   4873 | 8.08094e+01 1.65830e-02 | 1.25332e-02 1.07867e-01 1.39115e-01 |
   4874 | 8.08260e+01 1.65831e-02 | 1.25332e-02 1.07867e-01 1.39115e-01 |
   4875 | 8.08426e+01 1.65831e-02 | 1.25332e-02 1.07867e-01 1.39115e-01 |
   4876 | 8.08591e+01 1.65832e-02 | 1.25332e-02 1.07867e-01 1.39115e-01 |
   4877 | 8.08757e+01 1.65832e-02 | 1.25332e-02 1.07867e-01 1.39115e-01 |
   4878 | 8.08923e+01 1.65833e-02 | 1.25332e-02 1.07867e-01 1.39115e-01 |
   4879 | 8.09089e+01 1.65833e-02 | 1.25332e-02 1.07867e-01 1.39115e-01 |
   4880 | 8.09255e+01 1.65834e-02 | 1.25332e-02 1.07867e-01 1.39115e-01 |
   4881 | 8.09421e+01 1.65834e-02 | 1.25332e-02 1.07867e-01 1.39115e-01 |
   4882 | 8.09586e+01 1.65835e-02 | 1.25332e-02 1.07867e-01 1.39115e-01 |
   4883 | 8.09752e+01 1.65836e-02 | 1.25332e-02 1.07867e-01 1.39115e-01 |
   4884 | 8.09918e+01 1.65836e-02 | 1.25332e-02 1.07867e-01 1.39115e-01 |
   4885 | 8.10084e+01 1.65837e-02 | 1.25332e-02 1.07867e-01 1.39115e-01 |
   4886 | 8.10250e+01 1.65838e-02 | 1.25332e-02 1.07867e-01 1.39115e-01 |
   4887 | 8.10416e+01 1.65839e-02 | 1.25332e-02 1.07867e-01 1.39115e-01 |
   4888 | 8.10582e+01 1.65840e-02 | 1.25332e-02 1.07867e-01 1.39115e-01 |
   4889 | 8.10747e+01 1.65839e-02 | 1.25332e-02 1.07867e-01 1.39115e-01 |
   4890 | 8.10913e+01 1.65838e-02 | 1.25332e-02 1.07867e-01 1.39115e-01 |
   4891 | 8.11079e+01 1.65837e-02 | 1.25332e-02 1.07867e-01 1.39115e-01 |
   4892 | 8.11245e+01 1.65837e-02 | 1.25332e-02 1.07867e-01 1.39115e-01 |
   4893 | 8.11411e+01 1.65836e-02 | 1.25332e-02 1.07867e-01 1.39115e-01 |
   4894 | 8.11577e+01 1.65835e-02 | 1.25332e-02 1.07867e-01 1.39115e-01 |
   4895 | 8.11742e+01 1.65834e-02 | 1.25332e-02 1.07867e-01 1.39115e-01 |
   4896 | 8.11908e+01 1.65834e-02 | 1.25332e-02 1.07867e-01 1.39115e-01 |
   4897 | 8.12074e+01 1.65833e-02 | 1.25332e-02 1.07867e-01 1.39115e-01 |
   4898 | 8.12240e+01 1.65832e-02 | 1.25332e-02 1.07867e-01 1.39115e-01 |
   4899 | 8.12406e+01 1.65832e-02 | 1.25332e-02 1.07867e-01 1.39115e-01 |
   4900 | 8.12572e+01 1.65831e-02 | 1.25332e-02 1.07867e-01 1.39115e-01 |
   4901 | 8.12737e+01 1.65830e-02 | 1.25332e-02 1.07867e-01 1.39115e-01 |
   4902 | 8.12903e+01 1.65830e-02 | 1.25332e-02 1.07867e-01 1.39115e-01 |
   4903 | 8.13069e+01 1.65829e-02 | 1.25332e-02 1.07867e-01 1.39115e-01 |
   4904 | 8.13235e+01 1.65829e-02 | 1.25332e-02 1.07867e-01 1.39115e-01 |
   4905 | 8.13401e+01 1.65829e-02 | 1.25332e-02 1.07867e-01 1.39115e-01 |
   4906 | 8.13567e+01 1.65828e-02 | 1.25332e-02 1.07867e-01 1.39115e-01 |
   4907 | 8.13732e+01 1.65828e-02 | 1.25332e-02 1.07867e-01 1.39115e-01 |
   4908 | 8.13898e+01 1.65828e-02 | 1.25332e-02 1.07867e-01 1.39115e-01 |
   4909 | 8.14064e+01 1.65827e-02 | 1.25332e-02 1.07867e-01 1.39115e-01 |
   4910 | 8.14230e+01 1.65827e-02 | 1.25332e-02 1.07867e-01 1.39115e-01 |
   4911 | 8.14396e+01 1.65827e-02 | 1.25332e-02 1.07867e-01 1.39115e-01 |
   4912 | 8.14561e+01 1.65827e-02 | 1.25332e-02 1.07867e-01 1.39115e-01 |
   4913 | 8.14727e+01 1.65827e-02 | 1.25332e-02 1.07867e-01 1.39115e-01 |
   4914 | 8.14893e+01 1.65827e-02 | 1.25332e-02 1.07867e-01 1.39115e-01 |
   4915 | 8.15059e+01 1.65826e-02 | 1.25332e-02 1.07867e-01 1.39115e-01 |
   4916 | 8.15225e+01 1.65826e-02 | 1.25332e-02 1.07867e-01 1.39115e-01 |
   4917 | 8.15391e+01 1.65826e-02 | 1.25332e-02 1.07867e-01 1.39115e-01 |
   4918 | 8.15556e+01 1.65827e-02 | 1.25332e-02 1.07867e-01 1.39115e-01 |
   4919 | 8.15722e+01 1.65827e-02 | 1.25332e-02 1.07867e-01 1.39115e-01 |
   4920 | 8.15888e+01 1.65827e-02 | 1.25332e-02 1.07867e-01 1.39115e-01 |
   4921 | 8.16054e+01 1.65827e-02 | 1.25332e-02 1.07867e-01 1.39115e-01 |
   4922 | 8.16220e+01 1.65827e-02 | 1.25332e-02 1.07867e-01 1.39115e-01 |
   4923 | 8.16386e+01 1.65827e-02 | 1.25332e-02 1.07867e-01 1.39115e-01 |
   4924 | 8.16551e+01 1.65828e-02 | 1.25332e-02 1.07867e-01 1.39115e-01 |
   4925 | 8.16717e+01 1.65828e-02 | 1.25332e-02 1.07867e-01 1.39115e-01 |
   4926 | 8.16883e+01 1.65828e-02 | 1.25332e-02 1.07867e-01 1.39115e-01 |
   4927 | 8.17049e+01 1.65829e-02 | 1.25332e-02 1.07867e-01 1.39115e-01 |
   4928 | 8.17215e+01 1.65829e-02 | 1.25332e-02 1.07867e-01 1.39115e-01 |
   4929 | 8.17381e+01 1.65829e-02 | 1.25332e-02 1.07867e-01 1.39115e-01 |
   4930 | 8.17546e+01 1.65830e-02 | 1.25332e-02 1.07867e-01 1.39115e-01 |
   4931 | 8.17712e+01 1.65830e-02 | 1.25332e-02 1.07867e-01 1.39115e-01 |
   4932 | 8.17878e+01 1.65831e-02 | 1.25332e-02 1.07867e-01 1.39115e-01 |
   4933 | 8.18044e+01 1.65832e-02 | 1.25332e-02 1.07867e-01 1.39115e-01 |
   4934 | 8.18210e+01 1.65832e-02 | 1.25332e-02 1.07867e-01 1.39115e-01 |
   4935 | 8.18376e+01 1.65833e-02 | 1.25332e-02 1.07867e-01 1.39115e-01 |
   4936 | 8.18541e+01 1.65833e-02 | 1.25332e-02 1.07867e-01 1.39115e-01 |
   4937 | 8.18707e+01 1.65834e-02 | 1.25332e-02 1.07867e-01 1.39115e-01 |
   4938 | 8.18873e+01 1.65835e-02 | 1.25332e-02 1.07867e-01 1.39115e-01 |
   4939 | 8.19039e+01 1.65836e-02 | 1.25332e-02 1.07867e-01 1.39115e-01 |
   4940 | 8.19205e+01 1.65837e-02 | 1.25332e-02 1.07867e-01 1.39115e-01 |
   4941 | 8.19371e+01 1.65837e-02 | 1.25332e-02 1.07867e-01 1.39115e-01 |
   4942 | 8.19536e+01 1.65838e-02 | 1.25332e-02 1.07867e-01 1.39115e-01 |
   4943 | 8.19702e+01 1.65838e-02 | 1.25332e-02 1.07867e-01 1.39115e-01 |
   4944 | 8.19868e+01 1.65837e-02 | 1.25332e-02 1.07867e-01 1.39115e-01 |
   4945 | 8.20034e+01 1.65837e-02 | 1.25332e-02 1.07867e-01 1.39115e-01 |
   4946 | 8.20200e+01 1.65836e-02 | 1.25332e-02 1.07867e-01 1.39115e-01 |
   4947 | 8.20366e+01 1.65836e-02 | 1.25332e-02 1.07867e-01 1.39115e-01 |
   4948 | 8.20531e+01 1.65835e-02 | 1.25332e-02 1.07867e-01 1.39115e-01 |
   4949 | 8.20697e+01 1.65835e-02 | 1.25332e-02 1.07867e-01 1.39115e-01 |
   4950 | 8.20863e+01 1.65835e-02 | 1.25332e-02 1.07867e-01 1.39115e-01 |
   4951 | 8.21029e+01 1.65835e-02 | 1.25332e-02 1.07867e-01 1.39115e-01 |
   4952 | 8.21195e+01 1.65834e-02 | 1.25332e-02 1.07867e-01 1.39115e-01 |
   4953 | 8.21361e+01 1.65834e-02 | 1.25332e-02 1.07867e-01 1.39115e-01 |
   4954 | 8.21526e+01 1.65834e-02 | 1.25332e-02 1.07867e-01 1.39115e-01 |
   4955 | 8.21692e+01 1.65833e-02 | 1.25332e-02 1.07867e-01 1.39115e-01 |
   4956 | 8.21858e+01 1.65833e-02 | 1.25332e-02 1.07867e-01 1.39115e-01 |
   4957 | 8.22024e+01 1.65832e-02 | 1.25332e-02 1.07867e-01 1.39115e-01 |
   4958 | 8.22190e+01 1.65832e-02 | 1.25332e-02 1.07867e-01 1.39115e-01 |
   4959 | 8.22356e+01 1.65831e-02 | 1.25332e-02 1.07867e-01 1.39115e-01 |
   4960 | 8.22521e+01 1.65831e-02 | 1.25332e-02 1.07867e-01 1.39115e-01 |
   4961 | 8.22687e+01 1.65830e-02 | 1.25332e-02 1.07867e-01 1.39115e-01 |
   4962 | 8.22853e+01 1.65830e-02 | 1.25332e-02 1.07867e-01 1.39115e-01 |
   4963 | 8.23019e+01 1.65830e-02 | 1.25332e-02 1.07867e-01 1.39115e-01 |
   4964 | 8.23185e+01 1.65829e-02 | 1.25332e-02 1.07867e-01 1.39115e-01 |
   4965 | 8.23351e+01 1.65829e-02 | 1.25332e-02 1.07867e-01 1.39115e-01 |
   4966 | 8.23516e+01 1.65829e-02 | 1.25332e-02 1.07867e-01 1.39115e-01 |
   4967 | 8.23682e+01 1.65829e-02 | 1.25332e-02 1.07867e-01 1.39115e-01 |
   4968 | 8.23848e+01 1.65828e-02 | 1.25332e-02 1.07867e-01 1.39115e-01 |
   4969 | 8.24014e+01 1.65828e-02 | 1.25332e-02 1.07867e-01 1.39115e-01 |
   4970 | 8.24180e+01 1.65828e-02 | 1.25332e-02 1.07867e-01 1.39115e-01 |
   4971 | 8.24346e+01 1.65828e-02 | 1.25332e-02 1.07867e-01 1.39115e-01 |
   4972 | 8.24511e+01 1.65828e-02 | 1.25332e-02 1.07867e-01 1.39115e-01 |
   4973 | 8.24677e+01 1.65828e-02 | 1.25332e-02 1.07867e-01 1.39115e-01 |
   4974 | 8.24843e+01 1.65828e-02 | 1.25332e-02 1.07867e-01 1.39115e-01 |
   4975 | 8.25009e+01 1.65828e-02 | 1.25332e-02 1.07867e-01 1.39115e-01 |
   4976 | 8.25175e+01 1.65828e-02 | 1.25332e-02 1.07867e-01 1.39115e-01 |
   4977 | 8.25340e+01 1.65828e-02 | 1.25332e-02 1.07867e-01 1.39115e-01 |
   4978 | 8.25506e+01 1.65828e-02 | 1.25332e-02 1.07867e-01 1.39115e-01 |
   4979 | 8.25672e+01 1.65829e-02 | 1.25332e-02 1.07867e-01 1.39115e-01 |
   4980 | 8.25838e+01 1.65829e-02 | 1.25332e-02 1.07867e-01 1.39115e-01 |
   4981 | 8.26004e+01 1.65829e-02 | 1.25332e-02 1.07867e-01 1.39115e-01 |
   4982 | 8.26170e+01 1.65830e-02 | 1.25332e-02 1.07867e-01 1.39115e-01 |
   4983 | 8.26335e+01 1.65830e-02 | 1.25332e-02 1.07867e-01 1.39115e-01 |
   4984 | 8.26501e+01 1.65830e-02 | 1.25332e-02 1.07867e-01 1.39115e-01 |
   4985 | 8.26667e+01 1.65831e-02 | 1.25332e-02 1.07867e-01 1.39115e-01 |
   4986 | 8.26833e+01 1.65831e-02 | 1.25332e-02 1.07867e-01 1.39115e-01 |
   4987 | 8.26999e+01 1.65832e-02 | 1.25332e-02 1.07867e-01 1.39115e-01 |
   4988 | 8.27165e+01 1.65832e-02 | 1.25332e-02 1.07867e-01 1.39115e-01 |
   4989 | 8.27330e+01 1.65833e-02 | 1.25332e-02 1.07867e-01 1.39115e-01 |
   4990 | 8.27496e+01 1.65833e-02 | 1.25332e-02 1.07867e-01 1.39115e-01 |
   4991 | 8.27662e+01 1.65834e-02 | 1.25332e-02 1.07867e-01 1.39115e-01 |
   4992 | 8.27828e+01 1.65835e-02 | 1.25332e-02 1.07867e-01 1.39115e-01 |
   4993 | 8.27994e+01 1.65835e-02 | 1.25332e-02 1.07867e-01 1.39115e-01 |
   4994 | 8.28160e+01 1.65836e-02 | 1.25332e-02 1.07867e-01 1.39115e-01 |
   4995 | 8.28325e+01 1.65837e-02 | 1.25332e-02 1.07867e-01 1.39115e-01 |
   4996 | 8.28491e+01 1.65838e-02 | 1.25332e-02 1.07867e-01 1.39115e-01 |
   4997 | 8.28657e+01 1.65838e-02 | 1.25332e-02 1.07867e-01 1.39115e-01 |
   4998 | 8.28823e+01 1.65839e-02 | 1.25332e-02 1.07867e-01 1.39115e-01 |
   4999 | 8.28989e+01 1.65839e-02 | 1.25332e-02 1.07867e-01 1.39115e-01 |
   5000 | 8.29155e+01 1.65838e-02 | 1.25332e-02 1.07867e-01 1.39115e-01 |
   5001 | 8.29320e+01 1.65837e-02 | 1.25332e-02 1.07867e-01 1.39115e-01 |
   5002 | 8.29486e+01 1.65836e-02 | 1.25332e-02 1.07867e-01 1.39115e-01 |
   5003 | 8.29652e+01 1.65835e-02 | 1.25332e-02 1.07867e-01 1.39115e-01 |
   5004 | 8.29818e+01 1.65835e-02 | 1.25332e-02 1.07867e-01 1.39115e-01 |
   5005 | 8.29984e+01 1.65834e-02 | 1.25332e-02 1.07867e-01 1.39115e-01 |
   5006 | 8.30150e+01 1.65833e-02 | 1.25332e-02 1.07867e-01 1.39115e-01 |
   5007 | 8.30315e+01 1.65832e-02 | 1.25332e-02 1.07867e-01 1.39115e-01 |
   5008 | 8.30481e+01 1.65832e-02 | 1.25332e-02 1.07867e-01 1.39115e-01 |
   5009 | 8.30647e+01 1.65831e-02 | 1.25332e-02 1.07867e-01 1.39115e-01 |
   5010 | 8.30813e+01 1.65831e-02 | 1.25332e-02 1.07867e-01 1.39115e-01 |
   5011 | 8.30979e+01 1.65830e-02 | 1.25332e-02 1.07867e-01 1.39115e-01 |
   5012 | 8.31145e+01 1.65830e-02 | 1.25332e-02 1.07867e-01 1.39115e-01 |
   5013 | 8.31310e+01 1.65829e-02 | 1.25332e-02 1.07867e-01 1.39115e-01 |
   5014 | 8.31476e+01 1.65829e-02 | 1.25332e-02 1.07867e-01 1.39115e-01 |
   5015 | 8.31642e+01 1.65828e-02 | 1.25332e-02 1.07867e-01 1.39115e-01 |
   5016 | 8.31808e+01 1.65828e-02 | 1.25332e-02 1.07867e-01 1.39115e-01 |
   5017 | 8.31974e+01 1.65828e-02 | 1.25332e-02 1.07867e-01 1.39115e-01 |
   5018 | 8.32140e+01 1.65827e-02 | 1.25332e-02 1.07867e-01 1.39115e-01 |
   5019 | 8.32305e+01 1.65827e-02 | 1.25332e-02 1.07867e-01 1.39115e-01 |
   5020 | 8.32471e+01 1.65827e-02 | 1.25332e-02 1.07867e-01 1.39115e-01 |
   5021 | 8.32637e+01 1.65827e-02 | 1.25332e-02 1.07867e-01 1.39115e-01 |
   5022 | 8.32803e+01 1.65826e-02 | 1.25332e-02 1.07867e-01 1.39115e-01 |
   5023 | 8.32969e+01 1.65826e-02 | 1.25332e-02 1.07867e-01 1.39115e-01 |
   5024 | 8.33135e+01 1.65826e-02 | 1.25332e-02 1.07867e-01 1.39115e-01 |
   5025 | 8.33300e+01 1.65826e-02 | 1.25332e-02 1.07867e-01 1.39115e-01 |
   5026 | 8.33466e+01 1.65826e-02 | 1.25332e-02 1.07867e-01 1.39115e-01 |
   5027 | 8.33632e+01 1.65826e-02 | 1.25332e-02 1.07867e-01 1.39115e-01 |
   5028 | 8.33798e+01 1.65826e-02 | 1.25332e-02 1.07867e-01 1.39115e-01 |
   5029 | 8.33964e+01 1.65826e-02 | 1.25332e-02 1.07867e-01 1.39115e-01 |
   5030 | 8.34130e+01 1.65826e-02 | 1.25332e-02 1.07867e-01 1.39115e-01 |
   5031 | 8.34295e+01 1.65827e-02 | 1.25332e-02 1.07867e-01 1.39115e-01 |
   5032 | 8.34461e+01 1.65827e-02 | 1.25332e-02 1.07867e-01 1.39115e-01 |
   5033 | 8.34627e+01 1.65827e-02 | 1.25332e-02 1.07867e-01 1.39115e-01 |
   5034 | 8.34793e+01 1.65827e-02 | 1.25332e-02 1.07867e-01 1.39115e-01 |
   5035 | 8.34959e+01 1.65828e-02 | 1.25332e-02 1.07867e-01 1.39115e-01 |
   5036 | 8.35124e+01 1.65828e-02 | 1.25332e-02 1.07867e-01 1.39115e-01 |
   5037 | 8.35290e+01 1.65828e-02 | 1.25332e-02 1.07867e-01 1.39115e-01 |
   5038 | 8.35456e+01 1.65829e-02 | 1.25332e-02 1.07867e-01 1.39115e-01 |
   5039 | 8.35622e+01 1.65829e-02 | 1.25332e-02 1.07867e-01 1.39115e-01 |
   5040 | 8.35788e+01 1.65830e-02 | 1.25332e-02 1.07867e-01 1.39115e-01 |
   5041 | 8.35954e+01 1.65830e-02 | 1.25332e-02 1.07867e-01 1.39115e-01 |
   5042 | 8.36119e+01 1.65831e-02 | 1.25332e-02 1.07867e-01 1.39115e-01 |
   5043 | 8.36285e+01 1.65831e-02 | 1.25332e-02 1.07867e-01 1.39115e-01 |
   5044 | 8.36451e+01 1.65832e-02 | 1.25332e-02 1.07867e-01 1.39115e-01 |
   5045 | 8.36617e+01 1.65832e-02 | 1.25332e-02 1.07867e-01 1.39115e-01 |
   5046 | 8.36783e+01 1.65833e-02 | 1.25332e-02 1.07867e-01 1.39115e-01 |
   5047 | 8.36949e+01 1.65834e-02 | 1.25332e-02 1.07867e-01 1.39115e-01 |
   5048 | 8.37114e+01 1.65835e-02 | 1.25332e-02 1.07867e-01 1.39115e-01 |
   5049 | 8.37280e+01 1.65835e-02 | 1.25332e-02 1.07867e-01 1.39115e-01 |
   5050 | 8.37446e+01 1.65836e-02 | 1.25332e-02 1.07867e-01 1.39115e-01 |
   5051 | 8.37612e+01 1.65837e-02 | 1.25332e-02 1.07867e-01 1.39115e-01 |
   5052 | 8.37778e+01 1.65838e-02 | 1.25332e-02 1.07867e-01 1.39115e-01 |
   5053 | 8.37944e+01 1.65839e-02 | 1.25332e-02 1.07867e-01 1.39115e-01 |
   5054 | 8.38109e+01 1.65838e-02 | 1.25332e-02 1.07867e-01 1.39115e-01 |
   5055 | 8.38275e+01 1.65838e-02 | 1.25332e-02 1.07867e-01 1.39115e-01 |
   5056 | 8.38441e+01 1.65837e-02 | 1.25332e-02 1.07867e-01 1.39115e-01 |
   5057 | 8.38607e+01 1.65837e-02 | 1.25332e-02 1.07867e-01 1.39115e-01 |
   5058 | 8.38773e+01 1.65836e-02 | 1.25332e-02 1.07867e-01 1.39115e-01 |
   5059 | 8.38939e+01 1.65836e-02 | 1.25332e-02 1.07867e-01 1.39115e-01 |
   5060 | 8.39105e+01 1.65836e-02 | 1.25332e-02 1.07867e-01 1.39115e-01 |
   5061 | 8.39270e+01 1.65835e-02 | 1.25332e-02 1.07867e-01 1.39115e-01 |
   5062 | 8.39436e+01 1.65835e-02 | 1.25332e-02 1.07867e-01 1.39115e-01 |
   5063 | 8.39602e+01 1.65835e-02 | 1.25332e-02 1.07867e-01 1.39115e-01 |
   5064 | 8.39768e+01 1.65835e-02 | 1.25332e-02 1.07867e-01 1.39115e-01 |
   5065 | 8.39934e+01 1.65835e-02 | 1.25332e-02 1.07867e-01 1.39115e-01 |
   5066 | 8.40100e+01 1.65834e-02 | 1.25332e-02 1.07867e-01 1.39115e-01 |
   5067 | 8.40265e+01 1.65834e-02 | 1.25332e-02 1.07867e-01 1.39115e-01 |
   5068 | 8.40431e+01 1.65834e-02 | 1.25332e-02 1.07867e-01 1.39115e-01 |
   5069 | 8.40597e+01 1.65834e-02 | 1.25332e-02 1.07867e-01 1.39115e-01 |
   5070 | 8.40763e+01 1.65834e-02 | 1.25332e-02 1.07867e-01 1.39115e-01 |
   5071 | 8.40929e+01 1.65834e-02 | 1.25332e-02 1.07867e-01 1.39115e-01 |
   5072 | 8.41095e+01 1.65835e-02 | 1.25332e-02 1.07867e-01 1.39115e-01 |
   5073 | 8.41260e+01 1.65835e-02 | 1.25332e-02 1.07867e-01 1.39115e-01 |
   5074 | 8.41426e+01 1.65835e-02 | 1.25332e-02 1.07867e-01 1.39115e-01 |
   5075 | 8.41592e+01 1.65835e-02 | 1.25332e-02 1.07867e-01 1.39115e-01 |
   5076 | 8.41758e+01 1.65835e-02 | 1.25332e-02 1.07867e-01 1.39115e-01 |
   5077 | 8.41924e+01 1.65836e-02 | 1.25332e-02 1.07867e-01 1.39115e-01 |
   5078 | 8.42090e+01 1.65836e-02 | 1.25332e-02 1.07867e-01 1.39115e-01 |
   5079 | 8.42255e+01 1.65836e-02 | 1.25332e-02 1.07867e-01 1.39115e-01 |
   5080 | 8.42421e+01 1.65836e-02 | 1.25332e-02 1.07867e-01 1.39115e-01 |
   5081 | 8.42587e+01 1.65835e-02 | 1.25332e-02 1.07867e-01 1.39115e-01 |
   5082 | 8.42753e+01 1.65835e-02 | 1.25332e-02 1.07867e-01 1.39115e-01 |
   5083 | 8.42919e+01 1.65835e-02 | 1.25332e-02 1.07867e-01 1.39115e-01 |
   5084 | 8.43085e+01 1.65835e-02 | 1.25332e-02 1.07867e-01 1.39115e-01 |
   5085 | 8.43250e+01 1.65835e-02 | 1.25332e-02 1.07867e-01 1.39115e-01 |
   5086 | 8.43416e+01 1.65835e-02 | 1.25332e-02 1.07867e-01 1.39115e-01 |
   5087 | 8.43582e+01 1.65835e-02 | 1.25332e-02 1.07867e-01 1.39115e-01 |
   5088 | 8.43748e+01 1.65835e-02 | 1.25332e-02 1.07867e-01 1.39115e-01 |
   5089 | 8.43914e+01 1.65835e-02 | 1.25332e-02 1.07867e-01 1.39115e-01 |
   5090 | 8.44080e+01 1.65835e-02 | 1.25332e-02 1.07867e-01 1.39115e-01 |
   5091 | 8.44245e+01 1.65835e-02 | 1.25332e-02 1.07867e-01 1.39115e-01 |
   5092 | 8.44411e+01 1.65835e-02 | 1.25332e-02 1.07867e-01 1.39115e-01 |
   5093 | 8.44577e+01 1.65835e-02 | 1.25332e-02 1.07867e-01 1.39115e-01 |
   5094 | 8.44743e+01 1.65836e-02 | 1.25332e-02 1.07867e-01 1.39115e-01 |
   5095 | 8.44909e+01 1.65836e-02 | 1.25332e-02 1.07867e-01 1.39115e-01 |
   5096 | 8.45075e+01 1.65836e-02 | 1.25332e-02 1.07867e-01 1.39115e-01 |
   5097 | 8.45240e+01 1.65836e-02 | 1.25332e-02 1.07867e-01 1.39115e-01 |
   5098 | 8.45406e+01 1.65837e-02 | 1.25332e-02 1.07867e-01 1.39115e-01 |
   5099 | 8.45572e+01 1.65837e-02 | 1.25332e-02 1.07867e-01 1.39115e-01 |
   5100 | 8.45738e+01 1.65838e-02 | 1.25332e-02 1.07867e-01 1.39115e-01 |
   5101 | 8.45904e+01 1.65838e-02 | 1.25332e-02 1.07867e-01 1.39115e-01 |
   5102 | 8.46070e+01 1.65839e-02 | 1.25332e-02 1.07867e-01 1.39115e-01 |
   5103 | 8.46235e+01 1.65838e-02 | 1.25332e-02 1.07867e-01 1.39115e-01 |
   5104 | 8.46401e+01 1.65837e-02 | 1.25332e-02 1.07867e-01 1.39115e-01 |
   5105 | 8.46567e+01 1.65836e-02 | 1.25332e-02 1.07867e-01 1.39115e-01 |
   5106 | 8.46733e+01 1.65836e-02 | 1.25332e-02 1.07867e-01 1.39115e-01 |
   5107 | 8.46899e+01 1.65835e-02 | 1.25332e-02 1.07867e-01 1.39115e-01 |
   5108 | 8.47065e+01 1.65834e-02 | 1.25332e-02 1.07867e-01 1.39115e-01 |
   5109 | 8.47230e+01 1.65833e-02 | 1.25332e-02 1.07867e-01 1.39115e-01 |
   5110 | 8.47396e+01 1.65833e-02 | 1.25332e-02 1.07867e-01 1.39115e-01 |
   5111 | 8.47562e+01 1.65832e-02 | 1.25332e-02 1.07867e-01 1.39115e-01 |
   5112 | 8.47728e+01 1.65831e-02 | 1.25332e-02 1.07867e-01 1.39115e-01 |
   5113 | 8.47894e+01 1.65831e-02 | 1.25332e-02 1.07867e-01 1.39115e-01 |
   5114 | 8.48060e+01 1.65830e-02 | 1.25332e-02 1.07867e-01 1.39115e-01 |
   5115 | 8.48225e+01 1.65830e-02 | 1.25332e-02 1.07867e-01 1.39115e-01 |
   5116 | 8.48391e+01 1.65829e-02 | 1.25332e-02 1.07867e-01 1.39115e-01 |
   5117 | 8.48557e+01 1.65829e-02 | 1.25332e-02 1.07867e-01 1.39115e-01 |
   5118 | 8.48723e+01 1.65828e-02 | 1.25332e-02 1.07867e-01 1.39115e-01 |
   5119 | 8.48889e+01 1.65828e-02 | 1.25332e-02 1.07867e-01 1.39115e-01 |
   5120 | 8.49055e+01 1.65828e-02 | 1.25332e-02 1.07867e-01 1.39115e-01 |
   5121 | 8.49220e+01 1.65827e-02 | 1.25332e-02 1.07867e-01 1.39115e-01 |
   5122 | 8.49386e+01 1.65827e-02 | 1.25332e-02 1.07867e-01 1.39115e-01 |
   5123 | 8.49552e+01 1.65827e-02 | 1.25332e-02 1.07867e-01 1.39115e-01 |
   5124 | 8.49718e+01 1.65827e-02 | 1.25332e-02 1.07867e-01 1.39115e-01 |
   5125 | 8.49884e+01 1.65826e-02 | 1.25332e-02 1.07867e-01 1.39115e-01 |
   5126 | 8.50050e+01 1.65826e-02 | 1.25332e-02 1.07867e-01 1.39115e-01 |
   5127 | 8.50215e+01 1.65826e-02 | 1.25332e-02 1.07867e-01 1.39115e-01 |
   5128 | 8.50381e+01 1.65826e-02 | 1.25332e-02 1.07867e-01 1.39115e-01 |
   5129 | 8.50547e+01 1.65826e-02 | 1.25332e-02 1.07867e-01 1.39115e-01 |
   5130 | 8.50713e+01 1.65826e-02 | 1.25332e-02 1.07867e-01 1.39115e-01 |
   5131 | 8.50879e+01 1.65826e-02 | 1.25332e-02 1.07867e-01 1.39115e-01 |
   5132 | 8.51044e+01 1.65826e-02 | 1.25332e-02 1.07867e-01 1.39115e-01 |
   5133 | 8.51210e+01 1.65826e-02 | 1.25332e-02 1.07867e-01 1.39115e-01 |
   5134 | 8.51376e+01 1.65826e-02 | 1.25332e-02 1.07867e-01 1.39115e-01 |
   5135 | 8.51542e+01 1.65827e-02 | 1.25332e-02 1.07867e-01 1.39115e-01 |
   5136 | 8.51708e+01 1.65827e-02 | 1.25332e-02 1.07867e-01 1.39115e-01 |
   5137 | 8.51874e+01 1.65827e-02 | 1.25332e-02 1.07867e-01 1.39115e-01 |
   5138 | 8.52039e+01 1.65827e-02 | 1.25332e-02 1.07867e-01 1.39115e-01 |
   5139 | 8.52205e+01 1.65828e-02 | 1.25332e-02 1.07867e-01 1.39115e-01 |
   5140 | 8.52371e+01 1.65828e-02 | 1.25332e-02 1.07867e-01 1.39115e-01 |
   5141 | 8.52537e+01 1.65828e-02 | 1.25332e-02 1.07867e-01 1.39115e-01 |
   5142 | 8.52703e+01 1.65829e-02 | 1.25332e-02 1.07867e-01 1.39115e-01 |
   5143 | 8.52869e+01 1.65829e-02 | 1.25332e-02 1.07867e-01 1.39115e-01 |
   5144 | 8.53034e+01 1.65830e-02 | 1.25332e-02 1.07867e-01 1.39115e-01 |
   5145 | 8.53200e+01 1.65830e-02 | 1.25332e-02 1.07867e-01 1.39115e-01 |
   5146 | 8.53366e+01 1.65831e-02 | 1.25332e-02 1.07867e-01 1.39115e-01 |
   5147 | 8.53532e+01 1.65832e-02 | 1.25332e-02 1.07867e-01 1.39115e-01 |
   5148 | 8.53698e+01 1.65832e-02 | 1.25332e-02 1.07867e-01 1.39115e-01 |
   5149 | 8.53864e+01 1.65833e-02 | 1.25332e-02 1.07867e-01 1.39115e-01 |
   5150 | 8.54029e+01 1.65834e-02 | 1.25332e-02 1.07867e-01 1.39115e-01 |
   5151 | 8.54195e+01 1.65834e-02 | 1.25332e-02 1.07867e-01 1.39115e-01 |
   5152 | 8.54361e+01 1.65835e-02 | 1.25332e-02 1.07867e-01 1.39115e-01 |
   5153 | 8.54527e+01 1.65836e-02 | 1.25332e-02 1.07867e-01 1.39115e-01 |
   5154 | 8.54693e+01 1.65837e-02 | 1.25332e-02 1.07867e-01 1.39115e-01 |
   5155 | 8.54859e+01 1.65838e-02 | 1.25332e-02 1.07867e-01 1.39115e-01 |
   5156 | 8.55024e+01 1.65838e-02 | 1.25332e-02 1.07867e-01 1.39115e-01 |
   5157 | 8.55190e+01 1.65839e-02 | 1.25332e-02 1.07867e-01 1.39115e-01 |
   5158 | 8.55356e+01 1.65839e-02 | 1.25332e-02 1.07867e-01 1.39115e-01 |
   5159 | 8.55522e+01 1.65838e-02 | 1.25332e-02 1.07867e-01 1.39115e-01 |
   5160 | 8.55688e+01 1.65837e-02 | 1.25332e-02 1.07867e-01 1.39115e-01 |
   5161 | 8.55854e+01 1.65836e-02 | 1.25332e-02 1.07867e-01 1.39115e-01 |
   5162 | 8.56019e+01 1.65835e-02 | 1.25332e-02 1.07867e-01 1.39115e-01 |
   5163 | 8.56185e+01 1.65835e-02 | 1.25332e-02 1.07867e-01 1.39115e-01 |
   5164 | 8.56351e+01 1.65834e-02 | 1.25332e-02 1.07867e-01 1.39115e-01 |
   5165 | 8.56517e+01 1.65833e-02 | 1.25332e-02 1.07867e-01 1.39115e-01 |
   5166 | 8.56683e+01 1.65833e-02 | 1.25332e-02 1.07867e-01 1.39115e-01 |
   5167 | 8.56849e+01 1.65832e-02 | 1.25332e-02 1.07867e-01 1.39115e-01 |
   5168 | 8.57014e+01 1.65832e-02 | 1.25332e-02 1.07867e-01 1.39115e-01 |
   5169 | 8.57180e+01 1.65831e-02 | 1.25332e-02 1.07867e-01 1.39115e-01 |
   5170 | 8.57346e+01 1.65831e-02 | 1.25332e-02 1.07867e-01 1.39115e-01 |
   5171 | 8.57512e+01 1.65830e-02 | 1.25332e-02 1.07867e-01 1.39115e-01 |
   5172 | 8.57678e+01 1.65830e-02 | 1.25332e-02 1.07867e-01 1.39115e-01 |
   5173 | 8.57844e+01 1.65830e-02 | 1.25332e-02 1.07867e-01 1.39115e-01 |
   5174 | 8.58009e+01 1.65829e-02 | 1.25332e-02 1.07867e-01 1.39115e-01 |
   5175 | 8.58175e+01 1.65829e-02 | 1.25332e-02 1.07867e-01 1.39115e-01 |
   5176 | 8.58341e+01 1.65829e-02 | 1.25332e-02 1.07867e-01 1.39115e-01 |
   5177 | 8.58507e+01 1.65828e-02 | 1.25332e-02 1.07867e-01 1.39115e-01 |
   5178 | 8.58673e+01 1.65828e-02 | 1.25332e-02 1.07867e-01 1.39115e-01 |
   5179 | 8.58839e+01 1.65828e-02 | 1.25332e-02 1.07867e-01 1.39115e-01 |
   5180 | 8.59004e+01 1.65828e-02 | 1.25332e-02 1.07867e-01 1.39115e-01 |
   5181 | 8.59170e+01 1.65828e-02 | 1.25332e-02 1.07867e-01 1.39115e-01 |
   5182 | 8.59336e+01 1.65828e-02 | 1.25332e-02 1.07867e-01 1.39115e-01 |
   5183 | 8.59502e+01 1.65828e-02 | 1.25332e-02 1.07867e-01 1.39115e-01 |
   5184 | 8.59668e+01 1.65828e-02 | 1.25332e-02 1.07867e-01 1.39115e-01 |
   5185 | 8.59834e+01 1.65828e-02 | 1.25332e-02 1.07867e-01 1.39115e-01 |
   5186 | 8.59999e+01 1.65828e-02 | 1.25332e-02 1.07867e-01 1.39115e-01 |
   5187 | 8.60165e+01 1.65828e-02 | 1.25332e-02 1.07867e-01 1.39115e-01 |
   5188 | 8.60331e+01 1.65828e-02 | 1.25332e-02 1.07867e-01 1.39115e-01 |
   5189 | 8.60497e+01 1.65829e-02 | 1.25332e-02 1.07867e-01 1.39115e-01 |
   5190 | 8.60663e+01 1.65829e-02 | 1.25332e-02 1.07867e-01 1.39115e-01 |
   5191 | 8.60829e+01 1.65829e-02 | 1.25332e-02 1.07867e-01 1.39115e-01 |
   5192 | 8.60994e+01 1.65829e-02 | 1.25332e-02 1.07867e-01 1.39115e-01 |
   5193 | 8.61160e+01 1.65830e-02 | 1.25332e-02 1.07867e-01 1.39115e-01 |
   5194 | 8.61326e+01 1.65830e-02 | 1.25332e-02 1.07867e-01 1.39115e-01 |
   5195 | 8.61492e+01 1.65831e-02 | 1.25332e-02 1.07867e-01 1.39115e-01 |
   5196 | 8.61658e+01 1.65831e-02 | 1.25332e-02 1.07867e-01 1.39115e-01 |
   5197 | 8.61823e+01 1.65831e-02 | 1.25332e-02 1.07867e-01 1.39115e-01 |
   5198 | 8.61989e+01 1.65832e-02 | 1.25332e-02 1.07867e-01 1.39115e-01 |
   5199 | 8.62155e+01 1.65833e-02 | 1.25332e-02 1.07867e-01 1.39115e-01 |
   5200 | 8.62321e+01 1.65833e-02 | 1.25332e-02 1.07867e-01 1.39115e-01 |
   5201 | 8.62487e+01 1.65834e-02 | 1.25332e-02 1.07867e-01 1.39115e-01 |
   5202 | 8.62653e+01 1.65834e-02 | 1.25332e-02 1.07867e-01 1.39115e-01 |
   5203 | 8.62818e+01 1.65834e-02 | 1.25332e-02 1.07867e-01 1.39115e-01 |
   5204 | 8.62984e+01 1.65835e-02 | 1.25332e-02 1.07867e-01 1.39115e-01 |
   5205 | 8.63150e+01 1.65835e-02 | 1.25332e-02 1.07867e-01 1.39115e-01 |
   5206 | 8.63316e+01 1.65835e-02 | 1.25332e-02 1.07867e-01 1.39115e-01 |
   5207 | 8.63482e+01 1.65836e-02 | 1.25332e-02 1.07867e-01 1.39115e-01 |
   5208 | 8.63648e+01 1.65836e-02 | 1.25332e-02 1.07867e-01 1.39115e-01 |
   5209 | 8.63814e+01 1.65836e-02 | 1.25332e-02 1.07867e-01 1.39115e-01 |
   5210 | 8.63979e+01 1.65837e-02 | 1.25332e-02 1.07867e-01 1.39115e-01 |
   5211 | 8.64145e+01 1.65837e-02 | 1.25332e-02 1.07867e-01 1.39115e-01 |
   5212 | 8.64311e+01 1.65838e-02 | 1.25332e-02 1.07867e-01 1.39115e-01 |
   5213 | 8.64477e+01 1.65838e-02 | 1.25332e-02 1.07867e-01 1.39115e-01 |
   5214 | 8.64643e+01 1.65838e-02 | 1.25332e-02 1.07867e-01 1.39115e-01 |
   5215 | 8.64809e+01 1.65837e-02 | 1.25332e-02 1.07867e-01 1.39115e-01 |
   5216 | 8.64974e+01 1.65836e-02 | 1.25332e-02 1.07867e-01 1.39115e-01 |
   5217 | 8.65140e+01 1.65835e-02 | 1.25332e-02 1.07867e-01 1.39115e-01 |
   5218 | 8.65306e+01 1.65834e-02 | 1.25332e-02 1.07867e-01 1.39115e-01 |
   5219 | 8.65472e+01 1.65834e-02 | 1.25332e-02 1.07867e-01 1.39115e-01 |
   5220 | 8.65638e+01 1.65833e-02 | 1.25332e-02 1.07867e-01 1.39115e-01 |
   5221 | 8.65804e+01 1.65832e-02 | 1.25332e-02 1.07867e-01 1.39115e-01 |
   5222 | 8.65969e+01 1.65832e-02 | 1.25332e-02 1.07867e-01 1.39115e-01 |
   5223 | 8.66135e+01 1.65831e-02 | 1.25332e-02 1.07867e-01 1.39115e-01 |
   5224 | 8.66301e+01 1.65830e-02 | 1.25332e-02 1.07867e-01 1.39115e-01 |
   5225 | 8.66467e+01 1.65830e-02 | 1.25332e-02 1.07867e-01 1.39115e-01 |
   5226 | 8.66633e+01 1.65829e-02 | 1.25332e-02 1.07867e-01 1.39115e-01 |
   5227 | 8.66799e+01 1.65829e-02 | 1.25332e-02 1.07867e-01 1.39115e-01 |
   5228 | 8.66964e+01 1.65829e-02 | 1.25332e-02 1.07867e-01 1.39115e-01 |
   5229 | 8.67130e+01 1.65828e-02 | 1.25332e-02 1.07867e-01 1.39115e-01 |
   5230 | 8.67296e+01 1.65828e-02 | 1.25332e-02 1.07867e-01 1.39115e-01 |
   5231 | 8.67462e+01 1.65828e-02 | 1.25332e-02 1.07867e-01 1.39115e-01 |
   5232 | 8.67628e+01 1.65827e-02 | 1.25332e-02 1.07867e-01 1.39115e-01 |
   5233 | 8.67793e+01 1.65827e-02 | 1.25332e-02 1.07867e-01 1.39115e-01 |
   5234 | 8.67959e+01 1.65827e-02 | 1.25332e-02 1.07867e-01 1.39115e-01 |
   5235 | 8.68125e+01 1.65827e-02 | 1.25332e-02 1.07867e-01 1.39115e-01 |
   5236 | 8.68291e+01 1.65827e-02 | 1.25332e-02 1.07867e-01 1.39115e-01 |
   5237 | 8.68457e+01 1.65826e-02 | 1.25332e-02 1.07867e-01 1.39115e-01 |
   5238 | 8.68623e+01 1.65826e-02 | 1.25332e-02 1.07867e-01 1.39115e-01 |
   5239 | 8.68788e+01 1.65826e-02 | 1.25332e-02 1.07867e-01 1.39115e-01 |
   5240 | 8.68954e+01 1.65826e-02 | 1.25332e-02 1.07867e-01 1.39115e-01 |
   5241 | 8.69120e+01 1.65826e-02 | 1.25332e-02 1.07867e-01 1.39115e-01 |
   5242 | 8.69286e+01 1.65827e-02 | 1.25332e-02 1.07867e-01 1.39115e-01 |
   5243 | 8.69452e+01 1.65827e-02 | 1.25332e-02 1.07867e-01 1.39115e-01 |
   5244 | 8.69618e+01 1.65827e-02 | 1.25332e-02 1.07867e-01 1.39115e-01 |
   5245 | 8.69783e+01 1.65827e-02 | 1.25332e-02 1.07867e-01 1.39115e-01 |
   5246 | 8.69949e+01 1.65827e-02 | 1.25332e-02 1.07867e-01 1.39115e-01 |
   5247 | 8.70115e+01 1.65827e-02 | 1.25332e-02 1.07867e-01 1.39115e-01 |
   5248 | 8.70281e+01 1.65828e-02 | 1.25332e-02 1.07867e-01 1.39115e-01 |
   5249 | 8.70447e+01 1.65828e-02 | 1.25332e-02 1.07867e-01 1.39115e-01 |
   5250 | 8.70613e+01 1.65828e-02 | 1.25332e-02 1.07867e-01 1.39115e-01 |
   5251 | 8.70778e+01 1.65829e-02 | 1.25332e-02 1.07867e-01 1.39115e-01 |
   5252 | 8.70944e+01 1.65829e-02 | 1.25332e-02 1.07867e-01 1.39115e-01 |
   5253 | 8.71110e+01 1.65830e-02 | 1.25332e-02 1.07867e-01 1.39115e-01 |
   5254 | 8.71276e+01 1.65830e-02 | 1.25332e-02 1.07867e-01 1.39115e-01 |
   5255 | 8.71442e+01 1.65831e-02 | 1.25332e-02 1.07867e-01 1.39115e-01 |
   5256 | 8.71608e+01 1.65831e-02 | 1.25332e-02 1.07867e-01 1.39115e-01 |
   5257 | 8.71773e+01 1.65832e-02 | 1.25332e-02 1.07867e-01 1.39115e-01 |
   5258 | 8.71939e+01 1.65833e-02 | 1.25332e-02 1.07867e-01 1.39115e-01 |
   5259 | 8.72105e+01 1.65833e-02 | 1.25332e-02 1.07867e-01 1.39115e-01 |
   5260 | 8.72271e+01 1.65834e-02 | 1.25332e-02 1.07867e-01 1.39115e-01 |
   5261 | 8.72437e+01 1.65835e-02 | 1.25332e-02 1.07867e-01 1.39115e-01 |
   5262 | 8.72603e+01 1.65835e-02 | 1.25332e-02 1.07867e-01 1.39115e-01 |
   5263 | 8.72768e+01 1.65836e-02 | 1.25332e-02 1.07867e-01 1.39115e-01 |
   5264 | 8.72934e+01 1.65837e-02 | 1.25332e-02 1.07867e-01 1.39115e-01 |
   5265 | 8.73100e+01 1.65838e-02 | 1.25332e-02 1.07867e-01 1.39115e-01 |
   5266 | 8.73266e+01 1.65839e-02 | 1.25332e-02 1.07867e-01 1.39115e-01 |
   5267 | 8.73432e+01 1.65840e-02 | 1.25332e-02 1.07867e-01 1.39115e-01 |
   5268 | 8.73598e+01 1.65839e-02 | 1.25332e-02 1.07867e-01 1.39115e-01 |
   5269 | 8.73763e+01 1.65838e-02 | 1.25332e-02 1.07867e-01 1.39115e-01 |
   5270 | 8.73929e+01 1.65837e-02 | 1.25332e-02 1.07867e-01 1.39115e-01 |
   5271 | 8.74095e+01 1.65837e-02 | 1.25332e-02 1.07867e-01 1.39115e-01 |
   5272 | 8.74261e+01 1.65836e-02 | 1.25332e-02 1.07867e-01 1.39115e-01 |
   5273 | 8.74427e+01 1.65835e-02 | 1.25332e-02 1.07867e-01 1.39115e-01 |
   5274 | 8.74593e+01 1.65834e-02 | 1.25332e-02 1.07867e-01 1.39115e-01 |
   5275 | 8.74758e+01 1.65834e-02 | 1.25332e-02 1.07867e-01 1.39115e-01 |
   5276 | 8.74924e+01 1.65833e-02 | 1.25332e-02 1.07867e-01 1.39115e-01 |
   5277 | 8.75090e+01 1.65833e-02 | 1.25332e-02 1.07867e-01 1.39115e-01 |
   5278 | 8.75256e+01 1.65832e-02 | 1.25332e-02 1.07867e-01 1.39115e-01 |
   5279 | 8.75422e+01 1.65832e-02 | 1.25332e-02 1.07867e-01 1.39115e-01 |
   5280 | 8.75588e+01 1.65831e-02 | 1.25332e-02 1.07867e-01 1.39115e-01 |
   5281 | 8.75753e+01 1.65831e-02 | 1.25332e-02 1.07867e-01 1.39115e-01 |
   5282 | 8.75919e+01 1.65830e-02 | 1.25332e-02 1.07867e-01 1.39115e-01 |
   5283 | 8.76085e+01 1.65830e-02 | 1.25332e-02 1.07867e-01 1.39115e-01 |
   5284 | 8.76251e+01 1.65830e-02 | 1.25332e-02 1.07867e-01 1.39115e-01 |
   5285 | 8.76417e+01 1.65829e-02 | 1.25332e-02 1.07867e-01 1.39115e-01 |
   5286 | 8.76583e+01 1.65829e-02 | 1.25332e-02 1.07867e-01 1.39115e-01 |
   5287 | 8.76748e+01 1.65828e-02 | 1.25332e-02 1.07867e-01 1.39115e-01 |
   5288 | 8.76914e+01 1.65828e-02 | 1.25332e-02 1.07867e-01 1.39115e-01 |
   5289 | 8.77080e+01 1.65827e-02 | 1.25332e-02 1.07867e-01 1.39115e-01 |
   5290 | 8.77246e+01 1.65827e-02 | 1.25332e-02 1.07867e-01 1.39115e-01 |
   5291 | 8.77412e+01 1.65827e-02 | 1.25332e-02 1.07867e-01 1.39115e-01 |
   5292 | 8.77578e+01 1.65826e-02 | 1.25332e-02 1.07867e-01 1.39115e-01 |
   5293 | 8.77743e+01 1.65826e-02 | 1.25332e-02 1.07867e-01 1.39115e-01 |
   5294 | 8.77909e+01 1.65826e-02 | 1.25332e-02 1.07867e-01 1.39115e-01 |
   5295 | 8.78075e+01 1.65826e-02 | 1.25332e-02 1.07867e-01 1.39115e-01 |
   5296 | 8.78241e+01 1.65825e-02 | 1.25332e-02 1.07867e-01 1.39115e-01 |
   5297 | 8.78407e+01 1.65825e-02 | 1.25332e-02 1.07867e-01 1.39115e-01 |
   5298 | 8.78572e+01 1.65825e-02 | 1.25332e-02 1.07867e-01 1.39115e-01 |
   5299 | 8.78738e+01 1.65825e-02 | 1.25332e-02 1.07867e-01 1.39115e-01 |
   5300 | 8.78904e+01 1.65825e-02 | 1.25332e-02 1.07867e-01 1.39115e-01 |
   5301 | 8.79070e+01 1.65825e-02 | 1.25332e-02 1.07867e-01 1.39115e-01 |
   5302 | 8.79236e+01 1.65825e-02 | 1.25332e-02 1.07867e-01 1.39115e-01 |
   5303 | 8.79402e+01 1.65825e-02 | 1.25332e-02 1.07867e-01 1.39115e-01 |
   5304 | 8.79567e+01 1.65825e-02 | 1.25332e-02 1.07867e-01 1.39115e-01 |
   5305 | 8.79733e+01 1.65825e-02 | 1.25332e-02 1.07867e-01 1.39115e-01 |
   5306 | 8.79899e+01 1.65826e-02 | 1.25332e-02 1.07867e-01 1.39115e-01 |
   5307 | 8.80065e+01 1.65826e-02 | 1.25332e-02 1.07867e-01 1.39115e-01 |
   5308 | 8.80231e+01 1.65826e-02 | 1.25332e-02 1.07867e-01 1.39115e-01 |
   5309 | 8.80397e+01 1.65826e-02 | 1.25332e-02 1.07867e-01 1.39115e-01 |
   5310 | 8.80562e+01 1.65827e-02 | 1.25332e-02 1.07867e-01 1.39115e-01 |
   5311 | 8.80728e+01 1.65827e-02 | 1.25332e-02 1.07867e-01 1.39115e-01 |
   5312 | 8.80894e+01 1.65828e-02 | 1.25332e-02 1.07867e-01 1.39115e-01 |
   5313 | 8.81060e+01 1.65828e-02 | 1.25332e-02 1.07867e-01 1.39115e-01 |
   5314 | 8.81226e+01 1.65828e-02 | 1.25332e-02 1.07867e-01 1.39115e-01 |
   5315 | 8.81392e+01 1.65829e-02 | 1.25332e-02 1.07867e-01 1.39115e-01 |
   5316 | 8.81557e+01 1.65829e-02 | 1.25332e-02 1.07867e-01 1.39115e-01 |
   5317 | 8.81723e+01 1.65830e-02 | 1.25332e-02 1.07867e-01 1.39115e-01 |
   5318 | 8.81889e+01 1.65831e-02 | 1.25332e-02 1.07867e-01 1.39115e-01 |
   5319 | 8.82055e+01 1.65831e-02 | 1.25332e-02 1.07867e-01 1.39115e-01 |
   5320 | 8.82221e+01 1.65832e-02 | 1.25332e-02 1.07867e-01 1.39115e-01 |
   5321 | 8.82386e+01 1.65833e-02 | 1.25332e-02 1.07867e-01 1.39115e-01 |
   5322 | 8.82552e+01 1.65833e-02 | 1.25332e-02 1.07867e-01 1.39115e-01 |
   5323 | 8.82718e+01 1.65834e-02 | 1.25332e-02 1.07867e-01 1.39115e-01 |
   5324 | 8.82884e+01 1.65835e-02 | 1.25332e-02 1.07867e-01 1.39115e-01 |
   5325 | 8.83050e+01 1.65836e-02 | 1.25332e-02 1.07867e-01 1.39115e-01 |
   5326 | 8.83216e+01 1.65837e-02 | 1.25332e-02 1.07867e-01 1.39115e-01 |
   5327 | 8.83381e+01 1.65837e-02 | 1.25332e-02 1.07867e-01 1.39115e-01 |
   5328 | 8.83547e+01 1.65836e-02 | 1.25332e-02 1.07867e-01 1.39115e-01 |
   5329 | 8.83713e+01 1.65835e-02 | 1.25332e-02 1.07867e-01 1.39115e-01 |
   5330 | 8.83879e+01 1.65834e-02 | 1.25332e-02 1.07867e-01 1.39115e-01 |
   5331 | 8.84045e+01 1.65834e-02 | 1.25332e-02 1.07867e-01 1.39115e-01 |
   5332 | 8.84211e+01 1.65833e-02 | 1.25332e-02 1.07867e-01 1.39115e-01 |
   5333 | 8.84377e+01 1.65832e-02 | 1.25332e-02 1.07867e-01 1.39115e-01 |
   5334 | 8.84542e+01 1.65831e-02 | 1.25332e-02 1.07867e-01 1.39115e-01 |
   5335 | 8.84708e+01 1.65831e-02 | 1.25332e-02 1.07867e-01 1.39115e-01 |
   5336 | 8.84874e+01 1.65830e-02 | 1.25332e-02 1.07867e-01 1.39115e-01 |
   5337 | 8.85040e+01 1.65829e-02 | 1.25332e-02 1.07867e-01 1.39115e-01 |
   5338 | 8.85206e+01 1.65829e-02 | 1.25332e-02 1.07867e-01 1.39115e-01 |
   5339 | 8.85371e+01 1.65828e-02 | 1.25332e-02 1.07867e-01 1.39115e-01 |
   5340 | 8.85537e+01 1.65828e-02 | 1.25332e-02 1.07867e-01 1.39115e-01 |
   5341 | 8.85703e+01 1.65827e-02 | 1.25332e-02 1.07867e-01 1.39115e-01 |
   5342 | 8.85869e+01 1.65827e-02 | 1.25332e-02 1.07867e-01 1.39115e-01 |
   5343 | 8.86035e+01 1.65827e-02 | 1.25332e-02 1.07867e-01 1.39115e-01 |
   5344 | 8.86201e+01 1.65826e-02 | 1.25332e-02 1.07867e-01 1.39115e-01 |
   5345 | 8.86366e+01 1.65826e-02 | 1.25332e-02 1.07867e-01 1.39115e-01 |
   5346 | 8.86532e+01 1.65826e-02 | 1.25332e-02 1.07867e-01 1.39115e-01 |
   5347 | 8.86698e+01 1.65825e-02 | 1.25332e-02 1.07867e-01 1.39115e-01 |
   5348 | 8.86864e+01 1.65825e-02 | 1.25332e-02 1.07867e-01 1.39115e-01 |
   5349 | 8.87030e+01 1.65825e-02 | 1.25332e-02 1.07867e-01 1.39115e-01 |
   5350 | 8.87196e+01 1.65825e-02 | 1.25332e-02 1.07867e-01 1.39115e-01 |
   5351 | 8.87361e+01 1.65825e-02 | 1.25332e-02 1.07867e-01 1.39115e-01 |
   5352 | 8.87527e+01 1.65825e-02 | 1.25332e-02 1.07867e-01 1.39115e-01 |
   5353 | 8.87693e+01 1.65825e-02 | 1.25332e-02 1.07867e-01 1.39115e-01 |
   5354 | 8.87859e+01 1.65825e-02 | 1.25332e-02 1.07867e-01 1.39115e-01 |
   5355 | 8.88025e+01 1.65825e-02 | 1.25332e-02 1.07867e-01 1.39115e-01 |
   5356 | 8.88191e+01 1.65825e-02 | 1.25332e-02 1.07867e-01 1.39115e-01 |
   5357 | 8.88356e+01 1.65825e-02 | 1.25332e-02 1.07867e-01 1.39115e-01 |
   5358 | 8.88522e+01 1.65825e-02 | 1.25332e-02 1.07867e-01 1.39115e-01 |
   5359 | 8.88688e+01 1.65825e-02 | 1.25332e-02 1.07867e-01 1.39115e-01 |
   5360 | 8.88854e+01 1.65825e-02 | 1.25332e-02 1.07867e-01 1.39115e-01 |
   5361 | 8.89020e+01 1.65826e-02 | 1.25332e-02 1.07867e-01 1.39115e-01 |
   5362 | 8.89185e+01 1.65826e-02 | 1.25332e-02 1.07867e-01 1.39115e-01 |
   5363 | 8.89351e+01 1.65826e-02 | 1.25332e-02 1.07867e-01 1.39115e-01 |
   5364 | 8.89517e+01 1.65827e-02 | 1.25332e-02 1.07867e-01 1.39115e-01 |
   5365 | 8.89683e+01 1.65827e-02 | 1.25332e-02 1.07867e-01 1.39115e-01 |
   5366 | 8.89849e+01 1.65827e-02 | 1.25332e-02 1.07867e-01 1.39115e-01 |
   5367 | 8.90015e+01 1.65828e-02 | 1.25332e-02 1.07867e-01 1.39115e-01 |
   5368 | 8.90180e+01 1.65828e-02 | 1.25332e-02 1.07867e-01 1.39115e-01 |
   5369 | 8.90346e+01 1.65829e-02 | 1.25332e-02 1.07867e-01 1.39115e-01 |
   5370 | 8.90512e+01 1.65829e-02 | 1.25332e-02 1.07867e-01 1.39115e-01 |
   5371 | 8.90678e+01 1.65830e-02 | 1.25332e-02 1.07867e-01 1.39115e-01 |
   5372 | 8.90844e+01 1.65831e-02 | 1.25332e-02 1.07867e-01 1.39115e-01 |
   5373 | 8.91010e+01 1.65831e-02 | 1.25332e-02 1.07867e-01 1.39115e-01 |
   5374 | 8.91175e+01 1.65832e-02 | 1.25332e-02 1.07867e-01 1.39115e-01 |
   5375 | 8.91341e+01 1.65833e-02 | 1.25332e-02 1.07867e-01 1.39115e-01 |
   5376 | 8.91507e+01 1.65833e-02 | 1.25332e-02 1.07867e-01 1.39115e-01 |
   5377 | 8.91673e+01 1.65834e-02 | 1.25332e-02 1.07867e-01 1.39115e-01 |
   5378 | 8.91839e+01 1.65835e-02 | 1.25332e-02 1.07867e-01 1.39115e-01 |
   5379 | 8.92005e+01 1.65836e-02 | 1.25332e-02 1.07867e-01 1.39115e-01 |
   5380 | 8.92170e+01 1.65837e-02 | 1.25332e-02 1.07867e-01 1.39115e-01 |
   5381 | 8.92336e+01 1.65838e-02 | 1.25332e-02 1.07867e-01 1.39115e-01 |
   5382 | 8.92502e+01 1.65839e-02 | 1.25332e-02 1.07867e-01 1.39115e-01 |
   5383 | 8.92668e+01 1.65838e-02 | 1.25332e-02 1.07867e-01 1.39115e-01 |
   5384 | 8.92834e+01 1.65837e-02 | 1.25332e-02 1.07867e-01 1.39115e-01 |
   5385 | 8.93000e+01 1.65836e-02 | 1.25332e-02 1.07867e-01 1.39115e-01 |
   5386 | 8.93165e+01 1.65835e-02 | 1.25332e-02 1.07867e-01 1.39115e-01 |
   5387 | 8.93331e+01 1.65834e-02 | 1.25332e-02 1.07867e-01 1.39115e-01 |
   5388 | 8.93497e+01 1.65833e-02 | 1.25332e-02 1.07867e-01 1.39115e-01 |
   5389 | 8.93663e+01 1.65833e-02 | 1.25332e-02 1.07867e-01 1.39115e-01 |
   5390 | 8.93829e+01 1.65832e-02 | 1.25332e-02 1.07867e-01 1.39115e-01 |
   5391 | 8.93995e+01 1.65831e-02 | 1.25332e-02 1.07867e-01 1.39115e-01 |
   5392 | 8.94160e+01 1.65831e-02 | 1.25332e-02 1.07867e-01 1.39115e-01 |
   5393 | 8.94326e+01 1.65830e-02 | 1.25332e-02 1.07867e-01 1.39115e-01 |
   5394 | 8.94492e+01 1.65829e-02 | 1.25332e-02 1.07867e-01 1.39115e-01 |
   5395 | 8.94658e+01 1.65829e-02 | 1.25332e-02 1.07867e-01 1.39115e-01 |
   5396 | 8.94824e+01 1.65828e-02 | 1.25332e-02 1.07867e-01 1.39115e-01 |
   5397 | 8.94990e+01 1.65828e-02 | 1.25332e-02 1.07867e-01 1.39115e-01 |
   5398 | 8.95155e+01 1.65827e-02 | 1.25332e-02 1.07867e-01 1.39115e-01 |
   5399 | 8.95321e+01 1.65827e-02 | 1.25332e-02 1.07867e-01 1.39115e-01 |
   5400 | 8.95487e+01 1.65827e-02 | 1.25332e-02 1.07867e-01 1.39115e-01 |
   5401 | 8.95653e+01 1.65826e-02 | 1.25332e-02 1.07867e-01 1.39115e-01 |
   5402 | 8.95819e+01 1.65826e-02 | 1.25332e-02 1.07867e-01 1.39115e-01 |
   5403 | 8.95985e+01 1.65826e-02 | 1.25332e-02 1.07867e-01 1.39115e-01 |
   5404 | 8.96150e+01 1.65826e-02 | 1.25332e-02 1.07867e-01 1.39115e-01 |
   5405 | 8.96316e+01 1.65825e-02 | 1.25332e-02 1.07867e-01 1.39115e-01 |
   5406 | 8.96482e+01 1.65825e-02 | 1.25332e-02 1.07867e-01 1.39115e-01 |
   5407 | 8.96648e+01 1.65825e-02 | 1.25332e-02 1.07867e-01 1.39115e-01 |
   5408 | 8.96814e+01 1.65825e-02 | 1.25332e-02 1.07867e-01 1.39115e-01 |
   5409 | 8.96979e+01 1.65825e-02 | 1.25332e-02 1.07867e-01 1.39115e-01 |
   5410 | 8.97145e+01 1.65825e-02 | 1.25332e-02 1.07867e-01 1.39115e-01 |
   5411 | 8.97311e+01 1.65825e-02 | 1.25332e-02 1.07867e-01 1.39115e-01 |
   5412 | 8.97477e+01 1.65825e-02 | 1.25332e-02 1.07867e-01 1.39115e-01 |
   5413 | 8.97643e+01 1.65825e-02 | 1.25332e-02 1.07867e-01 1.39115e-01 |
   5414 | 8.97809e+01 1.65825e-02 | 1.25332e-02 1.07867e-01 1.39115e-01 |
   5415 | 8.97974e+01 1.65825e-02 | 1.25332e-02 1.07867e-01 1.39115e-01 |
   5416 | 8.98140e+01 1.65826e-02 | 1.25332e-02 1.07867e-01 1.39115e-01 |
   5417 | 8.98306e+01 1.65826e-02 | 1.25332e-02 1.07867e-01 1.39115e-01 |
   5418 | 8.98472e+01 1.65826e-02 | 1.25332e-02 1.07867e-01 1.39115e-01 |
   5419 | 8.98638e+01 1.65826e-02 | 1.25332e-02 1.07867e-01 1.39115e-01 |
   5420 | 8.98804e+01 1.65827e-02 | 1.25332e-02 1.07867e-01 1.39115e-01 |
   5421 | 8.98969e+01 1.65827e-02 | 1.25332e-02 1.07867e-01 1.39115e-01 |
   5422 | 8.99135e+01 1.65827e-02 | 1.25332e-02 1.07867e-01 1.39115e-01 |
   5423 | 8.99301e+01 1.65828e-02 | 1.25332e-02 1.07867e-01 1.39115e-01 |
   5424 | 8.99467e+01 1.65828e-02 | 1.25332e-02 1.07867e-01 1.39115e-01 |
   5425 | 8.99633e+01 1.65829e-02 | 1.25332e-02 1.07867e-01 1.39115e-01 |
   5426 | 8.99799e+01 1.65829e-02 | 1.25332e-02 1.07867e-01 1.39115e-01 |
   5427 | 8.99964e+01 1.65830e-02 | 1.25332e-02 1.07867e-01 1.39115e-01 |
   5428 | 9.00130e+01 1.65830e-02 | 1.25332e-02 1.07867e-01 1.39115e-01 |
   5429 | 9.00296e+01 1.65831e-02 | 1.25332e-02 1.07867e-01 1.39115e-01 |
   5430 | 9.00462e+01 1.65832e-02 | 1.25332e-02 1.07867e-01 1.39115e-01 |
   5431 | 9.00628e+01 1.65833e-02 | 1.25332e-02 1.07867e-01 1.39115e-01 |
   5432 | 9.00794e+01 1.65833e-02 | 1.25332e-02 1.07867e-01 1.39115e-01 |
   5433 | 9.00959e+01 1.65834e-02 | 1.25332e-02 1.07867e-01 1.39115e-01 |
   5434 | 9.01125e+01 1.65835e-02 | 1.25332e-02 1.07867e-01 1.39115e-01 |
   5435 | 9.01291e+01 1.65836e-02 | 1.25332e-02 1.07867e-01 1.39115e-01 |
   5436 | 9.01457e+01 1.65837e-02 | 1.25332e-02 1.07867e-01 1.39115e-01 |
   5437 | 9.01623e+01 1.65837e-02 | 1.25332e-02 1.07867e-01 1.39115e-01 |
   5438 | 9.01789e+01 1.65836e-02 | 1.25332e-02 1.07867e-01 1.39115e-01 |
   5439 | 9.01954e+01 1.65835e-02 | 1.25332e-02 1.07867e-01 1.39115e-01 |
   5440 | 9.02120e+01 1.65834e-02 | 1.25332e-02 1.07867e-01 1.39115e-01 |
   5441 | 9.02286e+01 1.65834e-02 | 1.25332e-02 1.07867e-01 1.39115e-01 |
   5442 | 9.02452e+01 1.65833e-02 | 1.25332e-02 1.07867e-01 1.39115e-01 |
   5443 | 9.02618e+01 1.65832e-02 | 1.25332e-02 1.07867e-01 1.39115e-01 |
   5444 | 9.02784e+01 1.65831e-02 | 1.25332e-02 1.07867e-01 1.39115e-01 |
   5445 | 9.02949e+01 1.65831e-02 | 1.25332e-02 1.07867e-01 1.39115e-01 |
   5446 | 9.03115e+01 1.65830e-02 | 1.25332e-02 1.07867e-01 1.39115e-01 |
   5447 | 9.03281e+01 1.65829e-02 | 1.25332e-02 1.07867e-01 1.39115e-01 |
   5448 | 9.03447e+01 1.65829e-02 | 1.25332e-02 1.07867e-01 1.39115e-01 |
   5449 | 9.03613e+01 1.65828e-02 | 1.25332e-02 1.07867e-01 1.39115e-01 |
   5450 | 9.03779e+01 1.65828e-02 | 1.25332e-02 1.07867e-01 1.39115e-01 |
   5451 | 9.03944e+01 1.65827e-02 | 1.25332e-02 1.07867e-01 1.39115e-01 |
   5452 | 9.04110e+01 1.65827e-02 | 1.25332e-02 1.07867e-01 1.39115e-01 |
   5453 | 9.04276e+01 1.65827e-02 | 1.25332e-02 1.07867e-01 1.39115e-01 |
   5454 | 9.04442e+01 1.65826e-02 | 1.25332e-02 1.07867e-01 1.39115e-01 |
   5455 | 9.04608e+01 1.65826e-02 | 1.25332e-02 1.07867e-01 1.39115e-01 |
   5456 | 9.04773e+01 1.65826e-02 | 1.25332e-02 1.07867e-01 1.39115e-01 |
   5457 | 9.04939e+01 1.65825e-02 | 1.25332e-02 1.07867e-01 1.39115e-01 |
   5458 | 9.05105e+01 1.65825e-02 | 1.25332e-02 1.07867e-01 1.39115e-01 |
   5459 | 9.05271e+01 1.65825e-02 | 1.25332e-02 1.07867e-01 1.39115e-01 |
   5460 | 9.05437e+01 1.65825e-02 | 1.25332e-02 1.07867e-01 1.39115e-01 |
   5461 | 9.05603e+01 1.65825e-02 | 1.25332e-02 1.07867e-01 1.39115e-01 |
   5462 | 9.05768e+01 1.65825e-02 | 1.25332e-02 1.07867e-01 1.39115e-01 |
   5463 | 9.05934e+01 1.65825e-02 | 1.25332e-02 1.07867e-01 1.39115e-01 |
   5464 | 9.06100e+01 1.65825e-02 | 1.25332e-02 1.07867e-01 1.39115e-01 |
   5465 | 9.06266e+01 1.65825e-02 | 1.25332e-02 1.07867e-01 1.39115e-01 |
   5466 | 9.06432e+01 1.65825e-02 | 1.25332e-02 1.07867e-01 1.39115e-01 |
   5467 | 9.06598e+01 1.65825e-02 | 1.25332e-02 1.07867e-01 1.39115e-01 |
   5468 | 9.06763e+01 1.65825e-02 | 1.25332e-02 1.07867e-01 1.39115e-01 |
   5469 | 9.06929e+01 1.65825e-02 | 1.25332e-02 1.07867e-01 1.39115e-01 |
   5470 | 9.07095e+01 1.65825e-02 | 1.25332e-02 1.07867e-01 1.39115e-01 |
   5471 | 9.07261e+01 1.65826e-02 | 1.25332e-02 1.07867e-01 1.39115e-01 |
   5472 | 9.07427e+01 1.65826e-02 | 1.25332e-02 1.07867e-01 1.39115e-01 |
   5473 | 9.07593e+01 1.65826e-02 | 1.25332e-02 1.07867e-01 1.39115e-01 |
   5474 | 9.07758e+01 1.65827e-02 | 1.25332e-02 1.07867e-01 1.39115e-01 |
   5475 | 9.07924e+01 1.65827e-02 | 1.25332e-02 1.07867e-01 1.39115e-01 |
   5476 | 9.08090e+01 1.65827e-02 | 1.25332e-02 1.07867e-01 1.39115e-01 |
   5477 | 9.08256e+01 1.65828e-02 | 1.25332e-02 1.07867e-01 1.39115e-01 |
   5478 | 9.08422e+01 1.65828e-02 | 1.25332e-02 1.07867e-01 1.39115e-01 |
   5479 | 9.08587e+01 1.65829e-02 | 1.25332e-02 1.07867e-01 1.39115e-01 |
   5480 | 9.08753e+01 1.65829e-02 | 1.25332e-02 1.07867e-01 1.39115e-01 |
   5481 | 9.08919e+01 1.65830e-02 | 1.25332e-02 1.07867e-01 1.39115e-01 |
   5482 | 9.09085e+01 1.65831e-02 | 1.25332e-02 1.07867e-01 1.39115e-01 |
   5483 | 9.09251e+01 1.65831e-02 | 1.25332e-02 1.07867e-01 1.39115e-01 |
   5484 | 9.09417e+01 1.65832e-02 | 1.25332e-02 1.07867e-01 1.39115e-01 |
   5485 | 9.09582e+01 1.65833e-02 | 1.25332e-02 1.07867e-01 1.39115e-01 |
   5486 | 9.09748e+01 1.65834e-02 | 1.25332e-02 1.07867e-01 1.39115e-01 |
   5487 | 9.09914e+01 1.65834e-02 | 1.25332e-02 1.07867e-01 1.39115e-01 |
   5488 | 9.10080e+01 1.65835e-02 | 1.25332e-02 1.07867e-01 1.39115e-01 |
   5489 | 9.10246e+01 1.65836e-02 | 1.25332e-02 1.07867e-01 1.39115e-01 |
   5490 | 9.10412e+01 1.65837e-02 | 1.25332e-02 1.07867e-01 1.39115e-01 |
   5491 | 9.10577e+01 1.65838e-02 | 1.25332e-02 1.07867e-01 1.39115e-01 |
   5492 | 9.10743e+01 1.65838e-02 | 1.25332e-02 1.07867e-01 1.39115e-01 |
   5493 | 9.10909e+01 1.65839e-02 | 1.25332e-02 1.07867e-01 1.39115e-01 |
   5494 | 9.11075e+01 1.65840e-02 | 1.25332e-02 1.07867e-01 1.39115e-01 |
   5495 | 9.11241e+01 1.65841e-02 | 1.25332e-02 1.07867e-01 1.39115e-01 |
   5496 | 9.11407e+01 1.65841e-02 | 1.25332e-02 1.07867e-01 1.39115e-01 |
   5497 | 9.11573e+01 1.65841e-02 | 1.25332e-02 1.07867e-01 1.39115e-01 |
   5498 | 9.11738e+01 1.65840e-02 | 1.25332e-02 1.07867e-01 1.39115e-01 |
   5499 | 9.11904e+01 1.65839e-02 | 1.25332e-02 1.07867e-01 1.39115e-01 |
   5500 | 9.12070e+01 1.65839e-02 | 1.25332e-02 1.07867e-01 1.39115e-01 |
   5501 | 9.12236e+01 1.65838e-02 | 1.25332e-02 1.07867e-01 1.39115e-01 |
   5502 | 9.12402e+01 1.65837e-02 | 1.25332e-02 1.07867e-01 1.39115e-01 |
   5503 | 9.12568e+01 1.65836e-02 | 1.25332e-02 1.07867e-01 1.39115e-01 |
   5504 | 9.12733e+01 1.65835e-02 | 1.25332e-02 1.07867e-01 1.39115e-01 |
   5505 | 9.12899e+01 1.65835e-02 | 1.25332e-02 1.07867e-01 1.39115e-01 |
   5506 | 9.13065e+01 1.65834e-02 | 1.25332e-02 1.07867e-01 1.39115e-01 |
   5507 | 9.13231e+01 1.65833e-02 | 1.25332e-02 1.07867e-01 1.39115e-01 |
   5508 | 9.13397e+01 1.65833e-02 | 1.25332e-02 1.07867e-01 1.39115e-01 |
   5509 | 9.13563e+01 1.65832e-02 | 1.25332e-02 1.07867e-01 1.39115e-01 |
   5510 | 9.13728e+01 1.65832e-02 | 1.25332e-02 1.07867e-01 1.39115e-01 |
   5511 | 9.13894e+01 1.65831e-02 | 1.25332e-02 1.07867e-01 1.39115e-01 |
   5512 | 9.14060e+01 1.65831e-02 | 1.25332e-02 1.07867e-01 1.39115e-01 |
   5513 | 9.14226e+01 1.65830e-02 | 1.25332e-02 1.07867e-01 1.39115e-01 |
   5514 | 9.14392e+01 1.65830e-02 | 1.25332e-02 1.07867e-01 1.39115e-01 |
   5515 | 9.14558e+01 1.65830e-02 | 1.25332e-02 1.07867e-01 1.39115e-01 |
   5516 | 9.14723e+01 1.65829e-02 | 1.25332e-02 1.07867e-01 1.39115e-01 |
   5517 | 9.14889e+01 1.65829e-02 | 1.25332e-02 1.07867e-01 1.39115e-01 |
   5518 | 9.15055e+01 1.65829e-02 | 1.25332e-02 1.07867e-01 1.39115e-01 |
   5519 | 9.15221e+01 1.65829e-02 | 1.25332e-02 1.07867e-01 1.39115e-01 |
   5520 | 9.15387e+01 1.65828e-02 | 1.25332e-02 1.07867e-01 1.39115e-01 |
   5521 | 9.15553e+01 1.65828e-02 | 1.25332e-02 1.07867e-01 1.39115e-01 |
   5522 | 9.15718e+01 1.65828e-02 | 1.25332e-02 1.07867e-01 1.39115e-01 |
   5523 | 9.15884e+01 1.65828e-02 | 1.25332e-02 1.07867e-01 1.39115e-01 |
   5524 | 9.16050e+01 1.65828e-02 | 1.25332e-02 1.07867e-01 1.39115e-01 |
   5525 | 9.16216e+01 1.65828e-02 | 1.25332e-02 1.07867e-01 1.39115e-01 |
   5526 | 9.16382e+01 1.65828e-02 | 1.25332e-02 1.07867e-01 1.39115e-01 |
   5527 | 9.16547e+01 1.65828e-02 | 1.25332e-02 1.07867e-01 1.39115e-01 |
   5528 | 9.16713e+01 1.65828e-02 | 1.25332e-02 1.07867e-01 1.39115e-01 |
   5529 | 9.16879e+01 1.65828e-02 | 1.25332e-02 1.07867e-01 1.39115e-01 |
   5530 | 9.17045e+01 1.65829e-02 | 1.25332e-02 1.07867e-01 1.39115e-01 |
   5531 | 9.17211e+01 1.65829e-02 | 1.25332e-02 1.07867e-01 1.39115e-01 |
   5532 | 9.17377e+01 1.65829e-02 | 1.25332e-02 1.07867e-01 1.39115e-01 |
   5533 | 9.17542e+01 1.65829e-02 | 1.25332e-02 1.07867e-01 1.39115e-01 |
   5534 | 9.17708e+01 1.65830e-02 | 1.25332e-02 1.07867e-01 1.39115e-01 |
   5535 | 9.17874e+01 1.65830e-02 | 1.25332e-02 1.07867e-01 1.39115e-01 |
   5536 | 9.18040e+01 1.65830e-02 | 1.25332e-02 1.07867e-01 1.39115e-01 |
   5537 | 9.18206e+01 1.65831e-02 | 1.25332e-02 1.07867e-01 1.39115e-01 |
   5538 | 9.18372e+01 1.65831e-02 | 1.25332e-02 1.07867e-01 1.39115e-01 |
   5539 | 9.18537e+01 1.65832e-02 | 1.25332e-02 1.07867e-01 1.39115e-01 |
   5540 | 9.18703e+01 1.65832e-02 | 1.25332e-02 1.07867e-01 1.39115e-01 |
   5541 | 9.18869e+01 1.65833e-02 | 1.25332e-02 1.07867e-01 1.39115e-01 |
   5542 | 9.19035e+01 1.65833e-02 | 1.25332e-02 1.07867e-01 1.39115e-01 |
   5543 | 9.19201e+01 1.65834e-02 | 1.25332e-02 1.07867e-01 1.39115e-01 |
   5544 | 9.19367e+01 1.65835e-02 | 1.25332e-02 1.07867e-01 1.39115e-01 |
   5545 | 9.19532e+01 1.65835e-02 | 1.25332e-02 1.07867e-01 1.39115e-01 |
   5546 | 9.19698e+01 1.65836e-02 | 1.25332e-02 1.07867e-01 1.39115e-01 |
   5547 | 9.19864e+01 1.65837e-02 | 1.25332e-02 1.07867e-01 1.39115e-01 |
   5548 | 9.20030e+01 1.65837e-02 | 1.25332e-02 1.07867e-01 1.39115e-01 |
   5549 | 9.20196e+01 1.65837e-02 | 1.25332e-02 1.07867e-01 1.39115e-01 |
   5550 | 9.20362e+01 1.65836e-02 | 1.25332e-02 1.07867e-01 1.39115e-01 |
   5551 | 9.20527e+01 1.65835e-02 | 1.25332e-02 1.07867e-01 1.39115e-01 |
   5552 | 9.20693e+01 1.65835e-02 | 1.25332e-02 1.07867e-01 1.39115e-01 |
   5553 | 9.20859e+01 1.65834e-02 | 1.25332e-02 1.07867e-01 1.39115e-01 |
   5554 | 9.21025e+01 1.65834e-02 | 1.25332e-02 1.07867e-01 1.39115e-01 |
   5555 | 9.21191e+01 1.65833e-02 | 1.25332e-02 1.07867e-01 1.39115e-01 |
   5556 | 9.21357e+01 1.65833e-02 | 1.25332e-02 1.07867e-01 1.39115e-01 |
   5557 | 9.21522e+01 1.65833e-02 | 1.25332e-02 1.07867e-01 1.39115e-01 |
   5558 | 9.21688e+01 1.65832e-02 | 1.25332e-02 1.07867e-01 1.39115e-01 |
   5559 | 9.21854e+01 1.65832e-02 | 1.25332e-02 1.07867e-01 1.39115e-01 |
   5560 | 9.22020e+01 1.65832e-02 | 1.25332e-02 1.07867e-01 1.39115e-01 |
   5561 | 9.22186e+01 1.65832e-02 | 1.25332e-02 1.07867e-01 1.39115e-01 |
   5562 | 9.22352e+01 1.65831e-02 | 1.25332e-02 1.07867e-01 1.39115e-01 |
   5563 | 9.22517e+01 1.65831e-02 | 1.25332e-02 1.07867e-01 1.39115e-01 |
   5564 | 9.22683e+01 1.65831e-02 | 1.25332e-02 1.07867e-01 1.39115e-01 |
   5565 | 9.22849e+01 1.65831e-02 | 1.25332e-02 1.07867e-01 1.39115e-01 |
   5566 | 9.23015e+01 1.65831e-02 | 1.25332e-02 1.07867e-01 1.39115e-01 |
   5567 | 9.23181e+01 1.65831e-02 | 1.25332e-02 1.07867e-01 1.39115e-01 |
   5568 | 9.23347e+01 1.65831e-02 | 1.25332e-02 1.07867e-01 1.39115e-01 |
   5569 | 9.23512e+01 1.65831e-02 | 1.25332e-02 1.07867e-01 1.39115e-01 |
   5570 | 9.23678e+01 1.65831e-02 | 1.25332e-02 1.07867e-01 1.39115e-01 |
   5571 | 9.23844e+01 1.65831e-02 | 1.25332e-02 1.07867e-01 1.39115e-01 |
   5572 | 9.24010e+01 1.65831e-02 | 1.25332e-02 1.07867e-01 1.39115e-01 |
   5573 | 9.24176e+01 1.65831e-02 | 1.25332e-02 1.07867e-01 1.39115e-01 |
   5574 | 9.24342e+01 1.65831e-02 | 1.25332e-02 1.07867e-01 1.39115e-01 |
   5575 | 9.24507e+01 1.65831e-02 | 1.25332e-02 1.07867e-01 1.39115e-01 |
   5576 | 9.24673e+01 1.65830e-02 | 1.25332e-02 1.07867e-01 1.39115e-01 |
   5577 | 9.24839e+01 1.65830e-02 | 1.25332e-02 1.07867e-01 1.39115e-01 |
   5578 | 9.25005e+01 1.65830e-02 | 1.25332e-02 1.07867e-01 1.39115e-01 |
   5579 | 9.25171e+01 1.65830e-02 | 1.25332e-02 1.07867e-01 1.39115e-01 |
   5580 | 9.25337e+01 1.65830e-02 | 1.25332e-02 1.07867e-01 1.39115e-01 |
   5581 | 9.25502e+01 1.65830e-02 | 1.25332e-02 1.07867e-01 1.39115e-01 |
   5582 | 9.25668e+01 1.65830e-02 | 1.25332e-02 1.07867e-01 1.39115e-01 |
   5583 | 9.25834e+01 1.65830e-02 | 1.25332e-02 1.07867e-01 1.39115e-01 |
   5584 | 9.26000e+01 1.65830e-02 | 1.25332e-02 1.07867e-01 1.39115e-01 |
   5585 | 9.26166e+01 1.65830e-02 | 1.25332e-02 1.07867e-01 1.39115e-01 |
   5586 | 9.26332e+01 1.65830e-02 | 1.25332e-02 1.07867e-01 1.39115e-01 |
   5587 | 9.26497e+01 1.65831e-02 | 1.25332e-02 1.07867e-01 1.39115e-01 |
   5588 | 9.26663e+01 1.65831e-02 | 1.25332e-02 1.07867e-01 1.39115e-01 |
   5589 | 9.26829e+01 1.65831e-02 | 1.25332e-02 1.07867e-01 1.39115e-01 |
   5590 | 9.26995e+01 1.65831e-02 | 1.25332e-02 1.07867e-01 1.39115e-01 |
   5591 | 9.27161e+01 1.65832e-02 | 1.25332e-02 1.07867e-01 1.39115e-01 |
   5592 | 9.27327e+01 1.65832e-02 | 1.25332e-02 1.07867e-01 1.39115e-01 |
   5593 | 9.27492e+01 1.65832e-02 | 1.25332e-02 1.07867e-01 1.39115e-01 |
   5594 | 9.27658e+01 1.65833e-02 | 1.25332e-02 1.07867e-01 1.39115e-01 |
   5595 | 9.27824e+01 1.65833e-02 | 1.25332e-02 1.07867e-01 1.39115e-01 |
   5596 | 9.27990e+01 1.65834e-02 | 1.25332e-02 1.07867e-01 1.39115e-01 |
   5597 | 9.28156e+01 1.65834e-02 | 1.25332e-02 1.07867e-01 1.39115e-01 |
   5598 | 9.28322e+01 1.65835e-02 | 1.25332e-02 1.07867e-01 1.39115e-01 |
   5599 | 9.28487e+01 1.65836e-02 | 1.25332e-02 1.07867e-01 1.39115e-01 |
   5600 | 9.28653e+01 1.65836e-02 | 1.25332e-02 1.07867e-01 1.39115e-01 |
   5601 | 9.28819e+01 1.65837e-02 | 1.25332e-02 1.07867e-01 1.39115e-01 |
   5602 | 9.28985e+01 1.65838e-02 | 1.25332e-02 1.07867e-01 1.39115e-01 |
   5603 | 9.29151e+01 1.65838e-02 | 1.25332e-02 1.07867e-01 1.39115e-01 |
   5604 | 9.29317e+01 1.65839e-02 | 1.25332e-02 1.07867e-01 1.39115e-01 |
   5605 | 9.29482e+01 1.65838e-02 | 1.25332e-02 1.07867e-01 1.39115e-01 |
   5606 | 9.29648e+01 1.65838e-02 | 1.25332e-02 1.07867e-01 1.39115e-01 |
   5607 | 9.29814e+01 1.65837e-02 | 1.25332e-02 1.07867e-01 1.39115e-01 |
   5608 | 9.29980e+01 1.65837e-02 | 1.25332e-02 1.07867e-01 1.39115e-01 |
   5609 | 9.30146e+01 1.65837e-02 | 1.25332e-02 1.07867e-01 1.39115e-01 |
   5610 | 9.30312e+01 1.65836e-02 | 1.25332e-02 1.07867e-01 1.39115e-01 |
   5611 | 9.30477e+01 1.65836e-02 | 1.25332e-02 1.07867e-01 1.39115e-01 |
   5612 | 9.30643e+01 1.65836e-02 | 1.25332e-02 1.07867e-01 1.39115e-01 |
   5613 | 9.30809e+01 1.65835e-02 | 1.25332e-02 1.07867e-01 1.39115e-01 |
   5614 | 9.30975e+01 1.65835e-02 | 1.25332e-02 1.07867e-01 1.39115e-01 |
   5615 | 9.31141e+01 1.65834e-02 | 1.25332e-02 1.07867e-01 1.39115e-01 |
   5616 | 9.31307e+01 1.65833e-02 | 1.25332e-02 1.07867e-01 1.39115e-01 |
   5617 | 9.31472e+01 1.65833e-02 | 1.25332e-02 1.07867e-01 1.39115e-01 |
   5618 | 9.31638e+01 1.65832e-02 | 1.25332e-02 1.07867e-01 1.39115e-01 |
   5619 | 9.31804e+01 1.65832e-02 | 1.25332e-02 1.07867e-01 1.39115e-01 |
   5620 | 9.31970e+01 1.65831e-02 | 1.25332e-02 1.07867e-01 1.39115e-01 |
   5621 | 9.32136e+01 1.65831e-02 | 1.25332e-02 1.07867e-01 1.39115e-01 |
   5622 | 9.32302e+01 1.65830e-02 | 1.25332e-02 1.07867e-01 1.39115e-01 |
   5623 | 9.32467e+01 1.65830e-02 | 1.25332e-02 1.07867e-01 1.39115e-01 |
   5624 | 9.32633e+01 1.65829e-02 | 1.25332e-02 1.07867e-01 1.39115e-01 |
   5625 | 9.32799e+01 1.65829e-02 | 1.25332e-02 1.07867e-01 1.39115e-01 |
   5626 | 9.32965e+01 1.65829e-02 | 1.25332e-02 1.07867e-01 1.39115e-01 |
   5627 | 9.33131e+01 1.65829e-02 | 1.25332e-02 1.07867e-01 1.39115e-01 |
   5628 | 9.33297e+01 1.65828e-02 | 1.25332e-02 1.07867e-01 1.39115e-01 |
   5629 | 9.33462e+01 1.65828e-02 | 1.25332e-02 1.07867e-01 1.39115e-01 |
   5630 | 9.33628e+01 1.65828e-02 | 1.25332e-02 1.07867e-01 1.39115e-01 |
   5631 | 9.33794e+01 1.65828e-02 | 1.25332e-02 1.07867e-01 1.39115e-01 |
   5632 | 9.33960e+01 1.65828e-02 | 1.25332e-02 1.07867e-01 1.39115e-01 |
   5633 | 9.34126e+01 1.65828e-02 | 1.25332e-02 1.07867e-01 1.39115e-01 |
   5634 | 9.34292e+01 1.65828e-02 | 1.25332e-02 1.07867e-01 1.39115e-01 |
   5635 | 9.34457e+01 1.65828e-02 | 1.25332e-02 1.07867e-01 1.39115e-01 |
   5636 | 9.34623e+01 1.65828e-02 | 1.25332e-02 1.07867e-01 1.39115e-01 |
   5637 | 9.34789e+01 1.65828e-02 | 1.25332e-02 1.07867e-01 1.39115e-01 |
   5638 | 9.34955e+01 1.65828e-02 | 1.25332e-02 1.07867e-01 1.39115e-01 |
   5639 | 9.35121e+01 1.65828e-02 | 1.25332e-02 1.07867e-01 1.39115e-01 |
   5640 | 9.35286e+01 1.65828e-02 | 1.25332e-02 1.07867e-01 1.39115e-01 |
   5641 | 9.35452e+01 1.65828e-02 | 1.25332e-02 1.07867e-01 1.39115e-01 |
   5642 | 9.35618e+01 1.65829e-02 | 1.25332e-02 1.07867e-01 1.39115e-01 |
   5643 | 9.35784e+01 1.65829e-02 | 1.25332e-02 1.07867e-01 1.39115e-01 |
   5644 | 9.35950e+01 1.65829e-02 | 1.25332e-02 1.07867e-01 1.39115e-01 |
   5645 | 9.36116e+01 1.65829e-02 | 1.25332e-02 1.07867e-01 1.39115e-01 |
   5646 | 9.36281e+01 1.65830e-02 | 1.25332e-02 1.07867e-01 1.39115e-01 |
   5647 | 9.36447e+01 1.65830e-02 | 1.25332e-02 1.07867e-01 1.39115e-01 |
   5648 | 9.36613e+01 1.65831e-02 | 1.25332e-02 1.07867e-01 1.39115e-01 |
   5649 | 9.36779e+01 1.65831e-02 | 1.25332e-02 1.07867e-01 1.39115e-01 |
   5650 | 9.36945e+01 1.65832e-02 | 1.25332e-02 1.07867e-01 1.39115e-01 |
   5651 | 9.37111e+01 1.65832e-02 | 1.25332e-02 1.07867e-01 1.39115e-01 |
   5652 | 9.37276e+01 1.65833e-02 | 1.25332e-02 1.07867e-01 1.39115e-01 |
   5653 | 9.37442e+01 1.65834e-02 | 1.25332e-02 1.07867e-01 1.39115e-01 |
   5654 | 9.37608e+01 1.65834e-02 | 1.25332e-02 1.07867e-01 1.39115e-01 |
   5655 | 9.37774e+01 1.65835e-02 | 1.25332e-02 1.07867e-01 1.39115e-01 |
   5656 | 9.37940e+01 1.65836e-02 | 1.25332e-02 1.07867e-01 1.39115e-01 |
   5657 | 9.38106e+01 1.65836e-02 | 1.25332e-02 1.07867e-01 1.39115e-01 |
   5658 | 9.38271e+01 1.65837e-02 | 1.25332e-02 1.07867e-01 1.39115e-01 |
   5659 | 9.38437e+01 1.65837e-02 | 1.25332e-02 1.07867e-01 1.39115e-01 |
   5660 | 9.38603e+01 1.65837e-02 | 1.25332e-02 1.07867e-01 1.39115e-01 |
   5661 | 9.38769e+01 1.65836e-02 | 1.25332e-02 1.07867e-01 1.39115e-01 |
   5662 | 9.38935e+01 1.65835e-02 | 1.25332e-02 1.07867e-01 1.39115e-01 |
   5663 | 9.39101e+01 1.65835e-02 | 1.25332e-02 1.07867e-01 1.39115e-01 |
   5664 | 9.39266e+01 1.65834e-02 | 1.25332e-02 1.07867e-01 1.39115e-01 |
   5665 | 9.39432e+01 1.65834e-02 | 1.25332e-02 1.07867e-01 1.39115e-01 |
   5666 | 9.39598e+01 1.65834e-02 | 1.25332e-02 1.07867e-01 1.39115e-01 |
   5667 | 9.39764e+01 1.65833e-02 | 1.25332e-02 1.07867e-01 1.39115e-01 |
   5668 | 9.39930e+01 1.65833e-02 | 1.25332e-02 1.07867e-01 1.39115e-01 |
   5669 | 9.40096e+01 1.65833e-02 | 1.25332e-02 1.07867e-01 1.39115e-01 |
   5670 | 9.40261e+01 1.65832e-02 | 1.25332e-02 1.07867e-01 1.39115e-01 |
   5671 | 9.40427e+01 1.65832e-02 | 1.25332e-02 1.07867e-01 1.39115e-01 |
   5672 | 9.40593e+01 1.65832e-02 | 1.25332e-02 1.07867e-01 1.39115e-01 |
   5673 | 9.40759e+01 1.65832e-02 | 1.25332e-02 1.07867e-01 1.39115e-01 |
   5674 | 9.40925e+01 1.65832e-02 | 1.25332e-02 1.07867e-01 1.39115e-01 |
   5675 | 9.41091e+01 1.65832e-02 | 1.25332e-02 1.07867e-01 1.39115e-01 |
   5676 | 9.41256e+01 1.65832e-02 | 1.25332e-02 1.07867e-01 1.39115e-01 |
   5677 | 9.41422e+01 1.65832e-02 | 1.25332e-02 1.07867e-01 1.39115e-01 |
   5678 | 9.41588e+01 1.65832e-02 | 1.25332e-02 1.07867e-01 1.39115e-01 |
   5679 | 9.41754e+01 1.65832e-02 | 1.25332e-02 1.07867e-01 1.39115e-01 |
   5680 | 9.41920e+01 1.65832e-02 | 1.25332e-02 1.07867e-01 1.39115e-01 |
   5681 | 9.42086e+01 1.65832e-02 | 1.25332e-02 1.07867e-01 1.39115e-01 |
   5682 | 9.42251e+01 1.65832e-02 | 1.25332e-02 1.07867e-01 1.39115e-01 |
   5683 | 9.42417e+01 1.65832e-02 | 1.25332e-02 1.07867e-01 1.39115e-01 |
   5684 | 9.42583e+01 1.65832e-02 | 1.25332e-02 1.07867e-01 1.39115e-01 |
   5685 | 9.42749e+01 1.65833e-02 | 1.25332e-02 1.07867e-01 1.39115e-01 |
   5686 | 9.42915e+01 1.65833e-02 | 1.25332e-02 1.07867e-01 1.39115e-01 |
   5687 | 9.43081e+01 1.65833e-02 | 1.25332e-02 1.07867e-01 1.39115e-01 |
   5688 | 9.43246e+01 1.65834e-02 | 1.25332e-02 1.07867e-01 1.39115e-01 |
   5689 | 9.43412e+01 1.65834e-02 | 1.25332e-02 1.07867e-01 1.39115e-01 |
   5690 | 9.43578e+01 1.65835e-02 | 1.25332e-02 1.07867e-01 1.39115e-01 |
   5691 | 9.43744e+01 1.65835e-02 | 1.25332e-02 1.07867e-01 1.39115e-01 |
   5692 | 9.43910e+01 1.65836e-02 | 1.25332e-02 1.07867e-01 1.39115e-01 |
   5693 | 9.44076e+01 1.65836e-02 | 1.25332e-02 1.07867e-01 1.39115e-01 |
   5694 | 9.44241e+01 1.65837e-02 | 1.25332e-02 1.07867e-01 1.39115e-01 |
   5695 | 9.44407e+01 1.65837e-02 | 1.25332e-02 1.07867e-01 1.39115e-01 |
   5696 | 9.44573e+01 1.65838e-02 | 1.25332e-02 1.07867e-01 1.39115e-01 |
   5697 | 9.44739e+01 1.65838e-02 | 1.25332e-02 1.07867e-01 1.39115e-01 |
   5698 | 9.44905e+01 1.65838e-02 | 1.25332e-02 1.07867e-01 1.39115e-01 |
   5699 | 9.45071e+01 1.65838e-02 | 1.25332e-02 1.07867e-01 1.39115e-01 |
   5700 | 9.45236e+01 1.65838e-02 | 1.25332e-02 1.07867e-01 1.39115e-01 |
   5701 | 9.45402e+01 1.65839e-02 | 1.25332e-02 1.07867e-01 1.39115e-01 |
   5702 | 9.45568e+01 1.65839e-02 | 1.25332e-02 1.07867e-01 1.39115e-01 |
   5703 | 9.45734e+01 1.65839e-02 | 1.25332e-02 1.07867e-01 1.39115e-01 |
   5704 | 9.45900e+01 1.65839e-02 | 1.25332e-02 1.07867e-01 1.39115e-01 |
   5705 | 9.46066e+01 1.65840e-02 | 1.25332e-02 1.07867e-01 1.39115e-01 |
   5706 | 9.46232e+01 1.65840e-02 | 1.25332e-02 1.07867e-01 1.39115e-01 |
   5707 | 9.46397e+01 1.65840e-02 | 1.25332e-02 1.07867e-01 1.39115e-01 |
   5708 | 9.46563e+01 1.65841e-02 | 1.25332e-02 1.07867e-01 1.39115e-01 |
   5709 | 9.46729e+01 1.65840e-02 | 1.25332e-02 1.07867e-01 1.39115e-01 |
   5710 | 9.46895e+01 1.65839e-02 | 1.25332e-02 1.07867e-01 1.39115e-01 |
   5711 | 9.47061e+01 1.65838e-02 | 1.25332e-02 1.07867e-01 1.39115e-01 |
   5712 | 9.47227e+01 1.65837e-02 | 1.25332e-02 1.07867e-01 1.39115e-01 |
   5713 | 9.47392e+01 1.65836e-02 | 1.25332e-02 1.07867e-01 1.39115e-01 |
   5714 | 9.47558e+01 1.65835e-02 | 1.25332e-02 1.07867e-01 1.39115e-01 |
   5715 | 9.47724e+01 1.65834e-02 | 1.25332e-02 1.07867e-01 1.39115e-01 |
   5716 | 9.47890e+01 1.65833e-02 | 1.25332e-02 1.07867e-01 1.39115e-01 |
   5717 | 9.48056e+01 1.65833e-02 | 1.25332e-02 1.07867e-01 1.39115e-01 |
   5718 | 9.48222e+01 1.65832e-02 | 1.25332e-02 1.07867e-01 1.39115e-01 |
   5719 | 9.48387e+01 1.65831e-02 | 1.25332e-02 1.07867e-01 1.39115e-01 |
   5720 | 9.48553e+01 1.65831e-02 | 1.25332e-02 1.07867e-01 1.39115e-01 |
   5721 | 9.48719e+01 1.65830e-02 | 1.25332e-02 1.07867e-01 1.39115e-01 |
   5722 | 9.48885e+01 1.65829e-02 | 1.25332e-02 1.07867e-01 1.39115e-01 |
   5723 | 9.49051e+01 1.65829e-02 | 1.25332e-02 1.07867e-01 1.39115e-01 |
   5724 | 9.49217e+01 1.65828e-02 | 1.25332e-02 1.07867e-01 1.39115e-01 |
   5725 | 9.49382e+01 1.65828e-02 | 1.25332e-02 1.07867e-01 1.39115e-01 |
   5726 | 9.49548e+01 1.65828e-02 | 1.25332e-02 1.07867e-01 1.39115e-01 |
   5727 | 9.49714e+01 1.65827e-02 | 1.25332e-02 1.07867e-01 1.39115e-01 |
   5728 | 9.49880e+01 1.65827e-02 | 1.25332e-02 1.07867e-01 1.39115e-01 |
   5729 | 9.50046e+01 1.65826e-02 | 1.25332e-02 1.07867e-01 1.39115e-01 |
   5730 | 9.50212e+01 1.65826e-02 | 1.25332e-02 1.07867e-01 1.39115e-01 |
   5731 | 9.50377e+01 1.65826e-02 | 1.25332e-02 1.07867e-01 1.39115e-01 |
   5732 | 9.50543e+01 1.65826e-02 | 1.25332e-02 1.07867e-01 1.39115e-01 |
   5733 | 9.50709e+01 1.65826e-02 | 1.25332e-02 1.07867e-01 1.39115e-01 |
   5734 | 9.50875e+01 1.65825e-02 | 1.25332e-02 1.07867e-01 1.39115e-01 |
   5735 | 9.51041e+01 1.65825e-02 | 1.25332e-02 1.07867e-01 1.39115e-01 |
   5736 | 9.51206e+01 1.65825e-02 | 1.25332e-02 1.07867e-01 1.39115e-01 |
   5737 | 9.51372e+01 1.65825e-02 | 1.25332e-02 1.07867e-01 1.39115e-01 |
   5738 | 9.51538e+01 1.65825e-02 | 1.25332e-02 1.07867e-01 1.39115e-01 |
   5739 | 9.51704e+01 1.65825e-02 | 1.25332e-02 1.07867e-01 1.39115e-01 |
   5740 | 9.51870e+01 1.65825e-02 | 1.25332e-02 1.07867e-01 1.39115e-01 |
   5741 | 9.52036e+01 1.65825e-02 | 1.25332e-02 1.07867e-01 1.39115e-01 |
   5742 | 9.52201e+01 1.65825e-02 | 1.25332e-02 1.07867e-01 1.39115e-01 |
   5743 | 9.52367e+01 1.65826e-02 | 1.25332e-02 1.07867e-01 1.39115e-01 |
   5744 | 9.52533e+01 1.65826e-02 | 1.25332e-02 1.07867e-01 1.39115e-01 |
   5745 | 9.52699e+01 1.65826e-02 | 1.25332e-02 1.07867e-01 1.39115e-01 |
   5746 | 9.52865e+01 1.65826e-02 | 1.25332e-02 1.07867e-01 1.39115e-01 |
   5747 | 9.53031e+01 1.65827e-02 | 1.25332e-02 1.07867e-01 1.39115e-01 |
   5748 | 9.53196e+01 1.65827e-02 | 1.25332e-02 1.07867e-01 1.39115e-01 |
   5749 | 9.53362e+01 1.65827e-02 | 1.25332e-02 1.07867e-01 1.39115e-01 |
   5750 | 9.53528e+01 1.65828e-02 | 1.25332e-02 1.07867e-01 1.39115e-01 |
   5751 | 9.53694e+01 1.65828e-02 | 1.25332e-02 1.07867e-01 1.39115e-01 |
   5752 | 9.53860e+01 1.65829e-02 | 1.25332e-02 1.07867e-01 1.39115e-01 |
   5753 | 9.54026e+01 1.65829e-02 | 1.25332e-02 1.07867e-01 1.39115e-01 |
   5754 | 9.54191e+01 1.65830e-02 | 1.25332e-02 1.07867e-01 1.39115e-01 |
   5755 | 9.54357e+01 1.65830e-02 | 1.25332e-02 1.07867e-01 1.39115e-01 |
   5756 | 9.54523e+01 1.65831e-02 | 1.25332e-02 1.07867e-01 1.39115e-01 |
   5757 | 9.54689e+01 1.65832e-02 | 1.25332e-02 1.07867e-01 1.39115e-01 |
   5758 | 9.54855e+01 1.65832e-02 | 1.25332e-02 1.07867e-01 1.39115e-01 |
   5759 | 9.55020e+01 1.65833e-02 | 1.25332e-02 1.07867e-01 1.39115e-01 |
   5760 | 9.55186e+01 1.65834e-02 | 1.25332e-02 1.07867e-01 1.39115e-01 |
   5761 | 9.55352e+01 1.65835e-02 | 1.25332e-02 1.07867e-01 1.39115e-01 |
   5762 | 9.55518e+01 1.65835e-02 | 1.25332e-02 1.07867e-01 1.39115e-01 |
   5763 | 9.55684e+01 1.65836e-02 | 1.25332e-02 1.07867e-01 1.39115e-01 |
   5764 | 9.55850e+01 1.65837e-02 | 1.25332e-02 1.07867e-01 1.39115e-01 |
   5765 | 9.56016e+01 1.65838e-02 | 1.25332e-02 1.07867e-01 1.39115e-01 |
   5766 | 9.56181e+01 1.65837e-02 | 1.25332e-02 1.07867e-01 1.39115e-01 |
   5767 | 9.56347e+01 1.65837e-02 | 1.25332e-02 1.07867e-01 1.39115e-01 |
   5768 | 9.56513e+01 1.65836e-02 | 1.25332e-02 1.07867e-01 1.39115e-01 |
   5769 | 9.56679e+01 1.65835e-02 | 1.25332e-02 1.07867e-01 1.39115e-01 |
   5770 | 9.56845e+01 1.65834e-02 | 1.25332e-02 1.07867e-01 1.39115e-01 |
   5771 | 9.57011e+01 1.65833e-02 | 1.25332e-02 1.07867e-01 1.39115e-01 |
   5772 | 9.57176e+01 1.65833e-02 | 1.25332e-02 1.07867e-01 1.39115e-01 |
   5773 | 9.57342e+01 1.65832e-02 | 1.25332e-02 1.07867e-01 1.39115e-01 |
   5774 | 9.57508e+01 1.65831e-02 | 1.25332e-02 1.07867e-01 1.39115e-01 |
   5775 | 9.57674e+01 1.65831e-02 | 1.25332e-02 1.07867e-01 1.39115e-01 |
   5776 | 9.57840e+01 1.65830e-02 | 1.25332e-02 1.07867e-01 1.39115e-01 |
   5777 | 9.58006e+01 1.65830e-02 | 1.25332e-02 1.07867e-01 1.39115e-01 |
   5778 | 9.58171e+01 1.65829e-02 | 1.25332e-02 1.07867e-01 1.39115e-01 |
   5779 | 9.58337e+01 1.65829e-02 | 1.25332e-02 1.07867e-01 1.39115e-01 |
   5780 | 9.58503e+01 1.65829e-02 | 1.25332e-02 1.07867e-01 1.39115e-01 |
   5781 | 9.58669e+01 1.65828e-02 | 1.25332e-02 1.07867e-01 1.39115e-01 |
   5782 | 9.58835e+01 1.65828e-02 | 1.25332e-02 1.07867e-01 1.39115e-01 |
   5783 | 9.59000e+01 1.65828e-02 | 1.25332e-02 1.07867e-01 1.39115e-01 |
   5784 | 9.59166e+01 1.65827e-02 | 1.25332e-02 1.07867e-01 1.39115e-01 |
   5785 | 9.59332e+01 1.65827e-02 | 1.25332e-02 1.07867e-01 1.39115e-01 |
   5786 | 9.59498e+01 1.65827e-02 | 1.25332e-02 1.07867e-01 1.39115e-01 |
   5787 | 9.59664e+01 1.65827e-02 | 1.25332e-02 1.07867e-01 1.39115e-01 |
   5788 | 9.59830e+01 1.65827e-02 | 1.25332e-02 1.07867e-01 1.39115e-01 |
   5789 | 9.59995e+01 1.65826e-02 | 1.25332e-02 1.07867e-01 1.39115e-01 |
   5790 | 9.60161e+01 1.65826e-02 | 1.25332e-02 1.07867e-01 1.39115e-01 |
   5791 | 9.60327e+01 1.65826e-02 | 1.25332e-02 1.07867e-01 1.39115e-01 |
   5792 | 9.60493e+01 1.65826e-02 | 1.25332e-02 1.07867e-01 1.39115e-01 |
   5793 | 9.60659e+01 1.65826e-02 | 1.25332e-02 1.07867e-01 1.39115e-01 |
   5794 | 9.60825e+01 1.65827e-02 | 1.25332e-02 1.07867e-01 1.39115e-01 |
   5795 | 9.60990e+01 1.65827e-02 | 1.25332e-02 1.07867e-01 1.39115e-01 |
   5796 | 9.61156e+01 1.65827e-02 | 1.25332e-02 1.07867e-01 1.39115e-01 |
   5797 | 9.61322e+01 1.65827e-02 | 1.25332e-02 1.07867e-01 1.39115e-01 |
   5798 | 9.61488e+01 1.65827e-02 | 1.25332e-02 1.07867e-01 1.39115e-01 |
   5799 | 9.61654e+01 1.65827e-02 | 1.25332e-02 1.07867e-01 1.39115e-01 |
   5800 | 9.61820e+01 1.65828e-02 | 1.25332e-02 1.07867e-01 1.39115e-01 |
   5801 | 9.61985e+01 1.65828e-02 | 1.25332e-02 1.07867e-01 1.39115e-01 |
   5802 | 9.62151e+01 1.65828e-02 | 1.25332e-02 1.07867e-01 1.39115e-01 |
   5803 | 9.62317e+01 1.65829e-02 | 1.25332e-02 1.07867e-01 1.39115e-01 |
   5804 | 9.62483e+01 1.65829e-02 | 1.25332e-02 1.07867e-01 1.39115e-01 |
   5805 | 9.62649e+01 1.65830e-02 | 1.25332e-02 1.07867e-01 1.39115e-01 |
   5806 | 9.62815e+01 1.65830e-02 | 1.25332e-02 1.07867e-01 1.39115e-01 |
   5807 | 9.62980e+01 1.65831e-02 | 1.25332e-02 1.07867e-01 1.39115e-01 |
   5808 | 9.63146e+01 1.65831e-02 | 1.25332e-02 1.07867e-01 1.39115e-01 |
   5809 | 9.63312e+01 1.65832e-02 | 1.25332e-02 1.07867e-01 1.39115e-01 |
   5810 | 9.63478e+01 1.65833e-02 | 1.25332e-02 1.07867e-01 1.39115e-01 |
   5811 | 9.63644e+01 1.65833e-02 | 1.25332e-02 1.07867e-01 1.39115e-01 |
   5812 | 9.63810e+01 1.65834e-02 | 1.25332e-02 1.07867e-01 1.39115e-01 |
   5813 | 9.63975e+01 1.65835e-02 | 1.25332e-02 1.07867e-01 1.39115e-01 |
   5814 | 9.64141e+01 1.65836e-02 | 1.25332e-02 1.07867e-01 1.39115e-01 |
   5815 | 9.64307e+01 1.65836e-02 | 1.25332e-02 1.07867e-01 1.39115e-01 |
   5816 | 9.64473e+01 1.65837e-02 | 1.25332e-02 1.07867e-01 1.39115e-01 |
   5817 | 9.64639e+01 1.65838e-02 | 1.25332e-02 1.07867e-01 1.39115e-01 |
   5818 | 9.64805e+01 1.65839e-02 | 1.25332e-02 1.07867e-01 1.39115e-01 |
   5819 | 9.64970e+01 1.65840e-02 | 1.25332e-02 1.07867e-01 1.39115e-01 |
   5820 | 9.65136e+01 1.65839e-02 | 1.25332e-02 1.07867e-01 1.39115e-01 |
   5821 | 9.65302e+01 1.65838e-02 | 1.25332e-02 1.07867e-01 1.39115e-01 |
   5822 | 9.65468e+01 1.65837e-02 | 1.25332e-02 1.07867e-01 1.39115e-01 |
   5823 | 9.65634e+01 1.65836e-02 | 1.25332e-02 1.07867e-01 1.39115e-01 |
   5824 | 9.65800e+01 1.65835e-02 | 1.25332e-02 1.07867e-01 1.39115e-01 |
   5825 | 9.65965e+01 1.65834e-02 | 1.25332e-02 1.07867e-01 1.39115e-01 |
   5826 | 9.66131e+01 1.65834e-02 | 1.25332e-02 1.07867e-01 1.39115e-01 |
   5827 | 9.66297e+01 1.65833e-02 | 1.25332e-02 1.07867e-01 1.39115e-01 |
   5828 | 9.66463e+01 1.65832e-02 | 1.25332e-02 1.07867e-01 1.39115e-01 |
   5829 | 9.66629e+01 1.65831e-02 | 1.25332e-02 1.07867e-01 1.39115e-01 |
   5830 | 9.66795e+01 1.65831e-02 | 1.25332e-02 1.07867e-01 1.39115e-01 |
   5831 | 9.66960e+01 1.65830e-02 | 1.25332e-02 1.07867e-01 1.39115e-01 |
   5832 | 9.67126e+01 1.65830e-02 | 1.25332e-02 1.07867e-01 1.39115e-01 |
   5833 | 9.67292e+01 1.65829e-02 | 1.25332e-02 1.07867e-01 1.39115e-01 |
   5834 | 9.67458e+01 1.65829e-02 | 1.25332e-02 1.07867e-01 1.39115e-01 |
   5835 | 9.67624e+01 1.65828e-02 | 1.25332e-02 1.07867e-01 1.39115e-01 |
   5836 | 9.67790e+01 1.65828e-02 | 1.25332e-02 1.07867e-01 1.39115e-01 |
   5837 | 9.67955e+01 1.65827e-02 | 1.25332e-02 1.07867e-01 1.39115e-01 |
   5838 | 9.68121e+01 1.65827e-02 | 1.25332e-02 1.07867e-01 1.39115e-01 |
   5839 | 9.68287e+01 1.65827e-02 | 1.25332e-02 1.07867e-01 1.39115e-01 |
   5840 | 9.68453e+01 1.65826e-02 | 1.25332e-02 1.07867e-01 1.39115e-01 |
   5841 | 9.68619e+01 1.65826e-02 | 1.25332e-02 1.07867e-01 1.39115e-01 |
   5842 | 9.68784e+01 1.65826e-02 | 1.25332e-02 1.07867e-01 1.39115e-01 |
   5843 | 9.68950e+01 1.65826e-02 | 1.25332e-02 1.07867e-01 1.39115e-01 |
   5844 | 9.69116e+01 1.65826e-02 | 1.25332e-02 1.07867e-01 1.39115e-01 |
   5845 | 9.69282e+01 1.65825e-02 | 1.25332e-02 1.07867e-01 1.39115e-01 |
   5846 | 9.69448e+01 1.65825e-02 | 1.25332e-02 1.07867e-01 1.39115e-01 |
   5847 | 9.69614e+01 1.65825e-02 | 1.25332e-02 1.07867e-01 1.39115e-01 |
   5848 | 9.69779e+01 1.65825e-02 | 1.25332e-02 1.07867e-01 1.39115e-01 |
   5849 | 9.69945e+01 1.65825e-02 | 1.25332e-02 1.07867e-01 1.39115e-01 |
   5850 | 9.70111e+01 1.65825e-02 | 1.25332e-02 1.07867e-01 1.39115e-01 |
   5851 | 9.70277e+01 1.65826e-02 | 1.25332e-02 1.07867e-01 1.39115e-01 |
   5852 | 9.70443e+01 1.65826e-02 | 1.25332e-02 1.07867e-01 1.39115e-01 |
   5853 | 9.70609e+01 1.65826e-02 | 1.25332e-02 1.07867e-01 1.39115e-01 |
   5854 | 9.70774e+01 1.65826e-02 | 1.25332e-02 1.07867e-01 1.39115e-01 |
   5855 | 9.70940e+01 1.65826e-02 | 1.25332e-02 1.07867e-01 1.39115e-01 |
   5856 | 9.71106e+01 1.65827e-02 | 1.25332e-02 1.07867e-01 1.39115e-01 |
   5857 | 9.71272e+01 1.65827e-02 | 1.25332e-02 1.07867e-01 1.39115e-01 |
   5858 | 9.71438e+01 1.65827e-02 | 1.25332e-02 1.07867e-01 1.39115e-01 |
   5859 | 9.71604e+01 1.65828e-02 | 1.25332e-02 1.07867e-01 1.39115e-01 |
   5860 | 9.71769e+01 1.65828e-02 | 1.25332e-02 1.07867e-01 1.39115e-01 |
   5861 | 9.71935e+01 1.65828e-02 | 1.25332e-02 1.07867e-01 1.39115e-01 |
   5862 | 9.72101e+01 1.65829e-02 | 1.25332e-02 1.07867e-01 1.39115e-01 |
   5863 | 9.72267e+01 1.65829e-02 | 1.25332e-02 1.07867e-01 1.39115e-01 |
   5864 | 9.72433e+01 1.65830e-02 | 1.25332e-02 1.07867e-01 1.39115e-01 |
   5865 | 9.72598e+01 1.65831e-02 | 1.25332e-02 1.07867e-01 1.39115e-01 |
   5866 | 9.72764e+01 1.65831e-02 | 1.25332e-02 1.07867e-01 1.39115e-01 |
   5867 | 9.72930e+01 1.65832e-02 | 1.25332e-02 1.07867e-01 1.39115e-01 |
   5868 | 9.73096e+01 1.65833e-02 | 1.25332e-02 1.07867e-01 1.39115e-01 |
   5869 | 9.73262e+01 1.65833e-02 | 1.25332e-02 1.07867e-01 1.39115e-01 |
   5870 | 9.73428e+01 1.65834e-02 | 1.25332e-02 1.07867e-01 1.39115e-01 |
   5871 | 9.73593e+01 1.65835e-02 | 1.25332e-02 1.07867e-01 1.39115e-01 |
   5872 | 9.73759e+01 1.65836e-02 | 1.25332e-02 1.07867e-01 1.39115e-01 |
   5873 | 9.73925e+01 1.65837e-02 | 1.25332e-02 1.07867e-01 1.39115e-01 |
   5874 | 9.74091e+01 1.65837e-02 | 1.25332e-02 1.07867e-01 1.39115e-01 |
   5875 | 9.74257e+01 1.65838e-02 | 1.25332e-02 1.07867e-01 1.39115e-01 |
   5876 | 9.74423e+01 1.65838e-02 | 1.25332e-02 1.07867e-01 1.39115e-01 |
   5877 | 9.74589e+01 1.65837e-02 | 1.25332e-02 1.07867e-01 1.39115e-01 |
   5878 | 9.74754e+01 1.65836e-02 | 1.25332e-02 1.07867e-01 1.39115e-01 |
   5879 | 9.74920e+01 1.65835e-02 | 1.25332e-02 1.07867e-01 1.39115e-01 |
   5880 | 9.75086e+01 1.65835e-02 | 1.25332e-02 1.07867e-01 1.39115e-01 |
   5881 | 9.75252e+01 1.65834e-02 | 1.25332e-02 1.07867e-01 1.39115e-01 |
   5882 | 9.75418e+01 1.65833e-02 | 1.25332e-02 1.07867e-01 1.39115e-01 |
   5883 | 9.75584e+01 1.65832e-02 | 1.25332e-02 1.07867e-01 1.39115e-01 |
   5884 | 9.75749e+01 1.65832e-02 | 1.25332e-02 1.07867e-01 1.39115e-01 |
   5885 | 9.75915e+01 1.65831e-02 | 1.25332e-02 1.07867e-01 1.39115e-01 |
   5886 | 9.76081e+01 1.65831e-02 | 1.25332e-02 1.07867e-01 1.39115e-01 |
   5887 | 9.76247e+01 1.65830e-02 | 1.25332e-02 1.07867e-01 1.39115e-01 |
   5888 | 9.76413e+01 1.65830e-02 | 1.25332e-02 1.07867e-01 1.39115e-01 |
   5889 | 9.76579e+01 1.65829e-02 | 1.25332e-02 1.07867e-01 1.39115e-01 |
   5890 | 9.76744e+01 1.65829e-02 | 1.25332e-02 1.07867e-01 1.39115e-01 |
   5891 | 9.76910e+01 1.65829e-02 | 1.25332e-02 1.07867e-01 1.39115e-01 |
   5892 | 9.77076e+01 1.65828e-02 | 1.25332e-02 1.07867e-01 1.39115e-01 |
   5893 | 9.77242e+01 1.65828e-02 | 1.25332e-02 1.07867e-01 1.39115e-01 |
   5894 | 9.77408e+01 1.65828e-02 | 1.25332e-02 1.07867e-01 1.39115e-01 |
   5895 | 9.77573e+01 1.65827e-02 | 1.25332e-02 1.07867e-01 1.39115e-01 |
   5896 | 9.77739e+01 1.65827e-02 | 1.25332e-02 1.07867e-01 1.39115e-01 |
   5897 | 9.77905e+01 1.65827e-02 | 1.25332e-02 1.07867e-01 1.39115e-01 |
   5898 | 9.78071e+01 1.65827e-02 | 1.25332e-02 1.07867e-01 1.39115e-01 |
   5899 | 9.78237e+01 1.65827e-02 | 1.25332e-02 1.07867e-01 1.39115e-01 |
   5900 | 9.78403e+01 1.65827e-02 | 1.25332e-02 1.07867e-01 1.39115e-01 |
   5901 | 9.78568e+01 1.65827e-02 | 1.25332e-02 1.07867e-01 1.39115e-01 |
   5902 | 9.78734e+01 1.65827e-02 | 1.25332e-02 1.07867e-01 1.39115e-01 |
   5903 | 9.78900e+01 1.65826e-02 | 1.25332e-02 1.07867e-01 1.39115e-01 |
   5904 | 9.79066e+01 1.65826e-02 | 1.25332e-02 1.07867e-01 1.39115e-01 |
   5905 | 9.79232e+01 1.65826e-02 | 1.25332e-02 1.07867e-01 1.39115e-01 |
   5906 | 9.79398e+01 1.65826e-02 | 1.25332e-02 1.07867e-01 1.39115e-01 |
   5907 | 9.79563e+01 1.65826e-02 | 1.25332e-02 1.07867e-01 1.39115e-01 |
   5908 | 9.79729e+01 1.65826e-02 | 1.25332e-02 1.07867e-01 1.39115e-01 |
   5909 | 9.79895e+01 1.65826e-02 | 1.25332e-02 1.07867e-01 1.39115e-01 |
   5910 | 9.80061e+01 1.65826e-02 | 1.25332e-02 1.07867e-01 1.39115e-01 |
   5911 | 9.80227e+01 1.65826e-02 | 1.25332e-02 1.07867e-01 1.39115e-01 |
   5912 | 9.80393e+01 1.65826e-02 | 1.25332e-02 1.07867e-01 1.39115e-01 |
   5913 | 9.80558e+01 1.65826e-02 | 1.25332e-02 1.07867e-01 1.39115e-01 |
   5914 | 9.80724e+01 1.65826e-02 | 1.25332e-02 1.07867e-01 1.39115e-01 |
   5915 | 9.80890e+01 1.65827e-02 | 1.25332e-02 1.07867e-01 1.39115e-01 |
   5916 | 9.81056e+01 1.65827e-02 | 1.25332e-02 1.07867e-01 1.39115e-01 |
   5917 | 9.81222e+01 1.65827e-02 | 1.25332e-02 1.07867e-01 1.39115e-01 |
   5918 | 9.81387e+01 1.65827e-02 | 1.25332e-02 1.07867e-01 1.39115e-01 |
   5919 | 9.81553e+01 1.65828e-02 | 1.25332e-02 1.07867e-01 1.39115e-01 |
   5920 | 9.81719e+01 1.65828e-02 | 1.25332e-02 1.07867e-01 1.39115e-01 |
   5921 | 9.81885e+01 1.65829e-02 | 1.25332e-02 1.07867e-01 1.39115e-01 |
   5922 | 9.82051e+01 1.65829e-02 | 1.25332e-02 1.07867e-01 1.39115e-01 |
   5923 | 9.82217e+01 1.65830e-02 | 1.25332e-02 1.07867e-01 1.39115e-01 |
   5924 | 9.82382e+01 1.65830e-02 | 1.25332e-02 1.07867e-01 1.39115e-01 |
   5925 | 9.82548e+01 1.65831e-02 | 1.25332e-02 1.07867e-01 1.39115e-01 |
   5926 | 9.82714e+01 1.65831e-02 | 1.25332e-02 1.07867e-01 1.39115e-01 |
   5927 | 9.82880e+01 1.65832e-02 | 1.25332e-02 1.07867e-01 1.39115e-01 |
   5928 | 9.83046e+01 1.65832e-02 | 1.25332e-02 1.07867e-01 1.39115e-01 |
   5929 | 9.83212e+01 1.65833e-02 | 1.25332e-02 1.07867e-01 1.39115e-01 |
   5930 | 9.83377e+01 1.65834e-02 | 1.25332e-02 1.07867e-01 1.39115e-01 |
   5931 | 9.83543e+01 1.65835e-02 | 1.25332e-02 1.07867e-01 1.39115e-01 |
   5932 | 9.83709e+01 1.65835e-02 | 1.25332e-02 1.07867e-01 1.39115e-01 |
   5933 | 9.83875e+01 1.65836e-02 | 1.25332e-02 1.07867e-01 1.39115e-01 |
   5934 | 9.84041e+01 1.65837e-02 | 1.25332e-02 1.07867e-01 1.39115e-01 |
   5935 | 9.84207e+01 1.65838e-02 | 1.25332e-02 1.07867e-01 1.39115e-01 |
   5936 | 9.84372e+01 1.65837e-02 | 1.25332e-02 1.07867e-01 1.39115e-01 |
   5937 | 9.84538e+01 1.65836e-02 | 1.25332e-02 1.07867e-01 1.39115e-01 |
   5938 | 9.84704e+01 1.65835e-02 | 1.25332e-02 1.07867e-01 1.39115e-01 |
   5939 | 9.84870e+01 1.65834e-02 | 1.25332e-02 1.07867e-01 1.39115e-01 |
   5940 | 9.85036e+01 1.65833e-02 | 1.25332e-02 1.07867e-01 1.39115e-01 |
   5941 | 9.85202e+01 1.65833e-02 | 1.25332e-02 1.07867e-01 1.39115e-01 |
   5942 | 9.85367e+01 1.65832e-02 | 1.25332e-02 1.07867e-01 1.39115e-01 |
   5943 | 9.85533e+01 1.65831e-02 | 1.25332e-02 1.07867e-01 1.39115e-01 |
   5944 | 9.85699e+01 1.65831e-02 | 1.25332e-02 1.07867e-01 1.39115e-01 |
   5945 | 9.85865e+01 1.65830e-02 | 1.25332e-02 1.07867e-01 1.39115e-01 |
   5946 | 9.86031e+01 1.65829e-02 | 1.25332e-02 1.07867e-01 1.39115e-01 |
   5947 | 9.86197e+01 1.65829e-02 | 1.25332e-02 1.07867e-01 1.39115e-01 |
   5948 | 9.86362e+01 1.65828e-02 | 1.25332e-02 1.07867e-01 1.39115e-01 |
   5949 | 9.86528e+01 1.65828e-02 | 1.25332e-02 1.07867e-01 1.39115e-01 |
   5950 | 9.86694e+01 1.65827e-02 | 1.25332e-02 1.07867e-01 1.39115e-01 |
   5951 | 9.86860e+01 1.65827e-02 | 1.25332e-02 1.07867e-01 1.39115e-01 |
   5952 | 9.87026e+01 1.65827e-02 | 1.25332e-02 1.07867e-01 1.39115e-01 |
   5953 | 9.87192e+01 1.65826e-02 | 1.25332e-02 1.07867e-01 1.39115e-01 |
   5954 | 9.87357e+01 1.65826e-02 | 1.25332e-02 1.07867e-01 1.39115e-01 |
   5955 | 9.87523e+01 1.65826e-02 | 1.25332e-02 1.07867e-01 1.39115e-01 |
   5956 | 9.87689e+01 1.65826e-02 | 1.25332e-02 1.07867e-01 1.39115e-01 |
   5957 | 9.87855e+01 1.65825e-02 | 1.25332e-02 1.07867e-01 1.39115e-01 |
   5958 | 9.88021e+01 1.65825e-02 | 1.25332e-02 1.07867e-01 1.39115e-01 |
   5959 | 9.88187e+01 1.65825e-02 | 1.25332e-02 1.07867e-01 1.39115e-01 |
   5960 | 9.88352e+01 1.65825e-02 | 1.25332e-02 1.07867e-01 1.39115e-01 |
   5961 | 9.88518e+01 1.65825e-02 | 1.25332e-02 1.07867e-01 1.39115e-01 |
   5962 | 9.88684e+01 1.65825e-02 | 1.25332e-02 1.07867e-01 1.39115e-01 |
   5963 | 9.88850e+01 1.65825e-02 | 1.25332e-02 1.07867e-01 1.39115e-01 |
   5964 | 9.89016e+01 1.65825e-02 | 1.25332e-02 1.07867e-01 1.39115e-01 |
   5965 | 9.89181e+01 1.65825e-02 | 1.25332e-02 1.07867e-01 1.39115e-01 |
   5966 | 9.89347e+01 1.65825e-02 | 1.25332e-02 1.07867e-01 1.39115e-01 |
   5967 | 9.89513e+01 1.65825e-02 | 1.25332e-02 1.07867e-01 1.39115e-01 |
   5968 | 9.89679e+01 1.65826e-02 | 1.25332e-02 1.07867e-01 1.39115e-01 |
   5969 | 9.89845e+01 1.65826e-02 | 1.25332e-02 1.07867e-01 1.39115e-01 |
   5970 | 9.90011e+01 1.65826e-02 | 1.25332e-02 1.07867e-01 1.39115e-01 |
   5971 | 9.90176e+01 1.65826e-02 | 1.25332e-02 1.07867e-01 1.39115e-01 |
   5972 | 9.90342e+01 1.65827e-02 | 1.25332e-02 1.07867e-01 1.39115e-01 |
   5973 | 9.90508e+01 1.65827e-02 | 1.25332e-02 1.07867e-01 1.39115e-01 |
   5974 | 9.90674e+01 1.65827e-02 | 1.25332e-02 1.07867e-01 1.39115e-01 |
   5975 | 9.90840e+01 1.65828e-02 | 1.25332e-02 1.07867e-01 1.39115e-01 |
   5976 | 9.91006e+01 1.65828e-02 | 1.25332e-02 1.07867e-01 1.39115e-01 |
   5977 | 9.91171e+01 1.65829e-02 | 1.25332e-02 1.07867e-01 1.39115e-01 |
   5978 | 9.91337e+01 1.65829e-02 | 1.25332e-02 1.07867e-01 1.39115e-01 |
   5979 | 9.91503e+01 1.65830e-02 | 1.25332e-02 1.07867e-01 1.39115e-01 |
   5980 | 9.91669e+01 1.65831e-02 | 1.25332e-02 1.07867e-01 1.39115e-01 |
   5981 | 9.91835e+01 1.65831e-02 | 1.25332e-02 1.07867e-01 1.39115e-01 |
   5982 | 9.92001e+01 1.65832e-02 | 1.25332e-02 1.07867e-01 1.39115e-01 |
   5983 | 9.92166e+01 1.65833e-02 | 1.25332e-02 1.07867e-01 1.39115e-01 |
   5984 | 9.92332e+01 1.65833e-02 | 1.25332e-02 1.07867e-01 1.39115e-01 |
   5985 | 9.92498e+01 1.65834e-02 | 1.25332e-02 1.07867e-01 1.39115e-01 |
   5986 | 9.92664e+01 1.65835e-02 | 1.25332e-02 1.07867e-01 1.39115e-01 |
   5987 | 9.92830e+01 1.65836e-02 | 1.25332e-02 1.07867e-01 1.39115e-01 |
   5988 | 9.92996e+01 1.65837e-02 | 1.25332e-02 1.07867e-01 1.39115e-01 |
   5989 | 9.93161e+01 1.65838e-02 | 1.25332e-02 1.07867e-01 1.39115e-01 |
   5990 | 9.93327e+01 1.65839e-02 | 1.25332e-02 1.07867e-01 1.39115e-01 |
   5991 | 9.93493e+01 1.65839e-02 | 1.25332e-02 1.07867e-01 1.39115e-01 |
   5992 | 9.93659e+01 1.65838e-02 | 1.25332e-02 1.07867e-01 1.39115e-01 |
   5993 | 9.93825e+01 1.65837e-02 | 1.25332e-02 1.07867e-01 1.39115e-01 |
   5994 | 9.93991e+01 1.65836e-02 | 1.25332e-02 1.07867e-01 1.39115e-01 |
   5995 | 9.94156e+01 1.65835e-02 | 1.25332e-02 1.07867e-01 1.39115e-01 |
   5996 | 9.94322e+01 1.65835e-02 | 1.25332e-02 1.07867e-01 1.39115e-01 |
   5997 | 9.94488e+01 1.65834e-02 | 1.25332e-02 1.07867e-01 1.39115e-01 |
   5998 | 9.94654e+01 1.65833e-02 | 1.25332e-02 1.07867e-01 1.39115e-01 |
   5999 | 9.94820e+01 1.65832e-02 | 1.25332e-02 1.07867e-01 1.39115e-01 |
   6000 | 9.94986e+01 1.65832e-02 | 1.25332e-02 1.07867e-01 1.39115e-01 |
   6001 | 9.95151e+01 1.65831e-02 | 1.25332e-02 1.07867e-01 1.39115e-01 |
   6002 | 9.95317e+01 1.65830e-02 | 1.25332e-02 1.07867e-01 1.39115e-01 |
   6003 | 9.95483e+01 1.65830e-02 | 1.25332e-02 1.07867e-01 1.39115e-01 |
   6004 | 9.95649e+01 1.65829e-02 | 1.25332e-02 1.07867e-01 1.39115e-01 |
   6005 | 9.95815e+01 1.65829e-02 | 1.25332e-02 1.07867e-01 1.39115e-01 |
   6006 | 9.95981e+01 1.65828e-02 | 1.25332e-02 1.07867e-01 1.39115e-01 |
   6007 | 9.96146e+01 1.65828e-02 | 1.25332e-02 1.07867e-01 1.39115e-01 |
   6008 | 9.96312e+01 1.65828e-02 | 1.25332e-02 1.07867e-01 1.39115e-01 |
   6009 | 9.96478e+01 1.65827e-02 | 1.25332e-02 1.07867e-01 1.39115e-01 |
   6010 | 9.96644e+01 1.65827e-02 | 1.25332e-02 1.07867e-01 1.39115e-01 |
   6011 | 9.96810e+01 1.65827e-02 | 1.25332e-02 1.07867e-01 1.39115e-01 |
   6012 | 9.96976e+01 1.65826e-02 | 1.25332e-02 1.07867e-01 1.39115e-01 |
   6013 | 9.97141e+01 1.65826e-02 | 1.25332e-02 1.07867e-01 1.39115e-01 |
   6014 | 9.97307e+01 1.65826e-02 | 1.25332e-02 1.07867e-01 1.39115e-01 |
   6015 | 9.97473e+01 1.65826e-02 | 1.25332e-02 1.07867e-01 1.39115e-01 |
   6016 | 9.97639e+01 1.65826e-02 | 1.25332e-02 1.07867e-01 1.39115e-01 |
   6017 | 9.97805e+01 1.65826e-02 | 1.25332e-02 1.07867e-01 1.39115e-01 |
   6018 | 9.97970e+01 1.65826e-02 | 1.25332e-02 1.07867e-01 1.39115e-01 |
   6019 | 9.98136e+01 1.65826e-02 | 1.25332e-02 1.07867e-01 1.39115e-01 |
   6020 | 9.98302e+01 1.65826e-02 | 1.25332e-02 1.07867e-01 1.39115e-01 |
   6021 | 9.98468e+01 1.65826e-02 | 1.25332e-02 1.07867e-01 1.39115e-01 |
   6022 | 9.98634e+01 1.65826e-02 | 1.25332e-02 1.07867e-01 1.39115e-01 |
   6023 | 9.98800e+01 1.65826e-02 | 1.25332e-02 1.07867e-01 1.39115e-01 |
   6024 | 9.98965e+01 1.65826e-02 | 1.25332e-02 1.07867e-01 1.39115e-01 |
   6025 | 9.99131e+01 1.65826e-02 | 1.25332e-02 1.07867e-01 1.39115e-01 |
   6026 | 9.99297e+01 1.65827e-02 | 1.25332e-02 1.07867e-01 1.39115e-01 |
   6027 | 9.99463e+01 1.65827e-02 | 1.25332e-02 1.07867e-01 1.39115e-01 |
   6028 | 9.99629e+01 1.65827e-02 | 1.25332e-02 1.07867e-01 1.39115e-01 |
   6029 | 9.99795e+01 1.65828e-02 | 1.25332e-02 1.07867e-01 1.39115e-01 |
   6030 | 9.99960e+01 1.65828e-02 | 1.25332e-02 1.07867e-01 1.39115e-01 |
   6031 | 1.00000e+02 3.95874e-03 | 1.25332e-02 1.07867e-01 1.39115e-01 |
        | ----------- ----------- | ----------- ----------- ----------- |
[DELETEMATRIX] !
[DELETEMATRIX] !
[DELETEMATRIX] !
[DELETEMATRIX] !
[DELETEMATRIX] !
[DELETEMATRIX] !
[DELETEMATRIX] !
[DELETEMATRIX] !
[DELETEMATRIX] !
[DELETEMATRIX] !
[DELETEMATRIX] !
[DELETEMATRIX] !
[DELETEMATRIX] !
[DELETEMATRIX] !
[DELETEMATRIX] !
[DELETEMATRIX] !
[DELETEMATRIX] !
[DELETEMATRIX] !
[DELETEMATRIX] !
[DELETEMATRIX] !
[DELETEMATRIX] !
[DELETEMATRIX] !
[DELETEMATRIX] !
[DELETEMATRIX] !
[DELETEMATRIX] !
[DELETEMATRIX] !
[DELETEMATRIX] !
[DELETEMATRIX] !
[DELETEMATRIX] !
[DELETEMATRIX] !
[DELETEMATRIX] !
[DELETEMATRIX] !
[DELETEMATRIX] !
[DELETEMATRIX] !
[DELETEMATRIX] !
[DELETEMATRIX] !
[DELETEMATRIX] !
[DELETEMATRIX] !
[DELETEMATRIX] !
[DELETEMATRIX] !
[DELETEMATRIX] !
[DELETEMATRIX] !
[DELETEMATRIX] !
[DELETEMATRIX] !
[DELETEMATRIX] !
[DELETEMATRIX] !
[DELETEMATRIX] !
[DELETEMATRIX] !
[DELETEMATRIX] !
[DELETEMATRIX] !
[DELETEMATRIX] !
[DELETEMATRIX] !
[DELETEMATRIX] !
[DELETEMATRIX] !
[DELETEMATRIX] !
[DELETEMATRIX] !
[DELETEMATRIX] !
[DELETEMATRIX] !
        | ----------- ----------- | 1.96628e-08 8.46016e-08 2.54103e-08 | => l1-error norm
        | ----------- 4.41942e-01 | 3.31707e-07 1.26595e-06 1.04866e-06 | => l2-error norm
[DELETEMATRIX] !
[DELETEMATRIX] !
[DELETEMATRIX] !
[DELETEMATRIX] !
[DELETEMATRIX] !
[DELETEMATRIX] !
srun: Received task exit notification for 64 tasks of StepId=350612.0 (status=0x0000).
srun: hpc-fat04: tasks 0-63: Completed
