srun: defined options
srun: -------------------- --------------------
srun: (null)              : hpc-fat05
srun: cpu-bind            : cores,verbose
srun: cpus-per-task       : 1
srun: distribution        : cyclic:cyclic
srun: exact               : set
srun: jobid               : 350614
srun: job-name            : Vortexbath
srun: mem-per-cpu         : 4G
srun: mpi                 : pmix_v5
srun: nodes               : 1
srun: ntasks              : 64
srun: oom-kill-step       : 0
srun: tres-per-task       : cpu=1
srun: verbose             : 1
srun: -------------------- --------------------
srun: end of defined options
srun: jobid 350614: nodes(1):`hpc-fat05', cpu counts: 64(x1)
srun: CpuBindType=verbose,cores
srun: launching StepId=350614.0 on host hpc-fat05, 64 tasks: [0-63]
cpu-bind=MASK - hpc-fat05, task  0  0 [2782427]: mask 0x1 set
cpu-bind=MASK - hpc-fat05, task  1  1 [2782428]: mask 0x10000 set
cpu-bind=MASK - hpc-fat05, task  2  2 [2782429]: mask 0x10000000000000000 set
cpu-bind=MASK - hpc-fat05, task  3  3 [2782430]: mask 0x100000000000000000000 set
cpu-bind=MASK - hpc-fat05, task  4  4 [2782431]: mask 0x2 set
cpu-bind=MASK - hpc-fat05, task  5  5 [2782432]: mask 0x20000 set
cpu-bind=MASK - hpc-fat05, task  6  6 [2782433]: mask 0x20000000000000000 set
cpu-bind=MASK - hpc-fat05, task  7  7 [2782434]: mask 0x200000000000000000000 set
cpu-bind=MASK - hpc-fat05, task  8  8 [2782435]: mask 0x4 set
cpu-bind=MASK - hpc-fat05, task  9  9 [2782436]: mask 0x40000 set
cpu-bind=MASK - hpc-fat05, task 10 10 [2782437]: mask 0x40000000000000000 set
cpu-bind=MASK - hpc-fat05, task 11 11 [2782438]: mask 0x400000000000000000000 set
cpu-bind=MASK - hpc-fat05, task 12 12 [2782439]: mask 0x8 set
cpu-bind=MASK - hpc-fat05, task 13 13 [2782440]: mask 0x80000 set
cpu-bind=MASK - hpc-fat05, task 14 14 [2782441]: mask 0x80000000000000000 set
cpu-bind=MASK - hpc-fat05, task 15 15 [2782442]: mask 0x800000000000000000000 set
cpu-bind=MASK - hpc-fat05, task 16 16 [2782443]: mask 0x10 set
cpu-bind=MASK - hpc-fat05, task 17 17 [2782444]: mask 0x100000 set
cpu-bind=MASK - hpc-fat05, task 18 18 [2782445]: mask 0x100000000000000000 set
cpu-bind=MASK - hpc-fat05, task 19 19 [2782446]: mask 0x1000000000000000000000 set
cpu-bind=MASK - hpc-fat05, task 20 20 [2782447]: mask 0x20 set
cpu-bind=MASK - hpc-fat05, task 21 21 [2782448]: mask 0x200000 set
cpu-bind=MASK - hpc-fat05, task 22 22 [2782449]: mask 0x200000000000000000 set
cpu-bind=MASK - hpc-fat05, task 23 23 [2782450]: mask 0x2000000000000000000000 set
cpu-bind=MASK - hpc-fat05, task 24 24 [2782451]: mask 0x40 set
cpu-bind=MASK - hpc-fat05, task 25 25 [2782452]: mask 0x400000 set
cpu-bind=MASK - hpc-fat05, task 26 26 [2782453]: mask 0x400000000000000000 set
cpu-bind=MASK - hpc-fat05, task 27 27 [2782454]: mask 0x4000000000000000000000 set
cpu-bind=MASK - hpc-fat05, task 28 28 [2782455]: mask 0x80 set
cpu-bind=MASK - hpc-fat05, task 29 29 [2782456]: mask 0x800000 set
cpu-bind=MASK - hpc-fat05, task 30 30 [2782457]: mask 0x800000000000000000 set
cpu-bind=MASK - hpc-fat05, task 31 31 [2782458]: mask 0x8000000000000000000000 set
cpu-bind=MASK - hpc-fat05, task 32 32 [2782459]: mask 0x100 set
cpu-bind=MASK - hpc-fat05, task 33 33 [2782460]: mask 0x1000000 set
cpu-bind=MASK - hpc-fat05, task 34 34 [2782461]: mask 0x1000000000000000000 set
cpu-bind=MASK - hpc-fat05, task 35 35 [2782462]: mask 0x10000000000000000000000 set
cpu-bind=MASK - hpc-fat05, task 36 36 [2782463]: mask 0x200 set
cpu-bind=MASK - hpc-fat05, task 37 37 [2782464]: mask 0x2000000 set
cpu-bind=MASK - hpc-fat05, task 38 38 [2782465]: mask 0x2000000000000000000 set
cpu-bind=MASK - hpc-fat05, task 39 39 [2782466]: mask 0x20000000000000000000000 set
cpu-bind=MASK - hpc-fat05, task 40 40 [2782467]: mask 0x400 set
cpu-bind=MASK - hpc-fat05, task 41 41 [2782468]: mask 0x4000000 set
cpu-bind=MASK - hpc-fat05, task 42 42 [2782469]: mask 0x4000000000000000000 set
cpu-bind=MASK - hpc-fat05, task 43 43 [2782470]: mask 0x40000000000000000000000 set
cpu-bind=MASK - hpc-fat05, task 44 44 [2782471]: mask 0x800 set
cpu-bind=MASK - hpc-fat05, task 45 45 [2782472]: mask 0x8000000 set
cpu-bind=MASK - hpc-fat05, task 46 46 [2782473]: mask 0x8000000000000000000 set
cpu-bind=MASK - hpc-fat05, task 47 47 [2782474]: mask 0x80000000000000000000000 set
cpu-bind=MASK - hpc-fat05, task 48 48 [2782475]: mask 0x1000 set
cpu-bind=MASK - hpc-fat05, task 49 49 [2782476]: mask 0x10000000 set
cpu-bind=MASK - hpc-fat05, task 50 50 [2782477]: mask 0x10000000000000000000 set
cpu-bind=MASK - hpc-fat05, task 51 51 [2782478]: mask 0x100000000000000000000000 set
cpu-bind=MASK - hpc-fat05, task 52 52 [2782479]: mask 0x2000 set
cpu-bind=MASK - hpc-fat05, task 53 53 [2782480]: mask 0x20000000 set
cpu-bind=MASK - hpc-fat05, task 54 54 [2782481]: mask 0x20000000000000000000 set
cpu-bind=MASK - hpc-fat05, task 55 55 [2782482]: mask 0x200000000000000000000000 set
cpu-bind=MASK - hpc-fat05, task 56 56 [2782483]: mask 0x4000 set
cpu-bind=MASK - hpc-fat05, task 57 57 [2782484]: mask 0x40000000 set
cpu-bind=MASK - hpc-fat05, task 58 58 [2782485]: mask 0x40000000000000000000 set
cpu-bind=MASK - hpc-fat05, task 59 59 [2782486]: mask 0x400000000000000000000000 set
cpu-bind=MASK - hpc-fat05, task 60 60 [2782487]: mask 0x8000 set
cpu-bind=MASK - hpc-fat05, task 61 61 [2782488]: mask 0x80000000 set
cpu-bind=MASK - hpc-fat05, task 62 62 [2782489]: mask 0x80000000000000000000 set
cpu-bind=MASK - hpc-fat05, task 63 63 [2782490]: mask 0x800000000000000000000000 set
srun: Node hpc-fat05, 64 tasks started
Data {
  aerosol.linearsolver : PETSc
  discretisation.femtype : Lagrange
  discretisation.numericalflux : WbswLaxFriedrichs
  io.mesh_file : /gpfs/scratch/fortetenreiro/run/Vortex/msh/Vortex_6.msh
  io.mesh_format : ParaGMSH
  io.output_format : HDF5
  io.output_path : /gpfs/scratch/fortetenreiro/run/Vortexbath/visu/R0_M6_P2
  io.restartPath : /gpfs/scratch/fortetenreiro/run/Vortexbath/restart/R0_M6_P2
  io.restartPrefix : restart
  io.visutype : cells
  model.bathymetry : 1;0;ICBC
  model.manning : 1;0;ICBC;CONSTANT;0.00
  model.name : ShallowWater
  testcase.name : Vortexbath
  time.inittype : interpolation
  time.name : RK-3-3
  time.type : cfl
  xml_config_file : /gpfs/scratch/fortetenreiro/run/Vortexbath/xml/R0_M6_P2.xml
  MPI.prank : 0
  MPI.psize : 64
  aerosol.debug : 0
  discretisation.continuous : 0
  discretisation.degree : 2
  io.active : 0
  io.conservativeVariables : 3
  io.mesh_dimension : 2
  io.prepartitioning : 0
  io.redistribution : 1
  io.scalab : 0
  model.dispersion : 0
  model.g : 1
  model.h0 : 1
  time.CFL : 0.2097
  time.tmax : 100
}

(0): ERROR: _PAMPAdmeshCheck: no check could be done with flag PAMPA_OVLP_NOGT enabled
(1): ERROR: _PAMPAdmeshCheck: no check could be done with flag PAMPA_OVLP_NOGT enabled
(2): ERROR: _PAMPAdmeshCheck: no check could be done with flag PAMPA_OVLP_NOGT enabled
(3): ERROR: _PAMPAdmeshCheck: no check could be done with flag PAMPA_OVLP_NOGT enabled
(4): ERROR: _PAMPAdmeshCheck: no check could be done with flag PAMPA_OVLP_NOGT enabled
(5): ERROR: _PAMPAdmeshCheck: no check could be done with flag PAMPA_OVLP_NOGT enabled
(6): ERROR: _PAMPAdmeshCheck: no check could be done with flag PAMPA_OVLP_NOGT enabled
(7): ERROR: _PAMPAdmeshCheck: no check could be done with flag PAMPA_OVLP_NOGT enabled
(8): ERROR: _PAMPAdmeshCheck: no check could be done with flag PAMPA_OVLP_NOGT enabled
(9): ERROR: _PAMPAdmeshCheck: no check could be done with flag PAMPA_OVLP_NOGT enabled
(10): ERROR: _PAMPAdmeshCheck: no check could be done with flag PAMPA_OVLP_NOGT enabled
(11): ERROR: _PAMPAdmeshCheck: no check could be done with flag PAMPA_OVLP_NOGT enabled
(12): ERROR: _PAMPAdmeshCheck: no check could be done with flag PAMPA_OVLP_NOGT enabled
(13): ERROR: _PAMPAdmeshCheck: no check could be done with flag PAMPA_OVLP_NOGT enabled
(14): ERROR: _PAMPAdmeshCheck: no check could be done with flag PAMPA_OVLP_NOGT enabled
(15): ERROR: _PAMPAdmeshCheck: no check could be done with flag PAMPA_OVLP_NOGT enabled
(16): ERROR: _PAMPAdmeshCheck: no check could be done with flag PAMPA_OVLP_NOGT enabled
(17): ERROR: _PAMPAdmeshCheck: no check could be done with flag PAMPA_OVLP_NOGT enabled
(18): ERROR: _PAMPAdmeshCheck: no check could be done with flag PAMPA_OVLP_NOGT enabled
(19): ERROR: _PAMPAdmeshCheck: no check could be done with flag PAMPA_OVLP_NOGT enabled
(20): ERROR: _PAMPAdmeshCheck: no check could be done with flag PAMPA_OVLP_NOGT enabled
(21): ERROR: _PAMPAdmeshCheck: no check could be done with flag PAMPA_OVLP_NOGT enabled
(22): ERROR: _PAMPAdmeshCheck: no check could be done with flag PAMPA_OVLP_NOGT enabled
(23): ERROR: _PAMPAdmeshCheck: no check could be done with flag PAMPA_OVLP_NOGT enabled
(24): ERROR: _PAMPAdmeshCheck: no check could be done with flag PAMPA_OVLP_NOGT enabled
(25): ERROR: _PAMPAdmeshCheck: no check could be done with flag PAMPA_OVLP_NOGT enabled
(26): ERROR: _PAMPAdmeshCheck: no check could be done with flag PAMPA_OVLP_NOGT enabled
(27): ERROR: _PAMPAdmeshCheck: no check could be done with flag PAMPA_OVLP_NOGT enabled
(28): ERROR: _PAMPAdmeshCheck: no check could be done with flag PAMPA_OVLP_NOGT enabled
(29): ERROR: _PAMPAdmeshCheck: no check could be done with flag PAMPA_OVLP_NOGT enabled
(30): ERROR: _PAMPAdmeshCheck: no check could be done with flag PAMPA_OVLP_NOGT enabled
(31): ERROR: _PAMPAdmeshCheck: no check could be done with flag PAMPA_OVLP_NOGT enabled
(32): ERROR: _PAMPAdmeshCheck: no check could be done with flag PAMPA_OVLP_NOGT enabled
(33): ERROR: _PAMPAdmeshCheck: no check could be done with flag PAMPA_OVLP_NOGT enabled
(34): ERROR: _PAMPAdmeshCheck: no check could be done with flag PAMPA_OVLP_NOGT enabled
(35): ERROR: _PAMPAdmeshCheck: no check could be done with flag PAMPA_OVLP_NOGT enabled
(36): ERROR: _PAMPAdmeshCheck: no check could be done with flag PAMPA_OVLP_NOGT enabled
(37): ERROR: _PAMPAdmeshCheck: no check could be done with flag PAMPA_OVLP_NOGT enabled
(38): ERROR: _PAMPAdmeshCheck: no check could be done with flag PAMPA_OVLP_NOGT enabled
(39): ERROR: _PAMPAdmeshCheck: no check could be done with flag PAMPA_OVLP_NOGT enabled
(40): ERROR: _PAMPAdmeshCheck: no check could be done with flag PAMPA_OVLP_NOGT enabled
(41): ERROR: _PAMPAdmeshCheck: no check could be done with flag PAMPA_OVLP_NOGT enabled
(42): ERROR: _PAMPAdmeshCheck: no check could be done with flag PAMPA_OVLP_NOGT enabled
(43): ERROR: _PAMPAdmeshCheck: no check could be done with flag PAMPA_OVLP_NOGT enabled
(44): ERROR: _PAMPAdmeshCheck: no check could be done with flag PAMPA_OVLP_NOGT enabled
(45): ERROR: _PAMPAdmeshCheck: no check could be done with flag PAMPA_OVLP_NOGT enabled
(46): ERROR: _PAMPAdmeshCheck: no check could be done with flag PAMPA_OVLP_NOGT enabled
(47): ERROR: _PAMPAdmeshCheck: no check could be done with flag PAMPA_OVLP_NOGT enabled
(48): ERROR: _PAMPAdmeshCheck: no check could be done with flag PAMPA_OVLP_NOGT enabled
(49): ERROR: _PAMPAdmeshCheck: no check could be done with flag PAMPA_OVLP_NOGT enabled
(50): ERROR: _PAMPAdmeshCheck: no check could be done with flag PAMPA_OVLP_NOGT enabled
(51): ERROR: _PAMPAdmeshCheck: no check could be done with flag PAMPA_OVLP_NOGT enabled
(52): ERROR: _PAMPAdmeshCheck: no check could be done with flag PAMPA_OVLP_NOGT enabled
(53): ERROR: _PAMPAdmeshCheck: no check could be done with flag PAMPA_OVLP_NOGT enabled
(54): ERROR: _PAMPAdmeshCheck: no check could be done with flag PAMPA_OVLP_NOGT enabled
(55): ERROR: _PAMPAdmeshCheck: no check could be done with flag PAMPA_OVLP_NOGT enabled
(56): ERROR: _PAMPAdmeshCheck: no check could be done with flag PAMPA_OVLP_NOGT enabled
(57): ERROR: _PAMPAdmeshCheck: no check could be done with flag PAMPA_OVLP_NOGT enabled
(58): ERROR: _PAMPAdmeshCheck: no check could be done with flag PAMPA_OVLP_NOGT enabled
(59): ERROR: _PAMPAdmeshCheck: no check could be done with flag PAMPA_OVLP_NOGT enabled
(60): ERROR: _PAMPAdmeshCheck: no check could be done with flag PAMPA_OVLP_NOGT enabled
(61): ERROR: _PAMPAdmeshCheck: no check could be done with flag PAMPA_OVLP_NOGT enabled
(62): ERROR: _PAMPAdmeshCheck: no check could be done with flag PAMPA_OVLP_NOGT enabled
(63): ERROR: _PAMPAdmeshCheck: no check could be done with flag PAMPA_OVLP_NOGT enabled
Calling the scheme "SWShallowWater2dWbswLaxFriedrichsPETSc".
Calling the scheme "SWShallowWater2dWbswLaxFriedrichsPETSc".
Calling the scheme "SWShallowWater2dWbswLaxFriedrichsPETSc".
Calling the scheme "SWShallowWater2dWbswLaxFriedrichsPETSc".
Calling the scheme "SWShallowWater2dWbswLaxFriedrichsPETSc".
Calling the scheme "SWShallowWater2dWbswLaxFriedrichsPETSc".
Calling the scheme "SWShallowWater2dWbswLaxFriedrichsPETSc".
Calling the scheme "SWShallowWater2dWbswLaxFriedrichsPETSc".
Calling the scheme "SWShallowWater2dWbswLaxFriedrichsPETSc".
Calling the scheme "SWShallowWater2dWbswLaxFriedrichsPETSc".
Calling the scheme "SWShallowWater2dWbswLaxFriedrichsPETSc".
Calling the scheme "SWShallowWater2dWbswLaxFriedrichsPETSc".
Calling the scheme "SWShallowWater2dWbswLaxFriedrichsPETSc".
Calling the scheme "SWShallowWater2dWbswLaxFriedrichsPETSc".
Calling the scheme "SWShallowWater2dWbswLaxFriedrichsPETSc".
Calling the scheme "SWShallowWater2dWbswLaxFriedrichsPETSc".
Calling the scheme "SWShallowWater2dWbswLaxFriedrichsPETSc".
Calling the scheme "SWShallowWater2dWbswLaxFriedrichsPETSc".
Calling the scheme "SWShallowWater2dWbswLaxFriedrichsPETSc".
Calling the scheme "SWShallowWater2dWbswLaxFriedrichsPETSc".
Calling the scheme "SWShallowWater2dWbswLaxFriedrichsPETSc".
Calling the scheme "SWShallowWater2dWbswLaxFriedrichsPETSc".
Calling the scheme "SWShallowWater2dWbswLaxFriedrichsPETSc".
Calling the scheme "SWShallowWater2dWbswLaxFriedrichsPETSc".
Calling the scheme "SWShallowWater2dWbswLaxFriedrichsPETSc".
Calling the scheme "SWShallowWater2dWbswLaxFriedrichsPETSc".
Calling the scheme "SWShallowWater2dWbswLaxFriedrichsPETSc".
Calling the scheme "SWShallowWater2dWbswLaxFriedrichsPETSc".
Calling the scheme "SWShallowWater2dWbswLaxFriedrichsPETSc".
Calling the scheme "SWShallowWater2dWbswLaxFriedrichsPETSc".
Calling the scheme "SWShallowWater2dWbswLaxFriedrichsPETSc".
Calling the scheme "SWShallowWater2dWbswLaxFriedrichsPETSc".
Calling the scheme "SWShallowWater2dWbswLaxFriedrichsPETSc".
Calling the scheme "SWShallowWater2dWbswLaxFriedrichsPETSc".
Calling the scheme "SWShallowWater2dWbswLaxFriedrichsPETSc".
Calling the scheme "SWShallowWater2dWbswLaxFriedrichsPETSc".
Calling the scheme "SWShallowWater2dWbswLaxFriedrichsPETSc".
Calling the scheme "SWShallowWater2dWbswLaxFriedrichsPETSc".
Calling the scheme "SWShallowWater2dWbswLaxFriedrichsPETSc".
Calling the scheme "SWShallowWater2dWbswLaxFriedrichsPETSc".
Calling the scheme "SWShallowWater2dWbswLaxFriedrichsPETSc".
Calling the scheme "SWShallowWater2dWbswLaxFriedrichsPETSc".
Calling the scheme "SWShallowWater2dWbswLaxFriedrichsPETSc".
Calling the scheme "SWShallowWater2dWbswLaxFriedrichsPETSc".
Calling the scheme "SWShallowWater2dWbswLaxFriedrichsPETSc".
Calling the scheme "SWShallowWater2dWbswLaxFriedrichsPETSc".
Calling the scheme "SWShallowWater2dWbswLaxFriedrichsPETSc".
Calling the scheme "SWShallowWater2dWbswLaxFriedrichsPETSc".
Calling the scheme "SWShallowWater2dWbswLaxFriedrichsPETSc".
Calling the scheme "SWShallowWater2dWbswLaxFriedrichsPETSc".
Calling the scheme "SWShallowWater2dWbswLaxFriedrichsPETSc".
Calling the scheme "SWShallowWater2dWbswLaxFriedrichsPETSc".
Calling the scheme "SWShallowWater2dWbswLaxFriedrichsPETSc".
Calling the scheme "SWShallowWater2dWbswLaxFriedrichsPETSc".
Calling the scheme "SWShallowWater2dWbswLaxFriedrichsPETSc".
Calling the scheme "SWShallowWater2dWbswLaxFriedrichsPETSc".
Calling the scheme "SWShallowWater2dWbswLaxFriedrichsPETSc".
Calling the scheme "SWShallowWater2dWbswLaxFriedrichsPETSc".
Calling the scheme "SWShallowWater2dWbswLaxFriedrichsPETSc".
Calling the scheme "SWShallowWater2dWbswLaxFriedrichsPETSc".
Calling the scheme "SWShallowWater2dWbswLaxFriedrichsPETSc".
Calling the scheme "SWShallowWater2dWbswLaxFriedrichsPETSc".
Calling the scheme "SWShallowWater2dWbswLaxFriedrichsPETSc".
Calling the scheme "SWShallowWater2dWbswLaxFriedrichsPETSc".
      1 | 1.19910e-02 1.19910e-02 | 1.25339e-02 1.07867e-01 1.39115e-01 |
      2 | 2.39820e-02 1.19910e-02 | 1.25337e-02 1.07867e-01 1.39115e-01 |
      3 | 3.59730e-02 1.19910e-02 | 1.25335e-02 1.07867e-01 1.39115e-01 |
      4 | 4.79640e-02 1.19910e-02 | 1.25334e-02 1.07867e-01 1.39115e-01 |
      5 | 5.99550e-02 1.19910e-02 | 1.25332e-02 1.07867e-01 1.39115e-01 |
      6 | 7.19460e-02 1.19910e-02 | 1.25332e-02 1.07867e-01 1.39115e-01 |
      7 | 8.39369e-02 1.19910e-02 | 1.25332e-02 1.07867e-01 1.39115e-01 |
      8 | 9.59279e-02 1.19910e-02 | 1.25332e-02 1.07867e-01 1.39115e-01 |
      9 | 1.07919e-01 1.19910e-02 | 1.25332e-02 1.07867e-01 1.39115e-01 |
     10 | 1.19910e-01 1.19910e-02 | 1.25332e-02 1.07867e-01 1.39115e-01 |
     11 | 1.31901e-01 1.19910e-02 | 1.25332e-02 1.07867e-01 1.39115e-01 |
     12 | 1.43892e-01 1.19910e-02 | 1.25332e-02 1.07867e-01 1.39115e-01 |
     13 | 1.55883e-01 1.19910e-02 | 1.25332e-02 1.07867e-01 1.39115e-01 |
     14 | 1.67874e-01 1.19910e-02 | 1.25332e-02 1.07867e-01 1.39115e-01 |
     15 | 1.79865e-01 1.19910e-02 | 1.25332e-02 1.07867e-01 1.39115e-01 |
     16 | 1.91856e-01 1.19910e-02 | 1.25332e-02 1.07867e-01 1.39115e-01 |
     17 | 2.03847e-01 1.19911e-02 | 1.25331e-02 1.07867e-01 1.39115e-01 |
     18 | 2.15838e-01 1.19911e-02 | 1.25331e-02 1.07867e-01 1.39115e-01 |
     19 | 2.27829e-01 1.19911e-02 | 1.25331e-02 1.07867e-01 1.39115e-01 |
     20 | 2.39820e-01 1.19911e-02 | 1.25331e-02 1.07867e-01 1.39115e-01 |
     21 | 2.51811e-01 1.19910e-02 | 1.25331e-02 1.07867e-01 1.39114e-01 |
     22 | 2.63802e-01 1.19910e-02 | 1.25331e-02 1.07867e-01 1.39114e-01 |
     23 | 2.75793e-01 1.19910e-02 | 1.25331e-02 1.07867e-01 1.39114e-01 |
     24 | 2.87784e-01 1.19910e-02 | 1.25331e-02 1.07867e-01 1.39114e-01 |
     25 | 2.99775e-01 1.19910e-02 | 1.25331e-02 1.07867e-01 1.39114e-01 |
     26 | 3.11766e-01 1.19910e-02 | 1.25331e-02 1.07867e-01 1.39114e-01 |
     27 | 3.23757e-01 1.19909e-02 | 1.25331e-02 1.07867e-01 1.39114e-01 |
     28 | 3.35748e-01 1.19909e-02 | 1.25331e-02 1.07867e-01 1.39114e-01 |
     29 | 3.47739e-01 1.19909e-02 | 1.25331e-02 1.07867e-01 1.39114e-01 |
     30 | 3.59730e-01 1.19909e-02 | 1.25331e-02 1.07867e-01 1.39114e-01 |
     31 | 3.71721e-01 1.19909e-02 | 1.25331e-02 1.07867e-01 1.39114e-01 |
     32 | 3.83712e-01 1.19909e-02 | 1.25331e-02 1.07867e-01 1.39114e-01 |
     33 | 3.95703e-01 1.19909e-02 | 1.25331e-02 1.07867e-01 1.39114e-01 |
     34 | 4.07693e-01 1.19909e-02 | 1.25331e-02 1.07867e-01 1.39114e-01 |
     35 | 4.19684e-01 1.19909e-02 | 1.25331e-02 1.07867e-01 1.39114e-01 |
     36 | 4.31675e-01 1.19909e-02 | 1.25331e-02 1.07867e-01 1.39114e-01 |
     37 | 4.43666e-01 1.19909e-02 | 1.25331e-02 1.07867e-01 1.39114e-01 |
     38 | 4.55657e-01 1.19909e-02 | 1.25331e-02 1.07867e-01 1.39114e-01 |
     39 | 4.67648e-01 1.19909e-02 | 1.25331e-02 1.07867e-01 1.39114e-01 |
     40 | 4.79639e-01 1.19909e-02 | 1.25331e-02 1.07867e-01 1.39114e-01 |
     41 | 4.91630e-01 1.19909e-02 | 1.25331e-02 1.07867e-01 1.39114e-01 |
     42 | 5.03621e-01 1.19909e-02 | 1.25331e-02 1.07867e-01 1.39114e-01 |
     43 | 5.15612e-01 1.19909e-02 | 1.25331e-02 1.07867e-01 1.39114e-01 |
     44 | 5.27603e-01 1.19909e-02 | 1.25331e-02 1.07867e-01 1.39114e-01 |
     45 | 5.39593e-01 1.19909e-02 | 1.25331e-02 1.07867e-01 1.39114e-01 |
     46 | 5.51584e-01 1.19909e-02 | 1.25331e-02 1.07867e-01 1.39114e-01 |
     47 | 5.63575e-01 1.19910e-02 | 1.25331e-02 1.07867e-01 1.39114e-01 |
     48 | 5.75566e-01 1.19910e-02 | 1.25331e-02 1.07867e-01 1.39114e-01 |
     49 | 5.87557e-01 1.19910e-02 | 1.25331e-02 1.07867e-01 1.39114e-01 |
     50 | 5.99548e-01 1.19910e-02 | 1.25331e-02 1.07867e-01 1.39114e-01 |
     51 | 6.11539e-01 1.19910e-02 | 1.25331e-02 1.07867e-01 1.39114e-01 |
     52 | 6.23530e-01 1.19910e-02 | 1.25331e-02 1.07867e-01 1.39114e-01 |
     53 | 6.35521e-01 1.19910e-02 | 1.25331e-02 1.07867e-01 1.39114e-01 |
     54 | 6.47512e-01 1.19910e-02 | 1.25331e-02 1.07867e-01 1.39114e-01 |
     55 | 6.59503e-01 1.19910e-02 | 1.25331e-02 1.07867e-01 1.39114e-01 |
     56 | 6.71494e-01 1.19910e-02 | 1.25331e-02 1.07867e-01 1.39114e-01 |
     57 | 6.83485e-01 1.19911e-02 | 1.25331e-02 1.07867e-01 1.39114e-01 |
     58 | 6.95476e-01 1.19911e-02 | 1.25331e-02 1.07867e-01 1.39114e-01 |
     59 | 7.07467e-01 1.19911e-02 | 1.25331e-02 1.07867e-01 1.39114e-01 |
     60 | 7.19458e-01 1.19910e-02 | 1.25331e-02 1.07867e-01 1.39114e-01 |
     61 | 7.31450e-01 1.19910e-02 | 1.25331e-02 1.07867e-01 1.39114e-01 |
     62 | 7.43441e-01 1.19910e-02 | 1.25331e-02 1.07867e-01 1.39114e-01 |
     63 | 7.55432e-01 1.19910e-02 | 1.25331e-02 1.07867e-01 1.39114e-01 |
     64 | 7.67422e-01 1.19910e-02 | 1.25331e-02 1.07867e-01 1.39114e-01 |
     65 | 7.79413e-01 1.19910e-02 | 1.25331e-02 1.07867e-01 1.39114e-01 |
     66 | 7.91404e-01 1.19910e-02 | 1.25331e-02 1.07867e-01 1.39114e-01 |
     67 | 8.03395e-01 1.19909e-02 | 1.25331e-02 1.07867e-01 1.39114e-01 |
     68 | 8.15386e-01 1.19909e-02 | 1.25331e-02 1.07867e-01 1.39114e-01 |
     69 | 8.27377e-01 1.19909e-02 | 1.25331e-02 1.07867e-01 1.39114e-01 |
     70 | 8.39368e-01 1.19909e-02 | 1.25331e-02 1.07867e-01 1.39114e-01 |
     71 | 8.51359e-01 1.19909e-02 | 1.25331e-02 1.07867e-01 1.39114e-01 |
     72 | 8.63350e-01 1.19909e-02 | 1.25331e-02 1.07867e-01 1.39114e-01 |
     73 | 8.75341e-01 1.19909e-02 | 1.25331e-02 1.07867e-01 1.39114e-01 |
     74 | 8.87332e-01 1.19909e-02 | 1.25331e-02 1.07867e-01 1.39114e-01 |
     75 | 8.99323e-01 1.19909e-02 | 1.25331e-02 1.07867e-01 1.39114e-01 |
     76 | 9.11314e-01 1.19909e-02 | 1.25331e-02 1.07867e-01 1.39114e-01 |
     77 | 9.23305e-01 1.19909e-02 | 1.25331e-02 1.07867e-01 1.39114e-01 |
     78 | 9.35296e-01 1.19909e-02 | 1.25331e-02 1.07867e-01 1.39114e-01 |
     79 | 9.47287e-01 1.19909e-02 | 1.25331e-02 1.07867e-01 1.39114e-01 |
     80 | 9.59277e-01 1.19910e-02 | 1.25331e-02 1.07867e-01 1.39114e-01 |
     81 | 9.71268e-01 1.19910e-02 | 1.25331e-02 1.07867e-01 1.39114e-01 |
     82 | 9.83259e-01 1.19910e-02 | 1.25331e-02 1.07867e-01 1.39114e-01 |
     83 | 9.95250e-01 1.19910e-02 | 1.25331e-02 1.07867e-01 1.39114e-01 |
     84 | 1.00724e+00 1.19910e-02 | 1.25331e-02 1.07867e-01 1.39114e-01 |
     85 | 1.01923e+00 1.19910e-02 | 1.25331e-02 1.07867e-01 1.39114e-01 |
     86 | 1.03122e+00 1.19910e-02 | 1.25331e-02 1.07867e-01 1.39114e-01 |
     87 | 1.04321e+00 1.19911e-02 | 1.25331e-02 1.07867e-01 1.39114e-01 |
     88 | 1.05521e+00 1.19911e-02 | 1.25331e-02 1.07867e-01 1.39114e-01 |
     89 | 1.06720e+00 1.19911e-02 | 1.25331e-02 1.07867e-01 1.39114e-01 |
     90 | 1.07919e+00 1.19911e-02 | 1.25331e-02 1.07867e-01 1.39114e-01 |
     91 | 1.09118e+00 1.19911e-02 | 1.25331e-02 1.07867e-01 1.39114e-01 |
     92 | 1.10317e+00 1.19912e-02 | 1.25331e-02 1.07867e-01 1.39114e-01 |
     93 | 1.11516e+00 1.19912e-02 | 1.25331e-02 1.07867e-01 1.39114e-01 |
     94 | 1.12715e+00 1.19911e-02 | 1.25331e-02 1.07867e-01 1.39114e-01 |
     95 | 1.13914e+00 1.19911e-02 | 1.25331e-02 1.07867e-01 1.39114e-01 |
     96 | 1.15113e+00 1.19911e-02 | 1.25331e-02 1.07867e-01 1.39114e-01 |
     97 | 1.16313e+00 1.19911e-02 | 1.25331e-02 1.07867e-01 1.39114e-01 |
     98 | 1.17512e+00 1.19911e-02 | 1.25331e-02 1.07867e-01 1.39114e-01 |
     99 | 1.18711e+00 1.19910e-02 | 1.25331e-02 1.07867e-01 1.39114e-01 |
    100 | 1.19910e+00 1.19910e-02 | 1.25331e-02 1.07867e-01 1.39114e-01 |
    101 | 1.21109e+00 1.19910e-02 | 1.25331e-02 1.07867e-01 1.39114e-01 |
    102 | 1.22308e+00 1.19910e-02 | 1.25331e-02 1.07867e-01 1.39114e-01 |
    103 | 1.23507e+00 1.19910e-02 | 1.25331e-02 1.07867e-01 1.39114e-01 |
    104 | 1.24706e+00 1.19910e-02 | 1.25331e-02 1.07867e-01 1.39114e-01 |
    105 | 1.25905e+00 1.19910e-02 | 1.25331e-02 1.07867e-01 1.39114e-01 |
    106 | 1.27104e+00 1.19910e-02 | 1.25331e-02 1.07867e-01 1.39114e-01 |
    107 | 1.28304e+00 1.19910e-02 | 1.25331e-02 1.07867e-01 1.39114e-01 |
    108 | 1.29503e+00 1.19910e-02 | 1.25331e-02 1.07867e-01 1.39114e-01 |
    109 | 1.30702e+00 1.19910e-02 | 1.25331e-02 1.07867e-01 1.39114e-01 |
    110 | 1.31901e+00 1.19910e-02 | 1.25331e-02 1.07867e-01 1.39114e-01 |
    111 | 1.33100e+00 1.19910e-02 | 1.25331e-02 1.07867e-01 1.39114e-01 |
    112 | 1.34299e+00 1.19910e-02 | 1.25331e-02 1.07867e-01 1.39114e-01 |
    113 | 1.35498e+00 1.19910e-02 | 1.25331e-02 1.07867e-01 1.39114e-01 |
    114 | 1.36697e+00 1.19910e-02 | 1.25331e-02 1.07867e-01 1.39114e-01 |
    115 | 1.37896e+00 1.19910e-02 | 1.25331e-02 1.07867e-01 1.39114e-01 |
    116 | 1.39095e+00 1.19910e-02 | 1.25331e-02 1.07867e-01 1.39114e-01 |
    117 | 1.40295e+00 1.19910e-02 | 1.25331e-02 1.07867e-01 1.39114e-01 |
    118 | 1.41494e+00 1.19910e-02 | 1.25331e-02 1.07867e-01 1.39114e-01 |
    119 | 1.42693e+00 1.19910e-02 | 1.25331e-02 1.07867e-01 1.39114e-01 |
    120 | 1.43892e+00 1.19910e-02 | 1.25331e-02 1.07867e-01 1.39114e-01 |
    121 | 1.45091e+00 1.19910e-02 | 1.25331e-02 1.07867e-01 1.39114e-01 |
    122 | 1.46290e+00 1.19910e-02 | 1.25331e-02 1.07867e-01 1.39114e-01 |
    123 | 1.47489e+00 1.19911e-02 | 1.25331e-02 1.07867e-01 1.39114e-01 |
    124 | 1.48688e+00 1.19911e-02 | 1.25331e-02 1.07867e-01 1.39114e-01 |
    125 | 1.49887e+00 1.19911e-02 | 1.25331e-02 1.07867e-01 1.39114e-01 |
    126 | 1.51086e+00 1.19911e-02 | 1.25331e-02 1.07867e-01 1.39114e-01 |
    127 | 1.52286e+00 1.19911e-02 | 1.25331e-02 1.07867e-01 1.39114e-01 |
    128 | 1.53485e+00 1.19912e-02 | 1.25331e-02 1.07867e-01 1.39114e-01 |
    129 | 1.54684e+00 1.19912e-02 | 1.25331e-02 1.07867e-01 1.39114e-01 |
    130 | 1.55883e+00 1.19912e-02 | 1.25331e-02 1.07867e-01 1.39114e-01 |
    131 | 1.57082e+00 1.19912e-02 | 1.25331e-02 1.07867e-01 1.39114e-01 |
    132 | 1.58281e+00 1.19911e-02 | 1.25331e-02 1.07867e-01 1.39114e-01 |
    133 | 1.59480e+00 1.19911e-02 | 1.25331e-02 1.07867e-01 1.39114e-01 |
    134 | 1.60679e+00 1.19911e-02 | 1.25331e-02 1.07867e-01 1.39114e-01 |
    135 | 1.61879e+00 1.19911e-02 | 1.25331e-02 1.07867e-01 1.39114e-01 |
    136 | 1.63078e+00 1.19910e-02 | 1.25331e-02 1.07867e-01 1.39114e-01 |
    137 | 1.64277e+00 1.19910e-02 | 1.25331e-02 1.07867e-01 1.39114e-01 |
    138 | 1.65476e+00 1.19910e-02 | 1.25331e-02 1.07867e-01 1.39114e-01 |
    139 | 1.66675e+00 1.19910e-02 | 1.25331e-02 1.07867e-01 1.39114e-01 |
    140 | 1.67874e+00 1.19910e-02 | 1.25331e-02 1.07867e-01 1.39114e-01 |
    141 | 1.69073e+00 1.19909e-02 | 1.25331e-02 1.07867e-01 1.39114e-01 |
    142 | 1.70272e+00 1.19909e-02 | 1.25331e-02 1.07867e-01 1.39114e-01 |
    143 | 1.71471e+00 1.19909e-02 | 1.25331e-02 1.07867e-01 1.39114e-01 |
    144 | 1.72670e+00 1.19909e-02 | 1.25331e-02 1.07867e-01 1.39114e-01 |
    145 | 1.73869e+00 1.19909e-02 | 1.25331e-02 1.07867e-01 1.39114e-01 |
    146 | 1.75069e+00 1.19909e-02 | 1.25331e-02 1.07867e-01 1.39114e-01 |
    147 | 1.76268e+00 1.19909e-02 | 1.25331e-02 1.07867e-01 1.39114e-01 |
    148 | 1.77467e+00 1.19909e-02 | 1.25331e-02 1.07867e-01 1.39114e-01 |
    149 | 1.78666e+00 1.19909e-02 | 1.25331e-02 1.07867e-01 1.39114e-01 |
    150 | 1.79865e+00 1.19908e-02 | 1.25331e-02 1.07867e-01 1.39114e-01 |
    151 | 1.81064e+00 1.19908e-02 | 1.25331e-02 1.07867e-01 1.39114e-01 |
    152 | 1.82263e+00 1.19908e-02 | 1.25331e-02 1.07867e-01 1.39114e-01 |
    153 | 1.83462e+00 1.19908e-02 | 1.25331e-02 1.07867e-01 1.39114e-01 |
    154 | 1.84661e+00 1.19908e-02 | 1.25331e-02 1.07867e-01 1.39114e-01 |
    155 | 1.85860e+00 1.19908e-02 | 1.25331e-02 1.07867e-01 1.39114e-01 |
    156 | 1.87059e+00 1.19908e-02 | 1.25331e-02 1.07867e-01 1.39114e-01 |
    157 | 1.88258e+00 1.19908e-02 | 1.25331e-02 1.07867e-01 1.39114e-01 |
    158 | 1.89458e+00 1.19908e-02 | 1.25331e-02 1.07867e-01 1.39114e-01 |
    159 | 1.90657e+00 1.19909e-02 | 1.25331e-02 1.07867e-01 1.39114e-01 |
    160 | 1.91856e+00 1.19909e-02 | 1.25331e-02 1.07867e-01 1.39114e-01 |
    161 | 1.93055e+00 1.19909e-02 | 1.25331e-02 1.07867e-01 1.39114e-01 |
    162 | 1.94254e+00 1.19909e-02 | 1.25331e-02 1.07867e-01 1.39114e-01 |
    163 | 1.95453e+00 1.19909e-02 | 1.25331e-02 1.07867e-01 1.39114e-01 |
    164 | 1.96652e+00 1.19909e-02 | 1.25331e-02 1.07867e-01 1.39114e-01 |
    165 | 1.97851e+00 1.19909e-02 | 1.25331e-02 1.07867e-01 1.39114e-01 |
    166 | 1.99050e+00 1.19909e-02 | 1.25331e-02 1.07867e-01 1.39114e-01 |
    167 | 2.00249e+00 1.19910e-02 | 1.25331e-02 1.07867e-01 1.39114e-01 |
    168 | 2.01448e+00 1.19910e-02 | 1.25331e-02 1.07867e-01 1.39114e-01 |
    169 | 2.02648e+00 1.19910e-02 | 1.25331e-02 1.07867e-01 1.39114e-01 |
    170 | 2.03847e+00 1.19910e-02 | 1.25331e-02 1.07867e-01 1.39114e-01 |
    171 | 2.05046e+00 1.19910e-02 | 1.25331e-02 1.07867e-01 1.39114e-01 |
    172 | 2.06245e+00 1.19911e-02 | 1.25331e-02 1.07867e-01 1.39114e-01 |
    173 | 2.07444e+00 1.19911e-02 | 1.25331e-02 1.07867e-01 1.39114e-01 |
    174 | 2.08643e+00 1.19910e-02 | 1.25331e-02 1.07867e-01 1.39114e-01 |
    175 | 2.09842e+00 1.19910e-02 | 1.25331e-02 1.07867e-01 1.39114e-01 |
    176 | 2.11041e+00 1.19910e-02 | 1.25331e-02 1.07867e-01 1.39114e-01 |
    177 | 2.12240e+00 1.19910e-02 | 1.25331e-02 1.07867e-01 1.39114e-01 |
    178 | 2.13439e+00 1.19910e-02 | 1.25331e-02 1.07867e-01 1.39114e-01 |
    179 | 2.14639e+00 1.19909e-02 | 1.25331e-02 1.07867e-01 1.39114e-01 |
    180 | 2.15838e+00 1.19909e-02 | 1.25331e-02 1.07867e-01 1.39114e-01 |
    181 | 2.17037e+00 1.19909e-02 | 1.25331e-02 1.07867e-01 1.39114e-01 |
    182 | 2.18236e+00 1.19909e-02 | 1.25331e-02 1.07867e-01 1.39114e-01 |
    183 | 2.19435e+00 1.19909e-02 | 1.25331e-02 1.07867e-01 1.39114e-01 |
    184 | 2.20634e+00 1.19909e-02 | 1.25331e-02 1.07867e-01 1.39114e-01 |
    185 | 2.21833e+00 1.19909e-02 | 1.25331e-02 1.07867e-01 1.39114e-01 |
    186 | 2.23032e+00 1.19909e-02 | 1.25331e-02 1.07867e-01 1.39114e-01 |
    187 | 2.24231e+00 1.19909e-02 | 1.25331e-02 1.07867e-01 1.39114e-01 |
    188 | 2.25430e+00 1.19908e-02 | 1.25331e-02 1.07867e-01 1.39114e-01 |
    189 | 2.26629e+00 1.19908e-02 | 1.25331e-02 1.07867e-01 1.39114e-01 |
    190 | 2.27829e+00 1.19908e-02 | 1.25331e-02 1.07867e-01 1.39114e-01 |
    191 | 2.29028e+00 1.19908e-02 | 1.25331e-02 1.07867e-01 1.39114e-01 |
    192 | 2.30227e+00 1.19908e-02 | 1.25331e-02 1.07867e-01 1.39114e-01 |
    193 | 2.31426e+00 1.19908e-02 | 1.25331e-02 1.07867e-01 1.39114e-01 |
    194 | 2.32625e+00 1.19908e-02 | 1.25331e-02 1.07867e-01 1.39114e-01 |
    195 | 2.33824e+00 1.19909e-02 | 1.25331e-02 1.07867e-01 1.39114e-01 |
    196 | 2.35023e+00 1.19909e-02 | 1.25331e-02 1.07867e-01 1.39114e-01 |
    197 | 2.36222e+00 1.19909e-02 | 1.25331e-02 1.07867e-01 1.39114e-01 |
    198 | 2.37421e+00 1.19909e-02 | 1.25331e-02 1.07867e-01 1.39114e-01 |
    199 | 2.38620e+00 1.19909e-02 | 1.25331e-02 1.07867e-01 1.39114e-01 |
    200 | 2.39819e+00 1.19909e-02 | 1.25331e-02 1.07867e-01 1.39114e-01 |
    201 | 2.41018e+00 1.19909e-02 | 1.25331e-02 1.07867e-01 1.39114e-01 |
    202 | 2.42218e+00 1.19909e-02 | 1.25331e-02 1.07867e-01 1.39114e-01 |
    203 | 2.43417e+00 1.19909e-02 | 1.25331e-02 1.07867e-01 1.39114e-01 |
    204 | 2.44616e+00 1.19910e-02 | 1.25331e-02 1.07867e-01 1.39114e-01 |
    205 | 2.45815e+00 1.19910e-02 | 1.25331e-02 1.07867e-01 1.39114e-01 |
    206 | 2.47014e+00 1.19910e-02 | 1.25331e-02 1.07867e-01 1.39114e-01 |
    207 | 2.48213e+00 1.19910e-02 | 1.25331e-02 1.07867e-01 1.39114e-01 |
    208 | 2.49412e+00 1.19910e-02 | 1.25331e-02 1.07867e-01 1.39114e-01 |
    209 | 2.50611e+00 1.19911e-02 | 1.25331e-02 1.07867e-01 1.39114e-01 |
    210 | 2.51810e+00 1.19911e-02 | 1.25331e-02 1.07867e-01 1.39114e-01 |
    211 | 2.53009e+00 1.19910e-02 | 1.25331e-02 1.07867e-01 1.39114e-01 |
    212 | 2.54209e+00 1.19910e-02 | 1.25331e-02 1.07867e-01 1.39114e-01 |
    213 | 2.55408e+00 1.19910e-02 | 1.25331e-02 1.07867e-01 1.39114e-01 |
    214 | 2.56607e+00 1.19910e-02 | 1.25331e-02 1.07867e-01 1.39114e-01 |
    215 | 2.57806e+00 1.19910e-02 | 1.25331e-02 1.07867e-01 1.39114e-01 |
    216 | 2.59005e+00 1.19910e-02 | 1.25331e-02 1.07867e-01 1.39114e-01 |
    217 | 2.60204e+00 1.19909e-02 | 1.25331e-02 1.07867e-01 1.39114e-01 |
    218 | 2.61403e+00 1.19909e-02 | 1.25331e-02 1.07867e-01 1.39114e-01 |
    219 | 2.62602e+00 1.19909e-02 | 1.25331e-02 1.07867e-01 1.39114e-01 |
    220 | 2.63801e+00 1.19909e-02 | 1.25331e-02 1.07867e-01 1.39114e-01 |
    221 | 2.65000e+00 1.19909e-02 | 1.25331e-02 1.07867e-01 1.39114e-01 |
    222 | 2.66200e+00 1.19909e-02 | 1.25331e-02 1.07867e-01 1.39114e-01 |
    223 | 2.67399e+00 1.19909e-02 | 1.25331e-02 1.07867e-01 1.39114e-01 |
    224 | 2.68598e+00 1.19909e-02 | 1.25331e-02 1.07867e-01 1.39114e-01 |
    225 | 2.69797e+00 1.19909e-02 | 1.25331e-02 1.07867e-01 1.39114e-01 |
    226 | 2.70996e+00 1.19909e-02 | 1.25331e-02 1.07867e-01 1.39114e-01 |
    227 | 2.72195e+00 1.19908e-02 | 1.25331e-02 1.07867e-01 1.39114e-01 |
    228 | 2.73394e+00 1.19908e-02 | 1.25331e-02 1.07867e-01 1.39114e-01 |
    229 | 2.74593e+00 1.19908e-02 | 1.25331e-02 1.07867e-01 1.39114e-01 |
    230 | 2.75792e+00 1.19908e-02 | 1.25331e-02 1.07867e-01 1.39114e-01 |
    231 | 2.76991e+00 1.19909e-02 | 1.25331e-02 1.07867e-01 1.39114e-01 |
    232 | 2.78190e+00 1.19909e-02 | 1.25331e-02 1.07867e-01 1.39114e-01 |
    233 | 2.79389e+00 1.19909e-02 | 1.25331e-02 1.07867e-01 1.39114e-01 |
    234 | 2.80589e+00 1.19909e-02 | 1.25331e-02 1.07867e-01 1.39114e-01 |
    235 | 2.81788e+00 1.19909e-02 | 1.25331e-02 1.07867e-01 1.39114e-01 |
    236 | 2.82987e+00 1.19909e-02 | 1.25331e-02 1.07867e-01 1.39114e-01 |
    237 | 2.84186e+00 1.19909e-02 | 1.25331e-02 1.07867e-01 1.39114e-01 |
    238 | 2.85385e+00 1.19909e-02 | 1.25331e-02 1.07867e-01 1.39114e-01 |
    239 | 2.86584e+00 1.19909e-02 | 1.25331e-02 1.07867e-01 1.39114e-01 |
    240 | 2.87783e+00 1.19909e-02 | 1.25331e-02 1.07867e-01 1.39114e-01 |
    241 | 2.88982e+00 1.19910e-02 | 1.25331e-02 1.07867e-01 1.39114e-01 |
    242 | 2.90181e+00 1.19910e-02 | 1.25331e-02 1.07867e-01 1.39114e-01 |
    243 | 2.91380e+00 1.19910e-02 | 1.25331e-02 1.07867e-01 1.39114e-01 |
    244 | 2.92579e+00 1.19910e-02 | 1.25331e-02 1.07867e-01 1.39114e-01 |
    245 | 2.93779e+00 1.19910e-02 | 1.25331e-02 1.07867e-01 1.39114e-01 |
    246 | 2.94978e+00 1.19911e-02 | 1.25331e-02 1.07867e-01 1.39114e-01 |
    247 | 2.96177e+00 1.19911e-02 | 1.25331e-02 1.07867e-01 1.39114e-01 |
    248 | 2.97376e+00 1.19911e-02 | 1.25331e-02 1.07867e-01 1.39114e-01 |
    249 | 2.98575e+00 1.19911e-02 | 1.25331e-02 1.07867e-01 1.39114e-01 |
    250 | 2.99774e+00 1.19912e-02 | 1.25331e-02 1.07867e-01 1.39114e-01 |
    251 | 3.00973e+00 1.19912e-02 | 1.25331e-02 1.07867e-01 1.39114e-01 |
    252 | 3.02172e+00 1.19912e-02 | 1.25331e-02 1.07867e-01 1.39114e-01 |
    253 | 3.03371e+00 1.19911e-02 | 1.25331e-02 1.07867e-01 1.39114e-01 |
    254 | 3.04571e+00 1.19911e-02 | 1.25331e-02 1.07867e-01 1.39114e-01 |
    255 | 3.05770e+00 1.19911e-02 | 1.25331e-02 1.07867e-01 1.39114e-01 |
    256 | 3.06969e+00 1.19911e-02 | 1.25331e-02 1.07867e-01 1.39114e-01 |
    257 | 3.08168e+00 1.19910e-02 | 1.25331e-02 1.07867e-01 1.39114e-01 |
    258 | 3.09367e+00 1.19910e-02 | 1.25331e-02 1.07867e-01 1.39114e-01 |
    259 | 3.10566e+00 1.19910e-02 | 1.25331e-02 1.07867e-01 1.39114e-01 |
    260 | 3.11765e+00 1.19910e-02 | 1.25331e-02 1.07867e-01 1.39114e-01 |
    261 | 3.12964e+00 1.19910e-02 | 1.25331e-02 1.07867e-01 1.39114e-01 |
    262 | 3.14163e+00 1.19910e-02 | 1.25331e-02 1.07867e-01 1.39114e-01 |
    263 | 3.15363e+00 1.19910e-02 | 1.25331e-02 1.07867e-01 1.39114e-01 |
    264 | 3.16562e+00 1.19909e-02 | 1.25331e-02 1.07867e-01 1.39114e-01 |
    265 | 3.17761e+00 1.19909e-02 | 1.25331e-02 1.07867e-01 1.39114e-01 |
    266 | 3.18960e+00 1.19909e-02 | 1.25331e-02 1.07867e-01 1.39114e-01 |
    267 | 3.20159e+00 1.19909e-02 | 1.25331e-02 1.07867e-01 1.39114e-01 |
    268 | 3.21358e+00 1.19909e-02 | 1.25331e-02 1.07867e-01 1.39114e-01 |
    269 | 3.22557e+00 1.19909e-02 | 1.25331e-02 1.07867e-01 1.39114e-01 |
    270 | 3.23756e+00 1.19909e-02 | 1.25331e-02 1.07867e-01 1.39114e-01 |
    271 | 3.24955e+00 1.19909e-02 | 1.25331e-02 1.07867e-01 1.39114e-01 |
    272 | 3.26154e+00 1.19909e-02 | 1.25331e-02 1.07867e-01 1.39114e-01 |
    273 | 3.27353e+00 1.19909e-02 | 1.25331e-02 1.07867e-01 1.39114e-01 |
    274 | 3.28553e+00 1.19909e-02 | 1.25331e-02 1.07867e-01 1.39114e-01 |
    275 | 3.29752e+00 1.19909e-02 | 1.25331e-02 1.07867e-01 1.39114e-01 |
    276 | 3.30951e+00 1.19909e-02 | 1.25331e-02 1.07867e-01 1.39114e-01 |
    277 | 3.32150e+00 1.19909e-02 | 1.25331e-02 1.07867e-01 1.39114e-01 |
    278 | 3.33349e+00 1.19909e-02 | 1.25331e-02 1.07867e-01 1.39114e-01 |
    279 | 3.34548e+00 1.19909e-02 | 1.25331e-02 1.07867e-01 1.39114e-01 |
    280 | 3.35747e+00 1.19909e-02 | 1.25331e-02 1.07867e-01 1.39114e-01 |
    281 | 3.36946e+00 1.19910e-02 | 1.25331e-02 1.07867e-01 1.39114e-01 |
    282 | 3.38145e+00 1.19910e-02 | 1.25331e-02 1.07867e-01 1.39114e-01 |
    283 | 3.39344e+00 1.19910e-02 | 1.25331e-02 1.07867e-01 1.39114e-01 |
    284 | 3.40543e+00 1.19910e-02 | 1.25331e-02 1.07867e-01 1.39114e-01 |
    285 | 3.41743e+00 1.19910e-02 | 1.25331e-02 1.07867e-01 1.39114e-01 |
    286 | 3.42942e+00 1.19910e-02 | 1.25331e-02 1.07867e-01 1.39114e-01 |
    287 | 3.44141e+00 1.19910e-02 | 1.25331e-02 1.07867e-01 1.39114e-01 |
    288 | 3.45340e+00 1.19911e-02 | 1.25331e-02 1.07867e-01 1.39114e-01 |
    289 | 3.46539e+00 1.19911e-02 | 1.25331e-02 1.07867e-01 1.39114e-01 |
    290 | 3.47738e+00 1.19911e-02 | 1.25331e-02 1.07867e-01 1.39114e-01 |
    291 | 3.48937e+00 1.19911e-02 | 1.25331e-02 1.07867e-01 1.39114e-01 |
    292 | 3.50136e+00 1.19911e-02 | 1.25331e-02 1.07867e-01 1.39114e-01 |
    293 | 3.51335e+00 1.19911e-02 | 1.25331e-02 1.07867e-01 1.39114e-01 |
    294 | 3.52535e+00 1.19910e-02 | 1.25331e-02 1.07867e-01 1.39114e-01 |
    295 | 3.53734e+00 1.19910e-02 | 1.25331e-02 1.07867e-01 1.39114e-01 |
    296 | 3.54933e+00 1.19910e-02 | 1.25331e-02 1.07867e-01 1.39114e-01 |
    297 | 3.56132e+00 1.19910e-02 | 1.25331e-02 1.07867e-01 1.39114e-01 |
    298 | 3.57331e+00 1.19910e-02 | 1.25331e-02 1.07867e-01 1.39114e-01 |
    299 | 3.58530e+00 1.19910e-02 | 1.25331e-02 1.07867e-01 1.39114e-01 |
    300 | 3.59729e+00 1.19909e-02 | 1.25331e-02 1.07867e-01 1.39114e-01 |
    301 | 3.60928e+00 1.19909e-02 | 1.25331e-02 1.07867e-01 1.39114e-01 |
    302 | 3.62127e+00 1.19909e-02 | 1.25331e-02 1.07867e-01 1.39114e-01 |
    303 | 3.63326e+00 1.19909e-02 | 1.25331e-02 1.07867e-01 1.39114e-01 |
    304 | 3.64525e+00 1.19909e-02 | 1.25331e-02 1.07867e-01 1.39114e-01 |
    305 | 3.65725e+00 1.19909e-02 | 1.25331e-02 1.07867e-01 1.39114e-01 |
    306 | 3.66924e+00 1.19909e-02 | 1.25331e-02 1.07867e-01 1.39114e-01 |
    307 | 3.68123e+00 1.19909e-02 | 1.25331e-02 1.07867e-01 1.39114e-01 |
    308 | 3.69322e+00 1.19909e-02 | 1.25331e-02 1.07867e-01 1.39115e-01 |
    309 | 3.70521e+00 1.19909e-02 | 1.25331e-02 1.07867e-01 1.39115e-01 |
    310 | 3.71720e+00 1.19909e-02 | 1.25331e-02 1.07867e-01 1.39115e-01 |
    311 | 3.72919e+00 1.19909e-02 | 1.25331e-02 1.07867e-01 1.39115e-01 |
    312 | 3.74118e+00 1.19909e-02 | 1.25331e-02 1.07867e-01 1.39115e-01 |
    313 | 3.75317e+00 1.19909e-02 | 1.25331e-02 1.07867e-01 1.39115e-01 |
    314 | 3.76516e+00 1.19909e-02 | 1.25331e-02 1.07867e-01 1.39115e-01 |
    315 | 3.77715e+00 1.19909e-02 | 1.25331e-02 1.07867e-01 1.39115e-01 |
    316 | 3.78915e+00 1.19909e-02 | 1.25331e-02 1.07867e-01 1.39115e-01 |
    317 | 3.80114e+00 1.19909e-02 | 1.25331e-02 1.07867e-01 1.39115e-01 |
    318 | 3.81313e+00 1.19909e-02 | 1.25331e-02 1.07867e-01 1.39115e-01 |
    319 | 3.82512e+00 1.19909e-02 | 1.25331e-02 1.07867e-01 1.39115e-01 |
    320 | 3.83711e+00 1.19910e-02 | 1.25331e-02 1.07867e-01 1.39115e-01 |
    321 | 3.84910e+00 1.19910e-02 | 1.25331e-02 1.07867e-01 1.39115e-01 |
    322 | 3.86109e+00 1.19910e-02 | 1.25331e-02 1.07867e-01 1.39115e-01 |
    323 | 3.87308e+00 1.19910e-02 | 1.25331e-02 1.07867e-01 1.39115e-01 |
    324 | 3.88507e+00 1.19910e-02 | 1.25331e-02 1.07867e-01 1.39115e-01 |
    325 | 3.89706e+00 1.19910e-02 | 1.25331e-02 1.07867e-01 1.39115e-01 |
    326 | 3.90906e+00 1.19911e-02 | 1.25331e-02 1.07867e-01 1.39115e-01 |
    327 | 3.92105e+00 1.19911e-02 | 1.25331e-02 1.07867e-01 1.39115e-01 |
    328 | 3.93304e+00 1.19911e-02 | 1.25331e-02 1.07867e-01 1.39115e-01 |
    329 | 3.94503e+00 1.19911e-02 | 1.25331e-02 1.07867e-01 1.39115e-01 |
    330 | 3.95702e+00 1.19910e-02 | 1.25331e-02 1.07867e-01 1.39115e-01 |
    331 | 3.96901e+00 1.19910e-02 | 1.25331e-02 1.07867e-01 1.39115e-01 |
    332 | 3.98100e+00 1.19910e-02 | 1.25331e-02 1.07867e-01 1.39115e-01 |
    333 | 3.99299e+00 1.19910e-02 | 1.25331e-02 1.07867e-01 1.39115e-01 |
    334 | 4.00498e+00 1.19910e-02 | 1.25331e-02 1.07867e-01 1.39115e-01 |
    335 | 4.01697e+00 1.19910e-02 | 1.25331e-02 1.07867e-01 1.39115e-01 |
    336 | 4.02897e+00 1.19909e-02 | 1.25331e-02 1.07867e-01 1.39115e-01 |
    337 | 4.04096e+00 1.19909e-02 | 1.25331e-02 1.07867e-01 1.39115e-01 |
    338 | 4.05295e+00 1.19909e-02 | 1.25331e-02 1.07867e-01 1.39115e-01 |
    339 | 4.06494e+00 1.19909e-02 | 1.25331e-02 1.07867e-01 1.39115e-01 |
    340 | 4.07693e+00 1.19909e-02 | 1.25331e-02 1.07867e-01 1.39115e-01 |
    341 | 4.08892e+00 1.19909e-02 | 1.25331e-02 1.07867e-01 1.39115e-01 |
    342 | 4.10091e+00 1.19909e-02 | 1.25331e-02 1.07867e-01 1.39115e-01 |
    343 | 4.11290e+00 1.19909e-02 | 1.25331e-02 1.07867e-01 1.39115e-01 |
    344 | 4.12489e+00 1.19909e-02 | 1.25331e-02 1.07867e-01 1.39115e-01 |
    345 | 4.13688e+00 1.19909e-02 | 1.25331e-02 1.07867e-01 1.39115e-01 |
    346 | 4.14887e+00 1.19909e-02 | 1.25331e-02 1.07867e-01 1.39115e-01 |
    347 | 4.16087e+00 1.19909e-02 | 1.25331e-02 1.07867e-01 1.39115e-01 |
    348 | 4.17286e+00 1.19909e-02 | 1.25331e-02 1.07867e-01 1.39115e-01 |
    349 | 4.18485e+00 1.19909e-02 | 1.25331e-02 1.07867e-01 1.39115e-01 |
    350 | 4.19684e+00 1.19909e-02 | 1.25331e-02 1.07867e-01 1.39115e-01 |
    351 | 4.20883e+00 1.19909e-02 | 1.25331e-02 1.07867e-01 1.39115e-01 |
    352 | 4.22082e+00 1.19909e-02 | 1.25331e-02 1.07867e-01 1.39115e-01 |
    353 | 4.23281e+00 1.19909e-02 | 1.25331e-02 1.07867e-01 1.39115e-01 |
    354 | 4.24480e+00 1.19909e-02 | 1.25331e-02 1.07867e-01 1.39115e-01 |
    355 | 4.25679e+00 1.19909e-02 | 1.25331e-02 1.07867e-01 1.39115e-01 |
    356 | 4.26878e+00 1.19909e-02 | 1.25331e-02 1.07867e-01 1.39115e-01 |
    357 | 4.28077e+00 1.19909e-02 | 1.25331e-02 1.07867e-01 1.39115e-01 |
    358 | 4.29276e+00 1.19909e-02 | 1.25331e-02 1.07867e-01 1.39115e-01 |
    359 | 4.30476e+00 1.19910e-02 | 1.25331e-02 1.07867e-01 1.39115e-01 |
    360 | 4.31675e+00 1.19910e-02 | 1.25331e-02 1.07867e-01 1.39115e-01 |
    361 | 4.32874e+00 1.19910e-02 | 1.25331e-02 1.07867e-01 1.39115e-01 |
    362 | 4.34073e+00 1.19910e-02 | 1.25331e-02 1.07867e-01 1.39115e-01 |
    363 | 4.35272e+00 1.19910e-02 | 1.25331e-02 1.07867e-01 1.39115e-01 |
    364 | 4.36471e+00 1.19911e-02 | 1.25331e-02 1.07867e-01 1.39115e-01 |
    365 | 4.37670e+00 1.19911e-02 | 1.25331e-02 1.07867e-01 1.39115e-01 |
    366 | 4.38869e+00 1.19911e-02 | 1.25331e-02 1.07867e-01 1.39115e-01 |
    367 | 4.40068e+00 1.19911e-02 | 1.25331e-02 1.07867e-01 1.39115e-01 |
    368 | 4.41268e+00 1.19911e-02 | 1.25331e-02 1.07867e-01 1.39115e-01 |
    369 | 4.42467e+00 1.19911e-02 | 1.25331e-02 1.07867e-01 1.39115e-01 |
    370 | 4.43666e+00 1.19911e-02 | 1.25331e-02 1.07867e-01 1.39115e-01 |
    371 | 4.44865e+00 1.19911e-02 | 1.25331e-02 1.07867e-01 1.39115e-01 |
    372 | 4.46064e+00 1.19911e-02 | 1.25331e-02 1.07867e-01 1.39115e-01 |
    373 | 4.47263e+00 1.19911e-02 | 1.25331e-02 1.07867e-01 1.39115e-01 |
    374 | 4.48462e+00 1.19911e-02 | 1.25331e-02 1.07867e-01 1.39115e-01 |
    375 | 4.49661e+00 1.19911e-02 | 1.25331e-02 1.07867e-01 1.39115e-01 |
    376 | 4.50860e+00 1.19911e-02 | 1.25331e-02 1.07867e-01 1.39115e-01 |
    377 | 4.52059e+00 1.19911e-02 | 1.25331e-02 1.07867e-01 1.39115e-01 |
    378 | 4.53259e+00 1.19911e-02 | 1.25331e-02 1.07867e-01 1.39115e-01 |
    379 | 4.54458e+00 1.19911e-02 | 1.25331e-02 1.07867e-01 1.39115e-01 |
    380 | 4.55657e+00 1.19911e-02 | 1.25331e-02 1.07867e-01 1.39115e-01 |
    381 | 4.56856e+00 1.19911e-02 | 1.25331e-02 1.07867e-01 1.39115e-01 |
    382 | 4.58055e+00 1.19911e-02 | 1.25331e-02 1.07867e-01 1.39115e-01 |
    383 | 4.59254e+00 1.19911e-02 | 1.25331e-02 1.07867e-01 1.39115e-01 |
    384 | 4.60453e+00 1.19911e-02 | 1.25331e-02 1.07867e-01 1.39115e-01 |
    385 | 4.61652e+00 1.19911e-02 | 1.25331e-02 1.07867e-01 1.39115e-01 |
    386 | 4.62851e+00 1.19911e-02 | 1.25331e-02 1.07867e-01 1.39115e-01 |
    387 | 4.64051e+00 1.19911e-02 | 1.25331e-02 1.07867e-01 1.39115e-01 |
    388 | 4.65250e+00 1.19911e-02 | 1.25331e-02 1.07867e-01 1.39115e-01 |
    389 | 4.66449e+00 1.19911e-02 | 1.25331e-02 1.07867e-01 1.39115e-01 |
    390 | 4.67648e+00 1.19911e-02 | 1.25331e-02 1.07867e-01 1.39115e-01 |
    391 | 4.68847e+00 1.19911e-02 | 1.25331e-02 1.07867e-01 1.39115e-01 |
    392 | 4.70046e+00 1.19911e-02 | 1.25331e-02 1.07867e-01 1.39115e-01 |
    393 | 4.71245e+00 1.19911e-02 | 1.25331e-02 1.07867e-01 1.39115e-01 |
    394 | 4.72444e+00 1.19911e-02 | 1.25331e-02 1.07867e-01 1.39115e-01 |
    395 | 4.73643e+00 1.19911e-02 | 1.25331e-02 1.07867e-01 1.39115e-01 |
    396 | 4.74843e+00 1.19911e-02 | 1.25331e-02 1.07867e-01 1.39115e-01 |
    397 | 4.76042e+00 1.19911e-02 | 1.25331e-02 1.07867e-01 1.39115e-01 |
    398 | 4.77241e+00 1.19911e-02 | 1.25331e-02 1.07867e-01 1.39115e-01 |
    399 | 4.78440e+00 1.19911e-02 | 1.25331e-02 1.07867e-01 1.39115e-01 |
    400 | 4.79639e+00 1.19911e-02 | 1.25331e-02 1.07867e-01 1.39115e-01 |
    401 | 4.80838e+00 1.19912e-02 | 1.25331e-02 1.07867e-01 1.39115e-01 |
    402 | 4.82037e+00 1.19912e-02 | 1.25331e-02 1.07867e-01 1.39115e-01 |
    403 | 4.83236e+00 1.19912e-02 | 1.25331e-02 1.07867e-01 1.39115e-01 |
    404 | 4.84435e+00 1.19912e-02 | 1.25331e-02 1.07867e-01 1.39115e-01 |
    405 | 4.85635e+00 1.19911e-02 | 1.25331e-02 1.07867e-01 1.39115e-01 |
    406 | 4.86834e+00 1.19911e-02 | 1.25331e-02 1.07867e-01 1.39115e-01 |
    407 | 4.88033e+00 1.19911e-02 | 1.25331e-02 1.07867e-01 1.39115e-01 |
    408 | 4.89232e+00 1.19911e-02 | 1.25331e-02 1.07867e-01 1.39115e-01 |
    409 | 4.90431e+00 1.19911e-02 | 1.25331e-02 1.07867e-01 1.39115e-01 |
    410 | 4.91630e+00 1.19911e-02 | 1.25331e-02 1.07867e-01 1.39115e-01 |
    411 | 4.92829e+00 1.19911e-02 | 1.25331e-02 1.07867e-01 1.39115e-01 |
    412 | 4.94028e+00 1.19911e-02 | 1.25331e-02 1.07867e-01 1.39115e-01 |
    413 | 4.95227e+00 1.19911e-02 | 1.25331e-02 1.07867e-01 1.39115e-01 |
    414 | 4.96427e+00 1.19911e-02 | 1.25331e-02 1.07867e-01 1.39115e-01 |
    415 | 4.97626e+00 1.19911e-02 | 1.25331e-02 1.07867e-01 1.39115e-01 |
    416 | 4.98825e+00 1.19911e-02 | 1.25331e-02 1.07867e-01 1.39115e-01 |
    417 | 5.00024e+00 1.19911e-02 | 1.25331e-02 1.07867e-01 1.39115e-01 |
    418 | 5.01223e+00 1.19911e-02 | 1.25331e-02 1.07867e-01 1.39115e-01 |
    419 | 5.02422e+00 1.19911e-02 | 1.25331e-02 1.07867e-01 1.39115e-01 |
    420 | 5.03621e+00 1.19911e-02 | 1.25331e-02 1.07867e-01 1.39115e-01 |
    421 | 5.04820e+00 1.19911e-02 | 1.25331e-02 1.07867e-01 1.39115e-01 |
    422 | 5.06019e+00 1.19911e-02 | 1.25331e-02 1.07867e-01 1.39115e-01 |
    423 | 5.07219e+00 1.19911e-02 | 1.25331e-02 1.07867e-01 1.39115e-01 |
    424 | 5.08418e+00 1.19910e-02 | 1.25331e-02 1.07867e-01 1.39115e-01 |
    425 | 5.09617e+00 1.19910e-02 | 1.25331e-02 1.07867e-01 1.39115e-01 |
    426 | 5.10816e+00 1.19910e-02 | 1.25331e-02 1.07867e-01 1.39115e-01 |
    427 | 5.12015e+00 1.19910e-02 | 1.25331e-02 1.07867e-01 1.39115e-01 |
    428 | 5.13214e+00 1.19910e-02 | 1.25331e-02 1.07867e-01 1.39115e-01 |
    429 | 5.14413e+00 1.19910e-02 | 1.25331e-02 1.07867e-01 1.39115e-01 |
    430 | 5.15612e+00 1.19910e-02 | 1.25331e-02 1.07867e-01 1.39115e-01 |
    431 | 5.16811e+00 1.19910e-02 | 1.25331e-02 1.07867e-01 1.39115e-01 |
    432 | 5.18011e+00 1.19911e-02 | 1.25331e-02 1.07867e-01 1.39115e-01 |
    433 | 5.19210e+00 1.19911e-02 | 1.25331e-02 1.07867e-01 1.39115e-01 |
    434 | 5.20409e+00 1.19911e-02 | 1.25331e-02 1.07867e-01 1.39115e-01 |
    435 | 5.21608e+00 1.19911e-02 | 1.25331e-02 1.07867e-01 1.39115e-01 |
    436 | 5.22807e+00 1.19911e-02 | 1.25331e-02 1.07867e-01 1.39115e-01 |
    437 | 5.24006e+00 1.19911e-02 | 1.25331e-02 1.07867e-01 1.39115e-01 |
    438 | 5.25205e+00 1.19911e-02 | 1.25331e-02 1.07867e-01 1.39115e-01 |
    439 | 5.26404e+00 1.19911e-02 | 1.25331e-02 1.07867e-01 1.39115e-01 |
    440 | 5.27603e+00 1.19910e-02 | 1.25331e-02 1.07867e-01 1.39115e-01 |
    441 | 5.28802e+00 1.19910e-02 | 1.25331e-02 1.07867e-01 1.39115e-01 |
    442 | 5.30002e+00 1.19910e-02 | 1.25331e-02 1.07867e-01 1.39115e-01 |
    443 | 5.31201e+00 1.19910e-02 | 1.25331e-02 1.07867e-01 1.39115e-01 |
    444 | 5.32400e+00 1.19910e-02 | 1.25331e-02 1.07867e-01 1.39115e-01 |
    445 | 5.33599e+00 1.19909e-02 | 1.25331e-02 1.07867e-01 1.39115e-01 |
    446 | 5.34798e+00 1.19909e-02 | 1.25331e-02 1.07867e-01 1.39115e-01 |
    447 | 5.35997e+00 1.19909e-02 | 1.25331e-02 1.07867e-01 1.39115e-01 |
    448 | 5.37196e+00 1.19909e-02 | 1.25331e-02 1.07867e-01 1.39115e-01 |
    449 | 5.38395e+00 1.19909e-02 | 1.25331e-02 1.07867e-01 1.39115e-01 |
    450 | 5.39594e+00 1.19909e-02 | 1.25331e-02 1.07867e-01 1.39115e-01 |
    451 | 5.40793e+00 1.19909e-02 | 1.25331e-02 1.07867e-01 1.39115e-01 |
    452 | 5.41992e+00 1.19909e-02 | 1.25331e-02 1.07867e-01 1.39115e-01 |
    453 | 5.43192e+00 1.19909e-02 | 1.25331e-02 1.07867e-01 1.39115e-01 |
    454 | 5.44391e+00 1.19909e-02 | 1.25331e-02 1.07867e-01 1.39115e-01 |
    455 | 5.45590e+00 1.19909e-02 | 1.25331e-02 1.07867e-01 1.39115e-01 |
    456 | 5.46789e+00 1.19909e-02 | 1.25331e-02 1.07867e-01 1.39115e-01 |
    457 | 5.47988e+00 1.19909e-02 | 1.25331e-02 1.07867e-01 1.39115e-01 |
    458 | 5.49187e+00 1.19909e-02 | 1.25331e-02 1.07867e-01 1.39115e-01 |
    459 | 5.50386e+00 1.19909e-02 | 1.25331e-02 1.07867e-01 1.39115e-01 |
    460 | 5.51585e+00 1.19909e-02 | 1.25331e-02 1.07867e-01 1.39115e-01 |
    461 | 5.52784e+00 1.19909e-02 | 1.25331e-02 1.07867e-01 1.39115e-01 |
    462 | 5.53983e+00 1.19909e-02 | 1.25331e-02 1.07867e-01 1.39115e-01 |
    463 | 5.55182e+00 1.19909e-02 | 1.25331e-02 1.07867e-01 1.39115e-01 |
    464 | 5.56382e+00 1.19909e-02 | 1.25331e-02 1.07867e-01 1.39115e-01 |
    465 | 5.57581e+00 1.19909e-02 | 1.25331e-02 1.07867e-01 1.39115e-01 |
    466 | 5.58780e+00 1.19909e-02 | 1.25331e-02 1.07867e-01 1.39115e-01 |
    467 | 5.59979e+00 1.19909e-02 | 1.25331e-02 1.07867e-01 1.39115e-01 |
    468 | 5.61178e+00 1.19910e-02 | 1.25331e-02 1.07867e-01 1.39115e-01 |
    469 | 5.62377e+00 1.19910e-02 | 1.25331e-02 1.07867e-01 1.39115e-01 |
    470 | 5.63576e+00 1.19910e-02 | 1.25331e-02 1.07867e-01 1.39115e-01 |
    471 | 5.64775e+00 1.19910e-02 | 1.25331e-02 1.07867e-01 1.39115e-01 |
    472 | 5.65974e+00 1.19910e-02 | 1.25331e-02 1.07867e-01 1.39115e-01 |
    473 | 5.67173e+00 1.19910e-02 | 1.25331e-02 1.07867e-01 1.39115e-01 |
    474 | 5.68373e+00 1.19910e-02 | 1.25331e-02 1.07867e-01 1.39115e-01 |
    475 | 5.69572e+00 1.19911e-02 | 1.25331e-02 1.07867e-01 1.39115e-01 |
    476 | 5.70771e+00 1.19911e-02 | 1.25331e-02 1.07867e-01 1.39115e-01 |
    477 | 5.71970e+00 1.19911e-02 | 1.25331e-02 1.07867e-01 1.39115e-01 |
    478 | 5.73169e+00 1.19911e-02 | 1.25331e-02 1.07867e-01 1.39115e-01 |
    479 | 5.74368e+00 1.19910e-02 | 1.25331e-02 1.07867e-01 1.39115e-01 |
    480 | 5.75567e+00 1.19910e-02 | 1.25331e-02 1.07867e-01 1.39115e-01 |
    481 | 5.76766e+00 1.19910e-02 | 1.25331e-02 1.07867e-01 1.39115e-01 |
    482 | 5.77965e+00 1.19910e-02 | 1.25331e-02 1.07867e-01 1.39115e-01 |
    483 | 5.79164e+00 1.19910e-02 | 1.25331e-02 1.07867e-01 1.39115e-01 |
    484 | 5.80364e+00 1.19910e-02 | 1.25331e-02 1.07867e-01 1.39115e-01 |
    485 | 5.81563e+00 1.19909e-02 | 1.25331e-02 1.07867e-01 1.39115e-01 |
    486 | 5.82762e+00 1.19909e-02 | 1.25331e-02 1.07867e-01 1.39115e-01 |
    487 | 5.83961e+00 1.19909e-02 | 1.25331e-02 1.07867e-01 1.39115e-01 |
    488 | 5.85160e+00 1.19909e-02 | 1.25331e-02 1.07867e-01 1.39115e-01 |
    489 | 5.86359e+00 1.19909e-02 | 1.25331e-02 1.07867e-01 1.39115e-01 |
    490 | 5.87558e+00 1.19909e-02 | 1.25331e-02 1.07867e-01 1.39115e-01 |
    491 | 5.88757e+00 1.19909e-02 | 1.25331e-02 1.07867e-01 1.39115e-01 |
    492 | 5.89956e+00 1.19909e-02 | 1.25331e-02 1.07867e-01 1.39115e-01 |
    493 | 5.91155e+00 1.19909e-02 | 1.25331e-02 1.07867e-01 1.39115e-01 |
    494 | 5.92354e+00 1.19909e-02 | 1.25331e-02 1.07867e-01 1.39115e-01 |
    495 | 5.93554e+00 1.19909e-02 | 1.25331e-02 1.07867e-01 1.39115e-01 |
    496 | 5.94753e+00 1.19909e-02 | 1.25331e-02 1.07867e-01 1.39115e-01 |
    497 | 5.95952e+00 1.19909e-02 | 1.25331e-02 1.07867e-01 1.39115e-01 |
    498 | 5.97151e+00 1.19909e-02 | 1.25331e-02 1.07867e-01 1.39115e-01 |
    499 | 5.98350e+00 1.19909e-02 | 1.25331e-02 1.07867e-01 1.39115e-01 |
    500 | 5.99549e+00 1.19909e-02 | 1.25331e-02 1.07867e-01 1.39115e-01 |
    501 | 6.00748e+00 1.19909e-02 | 1.25331e-02 1.07867e-01 1.39115e-01 |
    502 | 6.01947e+00 1.19909e-02 | 1.25331e-02 1.07867e-01 1.39115e-01 |
    503 | 6.03146e+00 1.19909e-02 | 1.25331e-02 1.07867e-01 1.39115e-01 |
    504 | 6.04345e+00 1.19910e-02 | 1.25331e-02 1.07867e-01 1.39115e-01 |
    505 | 6.05544e+00 1.19910e-02 | 1.25331e-02 1.07867e-01 1.39115e-01 |
    506 | 6.06744e+00 1.19910e-02 | 1.25331e-02 1.07867e-01 1.39115e-01 |
    507 | 6.07943e+00 1.19910e-02 | 1.25331e-02 1.07867e-01 1.39115e-01 |
    508 | 6.09142e+00 1.19910e-02 | 1.25331e-02 1.07867e-01 1.39115e-01 |
    509 | 6.10341e+00 1.19910e-02 | 1.25331e-02 1.07867e-01 1.39115e-01 |
    510 | 6.11540e+00 1.19911e-02 | 1.25331e-02 1.07867e-01 1.39115e-01 |
    511 | 6.12739e+00 1.19911e-02 | 1.25331e-02 1.07867e-01 1.39115e-01 |
    512 | 6.13938e+00 1.19911e-02 | 1.25331e-02 1.07867e-01 1.39115e-01 |
    513 | 6.15137e+00 1.19911e-02 | 1.25331e-02 1.07867e-01 1.39115e-01 |
    514 | 6.16336e+00 1.19911e-02 | 1.25331e-02 1.07867e-01 1.39115e-01 |
    515 | 6.17536e+00 1.19911e-02 | 1.25331e-02 1.07867e-01 1.39115e-01 |
    516 | 6.18735e+00 1.19911e-02 | 1.25331e-02 1.07867e-01 1.39115e-01 |
    517 | 6.19934e+00 1.19910e-02 | 1.25331e-02 1.07867e-01 1.39115e-01 |
    518 | 6.21133e+00 1.19910e-02 | 1.25331e-02 1.07867e-01 1.39115e-01 |
    519 | 6.22332e+00 1.19910e-02 | 1.25331e-02 1.07867e-01 1.39115e-01 |
    520 | 6.23531e+00 1.19910e-02 | 1.25331e-02 1.07867e-01 1.39115e-01 |
    521 | 6.24730e+00 1.19910e-02 | 1.25331e-02 1.07867e-01 1.39115e-01 |
    522 | 6.25929e+00 1.19910e-02 | 1.25331e-02 1.07867e-01 1.39115e-01 |
    523 | 6.27128e+00 1.19910e-02 | 1.25331e-02 1.07867e-01 1.39115e-01 |
    524 | 6.28327e+00 1.19909e-02 | 1.25331e-02 1.07867e-01 1.39115e-01 |
    525 | 6.29527e+00 1.19909e-02 | 1.25331e-02 1.07867e-01 1.39115e-01 |
    526 | 6.30726e+00 1.19909e-02 | 1.25331e-02 1.07867e-01 1.39115e-01 |
    527 | 6.31925e+00 1.19909e-02 | 1.25331e-02 1.07867e-01 1.39115e-01 |
    528 | 6.33124e+00 1.19909e-02 | 1.25331e-02 1.07867e-01 1.39115e-01 |
    529 | 6.34323e+00 1.19909e-02 | 1.25331e-02 1.07867e-01 1.39115e-01 |
    530 | 6.35522e+00 1.19909e-02 | 1.25331e-02 1.07867e-01 1.39115e-01 |
    531 | 6.36721e+00 1.19909e-02 | 1.25331e-02 1.07867e-01 1.39115e-01 |
    532 | 6.37920e+00 1.19909e-02 | 1.25331e-02 1.07867e-01 1.39115e-01 |
    533 | 6.39119e+00 1.19909e-02 | 1.25331e-02 1.07867e-01 1.39115e-01 |
    534 | 6.40318e+00 1.19909e-02 | 1.25331e-02 1.07867e-01 1.39115e-01 |
    535 | 6.41517e+00 1.19909e-02 | 1.25331e-02 1.07867e-01 1.39115e-01 |
    536 | 6.42717e+00 1.19909e-02 | 1.25331e-02 1.07867e-01 1.39115e-01 |
    537 | 6.43916e+00 1.19909e-02 | 1.25331e-02 1.07867e-01 1.39115e-01 |
    538 | 6.45115e+00 1.19909e-02 | 1.25331e-02 1.07867e-01 1.39115e-01 |
    539 | 6.46314e+00 1.19910e-02 | 1.25331e-02 1.07867e-01 1.39115e-01 |
    540 | 6.47513e+00 1.19910e-02 | 1.25331e-02 1.07867e-01 1.39115e-01 |
    541 | 6.48712e+00 1.19910e-02 | 1.25331e-02 1.07867e-01 1.39115e-01 |
    542 | 6.49911e+00 1.19910e-02 | 1.25331e-02 1.07867e-01 1.39115e-01 |
    543 | 6.51110e+00 1.19910e-02 | 1.25331e-02 1.07867e-01 1.39115e-01 |
    544 | 6.52309e+00 1.19910e-02 | 1.25331e-02 1.07867e-01 1.39115e-01 |
    545 | 6.53508e+00 1.19910e-02 | 1.25331e-02 1.07867e-01 1.39115e-01 |
    546 | 6.54708e+00 1.19911e-02 | 1.25331e-02 1.07867e-01 1.39115e-01 |
    547 | 6.55907e+00 1.19911e-02 | 1.25331e-02 1.07867e-01 1.39115e-01 |
    548 | 6.57106e+00 1.19911e-02 | 1.25331e-02 1.07867e-01 1.39115e-01 |
    549 | 6.58305e+00 1.19911e-02 | 1.25331e-02 1.07867e-01 1.39115e-01 |
    550 | 6.59504e+00 1.19912e-02 | 1.25331e-02 1.07867e-01 1.39115e-01 |
    551 | 6.60703e+00 1.19912e-02 | 1.25331e-02 1.07867e-01 1.39115e-01 |
    552 | 6.61902e+00 1.19912e-02 | 1.25331e-02 1.07867e-01 1.39115e-01 |
    553 | 6.63101e+00 1.19911e-02 | 1.25331e-02 1.07867e-01 1.39115e-01 |
    554 | 6.64300e+00 1.19911e-02 | 1.25331e-02 1.07867e-01 1.39115e-01 |
    555 | 6.65500e+00 1.19911e-02 | 1.25331e-02 1.07867e-01 1.39115e-01 |
    556 | 6.66699e+00 1.19911e-02 | 1.25331e-02 1.07867e-01 1.39115e-01 |
    557 | 6.67898e+00 1.19910e-02 | 1.25331e-02 1.07867e-01 1.39115e-01 |
    558 | 6.69097e+00 1.19910e-02 | 1.25331e-02 1.07867e-01 1.39115e-01 |
    559 | 6.70296e+00 1.19910e-02 | 1.25331e-02 1.07867e-01 1.39115e-01 |
    560 | 6.71495e+00 1.19910e-02 | 1.25331e-02 1.07867e-01 1.39115e-01 |
    561 | 6.72694e+00 1.19910e-02 | 1.25331e-02 1.07867e-01 1.39115e-01 |
    562 | 6.73893e+00 1.19909e-02 | 1.25331e-02 1.07867e-01 1.39115e-01 |
    563 | 6.75092e+00 1.19909e-02 | 1.25331e-02 1.07867e-01 1.39115e-01 |
    564 | 6.76291e+00 1.19909e-02 | 1.25331e-02 1.07867e-01 1.39115e-01 |
    565 | 6.77491e+00 1.19909e-02 | 1.25331e-02 1.07867e-01 1.39115e-01 |
    566 | 6.78690e+00 1.19909e-02 | 1.25331e-02 1.07867e-01 1.39115e-01 |
    567 | 6.79889e+00 1.19909e-02 | 1.25331e-02 1.07867e-01 1.39115e-01 |
    568 | 6.81088e+00 1.19909e-02 | 1.25331e-02 1.07867e-01 1.39115e-01 |
    569 | 6.82287e+00 1.19909e-02 | 1.25331e-02 1.07867e-01 1.39115e-01 |
    570 | 6.83486e+00 1.19909e-02 | 1.25331e-02 1.07867e-01 1.39115e-01 |
    571 | 6.84685e+00 1.19908e-02 | 1.25331e-02 1.07867e-01 1.39115e-01 |
    572 | 6.85884e+00 1.19908e-02 | 1.25331e-02 1.07867e-01 1.39115e-01 |
    573 | 6.87083e+00 1.19908e-02 | 1.25331e-02 1.07867e-01 1.39115e-01 |
    574 | 6.88282e+00 1.19908e-02 | 1.25331e-02 1.07867e-01 1.39115e-01 |
    575 | 6.89481e+00 1.19908e-02 | 1.25331e-02 1.07867e-01 1.39115e-01 |
    576 | 6.90680e+00 1.19908e-02 | 1.25331e-02 1.07867e-01 1.39115e-01 |
    577 | 6.91880e+00 1.19908e-02 | 1.25331e-02 1.07867e-01 1.39115e-01 |
    578 | 6.93079e+00 1.19908e-02 | 1.25331e-02 1.07867e-01 1.39115e-01 |
    579 | 6.94278e+00 1.19909e-02 | 1.25331e-02 1.07867e-01 1.39115e-01 |
    580 | 6.95477e+00 1.19909e-02 | 1.25331e-02 1.07867e-01 1.39115e-01 |
    581 | 6.96676e+00 1.19909e-02 | 1.25331e-02 1.07867e-01 1.39115e-01 |
    582 | 6.97875e+00 1.19909e-02 | 1.25331e-02 1.07867e-01 1.39115e-01 |
    583 | 6.99074e+00 1.19909e-02 | 1.25331e-02 1.07867e-01 1.39115e-01 |
    584 | 7.00273e+00 1.19909e-02 | 1.25331e-02 1.07867e-01 1.39115e-01 |
    585 | 7.01472e+00 1.19909e-02 | 1.25331e-02 1.07867e-01 1.39115e-01 |
    586 | 7.02671e+00 1.19909e-02 | 1.25331e-02 1.07867e-01 1.39115e-01 |
    587 | 7.03870e+00 1.19909e-02 | 1.25331e-02 1.07867e-01 1.39115e-01 |
    588 | 7.05070e+00 1.19910e-02 | 1.25331e-02 1.07867e-01 1.39115e-01 |
    589 | 7.06269e+00 1.19910e-02 | 1.25331e-02 1.07867e-01 1.39115e-01 |
    590 | 7.07468e+00 1.19910e-02 | 1.25331e-02 1.07867e-01 1.39115e-01 |
    591 | 7.08667e+00 1.19910e-02 | 1.25331e-02 1.07867e-01 1.39115e-01 |
    592 | 7.09866e+00 1.19910e-02 | 1.25331e-02 1.07867e-01 1.39115e-01 |
    593 | 7.11065e+00 1.19911e-02 | 1.25331e-02 1.07867e-01 1.39115e-01 |
    594 | 7.12264e+00 1.19911e-02 | 1.25331e-02 1.07867e-01 1.39115e-01 |
    595 | 7.13463e+00 1.19910e-02 | 1.25331e-02 1.07867e-01 1.39115e-01 |
    596 | 7.14662e+00 1.19910e-02 | 1.25331e-02 1.07867e-01 1.39115e-01 |
    597 | 7.15861e+00 1.19910e-02 | 1.25331e-02 1.07867e-01 1.39115e-01 |
    598 | 7.17061e+00 1.19910e-02 | 1.25331e-02 1.07867e-01 1.39115e-01 |
    599 | 7.18260e+00 1.19910e-02 | 1.25331e-02 1.07867e-01 1.39115e-01 |
    600 | 7.19459e+00 1.19909e-02 | 1.25331e-02 1.07867e-01 1.39115e-01 |
    601 | 7.20658e+00 1.19909e-02 | 1.25331e-02 1.07867e-01 1.39115e-01 |
    602 | 7.21857e+00 1.19909e-02 | 1.25331e-02 1.07867e-01 1.39115e-01 |
    603 | 7.23056e+00 1.19909e-02 | 1.25331e-02 1.07867e-01 1.39115e-01 |
    604 | 7.24255e+00 1.19909e-02 | 1.25331e-02 1.07867e-01 1.39115e-01 |
    605 | 7.25454e+00 1.19909e-02 | 1.25331e-02 1.07867e-01 1.39115e-01 |
    606 | 7.26653e+00 1.19909e-02 | 1.25331e-02 1.07867e-01 1.39115e-01 |
    607 | 7.27852e+00 1.19909e-02 | 1.25331e-02 1.07867e-01 1.39115e-01 |
    608 | 7.29051e+00 1.19909e-02 | 1.25331e-02 1.07867e-01 1.39115e-01 |
    609 | 7.30251e+00 1.19908e-02 | 1.25331e-02 1.07867e-01 1.39115e-01 |
    610 | 7.31450e+00 1.19908e-02 | 1.25331e-02 1.07867e-01 1.39115e-01 |
    611 | 7.32649e+00 1.19908e-02 | 1.25331e-02 1.07867e-01 1.39115e-01 |
    612 | 7.33848e+00 1.19908e-02 | 1.25331e-02 1.07867e-01 1.39115e-01 |
    613 | 7.35047e+00 1.19908e-02 | 1.25331e-02 1.07867e-01 1.39115e-01 |
    614 | 7.36246e+00 1.19908e-02 | 1.25331e-02 1.07867e-01 1.39115e-01 |
    615 | 7.37445e+00 1.19908e-02 | 1.25331e-02 1.07867e-01 1.39115e-01 |
    616 | 7.38644e+00 1.19909e-02 | 1.25331e-02 1.07867e-01 1.39115e-01 |
    617 | 7.39843e+00 1.19909e-02 | 1.25331e-02 1.07867e-01 1.39115e-01 |
    618 | 7.41042e+00 1.19909e-02 | 1.25331e-02 1.07867e-01 1.39115e-01 |
    619 | 7.42241e+00 1.19909e-02 | 1.25331e-02 1.07867e-01 1.39115e-01 |
    620 | 7.43440e+00 1.19909e-02 | 1.25331e-02 1.07867e-01 1.39115e-01 |
    621 | 7.44640e+00 1.19909e-02 | 1.25331e-02 1.07867e-01 1.39115e-01 |
    622 | 7.45839e+00 1.19909e-02 | 1.25331e-02 1.07867e-01 1.39114e-01 |
    623 | 7.47038e+00 1.19909e-02 | 1.25331e-02 1.07867e-01 1.39114e-01 |
    624 | 7.48237e+00 1.19909e-02 | 1.25331e-02 1.07867e-01 1.39114e-01 |
    625 | 7.49436e+00 1.19910e-02 | 1.25331e-02 1.07867e-01 1.39114e-01 |
    626 | 7.50635e+00 1.19910e-02 | 1.25331e-02 1.07867e-01 1.39114e-01 |
    627 | 7.51834e+00 1.19910e-02 | 1.25331e-02 1.07867e-01 1.39114e-01 |
    628 | 7.53033e+00 1.19910e-02 | 1.25331e-02 1.07867e-01 1.39114e-01 |
    629 | 7.54232e+00 1.19910e-02 | 1.25331e-02 1.07867e-01 1.39114e-01 |
    630 | 7.55431e+00 1.19911e-02 | 1.25331e-02 1.07867e-01 1.39114e-01 |
    631 | 7.56631e+00 1.19911e-02 | 1.25331e-02 1.07867e-01 1.39114e-01 |
    632 | 7.57830e+00 1.19910e-02 | 1.25331e-02 1.07867e-01 1.39114e-01 |
    633 | 7.59029e+00 1.19910e-02 | 1.25331e-02 1.07867e-01 1.39114e-01 |
    634 | 7.60228e+00 1.19910e-02 | 1.25331e-02 1.07867e-01 1.39114e-01 |
    635 | 7.61427e+00 1.19910e-02 | 1.25331e-02 1.07867e-01 1.39114e-01 |
    636 | 7.62626e+00 1.19910e-02 | 1.25331e-02 1.07867e-01 1.39114e-01 |
    637 | 7.63825e+00 1.19909e-02 | 1.25331e-02 1.07867e-01 1.39114e-01 |
    638 | 7.65024e+00 1.19909e-02 | 1.25331e-02 1.07867e-01 1.39114e-01 |
    639 | 7.66223e+00 1.19909e-02 | 1.25331e-02 1.07867e-01 1.39114e-01 |
    640 | 7.67422e+00 1.19909e-02 | 1.25331e-02 1.07867e-01 1.39114e-01 |
    641 | 7.68621e+00 1.19909e-02 | 1.25331e-02 1.07867e-01 1.39114e-01 |
    642 | 7.69821e+00 1.19909e-02 | 1.25331e-02 1.07867e-01 1.39114e-01 |
    643 | 7.71020e+00 1.19909e-02 | 1.25331e-02 1.07867e-01 1.39114e-01 |
    644 | 7.72219e+00 1.19909e-02 | 1.25331e-02 1.07867e-01 1.39114e-01 |
    645 | 7.73418e+00 1.19909e-02 | 1.25331e-02 1.07867e-01 1.39114e-01 |
    646 | 7.74617e+00 1.19908e-02 | 1.25331e-02 1.07867e-01 1.39114e-01 |
    647 | 7.75816e+00 1.19908e-02 | 1.25331e-02 1.07867e-01 1.39114e-01 |
    648 | 7.77015e+00 1.19908e-02 | 1.25331e-02 1.07867e-01 1.39114e-01 |
    649 | 7.78214e+00 1.19908e-02 | 1.25331e-02 1.07867e-01 1.39114e-01 |
    650 | 7.79413e+00 1.19908e-02 | 1.25331e-02 1.07867e-01 1.39114e-01 |
    651 | 7.80612e+00 1.19908e-02 | 1.25331e-02 1.07867e-01 1.39114e-01 |
    652 | 7.81811e+00 1.19908e-02 | 1.25331e-02 1.07867e-01 1.39114e-01 |
    653 | 7.83011e+00 1.19908e-02 | 1.25331e-02 1.07867e-01 1.39114e-01 |
    654 | 7.84210e+00 1.19909e-02 | 1.25331e-02 1.07867e-01 1.39114e-01 |
    655 | 7.85409e+00 1.19909e-02 | 1.25331e-02 1.07867e-01 1.39114e-01 |
    656 | 7.86608e+00 1.19909e-02 | 1.25331e-02 1.07867e-01 1.39114e-01 |
    657 | 7.87807e+00 1.19909e-02 | 1.25331e-02 1.07867e-01 1.39114e-01 |
    658 | 7.89006e+00 1.19909e-02 | 1.25331e-02 1.07867e-01 1.39114e-01 |
    659 | 7.90205e+00 1.19909e-02 | 1.25331e-02 1.07867e-01 1.39114e-01 |
    660 | 7.91404e+00 1.19909e-02 | 1.25331e-02 1.07867e-01 1.39114e-01 |
    661 | 7.92603e+00 1.19909e-02 | 1.25331e-02 1.07867e-01 1.39114e-01 |
    662 | 7.93802e+00 1.19909e-02 | 1.25331e-02 1.07867e-01 1.39114e-01 |
    663 | 7.95001e+00 1.19910e-02 | 1.25331e-02 1.07867e-01 1.39114e-01 |
    664 | 7.96201e+00 1.19910e-02 | 1.25331e-02 1.07867e-01 1.39114e-01 |
    665 | 7.97400e+00 1.19910e-02 | 1.25331e-02 1.07867e-01 1.39114e-01 |
    666 | 7.98599e+00 1.19910e-02 | 1.25331e-02 1.07867e-01 1.39114e-01 |
    667 | 7.99798e+00 1.19910e-02 | 1.25331e-02 1.07867e-01 1.39114e-01 |
    668 | 8.00997e+00 1.19911e-02 | 1.25331e-02 1.07867e-01 1.39114e-01 |
    669 | 8.02196e+00 1.19911e-02 | 1.25331e-02 1.07867e-01 1.39114e-01 |
    670 | 8.03395e+00 1.19911e-02 | 1.25331e-02 1.07867e-01 1.39114e-01 |
    671 | 8.04594e+00 1.19912e-02 | 1.25331e-02 1.07867e-01 1.39114e-01 |
    672 | 8.05793e+00 1.19912e-02 | 1.25331e-02 1.07867e-01 1.39114e-01 |
    673 | 8.06993e+00 1.19912e-02 | 1.25331e-02 1.07867e-01 1.39114e-01 |
    674 | 8.08192e+00 1.19912e-02 | 1.25331e-02 1.07867e-01 1.39114e-01 |
    675 | 8.09391e+00 1.19911e-02 | 1.25331e-02 1.07867e-01 1.39114e-01 |
    676 | 8.10590e+00 1.19911e-02 | 1.25331e-02 1.07867e-01 1.39114e-01 |
    677 | 8.11789e+00 1.19911e-02 | 1.25331e-02 1.07867e-01 1.39114e-01 |
    678 | 8.12988e+00 1.19911e-02 | 1.25331e-02 1.07867e-01 1.39114e-01 |
    679 | 8.14187e+00 1.19911e-02 | 1.25331e-02 1.07867e-01 1.39114e-01 |
    680 | 8.15386e+00 1.19910e-02 | 1.25331e-02 1.07867e-01 1.39114e-01 |
    681 | 8.16585e+00 1.19910e-02 | 1.25331e-02 1.07867e-01 1.39114e-01 |
    682 | 8.17784e+00 1.19910e-02 | 1.25331e-02 1.07867e-01 1.39114e-01 |
    683 | 8.18984e+00 1.19910e-02 | 1.25331e-02 1.07867e-01 1.39114e-01 |
    684 | 8.20183e+00 1.19910e-02 | 1.25331e-02 1.07867e-01 1.39114e-01 |
    685 | 8.21382e+00 1.19910e-02 | 1.25331e-02 1.07867e-01 1.39114e-01 |
    686 | 8.22581e+00 1.19910e-02 | 1.25331e-02 1.07867e-01 1.39114e-01 |
    687 | 8.23780e+00 1.19910e-02 | 1.25331e-02 1.07867e-01 1.39114e-01 |
    688 | 8.24979e+00 1.19910e-02 | 1.25331e-02 1.07867e-01 1.39114e-01 |
    689 | 8.26178e+00 1.19909e-02 | 1.25331e-02 1.07867e-01 1.39114e-01 |
    690 | 8.27377e+00 1.19909e-02 | 1.25331e-02 1.07867e-01 1.39114e-01 |
    691 | 8.28576e+00 1.19909e-02 | 1.25331e-02 1.07867e-01 1.39114e-01 |
    692 | 8.29775e+00 1.19909e-02 | 1.25331e-02 1.07867e-01 1.39114e-01 |
    693 | 8.30975e+00 1.19909e-02 | 1.25331e-02 1.07867e-01 1.39114e-01 |
    694 | 8.32174e+00 1.19909e-02 | 1.25331e-02 1.07867e-01 1.39114e-01 |
    695 | 8.33373e+00 1.19909e-02 | 1.25331e-02 1.07867e-01 1.39114e-01 |
    696 | 8.34572e+00 1.19909e-02 | 1.25331e-02 1.07867e-01 1.39114e-01 |
    697 | 8.35771e+00 1.19909e-02 | 1.25331e-02 1.07867e-01 1.39114e-01 |
    698 | 8.36970e+00 1.19910e-02 | 1.25331e-02 1.07867e-01 1.39114e-01 |
    699 | 8.38169e+00 1.19910e-02 | 1.25331e-02 1.07867e-01 1.39114e-01 |
    700 | 8.39368e+00 1.19910e-02 | 1.25331e-02 1.07867e-01 1.39114e-01 |
    701 | 8.40567e+00 1.19910e-02 | 1.25331e-02 1.07867e-01 1.39114e-01 |
    702 | 8.41766e+00 1.19910e-02 | 1.25331e-02 1.07867e-01 1.39114e-01 |
    703 | 8.42965e+00 1.19910e-02 | 1.25331e-02 1.07867e-01 1.39114e-01 |
    704 | 8.44165e+00 1.19910e-02 | 1.25331e-02 1.07867e-01 1.39114e-01 |
    705 | 8.45364e+00 1.19910e-02 | 1.25331e-02 1.07867e-01 1.39114e-01 |
    706 | 8.46563e+00 1.19911e-02 | 1.25331e-02 1.07867e-01 1.39114e-01 |
    707 | 8.47762e+00 1.19911e-02 | 1.25331e-02 1.07867e-01 1.39114e-01 |
    708 | 8.48961e+00 1.19911e-02 | 1.25331e-02 1.07867e-01 1.39114e-01 |
    709 | 8.50160e+00 1.19911e-02 | 1.25331e-02 1.07867e-01 1.39114e-01 |
    710 | 8.51359e+00 1.19911e-02 | 1.25331e-02 1.07867e-01 1.39114e-01 |
    711 | 8.52558e+00 1.19912e-02 | 1.25331e-02 1.07867e-01 1.39114e-01 |
    712 | 8.53757e+00 1.19911e-02 | 1.25331e-02 1.07867e-01 1.39114e-01 |
    713 | 8.54957e+00 1.19911e-02 | 1.25331e-02 1.07867e-01 1.39114e-01 |
    714 | 8.56156e+00 1.19911e-02 | 1.25331e-02 1.07867e-01 1.39114e-01 |
    715 | 8.57355e+00 1.19911e-02 | 1.25331e-02 1.07867e-01 1.39114e-01 |
    716 | 8.58554e+00 1.19910e-02 | 1.25331e-02 1.07867e-01 1.39114e-01 |
    717 | 8.59753e+00 1.19910e-02 | 1.25331e-02 1.07867e-01 1.39114e-01 |
    718 | 8.60952e+00 1.19910e-02 | 1.25331e-02 1.07867e-01 1.39114e-01 |
    719 | 8.62151e+00 1.19910e-02 | 1.25331e-02 1.07867e-01 1.39114e-01 |
    720 | 8.63350e+00 1.19910e-02 | 1.25331e-02 1.07867e-01 1.39114e-01 |
    721 | 8.64549e+00 1.19910e-02 | 1.25331e-02 1.07867e-01 1.39114e-01 |
    722 | 8.65749e+00 1.19910e-02 | 1.25331e-02 1.07867e-01 1.39114e-01 |
    723 | 8.66948e+00 1.19909e-02 | 1.25331e-02 1.07867e-01 1.39114e-01 |
    724 | 8.68147e+00 1.19909e-02 | 1.25331e-02 1.07867e-01 1.39114e-01 |
    725 | 8.69346e+00 1.19909e-02 | 1.25331e-02 1.07867e-01 1.39114e-01 |
    726 | 8.70545e+00 1.19909e-02 | 1.25331e-02 1.07867e-01 1.39114e-01 |
    727 | 8.71744e+00 1.19909e-02 | 1.25331e-02 1.07867e-01 1.39114e-01 |
    728 | 8.72943e+00 1.19909e-02 | 1.25331e-02 1.07867e-01 1.39114e-01 |
    729 | 8.74142e+00 1.19909e-02 | 1.25331e-02 1.07867e-01 1.39114e-01 |
    730 | 8.75341e+00 1.19909e-02 | 1.25331e-02 1.07867e-01 1.39114e-01 |
    731 | 8.76540e+00 1.19909e-02 | 1.25331e-02 1.07867e-01 1.39114e-01 |
    732 | 8.77739e+00 1.19909e-02 | 1.25331e-02 1.07867e-01 1.39114e-01 |
    733 | 8.78939e+00 1.19909e-02 | 1.25331e-02 1.07867e-01 1.39114e-01 |
    734 | 8.80138e+00 1.19909e-02 | 1.25331e-02 1.07867e-01 1.39114e-01 |
    735 | 8.81337e+00 1.19909e-02 | 1.25331e-02 1.07867e-01 1.39114e-01 |
    736 | 8.82536e+00 1.19909e-02 | 1.25331e-02 1.07867e-01 1.39114e-01 |
    737 | 8.83735e+00 1.19909e-02 | 1.25331e-02 1.07867e-01 1.39114e-01 |
    738 | 8.84934e+00 1.19910e-02 | 1.25331e-02 1.07867e-01 1.39114e-01 |
    739 | 8.86133e+00 1.19910e-02 | 1.25331e-02 1.07867e-01 1.39114e-01 |
    740 | 8.87332e+00 1.19910e-02 | 1.25331e-02 1.07867e-01 1.39114e-01 |
    741 | 8.88531e+00 1.19910e-02 | 1.25331e-02 1.07867e-01 1.39114e-01 |
    742 | 8.89730e+00 1.19910e-02 | 1.25331e-02 1.07867e-01 1.39114e-01 |
    743 | 8.90929e+00 1.19910e-02 | 1.25331e-02 1.07867e-01 1.39114e-01 |
    744 | 8.92129e+00 1.19910e-02 | 1.25331e-02 1.07867e-01 1.39114e-01 |
    745 | 8.93328e+00 1.19911e-02 | 1.25331e-02 1.07867e-01 1.39114e-01 |
    746 | 8.94527e+00 1.19911e-02 | 1.25331e-02 1.07867e-01 1.39114e-01 |
    747 | 8.95726e+00 1.19910e-02 | 1.25331e-02 1.07867e-01 1.39114e-01 |
    748 | 8.96925e+00 1.19910e-02 | 1.25331e-02 1.07867e-01 1.39114e-01 |
    749 | 8.98124e+00 1.19910e-02 | 1.25331e-02 1.07867e-01 1.39114e-01 |
    750 | 8.99323e+00 1.19910e-02 | 1.25331e-02 1.07867e-01 1.39114e-01 |
    751 | 9.00522e+00 1.19910e-02 | 1.25331e-02 1.07867e-01 1.39114e-01 |
    752 | 9.01721e+00 1.19910e-02 | 1.25331e-02 1.07867e-01 1.39114e-01 |
    753 | 9.02921e+00 1.19910e-02 | 1.25331e-02 1.07867e-01 1.39114e-01 |
    754 | 9.04120e+00 1.19910e-02 | 1.25331e-02 1.07867e-01 1.39114e-01 |
    755 | 9.05319e+00 1.19910e-02 | 1.25331e-02 1.07867e-01 1.39114e-01 |
    756 | 9.06518e+00 1.19910e-02 | 1.25331e-02 1.07867e-01 1.39114e-01 |
    757 | 9.07717e+00 1.19910e-02 | 1.25331e-02 1.07867e-01 1.39114e-01 |
    758 | 9.08916e+00 1.19909e-02 | 1.25331e-02 1.07867e-01 1.39114e-01 |
    759 | 9.10115e+00 1.19909e-02 | 1.25331e-02 1.07867e-01 1.39114e-01 |
    760 | 9.11314e+00 1.19909e-02 | 1.25331e-02 1.07867e-01 1.39114e-01 |
    761 | 9.12513e+00 1.19909e-02 | 1.25331e-02 1.07867e-01 1.39114e-01 |
    762 | 9.13712e+00 1.19909e-02 | 1.25331e-02 1.07867e-01 1.39114e-01 |
    763 | 9.14911e+00 1.19909e-02 | 1.25331e-02 1.07867e-01 1.39114e-01 |
    764 | 9.16111e+00 1.19909e-02 | 1.25331e-02 1.07867e-01 1.39114e-01 |
    765 | 9.17310e+00 1.19909e-02 | 1.25331e-02 1.07867e-01 1.39114e-01 |
    766 | 9.18509e+00 1.19909e-02 | 1.25331e-02 1.07867e-01 1.39114e-01 |
    767 | 9.19708e+00 1.19909e-02 | 1.25331e-02 1.07867e-01 1.39114e-01 |
    768 | 9.20907e+00 1.19909e-02 | 1.25331e-02 1.07867e-01 1.39114e-01 |
    769 | 9.22106e+00 1.19909e-02 | 1.25331e-02 1.07867e-01 1.39114e-01 |
    770 | 9.23305e+00 1.19909e-02 | 1.25331e-02 1.07867e-01 1.39114e-01 |
    771 | 9.24504e+00 1.19909e-02 | 1.25331e-02 1.07867e-01 1.39114e-01 |
    772 | 9.25703e+00 1.19909e-02 | 1.25331e-02 1.07867e-01 1.39114e-01 |
    773 | 9.26902e+00 1.19909e-02 | 1.25331e-02 1.07867e-01 1.39114e-01 |
    774 | 9.28101e+00 1.19909e-02 | 1.25331e-02 1.07867e-01 1.39114e-01 |
    775 | 9.29301e+00 1.19909e-02 | 1.25331e-02 1.07867e-01 1.39114e-01 |
    776 | 9.30500e+00 1.19909e-02 | 1.25331e-02 1.07867e-01 1.39114e-01 |
    777 | 9.31699e+00 1.19909e-02 | 1.25331e-02 1.07867e-01 1.39114e-01 |
    778 | 9.32898e+00 1.19910e-02 | 1.25331e-02 1.07867e-01 1.39114e-01 |
    779 | 9.34097e+00 1.19910e-02 | 1.25331e-02 1.07867e-01 1.39114e-01 |
    780 | 9.35296e+00 1.19910e-02 | 1.25331e-02 1.07867e-01 1.39114e-01 |
    781 | 9.36495e+00 1.19910e-02 | 1.25331e-02 1.07867e-01 1.39114e-01 |
    782 | 9.37694e+00 1.19910e-02 | 1.25331e-02 1.07867e-01 1.39114e-01 |
    783 | 9.38893e+00 1.19910e-02 | 1.25331e-02 1.07867e-01 1.39114e-01 |
    784 | 9.40092e+00 1.19911e-02 | 1.25331e-02 1.07867e-01 1.39114e-01 |
    785 | 9.41292e+00 1.19911e-02 | 1.25331e-02 1.07867e-01 1.39114e-01 |
    786 | 9.42491e+00 1.19911e-02 | 1.25331e-02 1.07867e-01 1.39114e-01 |
    787 | 9.43690e+00 1.19911e-02 | 1.25331e-02 1.07867e-01 1.39114e-01 |
    788 | 9.44889e+00 1.19910e-02 | 1.25331e-02 1.07867e-01 1.39114e-01 |
    789 | 9.46088e+00 1.19910e-02 | 1.25331e-02 1.07867e-01 1.39114e-01 |
    790 | 9.47287e+00 1.19910e-02 | 1.25331e-02 1.07867e-01 1.39114e-01 |
    791 | 9.48486e+00 1.19910e-02 | 1.25331e-02 1.07867e-01 1.39114e-01 |
    792 | 9.49685e+00 1.19910e-02 | 1.25331e-02 1.07867e-01 1.39114e-01 |
    793 | 9.50884e+00 1.19910e-02 | 1.25331e-02 1.07867e-01 1.39114e-01 |
    794 | 9.52083e+00 1.19910e-02 | 1.25331e-02 1.07867e-01 1.39114e-01 |
    795 | 9.53283e+00 1.19910e-02 | 1.25331e-02 1.07867e-01 1.39114e-01 |
    796 | 9.54482e+00 1.19910e-02 | 1.25331e-02 1.07867e-01 1.39114e-01 |
    797 | 9.55681e+00 1.19910e-02 | 1.25331e-02 1.07867e-01 1.39114e-01 |
    798 | 9.56880e+00 1.19910e-02 | 1.25331e-02 1.07867e-01 1.39114e-01 |
    799 | 9.58079e+00 1.19910e-02 | 1.25331e-02 1.07867e-01 1.39114e-01 |
    800 | 9.59278e+00 1.19910e-02 | 1.25331e-02 1.07867e-01 1.39114e-01 |
    801 | 9.60477e+00 1.19910e-02 | 1.25331e-02 1.07867e-01 1.39114e-01 |
    802 | 9.61676e+00 1.19910e-02 | 1.25331e-02 1.07867e-01 1.39114e-01 |
    803 | 9.62875e+00 1.19910e-02 | 1.25331e-02 1.07867e-01 1.39114e-01 |
    804 | 9.64074e+00 1.19910e-02 | 1.25331e-02 1.07867e-01 1.39114e-01 |
    805 | 9.65274e+00 1.19911e-02 | 1.25331e-02 1.07867e-01 1.39114e-01 |
    806 | 9.66473e+00 1.19911e-02 | 1.25331e-02 1.07867e-01 1.39114e-01 |
    807 | 9.67672e+00 1.19911e-02 | 1.25331e-02 1.07867e-01 1.39114e-01 |
    808 | 9.68871e+00 1.19911e-02 | 1.25331e-02 1.07867e-01 1.39114e-01 |
    809 | 9.70070e+00 1.19911e-02 | 1.25331e-02 1.07867e-01 1.39114e-01 |
    810 | 9.71269e+00 1.19911e-02 | 1.25331e-02 1.07867e-01 1.39114e-01 |
    811 | 9.72468e+00 1.19911e-02 | 1.25331e-02 1.07867e-01 1.39114e-01 |
    812 | 9.73667e+00 1.19912e-02 | 1.25331e-02 1.07867e-01 1.39114e-01 |
    813 | 9.74866e+00 1.19912e-02 | 1.25331e-02 1.07867e-01 1.39114e-01 |
    814 | 9.76066e+00 1.19912e-02 | 1.25331e-02 1.07867e-01 1.39114e-01 |
    815 | 9.77265e+00 1.19912e-02 | 1.25331e-02 1.07867e-01 1.39114e-01 |
    816 | 9.78464e+00 1.19912e-02 | 1.25331e-02 1.07867e-01 1.39114e-01 |
    817 | 9.79663e+00 1.19912e-02 | 1.25331e-02 1.07867e-01 1.39114e-01 |
    818 | 9.80862e+00 1.19912e-02 | 1.25331e-02 1.07867e-01 1.39114e-01 |
    819 | 9.82061e+00 1.19912e-02 | 1.25331e-02 1.07867e-01 1.39114e-01 |
    820 | 9.83260e+00 1.19912e-02 | 1.25331e-02 1.07867e-01 1.39114e-01 |
    821 | 9.84459e+00 1.19911e-02 | 1.25331e-02 1.07867e-01 1.39114e-01 |
    822 | 9.85659e+00 1.19911e-02 | 1.25331e-02 1.07867e-01 1.39114e-01 |
    823 | 9.86858e+00 1.19911e-02 | 1.25331e-02 1.07867e-01 1.39114e-01 |
    824 | 9.88057e+00 1.19911e-02 | 1.25331e-02 1.07867e-01 1.39114e-01 |
    825 | 9.89256e+00 1.19911e-02 | 1.25331e-02 1.07867e-01 1.39114e-01 |
    826 | 9.90455e+00 1.19911e-02 | 1.25331e-02 1.07867e-01 1.39114e-01 |
    827 | 9.91654e+00 1.19911e-02 | 1.25331e-02 1.07867e-01 1.39114e-01 |
    828 | 9.92853e+00 1.19911e-02 | 1.25331e-02 1.07867e-01 1.39114e-01 |
    829 | 9.94052e+00 1.19911e-02 | 1.25331e-02 1.07867e-01 1.39114e-01 |
    830 | 9.95251e+00 1.19911e-02 | 1.25331e-02 1.07867e-01 1.39114e-01 |
    831 | 9.96450e+00 1.19910e-02 | 1.25331e-02 1.07867e-01 1.39114e-01 |
    832 | 9.97650e+00 1.19910e-02 | 1.25331e-02 1.07867e-01 1.39114e-01 |
    833 | 9.98849e+00 1.19910e-02 | 1.25331e-02 1.07867e-01 1.39114e-01 |
    834 | 1.00005e+01 1.19910e-02 | 1.25331e-02 1.07867e-01 1.39114e-01 |
    835 | 1.00125e+01 1.19910e-02 | 1.25331e-02 1.07867e-01 1.39114e-01 |
    836 | 1.00245e+01 1.19910e-02 | 1.25331e-02 1.07867e-01 1.39114e-01 |
    837 | 1.00365e+01 1.19911e-02 | 1.25331e-02 1.07867e-01 1.39114e-01 |
    838 | 1.00484e+01 1.19911e-02 | 1.25331e-02 1.07867e-01 1.39114e-01 |
    839 | 1.00604e+01 1.19911e-02 | 1.25331e-02 1.07867e-01 1.39114e-01 |
    840 | 1.00724e+01 1.19911e-02 | 1.25331e-02 1.07867e-01 1.39114e-01 |
    841 | 1.00844e+01 1.19911e-02 | 1.25331e-02 1.07867e-01 1.39114e-01 |
    842 | 1.00964e+01 1.19911e-02 | 1.25331e-02 1.07867e-01 1.39114e-01 |
    843 | 1.01084e+01 1.19911e-02 | 1.25331e-02 1.07867e-01 1.39114e-01 |
    844 | 1.01204e+01 1.19911e-02 | 1.25331e-02 1.07867e-01 1.39114e-01 |
    845 | 1.01324e+01 1.19911e-02 | 1.25331e-02 1.07867e-01 1.39114e-01 |
    846 | 1.01444e+01 1.19911e-02 | 1.25331e-02 1.07867e-01 1.39114e-01 |
    847 | 1.01564e+01 1.19911e-02 | 1.25331e-02 1.07867e-01 1.39114e-01 |
    848 | 1.01684e+01 1.19911e-02 | 1.25331e-02 1.07867e-01 1.39114e-01 |
    849 | 1.01803e+01 1.19911e-02 | 1.25331e-02 1.07867e-01 1.39114e-01 |
    850 | 1.01923e+01 1.19911e-02 | 1.25331e-02 1.07867e-01 1.39114e-01 |
    851 | 1.02043e+01 1.19911e-02 | 1.25331e-02 1.07867e-01 1.39114e-01 |
    852 | 1.02163e+01 1.19911e-02 | 1.25331e-02 1.07867e-01 1.39114e-01 |
    853 | 1.02283e+01 1.19911e-02 | 1.25331e-02 1.07867e-01 1.39114e-01 |
    854 | 1.02403e+01 1.19911e-02 | 1.25331e-02 1.07867e-01 1.39114e-01 |
    855 | 1.02523e+01 1.19911e-02 | 1.25331e-02 1.07867e-01 1.39114e-01 |
    856 | 1.02643e+01 1.19911e-02 | 1.25331e-02 1.07867e-01 1.39114e-01 |
    857 | 1.02763e+01 1.19911e-02 | 1.25331e-02 1.07867e-01 1.39114e-01 |
    858 | 1.02883e+01 1.19911e-02 | 1.25331e-02 1.07867e-01 1.39114e-01 |
    859 | 1.03003e+01 1.19911e-02 | 1.25331e-02 1.07867e-01 1.39114e-01 |
    860 | 1.03122e+01 1.19910e-02 | 1.25331e-02 1.07867e-01 1.39114e-01 |
    861 | 1.03242e+01 1.19910e-02 | 1.25331e-02 1.07867e-01 1.39114e-01 |
    862 | 1.03362e+01 1.19910e-02 | 1.25331e-02 1.07867e-01 1.39114e-01 |
    863 | 1.03482e+01 1.19910e-02 | 1.25331e-02 1.07867e-01 1.39114e-01 |
    864 | 1.03602e+01 1.19910e-02 | 1.25331e-02 1.07867e-01 1.39114e-01 |
    865 | 1.03722e+01 1.19909e-02 | 1.25331e-02 1.07867e-01 1.39114e-01 |
    866 | 1.03842e+01 1.19909e-02 | 1.25331e-02 1.07867e-01 1.39114e-01 |
    867 | 1.03962e+01 1.19909e-02 | 1.25331e-02 1.07867e-01 1.39114e-01 |
    868 | 1.04082e+01 1.19909e-02 | 1.25331e-02 1.07867e-01 1.39114e-01 |
    869 | 1.04202e+01 1.19909e-02 | 1.25331e-02 1.07867e-01 1.39114e-01 |
    870 | 1.04322e+01 1.19909e-02 | 1.25331e-02 1.07867e-01 1.39114e-01 |
    871 | 1.04441e+01 1.19909e-02 | 1.25331e-02 1.07867e-01 1.39114e-01 |
    872 | 1.04561e+01 1.19909e-02 | 1.25331e-02 1.07867e-01 1.39114e-01 |
    873 | 1.04681e+01 1.19909e-02 | 1.25331e-02 1.07867e-01 1.39114e-01 |
    874 | 1.04801e+01 1.19909e-02 | 1.25331e-02 1.07867e-01 1.39114e-01 |
    875 | 1.04921e+01 1.19908e-02 | 1.25331e-02 1.07867e-01 1.39114e-01 |
    876 | 1.05041e+01 1.19908e-02 | 1.25331e-02 1.07867e-01 1.39114e-01 |
    877 | 1.05161e+01 1.19908e-02 | 1.25331e-02 1.07867e-01 1.39114e-01 |
    878 | 1.05281e+01 1.19908e-02 | 1.25331e-02 1.07867e-01 1.39114e-01 |
    879 | 1.05401e+01 1.19908e-02 | 1.25331e-02 1.07867e-01 1.39114e-01 |
    880 | 1.05521e+01 1.19909e-02 | 1.25331e-02 1.07867e-01 1.39114e-01 |
    881 | 1.05641e+01 1.19909e-02 | 1.25331e-02 1.07867e-01 1.39114e-01 |
    882 | 1.05760e+01 1.19909e-02 | 1.25331e-02 1.07867e-01 1.39114e-01 |
    883 | 1.05880e+01 1.19909e-02 | 1.25331e-02 1.07867e-01 1.39114e-01 |
    884 | 1.06000e+01 1.19909e-02 | 1.25331e-02 1.07867e-01 1.39114e-01 |
    885 | 1.06120e+01 1.19909e-02 | 1.25331e-02 1.07867e-01 1.39114e-01 |
    886 | 1.06240e+01 1.19909e-02 | 1.25331e-02 1.07867e-01 1.39114e-01 |
    887 | 1.06360e+01 1.19909e-02 | 1.25331e-02 1.07867e-01 1.39114e-01 |
    888 | 1.06480e+01 1.19909e-02 | 1.25331e-02 1.07867e-01 1.39114e-01 |
    889 | 1.06600e+01 1.19909e-02 | 1.25331e-02 1.07867e-01 1.39114e-01 |
    890 | 1.06720e+01 1.19910e-02 | 1.25331e-02 1.07867e-01 1.39114e-01 |
    891 | 1.06840e+01 1.19910e-02 | 1.25331e-02 1.07867e-01 1.39114e-01 |
    892 | 1.06960e+01 1.19910e-02 | 1.25331e-02 1.07867e-01 1.39114e-01 |
    893 | 1.07079e+01 1.19910e-02 | 1.25331e-02 1.07867e-01 1.39114e-01 |
    894 | 1.07199e+01 1.19910e-02 | 1.25331e-02 1.07867e-01 1.39114e-01 |
    895 | 1.07319e+01 1.19911e-02 | 1.25331e-02 1.07867e-01 1.39114e-01 |
    896 | 1.07439e+01 1.19911e-02 | 1.25331e-02 1.07867e-01 1.39114e-01 |
    897 | 1.07559e+01 1.19911e-02 | 1.25331e-02 1.07867e-01 1.39114e-01 |
    898 | 1.07679e+01 1.19910e-02 | 1.25331e-02 1.07867e-01 1.39114e-01 |
    899 | 1.07799e+01 1.19910e-02 | 1.25331e-02 1.07867e-01 1.39114e-01 |
    900 | 1.07919e+01 1.19910e-02 | 1.25331e-02 1.07867e-01 1.39114e-01 |
    901 | 1.08039e+01 1.19910e-02 | 1.25331e-02 1.07867e-01 1.39114e-01 |
    902 | 1.08159e+01 1.19910e-02 | 1.25331e-02 1.07867e-01 1.39114e-01 |
    903 | 1.08279e+01 1.19910e-02 | 1.25331e-02 1.07867e-01 1.39114e-01 |
    904 | 1.08398e+01 1.19909e-02 | 1.25331e-02 1.07867e-01 1.39114e-01 |
    905 | 1.08518e+01 1.19909e-02 | 1.25331e-02 1.07867e-01 1.39114e-01 |
    906 | 1.08638e+01 1.19909e-02 | 1.25331e-02 1.07867e-01 1.39114e-01 |
    907 | 1.08758e+01 1.19909e-02 | 1.25331e-02 1.07867e-01 1.39114e-01 |
    908 | 1.08878e+01 1.19909e-02 | 1.25331e-02 1.07867e-01 1.39114e-01 |
    909 | 1.08998e+01 1.19909e-02 | 1.25331e-02 1.07867e-01 1.39114e-01 |
    910 | 1.09118e+01 1.19909e-02 | 1.25331e-02 1.07867e-01 1.39114e-01 |
    911 | 1.09238e+01 1.19909e-02 | 1.25331e-02 1.07867e-01 1.39114e-01 |
    912 | 1.09358e+01 1.19909e-02 | 1.25331e-02 1.07867e-01 1.39114e-01 |
    913 | 1.09478e+01 1.19909e-02 | 1.25331e-02 1.07867e-01 1.39114e-01 |
    914 | 1.09598e+01 1.19909e-02 | 1.25331e-02 1.07867e-01 1.39114e-01 |
    915 | 1.09717e+01 1.19909e-02 | 1.25331e-02 1.07867e-01 1.39114e-01 |
    916 | 1.09837e+01 1.19909e-02 | 1.25331e-02 1.07867e-01 1.39114e-01 |
    917 | 1.09957e+01 1.19909e-02 | 1.25331e-02 1.07867e-01 1.39114e-01 |
    918 | 1.10077e+01 1.19909e-02 | 1.25331e-02 1.07867e-01 1.39114e-01 |
    919 | 1.10197e+01 1.19909e-02 | 1.25331e-02 1.07867e-01 1.39114e-01 |
    920 | 1.10317e+01 1.19909e-02 | 1.25331e-02 1.07867e-01 1.39114e-01 |
    921 | 1.10437e+01 1.19909e-02 | 1.25331e-02 1.07867e-01 1.39114e-01 |
    922 | 1.10557e+01 1.19909e-02 | 1.25331e-02 1.07867e-01 1.39114e-01 |
    923 | 1.10677e+01 1.19909e-02 | 1.25331e-02 1.07867e-01 1.39114e-01 |
    924 | 1.10797e+01 1.19909e-02 | 1.25331e-02 1.07867e-01 1.39114e-01 |
    925 | 1.10917e+01 1.19909e-02 | 1.25331e-02 1.07867e-01 1.39114e-01 |
    926 | 1.11036e+01 1.19910e-02 | 1.25331e-02 1.07867e-01 1.39114e-01 |
    927 | 1.11156e+01 1.19910e-02 | 1.25331e-02 1.07867e-01 1.39114e-01 |
    928 | 1.11276e+01 1.19910e-02 | 1.25331e-02 1.07867e-01 1.39114e-01 |
    929 | 1.11396e+01 1.19910e-02 | 1.25331e-02 1.07867e-01 1.39114e-01 |
    930 | 1.11516e+01 1.19910e-02 | 1.25331e-02 1.07867e-01 1.39114e-01 |
    931 | 1.11636e+01 1.19910e-02 | 1.25331e-02 1.07867e-01 1.39114e-01 |
    932 | 1.11756e+01 1.19911e-02 | 1.25331e-02 1.07867e-01 1.39114e-01 |
    933 | 1.11876e+01 1.19911e-02 | 1.25331e-02 1.07867e-01 1.39114e-01 |
    934 | 1.11996e+01 1.19911e-02 | 1.25331e-02 1.07867e-01 1.39114e-01 |
    935 | 1.12116e+01 1.19911e-02 | 1.25331e-02 1.07867e-01 1.39114e-01 |
    936 | 1.12236e+01 1.19910e-02 | 1.25331e-02 1.07867e-01 1.39114e-01 |
    937 | 1.12355e+01 1.19910e-02 | 1.25331e-02 1.07867e-01 1.39114e-01 |
    938 | 1.12475e+01 1.19910e-02 | 1.25331e-02 1.07867e-01 1.39114e-01 |
    939 | 1.12595e+01 1.19910e-02 | 1.25331e-02 1.07867e-01 1.39114e-01 |
    940 | 1.12715e+01 1.19910e-02 | 1.25331e-02 1.07867e-01 1.39114e-01 |
    941 | 1.12835e+01 1.19910e-02 | 1.25331e-02 1.07867e-01 1.39114e-01 |
    942 | 1.12955e+01 1.19909e-02 | 1.25331e-02 1.07867e-01 1.39114e-01 |
    943 | 1.13075e+01 1.19909e-02 | 1.25331e-02 1.07867e-01 1.39114e-01 |
    944 | 1.13195e+01 1.19909e-02 | 1.25331e-02 1.07867e-01 1.39114e-01 |
    945 | 1.13315e+01 1.19909e-02 | 1.25331e-02 1.07867e-01 1.39114e-01 |
    946 | 1.13435e+01 1.19909e-02 | 1.25331e-02 1.07867e-01 1.39114e-01 |
    947 | 1.13555e+01 1.19909e-02 | 1.25331e-02 1.07867e-01 1.39114e-01 |
    948 | 1.13674e+01 1.19909e-02 | 1.25331e-02 1.07867e-01 1.39114e-01 |
    949 | 1.13794e+01 1.19909e-02 | 1.25331e-02 1.07867e-01 1.39114e-01 |
    950 | 1.13914e+01 1.19909e-02 | 1.25331e-02 1.07867e-01 1.39114e-01 |
    951 | 1.14034e+01 1.19909e-02 | 1.25331e-02 1.07867e-01 1.39114e-01 |
    952 | 1.14154e+01 1.19909e-02 | 1.25331e-02 1.07867e-01 1.39114e-01 |
    953 | 1.14274e+01 1.19909e-02 | 1.25331e-02 1.07867e-01 1.39114e-01 |
    954 | 1.14394e+01 1.19909e-02 | 1.25331e-02 1.07867e-01 1.39114e-01 |
    955 | 1.14514e+01 1.19909e-02 | 1.25331e-02 1.07867e-01 1.39114e-01 |
    956 | 1.14634e+01 1.19909e-02 | 1.25331e-02 1.07867e-01 1.39114e-01 |
    957 | 1.14754e+01 1.19909e-02 | 1.25331e-02 1.07867e-01 1.39114e-01 |
    958 | 1.14874e+01 1.19909e-02 | 1.25331e-02 1.07867e-01 1.39114e-01 |
    959 | 1.14993e+01 1.19909e-02 | 1.25331e-02 1.07867e-01 1.39114e-01 |
    960 | 1.15113e+01 1.19909e-02 | 1.25331e-02 1.07867e-01 1.39114e-01 |
    961 | 1.15233e+01 1.19909e-02 | 1.25331e-02 1.07867e-01 1.39114e-01 |
    962 | 1.15353e+01 1.19910e-02 | 1.25331e-02 1.07867e-01 1.39114e-01 |
    963 | 1.15473e+01 1.19910e-02 | 1.25331e-02 1.07867e-01 1.39114e-01 |
    964 | 1.15593e+01 1.19910e-02 | 1.25331e-02 1.07867e-01 1.39114e-01 |
    965 | 1.15713e+01 1.19910e-02 | 1.25331e-02 1.07867e-01 1.39114e-01 |
    966 | 1.15833e+01 1.19910e-02 | 1.25331e-02 1.07867e-01 1.39114e-01 |
    967 | 1.15953e+01 1.19910e-02 | 1.25331e-02 1.07867e-01 1.39114e-01 |
    968 | 1.16073e+01 1.19911e-02 | 1.25331e-02 1.07867e-01 1.39114e-01 |
    969 | 1.16193e+01 1.19911e-02 | 1.25331e-02 1.07867e-01 1.39114e-01 |
    970 | 1.16312e+01 1.19911e-02 | 1.25331e-02 1.07867e-01 1.39114e-01 |
    971 | 1.16432e+01 1.19911e-02 | 1.25331e-02 1.07867e-01 1.39114e-01 |
    972 | 1.16552e+01 1.19912e-02 | 1.25331e-02 1.07867e-01 1.39114e-01 |
    973 | 1.16672e+01 1.19912e-02 | 1.25331e-02 1.07867e-01 1.39114e-01 |
    974 | 1.16792e+01 1.19912e-02 | 1.25331e-02 1.07867e-01 1.39114e-01 |
    975 | 1.16912e+01 1.19911e-02 | 1.25331e-02 1.07867e-01 1.39114e-01 |
    976 | 1.17032e+01 1.19911e-02 | 1.25331e-02 1.07867e-01 1.39114e-01 |
    977 | 1.17152e+01 1.19911e-02 | 1.25331e-02 1.07867e-01 1.39114e-01 |
    978 | 1.17272e+01 1.19911e-02 | 1.25331e-02 1.07867e-01 1.39114e-01 |
    979 | 1.17392e+01 1.19910e-02 | 1.25331e-02 1.07867e-01 1.39114e-01 |
    980 | 1.17512e+01 1.19910e-02 | 1.25331e-02 1.07867e-01 1.39114e-01 |
    981 | 1.17632e+01 1.19910e-02 | 1.25331e-02 1.07867e-01 1.39114e-01 |
    982 | 1.17751e+01 1.19910e-02 | 1.25331e-02 1.07867e-01 1.39114e-01 |
    983 | 1.17871e+01 1.19910e-02 | 1.25331e-02 1.07867e-01 1.39114e-01 |
    984 | 1.17991e+01 1.19909e-02 | 1.25331e-02 1.07867e-01 1.39114e-01 |
    985 | 1.18111e+01 1.19909e-02 | 1.25331e-02 1.07867e-01 1.39114e-01 |
    986 | 1.18231e+01 1.19909e-02 | 1.25331e-02 1.07867e-01 1.39114e-01 |
    987 | 1.18351e+01 1.19909e-02 | 1.25331e-02 1.07867e-01 1.39114e-01 |
    988 | 1.18471e+01 1.19909e-02 | 1.25331e-02 1.07867e-01 1.39114e-01 |
    989 | 1.18591e+01 1.19909e-02 | 1.25331e-02 1.07867e-01 1.39114e-01 |
    990 | 1.18711e+01 1.19909e-02 | 1.25331e-02 1.07867e-01 1.39114e-01 |
    991 | 1.18831e+01 1.19909e-02 | 1.25331e-02 1.07867e-01 1.39114e-01 |
    992 | 1.18951e+01 1.19909e-02 | 1.25331e-02 1.07867e-01 1.39114e-01 |
    993 | 1.19070e+01 1.19909e-02 | 1.25331e-02 1.07867e-01 1.39114e-01 |
    994 | 1.19190e+01 1.19909e-02 | 1.25331e-02 1.07867e-01 1.39114e-01 |
    995 | 1.19310e+01 1.19909e-02 | 1.25331e-02 1.07867e-01 1.39114e-01 |
    996 | 1.19430e+01 1.19909e-02 | 1.25331e-02 1.07867e-01 1.39114e-01 |
    997 | 1.19550e+01 1.19909e-02 | 1.25331e-02 1.07867e-01 1.39114e-01 |
    998 | 1.19670e+01 1.19909e-02 | 1.25331e-02 1.07867e-01 1.39114e-01 |
    999 | 1.19790e+01 1.19909e-02 | 1.25331e-02 1.07867e-01 1.39114e-01 |
   1000 | 1.19910e+01 1.19909e-02 | 1.25331e-02 1.07867e-01 1.39114e-01 |
   1001 | 1.20030e+01 1.19909e-02 | 1.25331e-02 1.07867e-01 1.39114e-01 |
   1002 | 1.20150e+01 1.19909e-02 | 1.25331e-02 1.07867e-01 1.39114e-01 |
   1003 | 1.20270e+01 1.19909e-02 | 1.25331e-02 1.07867e-01 1.39114e-01 |
   1004 | 1.20389e+01 1.19909e-02 | 1.25331e-02 1.07867e-01 1.39114e-01 |
   1005 | 1.20509e+01 1.19909e-02 | 1.25331e-02 1.07867e-01 1.39114e-01 |
   1006 | 1.20629e+01 1.19909e-02 | 1.25331e-02 1.07867e-01 1.39114e-01 |
   1007 | 1.20749e+01 1.19909e-02 | 1.25331e-02 1.07867e-01 1.39114e-01 |
   1008 | 1.20869e+01 1.19910e-02 | 1.25331e-02 1.07867e-01 1.39114e-01 |
   1009 | 1.20989e+01 1.19910e-02 | 1.25331e-02 1.07867e-01 1.39114e-01 |
   1010 | 1.21109e+01 1.19910e-02 | 1.25331e-02 1.07867e-01 1.39114e-01 |
   1011 | 1.21229e+01 1.19910e-02 | 1.25331e-02 1.07867e-01 1.39114e-01 |
   1012 | 1.21349e+01 1.19910e-02 | 1.25331e-02 1.07867e-01 1.39114e-01 |
   1013 | 1.21469e+01 1.19911e-02 | 1.25331e-02 1.07867e-01 1.39114e-01 |
   1014 | 1.21589e+01 1.19911e-02 | 1.25331e-02 1.07867e-01 1.39114e-01 |
   1015 | 1.21708e+01 1.19911e-02 | 1.25331e-02 1.07867e-01 1.39114e-01 |
   1016 | 1.21828e+01 1.19910e-02 | 1.25331e-02 1.07867e-01 1.39114e-01 |
   1017 | 1.21948e+01 1.19910e-02 | 1.25331e-02 1.07867e-01 1.39114e-01 |
   1018 | 1.22068e+01 1.19910e-02 | 1.25331e-02 1.07867e-01 1.39114e-01 |
   1019 | 1.22188e+01 1.19910e-02 | 1.25331e-02 1.07867e-01 1.39114e-01 |
   1020 | 1.22308e+01 1.19910e-02 | 1.25331e-02 1.07867e-01 1.39114e-01 |
   1021 | 1.22428e+01 1.19909e-02 | 1.25331e-02 1.07867e-01 1.39114e-01 |
   1022 | 1.22548e+01 1.19909e-02 | 1.25331e-02 1.07867e-01 1.39114e-01 |
   1023 | 1.22668e+01 1.19909e-02 | 1.25331e-02 1.07867e-01 1.39114e-01 |
   1024 | 1.22788e+01 1.19909e-02 | 1.25331e-02 1.07867e-01 1.39114e-01 |
   1025 | 1.22908e+01 1.19909e-02 | 1.25331e-02 1.07867e-01 1.39114e-01 |
   1026 | 1.23027e+01 1.19909e-02 | 1.25331e-02 1.07867e-01 1.39114e-01 |
   1027 | 1.23147e+01 1.19909e-02 | 1.25331e-02 1.07867e-01 1.39114e-01 |
   1028 | 1.23267e+01 1.19909e-02 | 1.25331e-02 1.07867e-01 1.39114e-01 |
   1029 | 1.23387e+01 1.19909e-02 | 1.25331e-02 1.07867e-01 1.39114e-01 |
   1030 | 1.23507e+01 1.19909e-02 | 1.25331e-02 1.07867e-01 1.39114e-01 |
   1031 | 1.23627e+01 1.19909e-02 | 1.25331e-02 1.07867e-01 1.39114e-01 |
   1032 | 1.23747e+01 1.19908e-02 | 1.25331e-02 1.07867e-01 1.39114e-01 |
   1033 | 1.23867e+01 1.19908e-02 | 1.25331e-02 1.07867e-01 1.39114e-01 |
   1034 | 1.23987e+01 1.19909e-02 | 1.25331e-02 1.07867e-01 1.39114e-01 |
   1035 | 1.24107e+01 1.19909e-02 | 1.25331e-02 1.07867e-01 1.39114e-01 |
   1036 | 1.24227e+01 1.19909e-02 | 1.25331e-02 1.07867e-01 1.39114e-01 |
   1037 | 1.24346e+01 1.19909e-02 | 1.25331e-02 1.07867e-01 1.39114e-01 |
   1038 | 1.24466e+01 1.19909e-02 | 1.25331e-02 1.07867e-01 1.39114e-01 |
   1039 | 1.24586e+01 1.19909e-02 | 1.25331e-02 1.07867e-01 1.39114e-01 |
   1040 | 1.24706e+01 1.19909e-02 | 1.25331e-02 1.07867e-01 1.39114e-01 |
   1041 | 1.24826e+01 1.19909e-02 | 1.25331e-02 1.07867e-01 1.39114e-01 |
   1042 | 1.24946e+01 1.19909e-02 | 1.25331e-02 1.07867e-01 1.39114e-01 |
   1043 | 1.25066e+01 1.19909e-02 | 1.25331e-02 1.07867e-01 1.39114e-01 |
   1044 | 1.25186e+01 1.19909e-02 | 1.25331e-02 1.07867e-01 1.39114e-01 |
   1045 | 1.25306e+01 1.19910e-02 | 1.25331e-02 1.07867e-01 1.39114e-01 |
   1046 | 1.25426e+01 1.19910e-02 | 1.25331e-02 1.07867e-01 1.39114e-01 |
   1047 | 1.25546e+01 1.19910e-02 | 1.25331e-02 1.07867e-01 1.39114e-01 |
   1048 | 1.25665e+01 1.19910e-02 | 1.25331e-02 1.07867e-01 1.39114e-01 |
   1049 | 1.25785e+01 1.19910e-02 | 1.25331e-02 1.07867e-01 1.39114e-01 |
   1050 | 1.25905e+01 1.19911e-02 | 1.25331e-02 1.07867e-01 1.39114e-01 |
   1051 | 1.26025e+01 1.19911e-02 | 1.25331e-02 1.07867e-01 1.39114e-01 |
   1052 | 1.26145e+01 1.19911e-02 | 1.25331e-02 1.07867e-01 1.39114e-01 |
   1053 | 1.26265e+01 1.19910e-02 | 1.25331e-02 1.07867e-01 1.39114e-01 |
   1054 | 1.26385e+01 1.19910e-02 | 1.25331e-02 1.07867e-01 1.39114e-01 |
   1055 | 1.26505e+01 1.19910e-02 | 1.25331e-02 1.07867e-01 1.39114e-01 |
   1056 | 1.26625e+01 1.19910e-02 | 1.25331e-02 1.07867e-01 1.39114e-01 |
   1057 | 1.26745e+01 1.19909e-02 | 1.25331e-02 1.07867e-01 1.39114e-01 |
   1058 | 1.26865e+01 1.19909e-02 | 1.25331e-02 1.07867e-01 1.39114e-01 |
   1059 | 1.26984e+01 1.19909e-02 | 1.25331e-02 1.07867e-01 1.39114e-01 |
   1060 | 1.27104e+01 1.19909e-02 | 1.25331e-02 1.07867e-01 1.39114e-01 |
   1061 | 1.27224e+01 1.19909e-02 | 1.25331e-02 1.07867e-01 1.39114e-01 |
   1062 | 1.27344e+01 1.19909e-02 | 1.25331e-02 1.07867e-01 1.39114e-01 |
   1063 | 1.27464e+01 1.19909e-02 | 1.25331e-02 1.07867e-01 1.39114e-01 |
   1064 | 1.27584e+01 1.19909e-02 | 1.25331e-02 1.07867e-01 1.39114e-01 |
   1065 | 1.27704e+01 1.19909e-02 | 1.25331e-02 1.07867e-01 1.39114e-01 |
   1066 | 1.27824e+01 1.19908e-02 | 1.25331e-02 1.07867e-01 1.39114e-01 |
   1067 | 1.27944e+01 1.19908e-02 | 1.25331e-02 1.07867e-01 1.39114e-01 |
   1068 | 1.28064e+01 1.19908e-02 | 1.25331e-02 1.07867e-01 1.39114e-01 |
   1069 | 1.28184e+01 1.19908e-02 | 1.25331e-02 1.07867e-01 1.39114e-01 |
   1070 | 1.28303e+01 1.19908e-02 | 1.25331e-02 1.07867e-01 1.39114e-01 |
   1071 | 1.28423e+01 1.19908e-02 | 1.25331e-02 1.07867e-01 1.39114e-01 |
   1072 | 1.28543e+01 1.19908e-02 | 1.25331e-02 1.07867e-01 1.39114e-01 |
   1073 | 1.28663e+01 1.19908e-02 | 1.25331e-02 1.07867e-01 1.39114e-01 |
   1074 | 1.28783e+01 1.19909e-02 | 1.25331e-02 1.07867e-01 1.39114e-01 |
   1075 | 1.28903e+01 1.19909e-02 | 1.25331e-02 1.07867e-01 1.39114e-01 |
   1076 | 1.29023e+01 1.19909e-02 | 1.25331e-02 1.07867e-01 1.39114e-01 |
   1077 | 1.29143e+01 1.19909e-02 | 1.25331e-02 1.07867e-01 1.39114e-01 |
   1078 | 1.29263e+01 1.19909e-02 | 1.25331e-02 1.07867e-01 1.39114e-01 |
   1079 | 1.29383e+01 1.19909e-02 | 1.25331e-02 1.07867e-01 1.39114e-01 |
   1080 | 1.29503e+01 1.19909e-02 | 1.25331e-02 1.07867e-01 1.39114e-01 |
   1081 | 1.29622e+01 1.19909e-02 | 1.25331e-02 1.07867e-01 1.39114e-01 |
   1082 | 1.29742e+01 1.19909e-02 | 1.25331e-02 1.07867e-01 1.39114e-01 |
   1083 | 1.29862e+01 1.19910e-02 | 1.25331e-02 1.07867e-01 1.39114e-01 |
   1084 | 1.29982e+01 1.19910e-02 | 1.25331e-02 1.07867e-01 1.39114e-01 |
   1085 | 1.30102e+01 1.19910e-02 | 1.25331e-02 1.07867e-01 1.39114e-01 |
   1086 | 1.30222e+01 1.19910e-02 | 1.25331e-02 1.07867e-01 1.39114e-01 |
   1087 | 1.30342e+01 1.19910e-02 | 1.25331e-02 1.07867e-01 1.39114e-01 |
   1088 | 1.30462e+01 1.19911e-02 | 1.25331e-02 1.07867e-01 1.39114e-01 |
   1089 | 1.30582e+01 1.19911e-02 | 1.25331e-02 1.07867e-01 1.39114e-01 |
   1090 | 1.30702e+01 1.19911e-02 | 1.25331e-02 1.07867e-01 1.39114e-01 |
   1091 | 1.30822e+01 1.19911e-02 | 1.25331e-02 1.07867e-01 1.39114e-01 |
   1092 | 1.30941e+01 1.19912e-02 | 1.25331e-02 1.07867e-01 1.39114e-01 |
   1093 | 1.31061e+01 1.19912e-02 | 1.25331e-02 1.07867e-01 1.39114e-01 |
   1094 | 1.31181e+01 1.19912e-02 | 1.25331e-02 1.07867e-01 1.39114e-01 |
   1095 | 1.31301e+01 1.19912e-02 | 1.25331e-02 1.07867e-01 1.39114e-01 |
   1096 | 1.31421e+01 1.19912e-02 | 1.25331e-02 1.07867e-01 1.39114e-01 |
   1097 | 1.31541e+01 1.19912e-02 | 1.25331e-02 1.07867e-01 1.39114e-01 |
   1098 | 1.31661e+01 1.19911e-02 | 1.25331e-02 1.07867e-01 1.39114e-01 |
   1099 | 1.31781e+01 1.19911e-02 | 1.25331e-02 1.07867e-01 1.39114e-01 |
   1100 | 1.31901e+01 1.19911e-02 | 1.25331e-02 1.07867e-01 1.39114e-01 |
   1101 | 1.32021e+01 1.19911e-02 | 1.25331e-02 1.07867e-01 1.39114e-01 |
   1102 | 1.32141e+01 1.19911e-02 | 1.25331e-02 1.07867e-01 1.39114e-01 |
   1103 | 1.32260e+01 1.19911e-02 | 1.25331e-02 1.07867e-01 1.39114e-01 |
   1104 | 1.32380e+01 1.19910e-02 | 1.25331e-02 1.07867e-01 1.39114e-01 |
   1105 | 1.32500e+01 1.19910e-02 | 1.25331e-02 1.07867e-01 1.39114e-01 |
   1106 | 1.32620e+01 1.19910e-02 | 1.25331e-02 1.07867e-01 1.39114e-01 |
   1107 | 1.32740e+01 1.19910e-02 | 1.25331e-02 1.07867e-01 1.39114e-01 |
   1108 | 1.32860e+01 1.19910e-02 | 1.25331e-02 1.07867e-01 1.39114e-01 |
   1109 | 1.32980e+01 1.19910e-02 | 1.25331e-02 1.07867e-01 1.39114e-01 |
   1110 | 1.33100e+01 1.19910e-02 | 1.25331e-02 1.07867e-01 1.39114e-01 |
   1111 | 1.33220e+01 1.19910e-02 | 1.25331e-02 1.07867e-01 1.39114e-01 |
   1112 | 1.33340e+01 1.19910e-02 | 1.25331e-02 1.07867e-01 1.39114e-01 |
   1113 | 1.33460e+01 1.19910e-02 | 1.25331e-02 1.07867e-01 1.39114e-01 |
   1114 | 1.33579e+01 1.19910e-02 | 1.25331e-02 1.07867e-01 1.39114e-01 |
   1115 | 1.33699e+01 1.19910e-02 | 1.25331e-02 1.07867e-01 1.39114e-01 |
   1116 | 1.33819e+01 1.19910e-02 | 1.25331e-02 1.07867e-01 1.39114e-01 |
   1117 | 1.33939e+01 1.19910e-02 | 1.25331e-02 1.07867e-01 1.39114e-01 |
   1118 | 1.34059e+01 1.19910e-02 | 1.25331e-02 1.07867e-01 1.39114e-01 |
   1119 | 1.34179e+01 1.19910e-02 | 1.25331e-02 1.07867e-01 1.39114e-01 |
   1120 | 1.34299e+01 1.19910e-02 | 1.25331e-02 1.07867e-01 1.39114e-01 |
   1121 | 1.34419e+01 1.19910e-02 | 1.25331e-02 1.07867e-01 1.39114e-01 |
   1122 | 1.34539e+01 1.19910e-02 | 1.25331e-02 1.07867e-01 1.39114e-01 |
   1123 | 1.34659e+01 1.19910e-02 | 1.25331e-02 1.07867e-01 1.39114e-01 |
   1124 | 1.34779e+01 1.19911e-02 | 1.25331e-02 1.07867e-01 1.39114e-01 |
   1125 | 1.34898e+01 1.19911e-02 | 1.25331e-02 1.07867e-01 1.39114e-01 |
   1126 | 1.35018e+01 1.19911e-02 | 1.25331e-02 1.07867e-01 1.39114e-01 |
   1127 | 1.35138e+01 1.19911e-02 | 1.25331e-02 1.07867e-01 1.39114e-01 |
   1128 | 1.35258e+01 1.19911e-02 | 1.25331e-02 1.07867e-01 1.39114e-01 |
   1129 | 1.35378e+01 1.19911e-02 | 1.25331e-02 1.07867e-01 1.39114e-01 |
   1130 | 1.35498e+01 1.19912e-02 | 1.25331e-02 1.07867e-01 1.39114e-01 |
   1131 | 1.35618e+01 1.19912e-02 | 1.25331e-02 1.07867e-01 1.39114e-01 |
   1132 | 1.35738e+01 1.19912e-02 | 1.25331e-02 1.07867e-01 1.39114e-01 |
   1133 | 1.35858e+01 1.19912e-02 | 1.25331e-02 1.07867e-01 1.39114e-01 |
   1134 | 1.35978e+01 1.19911e-02 | 1.25331e-02 1.07867e-01 1.39114e-01 |
   1135 | 1.36098e+01 1.19911e-02 | 1.25331e-02 1.07867e-01 1.39114e-01 |
   1136 | 1.36218e+01 1.19911e-02 | 1.25331e-02 1.07867e-01 1.39114e-01 |
   1137 | 1.36337e+01 1.19911e-02 | 1.25331e-02 1.07867e-01 1.39114e-01 |
   1138 | 1.36457e+01 1.19911e-02 | 1.25331e-02 1.07867e-01 1.39114e-01 |
   1139 | 1.36577e+01 1.19910e-02 | 1.25331e-02 1.07867e-01 1.39114e-01 |
   1140 | 1.36697e+01 1.19910e-02 | 1.25331e-02 1.07867e-01 1.39114e-01 |
   1141 | 1.36817e+01 1.19910e-02 | 1.25331e-02 1.07867e-01 1.39114e-01 |
   1142 | 1.36937e+01 1.19910e-02 | 1.25331e-02 1.07867e-01 1.39114e-01 |
   1143 | 1.37057e+01 1.19910e-02 | 1.25331e-02 1.07867e-01 1.39114e-01 |
   1144 | 1.37177e+01 1.19910e-02 | 1.25331e-02 1.07867e-01 1.39114e-01 |
   1145 | 1.37297e+01 1.19910e-02 | 1.25331e-02 1.07867e-01 1.39114e-01 |
   1146 | 1.37417e+01 1.19910e-02 | 1.25331e-02 1.07867e-01 1.39114e-01 |
   1147 | 1.37537e+01 1.19910e-02 | 1.25331e-02 1.07867e-01 1.39114e-01 |
   1148 | 1.37656e+01 1.19910e-02 | 1.25331e-02 1.07867e-01 1.39114e-01 |
   1149 | 1.37776e+01 1.19910e-02 | 1.25331e-02 1.07867e-01 1.39114e-01 |
   1150 | 1.37896e+01 1.19910e-02 | 1.25331e-02 1.07867e-01 1.39114e-01 |
   1151 | 1.38016e+01 1.19910e-02 | 1.25331e-02 1.07867e-01 1.39114e-01 |
   1152 | 1.38136e+01 1.19910e-02 | 1.25331e-02 1.07867e-01 1.39114e-01 |
   1153 | 1.38256e+01 1.19910e-02 | 1.25331e-02 1.07867e-01 1.39114e-01 |
   1154 | 1.38376e+01 1.19910e-02 | 1.25331e-02 1.07867e-01 1.39114e-01 |
   1155 | 1.38496e+01 1.19910e-02 | 1.25331e-02 1.07867e-01 1.39114e-01 |
   1156 | 1.38616e+01 1.19910e-02 | 1.25331e-02 1.07867e-01 1.39114e-01 |
   1157 | 1.38736e+01 1.19910e-02 | 1.25331e-02 1.07867e-01 1.39114e-01 |
   1158 | 1.38856e+01 1.19910e-02 | 1.25331e-02 1.07867e-01 1.39114e-01 |
   1159 | 1.38975e+01 1.19910e-02 | 1.25331e-02 1.07867e-01 1.39114e-01 |
   1160 | 1.39095e+01 1.19910e-02 | 1.25331e-02 1.07867e-01 1.39114e-01 |
   1161 | 1.39215e+01 1.19910e-02 | 1.25331e-02 1.07867e-01 1.39114e-01 |
   1162 | 1.39335e+01 1.19910e-02 | 1.25331e-02 1.07867e-01 1.39114e-01 |
   1163 | 1.39455e+01 1.19911e-02 | 1.25331e-02 1.07867e-01 1.39114e-01 |
   1164 | 1.39575e+01 1.19911e-02 | 1.25331e-02 1.07867e-01 1.39114e-01 |
   1165 | 1.39695e+01 1.19911e-02 | 1.25331e-02 1.07867e-01 1.39114e-01 |
   1166 | 1.39815e+01 1.19910e-02 | 1.25331e-02 1.07867e-01 1.39114e-01 |
   1167 | 1.39935e+01 1.19910e-02 | 1.25331e-02 1.07867e-01 1.39114e-01 |
   1168 | 1.40055e+01 1.19910e-02 | 1.25331e-02 1.07867e-01 1.39114e-01 |
   1169 | 1.40175e+01 1.19910e-02 | 1.25331e-02 1.07867e-01 1.39114e-01 |
   1170 | 1.40294e+01 1.19910e-02 | 1.25331e-02 1.07867e-01 1.39114e-01 |
   1171 | 1.40414e+01 1.19910e-02 | 1.25331e-02 1.07867e-01 1.39114e-01 |
   1172 | 1.40534e+01 1.19910e-02 | 1.25331e-02 1.07867e-01 1.39114e-01 |
   1173 | 1.40654e+01 1.19909e-02 | 1.25331e-02 1.07867e-01 1.39114e-01 |
   1174 | 1.40774e+01 1.19909e-02 | 1.25331e-02 1.07867e-01 1.39114e-01 |
   1175 | 1.40894e+01 1.19909e-02 | 1.25331e-02 1.07867e-01 1.39114e-01 |
   1176 | 1.41014e+01 1.19909e-02 | 1.25331e-02 1.07867e-01 1.39114e-01 |
   1177 | 1.41134e+01 1.19909e-02 | 1.25331e-02 1.07867e-01 1.39114e-01 |
   1178 | 1.41254e+01 1.19909e-02 | 1.25331e-02 1.07867e-01 1.39114e-01 |
   1179 | 1.41374e+01 1.19909e-02 | 1.25331e-02 1.07867e-01 1.39114e-01 |
   1180 | 1.41494e+01 1.19909e-02 | 1.25331e-02 1.07867e-01 1.39114e-01 |
   1181 | 1.41613e+01 1.19909e-02 | 1.25331e-02 1.07867e-01 1.39114e-01 |
   1182 | 1.41733e+01 1.19909e-02 | 1.25331e-02 1.07867e-01 1.39114e-01 |
   1183 | 1.41853e+01 1.19909e-02 | 1.25331e-02 1.07867e-01 1.39114e-01 |
   1184 | 1.41973e+01 1.19909e-02 | 1.25331e-02 1.07867e-01 1.39114e-01 |
   1185 | 1.42093e+01 1.19909e-02 | 1.25331e-02 1.07867e-01 1.39114e-01 |
   1186 | 1.42213e+01 1.19909e-02 | 1.25331e-02 1.07867e-01 1.39114e-01 |
   1187 | 1.42333e+01 1.19909e-02 | 1.25331e-02 1.07867e-01 1.39114e-01 |
   1188 | 1.42453e+01 1.19909e-02 | 1.25331e-02 1.07867e-01 1.39114e-01 |
   1189 | 1.42573e+01 1.19909e-02 | 1.25331e-02 1.07867e-01 1.39114e-01 |
   1190 | 1.42693e+01 1.19909e-02 | 1.25331e-02 1.07867e-01 1.39114e-01 |
   1191 | 1.42813e+01 1.19909e-02 | 1.25331e-02 1.07867e-01 1.39114e-01 |
   1192 | 1.42932e+01 1.19909e-02 | 1.25331e-02 1.07867e-01 1.39114e-01 |
   1193 | 1.43052e+01 1.19909e-02 | 1.25331e-02 1.07867e-01 1.39114e-01 |
   1194 | 1.43172e+01 1.19909e-02 | 1.25331e-02 1.07867e-01 1.39114e-01 |
   1195 | 1.43292e+01 1.19909e-02 | 1.25331e-02 1.07867e-01 1.39114e-01 |
   1196 | 1.43412e+01 1.19910e-02 | 1.25331e-02 1.07867e-01 1.39114e-01 |
   1197 | 1.43532e+01 1.19910e-02 | 1.25331e-02 1.07867e-01 1.39114e-01 |
   1198 | 1.43652e+01 1.19910e-02 | 1.25331e-02 1.07867e-01 1.39114e-01 |
   1199 | 1.43772e+01 1.19910e-02 | 1.25331e-02 1.07867e-01 1.39114e-01 |
   1200 | 1.43892e+01 1.19910e-02 | 1.25331e-02 1.07867e-01 1.39114e-01 |
   1201 | 1.44012e+01 1.19910e-02 | 1.25331e-02 1.07867e-01 1.39114e-01 |
   1202 | 1.44132e+01 1.19910e-02 | 1.25331e-02 1.07867e-01 1.39114e-01 |
   1203 | 1.44251e+01 1.19911e-02 | 1.25331e-02 1.07867e-01 1.39114e-01 |
   1204 | 1.44371e+01 1.19911e-02 | 1.25331e-02 1.07867e-01 1.39114e-01 |
   1205 | 1.44491e+01 1.19910e-02 | 1.25331e-02 1.07867e-01 1.39114e-01 |
   1206 | 1.44611e+01 1.19910e-02 | 1.25331e-02 1.07867e-01 1.39114e-01 |
   1207 | 1.44731e+01 1.19910e-02 | 1.25331e-02 1.07867e-01 1.39114e-01 |
   1208 | 1.44851e+01 1.19910e-02 | 1.25331e-02 1.07867e-01 1.39114e-01 |
   1209 | 1.44971e+01 1.19910e-02 | 1.25331e-02 1.07867e-01 1.39114e-01 |
   1210 | 1.45091e+01 1.19910e-02 | 1.25331e-02 1.07867e-01 1.39114e-01 |
   1211 | 1.45211e+01 1.19910e-02 | 1.25331e-02 1.07867e-01 1.39114e-01 |
   1212 | 1.45331e+01 1.19910e-02 | 1.25331e-02 1.07867e-01 1.39114e-01 |
   1213 | 1.45451e+01 1.19910e-02 | 1.25331e-02 1.07867e-01 1.39114e-01 |
   1214 | 1.45570e+01 1.19910e-02 | 1.25331e-02 1.07867e-01 1.39114e-01 |
   1215 | 1.45690e+01 1.19910e-02 | 1.25331e-02 1.07867e-01 1.39114e-01 |
   1216 | 1.45810e+01 1.19910e-02 | 1.25331e-02 1.07867e-01 1.39114e-01 |
   1217 | 1.45930e+01 1.19910e-02 | 1.25331e-02 1.07867e-01 1.39114e-01 |
   1218 | 1.46050e+01 1.19910e-02 | 1.25331e-02 1.07867e-01 1.39114e-01 |
   1219 | 1.46170e+01 1.19910e-02 | 1.25331e-02 1.07867e-01 1.39114e-01 |
   1220 | 1.46290e+01 1.19910e-02 | 1.25331e-02 1.07867e-01 1.39114e-01 |
   1221 | 1.46410e+01 1.19910e-02 | 1.25331e-02 1.07867e-01 1.39114e-01 |
   1222 | 1.46530e+01 1.19910e-02 | 1.25331e-02 1.07867e-01 1.39114e-01 |
   1223 | 1.46650e+01 1.19910e-02 | 1.25331e-02 1.07867e-01 1.39114e-01 |
   1224 | 1.46770e+01 1.19910e-02 | 1.25331e-02 1.07867e-01 1.39114e-01 |
   1225 | 1.46889e+01 1.19910e-02 | 1.25331e-02 1.07867e-01 1.39114e-01 |
   1226 | 1.47009e+01 1.19910e-02 | 1.25331e-02 1.07867e-01 1.39114e-01 |
   1227 | 1.47129e+01 1.19910e-02 | 1.25331e-02 1.07867e-01 1.39114e-01 |
   1228 | 1.47249e+01 1.19910e-02 | 1.25331e-02 1.07867e-01 1.39114e-01 |
   1229 | 1.47369e+01 1.19910e-02 | 1.25331e-02 1.07867e-01 1.39114e-01 |
   1230 | 1.47489e+01 1.19911e-02 | 1.25331e-02 1.07867e-01 1.39114e-01 |
   1231 | 1.47609e+01 1.19911e-02 | 1.25331e-02 1.07867e-01 1.39114e-01 |
   1232 | 1.47729e+01 1.19911e-02 | 1.25331e-02 1.07867e-01 1.39114e-01 |
   1233 | 1.47849e+01 1.19911e-02 | 1.25331e-02 1.07867e-01 1.39114e-01 |
   1234 | 1.47969e+01 1.19911e-02 | 1.25331e-02 1.07867e-01 1.39114e-01 |
   1235 | 1.48089e+01 1.19912e-02 | 1.25331e-02 1.07867e-01 1.39114e-01 |
   1236 | 1.48209e+01 1.19912e-02 | 1.25331e-02 1.07867e-01 1.39114e-01 |
   1237 | 1.48328e+01 1.19912e-02 | 1.25331e-02 1.07867e-01 1.39114e-01 |
   1238 | 1.48448e+01 1.19912e-02 | 1.25331e-02 1.07867e-01 1.39114e-01 |
   1239 | 1.48568e+01 1.19911e-02 | 1.25331e-02 1.07867e-01 1.39114e-01 |
   1240 | 1.48688e+01 1.19911e-02 | 1.25331e-02 1.07867e-01 1.39114e-01 |
   1241 | 1.48808e+01 1.19911e-02 | 1.25331e-02 1.07867e-01 1.39114e-01 |
   1242 | 1.48928e+01 1.19911e-02 | 1.25331e-02 1.07867e-01 1.39114e-01 |
   1243 | 1.49048e+01 1.19911e-02 | 1.25331e-02 1.07867e-01 1.39114e-01 |
   1244 | 1.49168e+01 1.19911e-02 | 1.25331e-02 1.07867e-01 1.39114e-01 |
   1245 | 1.49288e+01 1.19910e-02 | 1.25331e-02 1.07867e-01 1.39114e-01 |
   1246 | 1.49408e+01 1.19910e-02 | 1.25331e-02 1.07867e-01 1.39114e-01 |
   1247 | 1.49528e+01 1.19910e-02 | 1.25331e-02 1.07867e-01 1.39114e-01 |
   1248 | 1.49647e+01 1.19910e-02 | 1.25331e-02 1.07867e-01 1.39114e-01 |
   1249 | 1.49767e+01 1.19910e-02 | 1.25331e-02 1.07867e-01 1.39114e-01 |
   1250 | 1.49887e+01 1.19910e-02 | 1.25331e-02 1.07867e-01 1.39114e-01 |
   1251 | 1.50007e+01 1.19910e-02 | 1.25331e-02 1.07867e-01 1.39114e-01 |
   1252 | 1.50127e+01 1.19910e-02 | 1.25331e-02 1.07867e-01 1.39114e-01 |
   1253 | 1.50247e+01 1.19910e-02 | 1.25331e-02 1.07867e-01 1.39114e-01 |
   1254 | 1.50367e+01 1.19910e-02 | 1.25331e-02 1.07867e-01 1.39114e-01 |
   1255 | 1.50487e+01 1.19910e-02 | 1.25331e-02 1.07867e-01 1.39114e-01 |
   1256 | 1.50607e+01 1.19910e-02 | 1.25331e-02 1.07867e-01 1.39114e-01 |
   1257 | 1.50727e+01 1.19910e-02 | 1.25331e-02 1.07867e-01 1.39114e-01 |
   1258 | 1.50847e+01 1.19910e-02 | 1.25331e-02 1.07867e-01 1.39114e-01 |
   1259 | 1.50966e+01 1.19910e-02 | 1.25331e-02 1.07867e-01 1.39114e-01 |
   1260 | 1.51086e+01 1.19910e-02 | 1.25331e-02 1.07867e-01 1.39114e-01 |
   1261 | 1.51206e+01 1.19910e-02 | 1.25331e-02 1.07867e-01 1.39114e-01 |
   1262 | 1.51326e+01 1.19910e-02 | 1.25331e-02 1.07867e-01 1.39114e-01 |
   1263 | 1.51446e+01 1.19910e-02 | 1.25331e-02 1.07867e-01 1.39114e-01 |
   1264 | 1.51566e+01 1.19911e-02 | 1.25331e-02 1.07867e-01 1.39114e-01 |
   1265 | 1.51686e+01 1.19911e-02 | 1.25331e-02 1.07867e-01 1.39114e-01 |
   1266 | 1.51806e+01 1.19911e-02 | 1.25331e-02 1.07867e-01 1.39114e-01 |
   1267 | 1.51926e+01 1.19911e-02 | 1.25331e-02 1.07867e-01 1.39114e-01 |
   1268 | 1.52046e+01 1.19911e-02 | 1.25331e-02 1.07867e-01 1.39114e-01 |
   1269 | 1.52166e+01 1.19911e-02 | 1.25331e-02 1.07867e-01 1.39114e-01 |
   1270 | 1.52285e+01 1.19912e-02 | 1.25331e-02 1.07867e-01 1.39114e-01 |
   1271 | 1.52405e+01 1.19912e-02 | 1.25331e-02 1.07867e-01 1.39114e-01 |
   1272 | 1.52525e+01 1.19912e-02 | 1.25331e-02 1.07867e-01 1.39114e-01 |
   1273 | 1.52645e+01 1.19912e-02 | 1.25331e-02 1.07867e-01 1.39114e-01 |
   1274 | 1.52765e+01 1.19912e-02 | 1.25331e-02 1.07867e-01 1.39114e-01 |
   1275 | 1.52885e+01 1.19912e-02 | 1.25331e-02 1.07867e-01 1.39114e-01 |
   1276 | 1.53005e+01 1.19911e-02 | 1.25331e-02 1.07867e-01 1.39114e-01 |
   1277 | 1.53125e+01 1.19911e-02 | 1.25331e-02 1.07867e-01 1.39114e-01 |
   1278 | 1.53245e+01 1.19911e-02 | 1.25331e-02 1.07867e-01 1.39114e-01 |
   1279 | 1.53365e+01 1.19911e-02 | 1.25331e-02 1.07867e-01 1.39114e-01 |
   1280 | 1.53485e+01 1.19910e-02 | 1.25331e-02 1.07867e-01 1.39114e-01 |
   1281 | 1.53604e+01 1.19910e-02 | 1.25331e-02 1.07867e-01 1.39114e-01 |
   1282 | 1.53724e+01 1.19910e-02 | 1.25331e-02 1.07867e-01 1.39114e-01 |
   1283 | 1.53844e+01 1.19910e-02 | 1.25331e-02 1.07867e-01 1.39114e-01 |
   1284 | 1.53964e+01 1.19910e-02 | 1.25331e-02 1.07867e-01 1.39114e-01 |
   1285 | 1.54084e+01 1.19909e-02 | 1.25331e-02 1.07867e-01 1.39114e-01 |
   1286 | 1.54204e+01 1.19909e-02 | 1.25331e-02 1.07867e-01 1.39114e-01 |
   1287 | 1.54324e+01 1.19909e-02 | 1.25331e-02 1.07867e-01 1.39114e-01 |
   1288 | 1.54444e+01 1.19909e-02 | 1.25331e-02 1.07867e-01 1.39114e-01 |
   1289 | 1.54564e+01 1.19909e-02 | 1.25331e-02 1.07867e-01 1.39114e-01 |
   1290 | 1.54684e+01 1.19909e-02 | 1.25331e-02 1.07867e-01 1.39114e-01 |
   1291 | 1.54804e+01 1.19909e-02 | 1.25331e-02 1.07867e-01 1.39114e-01 |
   1292 | 1.54923e+01 1.19909e-02 | 1.25331e-02 1.07867e-01 1.39114e-01 |
   1293 | 1.55043e+01 1.19909e-02 | 1.25331e-02 1.07867e-01 1.39114e-01 |
   1294 | 1.55163e+01 1.19908e-02 | 1.25331e-02 1.07867e-01 1.39114e-01 |
   1295 | 1.55283e+01 1.19908e-02 | 1.25331e-02 1.07867e-01 1.39114e-01 |
   1296 | 1.55403e+01 1.19908e-02 | 1.25331e-02 1.07867e-01 1.39114e-01 |
   1297 | 1.55523e+01 1.19908e-02 | 1.25331e-02 1.07867e-01 1.39114e-01 |
   1298 | 1.55643e+01 1.19908e-02 | 1.25331e-02 1.07867e-01 1.39114e-01 |
   1299 | 1.55763e+01 1.19908e-02 | 1.25331e-02 1.07867e-01 1.39114e-01 |
   1300 | 1.55883e+01 1.19908e-02 | 1.25331e-02 1.07867e-01 1.39114e-01 |
   1301 | 1.56003e+01 1.19908e-02 | 1.25331e-02 1.07867e-01 1.39114e-01 |
   1302 | 1.56123e+01 1.19908e-02 | 1.25331e-02 1.07867e-01 1.39114e-01 |
   1303 | 1.56242e+01 1.19909e-02 | 1.25331e-02 1.07867e-01 1.39114e-01 |
   1304 | 1.56362e+01 1.19909e-02 | 1.25331e-02 1.07867e-01 1.39114e-01 |
   1305 | 1.56482e+01 1.19909e-02 | 1.25331e-02 1.07867e-01 1.39114e-01 |
   1306 | 1.56602e+01 1.19909e-02 | 1.25331e-02 1.07867e-01 1.39114e-01 |
   1307 | 1.56722e+01 1.19909e-02 | 1.25331e-02 1.07867e-01 1.39114e-01 |
   1308 | 1.56842e+01 1.19909e-02 | 1.25331e-02 1.07867e-01 1.39114e-01 |
   1309 | 1.56962e+01 1.19909e-02 | 1.25331e-02 1.07867e-01 1.39114e-01 |
   1310 | 1.57082e+01 1.19909e-02 | 1.25331e-02 1.07867e-01 1.39114e-01 |
   1311 | 1.57202e+01 1.19910e-02 | 1.25331e-02 1.07867e-01 1.39114e-01 |
   1312 | 1.57322e+01 1.19910e-02 | 1.25331e-02 1.07867e-01 1.39114e-01 |
   1313 | 1.57442e+01 1.19910e-02 | 1.25331e-02 1.07867e-01 1.39114e-01 |
   1314 | 1.57561e+01 1.19910e-02 | 1.25331e-02 1.07867e-01 1.39114e-01 |
   1315 | 1.57681e+01 1.19910e-02 | 1.25331e-02 1.07867e-01 1.39114e-01 |
   1316 | 1.57801e+01 1.19911e-02 | 1.25331e-02 1.07867e-01 1.39114e-01 |
   1317 | 1.57921e+01 1.19911e-02 | 1.25331e-02 1.07867e-01 1.39114e-01 |
   1318 | 1.58041e+01 1.19910e-02 | 1.25331e-02 1.07867e-01 1.39114e-01 |
   1319 | 1.58161e+01 1.19910e-02 | 1.25331e-02 1.07867e-01 1.39114e-01 |
   1320 | 1.58281e+01 1.19910e-02 | 1.25331e-02 1.07867e-01 1.39114e-01 |
   1321 | 1.58401e+01 1.19910e-02 | 1.25331e-02 1.07867e-01 1.39114e-01 |
   1322 | 1.58521e+01 1.19910e-02 | 1.25331e-02 1.07867e-01 1.39114e-01 |
   1323 | 1.58641e+01 1.19909e-02 | 1.25331e-02 1.07867e-01 1.39114e-01 |
   1324 | 1.58761e+01 1.19909e-02 | 1.25331e-02 1.07867e-01 1.39114e-01 |
   1325 | 1.58880e+01 1.19909e-02 | 1.25331e-02 1.07867e-01 1.39114e-01 |
   1326 | 1.59000e+01 1.19909e-02 | 1.25331e-02 1.07867e-01 1.39114e-01 |
   1327 | 1.59120e+01 1.19909e-02 | 1.25331e-02 1.07867e-01 1.39114e-01 |
   1328 | 1.59240e+01 1.19909e-02 | 1.25331e-02 1.07867e-01 1.39114e-01 |
   1329 | 1.59360e+01 1.19909e-02 | 1.25331e-02 1.07867e-01 1.39114e-01 |
   1330 | 1.59480e+01 1.19909e-02 | 1.25331e-02 1.07867e-01 1.39114e-01 |
   1331 | 1.59600e+01 1.19909e-02 | 1.25331e-02 1.07867e-01 1.39114e-01 |
   1332 | 1.59720e+01 1.19909e-02 | 1.25331e-02 1.07867e-01 1.39114e-01 |
   1333 | 1.59840e+01 1.19909e-02 | 1.25331e-02 1.07867e-01 1.39114e-01 |
   1334 | 1.59960e+01 1.19909e-02 | 1.25331e-02 1.07867e-01 1.39114e-01 |
   1335 | 1.60080e+01 1.19908e-02 | 1.25331e-02 1.07867e-01 1.39114e-01 |
   1336 | 1.60199e+01 1.19909e-02 | 1.25331e-02 1.07867e-01 1.39114e-01 |
   1337 | 1.60319e+01 1.19909e-02 | 1.25331e-02 1.07867e-01 1.39114e-01 |
   1338 | 1.60439e+01 1.19909e-02 | 1.25331e-02 1.07867e-01 1.39114e-01 |
   1339 | 1.60559e+01 1.19909e-02 | 1.25331e-02 1.07867e-01 1.39114e-01 |
   1340 | 1.60679e+01 1.19909e-02 | 1.25331e-02 1.07867e-01 1.39114e-01 |
   1341 | 1.60799e+01 1.19909e-02 | 1.25331e-02 1.07867e-01 1.39114e-01 |
   1342 | 1.60919e+01 1.19909e-02 | 1.25331e-02 1.07867e-01 1.39114e-01 |
   1343 | 1.61039e+01 1.19909e-02 | 1.25331e-02 1.07867e-01 1.39114e-01 |
   1344 | 1.61159e+01 1.19909e-02 | 1.25331e-02 1.07867e-01 1.39114e-01 |
   1345 | 1.61279e+01 1.19909e-02 | 1.25331e-02 1.07867e-01 1.39114e-01 |
   1346 | 1.61399e+01 1.19909e-02 | 1.25331e-02 1.07867e-01 1.39114e-01 |
   1347 | 1.61518e+01 1.19909e-02 | 1.25331e-02 1.07867e-01 1.39114e-01 |
   1348 | 1.61638e+01 1.19910e-02 | 1.25331e-02 1.07867e-01 1.39114e-01 |
   1349 | 1.61758e+01 1.19910e-02 | 1.25331e-02 1.07867e-01 1.39114e-01 |
   1350 | 1.61878e+01 1.19910e-02 | 1.25331e-02 1.07867e-01 1.39114e-01 |
   1351 | 1.61998e+01 1.19910e-02 | 1.25331e-02 1.07867e-01 1.39114e-01 |
   1352 | 1.62118e+01 1.19910e-02 | 1.25331e-02 1.07867e-01 1.39114e-01 |
   1353 | 1.62238e+01 1.19911e-02 | 1.25331e-02 1.07867e-01 1.39114e-01 |
   1354 | 1.62358e+01 1.19911e-02 | 1.25331e-02 1.07867e-01 1.39114e-01 |
   1355 | 1.62478e+01 1.19911e-02 | 1.25331e-02 1.07867e-01 1.39114e-01 |
   1356 | 1.62598e+01 1.19910e-02 | 1.25331e-02 1.07867e-01 1.39114e-01 |
   1357 | 1.62718e+01 1.19910e-02 | 1.25331e-02 1.07867e-01 1.39114e-01 |
   1358 | 1.62837e+01 1.19910e-02 | 1.25331e-02 1.07867e-01 1.39114e-01 |
   1359 | 1.62957e+01 1.19910e-02 | 1.25331e-02 1.07867e-01 1.39114e-01 |
   1360 | 1.63077e+01 1.19910e-02 | 1.25331e-02 1.07867e-01 1.39114e-01 |
   1361 | 1.63197e+01 1.19909e-02 | 1.25331e-02 1.07867e-01 1.39114e-01 |
   1362 | 1.63317e+01 1.19909e-02 | 1.25331e-02 1.07867e-01 1.39114e-01 |
   1363 | 1.63437e+01 1.19909e-02 | 1.25331e-02 1.07867e-01 1.39114e-01 |
   1364 | 1.63557e+01 1.19909e-02 | 1.25331e-02 1.07867e-01 1.39114e-01 |
   1365 | 1.63677e+01 1.19909e-02 | 1.25331e-02 1.07867e-01 1.39114e-01 |
   1366 | 1.63797e+01 1.19909e-02 | 1.25331e-02 1.07867e-01 1.39114e-01 |
   1367 | 1.63917e+01 1.19909e-02 | 1.25331e-02 1.07867e-01 1.39114e-01 |
   1368 | 1.64037e+01 1.19909e-02 | 1.25331e-02 1.07867e-01 1.39114e-01 |
   1369 | 1.64156e+01 1.19909e-02 | 1.25331e-02 1.07867e-01 1.39114e-01 |
   1370 | 1.64276e+01 1.19909e-02 | 1.25331e-02 1.07867e-01 1.39114e-01 |
   1371 | 1.64396e+01 1.19909e-02 | 1.25331e-02 1.07867e-01 1.39114e-01 |
   1372 | 1.64516e+01 1.19909e-02 | 1.25331e-02 1.07867e-01 1.39114e-01 |
   1373 | 1.64636e+01 1.19909e-02 | 1.25331e-02 1.07867e-01 1.39114e-01 |
   1374 | 1.64756e+01 1.19909e-02 | 1.25331e-02 1.07867e-01 1.39114e-01 |
   1375 | 1.64876e+01 1.19909e-02 | 1.25331e-02 1.07867e-01 1.39114e-01 |
   1376 | 1.64996e+01 1.19909e-02 | 1.25331e-02 1.07867e-01 1.39114e-01 |
   1377 | 1.65116e+01 1.19909e-02 | 1.25331e-02 1.07867e-01 1.39114e-01 |
   1378 | 1.65236e+01 1.19909e-02 | 1.25331e-02 1.07867e-01 1.39114e-01 |
   1379 | 1.65356e+01 1.19909e-02 | 1.25331e-02 1.07867e-01 1.39114e-01 |
   1380 | 1.65475e+01 1.19909e-02 | 1.25331e-02 1.07867e-01 1.39114e-01 |
   1381 | 1.65595e+01 1.19909e-02 | 1.25331e-02 1.07867e-01 1.39114e-01 |
   1382 | 1.65715e+01 1.19909e-02 | 1.25331e-02 1.07867e-01 1.39114e-01 |
   1383 | 1.65835e+01 1.19909e-02 | 1.25331e-02 1.07867e-01 1.39114e-01 |
   1384 | 1.65955e+01 1.19909e-02 | 1.25331e-02 1.07867e-01 1.39114e-01 |
   1385 | 1.66075e+01 1.19910e-02 | 1.25331e-02 1.07867e-01 1.39114e-01 |
   1386 | 1.66195e+01 1.19910e-02 | 1.25331e-02 1.07867e-01 1.39114e-01 |
   1387 | 1.66315e+01 1.19910e-02 | 1.25331e-02 1.07867e-01 1.39114e-01 |
   1388 | 1.66435e+01 1.19910e-02 | 1.25331e-02 1.07867e-01 1.39114e-01 |
   1389 | 1.66555e+01 1.19910e-02 | 1.25331e-02 1.07867e-01 1.39114e-01 |
   1390 | 1.66675e+01 1.19911e-02 | 1.25331e-02 1.07867e-01 1.39114e-01 |
   1391 | 1.66795e+01 1.19911e-02 | 1.25331e-02 1.07867e-01 1.39115e-01 |
   1392 | 1.66914e+01 1.19911e-02 | 1.25331e-02 1.07867e-01 1.39115e-01 |
   1393 | 1.67034e+01 1.19911e-02 | 1.25331e-02 1.07867e-01 1.39115e-01 |
   1394 | 1.67154e+01 1.19912e-02 | 1.25331e-02 1.07867e-01 1.39115e-01 |
   1395 | 1.67274e+01 1.19912e-02 | 1.25331e-02 1.07867e-01 1.39115e-01 |
   1396 | 1.67394e+01 1.19911e-02 | 1.25331e-02 1.07867e-01 1.39115e-01 |
   1397 | 1.67514e+01 1.19911e-02 | 1.25331e-02 1.07867e-01 1.39115e-01 |
   1398 | 1.67634e+01 1.19911e-02 | 1.25331e-02 1.07867e-01 1.39115e-01 |
   1399 | 1.67754e+01 1.19911e-02 | 1.25331e-02 1.07867e-01 1.39115e-01 |
   1400 | 1.67874e+01 1.19910e-02 | 1.25331e-02 1.07867e-01 1.39115e-01 |
   1401 | 1.67994e+01 1.19910e-02 | 1.25331e-02 1.07867e-01 1.39115e-01 |
   1402 | 1.68114e+01 1.19910e-02 | 1.25331e-02 1.07867e-01 1.39115e-01 |
   1403 | 1.68233e+01 1.19910e-02 | 1.25331e-02 1.07867e-01 1.39115e-01 |
   1404 | 1.68353e+01 1.19910e-02 | 1.25331e-02 1.07867e-01 1.39115e-01 |
   1405 | 1.68473e+01 1.19910e-02 | 1.25331e-02 1.07867e-01 1.39115e-01 |
   1406 | 1.68593e+01 1.19909e-02 | 1.25331e-02 1.07867e-01 1.39115e-01 |
   1407 | 1.68713e+01 1.19909e-02 | 1.25331e-02 1.07867e-01 1.39115e-01 |
   1408 | 1.68833e+01 1.19909e-02 | 1.25331e-02 1.07867e-01 1.39115e-01 |
   1409 | 1.68953e+01 1.19909e-02 | 1.25331e-02 1.07867e-01 1.39115e-01 |
   1410 | 1.69073e+01 1.19909e-02 | 1.25331e-02 1.07867e-01 1.39115e-01 |
   1411 | 1.69193e+01 1.19909e-02 | 1.25331e-02 1.07867e-01 1.39115e-01 |
   1412 | 1.69313e+01 1.19909e-02 | 1.25331e-02 1.07867e-01 1.39115e-01 |
   1413 | 1.69433e+01 1.19909e-02 | 1.25331e-02 1.07867e-01 1.39115e-01 |
   1414 | 1.69552e+01 1.19909e-02 | 1.25331e-02 1.07867e-01 1.39115e-01 |
   1415 | 1.69672e+01 1.19909e-02 | 1.25331e-02 1.07867e-01 1.39115e-01 |
   1416 | 1.69792e+01 1.19909e-02 | 1.25331e-02 1.07867e-01 1.39115e-01 |
   1417 | 1.69912e+01 1.19909e-02 | 1.25331e-02 1.07867e-01 1.39115e-01 |
   1418 | 1.70032e+01 1.19909e-02 | 1.25331e-02 1.07867e-01 1.39115e-01 |
   1419 | 1.70152e+01 1.19909e-02 | 1.25331e-02 1.07867e-01 1.39115e-01 |
   1420 | 1.70272e+01 1.19909e-02 | 1.25331e-02 1.07867e-01 1.39115e-01 |
   1421 | 1.70392e+01 1.19909e-02 | 1.25331e-02 1.07867e-01 1.39115e-01 |
   1422 | 1.70512e+01 1.19909e-02 | 1.25331e-02 1.07867e-01 1.39115e-01 |
   1423 | 1.70632e+01 1.19909e-02 | 1.25331e-02 1.07867e-01 1.39115e-01 |
   1424 | 1.70752e+01 1.19909e-02 | 1.25331e-02 1.07867e-01 1.39115e-01 |
   1425 | 1.70871e+01 1.19909e-02 | 1.25331e-02 1.07867e-01 1.39115e-01 |
   1426 | 1.70991e+01 1.19909e-02 | 1.25331e-02 1.07867e-01 1.39115e-01 |
   1427 | 1.71111e+01 1.19910e-02 | 1.25331e-02 1.07867e-01 1.39115e-01 |
   1428 | 1.71231e+01 1.19910e-02 | 1.25331e-02 1.07867e-01 1.39115e-01 |
   1429 | 1.71351e+01 1.19910e-02 | 1.25331e-02 1.07867e-01 1.39115e-01 |
   1430 | 1.71471e+01 1.19910e-02 | 1.25331e-02 1.07867e-01 1.39115e-01 |
   1431 | 1.71591e+01 1.19910e-02 | 1.25331e-02 1.07867e-01 1.39115e-01 |
   1432 | 1.71711e+01 1.19910e-02 | 1.25331e-02 1.07867e-01 1.39115e-01 |
   1433 | 1.71831e+01 1.19911e-02 | 1.25331e-02 1.07867e-01 1.39115e-01 |
   1434 | 1.71951e+01 1.19911e-02 | 1.25331e-02 1.07867e-01 1.39115e-01 |
   1435 | 1.72071e+01 1.19911e-02 | 1.25331e-02 1.07867e-01 1.39115e-01 |
   1436 | 1.72190e+01 1.19911e-02 | 1.25331e-02 1.07867e-01 1.39115e-01 |
   1437 | 1.72310e+01 1.19910e-02 | 1.25331e-02 1.07867e-01 1.39115e-01 |
   1438 | 1.72430e+01 1.19910e-02 | 1.25331e-02 1.07867e-01 1.39115e-01 |
   1439 | 1.72550e+01 1.19910e-02 | 1.25331e-02 1.07867e-01 1.39115e-01 |
   1440 | 1.72670e+01 1.19910e-02 | 1.25331e-02 1.07867e-01 1.39115e-01 |
   1441 | 1.72790e+01 1.19910e-02 | 1.25331e-02 1.07867e-01 1.39115e-01 |
   1442 | 1.72910e+01 1.19909e-02 | 1.25331e-02 1.07867e-01 1.39115e-01 |
   1443 | 1.73030e+01 1.19909e-02 | 1.25331e-02 1.07867e-01 1.39115e-01 |
   1444 | 1.73150e+01 1.19909e-02 | 1.25331e-02 1.07867e-01 1.39115e-01 |
   1445 | 1.73270e+01 1.19909e-02 | 1.25331e-02 1.07867e-01 1.39115e-01 |
   1446 | 1.73390e+01 1.19909e-02 | 1.25331e-02 1.07867e-01 1.39115e-01 |
   1447 | 1.73509e+01 1.19909e-02 | 1.25331e-02 1.07867e-01 1.39115e-01 |
   1448 | 1.73629e+01 1.19909e-02 | 1.25331e-02 1.07867e-01 1.39115e-01 |
   1449 | 1.73749e+01 1.19909e-02 | 1.25331e-02 1.07867e-01 1.39115e-01 |
   1450 | 1.73869e+01 1.19909e-02 | 1.25331e-02 1.07867e-01 1.39115e-01 |
   1451 | 1.73989e+01 1.19909e-02 | 1.25331e-02 1.07867e-01 1.39115e-01 |
   1452 | 1.74109e+01 1.19909e-02 | 1.25331e-02 1.07867e-01 1.39115e-01 |
   1453 | 1.74229e+01 1.19909e-02 | 1.25331e-02 1.07867e-01 1.39115e-01 |
   1454 | 1.74349e+01 1.19909e-02 | 1.25331e-02 1.07867e-01 1.39115e-01 |
   1455 | 1.74469e+01 1.19909e-02 | 1.25331e-02 1.07867e-01 1.39115e-01 |
   1456 | 1.74589e+01 1.19909e-02 | 1.25331e-02 1.07867e-01 1.39115e-01 |
   1457 | 1.74709e+01 1.19909e-02 | 1.25331e-02 1.07867e-01 1.39115e-01 |
   1458 | 1.74828e+01 1.19909e-02 | 1.25331e-02 1.07867e-01 1.39115e-01 |
   1459 | 1.74948e+01 1.19909e-02 | 1.25331e-02 1.07867e-01 1.39115e-01 |
   1460 | 1.75068e+01 1.19909e-02 | 1.25331e-02 1.07867e-01 1.39115e-01 |
   1461 | 1.75188e+01 1.19909e-02 | 1.25331e-02 1.07867e-01 1.39115e-01 |
   1462 | 1.75308e+01 1.19909e-02 | 1.25331e-02 1.07867e-01 1.39115e-01 |
   1463 | 1.75428e+01 1.19909e-02 | 1.25331e-02 1.07867e-01 1.39115e-01 |
   1464 | 1.75548e+01 1.19909e-02 | 1.25331e-02 1.07867e-01 1.39115e-01 |
   1465 | 1.75668e+01 1.19910e-02 | 1.25331e-02 1.07867e-01 1.39115e-01 |
   1466 | 1.75788e+01 1.19910e-02 | 1.25331e-02 1.07867e-01 1.39115e-01 |
   1467 | 1.75908e+01 1.19910e-02 | 1.25331e-02 1.07867e-01 1.39115e-01 |
   1468 | 1.76028e+01 1.19910e-02 | 1.25331e-02 1.07867e-01 1.39115e-01 |
   1469 | 1.76147e+01 1.19910e-02 | 1.25331e-02 1.07867e-01 1.39115e-01 |
   1470 | 1.76267e+01 1.19911e-02 | 1.25331e-02 1.07867e-01 1.39115e-01 |
   1471 | 1.76387e+01 1.19911e-02 | 1.25331e-02 1.07867e-01 1.39115e-01 |
   1472 | 1.76507e+01 1.19911e-02 | 1.25331e-02 1.07867e-01 1.39115e-01 |
   1473 | 1.76627e+01 1.19911e-02 | 1.25331e-02 1.07867e-01 1.39115e-01 |
   1474 | 1.76747e+01 1.19910e-02 | 1.25331e-02 1.07867e-01 1.39115e-01 |
   1475 | 1.76867e+01 1.19910e-02 | 1.25331e-02 1.07867e-01 1.39115e-01 |
   1476 | 1.76987e+01 1.19910e-02 | 1.25331e-02 1.07867e-01 1.39115e-01 |
   1477 | 1.77107e+01 1.19910e-02 | 1.25331e-02 1.07867e-01 1.39115e-01 |
   1478 | 1.77227e+01 1.19910e-02 | 1.25331e-02 1.07867e-01 1.39115e-01 |
   1479 | 1.77347e+01 1.19909e-02 | 1.25331e-02 1.07867e-01 1.39115e-01 |
   1480 | 1.77466e+01 1.19909e-02 | 1.25331e-02 1.07867e-01 1.39115e-01 |
   1481 | 1.77586e+01 1.19909e-02 | 1.25331e-02 1.07867e-01 1.39115e-01 |
   1482 | 1.77706e+01 1.19909e-02 | 1.25331e-02 1.07867e-01 1.39115e-01 |
   1483 | 1.77826e+01 1.19909e-02 | 1.25331e-02 1.07867e-01 1.39115e-01 |
   1484 | 1.77946e+01 1.19909e-02 | 1.25331e-02 1.07867e-01 1.39115e-01 |
   1485 | 1.78066e+01 1.19909e-02 | 1.25331e-02 1.07867e-01 1.39115e-01 |
   1486 | 1.78186e+01 1.19909e-02 | 1.25331e-02 1.07867e-01 1.39115e-01 |
   1487 | 1.78306e+01 1.19909e-02 | 1.25331e-02 1.07867e-01 1.39115e-01 |
   1488 | 1.78426e+01 1.19909e-02 | 1.25331e-02 1.07867e-01 1.39115e-01 |
   1489 | 1.78546e+01 1.19909e-02 | 1.25331e-02 1.07867e-01 1.39115e-01 |
   1490 | 1.78666e+01 1.19908e-02 | 1.25331e-02 1.07867e-01 1.39115e-01 |
   1491 | 1.78785e+01 1.19908e-02 | 1.25331e-02 1.07867e-01 1.39115e-01 |
   1492 | 1.78905e+01 1.19909e-02 | 1.25331e-02 1.07867e-01 1.39115e-01 |
   1493 | 1.79025e+01 1.19909e-02 | 1.25331e-02 1.07867e-01 1.39115e-01 |
   1494 | 1.79145e+01 1.19909e-02 | 1.25331e-02 1.07867e-01 1.39115e-01 |
   1495 | 1.79265e+01 1.19909e-02 | 1.25331e-02 1.07867e-01 1.39115e-01 |
   1496 | 1.79385e+01 1.19909e-02 | 1.25331e-02 1.07867e-01 1.39115e-01 |
   1497 | 1.79505e+01 1.19909e-02 | 1.25331e-02 1.07867e-01 1.39115e-01 |
   1498 | 1.79625e+01 1.19909e-02 | 1.25331e-02 1.07867e-01 1.39115e-01 |
   1499 | 1.79745e+01 1.19909e-02 | 1.25331e-02 1.07867e-01 1.39115e-01 |
   1500 | 1.79865e+01 1.19909e-02 | 1.25331e-02 1.07867e-01 1.39115e-01 |
   1501 | 1.79985e+01 1.19909e-02 | 1.25331e-02 1.07867e-01 1.39115e-01 |
   1502 | 1.80104e+01 1.19909e-02 | 1.25331e-02 1.07867e-01 1.39115e-01 |
   1503 | 1.80224e+01 1.19910e-02 | 1.25331e-02 1.07867e-01 1.39115e-01 |
   1504 | 1.80344e+01 1.19910e-02 | 1.25331e-02 1.07867e-01 1.39115e-01 |
   1505 | 1.80464e+01 1.19910e-02 | 1.25331e-02 1.07867e-01 1.39115e-01 |
   1506 | 1.80584e+01 1.19910e-02 | 1.25331e-02 1.07867e-01 1.39115e-01 |
   1507 | 1.80704e+01 1.19910e-02 | 1.25331e-02 1.07867e-01 1.39115e-01 |
   1508 | 1.80824e+01 1.19910e-02 | 1.25331e-02 1.07867e-01 1.39115e-01 |
   1509 | 1.80944e+01 1.19911e-02 | 1.25331e-02 1.07867e-01 1.39115e-01 |
   1510 | 1.81064e+01 1.19911e-02 | 1.25331e-02 1.07867e-01 1.39115e-01 |
   1511 | 1.81184e+01 1.19911e-02 | 1.25331e-02 1.07867e-01 1.39115e-01 |
   1512 | 1.81304e+01 1.19911e-02 | 1.25331e-02 1.07867e-01 1.39115e-01 |
   1513 | 1.81423e+01 1.19911e-02 | 1.25331e-02 1.07867e-01 1.39115e-01 |
   1514 | 1.81543e+01 1.19911e-02 | 1.25331e-02 1.07867e-01 1.39115e-01 |
   1515 | 1.81663e+01 1.19911e-02 | 1.25331e-02 1.07867e-01 1.39115e-01 |
   1516 | 1.81783e+01 1.19911e-02 | 1.25331e-02 1.07867e-01 1.39115e-01 |
   1517 | 1.81903e+01 1.19911e-02 | 1.25331e-02 1.07867e-01 1.39115e-01 |
   1518 | 1.82023e+01 1.19911e-02 | 1.25331e-02 1.07867e-01 1.39115e-01 |
   1519 | 1.82143e+01 1.19911e-02 | 1.25331e-02 1.07867e-01 1.39115e-01 |
   1520 | 1.82263e+01 1.19911e-02 | 1.25331e-02 1.07867e-01 1.39115e-01 |
   1521 | 1.82383e+01 1.19911e-02 | 1.25331e-02 1.07867e-01 1.39115e-01 |
   1522 | 1.82503e+01 1.19911e-02 | 1.25331e-02 1.07867e-01 1.39115e-01 |
   1523 | 1.82623e+01 1.19911e-02 | 1.25331e-02 1.07867e-01 1.39115e-01 |
   1524 | 1.82742e+01 1.19911e-02 | 1.25331e-02 1.07867e-01 1.39115e-01 |
   1525 | 1.82862e+01 1.19911e-02 | 1.25331e-02 1.07867e-01 1.39115e-01 |
   1526 | 1.82982e+01 1.19911e-02 | 1.25331e-02 1.07867e-01 1.39115e-01 |
   1527 | 1.83102e+01 1.19911e-02 | 1.25331e-02 1.07867e-01 1.39115e-01 |
   1528 | 1.83222e+01 1.19911e-02 | 1.25331e-02 1.07867e-01 1.39115e-01 |
   1529 | 1.83342e+01 1.19911e-02 | 1.25331e-02 1.07867e-01 1.39115e-01 |
   1530 | 1.83462e+01 1.19910e-02 | 1.25331e-02 1.07867e-01 1.39115e-01 |
   1531 | 1.83582e+01 1.19910e-02 | 1.25331e-02 1.07867e-01 1.39115e-01 |
   1532 | 1.83702e+01 1.19910e-02 | 1.25331e-02 1.07867e-01 1.39115e-01 |
   1533 | 1.83822e+01 1.19910e-02 | 1.25331e-02 1.07867e-01 1.39115e-01 |
   1534 | 1.83942e+01 1.19910e-02 | 1.25331e-02 1.07867e-01 1.39115e-01 |
   1535 | 1.84062e+01 1.19910e-02 | 1.25331e-02 1.07867e-01 1.39115e-01 |
   1536 | 1.84181e+01 1.19910e-02 | 1.25331e-02 1.07867e-01 1.39115e-01 |
   1537 | 1.84301e+01 1.19910e-02 | 1.25331e-02 1.07867e-01 1.39115e-01 |
   1538 | 1.84421e+01 1.19910e-02 | 1.25331e-02 1.07867e-01 1.39115e-01 |
   1539 | 1.84541e+01 1.19911e-02 | 1.25331e-02 1.07867e-01 1.39115e-01 |
   1540 | 1.84661e+01 1.19911e-02 | 1.25331e-02 1.07867e-01 1.39115e-01 |
   1541 | 1.84781e+01 1.19911e-02 | 1.25331e-02 1.07867e-01 1.39115e-01 |
   1542 | 1.84901e+01 1.19911e-02 | 1.25331e-02 1.07867e-01 1.39115e-01 |
   1543 | 1.85021e+01 1.19911e-02 | 1.25331e-02 1.07867e-01 1.39115e-01 |
   1544 | 1.85141e+01 1.19911e-02 | 1.25331e-02 1.07867e-01 1.39115e-01 |
   1545 | 1.85261e+01 1.19911e-02 | 1.25331e-02 1.07867e-01 1.39115e-01 |
   1546 | 1.85381e+01 1.19911e-02 | 1.25331e-02 1.07867e-01 1.39115e-01 |
   1547 | 1.85500e+01 1.19911e-02 | 1.25331e-02 1.07867e-01 1.39115e-01 |
   1548 | 1.85620e+01 1.19912e-02 | 1.25331e-02 1.07867e-01 1.39115e-01 |
   1549 | 1.85740e+01 1.19912e-02 | 1.25331e-02 1.07867e-01 1.39115e-01 |
   1550 | 1.85860e+01 1.19912e-02 | 1.25331e-02 1.07867e-01 1.39115e-01 |
   1551 | 1.85980e+01 1.19912e-02 | 1.25331e-02 1.07867e-01 1.39115e-01 |
   1552 | 1.86100e+01 1.19912e-02 | 1.25331e-02 1.07867e-01 1.39115e-01 |
   1553 | 1.86220e+01 1.19912e-02 | 1.25331e-02 1.07867e-01 1.39115e-01 |
   1554 | 1.86340e+01 1.19912e-02 | 1.25331e-02 1.07867e-01 1.39115e-01 |
   1555 | 1.86460e+01 1.19912e-02 | 1.25331e-02 1.07867e-01 1.39115e-01 |
   1556 | 1.86580e+01 1.19912e-02 | 1.25331e-02 1.07867e-01 1.39115e-01 |
   1557 | 1.86700e+01 1.19911e-02 | 1.25331e-02 1.07867e-01 1.39115e-01 |
   1558 | 1.86819e+01 1.19911e-02 | 1.25331e-02 1.07867e-01 1.39115e-01 |
   1559 | 1.86939e+01 1.19911e-02 | 1.25331e-02 1.07867e-01 1.39115e-01 |
   1560 | 1.87059e+01 1.19911e-02 | 1.25331e-02 1.07867e-01 1.39115e-01 |
   1561 | 1.87179e+01 1.19911e-02 | 1.25331e-02 1.07867e-01 1.39115e-01 |
   1562 | 1.87299e+01 1.19911e-02 | 1.25331e-02 1.07867e-01 1.39115e-01 |
   1563 | 1.87419e+01 1.19910e-02 | 1.25331e-02 1.07867e-01 1.39115e-01 |
   1564 | 1.87539e+01 1.19910e-02 | 1.25331e-02 1.07867e-01 1.39115e-01 |
   1565 | 1.87659e+01 1.19910e-02 | 1.25331e-02 1.07867e-01 1.39115e-01 |
   1566 | 1.87779e+01 1.19910e-02 | 1.25331e-02 1.07867e-01 1.39115e-01 |
   1567 | 1.87899e+01 1.19910e-02 | 1.25331e-02 1.07867e-01 1.39115e-01 |
   1568 | 1.88019e+01 1.19910e-02 | 1.25331e-02 1.07867e-01 1.39115e-01 |
   1569 | 1.88138e+01 1.19910e-02 | 1.25331e-02 1.07867e-01 1.39115e-01 |
   1570 | 1.88258e+01 1.19910e-02 | 1.25331e-02 1.07867e-01 1.39115e-01 |
   1571 | 1.88378e+01 1.19910e-02 | 1.25331e-02 1.07867e-01 1.39115e-01 |
   1572 | 1.88498e+01 1.19910e-02 | 1.25331e-02 1.07867e-01 1.39115e-01 |
   1573 | 1.88618e+01 1.19910e-02 | 1.25331e-02 1.07867e-01 1.39115e-01 |
   1574 | 1.88738e+01 1.19910e-02 | 1.25331e-02 1.07867e-01 1.39115e-01 |
   1575 | 1.88858e+01 1.19910e-02 | 1.25331e-02 1.07867e-01 1.39115e-01 |
   1576 | 1.88978e+01 1.19910e-02 | 1.25331e-02 1.07867e-01 1.39115e-01 |
   1577 | 1.89098e+01 1.19910e-02 | 1.25331e-02 1.07867e-01 1.39115e-01 |
   1578 | 1.89218e+01 1.19910e-02 | 1.25331e-02 1.07867e-01 1.39115e-01 |
   1579 | 1.89338e+01 1.19910e-02 | 1.25331e-02 1.07867e-01 1.39115e-01 |
   1580 | 1.89457e+01 1.19910e-02 | 1.25331e-02 1.07867e-01 1.39115e-01 |
   1581 | 1.89577e+01 1.19911e-02 | 1.25331e-02 1.07867e-01 1.39115e-01 |
   1582 | 1.89697e+01 1.19911e-02 | 1.25331e-02 1.07867e-01 1.39115e-01 |
   1583 | 1.89817e+01 1.19911e-02 | 1.25331e-02 1.07867e-01 1.39115e-01 |
   1584 | 1.89937e+01 1.19911e-02 | 1.25331e-02 1.07867e-01 1.39115e-01 |
   1585 | 1.90057e+01 1.19910e-02 | 1.25331e-02 1.07867e-01 1.39115e-01 |
   1586 | 1.90177e+01 1.19910e-02 | 1.25331e-02 1.07867e-01 1.39115e-01 |
   1587 | 1.90297e+01 1.19910e-02 | 1.25331e-02 1.07867e-01 1.39115e-01 |
   1588 | 1.90417e+01 1.19910e-02 | 1.25331e-02 1.07867e-01 1.39115e-01 |
   1589 | 1.90537e+01 1.19910e-02 | 1.25331e-02 1.07867e-01 1.39115e-01 |
   1590 | 1.90657e+01 1.19910e-02 | 1.25331e-02 1.07867e-01 1.39115e-01 |
   1591 | 1.90777e+01 1.19909e-02 | 1.25331e-02 1.07867e-01 1.39115e-01 |
   1592 | 1.90896e+01 1.19909e-02 | 1.25331e-02 1.07867e-01 1.39115e-01 |
   1593 | 1.91016e+01 1.19909e-02 | 1.25331e-02 1.07867e-01 1.39115e-01 |
   1594 | 1.91136e+01 1.19909e-02 | 1.25331e-02 1.07867e-01 1.39115e-01 |
   1595 | 1.91256e+01 1.19909e-02 | 1.25331e-02 1.07867e-01 1.39115e-01 |
   1596 | 1.91376e+01 1.19909e-02 | 1.25331e-02 1.07867e-01 1.39115e-01 |
   1597 | 1.91496e+01 1.19909e-02 | 1.25331e-02 1.07867e-01 1.39115e-01 |
   1598 | 1.91616e+01 1.19909e-02 | 1.25331e-02 1.07867e-01 1.39115e-01 |
   1599 | 1.91736e+01 1.19909e-02 | 1.25331e-02 1.07867e-01 1.39115e-01 |
   1600 | 1.91856e+01 1.19909e-02 | 1.25331e-02 1.07867e-01 1.39115e-01 |
   1601 | 1.91976e+01 1.19909e-02 | 1.25331e-02 1.07867e-01 1.39115e-01 |
   1602 | 1.92096e+01 1.19909e-02 | 1.25331e-02 1.07867e-01 1.39115e-01 |
   1603 | 1.92215e+01 1.19909e-02 | 1.25331e-02 1.07867e-01 1.39115e-01 |
   1604 | 1.92335e+01 1.19909e-02 | 1.25331e-02 1.07867e-01 1.39115e-01 |
   1605 | 1.92455e+01 1.19909e-02 | 1.25331e-02 1.07867e-01 1.39115e-01 |
   1606 | 1.92575e+01 1.19909e-02 | 1.25331e-02 1.07867e-01 1.39115e-01 |
   1607 | 1.92695e+01 1.19909e-02 | 1.25331e-02 1.07867e-01 1.39115e-01 |
   1608 | 1.92815e+01 1.19909e-02 | 1.25331e-02 1.07867e-01 1.39115e-01 |
   1609 | 1.92935e+01 1.19909e-02 | 1.25331e-02 1.07867e-01 1.39115e-01 |
   1610 | 1.93055e+01 1.19909e-02 | 1.25331e-02 1.07867e-01 1.39115e-01 |
   1611 | 1.93175e+01 1.19910e-02 | 1.25331e-02 1.07867e-01 1.39115e-01 |
   1612 | 1.93295e+01 1.19910e-02 | 1.25331e-02 1.07867e-01 1.39115e-01 |
   1613 | 1.93415e+01 1.19910e-02 | 1.25331e-02 1.07867e-01 1.39115e-01 |
   1614 | 1.93534e+01 1.19910e-02 | 1.25331e-02 1.07867e-01 1.39115e-01 |
   1615 | 1.93654e+01 1.19910e-02 | 1.25331e-02 1.07867e-01 1.39115e-01 |
   1616 | 1.93774e+01 1.19910e-02 | 1.25331e-02 1.07867e-01 1.39115e-01 |
   1617 | 1.93894e+01 1.19910e-02 | 1.25331e-02 1.07867e-01 1.39115e-01 |
   1618 | 1.94014e+01 1.19910e-02 | 1.25331e-02 1.07867e-01 1.39115e-01 |
   1619 | 1.94134e+01 1.19910e-02 | 1.25331e-02 1.07867e-01 1.39115e-01 |
   1620 | 1.94254e+01 1.19910e-02 | 1.25331e-02 1.07867e-01 1.39115e-01 |
   1621 | 1.94374e+01 1.19911e-02 | 1.25331e-02 1.07867e-01 1.39115e-01 |
   1622 | 1.94494e+01 1.19911e-02 | 1.25331e-02 1.07867e-01 1.39115e-01 |
   1623 | 1.94614e+01 1.19911e-02 | 1.25331e-02 1.07867e-01 1.39115e-01 |
   1624 | 1.94734e+01 1.19910e-02 | 1.25331e-02 1.07867e-01 1.39115e-01 |
   1625 | 1.94853e+01 1.19910e-02 | 1.25331e-02 1.07867e-01 1.39115e-01 |
   1626 | 1.94973e+01 1.19910e-02 | 1.25331e-02 1.07867e-01 1.39115e-01 |
   1627 | 1.95093e+01 1.19910e-02 | 1.25331e-02 1.07867e-01 1.39115e-01 |
   1628 | 1.95213e+01 1.19910e-02 | 1.25331e-02 1.07867e-01 1.39115e-01 |
   1629 | 1.95333e+01 1.19910e-02 | 1.25331e-02 1.07867e-01 1.39115e-01 |
   1630 | 1.95453e+01 1.19910e-02 | 1.25331e-02 1.07867e-01 1.39115e-01 |
   1631 | 1.95573e+01 1.19909e-02 | 1.25331e-02 1.07867e-01 1.39115e-01 |
   1632 | 1.95693e+01 1.19909e-02 | 1.25331e-02 1.07867e-01 1.39115e-01 |
   1633 | 1.95813e+01 1.19909e-02 | 1.25331e-02 1.07867e-01 1.39115e-01 |
   1634 | 1.95933e+01 1.19909e-02 | 1.25331e-02 1.07867e-01 1.39115e-01 |
   1635 | 1.96053e+01 1.19909e-02 | 1.25331e-02 1.07867e-01 1.39115e-01 |
   1636 | 1.96172e+01 1.19909e-02 | 1.25331e-02 1.07867e-01 1.39115e-01 |
   1637 | 1.96292e+01 1.19909e-02 | 1.25331e-02 1.07867e-01 1.39115e-01 |
   1638 | 1.96412e+01 1.19909e-02 | 1.25331e-02 1.07867e-01 1.39115e-01 |
   1639 | 1.96532e+01 1.19909e-02 | 1.25331e-02 1.07867e-01 1.39115e-01 |
   1640 | 1.96652e+01 1.19909e-02 | 1.25331e-02 1.07867e-01 1.39115e-01 |
   1641 | 1.96772e+01 1.19909e-02 | 1.25331e-02 1.07867e-01 1.39115e-01 |
   1642 | 1.96892e+01 1.19909e-02 | 1.25331e-02 1.07867e-01 1.39115e-01 |
   1643 | 1.97012e+01 1.19909e-02 | 1.25331e-02 1.07867e-01 1.39115e-01 |
   1644 | 1.97132e+01 1.19909e-02 | 1.25331e-02 1.07867e-01 1.39115e-01 |
   1645 | 1.97252e+01 1.19909e-02 | 1.25331e-02 1.07867e-01 1.39115e-01 |
   1646 | 1.97372e+01 1.19910e-02 | 1.25331e-02 1.07867e-01 1.39115e-01 |
   1647 | 1.97491e+01 1.19910e-02 | 1.25331e-02 1.07867e-01 1.39115e-01 |
   1648 | 1.97611e+01 1.19910e-02 | 1.25331e-02 1.07867e-01 1.39115e-01 |
   1649 | 1.97731e+01 1.19910e-02 | 1.25331e-02 1.07867e-01 1.39115e-01 |
   1650 | 1.97851e+01 1.19910e-02 | 1.25331e-02 1.07867e-01 1.39115e-01 |
   1651 | 1.97971e+01 1.19910e-02 | 1.25331e-02 1.07867e-01 1.39115e-01 |
   1652 | 1.98091e+01 1.19910e-02 | 1.25331e-02 1.07867e-01 1.39115e-01 |
   1653 | 1.98211e+01 1.19911e-02 | 1.25331e-02 1.07867e-01 1.39115e-01 |
   1654 | 1.98331e+01 1.19911e-02 | 1.25331e-02 1.07867e-01 1.39115e-01 |
   1655 | 1.98451e+01 1.19911e-02 | 1.25331e-02 1.07867e-01 1.39115e-01 |
   1656 | 1.98571e+01 1.19911e-02 | 1.25331e-02 1.07867e-01 1.39115e-01 |
   1657 | 1.98691e+01 1.19912e-02 | 1.25331e-02 1.07867e-01 1.39115e-01 |
   1658 | 1.98810e+01 1.19911e-02 | 1.25331e-02 1.07867e-01 1.39115e-01 |
   1659 | 1.98930e+01 1.19911e-02 | 1.25331e-02 1.07867e-01 1.39115e-01 |
   1660 | 1.99050e+01 1.19911e-02 | 1.25331e-02 1.07867e-01 1.39115e-01 |
   1661 | 1.99170e+01 1.19911e-02 | 1.25331e-02 1.07867e-01 1.39115e-01 |
   1662 | 1.99290e+01 1.19911e-02 | 1.25331e-02 1.07867e-01 1.39115e-01 |
   1663 | 1.99410e+01 1.19910e-02 | 1.25331e-02 1.07867e-01 1.39115e-01 |
   1664 | 1.99530e+01 1.19910e-02 | 1.25331e-02 1.07867e-01 1.39115e-01 |
   1665 | 1.99650e+01 1.19910e-02 | 1.25331e-02 1.07867e-01 1.39115e-01 |
   1666 | 1.99770e+01 1.19910e-02 | 1.25331e-02 1.07867e-01 1.39115e-01 |
   1667 | 1.99890e+01 1.19910e-02 | 1.25331e-02 1.07867e-01 1.39115e-01 |
   1668 | 2.00010e+01 1.19910e-02 | 1.25331e-02 1.07867e-01 1.39115e-01 |
   1669 | 2.00129e+01 1.19910e-02 | 1.25331e-02 1.07867e-01 1.39115e-01 |
   1670 | 2.00249e+01 1.19910e-02 | 1.25331e-02 1.07867e-01 1.39115e-01 |
   1671 | 2.00369e+01 1.19910e-02 | 1.25331e-02 1.07867e-01 1.39115e-01 |
   1672 | 2.00489e+01 1.19909e-02 | 1.25331e-02 1.07867e-01 1.39115e-01 |
   1673 | 2.00609e+01 1.19909e-02 | 1.25331e-02 1.07867e-01 1.39115e-01 |
   1674 | 2.00729e+01 1.19909e-02 | 1.25331e-02 1.07867e-01 1.39115e-01 |
   1675 | 2.00849e+01 1.19909e-02 | 1.25331e-02 1.07867e-01 1.39115e-01 |
   1676 | 2.00969e+01 1.19909e-02 | 1.25331e-02 1.07867e-01 1.39115e-01 |
   1677 | 2.01089e+01 1.19909e-02 | 1.25331e-02 1.07867e-01 1.39115e-01 |
   1678 | 2.01209e+01 1.19909e-02 | 1.25331e-02 1.07867e-01 1.39115e-01 |
   1679 | 2.01329e+01 1.19910e-02 | 1.25331e-02 1.07867e-01 1.39115e-01 |
   1680 | 2.01448e+01 1.19910e-02 | 1.25331e-02 1.07867e-01 1.39115e-01 |
   1681 | 2.01568e+01 1.19910e-02 | 1.25331e-02 1.07867e-01 1.39115e-01 |
   1682 | 2.01688e+01 1.19910e-02 | 1.25331e-02 1.07867e-01 1.39115e-01 |
   1683 | 2.01808e+01 1.19910e-02 | 1.25331e-02 1.07867e-01 1.39115e-01 |
   1684 | 2.01928e+01 1.19910e-02 | 1.25331e-02 1.07867e-01 1.39115e-01 |
   1685 | 2.02048e+01 1.19910e-02 | 1.25331e-02 1.07867e-01 1.39115e-01 |
   1686 | 2.02168e+01 1.19910e-02 | 1.25331e-02 1.07867e-01 1.39115e-01 |
   1687 | 2.02288e+01 1.19910e-02 | 1.25331e-02 1.07867e-01 1.39115e-01 |
   1688 | 2.02408e+01 1.19911e-02 | 1.25331e-02 1.07867e-01 1.39115e-01 |
   1689 | 2.02528e+01 1.19911e-02 | 1.25331e-02 1.07867e-01 1.39115e-01 |
   1690 | 2.02648e+01 1.19911e-02 | 1.25331e-02 1.07867e-01 1.39115e-01 |
   1691 | 2.02767e+01 1.19911e-02 | 1.25331e-02 1.07867e-01 1.39115e-01 |
   1692 | 2.02887e+01 1.19911e-02 | 1.25331e-02 1.07867e-01 1.39115e-01 |
   1693 | 2.03007e+01 1.19912e-02 | 1.25331e-02 1.07867e-01 1.39115e-01 |
   1694 | 2.03127e+01 1.19912e-02 | 1.25331e-02 1.07867e-01 1.39115e-01 |
   1695 | 2.03247e+01 1.19912e-02 | 1.25331e-02 1.07867e-01 1.39115e-01 |
   1696 | 2.03367e+01 1.19912e-02 | 1.25331e-02 1.07867e-01 1.39115e-01 |
   1697 | 2.03487e+01 1.19911e-02 | 1.25331e-02 1.07867e-01 1.39115e-01 |
   1698 | 2.03607e+01 1.19911e-02 | 1.25331e-02 1.07867e-01 1.39115e-01 |
   1699 | 2.03727e+01 1.19911e-02 | 1.25331e-02 1.07867e-01 1.39115e-01 |
   1700 | 2.03847e+01 1.19911e-02 | 1.25331e-02 1.07867e-01 1.39115e-01 |
   1701 | 2.03967e+01 1.19910e-02 | 1.25331e-02 1.07867e-01 1.39115e-01 |
   1702 | 2.04087e+01 1.19910e-02 | 1.25331e-02 1.07867e-01 1.39115e-01 |
   1703 | 2.04206e+01 1.19910e-02 | 1.25331e-02 1.07867e-01 1.39115e-01 |
   1704 | 2.04326e+01 1.19910e-02 | 1.25331e-02 1.07867e-01 1.39115e-01 |
   1705 | 2.04446e+01 1.19910e-02 | 1.25331e-02 1.07867e-01 1.39115e-01 |
   1706 | 2.04566e+01 1.19909e-02 | 1.25331e-02 1.07867e-01 1.39115e-01 |
   1707 | 2.04686e+01 1.19909e-02 | 1.25331e-02 1.07867e-01 1.39115e-01 |
   1708 | 2.04806e+01 1.19909e-02 | 1.25331e-02 1.07867e-01 1.39115e-01 |
   1709 | 2.04926e+01 1.19909e-02 | 1.25331e-02 1.07867e-01 1.39115e-01 |
   1710 | 2.05046e+01 1.19909e-02 | 1.25331e-02 1.07867e-01 1.39115e-01 |
   1711 | 2.05166e+01 1.19909e-02 | 1.25331e-02 1.07867e-01 1.39115e-01 |
   1712 | 2.05286e+01 1.19909e-02 | 1.25331e-02 1.07867e-01 1.39115e-01 |
   1713 | 2.05406e+01 1.19909e-02 | 1.25331e-02 1.07867e-01 1.39115e-01 |
   1714 | 2.05525e+01 1.19908e-02 | 1.25331e-02 1.07867e-01 1.39115e-01 |
   1715 | 2.05645e+01 1.19908e-02 | 1.25331e-02 1.07867e-01 1.39115e-01 |
   1716 | 2.05765e+01 1.19908e-02 | 1.25331e-02 1.07867e-01 1.39115e-01 |
   1717 | 2.05885e+01 1.19908e-02 | 1.25331e-02 1.07867e-01 1.39115e-01 |
   1718 | 2.06005e+01 1.19908e-02 | 1.25331e-02 1.07867e-01 1.39115e-01 |
   1719 | 2.06125e+01 1.19908e-02 | 1.25331e-02 1.07867e-01 1.39115e-01 |
   1720 | 2.06245e+01 1.19908e-02 | 1.25331e-02 1.07867e-01 1.39115e-01 |
   1721 | 2.06365e+01 1.19908e-02 | 1.25331e-02 1.07867e-01 1.39115e-01 |
   1722 | 2.06485e+01 1.19908e-02 | 1.25331e-02 1.07867e-01 1.39115e-01 |
   1723 | 2.06605e+01 1.19908e-02 | 1.25331e-02 1.07867e-01 1.39115e-01 |
   1724 | 2.06724e+01 1.19909e-02 | 1.25331e-02 1.07867e-01 1.39115e-01 |
   1725 | 2.06844e+01 1.19909e-02 | 1.25331e-02 1.07867e-01 1.39115e-01 |
   1726 | 2.06964e+01 1.19909e-02 | 1.25331e-02 1.07867e-01 1.39115e-01 |
   1727 | 2.07084e+01 1.19909e-02 | 1.25331e-02 1.07867e-01 1.39115e-01 |
   1728 | 2.07204e+01 1.19909e-02 | 1.25331e-02 1.07867e-01 1.39115e-01 |
   1729 | 2.07324e+01 1.19909e-02 | 1.25331e-02 1.07867e-01 1.39115e-01 |
   1730 | 2.07444e+01 1.19909e-02 | 1.25331e-02 1.07867e-01 1.39115e-01 |
   1731 | 2.07564e+01 1.19909e-02 | 1.25331e-02 1.07867e-01 1.39115e-01 |
   1732 | 2.07684e+01 1.19910e-02 | 1.25331e-02 1.07867e-01 1.39115e-01 |
   1733 | 2.07804e+01 1.19910e-02 | 1.25331e-02 1.07867e-01 1.39115e-01 |
   1734 | 2.07924e+01 1.19910e-02 | 1.25331e-02 1.07867e-01 1.39115e-01 |
   1735 | 2.08044e+01 1.19910e-02 | 1.25331e-02 1.07867e-01 1.39115e-01 |
   1736 | 2.08163e+01 1.19910e-02 | 1.25331e-02 1.07867e-01 1.39115e-01 |
   1737 | 2.08283e+01 1.19911e-02 | 1.25331e-02 1.07867e-01 1.39115e-01 |
   1738 | 2.08403e+01 1.19911e-02 | 1.25331e-02 1.07867e-01 1.39115e-01 |
   1739 | 2.08523e+01 1.19910e-02 | 1.25331e-02 1.07867e-01 1.39115e-01 |
   1740 | 2.08643e+01 1.19910e-02 | 1.25331e-02 1.07867e-01 1.39115e-01 |
   1741 | 2.08763e+01 1.19910e-02 | 1.25331e-02 1.07867e-01 1.39115e-01 |
   1742 | 2.08883e+01 1.19910e-02 | 1.25331e-02 1.07867e-01 1.39115e-01 |
   1743 | 2.09003e+01 1.19910e-02 | 1.25331e-02 1.07867e-01 1.39115e-01 |
   1744 | 2.09123e+01 1.19909e-02 | 1.25331e-02 1.07867e-01 1.39115e-01 |
   1745 | 2.09243e+01 1.19909e-02 | 1.25331e-02 1.07867e-01 1.39115e-01 |
   1746 | 2.09363e+01 1.19909e-02 | 1.25331e-02 1.07867e-01 1.39115e-01 |
   1747 | 2.09482e+01 1.19909e-02 | 1.25331e-02 1.07867e-01 1.39115e-01 |
   1748 | 2.09602e+01 1.19909e-02 | 1.25331e-02 1.07867e-01 1.39115e-01 |
   1749 | 2.09722e+01 1.19909e-02 | 1.25331e-02 1.07867e-01 1.39115e-01 |
   1750 | 2.09842e+01 1.19909e-02 | 1.25331e-02 1.07867e-01 1.39115e-01 |
   1751 | 2.09962e+01 1.19909e-02 | 1.25331e-02 1.07867e-01 1.39115e-01 |
   1752 | 2.10082e+01 1.19909e-02 | 1.25331e-02 1.07867e-01 1.39115e-01 |
   1753 | 2.10202e+01 1.19908e-02 | 1.25331e-02 1.07867e-01 1.39115e-01 |
   1754 | 2.10322e+01 1.19908e-02 | 1.25331e-02 1.07867e-01 1.39115e-01 |
   1755 | 2.10442e+01 1.19908e-02 | 1.25331e-02 1.07867e-01 1.39115e-01 |
   1756 | 2.10562e+01 1.19908e-02 | 1.25331e-02 1.07867e-01 1.39115e-01 |
   1757 | 2.10682e+01 1.19908e-02 | 1.25331e-02 1.07867e-01 1.39115e-01 |
   1758 | 2.10801e+01 1.19908e-02 | 1.25331e-02 1.07867e-01 1.39115e-01 |
   1759 | 2.10921e+01 1.19908e-02 | 1.25331e-02 1.07867e-01 1.39115e-01 |
   1760 | 2.11041e+01 1.19909e-02 | 1.25331e-02 1.07867e-01 1.39115e-01 |
   1761 | 2.11161e+01 1.19909e-02 | 1.25331e-02 1.07867e-01 1.39115e-01 |
   1762 | 2.11281e+01 1.19909e-02 | 1.25331e-02 1.07867e-01 1.39115e-01 |
   1763 | 2.11401e+01 1.19909e-02 | 1.25331e-02 1.07867e-01 1.39115e-01 |
   1764 | 2.11521e+01 1.19909e-02 | 1.25331e-02 1.07867e-01 1.39115e-01 |
   1765 | 2.11641e+01 1.19909e-02 | 1.25331e-02 1.07867e-01 1.39115e-01 |
   1766 | 2.11761e+01 1.19909e-02 | 1.25331e-02 1.07867e-01 1.39115e-01 |
   1767 | 2.11881e+01 1.19909e-02 | 1.25331e-02 1.07867e-01 1.39115e-01 |
   1768 | 2.12001e+01 1.19909e-02 | 1.25331e-02 1.07867e-01 1.39115e-01 |
   1769 | 2.12120e+01 1.19910e-02 | 1.25331e-02 1.07867e-01 1.39115e-01 |
   1770 | 2.12240e+01 1.19910e-02 | 1.25331e-02 1.07867e-01 1.39115e-01 |
   1771 | 2.12360e+01 1.19910e-02 | 1.25331e-02 1.07867e-01 1.39115e-01 |
   1772 | 2.12480e+01 1.19910e-02 | 1.25331e-02 1.07867e-01 1.39115e-01 |
   1773 | 2.12600e+01 1.19910e-02 | 1.25331e-02 1.07867e-01 1.39115e-01 |
   1774 | 2.12720e+01 1.19911e-02 | 1.25331e-02 1.07867e-01 1.39115e-01 |
   1775 | 2.12840e+01 1.19911e-02 | 1.25331e-02 1.07867e-01 1.39115e-01 |
   1776 | 2.12960e+01 1.19910e-02 | 1.25331e-02 1.07867e-01 1.39115e-01 |
   1777 | 2.13080e+01 1.19910e-02 | 1.25331e-02 1.07867e-01 1.39115e-01 |
   1778 | 2.13200e+01 1.19910e-02 | 1.25331e-02 1.07867e-01 1.39115e-01 |
   1779 | 2.13320e+01 1.19910e-02 | 1.25331e-02 1.07867e-01 1.39115e-01 |
   1780 | 2.13439e+01 1.19910e-02 | 1.25331e-02 1.07867e-01 1.39115e-01 |
   1781 | 2.13559e+01 1.19909e-02 | 1.25331e-02 1.07867e-01 1.39115e-01 |
   1782 | 2.13679e+01 1.19909e-02 | 1.25331e-02 1.07867e-01 1.39115e-01 |
   1783 | 2.13799e+01 1.19909e-02 | 1.25331e-02 1.07867e-01 1.39115e-01 |
   1784 | 2.13919e+01 1.19909e-02 | 1.25331e-02 1.07867e-01 1.39115e-01 |
   1785 | 2.14039e+01 1.19909e-02 | 1.25331e-02 1.07867e-01 1.39115e-01 |
   1786 | 2.14159e+01 1.19909e-02 | 1.25331e-02 1.07867e-01 1.39115e-01 |
   1787 | 2.14279e+01 1.19909e-02 | 1.25331e-02 1.07867e-01 1.39115e-01 |
   1788 | 2.14399e+01 1.19909e-02 | 1.25331e-02 1.07867e-01 1.39115e-01 |
   1789 | 2.14519e+01 1.19909e-02 | 1.25331e-02 1.07867e-01 1.39115e-01 |
   1790 | 2.14639e+01 1.19909e-02 | 1.25331e-02 1.07867e-01 1.39115e-01 |
   1791 | 2.14758e+01 1.19908e-02 | 1.25331e-02 1.07867e-01 1.39115e-01 |
   1792 | 2.14878e+01 1.19908e-02 | 1.25331e-02 1.07867e-01 1.39115e-01 |
   1793 | 2.14998e+01 1.19908e-02 | 1.25331e-02 1.07867e-01 1.39115e-01 |
   1794 | 2.15118e+01 1.19908e-02 | 1.25331e-02 1.07867e-01 1.39115e-01 |
   1795 | 2.15238e+01 1.19908e-02 | 1.25331e-02 1.07867e-01 1.39115e-01 |
   1796 | 2.15358e+01 1.19909e-02 | 1.25331e-02 1.07867e-01 1.39115e-01 |
   1797 | 2.15478e+01 1.19909e-02 | 1.25331e-02 1.07867e-01 1.39115e-01 |
   1798 | 2.15598e+01 1.19909e-02 | 1.25331e-02 1.07867e-01 1.39115e-01 |
   1799 | 2.15718e+01 1.19909e-02 | 1.25331e-02 1.07867e-01 1.39115e-01 |
   1800 | 2.15838e+01 1.19909e-02 | 1.25331e-02 1.07867e-01 1.39115e-01 |
   1801 | 2.15958e+01 1.19909e-02 | 1.25331e-02 1.07867e-01 1.39115e-01 |
   1802 | 2.16077e+01 1.19909e-02 | 1.25331e-02 1.07867e-01 1.39115e-01 |
   1803 | 2.16197e+01 1.19909e-02 | 1.25331e-02 1.07867e-01 1.39115e-01 |
   1804 | 2.16317e+01 1.19909e-02 | 1.25331e-02 1.07867e-01 1.39115e-01 |
   1805 | 2.16437e+01 1.19909e-02 | 1.25331e-02 1.07867e-01 1.39115e-01 |
   1806 | 2.16557e+01 1.19910e-02 | 1.25331e-02 1.07867e-01 1.39115e-01 |
   1807 | 2.16677e+01 1.19910e-02 | 1.25331e-02 1.07867e-01 1.39115e-01 |
   1808 | 2.16797e+01 1.19910e-02 | 1.25331e-02 1.07867e-01 1.39115e-01 |
   1809 | 2.16917e+01 1.19910e-02 | 1.25331e-02 1.07867e-01 1.39115e-01 |
   1810 | 2.17037e+01 1.19910e-02 | 1.25331e-02 1.07867e-01 1.39115e-01 |
   1811 | 2.17157e+01 1.19911e-02 | 1.25331e-02 1.07867e-01 1.39115e-01 |
   1812 | 2.17277e+01 1.19911e-02 | 1.25331e-02 1.07867e-01 1.39115e-01 |
   1813 | 2.17396e+01 1.19911e-02 | 1.25331e-02 1.07867e-01 1.39115e-01 |
   1814 | 2.17516e+01 1.19911e-02 | 1.25331e-02 1.07867e-01 1.39115e-01 |
   1815 | 2.17636e+01 1.19912e-02 | 1.25331e-02 1.07867e-01 1.39115e-01 |
   1816 | 2.17756e+01 1.19912e-02 | 1.25331e-02 1.07867e-01 1.39115e-01 |
   1817 | 2.17876e+01 1.19912e-02 | 1.25331e-02 1.07867e-01 1.39115e-01 |
   1818 | 2.17996e+01 1.19911e-02 | 1.25331e-02 1.07867e-01 1.39115e-01 |
   1819 | 2.18116e+01 1.19911e-02 | 1.25331e-02 1.07867e-01 1.39115e-01 |
   1820 | 2.18236e+01 1.19911e-02 | 1.25331e-02 1.07867e-01 1.39115e-01 |
   1821 | 2.18356e+01 1.19911e-02 | 1.25331e-02 1.07867e-01 1.39115e-01 |
   1822 | 2.18476e+01 1.19911e-02 | 1.25331e-02 1.07867e-01 1.39115e-01 |
   1823 | 2.18596e+01 1.19910e-02 | 1.25331e-02 1.07867e-01 1.39115e-01 |
   1824 | 2.18715e+01 1.19910e-02 | 1.25331e-02 1.07867e-01 1.39115e-01 |
   1825 | 2.18835e+01 1.19910e-02 | 1.25331e-02 1.07867e-01 1.39115e-01 |
   1826 | 2.18955e+01 1.19910e-02 | 1.25331e-02 1.07867e-01 1.39115e-01 |
   1827 | 2.19075e+01 1.19910e-02 | 1.25331e-02 1.07867e-01 1.39115e-01 |
   1828 | 2.19195e+01 1.19910e-02 | 1.25331e-02 1.07867e-01 1.39115e-01 |
   1829 | 2.19315e+01 1.19909e-02 | 1.25331e-02 1.07867e-01 1.39115e-01 |
   1830 | 2.19435e+01 1.19909e-02 | 1.25331e-02 1.07867e-01 1.39115e-01 |
   1831 | 2.19555e+01 1.19909e-02 | 1.25331e-02 1.07867e-01 1.39115e-01 |
   1832 | 2.19675e+01 1.19909e-02 | 1.25331e-02 1.07867e-01 1.39115e-01 |
   1833 | 2.19795e+01 1.19909e-02 | 1.25331e-02 1.07867e-01 1.39115e-01 |
   1834 | 2.19915e+01 1.19909e-02 | 1.25331e-02 1.07867e-01 1.39115e-01 |
   1835 | 2.20034e+01 1.19909e-02 | 1.25331e-02 1.07867e-01 1.39115e-01 |
   1836 | 2.20154e+01 1.19909e-02 | 1.25331e-02 1.07867e-01 1.39115e-01 |
   1837 | 2.20274e+01 1.19909e-02 | 1.25331e-02 1.07867e-01 1.39115e-01 |
   1838 | 2.20394e+01 1.19909e-02 | 1.25331e-02 1.07867e-01 1.39115e-01 |
   1839 | 2.20514e+01 1.19909e-02 | 1.25331e-02 1.07867e-01 1.39115e-01 |
   1840 | 2.20634e+01 1.19909e-02 | 1.25331e-02 1.07867e-01 1.39115e-01 |
   1841 | 2.20754e+01 1.19909e-02 | 1.25331e-02 1.07867e-01 1.39115e-01 |
   1842 | 2.20874e+01 1.19909e-02 | 1.25331e-02 1.07867e-01 1.39115e-01 |
   1843 | 2.20994e+01 1.19909e-02 | 1.25331e-02 1.07867e-01 1.39115e-01 |
   1844 | 2.21114e+01 1.19909e-02 | 1.25331e-02 1.07867e-01 1.39115e-01 |
   1845 | 2.21234e+01 1.19910e-02 | 1.25331e-02 1.07867e-01 1.39115e-01 |
   1846 | 2.21353e+01 1.19910e-02 | 1.25331e-02 1.07867e-01 1.39115e-01 |
   1847 | 2.21473e+01 1.19910e-02 | 1.25331e-02 1.07867e-01 1.39115e-01 |
   1848 | 2.21593e+01 1.19910e-02 | 1.25331e-02 1.07867e-01 1.39115e-01 |
   1849 | 2.21713e+01 1.19910e-02 | 1.25331e-02 1.07867e-01 1.39115e-01 |
   1850 | 2.21833e+01 1.19910e-02 | 1.25331e-02 1.07867e-01 1.39115e-01 |
   1851 | 2.21953e+01 1.19910e-02 | 1.25331e-02 1.07867e-01 1.39115e-01 |
   1852 | 2.22073e+01 1.19911e-02 | 1.25331e-02 1.07867e-01 1.39115e-01 |
   1853 | 2.22193e+01 1.19911e-02 | 1.25331e-02 1.07867e-01 1.39115e-01 |
   1854 | 2.22313e+01 1.19911e-02 | 1.25331e-02 1.07867e-01 1.39115e-01 |
   1855 | 2.22433e+01 1.19911e-02 | 1.25331e-02 1.07867e-01 1.39115e-01 |
   1856 | 2.22553e+01 1.19911e-02 | 1.25331e-02 1.07867e-01 1.39115e-01 |
   1857 | 2.22672e+01 1.19911e-02 | 1.25331e-02 1.07867e-01 1.39115e-01 |
   1858 | 2.22792e+01 1.19911e-02 | 1.25331e-02 1.07867e-01 1.39115e-01 |
   1859 | 2.22912e+01 1.19910e-02 | 1.25331e-02 1.07867e-01 1.39115e-01 |
   1860 | 2.23032e+01 1.19910e-02 | 1.25331e-02 1.07867e-01 1.39115e-01 |
   1861 | 2.23152e+01 1.19910e-02 | 1.25331e-02 1.07867e-01 1.39115e-01 |
   1862 | 2.23272e+01 1.19910e-02 | 1.25331e-02 1.07867e-01 1.39115e-01 |
   1863 | 2.23392e+01 1.19910e-02 | 1.25331e-02 1.07867e-01 1.39115e-01 |
   1864 | 2.23512e+01 1.19910e-02 | 1.25331e-02 1.07867e-01 1.39115e-01 |
   1865 | 2.23632e+01 1.19909e-02 | 1.25331e-02 1.07867e-01 1.39115e-01 |
   1866 | 2.23752e+01 1.19909e-02 | 1.25331e-02 1.07867e-01 1.39115e-01 |
   1867 | 2.23872e+01 1.19909e-02 | 1.25331e-02 1.07867e-01 1.39115e-01 |
   1868 | 2.23991e+01 1.19909e-02 | 1.25331e-02 1.07867e-01 1.39115e-01 |
   1869 | 2.24111e+01 1.19909e-02 | 1.25331e-02 1.07867e-01 1.39115e-01 |
   1870 | 2.24231e+01 1.19909e-02 | 1.25331e-02 1.07867e-01 1.39115e-01 |
   1871 | 2.24351e+01 1.19909e-02 | 1.25331e-02 1.07867e-01 1.39115e-01 |
   1872 | 2.24471e+01 1.19909e-02 | 1.25331e-02 1.07867e-01 1.39115e-01 |
   1873 | 2.24591e+01 1.19909e-02 | 1.25331e-02 1.07867e-01 1.39115e-01 |
   1874 | 2.24711e+01 1.19909e-02 | 1.25331e-02 1.07867e-01 1.39115e-01 |
   1875 | 2.24831e+01 1.19909e-02 | 1.25331e-02 1.07867e-01 1.39115e-01 |
   1876 | 2.24951e+01 1.19909e-02 | 1.25331e-02 1.07867e-01 1.39115e-01 |
   1877 | 2.25071e+01 1.19909e-02 | 1.25331e-02 1.07867e-01 1.39115e-01 |
   1878 | 2.25191e+01 1.19909e-02 | 1.25331e-02 1.07867e-01 1.39115e-01 |
   1879 | 2.25310e+01 1.19909e-02 | 1.25331e-02 1.07867e-01 1.39115e-01 |
   1880 | 2.25430e+01 1.19909e-02 | 1.25331e-02 1.07867e-01 1.39115e-01 |
   1881 | 2.25550e+01 1.19909e-02 | 1.25331e-02 1.07867e-01 1.39115e-01 |
   1882 | 2.25670e+01 1.19909e-02 | 1.25331e-02 1.07867e-01 1.39115e-01 |
   1883 | 2.25790e+01 1.19909e-02 | 1.25331e-02 1.07867e-01 1.39115e-01 |
   1884 | 2.25910e+01 1.19910e-02 | 1.25331e-02 1.07867e-01 1.39115e-01 |
   1885 | 2.26030e+01 1.19910e-02 | 1.25331e-02 1.07867e-01 1.39115e-01 |
   1886 | 2.26150e+01 1.19910e-02 | 1.25331e-02 1.07867e-01 1.39115e-01 |
   1887 | 2.26270e+01 1.19910e-02 | 1.25331e-02 1.07867e-01 1.39115e-01 |
   1888 | 2.26390e+01 1.19910e-02 | 1.25331e-02 1.07867e-01 1.39115e-01 |
   1889 | 2.26510e+01 1.19910e-02 | 1.25331e-02 1.07867e-01 1.39115e-01 |
   1890 | 2.26629e+01 1.19911e-02 | 1.25331e-02 1.07867e-01 1.39115e-01 |
   1891 | 2.26749e+01 1.19911e-02 | 1.25331e-02 1.07867e-01 1.39115e-01 |
   1892 | 2.26869e+01 1.19911e-02 | 1.25331e-02 1.07867e-01 1.39115e-01 |
   1893 | 2.26989e+01 1.19911e-02 | 1.25331e-02 1.07867e-01 1.39115e-01 |
   1894 | 2.27109e+01 1.19910e-02 | 1.25331e-02 1.07867e-01 1.39115e-01 |
   1895 | 2.27229e+01 1.19910e-02 | 1.25331e-02 1.07867e-01 1.39115e-01 |
   1896 | 2.27349e+01 1.19910e-02 | 1.25331e-02 1.07867e-01 1.39115e-01 |
   1897 | 2.27469e+01 1.19910e-02 | 1.25331e-02 1.07867e-01 1.39115e-01 |
   1898 | 2.27589e+01 1.19910e-02 | 1.25331e-02 1.07867e-01 1.39115e-01 |
   1899 | 2.27709e+01 1.19910e-02 | 1.25331e-02 1.07867e-01 1.39115e-01 |
   1900 | 2.27829e+01 1.19910e-02 | 1.25331e-02 1.07867e-01 1.39115e-01 |
   1901 | 2.27948e+01 1.19909e-02 | 1.25331e-02 1.07867e-01 1.39115e-01 |
   1902 | 2.28068e+01 1.19909e-02 | 1.25331e-02 1.07867e-01 1.39115e-01 |
   1903 | 2.28188e+01 1.19909e-02 | 1.25331e-02 1.07867e-01 1.39115e-01 |
   1904 | 2.28308e+01 1.19909e-02 | 1.25331e-02 1.07867e-01 1.39115e-01 |
   1905 | 2.28428e+01 1.19909e-02 | 1.25331e-02 1.07867e-01 1.39115e-01 |
   1906 | 2.28548e+01 1.19909e-02 | 1.25331e-02 1.07867e-01 1.39115e-01 |
   1907 | 2.28668e+01 1.19909e-02 | 1.25331e-02 1.07867e-01 1.39115e-01 |
   1908 | 2.28788e+01 1.19909e-02 | 1.25331e-02 1.07867e-01 1.39115e-01 |
   1909 | 2.28908e+01 1.19909e-02 | 1.25331e-02 1.07867e-01 1.39115e-01 |
   1910 | 2.29028e+01 1.19909e-02 | 1.25331e-02 1.07867e-01 1.39115e-01 |
   1911 | 2.29148e+01 1.19909e-02 | 1.25331e-02 1.07867e-01 1.39115e-01 |
   1912 | 2.29267e+01 1.19909e-02 | 1.25331e-02 1.07867e-01 1.39115e-01 |
   1913 | 2.29387e+01 1.19909e-02 | 1.25331e-02 1.07867e-01 1.39115e-01 |
   1914 | 2.29507e+01 1.19909e-02 | 1.25331e-02 1.07867e-01 1.39115e-01 |
   1915 | 2.29627e+01 1.19909e-02 | 1.25331e-02 1.07867e-01 1.39115e-01 |
   1916 | 2.29747e+01 1.19909e-02 | 1.25331e-02 1.07867e-01 1.39115e-01 |
   1917 | 2.29867e+01 1.19909e-02 | 1.25331e-02 1.07867e-01 1.39115e-01 |
   1918 | 2.29987e+01 1.19909e-02 | 1.25331e-02 1.07867e-01 1.39115e-01 |
   1919 | 2.30107e+01 1.19909e-02 | 1.25331e-02 1.07867e-01 1.39115e-01 |
   1920 | 2.30227e+01 1.19909e-02 | 1.25331e-02 1.07867e-01 1.39115e-01 |
   1921 | 2.30347e+01 1.19909e-02 | 1.25331e-02 1.07867e-01 1.39115e-01 |
   1922 | 2.30467e+01 1.19909e-02 | 1.25331e-02 1.07867e-01 1.39115e-01 |
   1923 | 2.30586e+01 1.19910e-02 | 1.25331e-02 1.07867e-01 1.39115e-01 |
   1924 | 2.30706e+01 1.19910e-02 | 1.25331e-02 1.07867e-01 1.39115e-01 |
   1925 | 2.30826e+01 1.19910e-02 | 1.25331e-02 1.07867e-01 1.39115e-01 |
   1926 | 2.30946e+01 1.19910e-02 | 1.25331e-02 1.07867e-01 1.39115e-01 |
   1927 | 2.31066e+01 1.19910e-02 | 1.25331e-02 1.07867e-01 1.39115e-01 |
   1928 | 2.31186e+01 1.19911e-02 | 1.25331e-02 1.07867e-01 1.39115e-01 |
   1929 | 2.31306e+01 1.19911e-02 | 1.25331e-02 1.07867e-01 1.39115e-01 |
   1930 | 2.31426e+01 1.19911e-02 | 1.25331e-02 1.07867e-01 1.39115e-01 |
   1931 | 2.31546e+01 1.19911e-02 | 1.25331e-02 1.07867e-01 1.39115e-01 |
   1932 | 2.31666e+01 1.19911e-02 | 1.25331e-02 1.07867e-01 1.39115e-01 |
   1933 | 2.31786e+01 1.19911e-02 | 1.25331e-02 1.07867e-01 1.39115e-01 |
   1934 | 2.31906e+01 1.19911e-02 | 1.25331e-02 1.07867e-01 1.39115e-01 |
   1935 | 2.32025e+01 1.19911e-02 | 1.25331e-02 1.07867e-01 1.39115e-01 |
   1936 | 2.32145e+01 1.19911e-02 | 1.25331e-02 1.07867e-01 1.39115e-01 |
   1937 | 2.32265e+01 1.19910e-02 | 1.25331e-02 1.07867e-01 1.39115e-01 |
   1938 | 2.32385e+01 1.19910e-02 | 1.25331e-02 1.07867e-01 1.39115e-01 |
   1939 | 2.32505e+01 1.19910e-02 | 1.25331e-02 1.07867e-01 1.39115e-01 |
   1940 | 2.32625e+01 1.19910e-02 | 1.25331e-02 1.07867e-01 1.39115e-01 |
   1941 | 2.32745e+01 1.19910e-02 | 1.25331e-02 1.07867e-01 1.39115e-01 |
   1942 | 2.32865e+01 1.19910e-02 | 1.25331e-02 1.07867e-01 1.39115e-01 |
   1943 | 2.32985e+01 1.19910e-02 | 1.25331e-02 1.07867e-01 1.39115e-01 |
   1944 | 2.33105e+01 1.19911e-02 | 1.25331e-02 1.07867e-01 1.39115e-01 |
   1945 | 2.33225e+01 1.19911e-02 | 1.25331e-02 1.07867e-01 1.39115e-01 |
   1946 | 2.33344e+01 1.19911e-02 | 1.25331e-02 1.07867e-01 1.39115e-01 |
   1947 | 2.33464e+01 1.19911e-02 | 1.25331e-02 1.07867e-01 1.39115e-01 |
   1948 | 2.33584e+01 1.19911e-02 | 1.25331e-02 1.07867e-01 1.39115e-01 |
   1949 | 2.33704e+01 1.19911e-02 | 1.25331e-02 1.07867e-01 1.39115e-01 |
   1950 | 2.33824e+01 1.19911e-02 | 1.25331e-02 1.07867e-01 1.39115e-01 |
   1951 | 2.33944e+01 1.19911e-02 | 1.25331e-02 1.07867e-01 1.39115e-01 |
   1952 | 2.34064e+01 1.19911e-02 | 1.25331e-02 1.07867e-01 1.39115e-01 |
   1953 | 2.34184e+01 1.19911e-02 | 1.25331e-02 1.07867e-01 1.39115e-01 |
   1954 | 2.34304e+01 1.19911e-02 | 1.25331e-02 1.07867e-01 1.39115e-01 |
   1955 | 2.34424e+01 1.19911e-02 | 1.25331e-02 1.07867e-01 1.39115e-01 |
   1956 | 2.34544e+01 1.19911e-02 | 1.25331e-02 1.07867e-01 1.39115e-01 |
   1957 | 2.34663e+01 1.19911e-02 | 1.25331e-02 1.07867e-01 1.39115e-01 |
   1958 | 2.34783e+01 1.19911e-02 | 1.25331e-02 1.07867e-01 1.39115e-01 |
   1959 | 2.34903e+01 1.19911e-02 | 1.25331e-02 1.07867e-01 1.39115e-01 |
   1960 | 2.35023e+01 1.19911e-02 | 1.25331e-02 1.07867e-01 1.39115e-01 |
   1961 | 2.35143e+01 1.19911e-02 | 1.25331e-02 1.07867e-01 1.39115e-01 |
   1962 | 2.35263e+01 1.19911e-02 | 1.25331e-02 1.07867e-01 1.39115e-01 |
   1963 | 2.35383e+01 1.19911e-02 | 1.25331e-02 1.07867e-01 1.39115e-01 |
   1964 | 2.35503e+01 1.19912e-02 | 1.25331e-02 1.07867e-01 1.39115e-01 |
   1965 | 2.35623e+01 1.19912e-02 | 1.25331e-02 1.07867e-01 1.39115e-01 |
   1966 | 2.35743e+01 1.19912e-02 | 1.25331e-02 1.07867e-01 1.39115e-01 |
   1967 | 2.35863e+01 1.19912e-02 | 1.25331e-02 1.07867e-01 1.39115e-01 |
   1968 | 2.35982e+01 1.19911e-02 | 1.25331e-02 1.07867e-01 1.39115e-01 |
   1969 | 2.36102e+01 1.19911e-02 | 1.25331e-02 1.07867e-01 1.39115e-01 |
   1970 | 2.36222e+01 1.19911e-02 | 1.25331e-02 1.07867e-01 1.39115e-01 |
   1971 | 2.36342e+01 1.19911e-02 | 1.25331e-02 1.07867e-01 1.39115e-01 |
   1972 | 2.36462e+01 1.19911e-02 | 1.25331e-02 1.07867e-01 1.39115e-01 |
   1973 | 2.36582e+01 1.19911e-02 | 1.25331e-02 1.07867e-01 1.39115e-01 |
   1974 | 2.36702e+01 1.19911e-02 | 1.25331e-02 1.07867e-01 1.39115e-01 |
   1975 | 2.36822e+01 1.19911e-02 | 1.25331e-02 1.07867e-01 1.39115e-01 |
   1976 | 2.36942e+01 1.19911e-02 | 1.25331e-02 1.07867e-01 1.39115e-01 |
   1977 | 2.37062e+01 1.19911e-02 | 1.25331e-02 1.07867e-01 1.39115e-01 |
   1978 | 2.37182e+01 1.19911e-02 | 1.25331e-02 1.07867e-01 1.39115e-01 |
   1979 | 2.37301e+01 1.19911e-02 | 1.25331e-02 1.07867e-01 1.39115e-01 |
   1980 | 2.37421e+01 1.19911e-02 | 1.25331e-02 1.07867e-01 1.39115e-01 |
   1981 | 2.37541e+01 1.19911e-02 | 1.25331e-02 1.07867e-01 1.39115e-01 |
   1982 | 2.37661e+01 1.19911e-02 | 1.25331e-02 1.07867e-01 1.39115e-01 |
   1983 | 2.37781e+01 1.19911e-02 | 1.25331e-02 1.07867e-01 1.39115e-01 |
   1984 | 2.37901e+01 1.19911e-02 | 1.25331e-02 1.07867e-01 1.39115e-01 |
   1985 | 2.38021e+01 1.19911e-02 | 1.25331e-02 1.07867e-01 1.39115e-01 |
   1986 | 2.38141e+01 1.19911e-02 | 1.25331e-02 1.07867e-01 1.39115e-01 |
   1987 | 2.38261e+01 1.19911e-02 | 1.25331e-02 1.07867e-01 1.39115e-01 |
   1988 | 2.38381e+01 1.19911e-02 | 1.25331e-02 1.07867e-01 1.39115e-01 |
   1989 | 2.38501e+01 1.19911e-02 | 1.25331e-02 1.07867e-01 1.39115e-01 |
   1990 | 2.38621e+01 1.19911e-02 | 1.25331e-02 1.07867e-01 1.39115e-01 |
   1991 | 2.38740e+01 1.19911e-02 | 1.25331e-02 1.07867e-01 1.39115e-01 |
   1992 | 2.38860e+01 1.19911e-02 | 1.25331e-02 1.07867e-01 1.39115e-01 |
   1993 | 2.38980e+01 1.19911e-02 | 1.25331e-02 1.07867e-01 1.39115e-01 |
   1994 | 2.39100e+01 1.19911e-02 | 1.25331e-02 1.07867e-01 1.39115e-01 |
   1995 | 2.39220e+01 1.19911e-02 | 1.25331e-02 1.07867e-01 1.39115e-01 |
   1996 | 2.39340e+01 1.19911e-02 | 1.25331e-02 1.07867e-01 1.39115e-01 |
   1997 | 2.39460e+01 1.19911e-02 | 1.25331e-02 1.07867e-01 1.39115e-01 |
   1998 | 2.39580e+01 1.19911e-02 | 1.25331e-02 1.07867e-01 1.39115e-01 |
   1999 | 2.39700e+01 1.19911e-02 | 1.25331e-02 1.07867e-01 1.39115e-01 |
   2000 | 2.39820e+01 1.19911e-02 | 1.25331e-02 1.07867e-01 1.39115e-01 |
   2001 | 2.39940e+01 1.19911e-02 | 1.25331e-02 1.07867e-01 1.39115e-01 |
   2002 | 2.40059e+01 1.19911e-02 | 1.25331e-02 1.07867e-01 1.39115e-01 |
   2003 | 2.40179e+01 1.19911e-02 | 1.25331e-02 1.07867e-01 1.39115e-01 |
   2004 | 2.40299e+01 1.19910e-02 | 1.25331e-02 1.07867e-01 1.39115e-01 |
   2005 | 2.40419e+01 1.19910e-02 | 1.25331e-02 1.07867e-01 1.39115e-01 |
   2006 | 2.40539e+01 1.19910e-02 | 1.25331e-02 1.07867e-01 1.39115e-01 |
   2007 | 2.40659e+01 1.19910e-02 | 1.25331e-02 1.07867e-01 1.39115e-01 |
   2008 | 2.40779e+01 1.19910e-02 | 1.25331e-02 1.07867e-01 1.39115e-01 |
   2009 | 2.40899e+01 1.19910e-02 | 1.25331e-02 1.07867e-01 1.39115e-01 |
   2010 | 2.41019e+01 1.19909e-02 | 1.25331e-02 1.07867e-01 1.39115e-01 |
   2011 | 2.41139e+01 1.19909e-02 | 1.25331e-02 1.07867e-01 1.39115e-01 |
   2012 | 2.41259e+01 1.19909e-02 | 1.25331e-02 1.07867e-01 1.39115e-01 |
   2013 | 2.41378e+01 1.19909e-02 | 1.25331e-02 1.07867e-01 1.39115e-01 |
   2014 | 2.41498e+01 1.19909e-02 | 1.25331e-02 1.07867e-01 1.39115e-01 |
   2015 | 2.41618e+01 1.19909e-02 | 1.25331e-02 1.07867e-01 1.39115e-01 |
   2016 | 2.41738e+01 1.19909e-02 | 1.25331e-02 1.07867e-01 1.39115e-01 |
   2017 | 2.41858e+01 1.19909e-02 | 1.25331e-02 1.07867e-01 1.39115e-01 |
   2018 | 2.41978e+01 1.19909e-02 | 1.25331e-02 1.07867e-01 1.39115e-01 |
   2019 | 2.42098e+01 1.19909e-02 | 1.25331e-02 1.07867e-01 1.39115e-01 |
   2020 | 2.42218e+01 1.19909e-02 | 1.25331e-02 1.07867e-01 1.39115e-01 |
   2021 | 2.42338e+01 1.19909e-02 | 1.25331e-02 1.07867e-01 1.39115e-01 |
   2022 | 2.42458e+01 1.19909e-02 | 1.25331e-02 1.07867e-01 1.39115e-01 |
   2023 | 2.42578e+01 1.19909e-02 | 1.25331e-02 1.07867e-01 1.39115e-01 |
   2024 | 2.42697e+01 1.19909e-02 | 1.25331e-02 1.07867e-01 1.39115e-01 |
   2025 | 2.42817e+01 1.19909e-02 | 1.25331e-02 1.07867e-01 1.39115e-01 |
   2026 | 2.42937e+01 1.19909e-02 | 1.25331e-02 1.07867e-01 1.39115e-01 |
   2027 | 2.43057e+01 1.19909e-02 | 1.25331e-02 1.07867e-01 1.39115e-01 |
   2028 | 2.43177e+01 1.19909e-02 | 1.25331e-02 1.07867e-01 1.39115e-01 |
   2029 | 2.43297e+01 1.19909e-02 | 1.25331e-02 1.07867e-01 1.39115e-01 |
   2030 | 2.43417e+01 1.19909e-02 | 1.25331e-02 1.07867e-01 1.39115e-01 |
   2031 | 2.43537e+01 1.19909e-02 | 1.25331e-02 1.07867e-01 1.39115e-01 |
   2032 | 2.43657e+01 1.19909e-02 | 1.25331e-02 1.07867e-01 1.39115e-01 |
   2033 | 2.43777e+01 1.19910e-02 | 1.25331e-02 1.07867e-01 1.39115e-01 |
   2034 | 2.43897e+01 1.19910e-02 | 1.25331e-02 1.07867e-01 1.39115e-01 |
   2035 | 2.44016e+01 1.19910e-02 | 1.25331e-02 1.07867e-01 1.39115e-01 |
   2036 | 2.44136e+01 1.19910e-02 | 1.25331e-02 1.07867e-01 1.39115e-01 |
   2037 | 2.44256e+01 1.19910e-02 | 1.25331e-02 1.07867e-01 1.39115e-01 |
   2038 | 2.44376e+01 1.19910e-02 | 1.25331e-02 1.07867e-01 1.39115e-01 |
   2039 | 2.44496e+01 1.19911e-02 | 1.25331e-02 1.07867e-01 1.39115e-01 |
   2040 | 2.44616e+01 1.19911e-02 | 1.25331e-02 1.07867e-01 1.39115e-01 |
   2041 | 2.44736e+01 1.19911e-02 | 1.25331e-02 1.07867e-01 1.39115e-01 |
   2042 | 2.44856e+01 1.19911e-02 | 1.25331e-02 1.07867e-01 1.39115e-01 |
   2043 | 2.44976e+01 1.19910e-02 | 1.25331e-02 1.07867e-01 1.39115e-01 |
   2044 | 2.45096e+01 1.19910e-02 | 1.25331e-02 1.07867e-01 1.39115e-01 |
   2045 | 2.45216e+01 1.19910e-02 | 1.25331e-02 1.07867e-01 1.39115e-01 |
   2046 | 2.45335e+01 1.19910e-02 | 1.25331e-02 1.07867e-01 1.39115e-01 |
   2047 | 2.45455e+01 1.19910e-02 | 1.25331e-02 1.07867e-01 1.39115e-01 |
   2048 | 2.45575e+01 1.19910e-02 | 1.25331e-02 1.07867e-01 1.39115e-01 |
   2049 | 2.45695e+01 1.19909e-02 | 1.25331e-02 1.07867e-01 1.39115e-01 |
   2050 | 2.45815e+01 1.19909e-02 | 1.25331e-02 1.07867e-01 1.39115e-01 |
   2051 | 2.45935e+01 1.19909e-02 | 1.25331e-02 1.07867e-01 1.39115e-01 |
   2052 | 2.46055e+01 1.19909e-02 | 1.25331e-02 1.07867e-01 1.39115e-01 |
   2053 | 2.46175e+01 1.19909e-02 | 1.25331e-02 1.07867e-01 1.39115e-01 |
   2054 | 2.46295e+01 1.19909e-02 | 1.25331e-02 1.07867e-01 1.39115e-01 |
   2055 | 2.46415e+01 1.19909e-02 | 1.25331e-02 1.07867e-01 1.39115e-01 |
   2056 | 2.46535e+01 1.19909e-02 | 1.25331e-02 1.07867e-01 1.39115e-01 |
   2057 | 2.46654e+01 1.19909e-02 | 1.25331e-02 1.07867e-01 1.39115e-01 |
   2058 | 2.46774e+01 1.19909e-02 | 1.25331e-02 1.07867e-01 1.39115e-01 |
   2059 | 2.46894e+01 1.19909e-02 | 1.25331e-02 1.07867e-01 1.39115e-01 |
   2060 | 2.47014e+01 1.19909e-02 | 1.25331e-02 1.07867e-01 1.39115e-01 |
   2061 | 2.47134e+01 1.19909e-02 | 1.25331e-02 1.07867e-01 1.39115e-01 |
   2062 | 2.47254e+01 1.19909e-02 | 1.25331e-02 1.07867e-01 1.39115e-01 |
   2063 | 2.47374e+01 1.19909e-02 | 1.25331e-02 1.07867e-01 1.39115e-01 |
   2064 | 2.47494e+01 1.19909e-02 | 1.25331e-02 1.07867e-01 1.39115e-01 |
   2065 | 2.47614e+01 1.19909e-02 | 1.25331e-02 1.07867e-01 1.39115e-01 |
   2066 | 2.47734e+01 1.19909e-02 | 1.25331e-02 1.07867e-01 1.39115e-01 |
   2067 | 2.47854e+01 1.19909e-02 | 1.25331e-02 1.07867e-01 1.39115e-01 |
   2068 | 2.47973e+01 1.19909e-02 | 1.25331e-02 1.07867e-01 1.39115e-01 |
   2069 | 2.48093e+01 1.19910e-02 | 1.25331e-02 1.07867e-01 1.39115e-01 |
   2070 | 2.48213e+01 1.19910e-02 | 1.25331e-02 1.07867e-01 1.39115e-01 |
   2071 | 2.48333e+01 1.19910e-02 | 1.25331e-02 1.07867e-01 1.39115e-01 |
   2072 | 2.48453e+01 1.19910e-02 | 1.25331e-02 1.07867e-01 1.39115e-01 |
   2073 | 2.48573e+01 1.19910e-02 | 1.25331e-02 1.07867e-01 1.39115e-01 |
   2074 | 2.48693e+01 1.19910e-02 | 1.25331e-02 1.07867e-01 1.39115e-01 |
   2075 | 2.48813e+01 1.19911e-02 | 1.25331e-02 1.07867e-01 1.39115e-01 |
   2076 | 2.48933e+01 1.19911e-02 | 1.25331e-02 1.07867e-01 1.39115e-01 |
   2077 | 2.49053e+01 1.19911e-02 | 1.25331e-02 1.07867e-01 1.39115e-01 |
   2078 | 2.49173e+01 1.19911e-02 | 1.25331e-02 1.07867e-01 1.39115e-01 |
   2079 | 2.49292e+01 1.19911e-02 | 1.25331e-02 1.07867e-01 1.39115e-01 |
   2080 | 2.49412e+01 1.19911e-02 | 1.25331e-02 1.07867e-01 1.39115e-01 |
   2081 | 2.49532e+01 1.19910e-02 | 1.25331e-02 1.07867e-01 1.39115e-01 |
   2082 | 2.49652e+01 1.19910e-02 | 1.25331e-02 1.07867e-01 1.39115e-01 |
   2083 | 2.49772e+01 1.19910e-02 | 1.25331e-02 1.07867e-01 1.39115e-01 |
   2084 | 2.49892e+01 1.19910e-02 | 1.25331e-02 1.07867e-01 1.39115e-01 |
   2085 | 2.50012e+01 1.19910e-02 | 1.25331e-02 1.07867e-01 1.39115e-01 |
   2086 | 2.50132e+01 1.19910e-02 | 1.25331e-02 1.07867e-01 1.39115e-01 |
   2087 | 2.50252e+01 1.19910e-02 | 1.25331e-02 1.07867e-01 1.39115e-01 |
   2088 | 2.50372e+01 1.19909e-02 | 1.25331e-02 1.07867e-01 1.39115e-01 |
   2089 | 2.50492e+01 1.19909e-02 | 1.25331e-02 1.07867e-01 1.39115e-01 |
   2090 | 2.50611e+01 1.19909e-02 | 1.25331e-02 1.07867e-01 1.39115e-01 |
   2091 | 2.50731e+01 1.19909e-02 | 1.25331e-02 1.07867e-01 1.39115e-01 |
   2092 | 2.50851e+01 1.19909e-02 | 1.25331e-02 1.07867e-01 1.39115e-01 |
   2093 | 2.50971e+01 1.19909e-02 | 1.25331e-02 1.07867e-01 1.39115e-01 |
   2094 | 2.51091e+01 1.19909e-02 | 1.25331e-02 1.07867e-01 1.39115e-01 |
   2095 | 2.51211e+01 1.19909e-02 | 1.25331e-02 1.07867e-01 1.39115e-01 |
   2096 | 2.51331e+01 1.19909e-02 | 1.25331e-02 1.07867e-01 1.39115e-01 |
   2097 | 2.51451e+01 1.19909e-02 | 1.25331e-02 1.07867e-01 1.39115e-01 |
   2098 | 2.51571e+01 1.19909e-02 | 1.25331e-02 1.07867e-01 1.39115e-01 |
   2099 | 2.51691e+01 1.19909e-02 | 1.25331e-02 1.07867e-01 1.39115e-01 |
   2100 | 2.51811e+01 1.19909e-02 | 1.25331e-02 1.07867e-01 1.39115e-01 |
   2101 | 2.51930e+01 1.19909e-02 | 1.25331e-02 1.07867e-01 1.39115e-01 |
   2102 | 2.52050e+01 1.19909e-02 | 1.25331e-02 1.07867e-01 1.39115e-01 |
   2103 | 2.52170e+01 1.19909e-02 | 1.25331e-02 1.07867e-01 1.39115e-01 |
   2104 | 2.52290e+01 1.19909e-02 | 1.25331e-02 1.07867e-01 1.39115e-01 |
   2105 | 2.52410e+01 1.19910e-02 | 1.25331e-02 1.07867e-01 1.39115e-01 |
   2106 | 2.52530e+01 1.19910e-02 | 1.25331e-02 1.07867e-01 1.39115e-01 |
   2107 | 2.52650e+01 1.19910e-02 | 1.25331e-02 1.07867e-01 1.39115e-01 |
   2108 | 2.52770e+01 1.19910e-02 | 1.25331e-02 1.07867e-01 1.39115e-01 |
   2109 | 2.52890e+01 1.19910e-02 | 1.25331e-02 1.07867e-01 1.39115e-01 |
   2110 | 2.53010e+01 1.19910e-02 | 1.25331e-02 1.07867e-01 1.39115e-01 |
   2111 | 2.53130e+01 1.19911e-02 | 1.25331e-02 1.07867e-01 1.39115e-01 |
   2112 | 2.53249e+01 1.19911e-02 | 1.25331e-02 1.07867e-01 1.39115e-01 |
   2113 | 2.53369e+01 1.19911e-02 | 1.25331e-02 1.07867e-01 1.39115e-01 |
   2114 | 2.53489e+01 1.19911e-02 | 1.25331e-02 1.07867e-01 1.39115e-01 |
   2115 | 2.53609e+01 1.19912e-02 | 1.25331e-02 1.07867e-01 1.39115e-01 |
   2116 | 2.53729e+01 1.19912e-02 | 1.25331e-02 1.07867e-01 1.39115e-01 |
   2117 | 2.53849e+01 1.19912e-02 | 1.25331e-02 1.07867e-01 1.39115e-01 |
   2118 | 2.53969e+01 1.19911e-02 | 1.25331e-02 1.07867e-01 1.39115e-01 |
   2119 | 2.54089e+01 1.19911e-02 | 1.25331e-02 1.07867e-01 1.39115e-01 |
   2120 | 2.54209e+01 1.19911e-02 | 1.25331e-02 1.07867e-01 1.39115e-01 |
   2121 | 2.54329e+01 1.19911e-02 | 1.25331e-02 1.07867e-01 1.39115e-01 |
   2122 | 2.54449e+01 1.19910e-02 | 1.25331e-02 1.07867e-01 1.39115e-01 |
   2123 | 2.54569e+01 1.19910e-02 | 1.25331e-02 1.07867e-01 1.39115e-01 |
   2124 | 2.54688e+01 1.19910e-02 | 1.25331e-02 1.07867e-01 1.39115e-01 |
   2125 | 2.54808e+01 1.19910e-02 | 1.25331e-02 1.07867e-01 1.39115e-01 |
   2126 | 2.54928e+01 1.19910e-02 | 1.25331e-02 1.07867e-01 1.39115e-01 |
   2127 | 2.55048e+01 1.19909e-02 | 1.25331e-02 1.07867e-01 1.39115e-01 |
   2128 | 2.55168e+01 1.19909e-02 | 1.25331e-02 1.07867e-01 1.39115e-01 |
   2129 | 2.55288e+01 1.19909e-02 | 1.25331e-02 1.07867e-01 1.39115e-01 |
   2130 | 2.55408e+01 1.19909e-02 | 1.25331e-02 1.07867e-01 1.39115e-01 |
   2131 | 2.55528e+01 1.19909e-02 | 1.25331e-02 1.07867e-01 1.39115e-01 |
   2132 | 2.55648e+01 1.19909e-02 | 1.25331e-02 1.07867e-01 1.39115e-01 |
   2133 | 2.55768e+01 1.19909e-02 | 1.25331e-02 1.07867e-01 1.39115e-01 |
   2134 | 2.55888e+01 1.19909e-02 | 1.25331e-02 1.07867e-01 1.39115e-01 |
   2135 | 2.56007e+01 1.19909e-02 | 1.25331e-02 1.07867e-01 1.39115e-01 |
   2136 | 2.56127e+01 1.19909e-02 | 1.25331e-02 1.07867e-01 1.39115e-01 |
   2137 | 2.56247e+01 1.19908e-02 | 1.25331e-02 1.07867e-01 1.39115e-01 |
   2138 | 2.56367e+01 1.19908e-02 | 1.25331e-02 1.07867e-01 1.39115e-01 |
   2139 | 2.56487e+01 1.19908e-02 | 1.25331e-02 1.07867e-01 1.39115e-01 |
   2140 | 2.56607e+01 1.19908e-02 | 1.25331e-02 1.07867e-01 1.39115e-01 |
   2141 | 2.56727e+01 1.19908e-02 | 1.25331e-02 1.07867e-01 1.39115e-01 |
   2142 | 2.56847e+01 1.19908e-02 | 1.25331e-02 1.07867e-01 1.39115e-01 |
   2143 | 2.56967e+01 1.19909e-02 | 1.25331e-02 1.07867e-01 1.39115e-01 |
   2144 | 2.57087e+01 1.19909e-02 | 1.25331e-02 1.07867e-01 1.39115e-01 |
   2145 | 2.57207e+01 1.19909e-02 | 1.25331e-02 1.07867e-01 1.39115e-01 |
   2146 | 2.57326e+01 1.19909e-02 | 1.25331e-02 1.07867e-01 1.39115e-01 |
   2147 | 2.57446e+01 1.19909e-02 | 1.25331e-02 1.07867e-01 1.39115e-01 |
   2148 | 2.57566e+01 1.19909e-02 | 1.25331e-02 1.07867e-01 1.39115e-01 |
   2149 | 2.57686e+01 1.19909e-02 | 1.25331e-02 1.07867e-01 1.39115e-01 |
   2150 | 2.57806e+01 1.19909e-02 | 1.25331e-02 1.07867e-01 1.39115e-01 |
   2151 | 2.57926e+01 1.19909e-02 | 1.25331e-02 1.07867e-01 1.39115e-01 |
   2152 | 2.58046e+01 1.19910e-02 | 1.25331e-02 1.07867e-01 1.39115e-01 |
   2153 | 2.58166e+01 1.19910e-02 | 1.25331e-02 1.07867e-01 1.39115e-01 |
   2154 | 2.58286e+01 1.19910e-02 | 1.25331e-02 1.07867e-01 1.39115e-01 |
   2155 | 2.58406e+01 1.19910e-02 | 1.25331e-02 1.07867e-01 1.39115e-01 |
   2156 | 2.58526e+01 1.19910e-02 | 1.25331e-02 1.07867e-01 1.39115e-01 |
   2157 | 2.58645e+01 1.19911e-02 | 1.25331e-02 1.07867e-01 1.39115e-01 |
   2158 | 2.58765e+01 1.19911e-02 | 1.25331e-02 1.07867e-01 1.39115e-01 |
   2159 | 2.58885e+01 1.19910e-02 | 1.25331e-02 1.07867e-01 1.39115e-01 |
   2160 | 2.59005e+01 1.19910e-02 | 1.25331e-02 1.07867e-01 1.39115e-01 |
   2161 | 2.59125e+01 1.19910e-02 | 1.25331e-02 1.07867e-01 1.39115e-01 |
   2162 | 2.59245e+01 1.19910e-02 | 1.25331e-02 1.07867e-01 1.39115e-01 |
   2163 | 2.59365e+01 1.19910e-02 | 1.25331e-02 1.07867e-01 1.39115e-01 |
   2164 | 2.59485e+01 1.19909e-02 | 1.25331e-02 1.07867e-01 1.39115e-01 |
   2165 | 2.59605e+01 1.19909e-02 | 1.25331e-02 1.07867e-01 1.39115e-01 |
   2166 | 2.59725e+01 1.19909e-02 | 1.25331e-02 1.07867e-01 1.39115e-01 |
   2167 | 2.59845e+01 1.19909e-02 | 1.25331e-02 1.07867e-01 1.39115e-01 |
   2168 | 2.59964e+01 1.19909e-02 | 1.25331e-02 1.07867e-01 1.39115e-01 |
   2169 | 2.60084e+01 1.19909e-02 | 1.25331e-02 1.07867e-01 1.39115e-01 |
   2170 | 2.60204e+01 1.19909e-02 | 1.25331e-02 1.07867e-01 1.39115e-01 |
   2171 | 2.60324e+01 1.19909e-02 | 1.25331e-02 1.07867e-01 1.39115e-01 |
   2172 | 2.60444e+01 1.19909e-02 | 1.25331e-02 1.07867e-01 1.39115e-01 |
   2173 | 2.60564e+01 1.19909e-02 | 1.25331e-02 1.07867e-01 1.39115e-01 |
   2174 | 2.60684e+01 1.19908e-02 | 1.25331e-02 1.07867e-01 1.39115e-01 |
   2175 | 2.60804e+01 1.19908e-02 | 1.25331e-02 1.07867e-01 1.39115e-01 |
   2176 | 2.60924e+01 1.19908e-02 | 1.25331e-02 1.07867e-01 1.39115e-01 |
   2177 | 2.61044e+01 1.19908e-02 | 1.25331e-02 1.07867e-01 1.39115e-01 |
   2178 | 2.61164e+01 1.19908e-02 | 1.25331e-02 1.07867e-01 1.39115e-01 |
   2179 | 2.61283e+01 1.19908e-02 | 1.25331e-02 1.07867e-01 1.39115e-01 |
   2180 | 2.61403e+01 1.19909e-02 | 1.25331e-02 1.07867e-01 1.39115e-01 |
   2181 | 2.61523e+01 1.19909e-02 | 1.25331e-02 1.07867e-01 1.39115e-01 |
   2182 | 2.61643e+01 1.19909e-02 | 1.25331e-02 1.07867e-01 1.39115e-01 |
   2183 | 2.61763e+01 1.19909e-02 | 1.25331e-02 1.07867e-01 1.39115e-01 |
   2184 | 2.61883e+01 1.19909e-02 | 1.25331e-02 1.07867e-01 1.39115e-01 |
   2185 | 2.62003e+01 1.19909e-02 | 1.25331e-02 1.07867e-01 1.39115e-01 |
   2186 | 2.62123e+01 1.19909e-02 | 1.25331e-02 1.07867e-01 1.39115e-01 |
   2187 | 2.62243e+01 1.19909e-02 | 1.25331e-02 1.07867e-01 1.39115e-01 |
   2188 | 2.62363e+01 1.19909e-02 | 1.25331e-02 1.07867e-01 1.39115e-01 |
   2189 | 2.62483e+01 1.19909e-02 | 1.25331e-02 1.07867e-01 1.39115e-01 |
   2190 | 2.62602e+01 1.19910e-02 | 1.25331e-02 1.07867e-01 1.39115e-01 |
   2191 | 2.62722e+01 1.19910e-02 | 1.25331e-02 1.07867e-01 1.39115e-01 |
   2192 | 2.62842e+01 1.19910e-02 | 1.25331e-02 1.07867e-01 1.39115e-01 |
   2193 | 2.62962e+01 1.19910e-02 | 1.25331e-02 1.07867e-01 1.39115e-01 |
   2194 | 2.63082e+01 1.19910e-02 | 1.25331e-02 1.07867e-01 1.39115e-01 |
   2195 | 2.63202e+01 1.19911e-02 | 1.25331e-02 1.07867e-01 1.39115e-01 |
   2196 | 2.63322e+01 1.19910e-02 | 1.25331e-02 1.07867e-01 1.39115e-01 |
   2197 | 2.63442e+01 1.19910e-02 | 1.25331e-02 1.07867e-01 1.39115e-01 |
   2198 | 2.63562e+01 1.19910e-02 | 1.25331e-02 1.07867e-01 1.39115e-01 |
   2199 | 2.63682e+01 1.19910e-02 | 1.25331e-02 1.07867e-01 1.39115e-01 |
   2200 | 2.63802e+01 1.19910e-02 | 1.25331e-02 1.07867e-01 1.39115e-01 |
   2201 | 2.63921e+01 1.19909e-02 | 1.25331e-02 1.07867e-01 1.39115e-01 |
   2202 | 2.64041e+01 1.19909e-02 | 1.25331e-02 1.07867e-01 1.39115e-01 |
   2203 | 2.64161e+01 1.19909e-02 | 1.25331e-02 1.07867e-01 1.39115e-01 |
   2204 | 2.64281e+01 1.19909e-02 | 1.25331e-02 1.07867e-01 1.39115e-01 |
   2205 | 2.64401e+01 1.19909e-02 | 1.25331e-02 1.07867e-01 1.39115e-01 |
   2206 | 2.64521e+01 1.19909e-02 | 1.25331e-02 1.07867e-01 1.39115e-01 |
   2207 | 2.64641e+01 1.19909e-02 | 1.25331e-02 1.07867e-01 1.39115e-01 |
   2208 | 2.64761e+01 1.19909e-02 | 1.25331e-02 1.07867e-01 1.39115e-01 |
   2209 | 2.64881e+01 1.19909e-02 | 1.25331e-02 1.07867e-01 1.39115e-01 |
   2210 | 2.65001e+01 1.19908e-02 | 1.25331e-02 1.07867e-01 1.39115e-01 |
   2211 | 2.65121e+01 1.19908e-02 | 1.25331e-02 1.07867e-01 1.39115e-01 |
   2212 | 2.65240e+01 1.19908e-02 | 1.25331e-02 1.07867e-01 1.39115e-01 |
   2213 | 2.65360e+01 1.19908e-02 | 1.25331e-02 1.07867e-01 1.39115e-01 |
   2214 | 2.65480e+01 1.19908e-02 | 1.25331e-02 1.07867e-01 1.39115e-01 |
   2215 | 2.65600e+01 1.19908e-02 | 1.25331e-02 1.07867e-01 1.39115e-01 |
   2216 | 2.65720e+01 1.19908e-02 | 1.25331e-02 1.07867e-01 1.39115e-01 |
   2217 | 2.65840e+01 1.19908e-02 | 1.25331e-02 1.07867e-01 1.39115e-01 |
   2218 | 2.65960e+01 1.19909e-02 | 1.25331e-02 1.07867e-01 1.39115e-01 |
   2219 | 2.66080e+01 1.19909e-02 | 1.25331e-02 1.07867e-01 1.39115e-01 |
   2220 | 2.66200e+01 1.19909e-02 | 1.25331e-02 1.07867e-01 1.39115e-01 |
   2221 | 2.66320e+01 1.19909e-02 | 1.25331e-02 1.07867e-01 1.39115e-01 |
   2222 | 2.66440e+01 1.19909e-02 | 1.25331e-02 1.07867e-01 1.39115e-01 |
   2223 | 2.66559e+01 1.19909e-02 | 1.25331e-02 1.07867e-01 1.39115e-01 |
   2224 | 2.66679e+01 1.19909e-02 | 1.25331e-02 1.07867e-01 1.39115e-01 |
   2225 | 2.66799e+01 1.19909e-02 | 1.25331e-02 1.07867e-01 1.39115e-01 |
   2226 | 2.66919e+01 1.19909e-02 | 1.25331e-02 1.07867e-01 1.39115e-01 |
   2227 | 2.67039e+01 1.19910e-02 | 1.25331e-02 1.07867e-01 1.39115e-01 |
   2228 | 2.67159e+01 1.19910e-02 | 1.25331e-02 1.07867e-01 1.39115e-01 |
   2229 | 2.67279e+01 1.19910e-02 | 1.25331e-02 1.07867e-01 1.39115e-01 |
   2230 | 2.67399e+01 1.19910e-02 | 1.25331e-02 1.07867e-01 1.39115e-01 |
   2231 | 2.67519e+01 1.19910e-02 | 1.25331e-02 1.07867e-01 1.39115e-01 |
   2232 | 2.67639e+01 1.19911e-02 | 1.25331e-02 1.07867e-01 1.39115e-01 |
   2233 | 2.67759e+01 1.19911e-02 | 1.25331e-02 1.07867e-01 1.39115e-01 |
   2234 | 2.67878e+01 1.19911e-02 | 1.25331e-02 1.07867e-01 1.39115e-01 |
   2235 | 2.67998e+01 1.19911e-02 | 1.25331e-02 1.07867e-01 1.39115e-01 |
   2236 | 2.68118e+01 1.19912e-02 | 1.25331e-02 1.07867e-01 1.39115e-01 |
   2237 | 2.68238e+01 1.19912e-02 | 1.25331e-02 1.07867e-01 1.39115e-01 |
   2238 | 2.68358e+01 1.19912e-02 | 1.25331e-02 1.07867e-01 1.39115e-01 |
   2239 | 2.68478e+01 1.19912e-02 | 1.25331e-02 1.07867e-01 1.39115e-01 |
   2240 | 2.68598e+01 1.19911e-02 | 1.25331e-02 1.07867e-01 1.39115e-01 |
   2241 | 2.68718e+01 1.19911e-02 | 1.25331e-02 1.07867e-01 1.39115e-01 |
   2242 | 2.68838e+01 1.19911e-02 | 1.25331e-02 1.07867e-01 1.39115e-01 |
   2243 | 2.68958e+01 1.19911e-02 | 1.25331e-02 1.07867e-01 1.39115e-01 |
   2244 | 2.69078e+01 1.19911e-02 | 1.25331e-02 1.07867e-01 1.39115e-01 |
   2245 | 2.69197e+01 1.19910e-02 | 1.25331e-02 1.07867e-01 1.39115e-01 |
   2246 | 2.69317e+01 1.19910e-02 | 1.25331e-02 1.07867e-01 1.39115e-01 |
   2247 | 2.69437e+01 1.19910e-02 | 1.25331e-02 1.07867e-01 1.39115e-01 |
   2248 | 2.69557e+01 1.19910e-02 | 1.25331e-02 1.07867e-01 1.39115e-01 |
   2249 | 2.69677e+01 1.19910e-02 | 1.25331e-02 1.07867e-01 1.39115e-01 |
   2250 | 2.69797e+01 1.19910e-02 | 1.25331e-02 1.07867e-01 1.39115e-01 |
   2251 | 2.69917e+01 1.19910e-02 | 1.25331e-02 1.07867e-01 1.39115e-01 |
   2252 | 2.70037e+01 1.19910e-02 | 1.25331e-02 1.07867e-01 1.39115e-01 |
   2253 | 2.70157e+01 1.19910e-02 | 1.25331e-02 1.07867e-01 1.39115e-01 |
   2254 | 2.70277e+01 1.19910e-02 | 1.25331e-02 1.07867e-01 1.39115e-01 |
   2255 | 2.70397e+01 1.19910e-02 | 1.25331e-02 1.07867e-01 1.39115e-01 |
   2256 | 2.70516e+01 1.19910e-02 | 1.25331e-02 1.07867e-01 1.39115e-01 |
   2257 | 2.70636e+01 1.19909e-02 | 1.25331e-02 1.07867e-01 1.39115e-01 |
   2258 | 2.70756e+01 1.19909e-02 | 1.25331e-02 1.07867e-01 1.39115e-01 |
   2259 | 2.70876e+01 1.19910e-02 | 1.25331e-02 1.07867e-01 1.39115e-01 |
   2260 | 2.70996e+01 1.19910e-02 | 1.25331e-02 1.07867e-01 1.39115e-01 |
   2261 | 2.71116e+01 1.19910e-02 | 1.25331e-02 1.07867e-01 1.39115e-01 |
   2262 | 2.71236e+01 1.19910e-02 | 1.25331e-02 1.07867e-01 1.39115e-01 |
   2263 | 2.71356e+01 1.19910e-02 | 1.25331e-02 1.07867e-01 1.39115e-01 |
   2264 | 2.71476e+01 1.19910e-02 | 1.25331e-02 1.07867e-01 1.39115e-01 |
   2265 | 2.71596e+01 1.19910e-02 | 1.25331e-02 1.07867e-01 1.39115e-01 |
   2266 | 2.71716e+01 1.19910e-02 | 1.25331e-02 1.07867e-01 1.39115e-01 |
   2267 | 2.71835e+01 1.19910e-02 | 1.25331e-02 1.07867e-01 1.39115e-01 |
   2268 | 2.71955e+01 1.19910e-02 | 1.25331e-02 1.07867e-01 1.39115e-01 |
   2269 | 2.72075e+01 1.19910e-02 | 1.25331e-02 1.07867e-01 1.39115e-01 |
   2270 | 2.72195e+01 1.19911e-02 | 1.25331e-02 1.07867e-01 1.39115e-01 |
   2271 | 2.72315e+01 1.19911e-02 | 1.25331e-02 1.07867e-01 1.39115e-01 |
   2272 | 2.72435e+01 1.19911e-02 | 1.25331e-02 1.07867e-01 1.39115e-01 |
   2273 | 2.72555e+01 1.19911e-02 | 1.25331e-02 1.07867e-01 1.39115e-01 |
   2274 | 2.72675e+01 1.19911e-02 | 1.25331e-02 1.07867e-01 1.39115e-01 |
   2275 | 2.72795e+01 1.19912e-02 | 1.25331e-02 1.07867e-01 1.39115e-01 |
   2276 | 2.72915e+01 1.19912e-02 | 1.25331e-02 1.07867e-01 1.39115e-01 |
   2277 | 2.73035e+01 1.19911e-02 | 1.25331e-02 1.07867e-01 1.39115e-01 |
   2278 | 2.73154e+01 1.19911e-02 | 1.25331e-02 1.07867e-01 1.39115e-01 |
   2279 | 2.73274e+01 1.19911e-02 | 1.25331e-02 1.07867e-01 1.39115e-01 |
   2280 | 2.73394e+01 1.19911e-02 | 1.25331e-02 1.07867e-01 1.39115e-01 |
   2281 | 2.73514e+01 1.19910e-02 | 1.25331e-02 1.07867e-01 1.39115e-01 |
   2282 | 2.73634e+01 1.19910e-02 | 1.25331e-02 1.07867e-01 1.39115e-01 |
   2283 | 2.73754e+01 1.19910e-02 | 1.25331e-02 1.07867e-01 1.39115e-01 |
   2284 | 2.73874e+01 1.19910e-02 | 1.25331e-02 1.07867e-01 1.39115e-01 |
   2285 | 2.73994e+01 1.19910e-02 | 1.25331e-02 1.07867e-01 1.39115e-01 |
   2286 | 2.74114e+01 1.19910e-02 | 1.25331e-02 1.07867e-01 1.39115e-01 |
   2287 | 2.74234e+01 1.19910e-02 | 1.25331e-02 1.07867e-01 1.39115e-01 |
   2288 | 2.74354e+01 1.19910e-02 | 1.25331e-02 1.07867e-01 1.39115e-01 |
   2289 | 2.74474e+01 1.19909e-02 | 1.25331e-02 1.07867e-01 1.39115e-01 |
   2290 | 2.74593e+01 1.19909e-02 | 1.25331e-02 1.07867e-01 1.39115e-01 |
   2291 | 2.74713e+01 1.19909e-02 | 1.25331e-02 1.07867e-01 1.39115e-01 |
   2292 | 2.74833e+01 1.19909e-02 | 1.25331e-02 1.07867e-01 1.39115e-01 |
   2293 | 2.74953e+01 1.19909e-02 | 1.25331e-02 1.07867e-01 1.39115e-01 |
   2294 | 2.75073e+01 1.19909e-02 | 1.25331e-02 1.07867e-01 1.39115e-01 |
   2295 | 2.75193e+01 1.19909e-02 | 1.25331e-02 1.07867e-01 1.39115e-01 |
   2296 | 2.75313e+01 1.19909e-02 | 1.25331e-02 1.07867e-01 1.39115e-01 |
   2297 | 2.75433e+01 1.19909e-02 | 1.25331e-02 1.07867e-01 1.39115e-01 |
   2298 | 2.75553e+01 1.19909e-02 | 1.25331e-02 1.07867e-01 1.39115e-01 |
   2299 | 2.75673e+01 1.19909e-02 | 1.25331e-02 1.07867e-01 1.39115e-01 |
   2300 | 2.75793e+01 1.19909e-02 | 1.25331e-02 1.07867e-01 1.39115e-01 |
   2301 | 2.75912e+01 1.19909e-02 | 1.25331e-02 1.07867e-01 1.39115e-01 |
   2302 | 2.76032e+01 1.19910e-02 | 1.25331e-02 1.07867e-01 1.39115e-01 |
   2303 | 2.76152e+01 1.19910e-02 | 1.25331e-02 1.07867e-01 1.39115e-01 |
   2304 | 2.76272e+01 1.19910e-02 | 1.25331e-02 1.07867e-01 1.39115e-01 |
   2305 | 2.76392e+01 1.19910e-02 | 1.25331e-02 1.07867e-01 1.39115e-01 |
   2306 | 2.76512e+01 1.19910e-02 | 1.25331e-02 1.07867e-01 1.39115e-01 |
   2307 | 2.76632e+01 1.19910e-02 | 1.25331e-02 1.07867e-01 1.39115e-01 |
   2308 | 2.76752e+01 1.19910e-02 | 1.25331e-02 1.07867e-01 1.39115e-01 |
   2309 | 2.76872e+01 1.19911e-02 | 1.25331e-02 1.07867e-01 1.39115e-01 |
   2310 | 2.76992e+01 1.19911e-02 | 1.25331e-02 1.07867e-01 1.39115e-01 |
   2311 | 2.77112e+01 1.19910e-02 | 1.25331e-02 1.07867e-01 1.39115e-01 |
   2312 | 2.77231e+01 1.19910e-02 | 1.25331e-02 1.07867e-01 1.39115e-01 |
   2313 | 2.77351e+01 1.19910e-02 | 1.25331e-02 1.07867e-01 1.39115e-01 |
   2314 | 2.77471e+01 1.19910e-02 | 1.25331e-02 1.07867e-01 1.39115e-01 |
   2315 | 2.77591e+01 1.19910e-02 | 1.25331e-02 1.07867e-01 1.39115e-01 |
   2316 | 2.77711e+01 1.19910e-02 | 1.25331e-02 1.07867e-01 1.39115e-01 |
   2317 | 2.77831e+01 1.19910e-02 | 1.25331e-02 1.07867e-01 1.39115e-01 |
   2318 | 2.77951e+01 1.19910e-02 | 1.25331e-02 1.07867e-01 1.39115e-01 |
   2319 | 2.78071e+01 1.19910e-02 | 1.25331e-02 1.07867e-01 1.39115e-01 |
   2320 | 2.78191e+01 1.19910e-02 | 1.25331e-02 1.07867e-01 1.39115e-01 |
   2321 | 2.78311e+01 1.19909e-02 | 1.25331e-02 1.07867e-01 1.39115e-01 |
   2322 | 2.78431e+01 1.19909e-02 | 1.25331e-02 1.07867e-01 1.39115e-01 |
   2323 | 2.78550e+01 1.19909e-02 | 1.25331e-02 1.07867e-01 1.39115e-01 |
   2324 | 2.78670e+01 1.19909e-02 | 1.25331e-02 1.07867e-01 1.39115e-01 |
   2325 | 2.78790e+01 1.19909e-02 | 1.25331e-02 1.07867e-01 1.39115e-01 |
   2326 | 2.78910e+01 1.19909e-02 | 1.25331e-02 1.07867e-01 1.39115e-01 |
   2327 | 2.79030e+01 1.19909e-02 | 1.25331e-02 1.07867e-01 1.39115e-01 |
   2328 | 2.79150e+01 1.19909e-02 | 1.25331e-02 1.07867e-01 1.39115e-01 |
   2329 | 2.79270e+01 1.19909e-02 | 1.25331e-02 1.07867e-01 1.39115e-01 |
   2330 | 2.79390e+01 1.19909e-02 | 1.25331e-02 1.07867e-01 1.39115e-01 |
   2331 | 2.79510e+01 1.19909e-02 | 1.25331e-02 1.07867e-01 1.39115e-01 |
   2332 | 2.79630e+01 1.19909e-02 | 1.25331e-02 1.07867e-01 1.39115e-01 |
   2333 | 2.79750e+01 1.19909e-02 | 1.25331e-02 1.07867e-01 1.39115e-01 |
   2334 | 2.79869e+01 1.19909e-02 | 1.25331e-02 1.07867e-01 1.39115e-01 |
   2335 | 2.79989e+01 1.19909e-02 | 1.25331e-02 1.07867e-01 1.39115e-01 |
   2336 | 2.80109e+01 1.19909e-02 | 1.25331e-02 1.07867e-01 1.39115e-01 |
   2337 | 2.80229e+01 1.19909e-02 | 1.25331e-02 1.07867e-01 1.39115e-01 |
   2338 | 2.80349e+01 1.19909e-02 | 1.25331e-02 1.07867e-01 1.39115e-01 |
   2339 | 2.80469e+01 1.19909e-02 | 1.25331e-02 1.07867e-01 1.39115e-01 |
   2340 | 2.80589e+01 1.19909e-02 | 1.25331e-02 1.07867e-01 1.39115e-01 |
   2341 | 2.80709e+01 1.19909e-02 | 1.25331e-02 1.07867e-01 1.39115e-01 |
   2342 | 2.80829e+01 1.19910e-02 | 1.25331e-02 1.07867e-01 1.39115e-01 |
   2343 | 2.80949e+01 1.19910e-02 | 1.25331e-02 1.07867e-01 1.39115e-01 |
   2344 | 2.81069e+01 1.19910e-02 | 1.25331e-02 1.07867e-01 1.39115e-01 |
   2345 | 2.81188e+01 1.19910e-02 | 1.25331e-02 1.07867e-01 1.39115e-01 |
   2346 | 2.81308e+01 1.19910e-02 | 1.25331e-02 1.07867e-01 1.39115e-01 |
   2347 | 2.81428e+01 1.19910e-02 | 1.25331e-02 1.07867e-01 1.39115e-01 |
   2348 | 2.81548e+01 1.19911e-02 | 1.25331e-02 1.07867e-01 1.39115e-01 |
   2349 | 2.81668e+01 1.19911e-02 | 1.25331e-02 1.07867e-01 1.39115e-01 |
   2350 | 2.81788e+01 1.19911e-02 | 1.25331e-02 1.07867e-01 1.39115e-01 |
   2351 | 2.81908e+01 1.19911e-02 | 1.25331e-02 1.07867e-01 1.39115e-01 |
   2352 | 2.82028e+01 1.19910e-02 | 1.25331e-02 1.07867e-01 1.39115e-01 |
   2353 | 2.82148e+01 1.19910e-02 | 1.25331e-02 1.07867e-01 1.39115e-01 |
   2354 | 2.82268e+01 1.19910e-02 | 1.25331e-02 1.07867e-01 1.39115e-01 |
   2355 | 2.82388e+01 1.19910e-02 | 1.25331e-02 1.07867e-01 1.39115e-01 |
   2356 | 2.82507e+01 1.19910e-02 | 1.25331e-02 1.07867e-01 1.39115e-01 |
   2357 | 2.82627e+01 1.19910e-02 | 1.25331e-02 1.07867e-01 1.39115e-01 |
   2358 | 2.82747e+01 1.19910e-02 | 1.25331e-02 1.07867e-01 1.39115e-01 |
   2359 | 2.82867e+01 1.19910e-02 | 1.25331e-02 1.07867e-01 1.39115e-01 |
   2360 | 2.82987e+01 1.19910e-02 | 1.25331e-02 1.07867e-01 1.39115e-01 |
   2361 | 2.83107e+01 1.19910e-02 | 1.25331e-02 1.07867e-01 1.39115e-01 |
   2362 | 2.83227e+01 1.19910e-02 | 1.25331e-02 1.07867e-01 1.39115e-01 |
   2363 | 2.83347e+01 1.19910e-02 | 1.25331e-02 1.07867e-01 1.39115e-01 |
   2364 | 2.83467e+01 1.19910e-02 | 1.25331e-02 1.07867e-01 1.39115e-01 |
   2365 | 2.83587e+01 1.19910e-02 | 1.25331e-02 1.07867e-01 1.39115e-01 |
   2366 | 2.83707e+01 1.19910e-02 | 1.25331e-02 1.07867e-01 1.39115e-01 |
   2367 | 2.83826e+01 1.19910e-02 | 1.25331e-02 1.07867e-01 1.39115e-01 |
   2368 | 2.83946e+01 1.19910e-02 | 1.25331e-02 1.07867e-01 1.39115e-01 |
   2369 | 2.84066e+01 1.19910e-02 | 1.25331e-02 1.07867e-01 1.39115e-01 |
   2370 | 2.84186e+01 1.19910e-02 | 1.25331e-02 1.07867e-01 1.39115e-01 |
   2371 | 2.84306e+01 1.19911e-02 | 1.25331e-02 1.07867e-01 1.39115e-01 |
   2372 | 2.84426e+01 1.19911e-02 | 1.25331e-02 1.07867e-01 1.39115e-01 |
   2373 | 2.84546e+01 1.19911e-02 | 1.25331e-02 1.07867e-01 1.39115e-01 |
   2374 | 2.84666e+01 1.19911e-02 | 1.25331e-02 1.07867e-01 1.39115e-01 |
   2375 | 2.84786e+01 1.19911e-02 | 1.25331e-02 1.07867e-01 1.39115e-01 |
   2376 | 2.84906e+01 1.19911e-02 | 1.25331e-02 1.07867e-01 1.39115e-01 |
   2377 | 2.85026e+01 1.19912e-02 | 1.25331e-02 1.07867e-01 1.39115e-01 |
   2378 | 2.85145e+01 1.19912e-02 | 1.25331e-02 1.07867e-01 1.39115e-01 |
   2379 | 2.85265e+01 1.19912e-02 | 1.25331e-02 1.07867e-01 1.39115e-01 |
   2380 | 2.85385e+01 1.19912e-02 | 1.25331e-02 1.07867e-01 1.39115e-01 |
   2381 | 2.85505e+01 1.19912e-02 | 1.25331e-02 1.07867e-01 1.39115e-01 |
   2382 | 2.85625e+01 1.19912e-02 | 1.25331e-02 1.07867e-01 1.39115e-01 |
   2383 | 2.85745e+01 1.19912e-02 | 1.25331e-02 1.07867e-01 1.39115e-01 |
   2384 | 2.85865e+01 1.19912e-02 | 1.25331e-02 1.07867e-01 1.39115e-01 |
   2385 | 2.85985e+01 1.19911e-02 | 1.25331e-02 1.07867e-01 1.39115e-01 |
   2386 | 2.86105e+01 1.19911e-02 | 1.25331e-02 1.07867e-01 1.39115e-01 |
   2387 | 2.86225e+01 1.19911e-02 | 1.25331e-02 1.07867e-01 1.39115e-01 |
   2388 | 2.86345e+01 1.19911e-02 | 1.25331e-02 1.07867e-01 1.39115e-01 |
   2389 | 2.86465e+01 1.19911e-02 | 1.25331e-02 1.07867e-01 1.39115e-01 |
   2390 | 2.86584e+01 1.19911e-02 | 1.25331e-02 1.07867e-01 1.39115e-01 |
   2391 | 2.86704e+01 1.19911e-02 | 1.25331e-02 1.07867e-01 1.39115e-01 |
   2392 | 2.86824e+01 1.19911e-02 | 1.25331e-02 1.07867e-01 1.39115e-01 |
   2393 | 2.86944e+01 1.19910e-02 | 1.25331e-02 1.07867e-01 1.39115e-01 |
   2394 | 2.87064e+01 1.19910e-02 | 1.25331e-02 1.07867e-01 1.39115e-01 |
   2395 | 2.87184e+01 1.19910e-02 | 1.25331e-02 1.07867e-01 1.39115e-01 |
   2396 | 2.87304e+01 1.19910e-02 | 1.25331e-02 1.07867e-01 1.39115e-01 |
   2397 | 2.87424e+01 1.19910e-02 | 1.25331e-02 1.07867e-01 1.39115e-01 |
   2398 | 2.87544e+01 1.19910e-02 | 1.25331e-02 1.07867e-01 1.39115e-01 |
   2399 | 2.87664e+01 1.19910e-02 | 1.25331e-02 1.07867e-01 1.39115e-01 |
   2400 | 2.87784e+01 1.19910e-02 | 1.25331e-02 1.07867e-01 1.39115e-01 |
   2401 | 2.87903e+01 1.19910e-02 | 1.25331e-02 1.07867e-01 1.39115e-01 |
   2402 | 2.88023e+01 1.19910e-02 | 1.25331e-02 1.07867e-01 1.39115e-01 |
   2403 | 2.88143e+01 1.19910e-02 | 1.25331e-02 1.07867e-01 1.39115e-01 |
   2404 | 2.88263e+01 1.19910e-02 | 1.25331e-02 1.07867e-01 1.39115e-01 |
   2405 | 2.88383e+01 1.19911e-02 | 1.25331e-02 1.07867e-01 1.39115e-01 |
   2406 | 2.88503e+01 1.19911e-02 | 1.25331e-02 1.07867e-01 1.39115e-01 |
   2407 | 2.88623e+01 1.19911e-02 | 1.25331e-02 1.07867e-01 1.39115e-01 |
   2408 | 2.88743e+01 1.19911e-02 | 1.25331e-02 1.07867e-01 1.39115e-01 |
   2409 | 2.88863e+01 1.19911e-02 | 1.25331e-02 1.07867e-01 1.39115e-01 |
   2410 | 2.88983e+01 1.19911e-02 | 1.25331e-02 1.07867e-01 1.39115e-01 |
   2411 | 2.89103e+01 1.19911e-02 | 1.25331e-02 1.07867e-01 1.39115e-01 |
   2412 | 2.89222e+01 1.19911e-02 | 1.25331e-02 1.07867e-01 1.39115e-01 |
   2413 | 2.89342e+01 1.19911e-02 | 1.25331e-02 1.07867e-01 1.39115e-01 |
   2414 | 2.89462e+01 1.19911e-02 | 1.25331e-02 1.07867e-01 1.39115e-01 |
   2415 | 2.89582e+01 1.19911e-02 | 1.25331e-02 1.07867e-01 1.39115e-01 |
   2416 | 2.89702e+01 1.19911e-02 | 1.25331e-02 1.07867e-01 1.39115e-01 |
   2417 | 2.89822e+01 1.19911e-02 | 1.25331e-02 1.07867e-01 1.39115e-01 |
   2418 | 2.89942e+01 1.19911e-02 | 1.25331e-02 1.07867e-01 1.39115e-01 |
   2419 | 2.90062e+01 1.19911e-02 | 1.25331e-02 1.07867e-01 1.39115e-01 |
   2420 | 2.90182e+01 1.19912e-02 | 1.25331e-02 1.07867e-01 1.39115e-01 |
   2421 | 2.90302e+01 1.19911e-02 | 1.25331e-02 1.07867e-01 1.39115e-01 |
   2422 | 2.90422e+01 1.19911e-02 | 1.25331e-02 1.07867e-01 1.39115e-01 |
   2423 | 2.90541e+01 1.19911e-02 | 1.25331e-02 1.07867e-01 1.39115e-01 |
   2424 | 2.90661e+01 1.19910e-02 | 1.25331e-02 1.07867e-01 1.39115e-01 |
   2425 | 2.90781e+01 1.19910e-02 | 1.25331e-02 1.07867e-01 1.39115e-01 |
   2426 | 2.90901e+01 1.19910e-02 | 1.25331e-02 1.07867e-01 1.39115e-01 |
   2427 | 2.91021e+01 1.19910e-02 | 1.25331e-02 1.07867e-01 1.39115e-01 |
   2428 | 2.91141e+01 1.19910e-02 | 1.25331e-02 1.07867e-01 1.39115e-01 |
   2429 | 2.91261e+01 1.19909e-02 | 1.25331e-02 1.07867e-01 1.39115e-01 |
   2430 | 2.91381e+01 1.19909e-02 | 1.25331e-02 1.07867e-01 1.39115e-01 |
   2431 | 2.91501e+01 1.19909e-02 | 1.25331e-02 1.07867e-01 1.39115e-01 |
   2432 | 2.91621e+01 1.19909e-02 | 1.25331e-02 1.07867e-01 1.39115e-01 |
   2433 | 2.91741e+01 1.19909e-02 | 1.25331e-02 1.07867e-01 1.39115e-01 |
   2434 | 2.91860e+01 1.19909e-02 | 1.25331e-02 1.07867e-01 1.39115e-01 |
   2435 | 2.91980e+01 1.19909e-02 | 1.25331e-02 1.07867e-01 1.39115e-01 |
   2436 | 2.92100e+01 1.19909e-02 | 1.25331e-02 1.07867e-01 1.39115e-01 |
   2437 | 2.92220e+01 1.19909e-02 | 1.25331e-02 1.07867e-01 1.39115e-01 |
   2438 | 2.92340e+01 1.19909e-02 | 1.25331e-02 1.07867e-01 1.39115e-01 |
   2439 | 2.92460e+01 1.19908e-02 | 1.25331e-02 1.07867e-01 1.39115e-01 |
   2440 | 2.92580e+01 1.19908e-02 | 1.25331e-02 1.07867e-01 1.39115e-01 |
   2441 | 2.92700e+01 1.19908e-02 | 1.25331e-02 1.07867e-01 1.39115e-01 |
   2442 | 2.92820e+01 1.19908e-02 | 1.25331e-02 1.07867e-01 1.39115e-01 |
   2443 | 2.92940e+01 1.19908e-02 | 1.25331e-02 1.07867e-01 1.39115e-01 |
   2444 | 2.93060e+01 1.19908e-02 | 1.25331e-02 1.07867e-01 1.39115e-01 |
   2445 | 2.93179e+01 1.19908e-02 | 1.25331e-02 1.07867e-01 1.39115e-01 |
   2446 | 2.93299e+01 1.19909e-02 | 1.25331e-02 1.07867e-01 1.39115e-01 |
   2447 | 2.93419e+01 1.19909e-02 | 1.25331e-02 1.07867e-01 1.39115e-01 |
   2448 | 2.93539e+01 1.19909e-02 | 1.25331e-02 1.07867e-01 1.39115e-01 |
   2449 | 2.93659e+01 1.19909e-02 | 1.25331e-02 1.07867e-01 1.39115e-01 |
   2450 | 2.93779e+01 1.19909e-02 | 1.25331e-02 1.07867e-01 1.39115e-01 |
   2451 | 2.93899e+01 1.19909e-02 | 1.25331e-02 1.07867e-01 1.39115e-01 |
   2452 | 2.94019e+01 1.19909e-02 | 1.25331e-02 1.07867e-01 1.39115e-01 |
   2453 | 2.94139e+01 1.19909e-02 | 1.25331e-02 1.07867e-01 1.39115e-01 |
   2454 | 2.94259e+01 1.19909e-02 | 1.25331e-02 1.07867e-01 1.39115e-01 |
   2455 | 2.94379e+01 1.19910e-02 | 1.25331e-02 1.07867e-01 1.39115e-01 |
   2456 | 2.94498e+01 1.19910e-02 | 1.25331e-02 1.07867e-01 1.39115e-01 |
   2457 | 2.94618e+01 1.19910e-02 | 1.25331e-02 1.07867e-01 1.39115e-01 |
   2458 | 2.94738e+01 1.19910e-02 | 1.25331e-02 1.07867e-01 1.39115e-01 |
   2459 | 2.94858e+01 1.19910e-02 | 1.25331e-02 1.07867e-01 1.39115e-01 |
   2460 | 2.94978e+01 1.19911e-02 | 1.25331e-02 1.07867e-01 1.39115e-01 |
   2461 | 2.95098e+01 1.19911e-02 | 1.25331e-02 1.07867e-01 1.39115e-01 |
   2462 | 2.95218e+01 1.19911e-02 | 1.25331e-02 1.07867e-01 1.39115e-01 |
   2463 | 2.95338e+01 1.19910e-02 | 1.25331e-02 1.07867e-01 1.39115e-01 |
   2464 | 2.95458e+01 1.19910e-02 | 1.25331e-02 1.07867e-01 1.39115e-01 |
   2465 | 2.95578e+01 1.19910e-02 | 1.25331e-02 1.07867e-01 1.39115e-01 |
   2466 | 2.95698e+01 1.19910e-02 | 1.25331e-02 1.07867e-01 1.39115e-01 |
   2467 | 2.95817e+01 1.19910e-02 | 1.25331e-02 1.07867e-01 1.39115e-01 |
   2468 | 2.95937e+01 1.19909e-02 | 1.25331e-02 1.07867e-01 1.39115e-01 |
   2469 | 2.96057e+01 1.19909e-02 | 1.25331e-02 1.07867e-01 1.39115e-01 |
   2470 | 2.96177e+01 1.19909e-02 | 1.25331e-02 1.07867e-01 1.39115e-01 |
   2471 | 2.96297e+01 1.19909e-02 | 1.25331e-02 1.07867e-01 1.39115e-01 |
   2472 | 2.96417e+01 1.19909e-02 | 1.25331e-02 1.07867e-01 1.39115e-01 |
   2473 | 2.96537e+01 1.19909e-02 | 1.25331e-02 1.07867e-01 1.39115e-01 |
   2474 | 2.96657e+01 1.19909e-02 | 1.25331e-02 1.07867e-01 1.39115e-01 |
   2475 | 2.96777e+01 1.19909e-02 | 1.25331e-02 1.07867e-01 1.39115e-01 |
   2476 | 2.96897e+01 1.19909e-02 | 1.25331e-02 1.07867e-01 1.39115e-01 |
   2477 | 2.97017e+01 1.19909e-02 | 1.25331e-02 1.07867e-01 1.39115e-01 |
   2478 | 2.97136e+01 1.19909e-02 | 1.25331e-02 1.07867e-01 1.39115e-01 |
   2479 | 2.97256e+01 1.19909e-02 | 1.25331e-02 1.07867e-01 1.39115e-01 |
   2480 | 2.97376e+01 1.19909e-02 | 1.25331e-02 1.07867e-01 1.39115e-01 |
   2481 | 2.97496e+01 1.19909e-02 | 1.25331e-02 1.07867e-01 1.39115e-01 |
   2482 | 2.97616e+01 1.19909e-02 | 1.25331e-02 1.07867e-01 1.39115e-01 |
   2483 | 2.97736e+01 1.19909e-02 | 1.25331e-02 1.07867e-01 1.39115e-01 |
   2484 | 2.97856e+01 1.19909e-02 | 1.25331e-02 1.07867e-01 1.39115e-01 |
   2485 | 2.97976e+01 1.19909e-02 | 1.25331e-02 1.07867e-01 1.39115e-01 |
   2486 | 2.98096e+01 1.19909e-02 | 1.25331e-02 1.07867e-01 1.39115e-01 |
   2487 | 2.98216e+01 1.19909e-02 | 1.25331e-02 1.07867e-01 1.39115e-01 |
   2488 | 2.98336e+01 1.19909e-02 | 1.25331e-02 1.07867e-01 1.39115e-01 |
   2489 | 2.98455e+01 1.19909e-02 | 1.25331e-02 1.07867e-01 1.39115e-01 |
   2490 | 2.98575e+01 1.19909e-02 | 1.25331e-02 1.07867e-01 1.39115e-01 |
   2491 | 2.98695e+01 1.19910e-02 | 1.25331e-02 1.07867e-01 1.39115e-01 |
   2492 | 2.98815e+01 1.19910e-02 | 1.25331e-02 1.07867e-01 1.39115e-01 |
   2493 | 2.98935e+01 1.19910e-02 | 1.25331e-02 1.07867e-01 1.39115e-01 |
   2494 | 2.99055e+01 1.19910e-02 | 1.25331e-02 1.07867e-01 1.39115e-01 |
   2495 | 2.99175e+01 1.19910e-02 | 1.25331e-02 1.07867e-01 1.39115e-01 |
   2496 | 2.99295e+01 1.19911e-02 | 1.25331e-02 1.07867e-01 1.39115e-01 |
   2497 | 2.99415e+01 1.19911e-02 | 1.25331e-02 1.07867e-01 1.39115e-01 |
   2498 | 2.99535e+01 1.19911e-02 | 1.25331e-02 1.07867e-01 1.39115e-01 |
   2499 | 2.99655e+01 1.19911e-02 | 1.25331e-02 1.07867e-01 1.39115e-01 |
   2500 | 2.99774e+01 1.19911e-02 | 1.25331e-02 1.07867e-01 1.39115e-01 |
   2501 | 2.99894e+01 1.19910e-02 | 1.25331e-02 1.07867e-01 1.39115e-01 |
   2502 | 3.00014e+01 1.19910e-02 | 1.25331e-02 1.07867e-01 1.39115e-01 |
   2503 | 3.00134e+01 1.19910e-02 | 1.25331e-02 1.07867e-01 1.39115e-01 |
   2504 | 3.00254e+01 1.19910e-02 | 1.25331e-02 1.07867e-01 1.39115e-01 |
   2505 | 3.00374e+01 1.19910e-02 | 1.25331e-02 1.07867e-01 1.39115e-01 |
   2506 | 3.00494e+01 1.19909e-02 | 1.25331e-02 1.07867e-01 1.39115e-01 |
   2507 | 3.00614e+01 1.19909e-02 | 1.25331e-02 1.07867e-01 1.39115e-01 |
   2508 | 3.00734e+01 1.19909e-02 | 1.25331e-02 1.07867e-01 1.39115e-01 |
   2509 | 3.00854e+01 1.19909e-02 | 1.25331e-02 1.07867e-01 1.39115e-01 |
   2510 | 3.00974e+01 1.19909e-02 | 1.25331e-02 1.07867e-01 1.39115e-01 |
   2511 | 3.01094e+01 1.19909e-02 | 1.25331e-02 1.07867e-01 1.39115e-01 |
   2512 | 3.01213e+01 1.19909e-02 | 1.25331e-02 1.07867e-01 1.39115e-01 |
   2513 | 3.01333e+01 1.19909e-02 | 1.25331e-02 1.07867e-01 1.39115e-01 |
   2514 | 3.01453e+01 1.19909e-02 | 1.25331e-02 1.07867e-01 1.39115e-01 |
   2515 | 3.01573e+01 1.19909e-02 | 1.25331e-02 1.07867e-01 1.39115e-01 |
   2516 | 3.01693e+01 1.19909e-02 | 1.25331e-02 1.07867e-01 1.39115e-01 |
   2517 | 3.01813e+01 1.19909e-02 | 1.25331e-02 1.07867e-01 1.39115e-01 |
   2518 | 3.01933e+01 1.19909e-02 | 1.25331e-02 1.07867e-01 1.39115e-01 |
   2519 | 3.02053e+01 1.19909e-02 | 1.25331e-02 1.07867e-01 1.39115e-01 |
   2520 | 3.02173e+01 1.19909e-02 | 1.25331e-02 1.07867e-01 1.39115e-01 |
   2521 | 3.02293e+01 1.19909e-02 | 1.25331e-02 1.07867e-01 1.39115e-01 |
   2522 | 3.02412e+01 1.19909e-02 | 1.25331e-02 1.07867e-01 1.39115e-01 |
   2523 | 3.02532e+01 1.19909e-02 | 1.25331e-02 1.07867e-01 1.39115e-01 |
   2524 | 3.02652e+01 1.19909e-02 | 1.25331e-02 1.07867e-01 1.39115e-01 |
   2525 | 3.02772e+01 1.19909e-02 | 1.25331e-02 1.07867e-01 1.39115e-01 |
   2526 | 3.02892e+01 1.19909e-02 | 1.25331e-02 1.07867e-01 1.39115e-01 |
   2527 | 3.03012e+01 1.19909e-02 | 1.25331e-02 1.07867e-01 1.39115e-01 |
   2528 | 3.03132e+01 1.19910e-02 | 1.25331e-02 1.07867e-01 1.39115e-01 |
   2529 | 3.03252e+01 1.19910e-02 | 1.25331e-02 1.07867e-01 1.39115e-01 |
   2530 | 3.03372e+01 1.19910e-02 | 1.25331e-02 1.07867e-01 1.39115e-01 |
   2531 | 3.03492e+01 1.19910e-02 | 1.25331e-02 1.07867e-01 1.39115e-01 |
   2532 | 3.03612e+01 1.19910e-02 | 1.25331e-02 1.07867e-01 1.39115e-01 |
   2533 | 3.03732e+01 1.19911e-02 | 1.25331e-02 1.07867e-01 1.39115e-01 |
   2534 | 3.03851e+01 1.19911e-02 | 1.25331e-02 1.07867e-01 1.39115e-01 |
   2535 | 3.03971e+01 1.19911e-02 | 1.25331e-02 1.07867e-01 1.39115e-01 |
   2536 | 3.04091e+01 1.19911e-02 | 1.25331e-02 1.07867e-01 1.39115e-01 |
   2537 | 3.04211e+01 1.19912e-02 | 1.25331e-02 1.07867e-01 1.39115e-01 |
   2538 | 3.04331e+01 1.19912e-02 | 1.25331e-02 1.07867e-01 1.39115e-01 |
   2539 | 3.04451e+01 1.19911e-02 | 1.25331e-02 1.07867e-01 1.39115e-01 |
   2540 | 3.04571e+01 1.19911e-02 | 1.25331e-02 1.07867e-01 1.39115e-01 |
   2541 | 3.04691e+01 1.19911e-02 | 1.25331e-02 1.07867e-01 1.39115e-01 |
   2542 | 3.04811e+01 1.19911e-02 | 1.25331e-02 1.07867e-01 1.39115e-01 |
   2543 | 3.04931e+01 1.19910e-02 | 1.25331e-02 1.07867e-01 1.39115e-01 |
   2544 | 3.05051e+01 1.19910e-02 | 1.25331e-02 1.07867e-01 1.39115e-01 |
   2545 | 3.05170e+01 1.19910e-02 | 1.25331e-02 1.07867e-01 1.39115e-01 |
   2546 | 3.05290e+01 1.19910e-02 | 1.25331e-02 1.07867e-01 1.39115e-01 |
   2547 | 3.05410e+01 1.19910e-02 | 1.25331e-02 1.07867e-01 1.39115e-01 |
   2548 | 3.05530e+01 1.19910e-02 | 1.25331e-02 1.07867e-01 1.39115e-01 |
   2549 | 3.05650e+01 1.19909e-02 | 1.25331e-02 1.07867e-01 1.39115e-01 |
   2550 | 3.05770e+01 1.19909e-02 | 1.25331e-02 1.07867e-01 1.39115e-01 |
   2551 | 3.05890e+01 1.19909e-02 | 1.25331e-02 1.07867e-01 1.39115e-01 |
   2552 | 3.06010e+01 1.19909e-02 | 1.25331e-02 1.07867e-01 1.39115e-01 |
   2553 | 3.06130e+01 1.19909e-02 | 1.25331e-02 1.07867e-01 1.39115e-01 |
   2554 | 3.06250e+01 1.19909e-02 | 1.25331e-02 1.07867e-01 1.39115e-01 |
   2555 | 3.06370e+01 1.19909e-02 | 1.25331e-02 1.07867e-01 1.39115e-01 |
   2556 | 3.06489e+01 1.19909e-02 | 1.25331e-02 1.07867e-01 1.39115e-01 |
   2557 | 3.06609e+01 1.19909e-02 | 1.25331e-02 1.07867e-01 1.39115e-01 |
   2558 | 3.06729e+01 1.19909e-02 | 1.25331e-02 1.07867e-01 1.39115e-01 |
   2559 | 3.06849e+01 1.19909e-02 | 1.25331e-02 1.07867e-01 1.39115e-01 |
   2560 | 3.06969e+01 1.19909e-02 | 1.25331e-02 1.07867e-01 1.39115e-01 |
   2561 | 3.07089e+01 1.19909e-02 | 1.25331e-02 1.07867e-01 1.39115e-01 |
   2562 | 3.07209e+01 1.19909e-02 | 1.25331e-02 1.07867e-01 1.39115e-01 |
   2563 | 3.07329e+01 1.19909e-02 | 1.25331e-02 1.07867e-01 1.39115e-01 |
   2564 | 3.07449e+01 1.19909e-02 | 1.25331e-02 1.07867e-01 1.39115e-01 |
   2565 | 3.07569e+01 1.19909e-02 | 1.25331e-02 1.07867e-01 1.39115e-01 |
   2566 | 3.07689e+01 1.19909e-02 | 1.25331e-02 1.07867e-01 1.39115e-01 |
   2567 | 3.07808e+01 1.19909e-02 | 1.25331e-02 1.07867e-01 1.39115e-01 |
   2568 | 3.07928e+01 1.19909e-02 | 1.25331e-02 1.07867e-01 1.39115e-01 |
   2569 | 3.08048e+01 1.19909e-02 | 1.25331e-02 1.07867e-01 1.39115e-01 |
   2570 | 3.08168e+01 1.19909e-02 | 1.25331e-02 1.07867e-01 1.39115e-01 |
   2571 | 3.08288e+01 1.19909e-02 | 1.25331e-02 1.07867e-01 1.39115e-01 |
   2572 | 3.08408e+01 1.19910e-02 | 1.25331e-02 1.07867e-01 1.39115e-01 |
   2573 | 3.08528e+01 1.19910e-02 | 1.25331e-02 1.07867e-01 1.39115e-01 |
   2574 | 3.08648e+01 1.19910e-02 | 1.25331e-02 1.07867e-01 1.39115e-01 |
   2575 | 3.08768e+01 1.19910e-02 | 1.25331e-02 1.07867e-01 1.39115e-01 |
   2576 | 3.08888e+01 1.19910e-02 | 1.25331e-02 1.07867e-01 1.39115e-01 |
   2577 | 3.09008e+01 1.19911e-02 | 1.25331e-02 1.07867e-01 1.39115e-01 |
   2578 | 3.09127e+01 1.19911e-02 | 1.25331e-02 1.07867e-01 1.39115e-01 |
   2579 | 3.09247e+01 1.19911e-02 | 1.25331e-02 1.07867e-01 1.39115e-01 |
   2580 | 3.09367e+01 1.19910e-02 | 1.25331e-02 1.07867e-01 1.39115e-01 |
   2581 | 3.09487e+01 1.19910e-02 | 1.25331e-02 1.07867e-01 1.39115e-01 |
   2582 | 3.09607e+01 1.19910e-02 | 1.25331e-02 1.07867e-01 1.39115e-01 |
   2583 | 3.09727e+01 1.19910e-02 | 1.25331e-02 1.07867e-01 1.39115e-01 |
   2584 | 3.09847e+01 1.19910e-02 | 1.25331e-02 1.07867e-01 1.39115e-01 |
   2585 | 3.09967e+01 1.19910e-02 | 1.25331e-02 1.07867e-01 1.39115e-01 |
   2586 | 3.10087e+01 1.19909e-02 | 1.25331e-02 1.07867e-01 1.39115e-01 |
   2587 | 3.10207e+01 1.19909e-02 | 1.25331e-02 1.07867e-01 1.39115e-01 |
   2588 | 3.10327e+01 1.19909e-02 | 1.25331e-02 1.07867e-01 1.39115e-01 |
   2589 | 3.10446e+01 1.19909e-02 | 1.25331e-02 1.07867e-01 1.39115e-01 |
   2590 | 3.10566e+01 1.19909e-02 | 1.25331e-02 1.07867e-01 1.39115e-01 |
   2591 | 3.10686e+01 1.19909e-02 | 1.25331e-02 1.07867e-01 1.39115e-01 |
   2592 | 3.10806e+01 1.19909e-02 | 1.25331e-02 1.07867e-01 1.39115e-01 |
   2593 | 3.10926e+01 1.19909e-02 | 1.25331e-02 1.07867e-01 1.39115e-01 |
   2594 | 3.11046e+01 1.19909e-02 | 1.25331e-02 1.07867e-01 1.39115e-01 |
   2595 | 3.11166e+01 1.19909e-02 | 1.25331e-02 1.07867e-01 1.39115e-01 |
   2596 | 3.11286e+01 1.19909e-02 | 1.25331e-02 1.07867e-01 1.39115e-01 |
   2597 | 3.11406e+01 1.19909e-02 | 1.25331e-02 1.07867e-01 1.39115e-01 |
   2598 | 3.11526e+01 1.19909e-02 | 1.25331e-02 1.07867e-01 1.39115e-01 |
   2599 | 3.11646e+01 1.19909e-02 | 1.25331e-02 1.07867e-01 1.39115e-01 |
   2600 | 3.11765e+01 1.19909e-02 | 1.25331e-02 1.07867e-01 1.39115e-01 |
   2601 | 3.11885e+01 1.19909e-02 | 1.25331e-02 1.07867e-01 1.39115e-01 |
   2602 | 3.12005e+01 1.19909e-02 | 1.25331e-02 1.07867e-01 1.39115e-01 |
   2603 | 3.12125e+01 1.19909e-02 | 1.25331e-02 1.07867e-01 1.39115e-01 |
   2604 | 3.12245e+01 1.19909e-02 | 1.25331e-02 1.07867e-01 1.39115e-01 |
   2605 | 3.12365e+01 1.19909e-02 | 1.25331e-02 1.07867e-01 1.39115e-01 |
   2606 | 3.12485e+01 1.19909e-02 | 1.25331e-02 1.07867e-01 1.39115e-01 |
   2607 | 3.12605e+01 1.19909e-02 | 1.25331e-02 1.07867e-01 1.39115e-01 |
   2608 | 3.12725e+01 1.19909e-02 | 1.25331e-02 1.07867e-01 1.39115e-01 |
   2609 | 3.12845e+01 1.19909e-02 | 1.25331e-02 1.07867e-01 1.39115e-01 |
   2610 | 3.12965e+01 1.19910e-02 | 1.25331e-02 1.07867e-01 1.39115e-01 |
   2611 | 3.13084e+01 1.19910e-02 | 1.25331e-02 1.07867e-01 1.39115e-01 |
   2612 | 3.13204e+01 1.19910e-02 | 1.25331e-02 1.07867e-01 1.39115e-01 |
   2613 | 3.13324e+01 1.19910e-02 | 1.25331e-02 1.07867e-01 1.39115e-01 |
   2614 | 3.13444e+01 1.19910e-02 | 1.25331e-02 1.07867e-01 1.39115e-01 |
   2615 | 3.13564e+01 1.19911e-02 | 1.25331e-02 1.07867e-01 1.39115e-01 |
   2616 | 3.13684e+01 1.19911e-02 | 1.25331e-02 1.07867e-01 1.39115e-01 |
   2617 | 3.13804e+01 1.19910e-02 | 1.25331e-02 1.07867e-01 1.39115e-01 |
   2618 | 3.13924e+01 1.19910e-02 | 1.25331e-02 1.07867e-01 1.39115e-01 |
   2619 | 3.14044e+01 1.19910e-02 | 1.25331e-02 1.07867e-01 1.39115e-01 |
   2620 | 3.14164e+01 1.19910e-02 | 1.25331e-02 1.07867e-01 1.39115e-01 |
   2621 | 3.14284e+01 1.19910e-02 | 1.25331e-02 1.07867e-01 1.39115e-01 |
   2622 | 3.14403e+01 1.19909e-02 | 1.25331e-02 1.07867e-01 1.39115e-01 |
   2623 | 3.14523e+01 1.19909e-02 | 1.25331e-02 1.07867e-01 1.39115e-01 |
   2624 | 3.14643e+01 1.19909e-02 | 1.25331e-02 1.07867e-01 1.39115e-01 |
   2625 | 3.14763e+01 1.19909e-02 | 1.25331e-02 1.07867e-01 1.39115e-01 |
   2626 | 3.14883e+01 1.19909e-02 | 1.25331e-02 1.07867e-01 1.39115e-01 |
   2627 | 3.15003e+01 1.19909e-02 | 1.25331e-02 1.07867e-01 1.39115e-01 |
   2628 | 3.15123e+01 1.19909e-02 | 1.25331e-02 1.07867e-01 1.39115e-01 |
   2629 | 3.15243e+01 1.19909e-02 | 1.25331e-02 1.07867e-01 1.39115e-01 |
   2630 | 3.15363e+01 1.19909e-02 | 1.25331e-02 1.07867e-01 1.39115e-01 |
   2631 | 3.15483e+01 1.19908e-02 | 1.25331e-02 1.07867e-01 1.39115e-01 |
   2632 | 3.15603e+01 1.19908e-02 | 1.25331e-02 1.07867e-01 1.39115e-01 |
   2633 | 3.15722e+01 1.19908e-02 | 1.25331e-02 1.07867e-01 1.39115e-01 |
   2634 | 3.15842e+01 1.19908e-02 | 1.25331e-02 1.07867e-01 1.39115e-01 |
   2635 | 3.15962e+01 1.19908e-02 | 1.25331e-02 1.07867e-01 1.39115e-01 |
   2636 | 3.16082e+01 1.19908e-02 | 1.25331e-02 1.07867e-01 1.39115e-01 |
   2637 | 3.16202e+01 1.19908e-02 | 1.25331e-02 1.07867e-01 1.39115e-01 |
   2638 | 3.16322e+01 1.19908e-02 | 1.25331e-02 1.07867e-01 1.39115e-01 |
   2639 | 3.16442e+01 1.19909e-02 | 1.25331e-02 1.07867e-01 1.39115e-01 |
   2640 | 3.16562e+01 1.19909e-02 | 1.25331e-02 1.07867e-01 1.39115e-01 |
   2641 | 3.16682e+01 1.19909e-02 | 1.25331e-02 1.07867e-01 1.39115e-01 |
   2642 | 3.16802e+01 1.19909e-02 | 1.25331e-02 1.07867e-01 1.39115e-01 |
   2643 | 3.16922e+01 1.19909e-02 | 1.25331e-02 1.07867e-01 1.39115e-01 |
   2644 | 3.17041e+01 1.19909e-02 | 1.25331e-02 1.07867e-01 1.39115e-01 |
   2645 | 3.17161e+01 1.19909e-02 | 1.25331e-02 1.07867e-01 1.39115e-01 |
   2646 | 3.17281e+01 1.19909e-02 | 1.25331e-02 1.07867e-01 1.39115e-01 |
   2647 | 3.17401e+01 1.19909e-02 | 1.25331e-02 1.07867e-01 1.39115e-01 |
   2648 | 3.17521e+01 1.19910e-02 | 1.25331e-02 1.07867e-01 1.39115e-01 |
   2649 | 3.17641e+01 1.19910e-02 | 1.25331e-02 1.07867e-01 1.39115e-01 |
   2650 | 3.17761e+01 1.19910e-02 | 1.25331e-02 1.07867e-01 1.39115e-01 |
   2651 | 3.17881e+01 1.19910e-02 | 1.25331e-02 1.07867e-01 1.39115e-01 |
   2652 | 3.18001e+01 1.19910e-02 | 1.25331e-02 1.07867e-01 1.39115e-01 |
   2653 | 3.18121e+01 1.19911e-02 | 1.25331e-02 1.07867e-01 1.39115e-01 |
   2654 | 3.18241e+01 1.19911e-02 | 1.25331e-02 1.07867e-01 1.39115e-01 |
   2655 | 3.18360e+01 1.19911e-02 | 1.25331e-02 1.07867e-01 1.39115e-01 |
   2656 | 3.18480e+01 1.19911e-02 | 1.25331e-02 1.07867e-01 1.39115e-01 |
   2657 | 3.18600e+01 1.19912e-02 | 1.25331e-02 1.07867e-01 1.39115e-01 |
   2658 | 3.18720e+01 1.19912e-02 | 1.25331e-02 1.07867e-01 1.39115e-01 |
   2659 | 3.18840e+01 1.19912e-02 | 1.25331e-02 1.07867e-01 1.39115e-01 |
   2660 | 3.18960e+01 1.19912e-02 | 1.25331e-02 1.07867e-01 1.39115e-01 |
   2661 | 3.19080e+01 1.19912e-02 | 1.25331e-02 1.07867e-01 1.39115e-01 |
   2662 | 3.19200e+01 1.19912e-02 | 1.25331e-02 1.07867e-01 1.39115e-01 |
   2663 | 3.19320e+01 1.19911e-02 | 1.25331e-02 1.07867e-01 1.39115e-01 |
   2664 | 3.19440e+01 1.19911e-02 | 1.25331e-02 1.07867e-01 1.39115e-01 |
   2665 | 3.19560e+01 1.19911e-02 | 1.25331e-02 1.07867e-01 1.39115e-01 |
   2666 | 3.19679e+01 1.19911e-02 | 1.25331e-02 1.07867e-01 1.39115e-01 |
   2667 | 3.19799e+01 1.19911e-02 | 1.25331e-02 1.07867e-01 1.39115e-01 |
   2668 | 3.19919e+01 1.19911e-02 | 1.25331e-02 1.07867e-01 1.39115e-01 |
   2669 | 3.20039e+01 1.19911e-02 | 1.25331e-02 1.07867e-01 1.39115e-01 |
   2670 | 3.20159e+01 1.19910e-02 | 1.25331e-02 1.07867e-01 1.39115e-01 |
   2671 | 3.20279e+01 1.19910e-02 | 1.25331e-02 1.07867e-01 1.39115e-01 |
   2672 | 3.20399e+01 1.19910e-02 | 1.25331e-02 1.07867e-01 1.39115e-01 |
   2673 | 3.20519e+01 1.19910e-02 | 1.25331e-02 1.07867e-01 1.39115e-01 |
   2674 | 3.20639e+01 1.19910e-02 | 1.25331e-02 1.07867e-01 1.39115e-01 |
   2675 | 3.20759e+01 1.19910e-02 | 1.25331e-02 1.07867e-01 1.39115e-01 |
   2676 | 3.20879e+01 1.19910e-02 | 1.25331e-02 1.07867e-01 1.39115e-01 |
   2677 | 3.20998e+01 1.19910e-02 | 1.25331e-02 1.07867e-01 1.39115e-01 |
   2678 | 3.21118e+01 1.19910e-02 | 1.25331e-02 1.07867e-01 1.39115e-01 |
   2679 | 3.21238e+01 1.19910e-02 | 1.25331e-02 1.07867e-01 1.39115e-01 |
   2680 | 3.21358e+01 1.19910e-02 | 1.25331e-02 1.07867e-01 1.39115e-01 |
   2681 | 3.21478e+01 1.19910e-02 | 1.25331e-02 1.07867e-01 1.39115e-01 |
   2682 | 3.21598e+01 1.19910e-02 | 1.25331e-02 1.07867e-01 1.39115e-01 |
   2683 | 3.21718e+01 1.19910e-02 | 1.25331e-02 1.07867e-01 1.39115e-01 |
   2684 | 3.21838e+01 1.19910e-02 | 1.25331e-02 1.07867e-01 1.39115e-01 |
   2685 | 3.21958e+01 1.19910e-02 | 1.25331e-02 1.07867e-01 1.39115e-01 |
   2686 | 3.22078e+01 1.19910e-02 | 1.25331e-02 1.07867e-01 1.39115e-01 |
   2687 | 3.22198e+01 1.19911e-02 | 1.25331e-02 1.07867e-01 1.39115e-01 |
   2688 | 3.22318e+01 1.19911e-02 | 1.25331e-02 1.07867e-01 1.39115e-01 |
   2689 | 3.22437e+01 1.19911e-02 | 1.25331e-02 1.07867e-01 1.39115e-01 |
   2690 | 3.22557e+01 1.19911e-02 | 1.25331e-02 1.07867e-01 1.39115e-01 |
   2691 | 3.22677e+01 1.19911e-02 | 1.25331e-02 1.07867e-01 1.39115e-01 |
   2692 | 3.22797e+01 1.19911e-02 | 1.25331e-02 1.07867e-01 1.39115e-01 |
   2693 | 3.22917e+01 1.19911e-02 | 1.25331e-02 1.07867e-01 1.39115e-01 |
   2694 | 3.23037e+01 1.19912e-02 | 1.25331e-02 1.07867e-01 1.39115e-01 |
   2695 | 3.23157e+01 1.19912e-02 | 1.25331e-02 1.07867e-01 1.39115e-01 |
   2696 | 3.23277e+01 1.19912e-02 | 1.25331e-02 1.07867e-01 1.39115e-01 |
   2697 | 3.23397e+01 1.19912e-02 | 1.25331e-02 1.07867e-01 1.39115e-01 |
   2698 | 3.23517e+01 1.19912e-02 | 1.25331e-02 1.07867e-01 1.39115e-01 |
   2699 | 3.23637e+01 1.19911e-02 | 1.25331e-02 1.07867e-01 1.39115e-01 |
   2700 | 3.23756e+01 1.19911e-02 | 1.25331e-02 1.07867e-01 1.39115e-01 |
   2701 | 3.23876e+01 1.19911e-02 | 1.25331e-02 1.07867e-01 1.39115e-01 |
   2702 | 3.23996e+01 1.19911e-02 | 1.25331e-02 1.07867e-01 1.39115e-01 |
   2703 | 3.24116e+01 1.19911e-02 | 1.25331e-02 1.07867e-01 1.39115e-01 |
   2704 | 3.24236e+01 1.19911e-02 | 1.25331e-02 1.07867e-01 1.39115e-01 |
   2705 | 3.24356e+01 1.19910e-02 | 1.25331e-02 1.07867e-01 1.39115e-01 |
   2706 | 3.24476e+01 1.19910e-02 | 1.25331e-02 1.07867e-01 1.39115e-01 |
   2707 | 3.24596e+01 1.19910e-02 | 1.25331e-02 1.07867e-01 1.39115e-01 |
   2708 | 3.24716e+01 1.19910e-02 | 1.25331e-02 1.07867e-01 1.39115e-01 |
   2709 | 3.24836e+01 1.19910e-02 | 1.25331e-02 1.07867e-01 1.39115e-01 |
   2710 | 3.24956e+01 1.19910e-02 | 1.25331e-02 1.07867e-01 1.39115e-01 |
   2711 | 3.25075e+01 1.19910e-02 | 1.25331e-02 1.07867e-01 1.39115e-01 |
   2712 | 3.25195e+01 1.19910e-02 | 1.25331e-02 1.07867e-01 1.39115e-01 |
   2713 | 3.25315e+01 1.19910e-02 | 1.25331e-02 1.07867e-01 1.39115e-01 |
   2714 | 3.25435e+01 1.19910e-02 | 1.25331e-02 1.07867e-01 1.39115e-01 |
   2715 | 3.25555e+01 1.19910e-02 | 1.25331e-02 1.07867e-01 1.39115e-01 |
   2716 | 3.25675e+01 1.19910e-02 | 1.25331e-02 1.07867e-01 1.39115e-01 |
   2717 | 3.25795e+01 1.19910e-02 | 1.25331e-02 1.07867e-01 1.39115e-01 |
   2718 | 3.25915e+01 1.19910e-02 | 1.25331e-02 1.07867e-01 1.39115e-01 |
   2719 | 3.26035e+01 1.19910e-02 | 1.25331e-02 1.07867e-01 1.39115e-01 |
   2720 | 3.26155e+01 1.19910e-02 | 1.25331e-02 1.07867e-01 1.39115e-01 |
   2721 | 3.26275e+01 1.19910e-02 | 1.25331e-02 1.07867e-01 1.39115e-01 |
   2722 | 3.26394e+01 1.19910e-02 | 1.25331e-02 1.07867e-01 1.39115e-01 |
   2723 | 3.26514e+01 1.19910e-02 | 1.25331e-02 1.07867e-01 1.39115e-01 |
   2724 | 3.26634e+01 1.19910e-02 | 1.25331e-02 1.07867e-01 1.39115e-01 |
   2725 | 3.26754e+01 1.19910e-02 | 1.25331e-02 1.07867e-01 1.39115e-01 |
   2726 | 3.26874e+01 1.19910e-02 | 1.25331e-02 1.07867e-01 1.39115e-01 |
   2727 | 3.26994e+01 1.19911e-02 | 1.25331e-02 1.07867e-01 1.39115e-01 |
   2728 | 3.27114e+01 1.19911e-02 | 1.25331e-02 1.07867e-01 1.39115e-01 |
   2729 | 3.27234e+01 1.19911e-02 | 1.25331e-02 1.07867e-01 1.39115e-01 |
   2730 | 3.27354e+01 1.19910e-02 | 1.25331e-02 1.07867e-01 1.39115e-01 |
   2731 | 3.27474e+01 1.19910e-02 | 1.25331e-02 1.07867e-01 1.39115e-01 |
   2732 | 3.27594e+01 1.19910e-02 | 1.25331e-02 1.07867e-01 1.39115e-01 |
   2733 | 3.27713e+01 1.19910e-02 | 1.25331e-02 1.07867e-01 1.39115e-01 |
   2734 | 3.27833e+01 1.19910e-02 | 1.25331e-02 1.07867e-01 1.39115e-01 |
   2735 | 3.27953e+01 1.19910e-02 | 1.25331e-02 1.07867e-01 1.39115e-01 |
   2736 | 3.28073e+01 1.19909e-02 | 1.25331e-02 1.07867e-01 1.39115e-01 |
   2737 | 3.28193e+01 1.19909e-02 | 1.25331e-02 1.07867e-01 1.39115e-01 |
   2738 | 3.28313e+01 1.19909e-02 | 1.25331e-02 1.07867e-01 1.39115e-01 |
   2739 | 3.28433e+01 1.19909e-02 | 1.25331e-02 1.07867e-01 1.39115e-01 |
   2740 | 3.28553e+01 1.19909e-02 | 1.25331e-02 1.07867e-01 1.39115e-01 |
   2741 | 3.28673e+01 1.19909e-02 | 1.25331e-02 1.07867e-01 1.39115e-01 |
   2742 | 3.28793e+01 1.19909e-02 | 1.25331e-02 1.07867e-01 1.39115e-01 |
   2743 | 3.28913e+01 1.19909e-02 | 1.25331e-02 1.07867e-01 1.39115e-01 |
   2744 | 3.29032e+01 1.19909e-02 | 1.25331e-02 1.07867e-01 1.39115e-01 |
   2745 | 3.29152e+01 1.19909e-02 | 1.25331e-02 1.07867e-01 1.39115e-01 |
   2746 | 3.29272e+01 1.19909e-02 | 1.25331e-02 1.07867e-01 1.39115e-01 |
   2747 | 3.29392e+01 1.19909e-02 | 1.25331e-02 1.07867e-01 1.39115e-01 |
   2748 | 3.29512e+01 1.19909e-02 | 1.25331e-02 1.07867e-01 1.39115e-01 |
   2749 | 3.29632e+01 1.19909e-02 | 1.25331e-02 1.07867e-01 1.39115e-01 |
   2750 | 3.29752e+01 1.19909e-02 | 1.25331e-02 1.07867e-01 1.39115e-01 |
   2751 | 3.29872e+01 1.19909e-02 | 1.25331e-02 1.07867e-01 1.39115e-01 |
   2752 | 3.29992e+01 1.19909e-02 | 1.25331e-02 1.07867e-01 1.39115e-01 |
   2753 | 3.30112e+01 1.19909e-02 | 1.25331e-02 1.07867e-01 1.39115e-01 |
   2754 | 3.30232e+01 1.19909e-02 | 1.25331e-02 1.07867e-01 1.39115e-01 |
   2755 | 3.30351e+01 1.19909e-02 | 1.25331e-02 1.07867e-01 1.39115e-01 |
   2756 | 3.30471e+01 1.19909e-02 | 1.25331e-02 1.07867e-01 1.39115e-01 |
   2757 | 3.30591e+01 1.19909e-02 | 1.25331e-02 1.07867e-01 1.39115e-01 |
   2758 | 3.30711e+01 1.19909e-02 | 1.25331e-02 1.07867e-01 1.39115e-01 |
   2759 | 3.30831e+01 1.19910e-02 | 1.25331e-02 1.07867e-01 1.39115e-01 |
   2760 | 3.30951e+01 1.19910e-02 | 1.25331e-02 1.07867e-01 1.39115e-01 |
   2761 | 3.31071e+01 1.19910e-02 | 1.25331e-02 1.07867e-01 1.39115e-01 |
   2762 | 3.31191e+01 1.19910e-02 | 1.25331e-02 1.07867e-01 1.39115e-01 |
   2763 | 3.31311e+01 1.19910e-02 | 1.25331e-02 1.07867e-01 1.39115e-01 |
   2764 | 3.31431e+01 1.19910e-02 | 1.25331e-02 1.07867e-01 1.39115e-01 |
   2765 | 3.31551e+01 1.19910e-02 | 1.25331e-02 1.07867e-01 1.39115e-01 |
   2766 | 3.31670e+01 1.19910e-02 | 1.25331e-02 1.07867e-01 1.39115e-01 |
   2767 | 3.31790e+01 1.19911e-02 | 1.25331e-02 1.07867e-01 1.39115e-01 |
   2768 | 3.31910e+01 1.19911e-02 | 1.25331e-02 1.07867e-01 1.39115e-01 |
   2769 | 3.32030e+01 1.19910e-02 | 1.25331e-02 1.07867e-01 1.39115e-01 |
   2770 | 3.32150e+01 1.19910e-02 | 1.25331e-02 1.07867e-01 1.39115e-01 |
   2771 | 3.32270e+01 1.19910e-02 | 1.25331e-02 1.07867e-01 1.39115e-01 |
   2772 | 3.32390e+01 1.19910e-02 | 1.25331e-02 1.07867e-01 1.39115e-01 |
   2773 | 3.32510e+01 1.19910e-02 | 1.25331e-02 1.07867e-01 1.39115e-01 |
   2774 | 3.32630e+01 1.19910e-02 | 1.25331e-02 1.07867e-01 1.39115e-01 |
   2775 | 3.32750e+01 1.19910e-02 | 1.25331e-02 1.07867e-01 1.39115e-01 |
   2776 | 3.32870e+01 1.19910e-02 | 1.25331e-02 1.07867e-01 1.39115e-01 |
   2777 | 3.32990e+01 1.19910e-02 | 1.25331e-02 1.07867e-01 1.39115e-01 |
   2778 | 3.33109e+01 1.19910e-02 | 1.25331e-02 1.07867e-01 1.39115e-01 |
   2779 | 3.33229e+01 1.19909e-02 | 1.25331e-02 1.07867e-01 1.39115e-01 |
   2780 | 3.33349e+01 1.19909e-02 | 1.25331e-02 1.07867e-01 1.39115e-01 |
   2781 | 3.33469e+01 1.19909e-02 | 1.25331e-02 1.07867e-01 1.39115e-01 |
   2782 | 3.33589e+01 1.19909e-02 | 1.25331e-02 1.07867e-01 1.39115e-01 |
   2783 | 3.33709e+01 1.19909e-02 | 1.25331e-02 1.07867e-01 1.39115e-01 |
   2784 | 3.33829e+01 1.19909e-02 | 1.25331e-02 1.07867e-01 1.39115e-01 |
   2785 | 3.33949e+01 1.19909e-02 | 1.25331e-02 1.07867e-01 1.39115e-01 |
   2786 | 3.34069e+01 1.19910e-02 | 1.25331e-02 1.07867e-01 1.39115e-01 |
   2787 | 3.34189e+01 1.19910e-02 | 1.25331e-02 1.07867e-01 1.39115e-01 |
   2788 | 3.34309e+01 1.19910e-02 | 1.25331e-02 1.07867e-01 1.39115e-01 |
   2789 | 3.34428e+01 1.19910e-02 | 1.25331e-02 1.07867e-01 1.39115e-01 |
   2790 | 3.34548e+01 1.19910e-02 | 1.25331e-02 1.07867e-01 1.39115e-01 |
   2791 | 3.34668e+01 1.19910e-02 | 1.25331e-02 1.07867e-01 1.39115e-01 |
   2792 | 3.34788e+01 1.19910e-02 | 1.25331e-02 1.07867e-01 1.39115e-01 |
   2793 | 3.34908e+01 1.19910e-02 | 1.25331e-02 1.07867e-01 1.39115e-01 |
   2794 | 3.35028e+01 1.19910e-02 | 1.25331e-02 1.07867e-01 1.39115e-01 |
   2795 | 3.35148e+01 1.19911e-02 | 1.25331e-02 1.07867e-01 1.39115e-01 |
   2796 | 3.35268e+01 1.19911e-02 | 1.25331e-02 1.07867e-01 1.39115e-01 |
   2797 | 3.35388e+01 1.19911e-02 | 1.25331e-02 1.07867e-01 1.39115e-01 |
   2798 | 3.35508e+01 1.19911e-02 | 1.25331e-02 1.07867e-01 1.39115e-01 |
   2799 | 3.35628e+01 1.19911e-02 | 1.25331e-02 1.07867e-01 1.39115e-01 |
   2800 | 3.35747e+01 1.19912e-02 | 1.25331e-02 1.07867e-01 1.39115e-01 |
   2801 | 3.35867e+01 1.19912e-02 | 1.25331e-02 1.07867e-01 1.39115e-01 |
   2802 | 3.35987e+01 1.19912e-02 | 1.25331e-02 1.07867e-01 1.39115e-01 |
   2803 | 3.36107e+01 1.19911e-02 | 1.25331e-02 1.07867e-01 1.39115e-01 |
   2804 | 3.36227e+01 1.19911e-02 | 1.25331e-02 1.07867e-01 1.39115e-01 |
   2805 | 3.36347e+01 1.19911e-02 | 1.25331e-02 1.07867e-01 1.39115e-01 |
   2806 | 3.36467e+01 1.19911e-02 | 1.25331e-02 1.07867e-01 1.39115e-01 |
   2807 | 3.36587e+01 1.19911e-02 | 1.25331e-02 1.07867e-01 1.39115e-01 |
   2808 | 3.36707e+01 1.19911e-02 | 1.25331e-02 1.07867e-01 1.39115e-01 |
   2809 | 3.36827e+01 1.19910e-02 | 1.25331e-02 1.07867e-01 1.39115e-01 |
   2810 | 3.36947e+01 1.19910e-02 | 1.25331e-02 1.07867e-01 1.39115e-01 |
   2811 | 3.37066e+01 1.19910e-02 | 1.25331e-02 1.07867e-01 1.39115e-01 |
   2812 | 3.37186e+01 1.19910e-02 | 1.25331e-02 1.07867e-01 1.39115e-01 |
   2813 | 3.37306e+01 1.19910e-02 | 1.25331e-02 1.07867e-01 1.39115e-01 |
   2814 | 3.37426e+01 1.19910e-02 | 1.25331e-02 1.07867e-01 1.39115e-01 |
   2815 | 3.37546e+01 1.19910e-02 | 1.25331e-02 1.07867e-01 1.39115e-01 |
   2816 | 3.37666e+01 1.19910e-02 | 1.25331e-02 1.07867e-01 1.39115e-01 |
   2817 | 3.37786e+01 1.19910e-02 | 1.25331e-02 1.07867e-01 1.39115e-01 |
   2818 | 3.37906e+01 1.19910e-02 | 1.25331e-02 1.07867e-01 1.39115e-01 |
   2819 | 3.38026e+01 1.19910e-02 | 1.25331e-02 1.07867e-01 1.39115e-01 |
   2820 | 3.38146e+01 1.19910e-02 | 1.25331e-02 1.07867e-01 1.39115e-01 |
   2821 | 3.38266e+01 1.19910e-02 | 1.25331e-02 1.07867e-01 1.39115e-01 |
   2822 | 3.38385e+01 1.19910e-02 | 1.25331e-02 1.07867e-01 1.39115e-01 |
   2823 | 3.38505e+01 1.19910e-02 | 1.25331e-02 1.07867e-01 1.39115e-01 |
   2824 | 3.38625e+01 1.19910e-02 | 1.25331e-02 1.07867e-01 1.39115e-01 |
   2825 | 3.38745e+01 1.19910e-02 | 1.25331e-02 1.07867e-01 1.39115e-01 |
   2826 | 3.38865e+01 1.19910e-02 | 1.25331e-02 1.07867e-01 1.39115e-01 |
   2827 | 3.38985e+01 1.19910e-02 | 1.25331e-02 1.07867e-01 1.39115e-01 |
   2828 | 3.39105e+01 1.19910e-02 | 1.25331e-02 1.07867e-01 1.39115e-01 |
   2829 | 3.39225e+01 1.19910e-02 | 1.25331e-02 1.07867e-01 1.39115e-01 |
   2830 | 3.39345e+01 1.19911e-02 | 1.25331e-02 1.07867e-01 1.39115e-01 |
   2831 | 3.39465e+01 1.19911e-02 | 1.25331e-02 1.07867e-01 1.39115e-01 |
   2832 | 3.39585e+01 1.19911e-02 | 1.25331e-02 1.07867e-01 1.39115e-01 |
   2833 | 3.39704e+01 1.19911e-02 | 1.25331e-02 1.07867e-01 1.39115e-01 |
   2834 | 3.39824e+01 1.19911e-02 | 1.25331e-02 1.07867e-01 1.39115e-01 |
   2835 | 3.39944e+01 1.19911e-02 | 1.25331e-02 1.07867e-01 1.39115e-01 |
   2836 | 3.40064e+01 1.19912e-02 | 1.25331e-02 1.07867e-01 1.39115e-01 |
   2837 | 3.40184e+01 1.19912e-02 | 1.25331e-02 1.07867e-01 1.39115e-01 |
   2838 | 3.40304e+01 1.19912e-02 | 1.25331e-02 1.07867e-01 1.39115e-01 |
   2839 | 3.40424e+01 1.19912e-02 | 1.25331e-02 1.07867e-01 1.39115e-01 |
   2840 | 3.40544e+01 1.19912e-02 | 1.25331e-02 1.07867e-01 1.39115e-01 |
   2841 | 3.40664e+01 1.19911e-02 | 1.25331e-02 1.07867e-01 1.39115e-01 |
   2842 | 3.40784e+01 1.19911e-02 | 1.25331e-02 1.07867e-01 1.39115e-01 |
   2843 | 3.40904e+01 1.19911e-02 | 1.25331e-02 1.07867e-01 1.39115e-01 |
   2844 | 3.41024e+01 1.19911e-02 | 1.25331e-02 1.07867e-01 1.39115e-01 |
   2845 | 3.41143e+01 1.19910e-02 | 1.25331e-02 1.07867e-01 1.39115e-01 |
   2846 | 3.41263e+01 1.19910e-02 | 1.25331e-02 1.07867e-01 1.39115e-01 |
   2847 | 3.41383e+01 1.19910e-02 | 1.25331e-02 1.07867e-01 1.39115e-01 |
   2848 | 3.41503e+01 1.19910e-02 | 1.25331e-02 1.07867e-01 1.39115e-01 |
   2849 | 3.41623e+01 1.19910e-02 | 1.25331e-02 1.07867e-01 1.39115e-01 |
   2850 | 3.41743e+01 1.19909e-02 | 1.25331e-02 1.07867e-01 1.39115e-01 |
   2851 | 3.41863e+01 1.19909e-02 | 1.25331e-02 1.07867e-01 1.39115e-01 |
   2852 | 3.41983e+01 1.19909e-02 | 1.25331e-02 1.07867e-01 1.39115e-01 |
   2853 | 3.42103e+01 1.19909e-02 | 1.25331e-02 1.07867e-01 1.39115e-01 |
   2854 | 3.42223e+01 1.19909e-02 | 1.25331e-02 1.07867e-01 1.39115e-01 |
   2855 | 3.42343e+01 1.19909e-02 | 1.25331e-02 1.07867e-01 1.39115e-01 |
   2856 | 3.42462e+01 1.19909e-02 | 1.25331e-02 1.07867e-01 1.39115e-01 |
   2857 | 3.42582e+01 1.19909e-02 | 1.25331e-02 1.07867e-01 1.39115e-01 |
   2858 | 3.42702e+01 1.19908e-02 | 1.25331e-02 1.07867e-01 1.39115e-01 |
   2859 | 3.42822e+01 1.19908e-02 | 1.25331e-02 1.07867e-01 1.39115e-01 |
   2860 | 3.42942e+01 1.19908e-02 | 1.25331e-02 1.07867e-01 1.39115e-01 |
   2861 | 3.43062e+01 1.19908e-02 | 1.25331e-02 1.07867e-01 1.39115e-01 |
   2862 | 3.43182e+01 1.19908e-02 | 1.25331e-02 1.07867e-01 1.39115e-01 |
   2863 | 3.43302e+01 1.19908e-02 | 1.25331e-02 1.07867e-01 1.39115e-01 |
   2864 | 3.43422e+01 1.19908e-02 | 1.25331e-02 1.07867e-01 1.39115e-01 |
   2865 | 3.43542e+01 1.19908e-02 | 1.25331e-02 1.07867e-01 1.39115e-01 |
   2866 | 3.43661e+01 1.19908e-02 | 1.25331e-02 1.07867e-01 1.39115e-01 |
   2867 | 3.43781e+01 1.19908e-02 | 1.25331e-02 1.07867e-01 1.39115e-01 |
   2868 | 3.43901e+01 1.19909e-02 | 1.25331e-02 1.07867e-01 1.39115e-01 |
   2869 | 3.44021e+01 1.19909e-02 | 1.25331e-02 1.07867e-01 1.39115e-01 |
   2870 | 3.44141e+01 1.19909e-02 | 1.25331e-02 1.07867e-01 1.39115e-01 |
   2871 | 3.44261e+01 1.19909e-02 | 1.25331e-02 1.07867e-01 1.39115e-01 |
   2872 | 3.44381e+01 1.19909e-02 | 1.25331e-02 1.07867e-01 1.39115e-01 |
   2873 | 3.44501e+01 1.19909e-02 | 1.25331e-02 1.07867e-01 1.39115e-01 |
   2874 | 3.44621e+01 1.19909e-02 | 1.25331e-02 1.07867e-01 1.39115e-01 |
   2875 | 3.44741e+01 1.19909e-02 | 1.25331e-02 1.07867e-01 1.39115e-01 |
   2876 | 3.44861e+01 1.19910e-02 | 1.25331e-02 1.07867e-01 1.39115e-01 |
   2877 | 3.44980e+01 1.19910e-02 | 1.25331e-02 1.07867e-01 1.39115e-01 |
   2878 | 3.45100e+01 1.19910e-02 | 1.25331e-02 1.07867e-01 1.39115e-01 |
   2879 | 3.45220e+01 1.19910e-02 | 1.25331e-02 1.07867e-01 1.39115e-01 |
   2880 | 3.45340e+01 1.19910e-02 | 1.25331e-02 1.07867e-01 1.39115e-01 |
   2881 | 3.45460e+01 1.19911e-02 | 1.25331e-02 1.07867e-01 1.39115e-01 |
   2882 | 3.45580e+01 1.19911e-02 | 1.25331e-02 1.07867e-01 1.39115e-01 |
   2883 | 3.45700e+01 1.19910e-02 | 1.25331e-02 1.07867e-01 1.39115e-01 |
   2884 | 3.45820e+01 1.19910e-02 | 1.25331e-02 1.07867e-01 1.39115e-01 |
   2885 | 3.45940e+01 1.19910e-02 | 1.25331e-02 1.07867e-01 1.39115e-01 |
   2886 | 3.46060e+01 1.19910e-02 | 1.25331e-02 1.07867e-01 1.39115e-01 |
   2887 | 3.46180e+01 1.19910e-02 | 1.25331e-02 1.07867e-01 1.39115e-01 |
   2888 | 3.46300e+01 1.19909e-02 | 1.25331e-02 1.07867e-01 1.39115e-01 |
   2889 | 3.46419e+01 1.19909e-02 | 1.25331e-02 1.07867e-01 1.39115e-01 |
   2890 | 3.46539e+01 1.19909e-02 | 1.25331e-02 1.07867e-01 1.39115e-01 |
   2891 | 3.46659e+01 1.19909e-02 | 1.25331e-02 1.07867e-01 1.39115e-01 |
   2892 | 3.46779e+01 1.19909e-02 | 1.25331e-02 1.07867e-01 1.39115e-01 |
   2893 | 3.46899e+01 1.19909e-02 | 1.25331e-02 1.07867e-01 1.39115e-01 |
   2894 | 3.47019e+01 1.19909e-02 | 1.25331e-02 1.07867e-01 1.39115e-01 |
   2895 | 3.47139e+01 1.19909e-02 | 1.25331e-02 1.07867e-01 1.39115e-01 |
   2896 | 3.47259e+01 1.19909e-02 | 1.25331e-02 1.07867e-01 1.39115e-01 |
   2897 | 3.47379e+01 1.19909e-02 | 1.25331e-02 1.07867e-01 1.39115e-01 |
   2898 | 3.47499e+01 1.19908e-02 | 1.25331e-02 1.07867e-01 1.39115e-01 |
   2899 | 3.47619e+01 1.19908e-02 | 1.25331e-02 1.07867e-01 1.39115e-01 |
   2900 | 3.47738e+01 1.19908e-02 | 1.25331e-02 1.07867e-01 1.39115e-01 |
   2901 | 3.47858e+01 1.19908e-02 | 1.25331e-02 1.07867e-01 1.39115e-01 |
   2902 | 3.47978e+01 1.19909e-02 | 1.25331e-02 1.07867e-01 1.39115e-01 |
   2903 | 3.48098e+01 1.19909e-02 | 1.25331e-02 1.07867e-01 1.39115e-01 |
   2904 | 3.48218e+01 1.19909e-02 | 1.25331e-02 1.07867e-01 1.39115e-01 |
   2905 | 3.48338e+01 1.19909e-02 | 1.25331e-02 1.07867e-01 1.39115e-01 |
   2906 | 3.48458e+01 1.19909e-02 | 1.25331e-02 1.07867e-01 1.39115e-01 |
   2907 | 3.48578e+01 1.19909e-02 | 1.25331e-02 1.07867e-01 1.39115e-01 |
   2908 | 3.48698e+01 1.19909e-02 | 1.25331e-02 1.07867e-01 1.39115e-01 |
   2909 | 3.48818e+01 1.19909e-02 | 1.25331e-02 1.07867e-01 1.39115e-01 |
   2910 | 3.48938e+01 1.19909e-02 | 1.25331e-02 1.07867e-01 1.39115e-01 |
   2911 | 3.49057e+01 1.19909e-02 | 1.25331e-02 1.07867e-01 1.39115e-01 |
   2912 | 3.49177e+01 1.19909e-02 | 1.25331e-02 1.07867e-01 1.39115e-01 |
   2913 | 3.49297e+01 1.19910e-02 | 1.25331e-02 1.07867e-01 1.39115e-01 |
   2914 | 3.49417e+01 1.19910e-02 | 1.25331e-02 1.07867e-01 1.39115e-01 |
   2915 | 3.49537e+01 1.19910e-02 | 1.25331e-02 1.07867e-01 1.39115e-01 |
   2916 | 3.49657e+01 1.19910e-02 | 1.25331e-02 1.07867e-01 1.39115e-01 |
   2917 | 3.49777e+01 1.19910e-02 | 1.25331e-02 1.07867e-01 1.39115e-01 |
   2918 | 3.49897e+01 1.19911e-02 | 1.25331e-02 1.07867e-01 1.39115e-01 |
   2919 | 3.50017e+01 1.19911e-02 | 1.25331e-02 1.07867e-01 1.39115e-01 |
   2920 | 3.50137e+01 1.19910e-02 | 1.25331e-02 1.07867e-01 1.39115e-01 |
   2921 | 3.50257e+01 1.19910e-02 | 1.25331e-02 1.07867e-01 1.39115e-01 |
   2922 | 3.50376e+01 1.19910e-02 | 1.25331e-02 1.07867e-01 1.39115e-01 |
   2923 | 3.50496e+01 1.19910e-02 | 1.25331e-02 1.07867e-01 1.39115e-01 |
   2924 | 3.50616e+01 1.19910e-02 | 1.25331e-02 1.07867e-01 1.39115e-01 |
   2925 | 3.50736e+01 1.19910e-02 | 1.25331e-02 1.07867e-01 1.39115e-01 |
   2926 | 3.50856e+01 1.19909e-02 | 1.25331e-02 1.07867e-01 1.39115e-01 |
   2927 | 3.50976e+01 1.19909e-02 | 1.25331e-02 1.07867e-01 1.39115e-01 |
   2928 | 3.51096e+01 1.19909e-02 | 1.25331e-02 1.07867e-01 1.39115e-01 |
   2929 | 3.51216e+01 1.19909e-02 | 1.25331e-02 1.07867e-01 1.39115e-01 |
   2930 | 3.51336e+01 1.19909e-02 | 1.25331e-02 1.07867e-01 1.39115e-01 |
   2931 | 3.51456e+01 1.19909e-02 | 1.25331e-02 1.07867e-01 1.39115e-01 |
   2932 | 3.51576e+01 1.19909e-02 | 1.25331e-02 1.07867e-01 1.39115e-01 |
   2933 | 3.51695e+01 1.19909e-02 | 1.25331e-02 1.07867e-01 1.39115e-01 |
   2934 | 3.51815e+01 1.19909e-02 | 1.25331e-02 1.07867e-01 1.39115e-01 |
   2935 | 3.51935e+01 1.19909e-02 | 1.25331e-02 1.07867e-01 1.39115e-01 |
   2936 | 3.52055e+01 1.19909e-02 | 1.25331e-02 1.07867e-01 1.39115e-01 |
   2937 | 3.52175e+01 1.19909e-02 | 1.25331e-02 1.07867e-01 1.39115e-01 |
   2938 | 3.52295e+01 1.19909e-02 | 1.25331e-02 1.07867e-01 1.39115e-01 |
   2939 | 3.52415e+01 1.19909e-02 | 1.25331e-02 1.07867e-01 1.39115e-01 |
   2940 | 3.52535e+01 1.19909e-02 | 1.25331e-02 1.07867e-01 1.39115e-01 |
   2941 | 3.52655e+01 1.19909e-02 | 1.25331e-02 1.07867e-01 1.39115e-01 |
   2942 | 3.52775e+01 1.19909e-02 | 1.25331e-02 1.07867e-01 1.39115e-01 |
   2943 | 3.52895e+01 1.19909e-02 | 1.25331e-02 1.07867e-01 1.39115e-01 |
   2944 | 3.53014e+01 1.19909e-02 | 1.25331e-02 1.07867e-01 1.39115e-01 |
   2945 | 3.53134e+01 1.19909e-02 | 1.25331e-02 1.07867e-01 1.39115e-01 |
   2946 | 3.53254e+01 1.19909e-02 | 1.25331e-02 1.07867e-01 1.39115e-01 |
   2947 | 3.53374e+01 1.19909e-02 | 1.25331e-02 1.07867e-01 1.39115e-01 |
   2948 | 3.53494e+01 1.19909e-02 | 1.25331e-02 1.07867e-01 1.39115e-01 |
   2949 | 3.53614e+01 1.19909e-02 | 1.25331e-02 1.07867e-01 1.39115e-01 |
   2950 | 3.53734e+01 1.19910e-02 | 1.25331e-02 1.07867e-01 1.39115e-01 |
   2951 | 3.53854e+01 1.19910e-02 | 1.25331e-02 1.07867e-01 1.39115e-01 |
   2952 | 3.53974e+01 1.19910e-02 | 1.25331e-02 1.07867e-01 1.39115e-01 |
   2953 | 3.54094e+01 1.19910e-02 | 1.25331e-02 1.07867e-01 1.39115e-01 |
   2954 | 3.54214e+01 1.19910e-02 | 1.25331e-02 1.07867e-01 1.39115e-01 |
   2955 | 3.54333e+01 1.19911e-02 | 1.25331e-02 1.07867e-01 1.39115e-01 |
   2956 | 3.54453e+01 1.19911e-02 | 1.25331e-02 1.07867e-01 1.39115e-01 |
   2957 | 3.54573e+01 1.19911e-02 | 1.25331e-02 1.07867e-01 1.39115e-01 |
   2958 | 3.54693e+01 1.19911e-02 | 1.25331e-02 1.07867e-01 1.39115e-01 |
   2959 | 3.54813e+01 1.19912e-02 | 1.25331e-02 1.07867e-01 1.39115e-01 |
   2960 | 3.54933e+01 1.19912e-02 | 1.25331e-02 1.07867e-01 1.39115e-01 |
   2961 | 3.55053e+01 1.19911e-02 | 1.25331e-02 1.07867e-01 1.39115e-01 |
   2962 | 3.55173e+01 1.19911e-02 | 1.25331e-02 1.07867e-01 1.39115e-01 |
   2963 | 3.55293e+01 1.19911e-02 | 1.25331e-02 1.07867e-01 1.39115e-01 |
   2964 | 3.55413e+01 1.19911e-02 | 1.25331e-02 1.07867e-01 1.39115e-01 |
   2965 | 3.55533e+01 1.19910e-02 | 1.25331e-02 1.07867e-01 1.39115e-01 |
   2966 | 3.55652e+01 1.19910e-02 | 1.25331e-02 1.07867e-01 1.39115e-01 |
   2967 | 3.55772e+01 1.19910e-02 | 1.25331e-02 1.07867e-01 1.39115e-01 |
   2968 | 3.55892e+01 1.19910e-02 | 1.25331e-02 1.07867e-01 1.39115e-01 |
   2969 | 3.56012e+01 1.19910e-02 | 1.25331e-02 1.07867e-01 1.39115e-01 |
   2970 | 3.56132e+01 1.19910e-02 | 1.25331e-02 1.07867e-01 1.39115e-01 |
   2971 | 3.56252e+01 1.19909e-02 | 1.25331e-02 1.07867e-01 1.39115e-01 |
   2972 | 3.56372e+01 1.19909e-02 | 1.25331e-02 1.07867e-01 1.39115e-01 |
   2973 | 3.56492e+01 1.19909e-02 | 1.25331e-02 1.07867e-01 1.39115e-01 |
   2974 | 3.56612e+01 1.19909e-02 | 1.25331e-02 1.07867e-01 1.39115e-01 |
   2975 | 3.56732e+01 1.19909e-02 | 1.25331e-02 1.07867e-01 1.39115e-01 |
   2976 | 3.56852e+01 1.19909e-02 | 1.25331e-02 1.07867e-01 1.39115e-01 |
   2977 | 3.56971e+01 1.19909e-02 | 1.25331e-02 1.07867e-01 1.39115e-01 |
   2978 | 3.57091e+01 1.19909e-02 | 1.25331e-02 1.07867e-01 1.39115e-01 |
   2979 | 3.57211e+01 1.19909e-02 | 1.25331e-02 1.07867e-01 1.39115e-01 |
   2980 | 3.57331e+01 1.19909e-02 | 1.25331e-02 1.07867e-01 1.39115e-01 |
   2981 | 3.57451e+01 1.19909e-02 | 1.25331e-02 1.07867e-01 1.39115e-01 |
   2982 | 3.57571e+01 1.19909e-02 | 1.25331e-02 1.07867e-01 1.39115e-01 |
   2983 | 3.57691e+01 1.19909e-02 | 1.25331e-02 1.07867e-01 1.39115e-01 |
   2984 | 3.57811e+01 1.19909e-02 | 1.25331e-02 1.07867e-01 1.39115e-01 |
   2985 | 3.57931e+01 1.19909e-02 | 1.25331e-02 1.07867e-01 1.39115e-01 |
   2986 | 3.58051e+01 1.19909e-02 | 1.25331e-02 1.07867e-01 1.39115e-01 |
   2987 | 3.58171e+01 1.19909e-02 | 1.25331e-02 1.07867e-01 1.39115e-01 |
   2988 | 3.58290e+01 1.19909e-02 | 1.25331e-02 1.07867e-01 1.39115e-01 |
   2989 | 3.58410e+01 1.19909e-02 | 1.25331e-02 1.07867e-01 1.39115e-01 |
   2990 | 3.58530e+01 1.19909e-02 | 1.25331e-02 1.07867e-01 1.39115e-01 |
   2991 | 3.58650e+01 1.19910e-02 | 1.25331e-02 1.07867e-01 1.39115e-01 |
   2992 | 3.58770e+01 1.19910e-02 | 1.25331e-02 1.07867e-01 1.39115e-01 |
   2993 | 3.58890e+01 1.19910e-02 | 1.25331e-02 1.07867e-01 1.39115e-01 |
   2994 | 3.59010e+01 1.19910e-02 | 1.25331e-02 1.07867e-01 1.39115e-01 |
   2995 | 3.59130e+01 1.19910e-02 | 1.25331e-02 1.07867e-01 1.39115e-01 |
   2996 | 3.59250e+01 1.19910e-02 | 1.25331e-02 1.07867e-01 1.39115e-01 |
   2997 | 3.59370e+01 1.19911e-02 | 1.25331e-02 1.07867e-01 1.39115e-01 |
   2998 | 3.59490e+01 1.19911e-02 | 1.25331e-02 1.07867e-01 1.39115e-01 |
   2999 | 3.59609e+01 1.19911e-02 | 1.25331e-02 1.07867e-01 1.39115e-01 |
   3000 | 3.59729e+01 1.19911e-02 | 1.25331e-02 1.07867e-01 1.39115e-01 |
   3001 | 3.59849e+01 1.19911e-02 | 1.25331e-02 1.07867e-01 1.39115e-01 |
   3002 | 3.59969e+01 1.19910e-02 | 1.25331e-02 1.07867e-01 1.39115e-01 |
   3003 | 3.60089e+01 1.19910e-02 | 1.25331e-02 1.07867e-01 1.39115e-01 |
   3004 | 3.60209e+01 1.19910e-02 | 1.25331e-02 1.07867e-01 1.39115e-01 |
   3005 | 3.60329e+01 1.19910e-02 | 1.25331e-02 1.07867e-01 1.39115e-01 |
   3006 | 3.60449e+01 1.19910e-02 | 1.25331e-02 1.07867e-01 1.39115e-01 |
   3007 | 3.60569e+01 1.19910e-02 | 1.25331e-02 1.07867e-01 1.39115e-01 |
   3008 | 3.60689e+01 1.19909e-02 | 1.25331e-02 1.07867e-01 1.39115e-01 |
   3009 | 3.60809e+01 1.19909e-02 | 1.25331e-02 1.07867e-01 1.39115e-01 |
   3010 | 3.60928e+01 1.19909e-02 | 1.25331e-02 1.07867e-01 1.39115e-01 |
   3011 | 3.61048e+01 1.19909e-02 | 1.25331e-02 1.07867e-01 1.39115e-01 |
   3012 | 3.61168e+01 1.19909e-02 | 1.25331e-02 1.07867e-01 1.39115e-01 |
   3013 | 3.61288e+01 1.19909e-02 | 1.25331e-02 1.07867e-01 1.39115e-01 |
   3014 | 3.61408e+01 1.19909e-02 | 1.25331e-02 1.07867e-01 1.39115e-01 |
   3015 | 3.61528e+01 1.19909e-02 | 1.25331e-02 1.07867e-01 1.39115e-01 |
   3016 | 3.61648e+01 1.19909e-02 | 1.25331e-02 1.07867e-01 1.39115e-01 |
   3017 | 3.61768e+01 1.19909e-02 | 1.25331e-02 1.07867e-01 1.39115e-01 |
   3018 | 3.61888e+01 1.19909e-02 | 1.25331e-02 1.07867e-01 1.39115e-01 |
   3019 | 3.62008e+01 1.19909e-02 | 1.25331e-02 1.07867e-01 1.39115e-01 |
   3020 | 3.62128e+01 1.19909e-02 | 1.25331e-02 1.07867e-01 1.39115e-01 |
   3021 | 3.62247e+01 1.19909e-02 | 1.25331e-02 1.07867e-01 1.39115e-01 |
   3022 | 3.62367e+01 1.19909e-02 | 1.25331e-02 1.07867e-01 1.39115e-01 |
   3023 | 3.62487e+01 1.19909e-02 | 1.25331e-02 1.07867e-01 1.39115e-01 |
   3024 | 3.62607e+01 1.19909e-02 | 1.25331e-02 1.07867e-01 1.39115e-01 |
   3025 | 3.62727e+01 1.19909e-02 | 1.25331e-02 1.07867e-01 1.39115e-01 |
   3026 | 3.62847e+01 1.19909e-02 | 1.25331e-02 1.07867e-01 1.39115e-01 |
   3027 | 3.62967e+01 1.19909e-02 | 1.25331e-02 1.07867e-01 1.39115e-01 |
   3028 | 3.63087e+01 1.19909e-02 | 1.25331e-02 1.07867e-01 1.39115e-01 |
   3029 | 3.63207e+01 1.19910e-02 | 1.25331e-02 1.07867e-01 1.39115e-01 |
   3030 | 3.63327e+01 1.19910e-02 | 1.25331e-02 1.07867e-01 1.39115e-01 |
   3031 | 3.63447e+01 1.19910e-02 | 1.25331e-02 1.07867e-01 1.39115e-01 |
   3032 | 3.63566e+01 1.19910e-02 | 1.25331e-02 1.07867e-01 1.39115e-01 |
   3033 | 3.63686e+01 1.19910e-02 | 1.25331e-02 1.07867e-01 1.39115e-01 |
   3034 | 3.63806e+01 1.19910e-02 | 1.25331e-02 1.07867e-01 1.39115e-01 |
   3035 | 3.63926e+01 1.19911e-02 | 1.25331e-02 1.07867e-01 1.39115e-01 |
   3036 | 3.64046e+01 1.19911e-02 | 1.25331e-02 1.07867e-01 1.39115e-01 |
   3037 | 3.64166e+01 1.19911e-02 | 1.25331e-02 1.07867e-01 1.39115e-01 |
   3038 | 3.64286e+01 1.19911e-02 | 1.25331e-02 1.07867e-01 1.39115e-01 |
   3039 | 3.64406e+01 1.19910e-02 | 1.25331e-02 1.07867e-01 1.39115e-01 |
   3040 | 3.64526e+01 1.19910e-02 | 1.25331e-02 1.07867e-01 1.39115e-01 |
   3041 | 3.64646e+01 1.19910e-02 | 1.25331e-02 1.07867e-01 1.39115e-01 |
   3042 | 3.64766e+01 1.19910e-02 | 1.25331e-02 1.07867e-01 1.39115e-01 |
   3043 | 3.64885e+01 1.19910e-02 | 1.25331e-02 1.07867e-01 1.39115e-01 |
   3044 | 3.65005e+01 1.19909e-02 | 1.25331e-02 1.07867e-01 1.39115e-01 |
   3045 | 3.65125e+01 1.19909e-02 | 1.25331e-02 1.07867e-01 1.39115e-01 |
   3046 | 3.65245e+01 1.19909e-02 | 1.25331e-02 1.07867e-01 1.39115e-01 |
   3047 | 3.65365e+01 1.19909e-02 | 1.25331e-02 1.07867e-01 1.39115e-01 |
   3048 | 3.65485e+01 1.19909e-02 | 1.25331e-02 1.07867e-01 1.39115e-01 |
   3049 | 3.65605e+01 1.19909e-02 | 1.25331e-02 1.07867e-01 1.39115e-01 |
   3050 | 3.65725e+01 1.19909e-02 | 1.25331e-02 1.07867e-01 1.39115e-01 |
   3051 | 3.65845e+01 1.19909e-02 | 1.25331e-02 1.07867e-01 1.39115e-01 |
   3052 | 3.65965e+01 1.19909e-02 | 1.25331e-02 1.07867e-01 1.39115e-01 |
   3053 | 3.66085e+01 1.19909e-02 | 1.25331e-02 1.07867e-01 1.39115e-01 |
   3054 | 3.66204e+01 1.19909e-02 | 1.25331e-02 1.07867e-01 1.39115e-01 |
   3055 | 3.66324e+01 1.19909e-02 | 1.25331e-02 1.07867e-01 1.39115e-01 |
   3056 | 3.66444e+01 1.19909e-02 | 1.25331e-02 1.07867e-01 1.39115e-01 |
   3057 | 3.66564e+01 1.19909e-02 | 1.25331e-02 1.07867e-01 1.39115e-01 |
   3058 | 3.66684e+01 1.19909e-02 | 1.25331e-02 1.07867e-01 1.39115e-01 |
   3059 | 3.66804e+01 1.19909e-02 | 1.25331e-02 1.07867e-01 1.39115e-01 |
   3060 | 3.66924e+01 1.19909e-02 | 1.25331e-02 1.07867e-01 1.39115e-01 |
   3061 | 3.67044e+01 1.19909e-02 | 1.25331e-02 1.07867e-01 1.39115e-01 |
   3062 | 3.67164e+01 1.19909e-02 | 1.25331e-02 1.07867e-01 1.39115e-01 |
   3063 | 3.67284e+01 1.19909e-02 | 1.25331e-02 1.07867e-01 1.39115e-01 |
   3064 | 3.67404e+01 1.19909e-02 | 1.25331e-02 1.07867e-01 1.39115e-01 |
   3065 | 3.67523e+01 1.19909e-02 | 1.25331e-02 1.07867e-01 1.39115e-01 |
   3066 | 3.67643e+01 1.19909e-02 | 1.25331e-02 1.07867e-01 1.39115e-01 |
   3067 | 3.67763e+01 1.19909e-02 | 1.25331e-02 1.07867e-01 1.39115e-01 |
   3068 | 3.67883e+01 1.19910e-02 | 1.25331e-02 1.07867e-01 1.39115e-01 |
   3069 | 3.68003e+01 1.19910e-02 | 1.25331e-02 1.07867e-01 1.39115e-01 |
   3070 | 3.68123e+01 1.19910e-02 | 1.25331e-02 1.07867e-01 1.39115e-01 |
   3071 | 3.68243e+01 1.19910e-02 | 1.25331e-02 1.07867e-01 1.39115e-01 |
   3072 | 3.68363e+01 1.19910e-02 | 1.25331e-02 1.07867e-01 1.39115e-01 |
   3073 | 3.68483e+01 1.19911e-02 | 1.25331e-02 1.07867e-01 1.39115e-01 |
   3074 | 3.68603e+01 1.19911e-02 | 1.25331e-02 1.07867e-01 1.39115e-01 |
   3075 | 3.68723e+01 1.19911e-02 | 1.25331e-02 1.07867e-01 1.39115e-01 |
   3076 | 3.68842e+01 1.19911e-02 | 1.25331e-02 1.07867e-01 1.39115e-01 |
   3077 | 3.68962e+01 1.19911e-02 | 1.25331e-02 1.07867e-01 1.39115e-01 |
   3078 | 3.69082e+01 1.19911e-02 | 1.25331e-02 1.07867e-01 1.39115e-01 |
   3079 | 3.69202e+01 1.19911e-02 | 1.25331e-02 1.07867e-01 1.39115e-01 |
   3080 | 3.69322e+01 1.19911e-02 | 1.25331e-02 1.07867e-01 1.39115e-01 |
   3081 | 3.69442e+01 1.19911e-02 | 1.25331e-02 1.07867e-01 1.39115e-01 |
   3082 | 3.69562e+01 1.19911e-02 | 1.25331e-02 1.07867e-01 1.39115e-01 |
   3083 | 3.69682e+01 1.19911e-02 | 1.25331e-02 1.07867e-01 1.39115e-01 |
   3084 | 3.69802e+01 1.19911e-02 | 1.25331e-02 1.07867e-01 1.39115e-01 |
   3085 | 3.69922e+01 1.19911e-02 | 1.25331e-02 1.07867e-01 1.39115e-01 |
   3086 | 3.70042e+01 1.19911e-02 | 1.25331e-02 1.07867e-01 1.39115e-01 |
   3087 | 3.70162e+01 1.19911e-02 | 1.25331e-02 1.07867e-01 1.39115e-01 |
   3088 | 3.70281e+01 1.19911e-02 | 1.25331e-02 1.07867e-01 1.39115e-01 |
   3089 | 3.70401e+01 1.19911e-02 | 1.25331e-02 1.07867e-01 1.39115e-01 |
   3090 | 3.70521e+01 1.19911e-02 | 1.25331e-02 1.07867e-01 1.39115e-01 |
   3091 | 3.70641e+01 1.19911e-02 | 1.25331e-02 1.07867e-01 1.39115e-01 |
   3092 | 3.70761e+01 1.19911e-02 | 1.25331e-02 1.07867e-01 1.39115e-01 |
   3093 | 3.70881e+01 1.19911e-02 | 1.25331e-02 1.07867e-01 1.39115e-01 |
   3094 | 3.71001e+01 1.19911e-02 | 1.25331e-02 1.07867e-01 1.39115e-01 |
   3095 | 3.71121e+01 1.19911e-02 | 1.25331e-02 1.07867e-01 1.39115e-01 |
   3096 | 3.71241e+01 1.19911e-02 | 1.25331e-02 1.07867e-01 1.39115e-01 |
   3097 | 3.71361e+01 1.19911e-02 | 1.25331e-02 1.07867e-01 1.39115e-01 |
   3098 | 3.71481e+01 1.19911e-02 | 1.25331e-02 1.07867e-01 1.39115e-01 |
   3099 | 3.71600e+01 1.19911e-02 | 1.25331e-02 1.07867e-01 1.39115e-01 |
   3100 | 3.71720e+01 1.19911e-02 | 1.25331e-02 1.07867e-01 1.39115e-01 |
   3101 | 3.71840e+01 1.19911e-02 | 1.25331e-02 1.07867e-01 1.39115e-01 |
   3102 | 3.71960e+01 1.19911e-02 | 1.25331e-02 1.07867e-01 1.39115e-01 |
   3103 | 3.72080e+01 1.19911e-02 | 1.25331e-02 1.07867e-01 1.39115e-01 |
   3104 | 3.72200e+01 1.19911e-02 | 1.25331e-02 1.07867e-01 1.39115e-01 |
   3105 | 3.72320e+01 1.19911e-02 | 1.25331e-02 1.07867e-01 1.39115e-01 |
   3106 | 3.72440e+01 1.19911e-02 | 1.25331e-02 1.07867e-01 1.39115e-01 |
   3107 | 3.72560e+01 1.19911e-02 | 1.25331e-02 1.07867e-01 1.39115e-01 |
   3108 | 3.72680e+01 1.19911e-02 | 1.25331e-02 1.07867e-01 1.39115e-01 |
   3109 | 3.72800e+01 1.19911e-02 | 1.25331e-02 1.07867e-01 1.39115e-01 |
   3110 | 3.72919e+01 1.19911e-02 | 1.25331e-02 1.07867e-01 1.39115e-01 |
   3111 | 3.73039e+01 1.19912e-02 | 1.25331e-02 1.07867e-01 1.39115e-01 |
   3112 | 3.73159e+01 1.19912e-02 | 1.25331e-02 1.07867e-01 1.39115e-01 |
   3113 | 3.73279e+01 1.19912e-02 | 1.25331e-02 1.07867e-01 1.39115e-01 |
   3114 | 3.73399e+01 1.19912e-02 | 1.25331e-02 1.07867e-01 1.39115e-01 |
   3115 | 3.73519e+01 1.19912e-02 | 1.25331e-02 1.07867e-01 1.39115e-01 |
   3116 | 3.73639e+01 1.19912e-02 | 1.25331e-02 1.07867e-01 1.39115e-01 |
   3117 | 3.73759e+01 1.19912e-02 | 1.25331e-02 1.07867e-01 1.39115e-01 |
   3118 | 3.73879e+01 1.19911e-02 | 1.25331e-02 1.07867e-01 1.39115e-01 |
   3119 | 3.73999e+01 1.19911e-02 | 1.25331e-02 1.07867e-01 1.39115e-01 |
   3120 | 3.74119e+01 1.19911e-02 | 1.25331e-02 1.07867e-01 1.39115e-01 |
   3121 | 3.74238e+01 1.19911e-02 | 1.25331e-02 1.07867e-01 1.39115e-01 |
   3122 | 3.74358e+01 1.19911e-02 | 1.25331e-02 1.07867e-01 1.39115e-01 |
   3123 | 3.74478e+01 1.19911e-02 | 1.25331e-02 1.07867e-01 1.39115e-01 |
   3124 | 3.74598e+01 1.19911e-02 | 1.25331e-02 1.07867e-01 1.39115e-01 |
   3125 | 3.74718e+01 1.19911e-02 | 1.25331e-02 1.07867e-01 1.39115e-01 |
   3126 | 3.74838e+01 1.19911e-02 | 1.25331e-02 1.07867e-01 1.39115e-01 |
   3127 | 3.74958e+01 1.19911e-02 | 1.25331e-02 1.07867e-01 1.39115e-01 |
   3128 | 3.75078e+01 1.19911e-02 | 1.25331e-02 1.07867e-01 1.39115e-01 |
   3129 | 3.75198e+01 1.19910e-02 | 1.25331e-02 1.07867e-01 1.39115e-01 |
   3130 | 3.75318e+01 1.19910e-02 | 1.25331e-02 1.07867e-01 1.39115e-01 |
   3131 | 3.75438e+01 1.19910e-02 | 1.25331e-02 1.07867e-01 1.39115e-01 |
   3132 | 3.75557e+01 1.19910e-02 | 1.25331e-02 1.07867e-01 1.39115e-01 |
   3133 | 3.75677e+01 1.19910e-02 | 1.25331e-02 1.07867e-01 1.39115e-01 |
   3134 | 3.75797e+01 1.19910e-02 | 1.25331e-02 1.07867e-01 1.39115e-01 |
   3135 | 3.75917e+01 1.19910e-02 | 1.25331e-02 1.07867e-01 1.39115e-01 |
   3136 | 3.76037e+01 1.19910e-02 | 1.25331e-02 1.07867e-01 1.39115e-01 |
   3137 | 3.76157e+01 1.19910e-02 | 1.25331e-02 1.07867e-01 1.39115e-01 |
   3138 | 3.76277e+01 1.19910e-02 | 1.25331e-02 1.07867e-01 1.39115e-01 |
   3139 | 3.76397e+01 1.19910e-02 | 1.25331e-02 1.07867e-01 1.39115e-01 |
   3140 | 3.76517e+01 1.19910e-02 | 1.25331e-02 1.07867e-01 1.39115e-01 |
   3141 | 3.76637e+01 1.19910e-02 | 1.25331e-02 1.07867e-01 1.39115e-01 |
   3142 | 3.76757e+01 1.19910e-02 | 1.25331e-02 1.07867e-01 1.39115e-01 |
   3143 | 3.76877e+01 1.19910e-02 | 1.25331e-02 1.07867e-01 1.39115e-01 |
   3144 | 3.76996e+01 1.19911e-02 | 1.25331e-02 1.07867e-01 1.39115e-01 |
   3145 | 3.77116e+01 1.19911e-02 | 1.25331e-02 1.07867e-01 1.39115e-01 |
   3146 | 3.77236e+01 1.19911e-02 | 1.25331e-02 1.07867e-01 1.39115e-01 |
   3147 | 3.77356e+01 1.19911e-02 | 1.25331e-02 1.07867e-01 1.39115e-01 |
   3148 | 3.77476e+01 1.19911e-02 | 1.25331e-02 1.07867e-01 1.39115e-01 |
   3149 | 3.77596e+01 1.19910e-02 | 1.25331e-02 1.07867e-01 1.39115e-01 |
   3150 | 3.77716e+01 1.19910e-02 | 1.25331e-02 1.07867e-01 1.39115e-01 |
   3151 | 3.77836e+01 1.19910e-02 | 1.25331e-02 1.07867e-01 1.39115e-01 |
   3152 | 3.77956e+01 1.19910e-02 | 1.25331e-02 1.07867e-01 1.39115e-01 |
   3153 | 3.78076e+01 1.19910e-02 | 1.25331e-02 1.07867e-01 1.39115e-01 |
   3154 | 3.78196e+01 1.19910e-02 | 1.25331e-02 1.07867e-01 1.39115e-01 |
   3155 | 3.78315e+01 1.19909e-02 | 1.25331e-02 1.07867e-01 1.39115e-01 |
   3156 | 3.78435e+01 1.19909e-02 | 1.25331e-02 1.07867e-01 1.39115e-01 |
   3157 | 3.78555e+01 1.19909e-02 | 1.25331e-02 1.07867e-01 1.39115e-01 |
   3158 | 3.78675e+01 1.19909e-02 | 1.25331e-02 1.07867e-01 1.39115e-01 |
   3159 | 3.78795e+01 1.19909e-02 | 1.25331e-02 1.07867e-01 1.39115e-01 |
   3160 | 3.78915e+01 1.19909e-02 | 1.25331e-02 1.07867e-01 1.39115e-01 |
   3161 | 3.79035e+01 1.19909e-02 | 1.25331e-02 1.07867e-01 1.39115e-01 |
   3162 | 3.79155e+01 1.19909e-02 | 1.25331e-02 1.07867e-01 1.39115e-01 |
   3163 | 3.79275e+01 1.19909e-02 | 1.25331e-02 1.07867e-01 1.39115e-01 |
   3164 | 3.79395e+01 1.19909e-02 | 1.25331e-02 1.07867e-01 1.39115e-01 |
   3165 | 3.79515e+01 1.19909e-02 | 1.25331e-02 1.07867e-01 1.39115e-01 |
   3166 | 3.79634e+01 1.19909e-02 | 1.25331e-02 1.07867e-01 1.39115e-01 |
   3167 | 3.79754e+01 1.19909e-02 | 1.25331e-02 1.07867e-01 1.39115e-01 |
   3168 | 3.79874e+01 1.19909e-02 | 1.25331e-02 1.07867e-01 1.39115e-01 |
   3169 | 3.79994e+01 1.19909e-02 | 1.25331e-02 1.07867e-01 1.39115e-01 |
   3170 | 3.80114e+01 1.19909e-02 | 1.25331e-02 1.07867e-01 1.39115e-01 |
   3171 | 3.80234e+01 1.19909e-02 | 1.25331e-02 1.07867e-01 1.39115e-01 |
   3172 | 3.80354e+01 1.19909e-02 | 1.25331e-02 1.07867e-01 1.39115e-01 |
   3173 | 3.80474e+01 1.19909e-02 | 1.25331e-02 1.07867e-01 1.39115e-01 |
   3174 | 3.80594e+01 1.19909e-02 | 1.25331e-02 1.07867e-01 1.39115e-01 |
   3175 | 3.80714e+01 1.19909e-02 | 1.25331e-02 1.07867e-01 1.39115e-01 |
   3176 | 3.80834e+01 1.19910e-02 | 1.25331e-02 1.07867e-01 1.39115e-01 |
   3177 | 3.80953e+01 1.19910e-02 | 1.25331e-02 1.07867e-01 1.39115e-01 |
   3178 | 3.81073e+01 1.19910e-02 | 1.25331e-02 1.07867e-01 1.39115e-01 |
   3179 | 3.81193e+01 1.19910e-02 | 1.25331e-02 1.07867e-01 1.39115e-01 |
   3180 | 3.81313e+01 1.19910e-02 | 1.25331e-02 1.07867e-01 1.39115e-01 |
   3181 | 3.81433e+01 1.19910e-02 | 1.25331e-02 1.07867e-01 1.39115e-01 |
   3182 | 3.81553e+01 1.19910e-02 | 1.25331e-02 1.07867e-01 1.39115e-01 |
   3183 | 3.81673e+01 1.19910e-02 | 1.25331e-02 1.07867e-01 1.39115e-01 |
   3184 | 3.81793e+01 1.19910e-02 | 1.25331e-02 1.07867e-01 1.39115e-01 |
   3185 | 3.81913e+01 1.19911e-02 | 1.25331e-02 1.07867e-01 1.39115e-01 |
   3186 | 3.82033e+01 1.19911e-02 | 1.25331e-02 1.07867e-01 1.39115e-01 |
   3187 | 3.82153e+01 1.19911e-02 | 1.25331e-02 1.07867e-01 1.39115e-01 |
   3188 | 3.82272e+01 1.19910e-02 | 1.25331e-02 1.07867e-01 1.39115e-01 |
   3189 | 3.82392e+01 1.19910e-02 | 1.25331e-02 1.07867e-01 1.39115e-01 |
   3190 | 3.82512e+01 1.19910e-02 | 1.25331e-02 1.07867e-01 1.39115e-01 |
   3191 | 3.82632e+01 1.19910e-02 | 1.25331e-02 1.07867e-01 1.39115e-01 |
   3192 | 3.82752e+01 1.19910e-02 | 1.25331e-02 1.07867e-01 1.39115e-01 |
   3193 | 3.82872e+01 1.19910e-02 | 1.25331e-02 1.07867e-01 1.39115e-01 |
   3194 | 3.82992e+01 1.19910e-02 | 1.25331e-02 1.07867e-01 1.39115e-01 |
   3195 | 3.83112e+01 1.19909e-02 | 1.25331e-02 1.07867e-01 1.39115e-01 |
   3196 | 3.83232e+01 1.19909e-02 | 1.25331e-02 1.07867e-01 1.39115e-01 |
   3197 | 3.83352e+01 1.19909e-02 | 1.25331e-02 1.07867e-01 1.39115e-01 |
   3198 | 3.83472e+01 1.19909e-02 | 1.25331e-02 1.07867e-01 1.39115e-01 |
   3199 | 3.83591e+01 1.19909e-02 | 1.25331e-02 1.07867e-01 1.39115e-01 |
   3200 | 3.83711e+01 1.19909e-02 | 1.25331e-02 1.07867e-01 1.39115e-01 |
   3201 | 3.83831e+01 1.19909e-02 | 1.25331e-02 1.07867e-01 1.39115e-01 |
   3202 | 3.83951e+01 1.19909e-02 | 1.25331e-02 1.07867e-01 1.39115e-01 |
   3203 | 3.84071e+01 1.19909e-02 | 1.25331e-02 1.07867e-01 1.39115e-01 |
   3204 | 3.84191e+01 1.19909e-02 | 1.25331e-02 1.07867e-01 1.39115e-01 |
   3205 | 3.84311e+01 1.19909e-02 | 1.25331e-02 1.07867e-01 1.39115e-01 |
   3206 | 3.84431e+01 1.19909e-02 | 1.25331e-02 1.07867e-01 1.39115e-01 |
   3207 | 3.84551e+01 1.19909e-02 | 1.25331e-02 1.07867e-01 1.39115e-01 |
   3208 | 3.84671e+01 1.19909e-02 | 1.25331e-02 1.07867e-01 1.39115e-01 |
   3209 | 3.84791e+01 1.19909e-02 | 1.25331e-02 1.07867e-01 1.39115e-01 |
   3210 | 3.84910e+01 1.19909e-02 | 1.25331e-02 1.07867e-01 1.39115e-01 |
   3211 | 3.85030e+01 1.19910e-02 | 1.25331e-02 1.07867e-01 1.39115e-01 |
   3212 | 3.85150e+01 1.19910e-02 | 1.25331e-02 1.07867e-01 1.39115e-01 |
   3213 | 3.85270e+01 1.19910e-02 | 1.25331e-02 1.07867e-01 1.39115e-01 |
   3214 | 3.85390e+01 1.19910e-02 | 1.25331e-02 1.07867e-01 1.39115e-01 |
   3215 | 3.85510e+01 1.19910e-02 | 1.25331e-02 1.07867e-01 1.39115e-01 |
   3216 | 3.85630e+01 1.19910e-02 | 1.25331e-02 1.07867e-01 1.39115e-01 |
   3217 | 3.85750e+01 1.19910e-02 | 1.25331e-02 1.07867e-01 1.39115e-01 |
   3218 | 3.85870e+01 1.19911e-02 | 1.25331e-02 1.07867e-01 1.39115e-01 |
   3219 | 3.85990e+01 1.19911e-02 | 1.25331e-02 1.07867e-01 1.39115e-01 |
   3220 | 3.86110e+01 1.19911e-02 | 1.25331e-02 1.07867e-01 1.39115e-01 |
   3221 | 3.86229e+01 1.19911e-02 | 1.25331e-02 1.07867e-01 1.39115e-01 |
   3222 | 3.86349e+01 1.19911e-02 | 1.25331e-02 1.07867e-01 1.39115e-01 |
   3223 | 3.86469e+01 1.19911e-02 | 1.25331e-02 1.07867e-01 1.39115e-01 |
   3224 | 3.86589e+01 1.19911e-02 | 1.25331e-02 1.07867e-01 1.39115e-01 |
   3225 | 3.86709e+01 1.19911e-02 | 1.25331e-02 1.07867e-01 1.39115e-01 |
   3226 | 3.86829e+01 1.19911e-02 | 1.25331e-02 1.07867e-01 1.39115e-01 |
   3227 | 3.86949e+01 1.19910e-02 | 1.25331e-02 1.07867e-01 1.39115e-01 |
   3228 | 3.87069e+01 1.19910e-02 | 1.25331e-02 1.07867e-01 1.39115e-01 |
   3229 | 3.87189e+01 1.19910e-02 | 1.25331e-02 1.07867e-01 1.39115e-01 |
   3230 | 3.87309e+01 1.19910e-02 | 1.25331e-02 1.07867e-01 1.39115e-01 |
   3231 | 3.87429e+01 1.19910e-02 | 1.25331e-02 1.07867e-01 1.39115e-01 |
   3232 | 3.87548e+01 1.19910e-02 | 1.25331e-02 1.07867e-01 1.39115e-01 |
   3233 | 3.87668e+01 1.19910e-02 | 1.25331e-02 1.07867e-01 1.39115e-01 |
   3234 | 3.87788e+01 1.19910e-02 | 1.25331e-02 1.07867e-01 1.39115e-01 |
   3235 | 3.87908e+01 1.19909e-02 | 1.25331e-02 1.07867e-01 1.39115e-01 |
   3236 | 3.88028e+01 1.19909e-02 | 1.25331e-02 1.07867e-01 1.39115e-01 |
   3237 | 3.88148e+01 1.19909e-02 | 1.25331e-02 1.07867e-01 1.39115e-01 |
   3238 | 3.88268e+01 1.19909e-02 | 1.25331e-02 1.07867e-01 1.39115e-01 |
   3239 | 3.88388e+01 1.19909e-02 | 1.25331e-02 1.07867e-01 1.39115e-01 |
   3240 | 3.88508e+01 1.19909e-02 | 1.25331e-02 1.07867e-01 1.39115e-01 |
   3241 | 3.88628e+01 1.19909e-02 | 1.25331e-02 1.07867e-01 1.39115e-01 |
   3242 | 3.88748e+01 1.19909e-02 | 1.25331e-02 1.07867e-01 1.39115e-01 |
   3243 | 3.88867e+01 1.19909e-02 | 1.25331e-02 1.07867e-01 1.39115e-01 |
   3244 | 3.88987e+01 1.19909e-02 | 1.25331e-02 1.07867e-01 1.39115e-01 |
   3245 | 3.89107e+01 1.19909e-02 | 1.25331e-02 1.07867e-01 1.39115e-01 |
   3246 | 3.89227e+01 1.19910e-02 | 1.25331e-02 1.07867e-01 1.39115e-01 |
   3247 | 3.89347e+01 1.19910e-02 | 1.25331e-02 1.07867e-01 1.39115e-01 |
   3248 | 3.89467e+01 1.19910e-02 | 1.25331e-02 1.07867e-01 1.39115e-01 |
   3249 | 3.89587e+01 1.19910e-02 | 1.25331e-02 1.07867e-01 1.39115e-01 |
   3250 | 3.89707e+01 1.19910e-02 | 1.25331e-02 1.07867e-01 1.39115e-01 |
   3251 | 3.89827e+01 1.19910e-02 | 1.25331e-02 1.07867e-01 1.39115e-01 |
   3252 | 3.89947e+01 1.19910e-02 | 1.25331e-02 1.07867e-01 1.39115e-01 |
   3253 | 3.90067e+01 1.19910e-02 | 1.25331e-02 1.07867e-01 1.39115e-01 |
   3254 | 3.90186e+01 1.19911e-02 | 1.25331e-02 1.07867e-01 1.39115e-01 |
   3255 | 3.90306e+01 1.19911e-02 | 1.25331e-02 1.07867e-01 1.39115e-01 |
   3256 | 3.90426e+01 1.19911e-02 | 1.25331e-02 1.07867e-01 1.39115e-01 |
   3257 | 3.90546e+01 1.19911e-02 | 1.25331e-02 1.07867e-01 1.39115e-01 |
   3258 | 3.90666e+01 1.19912e-02 | 1.25331e-02 1.07867e-01 1.39115e-01 |
   3259 | 3.90786e+01 1.19912e-02 | 1.25331e-02 1.07867e-01 1.39115e-01 |
   3260 | 3.90906e+01 1.19912e-02 | 1.25331e-02 1.07867e-01 1.39115e-01 |
   3261 | 3.91026e+01 1.19912e-02 | 1.25331e-02 1.07867e-01 1.39115e-01 |
   3262 | 3.91146e+01 1.19911e-02 | 1.25331e-02 1.07867e-01 1.39115e-01 |
   3263 | 3.91266e+01 1.19911e-02 | 1.25331e-02 1.07867e-01 1.39115e-01 |
   3264 | 3.91386e+01 1.19911e-02 | 1.25331e-02 1.07867e-01 1.39115e-01 |
   3265 | 3.91506e+01 1.19911e-02 | 1.25331e-02 1.07867e-01 1.39115e-01 |
   3266 | 3.91625e+01 1.19910e-02 | 1.25331e-02 1.07867e-01 1.39115e-01 |
   3267 | 3.91745e+01 1.19910e-02 | 1.25331e-02 1.07867e-01 1.39115e-01 |
   3268 | 3.91865e+01 1.19910e-02 | 1.25331e-02 1.07867e-01 1.39115e-01 |
   3269 | 3.91985e+01 1.19910e-02 | 1.25331e-02 1.07867e-01 1.39115e-01 |
   3270 | 3.92105e+01 1.19910e-02 | 1.25331e-02 1.07867e-01 1.39115e-01 |
   3271 | 3.92225e+01 1.19909e-02 | 1.25331e-02 1.07867e-01 1.39115e-01 |
   3272 | 3.92345e+01 1.19909e-02 | 1.25331e-02 1.07867e-01 1.39115e-01 |
   3273 | 3.92465e+01 1.19909e-02 | 1.25331e-02 1.07867e-01 1.39115e-01 |
   3274 | 3.92585e+01 1.19909e-02 | 1.25331e-02 1.07867e-01 1.39115e-01 |
   3275 | 3.92705e+01 1.19909e-02 | 1.25331e-02 1.07867e-01 1.39115e-01 |
   3276 | 3.92825e+01 1.19909e-02 | 1.25331e-02 1.07867e-01 1.39115e-01 |
   3277 | 3.92944e+01 1.19909e-02 | 1.25331e-02 1.07867e-01 1.39115e-01 |
   3278 | 3.93064e+01 1.19909e-02 | 1.25331e-02 1.07867e-01 1.39115e-01 |
   3279 | 3.93184e+01 1.19908e-02 | 1.25331e-02 1.07867e-01 1.39115e-01 |
   3280 | 3.93304e+01 1.19908e-02 | 1.25331e-02 1.07867e-01 1.39115e-01 |
   3281 | 3.93424e+01 1.19908e-02 | 1.25331e-02 1.07867e-01 1.39115e-01 |
   3282 | 3.93544e+01 1.19908e-02 | 1.25331e-02 1.07867e-01 1.39115e-01 |
   3283 | 3.93664e+01 1.19908e-02 | 1.25331e-02 1.07867e-01 1.39115e-01 |
   3284 | 3.93784e+01 1.19908e-02 | 1.25331e-02 1.07867e-01 1.39115e-01 |
   3285 | 3.93904e+01 1.19908e-02 | 1.25331e-02 1.07867e-01 1.39115e-01 |
   3286 | 3.94024e+01 1.19908e-02 | 1.25331e-02 1.07867e-01 1.39115e-01 |
   3287 | 3.94144e+01 1.19908e-02 | 1.25331e-02 1.07867e-01 1.39115e-01 |
   3288 | 3.94263e+01 1.19909e-02 | 1.25331e-02 1.07867e-01 1.39115e-01 |
   3289 | 3.94383e+01 1.19909e-02 | 1.25331e-02 1.07867e-01 1.39115e-01 |
   3290 | 3.94503e+01 1.19909e-02 | 1.25331e-02 1.07867e-01 1.39115e-01 |
   3291 | 3.94623e+01 1.19909e-02 | 1.25331e-02 1.07867e-01 1.39115e-01 |
   3292 | 3.94743e+01 1.19909e-02 | 1.25331e-02 1.07867e-01 1.39115e-01 |
   3293 | 3.94863e+01 1.19909e-02 | 1.25331e-02 1.07867e-01 1.39115e-01 |
   3294 | 3.94983e+01 1.19909e-02 | 1.25331e-02 1.07867e-01 1.39115e-01 |
   3295 | 3.95103e+01 1.19909e-02 | 1.25331e-02 1.07867e-01 1.39115e-01 |
   3296 | 3.95223e+01 1.19909e-02 | 1.25331e-02 1.07867e-01 1.39115e-01 |
   3297 | 3.95343e+01 1.19910e-02 | 1.25331e-02 1.07867e-01 1.39115e-01 |
   3298 | 3.95463e+01 1.19910e-02 | 1.25331e-02 1.07867e-01 1.39115e-01 |
   3299 | 3.95582e+01 1.19910e-02 | 1.25331e-02 1.07867e-01 1.39115e-01 |
   3300 | 3.95702e+01 1.19910e-02 | 1.25331e-02 1.07867e-01 1.39115e-01 |
   3301 | 3.95822e+01 1.19910e-02 | 1.25331e-02 1.07867e-01 1.39115e-01 |
   3302 | 3.95942e+01 1.19911e-02 | 1.25331e-02 1.07867e-01 1.39115e-01 |
   3303 | 3.96062e+01 1.19910e-02 | 1.25331e-02 1.07867e-01 1.39115e-01 |
   3304 | 3.96182e+01 1.19910e-02 | 1.25331e-02 1.07867e-01 1.39115e-01 |
   3305 | 3.96302e+01 1.19910e-02 | 1.25331e-02 1.07867e-01 1.39115e-01 |
   3306 | 3.96422e+01 1.19910e-02 | 1.25331e-02 1.07867e-01 1.39115e-01 |
   3307 | 3.96542e+01 1.19910e-02 | 1.25331e-02 1.07867e-01 1.39115e-01 |
   3308 | 3.96662e+01 1.19909e-02 | 1.25331e-02 1.07867e-01 1.39115e-01 |
   3309 | 3.96782e+01 1.19909e-02 | 1.25331e-02 1.07867e-01 1.39115e-01 |
   3310 | 3.96901e+01 1.19909e-02 | 1.25331e-02 1.07867e-01 1.39115e-01 |
   3311 | 3.97021e+01 1.19909e-02 | 1.25331e-02 1.07867e-01 1.39115e-01 |
   3312 | 3.97141e+01 1.19909e-02 | 1.25331e-02 1.07867e-01 1.39115e-01 |
   3313 | 3.97261e+01 1.19909e-02 | 1.25331e-02 1.07867e-01 1.39115e-01 |
   3314 | 3.97381e+01 1.19909e-02 | 1.25331e-02 1.07867e-01 1.39115e-01 |
   3315 | 3.97501e+01 1.19909e-02 | 1.25331e-02 1.07867e-01 1.39115e-01 |
   3316 | 3.97621e+01 1.19909e-02 | 1.25331e-02 1.07867e-01 1.39115e-01 |
   3317 | 3.97741e+01 1.19908e-02 | 1.25331e-02 1.07867e-01 1.39115e-01 |
   3318 | 3.97861e+01 1.19908e-02 | 1.25331e-02 1.07867e-01 1.39115e-01 |
   3319 | 3.97981e+01 1.19908e-02 | 1.25331e-02 1.07867e-01 1.39115e-01 |
   3320 | 3.98101e+01 1.19908e-02 | 1.25331e-02 1.07867e-01 1.39115e-01 |
   3321 | 3.98220e+01 1.19908e-02 | 1.25331e-02 1.07867e-01 1.39115e-01 |
   3322 | 3.98340e+01 1.19908e-02 | 1.25331e-02 1.07867e-01 1.39115e-01 |
   3323 | 3.98460e+01 1.19908e-02 | 1.25331e-02 1.07867e-01 1.39115e-01 |
   3324 | 3.98580e+01 1.19908e-02 | 1.25331e-02 1.07867e-01 1.39115e-01 |
   3325 | 3.98700e+01 1.19909e-02 | 1.25331e-02 1.07867e-01 1.39115e-01 |
   3326 | 3.98820e+01 1.19909e-02 | 1.25331e-02 1.07867e-01 1.39115e-01 |
   3327 | 3.98940e+01 1.19909e-02 | 1.25331e-02 1.07867e-01 1.39115e-01 |
   3328 | 3.99060e+01 1.19909e-02 | 1.25331e-02 1.07867e-01 1.39115e-01 |
   3329 | 3.99180e+01 1.19909e-02 | 1.25331e-02 1.07867e-01 1.39115e-01 |
   3330 | 3.99300e+01 1.19909e-02 | 1.25331e-02 1.07867e-01 1.39115e-01 |
   3331 | 3.99420e+01 1.19909e-02 | 1.25331e-02 1.07867e-01 1.39115e-01 |
   3332 | 3.99539e+01 1.19909e-02 | 1.25331e-02 1.07867e-01 1.39115e-01 |
   3333 | 3.99659e+01 1.19909e-02 | 1.25331e-02 1.07867e-01 1.39115e-01 |
   3334 | 3.99779e+01 1.19910e-02 | 1.25331e-02 1.07867e-01 1.39115e-01 |
   3335 | 3.99899e+01 1.19910e-02 | 1.25331e-02 1.07867e-01 1.39115e-01 |
   3336 | 4.00019e+01 1.19910e-02 | 1.25331e-02 1.07867e-01 1.39115e-01 |
   3337 | 4.00139e+01 1.19910e-02 | 1.25331e-02 1.07867e-01 1.39115e-01 |
   3338 | 4.00259e+01 1.19910e-02 | 1.25331e-02 1.07867e-01 1.39115e-01 |
   3339 | 4.00379e+01 1.19911e-02 | 1.25331e-02 1.07867e-01 1.39115e-01 |
   3340 | 4.00499e+01 1.19911e-02 | 1.25331e-02 1.07867e-01 1.39115e-01 |
   3341 | 4.00619e+01 1.19910e-02 | 1.25331e-02 1.07867e-01 1.39115e-01 |
   3342 | 4.00739e+01 1.19910e-02 | 1.25331e-02 1.07867e-01 1.39115e-01 |
   3343 | 4.00858e+01 1.19910e-02 | 1.25331e-02 1.07867e-01 1.39115e-01 |
   3344 | 4.00978e+01 1.19910e-02 | 1.25331e-02 1.07867e-01 1.39115e-01 |
   3345 | 4.01098e+01 1.19910e-02 | 1.25331e-02 1.07867e-01 1.39115e-01 |
   3346 | 4.01218e+01 1.19909e-02 | 1.25331e-02 1.07867e-01 1.39115e-01 |
   3347 | 4.01338e+01 1.19909e-02 | 1.25331e-02 1.07867e-01 1.39115e-01 |
   3348 | 4.01458e+01 1.19909e-02 | 1.25331e-02 1.07867e-01 1.39115e-01 |
   3349 | 4.01578e+01 1.19909e-02 | 1.25331e-02 1.07867e-01 1.39115e-01 |
   3350 | 4.01698e+01 1.19909e-02 | 1.25331e-02 1.07867e-01 1.39115e-01 |
   3351 | 4.01818e+01 1.19909e-02 | 1.25331e-02 1.07867e-01 1.39115e-01 |
   3352 | 4.01938e+01 1.19909e-02 | 1.25331e-02 1.07867e-01 1.39115e-01 |
   3353 | 4.02058e+01 1.19909e-02 | 1.25331e-02 1.07867e-01 1.39115e-01 |
   3354 | 4.02177e+01 1.19909e-02 | 1.25331e-02 1.07867e-01 1.39115e-01 |
   3355 | 4.02297e+01 1.19908e-02 | 1.25331e-02 1.07867e-01 1.39115e-01 |
   3356 | 4.02417e+01 1.19908e-02 | 1.25331e-02 1.07867e-01 1.39115e-01 |
   3357 | 4.02537e+01 1.19908e-02 | 1.25331e-02 1.07867e-01 1.39115e-01 |
   3358 | 4.02657e+01 1.19908e-02 | 1.25331e-02 1.07867e-01 1.39115e-01 |
   3359 | 4.02777e+01 1.19908e-02 | 1.25331e-02 1.07867e-01 1.39115e-01 |
   3360 | 4.02897e+01 1.19908e-02 | 1.25331e-02 1.07867e-01 1.39115e-01 |
   3361 | 4.03017e+01 1.19908e-02 | 1.25331e-02 1.07867e-01 1.39115e-01 |
   3362 | 4.03137e+01 1.19909e-02 | 1.25331e-02 1.07867e-01 1.39115e-01 |
   3363 | 4.03257e+01 1.19909e-02 | 1.25331e-02 1.07867e-01 1.39115e-01 |
   3364 | 4.03377e+01 1.19909e-02 | 1.25331e-02 1.07867e-01 1.39115e-01 |
   3365 | 4.03496e+01 1.19909e-02 | 1.25331e-02 1.07867e-01 1.39115e-01 |
   3366 | 4.03616e+01 1.19909e-02 | 1.25331e-02 1.07867e-01 1.39115e-01 |
   3367 | 4.03736e+01 1.19909e-02 | 1.25331e-02 1.07867e-01 1.39115e-01 |
   3368 | 4.03856e+01 1.19909e-02 | 1.25331e-02 1.07867e-01 1.39115e-01 |
   3369 | 4.03976e+01 1.19909e-02 | 1.25331e-02 1.07867e-01 1.39115e-01 |
   3370 | 4.04096e+01 1.19909e-02 | 1.25331e-02 1.07867e-01 1.39115e-01 |
   3371 | 4.04216e+01 1.19910e-02 | 1.25331e-02 1.07867e-01 1.39115e-01 |
   3372 | 4.04336e+01 1.19910e-02 | 1.25331e-02 1.07867e-01 1.39115e-01 |
   3373 | 4.04456e+01 1.19910e-02 | 1.25331e-02 1.07867e-01 1.39115e-01 |
   3374 | 4.04576e+01 1.19910e-02 | 1.25331e-02 1.07867e-01 1.39115e-01 |
   3375 | 4.04696e+01 1.19910e-02 | 1.25331e-02 1.07867e-01 1.39115e-01 |
   3376 | 4.04815e+01 1.19911e-02 | 1.25331e-02 1.07867e-01 1.39115e-01 |
   3377 | 4.04935e+01 1.19911e-02 | 1.25331e-02 1.07867e-01 1.39115e-01 |
   3378 | 4.05055e+01 1.19911e-02 | 1.25331e-02 1.07867e-01 1.39115e-01 |
   3379 | 4.05175e+01 1.19911e-02 | 1.25331e-02 1.07867e-01 1.39115e-01 |
   3380 | 4.05295e+01 1.19912e-02 | 1.25331e-02 1.07867e-01 1.39115e-01 |
   3381 | 4.05415e+01 1.19912e-02 | 1.25331e-02 1.07867e-01 1.39115e-01 |
   3382 | 4.05535e+01 1.19912e-02 | 1.25331e-02 1.07867e-01 1.39115e-01 |
   3383 | 4.05655e+01 1.19911e-02 | 1.25331e-02 1.07867e-01 1.39115e-01 |
   3384 | 4.05775e+01 1.19911e-02 | 1.25331e-02 1.07867e-01 1.39115e-01 |
   3385 | 4.05895e+01 1.19911e-02 | 1.25331e-02 1.07867e-01 1.39115e-01 |
   3386 | 4.06015e+01 1.19911e-02 | 1.25331e-02 1.07867e-01 1.39115e-01 |
   3387 | 4.06134e+01 1.19911e-02 | 1.25331e-02 1.07867e-01 1.39115e-01 |
   3388 | 4.06254e+01 1.19910e-02 | 1.25331e-02 1.07867e-01 1.39115e-01 |
   3389 | 4.06374e+01 1.19910e-02 | 1.25331e-02 1.07867e-01 1.39115e-01 |
   3390 | 4.06494e+01 1.19910e-02 | 1.25331e-02 1.07867e-01 1.39115e-01 |
   3391 | 4.06614e+01 1.19910e-02 | 1.25331e-02 1.07867e-01 1.39115e-01 |
   3392 | 4.06734e+01 1.19910e-02 | 1.25331e-02 1.07867e-01 1.39115e-01 |
   3393 | 4.06854e+01 1.19910e-02 | 1.25331e-02 1.07867e-01 1.39115e-01 |
   3394 | 4.06974e+01 1.19910e-02 | 1.25331e-02 1.07867e-01 1.39115e-01 |
   3395 | 4.07094e+01 1.19909e-02 | 1.25331e-02 1.07867e-01 1.39115e-01 |
   3396 | 4.07214e+01 1.19909e-02 | 1.25331e-02 1.07867e-01 1.39115e-01 |
   3397 | 4.07334e+01 1.19909e-02 | 1.25331e-02 1.07867e-01 1.39115e-01 |
   3398 | 4.07453e+01 1.19909e-02 | 1.25331e-02 1.07867e-01 1.39115e-01 |
   3399 | 4.07573e+01 1.19909e-02 | 1.25331e-02 1.07867e-01 1.39115e-01 |
   3400 | 4.07693e+01 1.19909e-02 | 1.25331e-02 1.07867e-01 1.39115e-01 |
   3401 | 4.07813e+01 1.19909e-02 | 1.25331e-02 1.07867e-01 1.39115e-01 |
   3402 | 4.07933e+01 1.19909e-02 | 1.25331e-02 1.07867e-01 1.39115e-01 |
   3403 | 4.08053e+01 1.19909e-02 | 1.25331e-02 1.07867e-01 1.39115e-01 |
   3404 | 4.08173e+01 1.19909e-02 | 1.25331e-02 1.07867e-01 1.39115e-01 |
   3405 | 4.08293e+01 1.19909e-02 | 1.25331e-02 1.07867e-01 1.39115e-01 |
   3406 | 4.08413e+01 1.19909e-02 | 1.25331e-02 1.07867e-01 1.39115e-01 |
   3407 | 4.08533e+01 1.19909e-02 | 1.25331e-02 1.07867e-01 1.39115e-01 |
   3408 | 4.08653e+01 1.19909e-02 | 1.25331e-02 1.07867e-01 1.39115e-01 |
   3409 | 4.08772e+01 1.19910e-02 | 1.25331e-02 1.07867e-01 1.39115e-01 |
   3410 | 4.08892e+01 1.19910e-02 | 1.25331e-02 1.07867e-01 1.39115e-01 |
   3411 | 4.09012e+01 1.19910e-02 | 1.25331e-02 1.07867e-01 1.39115e-01 |
   3412 | 4.09132e+01 1.19910e-02 | 1.25331e-02 1.07867e-01 1.39115e-01 |
   3413 | 4.09252e+01 1.19910e-02 | 1.25331e-02 1.07867e-01 1.39115e-01 |
   3414 | 4.09372e+01 1.19910e-02 | 1.25331e-02 1.07867e-01 1.39115e-01 |
   3415 | 4.09492e+01 1.19910e-02 | 1.25331e-02 1.07867e-01 1.39115e-01 |
   3416 | 4.09612e+01 1.19911e-02 | 1.25331e-02 1.07867e-01 1.39115e-01 |
   3417 | 4.09732e+01 1.19911e-02 | 1.25331e-02 1.07867e-01 1.39115e-01 |
   3418 | 4.09852e+01 1.19911e-02 | 1.25331e-02 1.07867e-01 1.39115e-01 |
   3419 | 4.09972e+01 1.19911e-02 | 1.25331e-02 1.07867e-01 1.39115e-01 |
   3420 | 4.10091e+01 1.19911e-02 | 1.25331e-02 1.07867e-01 1.39115e-01 |
   3421 | 4.10211e+01 1.19911e-02 | 1.25331e-02 1.07867e-01 1.39115e-01 |
   3422 | 4.10331e+01 1.19911e-02 | 1.25331e-02 1.07867e-01 1.39115e-01 |
   3423 | 4.10451e+01 1.19911e-02 | 1.25331e-02 1.07867e-01 1.39115e-01 |
   3424 | 4.10571e+01 1.19910e-02 | 1.25331e-02 1.07867e-01 1.39115e-01 |
   3425 | 4.10691e+01 1.19910e-02 | 1.25331e-02 1.07867e-01 1.39115e-01 |
   3426 | 4.10811e+01 1.19910e-02 | 1.25331e-02 1.07867e-01 1.39115e-01 |
   3427 | 4.10931e+01 1.19910e-02 | 1.25331e-02 1.07867e-01 1.39115e-01 |
   3428 | 4.11051e+01 1.19910e-02 | 1.25331e-02 1.07867e-01 1.39115e-01 |
   3429 | 4.11171e+01 1.19910e-02 | 1.25331e-02 1.07867e-01 1.39115e-01 |
   3430 | 4.11291e+01 1.19909e-02 | 1.25331e-02 1.07867e-01 1.39115e-01 |
   3431 | 4.11410e+01 1.19909e-02 | 1.25331e-02 1.07867e-01 1.39115e-01 |
   3432 | 4.11530e+01 1.19909e-02 | 1.25331e-02 1.07867e-01 1.39115e-01 |
   3433 | 4.11650e+01 1.19909e-02 | 1.25331e-02 1.07867e-01 1.39115e-01 |
   3434 | 4.11770e+01 1.19909e-02 | 1.25331e-02 1.07867e-01 1.39115e-01 |
   3435 | 4.11890e+01 1.19909e-02 | 1.25331e-02 1.07867e-01 1.39115e-01 |
   3436 | 4.12010e+01 1.19909e-02 | 1.25331e-02 1.07867e-01 1.39115e-01 |
   3437 | 4.12130e+01 1.19909e-02 | 1.25331e-02 1.07867e-01 1.39115e-01 |
   3438 | 4.12250e+01 1.19909e-02 | 1.25331e-02 1.07867e-01 1.39115e-01 |
   3439 | 4.12370e+01 1.19909e-02 | 1.25331e-02 1.07867e-01 1.39115e-01 |
   3440 | 4.12490e+01 1.19909e-02 | 1.25331e-02 1.07867e-01 1.39115e-01 |
   3441 | 4.12610e+01 1.19909e-02 | 1.25331e-02 1.07867e-01 1.39115e-01 |
   3442 | 4.12729e+01 1.19909e-02 | 1.25331e-02 1.07867e-01 1.39115e-01 |
   3443 | 4.12849e+01 1.19909e-02 | 1.25331e-02 1.07867e-01 1.39115e-01 |
   3444 | 4.12969e+01 1.19909e-02 | 1.25331e-02 1.07867e-01 1.39115e-01 |
   3445 | 4.13089e+01 1.19909e-02 | 1.25331e-02 1.07867e-01 1.39115e-01 |
   3446 | 4.13209e+01 1.19909e-02 | 1.25331e-02 1.07867e-01 1.39115e-01 |
   3447 | 4.13329e+01 1.19909e-02 | 1.25331e-02 1.07867e-01 1.39115e-01 |
   3448 | 4.13449e+01 1.19910e-02 | 1.25331e-02 1.07867e-01 1.39115e-01 |
   3449 | 4.13569e+01 1.19910e-02 | 1.25331e-02 1.07867e-01 1.39115e-01 |
   3450 | 4.13689e+01 1.19910e-02 | 1.25331e-02 1.07867e-01 1.39115e-01 |
   3451 | 4.13809e+01 1.19910e-02 | 1.25331e-02 1.07867e-01 1.39115e-01 |
   3452 | 4.13929e+01 1.19910e-02 | 1.25331e-02 1.07867e-01 1.39115e-01 |
   3453 | 4.14048e+01 1.19910e-02 | 1.25331e-02 1.07867e-01 1.39115e-01 |
   3454 | 4.14168e+01 1.19911e-02 | 1.25331e-02 1.07867e-01 1.39115e-01 |
   3455 | 4.14288e+01 1.19911e-02 | 1.25331e-02 1.07867e-01 1.39115e-01 |
   3456 | 4.14408e+01 1.19911e-02 | 1.25331e-02 1.07867e-01 1.39115e-01 |
   3457 | 4.14528e+01 1.19910e-02 | 1.25331e-02 1.07867e-01 1.39115e-01 |
   3458 | 4.14648e+01 1.19910e-02 | 1.25331e-02 1.07867e-01 1.39115e-01 |
   3459 | 4.14768e+01 1.19910e-02 | 1.25331e-02 1.07867e-01 1.39115e-01 |
   3460 | 4.14888e+01 1.19910e-02 | 1.25331e-02 1.07867e-01 1.39115e-01 |
   3461 | 4.15008e+01 1.19910e-02 | 1.25331e-02 1.07867e-01 1.39115e-01 |
   3462 | 4.15128e+01 1.19910e-02 | 1.25331e-02 1.07867e-01 1.39115e-01 |
   3463 | 4.15248e+01 1.19910e-02 | 1.25331e-02 1.07867e-01 1.39115e-01 |
   3464 | 4.15368e+01 1.19910e-02 | 1.25331e-02 1.07867e-01 1.39115e-01 |
   3465 | 4.15487e+01 1.19910e-02 | 1.25331e-02 1.07867e-01 1.39115e-01 |
   3466 | 4.15607e+01 1.19909e-02 | 1.25331e-02 1.07867e-01 1.39115e-01 |
   3467 | 4.15727e+01 1.19909e-02 | 1.25331e-02 1.07867e-01 1.39115e-01 |
   3468 | 4.15847e+01 1.19909e-02 | 1.25331e-02 1.07867e-01 1.39115e-01 |
   3469 | 4.15967e+01 1.19909e-02 | 1.25331e-02 1.07867e-01 1.39115e-01 |
   3470 | 4.16087e+01 1.19909e-02 | 1.25331e-02 1.07867e-01 1.39115e-01 |
   3471 | 4.16207e+01 1.19909e-02 | 1.25331e-02 1.07867e-01 1.39115e-01 |
   3472 | 4.16327e+01 1.19909e-02 | 1.25331e-02 1.07867e-01 1.39115e-01 |
   3473 | 4.16447e+01 1.19909e-02 | 1.25331e-02 1.07867e-01 1.39115e-01 |
   3474 | 4.16567e+01 1.19909e-02 | 1.25331e-02 1.07867e-01 1.39115e-01 |
   3475 | 4.16687e+01 1.19909e-02 | 1.25331e-02 1.07867e-01 1.39115e-01 |
   3476 | 4.16806e+01 1.19909e-02 | 1.25331e-02 1.07867e-01 1.39115e-01 |
   3477 | 4.16926e+01 1.19909e-02 | 1.25331e-02 1.07867e-01 1.39115e-01 |
   3478 | 4.17046e+01 1.19909e-02 | 1.25331e-02 1.07867e-01 1.39115e-01 |
   3479 | 4.17166e+01 1.19909e-02 | 1.25331e-02 1.07867e-01 1.39115e-01 |
   3480 | 4.17286e+01 1.19909e-02 | 1.25331e-02 1.07867e-01 1.39115e-01 |
   3481 | 4.17406e+01 1.19909e-02 | 1.25331e-02 1.07867e-01 1.39115e-01 |
   3482 | 4.17526e+01 1.19909e-02 | 1.25331e-02 1.07867e-01 1.39115e-01 |
   3483 | 4.17646e+01 1.19909e-02 | 1.25331e-02 1.07867e-01 1.39115e-01 |
   3484 | 4.17766e+01 1.19909e-02 | 1.25331e-02 1.07867e-01 1.39115e-01 |
   3485 | 4.17886e+01 1.19909e-02 | 1.25331e-02 1.07867e-01 1.39115e-01 |
   3486 | 4.18006e+01 1.19909e-02 | 1.25331e-02 1.07867e-01 1.39115e-01 |
   3487 | 4.18125e+01 1.19910e-02 | 1.25331e-02 1.07867e-01 1.39115e-01 |
   3488 | 4.18245e+01 1.19910e-02 | 1.25331e-02 1.07867e-01 1.39115e-01 |
   3489 | 4.18365e+01 1.19910e-02 | 1.25331e-02 1.07867e-01 1.39115e-01 |
   3490 | 4.18485e+01 1.19910e-02 | 1.25331e-02 1.07867e-01 1.39115e-01 |
   3491 | 4.18605e+01 1.19910e-02 | 1.25331e-02 1.07867e-01 1.39115e-01 |
   3492 | 4.18725e+01 1.19910e-02 | 1.25331e-02 1.07867e-01 1.39115e-01 |
   3493 | 4.18845e+01 1.19911e-02 | 1.25331e-02 1.07867e-01 1.39115e-01 |
   3494 | 4.18965e+01 1.19911e-02 | 1.25331e-02 1.07867e-01 1.39115e-01 |
   3495 | 4.19085e+01 1.19911e-02 | 1.25331e-02 1.07867e-01 1.39115e-01 |
   3496 | 4.19205e+01 1.19911e-02 | 1.25331e-02 1.07867e-01 1.39115e-01 |
   3497 | 4.19325e+01 1.19911e-02 | 1.25331e-02 1.07867e-01 1.39115e-01 |
   3498 | 4.19444e+01 1.19911e-02 | 1.25331e-02 1.07867e-01 1.39115e-01 |
   3499 | 4.19564e+01 1.19910e-02 | 1.25331e-02 1.07867e-01 1.39115e-01 |
   3500 | 4.19684e+01 1.19910e-02 | 1.25331e-02 1.07867e-01 1.39115e-01 |
   3501 | 4.19804e+01 1.19910e-02 | 1.25331e-02 1.07867e-01 1.39115e-01 |
   3502 | 4.19924e+01 1.19910e-02 | 1.25331e-02 1.07867e-01 1.39115e-01 |
   3503 | 4.20044e+01 1.19910e-02 | 1.25331e-02 1.07867e-01 1.39115e-01 |
   3504 | 4.20164e+01 1.19910e-02 | 1.25331e-02 1.07867e-01 1.39115e-01 |
   3505 | 4.20284e+01 1.19910e-02 | 1.25331e-02 1.07867e-01 1.39115e-01 |
   3506 | 4.20404e+01 1.19910e-02 | 1.25331e-02 1.07867e-01 1.39115e-01 |
   3507 | 4.20524e+01 1.19910e-02 | 1.25331e-02 1.07867e-01 1.39115e-01 |
   3508 | 4.20644e+01 1.19910e-02 | 1.25331e-02 1.07867e-01 1.39115e-01 |
   3509 | 4.20763e+01 1.19910e-02 | 1.25331e-02 1.07867e-01 1.39115e-01 |
   3510 | 4.20883e+01 1.19910e-02 | 1.25331e-02 1.07867e-01 1.39115e-01 |
   3511 | 4.21003e+01 1.19911e-02 | 1.25331e-02 1.07867e-01 1.39115e-01 |
   3512 | 4.21123e+01 1.19911e-02 | 1.25331e-02 1.07867e-01 1.39115e-01 |
   3513 | 4.21243e+01 1.19911e-02 | 1.25331e-02 1.07867e-01 1.39115e-01 |
   3514 | 4.21363e+01 1.19911e-02 | 1.25331e-02 1.07867e-01 1.39115e-01 |
   3515 | 4.21483e+01 1.19911e-02 | 1.25331e-02 1.07867e-01 1.39115e-01 |
   3516 | 4.21603e+01 1.19911e-02 | 1.25331e-02 1.07867e-01 1.39115e-01 |
   3517 | 4.21723e+01 1.19911e-02 | 1.25331e-02 1.07867e-01 1.39115e-01 |
   3518 | 4.21843e+01 1.19911e-02 | 1.25331e-02 1.07867e-01 1.39115e-01 |
   3519 | 4.21963e+01 1.19911e-02 | 1.25331e-02 1.07867e-01 1.39115e-01 |
   3520 | 4.22082e+01 1.19911e-02 | 1.25331e-02 1.07867e-01 1.39115e-01 |
   3521 | 4.22202e+01 1.19911e-02 | 1.25331e-02 1.07867e-01 1.39115e-01 |
   3522 | 4.22322e+01 1.19911e-02 | 1.25331e-02 1.07867e-01 1.39115e-01 |
   3523 | 4.22442e+01 1.19911e-02 | 1.25331e-02 1.07867e-01 1.39115e-01 |
   3524 | 4.22562e+01 1.19911e-02 | 1.25331e-02 1.07867e-01 1.39115e-01 |
   3525 | 4.22682e+01 1.19911e-02 | 1.25331e-02 1.07867e-01 1.39115e-01 |
   3526 | 4.22802e+01 1.19911e-02 | 1.25331e-02 1.07867e-01 1.39115e-01 |
   3527 | 4.22922e+01 1.19912e-02 | 1.25331e-02 1.07867e-01 1.39115e-01 |
   3528 | 4.23042e+01 1.19912e-02 | 1.25331e-02 1.07867e-01 1.39115e-01 |
   3529 | 4.23162e+01 1.19912e-02 | 1.25331e-02 1.07867e-01 1.39115e-01 |
   3530 | 4.23282e+01 1.19912e-02 | 1.25331e-02 1.07867e-01 1.39115e-01 |
   3531 | 4.23401e+01 1.19912e-02 | 1.25331e-02 1.07867e-01 1.39115e-01 |
   3532 | 4.23521e+01 1.19911e-02 | 1.25331e-02 1.07867e-01 1.39115e-01 |
   3533 | 4.23641e+01 1.19911e-02 | 1.25331e-02 1.07867e-01 1.39115e-01 |
   3534 | 4.23761e+01 1.19911e-02 | 1.25331e-02 1.07867e-01 1.39115e-01 |
   3535 | 4.23881e+01 1.19911e-02 | 1.25331e-02 1.07867e-01 1.39115e-01 |
   3536 | 4.24001e+01 1.19911e-02 | 1.25331e-02 1.07867e-01 1.39115e-01 |
   3537 | 4.24121e+01 1.19911e-02 | 1.25331e-02 1.07867e-01 1.39115e-01 |
   3538 | 4.24241e+01 1.19911e-02 | 1.25331e-02 1.07867e-01 1.39115e-01 |
   3539 | 4.24361e+01 1.19911e-02 | 1.25331e-02 1.07867e-01 1.39115e-01 |
   3540 | 4.24481e+01 1.19911e-02 | 1.25331e-02 1.07867e-01 1.39115e-01 |
   3541 | 4.24601e+01 1.19911e-02 | 1.25331e-02 1.07867e-01 1.39115e-01 |
   3542 | 4.24721e+01 1.19911e-02 | 1.25331e-02 1.07867e-01 1.39115e-01 |
   3543 | 4.24840e+01 1.19911e-02 | 1.25331e-02 1.07867e-01 1.39115e-01 |
   3544 | 4.24960e+01 1.19911e-02 | 1.25331e-02 1.07867e-01 1.39115e-01 |
   3545 | 4.25080e+01 1.19911e-02 | 1.25331e-02 1.07867e-01 1.39115e-01 |
   3546 | 4.25200e+01 1.19911e-02 | 1.25331e-02 1.07867e-01 1.39115e-01 |
   3547 | 4.25320e+01 1.19911e-02 | 1.25331e-02 1.07867e-01 1.39115e-01 |
   3548 | 4.25440e+01 1.19911e-02 | 1.25331e-02 1.07867e-01 1.39115e-01 |
   3549 | 4.25560e+01 1.19911e-02 | 1.25331e-02 1.07867e-01 1.39115e-01 |
   3550 | 4.25680e+01 1.19911e-02 | 1.25331e-02 1.07867e-01 1.39115e-01 |
   3551 | 4.25800e+01 1.19911e-02 | 1.25331e-02 1.07867e-01 1.39115e-01 |
   3552 | 4.25920e+01 1.19911e-02 | 1.25331e-02 1.07867e-01 1.39115e-01 |
   3553 | 4.26040e+01 1.19911e-02 | 1.25331e-02 1.07867e-01 1.39115e-01 |
   3554 | 4.26159e+01 1.19911e-02 | 1.25331e-02 1.07867e-01 1.39115e-01 |
   3555 | 4.26279e+01 1.19911e-02 | 1.25331e-02 1.07867e-01 1.39115e-01 |
   3556 | 4.26399e+01 1.19911e-02 | 1.25331e-02 1.07867e-01 1.39115e-01 |
   3557 | 4.26519e+01 1.19911e-02 | 1.25331e-02 1.07867e-01 1.39115e-01 |
   3558 | 4.26639e+01 1.19911e-02 | 1.25331e-02 1.07867e-01 1.39115e-01 |
   3559 | 4.26759e+01 1.19911e-02 | 1.25331e-02 1.07867e-01 1.39115e-01 |
   3560 | 4.26879e+01 1.19911e-02 | 1.25331e-02 1.07867e-01 1.39115e-01 |
   3561 | 4.26999e+01 1.19911e-02 | 1.25331e-02 1.07867e-01 1.39115e-01 |
   3562 | 4.27119e+01 1.19911e-02 | 1.25331e-02 1.07867e-01 1.39115e-01 |
   3563 | 4.27239e+01 1.19911e-02 | 1.25331e-02 1.07867e-01 1.39115e-01 |
   3564 | 4.27359e+01 1.19911e-02 | 1.25331e-02 1.07867e-01 1.39115e-01 |
   3565 | 4.27478e+01 1.19911e-02 | 1.25331e-02 1.07867e-01 1.39115e-01 |
   3566 | 4.27598e+01 1.19911e-02 | 1.25331e-02 1.07867e-01 1.39115e-01 |
   3567 | 4.27718e+01 1.19911e-02 | 1.25331e-02 1.07867e-01 1.39115e-01 |
   3568 | 4.27838e+01 1.19911e-02 | 1.25331e-02 1.07867e-01 1.39115e-01 |
   3569 | 4.27958e+01 1.19910e-02 | 1.25331e-02 1.07867e-01 1.39115e-01 |
   3570 | 4.28078e+01 1.19910e-02 | 1.25331e-02 1.07867e-01 1.39115e-01 |
   3571 | 4.28198e+01 1.19910e-02 | 1.25331e-02 1.07867e-01 1.39115e-01 |
   3572 | 4.28318e+01 1.19910e-02 | 1.25331e-02 1.07867e-01 1.39115e-01 |
   3573 | 4.28438e+01 1.19910e-02 | 1.25331e-02 1.07867e-01 1.39115e-01 |
   3574 | 4.28558e+01 1.19909e-02 | 1.25331e-02 1.07867e-01 1.39115e-01 |
   3575 | 4.28678e+01 1.19909e-02 | 1.25331e-02 1.07867e-01 1.39115e-01 |
   3576 | 4.28797e+01 1.19909e-02 | 1.25331e-02 1.07867e-01 1.39115e-01 |
   3577 | 4.28917e+01 1.19909e-02 | 1.25331e-02 1.07867e-01 1.39115e-01 |
   3578 | 4.29037e+01 1.19909e-02 | 1.25331e-02 1.07867e-01 1.39115e-01 |
   3579 | 4.29157e+01 1.19909e-02 | 1.25331e-02 1.07867e-01 1.39115e-01 |
   3580 | 4.29277e+01 1.19909e-02 | 1.25331e-02 1.07867e-01 1.39115e-01 |
   3581 | 4.29397e+01 1.19909e-02 | 1.25331e-02 1.07867e-01 1.39115e-01 |
   3582 | 4.29517e+01 1.19909e-02 | 1.25331e-02 1.07867e-01 1.39115e-01 |
   3583 | 4.29637e+01 1.19909e-02 | 1.25331e-02 1.07867e-01 1.39115e-01 |
   3584 | 4.29757e+01 1.19909e-02 | 1.25331e-02 1.07867e-01 1.39115e-01 |
   3585 | 4.29877e+01 1.19909e-02 | 1.25331e-02 1.07867e-01 1.39115e-01 |
   3586 | 4.29997e+01 1.19909e-02 | 1.25331e-02 1.07867e-01 1.39115e-01 |
   3587 | 4.30116e+01 1.19909e-02 | 1.25331e-02 1.07867e-01 1.39115e-01 |
   3588 | 4.30236e+01 1.19909e-02 | 1.25331e-02 1.07867e-01 1.39115e-01 |
   3589 | 4.30356e+01 1.19909e-02 | 1.25331e-02 1.07867e-01 1.39115e-01 |
   3590 | 4.30476e+01 1.19909e-02 | 1.25331e-02 1.07867e-01 1.39115e-01 |
   3591 | 4.30596e+01 1.19909e-02 | 1.25331e-02 1.07867e-01 1.39115e-01 |
   3592 | 4.30716e+01 1.19909e-02 | 1.25331e-02 1.07867e-01 1.39115e-01 |
   3593 | 4.30836e+01 1.19909e-02 | 1.25331e-02 1.07867e-01 1.39115e-01 |
   3594 | 4.30956e+01 1.19909e-02 | 1.25331e-02 1.07867e-01 1.39115e-01 |
   3595 | 4.31076e+01 1.19909e-02 | 1.25331e-02 1.07867e-01 1.39115e-01 |
   3596 | 4.31196e+01 1.19909e-02 | 1.25331e-02 1.07867e-01 1.39115e-01 |
   3597 | 4.31316e+01 1.19909e-02 | 1.25331e-02 1.07867e-01 1.39115e-01 |
   3598 | 4.31435e+01 1.19910e-02 | 1.25331e-02 1.07867e-01 1.39115e-01 |
   3599 | 4.31555e+01 1.19910e-02 | 1.25331e-02 1.07867e-01 1.39115e-01 |
   3600 | 4.31675e+01 1.19910e-02 | 1.25331e-02 1.07867e-01 1.39115e-01 |
   3601 | 4.31795e+01 1.19910e-02 | 1.25331e-02 1.07867e-01 1.39115e-01 |
   3602 | 4.31915e+01 1.19910e-02 | 1.25331e-02 1.07867e-01 1.39115e-01 |
   3603 | 4.32035e+01 1.19911e-02 | 1.25331e-02 1.07867e-01 1.39115e-01 |
   3604 | 4.32155e+01 1.19911e-02 | 1.25331e-02 1.07867e-01 1.39115e-01 |
   3605 | 4.32275e+01 1.19911e-02 | 1.25331e-02 1.07867e-01 1.39115e-01 |
   3606 | 4.32395e+01 1.19911e-02 | 1.25331e-02 1.07867e-01 1.39115e-01 |
   3607 | 4.32515e+01 1.19910e-02 | 1.25331e-02 1.07867e-01 1.39115e-01 |
   3608 | 4.32635e+01 1.19910e-02 | 1.25331e-02 1.07867e-01 1.39115e-01 |
   3609 | 4.32754e+01 1.19910e-02 | 1.25331e-02 1.07867e-01 1.39115e-01 |
   3610 | 4.32874e+01 1.19910e-02 | 1.25331e-02 1.07867e-01 1.39115e-01 |
   3611 | 4.32994e+01 1.19910e-02 | 1.25331e-02 1.07867e-01 1.39115e-01 |
   3612 | 4.33114e+01 1.19910e-02 | 1.25331e-02 1.07867e-01 1.39115e-01 |
   3613 | 4.33234e+01 1.19909e-02 | 1.25331e-02 1.07867e-01 1.39115e-01 |
   3614 | 4.33354e+01 1.19909e-02 | 1.25331e-02 1.07867e-01 1.39115e-01 |
   3615 | 4.33474e+01 1.19909e-02 | 1.25331e-02 1.07867e-01 1.39115e-01 |
   3616 | 4.33594e+01 1.19909e-02 | 1.25331e-02 1.07867e-01 1.39115e-01 |
   3617 | 4.33714e+01 1.19909e-02 | 1.25331e-02 1.07867e-01 1.39115e-01 |
   3618 | 4.33834e+01 1.19909e-02 | 1.25331e-02 1.07867e-01 1.39115e-01 |
   3619 | 4.33954e+01 1.19909e-02 | 1.25331e-02 1.07867e-01 1.39115e-01 |
   3620 | 4.34073e+01 1.19909e-02 | 1.25331e-02 1.07867e-01 1.39115e-01 |
   3621 | 4.34193e+01 1.19909e-02 | 1.25331e-02 1.07867e-01 1.39115e-01 |
   3622 | 4.34313e+01 1.19909e-02 | 1.25331e-02 1.07867e-01 1.39115e-01 |
   3623 | 4.34433e+01 1.19909e-02 | 1.25331e-02 1.07867e-01 1.39115e-01 |
   3624 | 4.34553e+01 1.19909e-02 | 1.25331e-02 1.07867e-01 1.39115e-01 |
   3625 | 4.34673e+01 1.19909e-02 | 1.25331e-02 1.07867e-01 1.39115e-01 |
   3626 | 4.34793e+01 1.19909e-02 | 1.25331e-02 1.07867e-01 1.39115e-01 |
   3627 | 4.34913e+01 1.19909e-02 | 1.25331e-02 1.07867e-01 1.39115e-01 |
   3628 | 4.35033e+01 1.19909e-02 | 1.25331e-02 1.07867e-01 1.39115e-01 |
   3629 | 4.35153e+01 1.19909e-02 | 1.25331e-02 1.07867e-01 1.39115e-01 |
   3630 | 4.35273e+01 1.19909e-02 | 1.25331e-02 1.07867e-01 1.39115e-01 |
   3631 | 4.35392e+01 1.19909e-02 | 1.25331e-02 1.07867e-01 1.39115e-01 |
   3632 | 4.35512e+01 1.19909e-02 | 1.25331e-02 1.07867e-01 1.39115e-01 |
   3633 | 4.35632e+01 1.19909e-02 | 1.25331e-02 1.07867e-01 1.39115e-01 |
   3634 | 4.35752e+01 1.19910e-02 | 1.25331e-02 1.07867e-01 1.39115e-01 |
   3635 | 4.35872e+01 1.19910e-02 | 1.25331e-02 1.07867e-01 1.39115e-01 |
   3636 | 4.35992e+01 1.19910e-02 | 1.25331e-02 1.07867e-01 1.39115e-01 |
   3637 | 4.36112e+01 1.19910e-02 | 1.25331e-02 1.07867e-01 1.39115e-01 |
   3638 | 4.36232e+01 1.19910e-02 | 1.25331e-02 1.07867e-01 1.39115e-01 |
   3639 | 4.36352e+01 1.19910e-02 | 1.25331e-02 1.07867e-01 1.39115e-01 |
   3640 | 4.36472e+01 1.19911e-02 | 1.25331e-02 1.07867e-01 1.39115e-01 |
   3641 | 4.36592e+01 1.19911e-02 | 1.25331e-02 1.07867e-01 1.39115e-01 |
   3642 | 4.36711e+01 1.19911e-02 | 1.25331e-02 1.07867e-01 1.39115e-01 |
   3643 | 4.36831e+01 1.19911e-02 | 1.25331e-02 1.07867e-01 1.39115e-01 |
   3644 | 4.36951e+01 1.19911e-02 | 1.25331e-02 1.07867e-01 1.39115e-01 |
   3645 | 4.37071e+01 1.19911e-02 | 1.25331e-02 1.07867e-01 1.39115e-01 |
   3646 | 4.37191e+01 1.19910e-02 | 1.25331e-02 1.07867e-01 1.39115e-01 |
   3647 | 4.37311e+01 1.19910e-02 | 1.25331e-02 1.07867e-01 1.39115e-01 |
   3648 | 4.37431e+01 1.19910e-02 | 1.25331e-02 1.07867e-01 1.39115e-01 |
   3649 | 4.37551e+01 1.19910e-02 | 1.25331e-02 1.07867e-01 1.39115e-01 |
   3650 | 4.37671e+01 1.19910e-02 | 1.25331e-02 1.07867e-01 1.39115e-01 |
   3651 | 4.37791e+01 1.19910e-02 | 1.25331e-02 1.07867e-01 1.39115e-01 |
   3652 | 4.37911e+01 1.19909e-02 | 1.25331e-02 1.07867e-01 1.39115e-01 |
   3653 | 4.38031e+01 1.19909e-02 | 1.25331e-02 1.07867e-01 1.39115e-01 |
   3654 | 4.38150e+01 1.19909e-02 | 1.25331e-02 1.07867e-01 1.39115e-01 |
   3655 | 4.38270e+01 1.19909e-02 | 1.25331e-02 1.07867e-01 1.39115e-01 |
   3656 | 4.38390e+01 1.19909e-02 | 1.25331e-02 1.07867e-01 1.39115e-01 |
   3657 | 4.38510e+01 1.19909e-02 | 1.25331e-02 1.07867e-01 1.39115e-01 |
   3658 | 4.38630e+01 1.19909e-02 | 1.25331e-02 1.07867e-01 1.39115e-01 |
   3659 | 4.38750e+01 1.19909e-02 | 1.25331e-02 1.07867e-01 1.39115e-01 |
   3660 | 4.38870e+01 1.19909e-02 | 1.25331e-02 1.07867e-01 1.39115e-01 |
   3661 | 4.38990e+01 1.19909e-02 | 1.25331e-02 1.07867e-01 1.39115e-01 |
   3662 | 4.39110e+01 1.19909e-02 | 1.25331e-02 1.07867e-01 1.39115e-01 |
   3663 | 4.39230e+01 1.19909e-02 | 1.25331e-02 1.07867e-01 1.39115e-01 |
   3664 | 4.39350e+01 1.19909e-02 | 1.25331e-02 1.07867e-01 1.39115e-01 |
   3665 | 4.39469e+01 1.19909e-02 | 1.25331e-02 1.07867e-01 1.39115e-01 |
   3666 | 4.39589e+01 1.19909e-02 | 1.25331e-02 1.07867e-01 1.39115e-01 |
   3667 | 4.39709e+01 1.19909e-02 | 1.25331e-02 1.07867e-01 1.39115e-01 |
   3668 | 4.39829e+01 1.19909e-02 | 1.25331e-02 1.07867e-01 1.39115e-01 |
   3669 | 4.39949e+01 1.19909e-02 | 1.25331e-02 1.07867e-01 1.39115e-01 |
   3670 | 4.40069e+01 1.19910e-02 | 1.25331e-02 1.07867e-01 1.39115e-01 |
   3671 | 4.40189e+01 1.19910e-02 | 1.25331e-02 1.07867e-01 1.39115e-01 |
   3672 | 4.40309e+01 1.19910e-02 | 1.25331e-02 1.07867e-01 1.39115e-01 |
   3673 | 4.40429e+01 1.19910e-02 | 1.25331e-02 1.07867e-01 1.39115e-01 |
   3674 | 4.40549e+01 1.19910e-02 | 1.25331e-02 1.07867e-01 1.39115e-01 |
   3675 | 4.40669e+01 1.19910e-02 | 1.25331e-02 1.07867e-01 1.39115e-01 |
   3676 | 4.40788e+01 1.19911e-02 | 1.25331e-02 1.07867e-01 1.39115e-01 |
   3677 | 4.40908e+01 1.19911e-02 | 1.25331e-02 1.07867e-01 1.39115e-01 |
   3678 | 4.41028e+01 1.19911e-02 | 1.25331e-02 1.07867e-01 1.39115e-01 |
   3679 | 4.41148e+01 1.19911e-02 | 1.25331e-02 1.07867e-01 1.39115e-01 |
   3680 | 4.41268e+01 1.19912e-02 | 1.25331e-02 1.07867e-01 1.39115e-01 |
   3681 | 4.41388e+01 1.19912e-02 | 1.25331e-02 1.07867e-01 1.39115e-01 |
   3682 | 4.41508e+01 1.19912e-02 | 1.25331e-02 1.07867e-01 1.39115e-01 |
   3683 | 4.41628e+01 1.19911e-02 | 1.25331e-02 1.07867e-01 1.39115e-01 |
   3684 | 4.41748e+01 1.19911e-02 | 1.25331e-02 1.07867e-01 1.39115e-01 |
   3685 | 4.41868e+01 1.19911e-02 | 1.25331e-02 1.07867e-01 1.39115e-01 |
   3686 | 4.41988e+01 1.19911e-02 | 1.25331e-02 1.07867e-01 1.39115e-01 |
   3687 | 4.42107e+01 1.19910e-02 | 1.25331e-02 1.07867e-01 1.39115e-01 |
   3688 | 4.42227e+01 1.19910e-02 | 1.25331e-02 1.07867e-01 1.39115e-01 |
   3689 | 4.42347e+01 1.19910e-02 | 1.25331e-02 1.07867e-01 1.39115e-01 |
   3690 | 4.42467e+01 1.19910e-02 | 1.25331e-02 1.07867e-01 1.39115e-01 |
   3691 | 4.42587e+01 1.19910e-02 | 1.25331e-02 1.07867e-01 1.39115e-01 |
   3692 | 4.42707e+01 1.19909e-02 | 1.25331e-02 1.07867e-01 1.39115e-01 |
   3693 | 4.42827e+01 1.19909e-02 | 1.25331e-02 1.07867e-01 1.39115e-01 |
   3694 | 4.42947e+01 1.19909e-02 | 1.25331e-02 1.07867e-01 1.39115e-01 |
   3695 | 4.43067e+01 1.19909e-02 | 1.25331e-02 1.07867e-01 1.39115e-01 |
   3696 | 4.43187e+01 1.19909e-02 | 1.25331e-02 1.07867e-01 1.39115e-01 |
   3697 | 4.43307e+01 1.19909e-02 | 1.25331e-02 1.07867e-01 1.39115e-01 |
   3698 | 4.43426e+01 1.19909e-02 | 1.25331e-02 1.07867e-01 1.39115e-01 |
   3699 | 4.43546e+01 1.19909e-02 | 1.25331e-02 1.07867e-01 1.39115e-01 |
   3700 | 4.43666e+01 1.19909e-02 | 1.25331e-02 1.07867e-01 1.39115e-01 |
   3701 | 4.43786e+01 1.19909e-02 | 1.25331e-02 1.07867e-01 1.39115e-01 |
   3702 | 4.43906e+01 1.19908e-02 | 1.25331e-02 1.07867e-01 1.39115e-01 |
   3703 | 4.44026e+01 1.19908e-02 | 1.25331e-02 1.07867e-01 1.39115e-01 |
   3704 | 4.44146e+01 1.19908e-02 | 1.25331e-02 1.07867e-01 1.39115e-01 |
   3705 | 4.44266e+01 1.19908e-02 | 1.25331e-02 1.07867e-01 1.39115e-01 |
   3706 | 4.44386e+01 1.19909e-02 | 1.25331e-02 1.07867e-01 1.39115e-01 |
   3707 | 4.44506e+01 1.19909e-02 | 1.25331e-02 1.07867e-01 1.39115e-01 |
   3708 | 4.44626e+01 1.19909e-02 | 1.25331e-02 1.07867e-01 1.39115e-01 |
   3709 | 4.44745e+01 1.19909e-02 | 1.25331e-02 1.07867e-01 1.39115e-01 |
   3710 | 4.44865e+01 1.19909e-02 | 1.25331e-02 1.07867e-01 1.39115e-01 |
   3711 | 4.44985e+01 1.19909e-02 | 1.25331e-02 1.07867e-01 1.39115e-01 |
   3712 | 4.45105e+01 1.19909e-02 | 1.25331e-02 1.07867e-01 1.39115e-01 |
   3713 | 4.45225e+01 1.19909e-02 | 1.25331e-02 1.07867e-01 1.39115e-01 |
   3714 | 4.45345e+01 1.19909e-02 | 1.25331e-02 1.07867e-01 1.39115e-01 |
   3715 | 4.45465e+01 1.19909e-02 | 1.25331e-02 1.07867e-01 1.39115e-01 |
   3716 | 4.45585e+01 1.19909e-02 | 1.25331e-02 1.07867e-01 1.39115e-01 |
   3717 | 4.45705e+01 1.19910e-02 | 1.25331e-02 1.07867e-01 1.39115e-01 |
   3718 | 4.45825e+01 1.19910e-02 | 1.25331e-02 1.07867e-01 1.39115e-01 |
   3719 | 4.45945e+01 1.19910e-02 | 1.25331e-02 1.07867e-01 1.39115e-01 |
   3720 | 4.46064e+01 1.19910e-02 | 1.25331e-02 1.07867e-01 1.39115e-01 |
   3721 | 4.46184e+01 1.19910e-02 | 1.25331e-02 1.07867e-01 1.39115e-01 |
   3722 | 4.46304e+01 1.19911e-02 | 1.25331e-02 1.07867e-01 1.39115e-01 |
   3723 | 4.46424e+01 1.19911e-02 | 1.25331e-02 1.07867e-01 1.39115e-01 |
   3724 | 4.46544e+01 1.19910e-02 | 1.25331e-02 1.07867e-01 1.39115e-01 |
   3725 | 4.46664e+01 1.19910e-02 | 1.25331e-02 1.07867e-01 1.39115e-01 |
   3726 | 4.46784e+01 1.19910e-02 | 1.25331e-02 1.07867e-01 1.39115e-01 |
   3727 | 4.46904e+01 1.19910e-02 | 1.25331e-02 1.07867e-01 1.39115e-01 |
   3728 | 4.47024e+01 1.19910e-02 | 1.25331e-02 1.07867e-01 1.39115e-01 |
   3729 | 4.47144e+01 1.19909e-02 | 1.25331e-02 1.07867e-01 1.39115e-01 |
   3730 | 4.47264e+01 1.19909e-02 | 1.25331e-02 1.07867e-01 1.39115e-01 |
   3731 | 4.47383e+01 1.19909e-02 | 1.25331e-02 1.07867e-01 1.39115e-01 |
   3732 | 4.47503e+01 1.19909e-02 | 1.25331e-02 1.07867e-01 1.39115e-01 |
   3733 | 4.47623e+01 1.19909e-02 | 1.25331e-02 1.07867e-01 1.39115e-01 |
   3734 | 4.47743e+01 1.19909e-02 | 1.25331e-02 1.07867e-01 1.39115e-01 |
   3735 | 4.47863e+01 1.19909e-02 | 1.25331e-02 1.07867e-01 1.39115e-01 |
   3736 | 4.47983e+01 1.19909e-02 | 1.25331e-02 1.07867e-01 1.39115e-01 |
   3737 | 4.48103e+01 1.19909e-02 | 1.25331e-02 1.07867e-01 1.39115e-01 |
   3738 | 4.48223e+01 1.19909e-02 | 1.25331e-02 1.07867e-01 1.39115e-01 |
   3739 | 4.48343e+01 1.19908e-02 | 1.25331e-02 1.07867e-01 1.39115e-01 |
   3740 | 4.48463e+01 1.19908e-02 | 1.25331e-02 1.07867e-01 1.39115e-01 |
   3741 | 4.48583e+01 1.19908e-02 | 1.25331e-02 1.07867e-01 1.39115e-01 |
   3742 | 4.48702e+01 1.19908e-02 | 1.25331e-02 1.07867e-01 1.39115e-01 |
   3743 | 4.48822e+01 1.19908e-02 | 1.25331e-02 1.07867e-01 1.39115e-01 |
   3744 | 4.48942e+01 1.19909e-02 | 1.25331e-02 1.07867e-01 1.39115e-01 |
   3745 | 4.49062e+01 1.19909e-02 | 1.25331e-02 1.07867e-01 1.39115e-01 |
   3746 | 4.49182e+01 1.19909e-02 | 1.25331e-02 1.07867e-01 1.39115e-01 |
   3747 | 4.49302e+01 1.19909e-02 | 1.25331e-02 1.07867e-01 1.39115e-01 |
   3748 | 4.49422e+01 1.19909e-02 | 1.25331e-02 1.07867e-01 1.39115e-01 |
   3749 | 4.49542e+01 1.19909e-02 | 1.25331e-02 1.07867e-01 1.39115e-01 |
   3750 | 4.49662e+01 1.19909e-02 | 1.25331e-02 1.07867e-01 1.39115e-01 |
   3751 | 4.49782e+01 1.19909e-02 | 1.25331e-02 1.07867e-01 1.39115e-01 |
   3752 | 4.49902e+01 1.19909e-02 | 1.25331e-02 1.07867e-01 1.39115e-01 |
   3753 | 4.50021e+01 1.19909e-02 | 1.25331e-02 1.07867e-01 1.39115e-01 |
   3754 | 4.50141e+01 1.19910e-02 | 1.25331e-02 1.07867e-01 1.39115e-01 |
   3755 | 4.50261e+01 1.19910e-02 | 1.25331e-02 1.07867e-01 1.39115e-01 |
   3756 | 4.50381e+01 1.19910e-02 | 1.25331e-02 1.07867e-01 1.39115e-01 |
   3757 | 4.50501e+01 1.19910e-02 | 1.25331e-02 1.07867e-01 1.39115e-01 |
   3758 | 4.50621e+01 1.19910e-02 | 1.25331e-02 1.07867e-01 1.39115e-01 |
   3759 | 4.50741e+01 1.19911e-02 | 1.25331e-02 1.07867e-01 1.39115e-01 |
   3760 | 4.50861e+01 1.19911e-02 | 1.25331e-02 1.07867e-01 1.39115e-01 |
   3761 | 4.50981e+01 1.19910e-02 | 1.25331e-02 1.07867e-01 1.39115e-01 |
   3762 | 4.51101e+01 1.19910e-02 | 1.25331e-02 1.07867e-01 1.39115e-01 |
   3763 | 4.51221e+01 1.19910e-02 | 1.25331e-02 1.07867e-01 1.39115e-01 |
   3764 | 4.51340e+01 1.19910e-02 | 1.25331e-02 1.07867e-01 1.39115e-01 |
   3765 | 4.51460e+01 1.19910e-02 | 1.25331e-02 1.07867e-01 1.39115e-01 |
   3766 | 4.51580e+01 1.19909e-02 | 1.25331e-02 1.07867e-01 1.39115e-01 |
   3767 | 4.51700e+01 1.19909e-02 | 1.25331e-02 1.07867e-01 1.39115e-01 |
   3768 | 4.51820e+01 1.19909e-02 | 1.25331e-02 1.07867e-01 1.39115e-01 |
   3769 | 4.51940e+01 1.19909e-02 | 1.25331e-02 1.07867e-01 1.39115e-01 |
   3770 | 4.52060e+01 1.19909e-02 | 1.25331e-02 1.07867e-01 1.39115e-01 |
   3771 | 4.52180e+01 1.19909e-02 | 1.25331e-02 1.07867e-01 1.39115e-01 |
   3772 | 4.52300e+01 1.19909e-02 | 1.25331e-02 1.07867e-01 1.39115e-01 |
   3773 | 4.52420e+01 1.19909e-02 | 1.25331e-02 1.07867e-01 1.39115e-01 |
   3774 | 4.52540e+01 1.19909e-02 | 1.25331e-02 1.07867e-01 1.39115e-01 |
   3775 | 4.52659e+01 1.19908e-02 | 1.25331e-02 1.07867e-01 1.39115e-01 |
   3776 | 4.52779e+01 1.19908e-02 | 1.25331e-02 1.07867e-01 1.39115e-01 |
   3777 | 4.52899e+01 1.19908e-02 | 1.25331e-02 1.07867e-01 1.39115e-01 |
   3778 | 4.53019e+01 1.19908e-02 | 1.25331e-02 1.07867e-01 1.39115e-01 |
   3779 | 4.53139e+01 1.19908e-02 | 1.25331e-02 1.07867e-01 1.39115e-01 |
   3780 | 4.53259e+01 1.19908e-02 | 1.25331e-02 1.07867e-01 1.39115e-01 |
   3781 | 4.53379e+01 1.19908e-02 | 1.25331e-02 1.07867e-01 1.39115e-01 |
   3782 | 4.53499e+01 1.19908e-02 | 1.25331e-02 1.07867e-01 1.39115e-01 |
   3783 | 4.53619e+01 1.19909e-02 | 1.25331e-02 1.07867e-01 1.39115e-01 |
   3784 | 4.53739e+01 1.19909e-02 | 1.25331e-02 1.07867e-01 1.39115e-01 |
   3785 | 4.53859e+01 1.19909e-02 | 1.25331e-02 1.07867e-01 1.39115e-01 |
   3786 | 4.53978e+01 1.19909e-02 | 1.25331e-02 1.07867e-01 1.39115e-01 |
   3787 | 4.54098e+01 1.19909e-02 | 1.25331e-02 1.07867e-01 1.39115e-01 |
   3788 | 4.54218e+01 1.19909e-02 | 1.25331e-02 1.07867e-01 1.39115e-01 |
   3789 | 4.54338e+01 1.19909e-02 | 1.25331e-02 1.07867e-01 1.39115e-01 |
   3790 | 4.54458e+01 1.19909e-02 | 1.25331e-02 1.07867e-01 1.39115e-01 |
   3791 | 4.54578e+01 1.19909e-02 | 1.25331e-02 1.07867e-01 1.39115e-01 |
   3792 | 4.54698e+01 1.19910e-02 | 1.25331e-02 1.07867e-01 1.39115e-01 |
   3793 | 4.54818e+01 1.19910e-02 | 1.25331e-02 1.07867e-01 1.39115e-01 |
   3794 | 4.54938e+01 1.19910e-02 | 1.25331e-02 1.07867e-01 1.39115e-01 |
   3795 | 4.55058e+01 1.19910e-02 | 1.25331e-02 1.07867e-01 1.39115e-01 |
   3796 | 4.55178e+01 1.19910e-02 | 1.25331e-02 1.07867e-01 1.39115e-01 |
   3797 | 4.55297e+01 1.19911e-02 | 1.25331e-02 1.07867e-01 1.39115e-01 |
   3798 | 4.55417e+01 1.19911e-02 | 1.25331e-02 1.07867e-01 1.39115e-01 |
   3799 | 4.55537e+01 1.19911e-02 | 1.25331e-02 1.07867e-01 1.39115e-01 |
   3800 | 4.55657e+01 1.19911e-02 | 1.25331e-02 1.07867e-01 1.39115e-01 |
   3801 | 4.55777e+01 1.19912e-02 | 1.25331e-02 1.07867e-01 1.39115e-01 |
   3802 | 4.55897e+01 1.19912e-02 | 1.25331e-02 1.07867e-01 1.39115e-01 |
   3803 | 4.56017e+01 1.19912e-02 | 1.25331e-02 1.07867e-01 1.39115e-01 |
   3804 | 4.56137e+01 1.19912e-02 | 1.25331e-02 1.07867e-01 1.39115e-01 |
   3805 | 4.56257e+01 1.19912e-02 | 1.25331e-02 1.07867e-01 1.39115e-01 |
   3806 | 4.56377e+01 1.19911e-02 | 1.25331e-02 1.07867e-01 1.39115e-01 |
   3807 | 4.56497e+01 1.19911e-02 | 1.25331e-02 1.07867e-01 1.39115e-01 |
   3808 | 4.56616e+01 1.19911e-02 | 1.25331e-02 1.07867e-01 1.39115e-01 |
   3809 | 4.56736e+01 1.19911e-02 | 1.25331e-02 1.07867e-01 1.39115e-01 |
   3810 | 4.56856e+01 1.19911e-02 | 1.25331e-02 1.07867e-01 1.39115e-01 |
   3811 | 4.56976e+01 1.19910e-02 | 1.25331e-02 1.07867e-01 1.39115e-01 |
   3812 | 4.57096e+01 1.19910e-02 | 1.25331e-02 1.07867e-01 1.39115e-01 |
   3813 | 4.57216e+01 1.19910e-02 | 1.25331e-02 1.07867e-01 1.39115e-01 |
   3814 | 4.57336e+01 1.19910e-02 | 1.25331e-02 1.07867e-01 1.39115e-01 |
   3815 | 4.57456e+01 1.19910e-02 | 1.25331e-02 1.07867e-01 1.39115e-01 |
   3816 | 4.57576e+01 1.19910e-02 | 1.25331e-02 1.07867e-01 1.39115e-01 |
   3817 | 4.57696e+01 1.19910e-02 | 1.25331e-02 1.07867e-01 1.39115e-01 |
   3818 | 4.57816e+01 1.19910e-02 | 1.25331e-02 1.07867e-01 1.39115e-01 |
   3819 | 4.57935e+01 1.19910e-02 | 1.25331e-02 1.07867e-01 1.39115e-01 |
   3820 | 4.58055e+01 1.19910e-02 | 1.25331e-02 1.07867e-01 1.39115e-01 |
   3821 | 4.58175e+01 1.19910e-02 | 1.25331e-02 1.07867e-01 1.39115e-01 |
   3822 | 4.58295e+01 1.19910e-02 | 1.25331e-02 1.07867e-01 1.39115e-01 |
   3823 | 4.58415e+01 1.19910e-02 | 1.25331e-02 1.07867e-01 1.39115e-01 |
   3824 | 4.58535e+01 1.19910e-02 | 1.25331e-02 1.07867e-01 1.39115e-01 |
   3825 | 4.58655e+01 1.19910e-02 | 1.25331e-02 1.07867e-01 1.39115e-01 |
   3826 | 4.58775e+01 1.19910e-02 | 1.25331e-02 1.07867e-01 1.39115e-01 |
   3827 | 4.58895e+01 1.19910e-02 | 1.25331e-02 1.07867e-01 1.39115e-01 |
   3828 | 4.59015e+01 1.19910e-02 | 1.25331e-02 1.07867e-01 1.39115e-01 |
   3829 | 4.59135e+01 1.19910e-02 | 1.25331e-02 1.07867e-01 1.39115e-01 |
   3830 | 4.59254e+01 1.19910e-02 | 1.25331e-02 1.07867e-01 1.39115e-01 |
   3831 | 4.59374e+01 1.19910e-02 | 1.25331e-02 1.07867e-01 1.39115e-01 |
   3832 | 4.59494e+01 1.19910e-02 | 1.25331e-02 1.07867e-01 1.39115e-01 |
   3833 | 4.59614e+01 1.19910e-02 | 1.25331e-02 1.07867e-01 1.39115e-01 |
   3834 | 4.59734e+01 1.19911e-02 | 1.25331e-02 1.07867e-01 1.39115e-01 |
   3835 | 4.59854e+01 1.19911e-02 | 1.25331e-02 1.07867e-01 1.39115e-01 |
   3836 | 4.59974e+01 1.19911e-02 | 1.25331e-02 1.07867e-01 1.39115e-01 |
   3837 | 4.60094e+01 1.19911e-02 | 1.25331e-02 1.07867e-01 1.39115e-01 |
   3838 | 4.60214e+01 1.19911e-02 | 1.25331e-02 1.07867e-01 1.39115e-01 |
   3839 | 4.60334e+01 1.19912e-02 | 1.25331e-02 1.07867e-01 1.39115e-01 |
   3840 | 4.60454e+01 1.19912e-02 | 1.25331e-02 1.07867e-01 1.39115e-01 |
   3841 | 4.60574e+01 1.19912e-02 | 1.25331e-02 1.07867e-01 1.39115e-01 |
   3842 | 4.60693e+01 1.19911e-02 | 1.25331e-02 1.07867e-01 1.39115e-01 |
   3843 | 4.60813e+01 1.19911e-02 | 1.25331e-02 1.07867e-01 1.39115e-01 |
   3844 | 4.60933e+01 1.19911e-02 | 1.25331e-02 1.07867e-01 1.39115e-01 |
   3845 | 4.61053e+01 1.19911e-02 | 1.25331e-02 1.07867e-01 1.39115e-01 |
   3846 | 4.61173e+01 1.19911e-02 | 1.25331e-02 1.07867e-01 1.39115e-01 |
   3847 | 4.61293e+01 1.19910e-02 | 1.25331e-02 1.07867e-01 1.39115e-01 |
   3848 | 4.61413e+01 1.19910e-02 | 1.25331e-02 1.07867e-01 1.39115e-01 |
   3849 | 4.61533e+01 1.19910e-02 | 1.25331e-02 1.07867e-01 1.39115e-01 |
   3850 | 4.61653e+01 1.19910e-02 | 1.25331e-02 1.07867e-01 1.39115e-01 |
   3851 | 4.61773e+01 1.19910e-02 | 1.25331e-02 1.07867e-01 1.39115e-01 |
   3852 | 4.61893e+01 1.19910e-02 | 1.25331e-02 1.07867e-01 1.39115e-01 |
   3853 | 4.62012e+01 1.19910e-02 | 1.25331e-02 1.07867e-01 1.39115e-01 |
   3854 | 4.62132e+01 1.19910e-02 | 1.25331e-02 1.07867e-01 1.39115e-01 |
   3855 | 4.62252e+01 1.19909e-02 | 1.25331e-02 1.07867e-01 1.39115e-01 |
   3856 | 4.62372e+01 1.19909e-02 | 1.25331e-02 1.07867e-01 1.39115e-01 |
   3857 | 4.62492e+01 1.19909e-02 | 1.25331e-02 1.07867e-01 1.39115e-01 |
   3858 | 4.62612e+01 1.19909e-02 | 1.25331e-02 1.07867e-01 1.39115e-01 |
   3859 | 4.62732e+01 1.19909e-02 | 1.25331e-02 1.07867e-01 1.39115e-01 |
   3860 | 4.62852e+01 1.19909e-02 | 1.25331e-02 1.07867e-01 1.39115e-01 |
   3861 | 4.62972e+01 1.19909e-02 | 1.25331e-02 1.07867e-01 1.39115e-01 |
   3862 | 4.63092e+01 1.19909e-02 | 1.25331e-02 1.07867e-01 1.39115e-01 |
   3863 | 4.63212e+01 1.19909e-02 | 1.25331e-02 1.07867e-01 1.39115e-01 |
   3864 | 4.63331e+01 1.19909e-02 | 1.25331e-02 1.07867e-01 1.39115e-01 |
   3865 | 4.63451e+01 1.19910e-02 | 1.25331e-02 1.07867e-01 1.39115e-01 |
   3866 | 4.63571e+01 1.19910e-02 | 1.25331e-02 1.07867e-01 1.39115e-01 |
   3867 | 4.63691e+01 1.19910e-02 | 1.25331e-02 1.07867e-01 1.39115e-01 |
   3868 | 4.63811e+01 1.19910e-02 | 1.25331e-02 1.07867e-01 1.39115e-01 |
   3869 | 4.63931e+01 1.19910e-02 | 1.25331e-02 1.07867e-01 1.39115e-01 |
   3870 | 4.64051e+01 1.19910e-02 | 1.25331e-02 1.07867e-01 1.39115e-01 |
   3871 | 4.64171e+01 1.19910e-02 | 1.25331e-02 1.07867e-01 1.39115e-01 |
   3872 | 4.64291e+01 1.19910e-02 | 1.25331e-02 1.07867e-01 1.39115e-01 |
   3873 | 4.64411e+01 1.19911e-02 | 1.25331e-02 1.07867e-01 1.39115e-01 |
   3874 | 4.64531e+01 1.19911e-02 | 1.25331e-02 1.07867e-01 1.39115e-01 |
   3875 | 4.64650e+01 1.19910e-02 | 1.25331e-02 1.07867e-01 1.39115e-01 |
   3876 | 4.64770e+01 1.19910e-02 | 1.25331e-02 1.07867e-01 1.39115e-01 |
   3877 | 4.64890e+01 1.19910e-02 | 1.25331e-02 1.07867e-01 1.39115e-01 |
   3878 | 4.65010e+01 1.19910e-02 | 1.25331e-02 1.07867e-01 1.39115e-01 |
   3879 | 4.65130e+01 1.19910e-02 | 1.25331e-02 1.07867e-01 1.39115e-01 |
   3880 | 4.65250e+01 1.19910e-02 | 1.25331e-02 1.07867e-01 1.39115e-01 |
   3881 | 4.65370e+01 1.19910e-02 | 1.25331e-02 1.07867e-01 1.39115e-01 |
   3882 | 4.65490e+01 1.19910e-02 | 1.25331e-02 1.07867e-01 1.39115e-01 |
   3883 | 4.65610e+01 1.19910e-02 | 1.25331e-02 1.07867e-01 1.39115e-01 |
   3884 | 4.65730e+01 1.19909e-02 | 1.25331e-02 1.07867e-01 1.39115e-01 |
   3885 | 4.65850e+01 1.19909e-02 | 1.25331e-02 1.07867e-01 1.39115e-01 |
   3886 | 4.65969e+01 1.19909e-02 | 1.25331e-02 1.07867e-01 1.39115e-01 |
   3887 | 4.66089e+01 1.19909e-02 | 1.25331e-02 1.07867e-01 1.39115e-01 |
   3888 | 4.66209e+01 1.19909e-02 | 1.25331e-02 1.07867e-01 1.39115e-01 |
   3889 | 4.66329e+01 1.19909e-02 | 1.25331e-02 1.07867e-01 1.39115e-01 |
   3890 | 4.66449e+01 1.19909e-02 | 1.25331e-02 1.07867e-01 1.39115e-01 |
   3891 | 4.66569e+01 1.19909e-02 | 1.25331e-02 1.07867e-01 1.39115e-01 |
   3892 | 4.66689e+01 1.19909e-02 | 1.25331e-02 1.07867e-01 1.39115e-01 |
   3893 | 4.66809e+01 1.19909e-02 | 1.25331e-02 1.07867e-01 1.39115e-01 |
   3894 | 4.66929e+01 1.19909e-02 | 1.25331e-02 1.07867e-01 1.39115e-01 |
   3895 | 4.67049e+01 1.19909e-02 | 1.25331e-02 1.07867e-01 1.39115e-01 |
   3896 | 4.67169e+01 1.19909e-02 | 1.25331e-02 1.07867e-01 1.39115e-01 |
   3897 | 4.67288e+01 1.19909e-02 | 1.25331e-02 1.07867e-01 1.39115e-01 |
   3898 | 4.67408e+01 1.19909e-02 | 1.25331e-02 1.07867e-01 1.39115e-01 |
   3899 | 4.67528e+01 1.19909e-02 | 1.25331e-02 1.07867e-01 1.39115e-01 |
   3900 | 4.67648e+01 1.19909e-02 | 1.25331e-02 1.07867e-01 1.39115e-01 |
   3901 | 4.67768e+01 1.19909e-02 | 1.25331e-02 1.07867e-01 1.39115e-01 |
   3902 | 4.67888e+01 1.19909e-02 | 1.25331e-02 1.07867e-01 1.39115e-01 |
   3903 | 4.68008e+01 1.19909e-02 | 1.25331e-02 1.07867e-01 1.39115e-01 |
   3904 | 4.68128e+01 1.19909e-02 | 1.25331e-02 1.07867e-01 1.39115e-01 |
   3905 | 4.68248e+01 1.19909e-02 | 1.25331e-02 1.07867e-01 1.39115e-01 |
   3906 | 4.68368e+01 1.19910e-02 | 1.25331e-02 1.07867e-01 1.39115e-01 |
   3907 | 4.68488e+01 1.19910e-02 | 1.25331e-02 1.07867e-01 1.39115e-01 |
   3908 | 4.68607e+01 1.19910e-02 | 1.25331e-02 1.07867e-01 1.39115e-01 |
   3909 | 4.68727e+01 1.19910e-02 | 1.25331e-02 1.07867e-01 1.39115e-01 |
   3910 | 4.68847e+01 1.19910e-02 | 1.25331e-02 1.07867e-01 1.39115e-01 |
   3911 | 4.68967e+01 1.19910e-02 | 1.25331e-02 1.07867e-01 1.39115e-01 |
   3912 | 4.69087e+01 1.19911e-02 | 1.25331e-02 1.07867e-01 1.39115e-01 |
   3913 | 4.69207e+01 1.19911e-02 | 1.25331e-02 1.07867e-01 1.39115e-01 |
   3914 | 4.69327e+01 1.19911e-02 | 1.25331e-02 1.07867e-01 1.39115e-01 |
   3915 | 4.69447e+01 1.19910e-02 | 1.25331e-02 1.07867e-01 1.39115e-01 |
   3916 | 4.69567e+01 1.19910e-02 | 1.25331e-02 1.07867e-01 1.39115e-01 |
   3917 | 4.69687e+01 1.19910e-02 | 1.25331e-02 1.07867e-01 1.39115e-01 |
   3918 | 4.69807e+01 1.19910e-02 | 1.25331e-02 1.07867e-01 1.39115e-01 |
   3919 | 4.69926e+01 1.19910e-02 | 1.25331e-02 1.07867e-01 1.39115e-01 |
   3920 | 4.70046e+01 1.19910e-02 | 1.25331e-02 1.07867e-01 1.39115e-01 |
   3921 | 4.70166e+01 1.19910e-02 | 1.25331e-02 1.07867e-01 1.39115e-01 |
   3922 | 4.70286e+01 1.19910e-02 | 1.25331e-02 1.07867e-01 1.39115e-01 |
   3923 | 4.70406e+01 1.19910e-02 | 1.25331e-02 1.07867e-01 1.39115e-01 |
   3924 | 4.70526e+01 1.19910e-02 | 1.25331e-02 1.07867e-01 1.39115e-01 |
   3925 | 4.70646e+01 1.19910e-02 | 1.25331e-02 1.07867e-01 1.39115e-01 |
   3926 | 4.70766e+01 1.19910e-02 | 1.25331e-02 1.07867e-01 1.39115e-01 |
   3927 | 4.70886e+01 1.19910e-02 | 1.25331e-02 1.07867e-01 1.39115e-01 |
   3928 | 4.71006e+01 1.19910e-02 | 1.25331e-02 1.07867e-01 1.39115e-01 |
   3929 | 4.71126e+01 1.19910e-02 | 1.25331e-02 1.07867e-01 1.39115e-01 |
   3930 | 4.71245e+01 1.19910e-02 | 1.25331e-02 1.07867e-01 1.39115e-01 |
   3931 | 4.71365e+01 1.19910e-02 | 1.25331e-02 1.07867e-01 1.39115e-01 |
   3932 | 4.71485e+01 1.19910e-02 | 1.25331e-02 1.07867e-01 1.39115e-01 |
   3933 | 4.71605e+01 1.19910e-02 | 1.25331e-02 1.07867e-01 1.39115e-01 |
   3934 | 4.71725e+01 1.19910e-02 | 1.25331e-02 1.07867e-01 1.39115e-01 |
   3935 | 4.71845e+01 1.19910e-02 | 1.25331e-02 1.07867e-01 1.39115e-01 |
   3936 | 4.71965e+01 1.19910e-02 | 1.25331e-02 1.07867e-01 1.39115e-01 |
   3937 | 4.72085e+01 1.19911e-02 | 1.25331e-02 1.07867e-01 1.39115e-01 |
   3938 | 4.72205e+01 1.19911e-02 | 1.25331e-02 1.07867e-01 1.39115e-01 |
   3939 | 4.72325e+01 1.19911e-02 | 1.25331e-02 1.07867e-01 1.39115e-01 |
   3940 | 4.72445e+01 1.19911e-02 | 1.25331e-02 1.07867e-01 1.39115e-01 |
   3941 | 4.72565e+01 1.19911e-02 | 1.25331e-02 1.07867e-01 1.39115e-01 |
   3942 | 4.72684e+01 1.19912e-02 | 1.25331e-02 1.07867e-01 1.39115e-01 |
   3943 | 4.72804e+01 1.19912e-02 | 1.25331e-02 1.07867e-01 1.39115e-01 |
   3944 | 4.72924e+01 1.19912e-02 | 1.25331e-02 1.07867e-01 1.39115e-01 |
   3945 | 4.73044e+01 1.19912e-02 | 1.25331e-02 1.07867e-01 1.39115e-01 |
   3946 | 4.73164e+01 1.19912e-02 | 1.25331e-02 1.07867e-01 1.39115e-01 |
   3947 | 4.73284e+01 1.19912e-02 | 1.25331e-02 1.07867e-01 1.39115e-01 |
   3948 | 4.73404e+01 1.19912e-02 | 1.25331e-02 1.07867e-01 1.39115e-01 |
   3949 | 4.73524e+01 1.19911e-02 | 1.25331e-02 1.07867e-01 1.39115e-01 |
   3950 | 4.73644e+01 1.19911e-02 | 1.25331e-02 1.07867e-01 1.39115e-01 |
   3951 | 4.73764e+01 1.19911e-02 | 1.25331e-02 1.07867e-01 1.39115e-01 |
   3952 | 4.73884e+01 1.19911e-02 | 1.25331e-02 1.07867e-01 1.39115e-01 |
   3953 | 4.74003e+01 1.19911e-02 | 1.25331e-02 1.07867e-01 1.39115e-01 |
   3954 | 4.74123e+01 1.19911e-02 | 1.25331e-02 1.07867e-01 1.39115e-01 |
   3955 | 4.74243e+01 1.19911e-02 | 1.25331e-02 1.07867e-01 1.39115e-01 |
   3956 | 4.74363e+01 1.19910e-02 | 1.25331e-02 1.07867e-01 1.39115e-01 |
   3957 | 4.74483e+01 1.19910e-02 | 1.25331e-02 1.07867e-01 1.39115e-01 |
   3958 | 4.74603e+01 1.19910e-02 | 1.25331e-02 1.07867e-01 1.39115e-01 |
   3959 | 4.74723e+01 1.19910e-02 | 1.25331e-02 1.07867e-01 1.39115e-01 |
   3960 | 4.74843e+01 1.19910e-02 | 1.25331e-02 1.07867e-01 1.39115e-01 |
   3961 | 4.74963e+01 1.19910e-02 | 1.25331e-02 1.07867e-01 1.39115e-01 |
   3962 | 4.75083e+01 1.19910e-02 | 1.25331e-02 1.07867e-01 1.39115e-01 |
   3963 | 4.75203e+01 1.19910e-02 | 1.25331e-02 1.07867e-01 1.39115e-01 |
   3964 | 4.75322e+01 1.19910e-02 | 1.25331e-02 1.07867e-01 1.39115e-01 |
   3965 | 4.75442e+01 1.19910e-02 | 1.25331e-02 1.07867e-01 1.39115e-01 |
   3966 | 4.75562e+01 1.19910e-02 | 1.25331e-02 1.07867e-01 1.39115e-01 |
   3967 | 4.75682e+01 1.19910e-02 | 1.25331e-02 1.07867e-01 1.39115e-01 |
   3968 | 4.75802e+01 1.19910e-02 | 1.25331e-02 1.07867e-01 1.39115e-01 |
   3969 | 4.75922e+01 1.19910e-02 | 1.25331e-02 1.07867e-01 1.39115e-01 |
   3970 | 4.76042e+01 1.19910e-02 | 1.25331e-02 1.07867e-01 1.39115e-01 |
   3971 | 4.76162e+01 1.19911e-02 | 1.25331e-02 1.07867e-01 1.39115e-01 |
   3972 | 4.76282e+01 1.19911e-02 | 1.25331e-02 1.07867e-01 1.39115e-01 |
   3973 | 4.76402e+01 1.19911e-02 | 1.25331e-02 1.07867e-01 1.39115e-01 |
   3974 | 4.76522e+01 1.19911e-02 | 1.25331e-02 1.07867e-01 1.39115e-01 |
   3975 | 4.76641e+01 1.19911e-02 | 1.25331e-02 1.07867e-01 1.39115e-01 |
   3976 | 4.76761e+01 1.19911e-02 | 1.25331e-02 1.07867e-01 1.39115e-01 |
   3977 | 4.76881e+01 1.19911e-02 | 1.25331e-02 1.07867e-01 1.39115e-01 |
   3978 | 4.77001e+01 1.19911e-02 | 1.25331e-02 1.07867e-01 1.39115e-01 |
   3979 | 4.77121e+01 1.19911e-02 | 1.25331e-02 1.07867e-01 1.39115e-01 |
   3980 | 4.77241e+01 1.19911e-02 | 1.25331e-02 1.07867e-01 1.39115e-01 |
   3981 | 4.77361e+01 1.19911e-02 | 1.25331e-02 1.07867e-01 1.39115e-01 |
   3982 | 4.77481e+01 1.19912e-02 | 1.25331e-02 1.07867e-01 1.39115e-01 |
   3983 | 4.77601e+01 1.19912e-02 | 1.25331e-02 1.07867e-01 1.39115e-01 |
   3984 | 4.77721e+01 1.19912e-02 | 1.25331e-02 1.07867e-01 1.39115e-01 |
   3985 | 4.77841e+01 1.19911e-02 | 1.25331e-02 1.07867e-01 1.39115e-01 |
   3986 | 4.77960e+01 1.19911e-02 | 1.25331e-02 1.07867e-01 1.39115e-01 |
   3987 | 4.78080e+01 1.19911e-02 | 1.25331e-02 1.07867e-01 1.39115e-01 |
   3988 | 4.78200e+01 1.19911e-02 | 1.25331e-02 1.07867e-01 1.39115e-01 |
   3989 | 4.78320e+01 1.19910e-02 | 1.25331e-02 1.07867e-01 1.39115e-01 |
   3990 | 4.78440e+01 1.19910e-02 | 1.25331e-02 1.07867e-01 1.39115e-01 |
   3991 | 4.78560e+01 1.19910e-02 | 1.25331e-02 1.07867e-01 1.39115e-01 |
   3992 | 4.78680e+01 1.19910e-02 | 1.25331e-02 1.07867e-01 1.39115e-01 |
   3993 | 4.78800e+01 1.19910e-02 | 1.25331e-02 1.07867e-01 1.39115e-01 |
   3994 | 4.78920e+01 1.19909e-02 | 1.25331e-02 1.07867e-01 1.39115e-01 |
   3995 | 4.79040e+01 1.19909e-02 | 1.25331e-02 1.07867e-01 1.39115e-01 |
   3996 | 4.79160e+01 1.19909e-02 | 1.25331e-02 1.07867e-01 1.39115e-01 |
   3997 | 4.79280e+01 1.19909e-02 | 1.25331e-02 1.07867e-01 1.39115e-01 |
   3998 | 4.79399e+01 1.19909e-02 | 1.25331e-02 1.07867e-01 1.39115e-01 |
   3999 | 4.79519e+01 1.19909e-02 | 1.25331e-02 1.07867e-01 1.39115e-01 |
   4000 | 4.79639e+01 1.19909e-02 | 1.25331e-02 1.07867e-01 1.39115e-01 |
   4001 | 4.79759e+01 1.19909e-02 | 1.25331e-02 1.07867e-01 1.39115e-01 |
   4002 | 4.79879e+01 1.19909e-02 | 1.25331e-02 1.07867e-01 1.39115e-01 |
   4003 | 4.79999e+01 1.19908e-02 | 1.25331e-02 1.07867e-01 1.39115e-01 |
   4004 | 4.80119e+01 1.19908e-02 | 1.25331e-02 1.07867e-01 1.39115e-01 |
   4005 | 4.80239e+01 1.19908e-02 | 1.25331e-02 1.07867e-01 1.39115e-01 |
   4006 | 4.80359e+01 1.19908e-02 | 1.25331e-02 1.07867e-01 1.39115e-01 |
   4007 | 4.80479e+01 1.19908e-02 | 1.25331e-02 1.07867e-01 1.39115e-01 |
   4008 | 4.80598e+01 1.19908e-02 | 1.25331e-02 1.07867e-01 1.39115e-01 |
   4009 | 4.80718e+01 1.19908e-02 | 1.25331e-02 1.07867e-01 1.39115e-01 |
   4010 | 4.80838e+01 1.19908e-02 | 1.25331e-02 1.07867e-01 1.39115e-01 |
   4011 | 4.80958e+01 1.19909e-02 | 1.25331e-02 1.07867e-01 1.39115e-01 |
   4012 | 4.81078e+01 1.19909e-02 | 1.25331e-02 1.07867e-01 1.39115e-01 |
   4013 | 4.81198e+01 1.19909e-02 | 1.25331e-02 1.07867e-01 1.39115e-01 |
   4014 | 4.81318e+01 1.19909e-02 | 1.25331e-02 1.07867e-01 1.39115e-01 |
   4015 | 4.81438e+01 1.19909e-02 | 1.25331e-02 1.07867e-01 1.39115e-01 |
   4016 | 4.81558e+01 1.19909e-02 | 1.25331e-02 1.07867e-01 1.39115e-01 |
   4017 | 4.81678e+01 1.19909e-02 | 1.25331e-02 1.07867e-01 1.39115e-01 |
   4018 | 4.81798e+01 1.19909e-02 | 1.25331e-02 1.07867e-01 1.39115e-01 |
   4019 | 4.81917e+01 1.19909e-02 | 1.25331e-02 1.07867e-01 1.39115e-01 |
   4020 | 4.82037e+01 1.19910e-02 | 1.25331e-02 1.07867e-01 1.39115e-01 |
   4021 | 4.82157e+01 1.19910e-02 | 1.25331e-02 1.07867e-01 1.39115e-01 |
   4022 | 4.82277e+01 1.19910e-02 | 1.25331e-02 1.07867e-01 1.39115e-01 |
   4023 | 4.82397e+01 1.19910e-02 | 1.25331e-02 1.07867e-01 1.39115e-01 |
   4024 | 4.82517e+01 1.19910e-02 | 1.25331e-02 1.07867e-01 1.39115e-01 |
   4025 | 4.82637e+01 1.19911e-02 | 1.25331e-02 1.07867e-01 1.39115e-01 |
   4026 | 4.82757e+01 1.19911e-02 | 1.25331e-02 1.07867e-01 1.39115e-01 |
   4027 | 4.82877e+01 1.19910e-02 | 1.25331e-02 1.07867e-01 1.39115e-01 |
   4028 | 4.82997e+01 1.19910e-02 | 1.25331e-02 1.07867e-01 1.39115e-01 |
   4029 | 4.83117e+01 1.19910e-02 | 1.25331e-02 1.07867e-01 1.39115e-01 |
   4030 | 4.83237e+01 1.19910e-02 | 1.25331e-02 1.07867e-01 1.39115e-01 |
   4031 | 4.83356e+01 1.19910e-02 | 1.25331e-02 1.07867e-01 1.39115e-01 |
   4032 | 4.83476e+01 1.19909e-02 | 1.25331e-02 1.07867e-01 1.39115e-01 |
   4033 | 4.83596e+01 1.19909e-02 | 1.25331e-02 1.07867e-01 1.39115e-01 |
   4034 | 4.83716e+01 1.19909e-02 | 1.25331e-02 1.07867e-01 1.39115e-01 |
   4035 | 4.83836e+01 1.19909e-02 | 1.25331e-02 1.07867e-01 1.39115e-01 |
   4036 | 4.83956e+01 1.19909e-02 | 1.25331e-02 1.07867e-01 1.39115e-01 |
   4037 | 4.84076e+01 1.19909e-02 | 1.25331e-02 1.07867e-01 1.39115e-01 |
   4038 | 4.84196e+01 1.19909e-02 | 1.25331e-02 1.07867e-01 1.39115e-01 |
   4039 | 4.84316e+01 1.19909e-02 | 1.25331e-02 1.07867e-01 1.39115e-01 |
   4040 | 4.84436e+01 1.19909e-02 | 1.25331e-02 1.07867e-01 1.39115e-01 |
   4041 | 4.84556e+01 1.19909e-02 | 1.25331e-02 1.07867e-01 1.39115e-01 |
   4042 | 4.84675e+01 1.19909e-02 | 1.25331e-02 1.07867e-01 1.39115e-01 |
   4043 | 4.84795e+01 1.19909e-02 | 1.25331e-02 1.07867e-01 1.39115e-01 |
   4044 | 4.84915e+01 1.19909e-02 | 1.25331e-02 1.07867e-01 1.39115e-01 |
   4045 | 4.85035e+01 1.19909e-02 | 1.25331e-02 1.07867e-01 1.39115e-01 |
   4046 | 4.85155e+01 1.19909e-02 | 1.25331e-02 1.07867e-01 1.39115e-01 |
   4047 | 4.85275e+01 1.19909e-02 | 1.25331e-02 1.07867e-01 1.39115e-01 |
   4048 | 4.85395e+01 1.19909e-02 | 1.25331e-02 1.07867e-01 1.39115e-01 |
   4049 | 4.85515e+01 1.19909e-02 | 1.25331e-02 1.07867e-01 1.39115e-01 |
   4050 | 4.85635e+01 1.19909e-02 | 1.25331e-02 1.07867e-01 1.39115e-01 |
   4051 | 4.85755e+01 1.19909e-02 | 1.25331e-02 1.07867e-01 1.39115e-01 |
   4052 | 4.85875e+01 1.19909e-02 | 1.25331e-02 1.07867e-01 1.39115e-01 |
   4053 | 4.85994e+01 1.19909e-02 | 1.25331e-02 1.07867e-01 1.39115e-01 |
   4054 | 4.86114e+01 1.19909e-02 | 1.25331e-02 1.07867e-01 1.39115e-01 |
   4055 | 4.86234e+01 1.19909e-02 | 1.25331e-02 1.07867e-01 1.39115e-01 |
   4056 | 4.86354e+01 1.19910e-02 | 1.25331e-02 1.07867e-01 1.39115e-01 |
   4057 | 4.86474e+01 1.19910e-02 | 1.25331e-02 1.07867e-01 1.39115e-01 |
   4058 | 4.86594e+01 1.19910e-02 | 1.25331e-02 1.07867e-01 1.39115e-01 |
   4059 | 4.86714e+01 1.19910e-02 | 1.25331e-02 1.07867e-01 1.39115e-01 |
   4060 | 4.86834e+01 1.19910e-02 | 1.25331e-02 1.07867e-01 1.39115e-01 |
   4061 | 4.86954e+01 1.19911e-02 | 1.25331e-02 1.07867e-01 1.39115e-01 |
   4062 | 4.87074e+01 1.19911e-02 | 1.25331e-02 1.07867e-01 1.39115e-01 |
   4063 | 4.87194e+01 1.19911e-02 | 1.25331e-02 1.07867e-01 1.39115e-01 |
   4064 | 4.87313e+01 1.19911e-02 | 1.25331e-02 1.07867e-01 1.39115e-01 |
   4065 | 4.87433e+01 1.19910e-02 | 1.25331e-02 1.07867e-01 1.39115e-01 |
   4066 | 4.87553e+01 1.19910e-02 | 1.25331e-02 1.07867e-01 1.39115e-01 |
   4067 | 4.87673e+01 1.19910e-02 | 1.25331e-02 1.07867e-01 1.39115e-01 |
   4068 | 4.87793e+01 1.19910e-02 | 1.25331e-02 1.07867e-01 1.39115e-01 |
   4069 | 4.87913e+01 1.19910e-02 | 1.25331e-02 1.07867e-01 1.39115e-01 |
   4070 | 4.88033e+01 1.19910e-02 | 1.25331e-02 1.07867e-01 1.39115e-01 |
   4071 | 4.88153e+01 1.19909e-02 | 1.25331e-02 1.07867e-01 1.39115e-01 |
   4072 | 4.88273e+01 1.19909e-02 | 1.25331e-02 1.07867e-01 1.39115e-01 |
   4073 | 4.88393e+01 1.19909e-02 | 1.25331e-02 1.07867e-01 1.39115e-01 |
   4074 | 4.88513e+01 1.19909e-02 | 1.25331e-02 1.07867e-01 1.39115e-01 |
   4075 | 4.88632e+01 1.19909e-02 | 1.25331e-02 1.07867e-01 1.39115e-01 |
   4076 | 4.88752e+01 1.19909e-02 | 1.25331e-02 1.07867e-01 1.39115e-01 |
   4077 | 4.88872e+01 1.19909e-02 | 1.25331e-02 1.07867e-01 1.39115e-01 |
   4078 | 4.88992e+01 1.19909e-02 | 1.25331e-02 1.07867e-01 1.39115e-01 |
   4079 | 4.89112e+01 1.19909e-02 | 1.25331e-02 1.07867e-01 1.39115e-01 |
   4080 | 4.89232e+01 1.19909e-02 | 1.25331e-02 1.07867e-01 1.39115e-01 |
   4081 | 4.89352e+01 1.19909e-02 | 1.25331e-02 1.07867e-01 1.39115e-01 |
   4082 | 4.89472e+01 1.19909e-02 | 1.25331e-02 1.07867e-01 1.39115e-01 |
   4083 | 4.89592e+01 1.19909e-02 | 1.25331e-02 1.07867e-01 1.39115e-01 |
   4084 | 4.89712e+01 1.19909e-02 | 1.25331e-02 1.07867e-01 1.39115e-01 |
   4085 | 4.89832e+01 1.19909e-02 | 1.25331e-02 1.07867e-01 1.39115e-01 |
   4086 | 4.89951e+01 1.19909e-02 | 1.25331e-02 1.07867e-01 1.39115e-01 |
   4087 | 4.90071e+01 1.19909e-02 | 1.25331e-02 1.07867e-01 1.39115e-01 |
   4088 | 4.90191e+01 1.19909e-02 | 1.25331e-02 1.07867e-01 1.39115e-01 |
   4089 | 4.90311e+01 1.19909e-02 | 1.25331e-02 1.07867e-01 1.39115e-01 |
   4090 | 4.90431e+01 1.19909e-02 | 1.25331e-02 1.07867e-01 1.39115e-01 |
   4091 | 4.90551e+01 1.19909e-02 | 1.25331e-02 1.07867e-01 1.39115e-01 |
   4092 | 4.90671e+01 1.19909e-02 | 1.25331e-02 1.07867e-01 1.39115e-01 |
   4093 | 4.90791e+01 1.19910e-02 | 1.25331e-02 1.07867e-01 1.39115e-01 |
   4094 | 4.90911e+01 1.19910e-02 | 1.25331e-02 1.07867e-01 1.39115e-01 |
   4095 | 4.91031e+01 1.19910e-02 | 1.25331e-02 1.07867e-01 1.39115e-01 |
   4096 | 4.91151e+01 1.19910e-02 | 1.25331e-02 1.07867e-01 1.39115e-01 |
   4097 | 4.91270e+01 1.19910e-02 | 1.25331e-02 1.07867e-01 1.39115e-01 |
   4098 | 4.91390e+01 1.19911e-02 | 1.25331e-02 1.07867e-01 1.39115e-01 |
   4099 | 4.91510e+01 1.19911e-02 | 1.25331e-02 1.07867e-01 1.39115e-01 |
   4100 | 4.91630e+01 1.19911e-02 | 1.25331e-02 1.07867e-01 1.39115e-01 |
   4101 | 4.91750e+01 1.19911e-02 | 1.25331e-02 1.07867e-01 1.39115e-01 |
   4102 | 4.91870e+01 1.19912e-02 | 1.25331e-02 1.07867e-01 1.39115e-01 |
   4103 | 4.91990e+01 1.19912e-02 | 1.25331e-02 1.07867e-01 1.39115e-01 |
   4104 | 4.92110e+01 1.19911e-02 | 1.25331e-02 1.07867e-01 1.39115e-01 |
   4105 | 4.92230e+01 1.19911e-02 | 1.25331e-02 1.07867e-01 1.39115e-01 |
   4106 | 4.92350e+01 1.19911e-02 | 1.25331e-02 1.07867e-01 1.39115e-01 |
   4107 | 4.92470e+01 1.19911e-02 | 1.25331e-02 1.07867e-01 1.39115e-01 |
   4108 | 4.92589e+01 1.19910e-02 | 1.25331e-02 1.07867e-01 1.39115e-01 |
   4109 | 4.92709e+01 1.19910e-02 | 1.25331e-02 1.07867e-01 1.39115e-01 |
   4110 | 4.92829e+01 1.19910e-02 | 1.25331e-02 1.07867e-01 1.39115e-01 |
   4111 | 4.92949e+01 1.19910e-02 | 1.25331e-02 1.07867e-01 1.39115e-01 |
   4112 | 4.93069e+01 1.19910e-02 | 1.25331e-02 1.07867e-01 1.39115e-01 |
   4113 | 4.93189e+01 1.19910e-02 | 1.25331e-02 1.07867e-01 1.39115e-01 |
   4114 | 4.93309e+01 1.19909e-02 | 1.25331e-02 1.07867e-01 1.39115e-01 |
   4115 | 4.93429e+01 1.19909e-02 | 1.25331e-02 1.07867e-01 1.39115e-01 |
   4116 | 4.93549e+01 1.19909e-02 | 1.25331e-02 1.07867e-01 1.39115e-01 |
   4117 | 4.93669e+01 1.19909e-02 | 1.25331e-02 1.07867e-01 1.39115e-01 |
   4118 | 4.93789e+01 1.19909e-02 | 1.25331e-02 1.07867e-01 1.39115e-01 |
   4119 | 4.93908e+01 1.19909e-02 | 1.25331e-02 1.07867e-01 1.39115e-01 |
   4120 | 4.94028e+01 1.19909e-02 | 1.25331e-02 1.07867e-01 1.39115e-01 |
   4121 | 4.94148e+01 1.19909e-02 | 1.25331e-02 1.07867e-01 1.39115e-01 |
   4122 | 4.94268e+01 1.19909e-02 | 1.25331e-02 1.07867e-01 1.39115e-01 |
   4123 | 4.94388e+01 1.19909e-02 | 1.25331e-02 1.07867e-01 1.39115e-01 |
   4124 | 4.94508e+01 1.19909e-02 | 1.25331e-02 1.07867e-01 1.39115e-01 |
   4125 | 4.94628e+01 1.19909e-02 | 1.25331e-02 1.07867e-01 1.39115e-01 |
   4126 | 4.94748e+01 1.19909e-02 | 1.25331e-02 1.07867e-01 1.39115e-01 |
   4127 | 4.94868e+01 1.19909e-02 | 1.25331e-02 1.07867e-01 1.39115e-01 |
   4128 | 4.94988e+01 1.19909e-02 | 1.25331e-02 1.07867e-01 1.39115e-01 |
   4129 | 4.95108e+01 1.19909e-02 | 1.25331e-02 1.07867e-01 1.39115e-01 |
   4130 | 4.95227e+01 1.19909e-02 | 1.25331e-02 1.07867e-01 1.39115e-01 |
   4131 | 4.95347e+01 1.19909e-02 | 1.25331e-02 1.07867e-01 1.39115e-01 |
   4132 | 4.95467e+01 1.19909e-02 | 1.25331e-02 1.07867e-01 1.39115e-01 |
   4133 | 4.95587e+01 1.19909e-02 | 1.25331e-02 1.07867e-01 1.39115e-01 |
   4134 | 4.95707e+01 1.19909e-02 | 1.25331e-02 1.07867e-01 1.39115e-01 |
   4135 | 4.95827e+01 1.19909e-02 | 1.25331e-02 1.07867e-01 1.39115e-01 |
   4136 | 4.95947e+01 1.19910e-02 | 1.25331e-02 1.07867e-01 1.39115e-01 |
   4137 | 4.96067e+01 1.19910e-02 | 1.25331e-02 1.07867e-01 1.39115e-01 |
   4138 | 4.96187e+01 1.19910e-02 | 1.25331e-02 1.07867e-01 1.39115e-01 |
   4139 | 4.96307e+01 1.19910e-02 | 1.25331e-02 1.07867e-01 1.39115e-01 |
   4140 | 4.96427e+01 1.19910e-02 | 1.25331e-02 1.07867e-01 1.39115e-01 |
   4141 | 4.96546e+01 1.19910e-02 | 1.25331e-02 1.07867e-01 1.39115e-01 |
   4142 | 4.96666e+01 1.19911e-02 | 1.25331e-02 1.07867e-01 1.39115e-01 |
   4143 | 4.96786e+01 1.19911e-02 | 1.25331e-02 1.07867e-01 1.39115e-01 |
   4144 | 4.96906e+01 1.19911e-02 | 1.25331e-02 1.07867e-01 1.39115e-01 |
   4145 | 4.97026e+01 1.19910e-02 | 1.25331e-02 1.07867e-01 1.39115e-01 |
   4146 | 4.97146e+01 1.19910e-02 | 1.25331e-02 1.07867e-01 1.39115e-01 |
   4147 | 4.97266e+01 1.19910e-02 | 1.25331e-02 1.07867e-01 1.39115e-01 |
   4148 | 4.97386e+01 1.19910e-02 | 1.25331e-02 1.07867e-01 1.39115e-01 |
   4149 | 4.97506e+01 1.19910e-02 | 1.25331e-02 1.07867e-01 1.39115e-01 |
   4150 | 4.97626e+01 1.19910e-02 | 1.25331e-02 1.07867e-01 1.39115e-01 |
   4151 | 4.97746e+01 1.19909e-02 | 1.25331e-02 1.07867e-01 1.39115e-01 |
   4152 | 4.97865e+01 1.19909e-02 | 1.25331e-02 1.07867e-01 1.39115e-01 |
   4153 | 4.97985e+01 1.19909e-02 | 1.25331e-02 1.07867e-01 1.39115e-01 |
   4154 | 4.98105e+01 1.19909e-02 | 1.25331e-02 1.07867e-01 1.39115e-01 |
   4155 | 4.98225e+01 1.19909e-02 | 1.25331e-02 1.07867e-01 1.39115e-01 |
   4156 | 4.98345e+01 1.19909e-02 | 1.25331e-02 1.07867e-01 1.39115e-01 |
   4157 | 4.98465e+01 1.19909e-02 | 1.25331e-02 1.07867e-01 1.39115e-01 |
   4158 | 4.98585e+01 1.19909e-02 | 1.25331e-02 1.07867e-01 1.39115e-01 |
   4159 | 4.98705e+01 1.19909e-02 | 1.25331e-02 1.07867e-01 1.39115e-01 |
   4160 | 4.98825e+01 1.19909e-02 | 1.25331e-02 1.07867e-01 1.39115e-01 |
   4161 | 4.98945e+01 1.19909e-02 | 1.25331e-02 1.07867e-01 1.39115e-01 |
   4162 | 4.99065e+01 1.19909e-02 | 1.25331e-02 1.07867e-01 1.39115e-01 |
   4163 | 4.99184e+01 1.19909e-02 | 1.25331e-02 1.07867e-01 1.39115e-01 |
   4164 | 4.99304e+01 1.19909e-02 | 1.25331e-02 1.07867e-01 1.39115e-01 |
   4165 | 4.99424e+01 1.19909e-02 | 1.25331e-02 1.07867e-01 1.39115e-01 |
   4166 | 4.99544e+01 1.19909e-02 | 1.25331e-02 1.07867e-01 1.39115e-01 |
   4167 | 4.99664e+01 1.19909e-02 | 1.25331e-02 1.07867e-01 1.39115e-01 |
   4168 | 4.99784e+01 1.19909e-02 | 1.25331e-02 1.07867e-01 1.39115e-01 |
   4169 | 4.99904e+01 1.19909e-02 | 1.25331e-02 1.07867e-01 1.39115e-01 |
   4170 | 5.00024e+01 1.19909e-02 | 1.25331e-02 1.07867e-01 1.39115e-01 |
   4171 | 5.00144e+01 1.19909e-02 | 1.25331e-02 1.07867e-01 1.39115e-01 |
   4172 | 5.00264e+01 1.19909e-02 | 1.25331e-02 1.07867e-01 1.39115e-01 |
   4173 | 5.00384e+01 1.19909e-02 | 1.25331e-02 1.07867e-01 1.39115e-01 |
   4174 | 5.00503e+01 1.19910e-02 | 1.25331e-02 1.07867e-01 1.39115e-01 |
   4175 | 5.00623e+01 1.19910e-02 | 1.25331e-02 1.07867e-01 1.39115e-01 |
   4176 | 5.00743e+01 1.19910e-02 | 1.25331e-02 1.07867e-01 1.39115e-01 |
   4177 | 5.00863e+01 1.19910e-02 | 1.25331e-02 1.07867e-01 1.39115e-01 |
   4178 | 5.00983e+01 1.19910e-02 | 1.25331e-02 1.07867e-01 1.39115e-01 |
   4179 | 5.01103e+01 1.19910e-02 | 1.25331e-02 1.07867e-01 1.39115e-01 |
   4180 | 5.01223e+01 1.19911e-02 | 1.25331e-02 1.07867e-01 1.39115e-01 |
   4181 | 5.01343e+01 1.19911e-02 | 1.25331e-02 1.07867e-01 1.39115e-01 |
   4182 | 5.01463e+01 1.19910e-02 | 1.25331e-02 1.07867e-01 1.39115e-01 |
   4183 | 5.01583e+01 1.19910e-02 | 1.25331e-02 1.07867e-01 1.39115e-01 |
   4184 | 5.01703e+01 1.19910e-02 | 1.25331e-02 1.07867e-01 1.39115e-01 |
   4185 | 5.01822e+01 1.19910e-02 | 1.25331e-02 1.07867e-01 1.39115e-01 |
   4186 | 5.01942e+01 1.19910e-02 | 1.25331e-02 1.07867e-01 1.39115e-01 |
   4187 | 5.02062e+01 1.19909e-02 | 1.25331e-02 1.07867e-01 1.39115e-01 |
   4188 | 5.02182e+01 1.19909e-02 | 1.25331e-02 1.07867e-01 1.39115e-01 |
   4189 | 5.02302e+01 1.19909e-02 | 1.25331e-02 1.07867e-01 1.39115e-01 |
   4190 | 5.02422e+01 1.19909e-02 | 1.25331e-02 1.07867e-01 1.39115e-01 |
   4191 | 5.02542e+01 1.19909e-02 | 1.25331e-02 1.07867e-01 1.39115e-01 |
   4192 | 5.02662e+01 1.19909e-02 | 1.25331e-02 1.07867e-01 1.39115e-01 |
   4193 | 5.02782e+01 1.19909e-02 | 1.25331e-02 1.07867e-01 1.39115e-01 |
   4194 | 5.02902e+01 1.19909e-02 | 1.25331e-02 1.07867e-01 1.39115e-01 |
   4195 | 5.03022e+01 1.19909e-02 | 1.25331e-02 1.07867e-01 1.39115e-01 |
   4196 | 5.03141e+01 1.19909e-02 | 1.25331e-02 1.07867e-01 1.39115e-01 |
   4197 | 5.03261e+01 1.19908e-02 | 1.25331e-02 1.07867e-01 1.39115e-01 |
   4198 | 5.03381e+01 1.19908e-02 | 1.25331e-02 1.07867e-01 1.39115e-01 |
   4199 | 5.03501e+01 1.19908e-02 | 1.25331e-02 1.07867e-01 1.39115e-01 |
   4200 | 5.03621e+01 1.19908e-02 | 1.25331e-02 1.07867e-01 1.39115e-01 |
   4201 | 5.03741e+01 1.19908e-02 | 1.25331e-02 1.07867e-01 1.39115e-01 |
   4202 | 5.03861e+01 1.19908e-02 | 1.25331e-02 1.07867e-01 1.39115e-01 |
   4203 | 5.03981e+01 1.19909e-02 | 1.25331e-02 1.07867e-01 1.39115e-01 |
   4204 | 5.04101e+01 1.19909e-02 | 1.25331e-02 1.07867e-01 1.39115e-01 |
   4205 | 5.04221e+01 1.19909e-02 | 1.25331e-02 1.07867e-01 1.39115e-01 |
   4206 | 5.04341e+01 1.19909e-02 | 1.25331e-02 1.07867e-01 1.39115e-01 |
   4207 | 5.04460e+01 1.19909e-02 | 1.25331e-02 1.07867e-01 1.39115e-01 |
   4208 | 5.04580e+01 1.19909e-02 | 1.25331e-02 1.07867e-01 1.39115e-01 |
   4209 | 5.04700e+01 1.19909e-02 | 1.25331e-02 1.07867e-01 1.39115e-01 |
   4210 | 5.04820e+01 1.19909e-02 | 1.25331e-02 1.07867e-01 1.39115e-01 |
   4211 | 5.04940e+01 1.19909e-02 | 1.25331e-02 1.07867e-01 1.39115e-01 |
   4212 | 5.05060e+01 1.19910e-02 | 1.25331e-02 1.07867e-01 1.39115e-01 |
   4213 | 5.05180e+01 1.19910e-02 | 1.25331e-02 1.07867e-01 1.39115e-01 |
   4214 | 5.05300e+01 1.19910e-02 | 1.25331e-02 1.07867e-01 1.39115e-01 |
   4215 | 5.05420e+01 1.19910e-02 | 1.25331e-02 1.07867e-01 1.39115e-01 |
   4216 | 5.05540e+01 1.19910e-02 | 1.25331e-02 1.07867e-01 1.39115e-01 |
   4217 | 5.05660e+01 1.19911e-02 | 1.25331e-02 1.07867e-01 1.39115e-01 |
   4218 | 5.05779e+01 1.19911e-02 | 1.25331e-02 1.07867e-01 1.39115e-01 |
   4219 | 5.05899e+01 1.19911e-02 | 1.25331e-02 1.07867e-01 1.39115e-01 |
   4220 | 5.06019e+01 1.19911e-02 | 1.25331e-02 1.07867e-01 1.39115e-01 |
   4221 | 5.06139e+01 1.19912e-02 | 1.25331e-02 1.07867e-01 1.39115e-01 |
   4222 | 5.06259e+01 1.19912e-02 | 1.25331e-02 1.07867e-01 1.39115e-01 |
   4223 | 5.06379e+01 1.19912e-02 | 1.25331e-02 1.07867e-01 1.39115e-01 |
   4224 | 5.06499e+01 1.19911e-02 | 1.25331e-02 1.07867e-01 1.39115e-01 |
   4225 | 5.06619e+01 1.19911e-02 | 1.25331e-02 1.07867e-01 1.39115e-01 |
   4226 | 5.06739e+01 1.19911e-02 | 1.25331e-02 1.07867e-01 1.39115e-01 |
   4227 | 5.06859e+01 1.19911e-02 | 1.25331e-02 1.07867e-01 1.39115e-01 |
   4228 | 5.06979e+01 1.19911e-02 | 1.25331e-02 1.07867e-01 1.39115e-01 |
   4229 | 5.07098e+01 1.19911e-02 | 1.25331e-02 1.07867e-01 1.39115e-01 |
   4230 | 5.07218e+01 1.19911e-02 | 1.25331e-02 1.07867e-01 1.39115e-01 |
   4231 | 5.07338e+01 1.19911e-02 | 1.25331e-02 1.07867e-01 1.39115e-01 |
   4232 | 5.07458e+01 1.19911e-02 | 1.25331e-02 1.07867e-01 1.39115e-01 |
   4233 | 5.07578e+01 1.19911e-02 | 1.25331e-02 1.07867e-01 1.39115e-01 |
   4234 | 5.07698e+01 1.19911e-02 | 1.25331e-02 1.07867e-01 1.39115e-01 |
   4235 | 5.07818e+01 1.19911e-02 | 1.25331e-02 1.07867e-01 1.39115e-01 |
   4236 | 5.07938e+01 1.19910e-02 | 1.25331e-02 1.07867e-01 1.39115e-01 |
   4237 | 5.08058e+01 1.19910e-02 | 1.25331e-02 1.07867e-01 1.39115e-01 |
   4238 | 5.08178e+01 1.19910e-02 | 1.25331e-02 1.07867e-01 1.39115e-01 |
   4239 | 5.08298e+01 1.19910e-02 | 1.25331e-02 1.07867e-01 1.39115e-01 |
   4240 | 5.08418e+01 1.19910e-02 | 1.25331e-02 1.07867e-01 1.39115e-01 |
   4241 | 5.08537e+01 1.19910e-02 | 1.25331e-02 1.07867e-01 1.39115e-01 |
   4242 | 5.08657e+01 1.19910e-02 | 1.25331e-02 1.07867e-01 1.39115e-01 |
   4243 | 5.08777e+01 1.19910e-02 | 1.25331e-02 1.07867e-01 1.39115e-01 |
   4244 | 5.08897e+01 1.19910e-02 | 1.25331e-02 1.07867e-01 1.39115e-01 |
   4245 | 5.09017e+01 1.19910e-02 | 1.25331e-02 1.07867e-01 1.39115e-01 |
   4246 | 5.09137e+01 1.19910e-02 | 1.25331e-02 1.07867e-01 1.39115e-01 |
   4247 | 5.09257e+01 1.19910e-02 | 1.25331e-02 1.07867e-01 1.39115e-01 |
   4248 | 5.09377e+01 1.19910e-02 | 1.25331e-02 1.07867e-01 1.39115e-01 |
   4249 | 5.09497e+01 1.19910e-02 | 1.25331e-02 1.07867e-01 1.39115e-01 |
   4250 | 5.09617e+01 1.19910e-02 | 1.25331e-02 1.07867e-01 1.39115e-01 |
   4251 | 5.09737e+01 1.19911e-02 | 1.25331e-02 1.07867e-01 1.39115e-01 |
   4252 | 5.09856e+01 1.19911e-02 | 1.25331e-02 1.07867e-01 1.39115e-01 |
   4253 | 5.09976e+01 1.19911e-02 | 1.25331e-02 1.07867e-01 1.39115e-01 |
   4254 | 5.10096e+01 1.19911e-02 | 1.25331e-02 1.07867e-01 1.39115e-01 |
   4255 | 5.10216e+01 1.19911e-02 | 1.25331e-02 1.07867e-01 1.39115e-01 |
   4256 | 5.10336e+01 1.19911e-02 | 1.25331e-02 1.07867e-01 1.39115e-01 |
   4257 | 5.10456e+01 1.19911e-02 | 1.25331e-02 1.07867e-01 1.39115e-01 |
   4258 | 5.10576e+01 1.19912e-02 | 1.25331e-02 1.07867e-01 1.39115e-01 |
   4259 | 5.10696e+01 1.19912e-02 | 1.25331e-02 1.07867e-01 1.39115e-01 |
   4260 | 5.10816e+01 1.19912e-02 | 1.25331e-02 1.07867e-01 1.39115e-01 |
   4261 | 5.10936e+01 1.19912e-02 | 1.25331e-02 1.07867e-01 1.39115e-01 |
   4262 | 5.11056e+01 1.19912e-02 | 1.25331e-02 1.07867e-01 1.39115e-01 |
   4263 | 5.11175e+01 1.19912e-02 | 1.25331e-02 1.07867e-01 1.39115e-01 |
   4264 | 5.11295e+01 1.19911e-02 | 1.25331e-02 1.07867e-01 1.39115e-01 |
   4265 | 5.11415e+01 1.19911e-02 | 1.25331e-02 1.07867e-01 1.39115e-01 |
   4266 | 5.11535e+01 1.19911e-02 | 1.25331e-02 1.07867e-01 1.39115e-01 |
   4267 | 5.11655e+01 1.19911e-02 | 1.25331e-02 1.07867e-01 1.39115e-01 |
   4268 | 5.11775e+01 1.19911e-02 | 1.25331e-02 1.07867e-01 1.39115e-01 |
   4269 | 5.11895e+01 1.19911e-02 | 1.25331e-02 1.07867e-01 1.39115e-01 |
   4270 | 5.12015e+01 1.19910e-02 | 1.25331e-02 1.07867e-01 1.39115e-01 |
   4271 | 5.12135e+01 1.19910e-02 | 1.25331e-02 1.07867e-01 1.39115e-01 |
   4272 | 5.12255e+01 1.19910e-02 | 1.25331e-02 1.07867e-01 1.39115e-01 |
   4273 | 5.12375e+01 1.19910e-02 | 1.25331e-02 1.07867e-01 1.39115e-01 |
   4274 | 5.12494e+01 1.19910e-02 | 1.25331e-02 1.07867e-01 1.39115e-01 |
   4275 | 5.12614e+01 1.19910e-02 | 1.25331e-02 1.07867e-01 1.39115e-01 |
   4276 | 5.12734e+01 1.19910e-02 | 1.25331e-02 1.07867e-01 1.39115e-01 |
   4277 | 5.12854e+01 1.19910e-02 | 1.25331e-02 1.07867e-01 1.39115e-01 |
   4278 | 5.12974e+01 1.19910e-02 | 1.25331e-02 1.07867e-01 1.39115e-01 |
   4279 | 5.13094e+01 1.19910e-02 | 1.25331e-02 1.07867e-01 1.39115e-01 |
   4280 | 5.13214e+01 1.19910e-02 | 1.25331e-02 1.07867e-01 1.39115e-01 |
   4281 | 5.13334e+01 1.19910e-02 | 1.25331e-02 1.07867e-01 1.39115e-01 |
   4282 | 5.13454e+01 1.19910e-02 | 1.25331e-02 1.07867e-01 1.39115e-01 |
   4283 | 5.13574e+01 1.19910e-02 | 1.25331e-02 1.07867e-01 1.39115e-01 |
   4284 | 5.13694e+01 1.19910e-02 | 1.25331e-02 1.07867e-01 1.39115e-01 |
   4285 | 5.13813e+01 1.19910e-02 | 1.25331e-02 1.07867e-01 1.39115e-01 |
   4286 | 5.13933e+01 1.19910e-02 | 1.25331e-02 1.07867e-01 1.39115e-01 |
   4287 | 5.14053e+01 1.19910e-02 | 1.25331e-02 1.07867e-01 1.39115e-01 |
   4288 | 5.14173e+01 1.19910e-02 | 1.25331e-02 1.07867e-01 1.39115e-01 |
   4289 | 5.14293e+01 1.19910e-02 | 1.25331e-02 1.07867e-01 1.39115e-01 |
   4290 | 5.14413e+01 1.19910e-02 | 1.25331e-02 1.07867e-01 1.39115e-01 |
   4291 | 5.14533e+01 1.19911e-02 | 1.25331e-02 1.07867e-01 1.39115e-01 |
   4292 | 5.14653e+01 1.19911e-02 | 1.25331e-02 1.07867e-01 1.39115e-01 |
   4293 | 5.14773e+01 1.19911e-02 | 1.25331e-02 1.07867e-01 1.39115e-01 |
   4294 | 5.14893e+01 1.19910e-02 | 1.25331e-02 1.07867e-01 1.39115e-01 |
   4295 | 5.15013e+01 1.19910e-02 | 1.25331e-02 1.07867e-01 1.39115e-01 |
   4296 | 5.15133e+01 1.19910e-02 | 1.25331e-02 1.07867e-01 1.39115e-01 |
   4297 | 5.15252e+01 1.19910e-02 | 1.25331e-02 1.07867e-01 1.39115e-01 |
   4298 | 5.15372e+01 1.19910e-02 | 1.25331e-02 1.07867e-01 1.39115e-01 |
   4299 | 5.15492e+01 1.19910e-02 | 1.25331e-02 1.07867e-01 1.39115e-01 |
   4300 | 5.15612e+01 1.19909e-02 | 1.25331e-02 1.07867e-01 1.39115e-01 |
   4301 | 5.15732e+01 1.19909e-02 | 1.25331e-02 1.07867e-01 1.39115e-01 |
   4302 | 5.15852e+01 1.19909e-02 | 1.25331e-02 1.07867e-01 1.39115e-01 |
   4303 | 5.15972e+01 1.19909e-02 | 1.25331e-02 1.07867e-01 1.39115e-01 |
   4304 | 5.16092e+01 1.19909e-02 | 1.25331e-02 1.07867e-01 1.39115e-01 |
   4305 | 5.16212e+01 1.19909e-02 | 1.25331e-02 1.07867e-01 1.39115e-01 |
   4306 | 5.16332e+01 1.19909e-02 | 1.25331e-02 1.07867e-01 1.39115e-01 |
   4307 | 5.16452e+01 1.19909e-02 | 1.25331e-02 1.07867e-01 1.39115e-01 |
   4308 | 5.16571e+01 1.19909e-02 | 1.25331e-02 1.07867e-01 1.39115e-01 |
   4309 | 5.16691e+01 1.19909e-02 | 1.25331e-02 1.07867e-01 1.39115e-01 |
   4310 | 5.16811e+01 1.19909e-02 | 1.25331e-02 1.07867e-01 1.39115e-01 |
   4311 | 5.16931e+01 1.19909e-02 | 1.25331e-02 1.07867e-01 1.39115e-01 |
   4312 | 5.17051e+01 1.19909e-02 | 1.25331e-02 1.07867e-01 1.39115e-01 |
   4313 | 5.17171e+01 1.19909e-02 | 1.25331e-02 1.07867e-01 1.39115e-01 |
   4314 | 5.17291e+01 1.19909e-02 | 1.25331e-02 1.07867e-01 1.39115e-01 |
   4315 | 5.17411e+01 1.19909e-02 | 1.25331e-02 1.07867e-01 1.39115e-01 |
   4316 | 5.17531e+01 1.19909e-02 | 1.25331e-02 1.07867e-01 1.39115e-01 |
   4317 | 5.17651e+01 1.19909e-02 | 1.25331e-02 1.07867e-01 1.39115e-01 |
   4318 | 5.17771e+01 1.19909e-02 | 1.25331e-02 1.07867e-01 1.39115e-01 |
   4319 | 5.17890e+01 1.19909e-02 | 1.25331e-02 1.07867e-01 1.39115e-01 |
   4320 | 5.18010e+01 1.19909e-02 | 1.25331e-02 1.07867e-01 1.39115e-01 |
   4321 | 5.18130e+01 1.19909e-02 | 1.25331e-02 1.07867e-01 1.39115e-01 |
   4322 | 5.18250e+01 1.19910e-02 | 1.25331e-02 1.07867e-01 1.39115e-01 |
   4323 | 5.18370e+01 1.19910e-02 | 1.25331e-02 1.07867e-01 1.39115e-01 |
   4324 | 5.18490e+01 1.19910e-02 | 1.25331e-02 1.07867e-01 1.39115e-01 |
   4325 | 5.18610e+01 1.19910e-02 | 1.25331e-02 1.07867e-01 1.39115e-01 |
   4326 | 5.18730e+01 1.19910e-02 | 1.25331e-02 1.07867e-01 1.39115e-01 |
   4327 | 5.18850e+01 1.19910e-02 | 1.25331e-02 1.07867e-01 1.39115e-01 |
   4328 | 5.18970e+01 1.19910e-02 | 1.25331e-02 1.07867e-01 1.39115e-01 |
   4329 | 5.19090e+01 1.19910e-02 | 1.25331e-02 1.07867e-01 1.39115e-01 |
   4330 | 5.19209e+01 1.19910e-02 | 1.25331e-02 1.07867e-01 1.39115e-01 |
   4331 | 5.19329e+01 1.19911e-02 | 1.25331e-02 1.07867e-01 1.39115e-01 |
   4332 | 5.19449e+01 1.19911e-02 | 1.25331e-02 1.07867e-01 1.39115e-01 |
   4333 | 5.19569e+01 1.19910e-02 | 1.25331e-02 1.07867e-01 1.39115e-01 |
   4334 | 5.19689e+01 1.19910e-02 | 1.25331e-02 1.07867e-01 1.39115e-01 |
   4335 | 5.19809e+01 1.19910e-02 | 1.25331e-02 1.07867e-01 1.39115e-01 |
   4336 | 5.19929e+01 1.19910e-02 | 1.25331e-02 1.07867e-01 1.39115e-01 |
   4337 | 5.20049e+01 1.19910e-02 | 1.25331e-02 1.07867e-01 1.39115e-01 |
   4338 | 5.20169e+01 1.19910e-02 | 1.25331e-02 1.07867e-01 1.39115e-01 |
   4339 | 5.20289e+01 1.19910e-02 | 1.25331e-02 1.07867e-01 1.39115e-01 |
   4340 | 5.20409e+01 1.19910e-02 | 1.25331e-02 1.07867e-01 1.39115e-01 |
   4341 | 5.20528e+01 1.19909e-02 | 1.25331e-02 1.07867e-01 1.39115e-01 |
   4342 | 5.20648e+01 1.19909e-02 | 1.25331e-02 1.07867e-01 1.39115e-01 |
   4343 | 5.20768e+01 1.19909e-02 | 1.25331e-02 1.07867e-01 1.39115e-01 |
   4344 | 5.20888e+01 1.19909e-02 | 1.25331e-02 1.07867e-01 1.39115e-01 |
   4345 | 5.21008e+01 1.19909e-02 | 1.25331e-02 1.07867e-01 1.39115e-01 |
   4346 | 5.21128e+01 1.19909e-02 | 1.25331e-02 1.07867e-01 1.39115e-01 |
   4347 | 5.21248e+01 1.19909e-02 | 1.25331e-02 1.07867e-01 1.39115e-01 |
   4348 | 5.21368e+01 1.19909e-02 | 1.25331e-02 1.07867e-01 1.39115e-01 |
   4349 | 5.21488e+01 1.19909e-02 | 1.25331e-02 1.07867e-01 1.39115e-01 |
   4350 | 5.21608e+01 1.19909e-02 | 1.25331e-02 1.07867e-01 1.39115e-01 |
   4351 | 5.21728e+01 1.19909e-02 | 1.25331e-02 1.07867e-01 1.39115e-01 |
   4352 | 5.21847e+01 1.19910e-02 | 1.25331e-02 1.07867e-01 1.39115e-01 |
   4353 | 5.21967e+01 1.19910e-02 | 1.25331e-02 1.07867e-01 1.39115e-01 |
   4354 | 5.22087e+01 1.19910e-02 | 1.25331e-02 1.07867e-01 1.39115e-01 |
   4355 | 5.22207e+01 1.19910e-02 | 1.25331e-02 1.07867e-01 1.39115e-01 |
   4356 | 5.22327e+01 1.19910e-02 | 1.25331e-02 1.07867e-01 1.39115e-01 |
   4357 | 5.22447e+01 1.19910e-02 | 1.25331e-02 1.07867e-01 1.39115e-01 |
   4358 | 5.22567e+01 1.19910e-02 | 1.25331e-02 1.07867e-01 1.39115e-01 |
   4359 | 5.22687e+01 1.19910e-02 | 1.25331e-02 1.07867e-01 1.39115e-01 |
   4360 | 5.22807e+01 1.19911e-02 | 1.25331e-02 1.07867e-01 1.39115e-01 |
   4361 | 5.22927e+01 1.19911e-02 | 1.25331e-02 1.07867e-01 1.39115e-01 |
   4362 | 5.23047e+01 1.19911e-02 | 1.25331e-02 1.07867e-01 1.39115e-01 |
   4363 | 5.23166e+01 1.19911e-02 | 1.25331e-02 1.07867e-01 1.39115e-01 |
   4364 | 5.23286e+01 1.19911e-02 | 1.25331e-02 1.07867e-01 1.39115e-01 |
   4365 | 5.23406e+01 1.19912e-02 | 1.25331e-02 1.07867e-01 1.39115e-01 |
   4366 | 5.23526e+01 1.19912e-02 | 1.25331e-02 1.07867e-01 1.39115e-01 |
   4367 | 5.23646e+01 1.19911e-02 | 1.25331e-02 1.07867e-01 1.39115e-01 |
   4368 | 5.23766e+01 1.19911e-02 | 1.25331e-02 1.07867e-01 1.39115e-01 |
   4369 | 5.23886e+01 1.19911e-02 | 1.25331e-02 1.07867e-01 1.39115e-01 |
   4370 | 5.24006e+01 1.19911e-02 | 1.25331e-02 1.07867e-01 1.39115e-01 |
   4371 | 5.24126e+01 1.19911e-02 | 1.25331e-02 1.07867e-01 1.39115e-01 |
   4372 | 5.24246e+01 1.19911e-02 | 1.25331e-02 1.07867e-01 1.39115e-01 |
   4373 | 5.24366e+01 1.19910e-02 | 1.25331e-02 1.07867e-01 1.39115e-01 |
   4374 | 5.24485e+01 1.19910e-02 | 1.25331e-02 1.07867e-01 1.39115e-01 |
   4375 | 5.24605e+01 1.19910e-02 | 1.25331e-02 1.07867e-01 1.39115e-01 |
   4376 | 5.24725e+01 1.19910e-02 | 1.25331e-02 1.07867e-01 1.39115e-01 |
   4377 | 5.24845e+01 1.19910e-02 | 1.25331e-02 1.07867e-01 1.39115e-01 |
   4378 | 5.24965e+01 1.19910e-02 | 1.25331e-02 1.07867e-01 1.39115e-01 |
   4379 | 5.25085e+01 1.19910e-02 | 1.25331e-02 1.07867e-01 1.39115e-01 |
   4380 | 5.25205e+01 1.19910e-02 | 1.25331e-02 1.07867e-01 1.39115e-01 |
   4381 | 5.25325e+01 1.19910e-02 | 1.25331e-02 1.07867e-01 1.39115e-01 |
   4382 | 5.25445e+01 1.19910e-02 | 1.25331e-02 1.07867e-01 1.39115e-01 |
   4383 | 5.25565e+01 1.19910e-02 | 1.25331e-02 1.07867e-01 1.39115e-01 |
   4384 | 5.25685e+01 1.19910e-02 | 1.25331e-02 1.07867e-01 1.39115e-01 |
   4385 | 5.25804e+01 1.19910e-02 | 1.25331e-02 1.07867e-01 1.39115e-01 |
   4386 | 5.25924e+01 1.19910e-02 | 1.25331e-02 1.07867e-01 1.39115e-01 |
   4387 | 5.26044e+01 1.19910e-02 | 1.25331e-02 1.07867e-01 1.39115e-01 |
   4388 | 5.26164e+01 1.19910e-02 | 1.25331e-02 1.07867e-01 1.39115e-01 |
   4389 | 5.26284e+01 1.19910e-02 | 1.25331e-02 1.07867e-01 1.39115e-01 |
   4390 | 5.26404e+01 1.19910e-02 | 1.25331e-02 1.07867e-01 1.39115e-01 |
   4391 | 5.26524e+01 1.19910e-02 | 1.25331e-02 1.07867e-01 1.39115e-01 |
   4392 | 5.26644e+01 1.19910e-02 | 1.25331e-02 1.07867e-01 1.39115e-01 |
   4393 | 5.26764e+01 1.19910e-02 | 1.25331e-02 1.07867e-01 1.39115e-01 |
   4394 | 5.26884e+01 1.19910e-02 | 1.25331e-02 1.07867e-01 1.39115e-01 |
   4395 | 5.27004e+01 1.19910e-02 | 1.25331e-02 1.07867e-01 1.39115e-01 |
   4396 | 5.27123e+01 1.19911e-02 | 1.25331e-02 1.07867e-01 1.39115e-01 |
   4397 | 5.27243e+01 1.19911e-02 | 1.25331e-02 1.07867e-01 1.39115e-01 |
   4398 | 5.27363e+01 1.19911e-02 | 1.25331e-02 1.07867e-01 1.39115e-01 |
   4399 | 5.27483e+01 1.19911e-02 | 1.25331e-02 1.07867e-01 1.39115e-01 |
   4400 | 5.27603e+01 1.19911e-02 | 1.25331e-02 1.07867e-01 1.39115e-01 |
   4401 | 5.27723e+01 1.19912e-02 | 1.25331e-02 1.07867e-01 1.39115e-01 |
   4402 | 5.27843e+01 1.19912e-02 | 1.25331e-02 1.07867e-01 1.39115e-01 |
   4403 | 5.27963e+01 1.19912e-02 | 1.25331e-02 1.07867e-01 1.39115e-01 |
   4404 | 5.28083e+01 1.19912e-02 | 1.25331e-02 1.07867e-01 1.39115e-01 |
   4405 | 5.28203e+01 1.19912e-02 | 1.25331e-02 1.07867e-01 1.39115e-01 |
   4406 | 5.28323e+01 1.19911e-02 | 1.25331e-02 1.07867e-01 1.39115e-01 |
   4407 | 5.28443e+01 1.19911e-02 | 1.25331e-02 1.07867e-01 1.39115e-01 |
   4408 | 5.28562e+01 1.19911e-02 | 1.25331e-02 1.07867e-01 1.39115e-01 |
   4409 | 5.28682e+01 1.19911e-02 | 1.25331e-02 1.07867e-01 1.39115e-01 |
   4410 | 5.28802e+01 1.19910e-02 | 1.25331e-02 1.07867e-01 1.39115e-01 |
   4411 | 5.28922e+01 1.19910e-02 | 1.25331e-02 1.07867e-01 1.39115e-01 |
   4412 | 5.29042e+01 1.19910e-02 | 1.25331e-02 1.07867e-01 1.39115e-01 |
   4413 | 5.29162e+01 1.19910e-02 | 1.25331e-02 1.07867e-01 1.39115e-01 |
   4414 | 5.29282e+01 1.19909e-02 | 1.25331e-02 1.07867e-01 1.39115e-01 |
   4415 | 5.29402e+01 1.19909e-02 | 1.25331e-02 1.07867e-01 1.39115e-01 |
   4416 | 5.29522e+01 1.19909e-02 | 1.25331e-02 1.07867e-01 1.39115e-01 |
   4417 | 5.29642e+01 1.19909e-02 | 1.25331e-02 1.07867e-01 1.39115e-01 |
   4418 | 5.29762e+01 1.19909e-02 | 1.25331e-02 1.07867e-01 1.39115e-01 |
   4419 | 5.29881e+01 1.19909e-02 | 1.25331e-02 1.07867e-01 1.39115e-01 |
   4420 | 5.30001e+01 1.19909e-02 | 1.25331e-02 1.07867e-01 1.39115e-01 |
   4421 | 5.30121e+01 1.19909e-02 | 1.25331e-02 1.07867e-01 1.39115e-01 |
   4422 | 5.30241e+01 1.19909e-02 | 1.25331e-02 1.07867e-01 1.39115e-01 |
   4423 | 5.30361e+01 1.19908e-02 | 1.25331e-02 1.07867e-01 1.39115e-01 |
   4424 | 5.30481e+01 1.19908e-02 | 1.25331e-02 1.07867e-01 1.39115e-01 |
   4425 | 5.30601e+01 1.19908e-02 | 1.25331e-02 1.07867e-01 1.39115e-01 |
   4426 | 5.30721e+01 1.19908e-02 | 1.25331e-02 1.07867e-01 1.39115e-01 |
   4427 | 5.30841e+01 1.19908e-02 | 1.25331e-02 1.07867e-01 1.39115e-01 |
   4428 | 5.30961e+01 1.19908e-02 | 1.25331e-02 1.07867e-01 1.39115e-01 |
   4429 | 5.31081e+01 1.19908e-02 | 1.25331e-02 1.07867e-01 1.39115e-01 |
   4430 | 5.31200e+01 1.19908e-02 | 1.25331e-02 1.07867e-01 1.39115e-01 |
   4431 | 5.31320e+01 1.19908e-02 | 1.25331e-02 1.07867e-01 1.39115e-01 |
   4432 | 5.31440e+01 1.19909e-02 | 1.25331e-02 1.07867e-01 1.39115e-01 |
   4433 | 5.31560e+01 1.19909e-02 | 1.25331e-02 1.07867e-01 1.39115e-01 |
   4434 | 5.31680e+01 1.19909e-02 | 1.25331e-02 1.07867e-01 1.39115e-01 |
   4435 | 5.31800e+01 1.19909e-02 | 1.25331e-02 1.07867e-01 1.39115e-01 |
   4436 | 5.31920e+01 1.19909e-02 | 1.25331e-02 1.07867e-01 1.39115e-01 |
   4437 | 5.32040e+01 1.19909e-02 | 1.25331e-02 1.07867e-01 1.39115e-01 |
   4438 | 5.32160e+01 1.19909e-02 | 1.25331e-02 1.07867e-01 1.39115e-01 |
   4439 | 5.32280e+01 1.19909e-02 | 1.25331e-02 1.07867e-01 1.39115e-01 |
   4440 | 5.32400e+01 1.19909e-02 | 1.25331e-02 1.07867e-01 1.39115e-01 |
   4441 | 5.32519e+01 1.19910e-02 | 1.25331e-02 1.07867e-01 1.39115e-01 |
   4442 | 5.32639e+01 1.19910e-02 | 1.25331e-02 1.07867e-01 1.39115e-01 |
   4443 | 5.32759e+01 1.19910e-02 | 1.25331e-02 1.07867e-01 1.39115e-01 |
   4444 | 5.32879e+01 1.19910e-02 | 1.25331e-02 1.07867e-01 1.39115e-01 |
   4445 | 5.32999e+01 1.19910e-02 | 1.25331e-02 1.07867e-01 1.39115e-01 |
   4446 | 5.33119e+01 1.19911e-02 | 1.25331e-02 1.07867e-01 1.39115e-01 |
   4447 | 5.33239e+01 1.19910e-02 | 1.25331e-02 1.07867e-01 1.39115e-01 |
   4448 | 5.33359e+01 1.19910e-02 | 1.25331e-02 1.07867e-01 1.39115e-01 |
   4449 | 5.33479e+01 1.19910e-02 | 1.25331e-02 1.07867e-01 1.39115e-01 |
   4450 | 5.33599e+01 1.19910e-02 | 1.25331e-02 1.07867e-01 1.39115e-01 |
   4451 | 5.33719e+01 1.19910e-02 | 1.25331e-02 1.07867e-01 1.39115e-01 |
   4452 | 5.33838e+01 1.19909e-02 | 1.25331e-02 1.07867e-01 1.39115e-01 |
   4453 | 5.33958e+01 1.19909e-02 | 1.25331e-02 1.07867e-01 1.39115e-01 |
   4454 | 5.34078e+01 1.19909e-02 | 1.25331e-02 1.07867e-01 1.39115e-01 |
   4455 | 5.34198e+01 1.19909e-02 | 1.25331e-02 1.07867e-01 1.39115e-01 |
   4456 | 5.34318e+01 1.19909e-02 | 1.25331e-02 1.07867e-01 1.39115e-01 |
   4457 | 5.34438e+01 1.19909e-02 | 1.25331e-02 1.07867e-01 1.39115e-01 |
   4458 | 5.34558e+01 1.19909e-02 | 1.25331e-02 1.07867e-01 1.39115e-01 |
   4459 | 5.34678e+01 1.19909e-02 | 1.25331e-02 1.07867e-01 1.39115e-01 |
   4460 | 5.34798e+01 1.19909e-02 | 1.25331e-02 1.07867e-01 1.39115e-01 |
   4461 | 5.34918e+01 1.19909e-02 | 1.25331e-02 1.07867e-01 1.39115e-01 |
   4462 | 5.35038e+01 1.19908e-02 | 1.25331e-02 1.07867e-01 1.39115e-01 |
   4463 | 5.35157e+01 1.19908e-02 | 1.25331e-02 1.07867e-01 1.39115e-01 |
   4464 | 5.35277e+01 1.19908e-02 | 1.25331e-02 1.07867e-01 1.39115e-01 |
   4465 | 5.35397e+01 1.19908e-02 | 1.25331e-02 1.07867e-01 1.39115e-01 |
   4466 | 5.35517e+01 1.19908e-02 | 1.25331e-02 1.07867e-01 1.39115e-01 |
   4467 | 5.35637e+01 1.19908e-02 | 1.25331e-02 1.07867e-01 1.39115e-01 |
   4468 | 5.35757e+01 1.19909e-02 | 1.25331e-02 1.07867e-01 1.39115e-01 |
   4469 | 5.35877e+01 1.19909e-02 | 1.25331e-02 1.07867e-01 1.39115e-01 |
   4470 | 5.35997e+01 1.19909e-02 | 1.25331e-02 1.07867e-01 1.39115e-01 |
   4471 | 5.36117e+01 1.19909e-02 | 1.25331e-02 1.07867e-01 1.39115e-01 |
   4472 | 5.36237e+01 1.19909e-02 | 1.25331e-02 1.07867e-01 1.39115e-01 |
   4473 | 5.36357e+01 1.19909e-02 | 1.25331e-02 1.07867e-01 1.39115e-01 |
   4474 | 5.36476e+01 1.19909e-02 | 1.25331e-02 1.07867e-01 1.39115e-01 |
   4475 | 5.36596e+01 1.19909e-02 | 1.25331e-02 1.07867e-01 1.39115e-01 |
   4476 | 5.36716e+01 1.19909e-02 | 1.25331e-02 1.07867e-01 1.39115e-01 |
   4477 | 5.36836e+01 1.19909e-02 | 1.25331e-02 1.07867e-01 1.39115e-01 |
   4478 | 5.36956e+01 1.19910e-02 | 1.25331e-02 1.07867e-01 1.39115e-01 |
   4479 | 5.37076e+01 1.19910e-02 | 1.25331e-02 1.07867e-01 1.39115e-01 |
   4480 | 5.37196e+01 1.19910e-02 | 1.25331e-02 1.07867e-01 1.39115e-01 |
   4481 | 5.37316e+01 1.19910e-02 | 1.25331e-02 1.07867e-01 1.39115e-01 |
   4482 | 5.37436e+01 1.19910e-02 | 1.25331e-02 1.07867e-01 1.39115e-01 |
   4483 | 5.37556e+01 1.19911e-02 | 1.25331e-02 1.07867e-01 1.39115e-01 |
   4484 | 5.37676e+01 1.19911e-02 | 1.25331e-02 1.07867e-01 1.39115e-01 |
   4485 | 5.37795e+01 1.19910e-02 | 1.25331e-02 1.07867e-01 1.39115e-01 |
   4486 | 5.37915e+01 1.19910e-02 | 1.25331e-02 1.07867e-01 1.39115e-01 |
   4487 | 5.38035e+01 1.19910e-02 | 1.25331e-02 1.07867e-01 1.39115e-01 |
   4488 | 5.38155e+01 1.19910e-02 | 1.25331e-02 1.07867e-01 1.39115e-01 |
   4489 | 5.38275e+01 1.19910e-02 | 1.25331e-02 1.07867e-01 1.39115e-01 |
   4490 | 5.38395e+01 1.19909e-02 | 1.25331e-02 1.07867e-01 1.39115e-01 |
   4491 | 5.38515e+01 1.19909e-02 | 1.25331e-02 1.07867e-01 1.39115e-01 |
   4492 | 5.38635e+01 1.19909e-02 | 1.25331e-02 1.07867e-01 1.39115e-01 |
   4493 | 5.38755e+01 1.19909e-02 | 1.25331e-02 1.07867e-01 1.39115e-01 |
   4494 | 5.38875e+01 1.19909e-02 | 1.25331e-02 1.07867e-01 1.39115e-01 |
   4495 | 5.38995e+01 1.19909e-02 | 1.25331e-02 1.07867e-01 1.39115e-01 |
   4496 | 5.39114e+01 1.19909e-02 | 1.25331e-02 1.07867e-01 1.39115e-01 |
   4497 | 5.39234e+01 1.19909e-02 | 1.25331e-02 1.07867e-01 1.39115e-01 |
   4498 | 5.39354e+01 1.19909e-02 | 1.25331e-02 1.07867e-01 1.39115e-01 |
   4499 | 5.39474e+01 1.19909e-02 | 1.25331e-02 1.07867e-01 1.39115e-01 |
   4500 | 5.39594e+01 1.19909e-02 | 1.25331e-02 1.07867e-01 1.39115e-01 |
   4501 | 5.39714e+01 1.19909e-02 | 1.25331e-02 1.07867e-01 1.39115e-01 |
   4502 | 5.39834e+01 1.19909e-02 | 1.25331e-02 1.07867e-01 1.39115e-01 |
   4503 | 5.39954e+01 1.19909e-02 | 1.25331e-02 1.07867e-01 1.39115e-01 |
   4504 | 5.40074e+01 1.19909e-02 | 1.25331e-02 1.07867e-01 1.39115e-01 |
   4505 | 5.40194e+01 1.19909e-02 | 1.25331e-02 1.07867e-01 1.39115e-01 |
   4506 | 5.40314e+01 1.19909e-02 | 1.25331e-02 1.07867e-01 1.39115e-01 |
   4507 | 5.40433e+01 1.19909e-02 | 1.25331e-02 1.07867e-01 1.39115e-01 |
   4508 | 5.40553e+01 1.19909e-02 | 1.25331e-02 1.07867e-01 1.39115e-01 |
   4509 | 5.40673e+01 1.19909e-02 | 1.25331e-02 1.07867e-01 1.39115e-01 |
   4510 | 5.40793e+01 1.19909e-02 | 1.25331e-02 1.07867e-01 1.39115e-01 |
   4511 | 5.40913e+01 1.19909e-02 | 1.25331e-02 1.07867e-01 1.39115e-01 |
   4512 | 5.41033e+01 1.19909e-02 | 1.25331e-02 1.07867e-01 1.39115e-01 |
   4513 | 5.41153e+01 1.19909e-02 | 1.25331e-02 1.07867e-01 1.39115e-01 |
   4514 | 5.41273e+01 1.19909e-02 | 1.25331e-02 1.07867e-01 1.39115e-01 |
   4515 | 5.41393e+01 1.19910e-02 | 1.25331e-02 1.07867e-01 1.39115e-01 |
   4516 | 5.41513e+01 1.19910e-02 | 1.25331e-02 1.07867e-01 1.39115e-01 |
   4517 | 5.41633e+01 1.19910e-02 | 1.25331e-02 1.07867e-01 1.39115e-01 |
   4518 | 5.41752e+01 1.19910e-02 | 1.25331e-02 1.07867e-01 1.39115e-01 |
   4519 | 5.41872e+01 1.19910e-02 | 1.25331e-02 1.07867e-01 1.39115e-01 |
   4520 | 5.41992e+01 1.19911e-02 | 1.25331e-02 1.07867e-01 1.39115e-01 |
   4521 | 5.42112e+01 1.19911e-02 | 1.25331e-02 1.07867e-01 1.39115e-01 |
   4522 | 5.42232e+01 1.19911e-02 | 1.25331e-02 1.07867e-01 1.39115e-01 |
   4523 | 5.42352e+01 1.19911e-02 | 1.25331e-02 1.07867e-01 1.39115e-01 |
   4524 | 5.42472e+01 1.19912e-02 | 1.25331e-02 1.07867e-01 1.39115e-01 |
   4525 | 5.42592e+01 1.19912e-02 | 1.25331e-02 1.07867e-01 1.39115e-01 |
   4526 | 5.42712e+01 1.19911e-02 | 1.25331e-02 1.07867e-01 1.39115e-01 |
   4527 | 5.42832e+01 1.19911e-02 | 1.25331e-02 1.07867e-01 1.39115e-01 |
   4528 | 5.42952e+01 1.19911e-02 | 1.25331e-02 1.07867e-01 1.39115e-01 |
   4529 | 5.43071e+01 1.19911e-02 | 1.25331e-02 1.07867e-01 1.39115e-01 |
   4530 | 5.43191e+01 1.19910e-02 | 1.25331e-02 1.07867e-01 1.39115e-01 |
   4531 | 5.43311e+01 1.19910e-02 | 1.25331e-02 1.07867e-01 1.39115e-01 |
   4532 | 5.43431e+01 1.19910e-02 | 1.25331e-02 1.07867e-01 1.39115e-01 |
   4533 | 5.43551e+01 1.19910e-02 | 1.25331e-02 1.07867e-01 1.39115e-01 |
   4534 | 5.43671e+01 1.19910e-02 | 1.25331e-02 1.07867e-01 1.39115e-01 |
   4535 | 5.43791e+01 1.19910e-02 | 1.25331e-02 1.07867e-01 1.39115e-01 |
   4536 | 5.43911e+01 1.19910e-02 | 1.25331e-02 1.07867e-01 1.39115e-01 |
   4537 | 5.44031e+01 1.19909e-02 | 1.25331e-02 1.07867e-01 1.39115e-01 |
   4538 | 5.44151e+01 1.19909e-02 | 1.25331e-02 1.07867e-01 1.39115e-01 |
   4539 | 5.44271e+01 1.19909e-02 | 1.25331e-02 1.07867e-01 1.39115e-01 |
   4540 | 5.44390e+01 1.19909e-02 | 1.25331e-02 1.07867e-01 1.39115e-01 |
   4541 | 5.44510e+01 1.19909e-02 | 1.25331e-02 1.07867e-01 1.39115e-01 |
   4542 | 5.44630e+01 1.19909e-02 | 1.25331e-02 1.07867e-01 1.39115e-01 |
   4543 | 5.44750e+01 1.19909e-02 | 1.25331e-02 1.07867e-01 1.39115e-01 |
   4544 | 5.44870e+01 1.19909e-02 | 1.25331e-02 1.07867e-01 1.39115e-01 |
   4545 | 5.44990e+01 1.19909e-02 | 1.25331e-02 1.07867e-01 1.39115e-01 |
   4546 | 5.45110e+01 1.19909e-02 | 1.25331e-02 1.07867e-01 1.39115e-01 |
   4547 | 5.45230e+01 1.19909e-02 | 1.25331e-02 1.07867e-01 1.39115e-01 |
   4548 | 5.45350e+01 1.19909e-02 | 1.25331e-02 1.07867e-01 1.39115e-01 |
   4549 | 5.45470e+01 1.19909e-02 | 1.25331e-02 1.07867e-01 1.39115e-01 |
   4550 | 5.45590e+01 1.19909e-02 | 1.25331e-02 1.07867e-01 1.39115e-01 |
   4551 | 5.45709e+01 1.19909e-02 | 1.25331e-02 1.07867e-01 1.39115e-01 |
   4552 | 5.45829e+01 1.19909e-02 | 1.25331e-02 1.07867e-01 1.39115e-01 |
   4553 | 5.45949e+01 1.19909e-02 | 1.25331e-02 1.07867e-01 1.39115e-01 |
   4554 | 5.46069e+01 1.19909e-02 | 1.25331e-02 1.07867e-01 1.39115e-01 |
   4555 | 5.46189e+01 1.19910e-02 | 1.25331e-02 1.07867e-01 1.39115e-01 |
   4556 | 5.46309e+01 1.19910e-02 | 1.25331e-02 1.07867e-01 1.39115e-01 |
   4557 | 5.46429e+01 1.19910e-02 | 1.25331e-02 1.07867e-01 1.39115e-01 |
   4558 | 5.46549e+01 1.19910e-02 | 1.25331e-02 1.07867e-01 1.39115e-01 |
   4559 | 5.46669e+01 1.19910e-02 | 1.25331e-02 1.07867e-01 1.39115e-01 |
   4560 | 5.46789e+01 1.19910e-02 | 1.25331e-02 1.07867e-01 1.39115e-01 |
   4561 | 5.46909e+01 1.19911e-02 | 1.25331e-02 1.07867e-01 1.39115e-01 |
   4562 | 5.47028e+01 1.19911e-02 | 1.25331e-02 1.07867e-01 1.39115e-01 |
   4563 | 5.47148e+01 1.19911e-02 | 1.25331e-02 1.07867e-01 1.39115e-01 |
   4564 | 5.47268e+01 1.19911e-02 | 1.25331e-02 1.07867e-01 1.39115e-01 |
   4565 | 5.47388e+01 1.19911e-02 | 1.25331e-02 1.07867e-01 1.39115e-01 |
   4566 | 5.47508e+01 1.19911e-02 | 1.25331e-02 1.07867e-01 1.39115e-01 |
   4567 | 5.47628e+01 1.19910e-02 | 1.25331e-02 1.07867e-01 1.39115e-01 |
   4568 | 5.47748e+01 1.19910e-02 | 1.25331e-02 1.07867e-01 1.39115e-01 |
   4569 | 5.47868e+01 1.19910e-02 | 1.25331e-02 1.07867e-01 1.39115e-01 |
   4570 | 5.47988e+01 1.19910e-02 | 1.25331e-02 1.07867e-01 1.39115e-01 |
   4571 | 5.48108e+01 1.19910e-02 | 1.25331e-02 1.07867e-01 1.39115e-01 |
   4572 | 5.48228e+01 1.19910e-02 | 1.25331e-02 1.07867e-01 1.39115e-01 |
   4573 | 5.48347e+01 1.19909e-02 | 1.25331e-02 1.07867e-01 1.39115e-01 |
   4574 | 5.48467e+01 1.19909e-02 | 1.25331e-02 1.07867e-01 1.39115e-01 |
   4575 | 5.48587e+01 1.19909e-02 | 1.25331e-02 1.07867e-01 1.39115e-01 |
   4576 | 5.48707e+01 1.19909e-02 | 1.25331e-02 1.07867e-01 1.39115e-01 |
   4577 | 5.48827e+01 1.19909e-02 | 1.25331e-02 1.07867e-01 1.39115e-01 |
   4578 | 5.48947e+01 1.19909e-02 | 1.25331e-02 1.07867e-01 1.39115e-01 |
   4579 | 5.49067e+01 1.19909e-02 | 1.25331e-02 1.07867e-01 1.39115e-01 |
   4580 | 5.49187e+01 1.19909e-02 | 1.25331e-02 1.07867e-01 1.39115e-01 |
   4581 | 5.49307e+01 1.19909e-02 | 1.25331e-02 1.07867e-01 1.39115e-01 |
   4582 | 5.49427e+01 1.19909e-02 | 1.25331e-02 1.07867e-01 1.39115e-01 |
   4583 | 5.49547e+01 1.19909e-02 | 1.25331e-02 1.07867e-01 1.39115e-01 |
   4584 | 5.49666e+01 1.19909e-02 | 1.25331e-02 1.07867e-01 1.39115e-01 |
   4585 | 5.49786e+01 1.19909e-02 | 1.25331e-02 1.07867e-01 1.39115e-01 |
   4586 | 5.49906e+01 1.19909e-02 | 1.25331e-02 1.07867e-01 1.39115e-01 |
   4587 | 5.50026e+01 1.19909e-02 | 1.25331e-02 1.07867e-01 1.39115e-01 |
   4588 | 5.50146e+01 1.19909e-02 | 1.25331e-02 1.07867e-01 1.39115e-01 |
   4589 | 5.50266e+01 1.19909e-02 | 1.25331e-02 1.07867e-01 1.39115e-01 |
   4590 | 5.50386e+01 1.19909e-02 | 1.25331e-02 1.07867e-01 1.39115e-01 |
   4591 | 5.50506e+01 1.19909e-02 | 1.25331e-02 1.07867e-01 1.39115e-01 |
   4592 | 5.50626e+01 1.19909e-02 | 1.25331e-02 1.07867e-01 1.39115e-01 |
   4593 | 5.50746e+01 1.19909e-02 | 1.25331e-02 1.07867e-01 1.39115e-01 |
   4594 | 5.50866e+01 1.19910e-02 | 1.25331e-02 1.07867e-01 1.39115e-01 |
   4595 | 5.50985e+01 1.19910e-02 | 1.25331e-02 1.07867e-01 1.39115e-01 |
   4596 | 5.51105e+01 1.19910e-02 | 1.25331e-02 1.07867e-01 1.39115e-01 |
   4597 | 5.51225e+01 1.19910e-02 | 1.25331e-02 1.07867e-01 1.39115e-01 |
   4598 | 5.51345e+01 1.19910e-02 | 1.25331e-02 1.07867e-01 1.39115e-01 |
   4599 | 5.51465e+01 1.19911e-02 | 1.25331e-02 1.07867e-01 1.39115e-01 |
   4600 | 5.51585e+01 1.19911e-02 | 1.25331e-02 1.07867e-01 1.39115e-01 |
   4601 | 5.51705e+01 1.19911e-02 | 1.25331e-02 1.07867e-01 1.39115e-01 |
   4602 | 5.51825e+01 1.19911e-02 | 1.25331e-02 1.07867e-01 1.39115e-01 |
   4603 | 5.51945e+01 1.19910e-02 | 1.25331e-02 1.07867e-01 1.39115e-01 |
   4604 | 5.52065e+01 1.19910e-02 | 1.25331e-02 1.07867e-01 1.39115e-01 |
   4605 | 5.52185e+01 1.19910e-02 | 1.25331e-02 1.07867e-01 1.39115e-01 |
   4606 | 5.52304e+01 1.19910e-02 | 1.25331e-02 1.07867e-01 1.39115e-01 |
   4607 | 5.52424e+01 1.19910e-02 | 1.25331e-02 1.07867e-01 1.39115e-01 |
   4608 | 5.52544e+01 1.19910e-02 | 1.25331e-02 1.07867e-01 1.39115e-01 |
   4609 | 5.52664e+01 1.19909e-02 | 1.25331e-02 1.07867e-01 1.39115e-01 |
   4610 | 5.52784e+01 1.19909e-02 | 1.25331e-02 1.07867e-01 1.39115e-01 |
   4611 | 5.52904e+01 1.19909e-02 | 1.25331e-02 1.07867e-01 1.39115e-01 |
   4612 | 5.53024e+01 1.19909e-02 | 1.25331e-02 1.07867e-01 1.39115e-01 |
   4613 | 5.53144e+01 1.19909e-02 | 1.25331e-02 1.07867e-01 1.39115e-01 |
   4614 | 5.53264e+01 1.19909e-02 | 1.25331e-02 1.07867e-01 1.39115e-01 |
   4615 | 5.53384e+01 1.19909e-02 | 1.25331e-02 1.07867e-01 1.39115e-01 |
   4616 | 5.53504e+01 1.19909e-02 | 1.25331e-02 1.07867e-01 1.39115e-01 |
   4617 | 5.53623e+01 1.19909e-02 | 1.25331e-02 1.07867e-01 1.39115e-01 |
   4618 | 5.53743e+01 1.19909e-02 | 1.25331e-02 1.07867e-01 1.39115e-01 |
   4619 | 5.53863e+01 1.19909e-02 | 1.25331e-02 1.07867e-01 1.39115e-01 |
   4620 | 5.53983e+01 1.19909e-02 | 1.25331e-02 1.07867e-01 1.39115e-01 |
   4621 | 5.54103e+01 1.19909e-02 | 1.25331e-02 1.07867e-01 1.39115e-01 |
   4622 | 5.54223e+01 1.19909e-02 | 1.25331e-02 1.07867e-01 1.39115e-01 |
   4623 | 5.54343e+01 1.19909e-02 | 1.25331e-02 1.07867e-01 1.39115e-01 |
   4624 | 5.54463e+01 1.19909e-02 | 1.25331e-02 1.07867e-01 1.39115e-01 |
   4625 | 5.54583e+01 1.19909e-02 | 1.25331e-02 1.07867e-01 1.39115e-01 |
   4626 | 5.54703e+01 1.19909e-02 | 1.25331e-02 1.07867e-01 1.39115e-01 |
   4627 | 5.54823e+01 1.19909e-02 | 1.25331e-02 1.07867e-01 1.39115e-01 |
   4628 | 5.54942e+01 1.19909e-02 | 1.25331e-02 1.07867e-01 1.39115e-01 |
   4629 | 5.55062e+01 1.19909e-02 | 1.25331e-02 1.07867e-01 1.39115e-01 |
   4630 | 5.55182e+01 1.19909e-02 | 1.25331e-02 1.07867e-01 1.39115e-01 |
   4631 | 5.55302e+01 1.19909e-02 | 1.25331e-02 1.07867e-01 1.39115e-01 |
   4632 | 5.55422e+01 1.19910e-02 | 1.25331e-02 1.07867e-01 1.39115e-01 |
   4633 | 5.55542e+01 1.19910e-02 | 1.25331e-02 1.07867e-01 1.39115e-01 |
   4634 | 5.55662e+01 1.19910e-02 | 1.25331e-02 1.07867e-01 1.39115e-01 |
   4635 | 5.55782e+01 1.19910e-02 | 1.25331e-02 1.07867e-01 1.39115e-01 |
   4636 | 5.55902e+01 1.19910e-02 | 1.25331e-02 1.07867e-01 1.39115e-01 |
   4637 | 5.56022e+01 1.19910e-02 | 1.25331e-02 1.07867e-01 1.39115e-01 |
   4638 | 5.56142e+01 1.19911e-02 | 1.25331e-02 1.07867e-01 1.39115e-01 |
   4639 | 5.56262e+01 1.19911e-02 | 1.25331e-02 1.07867e-01 1.39115e-01 |
   4640 | 5.56381e+01 1.19911e-02 | 1.25331e-02 1.07867e-01 1.39115e-01 |
   4641 | 5.56501e+01 1.19911e-02 | 1.25331e-02 1.07867e-01 1.39115e-01 |
   4642 | 5.56621e+01 1.19911e-02 | 1.25331e-02 1.07867e-01 1.39115e-01 |
   4643 | 5.56741e+01 1.19911e-02 | 1.25331e-02 1.07867e-01 1.39115e-01 |
   4644 | 5.56861e+01 1.19911e-02 | 1.25331e-02 1.07867e-01 1.39115e-01 |
   4645 | 5.56981e+01 1.19911e-02 | 1.25331e-02 1.07867e-01 1.39115e-01 |
   4646 | 5.57101e+01 1.19911e-02 | 1.25331e-02 1.07867e-01 1.39115e-01 |
   4647 | 5.57221e+01 1.19911e-02 | 1.25331e-02 1.07867e-01 1.39115e-01 |
   4648 | 5.57341e+01 1.19911e-02 | 1.25331e-02 1.07867e-01 1.39115e-01 |
   4649 | 5.57461e+01 1.19911e-02 | 1.25331e-02 1.07867e-01 1.39115e-01 |
   4650 | 5.57581e+01 1.19911e-02 | 1.25331e-02 1.07867e-01 1.39115e-01 |
   4651 | 5.57700e+01 1.19911e-02 | 1.25331e-02 1.07867e-01 1.39115e-01 |
   4652 | 5.57820e+01 1.19911e-02 | 1.25331e-02 1.07867e-01 1.39115e-01 |
   4653 | 5.57940e+01 1.19911e-02 | 1.25331e-02 1.07867e-01 1.39115e-01 |
   4654 | 5.58060e+01 1.19911e-02 | 1.25331e-02 1.07867e-01 1.39115e-01 |
   4655 | 5.58180e+01 1.19911e-02 | 1.25331e-02 1.07867e-01 1.39115e-01 |
   4656 | 5.58300e+01 1.19911e-02 | 1.25331e-02 1.07867e-01 1.39115e-01 |
   4657 | 5.58420e+01 1.19911e-02 | 1.25331e-02 1.07867e-01 1.39115e-01 |
   4658 | 5.58540e+01 1.19911e-02 | 1.25331e-02 1.07867e-01 1.39115e-01 |
   4659 | 5.58660e+01 1.19911e-02 | 1.25331e-02 1.07867e-01 1.39115e-01 |
   4660 | 5.58780e+01 1.19911e-02 | 1.25331e-02 1.07867e-01 1.39115e-01 |
   4661 | 5.58900e+01 1.19911e-02 | 1.25331e-02 1.07867e-01 1.39115e-01 |
   4662 | 5.59019e+01 1.19911e-02 | 1.25331e-02 1.07867e-01 1.39115e-01 |
   4663 | 5.59139e+01 1.19911e-02 | 1.25331e-02 1.07867e-01 1.39115e-01 |
   4664 | 5.59259e+01 1.19911e-02 | 1.25331e-02 1.07867e-01 1.39115e-01 |
   4665 | 5.59379e+01 1.19911e-02 | 1.25331e-02 1.07867e-01 1.39115e-01 |
   4666 | 5.59499e+01 1.19911e-02 | 1.25331e-02 1.07867e-01 1.39115e-01 |
   4667 | 5.59619e+01 1.19911e-02 | 1.25331e-02 1.07867e-01 1.39115e-01 |
   4668 | 5.59739e+01 1.19911e-02 | 1.25331e-02 1.07867e-01 1.39115e-01 |
   4669 | 5.59859e+01 1.19911e-02 | 1.25331e-02 1.07867e-01 1.39115e-01 |
   4670 | 5.59979e+01 1.19911e-02 | 1.25331e-02 1.07867e-01 1.39115e-01 |
   4671 | 5.60099e+01 1.19911e-02 | 1.25331e-02 1.07867e-01 1.39115e-01 |
   4672 | 5.60219e+01 1.19911e-02 | 1.25331e-02 1.07867e-01 1.39115e-01 |
   4673 | 5.60338e+01 1.19911e-02 | 1.25331e-02 1.07867e-01 1.39115e-01 |
   4674 | 5.60458e+01 1.19911e-02 | 1.25331e-02 1.07867e-01 1.39115e-01 |
   4675 | 5.60578e+01 1.19912e-02 | 1.25331e-02 1.07867e-01 1.39115e-01 |
   4676 | 5.60698e+01 1.19912e-02 | 1.25331e-02 1.07867e-01 1.39115e-01 |
   4677 | 5.60818e+01 1.19912e-02 | 1.25331e-02 1.07867e-01 1.39115e-01 |
   4678 | 5.60938e+01 1.19912e-02 | 1.25331e-02 1.07867e-01 1.39115e-01 |
   4679 | 5.61058e+01 1.19912e-02 | 1.25331e-02 1.07867e-01 1.39115e-01 |
   4680 | 5.61178e+01 1.19911e-02 | 1.25331e-02 1.07867e-01 1.39115e-01 |
   4681 | 5.61298e+01 1.19911e-02 | 1.25331e-02 1.07867e-01 1.39115e-01 |
   4682 | 5.61418e+01 1.19911e-02 | 1.25331e-02 1.07867e-01 1.39115e-01 |
   4683 | 5.61538e+01 1.19911e-02 | 1.25331e-02 1.07867e-01 1.39115e-01 |
   4684 | 5.61657e+01 1.19911e-02 | 1.25331e-02 1.07867e-01 1.39115e-01 |
   4685 | 5.61777e+01 1.19911e-02 | 1.25331e-02 1.07867e-01 1.39115e-01 |
   4686 | 5.61897e+01 1.19911e-02 | 1.25331e-02 1.07867e-01 1.39115e-01 |
   4687 | 5.62017e+01 1.19911e-02 | 1.25331e-02 1.07867e-01 1.39115e-01 |
   4688 | 5.62137e+01 1.19911e-02 | 1.25331e-02 1.07867e-01 1.39115e-01 |
   4689 | 5.62257e+01 1.19911e-02 | 1.25331e-02 1.07867e-01 1.39115e-01 |
   4690 | 5.62377e+01 1.19911e-02 | 1.25331e-02 1.07867e-01 1.39115e-01 |
   4691 | 5.62497e+01 1.19911e-02 | 1.25331e-02 1.07867e-01 1.39115e-01 |
   4692 | 5.62617e+01 1.19911e-02 | 1.25331e-02 1.07867e-01 1.39115e-01 |
   4693 | 5.62737e+01 1.19911e-02 | 1.25331e-02 1.07867e-01 1.39115e-01 |
   4694 | 5.62857e+01 1.19911e-02 | 1.25331e-02 1.07867e-01 1.39115e-01 |
   4695 | 5.62977e+01 1.19911e-02 | 1.25331e-02 1.07867e-01 1.39115e-01 |
   4696 | 5.63096e+01 1.19910e-02 | 1.25331e-02 1.07867e-01 1.39115e-01 |
   4697 | 5.63216e+01 1.19910e-02 | 1.25331e-02 1.07867e-01 1.39115e-01 |
   4698 | 5.63336e+01 1.19910e-02 | 1.25331e-02 1.07867e-01 1.39115e-01 |
   4699 | 5.63456e+01 1.19910e-02 | 1.25331e-02 1.07867e-01 1.39115e-01 |
   4700 | 5.63576e+01 1.19910e-02 | 1.25331e-02 1.07867e-01 1.39115e-01 |
   4701 | 5.63696e+01 1.19910e-02 | 1.25331e-02 1.07867e-01 1.39115e-01 |
   4702 | 5.63816e+01 1.19910e-02 | 1.25331e-02 1.07867e-01 1.39115e-01 |
   4703 | 5.63936e+01 1.19910e-02 | 1.25331e-02 1.07867e-01 1.39115e-01 |
   4704 | 5.64056e+01 1.19910e-02 | 1.25331e-02 1.07867e-01 1.39115e-01 |
   4705 | 5.64176e+01 1.19910e-02 | 1.25331e-02 1.07867e-01 1.39115e-01 |
   4706 | 5.64296e+01 1.19910e-02 | 1.25331e-02 1.07867e-01 1.39115e-01 |
   4707 | 5.64415e+01 1.19911e-02 | 1.25331e-02 1.07867e-01 1.39115e-01 |
   4708 | 5.64535e+01 1.19911e-02 | 1.25331e-02 1.07867e-01 1.39115e-01 |
   4709 | 5.64655e+01 1.19911e-02 | 1.25331e-02 1.07867e-01 1.39115e-01 |
   4710 | 5.64775e+01 1.19911e-02 | 1.25331e-02 1.07867e-01 1.39115e-01 |
   4711 | 5.64895e+01 1.19911e-02 | 1.25331e-02 1.07867e-01 1.39115e-01 |
   4712 | 5.65015e+01 1.19911e-02 | 1.25331e-02 1.07867e-01 1.39115e-01 |
   4713 | 5.65135e+01 1.19911e-02 | 1.25331e-02 1.07867e-01 1.39115e-01 |
   4714 | 5.65255e+01 1.19910e-02 | 1.25331e-02 1.07867e-01 1.39115e-01 |
   4715 | 5.65375e+01 1.19910e-02 | 1.25331e-02 1.07867e-01 1.39115e-01 |
   4716 | 5.65495e+01 1.19910e-02 | 1.25331e-02 1.07867e-01 1.39115e-01 |
   4717 | 5.65615e+01 1.19910e-02 | 1.25331e-02 1.07867e-01 1.39115e-01 |
   4718 | 5.65734e+01 1.19910e-02 | 1.25331e-02 1.07867e-01 1.39115e-01 |
   4719 | 5.65854e+01 1.19909e-02 | 1.25331e-02 1.07867e-01 1.39115e-01 |
   4720 | 5.65974e+01 1.19909e-02 | 1.25331e-02 1.07867e-01 1.39115e-01 |
   4721 | 5.66094e+01 1.19909e-02 | 1.25331e-02 1.07867e-01 1.39115e-01 |
   4722 | 5.66214e+01 1.19909e-02 | 1.25331e-02 1.07867e-01 1.39115e-01 |
   4723 | 5.66334e+01 1.19909e-02 | 1.25331e-02 1.07867e-01 1.39115e-01 |
   4724 | 5.66454e+01 1.19909e-02 | 1.25331e-02 1.07867e-01 1.39115e-01 |
   4725 | 5.66574e+01 1.19909e-02 | 1.25331e-02 1.07867e-01 1.39115e-01 |
   4726 | 5.66694e+01 1.19909e-02 | 1.25331e-02 1.07867e-01 1.39115e-01 |
   4727 | 5.66814e+01 1.19909e-02 | 1.25331e-02 1.07867e-01 1.39115e-01 |
   4728 | 5.66934e+01 1.19909e-02 | 1.25331e-02 1.07867e-01 1.39115e-01 |
   4729 | 5.67053e+01 1.19909e-02 | 1.25331e-02 1.07867e-01 1.39115e-01 |
   4730 | 5.67173e+01 1.19909e-02 | 1.25331e-02 1.07867e-01 1.39115e-01 |
   4731 | 5.67293e+01 1.19909e-02 | 1.25331e-02 1.07867e-01 1.39115e-01 |
   4732 | 5.67413e+01 1.19909e-02 | 1.25331e-02 1.07867e-01 1.39115e-01 |
   4733 | 5.67533e+01 1.19909e-02 | 1.25331e-02 1.07867e-01 1.39115e-01 |
   4734 | 5.67653e+01 1.19909e-02 | 1.25331e-02 1.07867e-01 1.39115e-01 |
   4735 | 5.67773e+01 1.19909e-02 | 1.25331e-02 1.07867e-01 1.39115e-01 |
   4736 | 5.67893e+01 1.19909e-02 | 1.25331e-02 1.07867e-01 1.39115e-01 |
   4737 | 5.68013e+01 1.19909e-02 | 1.25331e-02 1.07867e-01 1.39115e-01 |
   4738 | 5.68133e+01 1.19909e-02 | 1.25331e-02 1.07867e-01 1.39115e-01 |
   4739 | 5.68253e+01 1.19909e-02 | 1.25331e-02 1.07867e-01 1.39115e-01 |
   4740 | 5.68372e+01 1.19909e-02 | 1.25331e-02 1.07867e-01 1.39115e-01 |
   4741 | 5.68492e+01 1.19910e-02 | 1.25331e-02 1.07867e-01 1.39115e-01 |
   4742 | 5.68612e+01 1.19910e-02 | 1.25331e-02 1.07867e-01 1.39115e-01 |
   4743 | 5.68732e+01 1.19910e-02 | 1.25331e-02 1.07867e-01 1.39115e-01 |
   4744 | 5.68852e+01 1.19910e-02 | 1.25331e-02 1.07867e-01 1.39115e-01 |
   4745 | 5.68972e+01 1.19910e-02 | 1.25331e-02 1.07867e-01 1.39115e-01 |
   4746 | 5.69092e+01 1.19910e-02 | 1.25331e-02 1.07867e-01 1.39115e-01 |
   4747 | 5.69212e+01 1.19910e-02 | 1.25331e-02 1.07867e-01 1.39115e-01 |
   4748 | 5.69332e+01 1.19910e-02 | 1.25331e-02 1.07867e-01 1.39115e-01 |
   4749 | 5.69452e+01 1.19911e-02 | 1.25331e-02 1.07867e-01 1.39115e-01 |
   4750 | 5.69572e+01 1.19911e-02 | 1.25331e-02 1.07867e-01 1.39115e-01 |
   4751 | 5.69691e+01 1.19911e-02 | 1.25331e-02 1.07867e-01 1.39115e-01 |
   4752 | 5.69811e+01 1.19910e-02 | 1.25331e-02 1.07867e-01 1.39115e-01 |
   4753 | 5.69931e+01 1.19910e-02 | 1.25331e-02 1.07867e-01 1.39115e-01 |
   4754 | 5.70051e+01 1.19910e-02 | 1.25331e-02 1.07867e-01 1.39115e-01 |
   4755 | 5.70171e+01 1.19910e-02 | 1.25331e-02 1.07867e-01 1.39115e-01 |
   4756 | 5.70291e+01 1.19910e-02 | 1.25331e-02 1.07867e-01 1.39115e-01 |
   4757 | 5.70411e+01 1.19910e-02 | 1.25331e-02 1.07867e-01 1.39115e-01 |
   4758 | 5.70531e+01 1.19909e-02 | 1.25331e-02 1.07867e-01 1.39115e-01 |
   4759 | 5.70651e+01 1.19909e-02 | 1.25331e-02 1.07867e-01 1.39115e-01 |
   4760 | 5.70771e+01 1.19909e-02 | 1.25331e-02 1.07867e-01 1.39115e-01 |
   4761 | 5.70891e+01 1.19909e-02 | 1.25331e-02 1.07867e-01 1.39115e-01 |
   4762 | 5.71010e+01 1.19909e-02 | 1.25331e-02 1.07867e-01 1.39115e-01 |
   4763 | 5.71130e+01 1.19909e-02 | 1.25331e-02 1.07867e-01 1.39115e-01 |
   4764 | 5.71250e+01 1.19909e-02 | 1.25331e-02 1.07867e-01 1.39115e-01 |
   4765 | 5.71370e+01 1.19909e-02 | 1.25331e-02 1.07867e-01 1.39115e-01 |
   4766 | 5.71490e+01 1.19909e-02 | 1.25331e-02 1.07867e-01 1.39115e-01 |
   4767 | 5.71610e+01 1.19909e-02 | 1.25331e-02 1.07867e-01 1.39115e-01 |
   4768 | 5.71730e+01 1.19909e-02 | 1.25331e-02 1.07867e-01 1.39115e-01 |
   4769 | 5.71850e+01 1.19909e-02 | 1.25331e-02 1.07867e-01 1.39115e-01 |
   4770 | 5.71970e+01 1.19909e-02 | 1.25331e-02 1.07867e-01 1.39115e-01 |
   4771 | 5.72090e+01 1.19909e-02 | 1.25331e-02 1.07867e-01 1.39115e-01 |
   4772 | 5.72210e+01 1.19909e-02 | 1.25331e-02 1.07867e-01 1.39115e-01 |
   4773 | 5.72329e+01 1.19909e-02 | 1.25331e-02 1.07867e-01 1.39115e-01 |
   4774 | 5.72449e+01 1.19909e-02 | 1.25331e-02 1.07867e-01 1.39115e-01 |
   4775 | 5.72569e+01 1.19909e-02 | 1.25331e-02 1.07867e-01 1.39115e-01 |
   4776 | 5.72689e+01 1.19909e-02 | 1.25331e-02 1.07867e-01 1.39115e-01 |
   4777 | 5.72809e+01 1.19910e-02 | 1.25331e-02 1.07867e-01 1.39115e-01 |
   4778 | 5.72929e+01 1.19910e-02 | 1.25331e-02 1.07867e-01 1.39115e-01 |
   4779 | 5.73049e+01 1.19910e-02 | 1.25331e-02 1.07867e-01 1.39115e-01 |
   4780 | 5.73169e+01 1.19910e-02 | 1.25331e-02 1.07867e-01 1.39115e-01 |
   4781 | 5.73289e+01 1.19910e-02 | 1.25331e-02 1.07867e-01 1.39115e-01 |
   4782 | 5.73409e+01 1.19910e-02 | 1.25331e-02 1.07867e-01 1.39115e-01 |
   4783 | 5.73529e+01 1.19911e-02 | 1.25331e-02 1.07867e-01 1.39115e-01 |
   4784 | 5.73648e+01 1.19911e-02 | 1.25331e-02 1.07867e-01 1.39115e-01 |
   4785 | 5.73768e+01 1.19911e-02 | 1.25331e-02 1.07867e-01 1.39115e-01 |
   4786 | 5.73888e+01 1.19911e-02 | 1.25331e-02 1.07867e-01 1.39115e-01 |
   4787 | 5.74008e+01 1.19911e-02 | 1.25331e-02 1.07867e-01 1.39115e-01 |
   4788 | 5.74128e+01 1.19911e-02 | 1.25331e-02 1.07867e-01 1.39115e-01 |
   4789 | 5.74248e+01 1.19911e-02 | 1.25331e-02 1.07867e-01 1.39115e-01 |
   4790 | 5.74368e+01 1.19911e-02 | 1.25331e-02 1.07867e-01 1.39115e-01 |
   4791 | 5.74488e+01 1.19910e-02 | 1.25331e-02 1.07867e-01 1.39115e-01 |
   4792 | 5.74608e+01 1.19910e-02 | 1.25331e-02 1.07867e-01 1.39115e-01 |
   4793 | 5.74728e+01 1.19910e-02 | 1.25331e-02 1.07867e-01 1.39115e-01 |
   4794 | 5.74848e+01 1.19910e-02 | 1.25331e-02 1.07867e-01 1.39115e-01 |
   4795 | 5.74967e+01 1.19910e-02 | 1.25331e-02 1.07867e-01 1.39115e-01 |
   4796 | 5.75087e+01 1.19910e-02 | 1.25331e-02 1.07867e-01 1.39115e-01 |
   4797 | 5.75207e+01 1.19910e-02 | 1.25331e-02 1.07867e-01 1.39115e-01 |
   4798 | 5.75327e+01 1.19909e-02 | 1.25331e-02 1.07867e-01 1.39115e-01 |
   4799 | 5.75447e+01 1.19909e-02 | 1.25331e-02 1.07867e-01 1.39115e-01 |
   4800 | 5.75567e+01 1.19909e-02 | 1.25331e-02 1.07867e-01 1.39115e-01 |
   4801 | 5.75687e+01 1.19909e-02 | 1.25331e-02 1.07867e-01 1.39115e-01 |
   4802 | 5.75807e+01 1.19909e-02 | 1.25331e-02 1.07867e-01 1.39115e-01 |
   4803 | 5.75927e+01 1.19909e-02 | 1.25331e-02 1.07867e-01 1.39115e-01 |
   4804 | 5.76047e+01 1.19909e-02 | 1.25331e-02 1.07867e-01 1.39115e-01 |
   4805 | 5.76167e+01 1.19909e-02 | 1.25331e-02 1.07867e-01 1.39115e-01 |
   4806 | 5.76287e+01 1.19909e-02 | 1.25331e-02 1.07867e-01 1.39115e-01 |
   4807 | 5.76406e+01 1.19909e-02 | 1.25331e-02 1.07867e-01 1.39115e-01 |
   4808 | 5.76526e+01 1.19909e-02 | 1.25331e-02 1.07867e-01 1.39115e-01 |
   4809 | 5.76646e+01 1.19909e-02 | 1.25331e-02 1.07867e-01 1.39115e-01 |
   4810 | 5.76766e+01 1.19909e-02 | 1.25331e-02 1.07867e-01 1.39115e-01 |
   4811 | 5.76886e+01 1.19910e-02 | 1.25331e-02 1.07867e-01 1.39115e-01 |
   4812 | 5.77006e+01 1.19910e-02 | 1.25331e-02 1.07867e-01 1.39115e-01 |
   4813 | 5.77126e+01 1.19910e-02 | 1.25331e-02 1.07867e-01 1.39115e-01 |
   4814 | 5.77246e+01 1.19910e-02 | 1.25331e-02 1.07867e-01 1.39115e-01 |
   4815 | 5.77366e+01 1.19910e-02 | 1.25331e-02 1.07867e-01 1.39115e-01 |
   4816 | 5.77486e+01 1.19910e-02 | 1.25331e-02 1.07867e-01 1.39115e-01 |
   4817 | 5.77606e+01 1.19910e-02 | 1.25331e-02 1.07867e-01 1.39115e-01 |
   4818 | 5.77725e+01 1.19910e-02 | 1.25331e-02 1.07867e-01 1.39115e-01 |
   4819 | 5.77845e+01 1.19911e-02 | 1.25331e-02 1.07867e-01 1.39115e-01 |
   4820 | 5.77965e+01 1.19911e-02 | 1.25331e-02 1.07867e-01 1.39115e-01 |
   4821 | 5.78085e+01 1.19911e-02 | 1.25331e-02 1.07867e-01 1.39115e-01 |
   4822 | 5.78205e+01 1.19911e-02 | 1.25331e-02 1.07867e-01 1.39115e-01 |
   4823 | 5.78325e+01 1.19912e-02 | 1.25331e-02 1.07867e-01 1.39115e-01 |
   4824 | 5.78445e+01 1.19912e-02 | 1.25331e-02 1.07867e-01 1.39115e-01 |
   4825 | 5.78565e+01 1.19912e-02 | 1.25331e-02 1.07867e-01 1.39115e-01 |
   4826 | 5.78685e+01 1.19912e-02 | 1.25331e-02 1.07867e-01 1.39115e-01 |
   4827 | 5.78805e+01 1.19911e-02 | 1.25331e-02 1.07867e-01 1.39115e-01 |
   4828 | 5.78925e+01 1.19911e-02 | 1.25331e-02 1.07867e-01 1.39115e-01 |
   4829 | 5.79044e+01 1.19911e-02 | 1.25331e-02 1.07867e-01 1.39115e-01 |
   4830 | 5.79164e+01 1.19910e-02 | 1.25331e-02 1.07867e-01 1.39115e-01 |
   4831 | 5.79284e+01 1.19910e-02 | 1.25331e-02 1.07867e-01 1.39115e-01 |
   4832 | 5.79404e+01 1.19910e-02 | 1.25331e-02 1.07867e-01 1.39115e-01 |
   4833 | 5.79524e+01 1.19910e-02 | 1.25331e-02 1.07867e-01 1.39115e-01 |
   4834 | 5.79644e+01 1.19910e-02 | 1.25331e-02 1.07867e-01 1.39115e-01 |
   4835 | 5.79764e+01 1.19909e-02 | 1.25331e-02 1.07867e-01 1.39115e-01 |
   4836 | 5.79884e+01 1.19909e-02 | 1.25331e-02 1.07867e-01 1.39115e-01 |
   4837 | 5.80004e+01 1.19909e-02 | 1.25331e-02 1.07867e-01 1.39115e-01 |
   4838 | 5.80124e+01 1.19909e-02 | 1.25331e-02 1.07867e-01 1.39115e-01 |
   4839 | 5.80244e+01 1.19909e-02 | 1.25331e-02 1.07867e-01 1.39115e-01 |
   4840 | 5.80363e+01 1.19909e-02 | 1.25331e-02 1.07867e-01 1.39115e-01 |
   4841 | 5.80483e+01 1.19909e-02 | 1.25331e-02 1.07867e-01 1.39115e-01 |
   4842 | 5.80603e+01 1.19909e-02 | 1.25331e-02 1.07867e-01 1.39115e-01 |
   4843 | 5.80723e+01 1.19909e-02 | 1.25331e-02 1.07867e-01 1.39115e-01 |
   4844 | 5.80843e+01 1.19908e-02 | 1.25331e-02 1.07867e-01 1.39115e-01 |
   4845 | 5.80963e+01 1.19908e-02 | 1.25331e-02 1.07867e-01 1.39115e-01 |
   4846 | 5.81083e+01 1.19908e-02 | 1.25331e-02 1.07867e-01 1.39115e-01 |
   4847 | 5.81203e+01 1.19908e-02 | 1.25331e-02 1.07867e-01 1.39115e-01 |
   4848 | 5.81323e+01 1.19908e-02 | 1.25331e-02 1.07867e-01 1.39115e-01 |
   4849 | 5.81443e+01 1.19908e-02 | 1.25331e-02 1.07867e-01 1.39115e-01 |
   4850 | 5.81563e+01 1.19908e-02 | 1.25331e-02 1.07867e-01 1.39115e-01 |
   4851 | 5.81682e+01 1.19908e-02 | 1.25331e-02 1.07867e-01 1.39115e-01 |
   4852 | 5.81802e+01 1.19909e-02 | 1.25331e-02 1.07867e-01 1.39115e-01 |
   4853 | 5.81922e+01 1.19909e-02 | 1.25331e-02 1.07867e-01 1.39115e-01 |
   4854 | 5.82042e+01 1.19909e-02 | 1.25331e-02 1.07867e-01 1.39115e-01 |
   4855 | 5.82162e+01 1.19909e-02 | 1.25331e-02 1.07867e-01 1.39115e-01 |
   4856 | 5.82282e+01 1.19909e-02 | 1.25331e-02 1.07867e-01 1.39115e-01 |
   4857 | 5.82402e+01 1.19909e-02 | 1.25331e-02 1.07867e-01 1.39115e-01 |
   4858 | 5.82522e+01 1.19909e-02 | 1.25331e-02 1.07867e-01 1.39115e-01 |
   4859 | 5.82642e+01 1.19909e-02 | 1.25331e-02 1.07867e-01 1.39115e-01 |
   4860 | 5.82762e+01 1.19909e-02 | 1.25331e-02 1.07867e-01 1.39115e-01 |
   4861 | 5.82882e+01 1.19910e-02 | 1.25331e-02 1.07867e-01 1.39115e-01 |
   4862 | 5.83001e+01 1.19910e-02 | 1.25331e-02 1.07867e-01 1.39115e-01 |
   4863 | 5.83121e+01 1.19910e-02 | 1.25331e-02 1.07867e-01 1.39115e-01 |
   4864 | 5.83241e+01 1.19910e-02 | 1.25331e-02 1.07867e-01 1.39115e-01 |
   4865 | 5.83361e+01 1.19910e-02 | 1.25331e-02 1.07867e-01 1.39115e-01 |
   4866 | 5.83481e+01 1.19911e-02 | 1.25331e-02 1.07867e-01 1.39115e-01 |
   4867 | 5.83601e+01 1.19911e-02 | 1.25331e-02 1.07867e-01 1.39115e-01 |
   4868 | 5.83721e+01 1.19910e-02 | 1.25331e-02 1.07867e-01 1.39115e-01 |
   4869 | 5.83841e+01 1.19910e-02 | 1.25331e-02 1.07867e-01 1.39115e-01 |
   4870 | 5.83961e+01 1.19910e-02 | 1.25331e-02 1.07867e-01 1.39115e-01 |
   4871 | 5.84081e+01 1.19910e-02 | 1.25331e-02 1.07867e-01 1.39115e-01 |
   4872 | 5.84201e+01 1.19910e-02 | 1.25331e-02 1.07867e-01 1.39115e-01 |
   4873 | 5.84320e+01 1.19909e-02 | 1.25331e-02 1.07867e-01 1.39115e-01 |
   4874 | 5.84440e+01 1.19909e-02 | 1.25331e-02 1.07867e-01 1.39115e-01 |
   4875 | 5.84560e+01 1.19909e-02 | 1.25331e-02 1.07867e-01 1.39115e-01 |
   4876 | 5.84680e+01 1.19909e-02 | 1.25331e-02 1.07867e-01 1.39115e-01 |
   4877 | 5.84800e+01 1.19909e-02 | 1.25331e-02 1.07867e-01 1.39115e-01 |
   4878 | 5.84920e+01 1.19909e-02 | 1.25331e-02 1.07867e-01 1.39115e-01 |
   4879 | 5.85040e+01 1.19909e-02 | 1.25331e-02 1.07867e-01 1.39115e-01 |
   4880 | 5.85160e+01 1.19909e-02 | 1.25331e-02 1.07867e-01 1.39115e-01 |
   4881 | 5.85280e+01 1.19909e-02 | 1.25331e-02 1.07867e-01 1.39115e-01 |
   4882 | 5.85400e+01 1.19908e-02 | 1.25331e-02 1.07867e-01 1.39115e-01 |
   4883 | 5.85520e+01 1.19908e-02 | 1.25331e-02 1.07867e-01 1.39115e-01 |
   4884 | 5.85639e+01 1.19908e-02 | 1.25331e-02 1.07867e-01 1.39115e-01 |
   4885 | 5.85759e+01 1.19908e-02 | 1.25331e-02 1.07867e-01 1.39115e-01 |
   4886 | 5.85879e+01 1.19908e-02 | 1.25331e-02 1.07867e-01 1.39115e-01 |
   4887 | 5.85999e+01 1.19908e-02 | 1.25331e-02 1.07867e-01 1.39115e-01 |
   4888 | 5.86119e+01 1.19908e-02 | 1.25331e-02 1.07867e-01 1.39115e-01 |
   4889 | 5.86239e+01 1.19909e-02 | 1.25331e-02 1.07867e-01 1.39115e-01 |
   4890 | 5.86359e+01 1.19909e-02 | 1.25331e-02 1.07867e-01 1.39115e-01 |
   4891 | 5.86479e+01 1.19909e-02 | 1.25331e-02 1.07867e-01 1.39115e-01 |
   4892 | 5.86599e+01 1.19909e-02 | 1.25331e-02 1.07867e-01 1.39115e-01 |
   4893 | 5.86719e+01 1.19909e-02 | 1.25331e-02 1.07867e-01 1.39115e-01 |
   4894 | 5.86839e+01 1.19909e-02 | 1.25331e-02 1.07867e-01 1.39115e-01 |
   4895 | 5.86958e+01 1.19909e-02 | 1.25331e-02 1.07867e-01 1.39115e-01 |
   4896 | 5.87078e+01 1.19909e-02 | 1.25331e-02 1.07867e-01 1.39115e-01 |
   4897 | 5.87198e+01 1.19909e-02 | 1.25331e-02 1.07867e-01 1.39115e-01 |
   4898 | 5.87318e+01 1.19910e-02 | 1.25331e-02 1.07867e-01 1.39115e-01 |
   4899 | 5.87438e+01 1.19910e-02 | 1.25331e-02 1.07867e-01 1.39115e-01 |
   4900 | 5.87558e+01 1.19910e-02 | 1.25331e-02 1.07867e-01 1.39115e-01 |
   4901 | 5.87678e+01 1.19910e-02 | 1.25331e-02 1.07867e-01 1.39115e-01 |
   4902 | 5.87798e+01 1.19910e-02 | 1.25331e-02 1.07867e-01 1.39115e-01 |
   4903 | 5.87918e+01 1.19911e-02 | 1.25331e-02 1.07867e-01 1.39115e-01 |
   4904 | 5.88038e+01 1.19911e-02 | 1.25331e-02 1.07867e-01 1.39115e-01 |
   4905 | 5.88158e+01 1.19910e-02 | 1.25331e-02 1.07867e-01 1.39115e-01 |
   4906 | 5.88277e+01 1.19910e-02 | 1.25331e-02 1.07867e-01 1.39115e-01 |
   4907 | 5.88397e+01 1.19910e-02 | 1.25331e-02 1.07867e-01 1.39115e-01 |
   4908 | 5.88517e+01 1.19910e-02 | 1.25331e-02 1.07867e-01 1.39115e-01 |
   4909 | 5.88637e+01 1.19910e-02 | 1.25331e-02 1.07867e-01 1.39115e-01 |
   4910 | 5.88757e+01 1.19909e-02 | 1.25331e-02 1.07867e-01 1.39115e-01 |
   4911 | 5.88877e+01 1.19909e-02 | 1.25331e-02 1.07867e-01 1.39115e-01 |
   4912 | 5.88997e+01 1.19909e-02 | 1.25331e-02 1.07867e-01 1.39115e-01 |
   4913 | 5.89117e+01 1.19909e-02 | 1.25331e-02 1.07867e-01 1.39115e-01 |
   4914 | 5.89237e+01 1.19909e-02 | 1.25331e-02 1.07867e-01 1.39115e-01 |
   4915 | 5.89357e+01 1.19909e-02 | 1.25331e-02 1.07867e-01 1.39115e-01 |
   4916 | 5.89477e+01 1.19909e-02 | 1.25331e-02 1.07867e-01 1.39115e-01 |
   4917 | 5.89596e+01 1.19909e-02 | 1.25331e-02 1.07867e-01 1.39115e-01 |
   4918 | 5.89716e+01 1.19909e-02 | 1.25331e-02 1.07867e-01 1.39115e-01 |
   4919 | 5.89836e+01 1.19908e-02 | 1.25331e-02 1.07867e-01 1.39115e-01 |
   4920 | 5.89956e+01 1.19908e-02 | 1.25331e-02 1.07867e-01 1.39115e-01 |
   4921 | 5.90076e+01 1.19908e-02 | 1.25331e-02 1.07867e-01 1.39115e-01 |
   4922 | 5.90196e+01 1.19908e-02 | 1.25331e-02 1.07867e-01 1.39115e-01 |
   4923 | 5.90316e+01 1.19908e-02 | 1.25331e-02 1.07867e-01 1.39115e-01 |
   4924 | 5.90436e+01 1.19908e-02 | 1.25331e-02 1.07867e-01 1.39115e-01 |
   4925 | 5.90556e+01 1.19908e-02 | 1.25331e-02 1.07867e-01 1.39115e-01 |
   4926 | 5.90676e+01 1.19908e-02 | 1.25331e-02 1.07867e-01 1.39115e-01 |
   4927 | 5.90796e+01 1.19909e-02 | 1.25331e-02 1.07867e-01 1.39115e-01 |
   4928 | 5.90915e+01 1.19909e-02 | 1.25331e-02 1.07867e-01 1.39115e-01 |
   4929 | 5.91035e+01 1.19909e-02 | 1.25331e-02 1.07867e-01 1.39115e-01 |
   4930 | 5.91155e+01 1.19909e-02 | 1.25331e-02 1.07867e-01 1.39115e-01 |
   4931 | 5.91275e+01 1.19909e-02 | 1.25331e-02 1.07867e-01 1.39115e-01 |
   4932 | 5.91395e+01 1.19909e-02 | 1.25331e-02 1.07867e-01 1.39115e-01 |
   4933 | 5.91515e+01 1.19909e-02 | 1.25331e-02 1.07867e-01 1.39115e-01 |
   4934 | 5.91635e+01 1.19909e-02 | 1.25331e-02 1.07867e-01 1.39115e-01 |
   4935 | 5.91755e+01 1.19909e-02 | 1.25331e-02 1.07867e-01 1.39115e-01 |
   4936 | 5.91875e+01 1.19910e-02 | 1.25331e-02 1.07867e-01 1.39115e-01 |
   4937 | 5.91995e+01 1.19910e-02 | 1.25331e-02 1.07867e-01 1.39115e-01 |
   4938 | 5.92115e+01 1.19910e-02 | 1.25331e-02 1.07867e-01 1.39115e-01 |
   4939 | 5.92234e+01 1.19910e-02 | 1.25331e-02 1.07867e-01 1.39115e-01 |
   4940 | 5.92354e+01 1.19910e-02 | 1.25331e-02 1.07867e-01 1.39115e-01 |
   4941 | 5.92474e+01 1.19911e-02 | 1.25331e-02 1.07867e-01 1.39115e-01 |
   4942 | 5.92594e+01 1.19911e-02 | 1.25331e-02 1.07867e-01 1.39115e-01 |
   4943 | 5.92714e+01 1.19911e-02 | 1.25331e-02 1.07867e-01 1.39115e-01 |
   4944 | 5.92834e+01 1.19911e-02 | 1.25331e-02 1.07867e-01 1.39115e-01 |
   4945 | 5.92954e+01 1.19912e-02 | 1.25331e-02 1.07867e-01 1.39115e-01 |
   4946 | 5.93074e+01 1.19912e-02 | 1.25331e-02 1.07867e-01 1.39115e-01 |
   4947 | 5.93194e+01 1.19912e-02 | 1.25331e-02 1.07867e-01 1.39115e-01 |
   4948 | 5.93314e+01 1.19911e-02 | 1.25331e-02 1.07867e-01 1.39115e-01 |
   4949 | 5.93434e+01 1.19911e-02 | 1.25331e-02 1.07867e-01 1.39115e-01 |
   4950 | 5.93553e+01 1.19911e-02 | 1.25331e-02 1.07867e-01 1.39115e-01 |
   4951 | 5.93673e+01 1.19911e-02 | 1.25331e-02 1.07867e-01 1.39115e-01 |
   4952 | 5.93793e+01 1.19911e-02 | 1.25331e-02 1.07867e-01 1.39115e-01 |
   4953 | 5.93913e+01 1.19910e-02 | 1.25331e-02 1.07867e-01 1.39115e-01 |
   4954 | 5.94033e+01 1.19910e-02 | 1.25331e-02 1.07867e-01 1.39115e-01 |
   4955 | 5.94153e+01 1.19910e-02 | 1.25331e-02 1.07867e-01 1.39115e-01 |
   4956 | 5.94273e+01 1.19910e-02 | 1.25331e-02 1.07867e-01 1.39115e-01 |
   4957 | 5.94393e+01 1.19910e-02 | 1.25331e-02 1.07867e-01 1.39115e-01 |
   4958 | 5.94513e+01 1.19910e-02 | 1.25331e-02 1.07867e-01 1.39115e-01 |
   4959 | 5.94633e+01 1.19910e-02 | 1.25331e-02 1.07867e-01 1.39115e-01 |
   4960 | 5.94753e+01 1.19910e-02 | 1.25331e-02 1.07867e-01 1.39115e-01 |
   4961 | 5.94872e+01 1.19909e-02 | 1.25331e-02 1.07867e-01 1.39115e-01 |
   4962 | 5.94992e+01 1.19909e-02 | 1.25331e-02 1.07867e-01 1.39115e-01 |
   4963 | 5.95112e+01 1.19909e-02 | 1.25331e-02 1.07867e-01 1.39115e-01 |
   4964 | 5.95232e+01 1.19909e-02 | 1.25331e-02 1.07867e-01 1.39115e-01 |
   4965 | 5.95352e+01 1.19909e-02 | 1.25331e-02 1.07867e-01 1.39115e-01 |
   4966 | 5.95472e+01 1.19909e-02 | 1.25331e-02 1.07867e-01 1.39115e-01 |
   4967 | 5.95592e+01 1.19909e-02 | 1.25331e-02 1.07867e-01 1.39115e-01 |
   4968 | 5.95712e+01 1.19909e-02 | 1.25331e-02 1.07867e-01 1.39115e-01 |
   4969 | 5.95832e+01 1.19909e-02 | 1.25331e-02 1.07867e-01 1.39115e-01 |
   4970 | 5.95952e+01 1.19909e-02 | 1.25331e-02 1.07867e-01 1.39115e-01 |
   4971 | 5.96072e+01 1.19909e-02 | 1.25331e-02 1.07867e-01 1.39115e-01 |
   4972 | 5.96191e+01 1.19910e-02 | 1.25331e-02 1.07867e-01 1.39115e-01 |
   4973 | 5.96311e+01 1.19910e-02 | 1.25331e-02 1.07867e-01 1.39115e-01 |
   4974 | 5.96431e+01 1.19910e-02 | 1.25331e-02 1.07867e-01 1.39115e-01 |
   4975 | 5.96551e+01 1.19910e-02 | 1.25331e-02 1.07867e-01 1.39115e-01 |
   4976 | 5.96671e+01 1.19910e-02 | 1.25331e-02 1.07867e-01 1.39115e-01 |
   4977 | 5.96791e+01 1.19910e-02 | 1.25331e-02 1.07867e-01 1.39115e-01 |
   4978 | 5.96911e+01 1.19910e-02 | 1.25331e-02 1.07867e-01 1.39115e-01 |
   4979 | 5.97031e+01 1.19910e-02 | 1.25331e-02 1.07867e-01 1.39115e-01 |
   4980 | 5.97151e+01 1.19911e-02 | 1.25331e-02 1.07867e-01 1.39115e-01 |
   4981 | 5.97271e+01 1.19911e-02 | 1.25331e-02 1.07867e-01 1.39115e-01 |
   4982 | 5.97391e+01 1.19911e-02 | 1.25331e-02 1.07867e-01 1.39115e-01 |
   4983 | 5.97510e+01 1.19911e-02 | 1.25331e-02 1.07867e-01 1.39115e-01 |
   4984 | 5.97630e+01 1.19911e-02 | 1.25331e-02 1.07867e-01 1.39115e-01 |
   4985 | 5.97750e+01 1.19911e-02 | 1.25331e-02 1.07867e-01 1.39115e-01 |
   4986 | 5.97870e+01 1.19911e-02 | 1.25331e-02 1.07867e-01 1.39115e-01 |
   4987 | 5.97990e+01 1.19911e-02 | 1.25331e-02 1.07867e-01 1.39115e-01 |
   4988 | 5.98110e+01 1.19911e-02 | 1.25331e-02 1.07867e-01 1.39115e-01 |
   4989 | 5.98230e+01 1.19910e-02 | 1.25331e-02 1.07867e-01 1.39115e-01 |
   4990 | 5.98350e+01 1.19910e-02 | 1.25331e-02 1.07867e-01 1.39115e-01 |
   4991 | 5.98470e+01 1.19910e-02 | 1.25331e-02 1.07867e-01 1.39115e-01 |
   4992 | 5.98590e+01 1.19910e-02 | 1.25331e-02 1.07867e-01 1.39115e-01 |
   4993 | 5.98710e+01 1.19910e-02 | 1.25331e-02 1.07867e-01 1.39115e-01 |
   4994 | 5.98830e+01 1.19910e-02 | 1.25331e-02 1.07867e-01 1.39115e-01 |
   4995 | 5.98949e+01 1.19910e-02 | 1.25331e-02 1.07867e-01 1.39115e-01 |
   4996 | 5.99069e+01 1.19909e-02 | 1.25331e-02 1.07867e-01 1.39115e-01 |
   4997 | 5.99189e+01 1.19909e-02 | 1.25331e-02 1.07867e-01 1.39115e-01 |
   4998 | 5.99309e+01 1.19909e-02 | 1.25331e-02 1.07867e-01 1.39115e-01 |
   4999 | 5.99429e+01 1.19909e-02 | 1.25331e-02 1.07867e-01 1.39115e-01 |
   5000 | 5.99549e+01 1.19909e-02 | 1.25331e-02 1.07867e-01 1.39115e-01 |
   5001 | 5.99669e+01 1.19909e-02 | 1.25331e-02 1.07867e-01 1.39115e-01 |
   5002 | 5.99789e+01 1.19909e-02 | 1.25331e-02 1.07867e-01 1.39115e-01 |
   5003 | 5.99909e+01 1.19909e-02 | 1.25331e-02 1.07867e-01 1.39115e-01 |
   5004 | 6.00029e+01 1.19909e-02 | 1.25331e-02 1.07867e-01 1.39115e-01 |
   5005 | 6.00149e+01 1.19909e-02 | 1.25331e-02 1.07867e-01 1.39115e-01 |
   5006 | 6.00268e+01 1.19909e-02 | 1.25331e-02 1.07867e-01 1.39115e-01 |
   5007 | 6.00388e+01 1.19909e-02 | 1.25331e-02 1.07867e-01 1.39115e-01 |
   5008 | 6.00508e+01 1.19909e-02 | 1.25331e-02 1.07867e-01 1.39115e-01 |
   5009 | 6.00628e+01 1.19909e-02 | 1.25331e-02 1.07867e-01 1.39115e-01 |
   5010 | 6.00748e+01 1.19909e-02 | 1.25331e-02 1.07867e-01 1.39115e-01 |
   5011 | 6.00868e+01 1.19909e-02 | 1.25331e-02 1.07867e-01 1.39115e-01 |
   5012 | 6.00988e+01 1.19910e-02 | 1.25331e-02 1.07867e-01 1.39115e-01 |
   5013 | 6.01108e+01 1.19910e-02 | 1.25331e-02 1.07867e-01 1.39115e-01 |
   5014 | 6.01228e+01 1.19910e-02 | 1.25331e-02 1.07867e-01 1.39115e-01 |
   5015 | 6.01348e+01 1.19910e-02 | 1.25331e-02 1.07867e-01 1.39115e-01 |
   5016 | 6.01468e+01 1.19910e-02 | 1.25331e-02 1.07867e-01 1.39115e-01 |
   5017 | 6.01587e+01 1.19910e-02 | 1.25331e-02 1.07867e-01 1.39115e-01 |
   5018 | 6.01707e+01 1.19910e-02 | 1.25331e-02 1.07867e-01 1.39115e-01 |
   5019 | 6.01827e+01 1.19911e-02 | 1.25331e-02 1.07867e-01 1.39115e-01 |
   5020 | 6.01947e+01 1.19911e-02 | 1.25331e-02 1.07867e-01 1.39115e-01 |
   5021 | 6.02067e+01 1.19910e-02 | 1.25331e-02 1.07867e-01 1.39115e-01 |
   5022 | 6.02187e+01 1.19910e-02 | 1.25331e-02 1.07867e-01 1.39115e-01 |
   5023 | 6.02307e+01 1.19910e-02 | 1.25331e-02 1.07867e-01 1.39115e-01 |
   5024 | 6.02427e+01 1.19910e-02 | 1.25331e-02 1.07867e-01 1.39115e-01 |
   5025 | 6.02547e+01 1.19910e-02 | 1.25331e-02 1.07867e-01 1.39115e-01 |
   5026 | 6.02667e+01 1.19910e-02 | 1.25331e-02 1.07867e-01 1.39115e-01 |
   5027 | 6.02787e+01 1.19910e-02 | 1.25331e-02 1.07867e-01 1.39115e-01 |
   5028 | 6.02906e+01 1.19910e-02 | 1.25331e-02 1.07867e-01 1.39115e-01 |
   5029 | 6.03026e+01 1.19910e-02 | 1.25331e-02 1.07867e-01 1.39115e-01 |
   5030 | 6.03146e+01 1.19910e-02 | 1.25331e-02 1.07867e-01 1.39115e-01 |
   5031 | 6.03266e+01 1.19909e-02 | 1.25331e-02 1.07867e-01 1.39115e-01 |
   5032 | 6.03386e+01 1.19909e-02 | 1.25331e-02 1.07867e-01 1.39115e-01 |
   5033 | 6.03506e+01 1.19909e-02 | 1.25331e-02 1.07867e-01 1.39115e-01 |
   5034 | 6.03626e+01 1.19909e-02 | 1.25331e-02 1.07867e-01 1.39115e-01 |
   5035 | 6.03746e+01 1.19909e-02 | 1.25331e-02 1.07867e-01 1.39115e-01 |
   5036 | 6.03866e+01 1.19909e-02 | 1.25331e-02 1.07867e-01 1.39115e-01 |
   5037 | 6.03986e+01 1.19909e-02 | 1.25331e-02 1.07867e-01 1.39115e-01 |
   5038 | 6.04106e+01 1.19909e-02 | 1.25331e-02 1.07867e-01 1.39115e-01 |
   5039 | 6.04225e+01 1.19909e-02 | 1.25331e-02 1.07867e-01 1.39115e-01 |
   5040 | 6.04345e+01 1.19909e-02 | 1.25331e-02 1.07867e-01 1.39115e-01 |
   5041 | 6.04465e+01 1.19909e-02 | 1.25331e-02 1.07867e-01 1.39115e-01 |
   5042 | 6.04585e+01 1.19909e-02 | 1.25331e-02 1.07867e-01 1.39115e-01 |
   5043 | 6.04705e+01 1.19909e-02 | 1.25331e-02 1.07867e-01 1.39115e-01 |
   5044 | 6.04825e+01 1.19909e-02 | 1.25331e-02 1.07867e-01 1.39115e-01 |
   5045 | 6.04945e+01 1.19909e-02 | 1.25331e-02 1.07867e-01 1.39115e-01 |
   5046 | 6.05065e+01 1.19909e-02 | 1.25331e-02 1.07867e-01 1.39115e-01 |
   5047 | 6.05185e+01 1.19909e-02 | 1.25331e-02 1.07867e-01 1.39115e-01 |
   5048 | 6.05305e+01 1.19909e-02 | 1.25331e-02 1.07867e-01 1.39115e-01 |
   5049 | 6.05425e+01 1.19909e-02 | 1.25331e-02 1.07867e-01 1.39115e-01 |
   5050 | 6.05544e+01 1.19909e-02 | 1.25331e-02 1.07867e-01 1.39115e-01 |
   5051 | 6.05664e+01 1.19909e-02 | 1.25331e-02 1.07867e-01 1.39115e-01 |
   5052 | 6.05784e+01 1.19910e-02 | 1.25331e-02 1.07867e-01 1.39115e-01 |
   5053 | 6.05904e+01 1.19910e-02 | 1.25331e-02 1.07867e-01 1.39115e-01 |
   5054 | 6.06024e+01 1.19910e-02 | 1.25331e-02 1.07867e-01 1.39115e-01 |
   5055 | 6.06144e+01 1.19910e-02 | 1.25331e-02 1.07867e-01 1.39115e-01 |
   5056 | 6.06264e+01 1.19910e-02 | 1.25331e-02 1.07867e-01 1.39115e-01 |
   5057 | 6.06384e+01 1.19911e-02 | 1.25331e-02 1.07867e-01 1.39115e-01 |
   5058 | 6.06504e+01 1.19911e-02 | 1.25331e-02 1.07867e-01 1.39115e-01 |
   5059 | 6.06624e+01 1.19911e-02 | 1.25331e-02 1.07867e-01 1.39115e-01 |
   5060 | 6.06744e+01 1.19911e-02 | 1.25331e-02 1.07867e-01 1.39115e-01 |
   5061 | 6.06863e+01 1.19911e-02 | 1.25331e-02 1.07867e-01 1.39115e-01 |
   5062 | 6.06983e+01 1.19910e-02 | 1.25331e-02 1.07867e-01 1.39115e-01 |
   5063 | 6.07103e+01 1.19910e-02 | 1.25331e-02 1.07867e-01 1.39115e-01 |
   5064 | 6.07223e+01 1.19910e-02 | 1.25331e-02 1.07867e-01 1.39115e-01 |
   5065 | 6.07343e+01 1.19910e-02 | 1.25331e-02 1.07867e-01 1.39115e-01 |
   5066 | 6.07463e+01 1.19910e-02 | 1.25331e-02 1.07867e-01 1.39115e-01 |
   5067 | 6.07583e+01 1.19910e-02 | 1.25331e-02 1.07867e-01 1.39115e-01 |
   5068 | 6.07703e+01 1.19910e-02 | 1.25331e-02 1.07867e-01 1.39115e-01 |
   5069 | 6.07823e+01 1.19910e-02 | 1.25331e-02 1.07867e-01 1.39115e-01 |
   5070 | 6.07943e+01 1.19910e-02 | 1.25331e-02 1.07867e-01 1.39115e-01 |
   5071 | 6.08063e+01 1.19910e-02 | 1.25331e-02 1.07867e-01 1.39115e-01 |
   5072 | 6.08182e+01 1.19910e-02 | 1.25331e-02 1.07867e-01 1.39115e-01 |
   5073 | 6.08302e+01 1.19910e-02 | 1.25331e-02 1.07867e-01 1.39115e-01 |
   5074 | 6.08422e+01 1.19910e-02 | 1.25331e-02 1.07867e-01 1.39115e-01 |
   5075 | 6.08542e+01 1.19910e-02 | 1.25331e-02 1.07867e-01 1.39115e-01 |
   5076 | 6.08662e+01 1.19910e-02 | 1.25331e-02 1.07867e-01 1.39115e-01 |
   5077 | 6.08782e+01 1.19910e-02 | 1.25331e-02 1.07867e-01 1.39115e-01 |
   5078 | 6.08902e+01 1.19911e-02 | 1.25331e-02 1.07867e-01 1.39115e-01 |
   5079 | 6.09022e+01 1.19911e-02 | 1.25331e-02 1.07867e-01 1.39115e-01 |
   5080 | 6.09142e+01 1.19911e-02 | 1.25331e-02 1.07867e-01 1.39115e-01 |
   5081 | 6.09262e+01 1.19911e-02 | 1.25331e-02 1.07867e-01 1.39115e-01 |
   5082 | 6.09382e+01 1.19911e-02 | 1.25331e-02 1.07867e-01 1.39115e-01 |
   5083 | 6.09501e+01 1.19911e-02 | 1.25331e-02 1.07867e-01 1.39115e-01 |
   5084 | 6.09621e+01 1.19911e-02 | 1.25331e-02 1.07867e-01 1.39115e-01 |
   5085 | 6.09741e+01 1.19911e-02 | 1.25331e-02 1.07867e-01 1.39115e-01 |
   5086 | 6.09861e+01 1.19911e-02 | 1.25331e-02 1.07867e-01 1.39115e-01 |
   5087 | 6.09981e+01 1.19911e-02 | 1.25331e-02 1.07867e-01 1.39115e-01 |
   5088 | 6.10101e+01 1.19911e-02 | 1.25331e-02 1.07867e-01 1.39115e-01 |
   5089 | 6.10221e+01 1.19912e-02 | 1.25331e-02 1.07867e-01 1.39115e-01 |
   5090 | 6.10341e+01 1.19912e-02 | 1.25331e-02 1.07867e-01 1.39115e-01 |
   5091 | 6.10461e+01 1.19912e-02 | 1.25331e-02 1.07867e-01 1.39115e-01 |
   5092 | 6.10581e+01 1.19912e-02 | 1.25331e-02 1.07867e-01 1.39115e-01 |
   5093 | 6.10701e+01 1.19912e-02 | 1.25331e-02 1.07867e-01 1.39115e-01 |
   5094 | 6.10821e+01 1.19912e-02 | 1.25331e-02 1.07867e-01 1.39115e-01 |
   5095 | 6.10940e+01 1.19911e-02 | 1.25331e-02 1.07867e-01 1.39115e-01 |
   5096 | 6.11060e+01 1.19911e-02 | 1.25331e-02 1.07867e-01 1.39115e-01 |
   5097 | 6.11180e+01 1.19911e-02 | 1.25331e-02 1.07867e-01 1.39115e-01 |
   5098 | 6.11300e+01 1.19911e-02 | 1.25331e-02 1.07867e-01 1.39115e-01 |
   5099 | 6.11420e+01 1.19911e-02 | 1.25331e-02 1.07867e-01 1.39115e-01 |
   5100 | 6.11540e+01 1.19911e-02 | 1.25331e-02 1.07867e-01 1.39115e-01 |
   5101 | 6.11660e+01 1.19911e-02 | 1.25331e-02 1.07867e-01 1.39115e-01 |
   5102 | 6.11780e+01 1.19911e-02 | 1.25331e-02 1.07867e-01 1.39115e-01 |
   5103 | 6.11900e+01 1.19911e-02 | 1.25331e-02 1.07867e-01 1.39115e-01 |
   5104 | 6.12020e+01 1.19911e-02 | 1.25331e-02 1.07867e-01 1.39115e-01 |
   5105 | 6.12140e+01 1.19911e-02 | 1.25331e-02 1.07867e-01 1.39115e-01 |
   5106 | 6.12259e+01 1.19911e-02 | 1.25331e-02 1.07867e-01 1.39115e-01 |
   5107 | 6.12379e+01 1.19911e-02 | 1.25331e-02 1.07867e-01 1.39115e-01 |
   5108 | 6.12499e+01 1.19911e-02 | 1.25331e-02 1.07867e-01 1.39115e-01 |
   5109 | 6.12619e+01 1.19911e-02 | 1.25331e-02 1.07867e-01 1.39115e-01 |
   5110 | 6.12739e+01 1.19911e-02 | 1.25331e-02 1.07867e-01 1.39115e-01 |
   5111 | 6.12859e+01 1.19911e-02 | 1.25331e-02 1.07867e-01 1.39115e-01 |
   5112 | 6.12979e+01 1.19911e-02 | 1.25331e-02 1.07867e-01 1.39115e-01 |
   5113 | 6.13099e+01 1.19911e-02 | 1.25331e-02 1.07867e-01 1.39115e-01 |
   5114 | 6.13219e+01 1.19911e-02 | 1.25331e-02 1.07867e-01 1.39115e-01 |
   5115 | 6.13339e+01 1.19911e-02 | 1.25331e-02 1.07867e-01 1.39115e-01 |
   5116 | 6.13459e+01 1.19911e-02 | 1.25331e-02 1.07867e-01 1.39115e-01 |
   5117 | 6.13578e+01 1.19911e-02 | 1.25331e-02 1.07867e-01 1.39115e-01 |
   5118 | 6.13698e+01 1.19911e-02 | 1.25331e-02 1.07867e-01 1.39115e-01 |
   5119 | 6.13818e+01 1.19911e-02 | 1.25331e-02 1.07867e-01 1.39115e-01 |
   5120 | 6.13938e+01 1.19911e-02 | 1.25331e-02 1.07867e-01 1.39115e-01 |
   5121 | 6.14058e+01 1.19911e-02 | 1.25331e-02 1.07867e-01 1.39115e-01 |
   5122 | 6.14178e+01 1.19911e-02 | 1.25331e-02 1.07867e-01 1.39115e-01 |
   5123 | 6.14298e+01 1.19911e-02 | 1.25331e-02 1.07867e-01 1.39115e-01 |
   5124 | 6.14418e+01 1.19911e-02 | 1.25331e-02 1.07867e-01 1.39115e-01 |
   5125 | 6.14538e+01 1.19911e-02 | 1.25331e-02 1.07867e-01 1.39115e-01 |
   5126 | 6.14658e+01 1.19911e-02 | 1.25331e-02 1.07867e-01 1.39115e-01 |
   5127 | 6.14778e+01 1.19911e-02 | 1.25331e-02 1.07867e-01 1.39115e-01 |
   5128 | 6.14897e+01 1.19911e-02 | 1.25331e-02 1.07867e-01 1.39115e-01 |
   5129 | 6.15017e+01 1.19911e-02 | 1.25331e-02 1.07867e-01 1.39115e-01 |
   5130 | 6.15137e+01 1.19911e-02 | 1.25331e-02 1.07867e-01 1.39115e-01 |
   5131 | 6.15257e+01 1.19911e-02 | 1.25331e-02 1.07867e-01 1.39115e-01 |
   5132 | 6.15377e+01 1.19911e-02 | 1.25331e-02 1.07867e-01 1.39115e-01 |
   5133 | 6.15497e+01 1.19910e-02 | 1.25331e-02 1.07867e-01 1.39115e-01 |
   5134 | 6.15617e+01 1.19910e-02 | 1.25331e-02 1.07867e-01 1.39115e-01 |
   5135 | 6.15737e+01 1.19910e-02 | 1.25331e-02 1.07867e-01 1.39115e-01 |
   5136 | 6.15857e+01 1.19910e-02 | 1.25331e-02 1.07867e-01 1.39115e-01 |
   5137 | 6.15977e+01 1.19910e-02 | 1.25331e-02 1.07867e-01 1.39115e-01 |
   5138 | 6.16097e+01 1.19909e-02 | 1.25331e-02 1.07867e-01 1.39115e-01 |
   5139 | 6.16216e+01 1.19909e-02 | 1.25331e-02 1.07867e-01 1.39115e-01 |
   5140 | 6.16336e+01 1.19909e-02 | 1.25331e-02 1.07867e-01 1.39115e-01 |
   5141 | 6.16456e+01 1.19909e-02 | 1.25331e-02 1.07867e-01 1.39115e-01 |
   5142 | 6.16576e+01 1.19909e-02 | 1.25331e-02 1.07867e-01 1.39115e-01 |
   5143 | 6.16696e+01 1.19909e-02 | 1.25331e-02 1.07867e-01 1.39115e-01 |
   5144 | 6.16816e+01 1.19909e-02 | 1.25331e-02 1.07867e-01 1.39115e-01 |
   5145 | 6.16936e+01 1.19909e-02 | 1.25331e-02 1.07867e-01 1.39115e-01 |
   5146 | 6.17056e+01 1.19909e-02 | 1.25331e-02 1.07867e-01 1.39115e-01 |
   5147 | 6.17176e+01 1.19909e-02 | 1.25331e-02 1.07867e-01 1.39115e-01 |
   5148 | 6.17296e+01 1.19909e-02 | 1.25331e-02 1.07867e-01 1.39115e-01 |
   5149 | 6.17416e+01 1.19908e-02 | 1.25331e-02 1.07867e-01 1.39115e-01 |
   5150 | 6.17535e+01 1.19908e-02 | 1.25331e-02 1.07867e-01 1.39115e-01 |
   5151 | 6.17655e+01 1.19908e-02 | 1.25331e-02 1.07867e-01 1.39115e-01 |
   5152 | 6.17775e+01 1.19909e-02 | 1.25331e-02 1.07867e-01 1.39115e-01 |
   5153 | 6.17895e+01 1.19909e-02 | 1.25331e-02 1.07867e-01 1.39115e-01 |
   5154 | 6.18015e+01 1.19909e-02 | 1.25331e-02 1.07867e-01 1.39115e-01 |
   5155 | 6.18135e+01 1.19909e-02 | 1.25331e-02 1.07867e-01 1.39115e-01 |
   5156 | 6.18255e+01 1.19909e-02 | 1.25331e-02 1.07867e-01 1.39115e-01 |
   5157 | 6.18375e+01 1.19909e-02 | 1.25331e-02 1.07867e-01 1.39115e-01 |
   5158 | 6.18495e+01 1.19909e-02 | 1.25331e-02 1.07867e-01 1.39115e-01 |
   5159 | 6.18615e+01 1.19909e-02 | 1.25331e-02 1.07867e-01 1.39115e-01 |
   5160 | 6.18735e+01 1.19909e-02 | 1.25331e-02 1.07867e-01 1.39115e-01 |
   5161 | 6.18854e+01 1.19909e-02 | 1.25331e-02 1.07867e-01 1.39115e-01 |
   5162 | 6.18974e+01 1.19909e-02 | 1.25331e-02 1.07867e-01 1.39115e-01 |
   5163 | 6.19094e+01 1.19910e-02 | 1.25331e-02 1.07867e-01 1.39115e-01 |
   5164 | 6.19214e+01 1.19910e-02 | 1.25331e-02 1.07867e-01 1.39115e-01 |
   5165 | 6.19334e+01 1.19910e-02 | 1.25331e-02 1.07867e-01 1.39115e-01 |
   5166 | 6.19454e+01 1.19910e-02 | 1.25331e-02 1.07867e-01 1.39115e-01 |
   5167 | 6.19574e+01 1.19910e-02 | 1.25331e-02 1.07867e-01 1.39115e-01 |
   5168 | 6.19694e+01 1.19911e-02 | 1.25331e-02 1.07867e-01 1.39115e-01 |
   5169 | 6.19814e+01 1.19911e-02 | 1.25331e-02 1.07867e-01 1.39115e-01 |
   5170 | 6.19934e+01 1.19911e-02 | 1.25331e-02 1.07867e-01 1.39115e-01 |
   5171 | 6.20054e+01 1.19911e-02 | 1.25331e-02 1.07867e-01 1.39115e-01 |
   5172 | 6.20173e+01 1.19910e-02 | 1.25331e-02 1.07867e-01 1.39115e-01 |
   5173 | 6.20293e+01 1.19910e-02 | 1.25331e-02 1.07867e-01 1.39115e-01 |
   5174 | 6.20413e+01 1.19910e-02 | 1.25331e-02 1.07867e-01 1.39115e-01 |
   5175 | 6.20533e+01 1.19910e-02 | 1.25331e-02 1.07867e-01 1.39115e-01 |
   5176 | 6.20653e+01 1.19910e-02 | 1.25331e-02 1.07867e-01 1.39115e-01 |
   5177 | 6.20773e+01 1.19909e-02 | 1.25331e-02 1.07867e-01 1.39115e-01 |
   5178 | 6.20893e+01 1.19909e-02 | 1.25331e-02 1.07867e-01 1.39115e-01 |
   5179 | 6.21013e+01 1.19909e-02 | 1.25331e-02 1.07867e-01 1.39115e-01 |
   5180 | 6.21133e+01 1.19909e-02 | 1.25331e-02 1.07867e-01 1.39115e-01 |
   5181 | 6.21253e+01 1.19909e-02 | 1.25331e-02 1.07867e-01 1.39115e-01 |
   5182 | 6.21373e+01 1.19909e-02 | 1.25331e-02 1.07867e-01 1.39115e-01 |
   5183 | 6.21493e+01 1.19909e-02 | 1.25331e-02 1.07867e-01 1.39115e-01 |
   5184 | 6.21612e+01 1.19909e-02 | 1.25331e-02 1.07867e-01 1.39115e-01 |
   5185 | 6.21732e+01 1.19909e-02 | 1.25331e-02 1.07867e-01 1.39115e-01 |
   5186 | 6.21852e+01 1.19909e-02 | 1.25331e-02 1.07867e-01 1.39115e-01 |
   5187 | 6.21972e+01 1.19909e-02 | 1.25331e-02 1.07867e-01 1.39115e-01 |
   5188 | 6.22092e+01 1.19909e-02 | 1.25331e-02 1.07867e-01 1.39115e-01 |
   5189 | 6.22212e+01 1.19909e-02 | 1.25331e-02 1.07867e-01 1.39115e-01 |
   5190 | 6.22332e+01 1.19909e-02 | 1.25331e-02 1.07867e-01 1.39115e-01 |
   5191 | 6.22452e+01 1.19909e-02 | 1.25331e-02 1.07867e-01 1.39115e-01 |
   5192 | 6.22572e+01 1.19909e-02 | 1.25331e-02 1.07867e-01 1.39115e-01 |
   5193 | 6.22692e+01 1.19909e-02 | 1.25331e-02 1.07867e-01 1.39115e-01 |
   5194 | 6.22811e+01 1.19909e-02 | 1.25331e-02 1.07867e-01 1.39115e-01 |
   5195 | 6.22931e+01 1.19909e-02 | 1.25331e-02 1.07867e-01 1.39115e-01 |
   5196 | 6.23051e+01 1.19909e-02 | 1.25331e-02 1.07867e-01 1.39115e-01 |
   5197 | 6.23171e+01 1.19909e-02 | 1.25331e-02 1.07867e-01 1.39115e-01 |
   5198 | 6.23291e+01 1.19909e-02 | 1.25331e-02 1.07867e-01 1.39115e-01 |
   5199 | 6.23411e+01 1.19910e-02 | 1.25331e-02 1.07867e-01 1.39115e-01 |
   5200 | 6.23531e+01 1.19910e-02 | 1.25331e-02 1.07867e-01 1.39115e-01 |
   5201 | 6.23651e+01 1.19910e-02 | 1.25331e-02 1.07867e-01 1.39115e-01 |
   5202 | 6.23771e+01 1.19910e-02 | 1.25331e-02 1.07867e-01 1.39115e-01 |
   5203 | 6.23891e+01 1.19910e-02 | 1.25331e-02 1.07867e-01 1.39115e-01 |
   5204 | 6.24011e+01 1.19910e-02 | 1.25331e-02 1.07867e-01 1.39115e-01 |
   5205 | 6.24131e+01 1.19911e-02 | 1.25331e-02 1.07867e-01 1.39115e-01 |
   5206 | 6.24250e+01 1.19911e-02 | 1.25331e-02 1.07867e-01 1.39115e-01 |
   5207 | 6.24370e+01 1.19911e-02 | 1.25331e-02 1.07867e-01 1.39115e-01 |
   5208 | 6.24490e+01 1.19911e-02 | 1.25331e-02 1.07867e-01 1.39115e-01 |
   5209 | 6.24610e+01 1.19911e-02 | 1.25331e-02 1.07867e-01 1.39115e-01 |
   5210 | 6.24730e+01 1.19910e-02 | 1.25331e-02 1.07867e-01 1.39115e-01 |
   5211 | 6.24850e+01 1.19910e-02 | 1.25331e-02 1.07867e-01 1.39115e-01 |
   5212 | 6.24970e+01 1.19910e-02 | 1.25331e-02 1.07867e-01 1.39115e-01 |
   5213 | 6.25090e+01 1.19910e-02 | 1.25331e-02 1.07867e-01 1.39115e-01 |
   5214 | 6.25210e+01 1.19910e-02 | 1.25331e-02 1.07867e-01 1.39115e-01 |
   5215 | 6.25330e+01 1.19910e-02 | 1.25331e-02 1.07867e-01 1.39115e-01 |
   5216 | 6.25450e+01 1.19909e-02 | 1.25331e-02 1.07867e-01 1.39115e-01 |
   5217 | 6.25569e+01 1.19909e-02 | 1.25331e-02 1.07867e-01 1.39115e-01 |
   5218 | 6.25689e+01 1.19909e-02 | 1.25331e-02 1.07867e-01 1.39115e-01 |
   5219 | 6.25809e+01 1.19909e-02 | 1.25331e-02 1.07867e-01 1.39115e-01 |
   5220 | 6.25929e+01 1.19909e-02 | 1.25331e-02 1.07867e-01 1.39115e-01 |
   5221 | 6.26049e+01 1.19909e-02 | 1.25331e-02 1.07867e-01 1.39115e-01 |
   5222 | 6.26169e+01 1.19909e-02 | 1.25331e-02 1.07867e-01 1.39115e-01 |
   5223 | 6.26289e+01 1.19909e-02 | 1.25331e-02 1.07867e-01 1.39115e-01 |
   5224 | 6.26409e+01 1.19909e-02 | 1.25331e-02 1.07867e-01 1.39115e-01 |
   5225 | 6.26529e+01 1.19909e-02 | 1.25331e-02 1.07867e-01 1.39115e-01 |
   5226 | 6.26649e+01 1.19909e-02 | 1.25331e-02 1.07867e-01 1.39115e-01 |
   5227 | 6.26769e+01 1.19909e-02 | 1.25331e-02 1.07867e-01 1.39115e-01 |
   5228 | 6.26888e+01 1.19909e-02 | 1.25331e-02 1.07867e-01 1.39115e-01 |
   5229 | 6.27008e+01 1.19909e-02 | 1.25331e-02 1.07867e-01 1.39115e-01 |
   5230 | 6.27128e+01 1.19909e-02 | 1.25331e-02 1.07867e-01 1.39115e-01 |
   5231 | 6.27248e+01 1.19909e-02 | 1.25331e-02 1.07867e-01 1.39115e-01 |
   5232 | 6.27368e+01 1.19909e-02 | 1.25331e-02 1.07867e-01 1.39115e-01 |
   5233 | 6.27488e+01 1.19909e-02 | 1.25331e-02 1.07867e-01 1.39115e-01 |
   5234 | 6.27608e+01 1.19909e-02 | 1.25331e-02 1.07867e-01 1.39115e-01 |
   5235 | 6.27728e+01 1.19910e-02 | 1.25331e-02 1.07867e-01 1.39115e-01 |
   5236 | 6.27848e+01 1.19910e-02 | 1.25331e-02 1.07867e-01 1.39115e-01 |
   5237 | 6.27968e+01 1.19910e-02 | 1.25331e-02 1.07867e-01 1.39115e-01 |
   5238 | 6.28088e+01 1.19910e-02 | 1.25331e-02 1.07867e-01 1.39115e-01 |
   5239 | 6.28207e+01 1.19910e-02 | 1.25331e-02 1.07867e-01 1.39115e-01 |
   5240 | 6.28327e+01 1.19910e-02 | 1.25331e-02 1.07867e-01 1.39115e-01 |
   5241 | 6.28447e+01 1.19911e-02 | 1.25331e-02 1.07867e-01 1.39115e-01 |
   5242 | 6.28567e+01 1.19911e-02 | 1.25331e-02 1.07867e-01 1.39115e-01 |
   5243 | 6.28687e+01 1.19911e-02 | 1.25331e-02 1.07867e-01 1.39115e-01 |
   5244 | 6.28807e+01 1.19911e-02 | 1.25331e-02 1.07867e-01 1.39115e-01 |
   5245 | 6.28927e+01 1.19912e-02 | 1.25331e-02 1.07867e-01 1.39115e-01 |
   5246 | 6.29047e+01 1.19912e-02 | 1.25331e-02 1.07867e-01 1.39115e-01 |
   5247 | 6.29167e+01 1.19912e-02 | 1.25331e-02 1.07867e-01 1.39115e-01 |
   5248 | 6.29287e+01 1.19911e-02 | 1.25331e-02 1.07867e-01 1.39115e-01 |
   5249 | 6.29407e+01 1.19911e-02 | 1.25331e-02 1.07867e-01 1.39115e-01 |
   5250 | 6.29526e+01 1.19911e-02 | 1.25331e-02 1.07867e-01 1.39115e-01 |
   5251 | 6.29646e+01 1.19911e-02 | 1.25331e-02 1.07867e-01 1.39115e-01 |
   5252 | 6.29766e+01 1.19910e-02 | 1.25331e-02 1.07867e-01 1.39115e-01 |
   5253 | 6.29886e+01 1.19910e-02 | 1.25331e-02 1.07867e-01 1.39115e-01 |
   5254 | 6.30006e+01 1.19910e-02 | 1.25331e-02 1.07867e-01 1.39115e-01 |
   5255 | 6.30126e+01 1.19910e-02 | 1.25331e-02 1.07867e-01 1.39115e-01 |
   5256 | 6.30246e+01 1.19910e-02 | 1.25331e-02 1.07867e-01 1.39115e-01 |
   5257 | 6.30366e+01 1.19909e-02 | 1.25331e-02 1.07867e-01 1.39115e-01 |
   5258 | 6.30486e+01 1.19909e-02 | 1.25331e-02 1.07867e-01 1.39115e-01 |
   5259 | 6.30606e+01 1.19909e-02 | 1.25331e-02 1.07867e-01 1.39115e-01 |
   5260 | 6.30726e+01 1.19909e-02 | 1.25331e-02 1.07867e-01 1.39115e-01 |
   5261 | 6.30845e+01 1.19909e-02 | 1.25331e-02 1.07867e-01 1.39115e-01 |
   5262 | 6.30965e+01 1.19909e-02 | 1.25331e-02 1.07867e-01 1.39115e-01 |
   5263 | 6.31085e+01 1.19909e-02 | 1.25331e-02 1.07867e-01 1.39115e-01 |
   5264 | 6.31205e+01 1.19909e-02 | 1.25331e-02 1.07867e-01 1.39115e-01 |
   5265 | 6.31325e+01 1.19909e-02 | 1.25331e-02 1.07867e-01 1.39115e-01 |
   5266 | 6.31445e+01 1.19909e-02 | 1.25331e-02 1.07867e-01 1.39115e-01 |
   5267 | 6.31565e+01 1.19909e-02 | 1.25331e-02 1.07867e-01 1.39115e-01 |
   5268 | 6.31685e+01 1.19909e-02 | 1.25331e-02 1.07867e-01 1.39115e-01 |
   5269 | 6.31805e+01 1.19909e-02 | 1.25331e-02 1.07867e-01 1.39115e-01 |
   5270 | 6.31925e+01 1.19909e-02 | 1.25331e-02 1.07867e-01 1.39115e-01 |
   5271 | 6.32045e+01 1.19909e-02 | 1.25331e-02 1.07867e-01 1.39115e-01 |
   5272 | 6.32164e+01 1.19909e-02 | 1.25331e-02 1.07867e-01 1.39115e-01 |
   5273 | 6.32284e+01 1.19909e-02 | 1.25331e-02 1.07867e-01 1.39115e-01 |
   5274 | 6.32404e+01 1.19909e-02 | 1.25331e-02 1.07867e-01 1.39115e-01 |
   5275 | 6.32524e+01 1.19909e-02 | 1.25331e-02 1.07867e-01 1.39115e-01 |
   5276 | 6.32644e+01 1.19909e-02 | 1.25331e-02 1.07867e-01 1.39115e-01 |
   5277 | 6.32764e+01 1.19909e-02 | 1.25331e-02 1.07867e-01 1.39115e-01 |
   5278 | 6.32884e+01 1.19909e-02 | 1.25331e-02 1.07867e-01 1.39115e-01 |
   5279 | 6.33004e+01 1.19909e-02 | 1.25331e-02 1.07867e-01 1.39115e-01 |
   5280 | 6.33124e+01 1.19909e-02 | 1.25331e-02 1.07867e-01 1.39115e-01 |
   5281 | 6.33244e+01 1.19910e-02 | 1.25331e-02 1.07867e-01 1.39115e-01 |
   5282 | 6.33364e+01 1.19910e-02 | 1.25331e-02 1.07867e-01 1.39115e-01 |
   5283 | 6.33483e+01 1.19910e-02 | 1.25331e-02 1.07867e-01 1.39115e-01 |
   5284 | 6.33603e+01 1.19910e-02 | 1.25331e-02 1.07867e-01 1.39115e-01 |
   5285 | 6.33723e+01 1.19910e-02 | 1.25331e-02 1.07867e-01 1.39115e-01 |
   5286 | 6.33843e+01 1.19911e-02 | 1.25331e-02 1.07867e-01 1.39115e-01 |
   5287 | 6.33963e+01 1.19911e-02 | 1.25331e-02 1.07867e-01 1.39115e-01 |
   5288 | 6.34083e+01 1.19911e-02 | 1.25331e-02 1.07867e-01 1.39115e-01 |
   5289 | 6.34203e+01 1.19910e-02 | 1.25331e-02 1.07867e-01 1.39115e-01 |
   5290 | 6.34323e+01 1.19910e-02 | 1.25331e-02 1.07867e-01 1.39115e-01 |
   5291 | 6.34443e+01 1.19910e-02 | 1.25331e-02 1.07867e-01 1.39115e-01 |
   5292 | 6.34563e+01 1.19910e-02 | 1.25331e-02 1.07867e-01 1.39115e-01 |
   5293 | 6.34683e+01 1.19910e-02 | 1.25331e-02 1.07867e-01 1.39115e-01 |
   5294 | 6.34802e+01 1.19909e-02 | 1.25331e-02 1.07867e-01 1.39115e-01 |
   5295 | 6.34922e+01 1.19909e-02 | 1.25331e-02 1.07867e-01 1.39115e-01 |
   5296 | 6.35042e+01 1.19909e-02 | 1.25331e-02 1.07867e-01 1.39115e-01 |
   5297 | 6.35162e+01 1.19909e-02 | 1.25331e-02 1.07867e-01 1.39115e-01 |
   5298 | 6.35282e+01 1.19909e-02 | 1.25331e-02 1.07867e-01 1.39115e-01 |
   5299 | 6.35402e+01 1.19909e-02 | 1.25331e-02 1.07867e-01 1.39115e-01 |
   5300 | 6.35522e+01 1.19909e-02 | 1.25331e-02 1.07867e-01 1.39115e-01 |
   5301 | 6.35642e+01 1.19909e-02 | 1.25331e-02 1.07867e-01 1.39115e-01 |
   5302 | 6.35762e+01 1.19909e-02 | 1.25331e-02 1.07867e-01 1.39115e-01 |
   5303 | 6.35882e+01 1.19909e-02 | 1.25331e-02 1.07867e-01 1.39115e-01 |
   5304 | 6.36002e+01 1.19908e-02 | 1.25331e-02 1.07867e-01 1.39115e-01 |
   5305 | 6.36121e+01 1.19908e-02 | 1.25331e-02 1.07867e-01 1.39115e-01 |
   5306 | 6.36241e+01 1.19908e-02 | 1.25331e-02 1.07867e-01 1.39115e-01 |
   5307 | 6.36361e+01 1.19908e-02 | 1.25331e-02 1.07867e-01 1.39115e-01 |
   5308 | 6.36481e+01 1.19909e-02 | 1.25331e-02 1.07867e-01 1.39115e-01 |
   5309 | 6.36601e+01 1.19909e-02 | 1.25331e-02 1.07867e-01 1.39115e-01 |
   5310 | 6.36721e+01 1.19909e-02 | 1.25331e-02 1.07867e-01 1.39115e-01 |
   5311 | 6.36841e+01 1.19909e-02 | 1.25331e-02 1.07867e-01 1.39115e-01 |
   5312 | 6.36961e+01 1.19909e-02 | 1.25331e-02 1.07867e-01 1.39115e-01 |
   5313 | 6.37081e+01 1.19909e-02 | 1.25331e-02 1.07867e-01 1.39115e-01 |
   5314 | 6.37201e+01 1.19909e-02 | 1.25331e-02 1.07867e-01 1.39115e-01 |
   5315 | 6.37321e+01 1.19909e-02 | 1.25331e-02 1.07867e-01 1.39115e-01 |
   5316 | 6.37440e+01 1.19909e-02 | 1.25331e-02 1.07867e-01 1.39115e-01 |
   5317 | 6.37560e+01 1.19909e-02 | 1.25331e-02 1.07867e-01 1.39115e-01 |
   5318 | 6.37680e+01 1.19909e-02 | 1.25331e-02 1.07867e-01 1.39115e-01 |
   5319 | 6.37800e+01 1.19910e-02 | 1.25331e-02 1.07867e-01 1.39115e-01 |
   5320 | 6.37920e+01 1.19910e-02 | 1.25331e-02 1.07867e-01 1.39115e-01 |
   5321 | 6.38040e+01 1.19910e-02 | 1.25331e-02 1.07867e-01 1.39115e-01 |
   5322 | 6.38160e+01 1.19910e-02 | 1.25331e-02 1.07867e-01 1.39115e-01 |
   5323 | 6.38280e+01 1.19910e-02 | 1.25331e-02 1.07867e-01 1.39115e-01 |
   5324 | 6.38400e+01 1.19911e-02 | 1.25331e-02 1.07867e-01 1.39115e-01 |
   5325 | 6.38520e+01 1.19911e-02 | 1.25331e-02 1.07867e-01 1.39115e-01 |
   5326 | 6.38640e+01 1.19910e-02 | 1.25331e-02 1.07867e-01 1.39115e-01 |
   5327 | 6.38759e+01 1.19910e-02 | 1.25331e-02 1.07867e-01 1.39115e-01 |
   5328 | 6.38879e+01 1.19910e-02 | 1.25331e-02 1.07867e-01 1.39115e-01 |
   5329 | 6.38999e+01 1.19910e-02 | 1.25331e-02 1.07867e-01 1.39115e-01 |
   5330 | 6.39119e+01 1.19910e-02 | 1.25331e-02 1.07867e-01 1.39115e-01 |
   5331 | 6.39239e+01 1.19909e-02 | 1.25331e-02 1.07867e-01 1.39115e-01 |
   5332 | 6.39359e+01 1.19909e-02 | 1.25331e-02 1.07867e-01 1.39115e-01 |
   5333 | 6.39479e+01 1.19909e-02 | 1.25331e-02 1.07867e-01 1.39115e-01 |
   5334 | 6.39599e+01 1.19909e-02 | 1.25331e-02 1.07867e-01 1.39115e-01 |
   5335 | 6.39719e+01 1.19909e-02 | 1.25331e-02 1.07867e-01 1.39115e-01 |
   5336 | 6.39839e+01 1.19909e-02 | 1.25331e-02 1.07867e-01 1.39115e-01 |
   5337 | 6.39959e+01 1.19909e-02 | 1.25331e-02 1.07867e-01 1.39115e-01 |
   5338 | 6.40078e+01 1.19909e-02 | 1.25331e-02 1.07867e-01 1.39115e-01 |
   5339 | 6.40198e+01 1.19909e-02 | 1.25331e-02 1.07867e-01 1.39115e-01 |
   5340 | 6.40318e+01 1.19908e-02 | 1.25331e-02 1.07867e-01 1.39115e-01 |
   5341 | 6.40438e+01 1.19908e-02 | 1.25331e-02 1.07867e-01 1.39115e-01 |
   5342 | 6.40558e+01 1.19908e-02 | 1.25331e-02 1.07867e-01 1.39115e-01 |
   5343 | 6.40678e+01 1.19908e-02 | 1.25331e-02 1.07867e-01 1.39115e-01 |
   5344 | 6.40798e+01 1.19908e-02 | 1.25331e-02 1.07867e-01 1.39115e-01 |
   5345 | 6.40918e+01 1.19908e-02 | 1.25331e-02 1.07867e-01 1.39115e-01 |
   5346 | 6.41038e+01 1.19908e-02 | 1.25331e-02 1.07867e-01 1.39115e-01 |
   5347 | 6.41158e+01 1.19908e-02 | 1.25331e-02 1.07867e-01 1.39115e-01 |
   5348 | 6.41278e+01 1.19909e-02 | 1.25331e-02 1.07867e-01 1.39115e-01 |
   5349 | 6.41397e+01 1.19909e-02 | 1.25331e-02 1.07867e-01 1.39115e-01 |
   5350 | 6.41517e+01 1.19909e-02 | 1.25331e-02 1.07867e-01 1.39115e-01 |
   5351 | 6.41637e+01 1.19909e-02 | 1.25331e-02 1.07867e-01 1.39115e-01 |
   5352 | 6.41757e+01 1.19909e-02 | 1.25331e-02 1.07867e-01 1.39115e-01 |
   5353 | 6.41877e+01 1.19909e-02 | 1.25331e-02 1.07867e-01 1.39115e-01 |
   5354 | 6.41997e+01 1.19909e-02 | 1.25331e-02 1.07867e-01 1.39115e-01 |
   5355 | 6.42117e+01 1.19909e-02 | 1.25331e-02 1.07867e-01 1.39115e-01 |
   5356 | 6.42237e+01 1.19909e-02 | 1.25331e-02 1.07867e-01 1.39115e-01 |
   5357 | 6.42357e+01 1.19910e-02 | 1.25331e-02 1.07867e-01 1.39115e-01 |
   5358 | 6.42477e+01 1.19910e-02 | 1.25331e-02 1.07867e-01 1.39115e-01 |
   5359 | 6.42597e+01 1.19910e-02 | 1.25331e-02 1.07867e-01 1.39115e-01 |
   5360 | 6.42716e+01 1.19910e-02 | 1.25331e-02 1.07867e-01 1.39115e-01 |
   5361 | 6.42836e+01 1.19910e-02 | 1.25331e-02 1.07867e-01 1.39115e-01 |
   5362 | 6.42956e+01 1.19911e-02 | 1.25331e-02 1.07867e-01 1.39115e-01 |
   5363 | 6.43076e+01 1.19911e-02 | 1.25331e-02 1.07867e-01 1.39115e-01 |
   5364 | 6.43196e+01 1.19911e-02 | 1.25331e-02 1.07867e-01 1.39115e-01 |
   5365 | 6.43316e+01 1.19912e-02 | 1.25331e-02 1.07867e-01 1.39115e-01 |
   5366 | 6.43436e+01 1.19912e-02 | 1.25331e-02 1.07867e-01 1.39115e-01 |
   5367 | 6.43556e+01 1.19912e-02 | 1.25331e-02 1.07867e-01 1.39115e-01 |
   5368 | 6.43676e+01 1.19912e-02 | 1.25331e-02 1.07867e-01 1.39115e-01 |
   5369 | 6.43796e+01 1.19912e-02 | 1.25331e-02 1.07867e-01 1.39115e-01 |
   5370 | 6.43916e+01 1.19912e-02 | 1.25331e-02 1.07867e-01 1.39115e-01 |
   5371 | 6.44035e+01 1.19911e-02 | 1.25331e-02 1.07867e-01 1.39115e-01 |
   5372 | 6.44155e+01 1.19911e-02 | 1.25331e-02 1.07867e-01 1.39115e-01 |
   5373 | 6.44275e+01 1.19911e-02 | 1.25331e-02 1.07867e-01 1.39115e-01 |
   5374 | 6.44395e+01 1.19911e-02 | 1.25331e-02 1.07867e-01 1.39115e-01 |
   5375 | 6.44515e+01 1.19911e-02 | 1.25331e-02 1.07867e-01 1.39115e-01 |
   5376 | 6.44635e+01 1.19910e-02 | 1.25331e-02 1.07867e-01 1.39115e-01 |
   5377 | 6.44755e+01 1.19910e-02 | 1.25331e-02 1.07867e-01 1.39115e-01 |
   5378 | 6.44875e+01 1.19910e-02 | 1.25331e-02 1.07867e-01 1.39115e-01 |
   5379 | 6.44995e+01 1.19910e-02 | 1.25331e-02 1.07867e-01 1.39115e-01 |
   5380 | 6.45115e+01 1.19910e-02 | 1.25331e-02 1.07867e-01 1.39115e-01 |
   5381 | 6.45235e+01 1.19910e-02 | 1.25331e-02 1.07867e-01 1.39115e-01 |
   5382 | 6.45355e+01 1.19910e-02 | 1.25331e-02 1.07867e-01 1.39115e-01 |
   5383 | 6.45474e+01 1.19910e-02 | 1.25331e-02 1.07867e-01 1.39115e-01 |
   5384 | 6.45594e+01 1.19910e-02 | 1.25331e-02 1.07867e-01 1.39115e-01 |
   5385 | 6.45714e+01 1.19910e-02 | 1.25331e-02 1.07867e-01 1.39115e-01 |
   5386 | 6.45834e+01 1.19910e-02 | 1.25331e-02 1.07867e-01 1.39115e-01 |
   5387 | 6.45954e+01 1.19910e-02 | 1.25331e-02 1.07867e-01 1.39115e-01 |
   5388 | 6.46074e+01 1.19910e-02 | 1.25331e-02 1.07867e-01 1.39115e-01 |
   5389 | 6.46194e+01 1.19910e-02 | 1.25331e-02 1.07867e-01 1.39115e-01 |
   5390 | 6.46314e+01 1.19910e-02 | 1.25331e-02 1.07867e-01 1.39115e-01 |
   5391 | 6.46434e+01 1.19910e-02 | 1.25331e-02 1.07867e-01 1.39115e-01 |
   5392 | 6.46554e+01 1.19910e-02 | 1.25331e-02 1.07867e-01 1.39115e-01 |
   5393 | 6.46674e+01 1.19910e-02 | 1.25331e-02 1.07867e-01 1.39115e-01 |
   5394 | 6.46793e+01 1.19910e-02 | 1.25331e-02 1.07867e-01 1.39115e-01 |
   5395 | 6.46913e+01 1.19910e-02 | 1.25331e-02 1.07867e-01 1.39115e-01 |
   5396 | 6.47033e+01 1.19910e-02 | 1.25331e-02 1.07867e-01 1.39115e-01 |
   5397 | 6.47153e+01 1.19910e-02 | 1.25331e-02 1.07867e-01 1.39115e-01 |
   5398 | 6.47273e+01 1.19911e-02 | 1.25331e-02 1.07867e-01 1.39115e-01 |
   5399 | 6.47393e+01 1.19911e-02 | 1.25331e-02 1.07867e-01 1.39115e-01 |
   5400 | 6.47513e+01 1.19911e-02 | 1.25331e-02 1.07867e-01 1.39115e-01 |
   5401 | 6.47633e+01 1.19911e-02 | 1.25331e-02 1.07867e-01 1.39115e-01 |
   5402 | 6.47753e+01 1.19911e-02 | 1.25331e-02 1.07867e-01 1.39115e-01 |
   5403 | 6.47873e+01 1.19911e-02 | 1.25331e-02 1.07867e-01 1.39115e-01 |
   5404 | 6.47993e+01 1.19912e-02 | 1.25331e-02 1.07867e-01 1.39115e-01 |
   5405 | 6.48112e+01 1.19912e-02 | 1.25331e-02 1.07867e-01 1.39115e-01 |
   5406 | 6.48232e+01 1.19912e-02 | 1.25331e-02 1.07867e-01 1.39115e-01 |
   5407 | 6.48352e+01 1.19911e-02 | 1.25331e-02 1.07867e-01 1.39115e-01 |
   5408 | 6.48472e+01 1.19911e-02 | 1.25331e-02 1.07867e-01 1.39115e-01 |
   5409 | 6.48592e+01 1.19911e-02 | 1.25331e-02 1.07867e-01 1.39115e-01 |
   5410 | 6.48712e+01 1.19911e-02 | 1.25331e-02 1.07867e-01 1.39115e-01 |
   5411 | 6.48832e+01 1.19911e-02 | 1.25331e-02 1.07867e-01 1.39115e-01 |
   5412 | 6.48952e+01 1.19910e-02 | 1.25331e-02 1.07867e-01 1.39115e-01 |
   5413 | 6.49072e+01 1.19910e-02 | 1.25331e-02 1.07867e-01 1.39115e-01 |
   5414 | 6.49192e+01 1.19910e-02 | 1.25331e-02 1.07867e-01 1.39115e-01 |
   5415 | 6.49312e+01 1.19910e-02 | 1.25331e-02 1.07867e-01 1.39115e-01 |
   5416 | 6.49431e+01 1.19910e-02 | 1.25331e-02 1.07867e-01 1.39115e-01 |
   5417 | 6.49551e+01 1.19910e-02 | 1.25331e-02 1.07867e-01 1.39115e-01 |
   5418 | 6.49671e+01 1.19910e-02 | 1.25331e-02 1.07867e-01 1.39115e-01 |
   5419 | 6.49791e+01 1.19910e-02 | 1.25331e-02 1.07867e-01 1.39115e-01 |
   5420 | 6.49911e+01 1.19910e-02 | 1.25331e-02 1.07867e-01 1.39115e-01 |
   5421 | 6.50031e+01 1.19909e-02 | 1.25331e-02 1.07867e-01 1.39115e-01 |
   5422 | 6.50151e+01 1.19909e-02 | 1.25331e-02 1.07867e-01 1.39115e-01 |
   5423 | 6.50271e+01 1.19909e-02 | 1.25331e-02 1.07867e-01 1.39115e-01 |
   5424 | 6.50391e+01 1.19909e-02 | 1.25331e-02 1.07867e-01 1.39115e-01 |
   5425 | 6.50511e+01 1.19909e-02 | 1.25331e-02 1.07867e-01 1.39115e-01 |
   5426 | 6.50631e+01 1.19909e-02 | 1.25331e-02 1.07867e-01 1.39115e-01 |
   5427 | 6.50750e+01 1.19909e-02 | 1.25331e-02 1.07867e-01 1.39115e-01 |
   5428 | 6.50870e+01 1.19910e-02 | 1.25331e-02 1.07867e-01 1.39115e-01 |
   5429 | 6.50990e+01 1.19910e-02 | 1.25331e-02 1.07867e-01 1.39115e-01 |
   5430 | 6.51110e+01 1.19910e-02 | 1.25331e-02 1.07867e-01 1.39115e-01 |
   5431 | 6.51230e+01 1.19910e-02 | 1.25331e-02 1.07867e-01 1.39115e-01 |
   5432 | 6.51350e+01 1.19910e-02 | 1.25331e-02 1.07867e-01 1.39115e-01 |
   5433 | 6.51470e+01 1.19910e-02 | 1.25331e-02 1.07867e-01 1.39115e-01 |
   5434 | 6.51590e+01 1.19910e-02 | 1.25331e-02 1.07867e-01 1.39115e-01 |
   5435 | 6.51710e+01 1.19910e-02 | 1.25331e-02 1.07867e-01 1.39115e-01 |
   5436 | 6.51830e+01 1.19910e-02 | 1.25331e-02 1.07867e-01 1.39115e-01 |
   5437 | 6.51950e+01 1.19911e-02 | 1.25331e-02 1.07867e-01 1.39115e-01 |
   5438 | 6.52069e+01 1.19911e-02 | 1.25331e-02 1.07867e-01 1.39115e-01 |
   5439 | 6.52189e+01 1.19910e-02 | 1.25331e-02 1.07867e-01 1.39115e-01 |
   5440 | 6.52309e+01 1.19910e-02 | 1.25331e-02 1.07867e-01 1.39115e-01 |
   5441 | 6.52429e+01 1.19910e-02 | 1.25331e-02 1.07867e-01 1.39115e-01 |
   5442 | 6.52549e+01 1.19910e-02 | 1.25331e-02 1.07867e-01 1.39115e-01 |
   5443 | 6.52669e+01 1.19910e-02 | 1.25331e-02 1.07867e-01 1.39115e-01 |
   5444 | 6.52789e+01 1.19910e-02 | 1.25331e-02 1.07867e-01 1.39115e-01 |
   5445 | 6.52909e+01 1.19910e-02 | 1.25331e-02 1.07867e-01 1.39115e-01 |
   5446 | 6.53029e+01 1.19910e-02 | 1.25331e-02 1.07867e-01 1.39115e-01 |
   5447 | 6.53149e+01 1.19909e-02 | 1.25331e-02 1.07867e-01 1.39115e-01 |
   5448 | 6.53269e+01 1.19909e-02 | 1.25331e-02 1.07867e-01 1.39115e-01 |
   5449 | 6.53388e+01 1.19909e-02 | 1.25331e-02 1.07867e-01 1.39115e-01 |
   5450 | 6.53508e+01 1.19909e-02 | 1.25331e-02 1.07867e-01 1.39115e-01 |
   5451 | 6.53628e+01 1.19909e-02 | 1.25331e-02 1.07867e-01 1.39115e-01 |
   5452 | 6.53748e+01 1.19909e-02 | 1.25331e-02 1.07867e-01 1.39115e-01 |
   5453 | 6.53868e+01 1.19909e-02 | 1.25331e-02 1.07867e-01 1.39115e-01 |
   5454 | 6.53988e+01 1.19909e-02 | 1.25331e-02 1.07867e-01 1.39115e-01 |
   5455 | 6.54108e+01 1.19909e-02 | 1.25331e-02 1.07867e-01 1.39115e-01 |
   5456 | 6.54228e+01 1.19909e-02 | 1.25331e-02 1.07867e-01 1.39115e-01 |
   5457 | 6.54348e+01 1.19909e-02 | 1.25331e-02 1.07867e-01 1.39115e-01 |
   5458 | 6.54468e+01 1.19909e-02 | 1.25331e-02 1.07867e-01 1.39115e-01 |
   5459 | 6.54588e+01 1.19909e-02 | 1.25331e-02 1.07867e-01 1.39115e-01 |
   5460 | 6.54707e+01 1.19909e-02 | 1.25331e-02 1.07867e-01 1.39115e-01 |
   5461 | 6.54827e+01 1.19909e-02 | 1.25331e-02 1.07867e-01 1.39115e-01 |
   5462 | 6.54947e+01 1.19909e-02 | 1.25331e-02 1.07867e-01 1.39115e-01 |
   5463 | 6.55067e+01 1.19909e-02 | 1.25331e-02 1.07867e-01 1.39115e-01 |
   5464 | 6.55187e+01 1.19909e-02 | 1.25331e-02 1.07867e-01 1.39115e-01 |
   5465 | 6.55307e+01 1.19909e-02 | 1.25331e-02 1.07867e-01 1.39115e-01 |
   5466 | 6.55427e+01 1.19909e-02 | 1.25331e-02 1.07867e-01 1.39115e-01 |
   5467 | 6.55547e+01 1.19909e-02 | 1.25331e-02 1.07867e-01 1.39115e-01 |
   5468 | 6.55667e+01 1.19909e-02 | 1.25331e-02 1.07867e-01 1.39115e-01 |
   5469 | 6.55787e+01 1.19909e-02 | 1.25331e-02 1.07867e-01 1.39115e-01 |
   5470 | 6.55907e+01 1.19910e-02 | 1.25331e-02 1.07867e-01 1.39115e-01 |
   5471 | 6.56026e+01 1.19910e-02 | 1.25331e-02 1.07867e-01 1.39115e-01 |
   5472 | 6.56146e+01 1.19910e-02 | 1.25331e-02 1.07867e-01 1.39115e-01 |
   5473 | 6.56266e+01 1.19910e-02 | 1.25331e-02 1.07867e-01 1.39115e-01 |
   5474 | 6.56386e+01 1.19910e-02 | 1.25331e-02 1.07867e-01 1.39115e-01 |
   5475 | 6.56506e+01 1.19910e-02 | 1.25331e-02 1.07867e-01 1.39115e-01 |
   5476 | 6.56626e+01 1.19911e-02 | 1.25331e-02 1.07867e-01 1.39115e-01 |
   5477 | 6.56746e+01 1.19911e-02 | 1.25331e-02 1.07867e-01 1.39115e-01 |
   5478 | 6.56866e+01 1.19911e-02 | 1.25331e-02 1.07867e-01 1.39115e-01 |
   5479 | 6.56986e+01 1.19910e-02 | 1.25331e-02 1.07867e-01 1.39115e-01 |
   5480 | 6.57106e+01 1.19910e-02 | 1.25331e-02 1.07867e-01 1.39115e-01 |
   5481 | 6.57226e+01 1.19910e-02 | 1.25331e-02 1.07867e-01 1.39115e-01 |
   5482 | 6.57346e+01 1.19910e-02 | 1.25331e-02 1.07867e-01 1.39115e-01 |
   5483 | 6.57465e+01 1.19910e-02 | 1.25331e-02 1.07867e-01 1.39115e-01 |
   5484 | 6.57585e+01 1.19910e-02 | 1.25331e-02 1.07867e-01 1.39115e-01 |
   5485 | 6.57705e+01 1.19910e-02 | 1.25331e-02 1.07867e-01 1.39115e-01 |
   5486 | 6.57825e+01 1.19910e-02 | 1.25331e-02 1.07867e-01 1.39115e-01 |
   5487 | 6.57945e+01 1.19910e-02 | 1.25331e-02 1.07867e-01 1.39115e-01 |
   5488 | 6.58065e+01 1.19910e-02 | 1.25331e-02 1.07867e-01 1.39115e-01 |
   5489 | 6.58185e+01 1.19910e-02 | 1.25331e-02 1.07867e-01 1.39115e-01 |
   5490 | 6.58305e+01 1.19910e-02 | 1.25331e-02 1.07867e-01 1.39115e-01 |
   5491 | 6.58425e+01 1.19910e-02 | 1.25331e-02 1.07867e-01 1.39115e-01 |
   5492 | 6.58545e+01 1.19910e-02 | 1.25331e-02 1.07867e-01 1.39115e-01 |
   5493 | 6.58665e+01 1.19910e-02 | 1.25331e-02 1.07867e-01 1.39115e-01 |
   5494 | 6.58784e+01 1.19910e-02 | 1.25331e-02 1.07867e-01 1.39115e-01 |
   5495 | 6.58904e+01 1.19910e-02 | 1.25331e-02 1.07867e-01 1.39115e-01 |
   5496 | 6.59024e+01 1.19910e-02 | 1.25331e-02 1.07867e-01 1.39115e-01 |
   5497 | 6.59144e+01 1.19910e-02 | 1.25331e-02 1.07867e-01 1.39115e-01 |
   5498 | 6.59264e+01 1.19910e-02 | 1.25331e-02 1.07867e-01 1.39115e-01 |
   5499 | 6.59384e+01 1.19910e-02 | 1.25331e-02 1.07867e-01 1.39115e-01 |
   5500 | 6.59504e+01 1.19910e-02 | 1.25331e-02 1.07867e-01 1.39115e-01 |
   5501 | 6.59624e+01 1.19910e-02 | 1.25331e-02 1.07867e-01 1.39115e-01 |
   5502 | 6.59744e+01 1.19911e-02 | 1.25331e-02 1.07867e-01 1.39115e-01 |
   5503 | 6.59864e+01 1.19911e-02 | 1.25331e-02 1.07867e-01 1.39115e-01 |
   5504 | 6.59984e+01 1.19911e-02 | 1.25331e-02 1.07867e-01 1.39115e-01 |
   5505 | 6.60103e+01 1.19911e-02 | 1.25331e-02 1.07867e-01 1.39115e-01 |
   5506 | 6.60223e+01 1.19911e-02 | 1.25331e-02 1.07867e-01 1.39115e-01 |
   5507 | 6.60343e+01 1.19911e-02 | 1.25331e-02 1.07867e-01 1.39115e-01 |
   5508 | 6.60463e+01 1.19912e-02 | 1.25331e-02 1.07867e-01 1.39115e-01 |
   5509 | 6.60583e+01 1.19912e-02 | 1.25331e-02 1.07867e-01 1.39115e-01 |
   5510 | 6.60703e+01 1.19912e-02 | 1.25331e-02 1.07867e-01 1.39115e-01 |
   5511 | 6.60823e+01 1.19912e-02 | 1.25331e-02 1.07867e-01 1.39115e-01 |
   5512 | 6.60943e+01 1.19912e-02 | 1.25331e-02 1.07867e-01 1.39115e-01 |
   5513 | 6.61063e+01 1.19911e-02 | 1.25331e-02 1.07867e-01 1.39115e-01 |
   5514 | 6.61183e+01 1.19911e-02 | 1.25331e-02 1.07867e-01 1.39115e-01 |
   5515 | 6.61303e+01 1.19911e-02 | 1.25331e-02 1.07867e-01 1.39115e-01 |
   5516 | 6.61422e+01 1.19911e-02 | 1.25331e-02 1.07867e-01 1.39115e-01 |
   5517 | 6.61542e+01 1.19911e-02 | 1.25331e-02 1.07867e-01 1.39115e-01 |
   5518 | 6.61662e+01 1.19911e-02 | 1.25331e-02 1.07867e-01 1.39115e-01 |
   5519 | 6.61782e+01 1.19910e-02 | 1.25331e-02 1.07867e-01 1.39115e-01 |
   5520 | 6.61902e+01 1.19910e-02 | 1.25331e-02 1.07867e-01 1.39115e-01 |
   5521 | 6.62022e+01 1.19910e-02 | 1.25331e-02 1.07867e-01 1.39115e-01 |
   5522 | 6.62142e+01 1.19910e-02 | 1.25331e-02 1.07867e-01 1.39115e-01 |
   5523 | 6.62262e+01 1.19910e-02 | 1.25331e-02 1.07867e-01 1.39115e-01 |
   5524 | 6.62382e+01 1.19910e-02 | 1.25331e-02 1.07867e-01 1.39115e-01 |
   5525 | 6.62502e+01 1.19910e-02 | 1.25331e-02 1.07867e-01 1.39115e-01 |
   5526 | 6.62622e+01 1.19910e-02 | 1.25331e-02 1.07867e-01 1.39115e-01 |
   5527 | 6.62741e+01 1.19910e-02 | 1.25331e-02 1.07867e-01 1.39115e-01 |
   5528 | 6.62861e+01 1.19910e-02 | 1.25331e-02 1.07867e-01 1.39115e-01 |
   5529 | 6.62981e+01 1.19910e-02 | 1.25331e-02 1.07867e-01 1.39115e-01 |
   5530 | 6.63101e+01 1.19910e-02 | 1.25331e-02 1.07867e-01 1.39115e-01 |
   5531 | 6.63221e+01 1.19910e-02 | 1.25331e-02 1.07867e-01 1.39115e-01 |
   5532 | 6.63341e+01 1.19910e-02 | 1.25331e-02 1.07867e-01 1.39115e-01 |
   5533 | 6.63461e+01 1.19910e-02 | 1.25331e-02 1.07867e-01 1.39115e-01 |
   5534 | 6.63581e+01 1.19910e-02 | 1.25331e-02 1.07867e-01 1.39115e-01 |
   5535 | 6.63701e+01 1.19910e-02 | 1.25331e-02 1.07867e-01 1.39115e-01 |
   5536 | 6.63821e+01 1.19910e-02 | 1.25331e-02 1.07867e-01 1.39115e-01 |
   5537 | 6.63941e+01 1.19911e-02 | 1.25331e-02 1.07867e-01 1.39115e-01 |
   5538 | 6.64060e+01 1.19911e-02 | 1.25331e-02 1.07867e-01 1.39115e-01 |
   5539 | 6.64180e+01 1.19911e-02 | 1.25331e-02 1.07867e-01 1.39115e-01 |
   5540 | 6.64300e+01 1.19911e-02 | 1.25331e-02 1.07867e-01 1.39115e-01 |
   5541 | 6.64420e+01 1.19911e-02 | 1.25331e-02 1.07867e-01 1.39115e-01 |
   5542 | 6.64540e+01 1.19911e-02 | 1.25331e-02 1.07867e-01 1.39115e-01 |
   5543 | 6.64660e+01 1.19912e-02 | 1.25331e-02 1.07867e-01 1.39115e-01 |
   5544 | 6.64780e+01 1.19912e-02 | 1.25331e-02 1.07867e-01 1.39115e-01 |
   5545 | 6.64900e+01 1.19912e-02 | 1.25331e-02 1.07867e-01 1.39115e-01 |
   5546 | 6.65020e+01 1.19912e-02 | 1.25331e-02 1.07867e-01 1.39115e-01 |
   5547 | 6.65140e+01 1.19912e-02 | 1.25331e-02 1.07867e-01 1.39115e-01 |
   5548 | 6.65260e+01 1.19912e-02 | 1.25331e-02 1.07867e-01 1.39115e-01 |
   5549 | 6.65380e+01 1.19912e-02 | 1.25331e-02 1.07867e-01 1.39115e-01 |
   5550 | 6.65499e+01 1.19911e-02 | 1.25331e-02 1.07867e-01 1.39115e-01 |
   5551 | 6.65619e+01 1.19911e-02 | 1.25331e-02 1.07867e-01 1.39115e-01 |
   5552 | 6.65739e+01 1.19911e-02 | 1.25331e-02 1.07867e-01 1.39115e-01 |
   5553 | 6.65859e+01 1.19911e-02 | 1.25331e-02 1.07867e-01 1.39115e-01 |
   5554 | 6.65979e+01 1.19910e-02 | 1.25331e-02 1.07867e-01 1.39115e-01 |
   5555 | 6.66099e+01 1.19910e-02 | 1.25331e-02 1.07867e-01 1.39115e-01 |
   5556 | 6.66219e+01 1.19910e-02 | 1.25331e-02 1.07867e-01 1.39115e-01 |
   5557 | 6.66339e+01 1.19910e-02 | 1.25331e-02 1.07867e-01 1.39115e-01 |
   5558 | 6.66459e+01 1.19910e-02 | 1.25331e-02 1.07867e-01 1.39115e-01 |
   5559 | 6.66579e+01 1.19909e-02 | 1.25331e-02 1.07867e-01 1.39115e-01 |
   5560 | 6.66699e+01 1.19909e-02 | 1.25331e-02 1.07867e-01 1.39115e-01 |
   5561 | 6.66818e+01 1.19909e-02 | 1.25331e-02 1.07867e-01 1.39115e-01 |
   5562 | 6.66938e+01 1.19909e-02 | 1.25331e-02 1.07867e-01 1.39115e-01 |
   5563 | 6.67058e+01 1.19909e-02 | 1.25331e-02 1.07867e-01 1.39115e-01 |
   5564 | 6.67178e+01 1.19909e-02 | 1.25331e-02 1.07867e-01 1.39115e-01 |
   5565 | 6.67298e+01 1.19909e-02 | 1.25331e-02 1.07867e-01 1.39115e-01 |
   5566 | 6.67418e+01 1.19909e-02 | 1.25331e-02 1.07867e-01 1.39115e-01 |
   5567 | 6.67538e+01 1.19908e-02 | 1.25331e-02 1.07867e-01 1.39115e-01 |
   5568 | 6.67658e+01 1.19908e-02 | 1.25331e-02 1.07867e-01 1.39115e-01 |
   5569 | 6.67778e+01 1.19908e-02 | 1.25331e-02 1.07867e-01 1.39115e-01 |
   5570 | 6.67898e+01 1.19908e-02 | 1.25331e-02 1.07867e-01 1.39115e-01 |
   5571 | 6.68018e+01 1.19908e-02 | 1.25331e-02 1.07867e-01 1.39115e-01 |
   5572 | 6.68137e+01 1.19908e-02 | 1.25331e-02 1.07867e-01 1.39115e-01 |
   5573 | 6.68257e+01 1.19908e-02 | 1.25331e-02 1.07867e-01 1.39115e-01 |
   5574 | 6.68377e+01 1.19908e-02 | 1.25331e-02 1.07867e-01 1.39115e-01 |
   5575 | 6.68497e+01 1.19908e-02 | 1.25331e-02 1.07867e-01 1.39115e-01 |
   5576 | 6.68617e+01 1.19909e-02 | 1.25331e-02 1.07867e-01 1.39115e-01 |
   5577 | 6.68737e+01 1.19909e-02 | 1.25331e-02 1.07867e-01 1.39115e-01 |
   5578 | 6.68857e+01 1.19909e-02 | 1.25331e-02 1.07867e-01 1.39115e-01 |
   5579 | 6.68977e+01 1.19909e-02 | 1.25331e-02 1.07867e-01 1.39115e-01 |
   5580 | 6.69097e+01 1.19909e-02 | 1.25331e-02 1.07867e-01 1.39115e-01 |
   5581 | 6.69217e+01 1.19909e-02 | 1.25331e-02 1.07867e-01 1.39115e-01 |
   5582 | 6.69337e+01 1.19909e-02 | 1.25331e-02 1.07867e-01 1.39115e-01 |
   5583 | 6.69456e+01 1.19909e-02 | 1.25331e-02 1.07867e-01 1.39115e-01 |
   5584 | 6.69576e+01 1.19909e-02 | 1.25331e-02 1.07867e-01 1.39115e-01 |
   5585 | 6.69696e+01 1.19910e-02 | 1.25331e-02 1.07867e-01 1.39115e-01 |
   5586 | 6.69816e+01 1.19910e-02 | 1.25331e-02 1.07867e-01 1.39115e-01 |
   5587 | 6.69936e+01 1.19910e-02 | 1.25331e-02 1.07867e-01 1.39115e-01 |
   5588 | 6.70056e+01 1.19910e-02 | 1.25331e-02 1.07867e-01 1.39115e-01 |
   5589 | 6.70176e+01 1.19911e-02 | 1.25331e-02 1.07867e-01 1.39115e-01 |
   5590 | 6.70296e+01 1.19911e-02 | 1.25331e-02 1.07867e-01 1.39115e-01 |
   5591 | 6.70416e+01 1.19911e-02 | 1.25331e-02 1.07867e-01 1.39115e-01 |
   5592 | 6.70536e+01 1.19910e-02 | 1.25331e-02 1.07867e-01 1.39115e-01 |
   5593 | 6.70656e+01 1.19910e-02 | 1.25331e-02 1.07867e-01 1.39115e-01 |
   5594 | 6.70775e+01 1.19910e-02 | 1.25331e-02 1.07867e-01 1.39115e-01 |
   5595 | 6.70895e+01 1.19910e-02 | 1.25331e-02 1.07867e-01 1.39115e-01 |
   5596 | 6.71015e+01 1.19910e-02 | 1.25331e-02 1.07867e-01 1.39115e-01 |
   5597 | 6.71135e+01 1.19909e-02 | 1.25331e-02 1.07867e-01 1.39115e-01 |
   5598 | 6.71255e+01 1.19909e-02 | 1.25331e-02 1.07867e-01 1.39115e-01 |
   5599 | 6.71375e+01 1.19909e-02 | 1.25331e-02 1.07867e-01 1.39115e-01 |
   5600 | 6.71495e+01 1.19909e-02 | 1.25331e-02 1.07867e-01 1.39115e-01 |
   5601 | 6.71615e+01 1.19909e-02 | 1.25331e-02 1.07867e-01 1.39115e-01 |
   5602 | 6.71735e+01 1.19909e-02 | 1.25331e-02 1.07867e-01 1.39115e-01 |
   5603 | 6.71855e+01 1.19909e-02 | 1.25331e-02 1.07867e-01 1.39115e-01 |
   5604 | 6.71975e+01 1.19909e-02 | 1.25331e-02 1.07867e-01 1.39115e-01 |
   5605 | 6.72094e+01 1.19909e-02 | 1.25331e-02 1.07867e-01 1.39115e-01 |
   5606 | 6.72214e+01 1.19909e-02 | 1.25331e-02 1.07867e-01 1.39115e-01 |
   5607 | 6.72334e+01 1.19909e-02 | 1.25331e-02 1.07867e-01 1.39114e-01 |
   5608 | 6.72454e+01 1.19909e-02 | 1.25331e-02 1.07867e-01 1.39114e-01 |
   5609 | 6.72574e+01 1.19909e-02 | 1.25331e-02 1.07867e-01 1.39114e-01 |
   5610 | 6.72694e+01 1.19909e-02 | 1.25331e-02 1.07867e-01 1.39114e-01 |
   5611 | 6.72814e+01 1.19909e-02 | 1.25331e-02 1.07867e-01 1.39114e-01 |
   5612 | 6.72934e+01 1.19909e-02 | 1.25331e-02 1.07867e-01 1.39114e-01 |
   5613 | 6.73054e+01 1.19909e-02 | 1.25331e-02 1.07867e-01 1.39114e-01 |
   5614 | 6.73174e+01 1.19909e-02 | 1.25331e-02 1.07867e-01 1.39114e-01 |
   5615 | 6.73294e+01 1.19909e-02 | 1.25331e-02 1.07867e-01 1.39114e-01 |
   5616 | 6.73413e+01 1.19909e-02 | 1.25331e-02 1.07867e-01 1.39114e-01 |
   5617 | 6.73533e+01 1.19909e-02 | 1.25331e-02 1.07867e-01 1.39114e-01 |
   5618 | 6.73653e+01 1.19909e-02 | 1.25331e-02 1.07867e-01 1.39114e-01 |
   5619 | 6.73773e+01 1.19909e-02 | 1.25331e-02 1.07867e-01 1.39114e-01 |
   5620 | 6.73893e+01 1.19909e-02 | 1.25331e-02 1.07867e-01 1.39114e-01 |
   5621 | 6.74013e+01 1.19910e-02 | 1.25331e-02 1.07867e-01 1.39114e-01 |
   5622 | 6.74133e+01 1.19910e-02 | 1.25331e-02 1.07867e-01 1.39114e-01 |
   5623 | 6.74253e+01 1.19910e-02 | 1.25331e-02 1.07867e-01 1.39114e-01 |
   5624 | 6.74373e+01 1.19910e-02 | 1.25331e-02 1.07867e-01 1.39114e-01 |
   5625 | 6.74493e+01 1.19910e-02 | 1.25331e-02 1.07867e-01 1.39114e-01 |
   5626 | 6.74613e+01 1.19911e-02 | 1.25331e-02 1.07867e-01 1.39114e-01 |
   5627 | 6.74732e+01 1.19911e-02 | 1.25331e-02 1.07867e-01 1.39114e-01 |
   5628 | 6.74852e+01 1.19911e-02 | 1.25331e-02 1.07867e-01 1.39114e-01 |
   5629 | 6.74972e+01 1.19910e-02 | 1.25331e-02 1.07867e-01 1.39114e-01 |
   5630 | 6.75092e+01 1.19910e-02 | 1.25331e-02 1.07867e-01 1.39114e-01 |
   5631 | 6.75212e+01 1.19910e-02 | 1.25331e-02 1.07867e-01 1.39114e-01 |
   5632 | 6.75332e+01 1.19910e-02 | 1.25331e-02 1.07867e-01 1.39114e-01 |
   5633 | 6.75452e+01 1.19910e-02 | 1.25331e-02 1.07867e-01 1.39114e-01 |
   5634 | 6.75572e+01 1.19910e-02 | 1.25331e-02 1.07867e-01 1.39114e-01 |
   5635 | 6.75692e+01 1.19909e-02 | 1.25331e-02 1.07867e-01 1.39114e-01 |
   5636 | 6.75812e+01 1.19909e-02 | 1.25331e-02 1.07867e-01 1.39114e-01 |
   5637 | 6.75932e+01 1.19909e-02 | 1.25331e-02 1.07867e-01 1.39114e-01 |
   5638 | 6.76051e+01 1.19909e-02 | 1.25331e-02 1.07867e-01 1.39114e-01 |
   5639 | 6.76171e+01 1.19909e-02 | 1.25331e-02 1.07867e-01 1.39114e-01 |
   5640 | 6.76291e+01 1.19909e-02 | 1.25331e-02 1.07867e-01 1.39114e-01 |
   5641 | 6.76411e+01 1.19909e-02 | 1.25331e-02 1.07867e-01 1.39114e-01 |
   5642 | 6.76531e+01 1.19909e-02 | 1.25331e-02 1.07867e-01 1.39114e-01 |
   5643 | 6.76651e+01 1.19909e-02 | 1.25331e-02 1.07867e-01 1.39114e-01 |
   5644 | 6.76771e+01 1.19909e-02 | 1.25331e-02 1.07867e-01 1.39114e-01 |
   5645 | 6.76891e+01 1.19909e-02 | 1.25331e-02 1.07867e-01 1.39114e-01 |
   5646 | 6.77011e+01 1.19909e-02 | 1.25331e-02 1.07867e-01 1.39114e-01 |
   5647 | 6.77131e+01 1.19909e-02 | 1.25331e-02 1.07867e-01 1.39114e-01 |
   5648 | 6.77251e+01 1.19909e-02 | 1.25331e-02 1.07867e-01 1.39114e-01 |
   5649 | 6.77370e+01 1.19909e-02 | 1.25331e-02 1.07867e-01 1.39114e-01 |
   5650 | 6.77490e+01 1.19909e-02 | 1.25331e-02 1.07867e-01 1.39114e-01 |
   5651 | 6.77610e+01 1.19909e-02 | 1.25331e-02 1.07867e-01 1.39114e-01 |
   5652 | 6.77730e+01 1.19909e-02 | 1.25331e-02 1.07867e-01 1.39114e-01 |
   5653 | 6.77850e+01 1.19909e-02 | 1.25331e-02 1.07867e-01 1.39114e-01 |
   5654 | 6.77970e+01 1.19909e-02 | 1.25331e-02 1.07867e-01 1.39114e-01 |
   5655 | 6.78090e+01 1.19909e-02 | 1.25331e-02 1.07867e-01 1.39114e-01 |
   5656 | 6.78210e+01 1.19909e-02 | 1.25331e-02 1.07867e-01 1.39114e-01 |
   5657 | 6.78330e+01 1.19909e-02 | 1.25331e-02 1.07867e-01 1.39114e-01 |
   5658 | 6.78450e+01 1.19910e-02 | 1.25331e-02 1.07867e-01 1.39114e-01 |
   5659 | 6.78570e+01 1.19910e-02 | 1.25331e-02 1.07867e-01 1.39114e-01 |
   5660 | 6.78689e+01 1.19910e-02 | 1.25331e-02 1.07867e-01 1.39114e-01 |
   5661 | 6.78809e+01 1.19910e-02 | 1.25331e-02 1.07867e-01 1.39114e-01 |
   5662 | 6.78929e+01 1.19910e-02 | 1.25331e-02 1.07867e-01 1.39114e-01 |
   5663 | 6.79049e+01 1.19911e-02 | 1.25331e-02 1.07867e-01 1.39114e-01 |
   5664 | 6.79169e+01 1.19911e-02 | 1.25331e-02 1.07867e-01 1.39114e-01 |
   5665 | 6.79289e+01 1.19911e-02 | 1.25331e-02 1.07867e-01 1.39114e-01 |
   5666 | 6.79409e+01 1.19911e-02 | 1.25331e-02 1.07867e-01 1.39114e-01 |
   5667 | 6.79529e+01 1.19912e-02 | 1.25331e-02 1.07867e-01 1.39114e-01 |
   5668 | 6.79649e+01 1.19912e-02 | 1.25331e-02 1.07867e-01 1.39114e-01 |
   5669 | 6.79769e+01 1.19911e-02 | 1.25331e-02 1.07867e-01 1.39114e-01 |
   5670 | 6.79889e+01 1.19911e-02 | 1.25331e-02 1.07867e-01 1.39114e-01 |
   5671 | 6.80008e+01 1.19911e-02 | 1.25331e-02 1.07867e-01 1.39114e-01 |
   5672 | 6.80128e+01 1.19911e-02 | 1.25331e-02 1.07867e-01 1.39114e-01 |
   5673 | 6.80248e+01 1.19910e-02 | 1.25331e-02 1.07867e-01 1.39114e-01 |
   5674 | 6.80368e+01 1.19910e-02 | 1.25331e-02 1.07867e-01 1.39114e-01 |
   5675 | 6.80488e+01 1.19910e-02 | 1.25331e-02 1.07867e-01 1.39114e-01 |
   5676 | 6.80608e+01 1.19910e-02 | 1.25331e-02 1.07867e-01 1.39114e-01 |
   5677 | 6.80728e+01 1.19910e-02 | 1.25331e-02 1.07867e-01 1.39114e-01 |
   5678 | 6.80848e+01 1.19910e-02 | 1.25331e-02 1.07867e-01 1.39114e-01 |
   5679 | 6.80968e+01 1.19909e-02 | 1.25331e-02 1.07867e-01 1.39114e-01 |
   5680 | 6.81088e+01 1.19909e-02 | 1.25331e-02 1.07867e-01 1.39114e-01 |
   5681 | 6.81208e+01 1.19909e-02 | 1.25331e-02 1.07867e-01 1.39114e-01 |
   5682 | 6.81327e+01 1.19909e-02 | 1.25331e-02 1.07867e-01 1.39114e-01 |
   5683 | 6.81447e+01 1.19909e-02 | 1.25331e-02 1.07867e-01 1.39114e-01 |
   5684 | 6.81567e+01 1.19909e-02 | 1.25331e-02 1.07867e-01 1.39114e-01 |
   5685 | 6.81687e+01 1.19909e-02 | 1.25331e-02 1.07867e-01 1.39114e-01 |
   5686 | 6.81807e+01 1.19909e-02 | 1.25331e-02 1.07867e-01 1.39114e-01 |
   5687 | 6.81927e+01 1.19909e-02 | 1.25331e-02 1.07867e-01 1.39114e-01 |
   5688 | 6.82047e+01 1.19909e-02 | 1.25331e-02 1.07867e-01 1.39114e-01 |
   5689 | 6.82167e+01 1.19909e-02 | 1.25331e-02 1.07867e-01 1.39114e-01 |
   5690 | 6.82287e+01 1.19909e-02 | 1.25331e-02 1.07867e-01 1.39114e-01 |
   5691 | 6.82407e+01 1.19909e-02 | 1.25331e-02 1.07867e-01 1.39114e-01 |
   5692 | 6.82527e+01 1.19909e-02 | 1.25331e-02 1.07867e-01 1.39114e-01 |
   5693 | 6.82646e+01 1.19909e-02 | 1.25331e-02 1.07867e-01 1.39114e-01 |
   5694 | 6.82766e+01 1.19909e-02 | 1.25331e-02 1.07867e-01 1.39114e-01 |
   5695 | 6.82886e+01 1.19909e-02 | 1.25331e-02 1.07867e-01 1.39114e-01 |
   5696 | 6.83006e+01 1.19909e-02 | 1.25331e-02 1.07867e-01 1.39114e-01 |
   5697 | 6.83126e+01 1.19909e-02 | 1.25331e-02 1.07867e-01 1.39114e-01 |
   5698 | 6.83246e+01 1.19909e-02 | 1.25331e-02 1.07867e-01 1.39114e-01 |
   5699 | 6.83366e+01 1.19909e-02 | 1.25331e-02 1.07867e-01 1.39114e-01 |
   5700 | 6.83486e+01 1.19909e-02 | 1.25331e-02 1.07867e-01 1.39114e-01 |
   5701 | 6.83606e+01 1.19910e-02 | 1.25331e-02 1.07867e-01 1.39114e-01 |
   5702 | 6.83726e+01 1.19910e-02 | 1.25331e-02 1.07867e-01 1.39114e-01 |
   5703 | 6.83846e+01 1.19910e-02 | 1.25331e-02 1.07867e-01 1.39114e-01 |
   5704 | 6.83965e+01 1.19910e-02 | 1.25331e-02 1.07867e-01 1.39114e-01 |
   5705 | 6.84085e+01 1.19910e-02 | 1.25331e-02 1.07867e-01 1.39114e-01 |
   5706 | 6.84205e+01 1.19911e-02 | 1.25331e-02 1.07867e-01 1.39114e-01 |
   5707 | 6.84325e+01 1.19911e-02 | 1.25331e-02 1.07867e-01 1.39114e-01 |
   5708 | 6.84445e+01 1.19911e-02 | 1.25331e-02 1.07867e-01 1.39114e-01 |
   5709 | 6.84565e+01 1.19911e-02 | 1.25331e-02 1.07867e-01 1.39114e-01 |
   5710 | 6.84685e+01 1.19910e-02 | 1.25331e-02 1.07867e-01 1.39114e-01 |
   5711 | 6.84805e+01 1.19910e-02 | 1.25331e-02 1.07867e-01 1.39114e-01 |
   5712 | 6.84925e+01 1.19910e-02 | 1.25331e-02 1.07867e-01 1.39114e-01 |
   5713 | 6.85045e+01 1.19910e-02 | 1.25331e-02 1.07867e-01 1.39114e-01 |
   5714 | 6.85165e+01 1.19910e-02 | 1.25331e-02 1.07867e-01 1.39114e-01 |
   5715 | 6.85284e+01 1.19910e-02 | 1.25331e-02 1.07867e-01 1.39114e-01 |
   5716 | 6.85404e+01 1.19909e-02 | 1.25331e-02 1.07867e-01 1.39114e-01 |
   5717 | 6.85524e+01 1.19909e-02 | 1.25331e-02 1.07867e-01 1.39114e-01 |
   5718 | 6.85644e+01 1.19909e-02 | 1.25331e-02 1.07867e-01 1.39114e-01 |
   5719 | 6.85764e+01 1.19909e-02 | 1.25331e-02 1.07867e-01 1.39114e-01 |
   5720 | 6.85884e+01 1.19909e-02 | 1.25331e-02 1.07867e-01 1.39114e-01 |
   5721 | 6.86004e+01 1.19909e-02 | 1.25331e-02 1.07867e-01 1.39114e-01 |
   5722 | 6.86124e+01 1.19909e-02 | 1.25331e-02 1.07867e-01 1.39114e-01 |
   5723 | 6.86244e+01 1.19909e-02 | 1.25331e-02 1.07867e-01 1.39114e-01 |
   5724 | 6.86364e+01 1.19909e-02 | 1.25331e-02 1.07867e-01 1.39114e-01 |
   5725 | 6.86484e+01 1.19909e-02 | 1.25331e-02 1.07867e-01 1.39114e-01 |
   5726 | 6.86603e+01 1.19909e-02 | 1.25331e-02 1.07867e-01 1.39114e-01 |
   5727 | 6.86723e+01 1.19909e-02 | 1.25331e-02 1.07867e-01 1.39114e-01 |
   5728 | 6.86843e+01 1.19909e-02 | 1.25331e-02 1.07867e-01 1.39114e-01 |
   5729 | 6.86963e+01 1.19909e-02 | 1.25331e-02 1.07867e-01 1.39114e-01 |
   5730 | 6.87083e+01 1.19909e-02 | 1.25331e-02 1.07867e-01 1.39114e-01 |
   5731 | 6.87203e+01 1.19909e-02 | 1.25331e-02 1.07867e-01 1.39114e-01 |
   5732 | 6.87323e+01 1.19909e-02 | 1.25331e-02 1.07867e-01 1.39114e-01 |
   5733 | 6.87443e+01 1.19909e-02 | 1.25331e-02 1.07867e-01 1.39114e-01 |
   5734 | 6.87563e+01 1.19909e-02 | 1.25331e-02 1.07867e-01 1.39114e-01 |
   5735 | 6.87683e+01 1.19909e-02 | 1.25331e-02 1.07867e-01 1.39114e-01 |
   5736 | 6.87803e+01 1.19909e-02 | 1.25331e-02 1.07867e-01 1.39114e-01 |
   5737 | 6.87922e+01 1.19909e-02 | 1.25331e-02 1.07867e-01 1.39114e-01 |
   5738 | 6.88042e+01 1.19909e-02 | 1.25331e-02 1.07867e-01 1.39114e-01 |
   5739 | 6.88162e+01 1.19910e-02 | 1.25331e-02 1.07867e-01 1.39114e-01 |
   5740 | 6.88282e+01 1.19910e-02 | 1.25331e-02 1.07867e-01 1.39114e-01 |
   5741 | 6.88402e+01 1.19910e-02 | 1.25331e-02 1.07867e-01 1.39114e-01 |
   5742 | 6.88522e+01 1.19910e-02 | 1.25331e-02 1.07867e-01 1.39114e-01 |
   5743 | 6.88642e+01 1.19910e-02 | 1.25331e-02 1.07867e-01 1.39114e-01 |
   5744 | 6.88762e+01 1.19911e-02 | 1.25331e-02 1.07867e-01 1.39114e-01 |
   5745 | 6.88882e+01 1.19911e-02 | 1.25331e-02 1.07867e-01 1.39114e-01 |
   5746 | 6.89002e+01 1.19911e-02 | 1.25331e-02 1.07867e-01 1.39114e-01 |
   5747 | 6.89122e+01 1.19910e-02 | 1.25331e-02 1.07867e-01 1.39114e-01 |
   5748 | 6.89241e+01 1.19910e-02 | 1.25331e-02 1.07867e-01 1.39114e-01 |
   5749 | 6.89361e+01 1.19910e-02 | 1.25331e-02 1.07867e-01 1.39114e-01 |
   5750 | 6.89481e+01 1.19910e-02 | 1.25331e-02 1.07867e-01 1.39114e-01 |
   5751 | 6.89601e+01 1.19910e-02 | 1.25331e-02 1.07867e-01 1.39114e-01 |
   5752 | 6.89721e+01 1.19909e-02 | 1.25331e-02 1.07867e-01 1.39114e-01 |
   5753 | 6.89841e+01 1.19909e-02 | 1.25331e-02 1.07867e-01 1.39114e-01 |
   5754 | 6.89961e+01 1.19909e-02 | 1.25331e-02 1.07867e-01 1.39114e-01 |
   5755 | 6.90081e+01 1.19909e-02 | 1.25331e-02 1.07867e-01 1.39114e-01 |
   5756 | 6.90201e+01 1.19909e-02 | 1.25331e-02 1.07867e-01 1.39114e-01 |
   5757 | 6.90321e+01 1.19909e-02 | 1.25331e-02 1.07867e-01 1.39114e-01 |
   5758 | 6.90441e+01 1.19909e-02 | 1.25331e-02 1.07867e-01 1.39114e-01 |
   5759 | 6.90560e+01 1.19909e-02 | 1.25331e-02 1.07867e-01 1.39114e-01 |
   5760 | 6.90680e+01 1.19909e-02 | 1.25331e-02 1.07867e-01 1.39114e-01 |
   5761 | 6.90800e+01 1.19909e-02 | 1.25331e-02 1.07867e-01 1.39114e-01 |
   5762 | 6.90920e+01 1.19908e-02 | 1.25331e-02 1.07867e-01 1.39114e-01 |
   5763 | 6.91040e+01 1.19908e-02 | 1.25331e-02 1.07867e-01 1.39114e-01 |
   5764 | 6.91160e+01 1.19908e-02 | 1.25331e-02 1.07867e-01 1.39114e-01 |
   5765 | 6.91280e+01 1.19908e-02 | 1.25331e-02 1.07867e-01 1.39114e-01 |
   5766 | 6.91400e+01 1.19908e-02 | 1.25331e-02 1.07867e-01 1.39114e-01 |
   5767 | 6.91520e+01 1.19909e-02 | 1.25331e-02 1.07867e-01 1.39114e-01 |
   5768 | 6.91640e+01 1.19909e-02 | 1.25331e-02 1.07867e-01 1.39114e-01 |
   5769 | 6.91760e+01 1.19909e-02 | 1.25331e-02 1.07867e-01 1.39114e-01 |
   5770 | 6.91879e+01 1.19909e-02 | 1.25331e-02 1.07867e-01 1.39114e-01 |
   5771 | 6.91999e+01 1.19909e-02 | 1.25331e-02 1.07867e-01 1.39114e-01 |
   5772 | 6.92119e+01 1.19909e-02 | 1.25331e-02 1.07867e-01 1.39114e-01 |
   5773 | 6.92239e+01 1.19909e-02 | 1.25331e-02 1.07867e-01 1.39114e-01 |
   5774 | 6.92359e+01 1.19909e-02 | 1.25331e-02 1.07867e-01 1.39114e-01 |
   5775 | 6.92479e+01 1.19909e-02 | 1.25331e-02 1.07867e-01 1.39114e-01 |
   5776 | 6.92599e+01 1.19909e-02 | 1.25331e-02 1.07867e-01 1.39114e-01 |
   5777 | 6.92719e+01 1.19910e-02 | 1.25331e-02 1.07867e-01 1.39114e-01 |
   5778 | 6.92839e+01 1.19910e-02 | 1.25331e-02 1.07867e-01 1.39114e-01 |
   5779 | 6.92959e+01 1.19910e-02 | 1.25331e-02 1.07867e-01 1.39114e-01 |
   5780 | 6.93079e+01 1.19910e-02 | 1.25331e-02 1.07867e-01 1.39114e-01 |
   5781 | 6.93198e+01 1.19910e-02 | 1.25331e-02 1.07867e-01 1.39114e-01 |
   5782 | 6.93318e+01 1.19911e-02 | 1.25331e-02 1.07867e-01 1.39114e-01 |
   5783 | 6.93438e+01 1.19911e-02 | 1.25331e-02 1.07867e-01 1.39114e-01 |
   5784 | 6.93558e+01 1.19911e-02 | 1.25331e-02 1.07867e-01 1.39114e-01 |
   5785 | 6.93678e+01 1.19911e-02 | 1.25331e-02 1.07867e-01 1.39114e-01 |
   5786 | 6.93798e+01 1.19911e-02 | 1.25331e-02 1.07867e-01 1.39114e-01 |
   5787 | 6.93918e+01 1.19911e-02 | 1.25331e-02 1.07867e-01 1.39114e-01 |
   5788 | 6.94038e+01 1.19911e-02 | 1.25331e-02 1.07867e-01 1.39114e-01 |
   5789 | 6.94158e+01 1.19911e-02 | 1.25331e-02 1.07867e-01 1.39114e-01 |
   5790 | 6.94278e+01 1.19911e-02 | 1.25331e-02 1.07867e-01 1.39114e-01 |
   5791 | 6.94398e+01 1.19911e-02 | 1.25331e-02 1.07867e-01 1.39114e-01 |
   5792 | 6.94518e+01 1.19911e-02 | 1.25331e-02 1.07867e-01 1.39114e-01 |
   5793 | 6.94637e+01 1.19911e-02 | 1.25331e-02 1.07867e-01 1.39114e-01 |
   5794 | 6.94757e+01 1.19911e-02 | 1.25331e-02 1.07867e-01 1.39114e-01 |
   5795 | 6.94877e+01 1.19911e-02 | 1.25331e-02 1.07867e-01 1.39114e-01 |
   5796 | 6.94997e+01 1.19911e-02 | 1.25331e-02 1.07867e-01 1.39114e-01 |
   5797 | 6.95117e+01 1.19911e-02 | 1.25331e-02 1.07867e-01 1.39114e-01 |
   5798 | 6.95237e+01 1.19911e-02 | 1.25331e-02 1.07867e-01 1.39114e-01 |
   5799 | 6.95357e+01 1.19911e-02 | 1.25331e-02 1.07867e-01 1.39114e-01 |
   5800 | 6.95477e+01 1.19911e-02 | 1.25331e-02 1.07867e-01 1.39114e-01 |
   5801 | 6.95597e+01 1.19911e-02 | 1.25331e-02 1.07867e-01 1.39114e-01 |
   5802 | 6.95717e+01 1.19910e-02 | 1.25331e-02 1.07867e-01 1.39114e-01 |
   5803 | 6.95837e+01 1.19910e-02 | 1.25331e-02 1.07867e-01 1.39114e-01 |
   5804 | 6.95956e+01 1.19910e-02 | 1.25331e-02 1.07867e-01 1.39114e-01 |
   5805 | 6.96076e+01 1.19910e-02 | 1.25331e-02 1.07867e-01 1.39114e-01 |
   5806 | 6.96196e+01 1.19910e-02 | 1.25331e-02 1.07867e-01 1.39114e-01 |
   5807 | 6.96316e+01 1.19910e-02 | 1.25331e-02 1.07867e-01 1.39114e-01 |
   5808 | 6.96436e+01 1.19910e-02 | 1.25331e-02 1.07867e-01 1.39114e-01 |
   5809 | 6.96556e+01 1.19910e-02 | 1.25331e-02 1.07867e-01 1.39114e-01 |
   5810 | 6.96676e+01 1.19910e-02 | 1.25331e-02 1.07867e-01 1.39114e-01 |
   5811 | 6.96796e+01 1.19910e-02 | 1.25331e-02 1.07867e-01 1.39114e-01 |
   5812 | 6.96916e+01 1.19910e-02 | 1.25331e-02 1.07867e-01 1.39114e-01 |
   5813 | 6.97036e+01 1.19910e-02 | 1.25331e-02 1.07867e-01 1.39114e-01 |
   5814 | 6.97156e+01 1.19911e-02 | 1.25331e-02 1.07867e-01 1.39114e-01 |
   5815 | 6.97275e+01 1.19911e-02 | 1.25331e-02 1.07867e-01 1.39114e-01 |
   5816 | 6.97395e+01 1.19911e-02 | 1.25331e-02 1.07867e-01 1.39114e-01 |
   5817 | 6.97515e+01 1.19911e-02 | 1.25331e-02 1.07867e-01 1.39114e-01 |
   5818 | 6.97635e+01 1.19911e-02 | 1.25331e-02 1.07867e-01 1.39114e-01 |
   5819 | 6.97755e+01 1.19911e-02 | 1.25331e-02 1.07867e-01 1.39114e-01 |
   5820 | 6.97875e+01 1.19911e-02 | 1.25331e-02 1.07867e-01 1.39114e-01 |
   5821 | 6.97995e+01 1.19911e-02 | 1.25331e-02 1.07867e-01 1.39114e-01 |
   5822 | 6.98115e+01 1.19912e-02 | 1.25331e-02 1.07867e-01 1.39114e-01 |
   5823 | 6.98235e+01 1.19912e-02 | 1.25331e-02 1.07867e-01 1.39114e-01 |
   5824 | 6.98355e+01 1.19912e-02 | 1.25331e-02 1.07867e-01 1.39114e-01 |
   5825 | 6.98475e+01 1.19912e-02 | 1.25331e-02 1.07867e-01 1.39114e-01 |
   5826 | 6.98594e+01 1.19912e-02 | 1.25331e-02 1.07867e-01 1.39114e-01 |
   5827 | 6.98714e+01 1.19912e-02 | 1.25331e-02 1.07867e-01 1.39114e-01 |
   5828 | 6.98834e+01 1.19912e-02 | 1.25331e-02 1.07867e-01 1.39114e-01 |
   5829 | 6.98954e+01 1.19912e-02 | 1.25331e-02 1.07867e-01 1.39114e-01 |
   5830 | 6.99074e+01 1.19911e-02 | 1.25331e-02 1.07867e-01 1.39114e-01 |
   5831 | 6.99194e+01 1.19911e-02 | 1.25331e-02 1.07867e-01 1.39114e-01 |
   5832 | 6.99314e+01 1.19911e-02 | 1.25331e-02 1.07867e-01 1.39114e-01 |
   5833 | 6.99434e+01 1.19911e-02 | 1.25331e-02 1.07867e-01 1.39114e-01 |
   5834 | 6.99554e+01 1.19911e-02 | 1.25331e-02 1.07867e-01 1.39114e-01 |
   5835 | 6.99674e+01 1.19911e-02 | 1.25331e-02 1.07867e-01 1.39114e-01 |
   5836 | 6.99794e+01 1.19910e-02 | 1.25331e-02 1.07867e-01 1.39114e-01 |
   5837 | 6.99914e+01 1.19910e-02 | 1.25331e-02 1.07867e-01 1.39114e-01 |
   5838 | 7.00033e+01 1.19910e-02 | 1.25331e-02 1.07867e-01 1.39114e-01 |
   5839 | 7.00153e+01 1.19910e-02 | 1.25331e-02 1.07867e-01 1.39114e-01 |
   5840 | 7.00273e+01 1.19910e-02 | 1.25331e-02 1.07867e-01 1.39114e-01 |
   5841 | 7.00393e+01 1.19910e-02 | 1.25331e-02 1.07867e-01 1.39114e-01 |
   5842 | 7.00513e+01 1.19910e-02 | 1.25331e-02 1.07867e-01 1.39114e-01 |
   5843 | 7.00633e+01 1.19910e-02 | 1.25331e-02 1.07867e-01 1.39114e-01 |
   5844 | 7.00753e+01 1.19910e-02 | 1.25331e-02 1.07867e-01 1.39114e-01 |
   5845 | 7.00873e+01 1.19910e-02 | 1.25331e-02 1.07867e-01 1.39114e-01 |
   5846 | 7.00993e+01 1.19910e-02 | 1.25331e-02 1.07867e-01 1.39114e-01 |
   5847 | 7.01113e+01 1.19910e-02 | 1.25331e-02 1.07867e-01 1.39114e-01 |
   5848 | 7.01233e+01 1.19910e-02 | 1.25331e-02 1.07867e-01 1.39114e-01 |
   5849 | 7.01352e+01 1.19910e-02 | 1.25331e-02 1.07867e-01 1.39114e-01 |
   5850 | 7.01472e+01 1.19910e-02 | 1.25331e-02 1.07867e-01 1.39114e-01 |
   5851 | 7.01592e+01 1.19910e-02 | 1.25331e-02 1.07867e-01 1.39114e-01 |
   5852 | 7.01712e+01 1.19910e-02 | 1.25331e-02 1.07867e-01 1.39114e-01 |
   5853 | 7.01832e+01 1.19910e-02 | 1.25331e-02 1.07867e-01 1.39114e-01 |
   5854 | 7.01952e+01 1.19910e-02 | 1.25331e-02 1.07867e-01 1.39114e-01 |
   5855 | 7.02072e+01 1.19911e-02 | 1.25331e-02 1.07867e-01 1.39114e-01 |
   5856 | 7.02192e+01 1.19911e-02 | 1.25331e-02 1.07867e-01 1.39114e-01 |
   5857 | 7.02312e+01 1.19911e-02 | 1.25331e-02 1.07867e-01 1.39114e-01 |
   5858 | 7.02432e+01 1.19910e-02 | 1.25331e-02 1.07867e-01 1.39114e-01 |
   5859 | 7.02552e+01 1.19910e-02 | 1.25331e-02 1.07867e-01 1.39114e-01 |
   5860 | 7.02671e+01 1.19910e-02 | 1.25331e-02 1.07867e-01 1.39114e-01 |
   5861 | 7.02791e+01 1.19910e-02 | 1.25331e-02 1.07867e-01 1.39114e-01 |
   5862 | 7.02911e+01 1.19910e-02 | 1.25331e-02 1.07867e-01 1.39114e-01 |
   5863 | 7.03031e+01 1.19910e-02 | 1.25331e-02 1.07867e-01 1.39114e-01 |
   5864 | 7.03151e+01 1.19909e-02 | 1.25331e-02 1.07867e-01 1.39114e-01 |
   5865 | 7.03271e+01 1.19909e-02 | 1.25331e-02 1.07867e-01 1.39114e-01 |
   5866 | 7.03391e+01 1.19909e-02 | 1.25331e-02 1.07867e-01 1.39114e-01 |
   5867 | 7.03511e+01 1.19909e-02 | 1.25331e-02 1.07867e-01 1.39114e-01 |
   5868 | 7.03631e+01 1.19909e-02 | 1.25331e-02 1.07867e-01 1.39114e-01 |
   5869 | 7.03751e+01 1.19909e-02 | 1.25331e-02 1.07867e-01 1.39114e-01 |
   5870 | 7.03871e+01 1.19909e-02 | 1.25331e-02 1.07867e-01 1.39114e-01 |
   5871 | 7.03990e+01 1.19909e-02 | 1.25331e-02 1.07867e-01 1.39114e-01 |
   5872 | 7.04110e+01 1.19909e-02 | 1.25331e-02 1.07867e-01 1.39114e-01 |
   5873 | 7.04230e+01 1.19909e-02 | 1.25331e-02 1.07867e-01 1.39114e-01 |
   5874 | 7.04350e+01 1.19909e-02 | 1.25331e-02 1.07867e-01 1.39114e-01 |
   5875 | 7.04470e+01 1.19909e-02 | 1.25331e-02 1.07867e-01 1.39114e-01 |
   5876 | 7.04590e+01 1.19909e-02 | 1.25331e-02 1.07867e-01 1.39114e-01 |
   5877 | 7.04710e+01 1.19909e-02 | 1.25331e-02 1.07867e-01 1.39114e-01 |
   5878 | 7.04830e+01 1.19909e-02 | 1.25331e-02 1.07867e-01 1.39114e-01 |
   5879 | 7.04950e+01 1.19909e-02 | 1.25331e-02 1.07867e-01 1.39114e-01 |
   5880 | 7.05070e+01 1.19909e-02 | 1.25331e-02 1.07867e-01 1.39114e-01 |
   5881 | 7.05190e+01 1.19909e-02 | 1.25331e-02 1.07867e-01 1.39114e-01 |
   5882 | 7.05309e+01 1.19909e-02 | 1.25331e-02 1.07867e-01 1.39114e-01 |
   5883 | 7.05429e+01 1.19909e-02 | 1.25331e-02 1.07867e-01 1.39114e-01 |
   5884 | 7.05549e+01 1.19910e-02 | 1.25331e-02 1.07867e-01 1.39114e-01 |
   5885 | 7.05669e+01 1.19910e-02 | 1.25331e-02 1.07867e-01 1.39114e-01 |
   5886 | 7.05789e+01 1.19910e-02 | 1.25331e-02 1.07867e-01 1.39114e-01 |
   5887 | 7.05909e+01 1.19910e-02 | 1.25331e-02 1.07867e-01 1.39114e-01 |
   5888 | 7.06029e+01 1.19910e-02 | 1.25331e-02 1.07867e-01 1.39114e-01 |
   5889 | 7.06149e+01 1.19910e-02 | 1.25331e-02 1.07867e-01 1.39114e-01 |
   5890 | 7.06269e+01 1.19910e-02 | 1.25331e-02 1.07867e-01 1.39114e-01 |
   5891 | 7.06389e+01 1.19910e-02 | 1.25331e-02 1.07867e-01 1.39114e-01 |
   5892 | 7.06509e+01 1.19910e-02 | 1.25331e-02 1.07867e-01 1.39114e-01 |
   5893 | 7.06628e+01 1.19910e-02 | 1.25331e-02 1.07867e-01 1.39114e-01 |
   5894 | 7.06748e+01 1.19910e-02 | 1.25331e-02 1.07867e-01 1.39114e-01 |
   5895 | 7.06868e+01 1.19911e-02 | 1.25331e-02 1.07867e-01 1.39114e-01 |
   5896 | 7.06988e+01 1.19911e-02 | 1.25331e-02 1.07867e-01 1.39114e-01 |
   5897 | 7.07108e+01 1.19911e-02 | 1.25331e-02 1.07867e-01 1.39114e-01 |
   5898 | 7.07228e+01 1.19910e-02 | 1.25331e-02 1.07867e-01 1.39114e-01 |
   5899 | 7.07348e+01 1.19910e-02 | 1.25331e-02 1.07867e-01 1.39114e-01 |
   5900 | 7.07468e+01 1.19910e-02 | 1.25331e-02 1.07867e-01 1.39114e-01 |
   5901 | 7.07588e+01 1.19910e-02 | 1.25331e-02 1.07867e-01 1.39114e-01 |
   5902 | 7.07708e+01 1.19910e-02 | 1.25331e-02 1.07867e-01 1.39114e-01 |
   5903 | 7.07828e+01 1.19910e-02 | 1.25331e-02 1.07867e-01 1.39114e-01 |
   5904 | 7.07947e+01 1.19910e-02 | 1.25331e-02 1.07867e-01 1.39114e-01 |
   5905 | 7.08067e+01 1.19909e-02 | 1.25331e-02 1.07867e-01 1.39114e-01 |
   5906 | 7.08187e+01 1.19909e-02 | 1.25331e-02 1.07867e-01 1.39114e-01 |
   5907 | 7.08307e+01 1.19909e-02 | 1.25331e-02 1.07867e-01 1.39114e-01 |
   5908 | 7.08427e+01 1.19909e-02 | 1.25331e-02 1.07867e-01 1.39114e-01 |
   5909 | 7.08547e+01 1.19909e-02 | 1.25331e-02 1.07867e-01 1.39114e-01 |
   5910 | 7.08667e+01 1.19909e-02 | 1.25331e-02 1.07867e-01 1.39114e-01 |
   5911 | 7.08787e+01 1.19909e-02 | 1.25331e-02 1.07867e-01 1.39114e-01 |
   5912 | 7.08907e+01 1.19909e-02 | 1.25331e-02 1.07867e-01 1.39114e-01 |
   5913 | 7.09027e+01 1.19909e-02 | 1.25331e-02 1.07867e-01 1.39114e-01 |
   5914 | 7.09147e+01 1.19909e-02 | 1.25331e-02 1.07867e-01 1.39114e-01 |
   5915 | 7.09266e+01 1.19909e-02 | 1.25331e-02 1.07867e-01 1.39114e-01 |
   5916 | 7.09386e+01 1.19909e-02 | 1.25331e-02 1.07867e-01 1.39114e-01 |
   5917 | 7.09506e+01 1.19909e-02 | 1.25331e-02 1.07867e-01 1.39114e-01 |
   5918 | 7.09626e+01 1.19910e-02 | 1.25331e-02 1.07867e-01 1.39114e-01 |
   5919 | 7.09746e+01 1.19910e-02 | 1.25331e-02 1.07867e-01 1.39114e-01 |
   5920 | 7.09866e+01 1.19910e-02 | 1.25331e-02 1.07867e-01 1.39114e-01 |
   5921 | 7.09986e+01 1.19910e-02 | 1.25331e-02 1.07867e-01 1.39114e-01 |
   5922 | 7.10106e+01 1.19910e-02 | 1.25331e-02 1.07867e-01 1.39114e-01 |
   5923 | 7.10226e+01 1.19910e-02 | 1.25331e-02 1.07867e-01 1.39114e-01 |
   5924 | 7.10346e+01 1.19910e-02 | 1.25331e-02 1.07867e-01 1.39114e-01 |
   5925 | 7.10466e+01 1.19911e-02 | 1.25331e-02 1.07867e-01 1.39114e-01 |
   5926 | 7.10585e+01 1.19911e-02 | 1.25331e-02 1.07867e-01 1.39114e-01 |
   5927 | 7.10705e+01 1.19911e-02 | 1.25331e-02 1.07867e-01 1.39114e-01 |
   5928 | 7.10825e+01 1.19911e-02 | 1.25331e-02 1.07867e-01 1.39114e-01 |
   5929 | 7.10945e+01 1.19911e-02 | 1.25331e-02 1.07867e-01 1.39114e-01 |
   5930 | 7.11065e+01 1.19912e-02 | 1.25331e-02 1.07867e-01 1.39114e-01 |
   5931 | 7.11185e+01 1.19911e-02 | 1.25331e-02 1.07867e-01 1.39114e-01 |
   5932 | 7.11305e+01 1.19911e-02 | 1.25331e-02 1.07867e-01 1.39114e-01 |
   5933 | 7.11425e+01 1.19911e-02 | 1.25331e-02 1.07867e-01 1.39114e-01 |
   5934 | 7.11545e+01 1.19911e-02 | 1.25331e-02 1.07867e-01 1.39114e-01 |
   5935 | 7.11665e+01 1.19911e-02 | 1.25331e-02 1.07867e-01 1.39114e-01 |
   5936 | 7.11785e+01 1.19911e-02 | 1.25331e-02 1.07867e-01 1.39114e-01 |
   5937 | 7.11904e+01 1.19910e-02 | 1.25331e-02 1.07867e-01 1.39114e-01 |
   5938 | 7.12024e+01 1.19910e-02 | 1.25331e-02 1.07867e-01 1.39114e-01 |
   5939 | 7.12144e+01 1.19910e-02 | 1.25331e-02 1.07867e-01 1.39114e-01 |
   5940 | 7.12264e+01 1.19910e-02 | 1.25331e-02 1.07867e-01 1.39114e-01 |
   5941 | 7.12384e+01 1.19910e-02 | 1.25331e-02 1.07867e-01 1.39114e-01 |
   5942 | 7.12504e+01 1.19910e-02 | 1.25331e-02 1.07867e-01 1.39114e-01 |
   5943 | 7.12624e+01 1.19910e-02 | 1.25331e-02 1.07867e-01 1.39114e-01 |
   5944 | 7.12744e+01 1.19910e-02 | 1.25331e-02 1.07867e-01 1.39114e-01 |
   5945 | 7.12864e+01 1.19910e-02 | 1.25331e-02 1.07867e-01 1.39114e-01 |
   5946 | 7.12984e+01 1.19910e-02 | 1.25331e-02 1.07867e-01 1.39114e-01 |
   5947 | 7.13104e+01 1.19910e-02 | 1.25331e-02 1.07867e-01 1.39114e-01 |
   5948 | 7.13223e+01 1.19910e-02 | 1.25331e-02 1.07867e-01 1.39114e-01 |
   5949 | 7.13343e+01 1.19910e-02 | 1.25331e-02 1.07867e-01 1.39114e-01 |
   5950 | 7.13463e+01 1.19910e-02 | 1.25331e-02 1.07867e-01 1.39114e-01 |
   5951 | 7.13583e+01 1.19910e-02 | 1.25331e-02 1.07867e-01 1.39114e-01 |
   5952 | 7.13703e+01 1.19910e-02 | 1.25331e-02 1.07867e-01 1.39114e-01 |
   5953 | 7.13823e+01 1.19910e-02 | 1.25331e-02 1.07867e-01 1.39114e-01 |
   5954 | 7.13943e+01 1.19910e-02 | 1.25331e-02 1.07867e-01 1.39114e-01 |
   5955 | 7.14063e+01 1.19910e-02 | 1.25331e-02 1.07867e-01 1.39114e-01 |
   5956 | 7.14183e+01 1.19910e-02 | 1.25331e-02 1.07867e-01 1.39114e-01 |
   5957 | 7.14303e+01 1.19910e-02 | 1.25331e-02 1.07867e-01 1.39114e-01 |
   5958 | 7.14423e+01 1.19910e-02 | 1.25331e-02 1.07867e-01 1.39114e-01 |
   5959 | 7.14543e+01 1.19910e-02 | 1.25331e-02 1.07867e-01 1.39114e-01 |
   5960 | 7.14662e+01 1.19910e-02 | 1.25331e-02 1.07867e-01 1.39114e-01 |
   5961 | 7.14782e+01 1.19911e-02 | 1.25331e-02 1.07867e-01 1.39114e-01 |
   5962 | 7.14902e+01 1.19911e-02 | 1.25331e-02 1.07867e-01 1.39114e-01 |
   5963 | 7.15022e+01 1.19911e-02 | 1.25331e-02 1.07867e-01 1.39114e-01 |
   5964 | 7.15142e+01 1.19911e-02 | 1.25331e-02 1.07867e-01 1.39114e-01 |
   5965 | 7.15262e+01 1.19911e-02 | 1.25331e-02 1.07867e-01 1.39114e-01 |
   5966 | 7.15382e+01 1.19912e-02 | 1.25331e-02 1.07867e-01 1.39114e-01 |
   5967 | 7.15502e+01 1.19912e-02 | 1.25331e-02 1.07867e-01 1.39114e-01 |
   5968 | 7.15622e+01 1.19912e-02 | 1.25331e-02 1.07867e-01 1.39114e-01 |
   5969 | 7.15742e+01 1.19912e-02 | 1.25331e-02 1.07867e-01 1.39114e-01 |
   5970 | 7.15862e+01 1.19911e-02 | 1.25331e-02 1.07867e-01 1.39114e-01 |
   5971 | 7.15981e+01 1.19911e-02 | 1.25331e-02 1.07867e-01 1.39114e-01 |
   5972 | 7.16101e+01 1.19911e-02 | 1.25331e-02 1.07867e-01 1.39114e-01 |
   5973 | 7.16221e+01 1.19911e-02 | 1.25331e-02 1.07867e-01 1.39114e-01 |
   5974 | 7.16341e+01 1.19910e-02 | 1.25331e-02 1.07867e-01 1.39114e-01 |
   5975 | 7.16461e+01 1.19910e-02 | 1.25331e-02 1.07867e-01 1.39114e-01 |
   5976 | 7.16581e+01 1.19910e-02 | 1.25331e-02 1.07867e-01 1.39114e-01 |
   5977 | 7.16701e+01 1.19910e-02 | 1.25331e-02 1.07867e-01 1.39114e-01 |
   5978 | 7.16821e+01 1.19910e-02 | 1.25331e-02 1.07867e-01 1.39114e-01 |
   5979 | 7.16941e+01 1.19909e-02 | 1.25331e-02 1.07867e-01 1.39114e-01 |
   5980 | 7.17061e+01 1.19909e-02 | 1.25331e-02 1.07867e-01 1.39114e-01 |
   5981 | 7.17181e+01 1.19909e-02 | 1.25331e-02 1.07867e-01 1.39114e-01 |
   5982 | 7.17300e+01 1.19909e-02 | 1.25331e-02 1.07867e-01 1.39114e-01 |
   5983 | 7.17420e+01 1.19909e-02 | 1.25331e-02 1.07867e-01 1.39114e-01 |
   5984 | 7.17540e+01 1.19909e-02 | 1.25331e-02 1.07867e-01 1.39114e-01 |
   5985 | 7.17660e+01 1.19909e-02 | 1.25331e-02 1.07867e-01 1.39114e-01 |
   5986 | 7.17780e+01 1.19909e-02 | 1.25331e-02 1.07867e-01 1.39114e-01 |
   5987 | 7.17900e+01 1.19909e-02 | 1.25331e-02 1.07867e-01 1.39114e-01 |
   5988 | 7.18020e+01 1.19908e-02 | 1.25331e-02 1.07867e-01 1.39114e-01 |
   5989 | 7.18140e+01 1.19908e-02 | 1.25331e-02 1.07867e-01 1.39114e-01 |
   5990 | 7.18260e+01 1.19908e-02 | 1.25331e-02 1.07867e-01 1.39114e-01 |
   5991 | 7.18380e+01 1.19908e-02 | 1.25331e-02 1.07867e-01 1.39114e-01 |
   5992 | 7.18500e+01 1.19908e-02 | 1.25331e-02 1.07867e-01 1.39114e-01 |
   5993 | 7.18619e+01 1.19908e-02 | 1.25331e-02 1.07867e-01 1.39114e-01 |
   5994 | 7.18739e+01 1.19908e-02 | 1.25331e-02 1.07867e-01 1.39114e-01 |
   5995 | 7.18859e+01 1.19908e-02 | 1.25331e-02 1.07867e-01 1.39114e-01 |
   5996 | 7.18979e+01 1.19908e-02 | 1.25331e-02 1.07867e-01 1.39114e-01 |
   5997 | 7.19099e+01 1.19909e-02 | 1.25331e-02 1.07867e-01 1.39114e-01 |
   5998 | 7.19219e+01 1.19909e-02 | 1.25331e-02 1.07867e-01 1.39114e-01 |
   5999 | 7.19339e+01 1.19909e-02 | 1.25331e-02 1.07867e-01 1.39114e-01 |
   6000 | 7.19459e+01 1.19909e-02 | 1.25331e-02 1.07867e-01 1.39114e-01 |
   6001 | 7.19579e+01 1.19909e-02 | 1.25331e-02 1.07867e-01 1.39114e-01 |
   6002 | 7.19699e+01 1.19909e-02 | 1.25331e-02 1.07867e-01 1.39114e-01 |
   6003 | 7.19819e+01 1.19909e-02 | 1.25331e-02 1.07867e-01 1.39114e-01 |
   6004 | 7.19938e+01 1.19909e-02 | 1.25331e-02 1.07867e-01 1.39114e-01 |
   6005 | 7.20058e+01 1.19910e-02 | 1.25331e-02 1.07867e-01 1.39114e-01 |
   6006 | 7.20178e+01 1.19910e-02 | 1.25331e-02 1.07867e-01 1.39114e-01 |
   6007 | 7.20298e+01 1.19910e-02 | 1.25331e-02 1.07867e-01 1.39114e-01 |
   6008 | 7.20418e+01 1.19910e-02 | 1.25331e-02 1.07867e-01 1.39114e-01 |
   6009 | 7.20538e+01 1.19910e-02 | 1.25331e-02 1.07867e-01 1.39114e-01 |
   6010 | 7.20658e+01 1.19911e-02 | 1.25331e-02 1.07867e-01 1.39114e-01 |
   6011 | 7.20778e+01 1.19911e-02 | 1.25331e-02 1.07867e-01 1.39114e-01 |
   6012 | 7.20898e+01 1.19910e-02 | 1.25331e-02 1.07867e-01 1.39114e-01 |
   6013 | 7.21018e+01 1.19910e-02 | 1.25331e-02 1.07867e-01 1.39114e-01 |
   6014 | 7.21138e+01 1.19910e-02 | 1.25331e-02 1.07867e-01 1.39114e-01 |
   6015 | 7.21257e+01 1.19910e-02 | 1.25331e-02 1.07867e-01 1.39114e-01 |
   6016 | 7.21377e+01 1.19910e-02 | 1.25331e-02 1.07867e-01 1.39114e-01 |
   6017 | 7.21497e+01 1.19909e-02 | 1.25331e-02 1.07867e-01 1.39114e-01 |
   6018 | 7.21617e+01 1.19909e-02 | 1.25331e-02 1.07867e-01 1.39114e-01 |
   6019 | 7.21737e+01 1.19909e-02 | 1.25331e-02 1.07867e-01 1.39114e-01 |
   6020 | 7.21857e+01 1.19909e-02 | 1.25331e-02 1.07867e-01 1.39114e-01 |
   6021 | 7.21977e+01 1.19909e-02 | 1.25331e-02 1.07867e-01 1.39114e-01 |
   6022 | 7.22097e+01 1.19909e-02 | 1.25331e-02 1.07867e-01 1.39114e-01 |
   6023 | 7.22217e+01 1.19909e-02 | 1.25331e-02 1.07867e-01 1.39114e-01 |
   6024 | 7.22337e+01 1.19909e-02 | 1.25331e-02 1.07867e-01 1.39114e-01 |
   6025 | 7.22457e+01 1.19909e-02 | 1.25331e-02 1.07867e-01 1.39114e-01 |
   6026 | 7.22576e+01 1.19908e-02 | 1.25331e-02 1.07867e-01 1.39114e-01 |
   6027 | 7.22696e+01 1.19908e-02 | 1.25331e-02 1.07867e-01 1.39114e-01 |
   6028 | 7.22816e+01 1.19908e-02 | 1.25331e-02 1.07867e-01 1.39114e-01 |
   6029 | 7.22936e+01 1.19908e-02 | 1.25331e-02 1.07867e-01 1.39114e-01 |
   6030 | 7.23056e+01 1.19908e-02 | 1.25331e-02 1.07867e-01 1.39114e-01 |
   6031 | 7.23176e+01 1.19908e-02 | 1.25331e-02 1.07867e-01 1.39114e-01 |
   6032 | 7.23296e+01 1.19908e-02 | 1.25331e-02 1.07867e-01 1.39114e-01 |
   6033 | 7.23416e+01 1.19909e-02 | 1.25331e-02 1.07867e-01 1.39114e-01 |
   6034 | 7.23536e+01 1.19909e-02 | 1.25331e-02 1.07867e-01 1.39114e-01 |
   6035 | 7.23656e+01 1.19909e-02 | 1.25331e-02 1.07867e-01 1.39114e-01 |
   6036 | 7.23776e+01 1.19909e-02 | 1.25331e-02 1.07867e-01 1.39114e-01 |
   6037 | 7.23895e+01 1.19909e-02 | 1.25331e-02 1.07867e-01 1.39114e-01 |
   6038 | 7.24015e+01 1.19909e-02 | 1.25331e-02 1.07867e-01 1.39114e-01 |
   6039 | 7.24135e+01 1.19909e-02 | 1.25331e-02 1.07867e-01 1.39114e-01 |
   6040 | 7.24255e+01 1.19909e-02 | 1.25331e-02 1.07867e-01 1.39114e-01 |
   6041 | 7.24375e+01 1.19909e-02 | 1.25331e-02 1.07867e-01 1.39114e-01 |
   6042 | 7.24495e+01 1.19910e-02 | 1.25331e-02 1.07867e-01 1.39114e-01 |
   6043 | 7.24615e+01 1.19910e-02 | 1.25331e-02 1.07867e-01 1.39114e-01 |
   6044 | 7.24735e+01 1.19910e-02 | 1.25331e-02 1.07867e-01 1.39114e-01 |
   6045 | 7.24855e+01 1.19910e-02 | 1.25331e-02 1.07867e-01 1.39114e-01 |
   6046 | 7.24975e+01 1.19910e-02 | 1.25331e-02 1.07867e-01 1.39114e-01 |
   6047 | 7.25095e+01 1.19911e-02 | 1.25331e-02 1.07867e-01 1.39114e-01 |
   6048 | 7.25214e+01 1.19911e-02 | 1.25331e-02 1.07867e-01 1.39114e-01 |
   6049 | 7.25334e+01 1.19910e-02 | 1.25331e-02 1.07867e-01 1.39114e-01 |
   6050 | 7.25454e+01 1.19910e-02 | 1.25331e-02 1.07867e-01 1.39114e-01 |
   6051 | 7.25574e+01 1.19910e-02 | 1.25331e-02 1.07867e-01 1.39114e-01 |
   6052 | 7.25694e+01 1.19910e-02 | 1.25331e-02 1.07867e-01 1.39114e-01 |
   6053 | 7.25814e+01 1.19910e-02 | 1.25331e-02 1.07867e-01 1.39114e-01 |
   6054 | 7.25934e+01 1.19909e-02 | 1.25331e-02 1.07867e-01 1.39114e-01 |
   6055 | 7.26054e+01 1.19909e-02 | 1.25331e-02 1.07867e-01 1.39114e-01 |
   6056 | 7.26174e+01 1.19909e-02 | 1.25331e-02 1.07867e-01 1.39114e-01 |
   6057 | 7.26294e+01 1.19909e-02 | 1.25331e-02 1.07867e-01 1.39114e-01 |
   6058 | 7.26414e+01 1.19909e-02 | 1.25331e-02 1.07867e-01 1.39114e-01 |
   6059 | 7.26533e+01 1.19909e-02 | 1.25331e-02 1.07867e-01 1.39114e-01 |
   6060 | 7.26653e+01 1.19909e-02 | 1.25331e-02 1.07867e-01 1.39114e-01 |
   6061 | 7.26773e+01 1.19909e-02 | 1.25331e-02 1.07867e-01 1.39114e-01 |
   6062 | 7.26893e+01 1.19909e-02 | 1.25331e-02 1.07867e-01 1.39114e-01 |
   6063 | 7.27013e+01 1.19909e-02 | 1.25331e-02 1.07867e-01 1.39114e-01 |
   6064 | 7.27133e+01 1.19909e-02 | 1.25331e-02 1.07867e-01 1.39114e-01 |
   6065 | 7.27253e+01 1.19908e-02 | 1.25331e-02 1.07867e-01 1.39114e-01 |
   6066 | 7.27373e+01 1.19908e-02 | 1.25331e-02 1.07867e-01 1.39114e-01 |
   6067 | 7.27493e+01 1.19908e-02 | 1.25331e-02 1.07867e-01 1.39114e-01 |
   6068 | 7.27613e+01 1.19908e-02 | 1.25331e-02 1.07867e-01 1.39114e-01 |
   6069 | 7.27733e+01 1.19909e-02 | 1.25331e-02 1.07867e-01 1.39114e-01 |
   6070 | 7.27852e+01 1.19909e-02 | 1.25331e-02 1.07867e-01 1.39114e-01 |
   6071 | 7.27972e+01 1.19909e-02 | 1.25331e-02 1.07867e-01 1.39114e-01 |
   6072 | 7.28092e+01 1.19909e-02 | 1.25331e-02 1.07867e-01 1.39114e-01 |
   6073 | 7.28212e+01 1.19909e-02 | 1.25331e-02 1.07867e-01 1.39114e-01 |
   6074 | 7.28332e+01 1.19909e-02 | 1.25331e-02 1.07867e-01 1.39114e-01 |
   6075 | 7.28452e+01 1.19909e-02 | 1.25331e-02 1.07867e-01 1.39114e-01 |
   6076 | 7.28572e+01 1.19909e-02 | 1.25331e-02 1.07867e-01 1.39114e-01 |
   6077 | 7.28692e+01 1.19909e-02 | 1.25331e-02 1.07867e-01 1.39114e-01 |
   6078 | 7.28812e+01 1.19909e-02 | 1.25331e-02 1.07867e-01 1.39114e-01 |
   6079 | 7.28932e+01 1.19910e-02 | 1.25331e-02 1.07867e-01 1.39114e-01 |
   6080 | 7.29052e+01 1.19910e-02 | 1.25331e-02 1.07867e-01 1.39114e-01 |
   6081 | 7.29171e+01 1.19910e-02 | 1.25331e-02 1.07867e-01 1.39114e-01 |
   6082 | 7.29291e+01 1.19910e-02 | 1.25331e-02 1.07867e-01 1.39114e-01 |
   6083 | 7.29411e+01 1.19910e-02 | 1.25331e-02 1.07867e-01 1.39114e-01 |
   6084 | 7.29531e+01 1.19911e-02 | 1.25331e-02 1.07867e-01 1.39114e-01 |
   6085 | 7.29651e+01 1.19911e-02 | 1.25331e-02 1.07867e-01 1.39114e-01 |
   6086 | 7.29771e+01 1.19911e-02 | 1.25331e-02 1.07867e-01 1.39114e-01 |
   6087 | 7.29891e+01 1.19911e-02 | 1.25331e-02 1.07867e-01 1.39114e-01 |
   6088 | 7.30011e+01 1.19912e-02 | 1.25331e-02 1.07867e-01 1.39114e-01 |
   6089 | 7.30131e+01 1.19912e-02 | 1.25331e-02 1.07867e-01 1.39114e-01 |
   6090 | 7.30251e+01 1.19912e-02 | 1.25331e-02 1.07867e-01 1.39114e-01 |
   6091 | 7.30371e+01 1.19911e-02 | 1.25331e-02 1.07867e-01 1.39114e-01 |
   6092 | 7.30490e+01 1.19911e-02 | 1.25331e-02 1.07867e-01 1.39114e-01 |
   6093 | 7.30610e+01 1.19911e-02 | 1.25331e-02 1.07867e-01 1.39114e-01 |
   6094 | 7.30730e+01 1.19911e-02 | 1.25331e-02 1.07867e-01 1.39114e-01 |
   6095 | 7.30850e+01 1.19911e-02 | 1.25331e-02 1.07867e-01 1.39114e-01 |
   6096 | 7.30970e+01 1.19910e-02 | 1.25331e-02 1.07867e-01 1.39114e-01 |
   6097 | 7.31090e+01 1.19910e-02 | 1.25331e-02 1.07867e-01 1.39114e-01 |
   6098 | 7.31210e+01 1.19910e-02 | 1.25331e-02 1.07867e-01 1.39114e-01 |
   6099 | 7.31330e+01 1.19910e-02 | 1.25331e-02 1.07867e-01 1.39114e-01 |
   6100 | 7.31450e+01 1.19910e-02 | 1.25331e-02 1.07867e-01 1.39114e-01 |
   6101 | 7.31570e+01 1.19910e-02 | 1.25331e-02 1.07867e-01 1.39114e-01 |
   6102 | 7.31690e+01 1.19909e-02 | 1.25331e-02 1.07867e-01 1.39114e-01 |
   6103 | 7.31809e+01 1.19909e-02 | 1.25331e-02 1.07867e-01 1.39114e-01 |
   6104 | 7.31929e+01 1.19909e-02 | 1.25331e-02 1.07867e-01 1.39114e-01 |
   6105 | 7.32049e+01 1.19909e-02 | 1.25331e-02 1.07867e-01 1.39114e-01 |
   6106 | 7.32169e+01 1.19909e-02 | 1.25331e-02 1.07867e-01 1.39114e-01 |
   6107 | 7.32289e+01 1.19909e-02 | 1.25331e-02 1.07867e-01 1.39114e-01 |
   6108 | 7.32409e+01 1.19909e-02 | 1.25331e-02 1.07867e-01 1.39114e-01 |
   6109 | 7.32529e+01 1.19909e-02 | 1.25331e-02 1.07867e-01 1.39114e-01 |
   6110 | 7.32649e+01 1.19909e-02 | 1.25331e-02 1.07867e-01 1.39114e-01 |
   6111 | 7.32769e+01 1.19909e-02 | 1.25331e-02 1.07867e-01 1.39114e-01 |
   6112 | 7.32889e+01 1.19909e-02 | 1.25331e-02 1.07867e-01 1.39114e-01 |
   6113 | 7.33009e+01 1.19909e-02 | 1.25331e-02 1.07867e-01 1.39114e-01 |
   6114 | 7.33128e+01 1.19909e-02 | 1.25331e-02 1.07867e-01 1.39114e-01 |
   6115 | 7.33248e+01 1.19909e-02 | 1.25331e-02 1.07867e-01 1.39114e-01 |
   6116 | 7.33368e+01 1.19909e-02 | 1.25331e-02 1.07867e-01 1.39114e-01 |
   6117 | 7.33488e+01 1.19909e-02 | 1.25331e-02 1.07867e-01 1.39114e-01 |
   6118 | 7.33608e+01 1.19909e-02 | 1.25331e-02 1.07867e-01 1.39114e-01 |
   6119 | 7.33728e+01 1.19910e-02 | 1.25331e-02 1.07867e-01 1.39114e-01 |
   6120 | 7.33848e+01 1.19910e-02 | 1.25331e-02 1.07867e-01 1.39114e-01 |
   6121 | 7.33968e+01 1.19910e-02 | 1.25331e-02 1.07867e-01 1.39114e-01 |
   6122 | 7.34088e+01 1.19910e-02 | 1.25331e-02 1.07867e-01 1.39114e-01 |
   6123 | 7.34208e+01 1.19910e-02 | 1.25331e-02 1.07867e-01 1.39114e-01 |
   6124 | 7.34328e+01 1.19910e-02 | 1.25331e-02 1.07867e-01 1.39114e-01 |
   6125 | 7.34447e+01 1.19911e-02 | 1.25331e-02 1.07867e-01 1.39114e-01 |
   6126 | 7.34567e+01 1.19911e-02 | 1.25331e-02 1.07867e-01 1.39114e-01 |
   6127 | 7.34687e+01 1.19911e-02 | 1.25331e-02 1.07867e-01 1.39114e-01 |
   6128 | 7.34807e+01 1.19911e-02 | 1.25331e-02 1.07867e-01 1.39114e-01 |
   6129 | 7.34927e+01 1.19911e-02 | 1.25331e-02 1.07867e-01 1.39114e-01 |
   6130 | 7.35047e+01 1.19911e-02 | 1.25331e-02 1.07867e-01 1.39114e-01 |
   6131 | 7.35167e+01 1.19911e-02 | 1.25331e-02 1.07867e-01 1.39114e-01 |
   6132 | 7.35287e+01 1.19910e-02 | 1.25331e-02 1.07867e-01 1.39114e-01 |
   6133 | 7.35407e+01 1.19910e-02 | 1.25331e-02 1.07867e-01 1.39114e-01 |
   6134 | 7.35527e+01 1.19910e-02 | 1.25331e-02 1.07867e-01 1.39114e-01 |
   6135 | 7.35647e+01 1.19910e-02 | 1.25331e-02 1.07867e-01 1.39114e-01 |
   6136 | 7.35767e+01 1.19910e-02 | 1.25331e-02 1.07867e-01 1.39114e-01 |
   6137 | 7.35886e+01 1.19910e-02 | 1.25331e-02 1.07867e-01 1.39114e-01 |
   6138 | 7.36006e+01 1.19909e-02 | 1.25331e-02 1.07867e-01 1.39114e-01 |
   6139 | 7.36126e+01 1.19909e-02 | 1.25331e-02 1.07867e-01 1.39114e-01 |
   6140 | 7.36246e+01 1.19909e-02 | 1.25331e-02 1.07867e-01 1.39114e-01 |
   6141 | 7.36366e+01 1.19909e-02 | 1.25331e-02 1.07867e-01 1.39114e-01 |
   6142 | 7.36486e+01 1.19909e-02 | 1.25331e-02 1.07867e-01 1.39114e-01 |
   6143 | 7.36606e+01 1.19909e-02 | 1.25331e-02 1.07867e-01 1.39114e-01 |
   6144 | 7.36726e+01 1.19909e-02 | 1.25331e-02 1.07867e-01 1.39114e-01 |
   6145 | 7.36846e+01 1.19909e-02 | 1.25331e-02 1.07867e-01 1.39114e-01 |
   6146 | 7.36966e+01 1.19909e-02 | 1.25331e-02 1.07867e-01 1.39114e-01 |
   6147 | 7.37086e+01 1.19909e-02 | 1.25331e-02 1.07867e-01 1.39114e-01 |
   6148 | 7.37205e+01 1.19909e-02 | 1.25331e-02 1.07867e-01 1.39114e-01 |
   6149 | 7.37325e+01 1.19909e-02 | 1.25331e-02 1.07867e-01 1.39114e-01 |
   6150 | 7.37445e+01 1.19909e-02 | 1.25331e-02 1.07867e-01 1.39114e-01 |
   6151 | 7.37565e+01 1.19909e-02 | 1.25331e-02 1.07867e-01 1.39114e-01 |
   6152 | 7.37685e+01 1.19909e-02 | 1.25331e-02 1.07867e-01 1.39114e-01 |
   6153 | 7.37805e+01 1.19909e-02 | 1.25331e-02 1.07867e-01 1.39114e-01 |
   6154 | 7.37925e+01 1.19909e-02 | 1.25331e-02 1.07867e-01 1.39114e-01 |
   6155 | 7.38045e+01 1.19909e-02 | 1.25331e-02 1.07867e-01 1.39114e-01 |
   6156 | 7.38165e+01 1.19909e-02 | 1.25331e-02 1.07867e-01 1.39114e-01 |
   6157 | 7.38285e+01 1.19909e-02 | 1.25331e-02 1.07867e-01 1.39114e-01 |
   6158 | 7.38405e+01 1.19910e-02 | 1.25331e-02 1.07867e-01 1.39114e-01 |
   6159 | 7.38524e+01 1.19910e-02 | 1.25331e-02 1.07867e-01 1.39114e-01 |
   6160 | 7.38644e+01 1.19910e-02 | 1.25331e-02 1.07867e-01 1.39114e-01 |
   6161 | 7.38764e+01 1.19910e-02 | 1.25331e-02 1.07867e-01 1.39114e-01 |
   6162 | 7.38884e+01 1.19910e-02 | 1.25331e-02 1.07867e-01 1.39114e-01 |
   6163 | 7.39004e+01 1.19910e-02 | 1.25331e-02 1.07867e-01 1.39114e-01 |
   6164 | 7.39124e+01 1.19911e-02 | 1.25331e-02 1.07867e-01 1.39114e-01 |
   6165 | 7.39244e+01 1.19911e-02 | 1.25331e-02 1.07867e-01 1.39114e-01 |
   6166 | 7.39364e+01 1.19911e-02 | 1.25331e-02 1.07867e-01 1.39114e-01 |
   6167 | 7.39484e+01 1.19911e-02 | 1.25331e-02 1.07867e-01 1.39114e-01 |
   6168 | 7.39604e+01 1.19910e-02 | 1.25331e-02 1.07867e-01 1.39114e-01 |
   6169 | 7.39724e+01 1.19910e-02 | 1.25331e-02 1.07867e-01 1.39114e-01 |
   6170 | 7.39843e+01 1.19910e-02 | 1.25331e-02 1.07867e-01 1.39114e-01 |
   6171 | 7.39963e+01 1.19910e-02 | 1.25331e-02 1.07867e-01 1.39114e-01 |
   6172 | 7.40083e+01 1.19910e-02 | 1.25331e-02 1.07867e-01 1.39114e-01 |
   6173 | 7.40203e+01 1.19910e-02 | 1.25331e-02 1.07867e-01 1.39114e-01 |
   6174 | 7.40323e+01 1.19909e-02 | 1.25331e-02 1.07867e-01 1.39114e-01 |
   6175 | 7.40443e+01 1.19909e-02 | 1.25331e-02 1.07867e-01 1.39114e-01 |
   6176 | 7.40563e+01 1.19909e-02 | 1.25331e-02 1.07867e-01 1.39114e-01 |
   6177 | 7.40683e+01 1.19909e-02 | 1.25331e-02 1.07867e-01 1.39114e-01 |
   6178 | 7.40803e+01 1.19909e-02 | 1.25331e-02 1.07867e-01 1.39114e-01 |
   6179 | 7.40923e+01 1.19909e-02 | 1.25331e-02 1.07867e-01 1.39114e-01 |
   6180 | 7.41043e+01 1.19909e-02 | 1.25331e-02 1.07867e-01 1.39114e-01 |
   6181 | 7.41162e+01 1.19909e-02 | 1.25331e-02 1.07867e-01 1.39114e-01 |
   6182 | 7.41282e+01 1.19909e-02 | 1.25331e-02 1.07867e-01 1.39114e-01 |
   6183 | 7.41402e+01 1.19909e-02 | 1.25331e-02 1.07867e-01 1.39114e-01 |
   6184 | 7.41522e+01 1.19909e-02 | 1.25331e-02 1.07867e-01 1.39114e-01 |
   6185 | 7.41642e+01 1.19909e-02 | 1.25331e-02 1.07867e-01 1.39114e-01 |
   6186 | 7.41762e+01 1.19909e-02 | 1.25331e-02 1.07867e-01 1.39114e-01 |
   6187 | 7.41882e+01 1.19909e-02 | 1.25331e-02 1.07867e-01 1.39114e-01 |
   6188 | 7.42002e+01 1.19909e-02 | 1.25331e-02 1.07867e-01 1.39114e-01 |
   6189 | 7.42122e+01 1.19909e-02 | 1.25331e-02 1.07867e-01 1.39114e-01 |
   6190 | 7.42242e+01 1.19909e-02 | 1.25331e-02 1.07867e-01 1.39114e-01 |
   6191 | 7.42362e+01 1.19909e-02 | 1.25331e-02 1.07867e-01 1.39114e-01 |
   6192 | 7.42481e+01 1.19909e-02 | 1.25331e-02 1.07867e-01 1.39114e-01 |
   6193 | 7.42601e+01 1.19909e-02 | 1.25331e-02 1.07867e-01 1.39114e-01 |
   6194 | 7.42721e+01 1.19909e-02 | 1.25331e-02 1.07867e-01 1.39114e-01 |
   6195 | 7.42841e+01 1.19909e-02 | 1.25331e-02 1.07867e-01 1.39114e-01 |
   6196 | 7.42961e+01 1.19909e-02 | 1.25331e-02 1.07867e-01 1.39114e-01 |
   6197 | 7.43081e+01 1.19910e-02 | 1.25331e-02 1.07867e-01 1.39114e-01 |
   6198 | 7.43201e+01 1.19910e-02 | 1.25331e-02 1.07867e-01 1.39114e-01 |
   6199 | 7.43321e+01 1.19910e-02 | 1.25331e-02 1.07867e-01 1.39114e-01 |
   6200 | 7.43441e+01 1.19910e-02 | 1.25331e-02 1.07867e-01 1.39114e-01 |
   6201 | 7.43561e+01 1.19910e-02 | 1.25331e-02 1.07867e-01 1.39114e-01 |
   6202 | 7.43681e+01 1.19911e-02 | 1.25331e-02 1.07867e-01 1.39114e-01 |
   6203 | 7.43800e+01 1.19911e-02 | 1.25331e-02 1.07867e-01 1.39114e-01 |
   6204 | 7.43920e+01 1.19911e-02 | 1.25331e-02 1.07867e-01 1.39114e-01 |
   6205 | 7.44040e+01 1.19911e-02 | 1.25331e-02 1.07867e-01 1.39114e-01 |
   6206 | 7.44160e+01 1.19911e-02 | 1.25331e-02 1.07867e-01 1.39114e-01 |
   6207 | 7.44280e+01 1.19911e-02 | 1.25331e-02 1.07867e-01 1.39114e-01 |
   6208 | 7.44400e+01 1.19911e-02 | 1.25331e-02 1.07867e-01 1.39114e-01 |
   6209 | 7.44520e+01 1.19911e-02 | 1.25331e-02 1.07867e-01 1.39114e-01 |
   6210 | 7.44640e+01 1.19911e-02 | 1.25331e-02 1.07867e-01 1.39114e-01 |
   6211 | 7.44760e+01 1.19911e-02 | 1.25331e-02 1.07867e-01 1.39114e-01 |
   6212 | 7.44880e+01 1.19911e-02 | 1.25331e-02 1.07867e-01 1.39114e-01 |
   6213 | 7.45000e+01 1.19911e-02 | 1.25331e-02 1.07867e-01 1.39114e-01 |
   6214 | 7.45119e+01 1.19911e-02 | 1.25331e-02 1.07867e-01 1.39114e-01 |
   6215 | 7.45239e+01 1.19911e-02 | 1.25331e-02 1.07867e-01 1.39114e-01 |
   6216 | 7.45359e+01 1.19911e-02 | 1.25331e-02 1.07867e-01 1.39114e-01 |
   6217 | 7.45479e+01 1.19911e-02 | 1.25331e-02 1.07867e-01 1.39114e-01 |
   6218 | 7.45599e+01 1.19911e-02 | 1.25331e-02 1.07867e-01 1.39114e-01 |
   6219 | 7.45719e+01 1.19911e-02 | 1.25331e-02 1.07867e-01 1.39114e-01 |
   6220 | 7.45839e+01 1.19911e-02 | 1.25331e-02 1.07867e-01 1.39114e-01 |
   6221 | 7.45959e+01 1.19911e-02 | 1.25331e-02 1.07867e-01 1.39114e-01 |
   6222 | 7.46079e+01 1.19911e-02 | 1.25331e-02 1.07867e-01 1.39114e-01 |
   6223 | 7.46199e+01 1.19911e-02 | 1.25331e-02 1.07867e-01 1.39114e-01 |
   6224 | 7.46319e+01 1.19911e-02 | 1.25331e-02 1.07867e-01 1.39114e-01 |
   6225 | 7.46438e+01 1.19911e-02 | 1.25331e-02 1.07867e-01 1.39114e-01 |
   6226 | 7.46558e+01 1.19911e-02 | 1.25331e-02 1.07867e-01 1.39114e-01 |
   6227 | 7.46678e+01 1.19911e-02 | 1.25331e-02 1.07867e-01 1.39114e-01 |
   6228 | 7.46798e+01 1.19911e-02 | 1.25331e-02 1.07867e-01 1.39114e-01 |
   6229 | 7.46918e+01 1.19911e-02 | 1.25331e-02 1.07867e-01 1.39114e-01 |
   6230 | 7.47038e+01 1.19911e-02 | 1.25331e-02 1.07867e-01 1.39114e-01 |
   6231 | 7.47158e+01 1.19911e-02 | 1.25331e-02 1.07867e-01 1.39114e-01 |
   6232 | 7.47278e+01 1.19911e-02 | 1.25331e-02 1.07867e-01 1.39114e-01 |
   6233 | 7.47398e+01 1.19911e-02 | 1.25331e-02 1.07867e-01 1.39114e-01 |
   6234 | 7.47518e+01 1.19911e-02 | 1.25331e-02 1.07867e-01 1.39114e-01 |
   6235 | 7.47638e+01 1.19911e-02 | 1.25331e-02 1.07867e-01 1.39114e-01 |
   6236 | 7.47757e+01 1.19911e-02 | 1.25331e-02 1.07867e-01 1.39114e-01 |
   6237 | 7.47877e+01 1.19911e-02 | 1.25331e-02 1.07867e-01 1.39114e-01 |
   6238 | 7.47997e+01 1.19912e-02 | 1.25331e-02 1.07867e-01 1.39114e-01 |
   6239 | 7.48117e+01 1.19912e-02 | 1.25331e-02 1.07867e-01 1.39114e-01 |
   6240 | 7.48237e+01 1.19912e-02 | 1.25331e-02 1.07867e-01 1.39114e-01 |
   6241 | 7.48357e+01 1.19912e-02 | 1.25331e-02 1.07867e-01 1.39114e-01 |
   6242 | 7.48477e+01 1.19912e-02 | 1.25331e-02 1.07867e-01 1.39114e-01 |
   6243 | 7.48597e+01 1.19911e-02 | 1.25331e-02 1.07867e-01 1.39114e-01 |
   6244 | 7.48717e+01 1.19911e-02 | 1.25331e-02 1.07867e-01 1.39114e-01 |
   6245 | 7.48837e+01 1.19911e-02 | 1.25331e-02 1.07867e-01 1.39114e-01 |
   6246 | 7.48957e+01 1.19911e-02 | 1.25331e-02 1.07867e-01 1.39114e-01 |
   6247 | 7.49077e+01 1.19911e-02 | 1.25331e-02 1.07867e-01 1.39114e-01 |
   6248 | 7.49196e+01 1.19911e-02 | 1.25331e-02 1.07867e-01 1.39114e-01 |
   6249 | 7.49316e+01 1.19911e-02 | 1.25331e-02 1.07867e-01 1.39114e-01 |
   6250 | 7.49436e+01 1.19911e-02 | 1.25331e-02 1.07867e-01 1.39114e-01 |
   6251 | 7.49556e+01 1.19911e-02 | 1.25331e-02 1.07867e-01 1.39114e-01 |
   6252 | 7.49676e+01 1.19911e-02 | 1.25331e-02 1.07867e-01 1.39114e-01 |
   6253 | 7.49796e+01 1.19911e-02 | 1.25331e-02 1.07867e-01 1.39114e-01 |
   6254 | 7.49916e+01 1.19911e-02 | 1.25331e-02 1.07867e-01 1.39114e-01 |
   6255 | 7.50036e+01 1.19911e-02 | 1.25331e-02 1.07867e-01 1.39114e-01 |
   6256 | 7.50156e+01 1.19911e-02 | 1.25331e-02 1.07867e-01 1.39114e-01 |
   6257 | 7.50276e+01 1.19911e-02 | 1.25331e-02 1.07867e-01 1.39114e-01 |
   6258 | 7.50396e+01 1.19911e-02 | 1.25331e-02 1.07867e-01 1.39114e-01 |
   6259 | 7.50515e+01 1.19911e-02 | 1.25331e-02 1.07867e-01 1.39114e-01 |
   6260 | 7.50635e+01 1.19911e-02 | 1.25331e-02 1.07867e-01 1.39114e-01 |
   6261 | 7.50755e+01 1.19911e-02 | 1.25331e-02 1.07867e-01 1.39114e-01 |
   6262 | 7.50875e+01 1.19911e-02 | 1.25331e-02 1.07867e-01 1.39114e-01 |
   6263 | 7.50995e+01 1.19910e-02 | 1.25331e-02 1.07867e-01 1.39114e-01 |
   6264 | 7.51115e+01 1.19910e-02 | 1.25331e-02 1.07867e-01 1.39114e-01 |
   6265 | 7.51235e+01 1.19910e-02 | 1.25331e-02 1.07867e-01 1.39114e-01 |
   6266 | 7.51355e+01 1.19910e-02 | 1.25331e-02 1.07867e-01 1.39114e-01 |
   6267 | 7.51475e+01 1.19910e-02 | 1.25331e-02 1.07867e-01 1.39114e-01 |
   6268 | 7.51595e+01 1.19910e-02 | 1.25331e-02 1.07867e-01 1.39114e-01 |
   6269 | 7.51715e+01 1.19911e-02 | 1.25331e-02 1.07867e-01 1.39114e-01 |
   6270 | 7.51834e+01 1.19911e-02 | 1.25331e-02 1.07867e-01 1.39114e-01 |
   6271 | 7.51954e+01 1.19911e-02 | 1.25331e-02 1.07867e-01 1.39114e-01 |
   6272 | 7.52074e+01 1.19911e-02 | 1.25331e-02 1.07867e-01 1.39114e-01 |
   6273 | 7.52194e+01 1.19911e-02 | 1.25331e-02 1.07867e-01 1.39114e-01 |
   6274 | 7.52314e+01 1.19911e-02 | 1.25331e-02 1.07867e-01 1.39114e-01 |
   6275 | 7.52434e+01 1.19911e-02 | 1.25331e-02 1.07867e-01 1.39114e-01 |
   6276 | 7.52554e+01 1.19911e-02 | 1.25331e-02 1.07867e-01 1.39114e-01 |
   6277 | 7.52674e+01 1.19911e-02 | 1.25331e-02 1.07867e-01 1.39114e-01 |
   6278 | 7.52794e+01 1.19910e-02 | 1.25331e-02 1.07867e-01 1.39114e-01 |
   6279 | 7.52914e+01 1.19910e-02 | 1.25331e-02 1.07867e-01 1.39114e-01 |
   6280 | 7.53034e+01 1.19910e-02 | 1.25331e-02 1.07867e-01 1.39114e-01 |
   6281 | 7.53153e+01 1.19910e-02 | 1.25331e-02 1.07867e-01 1.39114e-01 |
   6282 | 7.53273e+01 1.19910e-02 | 1.25331e-02 1.07867e-01 1.39114e-01 |
   6283 | 7.53393e+01 1.19909e-02 | 1.25331e-02 1.07867e-01 1.39114e-01 |
   6284 | 7.53513e+01 1.19909e-02 | 1.25331e-02 1.07867e-01 1.39114e-01 |
   6285 | 7.53633e+01 1.19909e-02 | 1.25331e-02 1.07867e-01 1.39114e-01 |
   6286 | 7.53753e+01 1.19909e-02 | 1.25331e-02 1.07867e-01 1.39114e-01 |
   6287 | 7.53873e+01 1.19909e-02 | 1.25331e-02 1.07867e-01 1.39114e-01 |
   6288 | 7.53993e+01 1.19909e-02 | 1.25331e-02 1.07867e-01 1.39114e-01 |
   6289 | 7.54113e+01 1.19909e-02 | 1.25331e-02 1.07867e-01 1.39114e-01 |
   6290 | 7.54233e+01 1.19909e-02 | 1.25331e-02 1.07867e-01 1.39114e-01 |
   6291 | 7.54353e+01 1.19909e-02 | 1.25331e-02 1.07867e-01 1.39114e-01 |
   6292 | 7.54472e+01 1.19909e-02 | 1.25331e-02 1.07867e-01 1.39114e-01 |
   6293 | 7.54592e+01 1.19909e-02 | 1.25331e-02 1.07867e-01 1.39114e-01 |
   6294 | 7.54712e+01 1.19909e-02 | 1.25331e-02 1.07867e-01 1.39114e-01 |
   6295 | 7.54832e+01 1.19909e-02 | 1.25331e-02 1.07867e-01 1.39114e-01 |
   6296 | 7.54952e+01 1.19909e-02 | 1.25331e-02 1.07867e-01 1.39114e-01 |
   6297 | 7.55072e+01 1.19909e-02 | 1.25331e-02 1.07867e-01 1.39114e-01 |
   6298 | 7.55192e+01 1.19909e-02 | 1.25331e-02 1.07867e-01 1.39114e-01 |
   6299 | 7.55312e+01 1.19909e-02 | 1.25331e-02 1.07867e-01 1.39114e-01 |
   6300 | 7.55432e+01 1.19909e-02 | 1.25331e-02 1.07867e-01 1.39114e-01 |
   6301 | 7.55552e+01 1.19909e-02 | 1.25331e-02 1.07867e-01 1.39114e-01 |
   6302 | 7.55672e+01 1.19909e-02 | 1.25331e-02 1.07867e-01 1.39114e-01 |
   6303 | 7.55791e+01 1.19909e-02 | 1.25331e-02 1.07867e-01 1.39114e-01 |
   6304 | 7.55911e+01 1.19909e-02 | 1.25331e-02 1.07867e-01 1.39114e-01 |
   6305 | 7.56031e+01 1.19909e-02 | 1.25331e-02 1.07867e-01 1.39114e-01 |
   6306 | 7.56151e+01 1.19910e-02 | 1.25331e-02 1.07867e-01 1.39114e-01 |
   6307 | 7.56271e+01 1.19910e-02 | 1.25331e-02 1.07867e-01 1.39114e-01 |
   6308 | 7.56391e+01 1.19910e-02 | 1.25331e-02 1.07867e-01 1.39114e-01 |
   6309 | 7.56511e+01 1.19910e-02 | 1.25331e-02 1.07867e-01 1.39114e-01 |
   6310 | 7.56631e+01 1.19910e-02 | 1.25331e-02 1.07867e-01 1.39114e-01 |
   6311 | 7.56751e+01 1.19910e-02 | 1.25331e-02 1.07867e-01 1.39114e-01 |
   6312 | 7.56871e+01 1.19911e-02 | 1.25331e-02 1.07867e-01 1.39114e-01 |
   6313 | 7.56991e+01 1.19911e-02 | 1.25331e-02 1.07867e-01 1.39114e-01 |
   6314 | 7.57110e+01 1.19911e-02 | 1.25331e-02 1.07867e-01 1.39114e-01 |
   6315 | 7.57230e+01 1.19911e-02 | 1.25331e-02 1.07867e-01 1.39114e-01 |
   6316 | 7.57350e+01 1.19911e-02 | 1.25331e-02 1.07867e-01 1.39114e-01 |
   6317 | 7.57470e+01 1.19910e-02 | 1.25331e-02 1.07867e-01 1.39114e-01 |
   6318 | 7.57590e+01 1.19910e-02 | 1.25331e-02 1.07867e-01 1.39114e-01 |
   6319 | 7.57710e+01 1.19910e-02 | 1.25331e-02 1.07867e-01 1.39114e-01 |
   6320 | 7.57830e+01 1.19910e-02 | 1.25331e-02 1.07867e-01 1.39114e-01 |
   6321 | 7.57950e+01 1.19910e-02 | 1.25331e-02 1.07867e-01 1.39114e-01 |
   6322 | 7.58070e+01 1.19910e-02 | 1.25331e-02 1.07867e-01 1.39114e-01 |
   6323 | 7.58190e+01 1.19909e-02 | 1.25331e-02 1.07867e-01 1.39114e-01 |
   6324 | 7.58310e+01 1.19909e-02 | 1.25331e-02 1.07867e-01 1.39114e-01 |
   6325 | 7.58429e+01 1.19909e-02 | 1.25331e-02 1.07867e-01 1.39114e-01 |
   6326 | 7.58549e+01 1.19909e-02 | 1.25331e-02 1.07867e-01 1.39114e-01 |
   6327 | 7.58669e+01 1.19909e-02 | 1.25331e-02 1.07867e-01 1.39114e-01 |
   6328 | 7.58789e+01 1.19909e-02 | 1.25331e-02 1.07867e-01 1.39114e-01 |
   6329 | 7.58909e+01 1.19909e-02 | 1.25331e-02 1.07867e-01 1.39114e-01 |
   6330 | 7.59029e+01 1.19909e-02 | 1.25331e-02 1.07867e-01 1.39114e-01 |
   6331 | 7.59149e+01 1.19909e-02 | 1.25331e-02 1.07867e-01 1.39114e-01 |
   6332 | 7.59269e+01 1.19909e-02 | 1.25331e-02 1.07867e-01 1.39114e-01 |
   6333 | 7.59389e+01 1.19909e-02 | 1.25331e-02 1.07867e-01 1.39114e-01 |
   6334 | 7.59509e+01 1.19909e-02 | 1.25331e-02 1.07867e-01 1.39114e-01 |
   6335 | 7.59629e+01 1.19909e-02 | 1.25331e-02 1.07867e-01 1.39114e-01 |
   6336 | 7.59748e+01 1.19909e-02 | 1.25331e-02 1.07867e-01 1.39114e-01 |
   6337 | 7.59868e+01 1.19909e-02 | 1.25331e-02 1.07867e-01 1.39114e-01 |
   6338 | 7.59988e+01 1.19909e-02 | 1.25331e-02 1.07867e-01 1.39114e-01 |
   6339 | 7.60108e+01 1.19909e-02 | 1.25331e-02 1.07867e-01 1.39114e-01 |
   6340 | 7.60228e+01 1.19909e-02 | 1.25331e-02 1.07867e-01 1.39114e-01 |
   6341 | 7.60348e+01 1.19909e-02 | 1.25331e-02 1.07867e-01 1.39114e-01 |
   6342 | 7.60468e+01 1.19910e-02 | 1.25331e-02 1.07867e-01 1.39114e-01 |
   6343 | 7.60588e+01 1.19910e-02 | 1.25331e-02 1.07867e-01 1.39114e-01 |
   6344 | 7.60708e+01 1.19910e-02 | 1.25331e-02 1.07867e-01 1.39114e-01 |
   6345 | 7.60828e+01 1.19910e-02 | 1.25331e-02 1.07867e-01 1.39114e-01 |
   6346 | 7.60948e+01 1.19910e-02 | 1.25331e-02 1.07867e-01 1.39114e-01 |
   6347 | 7.61067e+01 1.19910e-02 | 1.25331e-02 1.07867e-01 1.39114e-01 |
   6348 | 7.61187e+01 1.19911e-02 | 1.25331e-02 1.07867e-01 1.39114e-01 |
   6349 | 7.61307e+01 1.19911e-02 | 1.25331e-02 1.07867e-01 1.39114e-01 |
   6350 | 7.61427e+01 1.19911e-02 | 1.25331e-02 1.07867e-01 1.39114e-01 |
   6351 | 7.61547e+01 1.19911e-02 | 1.25331e-02 1.07867e-01 1.39114e-01 |
   6352 | 7.61667e+01 1.19911e-02 | 1.25331e-02 1.07867e-01 1.39114e-01 |
   6353 | 7.61787e+01 1.19911e-02 | 1.25331e-02 1.07867e-01 1.39114e-01 |
   6354 | 7.61907e+01 1.19911e-02 | 1.25331e-02 1.07867e-01 1.39114e-01 |
   6355 | 7.62027e+01 1.19910e-02 | 1.25331e-02 1.07867e-01 1.39114e-01 |
   6356 | 7.62147e+01 1.19910e-02 | 1.25331e-02 1.07867e-01 1.39114e-01 |
   6357 | 7.62267e+01 1.19910e-02 | 1.25331e-02 1.07867e-01 1.39114e-01 |
   6358 | 7.62387e+01 1.19910e-02 | 1.25331e-02 1.07867e-01 1.39114e-01 |
   6359 | 7.62506e+01 1.19910e-02 | 1.25331e-02 1.07867e-01 1.39114e-01 |
   6360 | 7.62626e+01 1.19910e-02 | 1.25331e-02 1.07867e-01 1.39114e-01 |
   6361 | 7.62746e+01 1.19910e-02 | 1.25331e-02 1.07867e-01 1.39114e-01 |
   6362 | 7.62866e+01 1.19909e-02 | 1.25331e-02 1.07867e-01 1.39114e-01 |
   6363 | 7.62986e+01 1.19909e-02 | 1.25331e-02 1.07867e-01 1.39114e-01 |
   6364 | 7.63106e+01 1.19909e-02 | 1.25331e-02 1.07867e-01 1.39114e-01 |
   6365 | 7.63226e+01 1.19909e-02 | 1.25331e-02 1.07867e-01 1.39114e-01 |
   6366 | 7.63346e+01 1.19909e-02 | 1.25331e-02 1.07867e-01 1.39114e-01 |
   6367 | 7.63466e+01 1.19909e-02 | 1.25331e-02 1.07867e-01 1.39114e-01 |
   6368 | 7.63586e+01 1.19909e-02 | 1.25331e-02 1.07867e-01 1.39114e-01 |
   6369 | 7.63706e+01 1.19909e-02 | 1.25331e-02 1.07867e-01 1.39114e-01 |
   6370 | 7.63825e+01 1.19909e-02 | 1.25331e-02 1.07867e-01 1.39114e-01 |
   6371 | 7.63945e+01 1.19909e-02 | 1.25331e-02 1.07867e-01 1.39114e-01 |
   6372 | 7.64065e+01 1.19909e-02 | 1.25331e-02 1.07867e-01 1.39114e-01 |
   6373 | 7.64185e+01 1.19909e-02 | 1.25331e-02 1.07867e-01 1.39114e-01 |
   6374 | 7.64305e+01 1.19909e-02 | 1.25331e-02 1.07867e-01 1.39114e-01 |
   6375 | 7.64425e+01 1.19909e-02 | 1.25331e-02 1.07867e-01 1.39114e-01 |
   6376 | 7.64545e+01 1.19909e-02 | 1.25331e-02 1.07867e-01 1.39114e-01 |
   6377 | 7.64665e+01 1.19910e-02 | 1.25331e-02 1.07867e-01 1.39114e-01 |
   6378 | 7.64785e+01 1.19910e-02 | 1.25331e-02 1.07867e-01 1.39114e-01 |
   6379 | 7.64905e+01 1.19910e-02 | 1.25331e-02 1.07867e-01 1.39114e-01 |
   6380 | 7.65025e+01 1.19910e-02 | 1.25331e-02 1.07867e-01 1.39114e-01 |
   6381 | 7.65144e+01 1.19910e-02 | 1.25331e-02 1.07867e-01 1.39114e-01 |
   6382 | 7.65264e+01 1.19910e-02 | 1.25331e-02 1.07867e-01 1.39114e-01 |
   6383 | 7.65384e+01 1.19910e-02 | 1.25331e-02 1.07867e-01 1.39114e-01 |
   6384 | 7.65504e+01 1.19911e-02 | 1.25331e-02 1.07867e-01 1.39114e-01 |
   6385 | 7.65624e+01 1.19911e-02 | 1.25331e-02 1.07867e-01 1.39114e-01 |
   6386 | 7.65744e+01 1.19911e-02 | 1.25331e-02 1.07867e-01 1.39114e-01 |
   6387 | 7.65864e+01 1.19911e-02 | 1.25331e-02 1.07867e-01 1.39114e-01 |
   6388 | 7.65984e+01 1.19911e-02 | 1.25331e-02 1.07867e-01 1.39114e-01 |
   6389 | 7.66104e+01 1.19912e-02 | 1.25331e-02 1.07867e-01 1.39114e-01 |
   6390 | 7.66224e+01 1.19912e-02 | 1.25331e-02 1.07867e-01 1.39114e-01 |
   6391 | 7.66344e+01 1.19911e-02 | 1.25331e-02 1.07867e-01 1.39114e-01 |
   6392 | 7.66463e+01 1.19911e-02 | 1.25331e-02 1.07867e-01 1.39114e-01 |
   6393 | 7.66583e+01 1.19911e-02 | 1.25331e-02 1.07867e-01 1.39114e-01 |
   6394 | 7.66703e+01 1.19911e-02 | 1.25331e-02 1.07867e-01 1.39114e-01 |
   6395 | 7.66823e+01 1.19910e-02 | 1.25331e-02 1.07867e-01 1.39114e-01 |
   6396 | 7.66943e+01 1.19910e-02 | 1.25331e-02 1.07867e-01 1.39114e-01 |
   6397 | 7.67063e+01 1.19910e-02 | 1.25331e-02 1.07867e-01 1.39114e-01 |
   6398 | 7.67183e+01 1.19910e-02 | 1.25331e-02 1.07867e-01 1.39114e-01 |
   6399 | 7.67303e+01 1.19910e-02 | 1.25331e-02 1.07867e-01 1.39114e-01 |
   6400 | 7.67423e+01 1.19909e-02 | 1.25331e-02 1.07867e-01 1.39114e-01 |
   6401 | 7.67543e+01 1.19909e-02 | 1.25331e-02 1.07867e-01 1.39114e-01 |
   6402 | 7.67663e+01 1.19909e-02 | 1.25331e-02 1.07867e-01 1.39114e-01 |
   6403 | 7.67782e+01 1.19909e-02 | 1.25331e-02 1.07867e-01 1.39114e-01 |
   6404 | 7.67902e+01 1.19909e-02 | 1.25331e-02 1.07867e-01 1.39114e-01 |
   6405 | 7.68022e+01 1.19909e-02 | 1.25331e-02 1.07867e-01 1.39114e-01 |
   6406 | 7.68142e+01 1.19909e-02 | 1.25331e-02 1.07867e-01 1.39114e-01 |
   6407 | 7.68262e+01 1.19909e-02 | 1.25331e-02 1.07867e-01 1.39114e-01 |
   6408 | 7.68382e+01 1.19909e-02 | 1.25331e-02 1.07867e-01 1.39114e-01 |
   6409 | 7.68502e+01 1.19908e-02 | 1.25331e-02 1.07867e-01 1.39114e-01 |
   6410 | 7.68622e+01 1.19908e-02 | 1.25331e-02 1.07867e-01 1.39114e-01 |
   6411 | 7.68742e+01 1.19908e-02 | 1.25331e-02 1.07867e-01 1.39114e-01 |
   6412 | 7.68862e+01 1.19908e-02 | 1.25331e-02 1.07867e-01 1.39114e-01 |
   6413 | 7.68982e+01 1.19908e-02 | 1.25331e-02 1.07867e-01 1.39114e-01 |
   6414 | 7.69101e+01 1.19908e-02 | 1.25331e-02 1.07867e-01 1.39114e-01 |
   6415 | 7.69221e+01 1.19908e-02 | 1.25331e-02 1.07867e-01 1.39114e-01 |
   6416 | 7.69341e+01 1.19908e-02 | 1.25331e-02 1.07867e-01 1.39114e-01 |
   6417 | 7.69461e+01 1.19909e-02 | 1.25331e-02 1.07867e-01 1.39114e-01 |
   6418 | 7.69581e+01 1.19909e-02 | 1.25331e-02 1.07867e-01 1.39114e-01 |
   6419 | 7.69701e+01 1.19909e-02 | 1.25331e-02 1.07867e-01 1.39114e-01 |
   6420 | 7.69821e+01 1.19909e-02 | 1.25331e-02 1.07867e-01 1.39114e-01 |
   6421 | 7.69941e+01 1.19909e-02 | 1.25331e-02 1.07867e-01 1.39114e-01 |
   6422 | 7.70061e+01 1.19909e-02 | 1.25331e-02 1.07867e-01 1.39114e-01 |
   6423 | 7.70181e+01 1.19909e-02 | 1.25331e-02 1.07867e-01 1.39114e-01 |
   6424 | 7.70301e+01 1.19909e-02 | 1.25331e-02 1.07867e-01 1.39114e-01 |
   6425 | 7.70420e+01 1.19909e-02 | 1.25331e-02 1.07867e-01 1.39114e-01 |
   6426 | 7.70540e+01 1.19910e-02 | 1.25331e-02 1.07867e-01 1.39114e-01 |
   6427 | 7.70660e+01 1.19910e-02 | 1.25331e-02 1.07867e-01 1.39114e-01 |
   6428 | 7.70780e+01 1.19910e-02 | 1.25331e-02 1.07867e-01 1.39114e-01 |
   6429 | 7.70900e+01 1.19910e-02 | 1.25331e-02 1.07867e-01 1.39114e-01 |
   6430 | 7.71020e+01 1.19910e-02 | 1.25331e-02 1.07867e-01 1.39114e-01 |
   6431 | 7.71140e+01 1.19911e-02 | 1.25331e-02 1.07867e-01 1.39114e-01 |
   6432 | 7.71260e+01 1.19911e-02 | 1.25331e-02 1.07867e-01 1.39114e-01 |
   6433 | 7.71380e+01 1.19910e-02 | 1.25331e-02 1.07867e-01 1.39114e-01 |
   6434 | 7.71500e+01 1.19910e-02 | 1.25331e-02 1.07867e-01 1.39114e-01 |
   6435 | 7.71620e+01 1.19910e-02 | 1.25331e-02 1.07867e-01 1.39114e-01 |
   6436 | 7.71739e+01 1.19910e-02 | 1.25331e-02 1.07867e-01 1.39114e-01 |
   6437 | 7.71859e+01 1.19910e-02 | 1.25331e-02 1.07867e-01 1.39114e-01 |
   6438 | 7.71979e+01 1.19909e-02 | 1.25331e-02 1.07867e-01 1.39114e-01 |
   6439 | 7.72099e+01 1.19909e-02 | 1.25331e-02 1.07867e-01 1.39114e-01 |
   6440 | 7.72219e+01 1.19909e-02 | 1.25331e-02 1.07867e-01 1.39114e-01 |
   6441 | 7.72339e+01 1.19909e-02 | 1.25331e-02 1.07867e-01 1.39114e-01 |
   6442 | 7.72459e+01 1.19909e-02 | 1.25331e-02 1.07867e-01 1.39114e-01 |
   6443 | 7.72579e+01 1.19909e-02 | 1.25331e-02 1.07867e-01 1.39114e-01 |
   6444 | 7.72699e+01 1.19909e-02 | 1.25331e-02 1.07867e-01 1.39114e-01 |
   6445 | 7.72819e+01 1.19909e-02 | 1.25331e-02 1.07867e-01 1.39114e-01 |
   6446 | 7.72939e+01 1.19909e-02 | 1.25331e-02 1.07867e-01 1.39114e-01 |
   6447 | 7.73058e+01 1.19908e-02 | 1.25331e-02 1.07867e-01 1.39114e-01 |
   6448 | 7.73178e+01 1.19908e-02 | 1.25331e-02 1.07867e-01 1.39114e-01 |
   6449 | 7.73298e+01 1.19908e-02 | 1.25331e-02 1.07867e-01 1.39114e-01 |
   6450 | 7.73418e+01 1.19908e-02 | 1.25331e-02 1.07867e-01 1.39114e-01 |
   6451 | 7.73538e+01 1.19908e-02 | 1.25331e-02 1.07867e-01 1.39114e-01 |
   6452 | 7.73658e+01 1.19908e-02 | 1.25331e-02 1.07867e-01 1.39114e-01 |
   6453 | 7.73778e+01 1.19908e-02 | 1.25331e-02 1.07867e-01 1.39114e-01 |
   6454 | 7.73898e+01 1.19909e-02 | 1.25331e-02 1.07867e-01 1.39114e-01 |
   6455 | 7.74018e+01 1.19909e-02 | 1.25331e-02 1.07867e-01 1.39114e-01 |
   6456 | 7.74138e+01 1.19909e-02 | 1.25331e-02 1.07867e-01 1.39114e-01 |
   6457 | 7.74258e+01 1.19909e-02 | 1.25331e-02 1.07867e-01 1.39114e-01 |
   6458 | 7.74377e+01 1.19909e-02 | 1.25331e-02 1.07867e-01 1.39114e-01 |
   6459 | 7.74497e+01 1.19909e-02 | 1.25331e-02 1.07867e-01 1.39114e-01 |
   6460 | 7.74617e+01 1.19909e-02 | 1.25331e-02 1.07867e-01 1.39114e-01 |
   6461 | 7.74737e+01 1.19909e-02 | 1.25331e-02 1.07867e-01 1.39114e-01 |
   6462 | 7.74857e+01 1.19909e-02 | 1.25331e-02 1.07867e-01 1.39114e-01 |
   6463 | 7.74977e+01 1.19910e-02 | 1.25331e-02 1.07867e-01 1.39114e-01 |
   6464 | 7.75097e+01 1.19910e-02 | 1.25331e-02 1.07867e-01 1.39114e-01 |
   6465 | 7.75217e+01 1.19910e-02 | 1.25331e-02 1.07867e-01 1.39114e-01 |
   6466 | 7.75337e+01 1.19910e-02 | 1.25331e-02 1.07867e-01 1.39114e-01 |
   6467 | 7.75457e+01 1.19910e-02 | 1.25331e-02 1.07867e-01 1.39114e-01 |
   6468 | 7.75577e+01 1.19911e-02 | 1.25331e-02 1.07867e-01 1.39114e-01 |
   6469 | 7.75696e+01 1.19911e-02 | 1.25331e-02 1.07867e-01 1.39114e-01 |
   6470 | 7.75816e+01 1.19910e-02 | 1.25331e-02 1.07867e-01 1.39114e-01 |
   6471 | 7.75936e+01 1.19910e-02 | 1.25331e-02 1.07867e-01 1.39114e-01 |
   6472 | 7.76056e+01 1.19910e-02 | 1.25331e-02 1.07867e-01 1.39114e-01 |
   6473 | 7.76176e+01 1.19910e-02 | 1.25331e-02 1.07867e-01 1.39114e-01 |
   6474 | 7.76296e+01 1.19910e-02 | 1.25331e-02 1.07867e-01 1.39114e-01 |
   6475 | 7.76416e+01 1.19909e-02 | 1.25331e-02 1.07867e-01 1.39114e-01 |
   6476 | 7.76536e+01 1.19909e-02 | 1.25331e-02 1.07867e-01 1.39114e-01 |
   6477 | 7.76656e+01 1.19909e-02 | 1.25331e-02 1.07867e-01 1.39114e-01 |
   6478 | 7.76776e+01 1.19909e-02 | 1.25331e-02 1.07867e-01 1.39114e-01 |
   6479 | 7.76896e+01 1.19909e-02 | 1.25331e-02 1.07867e-01 1.39114e-01 |
   6480 | 7.77015e+01 1.19909e-02 | 1.25331e-02 1.07867e-01 1.39114e-01 |
   6481 | 7.77135e+01 1.19909e-02 | 1.25331e-02 1.07867e-01 1.39114e-01 |
   6482 | 7.77255e+01 1.19909e-02 | 1.25331e-02 1.07867e-01 1.39114e-01 |
   6483 | 7.77375e+01 1.19909e-02 | 1.25331e-02 1.07867e-01 1.39114e-01 |
   6484 | 7.77495e+01 1.19908e-02 | 1.25331e-02 1.07867e-01 1.39114e-01 |
   6485 | 7.77615e+01 1.19908e-02 | 1.25331e-02 1.07867e-01 1.39114e-01 |
   6486 | 7.77735e+01 1.19908e-02 | 1.25331e-02 1.07867e-01 1.39114e-01 |
   6487 | 7.77855e+01 1.19908e-02 | 1.25331e-02 1.07867e-01 1.39114e-01 |
   6488 | 7.77975e+01 1.19908e-02 | 1.25331e-02 1.07867e-01 1.39114e-01 |
   6489 | 7.78095e+01 1.19908e-02 | 1.25331e-02 1.07867e-01 1.39114e-01 |
   6490 | 7.78215e+01 1.19908e-02 | 1.25331e-02 1.07867e-01 1.39114e-01 |
   6491 | 7.78334e+01 1.19908e-02 | 1.25331e-02 1.07867e-01 1.39114e-01 |
   6492 | 7.78454e+01 1.19909e-02 | 1.25331e-02 1.07867e-01 1.39114e-01 |
   6493 | 7.78574e+01 1.19909e-02 | 1.25331e-02 1.07867e-01 1.39114e-01 |
   6494 | 7.78694e+01 1.19909e-02 | 1.25331e-02 1.07867e-01 1.39114e-01 |
   6495 | 7.78814e+01 1.19909e-02 | 1.25331e-02 1.07867e-01 1.39114e-01 |
   6496 | 7.78934e+01 1.19909e-02 | 1.25331e-02 1.07867e-01 1.39114e-01 |
   6497 | 7.79054e+01 1.19909e-02 | 1.25331e-02 1.07867e-01 1.39114e-01 |
   6498 | 7.79174e+01 1.19909e-02 | 1.25331e-02 1.07867e-01 1.39114e-01 |
   6499 | 7.79294e+01 1.19909e-02 | 1.25331e-02 1.07867e-01 1.39114e-01 |
   6500 | 7.79414e+01 1.19909e-02 | 1.25331e-02 1.07867e-01 1.39114e-01 |
   6501 | 7.79534e+01 1.19910e-02 | 1.25331e-02 1.07867e-01 1.39114e-01 |
   6502 | 7.79653e+01 1.19910e-02 | 1.25331e-02 1.07867e-01 1.39114e-01 |
   6503 | 7.79773e+01 1.19910e-02 | 1.25331e-02 1.07867e-01 1.39114e-01 |
   6504 | 7.79893e+01 1.19910e-02 | 1.25331e-02 1.07867e-01 1.39114e-01 |
   6505 | 7.80013e+01 1.19910e-02 | 1.25331e-02 1.07867e-01 1.39114e-01 |
   6506 | 7.80133e+01 1.19911e-02 | 1.25331e-02 1.07867e-01 1.39114e-01 |
   6507 | 7.80253e+01 1.19911e-02 | 1.25331e-02 1.07867e-01 1.39114e-01 |
   6508 | 7.80373e+01 1.19911e-02 | 1.25331e-02 1.07867e-01 1.39114e-01 |
   6509 | 7.80493e+01 1.19912e-02 | 1.25331e-02 1.07867e-01 1.39114e-01 |
   6510 | 7.80613e+01 1.19912e-02 | 1.25331e-02 1.07867e-01 1.39114e-01 |
   6511 | 7.80733e+01 1.19912e-02 | 1.25331e-02 1.07867e-01 1.39114e-01 |
   6512 | 7.80853e+01 1.19912e-02 | 1.25331e-02 1.07867e-01 1.39114e-01 |
   6513 | 7.80972e+01 1.19911e-02 | 1.25331e-02 1.07867e-01 1.39114e-01 |
   6514 | 7.81092e+01 1.19911e-02 | 1.25331e-02 1.07867e-01 1.39114e-01 |
   6515 | 7.81212e+01 1.19911e-02 | 1.25331e-02 1.07867e-01 1.39114e-01 |
   6516 | 7.81332e+01 1.19911e-02 | 1.25331e-02 1.07867e-01 1.39114e-01 |
   6517 | 7.81452e+01 1.19911e-02 | 1.25331e-02 1.07867e-01 1.39114e-01 |
   6518 | 7.81572e+01 1.19910e-02 | 1.25331e-02 1.07867e-01 1.39114e-01 |
   6519 | 7.81692e+01 1.19910e-02 | 1.25331e-02 1.07867e-01 1.39114e-01 |
   6520 | 7.81812e+01 1.19910e-02 | 1.25331e-02 1.07867e-01 1.39114e-01 |
   6521 | 7.81932e+01 1.19910e-02 | 1.25331e-02 1.07867e-01 1.39114e-01 |
   6522 | 7.82052e+01 1.19910e-02 | 1.25331e-02 1.07867e-01 1.39114e-01 |
   6523 | 7.82172e+01 1.19910e-02 | 1.25331e-02 1.07867e-01 1.39114e-01 |
   6524 | 7.82291e+01 1.19910e-02 | 1.25331e-02 1.07867e-01 1.39114e-01 |
   6525 | 7.82411e+01 1.19910e-02 | 1.25331e-02 1.07867e-01 1.39114e-01 |
   6526 | 7.82531e+01 1.19910e-02 | 1.25331e-02 1.07867e-01 1.39114e-01 |
   6527 | 7.82651e+01 1.19909e-02 | 1.25331e-02 1.07867e-01 1.39114e-01 |
   6528 | 7.82771e+01 1.19909e-02 | 1.25331e-02 1.07867e-01 1.39114e-01 |
   6529 | 7.82891e+01 1.19909e-02 | 1.25331e-02 1.07867e-01 1.39114e-01 |
   6530 | 7.83011e+01 1.19909e-02 | 1.25331e-02 1.07867e-01 1.39114e-01 |
   6531 | 7.83131e+01 1.19909e-02 | 1.25331e-02 1.07867e-01 1.39114e-01 |
   6532 | 7.83251e+01 1.19909e-02 | 1.25331e-02 1.07867e-01 1.39114e-01 |
   6533 | 7.83371e+01 1.19909e-02 | 1.25331e-02 1.07867e-01 1.39114e-01 |
   6534 | 7.83491e+01 1.19909e-02 | 1.25331e-02 1.07867e-01 1.39114e-01 |
   6535 | 7.83611e+01 1.19910e-02 | 1.25331e-02 1.07867e-01 1.39114e-01 |
   6536 | 7.83730e+01 1.19910e-02 | 1.25331e-02 1.07867e-01 1.39114e-01 |
   6537 | 7.83850e+01 1.19910e-02 | 1.25331e-02 1.07867e-01 1.39114e-01 |
   6538 | 7.83970e+01 1.19910e-02 | 1.25331e-02 1.07867e-01 1.39114e-01 |
   6539 | 7.84090e+01 1.19910e-02 | 1.25331e-02 1.07867e-01 1.39114e-01 |
   6540 | 7.84210e+01 1.19910e-02 | 1.25331e-02 1.07867e-01 1.39114e-01 |
   6541 | 7.84330e+01 1.19910e-02 | 1.25331e-02 1.07867e-01 1.39114e-01 |
   6542 | 7.84450e+01 1.19910e-02 | 1.25331e-02 1.07867e-01 1.39114e-01 |
   6543 | 7.84570e+01 1.19910e-02 | 1.25331e-02 1.07867e-01 1.39114e-01 |
   6544 | 7.84690e+01 1.19911e-02 | 1.25331e-02 1.07867e-01 1.39114e-01 |
   6545 | 7.84810e+01 1.19911e-02 | 1.25331e-02 1.07867e-01 1.39114e-01 |
   6546 | 7.84930e+01 1.19911e-02 | 1.25331e-02 1.07867e-01 1.39114e-01 |
   6547 | 7.85049e+01 1.19911e-02 | 1.25331e-02 1.07867e-01 1.39114e-01 |
   6548 | 7.85169e+01 1.19911e-02 | 1.25331e-02 1.07867e-01 1.39114e-01 |
   6549 | 7.85289e+01 1.19912e-02 | 1.25331e-02 1.07867e-01 1.39114e-01 |
   6550 | 7.85409e+01 1.19911e-02 | 1.25331e-02 1.07867e-01 1.39114e-01 |
   6551 | 7.85529e+01 1.19911e-02 | 1.25331e-02 1.07867e-01 1.39114e-01 |
   6552 | 7.85649e+01 1.19911e-02 | 1.25331e-02 1.07867e-01 1.39114e-01 |
   6553 | 7.85769e+01 1.19911e-02 | 1.25331e-02 1.07867e-01 1.39114e-01 |
   6554 | 7.85889e+01 1.19910e-02 | 1.25331e-02 1.07867e-01 1.39114e-01 |
   6555 | 7.86009e+01 1.19910e-02 | 1.25331e-02 1.07867e-01 1.39114e-01 |
   6556 | 7.86129e+01 1.19910e-02 | 1.25331e-02 1.07867e-01 1.39114e-01 |
   6557 | 7.86249e+01 1.19910e-02 | 1.25331e-02 1.07867e-01 1.39114e-01 |
   6558 | 7.86368e+01 1.19910e-02 | 1.25331e-02 1.07867e-01 1.39114e-01 |
   6559 | 7.86488e+01 1.19910e-02 | 1.25331e-02 1.07867e-01 1.39114e-01 |
   6560 | 7.86608e+01 1.19910e-02 | 1.25331e-02 1.07867e-01 1.39114e-01 |
   6561 | 7.86728e+01 1.19909e-02 | 1.25331e-02 1.07867e-01 1.39114e-01 |
   6562 | 7.86848e+01 1.19909e-02 | 1.25331e-02 1.07867e-01 1.39114e-01 |
   6563 | 7.86968e+01 1.19909e-02 | 1.25331e-02 1.07867e-01 1.39114e-01 |
   6564 | 7.87088e+01 1.19909e-02 | 1.25331e-02 1.07867e-01 1.39114e-01 |
   6565 | 7.87208e+01 1.19909e-02 | 1.25331e-02 1.07867e-01 1.39114e-01 |
   6566 | 7.87328e+01 1.19909e-02 | 1.25331e-02 1.07867e-01 1.39114e-01 |
   6567 | 7.87448e+01 1.19909e-02 | 1.25331e-02 1.07867e-01 1.39114e-01 |
   6568 | 7.87568e+01 1.19909e-02 | 1.25331e-02 1.07867e-01 1.39114e-01 |
   6569 | 7.87687e+01 1.19909e-02 | 1.25331e-02 1.07867e-01 1.39114e-01 |
   6570 | 7.87807e+01 1.19909e-02 | 1.25331e-02 1.07867e-01 1.39114e-01 |
   6571 | 7.87927e+01 1.19909e-02 | 1.25331e-02 1.07867e-01 1.39114e-01 |
   6572 | 7.88047e+01 1.19909e-02 | 1.25331e-02 1.07867e-01 1.39114e-01 |
   6573 | 7.88167e+01 1.19909e-02 | 1.25331e-02 1.07867e-01 1.39114e-01 |
   6574 | 7.88287e+01 1.19909e-02 | 1.25331e-02 1.07867e-01 1.39114e-01 |
   6575 | 7.88407e+01 1.19909e-02 | 1.25331e-02 1.07867e-01 1.39114e-01 |
   6576 | 7.88527e+01 1.19910e-02 | 1.25331e-02 1.07867e-01 1.39114e-01 |
   6577 | 7.88647e+01 1.19910e-02 | 1.25331e-02 1.07867e-01 1.39114e-01 |
   6578 | 7.88767e+01 1.19910e-02 | 1.25331e-02 1.07867e-01 1.39114e-01 |
   6579 | 7.88887e+01 1.19910e-02 | 1.25331e-02 1.07867e-01 1.39114e-01 |
   6580 | 7.89006e+01 1.19910e-02 | 1.25331e-02 1.07867e-01 1.39114e-01 |
   6581 | 7.89126e+01 1.19910e-02 | 1.25331e-02 1.07867e-01 1.39114e-01 |
   6582 | 7.89246e+01 1.19910e-02 | 1.25331e-02 1.07867e-01 1.39114e-01 |
   6583 | 7.89366e+01 1.19911e-02 | 1.25331e-02 1.07867e-01 1.39114e-01 |
   6584 | 7.89486e+01 1.19911e-02 | 1.25331e-02 1.07867e-01 1.39114e-01 |
   6585 | 7.89606e+01 1.19910e-02 | 1.25331e-02 1.07867e-01 1.39114e-01 |
   6586 | 7.89726e+01 1.19910e-02 | 1.25331e-02 1.07867e-01 1.39114e-01 |
   6587 | 7.89846e+01 1.19910e-02 | 1.25331e-02 1.07867e-01 1.39114e-01 |
   6588 | 7.89966e+01 1.19910e-02 | 1.25331e-02 1.07867e-01 1.39114e-01 |
   6589 | 7.90086e+01 1.19910e-02 | 1.25331e-02 1.07867e-01 1.39114e-01 |
   6590 | 7.90206e+01 1.19910e-02 | 1.25331e-02 1.07867e-01 1.39114e-01 |
   6591 | 7.90325e+01 1.19910e-02 | 1.25331e-02 1.07867e-01 1.39114e-01 |
   6592 | 7.90445e+01 1.19910e-02 | 1.25331e-02 1.07867e-01 1.39114e-01 |
   6593 | 7.90565e+01 1.19910e-02 | 1.25331e-02 1.07867e-01 1.39114e-01 |
   6594 | 7.90685e+01 1.19910e-02 | 1.25331e-02 1.07867e-01 1.39114e-01 |
   6595 | 7.90805e+01 1.19910e-02 | 1.25331e-02 1.07867e-01 1.39114e-01 |
   6596 | 7.90925e+01 1.19909e-02 | 1.25331e-02 1.07867e-01 1.39114e-01 |
   6597 | 7.91045e+01 1.19909e-02 | 1.25331e-02 1.07867e-01 1.39114e-01 |
   6598 | 7.91165e+01 1.19909e-02 | 1.25331e-02 1.07867e-01 1.39114e-01 |
   6599 | 7.91285e+01 1.19909e-02 | 1.25331e-02 1.07867e-01 1.39114e-01 |
   6600 | 7.91405e+01 1.19909e-02 | 1.25331e-02 1.07867e-01 1.39114e-01 |
   6601 | 7.91525e+01 1.19909e-02 | 1.25331e-02 1.07867e-01 1.39114e-01 |
   6602 | 7.91644e+01 1.19909e-02 | 1.25331e-02 1.07867e-01 1.39114e-01 |
   6603 | 7.91764e+01 1.19909e-02 | 1.25331e-02 1.07867e-01 1.39114e-01 |
   6604 | 7.91884e+01 1.19909e-02 | 1.25331e-02 1.07867e-01 1.39114e-01 |
   6605 | 7.92004e+01 1.19909e-02 | 1.25331e-02 1.07867e-01 1.39114e-01 |
   6606 | 7.92124e+01 1.19909e-02 | 1.25331e-02 1.07867e-01 1.39114e-01 |
   6607 | 7.92244e+01 1.19909e-02 | 1.25331e-02 1.07867e-01 1.39114e-01 |
   6608 | 7.92364e+01 1.19909e-02 | 1.25331e-02 1.07867e-01 1.39114e-01 |
   6609 | 7.92484e+01 1.19909e-02 | 1.25331e-02 1.07867e-01 1.39114e-01 |
   6610 | 7.92604e+01 1.19909e-02 | 1.25331e-02 1.07867e-01 1.39114e-01 |
   6611 | 7.92724e+01 1.19909e-02 | 1.25331e-02 1.07867e-01 1.39114e-01 |
   6612 | 7.92844e+01 1.19909e-02 | 1.25331e-02 1.07867e-01 1.39114e-01 |
   6613 | 7.92963e+01 1.19909e-02 | 1.25331e-02 1.07867e-01 1.39114e-01 |
   6614 | 7.93083e+01 1.19909e-02 | 1.25331e-02 1.07867e-01 1.39114e-01 |
   6615 | 7.93203e+01 1.19909e-02 | 1.25331e-02 1.07867e-01 1.39114e-01 |
   6616 | 7.93323e+01 1.19910e-02 | 1.25331e-02 1.07867e-01 1.39114e-01 |
   6617 | 7.93443e+01 1.19910e-02 | 1.25331e-02 1.07867e-01 1.39114e-01 |
   6618 | 7.93563e+01 1.19910e-02 | 1.25331e-02 1.07867e-01 1.39114e-01 |
   6619 | 7.93683e+01 1.19910e-02 | 1.25331e-02 1.07867e-01 1.39114e-01 |
   6620 | 7.93803e+01 1.19910e-02 | 1.25331e-02 1.07867e-01 1.39114e-01 |
   6621 | 7.93923e+01 1.19910e-02 | 1.25331e-02 1.07867e-01 1.39114e-01 |
   6622 | 7.94043e+01 1.19911e-02 | 1.25331e-02 1.07867e-01 1.39114e-01 |
   6623 | 7.94163e+01 1.19911e-02 | 1.25331e-02 1.07867e-01 1.39114e-01 |
   6624 | 7.94282e+01 1.19911e-02 | 1.25331e-02 1.07867e-01 1.39114e-01 |
   6625 | 7.94402e+01 1.19911e-02 | 1.25331e-02 1.07867e-01 1.39114e-01 |
   6626 | 7.94522e+01 1.19910e-02 | 1.25331e-02 1.07867e-01 1.39114e-01 |
   6627 | 7.94642e+01 1.19910e-02 | 1.25331e-02 1.07867e-01 1.39114e-01 |
   6628 | 7.94762e+01 1.19910e-02 | 1.25331e-02 1.07867e-01 1.39114e-01 |
   6629 | 7.94882e+01 1.19910e-02 | 1.25331e-02 1.07867e-01 1.39114e-01 |
   6630 | 7.95002e+01 1.19910e-02 | 1.25331e-02 1.07867e-01 1.39114e-01 |
   6631 | 7.95122e+01 1.19910e-02 | 1.25331e-02 1.07867e-01 1.39114e-01 |
   6632 | 7.95242e+01 1.19910e-02 | 1.25331e-02 1.07867e-01 1.39114e-01 |
   6633 | 7.95362e+01 1.19910e-02 | 1.25331e-02 1.07867e-01 1.39114e-01 |
   6634 | 7.95482e+01 1.19910e-02 | 1.25331e-02 1.07867e-01 1.39114e-01 |
   6635 | 7.95601e+01 1.19910e-02 | 1.25331e-02 1.07867e-01 1.39114e-01 |
   6636 | 7.95721e+01 1.19910e-02 | 1.25331e-02 1.07867e-01 1.39114e-01 |
   6637 | 7.95841e+01 1.19910e-02 | 1.25331e-02 1.07867e-01 1.39114e-01 |
   6638 | 7.95961e+01 1.19910e-02 | 1.25331e-02 1.07867e-01 1.39114e-01 |
   6639 | 7.96081e+01 1.19910e-02 | 1.25331e-02 1.07867e-01 1.39114e-01 |
   6640 | 7.96201e+01 1.19910e-02 | 1.25331e-02 1.07867e-01 1.39114e-01 |
   6641 | 7.96321e+01 1.19910e-02 | 1.25331e-02 1.07867e-01 1.39114e-01 |
   6642 | 7.96441e+01 1.19910e-02 | 1.25331e-02 1.07867e-01 1.39114e-01 |
   6643 | 7.96561e+01 1.19910e-02 | 1.25331e-02 1.07867e-01 1.39114e-01 |
   6644 | 7.96681e+01 1.19911e-02 | 1.25331e-02 1.07867e-01 1.39114e-01 |
   6645 | 7.96801e+01 1.19911e-02 | 1.25331e-02 1.07867e-01 1.39114e-01 |
   6646 | 7.96921e+01 1.19911e-02 | 1.25331e-02 1.07867e-01 1.39114e-01 |
   6647 | 7.97040e+01 1.19911e-02 | 1.25331e-02 1.07867e-01 1.39114e-01 |
   6648 | 7.97160e+01 1.19911e-02 | 1.25331e-02 1.07867e-01 1.39114e-01 |
   6649 | 7.97280e+01 1.19911e-02 | 1.25331e-02 1.07867e-01 1.39114e-01 |
   6650 | 7.97400e+01 1.19912e-02 | 1.25331e-02 1.07867e-01 1.39114e-01 |
   6651 | 7.97520e+01 1.19912e-02 | 1.25331e-02 1.07867e-01 1.39114e-01 |
   6652 | 7.97640e+01 1.19912e-02 | 1.25331e-02 1.07867e-01 1.39114e-01 |
   6653 | 7.97760e+01 1.19912e-02 | 1.25331e-02 1.07867e-01 1.39114e-01 |
   6654 | 7.97880e+01 1.19912e-02 | 1.25331e-02 1.07867e-01 1.39114e-01 |
   6655 | 7.98000e+01 1.19912e-02 | 1.25331e-02 1.07867e-01 1.39114e-01 |
   6656 | 7.98120e+01 1.19912e-02 | 1.25331e-02 1.07867e-01 1.39114e-01 |
   6657 | 7.98240e+01 1.19912e-02 | 1.25331e-02 1.07867e-01 1.39114e-01 |
   6658 | 7.98359e+01 1.19912e-02 | 1.25331e-02 1.07867e-01 1.39114e-01 |
   6659 | 7.98479e+01 1.19911e-02 | 1.25331e-02 1.07867e-01 1.39114e-01 |
   6660 | 7.98599e+01 1.19911e-02 | 1.25331e-02 1.07867e-01 1.39114e-01 |
   6661 | 7.98719e+01 1.19911e-02 | 1.25331e-02 1.07867e-01 1.39114e-01 |
   6662 | 7.98839e+01 1.19911e-02 | 1.25331e-02 1.07867e-01 1.39114e-01 |
   6663 | 7.98959e+01 1.19911e-02 | 1.25331e-02 1.07867e-01 1.39114e-01 |
   6664 | 7.99079e+01 1.19911e-02 | 1.25331e-02 1.07867e-01 1.39114e-01 |
   6665 | 7.99199e+01 1.19911e-02 | 1.25331e-02 1.07867e-01 1.39114e-01 |
   6666 | 7.99319e+01 1.19911e-02 | 1.25331e-02 1.07867e-01 1.39114e-01 |
   6667 | 7.99439e+01 1.19911e-02 | 1.25331e-02 1.07867e-01 1.39114e-01 |
   6668 | 7.99559e+01 1.19910e-02 | 1.25331e-02 1.07867e-01 1.39114e-01 |
   6669 | 7.99678e+01 1.19910e-02 | 1.25331e-02 1.07867e-01 1.39114e-01 |
   6670 | 7.99798e+01 1.19910e-02 | 1.25331e-02 1.07867e-01 1.39114e-01 |
   6671 | 7.99918e+01 1.19910e-02 | 1.25331e-02 1.07867e-01 1.39114e-01 |
   6672 | 8.00038e+01 1.19910e-02 | 1.25331e-02 1.07867e-01 1.39114e-01 |
   6673 | 8.00158e+01 1.19910e-02 | 1.25331e-02 1.07867e-01 1.39114e-01 |
   6674 | 8.00278e+01 1.19910e-02 | 1.25331e-02 1.07867e-01 1.39114e-01 |
   6675 | 8.00398e+01 1.19910e-02 | 1.25331e-02 1.07867e-01 1.39114e-01 |
   6676 | 8.00518e+01 1.19911e-02 | 1.25331e-02 1.07867e-01 1.39114e-01 |
   6677 | 8.00638e+01 1.19911e-02 | 1.25331e-02 1.07867e-01 1.39114e-01 |
   6678 | 8.00758e+01 1.19911e-02 | 1.25331e-02 1.07867e-01 1.39114e-01 |
   6679 | 8.00878e+01 1.19911e-02 | 1.25331e-02 1.07867e-01 1.39114e-01 |
   6680 | 8.00997e+01 1.19911e-02 | 1.25331e-02 1.07867e-01 1.39114e-01 |
   6681 | 8.01117e+01 1.19911e-02 | 1.25331e-02 1.07867e-01 1.39114e-01 |
   6682 | 8.01237e+01 1.19911e-02 | 1.25331e-02 1.07867e-01 1.39114e-01 |
   6683 | 8.01357e+01 1.19911e-02 | 1.25331e-02 1.07867e-01 1.39114e-01 |
   6684 | 8.01477e+01 1.19911e-02 | 1.25331e-02 1.07867e-01 1.39114e-01 |
   6685 | 8.01597e+01 1.19911e-02 | 1.25331e-02 1.07867e-01 1.39114e-01 |
   6686 | 8.01717e+01 1.19911e-02 | 1.25331e-02 1.07867e-01 1.39114e-01 |
   6687 | 8.01837e+01 1.19911e-02 | 1.25331e-02 1.07867e-01 1.39114e-01 |
   6688 | 8.01957e+01 1.19911e-02 | 1.25331e-02 1.07867e-01 1.39114e-01 |
   6689 | 8.02077e+01 1.19911e-02 | 1.25331e-02 1.07867e-01 1.39114e-01 |
   6690 | 8.02197e+01 1.19911e-02 | 1.25331e-02 1.07867e-01 1.39114e-01 |
   6691 | 8.02316e+01 1.19911e-02 | 1.25331e-02 1.07867e-01 1.39114e-01 |
   6692 | 8.02436e+01 1.19911e-02 | 1.25331e-02 1.07867e-01 1.39114e-01 |
   6693 | 8.02556e+01 1.19911e-02 | 1.25331e-02 1.07867e-01 1.39114e-01 |
   6694 | 8.02676e+01 1.19911e-02 | 1.25331e-02 1.07867e-01 1.39114e-01 |
   6695 | 8.02796e+01 1.19911e-02 | 1.25331e-02 1.07867e-01 1.39114e-01 |
   6696 | 8.02916e+01 1.19911e-02 | 1.25331e-02 1.07867e-01 1.39114e-01 |
   6697 | 8.03036e+01 1.19911e-02 | 1.25331e-02 1.07867e-01 1.39114e-01 |
   6698 | 8.03156e+01 1.19910e-02 | 1.25331e-02 1.07867e-01 1.39114e-01 |
   6699 | 8.03276e+01 1.19910e-02 | 1.25331e-02 1.07867e-01 1.39114e-01 |
   6700 | 8.03396e+01 1.19910e-02 | 1.25331e-02 1.07867e-01 1.39114e-01 |
   6701 | 8.03516e+01 1.19910e-02 | 1.25331e-02 1.07867e-01 1.39114e-01 |
   6702 | 8.03636e+01 1.19910e-02 | 1.25331e-02 1.07867e-01 1.39114e-01 |
   6703 | 8.03755e+01 1.19909e-02 | 1.25331e-02 1.07867e-01 1.39114e-01 |
   6704 | 8.03875e+01 1.19909e-02 | 1.25331e-02 1.07867e-01 1.39114e-01 |
   6705 | 8.03995e+01 1.19909e-02 | 1.25331e-02 1.07867e-01 1.39114e-01 |
   6706 | 8.04115e+01 1.19909e-02 | 1.25331e-02 1.07867e-01 1.39114e-01 |
   6707 | 8.04235e+01 1.19909e-02 | 1.25331e-02 1.07867e-01 1.39114e-01 |
   6708 | 8.04355e+01 1.19909e-02 | 1.25331e-02 1.07867e-01 1.39114e-01 |
   6709 | 8.04475e+01 1.19909e-02 | 1.25331e-02 1.07867e-01 1.39114e-01 |
   6710 | 8.04595e+01 1.19909e-02 | 1.25331e-02 1.07867e-01 1.39114e-01 |
   6711 | 8.04715e+01 1.19909e-02 | 1.25331e-02 1.07867e-01 1.39114e-01 |
   6712 | 8.04835e+01 1.19909e-02 | 1.25331e-02 1.07867e-01 1.39114e-01 |
   6713 | 8.04955e+01 1.19908e-02 | 1.25331e-02 1.07867e-01 1.39114e-01 |
   6714 | 8.05074e+01 1.19908e-02 | 1.25331e-02 1.07867e-01 1.39114e-01 |
   6715 | 8.05194e+01 1.19908e-02 | 1.25331e-02 1.07867e-01 1.39114e-01 |
   6716 | 8.05314e+01 1.19908e-02 | 1.25331e-02 1.07867e-01 1.39114e-01 |
   6717 | 8.05434e+01 1.19908e-02 | 1.25331e-02 1.07867e-01 1.39114e-01 |
   6718 | 8.05554e+01 1.19909e-02 | 1.25331e-02 1.07867e-01 1.39114e-01 |
   6719 | 8.05674e+01 1.19909e-02 | 1.25331e-02 1.07867e-01 1.39114e-01 |
   6720 | 8.05794e+01 1.19909e-02 | 1.25331e-02 1.07867e-01 1.39114e-01 |
   6721 | 8.05914e+01 1.19909e-02 | 1.25331e-02 1.07867e-01 1.39114e-01 |
   6722 | 8.06034e+01 1.19909e-02 | 1.25331e-02 1.07867e-01 1.39114e-01 |
   6723 | 8.06154e+01 1.19909e-02 | 1.25331e-02 1.07867e-01 1.39114e-01 |
   6724 | 8.06274e+01 1.19909e-02 | 1.25331e-02 1.07867e-01 1.39114e-01 |
   6725 | 8.06393e+01 1.19909e-02 | 1.25331e-02 1.07867e-01 1.39114e-01 |
   6726 | 8.06513e+01 1.19909e-02 | 1.25331e-02 1.07867e-01 1.39114e-01 |
   6727 | 8.06633e+01 1.19909e-02 | 1.25331e-02 1.07867e-01 1.39114e-01 |
   6728 | 8.06753e+01 1.19910e-02 | 1.25331e-02 1.07867e-01 1.39114e-01 |
   6729 | 8.06873e+01 1.19910e-02 | 1.25331e-02 1.07867e-01 1.39114e-01 |
   6730 | 8.06993e+01 1.19910e-02 | 1.25331e-02 1.07867e-01 1.39114e-01 |
   6731 | 8.07113e+01 1.19910e-02 | 1.25331e-02 1.07867e-01 1.39114e-01 |
   6732 | 8.07233e+01 1.19910e-02 | 1.25331e-02 1.07867e-01 1.39114e-01 |
   6733 | 8.07353e+01 1.19911e-02 | 1.25331e-02 1.07867e-01 1.39114e-01 |
   6734 | 8.07473e+01 1.19911e-02 | 1.25331e-02 1.07867e-01 1.39114e-01 |
   6735 | 8.07593e+01 1.19911e-02 | 1.25331e-02 1.07867e-01 1.39114e-01 |
   6736 | 8.07712e+01 1.19910e-02 | 1.25331e-02 1.07867e-01 1.39114e-01 |
   6737 | 8.07832e+01 1.19910e-02 | 1.25331e-02 1.07867e-01 1.39114e-01 |
   6738 | 8.07952e+01 1.19910e-02 | 1.25331e-02 1.07867e-01 1.39114e-01 |
   6739 | 8.08072e+01 1.19910e-02 | 1.25331e-02 1.07867e-01 1.39114e-01 |
   6740 | 8.08192e+01 1.19910e-02 | 1.25331e-02 1.07867e-01 1.39114e-01 |
   6741 | 8.08312e+01 1.19910e-02 | 1.25331e-02 1.07867e-01 1.39114e-01 |
   6742 | 8.08432e+01 1.19909e-02 | 1.25331e-02 1.07867e-01 1.39114e-01 |
   6743 | 8.08552e+01 1.19909e-02 | 1.25331e-02 1.07867e-01 1.39114e-01 |
   6744 | 8.08672e+01 1.19909e-02 | 1.25331e-02 1.07867e-01 1.39114e-01 |
   6745 | 8.08792e+01 1.19909e-02 | 1.25331e-02 1.07867e-01 1.39114e-01 |
   6746 | 8.08912e+01 1.19909e-02 | 1.25331e-02 1.07867e-01 1.39114e-01 |
   6747 | 8.09031e+01 1.19909e-02 | 1.25331e-02 1.07867e-01 1.39114e-01 |
   6748 | 8.09151e+01 1.19909e-02 | 1.25331e-02 1.07867e-01 1.39114e-01 |
   6749 | 8.09271e+01 1.19909e-02 | 1.25331e-02 1.07867e-01 1.39114e-01 |
   6750 | 8.09391e+01 1.19909e-02 | 1.25331e-02 1.07867e-01 1.39114e-01 |
   6751 | 8.09511e+01 1.19909e-02 | 1.25331e-02 1.07867e-01 1.39114e-01 |
   6752 | 8.09631e+01 1.19909e-02 | 1.25331e-02 1.07867e-01 1.39114e-01 |
   6753 | 8.09751e+01 1.19909e-02 | 1.25331e-02 1.07867e-01 1.39114e-01 |
   6754 | 8.09871e+01 1.19909e-02 | 1.25331e-02 1.07867e-01 1.39114e-01 |
   6755 | 8.09991e+01 1.19909e-02 | 1.25331e-02 1.07867e-01 1.39114e-01 |
   6756 | 8.10111e+01 1.19909e-02 | 1.25331e-02 1.07867e-01 1.39114e-01 |
   6757 | 8.10231e+01 1.19909e-02 | 1.25331e-02 1.07867e-01 1.39114e-01 |
   6758 | 8.10350e+01 1.19909e-02 | 1.25331e-02 1.07867e-01 1.39114e-01 |
   6759 | 8.10470e+01 1.19909e-02 | 1.25331e-02 1.07867e-01 1.39114e-01 |
   6760 | 8.10590e+01 1.19909e-02 | 1.25331e-02 1.07867e-01 1.39114e-01 |
   6761 | 8.10710e+01 1.19909e-02 | 1.25331e-02 1.07867e-01 1.39114e-01 |
   6762 | 8.10830e+01 1.19909e-02 | 1.25331e-02 1.07867e-01 1.39114e-01 |
   6763 | 8.10950e+01 1.19909e-02 | 1.25331e-02 1.07867e-01 1.39114e-01 |
   6764 | 8.11070e+01 1.19910e-02 | 1.25331e-02 1.07867e-01 1.39114e-01 |
   6765 | 8.11190e+01 1.19910e-02 | 1.25331e-02 1.07867e-01 1.39114e-01 |
   6766 | 8.11310e+01 1.19910e-02 | 1.25331e-02 1.07867e-01 1.39114e-01 |
   6767 | 8.11430e+01 1.19910e-02 | 1.25331e-02 1.07867e-01 1.39114e-01 |
   6768 | 8.11550e+01 1.19910e-02 | 1.25331e-02 1.07867e-01 1.39114e-01 |
   6769 | 8.11669e+01 1.19910e-02 | 1.25331e-02 1.07867e-01 1.39114e-01 |
   6770 | 8.11789e+01 1.19911e-02 | 1.25331e-02 1.07867e-01 1.39114e-01 |
   6771 | 8.11909e+01 1.19911e-02 | 1.25331e-02 1.07867e-01 1.39114e-01 |
   6772 | 8.12029e+01 1.19911e-02 | 1.25331e-02 1.07867e-01 1.39114e-01 |
   6773 | 8.12149e+01 1.19911e-02 | 1.25331e-02 1.07867e-01 1.39114e-01 |
   6774 | 8.12269e+01 1.19910e-02 | 1.25331e-02 1.07867e-01 1.39114e-01 |
   6775 | 8.12389e+01 1.19910e-02 | 1.25331e-02 1.07867e-01 1.39114e-01 |
   6776 | 8.12509e+01 1.19910e-02 | 1.25331e-02 1.07867e-01 1.39114e-01 |
   6777 | 8.12629e+01 1.19910e-02 | 1.25331e-02 1.07867e-01 1.39114e-01 |
   6778 | 8.12749e+01 1.19910e-02 | 1.25331e-02 1.07867e-01 1.39114e-01 |
   6779 | 8.12869e+01 1.19910e-02 | 1.25331e-02 1.07867e-01 1.39114e-01 |
   6780 | 8.12988e+01 1.19909e-02 | 1.25331e-02 1.07867e-01 1.39114e-01 |
   6781 | 8.13108e+01 1.19909e-02 | 1.25331e-02 1.07867e-01 1.39114e-01 |
   6782 | 8.13228e+01 1.19909e-02 | 1.25331e-02 1.07867e-01 1.39114e-01 |
   6783 | 8.13348e+01 1.19909e-02 | 1.25331e-02 1.07867e-01 1.39114e-01 |
   6784 | 8.13468e+01 1.19909e-02 | 1.25331e-02 1.07867e-01 1.39114e-01 |
   6785 | 8.13588e+01 1.19909e-02 | 1.25331e-02 1.07867e-01 1.39114e-01 |
   6786 | 8.13708e+01 1.19909e-02 | 1.25331e-02 1.07867e-01 1.39114e-01 |
   6787 | 8.13828e+01 1.19909e-02 | 1.25331e-02 1.07867e-01 1.39114e-01 |
   6788 | 8.13948e+01 1.19909e-02 | 1.25331e-02 1.07867e-01 1.39114e-01 |
   6789 | 8.14068e+01 1.19909e-02 | 1.25331e-02 1.07867e-01 1.39114e-01 |
   6790 | 8.14188e+01 1.19909e-02 | 1.25331e-02 1.07867e-01 1.39114e-01 |
   6791 | 8.14307e+01 1.19909e-02 | 1.25331e-02 1.07867e-01 1.39114e-01 |
   6792 | 8.14427e+01 1.19909e-02 | 1.25331e-02 1.07867e-01 1.39114e-01 |
   6793 | 8.14547e+01 1.19909e-02 | 1.25331e-02 1.07867e-01 1.39114e-01 |
   6794 | 8.14667e+01 1.19909e-02 | 1.25331e-02 1.07867e-01 1.39114e-01 |
   6795 | 8.14787e+01 1.19909e-02 | 1.25331e-02 1.07867e-01 1.39114e-01 |
   6796 | 8.14907e+01 1.19909e-02 | 1.25331e-02 1.07867e-01 1.39114e-01 |
   6797 | 8.15027e+01 1.19909e-02 | 1.25331e-02 1.07867e-01 1.39114e-01 |
   6798 | 8.15147e+01 1.19909e-02 | 1.25331e-02 1.07867e-01 1.39114e-01 |
   6799 | 8.15267e+01 1.19909e-02 | 1.25331e-02 1.07867e-01 1.39114e-01 |
   6800 | 8.15387e+01 1.19910e-02 | 1.25331e-02 1.07867e-01 1.39114e-01 |
   6801 | 8.15507e+01 1.19910e-02 | 1.25331e-02 1.07867e-01 1.39114e-01 |
   6802 | 8.15626e+01 1.19910e-02 | 1.25331e-02 1.07867e-01 1.39114e-01 |
   6803 | 8.15746e+01 1.19910e-02 | 1.25331e-02 1.07867e-01 1.39114e-01 |
   6804 | 8.15866e+01 1.19910e-02 | 1.25331e-02 1.07867e-01 1.39114e-01 |
   6805 | 8.15986e+01 1.19910e-02 | 1.25331e-02 1.07867e-01 1.39114e-01 |
   6806 | 8.16106e+01 1.19911e-02 | 1.25331e-02 1.07867e-01 1.39114e-01 |
   6807 | 8.16226e+01 1.19911e-02 | 1.25331e-02 1.07867e-01 1.39114e-01 |
   6808 | 8.16346e+01 1.19911e-02 | 1.25331e-02 1.07867e-01 1.39114e-01 |
   6809 | 8.16466e+01 1.19911e-02 | 1.25331e-02 1.07867e-01 1.39114e-01 |
   6810 | 8.16586e+01 1.19912e-02 | 1.25331e-02 1.07867e-01 1.39114e-01 |
   6811 | 8.16706e+01 1.19912e-02 | 1.25331e-02 1.07867e-01 1.39114e-01 |
   6812 | 8.16826e+01 1.19912e-02 | 1.25331e-02 1.07867e-01 1.39114e-01 |
   6813 | 8.16945e+01 1.19911e-02 | 1.25331e-02 1.07867e-01 1.39114e-01 |
   6814 | 8.17065e+01 1.19911e-02 | 1.25331e-02 1.07867e-01 1.39114e-01 |
   6815 | 8.17185e+01 1.19911e-02 | 1.25331e-02 1.07867e-01 1.39114e-01 |
   6816 | 8.17305e+01 1.19911e-02 | 1.25331e-02 1.07867e-01 1.39114e-01 |
   6817 | 8.17425e+01 1.19910e-02 | 1.25331e-02 1.07867e-01 1.39114e-01 |
   6818 | 8.17545e+01 1.19910e-02 | 1.25331e-02 1.07867e-01 1.39114e-01 |
   6819 | 8.17665e+01 1.19910e-02 | 1.25331e-02 1.07867e-01 1.39114e-01 |
   6820 | 8.17785e+01 1.19910e-02 | 1.25331e-02 1.07867e-01 1.39114e-01 |
   6821 | 8.17905e+01 1.19910e-02 | 1.25331e-02 1.07867e-01 1.39114e-01 |
   6822 | 8.18025e+01 1.19909e-02 | 1.25331e-02 1.07867e-01 1.39114e-01 |
   6823 | 8.18145e+01 1.19909e-02 | 1.25331e-02 1.07867e-01 1.39114e-01 |
   6824 | 8.18264e+01 1.19909e-02 | 1.25331e-02 1.07867e-01 1.39114e-01 |
   6825 | 8.18384e+01 1.19909e-02 | 1.25331e-02 1.07867e-01 1.39114e-01 |
   6826 | 8.18504e+01 1.19909e-02 | 1.25331e-02 1.07867e-01 1.39114e-01 |
   6827 | 8.18624e+01 1.19909e-02 | 1.25331e-02 1.07867e-01 1.39114e-01 |
   6828 | 8.18744e+01 1.19909e-02 | 1.25331e-02 1.07867e-01 1.39114e-01 |
   6829 | 8.18864e+01 1.19909e-02 | 1.25331e-02 1.07867e-01 1.39114e-01 |
   6830 | 8.18984e+01 1.19909e-02 | 1.25331e-02 1.07867e-01 1.39114e-01 |
   6831 | 8.19104e+01 1.19909e-02 | 1.25331e-02 1.07867e-01 1.39114e-01 |
   6832 | 8.19224e+01 1.19909e-02 | 1.25331e-02 1.07867e-01 1.39114e-01 |
   6833 | 8.19344e+01 1.19909e-02 | 1.25331e-02 1.07867e-01 1.39114e-01 |
   6834 | 8.19464e+01 1.19909e-02 | 1.25331e-02 1.07867e-01 1.39114e-01 |
   6835 | 8.19583e+01 1.19909e-02 | 1.25331e-02 1.07867e-01 1.39114e-01 |
   6836 | 8.19703e+01 1.19909e-02 | 1.25331e-02 1.07867e-01 1.39114e-01 |
   6837 | 8.19823e+01 1.19909e-02 | 1.25331e-02 1.07867e-01 1.39114e-01 |
   6838 | 8.19943e+01 1.19909e-02 | 1.25331e-02 1.07867e-01 1.39114e-01 |
   6839 | 8.20063e+01 1.19909e-02 | 1.25331e-02 1.07867e-01 1.39114e-01 |
   6840 | 8.20183e+01 1.19909e-02 | 1.25331e-02 1.07867e-01 1.39114e-01 |
   6841 | 8.20303e+01 1.19909e-02 | 1.25331e-02 1.07867e-01 1.39114e-01 |
   6842 | 8.20423e+01 1.19909e-02 | 1.25331e-02 1.07867e-01 1.39114e-01 |
   6843 | 8.20543e+01 1.19909e-02 | 1.25331e-02 1.07867e-01 1.39114e-01 |
   6844 | 8.20663e+01 1.19909e-02 | 1.25331e-02 1.07867e-01 1.39114e-01 |
   6845 | 8.20783e+01 1.19909e-02 | 1.25331e-02 1.07867e-01 1.39114e-01 |
   6846 | 8.20902e+01 1.19910e-02 | 1.25331e-02 1.07867e-01 1.39114e-01 |
   6847 | 8.21022e+01 1.19910e-02 | 1.25331e-02 1.07867e-01 1.39114e-01 |
   6848 | 8.21142e+01 1.19910e-02 | 1.25331e-02 1.07867e-01 1.39114e-01 |
   6849 | 8.21262e+01 1.19910e-02 | 1.25331e-02 1.07867e-01 1.39114e-01 |
   6850 | 8.21382e+01 1.19910e-02 | 1.25331e-02 1.07867e-01 1.39114e-01 |
   6851 | 8.21502e+01 1.19911e-02 | 1.25331e-02 1.07867e-01 1.39114e-01 |
   6852 | 8.21622e+01 1.19911e-02 | 1.25331e-02 1.07867e-01 1.39114e-01 |
   6853 | 8.21742e+01 1.19911e-02 | 1.25331e-02 1.07867e-01 1.39114e-01 |
   6854 | 8.21862e+01 1.19910e-02 | 1.25331e-02 1.07867e-01 1.39114e-01 |
   6855 | 8.21982e+01 1.19910e-02 | 1.25331e-02 1.07867e-01 1.39114e-01 |
   6856 | 8.22102e+01 1.19910e-02 | 1.25331e-02 1.07867e-01 1.39114e-01 |
   6857 | 8.22221e+01 1.19910e-02 | 1.25331e-02 1.07867e-01 1.39114e-01 |
   6858 | 8.22341e+01 1.19910e-02 | 1.25331e-02 1.07867e-01 1.39114e-01 |
   6859 | 8.22461e+01 1.19909e-02 | 1.25331e-02 1.07867e-01 1.39114e-01 |
   6860 | 8.22581e+01 1.19909e-02 | 1.25331e-02 1.07867e-01 1.39114e-01 |
   6861 | 8.22701e+01 1.19909e-02 | 1.25331e-02 1.07867e-01 1.39114e-01 |
   6862 | 8.22821e+01 1.19909e-02 | 1.25331e-02 1.07867e-01 1.39114e-01 |
   6863 | 8.22941e+01 1.19909e-02 | 1.25331e-02 1.07867e-01 1.39114e-01 |
   6864 | 8.23061e+01 1.19909e-02 | 1.25331e-02 1.07867e-01 1.39114e-01 |
   6865 | 8.23181e+01 1.19909e-02 | 1.25331e-02 1.07867e-01 1.39114e-01 |
   6866 | 8.23301e+01 1.19909e-02 | 1.25331e-02 1.07867e-01 1.39114e-01 |
   6867 | 8.23421e+01 1.19909e-02 | 1.25331e-02 1.07867e-01 1.39114e-01 |
   6868 | 8.23540e+01 1.19909e-02 | 1.25331e-02 1.07867e-01 1.39114e-01 |
   6869 | 8.23660e+01 1.19909e-02 | 1.25331e-02 1.07867e-01 1.39114e-01 |
   6870 | 8.23780e+01 1.19909e-02 | 1.25331e-02 1.07867e-01 1.39114e-01 |
   6871 | 8.23900e+01 1.19909e-02 | 1.25331e-02 1.07867e-01 1.39114e-01 |
   6872 | 8.24020e+01 1.19909e-02 | 1.25331e-02 1.07867e-01 1.39114e-01 |
   6873 | 8.24140e+01 1.19909e-02 | 1.25331e-02 1.07867e-01 1.39114e-01 |
   6874 | 8.24260e+01 1.19909e-02 | 1.25331e-02 1.07867e-01 1.39114e-01 |
   6875 | 8.24380e+01 1.19909e-02 | 1.25331e-02 1.07867e-01 1.39114e-01 |
   6876 | 8.24500e+01 1.19909e-02 | 1.25331e-02 1.07867e-01 1.39114e-01 |
   6877 | 8.24620e+01 1.19909e-02 | 1.25331e-02 1.07867e-01 1.39114e-01 |
   6878 | 8.24740e+01 1.19909e-02 | 1.25331e-02 1.07867e-01 1.39114e-01 |
   6879 | 8.24859e+01 1.19909e-02 | 1.25331e-02 1.07867e-01 1.39114e-01 |
   6880 | 8.24979e+01 1.19909e-02 | 1.25331e-02 1.07867e-01 1.39114e-01 |
   6881 | 8.25099e+01 1.19909e-02 | 1.25331e-02 1.07867e-01 1.39114e-01 |
   6882 | 8.25219e+01 1.19909e-02 | 1.25331e-02 1.07867e-01 1.39114e-01 |
   6883 | 8.25339e+01 1.19910e-02 | 1.25331e-02 1.07867e-01 1.39114e-01 |
   6884 | 8.25459e+01 1.19910e-02 | 1.25331e-02 1.07867e-01 1.39114e-01 |
   6885 | 8.25579e+01 1.19910e-02 | 1.25331e-02 1.07867e-01 1.39114e-01 |
   6886 | 8.25699e+01 1.19910e-02 | 1.25331e-02 1.07867e-01 1.39114e-01 |
   6887 | 8.25819e+01 1.19910e-02 | 1.25331e-02 1.07867e-01 1.39114e-01 |
   6888 | 8.25939e+01 1.19911e-02 | 1.25331e-02 1.07867e-01 1.39114e-01 |
   6889 | 8.26059e+01 1.19911e-02 | 1.25331e-02 1.07867e-01 1.39114e-01 |
   6890 | 8.26178e+01 1.19911e-02 | 1.25331e-02 1.07867e-01 1.39114e-01 |
   6891 | 8.26298e+01 1.19910e-02 | 1.25331e-02 1.07867e-01 1.39114e-01 |
   6892 | 8.26418e+01 1.19910e-02 | 1.25331e-02 1.07867e-01 1.39114e-01 |
   6893 | 8.26538e+01 1.19910e-02 | 1.25331e-02 1.07867e-01 1.39114e-01 |
   6894 | 8.26658e+01 1.19910e-02 | 1.25331e-02 1.07867e-01 1.39114e-01 |
   6895 | 8.26778e+01 1.19910e-02 | 1.25331e-02 1.07867e-01 1.39114e-01 |
   6896 | 8.26898e+01 1.19909e-02 | 1.25331e-02 1.07867e-01 1.39114e-01 |
   6897 | 8.27018e+01 1.19909e-02 | 1.25331e-02 1.07867e-01 1.39114e-01 |
   6898 | 8.27138e+01 1.19909e-02 | 1.25331e-02 1.07867e-01 1.39114e-01 |
   6899 | 8.27258e+01 1.19909e-02 | 1.25331e-02 1.07867e-01 1.39114e-01 |
   6900 | 8.27378e+01 1.19909e-02 | 1.25331e-02 1.07867e-01 1.39114e-01 |
   6901 | 8.27497e+01 1.19909e-02 | 1.25331e-02 1.07867e-01 1.39114e-01 |
   6902 | 8.27617e+01 1.19909e-02 | 1.25331e-02 1.07867e-01 1.39114e-01 |
   6903 | 8.27737e+01 1.19909e-02 | 1.25331e-02 1.07867e-01 1.39114e-01 |
   6904 | 8.27857e+01 1.19909e-02 | 1.25331e-02 1.07867e-01 1.39114e-01 |
   6905 | 8.27977e+01 1.19908e-02 | 1.25331e-02 1.07867e-01 1.39114e-01 |
   6906 | 8.28097e+01 1.19908e-02 | 1.25331e-02 1.07867e-01 1.39114e-01 |
   6907 | 8.28217e+01 1.19908e-02 | 1.25331e-02 1.07867e-01 1.39114e-01 |
   6908 | 8.28337e+01 1.19908e-02 | 1.25331e-02 1.07867e-01 1.39114e-01 |
   6909 | 8.28457e+01 1.19908e-02 | 1.25331e-02 1.07867e-01 1.39114e-01 |
   6910 | 8.28577e+01 1.19908e-02 | 1.25331e-02 1.07867e-01 1.39114e-01 |
   6911 | 8.28697e+01 1.19908e-02 | 1.25331e-02 1.07867e-01 1.39114e-01 |
   6912 | 8.28816e+01 1.19909e-02 | 1.25331e-02 1.07867e-01 1.39114e-01 |
   6913 | 8.28936e+01 1.19909e-02 | 1.25331e-02 1.07867e-01 1.39114e-01 |
   6914 | 8.29056e+01 1.19909e-02 | 1.25331e-02 1.07867e-01 1.39114e-01 |
   6915 | 8.29176e+01 1.19909e-02 | 1.25331e-02 1.07867e-01 1.39114e-01 |
   6916 | 8.29296e+01 1.19909e-02 | 1.25331e-02 1.07867e-01 1.39114e-01 |
   6917 | 8.29416e+01 1.19909e-02 | 1.25331e-02 1.07867e-01 1.39114e-01 |
   6918 | 8.29536e+01 1.19909e-02 | 1.25331e-02 1.07867e-01 1.39114e-01 |
   6919 | 8.29656e+01 1.19909e-02 | 1.25331e-02 1.07867e-01 1.39114e-01 |
   6920 | 8.29776e+01 1.19909e-02 | 1.25331e-02 1.07867e-01 1.39114e-01 |
   6921 | 8.29896e+01 1.19910e-02 | 1.25331e-02 1.07867e-01 1.39114e-01 |
   6922 | 8.30016e+01 1.19910e-02 | 1.25331e-02 1.07867e-01 1.39114e-01 |
   6923 | 8.30135e+01 1.19910e-02 | 1.25331e-02 1.07867e-01 1.39114e-01 |
   6924 | 8.30255e+01 1.19910e-02 | 1.25331e-02 1.07867e-01 1.39114e-01 |
   6925 | 8.30375e+01 1.19910e-02 | 1.25331e-02 1.07867e-01 1.39114e-01 |
   6926 | 8.30495e+01 1.19911e-02 | 1.25331e-02 1.07867e-01 1.39114e-01 |
   6927 | 8.30615e+01 1.19911e-02 | 1.25331e-02 1.07867e-01 1.39114e-01 |
   6928 | 8.30735e+01 1.19911e-02 | 1.25331e-02 1.07867e-01 1.39114e-01 |
   6929 | 8.30855e+01 1.19911e-02 | 1.25331e-02 1.07867e-01 1.39114e-01 |
   6930 | 8.30975e+01 1.19912e-02 | 1.25331e-02 1.07867e-01 1.39114e-01 |
   6931 | 8.31095e+01 1.19912e-02 | 1.25331e-02 1.07867e-01 1.39114e-01 |
   6932 | 8.31215e+01 1.19912e-02 | 1.25331e-02 1.07867e-01 1.39114e-01 |
   6933 | 8.31335e+01 1.19912e-02 | 1.25331e-02 1.07867e-01 1.39114e-01 |
   6934 | 8.31455e+01 1.19912e-02 | 1.25331e-02 1.07867e-01 1.39114e-01 |
   6935 | 8.31574e+01 1.19912e-02 | 1.25331e-02 1.07867e-01 1.39114e-01 |
   6936 | 8.31694e+01 1.19911e-02 | 1.25331e-02 1.07867e-01 1.39114e-01 |
   6937 | 8.31814e+01 1.19911e-02 | 1.25331e-02 1.07867e-01 1.39114e-01 |
   6938 | 8.31934e+01 1.19911e-02 | 1.25331e-02 1.07867e-01 1.39114e-01 |
   6939 | 8.32054e+01 1.19911e-02 | 1.25331e-02 1.07867e-01 1.39114e-01 |
   6940 | 8.32174e+01 1.19911e-02 | 1.25331e-02 1.07867e-01 1.39114e-01 |
   6941 | 8.32294e+01 1.19911e-02 | 1.25331e-02 1.07867e-01 1.39114e-01 |
   6942 | 8.32414e+01 1.19910e-02 | 1.25331e-02 1.07867e-01 1.39114e-01 |
   6943 | 8.32534e+01 1.19910e-02 | 1.25331e-02 1.07867e-01 1.39114e-01 |
   6944 | 8.32654e+01 1.19910e-02 | 1.25331e-02 1.07867e-01 1.39114e-01 |
   6945 | 8.32774e+01 1.19910e-02 | 1.25331e-02 1.07867e-01 1.39114e-01 |
   6946 | 8.32893e+01 1.19910e-02 | 1.25331e-02 1.07867e-01 1.39114e-01 |
   6947 | 8.33013e+01 1.19910e-02 | 1.25331e-02 1.07867e-01 1.39114e-01 |
   6948 | 8.33133e+01 1.19910e-02 | 1.25331e-02 1.07867e-01 1.39114e-01 |
   6949 | 8.33253e+01 1.19910e-02 | 1.25331e-02 1.07867e-01 1.39114e-01 |
   6950 | 8.33373e+01 1.19910e-02 | 1.25331e-02 1.07867e-01 1.39114e-01 |
   6951 | 8.33493e+01 1.19910e-02 | 1.25331e-02 1.07867e-01 1.39114e-01 |
   6952 | 8.33613e+01 1.19910e-02 | 1.25331e-02 1.07867e-01 1.39114e-01 |
   6953 | 8.33733e+01 1.19910e-02 | 1.25331e-02 1.07867e-01 1.39114e-01 |
   6954 | 8.33853e+01 1.19910e-02 | 1.25331e-02 1.07867e-01 1.39114e-01 |
   6955 | 8.33973e+01 1.19910e-02 | 1.25331e-02 1.07867e-01 1.39114e-01 |
   6956 | 8.34093e+01 1.19910e-02 | 1.25331e-02 1.07867e-01 1.39114e-01 |
   6957 | 8.34212e+01 1.19910e-02 | 1.25331e-02 1.07867e-01 1.39114e-01 |
   6958 | 8.34332e+01 1.19910e-02 | 1.25331e-02 1.07867e-01 1.39114e-01 |
   6959 | 8.34452e+01 1.19910e-02 | 1.25331e-02 1.07867e-01 1.39114e-01 |
   6960 | 8.34572e+01 1.19910e-02 | 1.25331e-02 1.07867e-01 1.39114e-01 |
   6961 | 8.34692e+01 1.19910e-02 | 1.25331e-02 1.07867e-01 1.39114e-01 |
   6962 | 8.34812e+01 1.19911e-02 | 1.25331e-02 1.07867e-01 1.39114e-01 |
   6963 | 8.34932e+01 1.19911e-02 | 1.25331e-02 1.07867e-01 1.39114e-01 |
   6964 | 8.35052e+01 1.19911e-02 | 1.25331e-02 1.07867e-01 1.39114e-01 |
   6965 | 8.35172e+01 1.19911e-02 | 1.25331e-02 1.07867e-01 1.39114e-01 |
   6966 | 8.35292e+01 1.19911e-02 | 1.25331e-02 1.07867e-01 1.39114e-01 |
   6967 | 8.35412e+01 1.19911e-02 | 1.25331e-02 1.07867e-01 1.39114e-01 |
   6968 | 8.35531e+01 1.19912e-02 | 1.25331e-02 1.07867e-01 1.39114e-01 |
   6969 | 8.35651e+01 1.19912e-02 | 1.25331e-02 1.07867e-01 1.39114e-01 |
   6970 | 8.35771e+01 1.19912e-02 | 1.25331e-02 1.07867e-01 1.39114e-01 |
   6971 | 8.35891e+01 1.19912e-02 | 1.25331e-02 1.07867e-01 1.39114e-01 |
   6972 | 8.36011e+01 1.19911e-02 | 1.25331e-02 1.07867e-01 1.39114e-01 |
   6973 | 8.36131e+01 1.19911e-02 | 1.25331e-02 1.07867e-01 1.39114e-01 |
   6974 | 8.36251e+01 1.19911e-02 | 1.25331e-02 1.07867e-01 1.39114e-01 |
   6975 | 8.36371e+01 1.19911e-02 | 1.25331e-02 1.07867e-01 1.39114e-01 |
   6976 | 8.36491e+01 1.19911e-02 | 1.25331e-02 1.07867e-01 1.39114e-01 |
   6977 | 8.36611e+01 1.19910e-02 | 1.25331e-02 1.07867e-01 1.39114e-01 |
   6978 | 8.36731e+01 1.19910e-02 | 1.25331e-02 1.07867e-01 1.39114e-01 |
   6979 | 8.36850e+01 1.19910e-02 | 1.25331e-02 1.07867e-01 1.39114e-01 |
   6980 | 8.36970e+01 1.19910e-02 | 1.25331e-02 1.07867e-01 1.39114e-01 |
   6981 | 8.37090e+01 1.19910e-02 | 1.25331e-02 1.07867e-01 1.39114e-01 |
   6982 | 8.37210e+01 1.19910e-02 | 1.25331e-02 1.07867e-01 1.39114e-01 |
   6983 | 8.37330e+01 1.19910e-02 | 1.25331e-02 1.07867e-01 1.39114e-01 |
   6984 | 8.37450e+01 1.19910e-02 | 1.25331e-02 1.07867e-01 1.39114e-01 |
   6985 | 8.37570e+01 1.19910e-02 | 1.25331e-02 1.07867e-01 1.39114e-01 |
   6986 | 8.37690e+01 1.19910e-02 | 1.25331e-02 1.07867e-01 1.39114e-01 |
   6987 | 8.37810e+01 1.19910e-02 | 1.25331e-02 1.07867e-01 1.39114e-01 |
   6988 | 8.37930e+01 1.19910e-02 | 1.25331e-02 1.07867e-01 1.39114e-01 |
   6989 | 8.38050e+01 1.19910e-02 | 1.25331e-02 1.07867e-01 1.39114e-01 |
   6990 | 8.38169e+01 1.19910e-02 | 1.25331e-02 1.07867e-01 1.39114e-01 |
   6991 | 8.38289e+01 1.19910e-02 | 1.25331e-02 1.07867e-01 1.39114e-01 |
   6992 | 8.38409e+01 1.19910e-02 | 1.25331e-02 1.07867e-01 1.39114e-01 |
   6993 | 8.38529e+01 1.19910e-02 | 1.25331e-02 1.07867e-01 1.39114e-01 |
   6994 | 8.38649e+01 1.19910e-02 | 1.25331e-02 1.07867e-01 1.39114e-01 |
   6995 | 8.38769e+01 1.19910e-02 | 1.25331e-02 1.07867e-01 1.39114e-01 |
   6996 | 8.38889e+01 1.19910e-02 | 1.25331e-02 1.07867e-01 1.39114e-01 |
   6997 | 8.39009e+01 1.19910e-02 | 1.25331e-02 1.07867e-01 1.39114e-01 |
   6998 | 8.39129e+01 1.19910e-02 | 1.25331e-02 1.07867e-01 1.39114e-01 |
   6999 | 8.39249e+01 1.19910e-02 | 1.25331e-02 1.07867e-01 1.39114e-01 |
   7000 | 8.39369e+01 1.19910e-02 | 1.25331e-02 1.07867e-01 1.39114e-01 |
   7001 | 8.39488e+01 1.19911e-02 | 1.25331e-02 1.07867e-01 1.39114e-01 |
   7002 | 8.39608e+01 1.19911e-02 | 1.25331e-02 1.07867e-01 1.39114e-01 |
   7003 | 8.39728e+01 1.19911e-02 | 1.25331e-02 1.07867e-01 1.39114e-01 |
   7004 | 8.39848e+01 1.19910e-02 | 1.25331e-02 1.07867e-01 1.39114e-01 |
   7005 | 8.39968e+01 1.19910e-02 | 1.25331e-02 1.07867e-01 1.39114e-01 |
   7006 | 8.40088e+01 1.19910e-02 | 1.25331e-02 1.07867e-01 1.39114e-01 |
   7007 | 8.40208e+01 1.19910e-02 | 1.25331e-02 1.07867e-01 1.39114e-01 |
   7008 | 8.40328e+01 1.19910e-02 | 1.25331e-02 1.07867e-01 1.39114e-01 |
   7009 | 8.40448e+01 1.19910e-02 | 1.25331e-02 1.07867e-01 1.39114e-01 |
   7010 | 8.40568e+01 1.19909e-02 | 1.25331e-02 1.07867e-01 1.39114e-01 |
   7011 | 8.40688e+01 1.19909e-02 | 1.25331e-02 1.07867e-01 1.39114e-01 |
   7012 | 8.40808e+01 1.19909e-02 | 1.25331e-02 1.07867e-01 1.39114e-01 |
   7013 | 8.40927e+01 1.19909e-02 | 1.25331e-02 1.07867e-01 1.39114e-01 |
   7014 | 8.41047e+01 1.19909e-02 | 1.25331e-02 1.07867e-01 1.39114e-01 |
   7015 | 8.41167e+01 1.19909e-02 | 1.25331e-02 1.07867e-01 1.39114e-01 |
   7016 | 8.41287e+01 1.19909e-02 | 1.25331e-02 1.07867e-01 1.39114e-01 |
   7017 | 8.41407e+01 1.19909e-02 | 1.25331e-02 1.07867e-01 1.39114e-01 |
   7018 | 8.41527e+01 1.19909e-02 | 1.25331e-02 1.07867e-01 1.39114e-01 |
   7019 | 8.41647e+01 1.19909e-02 | 1.25331e-02 1.07867e-01 1.39114e-01 |
   7020 | 8.41767e+01 1.19909e-02 | 1.25331e-02 1.07867e-01 1.39114e-01 |
   7021 | 8.41887e+01 1.19909e-02 | 1.25331e-02 1.07867e-01 1.39114e-01 |
   7022 | 8.42007e+01 1.19909e-02 | 1.25331e-02 1.07867e-01 1.39114e-01 |
   7023 | 8.42127e+01 1.19909e-02 | 1.25331e-02 1.07867e-01 1.39114e-01 |
   7024 | 8.42246e+01 1.19909e-02 | 1.25331e-02 1.07867e-01 1.39114e-01 |
   7025 | 8.42366e+01 1.19909e-02 | 1.25331e-02 1.07867e-01 1.39114e-01 |
   7026 | 8.42486e+01 1.19909e-02 | 1.25331e-02 1.07867e-01 1.39114e-01 |
   7027 | 8.42606e+01 1.19909e-02 | 1.25331e-02 1.07867e-01 1.39114e-01 |
   7028 | 8.42726e+01 1.19909e-02 | 1.25331e-02 1.07867e-01 1.39114e-01 |
   7029 | 8.42846e+01 1.19909e-02 | 1.25331e-02 1.07867e-01 1.39114e-01 |
   7030 | 8.42966e+01 1.19909e-02 | 1.25331e-02 1.07867e-01 1.39114e-01 |
   7031 | 8.43086e+01 1.19909e-02 | 1.25331e-02 1.07867e-01 1.39114e-01 |
   7032 | 8.43206e+01 1.19909e-02 | 1.25331e-02 1.07867e-01 1.39114e-01 |
   7033 | 8.43326e+01 1.19910e-02 | 1.25331e-02 1.07867e-01 1.39114e-01 |
   7034 | 8.43446e+01 1.19910e-02 | 1.25331e-02 1.07867e-01 1.39114e-01 |
   7035 | 8.43565e+01 1.19910e-02 | 1.25331e-02 1.07867e-01 1.39114e-01 |
   7036 | 8.43685e+01 1.19910e-02 | 1.25331e-02 1.07867e-01 1.39114e-01 |
   7037 | 8.43805e+01 1.19910e-02 | 1.25331e-02 1.07867e-01 1.39114e-01 |
   7038 | 8.43925e+01 1.19910e-02 | 1.25331e-02 1.07867e-01 1.39114e-01 |
   7039 | 8.44045e+01 1.19910e-02 | 1.25331e-02 1.07867e-01 1.39114e-01 |
   7040 | 8.44165e+01 1.19910e-02 | 1.25331e-02 1.07867e-01 1.39114e-01 |
   7041 | 8.44285e+01 1.19911e-02 | 1.25331e-02 1.07867e-01 1.39114e-01 |
   7042 | 8.44405e+01 1.19911e-02 | 1.25331e-02 1.07867e-01 1.39114e-01 |
   7043 | 8.44525e+01 1.19910e-02 | 1.25331e-02 1.07867e-01 1.39114e-01 |
   7044 | 8.44645e+01 1.19910e-02 | 1.25331e-02 1.07867e-01 1.39114e-01 |
   7045 | 8.44765e+01 1.19910e-02 | 1.25331e-02 1.07867e-01 1.39114e-01 |
   7046 | 8.44884e+01 1.19910e-02 | 1.25331e-02 1.07867e-01 1.39114e-01 |
   7047 | 8.45004e+01 1.19910e-02 | 1.25331e-02 1.07867e-01 1.39114e-01 |
   7048 | 8.45124e+01 1.19910e-02 | 1.25331e-02 1.07867e-01 1.39114e-01 |
   7049 | 8.45244e+01 1.19910e-02 | 1.25331e-02 1.07867e-01 1.39114e-01 |
   7050 | 8.45364e+01 1.19910e-02 | 1.25331e-02 1.07867e-01 1.39114e-01 |
   7051 | 8.45484e+01 1.19910e-02 | 1.25331e-02 1.07867e-01 1.39114e-01 |
   7052 | 8.45604e+01 1.19910e-02 | 1.25331e-02 1.07867e-01 1.39114e-01 |
   7053 | 8.45724e+01 1.19910e-02 | 1.25331e-02 1.07867e-01 1.39114e-01 |
   7054 | 8.45844e+01 1.19910e-02 | 1.25331e-02 1.07867e-01 1.39114e-01 |
   7055 | 8.45964e+01 1.19909e-02 | 1.25331e-02 1.07867e-01 1.39114e-01 |
   7056 | 8.46084e+01 1.19910e-02 | 1.25331e-02 1.07867e-01 1.39114e-01 |
   7057 | 8.46203e+01 1.19910e-02 | 1.25331e-02 1.07867e-01 1.39114e-01 |
   7058 | 8.46323e+01 1.19910e-02 | 1.25331e-02 1.07867e-01 1.39114e-01 |
   7059 | 8.46443e+01 1.19910e-02 | 1.25331e-02 1.07867e-01 1.39114e-01 |
   7060 | 8.46563e+01 1.19910e-02 | 1.25331e-02 1.07867e-01 1.39114e-01 |
   7061 | 8.46683e+01 1.19910e-02 | 1.25331e-02 1.07867e-01 1.39114e-01 |
   7062 | 8.46803e+01 1.19910e-02 | 1.25331e-02 1.07867e-01 1.39114e-01 |
   7063 | 8.46923e+01 1.19910e-02 | 1.25331e-02 1.07867e-01 1.39114e-01 |
   7064 | 8.47043e+01 1.19910e-02 | 1.25331e-02 1.07867e-01 1.39114e-01 |
   7065 | 8.47163e+01 1.19910e-02 | 1.25331e-02 1.07867e-01 1.39114e-01 |
   7066 | 8.47283e+01 1.19910e-02 | 1.25331e-02 1.07867e-01 1.39114e-01 |
   7067 | 8.47403e+01 1.19910e-02 | 1.25331e-02 1.07867e-01 1.39114e-01 |
   7068 | 8.47522e+01 1.19911e-02 | 1.25331e-02 1.07867e-01 1.39114e-01 |
   7069 | 8.47642e+01 1.19911e-02 | 1.25331e-02 1.07867e-01 1.39114e-01 |
   7070 | 8.47762e+01 1.19911e-02 | 1.25331e-02 1.07867e-01 1.39114e-01 |
   7071 | 8.47882e+01 1.19911e-02 | 1.25331e-02 1.07867e-01 1.39114e-01 |
   7072 | 8.48002e+01 1.19911e-02 | 1.25331e-02 1.07867e-01 1.39114e-01 |
   7073 | 8.48122e+01 1.19912e-02 | 1.25331e-02 1.07867e-01 1.39114e-01 |
   7074 | 8.48242e+01 1.19912e-02 | 1.25331e-02 1.07867e-01 1.39114e-01 |
   7075 | 8.48362e+01 1.19912e-02 | 1.25331e-02 1.07867e-01 1.39114e-01 |
   7076 | 8.48482e+01 1.19912e-02 | 1.25331e-02 1.07867e-01 1.39114e-01 |
   7077 | 8.48602e+01 1.19911e-02 | 1.25331e-02 1.07867e-01 1.39114e-01 |
   7078 | 8.48722e+01 1.19911e-02 | 1.25331e-02 1.07867e-01 1.39114e-01 |
   7079 | 8.48841e+01 1.19911e-02 | 1.25331e-02 1.07867e-01 1.39114e-01 |
   7080 | 8.48961e+01 1.19911e-02 | 1.25331e-02 1.07867e-01 1.39114e-01 |
   7081 | 8.49081e+01 1.19911e-02 | 1.25331e-02 1.07867e-01 1.39114e-01 |
   7082 | 8.49201e+01 1.19911e-02 | 1.25331e-02 1.07867e-01 1.39114e-01 |
   7083 | 8.49321e+01 1.19910e-02 | 1.25331e-02 1.07867e-01 1.39114e-01 |
   7084 | 8.49441e+01 1.19910e-02 | 1.25331e-02 1.07867e-01 1.39114e-01 |
   7085 | 8.49561e+01 1.19910e-02 | 1.25331e-02 1.07867e-01 1.39114e-01 |
   7086 | 8.49681e+01 1.19910e-02 | 1.25331e-02 1.07867e-01 1.39114e-01 |
   7087 | 8.49801e+01 1.19910e-02 | 1.25331e-02 1.07867e-01 1.39114e-01 |
   7088 | 8.49921e+01 1.19910e-02 | 1.25331e-02 1.07867e-01 1.39114e-01 |
   7089 | 8.50041e+01 1.19910e-02 | 1.25331e-02 1.07867e-01 1.39114e-01 |
   7090 | 8.50160e+01 1.19910e-02 | 1.25331e-02 1.07867e-01 1.39114e-01 |
   7091 | 8.50280e+01 1.19910e-02 | 1.25331e-02 1.07867e-01 1.39114e-01 |
   7092 | 8.50400e+01 1.19910e-02 | 1.25331e-02 1.07867e-01 1.39114e-01 |
   7093 | 8.50520e+01 1.19910e-02 | 1.25331e-02 1.07867e-01 1.39114e-01 |
   7094 | 8.50640e+01 1.19910e-02 | 1.25331e-02 1.07867e-01 1.39114e-01 |
   7095 | 8.50760e+01 1.19910e-02 | 1.25331e-02 1.07867e-01 1.39114e-01 |
   7096 | 8.50880e+01 1.19910e-02 | 1.25331e-02 1.07867e-01 1.39114e-01 |
   7097 | 8.51000e+01 1.19910e-02 | 1.25331e-02 1.07867e-01 1.39114e-01 |
   7098 | 8.51120e+01 1.19910e-02 | 1.25331e-02 1.07867e-01 1.39114e-01 |
   7099 | 8.51240e+01 1.19910e-02 | 1.25331e-02 1.07867e-01 1.39114e-01 |
   7100 | 8.51360e+01 1.19910e-02 | 1.25331e-02 1.07867e-01 1.39114e-01 |
   7101 | 8.51479e+01 1.19910e-02 | 1.25331e-02 1.07867e-01 1.39114e-01 |
   7102 | 8.51599e+01 1.19910e-02 | 1.25331e-02 1.07867e-01 1.39114e-01 |
   7103 | 8.51719e+01 1.19911e-02 | 1.25331e-02 1.07867e-01 1.39114e-01 |
   7104 | 8.51839e+01 1.19911e-02 | 1.25331e-02 1.07867e-01 1.39114e-01 |
   7105 | 8.51959e+01 1.19911e-02 | 1.25331e-02 1.07867e-01 1.39114e-01 |
   7106 | 8.52079e+01 1.19911e-02 | 1.25331e-02 1.07867e-01 1.39114e-01 |
   7107 | 8.52199e+01 1.19911e-02 | 1.25331e-02 1.07867e-01 1.39114e-01 |
   7108 | 8.52319e+01 1.19911e-02 | 1.25331e-02 1.07867e-01 1.39114e-01 |
   7109 | 8.52439e+01 1.19912e-02 | 1.25331e-02 1.07867e-01 1.39114e-01 |
   7110 | 8.52559e+01 1.19912e-02 | 1.25331e-02 1.07867e-01 1.39114e-01 |
   7111 | 8.52679e+01 1.19912e-02 | 1.25331e-02 1.07867e-01 1.39114e-01 |
   7112 | 8.52799e+01 1.19912e-02 | 1.25331e-02 1.07867e-01 1.39114e-01 |
   7113 | 8.52918e+01 1.19912e-02 | 1.25331e-02 1.07867e-01 1.39114e-01 |
   7114 | 8.53038e+01 1.19911e-02 | 1.25331e-02 1.07867e-01 1.39114e-01 |
   7115 | 8.53158e+01 1.19911e-02 | 1.25331e-02 1.07867e-01 1.39114e-01 |
   7116 | 8.53278e+01 1.19911e-02 | 1.25331e-02 1.07867e-01 1.39114e-01 |
   7117 | 8.53398e+01 1.19911e-02 | 1.25331e-02 1.07867e-01 1.39114e-01 |
   7118 | 8.53518e+01 1.19910e-02 | 1.25331e-02 1.07867e-01 1.39114e-01 |
   7119 | 8.53638e+01 1.19910e-02 | 1.25331e-02 1.07867e-01 1.39114e-01 |
   7120 | 8.53758e+01 1.19910e-02 | 1.25331e-02 1.07867e-01 1.39114e-01 |
   7121 | 8.53878e+01 1.19910e-02 | 1.25331e-02 1.07867e-01 1.39114e-01 |
   7122 | 8.53998e+01 1.19910e-02 | 1.25331e-02 1.07867e-01 1.39114e-01 |
   7123 | 8.54118e+01 1.19909e-02 | 1.25331e-02 1.07867e-01 1.39114e-01 |
   7124 | 8.54237e+01 1.19909e-02 | 1.25331e-02 1.07867e-01 1.39114e-01 |
   7125 | 8.54357e+01 1.19909e-02 | 1.25331e-02 1.07867e-01 1.39114e-01 |
   7126 | 8.54477e+01 1.19909e-02 | 1.25331e-02 1.07867e-01 1.39114e-01 |
   7127 | 8.54597e+01 1.19909e-02 | 1.25331e-02 1.07867e-01 1.39114e-01 |
   7128 | 8.54717e+01 1.19909e-02 | 1.25331e-02 1.07867e-01 1.39114e-01 |
   7129 | 8.54837e+01 1.19909e-02 | 1.25331e-02 1.07867e-01 1.39114e-01 |
   7130 | 8.54957e+01 1.19909e-02 | 1.25331e-02 1.07867e-01 1.39114e-01 |
   7131 | 8.55077e+01 1.19909e-02 | 1.25331e-02 1.07867e-01 1.39114e-01 |
   7132 | 8.55197e+01 1.19908e-02 | 1.25331e-02 1.07867e-01 1.39114e-01 |
   7133 | 8.55317e+01 1.19908e-02 | 1.25331e-02 1.07867e-01 1.39114e-01 |
   7134 | 8.55437e+01 1.19908e-02 | 1.25331e-02 1.07867e-01 1.39114e-01 |
   7135 | 8.55556e+01 1.19908e-02 | 1.25331e-02 1.07867e-01 1.39114e-01 |
   7136 | 8.55676e+01 1.19908e-02 | 1.25331e-02 1.07867e-01 1.39114e-01 |
   7137 | 8.55796e+01 1.19908e-02 | 1.25331e-02 1.07867e-01 1.39114e-01 |
   7138 | 8.55916e+01 1.19908e-02 | 1.25331e-02 1.07867e-01 1.39114e-01 |
   7139 | 8.56036e+01 1.19908e-02 | 1.25331e-02 1.07867e-01 1.39114e-01 |
   7140 | 8.56156e+01 1.19908e-02 | 1.25331e-02 1.07867e-01 1.39114e-01 |
   7141 | 8.56276e+01 1.19909e-02 | 1.25331e-02 1.07867e-01 1.39114e-01 |
   7142 | 8.56396e+01 1.19909e-02 | 1.25331e-02 1.07867e-01 1.39114e-01 |
   7143 | 8.56516e+01 1.19909e-02 | 1.25331e-02 1.07867e-01 1.39114e-01 |
   7144 | 8.56636e+01 1.19909e-02 | 1.25331e-02 1.07867e-01 1.39114e-01 |
   7145 | 8.56756e+01 1.19909e-02 | 1.25331e-02 1.07867e-01 1.39114e-01 |
   7146 | 8.56875e+01 1.19909e-02 | 1.25331e-02 1.07867e-01 1.39114e-01 |
   7147 | 8.56995e+01 1.19909e-02 | 1.25331e-02 1.07867e-01 1.39114e-01 |
   7148 | 8.57115e+01 1.19909e-02 | 1.25331e-02 1.07867e-01 1.39114e-01 |
   7149 | 8.57235e+01 1.19910e-02 | 1.25331e-02 1.07867e-01 1.39114e-01 |
   7150 | 8.57355e+01 1.19910e-02 | 1.25331e-02 1.07867e-01 1.39114e-01 |
   7151 | 8.57475e+01 1.19910e-02 | 1.25331e-02 1.07867e-01 1.39114e-01 |
   7152 | 8.57595e+01 1.19910e-02 | 1.25331e-02 1.07867e-01 1.39114e-01 |
   7153 | 8.57715e+01 1.19910e-02 | 1.25331e-02 1.07867e-01 1.39114e-01 |
   7154 | 8.57835e+01 1.19911e-02 | 1.25331e-02 1.07867e-01 1.39114e-01 |
   7155 | 8.57955e+01 1.19911e-02 | 1.25331e-02 1.07867e-01 1.39114e-01 |
   7156 | 8.58075e+01 1.19910e-02 | 1.25331e-02 1.07867e-01 1.39114e-01 |
   7157 | 8.58194e+01 1.19910e-02 | 1.25331e-02 1.07867e-01 1.39114e-01 |
   7158 | 8.58314e+01 1.19910e-02 | 1.25331e-02 1.07867e-01 1.39114e-01 |
   7159 | 8.58434e+01 1.19910e-02 | 1.25331e-02 1.07867e-01 1.39114e-01 |
   7160 | 8.58554e+01 1.19910e-02 | 1.25331e-02 1.07867e-01 1.39114e-01 |
   7161 | 8.58674e+01 1.19909e-02 | 1.25331e-02 1.07867e-01 1.39114e-01 |
   7162 | 8.58794e+01 1.19909e-02 | 1.25331e-02 1.07867e-01 1.39114e-01 |
   7163 | 8.58914e+01 1.19909e-02 | 1.25331e-02 1.07867e-01 1.39114e-01 |
   7164 | 8.59034e+01 1.19909e-02 | 1.25331e-02 1.07867e-01 1.39114e-01 |
   7165 | 8.59154e+01 1.19909e-02 | 1.25331e-02 1.07867e-01 1.39114e-01 |
   7166 | 8.59274e+01 1.19909e-02 | 1.25331e-02 1.07867e-01 1.39114e-01 |
   7167 | 8.59394e+01 1.19909e-02 | 1.25331e-02 1.07867e-01 1.39114e-01 |
   7168 | 8.59513e+01 1.19909e-02 | 1.25331e-02 1.07867e-01 1.39114e-01 |
   7169 | 8.59633e+01 1.19909e-02 | 1.25331e-02 1.07867e-01 1.39114e-01 |
   7170 | 8.59753e+01 1.19909e-02 | 1.25331e-02 1.07867e-01 1.39114e-01 |
   7171 | 8.59873e+01 1.19909e-02 | 1.25331e-02 1.07867e-01 1.39114e-01 |
   7172 | 8.59993e+01 1.19908e-02 | 1.25331e-02 1.07867e-01 1.39114e-01 |
   7173 | 8.60113e+01 1.19908e-02 | 1.25331e-02 1.07867e-01 1.39114e-01 |
   7174 | 8.60233e+01 1.19908e-02 | 1.25331e-02 1.07867e-01 1.39114e-01 |
   7175 | 8.60353e+01 1.19909e-02 | 1.25331e-02 1.07867e-01 1.39114e-01 |
   7176 | 8.60473e+01 1.19909e-02 | 1.25331e-02 1.07867e-01 1.39114e-01 |
   7177 | 8.60593e+01 1.19909e-02 | 1.25331e-02 1.07867e-01 1.39114e-01 |
   7178 | 8.60713e+01 1.19909e-02 | 1.25331e-02 1.07867e-01 1.39114e-01 |
   7179 | 8.60832e+01 1.19909e-02 | 1.25331e-02 1.07867e-01 1.39114e-01 |
   7180 | 8.60952e+01 1.19909e-02 | 1.25331e-02 1.07867e-01 1.39114e-01 |
   7181 | 8.61072e+01 1.19909e-02 | 1.25331e-02 1.07867e-01 1.39114e-01 |
   7182 | 8.61192e+01 1.19909e-02 | 1.25331e-02 1.07867e-01 1.39114e-01 |
   7183 | 8.61312e+01 1.19909e-02 | 1.25331e-02 1.07867e-01 1.39114e-01 |
   7184 | 8.61432e+01 1.19909e-02 | 1.25331e-02 1.07867e-01 1.39114e-01 |
   7185 | 8.61552e+01 1.19909e-02 | 1.25331e-02 1.07867e-01 1.39114e-01 |
   7186 | 8.61672e+01 1.19910e-02 | 1.25331e-02 1.07867e-01 1.39114e-01 |
   7187 | 8.61792e+01 1.19910e-02 | 1.25331e-02 1.07867e-01 1.39114e-01 |
   7188 | 8.61912e+01 1.19910e-02 | 1.25331e-02 1.07867e-01 1.39114e-01 |
   7189 | 8.62032e+01 1.19910e-02 | 1.25331e-02 1.07867e-01 1.39114e-01 |
   7190 | 8.62151e+01 1.19910e-02 | 1.25331e-02 1.07867e-01 1.39114e-01 |
   7191 | 8.62271e+01 1.19911e-02 | 1.25331e-02 1.07867e-01 1.39114e-01 |
   7192 | 8.62391e+01 1.19911e-02 | 1.25331e-02 1.07867e-01 1.39114e-01 |
   7193 | 8.62511e+01 1.19911e-02 | 1.25331e-02 1.07867e-01 1.39114e-01 |
   7194 | 8.62631e+01 1.19910e-02 | 1.25331e-02 1.07867e-01 1.39114e-01 |
   7195 | 8.62751e+01 1.19910e-02 | 1.25331e-02 1.07867e-01 1.39114e-01 |
   7196 | 8.62871e+01 1.19910e-02 | 1.25331e-02 1.07867e-01 1.39114e-01 |
   7197 | 8.62991e+01 1.19910e-02 | 1.25331e-02 1.07867e-01 1.39114e-01 |
   7198 | 8.63111e+01 1.19910e-02 | 1.25331e-02 1.07867e-01 1.39114e-01 |
   7199 | 8.63231e+01 1.19909e-02 | 1.25331e-02 1.07867e-01 1.39114e-01 |
   7200 | 8.63351e+01 1.19909e-02 | 1.25331e-02 1.07867e-01 1.39114e-01 |
   7201 | 8.63470e+01 1.19909e-02 | 1.25331e-02 1.07867e-01 1.39114e-01 |
   7202 | 8.63590e+01 1.19909e-02 | 1.25331e-02 1.07867e-01 1.39114e-01 |
   7203 | 8.63710e+01 1.19909e-02 | 1.25331e-02 1.07867e-01 1.39114e-01 |
   7204 | 8.63830e+01 1.19909e-02 | 1.25331e-02 1.07867e-01 1.39114e-01 |
   7205 | 8.63950e+01 1.19909e-02 | 1.25331e-02 1.07867e-01 1.39114e-01 |
   7206 | 8.64070e+01 1.19909e-02 | 1.25331e-02 1.07867e-01 1.39114e-01 |
   7207 | 8.64190e+01 1.19909e-02 | 1.25331e-02 1.07867e-01 1.39114e-01 |
   7208 | 8.64310e+01 1.19909e-02 | 1.25331e-02 1.07867e-01 1.39114e-01 |
   7209 | 8.64430e+01 1.19909e-02 | 1.25331e-02 1.07867e-01 1.39114e-01 |
   7210 | 8.64550e+01 1.19909e-02 | 1.25331e-02 1.07867e-01 1.39114e-01 |
   7211 | 8.64670e+01 1.19909e-02 | 1.25331e-02 1.07867e-01 1.39114e-01 |
   7212 | 8.64789e+01 1.19909e-02 | 1.25331e-02 1.07867e-01 1.39114e-01 |
   7213 | 8.64909e+01 1.19909e-02 | 1.25331e-02 1.07867e-01 1.39114e-01 |
   7214 | 8.65029e+01 1.19909e-02 | 1.25331e-02 1.07867e-01 1.39114e-01 |
   7215 | 8.65149e+01 1.19909e-02 | 1.25331e-02 1.07867e-01 1.39114e-01 |
   7216 | 8.65269e+01 1.19909e-02 | 1.25331e-02 1.07867e-01 1.39114e-01 |
   7217 | 8.65389e+01 1.19909e-02 | 1.25331e-02 1.07867e-01 1.39114e-01 |
   7218 | 8.65509e+01 1.19909e-02 | 1.25331e-02 1.07867e-01 1.39114e-01 |
   7219 | 8.65629e+01 1.19909e-02 | 1.25331e-02 1.07867e-01 1.39114e-01 |
   7220 | 8.65749e+01 1.19909e-02 | 1.25331e-02 1.07867e-01 1.39114e-01 |
   7221 | 8.65869e+01 1.19909e-02 | 1.25331e-02 1.07867e-01 1.39114e-01 |
   7222 | 8.65989e+01 1.19909e-02 | 1.25331e-02 1.07867e-01 1.39114e-01 |
   7223 | 8.66108e+01 1.19910e-02 | 1.25331e-02 1.07867e-01 1.39114e-01 |
   7224 | 8.66228e+01 1.19910e-02 | 1.25331e-02 1.07867e-01 1.39114e-01 |
   7225 | 8.66348e+01 1.19910e-02 | 1.25331e-02 1.07867e-01 1.39114e-01 |
   7226 | 8.66468e+01 1.19910e-02 | 1.25331e-02 1.07867e-01 1.39114e-01 |
   7227 | 8.66588e+01 1.19910e-02 | 1.25331e-02 1.07867e-01 1.39114e-01 |
   7228 | 8.66708e+01 1.19911e-02 | 1.25331e-02 1.07867e-01 1.39114e-01 |
   7229 | 8.66828e+01 1.19911e-02 | 1.25331e-02 1.07867e-01 1.39114e-01 |
   7230 | 8.66948e+01 1.19911e-02 | 1.25331e-02 1.07867e-01 1.39114e-01 |
   7231 | 8.67068e+01 1.19911e-02 | 1.25331e-02 1.07867e-01 1.39114e-01 |
   7232 | 8.67188e+01 1.19912e-02 | 1.25331e-02 1.07867e-01 1.39114e-01 |
   7233 | 8.67308e+01 1.19912e-02 | 1.25331e-02 1.07867e-01 1.39114e-01 |
   7234 | 8.67427e+01 1.19911e-02 | 1.25331e-02 1.07867e-01 1.39114e-01 |
   7235 | 8.67547e+01 1.19911e-02 | 1.25331e-02 1.07867e-01 1.39114e-01 |
   7236 | 8.67667e+01 1.19911e-02 | 1.25331e-02 1.07867e-01 1.39114e-01 |
   7237 | 8.67787e+01 1.19911e-02 | 1.25331e-02 1.07867e-01 1.39114e-01 |
   7238 | 8.67907e+01 1.19910e-02 | 1.25331e-02 1.07867e-01 1.39114e-01 |
   7239 | 8.68027e+01 1.19910e-02 | 1.25331e-02 1.07867e-01 1.39114e-01 |
   7240 | 8.68147e+01 1.19910e-02 | 1.25331e-02 1.07867e-01 1.39114e-01 |
   7241 | 8.68267e+01 1.19910e-02 | 1.25331e-02 1.07867e-01 1.39114e-01 |
   7242 | 8.68387e+01 1.19910e-02 | 1.25331e-02 1.07867e-01 1.39114e-01 |
   7243 | 8.68507e+01 1.19910e-02 | 1.25331e-02 1.07867e-01 1.39114e-01 |
   7244 | 8.68627e+01 1.19909e-02 | 1.25331e-02 1.07867e-01 1.39114e-01 |
   7245 | 8.68746e+01 1.19909e-02 | 1.25331e-02 1.07867e-01 1.39114e-01 |
   7246 | 8.68866e+01 1.19909e-02 | 1.25331e-02 1.07867e-01 1.39114e-01 |
   7247 | 8.68986e+01 1.19909e-02 | 1.25331e-02 1.07867e-01 1.39114e-01 |
   7248 | 8.69106e+01 1.19909e-02 | 1.25331e-02 1.07867e-01 1.39114e-01 |
   7249 | 8.69226e+01 1.19909e-02 | 1.25331e-02 1.07867e-01 1.39114e-01 |
   7250 | 8.69346e+01 1.19909e-02 | 1.25331e-02 1.07867e-01 1.39114e-01 |
   7251 | 8.69466e+01 1.19909e-02 | 1.25331e-02 1.07867e-01 1.39114e-01 |
   7252 | 8.69586e+01 1.19909e-02 | 1.25331e-02 1.07867e-01 1.39114e-01 |
   7253 | 8.69706e+01 1.19909e-02 | 1.25331e-02 1.07867e-01 1.39114e-01 |
   7254 | 8.69826e+01 1.19909e-02 | 1.25331e-02 1.07867e-01 1.39114e-01 |
   7255 | 8.69946e+01 1.19909e-02 | 1.25331e-02 1.07867e-01 1.39114e-01 |
   7256 | 8.70065e+01 1.19909e-02 | 1.25331e-02 1.07867e-01 1.39114e-01 |
   7257 | 8.70185e+01 1.19909e-02 | 1.25331e-02 1.07867e-01 1.39114e-01 |
   7258 | 8.70305e+01 1.19909e-02 | 1.25331e-02 1.07867e-01 1.39114e-01 |
   7259 | 8.70425e+01 1.19909e-02 | 1.25331e-02 1.07867e-01 1.39114e-01 |
   7260 | 8.70545e+01 1.19909e-02 | 1.25331e-02 1.07867e-01 1.39114e-01 |
   7261 | 8.70665e+01 1.19909e-02 | 1.25331e-02 1.07867e-01 1.39114e-01 |
   7262 | 8.70785e+01 1.19909e-02 | 1.25331e-02 1.07867e-01 1.39114e-01 |
   7263 | 8.70905e+01 1.19909e-02 | 1.25331e-02 1.07867e-01 1.39114e-01 |
   7264 | 8.71025e+01 1.19909e-02 | 1.25331e-02 1.07867e-01 1.39114e-01 |
   7265 | 8.71145e+01 1.19910e-02 | 1.25331e-02 1.07867e-01 1.39114e-01 |
   7266 | 8.71265e+01 1.19910e-02 | 1.25331e-02 1.07867e-01 1.39114e-01 |
   7267 | 8.71384e+01 1.19910e-02 | 1.25331e-02 1.07867e-01 1.39114e-01 |
   7268 | 8.71504e+01 1.19910e-02 | 1.25331e-02 1.07867e-01 1.39114e-01 |
   7269 | 8.71624e+01 1.19910e-02 | 1.25331e-02 1.07867e-01 1.39114e-01 |
   7270 | 8.71744e+01 1.19911e-02 | 1.25331e-02 1.07867e-01 1.39114e-01 |
   7271 | 8.71864e+01 1.19911e-02 | 1.25331e-02 1.07867e-01 1.39114e-01 |
   7272 | 8.71984e+01 1.19911e-02 | 1.25331e-02 1.07867e-01 1.39114e-01 |
   7273 | 8.72104e+01 1.19911e-02 | 1.25331e-02 1.07867e-01 1.39114e-01 |
   7274 | 8.72224e+01 1.19911e-02 | 1.25331e-02 1.07867e-01 1.39114e-01 |
   7275 | 8.72344e+01 1.19910e-02 | 1.25331e-02 1.07867e-01 1.39114e-01 |
   7276 | 8.72464e+01 1.19910e-02 | 1.25331e-02 1.07867e-01 1.39114e-01 |
   7277 | 8.72584e+01 1.19910e-02 | 1.25331e-02 1.07867e-01 1.39114e-01 |
   7278 | 8.72703e+01 1.19910e-02 | 1.25331e-02 1.07867e-01 1.39114e-01 |
   7279 | 8.72823e+01 1.19910e-02 | 1.25331e-02 1.07867e-01 1.39114e-01 |
   7280 | 8.72943e+01 1.19910e-02 | 1.25331e-02 1.07867e-01 1.39114e-01 |
   7281 | 8.73063e+01 1.19909e-02 | 1.25331e-02 1.07867e-01 1.39114e-01 |
   7282 | 8.73183e+01 1.19909e-02 | 1.25331e-02 1.07867e-01 1.39114e-01 |
   7283 | 8.73303e+01 1.19909e-02 | 1.25331e-02 1.07867e-01 1.39114e-01 |
   7284 | 8.73423e+01 1.19909e-02 | 1.25331e-02 1.07867e-01 1.39114e-01 |
   7285 | 8.73543e+01 1.19909e-02 | 1.25331e-02 1.07867e-01 1.39114e-01 |
   7286 | 8.73663e+01 1.19909e-02 | 1.25331e-02 1.07867e-01 1.39114e-01 |
   7287 | 8.73783e+01 1.19909e-02 | 1.25331e-02 1.07867e-01 1.39114e-01 |
   7288 | 8.73903e+01 1.19909e-02 | 1.25331e-02 1.07867e-01 1.39114e-01 |
   7289 | 8.74022e+01 1.19909e-02 | 1.25331e-02 1.07867e-01 1.39114e-01 |
   7290 | 8.74142e+01 1.19909e-02 | 1.25331e-02 1.07867e-01 1.39114e-01 |
   7291 | 8.74262e+01 1.19909e-02 | 1.25331e-02 1.07867e-01 1.39114e-01 |
   7292 | 8.74382e+01 1.19909e-02 | 1.25331e-02 1.07867e-01 1.39114e-01 |
   7293 | 8.74502e+01 1.19909e-02 | 1.25331e-02 1.07867e-01 1.39114e-01 |
   7294 | 8.74622e+01 1.19909e-02 | 1.25331e-02 1.07867e-01 1.39114e-01 |
   7295 | 8.74742e+01 1.19909e-02 | 1.25331e-02 1.07867e-01 1.39114e-01 |
   7296 | 8.74862e+01 1.19909e-02 | 1.25331e-02 1.07867e-01 1.39114e-01 |
   7297 | 8.74982e+01 1.19909e-02 | 1.25331e-02 1.07867e-01 1.39114e-01 |
   7298 | 8.75102e+01 1.19909e-02 | 1.25331e-02 1.07867e-01 1.39114e-01 |
   7299 | 8.75222e+01 1.19909e-02 | 1.25331e-02 1.07867e-01 1.39114e-01 |
   7300 | 8.75341e+01 1.19909e-02 | 1.25331e-02 1.07867e-01 1.39114e-01 |
   7301 | 8.75461e+01 1.19909e-02 | 1.25331e-02 1.07867e-01 1.39114e-01 |
   7302 | 8.75581e+01 1.19909e-02 | 1.25331e-02 1.07867e-01 1.39114e-01 |
   7303 | 8.75701e+01 1.19910e-02 | 1.25331e-02 1.07867e-01 1.39114e-01 |
   7304 | 8.75821e+01 1.19910e-02 | 1.25331e-02 1.07867e-01 1.39114e-01 |
   7305 | 8.75941e+01 1.19910e-02 | 1.25331e-02 1.07867e-01 1.39114e-01 |
   7306 | 8.76061e+01 1.19910e-02 | 1.25331e-02 1.07867e-01 1.39114e-01 |
   7307 | 8.76181e+01 1.19910e-02 | 1.25331e-02 1.07867e-01 1.39114e-01 |
   7308 | 8.76301e+01 1.19911e-02 | 1.25331e-02 1.07867e-01 1.39114e-01 |
   7309 | 8.76421e+01 1.19911e-02 | 1.25331e-02 1.07867e-01 1.39114e-01 |
   7310 | 8.76541e+01 1.19911e-02 | 1.25331e-02 1.07867e-01 1.39114e-01 |
   7311 | 8.76661e+01 1.19911e-02 | 1.25331e-02 1.07867e-01 1.39114e-01 |
   7312 | 8.76780e+01 1.19910e-02 | 1.25331e-02 1.07867e-01 1.39114e-01 |
   7313 | 8.76900e+01 1.19910e-02 | 1.25331e-02 1.07867e-01 1.39114e-01 |
   7314 | 8.77020e+01 1.19910e-02 | 1.25331e-02 1.07867e-01 1.39114e-01 |
   7315 | 8.77140e+01 1.19910e-02 | 1.25331e-02 1.07867e-01 1.39114e-01 |
   7316 | 8.77260e+01 1.19910e-02 | 1.25331e-02 1.07867e-01 1.39114e-01 |
   7317 | 8.77380e+01 1.19909e-02 | 1.25331e-02 1.07867e-01 1.39114e-01 |
   7318 | 8.77500e+01 1.19909e-02 | 1.25331e-02 1.07867e-01 1.39114e-01 |
   7319 | 8.77620e+01 1.19909e-02 | 1.25331e-02 1.07867e-01 1.39114e-01 |
   7320 | 8.77740e+01 1.19909e-02 | 1.25331e-02 1.07867e-01 1.39114e-01 |
   7321 | 8.77860e+01 1.19909e-02 | 1.25331e-02 1.07867e-01 1.39114e-01 |
   7322 | 8.77980e+01 1.19909e-02 | 1.25331e-02 1.07867e-01 1.39114e-01 |
   7323 | 8.78099e+01 1.19909e-02 | 1.25331e-02 1.07867e-01 1.39114e-01 |
   7324 | 8.78219e+01 1.19909e-02 | 1.25331e-02 1.07867e-01 1.39114e-01 |
   7325 | 8.78339e+01 1.19909e-02 | 1.25331e-02 1.07867e-01 1.39114e-01 |
   7326 | 8.78459e+01 1.19909e-02 | 1.25331e-02 1.07867e-01 1.39114e-01 |
   7327 | 8.78579e+01 1.19909e-02 | 1.25331e-02 1.07867e-01 1.39114e-01 |
   7328 | 8.78699e+01 1.19909e-02 | 1.25331e-02 1.07867e-01 1.39114e-01 |
   7329 | 8.78819e+01 1.19908e-02 | 1.25331e-02 1.07867e-01 1.39114e-01 |
   7330 | 8.78939e+01 1.19909e-02 | 1.25331e-02 1.07867e-01 1.39114e-01 |
   7331 | 8.79059e+01 1.19909e-02 | 1.25331e-02 1.07867e-01 1.39114e-01 |
   7332 | 8.79179e+01 1.19909e-02 | 1.25331e-02 1.07867e-01 1.39114e-01 |
   7333 | 8.79299e+01 1.19909e-02 | 1.25331e-02 1.07867e-01 1.39114e-01 |
   7334 | 8.79418e+01 1.19909e-02 | 1.25331e-02 1.07867e-01 1.39114e-01 |
   7335 | 8.79538e+01 1.19909e-02 | 1.25331e-02 1.07867e-01 1.39114e-01 |
   7336 | 8.79658e+01 1.19909e-02 | 1.25331e-02 1.07867e-01 1.39114e-01 |
   7337 | 8.79778e+01 1.19909e-02 | 1.25331e-02 1.07867e-01 1.39114e-01 |
   7338 | 8.79898e+01 1.19909e-02 | 1.25331e-02 1.07867e-01 1.39114e-01 |
   7339 | 8.80018e+01 1.19909e-02 | 1.25331e-02 1.07867e-01 1.39114e-01 |
   7340 | 8.80138e+01 1.19909e-02 | 1.25331e-02 1.07867e-01 1.39114e-01 |
   7341 | 8.80258e+01 1.19910e-02 | 1.25331e-02 1.07867e-01 1.39114e-01 |
   7342 | 8.80378e+01 1.19910e-02 | 1.25331e-02 1.07867e-01 1.39114e-01 |
   7343 | 8.80498e+01 1.19910e-02 | 1.25331e-02 1.07867e-01 1.39114e-01 |
   7344 | 8.80618e+01 1.19910e-02 | 1.25331e-02 1.07867e-01 1.39114e-01 |
   7345 | 8.80737e+01 1.19910e-02 | 1.25331e-02 1.07867e-01 1.39114e-01 |
   7346 | 8.80857e+01 1.19911e-02 | 1.25331e-02 1.07867e-01 1.39114e-01 |
   7347 | 8.80977e+01 1.19911e-02 | 1.25331e-02 1.07867e-01 1.39114e-01 |
   7348 | 8.81097e+01 1.19911e-02 | 1.25331e-02 1.07867e-01 1.39114e-01 |
   7349 | 8.81217e+01 1.19911e-02 | 1.25331e-02 1.07867e-01 1.39114e-01 |
   7350 | 8.81337e+01 1.19911e-02 | 1.25331e-02 1.07867e-01 1.39114e-01 |
   7351 | 8.81457e+01 1.19911e-02 | 1.25331e-02 1.07867e-01 1.39114e-01 |
   7352 | 8.81577e+01 1.19911e-02 | 1.25331e-02 1.07867e-01 1.39114e-01 |
   7353 | 8.81697e+01 1.19911e-02 | 1.25331e-02 1.07867e-01 1.39114e-01 |
   7354 | 8.81817e+01 1.19911e-02 | 1.25331e-02 1.07867e-01 1.39114e-01 |
   7355 | 8.81937e+01 1.19911e-02 | 1.25331e-02 1.07867e-01 1.39114e-01 |
   7356 | 8.82056e+01 1.19911e-02 | 1.25331e-02 1.07867e-01 1.39114e-01 |
   7357 | 8.82176e+01 1.19911e-02 | 1.25331e-02 1.07867e-01 1.39114e-01 |
   7358 | 8.82296e+01 1.19911e-02 | 1.25331e-02 1.07867e-01 1.39114e-01 |
   7359 | 8.82416e+01 1.19911e-02 | 1.25331e-02 1.07867e-01 1.39114e-01 |
   7360 | 8.82536e+01 1.19911e-02 | 1.25331e-02 1.07867e-01 1.39114e-01 |
   7361 | 8.82656e+01 1.19911e-02 | 1.25331e-02 1.07867e-01 1.39114e-01 |
   7362 | 8.82776e+01 1.19911e-02 | 1.25331e-02 1.07867e-01 1.39114e-01 |
   7363 | 8.82896e+01 1.19911e-02 | 1.25331e-02 1.07867e-01 1.39114e-01 |
   7364 | 8.83016e+01 1.19911e-02 | 1.25331e-02 1.07867e-01 1.39114e-01 |
   7365 | 8.83136e+01 1.19911e-02 | 1.25331e-02 1.07867e-01 1.39114e-01 |
   7366 | 8.83256e+01 1.19911e-02 | 1.25331e-02 1.07867e-01 1.39114e-01 |
   7367 | 8.83375e+01 1.19911e-02 | 1.25331e-02 1.07867e-01 1.39114e-01 |
   7368 | 8.83495e+01 1.19911e-02 | 1.25331e-02 1.07867e-01 1.39114e-01 |
   7369 | 8.83615e+01 1.19910e-02 | 1.25331e-02 1.07867e-01 1.39114e-01 |
   7370 | 8.83735e+01 1.19910e-02 | 1.25331e-02 1.07867e-01 1.39114e-01 |
   7371 | 8.83855e+01 1.19910e-02 | 1.25331e-02 1.07867e-01 1.39114e-01 |
   7372 | 8.83975e+01 1.19910e-02 | 1.25331e-02 1.07867e-01 1.39114e-01 |
   7373 | 8.84095e+01 1.19910e-02 | 1.25331e-02 1.07867e-01 1.39114e-01 |
   7374 | 8.84215e+01 1.19910e-02 | 1.25331e-02 1.07867e-01 1.39114e-01 |
   7375 | 8.84335e+01 1.19910e-02 | 1.25331e-02 1.07867e-01 1.39114e-01 |
   7376 | 8.84455e+01 1.19911e-02 | 1.25331e-02 1.07867e-01 1.39114e-01 |
   7377 | 8.84575e+01 1.19911e-02 | 1.25331e-02 1.07867e-01 1.39114e-01 |
   7378 | 8.84694e+01 1.19911e-02 | 1.25331e-02 1.07867e-01 1.39114e-01 |
   7379 | 8.84814e+01 1.19911e-02 | 1.25331e-02 1.07867e-01 1.39114e-01 |
   7380 | 8.84934e+01 1.19911e-02 | 1.25331e-02 1.07867e-01 1.39114e-01 |
   7381 | 8.85054e+01 1.19911e-02 | 1.25331e-02 1.07867e-01 1.39114e-01 |
   7382 | 8.85174e+01 1.19911e-02 | 1.25331e-02 1.07867e-01 1.39114e-01 |
   7383 | 8.85294e+01 1.19911e-02 | 1.25331e-02 1.07867e-01 1.39114e-01 |
   7384 | 8.85414e+01 1.19911e-02 | 1.25331e-02 1.07867e-01 1.39114e-01 |
   7385 | 8.85534e+01 1.19912e-02 | 1.25331e-02 1.07867e-01 1.39114e-01 |
   7386 | 8.85654e+01 1.19912e-02 | 1.25331e-02 1.07867e-01 1.39114e-01 |
   7387 | 8.85774e+01 1.19912e-02 | 1.25331e-02 1.07867e-01 1.39114e-01 |
   7388 | 8.85894e+01 1.19912e-02 | 1.25331e-02 1.07867e-01 1.39114e-01 |
   7389 | 8.86013e+01 1.19912e-02 | 1.25331e-02 1.07867e-01 1.39114e-01 |
   7390 | 8.86133e+01 1.19912e-02 | 1.25331e-02 1.07867e-01 1.39114e-01 |
   7391 | 8.86253e+01 1.19912e-02 | 1.25331e-02 1.07867e-01 1.39114e-01 |
   7392 | 8.86373e+01 1.19912e-02 | 1.25331e-02 1.07867e-01 1.39114e-01 |
   7393 | 8.86493e+01 1.19912e-02 | 1.25331e-02 1.07867e-01 1.39114e-01 |
   7394 | 8.86613e+01 1.19912e-02 | 1.25331e-02 1.07867e-01 1.39114e-01 |
   7395 | 8.86733e+01 1.19911e-02 | 1.25331e-02 1.07867e-01 1.39114e-01 |
   7396 | 8.86853e+01 1.19911e-02 | 1.25331e-02 1.07867e-01 1.39114e-01 |
   7397 | 8.86973e+01 1.19911e-02 | 1.25331e-02 1.07867e-01 1.39114e-01 |
   7398 | 8.87093e+01 1.19911e-02 | 1.25331e-02 1.07867e-01 1.39114e-01 |
   7399 | 8.87213e+01 1.19911e-02 | 1.25331e-02 1.07867e-01 1.39114e-01 |
   7400 | 8.87333e+01 1.19911e-02 | 1.25331e-02 1.07867e-01 1.39114e-01 |
   7401 | 8.87452e+01 1.19911e-02 | 1.25331e-02 1.07867e-01 1.39114e-01 |
   7402 | 8.87572e+01 1.19910e-02 | 1.25331e-02 1.07867e-01 1.39114e-01 |
   7403 | 8.87692e+01 1.19910e-02 | 1.25331e-02 1.07867e-01 1.39114e-01 |
   7404 | 8.87812e+01 1.19910e-02 | 1.25331e-02 1.07867e-01 1.39114e-01 |
   7405 | 8.87932e+01 1.19910e-02 | 1.25331e-02 1.07867e-01 1.39114e-01 |
   7406 | 8.88052e+01 1.19910e-02 | 1.25331e-02 1.07867e-01 1.39114e-01 |
   7407 | 8.88172e+01 1.19910e-02 | 1.25331e-02 1.07867e-01 1.39114e-01 |
   7408 | 8.88292e+01 1.19910e-02 | 1.25331e-02 1.07867e-01 1.39114e-01 |
   7409 | 8.88412e+01 1.19910e-02 | 1.25331e-02 1.07867e-01 1.39114e-01 |
   7410 | 8.88532e+01 1.19910e-02 | 1.25331e-02 1.07867e-01 1.39114e-01 |
   7411 | 8.88652e+01 1.19910e-02 | 1.25331e-02 1.07867e-01 1.39114e-01 |
   7412 | 8.88771e+01 1.19910e-02 | 1.25331e-02 1.07867e-01 1.39114e-01 |
   7413 | 8.88891e+01 1.19910e-02 | 1.25331e-02 1.07867e-01 1.39114e-01 |
   7414 | 8.89011e+01 1.19910e-02 | 1.25331e-02 1.07867e-01 1.39114e-01 |
   7415 | 8.89131e+01 1.19910e-02 | 1.25331e-02 1.07867e-01 1.39114e-01 |
   7416 | 8.89251e+01 1.19910e-02 | 1.25331e-02 1.07867e-01 1.39114e-01 |
   7417 | 8.89371e+01 1.19910e-02 | 1.25331e-02 1.07867e-01 1.39114e-01 |
   7418 | 8.89491e+01 1.19911e-02 | 1.25331e-02 1.07867e-01 1.39114e-01 |
   7419 | 8.89611e+01 1.19911e-02 | 1.25331e-02 1.07867e-01 1.39114e-01 |
   7420 | 8.89731e+01 1.19911e-02 | 1.25331e-02 1.07867e-01 1.39114e-01 |
   7421 | 8.89851e+01 1.19911e-02 | 1.25331e-02 1.07867e-01 1.39114e-01 |
   7422 | 8.89971e+01 1.19911e-02 | 1.25331e-02 1.07867e-01 1.39114e-01 |
   7423 | 8.90090e+01 1.19910e-02 | 1.25331e-02 1.07867e-01 1.39114e-01 |
   7424 | 8.90210e+01 1.19910e-02 | 1.25331e-02 1.07867e-01 1.39114e-01 |
   7425 | 8.90330e+01 1.19910e-02 | 1.25331e-02 1.07867e-01 1.39114e-01 |
   7426 | 8.90450e+01 1.19910e-02 | 1.25331e-02 1.07867e-01 1.39114e-01 |
   7427 | 8.90570e+01 1.19910e-02 | 1.25331e-02 1.07867e-01 1.39114e-01 |
   7428 | 8.90690e+01 1.19909e-02 | 1.25331e-02 1.07867e-01 1.39114e-01 |
   7429 | 8.90810e+01 1.19909e-02 | 1.25331e-02 1.07867e-01 1.39114e-01 |
   7430 | 8.90930e+01 1.19909e-02 | 1.25331e-02 1.07867e-01 1.39114e-01 |
   7431 | 8.91050e+01 1.19909e-02 | 1.25331e-02 1.07867e-01 1.39114e-01 |
   7432 | 8.91170e+01 1.19909e-02 | 1.25331e-02 1.07867e-01 1.39114e-01 |
   7433 | 8.91290e+01 1.19909e-02 | 1.25331e-02 1.07867e-01 1.39114e-01 |
   7434 | 8.91409e+01 1.19909e-02 | 1.25331e-02 1.07867e-01 1.39114e-01 |
   7435 | 8.91529e+01 1.19909e-02 | 1.25331e-02 1.07867e-01 1.39114e-01 |
   7436 | 8.91649e+01 1.19909e-02 | 1.25331e-02 1.07867e-01 1.39114e-01 |
   7437 | 8.91769e+01 1.19909e-02 | 1.25331e-02 1.07867e-01 1.39114e-01 |
   7438 | 8.91889e+01 1.19909e-02 | 1.25331e-02 1.07867e-01 1.39114e-01 |
   7439 | 8.92009e+01 1.19909e-02 | 1.25331e-02 1.07867e-01 1.39114e-01 |
   7440 | 8.92129e+01 1.19909e-02 | 1.25331e-02 1.07867e-01 1.39114e-01 |
   7441 | 8.92249e+01 1.19909e-02 | 1.25331e-02 1.07867e-01 1.39114e-01 |
   7442 | 8.92369e+01 1.19909e-02 | 1.25331e-02 1.07867e-01 1.39114e-01 |
   7443 | 8.92489e+01 1.19909e-02 | 1.25331e-02 1.07867e-01 1.39114e-01 |
   7444 | 8.92609e+01 1.19909e-02 | 1.25331e-02 1.07867e-01 1.39114e-01 |
   7445 | 8.92728e+01 1.19909e-02 | 1.25331e-02 1.07867e-01 1.39114e-01 |
   7446 | 8.92848e+01 1.19909e-02 | 1.25331e-02 1.07867e-01 1.39114e-01 |
   7447 | 8.92968e+01 1.19909e-02 | 1.25331e-02 1.07867e-01 1.39114e-01 |
   7448 | 8.93088e+01 1.19909e-02 | 1.25331e-02 1.07867e-01 1.39114e-01 |
   7449 | 8.93208e+01 1.19910e-02 | 1.25331e-02 1.07867e-01 1.39114e-01 |
   7450 | 8.93328e+01 1.19910e-02 | 1.25331e-02 1.07867e-01 1.39114e-01 |
   7451 | 8.93448e+01 1.19910e-02 | 1.25331e-02 1.07867e-01 1.39114e-01 |
   7452 | 8.93568e+01 1.19910e-02 | 1.25331e-02 1.07867e-01 1.39114e-01 |
   7453 | 8.93688e+01 1.19910e-02 | 1.25331e-02 1.07867e-01 1.39114e-01 |
   7454 | 8.93808e+01 1.19910e-02 | 1.25331e-02 1.07867e-01 1.39114e-01 |
   7455 | 8.93928e+01 1.19910e-02 | 1.25331e-02 1.07867e-01 1.39114e-01 |
   7456 | 8.94047e+01 1.19910e-02 | 1.25331e-02 1.07867e-01 1.39114e-01 |
   7457 | 8.94167e+01 1.19910e-02 | 1.25331e-02 1.07867e-01 1.39114e-01 |
   7458 | 8.94287e+01 1.19910e-02 | 1.25331e-02 1.07867e-01 1.39114e-01 |
   7459 | 8.94407e+01 1.19911e-02 | 1.25331e-02 1.07867e-01 1.39114e-01 |
   7460 | 8.94527e+01 1.19911e-02 | 1.25331e-02 1.07867e-01 1.39114e-01 |
   7461 | 8.94647e+01 1.19911e-02 | 1.25331e-02 1.07867e-01 1.39114e-01 |
   7462 | 8.94767e+01 1.19910e-02 | 1.25331e-02 1.07867e-01 1.39114e-01 |
   7463 | 8.94887e+01 1.19910e-02 | 1.25331e-02 1.07867e-01 1.39114e-01 |
   7464 | 8.95007e+01 1.19910e-02 | 1.25331e-02 1.07867e-01 1.39114e-01 |
   7465 | 8.95127e+01 1.19910e-02 | 1.25331e-02 1.07867e-01 1.39114e-01 |
   7466 | 8.95247e+01 1.19910e-02 | 1.25331e-02 1.07867e-01 1.39114e-01 |
   7467 | 8.95366e+01 1.19910e-02 | 1.25331e-02 1.07867e-01 1.39114e-01 |
   7468 | 8.95486e+01 1.19910e-02 | 1.25331e-02 1.07867e-01 1.39114e-01 |
   7469 | 8.95606e+01 1.19909e-02 | 1.25331e-02 1.07867e-01 1.39114e-01 |
   7470 | 8.95726e+01 1.19909e-02 | 1.25331e-02 1.07867e-01 1.39114e-01 |
   7471 | 8.95846e+01 1.19909e-02 | 1.25331e-02 1.07867e-01 1.39114e-01 |
   7472 | 8.95966e+01 1.19909e-02 | 1.25331e-02 1.07867e-01 1.39114e-01 |
   7473 | 8.96086e+01 1.19909e-02 | 1.25331e-02 1.07867e-01 1.39114e-01 |
   7474 | 8.96206e+01 1.19909e-02 | 1.25331e-02 1.07867e-01 1.39114e-01 |
   7475 | 8.96326e+01 1.19909e-02 | 1.25331e-02 1.07867e-01 1.39114e-01 |
   7476 | 8.96446e+01 1.19909e-02 | 1.25331e-02 1.07867e-01 1.39114e-01 |
   7477 | 8.96566e+01 1.19909e-02 | 1.25331e-02 1.07867e-01 1.39114e-01 |
   7478 | 8.96685e+01 1.19909e-02 | 1.25331e-02 1.07867e-01 1.39114e-01 |
   7479 | 8.96805e+01 1.19909e-02 | 1.25331e-02 1.07867e-01 1.39114e-01 |
   7480 | 8.96925e+01 1.19909e-02 | 1.25331e-02 1.07867e-01 1.39114e-01 |
   7481 | 8.97045e+01 1.19909e-02 | 1.25331e-02 1.07867e-01 1.39114e-01 |
   7482 | 8.97165e+01 1.19909e-02 | 1.25331e-02 1.07867e-01 1.39114e-01 |
   7483 | 8.97285e+01 1.19909e-02 | 1.25331e-02 1.07867e-01 1.39114e-01 |
   7484 | 8.97405e+01 1.19910e-02 | 1.25331e-02 1.07867e-01 1.39114e-01 |
   7485 | 8.97525e+01 1.19910e-02 | 1.25331e-02 1.07867e-01 1.39114e-01 |
   7486 | 8.97645e+01 1.19910e-02 | 1.25331e-02 1.07867e-01 1.39114e-01 |
   7487 | 8.97765e+01 1.19910e-02 | 1.25331e-02 1.07867e-01 1.39114e-01 |
   7488 | 8.97885e+01 1.19910e-02 | 1.25331e-02 1.07867e-01 1.39114e-01 |
   7489 | 8.98004e+01 1.19910e-02 | 1.25331e-02 1.07867e-01 1.39114e-01 |
   7490 | 8.98124e+01 1.19910e-02 | 1.25331e-02 1.07867e-01 1.39114e-01 |
   7491 | 8.98244e+01 1.19911e-02 | 1.25331e-02 1.07867e-01 1.39114e-01 |
   7492 | 8.98364e+01 1.19911e-02 | 1.25331e-02 1.07867e-01 1.39114e-01 |
   7493 | 8.98484e+01 1.19911e-02 | 1.25331e-02 1.07867e-01 1.39114e-01 |
   7494 | 8.98604e+01 1.19911e-02 | 1.25331e-02 1.07867e-01 1.39114e-01 |
   7495 | 8.98724e+01 1.19912e-02 | 1.25331e-02 1.07867e-01 1.39114e-01 |
   7496 | 8.98844e+01 1.19911e-02 | 1.25331e-02 1.07867e-01 1.39114e-01 |
   7497 | 8.98964e+01 1.19911e-02 | 1.25331e-02 1.07867e-01 1.39114e-01 |
   7498 | 8.99084e+01 1.19911e-02 | 1.25331e-02 1.07867e-01 1.39114e-01 |
   7499 | 8.99204e+01 1.19911e-02 | 1.25331e-02 1.07867e-01 1.39114e-01 |
   7500 | 8.99324e+01 1.19911e-02 | 1.25331e-02 1.07867e-01 1.39114e-01 |
   7501 | 8.99443e+01 1.19910e-02 | 1.25331e-02 1.07867e-01 1.39114e-01 |
   7502 | 8.99563e+01 1.19910e-02 | 1.25331e-02 1.07867e-01 1.39114e-01 |
   7503 | 8.99683e+01 1.19910e-02 | 1.25331e-02 1.07867e-01 1.39114e-01 |
   7504 | 8.99803e+01 1.19910e-02 | 1.25331e-02 1.07867e-01 1.39114e-01 |
   7505 | 8.99923e+01 1.19910e-02 | 1.25331e-02 1.07867e-01 1.39114e-01 |
   7506 | 9.00043e+01 1.19910e-02 | 1.25331e-02 1.07867e-01 1.39114e-01 |
   7507 | 9.00163e+01 1.19910e-02 | 1.25331e-02 1.07867e-01 1.39114e-01 |
   7508 | 9.00283e+01 1.19910e-02 | 1.25331e-02 1.07867e-01 1.39114e-01 |
   7509 | 9.00403e+01 1.19909e-02 | 1.25331e-02 1.07867e-01 1.39114e-01 |
   7510 | 9.00523e+01 1.19909e-02 | 1.25331e-02 1.07867e-01 1.39114e-01 |
   7511 | 9.00643e+01 1.19909e-02 | 1.25331e-02 1.07867e-01 1.39114e-01 |
   7512 | 9.00762e+01 1.19909e-02 | 1.25331e-02 1.07867e-01 1.39114e-01 |
   7513 | 9.00882e+01 1.19909e-02 | 1.25331e-02 1.07867e-01 1.39114e-01 |
   7514 | 9.01002e+01 1.19909e-02 | 1.25331e-02 1.07867e-01 1.39114e-01 |
   7515 | 9.01122e+01 1.19909e-02 | 1.25331e-02 1.07867e-01 1.39114e-01 |
   7516 | 9.01242e+01 1.19909e-02 | 1.25331e-02 1.07867e-01 1.39114e-01 |
   7517 | 9.01362e+01 1.19909e-02 | 1.25331e-02 1.07867e-01 1.39114e-01 |
   7518 | 9.01482e+01 1.19910e-02 | 1.25331e-02 1.07867e-01 1.39114e-01 |
   7519 | 9.01602e+01 1.19910e-02 | 1.25331e-02 1.07867e-01 1.39114e-01 |
   7520 | 9.01722e+01 1.19910e-02 | 1.25331e-02 1.07867e-01 1.39114e-01 |
   7521 | 9.01842e+01 1.19910e-02 | 1.25331e-02 1.07867e-01 1.39114e-01 |
   7522 | 9.01962e+01 1.19910e-02 | 1.25331e-02 1.07867e-01 1.39114e-01 |
   7523 | 9.02081e+01 1.19910e-02 | 1.25331e-02 1.07867e-01 1.39114e-01 |
   7524 | 9.02201e+01 1.19910e-02 | 1.25331e-02 1.07867e-01 1.39114e-01 |
   7525 | 9.02321e+01 1.19910e-02 | 1.25331e-02 1.07867e-01 1.39114e-01 |
   7526 | 9.02441e+01 1.19911e-02 | 1.25331e-02 1.07867e-01 1.39114e-01 |
   7527 | 9.02561e+01 1.19911e-02 | 1.25331e-02 1.07867e-01 1.39114e-01 |
   7528 | 9.02681e+01 1.19911e-02 | 1.25331e-02 1.07867e-01 1.39114e-01 |
   7529 | 9.02801e+01 1.19911e-02 | 1.25331e-02 1.07867e-01 1.39114e-01 |
   7530 | 9.02921e+01 1.19911e-02 | 1.25331e-02 1.07867e-01 1.39114e-01 |
   7531 | 9.03041e+01 1.19912e-02 | 1.25331e-02 1.07867e-01 1.39114e-01 |
   7532 | 9.03161e+01 1.19912e-02 | 1.25331e-02 1.07867e-01 1.39114e-01 |
   7533 | 9.03281e+01 1.19912e-02 | 1.25331e-02 1.07867e-01 1.39114e-01 |
   7534 | 9.03400e+01 1.19912e-02 | 1.25331e-02 1.07867e-01 1.39114e-01 |
   7535 | 9.03520e+01 1.19911e-02 | 1.25331e-02 1.07867e-01 1.39114e-01 |
   7536 | 9.03640e+01 1.19911e-02 | 1.25331e-02 1.07867e-01 1.39114e-01 |
   7537 | 9.03760e+01 1.19911e-02 | 1.25331e-02 1.07867e-01 1.39114e-01 |
   7538 | 9.03880e+01 1.19911e-02 | 1.25331e-02 1.07867e-01 1.39114e-01 |
   7539 | 9.04000e+01 1.19910e-02 | 1.25331e-02 1.07867e-01 1.39114e-01 |
   7540 | 9.04120e+01 1.19910e-02 | 1.25331e-02 1.07867e-01 1.39114e-01 |
   7541 | 9.04240e+01 1.19910e-02 | 1.25331e-02 1.07867e-01 1.39114e-01 |
   7542 | 9.04360e+01 1.19910e-02 | 1.25331e-02 1.07867e-01 1.39114e-01 |
   7543 | 9.04480e+01 1.19910e-02 | 1.25331e-02 1.07867e-01 1.39114e-01 |
   7544 | 9.04600e+01 1.19909e-02 | 1.25331e-02 1.07867e-01 1.39114e-01 |
   7545 | 9.04719e+01 1.19909e-02 | 1.25331e-02 1.07867e-01 1.39114e-01 |
   7546 | 9.04839e+01 1.19909e-02 | 1.25331e-02 1.07867e-01 1.39114e-01 |
   7547 | 9.04959e+01 1.19909e-02 | 1.25331e-02 1.07867e-01 1.39114e-01 |
   7548 | 9.05079e+01 1.19909e-02 | 1.25331e-02 1.07867e-01 1.39114e-01 |
   7549 | 9.05199e+01 1.19909e-02 | 1.25331e-02 1.07867e-01 1.39114e-01 |
   7550 | 9.05319e+01 1.19909e-02 | 1.25331e-02 1.07867e-01 1.39114e-01 |
   7551 | 9.05439e+01 1.19909e-02 | 1.25331e-02 1.07867e-01 1.39114e-01 |
   7552 | 9.05559e+01 1.19908e-02 | 1.25331e-02 1.07867e-01 1.39114e-01 |
   7553 | 9.05679e+01 1.19908e-02 | 1.25331e-02 1.07867e-01 1.39114e-01 |
   7554 | 9.05799e+01 1.19908e-02 | 1.25331e-02 1.07867e-01 1.39114e-01 |
   7555 | 9.05919e+01 1.19908e-02 | 1.25331e-02 1.07867e-01 1.39114e-01 |
   7556 | 9.06038e+01 1.19908e-02 | 1.25331e-02 1.07867e-01 1.39114e-01 |
   7557 | 9.06158e+01 1.19908e-02 | 1.25331e-02 1.07867e-01 1.39114e-01 |
   7558 | 9.06278e+01 1.19908e-02 | 1.25331e-02 1.07867e-01 1.39114e-01 |
   7559 | 9.06398e+01 1.19908e-02 | 1.25331e-02 1.07867e-01 1.39114e-01 |
   7560 | 9.06518e+01 1.19908e-02 | 1.25331e-02 1.07867e-01 1.39114e-01 |
   7561 | 9.06638e+01 1.19909e-02 | 1.25331e-02 1.07867e-01 1.39114e-01 |
   7562 | 9.06758e+01 1.19909e-02 | 1.25331e-02 1.07867e-01 1.39114e-01 |
   7563 | 9.06878e+01 1.19909e-02 | 1.25331e-02 1.07867e-01 1.39114e-01 |
   7564 | 9.06998e+01 1.19909e-02 | 1.25331e-02 1.07867e-01 1.39114e-01 |
   7565 | 9.07118e+01 1.19909e-02 | 1.25331e-02 1.07867e-01 1.39114e-01 |
   7566 | 9.07238e+01 1.19909e-02 | 1.25331e-02 1.07867e-01 1.39114e-01 |
   7567 | 9.07357e+01 1.19909e-02 | 1.25331e-02 1.07867e-01 1.39114e-01 |
   7568 | 9.07477e+01 1.19909e-02 | 1.25331e-02 1.07867e-01 1.39114e-01 |
   7569 | 9.07597e+01 1.19909e-02 | 1.25331e-02 1.07867e-01 1.39114e-01 |
   7570 | 9.07717e+01 1.19910e-02 | 1.25331e-02 1.07867e-01 1.39114e-01 |
   7571 | 9.07837e+01 1.19910e-02 | 1.25331e-02 1.07867e-01 1.39114e-01 |
   7572 | 9.07957e+01 1.19910e-02 | 1.25331e-02 1.07867e-01 1.39114e-01 |
   7573 | 9.08077e+01 1.19910e-02 | 1.25331e-02 1.07867e-01 1.39114e-01 |
   7574 | 9.08197e+01 1.19910e-02 | 1.25331e-02 1.07867e-01 1.39114e-01 |
   7575 | 9.08317e+01 1.19911e-02 | 1.25331e-02 1.07867e-01 1.39114e-01 |
   7576 | 9.08437e+01 1.19911e-02 | 1.25331e-02 1.07867e-01 1.39114e-01 |
   7577 | 9.08557e+01 1.19910e-02 | 1.25331e-02 1.07867e-01 1.39114e-01 |
   7578 | 9.08676e+01 1.19910e-02 | 1.25331e-02 1.07867e-01 1.39114e-01 |
   7579 | 9.08796e+01 1.19910e-02 | 1.25331e-02 1.07867e-01 1.39114e-01 |
   7580 | 9.08916e+01 1.19910e-02 | 1.25331e-02 1.07867e-01 1.39114e-01 |
   7581 | 9.09036e+01 1.19910e-02 | 1.25331e-02 1.07867e-01 1.39114e-01 |
   7582 | 9.09156e+01 1.19909e-02 | 1.25331e-02 1.07867e-01 1.39114e-01 |
   7583 | 9.09276e+01 1.19909e-02 | 1.25331e-02 1.07867e-01 1.39114e-01 |
   7584 | 9.09396e+01 1.19909e-02 | 1.25331e-02 1.07867e-01 1.39114e-01 |
   7585 | 9.09516e+01 1.19909e-02 | 1.25331e-02 1.07867e-01 1.39114e-01 |
   7586 | 9.09636e+01 1.19909e-02 | 1.25331e-02 1.07867e-01 1.39114e-01 |
   7587 | 9.09756e+01 1.19909e-02 | 1.25331e-02 1.07867e-01 1.39114e-01 |
   7588 | 9.09876e+01 1.19909e-02 | 1.25331e-02 1.07867e-01 1.39114e-01 |
   7589 | 9.09995e+01 1.19909e-02 | 1.25331e-02 1.07867e-01 1.39114e-01 |
   7590 | 9.10115e+01 1.19909e-02 | 1.25331e-02 1.07867e-01 1.39114e-01 |
   7591 | 9.10235e+01 1.19908e-02 | 1.25331e-02 1.07867e-01 1.39114e-01 |
   7592 | 9.10355e+01 1.19908e-02 | 1.25331e-02 1.07867e-01 1.39114e-01 |
   7593 | 9.10475e+01 1.19908e-02 | 1.25331e-02 1.07867e-01 1.39114e-01 |
   7594 | 9.10595e+01 1.19908e-02 | 1.25331e-02 1.07867e-01 1.39114e-01 |
   7595 | 9.10715e+01 1.19908e-02 | 1.25331e-02 1.07867e-01 1.39114e-01 |
   7596 | 9.10835e+01 1.19908e-02 | 1.25331e-02 1.07867e-01 1.39114e-01 |
   7597 | 9.10955e+01 1.19908e-02 | 1.25331e-02 1.07867e-01 1.39114e-01 |
   7598 | 9.11075e+01 1.19909e-02 | 1.25331e-02 1.07867e-01 1.39114e-01 |
   7599 | 9.11195e+01 1.19909e-02 | 1.25331e-02 1.07867e-01 1.39114e-01 |
   7600 | 9.11314e+01 1.19909e-02 | 1.25331e-02 1.07867e-01 1.39114e-01 |
   7601 | 9.11434e+01 1.19909e-02 | 1.25331e-02 1.07867e-01 1.39114e-01 |
   7602 | 9.11554e+01 1.19909e-02 | 1.25331e-02 1.07867e-01 1.39114e-01 |
   7603 | 9.11674e+01 1.19909e-02 | 1.25331e-02 1.07867e-01 1.39114e-01 |
   7604 | 9.11794e+01 1.19909e-02 | 1.25331e-02 1.07867e-01 1.39114e-01 |
   7605 | 9.11914e+01 1.19909e-02 | 1.25331e-02 1.07867e-01 1.39114e-01 |
   7606 | 9.12034e+01 1.19909e-02 | 1.25331e-02 1.07867e-01 1.39114e-01 |
   7607 | 9.12154e+01 1.19910e-02 | 1.25331e-02 1.07867e-01 1.39114e-01 |
   7608 | 9.12274e+01 1.19910e-02 | 1.25331e-02 1.07867e-01 1.39114e-01 |
   7609 | 9.12394e+01 1.19910e-02 | 1.25331e-02 1.07867e-01 1.39114e-01 |
   7610 | 9.12514e+01 1.19910e-02 | 1.25331e-02 1.07867e-01 1.39114e-01 |
   7611 | 9.12633e+01 1.19910e-02 | 1.25331e-02 1.07867e-01 1.39114e-01 |
   7612 | 9.12753e+01 1.19911e-02 | 1.25331e-02 1.07867e-01 1.39114e-01 |
   7613 | 9.12873e+01 1.19911e-02 | 1.25331e-02 1.07867e-01 1.39114e-01 |
   7614 | 9.12993e+01 1.19910e-02 | 1.25331e-02 1.07867e-01 1.39114e-01 |
   7615 | 9.13113e+01 1.19910e-02 | 1.25331e-02 1.07867e-01 1.39114e-01 |
   7616 | 9.13233e+01 1.19910e-02 | 1.25331e-02 1.07867e-01 1.39114e-01 |
   7617 | 9.13353e+01 1.19910e-02 | 1.25331e-02 1.07867e-01 1.39114e-01 |
   7618 | 9.13473e+01 1.19910e-02 | 1.25331e-02 1.07867e-01 1.39114e-01 |
   7619 | 9.13593e+01 1.19909e-02 | 1.25331e-02 1.07867e-01 1.39114e-01 |
   7620 | 9.13713e+01 1.19909e-02 | 1.25331e-02 1.07867e-01 1.39114e-01 |
   7621 | 9.13833e+01 1.19909e-02 | 1.25331e-02 1.07867e-01 1.39114e-01 |
   7622 | 9.13952e+01 1.19909e-02 | 1.25331e-02 1.07867e-01 1.39114e-01 |
   7623 | 9.14072e+01 1.19909e-02 | 1.25331e-02 1.07867e-01 1.39114e-01 |
   7624 | 9.14192e+01 1.19909e-02 | 1.25331e-02 1.07867e-01 1.39114e-01 |
   7625 | 9.14312e+01 1.19909e-02 | 1.25331e-02 1.07867e-01 1.39114e-01 |
   7626 | 9.14432e+01 1.19909e-02 | 1.25331e-02 1.07867e-01 1.39114e-01 |
   7627 | 9.14552e+01 1.19909e-02 | 1.25331e-02 1.07867e-01 1.39114e-01 |
   7628 | 9.14672e+01 1.19909e-02 | 1.25331e-02 1.07867e-01 1.39114e-01 |
   7629 | 9.14792e+01 1.19908e-02 | 1.25331e-02 1.07867e-01 1.39114e-01 |
   7630 | 9.14912e+01 1.19908e-02 | 1.25331e-02 1.07867e-01 1.39114e-01 |
   7631 | 9.15032e+01 1.19908e-02 | 1.25331e-02 1.07867e-01 1.39114e-01 |
   7632 | 9.15152e+01 1.19908e-02 | 1.25331e-02 1.07867e-01 1.39114e-01 |
   7633 | 9.15271e+01 1.19908e-02 | 1.25331e-02 1.07867e-01 1.39114e-01 |
   7634 | 9.15391e+01 1.19908e-02 | 1.25331e-02 1.07867e-01 1.39114e-01 |
   7635 | 9.15511e+01 1.19909e-02 | 1.25331e-02 1.07867e-01 1.39114e-01 |
   7636 | 9.15631e+01 1.19909e-02 | 1.25331e-02 1.07867e-01 1.39114e-01 |
   7637 | 9.15751e+01 1.19909e-02 | 1.25331e-02 1.07867e-01 1.39114e-01 |
   7638 | 9.15871e+01 1.19909e-02 | 1.25331e-02 1.07867e-01 1.39114e-01 |
   7639 | 9.15991e+01 1.19909e-02 | 1.25331e-02 1.07867e-01 1.39114e-01 |
   7640 | 9.16111e+01 1.19909e-02 | 1.25331e-02 1.07867e-01 1.39114e-01 |
   7641 | 9.16231e+01 1.19909e-02 | 1.25331e-02 1.07867e-01 1.39114e-01 |
   7642 | 9.16351e+01 1.19909e-02 | 1.25331e-02 1.07867e-01 1.39114e-01 |
   7643 | 9.16471e+01 1.19909e-02 | 1.25331e-02 1.07867e-01 1.39114e-01 |
   7644 | 9.16590e+01 1.19910e-02 | 1.25331e-02 1.07867e-01 1.39114e-01 |
   7645 | 9.16710e+01 1.19910e-02 | 1.25331e-02 1.07867e-01 1.39114e-01 |
   7646 | 9.16830e+01 1.19910e-02 | 1.25331e-02 1.07867e-01 1.39114e-01 |
   7647 | 9.16950e+01 1.19910e-02 | 1.25331e-02 1.07867e-01 1.39114e-01 |
   7648 | 9.17070e+01 1.19910e-02 | 1.25331e-02 1.07867e-01 1.39114e-01 |
   7649 | 9.17190e+01 1.19911e-02 | 1.25331e-02 1.07867e-01 1.39114e-01 |
   7650 | 9.17310e+01 1.19911e-02 | 1.25331e-02 1.07867e-01 1.39114e-01 |
   7651 | 9.17430e+01 1.19911e-02 | 1.25331e-02 1.07867e-01 1.39114e-01 |
   7652 | 9.17550e+01 1.19911e-02 | 1.25331e-02 1.07867e-01 1.39114e-01 |
   7653 | 9.17670e+01 1.19912e-02 | 1.25331e-02 1.07867e-01 1.39114e-01 |
   7654 | 9.17790e+01 1.19912e-02 | 1.25331e-02 1.07867e-01 1.39114e-01 |
   7655 | 9.17909e+01 1.19912e-02 | 1.25331e-02 1.07867e-01 1.39114e-01 |
   7656 | 9.18029e+01 1.19911e-02 | 1.25331e-02 1.07867e-01 1.39114e-01 |
   7657 | 9.18149e+01 1.19911e-02 | 1.25331e-02 1.07867e-01 1.39114e-01 |
   7658 | 9.18269e+01 1.19911e-02 | 1.25331e-02 1.07867e-01 1.39114e-01 |
   7659 | 9.18389e+01 1.19911e-02 | 1.25331e-02 1.07867e-01 1.39114e-01 |
   7660 | 9.18509e+01 1.19911e-02 | 1.25331e-02 1.07867e-01 1.39114e-01 |
   7661 | 9.18629e+01 1.19910e-02 | 1.25331e-02 1.07867e-01 1.39114e-01 |
   7662 | 9.18749e+01 1.19910e-02 | 1.25331e-02 1.07867e-01 1.39114e-01 |
   7663 | 9.18869e+01 1.19910e-02 | 1.25331e-02 1.07867e-01 1.39114e-01 |
   7664 | 9.18989e+01 1.19910e-02 | 1.25331e-02 1.07867e-01 1.39114e-01 |
   7665 | 9.19109e+01 1.19910e-02 | 1.25331e-02 1.07867e-01 1.39114e-01 |
   7666 | 9.19228e+01 1.19910e-02 | 1.25331e-02 1.07867e-01 1.39114e-01 |
   7667 | 9.19348e+01 1.19910e-02 | 1.25331e-02 1.07867e-01 1.39114e-01 |
   7668 | 9.19468e+01 1.19909e-02 | 1.25331e-02 1.07867e-01 1.39114e-01 |
   7669 | 9.19588e+01 1.19909e-02 | 1.25331e-02 1.07867e-01 1.39114e-01 |
   7670 | 9.19708e+01 1.19909e-02 | 1.25331e-02 1.07867e-01 1.39114e-01 |
   7671 | 9.19828e+01 1.19909e-02 | 1.25331e-02 1.07867e-01 1.39114e-01 |
   7672 | 9.19948e+01 1.19909e-02 | 1.25331e-02 1.07867e-01 1.39114e-01 |
   7673 | 9.20068e+01 1.19909e-02 | 1.25331e-02 1.07867e-01 1.39114e-01 |
   7674 | 9.20188e+01 1.19909e-02 | 1.25331e-02 1.07867e-01 1.39114e-01 |
   7675 | 9.20308e+01 1.19909e-02 | 1.25331e-02 1.07867e-01 1.39114e-01 |
   7676 | 9.20428e+01 1.19909e-02 | 1.25331e-02 1.07867e-01 1.39114e-01 |
   7677 | 9.20547e+01 1.19909e-02 | 1.25331e-02 1.07867e-01 1.39114e-01 |
   7678 | 9.20667e+01 1.19909e-02 | 1.25331e-02 1.07867e-01 1.39114e-01 |
   7679 | 9.20787e+01 1.19909e-02 | 1.25331e-02 1.07867e-01 1.39114e-01 |
   7680 | 9.20907e+01 1.19909e-02 | 1.25331e-02 1.07867e-01 1.39114e-01 |
   7681 | 9.21027e+01 1.19909e-02 | 1.25331e-02 1.07867e-01 1.39114e-01 |
   7682 | 9.21147e+01 1.19909e-02 | 1.25331e-02 1.07867e-01 1.39114e-01 |
   7683 | 9.21267e+01 1.19910e-02 | 1.25331e-02 1.07867e-01 1.39114e-01 |
   7684 | 9.21387e+01 1.19910e-02 | 1.25331e-02 1.07867e-01 1.39114e-01 |
   7685 | 9.21507e+01 1.19910e-02 | 1.25331e-02 1.07867e-01 1.39114e-01 |
   7686 | 9.21627e+01 1.19910e-02 | 1.25331e-02 1.07867e-01 1.39114e-01 |
   7687 | 9.21747e+01 1.19910e-02 | 1.25331e-02 1.07867e-01 1.39114e-01 |
   7688 | 9.21867e+01 1.19910e-02 | 1.25331e-02 1.07867e-01 1.39114e-01 |
   7689 | 9.21986e+01 1.19910e-02 | 1.25331e-02 1.07867e-01 1.39114e-01 |
   7690 | 9.22106e+01 1.19911e-02 | 1.25331e-02 1.07867e-01 1.39114e-01 |
   7691 | 9.22226e+01 1.19911e-02 | 1.25331e-02 1.07867e-01 1.39114e-01 |
   7692 | 9.22346e+01 1.19911e-02 | 1.25331e-02 1.07867e-01 1.39114e-01 |
   7693 | 9.22466e+01 1.19911e-02 | 1.25331e-02 1.07867e-01 1.39114e-01 |
   7694 | 9.22586e+01 1.19911e-02 | 1.25331e-02 1.07867e-01 1.39114e-01 |
   7695 | 9.22706e+01 1.19911e-02 | 1.25331e-02 1.07867e-01 1.39114e-01 |
   7696 | 9.22826e+01 1.19911e-02 | 1.25331e-02 1.07867e-01 1.39114e-01 |
   7697 | 9.22946e+01 1.19910e-02 | 1.25331e-02 1.07867e-01 1.39114e-01 |
   7698 | 9.23066e+01 1.19910e-02 | 1.25331e-02 1.07867e-01 1.39114e-01 |
   7699 | 9.23186e+01 1.19910e-02 | 1.25331e-02 1.07867e-01 1.39114e-01 |
   7700 | 9.23305e+01 1.19910e-02 | 1.25331e-02 1.07867e-01 1.39114e-01 |
   7701 | 9.23425e+01 1.19910e-02 | 1.25331e-02 1.07867e-01 1.39114e-01 |
   7702 | 9.23545e+01 1.19910e-02 | 1.25331e-02 1.07867e-01 1.39114e-01 |
   7703 | 9.23665e+01 1.19909e-02 | 1.25331e-02 1.07867e-01 1.39114e-01 |
   7704 | 9.23785e+01 1.19909e-02 | 1.25331e-02 1.07867e-01 1.39114e-01 |
   7705 | 9.23905e+01 1.19909e-02 | 1.25331e-02 1.07867e-01 1.39114e-01 |
   7706 | 9.24025e+01 1.19909e-02 | 1.25331e-02 1.07867e-01 1.39114e-01 |
   7707 | 9.24145e+01 1.19909e-02 | 1.25331e-02 1.07867e-01 1.39114e-01 |
   7708 | 9.24265e+01 1.19909e-02 | 1.25331e-02 1.07867e-01 1.39114e-01 |
   7709 | 9.24385e+01 1.19909e-02 | 1.25331e-02 1.07867e-01 1.39114e-01 |
   7710 | 9.24505e+01 1.19909e-02 | 1.25331e-02 1.07867e-01 1.39114e-01 |
   7711 | 9.24624e+01 1.19909e-02 | 1.25331e-02 1.07867e-01 1.39114e-01 |
   7712 | 9.24744e+01 1.19909e-02 | 1.25331e-02 1.07867e-01 1.39114e-01 |
   7713 | 9.24864e+01 1.19909e-02 | 1.25331e-02 1.07867e-01 1.39114e-01 |
   7714 | 9.24984e+01 1.19909e-02 | 1.25331e-02 1.07867e-01 1.39114e-01 |
   7715 | 9.25104e+01 1.19909e-02 | 1.25331e-02 1.07867e-01 1.39114e-01 |
   7716 | 9.25224e+01 1.19909e-02 | 1.25331e-02 1.07867e-01 1.39114e-01 |
   7717 | 9.25344e+01 1.19909e-02 | 1.25331e-02 1.07867e-01 1.39114e-01 |
   7718 | 9.25464e+01 1.19909e-02 | 1.25331e-02 1.07867e-01 1.39114e-01 |
   7719 | 9.25584e+01 1.19909e-02 | 1.25331e-02 1.07867e-01 1.39114e-01 |
   7720 | 9.25704e+01 1.19909e-02 | 1.25331e-02 1.07867e-01 1.39114e-01 |
   7721 | 9.25824e+01 1.19909e-02 | 1.25331e-02 1.07867e-01 1.39114e-01 |
   7722 | 9.25943e+01 1.19910e-02 | 1.25331e-02 1.07867e-01 1.39114e-01 |
   7723 | 9.26063e+01 1.19910e-02 | 1.25331e-02 1.07867e-01 1.39114e-01 |
   7724 | 9.26183e+01 1.19910e-02 | 1.25331e-02 1.07867e-01 1.39114e-01 |
   7725 | 9.26303e+01 1.19910e-02 | 1.25331e-02 1.07867e-01 1.39114e-01 |
   7726 | 9.26423e+01 1.19910e-02 | 1.25331e-02 1.07867e-01 1.39114e-01 |
   7727 | 9.26543e+01 1.19910e-02 | 1.25331e-02 1.07867e-01 1.39114e-01 |
   7728 | 9.26663e+01 1.19911e-02 | 1.25331e-02 1.07867e-01 1.39114e-01 |
   7729 | 9.26783e+01 1.19911e-02 | 1.25331e-02 1.07867e-01 1.39114e-01 |
   7730 | 9.26903e+01 1.19911e-02 | 1.25331e-02 1.07867e-01 1.39114e-01 |
   7731 | 9.27023e+01 1.19911e-02 | 1.25331e-02 1.07867e-01 1.39114e-01 |
   7732 | 9.27143e+01 1.19910e-02 | 1.25331e-02 1.07867e-01 1.39114e-01 |
   7733 | 9.27262e+01 1.19910e-02 | 1.25331e-02 1.07867e-01 1.39114e-01 |
   7734 | 9.27382e+01 1.19910e-02 | 1.25331e-02 1.07867e-01 1.39114e-01 |
   7735 | 9.27502e+01 1.19910e-02 | 1.25331e-02 1.07867e-01 1.39114e-01 |
   7736 | 9.27622e+01 1.19910e-02 | 1.25331e-02 1.07867e-01 1.39114e-01 |
   7737 | 9.27742e+01 1.19910e-02 | 1.25331e-02 1.07867e-01 1.39114e-01 |
   7738 | 9.27862e+01 1.19910e-02 | 1.25331e-02 1.07867e-01 1.39114e-01 |
   7739 | 9.27982e+01 1.19909e-02 | 1.25331e-02 1.07867e-01 1.39114e-01 |
   7740 | 9.28102e+01 1.19909e-02 | 1.25331e-02 1.07867e-01 1.39114e-01 |
   7741 | 9.28222e+01 1.19909e-02 | 1.25331e-02 1.07867e-01 1.39114e-01 |
   7742 | 9.28342e+01 1.19909e-02 | 1.25331e-02 1.07867e-01 1.39114e-01 |
   7743 | 9.28462e+01 1.19909e-02 | 1.25331e-02 1.07867e-01 1.39114e-01 |
   7744 | 9.28581e+01 1.19909e-02 | 1.25331e-02 1.07867e-01 1.39114e-01 |
   7745 | 9.28701e+01 1.19909e-02 | 1.25331e-02 1.07867e-01 1.39114e-01 |
   7746 | 9.28821e+01 1.19909e-02 | 1.25331e-02 1.07867e-01 1.39114e-01 |
   7747 | 9.28941e+01 1.19909e-02 | 1.25331e-02 1.07867e-01 1.39114e-01 |
   7748 | 9.29061e+01 1.19909e-02 | 1.25331e-02 1.07867e-01 1.39114e-01 |
   7749 | 9.29181e+01 1.19909e-02 | 1.25331e-02 1.07867e-01 1.39114e-01 |
   7750 | 9.29301e+01 1.19909e-02 | 1.25331e-02 1.07867e-01 1.39114e-01 |
   7751 | 9.29421e+01 1.19909e-02 | 1.25331e-02 1.07867e-01 1.39114e-01 |
   7752 | 9.29541e+01 1.19909e-02 | 1.25331e-02 1.07867e-01 1.39114e-01 |
   7753 | 9.29661e+01 1.19909e-02 | 1.25331e-02 1.07867e-01 1.39114e-01 |
   7754 | 9.29781e+01 1.19909e-02 | 1.25331e-02 1.07867e-01 1.39114e-01 |
   7755 | 9.29900e+01 1.19909e-02 | 1.25331e-02 1.07867e-01 1.39114e-01 |
   7756 | 9.30020e+01 1.19909e-02 | 1.25331e-02 1.07867e-01 1.39114e-01 |
   7757 | 9.30140e+01 1.19909e-02 | 1.25331e-02 1.07867e-01 1.39114e-01 |
   7758 | 9.30260e+01 1.19909e-02 | 1.25331e-02 1.07867e-01 1.39114e-01 |
   7759 | 9.30380e+01 1.19909e-02 | 1.25331e-02 1.07867e-01 1.39114e-01 |
   7760 | 9.30500e+01 1.19909e-02 | 1.25331e-02 1.07867e-01 1.39114e-01 |
   7761 | 9.30620e+01 1.19910e-02 | 1.25331e-02 1.07867e-01 1.39114e-01 |
   7762 | 9.30740e+01 1.19910e-02 | 1.25331e-02 1.07867e-01 1.39114e-01 |
   7763 | 9.30860e+01 1.19910e-02 | 1.25331e-02 1.07867e-01 1.39114e-01 |
   7764 | 9.30980e+01 1.19910e-02 | 1.25331e-02 1.07867e-01 1.39114e-01 |
   7765 | 9.31100e+01 1.19910e-02 | 1.25331e-02 1.07867e-01 1.39114e-01 |
   7766 | 9.31219e+01 1.19911e-02 | 1.25331e-02 1.07867e-01 1.39114e-01 |
   7767 | 9.31339e+01 1.19911e-02 | 1.25331e-02 1.07867e-01 1.39114e-01 |
   7768 | 9.31459e+01 1.19911e-02 | 1.25331e-02 1.07867e-01 1.39114e-01 |
   7769 | 9.31579e+01 1.19911e-02 | 1.25331e-02 1.07867e-01 1.39114e-01 |
   7770 | 9.31699e+01 1.19911e-02 | 1.25331e-02 1.07867e-01 1.39114e-01 |
   7771 | 9.31819e+01 1.19911e-02 | 1.25331e-02 1.07867e-01 1.39114e-01 |
   7772 | 9.31939e+01 1.19911e-02 | 1.25331e-02 1.07867e-01 1.39114e-01 |
   7773 | 9.32059e+01 1.19911e-02 | 1.25331e-02 1.07867e-01 1.39114e-01 |
   7774 | 9.32179e+01 1.19910e-02 | 1.25331e-02 1.07867e-01 1.39114e-01 |
   7775 | 9.32299e+01 1.19910e-02 | 1.25331e-02 1.07867e-01 1.39114e-01 |
   7776 | 9.32419e+01 1.19910e-02 | 1.25331e-02 1.07867e-01 1.39114e-01 |
   7777 | 9.32538e+01 1.19910e-02 | 1.25331e-02 1.07867e-01 1.39114e-01 |
   7778 | 9.32658e+01 1.19910e-02 | 1.25331e-02 1.07867e-01 1.39114e-01 |
   7779 | 9.32778e+01 1.19910e-02 | 1.25331e-02 1.07867e-01 1.39114e-01 |
   7780 | 9.32898e+01 1.19910e-02 | 1.25331e-02 1.07867e-01 1.39114e-01 |
   7781 | 9.33018e+01 1.19910e-02 | 1.25331e-02 1.07867e-01 1.39114e-01 |
   7782 | 9.33138e+01 1.19910e-02 | 1.25331e-02 1.07867e-01 1.39114e-01 |
   7783 | 9.33258e+01 1.19911e-02 | 1.25331e-02 1.07867e-01 1.39114e-01 |
   7784 | 9.33378e+01 1.19911e-02 | 1.25331e-02 1.07867e-01 1.39114e-01 |
   7785 | 9.33498e+01 1.19911e-02 | 1.25331e-02 1.07867e-01 1.39114e-01 |
   7786 | 9.33618e+01 1.19911e-02 | 1.25331e-02 1.07867e-01 1.39114e-01 |
   7787 | 9.33738e+01 1.19911e-02 | 1.25331e-02 1.07867e-01 1.39114e-01 |
   7788 | 9.33857e+01 1.19911e-02 | 1.25331e-02 1.07867e-01 1.39114e-01 |
   7789 | 9.33977e+01 1.19911e-02 | 1.25331e-02 1.07867e-01 1.39114e-01 |
   7790 | 9.34097e+01 1.19911e-02 | 1.25331e-02 1.07867e-01 1.39114e-01 |
   7791 | 9.34217e+01 1.19911e-02 | 1.25331e-02 1.07867e-01 1.39114e-01 |
   7792 | 9.34337e+01 1.19911e-02 | 1.25331e-02 1.07867e-01 1.39114e-01 |
   7793 | 9.34457e+01 1.19911e-02 | 1.25331e-02 1.07867e-01 1.39114e-01 |
   7794 | 9.34577e+01 1.19911e-02 | 1.25331e-02 1.07867e-01 1.39114e-01 |
   7795 | 9.34697e+01 1.19911e-02 | 1.25331e-02 1.07867e-01 1.39114e-01 |
   7796 | 9.34817e+01 1.19911e-02 | 1.25331e-02 1.07867e-01 1.39114e-01 |
   7797 | 9.34937e+01 1.19911e-02 | 1.25331e-02 1.07867e-01 1.39114e-01 |
   7798 | 9.35057e+01 1.19911e-02 | 1.25331e-02 1.07867e-01 1.39114e-01 |
   7799 | 9.35177e+01 1.19911e-02 | 1.25331e-02 1.07867e-01 1.39114e-01 |
   7800 | 9.35296e+01 1.19911e-02 | 1.25331e-02 1.07867e-01 1.39114e-01 |
   7801 | 9.35416e+01 1.19912e-02 | 1.25331e-02 1.07867e-01 1.39114e-01 |
   7802 | 9.35536e+01 1.19912e-02 | 1.25331e-02 1.07867e-01 1.39114e-01 |
   7803 | 9.35656e+01 1.19912e-02 | 1.25331e-02 1.07867e-01 1.39114e-01 |
   7804 | 9.35776e+01 1.19912e-02 | 1.25331e-02 1.07867e-01 1.39114e-01 |
   7805 | 9.35896e+01 1.19912e-02 | 1.25331e-02 1.07867e-01 1.39114e-01 |
   7806 | 9.36016e+01 1.19911e-02 | 1.25331e-02 1.07867e-01 1.39114e-01 |
   7807 | 9.36136e+01 1.19911e-02 | 1.25331e-02 1.07867e-01 1.39114e-01 |
   7808 | 9.36256e+01 1.19911e-02 | 1.25331e-02 1.07867e-01 1.39114e-01 |
   7809 | 9.36376e+01 1.19911e-02 | 1.25331e-02 1.07867e-01 1.39114e-01 |
   7810 | 9.36496e+01 1.19911e-02 | 1.25331e-02 1.07867e-01 1.39114e-01 |
   7811 | 9.36615e+01 1.19911e-02 | 1.25331e-02 1.07867e-01 1.39114e-01 |
   7812 | 9.36735e+01 1.19911e-02 | 1.25331e-02 1.07867e-01 1.39114e-01 |
   7813 | 9.36855e+01 1.19911e-02 | 1.25331e-02 1.07867e-01 1.39114e-01 |
   7814 | 9.36975e+01 1.19911e-02 | 1.25331e-02 1.07867e-01 1.39114e-01 |
   7815 | 9.37095e+01 1.19911e-02 | 1.25331e-02 1.07867e-01 1.39114e-01 |
   7816 | 9.37215e+01 1.19911e-02 | 1.25331e-02 1.07867e-01 1.39114e-01 |
   7817 | 9.37335e+01 1.19911e-02 | 1.25331e-02 1.07867e-01 1.39114e-01 |
   7818 | 9.37455e+01 1.19911e-02 | 1.25331e-02 1.07867e-01 1.39114e-01 |
   7819 | 9.37575e+01 1.19911e-02 | 1.25331e-02 1.07867e-01 1.39114e-01 |
   7820 | 9.37695e+01 1.19911e-02 | 1.25331e-02 1.07867e-01 1.39114e-01 |
   7821 | 9.37815e+01 1.19911e-02 | 1.25331e-02 1.07867e-01 1.39114e-01 |
   7822 | 9.37934e+01 1.19911e-02 | 1.25331e-02 1.07867e-01 1.39114e-01 |
   7823 | 9.38054e+01 1.19911e-02 | 1.25331e-02 1.07867e-01 1.39114e-01 |
   7824 | 9.38174e+01 1.19911e-02 | 1.25331e-02 1.07867e-01 1.39114e-01 |
   7825 | 9.38294e+01 1.19911e-02 | 1.25331e-02 1.07867e-01 1.39114e-01 |
   7826 | 9.38414e+01 1.19911e-02 | 1.25331e-02 1.07867e-01 1.39114e-01 |
   7827 | 9.38534e+01 1.19911e-02 | 1.25331e-02 1.07867e-01 1.39114e-01 |
   7828 | 9.38654e+01 1.19911e-02 | 1.25331e-02 1.07867e-01 1.39114e-01 |
   7829 | 9.38774e+01 1.19911e-02 | 1.25331e-02 1.07867e-01 1.39114e-01 |
   7830 | 9.38894e+01 1.19911e-02 | 1.25331e-02 1.07867e-01 1.39114e-01 |
   7831 | 9.39014e+01 1.19911e-02 | 1.25331e-02 1.07867e-01 1.39114e-01 |
   7832 | 9.39134e+01 1.19911e-02 | 1.25331e-02 1.07867e-01 1.39114e-01 |
   7833 | 9.39253e+01 1.19911e-02 | 1.25331e-02 1.07867e-01 1.39114e-01 |
   7834 | 9.39373e+01 1.19911e-02 | 1.25331e-02 1.07867e-01 1.39114e-01 |
   7835 | 9.39493e+01 1.19911e-02 | 1.25331e-02 1.07867e-01 1.39114e-01 |
   7836 | 9.39613e+01 1.19911e-02 | 1.25331e-02 1.07867e-01 1.39114e-01 |
   7837 | 9.39733e+01 1.19911e-02 | 1.25331e-02 1.07867e-01 1.39114e-01 |
   7838 | 9.39853e+01 1.19911e-02 | 1.25331e-02 1.07867e-01 1.39114e-01 |
   7839 | 9.39973e+01 1.19911e-02 | 1.25331e-02 1.07867e-01 1.39114e-01 |
   7840 | 9.40093e+01 1.19911e-02 | 1.25331e-02 1.07867e-01 1.39114e-01 |
   7841 | 9.40213e+01 1.19911e-02 | 1.25331e-02 1.07867e-01 1.39114e-01 |
   7842 | 9.40333e+01 1.19910e-02 | 1.25331e-02 1.07867e-01 1.39114e-01 |
   7843 | 9.40453e+01 1.19910e-02 | 1.25331e-02 1.07867e-01 1.39114e-01 |
   7844 | 9.40573e+01 1.19910e-02 | 1.25331e-02 1.07867e-01 1.39114e-01 |
   7845 | 9.40692e+01 1.19910e-02 | 1.25331e-02 1.07867e-01 1.39114e-01 |
   7846 | 9.40812e+01 1.19910e-02 | 1.25331e-02 1.07867e-01 1.39114e-01 |
   7847 | 9.40932e+01 1.19910e-02 | 1.25331e-02 1.07867e-01 1.39114e-01 |
   7848 | 9.41052e+01 1.19909e-02 | 1.25331e-02 1.07867e-01 1.39114e-01 |
   7849 | 9.41172e+01 1.19909e-02 | 1.25331e-02 1.07867e-01 1.39114e-01 |
   7850 | 9.41292e+01 1.19909e-02 | 1.25331e-02 1.07867e-01 1.39114e-01 |
   7851 | 9.41412e+01 1.19909e-02 | 1.25331e-02 1.07867e-01 1.39114e-01 |
   7852 | 9.41532e+01 1.19909e-02 | 1.25331e-02 1.07867e-01 1.39114e-01 |
   7853 | 9.41652e+01 1.19909e-02 | 1.25331e-02 1.07867e-01 1.39114e-01 |
   7854 | 9.41772e+01 1.19909e-02 | 1.25331e-02 1.07867e-01 1.39114e-01 |
   7855 | 9.41892e+01 1.19909e-02 | 1.25331e-02 1.07867e-01 1.39114e-01 |
   7856 | 9.42011e+01 1.19909e-02 | 1.25331e-02 1.07867e-01 1.39114e-01 |
   7857 | 9.42131e+01 1.19909e-02 | 1.25331e-02 1.07867e-01 1.39114e-01 |
   7858 | 9.42251e+01 1.19909e-02 | 1.25331e-02 1.07867e-01 1.39114e-01 |
   7859 | 9.42371e+01 1.19909e-02 | 1.25331e-02 1.07867e-01 1.39114e-01 |
   7860 | 9.42491e+01 1.19909e-02 | 1.25331e-02 1.07867e-01 1.39114e-01 |
   7861 | 9.42611e+01 1.19909e-02 | 1.25331e-02 1.07867e-01 1.39114e-01 |
   7862 | 9.42731e+01 1.19909e-02 | 1.25331e-02 1.07867e-01 1.39114e-01 |
   7863 | 9.42851e+01 1.19909e-02 | 1.25331e-02 1.07867e-01 1.39114e-01 |
   7864 | 9.42971e+01 1.19909e-02 | 1.25331e-02 1.07867e-01 1.39114e-01 |
   7865 | 9.43091e+01 1.19909e-02 | 1.25331e-02 1.07867e-01 1.39114e-01 |
   7866 | 9.43210e+01 1.19909e-02 | 1.25331e-02 1.07867e-01 1.39114e-01 |
   7867 | 9.43330e+01 1.19909e-02 | 1.25331e-02 1.07867e-01 1.39114e-01 |
   7868 | 9.43450e+01 1.19909e-02 | 1.25331e-02 1.07867e-01 1.39114e-01 |
   7869 | 9.43570e+01 1.19909e-02 | 1.25331e-02 1.07867e-01 1.39114e-01 |
   7870 | 9.43690e+01 1.19909e-02 | 1.25331e-02 1.07867e-01 1.39114e-01 |
   7871 | 9.43810e+01 1.19910e-02 | 1.25331e-02 1.07867e-01 1.39114e-01 |
   7872 | 9.43930e+01 1.19910e-02 | 1.25331e-02 1.07867e-01 1.39114e-01 |
   7873 | 9.44050e+01 1.19910e-02 | 1.25331e-02 1.07867e-01 1.39114e-01 |
   7874 | 9.44170e+01 1.19910e-02 | 1.25331e-02 1.07867e-01 1.39114e-01 |
   7875 | 9.44290e+01 1.19910e-02 | 1.25331e-02 1.07867e-01 1.39114e-01 |
   7876 | 9.44410e+01 1.19910e-02 | 1.25331e-02 1.07867e-01 1.39114e-01 |
   7877 | 9.44530e+01 1.19911e-02 | 1.25331e-02 1.07867e-01 1.39114e-01 |
   7878 | 9.44649e+01 1.19911e-02 | 1.25331e-02 1.07867e-01 1.39114e-01 |
   7879 | 9.44769e+01 1.19911e-02 | 1.25331e-02 1.07867e-01 1.39114e-01 |
   7880 | 9.44889e+01 1.19911e-02 | 1.25331e-02 1.07867e-01 1.39114e-01 |
   7881 | 9.45009e+01 1.19910e-02 | 1.25331e-02 1.07867e-01 1.39114e-01 |
   7882 | 9.45129e+01 1.19910e-02 | 1.25331e-02 1.07867e-01 1.39114e-01 |
   7883 | 9.45249e+01 1.19910e-02 | 1.25331e-02 1.07867e-01 1.39114e-01 |
   7884 | 9.45369e+01 1.19910e-02 | 1.25331e-02 1.07867e-01 1.39114e-01 |
   7885 | 9.45489e+01 1.19910e-02 | 1.25331e-02 1.07867e-01 1.39114e-01 |
   7886 | 9.45609e+01 1.19910e-02 | 1.25331e-02 1.07867e-01 1.39114e-01 |
   7887 | 9.45729e+01 1.19909e-02 | 1.25331e-02 1.07867e-01 1.39114e-01 |
   7888 | 9.45849e+01 1.19909e-02 | 1.25331e-02 1.07867e-01 1.39114e-01 |
   7889 | 9.45968e+01 1.19909e-02 | 1.25331e-02 1.07867e-01 1.39114e-01 |
   7890 | 9.46088e+01 1.19909e-02 | 1.25331e-02 1.07867e-01 1.39114e-01 |
   7891 | 9.46208e+01 1.19909e-02 | 1.25331e-02 1.07867e-01 1.39114e-01 |
   7892 | 9.46328e+01 1.19909e-02 | 1.25331e-02 1.07867e-01 1.39114e-01 |
   7893 | 9.46448e+01 1.19909e-02 | 1.25331e-02 1.07867e-01 1.39114e-01 |
   7894 | 9.46568e+01 1.19909e-02 | 1.25331e-02 1.07867e-01 1.39114e-01 |
   7895 | 9.46688e+01 1.19909e-02 | 1.25331e-02 1.07867e-01 1.39114e-01 |
   7896 | 9.46808e+01 1.19909e-02 | 1.25331e-02 1.07867e-01 1.39114e-01 |
   7897 | 9.46928e+01 1.19909e-02 | 1.25331e-02 1.07867e-01 1.39114e-01 |
   7898 | 9.47048e+01 1.19909e-02 | 1.25331e-02 1.07867e-01 1.39114e-01 |
   7899 | 9.47168e+01 1.19909e-02 | 1.25331e-02 1.07867e-01 1.39114e-01 |
   7900 | 9.47287e+01 1.19909e-02 | 1.25331e-02 1.07867e-01 1.39114e-01 |
   7901 | 9.47407e+01 1.19909e-02 | 1.25331e-02 1.07867e-01 1.39114e-01 |
   7902 | 9.47527e+01 1.19909e-02 | 1.25331e-02 1.07867e-01 1.39114e-01 |
   7903 | 9.47647e+01 1.19909e-02 | 1.25331e-02 1.07867e-01 1.39114e-01 |
   7904 | 9.47767e+01 1.19909e-02 | 1.25331e-02 1.07867e-01 1.39114e-01 |
   7905 | 9.47887e+01 1.19909e-02 | 1.25331e-02 1.07867e-01 1.39114e-01 |
   7906 | 9.48007e+01 1.19909e-02 | 1.25331e-02 1.07867e-01 1.39114e-01 |
   7907 | 9.48127e+01 1.19910e-02 | 1.25331e-02 1.07867e-01 1.39114e-01 |
   7908 | 9.48247e+01 1.19910e-02 | 1.25331e-02 1.07867e-01 1.39114e-01 |
   7909 | 9.48367e+01 1.19910e-02 | 1.25331e-02 1.07867e-01 1.39114e-01 |
   7910 | 9.48487e+01 1.19910e-02 | 1.25331e-02 1.07867e-01 1.39114e-01 |
   7911 | 9.48606e+01 1.19910e-02 | 1.25331e-02 1.07867e-01 1.39114e-01 |
   7912 | 9.48726e+01 1.19910e-02 | 1.25331e-02 1.07867e-01 1.39114e-01 |
   7913 | 9.48846e+01 1.19911e-02 | 1.25331e-02 1.07867e-01 1.39114e-01 |
   7914 | 9.48966e+01 1.19911e-02 | 1.25331e-02 1.07867e-01 1.39114e-01 |
   7915 | 9.49086e+01 1.19911e-02 | 1.25331e-02 1.07867e-01 1.39114e-01 |
   7916 | 9.49206e+01 1.19911e-02 | 1.25331e-02 1.07867e-01 1.39114e-01 |
   7917 | 9.49326e+01 1.19911e-02 | 1.25331e-02 1.07867e-01 1.39114e-01 |
   7918 | 9.49446e+01 1.19911e-02 | 1.25331e-02 1.07867e-01 1.39114e-01 |
   7919 | 9.49566e+01 1.19910e-02 | 1.25331e-02 1.07867e-01 1.39114e-01 |
   7920 | 9.49686e+01 1.19910e-02 | 1.25331e-02 1.07867e-01 1.39114e-01 |
   7921 | 9.49806e+01 1.19910e-02 | 1.25331e-02 1.07867e-01 1.39114e-01 |
   7922 | 9.49925e+01 1.19910e-02 | 1.25331e-02 1.07867e-01 1.39114e-01 |
   7923 | 9.50045e+01 1.19910e-02 | 1.25331e-02 1.07867e-01 1.39114e-01 |
   7924 | 9.50165e+01 1.19910e-02 | 1.25331e-02 1.07867e-01 1.39114e-01 |
   7925 | 9.50285e+01 1.19910e-02 | 1.25331e-02 1.07867e-01 1.39114e-01 |
   7926 | 9.50405e+01 1.19909e-02 | 1.25331e-02 1.07867e-01 1.39114e-01 |
   7927 | 9.50525e+01 1.19909e-02 | 1.25331e-02 1.07867e-01 1.39114e-01 |
   7928 | 9.50645e+01 1.19909e-02 | 1.25331e-02 1.07867e-01 1.39114e-01 |
   7929 | 9.50765e+01 1.19909e-02 | 1.25331e-02 1.07867e-01 1.39114e-01 |
   7930 | 9.50885e+01 1.19909e-02 | 1.25331e-02 1.07867e-01 1.39114e-01 |
   7931 | 9.51005e+01 1.19909e-02 | 1.25331e-02 1.07867e-01 1.39114e-01 |
   7932 | 9.51125e+01 1.19909e-02 | 1.25331e-02 1.07867e-01 1.39114e-01 |
   7933 | 9.51244e+01 1.19909e-02 | 1.25331e-02 1.07867e-01 1.39114e-01 |
   7934 | 9.51364e+01 1.19909e-02 | 1.25331e-02 1.07867e-01 1.39114e-01 |
   7935 | 9.51484e+01 1.19909e-02 | 1.25331e-02 1.07867e-01 1.39114e-01 |
   7936 | 9.51604e+01 1.19909e-02 | 1.25331e-02 1.07867e-01 1.39114e-01 |
   7937 | 9.51724e+01 1.19909e-02 | 1.25331e-02 1.07867e-01 1.39114e-01 |
   7938 | 9.51844e+01 1.19909e-02 | 1.25331e-02 1.07867e-01 1.39114e-01 |
   7939 | 9.51964e+01 1.19909e-02 | 1.25331e-02 1.07867e-01 1.39114e-01 |
   7940 | 9.52084e+01 1.19909e-02 | 1.25331e-02 1.07867e-01 1.39114e-01 |
   7941 | 9.52204e+01 1.19909e-02 | 1.25331e-02 1.07867e-01 1.39114e-01 |
   7942 | 9.52324e+01 1.19909e-02 | 1.25331e-02 1.07867e-01 1.39114e-01 |
   7943 | 9.52444e+01 1.19910e-02 | 1.25331e-02 1.07867e-01 1.39114e-01 |
   7944 | 9.52563e+01 1.19910e-02 | 1.25331e-02 1.07867e-01 1.39114e-01 |
   7945 | 9.52683e+01 1.19910e-02 | 1.25331e-02 1.07867e-01 1.39114e-01 |
   7946 | 9.52803e+01 1.19910e-02 | 1.25331e-02 1.07867e-01 1.39114e-01 |
   7947 | 9.52923e+01 1.19910e-02 | 1.25331e-02 1.07867e-01 1.39114e-01 |
   7948 | 9.53043e+01 1.19910e-02 | 1.25331e-02 1.07867e-01 1.39114e-01 |
   7949 | 9.53163e+01 1.19911e-02 | 1.25331e-02 1.07867e-01 1.39114e-01 |
   7950 | 9.53283e+01 1.19911e-02 | 1.25331e-02 1.07867e-01 1.39114e-01 |
   7951 | 9.53403e+01 1.19911e-02 | 1.25331e-02 1.07867e-01 1.39114e-01 |
   7952 | 9.53523e+01 1.19911e-02 | 1.25331e-02 1.07867e-01 1.39114e-01 |
   7953 | 9.53643e+01 1.19911e-02 | 1.25331e-02 1.07867e-01 1.39114e-01 |
   7954 | 9.53763e+01 1.19912e-02 | 1.25331e-02 1.07867e-01 1.39114e-01 |
   7955 | 9.53882e+01 1.19912e-02 | 1.25331e-02 1.07867e-01 1.39114e-01 |
   7956 | 9.54002e+01 1.19911e-02 | 1.25331e-02 1.07867e-01 1.39114e-01 |
   7957 | 9.54122e+01 1.19911e-02 | 1.25331e-02 1.07867e-01 1.39114e-01 |
   7958 | 9.54242e+01 1.19911e-02 | 1.25331e-02 1.07867e-01 1.39114e-01 |
   7959 | 9.54362e+01 1.19911e-02 | 1.25331e-02 1.07867e-01 1.39114e-01 |
   7960 | 9.54482e+01 1.19910e-02 | 1.25331e-02 1.07867e-01 1.39114e-01 |
   7961 | 9.54602e+01 1.19910e-02 | 1.25331e-02 1.07867e-01 1.39114e-01 |
   7962 | 9.54722e+01 1.19910e-02 | 1.25331e-02 1.07867e-01 1.39114e-01 |
   7963 | 9.54842e+01 1.19910e-02 | 1.25331e-02 1.07867e-01 1.39114e-01 |
   7964 | 9.54962e+01 1.19910e-02 | 1.25331e-02 1.07867e-01 1.39114e-01 |
   7965 | 9.55082e+01 1.19909e-02 | 1.25331e-02 1.07867e-01 1.39114e-01 |
   7966 | 9.55201e+01 1.19909e-02 | 1.25331e-02 1.07867e-01 1.39114e-01 |
   7967 | 9.55321e+01 1.19909e-02 | 1.25331e-02 1.07867e-01 1.39114e-01 |
   7968 | 9.55441e+01 1.19909e-02 | 1.25331e-02 1.07867e-01 1.39114e-01 |
   7969 | 9.55561e+01 1.19909e-02 | 1.25331e-02 1.07867e-01 1.39114e-01 |
   7970 | 9.55681e+01 1.19909e-02 | 1.25331e-02 1.07867e-01 1.39114e-01 |
   7971 | 9.55801e+01 1.19909e-02 | 1.25331e-02 1.07867e-01 1.39114e-01 |
   7972 | 9.55921e+01 1.19909e-02 | 1.25331e-02 1.07867e-01 1.39114e-01 |
   7973 | 9.56041e+01 1.19909e-02 | 1.25331e-02 1.07867e-01 1.39114e-01 |
   7974 | 9.56161e+01 1.19909e-02 | 1.25331e-02 1.07867e-01 1.39114e-01 |
   7975 | 9.56281e+01 1.19908e-02 | 1.25331e-02 1.07867e-01 1.39114e-01 |
   7976 | 9.56401e+01 1.19908e-02 | 1.25331e-02 1.07867e-01 1.39114e-01 |
   7977 | 9.56520e+01 1.19908e-02 | 1.25331e-02 1.07867e-01 1.39114e-01 |
   7978 | 9.56640e+01 1.19908e-02 | 1.25331e-02 1.07867e-01 1.39114e-01 |
   7979 | 9.56760e+01 1.19908e-02 | 1.25331e-02 1.07867e-01 1.39114e-01 |
   7980 | 9.56880e+01 1.19909e-02 | 1.25331e-02 1.07867e-01 1.39114e-01 |
   7981 | 9.57000e+01 1.19909e-02 | 1.25331e-02 1.07867e-01 1.39114e-01 |
   7982 | 9.57120e+01 1.19909e-02 | 1.25331e-02 1.07867e-01 1.39114e-01 |
   7983 | 9.57240e+01 1.19909e-02 | 1.25331e-02 1.07867e-01 1.39114e-01 |
   7984 | 9.57360e+01 1.19909e-02 | 1.25331e-02 1.07867e-01 1.39114e-01 |
   7985 | 9.57480e+01 1.19909e-02 | 1.25331e-02 1.07867e-01 1.39114e-01 |
   7986 | 9.57600e+01 1.19909e-02 | 1.25331e-02 1.07867e-01 1.39114e-01 |
   7987 | 9.57720e+01 1.19909e-02 | 1.25331e-02 1.07867e-01 1.39114e-01 |
   7988 | 9.57839e+01 1.19909e-02 | 1.25331e-02 1.07867e-01 1.39114e-01 |
   7989 | 9.57959e+01 1.19909e-02 | 1.25331e-02 1.07867e-01 1.39114e-01 |
   7990 | 9.58079e+01 1.19910e-02 | 1.25331e-02 1.07867e-01 1.39114e-01 |
   7991 | 9.58199e+01 1.19910e-02 | 1.25331e-02 1.07867e-01 1.39114e-01 |
   7992 | 9.58319e+01 1.19910e-02 | 1.25331e-02 1.07867e-01 1.39114e-01 |
   7993 | 9.58439e+01 1.19910e-02 | 1.25331e-02 1.07867e-01 1.39114e-01 |
   7994 | 9.58559e+01 1.19910e-02 | 1.25331e-02 1.07867e-01 1.39114e-01 |
   7995 | 9.58679e+01 1.19911e-02 | 1.25331e-02 1.07867e-01 1.39114e-01 |
   7996 | 9.58799e+01 1.19911e-02 | 1.25331e-02 1.07867e-01 1.39114e-01 |
   7997 | 9.58919e+01 1.19910e-02 | 1.25331e-02 1.07867e-01 1.39114e-01 |
   7998 | 9.59039e+01 1.19910e-02 | 1.25331e-02 1.07867e-01 1.39114e-01 |
   7999 | 9.59158e+01 1.19910e-02 | 1.25331e-02 1.07867e-01 1.39114e-01 |
   8000 | 9.59278e+01 1.19910e-02 | 1.25331e-02 1.07867e-01 1.39114e-01 |
   8001 | 9.59398e+01 1.19910e-02 | 1.25331e-02 1.07867e-01 1.39114e-01 |
   8002 | 9.59518e+01 1.19909e-02 | 1.25331e-02 1.07867e-01 1.39114e-01 |
   8003 | 9.59638e+01 1.19909e-02 | 1.25331e-02 1.07867e-01 1.39114e-01 |
   8004 | 9.59758e+01 1.19909e-02 | 1.25331e-02 1.07867e-01 1.39114e-01 |
   8005 | 9.59878e+01 1.19909e-02 | 1.25331e-02 1.07867e-01 1.39114e-01 |
   8006 | 9.59998e+01 1.19909e-02 | 1.25331e-02 1.07867e-01 1.39114e-01 |
   8007 | 9.60118e+01 1.19909e-02 | 1.25331e-02 1.07867e-01 1.39114e-01 |
   8008 | 9.60238e+01 1.19909e-02 | 1.25331e-02 1.07867e-01 1.39114e-01 |
   8009 | 9.60358e+01 1.19909e-02 | 1.25331e-02 1.07867e-01 1.39114e-01 |
   8010 | 9.60477e+01 1.19909e-02 | 1.25331e-02 1.07867e-01 1.39114e-01 |
   8011 | 9.60597e+01 1.19909e-02 | 1.25331e-02 1.07867e-01 1.39114e-01 |
   8012 | 9.60717e+01 1.19908e-02 | 1.25331e-02 1.07867e-01 1.39114e-01 |
   8013 | 9.60837e+01 1.19908e-02 | 1.25331e-02 1.07867e-01 1.39114e-01 |
   8014 | 9.60957e+01 1.19908e-02 | 1.25331e-02 1.07867e-01 1.39114e-01 |
   8015 | 9.61077e+01 1.19908e-02 | 1.25331e-02 1.07867e-01 1.39114e-01 |
   8016 | 9.61197e+01 1.19908e-02 | 1.25331e-02 1.07867e-01 1.39114e-01 |
   8017 | 9.61317e+01 1.19908e-02 | 1.25331e-02 1.07867e-01 1.39114e-01 |
   8018 | 9.61437e+01 1.19909e-02 | 1.25331e-02 1.07867e-01 1.39114e-01 |
   8019 | 9.61557e+01 1.19909e-02 | 1.25331e-02 1.07867e-01 1.39114e-01 |
   8020 | 9.61677e+01 1.19909e-02 | 1.25331e-02 1.07867e-01 1.39114e-01 |
   8021 | 9.61796e+01 1.19909e-02 | 1.25331e-02 1.07867e-01 1.39114e-01 |
   8022 | 9.61916e+01 1.19909e-02 | 1.25331e-02 1.07867e-01 1.39114e-01 |
   8023 | 9.62036e+01 1.19909e-02 | 1.25331e-02 1.07867e-01 1.39114e-01 |
   8024 | 9.62156e+01 1.19909e-02 | 1.25331e-02 1.07867e-01 1.39114e-01 |
   8025 | 9.62276e+01 1.19909e-02 | 1.25331e-02 1.07867e-01 1.39114e-01 |
   8026 | 9.62396e+01 1.19909e-02 | 1.25331e-02 1.07867e-01 1.39114e-01 |
   8027 | 9.62516e+01 1.19909e-02 | 1.25331e-02 1.07867e-01 1.39114e-01 |
   8028 | 9.62636e+01 1.19910e-02 | 1.25331e-02 1.07867e-01 1.39114e-01 |
   8029 | 9.62756e+01 1.19910e-02 | 1.25331e-02 1.07867e-01 1.39114e-01 |
   8030 | 9.62876e+01 1.19910e-02 | 1.25331e-02 1.07867e-01 1.39114e-01 |
   8031 | 9.62996e+01 1.19910e-02 | 1.25331e-02 1.07867e-01 1.39114e-01 |
   8032 | 9.63115e+01 1.19910e-02 | 1.25331e-02 1.07867e-01 1.39114e-01 |
   8033 | 9.63235e+01 1.19911e-02 | 1.25331e-02 1.07867e-01 1.39114e-01 |
   8034 | 9.63355e+01 1.19910e-02 | 1.25331e-02 1.07867e-01 1.39114e-01 |
   8035 | 9.63475e+01 1.19910e-02 | 1.25331e-02 1.07867e-01 1.39114e-01 |
   8036 | 9.63595e+01 1.19910e-02 | 1.25331e-02 1.07867e-01 1.39114e-01 |
   8037 | 9.63715e+01 1.19910e-02 | 1.25331e-02 1.07867e-01 1.39114e-01 |
   8038 | 9.63835e+01 1.19910e-02 | 1.25331e-02 1.07867e-01 1.39114e-01 |
   8039 | 9.63955e+01 1.19909e-02 | 1.25331e-02 1.07867e-01 1.39114e-01 |
   8040 | 9.64075e+01 1.19909e-02 | 1.25331e-02 1.07867e-01 1.39114e-01 |
   8041 | 9.64195e+01 1.19909e-02 | 1.25331e-02 1.07867e-01 1.39114e-01 |
   8042 | 9.64315e+01 1.19909e-02 | 1.25331e-02 1.07867e-01 1.39114e-01 |
   8043 | 9.64434e+01 1.19909e-02 | 1.25331e-02 1.07867e-01 1.39114e-01 |
   8044 | 9.64554e+01 1.19909e-02 | 1.25331e-02 1.07867e-01 1.39114e-01 |
   8045 | 9.64674e+01 1.19909e-02 | 1.25331e-02 1.07867e-01 1.39114e-01 |
   8046 | 9.64794e+01 1.19909e-02 | 1.25331e-02 1.07867e-01 1.39114e-01 |
   8047 | 9.64914e+01 1.19909e-02 | 1.25331e-02 1.07867e-01 1.39114e-01 |
   8048 | 9.65034e+01 1.19908e-02 | 1.25331e-02 1.07867e-01 1.39114e-01 |
   8049 | 9.65154e+01 1.19908e-02 | 1.25331e-02 1.07867e-01 1.39114e-01 |
   8050 | 9.65274e+01 1.19908e-02 | 1.25331e-02 1.07867e-01 1.39114e-01 |
   8051 | 9.65394e+01 1.19908e-02 | 1.25331e-02 1.07867e-01 1.39114e-01 |
   8052 | 9.65514e+01 1.19908e-02 | 1.25331e-02 1.07867e-01 1.39114e-01 |
   8053 | 9.65634e+01 1.19908e-02 | 1.25331e-02 1.07867e-01 1.39114e-01 |
   8054 | 9.65753e+01 1.19908e-02 | 1.25331e-02 1.07867e-01 1.39114e-01 |
   8055 | 9.65873e+01 1.19908e-02 | 1.25331e-02 1.07867e-01 1.39114e-01 |
   8056 | 9.65993e+01 1.19909e-02 | 1.25331e-02 1.07867e-01 1.39114e-01 |
   8057 | 9.66113e+01 1.19909e-02 | 1.25331e-02 1.07867e-01 1.39114e-01 |
   8058 | 9.66233e+01 1.19909e-02 | 1.25331e-02 1.07867e-01 1.39114e-01 |
   8059 | 9.66353e+01 1.19909e-02 | 1.25331e-02 1.07867e-01 1.39114e-01 |
   8060 | 9.66473e+01 1.19909e-02 | 1.25331e-02 1.07867e-01 1.39114e-01 |
   8061 | 9.66593e+01 1.19909e-02 | 1.25331e-02 1.07867e-01 1.39114e-01 |
   8062 | 9.66713e+01 1.19909e-02 | 1.25331e-02 1.07867e-01 1.39114e-01 |
   8063 | 9.66833e+01 1.19909e-02 | 1.25331e-02 1.07867e-01 1.39114e-01 |
   8064 | 9.66953e+01 1.19909e-02 | 1.25331e-02 1.07867e-01 1.39114e-01 |
   8065 | 9.67072e+01 1.19910e-02 | 1.25331e-02 1.07867e-01 1.39114e-01 |
   8066 | 9.67192e+01 1.19910e-02 | 1.25331e-02 1.07867e-01 1.39114e-01 |
   8067 | 9.67312e+01 1.19910e-02 | 1.25331e-02 1.07867e-01 1.39114e-01 |
   8068 | 9.67432e+01 1.19910e-02 | 1.25331e-02 1.07867e-01 1.39114e-01 |
   8069 | 9.67552e+01 1.19910e-02 | 1.25331e-02 1.07867e-01 1.39114e-01 |
   8070 | 9.67672e+01 1.19911e-02 | 1.25331e-02 1.07867e-01 1.39114e-01 |
   8071 | 9.67792e+01 1.19911e-02 | 1.25331e-02 1.07867e-01 1.39114e-01 |
   8072 | 9.67912e+01 1.19911e-02 | 1.25331e-02 1.07867e-01 1.39114e-01 |
   8073 | 9.68032e+01 1.19911e-02 | 1.25331e-02 1.07867e-01 1.39114e-01 |
   8074 | 9.68152e+01 1.19912e-02 | 1.25331e-02 1.07867e-01 1.39114e-01 |
   8075 | 9.68272e+01 1.19912e-02 | 1.25331e-02 1.07867e-01 1.39114e-01 |
   8076 | 9.68391e+01 1.19912e-02 | 1.25331e-02 1.07867e-01 1.39114e-01 |
   8077 | 9.68511e+01 1.19912e-02 | 1.25331e-02 1.07867e-01 1.39114e-01 |
   8078 | 9.68631e+01 1.19912e-02 | 1.25331e-02 1.07867e-01 1.39114e-01 |
   8079 | 9.68751e+01 1.19911e-02 | 1.25331e-02 1.07867e-01 1.39114e-01 |
   8080 | 9.68871e+01 1.19911e-02 | 1.25331e-02 1.07867e-01 1.39114e-01 |
   8081 | 9.68991e+01 1.19911e-02 | 1.25331e-02 1.07867e-01 1.39114e-01 |
   8082 | 9.69111e+01 1.19911e-02 | 1.25331e-02 1.07867e-01 1.39114e-01 |
   8083 | 9.69231e+01 1.19911e-02 | 1.25331e-02 1.07867e-01 1.39114e-01 |
   8084 | 9.69351e+01 1.19910e-02 | 1.25331e-02 1.07867e-01 1.39114e-01 |
   8085 | 9.69471e+01 1.19910e-02 | 1.25331e-02 1.07867e-01 1.39114e-01 |
   8086 | 9.69591e+01 1.19910e-02 | 1.25331e-02 1.07867e-01 1.39114e-01 |
   8087 | 9.69711e+01 1.19910e-02 | 1.25331e-02 1.07867e-01 1.39114e-01 |
   8088 | 9.69830e+01 1.19910e-02 | 1.25331e-02 1.07867e-01 1.39114e-01 |
   8089 | 9.69950e+01 1.19910e-02 | 1.25331e-02 1.07867e-01 1.39114e-01 |
   8090 | 9.70070e+01 1.19910e-02 | 1.25331e-02 1.07867e-01 1.39114e-01 |
   8091 | 9.70190e+01 1.19910e-02 | 1.25331e-02 1.07867e-01 1.39114e-01 |
   8092 | 9.70310e+01 1.19910e-02 | 1.25331e-02 1.07867e-01 1.39114e-01 |
   8093 | 9.70430e+01 1.19910e-02 | 1.25331e-02 1.07867e-01 1.39114e-01 |
   8094 | 9.70550e+01 1.19910e-02 | 1.25331e-02 1.07867e-01 1.39114e-01 |
   8095 | 9.70670e+01 1.19910e-02 | 1.25331e-02 1.07867e-01 1.39114e-01 |
   8096 | 9.70790e+01 1.19910e-02 | 1.25331e-02 1.07867e-01 1.39114e-01 |
   8097 | 9.70910e+01 1.19910e-02 | 1.25331e-02 1.07867e-01 1.39114e-01 |
   8098 | 9.71030e+01 1.19910e-02 | 1.25331e-02 1.07867e-01 1.39114e-01 |
   8099 | 9.71149e+01 1.19910e-02 | 1.25331e-02 1.07867e-01 1.39114e-01 |
   8100 | 9.71269e+01 1.19910e-02 | 1.25331e-02 1.07867e-01 1.39114e-01 |
   8101 | 9.71389e+01 1.19910e-02 | 1.25331e-02 1.07867e-01 1.39114e-01 |
   8102 | 9.71509e+01 1.19910e-02 | 1.25331e-02 1.07867e-01 1.39114e-01 |
   8103 | 9.71629e+01 1.19910e-02 | 1.25331e-02 1.07867e-01 1.39114e-01 |
   8104 | 9.71749e+01 1.19910e-02 | 1.25331e-02 1.07867e-01 1.39114e-01 |
   8105 | 9.71869e+01 1.19910e-02 | 1.25331e-02 1.07867e-01 1.39114e-01 |
   8106 | 9.71989e+01 1.19910e-02 | 1.25331e-02 1.07867e-01 1.39114e-01 |
   8107 | 9.72109e+01 1.19910e-02 | 1.25331e-02 1.07867e-01 1.39114e-01 |
   8108 | 9.72229e+01 1.19911e-02 | 1.25331e-02 1.07867e-01 1.39114e-01 |
   8109 | 9.72349e+01 1.19911e-02 | 1.25331e-02 1.07867e-01 1.39114e-01 |
   8110 | 9.72468e+01 1.19911e-02 | 1.25331e-02 1.07867e-01 1.39114e-01 |
   8111 | 9.72588e+01 1.19911e-02 | 1.25331e-02 1.07867e-01 1.39114e-01 |
   8112 | 9.72708e+01 1.19911e-02 | 1.25331e-02 1.07867e-01 1.39114e-01 |
   8113 | 9.72828e+01 1.19912e-02 | 1.25331e-02 1.07867e-01 1.39114e-01 |
   8114 | 9.72948e+01 1.19912e-02 | 1.25331e-02 1.07867e-01 1.39114e-01 |
   8115 | 9.73068e+01 1.19911e-02 | 1.25331e-02 1.07867e-01 1.39114e-01 |
   8116 | 9.73188e+01 1.19911e-02 | 1.25331e-02 1.07867e-01 1.39114e-01 |
   8117 | 9.73308e+01 1.19911e-02 | 1.25331e-02 1.07867e-01 1.39114e-01 |
   8118 | 9.73428e+01 1.19911e-02 | 1.25331e-02 1.07867e-01 1.39114e-01 |
   8119 | 9.73548e+01 1.19910e-02 | 1.25331e-02 1.07867e-01 1.39114e-01 |
   8120 | 9.73668e+01 1.19910e-02 | 1.25331e-02 1.07867e-01 1.39114e-01 |
   8121 | 9.73787e+01 1.19910e-02 | 1.25331e-02 1.07867e-01 1.39114e-01 |
   8122 | 9.73907e+01 1.19910e-02 | 1.25331e-02 1.07867e-01 1.39114e-01 |
   8123 | 9.74027e+01 1.19910e-02 | 1.25331e-02 1.07867e-01 1.39114e-01 |
   8124 | 9.74147e+01 1.19910e-02 | 1.25331e-02 1.07867e-01 1.39114e-01 |
   8125 | 9.74267e+01 1.19910e-02 | 1.25331e-02 1.07867e-01 1.39114e-01 |
   8126 | 9.74387e+01 1.19910e-02 | 1.25331e-02 1.07867e-01 1.39114e-01 |
   8127 | 9.74507e+01 1.19909e-02 | 1.25331e-02 1.07867e-01 1.39114e-01 |
   8128 | 9.74627e+01 1.19909e-02 | 1.25331e-02 1.07867e-01 1.39114e-01 |
   8129 | 9.74747e+01 1.19909e-02 | 1.25331e-02 1.07867e-01 1.39114e-01 |
   8130 | 9.74867e+01 1.19909e-02 | 1.25331e-02 1.07867e-01 1.39114e-01 |
   8131 | 9.74987e+01 1.19909e-02 | 1.25331e-02 1.07867e-01 1.39114e-01 |
   8132 | 9.75106e+01 1.19909e-02 | 1.25331e-02 1.07867e-01 1.39114e-01 |
   8133 | 9.75226e+01 1.19909e-02 | 1.25331e-02 1.07867e-01 1.39114e-01 |
   8134 | 9.75346e+01 1.19909e-02 | 1.25331e-02 1.07867e-01 1.39114e-01 |
   8135 | 9.75466e+01 1.19909e-02 | 1.25331e-02 1.07867e-01 1.39114e-01 |
   8136 | 9.75586e+01 1.19909e-02 | 1.25331e-02 1.07867e-01 1.39114e-01 |
   8137 | 9.75706e+01 1.19909e-02 | 1.25331e-02 1.07867e-01 1.39114e-01 |
   8138 | 9.75826e+01 1.19909e-02 | 1.25331e-02 1.07867e-01 1.39114e-01 |
   8139 | 9.75946e+01 1.19910e-02 | 1.25331e-02 1.07867e-01 1.39114e-01 |
   8140 | 9.76066e+01 1.19910e-02 | 1.25331e-02 1.07867e-01 1.39114e-01 |
   8141 | 9.76186e+01 1.19910e-02 | 1.25331e-02 1.07867e-01 1.39114e-01 |
   8142 | 9.76306e+01 1.19910e-02 | 1.25331e-02 1.07867e-01 1.39114e-01 |
   8143 | 9.76425e+01 1.19910e-02 | 1.25331e-02 1.07867e-01 1.39114e-01 |
   8144 | 9.76545e+01 1.19910e-02 | 1.25331e-02 1.07867e-01 1.39114e-01 |
   8145 | 9.76665e+01 1.19910e-02 | 1.25331e-02 1.07867e-01 1.39114e-01 |
   8146 | 9.76785e+01 1.19910e-02 | 1.25331e-02 1.07867e-01 1.39114e-01 |
   8147 | 9.76905e+01 1.19911e-02 | 1.25331e-02 1.07867e-01 1.39114e-01 |
   8148 | 9.77025e+01 1.19911e-02 | 1.25331e-02 1.07867e-01 1.39114e-01 |
   8149 | 9.77145e+01 1.19910e-02 | 1.25331e-02 1.07867e-01 1.39114e-01 |
   8150 | 9.77265e+01 1.19910e-02 | 1.25331e-02 1.07867e-01 1.39114e-01 |
   8151 | 9.77385e+01 1.19910e-02 | 1.25331e-02 1.07867e-01 1.39114e-01 |
   8152 | 9.77505e+01 1.19910e-02 | 1.25331e-02 1.07867e-01 1.39114e-01 |
   8153 | 9.77625e+01 1.19910e-02 | 1.25331e-02 1.07867e-01 1.39114e-01 |
   8154 | 9.77744e+01 1.19910e-02 | 1.25331e-02 1.07867e-01 1.39114e-01 |
   8155 | 9.77864e+01 1.19910e-02 | 1.25331e-02 1.07867e-01 1.39114e-01 |
   8156 | 9.77984e+01 1.19910e-02 | 1.25331e-02 1.07867e-01 1.39114e-01 |
   8157 | 9.78104e+01 1.19910e-02 | 1.25331e-02 1.07867e-01 1.39114e-01 |
   8158 | 9.78224e+01 1.19909e-02 | 1.25331e-02 1.07867e-01 1.39114e-01 |
   8159 | 9.78344e+01 1.19909e-02 | 1.25331e-02 1.07867e-01 1.39114e-01 |
   8160 | 9.78464e+01 1.19909e-02 | 1.25331e-02 1.07867e-01 1.39114e-01 |
   8161 | 9.78584e+01 1.19909e-02 | 1.25331e-02 1.07867e-01 1.39114e-01 |
   8162 | 9.78704e+01 1.19909e-02 | 1.25331e-02 1.07867e-01 1.39114e-01 |
   8163 | 9.78824e+01 1.19909e-02 | 1.25331e-02 1.07867e-01 1.39114e-01 |
   8164 | 9.78944e+01 1.19909e-02 | 1.25331e-02 1.07867e-01 1.39114e-01 |
   8165 | 9.79063e+01 1.19909e-02 | 1.25331e-02 1.07867e-01 1.39114e-01 |
   8166 | 9.79183e+01 1.19909e-02 | 1.25331e-02 1.07867e-01 1.39114e-01 |
   8167 | 9.79303e+01 1.19909e-02 | 1.25331e-02 1.07867e-01 1.39114e-01 |
   8168 | 9.79423e+01 1.19909e-02 | 1.25331e-02 1.07867e-01 1.39114e-01 |
   8169 | 9.79543e+01 1.19909e-02 | 1.25331e-02 1.07867e-01 1.39114e-01 |
   8170 | 9.79663e+01 1.19909e-02 | 1.25331e-02 1.07867e-01 1.39114e-01 |
   8171 | 9.79783e+01 1.19909e-02 | 1.25331e-02 1.07867e-01 1.39114e-01 |
   8172 | 9.79903e+01 1.19909e-02 | 1.25331e-02 1.07867e-01 1.39114e-01 |
   8173 | 9.80023e+01 1.19909e-02 | 1.25331e-02 1.07867e-01 1.39114e-01 |
   8174 | 9.80143e+01 1.19909e-02 | 1.25331e-02 1.07867e-01 1.39114e-01 |
   8175 | 9.80263e+01 1.19909e-02 | 1.25331e-02 1.07867e-01 1.39114e-01 |
   8176 | 9.80382e+01 1.19909e-02 | 1.25331e-02 1.07867e-01 1.39114e-01 |
   8177 | 9.80502e+01 1.19909e-02 | 1.25331e-02 1.07867e-01 1.39114e-01 |
   8178 | 9.80622e+01 1.19909e-02 | 1.25331e-02 1.07867e-01 1.39114e-01 |
   8179 | 9.80742e+01 1.19909e-02 | 1.25331e-02 1.07867e-01 1.39114e-01 |
   8180 | 9.80862e+01 1.19910e-02 | 1.25331e-02 1.07867e-01 1.39114e-01 |
   8181 | 9.80982e+01 1.19910e-02 | 1.25331e-02 1.07867e-01 1.39114e-01 |
   8182 | 9.81102e+01 1.19910e-02 | 1.25331e-02 1.07867e-01 1.39114e-01 |
   8183 | 9.81222e+01 1.19910e-02 | 1.25331e-02 1.07867e-01 1.39114e-01 |
   8184 | 9.81342e+01 1.19910e-02 | 1.25331e-02 1.07867e-01 1.39114e-01 |
   8185 | 9.81462e+01 1.19910e-02 | 1.25331e-02 1.07867e-01 1.39114e-01 |
   8186 | 9.81582e+01 1.19911e-02 | 1.25331e-02 1.07867e-01 1.39114e-01 |
   8187 | 9.81701e+01 1.19911e-02 | 1.25331e-02 1.07867e-01 1.39114e-01 |
   8188 | 9.81821e+01 1.19911e-02 | 1.25331e-02 1.07867e-01 1.39114e-01 |
   8189 | 9.81941e+01 1.19910e-02 | 1.25331e-02 1.07867e-01 1.39114e-01 |
   8190 | 9.82061e+01 1.19910e-02 | 1.25331e-02 1.07867e-01 1.39114e-01 |
   8191 | 9.82181e+01 1.19910e-02 | 1.25331e-02 1.07867e-01 1.39114e-01 |
   8192 | 9.82301e+01 1.19910e-02 | 1.25331e-02 1.07867e-01 1.39114e-01 |
   8193 | 9.82421e+01 1.19910e-02 | 1.25331e-02 1.07867e-01 1.39114e-01 |
   8194 | 9.82541e+01 1.19910e-02 | 1.25331e-02 1.07867e-01 1.39114e-01 |
   8195 | 9.82661e+01 1.19910e-02 | 1.25331e-02 1.07867e-01 1.39114e-01 |
   8196 | 9.82781e+01 1.19910e-02 | 1.25331e-02 1.07867e-01 1.39114e-01 |
   8197 | 9.82901e+01 1.19910e-02 | 1.25331e-02 1.07867e-01 1.39114e-01 |
   8198 | 9.83021e+01 1.19910e-02 | 1.25331e-02 1.07867e-01 1.39114e-01 |
   8199 | 9.83140e+01 1.19910e-02 | 1.25331e-02 1.07867e-01 1.39114e-01 |
   8200 | 9.83260e+01 1.19910e-02 | 1.25331e-02 1.07867e-01 1.39114e-01 |
   8201 | 9.83380e+01 1.19910e-02 | 1.25331e-02 1.07867e-01 1.39114e-01 |
   8202 | 9.83500e+01 1.19910e-02 | 1.25331e-02 1.07867e-01 1.39114e-01 |
   8203 | 9.83620e+01 1.19910e-02 | 1.25331e-02 1.07867e-01 1.39114e-01 |
   8204 | 9.83740e+01 1.19910e-02 | 1.25331e-02 1.07867e-01 1.39114e-01 |
   8205 | 9.83860e+01 1.19910e-02 | 1.25331e-02 1.07867e-01 1.39114e-01 |
   8206 | 9.83980e+01 1.19910e-02 | 1.25331e-02 1.07867e-01 1.39114e-01 |
   8207 | 9.84100e+01 1.19910e-02 | 1.25331e-02 1.07867e-01 1.39114e-01 |
   8208 | 9.84220e+01 1.19910e-02 | 1.25331e-02 1.07867e-01 1.39114e-01 |
   8209 | 9.84340e+01 1.19911e-02 | 1.25331e-02 1.07867e-01 1.39114e-01 |
   8210 | 9.84459e+01 1.19911e-02 | 1.25331e-02 1.07867e-01 1.39114e-01 |
   8211 | 9.84579e+01 1.19911e-02 | 1.25331e-02 1.07867e-01 1.39114e-01 |
   8212 | 9.84699e+01 1.19911e-02 | 1.25331e-02 1.07867e-01 1.39114e-01 |
   8213 | 9.84819e+01 1.19911e-02 | 1.25331e-02 1.07867e-01 1.39114e-01 |
   8214 | 9.84939e+01 1.19911e-02 | 1.25331e-02 1.07867e-01 1.39114e-01 |
   8215 | 9.85059e+01 1.19912e-02 | 1.25331e-02 1.07867e-01 1.39114e-01 |
   8216 | 9.85179e+01 1.19912e-02 | 1.25331e-02 1.07867e-01 1.39114e-01 |
   8217 | 9.85299e+01 1.19912e-02 | 1.25331e-02 1.07867e-01 1.39114e-01 |
   8218 | 9.85419e+01 1.19912e-02 | 1.25331e-02 1.07867e-01 1.39114e-01 |
   8219 | 9.85539e+01 1.19912e-02 | 1.25331e-02 1.07867e-01 1.39114e-01 |
   8220 | 9.85659e+01 1.19912e-02 | 1.25331e-02 1.07867e-01 1.39114e-01 |
   8221 | 9.85778e+01 1.19912e-02 | 1.25331e-02 1.07867e-01 1.39114e-01 |
   8222 | 9.85898e+01 1.19912e-02 | 1.25331e-02 1.07867e-01 1.39114e-01 |
   8223 | 9.86018e+01 1.19911e-02 | 1.25331e-02 1.07867e-01 1.39114e-01 |
   8224 | 9.86138e+01 1.19911e-02 | 1.25331e-02 1.07867e-01 1.39114e-01 |
   8225 | 9.86258e+01 1.19911e-02 | 1.25331e-02 1.07867e-01 1.39114e-01 |
   8226 | 9.86378e+01 1.19911e-02 | 1.25331e-02 1.07867e-01 1.39114e-01 |
   8227 | 9.86498e+01 1.19911e-02 | 1.25331e-02 1.07867e-01 1.39114e-01 |
   8228 | 9.86618e+01 1.19911e-02 | 1.25331e-02 1.07867e-01 1.39114e-01 |
   8229 | 9.86738e+01 1.19911e-02 | 1.25331e-02 1.07867e-01 1.39114e-01 |
   8230 | 9.86858e+01 1.19910e-02 | 1.25331e-02 1.07867e-01 1.39114e-01 |
   8231 | 9.86978e+01 1.19910e-02 | 1.25331e-02 1.07867e-01 1.39114e-01 |
   8232 | 9.87097e+01 1.19910e-02 | 1.25331e-02 1.07867e-01 1.39114e-01 |
   8233 | 9.87217e+01 1.19910e-02 | 1.25331e-02 1.07867e-01 1.39114e-01 |
   8234 | 9.87337e+01 1.19910e-02 | 1.25331e-02 1.07867e-01 1.39114e-01 |
   8235 | 9.87457e+01 1.19910e-02 | 1.25331e-02 1.07867e-01 1.39114e-01 |
   8236 | 9.87577e+01 1.19910e-02 | 1.25331e-02 1.07867e-01 1.39114e-01 |
   8237 | 9.87697e+01 1.19910e-02 | 1.25331e-02 1.07867e-01 1.39114e-01 |
   8238 | 9.87817e+01 1.19910e-02 | 1.25331e-02 1.07867e-01 1.39114e-01 |
   8239 | 9.87937e+01 1.19910e-02 | 1.25331e-02 1.07867e-01 1.39114e-01 |
   8240 | 9.88057e+01 1.19910e-02 | 1.25331e-02 1.07867e-01 1.39114e-01 |
   8241 | 9.88177e+01 1.19910e-02 | 1.25331e-02 1.07867e-01 1.39114e-01 |
   8242 | 9.88297e+01 1.19910e-02 | 1.25331e-02 1.07867e-01 1.39114e-01 |
   8243 | 9.88416e+01 1.19911e-02 | 1.25331e-02 1.07867e-01 1.39114e-01 |
   8244 | 9.88536e+01 1.19911e-02 | 1.25331e-02 1.07867e-01 1.39114e-01 |
   8245 | 9.88656e+01 1.19911e-02 | 1.25331e-02 1.07867e-01 1.39114e-01 |
   8246 | 9.88776e+01 1.19911e-02 | 1.25331e-02 1.07867e-01 1.39114e-01 |
   8247 | 9.88896e+01 1.19911e-02 | 1.25331e-02 1.07867e-01 1.39114e-01 |
   8248 | 9.89016e+01 1.19911e-02 | 1.25331e-02 1.07867e-01 1.39114e-01 |
   8249 | 9.89136e+01 1.19911e-02 | 1.25331e-02 1.07867e-01 1.39114e-01 |
   8250 | 9.89256e+01 1.19911e-02 | 1.25331e-02 1.07867e-01 1.39114e-01 |
   8251 | 9.89376e+01 1.19911e-02 | 1.25331e-02 1.07867e-01 1.39114e-01 |
   8252 | 9.89496e+01 1.19911e-02 | 1.25331e-02 1.07867e-01 1.39114e-01 |
   8253 | 9.89616e+01 1.19911e-02 | 1.25331e-02 1.07867e-01 1.39114e-01 |
   8254 | 9.89736e+01 1.19911e-02 | 1.25331e-02 1.07867e-01 1.39114e-01 |
   8255 | 9.89855e+01 1.19911e-02 | 1.25331e-02 1.07867e-01 1.39114e-01 |
   8256 | 9.89975e+01 1.19911e-02 | 1.25331e-02 1.07867e-01 1.39114e-01 |
   8257 | 9.90095e+01 1.19912e-02 | 1.25331e-02 1.07867e-01 1.39114e-01 |
   8258 | 9.90215e+01 1.19912e-02 | 1.25331e-02 1.07867e-01 1.39114e-01 |
   8259 | 9.90335e+01 1.19911e-02 | 1.25331e-02 1.07867e-01 1.39114e-01 |
   8260 | 9.90455e+01 1.19911e-02 | 1.25331e-02 1.07867e-01 1.39114e-01 |
   8261 | 9.90575e+01 1.19911e-02 | 1.25331e-02 1.07867e-01 1.39114e-01 |
   8262 | 9.90695e+01 1.19910e-02 | 1.25331e-02 1.07867e-01 1.39114e-01 |
   8263 | 9.90815e+01 1.19910e-02 | 1.25331e-02 1.07867e-01 1.39114e-01 |
   8264 | 9.90935e+01 1.19910e-02 | 1.25331e-02 1.07867e-01 1.39114e-01 |
   8265 | 9.91055e+01 1.19910e-02 | 1.25331e-02 1.07867e-01 1.39114e-01 |
   8266 | 9.91174e+01 1.19910e-02 | 1.25331e-02 1.07867e-01 1.39114e-01 |
   8267 | 9.91294e+01 1.19909e-02 | 1.25331e-02 1.07867e-01 1.39114e-01 |
   8268 | 9.91414e+01 1.19909e-02 | 1.25331e-02 1.07867e-01 1.39114e-01 |
   8269 | 9.91534e+01 1.19909e-02 | 1.25331e-02 1.07867e-01 1.39114e-01 |
   8270 | 9.91654e+01 1.19909e-02 | 1.25331e-02 1.07867e-01 1.39114e-01 |
   8271 | 9.91774e+01 1.19909e-02 | 1.25331e-02 1.07867e-01 1.39114e-01 |
   8272 | 9.91894e+01 1.19909e-02 | 1.25331e-02 1.07867e-01 1.39114e-01 |
   8273 | 9.92014e+01 1.19909e-02 | 1.25331e-02 1.07867e-01 1.39114e-01 |
   8274 | 9.92134e+01 1.19909e-02 | 1.25331e-02 1.07867e-01 1.39114e-01 |
   8275 | 9.92254e+01 1.19909e-02 | 1.25331e-02 1.07867e-01 1.39114e-01 |
   8276 | 9.92374e+01 1.19909e-02 | 1.25331e-02 1.07867e-01 1.39114e-01 |
   8277 | 9.92493e+01 1.19908e-02 | 1.25331e-02 1.07867e-01 1.39114e-01 |
   8278 | 9.92613e+01 1.19908e-02 | 1.25331e-02 1.07867e-01 1.39114e-01 |
   8279 | 9.92733e+01 1.19908e-02 | 1.25331e-02 1.07867e-01 1.39114e-01 |
   8280 | 9.92853e+01 1.19908e-02 | 1.25331e-02 1.07867e-01 1.39114e-01 |
   8281 | 9.92973e+01 1.19908e-02 | 1.25331e-02 1.07867e-01 1.39114e-01 |
   8282 | 9.93093e+01 1.19908e-02 | 1.25331e-02 1.07867e-01 1.39114e-01 |
   8283 | 9.93213e+01 1.19908e-02 | 1.25331e-02 1.07867e-01 1.39114e-01 |
   8284 | 9.93333e+01 1.19909e-02 | 1.25331e-02 1.07867e-01 1.39114e-01 |
   8285 | 9.93453e+01 1.19909e-02 | 1.25331e-02 1.07867e-01 1.39114e-01 |
   8286 | 9.93573e+01 1.19909e-02 | 1.25331e-02 1.07867e-01 1.39114e-01 |
   8287 | 9.93693e+01 1.19909e-02 | 1.25331e-02 1.07867e-01 1.39114e-01 |
   8288 | 9.93812e+01 1.19909e-02 | 1.25331e-02 1.07867e-01 1.39114e-01 |
   8289 | 9.93932e+01 1.19909e-02 | 1.25331e-02 1.07867e-01 1.39114e-01 |
   8290 | 9.94052e+01 1.19909e-02 | 1.25331e-02 1.07867e-01 1.39114e-01 |
   8291 | 9.94172e+01 1.19909e-02 | 1.25331e-02 1.07867e-01 1.39114e-01 |
   8292 | 9.94292e+01 1.19909e-02 | 1.25331e-02 1.07867e-01 1.39114e-01 |
   8293 | 9.94412e+01 1.19910e-02 | 1.25331e-02 1.07867e-01 1.39114e-01 |
   8294 | 9.94532e+01 1.19910e-02 | 1.25331e-02 1.07867e-01 1.39114e-01 |
   8295 | 9.94652e+01 1.19910e-02 | 1.25331e-02 1.07867e-01 1.39114e-01 |
   8296 | 9.94772e+01 1.19910e-02 | 1.25331e-02 1.07867e-01 1.39114e-01 |
   8297 | 9.94892e+01 1.19910e-02 | 1.25331e-02 1.07867e-01 1.39114e-01 |
   8298 | 9.95012e+01 1.19911e-02 | 1.25331e-02 1.07867e-01 1.39114e-01 |
   8299 | 9.95131e+01 1.19911e-02 | 1.25331e-02 1.07867e-01 1.39114e-01 |
   8300 | 9.95251e+01 1.19911e-02 | 1.25331e-02 1.07867e-01 1.39114e-01 |
   8301 | 9.95371e+01 1.19910e-02 | 1.25331e-02 1.07867e-01 1.39114e-01 |
   8302 | 9.95491e+01 1.19910e-02 | 1.25331e-02 1.07867e-01 1.39114e-01 |
[DELETEMATRIX] !
[DELETEMATRIX] !
[DELETEMATRIX] !
[DELETEMATRIX] !
[DELETEMATRIX] !
[DELETEMATRIX] !
[DELETEMATRIX] !
[DELETEMATRIX] !
[DELETEMATRIX] !
[DELETEMATRIX] !
[DELETEMATRIX] !
[DELETEMATRIX] !
[DELETEMATRIX] !
[DELETEMATRIX] !
[DELETEMATRIX] !
[DELETEMATRIX] !
[DELETEMATRIX] !
[DELETEMATRIX] !
[DELETEMATRIX] !
[DELETEMATRIX] !
[DELETEMATRIX] !
[DELETEMATRIX] !
[DELETEMATRIX] !
[DELETEMATRIX] !
[DELETEMATRIX] !
[DELETEMATRIX] !
[DELETEMATRIX] !
[DELETEMATRIX] !
[DELETEMATRIX] !
[DELETEMATRIX] !
[DELETEMATRIX] !
[DELETEMATRIX] !
[DELETEMATRIX] !
[DELETEMATRIX] !
[DELETEMATRIX] !
[DELETEMATRIX] !
[DELETEMATRIX] !
[DELETEMATRIX] !
[DELETEMATRIX] !
[DELETEMATRIX] !
[DELETEMATRIX] !
[DELETEMATRIX] !
[DELETEMATRIX] !
[DELETEMATRIX] !
[DELETEMATRIX] !
[DELETEMATRIX] !
[DELETEMATRIX] !
[DELETEMATRIX] !
[DELETEMATRIX] !
[DELETEMATRIX] !
[DELETEMATRIX] !
[DELETEMATRIX] !
[DELETEMATRIX] !
[DELETEMATRIX] !
[DELETEMATRIX] !
[DELETEMATRIX] !
[DELETEMATRIX] !
[DELETEMATRIX] !
[DELETEMATRIX] !
[DELETEMATRIX] !
[DELETEMATRIX] !
[DELETEMATRIX] !
[DELETEMATRIX] !
   8303 | 9.95611e+01 1.19910e-02 | 1.25331e-02 1.07867e-01 1.39114e-01 |
   8304 | 9.95731e+01 1.19910e-02 | 1.25331e-02 1.07867e-01 1.39114e-01 |
   8305 | 9.95851e+01 1.19910e-02 | 1.25331e-02 1.07867e-01 1.39114e-01 |
   8306 | 9.95971e+01 1.19909e-02 | 1.25331e-02 1.07867e-01 1.39114e-01 |
   8307 | 9.96091e+01 1.19909e-02 | 1.25331e-02 1.07867e-01 1.39114e-01 |
   8308 | 9.96211e+01 1.19909e-02 | 1.25331e-02 1.07867e-01 1.39114e-01 |
   8309 | 9.96331e+01 1.19909e-02 | 1.25331e-02 1.07867e-01 1.39114e-01 |
   8310 | 9.96450e+01 1.19909e-02 | 1.25331e-02 1.07867e-01 1.39114e-01 |
   8311 | 9.96570e+01 1.19909e-02 | 1.25331e-02 1.07867e-01 1.39114e-01 |
   8312 | 9.96690e+01 1.19909e-02 | 1.25331e-02 1.07867e-01 1.39114e-01 |
   8313 | 9.96810e+01 1.19909e-02 | 1.25331e-02 1.07867e-01 1.39114e-01 |
   8314 | 9.96930e+01 1.19909e-02 | 1.25331e-02 1.07867e-01 1.39114e-01 |
   8315 | 9.97050e+01 1.19909e-02 | 1.25331e-02 1.07867e-01 1.39114e-01 |
   8316 | 9.97170e+01 1.19909e-02 | 1.25331e-02 1.07867e-01 1.39114e-01 |
   8317 | 9.97290e+01 1.19909e-02 | 1.25331e-02 1.07867e-01 1.39114e-01 |
   8318 | 9.97410e+01 1.19909e-02 | 1.25331e-02 1.07867e-01 1.39114e-01 |
   8319 | 9.97530e+01 1.19909e-02 | 1.25331e-02 1.07867e-01 1.39114e-01 |
   8320 | 9.97650e+01 1.19909e-02 | 1.25331e-02 1.07867e-01 1.39114e-01 |
   8321 | 9.97769e+01 1.19909e-02 | 1.25331e-02 1.07867e-01 1.39114e-01 |
   8322 | 9.97889e+01 1.19909e-02 | 1.25331e-02 1.07867e-01 1.39114e-01 |
   8323 | 9.98009e+01 1.19909e-02 | 1.25331e-02 1.07867e-01 1.39114e-01 |
   8324 | 9.98129e+01 1.19909e-02 | 1.25331e-02 1.07867e-01 1.39114e-01 |
   8325 | 9.98249e+01 1.19909e-02 | 1.25331e-02 1.07867e-01 1.39114e-01 |
   8326 | 9.98369e+01 1.19909e-02 | 1.25331e-02 1.07867e-01 1.39114e-01 |
   8327 | 9.98489e+01 1.19909e-02 | 1.25331e-02 1.07867e-01 1.39114e-01 |
   8328 | 9.98609e+01 1.19909e-02 | 1.25331e-02 1.07867e-01 1.39114e-01 |
   8329 | 9.98729e+01 1.19910e-02 | 1.25331e-02 1.07867e-01 1.39114e-01 |
   8330 | 9.98849e+01 1.19910e-02 | 1.25331e-02 1.07867e-01 1.39114e-01 |
   8331 | 9.98969e+01 1.19910e-02 | 1.25331e-02 1.07867e-01 1.39114e-01 |
   8332 | 9.99088e+01 1.19910e-02 | 1.25331e-02 1.07867e-01 1.39114e-01 |
   8333 | 9.99208e+01 1.19910e-02 | 1.25331e-02 1.07867e-01 1.39114e-01 |
   8334 | 9.99328e+01 1.19910e-02 | 1.25331e-02 1.07867e-01 1.39114e-01 |
   8335 | 9.99448e+01 1.19911e-02 | 1.25331e-02 1.07867e-01 1.39114e-01 |
   8336 | 9.99568e+01 1.19911e-02 | 1.25331e-02 1.07867e-01 1.39114e-01 |
   8337 | 9.99688e+01 1.19911e-02 | 1.25331e-02 1.07867e-01 1.39114e-01 |
   8338 | 9.99808e+01 1.19911e-02 | 1.25331e-02 1.07867e-01 1.39114e-01 |
   8339 | 9.99928e+01 1.19910e-02 | 1.25331e-02 1.07867e-01 1.39114e-01 |
   8340 | 1.00000e+02 7.21799e-03 | 1.25331e-02 1.07867e-01 1.39115e-01 |
        | ----------- ----------- | ----------- ----------- ----------- |
        | ----------- ----------- | 2.02779e-08 1.77640e-08 2.77183e-08 | => l1-error norm
        | ----------- 2.20971e-01 | 3.65447e-06 1.72978e-05 1.07740e-05 | => l2-error norm
[DELETEMATRIX] !
srun: Received task exit notification for 64 tasks of StepId=350614.0 (status=0x0000).
srun: hpc-fat05: tasks 0-63: Completed
