srun: defined options
srun: -------------------- --------------------
srun: (null)              : hpc-fat02
srun: cpu-bind            : cores,verbose
srun: cpus-per-task       : 1
srun: distribution        : cyclic:cyclic
srun: exact               : set
srun: jobid               : 350609
srun: job-name            : Vortexbath
srun: mem-per-cpu         : 4G
srun: mpi                 : pmix_v5
srun: nodes               : 1
srun: ntasks              : 32
srun: oom-kill-step       : 0
srun: tres-per-task       : cpu=1
srun: verbose             : 1
srun: -------------------- --------------------
srun: end of defined options
srun: jobid 350609: nodes(1):`hpc-fat02', cpu counts: 32(x1)
srun: CpuBindType=verbose,cores
srun: launching StepId=350609.0 on host hpc-fat02, 32 tasks: [0-31]
cpu-bind=MASK - hpc-fat02, task  0  0 [3038780]: mask 0x10000 set
cpu-bind=MASK - hpc-fat02, task  1  1 [3038781]: mask 0x100000000000000000000 set
cpu-bind=MASK - hpc-fat02, task  2  2 [3038782]: mask 0x20000 set
cpu-bind=MASK - hpc-fat02, task  3  3 [3038783]: mask 0x200000000000000000000 set
cpu-bind=MASK - hpc-fat02, task  4  4 [3038784]: mask 0x40000 set
cpu-bind=MASK - hpc-fat02, task  5  5 [3038785]: mask 0x400000000000000000000 set
cpu-bind=MASK - hpc-fat02, task  6  6 [3038786]: mask 0x80000 set
cpu-bind=MASK - hpc-fat02, task  7  7 [3038787]: mask 0x800000000000000000000 set
cpu-bind=MASK - hpc-fat02, task  8  8 [3038788]: mask 0x100000 set
cpu-bind=MASK - hpc-fat02, task  9  9 [3038789]: mask 0x1000000000000000000000 set
cpu-bind=MASK - hpc-fat02, task 10 10 [3038790]: mask 0x200000 set
cpu-bind=MASK - hpc-fat02, task 11 11 [3038791]: mask 0x2000000000000000000000 set
cpu-bind=MASK - hpc-fat02, task 12 12 [3038792]: mask 0x400000 set
cpu-bind=MASK - hpc-fat02, task 13 13 [3038793]: mask 0x4000000000000000000000 set
cpu-bind=MASK - hpc-fat02, task 14 14 [3038794]: mask 0x800000 set
cpu-bind=MASK - hpc-fat02, task 15 15 [3038795]: mask 0x8000000000000000000000 set
cpu-bind=MASK - hpc-fat02, task 16 16 [3038796]: mask 0x1000000 set
cpu-bind=MASK - hpc-fat02, task 17 17 [3038797]: mask 0x10000000000000000000000 set
cpu-bind=MASK - hpc-fat02, task 18 18 [3038798]: mask 0x2000000 set
cpu-bind=MASK - hpc-fat02, task 19 19 [3038799]: mask 0x20000000000000000000000 set
cpu-bind=MASK - hpc-fat02, task 20 20 [3038800]: mask 0x4000000 set
cpu-bind=MASK - hpc-fat02, task 21 21 [3038801]: mask 0x40000000000000000000000 set
cpu-bind=MASK - hpc-fat02, task 22 22 [3038802]: mask 0x8000000 set
cpu-bind=MASK - hpc-fat02, task 23 23 [3038803]: mask 0x80000000000000000000000 set
cpu-bind=MASK - hpc-fat02, task 24 24 [3038804]: mask 0x10000000 set
cpu-bind=MASK - hpc-fat02, task 25 25 [3038805]: mask 0x100000000000000000000000 set
cpu-bind=MASK - hpc-fat02, task 26 26 [3038806]: mask 0x20000000 set
cpu-bind=MASK - hpc-fat02, task 27 27 [3038807]: mask 0x200000000000000000000000 set
cpu-bind=MASK - hpc-fat02, task 28 28 [3038808]: mask 0x40000000 set
cpu-bind=MASK - hpc-fat02, task 29 29 [3038809]: mask 0x400000000000000000000000 set
cpu-bind=MASK - hpc-fat02, task 30 30 [3038810]: mask 0x80000000 set
cpu-bind=MASK - hpc-fat02, task 31 31 [3038811]: mask 0x800000000000000000000000 set
srun: Node hpc-fat02, 32 tasks started
Data {
  aerosol.linearsolver : PETSc
  discretisation.femtype : Lagrange
  discretisation.numericalflux : WbswLaxFriedrichs
  io.mesh_file : /gpfs/scratch/fortetenreiro/run/Vortex/msh/Vortex_4.msh
  io.mesh_format : ParaGMSH
  io.output_format : HDF5
  io.output_path : /gpfs/scratch/fortetenreiro/run/Vortexbath/visu/R0_M4_P2
  io.restartPath : /gpfs/scratch/fortetenreiro/run/Vortexbath/restart/R0_M4_P2
  io.restartPrefix : restart
  io.visutype : cells
  model.bathymetry : 1;0;ICBC
  model.manning : 1;0;ICBC;CONSTANT;0.00
  model.name : ShallowWater
  testcase.name : Vortexbath
  time.inittype : interpolation
  time.name : RK-3-3
  time.type : cfl
  xml_config_file : /gpfs/scratch/fortetenreiro/run/Vortexbath/xml/R0_M4_P2.xml
  MPI.prank : 0
  MPI.psize : 32
  aerosol.debug : 0
  discretisation.continuous : 0
  discretisation.degree : 2
  io.active : 0
  io.conservativeVariables : 3
  io.mesh_dimension : 2
  io.prepartitioning : 0
  io.redistribution : 1
  io.scalab : 0
  model.dispersion : 0
  model.g : 1
  model.h0 : 1
  time.CFL : 0.2097
  time.tmax : 100
}

(0): ERROR: _PAMPAdmeshCheck: no check could be done with flag PAMPA_OVLP_NOGT enabled
(1): ERROR: _PAMPAdmeshCheck: no check could be done with flag PAMPA_OVLP_NOGT enabled
(2): ERROR: _PAMPAdmeshCheck: no check could be done with flag PAMPA_OVLP_NOGT enabled
(3): ERROR: _PAMPAdmeshCheck: no check could be done with flag PAMPA_OVLP_NOGT enabled
(4): ERROR: _PAMPAdmeshCheck: no check could be done with flag PAMPA_OVLP_NOGT enabled
(5): ERROR: _PAMPAdmeshCheck: no check could be done with flag PAMPA_OVLP_NOGT enabled
(6): ERROR: _PAMPAdmeshCheck: no check could be done with flag PAMPA_OVLP_NOGT enabled
(7): ERROR: _PAMPAdmeshCheck: no check could be done with flag PAMPA_OVLP_NOGT enabled
(8): ERROR: _PAMPAdmeshCheck: no check could be done with flag PAMPA_OVLP_NOGT enabled
(9): ERROR: _PAMPAdmeshCheck: no check could be done with flag PAMPA_OVLP_NOGT enabled
(10): ERROR: _PAMPAdmeshCheck: no check could be done with flag PAMPA_OVLP_NOGT enabled
(11): ERROR: _PAMPAdmeshCheck: no check could be done with flag PAMPA_OVLP_NOGT enabled
(12): ERROR: _PAMPAdmeshCheck: no check could be done with flag PAMPA_OVLP_NOGT enabled
(13): ERROR: _PAMPAdmeshCheck: no check could be done with flag PAMPA_OVLP_NOGT enabled
(14): ERROR: _PAMPAdmeshCheck: no check could be done with flag PAMPA_OVLP_NOGT enabled
(15): ERROR: _PAMPAdmeshCheck: no check could be done with flag PAMPA_OVLP_NOGT enabled
(16): ERROR: _PAMPAdmeshCheck: no check could be done with flag PAMPA_OVLP_NOGT enabled
(17): ERROR: _PAMPAdmeshCheck: no check could be done with flag PAMPA_OVLP_NOGT enabled
(18): ERROR: _PAMPAdmeshCheck: no check could be done with flag PAMPA_OVLP_NOGT enabled
(19): ERROR: _PAMPAdmeshCheck: no check could be done with flag PAMPA_OVLP_NOGT enabled
(20): ERROR: _PAMPAdmeshCheck: no check could be done with flag PAMPA_OVLP_NOGT enabled
(21): ERROR: _PAMPAdmeshCheck: no check could be done with flag PAMPA_OVLP_NOGT enabled
(22): ERROR: _PAMPAdmeshCheck: no check could be done with flag PAMPA_OVLP_NOGT enabled
(23): ERROR: _PAMPAdmeshCheck: no check could be done with flag PAMPA_OVLP_NOGT enabled
(24): ERROR: _PAMPAdmeshCheck: no check could be done with flag PAMPA_OVLP_NOGT enabled
(25): ERROR: _PAMPAdmeshCheck: no check could be done with flag PAMPA_OVLP_NOGT enabled
(26): ERROR: _PAMPAdmeshCheck: no check could be done with flag PAMPA_OVLP_NOGT enabled
(27): ERROR: _PAMPAdmeshCheck: no check could be done with flag PAMPA_OVLP_NOGT enabled
(28): ERROR: _PAMPAdmeshCheck: no check could be done with flag PAMPA_OVLP_NOGT enabled
(29): ERROR: _PAMPAdmeshCheck: no check could be done with flag PAMPA_OVLP_NOGT enabled
(30): ERROR: _PAMPAdmeshCheck: no check could be done with flag PAMPA_OVLP_NOGT enabled
(31): ERROR: _PAMPAdmeshCheck: no check could be done with flag PAMPA_OVLP_NOGT enabled
Calling the scheme "SWShallowWater2dWbswLaxFriedrichsPETSc".
Calling the scheme "SWShallowWater2dWbswLaxFriedrichsPETSc".
Calling the scheme "SWShallowWater2dWbswLaxFriedrichsPETSc".
Calling the scheme "SWShallowWater2dWbswLaxFriedrichsPETSc".
Calling the scheme "SWShallowWater2dWbswLaxFriedrichsPETSc".
Calling the scheme "SWShallowWater2dWbswLaxFriedrichsPETSc".
Calling the scheme "SWShallowWater2dWbswLaxFriedrichsPETSc".
Calling the scheme "SWShallowWater2dWbswLaxFriedrichsPETSc".
Calling the scheme "SWShallowWater2dWbswLaxFriedrichsPETSc".
Calling the scheme "SWShallowWater2dWbswLaxFriedrichsPETSc".
Calling the scheme "SWShallowWater2dWbswLaxFriedrichsPETSc".
Calling the scheme "SWShallowWater2dWbswLaxFriedrichsPETSc".
Calling the scheme "SWShallowWater2dWbswLaxFriedrichsPETSc".
Calling the scheme "SWShallowWater2dWbswLaxFriedrichsPETSc".
Calling the scheme "SWShallowWater2dWbswLaxFriedrichsPETSc".
Calling the scheme "SWShallowWater2dWbswLaxFriedrichsPETSc".
Calling the scheme "SWShallowWater2dWbswLaxFriedrichsPETSc".
Calling the scheme "SWShallowWater2dWbswLaxFriedrichsPETSc".
Calling the scheme "SWShallowWater2dWbswLaxFriedrichsPETSc".
Calling the scheme "SWShallowWater2dWbswLaxFriedrichsPETSc".
Calling the scheme "SWShallowWater2dWbswLaxFriedrichsPETSc".
Calling the scheme "SWShallowWater2dWbswLaxFriedrichsPETSc".
Calling the scheme "SWShallowWater2dWbswLaxFriedrichsPETSc".
Calling the scheme "SWShallowWater2dWbswLaxFriedrichsPETSc".
Calling the scheme "SWShallowWater2dWbswLaxFriedrichsPETSc".
Calling the scheme "SWShallowWater2dWbswLaxFriedrichsPETSc".
Calling the scheme "SWShallowWater2dWbswLaxFriedrichsPETSc".
Calling the scheme "SWShallowWater2dWbswLaxFriedrichsPETSc".
Calling the scheme "SWShallowWater2dWbswLaxFriedrichsPETSc".
Calling the scheme "SWShallowWater2dWbswLaxFriedrichsPETSc".
Calling the scheme "SWShallowWater2dWbswLaxFriedrichsPETSc".
Calling the scheme "SWShallowWater2dWbswLaxFriedrichsPETSc".
      1 | 4.79625e-02 4.79625e-02 | 1.27344e-02 1.07881e-01 1.39120e-01 |
      2 | 9.59248e-02 4.79623e-02 | 1.26646e-02 1.07877e-01 1.39118e-01 |
      3 | 1.43887e-01 4.79625e-02 | 1.26266e-02 1.07876e-01 1.39118e-01 |
      4 | 1.91850e-01 4.79629e-02 | 1.25910e-02 1.07875e-01 1.39118e-01 |
      5 | 2.39814e-01 4.79634e-02 | 1.25629e-02 1.07873e-01 1.39117e-01 |
      6 | 2.87777e-01 4.79639e-02 | 1.25462e-02 1.07871e-01 1.39116e-01 |
      7 | 3.35742e-01 4.79644e-02 | 1.25403e-02 1.07870e-01 1.39115e-01 |
      8 | 3.83707e-01 4.79650e-02 | 1.25415e-02 1.07869e-01 1.39114e-01 |
      9 | 4.31673e-01 4.79657e-02 | 1.25460e-02 1.07868e-01 1.39113e-01 |
     10 | 4.79639e-01 4.79663e-02 | 1.25508e-02 1.07867e-01 1.39112e-01 |
     11 | 5.27606e-01 4.79670e-02 | 1.25541e-02 1.07866e-01 1.39112e-01 |
     12 | 5.75574e-01 4.79678e-02 | 1.25552e-02 1.07866e-01 1.39111e-01 |
     13 | 6.23542e-01 4.79687e-02 | 1.25544e-02 1.07865e-01 1.39111e-01 |
     14 | 6.71512e-01 4.79696e-02 | 1.25520e-02 1.07865e-01 1.39111e-01 |
     15 | 7.19483e-01 4.79706e-02 | 1.25488e-02 1.07865e-01 1.39110e-01 |
     16 | 7.67454e-01 4.79717e-02 | 1.25451e-02 1.07865e-01 1.39110e-01 |
     17 | 8.15427e-01 4.79730e-02 | 1.25414e-02 1.07865e-01 1.39110e-01 |
     18 | 8.63402e-01 4.79743e-02 | 1.25382e-02 1.07865e-01 1.39110e-01 |
     19 | 9.11377e-01 4.79757e-02 | 1.25357e-02 1.07865e-01 1.39110e-01 |
     20 | 9.59354e-01 4.79772e-02 | 1.25342e-02 1.07865e-01 1.39110e-01 |
     21 | 1.00733e+00 4.79787e-02 | 1.25337e-02 1.07865e-01 1.39110e-01 |
     22 | 1.05531e+00 4.79804e-02 | 1.25340e-02 1.07865e-01 1.39110e-01 |
     23 | 1.10330e+00 4.79821e-02 | 1.25348e-02 1.07864e-01 1.39110e-01 |
     24 | 1.15128e+00 4.79838e-02 | 1.25358e-02 1.07864e-01 1.39110e-01 |
     25 | 1.19926e+00 4.79850e-02 | 1.25367e-02 1.07864e-01 1.39110e-01 |
     26 | 1.24725e+00 4.79846e-02 | 1.25371e-02 1.07864e-01 1.39110e-01 |
     27 | 1.29523e+00 4.79843e-02 | 1.25371e-02 1.07864e-01 1.39110e-01 |
     28 | 1.34322e+00 4.79840e-02 | 1.25367e-02 1.07864e-01 1.39110e-01 |
     29 | 1.39120e+00 4.79838e-02 | 1.25359e-02 1.07864e-01 1.39110e-01 |
     30 | 1.43918e+00 4.79837e-02 | 1.25350e-02 1.07864e-01 1.39110e-01 |
     31 | 1.48717e+00 4.79826e-02 | 1.25341e-02 1.07864e-01 1.39110e-01 |
     32 | 1.53515e+00 4.79814e-02 | 1.25333e-02 1.07864e-01 1.39110e-01 |
     33 | 1.58313e+00 4.79802e-02 | 1.25328e-02 1.07864e-01 1.39110e-01 |
     34 | 1.63111e+00 4.79792e-02 | 1.25326e-02 1.07864e-01 1.39110e-01 |
     35 | 1.67909e+00 4.79783e-02 | 1.25326e-02 1.07863e-01 1.39110e-01 |
     36 | 1.72706e+00 4.79774e-02 | 1.25327e-02 1.07863e-01 1.39110e-01 |
     37 | 1.77504e+00 4.79767e-02 | 1.25329e-02 1.07863e-01 1.39110e-01 |
     38 | 1.82302e+00 4.79760e-02 | 1.25331e-02 1.07863e-01 1.39110e-01 |
     39 | 1.87099e+00 4.79754e-02 | 1.25333e-02 1.07863e-01 1.39109e-01 |
     40 | 1.91897e+00 4.79749e-02 | 1.25333e-02 1.07863e-01 1.39109e-01 |
     41 | 1.96694e+00 4.79744e-02 | 1.25332e-02 1.07863e-01 1.39109e-01 |
     42 | 2.01492e+00 4.79741e-02 | 1.25331e-02 1.07863e-01 1.39109e-01 |
     43 | 2.06289e+00 4.79738e-02 | 1.25329e-02 1.07863e-01 1.39110e-01 |
     44 | 2.11086e+00 4.79736e-02 | 1.25327e-02 1.07863e-01 1.39110e-01 |
     45 | 2.15884e+00 4.79735e-02 | 1.25325e-02 1.07863e-01 1.39110e-01 |
     46 | 2.20681e+00 4.79735e-02 | 1.25324e-02 1.07863e-01 1.39110e-01 |
     47 | 2.25478e+00 4.79736e-02 | 1.25323e-02 1.07863e-01 1.39110e-01 |
     48 | 2.30276e+00 4.79738e-02 | 1.25323e-02 1.07863e-01 1.39110e-01 |
     49 | 2.35073e+00 4.79740e-02 | 1.25323e-02 1.07863e-01 1.39110e-01 |
     50 | 2.39871e+00 4.79744e-02 | 1.25323e-02 1.07863e-01 1.39110e-01 |
     51 | 2.44668e+00 4.79748e-02 | 1.25324e-02 1.07863e-01 1.39110e-01 |
     52 | 2.49466e+00 4.79753e-02 | 1.25324e-02 1.07863e-01 1.39110e-01 |
     53 | 2.54263e+00 4.79759e-02 | 1.25324e-02 1.07863e-01 1.39110e-01 |
     54 | 2.59061e+00 4.79766e-02 | 1.25324e-02 1.07863e-01 1.39110e-01 |
     55 | 2.63859e+00 4.79774e-02 | 1.25324e-02 1.07863e-01 1.39110e-01 |
     56 | 2.68656e+00 4.79782e-02 | 1.25324e-02 1.07863e-01 1.39110e-01 |
     57 | 2.73454e+00 4.79792e-02 | 1.25323e-02 1.07863e-01 1.39110e-01 |
     58 | 2.78252e+00 4.79802e-02 | 1.25323e-02 1.07863e-01 1.39110e-01 |
     59 | 2.83050e+00 4.79813e-02 | 1.25322e-02 1.07863e-01 1.39110e-01 |
     60 | 2.87849e+00 4.79825e-02 | 1.25322e-02 1.07863e-01 1.39110e-01 |
     61 | 2.92647e+00 4.79838e-02 | 1.25322e-02 1.07863e-01 1.39110e-01 |
     62 | 2.97446e+00 4.79851e-02 | 1.25322e-02 1.07863e-01 1.39110e-01 |
     63 | 3.02244e+00 4.79862e-02 | 1.25322e-02 1.07863e-01 1.39110e-01 |
     64 | 3.07043e+00 4.79858e-02 | 1.25322e-02 1.07863e-01 1.39110e-01 |
     65 | 3.11841e+00 4.79855e-02 | 1.25322e-02 1.07863e-01 1.39110e-01 |
     66 | 3.16640e+00 4.79853e-02 | 1.25322e-02 1.07863e-01 1.39110e-01 |
     67 | 3.21438e+00 4.79839e-02 | 1.25322e-02 1.07863e-01 1.39110e-01 |
     68 | 3.26237e+00 4.79825e-02 | 1.25322e-02 1.07863e-01 1.39110e-01 |
     69 | 3.31035e+00 4.79813e-02 | 1.25322e-02 1.07863e-01 1.39110e-01 |
     70 | 3.35833e+00 4.79802e-02 | 1.25321e-02 1.07863e-01 1.39110e-01 |
     71 | 3.40631e+00 4.79791e-02 | 1.25321e-02 1.07863e-01 1.39110e-01 |
     72 | 3.45428e+00 4.79781e-02 | 1.25321e-02 1.07863e-01 1.39110e-01 |
     73 | 3.50226e+00 4.79772e-02 | 1.25321e-02 1.07863e-01 1.39110e-01 |
     74 | 3.55024e+00 4.79764e-02 | 1.25321e-02 1.07863e-01 1.39110e-01 |
     75 | 3.59821e+00 4.79757e-02 | 1.25320e-02 1.07863e-01 1.39110e-01 |
     76 | 3.64619e+00 4.79751e-02 | 1.25320e-02 1.07863e-01 1.39110e-01 |
     77 | 3.69416e+00 4.79745e-02 | 1.25320e-02 1.07863e-01 1.39110e-01 |
     78 | 3.74214e+00 4.79741e-02 | 1.25320e-02 1.07863e-01 1.39110e-01 |
     79 | 3.79011e+00 4.79737e-02 | 1.25320e-02 1.07863e-01 1.39110e-01 |
     80 | 3.83808e+00 4.79734e-02 | 1.25320e-02 1.07863e-01 1.39110e-01 |
     81 | 3.88606e+00 4.79732e-02 | 1.25320e-02 1.07863e-01 1.39110e-01 |
     82 | 3.93403e+00 4.79730e-02 | 1.25320e-02 1.07863e-01 1.39110e-01 |
     83 | 3.98200e+00 4.79730e-02 | 1.25320e-02 1.07863e-01 1.39110e-01 |
     84 | 4.02998e+00 4.79731e-02 | 1.25320e-02 1.07863e-01 1.39110e-01 |
     85 | 4.07795e+00 4.79732e-02 | 1.25320e-02 1.07863e-01 1.39110e-01 |
     86 | 4.12592e+00 4.79734e-02 | 1.25320e-02 1.07863e-01 1.39110e-01 |
     87 | 4.17390e+00 4.79737e-02 | 1.25319e-02 1.07863e-01 1.39110e-01 |
     88 | 4.22187e+00 4.79741e-02 | 1.25319e-02 1.07863e-01 1.39110e-01 |
     89 | 4.26985e+00 4.79745e-02 | 1.25319e-02 1.07863e-01 1.39110e-01 |
     90 | 4.31782e+00 4.79751e-02 | 1.25319e-02 1.07862e-01 1.39110e-01 |
     91 | 4.36580e+00 4.79757e-02 | 1.25319e-02 1.07862e-01 1.39110e-01 |
     92 | 4.41377e+00 4.79764e-02 | 1.25319e-02 1.07862e-01 1.39110e-01 |
     93 | 4.46175e+00 4.79772e-02 | 1.25319e-02 1.07862e-01 1.39110e-01 |
     94 | 4.50973e+00 4.79781e-02 | 1.25319e-02 1.07862e-01 1.39110e-01 |
     95 | 4.55771e+00 4.79781e-02 | 1.25318e-02 1.07862e-01 1.39110e-01 |
     96 | 4.60568e+00 4.79768e-02 | 1.25318e-02 1.07862e-01 1.39110e-01 |
     97 | 4.65366e+00 4.79755e-02 | 1.25318e-02 1.07862e-01 1.39110e-01 |
     98 | 4.70163e+00 4.79743e-02 | 1.25318e-02 1.07862e-01 1.39110e-01 |
     99 | 4.74961e+00 4.79732e-02 | 1.25318e-02 1.07862e-01 1.39110e-01 |
    100 | 4.79758e+00 4.79722e-02 | 1.25318e-02 1.07862e-01 1.39110e-01 |
    101 | 4.84555e+00 4.79713e-02 | 1.25318e-02 1.07862e-01 1.39110e-01 |
    102 | 4.89352e+00 4.79704e-02 | 1.25318e-02 1.07862e-01 1.39110e-01 |
    103 | 4.94149e+00 4.79696e-02 | 1.25317e-02 1.07862e-01 1.39110e-01 |
    104 | 4.98946e+00 4.79690e-02 | 1.25317e-02 1.07862e-01 1.39110e-01 |
    105 | 5.03743e+00 4.79684e-02 | 1.25317e-02 1.07862e-01 1.39110e-01 |
    106 | 5.08539e+00 4.79678e-02 | 1.25317e-02 1.07862e-01 1.39110e-01 |
    107 | 5.13336e+00 4.79674e-02 | 1.25317e-02 1.07862e-01 1.39110e-01 |
    108 | 5.18133e+00 4.79671e-02 | 1.25317e-02 1.07862e-01 1.39110e-01 |
    109 | 5.22930e+00 4.79668e-02 | 1.25317e-02 1.07862e-01 1.39110e-01 |
    110 | 5.27726e+00 4.79666e-02 | 1.25316e-02 1.07862e-01 1.39110e-01 |
    111 | 5.32523e+00 4.79665e-02 | 1.25316e-02 1.07862e-01 1.39110e-01 |
    112 | 5.37320e+00 4.79665e-02 | 1.25316e-02 1.07862e-01 1.39110e-01 |
    113 | 5.42116e+00 4.79666e-02 | 1.25316e-02 1.07862e-01 1.39110e-01 |
    114 | 5.46913e+00 4.79668e-02 | 1.25316e-02 1.07862e-01 1.39110e-01 |
    115 | 5.51710e+00 4.79670e-02 | 1.25316e-02 1.07862e-01 1.39110e-01 |
    116 | 5.56506e+00 4.79673e-02 | 1.25316e-02 1.07862e-01 1.39110e-01 |
    117 | 5.61303e+00 4.79677e-02 | 1.25316e-02 1.07862e-01 1.39110e-01 |
    118 | 5.66100e+00 4.79682e-02 | 1.25315e-02 1.07862e-01 1.39110e-01 |
    119 | 5.70897e+00 4.79684e-02 | 1.25315e-02 1.07862e-01 1.39110e-01 |
    120 | 5.75694e+00 4.79683e-02 | 1.25315e-02 1.07862e-01 1.39110e-01 |
    121 | 5.80490e+00 4.79684e-02 | 1.25315e-02 1.07862e-01 1.39110e-01 |
    122 | 5.85287e+00 4.79685e-02 | 1.25315e-02 1.07862e-01 1.39110e-01 |
    123 | 5.90084e+00 4.79687e-02 | 1.25315e-02 1.07862e-01 1.39110e-01 |
    124 | 5.94881e+00 4.79690e-02 | 1.25315e-02 1.07862e-01 1.39110e-01 |
    125 | 5.99678e+00 4.79694e-02 | 1.25314e-02 1.07862e-01 1.39110e-01 |
    126 | 6.04475e+00 4.79698e-02 | 1.25314e-02 1.07862e-01 1.39109e-01 |
    127 | 6.09272e+00 4.79704e-02 | 1.25314e-02 1.07862e-01 1.39109e-01 |
    128 | 6.14069e+00 4.79710e-02 | 1.25314e-02 1.07863e-01 1.39109e-01 |
    129 | 6.18866e+00 4.79717e-02 | 1.25314e-02 1.07863e-01 1.39109e-01 |
    130 | 6.23664e+00 4.79725e-02 | 1.25314e-02 1.07863e-01 1.39109e-01 |
    131 | 6.28461e+00 4.79734e-02 | 1.25314e-02 1.07863e-01 1.39109e-01 |
    132 | 6.33258e+00 4.79744e-02 | 1.25313e-02 1.07863e-01 1.39109e-01 |
    133 | 6.38056e+00 4.79754e-02 | 1.25313e-02 1.07863e-01 1.39109e-01 |
    134 | 6.42853e+00 4.79766e-02 | 1.25313e-02 1.07863e-01 1.39109e-01 |
    135 | 6.47651e+00 4.79778e-02 | 1.25313e-02 1.07863e-01 1.39109e-01 |
    136 | 6.52449e+00 4.79777e-02 | 1.25313e-02 1.07863e-01 1.39109e-01 |
    137 | 6.57247e+00 4.79767e-02 | 1.25313e-02 1.07863e-01 1.39109e-01 |
    138 | 6.62044e+00 4.79757e-02 | 1.25313e-02 1.07863e-01 1.39109e-01 |
    139 | 6.66842e+00 4.79748e-02 | 1.25313e-02 1.07863e-01 1.39109e-01 |
    140 | 6.71639e+00 4.79740e-02 | 1.25312e-02 1.07863e-01 1.39109e-01 |
    141 | 6.76436e+00 4.79732e-02 | 1.25312e-02 1.07863e-01 1.39109e-01 |
    142 | 6.81234e+00 4.79726e-02 | 1.25312e-02 1.07863e-01 1.39109e-01 |
    143 | 6.86031e+00 4.79720e-02 | 1.25312e-02 1.07863e-01 1.39109e-01 |
    144 | 6.90828e+00 4.79715e-02 | 1.25312e-02 1.07863e-01 1.39109e-01 |
    145 | 6.95625e+00 4.79711e-02 | 1.25312e-02 1.07863e-01 1.39109e-01 |
    146 | 7.00422e+00 4.79708e-02 | 1.25312e-02 1.07863e-01 1.39109e-01 |
    147 | 7.05219e+00 4.79706e-02 | 1.25312e-02 1.07863e-01 1.39109e-01 |
    148 | 7.10016e+00 4.79705e-02 | 1.25311e-02 1.07863e-01 1.39109e-01 |
    149 | 7.14813e+00 4.79704e-02 | 1.25311e-02 1.07863e-01 1.39109e-01 |
    150 | 7.19610e+00 4.79704e-02 | 1.25311e-02 1.07863e-01 1.39109e-01 |
    151 | 7.24408e+00 4.79706e-02 | 1.25311e-02 1.07863e-01 1.39109e-01 |
    152 | 7.29205e+00 4.79707e-02 | 1.25311e-02 1.07863e-01 1.39109e-01 |
    153 | 7.34002e+00 4.79710e-02 | 1.25311e-02 1.07863e-01 1.39109e-01 |
    154 | 7.38799e+00 4.79714e-02 | 1.25311e-02 1.07863e-01 1.39109e-01 |
    155 | 7.43596e+00 4.79718e-02 | 1.25311e-02 1.07863e-01 1.39109e-01 |
    156 | 7.48393e+00 4.79724e-02 | 1.25311e-02 1.07863e-01 1.39109e-01 |
    157 | 7.53191e+00 4.79730e-02 | 1.25311e-02 1.07863e-01 1.39109e-01 |
    158 | 7.57988e+00 4.79737e-02 | 1.25310e-02 1.07863e-01 1.39109e-01 |
    159 | 7.62785e+00 4.79745e-02 | 1.25310e-02 1.07863e-01 1.39109e-01 |
    160 | 7.67583e+00 4.79754e-02 | 1.25310e-02 1.07863e-01 1.39109e-01 |
    161 | 7.72381e+00 4.79763e-02 | 1.25310e-02 1.07863e-01 1.39109e-01 |
    162 | 7.77178e+00 4.79773e-02 | 1.25310e-02 1.07863e-01 1.39109e-01 |
    163 | 7.81976e+00 4.79785e-02 | 1.25310e-02 1.07863e-01 1.39109e-01 |
    164 | 7.86774e+00 4.79797e-02 | 1.25310e-02 1.07863e-01 1.39109e-01 |
    165 | 7.91572e+00 4.79810e-02 | 1.25310e-02 1.07863e-01 1.39109e-01 |
    166 | 7.96370e+00 4.79823e-02 | 1.25310e-02 1.07863e-01 1.39109e-01 |
    167 | 8.01169e+00 4.79838e-02 | 1.25310e-02 1.07863e-01 1.39109e-01 |
    168 | 8.05967e+00 4.79844e-02 | 1.25310e-02 1.07863e-01 1.39109e-01 |
    169 | 8.10766e+00 4.79829e-02 | 1.25310e-02 1.07863e-01 1.39109e-01 |
    170 | 8.15564e+00 4.79815e-02 | 1.25310e-02 1.07863e-01 1.39109e-01 |
    171 | 8.20362e+00 4.79802e-02 | 1.25310e-02 1.07863e-01 1.39109e-01 |
    172 | 8.25160e+00 4.79789e-02 | 1.25309e-02 1.07863e-01 1.39109e-01 |
    173 | 8.29957e+00 4.79778e-02 | 1.25309e-02 1.07863e-01 1.39109e-01 |
    174 | 8.34755e+00 4.79767e-02 | 1.25309e-02 1.07863e-01 1.39109e-01 |
    175 | 8.39553e+00 4.79757e-02 | 1.25309e-02 1.07863e-01 1.39109e-01 |
    176 | 8.44350e+00 4.79748e-02 | 1.25309e-02 1.07863e-01 1.39109e-01 |
    177 | 8.49148e+00 4.79740e-02 | 1.25309e-02 1.07863e-01 1.39109e-01 |
    178 | 8.53945e+00 4.79733e-02 | 1.25309e-02 1.07863e-01 1.39109e-01 |
    179 | 8.58742e+00 4.79726e-02 | 1.25309e-02 1.07863e-01 1.39109e-01 |
    180 | 8.63539e+00 4.79720e-02 | 1.25309e-02 1.07863e-01 1.39109e-01 |
    181 | 8.68336e+00 4.79715e-02 | 1.25309e-02 1.07863e-01 1.39109e-01 |
    182 | 8.73134e+00 4.79711e-02 | 1.25309e-02 1.07863e-01 1.39109e-01 |
    183 | 8.77931e+00 4.79708e-02 | 1.25309e-02 1.07863e-01 1.39109e-01 |
    184 | 8.82728e+00 4.79706e-02 | 1.25309e-02 1.07863e-01 1.39109e-01 |
    185 | 8.87525e+00 4.79704e-02 | 1.25309e-02 1.07863e-01 1.39109e-01 |
    186 | 8.92322e+00 4.79704e-02 | 1.25309e-02 1.07863e-01 1.39109e-01 |
    187 | 8.97119e+00 4.79704e-02 | 1.25309e-02 1.07863e-01 1.39109e-01 |
    188 | 9.01916e+00 4.79705e-02 | 1.25309e-02 1.07863e-01 1.39109e-01 |
    189 | 9.06713e+00 4.79707e-02 | 1.25309e-02 1.07863e-01 1.39109e-01 |
    190 | 9.11510e+00 4.79710e-02 | 1.25309e-02 1.07863e-01 1.39109e-01 |
    191 | 9.16307e+00 4.79713e-02 | 1.25309e-02 1.07863e-01 1.39109e-01 |
    192 | 9.21104e+00 4.79717e-02 | 1.25309e-02 1.07863e-01 1.39109e-01 |
    193 | 9.25902e+00 4.79723e-02 | 1.25309e-02 1.07863e-01 1.39109e-01 |
    194 | 9.30699e+00 4.79729e-02 | 1.25309e-02 1.07863e-01 1.39109e-01 |
    195 | 9.35496e+00 4.79736e-02 | 1.25309e-02 1.07863e-01 1.39109e-01 |
    196 | 9.40294e+00 4.79744e-02 | 1.25309e-02 1.07863e-01 1.39109e-01 |
    197 | 9.45091e+00 4.79752e-02 | 1.25309e-02 1.07863e-01 1.39109e-01 |
    198 | 9.49889e+00 4.79762e-02 | 1.25309e-02 1.07863e-01 1.39109e-01 |
    199 | 9.54687e+00 4.79772e-02 | 1.25309e-02 1.07863e-01 1.39109e-01 |
    200 | 9.59484e+00 4.79783e-02 | 1.25309e-02 1.07863e-01 1.39109e-01 |
    201 | 9.64282e+00 4.79795e-02 | 1.25309e-02 1.07863e-01 1.39109e-01 |
    202 | 9.69080e+00 4.79808e-02 | 1.25309e-02 1.07863e-01 1.39109e-01 |
    203 | 9.73879e+00 4.79821e-02 | 1.25309e-02 1.07863e-01 1.39109e-01 |
    204 | 9.78677e+00 4.79836e-02 | 1.25309e-02 1.07863e-01 1.39109e-01 |
    205 | 9.83475e+00 4.79851e-02 | 1.25309e-02 1.07863e-01 1.39109e-01 |
    206 | 9.88274e+00 4.79862e-02 | 1.25309e-02 1.07863e-01 1.39109e-01 |
    207 | 9.93073e+00 4.79842e-02 | 1.25309e-02 1.07863e-01 1.39109e-01 |
    208 | 9.97871e+00 4.79824e-02 | 1.25309e-02 1.07863e-01 1.39109e-01 |
    209 | 1.00267e+01 4.79806e-02 | 1.25309e-02 1.07863e-01 1.39109e-01 |
    210 | 1.00747e+01 4.79789e-02 | 1.25309e-02 1.07863e-01 1.39109e-01 |
    211 | 1.01226e+01 4.79773e-02 | 1.25309e-02 1.07863e-01 1.39109e-01 |
    212 | 1.01706e+01 4.79757e-02 | 1.25309e-02 1.07863e-01 1.39109e-01 |
    213 | 1.02186e+01 4.79743e-02 | 1.25310e-02 1.07863e-01 1.39109e-01 |
    214 | 1.02666e+01 4.79729e-02 | 1.25310e-02 1.07863e-01 1.39109e-01 |
    215 | 1.03145e+01 4.79716e-02 | 1.25310e-02 1.07863e-01 1.39109e-01 |
    216 | 1.03625e+01 4.79704e-02 | 1.25310e-02 1.07863e-01 1.39109e-01 |
    217 | 1.04105e+01 4.79693e-02 | 1.25310e-02 1.07863e-01 1.39109e-01 |
    218 | 1.04584e+01 4.79683e-02 | 1.25310e-02 1.07863e-01 1.39109e-01 |
    219 | 1.05064e+01 4.79673e-02 | 1.25310e-02 1.07863e-01 1.39109e-01 |
    220 | 1.05544e+01 4.79665e-02 | 1.25310e-02 1.07863e-01 1.39109e-01 |
    221 | 1.06023e+01 4.79657e-02 | 1.25310e-02 1.07863e-01 1.39109e-01 |
    222 | 1.06503e+01 4.79650e-02 | 1.25310e-02 1.07863e-01 1.39109e-01 |
    223 | 1.06983e+01 4.79644e-02 | 1.25310e-02 1.07863e-01 1.39109e-01 |
    224 | 1.07462e+01 4.79639e-02 | 1.25310e-02 1.07863e-01 1.39109e-01 |
    225 | 1.07942e+01 4.79634e-02 | 1.25310e-02 1.07863e-01 1.39109e-01 |
    226 | 1.08422e+01 4.79631e-02 | 1.25310e-02 1.07863e-01 1.39109e-01 |
    227 | 1.08901e+01 4.79628e-02 | 1.25310e-02 1.07863e-01 1.39109e-01 |
    228 | 1.09381e+01 4.79626e-02 | 1.25310e-02 1.07863e-01 1.39109e-01 |
    229 | 1.09861e+01 4.79625e-02 | 1.25310e-02 1.07863e-01 1.39109e-01 |
    230 | 1.10340e+01 4.79625e-02 | 1.25310e-02 1.07863e-01 1.39109e-01 |
    231 | 1.10820e+01 4.79626e-02 | 1.25310e-02 1.07863e-01 1.39109e-01 |
    232 | 1.11299e+01 4.79628e-02 | 1.25311e-02 1.07863e-01 1.39109e-01 |
    233 | 1.11779e+01 4.79630e-02 | 1.25311e-02 1.07863e-01 1.39109e-01 |
    234 | 1.12259e+01 4.79633e-02 | 1.25311e-02 1.07863e-01 1.39109e-01 |
    235 | 1.12738e+01 4.79637e-02 | 1.25311e-02 1.07863e-01 1.39109e-01 |
    236 | 1.13218e+01 4.79642e-02 | 1.25311e-02 1.07863e-01 1.39109e-01 |
    237 | 1.13698e+01 4.79648e-02 | 1.25311e-02 1.07863e-01 1.39109e-01 |
    238 | 1.14177e+01 4.79655e-02 | 1.25311e-02 1.07863e-01 1.39109e-01 |
    239 | 1.14657e+01 4.79662e-02 | 1.25311e-02 1.07863e-01 1.39109e-01 |
    240 | 1.15137e+01 4.79670e-02 | 1.25311e-02 1.07863e-01 1.39109e-01 |
    241 | 1.15616e+01 4.79680e-02 | 1.25311e-02 1.07863e-01 1.39109e-01 |
    242 | 1.16096e+01 4.79690e-02 | 1.25311e-02 1.07863e-01 1.39109e-01 |
    243 | 1.16576e+01 4.79700e-02 | 1.25311e-02 1.07863e-01 1.39109e-01 |
    244 | 1.17055e+01 4.79712e-02 | 1.25311e-02 1.07863e-01 1.39109e-01 |
    245 | 1.17535e+01 4.79725e-02 | 1.25311e-02 1.07863e-01 1.39109e-01 |
    246 | 1.18015e+01 4.79738e-02 | 1.25311e-02 1.07863e-01 1.39109e-01 |
    247 | 1.18495e+01 4.79752e-02 | 1.25311e-02 1.07863e-01 1.39109e-01 |
    248 | 1.18974e+01 4.79767e-02 | 1.25312e-02 1.07863e-01 1.39109e-01 |
    249 | 1.19454e+01 4.79783e-02 | 1.25312e-02 1.07863e-01 1.39109e-01 |
    250 | 1.19934e+01 4.79774e-02 | 1.25312e-02 1.07863e-01 1.39109e-01 |
    251 | 1.20414e+01 4.79760e-02 | 1.25312e-02 1.07863e-01 1.39109e-01 |
    252 | 1.20893e+01 4.79746e-02 | 1.25312e-02 1.07863e-01 1.39109e-01 |
    253 | 1.21373e+01 4.79734e-02 | 1.25312e-02 1.07863e-01 1.39109e-01 |
    254 | 1.21853e+01 4.79722e-02 | 1.25312e-02 1.07863e-01 1.39109e-01 |
    255 | 1.22333e+01 4.79712e-02 | 1.25312e-02 1.07863e-01 1.39109e-01 |
    256 | 1.22812e+01 4.79702e-02 | 1.25312e-02 1.07863e-01 1.39109e-01 |
    257 | 1.23292e+01 4.79693e-02 | 1.25312e-02 1.07863e-01 1.39109e-01 |
    258 | 1.23772e+01 4.79684e-02 | 1.25312e-02 1.07863e-01 1.39109e-01 |
    259 | 1.24251e+01 4.79677e-02 | 1.25312e-02 1.07863e-01 1.39109e-01 |
    260 | 1.24731e+01 4.79670e-02 | 1.25312e-02 1.07863e-01 1.39109e-01 |
    261 | 1.25211e+01 4.79665e-02 | 1.25312e-02 1.07863e-01 1.39109e-01 |
    262 | 1.25690e+01 4.79660e-02 | 1.25312e-02 1.07863e-01 1.39109e-01 |
    263 | 1.26170e+01 4.79656e-02 | 1.25312e-02 1.07863e-01 1.39109e-01 |
    264 | 1.26650e+01 4.79653e-02 | 1.25312e-02 1.07863e-01 1.39109e-01 |
    265 | 1.27129e+01 4.79650e-02 | 1.25312e-02 1.07863e-01 1.39109e-01 |
    266 | 1.27609e+01 4.79649e-02 | 1.25313e-02 1.07863e-01 1.39109e-01 |
    267 | 1.28089e+01 4.79648e-02 | 1.25313e-02 1.07863e-01 1.39109e-01 |
    268 | 1.28568e+01 4.79649e-02 | 1.25313e-02 1.07863e-01 1.39109e-01 |
    269 | 1.29048e+01 4.79650e-02 | 1.25313e-02 1.07863e-01 1.39109e-01 |
    270 | 1.29528e+01 4.79652e-02 | 1.25313e-02 1.07863e-01 1.39109e-01 |
    271 | 1.30007e+01 4.79654e-02 | 1.25313e-02 1.07863e-01 1.39109e-01 |
    272 | 1.30487e+01 4.79658e-02 | 1.25313e-02 1.07863e-01 1.39109e-01 |
    273 | 1.30967e+01 4.79662e-02 | 1.25313e-02 1.07863e-01 1.39109e-01 |
    274 | 1.31446e+01 4.79668e-02 | 1.25313e-02 1.07863e-01 1.39109e-01 |
    275 | 1.31926e+01 4.79674e-02 | 1.25313e-02 1.07863e-01 1.39109e-01 |
    276 | 1.32406e+01 4.79681e-02 | 1.25313e-02 1.07863e-01 1.39109e-01 |
    277 | 1.32885e+01 4.79689e-02 | 1.25313e-02 1.07863e-01 1.39109e-01 |
    278 | 1.33365e+01 4.79697e-02 | 1.25313e-02 1.07863e-01 1.39109e-01 |
    279 | 1.33845e+01 4.79707e-02 | 1.25313e-02 1.07863e-01 1.39109e-01 |
    280 | 1.34324e+01 4.79717e-02 | 1.25313e-02 1.07863e-01 1.39109e-01 |
    281 | 1.34804e+01 4.79728e-02 | 1.25313e-02 1.07863e-01 1.39109e-01 |
    282 | 1.35284e+01 4.79741e-02 | 1.25313e-02 1.07863e-01 1.39109e-01 |
    283 | 1.35764e+01 4.79753e-02 | 1.25313e-02 1.07863e-01 1.39109e-01 |
    284 | 1.36243e+01 4.79767e-02 | 1.25313e-02 1.07863e-01 1.39109e-01 |
    285 | 1.36723e+01 4.79782e-02 | 1.25313e-02 1.07863e-01 1.39109e-01 |
    286 | 1.37203e+01 4.79773e-02 | 1.25313e-02 1.07863e-01 1.39109e-01 |
    287 | 1.37683e+01 4.79758e-02 | 1.25313e-02 1.07863e-01 1.39109e-01 |
    288 | 1.38162e+01 4.79744e-02 | 1.25313e-02 1.07863e-01 1.39109e-01 |
    289 | 1.38642e+01 4.79730e-02 | 1.25313e-02 1.07863e-01 1.39109e-01 |
    290 | 1.39122e+01 4.79718e-02 | 1.25313e-02 1.07863e-01 1.39109e-01 |
    291 | 1.39602e+01 4.79706e-02 | 1.25313e-02 1.07863e-01 1.39109e-01 |
    292 | 1.40081e+01 4.79695e-02 | 1.25313e-02 1.07863e-01 1.39109e-01 |
    293 | 1.40561e+01 4.79685e-02 | 1.25314e-02 1.07863e-01 1.39109e-01 |
    294 | 1.41041e+01 4.79676e-02 | 1.25314e-02 1.07863e-01 1.39109e-01 |
    295 | 1.41520e+01 4.79668e-02 | 1.25314e-02 1.07863e-01 1.39109e-01 |
    296 | 1.42000e+01 4.79660e-02 | 1.25314e-02 1.07863e-01 1.39109e-01 |
    297 | 1.42480e+01 4.79654e-02 | 1.25314e-02 1.07863e-01 1.39109e-01 |
    298 | 1.42959e+01 4.79648e-02 | 1.25314e-02 1.07863e-01 1.39109e-01 |
    299 | 1.43439e+01 4.79643e-02 | 1.25314e-02 1.07863e-01 1.39109e-01 |
    300 | 1.43919e+01 4.79639e-02 | 1.25314e-02 1.07863e-01 1.39109e-01 |
    301 | 1.44398e+01 4.79636e-02 | 1.25314e-02 1.07863e-01 1.39109e-01 |
    302 | 1.44878e+01 4.79633e-02 | 1.25314e-02 1.07863e-01 1.39109e-01 |
    303 | 1.45357e+01 4.79632e-02 | 1.25314e-02 1.07863e-01 1.39109e-01 |
    304 | 1.45837e+01 4.79631e-02 | 1.25314e-02 1.07863e-01 1.39109e-01 |
    305 | 1.46317e+01 4.79631e-02 | 1.25314e-02 1.07863e-01 1.39109e-01 |
    306 | 1.46796e+01 4.79632e-02 | 1.25314e-02 1.07863e-01 1.39109e-01 |
    307 | 1.47276e+01 4.79634e-02 | 1.25314e-02 1.07863e-01 1.39109e-01 |
    308 | 1.47756e+01 4.79637e-02 | 1.25314e-02 1.07863e-01 1.39109e-01 |
    309 | 1.48235e+01 4.79640e-02 | 1.25314e-02 1.07863e-01 1.39109e-01 |
    310 | 1.48715e+01 4.79645e-02 | 1.25314e-02 1.07863e-01 1.39109e-01 |
    311 | 1.49195e+01 4.79650e-02 | 1.25314e-02 1.07863e-01 1.39109e-01 |
    312 | 1.49674e+01 4.79656e-02 | 1.25314e-02 1.07863e-01 1.39109e-01 |
    313 | 1.50154e+01 4.79663e-02 | 1.25314e-02 1.07863e-01 1.39109e-01 |
    314 | 1.50634e+01 4.79671e-02 | 1.25314e-02 1.07863e-01 1.39109e-01 |
    315 | 1.51113e+01 4.79679e-02 | 1.25314e-02 1.07863e-01 1.39109e-01 |
    316 | 1.51593e+01 4.79689e-02 | 1.25314e-02 1.07863e-01 1.39109e-01 |
    317 | 1.52073e+01 4.79699e-02 | 1.25314e-02 1.07863e-01 1.39109e-01 |
    318 | 1.52552e+01 4.79710e-02 | 1.25314e-02 1.07863e-01 1.39109e-01 |
    319 | 1.53032e+01 4.79722e-02 | 1.25314e-02 1.07863e-01 1.39109e-01 |
    320 | 1.53512e+01 4.79735e-02 | 1.25314e-02 1.07863e-01 1.39109e-01 |
    321 | 1.53992e+01 4.79749e-02 | 1.25314e-02 1.07863e-01 1.39109e-01 |
    322 | 1.54471e+01 4.79763e-02 | 1.25314e-02 1.07863e-01 1.39109e-01 |
    323 | 1.54951e+01 4.79779e-02 | 1.25314e-02 1.07863e-01 1.39109e-01 |
    324 | 1.55431e+01 4.79795e-02 | 1.25314e-02 1.07863e-01 1.39109e-01 |
    325 | 1.55911e+01 4.79812e-02 | 1.25314e-02 1.07863e-01 1.39109e-01 |
    326 | 1.56390e+01 4.79830e-02 | 1.25314e-02 1.07863e-01 1.39109e-01 |
    327 | 1.56870e+01 4.79846e-02 | 1.25314e-02 1.07863e-01 1.39109e-01 |
    328 | 1.57350e+01 4.79829e-02 | 1.25314e-02 1.07863e-01 1.39109e-01 |
    329 | 1.57830e+01 4.79812e-02 | 1.25314e-02 1.07863e-01 1.39109e-01 |
    330 | 1.58310e+01 4.79797e-02 | 1.25314e-02 1.07863e-01 1.39109e-01 |
    331 | 1.58790e+01 4.79782e-02 | 1.25314e-02 1.07863e-01 1.39109e-01 |
    332 | 1.59269e+01 4.79768e-02 | 1.25314e-02 1.07863e-01 1.39109e-01 |
    333 | 1.59749e+01 4.79755e-02 | 1.25314e-02 1.07863e-01 1.39109e-01 |
    334 | 1.60229e+01 4.79743e-02 | 1.25314e-02 1.07863e-01 1.39109e-01 |
    335 | 1.60709e+01 4.79732e-02 | 1.25314e-02 1.07863e-01 1.39109e-01 |
    336 | 1.61188e+01 4.79721e-02 | 1.25314e-02 1.07863e-01 1.39109e-01 |
    337 | 1.61668e+01 4.79712e-02 | 1.25314e-02 1.07863e-01 1.39109e-01 |
    338 | 1.62148e+01 4.79703e-02 | 1.25314e-02 1.07863e-01 1.39109e-01 |
    339 | 1.62627e+01 4.79695e-02 | 1.25314e-02 1.07863e-01 1.39109e-01 |
    340 | 1.63107e+01 4.79688e-02 | 1.25314e-02 1.07863e-01 1.39109e-01 |
    341 | 1.63587e+01 4.79682e-02 | 1.25314e-02 1.07863e-01 1.39109e-01 |
    342 | 1.64066e+01 4.79676e-02 | 1.25314e-02 1.07862e-01 1.39109e-01 |
    343 | 1.64546e+01 4.79672e-02 | 1.25314e-02 1.07862e-01 1.39109e-01 |
    344 | 1.65026e+01 4.79668e-02 | 1.25314e-02 1.07862e-01 1.39109e-01 |
    345 | 1.65505e+01 4.79665e-02 | 1.25314e-02 1.07862e-01 1.39109e-01 |
    346 | 1.65985e+01 4.79663e-02 | 1.25314e-02 1.07862e-01 1.39109e-01 |
    347 | 1.66465e+01 4.79662e-02 | 1.25314e-02 1.07862e-01 1.39109e-01 |
    348 | 1.66944e+01 4.79662e-02 | 1.25314e-02 1.07862e-01 1.39109e-01 |
    349 | 1.67424e+01 4.79662e-02 | 1.25314e-02 1.07862e-01 1.39109e-01 |
    350 | 1.67904e+01 4.79663e-02 | 1.25314e-02 1.07862e-01 1.39109e-01 |
    351 | 1.68383e+01 4.79666e-02 | 1.25313e-02 1.07862e-01 1.39109e-01 |
    352 | 1.68863e+01 4.79669e-02 | 1.25313e-02 1.07862e-01 1.39109e-01 |
    353 | 1.69343e+01 4.79673e-02 | 1.25313e-02 1.07862e-01 1.39109e-01 |
    354 | 1.69822e+01 4.79678e-02 | 1.25313e-02 1.07862e-01 1.39109e-01 |
    355 | 1.70302e+01 4.79683e-02 | 1.25313e-02 1.07862e-01 1.39109e-01 |
    356 | 1.70782e+01 4.79690e-02 | 1.25313e-02 1.07862e-01 1.39109e-01 |
    357 | 1.71261e+01 4.79697e-02 | 1.25313e-02 1.07862e-01 1.39109e-01 |
    358 | 1.71741e+01 4.79705e-02 | 1.25313e-02 1.07862e-01 1.39109e-01 |
    359 | 1.72221e+01 4.79714e-02 | 1.25313e-02 1.07862e-01 1.39109e-01 |
    360 | 1.72701e+01 4.79724e-02 | 1.25313e-02 1.07862e-01 1.39109e-01 |
    361 | 1.73180e+01 4.79735e-02 | 1.25313e-02 1.07862e-01 1.39109e-01 |
    362 | 1.73660e+01 4.79746e-02 | 1.25313e-02 1.07862e-01 1.39109e-01 |
    363 | 1.74140e+01 4.79759e-02 | 1.25313e-02 1.07862e-01 1.39109e-01 |
    364 | 1.74620e+01 4.79772e-02 | 1.25313e-02 1.07862e-01 1.39109e-01 |
    365 | 1.75099e+01 4.79786e-02 | 1.25313e-02 1.07862e-01 1.39109e-01 |
    366 | 1.75579e+01 4.79801e-02 | 1.25313e-02 1.07862e-01 1.39109e-01 |
    367 | 1.76059e+01 4.79812e-02 | 1.25313e-02 1.07862e-01 1.39109e-01 |
    368 | 1.76539e+01 4.79796e-02 | 1.25313e-02 1.07862e-01 1.39109e-01 |
    369 | 1.77019e+01 4.79782e-02 | 1.25313e-02 1.07862e-01 1.39109e-01 |
    370 | 1.77498e+01 4.79769e-02 | 1.25313e-02 1.07862e-01 1.39109e-01 |
    371 | 1.77978e+01 4.79756e-02 | 1.25313e-02 1.07862e-01 1.39109e-01 |
    372 | 1.78458e+01 4.79744e-02 | 1.25313e-02 1.07862e-01 1.39109e-01 |
    373 | 1.78938e+01 4.79733e-02 | 1.25313e-02 1.07862e-01 1.39109e-01 |
    374 | 1.79417e+01 4.79723e-02 | 1.25313e-02 1.07862e-01 1.39109e-01 |
    375 | 1.79897e+01 4.79714e-02 | 1.25313e-02 1.07862e-01 1.39109e-01 |
    376 | 1.80377e+01 4.79706e-02 | 1.25313e-02 1.07862e-01 1.39109e-01 |
    377 | 1.80856e+01 4.79698e-02 | 1.25313e-02 1.07862e-01 1.39109e-01 |
    378 | 1.81336e+01 4.79691e-02 | 1.25313e-02 1.07862e-01 1.39109e-01 |
    379 | 1.81816e+01 4.79685e-02 | 1.25313e-02 1.07862e-01 1.39109e-01 |
    380 | 1.82296e+01 4.79680e-02 | 1.25313e-02 1.07862e-01 1.39109e-01 |
    381 | 1.82775e+01 4.79676e-02 | 1.25313e-02 1.07862e-01 1.39109e-01 |
    382 | 1.83255e+01 4.79673e-02 | 1.25313e-02 1.07862e-01 1.39109e-01 |
    383 | 1.83735e+01 4.79671e-02 | 1.25313e-02 1.07862e-01 1.39109e-01 |
    384 | 1.84214e+01 4.79669e-02 | 1.25313e-02 1.07862e-01 1.39109e-01 |
    385 | 1.84694e+01 4.79668e-02 | 1.25313e-02 1.07862e-01 1.39109e-01 |
    386 | 1.85174e+01 4.79668e-02 | 1.25313e-02 1.07862e-01 1.39109e-01 |
    387 | 1.85653e+01 4.79669e-02 | 1.25313e-02 1.07862e-01 1.39109e-01 |
    388 | 1.86133e+01 4.79671e-02 | 1.25313e-02 1.07862e-01 1.39109e-01 |
    389 | 1.86613e+01 4.79674e-02 | 1.25313e-02 1.07862e-01 1.39109e-01 |
    390 | 1.87092e+01 4.79677e-02 | 1.25313e-02 1.07862e-01 1.39109e-01 |
    391 | 1.87572e+01 4.79681e-02 | 1.25313e-02 1.07862e-01 1.39109e-01 |
    392 | 1.88052e+01 4.79686e-02 | 1.25313e-02 1.07862e-01 1.39109e-01 |
    393 | 1.88531e+01 4.79692e-02 | 1.25313e-02 1.07862e-01 1.39109e-01 |
    394 | 1.89011e+01 4.79699e-02 | 1.25313e-02 1.07862e-01 1.39109e-01 |
    395 | 1.89491e+01 4.79707e-02 | 1.25313e-02 1.07862e-01 1.39109e-01 |
    396 | 1.89970e+01 4.79716e-02 | 1.25313e-02 1.07862e-01 1.39109e-01 |
    397 | 1.90450e+01 4.79725e-02 | 1.25313e-02 1.07862e-01 1.39109e-01 |
    398 | 1.90930e+01 4.79735e-02 | 1.25313e-02 1.07862e-01 1.39109e-01 |
    399 | 1.91410e+01 4.79746e-02 | 1.25313e-02 1.07862e-01 1.39109e-01 |
    400 | 1.91889e+01 4.79758e-02 | 1.25313e-02 1.07862e-01 1.39109e-01 |
    401 | 1.92369e+01 4.79771e-02 | 1.25312e-02 1.07862e-01 1.39109e-01 |
    402 | 1.92849e+01 4.79785e-02 | 1.25312e-02 1.07862e-01 1.39109e-01 |
    403 | 1.93329e+01 4.79794e-02 | 1.25312e-02 1.07862e-01 1.39109e-01 |
    404 | 1.93809e+01 4.79778e-02 | 1.25312e-02 1.07862e-01 1.39109e-01 |
    405 | 1.94288e+01 4.79763e-02 | 1.25312e-02 1.07862e-01 1.39109e-01 |
    406 | 1.94768e+01 4.79749e-02 | 1.25312e-02 1.07862e-01 1.39109e-01 |
    407 | 1.95248e+01 4.79735e-02 | 1.25312e-02 1.07862e-01 1.39109e-01 |
    408 | 1.95727e+01 4.79723e-02 | 1.25312e-02 1.07862e-01 1.39109e-01 |
    409 | 1.96207e+01 4.79711e-02 | 1.25312e-02 1.07862e-01 1.39109e-01 |
    410 | 1.96687e+01 4.79700e-02 | 1.25312e-02 1.07862e-01 1.39109e-01 |
    411 | 1.97167e+01 4.79690e-02 | 1.25312e-02 1.07862e-01 1.39109e-01 |
    412 | 1.97646e+01 4.79680e-02 | 1.25312e-02 1.07862e-01 1.39109e-01 |
    413 | 1.98126e+01 4.79672e-02 | 1.25312e-02 1.07862e-01 1.39109e-01 |
    414 | 1.98606e+01 4.79664e-02 | 1.25312e-02 1.07862e-01 1.39109e-01 |
    415 | 1.99085e+01 4.79657e-02 | 1.25312e-02 1.07862e-01 1.39109e-01 |
    416 | 1.99565e+01 4.79652e-02 | 1.25312e-02 1.07862e-01 1.39109e-01 |
    417 | 2.00045e+01 4.79647e-02 | 1.25312e-02 1.07862e-01 1.39109e-01 |
    418 | 2.00524e+01 4.79642e-02 | 1.25312e-02 1.07862e-01 1.39109e-01 |
    419 | 2.01004e+01 4.79639e-02 | 1.25312e-02 1.07862e-01 1.39109e-01 |
    420 | 2.01483e+01 4.79636e-02 | 1.25312e-02 1.07862e-01 1.39109e-01 |
    421 | 2.01963e+01 4.79635e-02 | 1.25312e-02 1.07862e-01 1.39109e-01 |
    422 | 2.02443e+01 4.79634e-02 | 1.25312e-02 1.07862e-01 1.39109e-01 |
    423 | 2.02922e+01 4.79634e-02 | 1.25312e-02 1.07862e-01 1.39109e-01 |
    424 | 2.03402e+01 4.79635e-02 | 1.25312e-02 1.07862e-01 1.39109e-01 |
    425 | 2.03882e+01 4.79637e-02 | 1.25312e-02 1.07862e-01 1.39109e-01 |
    426 | 2.04361e+01 4.79639e-02 | 1.25312e-02 1.07862e-01 1.39109e-01 |
    427 | 2.04841e+01 4.79643e-02 | 1.25312e-02 1.07862e-01 1.39109e-01 |
    428 | 2.05321e+01 4.79647e-02 | 1.25312e-02 1.07862e-01 1.39109e-01 |
    429 | 2.05800e+01 4.79652e-02 | 1.25312e-02 1.07862e-01 1.39109e-01 |
    430 | 2.06280e+01 4.79658e-02 | 1.25312e-02 1.07862e-01 1.39109e-01 |
    431 | 2.06760e+01 4.79665e-02 | 1.25312e-02 1.07862e-01 1.39109e-01 |
    432 | 2.07239e+01 4.79672e-02 | 1.25312e-02 1.07862e-01 1.39109e-01 |
    433 | 2.07719e+01 4.79681e-02 | 1.25312e-02 1.07862e-01 1.39109e-01 |
    434 | 2.08199e+01 4.79690e-02 | 1.25312e-02 1.07862e-01 1.39109e-01 |
    435 | 2.08678e+01 4.79700e-02 | 1.25312e-02 1.07862e-01 1.39109e-01 |
    436 | 2.09158e+01 4.79711e-02 | 1.25312e-02 1.07862e-01 1.39109e-01 |
    437 | 2.09638e+01 4.79723e-02 | 1.25312e-02 1.07862e-01 1.39109e-01 |
    438 | 2.10117e+01 4.79736e-02 | 1.25312e-02 1.07862e-01 1.39109e-01 |
    439 | 2.10597e+01 4.79750e-02 | 1.25312e-02 1.07862e-01 1.39109e-01 |
    440 | 2.11077e+01 4.79764e-02 | 1.25312e-02 1.07862e-01 1.39109e-01 |
    441 | 2.11557e+01 4.79779e-02 | 1.25312e-02 1.07862e-01 1.39109e-01 |
    442 | 2.12037e+01 4.79795e-02 | 1.25312e-02 1.07862e-01 1.39109e-01 |
    443 | 2.12516e+01 4.79812e-02 | 1.25312e-02 1.07862e-01 1.39109e-01 |
    444 | 2.12996e+01 4.79818e-02 | 1.25312e-02 1.07862e-01 1.39109e-01 |
    445 | 2.13476e+01 4.79812e-02 | 1.25312e-02 1.07862e-01 1.39109e-01 |
    446 | 2.13956e+01 4.79806e-02 | 1.25312e-02 1.07862e-01 1.39109e-01 |
    447 | 2.14436e+01 4.79802e-02 | 1.25312e-02 1.07862e-01 1.39109e-01 |
    448 | 2.14915e+01 4.79798e-02 | 1.25312e-02 1.07862e-01 1.39109e-01 |
    449 | 2.15395e+01 4.79796e-02 | 1.25312e-02 1.07862e-01 1.39109e-01 |
    450 | 2.15875e+01 4.79794e-02 | 1.25312e-02 1.07862e-01 1.39109e-01 |
    451 | 2.16355e+01 4.79793e-02 | 1.25312e-02 1.07862e-01 1.39109e-01 |
    452 | 2.16835e+01 4.79792e-02 | 1.25312e-02 1.07862e-01 1.39109e-01 |
    453 | 2.17314e+01 4.79793e-02 | 1.25312e-02 1.07862e-01 1.39109e-01 |
    454 | 2.17794e+01 4.79794e-02 | 1.25312e-02 1.07862e-01 1.39109e-01 |
    455 | 2.18274e+01 4.79797e-02 | 1.25312e-02 1.07862e-01 1.39109e-01 |
    456 | 2.18754e+01 4.79800e-02 | 1.25312e-02 1.07862e-01 1.39109e-01 |
    457 | 2.19234e+01 4.79804e-02 | 1.25312e-02 1.07862e-01 1.39109e-01 |
    458 | 2.19713e+01 4.79804e-02 | 1.25311e-02 1.07862e-01 1.39109e-01 |
    459 | 2.20193e+01 4.79798e-02 | 1.25311e-02 1.07862e-01 1.39109e-01 |
    460 | 2.20673e+01 4.79792e-02 | 1.25311e-02 1.07862e-01 1.39109e-01 |
    461 | 2.21153e+01 4.79787e-02 | 1.25311e-02 1.07862e-01 1.39109e-01 |
    462 | 2.21633e+01 4.79783e-02 | 1.25311e-02 1.07862e-01 1.39109e-01 |
    463 | 2.22112e+01 4.79780e-02 | 1.25311e-02 1.07862e-01 1.39109e-01 |
    464 | 2.22592e+01 4.79778e-02 | 1.25311e-02 1.07862e-01 1.39109e-01 |
    465 | 2.23072e+01 4.79776e-02 | 1.25311e-02 1.07862e-01 1.39109e-01 |
    466 | 2.23552e+01 4.79776e-02 | 1.25311e-02 1.07862e-01 1.39109e-01 |
    467 | 2.24031e+01 4.79776e-02 | 1.25311e-02 1.07862e-01 1.39109e-01 |
    468 | 2.24511e+01 4.79777e-02 | 1.25311e-02 1.07862e-01 1.39109e-01 |
    469 | 2.24991e+01 4.79779e-02 | 1.25311e-02 1.07862e-01 1.39109e-01 |
    470 | 2.25471e+01 4.79782e-02 | 1.25311e-02 1.07862e-01 1.39109e-01 |
    471 | 2.25951e+01 4.79786e-02 | 1.25311e-02 1.07862e-01 1.39109e-01 |
    472 | 2.26430e+01 4.79790e-02 | 1.25311e-02 1.07862e-01 1.39109e-01 |
    473 | 2.26910e+01 4.79795e-02 | 1.25311e-02 1.07862e-01 1.39109e-01 |
    474 | 2.27390e+01 4.79802e-02 | 1.25311e-02 1.07862e-01 1.39109e-01 |
    475 | 2.27870e+01 4.79809e-02 | 1.25311e-02 1.07862e-01 1.39109e-01 |
    476 | 2.28350e+01 4.79817e-02 | 1.25311e-02 1.07862e-01 1.39109e-01 |
    477 | 2.28829e+01 4.79825e-02 | 1.25311e-02 1.07862e-01 1.39109e-01 |
    478 | 2.29309e+01 4.79835e-02 | 1.25311e-02 1.07862e-01 1.39109e-01 |
    479 | 2.29789e+01 4.79845e-02 | 1.25311e-02 1.07862e-01 1.39109e-01 |
    480 | 2.30269e+01 4.79837e-02 | 1.25311e-02 1.07862e-01 1.39109e-01 |
    481 | 2.30749e+01 4.79830e-02 | 1.25311e-02 1.07862e-01 1.39109e-01 |
    482 | 2.31229e+01 4.79824e-02 | 1.25311e-02 1.07862e-01 1.39109e-01 |
    483 | 2.31708e+01 4.79818e-02 | 1.25311e-02 1.07862e-01 1.39109e-01 |
    484 | 2.32188e+01 4.79814e-02 | 1.25311e-02 1.07862e-01 1.39109e-01 |
    485 | 2.32668e+01 4.79810e-02 | 1.25311e-02 1.07862e-01 1.39109e-01 |
    486 | 2.33148e+01 4.79807e-02 | 1.25311e-02 1.07862e-01 1.39109e-01 |
    487 | 2.33628e+01 4.79805e-02 | 1.25311e-02 1.07862e-01 1.39109e-01 |
    488 | 2.34107e+01 4.79804e-02 | 1.25311e-02 1.07862e-01 1.39109e-01 |
    489 | 2.34587e+01 4.79804e-02 | 1.25311e-02 1.07861e-01 1.39109e-01 |
    490 | 2.35067e+01 4.79804e-02 | 1.25311e-02 1.07861e-01 1.39109e-01 |
    491 | 2.35547e+01 4.79806e-02 | 1.25311e-02 1.07861e-01 1.39109e-01 |
    492 | 2.36027e+01 4.79808e-02 | 1.25311e-02 1.07861e-01 1.39109e-01 |
    493 | 2.36506e+01 4.79811e-02 | 1.25311e-02 1.07861e-01 1.39109e-01 |
    494 | 2.36986e+01 4.79805e-02 | 1.25311e-02 1.07861e-01 1.39109e-01 |
    495 | 2.37466e+01 4.79797e-02 | 1.25311e-02 1.07861e-01 1.39109e-01 |
    496 | 2.37946e+01 4.79790e-02 | 1.25311e-02 1.07861e-01 1.39109e-01 |
    497 | 2.38426e+01 4.79784e-02 | 1.25311e-02 1.07861e-01 1.39109e-01 |
    498 | 2.38905e+01 4.79779e-02 | 1.25311e-02 1.07861e-01 1.39109e-01 |
    499 | 2.39385e+01 4.79774e-02 | 1.25311e-02 1.07861e-01 1.39109e-01 |
    500 | 2.39865e+01 4.79771e-02 | 1.25311e-02 1.07861e-01 1.39109e-01 |
    501 | 2.40345e+01 4.79768e-02 | 1.25311e-02 1.07861e-01 1.39109e-01 |
    502 | 2.40824e+01 4.79766e-02 | 1.25311e-02 1.07861e-01 1.39109e-01 |
    503 | 2.41304e+01 4.79765e-02 | 1.25311e-02 1.07861e-01 1.39109e-01 |
    504 | 2.41784e+01 4.79765e-02 | 1.25311e-02 1.07861e-01 1.39109e-01 |
    505 | 2.42264e+01 4.79766e-02 | 1.25311e-02 1.07861e-01 1.39109e-01 |
    506 | 2.42744e+01 4.79767e-02 | 1.25311e-02 1.07861e-01 1.39109e-01 |
    507 | 2.43223e+01 4.79770e-02 | 1.25311e-02 1.07861e-01 1.39109e-01 |
    508 | 2.43703e+01 4.79773e-02 | 1.25311e-02 1.07861e-01 1.39109e-01 |
    509 | 2.44183e+01 4.79777e-02 | 1.25311e-02 1.07861e-01 1.39109e-01 |
    510 | 2.44663e+01 4.79782e-02 | 1.25311e-02 1.07861e-01 1.39109e-01 |
    511 | 2.45142e+01 4.79788e-02 | 1.25311e-02 1.07861e-01 1.39109e-01 |
    512 | 2.45622e+01 4.79794e-02 | 1.25311e-02 1.07861e-01 1.39109e-01 |
    513 | 2.46102e+01 4.79802e-02 | 1.25311e-02 1.07861e-01 1.39109e-01 |
    514 | 2.46582e+01 4.79788e-02 | 1.25311e-02 1.07861e-01 1.39109e-01 |
    515 | 2.47062e+01 4.79773e-02 | 1.25311e-02 1.07861e-01 1.39109e-01 |
    516 | 2.47541e+01 4.79759e-02 | 1.25311e-02 1.07861e-01 1.39109e-01 |
    517 | 2.48021e+01 4.79746e-02 | 1.25311e-02 1.07861e-01 1.39109e-01 |
    518 | 2.48501e+01 4.79733e-02 | 1.25311e-02 1.07861e-01 1.39109e-01 |
    519 | 2.48981e+01 4.79722e-02 | 1.25311e-02 1.07861e-01 1.39109e-01 |
    520 | 2.49460e+01 4.79711e-02 | 1.25311e-02 1.07861e-01 1.39109e-01 |
    521 | 2.49940e+01 4.79701e-02 | 1.25311e-02 1.07861e-01 1.39109e-01 |
    522 | 2.50420e+01 4.79692e-02 | 1.25311e-02 1.07861e-01 1.39109e-01 |
    523 | 2.50899e+01 4.79684e-02 | 1.25311e-02 1.07861e-01 1.39109e-01 |
    524 | 2.51379e+01 4.79676e-02 | 1.25311e-02 1.07861e-01 1.39109e-01 |
    525 | 2.51859e+01 4.79670e-02 | 1.25311e-02 1.07861e-01 1.39109e-01 |
    526 | 2.52338e+01 4.79664e-02 | 1.25311e-02 1.07861e-01 1.39109e-01 |
    527 | 2.52818e+01 4.79660e-02 | 1.25311e-02 1.07861e-01 1.39109e-01 |
    528 | 2.53298e+01 4.79656e-02 | 1.25311e-02 1.07861e-01 1.39109e-01 |
    529 | 2.53777e+01 4.79652e-02 | 1.25311e-02 1.07861e-01 1.39109e-01 |
    530 | 2.54257e+01 4.79650e-02 | 1.25311e-02 1.07861e-01 1.39109e-01 |
    531 | 2.54737e+01 4.79649e-02 | 1.25311e-02 1.07861e-01 1.39109e-01 |
    532 | 2.55216e+01 4.79648e-02 | 1.25311e-02 1.07861e-01 1.39109e-01 |
    533 | 2.55696e+01 4.79648e-02 | 1.25310e-02 1.07861e-01 1.39109e-01 |
    534 | 2.56176e+01 4.79649e-02 | 1.25310e-02 1.07861e-01 1.39109e-01 |
    535 | 2.56655e+01 4.79651e-02 | 1.25310e-02 1.07861e-01 1.39109e-01 |
    536 | 2.57135e+01 4.79654e-02 | 1.25310e-02 1.07861e-01 1.39109e-01 |
    537 | 2.57615e+01 4.79658e-02 | 1.25310e-02 1.07861e-01 1.39109e-01 |
    538 | 2.58094e+01 4.79662e-02 | 1.25310e-02 1.07861e-01 1.39109e-01 |
    539 | 2.58574e+01 4.79668e-02 | 1.25310e-02 1.07861e-01 1.39109e-01 |
    540 | 2.59054e+01 4.79674e-02 | 1.25310e-02 1.07861e-01 1.39109e-01 |
    541 | 2.59533e+01 4.79681e-02 | 1.25310e-02 1.07861e-01 1.39109e-01 |
    542 | 2.60013e+01 4.79689e-02 | 1.25310e-02 1.07861e-01 1.39109e-01 |
    543 | 2.60493e+01 4.79697e-02 | 1.25310e-02 1.07861e-01 1.39109e-01 |
    544 | 2.60972e+01 4.79707e-02 | 1.25310e-02 1.07861e-01 1.39109e-01 |
    545 | 2.61452e+01 4.79717e-02 | 1.25310e-02 1.07861e-01 1.39109e-01 |
    546 | 2.61932e+01 4.79725e-02 | 1.25310e-02 1.07861e-01 1.39109e-01 |
    547 | 2.62411e+01 4.79730e-02 | 1.25310e-02 1.07861e-01 1.39109e-01 |
    548 | 2.62891e+01 4.79736e-02 | 1.25310e-02 1.07861e-01 1.39109e-01 |
    549 | 2.63371e+01 4.79743e-02 | 1.25310e-02 1.07861e-01 1.39109e-01 |
    550 | 2.63851e+01 4.79750e-02 | 1.25310e-02 1.07861e-01 1.39109e-01 |
    551 | 2.64330e+01 4.79758e-02 | 1.25310e-02 1.07861e-01 1.39109e-01 |
    552 | 2.64810e+01 4.79767e-02 | 1.25310e-02 1.07861e-01 1.39109e-01 |
    553 | 2.65290e+01 4.79777e-02 | 1.25310e-02 1.07861e-01 1.39109e-01 |
    554 | 2.65770e+01 4.79788e-02 | 1.25310e-02 1.07861e-01 1.39109e-01 |
    555 | 2.66250e+01 4.79775e-02 | 1.25310e-02 1.07861e-01 1.39109e-01 |
    556 | 2.66729e+01 4.79763e-02 | 1.25310e-02 1.07861e-01 1.39109e-01 |
    557 | 2.67209e+01 4.79752e-02 | 1.25310e-02 1.07861e-01 1.39109e-01 |
    558 | 2.67689e+01 4.79741e-02 | 1.25310e-02 1.07861e-01 1.39109e-01 |
    559 | 2.68169e+01 4.79732e-02 | 1.25310e-02 1.07861e-01 1.39109e-01 |
    560 | 2.68648e+01 4.79723e-02 | 1.25310e-02 1.07861e-01 1.39109e-01 |
    561 | 2.69128e+01 4.79715e-02 | 1.25310e-02 1.07861e-01 1.39109e-01 |
    562 | 2.69608e+01 4.79708e-02 | 1.25310e-02 1.07861e-01 1.39109e-01 |
    563 | 2.70087e+01 4.79702e-02 | 1.25310e-02 1.07861e-01 1.39109e-01 |
    564 | 2.70567e+01 4.79697e-02 | 1.25310e-02 1.07861e-01 1.39109e-01 |
    565 | 2.71047e+01 4.79693e-02 | 1.25310e-02 1.07861e-01 1.39109e-01 |
    566 | 2.71526e+01 4.79689e-02 | 1.25310e-02 1.07861e-01 1.39109e-01 |
    567 | 2.72006e+01 4.79686e-02 | 1.25310e-02 1.07861e-01 1.39109e-01 |
    568 | 2.72486e+01 4.79684e-02 | 1.25310e-02 1.07861e-01 1.39109e-01 |
    569 | 2.72966e+01 4.79683e-02 | 1.25310e-02 1.07861e-01 1.39109e-01 |
    570 | 2.73445e+01 4.79683e-02 | 1.25310e-02 1.07861e-01 1.39109e-01 |
    571 | 2.73925e+01 4.79684e-02 | 1.25310e-02 1.07861e-01 1.39109e-01 |
    572 | 2.74405e+01 4.79685e-02 | 1.25310e-02 1.07861e-01 1.39109e-01 |
    573 | 2.74884e+01 4.79687e-02 | 1.25310e-02 1.07861e-01 1.39109e-01 |
    574 | 2.75364e+01 4.79691e-02 | 1.25310e-02 1.07861e-01 1.39109e-01 |
    575 | 2.75844e+01 4.79695e-02 | 1.25310e-02 1.07861e-01 1.39109e-01 |
    576 | 2.76323e+01 4.79699e-02 | 1.25310e-02 1.07861e-01 1.39109e-01 |
    577 | 2.76803e+01 4.79705e-02 | 1.25310e-02 1.07861e-01 1.39109e-01 |
    578 | 2.77283e+01 4.79712e-02 | 1.25310e-02 1.07861e-01 1.39109e-01 |
    579 | 2.77762e+01 4.79719e-02 | 1.25310e-02 1.07861e-01 1.39109e-01 |
    580 | 2.78242e+01 4.79727e-02 | 1.25310e-02 1.07861e-01 1.39109e-01 |
    581 | 2.78722e+01 4.79736e-02 | 1.25310e-02 1.07861e-01 1.39109e-01 |
    582 | 2.79202e+01 4.79746e-02 | 1.25310e-02 1.07861e-01 1.39109e-01 |
    583 | 2.79681e+01 4.79757e-02 | 1.25310e-02 1.07861e-01 1.39109e-01 |
    584 | 2.80161e+01 4.79768e-02 | 1.25310e-02 1.07861e-01 1.39109e-01 |
    585 | 2.80641e+01 4.79781e-02 | 1.25310e-02 1.07861e-01 1.39109e-01 |
    586 | 2.81121e+01 4.79794e-02 | 1.25310e-02 1.07861e-01 1.39109e-01 |
    587 | 2.81601e+01 4.79808e-02 | 1.25310e-02 1.07861e-01 1.39109e-01 |
    588 | 2.82080e+01 4.79823e-02 | 1.25310e-02 1.07861e-01 1.39109e-01 |
    589 | 2.82560e+01 4.79813e-02 | 1.25310e-02 1.07861e-01 1.39109e-01 |
    590 | 2.83040e+01 4.79798e-02 | 1.25310e-02 1.07861e-01 1.39109e-01 |
    591 | 2.83520e+01 4.79784e-02 | 1.25310e-02 1.07861e-01 1.39109e-01 |
    592 | 2.84000e+01 4.79771e-02 | 1.25310e-02 1.07861e-01 1.39109e-01 |
    593 | 2.84479e+01 4.79759e-02 | 1.25310e-02 1.07861e-01 1.39109e-01 |
    594 | 2.84959e+01 4.79748e-02 | 1.25310e-02 1.07861e-01 1.39109e-01 |
    595 | 2.85439e+01 4.79737e-02 | 1.25310e-02 1.07861e-01 1.39109e-01 |
    596 | 2.85919e+01 4.79728e-02 | 1.25310e-02 1.07861e-01 1.39109e-01 |
    597 | 2.86398e+01 4.79719e-02 | 1.25310e-02 1.07861e-01 1.39109e-01 |
    598 | 2.86878e+01 4.79711e-02 | 1.25310e-02 1.07861e-01 1.39109e-01 |
    599 | 2.87358e+01 4.79704e-02 | 1.25310e-02 1.07861e-01 1.39109e-01 |
    600 | 2.87837e+01 4.79698e-02 | 1.25310e-02 1.07861e-01 1.39109e-01 |
    601 | 2.88317e+01 4.79693e-02 | 1.25310e-02 1.07861e-01 1.39109e-01 |
    602 | 2.88797e+01 4.79688e-02 | 1.25310e-02 1.07861e-01 1.39109e-01 |
    603 | 2.89276e+01 4.79684e-02 | 1.25310e-02 1.07861e-01 1.39109e-01 |
    604 | 2.89756e+01 4.79682e-02 | 1.25310e-02 1.07861e-01 1.39109e-01 |
    605 | 2.90236e+01 4.79680e-02 | 1.25310e-02 1.07861e-01 1.39109e-01 |
    606 | 2.90716e+01 4.79678e-02 | 1.25310e-02 1.07861e-01 1.39109e-01 |
    607 | 2.91195e+01 4.79678e-02 | 1.25310e-02 1.07861e-01 1.39109e-01 |
    608 | 2.91675e+01 4.79679e-02 | 1.25310e-02 1.07861e-01 1.39109e-01 |
    609 | 2.92155e+01 4.79680e-02 | 1.25310e-02 1.07861e-01 1.39109e-01 |
    610 | 2.92634e+01 4.79682e-02 | 1.25310e-02 1.07861e-01 1.39109e-01 |
    611 | 2.93114e+01 4.79685e-02 | 1.25310e-02 1.07861e-01 1.39109e-01 |
    612 | 2.93594e+01 4.79689e-02 | 1.25310e-02 1.07861e-01 1.39109e-01 |
    613 | 2.94073e+01 4.79694e-02 | 1.25310e-02 1.07861e-01 1.39109e-01 |
    614 | 2.94553e+01 4.79700e-02 | 1.25310e-02 1.07861e-01 1.39109e-01 |
    615 | 2.95033e+01 4.79706e-02 | 1.25310e-02 1.07861e-01 1.39109e-01 |
    616 | 2.95512e+01 4.79713e-02 | 1.25309e-02 1.07861e-01 1.39109e-01 |
    617 | 2.95992e+01 4.79721e-02 | 1.25309e-02 1.07861e-01 1.39109e-01 |
    618 | 2.96472e+01 4.79730e-02 | 1.25309e-02 1.07861e-01 1.39109e-01 |
    619 | 2.96952e+01 4.79740e-02 | 1.25309e-02 1.07861e-01 1.39109e-01 |
    620 | 2.97431e+01 4.79751e-02 | 1.25309e-02 1.07861e-01 1.39109e-01 |
    621 | 2.97911e+01 4.79762e-02 | 1.25309e-02 1.07861e-01 1.39109e-01 |
    622 | 2.98391e+01 4.79775e-02 | 1.25309e-02 1.07861e-01 1.39109e-01 |
    623 | 2.98871e+01 4.79788e-02 | 1.25309e-02 1.07861e-01 1.39109e-01 |
    624 | 2.99350e+01 4.79802e-02 | 1.25309e-02 1.07861e-01 1.39109e-01 |
    625 | 2.99830e+01 4.79817e-02 | 1.25309e-02 1.07861e-01 1.39109e-01 |
    626 | 3.00310e+01 4.79832e-02 | 1.25309e-02 1.07861e-01 1.39109e-01 |
    627 | 3.00790e+01 4.79849e-02 | 1.25309e-02 1.07861e-01 1.39109e-01 |
    628 | 3.01270e+01 4.79839e-02 | 1.25309e-02 1.07861e-01 1.39109e-01 |
    629 | 3.01750e+01 4.79821e-02 | 1.25309e-02 1.07861e-01 1.39109e-01 |
    630 | 3.02229e+01 4.79803e-02 | 1.25309e-02 1.07861e-01 1.39109e-01 |
    631 | 3.02709e+01 4.79786e-02 | 1.25309e-02 1.07861e-01 1.39109e-01 |
    632 | 3.03189e+01 4.79771e-02 | 1.25309e-02 1.07861e-01 1.39109e-01 |
    633 | 3.03669e+01 4.79756e-02 | 1.25309e-02 1.07861e-01 1.39109e-01 |
    634 | 3.04149e+01 4.79741e-02 | 1.25309e-02 1.07861e-01 1.39109e-01 |
    635 | 3.04628e+01 4.79728e-02 | 1.25309e-02 1.07861e-01 1.39109e-01 |
    636 | 3.05108e+01 4.79715e-02 | 1.25309e-02 1.07861e-01 1.39109e-01 |
    637 | 3.05588e+01 4.79704e-02 | 1.25309e-02 1.07861e-01 1.39109e-01 |
    638 | 3.06067e+01 4.79693e-02 | 1.25309e-02 1.07861e-01 1.39109e-01 |
    639 | 3.06547e+01 4.79683e-02 | 1.25309e-02 1.07861e-01 1.39109e-01 |
    640 | 3.07027e+01 4.79674e-02 | 1.25309e-02 1.07861e-01 1.39109e-01 |
    641 | 3.07506e+01 4.79665e-02 | 1.25309e-02 1.07861e-01 1.39109e-01 |
    642 | 3.07986e+01 4.79658e-02 | 1.25309e-02 1.07861e-01 1.39109e-01 |
    643 | 3.08466e+01 4.79651e-02 | 1.25309e-02 1.07861e-01 1.39109e-01 |
    644 | 3.08945e+01 4.79646e-02 | 1.25309e-02 1.07861e-01 1.39109e-01 |
    645 | 3.09425e+01 4.79641e-02 | 1.25309e-02 1.07861e-01 1.39109e-01 |
    646 | 3.09905e+01 4.79637e-02 | 1.25309e-02 1.07861e-01 1.39109e-01 |
    647 | 3.10384e+01 4.79633e-02 | 1.25309e-02 1.07861e-01 1.39109e-01 |
    648 | 3.10864e+01 4.79631e-02 | 1.25309e-02 1.07861e-01 1.39109e-01 |
    649 | 3.11343e+01 4.79630e-02 | 1.25309e-02 1.07861e-01 1.39109e-01 |
    650 | 3.11823e+01 4.79629e-02 | 1.25309e-02 1.07861e-01 1.39109e-01 |
    651 | 3.12303e+01 4.79629e-02 | 1.25309e-02 1.07861e-01 1.39109e-01 |
    652 | 3.12782e+01 4.79630e-02 | 1.25309e-02 1.07861e-01 1.39109e-01 |
    653 | 3.13262e+01 4.79632e-02 | 1.25309e-02 1.07861e-01 1.39109e-01 |
    654 | 3.13742e+01 4.79635e-02 | 1.25309e-02 1.07861e-01 1.39109e-01 |
    655 | 3.14221e+01 4.79638e-02 | 1.25309e-02 1.07861e-01 1.39109e-01 |
    656 | 3.14701e+01 4.79642e-02 | 1.25309e-02 1.07861e-01 1.39109e-01 |
    657 | 3.15181e+01 4.79648e-02 | 1.25309e-02 1.07861e-01 1.39109e-01 |
    658 | 3.15660e+01 4.79654e-02 | 1.25309e-02 1.07860e-01 1.39109e-01 |
    659 | 3.16140e+01 4.79661e-02 | 1.25309e-02 1.07860e-01 1.39109e-01 |
    660 | 3.16620e+01 4.79669e-02 | 1.25309e-02 1.07860e-01 1.39109e-01 |
    661 | 3.17099e+01 4.79677e-02 | 1.25309e-02 1.07860e-01 1.39109e-01 |
    662 | 3.17579e+01 4.79687e-02 | 1.25309e-02 1.07860e-01 1.39109e-01 |
    663 | 3.18059e+01 4.79697e-02 | 1.25309e-02 1.07860e-01 1.39109e-01 |
    664 | 3.18538e+01 4.79708e-02 | 1.25309e-02 1.07860e-01 1.39109e-01 |
    665 | 3.19018e+01 4.79720e-02 | 1.25309e-02 1.07860e-01 1.39109e-01 |
    666 | 3.19498e+01 4.79733e-02 | 1.25309e-02 1.07860e-01 1.39109e-01 |
    667 | 3.19978e+01 4.79747e-02 | 1.25309e-02 1.07860e-01 1.39109e-01 |
    668 | 3.20457e+01 4.79761e-02 | 1.25309e-02 1.07860e-01 1.39109e-01 |
    669 | 3.20937e+01 4.79777e-02 | 1.25309e-02 1.07860e-01 1.39109e-01 |
    670 | 3.21417e+01 4.79782e-02 | 1.25309e-02 1.07860e-01 1.39109e-01 |
    671 | 3.21897e+01 4.79768e-02 | 1.25309e-02 1.07860e-01 1.39109e-01 |
    672 | 3.22376e+01 4.79754e-02 | 1.25309e-02 1.07860e-01 1.39109e-01 |
    673 | 3.22856e+01 4.79741e-02 | 1.25309e-02 1.07860e-01 1.39109e-01 |
    674 | 3.23336e+01 4.79729e-02 | 1.25309e-02 1.07860e-01 1.39109e-01 |
    675 | 3.23816e+01 4.79717e-02 | 1.25309e-02 1.07860e-01 1.39109e-01 |
    676 | 3.24295e+01 4.79707e-02 | 1.25309e-02 1.07860e-01 1.39109e-01 |
    677 | 3.24775e+01 4.79697e-02 | 1.25309e-02 1.07860e-01 1.39109e-01 |
    678 | 3.25255e+01 4.79689e-02 | 1.25309e-02 1.07860e-01 1.39109e-01 |
    679 | 3.25734e+01 4.79681e-02 | 1.25309e-02 1.07860e-01 1.39109e-01 |
    680 | 3.26214e+01 4.79674e-02 | 1.25309e-02 1.07860e-01 1.39109e-01 |
    681 | 3.26694e+01 4.79667e-02 | 1.25309e-02 1.07860e-01 1.39109e-01 |
    682 | 3.27173e+01 4.79662e-02 | 1.25309e-02 1.07860e-01 1.39109e-01 |
    683 | 3.27653e+01 4.79658e-02 | 1.25309e-02 1.07860e-01 1.39109e-01 |
    684 | 3.28133e+01 4.79654e-02 | 1.25309e-02 1.07860e-01 1.39109e-01 |
    685 | 3.28612e+01 4.79651e-02 | 1.25309e-02 1.07860e-01 1.39109e-01 |
    686 | 3.29092e+01 4.79649e-02 | 1.25309e-02 1.07860e-01 1.39109e-01 |
    687 | 3.29572e+01 4.79648e-02 | 1.25309e-02 1.07860e-01 1.39109e-01 |
    688 | 3.30051e+01 4.79647e-02 | 1.25309e-02 1.07860e-01 1.39109e-01 |
    689 | 3.30531e+01 4.79648e-02 | 1.25309e-02 1.07860e-01 1.39109e-01 |
    690 | 3.31011e+01 4.79649e-02 | 1.25309e-02 1.07860e-01 1.39109e-01 |
    691 | 3.31490e+01 4.79652e-02 | 1.25309e-02 1.07860e-01 1.39109e-01 |
    692 | 3.31970e+01 4.79655e-02 | 1.25309e-02 1.07860e-01 1.39109e-01 |
    693 | 3.32449e+01 4.79659e-02 | 1.25309e-02 1.07860e-01 1.39109e-01 |
    694 | 3.32929e+01 4.79663e-02 | 1.25309e-02 1.07860e-01 1.39109e-01 |
    695 | 3.33409e+01 4.79669e-02 | 1.25309e-02 1.07860e-01 1.39109e-01 |
    696 | 3.33889e+01 4.79675e-02 | 1.25309e-02 1.07860e-01 1.39109e-01 |
    697 | 3.34368e+01 4.79683e-02 | 1.25309e-02 1.07860e-01 1.39109e-01 |
    698 | 3.34848e+01 4.79691e-02 | 1.25309e-02 1.07860e-01 1.39109e-01 |
    699 | 3.35328e+01 4.79700e-02 | 1.25309e-02 1.07860e-01 1.39109e-01 |
    700 | 3.35807e+01 4.79710e-02 | 1.25308e-02 1.07860e-01 1.39109e-01 |
    701 | 3.36287e+01 4.79720e-02 | 1.25308e-02 1.07860e-01 1.39109e-01 |
    702 | 3.36767e+01 4.79732e-02 | 1.25308e-02 1.07860e-01 1.39109e-01 |
    703 | 3.37246e+01 4.79744e-02 | 1.25308e-02 1.07860e-01 1.39109e-01 |
    704 | 3.37726e+01 4.79758e-02 | 1.25308e-02 1.07860e-01 1.39109e-01 |
    705 | 3.38206e+01 4.79772e-02 | 1.25308e-02 1.07860e-01 1.39109e-01 |
    706 | 3.38686e+01 4.79777e-02 | 1.25308e-02 1.07860e-01 1.39109e-01 |
    707 | 3.39166e+01 4.79762e-02 | 1.25308e-02 1.07860e-01 1.39109e-01 |
    708 | 3.39645e+01 4.79747e-02 | 1.25308e-02 1.07860e-01 1.39109e-01 |
    709 | 3.40125e+01 4.79733e-02 | 1.25308e-02 1.07860e-01 1.39109e-01 |
    710 | 3.40605e+01 4.79720e-02 | 1.25308e-02 1.07860e-01 1.39109e-01 |
    711 | 3.41084e+01 4.79708e-02 | 1.25308e-02 1.07860e-01 1.39109e-01 |
    712 | 3.41564e+01 4.79697e-02 | 1.25308e-02 1.07860e-01 1.39109e-01 |
    713 | 3.42044e+01 4.79686e-02 | 1.25308e-02 1.07860e-01 1.39109e-01 |
    714 | 3.42524e+01 4.79676e-02 | 1.25308e-02 1.07860e-01 1.39109e-01 |
    715 | 3.43003e+01 4.79668e-02 | 1.25308e-02 1.07860e-01 1.39109e-01 |
    716 | 3.43483e+01 4.79660e-02 | 1.25308e-02 1.07860e-01 1.39109e-01 |
    717 | 3.43963e+01 4.79652e-02 | 1.25308e-02 1.07860e-01 1.39109e-01 |
    718 | 3.44442e+01 4.79646e-02 | 1.25308e-02 1.07860e-01 1.39109e-01 |
    719 | 3.44922e+01 4.79641e-02 | 1.25308e-02 1.07860e-01 1.39109e-01 |
    720 | 3.45401e+01 4.79636e-02 | 1.25308e-02 1.07860e-01 1.39109e-01 |
    721 | 3.45881e+01 4.79632e-02 | 1.25308e-02 1.07860e-01 1.39109e-01 |
    722 | 3.46361e+01 4.79629e-02 | 1.25308e-02 1.07860e-01 1.39109e-01 |
    723 | 3.46840e+01 4.79627e-02 | 1.25308e-02 1.07860e-01 1.39109e-01 |
    724 | 3.47320e+01 4.79626e-02 | 1.25308e-02 1.07860e-01 1.39109e-01 |
    725 | 3.47800e+01 4.79626e-02 | 1.25308e-02 1.07860e-01 1.39109e-01 |
    726 | 3.48279e+01 4.79626e-02 | 1.25308e-02 1.07860e-01 1.39109e-01 |
    727 | 3.48759e+01 4.79628e-02 | 1.25308e-02 1.07860e-01 1.39109e-01 |
    728 | 3.49238e+01 4.79630e-02 | 1.25308e-02 1.07860e-01 1.39109e-01 |
    729 | 3.49718e+01 4.79633e-02 | 1.25308e-02 1.07860e-01 1.39109e-01 |
    730 | 3.50198e+01 4.79637e-02 | 1.25308e-02 1.07860e-01 1.39109e-01 |
    731 | 3.50677e+01 4.79641e-02 | 1.25308e-02 1.07860e-01 1.39109e-01 |
    732 | 3.51157e+01 4.79647e-02 | 1.25308e-02 1.07860e-01 1.39109e-01 |
    733 | 3.51637e+01 4.79653e-02 | 1.25308e-02 1.07860e-01 1.39109e-01 |
    734 | 3.52116e+01 4.79660e-02 | 1.25308e-02 1.07860e-01 1.39109e-01 |
    735 | 3.52596e+01 4.79669e-02 | 1.25308e-02 1.07860e-01 1.39109e-01 |
    736 | 3.53076e+01 4.79678e-02 | 1.25308e-02 1.07860e-01 1.39109e-01 |
    737 | 3.53555e+01 4.79687e-02 | 1.25308e-02 1.07860e-01 1.39109e-01 |
    738 | 3.54035e+01 4.79698e-02 | 1.25308e-02 1.07860e-01 1.39109e-01 |
    739 | 3.54515e+01 4.79709e-02 | 1.25308e-02 1.07860e-01 1.39109e-01 |
    740 | 3.54994e+01 4.79722e-02 | 1.25308e-02 1.07860e-01 1.39109e-01 |
    741 | 3.55474e+01 4.79735e-02 | 1.25308e-02 1.07860e-01 1.39109e-01 |
    742 | 3.55954e+01 4.79749e-02 | 1.25308e-02 1.07860e-01 1.39109e-01 |
    743 | 3.56434e+01 4.79764e-02 | 1.25308e-02 1.07860e-01 1.39109e-01 |
    744 | 3.56914e+01 4.79779e-02 | 1.25308e-02 1.07860e-01 1.39109e-01 |
    745 | 3.57393e+01 4.79796e-02 | 1.25308e-02 1.07860e-01 1.39109e-01 |
    746 | 3.57873e+01 4.79813e-02 | 1.25308e-02 1.07860e-01 1.39109e-01 |
    747 | 3.58353e+01 4.79831e-02 | 1.25308e-02 1.07860e-01 1.39109e-01 |
    748 | 3.58833e+01 4.79850e-02 | 1.25308e-02 1.07860e-01 1.39109e-01 |
    749 | 3.59313e+01 4.79848e-02 | 1.25308e-02 1.07860e-01 1.39109e-01 |
    750 | 3.59792e+01 4.79832e-02 | 1.25308e-02 1.07860e-01 1.39109e-01 |
    751 | 3.60272e+01 4.79816e-02 | 1.25308e-02 1.07860e-01 1.39109e-01 |
    752 | 3.60752e+01 4.79802e-02 | 1.25308e-02 1.07860e-01 1.39109e-01 |
    753 | 3.61232e+01 4.79788e-02 | 1.25308e-02 1.07860e-01 1.39109e-01 |
    754 | 3.61712e+01 4.79776e-02 | 1.25308e-02 1.07860e-01 1.39109e-01 |
    755 | 3.62191e+01 4.79764e-02 | 1.25308e-02 1.07860e-01 1.39109e-01 |
    756 | 3.62671e+01 4.79753e-02 | 1.25308e-02 1.07860e-01 1.39109e-01 |
    757 | 3.63151e+01 4.79742e-02 | 1.25308e-02 1.07860e-01 1.39109e-01 |
    758 | 3.63631e+01 4.79733e-02 | 1.25308e-02 1.07860e-01 1.39109e-01 |
    759 | 3.64110e+01 4.79725e-02 | 1.25308e-02 1.07860e-01 1.39109e-01 |
    760 | 3.64590e+01 4.79717e-02 | 1.25308e-02 1.07860e-01 1.39109e-01 |
    761 | 3.65070e+01 4.79710e-02 | 1.25308e-02 1.07860e-01 1.39109e-01 |
    762 | 3.65550e+01 4.79704e-02 | 1.25308e-02 1.07860e-01 1.39109e-01 |
    763 | 3.66029e+01 4.79699e-02 | 1.25308e-02 1.07860e-01 1.39109e-01 |
    764 | 3.66509e+01 4.79695e-02 | 1.25308e-02 1.07860e-01 1.39109e-01 |
    765 | 3.66989e+01 4.79691e-02 | 1.25308e-02 1.07860e-01 1.39109e-01 |
    766 | 3.67468e+01 4.79689e-02 | 1.25308e-02 1.07860e-01 1.39109e-01 |
    767 | 3.67948e+01 4.79687e-02 | 1.25308e-02 1.07860e-01 1.39109e-01 |
    768 | 3.68428e+01 4.79686e-02 | 1.25308e-02 1.07860e-01 1.39109e-01 |
    769 | 3.68907e+01 4.79686e-02 | 1.25308e-02 1.07860e-01 1.39109e-01 |
    770 | 3.69387e+01 4.79687e-02 | 1.25308e-02 1.07860e-01 1.39109e-01 |
    771 | 3.69867e+01 4.79688e-02 | 1.25308e-02 1.07860e-01 1.39109e-01 |
    772 | 3.70346e+01 4.79691e-02 | 1.25308e-02 1.07860e-01 1.39109e-01 |
    773 | 3.70826e+01 4.79694e-02 | 1.25308e-02 1.07860e-01 1.39109e-01 |
    774 | 3.71306e+01 4.79699e-02 | 1.25308e-02 1.07860e-01 1.39109e-01 |
    775 | 3.71786e+01 4.79704e-02 | 1.25308e-02 1.07860e-01 1.39109e-01 |
    776 | 3.72265e+01 4.79709e-02 | 1.25308e-02 1.07860e-01 1.39109e-01 |
    777 | 3.72745e+01 4.79716e-02 | 1.25308e-02 1.07860e-01 1.39109e-01 |
    778 | 3.73225e+01 4.79724e-02 | 1.25308e-02 1.07860e-01 1.39109e-01 |
    779 | 3.73704e+01 4.79732e-02 | 1.25308e-02 1.07860e-01 1.39109e-01 |
    780 | 3.74184e+01 4.79742e-02 | 1.25308e-02 1.07860e-01 1.39109e-01 |
    781 | 3.74664e+01 4.79752e-02 | 1.25308e-02 1.07860e-01 1.39109e-01 |
    782 | 3.75144e+01 4.79763e-02 | 1.25308e-02 1.07860e-01 1.39109e-01 |
    783 | 3.75623e+01 4.79775e-02 | 1.25307e-02 1.07860e-01 1.39109e-01 |
    784 | 3.76103e+01 4.79787e-02 | 1.25307e-02 1.07860e-01 1.39109e-01 |
    785 | 3.76583e+01 4.79801e-02 | 1.25307e-02 1.07860e-01 1.39109e-01 |
    786 | 3.77063e+01 4.79815e-02 | 1.25307e-02 1.07860e-01 1.39109e-01 |
    787 | 3.77543e+01 4.79830e-02 | 1.25307e-02 1.07860e-01 1.39109e-01 |
    788 | 3.78022e+01 4.79826e-02 | 1.25307e-02 1.07860e-01 1.39109e-01 |
    789 | 3.78502e+01 4.79811e-02 | 1.25307e-02 1.07860e-01 1.39109e-01 |
    790 | 3.78982e+01 4.79797e-02 | 1.25307e-02 1.07860e-01 1.39109e-01 |
    791 | 3.79462e+01 4.79784e-02 | 1.25307e-02 1.07860e-01 1.39109e-01 |
    792 | 3.79942e+01 4.79772e-02 | 1.25307e-02 1.07860e-01 1.39109e-01 |
    793 | 3.80421e+01 4.79760e-02 | 1.25307e-02 1.07860e-01 1.39109e-01 |
    794 | 3.80901e+01 4.79750e-02 | 1.25307e-02 1.07860e-01 1.39109e-01 |
    795 | 3.81381e+01 4.79740e-02 | 1.25307e-02 1.07860e-01 1.39109e-01 |
    796 | 3.81861e+01 4.79731e-02 | 1.25307e-02 1.07860e-01 1.39109e-01 |
    797 | 3.82340e+01 4.79723e-02 | 1.25307e-02 1.07860e-01 1.39109e-01 |
    798 | 3.82820e+01 4.79715e-02 | 1.25307e-02 1.07860e-01 1.39109e-01 |
    799 | 3.83300e+01 4.79709e-02 | 1.25307e-02 1.07860e-01 1.39109e-01 |
    800 | 3.83779e+01 4.79703e-02 | 1.25307e-02 1.07860e-01 1.39109e-01 |
    801 | 3.84259e+01 4.79699e-02 | 1.25307e-02 1.07860e-01 1.39109e-01 |
    802 | 3.84739e+01 4.79695e-02 | 1.25307e-02 1.07860e-01 1.39109e-01 |
    803 | 3.85219e+01 4.79692e-02 | 1.25307e-02 1.07860e-01 1.39109e-01 |
    804 | 3.85698e+01 4.79690e-02 | 1.25307e-02 1.07860e-01 1.39109e-01 |
    805 | 3.86178e+01 4.79688e-02 | 1.25307e-02 1.07859e-01 1.39109e-01 |
    806 | 3.86658e+01 4.79688e-02 | 1.25307e-02 1.07859e-01 1.39109e-01 |
    807 | 3.87137e+01 4.79688e-02 | 1.25307e-02 1.07859e-01 1.39109e-01 |
    808 | 3.87617e+01 4.79689e-02 | 1.25307e-02 1.07859e-01 1.39109e-01 |
    809 | 3.88097e+01 4.79691e-02 | 1.25307e-02 1.07859e-01 1.39109e-01 |
    810 | 3.88576e+01 4.79694e-02 | 1.25307e-02 1.07859e-01 1.39109e-01 |
    811 | 3.89056e+01 4.79698e-02 | 1.25307e-02 1.07859e-01 1.39109e-01 |
    812 | 3.89536e+01 4.79703e-02 | 1.25307e-02 1.07859e-01 1.39109e-01 |
    813 | 3.90015e+01 4.79708e-02 | 1.25307e-02 1.07859e-01 1.39109e-01 |
    814 | 3.90495e+01 4.79714e-02 | 1.25307e-02 1.07859e-01 1.39109e-01 |
    815 | 3.90975e+01 4.79722e-02 | 1.25307e-02 1.07859e-01 1.39109e-01 |
    816 | 3.91455e+01 4.79730e-02 | 1.25307e-02 1.07859e-01 1.39109e-01 |
    817 | 3.91934e+01 4.79738e-02 | 1.25307e-02 1.07859e-01 1.39109e-01 |
    818 | 3.92414e+01 4.79748e-02 | 1.25307e-02 1.07859e-01 1.39109e-01 |
    819 | 3.92894e+01 4.79759e-02 | 1.25307e-02 1.07859e-01 1.39109e-01 |
    820 | 3.93374e+01 4.79770e-02 | 1.25307e-02 1.07859e-01 1.39109e-01 |
    821 | 3.93853e+01 4.79782e-02 | 1.25307e-02 1.07859e-01 1.39109e-01 |
    822 | 3.94333e+01 4.79779e-02 | 1.25307e-02 1.07859e-01 1.39109e-01 |
    823 | 3.94813e+01 4.79769e-02 | 1.25307e-02 1.07859e-01 1.39109e-01 |
    824 | 3.95293e+01 4.79760e-02 | 1.25307e-02 1.07859e-01 1.39109e-01 |
    825 | 3.95773e+01 4.79751e-02 | 1.25307e-02 1.07859e-01 1.39109e-01 |
    826 | 3.96252e+01 4.79743e-02 | 1.25307e-02 1.07859e-01 1.39109e-01 |
    827 | 3.96732e+01 4.79736e-02 | 1.25307e-02 1.07859e-01 1.39109e-01 |
    828 | 3.97212e+01 4.79730e-02 | 1.25307e-02 1.07859e-01 1.39109e-01 |
    829 | 3.97691e+01 4.79725e-02 | 1.25307e-02 1.07859e-01 1.39109e-01 |
    830 | 3.98171e+01 4.79720e-02 | 1.25307e-02 1.07859e-01 1.39109e-01 |
    831 | 3.98651e+01 4.79711e-02 | 1.25307e-02 1.07859e-01 1.39109e-01 |
    832 | 3.99131e+01 4.79701e-02 | 1.25307e-02 1.07859e-01 1.39109e-01 |
    833 | 3.99610e+01 4.79692e-02 | 1.25307e-02 1.07859e-01 1.39109e-01 |
    834 | 4.00090e+01 4.79684e-02 | 1.25307e-02 1.07859e-01 1.39109e-01 |
    835 | 4.00570e+01 4.79677e-02 | 1.25307e-02 1.07859e-01 1.39109e-01 |
    836 | 4.01049e+01 4.79670e-02 | 1.25307e-02 1.07859e-01 1.39109e-01 |
    837 | 4.01529e+01 4.79665e-02 | 1.25307e-02 1.07859e-01 1.39109e-01 |
    838 | 4.02009e+01 4.79660e-02 | 1.25307e-02 1.07859e-01 1.39109e-01 |
    839 | 4.02488e+01 4.79656e-02 | 1.25307e-02 1.07859e-01 1.39109e-01 |
    840 | 4.02968e+01 4.79653e-02 | 1.25307e-02 1.07859e-01 1.39109e-01 |
    841 | 4.03448e+01 4.79651e-02 | 1.25307e-02 1.07859e-01 1.39109e-01 |
    842 | 4.03927e+01 4.79649e-02 | 1.25307e-02 1.07859e-01 1.39109e-01 |
    843 | 4.04407e+01 4.79649e-02 | 1.25307e-02 1.07859e-01 1.39109e-01 |
    844 | 4.04887e+01 4.79649e-02 | 1.25307e-02 1.07859e-01 1.39109e-01 |
    845 | 4.05366e+01 4.79650e-02 | 1.25307e-02 1.07859e-01 1.39109e-01 |
    846 | 4.05846e+01 4.79652e-02 | 1.25307e-02 1.07859e-01 1.39109e-01 |
    847 | 4.06326e+01 4.79655e-02 | 1.25307e-02 1.07859e-01 1.39109e-01 |
    848 | 4.06805e+01 4.79659e-02 | 1.25307e-02 1.07859e-01 1.39109e-01 |
    849 | 4.07285e+01 4.79664e-02 | 1.25307e-02 1.07859e-01 1.39109e-01 |
    850 | 4.07764e+01 4.79669e-02 | 1.25307e-02 1.07859e-01 1.39109e-01 |
    851 | 4.08244e+01 4.79675e-02 | 1.25307e-02 1.07859e-01 1.39109e-01 |
    852 | 4.08724e+01 4.79682e-02 | 1.25307e-02 1.07859e-01 1.39109e-01 |
    853 | 4.09204e+01 4.79690e-02 | 1.25307e-02 1.07859e-01 1.39109e-01 |
    854 | 4.09683e+01 4.79699e-02 | 1.25307e-02 1.07859e-01 1.39109e-01 |
    855 | 4.10163e+01 4.79709e-02 | 1.25307e-02 1.07859e-01 1.39109e-01 |
    856 | 4.10643e+01 4.79719e-02 | 1.25307e-02 1.07859e-01 1.39109e-01 |
    857 | 4.11122e+01 4.79731e-02 | 1.25307e-02 1.07859e-01 1.39109e-01 |
    858 | 4.11602e+01 4.79743e-02 | 1.25307e-02 1.07859e-01 1.39109e-01 |
    859 | 4.12082e+01 4.79756e-02 | 1.25307e-02 1.07859e-01 1.39109e-01 |
    860 | 4.12562e+01 4.79770e-02 | 1.25307e-02 1.07859e-01 1.39109e-01 |
    861 | 4.13041e+01 4.79784e-02 | 1.25307e-02 1.07859e-01 1.39109e-01 |
    862 | 4.13521e+01 4.79800e-02 | 1.25307e-02 1.07859e-01 1.39109e-01 |
    863 | 4.14001e+01 4.79794e-02 | 1.25307e-02 1.07859e-01 1.39109e-01 |
    864 | 4.14481e+01 4.79787e-02 | 1.25307e-02 1.07859e-01 1.39109e-01 |
    865 | 4.14961e+01 4.79780e-02 | 1.25306e-02 1.07859e-01 1.39109e-01 |
    866 | 4.15440e+01 4.79774e-02 | 1.25306e-02 1.07859e-01 1.39109e-01 |
    867 | 4.15920e+01 4.79769e-02 | 1.25306e-02 1.07859e-01 1.39109e-01 |
    868 | 4.16400e+01 4.79765e-02 | 1.25306e-02 1.07859e-01 1.39109e-01 |
    869 | 4.16880e+01 4.79762e-02 | 1.25306e-02 1.07859e-01 1.39109e-01 |
    870 | 4.17359e+01 4.79760e-02 | 1.25306e-02 1.07859e-01 1.39109e-01 |
    871 | 4.17839e+01 4.79758e-02 | 1.25306e-02 1.07859e-01 1.39109e-01 |
    872 | 4.18319e+01 4.79757e-02 | 1.25306e-02 1.07859e-01 1.39109e-01 |
    873 | 4.18799e+01 4.79757e-02 | 1.25306e-02 1.07859e-01 1.39109e-01 |
    874 | 4.19278e+01 4.79758e-02 | 1.25306e-02 1.07859e-01 1.39109e-01 |
    875 | 4.19758e+01 4.79760e-02 | 1.25306e-02 1.07859e-01 1.39109e-01 |
    876 | 4.20238e+01 4.79763e-02 | 1.25306e-02 1.07859e-01 1.39109e-01 |
    877 | 4.20718e+01 4.79766e-02 | 1.25306e-02 1.07859e-01 1.39109e-01 |
    878 | 4.21198e+01 4.79771e-02 | 1.25306e-02 1.07859e-01 1.39109e-01 |
    879 | 4.21677e+01 4.79776e-02 | 1.25306e-02 1.07859e-01 1.39109e-01 |
    880 | 4.22157e+01 4.79782e-02 | 1.25306e-02 1.07859e-01 1.39109e-01 |
    881 | 4.22637e+01 4.79789e-02 | 1.25306e-02 1.07859e-01 1.39109e-01 |
    882 | 4.23117e+01 4.79796e-02 | 1.25306e-02 1.07859e-01 1.39109e-01 |
    883 | 4.23596e+01 4.79805e-02 | 1.25306e-02 1.07859e-01 1.39109e-01 |
    884 | 4.24076e+01 4.79814e-02 | 1.25306e-02 1.07859e-01 1.39109e-01 |
    885 | 4.24556e+01 4.79823e-02 | 1.25306e-02 1.07859e-01 1.39109e-01 |
    886 | 4.25036e+01 4.79822e-02 | 1.25306e-02 1.07859e-01 1.39109e-01 |
    887 | 4.25516e+01 4.79821e-02 | 1.25306e-02 1.07859e-01 1.39109e-01 |
    888 | 4.25996e+01 4.79822e-02 | 1.25306e-02 1.07859e-01 1.39109e-01 |
    889 | 4.26475e+01 4.79823e-02 | 1.25306e-02 1.07859e-01 1.39109e-01 |
    890 | 4.26955e+01 4.79825e-02 | 1.25306e-02 1.07859e-01 1.39109e-01 |
    891 | 4.27435e+01 4.79828e-02 | 1.25306e-02 1.07859e-01 1.39109e-01 |
    892 | 4.27915e+01 4.79832e-02 | 1.25306e-02 1.07859e-01 1.39109e-01 |
    893 | 4.28395e+01 4.79837e-02 | 1.25306e-02 1.07859e-01 1.39109e-01 |
    894 | 4.28875e+01 4.79843e-02 | 1.25306e-02 1.07859e-01 1.39109e-01 |
    895 | 4.29354e+01 4.79849e-02 | 1.25306e-02 1.07859e-01 1.39109e-01 |
    896 | 4.29834e+01 4.79841e-02 | 1.25306e-02 1.07859e-01 1.39109e-01 |
    897 | 4.30314e+01 4.79830e-02 | 1.25306e-02 1.07859e-01 1.39109e-01 |
    898 | 4.30794e+01 4.79820e-02 | 1.25306e-02 1.07859e-01 1.39109e-01 |
    899 | 4.31274e+01 4.79810e-02 | 1.25306e-02 1.07859e-01 1.39109e-01 |
    900 | 4.31754e+01 4.79802e-02 | 1.25306e-02 1.07859e-01 1.39109e-01 |
    901 | 4.32233e+01 4.79794e-02 | 1.25306e-02 1.07859e-01 1.39109e-01 |
    902 | 4.32713e+01 4.79788e-02 | 1.25306e-02 1.07859e-01 1.39109e-01 |
    903 | 4.33193e+01 4.79782e-02 | 1.25306e-02 1.07859e-01 1.39109e-01 |
    904 | 4.33673e+01 4.79777e-02 | 1.25306e-02 1.07859e-01 1.39109e-01 |
    905 | 4.34152e+01 4.79773e-02 | 1.25306e-02 1.07859e-01 1.39109e-01 |
    906 | 4.34632e+01 4.79769e-02 | 1.25306e-02 1.07859e-01 1.39109e-01 |
    907 | 4.35112e+01 4.79767e-02 | 1.25306e-02 1.07859e-01 1.39109e-01 |
    908 | 4.35592e+01 4.79765e-02 | 1.25306e-02 1.07859e-01 1.39109e-01 |
    909 | 4.36072e+01 4.79764e-02 | 1.25306e-02 1.07859e-01 1.39109e-01 |
    910 | 4.36551e+01 4.79764e-02 | 1.25306e-02 1.07859e-01 1.39109e-01 |
    911 | 4.37031e+01 4.79765e-02 | 1.25306e-02 1.07859e-01 1.39109e-01 |
    912 | 4.37511e+01 4.79767e-02 | 1.25306e-02 1.07859e-01 1.39109e-01 |
    913 | 4.37991e+01 4.79770e-02 | 1.25306e-02 1.07859e-01 1.39109e-01 |
    914 | 4.38470e+01 4.79773e-02 | 1.25306e-02 1.07859e-01 1.39109e-01 |
    915 | 4.38950e+01 4.79777e-02 | 1.25306e-02 1.07859e-01 1.39109e-01 |
    916 | 4.39430e+01 4.79782e-02 | 1.25306e-02 1.07859e-01 1.39109e-01 |
    917 | 4.39910e+01 4.79788e-02 | 1.25306e-02 1.07859e-01 1.39109e-01 |
    918 | 4.40389e+01 4.79795e-02 | 1.25306e-02 1.07859e-01 1.39109e-01 |
    919 | 4.40869e+01 4.79803e-02 | 1.25306e-02 1.07859e-01 1.39109e-01 |
    920 | 4.41349e+01 4.79811e-02 | 1.25306e-02 1.07859e-01 1.39109e-01 |
    921 | 4.41829e+01 4.79811e-02 | 1.25306e-02 1.07859e-01 1.39109e-01 |
    922 | 4.42309e+01 4.79808e-02 | 1.25306e-02 1.07859e-01 1.39109e-01 |
    923 | 4.42789e+01 4.79807e-02 | 1.25306e-02 1.07859e-01 1.39109e-01 |
    924 | 4.43268e+01 4.79806e-02 | 1.25306e-02 1.07859e-01 1.39109e-01 |
    925 | 4.43748e+01 4.79806e-02 | 1.25306e-02 1.07859e-01 1.39109e-01 |
    926 | 4.44228e+01 4.79807e-02 | 1.25306e-02 1.07859e-01 1.39109e-01 |
    927 | 4.44708e+01 4.79809e-02 | 1.25306e-02 1.07859e-01 1.39109e-01 |
    928 | 4.45188e+01 4.79811e-02 | 1.25306e-02 1.07859e-01 1.39109e-01 |
    929 | 4.45667e+01 4.79815e-02 | 1.25306e-02 1.07859e-01 1.39109e-01 |
    930 | 4.46147e+01 4.79819e-02 | 1.25306e-02 1.07859e-01 1.39109e-01 |
    931 | 4.46627e+01 4.79824e-02 | 1.25306e-02 1.07859e-01 1.39109e-01 |
    932 | 4.47107e+01 4.79820e-02 | 1.25306e-02 1.07859e-01 1.39109e-01 |
    933 | 4.47587e+01 4.79802e-02 | 1.25306e-02 1.07859e-01 1.39109e-01 |
    934 | 4.48066e+01 4.79786e-02 | 1.25306e-02 1.07859e-01 1.39109e-01 |
    935 | 4.48546e+01 4.79771e-02 | 1.25306e-02 1.07859e-01 1.39109e-01 |
    936 | 4.49026e+01 4.79756e-02 | 1.25306e-02 1.07859e-01 1.39109e-01 |
    937 | 4.49506e+01 4.79742e-02 | 1.25306e-02 1.07859e-01 1.39109e-01 |
    938 | 4.49985e+01 4.79730e-02 | 1.25306e-02 1.07859e-01 1.39109e-01 |
    939 | 4.50465e+01 4.79717e-02 | 1.25306e-02 1.07859e-01 1.39109e-01 |
    940 | 4.50945e+01 4.79706e-02 | 1.25306e-02 1.07858e-01 1.39109e-01 |
    941 | 4.51425e+01 4.79696e-02 | 1.25306e-02 1.07858e-01 1.39109e-01 |
    942 | 4.51904e+01 4.79686e-02 | 1.25306e-02 1.07858e-01 1.39109e-01 |
    943 | 4.52384e+01 4.79678e-02 | 1.25306e-02 1.07858e-01 1.39109e-01 |
    944 | 4.52864e+01 4.79670e-02 | 1.25306e-02 1.07858e-01 1.39109e-01 |
    945 | 4.53343e+01 4.79663e-02 | 1.25306e-02 1.07858e-01 1.39109e-01 |
    946 | 4.53823e+01 4.79656e-02 | 1.25306e-02 1.07858e-01 1.39109e-01 |
    947 | 4.54303e+01 4.79651e-02 | 1.25306e-02 1.07858e-01 1.39109e-01 |
    948 | 4.54782e+01 4.79647e-02 | 1.25305e-02 1.07858e-01 1.39109e-01 |
    949 | 4.55262e+01 4.79643e-02 | 1.25305e-02 1.07858e-01 1.39109e-01 |
    950 | 4.55741e+01 4.79640e-02 | 1.25305e-02 1.07858e-01 1.39109e-01 |
    951 | 4.56221e+01 4.79638e-02 | 1.25305e-02 1.07858e-01 1.39109e-01 |
    952 | 4.56701e+01 4.79637e-02 | 1.25305e-02 1.07858e-01 1.39109e-01 |
    953 | 4.57180e+01 4.79637e-02 | 1.25305e-02 1.07858e-01 1.39109e-01 |
    954 | 4.57660e+01 4.79637e-02 | 1.25305e-02 1.07858e-01 1.39109e-01 |
    955 | 4.58140e+01 4.79639e-02 | 1.25305e-02 1.07858e-01 1.39109e-01 |
    956 | 4.58619e+01 4.79641e-02 | 1.25305e-02 1.07858e-01 1.39109e-01 |
    957 | 4.59099e+01 4.79644e-02 | 1.25305e-02 1.07858e-01 1.39109e-01 |
    958 | 4.59579e+01 4.79648e-02 | 1.25305e-02 1.07858e-01 1.39109e-01 |
    959 | 4.60058e+01 4.79653e-02 | 1.25305e-02 1.07858e-01 1.39109e-01 |
    960 | 4.60538e+01 4.79659e-02 | 1.25305e-02 1.07858e-01 1.39109e-01 |
    961 | 4.61018e+01 4.79665e-02 | 1.25305e-02 1.07858e-01 1.39109e-01 |
    962 | 4.61497e+01 4.79673e-02 | 1.25305e-02 1.07858e-01 1.39109e-01 |
    963 | 4.61977e+01 4.79681e-02 | 1.25305e-02 1.07858e-01 1.39109e-01 |
    964 | 4.62457e+01 4.79690e-02 | 1.25305e-02 1.07858e-01 1.39109e-01 |
    965 | 4.62936e+01 4.79700e-02 | 1.25305e-02 1.07858e-01 1.39109e-01 |
    966 | 4.63416e+01 4.79710e-02 | 1.25305e-02 1.07858e-01 1.39109e-01 |
    967 | 4.63896e+01 4.79722e-02 | 1.25305e-02 1.07858e-01 1.39109e-01 |
    968 | 4.64375e+01 4.79734e-02 | 1.25305e-02 1.07858e-01 1.39109e-01 |
    969 | 4.64855e+01 4.79748e-02 | 1.25305e-02 1.07858e-01 1.39109e-01 |
    970 | 4.65335e+01 4.79762e-02 | 1.25305e-02 1.07858e-01 1.39109e-01 |
    971 | 4.65815e+01 4.79777e-02 | 1.25305e-02 1.07858e-01 1.39109e-01 |
    972 | 4.66295e+01 4.79792e-02 | 1.25305e-02 1.07858e-01 1.39109e-01 |
    973 | 4.66774e+01 4.79795e-02 | 1.25305e-02 1.07858e-01 1.39109e-01 |
    974 | 4.67254e+01 4.79781e-02 | 1.25305e-02 1.07858e-01 1.39109e-01 |
    975 | 4.67734e+01 4.79767e-02 | 1.25305e-02 1.07858e-01 1.39109e-01 |
    976 | 4.68214e+01 4.79755e-02 | 1.25305e-02 1.07858e-01 1.39109e-01 |
    977 | 4.68693e+01 4.79743e-02 | 1.25305e-02 1.07858e-01 1.39109e-01 |
    978 | 4.69173e+01 4.79732e-02 | 1.25305e-02 1.07858e-01 1.39109e-01 |
    979 | 4.69653e+01 4.79722e-02 | 1.25305e-02 1.07858e-01 1.39109e-01 |
    980 | 4.70133e+01 4.79713e-02 | 1.25305e-02 1.07858e-01 1.39109e-01 |
    981 | 4.70612e+01 4.79705e-02 | 1.25305e-02 1.07858e-01 1.39109e-01 |
    982 | 4.71092e+01 4.79697e-02 | 1.25305e-02 1.07858e-01 1.39109e-01 |
    983 | 4.71572e+01 4.79690e-02 | 1.25305e-02 1.07858e-01 1.39109e-01 |
    984 | 4.72051e+01 4.79685e-02 | 1.25305e-02 1.07858e-01 1.39109e-01 |
    985 | 4.72531e+01 4.79680e-02 | 1.25305e-02 1.07858e-01 1.39109e-01 |
    986 | 4.73011e+01 4.79676e-02 | 1.25305e-02 1.07858e-01 1.39109e-01 |
    987 | 4.73490e+01 4.79672e-02 | 1.25305e-02 1.07858e-01 1.39109e-01 |
    988 | 4.73970e+01 4.79670e-02 | 1.25305e-02 1.07858e-01 1.39109e-01 |
    989 | 4.74450e+01 4.79668e-02 | 1.25305e-02 1.07858e-01 1.39109e-01 |
    990 | 4.74929e+01 4.79668e-02 | 1.25305e-02 1.07858e-01 1.39109e-01 |
    991 | 4.75409e+01 4.79668e-02 | 1.25305e-02 1.07858e-01 1.39109e-01 |
    992 | 4.75889e+01 4.79669e-02 | 1.25305e-02 1.07858e-01 1.39109e-01 |
    993 | 4.76368e+01 4.79670e-02 | 1.25305e-02 1.07858e-01 1.39109e-01 |
    994 | 4.76848e+01 4.79673e-02 | 1.25305e-02 1.07858e-01 1.39109e-01 |
    995 | 4.77328e+01 4.79677e-02 | 1.25305e-02 1.07858e-01 1.39109e-01 |
    996 | 4.77807e+01 4.79681e-02 | 1.25305e-02 1.07858e-01 1.39109e-01 |
    997 | 4.78287e+01 4.79686e-02 | 1.25305e-02 1.07858e-01 1.39109e-01 |
    998 | 4.78767e+01 4.79692e-02 | 1.25305e-02 1.07858e-01 1.39109e-01 |
    999 | 4.79247e+01 4.79699e-02 | 1.25305e-02 1.07858e-01 1.39109e-01 |
   1000 | 4.79726e+01 4.79707e-02 | 1.25305e-02 1.07858e-01 1.39109e-01 |
   1001 | 4.80206e+01 4.79715e-02 | 1.25305e-02 1.07858e-01 1.39109e-01 |
   1002 | 4.80686e+01 4.79724e-02 | 1.25305e-02 1.07858e-01 1.39109e-01 |
   1003 | 4.81165e+01 4.79735e-02 | 1.25305e-02 1.07858e-01 1.39109e-01 |
   1004 | 4.81645e+01 4.79746e-02 | 1.25305e-02 1.07858e-01 1.39109e-01 |
   1005 | 4.82125e+01 4.79758e-02 | 1.25305e-02 1.07858e-01 1.39109e-01 |
   1006 | 4.82605e+01 4.79770e-02 | 1.25305e-02 1.07858e-01 1.39109e-01 |
   1007 | 4.83084e+01 4.79784e-02 | 1.25305e-02 1.07858e-01 1.39109e-01 |
   1008 | 4.83564e+01 4.79798e-02 | 1.25305e-02 1.07858e-01 1.39109e-01 |
   1009 | 4.84044e+01 4.79802e-02 | 1.25305e-02 1.07858e-01 1.39109e-01 |
   1010 | 4.84524e+01 4.79787e-02 | 1.25305e-02 1.07858e-01 1.39109e-01 |
   1011 | 4.85004e+01 4.79773e-02 | 1.25305e-02 1.07858e-01 1.39109e-01 |
   1012 | 4.85483e+01 4.79759e-02 | 1.25305e-02 1.07858e-01 1.39109e-01 |
   1013 | 4.85963e+01 4.79746e-02 | 1.25305e-02 1.07858e-01 1.39109e-01 |
   1014 | 4.86443e+01 4.79735e-02 | 1.25305e-02 1.07858e-01 1.39109e-01 |
   1015 | 4.86923e+01 4.79724e-02 | 1.25305e-02 1.07858e-01 1.39109e-01 |
   1016 | 4.87402e+01 4.79714e-02 | 1.25305e-02 1.07858e-01 1.39109e-01 |
   1017 | 4.87882e+01 4.79704e-02 | 1.25305e-02 1.07858e-01 1.39109e-01 |
   1018 | 4.88362e+01 4.79696e-02 | 1.25305e-02 1.07858e-01 1.39109e-01 |
   1019 | 4.88841e+01 4.79688e-02 | 1.25305e-02 1.07858e-01 1.39109e-01 |
   1020 | 4.89321e+01 4.79682e-02 | 1.25305e-02 1.07858e-01 1.39109e-01 |
   1021 | 4.89801e+01 4.79676e-02 | 1.25305e-02 1.07858e-01 1.39109e-01 |
   1022 | 4.90280e+01 4.79671e-02 | 1.25305e-02 1.07858e-01 1.39109e-01 |
   1023 | 4.90760e+01 4.79667e-02 | 1.25305e-02 1.07858e-01 1.39109e-01 |
   1024 | 4.91240e+01 4.79663e-02 | 1.25305e-02 1.07858e-01 1.39109e-01 |
   1025 | 4.91719e+01 4.79661e-02 | 1.25305e-02 1.07858e-01 1.39109e-01 |
   1026 | 4.92199e+01 4.79659e-02 | 1.25305e-02 1.07858e-01 1.39109e-01 |
   1027 | 4.92679e+01 4.79658e-02 | 1.25305e-02 1.07858e-01 1.39109e-01 |
   1028 | 4.93158e+01 4.79658e-02 | 1.25305e-02 1.07858e-01 1.39109e-01 |
   1029 | 4.93638e+01 4.79659e-02 | 1.25304e-02 1.07858e-01 1.39109e-01 |
   1030 | 4.94118e+01 4.79661e-02 | 1.25304e-02 1.07858e-01 1.39109e-01 |
   1031 | 4.94597e+01 4.79663e-02 | 1.25304e-02 1.07858e-01 1.39109e-01 |
   1032 | 4.95077e+01 4.79667e-02 | 1.25304e-02 1.07858e-01 1.39109e-01 |
   1033 | 4.95557e+01 4.79671e-02 | 1.25304e-02 1.07858e-01 1.39109e-01 |
   1034 | 4.96036e+01 4.79676e-02 | 1.25304e-02 1.07858e-01 1.39109e-01 |
   1035 | 4.96516e+01 4.79682e-02 | 1.25304e-02 1.07858e-01 1.39109e-01 |
   1036 | 4.96996e+01 4.79689e-02 | 1.25304e-02 1.07858e-01 1.39109e-01 |
   1037 | 4.97475e+01 4.79696e-02 | 1.25304e-02 1.07858e-01 1.39109e-01 |
   1038 | 4.97955e+01 4.79705e-02 | 1.25304e-02 1.07858e-01 1.39109e-01 |
   1039 | 4.98435e+01 4.79714e-02 | 1.25304e-02 1.07858e-01 1.39109e-01 |
   1040 | 4.98915e+01 4.79724e-02 | 1.25304e-02 1.07858e-01 1.39109e-01 |
   1041 | 4.99394e+01 4.79735e-02 | 1.25304e-02 1.07858e-01 1.39109e-01 |
   1042 | 4.99874e+01 4.79747e-02 | 1.25304e-02 1.07858e-01 1.39109e-01 |
   1043 | 5.00354e+01 4.79760e-02 | 1.25304e-02 1.07858e-01 1.39109e-01 |
   1044 | 5.00834e+01 4.79773e-02 | 1.25304e-02 1.07858e-01 1.39109e-01 |
   1045 | 5.01313e+01 4.79788e-02 | 1.25304e-02 1.07858e-01 1.39109e-01 |
   1046 | 5.01793e+01 4.79803e-02 | 1.25304e-02 1.07858e-01 1.39109e-01 |
   1047 | 5.02273e+01 4.79819e-02 | 1.25304e-02 1.07858e-01 1.39109e-01 |
   1048 | 5.02753e+01 4.79836e-02 | 1.25304e-02 1.07858e-01 1.39109e-01 |
   1049 | 5.03233e+01 4.79842e-02 | 1.25304e-02 1.07858e-01 1.39109e-01 |
   1050 | 5.03712e+01 4.79824e-02 | 1.25304e-02 1.07858e-01 1.39109e-01 |
   1051 | 5.04192e+01 4.79806e-02 | 1.25304e-02 1.07858e-01 1.39109e-01 |
   1052 | 5.04672e+01 4.79790e-02 | 1.25304e-02 1.07858e-01 1.39109e-01 |
   1053 | 5.05152e+01 4.79774e-02 | 1.25304e-02 1.07858e-01 1.39109e-01 |
   1054 | 5.05632e+01 4.79760e-02 | 1.25304e-02 1.07858e-01 1.39109e-01 |
   1055 | 5.06111e+01 4.79746e-02 | 1.25304e-02 1.07858e-01 1.39109e-01 |
   1056 | 5.06591e+01 4.79733e-02 | 1.25304e-02 1.07858e-01 1.39109e-01 |
   1057 | 5.07071e+01 4.79720e-02 | 1.25304e-02 1.07858e-01 1.39109e-01 |
   1058 | 5.07551e+01 4.79709e-02 | 1.25304e-02 1.07858e-01 1.39109e-01 |
   1059 | 5.08030e+01 4.79698e-02 | 1.25304e-02 1.07858e-01 1.39109e-01 |
   1060 | 5.08510e+01 4.79689e-02 | 1.25304e-02 1.07858e-01 1.39109e-01 |
   1061 | 5.08990e+01 4.79680e-02 | 1.25304e-02 1.07858e-01 1.39109e-01 |
   1062 | 5.09469e+01 4.79672e-02 | 1.25304e-02 1.07858e-01 1.39109e-01 |
   1063 | 5.09949e+01 4.79665e-02 | 1.25304e-02 1.07858e-01 1.39109e-01 |
   1064 | 5.10429e+01 4.79658e-02 | 1.25304e-02 1.07858e-01 1.39109e-01 |
   1065 | 5.10908e+01 4.79653e-02 | 1.25304e-02 1.07858e-01 1.39109e-01 |
   1066 | 5.11388e+01 4.79648e-02 | 1.25304e-02 1.07857e-01 1.39109e-01 |
   1067 | 5.11868e+01 4.79644e-02 | 1.25304e-02 1.07857e-01 1.39109e-01 |
   1068 | 5.12347e+01 4.79642e-02 | 1.25304e-02 1.07857e-01 1.39109e-01 |
   1069 | 5.12827e+01 4.79639e-02 | 1.25304e-02 1.07857e-01 1.39109e-01 |
   1070 | 5.13306e+01 4.79638e-02 | 1.25304e-02 1.07857e-01 1.39109e-01 |
   1071 | 5.13786e+01 4.79638e-02 | 1.25304e-02 1.07857e-01 1.39109e-01 |
   1072 | 5.14266e+01 4.79638e-02 | 1.25304e-02 1.07857e-01 1.39109e-01 |
   1073 | 5.14745e+01 4.79640e-02 | 1.25304e-02 1.07857e-01 1.39109e-01 |
   1074 | 5.15225e+01 4.79642e-02 | 1.25304e-02 1.07857e-01 1.39109e-01 |
   1075 | 5.15705e+01 4.79645e-02 | 1.25304e-02 1.07857e-01 1.39109e-01 |
   1076 | 5.16184e+01 4.79649e-02 | 1.25304e-02 1.07857e-01 1.39109e-01 |
   1077 | 5.16664e+01 4.79653e-02 | 1.25304e-02 1.07857e-01 1.39109e-01 |
   1078 | 5.17144e+01 4.79659e-02 | 1.25304e-02 1.07857e-01 1.39109e-01 |
   1079 | 5.17623e+01 4.79665e-02 | 1.25304e-02 1.07857e-01 1.39109e-01 |
   1080 | 5.18103e+01 4.79672e-02 | 1.25304e-02 1.07857e-01 1.39109e-01 |
   1081 | 5.18583e+01 4.79681e-02 | 1.25304e-02 1.07857e-01 1.39109e-01 |
   1082 | 5.19062e+01 4.79689e-02 | 1.25304e-02 1.07857e-01 1.39109e-01 |
   1083 | 5.19542e+01 4.79699e-02 | 1.25304e-02 1.07857e-01 1.39109e-01 |
   1084 | 5.20022e+01 4.79710e-02 | 1.25304e-02 1.07857e-01 1.39109e-01 |
   1085 | 5.20501e+01 4.79721e-02 | 1.25304e-02 1.07857e-01 1.39109e-01 |
   1086 | 5.20981e+01 4.79734e-02 | 1.25304e-02 1.07857e-01 1.39109e-01 |
   1087 | 5.21461e+01 4.79747e-02 | 1.25304e-02 1.07857e-01 1.39109e-01 |
   1088 | 5.21941e+01 4.79761e-02 | 1.25304e-02 1.07857e-01 1.39109e-01 |
   1089 | 5.22420e+01 4.79776e-02 | 1.25304e-02 1.07857e-01 1.39109e-01 |
   1090 | 5.22900e+01 4.79791e-02 | 1.25304e-02 1.07857e-01 1.39109e-01 |
   1091 | 5.23380e+01 4.79782e-02 | 1.25304e-02 1.07857e-01 1.39109e-01 |
   1092 | 5.23860e+01 4.79767e-02 | 1.25304e-02 1.07857e-01 1.39109e-01 |
   1093 | 5.24340e+01 4.79754e-02 | 1.25304e-02 1.07857e-01 1.39109e-01 |
   1094 | 5.24819e+01 4.79741e-02 | 1.25304e-02 1.07857e-01 1.39109e-01 |
   1095 | 5.25299e+01 4.79729e-02 | 1.25304e-02 1.07857e-01 1.39109e-01 |
   1096 | 5.25779e+01 4.79718e-02 | 1.25304e-02 1.07857e-01 1.39109e-01 |
   1097 | 5.26258e+01 4.79708e-02 | 1.25304e-02 1.07857e-01 1.39109e-01 |
   1098 | 5.26738e+01 4.79699e-02 | 1.25304e-02 1.07857e-01 1.39109e-01 |
   1099 | 5.27218e+01 4.79690e-02 | 1.25304e-02 1.07857e-01 1.39109e-01 |
   1100 | 5.27698e+01 4.79683e-02 | 1.25304e-02 1.07857e-01 1.39109e-01 |
   1101 | 5.28177e+01 4.79676e-02 | 1.25304e-02 1.07857e-01 1.39109e-01 |
   1102 | 5.28657e+01 4.79670e-02 | 1.25304e-02 1.07857e-01 1.39109e-01 |
   1103 | 5.29137e+01 4.79665e-02 | 1.25304e-02 1.07857e-01 1.39109e-01 |
   1104 | 5.29616e+01 4.79661e-02 | 1.25304e-02 1.07857e-01 1.39109e-01 |
   1105 | 5.30096e+01 4.79657e-02 | 1.25304e-02 1.07857e-01 1.39109e-01 |
   1106 | 5.30576e+01 4.79655e-02 | 1.25304e-02 1.07857e-01 1.39109e-01 |
   1107 | 5.31055e+01 4.79653e-02 | 1.25304e-02 1.07857e-01 1.39109e-01 |
   1108 | 5.31535e+01 4.79652e-02 | 1.25304e-02 1.07857e-01 1.39109e-01 |
   1109 | 5.32014e+01 4.79652e-02 | 1.25304e-02 1.07857e-01 1.39109e-01 |
   1110 | 5.32494e+01 4.79653e-02 | 1.25304e-02 1.07857e-01 1.39109e-01 |
   1111 | 5.32974e+01 4.79655e-02 | 1.25303e-02 1.07857e-01 1.39109e-01 |
   1112 | 5.33453e+01 4.79657e-02 | 1.25303e-02 1.07857e-01 1.39109e-01 |
   1113 | 5.33933e+01 4.79661e-02 | 1.25303e-02 1.07857e-01 1.39109e-01 |
   1114 | 5.34413e+01 4.79665e-02 | 1.25303e-02 1.07857e-01 1.39109e-01 |
   1115 | 5.34892e+01 4.79670e-02 | 1.25303e-02 1.07857e-01 1.39109e-01 |
   1116 | 5.35372e+01 4.79676e-02 | 1.25303e-02 1.07857e-01 1.39109e-01 |
   1117 | 5.35852e+01 4.79683e-02 | 1.25303e-02 1.07857e-01 1.39109e-01 |
   1118 | 5.36331e+01 4.79690e-02 | 1.25303e-02 1.07857e-01 1.39109e-01 |
   1119 | 5.36811e+01 4.79699e-02 | 1.25303e-02 1.07857e-01 1.39109e-01 |
   1120 | 5.37291e+01 4.79708e-02 | 1.25303e-02 1.07857e-01 1.39109e-01 |
   1121 | 5.37771e+01 4.79718e-02 | 1.25303e-02 1.07857e-01 1.39109e-01 |
   1122 | 5.38250e+01 4.79729e-02 | 1.25303e-02 1.07857e-01 1.39109e-01 |
   1123 | 5.38730e+01 4.79741e-02 | 1.25303e-02 1.07857e-01 1.39109e-01 |
   1124 | 5.39210e+01 4.79754e-02 | 1.25303e-02 1.07857e-01 1.39109e-01 |
   1125 | 5.39690e+01 4.79767e-02 | 1.25303e-02 1.07857e-01 1.39109e-01 |
   1126 | 5.40169e+01 4.79782e-02 | 1.25303e-02 1.07857e-01 1.39109e-01 |
   1127 | 5.40649e+01 4.79772e-02 | 1.25303e-02 1.07857e-01 1.39109e-01 |
   1128 | 5.41129e+01 4.79756e-02 | 1.25303e-02 1.07857e-01 1.39109e-01 |
   1129 | 5.41609e+01 4.79742e-02 | 1.25303e-02 1.07857e-01 1.39109e-01 |
   1130 | 5.42088e+01 4.79728e-02 | 1.25303e-02 1.07857e-01 1.39109e-01 |
   1131 | 5.42568e+01 4.79716e-02 | 1.25303e-02 1.07857e-01 1.39109e-01 |
   1132 | 5.43048e+01 4.79704e-02 | 1.25303e-02 1.07857e-01 1.39109e-01 |
   1133 | 5.43527e+01 4.79693e-02 | 1.25303e-02 1.07857e-01 1.39109e-01 |
   1134 | 5.44007e+01 4.79682e-02 | 1.25303e-02 1.07857e-01 1.39109e-01 |
   1135 | 5.44487e+01 4.79673e-02 | 1.25303e-02 1.07857e-01 1.39109e-01 |
   1136 | 5.44967e+01 4.79665e-02 | 1.25303e-02 1.07857e-01 1.39109e-01 |
   1137 | 5.45446e+01 4.79657e-02 | 1.25303e-02 1.07857e-01 1.39109e-01 |
   1138 | 5.45926e+01 4.79650e-02 | 1.25303e-02 1.07857e-01 1.39109e-01 |
   1139 | 5.46405e+01 4.79644e-02 | 1.25303e-02 1.07857e-01 1.39109e-01 |
   1140 | 5.46885e+01 4.79639e-02 | 1.25303e-02 1.07857e-01 1.39109e-01 |
   1141 | 5.47365e+01 4.79635e-02 | 1.25303e-02 1.07857e-01 1.39109e-01 |
   1142 | 5.47844e+01 4.79631e-02 | 1.25303e-02 1.07857e-01 1.39109e-01 |
   1143 | 5.48324e+01 4.79629e-02 | 1.25303e-02 1.07857e-01 1.39109e-01 |
   1144 | 5.48804e+01 4.79627e-02 | 1.25303e-02 1.07857e-01 1.39109e-01 |
   1145 | 5.49283e+01 4.79626e-02 | 1.25303e-02 1.07857e-01 1.39109e-01 |
   1146 | 5.49763e+01 4.79626e-02 | 1.25303e-02 1.07857e-01 1.39109e-01 |
   1147 | 5.50243e+01 4.79627e-02 | 1.25303e-02 1.07857e-01 1.39109e-01 |
   1148 | 5.50722e+01 4.79628e-02 | 1.25303e-02 1.07857e-01 1.39109e-01 |
   1149 | 5.51202e+01 4.79631e-02 | 1.25303e-02 1.07857e-01 1.39109e-01 |
   1150 | 5.51681e+01 4.79634e-02 | 1.25303e-02 1.07857e-01 1.39109e-01 |
   1151 | 5.52161e+01 4.79638e-02 | 1.25303e-02 1.07857e-01 1.39109e-01 |
   1152 | 5.52641e+01 4.79643e-02 | 1.25303e-02 1.07857e-01 1.39109e-01 |
   1153 | 5.53120e+01 4.79649e-02 | 1.25303e-02 1.07857e-01 1.39109e-01 |
   1154 | 5.53600e+01 4.79656e-02 | 1.25303e-02 1.07857e-01 1.39109e-01 |
   1155 | 5.54080e+01 4.79663e-02 | 1.25303e-02 1.07857e-01 1.39109e-01 |
   1156 | 5.54559e+01 4.79672e-02 | 1.25303e-02 1.07857e-01 1.39109e-01 |
   1157 | 5.55039e+01 4.79681e-02 | 1.25303e-02 1.07857e-01 1.39109e-01 |
   1158 | 5.55519e+01 4.79691e-02 | 1.25303e-02 1.07857e-01 1.39109e-01 |
   1159 | 5.55998e+01 4.79702e-02 | 1.25303e-02 1.07857e-01 1.39109e-01 |
   1160 | 5.56478e+01 4.79714e-02 | 1.25303e-02 1.07857e-01 1.39109e-01 |
   1161 | 5.56958e+01 4.79726e-02 | 1.25303e-02 1.07857e-01 1.39109e-01 |
   1162 | 5.57438e+01 4.79740e-02 | 1.25303e-02 1.07857e-01 1.39109e-01 |
   1163 | 5.57917e+01 4.79754e-02 | 1.25303e-02 1.07857e-01 1.39109e-01 |
   1164 | 5.58397e+01 4.79769e-02 | 1.25303e-02 1.07857e-01 1.39109e-01 |
   1165 | 5.58877e+01 4.79785e-02 | 1.25303e-02 1.07857e-01 1.39109e-01 |
   1166 | 5.59357e+01 4.79802e-02 | 1.25303e-02 1.07857e-01 1.39109e-01 |
   1167 | 5.59837e+01 4.79820e-02 | 1.25303e-02 1.07857e-01 1.39109e-01 |
   1168 | 5.60316e+01 4.79838e-02 | 1.25303e-02 1.07857e-01 1.39109e-01 |
   1169 | 5.60796e+01 4.79858e-02 | 1.25303e-02 1.07857e-01 1.39109e-01 |
   1170 | 5.61276e+01 4.79872e-02 | 1.25303e-02 1.07857e-01 1.39109e-01 |
   1171 | 5.61756e+01 4.79856e-02 | 1.25303e-02 1.07857e-01 1.39109e-01 |
   1172 | 5.62236e+01 4.79841e-02 | 1.25303e-02 1.07857e-01 1.39109e-01 |
   1173 | 5.62716e+01 4.79827e-02 | 1.25303e-02 1.07857e-01 1.39109e-01 |
   1174 | 5.63195e+01 4.79814e-02 | 1.25303e-02 1.07857e-01 1.39109e-01 |
   1175 | 5.63675e+01 4.79801e-02 | 1.25303e-02 1.07857e-01 1.39109e-01 |
   1176 | 5.64155e+01 4.79790e-02 | 1.25303e-02 1.07857e-01 1.39109e-01 |
   1177 | 5.64635e+01 4.79779e-02 | 1.25303e-02 1.07857e-01 1.39109e-01 |
   1178 | 5.65115e+01 4.79769e-02 | 1.25303e-02 1.07857e-01 1.39109e-01 |
   1179 | 5.65594e+01 4.79760e-02 | 1.25303e-02 1.07857e-01 1.39109e-01 |
   1180 | 5.66074e+01 4.79752e-02 | 1.25303e-02 1.07857e-01 1.39109e-01 |
   1181 | 5.66554e+01 4.79744e-02 | 1.25303e-02 1.07857e-01 1.39109e-01 |
   1182 | 5.67034e+01 4.79738e-02 | 1.25303e-02 1.07857e-01 1.39109e-01 |
   1183 | 5.67513e+01 4.79732e-02 | 1.25303e-02 1.07857e-01 1.39109e-01 |
   1184 | 5.67993e+01 4.79727e-02 | 1.25303e-02 1.07857e-01 1.39109e-01 |
   1185 | 5.68473e+01 4.79723e-02 | 1.25303e-02 1.07857e-01 1.39109e-01 |
   1186 | 5.68952e+01 4.79720e-02 | 1.25303e-02 1.07856e-01 1.39109e-01 |
   1187 | 5.69432e+01 4.79718e-02 | 1.25303e-02 1.07856e-01 1.39109e-01 |
   1188 | 5.69912e+01 4.79716e-02 | 1.25303e-02 1.07856e-01 1.39109e-01 |
   1189 | 5.70392e+01 4.79716e-02 | 1.25303e-02 1.07856e-01 1.39109e-01 |
   1190 | 5.70871e+01 4.79716e-02 | 1.25303e-02 1.07856e-01 1.39109e-01 |
   1191 | 5.71351e+01 4.79717e-02 | 1.25303e-02 1.07856e-01 1.39109e-01 |
   1192 | 5.71831e+01 4.79719e-02 | 1.25302e-02 1.07856e-01 1.39109e-01 |
   1193 | 5.72310e+01 4.79722e-02 | 1.25302e-02 1.07856e-01 1.39109e-01 |
   1194 | 5.72790e+01 4.79725e-02 | 1.25302e-02 1.07856e-01 1.39109e-01 |
   1195 | 5.73270e+01 4.79730e-02 | 1.25302e-02 1.07856e-01 1.39109e-01 |
   1196 | 5.73750e+01 4.79735e-02 | 1.25302e-02 1.07856e-01 1.39109e-01 |
   1197 | 5.74229e+01 4.79741e-02 | 1.25302e-02 1.07856e-01 1.39109e-01 |
   1198 | 5.74709e+01 4.79748e-02 | 1.25302e-02 1.07856e-01 1.39109e-01 |
   1199 | 5.75189e+01 4.79756e-02 | 1.25302e-02 1.07856e-01 1.39109e-01 |
   1200 | 5.75669e+01 4.79765e-02 | 1.25302e-02 1.07856e-01 1.39109e-01 |
   1201 | 5.76148e+01 4.79775e-02 | 1.25302e-02 1.07856e-01 1.39109e-01 |
   1202 | 5.76628e+01 4.79785e-02 | 1.25302e-02 1.07856e-01 1.39109e-01 |
   1203 | 5.77108e+01 4.79796e-02 | 1.25302e-02 1.07856e-01 1.39109e-01 |
   1204 | 5.77588e+01 4.79808e-02 | 1.25302e-02 1.07856e-01 1.39109e-01 |
   1205 | 5.78068e+01 4.79821e-02 | 1.25302e-02 1.07856e-01 1.39109e-01 |
   1206 | 5.78547e+01 4.79835e-02 | 1.25302e-02 1.07856e-01 1.39109e-01 |
   1207 | 5.79027e+01 4.79850e-02 | 1.25302e-02 1.07856e-01 1.39109e-01 |
   1208 | 5.79507e+01 4.79862e-02 | 1.25302e-02 1.07856e-01 1.39109e-01 |
   1209 | 5.79987e+01 4.79846e-02 | 1.25302e-02 1.07856e-01 1.39109e-01 |
   1210 | 5.80467e+01 4.79832e-02 | 1.25302e-02 1.07856e-01 1.39109e-01 |
   1211 | 5.80947e+01 4.79818e-02 | 1.25302e-02 1.07856e-01 1.39109e-01 |
   1212 | 5.81427e+01 4.79805e-02 | 1.25302e-02 1.07856e-01 1.39109e-01 |
   1213 | 5.81906e+01 4.79793e-02 | 1.25302e-02 1.07856e-01 1.39109e-01 |
   1214 | 5.82386e+01 4.79782e-02 | 1.25302e-02 1.07856e-01 1.39109e-01 |
   1215 | 5.82866e+01 4.79771e-02 | 1.25302e-02 1.07856e-01 1.39109e-01 |
   1216 | 5.83346e+01 4.79762e-02 | 1.25302e-02 1.07856e-01 1.39109e-01 |
   1217 | 5.83825e+01 4.79753e-02 | 1.25302e-02 1.07856e-01 1.39108e-01 |
   1218 | 5.84305e+01 4.79745e-02 | 1.25302e-02 1.07856e-01 1.39108e-01 |
   1219 | 5.84785e+01 4.79738e-02 | 1.25302e-02 1.07856e-01 1.39108e-01 |
   1220 | 5.85265e+01 4.79732e-02 | 1.25302e-02 1.07856e-01 1.39108e-01 |
   1221 | 5.85744e+01 4.79727e-02 | 1.25302e-02 1.07856e-01 1.39108e-01 |
   1222 | 5.86224e+01 4.79722e-02 | 1.25302e-02 1.07856e-01 1.39108e-01 |
   1223 | 5.86704e+01 4.79719e-02 | 1.25302e-02 1.07856e-01 1.39108e-01 |
   1224 | 5.87183e+01 4.79716e-02 | 1.25302e-02 1.07856e-01 1.39108e-01 |
   1225 | 5.87663e+01 4.79714e-02 | 1.25302e-02 1.07856e-01 1.39108e-01 |
   1226 | 5.88143e+01 4.79713e-02 | 1.25302e-02 1.07856e-01 1.39108e-01 |
   1227 | 5.88623e+01 4.79713e-02 | 1.25302e-02 1.07856e-01 1.39108e-01 |
   1228 | 5.89102e+01 4.79714e-02 | 1.25302e-02 1.07856e-01 1.39108e-01 |
   1229 | 5.89582e+01 4.79715e-02 | 1.25302e-02 1.07856e-01 1.39108e-01 |
   1230 | 5.90062e+01 4.79717e-02 | 1.25302e-02 1.07856e-01 1.39108e-01 |
   1231 | 5.90541e+01 4.79721e-02 | 1.25302e-02 1.07856e-01 1.39108e-01 |
   1232 | 5.91021e+01 4.79725e-02 | 1.25302e-02 1.07856e-01 1.39108e-01 |
   1233 | 5.91501e+01 4.79730e-02 | 1.25302e-02 1.07856e-01 1.39108e-01 |
   1234 | 5.91981e+01 4.79735e-02 | 1.25302e-02 1.07856e-01 1.39108e-01 |
   1235 | 5.92460e+01 4.79742e-02 | 1.25302e-02 1.07856e-01 1.39108e-01 |
   1236 | 5.92940e+01 4.79749e-02 | 1.25302e-02 1.07856e-01 1.39108e-01 |
   1237 | 5.93420e+01 4.79758e-02 | 1.25302e-02 1.07856e-01 1.39108e-01 |
   1238 | 5.93900e+01 4.79767e-02 | 1.25302e-02 1.07856e-01 1.39108e-01 |
   1239 | 5.94379e+01 4.79777e-02 | 1.25302e-02 1.07856e-01 1.39108e-01 |
   1240 | 5.94859e+01 4.79784e-02 | 1.25302e-02 1.07856e-01 1.39108e-01 |
   1241 | 5.95339e+01 4.79772e-02 | 1.25302e-02 1.07856e-01 1.39108e-01 |
   1242 | 5.95819e+01 4.79760e-02 | 1.25302e-02 1.07856e-01 1.39108e-01 |
   1243 | 5.96299e+01 4.79749e-02 | 1.25302e-02 1.07856e-01 1.39108e-01 |
   1244 | 5.96778e+01 4.79739e-02 | 1.25302e-02 1.07856e-01 1.39108e-01 |
   1245 | 5.97258e+01 4.79730e-02 | 1.25302e-02 1.07856e-01 1.39108e-01 |
   1246 | 5.97738e+01 4.79722e-02 | 1.25302e-02 1.07856e-01 1.39108e-01 |
   1247 | 5.98217e+01 4.79714e-02 | 1.25302e-02 1.07856e-01 1.39108e-01 |
   1248 | 5.98697e+01 4.79708e-02 | 1.25302e-02 1.07856e-01 1.39108e-01 |
   1249 | 5.99177e+01 4.79702e-02 | 1.25302e-02 1.07856e-01 1.39108e-01 |
   1250 | 5.99657e+01 4.79697e-02 | 1.25302e-02 1.07856e-01 1.39108e-01 |
   1251 | 6.00136e+01 4.79693e-02 | 1.25302e-02 1.07856e-01 1.39108e-01 |
   1252 | 6.00616e+01 4.79690e-02 | 1.25302e-02 1.07856e-01 1.39108e-01 |
   1253 | 6.01096e+01 4.79687e-02 | 1.25302e-02 1.07856e-01 1.39108e-01 |
   1254 | 6.01575e+01 4.79686e-02 | 1.25302e-02 1.07856e-01 1.39108e-01 |
   1255 | 6.02055e+01 4.79685e-02 | 1.25302e-02 1.07856e-01 1.39108e-01 |
   1256 | 6.02535e+01 4.79685e-02 | 1.25302e-02 1.07856e-01 1.39108e-01 |
   1257 | 6.03014e+01 4.79686e-02 | 1.25302e-02 1.07856e-01 1.39108e-01 |
   1258 | 6.03494e+01 4.79684e-02 | 1.25302e-02 1.07856e-01 1.39108e-01 |
   1259 | 6.03974e+01 4.79679e-02 | 1.25302e-02 1.07856e-01 1.39108e-01 |
   1260 | 6.04453e+01 4.79675e-02 | 1.25302e-02 1.07856e-01 1.39108e-01 |
   1261 | 6.04933e+01 4.79673e-02 | 1.25302e-02 1.07856e-01 1.39108e-01 |
   1262 | 6.05413e+01 4.79671e-02 | 1.25302e-02 1.07856e-01 1.39108e-01 |
   1263 | 6.05892e+01 4.79670e-02 | 1.25302e-02 1.07856e-01 1.39108e-01 |
   1264 | 6.06372e+01 4.79669e-02 | 1.25302e-02 1.07856e-01 1.39108e-01 |
   1265 | 6.06852e+01 4.79670e-02 | 1.25302e-02 1.07856e-01 1.39108e-01 |
   1266 | 6.07331e+01 4.79671e-02 | 1.25302e-02 1.07856e-01 1.39108e-01 |
   1267 | 6.07811e+01 4.79674e-02 | 1.25302e-02 1.07856e-01 1.39108e-01 |
   1268 | 6.08291e+01 4.79677e-02 | 1.25302e-02 1.07856e-01 1.39108e-01 |
   1269 | 6.08770e+01 4.79681e-02 | 1.25302e-02 1.07856e-01 1.39108e-01 |
   1270 | 6.09250e+01 4.79686e-02 | 1.25302e-02 1.07856e-01 1.39108e-01 |
   1271 | 6.09730e+01 4.79692e-02 | 1.25301e-02 1.07856e-01 1.39108e-01 |
   1272 | 6.10210e+01 4.79698e-02 | 1.25301e-02 1.07856e-01 1.39108e-01 |
   1273 | 6.10689e+01 4.79705e-02 | 1.25301e-02 1.07856e-01 1.39108e-01 |
   1274 | 6.11169e+01 4.79714e-02 | 1.25301e-02 1.07856e-01 1.39108e-01 |
   1275 | 6.11649e+01 4.79723e-02 | 1.25301e-02 1.07856e-01 1.39108e-01 |
   1276 | 6.12128e+01 4.79733e-02 | 1.25301e-02 1.07856e-01 1.39108e-01 |
   1277 | 6.12608e+01 4.79744e-02 | 1.25301e-02 1.07856e-01 1.39108e-01 |
   1278 | 6.13088e+01 4.79755e-02 | 1.25301e-02 1.07856e-01 1.39108e-01 |
   1279 | 6.13568e+01 4.79768e-02 | 1.25301e-02 1.07856e-01 1.39108e-01 |
   1280 | 6.14047e+01 4.79781e-02 | 1.25301e-02 1.07856e-01 1.39108e-01 |
   1281 | 6.14527e+01 4.79787e-02 | 1.25301e-02 1.07856e-01 1.39108e-01 |
   1282 | 6.15007e+01 4.79778e-02 | 1.25301e-02 1.07856e-01 1.39108e-01 |
   1283 | 6.15487e+01 4.79769e-02 | 1.25301e-02 1.07856e-01 1.39108e-01 |
   1284 | 6.15967e+01 4.79761e-02 | 1.25301e-02 1.07856e-01 1.39108e-01 |
   1285 | 6.16446e+01 4.79754e-02 | 1.25301e-02 1.07856e-01 1.39108e-01 |
   1286 | 6.16926e+01 4.79748e-02 | 1.25301e-02 1.07856e-01 1.39108e-01 |
   1287 | 6.17406e+01 4.79742e-02 | 1.25301e-02 1.07856e-01 1.39108e-01 |
   1288 | 6.17886e+01 4.79737e-02 | 1.25301e-02 1.07856e-01 1.39108e-01 |
   1289 | 6.18365e+01 4.79734e-02 | 1.25301e-02 1.07856e-01 1.39108e-01 |
   1290 | 6.18845e+01 4.79731e-02 | 1.25301e-02 1.07856e-01 1.39108e-01 |
   1291 | 6.19325e+01 4.79729e-02 | 1.25301e-02 1.07856e-01 1.39108e-01 |
   1292 | 6.19804e+01 4.79728e-02 | 1.25301e-02 1.07856e-01 1.39108e-01 |
   1293 | 6.20284e+01 4.79727e-02 | 1.25301e-02 1.07856e-01 1.39108e-01 |
   1294 | 6.20764e+01 4.79728e-02 | 1.25301e-02 1.07856e-01 1.39108e-01 |
   1295 | 6.21244e+01 4.79729e-02 | 1.25301e-02 1.07856e-01 1.39108e-01 |
   1296 | 6.21723e+01 4.79731e-02 | 1.25301e-02 1.07856e-01 1.39108e-01 |
   1297 | 6.22203e+01 4.79734e-02 | 1.25301e-02 1.07856e-01 1.39108e-01 |
   1298 | 6.22683e+01 4.79738e-02 | 1.25301e-02 1.07856e-01 1.39108e-01 |
   1299 | 6.23163e+01 4.79743e-02 | 1.25301e-02 1.07856e-01 1.39108e-01 |
   1300 | 6.23642e+01 4.79748e-02 | 1.25301e-02 1.07856e-01 1.39108e-01 |
   1301 | 6.24122e+01 4.79754e-02 | 1.25301e-02 1.07855e-01 1.39108e-01 |
   1302 | 6.24602e+01 4.79762e-02 | 1.25301e-02 1.07855e-01 1.39108e-01 |
   1303 | 6.25082e+01 4.79770e-02 | 1.25301e-02 1.07855e-01 1.39108e-01 |
   1304 | 6.25561e+01 4.79779e-02 | 1.25301e-02 1.07855e-01 1.39108e-01 |
   1305 | 6.26041e+01 4.79788e-02 | 1.25301e-02 1.07855e-01 1.39108e-01 |
   1306 | 6.26521e+01 4.79799e-02 | 1.25301e-02 1.07855e-01 1.39108e-01 |
   1307 | 6.27001e+01 4.79810e-02 | 1.25301e-02 1.07855e-01 1.39108e-01 |
   1308 | 6.27481e+01 4.79822e-02 | 1.25301e-02 1.07855e-01 1.39108e-01 |
   1309 | 6.27960e+01 4.79836e-02 | 1.25301e-02 1.07855e-01 1.39108e-01 |
   1310 | 6.28440e+01 4.79849e-02 | 1.25301e-02 1.07855e-01 1.39108e-01 |
   1311 | 6.28920e+01 4.79864e-02 | 1.25301e-02 1.07855e-01 1.39108e-01 |
   1312 | 6.29400e+01 4.79867e-02 | 1.25301e-02 1.07855e-01 1.39108e-01 |
   1313 | 6.29880e+01 4.79852e-02 | 1.25301e-02 1.07855e-01 1.39108e-01 |
   1314 | 6.30360e+01 4.79838e-02 | 1.25301e-02 1.07855e-01 1.39108e-01 |
   1315 | 6.30840e+01 4.79825e-02 | 1.25301e-02 1.07855e-01 1.39108e-01 |
   1316 | 6.31319e+01 4.79813e-02 | 1.25301e-02 1.07855e-01 1.39108e-01 |
   1317 | 6.31799e+01 4.79802e-02 | 1.25301e-02 1.07855e-01 1.39108e-01 |
   1318 | 6.32279e+01 4.79791e-02 | 1.25301e-02 1.07855e-01 1.39108e-01 |
   1319 | 6.32759e+01 4.79781e-02 | 1.25301e-02 1.07855e-01 1.39108e-01 |
   1320 | 6.33238e+01 4.79772e-02 | 1.25301e-02 1.07855e-01 1.39108e-01 |
   1321 | 6.33718e+01 4.79764e-02 | 1.25301e-02 1.07855e-01 1.39108e-01 |
   1322 | 6.34198e+01 4.79757e-02 | 1.25301e-02 1.07855e-01 1.39108e-01 |
   1323 | 6.34678e+01 4.79751e-02 | 1.25301e-02 1.07855e-01 1.39108e-01 |
   1324 | 6.35158e+01 4.79745e-02 | 1.25301e-02 1.07855e-01 1.39108e-01 |
   1325 | 6.35637e+01 4.79741e-02 | 1.25301e-02 1.07855e-01 1.39108e-01 |
   1326 | 6.36117e+01 4.79737e-02 | 1.25301e-02 1.07855e-01 1.39108e-01 |
   1327 | 6.36597e+01 4.79734e-02 | 1.25301e-02 1.07855e-01 1.39108e-01 |
   1328 | 6.37076e+01 4.79732e-02 | 1.25301e-02 1.07855e-01 1.39108e-01 |
   1329 | 6.37556e+01 4.79730e-02 | 1.25301e-02 1.07855e-01 1.39108e-01 |
   1330 | 6.38036e+01 4.79730e-02 | 1.25301e-02 1.07855e-01 1.39108e-01 |
   1331 | 6.38516e+01 4.79730e-02 | 1.25301e-02 1.07855e-01 1.39108e-01 |
   1332 | 6.38995e+01 4.79732e-02 | 1.25301e-02 1.07855e-01 1.39108e-01 |
   1333 | 6.39475e+01 4.79734e-02 | 1.25301e-02 1.07855e-01 1.39108e-01 |
   1334 | 6.39955e+01 4.79737e-02 | 1.25301e-02 1.07855e-01 1.39108e-01 |
   1335 | 6.40435e+01 4.79740e-02 | 1.25301e-02 1.07855e-01 1.39108e-01 |
   1336 | 6.40914e+01 4.79745e-02 | 1.25301e-02 1.07855e-01 1.39108e-01 |
   1337 | 6.41394e+01 4.79750e-02 | 1.25301e-02 1.07855e-01 1.39108e-01 |
   1338 | 6.41874e+01 4.79757e-02 | 1.25301e-02 1.07855e-01 1.39108e-01 |
   1339 | 6.42354e+01 4.79764e-02 | 1.25301e-02 1.07855e-01 1.39108e-01 |
   1340 | 6.42833e+01 4.79772e-02 | 1.25301e-02 1.07855e-01 1.39108e-01 |
   1341 | 6.43313e+01 4.79780e-02 | 1.25301e-02 1.07855e-01 1.39108e-01 |
   1342 | 6.43793e+01 4.79790e-02 | 1.25301e-02 1.07855e-01 1.39108e-01 |
   1343 | 6.44273e+01 4.79800e-02 | 1.25301e-02 1.07855e-01 1.39108e-01 |
   1344 | 6.44753e+01 4.79812e-02 | 1.25301e-02 1.07855e-01 1.39108e-01 |
   1345 | 6.45232e+01 4.79824e-02 | 1.25301e-02 1.07855e-01 1.39108e-01 |
   1346 | 6.45712e+01 4.79837e-02 | 1.25301e-02 1.07855e-01 1.39108e-01 |
   1347 | 6.46192e+01 4.79851e-02 | 1.25301e-02 1.07855e-01 1.39108e-01 |
   1348 | 6.46672e+01 4.79855e-02 | 1.25301e-02 1.07855e-01 1.39108e-01 |
   1349 | 6.47152e+01 4.79858e-02 | 1.25301e-02 1.07855e-01 1.39108e-01 |
   1350 | 6.47632e+01 4.79862e-02 | 1.25301e-02 1.07855e-01 1.39108e-01 |
   1351 | 6.48111e+01 4.79843e-02 | 1.25301e-02 1.07855e-01 1.39108e-01 |
   1352 | 6.48591e+01 4.79825e-02 | 1.25301e-02 1.07855e-01 1.39108e-01 |
   1353 | 6.49071e+01 4.79807e-02 | 1.25300e-02 1.07855e-01 1.39108e-01 |
   1354 | 6.49551e+01 4.79790e-02 | 1.25300e-02 1.07855e-01 1.39108e-01 |
   1355 | 6.50031e+01 4.79774e-02 | 1.25300e-02 1.07855e-01 1.39108e-01 |
   1356 | 6.50510e+01 4.79759e-02 | 1.25300e-02 1.07855e-01 1.39108e-01 |
   1357 | 6.50990e+01 4.79745e-02 | 1.25300e-02 1.07855e-01 1.39108e-01 |
   1358 | 6.51470e+01 4.79732e-02 | 1.25300e-02 1.07855e-01 1.39108e-01 |
   1359 | 6.51950e+01 4.79719e-02 | 1.25300e-02 1.07855e-01 1.39108e-01 |
   1360 | 6.52429e+01 4.79707e-02 | 1.25300e-02 1.07855e-01 1.39108e-01 |
   1361 | 6.52909e+01 4.79696e-02 | 1.25300e-02 1.07855e-01 1.39108e-01 |
   1362 | 6.53389e+01 4.79686e-02 | 1.25300e-02 1.07855e-01 1.39108e-01 |
   1363 | 6.53868e+01 4.79677e-02 | 1.25300e-02 1.07855e-01 1.39108e-01 |
   1364 | 6.54348e+01 4.79669e-02 | 1.25300e-02 1.07855e-01 1.39108e-01 |
   1365 | 6.54828e+01 4.79661e-02 | 1.25300e-02 1.07855e-01 1.39108e-01 |
   1366 | 6.55307e+01 4.79654e-02 | 1.25300e-02 1.07855e-01 1.39108e-01 |
   1367 | 6.55787e+01 4.79648e-02 | 1.25300e-02 1.07855e-01 1.39108e-01 |
   1368 | 6.56267e+01 4.79643e-02 | 1.25300e-02 1.07855e-01 1.39108e-01 |
   1369 | 6.56746e+01 4.79639e-02 | 1.25300e-02 1.07855e-01 1.39108e-01 |
   1370 | 6.57226e+01 4.79636e-02 | 1.25300e-02 1.07855e-01 1.39108e-01 |
   1371 | 6.57706e+01 4.79633e-02 | 1.25300e-02 1.07855e-01 1.39108e-01 |
   1372 | 6.58185e+01 4.79632e-02 | 1.25300e-02 1.07855e-01 1.39108e-01 |
   1373 | 6.58665e+01 4.79631e-02 | 1.25300e-02 1.07855e-01 1.39108e-01 |
   1374 | 6.59144e+01 4.79631e-02 | 1.25300e-02 1.07855e-01 1.39108e-01 |
   1375 | 6.59624e+01 4.79632e-02 | 1.25300e-02 1.07855e-01 1.39108e-01 |
   1376 | 6.60104e+01 4.79634e-02 | 1.25300e-02 1.07855e-01 1.39108e-01 |
   1377 | 6.60583e+01 4.79636e-02 | 1.25300e-02 1.07855e-01 1.39108e-01 |
   1378 | 6.61063e+01 4.79640e-02 | 1.25300e-02 1.07855e-01 1.39108e-01 |
   1379 | 6.61543e+01 4.79644e-02 | 1.25300e-02 1.07855e-01 1.39108e-01 |
   1380 | 6.62022e+01 4.79649e-02 | 1.25300e-02 1.07855e-01 1.39108e-01 |
   1381 | 6.62502e+01 4.79655e-02 | 1.25300e-02 1.07855e-01 1.39108e-01 |
   1382 | 6.62982e+01 4.79662e-02 | 1.25300e-02 1.07855e-01 1.39108e-01 |
   1383 | 6.63461e+01 4.79670e-02 | 1.25300e-02 1.07855e-01 1.39108e-01 |
   1384 | 6.63941e+01 4.79678e-02 | 1.25300e-02 1.07855e-01 1.39108e-01 |
   1385 | 6.64421e+01 4.79687e-02 | 1.25300e-02 1.07855e-01 1.39108e-01 |
   1386 | 6.64900e+01 4.79698e-02 | 1.25300e-02 1.07855e-01 1.39108e-01 |
   1387 | 6.65380e+01 4.79709e-02 | 1.25300e-02 1.07855e-01 1.39108e-01 |
   1388 | 6.65860e+01 4.79721e-02 | 1.25300e-02 1.07855e-01 1.39108e-01 |
   1389 | 6.66340e+01 4.79733e-02 | 1.25300e-02 1.07855e-01 1.39108e-01 |
   1390 | 6.66819e+01 4.79747e-02 | 1.25300e-02 1.07855e-01 1.39108e-01 |
   1391 | 6.67299e+01 4.79761e-02 | 1.25300e-02 1.07855e-01 1.39108e-01 |
   1392 | 6.67779e+01 4.79776e-02 | 1.25300e-02 1.07855e-01 1.39108e-01 |
   1393 | 6.68259e+01 4.79793e-02 | 1.25300e-02 1.07855e-01 1.39108e-01 |
   1394 | 6.68738e+01 4.79779e-02 | 1.25300e-02 1.07855e-01 1.39108e-01 |
   1395 | 6.69218e+01 4.79765e-02 | 1.25300e-02 1.07855e-01 1.39108e-01 |
   1396 | 6.69698e+01 4.79752e-02 | 1.25300e-02 1.07855e-01 1.39108e-01 |
   1397 | 6.70178e+01 4.79740e-02 | 1.25300e-02 1.07855e-01 1.39108e-01 |
   1398 | 6.70657e+01 4.79728e-02 | 1.25300e-02 1.07855e-01 1.39108e-01 |
   1399 | 6.71137e+01 4.79718e-02 | 1.25300e-02 1.07855e-01 1.39108e-01 |
   1400 | 6.71617e+01 4.79708e-02 | 1.25300e-02 1.07855e-01 1.39108e-01 |
   1401 | 6.72096e+01 4.79699e-02 | 1.25300e-02 1.07855e-01 1.39108e-01 |
   1402 | 6.72576e+01 4.79691e-02 | 1.25300e-02 1.07855e-01 1.39108e-01 |
   1403 | 6.73056e+01 4.79684e-02 | 1.25300e-02 1.07855e-01 1.39108e-01 |
   1404 | 6.73536e+01 4.79678e-02 | 1.25300e-02 1.07855e-01 1.39108e-01 |
   1405 | 6.74015e+01 4.79672e-02 | 1.25300e-02 1.07855e-01 1.39108e-01 |
   1406 | 6.74495e+01 4.79668e-02 | 1.25300e-02 1.07855e-01 1.39108e-01 |
   1407 | 6.74975e+01 4.79664e-02 | 1.25300e-02 1.07855e-01 1.39108e-01 |
   1408 | 6.75454e+01 4.79661e-02 | 1.25300e-02 1.07855e-01 1.39108e-01 |
   1409 | 6.75934e+01 4.79659e-02 | 1.25300e-02 1.07855e-01 1.39108e-01 |
   1410 | 6.76414e+01 4.79658e-02 | 1.25300e-02 1.07855e-01 1.39108e-01 |
   1411 | 6.76893e+01 4.79657e-02 | 1.25300e-02 1.07855e-01 1.39108e-01 |
   1412 | 6.77373e+01 4.79658e-02 | 1.25300e-02 1.07855e-01 1.39108e-01 |
   1413 | 6.77852e+01 4.79659e-02 | 1.25300e-02 1.07854e-01 1.39108e-01 |
   1414 | 6.78332e+01 4.79661e-02 | 1.25300e-02 1.07854e-01 1.39108e-01 |
   1415 | 6.78812e+01 4.79664e-02 | 1.25300e-02 1.07854e-01 1.39108e-01 |
   1416 | 6.79291e+01 4.79668e-02 | 1.25300e-02 1.07854e-01 1.39108e-01 |
   1417 | 6.79771e+01 4.79672e-02 | 1.25300e-02 1.07854e-01 1.39108e-01 |
   1418 | 6.80251e+01 4.79678e-02 | 1.25300e-02 1.07854e-01 1.39108e-01 |
   1419 | 6.80731e+01 4.79684e-02 | 1.25300e-02 1.07854e-01 1.39108e-01 |
   1420 | 6.81210e+01 4.79691e-02 | 1.25300e-02 1.07854e-01 1.39108e-01 |
   1421 | 6.81690e+01 4.79699e-02 | 1.25300e-02 1.07854e-01 1.39108e-01 |
   1422 | 6.82170e+01 4.79708e-02 | 1.25300e-02 1.07854e-01 1.39108e-01 |
   1423 | 6.82649e+01 4.79718e-02 | 1.25300e-02 1.07854e-01 1.39108e-01 |
   1424 | 6.83129e+01 4.79728e-02 | 1.25300e-02 1.07854e-01 1.39108e-01 |
   1425 | 6.83609e+01 4.79740e-02 | 1.25300e-02 1.07854e-01 1.39108e-01 |
   1426 | 6.84089e+01 4.79752e-02 | 1.25300e-02 1.07854e-01 1.39108e-01 |
   1427 | 6.84568e+01 4.79765e-02 | 1.25300e-02 1.07854e-01 1.39108e-01 |
   1428 | 6.85048e+01 4.79779e-02 | 1.25300e-02 1.07854e-01 1.39108e-01 |
   1429 | 6.85528e+01 4.79794e-02 | 1.25300e-02 1.07854e-01 1.39108e-01 |
   1430 | 6.86008e+01 4.79781e-02 | 1.25300e-02 1.07854e-01 1.39108e-01 |
   1431 | 6.86487e+01 4.79766e-02 | 1.25300e-02 1.07854e-01 1.39108e-01 |
   1432 | 6.86967e+01 4.79752e-02 | 1.25300e-02 1.07854e-01 1.39108e-01 |
   1433 | 6.87447e+01 4.79739e-02 | 1.25299e-02 1.07854e-01 1.39108e-01 |
   1434 | 6.87927e+01 4.79727e-02 | 1.25299e-02 1.07854e-01 1.39108e-01 |
   1435 | 6.88406e+01 4.79716e-02 | 1.25299e-02 1.07854e-01 1.39108e-01 |
   1436 | 6.88886e+01 4.79705e-02 | 1.25299e-02 1.07854e-01 1.39108e-01 |
   1437 | 6.89366e+01 4.79695e-02 | 1.25299e-02 1.07854e-01 1.39108e-01 |
   1438 | 6.89845e+01 4.79686e-02 | 1.25299e-02 1.07854e-01 1.39108e-01 |
   1439 | 6.90325e+01 4.79678e-02 | 1.25299e-02 1.07854e-01 1.39108e-01 |
   1440 | 6.90805e+01 4.79671e-02 | 1.25299e-02 1.07854e-01 1.39108e-01 |
   1441 | 6.91284e+01 4.79664e-02 | 1.25299e-02 1.07854e-01 1.39108e-01 |
   1442 | 6.91764e+01 4.79659e-02 | 1.25299e-02 1.07854e-01 1.39108e-01 |
   1443 | 6.92244e+01 4.79654e-02 | 1.25299e-02 1.07854e-01 1.39108e-01 |
   1444 | 6.92723e+01 4.79650e-02 | 1.25299e-02 1.07854e-01 1.39108e-01 |
   1445 | 6.93203e+01 4.79647e-02 | 1.25299e-02 1.07854e-01 1.39108e-01 |
   1446 | 6.93683e+01 4.79645e-02 | 1.25299e-02 1.07854e-01 1.39108e-01 |
   1447 | 6.94162e+01 4.79644e-02 | 1.25299e-02 1.07854e-01 1.39108e-01 |
   1448 | 6.94642e+01 4.79643e-02 | 1.25299e-02 1.07854e-01 1.39108e-01 |
   1449 | 6.95122e+01 4.79644e-02 | 1.25299e-02 1.07854e-01 1.39108e-01 |
   1450 | 6.95601e+01 4.79645e-02 | 1.25299e-02 1.07854e-01 1.39108e-01 |
   1451 | 6.96081e+01 4.79647e-02 | 1.25299e-02 1.07854e-01 1.39108e-01 |
   1452 | 6.96561e+01 4.79650e-02 | 1.25299e-02 1.07854e-01 1.39108e-01 |
   1453 | 6.97040e+01 4.79653e-02 | 1.25299e-02 1.07854e-01 1.39108e-01 |
   1454 | 6.97520e+01 4.79658e-02 | 1.25299e-02 1.07854e-01 1.39108e-01 |
   1455 | 6.98000e+01 4.79663e-02 | 1.25299e-02 1.07854e-01 1.39108e-01 |
   1456 | 6.98479e+01 4.79670e-02 | 1.25299e-02 1.07854e-01 1.39108e-01 |
   1457 | 6.98959e+01 4.79677e-02 | 1.25299e-02 1.07854e-01 1.39108e-01 |
   1458 | 6.99439e+01 4.79685e-02 | 1.25299e-02 1.07854e-01 1.39108e-01 |
   1459 | 6.99918e+01 4.79693e-02 | 1.25299e-02 1.07854e-01 1.39108e-01 |
   1460 | 7.00398e+01 4.79703e-02 | 1.25299e-02 1.07854e-01 1.39108e-01 |
   1461 | 7.00878e+01 4.79714e-02 | 1.25299e-02 1.07854e-01 1.39108e-01 |
   1462 | 7.01357e+01 4.79725e-02 | 1.25299e-02 1.07854e-01 1.39108e-01 |
   1463 | 7.01837e+01 4.79737e-02 | 1.25299e-02 1.07854e-01 1.39108e-01 |
   1464 | 7.02317e+01 4.79750e-02 | 1.25299e-02 1.07854e-01 1.39108e-01 |
   1465 | 7.02797e+01 4.79764e-02 | 1.25299e-02 1.07854e-01 1.39108e-01 |
   1466 | 7.03276e+01 4.79779e-02 | 1.25299e-02 1.07854e-01 1.39108e-01 |
   1467 | 7.03756e+01 4.79794e-02 | 1.25299e-02 1.07854e-01 1.39108e-01 |
   1468 | 7.04236e+01 4.79810e-02 | 1.25299e-02 1.07854e-01 1.39108e-01 |
   1469 | 7.04716e+01 4.79828e-02 | 1.25299e-02 1.07854e-01 1.39108e-01 |
   1470 | 7.05196e+01 4.79846e-02 | 1.25299e-02 1.07854e-01 1.39108e-01 |
   1471 | 7.05676e+01 4.79832e-02 | 1.25299e-02 1.07854e-01 1.39108e-01 |
   1472 | 7.06155e+01 4.79815e-02 | 1.25299e-02 1.07854e-01 1.39108e-01 |
   1473 | 7.06635e+01 4.79799e-02 | 1.25299e-02 1.07854e-01 1.39108e-01 |
   1474 | 7.07115e+01 4.79784e-02 | 1.25299e-02 1.07854e-01 1.39108e-01 |
   1475 | 7.07595e+01 4.79769e-02 | 1.25299e-02 1.07854e-01 1.39108e-01 |
   1476 | 7.08075e+01 4.79755e-02 | 1.25299e-02 1.07854e-01 1.39108e-01 |
   1477 | 7.08554e+01 4.79743e-02 | 1.25299e-02 1.07854e-01 1.39108e-01 |
   1478 | 7.09034e+01 4.79731e-02 | 1.25299e-02 1.07854e-01 1.39108e-01 |
   1479 | 7.09514e+01 4.79720e-02 | 1.25299e-02 1.07854e-01 1.39108e-01 |
   1480 | 7.09993e+01 4.79709e-02 | 1.25299e-02 1.07854e-01 1.39108e-01 |
   1481 | 7.10473e+01 4.79700e-02 | 1.25299e-02 1.07854e-01 1.39108e-01 |
   1482 | 7.10953e+01 4.79691e-02 | 1.25299e-02 1.07854e-01 1.39108e-01 |
   1483 | 7.11432e+01 4.79684e-02 | 1.25299e-02 1.07854e-01 1.39108e-01 |
   1484 | 7.11912e+01 4.79677e-02 | 1.25299e-02 1.07854e-01 1.39108e-01 |
   1485 | 7.12392e+01 4.79671e-02 | 1.25299e-02 1.07854e-01 1.39108e-01 |
   1486 | 7.12871e+01 4.79665e-02 | 1.25299e-02 1.07854e-01 1.39108e-01 |
   1487 | 7.13351e+01 4.79661e-02 | 1.25299e-02 1.07854e-01 1.39108e-01 |
   1488 | 7.13831e+01 4.79658e-02 | 1.25299e-02 1.07854e-01 1.39108e-01 |
   1489 | 7.14310e+01 4.79655e-02 | 1.25299e-02 1.07854e-01 1.39108e-01 |
   1490 | 7.14790e+01 4.79653e-02 | 1.25299e-02 1.07854e-01 1.39108e-01 |
   1491 | 7.15270e+01 4.79652e-02 | 1.25299e-02 1.07854e-01 1.39108e-01 |
   1492 | 7.15749e+01 4.79652e-02 | 1.25299e-02 1.07854e-01 1.39108e-01 |
   1493 | 7.16229e+01 4.79653e-02 | 1.25299e-02 1.07854e-01 1.39108e-01 |
   1494 | 7.16709e+01 4.79654e-02 | 1.25299e-02 1.07854e-01 1.39108e-01 |
   1495 | 7.17188e+01 4.79657e-02 | 1.25299e-02 1.07854e-01 1.39108e-01 |
   1496 | 7.17668e+01 4.79660e-02 | 1.25299e-02 1.07854e-01 1.39108e-01 |
   1497 | 7.18148e+01 4.79664e-02 | 1.25299e-02 1.07854e-01 1.39108e-01 |
   1498 | 7.18627e+01 4.79669e-02 | 1.25299e-02 1.07854e-01 1.39108e-01 |
   1499 | 7.19107e+01 4.79675e-02 | 1.25299e-02 1.07854e-01 1.39108e-01 |
   1500 | 7.19587e+01 4.79682e-02 | 1.25299e-02 1.07854e-01 1.39108e-01 |
   1501 | 7.20066e+01 4.79689e-02 | 1.25299e-02 1.07854e-01 1.39108e-01 |
   1502 | 7.20546e+01 4.79698e-02 | 1.25299e-02 1.07854e-01 1.39108e-01 |
   1503 | 7.21026e+01 4.79707e-02 | 1.25299e-02 1.07854e-01 1.39108e-01 |
   1504 | 7.21506e+01 4.79717e-02 | 1.25299e-02 1.07854e-01 1.39108e-01 |
   1505 | 7.21985e+01 4.79728e-02 | 1.25299e-02 1.07854e-01 1.39108e-01 |
   1506 | 7.22465e+01 4.79740e-02 | 1.25299e-02 1.07854e-01 1.39108e-01 |
   1507 | 7.22945e+01 4.79752e-02 | 1.25299e-02 1.07854e-01 1.39108e-01 |
   1508 | 7.23425e+01 4.79766e-02 | 1.25299e-02 1.07854e-01 1.39108e-01 |
   1509 | 7.23904e+01 4.79780e-02 | 1.25299e-02 1.07854e-01 1.39108e-01 |
   1510 | 7.24384e+01 4.79795e-02 | 1.25299e-02 1.07854e-01 1.39108e-01 |
   1511 | 7.24864e+01 4.79801e-02 | 1.25298e-02 1.07854e-01 1.39108e-01 |
   1512 | 7.25344e+01 4.79786e-02 | 1.25298e-02 1.07854e-01 1.39108e-01 |
   1513 | 7.25823e+01 4.79772e-02 | 1.25298e-02 1.07854e-01 1.39108e-01 |
   1514 | 7.26303e+01 4.79759e-02 | 1.25298e-02 1.07854e-01 1.39108e-01 |
   1515 | 7.26783e+01 4.79747e-02 | 1.25298e-02 1.07854e-01 1.39108e-01 |
   1516 | 7.27263e+01 4.79735e-02 | 1.25298e-02 1.07854e-01 1.39108e-01 |
   1517 | 7.27742e+01 4.79724e-02 | 1.25298e-02 1.07854e-01 1.39108e-01 |
   1518 | 7.28222e+01 4.79715e-02 | 1.25298e-02 1.07854e-01 1.39108e-01 |
   1519 | 7.28702e+01 4.79706e-02 | 1.25298e-02 1.07854e-01 1.39108e-01 |
   1520 | 7.29182e+01 4.79697e-02 | 1.25298e-02 1.07854e-01 1.39108e-01 |
   1521 | 7.29661e+01 4.79690e-02 | 1.25298e-02 1.07854e-01 1.39108e-01 |
   1522 | 7.30141e+01 4.79683e-02 | 1.25298e-02 1.07853e-01 1.39108e-01 |
   1523 | 7.30621e+01 4.79678e-02 | 1.25298e-02 1.07853e-01 1.39108e-01 |
   1524 | 7.31100e+01 4.79673e-02 | 1.25298e-02 1.07853e-01 1.39108e-01 |
   1525 | 7.31580e+01 4.79669e-02 | 1.25298e-02 1.07853e-01 1.39108e-01 |
   1526 | 7.32060e+01 4.79666e-02 | 1.25298e-02 1.07853e-01 1.39108e-01 |
   1527 | 7.32539e+01 4.79664e-02 | 1.25298e-02 1.07853e-01 1.39108e-01 |
   1528 | 7.33019e+01 4.79662e-02 | 1.25298e-02 1.07853e-01 1.39108e-01 |
   1529 | 7.33499e+01 4.79662e-02 | 1.25298e-02 1.07853e-01 1.39108e-01 |
   1530 | 7.33978e+01 4.79662e-02 | 1.25298e-02 1.07853e-01 1.39108e-01 |
   1531 | 7.34458e+01 4.79663e-02 | 1.25298e-02 1.07853e-01 1.39108e-01 |
   1532 | 7.34938e+01 4.79665e-02 | 1.25298e-02 1.07853e-01 1.39108e-01 |
   1533 | 7.35417e+01 4.79668e-02 | 1.25298e-02 1.07853e-01 1.39108e-01 |
   1534 | 7.35897e+01 4.79672e-02 | 1.25298e-02 1.07853e-01 1.39108e-01 |
   1535 | 7.36377e+01 4.79676e-02 | 1.25298e-02 1.07853e-01 1.39108e-01 |
   1536 | 7.36856e+01 4.79682e-02 | 1.25298e-02 1.07853e-01 1.39107e-01 |
   1537 | 7.37336e+01 4.79688e-02 | 1.25298e-02 1.07853e-01 1.39107e-01 |
   1538 | 7.37816e+01 4.79695e-02 | 1.25298e-02 1.07853e-01 1.39107e-01 |
   1539 | 7.38295e+01 4.79703e-02 | 1.25298e-02 1.07853e-01 1.39107e-01 |
   1540 | 7.38775e+01 4.79711e-02 | 1.25298e-02 1.07853e-01 1.39107e-01 |
   1541 | 7.39255e+01 4.79721e-02 | 1.25298e-02 1.07853e-01 1.39107e-01 |
   1542 | 7.39735e+01 4.79732e-02 | 1.25298e-02 1.07853e-01 1.39107e-01 |
   1543 | 7.40214e+01 4.79743e-02 | 1.25298e-02 1.07853e-01 1.39107e-01 |
   1544 | 7.40694e+01 4.79755e-02 | 1.25298e-02 1.07853e-01 1.39107e-01 |
   1545 | 7.41174e+01 4.79768e-02 | 1.25298e-02 1.07853e-01 1.39107e-01 |
   1546 | 7.41654e+01 4.79782e-02 | 1.25298e-02 1.07853e-01 1.39107e-01 |
   1547 | 7.42133e+01 4.79787e-02 | 1.25298e-02 1.07853e-01 1.39107e-01 |
   1548 | 7.42613e+01 4.79771e-02 | 1.25298e-02 1.07853e-01 1.39107e-01 |
   1549 | 7.43093e+01 4.79756e-02 | 1.25298e-02 1.07853e-01 1.39107e-01 |
   1550 | 7.43573e+01 4.79742e-02 | 1.25298e-02 1.07853e-01 1.39107e-01 |
   1551 | 7.44052e+01 4.79729e-02 | 1.25298e-02 1.07853e-01 1.39107e-01 |
   1552 | 7.44532e+01 4.79717e-02 | 1.25298e-02 1.07853e-01 1.39107e-01 |
   1553 | 7.45012e+01 4.79705e-02 | 1.25298e-02 1.07853e-01 1.39107e-01 |
   1554 | 7.45491e+01 4.79694e-02 | 1.25298e-02 1.07853e-01 1.39107e-01 |
   1555 | 7.45971e+01 4.79684e-02 | 1.25298e-02 1.07853e-01 1.39107e-01 |
   1556 | 7.46451e+01 4.79675e-02 | 1.25298e-02 1.07853e-01 1.39107e-01 |
   1557 | 7.46931e+01 4.79667e-02 | 1.25298e-02 1.07853e-01 1.39107e-01 |
   1558 | 7.47410e+01 4.79659e-02 | 1.25298e-02 1.07853e-01 1.39107e-01 |
   1559 | 7.47890e+01 4.79653e-02 | 1.25298e-02 1.07853e-01 1.39107e-01 |
   1560 | 7.48369e+01 4.79647e-02 | 1.25298e-02 1.07853e-01 1.39107e-01 |
   1561 | 7.48849e+01 4.79642e-02 | 1.25298e-02 1.07853e-01 1.39107e-01 |
   1562 | 7.49329e+01 4.79638e-02 | 1.25298e-02 1.07853e-01 1.39107e-01 |
   1563 | 7.49808e+01 4.79635e-02 | 1.25298e-02 1.07853e-01 1.39107e-01 |
   1564 | 7.50288e+01 4.79633e-02 | 1.25298e-02 1.07853e-01 1.39107e-01 |
   1565 | 7.50768e+01 4.79631e-02 | 1.25298e-02 1.07853e-01 1.39107e-01 |
   1566 | 7.51247e+01 4.79631e-02 | 1.25298e-02 1.07853e-01 1.39107e-01 |
   1567 | 7.51727e+01 4.79631e-02 | 1.25298e-02 1.07853e-01 1.39107e-01 |
   1568 | 7.52207e+01 4.79632e-02 | 1.25298e-02 1.07853e-01 1.39107e-01 |
   1569 | 7.52686e+01 4.79634e-02 | 1.25298e-02 1.07853e-01 1.39107e-01 |
   1570 | 7.53166e+01 4.79637e-02 | 1.25298e-02 1.07853e-01 1.39107e-01 |
   1571 | 7.53645e+01 4.79640e-02 | 1.25298e-02 1.07853e-01 1.39107e-01 |
   1572 | 7.54125e+01 4.79645e-02 | 1.25298e-02 1.07853e-01 1.39107e-01 |
   1573 | 7.54605e+01 4.79650e-02 | 1.25298e-02 1.07853e-01 1.39107e-01 |
   1574 | 7.55084e+01 4.79656e-02 | 1.25298e-02 1.07853e-01 1.39107e-01 |
   1575 | 7.55564e+01 4.79663e-02 | 1.25298e-02 1.07853e-01 1.39107e-01 |
   1576 | 7.56044e+01 4.79671e-02 | 1.25298e-02 1.07853e-01 1.39107e-01 |
   1577 | 7.56523e+01 4.79680e-02 | 1.25298e-02 1.07853e-01 1.39107e-01 |
   1578 | 7.57003e+01 4.79690e-02 | 1.25298e-02 1.07853e-01 1.39107e-01 |
   1579 | 7.57483e+01 4.79700e-02 | 1.25298e-02 1.07853e-01 1.39107e-01 |
   1580 | 7.57963e+01 4.79711e-02 | 1.25298e-02 1.07853e-01 1.39107e-01 |
   1581 | 7.58442e+01 4.79723e-02 | 1.25298e-02 1.07853e-01 1.39107e-01 |
   1582 | 7.58922e+01 4.79736e-02 | 1.25298e-02 1.07853e-01 1.39107e-01 |
   1583 | 7.59402e+01 4.79750e-02 | 1.25298e-02 1.07853e-01 1.39107e-01 |
   1584 | 7.59882e+01 4.79765e-02 | 1.25298e-02 1.07853e-01 1.39107e-01 |
   1585 | 7.60361e+01 4.79780e-02 | 1.25298e-02 1.07853e-01 1.39107e-01 |
   1586 | 7.60841e+01 4.79796e-02 | 1.25298e-02 1.07853e-01 1.39107e-01 |
   1587 | 7.61321e+01 4.79813e-02 | 1.25298e-02 1.07853e-01 1.39107e-01 |
   1588 | 7.61801e+01 4.79831e-02 | 1.25298e-02 1.07853e-01 1.39107e-01 |
   1589 | 7.62281e+01 4.79844e-02 | 1.25298e-02 1.07853e-01 1.39107e-01 |
   1590 | 7.62760e+01 4.79839e-02 | 1.25298e-02 1.07853e-01 1.39107e-01 |
   1591 | 7.63240e+01 4.79834e-02 | 1.25298e-02 1.07853e-01 1.39107e-01 |
   1592 | 7.63720e+01 4.79831e-02 | 1.25298e-02 1.07853e-01 1.39107e-01 |
   1593 | 7.64200e+01 4.79828e-02 | 1.25298e-02 1.07853e-01 1.39107e-01 |
   1594 | 7.64680e+01 4.79827e-02 | 1.25298e-02 1.07853e-01 1.39107e-01 |
   1595 | 7.65160e+01 4.79826e-02 | 1.25297e-02 1.07853e-01 1.39107e-01 |
   1596 | 7.65639e+01 4.79826e-02 | 1.25297e-02 1.07853e-01 1.39107e-01 |
   1597 | 7.66119e+01 4.79821e-02 | 1.25297e-02 1.07853e-01 1.39107e-01 |
   1598 | 7.66599e+01 4.79811e-02 | 1.25297e-02 1.07853e-01 1.39107e-01 |
   1599 | 7.67079e+01 4.79801e-02 | 1.25297e-02 1.07853e-01 1.39107e-01 |
   1600 | 7.67559e+01 4.79792e-02 | 1.25297e-02 1.07853e-01 1.39107e-01 |
   1601 | 7.68038e+01 4.79784e-02 | 1.25297e-02 1.07853e-01 1.39107e-01 |
   1602 | 7.68518e+01 4.79777e-02 | 1.25297e-02 1.07853e-01 1.39107e-01 |
   1603 | 7.68998e+01 4.79771e-02 | 1.25297e-02 1.07853e-01 1.39107e-01 |
   1604 | 7.69478e+01 4.79765e-02 | 1.25297e-02 1.07853e-01 1.39107e-01 |
   1605 | 7.69957e+01 4.79761e-02 | 1.25297e-02 1.07853e-01 1.39107e-01 |
   1606 | 7.70437e+01 4.79757e-02 | 1.25297e-02 1.07853e-01 1.39107e-01 |
   1607 | 7.70917e+01 4.79754e-02 | 1.25297e-02 1.07853e-01 1.39107e-01 |
   1608 | 7.71397e+01 4.79752e-02 | 1.25297e-02 1.07853e-01 1.39107e-01 |
   1609 | 7.71876e+01 4.79751e-02 | 1.25297e-02 1.07853e-01 1.39107e-01 |
   1610 | 7.72356e+01 4.79751e-02 | 1.25297e-02 1.07853e-01 1.39107e-01 |
   1611 | 7.72836e+01 4.79751e-02 | 1.25297e-02 1.07853e-01 1.39107e-01 |
   1612 | 7.73316e+01 4.79752e-02 | 1.25297e-02 1.07853e-01 1.39107e-01 |
   1613 | 7.73795e+01 4.79755e-02 | 1.25297e-02 1.07853e-01 1.39107e-01 |
   1614 | 7.74275e+01 4.79758e-02 | 1.25297e-02 1.07853e-01 1.39107e-01 |
   1615 | 7.74755e+01 4.79762e-02 | 1.25297e-02 1.07853e-01 1.39107e-01 |
   1616 | 7.75235e+01 4.79766e-02 | 1.25297e-02 1.07853e-01 1.39107e-01 |
   1617 | 7.75715e+01 4.79772e-02 | 1.25297e-02 1.07853e-01 1.39107e-01 |
   1618 | 7.76194e+01 4.79778e-02 | 1.25297e-02 1.07853e-01 1.39107e-01 |
   1619 | 7.76674e+01 4.79786e-02 | 1.25297e-02 1.07853e-01 1.39107e-01 |
   1620 | 7.77154e+01 4.79794e-02 | 1.25297e-02 1.07853e-01 1.39107e-01 |
   1621 | 7.77634e+01 4.79803e-02 | 1.25297e-02 1.07853e-01 1.39107e-01 |
   1622 | 7.78114e+01 4.79813e-02 | 1.25297e-02 1.07853e-01 1.39107e-01 |
   1623 | 7.78593e+01 4.79823e-02 | 1.25297e-02 1.07853e-01 1.39107e-01 |
   1624 | 7.79073e+01 4.79835e-02 | 1.25297e-02 1.07853e-01 1.39107e-01 |
   1625 | 7.79553e+01 4.79847e-02 | 1.25297e-02 1.07853e-01 1.39107e-01 |
   1626 | 7.80033e+01 4.79859e-02 | 1.25297e-02 1.07853e-01 1.39107e-01 |
   1627 | 7.80513e+01 4.79854e-02 | 1.25297e-02 1.07853e-01 1.39107e-01 |
   1628 | 7.80993e+01 4.79849e-02 | 1.25297e-02 1.07853e-01 1.39107e-01 |
   1629 | 7.81472e+01 4.79846e-02 | 1.25297e-02 1.07852e-01 1.39107e-01 |
   1630 | 7.81952e+01 4.79843e-02 | 1.25297e-02 1.07852e-01 1.39107e-01 |
   1631 | 7.82432e+01 4.79841e-02 | 1.25297e-02 1.07852e-01 1.39107e-01 |
   1632 | 7.82912e+01 4.79840e-02 | 1.25297e-02 1.07852e-01 1.39107e-01 |
   1633 | 7.83392e+01 4.79832e-02 | 1.25297e-02 1.07852e-01 1.39107e-01 |
   1634 | 7.83872e+01 4.79820e-02 | 1.25297e-02 1.07852e-01 1.39107e-01 |
   1635 | 7.84351e+01 4.79809e-02 | 1.25297e-02 1.07852e-01 1.39107e-01 |
   1636 | 7.84831e+01 4.79799e-02 | 1.25297e-02 1.07852e-01 1.39107e-01 |
   1637 | 7.85311e+01 4.79789e-02 | 1.25297e-02 1.07852e-01 1.39107e-01 |
   1638 | 7.85791e+01 4.79781e-02 | 1.25297e-02 1.07852e-01 1.39107e-01 |
   1639 | 7.86271e+01 4.79773e-02 | 1.25297e-02 1.07852e-01 1.39107e-01 |
   1640 | 7.86750e+01 4.79767e-02 | 1.25297e-02 1.07852e-01 1.39107e-01 |
   1641 | 7.87230e+01 4.79761e-02 | 1.25297e-02 1.07852e-01 1.39107e-01 |
   1642 | 7.87710e+01 4.79756e-02 | 1.25297e-02 1.07852e-01 1.39107e-01 |
   1643 | 7.88190e+01 4.79751e-02 | 1.25297e-02 1.07852e-01 1.39107e-01 |
   1644 | 7.88669e+01 4.79748e-02 | 1.25297e-02 1.07852e-01 1.39107e-01 |
   1645 | 7.89149e+01 4.79746e-02 | 1.25297e-02 1.07852e-01 1.39107e-01 |
   1646 | 7.89629e+01 4.79744e-02 | 1.25297e-02 1.07852e-01 1.39107e-01 |
   1647 | 7.90109e+01 4.79743e-02 | 1.25297e-02 1.07852e-01 1.39107e-01 |
   1648 | 7.90588e+01 4.79743e-02 | 1.25297e-02 1.07852e-01 1.39107e-01 |
   1649 | 7.91068e+01 4.79744e-02 | 1.25297e-02 1.07852e-01 1.39107e-01 |
   1650 | 7.91548e+01 4.79746e-02 | 1.25297e-02 1.07852e-01 1.39107e-01 |
   1651 | 7.92028e+01 4.79749e-02 | 1.25297e-02 1.07852e-01 1.39107e-01 |
   1652 | 7.92507e+01 4.79752e-02 | 1.25297e-02 1.07852e-01 1.39107e-01 |
   1653 | 7.92987e+01 4.79756e-02 | 1.25297e-02 1.07852e-01 1.39107e-01 |
   1654 | 7.93467e+01 4.79761e-02 | 1.25297e-02 1.07852e-01 1.39107e-01 |
   1655 | 7.93947e+01 4.79767e-02 | 1.25297e-02 1.07852e-01 1.39107e-01 |
   1656 | 7.94426e+01 4.79774e-02 | 1.25297e-02 1.07852e-01 1.39107e-01 |
   1657 | 7.94906e+01 4.79782e-02 | 1.25297e-02 1.07852e-01 1.39107e-01 |
   1658 | 7.95386e+01 4.79791e-02 | 1.25297e-02 1.07852e-01 1.39107e-01 |
   1659 | 7.95866e+01 4.79785e-02 | 1.25297e-02 1.07852e-01 1.39107e-01 |
   1660 | 7.96345e+01 4.79772e-02 | 1.25297e-02 1.07852e-01 1.39107e-01 |
   1661 | 7.96825e+01 4.79759e-02 | 1.25297e-02 1.07852e-01 1.39107e-01 |
   1662 | 7.97305e+01 4.79746e-02 | 1.25297e-02 1.07852e-01 1.39107e-01 |
   1663 | 7.97785e+01 4.79735e-02 | 1.25297e-02 1.07852e-01 1.39107e-01 |
   1664 | 7.98264e+01 4.79724e-02 | 1.25297e-02 1.07852e-01 1.39107e-01 |
   1665 | 7.98744e+01 4.79715e-02 | 1.25297e-02 1.07852e-01 1.39107e-01 |
   1666 | 7.99224e+01 4.79706e-02 | 1.25297e-02 1.07852e-01 1.39107e-01 |
   1667 | 7.99704e+01 4.79698e-02 | 1.25297e-02 1.07852e-01 1.39107e-01 |
   1668 | 8.00183e+01 4.79691e-02 | 1.25297e-02 1.07852e-01 1.39107e-01 |
   1669 | 8.00663e+01 4.79684e-02 | 1.25297e-02 1.07852e-01 1.39107e-01 |
   1670 | 8.01143e+01 4.79679e-02 | 1.25297e-02 1.07852e-01 1.39107e-01 |
   1671 | 8.01622e+01 4.79674e-02 | 1.25297e-02 1.07852e-01 1.39107e-01 |
   1672 | 8.02102e+01 4.79671e-02 | 1.25297e-02 1.07852e-01 1.39107e-01 |
   1673 | 8.02582e+01 4.79668e-02 | 1.25297e-02 1.07852e-01 1.39107e-01 |
   1674 | 8.03061e+01 4.79666e-02 | 1.25297e-02 1.07852e-01 1.39107e-01 |
   1675 | 8.03541e+01 4.79664e-02 | 1.25297e-02 1.07852e-01 1.39107e-01 |
   1676 | 8.04021e+01 4.79664e-02 | 1.25297e-02 1.07852e-01 1.39107e-01 |
   1677 | 8.04500e+01 4.79664e-02 | 1.25296e-02 1.07852e-01 1.39107e-01 |
   1678 | 8.04980e+01 4.79666e-02 | 1.25296e-02 1.07852e-01 1.39107e-01 |
   1679 | 8.05460e+01 4.79668e-02 | 1.25296e-02 1.07852e-01 1.39107e-01 |
   1680 | 8.05939e+01 4.79671e-02 | 1.25296e-02 1.07852e-01 1.39107e-01 |
   1681 | 8.06419e+01 4.79675e-02 | 1.25296e-02 1.07852e-01 1.39107e-01 |
   1682 | 8.06899e+01 4.79679e-02 | 1.25296e-02 1.07852e-01 1.39107e-01 |
   1683 | 8.07378e+01 4.79685e-02 | 1.25296e-02 1.07852e-01 1.39107e-01 |
   1684 | 8.07858e+01 4.79691e-02 | 1.25296e-02 1.07852e-01 1.39107e-01 |
   1685 | 8.08338e+01 4.79695e-02 | 1.25296e-02 1.07852e-01 1.39107e-01 |
   1686 | 8.08817e+01 4.79696e-02 | 1.25296e-02 1.07852e-01 1.39107e-01 |
   1687 | 8.09297e+01 4.79698e-02 | 1.25296e-02 1.07852e-01 1.39107e-01 |
   1688 | 8.09777e+01 4.79700e-02 | 1.25296e-02 1.07852e-01 1.39107e-01 |
   1689 | 8.10257e+01 4.79704e-02 | 1.25296e-02 1.07852e-01 1.39107e-01 |
   1690 | 8.10736e+01 4.79708e-02 | 1.25296e-02 1.07852e-01 1.39107e-01 |
   1691 | 8.11216e+01 4.79713e-02 | 1.25296e-02 1.07852e-01 1.39107e-01 |
   1692 | 8.11696e+01 4.79719e-02 | 1.25296e-02 1.07852e-01 1.39107e-01 |
   1693 | 8.12175e+01 4.79726e-02 | 1.25296e-02 1.07852e-01 1.39107e-01 |
   1694 | 8.12655e+01 4.79733e-02 | 1.25296e-02 1.07852e-01 1.39107e-01 |
   1695 | 8.13135e+01 4.79742e-02 | 1.25296e-02 1.07852e-01 1.39107e-01 |
   1696 | 8.13615e+01 4.79751e-02 | 1.25296e-02 1.07852e-01 1.39107e-01 |
   1697 | 8.14094e+01 4.79762e-02 | 1.25296e-02 1.07852e-01 1.39107e-01 |
   1698 | 8.14574e+01 4.79773e-02 | 1.25296e-02 1.07852e-01 1.39107e-01 |
   1699 | 8.15054e+01 4.79785e-02 | 1.25296e-02 1.07852e-01 1.39107e-01 |
   1700 | 8.15534e+01 4.79779e-02 | 1.25296e-02 1.07852e-01 1.39107e-01 |
   1701 | 8.16013e+01 4.79768e-02 | 1.25296e-02 1.07852e-01 1.39107e-01 |
   1702 | 8.16493e+01 4.79758e-02 | 1.25296e-02 1.07852e-01 1.39107e-01 |
   1703 | 8.16973e+01 4.79749e-02 | 1.25296e-02 1.07852e-01 1.39107e-01 |
   1704 | 8.17453e+01 4.79740e-02 | 1.25296e-02 1.07852e-01 1.39107e-01 |
   1705 | 8.17932e+01 4.79733e-02 | 1.25296e-02 1.07852e-01 1.39107e-01 |
   1706 | 8.18412e+01 4.79726e-02 | 1.25296e-02 1.07852e-01 1.39107e-01 |
   1707 | 8.18892e+01 4.79720e-02 | 1.25296e-02 1.07852e-01 1.39107e-01 |
   1708 | 8.19372e+01 4.79715e-02 | 1.25296e-02 1.07852e-01 1.39107e-01 |
   1709 | 8.19851e+01 4.79711e-02 | 1.25296e-02 1.07852e-01 1.39107e-01 |
   1710 | 8.20331e+01 4.79707e-02 | 1.25296e-02 1.07852e-01 1.39107e-01 |
   1711 | 8.20811e+01 4.79705e-02 | 1.25296e-02 1.07852e-01 1.39107e-01 |
   1712 | 8.21290e+01 4.79703e-02 | 1.25296e-02 1.07852e-01 1.39107e-01 |
   1713 | 8.21770e+01 4.79702e-02 | 1.25296e-02 1.07852e-01 1.39107e-01 |
   1714 | 8.22250e+01 4.79702e-02 | 1.25296e-02 1.07852e-01 1.39107e-01 |
   1715 | 8.22730e+01 4.79703e-02 | 1.25296e-02 1.07852e-01 1.39107e-01 |
   1716 | 8.23209e+01 4.79704e-02 | 1.25296e-02 1.07852e-01 1.39107e-01 |
   1717 | 8.23689e+01 4.79707e-02 | 1.25296e-02 1.07852e-01 1.39107e-01 |
   1718 | 8.24169e+01 4.79710e-02 | 1.25296e-02 1.07852e-01 1.39107e-01 |
   1719 | 8.24648e+01 4.79714e-02 | 1.25296e-02 1.07852e-01 1.39107e-01 |
   1720 | 8.25128e+01 4.79719e-02 | 1.25296e-02 1.07852e-01 1.39107e-01 |
   1721 | 8.25608e+01 4.79725e-02 | 1.25296e-02 1.07852e-01 1.39107e-01 |
   1722 | 8.26088e+01 4.79732e-02 | 1.25296e-02 1.07852e-01 1.39107e-01 |
   1723 | 8.26567e+01 4.79739e-02 | 1.25296e-02 1.07852e-01 1.39107e-01 |
   1724 | 8.27047e+01 4.79748e-02 | 1.25296e-02 1.07852e-01 1.39107e-01 |
   1725 | 8.27527e+01 4.79757e-02 | 1.25296e-02 1.07852e-01 1.39107e-01 |
   1726 | 8.28007e+01 4.79767e-02 | 1.25296e-02 1.07852e-01 1.39107e-01 |
   1727 | 8.28486e+01 4.79778e-02 | 1.25296e-02 1.07852e-01 1.39107e-01 |
   1728 | 8.28966e+01 4.79790e-02 | 1.25296e-02 1.07852e-01 1.39107e-01 |
   1729 | 8.29446e+01 4.79802e-02 | 1.25296e-02 1.07852e-01 1.39107e-01 |
   1730 | 8.29926e+01 4.79816e-02 | 1.25296e-02 1.07852e-01 1.39107e-01 |
   1731 | 8.30406e+01 4.79830e-02 | 1.25296e-02 1.07852e-01 1.39107e-01 |
   1732 | 8.30885e+01 4.79845e-02 | 1.25296e-02 1.07852e-01 1.39107e-01 |
   1733 | 8.31365e+01 4.79831e-02 | 1.25296e-02 1.07852e-01 1.39107e-01 |
   1734 | 8.31845e+01 4.79817e-02 | 1.25296e-02 1.07852e-01 1.39107e-01 |
   1735 | 8.32325e+01 4.79803e-02 | 1.25296e-02 1.07851e-01 1.39107e-01 |
   1736 | 8.32805e+01 4.79791e-02 | 1.25296e-02 1.07851e-01 1.39107e-01 |
   1737 | 8.33284e+01 4.79779e-02 | 1.25296e-02 1.07851e-01 1.39107e-01 |
   1738 | 8.33764e+01 4.79768e-02 | 1.25296e-02 1.07851e-01 1.39107e-01 |
   1739 | 8.34244e+01 4.79757e-02 | 1.25296e-02 1.07851e-01 1.39107e-01 |
   1740 | 8.34724e+01 4.79748e-02 | 1.25296e-02 1.07851e-01 1.39107e-01 |
   1741 | 8.35203e+01 4.79739e-02 | 1.25296e-02 1.07851e-01 1.39107e-01 |
   1742 | 8.35683e+01 4.79732e-02 | 1.25296e-02 1.07851e-01 1.39107e-01 |
   1743 | 8.36163e+01 4.79725e-02 | 1.25296e-02 1.07851e-01 1.39107e-01 |
   1744 | 8.36643e+01 4.79719e-02 | 1.25296e-02 1.07851e-01 1.39107e-01 |
   1745 | 8.37122e+01 4.79714e-02 | 1.25296e-02 1.07851e-01 1.39107e-01 |
   1746 | 8.37602e+01 4.79709e-02 | 1.25296e-02 1.07851e-01 1.39107e-01 |
   1747 | 8.38082e+01 4.79706e-02 | 1.25296e-02 1.07851e-01 1.39107e-01 |
   1748 | 8.38561e+01 4.79703e-02 | 1.25296e-02 1.07851e-01 1.39107e-01 |
   1749 | 8.39041e+01 4.79701e-02 | 1.25296e-02 1.07851e-01 1.39107e-01 |
   1750 | 8.39521e+01 4.79700e-02 | 1.25296e-02 1.07851e-01 1.39107e-01 |
   1751 | 8.40001e+01 4.79700e-02 | 1.25296e-02 1.07851e-01 1.39107e-01 |
   1752 | 8.40480e+01 4.79701e-02 | 1.25296e-02 1.07851e-01 1.39107e-01 |
   1753 | 8.40960e+01 4.79702e-02 | 1.25296e-02 1.07851e-01 1.39107e-01 |
   1754 | 8.41440e+01 4.79705e-02 | 1.25296e-02 1.07851e-01 1.39106e-01 |
   1755 | 8.41919e+01 4.79708e-02 | 1.25296e-02 1.07851e-01 1.39106e-01 |
   1756 | 8.42399e+01 4.79712e-02 | 1.25296e-02 1.07851e-01 1.39106e-01 |
   1757 | 8.42879e+01 4.79717e-02 | 1.25295e-02 1.07851e-01 1.39106e-01 |
   1758 | 8.43359e+01 4.79723e-02 | 1.25295e-02 1.07851e-01 1.39106e-01 |
   1759 | 8.43838e+01 4.79729e-02 | 1.25295e-02 1.07851e-01 1.39106e-01 |
   1760 | 8.44318e+01 4.79737e-02 | 1.25295e-02 1.07851e-01 1.39106e-01 |
   1761 | 8.44798e+01 4.79745e-02 | 1.25295e-02 1.07851e-01 1.39106e-01 |
   1762 | 8.45278e+01 4.79754e-02 | 1.25295e-02 1.07851e-01 1.39106e-01 |
   1763 | 8.45757e+01 4.79764e-02 | 1.25295e-02 1.07851e-01 1.39106e-01 |
   1764 | 8.46237e+01 4.79775e-02 | 1.25295e-02 1.07851e-01 1.39106e-01 |
   1765 | 8.46717e+01 4.79787e-02 | 1.25295e-02 1.07851e-01 1.39106e-01 |
   1766 | 8.47197e+01 4.79799e-02 | 1.25295e-02 1.07851e-01 1.39106e-01 |
   1767 | 8.47676e+01 4.79813e-02 | 1.25295e-02 1.07851e-01 1.39106e-01 |
   1768 | 8.48156e+01 4.79827e-02 | 1.25295e-02 1.07851e-01 1.39106e-01 |
   1769 | 8.48636e+01 4.79842e-02 | 1.25295e-02 1.07851e-01 1.39106e-01 |
   1770 | 8.49116e+01 4.79858e-02 | 1.25295e-02 1.07851e-01 1.39106e-01 |
   1771 | 8.49596e+01 4.79854e-02 | 1.25295e-02 1.07851e-01 1.39106e-01 |
   1772 | 8.50076e+01 4.79835e-02 | 1.25295e-02 1.07851e-01 1.39106e-01 |
   1773 | 8.50555e+01 4.79817e-02 | 1.25295e-02 1.07851e-01 1.39106e-01 |
   1774 | 8.51035e+01 4.79800e-02 | 1.25295e-02 1.07851e-01 1.39106e-01 |
   1775 | 8.51515e+01 4.79783e-02 | 1.25295e-02 1.07851e-01 1.39106e-01 |
   1776 | 8.51995e+01 4.79768e-02 | 1.25295e-02 1.07851e-01 1.39106e-01 |
   1777 | 8.52475e+01 4.79753e-02 | 1.25295e-02 1.07851e-01 1.39106e-01 |
   1778 | 8.52954e+01 4.79739e-02 | 1.25295e-02 1.07851e-01 1.39106e-01 |
   1779 | 8.53434e+01 4.79726e-02 | 1.25295e-02 1.07851e-01 1.39106e-01 |
   1780 | 8.53914e+01 4.79713e-02 | 1.25295e-02 1.07851e-01 1.39106e-01 |
   1781 | 8.54393e+01 4.79702e-02 | 1.25295e-02 1.07851e-01 1.39106e-01 |
   1782 | 8.54873e+01 4.79691e-02 | 1.25295e-02 1.07851e-01 1.39106e-01 |
   1783 | 8.55353e+01 4.79681e-02 | 1.25295e-02 1.07851e-01 1.39106e-01 |
   1784 | 8.55833e+01 4.79673e-02 | 1.25295e-02 1.07851e-01 1.39106e-01 |
   1785 | 8.56312e+01 4.79664e-02 | 1.25295e-02 1.07851e-01 1.39106e-01 |
   1786 | 8.56792e+01 4.79657e-02 | 1.25295e-02 1.07851e-01 1.39106e-01 |
   1787 | 8.57271e+01 4.79651e-02 | 1.25295e-02 1.07851e-01 1.39106e-01 |
   1788 | 8.57751e+01 4.79645e-02 | 1.25295e-02 1.07851e-01 1.39106e-01 |
   1789 | 8.58231e+01 4.79640e-02 | 1.25295e-02 1.07851e-01 1.39106e-01 |
   1790 | 8.58710e+01 4.79637e-02 | 1.25295e-02 1.07851e-01 1.39106e-01 |
   1791 | 8.59190e+01 4.79634e-02 | 1.25295e-02 1.07851e-01 1.39106e-01 |
   1792 | 8.59670e+01 4.79631e-02 | 1.25295e-02 1.07851e-01 1.39106e-01 |
   1793 | 8.60149e+01 4.79630e-02 | 1.25295e-02 1.07851e-01 1.39106e-01 |
   1794 | 8.60629e+01 4.79630e-02 | 1.25295e-02 1.07851e-01 1.39106e-01 |
   1795 | 8.61109e+01 4.79630e-02 | 1.25295e-02 1.07851e-01 1.39106e-01 |
   1796 | 8.61588e+01 4.79631e-02 | 1.25295e-02 1.07851e-01 1.39106e-01 |
   1797 | 8.62068e+01 4.79633e-02 | 1.25295e-02 1.07851e-01 1.39106e-01 |
   1798 | 8.62547e+01 4.79636e-02 | 1.25295e-02 1.07851e-01 1.39106e-01 |
   1799 | 8.63027e+01 4.79640e-02 | 1.25295e-02 1.07851e-01 1.39106e-01 |
   1800 | 8.63507e+01 4.79644e-02 | 1.25295e-02 1.07851e-01 1.39106e-01 |
   1801 | 8.63986e+01 4.79650e-02 | 1.25295e-02 1.07851e-01 1.39106e-01 |
   1802 | 8.64466e+01 4.79656e-02 | 1.25295e-02 1.07851e-01 1.39106e-01 |
   1803 | 8.64946e+01 4.79663e-02 | 1.25295e-02 1.07851e-01 1.39106e-01 |
   1804 | 8.65425e+01 4.79671e-02 | 1.25295e-02 1.07851e-01 1.39106e-01 |
   1805 | 8.65905e+01 4.79680e-02 | 1.25295e-02 1.07851e-01 1.39106e-01 |
   1806 | 8.66385e+01 4.79690e-02 | 1.25295e-02 1.07851e-01 1.39106e-01 |
   1807 | 8.66864e+01 4.79700e-02 | 1.25295e-02 1.07851e-01 1.39106e-01 |
   1808 | 8.67344e+01 4.79712e-02 | 1.25295e-02 1.07851e-01 1.39106e-01 |
   1809 | 8.67824e+01 4.79724e-02 | 1.25295e-02 1.07851e-01 1.39106e-01 |
   1810 | 8.68304e+01 4.79737e-02 | 1.25295e-02 1.07851e-01 1.39106e-01 |
   1811 | 8.68783e+01 4.79751e-02 | 1.25295e-02 1.07851e-01 1.39106e-01 |
   1812 | 8.69263e+01 4.79765e-02 | 1.25295e-02 1.07851e-01 1.39106e-01 |
   1813 | 8.69743e+01 4.79781e-02 | 1.25295e-02 1.07851e-01 1.39106e-01 |
   1814 | 8.70223e+01 4.79783e-02 | 1.25295e-02 1.07851e-01 1.39106e-01 |
   1815 | 8.70702e+01 4.79768e-02 | 1.25295e-02 1.07851e-01 1.39106e-01 |
   1816 | 8.71182e+01 4.79755e-02 | 1.25295e-02 1.07851e-01 1.39106e-01 |
   1817 | 8.71662e+01 4.79742e-02 | 1.25295e-02 1.07851e-01 1.39106e-01 |
   1818 | 8.72142e+01 4.79730e-02 | 1.25295e-02 1.07851e-01 1.39106e-01 |
   1819 | 8.72621e+01 4.79719e-02 | 1.25295e-02 1.07851e-01 1.39106e-01 |
   1820 | 8.73101e+01 4.79709e-02 | 1.25295e-02 1.07851e-01 1.39106e-01 |
   1821 | 8.73581e+01 4.79699e-02 | 1.25295e-02 1.07851e-01 1.39106e-01 |
   1822 | 8.74061e+01 4.79691e-02 | 1.25295e-02 1.07851e-01 1.39106e-01 |
   1823 | 8.74540e+01 4.79683e-02 | 1.25295e-02 1.07851e-01 1.39106e-01 |
   1824 | 8.75020e+01 4.79676e-02 | 1.25295e-02 1.07851e-01 1.39106e-01 |
   1825 | 8.75500e+01 4.79670e-02 | 1.25295e-02 1.07851e-01 1.39106e-01 |
   1826 | 8.75979e+01 4.79665e-02 | 1.25295e-02 1.07851e-01 1.39106e-01 |
   1827 | 8.76459e+01 4.79660e-02 | 1.25295e-02 1.07851e-01 1.39106e-01 |
   1828 | 8.76939e+01 4.79657e-02 | 1.25295e-02 1.07851e-01 1.39106e-01 |
   1829 | 8.77418e+01 4.79654e-02 | 1.25295e-02 1.07851e-01 1.39106e-01 |
   1830 | 8.77898e+01 4.79652e-02 | 1.25295e-02 1.07851e-01 1.39106e-01 |
   1831 | 8.78377e+01 4.79652e-02 | 1.25295e-02 1.07851e-01 1.39106e-01 |
   1832 | 8.78857e+01 4.79651e-02 | 1.25295e-02 1.07851e-01 1.39106e-01 |
   1833 | 8.79337e+01 4.79652e-02 | 1.25295e-02 1.07851e-01 1.39106e-01 |
   1834 | 8.79816e+01 4.79654e-02 | 1.25295e-02 1.07851e-01 1.39106e-01 |
   1835 | 8.80296e+01 4.79656e-02 | 1.25295e-02 1.07851e-01 1.39106e-01 |
   1836 | 8.80776e+01 4.79659e-02 | 1.25295e-02 1.07851e-01 1.39106e-01 |
   1837 | 8.81255e+01 4.79664e-02 | 1.25295e-02 1.07851e-01 1.39106e-01 |
   1838 | 8.81735e+01 4.79669e-02 | 1.25294e-02 1.07851e-01 1.39106e-01 |
   1839 | 8.82215e+01 4.79674e-02 | 1.25294e-02 1.07851e-01 1.39106e-01 |
   1840 | 8.82694e+01 4.79681e-02 | 1.25294e-02 1.07851e-01 1.39106e-01 |
   1841 | 8.83174e+01 4.79688e-02 | 1.25294e-02 1.07850e-01 1.39106e-01 |
   1842 | 8.83654e+01 4.79697e-02 | 1.25294e-02 1.07850e-01 1.39106e-01 |
   1843 | 8.84134e+01 4.79706e-02 | 1.25294e-02 1.07850e-01 1.39106e-01 |
   1844 | 8.84613e+01 4.79716e-02 | 1.25294e-02 1.07850e-01 1.39106e-01 |
   1845 | 8.85093e+01 4.79727e-02 | 1.25294e-02 1.07850e-01 1.39106e-01 |
   1846 | 8.85573e+01 4.79739e-02 | 1.25294e-02 1.07850e-01 1.39106e-01 |
   1847 | 8.86052e+01 4.79751e-02 | 1.25294e-02 1.07850e-01 1.39106e-01 |
   1848 | 8.86532e+01 4.79765e-02 | 1.25294e-02 1.07850e-01 1.39106e-01 |
   1849 | 8.87012e+01 4.79779e-02 | 1.25294e-02 1.07850e-01 1.39106e-01 |
   1850 | 8.87492e+01 4.79781e-02 | 1.25294e-02 1.07850e-01 1.39106e-01 |
   1851 | 8.87972e+01 4.79765e-02 | 1.25294e-02 1.07850e-01 1.39106e-01 |
   1852 | 8.88451e+01 4.79751e-02 | 1.25294e-02 1.07850e-01 1.39106e-01 |
   1853 | 8.88931e+01 4.79737e-02 | 1.25294e-02 1.07850e-01 1.39106e-01 |
   1854 | 8.89411e+01 4.79724e-02 | 1.25294e-02 1.07850e-01 1.39106e-01 |
   1855 | 8.89890e+01 4.79712e-02 | 1.25294e-02 1.07850e-01 1.39106e-01 |
   1856 | 8.90370e+01 4.79701e-02 | 1.25294e-02 1.07850e-01 1.39106e-01 |
   1857 | 8.90850e+01 4.79691e-02 | 1.25294e-02 1.07850e-01 1.39106e-01 |
   1858 | 8.91330e+01 4.79681e-02 | 1.25294e-02 1.07850e-01 1.39106e-01 |
   1859 | 8.91809e+01 4.79673e-02 | 1.25294e-02 1.07850e-01 1.39106e-01 |
   1860 | 8.92289e+01 4.79665e-02 | 1.25294e-02 1.07850e-01 1.39106e-01 |
   1861 | 8.92769e+01 4.79658e-02 | 1.25294e-02 1.07850e-01 1.39106e-01 |
   1862 | 8.93248e+01 4.79652e-02 | 1.25294e-02 1.07850e-01 1.39106e-01 |
   1863 | 8.93728e+01 4.79647e-02 | 1.25294e-02 1.07850e-01 1.39106e-01 |
   1864 | 8.94208e+01 4.79642e-02 | 1.25294e-02 1.07850e-01 1.39106e-01 |
   1865 | 8.94687e+01 4.79639e-02 | 1.25294e-02 1.07850e-01 1.39106e-01 |
   1866 | 8.95167e+01 4.79636e-02 | 1.25294e-02 1.07850e-01 1.39106e-01 |
   1867 | 8.95646e+01 4.79634e-02 | 1.25294e-02 1.07850e-01 1.39106e-01 |
   1868 | 8.96126e+01 4.79633e-02 | 1.25294e-02 1.07850e-01 1.39106e-01 |
   1869 | 8.96606e+01 4.79633e-02 | 1.25294e-02 1.07850e-01 1.39106e-01 |
   1870 | 8.97085e+01 4.79634e-02 | 1.25294e-02 1.07850e-01 1.39106e-01 |
   1871 | 8.97565e+01 4.79635e-02 | 1.25294e-02 1.07850e-01 1.39106e-01 |
   1872 | 8.98045e+01 4.79637e-02 | 1.25294e-02 1.07850e-01 1.39106e-01 |
   1873 | 8.98524e+01 4.79641e-02 | 1.25294e-02 1.07850e-01 1.39106e-01 |
   1874 | 8.99004e+01 4.79645e-02 | 1.25294e-02 1.07850e-01 1.39106e-01 |
   1875 | 8.99484e+01 4.79650e-02 | 1.25294e-02 1.07850e-01 1.39106e-01 |
   1876 | 8.99963e+01 4.79655e-02 | 1.25294e-02 1.07850e-01 1.39106e-01 |
   1877 | 9.00443e+01 4.79662e-02 | 1.25294e-02 1.07850e-01 1.39106e-01 |
   1878 | 9.00923e+01 4.79669e-02 | 1.25294e-02 1.07850e-01 1.39106e-01 |
   1879 | 9.01402e+01 4.79678e-02 | 1.25294e-02 1.07850e-01 1.39106e-01 |
   1880 | 9.01882e+01 4.79687e-02 | 1.25294e-02 1.07850e-01 1.39106e-01 |
   1881 | 9.02362e+01 4.79697e-02 | 1.25294e-02 1.07850e-01 1.39106e-01 |
   1882 | 9.02841e+01 4.79708e-02 | 1.25294e-02 1.07850e-01 1.39106e-01 |
   1883 | 9.03321e+01 4.79719e-02 | 1.25294e-02 1.07850e-01 1.39106e-01 |
   1884 | 9.03801e+01 4.79732e-02 | 1.25294e-02 1.07850e-01 1.39106e-01 |
   1885 | 9.04280e+01 4.79745e-02 | 1.25294e-02 1.07850e-01 1.39106e-01 |
   1886 | 9.04760e+01 4.79759e-02 | 1.25294e-02 1.07850e-01 1.39106e-01 |
   1887 | 9.05240e+01 4.79774e-02 | 1.25294e-02 1.07850e-01 1.39106e-01 |
   1888 | 9.05720e+01 4.79790e-02 | 1.25294e-02 1.07850e-01 1.39106e-01 |
   1889 | 9.06200e+01 4.79807e-02 | 1.25294e-02 1.07850e-01 1.39106e-01 |
   1890 | 9.06679e+01 4.79824e-02 | 1.25294e-02 1.07850e-01 1.39106e-01 |
   1891 | 9.07159e+01 4.79843e-02 | 1.25294e-02 1.07850e-01 1.39106e-01 |
   1892 | 9.07639e+01 4.79845e-02 | 1.25294e-02 1.07850e-01 1.39106e-01 |
   1893 | 9.08119e+01 4.79829e-02 | 1.25294e-02 1.07850e-01 1.39106e-01 |
   1894 | 9.08599e+01 4.79813e-02 | 1.25294e-02 1.07850e-01 1.39106e-01 |
   1895 | 9.09079e+01 4.79798e-02 | 1.25294e-02 1.07850e-01 1.39106e-01 |
   1896 | 9.09558e+01 4.79783e-02 | 1.25294e-02 1.07850e-01 1.39106e-01 |
   1897 | 9.10038e+01 4.79770e-02 | 1.25294e-02 1.07850e-01 1.39106e-01 |
   1898 | 9.10518e+01 4.79758e-02 | 1.25294e-02 1.07850e-01 1.39106e-01 |
   1899 | 9.10998e+01 4.79746e-02 | 1.25294e-02 1.07850e-01 1.39106e-01 |
   1900 | 9.11477e+01 4.79735e-02 | 1.25294e-02 1.07850e-01 1.39106e-01 |
   1901 | 9.11957e+01 4.79725e-02 | 1.25294e-02 1.07850e-01 1.39106e-01 |
   1902 | 9.12437e+01 4.79716e-02 | 1.25294e-02 1.07850e-01 1.39106e-01 |
   1903 | 9.12916e+01 4.79708e-02 | 1.25294e-02 1.07850e-01 1.39106e-01 |
   1904 | 9.13396e+01 4.79700e-02 | 1.25294e-02 1.07850e-01 1.39106e-01 |
   1905 | 9.13876e+01 4.79694e-02 | 1.25294e-02 1.07850e-01 1.39106e-01 |
   1906 | 9.14356e+01 4.79688e-02 | 1.25294e-02 1.07850e-01 1.39106e-01 |
   1907 | 9.14835e+01 4.79683e-02 | 1.25294e-02 1.07850e-01 1.39106e-01 |
   1908 | 9.15315e+01 4.79679e-02 | 1.25294e-02 1.07850e-01 1.39106e-01 |
   1909 | 9.15795e+01 4.79676e-02 | 1.25294e-02 1.07850e-01 1.39106e-01 |
   1910 | 9.16274e+01 4.79673e-02 | 1.25294e-02 1.07850e-01 1.39106e-01 |
   1911 | 9.16754e+01 4.79672e-02 | 1.25294e-02 1.07850e-01 1.39106e-01 |
   1912 | 9.17234e+01 4.79671e-02 | 1.25294e-02 1.07850e-01 1.39106e-01 |
   1913 | 9.17713e+01 4.79671e-02 | 1.25294e-02 1.07850e-01 1.39106e-01 |
   1914 | 9.18193e+01 4.79672e-02 | 1.25294e-02 1.07850e-01 1.39106e-01 |
   1915 | 9.18673e+01 4.79674e-02 | 1.25294e-02 1.07850e-01 1.39106e-01 |
   1916 | 9.19152e+01 4.79677e-02 | 1.25294e-02 1.07850e-01 1.39106e-01 |
   1917 | 9.19632e+01 4.79681e-02 | 1.25294e-02 1.07850e-01 1.39106e-01 |
   1918 | 9.20112e+01 4.79685e-02 | 1.25294e-02 1.07850e-01 1.39106e-01 |
   1919 | 9.20591e+01 4.79690e-02 | 1.25293e-02 1.07850e-01 1.39106e-01 |
   1920 | 9.21071e+01 4.79696e-02 | 1.25293e-02 1.07850e-01 1.39106e-01 |
   1921 | 9.21551e+01 4.79703e-02 | 1.25293e-02 1.07850e-01 1.39106e-01 |
   1922 | 9.22030e+01 4.79711e-02 | 1.25293e-02 1.07850e-01 1.39106e-01 |
   1923 | 9.22510e+01 4.79720e-02 | 1.25293e-02 1.07850e-01 1.39106e-01 |
   1924 | 9.22990e+01 4.79729e-02 | 1.25293e-02 1.07850e-01 1.39106e-01 |
   1925 | 9.23470e+01 4.79740e-02 | 1.25293e-02 1.07850e-01 1.39106e-01 |
   1926 | 9.23949e+01 4.79751e-02 | 1.25293e-02 1.07850e-01 1.39106e-01 |
   1927 | 9.24429e+01 4.79763e-02 | 1.25293e-02 1.07850e-01 1.39106e-01 |
   1928 | 9.24909e+01 4.79776e-02 | 1.25293e-02 1.07850e-01 1.39106e-01 |
   1929 | 9.25389e+01 4.79790e-02 | 1.25293e-02 1.07850e-01 1.39106e-01 |
   1930 | 9.25869e+01 4.79804e-02 | 1.25293e-02 1.07850e-01 1.39106e-01 |
   1931 | 9.26348e+01 4.79820e-02 | 1.25293e-02 1.07850e-01 1.39105e-01 |
   1932 | 9.26828e+01 4.79811e-02 | 1.25293e-02 1.07850e-01 1.39105e-01 |
   1933 | 9.27308e+01 4.79796e-02 | 1.25293e-02 1.07850e-01 1.39105e-01 |
   1934 | 9.27788e+01 4.79782e-02 | 1.25293e-02 1.07850e-01 1.39105e-01 |
   1935 | 9.28268e+01 4.79769e-02 | 1.25293e-02 1.07850e-01 1.39105e-01 |
   1936 | 9.28747e+01 4.79757e-02 | 1.25293e-02 1.07850e-01 1.39105e-01 |
   1937 | 9.29227e+01 4.79746e-02 | 1.25293e-02 1.07850e-01 1.39105e-01 |
   1938 | 9.29707e+01 4.79735e-02 | 1.25293e-02 1.07850e-01 1.39105e-01 |
   1939 | 9.30187e+01 4.79726e-02 | 1.25293e-02 1.07850e-01 1.39105e-01 |
   1940 | 9.30666e+01 4.79717e-02 | 1.25293e-02 1.07850e-01 1.39105e-01 |
   1941 | 9.31146e+01 4.79709e-02 | 1.25293e-02 1.07850e-01 1.39105e-01 |
   1942 | 9.31626e+01 4.79702e-02 | 1.25293e-02 1.07850e-01 1.39105e-01 |
   1943 | 9.32105e+01 4.79696e-02 | 1.25293e-02 1.07850e-01 1.39105e-01 |
   1944 | 9.32585e+01 4.79691e-02 | 1.25293e-02 1.07850e-01 1.39105e-01 |
   1945 | 9.33065e+01 4.79686e-02 | 1.25293e-02 1.07850e-01 1.39105e-01 |
   1946 | 9.33544e+01 4.79682e-02 | 1.25293e-02 1.07849e-01 1.39105e-01 |
   1947 | 9.34024e+01 4.79680e-02 | 1.25293e-02 1.07849e-01 1.39105e-01 |
   1948 | 9.34504e+01 4.79678e-02 | 1.25293e-02 1.07849e-01 1.39105e-01 |
   1949 | 9.34983e+01 4.79677e-02 | 1.25293e-02 1.07849e-01 1.39105e-01 |
   1950 | 9.35463e+01 4.79676e-02 | 1.25293e-02 1.07849e-01 1.39105e-01 |
   1951 | 9.35943e+01 4.79677e-02 | 1.25293e-02 1.07849e-01 1.39105e-01 |
   1952 | 9.36422e+01 4.79678e-02 | 1.25293e-02 1.07849e-01 1.39105e-01 |
   1953 | 9.36902e+01 4.79681e-02 | 1.25293e-02 1.07849e-01 1.39105e-01 |
   1954 | 9.37382e+01 4.79684e-02 | 1.25293e-02 1.07849e-01 1.39105e-01 |
   1955 | 9.37862e+01 4.79688e-02 | 1.25293e-02 1.07849e-01 1.39105e-01 |
   1956 | 9.38341e+01 4.79692e-02 | 1.25293e-02 1.07849e-01 1.39105e-01 |
   1957 | 9.38821e+01 4.79698e-02 | 1.25293e-02 1.07849e-01 1.39105e-01 |
   1958 | 9.39301e+01 4.79705e-02 | 1.25293e-02 1.07849e-01 1.39105e-01 |
   1959 | 9.39780e+01 4.79712e-02 | 1.25293e-02 1.07849e-01 1.39105e-01 |
   1960 | 9.40260e+01 4.79720e-02 | 1.25293e-02 1.07849e-01 1.39105e-01 |
   1961 | 9.40740e+01 4.79729e-02 | 1.25293e-02 1.07849e-01 1.39105e-01 |
   1962 | 9.41220e+01 4.79739e-02 | 1.25293e-02 1.07849e-01 1.39105e-01 |
   1963 | 9.41699e+01 4.79750e-02 | 1.25293e-02 1.07849e-01 1.39105e-01 |
   1964 | 9.42179e+01 4.79762e-02 | 1.25293e-02 1.07849e-01 1.39105e-01 |
   1965 | 9.42659e+01 4.79774e-02 | 1.25293e-02 1.07849e-01 1.39105e-01 |
   1966 | 9.43139e+01 4.79787e-02 | 1.25293e-02 1.07849e-01 1.39105e-01 |
   1967 | 9.43618e+01 4.79793e-02 | 1.25293e-02 1.07849e-01 1.39105e-01 |
   1968 | 9.44098e+01 4.79784e-02 | 1.25293e-02 1.07849e-01 1.39105e-01 |
   1969 | 9.44578e+01 4.79775e-02 | 1.25293e-02 1.07849e-01 1.39105e-01 |
   1970 | 9.45058e+01 4.79761e-02 | 1.25293e-02 1.07849e-01 1.39105e-01 |
   1971 | 9.45537e+01 4.79747e-02 | 1.25293e-02 1.07849e-01 1.39105e-01 |
   1972 | 9.46017e+01 4.79734e-02 | 1.25293e-02 1.07849e-01 1.39105e-01 |
   1973 | 9.46497e+01 4.79722e-02 | 1.25293e-02 1.07849e-01 1.39105e-01 |
   1974 | 9.46977e+01 4.79711e-02 | 1.25293e-02 1.07849e-01 1.39105e-01 |
   1975 | 9.47456e+01 4.79700e-02 | 1.25293e-02 1.07849e-01 1.39105e-01 |
   1976 | 9.47936e+01 4.79691e-02 | 1.25293e-02 1.07849e-01 1.39105e-01 |
   1977 | 9.48416e+01 4.79682e-02 | 1.25293e-02 1.07849e-01 1.39105e-01 |
   1978 | 9.48895e+01 4.79674e-02 | 1.25293e-02 1.07849e-01 1.39105e-01 |
   1979 | 9.49375e+01 4.79667e-02 | 1.25293e-02 1.07849e-01 1.39105e-01 |
   1980 | 9.49855e+01 4.79661e-02 | 1.25293e-02 1.07849e-01 1.39105e-01 |
   1981 | 9.50334e+01 4.79655e-02 | 1.25293e-02 1.07849e-01 1.39105e-01 |
   1982 | 9.50814e+01 4.79651e-02 | 1.25293e-02 1.07849e-01 1.39105e-01 |
   1983 | 9.51294e+01 4.79647e-02 | 1.25293e-02 1.07849e-01 1.39105e-01 |
   1984 | 9.51773e+01 4.79644e-02 | 1.25293e-02 1.07849e-01 1.39105e-01 |
   1985 | 9.52253e+01 4.79642e-02 | 1.25293e-02 1.07849e-01 1.39105e-01 |
   1986 | 9.52733e+01 4.79641e-02 | 1.25293e-02 1.07849e-01 1.39105e-01 |
   1987 | 9.53212e+01 4.79641e-02 | 1.25293e-02 1.07849e-01 1.39105e-01 |
   1988 | 9.53692e+01 4.79641e-02 | 1.25293e-02 1.07849e-01 1.39105e-01 |
   1989 | 9.54171e+01 4.79643e-02 | 1.25293e-02 1.07849e-01 1.39105e-01 |
   1990 | 9.54651e+01 4.79645e-02 | 1.25293e-02 1.07849e-01 1.39105e-01 |
   1991 | 9.55131e+01 4.79648e-02 | 1.25293e-02 1.07849e-01 1.39105e-01 |
   1992 | 9.55610e+01 4.79652e-02 | 1.25293e-02 1.07849e-01 1.39105e-01 |
   1993 | 9.56090e+01 4.79657e-02 | 1.25293e-02 1.07849e-01 1.39105e-01 |
   1994 | 9.56570e+01 4.79662e-02 | 1.25293e-02 1.07849e-01 1.39105e-01 |
   1995 | 9.57049e+01 4.79669e-02 | 1.25293e-02 1.07849e-01 1.39105e-01 |
   1996 | 9.57529e+01 4.79676e-02 | 1.25293e-02 1.07849e-01 1.39105e-01 |
   1997 | 9.58009e+01 4.79684e-02 | 1.25293e-02 1.07849e-01 1.39105e-01 |
   1998 | 9.58488e+01 4.79693e-02 | 1.25293e-02 1.07849e-01 1.39105e-01 |
   1999 | 9.58968e+01 4.79703e-02 | 1.25292e-02 1.07849e-01 1.39105e-01 |
   2000 | 9.59448e+01 4.79714e-02 | 1.25292e-02 1.07849e-01 1.39105e-01 |
   2001 | 9.59928e+01 4.79725e-02 | 1.25292e-02 1.07849e-01 1.39105e-01 |
   2002 | 9.60407e+01 4.79738e-02 | 1.25292e-02 1.07849e-01 1.39105e-01 |
   2003 | 9.60887e+01 4.79751e-02 | 1.25292e-02 1.07849e-01 1.39105e-01 |
   2004 | 9.61367e+01 4.79765e-02 | 1.25292e-02 1.07849e-01 1.39105e-01 |
   2005 | 9.61847e+01 4.79780e-02 | 1.25292e-02 1.07849e-01 1.39105e-01 |
   2006 | 9.62326e+01 4.79796e-02 | 1.25292e-02 1.07849e-01 1.39105e-01 |
   2007 | 9.62806e+01 4.79812e-02 | 1.25292e-02 1.07849e-01 1.39105e-01 |
   2008 | 9.63286e+01 4.79814e-02 | 1.25292e-02 1.07849e-01 1.39105e-01 |
   2009 | 9.63766e+01 4.79807e-02 | 1.25292e-02 1.07849e-01 1.39105e-01 |
   2010 | 9.64246e+01 4.79802e-02 | 1.25292e-02 1.07849e-01 1.39105e-01 |
   2011 | 9.64725e+01 4.79797e-02 | 1.25292e-02 1.07849e-01 1.39105e-01 |
   2012 | 9.65205e+01 4.79793e-02 | 1.25292e-02 1.07849e-01 1.39105e-01 |
   2013 | 9.65685e+01 4.79790e-02 | 1.25292e-02 1.07849e-01 1.39105e-01 |
   2014 | 9.66165e+01 4.79788e-02 | 1.25292e-02 1.07849e-01 1.39105e-01 |
   2015 | 9.66645e+01 4.79786e-02 | 1.25292e-02 1.07849e-01 1.39105e-01 |
   2016 | 9.67124e+01 4.79786e-02 | 1.25292e-02 1.07849e-01 1.39105e-01 |
   2017 | 9.67604e+01 4.79786e-02 | 1.25292e-02 1.07849e-01 1.39105e-01 |
   2018 | 9.68084e+01 4.79787e-02 | 1.25292e-02 1.07849e-01 1.39105e-01 |
   2019 | 9.68564e+01 4.79789e-02 | 1.25292e-02 1.07849e-01 1.39105e-01 |
   2020 | 9.69044e+01 4.79792e-02 | 1.25292e-02 1.07849e-01 1.39105e-01 |
   2021 | 9.69523e+01 4.79796e-02 | 1.25292e-02 1.07849e-01 1.39105e-01 |
   2022 | 9.70003e+01 4.79800e-02 | 1.25292e-02 1.07849e-01 1.39105e-01 |
   2023 | 9.70483e+01 4.79805e-02 | 1.25292e-02 1.07849e-01 1.39105e-01 |
   2024 | 9.70963e+01 4.79809e-02 | 1.25292e-02 1.07849e-01 1.39105e-01 |
   2025 | 9.71443e+01 4.79804e-02 | 1.25292e-02 1.07849e-01 1.39105e-01 |
   2026 | 9.71922e+01 4.79800e-02 | 1.25292e-02 1.07849e-01 1.39105e-01 |
   2027 | 9.72402e+01 4.79796e-02 | 1.25292e-02 1.07849e-01 1.39105e-01 |
   2028 | 9.72882e+01 4.79793e-02 | 1.25292e-02 1.07849e-01 1.39105e-01 |
   2029 | 9.73362e+01 4.79792e-02 | 1.25292e-02 1.07849e-01 1.39105e-01 |
   2030 | 9.73842e+01 4.79791e-02 | 1.25292e-02 1.07849e-01 1.39105e-01 |
   2031 | 9.74321e+01 4.79791e-02 | 1.25292e-02 1.07849e-01 1.39105e-01 |
   2032 | 9.74801e+01 4.79791e-02 | 1.25292e-02 1.07849e-01 1.39105e-01 |
   2033 | 9.75281e+01 4.79793e-02 | 1.25292e-02 1.07849e-01 1.39105e-01 |
   2034 | 9.75761e+01 4.79795e-02 | 1.25292e-02 1.07849e-01 1.39105e-01 |
   2035 | 9.76241e+01 4.79799e-02 | 1.25292e-02 1.07849e-01 1.39105e-01 |
   2036 | 9.76720e+01 4.79803e-02 | 1.25292e-02 1.07849e-01 1.39105e-01 |
   2037 | 9.77200e+01 4.79808e-02 | 1.25292e-02 1.07849e-01 1.39105e-01 |
   2038 | 9.77680e+01 4.79814e-02 | 1.25292e-02 1.07849e-01 1.39105e-01 |
   2039 | 9.78160e+01 4.79820e-02 | 1.25292e-02 1.07849e-01 1.39105e-01 |
   2040 | 9.78640e+01 4.79828e-02 | 1.25292e-02 1.07849e-01 1.39105e-01 |
   2041 | 9.79119e+01 4.79836e-02 | 1.25292e-02 1.07849e-01 1.39105e-01 |
   2042 | 9.79599e+01 4.79846e-02 | 1.25292e-02 1.07849e-01 1.39105e-01 |
   2043 | 9.80079e+01 4.79840e-02 | 1.25292e-02 1.07849e-01 1.39105e-01 |
   2044 | 9.80559e+01 4.79832e-02 | 1.25292e-02 1.07849e-01 1.39105e-01 |
   2045 | 9.81039e+01 4.79825e-02 | 1.25292e-02 1.07849e-01 1.39105e-01 |
   2046 | 9.81519e+01 4.79818e-02 | 1.25292e-02 1.07849e-01 1.39105e-01 |
   2047 | 9.81998e+01 4.79813e-02 | 1.25292e-02 1.07849e-01 1.39105e-01 |
   2048 | 9.82478e+01 4.79808e-02 | 1.25292e-02 1.07849e-01 1.39105e-01 |
   2049 | 9.82958e+01 4.79804e-02 | 1.25292e-02 1.07849e-01 1.39105e-01 |
   2050 | 9.83438e+01 4.79801e-02 | 1.25292e-02 1.07849e-01 1.39105e-01 |
   2051 | 9.83918e+01 4.79798e-02 | 1.25292e-02 1.07848e-01 1.39105e-01 |
   2052 | 9.84397e+01 4.79797e-02 | 1.25292e-02 1.07848e-01 1.39105e-01 |
   2053 | 9.84877e+01 4.79796e-02 | 1.25292e-02 1.07848e-01 1.39105e-01 |
   2054 | 9.85357e+01 4.79796e-02 | 1.25292e-02 1.07848e-01 1.39105e-01 |
   2055 | 9.85837e+01 4.79797e-02 | 1.25292e-02 1.07848e-01 1.39105e-01 |
   2056 | 9.86317e+01 4.79799e-02 | 1.25292e-02 1.07848e-01 1.39105e-01 |
   2057 | 9.86796e+01 4.79802e-02 | 1.25292e-02 1.07848e-01 1.39105e-01 |
   2058 | 9.87276e+01 4.79805e-02 | 1.25292e-02 1.07848e-01 1.39105e-01 |
   2059 | 9.87756e+01 4.79810e-02 | 1.25292e-02 1.07848e-01 1.39105e-01 |
   2060 | 9.88236e+01 4.79806e-02 | 1.25292e-02 1.07848e-01 1.39105e-01 |
   2061 | 9.88716e+01 4.79800e-02 | 1.25292e-02 1.07848e-01 1.39105e-01 |
   2062 | 9.89195e+01 4.79794e-02 | 1.25292e-02 1.07848e-01 1.39105e-01 |
   2063 | 9.89675e+01 4.79790e-02 | 1.25292e-02 1.07848e-01 1.39105e-01 |
   2064 | 9.90155e+01 4.79786e-02 | 1.25292e-02 1.07848e-01 1.39105e-01 |
   2065 | 9.90635e+01 4.79783e-02 | 1.25292e-02 1.07848e-01 1.39105e-01 |
   2066 | 9.91115e+01 4.79780e-02 | 1.25292e-02 1.07848e-01 1.39105e-01 |
   2067 | 9.91594e+01 4.79779e-02 | 1.25292e-02 1.07848e-01 1.39105e-01 |
   2068 | 9.92074e+01 4.79779e-02 | 1.25292e-02 1.07848e-01 1.39105e-01 |
   2069 | 9.92554e+01 4.79779e-02 | 1.25292e-02 1.07848e-01 1.39105e-01 |
   2070 | 9.93034e+01 4.79780e-02 | 1.25292e-02 1.07848e-01 1.39105e-01 |
   2071 | 9.93513e+01 4.79782e-02 | 1.25292e-02 1.07848e-01 1.39105e-01 |
   2072 | 9.93993e+01 4.79785e-02 | 1.25292e-02 1.07848e-01 1.39105e-01 |
   2073 | 9.94473e+01 4.79789e-02 | 1.25292e-02 1.07848e-01 1.39105e-01 |
   2074 | 9.94953e+01 4.79793e-02 | 1.25292e-02 1.07848e-01 1.39105e-01 |
   2075 | 9.95433e+01 4.79799e-02 | 1.25292e-02 1.07848e-01 1.39105e-01 |
   2076 | 9.95912e+01 4.79805e-02 | 1.25292e-02 1.07848e-01 1.39105e-01 |
   2077 | 9.96392e+01 4.79810e-02 | 1.25292e-02 1.07848e-01 1.39105e-01 |
   2078 | 9.96872e+01 4.79793e-02 | 1.25292e-02 1.07848e-01 1.39105e-01 |
   2079 | 9.97352e+01 4.79778e-02 | 1.25291e-02 1.07848e-01 1.39105e-01 |
   2080 | 9.97832e+01 4.79764e-02 | 1.25291e-02 1.07848e-01 1.39105e-01 |
   2081 | 9.98311e+01 4.79750e-02 | 1.25291e-02 1.07848e-01 1.39105e-01 |
   2082 | 9.98791e+01 4.79738e-02 | 1.25291e-02 1.07848e-01 1.39105e-01 |
   2083 | 9.99271e+01 4.79726e-02 | 1.25291e-02 1.07848e-01 1.39104e-01 |
   2084 | 9.99751e+01 4.79715e-02 | 1.25291e-02 1.07848e-01 1.39104e-01 |
   2085 | 1.00000e+02 2.49492e-02 | 1.25292e-02 1.07849e-01 1.39105e-01 |
        | ----------- ----------- | ----------- ----------- ----------- |
        | ----------- ----------- | 3.93192e-06 3.00871e-06 3.19656e-06 | => l1-error norm
        | ----------- 8.83884e-01 | 2.06644e-04 8.26564e-04 6.14332e-04 | => l2-error norm
[DELETEMATRIX] !
[DELETEMATRIX] !
[DELETEMATRIX] !
[DELETEMATRIX] !
[DELETEMATRIX] !
[DELETEMATRIX] !
[DELETEMATRIX] !
[DELETEMATRIX] !
[DELETEMATRIX] !
[DELETEMATRIX] !
[DELETEMATRIX] !
[DELETEMATRIX] !
[DELETEMATRIX] !
[DELETEMATRIX] !
[DELETEMATRIX] !
[DELETEMATRIX] !
[DELETEMATRIX] !
[DELETEMATRIX] !
[DELETEMATRIX] !
[DELETEMATRIX] !
[DELETEMATRIX] !
[DELETEMATRIX] !
[DELETEMATRIX] !
[DELETEMATRIX] !
[DELETEMATRIX] !
[DELETEMATRIX] !
[DELETEMATRIX] !
[DELETEMATRIX] !
[DELETEMATRIX] !
[DELETEMATRIX] !
[DELETEMATRIX] !
[DELETEMATRIX] !
srun: Received task exit notification for 32 tasks of StepId=350609.0 (status=0x0000).
srun: hpc-fat02: tasks 0-31: Completed
