srun: defined options
srun: -------------------- --------------------
srun: (null)              : hpc-fat04
srun: cpu-bind            : cores,verbose
srun: cpus-per-task       : 1
srun: distribution        : cyclic:cyclic
srun: exact               : set
srun: jobid               : 350613
srun: job-name            : Vortexbath
srun: mem-per-cpu         : 4G
srun: mpi                 : pmix_v5
srun: nodes               : 1
srun: ntasks              : 64
srun: oom-kill-step       : 0
srun: tres-per-task       : cpu=1
srun: verbose             : 1
srun: -------------------- --------------------
srun: end of defined options
srun: jobid 350613: nodes(1):`hpc-fat04', cpu counts: 64(x1)
srun: CpuBindType=verbose,cores
srun: launching StepId=350613.0 on host hpc-fat04, 64 tasks: [0-63]
cpu-bind=MASK - hpc-fat04, task  0  0 [3396957]: mask 0x100000000 set
cpu-bind=MASK - hpc-fat04, task  1  1 [3396959]: mask 0x1000000000000 set
cpu-bind=MASK - hpc-fat04, task  2  2 [3396961]: mask 0x1000000000000000000000000 set
cpu-bind=MASK - hpc-fat04, task  3  3 [3396963]: mask 0x10000000000000000000000000000 set
cpu-bind=MASK - hpc-fat04, task  4  4 [3396965]: mask 0x200000000 set
cpu-bind=MASK - hpc-fat04, task  5  5 [3396967]: mask 0x2000000000000 set
cpu-bind=MASK - hpc-fat04, task  6  6 [3396969]: mask 0x2000000000000000000000000 set
cpu-bind=MASK - hpc-fat04, task  7  7 [3396970]: mask 0x20000000000000000000000000000 set
cpu-bind=MASK - hpc-fat04, task  8  8 [3396972]: mask 0x400000000 set
cpu-bind=MASK - hpc-fat04, task  9  9 [3396974]: mask 0x4000000000000 set
cpu-bind=MASK - hpc-fat04, task 10 10 [3396976]: mask 0x4000000000000000000000000 set
cpu-bind=MASK - hpc-fat04, task 11 11 [3396978]: mask 0x40000000000000000000000000000 set
cpu-bind=MASK - hpc-fat04, task 12 12 [3396980]: mask 0x800000000 set
cpu-bind=MASK - hpc-fat04, task 13 13 [3396982]: mask 0x8000000000000 set
cpu-bind=MASK - hpc-fat04, task 14 14 [3396984]: mask 0x8000000000000000000000000 set
cpu-bind=MASK - hpc-fat04, task 15 15 [3396985]: mask 0x80000000000000000000000000000 set
cpu-bind=MASK - hpc-fat04, task 16 16 [3396987]: mask 0x1000000000 set
cpu-bind=MASK - hpc-fat04, task 17 17 [3396989]: mask 0x10000000000000 set
cpu-bind=MASK - hpc-fat04, task 18 18 [3396991]: mask 0x10000000000000000000000000 set
cpu-bind=MASK - hpc-fat04, task 19 19 [3396993]: mask 0x100000000000000000000000000000 set
cpu-bind=MASK - hpc-fat04, task 20 20 [3396995]: mask 0x2000000000 set
cpu-bind=MASK - hpc-fat04, task 21 21 [3396997]: mask 0x20000000000000 set
cpu-bind=MASK - hpc-fat04, task 22 22 [3396999]: mask 0x20000000000000000000000000 set
cpu-bind=MASK - hpc-fat04, task 23 23 [3397001]: mask 0x200000000000000000000000000000 set
cpu-bind=MASK - hpc-fat04, task 24 24 [3397003]: mask 0x4000000000 set
cpu-bind=MASK - hpc-fat04, task 25 25 [3397004]: mask 0x40000000000000 set
cpu-bind=MASK - hpc-fat04, task 26 26 [3397006]: mask 0x40000000000000000000000000 set
cpu-bind=MASK - hpc-fat04, task 27 27 [3397008]: mask 0x400000000000000000000000000000 set
cpu-bind=MASK - hpc-fat04, task 28 28 [3397010]: mask 0x8000000000 set
cpu-bind=MASK - hpc-fat04, task 29 29 [3397012]: mask 0x80000000000000 set
cpu-bind=MASK - hpc-fat04, task 30 30 [3397014]: mask 0x80000000000000000000000000 set
cpu-bind=MASK - hpc-fat04, task 31 31 [3397016]: mask 0x800000000000000000000000000000 set
cpu-bind=MASK - hpc-fat04, task 32 32 [3397018]: mask 0x10000000000 set
cpu-bind=MASK - hpc-fat04, task 33 33 [3397019]: mask 0x100000000000000 set
cpu-bind=MASK - hpc-fat04, task 34 34 [3397021]: mask 0x100000000000000000000000000 set
cpu-bind=MASK - hpc-fat04, task 35 35 [3397023]: mask 0x1000000000000000000000000000000 set
cpu-bind=MASK - hpc-fat04, task 36 36 [3397025]: mask 0x20000000000 set
cpu-bind=MASK - hpc-fat04, task 37 37 [3397027]: mask 0x200000000000000 set
cpu-bind=MASK - hpc-fat04, task 38 38 [3397029]: mask 0x200000000000000000000000000 set
cpu-bind=MASK - hpc-fat04, task 39 39 [3397031]: mask 0x2000000000000000000000000000000 set
cpu-bind=MASK - hpc-fat04, task 40 40 [3397033]: mask 0x40000000000 set
cpu-bind=MASK - hpc-fat04, task 41 41 [3397035]: mask 0x400000000000000 set
cpu-bind=MASK - hpc-fat04, task 42 42 [3397037]: mask 0x400000000000000000000000000 set
cpu-bind=MASK - hpc-fat04, task 43 43 [3397039]: mask 0x4000000000000000000000000000000 set
cpu-bind=MASK - hpc-fat04, task 44 44 [3397040]: mask 0x80000000000 set
cpu-bind=MASK - hpc-fat04, task 45 45 [3397042]: mask 0x800000000000000 set
cpu-bind=MASK - hpc-fat04, task 46 46 [3397044]: mask 0x800000000000000000000000000 set
cpu-bind=MASK - hpc-fat04, task 47 47 [3397046]: mask 0x8000000000000000000000000000000 set
cpu-bind=MASK - hpc-fat04, task 48 48 [3397048]: mask 0x100000000000 set
cpu-bind=MASK - hpc-fat04, task 49 49 [3397050]: mask 0x1000000000000000 set
cpu-bind=MASK - hpc-fat04, task 50 50 [3397052]: mask 0x1000000000000000000000000000 set
cpu-bind=MASK - hpc-fat04, task 51 51 [3397054]: mask 0x10000000000000000000000000000000 set
cpu-bind=MASK - hpc-fat04, task 52 52 [3397056]: mask 0x200000000000 set
cpu-bind=MASK - hpc-fat04, task 53 53 [3397058]: mask 0x2000000000000000 set
cpu-bind=MASK - hpc-fat04, task 54 54 [3397060]: mask 0x2000000000000000000000000000 set
cpu-bind=MASK - hpc-fat04, task 55 55 [3397062]: mask 0x20000000000000000000000000000000 set
cpu-bind=MASK - hpc-fat04, task 56 56 [3397064]: mask 0x400000000000 set
cpu-bind=MASK - hpc-fat04, task 57 57 [3397066]: mask 0x4000000000000000 set
cpu-bind=MASK - hpc-fat04, task 58 58 [3397068]: mask 0x4000000000000000000000000000 set
cpu-bind=MASK - hpc-fat04, task 59 59 [3397070]: mask 0x40000000000000000000000000000000 set
cpu-bind=MASK - hpc-fat04, task 60 60 [3397072]: mask 0x800000000000 set
cpu-bind=MASK - hpc-fat04, task 61 61 [3397073]: mask 0x8000000000000000 set
cpu-bind=MASK - hpc-fat04, task 62 62 [3397074]: mask 0x8000000000000000000000000000 set
cpu-bind=MASK - hpc-fat04, task 63 63 [3397075]: mask 0x80000000000000000000000000000000 set
srun: Node hpc-fat04, 64 tasks started
Data {
  aerosol.linearsolver : PETSc
  discretisation.femtype : Lagrange
  discretisation.numericalflux : WbswLaxFriedrichs
  io.mesh_file : /gpfs/scratch/fortetenreiro/run/Vortex/msh/Vortex_6.msh
  io.mesh_format : ParaGMSH
  io.output_format : HDF5
  io.output_path : /gpfs/scratch/fortetenreiro/run/Vortexbath/visu/R0_M6_P1
  io.restartPath : /gpfs/scratch/fortetenreiro/run/Vortexbath/restart/R0_M6_P1
  io.restartPrefix : restart
  io.visutype : cells
  model.bathymetry : 1;0;ICBC
  model.manning : 1;0;ICBC;CONSTANT;0.00
  model.name : ShallowWater
  testcase.name : Vortexbath
  time.inittype : interpolation
  time.name : RK-2-2
  time.type : cfl
  xml_config_file : /gpfs/scratch/fortetenreiro/run/Vortexbath/xml/R0_M6_P1.xml
  MPI.prank : 0
  MPI.psize : 64
  aerosol.debug : 0
  discretisation.continuous : 0
  discretisation.degree : 1
  io.active : 0
  io.conservativeVariables : 3
  io.mesh_dimension : 2
  io.prepartitioning : 0
  io.redistribution : 1
  io.scalab : 0
  model.dispersion : 0
  model.g : 1
  model.h0 : 1
  time.CFL : 0.3333
  time.tmax : 100
}

(0): ERROR: _PAMPAdmeshCheck: no check could be done with flag PAMPA_OVLP_NOGT enabled
(1): ERROR: _PAMPAdmeshCheck: no check could be done with flag PAMPA_OVLP_NOGT enabled
(2): ERROR: _PAMPAdmeshCheck: no check could be done with flag PAMPA_OVLP_NOGT enabled
(3): ERROR: _PAMPAdmeshCheck: no check could be done with flag PAMPA_OVLP_NOGT enabled
(4): ERROR: _PAMPAdmeshCheck: no check could be done with flag PAMPA_OVLP_NOGT enabled
(5): ERROR: _PAMPAdmeshCheck: no check could be done with flag PAMPA_OVLP_NOGT enabled
(6): ERROR: _PAMPAdmeshCheck: no check could be done with flag PAMPA_OVLP_NOGT enabled
(7): ERROR: _PAMPAdmeshCheck: no check could be done with flag PAMPA_OVLP_NOGT enabled
(8): ERROR: _PAMPAdmeshCheck: no check could be done with flag PAMPA_OVLP_NOGT enabled
(9): ERROR: _PAMPAdmeshCheck: no check could be done with flag PAMPA_OVLP_NOGT enabled
(10): ERROR: _PAMPAdmeshCheck: no check could be done with flag PAMPA_OVLP_NOGT enabled
(11): ERROR: _PAMPAdmeshCheck: no check could be done with flag PAMPA_OVLP_NOGT enabled
(12): ERROR: _PAMPAdmeshCheck: no check could be done with flag PAMPA_OVLP_NOGT enabled
(13): ERROR: _PAMPAdmeshCheck: no check could be done with flag PAMPA_OVLP_NOGT enabled
(14): ERROR: _PAMPAdmeshCheck: no check could be done with flag PAMPA_OVLP_NOGT enabled
(15): ERROR: _PAMPAdmeshCheck: no check could be done with flag PAMPA_OVLP_NOGT enabled
(16): ERROR: _PAMPAdmeshCheck: no check could be done with flag PAMPA_OVLP_NOGT enabled
(17): ERROR: _PAMPAdmeshCheck: no check could be done with flag PAMPA_OVLP_NOGT enabled
(18): ERROR: _PAMPAdmeshCheck: no check could be done with flag PAMPA_OVLP_NOGT enabled
(19): ERROR: _PAMPAdmeshCheck: no check could be done with flag PAMPA_OVLP_NOGT enabled
(20): ERROR: _PAMPAdmeshCheck: no check could be done with flag PAMPA_OVLP_NOGT enabled
(21): ERROR: _PAMPAdmeshCheck: no check could be done with flag PAMPA_OVLP_NOGT enabled
(22): ERROR: _PAMPAdmeshCheck: no check could be done with flag PAMPA_OVLP_NOGT enabled
(23): ERROR: _PAMPAdmeshCheck: no check could be done with flag PAMPA_OVLP_NOGT enabled
(24): ERROR: _PAMPAdmeshCheck: no check could be done with flag PAMPA_OVLP_NOGT enabled
(25): ERROR: _PAMPAdmeshCheck: no check could be done with flag PAMPA_OVLP_NOGT enabled
(26): ERROR: _PAMPAdmeshCheck: no check could be done with flag PAMPA_OVLP_NOGT enabled
(27): ERROR: _PAMPAdmeshCheck: no check could be done with flag PAMPA_OVLP_NOGT enabled
(28): ERROR: _PAMPAdmeshCheck: no check could be done with flag PAMPA_OVLP_NOGT enabled
(29): ERROR: _PAMPAdmeshCheck: no check could be done with flag PAMPA_OVLP_NOGT enabled
(30): ERROR: _PAMPAdmeshCheck: no check could be done with flag PAMPA_OVLP_NOGT enabled
(31): ERROR: _PAMPAdmeshCheck: no check could be done with flag PAMPA_OVLP_NOGT enabled
(32): ERROR: _PAMPAdmeshCheck: no check could be done with flag PAMPA_OVLP_NOGT enabled
(33): ERROR: _PAMPAdmeshCheck: no check could be done with flag PAMPA_OVLP_NOGT enabled
(34): ERROR: _PAMPAdmeshCheck: no check could be done with flag PAMPA_OVLP_NOGT enabled
(35): ERROR: _PAMPAdmeshCheck: no check could be done with flag PAMPA_OVLP_NOGT enabled
(36): ERROR: _PAMPAdmeshCheck: no check could be done with flag PAMPA_OVLP_NOGT enabled
(37): ERROR: _PAMPAdmeshCheck: no check could be done with flag PAMPA_OVLP_NOGT enabled
(38): ERROR: _PAMPAdmeshCheck: no check could be done with flag PAMPA_OVLP_NOGT enabled
(39): ERROR: _PAMPAdmeshCheck: no check could be done with flag PAMPA_OVLP_NOGT enabled
(40): ERROR: _PAMPAdmeshCheck: no check could be done with flag PAMPA_OVLP_NOGT enabled
(41): ERROR: _PAMPAdmeshCheck: no check could be done with flag PAMPA_OVLP_NOGT enabled
(42): ERROR: _PAMPAdmeshCheck: no check could be done with flag PAMPA_OVLP_NOGT enabled
(43): ERROR: _PAMPAdmeshCheck: no check could be done with flag PAMPA_OVLP_NOGT enabled
(44): ERROR: _PAMPAdmeshCheck: no check could be done with flag PAMPA_OVLP_NOGT enabled
(45): ERROR: _PAMPAdmeshCheck: no check could be done with flag PAMPA_OVLP_NOGT enabled
(46): ERROR: _PAMPAdmeshCheck: no check could be done with flag PAMPA_OVLP_NOGT enabled
(47): ERROR: _PAMPAdmeshCheck: no check could be done with flag PAMPA_OVLP_NOGT enabled
(48): ERROR: _PAMPAdmeshCheck: no check could be done with flag PAMPA_OVLP_NOGT enabled
(49): ERROR: _PAMPAdmeshCheck: no check could be done with flag PAMPA_OVLP_NOGT enabled
(50): ERROR: _PAMPAdmeshCheck: no check could be done with flag PAMPA_OVLP_NOGT enabled
(51): ERROR: _PAMPAdmeshCheck: no check could be done with flag PAMPA_OVLP_NOGT enabled
(52): ERROR: _PAMPAdmeshCheck: no check could be done with flag PAMPA_OVLP_NOGT enabled
(53): ERROR: _PAMPAdmeshCheck: no check could be done with flag PAMPA_OVLP_NOGT enabled
(54): ERROR: _PAMPAdmeshCheck: no check could be done with flag PAMPA_OVLP_NOGT enabled
(55): ERROR: _PAMPAdmeshCheck: no check could be done with flag PAMPA_OVLP_NOGT enabled
(56): ERROR: _PAMPAdmeshCheck: no check could be done with flag PAMPA_OVLP_NOGT enabled
(57): ERROR: _PAMPAdmeshCheck: no check could be done with flag PAMPA_OVLP_NOGT enabled
(58): ERROR: _PAMPAdmeshCheck: no check could be done with flag PAMPA_OVLP_NOGT enabled
(59): ERROR: _PAMPAdmeshCheck: no check could be done with flag PAMPA_OVLP_NOGT enabled
(60): ERROR: _PAMPAdmeshCheck: no check could be done with flag PAMPA_OVLP_NOGT enabled
(61): ERROR: _PAMPAdmeshCheck: no check could be done with flag PAMPA_OVLP_NOGT enabled
(62): ERROR: _PAMPAdmeshCheck: no check could be done with flag PAMPA_OVLP_NOGT enabled
(63): ERROR: _PAMPAdmeshCheck: no check could be done with flag PAMPA_OVLP_NOGT enabled
Calling the scheme "SWShallowWater2dWbswLaxFriedrichsPETSc".
Calling the scheme "SWShallowWater2dWbswLaxFriedrichsPETSc".
Calling the scheme "SWShallowWater2dWbswLaxFriedrichsPETSc".
Calling the scheme "SWShallowWater2dWbswLaxFriedrichsPETSc".
Calling the scheme "SWShallowWater2dWbswLaxFriedrichsPETSc".
Calling the scheme "SWShallowWater2dWbswLaxFriedrichsPETSc".
Calling the scheme "SWShallowWater2dWbswLaxFriedrichsPETSc".
Calling the scheme "SWShallowWater2dWbswLaxFriedrichsPETSc".
Calling the scheme "SWShallowWater2dWbswLaxFriedrichsPETSc".
Calling the scheme "SWShallowWater2dWbswLaxFriedrichsPETSc".
Calling the scheme "SWShallowWater2dWbswLaxFriedrichsPETSc".
Calling the scheme "SWShallowWater2dWbswLaxFriedrichsPETSc".
Calling the scheme "SWShallowWater2dWbswLaxFriedrichsPETSc".
Calling the scheme "SWShallowWater2dWbswLaxFriedrichsPETSc".
Calling the scheme "SWShallowWater2dWbswLaxFriedrichsPETSc".
Calling the scheme "SWShallowWater2dWbswLaxFriedrichsPETSc".
Calling the scheme "SWShallowWater2dWbswLaxFriedrichsPETSc".
Calling the scheme "SWShallowWater2dWbswLaxFriedrichsPETSc".
Calling the scheme "SWShallowWater2dWbswLaxFriedrichsPETSc".
Calling the scheme "SWShallowWater2dWbswLaxFriedrichsPETSc".
Calling the scheme "SWShallowWater2dWbswLaxFriedrichsPETSc".
Calling the scheme "SWShallowWater2dWbswLaxFriedrichsPETSc".
Calling the scheme "SWShallowWater2dWbswLaxFriedrichsPETSc".
Calling the scheme "SWShallowWater2dWbswLaxFriedrichsPETSc".
Calling the scheme "SWShallowWater2dWbswLaxFriedrichsPETSc".
Calling the scheme "SWShallowWater2dWbswLaxFriedrichsPETSc".
Calling the scheme "SWShallowWater2dWbswLaxFriedrichsPETSc".
Calling the scheme "SWShallowWater2dWbswLaxFriedrichsPETSc".
Calling the scheme "SWShallowWater2dWbswLaxFriedrichsPETSc".
Calling the scheme "SWShallowWater2dWbswLaxFriedrichsPETSc".
Calling the scheme "SWShallowWater2dWbswLaxFriedrichsPETSc".
Calling the scheme "SWShallowWater2dWbswLaxFriedrichsPETSc".
Calling the scheme "SWShallowWater2dWbswLaxFriedrichsPETSc".
Calling the scheme "SWShallowWater2dWbswLaxFriedrichsPETSc".
Calling the scheme "SWShallowWater2dWbswLaxFriedrichsPETSc".
Calling the scheme "SWShallowWater2dWbswLaxFriedrichsPETSc".
Calling the scheme "SWShallowWater2dWbswLaxFriedrichsPETSc".
Calling the scheme "SWShallowWater2dWbswLaxFriedrichsPETSc".
Calling the scheme "SWShallowWater2dWbswLaxFriedrichsPETSc".
Calling the scheme "SWShallowWater2dWbswLaxFriedrichsPETSc".
Calling the scheme "SWShallowWater2dWbswLaxFriedrichsPETSc".
Calling the scheme "SWShallowWater2dWbswLaxFriedrichsPETSc".
Calling the scheme "SWShallowWater2dWbswLaxFriedrichsPETSc".
Calling the scheme "SWShallowWater2dWbswLaxFriedrichsPETSc".
Calling the scheme "SWShallowWater2dWbswLaxFriedrichsPETSc".
Calling the scheme "SWShallowWater2dWbswLaxFriedrichsPETSc".
Calling the scheme "SWShallowWater2dWbswLaxFriedrichsPETSc".
Calling the scheme "SWShallowWater2dWbswLaxFriedrichsPETSc".
Calling the scheme "SWShallowWater2dWbswLaxFriedrichsPETSc".
Calling the scheme "SWShallowWater2dWbswLaxFriedrichsPETSc".
Calling the scheme "SWShallowWater2dWbswLaxFriedrichsPETSc".
Calling the scheme "SWShallowWater2dWbswLaxFriedrichsPETSc".
Calling the scheme "SWShallowWater2dWbswLaxFriedrichsPETSc".
Calling the scheme "SWShallowWater2dWbswLaxFriedrichsPETSc".
Calling the scheme "SWShallowWater2dWbswLaxFriedrichsPETSc".
Calling the scheme "SWShallowWater2dWbswLaxFriedrichsPETSc".
Calling the scheme "SWShallowWater2dWbswLaxFriedrichsPETSc".
Calling the scheme "SWShallowWater2dWbswLaxFriedrichsPETSc".
Calling the scheme "SWShallowWater2dWbswLaxFriedrichsPETSc".
Calling the scheme "SWShallowWater2dWbswLaxFriedrichsPETSc".
Calling the scheme "SWShallowWater2dWbswLaxFriedrichsPETSc".
Calling the scheme "SWShallowWater2dWbswLaxFriedrichsPETSc".
Calling the scheme "SWShallowWater2dWbswLaxFriedrichsPETSc".
Calling the scheme "SWShallowWater2dWbswLaxFriedrichsPETSc".
      1 | 1.90605e-02 1.90605e-02 | 1.36518e-02 1.07963e-01 1.39098e-01 |
      2 | 3.81208e-02 1.90603e-02 | 1.27624e-02 1.07841e-01 1.39033e-01 |
      3 | 5.71811e-02 1.90603e-02 | 1.25723e-02 1.07806e-01 1.39012e-01 |
      4 | 7.62414e-02 1.90603e-02 | 1.25337e-02 1.07796e-01 1.39006e-01 |
      5 | 9.53018e-02 1.90604e-02 | 1.25246e-02 1.07794e-01 1.39005e-01 |
      6 | 1.14362e-01 1.90604e-02 | 1.25216e-02 1.07793e-01 1.39005e-01 |
      7 | 1.33423e-01 1.90605e-02 | 1.25205e-02 1.07793e-01 1.39005e-01 |
      8 | 1.52483e-01 1.90605e-02 | 1.25201e-02 1.07793e-01 1.39005e-01 |
      9 | 1.71544e-01 1.90606e-02 | 1.25200e-02 1.07793e-01 1.39005e-01 |
     10 | 1.90604e-01 1.90606e-02 | 1.25200e-02 1.07793e-01 1.39005e-01 |
     11 | 2.09665e-01 1.90607e-02 | 1.25200e-02 1.07793e-01 1.39005e-01 |
     12 | 2.28726e-01 1.90606e-02 | 1.25199e-02 1.07793e-01 1.39005e-01 |
     13 | 2.47786e-01 1.90606e-02 | 1.25199e-02 1.07792e-01 1.39005e-01 |
     14 | 2.66847e-01 1.90605e-02 | 1.25199e-02 1.07792e-01 1.39005e-01 |
     15 | 2.85907e-01 1.90605e-02 | 1.25199e-02 1.07792e-01 1.39005e-01 |
     16 | 3.04968e-01 1.90605e-02 | 1.25199e-02 1.07792e-01 1.39005e-01 |
     17 | 3.24028e-01 1.90604e-02 | 1.25199e-02 1.07792e-01 1.39005e-01 |
     18 | 3.43089e-01 1.90604e-02 | 1.25199e-02 1.07792e-01 1.39006e-01 |
     19 | 3.62149e-01 1.90604e-02 | 1.25199e-02 1.07792e-01 1.39006e-01 |
     20 | 3.81209e-01 1.90604e-02 | 1.25199e-02 1.07792e-01 1.39006e-01 |
     21 | 4.00270e-01 1.90604e-02 | 1.25198e-02 1.07791e-01 1.39006e-01 |
     22 | 4.19330e-01 1.90604e-02 | 1.25198e-02 1.07791e-01 1.39006e-01 |
     23 | 4.38391e-01 1.90604e-02 | 1.25198e-02 1.07791e-01 1.39006e-01 |
     24 | 4.57451e-01 1.90604e-02 | 1.25198e-02 1.07791e-01 1.39006e-01 |
     25 | 4.76512e-01 1.90605e-02 | 1.25198e-02 1.07791e-01 1.39006e-01 |
     26 | 4.95572e-01 1.90605e-02 | 1.25198e-02 1.07791e-01 1.39006e-01 |
     27 | 5.14633e-01 1.90605e-02 | 1.25198e-02 1.07791e-01 1.39006e-01 |
     28 | 5.33693e-01 1.90606e-02 | 1.25198e-02 1.07791e-01 1.39006e-01 |
     29 | 5.52754e-01 1.90606e-02 | 1.25197e-02 1.07791e-01 1.39006e-01 |
     30 | 5.71814e-01 1.90606e-02 | 1.25197e-02 1.07790e-01 1.39006e-01 |
     31 | 5.90875e-01 1.90606e-02 | 1.25197e-02 1.07790e-01 1.39007e-01 |
     32 | 6.09936e-01 1.90606e-02 | 1.25197e-02 1.07790e-01 1.39007e-01 |
     33 | 6.28996e-01 1.90606e-02 | 1.25197e-02 1.07790e-01 1.39007e-01 |
     34 | 6.48057e-01 1.90606e-02 | 1.25196e-02 1.07790e-01 1.39007e-01 |
     35 | 6.67117e-01 1.90607e-02 | 1.25196e-02 1.07790e-01 1.39007e-01 |
     36 | 6.86178e-01 1.90607e-02 | 1.25196e-02 1.07790e-01 1.39007e-01 |
     37 | 7.05239e-01 1.90607e-02 | 1.25196e-02 1.07790e-01 1.39007e-01 |
     38 | 7.24300e-01 1.90608e-02 | 1.25196e-02 1.07790e-01 1.39007e-01 |
     39 | 7.43360e-01 1.90608e-02 | 1.25196e-02 1.07789e-01 1.39007e-01 |
     40 | 7.62421e-01 1.90609e-02 | 1.25195e-02 1.07789e-01 1.39007e-01 |
     41 | 7.81482e-01 1.90608e-02 | 1.25195e-02 1.07789e-01 1.39007e-01 |
     42 | 8.00543e-01 1.90607e-02 | 1.25195e-02 1.07789e-01 1.39007e-01 |
     43 | 8.19604e-01 1.90607e-02 | 1.25195e-02 1.07789e-01 1.39007e-01 |
     44 | 8.38664e-01 1.90606e-02 | 1.25194e-02 1.07789e-01 1.39008e-01 |
     45 | 8.57725e-01 1.90606e-02 | 1.25194e-02 1.07789e-01 1.39008e-01 |
     46 | 8.76785e-01 1.90605e-02 | 1.25194e-02 1.07789e-01 1.39008e-01 |
     47 | 8.95846e-01 1.90605e-02 | 1.25194e-02 1.07789e-01 1.39008e-01 |
     48 | 9.14906e-01 1.90605e-02 | 1.25194e-02 1.07788e-01 1.39008e-01 |
     49 | 9.33967e-01 1.90604e-02 | 1.25193e-02 1.07788e-01 1.39008e-01 |
     50 | 9.53027e-01 1.90604e-02 | 1.25193e-02 1.07788e-01 1.39008e-01 |
     51 | 9.72087e-01 1.90604e-02 | 1.25193e-02 1.07788e-01 1.39008e-01 |
     52 | 9.91148e-01 1.90604e-02 | 1.25193e-02 1.07788e-01 1.39008e-01 |
     53 | 1.01021e+00 1.90604e-02 | 1.25192e-02 1.07788e-01 1.39008e-01 |
     54 | 1.02927e+00 1.90604e-02 | 1.25192e-02 1.07788e-01 1.39008e-01 |
     55 | 1.04833e+00 1.90604e-02 | 1.25192e-02 1.07788e-01 1.39008e-01 |
     56 | 1.06739e+00 1.90604e-02 | 1.25191e-02 1.07788e-01 1.39008e-01 |
     57 | 1.08645e+00 1.90604e-02 | 1.25191e-02 1.07787e-01 1.39008e-01 |
     58 | 1.10551e+00 1.90604e-02 | 1.25191e-02 1.07787e-01 1.39009e-01 |
     59 | 1.12457e+00 1.90605e-02 | 1.25191e-02 1.07787e-01 1.39009e-01 |
     60 | 1.14363e+00 1.90605e-02 | 1.25190e-02 1.07787e-01 1.39009e-01 |
     61 | 1.16269e+00 1.90604e-02 | 1.25190e-02 1.07787e-01 1.39009e-01 |
     62 | 1.18175e+00 1.90604e-02 | 1.25190e-02 1.07787e-01 1.39009e-01 |
     63 | 1.20081e+00 1.90603e-02 | 1.25189e-02 1.07787e-01 1.39009e-01 |
     64 | 1.21987e+00 1.90603e-02 | 1.25189e-02 1.07787e-01 1.39009e-01 |
     65 | 1.23893e+00 1.90602e-02 | 1.25189e-02 1.07787e-01 1.39009e-01 |
     66 | 1.25799e+00 1.90602e-02 | 1.25189e-02 1.07786e-01 1.39009e-01 |
     67 | 1.27705e+00 1.90602e-02 | 1.25188e-02 1.07786e-01 1.39009e-01 |
     68 | 1.29611e+00 1.90601e-02 | 1.25188e-02 1.07786e-01 1.39009e-01 |
     69 | 1.31517e+00 1.90601e-02 | 1.25188e-02 1.07786e-01 1.39009e-01 |
     70 | 1.33423e+00 1.90601e-02 | 1.25187e-02 1.07786e-01 1.39009e-01 |
     71 | 1.35329e+00 1.90601e-02 | 1.25187e-02 1.07786e-01 1.39009e-01 |
     72 | 1.37235e+00 1.90601e-02 | 1.25187e-02 1.07786e-01 1.39010e-01 |
     73 | 1.39141e+00 1.90601e-02 | 1.25186e-02 1.07786e-01 1.39010e-01 |
     74 | 1.41047e+00 1.90601e-02 | 1.25186e-02 1.07786e-01 1.39010e-01 |
     75 | 1.42953e+00 1.90601e-02 | 1.25186e-02 1.07786e-01 1.39010e-01 |
     76 | 1.44859e+00 1.90601e-02 | 1.25185e-02 1.07785e-01 1.39010e-01 |
     77 | 1.46765e+00 1.90601e-02 | 1.25185e-02 1.07785e-01 1.39010e-01 |
     78 | 1.48671e+00 1.90602e-02 | 1.25185e-02 1.07785e-01 1.39010e-01 |
     79 | 1.50577e+00 1.90602e-02 | 1.25184e-02 1.07785e-01 1.39010e-01 |
     80 | 1.52483e+00 1.90602e-02 | 1.25184e-02 1.07785e-01 1.39010e-01 |
     81 | 1.54390e+00 1.90603e-02 | 1.25183e-02 1.07785e-01 1.39010e-01 |
     82 | 1.56296e+00 1.90603e-02 | 1.25183e-02 1.07785e-01 1.39010e-01 |
     83 | 1.58202e+00 1.90604e-02 | 1.25183e-02 1.07785e-01 1.39010e-01 |
     84 | 1.60108e+00 1.90604e-02 | 1.25182e-02 1.07785e-01 1.39010e-01 |
     85 | 1.62014e+00 1.90604e-02 | 1.25182e-02 1.07785e-01 1.39010e-01 |
     86 | 1.63920e+00 1.90604e-02 | 1.25182e-02 1.07784e-01 1.39011e-01 |
     87 | 1.65826e+00 1.90603e-02 | 1.25181e-02 1.07784e-01 1.39011e-01 |
     88 | 1.67732e+00 1.90603e-02 | 1.25181e-02 1.07784e-01 1.39011e-01 |
     89 | 1.69638e+00 1.90602e-02 | 1.25180e-02 1.07784e-01 1.39011e-01 |
     90 | 1.71544e+00 1.90602e-02 | 1.25180e-02 1.07784e-01 1.39011e-01 |
     91 | 1.73450e+00 1.90602e-02 | 1.25180e-02 1.07784e-01 1.39011e-01 |
     92 | 1.75356e+00 1.90602e-02 | 1.25179e-02 1.07784e-01 1.39011e-01 |
     93 | 1.77262e+00 1.90602e-02 | 1.25179e-02 1.07784e-01 1.39011e-01 |
     94 | 1.79168e+00 1.90601e-02 | 1.25178e-02 1.07784e-01 1.39011e-01 |
     95 | 1.81074e+00 1.90601e-02 | 1.25178e-02 1.07784e-01 1.39011e-01 |
     96 | 1.82980e+00 1.90601e-02 | 1.25177e-02 1.07784e-01 1.39011e-01 |
     97 | 1.84886e+00 1.90602e-02 | 1.25177e-02 1.07783e-01 1.39011e-01 |
     98 | 1.86792e+00 1.90602e-02 | 1.25177e-02 1.07783e-01 1.39011e-01 |
     99 | 1.88698e+00 1.90602e-02 | 1.25176e-02 1.07783e-01 1.39011e-01 |
    100 | 1.90604e+00 1.90602e-02 | 1.25176e-02 1.07783e-01 1.39011e-01 |
    101 | 1.92510e+00 1.90602e-02 | 1.25175e-02 1.07783e-01 1.39012e-01 |
    102 | 1.94416e+00 1.90603e-02 | 1.25175e-02 1.07783e-01 1.39012e-01 |
    103 | 1.96322e+00 1.90603e-02 | 1.25174e-02 1.07783e-01 1.39012e-01 |
    104 | 1.98228e+00 1.90604e-02 | 1.25174e-02 1.07783e-01 1.39012e-01 |
    105 | 2.00134e+00 1.90604e-02 | 1.25174e-02 1.07783e-01 1.39012e-01 |
    106 | 2.02040e+00 1.90605e-02 | 1.25173e-02 1.07783e-01 1.39012e-01 |
    107 | 2.03946e+00 1.90605e-02 | 1.25173e-02 1.07783e-01 1.39012e-01 |
    108 | 2.05852e+00 1.90606e-02 | 1.25172e-02 1.07782e-01 1.39012e-01 |
    109 | 2.07758e+00 1.90607e-02 | 1.25172e-02 1.07782e-01 1.39012e-01 |
    110 | 2.09664e+00 1.90607e-02 | 1.25171e-02 1.07782e-01 1.39012e-01 |
    111 | 2.11570e+00 1.90608e-02 | 1.25171e-02 1.07782e-01 1.39012e-01 |
    112 | 2.13477e+00 1.90609e-02 | 1.25170e-02 1.07782e-01 1.39012e-01 |
    113 | 2.15383e+00 1.90609e-02 | 1.25170e-02 1.07782e-01 1.39012e-01 |
    114 | 2.17289e+00 1.90609e-02 | 1.25169e-02 1.07782e-01 1.39012e-01 |
    115 | 2.19195e+00 1.90609e-02 | 1.25169e-02 1.07782e-01 1.39012e-01 |
    116 | 2.21101e+00 1.90609e-02 | 1.25168e-02 1.07782e-01 1.39012e-01 |
    117 | 2.23007e+00 1.90610e-02 | 1.25168e-02 1.07782e-01 1.39012e-01 |
    118 | 2.24913e+00 1.90610e-02 | 1.25167e-02 1.07782e-01 1.39013e-01 |
    119 | 2.26819e+00 1.90610e-02 | 1.25167e-02 1.07782e-01 1.39013e-01 |
    120 | 2.28725e+00 1.90610e-02 | 1.25166e-02 1.07781e-01 1.39013e-01 |
    121 | 2.30631e+00 1.90609e-02 | 1.25166e-02 1.07781e-01 1.39013e-01 |
    122 | 2.32538e+00 1.90609e-02 | 1.25165e-02 1.07781e-01 1.39013e-01 |
    123 | 2.34444e+00 1.90609e-02 | 1.25165e-02 1.07781e-01 1.39013e-01 |
    124 | 2.36350e+00 1.90608e-02 | 1.25164e-02 1.07781e-01 1.39013e-01 |
    125 | 2.38256e+00 1.90608e-02 | 1.25164e-02 1.07781e-01 1.39013e-01 |
    126 | 2.40162e+00 1.90608e-02 | 1.25163e-02 1.07781e-01 1.39013e-01 |
    127 | 2.42068e+00 1.90608e-02 | 1.25163e-02 1.07781e-01 1.39013e-01 |
    128 | 2.43974e+00 1.90608e-02 | 1.25162e-02 1.07781e-01 1.39013e-01 |
    129 | 2.45880e+00 1.90608e-02 | 1.25162e-02 1.07781e-01 1.39013e-01 |
    130 | 2.47786e+00 1.90608e-02 | 1.25161e-02 1.07781e-01 1.39013e-01 |
    131 | 2.49692e+00 1.90607e-02 | 1.25161e-02 1.07781e-01 1.39013e-01 |
    132 | 2.51598e+00 1.90607e-02 | 1.25160e-02 1.07781e-01 1.39013e-01 |
    133 | 2.53504e+00 1.90606e-02 | 1.25160e-02 1.07781e-01 1.39013e-01 |
    134 | 2.55410e+00 1.90605e-02 | 1.25159e-02 1.07780e-01 1.39013e-01 |
    135 | 2.57316e+00 1.90605e-02 | 1.25159e-02 1.07780e-01 1.39013e-01 |
    136 | 2.59223e+00 1.90604e-02 | 1.25158e-02 1.07780e-01 1.39014e-01 |
    137 | 2.61129e+00 1.90603e-02 | 1.25158e-02 1.07780e-01 1.39014e-01 |
    138 | 2.63035e+00 1.90603e-02 | 1.25157e-02 1.07780e-01 1.39014e-01 |
    139 | 2.64941e+00 1.90602e-02 | 1.25156e-02 1.07780e-01 1.39014e-01 |
    140 | 2.66847e+00 1.90602e-02 | 1.25156e-02 1.07780e-01 1.39014e-01 |
    141 | 2.68753e+00 1.90602e-02 | 1.25155e-02 1.07780e-01 1.39014e-01 |
    142 | 2.70659e+00 1.90602e-02 | 1.25155e-02 1.07780e-01 1.39014e-01 |
    143 | 2.72565e+00 1.90601e-02 | 1.25154e-02 1.07780e-01 1.39014e-01 |
    144 | 2.74471e+00 1.90601e-02 | 1.25154e-02 1.07780e-01 1.39014e-01 |
    145 | 2.76377e+00 1.90601e-02 | 1.25153e-02 1.07780e-01 1.39014e-01 |
    146 | 2.78283e+00 1.90601e-02 | 1.25153e-02 1.07780e-01 1.39014e-01 |
    147 | 2.80189e+00 1.90601e-02 | 1.25152e-02 1.07780e-01 1.39014e-01 |
    148 | 2.82095e+00 1.90601e-02 | 1.25151e-02 1.07780e-01 1.39014e-01 |
    149 | 2.84001e+00 1.90601e-02 | 1.25151e-02 1.07779e-01 1.39014e-01 |
    150 | 2.85907e+00 1.90601e-02 | 1.25150e-02 1.07779e-01 1.39014e-01 |
    151 | 2.87813e+00 1.90601e-02 | 1.25150e-02 1.07779e-01 1.39014e-01 |
    152 | 2.89719e+00 1.90602e-02 | 1.25149e-02 1.07779e-01 1.39014e-01 |
    153 | 2.91625e+00 1.90602e-02 | 1.25149e-02 1.07779e-01 1.39014e-01 |
    154 | 2.93531e+00 1.90602e-02 | 1.25148e-02 1.07779e-01 1.39014e-01 |
    155 | 2.95437e+00 1.90603e-02 | 1.25147e-02 1.07779e-01 1.39014e-01 |
    156 | 2.97343e+00 1.90603e-02 | 1.25147e-02 1.07779e-01 1.39015e-01 |
    157 | 2.99249e+00 1.90604e-02 | 1.25146e-02 1.07779e-01 1.39015e-01 |
    158 | 3.01155e+00 1.90604e-02 | 1.25146e-02 1.07779e-01 1.39015e-01 |
    159 | 3.03061e+00 1.90603e-02 | 1.25145e-02 1.07779e-01 1.39015e-01 |
    160 | 3.04967e+00 1.90603e-02 | 1.25145e-02 1.07779e-01 1.39015e-01 |
    161 | 3.06873e+00 1.90602e-02 | 1.25144e-02 1.07779e-01 1.39015e-01 |
    162 | 3.08779e+00 1.90602e-02 | 1.25143e-02 1.07779e-01 1.39015e-01 |
    163 | 3.10685e+00 1.90601e-02 | 1.25143e-02 1.07779e-01 1.39015e-01 |
    164 | 3.12591e+00 1.90601e-02 | 1.25142e-02 1.07779e-01 1.39015e-01 |
    165 | 3.14497e+00 1.90601e-02 | 1.25142e-02 1.07779e-01 1.39015e-01 |
    166 | 3.16403e+00 1.90601e-02 | 1.25141e-02 1.07779e-01 1.39015e-01 |
    167 | 3.18309e+00 1.90601e-02 | 1.25140e-02 1.07778e-01 1.39015e-01 |
    168 | 3.20215e+00 1.90600e-02 | 1.25140e-02 1.07778e-01 1.39015e-01 |
    169 | 3.22121e+00 1.90600e-02 | 1.25139e-02 1.07778e-01 1.39015e-01 |
    170 | 3.24027e+00 1.90600e-02 | 1.25139e-02 1.07778e-01 1.39015e-01 |
    171 | 3.25933e+00 1.90600e-02 | 1.25138e-02 1.07778e-01 1.39015e-01 |
    172 | 3.27839e+00 1.90601e-02 | 1.25137e-02 1.07778e-01 1.39015e-01 |
    173 | 3.29745e+00 1.90601e-02 | 1.25137e-02 1.07778e-01 1.39015e-01 |
    174 | 3.31651e+00 1.90601e-02 | 1.25136e-02 1.07778e-01 1.39015e-01 |
    175 | 3.33557e+00 1.90601e-02 | 1.25135e-02 1.07778e-01 1.39015e-01 |
    176 | 3.35463e+00 1.90602e-02 | 1.25135e-02 1.07778e-01 1.39015e-01 |
    177 | 3.37369e+00 1.90602e-02 | 1.25134e-02 1.07778e-01 1.39015e-01 |
    178 | 3.39275e+00 1.90602e-02 | 1.25134e-02 1.07778e-01 1.39015e-01 |
    179 | 3.41181e+00 1.90603e-02 | 1.25133e-02 1.07778e-01 1.39015e-01 |
    180 | 3.43087e+00 1.90603e-02 | 1.25132e-02 1.07778e-01 1.39015e-01 |
    181 | 3.44993e+00 1.90604e-02 | 1.25132e-02 1.07778e-01 1.39016e-01 |
    182 | 3.46899e+00 1.90605e-02 | 1.25131e-02 1.07778e-01 1.39016e-01 |
    183 | 3.48805e+00 1.90605e-02 | 1.25131e-02 1.07778e-01 1.39016e-01 |
    184 | 3.50711e+00 1.90605e-02 | 1.25130e-02 1.07778e-01 1.39016e-01 |
    185 | 3.52618e+00 1.90605e-02 | 1.25129e-02 1.07778e-01 1.39016e-01 |
    186 | 3.54524e+00 1.90605e-02 | 1.25129e-02 1.07778e-01 1.39016e-01 |
    187 | 3.56430e+00 1.90604e-02 | 1.25128e-02 1.07778e-01 1.39016e-01 |
    188 | 3.58336e+00 1.90604e-02 | 1.25127e-02 1.07778e-01 1.39016e-01 |
    189 | 3.60242e+00 1.90604e-02 | 1.25127e-02 1.07778e-01 1.39016e-01 |
    190 | 3.62148e+00 1.90604e-02 | 1.25126e-02 1.07778e-01 1.39016e-01 |
    191 | 3.64054e+00 1.90605e-02 | 1.25126e-02 1.07777e-01 1.39016e-01 |
    192 | 3.65960e+00 1.90605e-02 | 1.25125e-02 1.07777e-01 1.39016e-01 |
    193 | 3.67866e+00 1.90605e-02 | 1.25124e-02 1.07777e-01 1.39016e-01 |
    194 | 3.69772e+00 1.90605e-02 | 1.25124e-02 1.07777e-01 1.39016e-01 |
    195 | 3.71678e+00 1.90606e-02 | 1.25123e-02 1.07777e-01 1.39016e-01 |
    196 | 3.73584e+00 1.90606e-02 | 1.25122e-02 1.07777e-01 1.39016e-01 |
    197 | 3.75490e+00 1.90606e-02 | 1.25122e-02 1.07777e-01 1.39016e-01 |
    198 | 3.77396e+00 1.90607e-02 | 1.25121e-02 1.07777e-01 1.39016e-01 |
    199 | 3.79302e+00 1.90607e-02 | 1.25121e-02 1.07777e-01 1.39016e-01 |
    200 | 3.81208e+00 1.90608e-02 | 1.25120e-02 1.07777e-01 1.39016e-01 |
    201 | 3.83114e+00 1.90609e-02 | 1.25119e-02 1.07777e-01 1.39016e-01 |
    202 | 3.85021e+00 1.90609e-02 | 1.25119e-02 1.07777e-01 1.39016e-01 |
    203 | 3.86927e+00 1.90609e-02 | 1.25118e-02 1.07777e-01 1.39016e-01 |
    204 | 3.88833e+00 1.90608e-02 | 1.25117e-02 1.07777e-01 1.39016e-01 |
    205 | 3.90739e+00 1.90608e-02 | 1.25117e-02 1.07777e-01 1.39016e-01 |
    206 | 3.92645e+00 1.90607e-02 | 1.25116e-02 1.07777e-01 1.39016e-01 |
    207 | 3.94551e+00 1.90607e-02 | 1.25115e-02 1.07777e-01 1.39016e-01 |
    208 | 3.96457e+00 1.90607e-02 | 1.25115e-02 1.07777e-01 1.39016e-01 |
    209 | 3.98363e+00 1.90607e-02 | 1.25114e-02 1.07777e-01 1.39016e-01 |
    210 | 4.00269e+00 1.90606e-02 | 1.25114e-02 1.07777e-01 1.39016e-01 |
    211 | 4.02175e+00 1.90606e-02 | 1.25113e-02 1.07777e-01 1.39016e-01 |
    212 | 4.04081e+00 1.90605e-02 | 1.25112e-02 1.07777e-01 1.39016e-01 |
    213 | 4.05987e+00 1.90605e-02 | 1.25112e-02 1.07777e-01 1.39016e-01 |
    214 | 4.07893e+00 1.90604e-02 | 1.25111e-02 1.07777e-01 1.39016e-01 |
    215 | 4.09799e+00 1.90604e-02 | 1.25110e-02 1.07777e-01 1.39016e-01 |
    216 | 4.11705e+00 1.90604e-02 | 1.25110e-02 1.07777e-01 1.39016e-01 |
    217 | 4.13611e+00 1.90603e-02 | 1.25109e-02 1.07777e-01 1.39016e-01 |
    218 | 4.15517e+00 1.90603e-02 | 1.25108e-02 1.07777e-01 1.39017e-01 |
    219 | 4.17423e+00 1.90603e-02 | 1.25108e-02 1.07777e-01 1.39017e-01 |
    220 | 4.19330e+00 1.90603e-02 | 1.25107e-02 1.07777e-01 1.39017e-01 |
    221 | 4.21236e+00 1.90603e-02 | 1.25107e-02 1.07777e-01 1.39017e-01 |
    222 | 4.23142e+00 1.90603e-02 | 1.25106e-02 1.07777e-01 1.39017e-01 |
    223 | 4.25048e+00 1.90603e-02 | 1.25105e-02 1.07777e-01 1.39017e-01 |
    224 | 4.26954e+00 1.90603e-02 | 1.25105e-02 1.07777e-01 1.39017e-01 |
    225 | 4.28860e+00 1.90603e-02 | 1.25104e-02 1.07777e-01 1.39017e-01 |
    226 | 4.30766e+00 1.90604e-02 | 1.25103e-02 1.07777e-01 1.39017e-01 |
    227 | 4.32672e+00 1.90604e-02 | 1.25103e-02 1.07777e-01 1.39017e-01 |
    228 | 4.34578e+00 1.90604e-02 | 1.25102e-02 1.07777e-01 1.39017e-01 |
    229 | 4.36484e+00 1.90605e-02 | 1.25101e-02 1.07777e-01 1.39017e-01 |
    230 | 4.38390e+00 1.90605e-02 | 1.25101e-02 1.07777e-01 1.39017e-01 |
    231 | 4.40296e+00 1.90606e-02 | 1.25100e-02 1.07777e-01 1.39017e-01 |
    232 | 4.42202e+00 1.90605e-02 | 1.25100e-02 1.07777e-01 1.39017e-01 |
    233 | 4.44108e+00 1.90604e-02 | 1.25099e-02 1.07777e-01 1.39017e-01 |
    234 | 4.46014e+00 1.90604e-02 | 1.25098e-02 1.07777e-01 1.39017e-01 |
    235 | 4.47920e+00 1.90603e-02 | 1.25098e-02 1.07777e-01 1.39017e-01 |
    236 | 4.49826e+00 1.90603e-02 | 1.25097e-02 1.07777e-01 1.39017e-01 |
    237 | 4.51732e+00 1.90603e-02 | 1.25096e-02 1.07777e-01 1.39017e-01 |
    238 | 4.53638e+00 1.90602e-02 | 1.25096e-02 1.07777e-01 1.39017e-01 |
    239 | 4.55544e+00 1.90602e-02 | 1.25095e-02 1.07777e-01 1.39017e-01 |
    240 | 4.57450e+00 1.90602e-02 | 1.25095e-02 1.07777e-01 1.39017e-01 |
    241 | 4.59356e+00 1.90602e-02 | 1.25094e-02 1.07777e-01 1.39017e-01 |
    242 | 4.61262e+00 1.90601e-02 | 1.25093e-02 1.07777e-01 1.39017e-01 |
    243 | 4.63168e+00 1.90601e-02 | 1.25093e-02 1.07777e-01 1.39017e-01 |
    244 | 4.65074e+00 1.90601e-02 | 1.25092e-02 1.07777e-01 1.39017e-01 |
    245 | 4.66980e+00 1.90601e-02 | 1.25091e-02 1.07777e-01 1.39017e-01 |
    246 | 4.68886e+00 1.90602e-02 | 1.25091e-02 1.07777e-01 1.39017e-01 |
    247 | 4.70792e+00 1.90602e-02 | 1.25090e-02 1.07777e-01 1.39017e-01 |
    248 | 4.72698e+00 1.90602e-02 | 1.25090e-02 1.07777e-01 1.39017e-01 |
    249 | 4.74604e+00 1.90602e-02 | 1.25089e-02 1.07777e-01 1.39017e-01 |
    250 | 4.76510e+00 1.90602e-02 | 1.25088e-02 1.07777e-01 1.39017e-01 |
    251 | 4.78416e+00 1.90603e-02 | 1.25088e-02 1.07777e-01 1.39017e-01 |
    252 | 4.80322e+00 1.90603e-02 | 1.25087e-02 1.07777e-01 1.39017e-01 |
    253 | 4.82228e+00 1.90604e-02 | 1.25087e-02 1.07777e-01 1.39017e-01 |
    254 | 4.84135e+00 1.90603e-02 | 1.25086e-02 1.07777e-01 1.39017e-01 |
    255 | 4.86041e+00 1.90603e-02 | 1.25085e-02 1.07777e-01 1.39017e-01 |
    256 | 4.87947e+00 1.90602e-02 | 1.25085e-02 1.07777e-01 1.39017e-01 |
    257 | 4.89853e+00 1.90602e-02 | 1.25084e-02 1.07777e-01 1.39017e-01 |
    258 | 4.91759e+00 1.90602e-02 | 1.25084e-02 1.07777e-01 1.39017e-01 |
    259 | 4.93665e+00 1.90602e-02 | 1.25083e-02 1.07777e-01 1.39017e-01 |
    260 | 4.95571e+00 1.90601e-02 | 1.25082e-02 1.07777e-01 1.39017e-01 |
    261 | 4.97477e+00 1.90601e-02 | 1.25082e-02 1.07777e-01 1.39017e-01 |
    262 | 4.99383e+00 1.90601e-02 | 1.25081e-02 1.07777e-01 1.39017e-01 |
    263 | 5.01289e+00 1.90601e-02 | 1.25081e-02 1.07777e-01 1.39017e-01 |
    264 | 5.03195e+00 1.90601e-02 | 1.25080e-02 1.07777e-01 1.39017e-01 |
    265 | 5.05101e+00 1.90601e-02 | 1.25079e-02 1.07777e-01 1.39017e-01 |
    266 | 5.07007e+00 1.90602e-02 | 1.25079e-02 1.07777e-01 1.39017e-01 |
    267 | 5.08913e+00 1.90602e-02 | 1.25078e-02 1.07777e-01 1.39017e-01 |
    268 | 5.10819e+00 1.90602e-02 | 1.25078e-02 1.07777e-01 1.39017e-01 |
    269 | 5.12725e+00 1.90602e-02 | 1.25077e-02 1.07777e-01 1.39017e-01 |
    270 | 5.14631e+00 1.90603e-02 | 1.25076e-02 1.07777e-01 1.39017e-01 |
    271 | 5.16537e+00 1.90603e-02 | 1.25076e-02 1.07777e-01 1.39017e-01 |
    272 | 5.18443e+00 1.90604e-02 | 1.25075e-02 1.07777e-01 1.39017e-01 |
    273 | 5.20349e+00 1.90604e-02 | 1.25075e-02 1.07777e-01 1.39017e-01 |
    274 | 5.22255e+00 1.90605e-02 | 1.25074e-02 1.07777e-01 1.39017e-01 |
    275 | 5.24161e+00 1.90605e-02 | 1.25074e-02 1.07777e-01 1.39017e-01 |
    276 | 5.26067e+00 1.90605e-02 | 1.25073e-02 1.07777e-01 1.39017e-01 |
    277 | 5.27973e+00 1.90605e-02 | 1.25072e-02 1.07777e-01 1.39017e-01 |
    278 | 5.29879e+00 1.90604e-02 | 1.25072e-02 1.07777e-01 1.39017e-01 |
    279 | 5.31785e+00 1.90604e-02 | 1.25071e-02 1.07777e-01 1.39017e-01 |
    280 | 5.33691e+00 1.90603e-02 | 1.25071e-02 1.07777e-01 1.39017e-01 |
    281 | 5.35597e+00 1.90603e-02 | 1.25070e-02 1.07777e-01 1.39017e-01 |
    282 | 5.37503e+00 1.90603e-02 | 1.25070e-02 1.07777e-01 1.39017e-01 |
    283 | 5.39409e+00 1.90603e-02 | 1.25069e-02 1.07777e-01 1.39017e-01 |
    284 | 5.41315e+00 1.90603e-02 | 1.25068e-02 1.07777e-01 1.39017e-01 |
    285 | 5.43221e+00 1.90603e-02 | 1.25068e-02 1.07777e-01 1.39017e-01 |
    286 | 5.45127e+00 1.90603e-02 | 1.25067e-02 1.07777e-01 1.39017e-01 |
    287 | 5.47033e+00 1.90603e-02 | 1.25067e-02 1.07777e-01 1.39017e-01 |
    288 | 5.48939e+00 1.90603e-02 | 1.25066e-02 1.07777e-01 1.39017e-01 |
    289 | 5.50845e+00 1.90603e-02 | 1.25066e-02 1.07777e-01 1.39017e-01 |
    290 | 5.52752e+00 1.90603e-02 | 1.25065e-02 1.07777e-01 1.39017e-01 |
    291 | 5.54658e+00 1.90604e-02 | 1.25065e-02 1.07778e-01 1.39017e-01 |
    292 | 5.56564e+00 1.90604e-02 | 1.25064e-02 1.07778e-01 1.39017e-01 |
    293 | 5.58470e+00 1.90604e-02 | 1.25064e-02 1.07778e-01 1.39017e-01 |
    294 | 5.60376e+00 1.90605e-02 | 1.25063e-02 1.07778e-01 1.39017e-01 |
    295 | 5.62282e+00 1.90605e-02 | 1.25062e-02 1.07778e-01 1.39017e-01 |
    296 | 5.64188e+00 1.90606e-02 | 1.25062e-02 1.07778e-01 1.39017e-01 |
    297 | 5.66094e+00 1.90606e-02 | 1.25061e-02 1.07778e-01 1.39017e-01 |
    298 | 5.68000e+00 1.90607e-02 | 1.25061e-02 1.07778e-01 1.39017e-01 |
    299 | 5.69906e+00 1.90607e-02 | 1.25060e-02 1.07778e-01 1.39017e-01 |
    300 | 5.71812e+00 1.90608e-02 | 1.25060e-02 1.07778e-01 1.39017e-01 |
    301 | 5.73718e+00 1.90608e-02 | 1.25059e-02 1.07778e-01 1.39017e-01 |
    302 | 5.75624e+00 1.90608e-02 | 1.25059e-02 1.07778e-01 1.39017e-01 |
    303 | 5.77530e+00 1.90608e-02 | 1.25058e-02 1.07778e-01 1.39017e-01 |
    304 | 5.79436e+00 1.90609e-02 | 1.25058e-02 1.07778e-01 1.39017e-01 |
    305 | 5.81342e+00 1.90609e-02 | 1.25057e-02 1.07778e-01 1.39017e-01 |
    306 | 5.83249e+00 1.90608e-02 | 1.25057e-02 1.07778e-01 1.39017e-01 |
    307 | 5.85155e+00 1.90608e-02 | 1.25056e-02 1.07778e-01 1.39017e-01 |
    308 | 5.87061e+00 1.90607e-02 | 1.25056e-02 1.07778e-01 1.39017e-01 |
    309 | 5.88967e+00 1.90606e-02 | 1.25055e-02 1.07778e-01 1.39017e-01 |
    310 | 5.90873e+00 1.90606e-02 | 1.25055e-02 1.07778e-01 1.39017e-01 |
    311 | 5.92779e+00 1.90606e-02 | 1.25054e-02 1.07778e-01 1.39017e-01 |
    312 | 5.94685e+00 1.90605e-02 | 1.25054e-02 1.07778e-01 1.39017e-01 |
    313 | 5.96591e+00 1.90605e-02 | 1.25053e-02 1.07778e-01 1.39017e-01 |
    314 | 5.98497e+00 1.90605e-02 | 1.25053e-02 1.07778e-01 1.39017e-01 |
    315 | 6.00403e+00 1.90605e-02 | 1.25052e-02 1.07778e-01 1.39017e-01 |
    316 | 6.02309e+00 1.90604e-02 | 1.25052e-02 1.07778e-01 1.39016e-01 |
    317 | 6.04215e+00 1.90604e-02 | 1.25051e-02 1.07778e-01 1.39016e-01 |
    318 | 6.06121e+00 1.90604e-02 | 1.25051e-02 1.07779e-01 1.39016e-01 |
    319 | 6.08027e+00 1.90604e-02 | 1.25051e-02 1.07779e-01 1.39016e-01 |
    320 | 6.09933e+00 1.90604e-02 | 1.25050e-02 1.07779e-01 1.39016e-01 |
    321 | 6.11839e+00 1.90605e-02 | 1.25050e-02 1.07779e-01 1.39016e-01 |
    322 | 6.13745e+00 1.90605e-02 | 1.25049e-02 1.07779e-01 1.39016e-01 |
    323 | 6.15651e+00 1.90605e-02 | 1.25049e-02 1.07779e-01 1.39016e-01 |
    324 | 6.17557e+00 1.90605e-02 | 1.25048e-02 1.07779e-01 1.39016e-01 |
    325 | 6.19464e+00 1.90604e-02 | 1.25048e-02 1.07779e-01 1.39016e-01 |
    326 | 6.21370e+00 1.90603e-02 | 1.25047e-02 1.07779e-01 1.39016e-01 |
    327 | 6.23276e+00 1.90603e-02 | 1.25047e-02 1.07779e-01 1.39016e-01 |
    328 | 6.25182e+00 1.90602e-02 | 1.25046e-02 1.07779e-01 1.39016e-01 |
    329 | 6.27088e+00 1.90602e-02 | 1.25046e-02 1.07779e-01 1.39016e-01 |
    330 | 6.28994e+00 1.90601e-02 | 1.25046e-02 1.07779e-01 1.39016e-01 |
    331 | 6.30900e+00 1.90601e-02 | 1.25045e-02 1.07779e-01 1.39016e-01 |
    332 | 6.32806e+00 1.90601e-02 | 1.25045e-02 1.07779e-01 1.39016e-01 |
    333 | 6.34712e+00 1.90601e-02 | 1.25044e-02 1.07779e-01 1.39016e-01 |
    334 | 6.36618e+00 1.90600e-02 | 1.25044e-02 1.07779e-01 1.39016e-01 |
    335 | 6.38524e+00 1.90600e-02 | 1.25044e-02 1.07779e-01 1.39016e-01 |
    336 | 6.40430e+00 1.90600e-02 | 1.25043e-02 1.07779e-01 1.39016e-01 |
    337 | 6.42336e+00 1.90600e-02 | 1.25043e-02 1.07779e-01 1.39016e-01 |
    338 | 6.44242e+00 1.90600e-02 | 1.25042e-02 1.07779e-01 1.39016e-01 |
    339 | 6.46148e+00 1.90600e-02 | 1.25042e-02 1.07780e-01 1.39016e-01 |
    340 | 6.48054e+00 1.90600e-02 | 1.25041e-02 1.07780e-01 1.39016e-01 |
    341 | 6.49960e+00 1.90601e-02 | 1.25041e-02 1.07780e-01 1.39016e-01 |
    342 | 6.51866e+00 1.90601e-02 | 1.25041e-02 1.07780e-01 1.39016e-01 |
    343 | 6.53772e+00 1.90601e-02 | 1.25040e-02 1.07780e-01 1.39016e-01 |
    344 | 6.55678e+00 1.90601e-02 | 1.25040e-02 1.07780e-01 1.39016e-01 |
    345 | 6.57584e+00 1.90602e-02 | 1.25040e-02 1.07780e-01 1.39016e-01 |
    346 | 6.59490e+00 1.90602e-02 | 1.25039e-02 1.07780e-01 1.39016e-01 |
    347 | 6.61396e+00 1.90603e-02 | 1.25039e-02 1.07780e-01 1.39016e-01 |
    348 | 6.63302e+00 1.90603e-02 | 1.25038e-02 1.07780e-01 1.39016e-01 |
    349 | 6.65208e+00 1.90604e-02 | 1.25038e-02 1.07780e-01 1.39016e-01 |
    350 | 6.67114e+00 1.90603e-02 | 1.25038e-02 1.07780e-01 1.39016e-01 |
    351 | 6.69020e+00 1.90603e-02 | 1.25037e-02 1.07780e-01 1.39016e-01 |
    352 | 6.70926e+00 1.90602e-02 | 1.25037e-02 1.07780e-01 1.39016e-01 |
    353 | 6.72832e+00 1.90602e-02 | 1.25037e-02 1.07780e-01 1.39016e-01 |
    354 | 6.74738e+00 1.90601e-02 | 1.25036e-02 1.07780e-01 1.39016e-01 |
    355 | 6.76644e+00 1.90601e-02 | 1.25036e-02 1.07780e-01 1.39016e-01 |
    356 | 6.78550e+00 1.90601e-02 | 1.25036e-02 1.07780e-01 1.39016e-01 |
    357 | 6.80456e+00 1.90601e-02 | 1.25035e-02 1.07781e-01 1.39016e-01 |
    358 | 6.82362e+00 1.90601e-02 | 1.25035e-02 1.07781e-01 1.39016e-01 |
    359 | 6.84268e+00 1.90601e-02 | 1.25035e-02 1.07781e-01 1.39016e-01 |
    360 | 6.86174e+00 1.90601e-02 | 1.25034e-02 1.07781e-01 1.39015e-01 |
    361 | 6.88080e+00 1.90601e-02 | 1.25034e-02 1.07781e-01 1.39015e-01 |
    362 | 6.89986e+00 1.90601e-02 | 1.25034e-02 1.07781e-01 1.39015e-01 |
    363 | 6.91892e+00 1.90601e-02 | 1.25033e-02 1.07781e-01 1.39015e-01 |
    364 | 6.93798e+00 1.90601e-02 | 1.25033e-02 1.07781e-01 1.39015e-01 |
    365 | 6.95704e+00 1.90601e-02 | 1.25033e-02 1.07781e-01 1.39015e-01 |
    366 | 6.97610e+00 1.90602e-02 | 1.25032e-02 1.07781e-01 1.39015e-01 |
    367 | 6.99516e+00 1.90602e-02 | 1.25032e-02 1.07781e-01 1.39015e-01 |
    368 | 7.01422e+00 1.90602e-02 | 1.25032e-02 1.07781e-01 1.39015e-01 |
    369 | 7.03328e+00 1.90603e-02 | 1.25031e-02 1.07781e-01 1.39015e-01 |
    370 | 7.05234e+00 1.90603e-02 | 1.25031e-02 1.07781e-01 1.39015e-01 |
    371 | 7.07140e+00 1.90604e-02 | 1.25031e-02 1.07781e-01 1.39015e-01 |
    372 | 7.09046e+00 1.90605e-02 | 1.25031e-02 1.07781e-01 1.39015e-01 |
    373 | 7.10952e+00 1.90605e-02 | 1.25030e-02 1.07781e-01 1.39015e-01 |
    374 | 7.12858e+00 1.90606e-02 | 1.25030e-02 1.07782e-01 1.39015e-01 |
    375 | 7.14764e+00 1.90607e-02 | 1.25030e-02 1.07782e-01 1.39015e-01 |
    376 | 7.16671e+00 1.90608e-02 | 1.25029e-02 1.07782e-01 1.39015e-01 |
    377 | 7.18577e+00 1.90608e-02 | 1.25029e-02 1.07782e-01 1.39015e-01 |
    378 | 7.20483e+00 1.90607e-02 | 1.25029e-02 1.07782e-01 1.39015e-01 |
    379 | 7.22389e+00 1.90607e-02 | 1.25029e-02 1.07782e-01 1.39015e-01 |
    380 | 7.24295e+00 1.90608e-02 | 1.25028e-02 1.07782e-01 1.39015e-01 |
    381 | 7.26201e+00 1.90608e-02 | 1.25028e-02 1.07782e-01 1.39015e-01 |
    382 | 7.28107e+00 1.90608e-02 | 1.25028e-02 1.07782e-01 1.39015e-01 |
    383 | 7.30013e+00 1.90608e-02 | 1.25028e-02 1.07782e-01 1.39015e-01 |
    384 | 7.31919e+00 1.90608e-02 | 1.25027e-02 1.07782e-01 1.39015e-01 |
    385 | 7.33825e+00 1.90609e-02 | 1.25027e-02 1.07782e-01 1.39015e-01 |
    386 | 7.35731e+00 1.90609e-02 | 1.25027e-02 1.07782e-01 1.39015e-01 |
    387 | 7.37637e+00 1.90609e-02 | 1.25027e-02 1.07782e-01 1.39015e-01 |
    388 | 7.39544e+00 1.90610e-02 | 1.25026e-02 1.07782e-01 1.39015e-01 |
    389 | 7.41450e+00 1.90610e-02 | 1.25026e-02 1.07782e-01 1.39015e-01 |
    390 | 7.43356e+00 1.90609e-02 | 1.25026e-02 1.07783e-01 1.39015e-01 |
    391 | 7.45262e+00 1.90609e-02 | 1.25026e-02 1.07783e-01 1.39015e-01 |
    392 | 7.47168e+00 1.90609e-02 | 1.25026e-02 1.07783e-01 1.39015e-01 |
    393 | 7.49074e+00 1.90609e-02 | 1.25025e-02 1.07783e-01 1.39014e-01 |
    394 | 7.50980e+00 1.90609e-02 | 1.25025e-02 1.07783e-01 1.39014e-01 |
    395 | 7.52886e+00 1.90608e-02 | 1.25025e-02 1.07783e-01 1.39014e-01 |
    396 | 7.54792e+00 1.90607e-02 | 1.25025e-02 1.07783e-01 1.39014e-01 |
    397 | 7.56698e+00 1.90606e-02 | 1.25025e-02 1.07783e-01 1.39014e-01 |
    398 | 7.58604e+00 1.90606e-02 | 1.25024e-02 1.07783e-01 1.39014e-01 |
    399 | 7.60510e+00 1.90605e-02 | 1.25024e-02 1.07783e-01 1.39014e-01 |
    400 | 7.62416e+00 1.90604e-02 | 1.25024e-02 1.07783e-01 1.39014e-01 |
    401 | 7.64322e+00 1.90604e-02 | 1.25024e-02 1.07783e-01 1.39014e-01 |
    402 | 7.66229e+00 1.90603e-02 | 1.25024e-02 1.07783e-01 1.39014e-01 |
    403 | 7.68135e+00 1.90603e-02 | 1.25023e-02 1.07783e-01 1.39014e-01 |
    404 | 7.70041e+00 1.90602e-02 | 1.25023e-02 1.07783e-01 1.39014e-01 |
    405 | 7.71947e+00 1.90602e-02 | 1.25023e-02 1.07784e-01 1.39014e-01 |
    406 | 7.73853e+00 1.90602e-02 | 1.25023e-02 1.07784e-01 1.39014e-01 |
    407 | 7.75759e+00 1.90602e-02 | 1.25023e-02 1.07784e-01 1.39014e-01 |
    408 | 7.77665e+00 1.90601e-02 | 1.25023e-02 1.07784e-01 1.39014e-01 |
    409 | 7.79571e+00 1.90601e-02 | 1.25023e-02 1.07784e-01 1.39014e-01 |
    410 | 7.81477e+00 1.90601e-02 | 1.25022e-02 1.07784e-01 1.39014e-01 |
    411 | 7.83383e+00 1.90601e-02 | 1.25022e-02 1.07784e-01 1.39014e-01 |
    412 | 7.85289e+00 1.90601e-02 | 1.25022e-02 1.07784e-01 1.39014e-01 |
    413 | 7.87195e+00 1.90601e-02 | 1.25022e-02 1.07784e-01 1.39014e-01 |
    414 | 7.89101e+00 1.90601e-02 | 1.25022e-02 1.07784e-01 1.39014e-01 |
    415 | 7.91007e+00 1.90601e-02 | 1.25022e-02 1.07784e-01 1.39014e-01 |
    416 | 7.92913e+00 1.90602e-02 | 1.25022e-02 1.07784e-01 1.39014e-01 |
    417 | 7.94819e+00 1.90602e-02 | 1.25021e-02 1.07784e-01 1.39014e-01 |
    418 | 7.96725e+00 1.90602e-02 | 1.25021e-02 1.07784e-01 1.39014e-01 |
    419 | 7.98631e+00 1.90603e-02 | 1.25021e-02 1.07784e-01 1.39014e-01 |
    420 | 8.00537e+00 1.90603e-02 | 1.25021e-02 1.07784e-01 1.39014e-01 |
    421 | 8.02443e+00 1.90604e-02 | 1.25021e-02 1.07785e-01 1.39014e-01 |
    422 | 8.04349e+00 1.90604e-02 | 1.25021e-02 1.07785e-01 1.39013e-01 |
    423 | 8.06255e+00 1.90603e-02 | 1.25021e-02 1.07785e-01 1.39013e-01 |
    424 | 8.08161e+00 1.90603e-02 | 1.25021e-02 1.07785e-01 1.39013e-01 |
    425 | 8.10067e+00 1.90602e-02 | 1.25021e-02 1.07785e-01 1.39013e-01 |
    426 | 8.11973e+00 1.90602e-02 | 1.25021e-02 1.07785e-01 1.39013e-01 |
    427 | 8.13879e+00 1.90602e-02 | 1.25020e-02 1.07785e-01 1.39013e-01 |
    428 | 8.15785e+00 1.90601e-02 | 1.25020e-02 1.07785e-01 1.39013e-01 |
    429 | 8.17691e+00 1.90601e-02 | 1.25020e-02 1.07785e-01 1.39013e-01 |
    430 | 8.19597e+00 1.90601e-02 | 1.25020e-02 1.07785e-01 1.39013e-01 |
    431 | 8.21503e+00 1.90601e-02 | 1.25020e-02 1.07785e-01 1.39013e-01 |
    432 | 8.23409e+00 1.90600e-02 | 1.25020e-02 1.07785e-01 1.39013e-01 |
    433 | 8.25315e+00 1.90600e-02 | 1.25020e-02 1.07785e-01 1.39013e-01 |
    434 | 8.27221e+00 1.90600e-02 | 1.25020e-02 1.07785e-01 1.39013e-01 |
    435 | 8.29127e+00 1.90600e-02 | 1.25020e-02 1.07785e-01 1.39013e-01 |
    436 | 8.31033e+00 1.90600e-02 | 1.25020e-02 1.07786e-01 1.39013e-01 |
    437 | 8.32939e+00 1.90601e-02 | 1.25020e-02 1.07786e-01 1.39013e-01 |
    438 | 8.34845e+00 1.90601e-02 | 1.25020e-02 1.07786e-01 1.39013e-01 |
    439 | 8.36751e+00 1.90601e-02 | 1.25020e-02 1.07786e-01 1.39013e-01 |
    440 | 8.38657e+00 1.90601e-02 | 1.25020e-02 1.07786e-01 1.39013e-01 |
    441 | 8.40563e+00 1.90602e-02 | 1.25020e-02 1.07786e-01 1.39013e-01 |
    442 | 8.42469e+00 1.90602e-02 | 1.25020e-02 1.07786e-01 1.39013e-01 |
    443 | 8.44375e+00 1.90602e-02 | 1.25020e-02 1.07786e-01 1.39013e-01 |
    444 | 8.46281e+00 1.90603e-02 | 1.25020e-02 1.07786e-01 1.39013e-01 |
    445 | 8.48187e+00 1.90604e-02 | 1.25019e-02 1.07786e-01 1.39013e-01 |
    446 | 8.50093e+00 1.90604e-02 | 1.25019e-02 1.07786e-01 1.39013e-01 |
    447 | 8.51999e+00 1.90604e-02 | 1.25019e-02 1.07786e-01 1.39013e-01 |
    448 | 8.53905e+00 1.90604e-02 | 1.25019e-02 1.07786e-01 1.39013e-01 |
    449 | 8.55811e+00 1.90604e-02 | 1.25019e-02 1.07786e-01 1.39013e-01 |
    450 | 8.57717e+00 1.90603e-02 | 1.25019e-02 1.07786e-01 1.39013e-01 |
    451 | 8.59623e+00 1.90603e-02 | 1.25019e-02 1.07787e-01 1.39012e-01 |
    452 | 8.61530e+00 1.90603e-02 | 1.25019e-02 1.07787e-01 1.39012e-01 |
    453 | 8.63436e+00 1.90603e-02 | 1.25019e-02 1.07787e-01 1.39012e-01 |
    454 | 8.65342e+00 1.90603e-02 | 1.25019e-02 1.07787e-01 1.39012e-01 |
    455 | 8.67248e+00 1.90603e-02 | 1.25019e-02 1.07787e-01 1.39012e-01 |
    456 | 8.69154e+00 1.90603e-02 | 1.25019e-02 1.07787e-01 1.39012e-01 |
    457 | 8.71060e+00 1.90604e-02 | 1.25019e-02 1.07787e-01 1.39012e-01 |
    458 | 8.72966e+00 1.90604e-02 | 1.25019e-02 1.07787e-01 1.39012e-01 |
    459 | 8.74872e+00 1.90604e-02 | 1.25019e-02 1.07787e-01 1.39012e-01 |
    460 | 8.76778e+00 1.90605e-02 | 1.25020e-02 1.07787e-01 1.39012e-01 |
    461 | 8.78684e+00 1.90605e-02 | 1.25020e-02 1.07787e-01 1.39012e-01 |
    462 | 8.80590e+00 1.90605e-02 | 1.25020e-02 1.07787e-01 1.39012e-01 |
    463 | 8.82496e+00 1.90606e-02 | 1.25020e-02 1.07787e-01 1.39012e-01 |
    464 | 8.84402e+00 1.90606e-02 | 1.25020e-02 1.07787e-01 1.39012e-01 |
    465 | 8.86308e+00 1.90607e-02 | 1.25020e-02 1.07787e-01 1.39012e-01 |
    466 | 8.88214e+00 1.90608e-02 | 1.25020e-02 1.07788e-01 1.39012e-01 |
    467 | 8.90120e+00 1.90607e-02 | 1.25020e-02 1.07788e-01 1.39012e-01 |
    468 | 8.92026e+00 1.90607e-02 | 1.25020e-02 1.07788e-01 1.39012e-01 |
    469 | 8.93932e+00 1.90607e-02 | 1.25020e-02 1.07788e-01 1.39012e-01 |
    470 | 8.95838e+00 1.90606e-02 | 1.25020e-02 1.07788e-01 1.39012e-01 |
    471 | 8.97745e+00 1.90606e-02 | 1.25020e-02 1.07788e-01 1.39012e-01 |
    472 | 8.99651e+00 1.90606e-02 | 1.25020e-02 1.07788e-01 1.39012e-01 |
    473 | 9.01557e+00 1.90606e-02 | 1.25020e-02 1.07788e-01 1.39012e-01 |
    474 | 9.03463e+00 1.90605e-02 | 1.25020e-02 1.07788e-01 1.39012e-01 |
    475 | 9.05369e+00 1.90605e-02 | 1.25020e-02 1.07788e-01 1.39012e-01 |
    476 | 9.07275e+00 1.90605e-02 | 1.25020e-02 1.07788e-01 1.39012e-01 |
    477 | 9.09181e+00 1.90605e-02 | 1.25020e-02 1.07788e-01 1.39012e-01 |
    478 | 9.11087e+00 1.90605e-02 | 1.25020e-02 1.07788e-01 1.39012e-01 |
    479 | 9.12993e+00 1.90605e-02 | 1.25021e-02 1.07788e-01 1.39012e-01 |
    480 | 9.14899e+00 1.90605e-02 | 1.25021e-02 1.07788e-01 1.39012e-01 |
    481 | 9.16805e+00 1.90604e-02 | 1.25021e-02 1.07788e-01 1.39011e-01 |
    482 | 9.18711e+00 1.90604e-02 | 1.25021e-02 1.07789e-01 1.39011e-01 |
    483 | 9.20617e+00 1.90604e-02 | 1.25021e-02 1.07789e-01 1.39011e-01 |
    484 | 9.22523e+00 1.90604e-02 | 1.25021e-02 1.07789e-01 1.39011e-01 |
    485 | 9.24429e+00 1.90604e-02 | 1.25021e-02 1.07789e-01 1.39011e-01 |
    486 | 9.26335e+00 1.90604e-02 | 1.25021e-02 1.07789e-01 1.39011e-01 |
    487 | 9.28241e+00 1.90604e-02 | 1.25021e-02 1.07789e-01 1.39011e-01 |
    488 | 9.30147e+00 1.90604e-02 | 1.25021e-02 1.07789e-01 1.39011e-01 |
    489 | 9.32053e+00 1.90604e-02 | 1.25021e-02 1.07789e-01 1.39011e-01 |
    490 | 9.33959e+00 1.90604e-02 | 1.25022e-02 1.07789e-01 1.39011e-01 |
    491 | 9.35865e+00 1.90605e-02 | 1.25022e-02 1.07789e-01 1.39011e-01 |
    492 | 9.37771e+00 1.90605e-02 | 1.25022e-02 1.07789e-01 1.39011e-01 |
    493 | 9.39678e+00 1.90605e-02 | 1.25022e-02 1.07789e-01 1.39011e-01 |
    494 | 9.41584e+00 1.90606e-02 | 1.25022e-02 1.07789e-01 1.39011e-01 |
    495 | 9.43490e+00 1.90606e-02 | 1.25022e-02 1.07789e-01 1.39011e-01 |
    496 | 9.45396e+00 1.90606e-02 | 1.25022e-02 1.07789e-01 1.39011e-01 |
    497 | 9.47302e+00 1.90605e-02 | 1.25022e-02 1.07789e-01 1.39011e-01 |
    498 | 9.49208e+00 1.90605e-02 | 1.25023e-02 1.07789e-01 1.39011e-01 |
    499 | 9.51114e+00 1.90604e-02 | 1.25023e-02 1.07790e-01 1.39011e-01 |
    500 | 9.53020e+00 1.90604e-02 | 1.25023e-02 1.07790e-01 1.39011e-01 |
    501 | 9.54926e+00 1.90603e-02 | 1.25023e-02 1.07790e-01 1.39011e-01 |
    502 | 9.56832e+00 1.90603e-02 | 1.25023e-02 1.07790e-01 1.39011e-01 |
    503 | 9.58738e+00 1.90603e-02 | 1.25023e-02 1.07790e-01 1.39011e-01 |
    504 | 9.60644e+00 1.90602e-02 | 1.25023e-02 1.07790e-01 1.39011e-01 |
    505 | 9.62550e+00 1.90602e-02 | 1.25024e-02 1.07790e-01 1.39011e-01 |
    506 | 9.64456e+00 1.90602e-02 | 1.25024e-02 1.07790e-01 1.39011e-01 |
    507 | 9.66362e+00 1.90602e-02 | 1.25024e-02 1.07790e-01 1.39011e-01 |
    508 | 9.68268e+00 1.90602e-02 | 1.25024e-02 1.07790e-01 1.39011e-01 |
    509 | 9.70174e+00 1.90602e-02 | 1.25024e-02 1.07790e-01 1.39011e-01 |
    510 | 9.72080e+00 1.90602e-02 | 1.25024e-02 1.07790e-01 1.39011e-01 |
    511 | 9.73986e+00 1.90602e-02 | 1.25024e-02 1.07790e-01 1.39011e-01 |
    512 | 9.75892e+00 1.90602e-02 | 1.25025e-02 1.07790e-01 1.39011e-01 |
    513 | 9.77798e+00 1.90603e-02 | 1.25025e-02 1.07790e-01 1.39010e-01 |
    514 | 9.79704e+00 1.90603e-02 | 1.25025e-02 1.07790e-01 1.39010e-01 |
    515 | 9.81610e+00 1.90603e-02 | 1.25025e-02 1.07790e-01 1.39010e-01 |
    516 | 9.83516e+00 1.90604e-02 | 1.25025e-02 1.07790e-01 1.39010e-01 |
    517 | 9.85422e+00 1.90604e-02 | 1.25025e-02 1.07791e-01 1.39010e-01 |
    518 | 9.87328e+00 1.90603e-02 | 1.25026e-02 1.07791e-01 1.39010e-01 |
    519 | 9.89234e+00 1.90603e-02 | 1.25026e-02 1.07791e-01 1.39010e-01 |
    520 | 9.91140e+00 1.90602e-02 | 1.25026e-02 1.07791e-01 1.39010e-01 |
    521 | 9.93046e+00 1.90602e-02 | 1.25026e-02 1.07791e-01 1.39010e-01 |
    522 | 9.94952e+00 1.90601e-02 | 1.25026e-02 1.07791e-01 1.39010e-01 |
    523 | 9.96858e+00 1.90601e-02 | 1.25027e-02 1.07791e-01 1.39010e-01 |
    524 | 9.98764e+00 1.90601e-02 | 1.25027e-02 1.07791e-01 1.39010e-01 |
    525 | 1.00067e+01 1.90601e-02 | 1.25027e-02 1.07791e-01 1.39010e-01 |
    526 | 1.00258e+01 1.90601e-02 | 1.25027e-02 1.07791e-01 1.39010e-01 |
    527 | 1.00448e+01 1.90601e-02 | 1.25027e-02 1.07791e-01 1.39010e-01 |
    528 | 1.00639e+01 1.90601e-02 | 1.25027e-02 1.07791e-01 1.39010e-01 |
    529 | 1.00829e+01 1.90601e-02 | 1.25028e-02 1.07791e-01 1.39010e-01 |
    530 | 1.01020e+01 1.90601e-02 | 1.25028e-02 1.07791e-01 1.39010e-01 |
    531 | 1.01211e+01 1.90601e-02 | 1.25028e-02 1.07791e-01 1.39010e-01 |
    532 | 1.01401e+01 1.90601e-02 | 1.25028e-02 1.07791e-01 1.39010e-01 |
    533 | 1.01592e+01 1.90602e-02 | 1.25028e-02 1.07791e-01 1.39010e-01 |
    534 | 1.01782e+01 1.90602e-02 | 1.25029e-02 1.07791e-01 1.39010e-01 |
    535 | 1.01973e+01 1.90602e-02 | 1.25029e-02 1.07791e-01 1.39010e-01 |
    536 | 1.02164e+01 1.90603e-02 | 1.25029e-02 1.07792e-01 1.39010e-01 |
    537 | 1.02354e+01 1.90603e-02 | 1.25029e-02 1.07792e-01 1.39010e-01 |
    538 | 1.02545e+01 1.90604e-02 | 1.25030e-02 1.07792e-01 1.39010e-01 |
    539 | 1.02735e+01 1.90604e-02 | 1.25030e-02 1.07792e-01 1.39010e-01 |
    540 | 1.02926e+01 1.90605e-02 | 1.25030e-02 1.07792e-01 1.39010e-01 |
    541 | 1.03117e+01 1.90604e-02 | 1.25030e-02 1.07792e-01 1.39010e-01 |
    542 | 1.03307e+01 1.90604e-02 | 1.25030e-02 1.07792e-01 1.39010e-01 |
    543 | 1.03498e+01 1.90603e-02 | 1.25031e-02 1.07792e-01 1.39010e-01 |
    544 | 1.03688e+01 1.90603e-02 | 1.25031e-02 1.07792e-01 1.39010e-01 |
    545 | 1.03879e+01 1.90603e-02 | 1.25031e-02 1.07792e-01 1.39010e-01 |
    546 | 1.04070e+01 1.90602e-02 | 1.25031e-02 1.07792e-01 1.39010e-01 |
    547 | 1.04260e+01 1.90602e-02 | 1.25031e-02 1.07792e-01 1.39010e-01 |
    548 | 1.04451e+01 1.90602e-02 | 1.25032e-02 1.07792e-01 1.39010e-01 |
    549 | 1.04642e+01 1.90602e-02 | 1.25032e-02 1.07792e-01 1.39010e-01 |
    550 | 1.04832e+01 1.90602e-02 | 1.25032e-02 1.07792e-01 1.39010e-01 |
    551 | 1.05023e+01 1.90602e-02 | 1.25032e-02 1.07792e-01 1.39010e-01 |
    552 | 1.05213e+01 1.90602e-02 | 1.25033e-02 1.07792e-01 1.39009e-01 |
    553 | 1.05404e+01 1.90602e-02 | 1.25033e-02 1.07792e-01 1.39009e-01 |
    554 | 1.05595e+01 1.90602e-02 | 1.25033e-02 1.07792e-01 1.39009e-01 |
    555 | 1.05785e+01 1.90603e-02 | 1.25033e-02 1.07792e-01 1.39009e-01 |
    556 | 1.05976e+01 1.90603e-02 | 1.25034e-02 1.07792e-01 1.39009e-01 |
    557 | 1.06166e+01 1.90603e-02 | 1.25034e-02 1.07792e-01 1.39009e-01 |
    558 | 1.06357e+01 1.90604e-02 | 1.25034e-02 1.07792e-01 1.39009e-01 |
    559 | 1.06548e+01 1.90604e-02 | 1.25034e-02 1.07793e-01 1.39009e-01 |
    560 | 1.06738e+01 1.90605e-02 | 1.25034e-02 1.07793e-01 1.39009e-01 |
    561 | 1.06929e+01 1.90605e-02 | 1.25035e-02 1.07793e-01 1.39009e-01 |
    562 | 1.07119e+01 1.90606e-02 | 1.25035e-02 1.07793e-01 1.39009e-01 |
    563 | 1.07310e+01 1.90606e-02 | 1.25035e-02 1.07793e-01 1.39009e-01 |
    564 | 1.07501e+01 1.90607e-02 | 1.25035e-02 1.07793e-01 1.39009e-01 |
    565 | 1.07691e+01 1.90608e-02 | 1.25036e-02 1.07793e-01 1.39009e-01 |
    566 | 1.07882e+01 1.90609e-02 | 1.25036e-02 1.07793e-01 1.39009e-01 |
    567 | 1.08072e+01 1.90610e-02 | 1.25036e-02 1.07793e-01 1.39009e-01 |
    568 | 1.08263e+01 1.90610e-02 | 1.25036e-02 1.07793e-01 1.39009e-01 |
    569 | 1.08454e+01 1.90610e-02 | 1.25037e-02 1.07793e-01 1.39009e-01 |
    570 | 1.08644e+01 1.90610e-02 | 1.25037e-02 1.07793e-01 1.39009e-01 |
    571 | 1.08835e+01 1.90609e-02 | 1.25037e-02 1.07793e-01 1.39009e-01 |
    572 | 1.09025e+01 1.90608e-02 | 1.25037e-02 1.07793e-01 1.39009e-01 |
    573 | 1.09216e+01 1.90608e-02 | 1.25038e-02 1.07793e-01 1.39009e-01 |
    574 | 1.09407e+01 1.90607e-02 | 1.25038e-02 1.07793e-01 1.39009e-01 |
    575 | 1.09597e+01 1.90607e-02 | 1.25038e-02 1.07793e-01 1.39009e-01 |
    576 | 1.09788e+01 1.90607e-02 | 1.25038e-02 1.07793e-01 1.39009e-01 |
    577 | 1.09978e+01 1.90606e-02 | 1.25039e-02 1.07793e-01 1.39009e-01 |
    578 | 1.10169e+01 1.90606e-02 | 1.25039e-02 1.07793e-01 1.39009e-01 |
    579 | 1.10360e+01 1.90606e-02 | 1.25039e-02 1.07793e-01 1.39009e-01 |
    580 | 1.10550e+01 1.90606e-02 | 1.25039e-02 1.07793e-01 1.39009e-01 |
    581 | 1.10741e+01 1.90606e-02 | 1.25040e-02 1.07793e-01 1.39009e-01 |
    582 | 1.10931e+01 1.90605e-02 | 1.25040e-02 1.07793e-01 1.39009e-01 |
    583 | 1.11122e+01 1.90605e-02 | 1.25040e-02 1.07793e-01 1.39009e-01 |
    584 | 1.11313e+01 1.90605e-02 | 1.25040e-02 1.07793e-01 1.39009e-01 |
    585 | 1.11503e+01 1.90606e-02 | 1.25041e-02 1.07793e-01 1.39009e-01 |
    586 | 1.11694e+01 1.90606e-02 | 1.25041e-02 1.07793e-01 1.39009e-01 |
    587 | 1.11885e+01 1.90606e-02 | 1.25041e-02 1.07794e-01 1.39009e-01 |
    588 | 1.12075e+01 1.90605e-02 | 1.25041e-02 1.07794e-01 1.39009e-01 |
    589 | 1.12266e+01 1.90604e-02 | 1.25042e-02 1.07794e-01 1.39009e-01 |
    590 | 1.12456e+01 1.90604e-02 | 1.25042e-02 1.07794e-01 1.39009e-01 |
    591 | 1.12647e+01 1.90603e-02 | 1.25042e-02 1.07794e-01 1.39009e-01 |
    592 | 1.12838e+01 1.90603e-02 | 1.25043e-02 1.07794e-01 1.39009e-01 |
    593 | 1.13028e+01 1.90602e-02 | 1.25043e-02 1.07794e-01 1.39009e-01 |
    594 | 1.13219e+01 1.90602e-02 | 1.25043e-02 1.07794e-01 1.39009e-01 |
    595 | 1.13409e+01 1.90601e-02 | 1.25043e-02 1.07794e-01 1.39009e-01 |
    596 | 1.13600e+01 1.90601e-02 | 1.25044e-02 1.07794e-01 1.39009e-01 |
    597 | 1.13791e+01 1.90601e-02 | 1.25044e-02 1.07794e-01 1.39009e-01 |
    598 | 1.13981e+01 1.90601e-02 | 1.25044e-02 1.07794e-01 1.39009e-01 |
    599 | 1.14172e+01 1.90600e-02 | 1.25044e-02 1.07794e-01 1.39009e-01 |
    600 | 1.14362e+01 1.90600e-02 | 1.25045e-02 1.07794e-01 1.39009e-01 |
    601 | 1.14553e+01 1.90600e-02 | 1.25045e-02 1.07794e-01 1.39009e-01 |
    602 | 1.14744e+01 1.90600e-02 | 1.25045e-02 1.07794e-01 1.39009e-01 |
    603 | 1.14934e+01 1.90600e-02 | 1.25045e-02 1.07794e-01 1.39009e-01 |
    604 | 1.15125e+01 1.90600e-02 | 1.25046e-02 1.07794e-01 1.39009e-01 |
    605 | 1.15315e+01 1.90601e-02 | 1.25046e-02 1.07794e-01 1.39009e-01 |
    606 | 1.15506e+01 1.90601e-02 | 1.25046e-02 1.07794e-01 1.39009e-01 |
    607 | 1.15697e+01 1.90601e-02 | 1.25046e-02 1.07794e-01 1.39009e-01 |
    608 | 1.15887e+01 1.90601e-02 | 1.25047e-02 1.07794e-01 1.39009e-01 |
    609 | 1.16078e+01 1.90602e-02 | 1.25047e-02 1.07794e-01 1.39009e-01 |
    610 | 1.16268e+01 1.90602e-02 | 1.25047e-02 1.07794e-01 1.39009e-01 |
    611 | 1.16459e+01 1.90603e-02 | 1.25048e-02 1.07794e-01 1.39009e-01 |
    612 | 1.16650e+01 1.90603e-02 | 1.25048e-02 1.07794e-01 1.39009e-01 |
    613 | 1.16840e+01 1.90604e-02 | 1.25048e-02 1.07794e-01 1.39009e-01 |
    614 | 1.17031e+01 1.90603e-02 | 1.25048e-02 1.07794e-01 1.39009e-01 |
    615 | 1.17221e+01 1.90603e-02 | 1.25049e-02 1.07794e-01 1.39009e-01 |
    616 | 1.17412e+01 1.90602e-02 | 1.25049e-02 1.07794e-01 1.39009e-01 |
    617 | 1.17603e+01 1.90602e-02 | 1.25049e-02 1.07794e-01 1.39008e-01 |
    618 | 1.17793e+01 1.90601e-02 | 1.25049e-02 1.07794e-01 1.39008e-01 |
    619 | 1.17984e+01 1.90601e-02 | 1.25050e-02 1.07794e-01 1.39008e-01 |
    620 | 1.18174e+01 1.90601e-02 | 1.25050e-02 1.07794e-01 1.39008e-01 |
    621 | 1.18365e+01 1.90601e-02 | 1.25050e-02 1.07794e-01 1.39008e-01 |
    622 | 1.18556e+01 1.90600e-02 | 1.25050e-02 1.07794e-01 1.39008e-01 |
    623 | 1.18746e+01 1.90600e-02 | 1.25051e-02 1.07794e-01 1.39008e-01 |
    624 | 1.18937e+01 1.90600e-02 | 1.25051e-02 1.07794e-01 1.39008e-01 |
    625 | 1.19127e+01 1.90600e-02 | 1.25051e-02 1.07794e-01 1.39008e-01 |
    626 | 1.19318e+01 1.90600e-02 | 1.25051e-02 1.07794e-01 1.39008e-01 |
    627 | 1.19509e+01 1.90600e-02 | 1.25052e-02 1.07794e-01 1.39008e-01 |
    628 | 1.19699e+01 1.90601e-02 | 1.25052e-02 1.07795e-01 1.39008e-01 |
    629 | 1.19890e+01 1.90601e-02 | 1.25052e-02 1.07795e-01 1.39008e-01 |
    630 | 1.20080e+01 1.90601e-02 | 1.25053e-02 1.07795e-01 1.39008e-01 |
    631 | 1.20271e+01 1.90601e-02 | 1.25053e-02 1.07795e-01 1.39008e-01 |
    632 | 1.20462e+01 1.90602e-02 | 1.25053e-02 1.07795e-01 1.39008e-01 |
    633 | 1.20652e+01 1.90602e-02 | 1.25053e-02 1.07795e-01 1.39008e-01 |
    634 | 1.20843e+01 1.90603e-02 | 1.25054e-02 1.07795e-01 1.39008e-01 |
    635 | 1.21033e+01 1.90603e-02 | 1.25054e-02 1.07795e-01 1.39008e-01 |
    636 | 1.21224e+01 1.90604e-02 | 1.25054e-02 1.07795e-01 1.39008e-01 |
    637 | 1.21415e+01 1.90605e-02 | 1.25054e-02 1.07795e-01 1.39008e-01 |
    638 | 1.21605e+01 1.90605e-02 | 1.25055e-02 1.07795e-01 1.39008e-01 |
    639 | 1.21796e+01 1.90606e-02 | 1.25055e-02 1.07795e-01 1.39008e-01 |
    640 | 1.21986e+01 1.90606e-02 | 1.25055e-02 1.07795e-01 1.39008e-01 |
    641 | 1.22177e+01 1.90606e-02 | 1.25055e-02 1.07795e-01 1.39008e-01 |
    642 | 1.22368e+01 1.90606e-02 | 1.25056e-02 1.07795e-01 1.39008e-01 |
    643 | 1.22558e+01 1.90606e-02 | 1.25056e-02 1.07795e-01 1.39008e-01 |
    644 | 1.22749e+01 1.90606e-02 | 1.25056e-02 1.07795e-01 1.39008e-01 |
    645 | 1.22939e+01 1.90606e-02 | 1.25056e-02 1.07795e-01 1.39008e-01 |
    646 | 1.23130e+01 1.90606e-02 | 1.25057e-02 1.07795e-01 1.39008e-01 |
    647 | 1.23321e+01 1.90606e-02 | 1.25057e-02 1.07795e-01 1.39008e-01 |
    648 | 1.23511e+01 1.90607e-02 | 1.25057e-02 1.07795e-01 1.39008e-01 |
    649 | 1.23702e+01 1.90607e-02 | 1.25057e-02 1.07795e-01 1.39008e-01 |
    650 | 1.23892e+01 1.90607e-02 | 1.25058e-02 1.07795e-01 1.39008e-01 |
    651 | 1.24083e+01 1.90608e-02 | 1.25058e-02 1.07795e-01 1.39008e-01 |
    652 | 1.24274e+01 1.90608e-02 | 1.25058e-02 1.07795e-01 1.39008e-01 |
    653 | 1.24464e+01 1.90609e-02 | 1.25058e-02 1.07795e-01 1.39008e-01 |
    654 | 1.24655e+01 1.90609e-02 | 1.25059e-02 1.07795e-01 1.39008e-01 |
    655 | 1.24846e+01 1.90610e-02 | 1.25059e-02 1.07795e-01 1.39008e-01 |
    656 | 1.25036e+01 1.90610e-02 | 1.25059e-02 1.07795e-01 1.39008e-01 |
    657 | 1.25227e+01 1.90611e-02 | 1.25059e-02 1.07795e-01 1.39008e-01 |
    658 | 1.25417e+01 1.90610e-02 | 1.25060e-02 1.07795e-01 1.39008e-01 |
    659 | 1.25608e+01 1.90609e-02 | 1.25060e-02 1.07795e-01 1.39008e-01 |
    660 | 1.25799e+01 1.90608e-02 | 1.25060e-02 1.07795e-01 1.39008e-01 |
    661 | 1.25989e+01 1.90607e-02 | 1.25060e-02 1.07795e-01 1.39008e-01 |
    662 | 1.26180e+01 1.90607e-02 | 1.25061e-02 1.07795e-01 1.39008e-01 |
    663 | 1.26370e+01 1.90606e-02 | 1.25061e-02 1.07795e-01 1.39008e-01 |
    664 | 1.26561e+01 1.90605e-02 | 1.25061e-02 1.07795e-01 1.39008e-01 |
    665 | 1.26752e+01 1.90605e-02 | 1.25061e-02 1.07795e-01 1.39008e-01 |
    666 | 1.26942e+01 1.90604e-02 | 1.25062e-02 1.07795e-01 1.39008e-01 |
    667 | 1.27133e+01 1.90604e-02 | 1.25062e-02 1.07795e-01 1.39008e-01 |
    668 | 1.27323e+01 1.90603e-02 | 1.25062e-02 1.07795e-01 1.39008e-01 |
    669 | 1.27514e+01 1.90603e-02 | 1.25062e-02 1.07795e-01 1.39008e-01 |
    670 | 1.27705e+01 1.90602e-02 | 1.25063e-02 1.07795e-01 1.39008e-01 |
    671 | 1.27895e+01 1.90602e-02 | 1.25063e-02 1.07795e-01 1.39008e-01 |
    672 | 1.28086e+01 1.90602e-02 | 1.25063e-02 1.07795e-01 1.39008e-01 |
    673 | 1.28276e+01 1.90602e-02 | 1.25063e-02 1.07795e-01 1.39008e-01 |
    674 | 1.28467e+01 1.90602e-02 | 1.25064e-02 1.07795e-01 1.39008e-01 |
    675 | 1.28658e+01 1.90602e-02 | 1.25064e-02 1.07795e-01 1.39008e-01 |
    676 | 1.28848e+01 1.90602e-02 | 1.25064e-02 1.07795e-01 1.39008e-01 |
    677 | 1.29039e+01 1.90602e-02 | 1.25064e-02 1.07795e-01 1.39008e-01 |
    678 | 1.29229e+01 1.90602e-02 | 1.25064e-02 1.07795e-01 1.39008e-01 |
    679 | 1.29420e+01 1.90602e-02 | 1.25065e-02 1.07795e-01 1.39008e-01 |
    680 | 1.29611e+01 1.90602e-02 | 1.25065e-02 1.07795e-01 1.39008e-01 |
    681 | 1.29801e+01 1.90602e-02 | 1.25065e-02 1.07795e-01 1.39008e-01 |
    682 | 1.29992e+01 1.90603e-02 | 1.25065e-02 1.07795e-01 1.39008e-01 |
    683 | 1.30182e+01 1.90603e-02 | 1.25066e-02 1.07795e-01 1.39008e-01 |
    684 | 1.30373e+01 1.90603e-02 | 1.25066e-02 1.07795e-01 1.39008e-01 |
    685 | 1.30564e+01 1.90604e-02 | 1.25066e-02 1.07795e-01 1.39008e-01 |
    686 | 1.30754e+01 1.90604e-02 | 1.25066e-02 1.07795e-01 1.39008e-01 |
    687 | 1.30945e+01 1.90604e-02 | 1.25066e-02 1.07795e-01 1.39008e-01 |
    688 | 1.31135e+01 1.90604e-02 | 1.25067e-02 1.07795e-01 1.39008e-01 |
    689 | 1.31326e+01 1.90603e-02 | 1.25067e-02 1.07795e-01 1.39008e-01 |
    690 | 1.31517e+01 1.90603e-02 | 1.25067e-02 1.07795e-01 1.39008e-01 |
    691 | 1.31707e+01 1.90602e-02 | 1.25067e-02 1.07795e-01 1.39008e-01 |
    692 | 1.31898e+01 1.90602e-02 | 1.25068e-02 1.07795e-01 1.39008e-01 |
    693 | 1.32088e+01 1.90601e-02 | 1.25068e-02 1.07795e-01 1.39008e-01 |
    694 | 1.32279e+01 1.90601e-02 | 1.25068e-02 1.07795e-01 1.39008e-01 |
    695 | 1.32470e+01 1.90601e-02 | 1.25068e-02 1.07795e-01 1.39008e-01 |
    696 | 1.32660e+01 1.90601e-02 | 1.25068e-02 1.07795e-01 1.39008e-01 |
    697 | 1.32851e+01 1.90601e-02 | 1.25069e-02 1.07795e-01 1.39008e-01 |
    698 | 1.33041e+01 1.90601e-02 | 1.25069e-02 1.07795e-01 1.39008e-01 |
    699 | 1.33232e+01 1.90601e-02 | 1.25069e-02 1.07795e-01 1.39008e-01 |
    700 | 1.33423e+01 1.90601e-02 | 1.25069e-02 1.07795e-01 1.39008e-01 |
    701 | 1.33613e+01 1.90601e-02 | 1.25069e-02 1.07795e-01 1.39008e-01 |
    702 | 1.33804e+01 1.90601e-02 | 1.25070e-02 1.07795e-01 1.39008e-01 |
    703 | 1.33994e+01 1.90601e-02 | 1.25070e-02 1.07795e-01 1.39008e-01 |
    704 | 1.34185e+01 1.90601e-02 | 1.25070e-02 1.07795e-01 1.39009e-01 |
    705 | 1.34376e+01 1.90602e-02 | 1.25070e-02 1.07795e-01 1.39009e-01 |
    706 | 1.34566e+01 1.90602e-02 | 1.25071e-02 1.07795e-01 1.39009e-01 |
    707 | 1.34757e+01 1.90602e-02 | 1.25071e-02 1.07795e-01 1.39009e-01 |
    708 | 1.34947e+01 1.90603e-02 | 1.25071e-02 1.07795e-01 1.39009e-01 |
    709 | 1.35138e+01 1.90603e-02 | 1.25071e-02 1.07795e-01 1.39009e-01 |
    710 | 1.35329e+01 1.90604e-02 | 1.25071e-02 1.07795e-01 1.39009e-01 |
    711 | 1.35519e+01 1.90604e-02 | 1.25072e-02 1.07795e-01 1.39009e-01 |
    712 | 1.35710e+01 1.90603e-02 | 1.25072e-02 1.07795e-01 1.39009e-01 |
    713 | 1.35901e+01 1.90603e-02 | 1.25072e-02 1.07795e-01 1.39009e-01 |
    714 | 1.36091e+01 1.90603e-02 | 1.25072e-02 1.07795e-01 1.39009e-01 |
    715 | 1.36282e+01 1.90603e-02 | 1.25072e-02 1.07795e-01 1.39009e-01 |
    716 | 1.36472e+01 1.90602e-02 | 1.25072e-02 1.07795e-01 1.39009e-01 |
    717 | 1.36663e+01 1.90602e-02 | 1.25073e-02 1.07795e-01 1.39009e-01 |
    718 | 1.36854e+01 1.90602e-02 | 1.25073e-02 1.07795e-01 1.39009e-01 |
    719 | 1.37044e+01 1.90602e-02 | 1.25073e-02 1.07795e-01 1.39009e-01 |
    720 | 1.37235e+01 1.90603e-02 | 1.25073e-02 1.07795e-01 1.39009e-01 |
    721 | 1.37425e+01 1.90603e-02 | 1.25073e-02 1.07795e-01 1.39009e-01 |
    722 | 1.37616e+01 1.90603e-02 | 1.25074e-02 1.07795e-01 1.39009e-01 |
    723 | 1.37807e+01 1.90603e-02 | 1.25074e-02 1.07795e-01 1.39009e-01 |
    724 | 1.37997e+01 1.90603e-02 | 1.25074e-02 1.07795e-01 1.39009e-01 |
    725 | 1.38188e+01 1.90604e-02 | 1.25074e-02 1.07795e-01 1.39009e-01 |
    726 | 1.38378e+01 1.90604e-02 | 1.25074e-02 1.07795e-01 1.39009e-01 |
    727 | 1.38569e+01 1.90605e-02 | 1.25075e-02 1.07795e-01 1.39009e-01 |
    728 | 1.38760e+01 1.90605e-02 | 1.25075e-02 1.07795e-01 1.39009e-01 |
    729 | 1.38950e+01 1.90606e-02 | 1.25075e-02 1.07795e-01 1.39009e-01 |
    730 | 1.39141e+01 1.90606e-02 | 1.25075e-02 1.07795e-01 1.39009e-01 |
    731 | 1.39331e+01 1.90607e-02 | 1.25075e-02 1.07795e-01 1.39009e-01 |
    732 | 1.39522e+01 1.90606e-02 | 1.25075e-02 1.07794e-01 1.39009e-01 |
    733 | 1.39713e+01 1.90606e-02 | 1.25076e-02 1.07794e-01 1.39009e-01 |
    734 | 1.39903e+01 1.90605e-02 | 1.25076e-02 1.07794e-01 1.39009e-01 |
    735 | 1.40094e+01 1.90605e-02 | 1.25076e-02 1.07794e-01 1.39009e-01 |
    736 | 1.40284e+01 1.90605e-02 | 1.25076e-02 1.07794e-01 1.39009e-01 |
    737 | 1.40475e+01 1.90605e-02 | 1.25076e-02 1.07794e-01 1.39009e-01 |
    738 | 1.40666e+01 1.90604e-02 | 1.25076e-02 1.07794e-01 1.39009e-01 |
    739 | 1.40856e+01 1.90604e-02 | 1.25077e-02 1.07794e-01 1.39009e-01 |
    740 | 1.41047e+01 1.90604e-02 | 1.25077e-02 1.07794e-01 1.39009e-01 |
    741 | 1.41237e+01 1.90604e-02 | 1.25077e-02 1.07794e-01 1.39009e-01 |
    742 | 1.41428e+01 1.90604e-02 | 1.25077e-02 1.07794e-01 1.39009e-01 |
    743 | 1.41619e+01 1.90605e-02 | 1.25077e-02 1.07794e-01 1.39009e-01 |
    744 | 1.41809e+01 1.90605e-02 | 1.25077e-02 1.07794e-01 1.39009e-01 |
    745 | 1.42000e+01 1.90605e-02 | 1.25078e-02 1.07794e-01 1.39009e-01 |
    746 | 1.42190e+01 1.90605e-02 | 1.25078e-02 1.07794e-01 1.39009e-01 |
    747 | 1.42381e+01 1.90605e-02 | 1.25078e-02 1.07794e-01 1.39009e-01 |
    748 | 1.42572e+01 1.90605e-02 | 1.25078e-02 1.07794e-01 1.39009e-01 |
    749 | 1.42762e+01 1.90605e-02 | 1.25078e-02 1.07794e-01 1.39009e-01 |
    750 | 1.42953e+01 1.90605e-02 | 1.25078e-02 1.07794e-01 1.39009e-01 |
    751 | 1.43143e+01 1.90605e-02 | 1.25078e-02 1.07794e-01 1.39009e-01 |
    752 | 1.43334e+01 1.90605e-02 | 1.25079e-02 1.07794e-01 1.39009e-01 |
    753 | 1.43525e+01 1.90605e-02 | 1.25079e-02 1.07794e-01 1.39009e-01 |
    754 | 1.43715e+01 1.90605e-02 | 1.25079e-02 1.07794e-01 1.39009e-01 |
    755 | 1.43906e+01 1.90605e-02 | 1.25079e-02 1.07794e-01 1.39009e-01 |
    756 | 1.44097e+01 1.90606e-02 | 1.25079e-02 1.07794e-01 1.39009e-01 |
    757 | 1.44287e+01 1.90606e-02 | 1.25079e-02 1.07794e-01 1.39009e-01 |
    758 | 1.44478e+01 1.90606e-02 | 1.25079e-02 1.07794e-01 1.39009e-01 |
    759 | 1.44668e+01 1.90607e-02 | 1.25080e-02 1.07794e-01 1.39009e-01 |
    760 | 1.44859e+01 1.90607e-02 | 1.25080e-02 1.07794e-01 1.39009e-01 |
    761 | 1.45050e+01 1.90607e-02 | 1.25080e-02 1.07794e-01 1.39009e-01 |
    762 | 1.45240e+01 1.90606e-02 | 1.25080e-02 1.07794e-01 1.39009e-01 |
    763 | 1.45431e+01 1.90605e-02 | 1.25080e-02 1.07794e-01 1.39009e-01 |
    764 | 1.45621e+01 1.90605e-02 | 1.25080e-02 1.07794e-01 1.39009e-01 |
    765 | 1.45812e+01 1.90604e-02 | 1.25080e-02 1.07794e-01 1.39009e-01 |
    766 | 1.46003e+01 1.90604e-02 | 1.25081e-02 1.07794e-01 1.39009e-01 |
    767 | 1.46193e+01 1.90604e-02 | 1.25081e-02 1.07794e-01 1.39009e-01 |
    768 | 1.46384e+01 1.90603e-02 | 1.25081e-02 1.07794e-01 1.39009e-01 |
    769 | 1.46574e+01 1.90603e-02 | 1.25081e-02 1.07794e-01 1.39009e-01 |
    770 | 1.46765e+01 1.90603e-02 | 1.25081e-02 1.07794e-01 1.39009e-01 |
    771 | 1.46956e+01 1.90603e-02 | 1.25081e-02 1.07794e-01 1.39009e-01 |
    772 | 1.47146e+01 1.90603e-02 | 1.25081e-02 1.07794e-01 1.39009e-01 |
    773 | 1.47337e+01 1.90603e-02 | 1.25081e-02 1.07794e-01 1.39009e-01 |
    774 | 1.47527e+01 1.90603e-02 | 1.25082e-02 1.07794e-01 1.39009e-01 |
    775 | 1.47718e+01 1.90603e-02 | 1.25082e-02 1.07794e-01 1.39009e-01 |
    776 | 1.47909e+01 1.90603e-02 | 1.25082e-02 1.07794e-01 1.39009e-01 |
    777 | 1.48099e+01 1.90603e-02 | 1.25082e-02 1.07794e-01 1.39009e-01 |
    778 | 1.48290e+01 1.90603e-02 | 1.25082e-02 1.07794e-01 1.39009e-01 |
    779 | 1.48480e+01 1.90604e-02 | 1.25082e-02 1.07794e-01 1.39009e-01 |
    780 | 1.48671e+01 1.90604e-02 | 1.25082e-02 1.07794e-01 1.39009e-01 |
    781 | 1.48862e+01 1.90604e-02 | 1.25082e-02 1.07794e-01 1.39010e-01 |
    782 | 1.49052e+01 1.90603e-02 | 1.25082e-02 1.07794e-01 1.39010e-01 |
    783 | 1.49243e+01 1.90603e-02 | 1.25083e-02 1.07793e-01 1.39010e-01 |
    784 | 1.49433e+01 1.90602e-02 | 1.25083e-02 1.07793e-01 1.39010e-01 |
    785 | 1.49624e+01 1.90602e-02 | 1.25083e-02 1.07793e-01 1.39010e-01 |
    786 | 1.49815e+01 1.90601e-02 | 1.25083e-02 1.07793e-01 1.39010e-01 |
    787 | 1.50005e+01 1.90601e-02 | 1.25083e-02 1.07793e-01 1.39010e-01 |
    788 | 1.50196e+01 1.90601e-02 | 1.25083e-02 1.07793e-01 1.39010e-01 |
    789 | 1.50386e+01 1.90601e-02 | 1.25083e-02 1.07793e-01 1.39010e-01 |
    790 | 1.50577e+01 1.90601e-02 | 1.25083e-02 1.07793e-01 1.39010e-01 |
    791 | 1.50768e+01 1.90601e-02 | 1.25083e-02 1.07793e-01 1.39010e-01 |
    792 | 1.50958e+01 1.90601e-02 | 1.25084e-02 1.07793e-01 1.39010e-01 |
    793 | 1.51149e+01 1.90601e-02 | 1.25084e-02 1.07793e-01 1.39010e-01 |
    794 | 1.51339e+01 1.90601e-02 | 1.25084e-02 1.07793e-01 1.39010e-01 |
    795 | 1.51530e+01 1.90601e-02 | 1.25084e-02 1.07793e-01 1.39010e-01 |
    796 | 1.51721e+01 1.90601e-02 | 1.25084e-02 1.07793e-01 1.39010e-01 |
    797 | 1.51911e+01 1.90601e-02 | 1.25084e-02 1.07793e-01 1.39010e-01 |
    798 | 1.52102e+01 1.90602e-02 | 1.25084e-02 1.07793e-01 1.39010e-01 |
    799 | 1.52292e+01 1.90602e-02 | 1.25084e-02 1.07793e-01 1.39010e-01 |
    800 | 1.52483e+01 1.90602e-02 | 1.25084e-02 1.07793e-01 1.39010e-01 |
    801 | 1.52674e+01 1.90603e-02 | 1.25084e-02 1.07793e-01 1.39010e-01 |
    802 | 1.52864e+01 1.90603e-02 | 1.25084e-02 1.07793e-01 1.39010e-01 |
    803 | 1.53055e+01 1.90604e-02 | 1.25085e-02 1.07793e-01 1.39010e-01 |
    804 | 1.53245e+01 1.90604e-02 | 1.25085e-02 1.07793e-01 1.39010e-01 |
    805 | 1.53436e+01 1.90604e-02 | 1.25085e-02 1.07793e-01 1.39010e-01 |
    806 | 1.53627e+01 1.90603e-02 | 1.25085e-02 1.07793e-01 1.39010e-01 |
    807 | 1.53817e+01 1.90603e-02 | 1.25085e-02 1.07793e-01 1.39010e-01 |
    808 | 1.54008e+01 1.90603e-02 | 1.25085e-02 1.07793e-01 1.39010e-01 |
    809 | 1.54198e+01 1.90602e-02 | 1.25085e-02 1.07793e-01 1.39010e-01 |
    810 | 1.54389e+01 1.90602e-02 | 1.25085e-02 1.07793e-01 1.39010e-01 |
    811 | 1.54580e+01 1.90602e-02 | 1.25085e-02 1.07793e-01 1.39010e-01 |
    812 | 1.54770e+01 1.90602e-02 | 1.25085e-02 1.07793e-01 1.39010e-01 |
    813 | 1.54961e+01 1.90601e-02 | 1.25085e-02 1.07793e-01 1.39010e-01 |
    814 | 1.55151e+01 1.90601e-02 | 1.25085e-02 1.07793e-01 1.39010e-01 |
    815 | 1.55342e+01 1.90601e-02 | 1.25086e-02 1.07793e-01 1.39010e-01 |
    816 | 1.55533e+01 1.90601e-02 | 1.25086e-02 1.07793e-01 1.39010e-01 |
    817 | 1.55723e+01 1.90602e-02 | 1.25086e-02 1.07793e-01 1.39010e-01 |
    818 | 1.55914e+01 1.90602e-02 | 1.25086e-02 1.07793e-01 1.39010e-01 |
    819 | 1.56104e+01 1.90602e-02 | 1.25086e-02 1.07793e-01 1.39010e-01 |
    820 | 1.56295e+01 1.90602e-02 | 1.25086e-02 1.07793e-01 1.39010e-01 |
    821 | 1.56486e+01 1.90603e-02 | 1.25086e-02 1.07792e-01 1.39010e-01 |
    822 | 1.56676e+01 1.90603e-02 | 1.25086e-02 1.07792e-01 1.39010e-01 |
    823 | 1.56867e+01 1.90603e-02 | 1.25086e-02 1.07792e-01 1.39010e-01 |
    824 | 1.57057e+01 1.90604e-02 | 1.25086e-02 1.07792e-01 1.39010e-01 |
    825 | 1.57248e+01 1.90604e-02 | 1.25086e-02 1.07792e-01 1.39010e-01 |
    826 | 1.57439e+01 1.90605e-02 | 1.25086e-02 1.07792e-01 1.39010e-01 |
    827 | 1.57629e+01 1.90606e-02 | 1.25086e-02 1.07792e-01 1.39010e-01 |
    828 | 1.57820e+01 1.90606e-02 | 1.25086e-02 1.07792e-01 1.39010e-01 |
    829 | 1.58011e+01 1.90607e-02 | 1.25086e-02 1.07792e-01 1.39010e-01 |
    830 | 1.58201e+01 1.90608e-02 | 1.25087e-02 1.07792e-01 1.39010e-01 |
    831 | 1.58392e+01 1.90609e-02 | 1.25087e-02 1.07792e-01 1.39010e-01 |
    832 | 1.58582e+01 1.90609e-02 | 1.25087e-02 1.07792e-01 1.39010e-01 |
    833 | 1.58773e+01 1.90610e-02 | 1.25087e-02 1.07792e-01 1.39010e-01 |
    834 | 1.58964e+01 1.90610e-02 | 1.25087e-02 1.07792e-01 1.39011e-01 |
    835 | 1.59154e+01 1.90610e-02 | 1.25087e-02 1.07792e-01 1.39011e-01 |
    836 | 1.59345e+01 1.90610e-02 | 1.25087e-02 1.07792e-01 1.39011e-01 |
    837 | 1.59535e+01 1.90610e-02 | 1.25087e-02 1.07792e-01 1.39011e-01 |
    838 | 1.59726e+01 1.90609e-02 | 1.25087e-02 1.07792e-01 1.39011e-01 |
    839 | 1.59917e+01 1.90609e-02 | 1.25087e-02 1.07792e-01 1.39011e-01 |
    840 | 1.60107e+01 1.90608e-02 | 1.25087e-02 1.07792e-01 1.39011e-01 |
    841 | 1.60298e+01 1.90608e-02 | 1.25087e-02 1.07792e-01 1.39011e-01 |
    842 | 1.60488e+01 1.90608e-02 | 1.25087e-02 1.07792e-01 1.39011e-01 |
    843 | 1.60679e+01 1.90607e-02 | 1.25087e-02 1.07792e-01 1.39011e-01 |
    844 | 1.60870e+01 1.90607e-02 | 1.25087e-02 1.07792e-01 1.39011e-01 |
    845 | 1.61060e+01 1.90607e-02 | 1.25087e-02 1.07792e-01 1.39011e-01 |
    846 | 1.61251e+01 1.90607e-02 | 1.25087e-02 1.07792e-01 1.39011e-01 |
    847 | 1.61441e+01 1.90607e-02 | 1.25087e-02 1.07792e-01 1.39011e-01 |
    848 | 1.61632e+01 1.90607e-02 | 1.25087e-02 1.07792e-01 1.39011e-01 |
    849 | 1.61823e+01 1.90607e-02 | 1.25088e-02 1.07792e-01 1.39011e-01 |
    850 | 1.62013e+01 1.90607e-02 | 1.25088e-02 1.07792e-01 1.39011e-01 |
    851 | 1.62204e+01 1.90607e-02 | 1.25088e-02 1.07792e-01 1.39011e-01 |
    852 | 1.62395e+01 1.90606e-02 | 1.25088e-02 1.07792e-01 1.39011e-01 |
    853 | 1.62585e+01 1.90605e-02 | 1.25088e-02 1.07792e-01 1.39011e-01 |
    854 | 1.62776e+01 1.90605e-02 | 1.25088e-02 1.07792e-01 1.39011e-01 |
    855 | 1.62966e+01 1.90604e-02 | 1.25088e-02 1.07791e-01 1.39011e-01 |
    856 | 1.63157e+01 1.90603e-02 | 1.25088e-02 1.07791e-01 1.39011e-01 |
    857 | 1.63348e+01 1.90603e-02 | 1.25088e-02 1.07791e-01 1.39011e-01 |
    858 | 1.63538e+01 1.90602e-02 | 1.25088e-02 1.07791e-01 1.39011e-01 |
    859 | 1.63729e+01 1.90602e-02 | 1.25088e-02 1.07791e-01 1.39011e-01 |
    860 | 1.63919e+01 1.90602e-02 | 1.25088e-02 1.07791e-01 1.39011e-01 |
    861 | 1.64110e+01 1.90601e-02 | 1.25088e-02 1.07791e-01 1.39011e-01 |
    862 | 1.64301e+01 1.90601e-02 | 1.25088e-02 1.07791e-01 1.39011e-01 |
    863 | 1.64491e+01 1.90601e-02 | 1.25088e-02 1.07791e-01 1.39011e-01 |
    864 | 1.64682e+01 1.90601e-02 | 1.25088e-02 1.07791e-01 1.39011e-01 |
    865 | 1.64872e+01 1.90601e-02 | 1.25088e-02 1.07791e-01 1.39011e-01 |
    866 | 1.65063e+01 1.90601e-02 | 1.25088e-02 1.07791e-01 1.39011e-01 |
    867 | 1.65254e+01 1.90601e-02 | 1.25088e-02 1.07791e-01 1.39011e-01 |
    868 | 1.65444e+01 1.90601e-02 | 1.25088e-02 1.07791e-01 1.39011e-01 |
    869 | 1.65635e+01 1.90601e-02 | 1.25088e-02 1.07791e-01 1.39011e-01 |
    870 | 1.65825e+01 1.90601e-02 | 1.25088e-02 1.07791e-01 1.39011e-01 |
    871 | 1.66016e+01 1.90601e-02 | 1.25088e-02 1.07791e-01 1.39011e-01 |
    872 | 1.66207e+01 1.90601e-02 | 1.25088e-02 1.07791e-01 1.39011e-01 |
    873 | 1.66397e+01 1.90602e-02 | 1.25088e-02 1.07791e-01 1.39011e-01 |
    874 | 1.66588e+01 1.90602e-02 | 1.25088e-02 1.07791e-01 1.39011e-01 |
    875 | 1.66778e+01 1.90603e-02 | 1.25088e-02 1.07791e-01 1.39011e-01 |
    876 | 1.66969e+01 1.90603e-02 | 1.25088e-02 1.07791e-01 1.39011e-01 |
    877 | 1.67160e+01 1.90604e-02 | 1.25088e-02 1.07791e-01 1.39011e-01 |
    878 | 1.67350e+01 1.90604e-02 | 1.25088e-02 1.07791e-01 1.39011e-01 |
    879 | 1.67541e+01 1.90603e-02 | 1.25088e-02 1.07791e-01 1.39011e-01 |
    880 | 1.67731e+01 1.90602e-02 | 1.25088e-02 1.07791e-01 1.39011e-01 |
    881 | 1.67922e+01 1.90602e-02 | 1.25088e-02 1.07791e-01 1.39011e-01 |
    882 | 1.68113e+01 1.90602e-02 | 1.25088e-02 1.07791e-01 1.39011e-01 |
    883 | 1.68303e+01 1.90601e-02 | 1.25088e-02 1.07791e-01 1.39012e-01 |
    884 | 1.68494e+01 1.90601e-02 | 1.25088e-02 1.07791e-01 1.39012e-01 |
    885 | 1.68684e+01 1.90601e-02 | 1.25088e-02 1.07791e-01 1.39012e-01 |
    886 | 1.68875e+01 1.90601e-02 | 1.25089e-02 1.07791e-01 1.39012e-01 |
    887 | 1.69066e+01 1.90600e-02 | 1.25089e-02 1.07791e-01 1.39012e-01 |
    888 | 1.69256e+01 1.90600e-02 | 1.25089e-02 1.07790e-01 1.39012e-01 |
    889 | 1.69447e+01 1.90600e-02 | 1.25089e-02 1.07790e-01 1.39012e-01 |
    890 | 1.69637e+01 1.90600e-02 | 1.25089e-02 1.07790e-01 1.39012e-01 |
    891 | 1.69828e+01 1.90601e-02 | 1.25089e-02 1.07790e-01 1.39012e-01 |
    892 | 1.70019e+01 1.90601e-02 | 1.25089e-02 1.07790e-01 1.39012e-01 |
    893 | 1.70209e+01 1.90601e-02 | 1.25089e-02 1.07790e-01 1.39012e-01 |
    894 | 1.70400e+01 1.90601e-02 | 1.25089e-02 1.07790e-01 1.39012e-01 |
    895 | 1.70590e+01 1.90601e-02 | 1.25089e-02 1.07790e-01 1.39012e-01 |
    896 | 1.70781e+01 1.90602e-02 | 1.25089e-02 1.07790e-01 1.39012e-01 |
    897 | 1.70972e+01 1.90602e-02 | 1.25089e-02 1.07790e-01 1.39012e-01 |
    898 | 1.71162e+01 1.90603e-02 | 1.25089e-02 1.07790e-01 1.39012e-01 |
    899 | 1.71353e+01 1.90603e-02 | 1.25089e-02 1.07790e-01 1.39012e-01 |
    900 | 1.71543e+01 1.90604e-02 | 1.25089e-02 1.07790e-01 1.39012e-01 |
    901 | 1.71734e+01 1.90604e-02 | 1.25089e-02 1.07790e-01 1.39012e-01 |
    902 | 1.71925e+01 1.90605e-02 | 1.25089e-02 1.07790e-01 1.39012e-01 |
    903 | 1.72115e+01 1.90606e-02 | 1.25089e-02 1.07790e-01 1.39012e-01 |
    904 | 1.72306e+01 1.90606e-02 | 1.25089e-02 1.07790e-01 1.39012e-01 |
    905 | 1.72496e+01 1.90605e-02 | 1.25089e-02 1.07790e-01 1.39012e-01 |
    906 | 1.72687e+01 1.90605e-02 | 1.25089e-02 1.07790e-01 1.39012e-01 |
    907 | 1.72878e+01 1.90605e-02 | 1.25089e-02 1.07790e-01 1.39012e-01 |
    908 | 1.73068e+01 1.90605e-02 | 1.25089e-02 1.07790e-01 1.39012e-01 |
    909 | 1.73259e+01 1.90605e-02 | 1.25089e-02 1.07790e-01 1.39012e-01 |
    910 | 1.73449e+01 1.90605e-02 | 1.25089e-02 1.07790e-01 1.39012e-01 |
    911 | 1.73640e+01 1.90605e-02 | 1.25089e-02 1.07790e-01 1.39012e-01 |
    912 | 1.73831e+01 1.90606e-02 | 1.25089e-02 1.07790e-01 1.39012e-01 |
    913 | 1.74021e+01 1.90606e-02 | 1.25089e-02 1.07790e-01 1.39012e-01 |
    914 | 1.74212e+01 1.90606e-02 | 1.25089e-02 1.07790e-01 1.39012e-01 |
    915 | 1.74402e+01 1.90606e-02 | 1.25089e-02 1.07790e-01 1.39012e-01 |
    916 | 1.74593e+01 1.90607e-02 | 1.25089e-02 1.07790e-01 1.39012e-01 |
    917 | 1.74784e+01 1.90607e-02 | 1.25089e-02 1.07790e-01 1.39012e-01 |
    918 | 1.74974e+01 1.90608e-02 | 1.25089e-02 1.07790e-01 1.39012e-01 |
    919 | 1.75165e+01 1.90608e-02 | 1.25089e-02 1.07790e-01 1.39012e-01 |
    920 | 1.75356e+01 1.90609e-02 | 1.25089e-02 1.07790e-01 1.39012e-01 |
    921 | 1.75546e+01 1.90610e-02 | 1.25089e-02 1.07790e-01 1.39012e-01 |
    922 | 1.75737e+01 1.90610e-02 | 1.25089e-02 1.07789e-01 1.39012e-01 |
    923 | 1.75927e+01 1.90609e-02 | 1.25089e-02 1.07789e-01 1.39012e-01 |
    924 | 1.76118e+01 1.90609e-02 | 1.25089e-02 1.07789e-01 1.39012e-01 |
    925 | 1.76309e+01 1.90609e-02 | 1.25089e-02 1.07789e-01 1.39012e-01 |
    926 | 1.76499e+01 1.90608e-02 | 1.25089e-02 1.07789e-01 1.39012e-01 |
    927 | 1.76690e+01 1.90607e-02 | 1.25089e-02 1.07789e-01 1.39012e-01 |
    928 | 1.76880e+01 1.90607e-02 | 1.25089e-02 1.07789e-01 1.39012e-01 |
    929 | 1.77071e+01 1.90606e-02 | 1.25089e-02 1.07789e-01 1.39012e-01 |
    930 | 1.77262e+01 1.90606e-02 | 1.25089e-02 1.07789e-01 1.39012e-01 |
    931 | 1.77452e+01 1.90605e-02 | 1.25089e-02 1.07789e-01 1.39012e-01 |
    932 | 1.77643e+01 1.90605e-02 | 1.25089e-02 1.07789e-01 1.39012e-01 |
    933 | 1.77833e+01 1.90604e-02 | 1.25089e-02 1.07789e-01 1.39013e-01 |
    934 | 1.78024e+01 1.90604e-02 | 1.25088e-02 1.07789e-01 1.39013e-01 |
    935 | 1.78215e+01 1.90603e-02 | 1.25088e-02 1.07789e-01 1.39013e-01 |
    936 | 1.78405e+01 1.90603e-02 | 1.25088e-02 1.07789e-01 1.39013e-01 |
    937 | 1.78596e+01 1.90603e-02 | 1.25088e-02 1.07789e-01 1.39013e-01 |
    938 | 1.78786e+01 1.90603e-02 | 1.25088e-02 1.07789e-01 1.39013e-01 |
    939 | 1.78977e+01 1.90603e-02 | 1.25088e-02 1.07789e-01 1.39013e-01 |
    940 | 1.79168e+01 1.90603e-02 | 1.25088e-02 1.07789e-01 1.39013e-01 |
    941 | 1.79358e+01 1.90603e-02 | 1.25088e-02 1.07789e-01 1.39013e-01 |
    942 | 1.79549e+01 1.90603e-02 | 1.25088e-02 1.07789e-01 1.39013e-01 |
    943 | 1.79739e+01 1.90603e-02 | 1.25088e-02 1.07789e-01 1.39013e-01 |
    944 | 1.79930e+01 1.90603e-02 | 1.25088e-02 1.07789e-01 1.39013e-01 |
    945 | 1.80121e+01 1.90603e-02 | 1.25088e-02 1.07789e-01 1.39013e-01 |
    946 | 1.80311e+01 1.90603e-02 | 1.25088e-02 1.07789e-01 1.39013e-01 |
    947 | 1.80502e+01 1.90604e-02 | 1.25088e-02 1.07789e-01 1.39013e-01 |
    948 | 1.80692e+01 1.90604e-02 | 1.25088e-02 1.07789e-01 1.39013e-01 |
    949 | 1.80883e+01 1.90604e-02 | 1.25088e-02 1.07789e-01 1.39013e-01 |
    950 | 1.81074e+01 1.90605e-02 | 1.25088e-02 1.07789e-01 1.39013e-01 |
    951 | 1.81264e+01 1.90605e-02 | 1.25088e-02 1.07789e-01 1.39013e-01 |
    952 | 1.81455e+01 1.90605e-02 | 1.25088e-02 1.07789e-01 1.39013e-01 |
    953 | 1.81645e+01 1.90604e-02 | 1.25088e-02 1.07789e-01 1.39013e-01 |
    954 | 1.81836e+01 1.90604e-02 | 1.25088e-02 1.07789e-01 1.39013e-01 |
    955 | 1.82027e+01 1.90603e-02 | 1.25088e-02 1.07789e-01 1.39013e-01 |
    956 | 1.82217e+01 1.90603e-02 | 1.25088e-02 1.07789e-01 1.39013e-01 |
    957 | 1.82408e+01 1.90602e-02 | 1.25088e-02 1.07788e-01 1.39013e-01 |
    958 | 1.82598e+01 1.90602e-02 | 1.25088e-02 1.07788e-01 1.39013e-01 |
    959 | 1.82789e+01 1.90602e-02 | 1.25088e-02 1.07788e-01 1.39013e-01 |
    960 | 1.82980e+01 1.90602e-02 | 1.25088e-02 1.07788e-01 1.39013e-01 |
    961 | 1.83170e+01 1.90601e-02 | 1.25088e-02 1.07788e-01 1.39013e-01 |
    962 | 1.83361e+01 1.90601e-02 | 1.25088e-02 1.07788e-01 1.39013e-01 |
    963 | 1.83552e+01 1.90601e-02 | 1.25088e-02 1.07788e-01 1.39013e-01 |
    964 | 1.83742e+01 1.90601e-02 | 1.25088e-02 1.07788e-01 1.39013e-01 |
    965 | 1.83933e+01 1.90601e-02 | 1.25088e-02 1.07788e-01 1.39013e-01 |
    966 | 1.84123e+01 1.90601e-02 | 1.25088e-02 1.07788e-01 1.39013e-01 |
    967 | 1.84314e+01 1.90602e-02 | 1.25088e-02 1.07788e-01 1.39013e-01 |
    968 | 1.84505e+01 1.90602e-02 | 1.25088e-02 1.07788e-01 1.39013e-01 |
    969 | 1.84695e+01 1.90602e-02 | 1.25088e-02 1.07788e-01 1.39013e-01 |
    970 | 1.84886e+01 1.90602e-02 | 1.25088e-02 1.07788e-01 1.39013e-01 |
    971 | 1.85076e+01 1.90603e-02 | 1.25088e-02 1.07788e-01 1.39013e-01 |
    972 | 1.85267e+01 1.90603e-02 | 1.25088e-02 1.07788e-01 1.39013e-01 |
    973 | 1.85458e+01 1.90604e-02 | 1.25088e-02 1.07788e-01 1.39013e-01 |
    974 | 1.85648e+01 1.90604e-02 | 1.25088e-02 1.07788e-01 1.39013e-01 |
    975 | 1.85839e+01 1.90603e-02 | 1.25088e-02 1.07788e-01 1.39013e-01 |
    976 | 1.86029e+01 1.90603e-02 | 1.25088e-02 1.07788e-01 1.39013e-01 |
    977 | 1.86220e+01 1.90603e-02 | 1.25088e-02 1.07788e-01 1.39013e-01 |
    978 | 1.86411e+01 1.90602e-02 | 1.25088e-02 1.07788e-01 1.39013e-01 |
    979 | 1.86601e+01 1.90602e-02 | 1.25088e-02 1.07788e-01 1.39013e-01 |
    980 | 1.86792e+01 1.90602e-02 | 1.25088e-02 1.07788e-01 1.39013e-01 |
    981 | 1.86982e+01 1.90602e-02 | 1.25088e-02 1.07788e-01 1.39013e-01 |
    982 | 1.87173e+01 1.90602e-02 | 1.25088e-02 1.07788e-01 1.39013e-01 |
    983 | 1.87364e+01 1.90602e-02 | 1.25088e-02 1.07788e-01 1.39013e-01 |
    984 | 1.87554e+01 1.90602e-02 | 1.25087e-02 1.07788e-01 1.39013e-01 |
    985 | 1.87745e+01 1.90602e-02 | 1.25087e-02 1.07788e-01 1.39013e-01 |
    986 | 1.87935e+01 1.90602e-02 | 1.25087e-02 1.07788e-01 1.39013e-01 |
    987 | 1.88126e+01 1.90603e-02 | 1.25087e-02 1.07788e-01 1.39013e-01 |
    988 | 1.88317e+01 1.90603e-02 | 1.25087e-02 1.07788e-01 1.39014e-01 |
    989 | 1.88507e+01 1.90603e-02 | 1.25087e-02 1.07788e-01 1.39014e-01 |
    990 | 1.88698e+01 1.90604e-02 | 1.25087e-02 1.07788e-01 1.39014e-01 |
    991 | 1.88888e+01 1.90604e-02 | 1.25087e-02 1.07788e-01 1.39014e-01 |
    992 | 1.89079e+01 1.90604e-02 | 1.25087e-02 1.07788e-01 1.39014e-01 |
    993 | 1.89270e+01 1.90605e-02 | 1.25087e-02 1.07788e-01 1.39014e-01 |
    994 | 1.89460e+01 1.90606e-02 | 1.25087e-02 1.07788e-01 1.39014e-01 |
    995 | 1.89651e+01 1.90606e-02 | 1.25087e-02 1.07787e-01 1.39014e-01 |
    996 | 1.89841e+01 1.90606e-02 | 1.25087e-02 1.07787e-01 1.39014e-01 |
    997 | 1.90032e+01 1.90605e-02 | 1.25087e-02 1.07787e-01 1.39014e-01 |
    998 | 1.90223e+01 1.90605e-02 | 1.25087e-02 1.07787e-01 1.39014e-01 |
    999 | 1.90413e+01 1.90605e-02 | 1.25087e-02 1.07787e-01 1.39014e-01 |
   1000 | 1.90604e+01 1.90604e-02 | 1.25087e-02 1.07787e-01 1.39014e-01 |
   1001 | 1.90794e+01 1.90604e-02 | 1.25087e-02 1.07787e-01 1.39014e-01 |
   1002 | 1.90985e+01 1.90604e-02 | 1.25087e-02 1.07787e-01 1.39014e-01 |
   1003 | 1.91176e+01 1.90604e-02 | 1.25087e-02 1.07787e-01 1.39014e-01 |
   1004 | 1.91366e+01 1.90604e-02 | 1.25087e-02 1.07787e-01 1.39014e-01 |
   1005 | 1.91557e+01 1.90604e-02 | 1.25087e-02 1.07787e-01 1.39014e-01 |
   1006 | 1.91747e+01 1.90604e-02 | 1.25087e-02 1.07787e-01 1.39014e-01 |
   1007 | 1.91938e+01 1.90604e-02 | 1.25087e-02 1.07787e-01 1.39014e-01 |
   1008 | 1.92129e+01 1.90604e-02 | 1.25087e-02 1.07787e-01 1.39014e-01 |
   1009 | 1.92319e+01 1.90604e-02 | 1.25087e-02 1.07787e-01 1.39014e-01 |
   1010 | 1.92510e+01 1.90604e-02 | 1.25087e-02 1.07787e-01 1.39014e-01 |
   1011 | 1.92700e+01 1.90605e-02 | 1.25087e-02 1.07787e-01 1.39014e-01 |
   1012 | 1.92891e+01 1.90605e-02 | 1.25087e-02 1.07787e-01 1.39014e-01 |
   1013 | 1.93082e+01 1.90605e-02 | 1.25087e-02 1.07787e-01 1.39014e-01 |
   1014 | 1.93272e+01 1.90606e-02 | 1.25087e-02 1.07787e-01 1.39014e-01 |
   1015 | 1.93463e+01 1.90606e-02 | 1.25087e-02 1.07787e-01 1.39014e-01 |
   1016 | 1.93653e+01 1.90606e-02 | 1.25087e-02 1.07787e-01 1.39014e-01 |
   1017 | 1.93844e+01 1.90606e-02 | 1.25087e-02 1.07787e-01 1.39014e-01 |
   1018 | 1.94035e+01 1.90607e-02 | 1.25086e-02 1.07787e-01 1.39014e-01 |
   1019 | 1.94225e+01 1.90607e-02 | 1.25086e-02 1.07787e-01 1.39014e-01 |
   1020 | 1.94416e+01 1.90607e-02 | 1.25086e-02 1.07787e-01 1.39014e-01 |
   1021 | 1.94607e+01 1.90607e-02 | 1.25086e-02 1.07787e-01 1.39014e-01 |
   1022 | 1.94797e+01 1.90608e-02 | 1.25086e-02 1.07787e-01 1.39014e-01 |
   1023 | 1.94988e+01 1.90608e-02 | 1.25086e-02 1.07787e-01 1.39014e-01 |
   1024 | 1.95178e+01 1.90609e-02 | 1.25086e-02 1.07787e-01 1.39014e-01 |
   1025 | 1.95369e+01 1.90608e-02 | 1.25086e-02 1.07787e-01 1.39014e-01 |
   1026 | 1.95560e+01 1.90608e-02 | 1.25086e-02 1.07787e-01 1.39014e-01 |
   1027 | 1.95750e+01 1.90607e-02 | 1.25086e-02 1.07787e-01 1.39014e-01 |
   1028 | 1.95941e+01 1.90606e-02 | 1.25086e-02 1.07787e-01 1.39014e-01 |
   1029 | 1.96131e+01 1.90606e-02 | 1.25086e-02 1.07787e-01 1.39014e-01 |
   1030 | 1.96322e+01 1.90606e-02 | 1.25086e-02 1.07787e-01 1.39014e-01 |
   1031 | 1.96513e+01 1.90605e-02 | 1.25086e-02 1.07787e-01 1.39014e-01 |
   1032 | 1.96703e+01 1.90605e-02 | 1.25086e-02 1.07787e-01 1.39014e-01 |
   1033 | 1.96894e+01 1.90605e-02 | 1.25086e-02 1.07787e-01 1.39014e-01 |
   1034 | 1.97084e+01 1.90604e-02 | 1.25086e-02 1.07787e-01 1.39014e-01 |
   1035 | 1.97275e+01 1.90604e-02 | 1.25086e-02 1.07787e-01 1.39014e-01 |
   1036 | 1.97466e+01 1.90604e-02 | 1.25086e-02 1.07787e-01 1.39014e-01 |
   1037 | 1.97656e+01 1.90604e-02 | 1.25086e-02 1.07786e-01 1.39014e-01 |
   1038 | 1.97847e+01 1.90604e-02 | 1.25086e-02 1.07786e-01 1.39014e-01 |
   1039 | 1.98037e+01 1.90604e-02 | 1.25086e-02 1.07786e-01 1.39014e-01 |
   1040 | 1.98228e+01 1.90604e-02 | 1.25086e-02 1.07786e-01 1.39014e-01 |
   1041 | 1.98419e+01 1.90604e-02 | 1.25086e-02 1.07786e-01 1.39014e-01 |
   1042 | 1.98609e+01 1.90604e-02 | 1.25086e-02 1.07786e-01 1.39014e-01 |
   1043 | 1.98800e+01 1.90605e-02 | 1.25086e-02 1.07786e-01 1.39014e-01 |
   1044 | 1.98990e+01 1.90605e-02 | 1.25086e-02 1.07786e-01 1.39014e-01 |
   1045 | 1.99181e+01 1.90604e-02 | 1.25086e-02 1.07786e-01 1.39014e-01 |
   1046 | 1.99372e+01 1.90604e-02 | 1.25086e-02 1.07786e-01 1.39014e-01 |
   1047 | 1.99562e+01 1.90603e-02 | 1.25086e-02 1.07786e-01 1.39014e-01 |
   1048 | 1.99753e+01 1.90603e-02 | 1.25086e-02 1.07786e-01 1.39014e-01 |
   1049 | 1.99943e+01 1.90602e-02 | 1.25086e-02 1.07786e-01 1.39014e-01 |
   1050 | 2.00134e+01 1.90602e-02 | 1.25085e-02 1.07786e-01 1.39014e-01 |
   1051 | 2.00325e+01 1.90601e-02 | 1.25085e-02 1.07786e-01 1.39014e-01 |
   1052 | 2.00515e+01 1.90601e-02 | 1.25085e-02 1.07786e-01 1.39014e-01 |
   1053 | 2.00706e+01 1.90601e-02 | 1.25085e-02 1.07786e-01 1.39014e-01 |
   1054 | 2.00896e+01 1.90601e-02 | 1.25085e-02 1.07786e-01 1.39014e-01 |
   1055 | 2.01087e+01 1.90601e-02 | 1.25085e-02 1.07786e-01 1.39015e-01 |
   1056 | 2.01278e+01 1.90601e-02 | 1.25085e-02 1.07786e-01 1.39015e-01 |
   1057 | 2.01468e+01 1.90601e-02 | 1.25085e-02 1.07786e-01 1.39015e-01 |
   1058 | 2.01659e+01 1.90601e-02 | 1.25085e-02 1.07786e-01 1.39015e-01 |
   1059 | 2.01849e+01 1.90601e-02 | 1.25085e-02 1.07786e-01 1.39015e-01 |
   1060 | 2.02040e+01 1.90601e-02 | 1.25085e-02 1.07786e-01 1.39015e-01 |
   1061 | 2.02231e+01 1.90601e-02 | 1.25085e-02 1.07786e-01 1.39015e-01 |
   1062 | 2.02421e+01 1.90601e-02 | 1.25085e-02 1.07786e-01 1.39015e-01 |
   1063 | 2.02612e+01 1.90602e-02 | 1.25085e-02 1.07786e-01 1.39015e-01 |
   1064 | 2.02802e+01 1.90602e-02 | 1.25085e-02 1.07786e-01 1.39015e-01 |
   1065 | 2.02993e+01 1.90603e-02 | 1.25085e-02 1.07786e-01 1.39015e-01 |
   1066 | 2.03184e+01 1.90603e-02 | 1.25085e-02 1.07786e-01 1.39015e-01 |
   1067 | 2.03374e+01 1.90604e-02 | 1.25085e-02 1.07786e-01 1.39015e-01 |
   1068 | 2.03565e+01 1.90604e-02 | 1.25085e-02 1.07786e-01 1.39015e-01 |
   1069 | 2.03756e+01 1.90604e-02 | 1.25085e-02 1.07786e-01 1.39015e-01 |
   1070 | 2.03946e+01 1.90603e-02 | 1.25085e-02 1.07786e-01 1.39015e-01 |
   1071 | 2.04137e+01 1.90603e-02 | 1.25085e-02 1.07786e-01 1.39015e-01 |
   1072 | 2.04327e+01 1.90603e-02 | 1.25085e-02 1.07786e-01 1.39015e-01 |
   1073 | 2.04518e+01 1.90602e-02 | 1.25085e-02 1.07786e-01 1.39015e-01 |
   1074 | 2.04709e+01 1.90602e-02 | 1.25085e-02 1.07786e-01 1.39015e-01 |
   1075 | 2.04899e+01 1.90602e-02 | 1.25085e-02 1.07786e-01 1.39015e-01 |
   1076 | 2.05090e+01 1.90602e-02 | 1.25085e-02 1.07786e-01 1.39015e-01 |
   1077 | 2.05280e+01 1.90601e-02 | 1.25085e-02 1.07786e-01 1.39015e-01 |
   1078 | 2.05471e+01 1.90601e-02 | 1.25085e-02 1.07786e-01 1.39015e-01 |
   1079 | 2.05662e+01 1.90601e-02 | 1.25085e-02 1.07786e-01 1.39015e-01 |
   1080 | 2.05852e+01 1.90601e-02 | 1.25084e-02 1.07786e-01 1.39015e-01 |
   1081 | 2.06043e+01 1.90601e-02 | 1.25084e-02 1.07786e-01 1.39015e-01 |
   1082 | 2.06233e+01 1.90601e-02 | 1.25084e-02 1.07786e-01 1.39015e-01 |
   1083 | 2.06424e+01 1.90602e-02 | 1.25084e-02 1.07786e-01 1.39015e-01 |
   1084 | 2.06615e+01 1.90602e-02 | 1.25084e-02 1.07786e-01 1.39015e-01 |
   1085 | 2.06805e+01 1.90602e-02 | 1.25084e-02 1.07786e-01 1.39015e-01 |
   1086 | 2.06996e+01 1.90602e-02 | 1.25084e-02 1.07786e-01 1.39015e-01 |
   1087 | 2.07186e+01 1.90603e-02 | 1.25084e-02 1.07786e-01 1.39015e-01 |
   1088 | 2.07377e+01 1.90603e-02 | 1.25084e-02 1.07785e-01 1.39015e-01 |
   1089 | 2.07568e+01 1.90604e-02 | 1.25084e-02 1.07785e-01 1.39015e-01 |
   1090 | 2.07758e+01 1.90604e-02 | 1.25084e-02 1.07785e-01 1.39015e-01 |
   1091 | 2.07949e+01 1.90605e-02 | 1.25084e-02 1.07785e-01 1.39015e-01 |
   1092 | 2.08139e+01 1.90606e-02 | 1.25084e-02 1.07785e-01 1.39015e-01 |
   1093 | 2.08330e+01 1.90606e-02 | 1.25084e-02 1.07785e-01 1.39015e-01 |
   1094 | 2.08521e+01 1.90607e-02 | 1.25084e-02 1.07785e-01 1.39015e-01 |
   1095 | 2.08711e+01 1.90608e-02 | 1.25084e-02 1.07785e-01 1.39015e-01 |
   1096 | 2.08902e+01 1.90609e-02 | 1.25084e-02 1.07785e-01 1.39015e-01 |
   1097 | 2.09092e+01 1.90609e-02 | 1.25084e-02 1.07785e-01 1.39015e-01 |
   1098 | 2.09283e+01 1.90609e-02 | 1.25084e-02 1.07785e-01 1.39015e-01 |
   1099 | 2.09474e+01 1.90609e-02 | 1.25084e-02 1.07785e-01 1.39015e-01 |
   1100 | 2.09664e+01 1.90609e-02 | 1.25084e-02 1.07785e-01 1.39015e-01 |
   1101 | 2.09855e+01 1.90609e-02 | 1.25084e-02 1.07785e-01 1.39015e-01 |
   1102 | 2.10045e+01 1.90609e-02 | 1.25084e-02 1.07785e-01 1.39015e-01 |
   1103 | 2.10236e+01 1.90609e-02 | 1.25084e-02 1.07785e-01 1.39015e-01 |
   1104 | 2.10427e+01 1.90610e-02 | 1.25084e-02 1.07785e-01 1.39015e-01 |
   1105 | 2.10617e+01 1.90610e-02 | 1.25084e-02 1.07785e-01 1.39015e-01 |
   1106 | 2.10808e+01 1.90610e-02 | 1.25084e-02 1.07785e-01 1.39015e-01 |
   1107 | 2.10998e+01 1.90609e-02 | 1.25084e-02 1.07785e-01 1.39015e-01 |
   1108 | 2.11189e+01 1.90609e-02 | 1.25084e-02 1.07785e-01 1.39015e-01 |
   1109 | 2.11380e+01 1.90609e-02 | 1.25084e-02 1.07785e-01 1.39015e-01 |
   1110 | 2.11570e+01 1.90609e-02 | 1.25084e-02 1.07785e-01 1.39015e-01 |
   1111 | 2.11761e+01 1.90609e-02 | 1.25083e-02 1.07785e-01 1.39015e-01 |
   1112 | 2.11952e+01 1.90609e-02 | 1.25083e-02 1.07785e-01 1.39015e-01 |
   1113 | 2.12142e+01 1.90609e-02 | 1.25083e-02 1.07785e-01 1.39015e-01 |
   1114 | 2.12333e+01 1.90609e-02 | 1.25083e-02 1.07785e-01 1.39015e-01 |
   1115 | 2.12523e+01 1.90608e-02 | 1.25083e-02 1.07785e-01 1.39015e-01 |
   1116 | 2.12714e+01 1.90607e-02 | 1.25083e-02 1.07785e-01 1.39015e-01 |
   1117 | 2.12905e+01 1.90606e-02 | 1.25083e-02 1.07785e-01 1.39015e-01 |
   1118 | 2.13095e+01 1.90606e-02 | 1.25083e-02 1.07785e-01 1.39015e-01 |
   1119 | 2.13286e+01 1.90605e-02 | 1.25083e-02 1.07785e-01 1.39015e-01 |
   1120 | 2.13476e+01 1.90604e-02 | 1.25083e-02 1.07785e-01 1.39015e-01 |
   1121 | 2.13667e+01 1.90604e-02 | 1.25083e-02 1.07785e-01 1.39015e-01 |
   1122 | 2.13858e+01 1.90603e-02 | 1.25083e-02 1.07785e-01 1.39015e-01 |
   1123 | 2.14048e+01 1.90603e-02 | 1.25083e-02 1.07785e-01 1.39015e-01 |
   1124 | 2.14239e+01 1.90602e-02 | 1.25083e-02 1.07785e-01 1.39015e-01 |
   1125 | 2.14429e+01 1.90602e-02 | 1.25083e-02 1.07785e-01 1.39015e-01 |
   1126 | 2.14620e+01 1.90602e-02 | 1.25083e-02 1.07785e-01 1.39015e-01 |
   1127 | 2.14811e+01 1.90602e-02 | 1.25083e-02 1.07785e-01 1.39015e-01 |
   1128 | 2.15001e+01 1.90601e-02 | 1.25083e-02 1.07785e-01 1.39015e-01 |
   1129 | 2.15192e+01 1.90601e-02 | 1.25083e-02 1.07785e-01 1.39015e-01 |
   1130 | 2.15382e+01 1.90601e-02 | 1.25083e-02 1.07785e-01 1.39015e-01 |
   1131 | 2.15573e+01 1.90601e-02 | 1.25083e-02 1.07785e-01 1.39015e-01 |
   1132 | 2.15764e+01 1.90601e-02 | 1.25083e-02 1.07785e-01 1.39015e-01 |
   1133 | 2.15954e+01 1.90601e-02 | 1.25083e-02 1.07785e-01 1.39015e-01 |
   1134 | 2.16145e+01 1.90601e-02 | 1.25083e-02 1.07785e-01 1.39015e-01 |
   1135 | 2.16335e+01 1.90602e-02 | 1.25083e-02 1.07785e-01 1.39015e-01 |
   1136 | 2.16526e+01 1.90602e-02 | 1.25083e-02 1.07785e-01 1.39015e-01 |
   1137 | 2.16717e+01 1.90602e-02 | 1.25083e-02 1.07785e-01 1.39015e-01 |
   1138 | 2.16907e+01 1.90603e-02 | 1.25083e-02 1.07785e-01 1.39015e-01 |
   1139 | 2.17098e+01 1.90603e-02 | 1.25083e-02 1.07785e-01 1.39015e-01 |
   1140 | 2.17288e+01 1.90603e-02 | 1.25083e-02 1.07785e-01 1.39015e-01 |
   1141 | 2.17479e+01 1.90604e-02 | 1.25083e-02 1.07785e-01 1.39015e-01 |
   1142 | 2.17670e+01 1.90604e-02 | 1.25083e-02 1.07785e-01 1.39015e-01 |
   1143 | 2.17860e+01 1.90604e-02 | 1.25083e-02 1.07785e-01 1.39015e-01 |
   1144 | 2.18051e+01 1.90603e-02 | 1.25082e-02 1.07785e-01 1.39015e-01 |
   1145 | 2.18241e+01 1.90603e-02 | 1.25082e-02 1.07785e-01 1.39015e-01 |
   1146 | 2.18432e+01 1.90602e-02 | 1.25082e-02 1.07785e-01 1.39016e-01 |
   1147 | 2.18623e+01 1.90602e-02 | 1.25082e-02 1.07785e-01 1.39016e-01 |
   1148 | 2.18813e+01 1.90602e-02 | 1.25082e-02 1.07785e-01 1.39016e-01 |
   1149 | 2.19004e+01 1.90601e-02 | 1.25082e-02 1.07785e-01 1.39016e-01 |
   1150 | 2.19194e+01 1.90601e-02 | 1.25082e-02 1.07784e-01 1.39016e-01 |
   1151 | 2.19385e+01 1.90601e-02 | 1.25082e-02 1.07784e-01 1.39016e-01 |
   1152 | 2.19576e+01 1.90601e-02 | 1.25082e-02 1.07784e-01 1.39016e-01 |
   1153 | 2.19766e+01 1.90601e-02 | 1.25082e-02 1.07784e-01 1.39016e-01 |
   1154 | 2.19957e+01 1.90601e-02 | 1.25082e-02 1.07784e-01 1.39016e-01 |
   1155 | 2.20147e+01 1.90601e-02 | 1.25082e-02 1.07784e-01 1.39016e-01 |
   1156 | 2.20338e+01 1.90601e-02 | 1.25082e-02 1.07784e-01 1.39016e-01 |
   1157 | 2.20529e+01 1.90601e-02 | 1.25082e-02 1.07784e-01 1.39016e-01 |
   1158 | 2.20719e+01 1.90601e-02 | 1.25082e-02 1.07784e-01 1.39016e-01 |
   1159 | 2.20910e+01 1.90601e-02 | 1.25082e-02 1.07784e-01 1.39016e-01 |
   1160 | 2.21100e+01 1.90602e-02 | 1.25082e-02 1.07784e-01 1.39016e-01 |
   1161 | 2.21291e+01 1.90602e-02 | 1.25082e-02 1.07784e-01 1.39016e-01 |
   1162 | 2.21482e+01 1.90603e-02 | 1.25082e-02 1.07784e-01 1.39016e-01 |
   1163 | 2.21672e+01 1.90603e-02 | 1.25082e-02 1.07784e-01 1.39016e-01 |
   1164 | 2.21863e+01 1.90604e-02 | 1.25082e-02 1.07784e-01 1.39016e-01 |
   1165 | 2.22053e+01 1.90604e-02 | 1.25082e-02 1.07784e-01 1.39016e-01 |
   1166 | 2.22244e+01 1.90605e-02 | 1.25082e-02 1.07784e-01 1.39016e-01 |
   1167 | 2.22435e+01 1.90605e-02 | 1.25082e-02 1.07784e-01 1.39016e-01 |
   1168 | 2.22625e+01 1.90605e-02 | 1.25082e-02 1.07784e-01 1.39016e-01 |
   1169 | 2.22816e+01 1.90605e-02 | 1.25082e-02 1.07784e-01 1.39016e-01 |
   1170 | 2.23007e+01 1.90605e-02 | 1.25082e-02 1.07784e-01 1.39016e-01 |
   1171 | 2.23197e+01 1.90604e-02 | 1.25082e-02 1.07784e-01 1.39016e-01 |
   1172 | 2.23388e+01 1.90604e-02 | 1.25082e-02 1.07784e-01 1.39016e-01 |
   1173 | 2.23578e+01 1.90604e-02 | 1.25082e-02 1.07784e-01 1.39016e-01 |
   1174 | 2.23769e+01 1.90604e-02 | 1.25082e-02 1.07784e-01 1.39016e-01 |
   1175 | 2.23960e+01 1.90605e-02 | 1.25082e-02 1.07784e-01 1.39016e-01 |
   1176 | 2.24150e+01 1.90605e-02 | 1.25082e-02 1.07784e-01 1.39016e-01 |
   1177 | 2.24341e+01 1.90605e-02 | 1.25082e-02 1.07784e-01 1.39016e-01 |
   1178 | 2.24531e+01 1.90605e-02 | 1.25082e-02 1.07784e-01 1.39016e-01 |
   1179 | 2.24722e+01 1.90605e-02 | 1.25081e-02 1.07784e-01 1.39016e-01 |
   1180 | 2.24913e+01 1.90606e-02 | 1.25081e-02 1.07784e-01 1.39016e-01 |
   1181 | 2.25103e+01 1.90606e-02 | 1.25081e-02 1.07784e-01 1.39016e-01 |
   1182 | 2.25294e+01 1.90607e-02 | 1.25081e-02 1.07784e-01 1.39016e-01 |
   1183 | 2.25484e+01 1.90607e-02 | 1.25081e-02 1.07784e-01 1.39016e-01 |
   1184 | 2.25675e+01 1.90608e-02 | 1.25081e-02 1.07784e-01 1.39016e-01 |
   1185 | 2.25866e+01 1.90608e-02 | 1.25081e-02 1.07784e-01 1.39016e-01 |
   1186 | 2.26056e+01 1.90609e-02 | 1.25081e-02 1.07784e-01 1.39016e-01 |
   1187 | 2.26247e+01 1.90609e-02 | 1.25081e-02 1.07784e-01 1.39016e-01 |
   1188 | 2.26437e+01 1.90608e-02 | 1.25081e-02 1.07784e-01 1.39016e-01 |
   1189 | 2.26628e+01 1.90608e-02 | 1.25081e-02 1.07784e-01 1.39016e-01 |
   1190 | 2.26819e+01 1.90608e-02 | 1.25081e-02 1.07784e-01 1.39016e-01 |
   1191 | 2.27009e+01 1.90607e-02 | 1.25081e-02 1.07784e-01 1.39016e-01 |
   1192 | 2.27200e+01 1.90607e-02 | 1.25081e-02 1.07784e-01 1.39016e-01 |
   1193 | 2.27390e+01 1.90607e-02 | 1.25081e-02 1.07784e-01 1.39016e-01 |
   1194 | 2.27581e+01 1.90607e-02 | 1.25081e-02 1.07784e-01 1.39016e-01 |
   1195 | 2.27772e+01 1.90606e-02 | 1.25081e-02 1.07784e-01 1.39016e-01 |
   1196 | 2.27962e+01 1.90606e-02 | 1.25081e-02 1.07784e-01 1.39016e-01 |
   1197 | 2.28153e+01 1.90605e-02 | 1.25081e-02 1.07784e-01 1.39016e-01 |
   1198 | 2.28343e+01 1.90605e-02 | 1.25081e-02 1.07784e-01 1.39016e-01 |
   1199 | 2.28534e+01 1.90605e-02 | 1.25081e-02 1.07784e-01 1.39016e-01 |
   1200 | 2.28725e+01 1.90604e-02 | 1.25081e-02 1.07784e-01 1.39016e-01 |
   1201 | 2.28915e+01 1.90604e-02 | 1.25081e-02 1.07784e-01 1.39016e-01 |
   1202 | 2.29106e+01 1.90604e-02 | 1.25081e-02 1.07784e-01 1.39016e-01 |
   1203 | 2.29297e+01 1.90604e-02 | 1.25081e-02 1.07784e-01 1.39016e-01 |
   1204 | 2.29487e+01 1.90604e-02 | 1.25081e-02 1.07784e-01 1.39016e-01 |
   1205 | 2.29678e+01 1.90604e-02 | 1.25081e-02 1.07784e-01 1.39016e-01 |
   1206 | 2.29868e+01 1.90604e-02 | 1.25081e-02 1.07784e-01 1.39016e-01 |
   1207 | 2.30059e+01 1.90604e-02 | 1.25081e-02 1.07784e-01 1.39016e-01 |
   1208 | 2.30250e+01 1.90604e-02 | 1.25081e-02 1.07784e-01 1.39016e-01 |
   1209 | 2.30440e+01 1.90604e-02 | 1.25081e-02 1.07784e-01 1.39016e-01 |
   1210 | 2.30631e+01 1.90604e-02 | 1.25081e-02 1.07784e-01 1.39016e-01 |
   1211 | 2.30821e+01 1.90604e-02 | 1.25081e-02 1.07784e-01 1.39016e-01 |
   1212 | 2.31012e+01 1.90605e-02 | 1.25081e-02 1.07784e-01 1.39016e-01 |
   1213 | 2.31203e+01 1.90605e-02 | 1.25081e-02 1.07784e-01 1.39016e-01 |
   1214 | 2.31393e+01 1.90606e-02 | 1.25081e-02 1.07784e-01 1.39016e-01 |
   1215 | 2.31584e+01 1.90606e-02 | 1.25081e-02 1.07784e-01 1.39016e-01 |
   1216 | 2.31774e+01 1.90606e-02 | 1.25081e-02 1.07784e-01 1.39016e-01 |
   1217 | 2.31965e+01 1.90605e-02 | 1.25080e-02 1.07784e-01 1.39016e-01 |
   1218 | 2.32156e+01 1.90605e-02 | 1.25080e-02 1.07784e-01 1.39016e-01 |
   1219 | 2.32346e+01 1.90604e-02 | 1.25080e-02 1.07784e-01 1.39016e-01 |
   1220 | 2.32537e+01 1.90604e-02 | 1.25080e-02 1.07784e-01 1.39016e-01 |
   1221 | 2.32727e+01 1.90603e-02 | 1.25080e-02 1.07784e-01 1.39016e-01 |
   1222 | 2.32918e+01 1.90603e-02 | 1.25080e-02 1.07784e-01 1.39016e-01 |
   1223 | 2.33109e+01 1.90603e-02 | 1.25080e-02 1.07784e-01 1.39016e-01 |
   1224 | 2.33299e+01 1.90602e-02 | 1.25080e-02 1.07784e-01 1.39016e-01 |
   1225 | 2.33490e+01 1.90602e-02 | 1.25080e-02 1.07784e-01 1.39016e-01 |
   1226 | 2.33680e+01 1.90602e-02 | 1.25080e-02 1.07784e-01 1.39016e-01 |
   1227 | 2.33871e+01 1.90602e-02 | 1.25080e-02 1.07784e-01 1.39016e-01 |
   1228 | 2.34062e+01 1.90602e-02 | 1.25080e-02 1.07784e-01 1.39016e-01 |
   1229 | 2.34252e+01 1.90602e-02 | 1.25080e-02 1.07784e-01 1.39016e-01 |
   1230 | 2.34443e+01 1.90602e-02 | 1.25080e-02 1.07783e-01 1.39016e-01 |
   1231 | 2.34633e+01 1.90602e-02 | 1.25080e-02 1.07783e-01 1.39016e-01 |
   1232 | 2.34824e+01 1.90602e-02 | 1.25080e-02 1.07783e-01 1.39016e-01 |
   1233 | 2.35015e+01 1.90603e-02 | 1.25080e-02 1.07783e-01 1.39016e-01 |
   1234 | 2.35205e+01 1.90603e-02 | 1.25080e-02 1.07783e-01 1.39016e-01 |
   1235 | 2.35396e+01 1.90603e-02 | 1.25080e-02 1.07783e-01 1.39016e-01 |
   1236 | 2.35586e+01 1.90604e-02 | 1.25080e-02 1.07783e-01 1.39016e-01 |
   1237 | 2.35777e+01 1.90604e-02 | 1.25080e-02 1.07783e-01 1.39016e-01 |
   1238 | 2.35968e+01 1.90604e-02 | 1.25080e-02 1.07783e-01 1.39016e-01 |
   1239 | 2.36158e+01 1.90603e-02 | 1.25080e-02 1.07783e-01 1.39016e-01 |
   1240 | 2.36349e+01 1.90603e-02 | 1.25080e-02 1.07783e-01 1.39016e-01 |
   1241 | 2.36539e+01 1.90603e-02 | 1.25080e-02 1.07783e-01 1.39016e-01 |
   1242 | 2.36730e+01 1.90602e-02 | 1.25080e-02 1.07783e-01 1.39016e-01 |
   1243 | 2.36921e+01 1.90602e-02 | 1.25080e-02 1.07783e-01 1.39016e-01 |
   1244 | 2.37111e+01 1.90602e-02 | 1.25080e-02 1.07783e-01 1.39016e-01 |
   1245 | 2.37302e+01 1.90602e-02 | 1.25080e-02 1.07783e-01 1.39016e-01 |
   1246 | 2.37492e+01 1.90602e-02 | 1.25080e-02 1.07783e-01 1.39016e-01 |
   1247 | 2.37683e+01 1.90602e-02 | 1.25080e-02 1.07783e-01 1.39016e-01 |
   1248 | 2.37874e+01 1.90602e-02 | 1.25080e-02 1.07783e-01 1.39016e-01 |
   1249 | 2.38064e+01 1.90602e-02 | 1.25080e-02 1.07783e-01 1.39016e-01 |
   1250 | 2.38255e+01 1.90602e-02 | 1.25080e-02 1.07783e-01 1.39016e-01 |
   1251 | 2.38445e+01 1.90602e-02 | 1.25080e-02 1.07783e-01 1.39016e-01 |
   1252 | 2.38636e+01 1.90602e-02 | 1.25080e-02 1.07783e-01 1.39016e-01 |
   1253 | 2.38827e+01 1.90603e-02 | 1.25080e-02 1.07783e-01 1.39016e-01 |
   1254 | 2.39017e+01 1.90603e-02 | 1.25080e-02 1.07783e-01 1.39016e-01 |
   1255 | 2.39208e+01 1.90603e-02 | 1.25080e-02 1.07783e-01 1.39016e-01 |
   1256 | 2.39398e+01 1.90604e-02 | 1.25080e-02 1.07783e-01 1.39016e-01 |
   1257 | 2.39589e+01 1.90604e-02 | 1.25080e-02 1.07783e-01 1.39016e-01 |
   1258 | 2.39780e+01 1.90605e-02 | 1.25080e-02 1.07783e-01 1.39016e-01 |
   1259 | 2.39970e+01 1.90606e-02 | 1.25079e-02 1.07783e-01 1.39016e-01 |
   1260 | 2.40161e+01 1.90605e-02 | 1.25079e-02 1.07783e-01 1.39016e-01 |
   1261 | 2.40351e+01 1.90605e-02 | 1.25079e-02 1.07783e-01 1.39016e-01 |
   1262 | 2.40542e+01 1.90605e-02 | 1.25079e-02 1.07783e-01 1.39016e-01 |
   1263 | 2.40733e+01 1.90604e-02 | 1.25079e-02 1.07783e-01 1.39016e-01 |
   1264 | 2.40923e+01 1.90604e-02 | 1.25079e-02 1.07783e-01 1.39016e-01 |
   1265 | 2.41114e+01 1.90604e-02 | 1.25079e-02 1.07783e-01 1.39016e-01 |
   1266 | 2.41305e+01 1.90603e-02 | 1.25079e-02 1.07783e-01 1.39016e-01 |
   1267 | 2.41495e+01 1.90603e-02 | 1.25079e-02 1.07783e-01 1.39016e-01 |
   1268 | 2.41686e+01 1.90603e-02 | 1.25079e-02 1.07783e-01 1.39016e-01 |
   1269 | 2.41876e+01 1.90603e-02 | 1.25079e-02 1.07783e-01 1.39016e-01 |
   1270 | 2.42067e+01 1.90603e-02 | 1.25079e-02 1.07783e-01 1.39016e-01 |
   1271 | 2.42258e+01 1.90603e-02 | 1.25079e-02 1.07783e-01 1.39016e-01 |
   1272 | 2.42448e+01 1.90603e-02 | 1.25079e-02 1.07783e-01 1.39016e-01 |
   1273 | 2.42639e+01 1.90603e-02 | 1.25079e-02 1.07783e-01 1.39016e-01 |
   1274 | 2.42829e+01 1.90604e-02 | 1.25079e-02 1.07783e-01 1.39016e-01 |
   1275 | 2.43020e+01 1.90604e-02 | 1.25079e-02 1.07783e-01 1.39016e-01 |
   1276 | 2.43211e+01 1.90604e-02 | 1.25079e-02 1.07783e-01 1.39016e-01 |
   1277 | 2.43401e+01 1.90604e-02 | 1.25079e-02 1.07783e-01 1.39016e-01 |
   1278 | 2.43592e+01 1.90605e-02 | 1.25079e-02 1.07783e-01 1.39016e-01 |
   1279 | 2.43782e+01 1.90605e-02 | 1.25079e-02 1.07783e-01 1.39016e-01 |
   1280 | 2.43973e+01 1.90606e-02 | 1.25079e-02 1.07783e-01 1.39016e-01 |
   1281 | 2.44164e+01 1.90606e-02 | 1.25079e-02 1.07783e-01 1.39016e-01 |
   1282 | 2.44354e+01 1.90607e-02 | 1.25079e-02 1.07783e-01 1.39016e-01 |
   1283 | 2.44545e+01 1.90608e-02 | 1.25079e-02 1.07783e-01 1.39016e-01 |
   1284 | 2.44735e+01 1.90608e-02 | 1.25079e-02 1.07783e-01 1.39016e-01 |
   1285 | 2.44926e+01 1.90609e-02 | 1.25079e-02 1.07783e-01 1.39016e-01 |
   1286 | 2.45117e+01 1.90609e-02 | 1.25079e-02 1.07783e-01 1.39017e-01 |
   1287 | 2.45307e+01 1.90609e-02 | 1.25079e-02 1.07783e-01 1.39017e-01 |
   1288 | 2.45498e+01 1.90610e-02 | 1.25079e-02 1.07783e-01 1.39017e-01 |
   1289 | 2.45688e+01 1.90610e-02 | 1.25079e-02 1.07783e-01 1.39017e-01 |
   1290 | 2.45879e+01 1.90609e-02 | 1.25079e-02 1.07783e-01 1.39017e-01 |
   1291 | 2.46070e+01 1.90609e-02 | 1.25079e-02 1.07783e-01 1.39017e-01 |
   1292 | 2.46260e+01 1.90608e-02 | 1.25079e-02 1.07783e-01 1.39017e-01 |
   1293 | 2.46451e+01 1.90608e-02 | 1.25079e-02 1.07783e-01 1.39017e-01 |
   1294 | 2.46641e+01 1.90607e-02 | 1.25079e-02 1.07783e-01 1.39017e-01 |
   1295 | 2.46832e+01 1.90607e-02 | 1.25079e-02 1.07783e-01 1.39017e-01 |
   1296 | 2.47023e+01 1.90606e-02 | 1.25079e-02 1.07783e-01 1.39017e-01 |
   1297 | 2.47213e+01 1.90606e-02 | 1.25079e-02 1.07783e-01 1.39017e-01 |
   1298 | 2.47404e+01 1.90606e-02 | 1.25079e-02 1.07783e-01 1.39017e-01 |
   1299 | 2.47595e+01 1.90606e-02 | 1.25079e-02 1.07783e-01 1.39017e-01 |
   1300 | 2.47785e+01 1.90605e-02 | 1.25079e-02 1.07783e-01 1.39017e-01 |
   1301 | 2.47976e+01 1.90605e-02 | 1.25079e-02 1.07783e-01 1.39017e-01 |
   1302 | 2.48166e+01 1.90605e-02 | 1.25079e-02 1.07783e-01 1.39017e-01 |
   1303 | 2.48357e+01 1.90605e-02 | 1.25079e-02 1.07783e-01 1.39017e-01 |
   1304 | 2.48548e+01 1.90605e-02 | 1.25079e-02 1.07783e-01 1.39017e-01 |
   1305 | 2.48738e+01 1.90605e-02 | 1.25079e-02 1.07783e-01 1.39017e-01 |
   1306 | 2.48929e+01 1.90606e-02 | 1.25079e-02 1.07783e-01 1.39017e-01 |
   1307 | 2.49119e+01 1.90606e-02 | 1.25078e-02 1.07783e-01 1.39017e-01 |
   1308 | 2.49310e+01 1.90605e-02 | 1.25078e-02 1.07783e-01 1.39017e-01 |
   1309 | 2.49501e+01 1.90605e-02 | 1.25078e-02 1.07783e-01 1.39017e-01 |
   1310 | 2.49691e+01 1.90604e-02 | 1.25078e-02 1.07783e-01 1.39017e-01 |
   1311 | 2.49882e+01 1.90604e-02 | 1.25078e-02 1.07783e-01 1.39017e-01 |
   1312 | 2.50072e+01 1.90603e-02 | 1.25078e-02 1.07783e-01 1.39017e-01 |
   1313 | 2.50263e+01 1.90603e-02 | 1.25078e-02 1.07783e-01 1.39017e-01 |
   1314 | 2.50454e+01 1.90602e-02 | 1.25078e-02 1.07783e-01 1.39017e-01 |
   1315 | 2.50644e+01 1.90602e-02 | 1.25078e-02 1.07783e-01 1.39017e-01 |
   1316 | 2.50835e+01 1.90602e-02 | 1.25078e-02 1.07783e-01 1.39017e-01 |
   1317 | 2.51025e+01 1.90601e-02 | 1.25078e-02 1.07783e-01 1.39017e-01 |
   1318 | 2.51216e+01 1.90601e-02 | 1.25078e-02 1.07783e-01 1.39017e-01 |
   1319 | 2.51407e+01 1.90601e-02 | 1.25078e-02 1.07783e-01 1.39017e-01 |
   1320 | 2.51597e+01 1.90601e-02 | 1.25078e-02 1.07783e-01 1.39017e-01 |
   1321 | 2.51788e+01 1.90601e-02 | 1.25078e-02 1.07783e-01 1.39017e-01 |
   1322 | 2.51978e+01 1.90601e-02 | 1.25078e-02 1.07783e-01 1.39017e-01 |
   1323 | 2.52169e+01 1.90601e-02 | 1.25078e-02 1.07783e-01 1.39017e-01 |
   1324 | 2.52360e+01 1.90601e-02 | 1.25078e-02 1.07783e-01 1.39017e-01 |
   1325 | 2.52550e+01 1.90601e-02 | 1.25078e-02 1.07783e-01 1.39017e-01 |
   1326 | 2.52741e+01 1.90601e-02 | 1.25078e-02 1.07783e-01 1.39017e-01 |
   1327 | 2.52931e+01 1.90602e-02 | 1.25078e-02 1.07783e-01 1.39017e-01 |
   1328 | 2.53122e+01 1.90602e-02 | 1.25078e-02 1.07782e-01 1.39017e-01 |
   1329 | 2.53313e+01 1.90602e-02 | 1.25078e-02 1.07782e-01 1.39017e-01 |
   1330 | 2.53503e+01 1.90603e-02 | 1.25078e-02 1.07782e-01 1.39017e-01 |
   1331 | 2.53694e+01 1.90603e-02 | 1.25078e-02 1.07782e-01 1.39017e-01 |
   1332 | 2.53884e+01 1.90604e-02 | 1.25078e-02 1.07782e-01 1.39017e-01 |
   1333 | 2.54075e+01 1.90604e-02 | 1.25078e-02 1.07782e-01 1.39017e-01 |
   1334 | 2.54266e+01 1.90604e-02 | 1.25078e-02 1.07782e-01 1.39017e-01 |
   1335 | 2.54456e+01 1.90603e-02 | 1.25078e-02 1.07782e-01 1.39017e-01 |
   1336 | 2.54647e+01 1.90603e-02 | 1.25078e-02 1.07782e-01 1.39017e-01 |
   1337 | 2.54837e+01 1.90602e-02 | 1.25078e-02 1.07782e-01 1.39017e-01 |
   1338 | 2.55028e+01 1.90602e-02 | 1.25078e-02 1.07782e-01 1.39017e-01 |
   1339 | 2.55219e+01 1.90602e-02 | 1.25078e-02 1.07782e-01 1.39017e-01 |
   1340 | 2.55409e+01 1.90601e-02 | 1.25078e-02 1.07782e-01 1.39017e-01 |
   1341 | 2.55600e+01 1.90601e-02 | 1.25078e-02 1.07782e-01 1.39017e-01 |
   1342 | 2.55790e+01 1.90601e-02 | 1.25078e-02 1.07782e-01 1.39017e-01 |
   1343 | 2.55981e+01 1.90601e-02 | 1.25078e-02 1.07782e-01 1.39017e-01 |
   1344 | 2.56172e+01 1.90601e-02 | 1.25078e-02 1.07782e-01 1.39017e-01 |
   1345 | 2.56362e+01 1.90601e-02 | 1.25078e-02 1.07782e-01 1.39017e-01 |
   1346 | 2.56553e+01 1.90601e-02 | 1.25078e-02 1.07782e-01 1.39017e-01 |
   1347 | 2.56743e+01 1.90601e-02 | 1.25078e-02 1.07782e-01 1.39017e-01 |
   1348 | 2.56934e+01 1.90602e-02 | 1.25078e-02 1.07782e-01 1.39017e-01 |
   1349 | 2.57125e+01 1.90602e-02 | 1.25078e-02 1.07782e-01 1.39017e-01 |
   1350 | 2.57315e+01 1.90602e-02 | 1.25078e-02 1.07782e-01 1.39017e-01 |
   1351 | 2.57506e+01 1.90602e-02 | 1.25078e-02 1.07782e-01 1.39017e-01 |
   1352 | 2.57696e+01 1.90603e-02 | 1.25078e-02 1.07782e-01 1.39017e-01 |
   1353 | 2.57887e+01 1.90603e-02 | 1.25078e-02 1.07782e-01 1.39017e-01 |
   1354 | 2.58078e+01 1.90604e-02 | 1.25078e-02 1.07782e-01 1.39017e-01 |
   1355 | 2.58268e+01 1.90604e-02 | 1.25078e-02 1.07782e-01 1.39017e-01 |
   1356 | 2.58459e+01 1.90605e-02 | 1.25078e-02 1.07782e-01 1.39017e-01 |
   1357 | 2.58649e+01 1.90606e-02 | 1.25078e-02 1.07782e-01 1.39017e-01 |
   1358 | 2.58840e+01 1.90606e-02 | 1.25078e-02 1.07782e-01 1.39017e-01 |
   1359 | 2.59031e+01 1.90607e-02 | 1.25078e-02 1.07782e-01 1.39017e-01 |
   1360 | 2.59221e+01 1.90608e-02 | 1.25078e-02 1.07782e-01 1.39017e-01 |
   1361 | 2.59412e+01 1.90608e-02 | 1.25078e-02 1.07782e-01 1.39017e-01 |
   1362 | 2.59603e+01 1.90608e-02 | 1.25078e-02 1.07782e-01 1.39017e-01 |
   1363 | 2.59793e+01 1.90608e-02 | 1.25078e-02 1.07782e-01 1.39017e-01 |
   1364 | 2.59984e+01 1.90608e-02 | 1.25077e-02 1.07782e-01 1.39017e-01 |
   1365 | 2.60174e+01 1.90608e-02 | 1.25077e-02 1.07782e-01 1.39017e-01 |
   1366 | 2.60365e+01 1.90608e-02 | 1.25077e-02 1.07782e-01 1.39017e-01 |
   1367 | 2.60556e+01 1.90608e-02 | 1.25077e-02 1.07782e-01 1.39017e-01 |
   1368 | 2.60746e+01 1.90608e-02 | 1.25077e-02 1.07782e-01 1.39017e-01 |
   1369 | 2.60937e+01 1.90609e-02 | 1.25077e-02 1.07782e-01 1.39017e-01 |
   1370 | 2.61127e+01 1.90609e-02 | 1.25077e-02 1.07782e-01 1.39017e-01 |
   1371 | 2.61318e+01 1.90609e-02 | 1.25077e-02 1.07782e-01 1.39017e-01 |
   1372 | 2.61509e+01 1.90610e-02 | 1.25077e-02 1.07782e-01 1.39017e-01 |
   1373 | 2.61699e+01 1.90610e-02 | 1.25077e-02 1.07782e-01 1.39017e-01 |
   1374 | 2.61890e+01 1.90611e-02 | 1.25077e-02 1.07782e-01 1.39017e-01 |
   1375 | 2.62080e+01 1.90610e-02 | 1.25077e-02 1.07782e-01 1.39017e-01 |
   1376 | 2.62271e+01 1.90610e-02 | 1.25077e-02 1.07782e-01 1.39017e-01 |
   1377 | 2.62462e+01 1.90610e-02 | 1.25077e-02 1.07782e-01 1.39017e-01 |
   1378 | 2.62652e+01 1.90610e-02 | 1.25077e-02 1.07782e-01 1.39017e-01 |
   1379 | 2.62843e+01 1.90609e-02 | 1.25077e-02 1.07782e-01 1.39017e-01 |
   1380 | 2.63033e+01 1.90608e-02 | 1.25077e-02 1.07782e-01 1.39017e-01 |
   1381 | 2.63224e+01 1.90608e-02 | 1.25077e-02 1.07782e-01 1.39017e-01 |
   1382 | 2.63415e+01 1.90607e-02 | 1.25077e-02 1.07782e-01 1.39017e-01 |
   1383 | 2.63605e+01 1.90606e-02 | 1.25077e-02 1.07782e-01 1.39017e-01 |
   1384 | 2.63796e+01 1.90605e-02 | 1.25077e-02 1.07782e-01 1.39017e-01 |
   1385 | 2.63987e+01 1.90605e-02 | 1.25077e-02 1.07782e-01 1.39017e-01 |
   1386 | 2.64177e+01 1.90604e-02 | 1.25077e-02 1.07782e-01 1.39017e-01 |
   1387 | 2.64368e+01 1.90604e-02 | 1.25077e-02 1.07782e-01 1.39017e-01 |
   1388 | 2.64558e+01 1.90603e-02 | 1.25077e-02 1.07782e-01 1.39017e-01 |
   1389 | 2.64749e+01 1.90603e-02 | 1.25077e-02 1.07782e-01 1.39017e-01 |
   1390 | 2.64940e+01 1.90603e-02 | 1.25077e-02 1.07782e-01 1.39017e-01 |
   1391 | 2.65130e+01 1.90602e-02 | 1.25077e-02 1.07782e-01 1.39017e-01 |
   1392 | 2.65321e+01 1.90602e-02 | 1.25077e-02 1.07782e-01 1.39017e-01 |
   1393 | 2.65511e+01 1.90602e-02 | 1.25077e-02 1.07782e-01 1.39017e-01 |
   1394 | 2.65702e+01 1.90602e-02 | 1.25077e-02 1.07782e-01 1.39017e-01 |
   1395 | 2.65893e+01 1.90602e-02 | 1.25077e-02 1.07782e-01 1.39017e-01 |
   1396 | 2.66083e+01 1.90602e-02 | 1.25077e-02 1.07782e-01 1.39017e-01 |
   1397 | 2.66274e+01 1.90602e-02 | 1.25077e-02 1.07782e-01 1.39017e-01 |
   1398 | 2.66464e+01 1.90602e-02 | 1.25077e-02 1.07782e-01 1.39017e-01 |
   1399 | 2.66655e+01 1.90602e-02 | 1.25077e-02 1.07782e-01 1.39017e-01 |
   1400 | 2.66846e+01 1.90602e-02 | 1.25077e-02 1.07782e-01 1.39017e-01 |
   1401 | 2.67036e+01 1.90603e-02 | 1.25077e-02 1.07782e-01 1.39017e-01 |
   1402 | 2.67227e+01 1.90603e-02 | 1.25077e-02 1.07782e-01 1.39017e-01 |
   1403 | 2.67417e+01 1.90603e-02 | 1.25077e-02 1.07782e-01 1.39017e-01 |
   1404 | 2.67608e+01 1.90604e-02 | 1.25077e-02 1.07782e-01 1.39017e-01 |
   1405 | 2.67799e+01 1.90604e-02 | 1.25077e-02 1.07782e-01 1.39017e-01 |
   1406 | 2.67989e+01 1.90605e-02 | 1.25077e-02 1.07782e-01 1.39017e-01 |
   1407 | 2.68180e+01 1.90604e-02 | 1.25077e-02 1.07782e-01 1.39017e-01 |
   1408 | 2.68370e+01 1.90604e-02 | 1.25077e-02 1.07782e-01 1.39017e-01 |
   1409 | 2.68561e+01 1.90603e-02 | 1.25077e-02 1.07782e-01 1.39017e-01 |
   1410 | 2.68752e+01 1.90603e-02 | 1.25077e-02 1.07782e-01 1.39017e-01 |
   1411 | 2.68942e+01 1.90602e-02 | 1.25077e-02 1.07782e-01 1.39017e-01 |
   1412 | 2.69133e+01 1.90602e-02 | 1.25077e-02 1.07782e-01 1.39017e-01 |
   1413 | 2.69323e+01 1.90602e-02 | 1.25077e-02 1.07782e-01 1.39017e-01 |
   1414 | 2.69514e+01 1.90602e-02 | 1.25077e-02 1.07782e-01 1.39017e-01 |
   1415 | 2.69705e+01 1.90601e-02 | 1.25077e-02 1.07782e-01 1.39017e-01 |
   1416 | 2.69895e+01 1.90601e-02 | 1.25077e-02 1.07782e-01 1.39017e-01 |
   1417 | 2.70086e+01 1.90601e-02 | 1.25077e-02 1.07782e-01 1.39017e-01 |
   1418 | 2.70276e+01 1.90601e-02 | 1.25077e-02 1.07782e-01 1.39017e-01 |
   1419 | 2.70467e+01 1.90601e-02 | 1.25077e-02 1.07782e-01 1.39017e-01 |
   1420 | 2.70658e+01 1.90601e-02 | 1.25077e-02 1.07782e-01 1.39017e-01 |
   1421 | 2.70848e+01 1.90601e-02 | 1.25077e-02 1.07782e-01 1.39017e-01 |
   1422 | 2.71039e+01 1.90601e-02 | 1.25077e-02 1.07782e-01 1.39017e-01 |
   1423 | 2.71229e+01 1.90602e-02 | 1.25077e-02 1.07782e-01 1.39017e-01 |
   1424 | 2.71420e+01 1.90602e-02 | 1.25077e-02 1.07782e-01 1.39017e-01 |
   1425 | 2.71611e+01 1.90602e-02 | 1.25077e-02 1.07782e-01 1.39017e-01 |
   1426 | 2.71801e+01 1.90603e-02 | 1.25077e-02 1.07782e-01 1.39017e-01 |
   1427 | 2.71992e+01 1.90603e-02 | 1.25077e-02 1.07782e-01 1.39017e-01 |
   1428 | 2.72182e+01 1.90604e-02 | 1.25077e-02 1.07782e-01 1.39017e-01 |
   1429 | 2.72373e+01 1.90604e-02 | 1.25077e-02 1.07782e-01 1.39017e-01 |
   1430 | 2.72564e+01 1.90605e-02 | 1.25077e-02 1.07781e-01 1.39017e-01 |
   1431 | 2.72754e+01 1.90605e-02 | 1.25077e-02 1.07781e-01 1.39017e-01 |
   1432 | 2.72945e+01 1.90604e-02 | 1.25077e-02 1.07781e-01 1.39017e-01 |
   1433 | 2.73135e+01 1.90604e-02 | 1.25077e-02 1.07781e-01 1.39017e-01 |
   1434 | 2.73326e+01 1.90604e-02 | 1.25077e-02 1.07781e-01 1.39017e-01 |
   1435 | 2.73517e+01 1.90604e-02 | 1.25077e-02 1.07781e-01 1.39017e-01 |
   1436 | 2.73707e+01 1.90604e-02 | 1.25077e-02 1.07781e-01 1.39017e-01 |
   1437 | 2.73898e+01 1.90604e-02 | 1.25077e-02 1.07781e-01 1.39017e-01 |
   1438 | 2.74088e+01 1.90604e-02 | 1.25077e-02 1.07781e-01 1.39017e-01 |
   1439 | 2.74279e+01 1.90604e-02 | 1.25076e-02 1.07781e-01 1.39017e-01 |
   1440 | 2.74470e+01 1.90604e-02 | 1.25076e-02 1.07781e-01 1.39017e-01 |
   1441 | 2.74660e+01 1.90604e-02 | 1.25076e-02 1.07781e-01 1.39017e-01 |
   1442 | 2.74851e+01 1.90604e-02 | 1.25076e-02 1.07781e-01 1.39017e-01 |
   1443 | 2.75041e+01 1.90605e-02 | 1.25076e-02 1.07781e-01 1.39017e-01 |
   1444 | 2.75232e+01 1.90605e-02 | 1.25076e-02 1.07781e-01 1.39017e-01 |
   1445 | 2.75423e+01 1.90605e-02 | 1.25076e-02 1.07781e-01 1.39017e-01 |
   1446 | 2.75613e+01 1.90606e-02 | 1.25076e-02 1.07781e-01 1.39017e-01 |
   1447 | 2.75804e+01 1.90606e-02 | 1.25076e-02 1.07781e-01 1.39017e-01 |
   1448 | 2.75995e+01 1.90607e-02 | 1.25076e-02 1.07781e-01 1.39017e-01 |
   1449 | 2.76185e+01 1.90607e-02 | 1.25076e-02 1.07781e-01 1.39017e-01 |
   1450 | 2.76376e+01 1.90608e-02 | 1.25076e-02 1.07781e-01 1.39017e-01 |
   1451 | 2.76566e+01 1.90608e-02 | 1.25076e-02 1.07781e-01 1.39017e-01 |
   1452 | 2.76757e+01 1.90607e-02 | 1.25076e-02 1.07781e-01 1.39017e-01 |
   1453 | 2.76948e+01 1.90607e-02 | 1.25076e-02 1.07781e-01 1.39017e-01 |
   1454 | 2.77138e+01 1.90607e-02 | 1.25076e-02 1.07781e-01 1.39017e-01 |
   1455 | 2.77329e+01 1.90606e-02 | 1.25076e-02 1.07781e-01 1.39017e-01 |
   1456 | 2.77519e+01 1.90606e-02 | 1.25076e-02 1.07781e-01 1.39017e-01 |
   1457 | 2.77710e+01 1.90606e-02 | 1.25076e-02 1.07781e-01 1.39017e-01 |
   1458 | 2.77901e+01 1.90606e-02 | 1.25076e-02 1.07781e-01 1.39017e-01 |
   1459 | 2.78091e+01 1.90606e-02 | 1.25076e-02 1.07781e-01 1.39017e-01 |
   1460 | 2.78282e+01 1.90606e-02 | 1.25076e-02 1.07781e-01 1.39017e-01 |
   1461 | 2.78472e+01 1.90606e-02 | 1.25076e-02 1.07781e-01 1.39017e-01 |
   1462 | 2.78663e+01 1.90606e-02 | 1.25076e-02 1.07781e-01 1.39017e-01 |
   1463 | 2.78854e+01 1.90606e-02 | 1.25076e-02 1.07781e-01 1.39017e-01 |
   1464 | 2.79044e+01 1.90606e-02 | 1.25076e-02 1.07781e-01 1.39017e-01 |
   1465 | 2.79235e+01 1.90605e-02 | 1.25076e-02 1.07781e-01 1.39017e-01 |
   1466 | 2.79425e+01 1.90605e-02 | 1.25076e-02 1.07781e-01 1.39017e-01 |
   1467 | 2.79616e+01 1.90605e-02 | 1.25076e-02 1.07781e-01 1.39017e-01 |
   1468 | 2.79807e+01 1.90605e-02 | 1.25076e-02 1.07781e-01 1.39017e-01 |
   1469 | 2.79997e+01 1.90605e-02 | 1.25076e-02 1.07781e-01 1.39017e-01 |
   1470 | 2.80188e+01 1.90605e-02 | 1.25076e-02 1.07781e-01 1.39017e-01 |
   1471 | 2.80378e+01 1.90605e-02 | 1.25076e-02 1.07781e-01 1.39017e-01 |
   1472 | 2.80569e+01 1.90605e-02 | 1.25076e-02 1.07781e-01 1.39017e-01 |
   1473 | 2.80760e+01 1.90605e-02 | 1.25076e-02 1.07781e-01 1.39017e-01 |
   1474 | 2.80950e+01 1.90605e-02 | 1.25076e-02 1.07781e-01 1.39017e-01 |
   1475 | 2.81141e+01 1.90605e-02 | 1.25076e-02 1.07781e-01 1.39018e-01 |
   1476 | 2.81331e+01 1.90606e-02 | 1.25076e-02 1.07781e-01 1.39018e-01 |
   1477 | 2.81522e+01 1.90606e-02 | 1.25076e-02 1.07781e-01 1.39018e-01 |
   1478 | 2.81713e+01 1.90606e-02 | 1.25076e-02 1.07781e-01 1.39018e-01 |
   1479 | 2.81903e+01 1.90607e-02 | 1.25076e-02 1.07781e-01 1.39018e-01 |
   1480 | 2.82094e+01 1.90607e-02 | 1.25076e-02 1.07781e-01 1.39018e-01 |
   1481 | 2.82285e+01 1.90606e-02 | 1.25076e-02 1.07781e-01 1.39018e-01 |
   1482 | 2.82475e+01 1.90606e-02 | 1.25076e-02 1.07781e-01 1.39018e-01 |
   1483 | 2.82666e+01 1.90605e-02 | 1.25076e-02 1.07781e-01 1.39018e-01 |
   1484 | 2.82856e+01 1.90605e-02 | 1.25076e-02 1.07781e-01 1.39018e-01 |
   1485 | 2.83047e+01 1.90604e-02 | 1.25076e-02 1.07781e-01 1.39018e-01 |
   1486 | 2.83238e+01 1.90604e-02 | 1.25076e-02 1.07781e-01 1.39018e-01 |
   1487 | 2.83428e+01 1.90604e-02 | 1.25076e-02 1.07781e-01 1.39018e-01 |
   1488 | 2.83619e+01 1.90603e-02 | 1.25076e-02 1.07781e-01 1.39018e-01 |
   1489 | 2.83809e+01 1.90603e-02 | 1.25076e-02 1.07781e-01 1.39018e-01 |
   1490 | 2.84000e+01 1.90603e-02 | 1.25076e-02 1.07781e-01 1.39018e-01 |
   1491 | 2.84191e+01 1.90603e-02 | 1.25076e-02 1.07781e-01 1.39018e-01 |
   1492 | 2.84381e+01 1.90603e-02 | 1.25076e-02 1.07781e-01 1.39018e-01 |
   1493 | 2.84572e+01 1.90603e-02 | 1.25076e-02 1.07781e-01 1.39018e-01 |
   1494 | 2.84762e+01 1.90603e-02 | 1.25076e-02 1.07781e-01 1.39018e-01 |
   1495 | 2.84953e+01 1.90603e-02 | 1.25076e-02 1.07781e-01 1.39018e-01 |
   1496 | 2.85144e+01 1.90603e-02 | 1.25076e-02 1.07781e-01 1.39018e-01 |
   1497 | 2.85334e+01 1.90603e-02 | 1.25076e-02 1.07781e-01 1.39018e-01 |
   1498 | 2.85525e+01 1.90604e-02 | 1.25076e-02 1.07781e-01 1.39018e-01 |
   1499 | 2.85715e+01 1.90604e-02 | 1.25076e-02 1.07781e-01 1.39018e-01 |
   1500 | 2.85906e+01 1.90604e-02 | 1.25076e-02 1.07781e-01 1.39018e-01 |
   1501 | 2.86097e+01 1.90604e-02 | 1.25076e-02 1.07781e-01 1.39018e-01 |
   1502 | 2.86287e+01 1.90604e-02 | 1.25076e-02 1.07781e-01 1.39018e-01 |
   1503 | 2.86478e+01 1.90603e-02 | 1.25076e-02 1.07781e-01 1.39018e-01 |
   1504 | 2.86668e+01 1.90603e-02 | 1.25076e-02 1.07781e-01 1.39018e-01 |
   1505 | 2.86859e+01 1.90603e-02 | 1.25076e-02 1.07781e-01 1.39018e-01 |
   1506 | 2.87050e+01 1.90602e-02 | 1.25076e-02 1.07781e-01 1.39018e-01 |
   1507 | 2.87240e+01 1.90602e-02 | 1.25076e-02 1.07781e-01 1.39018e-01 |
   1508 | 2.87431e+01 1.90602e-02 | 1.25076e-02 1.07781e-01 1.39018e-01 |
   1509 | 2.87621e+01 1.90602e-02 | 1.25076e-02 1.07781e-01 1.39018e-01 |
   1510 | 2.87812e+01 1.90601e-02 | 1.25076e-02 1.07781e-01 1.39018e-01 |
   1511 | 2.88003e+01 1.90601e-02 | 1.25076e-02 1.07781e-01 1.39018e-01 |
   1512 | 2.88193e+01 1.90601e-02 | 1.25076e-02 1.07781e-01 1.39018e-01 |
   1513 | 2.88384e+01 1.90601e-02 | 1.25076e-02 1.07781e-01 1.39018e-01 |
   1514 | 2.88574e+01 1.90602e-02 | 1.25076e-02 1.07781e-01 1.39018e-01 |
   1515 | 2.88765e+01 1.90602e-02 | 1.25076e-02 1.07781e-01 1.39018e-01 |
   1516 | 2.88956e+01 1.90602e-02 | 1.25076e-02 1.07781e-01 1.39018e-01 |
   1517 | 2.89146e+01 1.90602e-02 | 1.25076e-02 1.07781e-01 1.39018e-01 |
   1518 | 2.89337e+01 1.90603e-02 | 1.25076e-02 1.07781e-01 1.39018e-01 |
   1519 | 2.89527e+01 1.90603e-02 | 1.25076e-02 1.07781e-01 1.39018e-01 |
   1520 | 2.89718e+01 1.90603e-02 | 1.25076e-02 1.07781e-01 1.39018e-01 |
   1521 | 2.89909e+01 1.90604e-02 | 1.25076e-02 1.07781e-01 1.39018e-01 |
   1522 | 2.90099e+01 1.90604e-02 | 1.25076e-02 1.07781e-01 1.39018e-01 |
   1523 | 2.90290e+01 1.90605e-02 | 1.25076e-02 1.07781e-01 1.39018e-01 |
   1524 | 2.90480e+01 1.90605e-02 | 1.25076e-02 1.07781e-01 1.39018e-01 |
   1525 | 2.90671e+01 1.90605e-02 | 1.25076e-02 1.07781e-01 1.39018e-01 |
   1526 | 2.90862e+01 1.90604e-02 | 1.25076e-02 1.07781e-01 1.39018e-01 |
   1527 | 2.91052e+01 1.90604e-02 | 1.25076e-02 1.07781e-01 1.39018e-01 |
   1528 | 2.91243e+01 1.90604e-02 | 1.25076e-02 1.07781e-01 1.39018e-01 |
   1529 | 2.91433e+01 1.90603e-02 | 1.25076e-02 1.07780e-01 1.39018e-01 |
   1530 | 2.91624e+01 1.90603e-02 | 1.25076e-02 1.07780e-01 1.39018e-01 |
   1531 | 2.91815e+01 1.90603e-02 | 1.25076e-02 1.07780e-01 1.39018e-01 |
   1532 | 2.92005e+01 1.90603e-02 | 1.25076e-02 1.07780e-01 1.39018e-01 |
   1533 | 2.92196e+01 1.90603e-02 | 1.25076e-02 1.07780e-01 1.39018e-01 |
   1534 | 2.92386e+01 1.90602e-02 | 1.25076e-02 1.07780e-01 1.39018e-01 |
   1535 | 2.92577e+01 1.90603e-02 | 1.25076e-02 1.07780e-01 1.39018e-01 |
   1536 | 2.92768e+01 1.90603e-02 | 1.25076e-02 1.07780e-01 1.39018e-01 |
   1537 | 2.92958e+01 1.90603e-02 | 1.25076e-02 1.07780e-01 1.39018e-01 |
   1538 | 2.93149e+01 1.90603e-02 | 1.25076e-02 1.07780e-01 1.39018e-01 |
   1539 | 2.93339e+01 1.90603e-02 | 1.25076e-02 1.07780e-01 1.39018e-01 |
   1540 | 2.93530e+01 1.90603e-02 | 1.25076e-02 1.07780e-01 1.39018e-01 |
   1541 | 2.93721e+01 1.90604e-02 | 1.25076e-02 1.07780e-01 1.39018e-01 |
   1542 | 2.93911e+01 1.90604e-02 | 1.25076e-02 1.07780e-01 1.39018e-01 |
   1543 | 2.94102e+01 1.90605e-02 | 1.25076e-02 1.07780e-01 1.39018e-01 |
   1544 | 2.94293e+01 1.90605e-02 | 1.25076e-02 1.07780e-01 1.39018e-01 |
   1545 | 2.94483e+01 1.90606e-02 | 1.25076e-02 1.07780e-01 1.39018e-01 |
   1546 | 2.94674e+01 1.90606e-02 | 1.25076e-02 1.07780e-01 1.39018e-01 |
   1547 | 2.94864e+01 1.90607e-02 | 1.25076e-02 1.07780e-01 1.39018e-01 |
   1548 | 2.95055e+01 1.90608e-02 | 1.25076e-02 1.07780e-01 1.39018e-01 |
   1549 | 2.95246e+01 1.90608e-02 | 1.25076e-02 1.07780e-01 1.39018e-01 |
   1550 | 2.95436e+01 1.90609e-02 | 1.25076e-02 1.07780e-01 1.39018e-01 |
   1551 | 2.95627e+01 1.90610e-02 | 1.25076e-02 1.07780e-01 1.39018e-01 |
   1552 | 2.95817e+01 1.90611e-02 | 1.25076e-02 1.07780e-01 1.39018e-01 |
   1553 | 2.96008e+01 1.90612e-02 | 1.25076e-02 1.07780e-01 1.39018e-01 |
   1554 | 2.96199e+01 1.90611e-02 | 1.25076e-02 1.07780e-01 1.39018e-01 |
   1555 | 2.96389e+01 1.90610e-02 | 1.25076e-02 1.07780e-01 1.39018e-01 |
   1556 | 2.96580e+01 1.90610e-02 | 1.25076e-02 1.07780e-01 1.39018e-01 |
   1557 | 2.96770e+01 1.90609e-02 | 1.25076e-02 1.07780e-01 1.39018e-01 |
   1558 | 2.96961e+01 1.90609e-02 | 1.25076e-02 1.07780e-01 1.39018e-01 |
   1559 | 2.97152e+01 1.90608e-02 | 1.25076e-02 1.07780e-01 1.39018e-01 |
   1560 | 2.97342e+01 1.90608e-02 | 1.25076e-02 1.07780e-01 1.39018e-01 |
   1561 | 2.97533e+01 1.90608e-02 | 1.25076e-02 1.07780e-01 1.39018e-01 |
   1562 | 2.97723e+01 1.90607e-02 | 1.25076e-02 1.07780e-01 1.39018e-01 |
   1563 | 2.97914e+01 1.90607e-02 | 1.25076e-02 1.07780e-01 1.39018e-01 |
   1564 | 2.98105e+01 1.90607e-02 | 1.25076e-02 1.07780e-01 1.39018e-01 |
   1565 | 2.98295e+01 1.90607e-02 | 1.25076e-02 1.07780e-01 1.39018e-01 |
   1566 | 2.98486e+01 1.90607e-02 | 1.25076e-02 1.07780e-01 1.39018e-01 |
   1567 | 2.98677e+01 1.90607e-02 | 1.25076e-02 1.07780e-01 1.39018e-01 |
   1568 | 2.98867e+01 1.90607e-02 | 1.25075e-02 1.07780e-01 1.39018e-01 |
   1569 | 2.99058e+01 1.90607e-02 | 1.25075e-02 1.07780e-01 1.39018e-01 |
   1570 | 2.99248e+01 1.90607e-02 | 1.25075e-02 1.07780e-01 1.39018e-01 |
   1571 | 2.99439e+01 1.90607e-02 | 1.25075e-02 1.07780e-01 1.39018e-01 |
   1572 | 2.99630e+01 1.90606e-02 | 1.25075e-02 1.07780e-01 1.39018e-01 |
   1573 | 2.99820e+01 1.90606e-02 | 1.25075e-02 1.07780e-01 1.39018e-01 |
   1574 | 3.00011e+01 1.90605e-02 | 1.25075e-02 1.07780e-01 1.39018e-01 |
   1575 | 3.00201e+01 1.90604e-02 | 1.25075e-02 1.07780e-01 1.39018e-01 |
   1576 | 3.00392e+01 1.90604e-02 | 1.25075e-02 1.07780e-01 1.39018e-01 |
   1577 | 3.00583e+01 1.90603e-02 | 1.25075e-02 1.07780e-01 1.39018e-01 |
   1578 | 3.00773e+01 1.90603e-02 | 1.25075e-02 1.07780e-01 1.39018e-01 |
   1579 | 3.00964e+01 1.90602e-02 | 1.25075e-02 1.07780e-01 1.39018e-01 |
   1580 | 3.01154e+01 1.90602e-02 | 1.25075e-02 1.07780e-01 1.39018e-01 |
   1581 | 3.01345e+01 1.90602e-02 | 1.25075e-02 1.07780e-01 1.39018e-01 |
   1582 | 3.01536e+01 1.90601e-02 | 1.25075e-02 1.07780e-01 1.39018e-01 |
   1583 | 3.01726e+01 1.90601e-02 | 1.25075e-02 1.07780e-01 1.39018e-01 |
   1584 | 3.01917e+01 1.90601e-02 | 1.25075e-02 1.07780e-01 1.39018e-01 |
   1585 | 3.02107e+01 1.90601e-02 | 1.25075e-02 1.07780e-01 1.39018e-01 |
   1586 | 3.02298e+01 1.90601e-02 | 1.25075e-02 1.07780e-01 1.39018e-01 |
   1587 | 3.02489e+01 1.90601e-02 | 1.25075e-02 1.07780e-01 1.39018e-01 |
   1588 | 3.02679e+01 1.90601e-02 | 1.25075e-02 1.07780e-01 1.39018e-01 |
   1589 | 3.02870e+01 1.90601e-02 | 1.25075e-02 1.07780e-01 1.39018e-01 |
   1590 | 3.03060e+01 1.90602e-02 | 1.25075e-02 1.07780e-01 1.39018e-01 |
   1591 | 3.03251e+01 1.90602e-02 | 1.25075e-02 1.07780e-01 1.39018e-01 |
   1592 | 3.03442e+01 1.90602e-02 | 1.25075e-02 1.07780e-01 1.39018e-01 |
   1593 | 3.03632e+01 1.90602e-02 | 1.25075e-02 1.07780e-01 1.39018e-01 |
   1594 | 3.03823e+01 1.90603e-02 | 1.25075e-02 1.07780e-01 1.39018e-01 |
   1595 | 3.04013e+01 1.90603e-02 | 1.25075e-02 1.07780e-01 1.39018e-01 |
   1596 | 3.04204e+01 1.90604e-02 | 1.25075e-02 1.07780e-01 1.39018e-01 |
   1597 | 3.04395e+01 1.90604e-02 | 1.25075e-02 1.07780e-01 1.39018e-01 |
   1598 | 3.04585e+01 1.90604e-02 | 1.25075e-02 1.07780e-01 1.39018e-01 |
   1599 | 3.04776e+01 1.90604e-02 | 1.25075e-02 1.07780e-01 1.39018e-01 |
   1600 | 3.04966e+01 1.90603e-02 | 1.25075e-02 1.07780e-01 1.39018e-01 |
   1601 | 3.05157e+01 1.90603e-02 | 1.25075e-02 1.07780e-01 1.39018e-01 |
   1602 | 3.05348e+01 1.90602e-02 | 1.25075e-02 1.07780e-01 1.39018e-01 |
   1603 | 3.05538e+01 1.90602e-02 | 1.25075e-02 1.07780e-01 1.39018e-01 |
   1604 | 3.05729e+01 1.90602e-02 | 1.25075e-02 1.07780e-01 1.39018e-01 |
   1605 | 3.05919e+01 1.90601e-02 | 1.25075e-02 1.07780e-01 1.39018e-01 |
   1606 | 3.06110e+01 1.90601e-02 | 1.25075e-02 1.07780e-01 1.39018e-01 |
   1607 | 3.06301e+01 1.90601e-02 | 1.25075e-02 1.07780e-01 1.39018e-01 |
   1608 | 3.06491e+01 1.90601e-02 | 1.25075e-02 1.07780e-01 1.39018e-01 |
   1609 | 3.06682e+01 1.90601e-02 | 1.25075e-02 1.07780e-01 1.39018e-01 |
   1610 | 3.06872e+01 1.90601e-02 | 1.25075e-02 1.07780e-01 1.39018e-01 |
   1611 | 3.07063e+01 1.90601e-02 | 1.25075e-02 1.07780e-01 1.39018e-01 |
   1612 | 3.07254e+01 1.90601e-02 | 1.25075e-02 1.07780e-01 1.39018e-01 |
   1613 | 3.07444e+01 1.90602e-02 | 1.25075e-02 1.07780e-01 1.39018e-01 |
   1614 | 3.07635e+01 1.90602e-02 | 1.25075e-02 1.07780e-01 1.39018e-01 |
   1615 | 3.07825e+01 1.90602e-02 | 1.25075e-02 1.07780e-01 1.39018e-01 |
   1616 | 3.08016e+01 1.90603e-02 | 1.25075e-02 1.07780e-01 1.39018e-01 |
   1617 | 3.08207e+01 1.90603e-02 | 1.25075e-02 1.07780e-01 1.39018e-01 |
   1618 | 3.08397e+01 1.90603e-02 | 1.25075e-02 1.07780e-01 1.39018e-01 |
   1619 | 3.08588e+01 1.90604e-02 | 1.25075e-02 1.07780e-01 1.39018e-01 |
   1620 | 3.08778e+01 1.90605e-02 | 1.25075e-02 1.07780e-01 1.39018e-01 |
   1621 | 3.08969e+01 1.90605e-02 | 1.25075e-02 1.07780e-01 1.39018e-01 |
   1622 | 3.09160e+01 1.90606e-02 | 1.25075e-02 1.07779e-01 1.39018e-01 |
   1623 | 3.09350e+01 1.90607e-02 | 1.25075e-02 1.07779e-01 1.39018e-01 |
   1624 | 3.09541e+01 1.90607e-02 | 1.25075e-02 1.07779e-01 1.39018e-01 |
   1625 | 3.09731e+01 1.90607e-02 | 1.25075e-02 1.07779e-01 1.39018e-01 |
   1626 | 3.09922e+01 1.90607e-02 | 1.25075e-02 1.07779e-01 1.39018e-01 |
   1627 | 3.10113e+01 1.90607e-02 | 1.25075e-02 1.07779e-01 1.39018e-01 |
   1628 | 3.10303e+01 1.90607e-02 | 1.25075e-02 1.07779e-01 1.39018e-01 |
   1629 | 3.10494e+01 1.90607e-02 | 1.25075e-02 1.07779e-01 1.39018e-01 |
   1630 | 3.10685e+01 1.90607e-02 | 1.25075e-02 1.07779e-01 1.39018e-01 |
   1631 | 3.10875e+01 1.90607e-02 | 1.25075e-02 1.07779e-01 1.39018e-01 |
   1632 | 3.11066e+01 1.90607e-02 | 1.25075e-02 1.07779e-01 1.39018e-01 |
   1633 | 3.11256e+01 1.90607e-02 | 1.25075e-02 1.07779e-01 1.39018e-01 |
   1634 | 3.11447e+01 1.90608e-02 | 1.25075e-02 1.07779e-01 1.39018e-01 |
   1635 | 3.11638e+01 1.90608e-02 | 1.25075e-02 1.07779e-01 1.39018e-01 |
   1636 | 3.11828e+01 1.90608e-02 | 1.25075e-02 1.07779e-01 1.39018e-01 |
   1637 | 3.12019e+01 1.90609e-02 | 1.25075e-02 1.07779e-01 1.39018e-01 |
   1638 | 3.12209e+01 1.90609e-02 | 1.25075e-02 1.07779e-01 1.39018e-01 |
   1639 | 3.12400e+01 1.90610e-02 | 1.25075e-02 1.07779e-01 1.39018e-01 |
   1640 | 3.12591e+01 1.90611e-02 | 1.25075e-02 1.07779e-01 1.39018e-01 |
   1641 | 3.12781e+01 1.90611e-02 | 1.25075e-02 1.07779e-01 1.39018e-01 |
   1642 | 3.12972e+01 1.90611e-02 | 1.25075e-02 1.07779e-01 1.39018e-01 |
   1643 | 3.13162e+01 1.90611e-02 | 1.25075e-02 1.07779e-01 1.39018e-01 |
   1644 | 3.13353e+01 1.90610e-02 | 1.25075e-02 1.07779e-01 1.39018e-01 |
   1645 | 3.13544e+01 1.90609e-02 | 1.25075e-02 1.07779e-01 1.39018e-01 |
   1646 | 3.13734e+01 1.90608e-02 | 1.25075e-02 1.07779e-01 1.39018e-01 |
   1647 | 3.13925e+01 1.90607e-02 | 1.25075e-02 1.07779e-01 1.39018e-01 |
   1648 | 3.14115e+01 1.90607e-02 | 1.25075e-02 1.07779e-01 1.39018e-01 |
   1649 | 3.14306e+01 1.90606e-02 | 1.25075e-02 1.07779e-01 1.39018e-01 |
   1650 | 3.14497e+01 1.90605e-02 | 1.25075e-02 1.07779e-01 1.39018e-01 |
   1651 | 3.14687e+01 1.90605e-02 | 1.25075e-02 1.07779e-01 1.39018e-01 |
   1652 | 3.14878e+01 1.90604e-02 | 1.25075e-02 1.07779e-01 1.39018e-01 |
   1653 | 3.15068e+01 1.90604e-02 | 1.25075e-02 1.07779e-01 1.39018e-01 |
   1654 | 3.15259e+01 1.90604e-02 | 1.25075e-02 1.07779e-01 1.39018e-01 |
   1655 | 3.15450e+01 1.90603e-02 | 1.25075e-02 1.07779e-01 1.39018e-01 |
   1656 | 3.15640e+01 1.90603e-02 | 1.25075e-02 1.07779e-01 1.39018e-01 |
   1657 | 3.15831e+01 1.90603e-02 | 1.25075e-02 1.07779e-01 1.39018e-01 |
   1658 | 3.16022e+01 1.90603e-02 | 1.25075e-02 1.07779e-01 1.39018e-01 |
   1659 | 3.16212e+01 1.90603e-02 | 1.25075e-02 1.07779e-01 1.39018e-01 |
   1660 | 3.16403e+01 1.90603e-02 | 1.25075e-02 1.07779e-01 1.39018e-01 |
   1661 | 3.16593e+01 1.90603e-02 | 1.25075e-02 1.07779e-01 1.39018e-01 |
   1662 | 3.16784e+01 1.90603e-02 | 1.25075e-02 1.07779e-01 1.39018e-01 |
   1663 | 3.16975e+01 1.90603e-02 | 1.25075e-02 1.07779e-01 1.39018e-01 |
   1664 | 3.17165e+01 1.90603e-02 | 1.25075e-02 1.07779e-01 1.39018e-01 |
   1665 | 3.17356e+01 1.90603e-02 | 1.25075e-02 1.07779e-01 1.39018e-01 |
   1666 | 3.17546e+01 1.90603e-02 | 1.25075e-02 1.07779e-01 1.39019e-01 |
   1667 | 3.17737e+01 1.90604e-02 | 1.25075e-02 1.07779e-01 1.39019e-01 |
   1668 | 3.17928e+01 1.90604e-02 | 1.25075e-02 1.07779e-01 1.39019e-01 |
   1669 | 3.18118e+01 1.90605e-02 | 1.25075e-02 1.07779e-01 1.39019e-01 |
   1670 | 3.18309e+01 1.90605e-02 | 1.25075e-02 1.07779e-01 1.39019e-01 |
   1671 | 3.18499e+01 1.90605e-02 | 1.25075e-02 1.07779e-01 1.39019e-01 |
   1672 | 3.18690e+01 1.90605e-02 | 1.25075e-02 1.07779e-01 1.39019e-01 |
   1673 | 3.18881e+01 1.90604e-02 | 1.25075e-02 1.07779e-01 1.39019e-01 |
   1674 | 3.19071e+01 1.90604e-02 | 1.25075e-02 1.07779e-01 1.39019e-01 |
   1675 | 3.19262e+01 1.90603e-02 | 1.25075e-02 1.07779e-01 1.39019e-01 |
   1676 | 3.19452e+01 1.90603e-02 | 1.25075e-02 1.07779e-01 1.39019e-01 |
   1677 | 3.19643e+01 1.90602e-02 | 1.25075e-02 1.07779e-01 1.39019e-01 |
   1678 | 3.19834e+01 1.90602e-02 | 1.25075e-02 1.07779e-01 1.39019e-01 |
   1679 | 3.20024e+01 1.90602e-02 | 1.25075e-02 1.07779e-01 1.39019e-01 |
   1680 | 3.20215e+01 1.90602e-02 | 1.25075e-02 1.07779e-01 1.39019e-01 |
   1681 | 3.20405e+01 1.90602e-02 | 1.25075e-02 1.07779e-01 1.39019e-01 |
   1682 | 3.20596e+01 1.90602e-02 | 1.25075e-02 1.07779e-01 1.39019e-01 |
   1683 | 3.20787e+01 1.90602e-02 | 1.25075e-02 1.07779e-01 1.39019e-01 |
   1684 | 3.20977e+01 1.90602e-02 | 1.25075e-02 1.07779e-01 1.39019e-01 |
   1685 | 3.21168e+01 1.90602e-02 | 1.25075e-02 1.07779e-01 1.39019e-01 |
   1686 | 3.21358e+01 1.90602e-02 | 1.25075e-02 1.07779e-01 1.39019e-01 |
   1687 | 3.21549e+01 1.90602e-02 | 1.25075e-02 1.07779e-01 1.39019e-01 |
   1688 | 3.21740e+01 1.90602e-02 | 1.25075e-02 1.07779e-01 1.39019e-01 |
   1689 | 3.21930e+01 1.90603e-02 | 1.25075e-02 1.07779e-01 1.39019e-01 |
   1690 | 3.22121e+01 1.90603e-02 | 1.25075e-02 1.07779e-01 1.39019e-01 |
   1691 | 3.22311e+01 1.90603e-02 | 1.25075e-02 1.07779e-01 1.39019e-01 |
   1692 | 3.22502e+01 1.90604e-02 | 1.25075e-02 1.07779e-01 1.39019e-01 |
   1693 | 3.22693e+01 1.90604e-02 | 1.25075e-02 1.07779e-01 1.39019e-01 |
   1694 | 3.22883e+01 1.90605e-02 | 1.25075e-02 1.07779e-01 1.39019e-01 |
   1695 | 3.23074e+01 1.90604e-02 | 1.25075e-02 1.07779e-01 1.39019e-01 |
   1696 | 3.23264e+01 1.90604e-02 | 1.25075e-02 1.07779e-01 1.39019e-01 |
   1697 | 3.23455e+01 1.90604e-02 | 1.25075e-02 1.07779e-01 1.39019e-01 |
   1698 | 3.23646e+01 1.90603e-02 | 1.25075e-02 1.07779e-01 1.39019e-01 |
   1699 | 3.23836e+01 1.90603e-02 | 1.25075e-02 1.07779e-01 1.39019e-01 |
   1700 | 3.24027e+01 1.90603e-02 | 1.25075e-02 1.07779e-01 1.39019e-01 |
   1701 | 3.24217e+01 1.90603e-02 | 1.25075e-02 1.07779e-01 1.39019e-01 |
   1702 | 3.24408e+01 1.90603e-02 | 1.25075e-02 1.07779e-01 1.39019e-01 |
   1703 | 3.24599e+01 1.90603e-02 | 1.25075e-02 1.07779e-01 1.39019e-01 |
   1704 | 3.24789e+01 1.90603e-02 | 1.25074e-02 1.07779e-01 1.39019e-01 |
   1705 | 3.24980e+01 1.90603e-02 | 1.25074e-02 1.07779e-01 1.39019e-01 |
   1706 | 3.25170e+01 1.90603e-02 | 1.25074e-02 1.07779e-01 1.39019e-01 |
   1707 | 3.25361e+01 1.90604e-02 | 1.25074e-02 1.07779e-01 1.39019e-01 |
   1708 | 3.25552e+01 1.90604e-02 | 1.25074e-02 1.07779e-01 1.39019e-01 |
   1709 | 3.25742e+01 1.90604e-02 | 1.25074e-02 1.07779e-01 1.39019e-01 |
   1710 | 3.25933e+01 1.90605e-02 | 1.25074e-02 1.07779e-01 1.39019e-01 |
   1711 | 3.26123e+01 1.90605e-02 | 1.25074e-02 1.07779e-01 1.39019e-01 |
   1712 | 3.26314e+01 1.90606e-02 | 1.25074e-02 1.07779e-01 1.39019e-01 |
   1713 | 3.26505e+01 1.90606e-02 | 1.25074e-02 1.07778e-01 1.39019e-01 |
   1714 | 3.26695e+01 1.90607e-02 | 1.25074e-02 1.07778e-01 1.39019e-01 |
   1715 | 3.26886e+01 1.90607e-02 | 1.25074e-02 1.07778e-01 1.39019e-01 |
   1716 | 3.27077e+01 1.90607e-02 | 1.25074e-02 1.07778e-01 1.39019e-01 |
   1717 | 3.27267e+01 1.90606e-02 | 1.25074e-02 1.07778e-01 1.39019e-01 |
   1718 | 3.27458e+01 1.90606e-02 | 1.25074e-02 1.07778e-01 1.39019e-01 |
   1719 | 3.27648e+01 1.90606e-02 | 1.25074e-02 1.07778e-01 1.39019e-01 |
   1720 | 3.27839e+01 1.90605e-02 | 1.25074e-02 1.07778e-01 1.39019e-01 |
   1721 | 3.28030e+01 1.90605e-02 | 1.25074e-02 1.07778e-01 1.39019e-01 |
   1722 | 3.28220e+01 1.90605e-02 | 1.25074e-02 1.07778e-01 1.39019e-01 |
   1723 | 3.28411e+01 1.90605e-02 | 1.25074e-02 1.07778e-01 1.39019e-01 |
   1724 | 3.28601e+01 1.90605e-02 | 1.25074e-02 1.07778e-01 1.39019e-01 |
   1725 | 3.28792e+01 1.90605e-02 | 1.25074e-02 1.07778e-01 1.39019e-01 |
   1726 | 3.28983e+01 1.90605e-02 | 1.25074e-02 1.07778e-01 1.39019e-01 |
   1727 | 3.29173e+01 1.90605e-02 | 1.25074e-02 1.07778e-01 1.39019e-01 |
   1728 | 3.29364e+01 1.90605e-02 | 1.25074e-02 1.07778e-01 1.39019e-01 |
   1729 | 3.29554e+01 1.90605e-02 | 1.25074e-02 1.07778e-01 1.39019e-01 |
   1730 | 3.29745e+01 1.90606e-02 | 1.25074e-02 1.07778e-01 1.39019e-01 |
   1731 | 3.29936e+01 1.90606e-02 | 1.25074e-02 1.07778e-01 1.39019e-01 |
   1732 | 3.30126e+01 1.90606e-02 | 1.25074e-02 1.07778e-01 1.39019e-01 |
   1733 | 3.30317e+01 1.90606e-02 | 1.25074e-02 1.07778e-01 1.39019e-01 |
   1734 | 3.30507e+01 1.90606e-02 | 1.25074e-02 1.07778e-01 1.39019e-01 |
   1735 | 3.30698e+01 1.90606e-02 | 1.25074e-02 1.07778e-01 1.39019e-01 |
   1736 | 3.30889e+01 1.90606e-02 | 1.25074e-02 1.07778e-01 1.39019e-01 |
   1737 | 3.31079e+01 1.90606e-02 | 1.25074e-02 1.07778e-01 1.39019e-01 |
   1738 | 3.31270e+01 1.90606e-02 | 1.25074e-02 1.07778e-01 1.39019e-01 |
   1739 | 3.31460e+01 1.90607e-02 | 1.25074e-02 1.07778e-01 1.39019e-01 |
   1740 | 3.31651e+01 1.90607e-02 | 1.25074e-02 1.07778e-01 1.39019e-01 |
   1741 | 3.31842e+01 1.90607e-02 | 1.25074e-02 1.07778e-01 1.39019e-01 |
   1742 | 3.32032e+01 1.90607e-02 | 1.25074e-02 1.07778e-01 1.39019e-01 |
   1743 | 3.32223e+01 1.90608e-02 | 1.25074e-02 1.07778e-01 1.39019e-01 |
   1744 | 3.32413e+01 1.90608e-02 | 1.25074e-02 1.07778e-01 1.39019e-01 |
   1745 | 3.32604e+01 1.90608e-02 | 1.25074e-02 1.07778e-01 1.39019e-01 |
   1746 | 3.32795e+01 1.90607e-02 | 1.25074e-02 1.07778e-01 1.39019e-01 |
   1747 | 3.32985e+01 1.90607e-02 | 1.25074e-02 1.07778e-01 1.39019e-01 |
   1748 | 3.33176e+01 1.90606e-02 | 1.25074e-02 1.07778e-01 1.39019e-01 |
   1749 | 3.33367e+01 1.90606e-02 | 1.25074e-02 1.07778e-01 1.39019e-01 |
   1750 | 3.33557e+01 1.90605e-02 | 1.25074e-02 1.07778e-01 1.39019e-01 |
   1751 | 3.33748e+01 1.90605e-02 | 1.25074e-02 1.07778e-01 1.39019e-01 |
   1752 | 3.33938e+01 1.90605e-02 | 1.25074e-02 1.07778e-01 1.39019e-01 |
   1753 | 3.34129e+01 1.90604e-02 | 1.25074e-02 1.07778e-01 1.39019e-01 |
   1754 | 3.34320e+01 1.90604e-02 | 1.25074e-02 1.07778e-01 1.39019e-01 |
   1755 | 3.34510e+01 1.90604e-02 | 1.25074e-02 1.07778e-01 1.39019e-01 |
   1756 | 3.34701e+01 1.90604e-02 | 1.25074e-02 1.07778e-01 1.39019e-01 |
   1757 | 3.34891e+01 1.90604e-02 | 1.25074e-02 1.07778e-01 1.39019e-01 |
   1758 | 3.35082e+01 1.90604e-02 | 1.25074e-02 1.07778e-01 1.39019e-01 |
   1759 | 3.35273e+01 1.90604e-02 | 1.25074e-02 1.07778e-01 1.39019e-01 |
   1760 | 3.35463e+01 1.90604e-02 | 1.25074e-02 1.07778e-01 1.39019e-01 |
   1761 | 3.35654e+01 1.90604e-02 | 1.25074e-02 1.07778e-01 1.39019e-01 |
   1762 | 3.35844e+01 1.90604e-02 | 1.25074e-02 1.07778e-01 1.39019e-01 |
   1763 | 3.36035e+01 1.90605e-02 | 1.25074e-02 1.07778e-01 1.39019e-01 |
   1764 | 3.36226e+01 1.90605e-02 | 1.25074e-02 1.07778e-01 1.39019e-01 |
   1765 | 3.36416e+01 1.90605e-02 | 1.25074e-02 1.07778e-01 1.39019e-01 |
   1766 | 3.36607e+01 1.90604e-02 | 1.25074e-02 1.07778e-01 1.39019e-01 |
   1767 | 3.36797e+01 1.90604e-02 | 1.25074e-02 1.07778e-01 1.39019e-01 |
   1768 | 3.36988e+01 1.90603e-02 | 1.25074e-02 1.07778e-01 1.39019e-01 |
   1769 | 3.37179e+01 1.90603e-02 | 1.25074e-02 1.07778e-01 1.39019e-01 |
   1770 | 3.37369e+01 1.90602e-02 | 1.25074e-02 1.07778e-01 1.39019e-01 |
   1771 | 3.37560e+01 1.90602e-02 | 1.25074e-02 1.07778e-01 1.39019e-01 |
   1772 | 3.37750e+01 1.90602e-02 | 1.25074e-02 1.07778e-01 1.39019e-01 |
   1773 | 3.37941e+01 1.90602e-02 | 1.25074e-02 1.07778e-01 1.39019e-01 |
   1774 | 3.38132e+01 1.90601e-02 | 1.25074e-02 1.07778e-01 1.39019e-01 |
   1775 | 3.38322e+01 1.90601e-02 | 1.25074e-02 1.07778e-01 1.39019e-01 |
   1776 | 3.38513e+01 1.90601e-02 | 1.25074e-02 1.07778e-01 1.39019e-01 |
   1777 | 3.38703e+01 1.90601e-02 | 1.25074e-02 1.07778e-01 1.39019e-01 |
   1778 | 3.38894e+01 1.90601e-02 | 1.25074e-02 1.07778e-01 1.39019e-01 |
   1779 | 3.39085e+01 1.90602e-02 | 1.25074e-02 1.07778e-01 1.39019e-01 |
   1780 | 3.39275e+01 1.90602e-02 | 1.25074e-02 1.07778e-01 1.39019e-01 |
   1781 | 3.39466e+01 1.90602e-02 | 1.25074e-02 1.07778e-01 1.39019e-01 |
   1782 | 3.39656e+01 1.90602e-02 | 1.25074e-02 1.07778e-01 1.39019e-01 |
   1783 | 3.39847e+01 1.90603e-02 | 1.25074e-02 1.07778e-01 1.39019e-01 |
   1784 | 3.40038e+01 1.90603e-02 | 1.25074e-02 1.07778e-01 1.39019e-01 |
   1785 | 3.40228e+01 1.90603e-02 | 1.25074e-02 1.07778e-01 1.39019e-01 |
   1786 | 3.40419e+01 1.90604e-02 | 1.25074e-02 1.07778e-01 1.39019e-01 |
   1787 | 3.40609e+01 1.90604e-02 | 1.25074e-02 1.07778e-01 1.39019e-01 |
   1788 | 3.40800e+01 1.90605e-02 | 1.25074e-02 1.07778e-01 1.39019e-01 |
   1789 | 3.40991e+01 1.90605e-02 | 1.25074e-02 1.07778e-01 1.39019e-01 |
   1790 | 3.41181e+01 1.90604e-02 | 1.25073e-02 1.07778e-01 1.39019e-01 |
   1791 | 3.41372e+01 1.90604e-02 | 1.25073e-02 1.07778e-01 1.39019e-01 |
   1792 | 3.41562e+01 1.90603e-02 | 1.25073e-02 1.07778e-01 1.39019e-01 |
   1793 | 3.41753e+01 1.90603e-02 | 1.25073e-02 1.07778e-01 1.39019e-01 |
   1794 | 3.41944e+01 1.90603e-02 | 1.25073e-02 1.07778e-01 1.39019e-01 |
   1795 | 3.42134e+01 1.90602e-02 | 1.25073e-02 1.07778e-01 1.39019e-01 |
   1796 | 3.42325e+01 1.90602e-02 | 1.25073e-02 1.07778e-01 1.39019e-01 |
   1797 | 3.42515e+01 1.90602e-02 | 1.25073e-02 1.07778e-01 1.39019e-01 |
   1798 | 3.42706e+01 1.90602e-02 | 1.25073e-02 1.07778e-01 1.39019e-01 |
   1799 | 3.42897e+01 1.90602e-02 | 1.25073e-02 1.07778e-01 1.39019e-01 |
   1800 | 3.43087e+01 1.90602e-02 | 1.25073e-02 1.07778e-01 1.39019e-01 |
   1801 | 3.43278e+01 1.90602e-02 | 1.25073e-02 1.07778e-01 1.39019e-01 |
   1802 | 3.43468e+01 1.90602e-02 | 1.25073e-02 1.07777e-01 1.39019e-01 |
   1803 | 3.43659e+01 1.90603e-02 | 1.25073e-02 1.07777e-01 1.39019e-01 |
   1804 | 3.43850e+01 1.90603e-02 | 1.25073e-02 1.07777e-01 1.39019e-01 |
   1805 | 3.44040e+01 1.90603e-02 | 1.25073e-02 1.07777e-01 1.39019e-01 |
   1806 | 3.44231e+01 1.90603e-02 | 1.25073e-02 1.07777e-01 1.39019e-01 |
   1807 | 3.44421e+01 1.90604e-02 | 1.25073e-02 1.07777e-01 1.39019e-01 |
   1808 | 3.44612e+01 1.90604e-02 | 1.25073e-02 1.07777e-01 1.39019e-01 |
   1809 | 3.44803e+01 1.90605e-02 | 1.25073e-02 1.07777e-01 1.39019e-01 |
   1810 | 3.44993e+01 1.90605e-02 | 1.25073e-02 1.07777e-01 1.39019e-01 |
   1811 | 3.45184e+01 1.90606e-02 | 1.25073e-02 1.07777e-01 1.39019e-01 |
   1812 | 3.45375e+01 1.90607e-02 | 1.25073e-02 1.07777e-01 1.39019e-01 |
   1813 | 3.45565e+01 1.90607e-02 | 1.25073e-02 1.07777e-01 1.39019e-01 |
   1814 | 3.45756e+01 1.90608e-02 | 1.25073e-02 1.07777e-01 1.39019e-01 |
   1815 | 3.45946e+01 1.90609e-02 | 1.25073e-02 1.07777e-01 1.39019e-01 |
   1816 | 3.46137e+01 1.90610e-02 | 1.25073e-02 1.07777e-01 1.39019e-01 |
   1817 | 3.46328e+01 1.90611e-02 | 1.25073e-02 1.07777e-01 1.39019e-01 |
   1818 | 3.46518e+01 1.90611e-02 | 1.25073e-02 1.07777e-01 1.39019e-01 |
   1819 | 3.46709e+01 1.90611e-02 | 1.25073e-02 1.07777e-01 1.39019e-01 |
   1820 | 3.46899e+01 1.90611e-02 | 1.25073e-02 1.07777e-01 1.39019e-01 |
   1821 | 3.47090e+01 1.90611e-02 | 1.25073e-02 1.07777e-01 1.39019e-01 |
   1822 | 3.47281e+01 1.90611e-02 | 1.25073e-02 1.07777e-01 1.39019e-01 |
   1823 | 3.47471e+01 1.90610e-02 | 1.25073e-02 1.07777e-01 1.39019e-01 |
   1824 | 3.47662e+01 1.90610e-02 | 1.25073e-02 1.07777e-01 1.39019e-01 |
   1825 | 3.47852e+01 1.90609e-02 | 1.25073e-02 1.07777e-01 1.39019e-01 |
   1826 | 3.48043e+01 1.90609e-02 | 1.25073e-02 1.07777e-01 1.39019e-01 |
   1827 | 3.48234e+01 1.90609e-02 | 1.25073e-02 1.07777e-01 1.39019e-01 |
   1828 | 3.48424e+01 1.90608e-02 | 1.25073e-02 1.07777e-01 1.39019e-01 |
   1829 | 3.48615e+01 1.90608e-02 | 1.25073e-02 1.07777e-01 1.39019e-01 |
   1830 | 3.48805e+01 1.90608e-02 | 1.25073e-02 1.07777e-01 1.39019e-01 |
   1831 | 3.48996e+01 1.90608e-02 | 1.25073e-02 1.07777e-01 1.39019e-01 |
   1832 | 3.49187e+01 1.90608e-02 | 1.25073e-02 1.07777e-01 1.39019e-01 |
   1833 | 3.49377e+01 1.90608e-02 | 1.25073e-02 1.07777e-01 1.39019e-01 |
   1834 | 3.49568e+01 1.90608e-02 | 1.25073e-02 1.07777e-01 1.39019e-01 |
   1835 | 3.49759e+01 1.90608e-02 | 1.25073e-02 1.07777e-01 1.39019e-01 |
   1836 | 3.49949e+01 1.90607e-02 | 1.25073e-02 1.07777e-01 1.39019e-01 |
   1837 | 3.50140e+01 1.90606e-02 | 1.25073e-02 1.07777e-01 1.39019e-01 |
   1838 | 3.50330e+01 1.90606e-02 | 1.25073e-02 1.07777e-01 1.39019e-01 |
   1839 | 3.50521e+01 1.90605e-02 | 1.25073e-02 1.07777e-01 1.39019e-01 |
   1840 | 3.50712e+01 1.90604e-02 | 1.25073e-02 1.07777e-01 1.39019e-01 |
   1841 | 3.50902e+01 1.90604e-02 | 1.25073e-02 1.07777e-01 1.39019e-01 |
   1842 | 3.51093e+01 1.90603e-02 | 1.25073e-02 1.07777e-01 1.39019e-01 |
   1843 | 3.51283e+01 1.90603e-02 | 1.25073e-02 1.07777e-01 1.39019e-01 |
   1844 | 3.51474e+01 1.90603e-02 | 1.25073e-02 1.07777e-01 1.39019e-01 |
   1845 | 3.51665e+01 1.90602e-02 | 1.25073e-02 1.07777e-01 1.39019e-01 |
   1846 | 3.51855e+01 1.90602e-02 | 1.25073e-02 1.07777e-01 1.39019e-01 |
   1847 | 3.52046e+01 1.90602e-02 | 1.25073e-02 1.07777e-01 1.39019e-01 |
   1848 | 3.52236e+01 1.90602e-02 | 1.25073e-02 1.07777e-01 1.39019e-01 |
   1849 | 3.52427e+01 1.90602e-02 | 1.25073e-02 1.07777e-01 1.39019e-01 |
   1850 | 3.52618e+01 1.90601e-02 | 1.25073e-02 1.07777e-01 1.39019e-01 |
   1851 | 3.52808e+01 1.90601e-02 | 1.25073e-02 1.07777e-01 1.39019e-01 |
   1852 | 3.52999e+01 1.90602e-02 | 1.25073e-02 1.07777e-01 1.39019e-01 |
   1853 | 3.53189e+01 1.90602e-02 | 1.25073e-02 1.07777e-01 1.39019e-01 |
   1854 | 3.53380e+01 1.90602e-02 | 1.25073e-02 1.07777e-01 1.39019e-01 |
   1855 | 3.53571e+01 1.90602e-02 | 1.25073e-02 1.07777e-01 1.39019e-01 |
   1856 | 3.53761e+01 1.90602e-02 | 1.25073e-02 1.07777e-01 1.39019e-01 |
   1857 | 3.53952e+01 1.90603e-02 | 1.25073e-02 1.07777e-01 1.39019e-01 |
   1858 | 3.54142e+01 1.90603e-02 | 1.25073e-02 1.07777e-01 1.39019e-01 |
   1859 | 3.54333e+01 1.90603e-02 | 1.25073e-02 1.07777e-01 1.39019e-01 |
   1860 | 3.54524e+01 1.90604e-02 | 1.25073e-02 1.07777e-01 1.39019e-01 |
   1861 | 3.54714e+01 1.90604e-02 | 1.25073e-02 1.07777e-01 1.39019e-01 |
   1862 | 3.54905e+01 1.90605e-02 | 1.25073e-02 1.07777e-01 1.39019e-01 |
   1863 | 3.55095e+01 1.90604e-02 | 1.25073e-02 1.07777e-01 1.39019e-01 |
   1864 | 3.55286e+01 1.90603e-02 | 1.25072e-02 1.07777e-01 1.39019e-01 |
   1865 | 3.55477e+01 1.90603e-02 | 1.25072e-02 1.07777e-01 1.39019e-01 |
   1866 | 3.55667e+01 1.90603e-02 | 1.25072e-02 1.07777e-01 1.39019e-01 |
   1867 | 3.55858e+01 1.90602e-02 | 1.25072e-02 1.07777e-01 1.39019e-01 |
   1868 | 3.56048e+01 1.90602e-02 | 1.25072e-02 1.07777e-01 1.39020e-01 |
   1869 | 3.56239e+01 1.90602e-02 | 1.25072e-02 1.07777e-01 1.39020e-01 |
   1870 | 3.56430e+01 1.90601e-02 | 1.25072e-02 1.07777e-01 1.39020e-01 |
   1871 | 3.56620e+01 1.90601e-02 | 1.25072e-02 1.07777e-01 1.39020e-01 |
   1872 | 3.56811e+01 1.90601e-02 | 1.25072e-02 1.07777e-01 1.39020e-01 |
   1873 | 3.57001e+01 1.90601e-02 | 1.25072e-02 1.07777e-01 1.39020e-01 |
   1874 | 3.57192e+01 1.90601e-02 | 1.25072e-02 1.07777e-01 1.39020e-01 |
   1875 | 3.57383e+01 1.90601e-02 | 1.25072e-02 1.07777e-01 1.39020e-01 |
   1876 | 3.57573e+01 1.90601e-02 | 1.25072e-02 1.07777e-01 1.39020e-01 |
   1877 | 3.57764e+01 1.90602e-02 | 1.25072e-02 1.07777e-01 1.39020e-01 |
   1878 | 3.57954e+01 1.90602e-02 | 1.25072e-02 1.07777e-01 1.39020e-01 |
   1879 | 3.58145e+01 1.90602e-02 | 1.25072e-02 1.07777e-01 1.39020e-01 |
   1880 | 3.58336e+01 1.90602e-02 | 1.25072e-02 1.07777e-01 1.39020e-01 |
   1881 | 3.58526e+01 1.90603e-02 | 1.25072e-02 1.07777e-01 1.39020e-01 |
   1882 | 3.58717e+01 1.90603e-02 | 1.25072e-02 1.07777e-01 1.39020e-01 |
   1883 | 3.58907e+01 1.90604e-02 | 1.25072e-02 1.07777e-01 1.39020e-01 |
   1884 | 3.59098e+01 1.90604e-02 | 1.25072e-02 1.07777e-01 1.39020e-01 |
   1885 | 3.59289e+01 1.90605e-02 | 1.25072e-02 1.07777e-01 1.39020e-01 |
   1886 | 3.59479e+01 1.90605e-02 | 1.25072e-02 1.07777e-01 1.39020e-01 |
   1887 | 3.59670e+01 1.90606e-02 | 1.25072e-02 1.07777e-01 1.39020e-01 |
   1888 | 3.59860e+01 1.90606e-02 | 1.25072e-02 1.07777e-01 1.39020e-01 |
   1889 | 3.60051e+01 1.90606e-02 | 1.25072e-02 1.07777e-01 1.39020e-01 |
   1890 | 3.60242e+01 1.90606e-02 | 1.25072e-02 1.07776e-01 1.39020e-01 |
   1891 | 3.60432e+01 1.90606e-02 | 1.25072e-02 1.07776e-01 1.39020e-01 |
   1892 | 3.60623e+01 1.90606e-02 | 1.25072e-02 1.07776e-01 1.39020e-01 |
   1893 | 3.60814e+01 1.90606e-02 | 1.25072e-02 1.07776e-01 1.39020e-01 |
   1894 | 3.61004e+01 1.90606e-02 | 1.25072e-02 1.07776e-01 1.39020e-01 |
   1895 | 3.61195e+01 1.90606e-02 | 1.25072e-02 1.07776e-01 1.39020e-01 |
   1896 | 3.61385e+01 1.90606e-02 | 1.25072e-02 1.07776e-01 1.39020e-01 |
   1897 | 3.61576e+01 1.90606e-02 | 1.25072e-02 1.07776e-01 1.39020e-01 |
   1898 | 3.61767e+01 1.90606e-02 | 1.25072e-02 1.07776e-01 1.39020e-01 |
   1899 | 3.61957e+01 1.90607e-02 | 1.25072e-02 1.07776e-01 1.39020e-01 |
   1900 | 3.62148e+01 1.90607e-02 | 1.25072e-02 1.07776e-01 1.39020e-01 |
   1901 | 3.62338e+01 1.90608e-02 | 1.25072e-02 1.07776e-01 1.39020e-01 |
   1902 | 3.62529e+01 1.90608e-02 | 1.25072e-02 1.07776e-01 1.39020e-01 |
   1903 | 3.62720e+01 1.90609e-02 | 1.25072e-02 1.07776e-01 1.39020e-01 |
   1904 | 3.62910e+01 1.90609e-02 | 1.25072e-02 1.07776e-01 1.39020e-01 |
   1905 | 3.63101e+01 1.90610e-02 | 1.25072e-02 1.07776e-01 1.39020e-01 |
   1906 | 3.63291e+01 1.90610e-02 | 1.25072e-02 1.07776e-01 1.39020e-01 |
   1907 | 3.63482e+01 1.90610e-02 | 1.25072e-02 1.07776e-01 1.39020e-01 |
   1908 | 3.63673e+01 1.90610e-02 | 1.25072e-02 1.07776e-01 1.39020e-01 |
   1909 | 3.63863e+01 1.90609e-02 | 1.25072e-02 1.07776e-01 1.39020e-01 |
   1910 | 3.64054e+01 1.90609e-02 | 1.25072e-02 1.07776e-01 1.39020e-01 |
   1911 | 3.64244e+01 1.90609e-02 | 1.25072e-02 1.07776e-01 1.39020e-01 |
   1912 | 3.64435e+01 1.90608e-02 | 1.25072e-02 1.07776e-01 1.39020e-01 |
   1913 | 3.64626e+01 1.90607e-02 | 1.25072e-02 1.07776e-01 1.39020e-01 |
   1914 | 3.64816e+01 1.90607e-02 | 1.25072e-02 1.07776e-01 1.39020e-01 |
   1915 | 3.65007e+01 1.90606e-02 | 1.25072e-02 1.07776e-01 1.39020e-01 |
   1916 | 3.65197e+01 1.90606e-02 | 1.25072e-02 1.07776e-01 1.39020e-01 |
   1917 | 3.65388e+01 1.90605e-02 | 1.25072e-02 1.07776e-01 1.39020e-01 |
   1918 | 3.65579e+01 1.90605e-02 | 1.25072e-02 1.07776e-01 1.39020e-01 |
   1919 | 3.65769e+01 1.90604e-02 | 1.25072e-02 1.07776e-01 1.39020e-01 |
   1920 | 3.65960e+01 1.90604e-02 | 1.25072e-02 1.07776e-01 1.39020e-01 |
   1921 | 3.66151e+01 1.90604e-02 | 1.25072e-02 1.07776e-01 1.39020e-01 |
   1922 | 3.66341e+01 1.90604e-02 | 1.25072e-02 1.07776e-01 1.39020e-01 |
   1923 | 3.66532e+01 1.90604e-02 | 1.25072e-02 1.07776e-01 1.39020e-01 |
   1924 | 3.66722e+01 1.90604e-02 | 1.25072e-02 1.07776e-01 1.39020e-01 |
   1925 | 3.66913e+01 1.90603e-02 | 1.25072e-02 1.07776e-01 1.39020e-01 |
   1926 | 3.67104e+01 1.90604e-02 | 1.25072e-02 1.07776e-01 1.39020e-01 |
   1927 | 3.67294e+01 1.90604e-02 | 1.25072e-02 1.07776e-01 1.39020e-01 |
   1928 | 3.67485e+01 1.90604e-02 | 1.25072e-02 1.07776e-01 1.39020e-01 |
   1929 | 3.67675e+01 1.90604e-02 | 1.25072e-02 1.07776e-01 1.39020e-01 |
   1930 | 3.67866e+01 1.90604e-02 | 1.25072e-02 1.07776e-01 1.39020e-01 |
   1931 | 3.68057e+01 1.90604e-02 | 1.25072e-02 1.07776e-01 1.39020e-01 |
   1932 | 3.68247e+01 1.90605e-02 | 1.25072e-02 1.07776e-01 1.39020e-01 |
   1933 | 3.68438e+01 1.90605e-02 | 1.25072e-02 1.07776e-01 1.39020e-01 |
   1934 | 3.68628e+01 1.90606e-02 | 1.25072e-02 1.07776e-01 1.39020e-01 |
   1935 | 3.68819e+01 1.90606e-02 | 1.25072e-02 1.07776e-01 1.39020e-01 |
   1936 | 3.69010e+01 1.90606e-02 | 1.25072e-02 1.07776e-01 1.39020e-01 |
   1937 | 3.69200e+01 1.90605e-02 | 1.25072e-02 1.07776e-01 1.39020e-01 |
   1938 | 3.69391e+01 1.90605e-02 | 1.25072e-02 1.07776e-01 1.39020e-01 |
   1939 | 3.69581e+01 1.90604e-02 | 1.25072e-02 1.07776e-01 1.39020e-01 |
   1940 | 3.69772e+01 1.90604e-02 | 1.25071e-02 1.07776e-01 1.39020e-01 |
   1941 | 3.69963e+01 1.90603e-02 | 1.25071e-02 1.07776e-01 1.39020e-01 |
   1942 | 3.70153e+01 1.90603e-02 | 1.25071e-02 1.07776e-01 1.39020e-01 |
   1943 | 3.70344e+01 1.90603e-02 | 1.25071e-02 1.07776e-01 1.39020e-01 |
   1944 | 3.70534e+01 1.90602e-02 | 1.25071e-02 1.07776e-01 1.39020e-01 |
   1945 | 3.70725e+01 1.90602e-02 | 1.25071e-02 1.07776e-01 1.39020e-01 |
   1946 | 3.70916e+01 1.90602e-02 | 1.25071e-02 1.07776e-01 1.39020e-01 |
   1947 | 3.71106e+01 1.90602e-02 | 1.25071e-02 1.07776e-01 1.39020e-01 |
   1948 | 3.71297e+01 1.90602e-02 | 1.25071e-02 1.07776e-01 1.39020e-01 |
   1949 | 3.71487e+01 1.90602e-02 | 1.25071e-02 1.07776e-01 1.39020e-01 |
   1950 | 3.71678e+01 1.90602e-02 | 1.25071e-02 1.07776e-01 1.39020e-01 |
   1951 | 3.71869e+01 1.90602e-02 | 1.25071e-02 1.07776e-01 1.39020e-01 |
   1952 | 3.72059e+01 1.90603e-02 | 1.25071e-02 1.07776e-01 1.39020e-01 |
   1953 | 3.72250e+01 1.90603e-02 | 1.25071e-02 1.07776e-01 1.39020e-01 |
   1954 | 3.72440e+01 1.90603e-02 | 1.25071e-02 1.07776e-01 1.39020e-01 |
   1955 | 3.72631e+01 1.90604e-02 | 1.25071e-02 1.07776e-01 1.39020e-01 |
   1956 | 3.72822e+01 1.90604e-02 | 1.25071e-02 1.07776e-01 1.39020e-01 |
   1957 | 3.73012e+01 1.90604e-02 | 1.25071e-02 1.07776e-01 1.39020e-01 |
   1958 | 3.73203e+01 1.90604e-02 | 1.25071e-02 1.07776e-01 1.39020e-01 |
   1959 | 3.73393e+01 1.90604e-02 | 1.25071e-02 1.07776e-01 1.39020e-01 |
   1960 | 3.73584e+01 1.90604e-02 | 1.25071e-02 1.07776e-01 1.39020e-01 |
   1961 | 3.73775e+01 1.90603e-02 | 1.25071e-02 1.07776e-01 1.39020e-01 |
   1962 | 3.73965e+01 1.90603e-02 | 1.25071e-02 1.07776e-01 1.39020e-01 |
   1963 | 3.74156e+01 1.90603e-02 | 1.25071e-02 1.07776e-01 1.39020e-01 |
   1964 | 3.74346e+01 1.90603e-02 | 1.25071e-02 1.07776e-01 1.39020e-01 |
   1965 | 3.74537e+01 1.90603e-02 | 1.25071e-02 1.07776e-01 1.39020e-01 |
   1966 | 3.74728e+01 1.90603e-02 | 1.25071e-02 1.07776e-01 1.39020e-01 |
   1967 | 3.74918e+01 1.90603e-02 | 1.25071e-02 1.07776e-01 1.39020e-01 |
   1968 | 3.75109e+01 1.90603e-02 | 1.25071e-02 1.07776e-01 1.39020e-01 |
   1969 | 3.75299e+01 1.90603e-02 | 1.25071e-02 1.07776e-01 1.39020e-01 |
   1970 | 3.75490e+01 1.90603e-02 | 1.25071e-02 1.07776e-01 1.39020e-01 |
   1971 | 3.75681e+01 1.90603e-02 | 1.25071e-02 1.07776e-01 1.39020e-01 |
   1972 | 3.75871e+01 1.90603e-02 | 1.25071e-02 1.07776e-01 1.39020e-01 |
   1973 | 3.76062e+01 1.90604e-02 | 1.25071e-02 1.07776e-01 1.39020e-01 |
   1974 | 3.76253e+01 1.90604e-02 | 1.25071e-02 1.07776e-01 1.39020e-01 |
   1975 | 3.76443e+01 1.90604e-02 | 1.25071e-02 1.07775e-01 1.39020e-01 |
   1976 | 3.76634e+01 1.90605e-02 | 1.25071e-02 1.07775e-01 1.39020e-01 |
   1977 | 3.76824e+01 1.90605e-02 | 1.25071e-02 1.07775e-01 1.39020e-01 |
   1978 | 3.77015e+01 1.90606e-02 | 1.25071e-02 1.07775e-01 1.39020e-01 |
   1979 | 3.77206e+01 1.90607e-02 | 1.25071e-02 1.07775e-01 1.39020e-01 |
   1980 | 3.77396e+01 1.90606e-02 | 1.25071e-02 1.07775e-01 1.39020e-01 |
   1981 | 3.77587e+01 1.90606e-02 | 1.25071e-02 1.07775e-01 1.39020e-01 |
   1982 | 3.77777e+01 1.90606e-02 | 1.25071e-02 1.07775e-01 1.39020e-01 |
   1983 | 3.77968e+01 1.90605e-02 | 1.25071e-02 1.07775e-01 1.39020e-01 |
   1984 | 3.78159e+01 1.90605e-02 | 1.25071e-02 1.07775e-01 1.39020e-01 |
   1985 | 3.78349e+01 1.90605e-02 | 1.25071e-02 1.07775e-01 1.39020e-01 |
   1986 | 3.78540e+01 1.90604e-02 | 1.25071e-02 1.07775e-01 1.39020e-01 |
   1987 | 3.78730e+01 1.90604e-02 | 1.25071e-02 1.07775e-01 1.39020e-01 |
   1988 | 3.78921e+01 1.90604e-02 | 1.25071e-02 1.07775e-01 1.39020e-01 |
   1989 | 3.79112e+01 1.90604e-02 | 1.25071e-02 1.07775e-01 1.39020e-01 |
   1990 | 3.79302e+01 1.90604e-02 | 1.25071e-02 1.07775e-01 1.39020e-01 |
   1991 | 3.79493e+01 1.90604e-02 | 1.25071e-02 1.07775e-01 1.39020e-01 |
   1992 | 3.79683e+01 1.90604e-02 | 1.25071e-02 1.07775e-01 1.39020e-01 |
   1993 | 3.79874e+01 1.90604e-02 | 1.25071e-02 1.07775e-01 1.39020e-01 |
   1994 | 3.80065e+01 1.90605e-02 | 1.25071e-02 1.07775e-01 1.39020e-01 |
   1995 | 3.80255e+01 1.90605e-02 | 1.25071e-02 1.07775e-01 1.39020e-01 |
   1996 | 3.80446e+01 1.90605e-02 | 1.25071e-02 1.07775e-01 1.39020e-01 |
   1997 | 3.80636e+01 1.90606e-02 | 1.25071e-02 1.07775e-01 1.39020e-01 |
   1998 | 3.80827e+01 1.90606e-02 | 1.25071e-02 1.07775e-01 1.39020e-01 |
   1999 | 3.81018e+01 1.90607e-02 | 1.25071e-02 1.07775e-01 1.39020e-01 |
   2000 | 3.81208e+01 1.90607e-02 | 1.25071e-02 1.07775e-01 1.39020e-01 |
   2001 | 3.81399e+01 1.90608e-02 | 1.25071e-02 1.07775e-01 1.39020e-01 |
   2002 | 3.81589e+01 1.90608e-02 | 1.25071e-02 1.07775e-01 1.39020e-01 |
   2003 | 3.81780e+01 1.90608e-02 | 1.25071e-02 1.07775e-01 1.39020e-01 |
   2004 | 3.81971e+01 1.90608e-02 | 1.25071e-02 1.07775e-01 1.39020e-01 |
   2005 | 3.82161e+01 1.90608e-02 | 1.25071e-02 1.07775e-01 1.39020e-01 |
   2006 | 3.82352e+01 1.90609e-02 | 1.25071e-02 1.07775e-01 1.39020e-01 |
   2007 | 3.82542e+01 1.90609e-02 | 1.25071e-02 1.07775e-01 1.39020e-01 |
   2008 | 3.82733e+01 1.90609e-02 | 1.25071e-02 1.07775e-01 1.39020e-01 |
   2009 | 3.82924e+01 1.90609e-02 | 1.25071e-02 1.07775e-01 1.39020e-01 |
   2010 | 3.83114e+01 1.90609e-02 | 1.25071e-02 1.07775e-01 1.39020e-01 |
   2011 | 3.83305e+01 1.90608e-02 | 1.25071e-02 1.07775e-01 1.39020e-01 |
   2012 | 3.83496e+01 1.90608e-02 | 1.25071e-02 1.07775e-01 1.39020e-01 |
   2013 | 3.83686e+01 1.90607e-02 | 1.25071e-02 1.07775e-01 1.39020e-01 |
   2014 | 3.83877e+01 1.90607e-02 | 1.25071e-02 1.07775e-01 1.39020e-01 |
   2015 | 3.84067e+01 1.90606e-02 | 1.25071e-02 1.07775e-01 1.39020e-01 |
   2016 | 3.84258e+01 1.90606e-02 | 1.25071e-02 1.07775e-01 1.39020e-01 |
   2017 | 3.84449e+01 1.90606e-02 | 1.25071e-02 1.07775e-01 1.39020e-01 |
   2018 | 3.84639e+01 1.90605e-02 | 1.25071e-02 1.07775e-01 1.39020e-01 |
   2019 | 3.84830e+01 1.90605e-02 | 1.25071e-02 1.07775e-01 1.39020e-01 |
   2020 | 3.85020e+01 1.90605e-02 | 1.25071e-02 1.07775e-01 1.39020e-01 |
   2021 | 3.85211e+01 1.90605e-02 | 1.25071e-02 1.07775e-01 1.39020e-01 |
   2022 | 3.85402e+01 1.90605e-02 | 1.25071e-02 1.07775e-01 1.39020e-01 |
   2023 | 3.85592e+01 1.90605e-02 | 1.25071e-02 1.07775e-01 1.39020e-01 |
   2024 | 3.85783e+01 1.90605e-02 | 1.25071e-02 1.07775e-01 1.39020e-01 |
   2025 | 3.85973e+01 1.90605e-02 | 1.25071e-02 1.07775e-01 1.39020e-01 |
   2026 | 3.86164e+01 1.90605e-02 | 1.25071e-02 1.07775e-01 1.39020e-01 |
   2027 | 3.86355e+01 1.90606e-02 | 1.25071e-02 1.07775e-01 1.39020e-01 |
   2028 | 3.86545e+01 1.90606e-02 | 1.25071e-02 1.07775e-01 1.39020e-01 |
   2029 | 3.86736e+01 1.90605e-02 | 1.25071e-02 1.07775e-01 1.39020e-01 |
   2030 | 3.86926e+01 1.90604e-02 | 1.25071e-02 1.07775e-01 1.39020e-01 |
   2031 | 3.87117e+01 1.90604e-02 | 1.25071e-02 1.07775e-01 1.39020e-01 |
   2032 | 3.87308e+01 1.90603e-02 | 1.25071e-02 1.07775e-01 1.39020e-01 |
   2033 | 3.87498e+01 1.90603e-02 | 1.25070e-02 1.07775e-01 1.39020e-01 |
   2034 | 3.87689e+01 1.90603e-02 | 1.25070e-02 1.07775e-01 1.39020e-01 |
   2035 | 3.87879e+01 1.90602e-02 | 1.25070e-02 1.07775e-01 1.39020e-01 |
   2036 | 3.88070e+01 1.90602e-02 | 1.25070e-02 1.07775e-01 1.39020e-01 |
   2037 | 3.88261e+01 1.90602e-02 | 1.25070e-02 1.07775e-01 1.39020e-01 |
   2038 | 3.88451e+01 1.90602e-02 | 1.25070e-02 1.07775e-01 1.39020e-01 |
   2039 | 3.88642e+01 1.90601e-02 | 1.25070e-02 1.07775e-01 1.39020e-01 |
   2040 | 3.88832e+01 1.90601e-02 | 1.25070e-02 1.07775e-01 1.39020e-01 |
   2041 | 3.89023e+01 1.90601e-02 | 1.25070e-02 1.07775e-01 1.39020e-01 |
   2042 | 3.89214e+01 1.90601e-02 | 1.25070e-02 1.07775e-01 1.39020e-01 |
   2043 | 3.89404e+01 1.90601e-02 | 1.25070e-02 1.07775e-01 1.39020e-01 |
   2044 | 3.89595e+01 1.90602e-02 | 1.25070e-02 1.07775e-01 1.39020e-01 |
   2045 | 3.89785e+01 1.90602e-02 | 1.25070e-02 1.07775e-01 1.39020e-01 |
   2046 | 3.89976e+01 1.90602e-02 | 1.25070e-02 1.07775e-01 1.39020e-01 |
   2047 | 3.90167e+01 1.90602e-02 | 1.25070e-02 1.07775e-01 1.39020e-01 |
   2048 | 3.90357e+01 1.90603e-02 | 1.25070e-02 1.07775e-01 1.39020e-01 |
   2049 | 3.90548e+01 1.90603e-02 | 1.25070e-02 1.07775e-01 1.39020e-01 |
   2050 | 3.90738e+01 1.90603e-02 | 1.25070e-02 1.07775e-01 1.39020e-01 |
   2051 | 3.90929e+01 1.90604e-02 | 1.25070e-02 1.07775e-01 1.39020e-01 |
   2052 | 3.91120e+01 1.90605e-02 | 1.25070e-02 1.07775e-01 1.39020e-01 |
   2053 | 3.91310e+01 1.90605e-02 | 1.25070e-02 1.07775e-01 1.39020e-01 |
   2054 | 3.91501e+01 1.90604e-02 | 1.25070e-02 1.07775e-01 1.39020e-01 |
   2055 | 3.91692e+01 1.90604e-02 | 1.25070e-02 1.07775e-01 1.39020e-01 |
   2056 | 3.91882e+01 1.90603e-02 | 1.25070e-02 1.07775e-01 1.39020e-01 |
   2057 | 3.92073e+01 1.90603e-02 | 1.25070e-02 1.07775e-01 1.39020e-01 |
   2058 | 3.92263e+01 1.90603e-02 | 1.25070e-02 1.07775e-01 1.39020e-01 |
   2059 | 3.92454e+01 1.90602e-02 | 1.25070e-02 1.07774e-01 1.39020e-01 |
   2060 | 3.92645e+01 1.90602e-02 | 1.25070e-02 1.07774e-01 1.39020e-01 |
   2061 | 3.92835e+01 1.90602e-02 | 1.25070e-02 1.07774e-01 1.39020e-01 |
   2062 | 3.93026e+01 1.90602e-02 | 1.25070e-02 1.07774e-01 1.39020e-01 |
   2063 | 3.93216e+01 1.90602e-02 | 1.25070e-02 1.07774e-01 1.39020e-01 |
   2064 | 3.93407e+01 1.90602e-02 | 1.25070e-02 1.07774e-01 1.39020e-01 |
   2065 | 3.93598e+01 1.90602e-02 | 1.25070e-02 1.07774e-01 1.39020e-01 |
   2066 | 3.93788e+01 1.90602e-02 | 1.25070e-02 1.07774e-01 1.39020e-01 |
   2067 | 3.93979e+01 1.90602e-02 | 1.25070e-02 1.07774e-01 1.39020e-01 |
   2068 | 3.94169e+01 1.90602e-02 | 1.25070e-02 1.07774e-01 1.39020e-01 |
   2069 | 3.94360e+01 1.90603e-02 | 1.25070e-02 1.07774e-01 1.39020e-01 |
   2070 | 3.94551e+01 1.90603e-02 | 1.25070e-02 1.07774e-01 1.39020e-01 |
   2071 | 3.94741e+01 1.90603e-02 | 1.25070e-02 1.07774e-01 1.39020e-01 |
   2072 | 3.94932e+01 1.90604e-02 | 1.25070e-02 1.07774e-01 1.39020e-01 |
   2073 | 3.95122e+01 1.90604e-02 | 1.25070e-02 1.07774e-01 1.39020e-01 |
   2074 | 3.95313e+01 1.90605e-02 | 1.25070e-02 1.07774e-01 1.39020e-01 |
   2075 | 3.95504e+01 1.90605e-02 | 1.25070e-02 1.07774e-01 1.39020e-01 |
   2076 | 3.95694e+01 1.90606e-02 | 1.25070e-02 1.07774e-01 1.39020e-01 |
   2077 | 3.95885e+01 1.90607e-02 | 1.25070e-02 1.07774e-01 1.39020e-01 |
   2078 | 3.96075e+01 1.90607e-02 | 1.25070e-02 1.07774e-01 1.39020e-01 |
   2079 | 3.96266e+01 1.90608e-02 | 1.25070e-02 1.07774e-01 1.39020e-01 |
   2080 | 3.96457e+01 1.90609e-02 | 1.25070e-02 1.07774e-01 1.39020e-01 |
   2081 | 3.96647e+01 1.90609e-02 | 1.25070e-02 1.07774e-01 1.39020e-01 |
   2082 | 3.96838e+01 1.90609e-02 | 1.25070e-02 1.07774e-01 1.39020e-01 |
   2083 | 3.97028e+01 1.90609e-02 | 1.25070e-02 1.07774e-01 1.39020e-01 |
   2084 | 3.97219e+01 1.90609e-02 | 1.25070e-02 1.07774e-01 1.39020e-01 |
   2085 | 3.97410e+01 1.90609e-02 | 1.25070e-02 1.07774e-01 1.39020e-01 |
   2086 | 3.97600e+01 1.90609e-02 | 1.25070e-02 1.07774e-01 1.39020e-01 |
   2087 | 3.97791e+01 1.90610e-02 | 1.25070e-02 1.07774e-01 1.39020e-01 |
   2088 | 3.97981e+01 1.90610e-02 | 1.25070e-02 1.07774e-01 1.39020e-01 |
   2089 | 3.98172e+01 1.90610e-02 | 1.25070e-02 1.07774e-01 1.39020e-01 |
   2090 | 3.98363e+01 1.90611e-02 | 1.25070e-02 1.07774e-01 1.39020e-01 |
   2091 | 3.98553e+01 1.90610e-02 | 1.25070e-02 1.07774e-01 1.39020e-01 |
   2092 | 3.98744e+01 1.90610e-02 | 1.25070e-02 1.07774e-01 1.39020e-01 |
   2093 | 3.98935e+01 1.90610e-02 | 1.25070e-02 1.07774e-01 1.39020e-01 |
   2094 | 3.99125e+01 1.90610e-02 | 1.25070e-02 1.07774e-01 1.39020e-01 |
   2095 | 3.99316e+01 1.90610e-02 | 1.25070e-02 1.07774e-01 1.39020e-01 |
   2096 | 3.99506e+01 1.90610e-02 | 1.25070e-02 1.07774e-01 1.39020e-01 |
   2097 | 3.99697e+01 1.90610e-02 | 1.25070e-02 1.07774e-01 1.39020e-01 |
   2098 | 3.99888e+01 1.90610e-02 | 1.25070e-02 1.07774e-01 1.39020e-01 |
   2099 | 4.00078e+01 1.90609e-02 | 1.25070e-02 1.07774e-01 1.39021e-01 |
   2100 | 4.00269e+01 1.90608e-02 | 1.25070e-02 1.07774e-01 1.39021e-01 |
   2101 | 4.00459e+01 1.90607e-02 | 1.25070e-02 1.07774e-01 1.39021e-01 |
   2102 | 4.00650e+01 1.90607e-02 | 1.25070e-02 1.07774e-01 1.39021e-01 |
   2103 | 4.00841e+01 1.90606e-02 | 1.25070e-02 1.07774e-01 1.39021e-01 |
   2104 | 4.01031e+01 1.90605e-02 | 1.25070e-02 1.07774e-01 1.39021e-01 |
   2105 | 4.01222e+01 1.90605e-02 | 1.25070e-02 1.07774e-01 1.39021e-01 |
   2106 | 4.01412e+01 1.90604e-02 | 1.25070e-02 1.07774e-01 1.39021e-01 |
   2107 | 4.01603e+01 1.90604e-02 | 1.25070e-02 1.07774e-01 1.39021e-01 |
   2108 | 4.01794e+01 1.90603e-02 | 1.25070e-02 1.07774e-01 1.39021e-01 |
   2109 | 4.01984e+01 1.90603e-02 | 1.25070e-02 1.07774e-01 1.39021e-01 |
   2110 | 4.02175e+01 1.90603e-02 | 1.25070e-02 1.07774e-01 1.39021e-01 |
   2111 | 4.02365e+01 1.90602e-02 | 1.25070e-02 1.07774e-01 1.39021e-01 |
   2112 | 4.02556e+01 1.90602e-02 | 1.25070e-02 1.07774e-01 1.39021e-01 |
   2113 | 4.02747e+01 1.90602e-02 | 1.25070e-02 1.07774e-01 1.39021e-01 |
   2114 | 4.02937e+01 1.90602e-02 | 1.25070e-02 1.07774e-01 1.39021e-01 |
   2115 | 4.03128e+01 1.90602e-02 | 1.25070e-02 1.07774e-01 1.39021e-01 |
   2116 | 4.03318e+01 1.90602e-02 | 1.25070e-02 1.07774e-01 1.39021e-01 |
   2117 | 4.03509e+01 1.90602e-02 | 1.25070e-02 1.07774e-01 1.39021e-01 |
   2118 | 4.03700e+01 1.90602e-02 | 1.25070e-02 1.07774e-01 1.39021e-01 |
   2119 | 4.03890e+01 1.90602e-02 | 1.25070e-02 1.07774e-01 1.39021e-01 |
   2120 | 4.04081e+01 1.90603e-02 | 1.25070e-02 1.07774e-01 1.39021e-01 |
   2121 | 4.04271e+01 1.90603e-02 | 1.25070e-02 1.07774e-01 1.39021e-01 |
   2122 | 4.04462e+01 1.90603e-02 | 1.25070e-02 1.07774e-01 1.39021e-01 |
   2123 | 4.04653e+01 1.90604e-02 | 1.25070e-02 1.07774e-01 1.39021e-01 |
   2124 | 4.04843e+01 1.90604e-02 | 1.25070e-02 1.07774e-01 1.39021e-01 |
   2125 | 4.05034e+01 1.90604e-02 | 1.25070e-02 1.07774e-01 1.39021e-01 |
   2126 | 4.05224e+01 1.90605e-02 | 1.25070e-02 1.07774e-01 1.39021e-01 |
   2127 | 4.05415e+01 1.90605e-02 | 1.25070e-02 1.07774e-01 1.39021e-01 |
   2128 | 4.05606e+01 1.90604e-02 | 1.25070e-02 1.07774e-01 1.39021e-01 |
   2129 | 4.05796e+01 1.90603e-02 | 1.25070e-02 1.07774e-01 1.39021e-01 |
   2130 | 4.05987e+01 1.90603e-02 | 1.25070e-02 1.07774e-01 1.39021e-01 |
   2131 | 4.06177e+01 1.90603e-02 | 1.25070e-02 1.07774e-01 1.39021e-01 |
   2132 | 4.06368e+01 1.90602e-02 | 1.25070e-02 1.07774e-01 1.39021e-01 |
   2133 | 4.06559e+01 1.90602e-02 | 1.25070e-02 1.07774e-01 1.39021e-01 |
   2134 | 4.06749e+01 1.90602e-02 | 1.25070e-02 1.07774e-01 1.39021e-01 |
   2135 | 4.06940e+01 1.90602e-02 | 1.25070e-02 1.07774e-01 1.39021e-01 |
   2136 | 4.07131e+01 1.90601e-02 | 1.25070e-02 1.07774e-01 1.39021e-01 |
   2137 | 4.07321e+01 1.90601e-02 | 1.25070e-02 1.07774e-01 1.39021e-01 |
   2138 | 4.07512e+01 1.90601e-02 | 1.25070e-02 1.07774e-01 1.39021e-01 |
   2139 | 4.07702e+01 1.90601e-02 | 1.25070e-02 1.07774e-01 1.39021e-01 |
   2140 | 4.07893e+01 1.90601e-02 | 1.25070e-02 1.07773e-01 1.39021e-01 |
   2141 | 4.08084e+01 1.90602e-02 | 1.25070e-02 1.07773e-01 1.39021e-01 |
   2142 | 4.08274e+01 1.90602e-02 | 1.25070e-02 1.07773e-01 1.39021e-01 |
   2143 | 4.08465e+01 1.90602e-02 | 1.25070e-02 1.07773e-01 1.39021e-01 |
   2144 | 4.08655e+01 1.90602e-02 | 1.25070e-02 1.07773e-01 1.39021e-01 |
   2145 | 4.08846e+01 1.90603e-02 | 1.25070e-02 1.07773e-01 1.39021e-01 |
   2146 | 4.09037e+01 1.90603e-02 | 1.25070e-02 1.07773e-01 1.39021e-01 |
   2147 | 4.09227e+01 1.90604e-02 | 1.25070e-02 1.07773e-01 1.39021e-01 |
   2148 | 4.09418e+01 1.90604e-02 | 1.25070e-02 1.07773e-01 1.39021e-01 |
   2149 | 4.09608e+01 1.90605e-02 | 1.25070e-02 1.07773e-01 1.39021e-01 |
   2150 | 4.09799e+01 1.90605e-02 | 1.25070e-02 1.07773e-01 1.39021e-01 |
   2151 | 4.09990e+01 1.90606e-02 | 1.25070e-02 1.07773e-01 1.39021e-01 |
   2152 | 4.10180e+01 1.90605e-02 | 1.25070e-02 1.07773e-01 1.39021e-01 |
   2153 | 4.10371e+01 1.90605e-02 | 1.25070e-02 1.07773e-01 1.39021e-01 |
   2154 | 4.10561e+01 1.90605e-02 | 1.25069e-02 1.07773e-01 1.39021e-01 |
   2155 | 4.10752e+01 1.90605e-02 | 1.25069e-02 1.07773e-01 1.39021e-01 |
   2156 | 4.10943e+01 1.90605e-02 | 1.25069e-02 1.07773e-01 1.39021e-01 |
   2157 | 4.11133e+01 1.90605e-02 | 1.25069e-02 1.07773e-01 1.39021e-01 |
   2158 | 4.11324e+01 1.90605e-02 | 1.25069e-02 1.07773e-01 1.39021e-01 |
   2159 | 4.11514e+01 1.90605e-02 | 1.25069e-02 1.07773e-01 1.39021e-01 |
   2160 | 4.11705e+01 1.90605e-02 | 1.25069e-02 1.07773e-01 1.39021e-01 |
   2161 | 4.11896e+01 1.90605e-02 | 1.25069e-02 1.07773e-01 1.39021e-01 |
   2162 | 4.12086e+01 1.90605e-02 | 1.25069e-02 1.07773e-01 1.39021e-01 |
   2163 | 4.12277e+01 1.90606e-02 | 1.25069e-02 1.07773e-01 1.39021e-01 |
   2164 | 4.12467e+01 1.90606e-02 | 1.25069e-02 1.07773e-01 1.39021e-01 |
   2165 | 4.12658e+01 1.90606e-02 | 1.25069e-02 1.07773e-01 1.39021e-01 |
   2166 | 4.12849e+01 1.90607e-02 | 1.25069e-02 1.07773e-01 1.39021e-01 |
   2167 | 4.13039e+01 1.90607e-02 | 1.25069e-02 1.07773e-01 1.39021e-01 |
   2168 | 4.13230e+01 1.90608e-02 | 1.25069e-02 1.07773e-01 1.39021e-01 |
   2169 | 4.13420e+01 1.90609e-02 | 1.25069e-02 1.07773e-01 1.39021e-01 |
   2170 | 4.13611e+01 1.90609e-02 | 1.25069e-02 1.07773e-01 1.39021e-01 |
   2171 | 4.13802e+01 1.90609e-02 | 1.25069e-02 1.07773e-01 1.39021e-01 |
   2172 | 4.13992e+01 1.90609e-02 | 1.25069e-02 1.07773e-01 1.39021e-01 |
   2173 | 4.14183e+01 1.90608e-02 | 1.25069e-02 1.07773e-01 1.39021e-01 |
   2174 | 4.14373e+01 1.90608e-02 | 1.25069e-02 1.07773e-01 1.39021e-01 |
   2175 | 4.14564e+01 1.90608e-02 | 1.25069e-02 1.07773e-01 1.39021e-01 |
   2176 | 4.14755e+01 1.90607e-02 | 1.25069e-02 1.07773e-01 1.39021e-01 |
   2177 | 4.14945e+01 1.90607e-02 | 1.25069e-02 1.07773e-01 1.39021e-01 |
   2178 | 4.15136e+01 1.90607e-02 | 1.25069e-02 1.07773e-01 1.39021e-01 |
   2179 | 4.15327e+01 1.90607e-02 | 1.25069e-02 1.07773e-01 1.39021e-01 |
   2180 | 4.15517e+01 1.90607e-02 | 1.25069e-02 1.07773e-01 1.39021e-01 |
   2181 | 4.15708e+01 1.90606e-02 | 1.25069e-02 1.07773e-01 1.39021e-01 |
   2182 | 4.15898e+01 1.90606e-02 | 1.25069e-02 1.07773e-01 1.39021e-01 |
   2183 | 4.16089e+01 1.90606e-02 | 1.25069e-02 1.07773e-01 1.39021e-01 |
   2184 | 4.16280e+01 1.90605e-02 | 1.25069e-02 1.07773e-01 1.39021e-01 |
   2185 | 4.16470e+01 1.90605e-02 | 1.25069e-02 1.07773e-01 1.39021e-01 |
   2186 | 4.16661e+01 1.90605e-02 | 1.25069e-02 1.07773e-01 1.39021e-01 |
   2187 | 4.16851e+01 1.90605e-02 | 1.25069e-02 1.07773e-01 1.39021e-01 |
   2188 | 4.17042e+01 1.90605e-02 | 1.25069e-02 1.07773e-01 1.39021e-01 |
   2189 | 4.17233e+01 1.90605e-02 | 1.25069e-02 1.07773e-01 1.39021e-01 |
   2190 | 4.17423e+01 1.90605e-02 | 1.25069e-02 1.07773e-01 1.39021e-01 |
   2191 | 4.17614e+01 1.90605e-02 | 1.25069e-02 1.07773e-01 1.39021e-01 |
   2192 | 4.17804e+01 1.90605e-02 | 1.25069e-02 1.07773e-01 1.39021e-01 |
   2193 | 4.17995e+01 1.90605e-02 | 1.25069e-02 1.07773e-01 1.39021e-01 |
   2194 | 4.18186e+01 1.90605e-02 | 1.25069e-02 1.07773e-01 1.39021e-01 |
   2195 | 4.18376e+01 1.90605e-02 | 1.25069e-02 1.07773e-01 1.39021e-01 |
   2196 | 4.18567e+01 1.90606e-02 | 1.25069e-02 1.07773e-01 1.39021e-01 |
   2197 | 4.18757e+01 1.90606e-02 | 1.25069e-02 1.07773e-01 1.39021e-01 |
   2198 | 4.18948e+01 1.90606e-02 | 1.25069e-02 1.07773e-01 1.39021e-01 |
   2199 | 4.19139e+01 1.90607e-02 | 1.25069e-02 1.07773e-01 1.39021e-01 |
   2200 | 4.19329e+01 1.90607e-02 | 1.25069e-02 1.07773e-01 1.39021e-01 |
   2201 | 4.19520e+01 1.90606e-02 | 1.25069e-02 1.07773e-01 1.39021e-01 |
   2202 | 4.19710e+01 1.90606e-02 | 1.25069e-02 1.07773e-01 1.39021e-01 |
   2203 | 4.19901e+01 1.90605e-02 | 1.25069e-02 1.07773e-01 1.39021e-01 |
   2204 | 4.20092e+01 1.90605e-02 | 1.25069e-02 1.07773e-01 1.39021e-01 |
   2205 | 4.20282e+01 1.90604e-02 | 1.25069e-02 1.07773e-01 1.39021e-01 |
   2206 | 4.20473e+01 1.90604e-02 | 1.25069e-02 1.07773e-01 1.39021e-01 |
   2207 | 4.20663e+01 1.90604e-02 | 1.25069e-02 1.07773e-01 1.39021e-01 |
   2208 | 4.20854e+01 1.90603e-02 | 1.25069e-02 1.07773e-01 1.39021e-01 |
   2209 | 4.21045e+01 1.90603e-02 | 1.25069e-02 1.07773e-01 1.39021e-01 |
   2210 | 4.21235e+01 1.90603e-02 | 1.25069e-02 1.07773e-01 1.39021e-01 |
   2211 | 4.21426e+01 1.90603e-02 | 1.25069e-02 1.07773e-01 1.39021e-01 |
   2212 | 4.21616e+01 1.90603e-02 | 1.25069e-02 1.07773e-01 1.39021e-01 |
   2213 | 4.21807e+01 1.90603e-02 | 1.25069e-02 1.07773e-01 1.39021e-01 |
   2214 | 4.21998e+01 1.90603e-02 | 1.25069e-02 1.07773e-01 1.39021e-01 |
   2215 | 4.22188e+01 1.90603e-02 | 1.25069e-02 1.07773e-01 1.39021e-01 |
   2216 | 4.22379e+01 1.90603e-02 | 1.25069e-02 1.07773e-01 1.39021e-01 |
   2217 | 4.22570e+01 1.90603e-02 | 1.25069e-02 1.07773e-01 1.39021e-01 |
   2218 | 4.22760e+01 1.90604e-02 | 1.25069e-02 1.07773e-01 1.39021e-01 |
   2219 | 4.22951e+01 1.90604e-02 | 1.25069e-02 1.07773e-01 1.39021e-01 |
   2220 | 4.23141e+01 1.90604e-02 | 1.25069e-02 1.07772e-01 1.39021e-01 |
   2221 | 4.23332e+01 1.90605e-02 | 1.25069e-02 1.07772e-01 1.39021e-01 |
   2222 | 4.23523e+01 1.90604e-02 | 1.25069e-02 1.07772e-01 1.39021e-01 |
   2223 | 4.23713e+01 1.90604e-02 | 1.25069e-02 1.07772e-01 1.39021e-01 |
   2224 | 4.23904e+01 1.90604e-02 | 1.25069e-02 1.07772e-01 1.39021e-01 |
   2225 | 4.24094e+01 1.90603e-02 | 1.25069e-02 1.07772e-01 1.39021e-01 |
   2226 | 4.24285e+01 1.90603e-02 | 1.25069e-02 1.07772e-01 1.39021e-01 |
   2227 | 4.24476e+01 1.90603e-02 | 1.25069e-02 1.07772e-01 1.39021e-01 |
   2228 | 4.24666e+01 1.90602e-02 | 1.25069e-02 1.07772e-01 1.39021e-01 |
   2229 | 4.24857e+01 1.90602e-02 | 1.25069e-02 1.07772e-01 1.39021e-01 |
   2230 | 4.25047e+01 1.90602e-02 | 1.25069e-02 1.07772e-01 1.39021e-01 |
   2231 | 4.25238e+01 1.90602e-02 | 1.25069e-02 1.07772e-01 1.39021e-01 |
   2232 | 4.25429e+01 1.90602e-02 | 1.25069e-02 1.07772e-01 1.39021e-01 |
   2233 | 4.25619e+01 1.90602e-02 | 1.25069e-02 1.07772e-01 1.39021e-01 |
   2234 | 4.25810e+01 1.90602e-02 | 1.25069e-02 1.07772e-01 1.39021e-01 |
   2235 | 4.26000e+01 1.90603e-02 | 1.25069e-02 1.07772e-01 1.39021e-01 |
   2236 | 4.26191e+01 1.90603e-02 | 1.25069e-02 1.07772e-01 1.39021e-01 |
   2237 | 4.26382e+01 1.90603e-02 | 1.25069e-02 1.07772e-01 1.39021e-01 |
   2238 | 4.26572e+01 1.90603e-02 | 1.25069e-02 1.07772e-01 1.39021e-01 |
   2239 | 4.26763e+01 1.90604e-02 | 1.25069e-02 1.07772e-01 1.39021e-01 |
   2240 | 4.26953e+01 1.90604e-02 | 1.25069e-02 1.07772e-01 1.39021e-01 |
   2241 | 4.27144e+01 1.90605e-02 | 1.25069e-02 1.07772e-01 1.39021e-01 |
   2242 | 4.27335e+01 1.90605e-02 | 1.25069e-02 1.07772e-01 1.39021e-01 |
   2243 | 4.27525e+01 1.90606e-02 | 1.25069e-02 1.07772e-01 1.39021e-01 |
   2244 | 4.27716e+01 1.90606e-02 | 1.25069e-02 1.07772e-01 1.39021e-01 |
   2245 | 4.27906e+01 1.90606e-02 | 1.25069e-02 1.07772e-01 1.39021e-01 |
   2246 | 4.28097e+01 1.90605e-02 | 1.25069e-02 1.07772e-01 1.39021e-01 |
   2247 | 4.28288e+01 1.90605e-02 | 1.25069e-02 1.07772e-01 1.39021e-01 |
   2248 | 4.28478e+01 1.90604e-02 | 1.25069e-02 1.07772e-01 1.39021e-01 |
   2249 | 4.28669e+01 1.90604e-02 | 1.25069e-02 1.07772e-01 1.39021e-01 |
   2250 | 4.28859e+01 1.90604e-02 | 1.25069e-02 1.07772e-01 1.39021e-01 |
   2251 | 4.29050e+01 1.90604e-02 | 1.25069e-02 1.07772e-01 1.39021e-01 |
   2252 | 4.29241e+01 1.90604e-02 | 1.25069e-02 1.07772e-01 1.39021e-01 |
   2253 | 4.29431e+01 1.90603e-02 | 1.25069e-02 1.07772e-01 1.39021e-01 |
   2254 | 4.29622e+01 1.90603e-02 | 1.25069e-02 1.07772e-01 1.39021e-01 |
   2255 | 4.29812e+01 1.90603e-02 | 1.25069e-02 1.07772e-01 1.39021e-01 |
   2256 | 4.30003e+01 1.90604e-02 | 1.25069e-02 1.07772e-01 1.39021e-01 |
   2257 | 4.30194e+01 1.90604e-02 | 1.25069e-02 1.07772e-01 1.39021e-01 |
   2258 | 4.30384e+01 1.90604e-02 | 1.25069e-02 1.07772e-01 1.39021e-01 |
   2259 | 4.30575e+01 1.90604e-02 | 1.25069e-02 1.07772e-01 1.39021e-01 |
   2260 | 4.30765e+01 1.90604e-02 | 1.25069e-02 1.07772e-01 1.39021e-01 |
   2261 | 4.30956e+01 1.90605e-02 | 1.25069e-02 1.07772e-01 1.39021e-01 |
   2262 | 4.31147e+01 1.90605e-02 | 1.25069e-02 1.07772e-01 1.39021e-01 |
   2263 | 4.31337e+01 1.90606e-02 | 1.25068e-02 1.07772e-01 1.39021e-01 |
   2264 | 4.31528e+01 1.90606e-02 | 1.25068e-02 1.07772e-01 1.39021e-01 |
   2265 | 4.31719e+01 1.90607e-02 | 1.25068e-02 1.07772e-01 1.39021e-01 |
   2266 | 4.31909e+01 1.90607e-02 | 1.25068e-02 1.07772e-01 1.39021e-01 |
   2267 | 4.32100e+01 1.90608e-02 | 1.25068e-02 1.07772e-01 1.39021e-01 |
   2268 | 4.32290e+01 1.90609e-02 | 1.25068e-02 1.07772e-01 1.39021e-01 |
   2269 | 4.32481e+01 1.90609e-02 | 1.25068e-02 1.07772e-01 1.39021e-01 |
   2270 | 4.32672e+01 1.90610e-02 | 1.25068e-02 1.07772e-01 1.39021e-01 |
   2271 | 4.32862e+01 1.90610e-02 | 1.25068e-02 1.07772e-01 1.39021e-01 |
   2272 | 4.33053e+01 1.90611e-02 | 1.25068e-02 1.07772e-01 1.39021e-01 |
   2273 | 4.33243e+01 1.90611e-02 | 1.25068e-02 1.07772e-01 1.39021e-01 |
   2274 | 4.33434e+01 1.90610e-02 | 1.25068e-02 1.07772e-01 1.39021e-01 |
   2275 | 4.33625e+01 1.90610e-02 | 1.25068e-02 1.07772e-01 1.39021e-01 |
   2276 | 4.33815e+01 1.90609e-02 | 1.25068e-02 1.07772e-01 1.39021e-01 |
   2277 | 4.34006e+01 1.90609e-02 | 1.25068e-02 1.07772e-01 1.39021e-01 |
   2278 | 4.34196e+01 1.90608e-02 | 1.25068e-02 1.07772e-01 1.39021e-01 |
   2279 | 4.34387e+01 1.90608e-02 | 1.25068e-02 1.07772e-01 1.39021e-01 |
   2280 | 4.34578e+01 1.90607e-02 | 1.25068e-02 1.07772e-01 1.39021e-01 |
   2281 | 4.34768e+01 1.90607e-02 | 1.25068e-02 1.07772e-01 1.39021e-01 |
   2282 | 4.34959e+01 1.90607e-02 | 1.25068e-02 1.07772e-01 1.39021e-01 |
   2283 | 4.35149e+01 1.90607e-02 | 1.25068e-02 1.07772e-01 1.39021e-01 |
   2284 | 4.35340e+01 1.90606e-02 | 1.25068e-02 1.07772e-01 1.39021e-01 |
   2285 | 4.35531e+01 1.90606e-02 | 1.25068e-02 1.07772e-01 1.39021e-01 |
   2286 | 4.35721e+01 1.90606e-02 | 1.25068e-02 1.07772e-01 1.39021e-01 |
   2287 | 4.35912e+01 1.90606e-02 | 1.25068e-02 1.07772e-01 1.39021e-01 |
   2288 | 4.36102e+01 1.90606e-02 | 1.25068e-02 1.07772e-01 1.39021e-01 |
   2289 | 4.36293e+01 1.90606e-02 | 1.25068e-02 1.07772e-01 1.39021e-01 |
   2290 | 4.36484e+01 1.90606e-02 | 1.25068e-02 1.07772e-01 1.39021e-01 |
   2291 | 4.36674e+01 1.90607e-02 | 1.25068e-02 1.07772e-01 1.39021e-01 |
   2292 | 4.36865e+01 1.90606e-02 | 1.25068e-02 1.07772e-01 1.39021e-01 |
   2293 | 4.37056e+01 1.90606e-02 | 1.25068e-02 1.07772e-01 1.39021e-01 |
   2294 | 4.37246e+01 1.90605e-02 | 1.25068e-02 1.07772e-01 1.39021e-01 |
   2295 | 4.37437e+01 1.90604e-02 | 1.25068e-02 1.07772e-01 1.39021e-01 |
   2296 | 4.37627e+01 1.90604e-02 | 1.25068e-02 1.07772e-01 1.39021e-01 |
   2297 | 4.37818e+01 1.90603e-02 | 1.25068e-02 1.07772e-01 1.39021e-01 |
   2298 | 4.38009e+01 1.90603e-02 | 1.25068e-02 1.07771e-01 1.39021e-01 |
   2299 | 4.38199e+01 1.90603e-02 | 1.25068e-02 1.07771e-01 1.39021e-01 |
   2300 | 4.38390e+01 1.90602e-02 | 1.25068e-02 1.07771e-01 1.39021e-01 |
   2301 | 4.38580e+01 1.90602e-02 | 1.25068e-02 1.07771e-01 1.39021e-01 |
   2302 | 4.38771e+01 1.90602e-02 | 1.25068e-02 1.07771e-01 1.39021e-01 |
   2303 | 4.38962e+01 1.90602e-02 | 1.25068e-02 1.07771e-01 1.39021e-01 |
   2304 | 4.39152e+01 1.90601e-02 | 1.25068e-02 1.07771e-01 1.39021e-01 |
   2305 | 4.39343e+01 1.90601e-02 | 1.25068e-02 1.07771e-01 1.39021e-01 |
   2306 | 4.39533e+01 1.90601e-02 | 1.25068e-02 1.07771e-01 1.39021e-01 |
   2307 | 4.39724e+01 1.90601e-02 | 1.25068e-02 1.07771e-01 1.39021e-01 |
   2308 | 4.39915e+01 1.90602e-02 | 1.25068e-02 1.07771e-01 1.39021e-01 |
   2309 | 4.40105e+01 1.90602e-02 | 1.25068e-02 1.07771e-01 1.39021e-01 |
   2310 | 4.40296e+01 1.90602e-02 | 1.25068e-02 1.07771e-01 1.39021e-01 |
   2311 | 4.40486e+01 1.90602e-02 | 1.25068e-02 1.07771e-01 1.39021e-01 |
   2312 | 4.40677e+01 1.90603e-02 | 1.25068e-02 1.07771e-01 1.39021e-01 |
   2313 | 4.40868e+01 1.90603e-02 | 1.25068e-02 1.07771e-01 1.39021e-01 |
   2314 | 4.41058e+01 1.90603e-02 | 1.25068e-02 1.07771e-01 1.39021e-01 |
   2315 | 4.41249e+01 1.90604e-02 | 1.25068e-02 1.07771e-01 1.39021e-01 |
   2316 | 4.41439e+01 1.90604e-02 | 1.25068e-02 1.07771e-01 1.39021e-01 |
   2317 | 4.41630e+01 1.90605e-02 | 1.25068e-02 1.07771e-01 1.39021e-01 |
   2318 | 4.41821e+01 1.90604e-02 | 1.25068e-02 1.07771e-01 1.39021e-01 |
   2319 | 4.42011e+01 1.90604e-02 | 1.25068e-02 1.07771e-01 1.39021e-01 |
   2320 | 4.42202e+01 1.90603e-02 | 1.25068e-02 1.07771e-01 1.39021e-01 |
   2321 | 4.42392e+01 1.90603e-02 | 1.25068e-02 1.07771e-01 1.39021e-01 |
   2322 | 4.42583e+01 1.90603e-02 | 1.25068e-02 1.07771e-01 1.39021e-01 |
   2323 | 4.42774e+01 1.90602e-02 | 1.25068e-02 1.07771e-01 1.39021e-01 |
   2324 | 4.42964e+01 1.90602e-02 | 1.25068e-02 1.07771e-01 1.39021e-01 |
   2325 | 4.43155e+01 1.90602e-02 | 1.25068e-02 1.07771e-01 1.39021e-01 |
   2326 | 4.43345e+01 1.90602e-02 | 1.25068e-02 1.07771e-01 1.39021e-01 |
   2327 | 4.43536e+01 1.90602e-02 | 1.25068e-02 1.07771e-01 1.39021e-01 |
   2328 | 4.43727e+01 1.90602e-02 | 1.25068e-02 1.07771e-01 1.39021e-01 |
   2329 | 4.43917e+01 1.90602e-02 | 1.25068e-02 1.07771e-01 1.39021e-01 |
   2330 | 4.44108e+01 1.90602e-02 | 1.25068e-02 1.07771e-01 1.39021e-01 |
   2331 | 4.44298e+01 1.90602e-02 | 1.25068e-02 1.07771e-01 1.39021e-01 |
   2332 | 4.44489e+01 1.90602e-02 | 1.25068e-02 1.07771e-01 1.39021e-01 |
   2333 | 4.44680e+01 1.90602e-02 | 1.25068e-02 1.07771e-01 1.39021e-01 |
   2334 | 4.44870e+01 1.90603e-02 | 1.25068e-02 1.07771e-01 1.39021e-01 |
   2335 | 4.45061e+01 1.90603e-02 | 1.25068e-02 1.07771e-01 1.39021e-01 |
   2336 | 4.45251e+01 1.90603e-02 | 1.25068e-02 1.07771e-01 1.39021e-01 |
   2337 | 4.45442e+01 1.90604e-02 | 1.25068e-02 1.07771e-01 1.39021e-01 |
   2338 | 4.45633e+01 1.90604e-02 | 1.25068e-02 1.07771e-01 1.39021e-01 |
   2339 | 4.45823e+01 1.90605e-02 | 1.25068e-02 1.07771e-01 1.39021e-01 |
   2340 | 4.46014e+01 1.90605e-02 | 1.25068e-02 1.07771e-01 1.39021e-01 |
   2341 | 4.46204e+01 1.90606e-02 | 1.25068e-02 1.07771e-01 1.39021e-01 |
   2342 | 4.46395e+01 1.90607e-02 | 1.25068e-02 1.07771e-01 1.39021e-01 |
   2343 | 4.46586e+01 1.90607e-02 | 1.25068e-02 1.07771e-01 1.39021e-01 |
   2344 | 4.46776e+01 1.90608e-02 | 1.25068e-02 1.07771e-01 1.39021e-01 |
   2345 | 4.46967e+01 1.90608e-02 | 1.25068e-02 1.07771e-01 1.39021e-01 |
   2346 | 4.47157e+01 1.90608e-02 | 1.25068e-02 1.07771e-01 1.39021e-01 |
   2347 | 4.47348e+01 1.90608e-02 | 1.25068e-02 1.07771e-01 1.39021e-01 |
   2348 | 4.47539e+01 1.90608e-02 | 1.25068e-02 1.07771e-01 1.39021e-01 |
   2349 | 4.47729e+01 1.90608e-02 | 1.25067e-02 1.07771e-01 1.39021e-01 |
   2350 | 4.47920e+01 1.90608e-02 | 1.25067e-02 1.07771e-01 1.39021e-01 |
   2351 | 4.48111e+01 1.90608e-02 | 1.25067e-02 1.07771e-01 1.39021e-01 |
   2352 | 4.48301e+01 1.90609e-02 | 1.25067e-02 1.07771e-01 1.39021e-01 |
   2353 | 4.48492e+01 1.90609e-02 | 1.25067e-02 1.07771e-01 1.39021e-01 |
   2354 | 4.48682e+01 1.90609e-02 | 1.25067e-02 1.07771e-01 1.39021e-01 |
   2355 | 4.48873e+01 1.90610e-02 | 1.25067e-02 1.07771e-01 1.39021e-01 |
   2356 | 4.49064e+01 1.90610e-02 | 1.25067e-02 1.07771e-01 1.39021e-01 |
   2357 | 4.49254e+01 1.90610e-02 | 1.25067e-02 1.07771e-01 1.39021e-01 |
   2358 | 4.49445e+01 1.90611e-02 | 1.25067e-02 1.07771e-01 1.39021e-01 |
   2359 | 4.49635e+01 1.90612e-02 | 1.25067e-02 1.07771e-01 1.39021e-01 |
   2360 | 4.49826e+01 1.90611e-02 | 1.25067e-02 1.07771e-01 1.39021e-01 |
   2361 | 4.50017e+01 1.90611e-02 | 1.25067e-02 1.07771e-01 1.39021e-01 |
   2362 | 4.50207e+01 1.90611e-02 | 1.25067e-02 1.07771e-01 1.39021e-01 |
   2363 | 4.50398e+01 1.90610e-02 | 1.25067e-02 1.07771e-01 1.39021e-01 |
   2364 | 4.50588e+01 1.90609e-02 | 1.25067e-02 1.07771e-01 1.39021e-01 |
   2365 | 4.50779e+01 1.90609e-02 | 1.25067e-02 1.07771e-01 1.39021e-01 |
   2366 | 4.50970e+01 1.90608e-02 | 1.25067e-02 1.07771e-01 1.39021e-01 |
   2367 | 4.51160e+01 1.90607e-02 | 1.25067e-02 1.07771e-01 1.39021e-01 |
   2368 | 4.51351e+01 1.90606e-02 | 1.25067e-02 1.07771e-01 1.39021e-01 |
   2369 | 4.51542e+01 1.90606e-02 | 1.25067e-02 1.07771e-01 1.39021e-01 |
   2370 | 4.51732e+01 1.90605e-02 | 1.25067e-02 1.07771e-01 1.39021e-01 |
   2371 | 4.51923e+01 1.90605e-02 | 1.25067e-02 1.07771e-01 1.39021e-01 |
   2372 | 4.52113e+01 1.90604e-02 | 1.25067e-02 1.07771e-01 1.39021e-01 |
   2373 | 4.52304e+01 1.90604e-02 | 1.25067e-02 1.07771e-01 1.39021e-01 |
   2374 | 4.52495e+01 1.90604e-02 | 1.25067e-02 1.07771e-01 1.39021e-01 |
   2375 | 4.52685e+01 1.90603e-02 | 1.25067e-02 1.07771e-01 1.39021e-01 |
   2376 | 4.52876e+01 1.90603e-02 | 1.25067e-02 1.07770e-01 1.39021e-01 |
   2377 | 4.53066e+01 1.90603e-02 | 1.25067e-02 1.07770e-01 1.39021e-01 |
   2378 | 4.53257e+01 1.90603e-02 | 1.25067e-02 1.07770e-01 1.39021e-01 |
   2379 | 4.53448e+01 1.90603e-02 | 1.25067e-02 1.07770e-01 1.39021e-01 |
   2380 | 4.53638e+01 1.90603e-02 | 1.25067e-02 1.07770e-01 1.39021e-01 |
   2381 | 4.53829e+01 1.90603e-02 | 1.25067e-02 1.07770e-01 1.39021e-01 |
   2382 | 4.54019e+01 1.90603e-02 | 1.25067e-02 1.07770e-01 1.39021e-01 |
   2383 | 4.54210e+01 1.90603e-02 | 1.25067e-02 1.07770e-01 1.39021e-01 |
   2384 | 4.54401e+01 1.90603e-02 | 1.25067e-02 1.07770e-01 1.39021e-01 |
   2385 | 4.54591e+01 1.90603e-02 | 1.25067e-02 1.07770e-01 1.39021e-01 |
   2386 | 4.54782e+01 1.90604e-02 | 1.25067e-02 1.07770e-01 1.39021e-01 |
   2387 | 4.54972e+01 1.90604e-02 | 1.25067e-02 1.07770e-01 1.39022e-01 |
   2388 | 4.55163e+01 1.90604e-02 | 1.25067e-02 1.07770e-01 1.39022e-01 |
   2389 | 4.55354e+01 1.90605e-02 | 1.25067e-02 1.07770e-01 1.39022e-01 |
   2390 | 4.55544e+01 1.90605e-02 | 1.25067e-02 1.07770e-01 1.39022e-01 |
   2391 | 4.55735e+01 1.90605e-02 | 1.25067e-02 1.07770e-01 1.39022e-01 |
   2392 | 4.55925e+01 1.90605e-02 | 1.25067e-02 1.07770e-01 1.39022e-01 |
   2393 | 4.56116e+01 1.90604e-02 | 1.25067e-02 1.07770e-01 1.39022e-01 |
   2394 | 4.56307e+01 1.90604e-02 | 1.25067e-02 1.07770e-01 1.39022e-01 |
   2395 | 4.56497e+01 1.90603e-02 | 1.25067e-02 1.07770e-01 1.39022e-01 |
   2396 | 4.56688e+01 1.90603e-02 | 1.25067e-02 1.07770e-01 1.39022e-01 |
   2397 | 4.56878e+01 1.90603e-02 | 1.25067e-02 1.07770e-01 1.39022e-01 |
   2398 | 4.57069e+01 1.90602e-02 | 1.25067e-02 1.07770e-01 1.39022e-01 |
   2399 | 4.57260e+01 1.90602e-02 | 1.25067e-02 1.07770e-01 1.39022e-01 |
   2400 | 4.57450e+01 1.90602e-02 | 1.25067e-02 1.07770e-01 1.39022e-01 |
   2401 | 4.57641e+01 1.90602e-02 | 1.25067e-02 1.07770e-01 1.39022e-01 |
   2402 | 4.57831e+01 1.90602e-02 | 1.25067e-02 1.07770e-01 1.39022e-01 |
   2403 | 4.58022e+01 1.90602e-02 | 1.25067e-02 1.07770e-01 1.39022e-01 |
   2404 | 4.58213e+01 1.90602e-02 | 1.25067e-02 1.07770e-01 1.39022e-01 |
   2405 | 4.58403e+01 1.90602e-02 | 1.25067e-02 1.07770e-01 1.39022e-01 |
   2406 | 4.58594e+01 1.90602e-02 | 1.25067e-02 1.07770e-01 1.39022e-01 |
   2407 | 4.58784e+01 1.90602e-02 | 1.25067e-02 1.07770e-01 1.39022e-01 |
   2408 | 4.58975e+01 1.90602e-02 | 1.25067e-02 1.07770e-01 1.39022e-01 |
   2409 | 4.59166e+01 1.90603e-02 | 1.25067e-02 1.07770e-01 1.39022e-01 |
   2410 | 4.59356e+01 1.90603e-02 | 1.25067e-02 1.07770e-01 1.39022e-01 |
   2411 | 4.59547e+01 1.90604e-02 | 1.25067e-02 1.07770e-01 1.39022e-01 |
   2412 | 4.59737e+01 1.90604e-02 | 1.25067e-02 1.07770e-01 1.39022e-01 |
   2413 | 4.59928e+01 1.90605e-02 | 1.25067e-02 1.07770e-01 1.39022e-01 |
   2414 | 4.60119e+01 1.90605e-02 | 1.25067e-02 1.07770e-01 1.39022e-01 |
   2415 | 4.60309e+01 1.90605e-02 | 1.25067e-02 1.07770e-01 1.39022e-01 |
   2416 | 4.60500e+01 1.90605e-02 | 1.25067e-02 1.07770e-01 1.39022e-01 |
   2417 | 4.60690e+01 1.90605e-02 | 1.25067e-02 1.07770e-01 1.39022e-01 |
   2418 | 4.60881e+01 1.90604e-02 | 1.25067e-02 1.07770e-01 1.39022e-01 |
   2419 | 4.61072e+01 1.90604e-02 | 1.25067e-02 1.07770e-01 1.39022e-01 |
   2420 | 4.61262e+01 1.90604e-02 | 1.25067e-02 1.07770e-01 1.39022e-01 |
   2421 | 4.61453e+01 1.90604e-02 | 1.25067e-02 1.07770e-01 1.39022e-01 |
   2422 | 4.61643e+01 1.90604e-02 | 1.25067e-02 1.07770e-01 1.39022e-01 |
   2423 | 4.61834e+01 1.90604e-02 | 1.25067e-02 1.07770e-01 1.39022e-01 |
   2424 | 4.62025e+01 1.90604e-02 | 1.25067e-02 1.07770e-01 1.39022e-01 |
   2425 | 4.62215e+01 1.90604e-02 | 1.25067e-02 1.07770e-01 1.39022e-01 |
   2426 | 4.62406e+01 1.90605e-02 | 1.25067e-02 1.07770e-01 1.39022e-01 |
   2427 | 4.62597e+01 1.90605e-02 | 1.25066e-02 1.07770e-01 1.39022e-01 |
   2428 | 4.62787e+01 1.90605e-02 | 1.25066e-02 1.07770e-01 1.39022e-01 |
   2429 | 4.62978e+01 1.90605e-02 | 1.25066e-02 1.07770e-01 1.39022e-01 |
   2430 | 4.63168e+01 1.90606e-02 | 1.25066e-02 1.07770e-01 1.39022e-01 |
   2431 | 4.63359e+01 1.90606e-02 | 1.25066e-02 1.07770e-01 1.39022e-01 |
   2432 | 4.63550e+01 1.90607e-02 | 1.25066e-02 1.07770e-01 1.39022e-01 |
   2433 | 4.63740e+01 1.90607e-02 | 1.25066e-02 1.07770e-01 1.39022e-01 |
   2434 | 4.63931e+01 1.90608e-02 | 1.25066e-02 1.07770e-01 1.39022e-01 |
   2435 | 4.64121e+01 1.90608e-02 | 1.25066e-02 1.07770e-01 1.39022e-01 |
   2436 | 4.64312e+01 1.90608e-02 | 1.25066e-02 1.07770e-01 1.39022e-01 |
   2437 | 4.64503e+01 1.90607e-02 | 1.25066e-02 1.07770e-01 1.39022e-01 |
   2438 | 4.64693e+01 1.90607e-02 | 1.25066e-02 1.07770e-01 1.39022e-01 |
   2439 | 4.64884e+01 1.90607e-02 | 1.25066e-02 1.07770e-01 1.39022e-01 |
   2440 | 4.65074e+01 1.90607e-02 | 1.25066e-02 1.07770e-01 1.39022e-01 |
   2441 | 4.65265e+01 1.90606e-02 | 1.25066e-02 1.07770e-01 1.39022e-01 |
   2442 | 4.65456e+01 1.90606e-02 | 1.25066e-02 1.07770e-01 1.39022e-01 |
   2443 | 4.65646e+01 1.90606e-02 | 1.25066e-02 1.07770e-01 1.39022e-01 |
   2444 | 4.65837e+01 1.90606e-02 | 1.25066e-02 1.07770e-01 1.39022e-01 |
   2445 | 4.66027e+01 1.90606e-02 | 1.25066e-02 1.07770e-01 1.39022e-01 |
   2446 | 4.66218e+01 1.90606e-02 | 1.25066e-02 1.07770e-01 1.39022e-01 |
   2447 | 4.66409e+01 1.90606e-02 | 1.25066e-02 1.07770e-01 1.39022e-01 |
   2448 | 4.66599e+01 1.90606e-02 | 1.25066e-02 1.07770e-01 1.39022e-01 |
   2449 | 4.66790e+01 1.90606e-02 | 1.25066e-02 1.07770e-01 1.39022e-01 |
   2450 | 4.66980e+01 1.90606e-02 | 1.25066e-02 1.07770e-01 1.39022e-01 |
   2451 | 4.67171e+01 1.90606e-02 | 1.25066e-02 1.07770e-01 1.39022e-01 |
   2452 | 4.67362e+01 1.90606e-02 | 1.25066e-02 1.07770e-01 1.39022e-01 |
   2453 | 4.67552e+01 1.90606e-02 | 1.25066e-02 1.07770e-01 1.39022e-01 |
   2454 | 4.67743e+01 1.90606e-02 | 1.25066e-02 1.07769e-01 1.39022e-01 |
   2455 | 4.67933e+01 1.90606e-02 | 1.25066e-02 1.07769e-01 1.39022e-01 |
   2456 | 4.68124e+01 1.90606e-02 | 1.25066e-02 1.07769e-01 1.39022e-01 |
   2457 | 4.68315e+01 1.90606e-02 | 1.25066e-02 1.07769e-01 1.39022e-01 |
   2458 | 4.68505e+01 1.90606e-02 | 1.25066e-02 1.07769e-01 1.39022e-01 |
   2459 | 4.68696e+01 1.90606e-02 | 1.25066e-02 1.07769e-01 1.39022e-01 |
   2460 | 4.68887e+01 1.90606e-02 | 1.25066e-02 1.07769e-01 1.39022e-01 |
   2461 | 4.69077e+01 1.90607e-02 | 1.25066e-02 1.07769e-01 1.39022e-01 |
   2462 | 4.69268e+01 1.90607e-02 | 1.25066e-02 1.07769e-01 1.39022e-01 |
   2463 | 4.69458e+01 1.90608e-02 | 1.25066e-02 1.07769e-01 1.39022e-01 |
   2464 | 4.69649e+01 1.90608e-02 | 1.25066e-02 1.07769e-01 1.39022e-01 |
   2465 | 4.69840e+01 1.90607e-02 | 1.25066e-02 1.07769e-01 1.39022e-01 |
   2466 | 4.70030e+01 1.90607e-02 | 1.25066e-02 1.07769e-01 1.39022e-01 |
   2467 | 4.70221e+01 1.90606e-02 | 1.25066e-02 1.07769e-01 1.39022e-01 |
   2468 | 4.70411e+01 1.90606e-02 | 1.25066e-02 1.07769e-01 1.39022e-01 |
   2469 | 4.70602e+01 1.90605e-02 | 1.25066e-02 1.07769e-01 1.39022e-01 |
   2470 | 4.70793e+01 1.90605e-02 | 1.25066e-02 1.07769e-01 1.39022e-01 |
   2471 | 4.70983e+01 1.90605e-02 | 1.25066e-02 1.07769e-01 1.39022e-01 |
   2472 | 4.71174e+01 1.90604e-02 | 1.25066e-02 1.07769e-01 1.39022e-01 |
   2473 | 4.71364e+01 1.90604e-02 | 1.25066e-02 1.07769e-01 1.39022e-01 |
   2474 | 4.71555e+01 1.90604e-02 | 1.25066e-02 1.07769e-01 1.39022e-01 |
   2475 | 4.71746e+01 1.90604e-02 | 1.25066e-02 1.07769e-01 1.39022e-01 |
   2476 | 4.71936e+01 1.90604e-02 | 1.25066e-02 1.07769e-01 1.39022e-01 |
   2477 | 4.72127e+01 1.90604e-02 | 1.25066e-02 1.07769e-01 1.39022e-01 |
   2478 | 4.72317e+01 1.90604e-02 | 1.25066e-02 1.07769e-01 1.39022e-01 |
   2479 | 4.72508e+01 1.90604e-02 | 1.25066e-02 1.07769e-01 1.39022e-01 |
   2480 | 4.72699e+01 1.90604e-02 | 1.25066e-02 1.07769e-01 1.39022e-01 |
   2481 | 4.72889e+01 1.90604e-02 | 1.25066e-02 1.07769e-01 1.39022e-01 |
   2482 | 4.73080e+01 1.90604e-02 | 1.25066e-02 1.07769e-01 1.39022e-01 |
   2483 | 4.73270e+01 1.90605e-02 | 1.25066e-02 1.07769e-01 1.39022e-01 |
   2484 | 4.73461e+01 1.90605e-02 | 1.25066e-02 1.07769e-01 1.39022e-01 |
   2485 | 4.73652e+01 1.90605e-02 | 1.25066e-02 1.07769e-01 1.39022e-01 |
   2486 | 4.73842e+01 1.90605e-02 | 1.25066e-02 1.07769e-01 1.39022e-01 |
   2487 | 4.74033e+01 1.90604e-02 | 1.25066e-02 1.07769e-01 1.39022e-01 |
   2488 | 4.74223e+01 1.90604e-02 | 1.25066e-02 1.07769e-01 1.39022e-01 |
   2489 | 4.74414e+01 1.90603e-02 | 1.25066e-02 1.07769e-01 1.39022e-01 |
   2490 | 4.74605e+01 1.90603e-02 | 1.25066e-02 1.07769e-01 1.39022e-01 |
   2491 | 4.74795e+01 1.90603e-02 | 1.25066e-02 1.07769e-01 1.39022e-01 |
   2492 | 4.74986e+01 1.90602e-02 | 1.25066e-02 1.07769e-01 1.39022e-01 |
   2493 | 4.75176e+01 1.90602e-02 | 1.25066e-02 1.07769e-01 1.39022e-01 |
   2494 | 4.75367e+01 1.90602e-02 | 1.25066e-02 1.07769e-01 1.39022e-01 |
   2495 | 4.75558e+01 1.90602e-02 | 1.25066e-02 1.07769e-01 1.39022e-01 |
   2496 | 4.75748e+01 1.90602e-02 | 1.25066e-02 1.07769e-01 1.39022e-01 |
   2497 | 4.75939e+01 1.90602e-02 | 1.25066e-02 1.07769e-01 1.39022e-01 |
   2498 | 4.76129e+01 1.90602e-02 | 1.25066e-02 1.07769e-01 1.39022e-01 |
   2499 | 4.76320e+01 1.90602e-02 | 1.25066e-02 1.07769e-01 1.39022e-01 |
   2500 | 4.76511e+01 1.90602e-02 | 1.25066e-02 1.07769e-01 1.39022e-01 |
   2501 | 4.76701e+01 1.90603e-02 | 1.25066e-02 1.07769e-01 1.39022e-01 |
   2502 | 4.76892e+01 1.90603e-02 | 1.25066e-02 1.07769e-01 1.39022e-01 |
   2503 | 4.77082e+01 1.90603e-02 | 1.25066e-02 1.07769e-01 1.39022e-01 |
   2504 | 4.77273e+01 1.90604e-02 | 1.25066e-02 1.07769e-01 1.39022e-01 |
   2505 | 4.77464e+01 1.90604e-02 | 1.25066e-02 1.07769e-01 1.39022e-01 |
   2506 | 4.77654e+01 1.90605e-02 | 1.25065e-02 1.07769e-01 1.39022e-01 |
   2507 | 4.77845e+01 1.90605e-02 | 1.25065e-02 1.07769e-01 1.39022e-01 |
   2508 | 4.78036e+01 1.90606e-02 | 1.25065e-02 1.07769e-01 1.39022e-01 |
   2509 | 4.78226e+01 1.90605e-02 | 1.25065e-02 1.07769e-01 1.39022e-01 |
   2510 | 4.78417e+01 1.90605e-02 | 1.25065e-02 1.07769e-01 1.39022e-01 |
   2511 | 4.78607e+01 1.90604e-02 | 1.25065e-02 1.07769e-01 1.39022e-01 |
   2512 | 4.78798e+01 1.90604e-02 | 1.25065e-02 1.07769e-01 1.39022e-01 |
   2513 | 4.78989e+01 1.90604e-02 | 1.25065e-02 1.07769e-01 1.39022e-01 |
   2514 | 4.79179e+01 1.90603e-02 | 1.25065e-02 1.07769e-01 1.39022e-01 |
   2515 | 4.79370e+01 1.90603e-02 | 1.25065e-02 1.07769e-01 1.39022e-01 |
   2516 | 4.79560e+01 1.90603e-02 | 1.25065e-02 1.07769e-01 1.39022e-01 |
   2517 | 4.79751e+01 1.90603e-02 | 1.25065e-02 1.07769e-01 1.39022e-01 |
   2518 | 4.79942e+01 1.90603e-02 | 1.25065e-02 1.07769e-01 1.39022e-01 |
   2519 | 4.80132e+01 1.90603e-02 | 1.25065e-02 1.07769e-01 1.39022e-01 |
   2520 | 4.80323e+01 1.90603e-02 | 1.25065e-02 1.07769e-01 1.39022e-01 |
   2521 | 4.80513e+01 1.90603e-02 | 1.25065e-02 1.07769e-01 1.39022e-01 |
   2522 | 4.80704e+01 1.90603e-02 | 1.25065e-02 1.07769e-01 1.39022e-01 |
   2523 | 4.80895e+01 1.90603e-02 | 1.25065e-02 1.07769e-01 1.39022e-01 |
   2524 | 4.81085e+01 1.90604e-02 | 1.25065e-02 1.07769e-01 1.39022e-01 |
   2525 | 4.81276e+01 1.90604e-02 | 1.25065e-02 1.07769e-01 1.39022e-01 |
   2526 | 4.81466e+01 1.90604e-02 | 1.25065e-02 1.07769e-01 1.39022e-01 |
   2527 | 4.81657e+01 1.90605e-02 | 1.25065e-02 1.07769e-01 1.39022e-01 |
   2528 | 4.81848e+01 1.90605e-02 | 1.25065e-02 1.07769e-01 1.39022e-01 |
   2529 | 4.82038e+01 1.90606e-02 | 1.25065e-02 1.07769e-01 1.39022e-01 |
   2530 | 4.82229e+01 1.90606e-02 | 1.25065e-02 1.07769e-01 1.39022e-01 |
   2531 | 4.82419e+01 1.90607e-02 | 1.25065e-02 1.07769e-01 1.39022e-01 |
   2532 | 4.82610e+01 1.90608e-02 | 1.25065e-02 1.07768e-01 1.39022e-01 |
   2533 | 4.82801e+01 1.90608e-02 | 1.25065e-02 1.07768e-01 1.39022e-01 |
   2534 | 4.82991e+01 1.90609e-02 | 1.25065e-02 1.07768e-01 1.39022e-01 |
   2535 | 4.83182e+01 1.90610e-02 | 1.25065e-02 1.07768e-01 1.39022e-01 |
   2536 | 4.83372e+01 1.90611e-02 | 1.25065e-02 1.07768e-01 1.39022e-01 |
   2537 | 4.83563e+01 1.90612e-02 | 1.25065e-02 1.07768e-01 1.39022e-01 |
   2538 | 4.83754e+01 1.90612e-02 | 1.25065e-02 1.07768e-01 1.39022e-01 |
   2539 | 4.83944e+01 1.90612e-02 | 1.25065e-02 1.07768e-01 1.39022e-01 |
   2540 | 4.84135e+01 1.90611e-02 | 1.25065e-02 1.07768e-01 1.39022e-01 |
   2541 | 4.84326e+01 1.90610e-02 | 1.25065e-02 1.07768e-01 1.39022e-01 |
   2542 | 4.84516e+01 1.90610e-02 | 1.25065e-02 1.07768e-01 1.39022e-01 |
   2543 | 4.84707e+01 1.90609e-02 | 1.25065e-02 1.07768e-01 1.39022e-01 |
   2544 | 4.84897e+01 1.90609e-02 | 1.25065e-02 1.07768e-01 1.39022e-01 |
   2545 | 4.85088e+01 1.90609e-02 | 1.25065e-02 1.07768e-01 1.39022e-01 |
   2546 | 4.85279e+01 1.90608e-02 | 1.25065e-02 1.07768e-01 1.39022e-01 |
   2547 | 4.85469e+01 1.90608e-02 | 1.25065e-02 1.07768e-01 1.39022e-01 |
   2548 | 4.85660e+01 1.90608e-02 | 1.25065e-02 1.07768e-01 1.39022e-01 |
   2549 | 4.85850e+01 1.90608e-02 | 1.25065e-02 1.07768e-01 1.39022e-01 |
   2550 | 4.86041e+01 1.90608e-02 | 1.25065e-02 1.07768e-01 1.39022e-01 |
   2551 | 4.86232e+01 1.90608e-02 | 1.25065e-02 1.07768e-01 1.39022e-01 |
   2552 | 4.86422e+01 1.90608e-02 | 1.25065e-02 1.07768e-01 1.39022e-01 |
   2553 | 4.86613e+01 1.90608e-02 | 1.25065e-02 1.07768e-01 1.39022e-01 |
   2554 | 4.86803e+01 1.90608e-02 | 1.25065e-02 1.07768e-01 1.39022e-01 |
   2555 | 4.86994e+01 1.90608e-02 | 1.25065e-02 1.07768e-01 1.39022e-01 |
   2556 | 4.87185e+01 1.90607e-02 | 1.25065e-02 1.07768e-01 1.39022e-01 |
   2557 | 4.87375e+01 1.90606e-02 | 1.25065e-02 1.07768e-01 1.39022e-01 |
   2558 | 4.87566e+01 1.90606e-02 | 1.25065e-02 1.07768e-01 1.39022e-01 |
   2559 | 4.87756e+01 1.90605e-02 | 1.25065e-02 1.07768e-01 1.39022e-01 |
   2560 | 4.87947e+01 1.90604e-02 | 1.25065e-02 1.07768e-01 1.39022e-01 |
   2561 | 4.88138e+01 1.90604e-02 | 1.25065e-02 1.07768e-01 1.39022e-01 |
   2562 | 4.88328e+01 1.90603e-02 | 1.25065e-02 1.07768e-01 1.39022e-01 |
   2563 | 4.88519e+01 1.90603e-02 | 1.25065e-02 1.07768e-01 1.39022e-01 |
   2564 | 4.88709e+01 1.90603e-02 | 1.25065e-02 1.07768e-01 1.39022e-01 |
   2565 | 4.88900e+01 1.90602e-02 | 1.25065e-02 1.07768e-01 1.39022e-01 |
   2566 | 4.89091e+01 1.90602e-02 | 1.25065e-02 1.07768e-01 1.39022e-01 |
   2567 | 4.89281e+01 1.90602e-02 | 1.25065e-02 1.07768e-01 1.39022e-01 |
   2568 | 4.89472e+01 1.90602e-02 | 1.25065e-02 1.07768e-01 1.39022e-01 |
   2569 | 4.89662e+01 1.90602e-02 | 1.25065e-02 1.07768e-01 1.39022e-01 |
   2570 | 4.89853e+01 1.90602e-02 | 1.25065e-02 1.07768e-01 1.39022e-01 |
   2571 | 4.90044e+01 1.90602e-02 | 1.25065e-02 1.07768e-01 1.39022e-01 |
   2572 | 4.90234e+01 1.90602e-02 | 1.25065e-02 1.07768e-01 1.39022e-01 |
   2573 | 4.90425e+01 1.90602e-02 | 1.25065e-02 1.07768e-01 1.39022e-01 |
   2574 | 4.90615e+01 1.90602e-02 | 1.25065e-02 1.07768e-01 1.39022e-01 |
   2575 | 4.90806e+01 1.90602e-02 | 1.25065e-02 1.07768e-01 1.39022e-01 |
   2576 | 4.90997e+01 1.90603e-02 | 1.25065e-02 1.07768e-01 1.39022e-01 |
   2577 | 4.91187e+01 1.90603e-02 | 1.25065e-02 1.07768e-01 1.39022e-01 |
   2578 | 4.91378e+01 1.90603e-02 | 1.25065e-02 1.07768e-01 1.39022e-01 |
   2579 | 4.91569e+01 1.90604e-02 | 1.25065e-02 1.07768e-01 1.39022e-01 |
   2580 | 4.91759e+01 1.90604e-02 | 1.25065e-02 1.07768e-01 1.39022e-01 |
   2581 | 4.91950e+01 1.90605e-02 | 1.25065e-02 1.07768e-01 1.39022e-01 |
   2582 | 4.92140e+01 1.90605e-02 | 1.25065e-02 1.07768e-01 1.39022e-01 |
   2583 | 4.92331e+01 1.90604e-02 | 1.25065e-02 1.07768e-01 1.39022e-01 |
   2584 | 4.92522e+01 1.90604e-02 | 1.25065e-02 1.07768e-01 1.39022e-01 |
   2585 | 4.92712e+01 1.90603e-02 | 1.25065e-02 1.07768e-01 1.39022e-01 |
   2586 | 4.92903e+01 1.90603e-02 | 1.25065e-02 1.07768e-01 1.39022e-01 |
   2587 | 4.93093e+01 1.90603e-02 | 1.25065e-02 1.07768e-01 1.39022e-01 |
   2588 | 4.93284e+01 1.90602e-02 | 1.25065e-02 1.07768e-01 1.39022e-01 |
   2589 | 4.93475e+01 1.90602e-02 | 1.25065e-02 1.07768e-01 1.39022e-01 |
   2590 | 4.93665e+01 1.90602e-02 | 1.25065e-02 1.07768e-01 1.39022e-01 |
   2591 | 4.93856e+01 1.90602e-02 | 1.25065e-02 1.07768e-01 1.39022e-01 |
   2592 | 4.94046e+01 1.90602e-02 | 1.25064e-02 1.07768e-01 1.39022e-01 |
   2593 | 4.94237e+01 1.90602e-02 | 1.25064e-02 1.07768e-01 1.39022e-01 |
   2594 | 4.94428e+01 1.90602e-02 | 1.25064e-02 1.07768e-01 1.39022e-01 |
   2595 | 4.94618e+01 1.90602e-02 | 1.25064e-02 1.07768e-01 1.39022e-01 |
   2596 | 4.94809e+01 1.90602e-02 | 1.25064e-02 1.07768e-01 1.39022e-01 |
   2597 | 4.94999e+01 1.90602e-02 | 1.25064e-02 1.07768e-01 1.39022e-01 |
   2598 | 4.95190e+01 1.90602e-02 | 1.25064e-02 1.07768e-01 1.39022e-01 |
   2599 | 4.95381e+01 1.90603e-02 | 1.25064e-02 1.07768e-01 1.39022e-01 |
   2600 | 4.95571e+01 1.90603e-02 | 1.25064e-02 1.07768e-01 1.39022e-01 |
   2601 | 4.95762e+01 1.90603e-02 | 1.25064e-02 1.07768e-01 1.39022e-01 |
   2602 | 4.95952e+01 1.90604e-02 | 1.25064e-02 1.07768e-01 1.39022e-01 |
   2603 | 4.96143e+01 1.90604e-02 | 1.25064e-02 1.07768e-01 1.39022e-01 |
   2604 | 4.96334e+01 1.90605e-02 | 1.25064e-02 1.07768e-01 1.39022e-01 |
   2605 | 4.96524e+01 1.90605e-02 | 1.25064e-02 1.07768e-01 1.39022e-01 |
   2606 | 4.96715e+01 1.90606e-02 | 1.25064e-02 1.07768e-01 1.39022e-01 |
   2607 | 4.96905e+01 1.90607e-02 | 1.25064e-02 1.07768e-01 1.39022e-01 |
   2608 | 4.97096e+01 1.90607e-02 | 1.25064e-02 1.07768e-01 1.39022e-01 |
   2609 | 4.97287e+01 1.90607e-02 | 1.25064e-02 1.07768e-01 1.39022e-01 |
   2610 | 4.97477e+01 1.90607e-02 | 1.25064e-02 1.07767e-01 1.39022e-01 |
   2611 | 4.97668e+01 1.90607e-02 | 1.25064e-02 1.07767e-01 1.39022e-01 |
   2612 | 4.97858e+01 1.90607e-02 | 1.25064e-02 1.07767e-01 1.39022e-01 |
   2613 | 4.98049e+01 1.90607e-02 | 1.25064e-02 1.07767e-01 1.39022e-01 |
   2614 | 4.98240e+01 1.90607e-02 | 1.25064e-02 1.07767e-01 1.39022e-01 |
   2615 | 4.98430e+01 1.90607e-02 | 1.25064e-02 1.07767e-01 1.39022e-01 |
   2616 | 4.98621e+01 1.90607e-02 | 1.25064e-02 1.07767e-01 1.39022e-01 |
   2617 | 4.98811e+01 1.90607e-02 | 1.25064e-02 1.07767e-01 1.39022e-01 |
   2618 | 4.99002e+01 1.90608e-02 | 1.25064e-02 1.07767e-01 1.39022e-01 |
   2619 | 4.99193e+01 1.90608e-02 | 1.25064e-02 1.07767e-01 1.39022e-01 |
   2620 | 4.99383e+01 1.90609e-02 | 1.25064e-02 1.07767e-01 1.39022e-01 |
   2621 | 4.99574e+01 1.90609e-02 | 1.25064e-02 1.07767e-01 1.39022e-01 |
   2622 | 4.99765e+01 1.90609e-02 | 1.25064e-02 1.07767e-01 1.39022e-01 |
   2623 | 4.99955e+01 1.90610e-02 | 1.25064e-02 1.07767e-01 1.39022e-01 |
   2624 | 5.00146e+01 1.90611e-02 | 1.25064e-02 1.07767e-01 1.39022e-01 |
   2625 | 5.00336e+01 1.90611e-02 | 1.25064e-02 1.07767e-01 1.39022e-01 |
   2626 | 5.00527e+01 1.90612e-02 | 1.25064e-02 1.07767e-01 1.39022e-01 |
   2627 | 5.00718e+01 1.90611e-02 | 1.25064e-02 1.07767e-01 1.39022e-01 |
   2628 | 5.00908e+01 1.90611e-02 | 1.25064e-02 1.07767e-01 1.39022e-01 |
   2629 | 5.01099e+01 1.90610e-02 | 1.25064e-02 1.07767e-01 1.39022e-01 |
   2630 | 5.01289e+01 1.90609e-02 | 1.25064e-02 1.07767e-01 1.39022e-01 |
   2631 | 5.01480e+01 1.90608e-02 | 1.25064e-02 1.07767e-01 1.39022e-01 |
   2632 | 5.01671e+01 1.90608e-02 | 1.25064e-02 1.07767e-01 1.39022e-01 |
   2633 | 5.01861e+01 1.90607e-02 | 1.25064e-02 1.07767e-01 1.39022e-01 |
   2634 | 5.02052e+01 1.90606e-02 | 1.25064e-02 1.07767e-01 1.39022e-01 |
   2635 | 5.02242e+01 1.90606e-02 | 1.25064e-02 1.07767e-01 1.39022e-01 |
   2636 | 5.02433e+01 1.90605e-02 | 1.25064e-02 1.07767e-01 1.39022e-01 |
   2637 | 5.02624e+01 1.90605e-02 | 1.25064e-02 1.07767e-01 1.39022e-01 |
   2638 | 5.02814e+01 1.90604e-02 | 1.25064e-02 1.07767e-01 1.39022e-01 |
   2639 | 5.03005e+01 1.90604e-02 | 1.25064e-02 1.07767e-01 1.39022e-01 |
   2640 | 5.03195e+01 1.90604e-02 | 1.25064e-02 1.07767e-01 1.39022e-01 |
   2641 | 5.03386e+01 1.90604e-02 | 1.25064e-02 1.07767e-01 1.39022e-01 |
   2642 | 5.03577e+01 1.90603e-02 | 1.25064e-02 1.07767e-01 1.39022e-01 |
   2643 | 5.03767e+01 1.90603e-02 | 1.25064e-02 1.07767e-01 1.39022e-01 |
   2644 | 5.03958e+01 1.90603e-02 | 1.25064e-02 1.07767e-01 1.39022e-01 |
   2645 | 5.04148e+01 1.90603e-02 | 1.25064e-02 1.07767e-01 1.39022e-01 |
   2646 | 5.04339e+01 1.90603e-02 | 1.25064e-02 1.07767e-01 1.39022e-01 |
   2647 | 5.04530e+01 1.90603e-02 | 1.25064e-02 1.07767e-01 1.39022e-01 |
   2648 | 5.04720e+01 1.90604e-02 | 1.25064e-02 1.07767e-01 1.39022e-01 |
   2649 | 5.04911e+01 1.90604e-02 | 1.25064e-02 1.07767e-01 1.39022e-01 |
   2650 | 5.05101e+01 1.90604e-02 | 1.25064e-02 1.07767e-01 1.39022e-01 |
   2651 | 5.05292e+01 1.90604e-02 | 1.25064e-02 1.07767e-01 1.39022e-01 |
   2652 | 5.05483e+01 1.90605e-02 | 1.25064e-02 1.07767e-01 1.39022e-01 |
   2653 | 5.05673e+01 1.90605e-02 | 1.25064e-02 1.07767e-01 1.39022e-01 |
   2654 | 5.05864e+01 1.90606e-02 | 1.25064e-02 1.07767e-01 1.39022e-01 |
   2655 | 5.06055e+01 1.90606e-02 | 1.25064e-02 1.07767e-01 1.39022e-01 |
   2656 | 5.06245e+01 1.90606e-02 | 1.25064e-02 1.07767e-01 1.39022e-01 |
   2657 | 5.06436e+01 1.90605e-02 | 1.25064e-02 1.07767e-01 1.39022e-01 |
   2658 | 5.06626e+01 1.90604e-02 | 1.25064e-02 1.07767e-01 1.39022e-01 |
   2659 | 5.06817e+01 1.90604e-02 | 1.25064e-02 1.07767e-01 1.39022e-01 |
   2660 | 5.07008e+01 1.90604e-02 | 1.25064e-02 1.07767e-01 1.39022e-01 |
   2661 | 5.07198e+01 1.90603e-02 | 1.25064e-02 1.07767e-01 1.39022e-01 |
   2662 | 5.07389e+01 1.90603e-02 | 1.25064e-02 1.07767e-01 1.39022e-01 |
   2663 | 5.07579e+01 1.90603e-02 | 1.25064e-02 1.07767e-01 1.39022e-01 |
   2664 | 5.07770e+01 1.90602e-02 | 1.25064e-02 1.07767e-01 1.39022e-01 |
   2665 | 5.07961e+01 1.90602e-02 | 1.25064e-02 1.07767e-01 1.39022e-01 |
   2666 | 5.08151e+01 1.90602e-02 | 1.25064e-02 1.07767e-01 1.39022e-01 |
   2667 | 5.08342e+01 1.90602e-02 | 1.25064e-02 1.07767e-01 1.39022e-01 |
   2668 | 5.08532e+01 1.90602e-02 | 1.25064e-02 1.07767e-01 1.39022e-01 |
   2669 | 5.08723e+01 1.90602e-02 | 1.25064e-02 1.07767e-01 1.39022e-01 |
   2670 | 5.08914e+01 1.90602e-02 | 1.25064e-02 1.07767e-01 1.39022e-01 |
   2671 | 5.09104e+01 1.90603e-02 | 1.25064e-02 1.07767e-01 1.39022e-01 |
   2672 | 5.09295e+01 1.90603e-02 | 1.25064e-02 1.07767e-01 1.39022e-01 |
   2673 | 5.09485e+01 1.90603e-02 | 1.25064e-02 1.07767e-01 1.39022e-01 |
   2674 | 5.09676e+01 1.90603e-02 | 1.25064e-02 1.07767e-01 1.39022e-01 |
   2675 | 5.09867e+01 1.90604e-02 | 1.25064e-02 1.07767e-01 1.39022e-01 |
   2676 | 5.10057e+01 1.90604e-02 | 1.25064e-02 1.07767e-01 1.39022e-01 |
   2677 | 5.10248e+01 1.90605e-02 | 1.25064e-02 1.07767e-01 1.39022e-01 |
   2678 | 5.10438e+01 1.90605e-02 | 1.25064e-02 1.07767e-01 1.39022e-01 |
   2679 | 5.10629e+01 1.90605e-02 | 1.25064e-02 1.07767e-01 1.39022e-01 |
   2680 | 5.10820e+01 1.90604e-02 | 1.25064e-02 1.07767e-01 1.39022e-01 |
   2681 | 5.11010e+01 1.90604e-02 | 1.25064e-02 1.07767e-01 1.39022e-01 |
   2682 | 5.11201e+01 1.90604e-02 | 1.25064e-02 1.07767e-01 1.39022e-01 |
   2683 | 5.11391e+01 1.90604e-02 | 1.25064e-02 1.07767e-01 1.39022e-01 |
   2684 | 5.11582e+01 1.90603e-02 | 1.25064e-02 1.07767e-01 1.39022e-01 |
   2685 | 5.11773e+01 1.90603e-02 | 1.25064e-02 1.07767e-01 1.39022e-01 |
   2686 | 5.11963e+01 1.90603e-02 | 1.25063e-02 1.07767e-01 1.39022e-01 |
   2687 | 5.12154e+01 1.90603e-02 | 1.25063e-02 1.07766e-01 1.39022e-01 |
   2688 | 5.12344e+01 1.90603e-02 | 1.25063e-02 1.07766e-01 1.39022e-01 |
   2689 | 5.12535e+01 1.90604e-02 | 1.25063e-02 1.07766e-01 1.39022e-01 |
   2690 | 5.12726e+01 1.90604e-02 | 1.25063e-02 1.07766e-01 1.39022e-01 |
   2691 | 5.12916e+01 1.90604e-02 | 1.25063e-02 1.07766e-01 1.39022e-01 |
   2692 | 5.13107e+01 1.90604e-02 | 1.25063e-02 1.07766e-01 1.39022e-01 |
   2693 | 5.13297e+01 1.90605e-02 | 1.25063e-02 1.07766e-01 1.39022e-01 |
   2694 | 5.13488e+01 1.90605e-02 | 1.25063e-02 1.07766e-01 1.39022e-01 |
   2695 | 5.13679e+01 1.90605e-02 | 1.25063e-02 1.07766e-01 1.39022e-01 |
   2696 | 5.13869e+01 1.90606e-02 | 1.25063e-02 1.07766e-01 1.39022e-01 |
   2697 | 5.14060e+01 1.90606e-02 | 1.25063e-02 1.07766e-01 1.39022e-01 |
   2698 | 5.14250e+01 1.90607e-02 | 1.25063e-02 1.07766e-01 1.39022e-01 |
   2699 | 5.14441e+01 1.90608e-02 | 1.25063e-02 1.07766e-01 1.39022e-01 |
   2700 | 5.14632e+01 1.90607e-02 | 1.25063e-02 1.07766e-01 1.39022e-01 |
   2701 | 5.14822e+01 1.90607e-02 | 1.25063e-02 1.07766e-01 1.39022e-01 |
   2702 | 5.15013e+01 1.90606e-02 | 1.25063e-02 1.07766e-01 1.39022e-01 |
   2703 | 5.15204e+01 1.90606e-02 | 1.25063e-02 1.07766e-01 1.39022e-01 |
   2704 | 5.15394e+01 1.90606e-02 | 1.25063e-02 1.07766e-01 1.39022e-01 |
   2705 | 5.15585e+01 1.90606e-02 | 1.25063e-02 1.07766e-01 1.39022e-01 |
   2706 | 5.15775e+01 1.90605e-02 | 1.25063e-02 1.07766e-01 1.39022e-01 |
   2707 | 5.15966e+01 1.90605e-02 | 1.25063e-02 1.07766e-01 1.39022e-01 |
   2708 | 5.16157e+01 1.90605e-02 | 1.25063e-02 1.07766e-01 1.39022e-01 |
   2709 | 5.16347e+01 1.90605e-02 | 1.25063e-02 1.07766e-01 1.39022e-01 |
   2710 | 5.16538e+01 1.90605e-02 | 1.25063e-02 1.07766e-01 1.39022e-01 |
   2711 | 5.16728e+01 1.90605e-02 | 1.25063e-02 1.07766e-01 1.39022e-01 |
   2712 | 5.16919e+01 1.90605e-02 | 1.25063e-02 1.07766e-01 1.39022e-01 |
   2713 | 5.17110e+01 1.90606e-02 | 1.25063e-02 1.07766e-01 1.39022e-01 |
   2714 | 5.17300e+01 1.90606e-02 | 1.25063e-02 1.07766e-01 1.39022e-01 |
   2715 | 5.17491e+01 1.90606e-02 | 1.25063e-02 1.07766e-01 1.39022e-01 |
   2716 | 5.17681e+01 1.90606e-02 | 1.25063e-02 1.07766e-01 1.39022e-01 |
   2717 | 5.17872e+01 1.90607e-02 | 1.25063e-02 1.07766e-01 1.39022e-01 |
   2718 | 5.18063e+01 1.90607e-02 | 1.25063e-02 1.07766e-01 1.39022e-01 |
   2719 | 5.18253e+01 1.90607e-02 | 1.25063e-02 1.07766e-01 1.39022e-01 |
   2720 | 5.18444e+01 1.90607e-02 | 1.25063e-02 1.07766e-01 1.39022e-01 |
   2721 | 5.18634e+01 1.90607e-02 | 1.25063e-02 1.07766e-01 1.39022e-01 |
   2722 | 5.18825e+01 1.90607e-02 | 1.25063e-02 1.07766e-01 1.39022e-01 |
   2723 | 5.19016e+01 1.90607e-02 | 1.25063e-02 1.07766e-01 1.39022e-01 |
   2724 | 5.19206e+01 1.90608e-02 | 1.25063e-02 1.07766e-01 1.39022e-01 |
   2725 | 5.19397e+01 1.90608e-02 | 1.25063e-02 1.07766e-01 1.39022e-01 |
   2726 | 5.19587e+01 1.90608e-02 | 1.25063e-02 1.07766e-01 1.39022e-01 |
   2727 | 5.19778e+01 1.90609e-02 | 1.25063e-02 1.07766e-01 1.39022e-01 |
   2728 | 5.19969e+01 1.90609e-02 | 1.25063e-02 1.07766e-01 1.39022e-01 |
   2729 | 5.20159e+01 1.90609e-02 | 1.25063e-02 1.07766e-01 1.39022e-01 |
   2730 | 5.20350e+01 1.90608e-02 | 1.25063e-02 1.07766e-01 1.39022e-01 |
   2731 | 5.20540e+01 1.90608e-02 | 1.25063e-02 1.07766e-01 1.39022e-01 |
   2732 | 5.20731e+01 1.90607e-02 | 1.25063e-02 1.07766e-01 1.39022e-01 |
   2733 | 5.20922e+01 1.90607e-02 | 1.25063e-02 1.07766e-01 1.39022e-01 |
   2734 | 5.21112e+01 1.90606e-02 | 1.25063e-02 1.07766e-01 1.39022e-01 |
   2735 | 5.21303e+01 1.90606e-02 | 1.25063e-02 1.07766e-01 1.39022e-01 |
   2736 | 5.21494e+01 1.90605e-02 | 1.25063e-02 1.07766e-01 1.39022e-01 |
   2737 | 5.21684e+01 1.90605e-02 | 1.25063e-02 1.07766e-01 1.39022e-01 |
   2738 | 5.21875e+01 1.90605e-02 | 1.25063e-02 1.07766e-01 1.39022e-01 |
   2739 | 5.22065e+01 1.90605e-02 | 1.25063e-02 1.07766e-01 1.39022e-01 |
   2740 | 5.22256e+01 1.90605e-02 | 1.25063e-02 1.07766e-01 1.39022e-01 |
   2741 | 5.22447e+01 1.90605e-02 | 1.25063e-02 1.07766e-01 1.39022e-01 |
   2742 | 5.22637e+01 1.90605e-02 | 1.25063e-02 1.07766e-01 1.39022e-01 |
   2743 | 5.22828e+01 1.90605e-02 | 1.25063e-02 1.07766e-01 1.39022e-01 |
   2744 | 5.23018e+01 1.90605e-02 | 1.25063e-02 1.07766e-01 1.39022e-01 |
   2745 | 5.23209e+01 1.90605e-02 | 1.25063e-02 1.07766e-01 1.39022e-01 |
   2746 | 5.23400e+01 1.90605e-02 | 1.25063e-02 1.07766e-01 1.39022e-01 |
   2747 | 5.23590e+01 1.90605e-02 | 1.25063e-02 1.07766e-01 1.39022e-01 |
   2748 | 5.23781e+01 1.90606e-02 | 1.25063e-02 1.07766e-01 1.39022e-01 |
   2749 | 5.23971e+01 1.90605e-02 | 1.25063e-02 1.07766e-01 1.39022e-01 |
   2750 | 5.24162e+01 1.90605e-02 | 1.25063e-02 1.07766e-01 1.39022e-01 |
   2751 | 5.24353e+01 1.90604e-02 | 1.25063e-02 1.07766e-01 1.39022e-01 |
   2752 | 5.24543e+01 1.90604e-02 | 1.25063e-02 1.07766e-01 1.39022e-01 |
   2753 | 5.24734e+01 1.90603e-02 | 1.25063e-02 1.07766e-01 1.39022e-01 |
   2754 | 5.24924e+01 1.90603e-02 | 1.25063e-02 1.07766e-01 1.39022e-01 |
   2755 | 5.25115e+01 1.90603e-02 | 1.25063e-02 1.07766e-01 1.39022e-01 |
   2756 | 5.25306e+01 1.90602e-02 | 1.25063e-02 1.07766e-01 1.39022e-01 |
   2757 | 5.25496e+01 1.90602e-02 | 1.25063e-02 1.07766e-01 1.39022e-01 |
   2758 | 5.25687e+01 1.90602e-02 | 1.25063e-02 1.07766e-01 1.39022e-01 |
   2759 | 5.25877e+01 1.90602e-02 | 1.25063e-02 1.07766e-01 1.39022e-01 |
   2760 | 5.26068e+01 1.90602e-02 | 1.25063e-02 1.07766e-01 1.39022e-01 |
   2761 | 5.26259e+01 1.90602e-02 | 1.25063e-02 1.07766e-01 1.39022e-01 |
   2762 | 5.26449e+01 1.90602e-02 | 1.25063e-02 1.07766e-01 1.39022e-01 |
   2763 | 5.26640e+01 1.90602e-02 | 1.25063e-02 1.07766e-01 1.39022e-01 |
   2764 | 5.26830e+01 1.90602e-02 | 1.25063e-02 1.07765e-01 1.39022e-01 |
   2765 | 5.27021e+01 1.90602e-02 | 1.25063e-02 1.07765e-01 1.39022e-01 |
   2766 | 5.27212e+01 1.90603e-02 | 1.25063e-02 1.07765e-01 1.39022e-01 |
   2767 | 5.27402e+01 1.90603e-02 | 1.25063e-02 1.07765e-01 1.39022e-01 |
   2768 | 5.27593e+01 1.90603e-02 | 1.25063e-02 1.07765e-01 1.39022e-01 |
   2769 | 5.27783e+01 1.90604e-02 | 1.25063e-02 1.07765e-01 1.39022e-01 |
   2770 | 5.27974e+01 1.90604e-02 | 1.25063e-02 1.07765e-01 1.39022e-01 |
   2771 | 5.28165e+01 1.90605e-02 | 1.25063e-02 1.07765e-01 1.39022e-01 |
   2772 | 5.28355e+01 1.90605e-02 | 1.25063e-02 1.07765e-01 1.39022e-01 |
   2773 | 5.28546e+01 1.90605e-02 | 1.25063e-02 1.07765e-01 1.39022e-01 |
   2774 | 5.28736e+01 1.90605e-02 | 1.25063e-02 1.07765e-01 1.39022e-01 |
   2775 | 5.28927e+01 1.90604e-02 | 1.25063e-02 1.07765e-01 1.39022e-01 |
   2776 | 5.29118e+01 1.90604e-02 | 1.25063e-02 1.07765e-01 1.39022e-01 |
   2777 | 5.29308e+01 1.90603e-02 | 1.25063e-02 1.07765e-01 1.39022e-01 |
   2778 | 5.29499e+01 1.90603e-02 | 1.25063e-02 1.07765e-01 1.39022e-01 |
   2779 | 5.29689e+01 1.90603e-02 | 1.25063e-02 1.07765e-01 1.39022e-01 |
   2780 | 5.29880e+01 1.90603e-02 | 1.25063e-02 1.07765e-01 1.39022e-01 |
   2781 | 5.30071e+01 1.90603e-02 | 1.25063e-02 1.07765e-01 1.39022e-01 |
   2782 | 5.30261e+01 1.90602e-02 | 1.25063e-02 1.07765e-01 1.39022e-01 |
   2783 | 5.30452e+01 1.90602e-02 | 1.25063e-02 1.07765e-01 1.39022e-01 |
   2784 | 5.30642e+01 1.90602e-02 | 1.25063e-02 1.07765e-01 1.39022e-01 |
   2785 | 5.30833e+01 1.90603e-02 | 1.25062e-02 1.07765e-01 1.39022e-01 |
   2786 | 5.31024e+01 1.90603e-02 | 1.25062e-02 1.07765e-01 1.39022e-01 |
   2787 | 5.31214e+01 1.90603e-02 | 1.25062e-02 1.07765e-01 1.39022e-01 |
   2788 | 5.31405e+01 1.90603e-02 | 1.25062e-02 1.07765e-01 1.39022e-01 |
   2789 | 5.31596e+01 1.90603e-02 | 1.25062e-02 1.07765e-01 1.39022e-01 |
   2790 | 5.31786e+01 1.90604e-02 | 1.25062e-02 1.07765e-01 1.39022e-01 |
   2791 | 5.31977e+01 1.90604e-02 | 1.25062e-02 1.07765e-01 1.39022e-01 |
   2792 | 5.32167e+01 1.90604e-02 | 1.25062e-02 1.07765e-01 1.39022e-01 |
   2793 | 5.32358e+01 1.90605e-02 | 1.25062e-02 1.07765e-01 1.39022e-01 |
   2794 | 5.32549e+01 1.90606e-02 | 1.25062e-02 1.07765e-01 1.39022e-01 |
   2795 | 5.32739e+01 1.90606e-02 | 1.25062e-02 1.07765e-01 1.39022e-01 |
   2796 | 5.32930e+01 1.90607e-02 | 1.25062e-02 1.07765e-01 1.39022e-01 |
   2797 | 5.33120e+01 1.90607e-02 | 1.25062e-02 1.07765e-01 1.39022e-01 |
   2798 | 5.33311e+01 1.90608e-02 | 1.25062e-02 1.07765e-01 1.39022e-01 |
   2799 | 5.33502e+01 1.90609e-02 | 1.25062e-02 1.07765e-01 1.39022e-01 |
   2800 | 5.33692e+01 1.90610e-02 | 1.25062e-02 1.07765e-01 1.39022e-01 |
   2801 | 5.33883e+01 1.90611e-02 | 1.25062e-02 1.07765e-01 1.39022e-01 |
   2802 | 5.34073e+01 1.90611e-02 | 1.25062e-02 1.07765e-01 1.39022e-01 |
   2803 | 5.34264e+01 1.90611e-02 | 1.25062e-02 1.07765e-01 1.39022e-01 |
   2804 | 5.34455e+01 1.90611e-02 | 1.25062e-02 1.07765e-01 1.39022e-01 |
   2805 | 5.34645e+01 1.90611e-02 | 1.25062e-02 1.07765e-01 1.39022e-01 |
   2806 | 5.34836e+01 1.90611e-02 | 1.25062e-02 1.07765e-01 1.39022e-01 |
   2807 | 5.35026e+01 1.90611e-02 | 1.25062e-02 1.07765e-01 1.39022e-01 |
   2808 | 5.35217e+01 1.90611e-02 | 1.25062e-02 1.07765e-01 1.39022e-01 |
   2809 | 5.35408e+01 1.90610e-02 | 1.25062e-02 1.07765e-01 1.39022e-01 |
   2810 | 5.35598e+01 1.90610e-02 | 1.25062e-02 1.07765e-01 1.39022e-01 |
   2811 | 5.35789e+01 1.90610e-02 | 1.25062e-02 1.07765e-01 1.39022e-01 |
   2812 | 5.35980e+01 1.90609e-02 | 1.25062e-02 1.07765e-01 1.39022e-01 |
   2813 | 5.36170e+01 1.90609e-02 | 1.25062e-02 1.07765e-01 1.39022e-01 |
   2814 | 5.36361e+01 1.90609e-02 | 1.25062e-02 1.07765e-01 1.39022e-01 |
   2815 | 5.36551e+01 1.90609e-02 | 1.25062e-02 1.07765e-01 1.39022e-01 |
   2816 | 5.36742e+01 1.90609e-02 | 1.25062e-02 1.07765e-01 1.39022e-01 |
   2817 | 5.36933e+01 1.90609e-02 | 1.25062e-02 1.07765e-01 1.39022e-01 |
   2818 | 5.37123e+01 1.90609e-02 | 1.25062e-02 1.07765e-01 1.39022e-01 |
   2819 | 5.37314e+01 1.90609e-02 | 1.25062e-02 1.07765e-01 1.39022e-01 |
   2820 | 5.37504e+01 1.90608e-02 | 1.25062e-02 1.07765e-01 1.39022e-01 |
   2821 | 5.37695e+01 1.90607e-02 | 1.25062e-02 1.07765e-01 1.39022e-01 |
   2822 | 5.37886e+01 1.90606e-02 | 1.25062e-02 1.07765e-01 1.39022e-01 |
   2823 | 5.38076e+01 1.90606e-02 | 1.25062e-02 1.07765e-01 1.39022e-01 |
   2824 | 5.38267e+01 1.90605e-02 | 1.25062e-02 1.07765e-01 1.39022e-01 |
   2825 | 5.38457e+01 1.90605e-02 | 1.25062e-02 1.07765e-01 1.39022e-01 |
   2826 | 5.38648e+01 1.90604e-02 | 1.25062e-02 1.07765e-01 1.39022e-01 |
   2827 | 5.38839e+01 1.90604e-02 | 1.25062e-02 1.07765e-01 1.39022e-01 |
   2828 | 5.39029e+01 1.90603e-02 | 1.25062e-02 1.07765e-01 1.39022e-01 |
   2829 | 5.39220e+01 1.90603e-02 | 1.25062e-02 1.07765e-01 1.39022e-01 |
   2830 | 5.39410e+01 1.90603e-02 | 1.25062e-02 1.07765e-01 1.39022e-01 |
   2831 | 5.39601e+01 1.90602e-02 | 1.25062e-02 1.07765e-01 1.39022e-01 |
   2832 | 5.39792e+01 1.90602e-02 | 1.25062e-02 1.07765e-01 1.39022e-01 |
   2833 | 5.39982e+01 1.90602e-02 | 1.25062e-02 1.07765e-01 1.39022e-01 |
   2834 | 5.40173e+01 1.90602e-02 | 1.25062e-02 1.07765e-01 1.39022e-01 |
   2835 | 5.40363e+01 1.90602e-02 | 1.25062e-02 1.07765e-01 1.39022e-01 |
   2836 | 5.40554e+01 1.90602e-02 | 1.25062e-02 1.07765e-01 1.39022e-01 |
   2837 | 5.40745e+01 1.90602e-02 | 1.25062e-02 1.07765e-01 1.39022e-01 |
   2838 | 5.40935e+01 1.90602e-02 | 1.25062e-02 1.07765e-01 1.39022e-01 |
   2839 | 5.41126e+01 1.90602e-02 | 1.25062e-02 1.07765e-01 1.39022e-01 |
   2840 | 5.41316e+01 1.90603e-02 | 1.25062e-02 1.07764e-01 1.39022e-01 |
   2841 | 5.41507e+01 1.90603e-02 | 1.25062e-02 1.07764e-01 1.39022e-01 |
   2842 | 5.41698e+01 1.90603e-02 | 1.25062e-02 1.07764e-01 1.39022e-01 |
   2843 | 5.41888e+01 1.90604e-02 | 1.25062e-02 1.07764e-01 1.39022e-01 |
   2844 | 5.42079e+01 1.90604e-02 | 1.25062e-02 1.07764e-01 1.39022e-01 |
   2845 | 5.42269e+01 1.90605e-02 | 1.25062e-02 1.07764e-01 1.39022e-01 |
   2846 | 5.42460e+01 1.90605e-02 | 1.25062e-02 1.07764e-01 1.39022e-01 |
   2847 | 5.42651e+01 1.90605e-02 | 1.25062e-02 1.07764e-01 1.39022e-01 |
   2848 | 5.42841e+01 1.90604e-02 | 1.25062e-02 1.07764e-01 1.39022e-01 |
   2849 | 5.43032e+01 1.90604e-02 | 1.25062e-02 1.07764e-01 1.39022e-01 |
   2850 | 5.43222e+01 1.90603e-02 | 1.25062e-02 1.07764e-01 1.39022e-01 |
   2851 | 5.43413e+01 1.90603e-02 | 1.25062e-02 1.07764e-01 1.39022e-01 |
   2852 | 5.43604e+01 1.90602e-02 | 1.25062e-02 1.07764e-01 1.39022e-01 |
   2853 | 5.43794e+01 1.90602e-02 | 1.25062e-02 1.07764e-01 1.39022e-01 |
   2854 | 5.43985e+01 1.90602e-02 | 1.25062e-02 1.07764e-01 1.39022e-01 |
   2855 | 5.44175e+01 1.90602e-02 | 1.25062e-02 1.07764e-01 1.39022e-01 |
   2856 | 5.44366e+01 1.90602e-02 | 1.25062e-02 1.07764e-01 1.39022e-01 |
   2857 | 5.44557e+01 1.90602e-02 | 1.25062e-02 1.07764e-01 1.39022e-01 |
   2858 | 5.44747e+01 1.90602e-02 | 1.25062e-02 1.07764e-01 1.39022e-01 |
   2859 | 5.44938e+01 1.90602e-02 | 1.25062e-02 1.07764e-01 1.39022e-01 |
   2860 | 5.45129e+01 1.90602e-02 | 1.25062e-02 1.07764e-01 1.39022e-01 |
   2861 | 5.45319e+01 1.90602e-02 | 1.25062e-02 1.07764e-01 1.39022e-01 |
   2862 | 5.45510e+01 1.90602e-02 | 1.25062e-02 1.07764e-01 1.39022e-01 |
   2863 | 5.45700e+01 1.90602e-02 | 1.25062e-02 1.07764e-01 1.39022e-01 |
   2864 | 5.45891e+01 1.90603e-02 | 1.25062e-02 1.07764e-01 1.39022e-01 |
   2865 | 5.46082e+01 1.90603e-02 | 1.25062e-02 1.07764e-01 1.39022e-01 |
   2866 | 5.46272e+01 1.90604e-02 | 1.25062e-02 1.07764e-01 1.39022e-01 |
   2867 | 5.46463e+01 1.90604e-02 | 1.25062e-02 1.07764e-01 1.39022e-01 |
   2868 | 5.46653e+01 1.90605e-02 | 1.25062e-02 1.07764e-01 1.39022e-01 |
   2869 | 5.46844e+01 1.90605e-02 | 1.25062e-02 1.07764e-01 1.39022e-01 |
   2870 | 5.47035e+01 1.90606e-02 | 1.25062e-02 1.07764e-01 1.39022e-01 |
   2871 | 5.47225e+01 1.90606e-02 | 1.25062e-02 1.07764e-01 1.39022e-01 |
   2872 | 5.47416e+01 1.90606e-02 | 1.25062e-02 1.07764e-01 1.39022e-01 |
   2873 | 5.47606e+01 1.90606e-02 | 1.25062e-02 1.07764e-01 1.39022e-01 |
   2874 | 5.47797e+01 1.90606e-02 | 1.25062e-02 1.07764e-01 1.39022e-01 |
   2875 | 5.47988e+01 1.90606e-02 | 1.25062e-02 1.07764e-01 1.39022e-01 |
   2876 | 5.48178e+01 1.90606e-02 | 1.25062e-02 1.07764e-01 1.39022e-01 |
   2877 | 5.48369e+01 1.90606e-02 | 1.25062e-02 1.07764e-01 1.39022e-01 |
   2878 | 5.48559e+01 1.90606e-02 | 1.25062e-02 1.07764e-01 1.39022e-01 |
   2879 | 5.48750e+01 1.90606e-02 | 1.25062e-02 1.07764e-01 1.39022e-01 |
   2880 | 5.48941e+01 1.90606e-02 | 1.25062e-02 1.07764e-01 1.39022e-01 |
   2881 | 5.49131e+01 1.90606e-02 | 1.25062e-02 1.07764e-01 1.39022e-01 |
   2882 | 5.49322e+01 1.90607e-02 | 1.25062e-02 1.07764e-01 1.39022e-01 |
   2883 | 5.49512e+01 1.90607e-02 | 1.25062e-02 1.07764e-01 1.39022e-01 |
   2884 | 5.49703e+01 1.90607e-02 | 1.25062e-02 1.07764e-01 1.39022e-01 |
   2885 | 5.49894e+01 1.90608e-02 | 1.25062e-02 1.07764e-01 1.39022e-01 |
   2886 | 5.50084e+01 1.90608e-02 | 1.25062e-02 1.07764e-01 1.39022e-01 |
   2887 | 5.50275e+01 1.90609e-02 | 1.25061e-02 1.07764e-01 1.39022e-01 |
   2888 | 5.50465e+01 1.90609e-02 | 1.25061e-02 1.07764e-01 1.39022e-01 |
   2889 | 5.50656e+01 1.90610e-02 | 1.25061e-02 1.07764e-01 1.39022e-01 |
   2890 | 5.50847e+01 1.90611e-02 | 1.25061e-02 1.07764e-01 1.39022e-01 |
   2891 | 5.51037e+01 1.90610e-02 | 1.25061e-02 1.07764e-01 1.39022e-01 |
   2892 | 5.51228e+01 1.90610e-02 | 1.25061e-02 1.07764e-01 1.39022e-01 |
   2893 | 5.51419e+01 1.90609e-02 | 1.25061e-02 1.07764e-01 1.39022e-01 |
   2894 | 5.51609e+01 1.90609e-02 | 1.25061e-02 1.07764e-01 1.39022e-01 |
   2895 | 5.51800e+01 1.90609e-02 | 1.25061e-02 1.07764e-01 1.39022e-01 |
   2896 | 5.51990e+01 1.90609e-02 | 1.25061e-02 1.07764e-01 1.39022e-01 |
   2897 | 5.52181e+01 1.90608e-02 | 1.25061e-02 1.07764e-01 1.39022e-01 |
   2898 | 5.52372e+01 1.90608e-02 | 1.25061e-02 1.07764e-01 1.39022e-01 |
   2899 | 5.52562e+01 1.90607e-02 | 1.25061e-02 1.07764e-01 1.39022e-01 |
   2900 | 5.52753e+01 1.90606e-02 | 1.25061e-02 1.07764e-01 1.39022e-01 |
   2901 | 5.52943e+01 1.90606e-02 | 1.25061e-02 1.07764e-01 1.39022e-01 |
   2902 | 5.53134e+01 1.90606e-02 | 1.25061e-02 1.07764e-01 1.39022e-01 |
   2903 | 5.53325e+01 1.90605e-02 | 1.25061e-02 1.07764e-01 1.39022e-01 |
   2904 | 5.53515e+01 1.90605e-02 | 1.25061e-02 1.07764e-01 1.39022e-01 |
   2905 | 5.53706e+01 1.90605e-02 | 1.25061e-02 1.07764e-01 1.39022e-01 |
   2906 | 5.53896e+01 1.90604e-02 | 1.25061e-02 1.07764e-01 1.39022e-01 |
   2907 | 5.54087e+01 1.90604e-02 | 1.25061e-02 1.07764e-01 1.39022e-01 |
   2908 | 5.54278e+01 1.90604e-02 | 1.25061e-02 1.07764e-01 1.39022e-01 |
   2909 | 5.54468e+01 1.90604e-02 | 1.25061e-02 1.07764e-01 1.39022e-01 |
   2910 | 5.54659e+01 1.90604e-02 | 1.25061e-02 1.07764e-01 1.39022e-01 |
   2911 | 5.54849e+01 1.90604e-02 | 1.25061e-02 1.07764e-01 1.39022e-01 |
   2912 | 5.55040e+01 1.90604e-02 | 1.25061e-02 1.07764e-01 1.39022e-01 |
   2913 | 5.55231e+01 1.90605e-02 | 1.25061e-02 1.07764e-01 1.39022e-01 |
   2914 | 5.55421e+01 1.90605e-02 | 1.25061e-02 1.07764e-01 1.39022e-01 |
   2915 | 5.55612e+01 1.90605e-02 | 1.25061e-02 1.07764e-01 1.39022e-01 |
   2916 | 5.55802e+01 1.90605e-02 | 1.25061e-02 1.07763e-01 1.39023e-01 |
   2917 | 5.55993e+01 1.90606e-02 | 1.25061e-02 1.07763e-01 1.39023e-01 |
   2918 | 5.56184e+01 1.90606e-02 | 1.25061e-02 1.07763e-01 1.39023e-01 |
   2919 | 5.56374e+01 1.90607e-02 | 1.25061e-02 1.07763e-01 1.39023e-01 |
   2920 | 5.56565e+01 1.90606e-02 | 1.25061e-02 1.07763e-01 1.39023e-01 |
   2921 | 5.56755e+01 1.90606e-02 | 1.25061e-02 1.07763e-01 1.39023e-01 |
   2922 | 5.56946e+01 1.90605e-02 | 1.25061e-02 1.07763e-01 1.39023e-01 |
   2923 | 5.57137e+01 1.90605e-02 | 1.25061e-02 1.07763e-01 1.39023e-01 |
   2924 | 5.57327e+01 1.90604e-02 | 1.25061e-02 1.07763e-01 1.39023e-01 |
   2925 | 5.57518e+01 1.90604e-02 | 1.25061e-02 1.07763e-01 1.39023e-01 |
   2926 | 5.57708e+01 1.90604e-02 | 1.25061e-02 1.07763e-01 1.39023e-01 |
   2927 | 5.57899e+01 1.90603e-02 | 1.25061e-02 1.07763e-01 1.39023e-01 |
   2928 | 5.58090e+01 1.90603e-02 | 1.25061e-02 1.07763e-01 1.39023e-01 |
   2929 | 5.58280e+01 1.90603e-02 | 1.25061e-02 1.07763e-01 1.39023e-01 |
   2930 | 5.58471e+01 1.90603e-02 | 1.25061e-02 1.07763e-01 1.39023e-01 |
   2931 | 5.58662e+01 1.90603e-02 | 1.25061e-02 1.07763e-01 1.39023e-01 |
   2932 | 5.58852e+01 1.90603e-02 | 1.25061e-02 1.07763e-01 1.39023e-01 |
   2933 | 5.59043e+01 1.90603e-02 | 1.25061e-02 1.07763e-01 1.39023e-01 |
   2934 | 5.59233e+01 1.90603e-02 | 1.25061e-02 1.07763e-01 1.39023e-01 |
   2935 | 5.59424e+01 1.90603e-02 | 1.25061e-02 1.07763e-01 1.39023e-01 |
   2936 | 5.59615e+01 1.90603e-02 | 1.25061e-02 1.07763e-01 1.39023e-01 |
   2937 | 5.59805e+01 1.90603e-02 | 1.25061e-02 1.07763e-01 1.39023e-01 |
   2938 | 5.59996e+01 1.90604e-02 | 1.25061e-02 1.07763e-01 1.39023e-01 |
   2939 | 5.60186e+01 1.90604e-02 | 1.25061e-02 1.07763e-01 1.39023e-01 |
   2940 | 5.60377e+01 1.90604e-02 | 1.25061e-02 1.07763e-01 1.39023e-01 |
   2941 | 5.60568e+01 1.90605e-02 | 1.25061e-02 1.07763e-01 1.39023e-01 |
   2942 | 5.60758e+01 1.90605e-02 | 1.25061e-02 1.07763e-01 1.39023e-01 |
   2943 | 5.60949e+01 1.90604e-02 | 1.25061e-02 1.07763e-01 1.39023e-01 |
   2944 | 5.61139e+01 1.90604e-02 | 1.25061e-02 1.07763e-01 1.39023e-01 |
   2945 | 5.61330e+01 1.90604e-02 | 1.25061e-02 1.07763e-01 1.39023e-01 |
   2946 | 5.61521e+01 1.90603e-02 | 1.25061e-02 1.07763e-01 1.39023e-01 |
   2947 | 5.61711e+01 1.90603e-02 | 1.25061e-02 1.07763e-01 1.39023e-01 |
   2948 | 5.61902e+01 1.90603e-02 | 1.25061e-02 1.07763e-01 1.39023e-01 |
   2949 | 5.62092e+01 1.90603e-02 | 1.25061e-02 1.07763e-01 1.39023e-01 |
   2950 | 5.62283e+01 1.90603e-02 | 1.25061e-02 1.07763e-01 1.39023e-01 |
   2951 | 5.62474e+01 1.90603e-02 | 1.25061e-02 1.07763e-01 1.39023e-01 |
   2952 | 5.62664e+01 1.90603e-02 | 1.25061e-02 1.07763e-01 1.39023e-01 |
   2953 | 5.62855e+01 1.90603e-02 | 1.25061e-02 1.07763e-01 1.39023e-01 |
   2954 | 5.63045e+01 1.90603e-02 | 1.25061e-02 1.07763e-01 1.39023e-01 |
   2955 | 5.63236e+01 1.90603e-02 | 1.25061e-02 1.07763e-01 1.39023e-01 |
   2956 | 5.63427e+01 1.90603e-02 | 1.25061e-02 1.07763e-01 1.39023e-01 |
   2957 | 5.63617e+01 1.90604e-02 | 1.25061e-02 1.07763e-01 1.39023e-01 |
   2958 | 5.63808e+01 1.90604e-02 | 1.25061e-02 1.07763e-01 1.39023e-01 |
   2959 | 5.63998e+01 1.90605e-02 | 1.25061e-02 1.07763e-01 1.39023e-01 |
   2960 | 5.64189e+01 1.90605e-02 | 1.25061e-02 1.07763e-01 1.39023e-01 |
   2961 | 5.64380e+01 1.90605e-02 | 1.25061e-02 1.07763e-01 1.39023e-01 |
   2962 | 5.64570e+01 1.90606e-02 | 1.25061e-02 1.07763e-01 1.39023e-01 |
   2963 | 5.64761e+01 1.90607e-02 | 1.25061e-02 1.07763e-01 1.39023e-01 |
   2964 | 5.64951e+01 1.90607e-02 | 1.25061e-02 1.07763e-01 1.39023e-01 |
   2965 | 5.65142e+01 1.90606e-02 | 1.25061e-02 1.07763e-01 1.39023e-01 |
   2966 | 5.65333e+01 1.90606e-02 | 1.25061e-02 1.07763e-01 1.39023e-01 |
   2967 | 5.65523e+01 1.90605e-02 | 1.25061e-02 1.07763e-01 1.39023e-01 |
   2968 | 5.65714e+01 1.90605e-02 | 1.25061e-02 1.07763e-01 1.39023e-01 |
   2969 | 5.65904e+01 1.90605e-02 | 1.25061e-02 1.07763e-01 1.39023e-01 |
   2970 | 5.66095e+01 1.90605e-02 | 1.25061e-02 1.07763e-01 1.39023e-01 |
   2971 | 5.66286e+01 1.90604e-02 | 1.25061e-02 1.07763e-01 1.39023e-01 |
   2972 | 5.66476e+01 1.90604e-02 | 1.25061e-02 1.07763e-01 1.39023e-01 |
   2973 | 5.66667e+01 1.90604e-02 | 1.25061e-02 1.07763e-01 1.39023e-01 |
   2974 | 5.66857e+01 1.90604e-02 | 1.25061e-02 1.07763e-01 1.39023e-01 |
   2975 | 5.67048e+01 1.90604e-02 | 1.25061e-02 1.07763e-01 1.39023e-01 |
   2976 | 5.67239e+01 1.90604e-02 | 1.25061e-02 1.07763e-01 1.39023e-01 |
   2977 | 5.67429e+01 1.90605e-02 | 1.25061e-02 1.07763e-01 1.39023e-01 |
   2978 | 5.67620e+01 1.90605e-02 | 1.25061e-02 1.07763e-01 1.39023e-01 |
   2979 | 5.67811e+01 1.90605e-02 | 1.25061e-02 1.07763e-01 1.39023e-01 |
   2980 | 5.68001e+01 1.90605e-02 | 1.25061e-02 1.07763e-01 1.39023e-01 |
   2981 | 5.68192e+01 1.90606e-02 | 1.25061e-02 1.07763e-01 1.39023e-01 |
   2982 | 5.68382e+01 1.90606e-02 | 1.25061e-02 1.07763e-01 1.39023e-01 |
   2983 | 5.68573e+01 1.90607e-02 | 1.25060e-02 1.07763e-01 1.39023e-01 |
   2984 | 5.68764e+01 1.90607e-02 | 1.25060e-02 1.07763e-01 1.39023e-01 |
   2985 | 5.68954e+01 1.90608e-02 | 1.25060e-02 1.07763e-01 1.39023e-01 |
   2986 | 5.69145e+01 1.90608e-02 | 1.25060e-02 1.07763e-01 1.39023e-01 |
   2987 | 5.69335e+01 1.90608e-02 | 1.25060e-02 1.07763e-01 1.39023e-01 |
   2988 | 5.69526e+01 1.90609e-02 | 1.25060e-02 1.07763e-01 1.39023e-01 |
   2989 | 5.69717e+01 1.90609e-02 | 1.25060e-02 1.07763e-01 1.39023e-01 |
   2990 | 5.69907e+01 1.90609e-02 | 1.25060e-02 1.07763e-01 1.39023e-01 |
   2991 | 5.70098e+01 1.90610e-02 | 1.25060e-02 1.07762e-01 1.39023e-01 |
   2992 | 5.70288e+01 1.90610e-02 | 1.25060e-02 1.07762e-01 1.39023e-01 |
   2993 | 5.70479e+01 1.90610e-02 | 1.25060e-02 1.07762e-01 1.39023e-01 |
   2994 | 5.70670e+01 1.90610e-02 | 1.25060e-02 1.07762e-01 1.39023e-01 |
   2995 | 5.70860e+01 1.90609e-02 | 1.25060e-02 1.07762e-01 1.39023e-01 |
   2996 | 5.71051e+01 1.90608e-02 | 1.25060e-02 1.07762e-01 1.39023e-01 |
   2997 | 5.71241e+01 1.90608e-02 | 1.25060e-02 1.07762e-01 1.39023e-01 |
   2998 | 5.71432e+01 1.90607e-02 | 1.25060e-02 1.07762e-01 1.39023e-01 |
   2999 | 5.71623e+01 1.90607e-02 | 1.25060e-02 1.07762e-01 1.39023e-01 |
   3000 | 5.71813e+01 1.90607e-02 | 1.25060e-02 1.07762e-01 1.39023e-01 |
   3001 | 5.72004e+01 1.90606e-02 | 1.25060e-02 1.07762e-01 1.39023e-01 |
   3002 | 5.72194e+01 1.90606e-02 | 1.25060e-02 1.07762e-01 1.39023e-01 |
   3003 | 5.72385e+01 1.90606e-02 | 1.25060e-02 1.07762e-01 1.39023e-01 |
   3004 | 5.72576e+01 1.90606e-02 | 1.25060e-02 1.07762e-01 1.39023e-01 |
   3005 | 5.72766e+01 1.90606e-02 | 1.25060e-02 1.07762e-01 1.39023e-01 |
   3006 | 5.72957e+01 1.90606e-02 | 1.25060e-02 1.07762e-01 1.39023e-01 |
   3007 | 5.73148e+01 1.90606e-02 | 1.25060e-02 1.07762e-01 1.39023e-01 |
   3008 | 5.73338e+01 1.90606e-02 | 1.25060e-02 1.07762e-01 1.39023e-01 |
   3009 | 5.73529e+01 1.90606e-02 | 1.25060e-02 1.07762e-01 1.39023e-01 |
   3010 | 5.73719e+01 1.90606e-02 | 1.25060e-02 1.07762e-01 1.39023e-01 |
   3011 | 5.73910e+01 1.90606e-02 | 1.25060e-02 1.07762e-01 1.39023e-01 |
   3012 | 5.74101e+01 1.90606e-02 | 1.25060e-02 1.07762e-01 1.39023e-01 |
   3013 | 5.74291e+01 1.90606e-02 | 1.25060e-02 1.07762e-01 1.39023e-01 |
   3014 | 5.74482e+01 1.90605e-02 | 1.25060e-02 1.07762e-01 1.39023e-01 |
   3015 | 5.74672e+01 1.90605e-02 | 1.25060e-02 1.07762e-01 1.39023e-01 |
   3016 | 5.74863e+01 1.90604e-02 | 1.25060e-02 1.07762e-01 1.39023e-01 |
   3017 | 5.75054e+01 1.90604e-02 | 1.25060e-02 1.07762e-01 1.39023e-01 |
   3018 | 5.75244e+01 1.90603e-02 | 1.25060e-02 1.07762e-01 1.39023e-01 |
   3019 | 5.75435e+01 1.90603e-02 | 1.25060e-02 1.07762e-01 1.39023e-01 |
   3020 | 5.75625e+01 1.90602e-02 | 1.25060e-02 1.07762e-01 1.39023e-01 |
   3021 | 5.75816e+01 1.90602e-02 | 1.25060e-02 1.07762e-01 1.39023e-01 |
   3022 | 5.76007e+01 1.90602e-02 | 1.25060e-02 1.07762e-01 1.39023e-01 |
   3023 | 5.76197e+01 1.90602e-02 | 1.25060e-02 1.07762e-01 1.39023e-01 |
   3024 | 5.76388e+01 1.90602e-02 | 1.25060e-02 1.07762e-01 1.39023e-01 |
   3025 | 5.76578e+01 1.90602e-02 | 1.25060e-02 1.07762e-01 1.39023e-01 |
   3026 | 5.76769e+01 1.90602e-02 | 1.25060e-02 1.07762e-01 1.39023e-01 |
   3027 | 5.76960e+01 1.90602e-02 | 1.25060e-02 1.07762e-01 1.39023e-01 |
   3028 | 5.77150e+01 1.90602e-02 | 1.25060e-02 1.07762e-01 1.39023e-01 |
   3029 | 5.77341e+01 1.90602e-02 | 1.25060e-02 1.07762e-01 1.39023e-01 |
   3030 | 5.77531e+01 1.90602e-02 | 1.25060e-02 1.07762e-01 1.39023e-01 |
   3031 | 5.77722e+01 1.90603e-02 | 1.25060e-02 1.07762e-01 1.39023e-01 |
   3032 | 5.77913e+01 1.90603e-02 | 1.25060e-02 1.07762e-01 1.39023e-01 |
   3033 | 5.78103e+01 1.90603e-02 | 1.25060e-02 1.07762e-01 1.39023e-01 |
   3034 | 5.78294e+01 1.90604e-02 | 1.25060e-02 1.07762e-01 1.39023e-01 |
   3035 | 5.78484e+01 1.90604e-02 | 1.25060e-02 1.07762e-01 1.39023e-01 |
   3036 | 5.78675e+01 1.90605e-02 | 1.25060e-02 1.07762e-01 1.39023e-01 |
   3037 | 5.78866e+01 1.90605e-02 | 1.25060e-02 1.07762e-01 1.39023e-01 |
   3038 | 5.79056e+01 1.90605e-02 | 1.25060e-02 1.07762e-01 1.39023e-01 |
   3039 | 5.79247e+01 1.90604e-02 | 1.25060e-02 1.07762e-01 1.39023e-01 |
   3040 | 5.79437e+01 1.90604e-02 | 1.25060e-02 1.07762e-01 1.39023e-01 |
   3041 | 5.79628e+01 1.90603e-02 | 1.25060e-02 1.07762e-01 1.39023e-01 |
   3042 | 5.79819e+01 1.90603e-02 | 1.25060e-02 1.07762e-01 1.39023e-01 |
   3043 | 5.80009e+01 1.90603e-02 | 1.25060e-02 1.07762e-01 1.39023e-01 |
   3044 | 5.80200e+01 1.90603e-02 | 1.25060e-02 1.07762e-01 1.39023e-01 |
   3045 | 5.80390e+01 1.90602e-02 | 1.25060e-02 1.07762e-01 1.39023e-01 |
   3046 | 5.80581e+01 1.90602e-02 | 1.25060e-02 1.07762e-01 1.39023e-01 |
   3047 | 5.80772e+01 1.90602e-02 | 1.25060e-02 1.07762e-01 1.39023e-01 |
   3048 | 5.80962e+01 1.90602e-02 | 1.25060e-02 1.07762e-01 1.39023e-01 |
   3049 | 5.81153e+01 1.90602e-02 | 1.25060e-02 1.07762e-01 1.39023e-01 |
   3050 | 5.81343e+01 1.90602e-02 | 1.25060e-02 1.07762e-01 1.39023e-01 |
   3051 | 5.81534e+01 1.90602e-02 | 1.25060e-02 1.07762e-01 1.39023e-01 |
   3052 | 5.81725e+01 1.90603e-02 | 1.25060e-02 1.07762e-01 1.39023e-01 |
   3053 | 5.81915e+01 1.90603e-02 | 1.25060e-02 1.07762e-01 1.39023e-01 |
   3054 | 5.82106e+01 1.90603e-02 | 1.25060e-02 1.07762e-01 1.39023e-01 |
   3055 | 5.82296e+01 1.90603e-02 | 1.25060e-02 1.07762e-01 1.39023e-01 |
   3056 | 5.82487e+01 1.90604e-02 | 1.25060e-02 1.07762e-01 1.39023e-01 |
   3057 | 5.82678e+01 1.90604e-02 | 1.25060e-02 1.07762e-01 1.39023e-01 |
   3058 | 5.82868e+01 1.90605e-02 | 1.25060e-02 1.07762e-01 1.39023e-01 |
   3059 | 5.83059e+01 1.90605e-02 | 1.25060e-02 1.07762e-01 1.39023e-01 |
   3060 | 5.83250e+01 1.90606e-02 | 1.25060e-02 1.07762e-01 1.39023e-01 |
   3061 | 5.83440e+01 1.90607e-02 | 1.25060e-02 1.07762e-01 1.39023e-01 |
   3062 | 5.83631e+01 1.90607e-02 | 1.25060e-02 1.07762e-01 1.39023e-01 |
   3063 | 5.83821e+01 1.90608e-02 | 1.25060e-02 1.07762e-01 1.39023e-01 |
   3064 | 5.84012e+01 1.90609e-02 | 1.25060e-02 1.07762e-01 1.39023e-01 |
   3065 | 5.84203e+01 1.90609e-02 | 1.25060e-02 1.07761e-01 1.39023e-01 |
   3066 | 5.84393e+01 1.90609e-02 | 1.25060e-02 1.07761e-01 1.39023e-01 |
   3067 | 5.84584e+01 1.90609e-02 | 1.25060e-02 1.07761e-01 1.39023e-01 |
   3068 | 5.84774e+01 1.90609e-02 | 1.25060e-02 1.07761e-01 1.39023e-01 |
   3069 | 5.84965e+01 1.90609e-02 | 1.25060e-02 1.07761e-01 1.39023e-01 |
   3070 | 5.85156e+01 1.90609e-02 | 1.25059e-02 1.07761e-01 1.39023e-01 |
   3071 | 5.85346e+01 1.90610e-02 | 1.25059e-02 1.07761e-01 1.39023e-01 |
   3072 | 5.85537e+01 1.90610e-02 | 1.25059e-02 1.07761e-01 1.39023e-01 |
   3073 | 5.85727e+01 1.90610e-02 | 1.25059e-02 1.07761e-01 1.39023e-01 |
   3074 | 5.85918e+01 1.90611e-02 | 1.25059e-02 1.07761e-01 1.39023e-01 |
   3075 | 5.86109e+01 1.90611e-02 | 1.25059e-02 1.07761e-01 1.39023e-01 |
   3076 | 5.86299e+01 1.90611e-02 | 1.25059e-02 1.07761e-01 1.39023e-01 |
   3077 | 5.86490e+01 1.90611e-02 | 1.25059e-02 1.07761e-01 1.39023e-01 |
   3078 | 5.86680e+01 1.90611e-02 | 1.25059e-02 1.07761e-01 1.39023e-01 |
   3079 | 5.86871e+01 1.90611e-02 | 1.25059e-02 1.07761e-01 1.39023e-01 |
   3080 | 5.87062e+01 1.90610e-02 | 1.25059e-02 1.07761e-01 1.39023e-01 |
   3081 | 5.87252e+01 1.90610e-02 | 1.25059e-02 1.07761e-01 1.39023e-01 |
   3082 | 5.87443e+01 1.90611e-02 | 1.25059e-02 1.07761e-01 1.39023e-01 |
   3083 | 5.87634e+01 1.90610e-02 | 1.25059e-02 1.07761e-01 1.39023e-01 |
   3084 | 5.87824e+01 1.90609e-02 | 1.25059e-02 1.07761e-01 1.39023e-01 |
   3085 | 5.88015e+01 1.90608e-02 | 1.25059e-02 1.07761e-01 1.39023e-01 |
   3086 | 5.88205e+01 1.90607e-02 | 1.25059e-02 1.07761e-01 1.39023e-01 |
   3087 | 5.88396e+01 1.90607e-02 | 1.25059e-02 1.07761e-01 1.39023e-01 |
   3088 | 5.88587e+01 1.90606e-02 | 1.25059e-02 1.07761e-01 1.39023e-01 |
   3089 | 5.88777e+01 1.90605e-02 | 1.25059e-02 1.07761e-01 1.39023e-01 |
   3090 | 5.88968e+01 1.90605e-02 | 1.25059e-02 1.07761e-01 1.39023e-01 |
   3091 | 5.89158e+01 1.90604e-02 | 1.25059e-02 1.07761e-01 1.39023e-01 |
   3092 | 5.89349e+01 1.90604e-02 | 1.25059e-02 1.07761e-01 1.39023e-01 |
   3093 | 5.89540e+01 1.90604e-02 | 1.25059e-02 1.07761e-01 1.39023e-01 |
   3094 | 5.89730e+01 1.90603e-02 | 1.25059e-02 1.07761e-01 1.39023e-01 |
   3095 | 5.89921e+01 1.90603e-02 | 1.25059e-02 1.07761e-01 1.39023e-01 |
   3096 | 5.90111e+01 1.90603e-02 | 1.25059e-02 1.07761e-01 1.39023e-01 |
   3097 | 5.90302e+01 1.90603e-02 | 1.25059e-02 1.07761e-01 1.39023e-01 |
   3098 | 5.90493e+01 1.90603e-02 | 1.25059e-02 1.07761e-01 1.39023e-01 |
   3099 | 5.90683e+01 1.90602e-02 | 1.25059e-02 1.07761e-01 1.39023e-01 |
   3100 | 5.90874e+01 1.90602e-02 | 1.25059e-02 1.07761e-01 1.39023e-01 |
   3101 | 5.91064e+01 1.90603e-02 | 1.25059e-02 1.07761e-01 1.39023e-01 |
   3102 | 5.91255e+01 1.90603e-02 | 1.25059e-02 1.07761e-01 1.39023e-01 |
   3103 | 5.91446e+01 1.90603e-02 | 1.25059e-02 1.07761e-01 1.39023e-01 |
   3104 | 5.91636e+01 1.90603e-02 | 1.25059e-02 1.07761e-01 1.39023e-01 |
   3105 | 5.91827e+01 1.90603e-02 | 1.25059e-02 1.07761e-01 1.39023e-01 |
   3106 | 5.92017e+01 1.90604e-02 | 1.25059e-02 1.07761e-01 1.39023e-01 |
   3107 | 5.92208e+01 1.90604e-02 | 1.25059e-02 1.07761e-01 1.39023e-01 |
   3108 | 5.92399e+01 1.90604e-02 | 1.25059e-02 1.07761e-01 1.39023e-01 |
   3109 | 5.92589e+01 1.90605e-02 | 1.25059e-02 1.07761e-01 1.39023e-01 |
   3110 | 5.92780e+01 1.90605e-02 | 1.25059e-02 1.07761e-01 1.39023e-01 |
   3111 | 5.92970e+01 1.90605e-02 | 1.25059e-02 1.07761e-01 1.39023e-01 |
   3112 | 5.93161e+01 1.90605e-02 | 1.25059e-02 1.07761e-01 1.39023e-01 |
   3113 | 5.93352e+01 1.90604e-02 | 1.25059e-02 1.07761e-01 1.39023e-01 |
   3114 | 5.93542e+01 1.90604e-02 | 1.25059e-02 1.07761e-01 1.39023e-01 |
   3115 | 5.93733e+01 1.90603e-02 | 1.25059e-02 1.07761e-01 1.39023e-01 |
   3116 | 5.93923e+01 1.90603e-02 | 1.25059e-02 1.07761e-01 1.39023e-01 |
   3117 | 5.94114e+01 1.90603e-02 | 1.25059e-02 1.07761e-01 1.39023e-01 |
   3118 | 5.94305e+01 1.90602e-02 | 1.25059e-02 1.07761e-01 1.39023e-01 |
   3119 | 5.94495e+01 1.90602e-02 | 1.25059e-02 1.07761e-01 1.39023e-01 |
   3120 | 5.94686e+01 1.90602e-02 | 1.25059e-02 1.07761e-01 1.39023e-01 |
   3121 | 5.94876e+01 1.90602e-02 | 1.25059e-02 1.07761e-01 1.39023e-01 |
   3122 | 5.95067e+01 1.90602e-02 | 1.25059e-02 1.07761e-01 1.39023e-01 |
   3123 | 5.95258e+01 1.90602e-02 | 1.25059e-02 1.07761e-01 1.39023e-01 |
   3124 | 5.95448e+01 1.90602e-02 | 1.25059e-02 1.07761e-01 1.39023e-01 |
   3125 | 5.95639e+01 1.90602e-02 | 1.25059e-02 1.07761e-01 1.39023e-01 |
   3126 | 5.95829e+01 1.90602e-02 | 1.25059e-02 1.07761e-01 1.39023e-01 |
   3127 | 5.96020e+01 1.90602e-02 | 1.25059e-02 1.07761e-01 1.39023e-01 |
   3128 | 5.96211e+01 1.90603e-02 | 1.25059e-02 1.07761e-01 1.39023e-01 |
   3129 | 5.96401e+01 1.90603e-02 | 1.25059e-02 1.07761e-01 1.39023e-01 |
   3130 | 5.96592e+01 1.90603e-02 | 1.25059e-02 1.07761e-01 1.39023e-01 |
   3131 | 5.96783e+01 1.90604e-02 | 1.25059e-02 1.07761e-01 1.39023e-01 |
   3132 | 5.96973e+01 1.90604e-02 | 1.25059e-02 1.07761e-01 1.39023e-01 |
   3133 | 5.97164e+01 1.90605e-02 | 1.25059e-02 1.07761e-01 1.39023e-01 |
   3134 | 5.97354e+01 1.90605e-02 | 1.25059e-02 1.07761e-01 1.39023e-01 |
   3135 | 5.97545e+01 1.90606e-02 | 1.25059e-02 1.07761e-01 1.39023e-01 |
   3136 | 5.97736e+01 1.90606e-02 | 1.25059e-02 1.07761e-01 1.39023e-01 |
   3137 | 5.97926e+01 1.90605e-02 | 1.25059e-02 1.07761e-01 1.39023e-01 |
   3138 | 5.98117e+01 1.90605e-02 | 1.25059e-02 1.07760e-01 1.39023e-01 |
   3139 | 5.98307e+01 1.90605e-02 | 1.25059e-02 1.07760e-01 1.39023e-01 |
   3140 | 5.98498e+01 1.90605e-02 | 1.25059e-02 1.07760e-01 1.39023e-01 |
   3141 | 5.98689e+01 1.90605e-02 | 1.25059e-02 1.07760e-01 1.39023e-01 |
   3142 | 5.98879e+01 1.90605e-02 | 1.25059e-02 1.07760e-01 1.39023e-01 |
   3143 | 5.99070e+01 1.90605e-02 | 1.25059e-02 1.07760e-01 1.39023e-01 |
   3144 | 5.99260e+01 1.90605e-02 | 1.25059e-02 1.07760e-01 1.39023e-01 |
   3145 | 5.99451e+01 1.90605e-02 | 1.25059e-02 1.07760e-01 1.39023e-01 |
   3146 | 5.99642e+01 1.90605e-02 | 1.25059e-02 1.07760e-01 1.39023e-01 |
   3147 | 5.99832e+01 1.90606e-02 | 1.25059e-02 1.07760e-01 1.39023e-01 |
   3148 | 6.00023e+01 1.90606e-02 | 1.25059e-02 1.07760e-01 1.39023e-01 |
   3149 | 6.00213e+01 1.90606e-02 | 1.25059e-02 1.07760e-01 1.39023e-01 |
   3150 | 6.00404e+01 1.90607e-02 | 1.25058e-02 1.07760e-01 1.39023e-01 |
   3151 | 6.00595e+01 1.90607e-02 | 1.25058e-02 1.07760e-01 1.39023e-01 |
   3152 | 6.00785e+01 1.90608e-02 | 1.25058e-02 1.07760e-01 1.39023e-01 |
   3153 | 6.00976e+01 1.90609e-02 | 1.25058e-02 1.07760e-01 1.39023e-01 |
   3154 | 6.01166e+01 1.90609e-02 | 1.25058e-02 1.07760e-01 1.39023e-01 |
   3155 | 6.01357e+01 1.90609e-02 | 1.25058e-02 1.07760e-01 1.39023e-01 |
   3156 | 6.01548e+01 1.90609e-02 | 1.25058e-02 1.07760e-01 1.39023e-01 |
   3157 | 6.01738e+01 1.90608e-02 | 1.25058e-02 1.07760e-01 1.39023e-01 |
   3158 | 6.01929e+01 1.90608e-02 | 1.25058e-02 1.07760e-01 1.39023e-01 |
   3159 | 6.02119e+01 1.90608e-02 | 1.25058e-02 1.07760e-01 1.39023e-01 |
   3160 | 6.02310e+01 1.90608e-02 | 1.25058e-02 1.07760e-01 1.39023e-01 |
   3161 | 6.02501e+01 1.90607e-02 | 1.25058e-02 1.07760e-01 1.39023e-01 |
   3162 | 6.02691e+01 1.90607e-02 | 1.25058e-02 1.07760e-01 1.39023e-01 |
   3163 | 6.02882e+01 1.90607e-02 | 1.25058e-02 1.07760e-01 1.39023e-01 |
   3164 | 6.03073e+01 1.90607e-02 | 1.25058e-02 1.07760e-01 1.39023e-01 |
   3165 | 6.03263e+01 1.90607e-02 | 1.25058e-02 1.07760e-01 1.39023e-01 |
   3166 | 6.03454e+01 1.90607e-02 | 1.25058e-02 1.07760e-01 1.39023e-01 |
   3167 | 6.03644e+01 1.90606e-02 | 1.25058e-02 1.07760e-01 1.39023e-01 |
   3168 | 6.03835e+01 1.90606e-02 | 1.25058e-02 1.07760e-01 1.39023e-01 |
   3169 | 6.04026e+01 1.90606e-02 | 1.25058e-02 1.07760e-01 1.39023e-01 |
   3170 | 6.04216e+01 1.90606e-02 | 1.25058e-02 1.07760e-01 1.39023e-01 |
   3171 | 6.04407e+01 1.90605e-02 | 1.25058e-02 1.07760e-01 1.39023e-01 |
   3172 | 6.04597e+01 1.90605e-02 | 1.25058e-02 1.07760e-01 1.39023e-01 |
   3173 | 6.04788e+01 1.90605e-02 | 1.25058e-02 1.07760e-01 1.39023e-01 |
   3174 | 6.04979e+01 1.90605e-02 | 1.25058e-02 1.07760e-01 1.39023e-01 |
   3175 | 6.05169e+01 1.90605e-02 | 1.25058e-02 1.07760e-01 1.39023e-01 |
   3176 | 6.05360e+01 1.90605e-02 | 1.25058e-02 1.07760e-01 1.39023e-01 |
   3177 | 6.05550e+01 1.90605e-02 | 1.25058e-02 1.07760e-01 1.39023e-01 |
   3178 | 6.05741e+01 1.90606e-02 | 1.25058e-02 1.07760e-01 1.39023e-01 |
   3179 | 6.05932e+01 1.90606e-02 | 1.25058e-02 1.07760e-01 1.39023e-01 |
   3180 | 6.06122e+01 1.90606e-02 | 1.25058e-02 1.07760e-01 1.39023e-01 |
   3181 | 6.06313e+01 1.90606e-02 | 1.25058e-02 1.07760e-01 1.39023e-01 |
   3182 | 6.06503e+01 1.90607e-02 | 1.25058e-02 1.07760e-01 1.39023e-01 |
   3183 | 6.06694e+01 1.90607e-02 | 1.25058e-02 1.07760e-01 1.39023e-01 |
   3184 | 6.06885e+01 1.90608e-02 | 1.25058e-02 1.07760e-01 1.39023e-01 |
   3185 | 6.07075e+01 1.90607e-02 | 1.25058e-02 1.07760e-01 1.39023e-01 |
   3186 | 6.07266e+01 1.90606e-02 | 1.25058e-02 1.07760e-01 1.39023e-01 |
   3187 | 6.07456e+01 1.90606e-02 | 1.25058e-02 1.07760e-01 1.39023e-01 |
   3188 | 6.07647e+01 1.90605e-02 | 1.25058e-02 1.07760e-01 1.39023e-01 |
   3189 | 6.07838e+01 1.90605e-02 | 1.25058e-02 1.07760e-01 1.39023e-01 |
   3190 | 6.08028e+01 1.90605e-02 | 1.25058e-02 1.07760e-01 1.39023e-01 |
   3191 | 6.08219e+01 1.90604e-02 | 1.25058e-02 1.07760e-01 1.39023e-01 |
   3192 | 6.08409e+01 1.90604e-02 | 1.25058e-02 1.07760e-01 1.39023e-01 |
   3193 | 6.08600e+01 1.90604e-02 | 1.25058e-02 1.07760e-01 1.39023e-01 |
   3194 | 6.08791e+01 1.90604e-02 | 1.25058e-02 1.07760e-01 1.39023e-01 |
   3195 | 6.08981e+01 1.90603e-02 | 1.25058e-02 1.07760e-01 1.39023e-01 |
   3196 | 6.09172e+01 1.90603e-02 | 1.25058e-02 1.07760e-01 1.39023e-01 |
   3197 | 6.09362e+01 1.90603e-02 | 1.25058e-02 1.07760e-01 1.39023e-01 |
   3198 | 6.09553e+01 1.90603e-02 | 1.25058e-02 1.07760e-01 1.39023e-01 |
   3199 | 6.09744e+01 1.90603e-02 | 1.25058e-02 1.07760e-01 1.39023e-01 |
   3200 | 6.09934e+01 1.90604e-02 | 1.25058e-02 1.07760e-01 1.39023e-01 |
   3201 | 6.10125e+01 1.90604e-02 | 1.25058e-02 1.07760e-01 1.39023e-01 |
   3202 | 6.10316e+01 1.90604e-02 | 1.25058e-02 1.07760e-01 1.39023e-01 |
   3203 | 6.10506e+01 1.90604e-02 | 1.25058e-02 1.07760e-01 1.39023e-01 |
   3204 | 6.10697e+01 1.90605e-02 | 1.25058e-02 1.07760e-01 1.39023e-01 |
   3205 | 6.10887e+01 1.90605e-02 | 1.25058e-02 1.07760e-01 1.39023e-01 |
   3206 | 6.11078e+01 1.90605e-02 | 1.25058e-02 1.07760e-01 1.39023e-01 |
   3207 | 6.11269e+01 1.90604e-02 | 1.25058e-02 1.07760e-01 1.39023e-01 |
   3208 | 6.11459e+01 1.90604e-02 | 1.25058e-02 1.07760e-01 1.39023e-01 |
   3209 | 6.11650e+01 1.90604e-02 | 1.25058e-02 1.07760e-01 1.39023e-01 |
   3210 | 6.11840e+01 1.90603e-02 | 1.25058e-02 1.07760e-01 1.39023e-01 |
   3211 | 6.12031e+01 1.90603e-02 | 1.25058e-02 1.07759e-01 1.39023e-01 |
   3212 | 6.12222e+01 1.90603e-02 | 1.25058e-02 1.07759e-01 1.39023e-01 |
   3213 | 6.12412e+01 1.90603e-02 | 1.25058e-02 1.07759e-01 1.39023e-01 |
   3214 | 6.12603e+01 1.90602e-02 | 1.25058e-02 1.07759e-01 1.39023e-01 |
   3215 | 6.12793e+01 1.90602e-02 | 1.25058e-02 1.07759e-01 1.39023e-01 |
   3216 | 6.12984e+01 1.90602e-02 | 1.25058e-02 1.07759e-01 1.39023e-01 |
   3217 | 6.13175e+01 1.90602e-02 | 1.25058e-02 1.07759e-01 1.39023e-01 |
   3218 | 6.13365e+01 1.90603e-02 | 1.25058e-02 1.07759e-01 1.39023e-01 |
   3219 | 6.13556e+01 1.90603e-02 | 1.25058e-02 1.07759e-01 1.39023e-01 |
   3220 | 6.13746e+01 1.90603e-02 | 1.25058e-02 1.07759e-01 1.39023e-01 |
   3221 | 6.13937e+01 1.90603e-02 | 1.25058e-02 1.07759e-01 1.39023e-01 |
   3222 | 6.14128e+01 1.90603e-02 | 1.25058e-02 1.07759e-01 1.39023e-01 |
   3223 | 6.14318e+01 1.90604e-02 | 1.25058e-02 1.07759e-01 1.39023e-01 |
   3224 | 6.14509e+01 1.90604e-02 | 1.25058e-02 1.07759e-01 1.39023e-01 |
   3225 | 6.14699e+01 1.90605e-02 | 1.25058e-02 1.07759e-01 1.39023e-01 |
   3226 | 6.14890e+01 1.90605e-02 | 1.25058e-02 1.07759e-01 1.39023e-01 |
   3227 | 6.15081e+01 1.90606e-02 | 1.25058e-02 1.07759e-01 1.39023e-01 |
   3228 | 6.15271e+01 1.90606e-02 | 1.25058e-02 1.07759e-01 1.39023e-01 |
   3229 | 6.15462e+01 1.90606e-02 | 1.25058e-02 1.07759e-01 1.39023e-01 |
   3230 | 6.15652e+01 1.90605e-02 | 1.25058e-02 1.07759e-01 1.39023e-01 |
   3231 | 6.15843e+01 1.90605e-02 | 1.25057e-02 1.07759e-01 1.39023e-01 |
   3232 | 6.16034e+01 1.90605e-02 | 1.25057e-02 1.07759e-01 1.39023e-01 |
   3233 | 6.16224e+01 1.90604e-02 | 1.25057e-02 1.07759e-01 1.39023e-01 |
   3234 | 6.16415e+01 1.90604e-02 | 1.25057e-02 1.07759e-01 1.39023e-01 |
   3235 | 6.16605e+01 1.90604e-02 | 1.25057e-02 1.07759e-01 1.39023e-01 |
   3236 | 6.16796e+01 1.90604e-02 | 1.25057e-02 1.07759e-01 1.39023e-01 |
   3237 | 6.16987e+01 1.90604e-02 | 1.25057e-02 1.07759e-01 1.39023e-01 |
   3238 | 6.17177e+01 1.90604e-02 | 1.25057e-02 1.07759e-01 1.39023e-01 |
   3239 | 6.17368e+01 1.90604e-02 | 1.25057e-02 1.07759e-01 1.39023e-01 |
   3240 | 6.17558e+01 1.90604e-02 | 1.25057e-02 1.07759e-01 1.39023e-01 |
   3241 | 6.17749e+01 1.90604e-02 | 1.25057e-02 1.07759e-01 1.39023e-01 |
   3242 | 6.17940e+01 1.90604e-02 | 1.25057e-02 1.07759e-01 1.39023e-01 |
   3243 | 6.18130e+01 1.90604e-02 | 1.25057e-02 1.07759e-01 1.39023e-01 |
   3244 | 6.18321e+01 1.90604e-02 | 1.25057e-02 1.07759e-01 1.39023e-01 |
   3245 | 6.18511e+01 1.90605e-02 | 1.25057e-02 1.07759e-01 1.39023e-01 |
   3246 | 6.18702e+01 1.90605e-02 | 1.25057e-02 1.07759e-01 1.39023e-01 |
   3247 | 6.18893e+01 1.90606e-02 | 1.25057e-02 1.07759e-01 1.39023e-01 |
   3248 | 6.19083e+01 1.90606e-02 | 1.25057e-02 1.07759e-01 1.39023e-01 |
   3249 | 6.19274e+01 1.90607e-02 | 1.25057e-02 1.07759e-01 1.39023e-01 |
   3250 | 6.19465e+01 1.90607e-02 | 1.25057e-02 1.07759e-01 1.39023e-01 |
   3251 | 6.19655e+01 1.90608e-02 | 1.25057e-02 1.07759e-01 1.39023e-01 |
   3252 | 6.19846e+01 1.90609e-02 | 1.25057e-02 1.07759e-01 1.39023e-01 |
   3253 | 6.20036e+01 1.90609e-02 | 1.25057e-02 1.07759e-01 1.39023e-01 |
   3254 | 6.20227e+01 1.90610e-02 | 1.25057e-02 1.07759e-01 1.39023e-01 |
   3255 | 6.20418e+01 1.90611e-02 | 1.25057e-02 1.07759e-01 1.39023e-01 |
   3256 | 6.20608e+01 1.90611e-02 | 1.25057e-02 1.07759e-01 1.39023e-01 |
   3257 | 6.20799e+01 1.90612e-02 | 1.25057e-02 1.07759e-01 1.39023e-01 |
   3258 | 6.20989e+01 1.90611e-02 | 1.25057e-02 1.07759e-01 1.39023e-01 |
   3259 | 6.21180e+01 1.90611e-02 | 1.25057e-02 1.07759e-01 1.39023e-01 |
   3260 | 6.21371e+01 1.90610e-02 | 1.25057e-02 1.07759e-01 1.39023e-01 |
   3261 | 6.21561e+01 1.90609e-02 | 1.25057e-02 1.07759e-01 1.39023e-01 |
   3262 | 6.21752e+01 1.90609e-02 | 1.25057e-02 1.07759e-01 1.39023e-01 |
   3263 | 6.21942e+01 1.90608e-02 | 1.25057e-02 1.07759e-01 1.39023e-01 |
   3264 | 6.22133e+01 1.90608e-02 | 1.25057e-02 1.07759e-01 1.39023e-01 |
   3265 | 6.22324e+01 1.90608e-02 | 1.25057e-02 1.07759e-01 1.39023e-01 |
   3266 | 6.22514e+01 1.90607e-02 | 1.25057e-02 1.07759e-01 1.39023e-01 |
   3267 | 6.22705e+01 1.90607e-02 | 1.25057e-02 1.07759e-01 1.39023e-01 |
   3268 | 6.22895e+01 1.90607e-02 | 1.25057e-02 1.07759e-01 1.39023e-01 |
   3269 | 6.23086e+01 1.90607e-02 | 1.25057e-02 1.07759e-01 1.39023e-01 |
   3270 | 6.23277e+01 1.90607e-02 | 1.25057e-02 1.07759e-01 1.39023e-01 |
   3271 | 6.23467e+01 1.90607e-02 | 1.25057e-02 1.07759e-01 1.39023e-01 |
   3272 | 6.23658e+01 1.90607e-02 | 1.25057e-02 1.07759e-01 1.39023e-01 |
   3273 | 6.23849e+01 1.90607e-02 | 1.25057e-02 1.07759e-01 1.39023e-01 |
   3274 | 6.24039e+01 1.90607e-02 | 1.25057e-02 1.07759e-01 1.39023e-01 |
   3275 | 6.24230e+01 1.90607e-02 | 1.25057e-02 1.07759e-01 1.39023e-01 |
   3276 | 6.24420e+01 1.90607e-02 | 1.25057e-02 1.07759e-01 1.39023e-01 |
   3277 | 6.24611e+01 1.90606e-02 | 1.25057e-02 1.07759e-01 1.39023e-01 |
   3278 | 6.24802e+01 1.90606e-02 | 1.25057e-02 1.07759e-01 1.39023e-01 |
   3279 | 6.24992e+01 1.90605e-02 | 1.25057e-02 1.07759e-01 1.39023e-01 |
   3280 | 6.25183e+01 1.90604e-02 | 1.25057e-02 1.07759e-01 1.39023e-01 |
   3281 | 6.25373e+01 1.90604e-02 | 1.25057e-02 1.07759e-01 1.39023e-01 |
   3282 | 6.25564e+01 1.90603e-02 | 1.25057e-02 1.07759e-01 1.39023e-01 |
   3283 | 6.25755e+01 1.90603e-02 | 1.25057e-02 1.07759e-01 1.39023e-01 |
   3284 | 6.25945e+01 1.90603e-02 | 1.25057e-02 1.07758e-01 1.39023e-01 |
   3285 | 6.26136e+01 1.90602e-02 | 1.25057e-02 1.07758e-01 1.39023e-01 |
   3286 | 6.26326e+01 1.90602e-02 | 1.25057e-02 1.07758e-01 1.39023e-01 |
   3287 | 6.26517e+01 1.90602e-02 | 1.25057e-02 1.07758e-01 1.39023e-01 |
   3288 | 6.26708e+01 1.90602e-02 | 1.25057e-02 1.07758e-01 1.39023e-01 |
   3289 | 6.26898e+01 1.90602e-02 | 1.25057e-02 1.07758e-01 1.39023e-01 |
   3290 | 6.27089e+01 1.90602e-02 | 1.25057e-02 1.07758e-01 1.39023e-01 |
   3291 | 6.27279e+01 1.90602e-02 | 1.25057e-02 1.07758e-01 1.39023e-01 |
   3292 | 6.27470e+01 1.90602e-02 | 1.25057e-02 1.07758e-01 1.39023e-01 |
   3293 | 6.27661e+01 1.90602e-02 | 1.25057e-02 1.07758e-01 1.39023e-01 |
   3294 | 6.27851e+01 1.90602e-02 | 1.25057e-02 1.07758e-01 1.39023e-01 |
   3295 | 6.28042e+01 1.90602e-02 | 1.25057e-02 1.07758e-01 1.39023e-01 |
   3296 | 6.28232e+01 1.90603e-02 | 1.25057e-02 1.07758e-01 1.39023e-01 |
   3297 | 6.28423e+01 1.90603e-02 | 1.25057e-02 1.07758e-01 1.39023e-01 |
   3298 | 6.28614e+01 1.90603e-02 | 1.25057e-02 1.07758e-01 1.39023e-01 |
   3299 | 6.28804e+01 1.90604e-02 | 1.25057e-02 1.07758e-01 1.39023e-01 |
   3300 | 6.28995e+01 1.90604e-02 | 1.25057e-02 1.07758e-01 1.39023e-01 |
   3301 | 6.29185e+01 1.90605e-02 | 1.25057e-02 1.07758e-01 1.39023e-01 |
   3302 | 6.29376e+01 1.90605e-02 | 1.25057e-02 1.07758e-01 1.39023e-01 |
   3303 | 6.29567e+01 1.90604e-02 | 1.25057e-02 1.07758e-01 1.39023e-01 |
   3304 | 6.29757e+01 1.90604e-02 | 1.25057e-02 1.07758e-01 1.39023e-01 |
   3305 | 6.29948e+01 1.90603e-02 | 1.25057e-02 1.07758e-01 1.39023e-01 |
   3306 | 6.30138e+01 1.90603e-02 | 1.25057e-02 1.07758e-01 1.39023e-01 |
   3307 | 6.30329e+01 1.90603e-02 | 1.25057e-02 1.07758e-01 1.39023e-01 |
   3308 | 6.30520e+01 1.90602e-02 | 1.25057e-02 1.07758e-01 1.39023e-01 |
   3309 | 6.30710e+01 1.90602e-02 | 1.25057e-02 1.07758e-01 1.39023e-01 |
   3310 | 6.30901e+01 1.90602e-02 | 1.25057e-02 1.07758e-01 1.39023e-01 |
   3311 | 6.31091e+01 1.90602e-02 | 1.25057e-02 1.07758e-01 1.39023e-01 |
   3312 | 6.31282e+01 1.90602e-02 | 1.25057e-02 1.07758e-01 1.39023e-01 |
   3313 | 6.31473e+01 1.90602e-02 | 1.25057e-02 1.07758e-01 1.39023e-01 |
   3314 | 6.31663e+01 1.90602e-02 | 1.25057e-02 1.07758e-01 1.39023e-01 |
   3315 | 6.31854e+01 1.90602e-02 | 1.25057e-02 1.07758e-01 1.39023e-01 |
   3316 | 6.32044e+01 1.90602e-02 | 1.25057e-02 1.07758e-01 1.39023e-01 |
   3317 | 6.32235e+01 1.90602e-02 | 1.25057e-02 1.07758e-01 1.39023e-01 |
   3318 | 6.32426e+01 1.90603e-02 | 1.25057e-02 1.07758e-01 1.39023e-01 |
   3319 | 6.32616e+01 1.90603e-02 | 1.25057e-02 1.07758e-01 1.39023e-01 |
   3320 | 6.32807e+01 1.90603e-02 | 1.25057e-02 1.07758e-01 1.39023e-01 |
   3321 | 6.32997e+01 1.90604e-02 | 1.25057e-02 1.07758e-01 1.39023e-01 |
   3322 | 6.33188e+01 1.90604e-02 | 1.25057e-02 1.07758e-01 1.39023e-01 |
   3323 | 6.33379e+01 1.90605e-02 | 1.25057e-02 1.07758e-01 1.39023e-01 |
   3324 | 6.33569e+01 1.90605e-02 | 1.25056e-02 1.07758e-01 1.39023e-01 |
   3325 | 6.33760e+01 1.90606e-02 | 1.25056e-02 1.07758e-01 1.39023e-01 |
   3326 | 6.33950e+01 1.90607e-02 | 1.25056e-02 1.07758e-01 1.39023e-01 |
   3327 | 6.34141e+01 1.90607e-02 | 1.25056e-02 1.07758e-01 1.39023e-01 |
   3328 | 6.34332e+01 1.90608e-02 | 1.25056e-02 1.07758e-01 1.39023e-01 |
   3329 | 6.34522e+01 1.90608e-02 | 1.25056e-02 1.07758e-01 1.39023e-01 |
   3330 | 6.34713e+01 1.90608e-02 | 1.25056e-02 1.07758e-01 1.39023e-01 |
   3331 | 6.34904e+01 1.90608e-02 | 1.25056e-02 1.07758e-01 1.39023e-01 |
   3332 | 6.35094e+01 1.90608e-02 | 1.25056e-02 1.07758e-01 1.39023e-01 |
   3333 | 6.35285e+01 1.90608e-02 | 1.25056e-02 1.07758e-01 1.39023e-01 |
   3334 | 6.35475e+01 1.90608e-02 | 1.25056e-02 1.07758e-01 1.39023e-01 |
   3335 | 6.35666e+01 1.90608e-02 | 1.25056e-02 1.07758e-01 1.39023e-01 |
   3336 | 6.35857e+01 1.90608e-02 | 1.25056e-02 1.07758e-01 1.39023e-01 |
   3337 | 6.36047e+01 1.90609e-02 | 1.25056e-02 1.07758e-01 1.39023e-01 |
   3338 | 6.36238e+01 1.90609e-02 | 1.25056e-02 1.07758e-01 1.39023e-01 |
   3339 | 6.36428e+01 1.90609e-02 | 1.25056e-02 1.07758e-01 1.39023e-01 |
   3340 | 6.36619e+01 1.90610e-02 | 1.25056e-02 1.07758e-01 1.39023e-01 |
   3341 | 6.36810e+01 1.90610e-02 | 1.25056e-02 1.07758e-01 1.39023e-01 |
   3342 | 6.37000e+01 1.90611e-02 | 1.25056e-02 1.07758e-01 1.39023e-01 |
   3343 | 6.37191e+01 1.90611e-02 | 1.25056e-02 1.07758e-01 1.39023e-01 |
   3344 | 6.37381e+01 1.90612e-02 | 1.25056e-02 1.07758e-01 1.39023e-01 |
   3345 | 6.37572e+01 1.90612e-02 | 1.25056e-02 1.07758e-01 1.39023e-01 |
   3346 | 6.37763e+01 1.90612e-02 | 1.25056e-02 1.07758e-01 1.39023e-01 |
   3347 | 6.37953e+01 1.90611e-02 | 1.25056e-02 1.07758e-01 1.39023e-01 |
   3348 | 6.38144e+01 1.90610e-02 | 1.25056e-02 1.07758e-01 1.39023e-01 |
   3349 | 6.38335e+01 1.90609e-02 | 1.25056e-02 1.07758e-01 1.39023e-01 |
   3350 | 6.38525e+01 1.90608e-02 | 1.25056e-02 1.07758e-01 1.39023e-01 |
   3351 | 6.38716e+01 1.90608e-02 | 1.25056e-02 1.07758e-01 1.39023e-01 |
   3352 | 6.38906e+01 1.90607e-02 | 1.25056e-02 1.07758e-01 1.39023e-01 |
   3353 | 6.39097e+01 1.90606e-02 | 1.25056e-02 1.07758e-01 1.39023e-01 |
   3354 | 6.39288e+01 1.90606e-02 | 1.25056e-02 1.07758e-01 1.39023e-01 |
   3355 | 6.39478e+01 1.90605e-02 | 1.25056e-02 1.07758e-01 1.39023e-01 |
   3356 | 6.39669e+01 1.90605e-02 | 1.25056e-02 1.07757e-01 1.39023e-01 |
   3357 | 6.39859e+01 1.90604e-02 | 1.25056e-02 1.07757e-01 1.39023e-01 |
   3358 | 6.40050e+01 1.90604e-02 | 1.25056e-02 1.07757e-01 1.39023e-01 |
   3359 | 6.40241e+01 1.90604e-02 | 1.25056e-02 1.07757e-01 1.39023e-01 |
   3360 | 6.40431e+01 1.90604e-02 | 1.25056e-02 1.07757e-01 1.39023e-01 |
   3361 | 6.40622e+01 1.90603e-02 | 1.25056e-02 1.07757e-01 1.39023e-01 |
   3362 | 6.40812e+01 1.90603e-02 | 1.25056e-02 1.07757e-01 1.39023e-01 |
   3363 | 6.41003e+01 1.90603e-02 | 1.25056e-02 1.07757e-01 1.39023e-01 |
   3364 | 6.41194e+01 1.90603e-02 | 1.25056e-02 1.07757e-01 1.39023e-01 |
   3365 | 6.41384e+01 1.90603e-02 | 1.25056e-02 1.07757e-01 1.39023e-01 |
   3366 | 6.41575e+01 1.90603e-02 | 1.25056e-02 1.07757e-01 1.39023e-01 |
   3367 | 6.41765e+01 1.90603e-02 | 1.25056e-02 1.07757e-01 1.39023e-01 |
   3368 | 6.41956e+01 1.90603e-02 | 1.25056e-02 1.07757e-01 1.39023e-01 |
   3369 | 6.42147e+01 1.90604e-02 | 1.25056e-02 1.07757e-01 1.39023e-01 |
   3370 | 6.42337e+01 1.90604e-02 | 1.25056e-02 1.07757e-01 1.39023e-01 |
   3371 | 6.42528e+01 1.90604e-02 | 1.25056e-02 1.07757e-01 1.39023e-01 |
   3372 | 6.42718e+01 1.90605e-02 | 1.25056e-02 1.07757e-01 1.39023e-01 |
   3373 | 6.42909e+01 1.90605e-02 | 1.25056e-02 1.07757e-01 1.39023e-01 |
   3374 | 6.43100e+01 1.90606e-02 | 1.25056e-02 1.07757e-01 1.39023e-01 |
   3375 | 6.43290e+01 1.90606e-02 | 1.25056e-02 1.07757e-01 1.39023e-01 |
   3376 | 6.43481e+01 1.90605e-02 | 1.25056e-02 1.07757e-01 1.39023e-01 |
   3377 | 6.43671e+01 1.90605e-02 | 1.25056e-02 1.07757e-01 1.39023e-01 |
   3378 | 6.43862e+01 1.90604e-02 | 1.25056e-02 1.07757e-01 1.39023e-01 |
   3379 | 6.44053e+01 1.90604e-02 | 1.25056e-02 1.07757e-01 1.39023e-01 |
   3380 | 6.44243e+01 1.90603e-02 | 1.25056e-02 1.07757e-01 1.39023e-01 |
   3381 | 6.44434e+01 1.90603e-02 | 1.25056e-02 1.07757e-01 1.39023e-01 |
   3382 | 6.44624e+01 1.90603e-02 | 1.25056e-02 1.07757e-01 1.39023e-01 |
   3383 | 6.44815e+01 1.90602e-02 | 1.25056e-02 1.07757e-01 1.39023e-01 |
   3384 | 6.45006e+01 1.90602e-02 | 1.25056e-02 1.07757e-01 1.39023e-01 |
   3385 | 6.45196e+01 1.90602e-02 | 1.25056e-02 1.07757e-01 1.39023e-01 |
   3386 | 6.45387e+01 1.90602e-02 | 1.25056e-02 1.07757e-01 1.39023e-01 |
   3387 | 6.45577e+01 1.90602e-02 | 1.25056e-02 1.07757e-01 1.39023e-01 |
   3388 | 6.45768e+01 1.90602e-02 | 1.25056e-02 1.07757e-01 1.39023e-01 |
   3389 | 6.45959e+01 1.90602e-02 | 1.25056e-02 1.07757e-01 1.39023e-01 |
   3390 | 6.46149e+01 1.90602e-02 | 1.25056e-02 1.07757e-01 1.39023e-01 |
   3391 | 6.46340e+01 1.90602e-02 | 1.25056e-02 1.07757e-01 1.39023e-01 |
   3392 | 6.46530e+01 1.90603e-02 | 1.25056e-02 1.07757e-01 1.39023e-01 |
   3393 | 6.46721e+01 1.90603e-02 | 1.25056e-02 1.07757e-01 1.39023e-01 |
   3394 | 6.46912e+01 1.90603e-02 | 1.25056e-02 1.07757e-01 1.39023e-01 |
   3395 | 6.47102e+01 1.90604e-02 | 1.25056e-02 1.07757e-01 1.39022e-01 |
   3396 | 6.47293e+01 1.90604e-02 | 1.25056e-02 1.07757e-01 1.39022e-01 |
   3397 | 6.47484e+01 1.90605e-02 | 1.25056e-02 1.07757e-01 1.39022e-01 |
   3398 | 6.47674e+01 1.90605e-02 | 1.25056e-02 1.07757e-01 1.39022e-01 |
   3399 | 6.47865e+01 1.90605e-02 | 1.25056e-02 1.07757e-01 1.39022e-01 |
   3400 | 6.48055e+01 1.90605e-02 | 1.25056e-02 1.07757e-01 1.39022e-01 |
   3401 | 6.48246e+01 1.90605e-02 | 1.25056e-02 1.07757e-01 1.39022e-01 |
   3402 | 6.48437e+01 1.90604e-02 | 1.25056e-02 1.07757e-01 1.39022e-01 |
   3403 | 6.48627e+01 1.90604e-02 | 1.25056e-02 1.07757e-01 1.39022e-01 |
   3404 | 6.48818e+01 1.90604e-02 | 1.25056e-02 1.07757e-01 1.39022e-01 |
   3405 | 6.49008e+01 1.90604e-02 | 1.25056e-02 1.07757e-01 1.39022e-01 |
   3406 | 6.49199e+01 1.90604e-02 | 1.25056e-02 1.07757e-01 1.39022e-01 |
   3407 | 6.49390e+01 1.90604e-02 | 1.25056e-02 1.07757e-01 1.39022e-01 |
   3408 | 6.49580e+01 1.90604e-02 | 1.25056e-02 1.07757e-01 1.39022e-01 |
   3409 | 6.49771e+01 1.90604e-02 | 1.25056e-02 1.07757e-01 1.39022e-01 |
   3410 | 6.49961e+01 1.90604e-02 | 1.25056e-02 1.07757e-01 1.39022e-01 |
   3411 | 6.50152e+01 1.90605e-02 | 1.25056e-02 1.07757e-01 1.39022e-01 |
   3412 | 6.50343e+01 1.90605e-02 | 1.25056e-02 1.07757e-01 1.39022e-01 |
   3413 | 6.50533e+01 1.90605e-02 | 1.25056e-02 1.07757e-01 1.39022e-01 |
   3414 | 6.50724e+01 1.90606e-02 | 1.25056e-02 1.07757e-01 1.39022e-01 |
   3415 | 6.50914e+01 1.90606e-02 | 1.25056e-02 1.07757e-01 1.39022e-01 |
   3416 | 6.51105e+01 1.90607e-02 | 1.25056e-02 1.07757e-01 1.39022e-01 |
   3417 | 6.51296e+01 1.90607e-02 | 1.25056e-02 1.07757e-01 1.39022e-01 |
   3418 | 6.51486e+01 1.90608e-02 | 1.25056e-02 1.07757e-01 1.39022e-01 |
   3419 | 6.51677e+01 1.90609e-02 | 1.25056e-02 1.07757e-01 1.39022e-01 |
   3420 | 6.51867e+01 1.90608e-02 | 1.25056e-02 1.07757e-01 1.39022e-01 |
   3421 | 6.52058e+01 1.90608e-02 | 1.25056e-02 1.07757e-01 1.39022e-01 |
   3422 | 6.52249e+01 1.90607e-02 | 1.25056e-02 1.07757e-01 1.39022e-01 |
   3423 | 6.52439e+01 1.90607e-02 | 1.25056e-02 1.07757e-01 1.39022e-01 |
   3424 | 6.52630e+01 1.90607e-02 | 1.25056e-02 1.07757e-01 1.39022e-01 |
   3425 | 6.52820e+01 1.90606e-02 | 1.25056e-02 1.07757e-01 1.39022e-01 |
   3426 | 6.53011e+01 1.90606e-02 | 1.25056e-02 1.07757e-01 1.39022e-01 |
   3427 | 6.53202e+01 1.90606e-02 | 1.25056e-02 1.07757e-01 1.39022e-01 |
   3428 | 6.53392e+01 1.90606e-02 | 1.25056e-02 1.07756e-01 1.39022e-01 |
   3429 | 6.53583e+01 1.90606e-02 | 1.25056e-02 1.07756e-01 1.39022e-01 |
   3430 | 6.53773e+01 1.90606e-02 | 1.25056e-02 1.07756e-01 1.39022e-01 |
   3431 | 6.53964e+01 1.90606e-02 | 1.25055e-02 1.07756e-01 1.39022e-01 |
   3432 | 6.54155e+01 1.90606e-02 | 1.25055e-02 1.07756e-01 1.39022e-01 |
   3433 | 6.54345e+01 1.90607e-02 | 1.25055e-02 1.07756e-01 1.39022e-01 |
   3434 | 6.54536e+01 1.90607e-02 | 1.25055e-02 1.07756e-01 1.39022e-01 |
   3435 | 6.54727e+01 1.90607e-02 | 1.25055e-02 1.07756e-01 1.39022e-01 |
   3436 | 6.54917e+01 1.90606e-02 | 1.25055e-02 1.07756e-01 1.39022e-01 |
   3437 | 6.55108e+01 1.90606e-02 | 1.25055e-02 1.07756e-01 1.39022e-01 |
   3438 | 6.55298e+01 1.90606e-02 | 1.25055e-02 1.07756e-01 1.39022e-01 |
   3439 | 6.55489e+01 1.90606e-02 | 1.25055e-02 1.07756e-01 1.39022e-01 |
   3440 | 6.55680e+01 1.90606e-02 | 1.25055e-02 1.07756e-01 1.39022e-01 |
   3441 | 6.55870e+01 1.90606e-02 | 1.25055e-02 1.07756e-01 1.39022e-01 |
   3442 | 6.56061e+01 1.90606e-02 | 1.25055e-02 1.07756e-01 1.39022e-01 |
   3443 | 6.56251e+01 1.90607e-02 | 1.25055e-02 1.07756e-01 1.39022e-01 |
   3444 | 6.56442e+01 1.90607e-02 | 1.25055e-02 1.07756e-01 1.39022e-01 |
   3445 | 6.56633e+01 1.90607e-02 | 1.25055e-02 1.07756e-01 1.39022e-01 |
   3446 | 6.56823e+01 1.90608e-02 | 1.25055e-02 1.07756e-01 1.39022e-01 |
   3447 | 6.57014e+01 1.90608e-02 | 1.25055e-02 1.07756e-01 1.39022e-01 |
   3448 | 6.57204e+01 1.90608e-02 | 1.25055e-02 1.07756e-01 1.39022e-01 |
   3449 | 6.57395e+01 1.90608e-02 | 1.25055e-02 1.07756e-01 1.39022e-01 |
   3450 | 6.57586e+01 1.90608e-02 | 1.25055e-02 1.07756e-01 1.39022e-01 |
   3451 | 6.57776e+01 1.90607e-02 | 1.25055e-02 1.07756e-01 1.39022e-01 |
   3452 | 6.57967e+01 1.90606e-02 | 1.25055e-02 1.07756e-01 1.39022e-01 |
   3453 | 6.58157e+01 1.90606e-02 | 1.25055e-02 1.07756e-01 1.39022e-01 |
   3454 | 6.58348e+01 1.90606e-02 | 1.25055e-02 1.07756e-01 1.39022e-01 |
   3455 | 6.58539e+01 1.90605e-02 | 1.25055e-02 1.07756e-01 1.39022e-01 |
   3456 | 6.58729e+01 1.90605e-02 | 1.25055e-02 1.07756e-01 1.39022e-01 |
   3457 | 6.58920e+01 1.90605e-02 | 1.25055e-02 1.07756e-01 1.39022e-01 |
   3458 | 6.59110e+01 1.90604e-02 | 1.25055e-02 1.07756e-01 1.39022e-01 |
   3459 | 6.59301e+01 1.90604e-02 | 1.25055e-02 1.07756e-01 1.39022e-01 |
   3460 | 6.59492e+01 1.90604e-02 | 1.25055e-02 1.07756e-01 1.39022e-01 |
   3461 | 6.59682e+01 1.90604e-02 | 1.25055e-02 1.07756e-01 1.39022e-01 |
   3462 | 6.59873e+01 1.90604e-02 | 1.25055e-02 1.07756e-01 1.39022e-01 |
   3463 | 6.60063e+01 1.90604e-02 | 1.25055e-02 1.07756e-01 1.39022e-01 |
   3464 | 6.60254e+01 1.90604e-02 | 1.25055e-02 1.07756e-01 1.39022e-01 |
   3465 | 6.60445e+01 1.90604e-02 | 1.25055e-02 1.07756e-01 1.39022e-01 |
   3466 | 6.60635e+01 1.90605e-02 | 1.25055e-02 1.07756e-01 1.39022e-01 |
   3467 | 6.60826e+01 1.90605e-02 | 1.25055e-02 1.07756e-01 1.39022e-01 |
   3468 | 6.61017e+01 1.90605e-02 | 1.25055e-02 1.07756e-01 1.39022e-01 |
   3469 | 6.61207e+01 1.90605e-02 | 1.25055e-02 1.07756e-01 1.39022e-01 |
   3470 | 6.61398e+01 1.90605e-02 | 1.25055e-02 1.07756e-01 1.39022e-01 |
   3471 | 6.61588e+01 1.90604e-02 | 1.25055e-02 1.07756e-01 1.39022e-01 |
   3472 | 6.61779e+01 1.90604e-02 | 1.25055e-02 1.07756e-01 1.39022e-01 |
   3473 | 6.61970e+01 1.90603e-02 | 1.25055e-02 1.07756e-01 1.39022e-01 |
   3474 | 6.62160e+01 1.90603e-02 | 1.25055e-02 1.07756e-01 1.39022e-01 |
   3475 | 6.62351e+01 1.90603e-02 | 1.25055e-02 1.07756e-01 1.39022e-01 |
   3476 | 6.62541e+01 1.90603e-02 | 1.25055e-02 1.07756e-01 1.39022e-01 |
   3477 | 6.62732e+01 1.90602e-02 | 1.25055e-02 1.07756e-01 1.39022e-01 |
   3478 | 6.62923e+01 1.90602e-02 | 1.25055e-02 1.07756e-01 1.39022e-01 |
   3479 | 6.63113e+01 1.90602e-02 | 1.25055e-02 1.07756e-01 1.39022e-01 |
   3480 | 6.63304e+01 1.90602e-02 | 1.25055e-02 1.07756e-01 1.39022e-01 |
   3481 | 6.63494e+01 1.90602e-02 | 1.25055e-02 1.07756e-01 1.39022e-01 |
   3482 | 6.63685e+01 1.90602e-02 | 1.25055e-02 1.07756e-01 1.39022e-01 |
   3483 | 6.63876e+01 1.90602e-02 | 1.25055e-02 1.07756e-01 1.39022e-01 |
   3484 | 6.64066e+01 1.90602e-02 | 1.25055e-02 1.07756e-01 1.39022e-01 |
   3485 | 6.64257e+01 1.90603e-02 | 1.25055e-02 1.07756e-01 1.39022e-01 |
   3486 | 6.64447e+01 1.90603e-02 | 1.25055e-02 1.07756e-01 1.39022e-01 |
   3487 | 6.64638e+01 1.90603e-02 | 1.25055e-02 1.07756e-01 1.39022e-01 |
   3488 | 6.64829e+01 1.90604e-02 | 1.25055e-02 1.07756e-01 1.39022e-01 |
   3489 | 6.65019e+01 1.90604e-02 | 1.25055e-02 1.07756e-01 1.39022e-01 |
   3490 | 6.65210e+01 1.90605e-02 | 1.25055e-02 1.07756e-01 1.39022e-01 |
   3491 | 6.65400e+01 1.90605e-02 | 1.25055e-02 1.07756e-01 1.39022e-01 |
   3492 | 6.65591e+01 1.90606e-02 | 1.25055e-02 1.07756e-01 1.39022e-01 |
   3493 | 6.65782e+01 1.90606e-02 | 1.25055e-02 1.07756e-01 1.39022e-01 |
   3494 | 6.65972e+01 1.90605e-02 | 1.25055e-02 1.07756e-01 1.39022e-01 |
   3495 | 6.66163e+01 1.90605e-02 | 1.25055e-02 1.07756e-01 1.39022e-01 |
   3496 | 6.66353e+01 1.90604e-02 | 1.25055e-02 1.07756e-01 1.39022e-01 |
   3497 | 6.66544e+01 1.90604e-02 | 1.25055e-02 1.07756e-01 1.39022e-01 |
   3498 | 6.66735e+01 1.90604e-02 | 1.25055e-02 1.07756e-01 1.39022e-01 |
   3499 | 6.66925e+01 1.90603e-02 | 1.25055e-02 1.07756e-01 1.39022e-01 |
   3500 | 6.67116e+01 1.90603e-02 | 1.25055e-02 1.07755e-01 1.39022e-01 |
   3501 | 6.67306e+01 1.90603e-02 | 1.25055e-02 1.07755e-01 1.39022e-01 |
   3502 | 6.67497e+01 1.90603e-02 | 1.25055e-02 1.07755e-01 1.39022e-01 |
   3503 | 6.67688e+01 1.90603e-02 | 1.25055e-02 1.07755e-01 1.39022e-01 |
   3504 | 6.67878e+01 1.90603e-02 | 1.25055e-02 1.07755e-01 1.39022e-01 |
   3505 | 6.68069e+01 1.90603e-02 | 1.25055e-02 1.07755e-01 1.39022e-01 |
   3506 | 6.68259e+01 1.90603e-02 | 1.25055e-02 1.07755e-01 1.39022e-01 |
   3507 | 6.68450e+01 1.90603e-02 | 1.25055e-02 1.07755e-01 1.39022e-01 |
   3508 | 6.68641e+01 1.90604e-02 | 1.25055e-02 1.07755e-01 1.39022e-01 |
   3509 | 6.68831e+01 1.90604e-02 | 1.25055e-02 1.07755e-01 1.39022e-01 |
   3510 | 6.69022e+01 1.90604e-02 | 1.25055e-02 1.07755e-01 1.39022e-01 |
   3511 | 6.69212e+01 1.90605e-02 | 1.25055e-02 1.07755e-01 1.39022e-01 |
   3512 | 6.69403e+01 1.90605e-02 | 1.25055e-02 1.07755e-01 1.39022e-01 |
   3513 | 6.69594e+01 1.90606e-02 | 1.25055e-02 1.07755e-01 1.39022e-01 |
   3514 | 6.69784e+01 1.90606e-02 | 1.25055e-02 1.07755e-01 1.39022e-01 |
   3515 | 6.69975e+01 1.90607e-02 | 1.25055e-02 1.07755e-01 1.39022e-01 |
   3516 | 6.70166e+01 1.90608e-02 | 1.25055e-02 1.07755e-01 1.39022e-01 |
   3517 | 6.70356e+01 1.90608e-02 | 1.25055e-02 1.07755e-01 1.39022e-01 |
   3518 | 6.70547e+01 1.90609e-02 | 1.25055e-02 1.07755e-01 1.39022e-01 |
   3519 | 6.70737e+01 1.90610e-02 | 1.25055e-02 1.07755e-01 1.39022e-01 |
   3520 | 6.70928e+01 1.90611e-02 | 1.25055e-02 1.07755e-01 1.39022e-01 |
   3521 | 6.71119e+01 1.90612e-02 | 1.25055e-02 1.07755e-01 1.39022e-01 |
   3522 | 6.71309e+01 1.90612e-02 | 1.25055e-02 1.07755e-01 1.39022e-01 |
   3523 | 6.71500e+01 1.90612e-02 | 1.25055e-02 1.07755e-01 1.39022e-01 |
   3524 | 6.71690e+01 1.90612e-02 | 1.25055e-02 1.07755e-01 1.39022e-01 |
   3525 | 6.71881e+01 1.90611e-02 | 1.25055e-02 1.07755e-01 1.39022e-01 |
   3526 | 6.72072e+01 1.90611e-02 | 1.25055e-02 1.07755e-01 1.39022e-01 |
   3527 | 6.72262e+01 1.90610e-02 | 1.25055e-02 1.07755e-01 1.39022e-01 |
   3528 | 6.72453e+01 1.90610e-02 | 1.25055e-02 1.07755e-01 1.39022e-01 |
   3529 | 6.72643e+01 1.90609e-02 | 1.25055e-02 1.07755e-01 1.39022e-01 |
   3530 | 6.72834e+01 1.90609e-02 | 1.25054e-02 1.07755e-01 1.39022e-01 |
   3531 | 6.73025e+01 1.90609e-02 | 1.25054e-02 1.07755e-01 1.39022e-01 |
   3532 | 6.73215e+01 1.90608e-02 | 1.25054e-02 1.07755e-01 1.39022e-01 |
   3533 | 6.73406e+01 1.90608e-02 | 1.25054e-02 1.07755e-01 1.39022e-01 |
   3534 | 6.73596e+01 1.90608e-02 | 1.25054e-02 1.07755e-01 1.39022e-01 |
   3535 | 6.73787e+01 1.90608e-02 | 1.25054e-02 1.07755e-01 1.39022e-01 |
   3536 | 6.73978e+01 1.90608e-02 | 1.25054e-02 1.07755e-01 1.39022e-01 |
   3537 | 6.74168e+01 1.90608e-02 | 1.25054e-02 1.07755e-01 1.39022e-01 |
   3538 | 6.74359e+01 1.90608e-02 | 1.25054e-02 1.07755e-01 1.39022e-01 |
   3539 | 6.74550e+01 1.90608e-02 | 1.25054e-02 1.07755e-01 1.39022e-01 |
   3540 | 6.74740e+01 1.90608e-02 | 1.25054e-02 1.07755e-01 1.39022e-01 |
   3541 | 6.74931e+01 1.90607e-02 | 1.25054e-02 1.07755e-01 1.39022e-01 |
   3542 | 6.75121e+01 1.90606e-02 | 1.25054e-02 1.07755e-01 1.39022e-01 |
   3543 | 6.75312e+01 1.90606e-02 | 1.25054e-02 1.07755e-01 1.39022e-01 |
   3544 | 6.75503e+01 1.90605e-02 | 1.25054e-02 1.07755e-01 1.39022e-01 |
   3545 | 6.75693e+01 1.90604e-02 | 1.25054e-02 1.07755e-01 1.39022e-01 |
   3546 | 6.75884e+01 1.90604e-02 | 1.25054e-02 1.07755e-01 1.39022e-01 |
   3547 | 6.76074e+01 1.90603e-02 | 1.25054e-02 1.07755e-01 1.39022e-01 |
   3548 | 6.76265e+01 1.90603e-02 | 1.25054e-02 1.07755e-01 1.39022e-01 |
   3549 | 6.76456e+01 1.90603e-02 | 1.25054e-02 1.07755e-01 1.39022e-01 |
   3550 | 6.76646e+01 1.90603e-02 | 1.25054e-02 1.07755e-01 1.39022e-01 |
   3551 | 6.76837e+01 1.90602e-02 | 1.25054e-02 1.07755e-01 1.39022e-01 |
   3552 | 6.77027e+01 1.90602e-02 | 1.25054e-02 1.07755e-01 1.39022e-01 |
   3553 | 6.77218e+01 1.90602e-02 | 1.25054e-02 1.07755e-01 1.39022e-01 |
   3554 | 6.77409e+01 1.90602e-02 | 1.25054e-02 1.07755e-01 1.39022e-01 |
   3555 | 6.77599e+01 1.90602e-02 | 1.25054e-02 1.07755e-01 1.39022e-01 |
   3556 | 6.77790e+01 1.90602e-02 | 1.25054e-02 1.07755e-01 1.39022e-01 |
   3557 | 6.77980e+01 1.90602e-02 | 1.25054e-02 1.07755e-01 1.39022e-01 |
   3558 | 6.78171e+01 1.90602e-02 | 1.25054e-02 1.07755e-01 1.39022e-01 |
   3559 | 6.78362e+01 1.90602e-02 | 1.25054e-02 1.07755e-01 1.39022e-01 |
   3560 | 6.78552e+01 1.90603e-02 | 1.25054e-02 1.07755e-01 1.39022e-01 |
   3561 | 6.78743e+01 1.90603e-02 | 1.25054e-02 1.07755e-01 1.39022e-01 |
   3562 | 6.78933e+01 1.90603e-02 | 1.25054e-02 1.07755e-01 1.39022e-01 |
   3563 | 6.79124e+01 1.90604e-02 | 1.25054e-02 1.07755e-01 1.39022e-01 |
   3564 | 6.79315e+01 1.90604e-02 | 1.25054e-02 1.07755e-01 1.39022e-01 |
   3565 | 6.79505e+01 1.90605e-02 | 1.25054e-02 1.07755e-01 1.39022e-01 |
   3566 | 6.79696e+01 1.90605e-02 | 1.25054e-02 1.07755e-01 1.39022e-01 |
   3567 | 6.79886e+01 1.90605e-02 | 1.25054e-02 1.07755e-01 1.39022e-01 |
   3568 | 6.80077e+01 1.90604e-02 | 1.25054e-02 1.07755e-01 1.39022e-01 |
   3569 | 6.80268e+01 1.90604e-02 | 1.25054e-02 1.07755e-01 1.39022e-01 |
   3570 | 6.80458e+01 1.90603e-02 | 1.25054e-02 1.07755e-01 1.39022e-01 |
   3571 | 6.80649e+01 1.90603e-02 | 1.25054e-02 1.07755e-01 1.39022e-01 |
   3572 | 6.80839e+01 1.90603e-02 | 1.25054e-02 1.07754e-01 1.39022e-01 |
   3573 | 6.81030e+01 1.90602e-02 | 1.25054e-02 1.07754e-01 1.39022e-01 |
   3574 | 6.81221e+01 1.90602e-02 | 1.25054e-02 1.07754e-01 1.39022e-01 |
   3575 | 6.81411e+01 1.90602e-02 | 1.25054e-02 1.07754e-01 1.39022e-01 |
   3576 | 6.81602e+01 1.90602e-02 | 1.25054e-02 1.07754e-01 1.39022e-01 |
   3577 | 6.81792e+01 1.90602e-02 | 1.25054e-02 1.07754e-01 1.39022e-01 |
   3578 | 6.81983e+01 1.90602e-02 | 1.25054e-02 1.07754e-01 1.39022e-01 |
   3579 | 6.82174e+01 1.90602e-02 | 1.25054e-02 1.07754e-01 1.39022e-01 |
   3580 | 6.82364e+01 1.90602e-02 | 1.25054e-02 1.07754e-01 1.39022e-01 |
   3581 | 6.82555e+01 1.90602e-02 | 1.25054e-02 1.07754e-01 1.39022e-01 |
   3582 | 6.82745e+01 1.90602e-02 | 1.25054e-02 1.07754e-01 1.39022e-01 |
   3583 | 6.82936e+01 1.90603e-02 | 1.25054e-02 1.07754e-01 1.39022e-01 |
   3584 | 6.83127e+01 1.90603e-02 | 1.25054e-02 1.07754e-01 1.39022e-01 |
   3585 | 6.83317e+01 1.90603e-02 | 1.25054e-02 1.07754e-01 1.39022e-01 |
   3586 | 6.83508e+01 1.90604e-02 | 1.25054e-02 1.07754e-01 1.39022e-01 |
   3587 | 6.83698e+01 1.90604e-02 | 1.25054e-02 1.07754e-01 1.39022e-01 |
   3588 | 6.83889e+01 1.90605e-02 | 1.25054e-02 1.07754e-01 1.39022e-01 |
   3589 | 6.84080e+01 1.90605e-02 | 1.25054e-02 1.07754e-01 1.39022e-01 |
   3590 | 6.84270e+01 1.90606e-02 | 1.25054e-02 1.07754e-01 1.39022e-01 |
   3591 | 6.84461e+01 1.90607e-02 | 1.25054e-02 1.07754e-01 1.39022e-01 |
   3592 | 6.84652e+01 1.90607e-02 | 1.25054e-02 1.07754e-01 1.39022e-01 |
   3593 | 6.84842e+01 1.90607e-02 | 1.25054e-02 1.07754e-01 1.39022e-01 |
   3594 | 6.85033e+01 1.90607e-02 | 1.25054e-02 1.07754e-01 1.39022e-01 |
   3595 | 6.85223e+01 1.90607e-02 | 1.25054e-02 1.07754e-01 1.39022e-01 |
   3596 | 6.85414e+01 1.90607e-02 | 1.25054e-02 1.07754e-01 1.39022e-01 |
   3597 | 6.85605e+01 1.90607e-02 | 1.25054e-02 1.07754e-01 1.39022e-01 |
   3598 | 6.85795e+01 1.90607e-02 | 1.25054e-02 1.07754e-01 1.39022e-01 |
   3599 | 6.85986e+01 1.90607e-02 | 1.25054e-02 1.07754e-01 1.39022e-01 |
   3600 | 6.86176e+01 1.90607e-02 | 1.25054e-02 1.07754e-01 1.39022e-01 |
   3601 | 6.86367e+01 1.90607e-02 | 1.25054e-02 1.07754e-01 1.39022e-01 |
   3602 | 6.86558e+01 1.90608e-02 | 1.25054e-02 1.07754e-01 1.39022e-01 |
   3603 | 6.86748e+01 1.90608e-02 | 1.25054e-02 1.07754e-01 1.39022e-01 |
   3604 | 6.86939e+01 1.90608e-02 | 1.25054e-02 1.07754e-01 1.39022e-01 |
   3605 | 6.87129e+01 1.90609e-02 | 1.25054e-02 1.07754e-01 1.39022e-01 |
   3606 | 6.87320e+01 1.90609e-02 | 1.25054e-02 1.07754e-01 1.39022e-01 |
   3607 | 6.87511e+01 1.90610e-02 | 1.25054e-02 1.07754e-01 1.39022e-01 |
   3608 | 6.87701e+01 1.90610e-02 | 1.25054e-02 1.07754e-01 1.39022e-01 |
   3609 | 6.87892e+01 1.90611e-02 | 1.25054e-02 1.07754e-01 1.39022e-01 |
   3610 | 6.88082e+01 1.90612e-02 | 1.25054e-02 1.07754e-01 1.39022e-01 |
   3611 | 6.88273e+01 1.90611e-02 | 1.25054e-02 1.07754e-01 1.39022e-01 |
   3612 | 6.88464e+01 1.90611e-02 | 1.25054e-02 1.07754e-01 1.39022e-01 |
   3613 | 6.88654e+01 1.90610e-02 | 1.25053e-02 1.07754e-01 1.39022e-01 |
   3614 | 6.88845e+01 1.90610e-02 | 1.25053e-02 1.07754e-01 1.39022e-01 |
   3615 | 6.89036e+01 1.90609e-02 | 1.25053e-02 1.07754e-01 1.39022e-01 |
   3616 | 6.89226e+01 1.90608e-02 | 1.25053e-02 1.07754e-01 1.39022e-01 |
   3617 | 6.89417e+01 1.90607e-02 | 1.25053e-02 1.07754e-01 1.39022e-01 |
   3618 | 6.89607e+01 1.90607e-02 | 1.25053e-02 1.07754e-01 1.39022e-01 |
   3619 | 6.89798e+01 1.90606e-02 | 1.25053e-02 1.07754e-01 1.39022e-01 |
   3620 | 6.89989e+01 1.90606e-02 | 1.25053e-02 1.07754e-01 1.39022e-01 |
   3621 | 6.90179e+01 1.90605e-02 | 1.25053e-02 1.07754e-01 1.39022e-01 |
   3622 | 6.90370e+01 1.90605e-02 | 1.25053e-02 1.07754e-01 1.39022e-01 |
   3623 | 6.90560e+01 1.90605e-02 | 1.25053e-02 1.07754e-01 1.39022e-01 |
   3624 | 6.90751e+01 1.90604e-02 | 1.25053e-02 1.07754e-01 1.39022e-01 |
   3625 | 6.90942e+01 1.90604e-02 | 1.25053e-02 1.07754e-01 1.39022e-01 |
   3626 | 6.91132e+01 1.90604e-02 | 1.25053e-02 1.07754e-01 1.39022e-01 |
   3627 | 6.91323e+01 1.90604e-02 | 1.25053e-02 1.07754e-01 1.39022e-01 |
   3628 | 6.91513e+01 1.90604e-02 | 1.25053e-02 1.07754e-01 1.39022e-01 |
   3629 | 6.91704e+01 1.90604e-02 | 1.25053e-02 1.07754e-01 1.39022e-01 |
   3630 | 6.91895e+01 1.90604e-02 | 1.25053e-02 1.07754e-01 1.39022e-01 |
   3631 | 6.92085e+01 1.90604e-02 | 1.25053e-02 1.07754e-01 1.39022e-01 |
   3632 | 6.92276e+01 1.90604e-02 | 1.25053e-02 1.07754e-01 1.39022e-01 |
   3633 | 6.92466e+01 1.90604e-02 | 1.25053e-02 1.07754e-01 1.39022e-01 |
   3634 | 6.92657e+01 1.90604e-02 | 1.25053e-02 1.07754e-01 1.39022e-01 |
   3635 | 6.92848e+01 1.90605e-02 | 1.25053e-02 1.07754e-01 1.39022e-01 |
   3636 | 6.93038e+01 1.90605e-02 | 1.25053e-02 1.07754e-01 1.39022e-01 |
   3637 | 6.93229e+01 1.90605e-02 | 1.25053e-02 1.07754e-01 1.39022e-01 |
   3638 | 6.93419e+01 1.90606e-02 | 1.25053e-02 1.07754e-01 1.39022e-01 |
   3639 | 6.93610e+01 1.90606e-02 | 1.25053e-02 1.07754e-01 1.39022e-01 |
   3640 | 6.93801e+01 1.90606e-02 | 1.25053e-02 1.07754e-01 1.39022e-01 |
   3641 | 6.93991e+01 1.90605e-02 | 1.25053e-02 1.07754e-01 1.39022e-01 |
   3642 | 6.94182e+01 1.90605e-02 | 1.25053e-02 1.07754e-01 1.39022e-01 |
   3643 | 6.94372e+01 1.90604e-02 | 1.25053e-02 1.07753e-01 1.39022e-01 |
   3644 | 6.94563e+01 1.90604e-02 | 1.25053e-02 1.07753e-01 1.39022e-01 |
   3645 | 6.94754e+01 1.90604e-02 | 1.25053e-02 1.07753e-01 1.39022e-01 |
   3646 | 6.94944e+01 1.90603e-02 | 1.25053e-02 1.07753e-01 1.39022e-01 |
   3647 | 6.95135e+01 1.90603e-02 | 1.25053e-02 1.07753e-01 1.39022e-01 |
   3648 | 6.95325e+01 1.90603e-02 | 1.25053e-02 1.07753e-01 1.39022e-01 |
   3649 | 6.95516e+01 1.90603e-02 | 1.25053e-02 1.07753e-01 1.39022e-01 |
   3650 | 6.95707e+01 1.90603e-02 | 1.25053e-02 1.07753e-01 1.39022e-01 |
   3651 | 6.95897e+01 1.90602e-02 | 1.25053e-02 1.07753e-01 1.39022e-01 |
   3652 | 6.96088e+01 1.90602e-02 | 1.25053e-02 1.07753e-01 1.39022e-01 |
   3653 | 6.96278e+01 1.90602e-02 | 1.25053e-02 1.07753e-01 1.39022e-01 |
   3654 | 6.96469e+01 1.90603e-02 | 1.25053e-02 1.07753e-01 1.39022e-01 |
   3655 | 6.96660e+01 1.90603e-02 | 1.25053e-02 1.07753e-01 1.39022e-01 |
   3656 | 6.96850e+01 1.90603e-02 | 1.25053e-02 1.07753e-01 1.39022e-01 |
   3657 | 6.97041e+01 1.90603e-02 | 1.25053e-02 1.07753e-01 1.39022e-01 |
   3658 | 6.97231e+01 1.90604e-02 | 1.25053e-02 1.07753e-01 1.39022e-01 |
   3659 | 6.97422e+01 1.90604e-02 | 1.25053e-02 1.07753e-01 1.39022e-01 |
   3660 | 6.97613e+01 1.90604e-02 | 1.25053e-02 1.07753e-01 1.39022e-01 |
   3661 | 6.97803e+01 1.90605e-02 | 1.25053e-02 1.07753e-01 1.39022e-01 |
   3662 | 6.97994e+01 1.90605e-02 | 1.25053e-02 1.07753e-01 1.39022e-01 |
   3663 | 6.98185e+01 1.90605e-02 | 1.25053e-02 1.07753e-01 1.39022e-01 |
   3664 | 6.98375e+01 1.90605e-02 | 1.25053e-02 1.07753e-01 1.39022e-01 |
   3665 | 6.98566e+01 1.90604e-02 | 1.25053e-02 1.07753e-01 1.39022e-01 |
   3666 | 6.98756e+01 1.90604e-02 | 1.25053e-02 1.07753e-01 1.39022e-01 |
   3667 | 6.98947e+01 1.90604e-02 | 1.25053e-02 1.07753e-01 1.39022e-01 |
   3668 | 6.99138e+01 1.90604e-02 | 1.25053e-02 1.07753e-01 1.39022e-01 |
   3669 | 6.99328e+01 1.90603e-02 | 1.25053e-02 1.07753e-01 1.39022e-01 |
   3670 | 6.99519e+01 1.90603e-02 | 1.25053e-02 1.07753e-01 1.39022e-01 |
   3671 | 6.99709e+01 1.90603e-02 | 1.25053e-02 1.07753e-01 1.39022e-01 |
   3672 | 6.99900e+01 1.90603e-02 | 1.25053e-02 1.07753e-01 1.39022e-01 |
   3673 | 7.00091e+01 1.90604e-02 | 1.25053e-02 1.07753e-01 1.39022e-01 |
   3674 | 7.00281e+01 1.90604e-02 | 1.25053e-02 1.07753e-01 1.39022e-01 |
   3675 | 7.00472e+01 1.90604e-02 | 1.25053e-02 1.07753e-01 1.39022e-01 |
   3676 | 7.00662e+01 1.90604e-02 | 1.25053e-02 1.07753e-01 1.39022e-01 |
   3677 | 7.00853e+01 1.90604e-02 | 1.25053e-02 1.07753e-01 1.39022e-01 |
   3678 | 7.01044e+01 1.90605e-02 | 1.25053e-02 1.07753e-01 1.39022e-01 |
   3679 | 7.01234e+01 1.90605e-02 | 1.25053e-02 1.07753e-01 1.39022e-01 |
   3680 | 7.01425e+01 1.90606e-02 | 1.25053e-02 1.07753e-01 1.39022e-01 |
   3681 | 7.01615e+01 1.90606e-02 | 1.25053e-02 1.07753e-01 1.39022e-01 |
   3682 | 7.01806e+01 1.90607e-02 | 1.25053e-02 1.07753e-01 1.39022e-01 |
   3683 | 7.01997e+01 1.90607e-02 | 1.25053e-02 1.07753e-01 1.39022e-01 |
   3684 | 7.02187e+01 1.90607e-02 | 1.25053e-02 1.07753e-01 1.39022e-01 |
   3685 | 7.02378e+01 1.90607e-02 | 1.25053e-02 1.07753e-01 1.39022e-01 |
   3686 | 7.02568e+01 1.90606e-02 | 1.25053e-02 1.07753e-01 1.39022e-01 |
   3687 | 7.02759e+01 1.90606e-02 | 1.25053e-02 1.07753e-01 1.39022e-01 |
   3688 | 7.02950e+01 1.90606e-02 | 1.25053e-02 1.07753e-01 1.39022e-01 |
   3689 | 7.03140e+01 1.90606e-02 | 1.25053e-02 1.07753e-01 1.39022e-01 |
   3690 | 7.03331e+01 1.90605e-02 | 1.25052e-02 1.07753e-01 1.39022e-01 |
   3691 | 7.03521e+01 1.90605e-02 | 1.25052e-02 1.07753e-01 1.39022e-01 |
   3692 | 7.03712e+01 1.90605e-02 | 1.25052e-02 1.07753e-01 1.39022e-01 |
   3693 | 7.03903e+01 1.90605e-02 | 1.25052e-02 1.07753e-01 1.39022e-01 |
   3694 | 7.04093e+01 1.90605e-02 | 1.25052e-02 1.07753e-01 1.39022e-01 |
   3695 | 7.04284e+01 1.90605e-02 | 1.25052e-02 1.07753e-01 1.39022e-01 |
   3696 | 7.04474e+01 1.90605e-02 | 1.25052e-02 1.07753e-01 1.39022e-01 |
   3697 | 7.04665e+01 1.90605e-02 | 1.25052e-02 1.07753e-01 1.39022e-01 |
   3698 | 7.04856e+01 1.90606e-02 | 1.25052e-02 1.07753e-01 1.39022e-01 |
   3699 | 7.05046e+01 1.90606e-02 | 1.25052e-02 1.07753e-01 1.39022e-01 |
   3700 | 7.05237e+01 1.90606e-02 | 1.25052e-02 1.07753e-01 1.39022e-01 |
   3701 | 7.05428e+01 1.90607e-02 | 1.25052e-02 1.07753e-01 1.39022e-01 |
   3702 | 7.05618e+01 1.90607e-02 | 1.25052e-02 1.07753e-01 1.39022e-01 |
   3703 | 7.05809e+01 1.90607e-02 | 1.25052e-02 1.07753e-01 1.39022e-01 |
   3704 | 7.05999e+01 1.90607e-02 | 1.25052e-02 1.07753e-01 1.39022e-01 |
   3705 | 7.06190e+01 1.90607e-02 | 1.25052e-02 1.07753e-01 1.39022e-01 |
   3706 | 7.06381e+01 1.90608e-02 | 1.25052e-02 1.07753e-01 1.39022e-01 |
   3707 | 7.06571e+01 1.90608e-02 | 1.25052e-02 1.07753e-01 1.39022e-01 |
   3708 | 7.06762e+01 1.90608e-02 | 1.25052e-02 1.07753e-01 1.39022e-01 |
   3709 | 7.06952e+01 1.90608e-02 | 1.25052e-02 1.07753e-01 1.39022e-01 |
   3710 | 7.07143e+01 1.90608e-02 | 1.25052e-02 1.07753e-01 1.39022e-01 |
   3711 | 7.07334e+01 1.90609e-02 | 1.25052e-02 1.07753e-01 1.39022e-01 |
   3712 | 7.07524e+01 1.90609e-02 | 1.25052e-02 1.07753e-01 1.39022e-01 |
   3713 | 7.07715e+01 1.90609e-02 | 1.25052e-02 1.07753e-01 1.39022e-01 |
   3714 | 7.07905e+01 1.90609e-02 | 1.25052e-02 1.07753e-01 1.39022e-01 |
   3715 | 7.08096e+01 1.90608e-02 | 1.25052e-02 1.07752e-01 1.39022e-01 |
   3716 | 7.08287e+01 1.90608e-02 | 1.25052e-02 1.07752e-01 1.39022e-01 |
   3717 | 7.08477e+01 1.90607e-02 | 1.25052e-02 1.07752e-01 1.39022e-01 |
   3718 | 7.08668e+01 1.90607e-02 | 1.25052e-02 1.07752e-01 1.39022e-01 |
   3719 | 7.08858e+01 1.90606e-02 | 1.25052e-02 1.07752e-01 1.39022e-01 |
   3720 | 7.09049e+01 1.90606e-02 | 1.25052e-02 1.07752e-01 1.39022e-01 |
   3721 | 7.09240e+01 1.90606e-02 | 1.25052e-02 1.07752e-01 1.39022e-01 |
   3722 | 7.09430e+01 1.90605e-02 | 1.25052e-02 1.07752e-01 1.39022e-01 |
   3723 | 7.09621e+01 1.90605e-02 | 1.25052e-02 1.07752e-01 1.39022e-01 |
   3724 | 7.09811e+01 1.90605e-02 | 1.25052e-02 1.07752e-01 1.39022e-01 |
   3725 | 7.10002e+01 1.90605e-02 | 1.25052e-02 1.07752e-01 1.39022e-01 |
   3726 | 7.10193e+01 1.90605e-02 | 1.25052e-02 1.07752e-01 1.39022e-01 |
   3727 | 7.10383e+01 1.90605e-02 | 1.25052e-02 1.07752e-01 1.39022e-01 |
   3728 | 7.10574e+01 1.90605e-02 | 1.25052e-02 1.07752e-01 1.39022e-01 |
   3729 | 7.10764e+01 1.90605e-02 | 1.25052e-02 1.07752e-01 1.39022e-01 |
   3730 | 7.10955e+01 1.90605e-02 | 1.25052e-02 1.07752e-01 1.39022e-01 |
   3731 | 7.11146e+01 1.90606e-02 | 1.25052e-02 1.07752e-01 1.39022e-01 |
   3732 | 7.11336e+01 1.90606e-02 | 1.25052e-02 1.07752e-01 1.39022e-01 |
   3733 | 7.11527e+01 1.90606e-02 | 1.25052e-02 1.07752e-01 1.39022e-01 |
   3734 | 7.11718e+01 1.90605e-02 | 1.25052e-02 1.07752e-01 1.39022e-01 |
   3735 | 7.11908e+01 1.90604e-02 | 1.25052e-02 1.07752e-01 1.39022e-01 |
   3736 | 7.12099e+01 1.90604e-02 | 1.25052e-02 1.07752e-01 1.39022e-01 |
   3737 | 7.12289e+01 1.90604e-02 | 1.25052e-02 1.07752e-01 1.39022e-01 |
   3738 | 7.12480e+01 1.90603e-02 | 1.25052e-02 1.07752e-01 1.39022e-01 |
   3739 | 7.12671e+01 1.90603e-02 | 1.25052e-02 1.07752e-01 1.39022e-01 |
   3740 | 7.12861e+01 1.90603e-02 | 1.25052e-02 1.07752e-01 1.39022e-01 |
   3741 | 7.13052e+01 1.90602e-02 | 1.25052e-02 1.07752e-01 1.39022e-01 |
   3742 | 7.13242e+01 1.90602e-02 | 1.25052e-02 1.07752e-01 1.39022e-01 |
   3743 | 7.13433e+01 1.90602e-02 | 1.25052e-02 1.07752e-01 1.39022e-01 |
   3744 | 7.13624e+01 1.90602e-02 | 1.25052e-02 1.07752e-01 1.39022e-01 |
   3745 | 7.13814e+01 1.90602e-02 | 1.25052e-02 1.07752e-01 1.39022e-01 |
   3746 | 7.14005e+01 1.90602e-02 | 1.25052e-02 1.07752e-01 1.39022e-01 |
   3747 | 7.14195e+01 1.90602e-02 | 1.25052e-02 1.07752e-01 1.39022e-01 |
   3748 | 7.14386e+01 1.90602e-02 | 1.25052e-02 1.07752e-01 1.39022e-01 |
   3749 | 7.14577e+01 1.90602e-02 | 1.25052e-02 1.07752e-01 1.39022e-01 |
   3750 | 7.14767e+01 1.90603e-02 | 1.25052e-02 1.07752e-01 1.39022e-01 |
   3751 | 7.14958e+01 1.90603e-02 | 1.25052e-02 1.07752e-01 1.39022e-01 |
   3752 | 7.15148e+01 1.90603e-02 | 1.25052e-02 1.07752e-01 1.39022e-01 |
   3753 | 7.15339e+01 1.90604e-02 | 1.25052e-02 1.07752e-01 1.39022e-01 |
   3754 | 7.15530e+01 1.90604e-02 | 1.25052e-02 1.07752e-01 1.39022e-01 |
   3755 | 7.15720e+01 1.90605e-02 | 1.25052e-02 1.07752e-01 1.39022e-01 |
   3756 | 7.15911e+01 1.90605e-02 | 1.25052e-02 1.07752e-01 1.39022e-01 |
   3757 | 7.16101e+01 1.90605e-02 | 1.25052e-02 1.07752e-01 1.39022e-01 |
   3758 | 7.16292e+01 1.90605e-02 | 1.25052e-02 1.07752e-01 1.39022e-01 |
   3759 | 7.16483e+01 1.90604e-02 | 1.25052e-02 1.07752e-01 1.39022e-01 |
   3760 | 7.16673e+01 1.90604e-02 | 1.25052e-02 1.07752e-01 1.39022e-01 |
   3761 | 7.16864e+01 1.90604e-02 | 1.25052e-02 1.07752e-01 1.39022e-01 |
   3762 | 7.17054e+01 1.90603e-02 | 1.25052e-02 1.07752e-01 1.39022e-01 |
   3763 | 7.17245e+01 1.90603e-02 | 1.25052e-02 1.07752e-01 1.39022e-01 |
   3764 | 7.17436e+01 1.90603e-02 | 1.25052e-02 1.07752e-01 1.39022e-01 |
   3765 | 7.17626e+01 1.90603e-02 | 1.25052e-02 1.07752e-01 1.39022e-01 |
   3766 | 7.17817e+01 1.90603e-02 | 1.25052e-02 1.07752e-01 1.39022e-01 |
   3767 | 7.18007e+01 1.90602e-02 | 1.25052e-02 1.07752e-01 1.39022e-01 |
   3768 | 7.18198e+01 1.90602e-02 | 1.25052e-02 1.07752e-01 1.39022e-01 |
   3769 | 7.18389e+01 1.90603e-02 | 1.25052e-02 1.07752e-01 1.39022e-01 |
   3770 | 7.18579e+01 1.90603e-02 | 1.25052e-02 1.07752e-01 1.39022e-01 |
   3771 | 7.18770e+01 1.90603e-02 | 1.25051e-02 1.07752e-01 1.39022e-01 |
   3772 | 7.18960e+01 1.90603e-02 | 1.25051e-02 1.07752e-01 1.39022e-01 |
   3773 | 7.19151e+01 1.90603e-02 | 1.25051e-02 1.07752e-01 1.39022e-01 |
   3774 | 7.19342e+01 1.90604e-02 | 1.25051e-02 1.07752e-01 1.39022e-01 |
   3775 | 7.19532e+01 1.90604e-02 | 1.25051e-02 1.07752e-01 1.39022e-01 |
   3776 | 7.19723e+01 1.90604e-02 | 1.25051e-02 1.07752e-01 1.39022e-01 |
   3777 | 7.19913e+01 1.90605e-02 | 1.25051e-02 1.07752e-01 1.39022e-01 |
   3778 | 7.20104e+01 1.90605e-02 | 1.25051e-02 1.07752e-01 1.39022e-01 |
   3779 | 7.20295e+01 1.90606e-02 | 1.25051e-02 1.07752e-01 1.39022e-01 |
   3780 | 7.20485e+01 1.90607e-02 | 1.25051e-02 1.07752e-01 1.39022e-01 |
   3781 | 7.20676e+01 1.90607e-02 | 1.25051e-02 1.07752e-01 1.39022e-01 |
   3782 | 7.20866e+01 1.90608e-02 | 1.25051e-02 1.07752e-01 1.39022e-01 |
   3783 | 7.21057e+01 1.90609e-02 | 1.25051e-02 1.07752e-01 1.39022e-01 |
   3784 | 7.21248e+01 1.90610e-02 | 1.25051e-02 1.07752e-01 1.39022e-01 |
   3785 | 7.21438e+01 1.90610e-02 | 1.25051e-02 1.07752e-01 1.39022e-01 |
   3786 | 7.21629e+01 1.90610e-02 | 1.25051e-02 1.07752e-01 1.39022e-01 |
   3787 | 7.21820e+01 1.90610e-02 | 1.25051e-02 1.07751e-01 1.39022e-01 |
   3788 | 7.22010e+01 1.90610e-02 | 1.25051e-02 1.07751e-01 1.39022e-01 |
   3789 | 7.22201e+01 1.90611e-02 | 1.25051e-02 1.07751e-01 1.39022e-01 |
   3790 | 7.22391e+01 1.90611e-02 | 1.25051e-02 1.07751e-01 1.39022e-01 |
   3791 | 7.22582e+01 1.90611e-02 | 1.25051e-02 1.07751e-01 1.39022e-01 |
   3792 | 7.22773e+01 1.90611e-02 | 1.25051e-02 1.07751e-01 1.39022e-01 |
   3793 | 7.22963e+01 1.90611e-02 | 1.25051e-02 1.07751e-01 1.39022e-01 |
   3794 | 7.23154e+01 1.90611e-02 | 1.25051e-02 1.07751e-01 1.39022e-01 |
   3795 | 7.23344e+01 1.90610e-02 | 1.25051e-02 1.07751e-01 1.39022e-01 |
   3796 | 7.23535e+01 1.90610e-02 | 1.25051e-02 1.07751e-01 1.39022e-01 |
   3797 | 7.23726e+01 1.90610e-02 | 1.25051e-02 1.07751e-01 1.39022e-01 |
   3798 | 7.23916e+01 1.90610e-02 | 1.25051e-02 1.07751e-01 1.39022e-01 |
   3799 | 7.24107e+01 1.90609e-02 | 1.25051e-02 1.07751e-01 1.39022e-01 |
   3800 | 7.24297e+01 1.90609e-02 | 1.25051e-02 1.07751e-01 1.39022e-01 |
   3801 | 7.24488e+01 1.90609e-02 | 1.25051e-02 1.07751e-01 1.39022e-01 |
   3802 | 7.24679e+01 1.90609e-02 | 1.25051e-02 1.07751e-01 1.39022e-01 |
   3803 | 7.24869e+01 1.90609e-02 | 1.25051e-02 1.07751e-01 1.39022e-01 |
   3804 | 7.25060e+01 1.90608e-02 | 1.25051e-02 1.07751e-01 1.39022e-01 |
   3805 | 7.25251e+01 1.90608e-02 | 1.25051e-02 1.07751e-01 1.39022e-01 |
   3806 | 7.25441e+01 1.90607e-02 | 1.25051e-02 1.07751e-01 1.39022e-01 |
   3807 | 7.25632e+01 1.90606e-02 | 1.25051e-02 1.07751e-01 1.39022e-01 |
   3808 | 7.25822e+01 1.90606e-02 | 1.25051e-02 1.07751e-01 1.39022e-01 |
   3809 | 7.26013e+01 1.90605e-02 | 1.25051e-02 1.07751e-01 1.39022e-01 |
   3810 | 7.26204e+01 1.90605e-02 | 1.25051e-02 1.07751e-01 1.39022e-01 |
   3811 | 7.26394e+01 1.90604e-02 | 1.25051e-02 1.07751e-01 1.39022e-01 |
   3812 | 7.26585e+01 1.90604e-02 | 1.25051e-02 1.07751e-01 1.39022e-01 |
   3813 | 7.26775e+01 1.90603e-02 | 1.25051e-02 1.07751e-01 1.39022e-01 |
   3814 | 7.26966e+01 1.90603e-02 | 1.25051e-02 1.07751e-01 1.39022e-01 |
   3815 | 7.27157e+01 1.90603e-02 | 1.25051e-02 1.07751e-01 1.39022e-01 |
   3816 | 7.27347e+01 1.90603e-02 | 1.25051e-02 1.07751e-01 1.39022e-01 |
   3817 | 7.27538e+01 1.90602e-02 | 1.25051e-02 1.07751e-01 1.39022e-01 |
   3818 | 7.27728e+01 1.90602e-02 | 1.25051e-02 1.07751e-01 1.39022e-01 |
   3819 | 7.27919e+01 1.90602e-02 | 1.25051e-02 1.07751e-01 1.39022e-01 |
   3820 | 7.28110e+01 1.90602e-02 | 1.25051e-02 1.07751e-01 1.39022e-01 |
   3821 | 7.28300e+01 1.90602e-02 | 1.25051e-02 1.07751e-01 1.39022e-01 |
   3822 | 7.28491e+01 1.90602e-02 | 1.25051e-02 1.07751e-01 1.39022e-01 |
   3823 | 7.28681e+01 1.90603e-02 | 1.25051e-02 1.07751e-01 1.39022e-01 |
   3824 | 7.28872e+01 1.90603e-02 | 1.25051e-02 1.07751e-01 1.39022e-01 |
   3825 | 7.29063e+01 1.90603e-02 | 1.25051e-02 1.07751e-01 1.39022e-01 |
   3826 | 7.29253e+01 1.90603e-02 | 1.25051e-02 1.07751e-01 1.39022e-01 |
   3827 | 7.29444e+01 1.90604e-02 | 1.25051e-02 1.07751e-01 1.39022e-01 |
   3828 | 7.29634e+01 1.90604e-02 | 1.25051e-02 1.07751e-01 1.39022e-01 |
   3829 | 7.29825e+01 1.90605e-02 | 1.25051e-02 1.07751e-01 1.39022e-01 |
   3830 | 7.30016e+01 1.90605e-02 | 1.25051e-02 1.07751e-01 1.39022e-01 |
   3831 | 7.30206e+01 1.90605e-02 | 1.25051e-02 1.07751e-01 1.39022e-01 |
   3832 | 7.30397e+01 1.90604e-02 | 1.25051e-02 1.07751e-01 1.39022e-01 |
   3833 | 7.30587e+01 1.90604e-02 | 1.25051e-02 1.07751e-01 1.39022e-01 |
   3834 | 7.30778e+01 1.90603e-02 | 1.25051e-02 1.07751e-01 1.39022e-01 |
   3835 | 7.30969e+01 1.90603e-02 | 1.25051e-02 1.07751e-01 1.39022e-01 |
   3836 | 7.31159e+01 1.90603e-02 | 1.25051e-02 1.07751e-01 1.39022e-01 |
   3837 | 7.31350e+01 1.90602e-02 | 1.25051e-02 1.07751e-01 1.39022e-01 |
   3838 | 7.31540e+01 1.90602e-02 | 1.25051e-02 1.07751e-01 1.39022e-01 |
   3839 | 7.31731e+01 1.90602e-02 | 1.25051e-02 1.07751e-01 1.39022e-01 |
   3840 | 7.31922e+01 1.90602e-02 | 1.25051e-02 1.07751e-01 1.39022e-01 |
   3841 | 7.32112e+01 1.90602e-02 | 1.25051e-02 1.07751e-01 1.39022e-01 |
   3842 | 7.32303e+01 1.90602e-02 | 1.25051e-02 1.07751e-01 1.39022e-01 |
   3843 | 7.32493e+01 1.90602e-02 | 1.25051e-02 1.07751e-01 1.39022e-01 |
   3844 | 7.32684e+01 1.90602e-02 | 1.25051e-02 1.07751e-01 1.39022e-01 |
   3845 | 7.32875e+01 1.90602e-02 | 1.25051e-02 1.07751e-01 1.39022e-01 |
   3846 | 7.33065e+01 1.90602e-02 | 1.25051e-02 1.07751e-01 1.39022e-01 |
   3847 | 7.33256e+01 1.90602e-02 | 1.25051e-02 1.07751e-01 1.39022e-01 |
   3848 | 7.33446e+01 1.90603e-02 | 1.25051e-02 1.07751e-01 1.39022e-01 |
   3849 | 7.33637e+01 1.90603e-02 | 1.25051e-02 1.07751e-01 1.39022e-01 |
   3850 | 7.33828e+01 1.90603e-02 | 1.25051e-02 1.07751e-01 1.39022e-01 |
   3851 | 7.34018e+01 1.90604e-02 | 1.25051e-02 1.07751e-01 1.39022e-01 |
   3852 | 7.34209e+01 1.90604e-02 | 1.25051e-02 1.07751e-01 1.39022e-01 |
   3853 | 7.34399e+01 1.90605e-02 | 1.25051e-02 1.07751e-01 1.39022e-01 |
   3854 | 7.34590e+01 1.90606e-02 | 1.25051e-02 1.07751e-01 1.39022e-01 |
   3855 | 7.34781e+01 1.90606e-02 | 1.25051e-02 1.07751e-01 1.39022e-01 |
   3856 | 7.34971e+01 1.90606e-02 | 1.25051e-02 1.07751e-01 1.39022e-01 |
   3857 | 7.35162e+01 1.90606e-02 | 1.25051e-02 1.07751e-01 1.39022e-01 |
   3858 | 7.35353e+01 1.90606e-02 | 1.25051e-02 1.07750e-01 1.39022e-01 |
   3859 | 7.35543e+01 1.90606e-02 | 1.25051e-02 1.07750e-01 1.39022e-01 |
   3860 | 7.35734e+01 1.90606e-02 | 1.25051e-02 1.07750e-01 1.39022e-01 |
   3861 | 7.35924e+01 1.90606e-02 | 1.25051e-02 1.07750e-01 1.39022e-01 |
   3862 | 7.36115e+01 1.90606e-02 | 1.25051e-02 1.07750e-01 1.39022e-01 |
   3863 | 7.36306e+01 1.90606e-02 | 1.25051e-02 1.07750e-01 1.39022e-01 |
   3864 | 7.36496e+01 1.90606e-02 | 1.25051e-02 1.07750e-01 1.39022e-01 |
   3865 | 7.36687e+01 1.90606e-02 | 1.25051e-02 1.07750e-01 1.39022e-01 |
   3866 | 7.36877e+01 1.90606e-02 | 1.25051e-02 1.07750e-01 1.39022e-01 |
   3867 | 7.37068e+01 1.90607e-02 | 1.25050e-02 1.07750e-01 1.39022e-01 |
   3868 | 7.37259e+01 1.90607e-02 | 1.25050e-02 1.07750e-01 1.39022e-01 |
   3869 | 7.37449e+01 1.90607e-02 | 1.25050e-02 1.07750e-01 1.39022e-01 |
   3870 | 7.37640e+01 1.90608e-02 | 1.25050e-02 1.07750e-01 1.39022e-01 |
   3871 | 7.37830e+01 1.90608e-02 | 1.25050e-02 1.07750e-01 1.39022e-01 |
   3872 | 7.38021e+01 1.90609e-02 | 1.25050e-02 1.07750e-01 1.39022e-01 |
   3873 | 7.38212e+01 1.90609e-02 | 1.25050e-02 1.07750e-01 1.39022e-01 |
   3874 | 7.38402e+01 1.90610e-02 | 1.25050e-02 1.07750e-01 1.39022e-01 |
   3875 | 7.38593e+01 1.90610e-02 | 1.25050e-02 1.07750e-01 1.39022e-01 |
   3876 | 7.38783e+01 1.90610e-02 | 1.25050e-02 1.07750e-01 1.39022e-01 |
   3877 | 7.38974e+01 1.90609e-02 | 1.25050e-02 1.07750e-01 1.39022e-01 |
   3878 | 7.39165e+01 1.90609e-02 | 1.25050e-02 1.07750e-01 1.39022e-01 |
   3879 | 7.39355e+01 1.90609e-02 | 1.25050e-02 1.07750e-01 1.39022e-01 |
   3880 | 7.39546e+01 1.90608e-02 | 1.25050e-02 1.07750e-01 1.39022e-01 |
   3881 | 7.39736e+01 1.90608e-02 | 1.25050e-02 1.07750e-01 1.39022e-01 |
   3882 | 7.39927e+01 1.90608e-02 | 1.25050e-02 1.07750e-01 1.39022e-01 |
   3883 | 7.40118e+01 1.90607e-02 | 1.25050e-02 1.07750e-01 1.39022e-01 |
   3884 | 7.40308e+01 1.90607e-02 | 1.25050e-02 1.07750e-01 1.39022e-01 |
   3885 | 7.40499e+01 1.90606e-02 | 1.25050e-02 1.07750e-01 1.39022e-01 |
   3886 | 7.40690e+01 1.90606e-02 | 1.25050e-02 1.07750e-01 1.39022e-01 |
   3887 | 7.40880e+01 1.90606e-02 | 1.25050e-02 1.07750e-01 1.39022e-01 |
   3888 | 7.41071e+01 1.90605e-02 | 1.25050e-02 1.07750e-01 1.39022e-01 |
   3889 | 7.41261e+01 1.90605e-02 | 1.25050e-02 1.07750e-01 1.39022e-01 |
   3890 | 7.41452e+01 1.90605e-02 | 1.25050e-02 1.07750e-01 1.39022e-01 |
   3891 | 7.41643e+01 1.90605e-02 | 1.25050e-02 1.07750e-01 1.39022e-01 |
   3892 | 7.41833e+01 1.90605e-02 | 1.25050e-02 1.07750e-01 1.39022e-01 |
   3893 | 7.42024e+01 1.90604e-02 | 1.25050e-02 1.07750e-01 1.39022e-01 |
   3894 | 7.42214e+01 1.90604e-02 | 1.25050e-02 1.07750e-01 1.39022e-01 |
   3895 | 7.42405e+01 1.90605e-02 | 1.25050e-02 1.07750e-01 1.39022e-01 |
   3896 | 7.42596e+01 1.90605e-02 | 1.25050e-02 1.07750e-01 1.39022e-01 |
   3897 | 7.42786e+01 1.90605e-02 | 1.25050e-02 1.07750e-01 1.39022e-01 |
   3898 | 7.42977e+01 1.90605e-02 | 1.25050e-02 1.07750e-01 1.39022e-01 |
   3899 | 7.43167e+01 1.90605e-02 | 1.25050e-02 1.07750e-01 1.39022e-01 |
   3900 | 7.43358e+01 1.90606e-02 | 1.25050e-02 1.07750e-01 1.39022e-01 |
   3901 | 7.43549e+01 1.90606e-02 | 1.25050e-02 1.07750e-01 1.39022e-01 |
   3902 | 7.43739e+01 1.90606e-02 | 1.25050e-02 1.07750e-01 1.39022e-01 |
   3903 | 7.43930e+01 1.90607e-02 | 1.25050e-02 1.07750e-01 1.39022e-01 |
   3904 | 7.44120e+01 1.90607e-02 | 1.25050e-02 1.07750e-01 1.39022e-01 |
   3905 | 7.44311e+01 1.90606e-02 | 1.25050e-02 1.07750e-01 1.39022e-01 |
   3906 | 7.44502e+01 1.90606e-02 | 1.25050e-02 1.07750e-01 1.39022e-01 |
   3907 | 7.44692e+01 1.90605e-02 | 1.25050e-02 1.07750e-01 1.39022e-01 |
   3908 | 7.44883e+01 1.90605e-02 | 1.25050e-02 1.07750e-01 1.39021e-01 |
   3909 | 7.45073e+01 1.90604e-02 | 1.25050e-02 1.07750e-01 1.39021e-01 |
   3910 | 7.45264e+01 1.90604e-02 | 1.25050e-02 1.07750e-01 1.39021e-01 |
   3911 | 7.45455e+01 1.90604e-02 | 1.25050e-02 1.07750e-01 1.39021e-01 |
   3912 | 7.45645e+01 1.90603e-02 | 1.25050e-02 1.07750e-01 1.39021e-01 |
   3913 | 7.45836e+01 1.90603e-02 | 1.25050e-02 1.07750e-01 1.39021e-01 |
   3914 | 7.46026e+01 1.90603e-02 | 1.25050e-02 1.07750e-01 1.39021e-01 |
   3915 | 7.46217e+01 1.90603e-02 | 1.25050e-02 1.07750e-01 1.39021e-01 |
   3916 | 7.46408e+01 1.90603e-02 | 1.25050e-02 1.07750e-01 1.39021e-01 |
   3917 | 7.46598e+01 1.90603e-02 | 1.25050e-02 1.07750e-01 1.39021e-01 |
   3918 | 7.46789e+01 1.90603e-02 | 1.25050e-02 1.07750e-01 1.39021e-01 |
   3919 | 7.46979e+01 1.90603e-02 | 1.25050e-02 1.07750e-01 1.39021e-01 |
   3920 | 7.47170e+01 1.90603e-02 | 1.25050e-02 1.07750e-01 1.39021e-01 |
   3921 | 7.47361e+01 1.90604e-02 | 1.25050e-02 1.07750e-01 1.39021e-01 |
   3922 | 7.47551e+01 1.90604e-02 | 1.25050e-02 1.07750e-01 1.39021e-01 |
   3923 | 7.47742e+01 1.90604e-02 | 1.25050e-02 1.07750e-01 1.39021e-01 |
   3924 | 7.47932e+01 1.90604e-02 | 1.25050e-02 1.07750e-01 1.39021e-01 |
   3925 | 7.48123e+01 1.90605e-02 | 1.25050e-02 1.07750e-01 1.39021e-01 |
   3926 | 7.48314e+01 1.90605e-02 | 1.25050e-02 1.07750e-01 1.39021e-01 |
   3927 | 7.48504e+01 1.90605e-02 | 1.25050e-02 1.07750e-01 1.39021e-01 |
   3928 | 7.48695e+01 1.90604e-02 | 1.25050e-02 1.07750e-01 1.39021e-01 |
   3929 | 7.48886e+01 1.90604e-02 | 1.25050e-02 1.07749e-01 1.39021e-01 |
   3930 | 7.49076e+01 1.90604e-02 | 1.25050e-02 1.07749e-01 1.39021e-01 |
   3931 | 7.49267e+01 1.90603e-02 | 1.25050e-02 1.07749e-01 1.39021e-01 |
   3932 | 7.49457e+01 1.90603e-02 | 1.25050e-02 1.07749e-01 1.39021e-01 |
   3933 | 7.49648e+01 1.90603e-02 | 1.25050e-02 1.07749e-01 1.39021e-01 |
   3934 | 7.49839e+01 1.90603e-02 | 1.25050e-02 1.07749e-01 1.39021e-01 |
   3935 | 7.50029e+01 1.90603e-02 | 1.25050e-02 1.07749e-01 1.39021e-01 |
   3936 | 7.50220e+01 1.90603e-02 | 1.25050e-02 1.07749e-01 1.39021e-01 |
   3937 | 7.50410e+01 1.90603e-02 | 1.25050e-02 1.07749e-01 1.39021e-01 |
   3938 | 7.50601e+01 1.90603e-02 | 1.25050e-02 1.07749e-01 1.39021e-01 |
   3939 | 7.50792e+01 1.90603e-02 | 1.25050e-02 1.07749e-01 1.39021e-01 |
   3940 | 7.50982e+01 1.90603e-02 | 1.25050e-02 1.07749e-01 1.39021e-01 |
   3941 | 7.51173e+01 1.90604e-02 | 1.25050e-02 1.07749e-01 1.39021e-01 |
   3942 | 7.51363e+01 1.90604e-02 | 1.25050e-02 1.07749e-01 1.39021e-01 |
   3943 | 7.51554e+01 1.90604e-02 | 1.25050e-02 1.07749e-01 1.39021e-01 |
   3944 | 7.51745e+01 1.90605e-02 | 1.25050e-02 1.07749e-01 1.39021e-01 |
   3945 | 7.51935e+01 1.90605e-02 | 1.25050e-02 1.07749e-01 1.39021e-01 |
   3946 | 7.52126e+01 1.90606e-02 | 1.25050e-02 1.07749e-01 1.39021e-01 |
   3947 | 7.52316e+01 1.90606e-02 | 1.25050e-02 1.07749e-01 1.39021e-01 |
   3948 | 7.52507e+01 1.90607e-02 | 1.25050e-02 1.07749e-01 1.39021e-01 |
   3949 | 7.52698e+01 1.90606e-02 | 1.25050e-02 1.07749e-01 1.39021e-01 |
   3950 | 7.52888e+01 1.90606e-02 | 1.25050e-02 1.07749e-01 1.39021e-01 |
   3951 | 7.53079e+01 1.90605e-02 | 1.25050e-02 1.07749e-01 1.39021e-01 |
   3952 | 7.53269e+01 1.90605e-02 | 1.25050e-02 1.07749e-01 1.39021e-01 |
   3953 | 7.53460e+01 1.90605e-02 | 1.25050e-02 1.07749e-01 1.39021e-01 |
   3954 | 7.53651e+01 1.90605e-02 | 1.25050e-02 1.07749e-01 1.39021e-01 |
   3955 | 7.53841e+01 1.90604e-02 | 1.25050e-02 1.07749e-01 1.39021e-01 |
   3956 | 7.54032e+01 1.90604e-02 | 1.25050e-02 1.07749e-01 1.39021e-01 |
   3957 | 7.54222e+01 1.90604e-02 | 1.25050e-02 1.07749e-01 1.39021e-01 |
   3958 | 7.54413e+01 1.90604e-02 | 1.25050e-02 1.07749e-01 1.39021e-01 |
   3959 | 7.54604e+01 1.90604e-02 | 1.25050e-02 1.07749e-01 1.39021e-01 |
   3960 | 7.54794e+01 1.90604e-02 | 1.25050e-02 1.07749e-01 1.39021e-01 |
   3961 | 7.54985e+01 1.90604e-02 | 1.25050e-02 1.07749e-01 1.39021e-01 |
   3962 | 7.55175e+01 1.90605e-02 | 1.25050e-02 1.07749e-01 1.39021e-01 |
   3963 | 7.55366e+01 1.90605e-02 | 1.25050e-02 1.07749e-01 1.39021e-01 |
   3964 | 7.55557e+01 1.90605e-02 | 1.25050e-02 1.07749e-01 1.39021e-01 |
   3965 | 7.55747e+01 1.90605e-02 | 1.25050e-02 1.07749e-01 1.39021e-01 |
   3966 | 7.55938e+01 1.90606e-02 | 1.25050e-02 1.07749e-01 1.39021e-01 |
   3967 | 7.56128e+01 1.90606e-02 | 1.25050e-02 1.07749e-01 1.39021e-01 |
   3968 | 7.56319e+01 1.90607e-02 | 1.25050e-02 1.07749e-01 1.39021e-01 |
   3969 | 7.56510e+01 1.90607e-02 | 1.25050e-02 1.07749e-01 1.39021e-01 |
   3970 | 7.56700e+01 1.90608e-02 | 1.25050e-02 1.07749e-01 1.39021e-01 |
   3971 | 7.56891e+01 1.90609e-02 | 1.25050e-02 1.07749e-01 1.39021e-01 |
   3972 | 7.57082e+01 1.90609e-02 | 1.25050e-02 1.07749e-01 1.39021e-01 |
   3973 | 7.57272e+01 1.90609e-02 | 1.25050e-02 1.07749e-01 1.39021e-01 |
   3974 | 7.57463e+01 1.90610e-02 | 1.25050e-02 1.07749e-01 1.39021e-01 |
   3975 | 7.57653e+01 1.90610e-02 | 1.25050e-02 1.07749e-01 1.39021e-01 |
   3976 | 7.57844e+01 1.90610e-02 | 1.25050e-02 1.07749e-01 1.39021e-01 |
   3977 | 7.58035e+01 1.90611e-02 | 1.25050e-02 1.07749e-01 1.39021e-01 |
   3978 | 7.58225e+01 1.90610e-02 | 1.25050e-02 1.07749e-01 1.39021e-01 |
   3979 | 7.58416e+01 1.90610e-02 | 1.25050e-02 1.07749e-01 1.39021e-01 |
   3980 | 7.58606e+01 1.90609e-02 | 1.25049e-02 1.07749e-01 1.39021e-01 |
   3981 | 7.58797e+01 1.90608e-02 | 1.25049e-02 1.07749e-01 1.39021e-01 |
   3982 | 7.58988e+01 1.90608e-02 | 1.25049e-02 1.07749e-01 1.39021e-01 |
   3983 | 7.59178e+01 1.90608e-02 | 1.25049e-02 1.07749e-01 1.39021e-01 |
   3984 | 7.59369e+01 1.90607e-02 | 1.25049e-02 1.07749e-01 1.39021e-01 |
   3985 | 7.59559e+01 1.90607e-02 | 1.25049e-02 1.07749e-01 1.39021e-01 |
   3986 | 7.59750e+01 1.90607e-02 | 1.25049e-02 1.07749e-01 1.39021e-01 |
   3987 | 7.59941e+01 1.90606e-02 | 1.25049e-02 1.07749e-01 1.39021e-01 |
   3988 | 7.60131e+01 1.90606e-02 | 1.25049e-02 1.07749e-01 1.39021e-01 |
   3989 | 7.60322e+01 1.90606e-02 | 1.25049e-02 1.07749e-01 1.39021e-01 |
   3990 | 7.60512e+01 1.90606e-02 | 1.25049e-02 1.07749e-01 1.39021e-01 |
   3991 | 7.60703e+01 1.90606e-02 | 1.25049e-02 1.07749e-01 1.39021e-01 |
   3992 | 7.60894e+01 1.90606e-02 | 1.25049e-02 1.07749e-01 1.39021e-01 |
   3993 | 7.61084e+01 1.90606e-02 | 1.25049e-02 1.07749e-01 1.39021e-01 |
   3994 | 7.61275e+01 1.90606e-02 | 1.25049e-02 1.07749e-01 1.39021e-01 |
   3995 | 7.61466e+01 1.90606e-02 | 1.25049e-02 1.07749e-01 1.39021e-01 |
   3996 | 7.61656e+01 1.90607e-02 | 1.25049e-02 1.07749e-01 1.39021e-01 |
   3997 | 7.61847e+01 1.90606e-02 | 1.25049e-02 1.07749e-01 1.39021e-01 |
   3998 | 7.62037e+01 1.90605e-02 | 1.25049e-02 1.07749e-01 1.39021e-01 |
   3999 | 7.62228e+01 1.90605e-02 | 1.25049e-02 1.07749e-01 1.39021e-01 |
   4000 | 7.62419e+01 1.90604e-02 | 1.25049e-02 1.07748e-01 1.39021e-01 |
   4001 | 7.62609e+01 1.90604e-02 | 1.25049e-02 1.07748e-01 1.39021e-01 |
   4002 | 7.62800e+01 1.90603e-02 | 1.25049e-02 1.07748e-01 1.39021e-01 |
   4003 | 7.62990e+01 1.90603e-02 | 1.25049e-02 1.07748e-01 1.39021e-01 |
   4004 | 7.63181e+01 1.90603e-02 | 1.25049e-02 1.07748e-01 1.39021e-01 |
   4005 | 7.63372e+01 1.90602e-02 | 1.25049e-02 1.07748e-01 1.39021e-01 |
   4006 | 7.63562e+01 1.90602e-02 | 1.25049e-02 1.07748e-01 1.39021e-01 |
   4007 | 7.63753e+01 1.90602e-02 | 1.25049e-02 1.07748e-01 1.39021e-01 |
   4008 | 7.63943e+01 1.90602e-02 | 1.25049e-02 1.07748e-01 1.39021e-01 |
   4009 | 7.64134e+01 1.90602e-02 | 1.25049e-02 1.07748e-01 1.39021e-01 |
   4010 | 7.64325e+01 1.90602e-02 | 1.25049e-02 1.07748e-01 1.39021e-01 |
   4011 | 7.64515e+01 1.90602e-02 | 1.25049e-02 1.07748e-01 1.39021e-01 |
   4012 | 7.64706e+01 1.90602e-02 | 1.25049e-02 1.07748e-01 1.39021e-01 |
   4013 | 7.64896e+01 1.90602e-02 | 1.25049e-02 1.07748e-01 1.39021e-01 |
   4014 | 7.65087e+01 1.90602e-02 | 1.25049e-02 1.07748e-01 1.39021e-01 |
   4015 | 7.65278e+01 1.90603e-02 | 1.25049e-02 1.07748e-01 1.39021e-01 |
   4016 | 7.65468e+01 1.90603e-02 | 1.25049e-02 1.07748e-01 1.39021e-01 |
   4017 | 7.65659e+01 1.90603e-02 | 1.25049e-02 1.07748e-01 1.39021e-01 |
   4018 | 7.65849e+01 1.90604e-02 | 1.25049e-02 1.07748e-01 1.39021e-01 |
   4019 | 7.66040e+01 1.90604e-02 | 1.25049e-02 1.07748e-01 1.39021e-01 |
   4020 | 7.66231e+01 1.90605e-02 | 1.25049e-02 1.07748e-01 1.39021e-01 |
   4021 | 7.66421e+01 1.90605e-02 | 1.25049e-02 1.07748e-01 1.39021e-01 |
   4022 | 7.66612e+01 1.90605e-02 | 1.25049e-02 1.07748e-01 1.39021e-01 |
   4023 | 7.66802e+01 1.90604e-02 | 1.25049e-02 1.07748e-01 1.39021e-01 |
   4024 | 7.66993e+01 1.90604e-02 | 1.25049e-02 1.07748e-01 1.39021e-01 |
   4025 | 7.67184e+01 1.90603e-02 | 1.25049e-02 1.07748e-01 1.39021e-01 |
   4026 | 7.67374e+01 1.90603e-02 | 1.25049e-02 1.07748e-01 1.39021e-01 |
   4027 | 7.67565e+01 1.90603e-02 | 1.25049e-02 1.07748e-01 1.39021e-01 |
   4028 | 7.67755e+01 1.90603e-02 | 1.25049e-02 1.07748e-01 1.39021e-01 |
   4029 | 7.67946e+01 1.90602e-02 | 1.25049e-02 1.07748e-01 1.39021e-01 |
   4030 | 7.68137e+01 1.90602e-02 | 1.25049e-02 1.07748e-01 1.39021e-01 |
   4031 | 7.68327e+01 1.90602e-02 | 1.25049e-02 1.07748e-01 1.39021e-01 |
   4032 | 7.68518e+01 1.90602e-02 | 1.25049e-02 1.07748e-01 1.39021e-01 |
   4033 | 7.68708e+01 1.90602e-02 | 1.25049e-02 1.07748e-01 1.39021e-01 |
   4034 | 7.68899e+01 1.90602e-02 | 1.25049e-02 1.07748e-01 1.39021e-01 |
   4035 | 7.69090e+01 1.90602e-02 | 1.25049e-02 1.07748e-01 1.39021e-01 |
   4036 | 7.69280e+01 1.90602e-02 | 1.25049e-02 1.07748e-01 1.39021e-01 |
   4037 | 7.69471e+01 1.90603e-02 | 1.25049e-02 1.07748e-01 1.39021e-01 |
   4038 | 7.69661e+01 1.90603e-02 | 1.25049e-02 1.07748e-01 1.39021e-01 |
   4039 | 7.69852e+01 1.90603e-02 | 1.25049e-02 1.07748e-01 1.39021e-01 |
   4040 | 7.70043e+01 1.90604e-02 | 1.25049e-02 1.07748e-01 1.39021e-01 |
   4041 | 7.70233e+01 1.90604e-02 | 1.25049e-02 1.07748e-01 1.39021e-01 |
   4042 | 7.70424e+01 1.90605e-02 | 1.25049e-02 1.07748e-01 1.39021e-01 |
   4043 | 7.70614e+01 1.90605e-02 | 1.25049e-02 1.07748e-01 1.39021e-01 |
   4044 | 7.70805e+01 1.90606e-02 | 1.25049e-02 1.07748e-01 1.39021e-01 |
   4045 | 7.70996e+01 1.90606e-02 | 1.25049e-02 1.07748e-01 1.39021e-01 |
   4046 | 7.71186e+01 1.90607e-02 | 1.25049e-02 1.07748e-01 1.39021e-01 |
   4047 | 7.71377e+01 1.90608e-02 | 1.25049e-02 1.07748e-01 1.39021e-01 |
   4048 | 7.71567e+01 1.90609e-02 | 1.25049e-02 1.07748e-01 1.39021e-01 |
   4049 | 7.71758e+01 1.90609e-02 | 1.25049e-02 1.07748e-01 1.39021e-01 |
   4050 | 7.71949e+01 1.90609e-02 | 1.25049e-02 1.07748e-01 1.39021e-01 |
   4051 | 7.72139e+01 1.90609e-02 | 1.25049e-02 1.07748e-01 1.39021e-01 |
   4052 | 7.72330e+01 1.90609e-02 | 1.25049e-02 1.07748e-01 1.39021e-01 |
   4053 | 7.72521e+01 1.90609e-02 | 1.25049e-02 1.07748e-01 1.39021e-01 |
   4054 | 7.72711e+01 1.90609e-02 | 1.25049e-02 1.07748e-01 1.39021e-01 |
   4055 | 7.72902e+01 1.90609e-02 | 1.25049e-02 1.07748e-01 1.39021e-01 |
   4056 | 7.73092e+01 1.90609e-02 | 1.25049e-02 1.07748e-01 1.39021e-01 |
   4057 | 7.73283e+01 1.90610e-02 | 1.25049e-02 1.07748e-01 1.39021e-01 |
   4058 | 7.73474e+01 1.90610e-02 | 1.25049e-02 1.07748e-01 1.39021e-01 |
   4059 | 7.73664e+01 1.90610e-02 | 1.25049e-02 1.07748e-01 1.39021e-01 |
   4060 | 7.73855e+01 1.90611e-02 | 1.25049e-02 1.07748e-01 1.39021e-01 |
   4061 | 7.74045e+01 1.90611e-02 | 1.25049e-02 1.07748e-01 1.39021e-01 |
   4062 | 7.74236e+01 1.90611e-02 | 1.25049e-02 1.07748e-01 1.39021e-01 |
   4063 | 7.74427e+01 1.90611e-02 | 1.25049e-02 1.07748e-01 1.39021e-01 |
   4064 | 7.74617e+01 1.90611e-02 | 1.25049e-02 1.07748e-01 1.39021e-01 |
   4065 | 7.74808e+01 1.90611e-02 | 1.25049e-02 1.07748e-01 1.39021e-01 |
   4066 | 7.74998e+01 1.90611e-02 | 1.25049e-02 1.07748e-01 1.39021e-01 |
   4067 | 7.75189e+01 1.90610e-02 | 1.25049e-02 1.07748e-01 1.39021e-01 |
   4068 | 7.75380e+01 1.90609e-02 | 1.25049e-02 1.07748e-01 1.39021e-01 |
   4069 | 7.75570e+01 1.90609e-02 | 1.25049e-02 1.07748e-01 1.39021e-01 |
   4070 | 7.75761e+01 1.90608e-02 | 1.25049e-02 1.07748e-01 1.39021e-01 |
   4071 | 7.75952e+01 1.90607e-02 | 1.25049e-02 1.07747e-01 1.39021e-01 |
   4072 | 7.76142e+01 1.90606e-02 | 1.25049e-02 1.07747e-01 1.39021e-01 |
   4073 | 7.76333e+01 1.90606e-02 | 1.25049e-02 1.07747e-01 1.39021e-01 |
   4074 | 7.76523e+01 1.90605e-02 | 1.25049e-02 1.07747e-01 1.39021e-01 |
   4075 | 7.76714e+01 1.90605e-02 | 1.25049e-02 1.07747e-01 1.39021e-01 |
   4076 | 7.76905e+01 1.90604e-02 | 1.25049e-02 1.07747e-01 1.39021e-01 |
   4077 | 7.77095e+01 1.90604e-02 | 1.25049e-02 1.07747e-01 1.39021e-01 |
   4078 | 7.77286e+01 1.90604e-02 | 1.25049e-02 1.07747e-01 1.39021e-01 |
   4079 | 7.77476e+01 1.90603e-02 | 1.25049e-02 1.07747e-01 1.39021e-01 |
   4080 | 7.77667e+01 1.90603e-02 | 1.25049e-02 1.07747e-01 1.39021e-01 |
   4081 | 7.77858e+01 1.90603e-02 | 1.25049e-02 1.07747e-01 1.39021e-01 |
   4082 | 7.78048e+01 1.90603e-02 | 1.25049e-02 1.07747e-01 1.39021e-01 |
   4083 | 7.78239e+01 1.90603e-02 | 1.25049e-02 1.07747e-01 1.39021e-01 |
   4084 | 7.78429e+01 1.90603e-02 | 1.25049e-02 1.07747e-01 1.39021e-01 |
   4085 | 7.78620e+01 1.90603e-02 | 1.25049e-02 1.07747e-01 1.39021e-01 |
   4086 | 7.78811e+01 1.90603e-02 | 1.25049e-02 1.07747e-01 1.39021e-01 |
   4087 | 7.79001e+01 1.90603e-02 | 1.25049e-02 1.07747e-01 1.39021e-01 |
   4088 | 7.79192e+01 1.90603e-02 | 1.25049e-02 1.07747e-01 1.39021e-01 |
   4089 | 7.79382e+01 1.90603e-02 | 1.25049e-02 1.07747e-01 1.39021e-01 |
   4090 | 7.79573e+01 1.90604e-02 | 1.25049e-02 1.07747e-01 1.39021e-01 |
   4091 | 7.79764e+01 1.90604e-02 | 1.25049e-02 1.07747e-01 1.39021e-01 |
   4092 | 7.79954e+01 1.90604e-02 | 1.25049e-02 1.07747e-01 1.39021e-01 |
   4093 | 7.80145e+01 1.90605e-02 | 1.25049e-02 1.07747e-01 1.39021e-01 |
   4094 | 7.80335e+01 1.90605e-02 | 1.25049e-02 1.07747e-01 1.39021e-01 |
   4095 | 7.80526e+01 1.90605e-02 | 1.25048e-02 1.07747e-01 1.39021e-01 |
   4096 | 7.80717e+01 1.90605e-02 | 1.25048e-02 1.07747e-01 1.39021e-01 |
   4097 | 7.80907e+01 1.90604e-02 | 1.25048e-02 1.07747e-01 1.39021e-01 |
   4098 | 7.81098e+01 1.90604e-02 | 1.25048e-02 1.07747e-01 1.39021e-01 |
   4099 | 7.81288e+01 1.90603e-02 | 1.25048e-02 1.07747e-01 1.39021e-01 |
   4100 | 7.81479e+01 1.90603e-02 | 1.25048e-02 1.07747e-01 1.39021e-01 |
   4101 | 7.81670e+01 1.90603e-02 | 1.25048e-02 1.07747e-01 1.39021e-01 |
   4102 | 7.81860e+01 1.90602e-02 | 1.25048e-02 1.07747e-01 1.39021e-01 |
   4103 | 7.82051e+01 1.90602e-02 | 1.25048e-02 1.07747e-01 1.39021e-01 |
   4104 | 7.82241e+01 1.90602e-02 | 1.25048e-02 1.07747e-01 1.39021e-01 |
   4105 | 7.82432e+01 1.90602e-02 | 1.25048e-02 1.07747e-01 1.39021e-01 |
   4106 | 7.82623e+01 1.90602e-02 | 1.25048e-02 1.07747e-01 1.39021e-01 |
   4107 | 7.82813e+01 1.90602e-02 | 1.25048e-02 1.07747e-01 1.39021e-01 |
   4108 | 7.83004e+01 1.90602e-02 | 1.25048e-02 1.07747e-01 1.39021e-01 |
   4109 | 7.83194e+01 1.90602e-02 | 1.25048e-02 1.07747e-01 1.39021e-01 |
   4110 | 7.83385e+01 1.90602e-02 | 1.25048e-02 1.07747e-01 1.39021e-01 |
   4111 | 7.83576e+01 1.90602e-02 | 1.25048e-02 1.07747e-01 1.39021e-01 |
   4112 | 7.83766e+01 1.90603e-02 | 1.25048e-02 1.07747e-01 1.39021e-01 |
   4113 | 7.83957e+01 1.90603e-02 | 1.25048e-02 1.07747e-01 1.39021e-01 |
   4114 | 7.84147e+01 1.90603e-02 | 1.25048e-02 1.07747e-01 1.39021e-01 |
   4115 | 7.84338e+01 1.90604e-02 | 1.25048e-02 1.07747e-01 1.39021e-01 |
   4116 | 7.84529e+01 1.90604e-02 | 1.25048e-02 1.07747e-01 1.39021e-01 |
   4117 | 7.84719e+01 1.90605e-02 | 1.25048e-02 1.07747e-01 1.39021e-01 |
   4118 | 7.84910e+01 1.90605e-02 | 1.25048e-02 1.07747e-01 1.39021e-01 |
   4119 | 7.85100e+01 1.90606e-02 | 1.25048e-02 1.07747e-01 1.39021e-01 |
   4120 | 7.85291e+01 1.90606e-02 | 1.25048e-02 1.07747e-01 1.39021e-01 |
   4121 | 7.85482e+01 1.90605e-02 | 1.25048e-02 1.07747e-01 1.39021e-01 |
   4122 | 7.85672e+01 1.90605e-02 | 1.25048e-02 1.07747e-01 1.39021e-01 |
   4123 | 7.85863e+01 1.90605e-02 | 1.25048e-02 1.07747e-01 1.39021e-01 |
   4124 | 7.86054e+01 1.90605e-02 | 1.25048e-02 1.07747e-01 1.39021e-01 |
   4125 | 7.86244e+01 1.90605e-02 | 1.25048e-02 1.07747e-01 1.39021e-01 |
   4126 | 7.86435e+01 1.90605e-02 | 1.25048e-02 1.07747e-01 1.39021e-01 |
   4127 | 7.86625e+01 1.90605e-02 | 1.25048e-02 1.07747e-01 1.39021e-01 |
   4128 | 7.86816e+01 1.90605e-02 | 1.25048e-02 1.07747e-01 1.39021e-01 |
   4129 | 7.87007e+01 1.90605e-02 | 1.25048e-02 1.07747e-01 1.39021e-01 |
   4130 | 7.87197e+01 1.90605e-02 | 1.25048e-02 1.07747e-01 1.39021e-01 |
   4131 | 7.87388e+01 1.90605e-02 | 1.25048e-02 1.07747e-01 1.39021e-01 |
   4132 | 7.87578e+01 1.90606e-02 | 1.25048e-02 1.07747e-01 1.39021e-01 |
   4133 | 7.87769e+01 1.90606e-02 | 1.25048e-02 1.07747e-01 1.39021e-01 |
   4134 | 7.87960e+01 1.90607e-02 | 1.25048e-02 1.07747e-01 1.39021e-01 |
   4135 | 7.88150e+01 1.90607e-02 | 1.25048e-02 1.07747e-01 1.39021e-01 |
   4136 | 7.88341e+01 1.90608e-02 | 1.25048e-02 1.07747e-01 1.39021e-01 |
   4137 | 7.88531e+01 1.90608e-02 | 1.25048e-02 1.07747e-01 1.39021e-01 |
   4138 | 7.88722e+01 1.90609e-02 | 1.25048e-02 1.07747e-01 1.39021e-01 |
   4139 | 7.88913e+01 1.90609e-02 | 1.25048e-02 1.07747e-01 1.39021e-01 |
   4140 | 7.89103e+01 1.90609e-02 | 1.25048e-02 1.07747e-01 1.39021e-01 |
   4141 | 7.89294e+01 1.90608e-02 | 1.25048e-02 1.07746e-01 1.39021e-01 |
   4142 | 7.89484e+01 1.90608e-02 | 1.25048e-02 1.07746e-01 1.39021e-01 |
   4143 | 7.89675e+01 1.90608e-02 | 1.25048e-02 1.07746e-01 1.39021e-01 |
   4144 | 7.89866e+01 1.90607e-02 | 1.25048e-02 1.07746e-01 1.39021e-01 |
   4145 | 7.90056e+01 1.90607e-02 | 1.25048e-02 1.07746e-01 1.39021e-01 |
   4146 | 7.90247e+01 1.90607e-02 | 1.25048e-02 1.07746e-01 1.39021e-01 |
   4147 | 7.90437e+01 1.90607e-02 | 1.25048e-02 1.07746e-01 1.39021e-01 |
   4148 | 7.90628e+01 1.90607e-02 | 1.25048e-02 1.07746e-01 1.39021e-01 |
   4149 | 7.90819e+01 1.90607e-02 | 1.25048e-02 1.07746e-01 1.39021e-01 |
   4150 | 7.91009e+01 1.90607e-02 | 1.25048e-02 1.07746e-01 1.39021e-01 |
   4151 | 7.91200e+01 1.90607e-02 | 1.25048e-02 1.07746e-01 1.39021e-01 |
   4152 | 7.91390e+01 1.90606e-02 | 1.25048e-02 1.07746e-01 1.39021e-01 |
   4153 | 7.91581e+01 1.90606e-02 | 1.25048e-02 1.07746e-01 1.39021e-01 |
   4154 | 7.91772e+01 1.90606e-02 | 1.25048e-02 1.07746e-01 1.39021e-01 |
   4155 | 7.91962e+01 1.90606e-02 | 1.25048e-02 1.07746e-01 1.39021e-01 |
   4156 | 7.92153e+01 1.90605e-02 | 1.25048e-02 1.07746e-01 1.39021e-01 |
   4157 | 7.92344e+01 1.90605e-02 | 1.25048e-02 1.07746e-01 1.39021e-01 |
   4158 | 7.92534e+01 1.90605e-02 | 1.25048e-02 1.07746e-01 1.39021e-01 |
   4159 | 7.92725e+01 1.90605e-02 | 1.25048e-02 1.07746e-01 1.39021e-01 |
   4160 | 7.92915e+01 1.90605e-02 | 1.25048e-02 1.07746e-01 1.39021e-01 |
   4161 | 7.93106e+01 1.90606e-02 | 1.25048e-02 1.07746e-01 1.39021e-01 |
   4162 | 7.93297e+01 1.90606e-02 | 1.25048e-02 1.07746e-01 1.39021e-01 |
   4163 | 7.93487e+01 1.90606e-02 | 1.25048e-02 1.07746e-01 1.39021e-01 |
   4164 | 7.93678e+01 1.90606e-02 | 1.25048e-02 1.07746e-01 1.39021e-01 |
   4165 | 7.93868e+01 1.90607e-02 | 1.25048e-02 1.07746e-01 1.39021e-01 |
   4166 | 7.94059e+01 1.90607e-02 | 1.25048e-02 1.07746e-01 1.39021e-01 |
   4167 | 7.94250e+01 1.90607e-02 | 1.25048e-02 1.07746e-01 1.39021e-01 |
   4168 | 7.94440e+01 1.90608e-02 | 1.25048e-02 1.07746e-01 1.39021e-01 |
   4169 | 7.94631e+01 1.90607e-02 | 1.25048e-02 1.07746e-01 1.39021e-01 |
   4170 | 7.94821e+01 1.90607e-02 | 1.25048e-02 1.07746e-01 1.39021e-01 |
   4171 | 7.95012e+01 1.90606e-02 | 1.25048e-02 1.07746e-01 1.39021e-01 |
   4172 | 7.95203e+01 1.90606e-02 | 1.25048e-02 1.07746e-01 1.39021e-01 |
   4173 | 7.95393e+01 1.90605e-02 | 1.25048e-02 1.07746e-01 1.39021e-01 |
   4174 | 7.95584e+01 1.90605e-02 | 1.25048e-02 1.07746e-01 1.39021e-01 |
   4175 | 7.95774e+01 1.90604e-02 | 1.25048e-02 1.07746e-01 1.39021e-01 |
   4176 | 7.95965e+01 1.90604e-02 | 1.25048e-02 1.07746e-01 1.39021e-01 |
   4177 | 7.96156e+01 1.90604e-02 | 1.25048e-02 1.07746e-01 1.39021e-01 |
   4178 | 7.96346e+01 1.90604e-02 | 1.25048e-02 1.07746e-01 1.39021e-01 |
   4179 | 7.96537e+01 1.90604e-02 | 1.25048e-02 1.07746e-01 1.39021e-01 |
   4180 | 7.96727e+01 1.90604e-02 | 1.25048e-02 1.07746e-01 1.39021e-01 |
   4181 | 7.96918e+01 1.90604e-02 | 1.25048e-02 1.07746e-01 1.39021e-01 |
   4182 | 7.97109e+01 1.90604e-02 | 1.25048e-02 1.07746e-01 1.39021e-01 |
   4183 | 7.97299e+01 1.90604e-02 | 1.25048e-02 1.07746e-01 1.39021e-01 |
   4184 | 7.97490e+01 1.90604e-02 | 1.25048e-02 1.07746e-01 1.39021e-01 |
   4185 | 7.97680e+01 1.90604e-02 | 1.25048e-02 1.07746e-01 1.39021e-01 |
   4186 | 7.97871e+01 1.90604e-02 | 1.25048e-02 1.07746e-01 1.39021e-01 |
   4187 | 7.98062e+01 1.90604e-02 | 1.25048e-02 1.07746e-01 1.39021e-01 |
   4188 | 7.98252e+01 1.90605e-02 | 1.25048e-02 1.07746e-01 1.39021e-01 |
   4189 | 7.98443e+01 1.90605e-02 | 1.25048e-02 1.07746e-01 1.39021e-01 |
   4190 | 7.98633e+01 1.90605e-02 | 1.25048e-02 1.07746e-01 1.39021e-01 |
   4191 | 7.98824e+01 1.90604e-02 | 1.25048e-02 1.07746e-01 1.39021e-01 |
   4192 | 7.99015e+01 1.90604e-02 | 1.25048e-02 1.07746e-01 1.39020e-01 |
   4193 | 7.99205e+01 1.90604e-02 | 1.25048e-02 1.07746e-01 1.39020e-01 |
   4194 | 7.99396e+01 1.90603e-02 | 1.25048e-02 1.07746e-01 1.39020e-01 |
   4195 | 7.99587e+01 1.90603e-02 | 1.25048e-02 1.07746e-01 1.39020e-01 |
   4196 | 7.99777e+01 1.90603e-02 | 1.25048e-02 1.07746e-01 1.39020e-01 |
   4197 | 7.99968e+01 1.90603e-02 | 1.25048e-02 1.07746e-01 1.39020e-01 |
   4198 | 8.00158e+01 1.90602e-02 | 1.25048e-02 1.07746e-01 1.39020e-01 |
   4199 | 8.00349e+01 1.90602e-02 | 1.25048e-02 1.07746e-01 1.39020e-01 |
   4200 | 8.00540e+01 1.90602e-02 | 1.25048e-02 1.07746e-01 1.39020e-01 |
   4201 | 8.00730e+01 1.90602e-02 | 1.25048e-02 1.07746e-01 1.39020e-01 |
   4202 | 8.00921e+01 1.90602e-02 | 1.25048e-02 1.07746e-01 1.39020e-01 |
   4203 | 8.01111e+01 1.90603e-02 | 1.25048e-02 1.07746e-01 1.39020e-01 |
   4204 | 8.01302e+01 1.90603e-02 | 1.25047e-02 1.07746e-01 1.39020e-01 |
   4205 | 8.01493e+01 1.90603e-02 | 1.25047e-02 1.07746e-01 1.39020e-01 |
   4206 | 8.01683e+01 1.90603e-02 | 1.25047e-02 1.07746e-01 1.39020e-01 |
   4207 | 8.01874e+01 1.90604e-02 | 1.25047e-02 1.07746e-01 1.39020e-01 |
   4208 | 8.02064e+01 1.90604e-02 | 1.25047e-02 1.07746e-01 1.39020e-01 |
   4209 | 8.02255e+01 1.90604e-02 | 1.25047e-02 1.07746e-01 1.39020e-01 |
   4210 | 8.02446e+01 1.90605e-02 | 1.25047e-02 1.07746e-01 1.39020e-01 |
   4211 | 8.02636e+01 1.90606e-02 | 1.25047e-02 1.07746e-01 1.39020e-01 |
   4212 | 8.02827e+01 1.90606e-02 | 1.25047e-02 1.07745e-01 1.39020e-01 |
   4213 | 8.03017e+01 1.90606e-02 | 1.25047e-02 1.07745e-01 1.39020e-01 |
   4214 | 8.03208e+01 1.90605e-02 | 1.25047e-02 1.07745e-01 1.39020e-01 |
   4215 | 8.03399e+01 1.90605e-02 | 1.25047e-02 1.07745e-01 1.39020e-01 |
   4216 | 8.03589e+01 1.90605e-02 | 1.25047e-02 1.07745e-01 1.39020e-01 |
   4217 | 8.03780e+01 1.90604e-02 | 1.25047e-02 1.07745e-01 1.39020e-01 |
   4218 | 8.03970e+01 1.90604e-02 | 1.25047e-02 1.07745e-01 1.39020e-01 |
   4219 | 8.04161e+01 1.90604e-02 | 1.25047e-02 1.07745e-01 1.39020e-01 |
   4220 | 8.04352e+01 1.90604e-02 | 1.25047e-02 1.07745e-01 1.39020e-01 |
   4221 | 8.04542e+01 1.90603e-02 | 1.25047e-02 1.07745e-01 1.39020e-01 |
   4222 | 8.04733e+01 1.90603e-02 | 1.25047e-02 1.07745e-01 1.39020e-01 |
   4223 | 8.04923e+01 1.90603e-02 | 1.25047e-02 1.07745e-01 1.39020e-01 |
   4224 | 8.05114e+01 1.90603e-02 | 1.25047e-02 1.07745e-01 1.39020e-01 |
   4225 | 8.05305e+01 1.90604e-02 | 1.25047e-02 1.07745e-01 1.39020e-01 |
   4226 | 8.05495e+01 1.90604e-02 | 1.25047e-02 1.07745e-01 1.39020e-01 |
   4227 | 8.05686e+01 1.90604e-02 | 1.25047e-02 1.07745e-01 1.39020e-01 |
   4228 | 8.05876e+01 1.90604e-02 | 1.25047e-02 1.07745e-01 1.39020e-01 |
   4229 | 8.06067e+01 1.90604e-02 | 1.25047e-02 1.07745e-01 1.39020e-01 |
   4230 | 8.06258e+01 1.90605e-02 | 1.25047e-02 1.07745e-01 1.39020e-01 |
   4231 | 8.06448e+01 1.90605e-02 | 1.25047e-02 1.07745e-01 1.39020e-01 |
   4232 | 8.06639e+01 1.90606e-02 | 1.25047e-02 1.07745e-01 1.39020e-01 |
   4233 | 8.06829e+01 1.90606e-02 | 1.25047e-02 1.07745e-01 1.39020e-01 |
   4234 | 8.07020e+01 1.90607e-02 | 1.25047e-02 1.07745e-01 1.39020e-01 |
   4235 | 8.07211e+01 1.90607e-02 | 1.25047e-02 1.07745e-01 1.39020e-01 |
   4236 | 8.07401e+01 1.90608e-02 | 1.25047e-02 1.07745e-01 1.39020e-01 |
   4237 | 8.07592e+01 1.90609e-02 | 1.25047e-02 1.07745e-01 1.39020e-01 |
   4238 | 8.07783e+01 1.90610e-02 | 1.25047e-02 1.07745e-01 1.39020e-01 |
   4239 | 8.07973e+01 1.90611e-02 | 1.25047e-02 1.07745e-01 1.39020e-01 |
   4240 | 8.08164e+01 1.90611e-02 | 1.25047e-02 1.07745e-01 1.39020e-01 |
   4241 | 8.08354e+01 1.90612e-02 | 1.25047e-02 1.07745e-01 1.39020e-01 |
   4242 | 8.08545e+01 1.90612e-02 | 1.25047e-02 1.07745e-01 1.39020e-01 |
   4243 | 8.08736e+01 1.90611e-02 | 1.25047e-02 1.07745e-01 1.39020e-01 |
   4244 | 8.08926e+01 1.90610e-02 | 1.25047e-02 1.07745e-01 1.39020e-01 |
   4245 | 8.09117e+01 1.90610e-02 | 1.25047e-02 1.07745e-01 1.39020e-01 |
   4246 | 8.09307e+01 1.90609e-02 | 1.25047e-02 1.07745e-01 1.39020e-01 |
   4247 | 8.09498e+01 1.90609e-02 | 1.25047e-02 1.07745e-01 1.39020e-01 |
   4248 | 8.09689e+01 1.90608e-02 | 1.25047e-02 1.07745e-01 1.39020e-01 |
   4249 | 8.09879e+01 1.90608e-02 | 1.25047e-02 1.07745e-01 1.39020e-01 |
   4250 | 8.10070e+01 1.90608e-02 | 1.25047e-02 1.07745e-01 1.39020e-01 |
   4251 | 8.10260e+01 1.90608e-02 | 1.25047e-02 1.07745e-01 1.39020e-01 |
   4252 | 8.10451e+01 1.90607e-02 | 1.25047e-02 1.07745e-01 1.39020e-01 |
   4253 | 8.10642e+01 1.90607e-02 | 1.25047e-02 1.07745e-01 1.39020e-01 |
   4254 | 8.10832e+01 1.90607e-02 | 1.25047e-02 1.07745e-01 1.39020e-01 |
   4255 | 8.11023e+01 1.90607e-02 | 1.25047e-02 1.07745e-01 1.39020e-01 |
   4256 | 8.11213e+01 1.90607e-02 | 1.25047e-02 1.07745e-01 1.39020e-01 |
   4257 | 8.11404e+01 1.90607e-02 | 1.25047e-02 1.07745e-01 1.39020e-01 |
   4258 | 8.11595e+01 1.90607e-02 | 1.25047e-02 1.07745e-01 1.39020e-01 |
   4259 | 8.11785e+01 1.90607e-02 | 1.25047e-02 1.07745e-01 1.39020e-01 |
   4260 | 8.11976e+01 1.90607e-02 | 1.25047e-02 1.07745e-01 1.39020e-01 |
   4261 | 8.12167e+01 1.90606e-02 | 1.25047e-02 1.07745e-01 1.39020e-01 |
   4262 | 8.12357e+01 1.90606e-02 | 1.25047e-02 1.07745e-01 1.39020e-01 |
   4263 | 8.12548e+01 1.90605e-02 | 1.25047e-02 1.07745e-01 1.39020e-01 |
   4264 | 8.12738e+01 1.90605e-02 | 1.25047e-02 1.07745e-01 1.39020e-01 |
   4265 | 8.12929e+01 1.90604e-02 | 1.25047e-02 1.07745e-01 1.39020e-01 |
   4266 | 8.13120e+01 1.90604e-02 | 1.25047e-02 1.07745e-01 1.39020e-01 |
   4267 | 8.13310e+01 1.90603e-02 | 1.25047e-02 1.07745e-01 1.39020e-01 |
   4268 | 8.13501e+01 1.90603e-02 | 1.25047e-02 1.07745e-01 1.39020e-01 |
   4269 | 8.13691e+01 1.90603e-02 | 1.25047e-02 1.07745e-01 1.39020e-01 |
   4270 | 8.13882e+01 1.90602e-02 | 1.25047e-02 1.07745e-01 1.39020e-01 |
   4271 | 8.14073e+01 1.90602e-02 | 1.25047e-02 1.07745e-01 1.39020e-01 |
   4272 | 8.14263e+01 1.90602e-02 | 1.25047e-02 1.07745e-01 1.39020e-01 |
   4273 | 8.14454e+01 1.90602e-02 | 1.25047e-02 1.07745e-01 1.39020e-01 |
   4274 | 8.14644e+01 1.90602e-02 | 1.25047e-02 1.07745e-01 1.39020e-01 |
   4275 | 8.14835e+01 1.90602e-02 | 1.25047e-02 1.07745e-01 1.39020e-01 |
   4276 | 8.15026e+01 1.90602e-02 | 1.25047e-02 1.07745e-01 1.39020e-01 |
   4277 | 8.15216e+01 1.90602e-02 | 1.25047e-02 1.07745e-01 1.39020e-01 |
   4278 | 8.15407e+01 1.90602e-02 | 1.25047e-02 1.07745e-01 1.39020e-01 |
   4279 | 8.15597e+01 1.90602e-02 | 1.25047e-02 1.07745e-01 1.39020e-01 |
   4280 | 8.15788e+01 1.90603e-02 | 1.25047e-02 1.07745e-01 1.39020e-01 |
   4281 | 8.15979e+01 1.90603e-02 | 1.25047e-02 1.07745e-01 1.39020e-01 |
   4282 | 8.16169e+01 1.90603e-02 | 1.25047e-02 1.07745e-01 1.39020e-01 |
   4283 | 8.16360e+01 1.90604e-02 | 1.25047e-02 1.07744e-01 1.39020e-01 |
   4284 | 8.16550e+01 1.90604e-02 | 1.25047e-02 1.07744e-01 1.39020e-01 |
   4285 | 8.16741e+01 1.90605e-02 | 1.25047e-02 1.07744e-01 1.39020e-01 |
   4286 | 8.16932e+01 1.90605e-02 | 1.25047e-02 1.07744e-01 1.39020e-01 |
   4287 | 8.17122e+01 1.90604e-02 | 1.25047e-02 1.07744e-01 1.39020e-01 |
   4288 | 8.17313e+01 1.90604e-02 | 1.25047e-02 1.07744e-01 1.39020e-01 |
   4289 | 8.17503e+01 1.90603e-02 | 1.25047e-02 1.07744e-01 1.39020e-01 |
   4290 | 8.17694e+01 1.90603e-02 | 1.25047e-02 1.07744e-01 1.39020e-01 |
   4291 | 8.17885e+01 1.90603e-02 | 1.25047e-02 1.07744e-01 1.39020e-01 |
   4292 | 8.18075e+01 1.90602e-02 | 1.25047e-02 1.07744e-01 1.39020e-01 |
   4293 | 8.18266e+01 1.90602e-02 | 1.25047e-02 1.07744e-01 1.39020e-01 |
   4294 | 8.18456e+01 1.90602e-02 | 1.25047e-02 1.07744e-01 1.39020e-01 |
   4295 | 8.18647e+01 1.90602e-02 | 1.25047e-02 1.07744e-01 1.39020e-01 |
   4296 | 8.18838e+01 1.90602e-02 | 1.25047e-02 1.07744e-01 1.39020e-01 |
   4297 | 8.19028e+01 1.90602e-02 | 1.25047e-02 1.07744e-01 1.39020e-01 |
   4298 | 8.19219e+01 1.90602e-02 | 1.25047e-02 1.07744e-01 1.39020e-01 |
   4299 | 8.19409e+01 1.90602e-02 | 1.25047e-02 1.07744e-01 1.39020e-01 |
   4300 | 8.19600e+01 1.90602e-02 | 1.25047e-02 1.07744e-01 1.39020e-01 |
   4301 | 8.19791e+01 1.90602e-02 | 1.25047e-02 1.07744e-01 1.39020e-01 |
   4302 | 8.19981e+01 1.90602e-02 | 1.25047e-02 1.07744e-01 1.39020e-01 |
   4303 | 8.20172e+01 1.90603e-02 | 1.25047e-02 1.07744e-01 1.39020e-01 |
   4304 | 8.20362e+01 1.90603e-02 | 1.25047e-02 1.07744e-01 1.39020e-01 |
   4305 | 8.20553e+01 1.90604e-02 | 1.25047e-02 1.07744e-01 1.39020e-01 |
   4306 | 8.20744e+01 1.90604e-02 | 1.25047e-02 1.07744e-01 1.39020e-01 |
   4307 | 8.20934e+01 1.90604e-02 | 1.25046e-02 1.07744e-01 1.39020e-01 |
   4308 | 8.21125e+01 1.90605e-02 | 1.25046e-02 1.07744e-01 1.39020e-01 |
   4309 | 8.21315e+01 1.90606e-02 | 1.25046e-02 1.07744e-01 1.39020e-01 |
   4310 | 8.21506e+01 1.90606e-02 | 1.25046e-02 1.07744e-01 1.39020e-01 |
   4311 | 8.21697e+01 1.90607e-02 | 1.25046e-02 1.07744e-01 1.39020e-01 |
   4312 | 8.21887e+01 1.90608e-02 | 1.25046e-02 1.07744e-01 1.39020e-01 |
   4313 | 8.22078e+01 1.90608e-02 | 1.25046e-02 1.07744e-01 1.39020e-01 |
   4314 | 8.22268e+01 1.90608e-02 | 1.25046e-02 1.07744e-01 1.39020e-01 |
   4315 | 8.22459e+01 1.90608e-02 | 1.25046e-02 1.07744e-01 1.39020e-01 |
   4316 | 8.22650e+01 1.90608e-02 | 1.25046e-02 1.07744e-01 1.39020e-01 |
   4317 | 8.22840e+01 1.90608e-02 | 1.25046e-02 1.07744e-01 1.39020e-01 |
   4318 | 8.23031e+01 1.90608e-02 | 1.25046e-02 1.07744e-01 1.39020e-01 |
   4319 | 8.23222e+01 1.90608e-02 | 1.25046e-02 1.07744e-01 1.39020e-01 |
   4320 | 8.23412e+01 1.90608e-02 | 1.25046e-02 1.07744e-01 1.39020e-01 |
   4321 | 8.23603e+01 1.90608e-02 | 1.25046e-02 1.07744e-01 1.39020e-01 |
   4322 | 8.23793e+01 1.90609e-02 | 1.25046e-02 1.07744e-01 1.39020e-01 |
   4323 | 8.23984e+01 1.90609e-02 | 1.25046e-02 1.07744e-01 1.39020e-01 |
   4324 | 8.24175e+01 1.90609e-02 | 1.25046e-02 1.07744e-01 1.39020e-01 |
   4325 | 8.24365e+01 1.90610e-02 | 1.25046e-02 1.07744e-01 1.39020e-01 |
   4326 | 8.24556e+01 1.90610e-02 | 1.25046e-02 1.07744e-01 1.39020e-01 |
   4327 | 8.24746e+01 1.90611e-02 | 1.25046e-02 1.07744e-01 1.39020e-01 |
   4328 | 8.24937e+01 1.90611e-02 | 1.25046e-02 1.07744e-01 1.39020e-01 |
   4329 | 8.25128e+01 1.90612e-02 | 1.25046e-02 1.07744e-01 1.39020e-01 |
   4330 | 8.25318e+01 1.90612e-02 | 1.25046e-02 1.07744e-01 1.39020e-01 |
   4331 | 8.25509e+01 1.90611e-02 | 1.25046e-02 1.07744e-01 1.39020e-01 |
   4332 | 8.25699e+01 1.90610e-02 | 1.25046e-02 1.07744e-01 1.39020e-01 |
   4333 | 8.25890e+01 1.90610e-02 | 1.25046e-02 1.07744e-01 1.39020e-01 |
   4334 | 8.26081e+01 1.90609e-02 | 1.25046e-02 1.07744e-01 1.39020e-01 |
   4335 | 8.26271e+01 1.90608e-02 | 1.25046e-02 1.07744e-01 1.39020e-01 |
   4336 | 8.26462e+01 1.90607e-02 | 1.25046e-02 1.07744e-01 1.39020e-01 |
   4337 | 8.26652e+01 1.90607e-02 | 1.25046e-02 1.07744e-01 1.39020e-01 |
   4338 | 8.26843e+01 1.90606e-02 | 1.25046e-02 1.07744e-01 1.39020e-01 |
   4339 | 8.27034e+01 1.90606e-02 | 1.25046e-02 1.07744e-01 1.39020e-01 |
   4340 | 8.27224e+01 1.90605e-02 | 1.25046e-02 1.07744e-01 1.39020e-01 |
   4341 | 8.27415e+01 1.90605e-02 | 1.25046e-02 1.07744e-01 1.39020e-01 |
   4342 | 8.27606e+01 1.90604e-02 | 1.25046e-02 1.07744e-01 1.39020e-01 |
   4343 | 8.27796e+01 1.90604e-02 | 1.25046e-02 1.07744e-01 1.39020e-01 |
   4344 | 8.27987e+01 1.90604e-02 | 1.25046e-02 1.07744e-01 1.39020e-01 |
   4345 | 8.28177e+01 1.90603e-02 | 1.25046e-02 1.07744e-01 1.39020e-01 |
   4346 | 8.28368e+01 1.90603e-02 | 1.25046e-02 1.07744e-01 1.39020e-01 |
   4347 | 8.28559e+01 1.90603e-02 | 1.25046e-02 1.07744e-01 1.39020e-01 |
   4348 | 8.28749e+01 1.90603e-02 | 1.25046e-02 1.07744e-01 1.39020e-01 |
   4349 | 8.28940e+01 1.90603e-02 | 1.25046e-02 1.07744e-01 1.39020e-01 |
   4350 | 8.29130e+01 1.90603e-02 | 1.25046e-02 1.07744e-01 1.39020e-01 |
   4351 | 8.29321e+01 1.90603e-02 | 1.25046e-02 1.07744e-01 1.39020e-01 |
   4352 | 8.29512e+01 1.90603e-02 | 1.25046e-02 1.07744e-01 1.39020e-01 |
   4353 | 8.29702e+01 1.90604e-02 | 1.25046e-02 1.07743e-01 1.39020e-01 |
   4354 | 8.29893e+01 1.90604e-02 | 1.25046e-02 1.07743e-01 1.39020e-01 |
   4355 | 8.30083e+01 1.90604e-02 | 1.25046e-02 1.07743e-01 1.39020e-01 |
   4356 | 8.30274e+01 1.90605e-02 | 1.25046e-02 1.07743e-01 1.39020e-01 |
   4357 | 8.30465e+01 1.90605e-02 | 1.25046e-02 1.07743e-01 1.39020e-01 |
   4358 | 8.30655e+01 1.90605e-02 | 1.25046e-02 1.07743e-01 1.39020e-01 |
   4359 | 8.30846e+01 1.90606e-02 | 1.25046e-02 1.07743e-01 1.39020e-01 |
   4360 | 8.31036e+01 1.90605e-02 | 1.25046e-02 1.07743e-01 1.39020e-01 |
   4361 | 8.31227e+01 1.90605e-02 | 1.25046e-02 1.07743e-01 1.39020e-01 |
   4362 | 8.31418e+01 1.90604e-02 | 1.25046e-02 1.07743e-01 1.39020e-01 |
   4363 | 8.31608e+01 1.90604e-02 | 1.25046e-02 1.07743e-01 1.39020e-01 |
   4364 | 8.31799e+01 1.90603e-02 | 1.25046e-02 1.07743e-01 1.39020e-01 |
   4365 | 8.31989e+01 1.90603e-02 | 1.25046e-02 1.07743e-01 1.39020e-01 |
   4366 | 8.32180e+01 1.90603e-02 | 1.25046e-02 1.07743e-01 1.39020e-01 |
   4367 | 8.32371e+01 1.90603e-02 | 1.25046e-02 1.07743e-01 1.39020e-01 |
   4368 | 8.32561e+01 1.90602e-02 | 1.25046e-02 1.07743e-01 1.39020e-01 |
   4369 | 8.32752e+01 1.90602e-02 | 1.25046e-02 1.07743e-01 1.39020e-01 |
   4370 | 8.32942e+01 1.90602e-02 | 1.25046e-02 1.07743e-01 1.39020e-01 |
   4371 | 8.33133e+01 1.90602e-02 | 1.25046e-02 1.07743e-01 1.39020e-01 |
   4372 | 8.33324e+01 1.90602e-02 | 1.25046e-02 1.07743e-01 1.39020e-01 |
   4373 | 8.33514e+01 1.90602e-02 | 1.25046e-02 1.07743e-01 1.39020e-01 |
   4374 | 8.33705e+01 1.90602e-02 | 1.25046e-02 1.07743e-01 1.39020e-01 |
   4375 | 8.33895e+01 1.90602e-02 | 1.25046e-02 1.07743e-01 1.39020e-01 |
   4376 | 8.34086e+01 1.90603e-02 | 1.25046e-02 1.07743e-01 1.39020e-01 |
   4377 | 8.34277e+01 1.90603e-02 | 1.25046e-02 1.07743e-01 1.39020e-01 |
   4378 | 8.34467e+01 1.90603e-02 | 1.25046e-02 1.07743e-01 1.39020e-01 |
   4379 | 8.34658e+01 1.90604e-02 | 1.25046e-02 1.07743e-01 1.39020e-01 |
   4380 | 8.34848e+01 1.90604e-02 | 1.25046e-02 1.07743e-01 1.39020e-01 |
   4381 | 8.35039e+01 1.90605e-02 | 1.25046e-02 1.07743e-01 1.39020e-01 |
   4382 | 8.35230e+01 1.90605e-02 | 1.25046e-02 1.07743e-01 1.39020e-01 |
   4383 | 8.35420e+01 1.90605e-02 | 1.25046e-02 1.07743e-01 1.39020e-01 |
   4384 | 8.35611e+01 1.90605e-02 | 1.25046e-02 1.07743e-01 1.39020e-01 |
   4385 | 8.35801e+01 1.90605e-02 | 1.25046e-02 1.07743e-01 1.39020e-01 |
   4386 | 8.35992e+01 1.90604e-02 | 1.25046e-02 1.07743e-01 1.39020e-01 |
   4387 | 8.36183e+01 1.90604e-02 | 1.25046e-02 1.07743e-01 1.39020e-01 |
   4388 | 8.36373e+01 1.90604e-02 | 1.25046e-02 1.07743e-01 1.39020e-01 |
   4389 | 8.36564e+01 1.90604e-02 | 1.25046e-02 1.07743e-01 1.39020e-01 |
   4390 | 8.36754e+01 1.90604e-02 | 1.25046e-02 1.07743e-01 1.39020e-01 |
   4391 | 8.36945e+01 1.90604e-02 | 1.25046e-02 1.07743e-01 1.39020e-01 |
   4392 | 8.37136e+01 1.90604e-02 | 1.25046e-02 1.07743e-01 1.39020e-01 |
   4393 | 8.37326e+01 1.90604e-02 | 1.25046e-02 1.07743e-01 1.39020e-01 |
   4394 | 8.37517e+01 1.90604e-02 | 1.25046e-02 1.07743e-01 1.39020e-01 |
   4395 | 8.37708e+01 1.90604e-02 | 1.25046e-02 1.07743e-01 1.39020e-01 |
   4396 | 8.37898e+01 1.90605e-02 | 1.25046e-02 1.07743e-01 1.39020e-01 |
   4397 | 8.38089e+01 1.90605e-02 | 1.25046e-02 1.07743e-01 1.39020e-01 |
   4398 | 8.38279e+01 1.90605e-02 | 1.25046e-02 1.07743e-01 1.39020e-01 |
   4399 | 8.38470e+01 1.90606e-02 | 1.25046e-02 1.07743e-01 1.39020e-01 |
   4400 | 8.38661e+01 1.90606e-02 | 1.25046e-02 1.07743e-01 1.39020e-01 |
   4401 | 8.38851e+01 1.90607e-02 | 1.25046e-02 1.07743e-01 1.39020e-01 |
   4402 | 8.39042e+01 1.90607e-02 | 1.25046e-02 1.07743e-01 1.39020e-01 |
   4403 | 8.39232e+01 1.90608e-02 | 1.25046e-02 1.07743e-01 1.39020e-01 |
   4404 | 8.39423e+01 1.90608e-02 | 1.25046e-02 1.07743e-01 1.39020e-01 |
   4405 | 8.39614e+01 1.90607e-02 | 1.25046e-02 1.07743e-01 1.39020e-01 |
   4406 | 8.39804e+01 1.90607e-02 | 1.25046e-02 1.07743e-01 1.39020e-01 |
   4407 | 8.39995e+01 1.90607e-02 | 1.25046e-02 1.07743e-01 1.39020e-01 |
   4408 | 8.40185e+01 1.90606e-02 | 1.25046e-02 1.07743e-01 1.39020e-01 |
   4409 | 8.40376e+01 1.90606e-02 | 1.25045e-02 1.07743e-01 1.39020e-01 |
   4410 | 8.40567e+01 1.90606e-02 | 1.25045e-02 1.07743e-01 1.39020e-01 |
   4411 | 8.40757e+01 1.90606e-02 | 1.25045e-02 1.07743e-01 1.39020e-01 |
   4412 | 8.40948e+01 1.90606e-02 | 1.25045e-02 1.07743e-01 1.39019e-01 |
   4413 | 8.41138e+01 1.90606e-02 | 1.25045e-02 1.07743e-01 1.39019e-01 |
   4414 | 8.41329e+01 1.90606e-02 | 1.25045e-02 1.07743e-01 1.39019e-01 |
   4415 | 8.41520e+01 1.90606e-02 | 1.25045e-02 1.07743e-01 1.39019e-01 |
   4416 | 8.41710e+01 1.90606e-02 | 1.25045e-02 1.07743e-01 1.39019e-01 |
   4417 | 8.41901e+01 1.90606e-02 | 1.25045e-02 1.07743e-01 1.39019e-01 |
   4418 | 8.42091e+01 1.90606e-02 | 1.25045e-02 1.07743e-01 1.39019e-01 |
   4419 | 8.42282e+01 1.90607e-02 | 1.25045e-02 1.07743e-01 1.39019e-01 |
   4420 | 8.42473e+01 1.90607e-02 | 1.25045e-02 1.07743e-01 1.39019e-01 |
   4421 | 8.42663e+01 1.90606e-02 | 1.25045e-02 1.07743e-01 1.39019e-01 |
   4422 | 8.42854e+01 1.90606e-02 | 1.25045e-02 1.07743e-01 1.39019e-01 |
   4423 | 8.43044e+01 1.90606e-02 | 1.25045e-02 1.07743e-01 1.39019e-01 |
   4424 | 8.43235e+01 1.90606e-02 | 1.25045e-02 1.07742e-01 1.39019e-01 |
   4425 | 8.43426e+01 1.90606e-02 | 1.25045e-02 1.07742e-01 1.39019e-01 |
   4426 | 8.43616e+01 1.90607e-02 | 1.25045e-02 1.07742e-01 1.39019e-01 |
   4427 | 8.43807e+01 1.90607e-02 | 1.25045e-02 1.07742e-01 1.39019e-01 |
   4428 | 8.43998e+01 1.90607e-02 | 1.25045e-02 1.07742e-01 1.39019e-01 |
   4429 | 8.44188e+01 1.90607e-02 | 1.25045e-02 1.07742e-01 1.39019e-01 |
   4430 | 8.44379e+01 1.90608e-02 | 1.25045e-02 1.07742e-01 1.39019e-01 |
   4431 | 8.44569e+01 1.90608e-02 | 1.25045e-02 1.07742e-01 1.39019e-01 |
   4432 | 8.44760e+01 1.90608e-02 | 1.25045e-02 1.07742e-01 1.39019e-01 |
   4433 | 8.44951e+01 1.90608e-02 | 1.25045e-02 1.07742e-01 1.39019e-01 |
   4434 | 8.45141e+01 1.90608e-02 | 1.25045e-02 1.07742e-01 1.39019e-01 |
   4435 | 8.45332e+01 1.90607e-02 | 1.25045e-02 1.07742e-01 1.39019e-01 |
   4436 | 8.45522e+01 1.90607e-02 | 1.25045e-02 1.07742e-01 1.39019e-01 |
   4437 | 8.45713e+01 1.90606e-02 | 1.25045e-02 1.07742e-01 1.39019e-01 |
   4438 | 8.45904e+01 1.90606e-02 | 1.25045e-02 1.07742e-01 1.39019e-01 |
   4439 | 8.46094e+01 1.90605e-02 | 1.25045e-02 1.07742e-01 1.39019e-01 |
   4440 | 8.46285e+01 1.90605e-02 | 1.25045e-02 1.07742e-01 1.39019e-01 |
   4441 | 8.46475e+01 1.90605e-02 | 1.25045e-02 1.07742e-01 1.39019e-01 |
   4442 | 8.46666e+01 1.90605e-02 | 1.25045e-02 1.07742e-01 1.39019e-01 |
   4443 | 8.46857e+01 1.90604e-02 | 1.25045e-02 1.07742e-01 1.39019e-01 |
   4444 | 8.47047e+01 1.90604e-02 | 1.25045e-02 1.07742e-01 1.39019e-01 |
   4445 | 8.47238e+01 1.90604e-02 | 1.25045e-02 1.07742e-01 1.39019e-01 |
   4446 | 8.47428e+01 1.90604e-02 | 1.25045e-02 1.07742e-01 1.39019e-01 |
   4447 | 8.47619e+01 1.90604e-02 | 1.25045e-02 1.07742e-01 1.39019e-01 |
   4448 | 8.47810e+01 1.90604e-02 | 1.25045e-02 1.07742e-01 1.39019e-01 |
   4449 | 8.48000e+01 1.90605e-02 | 1.25045e-02 1.07742e-01 1.39019e-01 |
   4450 | 8.48191e+01 1.90605e-02 | 1.25045e-02 1.07742e-01 1.39019e-01 |
   4451 | 8.48381e+01 1.90605e-02 | 1.25045e-02 1.07742e-01 1.39019e-01 |
   4452 | 8.48572e+01 1.90605e-02 | 1.25045e-02 1.07742e-01 1.39019e-01 |
   4453 | 8.48763e+01 1.90606e-02 | 1.25045e-02 1.07742e-01 1.39019e-01 |
   4454 | 8.48953e+01 1.90605e-02 | 1.25045e-02 1.07742e-01 1.39019e-01 |
   4455 | 8.49144e+01 1.90604e-02 | 1.25045e-02 1.07742e-01 1.39019e-01 |
   4456 | 8.49334e+01 1.90604e-02 | 1.25045e-02 1.07742e-01 1.39019e-01 |
   4457 | 8.49525e+01 1.90603e-02 | 1.25045e-02 1.07742e-01 1.39019e-01 |
   4458 | 8.49716e+01 1.90603e-02 | 1.25045e-02 1.07742e-01 1.39019e-01 |
   4459 | 8.49906e+01 1.90603e-02 | 1.25045e-02 1.07742e-01 1.39019e-01 |
   4460 | 8.50097e+01 1.90602e-02 | 1.25045e-02 1.07742e-01 1.39019e-01 |
   4461 | 8.50288e+01 1.90602e-02 | 1.25045e-02 1.07742e-01 1.39019e-01 |
   4462 | 8.50478e+01 1.90602e-02 | 1.25045e-02 1.07742e-01 1.39019e-01 |
   4463 | 8.50669e+01 1.90602e-02 | 1.25045e-02 1.07742e-01 1.39019e-01 |
   4464 | 8.50859e+01 1.90602e-02 | 1.25045e-02 1.07742e-01 1.39019e-01 |
   4465 | 8.51050e+01 1.90602e-02 | 1.25045e-02 1.07742e-01 1.39019e-01 |
   4466 | 8.51241e+01 1.90602e-02 | 1.25045e-02 1.07742e-01 1.39019e-01 |
   4467 | 8.51431e+01 1.90602e-02 | 1.25045e-02 1.07742e-01 1.39019e-01 |
   4468 | 8.51622e+01 1.90602e-02 | 1.25045e-02 1.07742e-01 1.39019e-01 |
   4469 | 8.51812e+01 1.90602e-02 | 1.25045e-02 1.07742e-01 1.39019e-01 |
   4470 | 8.52003e+01 1.90603e-02 | 1.25045e-02 1.07742e-01 1.39019e-01 |
   4471 | 8.52194e+01 1.90603e-02 | 1.25045e-02 1.07742e-01 1.39019e-01 |
   4472 | 8.52384e+01 1.90603e-02 | 1.25045e-02 1.07742e-01 1.39019e-01 |
   4473 | 8.52575e+01 1.90604e-02 | 1.25045e-02 1.07742e-01 1.39019e-01 |
   4474 | 8.52765e+01 1.90604e-02 | 1.25045e-02 1.07742e-01 1.39019e-01 |
   4475 | 8.52956e+01 1.90605e-02 | 1.25045e-02 1.07742e-01 1.39019e-01 |
   4476 | 8.53147e+01 1.90605e-02 | 1.25045e-02 1.07742e-01 1.39019e-01 |
   4477 | 8.53337e+01 1.90606e-02 | 1.25045e-02 1.07742e-01 1.39019e-01 |
   4478 | 8.53528e+01 1.90605e-02 | 1.25045e-02 1.07742e-01 1.39019e-01 |
   4479 | 8.53718e+01 1.90605e-02 | 1.25045e-02 1.07742e-01 1.39019e-01 |
   4480 | 8.53909e+01 1.90604e-02 | 1.25045e-02 1.07742e-01 1.39019e-01 |
   4481 | 8.54100e+01 1.90604e-02 | 1.25045e-02 1.07742e-01 1.39019e-01 |
   4482 | 8.54290e+01 1.90603e-02 | 1.25045e-02 1.07742e-01 1.39019e-01 |
   4483 | 8.54481e+01 1.90603e-02 | 1.25045e-02 1.07742e-01 1.39019e-01 |
   4484 | 8.54671e+01 1.90603e-02 | 1.25045e-02 1.07742e-01 1.39019e-01 |
   4485 | 8.54862e+01 1.90603e-02 | 1.25045e-02 1.07742e-01 1.39019e-01 |
   4486 | 8.55053e+01 1.90603e-02 | 1.25045e-02 1.07742e-01 1.39019e-01 |
   4487 | 8.55243e+01 1.90603e-02 | 1.25045e-02 1.07742e-01 1.39019e-01 |
   4488 | 8.55434e+01 1.90603e-02 | 1.25045e-02 1.07742e-01 1.39019e-01 |
   4489 | 8.55624e+01 1.90603e-02 | 1.25045e-02 1.07742e-01 1.39019e-01 |
   4490 | 8.55815e+01 1.90603e-02 | 1.25045e-02 1.07742e-01 1.39019e-01 |
   4491 | 8.56006e+01 1.90603e-02 | 1.25045e-02 1.07742e-01 1.39019e-01 |
   4492 | 8.56196e+01 1.90603e-02 | 1.25045e-02 1.07742e-01 1.39019e-01 |
   4493 | 8.56387e+01 1.90604e-02 | 1.25045e-02 1.07742e-01 1.39019e-01 |
   4494 | 8.56577e+01 1.90604e-02 | 1.25045e-02 1.07741e-01 1.39019e-01 |
   4495 | 8.56768e+01 1.90604e-02 | 1.25045e-02 1.07741e-01 1.39019e-01 |
   4496 | 8.56959e+01 1.90605e-02 | 1.25045e-02 1.07741e-01 1.39019e-01 |
   4497 | 8.57149e+01 1.90605e-02 | 1.25045e-02 1.07741e-01 1.39019e-01 |
   4498 | 8.57340e+01 1.90606e-02 | 1.25045e-02 1.07741e-01 1.39019e-01 |
   4499 | 8.57530e+01 1.90606e-02 | 1.25045e-02 1.07741e-01 1.39019e-01 |
   4500 | 8.57721e+01 1.90607e-02 | 1.25045e-02 1.07741e-01 1.39019e-01 |
   4501 | 8.57912e+01 1.90608e-02 | 1.25045e-02 1.07741e-01 1.39019e-01 |
   4502 | 8.58102e+01 1.90608e-02 | 1.25045e-02 1.07741e-01 1.39019e-01 |
   4503 | 8.58293e+01 1.90609e-02 | 1.25045e-02 1.07741e-01 1.39019e-01 |
   4504 | 8.58483e+01 1.90610e-02 | 1.25045e-02 1.07741e-01 1.39019e-01 |
   4505 | 8.58674e+01 1.90611e-02 | 1.25045e-02 1.07741e-01 1.39019e-01 |
   4506 | 8.58865e+01 1.90611e-02 | 1.25045e-02 1.07741e-01 1.39019e-01 |
   4507 | 8.59055e+01 1.90611e-02 | 1.25045e-02 1.07741e-01 1.39019e-01 |
   4508 | 8.59246e+01 1.90612e-02 | 1.25045e-02 1.07741e-01 1.39019e-01 |
   4509 | 8.59437e+01 1.90612e-02 | 1.25045e-02 1.07741e-01 1.39019e-01 |
   4510 | 8.59627e+01 1.90611e-02 | 1.25045e-02 1.07741e-01 1.39019e-01 |
   4511 | 8.59818e+01 1.90610e-02 | 1.25045e-02 1.07741e-01 1.39019e-01 |
   4512 | 8.60008e+01 1.90610e-02 | 1.25045e-02 1.07741e-01 1.39019e-01 |
   4513 | 8.60199e+01 1.90610e-02 | 1.25044e-02 1.07741e-01 1.39019e-01 |
   4514 | 8.60390e+01 1.90609e-02 | 1.25044e-02 1.07741e-01 1.39019e-01 |
   4515 | 8.60580e+01 1.90609e-02 | 1.25044e-02 1.07741e-01 1.39019e-01 |
   4516 | 8.60771e+01 1.90609e-02 | 1.25044e-02 1.07741e-01 1.39019e-01 |
   4517 | 8.60961e+01 1.90609e-02 | 1.25044e-02 1.07741e-01 1.39019e-01 |
   4518 | 8.61152e+01 1.90608e-02 | 1.25044e-02 1.07741e-01 1.39019e-01 |
   4519 | 8.61343e+01 1.90608e-02 | 1.25044e-02 1.07741e-01 1.39019e-01 |
   4520 | 8.61533e+01 1.90608e-02 | 1.25044e-02 1.07741e-01 1.39019e-01 |
   4521 | 8.61724e+01 1.90608e-02 | 1.25044e-02 1.07741e-01 1.39019e-01 |
   4522 | 8.61914e+01 1.90608e-02 | 1.25044e-02 1.07741e-01 1.39019e-01 |
   4523 | 8.62105e+01 1.90609e-02 | 1.25044e-02 1.07741e-01 1.39019e-01 |
   4524 | 8.62296e+01 1.90608e-02 | 1.25044e-02 1.07741e-01 1.39019e-01 |
   4525 | 8.62486e+01 1.90607e-02 | 1.25044e-02 1.07741e-01 1.39019e-01 |
   4526 | 8.62677e+01 1.90606e-02 | 1.25044e-02 1.07741e-01 1.39019e-01 |
   4527 | 8.62867e+01 1.90606e-02 | 1.25044e-02 1.07741e-01 1.39019e-01 |
   4528 | 8.63058e+01 1.90605e-02 | 1.25044e-02 1.07741e-01 1.39019e-01 |
   4529 | 8.63249e+01 1.90605e-02 | 1.25044e-02 1.07741e-01 1.39019e-01 |
   4530 | 8.63439e+01 1.90604e-02 | 1.25044e-02 1.07741e-01 1.39019e-01 |
   4531 | 8.63630e+01 1.90604e-02 | 1.25044e-02 1.07741e-01 1.39019e-01 |
   4532 | 8.63821e+01 1.90603e-02 | 1.25044e-02 1.07741e-01 1.39019e-01 |
   4533 | 8.64011e+01 1.90603e-02 | 1.25044e-02 1.07741e-01 1.39019e-01 |
   4534 | 8.64202e+01 1.90603e-02 | 1.25044e-02 1.07741e-01 1.39019e-01 |
   4535 | 8.64392e+01 1.90602e-02 | 1.25044e-02 1.07741e-01 1.39019e-01 |
   4536 | 8.64583e+01 1.90602e-02 | 1.25044e-02 1.07741e-01 1.39019e-01 |
   4537 | 8.64774e+01 1.90602e-02 | 1.25044e-02 1.07741e-01 1.39019e-01 |
   4538 | 8.64964e+01 1.90602e-02 | 1.25044e-02 1.07741e-01 1.39019e-01 |
   4539 | 8.65155e+01 1.90602e-02 | 1.25044e-02 1.07741e-01 1.39019e-01 |
   4540 | 8.65345e+01 1.90602e-02 | 1.25044e-02 1.07741e-01 1.39019e-01 |
   4541 | 8.65536e+01 1.90602e-02 | 1.25044e-02 1.07741e-01 1.39019e-01 |
   4542 | 8.65727e+01 1.90602e-02 | 1.25044e-02 1.07741e-01 1.39019e-01 |
   4543 | 8.65917e+01 1.90602e-02 | 1.25044e-02 1.07741e-01 1.39019e-01 |
   4544 | 8.66108e+01 1.90603e-02 | 1.25044e-02 1.07741e-01 1.39019e-01 |
   4545 | 8.66298e+01 1.90603e-02 | 1.25044e-02 1.07741e-01 1.39019e-01 |
   4546 | 8.66489e+01 1.90603e-02 | 1.25044e-02 1.07741e-01 1.39019e-01 |
   4547 | 8.66680e+01 1.90604e-02 | 1.25044e-02 1.07741e-01 1.39019e-01 |
   4548 | 8.66870e+01 1.90604e-02 | 1.25044e-02 1.07741e-01 1.39019e-01 |
   4549 | 8.67061e+01 1.90605e-02 | 1.25044e-02 1.07741e-01 1.39019e-01 |
   4550 | 8.67251e+01 1.90605e-02 | 1.25044e-02 1.07741e-01 1.39019e-01 |
   4551 | 8.67442e+01 1.90605e-02 | 1.25044e-02 1.07741e-01 1.39019e-01 |
   4552 | 8.67633e+01 1.90604e-02 | 1.25044e-02 1.07741e-01 1.39019e-01 |
   4553 | 8.67823e+01 1.90604e-02 | 1.25044e-02 1.07741e-01 1.39019e-01 |
   4554 | 8.68014e+01 1.90603e-02 | 1.25044e-02 1.07741e-01 1.39019e-01 |
   4555 | 8.68204e+01 1.90603e-02 | 1.25044e-02 1.07741e-01 1.39019e-01 |
   4556 | 8.68395e+01 1.90602e-02 | 1.25044e-02 1.07741e-01 1.39019e-01 |
   4557 | 8.68586e+01 1.90602e-02 | 1.25044e-02 1.07741e-01 1.39019e-01 |
   4558 | 8.68776e+01 1.90602e-02 | 1.25044e-02 1.07741e-01 1.39019e-01 |
   4559 | 8.68967e+01 1.90602e-02 | 1.25044e-02 1.07741e-01 1.39019e-01 |
   4560 | 8.69157e+01 1.90602e-02 | 1.25044e-02 1.07741e-01 1.39019e-01 |
   4561 | 8.69348e+01 1.90602e-02 | 1.25044e-02 1.07741e-01 1.39019e-01 |
   4562 | 8.69539e+01 1.90602e-02 | 1.25044e-02 1.07741e-01 1.39019e-01 |
   4563 | 8.69729e+01 1.90602e-02 | 1.25044e-02 1.07741e-01 1.39019e-01 |
   4564 | 8.69920e+01 1.90602e-02 | 1.25044e-02 1.07741e-01 1.39019e-01 |
   4565 | 8.70110e+01 1.90602e-02 | 1.25044e-02 1.07740e-01 1.39019e-01 |
   4566 | 8.70301e+01 1.90602e-02 | 1.25044e-02 1.07740e-01 1.39019e-01 |
   4567 | 8.70492e+01 1.90602e-02 | 1.25044e-02 1.07740e-01 1.39019e-01 |
   4568 | 8.70682e+01 1.90603e-02 | 1.25044e-02 1.07740e-01 1.39019e-01 |
   4569 | 8.70873e+01 1.90603e-02 | 1.25044e-02 1.07740e-01 1.39019e-01 |
   4570 | 8.71063e+01 1.90604e-02 | 1.25044e-02 1.07740e-01 1.39019e-01 |
   4571 | 8.71254e+01 1.90604e-02 | 1.25044e-02 1.07740e-01 1.39019e-01 |
   4572 | 8.71445e+01 1.90605e-02 | 1.25044e-02 1.07740e-01 1.39019e-01 |
   4573 | 8.71635e+01 1.90605e-02 | 1.25044e-02 1.07740e-01 1.39019e-01 |
   4574 | 8.71826e+01 1.90606e-02 | 1.25044e-02 1.07740e-01 1.39019e-01 |
   4575 | 8.72016e+01 1.90606e-02 | 1.25044e-02 1.07740e-01 1.39019e-01 |
   4576 | 8.72207e+01 1.90607e-02 | 1.25044e-02 1.07740e-01 1.39019e-01 |
   4577 | 8.72398e+01 1.90607e-02 | 1.25044e-02 1.07740e-01 1.39019e-01 |
   4578 | 8.72588e+01 1.90607e-02 | 1.25044e-02 1.07740e-01 1.39019e-01 |
   4579 | 8.72779e+01 1.90606e-02 | 1.25044e-02 1.07740e-01 1.39019e-01 |
   4580 | 8.72969e+01 1.90606e-02 | 1.25044e-02 1.07740e-01 1.39019e-01 |
   4581 | 8.73160e+01 1.90606e-02 | 1.25044e-02 1.07740e-01 1.39019e-01 |
   4582 | 8.73351e+01 1.90606e-02 | 1.25044e-02 1.07740e-01 1.39019e-01 |
   4583 | 8.73541e+01 1.90606e-02 | 1.25044e-02 1.07740e-01 1.39019e-01 |
   4584 | 8.73732e+01 1.90607e-02 | 1.25044e-02 1.07740e-01 1.39019e-01 |
   4585 | 8.73923e+01 1.90607e-02 | 1.25044e-02 1.07740e-01 1.39019e-01 |
   4586 | 8.74113e+01 1.90607e-02 | 1.25044e-02 1.07740e-01 1.39019e-01 |
   4587 | 8.74304e+01 1.90607e-02 | 1.25044e-02 1.07740e-01 1.39019e-01 |
   4588 | 8.74494e+01 1.90608e-02 | 1.25044e-02 1.07740e-01 1.39019e-01 |
   4589 | 8.74685e+01 1.90608e-02 | 1.25044e-02 1.07740e-01 1.39019e-01 |
   4590 | 8.74876e+01 1.90609e-02 | 1.25044e-02 1.07740e-01 1.39019e-01 |
   4591 | 8.75066e+01 1.90609e-02 | 1.25044e-02 1.07740e-01 1.39019e-01 |
   4592 | 8.75257e+01 1.90610e-02 | 1.25044e-02 1.07740e-01 1.39019e-01 |
   4593 | 8.75447e+01 1.90610e-02 | 1.25044e-02 1.07740e-01 1.39019e-01 |
   4594 | 8.75638e+01 1.90611e-02 | 1.25044e-02 1.07740e-01 1.39019e-01 |
   4595 | 8.75829e+01 1.90611e-02 | 1.25044e-02 1.07740e-01 1.39019e-01 |
   4596 | 8.76019e+01 1.90610e-02 | 1.25044e-02 1.07740e-01 1.39019e-01 |
   4597 | 8.76210e+01 1.90610e-02 | 1.25044e-02 1.07740e-01 1.39019e-01 |
   4598 | 8.76400e+01 1.90610e-02 | 1.25044e-02 1.07740e-01 1.39019e-01 |
   4599 | 8.76591e+01 1.90609e-02 | 1.25044e-02 1.07740e-01 1.39019e-01 |
   4600 | 8.76782e+01 1.90608e-02 | 1.25044e-02 1.07740e-01 1.39018e-01 |
   4601 | 8.76972e+01 1.90608e-02 | 1.25044e-02 1.07740e-01 1.39018e-01 |
   4602 | 8.77163e+01 1.90607e-02 | 1.25044e-02 1.07740e-01 1.39018e-01 |
   4603 | 8.77353e+01 1.90607e-02 | 1.25044e-02 1.07740e-01 1.39018e-01 |
   4604 | 8.77544e+01 1.90606e-02 | 1.25044e-02 1.07740e-01 1.39018e-01 |
   4605 | 8.77735e+01 1.90606e-02 | 1.25044e-02 1.07740e-01 1.39018e-01 |
   4606 | 8.77925e+01 1.90605e-02 | 1.25044e-02 1.07740e-01 1.39018e-01 |
   4607 | 8.78116e+01 1.90605e-02 | 1.25044e-02 1.07740e-01 1.39018e-01 |
   4608 | 8.78306e+01 1.90604e-02 | 1.25044e-02 1.07740e-01 1.39018e-01 |
   4609 | 8.78497e+01 1.90604e-02 | 1.25044e-02 1.07740e-01 1.39018e-01 |
   4610 | 8.78688e+01 1.90604e-02 | 1.25044e-02 1.07740e-01 1.39018e-01 |
   4611 | 8.78878e+01 1.90604e-02 | 1.25044e-02 1.07740e-01 1.39018e-01 |
   4612 | 8.79069e+01 1.90604e-02 | 1.25044e-02 1.07740e-01 1.39018e-01 |
   4613 | 8.79260e+01 1.90604e-02 | 1.25044e-02 1.07740e-01 1.39018e-01 |
   4614 | 8.79450e+01 1.90604e-02 | 1.25044e-02 1.07740e-01 1.39018e-01 |
   4615 | 8.79641e+01 1.90604e-02 | 1.25044e-02 1.07740e-01 1.39018e-01 |
   4616 | 8.79831e+01 1.90604e-02 | 1.25044e-02 1.07740e-01 1.39018e-01 |
   4617 | 8.80022e+01 1.90604e-02 | 1.25044e-02 1.07740e-01 1.39018e-01 |
   4618 | 8.80213e+01 1.90604e-02 | 1.25044e-02 1.07740e-01 1.39018e-01 |
   4619 | 8.80403e+01 1.90605e-02 | 1.25043e-02 1.07740e-01 1.39018e-01 |
   4620 | 8.80594e+01 1.90605e-02 | 1.25043e-02 1.07740e-01 1.39018e-01 |
   4621 | 8.80784e+01 1.90605e-02 | 1.25043e-02 1.07740e-01 1.39018e-01 |
   4622 | 8.80975e+01 1.90606e-02 | 1.25043e-02 1.07740e-01 1.39018e-01 |
   4623 | 8.81166e+01 1.90606e-02 | 1.25043e-02 1.07740e-01 1.39018e-01 |
   4624 | 8.81356e+01 1.90606e-02 | 1.25043e-02 1.07740e-01 1.39018e-01 |
   4625 | 8.81547e+01 1.90606e-02 | 1.25043e-02 1.07740e-01 1.39018e-01 |
   4626 | 8.81737e+01 1.90605e-02 | 1.25043e-02 1.07740e-01 1.39018e-01 |
   4627 | 8.81928e+01 1.90605e-02 | 1.25043e-02 1.07740e-01 1.39018e-01 |
   4628 | 8.82119e+01 1.90604e-02 | 1.25043e-02 1.07740e-01 1.39018e-01 |
   4629 | 8.82309e+01 1.90604e-02 | 1.25043e-02 1.07740e-01 1.39018e-01 |
   4630 | 8.82500e+01 1.90603e-02 | 1.25043e-02 1.07740e-01 1.39018e-01 |
   4631 | 8.82690e+01 1.90603e-02 | 1.25043e-02 1.07740e-01 1.39018e-01 |
   4632 | 8.82881e+01 1.90603e-02 | 1.25043e-02 1.07740e-01 1.39018e-01 |
   4633 | 8.83072e+01 1.90603e-02 | 1.25043e-02 1.07740e-01 1.39018e-01 |
   4634 | 8.83262e+01 1.90603e-02 | 1.25043e-02 1.07740e-01 1.39018e-01 |
   4635 | 8.83453e+01 1.90602e-02 | 1.25043e-02 1.07740e-01 1.39018e-01 |
   4636 | 8.83643e+01 1.90602e-02 | 1.25043e-02 1.07739e-01 1.39018e-01 |
   4637 | 8.83834e+01 1.90602e-02 | 1.25043e-02 1.07739e-01 1.39018e-01 |
   4638 | 8.84025e+01 1.90603e-02 | 1.25043e-02 1.07739e-01 1.39018e-01 |
   4639 | 8.84215e+01 1.90603e-02 | 1.25043e-02 1.07739e-01 1.39018e-01 |
   4640 | 8.84406e+01 1.90603e-02 | 1.25043e-02 1.07739e-01 1.39018e-01 |
   4641 | 8.84596e+01 1.90603e-02 | 1.25043e-02 1.07739e-01 1.39018e-01 |
   4642 | 8.84787e+01 1.90603e-02 | 1.25043e-02 1.07739e-01 1.39018e-01 |
   4643 | 8.84978e+01 1.90604e-02 | 1.25043e-02 1.07739e-01 1.39018e-01 |
   4644 | 8.85168e+01 1.90604e-02 | 1.25043e-02 1.07739e-01 1.39018e-01 |
   4645 | 8.85359e+01 1.90605e-02 | 1.25043e-02 1.07739e-01 1.39018e-01 |
   4646 | 8.85549e+01 1.90605e-02 | 1.25043e-02 1.07739e-01 1.39018e-01 |
   4647 | 8.85740e+01 1.90605e-02 | 1.25043e-02 1.07739e-01 1.39018e-01 |
   4648 | 8.85931e+01 1.90604e-02 | 1.25043e-02 1.07739e-01 1.39018e-01 |
   4649 | 8.86121e+01 1.90604e-02 | 1.25043e-02 1.07739e-01 1.39018e-01 |
   4650 | 8.86312e+01 1.90604e-02 | 1.25043e-02 1.07739e-01 1.39018e-01 |
   4651 | 8.86502e+01 1.90603e-02 | 1.25043e-02 1.07739e-01 1.39018e-01 |
   4652 | 8.86693e+01 1.90603e-02 | 1.25043e-02 1.07739e-01 1.39018e-01 |
   4653 | 8.86884e+01 1.90603e-02 | 1.25043e-02 1.07739e-01 1.39018e-01 |
   4654 | 8.87074e+01 1.90603e-02 | 1.25043e-02 1.07739e-01 1.39018e-01 |
   4655 | 8.87265e+01 1.90603e-02 | 1.25043e-02 1.07739e-01 1.39018e-01 |
   4656 | 8.87455e+01 1.90603e-02 | 1.25043e-02 1.07739e-01 1.39018e-01 |
   4657 | 8.87646e+01 1.90603e-02 | 1.25043e-02 1.07739e-01 1.39018e-01 |
   4658 | 8.87837e+01 1.90603e-02 | 1.25043e-02 1.07739e-01 1.39018e-01 |
   4659 | 8.88027e+01 1.90603e-02 | 1.25043e-02 1.07739e-01 1.39018e-01 |
   4660 | 8.88218e+01 1.90604e-02 | 1.25043e-02 1.07739e-01 1.39018e-01 |
   4661 | 8.88408e+01 1.90604e-02 | 1.25043e-02 1.07739e-01 1.39018e-01 |
   4662 | 8.88599e+01 1.90604e-02 | 1.25043e-02 1.07739e-01 1.39018e-01 |
   4663 | 8.88790e+01 1.90605e-02 | 1.25043e-02 1.07739e-01 1.39018e-01 |
   4664 | 8.88980e+01 1.90605e-02 | 1.25043e-02 1.07739e-01 1.39018e-01 |
   4665 | 8.89171e+01 1.90606e-02 | 1.25043e-02 1.07739e-01 1.39018e-01 |
   4666 | 8.89362e+01 1.90606e-02 | 1.25043e-02 1.07739e-01 1.39018e-01 |
   4667 | 8.89552e+01 1.90607e-02 | 1.25043e-02 1.07739e-01 1.39018e-01 |
   4668 | 8.89743e+01 1.90607e-02 | 1.25043e-02 1.07739e-01 1.39018e-01 |
   4669 | 8.89933e+01 1.90607e-02 | 1.25043e-02 1.07739e-01 1.39018e-01 |
   4670 | 8.90124e+01 1.90606e-02 | 1.25043e-02 1.07739e-01 1.39018e-01 |
   4671 | 8.90315e+01 1.90606e-02 | 1.25043e-02 1.07739e-01 1.39018e-01 |
   4672 | 8.90505e+01 1.90606e-02 | 1.25043e-02 1.07739e-01 1.39018e-01 |
   4673 | 8.90696e+01 1.90605e-02 | 1.25043e-02 1.07739e-01 1.39018e-01 |
   4674 | 8.90886e+01 1.90605e-02 | 1.25043e-02 1.07739e-01 1.39018e-01 |
   4675 | 8.91077e+01 1.90605e-02 | 1.25043e-02 1.07739e-01 1.39018e-01 |
   4676 | 8.91268e+01 1.90605e-02 | 1.25043e-02 1.07739e-01 1.39018e-01 |
   4677 | 8.91458e+01 1.90605e-02 | 1.25043e-02 1.07739e-01 1.39018e-01 |
   4678 | 8.91649e+01 1.90605e-02 | 1.25043e-02 1.07739e-01 1.39018e-01 |
   4679 | 8.91839e+01 1.90605e-02 | 1.25043e-02 1.07739e-01 1.39018e-01 |
   4680 | 8.92030e+01 1.90605e-02 | 1.25043e-02 1.07739e-01 1.39018e-01 |
   4681 | 8.92221e+01 1.90605e-02 | 1.25043e-02 1.07739e-01 1.39018e-01 |
   4682 | 8.92411e+01 1.90605e-02 | 1.25043e-02 1.07739e-01 1.39018e-01 |
   4683 | 8.92602e+01 1.90605e-02 | 1.25043e-02 1.07739e-01 1.39018e-01 |
   4684 | 8.92792e+01 1.90606e-02 | 1.25043e-02 1.07739e-01 1.39018e-01 |
   4685 | 8.92983e+01 1.90606e-02 | 1.25043e-02 1.07739e-01 1.39018e-01 |
   4686 | 8.93174e+01 1.90607e-02 | 1.25043e-02 1.07739e-01 1.39018e-01 |
   4687 | 8.93364e+01 1.90607e-02 | 1.25043e-02 1.07739e-01 1.39018e-01 |
   4688 | 8.93555e+01 1.90607e-02 | 1.25043e-02 1.07739e-01 1.39018e-01 |
   4689 | 8.93745e+01 1.90608e-02 | 1.25043e-02 1.07739e-01 1.39018e-01 |
   4690 | 8.93936e+01 1.90608e-02 | 1.25043e-02 1.07739e-01 1.39018e-01 |
   4691 | 8.94127e+01 1.90608e-02 | 1.25043e-02 1.07739e-01 1.39018e-01 |
   4692 | 8.94317e+01 1.90608e-02 | 1.25043e-02 1.07739e-01 1.39018e-01 |
   4693 | 8.94508e+01 1.90608e-02 | 1.25043e-02 1.07739e-01 1.39018e-01 |
   4694 | 8.94698e+01 1.90609e-02 | 1.25043e-02 1.07739e-01 1.39018e-01 |
   4695 | 8.94889e+01 1.90609e-02 | 1.25043e-02 1.07739e-01 1.39018e-01 |
   4696 | 8.95080e+01 1.90609e-02 | 1.25043e-02 1.07739e-01 1.39018e-01 |
   4697 | 8.95270e+01 1.90610e-02 | 1.25043e-02 1.07739e-01 1.39018e-01 |
   4698 | 8.95461e+01 1.90609e-02 | 1.25043e-02 1.07739e-01 1.39018e-01 |
   4699 | 8.95652e+01 1.90608e-02 | 1.25043e-02 1.07739e-01 1.39018e-01 |
   4700 | 8.95842e+01 1.90608e-02 | 1.25043e-02 1.07739e-01 1.39018e-01 |
   4701 | 8.96033e+01 1.90607e-02 | 1.25043e-02 1.07739e-01 1.39018e-01 |
   4702 | 8.96223e+01 1.90607e-02 | 1.25043e-02 1.07739e-01 1.39018e-01 |
   4703 | 8.96414e+01 1.90606e-02 | 1.25043e-02 1.07739e-01 1.39018e-01 |
   4704 | 8.96605e+01 1.90606e-02 | 1.25043e-02 1.07739e-01 1.39018e-01 |
   4705 | 8.96795e+01 1.90606e-02 | 1.25043e-02 1.07739e-01 1.39018e-01 |
   4706 | 8.96986e+01 1.90606e-02 | 1.25043e-02 1.07739e-01 1.39018e-01 |
   4707 | 8.97176e+01 1.90605e-02 | 1.25043e-02 1.07738e-01 1.39018e-01 |
   4708 | 8.97367e+01 1.90605e-02 | 1.25043e-02 1.07738e-01 1.39018e-01 |
   4709 | 8.97558e+01 1.90605e-02 | 1.25043e-02 1.07738e-01 1.39018e-01 |
   4710 | 8.97748e+01 1.90605e-02 | 1.25043e-02 1.07738e-01 1.39018e-01 |
   4711 | 8.97939e+01 1.90605e-02 | 1.25043e-02 1.07738e-01 1.39018e-01 |
   4712 | 8.98129e+01 1.90605e-02 | 1.25043e-02 1.07738e-01 1.39018e-01 |
   4713 | 8.98320e+01 1.90605e-02 | 1.25043e-02 1.07738e-01 1.39018e-01 |
   4714 | 8.98511e+01 1.90605e-02 | 1.25043e-02 1.07738e-01 1.39018e-01 |
   4715 | 8.98701e+01 1.90606e-02 | 1.25043e-02 1.07738e-01 1.39018e-01 |
   4716 | 8.98892e+01 1.90606e-02 | 1.25043e-02 1.07738e-01 1.39018e-01 |
   4717 | 8.99082e+01 1.90606e-02 | 1.25043e-02 1.07738e-01 1.39018e-01 |
   4718 | 8.99273e+01 1.90605e-02 | 1.25043e-02 1.07738e-01 1.39018e-01 |
   4719 | 8.99464e+01 1.90604e-02 | 1.25043e-02 1.07738e-01 1.39018e-01 |
   4720 | 8.99654e+01 1.90604e-02 | 1.25043e-02 1.07738e-01 1.39018e-01 |
   4721 | 8.99845e+01 1.90603e-02 | 1.25043e-02 1.07738e-01 1.39018e-01 |
   4722 | 9.00035e+01 1.90603e-02 | 1.25043e-02 1.07738e-01 1.39018e-01 |
   4723 | 9.00226e+01 1.90603e-02 | 1.25043e-02 1.07738e-01 1.39018e-01 |
   4724 | 9.00417e+01 1.90602e-02 | 1.25043e-02 1.07738e-01 1.39018e-01 |
   4725 | 9.00607e+01 1.90602e-02 | 1.25043e-02 1.07738e-01 1.39018e-01 |
   4726 | 9.00798e+01 1.90602e-02 | 1.25043e-02 1.07738e-01 1.39018e-01 |
   4727 | 9.00988e+01 1.90602e-02 | 1.25042e-02 1.07738e-01 1.39018e-01 |
   4728 | 9.01179e+01 1.90602e-02 | 1.25042e-02 1.07738e-01 1.39018e-01 |
   4729 | 9.01370e+01 1.90602e-02 | 1.25042e-02 1.07738e-01 1.39018e-01 |
   4730 | 9.01560e+01 1.90602e-02 | 1.25042e-02 1.07738e-01 1.39018e-01 |
   4731 | 9.01751e+01 1.90602e-02 | 1.25042e-02 1.07738e-01 1.39018e-01 |
   4732 | 9.01941e+01 1.90602e-02 | 1.25042e-02 1.07738e-01 1.39018e-01 |
   4733 | 9.02132e+01 1.90602e-02 | 1.25042e-02 1.07738e-01 1.39018e-01 |
   4734 | 9.02323e+01 1.90602e-02 | 1.25042e-02 1.07738e-01 1.39018e-01 |
   4735 | 9.02513e+01 1.90603e-02 | 1.25042e-02 1.07738e-01 1.39018e-01 |
   4736 | 9.02704e+01 1.90603e-02 | 1.25042e-02 1.07738e-01 1.39018e-01 |
   4737 | 9.02894e+01 1.90603e-02 | 1.25042e-02 1.07738e-01 1.39018e-01 |
   4738 | 9.03085e+01 1.90604e-02 | 1.25042e-02 1.07738e-01 1.39018e-01 |
   4739 | 9.03276e+01 1.90604e-02 | 1.25042e-02 1.07738e-01 1.39018e-01 |
   4740 | 9.03466e+01 1.90605e-02 | 1.25042e-02 1.07738e-01 1.39018e-01 |
   4741 | 9.03657e+01 1.90605e-02 | 1.25042e-02 1.07738e-01 1.39018e-01 |
   4742 | 9.03848e+01 1.90605e-02 | 1.25042e-02 1.07738e-01 1.39018e-01 |
   4743 | 9.04038e+01 1.90604e-02 | 1.25042e-02 1.07738e-01 1.39018e-01 |
   4744 | 9.04229e+01 1.90604e-02 | 1.25042e-02 1.07738e-01 1.39018e-01 |
   4745 | 9.04419e+01 1.90603e-02 | 1.25042e-02 1.07738e-01 1.39018e-01 |
   4746 | 9.04610e+01 1.90603e-02 | 1.25042e-02 1.07738e-01 1.39018e-01 |
   4747 | 9.04801e+01 1.90603e-02 | 1.25042e-02 1.07738e-01 1.39018e-01 |
   4748 | 9.04991e+01 1.90603e-02 | 1.25042e-02 1.07738e-01 1.39018e-01 |
   4749 | 9.05182e+01 1.90602e-02 | 1.25042e-02 1.07738e-01 1.39018e-01 |
   4750 | 9.05372e+01 1.90602e-02 | 1.25042e-02 1.07738e-01 1.39018e-01 |
   4751 | 9.05563e+01 1.90602e-02 | 1.25042e-02 1.07738e-01 1.39018e-01 |
   4752 | 9.05754e+01 1.90602e-02 | 1.25042e-02 1.07738e-01 1.39018e-01 |
   4753 | 9.05944e+01 1.90602e-02 | 1.25042e-02 1.07738e-01 1.39018e-01 |
   4754 | 9.06135e+01 1.90602e-02 | 1.25042e-02 1.07738e-01 1.39018e-01 |
   4755 | 9.06325e+01 1.90602e-02 | 1.25042e-02 1.07738e-01 1.39018e-01 |
   4756 | 9.06516e+01 1.90603e-02 | 1.25042e-02 1.07738e-01 1.39018e-01 |
   4757 | 9.06707e+01 1.90603e-02 | 1.25042e-02 1.07738e-01 1.39018e-01 |
   4758 | 9.06897e+01 1.90603e-02 | 1.25042e-02 1.07738e-01 1.39018e-01 |
   4759 | 9.07088e+01 1.90604e-02 | 1.25042e-02 1.07738e-01 1.39018e-01 |
   4760 | 9.07278e+01 1.90604e-02 | 1.25042e-02 1.07738e-01 1.39018e-01 |
   4761 | 9.07469e+01 1.90604e-02 | 1.25042e-02 1.07738e-01 1.39018e-01 |
   4762 | 9.07660e+01 1.90605e-02 | 1.25042e-02 1.07738e-01 1.39018e-01 |
   4763 | 9.07850e+01 1.90605e-02 | 1.25042e-02 1.07738e-01 1.39018e-01 |
   4764 | 9.08041e+01 1.90606e-02 | 1.25042e-02 1.07738e-01 1.39018e-01 |
   4765 | 9.08231e+01 1.90607e-02 | 1.25042e-02 1.07738e-01 1.39018e-01 |
   4766 | 9.08422e+01 1.90607e-02 | 1.25042e-02 1.07738e-01 1.39018e-01 |
   4767 | 9.08613e+01 1.90608e-02 | 1.25042e-02 1.07738e-01 1.39017e-01 |
   4768 | 9.08803e+01 1.90609e-02 | 1.25042e-02 1.07738e-01 1.39017e-01 |
   4769 | 9.08994e+01 1.90610e-02 | 1.25042e-02 1.07738e-01 1.39017e-01 |
   4770 | 9.09184e+01 1.90610e-02 | 1.25042e-02 1.07738e-01 1.39017e-01 |
   4771 | 9.09375e+01 1.90610e-02 | 1.25042e-02 1.07738e-01 1.39017e-01 |
   4772 | 9.09566e+01 1.90610e-02 | 1.25042e-02 1.07738e-01 1.39017e-01 |
   4773 | 9.09756e+01 1.90610e-02 | 1.25042e-02 1.07738e-01 1.39017e-01 |
   4774 | 9.09947e+01 1.90610e-02 | 1.25042e-02 1.07738e-01 1.39017e-01 |
   4775 | 9.10137e+01 1.90610e-02 | 1.25042e-02 1.07738e-01 1.39017e-01 |
   4776 | 9.10328e+01 1.90610e-02 | 1.25042e-02 1.07738e-01 1.39017e-01 |
   4777 | 9.10519e+01 1.90611e-02 | 1.25042e-02 1.07738e-01 1.39017e-01 |
   4778 | 9.10709e+01 1.90611e-02 | 1.25042e-02 1.07737e-01 1.39017e-01 |
   4779 | 9.10900e+01 1.90610e-02 | 1.25042e-02 1.07737e-01 1.39017e-01 |
   4780 | 9.11091e+01 1.90610e-02 | 1.25042e-02 1.07737e-01 1.39017e-01 |
   4781 | 9.11281e+01 1.90610e-02 | 1.25042e-02 1.07737e-01 1.39017e-01 |
   4782 | 9.11472e+01 1.90610e-02 | 1.25042e-02 1.07737e-01 1.39017e-01 |
   4783 | 9.11662e+01 1.90610e-02 | 1.25042e-02 1.07737e-01 1.39017e-01 |
   4784 | 9.11853e+01 1.90610e-02 | 1.25042e-02 1.07737e-01 1.39017e-01 |
   4785 | 9.12044e+01 1.90610e-02 | 1.25042e-02 1.07737e-01 1.39017e-01 |
   4786 | 9.12234e+01 1.90610e-02 | 1.25042e-02 1.07737e-01 1.39017e-01 |
   4787 | 9.12425e+01 1.90609e-02 | 1.25042e-02 1.07737e-01 1.39017e-01 |
   4788 | 9.12615e+01 1.90609e-02 | 1.25042e-02 1.07737e-01 1.39017e-01 |
   4789 | 9.12806e+01 1.90608e-02 | 1.25042e-02 1.07737e-01 1.39017e-01 |
   4790 | 9.12997e+01 1.90607e-02 | 1.25042e-02 1.07737e-01 1.39017e-01 |
   4791 | 9.13187e+01 1.90606e-02 | 1.25042e-02 1.07737e-01 1.39017e-01 |
   4792 | 9.13378e+01 1.90606e-02 | 1.25042e-02 1.07737e-01 1.39017e-01 |
   4793 | 9.13568e+01 1.90605e-02 | 1.25042e-02 1.07737e-01 1.39017e-01 |
   4794 | 9.13759e+01 1.90605e-02 | 1.25042e-02 1.07737e-01 1.39017e-01 |
   4795 | 9.13950e+01 1.90604e-02 | 1.25042e-02 1.07737e-01 1.39017e-01 |
   4796 | 9.14140e+01 1.90604e-02 | 1.25042e-02 1.07737e-01 1.39017e-01 |
   4797 | 9.14331e+01 1.90603e-02 | 1.25042e-02 1.07737e-01 1.39017e-01 |
   4798 | 9.14521e+01 1.90603e-02 | 1.25042e-02 1.07737e-01 1.39017e-01 |
   4799 | 9.14712e+01 1.90603e-02 | 1.25042e-02 1.07737e-01 1.39017e-01 |
   4800 | 9.14903e+01 1.90602e-02 | 1.25042e-02 1.07737e-01 1.39017e-01 |
   4801 | 9.15093e+01 1.90602e-02 | 1.25042e-02 1.07737e-01 1.39017e-01 |
   4802 | 9.15284e+01 1.90602e-02 | 1.25042e-02 1.07737e-01 1.39017e-01 |
   4803 | 9.15474e+01 1.90602e-02 | 1.25042e-02 1.07737e-01 1.39017e-01 |
   4804 | 9.15665e+01 1.90602e-02 | 1.25042e-02 1.07737e-01 1.39017e-01 |
   4805 | 9.15856e+01 1.90602e-02 | 1.25042e-02 1.07737e-01 1.39017e-01 |
   4806 | 9.16046e+01 1.90602e-02 | 1.25042e-02 1.07737e-01 1.39017e-01 |
   4807 | 9.16237e+01 1.90602e-02 | 1.25042e-02 1.07737e-01 1.39017e-01 |
   4808 | 9.16427e+01 1.90603e-02 | 1.25042e-02 1.07737e-01 1.39017e-01 |
   4809 | 9.16618e+01 1.90603e-02 | 1.25042e-02 1.07737e-01 1.39017e-01 |
   4810 | 9.16809e+01 1.90603e-02 | 1.25042e-02 1.07737e-01 1.39017e-01 |
   4811 | 9.16999e+01 1.90604e-02 | 1.25042e-02 1.07737e-01 1.39017e-01 |
   4812 | 9.17190e+01 1.90604e-02 | 1.25042e-02 1.07737e-01 1.39017e-01 |
   4813 | 9.17381e+01 1.90604e-02 | 1.25042e-02 1.07737e-01 1.39017e-01 |
   4814 | 9.17571e+01 1.90605e-02 | 1.25042e-02 1.07737e-01 1.39017e-01 |
   4815 | 9.17762e+01 1.90605e-02 | 1.25042e-02 1.07737e-01 1.39017e-01 |
   4816 | 9.17952e+01 1.90604e-02 | 1.25042e-02 1.07737e-01 1.39017e-01 |
   4817 | 9.18143e+01 1.90604e-02 | 1.25042e-02 1.07737e-01 1.39017e-01 |
   4818 | 9.18334e+01 1.90603e-02 | 1.25042e-02 1.07737e-01 1.39017e-01 |
   4819 | 9.18524e+01 1.90603e-02 | 1.25042e-02 1.07737e-01 1.39017e-01 |
   4820 | 9.18715e+01 1.90603e-02 | 1.25042e-02 1.07737e-01 1.39017e-01 |
   4821 | 9.18905e+01 1.90602e-02 | 1.25042e-02 1.07737e-01 1.39017e-01 |
   4822 | 9.19096e+01 1.90602e-02 | 1.25042e-02 1.07737e-01 1.39017e-01 |
   4823 | 9.19287e+01 1.90602e-02 | 1.25042e-02 1.07737e-01 1.39017e-01 |
   4824 | 9.19477e+01 1.90602e-02 | 1.25042e-02 1.07737e-01 1.39017e-01 |
   4825 | 9.19668e+01 1.90602e-02 | 1.25042e-02 1.07737e-01 1.39017e-01 |
   4826 | 9.19858e+01 1.90602e-02 | 1.25041e-02 1.07737e-01 1.39017e-01 |
   4827 | 9.20049e+01 1.90602e-02 | 1.25041e-02 1.07737e-01 1.39017e-01 |
   4828 | 9.20240e+01 1.90602e-02 | 1.25041e-02 1.07737e-01 1.39017e-01 |
   4829 | 9.20430e+01 1.90602e-02 | 1.25041e-02 1.07737e-01 1.39017e-01 |
   4830 | 9.20621e+01 1.90602e-02 | 1.25041e-02 1.07737e-01 1.39017e-01 |
   4831 | 9.20811e+01 1.90602e-02 | 1.25041e-02 1.07737e-01 1.39017e-01 |
   4832 | 9.21002e+01 1.90602e-02 | 1.25041e-02 1.07737e-01 1.39017e-01 |
   4833 | 9.21193e+01 1.90603e-02 | 1.25041e-02 1.07737e-01 1.39017e-01 |
   4834 | 9.21383e+01 1.90603e-02 | 1.25041e-02 1.07737e-01 1.39017e-01 |
   4835 | 9.21574e+01 1.90604e-02 | 1.25041e-02 1.07737e-01 1.39017e-01 |
   4836 | 9.21764e+01 1.90604e-02 | 1.25041e-02 1.07737e-01 1.39017e-01 |
   4837 | 9.21955e+01 1.90605e-02 | 1.25041e-02 1.07737e-01 1.39017e-01 |
   4838 | 9.22146e+01 1.90605e-02 | 1.25041e-02 1.07737e-01 1.39017e-01 |
   4839 | 9.22336e+01 1.90606e-02 | 1.25041e-02 1.07737e-01 1.39017e-01 |
   4840 | 9.22527e+01 1.90606e-02 | 1.25041e-02 1.07737e-01 1.39017e-01 |
   4841 | 9.22717e+01 1.90606e-02 | 1.25041e-02 1.07737e-01 1.39017e-01 |
   4842 | 9.22908e+01 1.90606e-02 | 1.25041e-02 1.07737e-01 1.39017e-01 |
   4843 | 9.23099e+01 1.90605e-02 | 1.25041e-02 1.07737e-01 1.39017e-01 |
   4844 | 9.23289e+01 1.90605e-02 | 1.25041e-02 1.07737e-01 1.39017e-01 |
   4845 | 9.23480e+01 1.90605e-02 | 1.25041e-02 1.07737e-01 1.39017e-01 |
   4846 | 9.23670e+01 1.90605e-02 | 1.25041e-02 1.07737e-01 1.39017e-01 |
   4847 | 9.23861e+01 1.90605e-02 | 1.25041e-02 1.07737e-01 1.39017e-01 |
   4848 | 9.24052e+01 1.90605e-02 | 1.25041e-02 1.07737e-01 1.39017e-01 |
   4849 | 9.24242e+01 1.90606e-02 | 1.25041e-02 1.07736e-01 1.39017e-01 |
   4850 | 9.24433e+01 1.90606e-02 | 1.25041e-02 1.07736e-01 1.39017e-01 |
   4851 | 9.24623e+01 1.90606e-02 | 1.25041e-02 1.07736e-01 1.39017e-01 |
   4852 | 9.24814e+01 1.90606e-02 | 1.25041e-02 1.07736e-01 1.39017e-01 |
   4853 | 9.25005e+01 1.90607e-02 | 1.25041e-02 1.07736e-01 1.39017e-01 |
   4854 | 9.25195e+01 1.90607e-02 | 1.25041e-02 1.07736e-01 1.39017e-01 |
   4855 | 9.25386e+01 1.90608e-02 | 1.25041e-02 1.07736e-01 1.39017e-01 |
   4856 | 9.25576e+01 1.90608e-02 | 1.25041e-02 1.07736e-01 1.39017e-01 |
   4857 | 9.25767e+01 1.90609e-02 | 1.25041e-02 1.07736e-01 1.39017e-01 |
   4858 | 9.25958e+01 1.90609e-02 | 1.25041e-02 1.07736e-01 1.39017e-01 |
   4859 | 9.26148e+01 1.90610e-02 | 1.25041e-02 1.07736e-01 1.39017e-01 |
   4860 | 9.26339e+01 1.90609e-02 | 1.25041e-02 1.07736e-01 1.39017e-01 |
   4861 | 9.26530e+01 1.90609e-02 | 1.25041e-02 1.07736e-01 1.39017e-01 |
   4862 | 9.26720e+01 1.90609e-02 | 1.25041e-02 1.07736e-01 1.39017e-01 |
   4863 | 9.26911e+01 1.90608e-02 | 1.25041e-02 1.07736e-01 1.39017e-01 |
   4864 | 9.27101e+01 1.90608e-02 | 1.25041e-02 1.07736e-01 1.39017e-01 |
   4865 | 9.27292e+01 1.90608e-02 | 1.25041e-02 1.07736e-01 1.39017e-01 |
   4866 | 9.27483e+01 1.90608e-02 | 1.25041e-02 1.07736e-01 1.39017e-01 |
   4867 | 9.27673e+01 1.90608e-02 | 1.25041e-02 1.07736e-01 1.39017e-01 |
   4868 | 9.27864e+01 1.90607e-02 | 1.25041e-02 1.07736e-01 1.39017e-01 |
   4869 | 9.28054e+01 1.90607e-02 | 1.25041e-02 1.07736e-01 1.39017e-01 |
   4870 | 9.28245e+01 1.90606e-02 | 1.25041e-02 1.07736e-01 1.39017e-01 |
   4871 | 9.28436e+01 1.90606e-02 | 1.25041e-02 1.07736e-01 1.39017e-01 |
   4872 | 9.28626e+01 1.90605e-02 | 1.25041e-02 1.07736e-01 1.39017e-01 |
   4873 | 9.28817e+01 1.90605e-02 | 1.25041e-02 1.07736e-01 1.39017e-01 |
   4874 | 9.29007e+01 1.90605e-02 | 1.25041e-02 1.07736e-01 1.39017e-01 |
   4875 | 9.29198e+01 1.90605e-02 | 1.25041e-02 1.07736e-01 1.39017e-01 |
   4876 | 9.29389e+01 1.90605e-02 | 1.25041e-02 1.07736e-01 1.39017e-01 |
   4877 | 9.29579e+01 1.90605e-02 | 1.25041e-02 1.07736e-01 1.39017e-01 |
   4878 | 9.29770e+01 1.90604e-02 | 1.25041e-02 1.07736e-01 1.39017e-01 |
   4879 | 9.29960e+01 1.90605e-02 | 1.25041e-02 1.07736e-01 1.39017e-01 |
   4880 | 9.30151e+01 1.90605e-02 | 1.25041e-02 1.07736e-01 1.39017e-01 |
   4881 | 9.30342e+01 1.90605e-02 | 1.25041e-02 1.07736e-01 1.39017e-01 |
   4882 | 9.30532e+01 1.90605e-02 | 1.25041e-02 1.07736e-01 1.39017e-01 |
   4883 | 9.30723e+01 1.90605e-02 | 1.25041e-02 1.07736e-01 1.39017e-01 |
   4884 | 9.30913e+01 1.90605e-02 | 1.25041e-02 1.07736e-01 1.39017e-01 |
   4885 | 9.31104e+01 1.90606e-02 | 1.25041e-02 1.07736e-01 1.39017e-01 |
   4886 | 9.31295e+01 1.90606e-02 | 1.25041e-02 1.07736e-01 1.39017e-01 |
   4887 | 9.31485e+01 1.90607e-02 | 1.25041e-02 1.07736e-01 1.39017e-01 |
   4888 | 9.31676e+01 1.90607e-02 | 1.25041e-02 1.07736e-01 1.39017e-01 |
   4889 | 9.31867e+01 1.90606e-02 | 1.25041e-02 1.07736e-01 1.39017e-01 |
   4890 | 9.32057e+01 1.90606e-02 | 1.25041e-02 1.07736e-01 1.39017e-01 |
   4891 | 9.32248e+01 1.90605e-02 | 1.25041e-02 1.07736e-01 1.39017e-01 |
   4892 | 9.32438e+01 1.90605e-02 | 1.25041e-02 1.07736e-01 1.39017e-01 |
   4893 | 9.32629e+01 1.90604e-02 | 1.25041e-02 1.07736e-01 1.39017e-01 |
   4894 | 9.32820e+01 1.90604e-02 | 1.25041e-02 1.07736e-01 1.39017e-01 |
   4895 | 9.33010e+01 1.90604e-02 | 1.25041e-02 1.07736e-01 1.39017e-01 |
   4896 | 9.33201e+01 1.90603e-02 | 1.25041e-02 1.07736e-01 1.39017e-01 |
   4897 | 9.33391e+01 1.90603e-02 | 1.25041e-02 1.07736e-01 1.39017e-01 |
   4898 | 9.33582e+01 1.90603e-02 | 1.25041e-02 1.07736e-01 1.39017e-01 |
   4899 | 9.33773e+01 1.90603e-02 | 1.25041e-02 1.07736e-01 1.39017e-01 |
   4900 | 9.33963e+01 1.90603e-02 | 1.25041e-02 1.07736e-01 1.39017e-01 |
   4901 | 9.34154e+01 1.90603e-02 | 1.25041e-02 1.07736e-01 1.39017e-01 |
   4902 | 9.34344e+01 1.90603e-02 | 1.25041e-02 1.07736e-01 1.39017e-01 |
   4903 | 9.34535e+01 1.90603e-02 | 1.25041e-02 1.07736e-01 1.39017e-01 |
   4904 | 9.34726e+01 1.90603e-02 | 1.25041e-02 1.07736e-01 1.39017e-01 |
   4905 | 9.34916e+01 1.90603e-02 | 1.25041e-02 1.07736e-01 1.39017e-01 |
   4906 | 9.35107e+01 1.90604e-02 | 1.25041e-02 1.07736e-01 1.39017e-01 |
   4907 | 9.35297e+01 1.90604e-02 | 1.25041e-02 1.07736e-01 1.39017e-01 |
   4908 | 9.35488e+01 1.90604e-02 | 1.25041e-02 1.07736e-01 1.39017e-01 |
   4909 | 9.35679e+01 1.90605e-02 | 1.25041e-02 1.07736e-01 1.39017e-01 |
   4910 | 9.35869e+01 1.90605e-02 | 1.25041e-02 1.07736e-01 1.39017e-01 |
   4911 | 9.36060e+01 1.90604e-02 | 1.25041e-02 1.07736e-01 1.39017e-01 |
   4912 | 9.36250e+01 1.90604e-02 | 1.25041e-02 1.07736e-01 1.39017e-01 |
   4913 | 9.36441e+01 1.90604e-02 | 1.25040e-02 1.07736e-01 1.39017e-01 |
   4914 | 9.36632e+01 1.90603e-02 | 1.25040e-02 1.07736e-01 1.39017e-01 |
   4915 | 9.36822e+01 1.90603e-02 | 1.25040e-02 1.07736e-01 1.39017e-01 |
   4916 | 9.37013e+01 1.90603e-02 | 1.25040e-02 1.07736e-01 1.39017e-01 |
   4917 | 9.37203e+01 1.90603e-02 | 1.25040e-02 1.07736e-01 1.39017e-01 |
   4918 | 9.37394e+01 1.90603e-02 | 1.25040e-02 1.07736e-01 1.39017e-01 |
   4919 | 9.37585e+01 1.90602e-02 | 1.25040e-02 1.07736e-01 1.39016e-01 |
   4920 | 9.37775e+01 1.90602e-02 | 1.25040e-02 1.07736e-01 1.39016e-01 |
   4921 | 9.37966e+01 1.90602e-02 | 1.25040e-02 1.07735e-01 1.39016e-01 |
   4922 | 9.38156e+01 1.90603e-02 | 1.25040e-02 1.07735e-01 1.39016e-01 |
   4923 | 9.38347e+01 1.90603e-02 | 1.25040e-02 1.07735e-01 1.39016e-01 |
   4924 | 9.38538e+01 1.90603e-02 | 1.25040e-02 1.07735e-01 1.39016e-01 |
   4925 | 9.38728e+01 1.90603e-02 | 1.25040e-02 1.07735e-01 1.39016e-01 |
   4926 | 9.38919e+01 1.90604e-02 | 1.25040e-02 1.07735e-01 1.39016e-01 |
   4927 | 9.39109e+01 1.90604e-02 | 1.25040e-02 1.07735e-01 1.39016e-01 |
   4928 | 9.39300e+01 1.90604e-02 | 1.25040e-02 1.07735e-01 1.39016e-01 |
   4929 | 9.39491e+01 1.90605e-02 | 1.25040e-02 1.07735e-01 1.39016e-01 |
   4930 | 9.39681e+01 1.90605e-02 | 1.25040e-02 1.07735e-01 1.39016e-01 |
   4931 | 9.39872e+01 1.90606e-02 | 1.25040e-02 1.07735e-01 1.39016e-01 |
   4932 | 9.40062e+01 1.90606e-02 | 1.25040e-02 1.07735e-01 1.39016e-01 |
   4933 | 9.40253e+01 1.90606e-02 | 1.25040e-02 1.07735e-01 1.39016e-01 |
   4934 | 9.40444e+01 1.90606e-02 | 1.25040e-02 1.07735e-01 1.39016e-01 |
   4935 | 9.40634e+01 1.90605e-02 | 1.25040e-02 1.07735e-01 1.39016e-01 |
   4936 | 9.40825e+01 1.90605e-02 | 1.25040e-02 1.07735e-01 1.39016e-01 |
   4937 | 9.41015e+01 1.90605e-02 | 1.25040e-02 1.07735e-01 1.39016e-01 |
   4938 | 9.41206e+01 1.90604e-02 | 1.25040e-02 1.07735e-01 1.39016e-01 |
   4939 | 9.41397e+01 1.90604e-02 | 1.25040e-02 1.07735e-01 1.39016e-01 |
   4940 | 9.41587e+01 1.90604e-02 | 1.25040e-02 1.07735e-01 1.39016e-01 |
   4941 | 9.41778e+01 1.90604e-02 | 1.25040e-02 1.07735e-01 1.39016e-01 |
   4942 | 9.41969e+01 1.90604e-02 | 1.25040e-02 1.07735e-01 1.39016e-01 |
   4943 | 9.42159e+01 1.90604e-02 | 1.25040e-02 1.07735e-01 1.39016e-01 |
   4944 | 9.42350e+01 1.90604e-02 | 1.25040e-02 1.07735e-01 1.39016e-01 |
   4945 | 9.42540e+01 1.90604e-02 | 1.25040e-02 1.07735e-01 1.39016e-01 |
   4946 | 9.42731e+01 1.90604e-02 | 1.25040e-02 1.07735e-01 1.39016e-01 |
   4947 | 9.42922e+01 1.90604e-02 | 1.25040e-02 1.07735e-01 1.39016e-01 |
   4948 | 9.43112e+01 1.90605e-02 | 1.25040e-02 1.07735e-01 1.39016e-01 |
   4949 | 9.43303e+01 1.90605e-02 | 1.25040e-02 1.07735e-01 1.39016e-01 |
   4950 | 9.43493e+01 1.90605e-02 | 1.25040e-02 1.07735e-01 1.39016e-01 |
   4951 | 9.43684e+01 1.90606e-02 | 1.25040e-02 1.07735e-01 1.39016e-01 |
   4952 | 9.43875e+01 1.90606e-02 | 1.25040e-02 1.07735e-01 1.39016e-01 |
   4953 | 9.44065e+01 1.90607e-02 | 1.25040e-02 1.07735e-01 1.39016e-01 |
   4954 | 9.44256e+01 1.90607e-02 | 1.25040e-02 1.07735e-01 1.39016e-01 |
   4955 | 9.44446e+01 1.90608e-02 | 1.25040e-02 1.07735e-01 1.39016e-01 |
   4956 | 9.44637e+01 1.90609e-02 | 1.25040e-02 1.07735e-01 1.39016e-01 |
   4957 | 9.44828e+01 1.90609e-02 | 1.25040e-02 1.07735e-01 1.39016e-01 |
   4958 | 9.45018e+01 1.90610e-02 | 1.25040e-02 1.07735e-01 1.39016e-01 |
   4959 | 9.45209e+01 1.90610e-02 | 1.25040e-02 1.07735e-01 1.39016e-01 |
   4960 | 9.45399e+01 1.90610e-02 | 1.25040e-02 1.07735e-01 1.39016e-01 |
   4961 | 9.45590e+01 1.90611e-02 | 1.25040e-02 1.07735e-01 1.39016e-01 |
   4962 | 9.45781e+01 1.90611e-02 | 1.25040e-02 1.07735e-01 1.39016e-01 |
   4963 | 9.45971e+01 1.90610e-02 | 1.25040e-02 1.07735e-01 1.39016e-01 |
   4964 | 9.46162e+01 1.90609e-02 | 1.25040e-02 1.07735e-01 1.39016e-01 |
   4965 | 9.46352e+01 1.90609e-02 | 1.25040e-02 1.07735e-01 1.39016e-01 |
   4966 | 9.46543e+01 1.90608e-02 | 1.25040e-02 1.07735e-01 1.39016e-01 |
   4967 | 9.46734e+01 1.90608e-02 | 1.25040e-02 1.07735e-01 1.39016e-01 |
   4968 | 9.46924e+01 1.90607e-02 | 1.25040e-02 1.07735e-01 1.39016e-01 |
   4969 | 9.47115e+01 1.90607e-02 | 1.25040e-02 1.07735e-01 1.39016e-01 |
   4970 | 9.47306e+01 1.90607e-02 | 1.25040e-02 1.07735e-01 1.39016e-01 |
   4971 | 9.47496e+01 1.90606e-02 | 1.25040e-02 1.07735e-01 1.39016e-01 |
   4972 | 9.47687e+01 1.90606e-02 | 1.25040e-02 1.07735e-01 1.39016e-01 |
   4973 | 9.47877e+01 1.90606e-02 | 1.25040e-02 1.07735e-01 1.39016e-01 |
   4974 | 9.48068e+01 1.90606e-02 | 1.25040e-02 1.07735e-01 1.39016e-01 |
   4975 | 9.48259e+01 1.90606e-02 | 1.25040e-02 1.07735e-01 1.39016e-01 |
   4976 | 9.48449e+01 1.90606e-02 | 1.25040e-02 1.07735e-01 1.39016e-01 |
   4977 | 9.48640e+01 1.90606e-02 | 1.25040e-02 1.07735e-01 1.39016e-01 |
   4978 | 9.48830e+01 1.90606e-02 | 1.25040e-02 1.07735e-01 1.39016e-01 |
   4979 | 9.49021e+01 1.90606e-02 | 1.25040e-02 1.07735e-01 1.39016e-01 |
   4980 | 9.49212e+01 1.90607e-02 | 1.25040e-02 1.07735e-01 1.39016e-01 |
   4981 | 9.49402e+01 1.90606e-02 | 1.25040e-02 1.07735e-01 1.39016e-01 |
   4982 | 9.49593e+01 1.90605e-02 | 1.25040e-02 1.07735e-01 1.39016e-01 |
   4983 | 9.49783e+01 1.90605e-02 | 1.25040e-02 1.07735e-01 1.39016e-01 |
   4984 | 9.49974e+01 1.90604e-02 | 1.25040e-02 1.07735e-01 1.39016e-01 |
   4985 | 9.50165e+01 1.90604e-02 | 1.25040e-02 1.07735e-01 1.39016e-01 |
   4986 | 9.50355e+01 1.90603e-02 | 1.25040e-02 1.07735e-01 1.39016e-01 |
   4987 | 9.50546e+01 1.90603e-02 | 1.25040e-02 1.07735e-01 1.39016e-01 |
   4988 | 9.50736e+01 1.90602e-02 | 1.25040e-02 1.07735e-01 1.39016e-01 |
   4989 | 9.50927e+01 1.90602e-02 | 1.25040e-02 1.07735e-01 1.39016e-01 |
   4990 | 9.51118e+01 1.90602e-02 | 1.25040e-02 1.07735e-01 1.39016e-01 |
   4991 | 9.51308e+01 1.90602e-02 | 1.25040e-02 1.07735e-01 1.39016e-01 |
   4992 | 9.51499e+01 1.90602e-02 | 1.25039e-02 1.07734e-01 1.39016e-01 |
   4993 | 9.51689e+01 1.90602e-02 | 1.25039e-02 1.07734e-01 1.39016e-01 |
   4994 | 9.51880e+01 1.90602e-02 | 1.25039e-02 1.07734e-01 1.39016e-01 |
   4995 | 9.52071e+01 1.90602e-02 | 1.25039e-02 1.07734e-01 1.39016e-01 |
   4996 | 9.52261e+01 1.90602e-02 | 1.25039e-02 1.07734e-01 1.39016e-01 |
   4997 | 9.52452e+01 1.90602e-02 | 1.25039e-02 1.07734e-01 1.39016e-01 |
   4998 | 9.52642e+01 1.90602e-02 | 1.25039e-02 1.07734e-01 1.39016e-01 |
   4999 | 9.52833e+01 1.90602e-02 | 1.25039e-02 1.07734e-01 1.39016e-01 |
   5000 | 9.53024e+01 1.90602e-02 | 1.25039e-02 1.07734e-01 1.39016e-01 |
   5001 | 9.53214e+01 1.90603e-02 | 1.25039e-02 1.07734e-01 1.39016e-01 |
   5002 | 9.53405e+01 1.90603e-02 | 1.25039e-02 1.07734e-01 1.39016e-01 |
   5003 | 9.53595e+01 1.90604e-02 | 1.25039e-02 1.07734e-01 1.39016e-01 |
   5004 | 9.53786e+01 1.90604e-02 | 1.25039e-02 1.07734e-01 1.39016e-01 |
   5005 | 9.53977e+01 1.90605e-02 | 1.25039e-02 1.07734e-01 1.39016e-01 |
   5006 | 9.54167e+01 1.90605e-02 | 1.25039e-02 1.07734e-01 1.39016e-01 |
   5007 | 9.54358e+01 1.90604e-02 | 1.25039e-02 1.07734e-01 1.39016e-01 |
   5008 | 9.54548e+01 1.90604e-02 | 1.25039e-02 1.07734e-01 1.39016e-01 |
   5009 | 9.54739e+01 1.90603e-02 | 1.25039e-02 1.07734e-01 1.39016e-01 |
   5010 | 9.54930e+01 1.90603e-02 | 1.25039e-02 1.07734e-01 1.39016e-01 |
   5011 | 9.55120e+01 1.90603e-02 | 1.25039e-02 1.07734e-01 1.39016e-01 |
   5012 | 9.55311e+01 1.90602e-02 | 1.25039e-02 1.07734e-01 1.39016e-01 |
   5013 | 9.55501e+01 1.90602e-02 | 1.25039e-02 1.07734e-01 1.39016e-01 |
   5014 | 9.55692e+01 1.90602e-02 | 1.25039e-02 1.07734e-01 1.39016e-01 |
   5015 | 9.55883e+01 1.90602e-02 | 1.25039e-02 1.07734e-01 1.39016e-01 |
   5016 | 9.56073e+01 1.90602e-02 | 1.25039e-02 1.07734e-01 1.39016e-01 |
   5017 | 9.56264e+01 1.90602e-02 | 1.25039e-02 1.07734e-01 1.39016e-01 |
   5018 | 9.56454e+01 1.90602e-02 | 1.25039e-02 1.07734e-01 1.39016e-01 |
   5019 | 9.56645e+01 1.90602e-02 | 1.25039e-02 1.07734e-01 1.39016e-01 |
   5020 | 9.56836e+01 1.90602e-02 | 1.25039e-02 1.07734e-01 1.39016e-01 |
   5021 | 9.57026e+01 1.90602e-02 | 1.25039e-02 1.07734e-01 1.39016e-01 |
   5022 | 9.57217e+01 1.90603e-02 | 1.25039e-02 1.07734e-01 1.39016e-01 |
   5023 | 9.57408e+01 1.90603e-02 | 1.25039e-02 1.07734e-01 1.39016e-01 |
   5024 | 9.57598e+01 1.90603e-02 | 1.25039e-02 1.07734e-01 1.39016e-01 |
   5025 | 9.57789e+01 1.90604e-02 | 1.25039e-02 1.07734e-01 1.39016e-01 |
   5026 | 9.57979e+01 1.90604e-02 | 1.25039e-02 1.07734e-01 1.39016e-01 |
   5027 | 9.58170e+01 1.90605e-02 | 1.25039e-02 1.07734e-01 1.39016e-01 |
   5028 | 9.58361e+01 1.90605e-02 | 1.25039e-02 1.07734e-01 1.39016e-01 |
   5029 | 9.58551e+01 1.90606e-02 | 1.25039e-02 1.07734e-01 1.39016e-01 |
   5030 | 9.58742e+01 1.90607e-02 | 1.25039e-02 1.07734e-01 1.39016e-01 |
   5031 | 9.58932e+01 1.90607e-02 | 1.25039e-02 1.07734e-01 1.39016e-01 |
   5032 | 9.59123e+01 1.90608e-02 | 1.25039e-02 1.07734e-01 1.39016e-01 |
   5033 | 9.59314e+01 1.90609e-02 | 1.25039e-02 1.07734e-01 1.39016e-01 |
   5034 | 9.59504e+01 1.90608e-02 | 1.25039e-02 1.07734e-01 1.39016e-01 |
   5035 | 9.59695e+01 1.90608e-02 | 1.25039e-02 1.07734e-01 1.39016e-01 |
   5036 | 9.59885e+01 1.90608e-02 | 1.25039e-02 1.07734e-01 1.39016e-01 |
   5037 | 9.60076e+01 1.90608e-02 | 1.25039e-02 1.07734e-01 1.39016e-01 |
   5038 | 9.60267e+01 1.90608e-02 | 1.25039e-02 1.07734e-01 1.39016e-01 |
   5039 | 9.60457e+01 1.90609e-02 | 1.25039e-02 1.07734e-01 1.39016e-01 |
   5040 | 9.60648e+01 1.90609e-02 | 1.25039e-02 1.07734e-01 1.39016e-01 |
   5041 | 9.60838e+01 1.90609e-02 | 1.25039e-02 1.07734e-01 1.39016e-01 |
   5042 | 9.61029e+01 1.90609e-02 | 1.25039e-02 1.07734e-01 1.39016e-01 |
   5043 | 9.61220e+01 1.90610e-02 | 1.25039e-02 1.07734e-01 1.39016e-01 |
   5044 | 9.61410e+01 1.90610e-02 | 1.25039e-02 1.07734e-01 1.39016e-01 |
   5045 | 9.61601e+01 1.90611e-02 | 1.25039e-02 1.07734e-01 1.39016e-01 |
   5046 | 9.61791e+01 1.90611e-02 | 1.25039e-02 1.07734e-01 1.39016e-01 |
   5047 | 9.61982e+01 1.90611e-02 | 1.25039e-02 1.07734e-01 1.39016e-01 |
   5048 | 9.62173e+01 1.90611e-02 | 1.25039e-02 1.07734e-01 1.39016e-01 |
   5049 | 9.62363e+01 1.90611e-02 | 1.25039e-02 1.07734e-01 1.39016e-01 |
   5050 | 9.62554e+01 1.90611e-02 | 1.25039e-02 1.07734e-01 1.39016e-01 |
   5051 | 9.62745e+01 1.90610e-02 | 1.25039e-02 1.07734e-01 1.39016e-01 |
   5052 | 9.62935e+01 1.90610e-02 | 1.25039e-02 1.07734e-01 1.39016e-01 |
   5053 | 9.63126e+01 1.90609e-02 | 1.25039e-02 1.07734e-01 1.39016e-01 |
   5054 | 9.63316e+01 1.90608e-02 | 1.25039e-02 1.07734e-01 1.39016e-01 |
   5055 | 9.63507e+01 1.90607e-02 | 1.25039e-02 1.07734e-01 1.39016e-01 |
   5056 | 9.63698e+01 1.90607e-02 | 1.25039e-02 1.07734e-01 1.39016e-01 |
   5057 | 9.63888e+01 1.90606e-02 | 1.25039e-02 1.07734e-01 1.39016e-01 |
   5058 | 9.64079e+01 1.90605e-02 | 1.25039e-02 1.07734e-01 1.39016e-01 |
   5059 | 9.64269e+01 1.90605e-02 | 1.25039e-02 1.07734e-01 1.39016e-01 |
   5060 | 9.64460e+01 1.90604e-02 | 1.25039e-02 1.07734e-01 1.39015e-01 |
   5061 | 9.64651e+01 1.90604e-02 | 1.25039e-02 1.07734e-01 1.39015e-01 |
   5062 | 9.64841e+01 1.90604e-02 | 1.25039e-02 1.07734e-01 1.39015e-01 |
   5063 | 9.65032e+01 1.90603e-02 | 1.25039e-02 1.07733e-01 1.39015e-01 |
   5064 | 9.65222e+01 1.90603e-02 | 1.25039e-02 1.07733e-01 1.39015e-01 |
   5065 | 9.65413e+01 1.90603e-02 | 1.25039e-02 1.07733e-01 1.39015e-01 |
   5066 | 9.65604e+01 1.90603e-02 | 1.25039e-02 1.07733e-01 1.39015e-01 |
   5067 | 9.65794e+01 1.90603e-02 | 1.25039e-02 1.07733e-01 1.39015e-01 |
   5068 | 9.65985e+01 1.90603e-02 | 1.25039e-02 1.07733e-01 1.39015e-01 |
   5069 | 9.66175e+01 1.90603e-02 | 1.25038e-02 1.07733e-01 1.39015e-01 |
   5070 | 9.66366e+01 1.90603e-02 | 1.25038e-02 1.07733e-01 1.39015e-01 |
   5071 | 9.66557e+01 1.90603e-02 | 1.25038e-02 1.07733e-01 1.39015e-01 |
   5072 | 9.66747e+01 1.90603e-02 | 1.25038e-02 1.07733e-01 1.39015e-01 |
   5073 | 9.66938e+01 1.90603e-02 | 1.25038e-02 1.07733e-01 1.39015e-01 |
   5074 | 9.67128e+01 1.90603e-02 | 1.25038e-02 1.07733e-01 1.39015e-01 |
   5075 | 9.67319e+01 1.90604e-02 | 1.25038e-02 1.07733e-01 1.39015e-01 |
   5076 | 9.67510e+01 1.90604e-02 | 1.25038e-02 1.07733e-01 1.39015e-01 |
   5077 | 9.67700e+01 1.90604e-02 | 1.25038e-02 1.07733e-01 1.39015e-01 |
   5078 | 9.67891e+01 1.90605e-02 | 1.25038e-02 1.07733e-01 1.39015e-01 |
   5079 | 9.68081e+01 1.90605e-02 | 1.25038e-02 1.07733e-01 1.39015e-01 |
   5080 | 9.68272e+01 1.90605e-02 | 1.25038e-02 1.07733e-01 1.39015e-01 |
   5081 | 9.68463e+01 1.90604e-02 | 1.25038e-02 1.07733e-01 1.39015e-01 |
   5082 | 9.68653e+01 1.90604e-02 | 1.25038e-02 1.07733e-01 1.39015e-01 |
   5083 | 9.68844e+01 1.90603e-02 | 1.25038e-02 1.07733e-01 1.39015e-01 |
   5084 | 9.69034e+01 1.90603e-02 | 1.25038e-02 1.07733e-01 1.39015e-01 |
   5085 | 9.69225e+01 1.90603e-02 | 1.25038e-02 1.07733e-01 1.39015e-01 |
   5086 | 9.69416e+01 1.90602e-02 | 1.25038e-02 1.07733e-01 1.39015e-01 |
   5087 | 9.69606e+01 1.90602e-02 | 1.25038e-02 1.07733e-01 1.39015e-01 |
   5088 | 9.69797e+01 1.90602e-02 | 1.25038e-02 1.07733e-01 1.39015e-01 |
   5089 | 9.69987e+01 1.90602e-02 | 1.25038e-02 1.07733e-01 1.39015e-01 |
   5090 | 9.70178e+01 1.90602e-02 | 1.25038e-02 1.07733e-01 1.39015e-01 |
   5091 | 9.70369e+01 1.90602e-02 | 1.25038e-02 1.07733e-01 1.39015e-01 |
   5092 | 9.70559e+01 1.90602e-02 | 1.25038e-02 1.07733e-01 1.39015e-01 |
   5093 | 9.70750e+01 1.90602e-02 | 1.25038e-02 1.07733e-01 1.39015e-01 |
   5094 | 9.70940e+01 1.90602e-02 | 1.25038e-02 1.07733e-01 1.39015e-01 |
   5095 | 9.71131e+01 1.90602e-02 | 1.25038e-02 1.07733e-01 1.39015e-01 |
   5096 | 9.71322e+01 1.90602e-02 | 1.25038e-02 1.07733e-01 1.39015e-01 |
   5097 | 9.71512e+01 1.90603e-02 | 1.25038e-02 1.07733e-01 1.39015e-01 |
   5098 | 9.71703e+01 1.90603e-02 | 1.25038e-02 1.07733e-01 1.39015e-01 |
   5099 | 9.71894e+01 1.90603e-02 | 1.25038e-02 1.07733e-01 1.39015e-01 |
   5100 | 9.72084e+01 1.90604e-02 | 1.25038e-02 1.07733e-01 1.39015e-01 |
   5101 | 9.72275e+01 1.90604e-02 | 1.25038e-02 1.07733e-01 1.39015e-01 |
   5102 | 9.72465e+01 1.90605e-02 | 1.25038e-02 1.07733e-01 1.39015e-01 |
   5103 | 9.72656e+01 1.90606e-02 | 1.25038e-02 1.07733e-01 1.39015e-01 |
   5104 | 9.72847e+01 1.90605e-02 | 1.25038e-02 1.07733e-01 1.39015e-01 |
   5105 | 9.73037e+01 1.90605e-02 | 1.25038e-02 1.07733e-01 1.39015e-01 |
   5106 | 9.73228e+01 1.90605e-02 | 1.25038e-02 1.07733e-01 1.39015e-01 |
   5107 | 9.73418e+01 1.90604e-02 | 1.25038e-02 1.07733e-01 1.39015e-01 |
   5108 | 9.73609e+01 1.90604e-02 | 1.25038e-02 1.07733e-01 1.39015e-01 |
   5109 | 9.73800e+01 1.90604e-02 | 1.25038e-02 1.07733e-01 1.39015e-01 |
   5110 | 9.73990e+01 1.90604e-02 | 1.25038e-02 1.07733e-01 1.39015e-01 |
   5111 | 9.74181e+01 1.90604e-02 | 1.25038e-02 1.07733e-01 1.39015e-01 |
   5112 | 9.74371e+01 1.90604e-02 | 1.25038e-02 1.07733e-01 1.39015e-01 |
   5113 | 9.74562e+01 1.90604e-02 | 1.25038e-02 1.07733e-01 1.39015e-01 |
   5114 | 9.74753e+01 1.90605e-02 | 1.25038e-02 1.07733e-01 1.39015e-01 |
   5115 | 9.74943e+01 1.90605e-02 | 1.25038e-02 1.07733e-01 1.39015e-01 |
   5116 | 9.75134e+01 1.90605e-02 | 1.25038e-02 1.07733e-01 1.39015e-01 |
   5117 | 9.75324e+01 1.90606e-02 | 1.25038e-02 1.07733e-01 1.39015e-01 |
   5118 | 9.75515e+01 1.90606e-02 | 1.25038e-02 1.07733e-01 1.39015e-01 |
   5119 | 9.75706e+01 1.90606e-02 | 1.25038e-02 1.07733e-01 1.39015e-01 |
   5120 | 9.75896e+01 1.90607e-02 | 1.25038e-02 1.07733e-01 1.39015e-01 |
   5121 | 9.76087e+01 1.90607e-02 | 1.25038e-02 1.07733e-01 1.39015e-01 |
   5122 | 9.76277e+01 1.90608e-02 | 1.25038e-02 1.07733e-01 1.39015e-01 |
   5123 | 9.76468e+01 1.90609e-02 | 1.25038e-02 1.07733e-01 1.39015e-01 |
   5124 | 9.76659e+01 1.90608e-02 | 1.25038e-02 1.07733e-01 1.39015e-01 |
   5125 | 9.76849e+01 1.90608e-02 | 1.25038e-02 1.07733e-01 1.39015e-01 |
   5126 | 9.77040e+01 1.90608e-02 | 1.25038e-02 1.07733e-01 1.39015e-01 |
   5127 | 9.77230e+01 1.90607e-02 | 1.25038e-02 1.07733e-01 1.39015e-01 |
   5128 | 9.77421e+01 1.90607e-02 | 1.25038e-02 1.07733e-01 1.39015e-01 |
   5129 | 9.77612e+01 1.90607e-02 | 1.25038e-02 1.07733e-01 1.39015e-01 |
   5130 | 9.77802e+01 1.90607e-02 | 1.25038e-02 1.07733e-01 1.39015e-01 |
   5131 | 9.77993e+01 1.90606e-02 | 1.25038e-02 1.07733e-01 1.39015e-01 |
   5132 | 9.78184e+01 1.90606e-02 | 1.25038e-02 1.07733e-01 1.39015e-01 |
   5133 | 9.78374e+01 1.90606e-02 | 1.25038e-02 1.07733e-01 1.39015e-01 |
   5134 | 9.78565e+01 1.90606e-02 | 1.25038e-02 1.07732e-01 1.39015e-01 |
   5135 | 9.78755e+01 1.90606e-02 | 1.25038e-02 1.07732e-01 1.39015e-01 |
   5136 | 9.78946e+01 1.90607e-02 | 1.25038e-02 1.07732e-01 1.39015e-01 |
   5137 | 9.79137e+01 1.90606e-02 | 1.25038e-02 1.07732e-01 1.39015e-01 |
   5138 | 9.79327e+01 1.90606e-02 | 1.25038e-02 1.07732e-01 1.39015e-01 |
   5139 | 9.79518e+01 1.90606e-02 | 1.25038e-02 1.07732e-01 1.39015e-01 |
   5140 | 9.79708e+01 1.90606e-02 | 1.25038e-02 1.07732e-01 1.39015e-01 |
   5141 | 9.79899e+01 1.90605e-02 | 1.25038e-02 1.07732e-01 1.39015e-01 |
   5142 | 9.80090e+01 1.90605e-02 | 1.25038e-02 1.07732e-01 1.39015e-01 |
   5143 | 9.80280e+01 1.90605e-02 | 1.25038e-02 1.07732e-01 1.39015e-01 |
   5144 | 9.80471e+01 1.90605e-02 | 1.25038e-02 1.07732e-01 1.39015e-01 |
   5145 | 9.80661e+01 1.90605e-02 | 1.25038e-02 1.07732e-01 1.39015e-01 |
   5146 | 9.80852e+01 1.90606e-02 | 1.25038e-02 1.07732e-01 1.39015e-01 |
   5147 | 9.81043e+01 1.90606e-02 | 1.25038e-02 1.07732e-01 1.39015e-01 |
   5148 | 9.81233e+01 1.90606e-02 | 1.25038e-02 1.07732e-01 1.39015e-01 |
   5149 | 9.81424e+01 1.90606e-02 | 1.25038e-02 1.07732e-01 1.39015e-01 |
   5150 | 9.81614e+01 1.90607e-02 | 1.25038e-02 1.07732e-01 1.39015e-01 |
   5151 | 9.81805e+01 1.90607e-02 | 1.25038e-02 1.07732e-01 1.39015e-01 |
   5152 | 9.81996e+01 1.90608e-02 | 1.25038e-02 1.07732e-01 1.39015e-01 |
   5153 | 9.82186e+01 1.90607e-02 | 1.25038e-02 1.07732e-01 1.39015e-01 |
   5154 | 9.82377e+01 1.90607e-02 | 1.25038e-02 1.07732e-01 1.39015e-01 |
   5155 | 9.82567e+01 1.90606e-02 | 1.25038e-02 1.07732e-01 1.39015e-01 |
   5156 | 9.82758e+01 1.90606e-02 | 1.25037e-02 1.07732e-01 1.39015e-01 |
   5157 | 9.82949e+01 1.90605e-02 | 1.25037e-02 1.07732e-01 1.39015e-01 |
   5158 | 9.83139e+01 1.90605e-02 | 1.25037e-02 1.07732e-01 1.39015e-01 |
   5159 | 9.83330e+01 1.90605e-02 | 1.25037e-02 1.07732e-01 1.39015e-01 |
   5160 | 9.83520e+01 1.90604e-02 | 1.25037e-02 1.07732e-01 1.39015e-01 |
   5161 | 9.83711e+01 1.90604e-02 | 1.25037e-02 1.07732e-01 1.39015e-01 |
   5162 | 9.83902e+01 1.90604e-02 | 1.25037e-02 1.07732e-01 1.39015e-01 |
   5163 | 9.84092e+01 1.90604e-02 | 1.25037e-02 1.07732e-01 1.39015e-01 |
   5164 | 9.84283e+01 1.90603e-02 | 1.25037e-02 1.07732e-01 1.39015e-01 |
   5165 | 9.84473e+01 1.90603e-02 | 1.25037e-02 1.07732e-01 1.39015e-01 |
   5166 | 9.84664e+01 1.90603e-02 | 1.25037e-02 1.07732e-01 1.39015e-01 |
   5167 | 9.84855e+01 1.90604e-02 | 1.25037e-02 1.07732e-01 1.39015e-01 |
   5168 | 9.85045e+01 1.90604e-02 | 1.25037e-02 1.07732e-01 1.39015e-01 |
   5169 | 9.85236e+01 1.90604e-02 | 1.25037e-02 1.07732e-01 1.39015e-01 |
   5170 | 9.85427e+01 1.90604e-02 | 1.25037e-02 1.07732e-01 1.39015e-01 |
   5171 | 9.85617e+01 1.90604e-02 | 1.25037e-02 1.07732e-01 1.39015e-01 |
   5172 | 9.85808e+01 1.90605e-02 | 1.25037e-02 1.07732e-01 1.39015e-01 |
   5173 | 9.85998e+01 1.90605e-02 | 1.25037e-02 1.07732e-01 1.39015e-01 |
   5174 | 9.86189e+01 1.90605e-02 | 1.25037e-02 1.07732e-01 1.39015e-01 |
   5175 | 9.86380e+01 1.90604e-02 | 1.25037e-02 1.07732e-01 1.39015e-01 |
   5176 | 9.86570e+01 1.90604e-02 | 1.25037e-02 1.07732e-01 1.39015e-01 |
   5177 | 9.86761e+01 1.90603e-02 | 1.25037e-02 1.07732e-01 1.39015e-01 |
   5178 | 9.86951e+01 1.90603e-02 | 1.25037e-02 1.07732e-01 1.39015e-01 |
   5179 | 9.87142e+01 1.90603e-02 | 1.25037e-02 1.07732e-01 1.39015e-01 |
   5180 | 9.87333e+01 1.90602e-02 | 1.25037e-02 1.07732e-01 1.39015e-01 |
   5181 | 9.87523e+01 1.90602e-02 | 1.25037e-02 1.07732e-01 1.39015e-01 |
   5182 | 9.87714e+01 1.90602e-02 | 1.25037e-02 1.07732e-01 1.39015e-01 |
   5183 | 9.87904e+01 1.90602e-02 | 1.25037e-02 1.07732e-01 1.39015e-01 |
   5184 | 9.88095e+01 1.90602e-02 | 1.25037e-02 1.07732e-01 1.39015e-01 |
   5185 | 9.88286e+01 1.90602e-02 | 1.25037e-02 1.07732e-01 1.39015e-01 |
   5186 | 9.88476e+01 1.90602e-02 | 1.25037e-02 1.07732e-01 1.39015e-01 |
   5187 | 9.88667e+01 1.90602e-02 | 1.25037e-02 1.07732e-01 1.39015e-01 |
   5188 | 9.88857e+01 1.90602e-02 | 1.25037e-02 1.07732e-01 1.39015e-01 |
   5189 | 9.89048e+01 1.90603e-02 | 1.25037e-02 1.07732e-01 1.39015e-01 |
   5190 | 9.89239e+01 1.90603e-02 | 1.25037e-02 1.07732e-01 1.39015e-01 |
   5191 | 9.89429e+01 1.90603e-02 | 1.25037e-02 1.07732e-01 1.39015e-01 |
   5192 | 9.89620e+01 1.90603e-02 | 1.25037e-02 1.07732e-01 1.39015e-01 |
   5193 | 9.89810e+01 1.90604e-02 | 1.25037e-02 1.07732e-01 1.39014e-01 |
   5194 | 9.90001e+01 1.90604e-02 | 1.25037e-02 1.07732e-01 1.39014e-01 |
   5195 | 9.90192e+01 1.90605e-02 | 1.25037e-02 1.07732e-01 1.39014e-01 |
   5196 | 9.90382e+01 1.90606e-02 | 1.25037e-02 1.07732e-01 1.39014e-01 |
   5197 | 9.90573e+01 1.90606e-02 | 1.25037e-02 1.07732e-01 1.39014e-01 |
   5198 | 9.90763e+01 1.90605e-02 | 1.25037e-02 1.07732e-01 1.39014e-01 |
   5199 | 9.90954e+01 1.90605e-02 | 1.25037e-02 1.07732e-01 1.39014e-01 |
   5200 | 9.91145e+01 1.90604e-02 | 1.25037e-02 1.07732e-01 1.39014e-01 |
   5201 | 9.91335e+01 1.90604e-02 | 1.25037e-02 1.07732e-01 1.39014e-01 |
   5202 | 9.91526e+01 1.90604e-02 | 1.25037e-02 1.07732e-01 1.39014e-01 |
   5203 | 9.91716e+01 1.90603e-02 | 1.25037e-02 1.07732e-01 1.39014e-01 |
[DELETEMATRIX] !
[DELETEMATRIX] !
[DELETEMATRIX] !
[DELETEMATRIX] !
[DELETEMATRIX] !
[DELETEMATRIX] !
[DELETEMATRIX] !
[DELETEMATRIX] !
[DELETEMATRIX] !
[DELETEMATRIX] !
[DELETEMATRIX] !
[DELETEMATRIX] !
[DELETEMATRIX] !
[DELETEMATRIX] !
[DELETEMATRIX] !
[DELETEMATRIX] !
[DELETEMATRIX] !
[DELETEMATRIX] !
   5204 | 9.91907e+01 1.90603e-02 | 1.25037e-02 1.07731e-01 1.39014e-01 |
   5205 | 9.92098e+01 1.90603e-02 | 1.25037e-02 1.07731e-01 1.39014e-01 |
   5206 | 9.92288e+01 1.90603e-02 | 1.25037e-02 1.07731e-01 1.39014e-01 |
   5207 | 9.92479e+01 1.90603e-02 | 1.25037e-02 1.07731e-01 1.39014e-01 |
   5208 | 9.92669e+01 1.90603e-02 | 1.25037e-02 1.07731e-01 1.39014e-01 |
   5209 | 9.92860e+01 1.90603e-02 | 1.25037e-02 1.07731e-01 1.39014e-01 |
   5210 | 9.93051e+01 1.90603e-02 | 1.25037e-02 1.07731e-01 1.39014e-01 |
   5211 | 9.93241e+01 1.90603e-02 | 1.25037e-02 1.07731e-01 1.39014e-01 |
   5212 | 9.93432e+01 1.90604e-02 | 1.25037e-02 1.07731e-01 1.39014e-01 |
   5213 | 9.93622e+01 1.90604e-02 | 1.25037e-02 1.07731e-01 1.39014e-01 |
   5214 | 9.93813e+01 1.90604e-02 | 1.25037e-02 1.07731e-01 1.39014e-01 |
   5215 | 9.94004e+01 1.90605e-02 | 1.25037e-02 1.07731e-01 1.39014e-01 |
   5216 | 9.94194e+01 1.90605e-02 | 1.25037e-02 1.07731e-01 1.39014e-01 |
   5217 | 9.94385e+01 1.90606e-02 | 1.25037e-02 1.07731e-01 1.39014e-01 |
   5218 | 9.94575e+01 1.90606e-02 | 1.25037e-02 1.07731e-01 1.39014e-01 |
   5219 | 9.94766e+01 1.90607e-02 | 1.25037e-02 1.07731e-01 1.39014e-01 |
   5220 | 9.94957e+01 1.90607e-02 | 1.25037e-02 1.07731e-01 1.39014e-01 |
   5221 | 9.95147e+01 1.90608e-02 | 1.25037e-02 1.07731e-01 1.39014e-01 |
   5222 | 9.95338e+01 1.90609e-02 | 1.25037e-02 1.07731e-01 1.39014e-01 |
   5223 | 9.95529e+01 1.90610e-02 | 1.25037e-02 1.07731e-01 1.39014e-01 |
   5224 | 9.95719e+01 1.90611e-02 | 1.25037e-02 1.07731e-01 1.39014e-01 |
   5225 | 9.95910e+01 1.90612e-02 | 1.25037e-02 1.07731e-01 1.39014e-01 |
   5226 | 9.96100e+01 1.90612e-02 | 1.25037e-02 1.07731e-01 1.39014e-01 |
   5227 | 9.96291e+01 1.90611e-02 | 1.25037e-02 1.07731e-01 1.39014e-01 |
   5228 | 9.96482e+01 1.90611e-02 | 1.25037e-02 1.07731e-01 1.39014e-01 |
   5229 | 9.96672e+01 1.90610e-02 | 1.25037e-02 1.07731e-01 1.39014e-01 |
   5230 | 9.96863e+01 1.90610e-02 | 1.25037e-02 1.07731e-01 1.39014e-01 |
   5231 | 9.97053e+01 1.90609e-02 | 1.25037e-02 1.07731e-01 1.39014e-01 |
   5232 | 9.97244e+01 1.90609e-02 | 1.25037e-02 1.07731e-01 1.39014e-01 |
   5233 | 9.97435e+01 1.90608e-02 | 1.25037e-02 1.07731e-01 1.39014e-01 |
   5234 | 9.97625e+01 1.90608e-02 | 1.25037e-02 1.07731e-01 1.39014e-01 |
   5235 | 9.97816e+01 1.90608e-02 | 1.25037e-02 1.07731e-01 1.39014e-01 |
   5236 | 9.98006e+01 1.90607e-02 | 1.25037e-02 1.07731e-01 1.39014e-01 |
   5237 | 9.98197e+01 1.90607e-02 | 1.25037e-02 1.07731e-01 1.39014e-01 |
   5238 | 9.98388e+01 1.90607e-02 | 1.25037e-02 1.07731e-01 1.39014e-01 |
   5239 | 9.98578e+01 1.90607e-02 | 1.25037e-02 1.07731e-01 1.39014e-01 |
   5240 | 9.98769e+01 1.90607e-02 | 1.25037e-02 1.07731e-01 1.39014e-01 |
   5241 | 9.98959e+01 1.90607e-02 | 1.25037e-02 1.07731e-01 1.39014e-01 |
   5242 | 9.99150e+01 1.90607e-02 | 1.25037e-02 1.07731e-01 1.39014e-01 |
   5243 | 9.99341e+01 1.90607e-02 | 1.25037e-02 1.07731e-01 1.39014e-01 |
   5244 | 9.99531e+01 1.90607e-02 | 1.25037e-02 1.07731e-01 1.39014e-01 |
   5245 | 9.99722e+01 1.90606e-02 | 1.25037e-02 1.07731e-01 1.39014e-01 |
   5246 | 9.99913e+01 1.90606e-02 | 1.25037e-02 1.07731e-01 1.39014e-01 |
   5247 | 1.00000e+02 8.74830e-03 | 1.25036e-02 1.07731e-01 1.39014e-01 |
        | ----------- ----------- | ----------- ----------- ----------- |
        | ----------- ----------- | 2.43545e-05 2.16129e-04 6.79697e-05 | => l1-error norm
        | ----------- 2.20971e-01 | 3.44956e-04 1.61284e-03 1.05551e-03 | => l2-error norm
[DELETEMATRIX] !
[DELETEMATRIX] !
[DELETEMATRIX] !
[DELETEMATRIX] !
[DELETEMATRIX] !
[DELETEMATRIX] !
[DELETEMATRIX] !
[DELETEMATRIX] !
[DELETEMATRIX] !
[DELETEMATRIX] !
[DELETEMATRIX] !
[DELETEMATRIX] !
[DELETEMATRIX] !
[DELETEMATRIX] !
[DELETEMATRIX] !
[DELETEMATRIX] !
[DELETEMATRIX] !
[DELETEMATRIX] !
[DELETEMATRIX] !
[DELETEMATRIX] !
[DELETEMATRIX] !
[DELETEMATRIX] !
[DELETEMATRIX] !
[DELETEMATRIX] !
[DELETEMATRIX] !
[DELETEMATRIX] !
[DELETEMATRIX] !
[DELETEMATRIX] !
[DELETEMATRIX] !
[DELETEMATRIX] !
[DELETEMATRIX] !
[DELETEMATRIX] !
[DELETEMATRIX] !
[DELETEMATRIX] !
[DELETEMATRIX] !
[DELETEMATRIX] !
[DELETEMATRIX] !
[DELETEMATRIX] !
[DELETEMATRIX] !
[DELETEMATRIX] !
[DELETEMATRIX] !
[DELETEMATRIX] !
[DELETEMATRIX] !
[DELETEMATRIX] !
[DELETEMATRIX] !
[DELETEMATRIX] !
srun: Received task exit notification for 64 tasks of StepId=350613.0 (status=0x0000).
srun: hpc-fat04: tasks 0-63: Completed
