srun: defined options
srun: -------------------- --------------------
srun: (null)              : hpc-fat01
srun: cpu-bind            : cores,verbose
srun: cpus-per-task       : 1
srun: distribution        : cyclic:cyclic
srun: exact               : set
srun: jobid               : 359696
srun: job-name            : Grilli
srun: mem-per-cpu         : 2G
srun: mpi                 : pmix_v5
srun: nodes               : 1
srun: ntasks              : 32
srun: oom-kill-step       : 0
srun: tres-per-task       : cpu=1
srun: verbose             : 1
srun: -------------------- --------------------
srun: end of defined options
srun: jobid 359696: nodes(1):`hpc-fat01', cpu counts: 32(x1)
srun: CpuBindType=verbose,cores
srun: launching StepId=359696.0 on host hpc-fat01, 32 tasks: [0-31]
cpu-bind=MASK - hpc-fat01, task  0  0 [212238]: mask 0x200000000000 set
cpu-bind=MASK - hpc-fat01, task  1  1 [212239]: mask 0x1000000000000 set
cpu-bind=MASK - hpc-fat01, task  2  2 [212240]: mask 0x2000000000000000000000000000 set
cpu-bind=MASK - hpc-fat01, task  3  3 [212241]: mask 0x10000000000000000000000000000 set
cpu-bind=MASK - hpc-fat01, task  4  4 [212242]: mask 0x400000000000 set
cpu-bind=MASK - hpc-fat01, task  5  5 [212243]: mask 0x2000000000000 set
cpu-bind=MASK - hpc-fat01, task  6  6 [212244]: mask 0x4000000000000000000000000000 set
cpu-bind=MASK - hpc-fat01, task  7  7 [212245]: mask 0x20000000000000000000000000000 set
cpu-bind=MASK - hpc-fat01, task  8  8 [212246]: mask 0x800000000000 set
cpu-bind=MASK - hpc-fat01, task  9  9 [212247]: mask 0x4000000000000 set
cpu-bind=MASK - hpc-fat01, task 10 10 [212248]: mask 0x8000000000000000000000000000 set
cpu-bind=MASK - hpc-fat01, task 11 11 [212249]: mask 0x40000000000000000000000000000 set
cpu-bind=MASK - hpc-fat01, task 12 12 [212250]: mask 0x8000000000000 set
cpu-bind=MASK - hpc-fat01, task 13 13 [212251]: mask 0x80000000000000000000000000000 set
cpu-bind=MASK - hpc-fat01, task 14 14 [212252]: mask 0x10000000000000 set
cpu-bind=MASK - hpc-fat01, task 15 15 [212253]: mask 0x100000000000000000000000000000 set
cpu-bind=MASK - hpc-fat01, task 16 16 [212254]: mask 0x20000000000000 set
cpu-bind=MASK - hpc-fat01, task 17 17 [212255]: mask 0x200000000000000000000000000000 set
cpu-bind=MASK - hpc-fat01, task 18 18 [212256]: mask 0x40000000000000 set
cpu-bind=MASK - hpc-fat01, task 19 19 [212257]: mask 0x400000000000000000000000000000 set
cpu-bind=MASK - hpc-fat01, task 20 20 [212258]: mask 0x80000000000000 set
cpu-bind=MASK - hpc-fat01, task 21 21 [212259]: mask 0x800000000000000000000000000000 set
cpu-bind=MASK - hpc-fat01, task 22 22 [212260]: mask 0x100000000000000 set
cpu-bind=MASK - hpc-fat01, task 23 23 [212261]: mask 0x1000000000000000000000000000000 set
cpu-bind=MASK - hpc-fat01, task 24 24 [212262]: mask 0x200000000000000 set
cpu-bind=MASK - hpc-fat01, task 25 25 [212263]: mask 0x2000000000000000000000000000000 set
cpu-bind=MASK - hpc-fat01, task 26 26 [212264]: mask 0x400000000000000 set
cpu-bind=MASK - hpc-fat01, task 27 27 [212265]: mask 0x4000000000000000000000000000000 set
cpu-bind=MASK - hpc-fat01, task 28 28 [212266]: mask 0x800000000000000 set
cpu-bind=MASK - hpc-fat01, task 29 29 [212267]: mask 0x8000000000000000000000000000000 set
cpu-bind=MASK - hpc-fat01, task 30 30 [212268]: mask 0x1000000000000000 set
cpu-bind=MASK - hpc-fat01, task 31 31 [212269]: mask 0x10000000000000000000000000000000 set
srun: Node hpc-fat01, 32 tasks started
Data {
  aerosol.linearsolver : PETSc
  discretisation.femtype : Lagrange
  discretisation.numericalflux : WbswLaxFriedrichs
  io.ProbePosition : file:/gpfs/scratch/fortetenreiro/run/Grilli/probes.txt
  io.mesh_file : /gpfs/scratch/fortetenreiro/run/Grilli/msh/Grilli.msh
  io.mesh_format : ParaGMSH
  io.output_format : HDF5
  io.output_path : /gpfs/scratch/fortetenreiro/run/Grilli/visu/R0_c
  io.postProcPath : /gpfs/scratch/fortetenreiro/run/Grilli/visu/R0_c/data
  io.restartPath : /gpfs/scratch/fortetenreiro/run/Grilli/restart/R0_c
  io.restartPrefix : restart
  io.visutype : cells
  model.bathymetry : 1;0;ICBC
  model.manning : 1;0;ICBC;CONSTANT;0.00
  model.name : ShallowWater
  petsc.cmdLineArgs : -log_view -log_view_memory -n 1 -ksp_type preonly -pc_type lu -pc_factor_mat_solver_type mumps -pc_factor_reuse_ordering -pc_factor_reuse_fill
  testcase.name : GrilliSGN
  time.inittype : interpolation
  time.name : SSPRK-8-4
  time.type : cfl
  xml_config_file : /gpfs/scratch/fortetenreiro/run/Grilli/xml/R0_c.xml
  MPI.prank : 0
  MPI.psize : 32
  aerosol.debug : 0
  discretisation.continuous : 0
  discretisation.degree : 3
  io.active : 1
  io.conservativeVariables : 2
  io.fprint : 150
  io.gprint : 3000
  io.mesh_dimension : 1
  io.prepartitioning : 0
  io.redistribution : 1
  io.scalab : 0
  model.dispersion : 1
  io.t0_g : -1
  model.dispOptimParam : 1
  model.g : 9.81
  model.h0 : 0.44
  testcase.A0 : 0.2
  time.CFL : 0.37917
  time.tmax : 9.4286
}

(0): ERROR: _PAMPAdmeshCheck: no check could be done with flag PAMPA_OVLP_NOGT enabled
(1): ERROR: _PAMPAdmeshCheck: no check could be done with flag PAMPA_OVLP_NOGT enabled
(2): ERROR: _PAMPAdmeshCheck: no check could be done with flag PAMPA_OVLP_NOGT enabled
(3): ERROR: _PAMPAdmeshCheck: no check could be done with flag PAMPA_OVLP_NOGT enabled
(4): ERROR: _PAMPAdmeshCheck: no check could be done with flag PAMPA_OVLP_NOGT enabled
(5): ERROR: _PAMPAdmeshCheck: no check could be done with flag PAMPA_OVLP_NOGT enabled
(6): ERROR: _PAMPAdmeshCheck: no check could be done with flag PAMPA_OVLP_NOGT enabled
(7): ERROR: _PAMPAdmeshCheck: no check could be done with flag PAMPA_OVLP_NOGT enabled
(8): ERROR: _PAMPAdmeshCheck: no check could be done with flag PAMPA_OVLP_NOGT enabled
(9): ERROR: _PAMPAdmeshCheck: no check could be done with flag PAMPA_OVLP_NOGT enabled
(10): ERROR: _PAMPAdmeshCheck: no check could be done with flag PAMPA_OVLP_NOGT enabled
(11): ERROR: _PAMPAdmeshCheck: no check could be done with flag PAMPA_OVLP_NOGT enabled
(12): ERROR: _PAMPAdmeshCheck: no check could be done with flag PAMPA_OVLP_NOGT enabled
(13): ERROR: _PAMPAdmeshCheck: no check could be done with flag PAMPA_OVLP_NOGT enabled
(14): ERROR: _PAMPAdmeshCheck: no check could be done with flag PAMPA_OVLP_NOGT enabled
(15): ERROR: _PAMPAdmeshCheck: no check could be done with flag PAMPA_OVLP_NOGT enabled
(16): ERROR: _PAMPAdmeshCheck: no check could be done with flag PAMPA_OVLP_NOGT enabled
(17): ERROR: _PAMPAdmeshCheck: no check could be done with flag PAMPA_OVLP_NOGT enabled
(18): ERROR: _PAMPAdmeshCheck: no check could be done with flag PAMPA_OVLP_NOGT enabled
(19): ERROR: _PAMPAdmeshCheck: no check could be done with flag PAMPA_OVLP_NOGT enabled
(20): ERROR: _PAMPAdmeshCheck: no check could be done with flag PAMPA_OVLP_NOGT enabled
(21): ERROR: _PAMPAdmeshCheck: no check could be done with flag PAMPA_OVLP_NOGT enabled
(22): ERROR: _PAMPAdmeshCheck: no check could be done with flag PAMPA_OVLP_NOGT enabled
(23): ERROR: _PAMPAdmeshCheck: no check could be done with flag PAMPA_OVLP_NOGT enabled
(24): ERROR: _PAMPAdmeshCheck: no check could be done with flag PAMPA_OVLP_NOGT enabled
(25): ERROR: _PAMPAdmeshCheck: no check could be done with flag PAMPA_OVLP_NOGT enabled
(26): ERROR: _PAMPAdmeshCheck: no check could be done with flag PAMPA_OVLP_NOGT enabled
(27): ERROR: _PAMPAdmeshCheck: no check could be done with flag PAMPA_OVLP_NOGT enabled
(28): ERROR: _PAMPAdmeshCheck: no check could be done with flag PAMPA_OVLP_NOGT enabled
(29): ERROR: _PAMPAdmeshCheck: no check could be done with flag PAMPA_OVLP_NOGT enabled
(30): ERROR: _PAMPAdmeshCheck: no check could be done with flag PAMPA_OVLP_NOGT enabled
(31): ERROR: _PAMPAdmeshCheck: no check could be done with flag PAMPA_OVLP_NOGT enabled
Calling the scheme "SWShallowWater1dWbswLaxFriedrichsPETSc".
Calling the scheme "SWShallowWater1dWbswLaxFriedrichsPETSc".
Calling the scheme "SWShallowWater1dWbswLaxFriedrichsPETSc".
Calling the scheme "SWShallowWater1dWbswLaxFriedrichsPETSc".
Calling the scheme "SWShallowWater1dWbswLaxFriedrichsPETSc".
Calling the scheme "SWShallowWater1dWbswLaxFriedrichsPETSc".
Calling the scheme "SWShallowWater1dWbswLaxFriedrichsPETSc".
Calling the scheme "SWShallowWater1dWbswLaxFriedrichsPETSc".
Calling the scheme "SWShallowWater1dWbswLaxFriedrichsPETSc".
Calling the scheme "SWShallowWater1dWbswLaxFriedrichsPETSc".
Calling the scheme "SWShallowWater1dWbswLaxFriedrichsPETSc".
Calling the scheme "SWShallowWater1dWbswLaxFriedrichsPETSc".
Calling the scheme "SWShallowWater1dWbswLaxFriedrichsPETSc".
Calling the scheme "SWShallowWater1dWbswLaxFriedrichsPETSc".
Calling the scheme "SWShallowWater1dWbswLaxFriedrichsPETSc".
Calling the scheme "SWShallowWater1dWbswLaxFriedrichsPETSc".
Calling the scheme "SWShallowWater1dWbswLaxFriedrichsPETSc".
Calling the scheme "SWShallowWater1dWbswLaxFriedrichsPETSc".
Calling the scheme "SWShallowWater1dWbswLaxFriedrichsPETSc".
Calling the scheme "SWShallowWater1dWbswLaxFriedrichsPETSc".
Calling the scheme "SWShallowWater1dWbswLaxFriedrichsPETSc".
Calling the scheme "SWShallowWater1dWbswLaxFriedrichsPETSc".
Calling the scheme "SWShallowWater1dWbswLaxFriedrichsPETSc".
Calling the scheme "SWShallowWater1dWbswLaxFriedrichsPETSc".
Calling the scheme "SWShallowWater1dWbswLaxFriedrichsPETSc".
Calling the scheme "SWShallowWater1dWbswLaxFriedrichsPETSc".
Calling the scheme "SWShallowWater1dWbswLaxFriedrichsPETSc".
Calling the scheme "SWShallowWater1dWbswLaxFriedrichsPETSc".
Calling the scheme "SWShallowWater1dWbswLaxFriedrichsPETSc".
Calling the scheme "SWShallowWater1dWbswLaxFriedrichsPETSc".
Calling the scheme "SWShallowWater1dWbswLaxFriedrichsPETSc".
Calling the scheme "SWShallowWater1dWbswLaxFriedrichsPETSc".
Probes are defined at :
  ( -2.2, 0, 0 )
  ( 9.2224, 0, 0 )
  ( 9.922, 0, 0 )
  ( 10.4192, 0, 0 )
  ( 10.8592, 0, 0 )
  ( 11.4004, 0, 0 )
      1 | 1.42772e-03 1.42772e-03 | 1.85417e-01 4.21984e-01 |
      2 | 2.85544e-03 1.42772e-03 | 1.85417e-01 4.21984e-01 |
      3 | 4.28316e-03 1.42772e-03 | 1.85417e-01 4.21984e-01 |
      4 | 5.71088e-03 1.42772e-03 | 1.85417e-01 4.21984e-01 |
      5 | 7.13859e-03 1.42772e-03 | 1.85417e-01 4.21984e-01 |
      6 | 8.56631e-03 1.42772e-03 | 1.85417e-01 4.21984e-01 |
      7 | 9.99403e-03 1.42772e-03 | 1.85417e-01 4.21984e-01 |
      8 | 1.14218e-02 1.42772e-03 | 1.85417e-01 4.21984e-01 |
      9 | 1.28495e-02 1.42772e-03 | 1.85417e-01 4.21984e-01 |
     10 | 1.42772e-02 1.42772e-03 | 1.85417e-01 4.21984e-01 |
     11 | 1.57049e-02 1.42772e-03 | 1.85417e-01 4.21984e-01 |
     12 | 1.71326e-02 1.42772e-03 | 1.85417e-01 4.21984e-01 |
     13 | 1.85603e-02 1.42772e-03 | 1.85417e-01 4.21984e-01 |
     14 | 1.99881e-02 1.42772e-03 | 1.85417e-01 4.21984e-01 |
     15 | 2.14158e-02 1.42772e-03 | 1.85417e-01 4.21984e-01 |
     16 | 2.28435e-02 1.42772e-03 | 1.85417e-01 4.21984e-01 |
     17 | 2.42712e-02 1.42772e-03 | 1.85417e-01 4.21984e-01 |
     18 | 2.56989e-02 1.42772e-03 | 1.85417e-01 4.21984e-01 |
     19 | 2.71267e-02 1.42772e-03 | 1.85417e-01 4.21984e-01 |
     20 | 2.85544e-02 1.42772e-03 | 1.85417e-01 4.21984e-01 |
     21 | 2.99821e-02 1.42772e-03 | 1.85417e-01 4.21984e-01 |
     22 | 3.14098e-02 1.42772e-03 | 1.85417e-01 4.21984e-01 |
     23 | 3.28375e-02 1.42772e-03 | 1.85417e-01 4.21984e-01 |
     24 | 3.42653e-02 1.42772e-03 | 1.85417e-01 4.21984e-01 |
     25 | 3.56930e-02 1.42772e-03 | 1.85417e-01 4.21984e-01 |
     26 | 3.71207e-02 1.42772e-03 | 1.85417e-01 4.21984e-01 |
     27 | 3.85484e-02 1.42772e-03 | 1.85417e-01 4.21984e-01 |
     28 | 3.99761e-02 1.42772e-03 | 1.85417e-01 4.21984e-01 |
     29 | 4.14039e-02 1.42772e-03 | 1.85417e-01 4.21984e-01 |
     30 | 4.28316e-02 1.42772e-03 | 1.85417e-01 4.21984e-01 |
     31 | 4.42593e-02 1.42772e-03 | 1.85417e-01 4.21984e-01 |
     32 | 4.56870e-02 1.42772e-03 | 1.85417e-01 4.21984e-01 |
     33 | 4.71147e-02 1.42772e-03 | 1.85417e-01 4.21984e-01 |
     34 | 4.85425e-02 1.42772e-03 | 1.85417e-01 4.21984e-01 |
     35 | 4.99702e-02 1.42772e-03 | 1.85417e-01 4.21984e-01 |
     36 | 5.13979e-02 1.42772e-03 | 1.85417e-01 4.21984e-01 |
     37 | 5.28256e-02 1.42772e-03 | 1.85417e-01 4.21984e-01 |
     38 | 5.42533e-02 1.42772e-03 | 1.85417e-01 4.21984e-01 |
     39 | 5.56810e-02 1.42772e-03 | 1.85417e-01 4.21984e-01 |
     40 | 5.71088e-02 1.42772e-03 | 1.85417e-01 4.21984e-01 |
     41 | 5.85365e-02 1.42772e-03 | 1.85417e-01 4.21984e-01 |
     42 | 5.99642e-02 1.42772e-03 | 1.85417e-01 4.21984e-01 |
     43 | 6.13919e-02 1.42772e-03 | 1.85417e-01 4.21984e-01 |
     44 | 6.28197e-02 1.42772e-03 | 1.85417e-01 4.21984e-01 |
     45 | 6.32792e-02 4.59512e-04 | 1.85417e-01 4.21984e-01 |
     46 | 6.47069e-02 1.42772e-03 | 1.85417e-01 4.21984e-01 |
     47 | 6.61346e-02 1.42772e-03 | 1.85417e-01 4.21984e-01 |
     48 | 6.75623e-02 1.42772e-03 | 1.85417e-01 4.21984e-01 |
     49 | 6.89900e-02 1.42772e-03 | 1.85417e-01 4.21984e-01 |
     50 | 7.04178e-02 1.42772e-03 | 1.85417e-01 4.21984e-01 |
     51 | 7.18455e-02 1.42772e-03 | 1.85417e-01 4.21984e-01 |
     52 | 7.32732e-02 1.42772e-03 | 1.85417e-01 4.21984e-01 |
     53 | 7.47009e-02 1.42772e-03 | 1.85417e-01 4.21984e-01 |
     54 | 7.61286e-02 1.42772e-03 | 1.85417e-01 4.21984e-01 |
     55 | 7.75564e-02 1.42772e-03 | 1.85417e-01 4.21984e-01 |
     56 | 7.89841e-02 1.42772e-03 | 1.85417e-01 4.21984e-01 |
     57 | 8.04118e-02 1.42772e-03 | 1.85417e-01 4.21984e-01 |
     58 | 8.18395e-02 1.42772e-03 | 1.85417e-01 4.21984e-01 |
     59 | 8.32672e-02 1.42772e-03 | 1.85417e-01 4.21984e-01 |
     60 | 8.46950e-02 1.42772e-03 | 1.85417e-01 4.21984e-01 |
     61 | 8.61227e-02 1.42772e-03 | 1.85417e-01 4.21983e-01 |
     62 | 8.75504e-02 1.42772e-03 | 1.85417e-01 4.21983e-01 |
     63 | 8.89781e-02 1.42772e-03 | 1.85417e-01 4.21983e-01 |
     64 | 9.04058e-02 1.42772e-03 | 1.85417e-01 4.21983e-01 |
     65 | 9.18336e-02 1.42772e-03 | 1.85417e-01 4.21983e-01 |
     66 | 9.32613e-02 1.42772e-03 | 1.85417e-01 4.21983e-01 |
     67 | 9.46890e-02 1.42772e-03 | 1.85417e-01 4.21983e-01 |
     68 | 9.61167e-02 1.42772e-03 | 1.85417e-01 4.21983e-01 |
     69 | 9.75444e-02 1.42772e-03 | 1.85417e-01 4.21983e-01 |
     70 | 9.89722e-02 1.42772e-03 | 1.85417e-01 4.21983e-01 |
     71 | 1.00400e-01 1.42772e-03 | 1.85417e-01 4.21983e-01 |
     72 | 1.01828e-01 1.42772e-03 | 1.85417e-01 4.21983e-01 |
     73 | 1.03255e-01 1.42772e-03 | 1.85417e-01 4.21983e-01 |
     74 | 1.04683e-01 1.42772e-03 | 1.85417e-01 4.21983e-01 |
     75 | 1.06111e-01 1.42772e-03 | 1.85417e-01 4.21983e-01 |
     76 | 1.07538e-01 1.42772e-03 | 1.85417e-01 4.21983e-01 |
     77 | 1.08966e-01 1.42772e-03 | 1.85417e-01 4.21983e-01 |
     78 | 1.10394e-01 1.42772e-03 | 1.85417e-01 4.21983e-01 |
     79 | 1.11822e-01 1.42772e-03 | 1.85417e-01 4.21983e-01 |
     80 | 1.13249e-01 1.42772e-03 | 1.85417e-01 4.21983e-01 |
     81 | 1.14677e-01 1.42772e-03 | 1.85417e-01 4.21983e-01 |
     82 | 1.16105e-01 1.42772e-03 | 1.85417e-01 4.21983e-01 |
     83 | 1.17533e-01 1.42772e-03 | 1.85417e-01 4.21983e-01 |
     84 | 1.18960e-01 1.42772e-03 | 1.85417e-01 4.21983e-01 |
     85 | 1.20388e-01 1.42772e-03 | 1.85417e-01 4.21983e-01 |
     86 | 1.21816e-01 1.42772e-03 | 1.85417e-01 4.21983e-01 |
     87 | 1.23243e-01 1.42772e-03 | 1.85417e-01 4.21983e-01 |
     88 | 1.24671e-01 1.42772e-03 | 1.85417e-01 4.21983e-01 |
     89 | 1.26099e-01 1.42772e-03 | 1.85417e-01 4.21983e-01 |
     90 | 1.26558e-01 4.59482e-04 | 1.85417e-01 4.21983e-01 |
     91 | 1.27986e-01 1.42772e-03 | 1.85417e-01 4.21983e-01 |
     92 | 1.29414e-01 1.42772e-03 | 1.85417e-01 4.21983e-01 |
     93 | 1.30841e-01 1.42772e-03 | 1.85417e-01 4.21983e-01 |
     94 | 1.32269e-01 1.42772e-03 | 1.85417e-01 4.21983e-01 |
     95 | 1.33697e-01 1.42772e-03 | 1.85417e-01 4.21983e-01 |
     96 | 1.35125e-01 1.42772e-03 | 1.85417e-01 4.21983e-01 |
     97 | 1.36552e-01 1.42772e-03 | 1.85417e-01 4.21983e-01 |
     98 | 1.37980e-01 1.42772e-03 | 1.85417e-01 4.21983e-01 |
     99 | 1.39408e-01 1.42772e-03 | 1.85417e-01 4.21983e-01 |
    100 | 1.40836e-01 1.42772e-03 | 1.85417e-01 4.21983e-01 |
    101 | 1.42263e-01 1.42772e-03 | 1.85417e-01 4.21983e-01 |
    102 | 1.43691e-01 1.42772e-03 | 1.85417e-01 4.21983e-01 |
    103 | 1.45119e-01 1.42772e-03 | 1.85417e-01 4.21983e-01 |
    104 | 1.46546e-01 1.42772e-03 | 1.85417e-01 4.21983e-01 |
    105 | 1.47974e-01 1.42772e-03 | 1.85417e-01 4.21983e-01 |
    106 | 1.49402e-01 1.42772e-03 | 1.85417e-01 4.21983e-01 |
    107 | 1.50830e-01 1.42772e-03 | 1.85417e-01 4.21983e-01 |
    108 | 1.52257e-01 1.42772e-03 | 1.85417e-01 4.21983e-01 |
    109 | 1.53685e-01 1.42772e-03 | 1.85417e-01 4.21983e-01 |
    110 | 1.55113e-01 1.42772e-03 | 1.85417e-01 4.21983e-01 |
    111 | 1.56540e-01 1.42772e-03 | 1.85417e-01 4.21983e-01 |
    112 | 1.57968e-01 1.42772e-03 | 1.85417e-01 4.21983e-01 |
    113 | 1.59396e-01 1.42772e-03 | 1.85417e-01 4.21983e-01 |
    114 | 1.60824e-01 1.42772e-03 | 1.85417e-01 4.21983e-01 |
    115 | 1.62251e-01 1.42772e-03 | 1.85417e-01 4.21983e-01 |
    116 | 1.63679e-01 1.42772e-03 | 1.85417e-01 4.21982e-01 |
    117 | 1.65107e-01 1.42772e-03 | 1.85417e-01 4.21982e-01 |
    118 | 1.66535e-01 1.42772e-03 | 1.85417e-01 4.21982e-01 |
    119 | 1.67962e-01 1.42772e-03 | 1.85417e-01 4.21982e-01 |
    120 | 1.69390e-01 1.42772e-03 | 1.85417e-01 4.21982e-01 |
    121 | 1.70818e-01 1.42772e-03 | 1.85417e-01 4.21982e-01 |
    122 | 1.72245e-01 1.42772e-03 | 1.85417e-01 4.21982e-01 |
    123 | 1.73673e-01 1.42772e-03 | 1.85417e-01 4.21982e-01 |
    124 | 1.75101e-01 1.42772e-03 | 1.85418e-01 4.21982e-01 |
    125 | 1.76529e-01 1.42772e-03 | 1.85418e-01 4.21982e-01 |
    126 | 1.77956e-01 1.42772e-03 | 1.85418e-01 4.21982e-01 |
    127 | 1.79384e-01 1.42772e-03 | 1.85418e-01 4.21982e-01 |
    128 | 1.80812e-01 1.42772e-03 | 1.85418e-01 4.21982e-01 |
    129 | 1.82239e-01 1.42772e-03 | 1.85418e-01 4.21982e-01 |
    130 | 1.83667e-01 1.42772e-03 | 1.85418e-01 4.21982e-01 |
    131 | 1.85095e-01 1.42772e-03 | 1.85418e-01 4.21982e-01 |
    132 | 1.86523e-01 1.42772e-03 | 1.85418e-01 4.21982e-01 |
    133 | 1.87950e-01 1.42772e-03 | 1.85418e-01 4.21982e-01 |
    134 | 1.89378e-01 1.42772e-03 | 1.85418e-01 4.21982e-01 |
    135 | 1.89837e-01 4.59446e-04 | 1.85417e-01 4.21982e-01 |
    136 | 1.91265e-01 1.42772e-03 | 1.85418e-01 4.21982e-01 |
    137 | 1.92693e-01 1.42772e-03 | 1.85418e-01 4.21982e-01 |
    138 | 1.94121e-01 1.42772e-03 | 1.85418e-01 4.21982e-01 |
    139 | 1.95548e-01 1.42772e-03 | 1.85418e-01 4.21982e-01 |
    140 | 1.96976e-01 1.42772e-03 | 1.85418e-01 4.21982e-01 |
    141 | 1.98404e-01 1.42772e-03 | 1.85418e-01 4.21982e-01 |
    142 | 1.99832e-01 1.42772e-03 | 1.85418e-01 4.21982e-01 |
    143 | 2.01259e-01 1.42772e-03 | 1.85418e-01 4.21982e-01 |
    144 | 2.02687e-01 1.42772e-03 | 1.85418e-01 4.21982e-01 |
    145 | 2.04115e-01 1.42772e-03 | 1.85418e-01 4.21982e-01 |
    146 | 2.05542e-01 1.42772e-03 | 1.85418e-01 4.21982e-01 |
    147 | 2.06970e-01 1.42772e-03 | 1.85418e-01 4.21982e-01 |
    148 | 2.08398e-01 1.42772e-03 | 1.85418e-01 4.21982e-01 |
    149 | 2.09826e-01 1.42772e-03 | 1.85418e-01 4.21982e-01 |
    150 | 2.11253e-01 1.42772e-03 | 1.85418e-01 4.21982e-01 |
    151 | 2.12681e-01 1.42772e-03 | 1.85418e-01 4.21982e-01 |
    152 | 2.14109e-01 1.42772e-03 | 1.85418e-01 4.21982e-01 |
    153 | 2.15536e-01 1.42772e-03 | 1.85418e-01 4.21982e-01 |
    154 | 2.16964e-01 1.42772e-03 | 1.85418e-01 4.21982e-01 |
    155 | 2.18392e-01 1.42772e-03 | 1.85418e-01 4.21982e-01 |
    156 | 2.19820e-01 1.42772e-03 | 1.85418e-01 4.21982e-01 |
    157 | 2.21247e-01 1.42772e-03 | 1.85418e-01 4.21982e-01 |
    158 | 2.22675e-01 1.42772e-03 | 1.85418e-01 4.21982e-01 |
    159 | 2.24103e-01 1.42772e-03 | 1.85418e-01 4.21982e-01 |
    160 | 2.25531e-01 1.42772e-03 | 1.85418e-01 4.21982e-01 |
    161 | 2.26958e-01 1.42772e-03 | 1.85418e-01 4.21982e-01 |
    162 | 2.28386e-01 1.42772e-03 | 1.85418e-01 4.21982e-01 |
    163 | 2.29814e-01 1.42772e-03 | 1.85418e-01 4.21982e-01 |
    164 | 2.31241e-01 1.42772e-03 | 1.85418e-01 4.21982e-01 |
    165 | 2.32669e-01 1.42772e-03 | 1.85418e-01 4.21982e-01 |
    166 | 2.34097e-01 1.42772e-03 | 1.85418e-01 4.21982e-01 |
    167 | 2.35525e-01 1.42772e-03 | 1.85418e-01 4.21981e-01 |
    168 | 2.36952e-01 1.42772e-03 | 1.85418e-01 4.21981e-01 |
    169 | 2.38380e-01 1.42772e-03 | 1.85418e-01 4.21981e-01 |
    170 | 2.39808e-01 1.42772e-03 | 1.85418e-01 4.21981e-01 |
    171 | 2.41235e-01 1.42772e-03 | 1.85418e-01 4.21981e-01 |
    172 | 2.42663e-01 1.42772e-03 | 1.85418e-01 4.21981e-01 |
    173 | 2.44091e-01 1.42772e-03 | 1.85418e-01 4.21981e-01 |
    174 | 2.45519e-01 1.42772e-03 | 1.85418e-01 4.21981e-01 |
    175 | 2.46946e-01 1.42772e-03 | 1.85418e-01 4.21981e-01 |
    176 | 2.48374e-01 1.42772e-03 | 1.85418e-01 4.21981e-01 |
    177 | 2.49802e-01 1.42772e-03 | 1.85418e-01 4.21981e-01 |
    178 | 2.51230e-01 1.42772e-03 | 1.85418e-01 4.21981e-01 |
    179 | 2.52657e-01 1.42772e-03 | 1.85418e-01 4.21981e-01 |
    180 | 2.53117e-01 4.59407e-04 | 1.85418e-01 4.21981e-01 |
    181 | 2.54544e-01 1.42772e-03 | 1.85418e-01 4.21981e-01 |
    182 | 2.55972e-01 1.42772e-03 | 1.85418e-01 4.21981e-01 |
    183 | 2.57400e-01 1.42772e-03 | 1.85418e-01 4.21981e-01 |
    184 | 2.58828e-01 1.42772e-03 | 1.85418e-01 4.21981e-01 |
    185 | 2.60255e-01 1.42772e-03 | 1.85418e-01 4.21981e-01 |
    186 | 2.61683e-01 1.42772e-03 | 1.85418e-01 4.21981e-01 |
    187 | 2.63111e-01 1.42772e-03 | 1.85418e-01 4.21981e-01 |
    188 | 2.64538e-01 1.42772e-03 | 1.85418e-01 4.21981e-01 |
    189 | 2.65966e-01 1.42772e-03 | 1.85418e-01 4.21981e-01 |
    190 | 2.67394e-01 1.42772e-03 | 1.85418e-01 4.21981e-01 |
    191 | 2.68822e-01 1.42772e-03 | 1.85418e-01 4.21981e-01 |
    192 | 2.70249e-01 1.42772e-03 | 1.85418e-01 4.21981e-01 |
    193 | 2.71677e-01 1.42772e-03 | 1.85418e-01 4.21981e-01 |
    194 | 2.73105e-01 1.42772e-03 | 1.85418e-01 4.21981e-01 |
    195 | 2.74532e-01 1.42772e-03 | 1.85418e-01 4.21981e-01 |
    196 | 2.75960e-01 1.42772e-03 | 1.85418e-01 4.21981e-01 |
    197 | 2.77388e-01 1.42772e-03 | 1.85418e-01 4.21981e-01 |
    198 | 2.78816e-01 1.42772e-03 | 1.85418e-01 4.21981e-01 |
    199 | 2.80243e-01 1.42772e-03 | 1.85418e-01 4.21981e-01 |
    200 | 2.81671e-01 1.42772e-03 | 1.85418e-01 4.21981e-01 |
    201 | 2.83099e-01 1.42772e-03 | 1.85418e-01 4.21981e-01 |
    202 | 2.84527e-01 1.42772e-03 | 1.85418e-01 4.21981e-01 |
    203 | 2.85954e-01 1.42772e-03 | 1.85418e-01 4.21981e-01 |
    204 | 2.87382e-01 1.42772e-03 | 1.85418e-01 4.21981e-01 |
    205 | 2.88810e-01 1.42772e-03 | 1.85418e-01 4.21981e-01 |
    206 | 2.90237e-01 1.42773e-03 | 1.85418e-01 4.21981e-01 |
    207 | 2.91665e-01 1.42772e-03 | 1.85418e-01 4.21981e-01 |
    208 | 2.93093e-01 1.42772e-03 | 1.85418e-01 4.21981e-01 |
    209 | 2.94521e-01 1.42773e-03 | 1.85418e-01 4.21981e-01 |
    210 | 2.95948e-01 1.42772e-03 | 1.85418e-01 4.21981e-01 |
    211 | 2.97376e-01 1.42772e-03 | 1.85418e-01 4.21981e-01 |
    212 | 2.98804e-01 1.42773e-03 | 1.85418e-01 4.21981e-01 |
    213 | 3.00231e-01 1.42772e-03 | 1.85418e-01 4.21981e-01 |
    214 | 3.01659e-01 1.42772e-03 | 1.85418e-01 4.21980e-01 |
    215 | 3.03087e-01 1.42773e-03 | 1.85418e-01 4.21980e-01 |
    216 | 3.04515e-01 1.42772e-03 | 1.85418e-01 4.21980e-01 |
    217 | 3.05942e-01 1.42772e-03 | 1.85418e-01 4.21980e-01 |
    218 | 3.07370e-01 1.42773e-03 | 1.85418e-01 4.21980e-01 |
    219 | 3.08798e-01 1.42772e-03 | 1.85418e-01 4.21980e-01 |
    220 | 3.10226e-01 1.42772e-03 | 1.85418e-01 4.21980e-01 |
    221 | 3.11653e-01 1.42773e-03 | 1.85418e-01 4.21980e-01 |
    222 | 3.13081e-01 1.42772e-03 | 1.85418e-01 4.21980e-01 |
    223 | 3.14509e-01 1.42772e-03 | 1.85418e-01 4.21980e-01 |
    224 | 3.15936e-01 1.42772e-03 | 1.85418e-01 4.21980e-01 |
    225 | 3.16396e-01 4.59356e-04 | 1.85418e-01 4.21980e-01 |
    226 | 3.17824e-01 1.42772e-03 | 1.85418e-01 4.21980e-01 |
    227 | 3.19251e-01 1.42772e-03 | 1.85418e-01 4.21980e-01 |
    228 | 3.20679e-01 1.42773e-03 | 1.85418e-01 4.21980e-01 |
    229 | 3.22107e-01 1.42772e-03 | 1.85418e-01 4.21980e-01 |
    230 | 3.23534e-01 1.42772e-03 | 1.85418e-01 4.21980e-01 |
    231 | 3.24962e-01 1.42773e-03 | 1.85418e-01 4.21980e-01 |
    232 | 3.26390e-01 1.42772e-03 | 1.85418e-01 4.21980e-01 |
    233 | 3.27818e-01 1.42772e-03 | 1.85418e-01 4.21980e-01 |
    234 | 3.29245e-01 1.42773e-03 | 1.85418e-01 4.21980e-01 |
    235 | 3.30673e-01 1.42772e-03 | 1.85418e-01 4.21980e-01 |
    236 | 3.32101e-01 1.42772e-03 | 1.85418e-01 4.21980e-01 |
    237 | 3.33528e-01 1.42773e-03 | 1.85418e-01 4.21980e-01 |
    238 | 3.34956e-01 1.42772e-03 | 1.85418e-01 4.21980e-01 |
    239 | 3.36384e-01 1.42772e-03 | 1.85418e-01 4.21980e-01 |
    240 | 3.37812e-01 1.42772e-03 | 1.85418e-01 4.21980e-01 |
    241 | 3.39239e-01 1.42772e-03 | 1.85418e-01 4.21980e-01 |
    242 | 3.40667e-01 1.42772e-03 | 1.85418e-01 4.21980e-01 |
    243 | 3.42095e-01 1.42772e-03 | 1.85418e-01 4.21980e-01 |
    244 | 3.43523e-01 1.42772e-03 | 1.85418e-01 4.21980e-01 |
    245 | 3.44950e-01 1.42772e-03 | 1.85418e-01 4.21980e-01 |
    246 | 3.46378e-01 1.42772e-03 | 1.85418e-01 4.21980e-01 |
    247 | 3.47806e-01 1.42772e-03 | 1.85418e-01 4.21980e-01 |
    248 | 3.49233e-01 1.42772e-03 | 1.85418e-01 4.21980e-01 |
    249 | 3.50661e-01 1.42772e-03 | 1.85418e-01 4.21980e-01 |
    250 | 3.52089e-01 1.42773e-03 | 1.85418e-01 4.21980e-01 |
    251 | 3.53517e-01 1.42772e-03 | 1.85418e-01 4.21980e-01 |
    252 | 3.54944e-01 1.42772e-03 | 1.85418e-01 4.21980e-01 |
    253 | 3.56372e-01 1.42773e-03 | 1.85418e-01 4.21980e-01 |
    254 | 3.57800e-01 1.42772e-03 | 1.85418e-01 4.21980e-01 |
    255 | 3.59228e-01 1.42772e-03 | 1.85418e-01 4.21980e-01 |
    256 | 3.60655e-01 1.42773e-03 | 1.85418e-01 4.21980e-01 |
    257 | 3.62083e-01 1.42772e-03 | 1.85418e-01 4.21980e-01 |
    258 | 3.63511e-01 1.42772e-03 | 1.85418e-01 4.21980e-01 |
    259 | 3.64938e-01 1.42773e-03 | 1.85418e-01 4.21979e-01 |
    260 | 3.66366e-01 1.42772e-03 | 1.85418e-01 4.21979e-01 |
    261 | 3.67794e-01 1.42772e-03 | 1.85418e-01 4.21979e-01 |
    262 | 3.69222e-01 1.42773e-03 | 1.85418e-01 4.21979e-01 |
    263 | 3.70649e-01 1.42772e-03 | 1.85418e-01 4.21979e-01 |
    264 | 3.72077e-01 1.42772e-03 | 1.85418e-01 4.21979e-01 |
    265 | 3.73505e-01 1.42773e-03 | 1.85418e-01 4.21979e-01 |
    266 | 3.74932e-01 1.42772e-03 | 1.85418e-01 4.21979e-01 |
    267 | 3.76360e-01 1.42772e-03 | 1.85418e-01 4.21979e-01 |
    268 | 3.77788e-01 1.42773e-03 | 1.85418e-01 4.21979e-01 |
    269 | 3.79216e-01 1.42772e-03 | 1.85418e-01 4.21979e-01 |
    270 | 3.79675e-01 4.59301e-04 | 1.85418e-01 4.21979e-01 |
    271 | 3.81103e-01 1.42772e-03 | 1.85418e-01 4.21979e-01 |
    272 | 3.82530e-01 1.42773e-03 | 1.85418e-01 4.21979e-01 |
    273 | 3.83958e-01 1.42772e-03 | 1.85418e-01 4.21979e-01 |
    274 | 3.85386e-01 1.42772e-03 | 1.85418e-01 4.21979e-01 |
    275 | 3.86814e-01 1.42773e-03 | 1.85418e-01 4.21979e-01 |
    276 | 3.88241e-01 1.42772e-03 | 1.85418e-01 4.21979e-01 |
    277 | 3.89669e-01 1.42772e-03 | 1.85418e-01 4.21979e-01 |
    278 | 3.91097e-01 1.42773e-03 | 1.85418e-01 4.21979e-01 |
    279 | 3.92525e-01 1.42772e-03 | 1.85418e-01 4.21979e-01 |
    280 | 3.93952e-01 1.42772e-03 | 1.85418e-01 4.21979e-01 |
    281 | 3.95380e-01 1.42773e-03 | 1.85418e-01 4.21979e-01 |
    282 | 3.96808e-01 1.42772e-03 | 1.85418e-01 4.21979e-01 |
    283 | 3.98235e-01 1.42772e-03 | 1.85418e-01 4.21979e-01 |
    284 | 3.99663e-01 1.42773e-03 | 1.85418e-01 4.21979e-01 |
    285 | 4.01091e-01 1.42772e-03 | 1.85418e-01 4.21979e-01 |
    286 | 4.02519e-01 1.42772e-03 | 1.85418e-01 4.21979e-01 |
    287 | 4.03946e-01 1.42773e-03 | 1.85418e-01 4.21979e-01 |
    288 | 4.05374e-01 1.42773e-03 | 1.85418e-01 4.21979e-01 |
    289 | 4.06802e-01 1.42772e-03 | 1.85418e-01 4.21979e-01 |
    290 | 4.08229e-01 1.42773e-03 | 1.85418e-01 4.21979e-01 |
    291 | 4.09657e-01 1.42773e-03 | 1.85418e-01 4.21979e-01 |
    292 | 4.11085e-01 1.42772e-03 | 1.85418e-01 4.21979e-01 |
    293 | 4.12513e-01 1.42773e-03 | 1.85418e-01 4.21979e-01 |
    294 | 4.13940e-01 1.42773e-03 | 1.85418e-01 4.21979e-01 |
    295 | 4.15368e-01 1.42772e-03 | 1.85418e-01 4.21979e-01 |
    296 | 4.16796e-01 1.42773e-03 | 1.85418e-01 4.21979e-01 |
    297 | 4.18224e-01 1.42773e-03 | 1.85418e-01 4.21979e-01 |
    298 | 4.19651e-01 1.42772e-03 | 1.85418e-01 4.21979e-01 |
    299 | 4.21079e-01 1.42773e-03 | 1.85418e-01 4.21979e-01 |
    300 | 4.22507e-01 1.42773e-03 | 1.85418e-01 4.21978e-01 |
    301 | 4.23934e-01 1.42772e-03 | 1.85418e-01 4.21978e-01 |
    302 | 4.25362e-01 1.42773e-03 | 1.85418e-01 4.21978e-01 |
    303 | 4.26790e-01 1.42773e-03 | 1.85418e-01 4.21978e-01 |
    304 | 4.28218e-01 1.42772e-03 | 1.85418e-01 4.21978e-01 |
    305 | 4.29645e-01 1.42773e-03 | 1.85418e-01 4.21978e-01 |
    306 | 4.31073e-01 1.42773e-03 | 1.85418e-01 4.21978e-01 |
    307 | 4.32501e-01 1.42772e-03 | 1.85418e-01 4.21978e-01 |
    308 | 4.33929e-01 1.42773e-03 | 1.85418e-01 4.21978e-01 |
    309 | 4.35356e-01 1.42773e-03 | 1.85418e-01 4.21978e-01 |
    310 | 4.36784e-01 1.42772e-03 | 1.85418e-01 4.21978e-01 |
    311 | 4.38212e-01 1.42773e-03 | 1.85418e-01 4.21978e-01 |
    312 | 4.39639e-01 1.42773e-03 | 1.85418e-01 4.21978e-01 |
    313 | 4.41067e-01 1.42773e-03 | 1.85418e-01 4.21978e-01 |
    314 | 4.42495e-01 1.42773e-03 | 1.85418e-01 4.21978e-01 |
    315 | 4.42954e-01 4.59235e-04 | 1.85418e-01 4.21978e-01 |
    316 | 4.44382e-01 1.42773e-03 | 1.85418e-01 4.21978e-01 |
    317 | 4.45810e-01 1.42773e-03 | 1.85418e-01 4.21978e-01 |
    318 | 4.47237e-01 1.42773e-03 | 1.85418e-01 4.21978e-01 |
    319 | 4.48665e-01 1.42773e-03 | 1.85418e-01 4.21978e-01 |
    320 | 4.50093e-01 1.42773e-03 | 1.85418e-01 4.21978e-01 |
    321 | 4.51520e-01 1.42773e-03 | 1.85418e-01 4.21978e-01 |
    322 | 4.52948e-01 1.42773e-03 | 1.85418e-01 4.21978e-01 |
    323 | 4.54376e-01 1.42773e-03 | 1.85418e-01 4.21978e-01 |
    324 | 4.55804e-01 1.42773e-03 | 1.85418e-01 4.21978e-01 |
    325 | 4.57231e-01 1.42773e-03 | 1.85418e-01 4.21978e-01 |
    326 | 4.58659e-01 1.42773e-03 | 1.85418e-01 4.21978e-01 |
    327 | 4.60087e-01 1.42773e-03 | 1.85418e-01 4.21978e-01 |
    328 | 4.61515e-01 1.42773e-03 | 1.85418e-01 4.21978e-01 |
    329 | 4.62942e-01 1.42773e-03 | 1.85418e-01 4.21978e-01 |
    330 | 4.64370e-01 1.42773e-03 | 1.85418e-01 4.21978e-01 |
    331 | 4.65798e-01 1.42773e-03 | 1.85418e-01 4.21978e-01 |
    332 | 4.67225e-01 1.42773e-03 | 1.85418e-01 4.21978e-01 |
    333 | 4.68653e-01 1.42773e-03 | 1.85418e-01 4.21978e-01 |
    334 | 4.70081e-01 1.42773e-03 | 1.85418e-01 4.21978e-01 |
    335 | 4.71509e-01 1.42773e-03 | 1.85418e-01 4.21978e-01 |
    336 | 4.72936e-01 1.42773e-03 | 1.85418e-01 4.21978e-01 |
    337 | 4.74364e-01 1.42773e-03 | 1.85418e-01 4.21978e-01 |
    338 | 4.75792e-01 1.42773e-03 | 1.85418e-01 4.21977e-01 |
    339 | 4.77220e-01 1.42773e-03 | 1.85418e-01 4.21977e-01 |
    340 | 4.78647e-01 1.42773e-03 | 1.85418e-01 4.21977e-01 |
    341 | 4.80075e-01 1.42773e-03 | 1.85418e-01 4.21977e-01 |
    342 | 4.81503e-01 1.42773e-03 | 1.85418e-01 4.21977e-01 |
    343 | 4.82930e-01 1.42773e-03 | 1.85418e-01 4.21977e-01 |
    344 | 4.84358e-01 1.42773e-03 | 1.85418e-01 4.21977e-01 |
    345 | 4.85786e-01 1.42773e-03 | 1.85418e-01 4.21977e-01 |
    346 | 4.87214e-01 1.42773e-03 | 1.85418e-01 4.21977e-01 |
    347 | 4.88641e-01 1.42773e-03 | 1.85418e-01 4.21977e-01 |
    348 | 4.90069e-01 1.42773e-03 | 1.85418e-01 4.21977e-01 |
    349 | 4.91497e-01 1.42773e-03 | 1.85418e-01 4.21977e-01 |
    350 | 4.92925e-01 1.42773e-03 | 1.85418e-01 4.21977e-01 |
    351 | 4.94352e-01 1.42773e-03 | 1.85418e-01 4.21977e-01 |
    352 | 4.95780e-01 1.42773e-03 | 1.85418e-01 4.21977e-01 |
    353 | 4.97208e-01 1.42773e-03 | 1.85418e-01 4.21977e-01 |
    354 | 4.98635e-01 1.42773e-03 | 1.85418e-01 4.21977e-01 |
    355 | 5.00063e-01 1.42773e-03 | 1.85418e-01 4.21977e-01 |
    356 | 5.01491e-01 1.42773e-03 | 1.85418e-01 4.21977e-01 |
    357 | 5.02919e-01 1.42773e-03 | 1.85418e-01 4.21977e-01 |
    358 | 5.04346e-01 1.42773e-03 | 1.85418e-01 4.21977e-01 |
    359 | 5.05774e-01 1.42773e-03 | 1.85418e-01 4.21977e-01 |
    360 | 5.06233e-01 4.59158e-04 | 1.85418e-01 4.21977e-01 |
    361 | 5.07661e-01 1.42773e-03 | 1.85418e-01 4.21977e-01 |
    362 | 5.09089e-01 1.42773e-03 | 1.85418e-01 4.21977e-01 |
    363 | 5.10516e-01 1.42773e-03 | 1.85418e-01 4.21977e-01 |
    364 | 5.11944e-01 1.42773e-03 | 1.85418e-01 4.21977e-01 |
    365 | 5.13372e-01 1.42773e-03 | 1.85418e-01 4.21977e-01 |
    366 | 5.14800e-01 1.42773e-03 | 1.85418e-01 4.21977e-01 |
    367 | 5.16227e-01 1.42773e-03 | 1.85418e-01 4.21977e-01 |
    368 | 5.17655e-01 1.42773e-03 | 1.85418e-01 4.21977e-01 |
    369 | 5.19083e-01 1.42773e-03 | 1.85418e-01 4.21977e-01 |
    370 | 5.20511e-01 1.42773e-03 | 1.85418e-01 4.21977e-01 |
    371 | 5.21938e-01 1.42773e-03 | 1.85418e-01 4.21977e-01 |
    372 | 5.23366e-01 1.42773e-03 | 1.85418e-01 4.21976e-01 |
    373 | 5.24794e-01 1.42773e-03 | 1.85418e-01 4.21976e-01 |
    374 | 5.26221e-01 1.42773e-03 | 1.85418e-01 4.21976e-01 |
    375 | 5.27649e-01 1.42773e-03 | 1.85418e-01 4.21976e-01 |
    376 | 5.29077e-01 1.42773e-03 | 1.85418e-01 4.21976e-01 |
    377 | 5.30505e-01 1.42773e-03 | 1.85418e-01 4.21976e-01 |
    378 | 5.31932e-01 1.42773e-03 | 1.85418e-01 4.21976e-01 |
    379 | 5.33360e-01 1.42773e-03 | 1.85418e-01 4.21976e-01 |
    380 | 5.34788e-01 1.42773e-03 | 1.85418e-01 4.21976e-01 |
    381 | 5.36216e-01 1.42773e-03 | 1.85418e-01 4.21976e-01 |
    382 | 5.37643e-01 1.42773e-03 | 1.85418e-01 4.21976e-01 |
    383 | 5.39071e-01 1.42773e-03 | 1.85418e-01 4.21976e-01 |
    384 | 5.40499e-01 1.42773e-03 | 1.85418e-01 4.21976e-01 |
    385 | 5.41927e-01 1.42773e-03 | 1.85418e-01 4.21976e-01 |
    386 | 5.43354e-01 1.42773e-03 | 1.85418e-01 4.21976e-01 |
    387 | 5.44782e-01 1.42773e-03 | 1.85418e-01 4.21976e-01 |
    388 | 5.46210e-01 1.42773e-03 | 1.85418e-01 4.21976e-01 |
    389 | 5.47637e-01 1.42773e-03 | 1.85418e-01 4.21976e-01 |
    390 | 5.49065e-01 1.42773e-03 | 1.85418e-01 4.21976e-01 |
    391 | 5.50493e-01 1.42773e-03 | 1.85418e-01 4.21976e-01 |
    392 | 5.51921e-01 1.42773e-03 | 1.85418e-01 4.21976e-01 |
    393 | 5.53348e-01 1.42773e-03 | 1.85418e-01 4.21976e-01 |
    394 | 5.54776e-01 1.42773e-03 | 1.85418e-01 4.21976e-01 |
    395 | 5.56204e-01 1.42773e-03 | 1.85418e-01 4.21976e-01 |
    396 | 5.57632e-01 1.42773e-03 | 1.85418e-01 4.21976e-01 |
    397 | 5.59059e-01 1.42773e-03 | 1.85418e-01 4.21976e-01 |
    398 | 5.60487e-01 1.42773e-03 | 1.85418e-01 4.21976e-01 |
    399 | 5.61915e-01 1.42773e-03 | 1.85418e-01 4.21976e-01 |
    400 | 5.63342e-01 1.42773e-03 | 1.85418e-01 4.21976e-01 |
    401 | 5.64770e-01 1.42773e-03 | 1.85418e-01 4.21976e-01 |
    402 | 5.66198e-01 1.42773e-03 | 1.85418e-01 4.21975e-01 |
    403 | 5.67626e-01 1.42773e-03 | 1.85418e-01 4.21975e-01 |
    404 | 5.69053e-01 1.42773e-03 | 1.85418e-01 4.21975e-01 |
    405 | 5.69512e-01 4.59072e-04 | 1.85418e-01 4.21975e-01 |
    406 | 5.70940e-01 1.42773e-03 | 1.85418e-01 4.21975e-01 |
    407 | 5.72368e-01 1.42773e-03 | 1.85418e-01 4.21975e-01 |
    408 | 5.73796e-01 1.42773e-03 | 1.85418e-01 4.21975e-01 |
    409 | 5.75223e-01 1.42773e-03 | 1.85418e-01 4.21975e-01 |
    410 | 5.76651e-01 1.42773e-03 | 1.85418e-01 4.21975e-01 |
    411 | 5.78079e-01 1.42773e-03 | 1.85418e-01 4.21975e-01 |
    412 | 5.79507e-01 1.42773e-03 | 1.85418e-01 4.21975e-01 |
    413 | 5.80934e-01 1.42773e-03 | 1.85418e-01 4.21975e-01 |
    414 | 5.82362e-01 1.42773e-03 | 1.85418e-01 4.21975e-01 |
    415 | 5.83790e-01 1.42773e-03 | 1.85418e-01 4.21975e-01 |
    416 | 5.85218e-01 1.42773e-03 | 1.85418e-01 4.21975e-01 |
    417 | 5.86645e-01 1.42773e-03 | 1.85418e-01 4.21975e-01 |
    418 | 5.88073e-01 1.42773e-03 | 1.85418e-01 4.21975e-01 |
    419 | 5.89501e-01 1.42773e-03 | 1.85418e-01 4.21975e-01 |
    420 | 5.90928e-01 1.42773e-03 | 1.85418e-01 4.21975e-01 |
    421 | 5.92356e-01 1.42773e-03 | 1.85418e-01 4.21975e-01 |
    422 | 5.93784e-01 1.42773e-03 | 1.85418e-01 4.21975e-01 |
    423 | 5.95212e-01 1.42773e-03 | 1.85418e-01 4.21975e-01 |
    424 | 5.96639e-01 1.42773e-03 | 1.85418e-01 4.21975e-01 |
    425 | 5.98067e-01 1.42773e-03 | 1.85418e-01 4.21975e-01 |
    426 | 5.99495e-01 1.42773e-03 | 1.85418e-01 4.21975e-01 |
    427 | 6.00923e-01 1.42773e-03 | 1.85418e-01 4.21975e-01 |
    428 | 6.02350e-01 1.42773e-03 | 1.85418e-01 4.21975e-01 |
    429 | 6.03778e-01 1.42773e-03 | 1.85418e-01 4.21975e-01 |
    430 | 6.05206e-01 1.42773e-03 | 1.85418e-01 4.21975e-01 |
    431 | 6.06633e-01 1.42773e-03 | 1.85418e-01 4.21974e-01 |
    432 | 6.08061e-01 1.42773e-03 | 1.85418e-01 4.21974e-01 |
    433 | 6.09489e-01 1.42773e-03 | 1.85418e-01 4.21974e-01 |
    434 | 6.10917e-01 1.42773e-03 | 1.85418e-01 4.21974e-01 |
    435 | 6.12344e-01 1.42773e-03 | 1.85418e-01 4.21974e-01 |
    436 | 6.13772e-01 1.42773e-03 | 1.85418e-01 4.21974e-01 |
    437 | 6.15200e-01 1.42773e-03 | 1.85418e-01 4.21974e-01 |
    438 | 6.16628e-01 1.42773e-03 | 1.85418e-01 4.21974e-01 |
    439 | 6.18055e-01 1.42773e-03 | 1.85418e-01 4.21974e-01 |
    440 | 6.19483e-01 1.42774e-03 | 1.85418e-01 4.21974e-01 |
    441 | 6.20911e-01 1.42773e-03 | 1.85418e-01 4.21974e-01 |
    442 | 6.22339e-01 1.42773e-03 | 1.85418e-01 4.21974e-01 |
    443 | 6.23766e-01 1.42773e-03 | 1.85418e-01 4.21974e-01 |
    444 | 6.25194e-01 1.42773e-03 | 1.85418e-01 4.21974e-01 |
    445 | 6.26622e-01 1.42773e-03 | 1.85418e-01 4.21974e-01 |
    446 | 6.28049e-01 1.42773e-03 | 1.85418e-01 4.21974e-01 |
    447 | 6.29477e-01 1.42773e-03 | 1.85418e-01 4.21974e-01 |
    448 | 6.30905e-01 1.42773e-03 | 1.85418e-01 4.21974e-01 |
    449 | 6.32333e-01 1.42773e-03 | 1.85418e-01 4.21974e-01 |
    450 | 6.32792e-01 4.58967e-04 | 1.85418e-01 4.21974e-01 |
    451 | 6.34219e-01 1.42773e-03 | 1.85418e-01 4.21974e-01 |
    452 | 6.35647e-01 1.42773e-03 | 1.85418e-01 4.21974e-01 |
    453 | 6.37075e-01 1.42774e-03 | 1.85418e-01 4.21974e-01 |
    454 | 6.38503e-01 1.42773e-03 | 1.85418e-01 4.21974e-01 |
    455 | 6.39930e-01 1.42773e-03 | 1.85418e-01 4.21974e-01 |
    456 | 6.41358e-01 1.42774e-03 | 1.85418e-01 4.21973e-01 |
    457 | 6.42786e-01 1.42773e-03 | 1.85418e-01 4.21973e-01 |
    458 | 6.44213e-01 1.42773e-03 | 1.85418e-01 4.21973e-01 |
    459 | 6.45641e-01 1.42774e-03 | 1.85418e-01 4.21973e-01 |
    460 | 6.47069e-01 1.42773e-03 | 1.85418e-01 4.21973e-01 |
    461 | 6.48497e-01 1.42773e-03 | 1.85418e-01 4.21973e-01 |
    462 | 6.49924e-01 1.42774e-03 | 1.85418e-01 4.21973e-01 |
    463 | 6.51352e-01 1.42773e-03 | 1.85418e-01 4.21973e-01 |
    464 | 6.52780e-01 1.42773e-03 | 1.85418e-01 4.21973e-01 |
    465 | 6.54208e-01 1.42774e-03 | 1.85418e-01 4.21973e-01 |
    466 | 6.55635e-01 1.42773e-03 | 1.85418e-01 4.21973e-01 |
    467 | 6.57063e-01 1.42773e-03 | 1.85418e-01 4.21973e-01 |
    468 | 6.58491e-01 1.42773e-03 | 1.85418e-01 4.21973e-01 |
    469 | 6.59919e-01 1.42773e-03 | 1.85418e-01 4.21973e-01 |
    470 | 6.61346e-01 1.42773e-03 | 1.85418e-01 4.21973e-01 |
    471 | 6.62774e-01 1.42773e-03 | 1.85418e-01 4.21973e-01 |
    472 | 6.64202e-01 1.42773e-03 | 1.85418e-01 4.21973e-01 |
    473 | 6.65629e-01 1.42773e-03 | 1.85418e-01 4.21973e-01 |
    474 | 6.67057e-01 1.42773e-03 | 1.85418e-01 4.21973e-01 |
    475 | 6.68485e-01 1.42774e-03 | 1.85418e-01 4.21973e-01 |
    476 | 6.69913e-01 1.42773e-03 | 1.85418e-01 4.21973e-01 |
    477 | 6.71340e-01 1.42773e-03 | 1.85418e-01 4.21973e-01 |
    478 | 6.72768e-01 1.42774e-03 | 1.85418e-01 4.21973e-01 |
    479 | 6.74196e-01 1.42773e-03 | 1.85418e-01 4.21972e-01 |
    480 | 6.75624e-01 1.42773e-03 | 1.85418e-01 4.21972e-01 |
    481 | 6.77051e-01 1.42774e-03 | 1.85418e-01 4.21972e-01 |
    482 | 6.78479e-01 1.42773e-03 | 1.85418e-01 4.21972e-01 |
    483 | 6.79907e-01 1.42773e-03 | 1.85418e-01 4.21972e-01 |
    484 | 6.81335e-01 1.42774e-03 | 1.85418e-01 4.21972e-01 |
    485 | 6.82762e-01 1.42773e-03 | 1.85418e-01 4.21972e-01 |
    486 | 6.84190e-01 1.42773e-03 | 1.85418e-01 4.21972e-01 |
    487 | 6.85618e-01 1.42774e-03 | 1.85418e-01 4.21972e-01 |
    488 | 6.87046e-01 1.42773e-03 | 1.85418e-01 4.21972e-01 |
    489 | 6.88473e-01 1.42773e-03 | 1.85418e-01 4.21972e-01 |
    490 | 6.89901e-01 1.42774e-03 | 1.85418e-01 4.21972e-01 |
    491 | 6.91329e-01 1.42773e-03 | 1.85418e-01 4.21972e-01 |
    492 | 6.92756e-01 1.42773e-03 | 1.85418e-01 4.21972e-01 |
    493 | 6.94184e-01 1.42774e-03 | 1.85418e-01 4.21972e-01 |
    494 | 6.95612e-01 1.42773e-03 | 1.85418e-01 4.21972e-01 |
    495 | 6.96071e-01 4.58852e-04 | 1.85418e-01 4.21972e-01 |
    496 | 6.97499e-01 1.42774e-03 | 1.85418e-01 4.21972e-01 |
    497 | 6.98926e-01 1.42774e-03 | 1.85418e-01 4.21972e-01 |
    498 | 7.00354e-01 1.42773e-03 | 1.85418e-01 4.21972e-01 |
    499 | 7.01782e-01 1.42774e-03 | 1.85418e-01 4.21972e-01 |
    500 | 7.03209e-01 1.42774e-03 | 1.85418e-01 4.21972e-01 |
    501 | 7.04637e-01 1.42773e-03 | 1.85418e-01 4.21971e-01 |
    502 | 7.06065e-01 1.42774e-03 | 1.85418e-01 4.21971e-01 |
    503 | 7.07493e-01 1.42774e-03 | 1.85418e-01 4.21971e-01 |
    504 | 7.08920e-01 1.42774e-03 | 1.85418e-01 4.21971e-01 |
    505 | 7.10348e-01 1.42774e-03 | 1.85418e-01 4.21971e-01 |
    506 | 7.11776e-01 1.42774e-03 | 1.85418e-01 4.21971e-01 |
    507 | 7.13204e-01 1.42774e-03 | 1.85418e-01 4.21971e-01 |
    508 | 7.14631e-01 1.42774e-03 | 1.85418e-01 4.21971e-01 |
    509 | 7.16059e-01 1.42774e-03 | 1.85418e-01 4.21971e-01 |
    510 | 7.17487e-01 1.42774e-03 | 1.85418e-01 4.21971e-01 |
    511 | 7.18915e-01 1.42774e-03 | 1.85418e-01 4.21971e-01 |
    512 | 7.20342e-01 1.42774e-03 | 1.85418e-01 4.21971e-01 |
    513 | 7.21770e-01 1.42774e-03 | 1.85418e-01 4.21971e-01 |
    514 | 7.23198e-01 1.42774e-03 | 1.85418e-01 4.21971e-01 |
    515 | 7.24626e-01 1.42774e-03 | 1.85418e-01 4.21971e-01 |
    516 | 7.26053e-01 1.42774e-03 | 1.85418e-01 4.21971e-01 |
    517 | 7.27481e-01 1.42774e-03 | 1.85418e-01 4.21971e-01 |
    518 | 7.28909e-01 1.42774e-03 | 1.85418e-01 4.21971e-01 |
    519 | 7.30336e-01 1.42774e-03 | 1.85418e-01 4.21971e-01 |
    520 | 7.31764e-01 1.42774e-03 | 1.85418e-01 4.21971e-01 |
    521 | 7.33192e-01 1.42774e-03 | 1.85418e-01 4.21970e-01 |
    522 | 7.34620e-01 1.42774e-03 | 1.85418e-01 4.21970e-01 |
    523 | 7.36047e-01 1.42774e-03 | 1.85418e-01 4.21970e-01 |
    524 | 7.37475e-01 1.42774e-03 | 1.85418e-01 4.21970e-01 |
    525 | 7.38903e-01 1.42774e-03 | 1.85418e-01 4.21970e-01 |
    526 | 7.40331e-01 1.42774e-03 | 1.85418e-01 4.21970e-01 |
    527 | 7.41758e-01 1.42774e-03 | 1.85418e-01 4.21970e-01 |
    528 | 7.43186e-01 1.42774e-03 | 1.85418e-01 4.21970e-01 |
    529 | 7.44614e-01 1.42774e-03 | 1.85418e-01 4.21970e-01 |
    530 | 7.46042e-01 1.42774e-03 | 1.85418e-01 4.21970e-01 |
    531 | 7.47469e-01 1.42774e-03 | 1.85418e-01 4.21970e-01 |
    532 | 7.48897e-01 1.42774e-03 | 1.85418e-01 4.21970e-01 |
    533 | 7.50325e-01 1.42774e-03 | 1.85418e-01 4.21970e-01 |
    534 | 7.51753e-01 1.42774e-03 | 1.85418e-01 4.21970e-01 |
    535 | 7.53180e-01 1.42774e-03 | 1.85418e-01 4.21970e-01 |
    536 | 7.54608e-01 1.42774e-03 | 1.85418e-01 4.21970e-01 |
    537 | 7.56036e-01 1.42774e-03 | 1.85418e-01 4.21970e-01 |
    538 | 7.57463e-01 1.42774e-03 | 1.85418e-01 4.21970e-01 |
    539 | 7.58891e-01 1.42774e-03 | 1.85418e-01 4.21969e-01 |
    540 | 7.59350e-01 4.58718e-04 | 1.85418e-01 4.21969e-01 |
    541 | 7.60778e-01 1.42774e-03 | 1.85418e-01 4.21969e-01 |
    542 | 7.62205e-01 1.42774e-03 | 1.85418e-01 4.21969e-01 |
    543 | 7.63633e-01 1.42774e-03 | 1.85418e-01 4.21969e-01 |
    544 | 7.65061e-01 1.42774e-03 | 1.85418e-01 4.21969e-01 |
    545 | 7.66489e-01 1.42774e-03 | 1.85418e-01 4.21969e-01 |
    546 | 7.67916e-01 1.42774e-03 | 1.85418e-01 4.21969e-01 |
    547 | 7.69344e-01 1.42774e-03 | 1.85418e-01 4.21969e-01 |
    548 | 7.70772e-01 1.42774e-03 | 1.85418e-01 4.21969e-01 |
    549 | 7.72200e-01 1.42774e-03 | 1.85418e-01 4.21969e-01 |
    550 | 7.73627e-01 1.42774e-03 | 1.85418e-01 4.21969e-01 |
    551 | 7.75055e-01 1.42774e-03 | 1.85418e-01 4.21969e-01 |
    552 | 7.76483e-01 1.42774e-03 | 1.85418e-01 4.21969e-01 |
    553 | 7.77911e-01 1.42774e-03 | 1.85418e-01 4.21969e-01 |
    554 | 7.79338e-01 1.42774e-03 | 1.85418e-01 4.21969e-01 |
    555 | 7.80766e-01 1.42774e-03 | 1.85418e-01 4.21969e-01 |
    556 | 7.82194e-01 1.42774e-03 | 1.85418e-01 4.21969e-01 |
    557 | 7.83622e-01 1.42774e-03 | 1.85418e-01 4.21968e-01 |
    558 | 7.85049e-01 1.42774e-03 | 1.85418e-01 4.21968e-01 |
    559 | 7.86477e-01 1.42774e-03 | 1.85418e-01 4.21968e-01 |
    560 | 7.87905e-01 1.42774e-03 | 1.85418e-01 4.21968e-01 |
    561 | 7.89332e-01 1.42774e-03 | 1.85418e-01 4.21968e-01 |
    562 | 7.90760e-01 1.42774e-03 | 1.85418e-01 4.21968e-01 |
    563 | 7.92188e-01 1.42774e-03 | 1.85418e-01 4.21968e-01 |
    564 | 7.93616e-01 1.42774e-03 | 1.85418e-01 4.21968e-01 |
    565 | 7.95043e-01 1.42774e-03 | 1.85418e-01 4.21968e-01 |
    566 | 7.96471e-01 1.42774e-03 | 1.85418e-01 4.21968e-01 |
    567 | 7.97899e-01 1.42774e-03 | 1.85418e-01 4.21968e-01 |
    568 | 7.99327e-01 1.42774e-03 | 1.85418e-01 4.21968e-01 |
    569 | 8.00754e-01 1.42774e-03 | 1.85418e-01 4.21968e-01 |
    570 | 8.02182e-01 1.42774e-03 | 1.85418e-01 4.21968e-01 |
    571 | 8.03610e-01 1.42774e-03 | 1.85418e-01 4.21968e-01 |
    572 | 8.05038e-01 1.42774e-03 | 1.85418e-01 4.21968e-01 |
    573 | 8.06465e-01 1.42774e-03 | 1.85418e-01 4.21967e-01 |
    574 | 8.07893e-01 1.42774e-03 | 1.85418e-01 4.21967e-01 |
    575 | 8.09321e-01 1.42774e-03 | 1.85418e-01 4.21967e-01 |
    576 | 8.10749e-01 1.42774e-03 | 1.85418e-01 4.21967e-01 |
    577 | 8.12176e-01 1.42774e-03 | 1.85418e-01 4.21967e-01 |
    578 | 8.13604e-01 1.42774e-03 | 1.85419e-01 4.21967e-01 |
    579 | 8.15032e-01 1.42774e-03 | 1.85419e-01 4.21967e-01 |
    580 | 8.16460e-01 1.42774e-03 | 1.85419e-01 4.21967e-01 |
    581 | 8.17887e-01 1.42774e-03 | 1.85419e-01 4.21967e-01 |
    582 | 8.19315e-01 1.42774e-03 | 1.85419e-01 4.21967e-01 |
    583 | 8.20743e-01 1.42774e-03 | 1.85419e-01 4.21967e-01 |
    584 | 8.22171e-01 1.42774e-03 | 1.85419e-01 4.21967e-01 |
    585 | 8.22629e-01 4.58563e-04 | 1.85418e-01 4.21967e-01 |
    586 | 8.24057e-01 1.42774e-03 | 1.85419e-01 4.21967e-01 |
    587 | 8.25485e-01 1.42774e-03 | 1.85419e-01 4.21967e-01 |
    588 | 8.26912e-01 1.42774e-03 | 1.85419e-01 4.21967e-01 |
    589 | 8.28340e-01 1.42774e-03 | 1.85419e-01 4.21966e-01 |
    590 | 8.29768e-01 1.42774e-03 | 1.85419e-01 4.21966e-01 |
    591 | 8.31196e-01 1.42774e-03 | 1.85419e-01 4.21966e-01 |
    592 | 8.32623e-01 1.42774e-03 | 1.85419e-01 4.21966e-01 |
    593 | 8.34051e-01 1.42774e-03 | 1.85419e-01 4.21966e-01 |
    594 | 8.35479e-01 1.42774e-03 | 1.85419e-01 4.21966e-01 |
    595 | 8.36907e-01 1.42774e-03 | 1.85419e-01 4.21966e-01 |
    596 | 8.38334e-01 1.42774e-03 | 1.85419e-01 4.21966e-01 |
    597 | 8.39762e-01 1.42774e-03 | 1.85419e-01 4.21966e-01 |
    598 | 8.41190e-01 1.42774e-03 | 1.85419e-01 4.21966e-01 |
    599 | 8.42618e-01 1.42774e-03 | 1.85419e-01 4.21966e-01 |
    600 | 8.44045e-01 1.42775e-03 | 1.85419e-01 4.21966e-01 |
    601 | 8.45473e-01 1.42774e-03 | 1.85419e-01 4.21966e-01 |
    602 | 8.46901e-01 1.42774e-03 | 1.85419e-01 4.21966e-01 |
    603 | 8.48328e-01 1.42775e-03 | 1.85419e-01 4.21965e-01 |
    604 | 8.49756e-01 1.42774e-03 | 1.85419e-01 4.21965e-01 |
    605 | 8.51184e-01 1.42774e-03 | 1.85419e-01 4.21965e-01 |
    606 | 8.52612e-01 1.42775e-03 | 1.85419e-01 4.21965e-01 |
    607 | 8.54039e-01 1.42774e-03 | 1.85419e-01 4.21965e-01 |
    608 | 8.55467e-01 1.42774e-03 | 1.85419e-01 4.21965e-01 |
    609 | 8.56895e-01 1.42775e-03 | 1.85419e-01 4.21965e-01 |
    610 | 8.58323e-01 1.42774e-03 | 1.85419e-01 4.21965e-01 |
    611 | 8.59750e-01 1.42774e-03 | 1.85419e-01 4.21965e-01 |
    612 | 8.61178e-01 1.42775e-03 | 1.85419e-01 4.21965e-01 |
    613 | 8.62606e-01 1.42774e-03 | 1.85419e-01 4.21965e-01 |
    614 | 8.64034e-01 1.42774e-03 | 1.85419e-01 4.21965e-01 |
    615 | 8.65461e-01 1.42775e-03 | 1.85419e-01 4.21965e-01 |
    616 | 8.66889e-01 1.42774e-03 | 1.85419e-01 4.21965e-01 |
    617 | 8.68317e-01 1.42774e-03 | 1.85419e-01 4.21964e-01 |
    618 | 8.69745e-01 1.42775e-03 | 1.85419e-01 4.21964e-01 |
    619 | 8.71172e-01 1.42775e-03 | 1.85419e-01 4.21964e-01 |
    620 | 8.72600e-01 1.42774e-03 | 1.85419e-01 4.21964e-01 |
    621 | 8.74028e-01 1.42775e-03 | 1.85419e-01 4.21964e-01 |
    622 | 8.75456e-01 1.42775e-03 | 1.85419e-01 4.21964e-01 |
    623 | 8.76883e-01 1.42775e-03 | 1.85419e-01 4.21964e-01 |
    624 | 8.78311e-01 1.42775e-03 | 1.85419e-01 4.21964e-01 |
    625 | 8.79739e-01 1.42775e-03 | 1.85419e-01 4.21964e-01 |
    626 | 8.81167e-01 1.42775e-03 | 1.85419e-01 4.21964e-01 |
    627 | 8.82594e-01 1.42775e-03 | 1.85419e-01 4.21964e-01 |
    628 | 8.84022e-01 1.42775e-03 | 1.85419e-01 4.21964e-01 |
    629 | 8.85450e-01 1.42775e-03 | 1.85419e-01 4.21964e-01 |
    630 | 8.85908e-01 4.58388e-04 | 1.85419e-01 4.21963e-01 |
    631 | 8.87336e-01 1.42775e-03 | 1.85419e-01 4.21963e-01 |
    632 | 8.88764e-01 1.42775e-03 | 1.85419e-01 4.21963e-01 |
    633 | 8.90192e-01 1.42775e-03 | 1.85419e-01 4.21963e-01 |
    634 | 8.91619e-01 1.42775e-03 | 1.85419e-01 4.21963e-01 |
    635 | 8.93047e-01 1.42775e-03 | 1.85419e-01 4.21963e-01 |
    636 | 8.94475e-01 1.42775e-03 | 1.85419e-01 4.21963e-01 |
    637 | 8.95903e-01 1.42775e-03 | 1.85419e-01 4.21963e-01 |
    638 | 8.97330e-01 1.42775e-03 | 1.85419e-01 4.21963e-01 |
    639 | 8.98758e-01 1.42775e-03 | 1.85419e-01 4.21963e-01 |
    640 | 9.00186e-01 1.42775e-03 | 1.85419e-01 4.21963e-01 |
    641 | 9.01613e-01 1.42775e-03 | 1.85419e-01 4.21963e-01 |
    642 | 9.03041e-01 1.42775e-03 | 1.85419e-01 4.21963e-01 |
    643 | 9.04469e-01 1.42775e-03 | 1.85419e-01 4.21962e-01 |
    644 | 9.05897e-01 1.42775e-03 | 1.85419e-01 4.21962e-01 |
    645 | 9.07324e-01 1.42775e-03 | 1.85419e-01 4.21962e-01 |
    646 | 9.08752e-01 1.42775e-03 | 1.85419e-01 4.21962e-01 |
    647 | 9.10180e-01 1.42775e-03 | 1.85419e-01 4.21962e-01 |
    648 | 9.11608e-01 1.42775e-03 | 1.85419e-01 4.21962e-01 |
    649 | 9.13035e-01 1.42775e-03 | 1.85419e-01 4.21962e-01 |
    650 | 9.14463e-01 1.42775e-03 | 1.85419e-01 4.21962e-01 |
    651 | 9.15891e-01 1.42775e-03 | 1.85419e-01 4.21962e-01 |
    652 | 9.17319e-01 1.42775e-03 | 1.85419e-01 4.21962e-01 |
    653 | 9.18746e-01 1.42775e-03 | 1.85419e-01 4.21962e-01 |
    654 | 9.20174e-01 1.42775e-03 | 1.85419e-01 4.21962e-01 |
    655 | 9.21602e-01 1.42775e-03 | 1.85419e-01 4.21961e-01 |
    656 | 9.23030e-01 1.42775e-03 | 1.85419e-01 4.21961e-01 |
    657 | 9.24457e-01 1.42775e-03 | 1.85419e-01 4.21961e-01 |
    658 | 9.25885e-01 1.42775e-03 | 1.85419e-01 4.21961e-01 |
    659 | 9.27313e-01 1.42775e-03 | 1.85419e-01 4.21961e-01 |
    660 | 9.28741e-01 1.42775e-03 | 1.85419e-01 4.21961e-01 |
    661 | 9.30168e-01 1.42775e-03 | 1.85419e-01 4.21961e-01 |
    662 | 9.31596e-01 1.42775e-03 | 1.85419e-01 4.21961e-01 |
    663 | 9.33024e-01 1.42775e-03 | 1.85419e-01 4.21961e-01 |
    664 | 9.34452e-01 1.42775e-03 | 1.85419e-01 4.21961e-01 |
    665 | 9.35879e-01 1.42775e-03 | 1.85419e-01 4.21961e-01 |
    666 | 9.37307e-01 1.42775e-03 | 1.85419e-01 4.21961e-01 |
    667 | 9.38735e-01 1.42775e-03 | 1.85419e-01 4.21960e-01 |
    668 | 9.40163e-01 1.42775e-03 | 1.85419e-01 4.21960e-01 |
    669 | 9.41590e-01 1.42775e-03 | 1.85419e-01 4.21960e-01 |
    670 | 9.43018e-01 1.42775e-03 | 1.85419e-01 4.21960e-01 |
    671 | 9.44446e-01 1.42775e-03 | 1.85419e-01 4.21960e-01 |
    672 | 9.45874e-01 1.42775e-03 | 1.85419e-01 4.21960e-01 |
    673 | 9.47302e-01 1.42775e-03 | 1.85419e-01 4.21960e-01 |
    674 | 9.48729e-01 1.42775e-03 | 1.85419e-01 4.21960e-01 |
    675 | 9.49187e-01 4.58180e-04 | 1.85419e-01 4.21960e-01 |
    676 | 9.50615e-01 1.42775e-03 | 1.85419e-01 4.21960e-01 |
    677 | 9.52043e-01 1.42775e-03 | 1.85419e-01 4.21960e-01 |
    678 | 9.53471e-01 1.42776e-03 | 1.85419e-01 4.21959e-01 |
    679 | 9.54898e-01 1.42775e-03 | 1.85419e-01 4.21959e-01 |
    680 | 9.56326e-01 1.42775e-03 | 1.85419e-01 4.21959e-01 |
    681 | 9.57754e-01 1.42776e-03 | 1.85419e-01 4.21959e-01 |
    682 | 9.59182e-01 1.42775e-03 | 1.85419e-01 4.21959e-01 |
    683 | 9.60609e-01 1.42775e-03 | 1.85419e-01 4.21959e-01 |
    684 | 9.62037e-01 1.42776e-03 | 1.85419e-01 4.21959e-01 |
    685 | 9.63465e-01 1.42775e-03 | 1.85419e-01 4.21959e-01 |
    686 | 9.64893e-01 1.42775e-03 | 1.85419e-01 4.21959e-01 |
    687 | 9.66320e-01 1.42776e-03 | 1.85419e-01 4.21959e-01 |
    688 | 9.67748e-01 1.42775e-03 | 1.85419e-01 4.21959e-01 |
    689 | 9.69176e-01 1.42775e-03 | 1.85419e-01 4.21958e-01 |
    690 | 9.70604e-01 1.42776e-03 | 1.85419e-01 4.21958e-01 |
    691 | 9.72031e-01 1.42775e-03 | 1.85419e-01 4.21958e-01 |
    692 | 9.73459e-01 1.42775e-03 | 1.85419e-01 4.21958e-01 |
    693 | 9.74887e-01 1.42776e-03 | 1.85419e-01 4.21958e-01 |
    694 | 9.76315e-01 1.42775e-03 | 1.85419e-01 4.21958e-01 |
    695 | 9.77743e-01 1.42775e-03 | 1.85419e-01 4.21958e-01 |
    696 | 9.79170e-01 1.42776e-03 | 1.85419e-01 4.21958e-01 |
    697 | 9.80598e-01 1.42776e-03 | 1.85419e-01 4.21958e-01 |
    698 | 9.82026e-01 1.42775e-03 | 1.85419e-01 4.21958e-01 |
    699 | 9.83454e-01 1.42776e-03 | 1.85419e-01 4.21957e-01 |
    700 | 9.84881e-01 1.42776e-03 | 1.85419e-01 4.21957e-01 |
    701 | 9.86309e-01 1.42775e-03 | 1.85420e-01 4.21957e-01 |
    702 | 9.87737e-01 1.42776e-03 | 1.85420e-01 4.21957e-01 |
    703 | 9.89165e-01 1.42776e-03 | 1.85420e-01 4.21957e-01 |
    704 | 9.90592e-01 1.42775e-03 | 1.85420e-01 4.21957e-01 |
    705 | 9.92020e-01 1.42776e-03 | 1.85420e-01 4.21957e-01 |
    706 | 9.93448e-01 1.42776e-03 | 1.85420e-01 4.21957e-01 |
    707 | 9.94876e-01 1.42775e-03 | 1.85420e-01 4.21957e-01 |
    708 | 9.96303e-01 1.42776e-03 | 1.85420e-01 4.21957e-01 |
    709 | 9.97731e-01 1.42776e-03 | 1.85420e-01 4.21956e-01 |
    710 | 9.99159e-01 1.42776e-03 | 1.85420e-01 4.21956e-01 |
    711 | 1.00059e+00 1.42776e-03 | 1.85420e-01 4.21956e-01 |
    712 | 1.00201e+00 1.42776e-03 | 1.85420e-01 4.21956e-01 |
    713 | 1.00344e+00 1.42776e-03 | 1.85420e-01 4.21956e-01 |
    714 | 1.00487e+00 1.42776e-03 | 1.85420e-01 4.21956e-01 |
    715 | 1.00630e+00 1.42776e-03 | 1.85420e-01 4.21956e-01 |
    716 | 1.00773e+00 1.42776e-03 | 1.85420e-01 4.21956e-01 |
    717 | 1.00915e+00 1.42776e-03 | 1.85420e-01 4.21956e-01 |
    718 | 1.01058e+00 1.42776e-03 | 1.85420e-01 4.21956e-01 |
    719 | 1.01201e+00 1.42776e-03 | 1.85420e-01 4.21955e-01 |
    720 | 1.01247e+00 4.57947e-04 | 1.85420e-01 4.21955e-01 |
    721 | 1.01389e+00 1.42776e-03 | 1.85420e-01 4.21955e-01 |
    722 | 1.01532e+00 1.42776e-03 | 1.85420e-01 4.21955e-01 |
    723 | 1.01675e+00 1.42776e-03 | 1.85420e-01 4.21955e-01 |
    724 | 1.01818e+00 1.42776e-03 | 1.85420e-01 4.21955e-01 |
    725 | 1.01961e+00 1.42776e-03 | 1.85420e-01 4.21955e-01 |
    726 | 1.02103e+00 1.42776e-03 | 1.85420e-01 4.21955e-01 |
    727 | 1.02246e+00 1.42776e-03 | 1.85420e-01 4.21955e-01 |
    728 | 1.02389e+00 1.42776e-03 | 1.85420e-01 4.21955e-01 |
    729 | 1.02532e+00 1.42776e-03 | 1.85420e-01 4.21954e-01 |
    730 | 1.02674e+00 1.42776e-03 | 1.85420e-01 4.21954e-01 |
    731 | 1.02817e+00 1.42776e-03 | 1.85420e-01 4.21954e-01 |
    732 | 1.02960e+00 1.42776e-03 | 1.85420e-01 4.21954e-01 |
    733 | 1.03103e+00 1.42776e-03 | 1.85420e-01 4.21954e-01 |
    734 | 1.03246e+00 1.42776e-03 | 1.85420e-01 4.21954e-01 |
    735 | 1.03388e+00 1.42776e-03 | 1.85420e-01 4.21954e-01 |
    736 | 1.03531e+00 1.42776e-03 | 1.85420e-01 4.21954e-01 |
    737 | 1.03674e+00 1.42776e-03 | 1.85420e-01 4.21954e-01 |
    738 | 1.03817e+00 1.42776e-03 | 1.85420e-01 4.21953e-01 |
    739 | 1.03959e+00 1.42776e-03 | 1.85420e-01 4.21953e-01 |
    740 | 1.04102e+00 1.42776e-03 | 1.85420e-01 4.21953e-01 |
    741 | 1.04245e+00 1.42776e-03 | 1.85420e-01 4.21953e-01 |
    742 | 1.04388e+00 1.42776e-03 | 1.85420e-01 4.21953e-01 |
    743 | 1.04531e+00 1.42776e-03 | 1.85420e-01 4.21953e-01 |
    744 | 1.04673e+00 1.42776e-03 | 1.85420e-01 4.21953e-01 |
    745 | 1.04816e+00 1.42776e-03 | 1.85420e-01 4.21953e-01 |
    746 | 1.04959e+00 1.42776e-03 | 1.85420e-01 4.21953e-01 |
    747 | 1.05102e+00 1.42776e-03 | 1.85420e-01 4.21952e-01 |
    748 | 1.05244e+00 1.42776e-03 | 1.85420e-01 4.21952e-01 |
    749 | 1.05387e+00 1.42776e-03 | 1.85420e-01 4.21952e-01 |
    750 | 1.05530e+00 1.42776e-03 | 1.85420e-01 4.21952e-01 |
    751 | 1.05673e+00 1.42776e-03 | 1.85420e-01 4.21952e-01 |
    752 | 1.05815e+00 1.42776e-03 | 1.85420e-01 4.21952e-01 |
    753 | 1.05958e+00 1.42776e-03 | 1.85420e-01 4.21952e-01 |
    754 | 1.06101e+00 1.42776e-03 | 1.85420e-01 4.21952e-01 |
    755 | 1.06244e+00 1.42776e-03 | 1.85420e-01 4.21951e-01 |
    756 | 1.06387e+00 1.42776e-03 | 1.85420e-01 4.21951e-01 |
    757 | 1.06529e+00 1.42776e-03 | 1.85420e-01 4.21951e-01 |
    758 | 1.06672e+00 1.42776e-03 | 1.85420e-01 4.21951e-01 |
    759 | 1.06815e+00 1.42776e-03 | 1.85420e-01 4.21951e-01 |
    760 | 1.06958e+00 1.42776e-03 | 1.85420e-01 4.21951e-01 |
    761 | 1.07100e+00 1.42776e-03 | 1.85420e-01 4.21951e-01 |
    762 | 1.07243e+00 1.42777e-03 | 1.85420e-01 4.21951e-01 |
    763 | 1.07386e+00 1.42776e-03 | 1.85420e-01 4.21951e-01 |
    764 | 1.07529e+00 1.42776e-03 | 1.85420e-01 4.21950e-01 |
    765 | 1.07575e+00 4.57677e-04 | 1.85420e-01 4.21950e-01 |
    766 | 1.07717e+00 1.42776e-03 | 1.85420e-01 4.21950e-01 |
    767 | 1.07860e+00 1.42776e-03 | 1.85420e-01 4.21950e-01 |
    768 | 1.08003e+00 1.42777e-03 | 1.85420e-01 4.21950e-01 |
    769 | 1.08146e+00 1.42777e-03 | 1.85420e-01 4.21950e-01 |
    770 | 1.08288e+00 1.42776e-03 | 1.85420e-01 4.21950e-01 |
    771 | 1.08431e+00 1.42777e-03 | 1.85420e-01 4.21950e-01 |
    772 | 1.08574e+00 1.42777e-03 | 1.85420e-01 4.21950e-01 |
    773 | 1.08717e+00 1.42776e-03 | 1.85420e-01 4.21949e-01 |
    774 | 1.08860e+00 1.42777e-03 | 1.85420e-01 4.21949e-01 |
    775 | 1.09002e+00 1.42777e-03 | 1.85420e-01 4.21949e-01 |
    776 | 1.09145e+00 1.42776e-03 | 1.85420e-01 4.21949e-01 |
    777 | 1.09288e+00 1.42777e-03 | 1.85420e-01 4.21949e-01 |
    778 | 1.09431e+00 1.42777e-03 | 1.85420e-01 4.21949e-01 |
    779 | 1.09573e+00 1.42777e-03 | 1.85420e-01 4.21949e-01 |
    780 | 1.09716e+00 1.42777e-03 | 1.85420e-01 4.21948e-01 |
    781 | 1.09859e+00 1.42777e-03 | 1.85420e-01 4.21948e-01 |
    782 | 1.10002e+00 1.42777e-03 | 1.85421e-01 4.21948e-01 |
    783 | 1.10145e+00 1.42777e-03 | 1.85421e-01 4.21948e-01 |
    784 | 1.10287e+00 1.42777e-03 | 1.85421e-01 4.21948e-01 |
    785 | 1.10430e+00 1.42777e-03 | 1.85421e-01 4.21948e-01 |
    786 | 1.10573e+00 1.42777e-03 | 1.85421e-01 4.21948e-01 |
    787 | 1.10716e+00 1.42777e-03 | 1.85421e-01 4.21948e-01 |
    788 | 1.10858e+00 1.42777e-03 | 1.85421e-01 4.21947e-01 |
    789 | 1.11001e+00 1.42777e-03 | 1.85421e-01 4.21947e-01 |
    790 | 1.11144e+00 1.42777e-03 | 1.85421e-01 4.21947e-01 |
    791 | 1.11287e+00 1.42777e-03 | 1.85421e-01 4.21947e-01 |
    792 | 1.11430e+00 1.42777e-03 | 1.85421e-01 4.21947e-01 |
    793 | 1.11572e+00 1.42777e-03 | 1.85421e-01 4.21947e-01 |
    794 | 1.11715e+00 1.42777e-03 | 1.85421e-01 4.21947e-01 |
    795 | 1.11858e+00 1.42777e-03 | 1.85421e-01 4.21947e-01 |
    796 | 1.12001e+00 1.42777e-03 | 1.85421e-01 4.21946e-01 |
    797 | 1.12143e+00 1.42777e-03 | 1.85421e-01 4.21946e-01 |
    798 | 1.12286e+00 1.42777e-03 | 1.85421e-01 4.21946e-01 |
    799 | 1.12429e+00 1.42777e-03 | 1.85421e-01 4.21946e-01 |
    800 | 1.12572e+00 1.42777e-03 | 1.85421e-01 4.21946e-01 |
    801 | 1.12715e+00 1.42777e-03 | 1.85421e-01 4.21946e-01 |
    802 | 1.12857e+00 1.42777e-03 | 1.85421e-01 4.21946e-01 |
    803 | 1.13000e+00 1.42777e-03 | 1.85421e-01 4.21945e-01 |
    804 | 1.13143e+00 1.42777e-03 | 1.85421e-01 4.21945e-01 |
    805 | 1.13286e+00 1.42777e-03 | 1.85421e-01 4.21945e-01 |
    806 | 1.13428e+00 1.42777e-03 | 1.85421e-01 4.21945e-01 |
    807 | 1.13571e+00 1.42777e-03 | 1.85421e-01 4.21945e-01 |
    808 | 1.13714e+00 1.42777e-03 | 1.85421e-01 4.21945e-01 |
    809 | 1.13857e+00 1.42777e-03 | 1.85421e-01 4.21945e-01 |
    810 | 1.13902e+00 4.57364e-04 | 1.85421e-01 4.21944e-01 |
    811 | 1.14045e+00 1.42777e-03 | 1.85421e-01 4.21944e-01 |
    812 | 1.14188e+00 1.42777e-03 | 1.85421e-01 4.21944e-01 |
    813 | 1.14331e+00 1.42777e-03 | 1.85421e-01 4.21944e-01 |
    814 | 1.14474e+00 1.42777e-03 | 1.85421e-01 4.21944e-01 |
    815 | 1.14616e+00 1.42777e-03 | 1.85421e-01 4.21944e-01 |
    816 | 1.14759e+00 1.42777e-03 | 1.85421e-01 4.21944e-01 |
    817 | 1.14902e+00 1.42777e-03 | 1.85421e-01 4.21944e-01 |
    818 | 1.15045e+00 1.42777e-03 | 1.85421e-01 4.21943e-01 |
    819 | 1.15187e+00 1.42777e-03 | 1.85421e-01 4.21943e-01 |
    820 | 1.15330e+00 1.42777e-03 | 1.85421e-01 4.21943e-01 |
    821 | 1.15473e+00 1.42777e-03 | 1.85421e-01 4.21943e-01 |
    822 | 1.15616e+00 1.42777e-03 | 1.85421e-01 4.21943e-01 |
    823 | 1.15759e+00 1.42777e-03 | 1.85421e-01 4.21943e-01 |
    824 | 1.15901e+00 1.42777e-03 | 1.85421e-01 4.21943e-01 |
    825 | 1.16044e+00 1.42778e-03 | 1.85421e-01 4.21942e-01 |
    826 | 1.16187e+00 1.42777e-03 | 1.85421e-01 4.21942e-01 |
    827 | 1.16330e+00 1.42778e-03 | 1.85421e-01 4.21942e-01 |
    828 | 1.16472e+00 1.42778e-03 | 1.85421e-01 4.21942e-01 |
    829 | 1.16615e+00 1.42777e-03 | 1.85421e-01 4.21942e-01 |
    830 | 1.16758e+00 1.42778e-03 | 1.85421e-01 4.21942e-01 |
    831 | 1.16901e+00 1.42778e-03 | 1.85421e-01 4.21942e-01 |
    832 | 1.17044e+00 1.42777e-03 | 1.85421e-01 4.21941e-01 |
    833 | 1.17186e+00 1.42778e-03 | 1.85421e-01 4.21941e-01 |
    834 | 1.17329e+00 1.42778e-03 | 1.85421e-01 4.21941e-01 |
    835 | 1.17472e+00 1.42778e-03 | 1.85421e-01 4.21941e-01 |
    836 | 1.17615e+00 1.42778e-03 | 1.85421e-01 4.21941e-01 |
    837 | 1.17757e+00 1.42778e-03 | 1.85421e-01 4.21941e-01 |
    838 | 1.17900e+00 1.42778e-03 | 1.85421e-01 4.21940e-01 |
    839 | 1.18043e+00 1.42778e-03 | 1.85421e-01 4.21940e-01 |
    840 | 1.18186e+00 1.42778e-03 | 1.85421e-01 4.21940e-01 |
    841 | 1.18329e+00 1.42778e-03 | 1.85421e-01 4.21940e-01 |
    842 | 1.18471e+00 1.42778e-03 | 1.85421e-01 4.21940e-01 |
    843 | 1.18614e+00 1.42778e-03 | 1.85421e-01 4.21940e-01 |
    844 | 1.18757e+00 1.42778e-03 | 1.85421e-01 4.21940e-01 |
    845 | 1.18900e+00 1.42778e-03 | 1.85422e-01 4.21939e-01 |
    846 | 1.19042e+00 1.42778e-03 | 1.85422e-01 4.21939e-01 |
    847 | 1.19185e+00 1.42778e-03 | 1.85422e-01 4.21939e-01 |
    848 | 1.19328e+00 1.42778e-03 | 1.85422e-01 4.21939e-01 |
    849 | 1.19471e+00 1.42778e-03 | 1.85422e-01 4.21939e-01 |
    850 | 1.19614e+00 1.42778e-03 | 1.85422e-01 4.21939e-01 |
    851 | 1.19756e+00 1.42778e-03 | 1.85422e-01 4.21938e-01 |
    852 | 1.19899e+00 1.42778e-03 | 1.85422e-01 4.21938e-01 |
    853 | 1.20042e+00 1.42778e-03 | 1.85422e-01 4.21938e-01 |
    854 | 1.20185e+00 1.42778e-03 | 1.85422e-01 4.21938e-01 |
    855 | 1.20230e+00 4.57006e-04 | 1.85422e-01 4.21938e-01 |
    856 | 1.20373e+00 1.42778e-03 | 1.85422e-01 4.21938e-01 |
    857 | 1.20516e+00 1.42778e-03 | 1.85422e-01 4.21938e-01 |
    858 | 1.20659e+00 1.42778e-03 | 1.85422e-01 4.21937e-01 |
    859 | 1.20802e+00 1.42778e-03 | 1.85422e-01 4.21937e-01 |
    860 | 1.20944e+00 1.42778e-03 | 1.85422e-01 4.21937e-01 |
    861 | 1.21087e+00 1.42778e-03 | 1.85422e-01 4.21937e-01 |
    862 | 1.21230e+00 1.42778e-03 | 1.85422e-01 4.21937e-01 |
    863 | 1.21373e+00 1.42778e-03 | 1.85422e-01 4.21937e-01 |
    864 | 1.21515e+00 1.42778e-03 | 1.85422e-01 4.21936e-01 |
    865 | 1.21658e+00 1.42778e-03 | 1.85422e-01 4.21936e-01 |
    866 | 1.21801e+00 1.42778e-03 | 1.85422e-01 4.21936e-01 |
    867 | 1.21944e+00 1.42778e-03 | 1.85422e-01 4.21936e-01 |
    868 | 1.22087e+00 1.42778e-03 | 1.85422e-01 4.21936e-01 |
    869 | 1.22229e+00 1.42778e-03 | 1.85422e-01 4.21936e-01 |
    870 | 1.22372e+00 1.42778e-03 | 1.85422e-01 4.21935e-01 |
    871 | 1.22515e+00 1.42778e-03 | 1.85422e-01 4.21935e-01 |
    872 | 1.22658e+00 1.42778e-03 | 1.85422e-01 4.21935e-01 |
    873 | 1.22800e+00 1.42778e-03 | 1.85422e-01 4.21935e-01 |
    874 | 1.22943e+00 1.42779e-03 | 1.85422e-01 4.21935e-01 |
    875 | 1.23086e+00 1.42779e-03 | 1.85422e-01 4.21935e-01 |
    876 | 1.23229e+00 1.42778e-03 | 1.85422e-01 4.21934e-01 |
    877 | 1.23372e+00 1.42779e-03 | 1.85422e-01 4.21934e-01 |
    878 | 1.23514e+00 1.42779e-03 | 1.85422e-01 4.21934e-01 |
    879 | 1.23657e+00 1.42778e-03 | 1.85422e-01 4.21934e-01 |
    880 | 1.23800e+00 1.42779e-03 | 1.85422e-01 4.21934e-01 |
    881 | 1.23943e+00 1.42779e-03 | 1.85422e-01 4.21934e-01 |
    882 | 1.24085e+00 1.42779e-03 | 1.85422e-01 4.21933e-01 |
    883 | 1.24228e+00 1.42779e-03 | 1.85422e-01 4.21933e-01 |
    884 | 1.24371e+00 1.42779e-03 | 1.85422e-01 4.21933e-01 |
    885 | 1.24514e+00 1.42779e-03 | 1.85422e-01 4.21933e-01 |
    886 | 1.24657e+00 1.42779e-03 | 1.85422e-01 4.21933e-01 |
    887 | 1.24799e+00 1.42779e-03 | 1.85422e-01 4.21932e-01 |
    888 | 1.24942e+00 1.42779e-03 | 1.85422e-01 4.21932e-01 |
    889 | 1.25085e+00 1.42779e-03 | 1.85422e-01 4.21932e-01 |
    890 | 1.25228e+00 1.42779e-03 | 1.85422e-01 4.21932e-01 |
    891 | 1.25370e+00 1.42779e-03 | 1.85422e-01 4.21932e-01 |
    892 | 1.25513e+00 1.42779e-03 | 1.85422e-01 4.21932e-01 |
    893 | 1.25656e+00 1.42779e-03 | 1.85422e-01 4.21931e-01 |
    894 | 1.25799e+00 1.42779e-03 | 1.85422e-01 4.21931e-01 |
    895 | 1.25942e+00 1.42779e-03 | 1.85422e-01 4.21931e-01 |
    896 | 1.26084e+00 1.42779e-03 | 1.85422e-01 4.21931e-01 |
    897 | 1.26227e+00 1.42779e-03 | 1.85422e-01 4.21931e-01 |
    898 | 1.26370e+00 1.42779e-03 | 1.85423e-01 4.21930e-01 |
    899 | 1.26513e+00 1.42779e-03 | 1.85423e-01 4.21930e-01 |
    900 | 1.26558e+00 4.56587e-04 | 1.85422e-01 4.21930e-01 |
    901 | 1.26701e+00 1.42779e-03 | 1.85423e-01 4.21930e-01 |
    902 | 1.26844e+00 1.42779e-03 | 1.85423e-01 4.21930e-01 |
    903 | 1.26987e+00 1.42779e-03 | 1.85423e-01 4.21930e-01 |
    904 | 1.27129e+00 1.42779e-03 | 1.85423e-01 4.21929e-01 |
    905 | 1.27272e+00 1.42779e-03 | 1.85423e-01 4.21929e-01 |
    906 | 1.27415e+00 1.42780e-03 | 1.85423e-01 4.21929e-01 |
    907 | 1.27558e+00 1.42779e-03 | 1.85423e-01 4.21929e-01 |
    908 | 1.27701e+00 1.42779e-03 | 1.85423e-01 4.21929e-01 |
    909 | 1.27843e+00 1.42780e-03 | 1.85423e-01 4.21929e-01 |
    910 | 1.27986e+00 1.42779e-03 | 1.85423e-01 4.21928e-01 |
    911 | 1.28129e+00 1.42779e-03 | 1.85423e-01 4.21928e-01 |
    912 | 1.28272e+00 1.42780e-03 | 1.85423e-01 4.21928e-01 |
    913 | 1.28414e+00 1.42779e-03 | 1.85423e-01 4.21928e-01 |
    914 | 1.28557e+00 1.42779e-03 | 1.85423e-01 4.21928e-01 |
    915 | 1.28700e+00 1.42780e-03 | 1.85423e-01 4.21927e-01 |
    916 | 1.28843e+00 1.42779e-03 | 1.85423e-01 4.21927e-01 |
    917 | 1.28986e+00 1.42779e-03 | 1.85423e-01 4.21927e-01 |
    918 | 1.29128e+00 1.42780e-03 | 1.85423e-01 4.21927e-01 |
    919 | 1.29271e+00 1.42780e-03 | 1.85423e-01 4.21927e-01 |
    920 | 1.29414e+00 1.42779e-03 | 1.85423e-01 4.21926e-01 |
    921 | 1.29557e+00 1.42780e-03 | 1.85423e-01 4.21926e-01 |
    922 | 1.29699e+00 1.42780e-03 | 1.85423e-01 4.21926e-01 |
    923 | 1.29842e+00 1.42780e-03 | 1.85423e-01 4.21926e-01 |
    924 | 1.29985e+00 1.42780e-03 | 1.85423e-01 4.21926e-01 |
    925 | 1.30128e+00 1.42780e-03 | 1.85423e-01 4.21925e-01 |
    926 | 1.30271e+00 1.42780e-03 | 1.85423e-01 4.21925e-01 |
    927 | 1.30413e+00 1.42780e-03 | 1.85423e-01 4.21925e-01 |
    928 | 1.30556e+00 1.42780e-03 | 1.85423e-01 4.21925e-01 |
    929 | 1.30699e+00 1.42780e-03 | 1.85423e-01 4.21925e-01 |
    930 | 1.30842e+00 1.42780e-03 | 1.85423e-01 4.21924e-01 |
    931 | 1.30984e+00 1.42780e-03 | 1.85423e-01 4.21924e-01 |
    932 | 1.31127e+00 1.42780e-03 | 1.85423e-01 4.21924e-01 |
    933 | 1.31270e+00 1.42780e-03 | 1.85423e-01 4.21924e-01 |
    934 | 1.31413e+00 1.42780e-03 | 1.85423e-01 4.21924e-01 |
    935 | 1.31556e+00 1.42780e-03 | 1.85423e-01 4.21923e-01 |
    936 | 1.31698e+00 1.42780e-03 | 1.85423e-01 4.21923e-01 |
    937 | 1.31841e+00 1.42780e-03 | 1.85423e-01 4.21923e-01 |
    938 | 1.31984e+00 1.42780e-03 | 1.85423e-01 4.21923e-01 |
    939 | 1.32127e+00 1.42780e-03 | 1.85423e-01 4.21923e-01 |
    940 | 1.32270e+00 1.42780e-03 | 1.85423e-01 4.21922e-01 |
    941 | 1.32412e+00 1.42780e-03 | 1.85423e-01 4.21922e-01 |
    942 | 1.32555e+00 1.42780e-03 | 1.85423e-01 4.21922e-01 |
    943 | 1.32698e+00 1.42780e-03 | 1.85423e-01 4.21922e-01 |
    944 | 1.32841e+00 1.42780e-03 | 1.85424e-01 4.21921e-01 |
    945 | 1.32886e+00 4.56112e-04 | 1.85423e-01 4.21921e-01 |
    946 | 1.33029e+00 1.42780e-03 | 1.85424e-01 4.21921e-01 |
    947 | 1.33172e+00 1.42780e-03 | 1.85424e-01 4.21921e-01 |
    948 | 1.33315e+00 1.42780e-03 | 1.85424e-01 4.21921e-01 |
    949 | 1.33457e+00 1.42780e-03 | 1.85424e-01 4.21921e-01 |
    950 | 1.33600e+00 1.42781e-03 | 1.85424e-01 4.21920e-01 |
    951 | 1.33743e+00 1.42780e-03 | 1.85424e-01 4.21920e-01 |
    952 | 1.33886e+00 1.42780e-03 | 1.85424e-01 4.21920e-01 |
    953 | 1.34028e+00 1.42781e-03 | 1.85424e-01 4.21920e-01 |
    954 | 1.34171e+00 1.42780e-03 | 1.85424e-01 4.21919e-01 |
    955 | 1.34314e+00 1.42780e-03 | 1.85424e-01 4.21919e-01 |
    956 | 1.34457e+00 1.42781e-03 | 1.85424e-01 4.21919e-01 |
    957 | 1.34600e+00 1.42780e-03 | 1.85424e-01 4.21919e-01 |
    958 | 1.34742e+00 1.42781e-03 | 1.85424e-01 4.21919e-01 |
    959 | 1.34885e+00 1.42781e-03 | 1.85424e-01 4.21918e-01 |
    960 | 1.35028e+00 1.42781e-03 | 1.85424e-01 4.21918e-01 |
    961 | 1.35171e+00 1.42781e-03 | 1.85424e-01 4.21918e-01 |
    962 | 1.35314e+00 1.42781e-03 | 1.85424e-01 4.21918e-01 |
    963 | 1.35456e+00 1.42781e-03 | 1.85424e-01 4.21917e-01 |
    964 | 1.35599e+00 1.42781e-03 | 1.85424e-01 4.21917e-01 |
    965 | 1.35742e+00 1.42781e-03 | 1.85424e-01 4.21917e-01 |
    966 | 1.35885e+00 1.42781e-03 | 1.85424e-01 4.21917e-01 |
    967 | 1.36027e+00 1.42781e-03 | 1.85424e-01 4.21917e-01 |
    968 | 1.36170e+00 1.42781e-03 | 1.85424e-01 4.21916e-01 |
    969 | 1.36313e+00 1.42781e-03 | 1.85424e-01 4.21916e-01 |
    970 | 1.36456e+00 1.42781e-03 | 1.85424e-01 4.21916e-01 |
    971 | 1.36599e+00 1.42781e-03 | 1.85424e-01 4.21916e-01 |
    972 | 1.36741e+00 1.42781e-03 | 1.85424e-01 4.21915e-01 |
    973 | 1.36884e+00 1.42781e-03 | 1.85424e-01 4.21915e-01 |
    974 | 1.37027e+00 1.42781e-03 | 1.85424e-01 4.21915e-01 |
    975 | 1.37170e+00 1.42781e-03 | 1.85424e-01 4.21915e-01 |
    976 | 1.37312e+00 1.42781e-03 | 1.85424e-01 4.21914e-01 |
    977 | 1.37455e+00 1.42781e-03 | 1.85424e-01 4.21914e-01 |
    978 | 1.37598e+00 1.42781e-03 | 1.85424e-01 4.21914e-01 |
    979 | 1.37741e+00 1.42781e-03 | 1.85424e-01 4.21914e-01 |
    980 | 1.37884e+00 1.42781e-03 | 1.85424e-01 4.21914e-01 |
    981 | 1.38026e+00 1.42781e-03 | 1.85424e-01 4.21913e-01 |
    982 | 1.38169e+00 1.42781e-03 | 1.85424e-01 4.21913e-01 |
    983 | 1.38312e+00 1.42781e-03 | 1.85424e-01 4.21913e-01 |
    984 | 1.38455e+00 1.42782e-03 | 1.85425e-01 4.21913e-01 |
    985 | 1.38597e+00 1.42781e-03 | 1.85425e-01 4.21912e-01 |
    986 | 1.38740e+00 1.42781e-03 | 1.85425e-01 4.21912e-01 |
    987 | 1.38883e+00 1.42782e-03 | 1.85425e-01 4.21912e-01 |
    988 | 1.39026e+00 1.42781e-03 | 1.85425e-01 4.21912e-01 |
    989 | 1.39169e+00 1.42782e-03 | 1.85425e-01 4.21911e-01 |
    990 | 1.39214e+00 4.55560e-04 | 1.85425e-01 4.21911e-01 |
    991 | 1.39357e+00 1.42782e-03 | 1.85425e-01 4.21911e-01 |
    992 | 1.39500e+00 1.42782e-03 | 1.85425e-01 4.21911e-01 |
    993 | 1.39643e+00 1.42782e-03 | 1.85425e-01 4.21911e-01 |
    994 | 1.39785e+00 1.42782e-03 | 1.85425e-01 4.21910e-01 |
    995 | 1.39928e+00 1.42782e-03 | 1.85425e-01 4.21910e-01 |
    996 | 1.40071e+00 1.42782e-03 | 1.85425e-01 4.21910e-01 |
    997 | 1.40214e+00 1.42782e-03 | 1.85425e-01 4.21910e-01 |
    998 | 1.40356e+00 1.42782e-03 | 1.85425e-01 4.21909e-01 |
    999 | 1.40499e+00 1.42782e-03 | 1.85425e-01 4.21909e-01 |
   1000 | 1.40642e+00 1.42782e-03 | 1.85425e-01 4.21909e-01 |
   1001 | 1.40785e+00 1.42782e-03 | 1.85425e-01 4.21909e-01 |
   1002 | 1.40928e+00 1.42782e-03 | 1.85425e-01 4.21908e-01 |
   1003 | 1.41070e+00 1.42782e-03 | 1.85425e-01 4.21908e-01 |
   1004 | 1.41213e+00 1.42782e-03 | 1.85425e-01 4.21908e-01 |
   1005 | 1.41356e+00 1.42782e-03 | 1.85425e-01 4.21908e-01 |
   1006 | 1.41499e+00 1.42782e-03 | 1.85425e-01 4.21907e-01 |
   1007 | 1.41641e+00 1.42782e-03 | 1.85425e-01 4.21907e-01 |
   1008 | 1.41784e+00 1.42782e-03 | 1.85425e-01 4.21907e-01 |
   1009 | 1.41927e+00 1.42782e-03 | 1.85425e-01 4.21906e-01 |
   1010 | 1.42070e+00 1.42782e-03 | 1.85425e-01 4.21906e-01 |
   1011 | 1.42213e+00 1.42782e-03 | 1.85425e-01 4.21906e-01 |
   1012 | 1.42355e+00 1.42783e-03 | 1.85425e-01 4.21906e-01 |
   1013 | 1.42498e+00 1.42782e-03 | 1.85425e-01 4.21905e-01 |
   1014 | 1.42641e+00 1.42782e-03 | 1.85425e-01 4.21905e-01 |
   1015 | 1.42784e+00 1.42783e-03 | 1.85425e-01 4.21905e-01 |
   1016 | 1.42926e+00 1.42782e-03 | 1.85425e-01 4.21905e-01 |
   1017 | 1.43069e+00 1.42782e-03 | 1.85425e-01 4.21904e-01 |
   1018 | 1.43212e+00 1.42783e-03 | 1.85425e-01 4.21904e-01 |
   1019 | 1.43355e+00 1.42783e-03 | 1.85425e-01 4.21904e-01 |
   1020 | 1.43498e+00 1.42782e-03 | 1.85425e-01 4.21904e-01 |
   1021 | 1.43640e+00 1.42783e-03 | 1.85426e-01 4.21903e-01 |
   1022 | 1.43783e+00 1.42783e-03 | 1.85426e-01 4.21903e-01 |
   1023 | 1.43926e+00 1.42783e-03 | 1.85426e-01 4.21903e-01 |
   1024 | 1.44069e+00 1.42783e-03 | 1.85426e-01 4.21902e-01 |
   1025 | 1.44212e+00 1.42783e-03 | 1.85426e-01 4.21902e-01 |
   1026 | 1.44354e+00 1.42783e-03 | 1.85426e-01 4.21902e-01 |
   1027 | 1.44497e+00 1.42783e-03 | 1.85426e-01 4.21902e-01 |
   1028 | 1.44640e+00 1.42783e-03 | 1.85426e-01 4.21901e-01 |
   1029 | 1.44783e+00 1.42783e-03 | 1.85426e-01 4.21901e-01 |
   1030 | 1.44925e+00 1.42783e-03 | 1.85426e-01 4.21901e-01 |
   1031 | 1.45068e+00 1.42783e-03 | 1.85426e-01 4.21901e-01 |
   1032 | 1.45211e+00 1.42783e-03 | 1.85426e-01 4.21900e-01 |
   1033 | 1.45354e+00 1.42783e-03 | 1.85426e-01 4.21900e-01 |
   1034 | 1.45497e+00 1.42783e-03 | 1.85426e-01 4.21900e-01 |
   1035 | 1.45542e+00 4.54923e-04 | 1.85426e-01 4.21900e-01 |
   1036 | 1.45685e+00 1.42783e-03 | 1.85426e-01 4.21899e-01 |
   1037 | 1.45828e+00 1.42783e-03 | 1.85426e-01 4.21899e-01 |
   1038 | 1.45970e+00 1.42783e-03 | 1.85426e-01 4.21899e-01 |
   1039 | 1.46113e+00 1.42783e-03 | 1.85426e-01 4.21899e-01 |
   1040 | 1.46256e+00 1.42783e-03 | 1.85426e-01 4.21898e-01 |
   1041 | 1.46399e+00 1.42783e-03 | 1.85426e-01 4.21898e-01 |
   1042 | 1.46542e+00 1.42783e-03 | 1.85426e-01 4.21898e-01 |
   1043 | 1.46684e+00 1.42784e-03 | 1.85426e-01 4.21897e-01 |
   1044 | 1.46827e+00 1.42784e-03 | 1.85426e-01 4.21897e-01 |
   1045 | 1.46970e+00 1.42783e-03 | 1.85426e-01 4.21897e-01 |
   1046 | 1.47113e+00 1.42784e-03 | 1.85426e-01 4.21897e-01 |
   1047 | 1.47255e+00 1.42784e-03 | 1.85426e-01 4.21896e-01 |
   1048 | 1.47398e+00 1.42783e-03 | 1.85426e-01 4.21896e-01 |
   1049 | 1.47541e+00 1.42784e-03 | 1.85426e-01 4.21896e-01 |
   1050 | 1.47684e+00 1.42784e-03 | 1.85426e-01 4.21895e-01 |
   1051 | 1.47827e+00 1.42784e-03 | 1.85426e-01 4.21895e-01 |
   1052 | 1.47969e+00 1.42784e-03 | 1.85426e-01 4.21895e-01 |
   1053 | 1.48112e+00 1.42784e-03 | 1.85427e-01 4.21894e-01 |
   1054 | 1.48255e+00 1.42784e-03 | 1.85427e-01 4.21894e-01 |
   1055 | 1.48398e+00 1.42784e-03 | 1.85427e-01 4.21894e-01 |
   1056 | 1.48541e+00 1.42784e-03 | 1.85427e-01 4.21894e-01 |
   1057 | 1.48683e+00 1.42784e-03 | 1.85427e-01 4.21893e-01 |
   1058 | 1.48826e+00 1.42784e-03 | 1.85427e-01 4.21893e-01 |
   1059 | 1.48969e+00 1.42784e-03 | 1.85427e-01 4.21893e-01 |
   1060 | 1.49112e+00 1.42784e-03 | 1.85427e-01 4.21892e-01 |
   1061 | 1.49254e+00 1.42784e-03 | 1.85427e-01 4.21892e-01 |
   1062 | 1.49397e+00 1.42784e-03 | 1.85427e-01 4.21892e-01 |
   1063 | 1.49540e+00 1.42784e-03 | 1.85427e-01 4.21891e-01 |
   1064 | 1.49683e+00 1.42784e-03 | 1.85427e-01 4.21891e-01 |
   1065 | 1.49826e+00 1.42785e-03 | 1.85427e-01 4.21891e-01 |
   1066 | 1.49968e+00 1.42784e-03 | 1.85427e-01 4.21891e-01 |
   1067 | 1.50111e+00 1.42784e-03 | 1.85427e-01 4.21890e-01 |
   1068 | 1.50254e+00 1.42785e-03 | 1.85427e-01 4.21890e-01 |
   1069 | 1.50397e+00 1.42784e-03 | 1.85427e-01 4.21890e-01 |
   1070 | 1.50540e+00 1.42784e-03 | 1.85427e-01 4.21889e-01 |
   1071 | 1.50682e+00 1.42785e-03 | 1.85427e-01 4.21889e-01 |
   1072 | 1.50825e+00 1.42785e-03 | 1.85427e-01 4.21889e-01 |
   1073 | 1.50968e+00 1.42785e-03 | 1.85427e-01 4.21888e-01 |
   1074 | 1.51111e+00 1.42785e-03 | 1.85427e-01 4.21888e-01 |
   1075 | 1.51253e+00 1.42785e-03 | 1.85427e-01 4.21888e-01 |
   1076 | 1.51396e+00 1.42785e-03 | 1.85427e-01 4.21887e-01 |
   1077 | 1.51539e+00 1.42785e-03 | 1.85427e-01 4.21887e-01 |
   1078 | 1.51682e+00 1.42785e-03 | 1.85427e-01 4.21887e-01 |
   1079 | 1.51825e+00 1.42785e-03 | 1.85427e-01 4.21886e-01 |
   1080 | 1.51870e+00 4.54190e-04 | 1.85427e-01 4.21886e-01 |
   1081 | 1.52013e+00 1.42785e-03 | 1.85427e-01 4.21886e-01 |
   1082 | 1.52156e+00 1.42785e-03 | 1.85427e-01 4.21886e-01 |
   1083 | 1.52298e+00 1.42785e-03 | 1.85428e-01 4.21885e-01 |
   1084 | 1.52441e+00 1.42785e-03 | 1.85428e-01 4.21885e-01 |
   1085 | 1.52584e+00 1.42785e-03 | 1.85428e-01 4.21885e-01 |
   1086 | 1.52727e+00 1.42785e-03 | 1.85428e-01 4.21884e-01 |
   1087 | 1.52869e+00 1.42785e-03 | 1.85428e-01 4.21884e-01 |
   1088 | 1.53012e+00 1.42785e-03 | 1.85428e-01 4.21884e-01 |
   1089 | 1.53155e+00 1.42785e-03 | 1.85428e-01 4.21883e-01 |
   1090 | 1.53298e+00 1.42786e-03 | 1.85428e-01 4.21883e-01 |
   1091 | 1.53441e+00 1.42785e-03 | 1.85428e-01 4.21883e-01 |
   1092 | 1.53583e+00 1.42785e-03 | 1.85428e-01 4.21882e-01 |
   1093 | 1.53726e+00 1.42786e-03 | 1.85428e-01 4.21882e-01 |
   1094 | 1.53869e+00 1.42786e-03 | 1.85428e-01 4.21882e-01 |
   1095 | 1.54012e+00 1.42785e-03 | 1.85428e-01 4.21881e-01 |
   1096 | 1.54155e+00 1.42786e-03 | 1.85428e-01 4.21881e-01 |
   1097 | 1.54297e+00 1.42786e-03 | 1.85428e-01 4.21881e-01 |
   1098 | 1.54440e+00 1.42786e-03 | 1.85428e-01 4.21880e-01 |
   1099 | 1.54583e+00 1.42786e-03 | 1.85428e-01 4.21880e-01 |
   1100 | 1.54726e+00 1.42786e-03 | 1.85428e-01 4.21880e-01 |
   1101 | 1.54868e+00 1.42786e-03 | 1.85428e-01 4.21879e-01 |
   1102 | 1.55011e+00 1.42786e-03 | 1.85428e-01 4.21879e-01 |
   1103 | 1.55154e+00 1.42786e-03 | 1.85428e-01 4.21879e-01 |
   1104 | 1.55297e+00 1.42786e-03 | 1.85428e-01 4.21878e-01 |
   1105 | 1.55440e+00 1.42786e-03 | 1.85428e-01 4.21878e-01 |
   1106 | 1.55582e+00 1.42786e-03 | 1.85428e-01 4.21878e-01 |
   1107 | 1.55725e+00 1.42786e-03 | 1.85428e-01 4.21877e-01 |
   1108 | 1.55868e+00 1.42786e-03 | 1.85428e-01 4.21877e-01 |
   1109 | 1.56011e+00 1.42786e-03 | 1.85428e-01 4.21877e-01 |
   1110 | 1.56154e+00 1.42786e-03 | 1.85429e-01 4.21876e-01 |
   1111 | 1.56296e+00 1.42786e-03 | 1.85429e-01 4.21876e-01 |
   1112 | 1.56439e+00 1.42787e-03 | 1.85429e-01 4.21875e-01 |
   1113 | 1.56582e+00 1.42786e-03 | 1.85429e-01 4.21875e-01 |
   1114 | 1.56725e+00 1.42786e-03 | 1.85429e-01 4.21875e-01 |
   1115 | 1.56867e+00 1.42787e-03 | 1.85429e-01 4.21874e-01 |
   1116 | 1.57010e+00 1.42786e-03 | 1.85429e-01 4.21874e-01 |
   1117 | 1.57153e+00 1.42787e-03 | 1.85429e-01 4.21874e-01 |
   1118 | 1.57296e+00 1.42787e-03 | 1.85429e-01 4.21873e-01 |
   1119 | 1.57439e+00 1.42787e-03 | 1.85429e-01 4.21873e-01 |
   1120 | 1.57581e+00 1.42787e-03 | 1.85429e-01 4.21873e-01 |
   1121 | 1.57724e+00 1.42787e-03 | 1.85429e-01 4.21872e-01 |
   1122 | 1.57867e+00 1.42787e-03 | 1.85429e-01 4.21872e-01 |
   1123 | 1.58010e+00 1.42787e-03 | 1.85429e-01 4.21872e-01 |
   1124 | 1.58153e+00 1.42787e-03 | 1.85429e-01 4.21871e-01 |
   1125 | 1.58198e+00 4.53338e-04 | 1.85429e-01 4.21871e-01 |
   1126 | 1.58341e+00 1.42787e-03 | 1.85429e-01 4.21871e-01 |
   1127 | 1.58483e+00 1.42787e-03 | 1.85429e-01 4.21870e-01 |
   1128 | 1.58626e+00 1.42787e-03 | 1.85429e-01 4.21870e-01 |
   1129 | 1.58769e+00 1.42787e-03 | 1.85429e-01 4.21870e-01 |
   1130 | 1.58912e+00 1.42787e-03 | 1.85429e-01 4.21869e-01 |
   1131 | 1.59055e+00 1.42788e-03 | 1.85429e-01 4.21869e-01 |
   1132 | 1.59197e+00 1.42787e-03 | 1.85429e-01 4.21868e-01 |
   1133 | 1.59340e+00 1.42787e-03 | 1.85429e-01 4.21868e-01 |
   1134 | 1.59483e+00 1.42788e-03 | 1.85429e-01 4.21868e-01 |
   1135 | 1.59626e+00 1.42787e-03 | 1.85429e-01 4.21867e-01 |
   1136 | 1.59769e+00 1.42787e-03 | 1.85430e-01 4.21867e-01 |
   1137 | 1.59911e+00 1.42788e-03 | 1.85430e-01 4.21867e-01 |
   1138 | 1.60054e+00 1.42788e-03 | 1.85430e-01 4.21866e-01 |
   1139 | 1.60197e+00 1.42788e-03 | 1.85430e-01 4.21866e-01 |
   1140 | 1.60340e+00 1.42788e-03 | 1.85430e-01 4.21865e-01 |
   1141 | 1.60483e+00 1.42788e-03 | 1.85430e-01 4.21865e-01 |
   1142 | 1.60625e+00 1.42788e-03 | 1.85430e-01 4.21865e-01 |
   1143 | 1.60768e+00 1.42788e-03 | 1.85430e-01 4.21864e-01 |
   1144 | 1.60911e+00 1.42788e-03 | 1.85430e-01 4.21864e-01 |
   1145 | 1.61054e+00 1.42788e-03 | 1.85430e-01 4.21863e-01 |
   1146 | 1.61196e+00 1.42788e-03 | 1.85430e-01 4.21863e-01 |
   1147 | 1.61339e+00 1.42788e-03 | 1.85430e-01 4.21863e-01 |
   1148 | 1.61482e+00 1.42788e-03 | 1.85430e-01 4.21862e-01 |
   1149 | 1.61625e+00 1.42788e-03 | 1.85430e-01 4.21862e-01 |
   1150 | 1.61768e+00 1.42788e-03 | 1.85430e-01 4.21861e-01 |
   1151 | 1.61910e+00 1.42788e-03 | 1.85430e-01 4.21861e-01 |
   1152 | 1.62053e+00 1.42788e-03 | 1.85430e-01 4.21861e-01 |
   1153 | 1.62196e+00 1.42789e-03 | 1.85430e-01 4.21860e-01 |
   1154 | 1.62339e+00 1.42788e-03 | 1.85430e-01 4.21860e-01 |
   1155 | 1.62482e+00 1.42789e-03 | 1.85430e-01 4.21859e-01 |
   1156 | 1.62624e+00 1.42789e-03 | 1.85430e-01 4.21859e-01 |
   1157 | 1.62767e+00 1.42789e-03 | 1.85430e-01 4.21859e-01 |
   1158 | 1.62910e+00 1.42789e-03 | 1.85430e-01 4.21858e-01 |
   1159 | 1.63053e+00 1.42789e-03 | 1.85431e-01 4.21858e-01 |
   1160 | 1.63195e+00 1.42789e-03 | 1.85431e-01 4.21857e-01 |
   1161 | 1.63338e+00 1.42789e-03 | 1.85431e-01 4.21857e-01 |
   1162 | 1.63481e+00 1.42789e-03 | 1.85431e-01 4.21857e-01 |
   1163 | 1.63624e+00 1.42789e-03 | 1.85431e-01 4.21856e-01 |
   1164 | 1.63767e+00 1.42789e-03 | 1.85431e-01 4.21856e-01 |
   1165 | 1.63909e+00 1.42789e-03 | 1.85431e-01 4.21855e-01 |
   1166 | 1.64052e+00 1.42789e-03 | 1.85431e-01 4.21855e-01 |
   1167 | 1.64195e+00 1.42789e-03 | 1.85431e-01 4.21854e-01 |
   1168 | 1.64338e+00 1.42790e-03 | 1.85431e-01 4.21854e-01 |
   1169 | 1.64481e+00 1.42789e-03 | 1.85431e-01 4.21854e-01 |
   1170 | 1.64526e+00 4.52364e-04 | 1.85431e-01 4.21853e-01 |
   1171 | 1.64669e+00 1.42789e-03 | 1.85431e-01 4.21853e-01 |
   1172 | 1.64811e+00 1.42790e-03 | 1.85431e-01 4.21853e-01 |
   1173 | 1.64954e+00 1.42789e-03 | 1.85431e-01 4.21852e-01 |
   1174 | 1.65097e+00 1.42790e-03 | 1.85431e-01 4.21852e-01 |
   1175 | 1.65240e+00 1.42790e-03 | 1.85431e-01 4.21851e-01 |
   1176 | 1.65383e+00 1.42790e-03 | 1.85431e-01 4.21851e-01 |
   1177 | 1.65525e+00 1.42790e-03 | 1.85431e-01 4.21851e-01 |
   1178 | 1.65668e+00 1.42790e-03 | 1.85431e-01 4.21850e-01 |
   1179 | 1.65811e+00 1.42790e-03 | 1.85431e-01 4.21850e-01 |
   1180 | 1.65954e+00 1.42790e-03 | 1.85431e-01 4.21849e-01 |
   1181 | 1.66097e+00 1.42790e-03 | 1.85431e-01 4.21849e-01 |
   1182 | 1.66239e+00 1.42790e-03 | 1.85432e-01 4.21848e-01 |
   1183 | 1.66382e+00 1.42790e-03 | 1.85432e-01 4.21848e-01 |
   1184 | 1.66525e+00 1.42790e-03 | 1.85432e-01 4.21847e-01 |
   1185 | 1.66668e+00 1.42790e-03 | 1.85432e-01 4.21847e-01 |
   1186 | 1.66810e+00 1.42790e-03 | 1.85432e-01 4.21847e-01 |
   1187 | 1.66953e+00 1.42791e-03 | 1.85432e-01 4.21846e-01 |
   1188 | 1.67096e+00 1.42790e-03 | 1.85432e-01 4.21846e-01 |
   1189 | 1.67239e+00 1.42790e-03 | 1.85432e-01 4.21845e-01 |
   1190 | 1.67382e+00 1.42791e-03 | 1.85432e-01 4.21845e-01 |
   1191 | 1.67524e+00 1.42791e-03 | 1.85432e-01 4.21844e-01 |
   1192 | 1.67667e+00 1.42791e-03 | 1.85432e-01 4.21844e-01 |
   1193 | 1.67810e+00 1.42791e-03 | 1.85432e-01 4.21843e-01 |
   1194 | 1.67953e+00 1.42791e-03 | 1.85432e-01 4.21843e-01 |
   1195 | 1.68096e+00 1.42791e-03 | 1.85432e-01 4.21843e-01 |
   1196 | 1.68238e+00 1.42791e-03 | 1.85432e-01 4.21842e-01 |
   1197 | 1.68381e+00 1.42791e-03 | 1.85432e-01 4.21842e-01 |
   1198 | 1.68524e+00 1.42791e-03 | 1.85432e-01 4.21841e-01 |
   1199 | 1.68667e+00 1.42791e-03 | 1.85432e-01 4.21841e-01 |
   1200 | 1.68810e+00 1.42791e-03 | 1.85432e-01 4.21840e-01 |
   1201 | 1.68952e+00 1.42791e-03 | 1.85432e-01 4.21840e-01 |
   1202 | 1.69095e+00 1.42791e-03 | 1.85433e-01 4.21839e-01 |
   1203 | 1.69238e+00 1.42791e-03 | 1.85433e-01 4.21839e-01 |
   1204 | 1.69381e+00 1.42791e-03 | 1.85433e-01 4.21838e-01 |
   1205 | 1.69523e+00 1.42792e-03 | 1.85433e-01 4.21838e-01 |
   1206 | 1.69666e+00 1.42792e-03 | 1.85433e-01 4.21837e-01 |
   1207 | 1.69809e+00 1.42791e-03 | 1.85433e-01 4.21837e-01 |
   1208 | 1.69952e+00 1.42792e-03 | 1.85433e-01 4.21836e-01 |
   1209 | 1.70095e+00 1.42792e-03 | 1.85433e-01 4.21836e-01 |
   1210 | 1.70237e+00 1.42792e-03 | 1.85433e-01 4.21836e-01 |
   1211 | 1.70380e+00 1.42792e-03 | 1.85433e-01 4.21835e-01 |
   1212 | 1.70523e+00 1.42792e-03 | 1.85433e-01 4.21835e-01 |
   1213 | 1.70666e+00 1.42792e-03 | 1.85433e-01 4.21834e-01 |
   1214 | 1.70809e+00 1.42792e-03 | 1.85433e-01 4.21834e-01 |
   1215 | 1.70854e+00 4.51237e-04 | 1.85433e-01 4.21833e-01 |
   1216 | 1.70997e+00 1.42792e-03 | 1.85433e-01 4.21833e-01 |
   1217 | 1.71139e+00 1.42792e-03 | 1.85433e-01 4.21833e-01 |
   1218 | 1.71282e+00 1.42792e-03 | 1.85433e-01 4.21832e-01 |
   1219 | 1.71425e+00 1.42792e-03 | 1.85433e-01 4.21832e-01 |
   1220 | 1.71568e+00 1.42792e-03 | 1.85433e-01 4.21831e-01 |
   1221 | 1.71710e+00 1.42793e-03 | 1.85433e-01 4.21831e-01 |
   1222 | 1.71853e+00 1.42793e-03 | 1.85434e-01 4.21830e-01 |
   1223 | 1.71996e+00 1.42793e-03 | 1.85434e-01 4.21830e-01 |
   1224 | 1.72139e+00 1.42793e-03 | 1.85434e-01 4.21829e-01 |
   1225 | 1.72282e+00 1.42793e-03 | 1.85434e-01 4.21829e-01 |
   1226 | 1.72424e+00 1.42793e-03 | 1.85434e-01 4.21828e-01 |
   1227 | 1.72567e+00 1.42793e-03 | 1.85434e-01 4.21828e-01 |
   1228 | 1.72710e+00 1.42793e-03 | 1.85434e-01 4.21827e-01 |
   1229 | 1.72853e+00 1.42793e-03 | 1.85434e-01 4.21827e-01 |
   1230 | 1.72996e+00 1.42793e-03 | 1.85434e-01 4.21826e-01 |
   1231 | 1.73138e+00 1.42793e-03 | 1.85434e-01 4.21826e-01 |
   1232 | 1.73281e+00 1.42793e-03 | 1.85434e-01 4.21825e-01 |
   1233 | 1.73424e+00 1.42793e-03 | 1.85434e-01 4.21825e-01 |
   1234 | 1.73567e+00 1.42794e-03 | 1.85434e-01 4.21824e-01 |
   1235 | 1.73710e+00 1.42793e-03 | 1.85434e-01 4.21824e-01 |
   1236 | 1.73852e+00 1.42793e-03 | 1.85434e-01 4.21823e-01 |
   1237 | 1.73995e+00 1.42794e-03 | 1.85434e-01 4.21822e-01 |
   1238 | 1.74138e+00 1.42794e-03 | 1.85434e-01 4.21822e-01 |
   1239 | 1.74281e+00 1.42794e-03 | 1.85434e-01 4.21821e-01 |
   1240 | 1.74424e+00 1.42794e-03 | 1.85434e-01 4.21821e-01 |
   1241 | 1.74566e+00 1.42794e-03 | 1.85435e-01 4.21820e-01 |
   1242 | 1.74709e+00 1.42794e-03 | 1.85435e-01 4.21820e-01 |
   1243 | 1.74852e+00 1.42794e-03 | 1.85435e-01 4.21819e-01 |
   1244 | 1.74995e+00 1.42794e-03 | 1.85435e-01 4.21819e-01 |
   1245 | 1.75138e+00 1.42794e-03 | 1.85435e-01 4.21818e-01 |
   1246 | 1.75280e+00 1.42794e-03 | 1.85435e-01 4.21818e-01 |
   1247 | 1.75423e+00 1.42794e-03 | 1.85435e-01 4.21817e-01 |
   1248 | 1.75566e+00 1.42794e-03 | 1.85435e-01 4.21817e-01 |
   1249 | 1.75709e+00 1.42795e-03 | 1.85435e-01 4.21816e-01 |
   1250 | 1.75852e+00 1.42795e-03 | 1.85435e-01 4.21816e-01 |
   1251 | 1.75994e+00 1.42795e-03 | 1.85435e-01 4.21815e-01 |
   1252 | 1.76137e+00 1.42795e-03 | 1.85435e-01 4.21815e-01 |
   1253 | 1.76280e+00 1.42795e-03 | 1.85435e-01 4.21814e-01 |
   1254 | 1.76423e+00 1.42795e-03 | 1.85435e-01 4.21813e-01 |
   1255 | 1.76565e+00 1.42795e-03 | 1.85435e-01 4.21813e-01 |
   1256 | 1.76708e+00 1.42795e-03 | 1.85435e-01 4.21812e-01 |
   1257 | 1.76851e+00 1.42795e-03 | 1.85435e-01 4.21812e-01 |
   1258 | 1.76994e+00 1.42795e-03 | 1.85436e-01 4.21811e-01 |
   1259 | 1.77137e+00 1.42795e-03 | 1.85436e-01 4.21811e-01 |
   1260 | 1.77182e+00 4.49937e-04 | 1.85436e-01 4.21810e-01 |
   1261 | 1.77324e+00 1.42795e-03 | 1.85436e-01 4.21810e-01 |
   1262 | 1.77467e+00 1.42796e-03 | 1.85436e-01 4.21809e-01 |
   1263 | 1.77610e+00 1.42796e-03 | 1.85436e-01 4.21809e-01 |
   1264 | 1.77753e+00 1.42795e-03 | 1.85436e-01 4.21808e-01 |
   1265 | 1.77896e+00 1.42796e-03 | 1.85436e-01 4.21808e-01 |
   1266 | 1.78038e+00 1.42796e-03 | 1.85436e-01 4.21807e-01 |
   1267 | 1.78181e+00 1.42796e-03 | 1.85436e-01 4.21807e-01 |
   1268 | 1.78324e+00 1.42796e-03 | 1.85436e-01 4.21806e-01 |
   1269 | 1.78467e+00 1.42796e-03 | 1.85436e-01 4.21805e-01 |
   1270 | 1.78610e+00 1.42796e-03 | 1.85436e-01 4.21805e-01 |
   1271 | 1.78752e+00 1.42796e-03 | 1.85436e-01 4.21804e-01 |
   1272 | 1.78895e+00 1.42796e-03 | 1.85436e-01 4.21804e-01 |
   1273 | 1.79038e+00 1.42796e-03 | 1.85436e-01 4.21803e-01 |
   1274 | 1.79181e+00 1.42796e-03 | 1.85436e-01 4.21803e-01 |
   1275 | 1.79324e+00 1.42797e-03 | 1.85436e-01 4.21802e-01 |
   1276 | 1.79466e+00 1.42796e-03 | 1.85437e-01 4.21801e-01 |
   1277 | 1.79609e+00 1.42797e-03 | 1.85437e-01 4.21801e-01 |
   1278 | 1.79752e+00 1.42797e-03 | 1.85437e-01 4.21800e-01 |
   1279 | 1.79895e+00 1.42797e-03 | 1.85437e-01 4.21800e-01 |
   1280 | 1.80038e+00 1.42797e-03 | 1.85437e-01 4.21799e-01 |
   1281 | 1.80180e+00 1.42797e-03 | 1.85437e-01 4.21799e-01 |
   1282 | 1.80323e+00 1.42797e-03 | 1.85437e-01 4.21798e-01 |
   1283 | 1.80466e+00 1.42797e-03 | 1.85437e-01 4.21797e-01 |
   1284 | 1.80609e+00 1.42797e-03 | 1.85437e-01 4.21797e-01 |
   1285 | 1.80752e+00 1.42797e-03 | 1.85437e-01 4.21796e-01 |
   1286 | 1.80894e+00 1.42797e-03 | 1.85437e-01 4.21796e-01 |
   1287 | 1.81037e+00 1.42798e-03 | 1.85437e-01 4.21795e-01 |
   1288 | 1.81180e+00 1.42797e-03 | 1.85437e-01 4.21794e-01 |
   1289 | 1.81323e+00 1.42798e-03 | 1.85437e-01 4.21794e-01 |
   1290 | 1.81466e+00 1.42798e-03 | 1.85437e-01 4.21793e-01 |
   1291 | 1.81608e+00 1.42798e-03 | 1.85438e-01 4.21793e-01 |
   1292 | 1.81751e+00 1.42798e-03 | 1.85438e-01 4.21792e-01 |
   1293 | 1.81894e+00 1.42798e-03 | 1.85438e-01 4.21791e-01 |
   1294 | 1.82037e+00 1.42798e-03 | 1.85438e-01 4.21791e-01 |
   1295 | 1.82180e+00 1.42798e-03 | 1.85438e-01 4.21790e-01 |
   1296 | 1.82322e+00 1.42798e-03 | 1.85438e-01 4.21790e-01 |
   1297 | 1.82465e+00 1.42798e-03 | 1.85438e-01 4.21789e-01 |
   1298 | 1.82608e+00 1.42798e-03 | 1.85438e-01 4.21788e-01 |
   1299 | 1.82751e+00 1.42799e-03 | 1.85438e-01 4.21788e-01 |
   1300 | 1.82894e+00 1.42799e-03 | 1.85438e-01 4.21787e-01 |
   1301 | 1.83036e+00 1.42799e-03 | 1.85438e-01 4.21786e-01 |
   1302 | 1.83179e+00 1.42799e-03 | 1.85438e-01 4.21786e-01 |
   1303 | 1.83322e+00 1.42799e-03 | 1.85438e-01 4.21785e-01 |
   1304 | 1.83465e+00 1.42799e-03 | 1.85438e-01 4.21785e-01 |
   1305 | 1.83510e+00 4.48439e-04 | 1.85438e-01 4.21784e-01 |
   1306 | 1.83652e+00 1.42799e-03 | 1.85438e-01 4.21784e-01 |
   1307 | 1.83795e+00 1.42799e-03 | 1.85439e-01 4.21783e-01 |
   1308 | 1.83938e+00 1.42799e-03 | 1.85439e-01 4.21782e-01 |
   1309 | 1.84081e+00 1.42799e-03 | 1.85439e-01 4.21782e-01 |
   1310 | 1.84224e+00 1.42799e-03 | 1.85439e-01 4.21781e-01 |
   1311 | 1.84366e+00 1.42799e-03 | 1.85439e-01 4.21781e-01 |
   1312 | 1.84509e+00 1.42800e-03 | 1.85439e-01 4.21780e-01 |
   1313 | 1.84652e+00 1.42800e-03 | 1.85439e-01 4.21779e-01 |
   1314 | 1.84795e+00 1.42800e-03 | 1.85439e-01 4.21779e-01 |
   1315 | 1.84938e+00 1.42800e-03 | 1.85439e-01 4.21778e-01 |
   1316 | 1.85080e+00 1.42800e-03 | 1.85439e-01 4.21777e-01 |
   1317 | 1.85223e+00 1.42800e-03 | 1.85439e-01 4.21777e-01 |
   1318 | 1.85366e+00 1.42800e-03 | 1.85439e-01 4.21776e-01 |
   1319 | 1.85509e+00 1.42800e-03 | 1.85439e-01 4.21775e-01 |
   1320 | 1.85652e+00 1.42800e-03 | 1.85439e-01 4.21775e-01 |
   1321 | 1.85794e+00 1.42800e-03 | 1.85439e-01 4.21774e-01 |
   1322 | 1.85937e+00 1.42801e-03 | 1.85440e-01 4.21773e-01 |
   1323 | 1.86080e+00 1.42800e-03 | 1.85440e-01 4.21773e-01 |
   1324 | 1.86223e+00 1.42801e-03 | 1.85440e-01 4.21772e-01 |
   1325 | 1.86366e+00 1.42801e-03 | 1.85440e-01 4.21771e-01 |
   1326 | 1.86508e+00 1.42801e-03 | 1.85440e-01 4.21771e-01 |
   1327 | 1.86651e+00 1.42801e-03 | 1.85440e-01 4.21770e-01 |
   1328 | 1.86794e+00 1.42801e-03 | 1.85440e-01 4.21769e-01 |
   1329 | 1.86937e+00 1.42801e-03 | 1.85440e-01 4.21769e-01 |
   1330 | 1.87080e+00 1.42801e-03 | 1.85440e-01 4.21768e-01 |
   1331 | 1.87222e+00 1.42801e-03 | 1.85440e-01 4.21767e-01 |
   1332 | 1.87365e+00 1.42801e-03 | 1.85440e-01 4.21767e-01 |
   1333 | 1.87508e+00 1.42801e-03 | 1.85440e-01 4.21766e-01 |
   1334 | 1.87651e+00 1.42802e-03 | 1.85440e-01 4.21765e-01 |
   1335 | 1.87794e+00 1.42802e-03 | 1.85440e-01 4.21765e-01 |
   1336 | 1.87936e+00 1.42802e-03 | 1.85441e-01 4.21764e-01 |
   1337 | 1.88079e+00 1.42802e-03 | 1.85441e-01 4.21763e-01 |
   1338 | 1.88222e+00 1.42802e-03 | 1.85441e-01 4.21762e-01 |
   1339 | 1.88365e+00 1.42802e-03 | 1.85441e-01 4.21762e-01 |
   1340 | 1.88508e+00 1.42802e-03 | 1.85441e-01 4.21761e-01 |
   1341 | 1.88650e+00 1.42802e-03 | 1.85441e-01 4.21760e-01 |
   1342 | 1.88793e+00 1.42802e-03 | 1.85441e-01 4.21760e-01 |
   1343 | 1.88936e+00 1.42803e-03 | 1.85441e-01 4.21759e-01 |
   1344 | 1.89079e+00 1.42803e-03 | 1.85441e-01 4.21758e-01 |
   1345 | 1.89222e+00 1.42803e-03 | 1.85441e-01 4.21758e-01 |
   1346 | 1.89364e+00 1.42803e-03 | 1.85441e-01 4.21757e-01 |
   1347 | 1.89507e+00 1.42803e-03 | 1.85441e-01 4.21756e-01 |
   1348 | 1.89650e+00 1.42803e-03 | 1.85441e-01 4.21755e-01 |
   1349 | 1.89793e+00 1.42803e-03 | 1.85441e-01 4.21755e-01 |
   1350 | 1.89837e+00 4.46708e-04 | 1.85441e-01 4.21754e-01 |
   1351 | 1.89980e+00 1.42803e-03 | 1.85442e-01 4.21754e-01 |
   1352 | 1.90123e+00 1.42803e-03 | 1.85442e-01 4.21753e-01 |
   1353 | 1.90266e+00 1.42804e-03 | 1.85442e-01 4.21752e-01 |
   1354 | 1.90409e+00 1.42803e-03 | 1.85442e-01 4.21752e-01 |
   1355 | 1.90552e+00 1.42804e-03 | 1.85442e-01 4.21751e-01 |
   1356 | 1.90694e+00 1.42804e-03 | 1.85442e-01 4.21750e-01 |
   1357 | 1.90837e+00 1.42804e-03 | 1.85442e-01 4.21749e-01 |
   1358 | 1.90980e+00 1.42804e-03 | 1.85442e-01 4.21749e-01 |
   1359 | 1.91123e+00 1.42804e-03 | 1.85442e-01 4.21748e-01 |
   1360 | 1.91266e+00 1.42804e-03 | 1.85442e-01 4.21747e-01 |
   1361 | 1.91408e+00 1.42804e-03 | 1.85442e-01 4.21746e-01 |
   1362 | 1.91551e+00 1.42805e-03 | 1.85442e-01 4.21746e-01 |
   1363 | 1.91694e+00 1.42804e-03 | 1.85442e-01 4.21745e-01 |
   1364 | 1.91837e+00 1.42804e-03 | 1.85443e-01 4.21744e-01 |
   1365 | 1.91980e+00 1.42805e-03 | 1.85443e-01 4.21743e-01 |
   1366 | 1.92122e+00 1.42805e-03 | 1.85443e-01 4.21743e-01 |
   1367 | 1.92265e+00 1.42805e-03 | 1.85443e-01 4.21742e-01 |
   1368 | 1.92408e+00 1.42805e-03 | 1.85443e-01 4.21741e-01 |
   1369 | 1.92551e+00 1.42805e-03 | 1.85443e-01 4.21740e-01 |
   1370 | 1.92694e+00 1.42805e-03 | 1.85443e-01 4.21740e-01 |
   1371 | 1.92836e+00 1.42805e-03 | 1.85443e-01 4.21739e-01 |
   1372 | 1.92979e+00 1.42806e-03 | 1.85443e-01 4.21738e-01 |
   1373 | 1.93122e+00 1.42805e-03 | 1.85443e-01 4.21737e-01 |
   1374 | 1.93265e+00 1.42806e-03 | 1.85443e-01 4.21737e-01 |
   1375 | 1.93408e+00 1.42806e-03 | 1.85443e-01 4.21736e-01 |
   1376 | 1.93550e+00 1.42806e-03 | 1.85444e-01 4.21735e-01 |
   1377 | 1.93693e+00 1.42806e-03 | 1.85444e-01 4.21734e-01 |
   1378 | 1.93836e+00 1.42806e-03 | 1.85444e-01 4.21733e-01 |
   1379 | 1.93979e+00 1.42806e-03 | 1.85444e-01 4.21733e-01 |
   1380 | 1.94122e+00 1.42806e-03 | 1.85444e-01 4.21732e-01 |
   1381 | 1.94264e+00 1.42807e-03 | 1.85444e-01 4.21731e-01 |
   1382 | 1.94407e+00 1.42806e-03 | 1.85444e-01 4.21730e-01 |
   1383 | 1.94550e+00 1.42807e-03 | 1.85444e-01 4.21729e-01 |
   1384 | 1.94693e+00 1.42807e-03 | 1.85444e-01 4.21729e-01 |
   1385 | 1.94836e+00 1.42807e-03 | 1.85444e-01 4.21728e-01 |
   1386 | 1.94978e+00 1.42807e-03 | 1.85444e-01 4.21727e-01 |
   1387 | 1.95121e+00 1.42807e-03 | 1.85444e-01 4.21726e-01 |
   1388 | 1.95264e+00 1.42807e-03 | 1.85444e-01 4.21725e-01 |
   1389 | 1.95407e+00 1.42807e-03 | 1.85445e-01 4.21725e-01 |
   1390 | 1.95550e+00 1.42808e-03 | 1.85445e-01 4.21724e-01 |
   1391 | 1.95693e+00 1.42808e-03 | 1.85445e-01 4.21723e-01 |
   1392 | 1.95835e+00 1.42808e-03 | 1.85445e-01 4.21722e-01 |
   1393 | 1.95978e+00 1.42808e-03 | 1.85445e-01 4.21721e-01 |
   1394 | 1.96121e+00 1.42808e-03 | 1.85445e-01 4.21721e-01 |
   1395 | 1.96165e+00 4.44718e-04 | 1.85445e-01 4.21720e-01 |
   1396 | 1.96308e+00 1.42808e-03 | 1.85445e-01 4.21720e-01 |
   1397 | 1.96451e+00 1.42808e-03 | 1.85445e-01 4.21719e-01 |
   1398 | 1.96594e+00 1.42808e-03 | 1.85445e-01 4.21718e-01 |
   1399 | 1.96737e+00 1.42808e-03 | 1.85445e-01 4.21717e-01 |
   1400 | 1.96879e+00 1.42809e-03 | 1.85445e-01 4.21716e-01 |
   1401 | 1.97022e+00 1.42809e-03 | 1.85446e-01 4.21715e-01 |
   1402 | 1.97165e+00 1.42809e-03 | 1.85446e-01 4.21715e-01 |
   1403 | 1.97308e+00 1.42809e-03 | 1.85446e-01 4.21714e-01 |
   1404 | 1.97451e+00 1.42809e-03 | 1.85446e-01 4.21713e-01 |
   1405 | 1.97593e+00 1.42809e-03 | 1.85446e-01 4.21712e-01 |
   1406 | 1.97736e+00 1.42810e-03 | 1.85446e-01 4.21711e-01 |
   1407 | 1.97879e+00 1.42809e-03 | 1.85446e-01 4.21710e-01 |
   1408 | 1.98022e+00 1.42809e-03 | 1.85446e-01 4.21709e-01 |
   1409 | 1.98165e+00 1.42810e-03 | 1.85446e-01 4.21709e-01 |
   1410 | 1.98308e+00 1.42810e-03 | 1.85446e-01 4.21708e-01 |
   1411 | 1.98450e+00 1.42810e-03 | 1.85446e-01 4.21707e-01 |
   1412 | 1.98593e+00 1.42810e-03 | 1.85446e-01 4.21706e-01 |
   1413 | 1.98736e+00 1.42810e-03 | 1.85447e-01 4.21705e-01 |
   1414 | 1.98879e+00 1.42810e-03 | 1.85447e-01 4.21704e-01 |
   1415 | 1.99022e+00 1.42811e-03 | 1.85447e-01 4.21703e-01 |
   1416 | 1.99164e+00 1.42811e-03 | 1.85447e-01 4.21703e-01 |
   1417 | 1.99307e+00 1.42811e-03 | 1.85447e-01 4.21702e-01 |
   1418 | 1.99450e+00 1.42811e-03 | 1.85447e-01 4.21701e-01 |
   1419 | 1.99593e+00 1.42811e-03 | 1.85447e-01 4.21700e-01 |
   1420 | 1.99736e+00 1.42811e-03 | 1.85447e-01 4.21699e-01 |
   1421 | 1.99878e+00 1.42811e-03 | 1.85447e-01 4.21698e-01 |
   1422 | 2.00021e+00 1.42811e-03 | 1.85447e-01 4.21697e-01 |
   1423 | 2.00164e+00 1.42811e-03 | 1.85447e-01 4.21696e-01 |
   1424 | 2.00307e+00 1.42812e-03 | 1.85448e-01 4.21696e-01 |
   1425 | 2.00450e+00 1.42812e-03 | 1.85448e-01 4.21695e-01 |
   1426 | 2.00593e+00 1.42812e-03 | 1.85448e-01 4.21694e-01 |
   1427 | 2.00735e+00 1.42812e-03 | 1.85448e-01 4.21693e-01 |
   1428 | 2.00878e+00 1.42812e-03 | 1.85448e-01 4.21692e-01 |
   1429 | 2.01021e+00 1.42812e-03 | 1.85448e-01 4.21691e-01 |
   1430 | 2.01164e+00 1.42812e-03 | 1.85448e-01 4.21690e-01 |
   1431 | 2.01307e+00 1.42813e-03 | 1.85448e-01 4.21689e-01 |
   1432 | 2.01449e+00 1.42812e-03 | 1.85448e-01 4.21688e-01 |
   1433 | 2.01592e+00 1.42813e-03 | 1.85448e-01 4.21687e-01 |
   1434 | 2.01735e+00 1.42813e-03 | 1.85448e-01 4.21686e-01 |
   1435 | 2.01878e+00 1.42813e-03 | 1.85449e-01 4.21686e-01 |
   1436 | 2.02021e+00 1.42813e-03 | 1.85449e-01 4.21685e-01 |
   1437 | 2.02163e+00 1.42813e-03 | 1.85449e-01 4.21684e-01 |
   1438 | 2.02306e+00 1.42813e-03 | 1.85449e-01 4.21683e-01 |
   1439 | 2.02449e+00 1.42813e-03 | 1.85449e-01 4.21682e-01 |
   1440 | 2.02493e+00 4.42425e-04 | 1.85449e-01 4.21681e-01 |
   1441 | 2.02636e+00 1.42814e-03 | 1.85449e-01 4.21681e-01 |
   1442 | 2.02779e+00 1.42814e-03 | 1.85449e-01 4.21680e-01 |
   1443 | 2.02922e+00 1.42814e-03 | 1.85449e-01 4.21679e-01 |
   1444 | 2.03065e+00 1.42814e-03 | 1.85449e-01 4.21678e-01 |
   1445 | 2.03207e+00 1.42814e-03 | 1.85449e-01 4.21677e-01 |
   1446 | 2.03350e+00 1.42814e-03 | 1.85450e-01 4.21676e-01 |
   1447 | 2.03493e+00 1.42815e-03 | 1.85450e-01 4.21675e-01 |
   1448 | 2.03636e+00 1.42815e-03 | 1.85450e-01 4.21674e-01 |
   1449 | 2.03779e+00 1.42815e-03 | 1.85450e-01 4.21673e-01 |
   1450 | 2.03921e+00 1.42815e-03 | 1.85450e-01 4.21672e-01 |
   1451 | 2.04064e+00 1.42815e-03 | 1.85450e-01 4.21671e-01 |
   1452 | 2.04207e+00 1.42815e-03 | 1.85450e-01 4.21670e-01 |
   1453 | 2.04350e+00 1.42816e-03 | 1.85450e-01 4.21669e-01 |
   1454 | 2.04493e+00 1.42815e-03 | 1.85450e-01 4.21668e-01 |
   1455 | 2.04636e+00 1.42816e-03 | 1.85450e-01 4.21667e-01 |
   1456 | 2.04778e+00 1.42816e-03 | 1.85451e-01 4.21666e-01 |
   1457 | 2.04921e+00 1.42816e-03 | 1.85451e-01 4.21665e-01 |
   1458 | 2.05064e+00 1.42816e-03 | 1.85451e-01 4.21664e-01 |
   1459 | 2.05207e+00 1.42816e-03 | 1.85451e-01 4.21663e-01 |
   1460 | 2.05350e+00 1.42816e-03 | 1.85451e-01 4.21662e-01 |
   1461 | 2.05492e+00 1.42816e-03 | 1.85451e-01 4.21661e-01 |
   1462 | 2.05635e+00 1.42817e-03 | 1.85451e-01 4.21660e-01 |
   1463 | 2.05778e+00 1.42817e-03 | 1.85451e-01 4.21659e-01 |
   1464 | 2.05921e+00 1.42817e-03 | 1.85451e-01 4.21658e-01 |
   1465 | 2.06064e+00 1.42817e-03 | 1.85451e-01 4.21657e-01 |
   1466 | 2.06207e+00 1.42817e-03 | 1.85451e-01 4.21656e-01 |
   1467 | 2.06349e+00 1.42817e-03 | 1.85452e-01 4.21655e-01 |
   1468 | 2.06492e+00 1.42818e-03 | 1.85452e-01 4.21654e-01 |
   1469 | 2.06635e+00 1.42818e-03 | 1.85452e-01 4.21653e-01 |
   1470 | 2.06778e+00 1.42818e-03 | 1.85452e-01 4.21652e-01 |
   1471 | 2.06921e+00 1.42818e-03 | 1.85452e-01 4.21651e-01 |
   1472 | 2.07063e+00 1.42818e-03 | 1.85452e-01 4.21650e-01 |
   1473 | 2.07206e+00 1.42818e-03 | 1.85452e-01 4.21649e-01 |
   1474 | 2.07349e+00 1.42819e-03 | 1.85452e-01 4.21648e-01 |
   1475 | 2.07492e+00 1.42819e-03 | 1.85452e-01 4.21647e-01 |
   1476 | 2.07635e+00 1.42819e-03 | 1.85453e-01 4.21646e-01 |
   1477 | 2.07778e+00 1.42819e-03 | 1.85453e-01 4.21645e-01 |
   1478 | 2.07920e+00 1.42819e-03 | 1.85453e-01 4.21644e-01 |
   1479 | 2.08063e+00 1.42819e-03 | 1.85453e-01 4.21643e-01 |
   1480 | 2.08206e+00 1.42819e-03 | 1.85453e-01 4.21642e-01 |
   1481 | 2.08349e+00 1.42820e-03 | 1.85453e-01 4.21641e-01 |
   1482 | 2.08492e+00 1.42820e-03 | 1.85453e-01 4.21640e-01 |
   1483 | 2.08634e+00 1.42820e-03 | 1.85453e-01 4.21639e-01 |
   1484 | 2.08777e+00 1.42820e-03 | 1.85453e-01 4.21638e-01 |
   1485 | 2.08821e+00 4.39781e-04 | 1.85453e-01 4.21637e-01 |
   1486 | 2.08964e+00 1.42820e-03 | 1.85453e-01 4.21636e-01 |
   1487 | 2.09107e+00 1.42820e-03 | 1.85454e-01 4.21635e-01 |
   1488 | 2.09250e+00 1.42821e-03 | 1.85454e-01 4.21634e-01 |
   1489 | 2.09393e+00 1.42820e-03 | 1.85454e-01 4.21633e-01 |
   1490 | 2.09535e+00 1.42821e-03 | 1.85454e-01 4.21632e-01 |
   1491 | 2.09678e+00 1.42821e-03 | 1.85454e-01 4.21631e-01 |
   1492 | 2.09821e+00 1.42821e-03 | 1.85454e-01 4.21630e-01 |
   1493 | 2.09964e+00 1.42821e-03 | 1.85454e-01 4.21629e-01 |
   1494 | 2.10107e+00 1.42822e-03 | 1.85454e-01 4.21628e-01 |
   1495 | 2.10249e+00 1.42821e-03 | 1.85454e-01 4.21627e-01 |
   1496 | 2.10392e+00 1.42822e-03 | 1.85455e-01 4.21626e-01 |
   1497 | 2.10535e+00 1.42822e-03 | 1.85455e-01 4.21625e-01 |
   1498 | 2.10678e+00 1.42822e-03 | 1.85455e-01 4.21623e-01 |
   1499 | 2.10821e+00 1.42822e-03 | 1.85455e-01 4.21622e-01 |
   1500 | 2.10964e+00 1.42823e-03 | 1.85455e-01 4.21621e-01 |
   1501 | 2.11106e+00 1.42822e-03 | 1.85455e-01 4.21620e-01 |
   1502 | 2.11249e+00 1.42823e-03 | 1.85455e-01 4.21619e-01 |
   1503 | 2.11392e+00 1.42823e-03 | 1.85455e-01 4.21618e-01 |
   1504 | 2.11535e+00 1.42823e-03 | 1.85455e-01 4.21617e-01 |
   1505 | 2.11678e+00 1.42823e-03 | 1.85456e-01 4.21616e-01 |
   1506 | 2.11820e+00 1.42824e-03 | 1.85456e-01 4.21615e-01 |
   1507 | 2.11963e+00 1.42823e-03 | 1.85456e-01 4.21613e-01 |
   1508 | 2.12106e+00 1.42824e-03 | 1.85456e-01 4.21612e-01 |
   1509 | 2.12249e+00 1.42824e-03 | 1.85456e-01 4.21611e-01 |
   1510 | 2.12392e+00 1.42824e-03 | 1.85456e-01 4.21610e-01 |
   1511 | 2.12535e+00 1.42824e-03 | 1.85456e-01 4.21609e-01 |
   1512 | 2.12677e+00 1.42825e-03 | 1.85456e-01 4.21608e-01 |
   1513 | 2.12820e+00 1.42825e-03 | 1.85456e-01 4.21607e-01 |
   1514 | 2.12963e+00 1.42825e-03 | 1.85457e-01 4.21606e-01 |
   1515 | 2.13106e+00 1.42825e-03 | 1.85457e-01 4.21604e-01 |
   1516 | 2.13249e+00 1.42825e-03 | 1.85457e-01 4.21603e-01 |
   1517 | 2.13392e+00 1.42825e-03 | 1.85457e-01 4.21602e-01 |
   1518 | 2.13534e+00 1.42826e-03 | 1.85457e-01 4.21601e-01 |
   1519 | 2.13677e+00 1.42826e-03 | 1.85457e-01 4.21600e-01 |
   1520 | 2.13820e+00 1.42826e-03 | 1.85457e-01 4.21599e-01 |
   1521 | 2.13963e+00 1.42826e-03 | 1.85457e-01 4.21597e-01 |
   1522 | 2.14106e+00 1.42826e-03 | 1.85457e-01 4.21596e-01 |
   1523 | 2.14249e+00 1.42826e-03 | 1.85458e-01 4.21595e-01 |
   1524 | 2.14391e+00 1.42827e-03 | 1.85458e-01 4.21594e-01 |
   1525 | 2.14534e+00 1.42827e-03 | 1.85458e-01 4.21593e-01 |
   1526 | 2.14677e+00 1.42827e-03 | 1.85458e-01 4.21591e-01 |
   1527 | 2.14820e+00 1.42827e-03 | 1.85458e-01 4.21590e-01 |
   1528 | 2.14963e+00 1.42827e-03 | 1.85458e-01 4.21589e-01 |
   1529 | 2.15105e+00 1.42827e-03 | 1.85458e-01 4.21588e-01 |
   1530 | 2.15149e+00 4.36742e-04 | 1.85458e-01 4.21587e-01 |
   1531 | 2.15292e+00 1.42828e-03 | 1.85458e-01 4.21586e-01 |
   1532 | 2.15435e+00 1.42828e-03 | 1.85459e-01 4.21585e-01 |
   1533 | 2.15578e+00 1.42828e-03 | 1.85459e-01 4.21584e-01 |
   1534 | 2.15720e+00 1.42828e-03 | 1.85459e-01 4.21583e-01 |
   1535 | 2.15863e+00 1.42828e-03 | 1.85459e-01 4.21581e-01 |
   1536 | 2.16006e+00 1.42828e-03 | 1.85459e-01 4.21580e-01 |
   1537 | 2.16149e+00 1.42829e-03 | 1.85459e-01 4.21579e-01 |
   1538 | 2.16292e+00 1.42829e-03 | 1.85459e-01 4.21578e-01 |
   1539 | 2.16435e+00 1.42829e-03 | 1.85459e-01 4.21577e-01 |
   1540 | 2.16577e+00 1.42829e-03 | 1.85459e-01 4.21575e-01 |
   1541 | 2.16720e+00 1.42829e-03 | 1.85460e-01 4.21574e-01 |
   1542 | 2.16863e+00 1.42829e-03 | 1.85460e-01 4.21573e-01 |
   1543 | 2.17006e+00 1.42830e-03 | 1.85460e-01 4.21572e-01 |
   1544 | 2.17149e+00 1.42830e-03 | 1.85460e-01 4.21570e-01 |
   1545 | 2.17292e+00 1.42830e-03 | 1.85460e-01 4.21569e-01 |
   1546 | 2.17434e+00 1.42830e-03 | 1.85460e-01 4.21568e-01 |
   1547 | 2.17577e+00 1.42831e-03 | 1.85460e-01 4.21567e-01 |
   1548 | 2.17720e+00 1.42831e-03 | 1.85460e-01 4.21565e-01 |
   1549 | 2.17863e+00 1.42831e-03 | 1.85461e-01 4.21564e-01 |
   1550 | 2.18006e+00 1.42831e-03 | 1.85461e-01 4.21563e-01 |
   1551 | 2.18149e+00 1.42831e-03 | 1.85461e-01 4.21562e-01 |
   1552 | 2.18291e+00 1.42831e-03 | 1.85461e-01 4.21560e-01 |
   1553 | 2.18434e+00 1.42832e-03 | 1.85461e-01 4.21559e-01 |
   1554 | 2.18577e+00 1.42832e-03 | 1.85461e-01 4.21558e-01 |
   1555 | 2.18720e+00 1.42832e-03 | 1.85461e-01 4.21556e-01 |
   1556 | 2.18863e+00 1.42833e-03 | 1.85461e-01 4.21555e-01 |
   1557 | 2.19006e+00 1.42832e-03 | 1.85462e-01 4.21554e-01 |
   1558 | 2.19148e+00 1.42833e-03 | 1.85462e-01 4.21553e-01 |
   1559 | 2.19291e+00 1.42833e-03 | 1.85462e-01 4.21551e-01 |
   1560 | 2.19434e+00 1.42833e-03 | 1.85462e-01 4.21550e-01 |
   1561 | 2.19577e+00 1.42833e-03 | 1.85462e-01 4.21549e-01 |
   1562 | 2.19720e+00 1.42834e-03 | 1.85462e-01 4.21547e-01 |
   1563 | 2.19863e+00 1.42834e-03 | 1.85462e-01 4.21546e-01 |
   1564 | 2.20005e+00 1.42834e-03 | 1.85462e-01 4.21545e-01 |
   1565 | 2.20148e+00 1.42834e-03 | 1.85463e-01 4.21543e-01 |
   1566 | 2.20291e+00 1.42834e-03 | 1.85463e-01 4.21542e-01 |
   1567 | 2.20434e+00 1.42834e-03 | 1.85463e-01 4.21541e-01 |
   1568 | 2.20577e+00 1.42835e-03 | 1.85463e-01 4.21539e-01 |
   1569 | 2.20720e+00 1.42835e-03 | 1.85463e-01 4.21538e-01 |
   1570 | 2.20862e+00 1.42835e-03 | 1.85463e-01 4.21537e-01 |
   1571 | 2.21005e+00 1.42835e-03 | 1.85463e-01 4.21535e-01 |
   1572 | 2.21148e+00 1.42835e-03 | 1.85463e-01 4.21534e-01 |
   1573 | 2.21291e+00 1.42836e-03 | 1.85464e-01 4.21533e-01 |
   1574 | 2.21434e+00 1.42836e-03 | 1.85464e-01 4.21531e-01 |
   1575 | 2.21477e+00 4.33238e-04 | 1.85464e-01 4.21531e-01 |
   1576 | 2.21620e+00 1.42836e-03 | 1.85464e-01 4.21530e-01 |
   1577 | 2.21763e+00 1.42836e-03 | 1.85464e-01 4.21528e-01 |
   1578 | 2.21906e+00 1.42837e-03 | 1.85464e-01 4.21527e-01 |
   1579 | 2.22048e+00 1.42837e-03 | 1.85464e-01 4.21526e-01 |
   1580 | 2.22191e+00 1.42837e-03 | 1.85464e-01 4.21524e-01 |
   1581 | 2.22334e+00 1.42837e-03 | 1.85464e-01 4.21523e-01 |
   1582 | 2.22477e+00 1.42837e-03 | 1.85465e-01 4.21521e-01 |
   1583 | 2.22620e+00 1.42837e-03 | 1.85465e-01 4.21520e-01 |
   1584 | 2.22763e+00 1.42838e-03 | 1.85465e-01 4.21519e-01 |
   1585 | 2.22905e+00 1.42838e-03 | 1.85465e-01 4.21517e-01 |
   1586 | 2.23048e+00 1.42838e-03 | 1.85465e-01 4.21516e-01 |
   1587 | 2.23191e+00 1.42839e-03 | 1.85465e-01 4.21514e-01 |
   1588 | 2.23334e+00 1.42839e-03 | 1.85465e-01 4.21513e-01 |
   1589 | 2.23477e+00 1.42839e-03 | 1.85466e-01 4.21512e-01 |
   1590 | 2.23620e+00 1.42839e-03 | 1.85466e-01 4.21510e-01 |
   1591 | 2.23762e+00 1.42839e-03 | 1.85466e-01 4.21509e-01 |
   1592 | 2.23905e+00 1.42839e-03 | 1.85466e-01 4.21507e-01 |
   1593 | 2.24048e+00 1.42840e-03 | 1.85466e-01 4.21506e-01 |
   1594 | 2.24191e+00 1.42840e-03 | 1.85466e-01 4.21505e-01 |
   1595 | 2.24334e+00 1.42840e-03 | 1.85466e-01 4.21503e-01 |
   1596 | 2.24477e+00 1.42840e-03 | 1.85466e-01 4.21502e-01 |
   1597 | 2.24620e+00 1.42841e-03 | 1.85467e-01 4.21500e-01 |
   1598 | 2.24762e+00 1.42841e-03 | 1.85467e-01 4.21499e-01 |
   1599 | 2.24905e+00 1.42841e-03 | 1.85467e-01 4.21497e-01 |
   1600 | 2.25048e+00 1.42841e-03 | 1.85467e-01 4.21496e-01 |
   1601 | 2.25191e+00 1.42841e-03 | 1.85467e-01 4.21494e-01 |
   1602 | 2.25334e+00 1.42842e-03 | 1.85467e-01 4.21493e-01 |
   1603 | 2.25477e+00 1.42842e-03 | 1.85467e-01 4.21492e-01 |
   1604 | 2.25619e+00 1.42842e-03 | 1.85468e-01 4.21490e-01 |
   1605 | 2.25762e+00 1.42842e-03 | 1.85468e-01 4.21489e-01 |
   1606 | 2.25905e+00 1.42843e-03 | 1.85468e-01 4.21487e-01 |
   1607 | 2.26048e+00 1.42843e-03 | 1.85468e-01 4.21486e-01 |
   1608 | 2.26191e+00 1.42843e-03 | 1.85468e-01 4.21484e-01 |
   1609 | 2.26334e+00 1.42844e-03 | 1.85468e-01 4.21483e-01 |
   1610 | 2.26476e+00 1.42843e-03 | 1.85468e-01 4.21481e-01 |
   1611 | 2.26619e+00 1.42844e-03 | 1.85469e-01 4.21480e-01 |
   1612 | 2.26762e+00 1.42844e-03 | 1.85469e-01 4.21478e-01 |
   1613 | 2.26905e+00 1.42844e-03 | 1.85469e-01 4.21477e-01 |
   1614 | 2.27048e+00 1.42844e-03 | 1.85469e-01 4.21475e-01 |
   1615 | 2.27191e+00 1.42845e-03 | 1.85469e-01 4.21474e-01 |
   1616 | 2.27334e+00 1.42845e-03 | 1.85469e-01 4.21472e-01 |
   1617 | 2.27476e+00 1.42845e-03 | 1.85469e-01 4.21471e-01 |
   1618 | 2.27619e+00 1.42846e-03 | 1.85470e-01 4.21469e-01 |
   1619 | 2.27762e+00 1.42846e-03 | 1.85470e-01 4.21468e-01 |
   1620 | 2.27805e+00 4.29212e-04 | 1.85470e-01 4.21467e-01 |
   1621 | 2.27948e+00 1.42846e-03 | 1.85470e-01 4.21466e-01 |
   1622 | 2.28091e+00 1.42846e-03 | 1.85470e-01 4.21464e-01 |
   1623 | 2.28234e+00 1.42846e-03 | 1.85470e-01 4.21463e-01 |
   1624 | 2.28376e+00 1.42847e-03 | 1.85470e-01 4.21461e-01 |
   1625 | 2.28519e+00 1.42847e-03 | 1.85470e-01 4.21459e-01 |
   1626 | 2.28662e+00 1.42847e-03 | 1.85471e-01 4.21458e-01 |
   1627 | 2.28805e+00 1.42847e-03 | 1.85471e-01 4.21456e-01 |
   1628 | 2.28948e+00 1.42848e-03 | 1.85471e-01 4.21455e-01 |
   1629 | 2.29091e+00 1.42848e-03 | 1.85471e-01 4.21453e-01 |
   1630 | 2.29233e+00 1.42848e-03 | 1.85471e-01 4.21452e-01 |
   1631 | 2.29376e+00 1.42849e-03 | 1.85471e-01 4.21450e-01 |
   1632 | 2.29519e+00 1.42849e-03 | 1.85471e-01 4.21448e-01 |
   1633 | 2.29662e+00 1.42849e-03 | 1.85472e-01 4.21447e-01 |
   1634 | 2.29805e+00 1.42849e-03 | 1.85472e-01 4.21445e-01 |
   1635 | 2.29948e+00 1.42849e-03 | 1.85472e-01 4.21444e-01 |
   1636 | 2.30091e+00 1.42849e-03 | 1.85472e-01 4.21442e-01 |
   1637 | 2.30233e+00 1.42850e-03 | 1.85472e-01 4.21441e-01 |
   1638 | 2.30376e+00 1.42850e-03 | 1.85472e-01 4.21439e-01 |
   1639 | 2.30519e+00 1.42850e-03 | 1.85472e-01 4.21437e-01 |
   1640 | 2.30662e+00 1.42851e-03 | 1.85473e-01 4.21436e-01 |
   1641 | 2.30805e+00 1.42851e-03 | 1.85473e-01 4.21434e-01 |
   1642 | 2.30948e+00 1.42851e-03 | 1.85473e-01 4.21432e-01 |
   1643 | 2.31091e+00 1.42851e-03 | 1.85473e-01 4.21431e-01 |
   1644 | 2.31233e+00 1.42852e-03 | 1.85473e-01 4.21429e-01 |
   1645 | 2.31376e+00 1.42852e-03 | 1.85473e-01 4.21428e-01 |
   1646 | 2.31519e+00 1.42852e-03 | 1.85473e-01 4.21426e-01 |
   1647 | 2.31662e+00 1.42853e-03 | 1.85474e-01 4.21424e-01 |
   1648 | 2.31805e+00 1.42853e-03 | 1.85474e-01 4.21423e-01 |
   1649 | 2.31948e+00 1.42853e-03 | 1.85474e-01 4.21421e-01 |
   1650 | 2.32090e+00 1.42853e-03 | 1.85474e-01 4.21419e-01 |
   1651 | 2.32233e+00 1.42853e-03 | 1.85474e-01 4.21418e-01 |
   1652 | 2.32376e+00 1.42854e-03 | 1.85474e-01 4.21416e-01 |
   1653 | 2.32519e+00 1.42854e-03 | 1.85475e-01 4.21414e-01 |
   1654 | 2.32662e+00 1.42854e-03 | 1.85475e-01 4.21413e-01 |
   1655 | 2.32805e+00 1.42854e-03 | 1.85475e-01 4.21411e-01 |
   1656 | 2.32948e+00 1.42855e-03 | 1.85475e-01 4.21409e-01 |
   1657 | 2.33090e+00 1.42855e-03 | 1.85475e-01 4.21408e-01 |
   1658 | 2.33233e+00 1.42855e-03 | 1.85475e-01 4.21406e-01 |
   1659 | 2.33376e+00 1.42856e-03 | 1.85475e-01 4.21404e-01 |
   1660 | 2.33519e+00 1.42856e-03 | 1.85476e-01 4.21403e-01 |
   1661 | 2.33662e+00 1.42856e-03 | 1.85476e-01 4.21401e-01 |
   1662 | 2.33805e+00 1.42857e-03 | 1.85476e-01 4.21399e-01 |
   1663 | 2.33948e+00 1.42857e-03 | 1.85476e-01 4.21397e-01 |
   1664 | 2.34090e+00 1.42857e-03 | 1.85476e-01 4.21396e-01 |
   1665 | 2.34133e+00 4.24582e-04 | 1.85476e-01 4.21395e-01 |
   1666 | 2.34276e+00 1.42858e-03 | 1.85476e-01 4.21394e-01 |
   1667 | 2.34419e+00 1.42857e-03 | 1.85477e-01 4.21392e-01 |
   1668 | 2.34561e+00 1.42858e-03 | 1.85477e-01 4.21390e-01 |
   1669 | 2.34704e+00 1.42858e-03 | 1.85477e-01 4.21388e-01 |
   1670 | 2.34847e+00 1.42858e-03 | 1.85477e-01 4.21387e-01 |
   1671 | 2.34990e+00 1.42859e-03 | 1.85477e-01 4.21385e-01 |
   1672 | 2.35133e+00 1.42859e-03 | 1.85477e-01 4.21383e-01 |
   1673 | 2.35276e+00 1.42859e-03 | 1.85478e-01 4.21381e-01 |
   1674 | 2.35419e+00 1.42859e-03 | 1.85478e-01 4.21380e-01 |
   1675 | 2.35561e+00 1.42860e-03 | 1.85478e-01 4.21378e-01 |
   1676 | 2.35704e+00 1.42860e-03 | 1.85478e-01 4.21376e-01 |
   1677 | 2.35847e+00 1.42860e-03 | 1.85478e-01 4.21374e-01 |
   1678 | 2.35990e+00 1.42861e-03 | 1.85478e-01 4.21372e-01 |
   1679 | 2.36133e+00 1.42861e-03 | 1.85478e-01 4.21371e-01 |
   1680 | 2.36276e+00 1.42861e-03 | 1.85479e-01 4.21369e-01 |
   1681 | 2.36419e+00 1.42862e-03 | 1.85479e-01 4.21367e-01 |
   1682 | 2.36562e+00 1.42862e-03 | 1.85479e-01 4.21365e-01 |
   1683 | 2.36704e+00 1.42862e-03 | 1.85479e-01 4.21364e-01 |
   1684 | 2.36847e+00 1.42862e-03 | 1.85479e-01 4.21362e-01 |
   1685 | 2.36990e+00 1.42863e-03 | 1.85479e-01 4.21360e-01 |
   1686 | 2.37133e+00 1.42863e-03 | 1.85480e-01 4.21358e-01 |
   1687 | 2.37276e+00 1.42863e-03 | 1.85480e-01 4.21356e-01 |
   1688 | 2.37419e+00 1.42864e-03 | 1.85480e-01 4.21354e-01 |
   1689 | 2.37562e+00 1.42864e-03 | 1.85480e-01 4.21353e-01 |
   1690 | 2.37704e+00 1.42864e-03 | 1.85480e-01 4.21351e-01 |
   1691 | 2.37847e+00 1.42864e-03 | 1.85480e-01 4.21349e-01 |
   1692 | 2.37990e+00 1.42865e-03 | 1.85481e-01 4.21347e-01 |
   1693 | 2.38133e+00 1.42865e-03 | 1.85481e-01 4.21345e-01 |
   1694 | 2.38276e+00 1.42865e-03 | 1.85481e-01 4.21343e-01 |
   1695 | 2.38419e+00 1.42865e-03 | 1.85481e-01 4.21342e-01 |
   1696 | 2.38562e+00 1.42866e-03 | 1.85481e-01 4.21340e-01 |
   1697 | 2.38704e+00 1.42866e-03 | 1.85481e-01 4.21338e-01 |
   1698 | 2.38847e+00 1.42866e-03 | 1.85482e-01 4.21336e-01 |
   1699 | 2.38990e+00 1.42867e-03 | 1.85482e-01 4.21334e-01 |
   1700 | 2.39133e+00 1.42867e-03 | 1.85482e-01 4.21332e-01 |
   1701 | 2.39276e+00 1.42867e-03 | 1.85482e-01 4.21330e-01 |
   1702 | 2.39419e+00 1.42868e-03 | 1.85482e-01 4.21328e-01 |
   1703 | 2.39562e+00 1.42868e-03 | 1.85482e-01 4.21326e-01 |
   1704 | 2.39705e+00 1.42868e-03 | 1.85483e-01 4.21325e-01 |
   1705 | 2.39847e+00 1.42868e-03 | 1.85483e-01 4.21323e-01 |
   1706 | 2.39990e+00 1.42869e-03 | 1.85483e-01 4.21321e-01 |
   1707 | 2.40133e+00 1.42869e-03 | 1.85483e-01 4.21319e-01 |
   1708 | 2.40276e+00 1.42869e-03 | 1.85483e-01 4.21317e-01 |
   1709 | 2.40419e+00 1.42870e-03 | 1.85483e-01 4.21315e-01 |
   1710 | 2.40461e+00 4.19260e-04 | 1.85483e-01 4.21314e-01 |
   1711 | 2.40604e+00 1.42870e-03 | 1.85484e-01 4.21313e-01 |
   1712 | 2.40747e+00 1.42870e-03 | 1.85484e-01 4.21311e-01 |
   1713 | 2.40889e+00 1.42871e-03 | 1.85484e-01 4.21309e-01 |
   1714 | 2.41032e+00 1.42871e-03 | 1.85484e-01 4.21307e-01 |
   1715 | 2.41175e+00 1.42871e-03 | 1.85484e-01 4.21305e-01 |
   1716 | 2.41318e+00 1.42872e-03 | 1.85484e-01 4.21303e-01 |
   1717 | 2.41461e+00 1.42872e-03 | 1.85485e-01 4.21301e-01 |
   1718 | 2.41604e+00 1.42872e-03 | 1.85485e-01 4.21299e-01 |
   1719 | 2.41747e+00 1.42873e-03 | 1.85485e-01 4.21297e-01 |
   1720 | 2.41890e+00 1.42873e-03 | 1.85485e-01 4.21295e-01 |
   1721 | 2.42032e+00 1.42873e-03 | 1.85485e-01 4.21293e-01 |
   1722 | 2.42175e+00 1.42874e-03 | 1.85485e-01 4.21291e-01 |
   1723 | 2.42318e+00 1.42874e-03 | 1.85486e-01 4.21289e-01 |
   1724 | 2.42461e+00 1.42874e-03 | 1.85486e-01 4.21287e-01 |
   1725 | 2.42604e+00 1.42875e-03 | 1.85486e-01 4.21285e-01 |
   1726 | 2.42747e+00 1.42875e-03 | 1.85486e-01 4.21283e-01 |
   1727 | 2.42890e+00 1.42875e-03 | 1.85486e-01 4.21281e-01 |
   1728 | 2.43033e+00 1.42876e-03 | 1.85487e-01 4.21279e-01 |
   1729 | 2.43175e+00 1.42876e-03 | 1.85487e-01 4.21277e-01 |
   1730 | 2.43318e+00 1.42876e-03 | 1.85487e-01 4.21275e-01 |
   1731 | 2.43461e+00 1.42877e-03 | 1.85487e-01 4.21273e-01 |
   1732 | 2.43604e+00 1.42877e-03 | 1.85487e-01 4.21271e-01 |
   1733 | 2.43747e+00 1.42877e-03 | 1.85487e-01 4.21269e-01 |
   1734 | 2.43890e+00 1.42878e-03 | 1.85488e-01 4.21267e-01 |
   1735 | 2.44033e+00 1.42878e-03 | 1.85488e-01 4.21265e-01 |
   1736 | 2.44176e+00 1.42878e-03 | 1.85488e-01 4.21263e-01 |
   1737 | 2.44318e+00 1.42879e-03 | 1.85488e-01 4.21260e-01 |
   1738 | 2.44461e+00 1.42879e-03 | 1.85488e-01 4.21258e-01 |
   1739 | 2.44604e+00 1.42879e-03 | 1.85488e-01 4.21256e-01 |
   1740 | 2.44747e+00 1.42880e-03 | 1.85489e-01 4.21254e-01 |
   1741 | 2.44890e+00 1.42880e-03 | 1.85489e-01 4.21252e-01 |
   1742 | 2.45033e+00 1.42880e-03 | 1.85489e-01 4.21250e-01 |
   1743 | 2.45176e+00 1.42881e-03 | 1.85489e-01 4.21248e-01 |
   1744 | 2.45319e+00 1.42881e-03 | 1.85489e-01 4.21246e-01 |
   1745 | 2.45461e+00 1.42881e-03 | 1.85490e-01 4.21244e-01 |
   1746 | 2.45604e+00 1.42882e-03 | 1.85490e-01 4.21242e-01 |
   1747 | 2.45747e+00 1.42882e-03 | 1.85490e-01 4.21240e-01 |
   1748 | 2.45890e+00 1.42882e-03 | 1.85490e-01 4.21237e-01 |
   1749 | 2.46033e+00 1.42883e-03 | 1.85490e-01 4.21235e-01 |
   1750 | 2.46176e+00 1.42883e-03 | 1.85490e-01 4.21233e-01 |
   1751 | 2.46319e+00 1.42883e-03 | 1.85491e-01 4.21231e-01 |
   1752 | 2.46462e+00 1.42884e-03 | 1.85491e-01 4.21229e-01 |
   1753 | 2.46605e+00 1.42885e-03 | 1.85491e-01 4.21227e-01 |
   1754 | 2.46747e+00 1.42885e-03 | 1.85491e-01 4.21225e-01 |
   1755 | 2.46789e+00 4.13158e-04 | 1.85491e-01 4.21224e-01 |
   1756 | 2.46932e+00 1.42885e-03 | 1.85491e-01 4.21222e-01 |
   1757 | 2.47075e+00 1.42886e-03 | 1.85492e-01 4.21220e-01 |
   1758 | 2.47217e+00 1.42886e-03 | 1.85492e-01 4.21217e-01 |
   1759 | 2.47360e+00 1.42886e-03 | 1.85492e-01 4.21215e-01 |
   1760 | 2.47503e+00 1.42887e-03 | 1.85492e-01 4.21213e-01 |
   1761 | 2.47646e+00 1.42887e-03 | 1.85492e-01 4.21211e-01 |
   1762 | 2.47789e+00 1.42887e-03 | 1.85492e-01 4.21209e-01 |
   1763 | 2.47932e+00 1.42888e-03 | 1.85493e-01 4.21206e-01 |
   1764 | 2.48075e+00 1.42888e-03 | 1.85493e-01 4.21204e-01 |
   1765 | 2.48218e+00 1.42888e-03 | 1.85493e-01 4.21202e-01 |
   1766 | 2.48360e+00 1.42889e-03 | 1.85493e-01 4.21200e-01 |
   1767 | 2.48503e+00 1.42889e-03 | 1.85493e-01 4.21198e-01 |
   1768 | 2.48646e+00 1.42889e-03 | 1.85494e-01 4.21195e-01 |
   1769 | 2.48789e+00 1.42890e-03 | 1.85494e-01 4.21193e-01 |
   1770 | 2.48932e+00 1.42890e-03 | 1.85494e-01 4.21191e-01 |
   1771 | 2.49075e+00 1.42891e-03 | 1.85494e-01 4.21189e-01 |
   1772 | 2.49218e+00 1.42891e-03 | 1.85494e-01 4.21186e-01 |
   1773 | 2.49361e+00 1.42891e-03 | 1.85495e-01 4.21184e-01 |
   1774 | 2.49504e+00 1.42892e-03 | 1.85495e-01 4.21182e-01 |
   1775 | 2.49647e+00 1.42892e-03 | 1.85495e-01 4.21180e-01 |
   1776 | 2.49789e+00 1.42892e-03 | 1.85495e-01 4.21177e-01 |
   1777 | 2.49932e+00 1.42893e-03 | 1.85495e-01 4.21175e-01 |
   1778 | 2.50075e+00 1.42893e-03 | 1.85495e-01 4.21173e-01 |
   1779 | 2.50218e+00 1.42894e-03 | 1.85496e-01 4.21171e-01 |
   1780 | 2.50361e+00 1.42894e-03 | 1.85496e-01 4.21168e-01 |
   1781 | 2.50504e+00 1.42895e-03 | 1.85496e-01 4.21166e-01 |
   1782 | 2.50647e+00 1.42895e-03 | 1.85496e-01 4.21164e-01 |
   1783 | 2.50790e+00 1.42895e-03 | 1.85496e-01 4.21161e-01 |
   1784 | 2.50933e+00 1.42896e-03 | 1.85497e-01 4.21159e-01 |
   1785 | 2.51075e+00 1.42896e-03 | 1.85497e-01 4.21157e-01 |
   1786 | 2.51218e+00 1.42896e-03 | 1.85497e-01 4.21154e-01 |
   1787 | 2.51361e+00 1.42897e-03 | 1.85497e-01 4.21152e-01 |
   1788 | 2.51504e+00 1.42897e-03 | 1.85497e-01 4.21150e-01 |
   1789 | 2.51647e+00 1.42897e-03 | 1.85498e-01 4.21147e-01 |
   1790 | 2.51790e+00 1.42898e-03 | 1.85498e-01 4.21145e-01 |
   1791 | 2.51933e+00 1.42899e-03 | 1.85498e-01 4.21143e-01 |
   1792 | 2.52076e+00 1.42899e-03 | 1.85498e-01 4.21140e-01 |
   1793 | 2.52219e+00 1.42899e-03 | 1.85498e-01 4.21138e-01 |
   1794 | 2.52362e+00 1.42900e-03 | 1.85499e-01 4.21135e-01 |
   1795 | 2.52504e+00 1.42900e-03 | 1.85499e-01 4.21133e-01 |
   1796 | 2.52647e+00 1.42900e-03 | 1.85499e-01 4.21131e-01 |
   1797 | 2.52790e+00 1.42901e-03 | 1.85499e-01 4.21128e-01 |
   1798 | 2.52933e+00 1.42901e-03 | 1.85499e-01 4.21126e-01 |
   1799 | 2.53076e+00 1.42902e-03 | 1.85500e-01 4.21124e-01 |
   1800 | 2.53117e+00 4.06156e-04 | 1.85500e-01 4.21123e-01 |
   1801 | 2.53260e+00 1.42902e-03 | 1.85500e-01 4.21120e-01 |
   1802 | 2.53402e+00 1.42902e-03 | 1.85500e-01 4.21118e-01 |
   1803 | 2.53545e+00 1.42903e-03 | 1.85500e-01 4.21116e-01 |
   1804 | 2.53688e+00 1.42904e-03 | 1.85500e-01 4.21113e-01 |
   1805 | 2.53831e+00 1.42904e-03 | 1.85501e-01 4.21111e-01 |
   1806 | 2.53974e+00 1.42904e-03 | 1.85501e-01 4.21108e-01 |
   1807 | 2.54117e+00 1.42905e-03 | 1.85501e-01 4.21106e-01 |
   1808 | 2.54260e+00 1.42905e-03 | 1.85501e-01 4.21103e-01 |
   1809 | 2.54403e+00 1.42905e-03 | 1.85501e-01 4.21101e-01 |
   1810 | 2.54546e+00 1.42906e-03 | 1.85502e-01 4.21098e-01 |
   1811 | 2.54689e+00 1.42906e-03 | 1.85502e-01 4.21096e-01 |
   1812 | 2.54832e+00 1.42907e-03 | 1.85502e-01 4.21093e-01 |
   1813 | 2.54974e+00 1.42907e-03 | 1.85502e-01 4.21091e-01 |
   1814 | 2.55117e+00 1.42908e-03 | 1.85502e-01 4.21089e-01 |
   1815 | 2.55260e+00 1.42908e-03 | 1.85503e-01 4.21086e-01 |
   1816 | 2.55403e+00 1.42909e-03 | 1.85503e-01 4.21084e-01 |
   1817 | 2.55546e+00 1.42909e-03 | 1.85503e-01 4.21081e-01 |
   1818 | 2.55689e+00 1.42909e-03 | 1.85503e-01 4.21078e-01 |
   1819 | 2.55832e+00 1.42910e-03 | 1.85503e-01 4.21076e-01 |
   1820 | 2.55975e+00 1.42910e-03 | 1.85504e-01 4.21073e-01 |
   1821 | 2.56118e+00 1.42911e-03 | 1.85504e-01 4.21071e-01 |
   1822 | 2.56261e+00 1.42911e-03 | 1.85504e-01 4.21068e-01 |
   1823 | 2.56404e+00 1.42912e-03 | 1.85504e-01 4.21066e-01 |
   1824 | 2.56546e+00 1.42912e-03 | 1.85504e-01 4.21063e-01 |
   1825 | 2.56689e+00 1.42913e-03 | 1.85505e-01 4.21061e-01 |
   1826 | 2.56832e+00 1.42913e-03 | 1.85505e-01 4.21058e-01 |
   1827 | 2.56975e+00 1.42913e-03 | 1.85505e-01 4.21056e-01 |
   1828 | 2.57118e+00 1.42914e-03 | 1.85505e-01 4.21053e-01 |
   1829 | 2.57261e+00 1.42914e-03 | 1.85505e-01 4.21050e-01 |
   1830 | 2.57404e+00 1.42915e-03 | 1.85506e-01 4.21048e-01 |
   1831 | 2.57547e+00 1.42915e-03 | 1.85506e-01 4.21045e-01 |
   1832 | 2.57690e+00 1.42916e-03 | 1.85506e-01 4.21043e-01 |
   1833 | 2.57833e+00 1.42916e-03 | 1.85506e-01 4.21040e-01 |
   1834 | 2.57976e+00 1.42916e-03 | 1.85506e-01 4.21037e-01 |
   1835 | 2.58118e+00 1.42917e-03 | 1.85507e-01 4.21035e-01 |
   1836 | 2.58261e+00 1.42917e-03 | 1.85507e-01 4.21032e-01 |
   1837 | 2.58404e+00 1.42918e-03 | 1.85507e-01 4.21030e-01 |
   1838 | 2.58547e+00 1.42918e-03 | 1.85507e-01 4.21027e-01 |
   1839 | 2.58690e+00 1.42919e-03 | 1.85507e-01 4.21024e-01 |
   1840 | 2.58833e+00 1.42919e-03 | 1.85508e-01 4.21022e-01 |
   1841 | 2.58976e+00 1.42920e-03 | 1.85508e-01 4.21019e-01 |
   1842 | 2.59119e+00 1.42920e-03 | 1.85508e-01 4.21016e-01 |
   1843 | 2.59262e+00 1.42921e-03 | 1.85508e-01 4.21014e-01 |
   1844 | 2.59405e+00 1.42921e-03 | 1.85508e-01 4.21011e-01 |
   1845 | 2.59445e+00 3.98130e-04 | 1.85508e-01 4.21010e-01 |
   1846 | 2.59587e+00 1.42922e-03 | 1.85509e-01 4.21008e-01 |
   1847 | 2.59730e+00 1.42922e-03 | 1.85509e-01 4.21005e-01 |
   1848 | 2.59873e+00 1.42923e-03 | 1.85509e-01 4.21002e-01 |
   1849 | 2.60016e+00 1.42923e-03 | 1.85509e-01 4.20999e-01 |
   1850 | 2.60159e+00 1.42924e-03 | 1.85510e-01 4.20997e-01 |
   1851 | 2.60302e+00 1.42924e-03 | 1.85510e-01 4.20994e-01 |
   1852 | 2.60445e+00 1.42924e-03 | 1.85510e-01 4.20991e-01 |
   1853 | 2.60588e+00 1.42925e-03 | 1.85510e-01 4.20989e-01 |
   1854 | 2.60731e+00 1.42926e-03 | 1.85510e-01 4.20986e-01 |
   1855 | 2.60874e+00 1.42926e-03 | 1.85511e-01 4.20983e-01 |
   1856 | 2.61017e+00 1.42926e-03 | 1.85511e-01 4.20980e-01 |
   1857 | 2.61160e+00 1.42927e-03 | 1.85511e-01 4.20978e-01 |
   1858 | 2.61303e+00 1.42927e-03 | 1.85511e-01 4.20975e-01 |
   1859 | 2.61446e+00 1.42928e-03 | 1.85511e-01 4.20972e-01 |
   1860 | 2.61588e+00 1.42929e-03 | 1.85512e-01 4.20969e-01 |
   1861 | 2.61731e+00 1.42929e-03 | 1.85512e-01 4.20967e-01 |
   1862 | 2.61874e+00 1.42929e-03 | 1.85512e-01 4.20964e-01 |
   1863 | 2.62017e+00 1.42930e-03 | 1.85512e-01 4.20961e-01 |
   1864 | 2.62160e+00 1.42930e-03 | 1.85512e-01 4.20958e-01 |
   1865 | 2.62303e+00 1.42931e-03 | 1.85513e-01 4.20955e-01 |
   1866 | 2.62446e+00 1.42932e-03 | 1.85513e-01 4.20953e-01 |
   1867 | 2.62589e+00 1.42932e-03 | 1.85513e-01 4.20950e-01 |
   1868 | 2.62732e+00 1.42932e-03 | 1.85513e-01 4.20947e-01 |
   1869 | 2.62875e+00 1.42933e-03 | 1.85514e-01 4.20944e-01 |
   1870 | 2.63018e+00 1.42933e-03 | 1.85514e-01 4.20941e-01 |
   1871 | 2.63161e+00 1.42934e-03 | 1.85514e-01 4.20938e-01 |
   1872 | 2.63304e+00 1.42935e-03 | 1.85514e-01 4.20936e-01 |
   1873 | 2.63447e+00 1.42935e-03 | 1.85514e-01 4.20933e-01 |
   1874 | 2.63589e+00 1.42935e-03 | 1.85515e-01 4.20930e-01 |
   1875 | 2.63732e+00 1.42936e-03 | 1.85515e-01 4.20927e-01 |
   1876 | 2.63875e+00 1.42937e-03 | 1.85515e-01 4.20924e-01 |
   1877 | 2.64018e+00 1.42937e-03 | 1.85515e-01 4.20921e-01 |
   1878 | 2.64161e+00 1.42938e-03 | 1.85515e-01 4.20918e-01 |
   1879 | 2.64304e+00 1.42938e-03 | 1.85516e-01 4.20915e-01 |
   1880 | 2.64447e+00 1.42938e-03 | 1.85516e-01 4.20913e-01 |
   1881 | 2.64590e+00 1.42939e-03 | 1.85516e-01 4.20910e-01 |
   1882 | 2.64733e+00 1.42940e-03 | 1.85516e-01 4.20907e-01 |
   1883 | 2.64876e+00 1.42940e-03 | 1.85517e-01 4.20904e-01 |
   1884 | 2.65019e+00 1.42941e-03 | 1.85517e-01 4.20901e-01 |
   1885 | 2.65162e+00 1.42941e-03 | 1.85517e-01 4.20898e-01 |
   1886 | 2.65305e+00 1.42942e-03 | 1.85517e-01 4.20895e-01 |
   1887 | 2.65448e+00 1.42942e-03 | 1.85517e-01 4.20892e-01 |
   1888 | 2.65591e+00 1.42943e-03 | 1.85518e-01 4.20889e-01 |
   1889 | 2.65734e+00 1.42943e-03 | 1.85518e-01 4.20886e-01 |
   1890 | 2.65772e+00 3.88948e-04 | 1.85518e-01 4.20885e-01 |
   1891 | 2.65915e+00 1.42944e-03 | 1.85518e-01 4.20882e-01 |
   1892 | 2.66058e+00 1.42945e-03 | 1.85518e-01 4.20879e-01 |
   1893 | 2.66201e+00 1.42945e-03 | 1.85519e-01 4.20876e-01 |
   1894 | 2.66344e+00 1.42946e-03 | 1.85519e-01 4.20873e-01 |
   1895 | 2.66487e+00 1.42946e-03 | 1.85519e-01 4.20870e-01 |
   1896 | 2.66630e+00 1.42947e-03 | 1.85519e-01 4.20867e-01 |
   1897 | 2.66773e+00 1.42947e-03 | 1.85519e-01 4.20864e-01 |
   1898 | 2.66916e+00 1.42948e-03 | 1.85520e-01 4.20861e-01 |
   1899 | 2.67059e+00 1.42948e-03 | 1.85520e-01 4.20858e-01 |
   1900 | 2.67202e+00 1.42949e-03 | 1.85520e-01 4.20855e-01 |
   1901 | 2.67345e+00 1.42950e-03 | 1.85520e-01 4.20852e-01 |
   1902 | 2.67488e+00 1.42950e-03 | 1.85521e-01 4.20849e-01 |
   1903 | 2.67631e+00 1.42951e-03 | 1.85521e-01 4.20846e-01 |
   1904 | 2.67774e+00 1.42951e-03 | 1.85521e-01 4.20843e-01 |
   1905 | 2.67917e+00 1.42952e-03 | 1.85521e-01 4.20840e-01 |
   1906 | 2.68060e+00 1.42952e-03 | 1.85521e-01 4.20837e-01 |
   1907 | 2.68203e+00 1.42953e-03 | 1.85522e-01 4.20834e-01 |
   1908 | 2.68346e+00 1.42953e-03 | 1.85522e-01 4.20831e-01 |
   1909 | 2.68489e+00 1.42954e-03 | 1.85522e-01 4.20828e-01 |
   1910 | 2.68631e+00 1.42955e-03 | 1.85522e-01 4.20825e-01 |
   1911 | 2.68774e+00 1.42955e-03 | 1.85523e-01 4.20821e-01 |
   1912 | 2.68917e+00 1.42956e-03 | 1.85523e-01 4.20818e-01 |
   1913 | 2.69060e+00 1.42957e-03 | 1.85523e-01 4.20815e-01 |
   1914 | 2.69203e+00 1.42957e-03 | 1.85523e-01 4.20812e-01 |
   1915 | 2.69346e+00 1.42957e-03 | 1.85524e-01 4.20809e-01 |
   1916 | 2.69489e+00 1.42958e-03 | 1.85524e-01 4.20806e-01 |
   1917 | 2.69632e+00 1.42959e-03 | 1.85524e-01 4.20803e-01 |
   1918 | 2.69775e+00 1.42959e-03 | 1.85524e-01 4.20799e-01 |
   1919 | 2.69918e+00 1.42960e-03 | 1.85524e-01 4.20796e-01 |
   1920 | 2.70061e+00 1.42960e-03 | 1.85525e-01 4.20793e-01 |
   1921 | 2.70204e+00 1.42961e-03 | 1.85525e-01 4.20790e-01 |
   1922 | 2.70347e+00 1.42962e-03 | 1.85525e-01 4.20787e-01 |
   1923 | 2.70490e+00 1.42962e-03 | 1.85525e-01 4.20784e-01 |
   1924 | 2.70633e+00 1.42963e-03 | 1.85526e-01 4.20780e-01 |
   1925 | 2.70776e+00 1.42963e-03 | 1.85526e-01 4.20777e-01 |
   1926 | 2.70919e+00 1.42964e-03 | 1.85526e-01 4.20774e-01 |
   1927 | 2.71062e+00 1.42964e-03 | 1.85526e-01 4.20771e-01 |
   1928 | 2.71205e+00 1.42965e-03 | 1.85526e-01 4.20768e-01 |
   1929 | 2.71348e+00 1.42966e-03 | 1.85527e-01 4.20764e-01 |
   1930 | 2.71491e+00 1.42966e-03 | 1.85527e-01 4.20761e-01 |
   1931 | 2.71634e+00 1.42967e-03 | 1.85527e-01 4.20758e-01 |
   1932 | 2.71777e+00 1.42968e-03 | 1.85527e-01 4.20755e-01 |
   1933 | 2.71920e+00 1.42968e-03 | 1.85528e-01 4.20751e-01 |
   1934 | 2.72063e+00 1.42969e-03 | 1.85528e-01 4.20748e-01 |
   1935 | 2.72100e+00 3.78447e-04 | 1.85528e-01 4.20747e-01 |
   1936 | 2.72243e+00 1.42970e-03 | 1.85528e-01 4.20744e-01 |
   1937 | 2.72386e+00 1.42970e-03 | 1.85528e-01 4.20741e-01 |
   1938 | 2.72529e+00 1.42971e-03 | 1.85529e-01 4.20737e-01 |
   1939 | 2.72672e+00 1.42972e-03 | 1.85529e-01 4.20734e-01 |
   1940 | 2.72815e+00 1.42972e-03 | 1.85529e-01 4.20731e-01 |
   1941 | 2.72958e+00 1.42973e-03 | 1.85529e-01 4.20727e-01 |
   1942 | 2.73101e+00 1.42973e-03 | 1.85529e-01 4.20724e-01 |
   1943 | 2.73244e+00 1.42974e-03 | 1.85530e-01 4.20721e-01 |
   1944 | 2.73387e+00 1.42975e-03 | 1.85530e-01 4.20717e-01 |
   1945 | 2.73530e+00 1.42975e-03 | 1.85530e-01 4.20714e-01 |
   1946 | 2.73673e+00 1.42976e-03 | 1.85530e-01 4.20711e-01 |
   1947 | 2.73816e+00 1.42976e-03 | 1.85531e-01 4.20707e-01 |
   1948 | 2.73959e+00 1.42977e-03 | 1.85531e-01 4.20704e-01 |
   1949 | 2.74102e+00 1.42978e-03 | 1.85531e-01 4.20701e-01 |
   1950 | 2.74245e+00 1.42978e-03 | 1.85531e-01 4.20697e-01 |
   1951 | 2.74388e+00 1.42979e-03 | 1.85532e-01 4.20694e-01 |
   1952 | 2.74531e+00 1.42980e-03 | 1.85532e-01 4.20690e-01 |
   1953 | 2.74674e+00 1.42980e-03 | 1.85532e-01 4.20687e-01 |
   1954 | 2.74817e+00 1.42981e-03 | 1.85532e-01 4.20684e-01 |
   1955 | 2.74960e+00 1.42982e-03 | 1.85533e-01 4.20680e-01 |
   1956 | 2.75103e+00 1.42982e-03 | 1.85533e-01 4.20677e-01 |
   1957 | 2.75246e+00 1.42983e-03 | 1.85533e-01 4.20673e-01 |
   1958 | 2.75389e+00 1.42984e-03 | 1.85533e-01 4.20670e-01 |
   1959 | 2.75532e+00 1.42984e-03 | 1.85533e-01 4.20666e-01 |
   1960 | 2.75675e+00 1.42985e-03 | 1.85534e-01 4.20663e-01 |
   1961 | 2.75818e+00 1.42986e-03 | 1.85534e-01 4.20659e-01 |
   1962 | 2.75961e+00 1.42986e-03 | 1.85534e-01 4.20656e-01 |
   1963 | 2.76104e+00 1.42987e-03 | 1.85534e-01 4.20652e-01 |
   1964 | 2.76247e+00 1.42988e-03 | 1.85535e-01 4.20649e-01 |
   1965 | 2.76390e+00 1.42988e-03 | 1.85535e-01 4.20646e-01 |
   1966 | 2.76533e+00 1.42989e-03 | 1.85535e-01 4.20642e-01 |
   1967 | 2.76676e+00 1.42990e-03 | 1.85535e-01 4.20638e-01 |
   1968 | 2.76819e+00 1.42990e-03 | 1.85536e-01 4.20635e-01 |
   1969 | 2.76962e+00 1.42991e-03 | 1.85536e-01 4.20631e-01 |
   1970 | 2.77105e+00 1.42992e-03 | 1.85536e-01 4.20628e-01 |
   1971 | 2.77248e+00 1.42992e-03 | 1.85536e-01 4.20624e-01 |
   1972 | 2.77391e+00 1.42993e-03 | 1.85537e-01 4.20621e-01 |
   1973 | 2.77534e+00 1.42994e-03 | 1.85537e-01 4.20617e-01 |
   1974 | 2.77677e+00 1.42994e-03 | 1.85537e-01 4.20614e-01 |
   1975 | 2.77820e+00 1.42995e-03 | 1.85537e-01 4.20610e-01 |
   1976 | 2.77963e+00 1.42996e-03 | 1.85537e-01 4.20607e-01 |
   1977 | 2.78106e+00 1.42996e-03 | 1.85538e-01 4.20603e-01 |
   1978 | 2.78249e+00 1.42997e-03 | 1.85538e-01 4.20599e-01 |
   1979 | 2.78392e+00 1.42998e-03 | 1.85538e-01 4.20596e-01 |
   1980 | 2.78428e+00 3.66457e-04 | 1.85538e-01 4.20595e-01 |
   1981 | 2.78571e+00 1.42999e-03 | 1.85538e-01 4.20591e-01 |
   1982 | 2.78714e+00 1.42999e-03 | 1.85539e-01 4.20588e-01 |
   1983 | 2.78857e+00 1.43000e-03 | 1.85539e-01 4.20584e-01 |
   1984 | 2.79000e+00 1.43001e-03 | 1.85539e-01 4.20580e-01 |
   1985 | 2.79143e+00 1.43002e-03 | 1.85539e-01 4.20577e-01 |
   1986 | 2.79286e+00 1.43002e-03 | 1.85540e-01 4.20573e-01 |
   1987 | 2.79429e+00 1.43003e-03 | 1.85540e-01 4.20569e-01 |
   1988 | 2.79572e+00 1.43004e-03 | 1.85540e-01 4.20566e-01 |
   1989 | 2.79715e+00 1.43005e-03 | 1.85540e-01 4.20562e-01 |
   1990 | 2.79858e+00 1.43005e-03 | 1.85541e-01 4.20558e-01 |
   1991 | 2.80001e+00 1.43006e-03 | 1.85541e-01 4.20555e-01 |
   1992 | 2.80144e+00 1.43007e-03 | 1.85541e-01 4.20551e-01 |
   1993 | 2.80287e+00 1.43007e-03 | 1.85541e-01 4.20547e-01 |
   1994 | 2.80430e+00 1.43008e-03 | 1.85542e-01 4.20544e-01 |
   1995 | 2.80573e+00 1.43009e-03 | 1.85542e-01 4.20540e-01 |
   1996 | 2.80716e+00 1.43009e-03 | 1.85542e-01 4.20536e-01 |
   1997 | 2.80859e+00 1.43010e-03 | 1.85542e-01 4.20532e-01 |
   1998 | 2.81002e+00 1.43011e-03 | 1.85543e-01 4.20529e-01 |
   1999 | 2.81145e+00 1.43012e-03 | 1.85543e-01 4.20525e-01 |
   2000 | 2.81288e+00 1.43012e-03 | 1.85543e-01 4.20521e-01 |
   2001 | 2.81431e+00 1.43013e-03 | 1.85543e-01 4.20517e-01 |
   2002 | 2.81574e+00 1.43014e-03 | 1.85544e-01 4.20514e-01 |
   2003 | 2.81717e+00 1.43015e-03 | 1.85544e-01 4.20510e-01 |
   2004 | 2.81860e+00 1.43016e-03 | 1.85544e-01 4.20506e-01 |
   2005 | 2.82003e+00 1.43016e-03 | 1.85544e-01 4.20502e-01 |
   2006 | 2.82147e+00 1.43017e-03 | 1.85544e-01 4.20499e-01 |
   2007 | 2.82290e+00 1.43018e-03 | 1.85545e-01 4.20495e-01 |
   2008 | 2.82433e+00 1.43018e-03 | 1.85545e-01 4.20491e-01 |
   2009 | 2.82576e+00 1.43019e-03 | 1.85545e-01 4.20487e-01 |
   2010 | 2.82719e+00 1.43020e-03 | 1.85545e-01 4.20483e-01 |
   2011 | 2.82862e+00 1.43021e-03 | 1.85546e-01 4.20479e-01 |
   2012 | 2.83005e+00 1.43021e-03 | 1.85546e-01 4.20476e-01 |
   2013 | 2.83148e+00 1.43022e-03 | 1.85546e-01 4.20472e-01 |
   2014 | 2.83291e+00 1.43023e-03 | 1.85546e-01 4.20468e-01 |
   2015 | 2.83434e+00 1.43024e-03 | 1.85547e-01 4.20464e-01 |
   2016 | 2.83577e+00 1.43025e-03 | 1.85547e-01 4.20460e-01 |
   2017 | 2.83720e+00 1.43026e-03 | 1.85547e-01 4.20456e-01 |
   2018 | 2.83863e+00 1.43026e-03 | 1.85547e-01 4.20452e-01 |
   2019 | 2.84006e+00 1.43027e-03 | 1.85548e-01 4.20448e-01 |
   2020 | 2.84149e+00 1.43028e-03 | 1.85548e-01 4.20444e-01 |
   2021 | 2.84292e+00 1.43028e-03 | 1.85548e-01 4.20441e-01 |
   2022 | 2.84435e+00 1.43029e-03 | 1.85548e-01 4.20437e-01 |
   2023 | 2.84578e+00 1.43030e-03 | 1.85549e-01 4.20433e-01 |
   2024 | 2.84721e+00 1.43031e-03 | 1.85549e-01 4.20429e-01 |
   2025 | 2.84756e+00 3.52794e-04 | 1.85549e-01 4.20427e-01 |
   2026 | 2.84899e+00 1.43032e-03 | 1.85549e-01 4.20424e-01 |
   2027 | 2.85042e+00 1.43033e-03 | 1.85549e-01 4.20420e-01 |
   2028 | 2.85185e+00 1.43033e-03 | 1.85550e-01 4.20416e-01 |
   2029 | 2.85328e+00 1.43034e-03 | 1.85550e-01 4.20412e-01 |
   2030 | 2.85471e+00 1.43035e-03 | 1.85550e-01 4.20408e-01 |
   2031 | 2.85614e+00 1.43036e-03 | 1.85550e-01 4.20404e-01 |
   2032 | 2.85757e+00 1.43037e-03 | 1.85551e-01 4.20400e-01 |
   2033 | 2.85901e+00 1.43038e-03 | 1.85551e-01 4.20396e-01 |
   2034 | 2.86044e+00 1.43038e-03 | 1.85551e-01 4.20392e-01 |
   2035 | 2.86187e+00 1.43039e-03 | 1.85551e-01 4.20388e-01 |
   2036 | 2.86330e+00 1.43040e-03 | 1.85552e-01 4.20384e-01 |
   2037 | 2.86473e+00 1.43041e-03 | 1.85552e-01 4.20380e-01 |
   2038 | 2.86616e+00 1.43042e-03 | 1.85552e-01 4.20376e-01 |
   2039 | 2.86759e+00 1.43043e-03 | 1.85552e-01 4.20372e-01 |
   2040 | 2.86902e+00 1.43043e-03 | 1.85553e-01 4.20368e-01 |
   2041 | 2.87045e+00 1.43044e-03 | 1.85553e-01 4.20363e-01 |
   2042 | 2.87188e+00 1.43045e-03 | 1.85553e-01 4.20359e-01 |
   2043 | 2.87331e+00 1.43046e-03 | 1.85553e-01 4.20355e-01 |
   2044 | 2.87474e+00 1.43047e-03 | 1.85554e-01 4.20351e-01 |
   2045 | 2.87617e+00 1.43048e-03 | 1.85554e-01 4.20347e-01 |
   2046 | 2.87760e+00 1.43048e-03 | 1.85554e-01 4.20343e-01 |
   2047 | 2.87903e+00 1.43049e-03 | 1.85554e-01 4.20339e-01 |
   2048 | 2.88046e+00 1.43050e-03 | 1.85555e-01 4.20335e-01 |
   2049 | 2.88189e+00 1.43051e-03 | 1.85555e-01 4.20331e-01 |
   2050 | 2.88332e+00 1.43052e-03 | 1.85555e-01 4.20326e-01 |
   2051 | 2.88475e+00 1.43053e-03 | 1.85555e-01 4.20322e-01 |
   2052 | 2.88618e+00 1.43054e-03 | 1.85556e-01 4.20318e-01 |
   2053 | 2.88761e+00 1.43054e-03 | 1.85556e-01 4.20314e-01 |
   2054 | 2.88904e+00 1.43055e-03 | 1.85556e-01 4.20310e-01 |
   2055 | 2.89048e+00 1.43056e-03 | 1.85556e-01 4.20306e-01 |
   2056 | 2.89191e+00 1.43057e-03 | 1.85557e-01 4.20301e-01 |
   2057 | 2.89334e+00 1.43058e-03 | 1.85557e-01 4.20297e-01 |
   2058 | 2.89477e+00 1.43059e-03 | 1.85557e-01 4.20293e-01 |
   2059 | 2.89620e+00 1.43059e-03 | 1.85557e-01 4.20289e-01 |
   2060 | 2.89763e+00 1.43060e-03 | 1.85558e-01 4.20284e-01 |
   2061 | 2.89906e+00 1.43061e-03 | 1.85558e-01 4.20280e-01 |
   2062 | 2.90049e+00 1.43062e-03 | 1.85558e-01 4.20276e-01 |
   2063 | 2.90192e+00 1.43063e-03 | 1.85558e-01 4.20272e-01 |
   2064 | 2.90335e+00 1.43064e-03 | 1.85559e-01 4.20267e-01 |
   2065 | 2.90478e+00 1.43065e-03 | 1.85559e-01 4.20263e-01 |
   2066 | 2.90621e+00 1.43066e-03 | 1.85559e-01 4.20259e-01 |
   2067 | 2.90764e+00 1.43067e-03 | 1.85559e-01 4.20255e-01 |
   2068 | 2.90907e+00 1.43067e-03 | 1.85560e-01 4.20250e-01 |
   2069 | 2.91050e+00 1.43068e-03 | 1.85560e-01 4.20246e-01 |
   2070 | 2.91084e+00 3.37242e-04 | 1.85560e-01 4.20245e-01 |
   2071 | 2.91227e+00 1.43070e-03 | 1.85560e-01 4.20241e-01 |
   2072 | 2.91370e+00 1.43070e-03 | 1.85560e-01 4.20236e-01 |
   2073 | 2.91513e+00 1.43071e-03 | 1.85561e-01 4.20232e-01 |
   2074 | 2.91656e+00 1.43073e-03 | 1.85561e-01 4.20228e-01 |
   2075 | 2.91800e+00 1.43073e-03 | 1.85561e-01 4.20223e-01 |
   2076 | 2.91943e+00 1.43074e-03 | 1.85561e-01 4.20219e-01 |
   2077 | 2.92086e+00 1.43075e-03 | 1.85562e-01 4.20215e-01 |
   2078 | 2.92229e+00 1.43076e-03 | 1.85562e-01 4.20210e-01 |
   2079 | 2.92372e+00 1.43077e-03 | 1.85562e-01 4.20206e-01 |
   2080 | 2.92515e+00 1.43078e-03 | 1.85562e-01 4.20201e-01 |
   2081 | 2.92658e+00 1.43079e-03 | 1.85563e-01 4.20197e-01 |
   2082 | 2.92801e+00 1.43080e-03 | 1.85563e-01 4.20193e-01 |
   2083 | 2.92944e+00 1.43081e-03 | 1.85563e-01 4.20188e-01 |
   2084 | 2.93087e+00 1.43082e-03 | 1.85563e-01 4.20184e-01 |
   2085 | 2.93230e+00 1.43082e-03 | 1.85564e-01 4.20179e-01 |
   2086 | 2.93373e+00 1.43084e-03 | 1.85564e-01 4.20175e-01 |
   2087 | 2.93516e+00 1.43084e-03 | 1.85564e-01 4.20170e-01 |
   2088 | 2.93660e+00 1.43085e-03 | 1.85564e-01 4.20166e-01 |
   2089 | 2.93803e+00 1.43087e-03 | 1.85565e-01 4.20162e-01 |
   2090 | 2.93946e+00 1.43087e-03 | 1.85565e-01 4.20157e-01 |
   2091 | 2.94089e+00 1.43088e-03 | 1.85565e-01 4.20153e-01 |
   2092 | 2.94232e+00 1.43089e-03 | 1.85565e-01 4.20148e-01 |
   2093 | 2.94375e+00 1.43090e-03 | 1.85566e-01 4.20144e-01 |
   2094 | 2.94518e+00 1.43091e-03 | 1.85566e-01 4.20139e-01 |
   2095 | 2.94661e+00 1.43092e-03 | 1.85566e-01 4.20135e-01 |
   2096 | 2.94804e+00 1.43093e-03 | 1.85566e-01 4.20130e-01 |
   2097 | 2.94947e+00 1.43094e-03 | 1.85567e-01 4.20125e-01 |
   2098 | 2.95090e+00 1.43095e-03 | 1.85567e-01 4.20121e-01 |
   2099 | 2.95234e+00 1.43096e-03 | 1.85567e-01 4.20116e-01 |
   2100 | 2.95377e+00 1.43097e-03 | 1.85567e-01 4.20112e-01 |
   2101 | 2.95520e+00 1.43098e-03 | 1.85568e-01 4.20107e-01 |
   2102 | 2.95663e+00 1.43099e-03 | 1.85568e-01 4.20103e-01 |
   2103 | 2.95806e+00 1.43100e-03 | 1.85568e-01 4.20098e-01 |
   2104 | 2.95949e+00 1.43101e-03 | 1.85568e-01 4.20093e-01 |
   2105 | 2.96092e+00 1.43102e-03 | 1.85569e-01 4.20089e-01 |
   2106 | 2.96235e+00 1.43103e-03 | 1.85569e-01 4.20084e-01 |
   2107 | 2.96378e+00 1.43104e-03 | 1.85569e-01 4.20080e-01 |
   2108 | 2.96521e+00 1.43105e-03 | 1.85569e-01 4.20075e-01 |
   2109 | 2.96665e+00 1.43106e-03 | 1.85570e-01 4.20070e-01 |
   2110 | 2.96808e+00 1.43107e-03 | 1.85570e-01 4.20066e-01 |
   2111 | 2.96951e+00 1.43108e-03 | 1.85570e-01 4.20061e-01 |
   2112 | 2.97094e+00 1.43109e-03 | 1.85570e-01 4.20056e-01 |
   2113 | 2.97237e+00 1.43110e-03 | 1.85571e-01 4.20052e-01 |
   2114 | 2.97380e+00 1.43111e-03 | 1.85571e-01 4.20047e-01 |
   2115 | 2.97412e+00 3.19576e-04 | 1.85571e-01 4.20046e-01 |
   2116 | 2.97555e+00 1.43112e-03 | 1.85571e-01 4.20041e-01 |
   2117 | 2.97698e+00 1.43113e-03 | 1.85571e-01 4.20037e-01 |
   2118 | 2.97841e+00 1.43115e-03 | 1.85572e-01 4.20032e-01 |
   2119 | 2.97985e+00 1.43115e-03 | 1.85572e-01 4.20027e-01 |
   2120 | 2.98128e+00 1.43116e-03 | 1.85572e-01 4.20022e-01 |
   2121 | 2.98271e+00 1.43118e-03 | 1.85572e-01 4.20018e-01 |
   2122 | 2.98414e+00 1.43119e-03 | 1.85573e-01 4.20013e-01 |
   2123 | 2.98557e+00 1.43120e-03 | 1.85573e-01 4.20008e-01 |
   2124 | 2.98700e+00 1.43121e-03 | 1.85573e-01 4.20003e-01 |
   2125 | 2.98843e+00 1.43122e-03 | 1.85573e-01 4.19999e-01 |
   2126 | 2.98986e+00 1.43123e-03 | 1.85574e-01 4.19994e-01 |
   2127 | 2.99129e+00 1.43124e-03 | 1.85574e-01 4.19989e-01 |
   2128 | 2.99273e+00 1.43125e-03 | 1.85574e-01 4.19984e-01 |
   2129 | 2.99416e+00 1.43126e-03 | 1.85574e-01 4.19979e-01 |
   2130 | 2.99559e+00 1.43127e-03 | 1.85575e-01 4.19975e-01 |
   2131 | 2.99702e+00 1.43128e-03 | 1.85575e-01 4.19970e-01 |
   2132 | 2.99845e+00 1.43129e-03 | 1.85575e-01 4.19965e-01 |
   2133 | 2.99988e+00 1.43130e-03 | 1.85575e-01 4.19960e-01 |
   2134 | 3.00131e+00 1.43131e-03 | 1.85576e-01 4.19955e-01 |
   2135 | 3.00275e+00 1.43132e-03 | 1.85576e-01 4.19950e-01 |
   2136 | 3.00418e+00 1.43134e-03 | 1.85576e-01 4.19946e-01 |
   2137 | 3.00561e+00 1.43135e-03 | 1.85576e-01 4.19941e-01 |
   2138 | 3.00704e+00 1.43136e-03 | 1.85577e-01 4.19936e-01 |
   2139 | 3.00847e+00 1.43137e-03 | 1.85577e-01 4.19931e-01 |
   2140 | 3.00990e+00 1.43138e-03 | 1.85577e-01 4.19926e-01 |
   2141 | 3.01133e+00 1.43139e-03 | 1.85577e-01 4.19921e-01 |
   2142 | 3.01276e+00 1.43140e-03 | 1.85578e-01 4.19916e-01 |
   2143 | 3.01420e+00 1.43141e-03 | 1.85578e-01 4.19911e-01 |
   2144 | 3.01563e+00 1.43142e-03 | 1.85578e-01 4.19906e-01 |
   2145 | 3.01706e+00 1.43143e-03 | 1.85578e-01 4.19901e-01 |
   2146 | 3.01849e+00 1.43145e-03 | 1.85579e-01 4.19896e-01 |
   2147 | 3.01992e+00 1.43146e-03 | 1.85579e-01 4.19891e-01 |
   2148 | 3.02135e+00 1.43147e-03 | 1.85579e-01 4.19886e-01 |
   2149 | 3.02278e+00 1.43148e-03 | 1.85579e-01 4.19881e-01 |
   2150 | 3.02422e+00 1.43149e-03 | 1.85580e-01 4.19876e-01 |
   2151 | 3.02565e+00 1.43150e-03 | 1.85580e-01 4.19871e-01 |
   2152 | 3.02708e+00 1.43152e-03 | 1.85580e-01 4.19866e-01 |
   2153 | 3.02851e+00 1.43152e-03 | 1.85580e-01 4.19861e-01 |
   2154 | 3.02994e+00 1.43154e-03 | 1.85581e-01 4.19856e-01 |
   2155 | 3.03137e+00 1.43155e-03 | 1.85581e-01 4.19851e-01 |
   2156 | 3.03281e+00 1.43156e-03 | 1.85581e-01 4.19846e-01 |
   2157 | 3.03424e+00 1.43157e-03 | 1.85581e-01 4.19841e-01 |
   2158 | 3.03567e+00 1.43158e-03 | 1.85582e-01 4.19836e-01 |
   2159 | 3.03710e+00 1.43159e-03 | 1.85582e-01 4.19831e-01 |
   2160 | 3.03740e+00 2.99561e-04 | 1.85582e-01 4.19830e-01 |
   2161 | 3.03883e+00 1.43161e-03 | 1.85582e-01 4.19825e-01 |
   2162 | 3.04026e+00 1.43162e-03 | 1.85582e-01 4.19820e-01 |
   2163 | 3.04169e+00 1.43163e-03 | 1.85583e-01 4.19815e-01 |
   2164 | 3.04313e+00 1.43164e-03 | 1.85583e-01 4.19810e-01 |
   2165 | 3.04456e+00 1.43166e-03 | 1.85583e-01 4.19805e-01 |
   2166 | 3.04599e+00 1.43167e-03 | 1.85583e-01 4.19799e-01 |
   2167 | 3.04742e+00 1.43168e-03 | 1.85584e-01 4.19794e-01 |
   2168 | 3.04885e+00 1.43169e-03 | 1.85584e-01 4.19789e-01 |
   2169 | 3.05028e+00 1.43170e-03 | 1.85584e-01 4.19784e-01 |
   2170 | 3.05172e+00 1.43171e-03 | 1.85584e-01 4.19779e-01 |
   2171 | 3.05315e+00 1.43173e-03 | 1.85585e-01 4.19774e-01 |
   2172 | 3.05458e+00 1.43174e-03 | 1.85585e-01 4.19768e-01 |
   2173 | 3.05601e+00 1.43175e-03 | 1.85585e-01 4.19763e-01 |
   2174 | 3.05744e+00 1.43176e-03 | 1.85585e-01 4.19758e-01 |
   2175 | 3.05888e+00 1.43178e-03 | 1.85586e-01 4.19753e-01 |
   2176 | 3.06031e+00 1.43179e-03 | 1.85586e-01 4.19748e-01 |
   2177 | 3.06174e+00 1.43180e-03 | 1.85586e-01 4.19742e-01 |
   2178 | 3.06317e+00 1.43181e-03 | 1.85586e-01 4.19737e-01 |
   2179 | 3.06460e+00 1.43182e-03 | 1.85587e-01 4.19732e-01 |
   2180 | 3.06603e+00 1.43184e-03 | 1.85587e-01 4.19727e-01 |
   2181 | 3.06747e+00 1.43185e-03 | 1.85587e-01 4.19721e-01 |
   2182 | 3.06890e+00 1.43186e-03 | 1.85587e-01 4.19716e-01 |
   2183 | 3.07033e+00 1.43187e-03 | 1.85588e-01 4.19711e-01 |
   2184 | 3.07176e+00 1.43189e-03 | 1.85588e-01 4.19706e-01 |
   2185 | 3.07319e+00 1.43190e-03 | 1.85588e-01 4.19700e-01 |
   2186 | 3.07463e+00 1.43191e-03 | 1.85588e-01 4.19695e-01 |
   2187 | 3.07606e+00 1.43192e-03 | 1.85589e-01 4.19690e-01 |
   2188 | 3.07749e+00 1.43193e-03 | 1.85589e-01 4.19684e-01 |
   2189 | 3.07892e+00 1.43195e-03 | 1.85589e-01 4.19679e-01 |
   2190 | 3.08035e+00 1.43196e-03 | 1.85589e-01 4.19674e-01 |
   2191 | 3.08179e+00 1.43197e-03 | 1.85590e-01 4.19668e-01 |
   2192 | 3.08322e+00 1.43198e-03 | 1.85590e-01 4.19663e-01 |
   2193 | 3.08465e+00 1.43200e-03 | 1.85590e-01 4.19658e-01 |
   2194 | 3.08608e+00 1.43201e-03 | 1.85590e-01 4.19652e-01 |
   2195 | 3.08751e+00 1.43202e-03 | 1.85591e-01 4.19647e-01 |
   2196 | 3.08895e+00 1.43204e-03 | 1.85591e-01 4.19641e-01 |
   2197 | 3.09038e+00 1.43205e-03 | 1.85591e-01 4.19636e-01 |
   2198 | 3.09181e+00 1.43206e-03 | 1.85591e-01 4.19631e-01 |
   2199 | 3.09324e+00 1.43208e-03 | 1.85592e-01 4.19625e-01 |
   2200 | 3.09467e+00 1.43209e-03 | 1.85592e-01 4.19620e-01 |
   2201 | 3.09611e+00 1.43210e-03 | 1.85592e-01 4.19614e-01 |
   2202 | 3.09754e+00 1.43211e-03 | 1.85592e-01 4.19609e-01 |
   2203 | 3.09897e+00 1.43213e-03 | 1.85593e-01 4.19603e-01 |
   2204 | 3.10040e+00 1.43214e-03 | 1.85593e-01 4.19598e-01 |
   2205 | 3.10068e+00 2.76928e-04 | 1.85593e-01 4.19596e-01 |
   2206 | 3.10211e+00 1.43216e-03 | 1.85593e-01 4.19591e-01 |
   2207 | 3.10354e+00 1.43217e-03 | 1.85593e-01 4.19586e-01 |
   2208 | 3.10498e+00 1.43218e-03 | 1.85594e-01 4.19580e-01 |
   2209 | 3.10641e+00 1.43220e-03 | 1.85594e-01 4.19575e-01 |
   2210 | 3.10784e+00 1.43221e-03 | 1.85594e-01 4.19569e-01 |
   2211 | 3.10927e+00 1.43222e-03 | 1.85594e-01 4.19564e-01 |
   2212 | 3.11070e+00 1.43224e-03 | 1.85595e-01 4.19558e-01 |
   2213 | 3.11214e+00 1.43225e-03 | 1.85595e-01 4.19553e-01 |
   2214 | 3.11357e+00 1.43226e-03 | 1.85595e-01 4.19547e-01 |
   2215 | 3.11500e+00 1.43228e-03 | 1.85595e-01 4.19542e-01 |
   2216 | 3.11643e+00 1.43229e-03 | 1.85596e-01 4.19536e-01 |
   2217 | 3.11787e+00 1.43230e-03 | 1.85596e-01 4.19530e-01 |
   2218 | 3.11930e+00 1.43232e-03 | 1.85596e-01 4.19525e-01 |
   2219 | 3.12073e+00 1.43233e-03 | 1.85596e-01 4.19519e-01 |
   2220 | 3.12216e+00 1.43234e-03 | 1.85597e-01 4.19514e-01 |
   2221 | 3.12360e+00 1.43236e-03 | 1.85597e-01 4.19508e-01 |
   2222 | 3.12503e+00 1.43237e-03 | 1.85597e-01 4.19502e-01 |
   2223 | 3.12646e+00 1.43238e-03 | 1.85597e-01 4.19497e-01 |
   2224 | 3.12789e+00 1.43240e-03 | 1.85598e-01 4.19491e-01 |
   2225 | 3.12932e+00 1.43241e-03 | 1.85598e-01 4.19485e-01 |
   2226 | 3.13076e+00 1.43242e-03 | 1.85598e-01 4.19480e-01 |
   2227 | 3.13219e+00 1.43244e-03 | 1.85598e-01 4.19474e-01 |
   2228 | 3.13362e+00 1.43246e-03 | 1.85598e-01 4.19468e-01 |
   2229 | 3.13505e+00 1.43247e-03 | 1.85599e-01 4.19463e-01 |
   2230 | 3.13649e+00 1.43248e-03 | 1.85599e-01 4.19457e-01 |
   2231 | 3.13792e+00 1.43250e-03 | 1.85599e-01 4.19451e-01 |
   2232 | 3.13935e+00 1.43251e-03 | 1.85599e-01 4.19445e-01 |
   2233 | 3.14078e+00 1.43252e-03 | 1.85600e-01 4.19440e-01 |
   2234 | 3.14222e+00 1.43254e-03 | 1.85600e-01 4.19434e-01 |
   2235 | 3.14365e+00 1.43255e-03 | 1.85600e-01 4.19428e-01 |
   2236 | 3.14508e+00 1.43256e-03 | 1.85600e-01 4.19422e-01 |
   2237 | 3.14651e+00 1.43258e-03 | 1.85601e-01 4.19417e-01 |
   2238 | 3.14795e+00 1.43259e-03 | 1.85601e-01 4.19411e-01 |
   2239 | 3.14938e+00 1.43261e-03 | 1.85601e-01 4.19405e-01 |
   2240 | 3.15081e+00 1.43262e-03 | 1.85601e-01 4.19399e-01 |
   2241 | 3.15225e+00 1.43264e-03 | 1.85602e-01 4.19394e-01 |
   2242 | 3.15368e+00 1.43265e-03 | 1.85602e-01 4.19388e-01 |
   2243 | 3.15511e+00 1.43267e-03 | 1.85602e-01 4.19382e-01 |
   2244 | 3.15654e+00 1.43268e-03 | 1.85602e-01 4.19376e-01 |
   2245 | 3.15798e+00 1.43269e-03 | 1.85603e-01 4.19370e-01 |
   2246 | 3.15941e+00 1.43271e-03 | 1.85603e-01 4.19364e-01 |
   2247 | 3.16084e+00 1.43273e-03 | 1.85603e-01 4.19358e-01 |
   2248 | 3.16227e+00 1.43274e-03 | 1.85603e-01 4.19353e-01 |
   2249 | 3.16371e+00 1.43275e-03 | 1.85604e-01 4.19347e-01 |
   2250 | 3.16396e+00 2.51400e-04 | 1.85604e-01 4.19345e-01 |
   2251 | 3.16539e+00 1.43277e-03 | 1.85604e-01 4.19340e-01 |
   2252 | 3.16682e+00 1.43278e-03 | 1.85604e-01 4.19334e-01 |
   2253 | 3.16826e+00 1.43280e-03 | 1.85604e-01 4.19328e-01 |
   2254 | 3.16969e+00 1.43282e-03 | 1.85605e-01 4.19322e-01 |
   2255 | 3.17112e+00 1.43283e-03 | 1.85605e-01 4.19316e-01 |
   2256 | 3.17255e+00 1.43285e-03 | 1.85605e-01 4.19310e-01 |
   2257 | 3.17399e+00 1.43286e-03 | 1.85605e-01 4.19304e-01 |
   2258 | 3.17542e+00 1.43287e-03 | 1.85606e-01 4.19298e-01 |
   2259 | 3.17685e+00 1.43289e-03 | 1.85606e-01 4.19292e-01 |
   2260 | 3.17829e+00 1.43291e-03 | 1.85606e-01 4.19286e-01 |
   2261 | 3.17972e+00 1.43292e-03 | 1.85606e-01 4.19280e-01 |
   2262 | 3.18115e+00 1.43294e-03 | 1.85607e-01 4.19274e-01 |
   2263 | 3.18259e+00 1.43295e-03 | 1.85607e-01 4.19268e-01 |
   2264 | 3.18402e+00 1.43297e-03 | 1.85607e-01 4.19262e-01 |
   2265 | 3.18545e+00 1.43298e-03 | 1.85607e-01 4.19256e-01 |
   2266 | 3.18688e+00 1.43300e-03 | 1.85607e-01 4.19250e-01 |
   2267 | 3.18832e+00 1.43301e-03 | 1.85608e-01 4.19244e-01 |
   2268 | 3.18975e+00 1.43303e-03 | 1.85608e-01 4.19238e-01 |
   2269 | 3.19118e+00 1.43305e-03 | 1.85608e-01 4.19232e-01 |
   2270 | 3.19262e+00 1.43306e-03 | 1.85608e-01 4.19226e-01 |
   2271 | 3.19405e+00 1.43307e-03 | 1.85609e-01 4.19220e-01 |
   2272 | 3.19548e+00 1.43309e-03 | 1.85609e-01 4.19214e-01 |
   2273 | 3.19692e+00 1.43311e-03 | 1.85609e-01 4.19208e-01 |
   2274 | 3.19835e+00 1.43312e-03 | 1.85609e-01 4.19202e-01 |
   2275 | 3.19978e+00 1.43314e-03 | 1.85610e-01 4.19196e-01 |
   2276 | 3.20122e+00 1.43315e-03 | 1.85610e-01 4.19189e-01 |
   2277 | 3.20265e+00 1.43317e-03 | 1.85610e-01 4.19183e-01 |
   2278 | 3.20408e+00 1.43319e-03 | 1.85610e-01 4.19177e-01 |
   2279 | 3.20551e+00 1.43320e-03 | 1.85611e-01 4.19171e-01 |
   2280 | 3.20695e+00 1.43322e-03 | 1.85611e-01 4.19165e-01 |
   2281 | 3.20838e+00 1.43323e-03 | 1.85611e-01 4.19159e-01 |
   2282 | 3.20981e+00 1.43325e-03 | 1.85611e-01 4.19152e-01 |
   2283 | 3.21125e+00 1.43326e-03 | 1.85612e-01 4.19146e-01 |
   2284 | 3.21268e+00 1.43328e-03 | 1.85612e-01 4.19140e-01 |
   2285 | 3.21411e+00 1.43330e-03 | 1.85612e-01 4.19134e-01 |
   2286 | 3.21555e+00 1.43331e-03 | 1.85612e-01 4.19128e-01 |
   2287 | 3.21698e+00 1.43333e-03 | 1.85613e-01 4.19121e-01 |
   2288 | 3.21841e+00 1.43335e-03 | 1.85613e-01 4.19115e-01 |
   2289 | 3.21985e+00 1.43336e-03 | 1.85613e-01 4.19109e-01 |
   2290 | 3.22128e+00 1.43338e-03 | 1.85613e-01 4.19103e-01 |
   2291 | 3.22271e+00 1.43340e-03 | 1.85613e-01 4.19096e-01 |
   2292 | 3.22415e+00 1.43341e-03 | 1.85614e-01 4.19090e-01 |
   2293 | 3.22558e+00 1.43343e-03 | 1.85614e-01 4.19084e-01 |
   2294 | 3.22701e+00 1.43345e-03 | 1.85614e-01 4.19078e-01 |
   2295 | 3.22724e+00 2.22689e-04 | 1.85614e-01 4.19076e-01 |
   2296 | 3.22867e+00 1.43346e-03 | 1.85614e-01 4.19070e-01 |
   2297 | 3.23010e+00 1.43348e-03 | 1.85615e-01 4.19064e-01 |
   2298 | 3.23154e+00 1.43350e-03 | 1.85615e-01 4.19058e-01 |
   2299 | 3.23297e+00 1.43351e-03 | 1.85615e-01 4.19051e-01 |
   2300 | 3.23440e+00 1.43353e-03 | 1.85615e-01 4.19045e-01 |
   2301 | 3.23584e+00 1.43355e-03 | 1.85616e-01 4.19039e-01 |
   2302 | 3.23727e+00 1.43356e-03 | 1.85616e-01 4.19032e-01 |
   2303 | 3.23871e+00 1.43358e-03 | 1.85616e-01 4.19026e-01 |
   2304 | 3.24014e+00 1.43360e-03 | 1.85616e-01 4.19019e-01 |
   2305 | 3.24157e+00 1.43361e-03 | 1.85617e-01 4.19013e-01 |
   2306 | 3.24301e+00 1.43363e-03 | 1.85617e-01 4.19007e-01 |
   2307 | 3.24444e+00 1.43365e-03 | 1.85617e-01 4.19000e-01 |
   2308 | 3.24587e+00 1.43366e-03 | 1.85617e-01 4.18994e-01 |
   2309 | 3.24731e+00 1.43368e-03 | 1.85617e-01 4.18987e-01 |
   2310 | 3.24874e+00 1.43370e-03 | 1.85618e-01 4.18981e-01 |
   2311 | 3.25017e+00 1.43372e-03 | 1.85618e-01 4.18974e-01 |
   2312 | 3.25161e+00 1.43373e-03 | 1.85618e-01 4.18968e-01 |
   2313 | 3.25304e+00 1.43375e-03 | 1.85618e-01 4.18962e-01 |
   2314 | 3.25448e+00 1.43377e-03 | 1.85619e-01 4.18955e-01 |
   2315 | 3.25591e+00 1.43378e-03 | 1.85619e-01 4.18949e-01 |
   2316 | 3.25734e+00 1.43380e-03 | 1.85619e-01 4.18942e-01 |
   2317 | 3.25878e+00 1.43382e-03 | 1.85619e-01 4.18936e-01 |
   2318 | 3.26021e+00 1.43384e-03 | 1.85620e-01 4.18929e-01 |
   2319 | 3.26165e+00 1.43386e-03 | 1.85620e-01 4.18922e-01 |
   2320 | 3.26308e+00 1.43387e-03 | 1.85620e-01 4.18916e-01 |
   2321 | 3.26451e+00 1.43389e-03 | 1.85620e-01 4.18909e-01 |
   2322 | 3.26595e+00 1.43391e-03 | 1.85621e-01 4.18903e-01 |
   2323 | 3.26738e+00 1.43393e-03 | 1.85621e-01 4.18896e-01 |
   2324 | 3.26881e+00 1.43394e-03 | 1.85621e-01 4.18890e-01 |
   2325 | 3.27025e+00 1.43396e-03 | 1.85621e-01 4.18883e-01 |
   2326 | 3.27168e+00 1.43398e-03 | 1.85621e-01 4.18877e-01 |
   2327 | 3.27312e+00 1.43400e-03 | 1.85622e-01 4.18870e-01 |
   2328 | 3.27455e+00 1.43402e-03 | 1.85622e-01 4.18863e-01 |
   2329 | 3.27598e+00 1.43404e-03 | 1.85622e-01 4.18857e-01 |
   2330 | 3.27742e+00 1.43405e-03 | 1.85622e-01 4.18850e-01 |
   2331 | 3.27885e+00 1.43407e-03 | 1.85623e-01 4.18843e-01 |
   2332 | 3.28029e+00 1.43409e-03 | 1.85623e-01 4.18837e-01 |
   2333 | 3.28172e+00 1.43411e-03 | 1.85623e-01 4.18830e-01 |
   2334 | 3.28316e+00 1.43412e-03 | 1.85623e-01 4.18823e-01 |
   2335 | 3.28459e+00 1.43415e-03 | 1.85624e-01 4.18817e-01 |
   2336 | 3.28602e+00 1.43416e-03 | 1.85624e-01 4.18810e-01 |
   2337 | 3.28746e+00 1.43418e-03 | 1.85624e-01 4.18803e-01 |
   2338 | 3.28889e+00 1.43420e-03 | 1.85624e-01 4.18797e-01 |
   2339 | 3.29033e+00 1.43422e-03 | 1.85624e-01 4.18790e-01 |
   2340 | 3.29052e+00 1.90500e-04 | 1.85624e-01 4.18789e-01 |
   2341 | 3.29195e+00 1.43424e-03 | 1.85625e-01 4.18782e-01 |
   2342 | 3.29338e+00 1.43426e-03 | 1.85625e-01 4.18776e-01 |
   2343 | 3.29482e+00 1.43427e-03 | 1.85625e-01 4.18769e-01 |
   2344 | 3.29625e+00 1.43429e-03 | 1.85625e-01 4.18762e-01 |
   2345 | 3.29769e+00 1.43431e-03 | 1.85626e-01 4.18755e-01 |
   2346 | 3.29912e+00 1.43433e-03 | 1.85626e-01 4.18748e-01 |
   2347 | 3.30056e+00 1.43435e-03 | 1.85626e-01 4.18742e-01 |
   2348 | 3.30199e+00 1.43437e-03 | 1.85626e-01 4.18735e-01 |
   2349 | 3.30343e+00 1.43439e-03 | 1.85627e-01 4.18728e-01 |
   2350 | 3.30486e+00 1.43440e-03 | 1.85627e-01 4.18721e-01 |
   2351 | 3.30629e+00 1.43443e-03 | 1.85627e-01 4.18714e-01 |
   2352 | 3.30773e+00 1.43444e-03 | 1.85627e-01 4.18708e-01 |
   2353 | 3.30916e+00 1.43446e-03 | 1.85628e-01 4.18701e-01 |
   2354 | 3.31060e+00 1.43448e-03 | 1.85628e-01 4.18694e-01 |
   2355 | 3.31203e+00 1.43450e-03 | 1.85628e-01 4.18687e-01 |
   2356 | 3.31347e+00 1.43452e-03 | 1.85628e-01 4.18680e-01 |
   2357 | 3.31490e+00 1.43454e-03 | 1.85628e-01 4.18673e-01 |
   2358 | 3.31634e+00 1.43456e-03 | 1.85629e-01 4.18666e-01 |
   2359 | 3.31777e+00 1.43458e-03 | 1.85629e-01 4.18660e-01 |
   2360 | 3.31920e+00 1.43460e-03 | 1.85629e-01 4.18653e-01 |
   2361 | 3.32064e+00 1.43462e-03 | 1.85629e-01 4.18646e-01 |
   2362 | 3.32207e+00 1.43464e-03 | 1.85630e-01 4.18639e-01 |
   2363 | 3.32351e+00 1.43466e-03 | 1.85630e-01 4.18632e-01 |
   2364 | 3.32494e+00 1.43468e-03 | 1.85630e-01 4.18625e-01 |
   2365 | 3.32638e+00 1.43469e-03 | 1.85630e-01 4.18618e-01 |
   2366 | 3.32781e+00 1.43471e-03 | 1.85631e-01 4.18611e-01 |
   2367 | 3.32925e+00 1.43474e-03 | 1.85631e-01 4.18604e-01 |
   2368 | 3.33068e+00 1.43475e-03 | 1.85631e-01 4.18597e-01 |
   2369 | 3.33212e+00 1.43477e-03 | 1.85631e-01 4.18590e-01 |
   2370 | 3.33355e+00 1.43480e-03 | 1.85631e-01 4.18583e-01 |
   2371 | 3.33499e+00 1.43481e-03 | 1.85632e-01 4.18576e-01 |
   2372 | 3.33642e+00 1.43483e-03 | 1.85632e-01 4.18569e-01 |
   2373 | 3.33786e+00 1.43486e-03 | 1.85632e-01 4.18562e-01 |
   2374 | 3.33929e+00 1.43487e-03 | 1.85632e-01 4.18555e-01 |
   2375 | 3.34073e+00 1.43489e-03 | 1.85633e-01 4.18548e-01 |
   2376 | 3.34216e+00 1.43492e-03 | 1.85633e-01 4.18541e-01 |
   2377 | 3.34360e+00 1.43494e-03 | 1.85633e-01 4.18534e-01 |
   2378 | 3.34503e+00 1.43495e-03 | 1.85633e-01 4.18527e-01 |
   2379 | 3.34647e+00 1.43498e-03 | 1.85634e-01 4.18519e-01 |
   2380 | 3.34790e+00 1.43500e-03 | 1.85634e-01 4.18512e-01 |
   2381 | 3.34934e+00 1.43502e-03 | 1.85634e-01 4.18505e-01 |
   2382 | 3.35077e+00 1.43504e-03 | 1.85634e-01 4.18498e-01 |
   2383 | 3.35221e+00 1.43506e-03 | 1.85634e-01 4.18491e-01 |
   2384 | 3.35364e+00 1.43508e-03 | 1.85635e-01 4.18484e-01 |
   2385 | 3.35380e+00 1.54533e-04 | 1.85635e-01 4.18483e-01 |
   2386 | 3.35523e+00 1.43510e-03 | 1.85635e-01 4.18476e-01 |
   2387 | 3.35667e+00 1.43512e-03 | 1.85635e-01 4.18469e-01 |
   2388 | 3.35810e+00 1.43514e-03 | 1.85635e-01 4.18462e-01 |
   2389 | 3.35954e+00 1.43516e-03 | 1.85636e-01 4.18454e-01 |
   2390 | 3.36097e+00 1.43519e-03 | 1.85636e-01 4.18447e-01 |
   2391 | 3.36241e+00 1.43520e-03 | 1.85636e-01 4.18440e-01 |
   2392 | 3.36384e+00 1.43523e-03 | 1.85636e-01 4.18433e-01 |
   2393 | 3.36528e+00 1.43525e-03 | 1.85637e-01 4.18425e-01 |
   2394 | 3.36671e+00 1.43527e-03 | 1.85637e-01 4.18418e-01 |
   2395 | 3.36815e+00 1.43529e-03 | 1.85637e-01 4.18411e-01 |
   2396 | 3.36958e+00 1.43531e-03 | 1.85637e-01 4.18404e-01 |
   2397 | 3.37102e+00 1.43533e-03 | 1.85637e-01 4.18397e-01 |
   2398 | 3.37245e+00 1.43535e-03 | 1.85638e-01 4.18389e-01 |
   2399 | 3.37389e+00 1.43538e-03 | 1.85638e-01 4.18382e-01 |
   2400 | 3.37532e+00 1.43539e-03 | 1.85638e-01 4.18375e-01 |
   2401 | 3.37676e+00 1.43542e-03 | 1.85638e-01 4.18367e-01 |
   2402 | 3.37820e+00 1.43544e-03 | 1.85639e-01 4.18360e-01 |
   2403 | 3.37963e+00 1.43546e-03 | 1.85639e-01 4.18353e-01 |
   2404 | 3.38107e+00 1.43548e-03 | 1.85639e-01 4.18345e-01 |
   2405 | 3.38250e+00 1.43550e-03 | 1.85639e-01 4.18338e-01 |
   2406 | 3.38394e+00 1.43552e-03 | 1.85639e-01 4.18331e-01 |
   2407 | 3.38537e+00 1.43554e-03 | 1.85640e-01 4.18323e-01 |
   2408 | 3.38681e+00 1.43557e-03 | 1.85640e-01 4.18316e-01 |
   2409 | 3.38824e+00 1.43559e-03 | 1.85640e-01 4.18309e-01 |
   2410 | 3.38968e+00 1.43561e-03 | 1.85640e-01 4.18301e-01 |
   2411 | 3.39112e+00 1.43563e-03 | 1.85641e-01 4.18294e-01 |
   2412 | 3.39255e+00 1.43566e-03 | 1.85641e-01 4.18286e-01 |
   2413 | 3.39399e+00 1.43568e-03 | 1.85641e-01 4.18279e-01 |
   2414 | 3.39542e+00 1.43570e-03 | 1.85641e-01 4.18272e-01 |
   2415 | 3.39686e+00 1.43572e-03 | 1.85642e-01 4.18264e-01 |
   2416 | 3.39829e+00 1.43574e-03 | 1.85642e-01 4.18257e-01 |
   2417 | 3.39973e+00 1.43577e-03 | 1.85642e-01 4.18249e-01 |
   2418 | 3.40117e+00 1.43579e-03 | 1.85642e-01 4.18242e-01 |
   2419 | 3.40260e+00 1.43581e-03 | 1.85642e-01 4.18234e-01 |
   2420 | 3.40404e+00 1.43583e-03 | 1.85643e-01 4.18227e-01 |
   2421 | 3.40547e+00 1.43586e-03 | 1.85643e-01 4.18219e-01 |
   2422 | 3.40691e+00 1.43588e-03 | 1.85643e-01 4.18212e-01 |
   2423 | 3.40834e+00 1.43590e-03 | 1.85643e-01 4.18204e-01 |
   2424 | 3.40978e+00 1.43592e-03 | 1.85644e-01 4.18197e-01 |
   2425 | 3.41122e+00 1.43594e-03 | 1.85644e-01 4.18189e-01 |
   2426 | 3.41265e+00 1.43597e-03 | 1.85644e-01 4.18182e-01 |
   2427 | 3.41409e+00 1.43599e-03 | 1.85644e-01 4.18174e-01 |
   2428 | 3.41552e+00 1.43601e-03 | 1.85645e-01 4.18167e-01 |
   2429 | 3.41696e+00 1.43604e-03 | 1.85645e-01 4.18159e-01 |
   2430 | 3.41707e+00 1.14480e-04 | 1.85645e-01 4.18158e-01 |
   2431 | 3.41851e+00 1.43606e-03 | 1.85645e-01 4.18151e-01 |
   2432 | 3.41995e+00 1.43608e-03 | 1.85645e-01 4.18143e-01 |
   2433 | 3.42138e+00 1.43611e-03 | 1.85645e-01 4.18136e-01 |
   2434 | 3.42282e+00 1.43613e-03 | 1.85646e-01 4.18128e-01 |
   2435 | 3.42426e+00 1.43615e-03 | 1.85646e-01 4.18120e-01 |
   2436 | 3.42569e+00 1.43617e-03 | 1.85646e-01 4.18113e-01 |
   2437 | 3.42713e+00 1.43620e-03 | 1.85646e-01 4.18105e-01 |
   2438 | 3.42856e+00 1.43622e-03 | 1.85647e-01 4.18097e-01 |
   2439 | 3.43000e+00 1.43624e-03 | 1.85647e-01 4.18090e-01 |
   2440 | 3.43144e+00 1.43627e-03 | 1.85647e-01 4.18082e-01 |
   2441 | 3.43287e+00 1.43629e-03 | 1.85647e-01 4.18074e-01 |
   2442 | 3.43431e+00 1.43631e-03 | 1.85648e-01 4.18067e-01 |
   2443 | 3.43575e+00 1.43634e-03 | 1.85648e-01 4.18059e-01 |
   2444 | 3.43718e+00 1.43636e-03 | 1.85648e-01 4.18051e-01 |
   2445 | 3.43862e+00 1.43639e-03 | 1.85648e-01 4.18044e-01 |
   2446 | 3.44005e+00 1.43641e-03 | 1.85648e-01 4.18036e-01 |
   2447 | 3.44149e+00 1.43644e-03 | 1.85649e-01 4.18028e-01 |
   2448 | 3.44293e+00 1.43646e-03 | 1.85649e-01 4.18020e-01 |
   2449 | 3.44436e+00 1.43648e-03 | 1.85649e-01 4.18013e-01 |
   2450 | 3.44580e+00 1.43651e-03 | 1.85649e-01 4.18005e-01 |
   2451 | 3.44724e+00 1.43653e-03 | 1.85650e-01 4.17997e-01 |
   2452 | 3.44867e+00 1.43655e-03 | 1.85650e-01 4.17989e-01 |
   2453 | 3.45011e+00 1.43658e-03 | 1.85650e-01 4.17982e-01 |
   2454 | 3.45155e+00 1.43660e-03 | 1.85650e-01 4.17974e-01 |
   2455 | 3.45298e+00 1.43663e-03 | 1.85651e-01 4.17966e-01 |
   2456 | 3.45442e+00 1.43665e-03 | 1.85651e-01 4.17958e-01 |
   2457 | 3.45586e+00 1.43667e-03 | 1.85651e-01 4.17950e-01 |
   2458 | 3.45729e+00 1.43670e-03 | 1.85651e-01 4.17942e-01 |
   2459 | 3.45873e+00 1.43673e-03 | 1.85651e-01 4.17935e-01 |
   2460 | 3.46017e+00 1.43675e-03 | 1.85652e-01 4.17927e-01 |
   2461 | 3.46160e+00 1.43677e-03 | 1.85652e-01 4.17919e-01 |
   2462 | 3.46304e+00 1.43680e-03 | 1.85652e-01 4.17911e-01 |
   2463 | 3.46448e+00 1.43682e-03 | 1.85652e-01 4.17903e-01 |
   2464 | 3.46591e+00 1.43685e-03 | 1.85653e-01 4.17895e-01 |
   2465 | 3.46735e+00 1.43687e-03 | 1.85653e-01 4.17887e-01 |
   2466 | 3.46879e+00 1.43690e-03 | 1.85653e-01 4.17879e-01 |
   2467 | 3.47022e+00 1.43692e-03 | 1.85653e-01 4.17871e-01 |
   2468 | 3.47166e+00 1.43695e-03 | 1.85654e-01 4.17863e-01 |
   2469 | 3.47310e+00 1.43697e-03 | 1.85654e-01 4.17855e-01 |
   2470 | 3.47454e+00 1.43699e-03 | 1.85654e-01 4.17847e-01 |
   2471 | 3.47597e+00 1.43702e-03 | 1.85654e-01 4.17839e-01 |
   2472 | 3.47741e+00 1.43705e-03 | 1.85655e-01 4.17831e-01 |
   2473 | 3.47885e+00 1.43707e-03 | 1.85655e-01 4.17823e-01 |
   2474 | 3.48028e+00 1.43710e-03 | 1.85655e-01 4.17815e-01 |
   2475 | 3.48035e+00 7.00525e-05 | 1.85655e-01 4.17815e-01 |
   2476 | 3.48179e+00 1.43712e-03 | 1.85655e-01 4.17807e-01 |
   2477 | 3.48323e+00 1.43715e-03 | 1.85655e-01 4.17799e-01 |
   2478 | 3.48467e+00 1.43717e-03 | 1.85656e-01 4.17791e-01 |
   2479 | 3.48610e+00 1.43720e-03 | 1.85656e-01 4.17783e-01 |
   2480 | 3.48754e+00 1.43722e-03 | 1.85656e-01 4.17775e-01 |
   2481 | 3.48898e+00 1.43725e-03 | 1.85656e-01 4.17767e-01 |
   2482 | 3.49041e+00 1.43728e-03 | 1.85657e-01 4.17759e-01 |
   2483 | 3.49185e+00 1.43730e-03 | 1.85657e-01 4.17751e-01 |
   2484 | 3.49329e+00 1.43733e-03 | 1.85657e-01 4.17743e-01 |
   2485 | 3.49473e+00 1.43736e-03 | 1.85657e-01 4.17734e-01 |
   2486 | 3.49616e+00 1.43738e-03 | 1.85658e-01 4.17726e-01 |
   2487 | 3.49760e+00 1.43740e-03 | 1.85658e-01 4.17718e-01 |
   2488 | 3.49904e+00 1.43743e-03 | 1.85658e-01 4.17710e-01 |
   2489 | 3.50048e+00 1.43746e-03 | 1.85658e-01 4.17702e-01 |
   2490 | 3.50191e+00 1.43748e-03 | 1.85659e-01 4.17694e-01 |
   2491 | 3.50335e+00 1.43751e-03 | 1.85659e-01 4.17686e-01 |
   2492 | 3.50479e+00 1.43754e-03 | 1.85659e-01 4.17677e-01 |
   2493 | 3.50623e+00 1.43756e-03 | 1.85659e-01 4.17669e-01 |
   2494 | 3.50766e+00 1.43759e-03 | 1.85660e-01 4.17661e-01 |
   2495 | 3.50910e+00 1.43761e-03 | 1.85660e-01 4.17653e-01 |
   2496 | 3.51054e+00 1.43764e-03 | 1.85660e-01 4.17645e-01 |
   2497 | 3.51198e+00 1.43767e-03 | 1.85660e-01 4.17636e-01 |
   2498 | 3.51341e+00 1.43769e-03 | 1.85661e-01 4.17628e-01 |
   2499 | 3.51485e+00 1.43772e-03 | 1.85661e-01 4.17620e-01 |
   2500 | 3.51629e+00 1.43775e-03 | 1.85661e-01 4.17612e-01 |
   2501 | 3.51773e+00 1.43777e-03 | 1.85661e-01 4.17604e-01 |
   2502 | 3.51917e+00 1.43780e-03 | 1.85662e-01 4.17595e-01 |
   2503 | 3.52060e+00 1.43783e-03 | 1.85662e-01 4.17587e-01 |
   2504 | 3.52204e+00 1.43786e-03 | 1.85662e-01 4.17579e-01 |
   2505 | 3.52348e+00 1.43788e-03 | 1.85662e-01 4.17570e-01 |
   2506 | 3.52492e+00 1.43791e-03 | 1.85663e-01 4.17562e-01 |
   2507 | 3.52635e+00 1.43794e-03 | 1.85663e-01 4.17554e-01 |
   2508 | 3.52779e+00 1.43796e-03 | 1.85663e-01 4.17545e-01 |
   2509 | 3.52923e+00 1.43799e-03 | 1.85663e-01 4.17537e-01 |
   2510 | 3.53067e+00 1.43802e-03 | 1.85663e-01 4.17529e-01 |
   2511 | 3.53211e+00 1.43804e-03 | 1.85664e-01 4.17520e-01 |
   2512 | 3.53354e+00 1.43807e-03 | 1.85664e-01 4.17512e-01 |
   2513 | 3.53498e+00 1.43810e-03 | 1.85664e-01 4.17504e-01 |
   2514 | 3.53642e+00 1.43813e-03 | 1.85664e-01 4.17495e-01 |
   2515 | 3.53786e+00 1.43815e-03 | 1.85665e-01 4.17487e-01 |
   2516 | 3.53930e+00 1.43819e-03 | 1.85665e-01 4.17478e-01 |
   2517 | 3.54074e+00 1.43821e-03 | 1.85665e-01 4.17470e-01 |
   2518 | 3.54217e+00 1.43824e-03 | 1.85665e-01 4.17462e-01 |
   2519 | 3.54361e+00 1.43827e-03 | 1.85666e-01 4.17453e-01 |
   2520 | 3.54363e+00 2.09765e-05 | 1.85666e-01 4.17453e-01 |
   2521 | 3.54507e+00 1.43829e-03 | 1.85666e-01 4.17445e-01 |
   2522 | 3.54651e+00 1.43832e-03 | 1.85666e-01 4.17436e-01 |
   2523 | 3.54795e+00 1.43835e-03 | 1.85667e-01 4.17428e-01 |
   2524 | 3.54939e+00 1.43838e-03 | 1.85667e-01 4.17419e-01 |
   2525 | 3.55082e+00 1.43841e-03 | 1.85667e-01 4.17411e-01 |
   2526 | 3.55226e+00 1.43844e-03 | 1.85667e-01 4.17402e-01 |
   2527 | 3.55370e+00 1.43846e-03 | 1.85668e-01 4.17394e-01 |
   2528 | 3.55514e+00 1.43849e-03 | 1.85668e-01 4.17385e-01 |
   2529 | 3.55658e+00 1.43852e-03 | 1.85668e-01 4.17377e-01 |
   2530 | 3.55802e+00 1.43855e-03 | 1.85668e-01 4.17368e-01 |
   2531 | 3.55946e+00 1.43857e-03 | 1.85669e-01 4.17360e-01 |
   2532 | 3.56089e+00 1.43861e-03 | 1.85669e-01 4.17351e-01 |
   2533 | 3.56233e+00 1.43863e-03 | 1.85669e-01 4.17342e-01 |
   2534 | 3.56377e+00 1.43866e-03 | 1.85669e-01 4.17334e-01 |
   2535 | 3.56521e+00 1.43869e-03 | 1.85670e-01 4.17325e-01 |
   2536 | 3.56665e+00 1.43872e-03 | 1.85670e-01 4.17317e-01 |
   2537 | 3.56809e+00 1.43875e-03 | 1.85670e-01 4.17308e-01 |
   2538 | 3.56953e+00 1.43878e-03 | 1.85670e-01 4.17299e-01 |
   2539 | 3.57097e+00 1.43881e-03 | 1.85671e-01 4.17291e-01 |
   2540 | 3.57240e+00 1.43883e-03 | 1.85671e-01 4.17282e-01 |
   2541 | 3.57384e+00 1.43886e-03 | 1.85671e-01 4.17274e-01 |
   2542 | 3.57528e+00 1.43889e-03 | 1.85671e-01 4.17265e-01 |
   2543 | 3.57672e+00 1.43892e-03 | 1.85672e-01 4.17256e-01 |
   2544 | 3.57816e+00 1.43895e-03 | 1.85672e-01 4.17248e-01 |
   2545 | 3.57960e+00 1.43898e-03 | 1.85672e-01 4.17239e-01 |
   2546 | 3.58104e+00 1.43901e-03 | 1.85672e-01 4.17230e-01 |
   2547 | 3.58248e+00 1.43904e-03 | 1.85673e-01 4.17221e-01 |
   2548 | 3.58392e+00 1.43907e-03 | 1.85673e-01 4.17213e-01 |
   2549 | 3.58536e+00 1.43910e-03 | 1.85673e-01 4.17204e-01 |
   2550 | 3.58679e+00 1.43913e-03 | 1.85674e-01 4.17195e-01 |
   2551 | 3.58823e+00 1.43916e-03 | 1.85674e-01 4.17187e-01 |
   2552 | 3.58967e+00 1.43919e-03 | 1.85674e-01 4.17178e-01 |
   2553 | 3.59111e+00 1.43922e-03 | 1.85674e-01 4.17169e-01 |
   2554 | 3.59255e+00 1.43925e-03 | 1.85675e-01 4.17160e-01 |
   2555 | 3.59399e+00 1.43928e-03 | 1.85675e-01 4.17151e-01 |
   2556 | 3.59543e+00 1.43931e-03 | 1.85675e-01 4.17143e-01 |
   2557 | 3.59687e+00 1.43934e-03 | 1.85675e-01 4.17134e-01 |
   2558 | 3.59831e+00 1.43937e-03 | 1.85676e-01 4.17125e-01 |
   2559 | 3.59975e+00 1.43940e-03 | 1.85676e-01 4.17116e-01 |
   2560 | 3.60119e+00 1.43943e-03 | 1.85676e-01 4.17107e-01 |
   2561 | 3.60263e+00 1.43946e-03 | 1.85677e-01 4.17099e-01 |
   2562 | 3.60407e+00 1.43949e-03 | 1.85677e-01 4.17090e-01 |
   2563 | 3.60551e+00 1.43952e-03 | 1.85677e-01 4.17081e-01 |
   2564 | 3.60691e+00 1.40654e-03 | 1.85677e-01 4.17072e-01 |
   2565 | 3.60835e+00 1.43958e-03 | 1.85678e-01 4.17063e-01 |
   2566 | 3.60979e+00 1.43961e-03 | 1.85678e-01 4.17054e-01 |
   2567 | 3.61123e+00 1.43964e-03 | 1.85678e-01 4.17045e-01 |
   2568 | 3.61267e+00 1.43967e-03 | 1.85678e-01 4.17037e-01 |
   2569 | 3.61411e+00 1.43970e-03 | 1.85679e-01 4.17028e-01 |
   2570 | 3.61555e+00 1.43973e-03 | 1.85679e-01 4.17019e-01 |
   2571 | 3.61699e+00 1.43976e-03 | 1.85679e-01 4.17010e-01 |
   2572 | 3.61843e+00 1.43979e-03 | 1.85680e-01 4.17001e-01 |
   2573 | 3.61987e+00 1.43983e-03 | 1.85680e-01 4.16992e-01 |
   2574 | 3.62131e+00 1.43986e-03 | 1.85680e-01 4.16983e-01 |
   2575 | 3.62275e+00 1.43989e-03 | 1.85680e-01 4.16974e-01 |
   2576 | 3.62419e+00 1.43992e-03 | 1.85681e-01 4.16965e-01 |
   2577 | 3.62563e+00 1.43995e-03 | 1.85681e-01 4.16956e-01 |
   2578 | 3.62707e+00 1.43998e-03 | 1.85681e-01 4.16947e-01 |
   2579 | 3.62851e+00 1.44002e-03 | 1.85682e-01 4.16938e-01 |
   2580 | 3.62995e+00 1.44004e-03 | 1.85682e-01 4.16929e-01 |
   2581 | 3.63139e+00 1.44008e-03 | 1.85682e-01 4.16920e-01 |
   2582 | 3.63283e+00 1.44011e-03 | 1.85682e-01 4.16911e-01 |
   2583 | 3.63427e+00 1.44014e-03 | 1.85683e-01 4.16902e-01 |
   2584 | 3.63571e+00 1.44017e-03 | 1.85683e-01 4.16893e-01 |
   2585 | 3.63715e+00 1.44021e-03 | 1.85683e-01 4.16883e-01 |
   2586 | 3.63859e+00 1.44024e-03 | 1.85684e-01 4.16874e-01 |
   2587 | 3.64003e+00 1.44027e-03 | 1.85684e-01 4.16865e-01 |
   2588 | 3.64147e+00 1.44030e-03 | 1.85684e-01 4.16856e-01 |
   2589 | 3.64291e+00 1.44033e-03 | 1.85685e-01 4.16847e-01 |
   2590 | 3.64435e+00 1.44036e-03 | 1.85685e-01 4.16838e-01 |
   2591 | 3.64579e+00 1.44040e-03 | 1.85685e-01 4.16829e-01 |
   2592 | 3.64723e+00 1.44043e-03 | 1.85685e-01 4.16820e-01 |
   2593 | 3.64867e+00 1.44046e-03 | 1.85686e-01 4.16810e-01 |
   2594 | 3.65011e+00 1.44049e-03 | 1.85686e-01 4.16801e-01 |
   2595 | 3.65155e+00 1.44053e-03 | 1.85686e-01 4.16792e-01 |
   2596 | 3.65299e+00 1.44056e-03 | 1.85687e-01 4.16783e-01 |
   2597 | 3.65443e+00 1.44059e-03 | 1.85687e-01 4.16774e-01 |
   2598 | 3.65588e+00 1.44062e-03 | 1.85687e-01 4.16764e-01 |
   2599 | 3.65732e+00 1.44065e-03 | 1.85688e-01 4.16755e-01 |
   2600 | 3.65876e+00 1.44069e-03 | 1.85688e-01 4.16746e-01 |
   2601 | 3.66020e+00 1.44072e-03 | 1.85688e-01 4.16737e-01 |
   2602 | 3.66164e+00 1.44075e-03 | 1.85688e-01 4.16727e-01 |
   2603 | 3.66308e+00 1.44079e-03 | 1.85689e-01 4.16718e-01 |
   2604 | 3.66452e+00 1.44082e-03 | 1.85689e-01 4.16709e-01 |
   2605 | 3.66596e+00 1.44085e-03 | 1.85689e-01 4.16700e-01 |
   2606 | 3.66740e+00 1.44089e-03 | 1.85690e-01 4.16690e-01 |
   2607 | 3.66884e+00 1.44092e-03 | 1.85690e-01 4.16681e-01 |
   2608 | 3.67019e+00 1.34883e-03 | 1.85690e-01 4.16672e-01 |
   2609 | 3.67163e+00 1.44098e-03 | 1.85691e-01 4.16663e-01 |
   2610 | 3.67307e+00 1.44102e-03 | 1.85691e-01 4.16654e-01 |
   2611 | 3.67451e+00 1.44105e-03 | 1.85691e-01 4.16644e-01 |
   2612 | 3.67596e+00 1.44108e-03 | 1.85692e-01 4.16635e-01 |
   2613 | 3.67740e+00 1.44112e-03 | 1.85692e-01 4.16626e-01 |
   2614 | 3.67884e+00 1.44115e-03 | 1.85692e-01 4.16616e-01 |
   2615 | 3.68028e+00 1.44118e-03 | 1.85693e-01 4.16607e-01 |
   2616 | 3.68172e+00 1.44122e-03 | 1.85693e-01 4.16597e-01 |
   2617 | 3.68316e+00 1.44125e-03 | 1.85693e-01 4.16588e-01 |
   2618 | 3.68460e+00 1.44128e-03 | 1.85694e-01 4.16579e-01 |
   2619 | 3.68604e+00 1.44132e-03 | 1.85694e-01 4.16569e-01 |
   2620 | 3.68749e+00 1.44135e-03 | 1.85694e-01 4.16560e-01 |
   2621 | 3.68893e+00 1.44139e-03 | 1.85695e-01 4.16550e-01 |
   2622 | 3.69037e+00 1.44142e-03 | 1.85695e-01 4.16541e-01 |
   2623 | 3.69181e+00 1.44146e-03 | 1.85695e-01 4.16531e-01 |
   2624 | 3.69325e+00 1.44149e-03 | 1.85696e-01 4.16522e-01 |
   2625 | 3.69469e+00 1.44153e-03 | 1.85696e-01 4.16512e-01 |
   2626 | 3.69613e+00 1.44156e-03 | 1.85696e-01 4.16503e-01 |
   2627 | 3.69758e+00 1.44159e-03 | 1.85697e-01 4.16493e-01 |
   2628 | 3.69902e+00 1.44163e-03 | 1.85697e-01 4.16484e-01 |
   2629 | 3.70046e+00 1.44167e-03 | 1.85697e-01 4.16474e-01 |
   2630 | 3.70190e+00 1.44170e-03 | 1.85698e-01 4.16465e-01 |
   2631 | 3.70334e+00 1.44173e-03 | 1.85698e-01 4.16455e-01 |
   2632 | 3.70478e+00 1.44177e-03 | 1.85698e-01 4.16446e-01 |
   2633 | 3.70623e+00 1.44180e-03 | 1.85699e-01 4.16436e-01 |
   2634 | 3.70767e+00 1.44184e-03 | 1.85699e-01 4.16427e-01 |
   2635 | 3.70911e+00 1.44188e-03 | 1.85699e-01 4.16417e-01 |
   2636 | 3.71055e+00 1.44191e-03 | 1.85700e-01 4.16407e-01 |
   2637 | 3.71199e+00 1.44194e-03 | 1.85700e-01 4.16398e-01 |
   2638 | 3.71344e+00 1.44198e-03 | 1.85700e-01 4.16388e-01 |
   2639 | 3.71488e+00 1.44201e-03 | 1.85701e-01 4.16379e-01 |
   2640 | 3.71632e+00 1.44205e-03 | 1.85701e-01 4.16369e-01 |
   2641 | 3.71776e+00 1.44209e-03 | 1.85701e-01 4.16359e-01 |
   2642 | 3.71920e+00 1.44212e-03 | 1.85702e-01 4.16350e-01 |
   2643 | 3.72065e+00 1.44215e-03 | 1.85702e-01 4.16340e-01 |
   2644 | 3.72209e+00 1.44219e-03 | 1.85702e-01 4.16330e-01 |
   2645 | 3.72353e+00 1.44223e-03 | 1.85703e-01 4.16321e-01 |
   2646 | 3.72497e+00 1.44226e-03 | 1.85703e-01 4.16311e-01 |
   2647 | 3.72642e+00 1.44230e-03 | 1.85704e-01 4.16301e-01 |
   2648 | 3.72786e+00 1.44233e-03 | 1.85704e-01 4.16292e-01 |
   2649 | 3.72930e+00 1.44237e-03 | 1.85704e-01 4.16282e-01 |
   2650 | 3.73074e+00 1.44241e-03 | 1.85705e-01 4.16272e-01 |
   2651 | 3.73218e+00 1.44244e-03 | 1.85705e-01 4.16262e-01 |
   2652 | 3.73347e+00 1.28592e-03 | 1.85705e-01 4.16254e-01 |
   2653 | 3.73491e+00 1.44251e-03 | 1.85706e-01 4.16244e-01 |
   2654 | 3.73636e+00 1.44255e-03 | 1.85706e-01 4.16234e-01 |
   2655 | 3.73780e+00 1.44258e-03 | 1.85706e-01 4.16224e-01 |
   2656 | 3.73924e+00 1.44262e-03 | 1.85707e-01 4.16214e-01 |
   2657 | 3.74068e+00 1.44266e-03 | 1.85707e-01 4.16205e-01 |
   2658 | 3.74213e+00 1.44269e-03 | 1.85708e-01 4.16195e-01 |
   2659 | 3.74357e+00 1.44273e-03 | 1.85708e-01 4.16185e-01 |
   2660 | 3.74501e+00 1.44277e-03 | 1.85708e-01 4.16175e-01 |
   2661 | 3.74645e+00 1.44280e-03 | 1.85709e-01 4.16165e-01 |
   2662 | 3.74790e+00 1.44284e-03 | 1.85709e-01 4.16155e-01 |
   2663 | 3.74934e+00 1.44288e-03 | 1.85710e-01 4.16146e-01 |
   2664 | 3.75078e+00 1.44291e-03 | 1.85710e-01 4.16136e-01 |
   2665 | 3.75223e+00 1.44295e-03 | 1.85710e-01 4.16126e-01 |
   2666 | 3.75367e+00 1.44299e-03 | 1.85711e-01 4.16116e-01 |
   2667 | 3.75511e+00 1.44302e-03 | 1.85711e-01 4.16106e-01 |
   2668 | 3.75656e+00 1.44306e-03 | 1.85711e-01 4.16096e-01 |
   2669 | 3.75800e+00 1.44310e-03 | 1.85712e-01 4.16086e-01 |
   2670 | 3.75944e+00 1.44314e-03 | 1.85712e-01 4.16076e-01 |
   2671 | 3.76088e+00 1.44317e-03 | 1.85713e-01 4.16066e-01 |
   2672 | 3.76233e+00 1.44321e-03 | 1.85713e-01 4.16056e-01 |
   2673 | 3.76377e+00 1.44325e-03 | 1.85713e-01 4.16046e-01 |
   2674 | 3.76521e+00 1.44328e-03 | 1.85714e-01 4.16036e-01 |
   2675 | 3.76666e+00 1.44332e-03 | 1.85714e-01 4.16026e-01 |
   2676 | 3.76810e+00 1.44336e-03 | 1.85715e-01 4.16016e-01 |
   2677 | 3.76954e+00 1.44340e-03 | 1.85715e-01 4.16006e-01 |
   2678 | 3.77099e+00 1.44344e-03 | 1.85716e-01 4.15996e-01 |
   2679 | 3.77243e+00 1.44348e-03 | 1.85716e-01 4.15986e-01 |
   2680 | 3.77387e+00 1.44351e-03 | 1.85716e-01 4.15976e-01 |
   2681 | 3.77532e+00 1.44355e-03 | 1.85717e-01 4.15966e-01 |
   2682 | 3.77676e+00 1.44359e-03 | 1.85717e-01 4.15956e-01 |
   2683 | 3.77821e+00 1.44363e-03 | 1.85718e-01 4.15946e-01 |
   2684 | 3.77965e+00 1.44366e-03 | 1.85718e-01 4.15936e-01 |
   2685 | 3.78109e+00 1.44371e-03 | 1.85718e-01 4.15926e-01 |
   2686 | 3.78254e+00 1.44374e-03 | 1.85719e-01 4.15916e-01 |
   2687 | 3.78398e+00 1.44378e-03 | 1.85719e-01 4.15906e-01 |
   2688 | 3.78542e+00 1.44382e-03 | 1.85720e-01 4.15896e-01 |
   2689 | 3.78687e+00 1.44386e-03 | 1.85720e-01 4.15885e-01 |
   2690 | 3.78831e+00 1.44389e-03 | 1.85721e-01 4.15875e-01 |
   2691 | 3.78976e+00 1.44394e-03 | 1.85721e-01 4.15865e-01 |
   2692 | 3.79120e+00 1.44397e-03 | 1.85721e-01 4.15855e-01 |
   2693 | 3.79264e+00 1.44401e-03 | 1.85722e-01 4.15845e-01 |
   2694 | 3.79409e+00 1.44405e-03 | 1.85722e-01 4.15835e-01 |
   2695 | 3.79553e+00 1.44409e-03 | 1.85723e-01 4.15824e-01 |
   2696 | 3.79675e+00 1.21767e-03 | 1.85723e-01 4.15816e-01 |
   2697 | 3.79819e+00 1.44416e-03 | 1.85724e-01 4.15806e-01 |
   2698 | 3.79964e+00 1.44420e-03 | 1.85724e-01 4.15795e-01 |
   2699 | 3.80108e+00 1.44424e-03 | 1.85724e-01 4.15785e-01 |
   2700 | 3.80253e+00 1.44428e-03 | 1.85725e-01 4.15775e-01 |
   2701 | 3.80397e+00 1.44432e-03 | 1.85725e-01 4.15765e-01 |
   2702 | 3.80542e+00 1.44436e-03 | 1.85726e-01 4.15754e-01 |
   2703 | 3.80686e+00 1.44440e-03 | 1.85726e-01 4.15744e-01 |
   2704 | 3.80830e+00 1.44444e-03 | 1.85727e-01 4.15734e-01 |
   2705 | 3.80975e+00 1.44448e-03 | 1.85727e-01 4.15724e-01 |
   2706 | 3.81119e+00 1.44452e-03 | 1.85728e-01 4.15713e-01 |
   2707 | 3.81264e+00 1.44456e-03 | 1.85728e-01 4.15703e-01 |
   2708 | 3.81408e+00 1.44460e-03 | 1.85729e-01 4.15693e-01 |
   2709 | 3.81553e+00 1.44464e-03 | 1.85729e-01 4.15682e-01 |
   2710 | 3.81697e+00 1.44468e-03 | 1.85730e-01 4.15672e-01 |
   2711 | 3.81842e+00 1.44472e-03 | 1.85730e-01 4.15662e-01 |
   2712 | 3.81986e+00 1.44476e-03 | 1.85730e-01 4.15651e-01 |
   2713 | 3.82131e+00 1.44480e-03 | 1.85731e-01 4.15641e-01 |
   2714 | 3.82275e+00 1.44484e-03 | 1.85731e-01 4.15630e-01 |
   2715 | 3.82420e+00 1.44488e-03 | 1.85732e-01 4.15620e-01 |
   2716 | 3.82564e+00 1.44492e-03 | 1.85732e-01 4.15610e-01 |
   2717 | 3.82709e+00 1.44496e-03 | 1.85733e-01 4.15599e-01 |
   2718 | 3.82853e+00 1.44500e-03 | 1.85733e-01 4.15589e-01 |
   2719 | 3.82998e+00 1.44504e-03 | 1.85734e-01 4.15578e-01 |
   2720 | 3.83142e+00 1.44508e-03 | 1.85734e-01 4.15568e-01 |
   2721 | 3.83287e+00 1.44512e-03 | 1.85735e-01 4.15557e-01 |
   2722 | 3.83431e+00 1.44516e-03 | 1.85735e-01 4.15547e-01 |
   2723 | 3.83576e+00 1.44520e-03 | 1.85736e-01 4.15536e-01 |
   2724 | 3.83720e+00 1.44524e-03 | 1.85736e-01 4.15526e-01 |
   2725 | 3.83865e+00 1.44529e-03 | 1.85737e-01 4.15515e-01 |
   2726 | 3.84009e+00 1.44533e-03 | 1.85737e-01 4.15505e-01 |
   2727 | 3.84154e+00 1.44536e-03 | 1.85738e-01 4.15494e-01 |
   2728 | 3.84298e+00 1.44541e-03 | 1.85738e-01 4.15484e-01 |
   2729 | 3.84443e+00 1.44545e-03 | 1.85739e-01 4.15473e-01 |
   2730 | 3.84587e+00 1.44549e-03 | 1.85739e-01 4.15463e-01 |
   2731 | 3.84732e+00 1.44553e-03 | 1.85740e-01 4.15452e-01 |
   2732 | 3.84876e+00 1.44557e-03 | 1.85740e-01 4.15442e-01 |
   2733 | 3.85021e+00 1.44561e-03 | 1.85741e-01 4.15431e-01 |
   2734 | 3.85166e+00 1.44566e-03 | 1.85741e-01 4.15421e-01 |
   2735 | 3.85310e+00 1.44570e-03 | 1.85742e-01 4.15410e-01 |
   2736 | 3.85455e+00 1.44574e-03 | 1.85742e-01 4.15399e-01 |
   2737 | 3.85599e+00 1.44578e-03 | 1.85743e-01 4.15389e-01 |
   2738 | 3.85744e+00 1.44582e-03 | 1.85743e-01 4.15378e-01 |
   2739 | 3.85888e+00 1.44586e-03 | 1.85744e-01 4.15367e-01 |
   2740 | 3.86003e+00 1.14400e-03 | 1.85744e-01 4.15359e-01 |
   2741 | 3.86147e+00 1.44594e-03 | 1.85745e-01 4.15348e-01 |
   2742 | 3.86292e+00 1.44598e-03 | 1.85746e-01 4.15338e-01 |
   2743 | 3.86437e+00 1.44602e-03 | 1.85746e-01 4.15327e-01 |
   2744 | 3.86581e+00 1.44607e-03 | 1.85747e-01 4.15316e-01 |
   2745 | 3.86726e+00 1.44611e-03 | 1.85747e-01 4.15306e-01 |
   2746 | 3.86871e+00 1.44615e-03 | 1.85748e-01 4.15295e-01 |
   2747 | 3.87015e+00 1.44620e-03 | 1.85748e-01 4.15284e-01 |
   2748 | 3.87160e+00 1.44624e-03 | 1.85749e-01 4.15273e-01 |
   2749 | 3.87304e+00 1.44628e-03 | 1.85749e-01 4.15263e-01 |
   2750 | 3.87449e+00 1.44632e-03 | 1.85750e-01 4.15252e-01 |
   2751 | 3.87594e+00 1.44636e-03 | 1.85750e-01 4.15241e-01 |
   2752 | 3.87738e+00 1.44641e-03 | 1.85751e-01 4.15230e-01 |
   2753 | 3.87883e+00 1.44645e-03 | 1.85752e-01 4.15220e-01 |
   2754 | 3.88028e+00 1.44649e-03 | 1.85752e-01 4.15209e-01 |
   2755 | 3.88172e+00 1.44653e-03 | 1.85753e-01 4.15198e-01 |
   2756 | 3.88317e+00 1.44658e-03 | 1.85753e-01 4.15187e-01 |
   2757 | 3.88462e+00 1.44662e-03 | 1.85754e-01 4.15176e-01 |
   2758 | 3.88606e+00 1.44666e-03 | 1.85754e-01 4.15166e-01 |
   2759 | 3.88751e+00 1.44671e-03 | 1.85755e-01 4.15155e-01 |
   2760 | 3.88896e+00 1.44675e-03 | 1.85756e-01 4.15144e-01 |
   2761 | 3.89040e+00 1.44679e-03 | 1.85756e-01 4.15133e-01 |
   2762 | 3.89185e+00 1.44684e-03 | 1.85757e-01 4.15122e-01 |
   2763 | 3.89330e+00 1.44688e-03 | 1.85757e-01 4.15111e-01 |
   2764 | 3.89474e+00 1.44692e-03 | 1.85758e-01 4.15100e-01 |
   2765 | 3.89619e+00 1.44697e-03 | 1.85759e-01 4.15089e-01 |
   2766 | 3.89764e+00 1.44702e-03 | 1.85759e-01 4.15078e-01 |
   2767 | 3.89908e+00 1.44706e-03 | 1.85760e-01 4.15068e-01 |
   2768 | 3.90053e+00 1.44710e-03 | 1.85760e-01 4.15057e-01 |
   2769 | 3.90198e+00 1.44715e-03 | 1.85761e-01 4.15046e-01 |
   2770 | 3.90343e+00 1.44719e-03 | 1.85762e-01 4.15035e-01 |
   2771 | 3.90487e+00 1.44723e-03 | 1.85762e-01 4.15024e-01 |
   2772 | 3.90632e+00 1.44728e-03 | 1.85763e-01 4.15013e-01 |
   2773 | 3.90777e+00 1.44732e-03 | 1.85763e-01 4.15002e-01 |
   2774 | 3.90921e+00 1.44736e-03 | 1.85764e-01 4.14991e-01 |
   2775 | 3.91066e+00 1.44741e-03 | 1.85765e-01 4.14980e-01 |
   2776 | 3.91211e+00 1.44745e-03 | 1.85765e-01 4.14969e-01 |
   2777 | 3.91356e+00 1.44750e-03 | 1.85766e-01 4.14958e-01 |
   2778 | 3.91500e+00 1.44755e-03 | 1.85767e-01 4.14947e-01 |
   2779 | 3.91645e+00 1.44759e-03 | 1.85767e-01 4.14936e-01 |
   2780 | 3.91790e+00 1.44763e-03 | 1.85768e-01 4.14925e-01 |
   2781 | 3.91935e+00 1.44768e-03 | 1.85768e-01 4.14913e-01 |
   2782 | 3.92080e+00 1.44772e-03 | 1.85769e-01 4.14902e-01 |
   2783 | 3.92224e+00 1.44777e-03 | 1.85770e-01 4.14891e-01 |
   2784 | 3.92331e+00 1.06486e-03 | 1.85770e-01 4.14883e-01 |
   2785 | 3.92476e+00 1.44785e-03 | 1.85771e-01 4.14872e-01 |
   2786 | 3.92620e+00 1.44789e-03 | 1.85771e-01 4.14861e-01 |
   2787 | 3.92765e+00 1.44794e-03 | 1.85772e-01 4.14850e-01 |
   2788 | 3.92910e+00 1.44798e-03 | 1.85773e-01 4.14839e-01 |
   2789 | 3.93055e+00 1.44803e-03 | 1.85773e-01 4.14827e-01 |
   2790 | 3.93200e+00 1.44807e-03 | 1.85774e-01 4.14816e-01 |
   2791 | 3.93344e+00 1.44812e-03 | 1.85775e-01 4.14805e-01 |
   2792 | 3.93489e+00 1.44816e-03 | 1.85775e-01 4.14794e-01 |
   2793 | 3.93634e+00 1.44821e-03 | 1.85776e-01 4.14783e-01 |
   2794 | 3.93779e+00 1.44826e-03 | 1.85777e-01 4.14772e-01 |
   2795 | 3.93924e+00 1.44830e-03 | 1.85777e-01 4.14760e-01 |
   2796 | 3.94069e+00 1.44834e-03 | 1.85778e-01 4.14749e-01 |
   2797 | 3.94213e+00 1.44839e-03 | 1.85779e-01 4.14738e-01 |
   2798 | 3.94358e+00 1.44844e-03 | 1.85779e-01 4.14727e-01 |
   2799 | 3.94503e+00 1.44848e-03 | 1.85780e-01 4.14715e-01 |
   2800 | 3.94648e+00 1.44853e-03 | 1.85781e-01 4.14704e-01 |
   2801 | 3.94793e+00 1.44857e-03 | 1.85782e-01 4.14693e-01 |
   2802 | 3.94938e+00 1.44862e-03 | 1.85782e-01 4.14682e-01 |
   2803 | 3.95082e+00 1.44867e-03 | 1.85783e-01 4.14670e-01 |
   2804 | 3.95227e+00 1.44871e-03 | 1.85784e-01 4.14659e-01 |
   2805 | 3.95372e+00 1.44876e-03 | 1.85784e-01 4.14648e-01 |
   2806 | 3.95517e+00 1.44881e-03 | 1.85785e-01 4.14636e-01 |
   2807 | 3.95662e+00 1.44885e-03 | 1.85786e-01 4.14625e-01 |
   2808 | 3.95807e+00 1.44890e-03 | 1.85786e-01 4.14614e-01 |
   2809 | 3.95952e+00 1.44895e-03 | 1.85787e-01 4.14602e-01 |
   2810 | 3.96097e+00 1.44899e-03 | 1.85788e-01 4.14591e-01 |
   2811 | 3.96242e+00 1.44904e-03 | 1.85789e-01 4.14580e-01 |
   2812 | 3.96387e+00 1.44909e-03 | 1.85789e-01 4.14568e-01 |
   2813 | 3.96531e+00 1.44913e-03 | 1.85790e-01 4.14557e-01 |
   2814 | 3.96676e+00 1.44918e-03 | 1.85791e-01 4.14545e-01 |
   2815 | 3.96821e+00 1.44923e-03 | 1.85792e-01 4.14534e-01 |
   2816 | 3.96966e+00 1.44928e-03 | 1.85792e-01 4.14523e-01 |
   2817 | 3.97111e+00 1.44932e-03 | 1.85793e-01 4.14511e-01 |
   2818 | 3.97256e+00 1.44937e-03 | 1.85794e-01 4.14500e-01 |
   2819 | 3.97401e+00 1.44942e-03 | 1.85795e-01 4.14488e-01 |
   2820 | 3.97546e+00 1.44946e-03 | 1.85795e-01 4.14477e-01 |
   2821 | 3.97691e+00 1.44951e-03 | 1.85796e-01 4.14465e-01 |
   2822 | 3.97836e+00 1.44956e-03 | 1.85797e-01 4.14454e-01 |
   2823 | 3.97981e+00 1.44960e-03 | 1.85798e-01 4.14442e-01 |
   2824 | 3.98126e+00 1.44965e-03 | 1.85798e-01 4.14431e-01 |
   2825 | 3.98271e+00 1.44970e-03 | 1.85799e-01 4.14419e-01 |
   2826 | 3.98416e+00 1.44975e-03 | 1.85800e-01 4.14408e-01 |
   2827 | 3.98561e+00 1.44980e-03 | 1.85801e-01 4.14396e-01 |
   2828 | 3.98659e+00 9.80268e-04 | 1.85801e-01 4.14388e-01 |
   2829 | 3.98804e+00 1.44988e-03 | 1.85802e-01 4.14377e-01 |
   2830 | 3.98949e+00 1.44992e-03 | 1.85803e-01 4.14365e-01 |
   2831 | 3.99094e+00 1.44997e-03 | 1.85804e-01 4.14354e-01 |
   2832 | 3.99239e+00 1.45002e-03 | 1.85804e-01 4.14342e-01 |
   2833 | 3.99384e+00 1.45007e-03 | 1.85805e-01 4.14330e-01 |
   2834 | 3.99529e+00 1.45012e-03 | 1.85806e-01 4.14319e-01 |
   2835 | 3.99674e+00 1.45017e-03 | 1.85807e-01 4.14307e-01 |
   2836 | 3.99819e+00 1.45021e-03 | 1.85808e-01 4.14296e-01 |
   2837 | 3.99964e+00 1.45026e-03 | 1.85808e-01 4.14284e-01 |
   2838 | 4.00109e+00 1.45031e-03 | 1.85809e-01 4.14272e-01 |
   2839 | 4.00254e+00 1.45036e-03 | 1.85810e-01 4.14261e-01 |
   2840 | 4.00399e+00 1.45041e-03 | 1.85811e-01 4.14249e-01 |
   2841 | 4.00544e+00 1.45046e-03 | 1.85812e-01 4.14237e-01 |
   2842 | 4.00689e+00 1.45050e-03 | 1.85812e-01 4.14226e-01 |
   2843 | 4.00834e+00 1.45055e-03 | 1.85813e-01 4.14214e-01 |
   2844 | 4.00979e+00 1.45061e-03 | 1.85814e-01 4.14202e-01 |
   2845 | 4.01124e+00 1.45065e-03 | 1.85815e-01 4.14191e-01 |
   2846 | 4.01269e+00 1.45070e-03 | 1.85816e-01 4.14179e-01 |
   2847 | 4.01414e+00 1.45075e-03 | 1.85817e-01 4.14167e-01 |
   2848 | 4.01559e+00 1.45080e-03 | 1.85817e-01 4.14155e-01 |
   2849 | 4.01704e+00 1.45085e-03 | 1.85818e-01 4.14144e-01 |
   2850 | 4.01850e+00 1.45090e-03 | 1.85819e-01 4.14132e-01 |
   2851 | 4.01995e+00 1.45095e-03 | 1.85820e-01 4.14120e-01 |
   2852 | 4.02140e+00 1.45100e-03 | 1.85821e-01 4.14108e-01 |
   2853 | 4.02285e+00 1.45105e-03 | 1.85822e-01 4.14096e-01 |
   2854 | 4.02430e+00 1.45110e-03 | 1.85823e-01 4.14085e-01 |
   2855 | 4.02575e+00 1.45114e-03 | 1.85823e-01 4.14073e-01 |
   2856 | 4.02720e+00 1.45120e-03 | 1.85824e-01 4.14061e-01 |
   2857 | 4.02865e+00 1.45125e-03 | 1.85825e-01 4.14049e-01 |
   2858 | 4.03010e+00 1.45129e-03 | 1.85826e-01 4.14037e-01 |
   2859 | 4.03156e+00 1.45135e-03 | 1.85827e-01 4.14025e-01 |
   2860 | 4.03301e+00 1.45140e-03 | 1.85828e-01 4.14014e-01 |
   2861 | 4.03446e+00 1.45144e-03 | 1.85829e-01 4.14002e-01 |
   2862 | 4.03591e+00 1.45150e-03 | 1.85830e-01 4.13990e-01 |
   2863 | 4.03736e+00 1.45155e-03 | 1.85831e-01 4.13978e-01 |
   2864 | 4.03881e+00 1.45159e-03 | 1.85831e-01 4.13966e-01 |
   2865 | 4.04027e+00 1.45165e-03 | 1.85832e-01 4.13954e-01 |
   2866 | 4.04172e+00 1.45170e-03 | 1.85833e-01 4.13942e-01 |
   2867 | 4.04317e+00 1.45175e-03 | 1.85834e-01 4.13930e-01 |
   2868 | 4.04462e+00 1.45180e-03 | 1.85835e-01 4.13918e-01 |
   2869 | 4.04607e+00 1.45185e-03 | 1.85836e-01 4.13906e-01 |
   2870 | 4.04752e+00 1.45190e-03 | 1.85837e-01 4.13894e-01 |
   2871 | 4.04898e+00 1.45195e-03 | 1.85838e-01 4.13882e-01 |
   2872 | 4.04987e+00 8.90303e-04 | 1.85838e-01 4.13875e-01 |
   2873 | 4.05132e+00 1.45203e-03 | 1.85839e-01 4.13863e-01 |
   2874 | 4.05277e+00 1.45208e-03 | 1.85840e-01 4.13851e-01 |
   2875 | 4.05422e+00 1.45214e-03 | 1.85841e-01 4.13839e-01 |
   2876 | 4.05567e+00 1.45218e-03 | 1.85842e-01 4.13827e-01 |
   2877 | 4.05713e+00 1.45223e-03 | 1.85843e-01 4.13815e-01 |
   2878 | 4.05858e+00 1.45229e-03 | 1.85844e-01 4.13803e-01 |
   2879 | 4.06003e+00 1.45234e-03 | 1.85845e-01 4.13791e-01 |
   2880 | 4.06148e+00 1.45239e-03 | 1.85846e-01 4.13779e-01 |
   2881 | 4.06294e+00 1.45244e-03 | 1.85847e-01 4.13767e-01 |
   2882 | 4.06439e+00 1.45249e-03 | 1.85848e-01 4.13755e-01 |
   2883 | 4.06584e+00 1.45254e-03 | 1.85849e-01 4.13743e-01 |
   2884 | 4.06729e+00 1.45260e-03 | 1.85850e-01 4.13730e-01 |
   2885 | 4.06875e+00 1.45265e-03 | 1.85851e-01 4.13718e-01 |
   2886 | 4.07020e+00 1.45270e-03 | 1.85852e-01 4.13706e-01 |
   2887 | 4.07165e+00 1.45275e-03 | 1.85853e-01 4.13694e-01 |
   2888 | 4.07311e+00 1.45280e-03 | 1.85854e-01 4.13682e-01 |
   2889 | 4.07456e+00 1.45285e-03 | 1.85855e-01 4.13670e-01 |
   2890 | 4.07601e+00 1.45291e-03 | 1.85856e-01 4.13658e-01 |
   2891 | 4.07746e+00 1.45296e-03 | 1.85857e-01 4.13645e-01 |
   2892 | 4.07892e+00 1.45301e-03 | 1.85858e-01 4.13633e-01 |
   2893 | 4.08037e+00 1.45306e-03 | 1.85859e-01 4.13621e-01 |
   2894 | 4.08182e+00 1.45312e-03 | 1.85860e-01 4.13609e-01 |
   2895 | 4.08328e+00 1.45316e-03 | 1.85861e-01 4.13597e-01 |
   2896 | 4.08473e+00 1.45322e-03 | 1.85862e-01 4.13584e-01 |
   2897 | 4.08618e+00 1.45327e-03 | 1.85863e-01 4.13572e-01 |
   2898 | 4.08764e+00 1.45332e-03 | 1.85864e-01 4.13560e-01 |
   2899 | 4.08909e+00 1.45337e-03 | 1.85865e-01 4.13548e-01 |
   2900 | 4.09054e+00 1.45343e-03 | 1.85866e-01 4.13535e-01 |
   2901 | 4.09200e+00 1.45348e-03 | 1.85867e-01 4.13523e-01 |
   2902 | 4.09345e+00 1.45353e-03 | 1.85868e-01 4.13511e-01 |
   2903 | 4.09490e+00 1.45359e-03 | 1.85869e-01 4.13499e-01 |
   2904 | 4.09636e+00 1.45364e-03 | 1.85870e-01 4.13486e-01 |
   2905 | 4.09781e+00 1.45369e-03 | 1.85871e-01 4.13474e-01 |
   2906 | 4.09926e+00 1.45375e-03 | 1.85872e-01 4.13462e-01 |
   2907 | 4.10072e+00 1.45380e-03 | 1.85874e-01 4.13449e-01 |
   2908 | 4.10217e+00 1.45385e-03 | 1.85875e-01 4.13437e-01 |
   2909 | 4.10363e+00 1.45391e-03 | 1.85876e-01 4.13425e-01 |
   2910 | 4.10508e+00 1.45396e-03 | 1.85877e-01 4.13412e-01 |
   2911 | 4.10653e+00 1.45401e-03 | 1.85878e-01 4.13400e-01 |
   2912 | 4.10799e+00 1.45406e-03 | 1.85879e-01 4.13388e-01 |
   2913 | 4.10944e+00 1.45412e-03 | 1.85880e-01 4.13375e-01 |
   2914 | 4.11090e+00 1.45417e-03 | 1.85881e-01 4.13363e-01 |
   2915 | 4.11235e+00 1.45422e-03 | 1.85882e-01 4.13350e-01 |
   2916 | 4.11315e+00 7.95080e-04 | 1.85883e-01 4.13343e-01 |
   2917 | 4.11460e+00 1.45430e-03 | 1.85884e-01 4.13331e-01 |
   2918 | 4.11605e+00 1.45436e-03 | 1.85885e-01 4.13319e-01 |
   2919 | 4.11751e+00 1.45442e-03 | 1.85886e-01 4.13306e-01 |
   2920 | 4.11896e+00 1.45447e-03 | 1.85887e-01 4.13294e-01 |
   2921 | 4.12042e+00 1.45452e-03 | 1.85888e-01 4.13281e-01 |
   2922 | 4.12187e+00 1.45458e-03 | 1.85890e-01 4.13269e-01 |
   2923 | 4.12333e+00 1.45463e-03 | 1.85891e-01 4.13256e-01 |
   2924 | 4.12478e+00 1.45468e-03 | 1.85892e-01 4.13244e-01 |
   2925 | 4.12624e+00 1.45474e-03 | 1.85893e-01 4.13231e-01 |
   2926 | 4.12769e+00 1.45479e-03 | 1.85894e-01 4.13219e-01 |
   2927 | 4.12915e+00 1.45484e-03 | 1.85895e-01 4.13206e-01 |
   2928 | 4.13060e+00 1.45490e-03 | 1.85897e-01 4.13194e-01 |
   2929 | 4.13206e+00 1.45495e-03 | 1.85898e-01 4.13181e-01 |
   2930 | 4.13351e+00 1.45501e-03 | 1.85899e-01 4.13169e-01 |
   2931 | 4.13497e+00 1.45506e-03 | 1.85900e-01 4.13156e-01 |
   2932 | 4.13642e+00 1.45512e-03 | 1.85901e-01 4.13144e-01 |
   2933 | 4.13788e+00 1.45517e-03 | 1.85902e-01 4.13131e-01 |
   2934 | 4.13933e+00 1.45523e-03 | 1.85904e-01 4.13119e-01 |
   2935 | 4.14079e+00 1.45528e-03 | 1.85905e-01 4.13106e-01 |
   2936 | 4.14224e+00 1.45533e-03 | 1.85906e-01 4.13093e-01 |
   2937 | 4.14370e+00 1.45539e-03 | 1.85907e-01 4.13081e-01 |
   2938 | 4.14515e+00 1.45545e-03 | 1.85908e-01 4.13068e-01 |
   2939 | 4.14661e+00 1.45550e-03 | 1.85910e-01 4.13055e-01 |
   2940 | 4.14806e+00 1.45556e-03 | 1.85911e-01 4.13043e-01 |
   2941 | 4.14952e+00 1.45561e-03 | 1.85912e-01 4.13030e-01 |
   2942 | 4.15098e+00 1.45566e-03 | 1.85913e-01 4.13018e-01 |
   2943 | 4.15243e+00 1.45572e-03 | 1.85914e-01 4.13005e-01 |
   2944 | 4.15389e+00 1.45578e-03 | 1.85916e-01 4.12992e-01 |
   2945 | 4.15534e+00 1.45583e-03 | 1.85917e-01 4.12980e-01 |
   2946 | 4.15680e+00 1.45589e-03 | 1.85918e-01 4.12967e-01 |
   2947 | 4.15825e+00 1.45594e-03 | 1.85919e-01 4.12954e-01 |
   2948 | 4.15971e+00 1.45600e-03 | 1.85921e-01 4.12941e-01 |
   2949 | 4.16117e+00 1.45605e-03 | 1.85922e-01 4.12929e-01 |
   2950 | 4.16262e+00 1.45611e-03 | 1.85923e-01 4.12916e-01 |
   2951 | 4.16408e+00 1.45616e-03 | 1.85924e-01 4.12903e-01 |
   2952 | 4.16553e+00 1.45622e-03 | 1.85926e-01 4.12890e-01 |
   2953 | 4.16699e+00 1.45628e-03 | 1.85927e-01 4.12878e-01 |
   2954 | 4.16845e+00 1.45633e-03 | 1.85928e-01 4.12865e-01 |
   2955 | 4.16990e+00 1.45639e-03 | 1.85930e-01 4.12852e-01 |
   2956 | 4.17136e+00 1.45645e-03 | 1.85931e-01 4.12839e-01 |
   2957 | 4.17282e+00 1.45650e-03 | 1.85932e-01 4.12827e-01 |
   2958 | 4.17427e+00 1.45656e-03 | 1.85933e-01 4.12814e-01 |
   2959 | 4.17573e+00 1.45662e-03 | 1.85935e-01 4.12801e-01 |
   2960 | 4.17642e+00 6.94776e-04 | 1.85935e-01 4.12794e-01 |
   2961 | 4.17788e+00 1.45669e-03 | 1.85937e-01 4.12782e-01 |
   2962 | 4.17934e+00 1.45675e-03 | 1.85938e-01 4.12769e-01 |
   2963 | 4.18079e+00 1.45681e-03 | 1.85939e-01 4.12756e-01 |
   2964 | 4.18225e+00 1.45686e-03 | 1.85941e-01 4.12743e-01 |
   2965 | 4.18371e+00 1.45692e-03 | 1.85942e-01 4.12731e-01 |
   2966 | 4.18517e+00 1.45698e-03 | 1.85943e-01 4.12718e-01 |
   2967 | 4.18662e+00 1.45703e-03 | 1.85945e-01 4.12705e-01 |
   2968 | 4.18808e+00 1.45709e-03 | 1.85946e-01 4.12692e-01 |
   2969 | 4.18954e+00 1.45715e-03 | 1.85947e-01 4.12679e-01 |
   2970 | 4.19099e+00 1.45720e-03 | 1.85949e-01 4.12666e-01 |
   2971 | 4.19245e+00 1.45726e-03 | 1.85950e-01 4.12653e-01 |
   2972 | 4.19391e+00 1.45732e-03 | 1.85951e-01 4.12640e-01 |
   2973 | 4.19537e+00 1.45737e-03 | 1.85953e-01 4.12627e-01 |
   2974 | 4.19682e+00 1.45743e-03 | 1.85954e-01 4.12614e-01 |
   2975 | 4.19828e+00 1.45749e-03 | 1.85956e-01 4.12601e-01 |
   2976 | 4.19974e+00 1.45755e-03 | 1.85957e-01 4.12588e-01 |
   2977 | 4.20120e+00 1.45760e-03 | 1.85958e-01 4.12575e-01 |
   2978 | 4.20265e+00 1.45767e-03 | 1.85960e-01 4.12562e-01 |
   2979 | 4.20411e+00 1.45772e-03 | 1.85961e-01 4.12549e-01 |
   2980 | 4.20557e+00 1.45778e-03 | 1.85963e-01 4.12536e-01 |
   2981 | 4.20703e+00 1.45784e-03 | 1.85964e-01 4.12523e-01 |
   2982 | 4.20849e+00 1.45789e-03 | 1.85965e-01 4.12510e-01 |
   2983 | 4.20994e+00 1.45795e-03 | 1.85967e-01 4.12497e-01 |
   2984 | 4.21140e+00 1.45801e-03 | 1.85968e-01 4.12484e-01 |
   2985 | 4.21286e+00 1.45806e-03 | 1.85970e-01 4.12471e-01 |
   2986 | 4.21432e+00 1.45812e-03 | 1.85971e-01 4.12458e-01 |
   2987 | 4.21578e+00 1.45818e-03 | 1.85973e-01 4.12445e-01 |
   2988 | 4.21723e+00 1.45824e-03 | 1.85974e-01 4.12432e-01 |
   2989 | 4.21869e+00 1.45829e-03 | 1.85975e-01 4.12419e-01 |
   2990 | 4.22015e+00 1.45836e-03 | 1.85977e-01 4.12406e-01 |
   2991 | 4.22161e+00 1.45841e-03 | 1.85978e-01 4.12393e-01 |
   2992 | 4.22307e+00 1.45847e-03 | 1.85980e-01 4.12380e-01 |
   2993 | 4.22453e+00 1.45853e-03 | 1.85981e-01 4.12367e-01 |
   2994 | 4.22598e+00 1.45859e-03 | 1.85983e-01 4.12354e-01 |
   2995 | 4.22744e+00 1.45864e-03 | 1.85984e-01 4.12340e-01 |
   2996 | 4.22890e+00 1.45870e-03 | 1.85986e-01 4.12327e-01 |
   2997 | 4.23036e+00 1.45876e-03 | 1.85987e-01 4.12314e-01 |
   2998 | 4.23182e+00 1.45882e-03 | 1.85989e-01 4.12301e-01 |
   2999 | 4.23328e+00 1.45888e-03 | 1.85990e-01 4.12288e-01 |
   3000 | 4.23474e+00 1.45894e-03 | 1.85992e-01 4.12275e-01 |
   3001 | 4.23620e+00 1.45899e-03 | 1.85993e-01 4.12261e-01 |
   3002 | 4.23766e+00 1.45906e-03 | 1.85995e-01 4.12248e-01 |
   3003 | 4.23911e+00 1.45911e-03 | 1.85996e-01 4.12235e-01 |
   3004 | 4.23970e+00 5.89613e-04 | 1.85997e-01 4.12229e-01 |
   3005 | 4.24116e+00 1.45919e-03 | 1.85998e-01 4.12217e-01 |
   3006 | 4.24262e+00 1.45926e-03 | 1.86000e-01 4.12203e-01 |
   3007 | 4.24408e+00 1.45931e-03 | 1.86002e-01 4.12190e-01 |
   3008 | 4.24554e+00 1.45937e-03 | 1.86003e-01 4.12177e-01 |
   3009 | 4.24700e+00 1.45943e-03 | 1.86005e-01 4.12164e-01 |
   3010 | 4.24846e+00 1.45949e-03 | 1.86006e-01 4.12150e-01 |
   3011 | 4.24992e+00 1.45955e-03 | 1.86008e-01 4.12137e-01 |
   3012 | 4.25138e+00 1.45961e-03 | 1.86009e-01 4.12124e-01 |
   3013 | 4.25284e+00 1.45967e-03 | 1.86011e-01 4.12111e-01 |
   3014 | 4.25430e+00 1.45973e-03 | 1.86012e-01 4.12097e-01 |
   3015 | 4.25576e+00 1.45979e-03 | 1.86014e-01 4.12084e-01 |
   3016 | 4.25722e+00 1.45985e-03 | 1.86016e-01 4.12071e-01 |
   3017 | 4.25868e+00 1.45991e-03 | 1.86017e-01 4.12057e-01 |
   3018 | 4.26014e+00 1.45997e-03 | 1.86019e-01 4.12044e-01 |
   3019 | 4.26160e+00 1.46003e-03 | 1.86020e-01 4.12031e-01 |
   3020 | 4.26306e+00 1.46008e-03 | 1.86022e-01 4.12017e-01 |
   3021 | 4.26452e+00 1.46015e-03 | 1.86024e-01 4.12004e-01 |
   3022 | 4.26598e+00 1.46021e-03 | 1.86025e-01 4.11991e-01 |
   3023 | 4.26744e+00 1.46026e-03 | 1.86027e-01 4.11977e-01 |
   3024 | 4.26890e+00 1.46032e-03 | 1.86029e-01 4.11964e-01 |
   3025 | 4.27036e+00 1.46039e-03 | 1.86030e-01 4.11950e-01 |
   3026 | 4.27182e+00 1.46044e-03 | 1.86032e-01 4.11937e-01 |
   3027 | 4.27328e+00 1.46050e-03 | 1.86034e-01 4.11924e-01 |
   3028 | 4.27474e+00 1.46057e-03 | 1.86035e-01 4.11910e-01 |
   3029 | 4.27620e+00 1.46062e-03 | 1.86037e-01 4.11897e-01 |
   3030 | 4.27766e+00 1.46069e-03 | 1.86038e-01 4.11883e-01 |
   3031 | 4.27912e+00 1.46075e-03 | 1.86040e-01 4.11870e-01 |
   3032 | 4.28058e+00 1.46080e-03 | 1.86042e-01 4.11857e-01 |
   3033 | 4.28204e+00 1.46087e-03 | 1.86044e-01 4.11843e-01 |
   3034 | 4.28351e+00 1.46093e-03 | 1.86045e-01 4.11830e-01 |
   3035 | 4.28497e+00 1.46099e-03 | 1.86047e-01 4.11816e-01 |
   3036 | 4.28643e+00 1.46105e-03 | 1.86049e-01 4.11803e-01 |
   3037 | 4.28789e+00 1.46111e-03 | 1.86050e-01 4.11789e-01 |
   3038 | 4.28935e+00 1.46117e-03 | 1.86052e-01 4.11776e-01 |
   3039 | 4.29081e+00 1.46123e-03 | 1.86054e-01 4.11762e-01 |
   3040 | 4.29227e+00 1.46129e-03 | 1.86055e-01 4.11749e-01 |
   3041 | 4.29373e+00 1.46135e-03 | 1.86057e-01 4.11735e-01 |
   3042 | 4.29520e+00 1.46141e-03 | 1.86059e-01 4.11722e-01 |
   3043 | 4.29666e+00 1.46148e-03 | 1.86061e-01 4.11708e-01 |
   3044 | 4.29812e+00 1.46153e-03 | 1.86062e-01 4.11695e-01 |
   3045 | 4.29958e+00 1.46159e-03 | 1.86064e-01 4.11681e-01 |
   3046 | 4.30104e+00 1.46166e-03 | 1.86066e-01 4.11668e-01 |
   3047 | 4.30250e+00 1.46172e-03 | 1.86068e-01 4.11654e-01 |
   3048 | 4.30298e+00 4.79842e-04 | 1.86068e-01 4.11649e-01 |
   3049 | 4.30444e+00 1.46180e-03 | 1.86070e-01 4.11636e-01 |
   3050 | 4.30591e+00 1.46186e-03 | 1.86072e-01 4.11623e-01 |
   3051 | 4.30737e+00 1.46192e-03 | 1.86074e-01 4.11609e-01 |
   3052 | 4.30883e+00 1.46198e-03 | 1.86075e-01 4.11595e-01 |
   3053 | 4.31029e+00 1.46205e-03 | 1.86077e-01 4.11582e-01 |
   3054 | 4.31175e+00 1.46211e-03 | 1.86079e-01 4.11568e-01 |
   3055 | 4.31322e+00 1.46217e-03 | 1.86081e-01 4.11555e-01 |
   3056 | 4.31468e+00 1.46223e-03 | 1.86083e-01 4.11541e-01 |
   3057 | 4.31614e+00 1.46229e-03 | 1.86084e-01 4.11527e-01 |
   3058 | 4.31760e+00 1.46235e-03 | 1.86086e-01 4.11514e-01 |
   3059 | 4.31907e+00 1.46242e-03 | 1.86088e-01 4.11500e-01 |
   3060 | 4.32053e+00 1.46248e-03 | 1.86090e-01 4.11486e-01 |
   3061 | 4.32199e+00 1.46254e-03 | 1.86092e-01 4.11473e-01 |
   3062 | 4.32345e+00 1.46260e-03 | 1.86094e-01 4.11459e-01 |
   3063 | 4.32492e+00 1.46266e-03 | 1.86095e-01 4.11445e-01 |
   3064 | 4.32638e+00 1.46272e-03 | 1.86097e-01 4.11432e-01 |
   3065 | 4.32784e+00 1.46279e-03 | 1.86099e-01 4.11418e-01 |
   3066 | 4.32930e+00 1.46285e-03 | 1.86101e-01 4.11404e-01 |
   3067 | 4.33077e+00 1.46291e-03 | 1.86103e-01 4.11391e-01 |
   3068 | 4.33223e+00 1.46298e-03 | 1.86105e-01 4.11377e-01 |
   3069 | 4.33369e+00 1.46304e-03 | 1.86107e-01 4.11363e-01 |
   3070 | 4.33516e+00 1.46310e-03 | 1.86109e-01 4.11350e-01 |
   3071 | 4.33662e+00 1.46316e-03 | 1.86111e-01 4.11336e-01 |
   3072 | 4.33808e+00 1.46322e-03 | 1.86112e-01 4.11322e-01 |
   3073 | 4.33955e+00 1.46328e-03 | 1.86114e-01 4.11308e-01 |
   3074 | 4.34101e+00 1.46335e-03 | 1.86116e-01 4.11295e-01 |
   3075 | 4.34247e+00 1.46341e-03 | 1.86118e-01 4.11281e-01 |
   3076 | 4.34394e+00 1.46347e-03 | 1.86120e-01 4.11267e-01 |
   3077 | 4.34540e+00 1.46354e-03 | 1.86122e-01 4.11253e-01 |
   3078 | 4.34686e+00 1.46360e-03 | 1.86124e-01 4.11240e-01 |
   3079 | 4.34833e+00 1.46366e-03 | 1.86126e-01 4.11226e-01 |
   3080 | 4.34979e+00 1.46373e-03 | 1.86128e-01 4.11212e-01 |
   3081 | 4.35126e+00 1.46379e-03 | 1.86130e-01 4.11198e-01 |
   3082 | 4.35272e+00 1.46385e-03 | 1.86132e-01 4.11184e-01 |
   3083 | 4.35418e+00 1.46391e-03 | 1.86134e-01 4.11171e-01 |
   3084 | 4.35565e+00 1.46398e-03 | 1.86136e-01 4.11157e-01 |
   3085 | 4.35711e+00 1.46404e-03 | 1.86138e-01 4.11143e-01 |
   3086 | 4.35857e+00 1.46410e-03 | 1.86140e-01 4.11129e-01 |
   3087 | 4.36004e+00 1.46417e-03 | 1.86142e-01 4.11115e-01 |
   3088 | 4.36150e+00 1.46423e-03 | 1.86144e-01 4.11101e-01 |
   3089 | 4.36297e+00 1.46429e-03 | 1.86146e-01 4.11088e-01 |
   3090 | 4.36443e+00 1.46436e-03 | 1.86148e-01 4.11074e-01 |
   3091 | 4.36590e+00 1.46442e-03 | 1.86150e-01 4.11060e-01 |
   3092 | 4.36626e+00 3.65753e-04 | 1.86150e-01 4.11056e-01 |
   3093 | 4.36773e+00 1.46450e-03 | 1.86152e-01 4.11043e-01 |
   3094 | 4.36919e+00 1.46456e-03 | 1.86154e-01 4.11029e-01 |
   3095 | 4.37066e+00 1.46463e-03 | 1.86157e-01 4.11015e-01 |
   3096 | 4.37212e+00 1.46469e-03 | 1.86159e-01 4.11001e-01 |
   3097 | 4.37359e+00 1.46476e-03 | 1.86161e-01 4.10987e-01 |
   3098 | 4.37505e+00 1.46482e-03 | 1.86163e-01 4.10973e-01 |
   3099 | 4.37652e+00 1.46488e-03 | 1.86165e-01 4.10959e-01 |
   3100 | 4.37798e+00 1.46495e-03 | 1.86167e-01 4.10945e-01 |
   3101 | 4.37944e+00 1.46501e-03 | 1.86169e-01 4.10931e-01 |
   3102 | 4.38091e+00 1.46507e-03 | 1.86171e-01 4.10917e-01 |
   3103 | 4.38238e+00 1.46514e-03 | 1.86173e-01 4.10904e-01 |
   3104 | 4.38384e+00 1.46520e-03 | 1.86175e-01 4.10890e-01 |
   3105 | 4.38531e+00 1.46527e-03 | 1.86177e-01 4.10876e-01 |
   3106 | 4.38677e+00 1.46533e-03 | 1.86179e-01 4.10862e-01 |
   3107 | 4.38824e+00 1.46539e-03 | 1.86182e-01 4.10848e-01 |
   3108 | 4.38970e+00 1.46546e-03 | 1.86184e-01 4.10834e-01 |
   3109 | 4.39117e+00 1.46553e-03 | 1.86186e-01 4.10820e-01 |
   3110 | 4.39263e+00 1.46559e-03 | 1.86188e-01 4.10806e-01 |
   3111 | 4.39410e+00 1.46565e-03 | 1.86190e-01 4.10792e-01 |
   3112 | 4.39556e+00 1.46572e-03 | 1.86192e-01 4.10778e-01 |
   3113 | 4.39703e+00 1.46578e-03 | 1.86194e-01 4.10764e-01 |
   3114 | 4.39850e+00 1.46584e-03 | 1.86197e-01 4.10750e-01 |
   3115 | 4.39996e+00 1.46591e-03 | 1.86199e-01 4.10736e-01 |
   3116 | 4.40143e+00 1.46597e-03 | 1.86201e-01 4.10722e-01 |
   3117 | 4.40289e+00 1.46604e-03 | 1.86203e-01 4.10708e-01 |
   3118 | 4.40436e+00 1.46611e-03 | 1.86205e-01 4.10694e-01 |
   3119 | 4.40583e+00 1.46617e-03 | 1.86208e-01 4.10680e-01 |
   3120 | 4.40729e+00 1.46623e-03 | 1.86210e-01 4.10666e-01 |
   3121 | 4.40876e+00 1.46630e-03 | 1.86212e-01 4.10652e-01 |
   3122 | 4.41023e+00 1.46636e-03 | 1.86214e-01 4.10638e-01 |
   3123 | 4.41169e+00 1.46643e-03 | 1.86216e-01 4.10624e-01 |
   3124 | 4.41316e+00 1.46650e-03 | 1.86219e-01 4.10609e-01 |
   3125 | 4.41462e+00 1.46656e-03 | 1.86221e-01 4.10595e-01 |
   3126 | 4.41609e+00 1.46662e-03 | 1.86223e-01 4.10581e-01 |
   3127 | 4.41756e+00 1.46669e-03 | 1.86225e-01 4.10567e-01 |
   3128 | 4.41902e+00 1.46675e-03 | 1.86228e-01 4.10553e-01 |
   3129 | 4.42049e+00 1.46682e-03 | 1.86230e-01 4.10539e-01 |
   3130 | 4.42196e+00 1.46689e-03 | 1.86232e-01 4.10525e-01 |
   3131 | 4.42343e+00 1.46695e-03 | 1.86234e-01 4.10511e-01 |
   3132 | 4.42489e+00 1.46701e-03 | 1.86237e-01 4.10497e-01 |
   3133 | 4.42636e+00 1.46708e-03 | 1.86239e-01 4.10483e-01 |
   3134 | 4.42783e+00 1.46715e-03 | 1.86241e-01 4.10469e-01 |
   3135 | 4.42929e+00 1.46721e-03 | 1.86244e-01 4.10454e-01 |
   3136 | 4.42954e+00 2.47653e-04 | 1.86244e-01 4.10451e-01 |
   3137 | 4.43101e+00 1.46729e-03 | 1.86246e-01 4.10438e-01 |
   3138 | 4.43248e+00 1.46735e-03 | 1.86249e-01 4.10424e-01 |
   3139 | 4.43394e+00 1.46742e-03 | 1.86251e-01 4.10410e-01 |
   3140 | 4.43541e+00 1.46749e-03 | 1.86253e-01 4.10395e-01 |
   3141 | 4.43688e+00 1.46755e-03 | 1.86256e-01 4.10381e-01 |
   3142 | 4.43835e+00 1.46762e-03 | 1.86258e-01 4.10367e-01 |
   3143 | 4.43981e+00 1.46768e-03 | 1.86260e-01 4.10353e-01 |
   3144 | 4.44128e+00 1.46775e-03 | 1.86263e-01 4.10339e-01 |
   3145 | 4.44275e+00 1.46781e-03 | 1.86265e-01 4.10325e-01 |
   3146 | 4.44422e+00 1.46788e-03 | 1.86267e-01 4.10310e-01 |
   3147 | 4.44569e+00 1.46795e-03 | 1.86270e-01 4.10296e-01 |
   3148 | 4.44715e+00 1.46801e-03 | 1.86272e-01 4.10282e-01 |
   3149 | 4.44862e+00 1.46808e-03 | 1.86275e-01 4.10268e-01 |
   3150 | 4.45009e+00 1.46815e-03 | 1.86277e-01 4.10254e-01 |
   3151 | 4.45156e+00 1.46821e-03 | 1.86279e-01 4.10240e-01 |
   3152 | 4.45303e+00 1.46828e-03 | 1.86282e-01 4.10225e-01 |
   3153 | 4.45449e+00 1.46835e-03 | 1.86284e-01 4.10211e-01 |
   3154 | 4.45596e+00 1.46841e-03 | 1.86287e-01 4.10197e-01 |
   3155 | 4.45743e+00 1.46848e-03 | 1.86289e-01 4.10183e-01 |
   3156 | 4.45890e+00 1.46855e-03 | 1.86292e-01 4.10168e-01 |
   3157 | 4.46037e+00 1.46861e-03 | 1.86294e-01 4.10154e-01 |
   3158 | 4.46184e+00 1.46868e-03 | 1.86296e-01 4.10140e-01 |
   3159 | 4.46331e+00 1.46875e-03 | 1.86299e-01 4.10126e-01 |
   3160 | 4.46477e+00 1.46881e-03 | 1.86301e-01 4.10111e-01 |
   3161 | 4.46624e+00 1.46888e-03 | 1.86304e-01 4.10097e-01 |
   3162 | 4.46771e+00 1.46895e-03 | 1.86306e-01 4.10083e-01 |
   3163 | 4.46918e+00 1.46901e-03 | 1.86309e-01 4.10069e-01 |
   3164 | 4.47065e+00 1.46908e-03 | 1.86311e-01 4.10054e-01 |
   3165 | 4.47212e+00 1.46915e-03 | 1.86314e-01 4.10040e-01 |
   3166 | 4.47359e+00 1.46921e-03 | 1.86316e-01 4.10026e-01 |
   3167 | 4.47506e+00 1.46928e-03 | 1.86319e-01 4.10012e-01 |
   3168 | 4.47653e+00 1.46935e-03 | 1.86321e-01 4.09997e-01 |
   3169 | 4.47800e+00 1.46941e-03 | 1.86324e-01 4.09983e-01 |
   3170 | 4.47947e+00 1.46948e-03 | 1.86327e-01 4.09969e-01 |
   3171 | 4.48094e+00 1.46955e-03 | 1.86329e-01 4.09954e-01 |
   3172 | 4.48241e+00 1.46961e-03 | 1.86332e-01 4.09940e-01 |
   3173 | 4.48388e+00 1.46968e-03 | 1.86334e-01 4.09926e-01 |
   3174 | 4.48534e+00 1.46975e-03 | 1.86337e-01 4.09912e-01 |
   3175 | 4.48681e+00 1.46982e-03 | 1.86339e-01 4.09897e-01 |
   3176 | 4.48828e+00 1.46988e-03 | 1.86342e-01 4.09883e-01 |
   3177 | 4.48975e+00 1.46995e-03 | 1.86345e-01 4.09869e-01 |
   3178 | 4.49122e+00 1.47002e-03 | 1.86347e-01 4.09854e-01 |
   3179 | 4.49269e+00 1.47008e-03 | 1.86350e-01 4.09840e-01 |
   3180 | 4.49282e+00 1.25876e-04 | 1.86350e-01 4.09838e-01 |
   3181 | 4.49429e+00 1.47016e-03 | 1.86353e-01 4.09824e-01 |
   3182 | 4.49576e+00 1.47023e-03 | 1.86355e-01 4.09810e-01 |
   3183 | 4.49723e+00 1.47029e-03 | 1.86358e-01 4.09796e-01 |
   3184 | 4.49870e+00 1.47037e-03 | 1.86360e-01 4.09781e-01 |
   3185 | 4.50017e+00 1.47043e-03 | 1.86363e-01 4.09767e-01 |
   3186 | 4.50164e+00 1.47050e-03 | 1.86366e-01 4.09753e-01 |
   3187 | 4.50311e+00 1.47057e-03 | 1.86368e-01 4.09738e-01 |
   3188 | 4.50458e+00 1.47063e-03 | 1.86371e-01 4.09724e-01 |
   3189 | 4.50605e+00 1.47070e-03 | 1.86374e-01 4.09710e-01 |
   3190 | 4.50753e+00 1.47077e-03 | 1.86376e-01 4.09695e-01 |
   3191 | 4.50900e+00 1.47084e-03 | 1.86379e-01 4.09681e-01 |
   3192 | 4.51047e+00 1.47090e-03 | 1.86382e-01 4.09667e-01 |
   3193 | 4.51194e+00 1.47098e-03 | 1.86384e-01 4.09652e-01 |
   3194 | 4.51341e+00 1.47104e-03 | 1.86387e-01 4.09638e-01 |
   3195 | 4.51488e+00 1.47111e-03 | 1.86390e-01 4.09623e-01 |
   3196 | 4.51635e+00 1.47118e-03 | 1.86393e-01 4.09609e-01 |
   3197 | 4.51782e+00 1.47125e-03 | 1.86395e-01 4.09595e-01 |
   3198 | 4.51929e+00 1.47131e-03 | 1.86398e-01 4.09580e-01 |
   3199 | 4.52077e+00 1.47138e-03 | 1.86401e-01 4.09566e-01 |
   3200 | 4.52224e+00 1.47145e-03 | 1.86404e-01 4.09551e-01 |
   3201 | 4.52371e+00 1.47152e-03 | 1.86406e-01 4.09537e-01 |
   3202 | 4.52518e+00 1.47159e-03 | 1.86409e-01 4.09523e-01 |
   3203 | 4.52665e+00 1.47166e-03 | 1.86412e-01 4.09508e-01 |
   3204 | 4.52812e+00 1.47172e-03 | 1.86415e-01 4.09494e-01 |
   3205 | 4.52959e+00 1.47179e-03 | 1.86417e-01 4.09479e-01 |
   3206 | 4.53107e+00 1.47186e-03 | 1.86420e-01 4.09465e-01 |
   3207 | 4.53254e+00 1.47193e-03 | 1.86423e-01 4.09451e-01 |
   3208 | 4.53401e+00 1.47200e-03 | 1.86426e-01 4.09436e-01 |
   3209 | 4.53548e+00 1.47207e-03 | 1.86429e-01 4.09422e-01 |
   3210 | 4.53695e+00 1.47214e-03 | 1.86432e-01 4.09407e-01 |
   3211 | 4.53843e+00 1.47221e-03 | 1.86434e-01 4.09393e-01 |
   3212 | 4.53990e+00 1.47227e-03 | 1.86437e-01 4.09378e-01 |
   3213 | 4.54137e+00 1.47234e-03 | 1.86440e-01 4.09364e-01 |
   3214 | 4.54284e+00 1.47241e-03 | 1.86443e-01 4.09349e-01 |
   3215 | 4.54432e+00 1.47248e-03 | 1.86446e-01 4.09335e-01 |
   3216 | 4.54579e+00 1.47255e-03 | 1.86449e-01 4.09321e-01 |
   3217 | 4.54726e+00 1.47262e-03 | 1.86452e-01 4.09306e-01 |
   3218 | 4.54873e+00 1.47269e-03 | 1.86454e-01 4.09292e-01 |
   3219 | 4.55021e+00 1.47276e-03 | 1.86457e-01 4.09277e-01 |
   3220 | 4.55168e+00 1.47283e-03 | 1.86460e-01 4.09263e-01 |
   3221 | 4.55315e+00 1.47290e-03 | 1.86463e-01 4.09248e-01 |
   3222 | 4.55463e+00 1.47296e-03 | 1.86466e-01 4.09234e-01 |
   3223 | 4.55610e+00 1.47303e-03 | 1.86469e-01 4.09219e-01 |
   3224 | 4.55610e+00 7.49480e-07 | 1.86469e-01 4.09219e-01 |
   3225 | 4.55757e+00 1.47310e-03 | 1.86472e-01 4.09205e-01 |
   3226 | 4.55905e+00 1.47317e-03 | 1.86475e-01 4.09190e-01 |
   3227 | 4.56052e+00 1.47324e-03 | 1.86478e-01 4.09176e-01 |
   3228 | 4.56199e+00 1.47331e-03 | 1.86481e-01 4.09161e-01 |
   3229 | 4.56347e+00 1.47338e-03 | 1.86484e-01 4.09147e-01 |
   3230 | 4.56494e+00 1.47345e-03 | 1.86487e-01 4.09132e-01 |
   3231 | 4.56641e+00 1.47352e-03 | 1.86490e-01 4.09118e-01 |
   3232 | 4.56789e+00 1.47359e-03 | 1.86493e-01 4.09104e-01 |
   3233 | 4.56936e+00 1.47366e-03 | 1.86496e-01 4.09089e-01 |
   3234 | 4.57083e+00 1.47373e-03 | 1.86499e-01 4.09075e-01 |
   3235 | 4.57231e+00 1.47380e-03 | 1.86502e-01 4.09060e-01 |
   3236 | 4.57378e+00 1.47387e-03 | 1.86505e-01 4.09046e-01 |
   3237 | 4.57526e+00 1.47394e-03 | 1.86508e-01 4.09031e-01 |
   3238 | 4.57673e+00 1.47401e-03 | 1.86511e-01 4.09017e-01 |
   3239 | 4.57820e+00 1.47408e-03 | 1.86514e-01 4.09002e-01 |
   3240 | 4.57968e+00 1.47415e-03 | 1.86517e-01 4.08988e-01 |
   3241 | 4.58115e+00 1.47422e-03 | 1.86520e-01 4.08973e-01 |
   3242 | 4.58263e+00 1.47429e-03 | 1.86523e-01 4.08959e-01 |
   3243 | 4.58410e+00 1.47436e-03 | 1.86526e-01 4.08944e-01 |
   3244 | 4.58557e+00 1.47443e-03 | 1.86529e-01 4.08930e-01 |
   3245 | 4.58705e+00 1.47450e-03 | 1.86532e-01 4.08915e-01 |
   3246 | 4.58852e+00 1.47457e-03 | 1.86535e-01 4.08901e-01 |
   3247 | 4.59000e+00 1.47464e-03 | 1.86538e-01 4.08886e-01 |
   3248 | 4.59147e+00 1.47471e-03 | 1.86542e-01 4.08871e-01 |
   3249 | 4.59295e+00 1.47478e-03 | 1.86545e-01 4.08857e-01 |
   3250 | 4.59442e+00 1.47485e-03 | 1.86548e-01 4.08842e-01 |
   3251 | 4.59590e+00 1.47492e-03 | 1.86551e-01 4.08828e-01 |
   3252 | 4.59737e+00 1.47499e-03 | 1.86554e-01 4.08813e-01 |
   3253 | 4.59885e+00 1.47506e-03 | 1.86557e-01 4.08799e-01 |
   3254 | 4.60032e+00 1.47513e-03 | 1.86560e-01 4.08784e-01 |
   3255 | 4.60180e+00 1.47520e-03 | 1.86564e-01 4.08770e-01 |
   3256 | 4.60327e+00 1.47527e-03 | 1.86567e-01 4.08755e-01 |
   3257 | 4.60475e+00 1.47534e-03 | 1.86570e-01 4.08741e-01 |
   3258 | 4.60622e+00 1.47541e-03 | 1.86573e-01 4.08726e-01 |
   3259 | 4.60770e+00 1.47548e-03 | 1.86576e-01 4.08712e-01 |
   3260 | 4.60918e+00 1.47555e-03 | 1.86580e-01 4.08697e-01 |
   3261 | 4.61065e+00 1.47563e-03 | 1.86583e-01 4.08683e-01 |
   3262 | 4.61213e+00 1.47569e-03 | 1.86586e-01 4.08668e-01 |
   3263 | 4.61360e+00 1.47576e-03 | 1.86589e-01 4.08654e-01 |
   3264 | 4.61508e+00 1.47584e-03 | 1.86592e-01 4.08639e-01 |
   3265 | 4.61655e+00 1.47591e-03 | 1.86596e-01 4.08625e-01 |
   3266 | 4.61803e+00 1.47598e-03 | 1.86599e-01 4.08610e-01 |
   3267 | 4.61938e+00 1.34866e-03 | 1.86602e-01 4.08597e-01 |
   3268 | 4.62085e+00 1.47611e-03 | 1.86605e-01 4.08582e-01 |
   3269 | 4.62233e+00 1.47618e-03 | 1.86608e-01 4.08568e-01 |
   3270 | 4.62381e+00 1.47626e-03 | 1.86612e-01 4.08553e-01 |
   3271 | 4.62528e+00 1.47633e-03 | 1.86615e-01 4.08539e-01 |
   3272 | 4.62676e+00 1.47640e-03 | 1.86618e-01 4.08524e-01 |
   3273 | 4.62824e+00 1.47647e-03 | 1.86622e-01 4.08509e-01 |
   3274 | 4.62971e+00 1.47654e-03 | 1.86625e-01 4.08495e-01 |
   3275 | 4.63119e+00 1.47661e-03 | 1.86628e-01 4.08480e-01 |
   3276 | 4.63267e+00 1.47668e-03 | 1.86632e-01 4.08466e-01 |
   3277 | 4.63414e+00 1.47675e-03 | 1.86635e-01 4.08451e-01 |
   3278 | 4.63562e+00 1.47682e-03 | 1.86638e-01 4.08437e-01 |
   3279 | 4.63710e+00 1.47690e-03 | 1.86642e-01 4.08422e-01 |
   3280 | 4.63857e+00 1.47697e-03 | 1.86645e-01 4.08408e-01 |
   3281 | 4.64005e+00 1.47704e-03 | 1.86648e-01 4.08393e-01 |
   3282 | 4.64153e+00 1.47711e-03 | 1.86652e-01 4.08379e-01 |
   3283 | 4.64301e+00 1.47718e-03 | 1.86655e-01 4.08364e-01 |
   3284 | 4.64448e+00 1.47725e-03 | 1.86659e-01 4.08350e-01 |
   3285 | 4.64596e+00 1.47732e-03 | 1.86662e-01 4.08335e-01 |
   3286 | 4.64744e+00 1.47740e-03 | 1.86666e-01 4.08320e-01 |
   3287 | 4.64891e+00 1.47747e-03 | 1.86669e-01 4.08306e-01 |
   3288 | 4.65039e+00 1.47754e-03 | 1.86672e-01 4.08291e-01 |
   3289 | 4.65187e+00 1.47761e-03 | 1.86676e-01 4.08277e-01 |
   3290 | 4.65335e+00 1.47768e-03 | 1.86679e-01 4.08262e-01 |
   3291 | 4.65483e+00 1.47775e-03 | 1.86683e-01 4.08248e-01 |
   3292 | 4.65630e+00 1.47783e-03 | 1.86686e-01 4.08233e-01 |
   3293 | 4.65778e+00 1.47790e-03 | 1.86690e-01 4.08219e-01 |
   3294 | 4.65926e+00 1.47797e-03 | 1.86693e-01 4.08204e-01 |
   3295 | 4.66074e+00 1.47804e-03 | 1.86697e-01 4.08190e-01 |
   3296 | 4.66222e+00 1.47811e-03 | 1.86700e-01 4.08175e-01 |
   3297 | 4.66369e+00 1.47818e-03 | 1.86704e-01 4.08160e-01 |
   3298 | 4.66517e+00 1.47826e-03 | 1.86707e-01 4.08146e-01 |
   3299 | 4.66665e+00 1.47833e-03 | 1.86711e-01 4.08131e-01 |
   3300 | 4.66813e+00 1.47840e-03 | 1.86714e-01 4.08117e-01 |
   3301 | 4.66961e+00 1.47847e-03 | 1.86718e-01 4.08102e-01 |
   3302 | 4.67109e+00 1.47854e-03 | 1.86721e-01 4.08088e-01 |
   3303 | 4.67256e+00 1.47862e-03 | 1.86725e-01 4.08073e-01 |
   3304 | 4.67404e+00 1.47869e-03 | 1.86729e-01 4.08059e-01 |
   3305 | 4.67552e+00 1.47876e-03 | 1.86732e-01 4.08044e-01 |
   3306 | 4.67700e+00 1.47883e-03 | 1.86736e-01 4.08030e-01 |
   3307 | 4.67848e+00 1.47891e-03 | 1.86739e-01 4.08015e-01 |
   3308 | 4.67996e+00 1.47898e-03 | 1.86743e-01 4.08001e-01 |
   3309 | 4.68144e+00 1.47905e-03 | 1.86747e-01 4.07986e-01 |
   3310 | 4.68266e+00 1.22095e-03 | 1.86750e-01 4.07974e-01 |
   3311 | 4.68414e+00 1.47918e-03 | 1.86753e-01 4.07960e-01 |
   3312 | 4.68562e+00 1.47925e-03 | 1.86757e-01 4.07945e-01 |
   3313 | 4.68710e+00 1.47933e-03 | 1.86760e-01 4.07930e-01 |
   3314 | 4.68858e+00 1.47940e-03 | 1.86764e-01 4.07916e-01 |
   3315 | 4.69005e+00 1.47947e-03 | 1.86768e-01 4.07901e-01 |
   3316 | 4.69153e+00 1.47955e-03 | 1.86771e-01 4.07887e-01 |
   3317 | 4.69301e+00 1.47961e-03 | 1.86775e-01 4.07872e-01 |
   3318 | 4.69449e+00 1.47969e-03 | 1.86779e-01 4.07858e-01 |
   3319 | 4.69597e+00 1.47976e-03 | 1.86783e-01 4.07843e-01 |
   3320 | 4.69745e+00 1.47983e-03 | 1.86786e-01 4.07829e-01 |
   3321 | 4.69893e+00 1.47990e-03 | 1.86790e-01 4.07814e-01 |
   3322 | 4.70041e+00 1.47998e-03 | 1.86794e-01 4.07800e-01 |
   3323 | 4.70189e+00 1.48005e-03 | 1.86797e-01 4.07785e-01 |
   3324 | 4.70337e+00 1.48012e-03 | 1.86801e-01 4.07771e-01 |
   3325 | 4.70485e+00 1.48020e-03 | 1.86805e-01 4.07756e-01 |
   3326 | 4.70633e+00 1.48027e-03 | 1.86809e-01 4.07742e-01 |
   3327 | 4.70781e+00 1.48034e-03 | 1.86812e-01 4.07727e-01 |
   3328 | 4.70929e+00 1.48042e-03 | 1.86816e-01 4.07713e-01 |
   3329 | 4.71077e+00 1.48049e-03 | 1.86820e-01 4.07698e-01 |
   3330 | 4.71226e+00 1.48056e-03 | 1.86824e-01 4.07684e-01 |
   3331 | 4.71374e+00 1.48064e-03 | 1.86828e-01 4.07669e-01 |
   3332 | 4.71522e+00 1.48071e-03 | 1.86831e-01 4.07655e-01 |
   3333 | 4.71670e+00 1.48078e-03 | 1.86835e-01 4.07640e-01 |
   3334 | 4.71818e+00 1.48085e-03 | 1.86839e-01 4.07626e-01 |
   3335 | 4.71966e+00 1.48093e-03 | 1.86843e-01 4.07611e-01 |
   3336 | 4.72114e+00 1.48100e-03 | 1.86847e-01 4.07597e-01 |
   3337 | 4.72262e+00 1.48107e-03 | 1.86851e-01 4.07582e-01 |
   3338 | 4.72410e+00 1.48114e-03 | 1.86855e-01 4.07568e-01 |
   3339 | 4.72558e+00 1.48122e-03 | 1.86858e-01 4.07553e-01 |
   3340 | 4.72707e+00 1.48129e-03 | 1.86862e-01 4.07539e-01 |
   3341 | 4.72855e+00 1.48136e-03 | 1.86866e-01 4.07524e-01 |
   3342 | 4.73003e+00 1.48144e-03 | 1.86870e-01 4.07510e-01 |
   3343 | 4.73151e+00 1.48151e-03 | 1.86874e-01 4.07495e-01 |
   3344 | 4.73299e+00 1.48158e-03 | 1.86878e-01 4.07481e-01 |
   3345 | 4.73447e+00 1.48166e-03 | 1.86882e-01 4.07467e-01 |
   3346 | 4.73595e+00 1.48173e-03 | 1.86886e-01 4.07452e-01 |
   3347 | 4.73744e+00 1.48180e-03 | 1.86890e-01 4.07438e-01 |
   3348 | 4.73892e+00 1.48188e-03 | 1.86894e-01 4.07423e-01 |
   3349 | 4.74040e+00 1.48195e-03 | 1.86898e-01 4.07409e-01 |
   3350 | 4.74188e+00 1.48202e-03 | 1.86902e-01 4.07394e-01 |
   3351 | 4.74336e+00 1.48210e-03 | 1.86906e-01 4.07380e-01 |
   3352 | 4.74485e+00 1.48217e-03 | 1.86910e-01 4.07365e-01 |
   3353 | 4.74594e+00 1.09094e-03 | 1.86913e-01 4.07354e-01 |
   3354 | 4.74742e+00 1.48230e-03 | 1.86917e-01 4.07340e-01 |
   3355 | 4.74890e+00 1.48237e-03 | 1.86921e-01 4.07326e-01 |
   3356 | 4.75038e+00 1.48245e-03 | 1.86925e-01 4.07311e-01 |
   3357 | 4.75187e+00 1.48252e-03 | 1.86929e-01 4.07297e-01 |
   3358 | 4.75335e+00 1.48259e-03 | 1.86933e-01 4.07283e-01 |
   3359 | 4.75483e+00 1.48267e-03 | 1.86937e-01 4.07268e-01 |
   3360 | 4.75631e+00 1.48274e-03 | 1.86941e-01 4.07254e-01 |
   3361 | 4.75780e+00 1.48281e-03 | 1.86945e-01 4.07239e-01 |
   3362 | 4.75928e+00 1.48289e-03 | 1.86949e-01 4.07225e-01 |
   3363 | 4.76076e+00 1.48296e-03 | 1.86953e-01 4.07210e-01 |
   3364 | 4.76225e+00 1.48304e-03 | 1.86957e-01 4.07196e-01 |
   3365 | 4.76373e+00 1.48311e-03 | 1.86961e-01 4.07182e-01 |
   3366 | 4.76521e+00 1.48318e-03 | 1.86966e-01 4.07167e-01 |
   3367 | 4.76670e+00 1.48326e-03 | 1.86970e-01 4.07153e-01 |
   3368 | 4.76818e+00 1.48333e-03 | 1.86974e-01 4.07138e-01 |
   3369 | 4.76966e+00 1.48340e-03 | 1.86978e-01 4.07124e-01 |
   3370 | 4.77115e+00 1.48348e-03 | 1.86982e-01 4.07110e-01 |
   3371 | 4.77263e+00 1.48356e-03 | 1.86986e-01 4.07095e-01 |
   3372 | 4.77411e+00 1.48363e-03 | 1.86991e-01 4.07081e-01 |
   3373 | 4.77560e+00 1.48370e-03 | 1.86995e-01 4.07067e-01 |
   3374 | 4.77708e+00 1.48378e-03 | 1.86999e-01 4.07052e-01 |
   3375 | 4.77856e+00 1.48385e-03 | 1.87003e-01 4.07038e-01 |
   3376 | 4.78005e+00 1.48392e-03 | 1.87007e-01 4.07024e-01 |
   3377 | 4.78153e+00 1.48400e-03 | 1.87012e-01 4.07009e-01 |
   3378 | 4.78302e+00 1.48407e-03 | 1.87016e-01 4.06995e-01 |
   3379 | 4.78450e+00 1.48415e-03 | 1.87020e-01 4.06980e-01 |
   3380 | 4.78599e+00 1.48422e-03 | 1.87024e-01 4.06966e-01 |
   3381 | 4.78747e+00 1.48429e-03 | 1.87029e-01 4.06952e-01 |
   3382 | 4.78895e+00 1.48437e-03 | 1.87033e-01 4.06937e-01 |
   3383 | 4.79044e+00 1.48445e-03 | 1.87037e-01 4.06923e-01 |
   3384 | 4.79192e+00 1.48452e-03 | 1.87041e-01 4.06909e-01 |
   3385 | 4.79341e+00 1.48459e-03 | 1.87046e-01 4.06894e-01 |
   3386 | 4.79489e+00 1.48467e-03 | 1.87050e-01 4.06880e-01 |
   3387 | 4.79638e+00 1.48474e-03 | 1.87054e-01 4.06866e-01 |
   3388 | 4.79786e+00 1.48481e-03 | 1.87059e-01 4.06852e-01 |
   3389 | 4.79935e+00 1.48489e-03 | 1.87063e-01 4.06837e-01 |
   3390 | 4.80083e+00 1.48496e-03 | 1.87067e-01 4.06823e-01 |
   3391 | 4.80232e+00 1.48504e-03 | 1.87072e-01 4.06809e-01 |
   3392 | 4.80380e+00 1.48512e-03 | 1.87076e-01 4.06794e-01 |
   3393 | 4.80529e+00 1.48519e-03 | 1.87081e-01 4.06780e-01 |
   3394 | 4.80677e+00 1.48526e-03 | 1.87085e-01 4.06766e-01 |
   3395 | 4.80826e+00 1.48534e-03 | 1.87089e-01 4.06752e-01 |
   3396 | 4.80922e+00 9.58941e-04 | 1.87092e-01 4.06742e-01 |
   3397 | 4.81070e+00 1.48546e-03 | 1.87097e-01 4.06728e-01 |
   3398 | 4.81219e+00 1.48554e-03 | 1.87101e-01 4.06714e-01 |
   3399 | 4.81367e+00 1.48561e-03 | 1.87105e-01 4.06700e-01 |
   3400 | 4.81516e+00 1.48568e-03 | 1.87110e-01 4.06685e-01 |
   3401 | 4.81664e+00 1.48576e-03 | 1.87114e-01 4.06671e-01 |
   3402 | 4.81813e+00 1.48583e-03 | 1.87119e-01 4.06657e-01 |
   3403 | 4.81962e+00 1.48591e-03 | 1.87123e-01 4.06643e-01 |
   3404 | 4.82110e+00 1.48598e-03 | 1.87128e-01 4.06628e-01 |
   3405 | 4.82259e+00 1.48606e-03 | 1.87132e-01 4.06614e-01 |
   3406 | 4.82407e+00 1.48613e-03 | 1.87137e-01 4.06600e-01 |
   3407 | 4.82556e+00 1.48621e-03 | 1.87141e-01 4.06586e-01 |
   3408 | 4.82705e+00 1.48628e-03 | 1.87146e-01 4.06571e-01 |
   3409 | 4.82853e+00 1.48636e-03 | 1.87150e-01 4.06557e-01 |
   3410 | 4.83002e+00 1.48643e-03 | 1.87155e-01 4.06543e-01 |
   3411 | 4.83151e+00 1.48651e-03 | 1.87159e-01 4.06529e-01 |
   3412 | 4.83299e+00 1.48658e-03 | 1.87164e-01 4.06515e-01 |
   3413 | 4.83448e+00 1.48666e-03 | 1.87169e-01 4.06501e-01 |
   3414 | 4.83597e+00 1.48673e-03 | 1.87173e-01 4.06486e-01 |
   3415 | 4.83745e+00 1.48681e-03 | 1.87178e-01 4.06472e-01 |
   3416 | 4.83894e+00 1.48688e-03 | 1.87182e-01 4.06458e-01 |
   3417 | 4.84043e+00 1.48696e-03 | 1.87187e-01 4.06444e-01 |
   3418 | 4.84191e+00 1.48703e-03 | 1.87192e-01 4.06430e-01 |
   3419 | 4.84340e+00 1.48711e-03 | 1.87196e-01 4.06416e-01 |
   3420 | 4.84489e+00 1.48719e-03 | 1.87201e-01 4.06401e-01 |
   3421 | 4.84638e+00 1.48726e-03 | 1.87206e-01 4.06387e-01 |
   3422 | 4.84786e+00 1.48733e-03 | 1.87210e-01 4.06373e-01 |
   3423 | 4.84935e+00 1.48741e-03 | 1.87215e-01 4.06359e-01 |
   3424 | 4.85084e+00 1.48748e-03 | 1.87220e-01 4.06345e-01 |
   3425 | 4.85233e+00 1.48756e-03 | 1.87224e-01 4.06331e-01 |
   3426 | 4.85381e+00 1.48764e-03 | 1.87229e-01 4.06317e-01 |
   3427 | 4.85530e+00 1.48771e-03 | 1.87234e-01 4.06303e-01 |
   3428 | 4.85679e+00 1.48778e-03 | 1.87238e-01 4.06289e-01 |
   3429 | 4.85828e+00 1.48786e-03 | 1.87243e-01 4.06275e-01 |
   3430 | 4.85976e+00 1.48793e-03 | 1.87248e-01 4.06260e-01 |
   3431 | 4.86125e+00 1.48801e-03 | 1.87253e-01 4.06246e-01 |
   3432 | 4.86274e+00 1.48809e-03 | 1.87257e-01 4.06232e-01 |
   3433 | 4.86423e+00 1.48816e-03 | 1.87262e-01 4.06218e-01 |
   3434 | 4.86572e+00 1.48824e-03 | 1.87267e-01 4.06204e-01 |
   3435 | 4.86720e+00 1.48832e-03 | 1.87272e-01 4.06190e-01 |
   3436 | 4.86869e+00 1.48839e-03 | 1.87277e-01 4.06176e-01 |
   3437 | 4.87018e+00 1.48846e-03 | 1.87281e-01 4.06162e-01 |
   3438 | 4.87167e+00 1.48854e-03 | 1.87286e-01 4.06148e-01 |
   3439 | 4.87250e+00 8.25299e-04 | 1.87289e-01 4.06140e-01 |
   3440 | 4.87398e+00 1.48866e-03 | 1.87294e-01 4.06126e-01 |
   3441 | 4.87547e+00 1.48873e-03 | 1.87299e-01 4.06112e-01 |
   3442 | 4.87696e+00 1.48881e-03 | 1.87304e-01 4.06098e-01 |
   3443 | 4.87845e+00 1.48888e-03 | 1.87308e-01 4.06084e-01 |
   3444 | 4.87994e+00 1.48896e-03 | 1.87313e-01 4.06070e-01 |
   3445 | 4.88143e+00 1.48904e-03 | 1.87318e-01 4.06057e-01 |
   3446 | 4.88292e+00 1.48911e-03 | 1.87323e-01 4.06043e-01 |
   3447 | 4.88441e+00 1.48919e-03 | 1.87328e-01 4.06029e-01 |
   3448 | 4.88590e+00 1.48926e-03 | 1.87333e-01 4.06015e-01 |
   3449 | 4.88739e+00 1.48934e-03 | 1.87338e-01 4.06001e-01 |
   3450 | 4.88887e+00 1.48941e-03 | 1.87343e-01 4.05987e-01 |
   3451 | 4.89036e+00 1.48949e-03 | 1.87348e-01 4.05973e-01 |
   3452 | 4.89185e+00 1.48956e-03 | 1.87353e-01 4.05959e-01 |
   3453 | 4.89334e+00 1.48964e-03 | 1.87358e-01 4.05945e-01 |
   3454 | 4.89483e+00 1.48972e-03 | 1.87363e-01 4.05931e-01 |
   3455 | 4.89632e+00 1.48979e-03 | 1.87368e-01 4.05917e-01 |
   3456 | 4.89781e+00 1.48987e-03 | 1.87373e-01 4.05903e-01 |
   3457 | 4.89930e+00 1.48995e-03 | 1.87378e-01 4.05890e-01 |
   3458 | 4.90079e+00 1.49002e-03 | 1.87383e-01 4.05876e-01 |
   3459 | 4.90228e+00 1.49010e-03 | 1.87388e-01 4.05862e-01 |
   3460 | 4.90377e+00 1.49017e-03 | 1.87393e-01 4.05848e-01 |
   3461 | 4.90526e+00 1.49025e-03 | 1.87398e-01 4.05834e-01 |
   3462 | 4.90675e+00 1.49033e-03 | 1.87403e-01 4.05820e-01 |
   3463 | 4.90824e+00 1.49040e-03 | 1.87408e-01 4.05806e-01 |
   3464 | 4.90973e+00 1.49047e-03 | 1.87413e-01 4.05793e-01 |
   3465 | 4.91123e+00 1.49055e-03 | 1.87418e-01 4.05779e-01 |
   3466 | 4.91272e+00 1.49063e-03 | 1.87423e-01 4.05765e-01 |
   3467 | 4.91421e+00 1.49070e-03 | 1.87429e-01 4.05751e-01 |
   3468 | 4.91570e+00 1.49078e-03 | 1.87434e-01 4.05737e-01 |
   3469 | 4.91719e+00 1.49086e-03 | 1.87439e-01 4.05724e-01 |
   3470 | 4.91868e+00 1.49093e-03 | 1.87444e-01 4.05710e-01 |
   3471 | 4.92017e+00 1.49101e-03 | 1.87449e-01 4.05696e-01 |
   3472 | 4.92166e+00 1.49109e-03 | 1.87454e-01 4.05682e-01 |
   3473 | 4.92315e+00 1.49116e-03 | 1.87460e-01 4.05669e-01 |
   3474 | 4.92464e+00 1.49124e-03 | 1.87465e-01 4.05655e-01 |
   3475 | 4.92613e+00 1.49132e-03 | 1.87470e-01 4.05641e-01 |
   3476 | 4.92763e+00 1.49139e-03 | 1.87475e-01 4.05628e-01 |
   3477 | 4.92912e+00 1.49147e-03 | 1.87481e-01 4.05614e-01 |
   3478 | 4.93061e+00 1.49154e-03 | 1.87486e-01 4.05600e-01 |
   3479 | 4.93210e+00 1.49162e-03 | 1.87491e-01 4.05587e-01 |
   3480 | 4.93359e+00 1.49170e-03 | 1.87496e-01 4.05573e-01 |
   3481 | 4.93508e+00 1.49177e-03 | 1.87502e-01 4.05559e-01 |
   3482 | 4.93577e+00 6.90272e-04 | 1.87504e-01 4.05552e-01 |
   3483 | 4.93727e+00 1.49188e-03 | 1.87509e-01 4.05539e-01 |
   3484 | 4.93876e+00 1.49196e-03 | 1.87515e-01 4.05526e-01 |
   3485 | 4.94025e+00 1.49204e-03 | 1.87520e-01 4.05512e-01 |
   3486 | 4.94174e+00 1.49211e-03 | 1.87525e-01 4.05498e-01 |
   3487 | 4.94323e+00 1.49219e-03 | 1.87531e-01 4.05485e-01 |
   3488 | 4.94473e+00 1.49226e-03 | 1.87536e-01 4.05471e-01 |
   3489 | 4.94622e+00 1.49234e-03 | 1.87541e-01 4.05458e-01 |
   3490 | 4.94771e+00 1.49242e-03 | 1.87547e-01 4.05444e-01 |
   3491 | 4.94920e+00 1.49249e-03 | 1.87552e-01 4.05430e-01 |
   3492 | 4.95070e+00 1.49257e-03 | 1.87558e-01 4.05417e-01 |
   3493 | 4.95219e+00 1.49265e-03 | 1.87563e-01 4.05403e-01 |
   3494 | 4.95368e+00 1.49272e-03 | 1.87568e-01 4.05390e-01 |
   3495 | 4.95518e+00 1.49280e-03 | 1.87574e-01 4.05376e-01 |
   3496 | 4.95667e+00 1.49288e-03 | 1.87579e-01 4.05363e-01 |
   3497 | 4.95816e+00 1.49295e-03 | 1.87585e-01 4.05349e-01 |
   3498 | 4.95965e+00 1.49303e-03 | 1.87590e-01 4.05336e-01 |
   3499 | 4.96115e+00 1.49311e-03 | 1.87596e-01 4.05322e-01 |
   3500 | 4.96264e+00 1.49318e-03 | 1.87601e-01 4.05309e-01 |
   3501 | 4.96413e+00 1.49326e-03 | 1.87607e-01 4.05295e-01 |
   3502 | 4.96563e+00 1.49334e-03 | 1.87612e-01 4.05282e-01 |
   3503 | 4.96712e+00 1.49341e-03 | 1.87618e-01 4.05268e-01 |
   3504 | 4.96861e+00 1.49349e-03 | 1.87623e-01 4.05255e-01 |
   3505 | 4.97011e+00 1.49357e-03 | 1.87629e-01 4.05241e-01 |
   3506 | 4.97160e+00 1.49364e-03 | 1.87634e-01 4.05228e-01 |
   3507 | 4.97309e+00 1.49372e-03 | 1.87640e-01 4.05215e-01 |
   3508 | 4.97459e+00 1.49380e-03 | 1.87645e-01 4.05201e-01 |
   3509 | 4.97608e+00 1.49387e-03 | 1.87651e-01 4.05188e-01 |
   3510 | 4.97758e+00 1.49395e-03 | 1.87657e-01 4.05174e-01 |
   3511 | 4.97907e+00 1.49403e-03 | 1.87662e-01 4.05161e-01 |
   3512 | 4.98056e+00 1.49410e-03 | 1.87668e-01 4.05148e-01 |
   3513 | 4.98206e+00 1.49418e-03 | 1.87673e-01 4.05134e-01 |
   3514 | 4.98355e+00 1.49426e-03 | 1.87679e-01 4.05121e-01 |
   3515 | 4.98505e+00 1.49433e-03 | 1.87685e-01 4.05108e-01 |
   3516 | 4.98654e+00 1.49441e-03 | 1.87690e-01 4.05094e-01 |
   3517 | 4.98804e+00 1.49449e-03 | 1.87696e-01 4.05081e-01 |
   3518 | 4.98953e+00 1.49457e-03 | 1.87702e-01 4.05068e-01 |
   3519 | 4.99103e+00 1.49464e-03 | 1.87708e-01 4.05054e-01 |
   3520 | 4.99252e+00 1.49472e-03 | 1.87713e-01 4.05041e-01 |
   3521 | 4.99401e+00 1.49480e-03 | 1.87719e-01 4.05028e-01 |
   3522 | 4.99551e+00 1.49487e-03 | 1.87725e-01 4.05015e-01 |
   3523 | 4.99700e+00 1.49495e-03 | 1.87730e-01 4.05001e-01 |
   3524 | 4.99850e+00 1.49503e-03 | 1.87736e-01 4.04988e-01 |
   3525 | 4.99905e+00 5.54128e-04 | 1.87738e-01 4.04983e-01 |
   3526 | 5.00055e+00 1.49513e-03 | 1.87744e-01 4.04970e-01 |
   3527 | 5.00204e+00 1.49521e-03 | 1.87750e-01 4.04957e-01 |
   3528 | 5.00354e+00 1.49529e-03 | 1.87756e-01 4.04944e-01 |
   3529 | 5.00503e+00 1.49536e-03 | 1.87762e-01 4.04931e-01 |
   3530 | 5.00653e+00 1.49544e-03 | 1.87767e-01 4.04917e-01 |
   3531 | 5.00803e+00 1.49552e-03 | 1.87773e-01 4.04904e-01 |
   3532 | 5.00952e+00 1.49559e-03 | 1.87779e-01 4.04891e-01 |
   3533 | 5.01102e+00 1.49568e-03 | 1.87785e-01 4.04878e-01 |
   3534 | 5.01251e+00 1.49575e-03 | 1.87791e-01 4.04865e-01 |
   3535 | 5.01401e+00 1.49582e-03 | 1.87797e-01 4.04852e-01 |
   3536 | 5.01550e+00 1.49591e-03 | 1.87803e-01 4.04839e-01 |
   3537 | 5.01700e+00 1.49598e-03 | 1.87808e-01 4.04826e-01 |
   3538 | 5.01850e+00 1.49606e-03 | 1.87814e-01 4.04813e-01 |
   3539 | 5.01999e+00 1.49614e-03 | 1.87820e-01 4.04800e-01 |
   3540 | 5.02149e+00 1.49621e-03 | 1.87826e-01 4.04787e-01 |
   3541 | 5.02299e+00 1.49629e-03 | 1.87832e-01 4.04774e-01 |
   3542 | 5.02448e+00 1.49637e-03 | 1.87838e-01 4.04761e-01 |
   3543 | 5.02598e+00 1.49644e-03 | 1.87844e-01 4.04748e-01 |
   3544 | 5.02747e+00 1.49652e-03 | 1.87850e-01 4.04735e-01 |
   3545 | 5.02897e+00 1.49660e-03 | 1.87856e-01 4.04722e-01 |
   3546 | 5.03047e+00 1.49667e-03 | 1.87862e-01 4.04709e-01 |
   3547 | 5.03196e+00 1.49675e-03 | 1.87868e-01 4.04696e-01 |
   3548 | 5.03346e+00 1.49683e-03 | 1.87874e-01 4.04683e-01 |
   3549 | 5.03496e+00 1.49691e-03 | 1.87880e-01 4.04670e-01 |
   3550 | 5.03646e+00 1.49698e-03 | 1.87886e-01 4.04657e-01 |
   3551 | 5.03795e+00 1.49706e-03 | 1.87892e-01 4.04644e-01 |
   3552 | 5.03945e+00 1.49714e-03 | 1.87899e-01 4.04631e-01 |
   3553 | 5.04095e+00 1.49721e-03 | 1.87905e-01 4.04618e-01 |
   3554 | 5.04244e+00 1.49730e-03 | 1.87911e-01 4.04605e-01 |
   3555 | 5.04394e+00 1.49737e-03 | 1.87917e-01 4.04593e-01 |
   3556 | 5.04544e+00 1.49745e-03 | 1.87923e-01 4.04580e-01 |
   3557 | 5.04694e+00 1.49753e-03 | 1.87929e-01 4.04567e-01 |
   3558 | 5.04843e+00 1.49760e-03 | 1.87935e-01 4.04554e-01 |
   3559 | 5.04993e+00 1.49768e-03 | 1.87941e-01 4.04541e-01 |
   3560 | 5.05143e+00 1.49776e-03 | 1.87948e-01 4.04528e-01 |
   3561 | 5.05293e+00 1.49783e-03 | 1.87954e-01 4.04516e-01 |
   3562 | 5.05443e+00 1.49791e-03 | 1.87960e-01 4.04503e-01 |
   3563 | 5.05592e+00 1.49799e-03 | 1.87966e-01 4.04490e-01 |
   3564 | 5.05742e+00 1.49807e-03 | 1.87973e-01 4.04477e-01 |
   3565 | 5.05892e+00 1.49814e-03 | 1.87979e-01 4.04465e-01 |
   3566 | 5.06042e+00 1.49823e-03 | 1.87985e-01 4.04452e-01 |
   3567 | 5.06192e+00 1.49830e-03 | 1.87991e-01 4.04439e-01 |
   3568 | 5.06233e+00 4.17134e-04 | 1.87993e-01 4.04435e-01 |
   3569 | 5.06383e+00 1.49840e-03 | 1.87999e-01 4.04423e-01 |
   3570 | 5.06533e+00 1.49848e-03 | 1.88006e-01 4.04411e-01 |
   3571 | 5.06683e+00 1.49855e-03 | 1.88012e-01 4.04398e-01 |
   3572 | 5.06833e+00 1.49863e-03 | 1.88018e-01 4.04385e-01 |
   3573 | 5.06983e+00 1.49871e-03 | 1.88025e-01 4.04373e-01 |
   3574 | 5.07132e+00 1.49879e-03 | 1.88031e-01 4.04360e-01 |
   3575 | 5.07282e+00 1.49886e-03 | 1.88037e-01 4.04347e-01 |
   3576 | 5.07432e+00 1.49895e-03 | 1.88044e-01 4.04335e-01 |
   3577 | 5.07582e+00 1.49902e-03 | 1.88050e-01 4.04322e-01 |
   3578 | 5.07732e+00 1.49910e-03 | 1.88056e-01 4.04310e-01 |
   3579 | 5.07882e+00 1.49918e-03 | 1.88063e-01 4.04297e-01 |
   3580 | 5.08032e+00 1.49925e-03 | 1.88069e-01 4.04285e-01 |
   3581 | 5.08182e+00 1.49933e-03 | 1.88076e-01 4.04272e-01 |
   3582 | 5.08332e+00 1.49941e-03 | 1.88082e-01 4.04260e-01 |
   3583 | 5.08482e+00 1.49948e-03 | 1.88089e-01 4.04247e-01 |
   3584 | 5.08632e+00 1.49956e-03 | 1.88095e-01 4.04235e-01 |
   3585 | 5.08782e+00 1.49964e-03 | 1.88102e-01 4.04222e-01 |
   3586 | 5.08932e+00 1.49972e-03 | 1.88108e-01 4.04210e-01 |
   3587 | 5.09082e+00 1.49979e-03 | 1.88115e-01 4.04198e-01 |
   3588 | 5.09232e+00 1.49988e-03 | 1.88121e-01 4.04185e-01 |
   3589 | 5.09382e+00 1.49995e-03 | 1.88128e-01 4.04173e-01 |
   3590 | 5.09532e+00 1.50003e-03 | 1.88134e-01 4.04160e-01 |
   3591 | 5.09682e+00 1.50011e-03 | 1.88141e-01 4.04148e-01 |
   3592 | 5.09832e+00 1.50018e-03 | 1.88147e-01 4.04136e-01 |
   3593 | 5.09982e+00 1.50026e-03 | 1.88154e-01 4.04123e-01 |
   3594 | 5.10132e+00 1.50034e-03 | 1.88161e-01 4.04111e-01 |
   3595 | 5.10282e+00 1.50042e-03 | 1.88167e-01 4.04099e-01 |
   3596 | 5.10432e+00 1.50049e-03 | 1.88174e-01 4.04087e-01 |
   3597 | 5.10582e+00 1.50058e-03 | 1.88181e-01 4.04074e-01 |
   3598 | 5.10732e+00 1.50065e-03 | 1.88187e-01 4.04062e-01 |
   3599 | 5.10882e+00 1.50073e-03 | 1.88194e-01 4.04050e-01 |
   3600 | 5.11032e+00 1.50081e-03 | 1.88201e-01 4.04038e-01 |
   3601 | 5.11182e+00 1.50088e-03 | 1.88207e-01 4.04025e-01 |
   3602 | 5.11332e+00 1.50096e-03 | 1.88214e-01 4.04013e-01 |
   3603 | 5.11482e+00 1.50104e-03 | 1.88221e-01 4.04001e-01 |
   3604 | 5.11632e+00 1.50112e-03 | 1.88227e-01 4.03989e-01 |
   3605 | 5.11783e+00 1.50119e-03 | 1.88234e-01 4.03977e-01 |
   3606 | 5.11933e+00 1.50128e-03 | 1.88241e-01 4.03965e-01 |
   3607 | 5.12083e+00 1.50135e-03 | 1.88248e-01 4.03953e-01 |
   3608 | 5.12233e+00 1.50143e-03 | 1.88254e-01 4.03941e-01 |
   3609 | 5.12383e+00 1.50151e-03 | 1.88261e-01 4.03928e-01 |
   3610 | 5.12533e+00 1.50158e-03 | 1.88268e-01 4.03916e-01 |
   3611 | 5.12561e+00 2.79542e-04 | 1.88269e-01 4.03914e-01 |
   3612 | 5.12711e+00 1.50168e-03 | 1.88276e-01 4.03902e-01 |
   3613 | 5.12862e+00 1.50176e-03 | 1.88283e-01 4.03890e-01 |
   3614 | 5.13012e+00 1.50183e-03 | 1.88290e-01 4.03878e-01 |
   3615 | 5.13162e+00 1.50191e-03 | 1.88297e-01 4.03866e-01 |
   3616 | 5.13312e+00 1.50199e-03 | 1.88304e-01 4.03854e-01 |
   3617 | 5.13462e+00 1.50206e-03 | 1.88310e-01 4.03842e-01 |
   3618 | 5.13613e+00 1.50214e-03 | 1.88317e-01 4.03830e-01 |
   3619 | 5.13763e+00 1.50223e-03 | 1.88324e-01 4.03818e-01 |
   3620 | 5.13913e+00 1.50230e-03 | 1.88331e-01 4.03806e-01 |
   3621 | 5.14063e+00 1.50238e-03 | 1.88338e-01 4.03795e-01 |
   3622 | 5.14213e+00 1.50246e-03 | 1.88345e-01 4.03783e-01 |
   3623 | 5.14364e+00 1.50253e-03 | 1.88352e-01 4.03771e-01 |
   3624 | 5.14514e+00 1.50261e-03 | 1.88359e-01 4.03759e-01 |
   3625 | 5.14664e+00 1.50269e-03 | 1.88366e-01 4.03747e-01 |
   3626 | 5.14815e+00 1.50277e-03 | 1.88373e-01 4.03735e-01 |
   3627 | 5.14965e+00 1.50284e-03 | 1.88380e-01 4.03724e-01 |
   3628 | 5.15115e+00 1.50293e-03 | 1.88387e-01 4.03712e-01 |
   3629 | 5.15265e+00 1.50300e-03 | 1.88394e-01 4.03700e-01 |
   3630 | 5.15416e+00 1.50308e-03 | 1.88401e-01 4.03688e-01 |
   3631 | 5.15566e+00 1.50316e-03 | 1.88408e-01 4.03677e-01 |
   3632 | 5.15716e+00 1.50323e-03 | 1.88415e-01 4.03665e-01 |
   3633 | 5.15867e+00 1.50331e-03 | 1.88423e-01 4.03653e-01 |
   3634 | 5.16017e+00 1.50340e-03 | 1.88430e-01 4.03642e-01 |
   3635 | 5.16167e+00 1.50347e-03 | 1.88437e-01 4.03630e-01 |
   3636 | 5.16318e+00 1.50355e-03 | 1.88444e-01 4.03618e-01 |
   3637 | 5.16468e+00 1.50363e-03 | 1.88451e-01 4.03607e-01 |
   3638 | 5.16618e+00 1.50370e-03 | 1.88458e-01 4.03595e-01 |
   3639 | 5.16769e+00 1.50378e-03 | 1.88465e-01 4.03583e-01 |
   3640 | 5.16919e+00 1.50386e-03 | 1.88473e-01 4.03572e-01 |
   3641 | 5.17070e+00 1.50394e-03 | 1.88480e-01 4.03560e-01 |
   3642 | 5.17220e+00 1.50401e-03 | 1.88487e-01 4.03549e-01 |
   3643 | 5.17370e+00 1.50410e-03 | 1.88494e-01 4.03537e-01 |
   3644 | 5.17521e+00 1.50417e-03 | 1.88502e-01 4.03526e-01 |
   3645 | 5.17671e+00 1.50425e-03 | 1.88509e-01 4.03514e-01 |
   3646 | 5.17822e+00 1.50433e-03 | 1.88516e-01 4.03503e-01 |
   3647 | 5.17972e+00 1.50441e-03 | 1.88524e-01 4.03491e-01 |
   3648 | 5.18123e+00 1.50448e-03 | 1.88531e-01 4.03480e-01 |
   3649 | 5.18273e+00 1.50457e-03 | 1.88538e-01 4.03469e-01 |
   3650 | 5.18424e+00 1.50464e-03 | 1.88545e-01 4.03457e-01 |
   3651 | 5.18574e+00 1.50472e-03 | 1.88553e-01 4.03446e-01 |
   3652 | 5.18724e+00 1.50480e-03 | 1.88560e-01 4.03435e-01 |
   3653 | 5.18875e+00 1.50487e-03 | 1.88568e-01 4.03423e-01 |
   3654 | 5.18889e+00 1.41590e-04 | 1.88568e-01 4.03422e-01 |
   3655 | 5.19040e+00 1.50496e-03 | 1.88576e-01 4.03411e-01 |
   3656 | 5.19190e+00 1.50504e-03 | 1.88583e-01 4.03400e-01 |
   3657 | 5.19341e+00 1.50512e-03 | 1.88591e-01 4.03388e-01 |
   3658 | 5.19491e+00 1.50519e-03 | 1.88598e-01 4.03377e-01 |
   3659 | 5.19642e+00 1.50528e-03 | 1.88605e-01 4.03366e-01 |
   3660 | 5.19792e+00 1.50535e-03 | 1.88613e-01 4.03355e-01 |
   3661 | 5.19943e+00 1.50543e-03 | 1.88620e-01 4.03343e-01 |
   3662 | 5.20093e+00 1.50551e-03 | 1.88628e-01 4.03332e-01 |
   3663 | 5.20244e+00 1.50558e-03 | 1.88635e-01 4.03321e-01 |
   3664 | 5.20394e+00 1.50566e-03 | 1.88643e-01 4.03310e-01 |
   3665 | 5.20545e+00 1.50575e-03 | 1.88650e-01 4.03299e-01 |
   3666 | 5.20696e+00 1.50582e-03 | 1.88658e-01 4.03288e-01 |
   3667 | 5.20846e+00 1.50590e-03 | 1.88666e-01 4.03277e-01 |
   3668 | 5.20997e+00 1.50598e-03 | 1.88673e-01 4.03266e-01 |
   3669 | 5.21147e+00 1.50605e-03 | 1.88681e-01 4.03255e-01 |
   3670 | 5.21298e+00 1.50613e-03 | 1.88688e-01 4.03244e-01 |
   3671 | 5.21449e+00 1.50622e-03 | 1.88696e-01 4.03233e-01 |
   3672 | 5.21599e+00 1.50629e-03 | 1.88704e-01 4.03222e-01 |
   3673 | 5.21750e+00 1.50637e-03 | 1.88711e-01 4.03211e-01 |
   3674 | 5.21901e+00 1.50645e-03 | 1.88719e-01 4.03200e-01 |
   3675 | 5.22051e+00 1.50652e-03 | 1.88727e-01 4.03189e-01 |
   3676 | 5.22202e+00 1.50660e-03 | 1.88734e-01 4.03178e-01 |
   3677 | 5.22353e+00 1.50668e-03 | 1.88742e-01 4.03167e-01 |
   3678 | 5.22503e+00 1.50676e-03 | 1.88750e-01 4.03156e-01 |
   3679 | 5.22654e+00 1.50684e-03 | 1.88758e-01 4.03145e-01 |
   3680 | 5.22805e+00 1.50692e-03 | 1.88765e-01 4.03134e-01 |
   3681 | 5.22955e+00 1.50699e-03 | 1.88773e-01 4.03124e-01 |
   3682 | 5.23106e+00 1.50707e-03 | 1.88781e-01 4.03113e-01 |
   3683 | 5.23257e+00 1.50715e-03 | 1.88789e-01 4.03102e-01 |
   3684 | 5.23407e+00 1.50723e-03 | 1.88796e-01 4.03091e-01 |
   3685 | 5.23558e+00 1.50730e-03 | 1.88804e-01 4.03081e-01 |
   3686 | 5.23709e+00 1.50739e-03 | 1.88812e-01 4.03070e-01 |
   3687 | 5.23860e+00 1.50746e-03 | 1.88820e-01 4.03059e-01 |
   3688 | 5.24010e+00 1.50754e-03 | 1.88828e-01 4.03048e-01 |
   3689 | 5.24161e+00 1.50762e-03 | 1.88836e-01 4.03038e-01 |
   3690 | 5.24312e+00 1.50770e-03 | 1.88844e-01 4.03027e-01 |
   3691 | 5.24463e+00 1.50777e-03 | 1.88852e-01 4.03017e-01 |
   3692 | 5.24613e+00 1.50786e-03 | 1.88859e-01 4.03006e-01 |
   3693 | 5.24764e+00 1.50793e-03 | 1.88867e-01 4.02995e-01 |
   3694 | 5.24915e+00 1.50801e-03 | 1.88875e-01 4.02985e-01 |
   3695 | 5.25066e+00 1.50809e-03 | 1.88883e-01 4.02974e-01 |
   3696 | 5.25217e+00 1.50817e-03 | 1.88891e-01 4.02964e-01 |
   3697 | 5.25217e+00 3.48846e-06 | 1.88892e-01 4.02963e-01 |
   3698 | 5.25368e+00 1.50824e-03 | 1.88899e-01 4.02953e-01 |
   3699 | 5.25519e+00 1.50833e-03 | 1.88907e-01 4.02943e-01 |
   3700 | 5.25670e+00 1.50840e-03 | 1.88915e-01 4.02932e-01 |
   3701 | 5.25820e+00 1.50848e-03 | 1.88923e-01 4.02922e-01 |
   3702 | 5.25971e+00 1.50856e-03 | 1.88932e-01 4.02912e-01 |
   3703 | 5.26122e+00 1.50864e-03 | 1.88940e-01 4.02901e-01 |
   3704 | 5.26273e+00 1.50871e-03 | 1.88948e-01 4.02891e-01 |
   3705 | 5.26424e+00 1.50880e-03 | 1.88956e-01 4.02881e-01 |
   3706 | 5.26575e+00 1.50887e-03 | 1.88964e-01 4.02870e-01 |
   3707 | 5.26726e+00 1.50895e-03 | 1.88972e-01 4.02860e-01 |
   3708 | 5.26877e+00 1.50903e-03 | 1.88980e-01 4.02850e-01 |
   3709 | 5.27027e+00 1.50910e-03 | 1.88988e-01 4.02839e-01 |
   3710 | 5.27178e+00 1.50918e-03 | 1.88997e-01 4.02829e-01 |
   3711 | 5.27329e+00 1.50927e-03 | 1.89005e-01 4.02819e-01 |
   3712 | 5.27480e+00 1.50934e-03 | 1.89013e-01 4.02809e-01 |
   3713 | 5.27631e+00 1.50942e-03 | 1.89021e-01 4.02799e-01 |
   3714 | 5.27782e+00 1.50950e-03 | 1.89030e-01 4.02788e-01 |
   3715 | 5.27933e+00 1.50957e-03 | 1.89038e-01 4.02778e-01 |
   3716 | 5.28084e+00 1.50965e-03 | 1.89046e-01 4.02768e-01 |
   3717 | 5.28235e+00 1.50974e-03 | 1.89054e-01 4.02758e-01 |
   3718 | 5.28386e+00 1.50981e-03 | 1.89063e-01 4.02748e-01 |
   3719 | 5.28537e+00 1.50989e-03 | 1.89071e-01 4.02738e-01 |
   3720 | 5.28688e+00 1.50997e-03 | 1.89079e-01 4.02728e-01 |
   3721 | 5.28839e+00 1.51004e-03 | 1.89088e-01 4.02718e-01 |
   3722 | 5.28990e+00 1.51012e-03 | 1.89096e-01 4.02708e-01 |
   3723 | 5.29141e+00 1.51021e-03 | 1.89104e-01 4.02698e-01 |
   3724 | 5.29292e+00 1.51028e-03 | 1.89113e-01 4.02688e-01 |
   3725 | 5.29443e+00 1.51036e-03 | 1.89121e-01 4.02678e-01 |
   3726 | 5.29594e+00 1.51044e-03 | 1.89130e-01 4.02668e-01 |
   3727 | 5.29745e+00 1.51051e-03 | 1.89138e-01 4.02659e-01 |
   3728 | 5.29896e+00 1.51059e-03 | 1.89147e-01 4.02649e-01 |
   3729 | 5.30047e+00 1.51068e-03 | 1.89155e-01 4.02639e-01 |
   3730 | 5.30198e+00 1.51075e-03 | 1.89164e-01 4.02629e-01 |
   3731 | 5.30349e+00 1.51083e-03 | 1.89172e-01 4.02619e-01 |
   3732 | 5.30501e+00 1.51091e-03 | 1.89181e-01 4.02610e-01 |
   3733 | 5.30652e+00 1.51098e-03 | 1.89189e-01 4.02600e-01 |
   3734 | 5.30803e+00 1.51106e-03 | 1.89198e-01 4.02590e-01 |
   3735 | 5.30954e+00 1.51115e-03 | 1.89206e-01 4.02581e-01 |
   3736 | 5.31105e+00 1.51122e-03 | 1.89215e-01 4.02571e-01 |
   3737 | 5.31256e+00 1.51130e-03 | 1.89223e-01 4.02561e-01 |
   3738 | 5.31407e+00 1.51138e-03 | 1.89232e-01 4.02552e-01 |
   3739 | 5.31545e+00 1.37690e-03 | 1.89240e-01 4.02543e-01 |
   3740 | 5.31696e+00 1.51152e-03 | 1.89249e-01 4.02533e-01 |
   3741 | 5.31847e+00 1.51161e-03 | 1.89257e-01 4.02524e-01 |
   3742 | 5.31998e+00 1.51168e-03 | 1.89266e-01 4.02514e-01 |
   3743 | 5.32150e+00 1.51176e-03 | 1.89275e-01 4.02505e-01 |
   3744 | 5.32301e+00 1.51184e-03 | 1.89283e-01 4.02495e-01 |
   3745 | 5.32452e+00 1.51192e-03 | 1.89292e-01 4.02486e-01 |
   3746 | 5.32603e+00 1.51199e-03 | 1.89301e-01 4.02476e-01 |
   3747 | 5.32754e+00 1.51208e-03 | 1.89310e-01 4.02467e-01 |
   3748 | 5.32906e+00 1.51215e-03 | 1.89318e-01 4.02458e-01 |
   3749 | 5.33057e+00 1.51223e-03 | 1.89327e-01 4.02448e-01 |
   3750 | 5.33208e+00 1.51231e-03 | 1.89336e-01 4.02439e-01 |
   3751 | 5.33359e+00 1.51239e-03 | 1.89345e-01 4.02430e-01 |
   3752 | 5.33511e+00 1.51246e-03 | 1.89354e-01 4.02420e-01 |
   3753 | 5.33662e+00 1.51255e-03 | 1.89362e-01 4.02411e-01 |
   3754 | 5.33813e+00 1.51262e-03 | 1.89371e-01 4.02402e-01 |
   3755 | 5.33964e+00 1.51270e-03 | 1.89380e-01 4.02393e-01 |
   3756 | 5.34116e+00 1.51278e-03 | 1.89389e-01 4.02383e-01 |
   3757 | 5.34267e+00 1.51286e-03 | 1.89398e-01 4.02374e-01 |
   3758 | 5.34418e+00 1.51293e-03 | 1.89407e-01 4.02365e-01 |
   3759 | 5.34570e+00 1.51302e-03 | 1.89416e-01 4.02356e-01 |
   3760 | 5.34721e+00 1.51309e-03 | 1.89425e-01 4.02347e-01 |
   3761 | 5.34872e+00 1.51317e-03 | 1.89434e-01 4.02338e-01 |
   3762 | 5.35023e+00 1.51325e-03 | 1.89443e-01 4.02329e-01 |
   3763 | 5.35175e+00 1.51333e-03 | 1.89452e-01 4.02320e-01 |
   3764 | 5.35326e+00 1.51340e-03 | 1.89461e-01 4.02311e-01 |
   3765 | 5.35477e+00 1.51349e-03 | 1.89470e-01 4.02302e-01 |
   3766 | 5.35629e+00 1.51356e-03 | 1.89479e-01 4.02293e-01 |
   3767 | 5.35780e+00 1.51364e-03 | 1.89488e-01 4.02284e-01 |
   3768 | 5.35932e+00 1.51372e-03 | 1.89497e-01 4.02275e-01 |
   3769 | 5.36083e+00 1.51379e-03 | 1.89506e-01 4.02266e-01 |
   3770 | 5.36234e+00 1.51387e-03 | 1.89515e-01 4.02257e-01 |
   3771 | 5.36386e+00 1.51395e-03 | 1.89525e-01 4.02249e-01 |
   3772 | 5.36537e+00 1.51403e-03 | 1.89534e-01 4.02240e-01 |
   3773 | 5.36689e+00 1.51411e-03 | 1.89543e-01 4.02231e-01 |
   3774 | 5.36840e+00 1.51419e-03 | 1.89552e-01 4.02222e-01 |
   3775 | 5.36991e+00 1.51426e-03 | 1.89561e-01 4.02214e-01 |
   3776 | 5.37143e+00 1.51434e-03 | 1.89571e-01 4.02205e-01 |
   3777 | 5.37294e+00 1.51442e-03 | 1.89580e-01 4.02196e-01 |
   3778 | 5.37446e+00 1.51450e-03 | 1.89589e-01 4.02188e-01 |
   3779 | 5.37597e+00 1.51458e-03 | 1.89598e-01 4.02179e-01 |
   3780 | 5.37749e+00 1.51466e-03 | 1.89608e-01 4.02170e-01 |
   3781 | 5.37873e+00 1.24241e-03 | 1.89615e-01 4.02163e-01 |
   3782 | 5.38024e+00 1.51480e-03 | 1.89625e-01 4.02155e-01 |
   3783 | 5.38176e+00 1.51488e-03 | 1.89634e-01 4.02146e-01 |
   3784 | 5.38327e+00 1.51496e-03 | 1.89643e-01 4.02138e-01 |
   3785 | 5.38479e+00 1.51503e-03 | 1.89653e-01 4.02129e-01 |
   3786 | 5.38630e+00 1.51511e-03 | 1.89662e-01 4.02121e-01 |
   3787 | 5.38782e+00 1.51519e-03 | 1.89672e-01 4.02112e-01 |
   3788 | 5.38933e+00 1.51527e-03 | 1.89681e-01 4.02104e-01 |
   3789 | 5.39085e+00 1.51535e-03 | 1.89690e-01 4.02096e-01 |
   3790 | 5.39236e+00 1.51542e-03 | 1.89700e-01 4.02087e-01 |
   3791 | 5.39388e+00 1.51550e-03 | 1.89709e-01 4.02079e-01 |
   3792 | 5.39540e+00 1.51558e-03 | 1.89719e-01 4.02071e-01 |
   3793 | 5.39691e+00 1.51566e-03 | 1.89728e-01 4.02063e-01 |
   3794 | 5.39843e+00 1.51573e-03 | 1.89738e-01 4.02054e-01 |
   3795 | 5.39994e+00 1.51582e-03 | 1.89747e-01 4.02046e-01 |
   3796 | 5.40146e+00 1.51589e-03 | 1.89757e-01 4.02038e-01 |
   3797 | 5.40297e+00 1.51597e-03 | 1.89767e-01 4.02030e-01 |
   3798 | 5.40449e+00 1.51605e-03 | 1.89776e-01 4.02022e-01 |
   3799 | 5.40601e+00 1.51613e-03 | 1.89786e-01 4.02013e-01 |
   3800 | 5.40752e+00 1.51620e-03 | 1.89796e-01 4.02005e-01 |
   3801 | 5.40904e+00 1.51628e-03 | 1.89805e-01 4.01997e-01 |
   3802 | 5.41056e+00 1.51636e-03 | 1.89815e-01 4.01989e-01 |
   3803 | 5.41207e+00 1.51644e-03 | 1.89825e-01 4.01981e-01 |
   3804 | 5.41359e+00 1.51652e-03 | 1.89834e-01 4.01973e-01 |
   3805 | 5.41511e+00 1.51660e-03 | 1.89844e-01 4.01965e-01 |
   3806 | 5.41662e+00 1.51667e-03 | 1.89854e-01 4.01958e-01 |
   3807 | 5.41814e+00 1.51675e-03 | 1.89863e-01 4.01950e-01 |
   3808 | 5.41966e+00 1.51683e-03 | 1.89873e-01 4.01942e-01 |
   3809 | 5.42117e+00 1.51691e-03 | 1.89883e-01 4.01934e-01 |
   3810 | 5.42269e+00 1.51699e-03 | 1.89893e-01 4.01926e-01 |
   3811 | 5.42421e+00 1.51706e-03 | 1.89903e-01 4.01918e-01 |
   3812 | 5.42572e+00 1.51714e-03 | 1.89912e-01 4.01911e-01 |
   3813 | 5.42724e+00 1.51722e-03 | 1.89922e-01 4.01903e-01 |
   3814 | 5.42876e+00 1.51730e-03 | 1.89932e-01 4.01895e-01 |
   3815 | 5.43028e+00 1.51737e-03 | 1.89942e-01 4.01887e-01 |
   3816 | 5.43179e+00 1.51746e-03 | 1.89952e-01 4.01880e-01 |
   3817 | 5.43331e+00 1.51753e-03 | 1.89962e-01 4.01872e-01 |
   3818 | 5.43483e+00 1.51761e-03 | 1.89972e-01 4.01865e-01 |
   3819 | 5.43635e+00 1.51769e-03 | 1.89982e-01 4.01857e-01 |
   3820 | 5.43786e+00 1.51777e-03 | 1.89992e-01 4.01850e-01 |
   3821 | 5.43938e+00 1.51784e-03 | 1.90002e-01 4.01842e-01 |
   3822 | 5.44090e+00 1.51792e-03 | 1.90012e-01 4.01835e-01 |
   3823 | 5.44201e+00 1.10835e-03 | 1.90019e-01 4.01829e-01 |
   3824 | 5.44353e+00 1.51806e-03 | 1.90029e-01 4.01822e-01 |
   3825 | 5.44504e+00 1.51814e-03 | 1.90039e-01 4.01814e-01 |
   3826 | 5.44656e+00 1.51822e-03 | 1.90049e-01 4.01807e-01 |
   3827 | 5.44808e+00 1.51829e-03 | 1.90060e-01 4.01800e-01 |
   3828 | 5.44960e+00 1.51837e-03 | 1.90070e-01 4.01792e-01 |
   3829 | 5.45112e+00 1.51845e-03 | 1.90080e-01 4.01785e-01 |
   3830 | 5.45264e+00 1.51852e-03 | 1.90090e-01 4.01778e-01 |
   3831 | 5.45415e+00 1.51860e-03 | 1.90100e-01 4.01770e-01 |
   3832 | 5.45567e+00 1.51868e-03 | 1.90110e-01 4.01763e-01 |
   3833 | 5.45719e+00 1.51876e-03 | 1.90121e-01 4.01756e-01 |
   3834 | 5.45871e+00 1.51884e-03 | 1.90131e-01 4.01749e-01 |
   3835 | 5.46023e+00 1.51892e-03 | 1.90141e-01 4.01742e-01 |
   3836 | 5.46175e+00 1.51899e-03 | 1.90151e-01 4.01735e-01 |
   3837 | 5.46327e+00 1.51907e-03 | 1.90162e-01 4.01728e-01 |
   3838 | 5.46479e+00 1.51915e-03 | 1.90172e-01 4.01721e-01 |
   3839 | 5.46631e+00 1.51923e-03 | 1.90182e-01 4.01714e-01 |
   3840 | 5.46783e+00 1.51931e-03 | 1.90193e-01 4.01707e-01 |
   3841 | 5.46934e+00 1.51939e-03 | 1.90203e-01 4.01700e-01 |
   3842 | 5.47086e+00 1.51946e-03 | 1.90213e-01 4.01693e-01 |
   3843 | 5.47238e+00 1.51954e-03 | 1.90224e-01 4.01686e-01 |
   3844 | 5.47390e+00 1.51962e-03 | 1.90234e-01 4.01679e-01 |
   3845 | 5.47542e+00 1.51969e-03 | 1.90245e-01 4.01672e-01 |
   3846 | 5.47694e+00 1.51977e-03 | 1.90255e-01 4.01665e-01 |
   3847 | 5.47846e+00 1.51985e-03 | 1.90265e-01 4.01659e-01 |
   3848 | 5.47998e+00 1.51993e-03 | 1.90276e-01 4.01652e-01 |
   3849 | 5.48150e+00 1.52001e-03 | 1.90286e-01 4.01645e-01 |
   3850 | 5.48302e+00 1.52009e-03 | 1.90297e-01 4.01639e-01 |
   3851 | 5.48454e+00 1.52016e-03 | 1.90308e-01 4.01632e-01 |
   3852 | 5.48606e+00 1.52024e-03 | 1.90318e-01 4.01625e-01 |
   3853 | 5.48758e+00 1.52032e-03 | 1.90329e-01 4.01619e-01 |
   3854 | 5.48910e+00 1.52039e-03 | 1.90339e-01 4.01612e-01 |
   3855 | 5.49062e+00 1.52047e-03 | 1.90350e-01 4.01606e-01 |
   3856 | 5.49215e+00 1.52055e-03 | 1.90361e-01 4.01599e-01 |
   3857 | 5.49367e+00 1.52063e-03 | 1.90371e-01 4.01593e-01 |
   3858 | 5.49519e+00 1.52071e-03 | 1.90382e-01 4.01586e-01 |
   3859 | 5.49671e+00 1.52079e-03 | 1.90393e-01 4.01580e-01 |
   3860 | 5.49823e+00 1.52086e-03 | 1.90403e-01 4.01573e-01 |
   3861 | 5.49975e+00 1.52094e-03 | 1.90414e-01 4.01567e-01 |
   3862 | 5.50127e+00 1.52102e-03 | 1.90425e-01 4.01561e-01 |
   3863 | 5.50279e+00 1.52109e-03 | 1.90435e-01 4.01554e-01 |
   3864 | 5.50431e+00 1.52117e-03 | 1.90446e-01 4.01548e-01 |
   3865 | 5.50529e+00 9.74891e-04 | 1.90453e-01 4.01544e-01 |
   3866 | 5.50681e+00 1.52130e-03 | 1.90464e-01 4.01538e-01 |
   3867 | 5.50833e+00 1.52138e-03 | 1.90475e-01 4.01532e-01 |
   3868 | 5.50985e+00 1.52146e-03 | 1.90486e-01 4.01526e-01 |
   3869 | 5.51137e+00 1.52153e-03 | 1.90497e-01 4.01519e-01 |
   3870 | 5.51289e+00 1.52161e-03 | 1.90507e-01 4.01513e-01 |
   3871 | 5.51442e+00 1.52169e-03 | 1.90518e-01 4.01507e-01 |
   3872 | 5.51594e+00 1.52177e-03 | 1.90529e-01 4.01501e-01 |
   3873 | 5.51746e+00 1.52184e-03 | 1.90540e-01 4.01495e-01 |
   3874 | 5.51898e+00 1.52193e-03 | 1.90551e-01 4.01489e-01 |
   3875 | 5.52050e+00 1.52200e-03 | 1.90562e-01 4.01483e-01 |
   3876 | 5.52203e+00 1.52208e-03 | 1.90573e-01 4.01477e-01 |
   3877 | 5.52355e+00 1.52216e-03 | 1.90584e-01 4.01472e-01 |
   3878 | 5.52507e+00 1.52223e-03 | 1.90595e-01 4.01466e-01 |
   3879 | 5.52659e+00 1.52231e-03 | 1.90606e-01 4.01460e-01 |
   3880 | 5.52811e+00 1.52239e-03 | 1.90617e-01 4.01454e-01 |
   3881 | 5.52964e+00 1.52246e-03 | 1.90629e-01 4.01448e-01 |
   3882 | 5.53116e+00 1.52254e-03 | 1.90640e-01 4.01443e-01 |
   3883 | 5.53268e+00 1.52262e-03 | 1.90651e-01 4.01437e-01 |
   3884 | 5.53421e+00 1.52270e-03 | 1.90662e-01 4.01431e-01 |
   3885 | 5.53573e+00 1.52277e-03 | 1.90673e-01 4.01426e-01 |
   3886 | 5.53725e+00 1.52286e-03 | 1.90684e-01 4.01420e-01 |
   3887 | 5.53877e+00 1.52293e-03 | 1.90696e-01 4.01415e-01 |
   3888 | 5.54030e+00 1.52301e-03 | 1.90707e-01 4.01409e-01 |
   3889 | 5.54182e+00 1.52309e-03 | 1.90718e-01 4.01404e-01 |
   3890 | 5.54334e+00 1.52316e-03 | 1.90729e-01 4.01398e-01 |
   3891 | 5.54487e+00 1.52324e-03 | 1.90741e-01 4.01393e-01 |
   3892 | 5.54639e+00 1.52332e-03 | 1.90752e-01 4.01387e-01 |
   3893 | 5.54791e+00 1.52339e-03 | 1.90763e-01 4.01382e-01 |
   3894 | 5.54944e+00 1.52347e-03 | 1.90775e-01 4.01377e-01 |
   3895 | 5.55096e+00 1.52355e-03 | 1.90786e-01 4.01371e-01 |
   3896 | 5.55248e+00 1.52363e-03 | 1.90797e-01 4.01366e-01 |
   3897 | 5.55401e+00 1.52370e-03 | 1.90809e-01 4.01361e-01 |
   3898 | 5.55553e+00 1.52379e-03 | 1.90820e-01 4.01356e-01 |
   3899 | 5.55705e+00 1.52386e-03 | 1.90832e-01 4.01350e-01 |
   3900 | 5.55858e+00 1.52394e-03 | 1.90843e-01 4.01345e-01 |
   3901 | 5.56010e+00 1.52402e-03 | 1.90855e-01 4.01340e-01 |
   3902 | 5.56163e+00 1.52409e-03 | 1.90866e-01 4.01335e-01 |
   3903 | 5.56315e+00 1.52417e-03 | 1.90878e-01 4.01330e-01 |
   3904 | 5.56468e+00 1.52425e-03 | 1.90889e-01 4.01325e-01 |
   3905 | 5.56620e+00 1.52432e-03 | 1.90901e-01 4.01320e-01 |
   3906 | 5.56772e+00 1.52440e-03 | 1.90913e-01 4.01315e-01 |
   3907 | 5.56857e+00 8.42192e-04 | 1.90919e-01 4.01312e-01 |
   3908 | 5.57009e+00 1.52452e-03 | 1.90931e-01 4.01307e-01 |
   3909 | 5.57162e+00 1.52460e-03 | 1.90942e-01 4.01303e-01 |
   3910 | 5.57314e+00 1.52468e-03 | 1.90954e-01 4.01298e-01 |
   3911 | 5.57466e+00 1.52476e-03 | 1.90966e-01 4.01293e-01 |
   3912 | 5.57619e+00 1.52483e-03 | 1.90977e-01 4.01288e-01 |
   3913 | 5.57771e+00 1.52491e-03 | 1.90989e-01 4.01283e-01 |
   3914 | 5.57924e+00 1.52499e-03 | 1.91001e-01 4.01279e-01 |
   3915 | 5.58076e+00 1.52506e-03 | 1.91013e-01 4.01274e-01 |
   3916 | 5.58229e+00 1.52514e-03 | 1.91024e-01 4.01269e-01 |
   3917 | 5.58381e+00 1.52522e-03 | 1.91036e-01 4.01265e-01 |
   3918 | 5.58534e+00 1.52529e-03 | 1.91048e-01 4.01260e-01 |
   3919 | 5.58687e+00 1.52537e-03 | 1.91060e-01 4.01256e-01 |
   3920 | 5.58839e+00 1.52545e-03 | 1.91072e-01 4.01251e-01 |
   3921 | 5.58992e+00 1.52552e-03 | 1.91084e-01 4.01247e-01 |
   3922 | 5.59144e+00 1.52560e-03 | 1.91095e-01 4.01242e-01 |
   3923 | 5.59297e+00 1.52568e-03 | 1.91107e-01 4.01238e-01 |
   3924 | 5.59449e+00 1.52576e-03 | 1.91119e-01 4.01234e-01 |
   3925 | 5.59602e+00 1.52584e-03 | 1.91131e-01 4.01229e-01 |
   3926 | 5.59755e+00 1.52591e-03 | 1.91143e-01 4.01225e-01 |
   3927 | 5.59907e+00 1.52599e-03 | 1.91155e-01 4.01221e-01 |
   3928 | 5.60060e+00 1.52607e-03 | 1.91167e-01 4.01217e-01 |
   3929 | 5.60212e+00 1.52614e-03 | 1.91179e-01 4.01212e-01 |
   3930 | 5.60365e+00 1.52622e-03 | 1.91192e-01 4.01208e-01 |
   3931 | 5.60518e+00 1.52630e-03 | 1.91204e-01 4.01204e-01 |
   3932 | 5.60670e+00 1.52638e-03 | 1.91216e-01 4.01200e-01 |
   3933 | 5.60823e+00 1.52645e-03 | 1.91228e-01 4.01196e-01 |
   3934 | 5.60976e+00 1.52653e-03 | 1.91240e-01 4.01192e-01 |
   3935 | 5.61128e+00 1.52661e-03 | 1.91252e-01 4.01188e-01 |
   3936 | 5.61281e+00 1.52668e-03 | 1.91264e-01 4.01184e-01 |
   3937 | 5.61434e+00 1.52676e-03 | 1.91277e-01 4.01180e-01 |
   3938 | 5.61586e+00 1.52684e-03 | 1.91289e-01 4.01176e-01 |
   3939 | 5.61739e+00 1.52691e-03 | 1.91301e-01 4.01172e-01 |
   3940 | 5.61892e+00 1.52699e-03 | 1.91313e-01 4.01169e-01 |
   3941 | 5.62044e+00 1.52707e-03 | 1.91326e-01 4.01165e-01 |
   3942 | 5.62197e+00 1.52714e-03 | 1.91338e-01 4.01161e-01 |
   3943 | 5.62350e+00 1.52722e-03 | 1.91350e-01 4.01157e-01 |
   3944 | 5.62503e+00 1.52730e-03 | 1.91363e-01 4.01154e-01 |
   3945 | 5.62655e+00 1.52737e-03 | 1.91375e-01 4.01150e-01 |
   3946 | 5.62808e+00 1.52745e-03 | 1.91388e-01 4.01147e-01 |
   3947 | 5.62961e+00 1.52753e-03 | 1.91400e-01 4.01143e-01 |
   3948 | 5.63113e+00 1.52760e-03 | 1.91412e-01 4.01139e-01 |
   3949 | 5.63185e+00 7.10474e-04 | 1.91418e-01 4.01138e-01 |
   3950 | 5.63337e+00 1.52772e-03 | 1.91431e-01 4.01134e-01 |
   3951 | 5.63490e+00 1.52779e-03 | 1.91443e-01 4.01131e-01 |
   3952 | 5.63643e+00 1.52787e-03 | 1.91456e-01 4.01128e-01 |
   3953 | 5.63796e+00 1.52795e-03 | 1.91468e-01 4.01124e-01 |
   3954 | 5.63948e+00 1.52802e-03 | 1.91481e-01 4.01121e-01 |
   3955 | 5.64101e+00 1.52810e-03 | 1.91494e-01 4.01118e-01 |
   3956 | 5.64254e+00 1.52818e-03 | 1.91506e-01 4.01114e-01 |
   3957 | 5.64407e+00 1.52826e-03 | 1.91519e-01 4.01111e-01 |
   3958 | 5.64560e+00 1.52833e-03 | 1.91531e-01 4.01108e-01 |
   3959 | 5.64713e+00 1.52841e-03 | 1.91544e-01 4.01105e-01 |
   3960 | 5.64865e+00 1.52849e-03 | 1.91557e-01 4.01102e-01 |
   3961 | 5.65018e+00 1.52856e-03 | 1.91570e-01 4.01099e-01 |
   3962 | 5.65171e+00 1.52864e-03 | 1.91582e-01 4.01095e-01 |
   3963 | 5.65324e+00 1.52872e-03 | 1.91595e-01 4.01092e-01 |
   3964 | 5.65477e+00 1.52879e-03 | 1.91608e-01 4.01090e-01 |
   3965 | 5.65630e+00 1.52887e-03 | 1.91621e-01 4.01087e-01 |
   3966 | 5.65783e+00 1.52895e-03 | 1.91633e-01 4.01084e-01 |
   3967 | 5.65936e+00 1.52902e-03 | 1.91646e-01 4.01081e-01 |
   3968 | 5.66089e+00 1.52910e-03 | 1.91659e-01 4.01078e-01 |
   3969 | 5.66241e+00 1.52918e-03 | 1.91672e-01 4.01075e-01 |
   3970 | 5.66394e+00 1.52925e-03 | 1.91685e-01 4.01072e-01 |
   3971 | 5.66547e+00 1.52933e-03 | 1.91698e-01 4.01070e-01 |
   3972 | 5.66700e+00 1.52940e-03 | 1.91711e-01 4.01067e-01 |
   3973 | 5.66853e+00 1.52948e-03 | 1.91724e-01 4.01064e-01 |
   3974 | 5.67006e+00 1.52956e-03 | 1.91737e-01 4.01062e-01 |
   3975 | 5.67159e+00 1.52963e-03 | 1.91750e-01 4.01059e-01 |
   3976 | 5.67312e+00 1.52971e-03 | 1.91763e-01 4.01057e-01 |
   3977 | 5.67465e+00 1.52979e-03 | 1.91776e-01 4.01054e-01 |
   3978 | 5.67618e+00 1.52986e-03 | 1.91789e-01 4.01052e-01 |
   3979 | 5.67771e+00 1.52994e-03 | 1.91802e-01 4.01049e-01 |
   3980 | 5.67924e+00 1.53002e-03 | 1.91815e-01 4.01047e-01 |
   3981 | 5.68077e+00 1.53009e-03 | 1.91829e-01 4.01045e-01 |
   3982 | 5.68230e+00 1.53017e-03 | 1.91842e-01 4.01042e-01 |
   3983 | 5.68383e+00 1.53025e-03 | 1.91855e-01 4.01040e-01 |
   3984 | 5.68536e+00 1.53032e-03 | 1.91868e-01 4.01038e-01 |
   3985 | 5.68689e+00 1.53040e-03 | 1.91881e-01 4.01036e-01 |
   3986 | 5.68842e+00 1.53048e-03 | 1.91895e-01 4.01034e-01 |
   3987 | 5.68995e+00 1.53055e-03 | 1.91908e-01 4.01031e-01 |
   3988 | 5.69148e+00 1.53063e-03 | 1.91921e-01 4.01029e-01 |
   3989 | 5.69301e+00 1.53071e-03 | 1.91935e-01 4.01027e-01 |
   3990 | 5.69454e+00 1.53078e-03 | 1.91948e-01 4.01025e-01 |
   3991 | 5.69512e+00 5.79812e-04 | 1.91953e-01 4.01024e-01 |
   3992 | 5.69666e+00 1.53089e-03 | 1.91966e-01 4.01023e-01 |
   3993 | 5.69819e+00 1.53097e-03 | 1.91980e-01 4.01021e-01 |
   3994 | 5.69972e+00 1.53104e-03 | 1.91993e-01 4.01019e-01 |
   3995 | 5.70125e+00 1.53111e-03 | 1.92007e-01 4.01017e-01 |
   3996 | 5.70278e+00 1.53119e-03 | 1.92020e-01 4.01015e-01 |
   3997 | 5.70431e+00 1.53127e-03 | 1.92034e-01 4.01014e-01 |
   3998 | 5.70584e+00 1.53134e-03 | 1.92047e-01 4.01012e-01 |
   3999 | 5.70737e+00 1.53142e-03 | 1.92061e-01 4.01010e-01 |
   4000 | 5.70891e+00 1.53149e-03 | 1.92074e-01 4.01009e-01 |
   4001 | 5.71044e+00 1.53157e-03 | 1.92088e-01 4.01007e-01 |
   4002 | 5.71197e+00 1.53165e-03 | 1.92102e-01 4.01005e-01 |
   4003 | 5.71350e+00 1.53172e-03 | 1.92115e-01 4.01004e-01 |
   4004 | 5.71503e+00 1.53180e-03 | 1.92129e-01 4.01002e-01 |
   4005 | 5.71656e+00 1.53188e-03 | 1.92143e-01 4.01001e-01 |
   4006 | 5.71810e+00 1.53195e-03 | 1.92156e-01 4.01000e-01 |
   4007 | 5.71963e+00 1.53203e-03 | 1.92170e-01 4.00998e-01 |
   4008 | 5.72116e+00 1.53211e-03 | 1.92184e-01 4.00997e-01 |
   4009 | 5.72269e+00 1.53218e-03 | 1.92198e-01 4.00996e-01 |
   4010 | 5.72422e+00 1.53226e-03 | 1.92211e-01 4.00994e-01 |
   4011 | 5.72576e+00 1.53234e-03 | 1.92225e-01 4.00993e-01 |
   4012 | 5.72729e+00 1.53241e-03 | 1.92239e-01 4.00992e-01 |
   4013 | 5.72882e+00 1.53248e-03 | 1.92253e-01 4.00991e-01 |
   4014 | 5.73035e+00 1.53256e-03 | 1.92267e-01 4.00990e-01 |
   4015 | 5.73189e+00 1.53263e-03 | 1.92281e-01 4.00989e-01 |
   4016 | 5.73342e+00 1.53271e-03 | 1.92295e-01 4.00988e-01 |
   4017 | 5.73495e+00 1.53279e-03 | 1.92309e-01 4.00987e-01 |
   4018 | 5.73649e+00 1.53286e-03 | 1.92323e-01 4.00986e-01 |
   4019 | 5.73802e+00 1.53294e-03 | 1.92337e-01 4.00985e-01 |
   4020 | 5.73955e+00 1.53302e-03 | 1.92351e-01 4.00984e-01 |
   4021 | 5.74108e+00 1.53309e-03 | 1.92365e-01 4.00983e-01 |
   4022 | 5.74262e+00 1.53317e-03 | 1.92379e-01 4.00983e-01 |
   4023 | 5.74415e+00 1.53325e-03 | 1.92393e-01 4.00982e-01 |
   4024 | 5.74568e+00 1.53332e-03 | 1.92407e-01 4.00981e-01 |
   4025 | 5.74722e+00 1.53339e-03 | 1.92421e-01 4.00980e-01 |
   4026 | 5.74875e+00 1.53347e-03 | 1.92435e-01 4.00980e-01 |
   4027 | 5.75028e+00 1.53354e-03 | 1.92450e-01 4.00979e-01 |
   4028 | 5.75182e+00 1.53362e-03 | 1.92464e-01 4.00979e-01 |
   4029 | 5.75335e+00 1.53370e-03 | 1.92478e-01 4.00978e-01 |
   4030 | 5.75489e+00 1.53377e-03 | 1.92492e-01 4.00978e-01 |
   4031 | 5.75642e+00 1.53385e-03 | 1.92507e-01 4.00977e-01 |
   4032 | 5.75795e+00 1.53393e-03 | 1.92521e-01 4.00977e-01 |
   4033 | 5.75840e+00 4.50460e-04 | 1.92526e-01 4.00977e-01 |
   4034 | 5.75994e+00 1.53402e-03 | 1.92540e-01 4.00977e-01 |
   4035 | 5.76147e+00 1.53410e-03 | 1.92554e-01 4.00976e-01 |
   4036 | 5.76301e+00 1.53417e-03 | 1.92568e-01 4.00976e-01 |
   4037 | 5.76454e+00 1.53425e-03 | 1.92583e-01 4.00976e-01 |
   4038 | 5.76607e+00 1.53433e-03 | 1.92597e-01 4.00976e-01 |
   4039 | 5.76761e+00 1.53440e-03 | 1.92612e-01 4.00976e-01 |
   4040 | 5.76914e+00 1.53447e-03 | 1.92626e-01 4.00976e-01 |
   4041 | 5.77068e+00 1.53455e-03 | 1.92641e-01 4.00976e-01 |
   4042 | 5.77221e+00 1.53463e-03 | 1.92655e-01 4.00976e-01 |
   4043 | 5.77375e+00 1.53470e-03 | 1.92670e-01 4.00976e-01 |
   4044 | 5.77528e+00 1.53478e-03 | 1.92685e-01 4.00976e-01 |
   4045 | 5.77682e+00 1.53485e-03 | 1.92699e-01 4.00976e-01 |
   4046 | 5.77835e+00 1.53492e-03 | 1.92714e-01 4.00976e-01 |
   4047 | 5.77989e+00 1.53500e-03 | 1.92728e-01 4.00977e-01 |
   4048 | 5.78142e+00 1.53508e-03 | 1.92743e-01 4.00977e-01 |
   4049 | 5.78296e+00 1.53515e-03 | 1.92758e-01 4.00977e-01 |
   4050 | 5.78449e+00 1.53523e-03 | 1.92773e-01 4.00977e-01 |
   4051 | 5.78603e+00 1.53530e-03 | 1.92787e-01 4.00978e-01 |
   4052 | 5.78756e+00 1.53538e-03 | 1.92802e-01 4.00978e-01 |
   4053 | 5.78910e+00 1.53546e-03 | 1.92817e-01 4.00979e-01 |
   4054 | 5.79063e+00 1.53553e-03 | 1.92832e-01 4.00979e-01 |
   4055 | 5.79217e+00 1.53560e-03 | 1.92847e-01 4.00980e-01 |
   4056 | 5.79371e+00 1.53568e-03 | 1.92862e-01 4.00981e-01 |
   4057 | 5.79524e+00 1.53576e-03 | 1.92876e-01 4.00981e-01 |
   4058 | 5.79678e+00 1.53583e-03 | 1.92891e-01 4.00982e-01 |
   4059 | 5.79831e+00 1.53591e-03 | 1.92906e-01 4.00983e-01 |
   4060 | 5.79985e+00 1.53598e-03 | 1.92921e-01 4.00983e-01 |
   4061 | 5.80138e+00 1.53605e-03 | 1.92936e-01 4.00984e-01 |
   4062 | 5.80292e+00 1.53613e-03 | 1.92951e-01 4.00985e-01 |
   4063 | 5.80446e+00 1.53621e-03 | 1.92966e-01 4.00986e-01 |
   4064 | 5.80599e+00 1.53628e-03 | 1.92982e-01 4.00987e-01 |
   4065 | 5.80753e+00 1.53636e-03 | 1.92997e-01 4.00988e-01 |
   4066 | 5.80907e+00 1.53643e-03 | 1.93012e-01 4.00989e-01 |
   4067 | 5.81060e+00 1.53650e-03 | 1.93027e-01 4.00990e-01 |
   4068 | 5.81214e+00 1.53658e-03 | 1.93042e-01 4.00991e-01 |
   4069 | 5.81368e+00 1.53666e-03 | 1.93057e-01 4.00992e-01 |
   4070 | 5.81521e+00 1.53673e-03 | 1.93073e-01 4.00994e-01 |
   4071 | 5.81675e+00 1.53681e-03 | 1.93088e-01 4.00995e-01 |
   4072 | 5.81829e+00 1.53688e-03 | 1.93103e-01 4.00996e-01 |
   4073 | 5.81982e+00 1.53695e-03 | 1.93118e-01 4.00998e-01 |
   4074 | 5.82136e+00 1.53703e-03 | 1.93134e-01 4.00999e-01 |
   4075 | 5.82168e+00 3.22517e-04 | 1.93137e-01 4.00999e-01 |
   4076 | 5.82322e+00 1.53712e-03 | 1.93152e-01 4.01001e-01 |
   4077 | 5.82476e+00 1.53719e-03 | 1.93168e-01 4.01002e-01 |
   4078 | 5.82629e+00 1.53727e-03 | 1.93183e-01 4.01004e-01 |
   4079 | 5.82783e+00 1.53734e-03 | 1.93199e-01 4.01005e-01 |
   4080 | 5.82937e+00 1.53742e-03 | 1.93214e-01 4.01007e-01 |
   4081 | 5.83091e+00 1.53750e-03 | 1.93230e-01 4.01009e-01 |
   4082 | 5.83244e+00 1.53757e-03 | 1.93245e-01 4.01010e-01 |
   4083 | 5.83398e+00 1.53764e-03 | 1.93261e-01 4.01012e-01 |
   4084 | 5.83552e+00 1.53772e-03 | 1.93276e-01 4.01014e-01 |
   4085 | 5.83706e+00 1.53779e-03 | 1.93292e-01 4.01016e-01 |
   4086 | 5.83860e+00 1.53786e-03 | 1.93308e-01 4.01018e-01 |
   4087 | 5.84013e+00 1.53794e-03 | 1.93323e-01 4.01019e-01 |
   4088 | 5.84167e+00 1.53802e-03 | 1.93339e-01 4.01021e-01 |
   4089 | 5.84321e+00 1.53809e-03 | 1.93355e-01 4.01023e-01 |
   4090 | 5.84475e+00 1.53817e-03 | 1.93370e-01 4.01026e-01 |
   4091 | 5.84629e+00 1.53824e-03 | 1.93386e-01 4.01028e-01 |
   4092 | 5.84782e+00 1.53831e-03 | 1.93402e-01 4.01030e-01 |
   4093 | 5.84936e+00 1.53839e-03 | 1.93418e-01 4.01032e-01 |
   4094 | 5.85090e+00 1.53846e-03 | 1.93433e-01 4.01034e-01 |
   4095 | 5.85244e+00 1.53854e-03 | 1.93449e-01 4.01037e-01 |
   4096 | 5.85398e+00 1.53862e-03 | 1.93465e-01 4.01039e-01 |
   4097 | 5.85552e+00 1.53869e-03 | 1.93481e-01 4.01041e-01 |
   4098 | 5.85706e+00 1.53876e-03 | 1.93497e-01 4.01044e-01 |
   4099 | 5.85859e+00 1.53884e-03 | 1.93513e-01 4.01046e-01 |
   4100 | 5.86013e+00 1.53891e-03 | 1.93529e-01 4.01049e-01 |
   4101 | 5.86167e+00 1.53898e-03 | 1.93545e-01 4.01051e-01 |
   4102 | 5.86321e+00 1.53906e-03 | 1.93561e-01 4.01054e-01 |
   4103 | 5.86475e+00 1.53913e-03 | 1.93577e-01 4.01057e-01 |
   4104 | 5.86629e+00 1.53920e-03 | 1.93593e-01 4.01059e-01 |
   4105 | 5.86783e+00 1.53928e-03 | 1.93609e-01 4.01062e-01 |
   4106 | 5.86937e+00 1.53935e-03 | 1.93626e-01 4.01065e-01 |
   4107 | 5.87091e+00 1.53943e-03 | 1.93642e-01 4.01068e-01 |
   4108 | 5.87245e+00 1.53951e-03 | 1.93658e-01 4.01071e-01 |
   4109 | 5.87399e+00 1.53958e-03 | 1.93674e-01 4.01073e-01 |
   4110 | 5.87553e+00 1.53965e-03 | 1.93690e-01 4.01076e-01 |
   4111 | 5.87707e+00 1.53973e-03 | 1.93707e-01 4.01079e-01 |
   4112 | 5.87861e+00 1.53980e-03 | 1.93723e-01 4.01083e-01 |
   4113 | 5.88015e+00 1.53987e-03 | 1.93739e-01 4.01086e-01 |
   4114 | 5.88169e+00 1.53995e-03 | 1.93756e-01 4.01089e-01 |
   4115 | 5.88323e+00 1.54002e-03 | 1.93772e-01 4.01092e-01 |
   4116 | 5.88477e+00 1.54009e-03 | 1.93788e-01 4.01095e-01 |
   4117 | 5.88496e+00 1.96135e-04 | 1.93791e-01 4.01096e-01 |
   4118 | 5.88650e+00 1.54018e-03 | 1.93807e-01 4.01099e-01 |
   4119 | 5.88804e+00 1.54025e-03 | 1.93823e-01 4.01102e-01 |
   4120 | 5.88958e+00 1.54032e-03 | 1.93840e-01 4.01106e-01 |
   4121 | 5.89112e+00 1.54040e-03 | 1.93857e-01 4.01109e-01 |
   4122 | 5.89266e+00 1.54047e-03 | 1.93873e-01 4.01113e-01 |
   4123 | 5.89420e+00 1.54055e-03 | 1.93890e-01 4.01116e-01 |
   4124 | 5.89574e+00 1.54063e-03 | 1.93906e-01 4.01120e-01 |
   4125 | 5.89729e+00 1.54069e-03 | 1.93923e-01 4.01123e-01 |
   4126 | 5.89883e+00 1.54077e-03 | 1.93940e-01 4.01127e-01 |
   4127 | 5.90037e+00 1.54085e-03 | 1.93956e-01 4.01131e-01 |
   4128 | 5.90191e+00 1.54092e-03 | 1.93973e-01 4.01135e-01 |
   4129 | 5.90345e+00 1.54099e-03 | 1.93990e-01 4.01139e-01 |
   4130 | 5.90499e+00 1.54107e-03 | 1.94006e-01 4.01142e-01 |
   4131 | 5.90653e+00 1.54114e-03 | 1.94023e-01 4.01146e-01 |
   4132 | 5.90807e+00 1.54121e-03 | 1.94040e-01 4.01150e-01 |
   4133 | 5.90961e+00 1.54129e-03 | 1.94057e-01 4.01154e-01 |
   4134 | 5.91116e+00 1.54136e-03 | 1.94074e-01 4.01158e-01 |
   4135 | 5.91270e+00 1.54143e-03 | 1.94091e-01 4.01163e-01 |
   4136 | 5.91424e+00 1.54151e-03 | 1.94108e-01 4.01167e-01 |
   4137 | 5.91578e+00 1.54158e-03 | 1.94125e-01 4.01171e-01 |
   4138 | 5.91732e+00 1.54165e-03 | 1.94142e-01 4.01175e-01 |
   4139 | 5.91886e+00 1.54173e-03 | 1.94159e-01 4.01179e-01 |
   4140 | 5.92040e+00 1.54180e-03 | 1.94176e-01 4.01184e-01 |
   4141 | 5.92195e+00 1.54187e-03 | 1.94193e-01 4.01188e-01 |
   4142 | 5.92349e+00 1.54195e-03 | 1.94210e-01 4.01193e-01 |
   4143 | 5.92503e+00 1.54202e-03 | 1.94227e-01 4.01197e-01 |
   4144 | 5.92657e+00 1.54209e-03 | 1.94244e-01 4.01202e-01 |
   4145 | 5.92811e+00 1.54217e-03 | 1.94261e-01 4.01206e-01 |
   4146 | 5.92966e+00 1.54224e-03 | 1.94279e-01 4.01211e-01 |
   4147 | 5.93120e+00 1.54231e-03 | 1.94296e-01 4.01216e-01 |
   4148 | 5.93274e+00 1.54239e-03 | 1.94313e-01 4.01220e-01 |
   4149 | 5.93428e+00 1.54246e-03 | 1.94330e-01 4.01225e-01 |
   4150 | 5.93583e+00 1.54253e-03 | 1.94348e-01 4.01230e-01 |
   4151 | 5.93737e+00 1.54261e-03 | 1.94365e-01 4.01235e-01 |
   4152 | 5.93891e+00 1.54268e-03 | 1.94382e-01 4.01240e-01 |
   4153 | 5.94045e+00 1.54275e-03 | 1.94400e-01 4.01245e-01 |
   4154 | 5.94200e+00 1.54283e-03 | 1.94417e-01 4.01250e-01 |
   4155 | 5.94354e+00 1.54290e-03 | 1.94435e-01 4.01255e-01 |
   4156 | 5.94508e+00 1.54297e-03 | 1.94452e-01 4.01260e-01 |
   4157 | 5.94663e+00 1.54305e-03 | 1.94470e-01 4.01265e-01 |
   4158 | 5.94817e+00 1.54312e-03 | 1.94487e-01 4.01271e-01 |
   4159 | 5.94824e+00 7.14764e-05 | 1.94489e-01 4.01271e-01 |
   4160 | 5.94978e+00 1.54319e-03 | 1.94506e-01 4.01276e-01 |
   4161 | 5.95133e+00 1.54327e-03 | 1.94523e-01 4.01282e-01 |
   4162 | 5.95287e+00 1.54334e-03 | 1.94541e-01 4.01287e-01 |
   4163 | 5.95441e+00 1.54341e-03 | 1.94559e-01 4.01292e-01 |
   4164 | 5.95596e+00 1.54349e-03 | 1.94576e-01 4.01298e-01 |
   4165 | 5.95750e+00 1.54356e-03 | 1.94594e-01 4.01304e-01 |
   4166 | 5.95905e+00 1.54363e-03 | 1.94612e-01 4.01309e-01 |
   4167 | 5.96059e+00 1.54371e-03 | 1.94630e-01 4.01315e-01 |
   4168 | 5.96213e+00 1.54377e-03 | 1.94647e-01 4.01320e-01 |
   4169 | 5.96368e+00 1.54385e-03 | 1.94665e-01 4.01326e-01 |
   4170 | 5.96522e+00 1.54393e-03 | 1.94683e-01 4.01332e-01 |
   4171 | 5.96676e+00 1.54399e-03 | 1.94701e-01 4.01338e-01 |
   4172 | 5.96831e+00 1.54406e-03 | 1.94719e-01 4.01344e-01 |
   4173 | 5.96985e+00 1.54414e-03 | 1.94737e-01 4.01350e-01 |
   4174 | 5.97140e+00 1.54421e-03 | 1.94755e-01 4.01356e-01 |
   4175 | 5.97294e+00 1.54428e-03 | 1.94773e-01 4.01362e-01 |
   4176 | 5.97449e+00 1.54436e-03 | 1.94791e-01 4.01368e-01 |
   4177 | 5.97603e+00 1.54443e-03 | 1.94809e-01 4.01374e-01 |
   4178 | 5.97757e+00 1.54450e-03 | 1.94827e-01 4.01380e-01 |
   4179 | 5.97912e+00 1.54458e-03 | 1.94845e-01 4.01387e-01 |
   4180 | 5.98066e+00 1.54465e-03 | 1.94863e-01 4.01393e-01 |
   4181 | 5.98221e+00 1.54472e-03 | 1.94882e-01 4.01399e-01 |
   4182 | 5.98375e+00 1.54480e-03 | 1.94900e-01 4.01406e-01 |
   4183 | 5.98530e+00 1.54486e-03 | 1.94918e-01 4.01412e-01 |
   4184 | 5.98684e+00 1.54493e-03 | 1.94936e-01 4.01419e-01 |
   4185 | 5.98839e+00 1.54501e-03 | 1.94955e-01 4.01425e-01 |
   4186 | 5.98993e+00 1.54508e-03 | 1.94973e-01 4.01432e-01 |
   4187 | 5.99148e+00 1.54515e-03 | 1.94991e-01 4.01438e-01 |
   4188 | 5.99302e+00 1.54523e-03 | 1.95010e-01 4.01445e-01 |
   4189 | 5.99457e+00 1.54530e-03 | 1.95028e-01 4.01452e-01 |
   4190 | 5.99611e+00 1.54537e-03 | 1.95047e-01 4.01459e-01 |
   4191 | 5.99766e+00 1.54545e-03 | 1.95065e-01 4.01466e-01 |
   4192 | 5.99920e+00 1.54551e-03 | 1.95084e-01 4.01473e-01 |
   4193 | 6.00075e+00 1.54558e-03 | 1.95102e-01 4.01480e-01 |
   4194 | 6.00230e+00 1.54566e-03 | 1.95121e-01 4.01487e-01 |
   4195 | 6.00384e+00 1.54573e-03 | 1.95139e-01 4.01494e-01 |
   4196 | 6.00539e+00 1.54580e-03 | 1.95158e-01 4.01501e-01 |
   4197 | 6.00693e+00 1.54588e-03 | 1.95177e-01 4.01508e-01 |
   4198 | 6.00848e+00 1.54594e-03 | 1.95195e-01 4.01515e-01 |
   4199 | 6.01003e+00 1.54602e-03 | 1.95214e-01 4.01523e-01 |
   4200 | 6.01152e+00 1.49482e-03 | 1.95232e-01 4.01530e-01 |
   4201 | 6.01307e+00 1.54616e-03 | 1.95251e-01 4.01537e-01 |
   4202 | 6.01461e+00 1.54623e-03 | 1.95270e-01 4.01545e-01 |
   4203 | 6.01616e+00 1.54631e-03 | 1.95289e-01 4.01552e-01 |
   4204 | 6.01771e+00 1.54637e-03 | 1.95307e-01 4.01560e-01 |
   4205 | 6.01925e+00 1.54644e-03 | 1.95326e-01 4.01567e-01 |
   4206 | 6.02080e+00 1.54652e-03 | 1.95345e-01 4.01575e-01 |
   4207 | 6.02235e+00 1.54659e-03 | 1.95364e-01 4.01583e-01 |
   4208 | 6.02389e+00 1.54666e-03 | 1.95383e-01 4.01591e-01 |
   4209 | 6.02544e+00 1.54674e-03 | 1.95402e-01 4.01598e-01 |
   4210 | 6.02699e+00 1.54680e-03 | 1.95421e-01 4.01606e-01 |
   4211 | 6.02853e+00 1.54687e-03 | 1.95440e-01 4.01614e-01 |
   4212 | 6.03008e+00 1.54695e-03 | 1.95460e-01 4.01622e-01 |
   4213 | 6.03163e+00 1.54702e-03 | 1.95479e-01 4.01630e-01 |
   4214 | 6.03317e+00 1.54709e-03 | 1.95498e-01 4.01638e-01 |
   4215 | 6.03472e+00 1.54717e-03 | 1.95517e-01 4.01647e-01 |
   4216 | 6.03627e+00 1.54723e-03 | 1.95536e-01 4.01655e-01 |
   4217 | 6.03781e+00 1.54730e-03 | 1.95556e-01 4.01663e-01 |
   4218 | 6.03936e+00 1.54738e-03 | 1.95575e-01 4.01671e-01 |
   4219 | 6.04091e+00 1.54745e-03 | 1.95594e-01 4.01680e-01 |
   4220 | 6.04246e+00 1.54752e-03 | 1.95614e-01 4.01688e-01 |
   4221 | 6.04400e+00 1.54759e-03 | 1.95633e-01 4.01697e-01 |
   4222 | 6.04555e+00 1.54766e-03 | 1.95652e-01 4.01705e-01 |
   4223 | 6.04710e+00 1.54773e-03 | 1.95672e-01 4.01714e-01 |
   4224 | 6.04865e+00 1.54781e-03 | 1.95691e-01 4.01722e-01 |
   4225 | 6.05020e+00 1.54788e-03 | 1.95711e-01 4.01731e-01 |
   4226 | 6.05174e+00 1.54794e-03 | 1.95730e-01 4.01740e-01 |
   4227 | 6.05329e+00 1.54802e-03 | 1.95750e-01 4.01749e-01 |
   4228 | 6.05484e+00 1.54809e-03 | 1.95770e-01 4.01758e-01 |
   4229 | 6.05639e+00 1.54816e-03 | 1.95789e-01 4.01767e-01 |
   4230 | 6.05794e+00 1.54823e-03 | 1.95809e-01 4.01776e-01 |
   4231 | 6.05948e+00 1.54830e-03 | 1.95829e-01 4.01785e-01 |
   4232 | 6.06103e+00 1.54837e-03 | 1.95848e-01 4.01794e-01 |
   4233 | 6.06258e+00 1.54845e-03 | 1.95868e-01 4.01803e-01 |
   4234 | 6.06413e+00 1.54851e-03 | 1.95888e-01 4.01812e-01 |
   4235 | 6.06568e+00 1.54858e-03 | 1.95908e-01 4.01821e-01 |
   4236 | 6.06723e+00 1.54866e-03 | 1.95928e-01 4.01831e-01 |
   4237 | 6.06878e+00 1.54873e-03 | 1.95948e-01 4.01840e-01 |
   4238 | 6.07032e+00 1.54880e-03 | 1.95968e-01 4.01849e-01 |
   4239 | 6.07187e+00 1.54887e-03 | 1.95988e-01 4.01859e-01 |
   4240 | 6.07342e+00 1.54894e-03 | 1.96007e-01 4.01869e-01 |
   4241 | 6.07480e+00 1.37704e-03 | 1.96025e-01 4.01877e-01 |
   4242 | 6.07635e+00 1.54908e-03 | 1.96045e-01 4.01887e-01 |
   4243 | 6.07790e+00 1.54914e-03 | 1.96065e-01 4.01896e-01 |
   4244 | 6.07945e+00 1.54921e-03 | 1.96086e-01 4.01906e-01 |
   4245 | 6.08100e+00 1.54929e-03 | 1.96106e-01 4.01916e-01 |
   4246 | 6.08255e+00 1.54936e-03 | 1.96126e-01 4.01926e-01 |
   4247 | 6.08410e+00 1.54942e-03 | 1.96146e-01 4.01936e-01 |
   4248 | 6.08564e+00 1.54950e-03 | 1.96166e-01 4.01946e-01 |
   4249 | 6.08719e+00 1.54957e-03 | 1.96187e-01 4.01956e-01 |
   4250 | 6.08874e+00 1.54963e-03 | 1.96207e-01 4.01966e-01 |
   4251 | 6.09029e+00 1.54971e-03 | 1.96227e-01 4.01976e-01 |
   4252 | 6.09184e+00 1.54978e-03 | 1.96248e-01 4.01986e-01 |
   4253 | 6.09339e+00 1.54985e-03 | 1.96268e-01 4.01997e-01 |
   4254 | 6.09494e+00 1.54992e-03 | 1.96289e-01 4.02007e-01 |
   4255 | 6.09649e+00 1.54999e-03 | 1.96309e-01 4.02017e-01 |
   4256 | 6.09804e+00 1.55006e-03 | 1.96329e-01 4.02028e-01 |
   4257 | 6.09959e+00 1.55013e-03 | 1.96350e-01 4.02038e-01 |
   4258 | 6.10114e+00 1.55020e-03 | 1.96371e-01 4.02049e-01 |
   4259 | 6.10269e+00 1.55027e-03 | 1.96391e-01 4.02060e-01 |
   4260 | 6.10424e+00 1.55034e-03 | 1.96412e-01 4.02070e-01 |
   4261 | 6.10579e+00 1.55041e-03 | 1.96433e-01 4.02081e-01 |
   4262 | 6.10734e+00 1.55048e-03 | 1.96453e-01 4.02092e-01 |
   4263 | 6.10890e+00 1.55055e-03 | 1.96474e-01 4.02103e-01 |
   4264 | 6.11045e+00 1.55062e-03 | 1.96495e-01 4.02114e-01 |
   4265 | 6.11200e+00 1.55069e-03 | 1.96516e-01 4.02125e-01 |
   4266 | 6.11355e+00 1.55076e-03 | 1.96536e-01 4.02136e-01 |
   4267 | 6.11510e+00 1.55083e-03 | 1.96557e-01 4.02147e-01 |
   4268 | 6.11665e+00 1.55090e-03 | 1.96578e-01 4.02158e-01 |
   4269 | 6.11820e+00 1.55097e-03 | 1.96599e-01 4.02169e-01 |
   4270 | 6.11975e+00 1.55104e-03 | 1.96620e-01 4.02180e-01 |
   4271 | 6.12130e+00 1.55111e-03 | 1.96641e-01 4.02192e-01 |
   4272 | 6.12285e+00 1.55118e-03 | 1.96662e-01 4.02203e-01 |
   4273 | 6.12440e+00 1.55125e-03 | 1.96683e-01 4.02214e-01 |
   4274 | 6.12596e+00 1.55132e-03 | 1.96704e-01 4.02226e-01 |
   4275 | 6.12751e+00 1.55139e-03 | 1.96725e-01 4.02238e-01 |
   4276 | 6.12906e+00 1.55146e-03 | 1.96747e-01 4.02249e-01 |
   4277 | 6.13061e+00 1.55153e-03 | 1.96768e-01 4.02261e-01 |
   4278 | 6.13216e+00 1.55160e-03 | 1.96789e-01 4.02273e-01 |
   4279 | 6.13371e+00 1.55167e-03 | 1.96810e-01 4.02284e-01 |
   4280 | 6.13527e+00 1.55173e-03 | 1.96832e-01 4.02296e-01 |
   4281 | 6.13682e+00 1.55181e-03 | 1.96853e-01 4.02308e-01 |
   4282 | 6.13808e+00 1.26142e-03 | 1.96870e-01 4.02318e-01 |
   4283 | 6.13963e+00 1.55193e-03 | 1.96892e-01 4.02330e-01 |
   4284 | 6.14118e+00 1.55200e-03 | 1.96913e-01 4.02342e-01 |
   4285 | 6.14273e+00 1.55207e-03 | 1.96935e-01 4.02354e-01 |
   4286 | 6.14429e+00 1.55214e-03 | 1.96956e-01 4.02366e-01 |
   4287 | 6.14584e+00 1.55221e-03 | 1.96978e-01 4.02379e-01 |
   4288 | 6.14739e+00 1.55228e-03 | 1.96999e-01 4.02391e-01 |
   4289 | 6.14894e+00 1.55234e-03 | 1.97021e-01 4.02403e-01 |
   4290 | 6.15050e+00 1.55242e-03 | 1.97042e-01 4.02416e-01 |
   4291 | 6.15205e+00 1.55249e-03 | 1.97064e-01 4.02428e-01 |
   4292 | 6.15360e+00 1.55255e-03 | 1.97086e-01 4.02441e-01 |
   4293 | 6.15515e+00 1.55262e-03 | 1.97107e-01 4.02454e-01 |
   4294 | 6.15671e+00 1.55270e-03 | 1.97129e-01 4.02466e-01 |
   4295 | 6.15826e+00 1.55276e-03 | 1.97151e-01 4.02479e-01 |
   4296 | 6.15981e+00 1.55283e-03 | 1.97173e-01 4.02492e-01 |
   4297 | 6.16137e+00 1.55290e-03 | 1.97195e-01 4.02505e-01 |
   4298 | 6.16292e+00 1.55297e-03 | 1.97217e-01 4.02518e-01 |
   4299 | 6.16447e+00 1.55304e-03 | 1.97239e-01 4.02531e-01 |
   4300 | 6.16602e+00 1.55311e-03 | 1.97261e-01 4.02544e-01 |
   4301 | 6.16758e+00 1.55317e-03 | 1.97283e-01 4.02557e-01 |
   4302 | 6.16913e+00 1.55324e-03 | 1.97305e-01 4.02570e-01 |
   4303 | 6.17068e+00 1.55332e-03 | 1.97327e-01 4.02583e-01 |
   4304 | 6.17224e+00 1.55338e-03 | 1.97349e-01 4.02597e-01 |
   4305 | 6.17379e+00 1.55345e-03 | 1.97371e-01 4.02610e-01 |
   4306 | 6.17534e+00 1.55352e-03 | 1.97393e-01 4.02623e-01 |
   4307 | 6.17690e+00 1.55359e-03 | 1.97415e-01 4.02637e-01 |
   4308 | 6.17845e+00 1.55366e-03 | 1.97438e-01 4.02651e-01 |
   4309 | 6.18001e+00 1.55373e-03 | 1.97460e-01 4.02664e-01 |
   4310 | 6.18156e+00 1.55379e-03 | 1.97482e-01 4.02678e-01 |
   4311 | 6.18311e+00 1.55386e-03 | 1.97505e-01 4.02692e-01 |
   4312 | 6.18467e+00 1.55393e-03 | 1.97527e-01 4.02705e-01 |
   4313 | 6.18622e+00 1.55400e-03 | 1.97550e-01 4.02719e-01 |
   4314 | 6.18777e+00 1.55407e-03 | 1.97572e-01 4.02733e-01 |
   4315 | 6.18933e+00 1.55414e-03 | 1.97595e-01 4.02747e-01 |
   4316 | 6.19088e+00 1.55420e-03 | 1.97617e-01 4.02761e-01 |
   4317 | 6.19244e+00 1.55427e-03 | 1.97640e-01 4.02775e-01 |
   4318 | 6.19399e+00 1.55434e-03 | 1.97662e-01 4.02790e-01 |
   4319 | 6.19555e+00 1.55441e-03 | 1.97685e-01 4.02804e-01 |
   4320 | 6.19710e+00 1.55447e-03 | 1.97708e-01 4.02818e-01 |
   4321 | 6.19866e+00 1.55455e-03 | 1.97730e-01 4.02833e-01 |
   4322 | 6.20021e+00 1.55461e-03 | 1.97753e-01 4.02847e-01 |
   4323 | 6.20136e+00 1.14810e-03 | 1.97770e-01 4.02858e-01 |
   4324 | 6.20291e+00 1.55474e-03 | 1.97793e-01 4.02872e-01 |
   4325 | 6.20447e+00 1.55480e-03 | 1.97816e-01 4.02887e-01 |
   4326 | 6.20602e+00 1.55486e-03 | 1.97838e-01 4.02902e-01 |
   4327 | 6.20758e+00 1.55494e-03 | 1.97861e-01 4.02916e-01 |
   4328 | 6.20913e+00 1.55500e-03 | 1.97884e-01 4.02931e-01 |
   4329 | 6.21069e+00 1.55507e-03 | 1.97907e-01 4.02946e-01 |
   4330 | 6.21224e+00 1.55514e-03 | 1.97930e-01 4.02961e-01 |
   4331 | 6.21380e+00 1.55520e-03 | 1.97953e-01 4.02976e-01 |
   4332 | 6.21535e+00 1.55527e-03 | 1.97977e-01 4.02991e-01 |
   4333 | 6.21691e+00 1.55535e-03 | 1.98000e-01 4.03006e-01 |
   4334 | 6.21846e+00 1.55541e-03 | 1.98023e-01 4.03021e-01 |
   4335 | 6.22002e+00 1.55547e-03 | 1.98046e-01 4.03037e-01 |
   4336 | 6.22157e+00 1.55555e-03 | 1.98069e-01 4.03052e-01 |
   4337 | 6.22313e+00 1.55561e-03 | 1.98093e-01 4.03067e-01 |
   4338 | 6.22469e+00 1.55568e-03 | 1.98116e-01 4.03083e-01 |
   4339 | 6.22624e+00 1.55575e-03 | 1.98139e-01 4.03098e-01 |
   4340 | 6.22780e+00 1.55581e-03 | 1.98163e-01 4.03114e-01 |
   4341 | 6.22935e+00 1.55588e-03 | 1.98186e-01 4.03130e-01 |
   4342 | 6.23091e+00 1.55595e-03 | 1.98210e-01 4.03145e-01 |
   4343 | 6.23247e+00 1.55601e-03 | 1.98233e-01 4.03161e-01 |
   4344 | 6.23402e+00 1.55608e-03 | 1.98257e-01 4.03177e-01 |
   4345 | 6.23558e+00 1.55615e-03 | 1.98280e-01 4.03193e-01 |
   4346 | 6.23713e+00 1.55622e-03 | 1.98304e-01 4.03209e-01 |
   4347 | 6.23869e+00 1.55628e-03 | 1.98328e-01 4.03225e-01 |
   4348 | 6.24025e+00 1.55636e-03 | 1.98351e-01 4.03241e-01 |
   4349 | 6.24180e+00 1.55642e-03 | 1.98375e-01 4.03257e-01 |
   4350 | 6.24336e+00 1.55648e-03 | 1.98399e-01 4.03273e-01 |
   4351 | 6.24492e+00 1.55656e-03 | 1.98423e-01 4.03290e-01 |
   4352 | 6.24647e+00 1.55662e-03 | 1.98446e-01 4.03306e-01 |
   4353 | 6.24803e+00 1.55668e-03 | 1.98470e-01 4.03323e-01 |
   4354 | 6.24959e+00 1.55676e-03 | 1.98494e-01 4.03339e-01 |
   4355 | 6.25114e+00 1.55682e-03 | 1.98518e-01 4.03356e-01 |
   4356 | 6.25270e+00 1.55688e-03 | 1.98542e-01 4.03372e-01 |
   4357 | 6.25426e+00 1.55696e-03 | 1.98566e-01 4.03389e-01 |
   4358 | 6.25581e+00 1.55702e-03 | 1.98590e-01 4.03406e-01 |
   4359 | 6.25737e+00 1.55708e-03 | 1.98614e-01 4.03423e-01 |
   4360 | 6.25893e+00 1.55716e-03 | 1.98638e-01 4.03440e-01 |
   4361 | 6.26049e+00 1.55722e-03 | 1.98663e-01 4.03457e-01 |
   4362 | 6.26204e+00 1.55728e-03 | 1.98687e-01 4.03474e-01 |
   4363 | 6.26360e+00 1.55736e-03 | 1.98711e-01 4.03491e-01 |
   4364 | 6.26464e+00 1.03727e-03 | 1.98728e-01 4.03502e-01 |
   4365 | 6.26619e+00 1.55746e-03 | 1.98752e-01 4.03519e-01 |
   4366 | 6.26775e+00 1.55753e-03 | 1.98776e-01 4.03537e-01 |
   4367 | 6.26931e+00 1.55760e-03 | 1.98800e-01 4.03554e-01 |
   4368 | 6.27087e+00 1.55766e-03 | 1.98825e-01 4.03571e-01 |
   4369 | 6.27243e+00 1.55773e-03 | 1.98849e-01 4.03589e-01 |
   4370 | 6.27398e+00 1.55780e-03 | 1.98874e-01 4.03607e-01 |
   4371 | 6.27554e+00 1.55786e-03 | 1.98898e-01 4.03624e-01 |
   4372 | 6.27710e+00 1.55793e-03 | 1.98923e-01 4.03642e-01 |
   4373 | 6.27866e+00 1.55800e-03 | 1.98948e-01 4.03660e-01 |
   4374 | 6.28021e+00 1.55806e-03 | 1.98972e-01 4.03677e-01 |
   4375 | 6.28177e+00 1.55813e-03 | 1.98997e-01 4.03695e-01 |
   4376 | 6.28333e+00 1.55820e-03 | 1.99022e-01 4.03713e-01 |
   4377 | 6.28489e+00 1.55826e-03 | 1.99046e-01 4.03731e-01 |
   4378 | 6.28645e+00 1.55833e-03 | 1.99071e-01 4.03750e-01 |
   4379 | 6.28801e+00 1.55840e-03 | 1.99096e-01 4.03768e-01 |
   4380 | 6.28956e+00 1.55845e-03 | 1.99121e-01 4.03786e-01 |
   4381 | 6.29112e+00 1.55852e-03 | 1.99146e-01 4.03804e-01 |
   4382 | 6.29268e+00 1.55859e-03 | 1.99171e-01 4.03823e-01 |
   4383 | 6.29424e+00 1.55865e-03 | 1.99196e-01 4.03841e-01 |
   4384 | 6.29580e+00 1.55872e-03 | 1.99221e-01 4.03860e-01 |
   4385 | 6.29736e+00 1.55879e-03 | 1.99246e-01 4.03878e-01 |
   4386 | 6.29892e+00 1.55885e-03 | 1.99271e-01 4.03897e-01 |
   4387 | 6.30048e+00 1.55892e-03 | 1.99296e-01 4.03916e-01 |
   4388 | 6.30203e+00 1.55899e-03 | 1.99322e-01 4.03935e-01 |
   4389 | 6.30359e+00 1.55905e-03 | 1.99347e-01 4.03953e-01 |
   4390 | 6.30515e+00 1.55911e-03 | 1.99372e-01 4.03972e-01 |
   4391 | 6.30671e+00 1.55918e-03 | 1.99397e-01 4.03991e-01 |
   4392 | 6.30827e+00 1.55924e-03 | 1.99423e-01 4.04010e-01 |
   4393 | 6.30983e+00 1.55931e-03 | 1.99448e-01 4.04030e-01 |
   4394 | 6.31139e+00 1.55938e-03 | 1.99474e-01 4.04049e-01 |
   4395 | 6.31295e+00 1.55944e-03 | 1.99499e-01 4.04068e-01 |
   4396 | 6.31451e+00 1.55951e-03 | 1.99525e-01 4.04088e-01 |
   4397 | 6.31607e+00 1.55958e-03 | 1.99550e-01 4.04107e-01 |
   4398 | 6.31763e+00 1.55963e-03 | 1.99576e-01 4.04126e-01 |
   4399 | 6.31919e+00 1.55970e-03 | 1.99601e-01 4.04146e-01 |
   4400 | 6.32075e+00 1.55977e-03 | 1.99627e-01 4.04166e-01 |
   4401 | 6.32231e+00 1.55983e-03 | 1.99653e-01 4.04185e-01 |
   4402 | 6.32387e+00 1.55990e-03 | 1.99679e-01 4.04205e-01 |
   4403 | 6.32543e+00 1.55997e-03 | 1.99704e-01 4.04225e-01 |
   4404 | 6.32699e+00 1.56002e-03 | 1.99730e-01 4.04245e-01 |
   4405 | 6.32792e+00 9.29111e-04 | 1.99746e-01 4.04257e-01 |
   4406 | 6.32948e+00 1.56013e-03 | 1.99772e-01 4.04277e-01 |
   4407 | 6.33104e+00 1.56020e-03 | 1.99798e-01 4.04297e-01 |
   4408 | 6.33260e+00 1.56026e-03 | 1.99824e-01 4.04317e-01 |
   4409 | 6.33416e+00 1.56033e-03 | 1.99850e-01 4.04338e-01 |
   4410 | 6.33572e+00 1.56039e-03 | 1.99876e-01 4.04358e-01 |
   4411 | 6.33728e+00 1.56045e-03 | 1.99902e-01 4.04378e-01 |
   4412 | 6.33884e+00 1.56052e-03 | 1.99928e-01 4.04399e-01 |
   4413 | 6.34040e+00 1.56058e-03 | 1.99954e-01 4.04420e-01 |
   4414 | 6.34196e+00 1.56065e-03 | 1.99980e-01 4.04440e-01 |
   4415 | 6.34352e+00 1.56072e-03 | 2.00007e-01 4.04461e-01 |
   4416 | 6.34508e+00 1.56078e-03 | 2.00033e-01 4.04482e-01 |
   4417 | 6.34664e+00 1.56084e-03 | 2.00059e-01 4.04502e-01 |
   4418 | 6.34820e+00 1.56091e-03 | 2.00086e-01 4.04523e-01 |
   4419 | 6.34976e+00 1.56097e-03 | 2.00112e-01 4.04544e-01 |
   4420 | 6.35132e+00 1.56103e-03 | 2.00139e-01 4.04566e-01 |
   4421 | 6.35289e+00 1.56110e-03 | 2.00165e-01 4.04587e-01 |
   4422 | 6.35445e+00 1.56116e-03 | 2.00192e-01 4.04608e-01 |
   4423 | 6.35601e+00 1.56122e-03 | 2.00218e-01 4.04629e-01 |
   4424 | 6.35757e+00 1.56129e-03 | 2.00245e-01 4.04651e-01 |
   4425 | 6.35913e+00 1.56136e-03 | 2.00272e-01 4.04672e-01 |
   4426 | 6.36069e+00 1.56142e-03 | 2.00298e-01 4.04693e-01 |
   4427 | 6.36225e+00 1.56149e-03 | 2.00325e-01 4.04715e-01 |
   4428 | 6.36382e+00 1.56155e-03 | 2.00352e-01 4.04737e-01 |
   4429 | 6.36538e+00 1.56161e-03 | 2.00379e-01 4.04758e-01 |
   4430 | 6.36694e+00 1.56168e-03 | 2.00406e-01 4.04780e-01 |
   4431 | 6.36850e+00 1.56174e-03 | 2.00433e-01 4.04802e-01 |
   4432 | 6.37006e+00 1.56180e-03 | 2.00460e-01 4.04824e-01 |
   4433 | 6.37162e+00 1.56187e-03 | 2.00487e-01 4.04846e-01 |
   4434 | 6.37319e+00 1.56193e-03 | 2.00514e-01 4.04868e-01 |
   4435 | 6.37475e+00 1.56199e-03 | 2.00541e-01 4.04890e-01 |
   4436 | 6.37631e+00 1.56206e-03 | 2.00568e-01 4.04913e-01 |
   4437 | 6.37787e+00 1.56212e-03 | 2.00595e-01 4.04935e-01 |
   4438 | 6.37943e+00 1.56218e-03 | 2.00622e-01 4.04958e-01 |
   4439 | 6.38100e+00 1.56225e-03 | 2.00650e-01 4.04980e-01 |
   4440 | 6.38256e+00 1.56231e-03 | 2.00677e-01 4.05003e-01 |
   4441 | 6.38412e+00 1.56237e-03 | 2.00704e-01 4.05025e-01 |
   4442 | 6.38568e+00 1.56244e-03 | 2.00732e-01 4.05048e-01 |
   4443 | 6.38725e+00 1.56250e-03 | 2.00759e-01 4.05071e-01 |
   4444 | 6.38881e+00 1.56256e-03 | 2.00787e-01 4.05094e-01 |
   4445 | 6.39037e+00 1.56263e-03 | 2.00814e-01 4.05117e-01 |
   4446 | 6.39120e+00 8.23785e-04 | 2.00829e-01 4.05129e-01 |
   4447 | 6.39276e+00 1.56272e-03 | 2.00856e-01 4.05152e-01 |
   4448 | 6.39432e+00 1.56278e-03 | 2.00884e-01 4.05175e-01 |
   4449 | 6.39588e+00 1.56286e-03 | 2.00911e-01 4.05198e-01 |
   4450 | 6.39745e+00 1.56291e-03 | 2.00939e-01 4.05221e-01 |
   4451 | 6.39901e+00 1.56297e-03 | 2.00967e-01 4.05245e-01 |
   4452 | 6.40057e+00 1.56305e-03 | 2.00995e-01 4.05268e-01 |
   4453 | 6.40214e+00 1.56310e-03 | 2.01023e-01 4.05292e-01 |
   4454 | 6.40370e+00 1.56316e-03 | 2.01050e-01 4.05315e-01 |
   4455 | 6.40526e+00 1.56323e-03 | 2.01078e-01 4.05339e-01 |
   4456 | 6.40683e+00 1.56329e-03 | 2.01106e-01 4.05363e-01 |
   4457 | 6.40839e+00 1.56335e-03 | 2.01134e-01 4.05386e-01 |
   4458 | 6.40995e+00 1.56342e-03 | 2.01162e-01 4.05410e-01 |
   4459 | 6.41152e+00 1.56348e-03 | 2.01191e-01 4.05434e-01 |
   4460 | 6.41308e+00 1.56354e-03 | 2.01219e-01 4.05458e-01 |
   4461 | 6.41464e+00 1.56361e-03 | 2.01247e-01 4.05483e-01 |
   4462 | 6.41621e+00 1.56366e-03 | 2.01275e-01 4.05507e-01 |
   4463 | 6.41777e+00 1.56372e-03 | 2.01303e-01 4.05531e-01 |
   4464 | 6.41933e+00 1.56380e-03 | 2.01332e-01 4.05555e-01 |
   4465 | 6.42090e+00 1.56385e-03 | 2.01360e-01 4.05580e-01 |
   4466 | 6.42246e+00 1.56391e-03 | 2.01389e-01 4.05604e-01 |
   4467 | 6.42403e+00 1.56398e-03 | 2.01417e-01 4.05629e-01 |
   4468 | 6.42559e+00 1.56404e-03 | 2.01445e-01 4.05654e-01 |
   4469 | 6.42715e+00 1.56410e-03 | 2.01474e-01 4.05678e-01 |
   4470 | 6.42872e+00 1.56417e-03 | 2.01503e-01 4.05703e-01 |
   4471 | 6.43028e+00 1.56422e-03 | 2.01531e-01 4.05728e-01 |
   4472 | 6.43185e+00 1.56428e-03 | 2.01560e-01 4.05753e-01 |
   4473 | 6.43341e+00 1.56435e-03 | 2.01589e-01 4.05778e-01 |
   4474 | 6.43498e+00 1.56441e-03 | 2.01617e-01 4.05803e-01 |
   4475 | 6.43654e+00 1.56447e-03 | 2.01646e-01 4.05829e-01 |
   4476 | 6.43810e+00 1.56454e-03 | 2.01675e-01 4.05854e-01 |
   4477 | 6.43967e+00 1.56459e-03 | 2.01704e-01 4.05879e-01 |
   4478 | 6.44123e+00 1.56465e-03 | 2.01733e-01 4.05905e-01 |
   4479 | 6.44280e+00 1.56472e-03 | 2.01762e-01 4.05930e-01 |
   4480 | 6.44436e+00 1.56478e-03 | 2.01791e-01 4.05956e-01 |
   4481 | 6.44593e+00 1.56484e-03 | 2.01820e-01 4.05982e-01 |
   4482 | 6.44749e+00 1.56491e-03 | 2.01849e-01 4.06008e-01 |
   4483 | 6.44906e+00 1.56496e-03 | 2.01878e-01 4.06033e-01 |
   4484 | 6.45062e+00 1.56502e-03 | 2.01907e-01 4.06059e-01 |
   4485 | 6.45219e+00 1.56509e-03 | 2.01937e-01 4.06085e-01 |
   4486 | 6.45375e+00 1.56515e-03 | 2.01966e-01 4.06112e-01 |
   4487 | 6.45447e+00 7.21455e-04 | 2.01980e-01 4.06124e-01 |
   4488 | 6.45604e+00 1.56524e-03 | 2.02009e-01 4.06150e-01 |
   4489 | 6.45761e+00 1.56531e-03 | 2.02038e-01 4.06176e-01 |
   4490 | 6.45917e+00 1.56536e-03 | 2.02068e-01 4.06203e-01 |
   4491 | 6.46074e+00 1.56542e-03 | 2.02097e-01 4.06229e-01 |
   4492 | 6.46230e+00 1.56549e-03 | 2.02127e-01 4.06256e-01 |
   4493 | 6.46387e+00 1.56554e-03 | 2.02156e-01 4.06282e-01 |
   4494 | 6.46543e+00 1.56560e-03 | 2.02186e-01 4.06309e-01 |
   4495 | 6.46700e+00 1.56567e-03 | 2.02216e-01 4.06336e-01 |
   4496 | 6.46856e+00 1.56572e-03 | 2.02245e-01 4.06363e-01 |
   4497 | 6.47013e+00 1.56579e-03 | 2.02275e-01 4.06390e-01 |
   4498 | 6.47170e+00 1.56586e-03 | 2.02305e-01 4.06417e-01 |
   4499 | 6.47326e+00 1.56591e-03 | 2.02335e-01 4.06444e-01 |
   4500 | 6.47483e+00 1.56597e-03 | 2.02365e-01 4.06471e-01 |
   4501 | 6.47639e+00 1.56604e-03 | 2.02395e-01 4.06498e-01 |
   4502 | 6.47796e+00 1.56609e-03 | 2.02425e-01 4.06526e-01 |
   4503 | 6.47953e+00 1.56615e-03 | 2.02455e-01 4.06553e-01 |
   4504 | 6.48109e+00 1.56622e-03 | 2.02485e-01 4.06581e-01 |
   4505 | 6.48266e+00 1.56627e-03 | 2.02515e-01 4.06608e-01 |
   4506 | 6.48422e+00 1.56633e-03 | 2.02545e-01 4.06636e-01 |
   4507 | 6.48579e+00 1.56640e-03 | 2.02576e-01 4.06664e-01 |
   4508 | 6.48736e+00 1.56645e-03 | 2.02606e-01 4.06692e-01 |
   4509 | 6.48892e+00 1.56651e-03 | 2.02636e-01 4.06720e-01 |
   4510 | 6.49049e+00 1.56658e-03 | 2.02667e-01 4.06748e-01 |
   4511 | 6.49206e+00 1.56663e-03 | 2.02697e-01 4.06776e-01 |
   4512 | 6.49362e+00 1.56669e-03 | 2.02727e-01 4.06804e-01 |
   4513 | 6.49519e+00 1.56676e-03 | 2.02758e-01 4.06832e-01 |
   4514 | 6.49676e+00 1.56681e-03 | 2.02789e-01 4.06861e-01 |
   4515 | 6.49832e+00 1.56687e-03 | 2.02819e-01 4.06889e-01 |
   4516 | 6.49989e+00 1.56694e-03 | 2.02850e-01 4.06918e-01 |
   4517 | 6.50146e+00 1.56699e-03 | 2.02881e-01 4.06946e-01 |
   4518 | 6.50303e+00 1.56705e-03 | 2.02911e-01 4.06975e-01 |
   4519 | 6.50459e+00 1.56712e-03 | 2.02942e-01 4.07004e-01 |
   4520 | 6.50616e+00 1.56717e-03 | 2.02973e-01 4.07033e-01 |
   4521 | 6.50773e+00 1.56723e-03 | 2.03004e-01 4.07062e-01 |
   4522 | 6.50929e+00 1.56730e-03 | 2.03035e-01 4.07091e-01 |
   4523 | 6.51086e+00 1.56735e-03 | 2.03066e-01 4.07120e-01 |
   4524 | 6.51243e+00 1.56741e-03 | 2.03097e-01 4.07149e-01 |
   4525 | 6.51400e+00 1.56748e-03 | 2.03128e-01 4.07178e-01 |
   4526 | 6.51556e+00 1.56753e-03 | 2.03159e-01 4.07208e-01 |
   4527 | 6.51713e+00 1.56759e-03 | 2.03190e-01 4.07237e-01 |
   4528 | 6.51775e+00 6.22351e-04 | 2.03203e-01 4.07249e-01 |
   4529 | 6.51932e+00 1.56768e-03 | 2.03234e-01 4.07278e-01 |
   4530 | 6.52089e+00 1.56773e-03 | 2.03265e-01 4.07308e-01 |
   4531 | 6.52246e+00 1.56779e-03 | 2.03296e-01 4.07338e-01 |
   4532 | 6.52402e+00 1.56785e-03 | 2.03328e-01 4.07368e-01 |
   4533 | 6.52559e+00 1.56790e-03 | 2.03359e-01 4.07398e-01 |
   4534 | 6.52716e+00 1.56796e-03 | 2.03391e-01 4.07428e-01 |
   4535 | 6.52873e+00 1.56803e-03 | 2.03422e-01 4.07458e-01 |
   4536 | 6.53030e+00 1.56808e-03 | 2.03454e-01 4.07488e-01 |
   4537 | 6.53186e+00 1.56814e-03 | 2.03486e-01 4.07518e-01 |
   4538 | 6.53343e+00 1.56821e-03 | 2.03517e-01 4.07549e-01 |
   4539 | 6.53500e+00 1.56826e-03 | 2.03549e-01 4.07579e-01 |
   4540 | 6.53657e+00 1.56832e-03 | 2.03581e-01 4.07610e-01 |
   4541 | 6.53814e+00 1.56838e-03 | 2.03613e-01 4.07640e-01 |
   4542 | 6.53971e+00 1.56843e-03 | 2.03644e-01 4.07671e-01 |
   4543 | 6.54127e+00 1.56849e-03 | 2.03676e-01 4.07702e-01 |
   4544 | 6.54284e+00 1.56856e-03 | 2.03708e-01 4.07733e-01 |
   4545 | 6.54441e+00 1.56861e-03 | 2.03740e-01 4.07764e-01 |
   4546 | 6.54598e+00 1.56867e-03 | 2.03772e-01 4.07795e-01 |
   4547 | 6.54755e+00 1.56874e-03 | 2.03805e-01 4.07826e-01 |
   4548 | 6.54912e+00 1.56878e-03 | 2.03837e-01 4.07857e-01 |
   4549 | 6.55069e+00 1.56884e-03 | 2.03869e-01 4.07889e-01 |
   4550 | 6.55226e+00 1.56891e-03 | 2.03901e-01 4.07920e-01 |
   4551 | 6.55383e+00 1.56896e-03 | 2.03934e-01 4.07951e-01 |
   4552 | 6.55539e+00 1.56902e-03 | 2.03966e-01 4.07983e-01 |
   4553 | 6.55696e+00 1.56908e-03 | 2.03998e-01 4.08015e-01 |
   4554 | 6.55853e+00 1.56913e-03 | 2.04031e-01 4.08046e-01 |
   4555 | 6.56010e+00 1.56919e-03 | 2.04063e-01 4.08078e-01 |
   4556 | 6.56167e+00 1.56926e-03 | 2.04096e-01 4.08110e-01 |
   4557 | 6.56324e+00 1.56931e-03 | 2.04129e-01 4.08142e-01 |
   4558 | 6.56481e+00 1.56936e-03 | 2.04161e-01 4.08174e-01 |
   4559 | 6.56638e+00 1.56943e-03 | 2.04194e-01 4.08207e-01 |
   4560 | 6.56795e+00 1.56948e-03 | 2.04227e-01 4.08239e-01 |
   4561 | 6.56952e+00 1.56954e-03 | 2.04260e-01 4.08271e-01 |
   4562 | 6.57109e+00 1.56960e-03 | 2.04292e-01 4.08304e-01 |
   4563 | 6.57266e+00 1.56965e-03 | 2.04325e-01 4.08336e-01 |
   4564 | 6.57423e+00 1.56971e-03 | 2.04358e-01 4.08369e-01 |
   4565 | 6.57580e+00 1.56977e-03 | 2.04391e-01 4.08402e-01 |
   4566 | 6.57737e+00 1.56982e-03 | 2.04424e-01 4.08435e-01 |
   4567 | 6.57894e+00 1.56988e-03 | 2.04457e-01 4.08468e-01 |
   4568 | 6.58051e+00 1.56995e-03 | 2.04491e-01 4.08501e-01 |
   4569 | 6.58103e+00 5.26662e-04 | 2.04503e-01 4.08512e-01 |
   4570 | 6.58260e+00 1.57001e-03 | 2.04535e-01 4.08545e-01 |
   4571 | 6.58417e+00 1.57007e-03 | 2.04568e-01 4.08578e-01 |
   4572 | 6.58574e+00 1.57014e-03 | 2.04602e-01 4.08612e-01 |
   4573 | 6.58731e+00 1.57018e-03 | 2.04635e-01 4.08645e-01 |
   4574 | 6.58888e+00 1.57024e-03 | 2.04669e-01 4.08679e-01 |
   4575 | 6.59045e+00 1.57031e-03 | 2.04702e-01 4.08712e-01 |
   4576 | 6.59202e+00 1.57035e-03 | 2.04736e-01 4.08746e-01 |
   4577 | 6.59359e+00 1.57041e-03 | 2.04769e-01 4.08780e-01 |
   4578 | 6.59517e+00 1.57048e-03 | 2.04803e-01 4.08814e-01 |
   4579 | 6.59674e+00 1.57052e-03 | 2.04837e-01 4.08847e-01 |
   4580 | 6.59831e+00 1.57058e-03 | 2.04870e-01 4.08882e-01 |
   4581 | 6.59988e+00 1.57065e-03 | 2.04904e-01 4.08916e-01 |
   4582 | 6.60145e+00 1.57069e-03 | 2.04938e-01 4.08950e-01 |
   4583 | 6.60302e+00 1.57075e-03 | 2.04972e-01 4.08984e-01 |
   4584 | 6.60459e+00 1.57082e-03 | 2.05006e-01 4.09019e-01 |
   4585 | 6.60616e+00 1.57086e-03 | 2.05040e-01 4.09053e-01 |
   4586 | 6.60773e+00 1.57092e-03 | 2.05074e-01 4.09088e-01 |
   4587 | 6.60930e+00 1.57099e-03 | 2.05108e-01 4.09123e-01 |
   4588 | 6.61087e+00 1.57103e-03 | 2.05142e-01 4.09157e-01 |
   4589 | 6.61244e+00 1.57109e-03 | 2.05176e-01 4.09192e-01 |
   4590 | 6.61402e+00 1.57115e-03 | 2.05211e-01 4.09227e-01 |
   4591 | 6.61559e+00 1.57120e-03 | 2.05245e-01 4.09262e-01 |
   4592 | 6.61716e+00 1.57125e-03 | 2.05279e-01 4.09298e-01 |
   4593 | 6.61873e+00 1.57132e-03 | 2.05314e-01 4.09333e-01 |
   4594 | 6.62030e+00 1.57137e-03 | 2.05348e-01 4.09368e-01 |
   4595 | 6.62187e+00 1.57142e-03 | 2.05383e-01 4.09404e-01 |
   4596 | 6.62344e+00 1.57149e-03 | 2.05417e-01 4.09439e-01 |
   4597 | 6.62501e+00 1.57153e-03 | 2.05452e-01 4.09475e-01 |
   4598 | 6.62659e+00 1.57159e-03 | 2.05487e-01 4.09511e-01 |
   4599 | 6.62816e+00 1.57165e-03 | 2.05521e-01 4.09547e-01 |
   4600 | 6.62973e+00 1.57170e-03 | 2.05556e-01 4.09582e-01 |
   4601 | 6.63130e+00 1.57175e-03 | 2.05591e-01 4.09619e-01 |
   4602 | 6.63287e+00 1.57182e-03 | 2.05626e-01 4.09655e-01 |
   4603 | 6.63445e+00 1.57187e-03 | 2.05661e-01 4.09691e-01 |
   4604 | 6.63602e+00 1.57192e-03 | 2.05696e-01 4.09727e-01 |
   4605 | 6.63759e+00 1.57198e-03 | 2.05731e-01 4.09764e-01 |
   4606 | 6.63916e+00 1.57203e-03 | 2.05766e-01 4.09800e-01 |
   4607 | 6.64073e+00 1.57208e-03 | 2.05801e-01 4.09837e-01 |
   4608 | 6.64231e+00 1.57215e-03 | 2.05837e-01 4.09873e-01 |
   4609 | 6.64388e+00 1.57220e-03 | 2.05872e-01 4.09910e-01 |
   4610 | 6.64431e+00 4.34609e-04 | 2.05883e-01 4.09921e-01 |
   4611 | 6.64588e+00 1.57226e-03 | 2.05917e-01 4.09957e-01 |
   4612 | 6.64746e+00 1.57233e-03 | 2.05952e-01 4.09994e-01 |
   4613 | 6.64903e+00 1.57237e-03 | 2.05988e-01 4.10031e-01 |
   4614 | 6.65060e+00 1.57243e-03 | 2.06023e-01 4.10069e-01 |
   4615 | 6.65217e+00 1.57249e-03 | 2.06059e-01 4.10106e-01 |
   4616 | 6.65375e+00 1.57254e-03 | 2.06095e-01 4.10143e-01 |
   4617 | 6.65532e+00 1.57259e-03 | 2.06130e-01 4.10181e-01 |
   4618 | 6.65689e+00 1.57266e-03 | 2.06166e-01 4.10219e-01 |
   4619 | 6.65846e+00 1.57270e-03 | 2.06202e-01 4.10256e-01 |
   4620 | 6.66004e+00 1.57275e-03 | 2.06238e-01 4.10294e-01 |
   4621 | 6.66161e+00 1.57282e-03 | 2.06274e-01 4.10332e-01 |
   4622 | 6.66318e+00 1.57286e-03 | 2.06309e-01 4.10370e-01 |
   4623 | 6.66476e+00 1.57292e-03 | 2.06345e-01 4.10408e-01 |
   4624 | 6.66633e+00 1.57298e-03 | 2.06382e-01 4.10446e-01 |
   4625 | 6.66790e+00 1.57303e-03 | 2.06418e-01 4.10484e-01 |
   4626 | 6.66947e+00 1.57308e-03 | 2.06454e-01 4.10523e-01 |
   4627 | 6.67105e+00 1.57314e-03 | 2.06490e-01 4.10561e-01 |
   4628 | 6.67262e+00 1.57319e-03 | 2.06526e-01 4.10600e-01 |
   4629 | 6.67419e+00 1.57324e-03 | 2.06563e-01 4.10639e-01 |
   4630 | 6.67577e+00 1.57330e-03 | 2.06599e-01 4.10677e-01 |
   4631 | 6.67734e+00 1.57335e-03 | 2.06635e-01 4.10716e-01 |
   4632 | 6.67891e+00 1.57340e-03 | 2.06672e-01 4.10755e-01 |
   4633 | 6.68049e+00 1.57346e-03 | 2.06709e-01 4.10794e-01 |
   4634 | 6.68206e+00 1.57351e-03 | 2.06745e-01 4.10833e-01 |
   4635 | 6.68364e+00 1.57356e-03 | 2.06782e-01 4.10873e-01 |
   4636 | 6.68521e+00 1.57362e-03 | 2.06819e-01 4.10912e-01 |
   4637 | 6.68678e+00 1.57367e-03 | 2.06855e-01 4.10952e-01 |
   4638 | 6.68836e+00 1.57372e-03 | 2.06892e-01 4.10991e-01 |
   4639 | 6.68993e+00 1.57378e-03 | 2.06929e-01 4.11031e-01 |
   4640 | 6.69150e+00 1.57383e-03 | 2.06966e-01 4.11071e-01 |
   4641 | 6.69308e+00 1.57388e-03 | 2.07003e-01 4.11110e-01 |
   4642 | 6.69465e+00 1.57394e-03 | 2.07040e-01 4.11150e-01 |
   4643 | 6.69623e+00 1.57399e-03 | 2.07077e-01 4.11191e-01 |
   4644 | 6.69780e+00 1.57404e-03 | 2.07114e-01 4.11231e-01 |
   4645 | 6.69937e+00 1.57410e-03 | 2.07152e-01 4.11271e-01 |
   4646 | 6.70095e+00 1.57415e-03 | 2.07189e-01 4.11311e-01 |
   4647 | 6.70252e+00 1.57419e-03 | 2.07226e-01 4.11352e-01 |
   4648 | 6.70410e+00 1.57425e-03 | 2.07264e-01 4.11392e-01 |
   4649 | 6.70567e+00 1.57431e-03 | 2.07301e-01 4.11433e-01 |
   4650 | 6.70724e+00 1.57435e-03 | 2.07339e-01 4.11474e-01 |
   4651 | 6.70759e+00 3.46404e-04 | 2.07348e-01 4.11484e-01 |
   4652 | 6.70917e+00 1.57442e-03 | 2.07384e-01 4.11524e-01 |
   4653 | 6.71074e+00 1.57447e-03 | 2.07422e-01 4.11565e-01 |
   4654 | 6.71231e+00 1.57452e-03 | 2.07460e-01 4.11606e-01 |
   4655 | 6.71389e+00 1.57458e-03 | 2.07498e-01 4.11647e-01 |
   4656 | 6.71546e+00 1.57463e-03 | 2.07535e-01 4.11689e-01 |
   4657 | 6.71704e+00 1.57468e-03 | 2.07573e-01 4.11730e-01 |
   4658 | 6.71861e+00 1.57474e-03 | 2.07611e-01 4.11771e-01 |
   4659 | 6.72019e+00 1.57478e-03 | 2.07649e-01 4.11813e-01 |
   4660 | 6.72176e+00 1.57483e-03 | 2.07687e-01 4.11855e-01 |
   4661 | 6.72334e+00 1.57489e-03 | 2.07725e-01 4.11897e-01 |
   4662 | 6.72491e+00 1.57494e-03 | 2.07764e-01 4.11939e-01 |
   4663 | 6.72649e+00 1.57499e-03 | 2.07802e-01 4.11981e-01 |
   4664 | 6.72806e+00 1.57504e-03 | 2.07840e-01 4.12023e-01 |
   4665 | 6.72964e+00 1.57510e-03 | 2.07878e-01 4.12065e-01 |
   4666 | 6.73121e+00 1.57514e-03 | 2.07917e-01 4.12107e-01 |
   4667 | 6.73279e+00 1.57520e-03 | 2.07955e-01 4.12150e-01 |
   4668 | 6.73436e+00 1.57525e-03 | 2.07994e-01 4.12193e-01 |
   4669 | 6.73594e+00 1.57529e-03 | 2.08032e-01 4.12235e-01 |
   4670 | 6.73751e+00 1.57535e-03 | 2.08071e-01 4.12278e-01 |
   4671 | 6.73909e+00 1.57540e-03 | 2.08110e-01 4.12321e-01 |
   4672 | 6.74066e+00 1.57545e-03 | 2.08148e-01 4.12364e-01 |
   4673 | 6.74224e+00 1.57550e-03 | 2.08187e-01 4.12407e-01 |
   4674 | 6.74382e+00 1.57556e-03 | 2.08226e-01 4.12450e-01 |
   4675 | 6.74539e+00 1.57560e-03 | 2.08265e-01 4.12493e-01 |
   4676 | 6.74697e+00 1.57566e-03 | 2.08304e-01 4.12537e-01 |
   4677 | 6.74854e+00 1.57571e-03 | 2.08343e-01 4.12580e-01 |
   4678 | 6.75012e+00 1.57575e-03 | 2.08382e-01 4.12624e-01 |
   4679 | 6.75169e+00 1.57581e-03 | 2.08421e-01 4.12668e-01 |
   4680 | 6.75327e+00 1.57586e-03 | 2.08461e-01 4.12712e-01 |
   4681 | 6.75485e+00 1.57590e-03 | 2.08500e-01 4.12755e-01 |
   4682 | 6.75642e+00 1.57596e-03 | 2.08539e-01 4.12800e-01 |
   4683 | 6.75800e+00 1.57602e-03 | 2.08579e-01 4.12844e-01 |
   4684 | 6.75957e+00 1.57606e-03 | 2.08618e-01 4.12888e-01 |
   4685 | 6.76115e+00 1.57611e-03 | 2.08658e-01 4.12932e-01 |
   4686 | 6.76273e+00 1.57617e-03 | 2.08697e-01 4.12977e-01 |
   4687 | 6.76430e+00 1.57621e-03 | 2.08737e-01 4.13021e-01 |
   4688 | 6.76588e+00 1.57626e-03 | 2.08776e-01 4.13066e-01 |
   4689 | 6.76746e+00 1.57632e-03 | 2.08816e-01 4.13111e-01 |
   4690 | 6.76903e+00 1.57636e-03 | 2.08856e-01 4.13156e-01 |
   4691 | 6.77061e+00 1.57641e-03 | 2.08896e-01 4.13201e-01 |
   4692 | 6.77087e+00 2.62258e-04 | 2.08904e-01 4.13210e-01 |
   4693 | 6.77245e+00 1.57647e-03 | 2.08943e-01 4.13253e-01 |
   4694 | 6.77402e+00 1.57651e-03 | 2.08983e-01 4.13299e-01 |
   4695 | 6.77560e+00 1.57657e-03 | 2.09023e-01 4.13344e-01 |
   4696 | 6.77718e+00 1.57662e-03 | 2.09063e-01 4.13390e-01 |
   4697 | 6.77875e+00 1.57666e-03 | 2.09103e-01 4.13435e-01 |
   4698 | 6.78033e+00 1.57671e-03 | 2.09143e-01 4.13481e-01 |
   4699 | 6.78191e+00 1.57677e-03 | 2.09184e-01 4.13527e-01 |
   4700 | 6.78348e+00 1.57681e-03 | 2.09224e-01 4.13573e-01 |
   4701 | 6.78506e+00 1.57686e-03 | 2.09264e-01 4.13619e-01 |
   4702 | 6.78664e+00 1.57692e-03 | 2.09305e-01 4.13665e-01 |
   4703 | 6.78821e+00 1.57696e-03 | 2.09346e-01 4.13711e-01 |
   4704 | 6.78979e+00 1.57701e-03 | 2.09386e-01 4.13757e-01 |
   4705 | 6.79137e+00 1.57707e-03 | 2.09427e-01 4.13804e-01 |
   4706 | 6.79295e+00 1.57710e-03 | 2.09468e-01 4.13850e-01 |
   4707 | 6.79452e+00 1.57715e-03 | 2.09508e-01 4.13897e-01 |
   4708 | 6.79610e+00 1.57721e-03 | 2.09549e-01 4.13944e-01 |
   4709 | 6.79768e+00 1.57725e-03 | 2.09590e-01 4.13991e-01 |
   4710 | 6.79925e+00 1.57730e-03 | 2.09631e-01 4.14038e-01 |
   4711 | 6.80083e+00 1.57736e-03 | 2.09672e-01 4.14085e-01 |
   4712 | 6.80241e+00 1.57740e-03 | 2.09713e-01 4.14132e-01 |
   4713 | 6.80399e+00 1.57744e-03 | 2.09755e-01 4.14179e-01 |
   4714 | 6.80556e+00 1.57750e-03 | 2.09796e-01 4.14227e-01 |
   4715 | 6.80714e+00 1.57754e-03 | 2.09837e-01 4.14274e-01 |
   4716 | 6.80872e+00 1.57759e-03 | 2.09879e-01 4.14322e-01 |
   4717 | 6.81030e+00 1.57765e-03 | 2.09920e-01 4.14370e-01 |
   4718 | 6.81187e+00 1.57769e-03 | 2.09962e-01 4.14418e-01 |
   4719 | 6.81345e+00 1.57773e-03 | 2.10003e-01 4.14466e-01 |
   4720 | 6.81503e+00 1.57779e-03 | 2.10045e-01 4.14514e-01 |
   4721 | 6.81661e+00 1.57783e-03 | 2.10086e-01 4.14562e-01 |
   4722 | 6.81819e+00 1.57788e-03 | 2.10128e-01 4.14611e-01 |
   4723 | 6.81976e+00 1.57793e-03 | 2.10170e-01 4.14659e-01 |
   4724 | 6.82134e+00 1.57797e-03 | 2.10212e-01 4.14708e-01 |
   4725 | 6.82292e+00 1.57802e-03 | 2.10254e-01 4.14756e-01 |
   4726 | 6.82450e+00 1.57808e-03 | 2.10296e-01 4.14805e-01 |
   4727 | 6.82608e+00 1.57812e-03 | 2.10338e-01 4.14854e-01 |
   4728 | 6.82765e+00 1.57816e-03 | 2.10380e-01 4.14903e-01 |
   4729 | 6.82923e+00 1.57822e-03 | 2.10422e-01 4.14952e-01 |
   4730 | 6.83081e+00 1.57826e-03 | 2.10465e-01 4.15002e-01 |
   4731 | 6.83239e+00 1.57830e-03 | 2.10507e-01 4.15051e-01 |
   4732 | 6.83397e+00 1.57836e-03 | 2.10549e-01 4.15100e-01 |
   4733 | 6.83415e+00 1.82382e-04 | 2.10556e-01 4.15108e-01 |
   4734 | 6.83573e+00 1.57840e-03 | 2.10597e-01 4.15156e-01 |
   4735 | 6.83731e+00 1.57845e-03 | 2.10639e-01 4.15206e-01 |
   4736 | 6.83888e+00 1.57850e-03 | 2.10682e-01 4.15255e-01 |
   4737 | 6.84046e+00 1.57855e-03 | 2.10724e-01 4.15305e-01 |
   4738 | 6.84204e+00 1.57859e-03 | 2.10767e-01 4.15355e-01 |
   4739 | 6.84362e+00 1.57864e-03 | 2.10810e-01 4.15406e-01 |
   4740 | 6.84520e+00 1.57869e-03 | 2.10853e-01 4.15456e-01 |
   4741 | 6.84678e+00 1.57873e-03 | 2.10896e-01 4.15506e-01 |
   4742 | 6.84836e+00 1.57878e-03 | 2.10939e-01 4.15557e-01 |
   4743 | 6.84994e+00 1.57883e-03 | 2.10982e-01 4.15608e-01 |
   4744 | 6.85151e+00 1.57887e-03 | 2.11025e-01 4.15658e-01 |
   4745 | 6.85309e+00 1.57892e-03 | 2.11068e-01 4.15709e-01 |
   4746 | 6.85467e+00 1.57896e-03 | 2.11111e-01 4.15760e-01 |
   4747 | 6.85625e+00 1.57900e-03 | 2.11155e-01 4.15811e-01 |
   4748 | 6.85783e+00 1.57906e-03 | 2.11198e-01 4.15863e-01 |
   4749 | 6.85941e+00 1.57910e-03 | 2.11242e-01 4.15914e-01 |
   4750 | 6.86099e+00 1.57914e-03 | 2.11285e-01 4.15966e-01 |
   4751 | 6.86257e+00 1.57919e-03 | 2.11329e-01 4.16017e-01 |
   4752 | 6.86415e+00 1.57924e-03 | 2.11372e-01 4.16069e-01 |
   4753 | 6.86573e+00 1.57928e-03 | 2.11416e-01 4.16121e-01 |
   4754 | 6.86731e+00 1.57933e-03 | 2.11460e-01 4.16173e-01 |
   4755 | 6.86889e+00 1.57938e-03 | 2.11504e-01 4.16225e-01 |
   4756 | 6.87046e+00 1.57941e-03 | 2.11548e-01 4.16277e-01 |
   4757 | 6.87204e+00 1.57946e-03 | 2.11592e-01 4.16329e-01 |
   4758 | 6.87362e+00 1.57951e-03 | 2.11636e-01 4.16382e-01 |
   4759 | 6.87520e+00 1.57955e-03 | 2.11680e-01 4.16434e-01 |
   4760 | 6.87678e+00 1.57960e-03 | 2.11724e-01 4.16487e-01 |
   4761 | 6.87836e+00 1.57965e-03 | 2.11768e-01 4.16540e-01 |
   4762 | 6.87994e+00 1.57969e-03 | 2.11812e-01 4.16593e-01 |
   4763 | 6.88152e+00 1.57973e-03 | 2.11857e-01 4.16646e-01 |
   4764 | 6.88310e+00 1.57979e-03 | 2.11901e-01 4.16699e-01 |
   4765 | 6.88468e+00 1.57982e-03 | 2.11946e-01 4.16752e-01 |
   4766 | 6.88626e+00 1.57987e-03 | 2.11990e-01 4.16806e-01 |
   4767 | 6.88784e+00 1.57992e-03 | 2.12035e-01 4.16859e-01 |
   4768 | 6.88942e+00 1.57995e-03 | 2.12080e-01 4.16913e-01 |
   4769 | 6.89100e+00 1.58000e-03 | 2.12125e-01 4.16967e-01 |
   4770 | 6.89258e+00 1.58006e-03 | 2.12169e-01 4.17020e-01 |
   4771 | 6.89416e+00 1.58009e-03 | 2.12214e-01 4.17074e-01 |
   4772 | 6.89574e+00 1.58013e-03 | 2.12259e-01 4.17129e-01 |
   4773 | 6.89732e+00 1.58019e-03 | 2.12304e-01 4.17183e-01 |
   4774 | 6.89743e+00 1.07106e-04 | 2.12309e-01 4.17188e-01 |
   4775 | 6.89901e+00 1.58022e-03 | 2.12353e-01 4.17241e-01 |
   4776 | 6.90059e+00 1.58027e-03 | 2.12398e-01 4.17295e-01 |
   4777 | 6.90217e+00 1.58032e-03 | 2.12443e-01 4.17350e-01 |
   4778 | 6.90375e+00 1.58035e-03 | 2.12489e-01 4.17405e-01 |
   4779 | 6.90533e+00 1.58040e-03 | 2.12534e-01 4.17460e-01 |
   4780 | 6.90691e+00 1.58046e-03 | 2.12579e-01 4.17515e-01 |
   4781 | 6.90849e+00 1.58049e-03 | 2.12625e-01 4.17570e-01 |
   4782 | 6.91007e+00 1.58053e-03 | 2.12671e-01 4.17625e-01 |
   4783 | 6.91165e+00 1.58058e-03 | 2.12716e-01 4.17680e-01 |
   4784 | 6.91323e+00 1.58062e-03 | 2.12762e-01 4.17736e-01 |
   4785 | 6.91481e+00 1.58066e-03 | 2.12808e-01 4.17791e-01 |
   4786 | 6.91639e+00 1.58071e-03 | 2.12854e-01 4.17847e-01 |
   4787 | 6.91798e+00 1.58075e-03 | 2.12900e-01 4.17903e-01 |
   4788 | 6.91956e+00 1.58079e-03 | 2.12946e-01 4.17959e-01 |
   4789 | 6.92114e+00 1.58084e-03 | 2.12992e-01 4.18015e-01 |
   4790 | 6.92272e+00 1.58088e-03 | 2.13038e-01 4.18071e-01 |
   4791 | 6.92430e+00 1.58091e-03 | 2.13084e-01 4.18128e-01 |
   4792 | 6.92588e+00 1.58097e-03 | 2.13131e-01 4.18184e-01 |
   4793 | 6.92746e+00 1.58100e-03 | 2.13177e-01 4.18241e-01 |
   4794 | 6.92904e+00 1.58104e-03 | 2.13223e-01 4.18298e-01 |
   4795 | 6.93062e+00 1.58109e-03 | 2.13270e-01 4.18354e-01 |
   4796 | 6.93220e+00 1.58113e-03 | 2.13317e-01 4.18411e-01 |
   4797 | 6.93378e+00 1.58117e-03 | 2.13363e-01 4.18469e-01 |
   4798 | 6.93537e+00 1.58122e-03 | 2.13410e-01 4.18526e-01 |
   4799 | 6.93695e+00 1.58126e-03 | 2.13457e-01 4.18583e-01 |
   4800 | 6.93853e+00 1.58130e-03 | 2.13504e-01 4.18641e-01 |
   4801 | 6.94011e+00 1.58135e-03 | 2.13551e-01 4.18698e-01 |
   4802 | 6.94169e+00 1.58139e-03 | 2.13598e-01 4.18756e-01 |
   4803 | 6.94327e+00 1.58142e-03 | 2.13645e-01 4.18814e-01 |
   4804 | 6.94485e+00 1.58147e-03 | 2.13692e-01 4.18872e-01 |
   4805 | 6.94644e+00 1.58151e-03 | 2.13739e-01 4.18930e-01 |
   4806 | 6.94802e+00 1.58155e-03 | 2.13787e-01 4.18988e-01 |
   4807 | 6.94960e+00 1.58159e-03 | 2.13834e-01 4.19047e-01 |
   4808 | 6.95118e+00 1.58164e-03 | 2.13881e-01 4.19105e-01 |
   4809 | 6.95276e+00 1.58167e-03 | 2.13929e-01 4.19164e-01 |
   4810 | 6.95434e+00 1.58172e-03 | 2.13977e-01 4.19223e-01 |
   4811 | 6.95593e+00 1.58176e-03 | 2.14024e-01 4.19282e-01 |
   4812 | 6.95751e+00 1.58179e-03 | 2.14072e-01 4.19341e-01 |
   4813 | 6.95909e+00 1.58184e-03 | 2.14120e-01 4.19400e-01 |
   4814 | 6.96067e+00 1.58189e-03 | 2.14168e-01 4.19459e-01 |
   4815 | 6.96071e+00 3.66220e-05 | 2.14171e-01 4.19462e-01 |
   4816 | 6.96229e+00 1.58192e-03 | 2.14217e-01 4.19520e-01 |
   4817 | 6.96387e+00 1.58196e-03 | 2.14265e-01 4.19579e-01 |
   4818 | 6.96545e+00 1.58201e-03 | 2.14313e-01 4.19639e-01 |
   4819 | 6.96704e+00 1.58204e-03 | 2.14361e-01 4.19699e-01 |
   4820 | 6.96862e+00 1.58208e-03 | 2.14409e-01 4.19759e-01 |
   4821 | 6.97020e+00 1.58213e-03 | 2.14458e-01 4.19819e-01 |
   4822 | 6.97178e+00 1.58216e-03 | 2.14506e-01 4.19879e-01 |
   4823 | 6.97336e+00 1.58220e-03 | 2.14555e-01 4.19939e-01 |
   4824 | 6.97495e+00 1.58226e-03 | 2.14603e-01 4.20000e-01 |
   4825 | 6.97653e+00 1.58228e-03 | 2.14652e-01 4.20060e-01 |
   4826 | 6.97811e+00 1.58232e-03 | 2.14701e-01 4.20121e-01 |
   4827 | 6.97969e+00 1.58238e-03 | 2.14749e-01 4.20182e-01 |
   4828 | 6.98128e+00 1.58240e-03 | 2.14798e-01 4.20243e-01 |
   4829 | 6.98286e+00 1.58244e-03 | 2.14847e-01 4.20304e-01 |
   4830 | 6.98444e+00 1.58250e-03 | 2.14896e-01 4.20365e-01 |
   4831 | 6.98602e+00 1.58252e-03 | 2.14945e-01 4.20427e-01 |
   4832 | 6.98761e+00 1.58256e-03 | 2.14994e-01 4.20488e-01 |
   4833 | 6.98919e+00 1.58262e-03 | 2.15044e-01 4.20550e-01 |
   4834 | 6.99077e+00 1.58264e-03 | 2.15093e-01 4.20612e-01 |
   4835 | 6.99235e+00 1.58268e-03 | 2.15142e-01 4.20674e-01 |
   4836 | 6.99394e+00 1.58273e-03 | 2.15192e-01 4.20736e-01 |
   4837 | 6.99552e+00 1.58276e-03 | 2.15241e-01 4.20798e-01 |
   4838 | 6.99710e+00 1.58280e-03 | 2.15291e-01 4.20860e-01 |
   4839 | 6.99869e+00 1.58285e-03 | 2.15340e-01 4.20923e-01 |
   4840 | 7.00027e+00 1.58288e-03 | 2.15390e-01 4.20985e-01 |
   4841 | 7.00185e+00 1.58291e-03 | 2.15440e-01 4.21048e-01 |
   4842 | 7.00343e+00 1.58296e-03 | 2.15490e-01 4.21111e-01 |
   4843 | 7.00502e+00 1.58299e-03 | 2.15540e-01 4.21174e-01 |
   4844 | 7.00660e+00 1.58303e-03 | 2.15590e-01 4.21237e-01 |
   4845 | 7.00818e+00 1.58308e-03 | 2.15640e-01 4.21300e-01 |
   4846 | 7.00977e+00 1.58311e-03 | 2.15690e-01 4.21364e-01 |
   4847 | 7.01135e+00 1.58314e-03 | 2.15741e-01 4.21427e-01 |
   4848 | 7.01293e+00 1.58319e-03 | 2.15791e-01 4.21491e-01 |
   4849 | 7.01452e+00 1.58323e-03 | 2.15841e-01 4.21555e-01 |
   4850 | 7.01610e+00 1.58326e-03 | 2.15892e-01 4.21619e-01 |
   4851 | 7.01768e+00 1.58330e-03 | 2.15943e-01 4.21683e-01 |
   4852 | 7.01927e+00 1.58334e-03 | 2.15993e-01 4.21747e-01 |
   4853 | 7.02085e+00 1.58337e-03 | 2.16044e-01 4.21811e-01 |
   4854 | 7.02243e+00 1.58342e-03 | 2.16095e-01 4.21876e-01 |
   4855 | 7.02399e+00 1.55468e-03 | 2.16145e-01 4.21939e-01 |
   4856 | 7.02557e+00 1.58348e-03 | 2.16196e-01 4.22004e-01 |
   4857 | 7.02715e+00 1.58353e-03 | 2.16247e-01 4.22069e-01 |
   4858 | 7.02874e+00 1.58357e-03 | 2.16298e-01 4.22134e-01 |
   4859 | 7.03032e+00 1.58360e-03 | 2.16349e-01 4.22199e-01 |
   4860 | 7.03190e+00 1.58364e-03 | 2.16400e-01 4.22265e-01 |
   4861 | 7.03349e+00 1.58368e-03 | 2.16452e-01 4.22330e-01 |
   4862 | 7.03507e+00 1.58371e-03 | 2.16503e-01 4.22396e-01 |
   4863 | 7.03666e+00 1.58375e-03 | 2.16555e-01 4.22461e-01 |
   4864 | 7.03824e+00 1.58379e-03 | 2.16606e-01 4.22527e-01 |
   4865 | 7.03982e+00 1.58382e-03 | 2.16658e-01 4.22593e-01 |
   4866 | 7.04141e+00 1.58386e-03 | 2.16710e-01 4.22660e-01 |
   4867 | 7.04299e+00 1.58391e-03 | 2.16762e-01 4.22726e-01 |
   4868 | 7.04458e+00 1.58393e-03 | 2.16814e-01 4.22792e-01 |
   4869 | 7.04616e+00 1.58397e-03 | 2.16866e-01 4.22859e-01 |
   4870 | 7.04774e+00 1.58402e-03 | 2.16918e-01 4.22926e-01 |
   4871 | 7.04933e+00 1.58404e-03 | 2.16970e-01 4.22992e-01 |
   4872 | 7.05091e+00 1.58408e-03 | 2.17022e-01 4.23059e-01 |
   4873 | 7.05250e+00 1.58413e-03 | 2.17074e-01 4.23127e-01 |
   4874 | 7.05408e+00 1.58415e-03 | 2.17127e-01 4.23194e-01 |
   4875 | 7.05566e+00 1.58418e-03 | 2.17179e-01 4.23261e-01 |
   4876 | 7.05725e+00 1.58423e-03 | 2.17232e-01 4.23329e-01 |
   4877 | 7.05883e+00 1.58426e-03 | 2.17284e-01 4.23397e-01 |
   4878 | 7.06042e+00 1.58429e-03 | 2.17337e-01 4.23464e-01 |
   4879 | 7.06200e+00 1.58434e-03 | 2.17390e-01 4.23532e-01 |
   4880 | 7.06359e+00 1.58436e-03 | 2.17443e-01 4.23601e-01 |
   4881 | 7.06517e+00 1.58440e-03 | 2.17496e-01 4.23669e-01 |
   4882 | 7.06675e+00 1.58444e-03 | 2.17549e-01 4.23737e-01 |
   4883 | 7.06834e+00 1.58447e-03 | 2.17602e-01 4.23806e-01 |
   4884 | 7.06992e+00 1.58450e-03 | 2.17655e-01 4.23875e-01 |
   4885 | 7.07151e+00 1.58455e-03 | 2.17708e-01 4.23943e-01 |
   4886 | 7.07309e+00 1.58458e-03 | 2.17762e-01 4.24013e-01 |
   4887 | 7.07468e+00 1.58460e-03 | 2.17815e-01 4.24082e-01 |
   4888 | 7.07626e+00 1.58465e-03 | 2.17869e-01 4.24151e-01 |
   4889 | 7.07785e+00 1.58468e-03 | 2.17922e-01 4.24220e-01 |
   4890 | 7.07943e+00 1.58471e-03 | 2.17976e-01 4.24290e-01 |
   4891 | 7.08102e+00 1.58475e-03 | 2.18030e-01 4.24360e-01 |
   4892 | 7.08260e+00 1.58479e-03 | 2.18084e-01 4.24430e-01 |
   4893 | 7.08419e+00 1.58481e-03 | 2.18138e-01 4.24500e-01 |
   4894 | 7.08577e+00 1.58485e-03 | 2.18192e-01 4.24570e-01 |
   4895 | 7.08727e+00 1.49610e-03 | 2.18243e-01 4.24636e-01 |
   4896 | 7.08885e+00 1.58491e-03 | 2.18297e-01 4.24707e-01 |
   4897 | 7.09044e+00 1.58495e-03 | 2.18351e-01 4.24777e-01 |
   4898 | 7.09202e+00 1.58499e-03 | 2.18405e-01 4.24848e-01 |
   4899 | 7.09361e+00 1.58501e-03 | 2.18460e-01 4.24919e-01 |
   4900 | 7.09519e+00 1.58505e-03 | 2.18514e-01 4.24990e-01 |
   4901 | 7.09678e+00 1.58509e-03 | 2.18569e-01 4.25061e-01 |
   4902 | 7.09836e+00 1.58512e-03 | 2.18624e-01 4.25132e-01 |
   4903 | 7.09995e+00 1.58515e-03 | 2.18678e-01 4.25204e-01 |
   4904 | 7.10153e+00 1.58520e-03 | 2.18733e-01 4.25276e-01 |
   4905 | 7.10312e+00 1.58522e-03 | 2.18788e-01 4.25347e-01 |
   4906 | 7.10470e+00 1.58525e-03 | 2.18843e-01 4.25419e-01 |
   4907 | 7.10629e+00 1.58530e-03 | 2.18898e-01 4.25491e-01 |
   4908 | 7.10787e+00 1.58531e-03 | 2.18953e-01 4.25564e-01 |
   4909 | 7.10946e+00 1.58535e-03 | 2.19009e-01 4.25636e-01 |
   4910 | 7.11104e+00 1.58540e-03 | 2.19064e-01 4.25708e-01 |
   4911 | 7.11263e+00 1.58541e-03 | 2.19119e-01 4.25781e-01 |
   4912 | 7.11421e+00 1.58545e-03 | 2.19175e-01 4.25854e-01 |
   4913 | 7.11580e+00 1.58549e-03 | 2.19231e-01 4.25927e-01 |
   4914 | 7.11739e+00 1.58551e-03 | 2.19286e-01 4.26000e-01 |
   4915 | 7.11897e+00 1.58554e-03 | 2.19342e-01 4.26073e-01 |
   4916 | 7.12056e+00 1.58559e-03 | 2.19398e-01 4.26147e-01 |
   4917 | 7.12214e+00 1.58561e-03 | 2.19454e-01 4.26220e-01 |
   4918 | 7.12373e+00 1.58564e-03 | 2.19510e-01 4.26294e-01 |
   4919 | 7.12531e+00 1.58568e-03 | 2.19566e-01 4.26368e-01 |
   4920 | 7.12690e+00 1.58571e-03 | 2.19622e-01 4.26442e-01 |
   4921 | 7.12848e+00 1.58573e-03 | 2.19678e-01 4.26516e-01 |
   4922 | 7.13007e+00 1.58578e-03 | 2.19735e-01 4.26591e-01 |
   4923 | 7.13166e+00 1.58580e-03 | 2.19791e-01 4.26665e-01 |
   4924 | 7.13324e+00 1.58583e-03 | 2.19848e-01 4.26740e-01 |
   4925 | 7.13483e+00 1.58587e-03 | 2.19904e-01 4.26814e-01 |
   4926 | 7.13641e+00 1.58590e-03 | 2.19961e-01 4.26889e-01 |
   4927 | 7.13800e+00 1.58592e-03 | 2.20018e-01 4.26964e-01 |
   4928 | 7.13959e+00 1.58596e-03 | 2.20075e-01 4.27040e-01 |
   4929 | 7.14117e+00 1.58599e-03 | 2.20132e-01 4.27115e-01 |
   4930 | 7.14276e+00 1.58601e-03 | 2.20189e-01 4.27191e-01 |
   4931 | 7.14434e+00 1.58605e-03 | 2.20246e-01 4.27266e-01 |
   4932 | 7.14593e+00 1.58609e-03 | 2.20303e-01 4.27342e-01 |
   4933 | 7.14752e+00 1.58611e-03 | 2.20360e-01 4.27418e-01 |
   4934 | 7.14910e+00 1.58614e-03 | 2.20418e-01 4.27495e-01 |
   4935 | 7.15055e+00 1.44304e-03 | 2.20470e-01 4.27564e-01 |
   4936 | 7.15213e+00 1.58620e-03 | 2.20528e-01 4.27640e-01 |
   4937 | 7.15372e+00 1.58623e-03 | 2.20585e-01 4.27717e-01 |
   4938 | 7.15530e+00 1.58627e-03 | 2.20643e-01 4.27794e-01 |
   4939 | 7.15689e+00 1.58629e-03 | 2.20701e-01 4.27871e-01 |
   4940 | 7.15848e+00 1.58632e-03 | 2.20759e-01 4.27948e-01 |
   4941 | 7.16006e+00 1.58636e-03 | 2.20817e-01 4.28025e-01 |
   4942 | 7.16165e+00 1.58638e-03 | 2.20875e-01 4.28103e-01 |
   4943 | 7.16324e+00 1.58641e-03 | 2.20933e-01 4.28180e-01 |
   4944 | 7.16482e+00 1.58645e-03 | 2.20991e-01 4.28258e-01 |
   4945 | 7.16641e+00 1.58647e-03 | 2.21050e-01 4.28336e-01 |
   4946 | 7.16800e+00 1.58649e-03 | 2.21108e-01 4.28414e-01 |
   4947 | 7.16958e+00 1.58654e-03 | 2.21167e-01 4.28492e-01 |
   4948 | 7.17117e+00 1.58655e-03 | 2.21225e-01 4.28571e-01 |
   4949 | 7.17275e+00 1.58658e-03 | 2.21284e-01 4.28649e-01 |
   4950 | 7.17434e+00 1.58662e-03 | 2.21343e-01 4.28728e-01 |
   4951 | 7.17593e+00 1.58664e-03 | 2.21402e-01 4.28807e-01 |
   4952 | 7.17751e+00 1.58667e-03 | 2.21461e-01 4.28886e-01 |
   4953 | 7.17910e+00 1.58671e-03 | 2.21520e-01 4.28965e-01 |
   4954 | 7.18069e+00 1.58673e-03 | 2.21579e-01 4.29044e-01 |
   4955 | 7.18228e+00 1.58675e-03 | 2.21638e-01 4.29124e-01 |
   4956 | 7.18386e+00 1.58679e-03 | 2.21698e-01 4.29203e-01 |
   4957 | 7.18545e+00 1.58682e-03 | 2.21757e-01 4.29283e-01 |
   4958 | 7.18704e+00 1.58684e-03 | 2.21817e-01 4.29363e-01 |
   4959 | 7.18862e+00 1.58688e-03 | 2.21876e-01 4.29443e-01 |
   4960 | 7.19021e+00 1.58690e-03 | 2.21936e-01 4.29523e-01 |
   4961 | 7.19180e+00 1.58692e-03 | 2.21996e-01 4.29604e-01 |
   4962 | 7.19338e+00 1.58696e-03 | 2.22056e-01 4.29685e-01 |
   4963 | 7.19497e+00 1.58699e-03 | 2.22116e-01 4.29765e-01 |
   4964 | 7.19656e+00 1.58700e-03 | 2.22176e-01 4.29846e-01 |
   4965 | 7.19814e+00 1.58704e-03 | 2.22236e-01 4.29927e-01 |
   4966 | 7.19973e+00 1.58707e-03 | 2.22296e-01 4.30009e-01 |
   4967 | 7.20132e+00 1.58709e-03 | 2.22357e-01 4.30090e-01 |
   4968 | 7.20291e+00 1.58712e-03 | 2.22417e-01 4.30172e-01 |
   4969 | 7.20449e+00 1.58715e-03 | 2.22478e-01 4.30253e-01 |
   4970 | 7.20608e+00 1.58717e-03 | 2.22538e-01 4.30335e-01 |
   4971 | 7.20767e+00 1.58720e-03 | 2.22599e-01 4.30417e-01 |
   4972 | 7.20925e+00 1.58724e-03 | 2.22660e-01 4.30500e-01 |
   4973 | 7.21084e+00 1.58725e-03 | 2.22721e-01 4.30582e-01 |
   4974 | 7.21243e+00 1.58728e-03 | 2.22782e-01 4.30665e-01 |
   4975 | 7.21382e+00 1.39582e-03 | 2.22836e-01 4.30738e-01 |
   4976 | 7.21541e+00 1.58733e-03 | 2.22897e-01 4.30820e-01 |
   4977 | 7.21700e+00 1.58735e-03 | 2.22958e-01 4.30903e-01 |
   4978 | 7.21859e+00 1.58739e-03 | 2.23019e-01 4.30987e-01 |
   4979 | 7.22017e+00 1.58741e-03 | 2.23081e-01 4.31070e-01 |
   4980 | 7.22176e+00 1.58743e-03 | 2.23142e-01 4.31154e-01 |
   4981 | 7.22335e+00 1.58747e-03 | 2.23204e-01 4.31237e-01 |
   4982 | 7.22494e+00 1.58749e-03 | 2.23266e-01 4.31321e-01 |
   4983 | 7.22652e+00 1.58751e-03 | 2.23328e-01 4.31405e-01 |
   4984 | 7.22811e+00 1.58754e-03 | 2.23390e-01 4.31490e-01 |
   4985 | 7.22970e+00 1.58756e-03 | 2.23452e-01 4.31574e-01 |
   4986 | 7.23129e+00 1.58758e-03 | 2.23514e-01 4.31658e-01 |
   4987 | 7.23287e+00 1.58762e-03 | 2.23576e-01 4.31743e-01 |
   4988 | 7.23446e+00 1.58764e-03 | 2.23638e-01 4.31828e-01 |
   4989 | 7.23605e+00 1.58766e-03 | 2.23701e-01 4.31913e-01 |
   4990 | 7.23764e+00 1.58769e-03 | 2.23763e-01 4.31998e-01 |
   4991 | 7.23922e+00 1.58772e-03 | 2.23826e-01 4.32084e-01 |
   4992 | 7.24081e+00 1.58773e-03 | 2.23889e-01 4.32169e-01 |
   4993 | 7.24240e+00 1.58776e-03 | 2.23951e-01 4.32255e-01 |
   4994 | 7.24399e+00 1.58779e-03 | 2.24014e-01 4.32341e-01 |
   4995 | 7.24558e+00 1.58781e-03 | 2.24077e-01 4.32427e-01 |
   4996 | 7.24716e+00 1.58784e-03 | 2.24140e-01 4.32513e-01 |
   4997 | 7.24875e+00 1.58787e-03 | 2.24204e-01 4.32600e-01 |
   4998 | 7.25034e+00 1.58788e-03 | 2.24267e-01 4.32687e-01 |
   4999 | 7.25193e+00 1.58791e-03 | 2.24330e-01 4.32773e-01 |
   5000 | 7.25352e+00 1.58794e-03 | 2.24394e-01 4.32860e-01 |
   5001 | 7.25510e+00 1.58795e-03 | 2.24457e-01 4.32947e-01 |
   5002 | 7.25669e+00 1.58798e-03 | 2.24521e-01 4.33035e-01 |
   5003 | 7.25828e+00 1.58802e-03 | 2.24585e-01 4.33122e-01 |
   5004 | 7.25987e+00 1.58802e-03 | 2.24649e-01 4.33210e-01 |
   5005 | 7.26146e+00 1.58805e-03 | 2.24713e-01 4.33298e-01 |
   5006 | 7.26304e+00 1.58809e-03 | 2.24777e-01 4.33386e-01 |
   5007 | 7.26463e+00 1.58809e-03 | 2.24841e-01 4.33474e-01 |
   5008 | 7.26622e+00 1.58812e-03 | 2.24905e-01 4.33562e-01 |
   5009 | 7.26781e+00 1.58815e-03 | 2.24969e-01 4.33651e-01 |
   5010 | 7.26940e+00 1.58816e-03 | 2.25034e-01 4.33739e-01 |
   5011 | 7.27098e+00 1.58818e-03 | 2.25098e-01 4.33828e-01 |
   5012 | 7.27257e+00 1.58822e-03 | 2.25163e-01 4.33917e-01 |
   5013 | 7.27416e+00 1.58823e-03 | 2.25228e-01 4.34006e-01 |
   5014 | 7.27575e+00 1.58825e-03 | 2.25293e-01 4.34096e-01 |
   5015 | 7.27710e+00 1.35474e-03 | 2.25348e-01 4.34173e-01 |
   5016 | 7.27869e+00 1.58830e-03 | 2.25413e-01 4.34262e-01 |
   5017 | 7.28028e+00 1.58831e-03 | 2.25478e-01 4.34352e-01 |
   5018 | 7.28187e+00 1.58834e-03 | 2.25543e-01 4.34442e-01 |
   5019 | 7.28346e+00 1.58837e-03 | 2.25609e-01 4.34532e-01 |
   5020 | 7.28505e+00 1.58838e-03 | 2.25674e-01 4.34622e-01 |
   5021 | 7.28663e+00 1.58841e-03 | 2.25740e-01 4.34713e-01 |
   5022 | 7.28822e+00 1.58844e-03 | 2.25805e-01 4.34804e-01 |
   5023 | 7.28981e+00 1.58844e-03 | 2.25871e-01 4.34895e-01 |
   5024 | 7.29140e+00 1.58847e-03 | 2.25937e-01 4.34986e-01 |
   5025 | 7.29299e+00 1.58850e-03 | 2.26003e-01 4.35077e-01 |
   5026 | 7.29458e+00 1.58851e-03 | 2.26069e-01 4.35169e-01 |
   5027 | 7.29616e+00 1.58853e-03 | 2.26135e-01 4.35260e-01 |
   5028 | 7.29775e+00 1.58857e-03 | 2.26201e-01 4.35352e-01 |
   5029 | 7.29934e+00 1.58857e-03 | 2.26268e-01 4.35444e-01 |
   5030 | 7.30093e+00 1.58859e-03 | 2.26334e-01 4.35536e-01 |
   5031 | 7.30252e+00 1.58863e-03 | 2.26401e-01 4.35629e-01 |
   5032 | 7.30411e+00 1.58863e-03 | 2.26467e-01 4.35721e-01 |
   5033 | 7.30570e+00 1.58865e-03 | 2.26534e-01 4.35814e-01 |
   5034 | 7.30729e+00 1.58869e-03 | 2.26601e-01 4.35907e-01 |
   5035 | 7.30887e+00 1.58870e-03 | 2.26668e-01 4.36000e-01 |
   5036 | 7.31046e+00 1.58871e-03 | 2.26735e-01 4.36094e-01 |
   5037 | 7.31205e+00 1.58875e-03 | 2.26802e-01 4.36187e-01 |
   5038 | 7.31364e+00 1.58876e-03 | 2.26869e-01 4.36281e-01 |
   5039 | 7.31523e+00 1.58877e-03 | 2.26937e-01 4.36374e-01 |
   5040 | 7.31682e+00 1.58881e-03 | 2.27004e-01 4.36469e-01 |
   5041 | 7.31841e+00 1.58882e-03 | 2.27072e-01 4.36563e-01 |
   5042 | 7.32000e+00 1.58883e-03 | 2.27139e-01 4.36657e-01 |
   5043 | 7.32158e+00 1.58886e-03 | 2.27207e-01 4.36752e-01 |
   5044 | 7.32317e+00 1.58888e-03 | 2.27275e-01 4.36846e-01 |
   5045 | 7.32476e+00 1.58889e-03 | 2.27343e-01 4.36941e-01 |
   5046 | 7.32635e+00 1.58892e-03 | 2.27411e-01 4.37037e-01 |
   5047 | 7.32794e+00 1.58894e-03 | 2.27479e-01 4.37132e-01 |
   5048 | 7.32953e+00 1.58894e-03 | 2.27548e-01 4.37227e-01 |
   5049 | 7.33112e+00 1.58897e-03 | 2.27616e-01 4.37323e-01 |
   5050 | 7.33271e+00 1.58900e-03 | 2.27685e-01 4.37419e-01 |
   5051 | 7.33430e+00 1.58900e-03 | 2.27753e-01 4.37515e-01 |
   5052 | 7.33588e+00 1.58902e-03 | 2.27822e-01 4.37611e-01 |
   5053 | 7.33747e+00 1.58905e-03 | 2.27891e-01 4.37708e-01 |
   5054 | 7.33906e+00 1.58906e-03 | 2.27960e-01 4.37804e-01 |
   5055 | 7.34038e+00 1.32014e-03 | 2.28018e-01 4.37885e-01 |
   5056 | 7.34197e+00 1.58911e-03 | 2.28086e-01 4.37982e-01 |
   5057 | 7.34356e+00 1.58911e-03 | 2.28156e-01 4.38079e-01 |
   5058 | 7.34515e+00 1.58912e-03 | 2.28225e-01 4.38176e-01 |
   5059 | 7.34674e+00 1.58916e-03 | 2.28294e-01 4.38274e-01 |
   5060 | 7.34833e+00 1.58916e-03 | 2.28364e-01 4.38371e-01 |
   5061 | 7.34992e+00 1.58918e-03 | 2.28434e-01 4.38469e-01 |
   5062 | 7.35151e+00 1.58921e-03 | 2.28503e-01 4.38567e-01 |
   5063 | 7.35310e+00 1.58922e-03 | 2.28573e-01 4.38666e-01 |
   5064 | 7.35469e+00 1.58923e-03 | 2.28643e-01 4.38764e-01 |
   5065 | 7.35627e+00 1.58926e-03 | 2.28713e-01 4.38863e-01 |
   5066 | 7.35786e+00 1.58927e-03 | 2.28783e-01 4.38962e-01 |
   5067 | 7.35945e+00 1.58928e-03 | 2.28854e-01 4.39061e-01 |
   5068 | 7.36104e+00 1.58930e-03 | 2.28924e-01 4.39160e-01 |
   5069 | 7.36263e+00 1.58932e-03 | 2.28995e-01 4.39259e-01 |
   5070 | 7.36422e+00 1.58933e-03 | 2.29065e-01 4.39359e-01 |
   5071 | 7.36581e+00 1.58935e-03 | 2.29136e-01 4.39459e-01 |
   5072 | 7.36740e+00 1.58937e-03 | 2.29207e-01 4.39559e-01 |
   5073 | 7.36899e+00 1.58937e-03 | 2.29278e-01 4.39659e-01 |
   5074 | 7.37058e+00 1.58940e-03 | 2.29349e-01 4.39759e-01 |
   5075 | 7.37217e+00 1.58942e-03 | 2.29420e-01 4.39860e-01 |
   5076 | 7.37376e+00 1.58942e-03 | 2.29492e-01 4.39961e-01 |
   5077 | 7.37535e+00 1.58944e-03 | 2.29563e-01 4.40062e-01 |
   5078 | 7.37694e+00 1.58947e-03 | 2.29634e-01 4.40163e-01 |
   5079 | 7.37853e+00 1.58947e-03 | 2.29706e-01 4.40264e-01 |
   5080 | 7.38012e+00 1.58948e-03 | 2.29778e-01 4.40366e-01 |
   5081 | 7.38170e+00 1.58952e-03 | 2.29850e-01 4.40468e-01 |
   5082 | 7.38329e+00 1.58951e-03 | 2.29922e-01 4.40570e-01 |
   5083 | 7.38488e+00 1.58953e-03 | 2.29994e-01 4.40672e-01 |
   5084 | 7.38647e+00 1.58956e-03 | 2.30066e-01 4.40774e-01 |
   5085 | 7.38806e+00 1.58956e-03 | 2.30138e-01 4.40877e-01 |
   5086 | 7.38965e+00 1.58957e-03 | 2.30210e-01 4.40979e-01 |
   5087 | 7.39124e+00 1.58960e-03 | 2.30283e-01 4.41082e-01 |
   5088 | 7.39283e+00 1.58960e-03 | 2.30356e-01 4.41185e-01 |
   5089 | 7.39442e+00 1.58961e-03 | 2.30428e-01 4.41289e-01 |
   5090 | 7.39601e+00 1.58964e-03 | 2.30501e-01 4.41392e-01 |
   5091 | 7.39760e+00 1.58965e-03 | 2.30574e-01 4.41496e-01 |
   5092 | 7.39919e+00 1.58965e-03 | 2.30647e-01 4.41600e-01 |
   5093 | 7.40078e+00 1.58968e-03 | 2.30720e-01 4.41704e-01 |
   5094 | 7.40237e+00 1.58969e-03 | 2.30794e-01 4.41808e-01 |
   5095 | 7.40366e+00 1.29235e-03 | 2.30854e-01 4.41894e-01 |
   5096 | 7.40525e+00 1.58971e-03 | 2.30927e-01 4.41998e-01 |
   5097 | 7.40684e+00 1.58973e-03 | 2.31001e-01 4.42103e-01 |
   5098 | 7.40843e+00 1.58973e-03 | 2.31074e-01 4.42208e-01 |
   5099 | 7.41002e+00 1.58975e-03 | 2.31148e-01 4.42313e-01 |
   5100 | 7.41161e+00 1.58978e-03 | 2.31222e-01 4.42419e-01 |
   5101 | 7.41320e+00 1.58977e-03 | 2.31296e-01 4.42524e-01 |
   5102 | 7.41479e+00 1.58978e-03 | 2.31370e-01 4.42630e-01 |
   5103 | 7.41638e+00 1.58982e-03 | 2.31445e-01 4.42736e-01 |
   5104 | 7.41797e+00 1.58981e-03 | 2.31519e-01 4.42843e-01 |
   5105 | 7.41956e+00 1.58982e-03 | 2.31594e-01 4.42949e-01 |
   5106 | 7.42115e+00 1.58985e-03 | 2.31668e-01 4.43056e-01 |
   5107 | 7.42274e+00 1.58985e-03 | 2.31743e-01 4.43163e-01 |
   5108 | 7.42433e+00 1.58985e-03 | 2.31818e-01 4.43270e-01 |
   5109 | 7.42592e+00 1.58988e-03 | 2.31893e-01 4.43377e-01 |
   5110 | 7.42751e+00 1.58988e-03 | 2.31968e-01 4.43485e-01 |
   5111 | 7.42910e+00 1.58989e-03 | 2.32043e-01 4.43592e-01 |
   5112 | 7.43069e+00 1.58991e-03 | 2.32118e-01 4.43700e-01 |
   5113 | 7.43228e+00 1.58992e-03 | 2.32194e-01 4.43808e-01 |
   5114 | 7.43387e+00 1.58992e-03 | 2.32269e-01 4.43917e-01 |
   5115 | 7.43546e+00 1.58994e-03 | 2.32345e-01 4.44025e-01 |
   5116 | 7.43705e+00 1.58995e-03 | 2.32421e-01 4.44134e-01 |
   5117 | 7.43864e+00 1.58995e-03 | 2.32497e-01 4.44243e-01 |
   5118 | 7.44023e+00 1.58997e-03 | 2.32573e-01 4.44352e-01 |
   5119 | 7.44182e+00 1.58999e-03 | 2.32649e-01 4.44462e-01 |
   5120 | 7.44341e+00 1.58999e-03 | 2.32725e-01 4.44571e-01 |
   5121 | 7.44500e+00 1.59000e-03 | 2.32802e-01 4.44681e-01 |
   5122 | 7.44659e+00 1.59002e-03 | 2.32878e-01 4.44791e-01 |
   5123 | 7.44818e+00 1.59002e-03 | 2.32955e-01 4.44901e-01 |
   5124 | 7.44977e+00 1.59003e-03 | 2.33032e-01 4.45012e-01 |
   5125 | 7.45136e+00 1.59006e-03 | 2.33109e-01 4.45122e-01 |
   5126 | 7.45295e+00 1.59005e-03 | 2.33185e-01 4.45233e-01 |
   5127 | 7.45454e+00 1.59006e-03 | 2.33263e-01 4.45344e-01 |
   5128 | 7.45613e+00 1.59009e-03 | 2.33340e-01 4.45455e-01 |
   5129 | 7.45772e+00 1.59008e-03 | 2.33417e-01 4.45567e-01 |
   5130 | 7.45931e+00 1.59008e-03 | 2.33495e-01 4.45678e-01 |
   5131 | 7.46090e+00 1.59011e-03 | 2.33572e-01 4.45790e-01 |
   5132 | 7.46249e+00 1.59010e-03 | 2.33650e-01 4.45902e-01 |
   5133 | 7.46408e+00 1.59011e-03 | 2.33728e-01 4.46015e-01 |
   5134 | 7.46567e+00 1.59013e-03 | 2.33806e-01 4.46127e-01 |
   5135 | 7.46694e+00 1.27176e-03 | 2.33869e-01 4.46218e-01 |
   5136 | 7.46853e+00 1.59013e-03 | 2.33946e-01 4.46330e-01 |
   5137 | 7.47012e+00 1.59015e-03 | 2.34025e-01 4.46443e-01 |
   5138 | 7.47171e+00 1.59016e-03 | 2.34103e-01 4.46557e-01 |
   5139 | 7.47330e+00 1.59016e-03 | 2.34181e-01 4.46670e-01 |
   5140 | 7.47489e+00 1.59017e-03 | 2.34260e-01 4.46784e-01 |
   5141 | 7.47648e+00 1.59019e-03 | 2.34339e-01 4.46898e-01 |
   5142 | 7.47807e+00 1.59018e-03 | 2.34418e-01 4.47012e-01 |
   5143 | 7.47966e+00 1.59019e-03 | 2.34497e-01 4.47127e-01 |
   5144 | 7.48125e+00 1.59022e-03 | 2.34576e-01 4.47241e-01 |
   5145 | 7.48284e+00 1.59020e-03 | 2.34655e-01 4.47356e-01 |
   5146 | 7.48443e+00 1.59021e-03 | 2.34735e-01 4.47471e-01 |
   5147 | 7.48602e+00 1.59024e-03 | 2.34814e-01 4.47586e-01 |
   5148 | 7.48761e+00 1.59023e-03 | 2.34894e-01 4.47702e-01 |
   5149 | 7.48920e+00 1.59023e-03 | 2.34973e-01 4.47818e-01 |
   5150 | 7.49079e+00 1.59026e-03 | 2.35053e-01 4.47933e-01 |
   5151 | 7.49238e+00 1.59025e-03 | 2.35133e-01 4.48050e-01 |
   5152 | 7.49397e+00 1.59025e-03 | 2.35213e-01 4.48166e-01 |
   5153 | 7.49556e+00 1.59027e-03 | 2.35294e-01 4.48283e-01 |
   5154 | 7.49716e+00 1.59027e-03 | 2.35374e-01 4.48399e-01 |
   5155 | 7.49875e+00 1.59027e-03 | 2.35454e-01 4.48516e-01 |
   5156 | 7.50034e+00 1.59029e-03 | 2.35535e-01 4.48634e-01 |
   5157 | 7.50193e+00 1.59029e-03 | 2.35616e-01 4.48751e-01 |
   5158 | 7.50352e+00 1.59028e-03 | 2.35697e-01 4.48869e-01 |
   5159 | 7.50511e+00 1.59030e-03 | 2.35778e-01 4.48987e-01 |
   5160 | 7.50670e+00 1.59031e-03 | 2.35859e-01 4.49105e-01 |
   5161 | 7.50829e+00 1.59030e-03 | 2.35940e-01 4.49223e-01 |
   5162 | 7.50988e+00 1.59031e-03 | 2.36021e-01 4.49342e-01 |
   5163 | 7.51147e+00 1.59033e-03 | 2.36103e-01 4.49460e-01 |
   5164 | 7.51306e+00 1.59031e-03 | 2.36185e-01 4.49579e-01 |
   5165 | 7.51465e+00 1.59032e-03 | 2.36266e-01 4.49699e-01 |
   5166 | 7.51624e+00 1.59034e-03 | 2.36348e-01 4.49818e-01 |
   5167 | 7.51783e+00 1.59033e-03 | 2.36430e-01 4.49938e-01 |
   5168 | 7.51942e+00 1.59034e-03 | 2.36512e-01 4.50058e-01 |
   5169 | 7.52101e+00 1.59036e-03 | 2.36595e-01 4.50178e-01 |
   5170 | 7.52260e+00 1.59034e-03 | 2.36677e-01 4.50298e-01 |
   5171 | 7.52419e+00 1.59035e-03 | 2.36759e-01 4.50419e-01 |
   5172 | 7.52578e+00 1.59037e-03 | 2.36842e-01 4.50540e-01 |
   5173 | 7.52737e+00 1.59036e-03 | 2.36925e-01 4.50661e-01 |
   5174 | 7.52896e+00 1.59036e-03 | 2.37008e-01 4.50782e-01 |
   5175 | 7.53022e+00 1.25876e-03 | 2.37074e-01 4.50879e-01 |
   5176 | 7.53181e+00 1.59037e-03 | 2.37157e-01 4.51000e-01 |
   5177 | 7.53340e+00 1.59036e-03 | 2.37240e-01 4.51122e-01 |
   5178 | 7.53499e+00 1.59038e-03 | 2.37323e-01 4.51244e-01 |
   5179 | 7.53658e+00 1.59038e-03 | 2.37407e-01 4.51366e-01 |
   5180 | 7.53817e+00 1.59037e-03 | 2.37490e-01 4.51489e-01 |
   5181 | 7.53976e+00 1.59038e-03 | 2.37574e-01 4.51611e-01 |
   5182 | 7.54135e+00 1.59040e-03 | 2.37658e-01 4.51734e-01 |
   5183 | 7.54294e+00 1.59038e-03 | 2.37742e-01 4.51858e-01 |
   5184 | 7.54453e+00 1.59039e-03 | 2.37826e-01 4.51981e-01 |
   5185 | 7.54612e+00 1.59041e-03 | 2.37911e-01 4.52105e-01 |
   5186 | 7.54771e+00 1.59039e-03 | 2.37995e-01 4.52229e-01 |
   5187 | 7.54930e+00 1.59039e-03 | 2.38080e-01 4.52353e-01 |
   5188 | 7.55090e+00 1.59041e-03 | 2.38164e-01 4.52477e-01 |
   5189 | 7.55249e+00 1.59039e-03 | 2.38249e-01 4.52602e-01 |
   5190 | 7.55408e+00 1.59039e-03 | 2.38334e-01 4.52727e-01 |
   5191 | 7.55567e+00 1.59041e-03 | 2.38419e-01 4.52852e-01 |
   5192 | 7.55726e+00 1.59040e-03 | 2.38504e-01 4.52977e-01 |
   5193 | 7.55885e+00 1.59040e-03 | 2.38590e-01 4.53103e-01 |
   5194 | 7.56044e+00 1.59041e-03 | 2.38675e-01 4.53229e-01 |
   5195 | 7.56203e+00 1.59041e-03 | 2.38761e-01 4.53355e-01 |
   5196 | 7.56362e+00 1.59040e-03 | 2.38846e-01 4.53481e-01 |
   5197 | 7.56521e+00 1.59041e-03 | 2.38932e-01 4.53608e-01 |
   5198 | 7.56680e+00 1.59041e-03 | 2.39018e-01 4.53734e-01 |
   5199 | 7.56839e+00 1.59040e-03 | 2.39105e-01 4.53861e-01 |
   5200 | 7.56998e+00 1.59041e-03 | 2.39191e-01 4.53989e-01 |
   5201 | 7.57157e+00 1.59041e-03 | 2.39277e-01 4.54116e-01 |
   5202 | 7.57316e+00 1.59040e-03 | 2.39364e-01 4.54244e-01 |
   5203 | 7.57475e+00 1.59040e-03 | 2.39450e-01 4.54372e-01 |
   5204 | 7.57634e+00 1.59042e-03 | 2.39537e-01 4.54500e-01 |
   5205 | 7.57793e+00 1.59040e-03 | 2.39624e-01 4.54628e-01 |
   5206 | 7.57952e+00 1.59040e-03 | 2.39711e-01 4.54757e-01 |
   5207 | 7.58111e+00 1.59042e-03 | 2.39799e-01 4.54886e-01 |
   5208 | 7.58270e+00 1.59040e-03 | 2.39886e-01 4.55015e-01 |
   5209 | 7.58429e+00 1.59039e-03 | 2.39973e-01 4.55144e-01 |
   5210 | 7.58588e+00 1.59041e-03 | 2.40061e-01 4.55274e-01 |
   5211 | 7.58747e+00 1.59039e-03 | 2.40149e-01 4.55404e-01 |
   5212 | 7.58907e+00 1.59039e-03 | 2.40237e-01 4.55534e-01 |
   5213 | 7.59066e+00 1.59041e-03 | 2.40325e-01 4.55664e-01 |
   5214 | 7.59225e+00 1.59039e-03 | 2.40413e-01 4.55795e-01 |
   5215 | 7.59350e+00 1.25369e-03 | 2.40483e-01 4.55899e-01 |
   5216 | 7.59509e+00 1.59039e-03 | 2.40571e-01 4.56029e-01 |
   5217 | 7.59668e+00 1.59039e-03 | 2.40660e-01 4.56160e-01 |
   5218 | 7.59827e+00 1.59037e-03 | 2.40748e-01 4.56292e-01 |
   5219 | 7.59986e+00 1.59038e-03 | 2.40837e-01 4.56423e-01 |
   5220 | 7.60145e+00 1.59039e-03 | 2.40926e-01 4.56555e-01 |
   5221 | 7.60304e+00 1.59037e-03 | 2.41015e-01 4.56688e-01 |
   5222 | 7.60463e+00 1.59037e-03 | 2.41105e-01 4.56820e-01 |
   5223 | 7.60622e+00 1.59039e-03 | 2.41194e-01 4.56953e-01 |
   5224 | 7.60781e+00 1.59036e-03 | 2.41283e-01 4.57086e-01 |
   5225 | 7.60940e+00 1.59036e-03 | 2.41373e-01 4.57219e-01 |
   5226 | 7.61099e+00 1.59038e-03 | 2.41463e-01 4.57352e-01 |
   5227 | 7.61258e+00 1.59035e-03 | 2.41553e-01 4.57486e-01 |
   5228 | 7.61417e+00 1.59034e-03 | 2.41643e-01 4.57620e-01 |
   5229 | 7.61576e+00 1.59036e-03 | 2.41733e-01 4.57754e-01 |
   5230 | 7.61736e+00 1.59034e-03 | 2.41824e-01 4.57889e-01 |
   5231 | 7.61895e+00 1.59033e-03 | 2.41914e-01 4.58023e-01 |
   5232 | 7.62054e+00 1.59034e-03 | 2.42005e-01 4.58158e-01 |
   5233 | 7.62213e+00 1.59033e-03 | 2.42096e-01 4.58293e-01 |
   5234 | 7.62372e+00 1.59032e-03 | 2.42187e-01 4.58429e-01 |
   5235 | 7.62531e+00 1.59032e-03 | 2.42278e-01 4.58564e-01 |
   5236 | 7.62690e+00 1.59032e-03 | 2.42369e-01 4.58700e-01 |
   5237 | 7.62849e+00 1.59030e-03 | 2.42460e-01 4.58837e-01 |
   5238 | 7.63008e+00 1.59030e-03 | 2.42552e-01 4.58973e-01 |
   5239 | 7.63167e+00 1.59031e-03 | 2.42643e-01 4.59110e-01 |
   5240 | 7.63326e+00 1.59029e-03 | 2.42735e-01 4.59247e-01 |
   5241 | 7.63485e+00 1.59029e-03 | 2.42827e-01 4.59384e-01 |
   5242 | 7.63644e+00 1.59030e-03 | 2.42919e-01 4.59521e-01 |
   5243 | 7.63803e+00 1.59027e-03 | 2.43012e-01 4.59659e-01 |
   5244 | 7.63962e+00 1.59027e-03 | 2.43104e-01 4.59797e-01 |
   5245 | 7.64121e+00 1.59028e-03 | 2.43196e-01 4.59935e-01 |
   5246 | 7.64280e+00 1.59025e-03 | 2.43289e-01 4.60074e-01 |
   5247 | 7.64439e+00 1.59024e-03 | 2.43382e-01 4.60212e-01 |
   5248 | 7.64598e+00 1.59026e-03 | 2.43475e-01 4.60351e-01 |
   5249 | 7.64757e+00 1.59024e-03 | 2.43568e-01 4.60490e-01 |
   5250 | 7.64916e+00 1.59022e-03 | 2.43661e-01 4.60630e-01 |
   5251 | 7.65075e+00 1.59023e-03 | 2.43755e-01 4.60770e-01 |
   5252 | 7.65234e+00 1.59022e-03 | 2.43848e-01 4.60910e-01 |
   5253 | 7.65393e+00 1.59020e-03 | 2.43942e-01 4.61050e-01 |
   5254 | 7.65552e+00 1.59021e-03 | 2.44036e-01 4.61190e-01 |
   5255 | 7.65678e+00 1.25698e-03 | 2.44111e-01 4.61303e-01 |
   5256 | 7.65837e+00 1.59018e-03 | 2.44204e-01 4.61443e-01 |
   5257 | 7.65996e+00 1.59018e-03 | 2.44298e-01 4.61584e-01 |
   5258 | 7.66155e+00 1.59019e-03 | 2.44393e-01 4.61725e-01 |
   5259 | 7.66314e+00 1.59016e-03 | 2.44487e-01 4.61867e-01 |
   5260 | 7.66473e+00 1.59015e-03 | 2.44582e-01 4.62009e-01 |
   5261 | 7.66632e+00 1.59016e-03 | 2.44677e-01 4.62151e-01 |
   5262 | 7.66791e+00 1.59013e-03 | 2.44772e-01 4.62294e-01 |
   5263 | 7.66950e+00 1.59012e-03 | 2.44867e-01 4.62437e-01 |
   5264 | 7.67109e+00 1.59013e-03 | 2.44962e-01 4.62580e-01 |
   5265 | 7.67268e+00 1.59011e-03 | 2.45058e-01 4.62723e-01 |
   5266 | 7.67427e+00 1.59009e-03 | 2.45153e-01 4.62867e-01 |
   5267 | 7.67586e+00 1.59010e-03 | 2.45249e-01 4.63010e-01 |
   5268 | 7.67745e+00 1.59009e-03 | 2.45345e-01 4.63155e-01 |
   5269 | 7.67904e+00 1.59006e-03 | 2.45441e-01 4.63299e-01 |
   5270 | 7.68063e+00 1.59007e-03 | 2.45537e-01 4.63444e-01 |
   5271 | 7.68222e+00 1.59006e-03 | 2.45633e-01 4.63588e-01 |
   5272 | 7.68381e+00 1.59003e-03 | 2.45730e-01 4.63734e-01 |
   5273 | 7.68540e+00 1.59003e-03 | 2.45826e-01 4.63879e-01 |
   5274 | 7.68699e+00 1.59003e-03 | 2.45923e-01 4.64025e-01 |
   5275 | 7.68858e+00 1.59000e-03 | 2.46020e-01 4.64171e-01 |
   5276 | 7.69017e+00 1.59000e-03 | 2.46117e-01 4.64317e-01 |
   5277 | 7.69176e+00 1.59001e-03 | 2.46214e-01 4.64463e-01 |
   5278 | 7.69335e+00 1.58997e-03 | 2.46312e-01 4.64610e-01 |
   5279 | 7.69494e+00 1.58996e-03 | 2.46409e-01 4.64757e-01 |
   5280 | 7.69653e+00 1.58997e-03 | 2.46507e-01 4.64904e-01 |
   5281 | 7.69812e+00 1.58994e-03 | 2.46605e-01 4.65052e-01 |
   5282 | 7.69971e+00 1.58992e-03 | 2.46703e-01 4.65200e-01 |
   5283 | 7.70130e+00 1.58993e-03 | 2.46801e-01 4.65348e-01 |
   5284 | 7.70289e+00 1.58991e-03 | 2.46899e-01 4.65496e-01 |
   5285 | 7.70448e+00 1.58989e-03 | 2.46998e-01 4.65645e-01 |
   5286 | 7.70607e+00 1.58989e-03 | 2.47096e-01 4.65794e-01 |
   5287 | 7.70766e+00 1.58988e-03 | 2.47195e-01 4.65943e-01 |
   5288 | 7.70925e+00 1.58985e-03 | 2.47294e-01 4.66093e-01 |
   5289 | 7.71084e+00 1.58985e-03 | 2.47393e-01 4.66242e-01 |
   5290 | 7.71243e+00 1.58984e-03 | 2.47492e-01 4.66392e-01 |
   5291 | 7.71402e+00 1.58981e-03 | 2.47592e-01 4.66543e-01 |
   5292 | 7.71561e+00 1.58981e-03 | 2.47691e-01 4.66693e-01 |
   5293 | 7.71720e+00 1.58981e-03 | 2.47791e-01 4.66844e-01 |
   5294 | 7.71879e+00 1.58977e-03 | 2.47891e-01 4.66995e-01 |
   5295 | 7.72006e+00 1.26906e-03 | 2.47971e-01 4.67117e-01 |
   5296 | 7.72165e+00 1.58977e-03 | 2.48071e-01 4.67267e-01 |
   5297 | 7.72324e+00 1.58974e-03 | 2.48171e-01 4.67419e-01 |
   5298 | 7.72483e+00 1.58972e-03 | 2.48272e-01 4.67572e-01 |
   5299 | 7.72642e+00 1.58972e-03 | 2.48372e-01 4.67724e-01 |
   5300 | 7.72801e+00 1.58970e-03 | 2.48473e-01 4.67877e-01 |
   5301 | 7.72960e+00 1.58968e-03 | 2.48574e-01 4.68030e-01 |
   5302 | 7.73119e+00 1.58967e-03 | 2.48675e-01 4.68183e-01 |
   5303 | 7.73278e+00 1.58966e-03 | 2.48776e-01 4.68336e-01 |
   5304 | 7.73437e+00 1.58963e-03 | 2.48878e-01 4.68490e-01 |
   5305 | 7.73595e+00 1.58963e-03 | 2.48979e-01 4.68644e-01 |
   5306 | 7.73754e+00 1.58962e-03 | 2.49081e-01 4.68799e-01 |
   5307 | 7.73913e+00 1.58959e-03 | 2.49183e-01 4.68953e-01 |
   5308 | 7.74072e+00 1.58958e-03 | 2.49285e-01 4.69108e-01 |
   5309 | 7.74231e+00 1.58958e-03 | 2.49387e-01 4.69264e-01 |
   5310 | 7.74390e+00 1.58954e-03 | 2.49490e-01 4.69419e-01 |
   5311 | 7.74549e+00 1.58953e-03 | 2.49592e-01 4.69575e-01 |
   5312 | 7.74708e+00 1.58953e-03 | 2.49695e-01 4.69731e-01 |
   5313 | 7.74867e+00 1.58950e-03 | 2.49798e-01 4.69887e-01 |
   5314 | 7.75026e+00 1.58947e-03 | 2.49901e-01 4.70044e-01 |
   5315 | 7.75185e+00 1.58948e-03 | 2.50004e-01 4.70201e-01 |
   5316 | 7.75344e+00 1.58945e-03 | 2.50107e-01 4.70358e-01 |
   5317 | 7.75503e+00 1.58942e-03 | 2.50211e-01 4.70516e-01 |
   5318 | 7.75662e+00 1.58942e-03 | 2.50314e-01 4.70673e-01 |
   5319 | 7.75821e+00 1.58940e-03 | 2.50418e-01 4.70832e-01 |
   5320 | 7.75980e+00 1.58937e-03 | 2.50522e-01 4.70990e-01 |
   5321 | 7.76139e+00 1.58936e-03 | 2.50626e-01 4.71149e-01 |
   5322 | 7.76298e+00 1.58936e-03 | 2.50731e-01 4.71307e-01 |
   5323 | 7.76457e+00 1.58932e-03 | 2.50835e-01 4.71467e-01 |
   5324 | 7.76615e+00 1.58931e-03 | 2.50940e-01 4.71626e-01 |
   5325 | 7.76774e+00 1.58931e-03 | 2.51045e-01 4.71786e-01 |
   5326 | 7.76933e+00 1.58926e-03 | 2.51150e-01 4.71946e-01 |
   5327 | 7.77092e+00 1.58925e-03 | 2.51255e-01 4.72106e-01 |
   5328 | 7.77251e+00 1.58926e-03 | 2.51360e-01 4.72267e-01 |
   5329 | 7.77410e+00 1.58921e-03 | 2.51466e-01 4.72428e-01 |
   5330 | 7.77569e+00 1.58919e-03 | 2.51571e-01 4.72589e-01 |
   5331 | 7.77728e+00 1.58919e-03 | 2.51677e-01 4.72751e-01 |
   5332 | 7.77887e+00 1.58916e-03 | 2.51783e-01 4.72913e-01 |
   5333 | 7.78046e+00 1.58913e-03 | 2.51889e-01 4.73075e-01 |
   5334 | 7.78205e+00 1.58913e-03 | 2.51996e-01 4.73237e-01 |
   5335 | 7.78334e+00 1.29032e-03 | 2.52083e-01 4.73370e-01 |
   5336 | 7.78493e+00 1.58907e-03 | 2.52189e-01 4.73532e-01 |
   5337 | 7.78652e+00 1.58906e-03 | 2.52295e-01 4.73696e-01 |
   5338 | 7.78810e+00 1.58906e-03 | 2.52402e-01 4.73859e-01 |
   5339 | 7.78969e+00 1.58901e-03 | 2.52509e-01 4.74023e-01 |
   5340 | 7.79128e+00 1.58900e-03 | 2.52617e-01 4.74187e-01 |
   5341 | 7.79287e+00 1.58900e-03 | 2.52724e-01 4.74352e-01 |
   5342 | 7.79446e+00 1.58895e-03 | 2.52832e-01 4.74516e-01 |
   5343 | 7.79605e+00 1.58893e-03 | 2.52940e-01 4.74681e-01 |
   5344 | 7.79764e+00 1.58893e-03 | 2.53048e-01 4.74847e-01 |
   5345 | 7.79923e+00 1.58889e-03 | 2.53156e-01 4.75012e-01 |
   5346 | 7.80082e+00 1.58886e-03 | 2.53264e-01 4.75178e-01 |
   5347 | 7.80240e+00 1.58886e-03 | 2.53373e-01 4.75344e-01 |
   5348 | 7.80399e+00 1.58883e-03 | 2.53481e-01 4.75511e-01 |
   5349 | 7.80558e+00 1.58880e-03 | 2.53590e-01 4.75678e-01 |
   5350 | 7.80717e+00 1.58879e-03 | 2.53699e-01 4.75845e-01 |
   5351 | 7.80876e+00 1.58877e-03 | 2.53808e-01 4.76012e-01 |
   5352 | 7.81035e+00 1.58873e-03 | 2.53918e-01 4.76180e-01 |
   5353 | 7.81194e+00 1.58872e-03 | 2.54027e-01 4.76348e-01 |
   5354 | 7.81353e+00 1.58871e-03 | 2.54137e-01 4.76517e-01 |
   5355 | 7.81511e+00 1.58866e-03 | 2.54247e-01 4.76685e-01 |
   5356 | 7.81670e+00 1.58864e-03 | 2.54357e-01 4.76854e-01 |
   5357 | 7.81829e+00 1.58865e-03 | 2.54467e-01 4.77023e-01 |
   5358 | 7.81988e+00 1.58860e-03 | 2.54577e-01 4.77193e-01 |
   5359 | 7.82147e+00 1.58857e-03 | 2.54688e-01 4.77363e-01 |
   5360 | 7.82306e+00 1.58857e-03 | 2.54799e-01 4.77533e-01 |
   5361 | 7.82465e+00 1.58853e-03 | 2.54909e-01 4.77703e-01 |
   5362 | 7.82623e+00 1.58850e-03 | 2.55020e-01 4.77874e-01 |
   5363 | 7.82782e+00 1.58849e-03 | 2.55132e-01 4.78045e-01 |
   5364 | 7.82941e+00 1.58846e-03 | 2.55243e-01 4.78217e-01 |
   5365 | 7.83100e+00 1.58842e-03 | 2.55355e-01 4.78388e-01 |
   5366 | 7.83259e+00 1.58841e-03 | 2.55467e-01 4.78560e-01 |
   5367 | 7.83418e+00 1.58839e-03 | 2.55579e-01 4.78733e-01 |
   5368 | 7.83577e+00 1.58835e-03 | 2.55691e-01 4.78905e-01 |
   5369 | 7.83735e+00 1.58833e-03 | 2.55803e-01 4.79078e-01 |
   5370 | 7.83894e+00 1.58833e-03 | 2.55916e-01 4.79252e-01 |
   5371 | 7.84053e+00 1.58827e-03 | 2.56028e-01 4.79425e-01 |
   5372 | 7.84212e+00 1.58825e-03 | 2.56141e-01 4.79599e-01 |
   5373 | 7.84371e+00 1.58826e-03 | 2.56254e-01 4.79773e-01 |
   5374 | 7.84529e+00 1.58820e-03 | 2.56367e-01 4.79948e-01 |
   5375 | 7.84662e+00 1.32126e-03 | 2.56462e-01 4.80094e-01 |
   5376 | 7.84820e+00 1.58817e-03 | 2.56575e-01 4.80268e-01 |
   5377 | 7.84979e+00 1.58813e-03 | 2.56689e-01 4.80444e-01 |
   5378 | 7.85138e+00 1.58809e-03 | 2.56803e-01 4.80620e-01 |
   5379 | 7.85297e+00 1.58808e-03 | 2.56917e-01 4.80796e-01 |
   5380 | 7.85456e+00 1.58806e-03 | 2.57031e-01 4.80972e-01 |
   5381 | 7.85614e+00 1.58801e-03 | 2.57146e-01 4.81149e-01 |
   5382 | 7.85773e+00 1.58799e-03 | 2.57260e-01 4.81326e-01 |
   5383 | 7.85932e+00 1.58798e-03 | 2.57375e-01 4.81503e-01 |
   5384 | 7.86091e+00 1.58793e-03 | 2.57490e-01 4.81681e-01 |
   5385 | 7.86250e+00 1.58790e-03 | 2.57605e-01 4.81858e-01 |
   5386 | 7.86408e+00 1.58791e-03 | 2.57720e-01 4.82037e-01 |
   5387 | 7.86567e+00 1.58785e-03 | 2.57836e-01 4.82215e-01 |
   5388 | 7.86726e+00 1.58782e-03 | 2.57952e-01 4.82394e-01 |
   5389 | 7.86885e+00 1.58781e-03 | 2.58068e-01 4.82573e-01 |
   5390 | 7.87044e+00 1.58777e-03 | 2.58184e-01 4.82753e-01 |
   5391 | 7.87202e+00 1.58773e-03 | 2.58300e-01 4.82933e-01 |
   5392 | 7.87361e+00 1.58772e-03 | 2.58416e-01 4.83113e-01 |
   5393 | 7.87520e+00 1.58769e-03 | 2.58533e-01 4.83294e-01 |
   5394 | 7.87679e+00 1.58764e-03 | 2.58650e-01 4.83474e-01 |
   5395 | 7.87837e+00 1.58762e-03 | 2.58767e-01 4.83656e-01 |
   5396 | 7.87996e+00 1.58760e-03 | 2.58884e-01 4.83837e-01 |
   5397 | 7.88155e+00 1.58755e-03 | 2.59001e-01 4.84019e-01 |
   5398 | 7.88314e+00 1.58753e-03 | 2.59119e-01 4.84201e-01 |
   5399 | 7.88472e+00 1.58752e-03 | 2.59237e-01 4.84384e-01 |
   5400 | 7.88631e+00 1.58746e-03 | 2.59355e-01 4.84566e-01 |
   5401 | 7.88790e+00 1.58743e-03 | 2.59473e-01 4.84749e-01 |
   5402 | 7.88949e+00 1.58743e-03 | 2.59591e-01 4.84933e-01 |
   5403 | 7.89107e+00 1.58737e-03 | 2.59710e-01 4.85117e-01 |
   5404 | 7.89266e+00 1.58734e-03 | 2.59828e-01 4.85301e-01 |
   5405 | 7.89425e+00 1.58733e-03 | 2.59947e-01 4.85485e-01 |
   5406 | 7.89584e+00 1.58728e-03 | 2.60066e-01 4.85670e-01 |
   5407 | 7.89742e+00 1.58724e-03 | 2.60185e-01 4.85855e-01 |
   5408 | 7.89901e+00 1.58723e-03 | 2.60305e-01 4.86041e-01 |
   5409 | 7.90060e+00 1.58720e-03 | 2.60425e-01 4.86226e-01 |
   5410 | 7.90218e+00 1.58714e-03 | 2.60544e-01 4.86412e-01 |
   5411 | 7.90377e+00 1.58712e-03 | 2.60664e-01 4.86599e-01 |
   5412 | 7.90536e+00 1.58711e-03 | 2.60785e-01 4.86786e-01 |
   5413 | 7.90695e+00 1.58705e-03 | 2.60905e-01 4.86973e-01 |
   5414 | 7.90853e+00 1.58702e-03 | 2.61026e-01 4.87160e-01 |
   5415 | 7.90990e+00 1.36231e-03 | 2.61130e-01 4.87322e-01 |
   5416 | 7.91148e+00 1.58696e-03 | 2.61250e-01 4.87509e-01 |
   5417 | 7.91307e+00 1.58692e-03 | 2.61371e-01 4.87698e-01 |
   5418 | 7.91466e+00 1.58691e-03 | 2.61493e-01 4.87887e-01 |
   5419 | 7.91624e+00 1.58686e-03 | 2.61614e-01 4.88076e-01 |
   5420 | 7.91783e+00 1.58682e-03 | 2.61736e-01 4.88265e-01 |
   5421 | 7.91942e+00 1.58680e-03 | 2.61858e-01 4.88455e-01 |
   5422 | 7.92100e+00 1.58677e-03 | 2.61980e-01 4.88645e-01 |
   5423 | 7.92259e+00 1.58671e-03 | 2.62102e-01 4.88835e-01 |
   5424 | 7.92418e+00 1.58669e-03 | 2.62225e-01 4.89026e-01 |
   5425 | 7.92576e+00 1.58667e-03 | 2.62347e-01 4.89217e-01 |
   5426 | 7.92735e+00 1.58661e-03 | 2.62470e-01 4.89409e-01 |
   5427 | 7.92894e+00 1.58658e-03 | 2.62593e-01 4.89600e-01 |
   5428 | 7.93052e+00 1.58658e-03 | 2.62717e-01 4.89793e-01 |
   5429 | 7.93211e+00 1.58651e-03 | 2.62840e-01 4.89985e-01 |
   5430 | 7.93370e+00 1.58647e-03 | 2.62964e-01 4.90178e-01 |
   5431 | 7.93528e+00 1.58646e-03 | 2.63088e-01 4.90371e-01 |
   5432 | 7.93687e+00 1.58641e-03 | 2.63212e-01 4.90565e-01 |
   5433 | 7.93846e+00 1.58636e-03 | 2.63336e-01 4.90758e-01 |
   5434 | 7.94004e+00 1.58634e-03 | 2.63460e-01 4.90953e-01 |
   5435 | 7.94163e+00 1.58630e-03 | 2.63585e-01 4.91147e-01 |
   5436 | 7.94321e+00 1.58625e-03 | 2.63710e-01 4.91342e-01 |
   5437 | 7.94480e+00 1.58623e-03 | 2.63835e-01 4.91537e-01 |
   5438 | 7.94639e+00 1.58620e-03 | 2.63960e-01 4.91733e-01 |
   5439 | 7.94797e+00 1.58614e-03 | 2.64086e-01 4.91929e-01 |
   5440 | 7.94956e+00 1.58611e-03 | 2.64211e-01 4.92125e-01 |
   5441 | 7.95115e+00 1.58610e-03 | 2.64337e-01 4.92322e-01 |
   5442 | 7.95273e+00 1.58603e-03 | 2.64463e-01 4.92519e-01 |
   5443 | 7.95432e+00 1.58599e-03 | 2.64589e-01 4.92716e-01 |
   5444 | 7.95590e+00 1.58598e-03 | 2.64716e-01 4.92914e-01 |
   5445 | 7.95749e+00 1.58592e-03 | 2.64842e-01 4.93112e-01 |
   5446 | 7.95907e+00 1.58587e-03 | 2.64969e-01 4.93310e-01 |
   5447 | 7.96066e+00 1.58586e-03 | 2.65096e-01 4.93509e-01 |
   5448 | 7.96225e+00 1.58581e-03 | 2.65224e-01 4.93708e-01 |
   5449 | 7.96383e+00 1.58575e-03 | 2.65351e-01 4.93908e-01 |
   5450 | 7.96542e+00 1.58573e-03 | 2.65479e-01 4.94108e-01 |
   5451 | 7.96700e+00 1.58570e-03 | 2.65607e-01 4.94308e-01 |
   5452 | 7.96859e+00 1.58564e-03 | 2.65735e-01 4.94508e-01 |
   5453 | 7.97017e+00 1.58561e-03 | 2.65863e-01 4.94709e-01 |
   5454 | 7.97176e+00 1.58559e-03 | 2.65991e-01 4.94910e-01 |
   5455 | 7.97317e+00 1.41392e-03 | 2.66107e-01 4.95091e-01 |
   5456 | 7.97476e+00 1.58548e-03 | 2.66235e-01 4.95292e-01 |
   5457 | 7.97635e+00 1.58547e-03 | 2.66364e-01 4.95494e-01 |
   5458 | 7.97793e+00 1.58541e-03 | 2.66493e-01 4.95697e-01 |
   5459 | 7.97952e+00 1.58536e-03 | 2.66623e-01 4.95900e-01 |
   5460 | 7.98110e+00 1.58534e-03 | 2.66753e-01 4.96103e-01 |
   5461 | 7.98269e+00 1.58529e-03 | 2.66883e-01 4.96307e-01 |
   5462 | 7.98427e+00 1.58523e-03 | 2.67013e-01 4.96511e-01 |
   5463 | 7.98586e+00 1.58521e-03 | 2.67143e-01 4.96716e-01 |
   5464 | 7.98744e+00 1.58518e-03 | 2.67273e-01 4.96921e-01 |
   5465 | 7.98903e+00 1.58511e-03 | 2.67404e-01 4.97126e-01 |
   5466 | 7.99061e+00 1.58507e-03 | 2.67535e-01 4.97331e-01 |
   5467 | 7.99220e+00 1.58506e-03 | 2.67666e-01 4.97537e-01 |
   5468 | 7.99378e+00 1.58499e-03 | 2.67798e-01 4.97744e-01 |
   5469 | 7.99537e+00 1.58494e-03 | 2.67929e-01 4.97950e-01 |
   5470 | 7.99695e+00 1.58493e-03 | 2.68061e-01 4.98157e-01 |
   5471 | 7.99854e+00 1.58486e-03 | 2.68193e-01 4.98365e-01 |
   5472 | 8.00012e+00 1.58481e-03 | 2.68325e-01 4.98572e-01 |
   5473 | 8.00171e+00 1.58479e-03 | 2.68458e-01 4.98781e-01 |
   5474 | 8.00329e+00 1.58474e-03 | 2.68590e-01 4.98989e-01 |
   5475 | 8.00488e+00 1.58468e-03 | 2.68723e-01 4.99198e-01 |
   5476 | 8.00646e+00 1.58465e-03 | 2.68856e-01 4.99407e-01 |
   5477 | 8.00805e+00 1.58462e-03 | 2.68989e-01 4.99617e-01 |
   5478 | 8.00963e+00 1.58455e-03 | 2.69123e-01 4.99827e-01 |
   5479 | 8.01121e+00 1.58451e-03 | 2.69257e-01 5.00037e-01 |
   5480 | 8.01280e+00 1.58450e-03 | 2.69390e-01 5.00248e-01 |
   5481 | 8.01438e+00 1.58442e-03 | 2.69525e-01 5.00459e-01 |
   5482 | 8.01597e+00 1.58437e-03 | 2.69659e-01 5.00670e-01 |
   5483 | 8.01755e+00 1.58436e-03 | 2.69793e-01 5.00882e-01 |
   5484 | 8.01914e+00 1.58429e-03 | 2.69928e-01 5.01095e-01 |
   5485 | 8.02072e+00 1.58423e-03 | 2.70063e-01 5.01307e-01 |
   5486 | 8.02231e+00 1.58421e-03 | 2.70198e-01 5.01520e-01 |
   5487 | 8.02389e+00 1.58416e-03 | 2.70334e-01 5.01734e-01 |
   5488 | 8.02547e+00 1.58409e-03 | 2.70469e-01 5.01947e-01 |
   5489 | 8.02706e+00 1.58406e-03 | 2.70605e-01 5.02161e-01 |
   5490 | 8.02864e+00 1.58403e-03 | 2.70741e-01 5.02376e-01 |
   5491 | 8.03023e+00 1.58395e-03 | 2.70878e-01 5.02591e-01 |
   5492 | 8.03181e+00 1.58391e-03 | 2.71014e-01 5.02806e-01 |
   5493 | 8.03339e+00 1.58390e-03 | 2.71151e-01 5.03022e-01 |
   5494 | 8.03498e+00 1.58382e-03 | 2.71288e-01 5.03238e-01 |
   5495 | 8.03645e+00 1.47659e-03 | 2.71416e-01 5.03440e-01 |
   5496 | 8.03804e+00 1.58375e-03 | 2.71553e-01 5.03656e-01 |
   5497 | 8.03962e+00 1.58368e-03 | 2.71690e-01 5.03873e-01 |
   5498 | 8.04120e+00 1.58362e-03 | 2.71828e-01 5.04091e-01 |
   5499 | 8.04279e+00 1.58360e-03 | 2.71966e-01 5.04309e-01 |
   5500 | 8.04437e+00 1.58355e-03 | 2.72105e-01 5.04527e-01 |
   5501 | 8.04596e+00 1.58348e-03 | 2.72243e-01 5.04746e-01 |
   5502 | 8.04754e+00 1.58344e-03 | 2.72382e-01 5.04965e-01 |
   5503 | 8.04912e+00 1.58341e-03 | 2.72521e-01 5.05184e-01 |
   5504 | 8.05071e+00 1.58333e-03 | 2.72660e-01 5.05404e-01 |
   5505 | 8.05229e+00 1.58329e-03 | 2.72799e-01 5.05625e-01 |
   5506 | 8.05387e+00 1.58328e-03 | 2.72939e-01 5.05845e-01 |
   5507 | 8.05546e+00 1.58319e-03 | 2.73078e-01 5.06066e-01 |
   5508 | 8.05704e+00 1.58313e-03 | 2.73218e-01 5.06288e-01 |
   5509 | 8.05862e+00 1.58311e-03 | 2.73359e-01 5.06509e-01 |
   5510 | 8.06020e+00 1.58304e-03 | 2.73499e-01 5.06732e-01 |
   5511 | 8.06179e+00 1.58298e-03 | 2.73640e-01 5.06954e-01 |
   5512 | 8.06337e+00 1.58295e-03 | 2.73781e-01 5.07177e-01 |
   5513 | 8.06495e+00 1.58290e-03 | 2.73922e-01 5.07401e-01 |
   5514 | 8.06654e+00 1.58283e-03 | 2.74063e-01 5.07624e-01 |
   5515 | 8.06812e+00 1.58279e-03 | 2.74205e-01 5.07849e-01 |
   5516 | 8.06970e+00 1.58276e-03 | 2.74347e-01 5.08073e-01 |
   5517 | 8.07128e+00 1.58268e-03 | 2.74489e-01 5.08298e-01 |
   5518 | 8.07287e+00 1.58263e-03 | 2.74631e-01 5.08524e-01 |
   5519 | 8.07445e+00 1.58261e-03 | 2.74774e-01 5.08749e-01 |
   5520 | 8.07603e+00 1.58252e-03 | 2.74916e-01 5.08976e-01 |
   5521 | 8.07761e+00 1.58247e-03 | 2.75059e-01 5.09202e-01 |
   5522 | 8.07920e+00 1.58244e-03 | 2.75202e-01 5.09429e-01 |
   5523 | 8.08078e+00 1.58237e-03 | 2.75346e-01 5.09657e-01 |
   5524 | 8.08236e+00 1.58231e-03 | 2.75490e-01 5.09884e-01 |
   5525 | 8.08394e+00 1.58227e-03 | 2.75633e-01 5.10112e-01 |
   5526 | 8.08553e+00 1.58222e-03 | 2.75778e-01 5.10341e-01 |
   5527 | 8.08711e+00 1.58215e-03 | 2.75922e-01 5.10570e-01 |
   5528 | 8.08869e+00 1.58210e-03 | 2.76066e-01 5.10799e-01 |
   5529 | 8.09027e+00 1.58208e-03 | 2.76211e-01 5.11029e-01 |
   5530 | 8.09185e+00 1.58199e-03 | 2.76356e-01 5.11259e-01 |
   5531 | 8.09344e+00 1.58193e-03 | 2.76502e-01 5.11490e-01 |
   5532 | 8.09502e+00 1.58191e-03 | 2.76647e-01 5.11721e-01 |
   5533 | 8.09660e+00 1.58183e-03 | 2.76793e-01 5.11953e-01 |
   5534 | 8.09818e+00 1.58176e-03 | 2.76939e-01 5.12184e-01 |
   5535 | 8.09973e+00 1.55078e-03 | 2.77082e-01 5.12412e-01 |
   5536 | 8.10131e+00 1.58167e-03 | 2.77229e-01 5.12645e-01 |
   5537 | 8.10290e+00 1.58160e-03 | 2.77375e-01 5.12878e-01 |
   5538 | 8.10448e+00 1.58156e-03 | 2.77522e-01 5.13111e-01 |
   5539 | 8.10606e+00 1.58152e-03 | 2.77669e-01 5.13345e-01 |
   5540 | 8.10764e+00 1.58143e-03 | 2.77817e-01 5.13579e-01 |
   5541 | 8.10922e+00 1.58138e-03 | 2.77964e-01 5.13814e-01 |
   5542 | 8.11080e+00 1.58136e-03 | 2.78112e-01 5.14049e-01 |
   5543 | 8.11238e+00 1.58127e-03 | 2.78260e-01 5.14285e-01 |
   5544 | 8.11397e+00 1.58121e-03 | 2.78409e-01 5.14521e-01 |
   5545 | 8.11555e+00 1.58118e-03 | 2.78557e-01 5.14757e-01 |
   5546 | 8.11713e+00 1.58110e-03 | 2.78706e-01 5.14994e-01 |
   5547 | 8.11871e+00 1.58103e-03 | 2.78855e-01 5.15231e-01 |
   5548 | 8.12029e+00 1.58100e-03 | 2.79004e-01 5.15469e-01 |
   5549 | 8.12187e+00 1.58094e-03 | 2.79154e-01 5.15707e-01 |
   5550 | 8.12345e+00 1.58086e-03 | 2.79304e-01 5.15945e-01 |
   5551 | 8.12503e+00 1.58081e-03 | 2.79454e-01 5.16184e-01 |
   5552 | 8.12661e+00 1.58078e-03 | 2.79604e-01 5.16424e-01 |
   5553 | 8.12819e+00 1.58069e-03 | 2.79755e-01 5.16663e-01 |
   5554 | 8.12977e+00 1.58063e-03 | 2.79905e-01 5.16903e-01 |
   5555 | 8.13136e+00 1.58061e-03 | 2.80056e-01 5.17144e-01 |
   5556 | 8.13294e+00 1.58051e-03 | 2.80208e-01 5.17385e-01 |
   5557 | 8.13452e+00 1.58045e-03 | 2.80359e-01 5.17626e-01 |
   5558 | 8.13610e+00 1.58042e-03 | 2.80511e-01 5.17868e-01 |
   5559 | 8.13768e+00 1.58034e-03 | 2.80663e-01 5.18111e-01 |
   5560 | 8.13926e+00 1.58027e-03 | 2.80815e-01 5.18353e-01 |
   5561 | 8.14084e+00 1.58022e-03 | 2.80967e-01 5.18596e-01 |
   5562 | 8.14242e+00 1.58017e-03 | 2.81120e-01 5.18840e-01 |
   5563 | 8.14400e+00 1.58009e-03 | 2.81273e-01 5.19084e-01 |
   5564 | 8.14558e+00 1.58003e-03 | 2.81426e-01 5.19328e-01 |
   5565 | 8.14716e+00 1.58001e-03 | 2.81580e-01 5.19573e-01 |
   5566 | 8.14874e+00 1.57991e-03 | 2.81733e-01 5.19818e-01 |
   5567 | 8.15032e+00 1.57984e-03 | 2.81887e-01 5.20064e-01 |
   5568 | 8.15190e+00 1.57982e-03 | 2.82041e-01 5.20310e-01 |
   5569 | 8.15348e+00 1.57973e-03 | 2.82196e-01 5.20557e-01 |
   5570 | 8.15506e+00 1.57965e-03 | 2.82350e-01 5.20804e-01 |
   5571 | 8.15664e+00 1.57962e-03 | 2.82505e-01 5.21051e-01 |
   5572 | 8.15822e+00 1.57955e-03 | 2.82661e-01 5.21299e-01 |
   5573 | 8.15980e+00 1.57947e-03 | 2.82816e-01 5.21548e-01 |
   5574 | 8.16137e+00 1.57942e-03 | 2.82972e-01 5.21796e-01 |
   5575 | 8.16295e+00 1.57938e-03 | 2.83128e-01 5.22046e-01 |
   5576 | 8.16301e+00 5.76436e-05 | 2.83139e-01 5.22063e-01 |
   5577 | 8.16459e+00 1.57928e-03 | 2.83289e-01 5.22304e-01 |
   5578 | 8.16617e+00 1.57922e-03 | 2.83446e-01 5.22554e-01 |
   5579 | 8.16775e+00 1.57920e-03 | 2.83603e-01 5.22805e-01 |
   5580 | 8.16933e+00 1.57909e-03 | 2.83760e-01 5.23056e-01 |
   5581 | 8.17091e+00 1.57902e-03 | 2.83917e-01 5.23307e-01 |
   5582 | 8.17249e+00 1.57899e-03 | 2.84074e-01 5.23559e-01 |
   5583 | 8.17407e+00 1.57891e-03 | 2.84232e-01 5.23811e-01 |
   5584 | 8.17564e+00 1.57882e-03 | 2.84390e-01 5.24064e-01 |
   5585 | 8.17722e+00 1.57878e-03 | 2.84548e-01 5.24317e-01 |
   5586 | 8.17880e+00 1.57872e-03 | 2.84707e-01 5.24571e-01 |
   5587 | 8.18038e+00 1.57863e-03 | 2.84865e-01 5.24825e-01 |
   5588 | 8.18196e+00 1.57857e-03 | 2.85024e-01 5.25080e-01 |
   5589 | 8.18354e+00 1.57854e-03 | 2.85183e-01 5.25335e-01 |
   5590 | 8.18512e+00 1.57844e-03 | 2.85343e-01 5.25590e-01 |
   5591 | 8.18669e+00 1.57837e-03 | 2.85503e-01 5.25846e-01 |
   5592 | 8.18827e+00 1.57834e-03 | 2.85663e-01 5.26102e-01 |
   5593 | 8.18985e+00 1.57825e-03 | 2.85823e-01 5.26359e-01 |
   5594 | 8.19143e+00 1.57817e-03 | 2.85983e-01 5.26616e-01 |
   5595 | 8.19301e+00 1.57813e-03 | 2.86144e-01 5.26874e-01 |
   5596 | 8.19459e+00 1.57806e-03 | 2.86305e-01 5.27132e-01 |
   5597 | 8.19616e+00 1.57796e-03 | 2.86467e-01 5.27391e-01 |
   5598 | 8.19774e+00 1.57791e-03 | 2.86628e-01 5.27650e-01 |
   5599 | 8.19932e+00 1.57787e-03 | 2.86790e-01 5.27909e-01 |
   5600 | 8.20090e+00 1.57776e-03 | 2.86952e-01 5.28169e-01 |
   5601 | 8.20247e+00 1.57770e-03 | 2.87114e-01 5.28429e-01 |
   5602 | 8.20405e+00 1.57767e-03 | 2.87277e-01 5.28690e-01 |
   5603 | 8.20563e+00 1.57757e-03 | 2.87440e-01 5.28952e-01 |
   5604 | 8.20721e+00 1.57749e-03 | 2.87603e-01 5.29213e-01 |
   5605 | 8.20878e+00 1.57745e-03 | 2.87766e-01 5.29476e-01 |
   5606 | 8.21036e+00 1.57737e-03 | 2.87930e-01 5.29738e-01 |
   5607 | 8.21194e+00 1.57728e-03 | 2.88094e-01 5.30001e-01 |
   5608 | 8.21352e+00 1.57723e-03 | 2.88258e-01 5.30265e-01 |
   5609 | 8.21509e+00 1.57718e-03 | 2.88423e-01 5.30529e-01 |
   5610 | 8.21667e+00 1.57707e-03 | 2.88587e-01 5.30794e-01 |
   5611 | 8.21825e+00 1.57701e-03 | 2.88752e-01 5.31059e-01 |
   5612 | 8.21982e+00 1.57698e-03 | 2.88918e-01 5.31324e-01 |
   5613 | 8.22140e+00 1.57687e-03 | 2.89083e-01 5.31590e-01 |
   5614 | 8.22298e+00 1.57679e-03 | 2.89249e-01 5.31856e-01 |
   5615 | 8.22456e+00 1.57675e-03 | 2.89415e-01 5.32123e-01 |
   5616 | 8.22613e+00 1.57666e-03 | 2.89581e-01 5.32391e-01 |
   5617 | 8.22629e+00 1.59065e-04 | 2.89604e-01 5.32426e-01 |
   5618 | 8.22787e+00 1.57657e-03 | 2.89765e-01 5.32686e-01 |
   5619 | 8.22944e+00 1.57652e-03 | 2.89932e-01 5.32954e-01 |
   5620 | 8.23102e+00 1.57645e-03 | 2.90099e-01 5.33223e-01 |
   5621 | 8.23260e+00 1.57635e-03 | 2.90266e-01 5.33492e-01 |
   5622 | 8.23417e+00 1.57629e-03 | 2.90434e-01 5.33762e-01 |
   5623 | 8.23575e+00 1.57625e-03 | 2.90602e-01 5.34032e-01 |
   5624 | 8.23733e+00 1.57614e-03 | 2.90770e-01 5.34303e-01 |
   5625 | 8.23890e+00 1.57606e-03 | 2.90939e-01 5.34574e-01 |
   5626 | 8.24048e+00 1.57603e-03 | 2.91107e-01 5.34845e-01 |
   5627 | 8.24205e+00 1.57593e-03 | 2.91276e-01 5.35117e-01 |
   5628 | 8.24363e+00 1.57584e-03 | 2.91446e-01 5.35390e-01 |
   5629 | 8.24521e+00 1.57579e-03 | 2.91615e-01 5.35663e-01 |
   5630 | 8.24678e+00 1.57572e-03 | 2.91785e-01 5.35937e-01 |
   5631 | 8.24836e+00 1.57562e-03 | 2.91955e-01 5.36211e-01 |
   5632 | 8.24993e+00 1.57556e-03 | 2.92126e-01 5.36485e-01 |
   5633 | 8.25151e+00 1.57551e-03 | 2.92297e-01 5.36760e-01 |
   5634 | 8.25308e+00 1.57540e-03 | 2.92468e-01 5.37036e-01 |
   5635 | 8.25466e+00 1.57532e-03 | 2.92639e-01 5.37312e-01 |
   5636 | 8.25623e+00 1.57529e-03 | 2.92810e-01 5.37588e-01 |
   5637 | 8.25781e+00 1.57518e-03 | 2.92982e-01 5.37865e-01 |
   5638 | 8.25938e+00 1.57509e-03 | 2.93154e-01 5.38142e-01 |
   5639 | 8.26096e+00 1.57505e-03 | 2.93327e-01 5.38420e-01 |
   5640 | 8.26253e+00 1.57496e-03 | 2.93499e-01 5.38699e-01 |
   5641 | 8.26411e+00 1.57486e-03 | 2.93672e-01 5.38977e-01 |
   5642 | 8.26568e+00 1.57480e-03 | 2.93845e-01 5.39257e-01 |
   5643 | 8.26726e+00 1.57475e-03 | 2.94019e-01 5.39537e-01 |
   5644 | 8.26883e+00 1.57463e-03 | 2.94193e-01 5.39817e-01 |
   5645 | 8.27041e+00 1.57456e-03 | 2.94367e-01 5.40098e-01 |
   5646 | 8.27198e+00 1.57453e-03 | 2.94541e-01 5.40379e-01 |
   5647 | 8.27356e+00 1.57441e-03 | 2.94716e-01 5.40661e-01 |
   5648 | 8.27513e+00 1.57432e-03 | 2.94891e-01 5.40943e-01 |
   5649 | 8.27671e+00 1.57428e-03 | 2.95066e-01 5.41226e-01 |
   5650 | 8.27828e+00 1.57419e-03 | 2.95241e-01 5.41509e-01 |
   5651 | 8.27985e+00 1.57409e-03 | 2.95417e-01 5.41793e-01 |
   5652 | 8.28143e+00 1.57403e-03 | 2.95593e-01 5.42077e-01 |
   5653 | 8.28300e+00 1.57397e-03 | 2.95769e-01 5.42362e-01 |
   5654 | 8.28458e+00 1.57385e-03 | 2.95946e-01 5.42647e-01 |
   5655 | 8.28615e+00 1.57378e-03 | 2.96123e-01 5.42933e-01 |
   5656 | 8.28772e+00 1.57375e-03 | 2.96300e-01 5.43219e-01 |
   5657 | 8.28930e+00 1.57362e-03 | 2.96477e-01 5.43506e-01 |
   5658 | 8.28957e+00 2.73822e-04 | 2.96514e-01 5.43564e-01 |
   5659 | 8.29114e+00 1.57352e-03 | 2.96686e-01 5.43843e-01 |
   5660 | 8.29272e+00 1.57348e-03 | 2.96864e-01 5.44131e-01 |
   5661 | 8.29429e+00 1.57337e-03 | 2.97043e-01 5.44419e-01 |
   5662 | 8.29586e+00 1.57328e-03 | 2.97221e-01 5.44708e-01 |
   5663 | 8.29744e+00 1.57322e-03 | 2.97400e-01 5.44998e-01 |
   5664 | 8.29901e+00 1.57314e-03 | 2.97580e-01 5.45288e-01 |
   5665 | 8.30058e+00 1.57303e-03 | 2.97759e-01 5.45578e-01 |
   5666 | 8.30216e+00 1.57297e-03 | 2.97939e-01 5.45869e-01 |
   5667 | 8.30373e+00 1.57292e-03 | 2.98119e-01 5.46160e-01 |
   5668 | 8.30530e+00 1.57279e-03 | 2.98299e-01 5.46452e-01 |
   5669 | 8.30687e+00 1.57271e-03 | 2.98480e-01 5.46744e-01 |
   5670 | 8.30845e+00 1.57267e-03 | 2.98661e-01 5.47037e-01 |
   5671 | 8.31002e+00 1.57256e-03 | 2.98842e-01 5.47331e-01 |
   5672 | 8.31159e+00 1.57246e-03 | 2.99024e-01 5.47625e-01 |
   5673 | 8.31316e+00 1.57240e-03 | 2.99206e-01 5.47919e-01 |
   5674 | 8.31474e+00 1.57232e-03 | 2.99388e-01 5.48214e-01 |
   5675 | 8.31631e+00 1.57221e-03 | 2.99571e-01 5.48510e-01 |
   5676 | 8.31788e+00 1.57214e-03 | 2.99753e-01 5.48806e-01 |
   5677 | 8.31945e+00 1.57209e-03 | 2.99936e-01 5.49102e-01 |
   5678 | 8.32103e+00 1.57196e-03 | 3.00120e-01 5.49399e-01 |
   5679 | 8.32260e+00 1.57188e-03 | 3.00303e-01 5.49697e-01 |
   5680 | 8.32417e+00 1.57183e-03 | 3.00487e-01 5.49995e-01 |
   5681 | 8.32574e+00 1.57172e-03 | 3.00672e-01 5.50293e-01 |
   5682 | 8.32731e+00 1.57162e-03 | 3.00856e-01 5.50592e-01 |
   5683 | 8.32888e+00 1.57156e-03 | 3.01041e-01 5.50892e-01 |
   5684 | 8.33046e+00 1.57148e-03 | 3.01226e-01 5.51192e-01 |
   5685 | 8.33203e+00 1.57136e-03 | 3.01412e-01 5.51493e-01 |
   5686 | 8.33360e+00 1.57129e-03 | 3.01597e-01 5.51794e-01 |
   5687 | 8.33517e+00 1.57124e-03 | 3.01783e-01 5.52096e-01 |
   5688 | 8.33674e+00 1.57111e-03 | 3.01970e-01 5.52398e-01 |
   5689 | 8.33831e+00 1.57102e-03 | 3.02156e-01 5.52701e-01 |
   5690 | 8.33988e+00 1.57098e-03 | 3.02343e-01 5.53004e-01 |
   5691 | 8.34145e+00 1.57086e-03 | 3.02531e-01 5.53308e-01 |
   5692 | 8.34302e+00 1.57075e-03 | 3.02718e-01 5.53612e-01 |
   5693 | 8.34459e+00 1.57070e-03 | 3.02906e-01 5.53917e-01 |
   5694 | 8.34617e+00 1.57061e-03 | 3.03094e-01 5.54223e-01 |
   5695 | 8.34774e+00 1.57049e-03 | 3.03283e-01 5.54529e-01 |
   5696 | 8.34931e+00 1.57042e-03 | 3.03471e-01 5.54835e-01 |
   5697 | 8.35088e+00 1.57037e-03 | 3.03661e-01 5.55142e-01 |
   5698 | 8.35245e+00 1.57023e-03 | 3.03850e-01 5.55450e-01 |
   5699 | 8.35285e+00 4.02399e-04 | 3.03904e-01 5.55537e-01 |
   5700 | 8.35442e+00 1.57013e-03 | 3.04088e-01 5.55837e-01 |
   5701 | 8.35599e+00 1.57009e-03 | 3.04278e-01 5.56146e-01 |
   5702 | 8.35756e+00 1.56995e-03 | 3.04469e-01 5.56455e-01 |
   5703 | 8.35913e+00 1.56985e-03 | 3.04660e-01 5.56765e-01 |
   5704 | 8.36070e+00 1.56980e-03 | 3.04851e-01 5.57075e-01 |
   5705 | 8.36227e+00 1.56969e-03 | 3.05042e-01 5.57386e-01 |
   5706 | 8.36384e+00 1.56958e-03 | 3.05233e-01 5.57697e-01 |
   5707 | 8.36541e+00 1.56951e-03 | 3.05425e-01 5.58010e-01 |
   5708 | 8.36698e+00 1.56944e-03 | 3.05618e-01 5.58322e-01 |
   5709 | 8.36855e+00 1.56931e-03 | 3.05810e-01 5.58635e-01 |
   5710 | 8.37012e+00 1.56922e-03 | 3.06003e-01 5.58949e-01 |
   5711 | 8.37169e+00 1.56918e-03 | 3.06196e-01 5.59263e-01 |
   5712 | 8.37325e+00 1.56905e-03 | 3.06390e-01 5.59578e-01 |
   5713 | 8.37482e+00 1.56894e-03 | 3.06584e-01 5.59893e-01 |
   5714 | 8.37639e+00 1.56889e-03 | 3.06778e-01 5.60209e-01 |
   5715 | 8.37796e+00 1.56878e-03 | 3.06972e-01 5.60525e-01 |
   5716 | 8.37953e+00 1.56866e-03 | 3.07167e-01 5.60842e-01 |
   5717 | 8.38110e+00 1.56859e-03 | 3.07362e-01 5.61160e-01 |
   5718 | 8.38267e+00 1.56853e-03 | 3.07558e-01 5.61478e-01 |
   5719 | 8.38424e+00 1.56839e-03 | 3.07753e-01 5.61796e-01 |
   5720 | 8.38580e+00 1.56830e-03 | 3.07949e-01 5.62115e-01 |
   5721 | 8.38737e+00 1.56826e-03 | 3.08146e-01 5.62435e-01 |
   5722 | 8.38894e+00 1.56812e-03 | 3.08342e-01 5.62755e-01 |
   5723 | 8.39051e+00 1.56801e-03 | 3.08539e-01 5.63076e-01 |
   5724 | 8.39208e+00 1.56795e-03 | 3.08737e-01 5.63397e-01 |
   5725 | 8.39364e+00 1.56786e-03 | 3.08934e-01 5.63719e-01 |
   5726 | 8.39521e+00 1.56773e-03 | 3.09132e-01 5.64042e-01 |
   5727 | 8.39678e+00 1.56765e-03 | 3.09331e-01 5.64365e-01 |
   5728 | 8.39835e+00 1.56760e-03 | 3.09529e-01 5.64688e-01 |
   5729 | 8.39991e+00 1.56745e-03 | 3.09728e-01 5.65012e-01 |
   5730 | 8.40148e+00 1.56735e-03 | 3.09927e-01 5.65337e-01 |
   5731 | 8.40305e+00 1.56730e-03 | 3.10127e-01 5.65662e-01 |
   5732 | 8.40462e+00 1.56718e-03 | 3.10327e-01 5.65988e-01 |
   5733 | 8.40618e+00 1.56706e-03 | 3.10527e-01 5.66315e-01 |
   5734 | 8.40775e+00 1.56699e-03 | 3.10728e-01 5.66642e-01 |
   5735 | 8.40932e+00 1.56691e-03 | 3.10928e-01 5.66969e-01 |
   5736 | 8.41088e+00 1.56677e-03 | 3.11130e-01 5.67297e-01 |
   5737 | 8.41245e+00 1.56669e-03 | 3.11331e-01 5.67626e-01 |
   5738 | 8.41402e+00 1.56664e-03 | 3.11533e-01 5.67955e-01 |
   5739 | 8.41558e+00 1.56649e-03 | 3.11735e-01 5.68285e-01 |
   5740 | 8.41613e+00 5.45255e-04 | 3.11810e-01 5.68407e-01 |
   5741 | 8.41769e+00 1.56636e-03 | 3.12008e-01 5.68731e-01 |
   5742 | 8.41926e+00 1.56632e-03 | 3.12211e-01 5.69062e-01 |
   5743 | 8.42083e+00 1.56616e-03 | 3.12415e-01 5.69394e-01 |
   5744 | 8.42239e+00 1.56606e-03 | 3.12618e-01 5.69726e-01 |
   5745 | 8.42396e+00 1.56600e-03 | 3.12822e-01 5.70059e-01 |
   5746 | 8.42553e+00 1.56588e-03 | 3.13026e-01 5.70392e-01 |
   5747 | 8.42709e+00 1.56576e-03 | 3.13231e-01 5.70726e-01 |
   5748 | 8.42866e+00 1.56568e-03 | 3.13436e-01 5.71061e-01 |
   5749 | 8.43022e+00 1.56561e-03 | 3.13641e-01 5.71396e-01 |
   5750 | 8.43179e+00 1.56546e-03 | 3.13847e-01 5.71732e-01 |
   5751 | 8.43335e+00 1.56537e-03 | 3.14053e-01 5.72068e-01 |
   5752 | 8.43492e+00 1.56532e-03 | 3.14259e-01 5.72405e-01 |
   5753 | 8.43648e+00 1.56517e-03 | 3.14466e-01 5.72743e-01 |
   5754 | 8.43805e+00 1.56506e-03 | 3.14673e-01 5.73081e-01 |
   5755 | 8.43961e+00 1.56499e-03 | 3.14880e-01 5.73420e-01 |
   5756 | 8.44118e+00 1.56489e-03 | 3.15087e-01 5.73759e-01 |
   5757 | 8.44274e+00 1.56475e-03 | 3.15295e-01 5.74099e-01 |
   5758 | 8.44431e+00 1.56467e-03 | 3.15504e-01 5.74439e-01 |
   5759 | 8.44587e+00 1.56461e-03 | 3.15712e-01 5.74780e-01 |
   5760 | 8.44744e+00 1.56446e-03 | 3.15921e-01 5.75122e-01 |
   5761 | 8.44900e+00 1.56435e-03 | 3.16131e-01 5.75464e-01 |
   5762 | 8.45057e+00 1.56430e-03 | 3.16340e-01 5.75807e-01 |
   5763 | 8.45213e+00 1.56416e-03 | 3.16550e-01 5.76150e-01 |
   5764 | 8.45369e+00 1.56404e-03 | 3.16761e-01 5.76495e-01 |
   5765 | 8.45526e+00 1.56396e-03 | 3.16971e-01 5.76839e-01 |
   5766 | 8.45682e+00 1.56388e-03 | 3.17182e-01 5.77184e-01 |
   5767 | 8.45839e+00 1.56373e-03 | 3.17394e-01 5.77530e-01 |
   5768 | 8.45995e+00 1.56364e-03 | 3.17605e-01 5.77877e-01 |
   5769 | 8.46151e+00 1.56359e-03 | 3.17817e-01 5.78224e-01 |
   5770 | 8.46308e+00 1.56343e-03 | 3.18030e-01 5.78571e-01 |
   5771 | 8.46464e+00 1.56331e-03 | 3.18243e-01 5.78919e-01 |
   5772 | 8.46620e+00 1.56325e-03 | 3.18456e-01 5.79268e-01 |
   5773 | 8.46777e+00 1.56313e-03 | 3.18669e-01 5.79618e-01 |
   5774 | 8.46933e+00 1.56300e-03 | 3.18883e-01 5.79968e-01 |
   5775 | 8.47089e+00 1.56291e-03 | 3.19097e-01 5.80318e-01 |
   5776 | 8.47245e+00 1.56284e-03 | 3.19311e-01 5.80670e-01 |
   5777 | 8.47402e+00 1.56269e-03 | 3.19526e-01 5.81021e-01 |
   5778 | 8.47558e+00 1.56258e-03 | 3.19741e-01 5.81374e-01 |
   5779 | 8.47714e+00 1.56252e-03 | 3.19957e-01 5.81727e-01 |
   5780 | 8.47870e+00 1.56238e-03 | 3.20173e-01 5.82081e-01 |
   5781 | 8.47941e+00 7.02900e-04 | 3.20274e-01 5.82246e-01 |
   5782 | 8.48097e+00 1.56221e-03 | 3.20486e-01 5.82594e-01 |
   5783 | 8.48253e+00 1.56216e-03 | 3.20703e-01 5.82950e-01 |
   5784 | 8.48409e+00 1.56201e-03 | 3.20920e-01 5.83305e-01 |
   5785 | 8.48566e+00 1.56188e-03 | 3.21138e-01 5.83662e-01 |
   5786 | 8.48722e+00 1.56181e-03 | 3.21355e-01 5.84019e-01 |
   5787 | 8.48878e+00 1.56171e-03 | 3.21574e-01 5.84376e-01 |
   5788 | 8.49034e+00 1.56156e-03 | 3.21792e-01 5.84735e-01 |
   5789 | 8.49190e+00 1.56147e-03 | 3.22011e-01 5.85093e-01 |
   5790 | 8.49346e+00 1.56141e-03 | 3.22230e-01 5.85453e-01 |
   5791 | 8.49503e+00 1.56124e-03 | 3.22450e-01 5.85813e-01 |
   5792 | 8.49659e+00 1.56113e-03 | 3.22670e-01 5.86174e-01 |
   5793 | 8.49815e+00 1.56106e-03 | 3.22890e-01 5.86535e-01 |
   5794 | 8.49971e+00 1.56093e-03 | 3.23111e-01 5.86897e-01 |
   5795 | 8.50127e+00 1.56079e-03 | 3.23332e-01 5.87260e-01 |
   5796 | 8.50283e+00 1.56071e-03 | 3.23553e-01 5.87623e-01 |
   5797 | 8.50439e+00 1.56063e-03 | 3.23775e-01 5.87987e-01 |
   5798 | 8.50595e+00 1.56047e-03 | 3.23997e-01 5.88351e-01 |
   5799 | 8.50751e+00 1.56036e-03 | 3.24219e-01 5.88716e-01 |
   5800 | 8.50907e+00 1.56031e-03 | 3.24442e-01 5.89082e-01 |
   5801 | 8.51063e+00 1.56015e-03 | 3.24665e-01 5.89448e-01 |
   5802 | 8.51219e+00 1.56002e-03 | 3.24889e-01 5.89815e-01 |
   5803 | 8.51375e+00 1.55994e-03 | 3.25113e-01 5.90183e-01 |
   5804 | 8.51531e+00 1.55984e-03 | 3.25337e-01 5.90551e-01 |
   5805 | 8.51687e+00 1.55968e-03 | 3.25561e-01 5.90920e-01 |
   5806 | 8.51843e+00 1.55959e-03 | 3.25786e-01 5.91290e-01 |
   5807 | 8.51999e+00 1.55953e-03 | 3.26012e-01 5.91660e-01 |
   5808 | 8.52155e+00 1.55936e-03 | 3.26237e-01 5.92031e-01 |
   5809 | 8.52311e+00 1.55923e-03 | 3.26464e-01 5.92402e-01 |
   5810 | 8.52467e+00 1.55917e-03 | 3.26690e-01 5.92774e-01 |
   5811 | 8.52623e+00 1.55903e-03 | 3.26917e-01 5.93147e-01 |
   5812 | 8.52779e+00 1.55889e-03 | 3.27144e-01 5.93520e-01 |
   5813 | 8.52934e+00 1.55880e-03 | 3.27372e-01 5.93894e-01 |
   5814 | 8.53090e+00 1.55872e-03 | 3.27599e-01 5.94269e-01 |
   5815 | 8.53246e+00 1.55855e-03 | 3.27828e-01 5.94644e-01 |
   5816 | 8.53402e+00 1.55844e-03 | 3.28056e-01 5.95020e-01 |
   5817 | 8.53558e+00 1.55838e-03 | 3.28285e-01 5.95397e-01 |
   5818 | 8.53714e+00 1.55822e-03 | 3.28515e-01 5.95774e-01 |
   5819 | 8.53870e+00 1.55809e-03 | 3.28745e-01 5.96152e-01 |
   5820 | 8.54025e+00 1.55800e-03 | 3.28975e-01 5.96531e-01 |
   5821 | 8.54181e+00 1.55790e-03 | 3.29205e-01 5.96910e-01 |
   5822 | 8.54269e+00 8.75772e-04 | 3.29338e-01 5.97129e-01 |
   5823 | 8.54424e+00 1.55768e-03 | 3.29566e-01 5.97503e-01 |
   5824 | 8.54580e+00 1.55760e-03 | 3.29798e-01 5.97884e-01 |
   5825 | 8.54736e+00 1.55748e-03 | 3.30030e-01 5.98266e-01 |
   5826 | 8.54892e+00 1.55732e-03 | 3.30262e-01 5.98648e-01 |
   5827 | 8.55047e+00 1.55723e-03 | 3.30494e-01 5.99031e-01 |
   5828 | 8.55203e+00 1.55716e-03 | 3.30727e-01 5.99414e-01 |
   5829 | 8.55359e+00 1.55698e-03 | 3.30961e-01 5.99798e-01 |
   5830 | 8.55515e+00 1.55686e-03 | 3.31195e-01 6.00183e-01 |
   5831 | 8.55670e+00 1.55679e-03 | 3.31429e-01 6.00569e-01 |
   5832 | 8.55826e+00 1.55665e-03 | 3.31663e-01 6.00955e-01 |
   5833 | 8.55982e+00 1.55650e-03 | 3.31898e-01 6.01342e-01 |
   5834 | 8.56137e+00 1.55641e-03 | 3.32133e-01 6.01729e-01 |
   5835 | 8.56293e+00 1.55632e-03 | 3.32369e-01 6.02117e-01 |
   5836 | 8.56448e+00 1.55615e-03 | 3.32605e-01 6.02506e-01 |
   5837 | 8.56604e+00 1.55603e-03 | 3.32841e-01 6.02896e-01 |
   5838 | 8.56760e+00 1.55597e-03 | 3.33078e-01 6.03286e-01 |
   5839 | 8.56915e+00 1.55580e-03 | 3.33315e-01 6.03676e-01 |
   5840 | 8.57071e+00 1.55566e-03 | 3.33553e-01 6.04068e-01 |
   5841 | 8.57226e+00 1.55558e-03 | 3.33791e-01 6.04460e-01 |
   5842 | 8.57382e+00 1.55547e-03 | 3.34029e-01 6.04853e-01 |
   5843 | 8.57537e+00 1.55530e-03 | 3.34268e-01 6.05246e-01 |
   5844 | 8.57693e+00 1.55519e-03 | 3.34507e-01 6.05641e-01 |
   5845 | 8.57848e+00 1.55514e-03 | 3.34747e-01 6.06035e-01 |
   5846 | 8.58004e+00 1.55495e-03 | 3.34987e-01 6.06431e-01 |
   5847 | 8.58159e+00 1.55482e-03 | 3.35227e-01 6.06827e-01 |
   5848 | 8.58315e+00 1.55474e-03 | 3.35468e-01 6.07224e-01 |
   5849 | 8.58470e+00 1.55461e-03 | 3.35709e-01 6.07622e-01 |
   5850 | 8.58626e+00 1.55445e-03 | 3.35950e-01 6.08020e-01 |
   5851 | 8.58781e+00 1.55434e-03 | 3.36192e-01 6.08419e-01 |
   5852 | 8.58937e+00 1.55427e-03 | 3.36434e-01 6.08818e-01 |
   5853 | 8.59092e+00 1.55409e-03 | 3.36677e-01 6.09219e-01 |
   5854 | 8.59247e+00 1.55396e-03 | 3.36920e-01 6.09620e-01 |
   5855 | 8.59403e+00 1.55389e-03 | 3.37163e-01 6.10021e-01 |
   5856 | 8.59558e+00 1.55374e-03 | 3.37407e-01 6.10424e-01 |
   5857 | 8.59714e+00 1.55358e-03 | 3.37651e-01 6.10827e-01 |
   5858 | 8.59869e+00 1.55348e-03 | 3.37896e-01 6.11231e-01 |
   5859 | 8.60024e+00 1.55340e-03 | 3.38141e-01 6.11635e-01 |
   5860 | 8.60180e+00 1.55321e-03 | 3.38387e-01 6.12040e-01 |
   5861 | 8.60335e+00 1.55309e-03 | 3.38632e-01 6.12446e-01 |
   5862 | 8.60490e+00 1.55303e-03 | 3.38879e-01 6.12852e-01 |
   5863 | 8.60597e+00 1.06428e-03 | 3.39050e-01 6.13136e-01 |
   5864 | 8.60752e+00 1.55275e-03 | 3.39294e-01 6.13539e-01 |
   5865 | 8.60907e+00 1.55264e-03 | 3.39542e-01 6.13948e-01 |
   5866 | 8.61062e+00 1.55258e-03 | 3.39789e-01 6.14357e-01 |
   5867 | 8.61218e+00 1.55238e-03 | 3.40037e-01 6.14766e-01 |
   5868 | 8.61373e+00 1.55224e-03 | 3.40286e-01 6.15177e-01 |
   5869 | 8.61528e+00 1.55216e-03 | 3.40535e-01 6.15588e-01 |
   5870 | 8.61683e+00 1.55202e-03 | 3.40784e-01 6.16000e-01 |
   5871 | 8.61838e+00 1.55186e-03 | 3.41034e-01 6.16413e-01 |
   5872 | 8.61994e+00 1.55175e-03 | 3.41284e-01 6.16826e-01 |
   5873 | 8.62149e+00 1.55168e-03 | 3.41535e-01 6.17240e-01 |
   5874 | 8.62304e+00 1.55148e-03 | 3.41785e-01 6.17655e-01 |
   5875 | 8.62459e+00 1.55135e-03 | 3.42037e-01 6.18070e-01 |
   5876 | 8.62614e+00 1.55128e-03 | 3.42288e-01 6.18486e-01 |
   5877 | 8.62769e+00 1.55112e-03 | 3.42541e-01 6.18903e-01 |
   5878 | 8.62924e+00 1.55096e-03 | 3.42793e-01 6.19321e-01 |
   5879 | 8.63080e+00 1.55086e-03 | 3.43046e-01 6.19739e-01 |
   5880 | 8.63235e+00 1.55077e-03 | 3.43300e-01 6.20158e-01 |
   5881 | 8.63390e+00 1.55058e-03 | 3.43553e-01 6.20578e-01 |
   5882 | 8.63545e+00 1.55045e-03 | 3.43808e-01 6.20998e-01 |
   5883 | 8.63700e+00 1.55038e-03 | 3.44062e-01 6.21419e-01 |
   5884 | 8.63855e+00 1.55021e-03 | 3.44317e-01 6.21841e-01 |
   5885 | 8.64010e+00 1.55005e-03 | 3.44573e-01 6.22264e-01 |
   5886 | 8.64165e+00 1.54995e-03 | 3.44828e-01 6.22687e-01 |
   5887 | 8.64320e+00 1.54985e-03 | 3.45085e-01 6.23111e-01 |
   5888 | 8.64475e+00 1.54966e-03 | 3.45341e-01 6.23536e-01 |
   5889 | 8.64630e+00 1.54954e-03 | 3.45598e-01 6.23961e-01 |
   5890 | 8.64785e+00 1.54947e-03 | 3.45856e-01 6.24388e-01 |
   5891 | 8.64940e+00 1.54928e-03 | 3.46114e-01 6.24814e-01 |
   5892 | 8.65094e+00 1.54913e-03 | 3.46372e-01 6.25242e-01 |
   5893 | 8.65249e+00 1.54904e-03 | 3.46631e-01 6.25671e-01 |
   5894 | 8.65404e+00 1.54891e-03 | 3.46890e-01 6.26100e-01 |
   5895 | 8.65559e+00 1.54873e-03 | 3.47150e-01 6.26529e-01 |
   5896 | 8.65714e+00 1.54861e-03 | 3.47410e-01 6.26960e-01 |
   5897 | 8.65869e+00 1.54855e-03 | 3.47670e-01 6.27391e-01 |
   5898 | 8.66024e+00 1.54835e-03 | 3.47931e-01 6.27823e-01 |
   5899 | 8.66178e+00 1.54820e-03 | 3.48193e-01 6.28256e-01 |
   5900 | 8.66333e+00 1.54811e-03 | 3.48454e-01 6.28690e-01 |
   5901 | 8.66488e+00 1.54797e-03 | 3.48716e-01 6.29124e-01 |
   5902 | 8.66643e+00 1.54779e-03 | 3.48979e-01 6.29559e-01 |
   5903 | 8.66798e+00 1.54767e-03 | 3.49242e-01 6.29995e-01 |
   5904 | 8.66925e+00 1.26883e-03 | 3.49459e-01 6.30355e-01 |
   5905 | 8.67079e+00 1.54743e-03 | 3.49722e-01 6.30790e-01 |
   5906 | 8.67234e+00 1.54727e-03 | 3.49986e-01 6.31228e-01 |
   5907 | 8.67389e+00 1.54718e-03 | 3.50250e-01 6.31666e-01 |
   5908 | 8.67543e+00 1.54706e-03 | 3.50516e-01 6.32106e-01 |
   5909 | 8.67698e+00 1.54687e-03 | 3.50781e-01 6.32546e-01 |
   5910 | 8.67853e+00 1.54674e-03 | 3.51047e-01 6.32987e-01 |
   5911 | 8.68007e+00 1.54668e-03 | 3.51313e-01 6.33428e-01 |
   5912 | 8.68162e+00 1.54648e-03 | 3.51580e-01 6.33870e-01 |
   5913 | 8.68317e+00 1.54632e-03 | 3.51847e-01 6.34314e-01 |
   5914 | 8.68471e+00 1.54622e-03 | 3.52115e-01 6.34757e-01 |
   5915 | 8.68626e+00 1.54610e-03 | 3.52383e-01 6.35202e-01 |
   5916 | 8.68781e+00 1.54591e-03 | 3.52651e-01 6.35647e-01 |
   5917 | 8.68935e+00 1.54578e-03 | 3.52920e-01 6.36094e-01 |
   5918 | 8.69090e+00 1.54572e-03 | 3.53190e-01 6.36540e-01 |
   5919 | 8.69244e+00 1.54551e-03 | 3.53460e-01 6.36988e-01 |
   5920 | 8.69399e+00 1.54535e-03 | 3.53730e-01 6.37436e-01 |
   5921 | 8.69553e+00 1.54526e-03 | 3.54000e-01 6.37886e-01 |
   5922 | 8.69708e+00 1.54512e-03 | 3.54272e-01 6.38336e-01 |
   5923 | 8.69862e+00 1.54493e-03 | 3.54543e-01 6.38786e-01 |
   5924 | 8.70017e+00 1.54481e-03 | 3.54815e-01 6.39238e-01 |
   5925 | 8.70171e+00 1.54475e-03 | 3.55088e-01 6.39690e-01 |
   5926 | 8.70326e+00 1.54453e-03 | 3.55361e-01 6.40143e-01 |
   5927 | 8.70480e+00 1.54437e-03 | 3.55634e-01 6.40597e-01 |
   5928 | 8.70635e+00 1.54428e-03 | 3.55908e-01 6.41051e-01 |
   5929 | 8.70789e+00 1.54414e-03 | 3.56182e-01 6.41507e-01 |
   5930 | 8.70943e+00 1.54395e-03 | 3.56456e-01 6.41963e-01 |
   5931 | 8.71098e+00 1.54382e-03 | 3.56732e-01 6.42420e-01 |
   5932 | 8.71252e+00 1.54376e-03 | 3.57007e-01 6.42877e-01 |
   5933 | 8.71407e+00 1.54354e-03 | 3.57283e-01 6.43336e-01 |
   5934 | 8.71561e+00 1.54338e-03 | 3.57560e-01 6.43795e-01 |
   5935 | 8.71715e+00 1.54329e-03 | 3.57836e-01 6.44255e-01 |
   5936 | 8.71869e+00 1.54314e-03 | 3.58114e-01 6.44716e-01 |
   5937 | 8.72024e+00 1.54295e-03 | 3.58391e-01 6.45177e-01 |
   5938 | 8.72178e+00 1.54283e-03 | 3.58670e-01 6.45639e-01 |
   5939 | 8.72332e+00 1.54276e-03 | 3.58948e-01 6.46102e-01 |
   5940 | 8.72487e+00 1.54254e-03 | 3.59228e-01 6.46566e-01 |
   5941 | 8.72641e+00 1.54238e-03 | 3.59507e-01 6.47031e-01 |
   5942 | 8.72795e+00 1.54229e-03 | 3.59787e-01 6.47496e-01 |
   5943 | 8.72949e+00 1.54213e-03 | 3.60068e-01 6.47963e-01 |
   5944 | 8.73103e+00 1.54194e-03 | 3.60349e-01 6.48430e-01 |
   5945 | 8.73252e+00 1.48967e-03 | 3.60621e-01 6.48882e-01 |
   5946 | 8.73407e+00 1.54176e-03 | 3.60902e-01 6.49350e-01 |
   5947 | 8.73561e+00 1.54153e-03 | 3.61184e-01 6.49820e-01 |
   5948 | 8.73715e+00 1.54137e-03 | 3.61467e-01 6.50290e-01 |
   5949 | 8.73869e+00 1.54128e-03 | 3.61750e-01 6.50761e-01 |
   5950 | 8.74023e+00 1.54112e-03 | 3.62034e-01 6.51233e-01 |
   5951 | 8.74177e+00 1.54093e-03 | 3.62318e-01 6.51705e-01 |
   5952 | 8.74331e+00 1.54080e-03 | 3.62603e-01 6.52179e-01 |
   5953 | 8.74485e+00 1.54073e-03 | 3.62888e-01 6.52653e-01 |
   5954 | 8.74639e+00 1.54050e-03 | 3.63173e-01 6.53128e-01 |
   5955 | 8.74793e+00 1.54034e-03 | 3.63459e-01 6.53604e-01 |
   5956 | 8.74948e+00 1.54025e-03 | 3.63746e-01 6.54080e-01 |
   5957 | 8.75102e+00 1.54010e-03 | 3.64032e-01 6.54558e-01 |
   5958 | 8.75256e+00 1.53990e-03 | 3.64320e-01 6.55036e-01 |
   5959 | 8.75409e+00 1.53977e-03 | 3.64608e-01 6.55515e-01 |
   5960 | 8.75563e+00 1.53970e-03 | 3.64896e-01 6.55995e-01 |
   5961 | 8.75717e+00 1.53947e-03 | 3.65185e-01 6.56475e-01 |
   5962 | 8.75871e+00 1.53931e-03 | 3.65474e-01 6.56957e-01 |
   5963 | 8.76025e+00 1.53921e-03 | 3.65763e-01 6.57439e-01 |
   5964 | 8.76179e+00 1.53906e-03 | 3.66054e-01 6.57922e-01 |
   5965 | 8.76333e+00 1.53886e-03 | 3.66344e-01 6.58406e-01 |
   5966 | 8.76487e+00 1.53873e-03 | 3.66635e-01 6.58891e-01 |
   5967 | 8.76641e+00 1.53866e-03 | 3.66927e-01 6.59376e-01 |
   5968 | 8.76795e+00 1.53842e-03 | 3.67219e-01 6.59863e-01 |
   5969 | 8.76948e+00 1.53826e-03 | 3.67511e-01 6.60350e-01 |
   5970 | 8.77102e+00 1.53816e-03 | 3.67804e-01 6.60838e-01 |
   5971 | 8.77256e+00 1.53801e-03 | 3.68098e-01 6.61327e-01 |
   5972 | 8.77410e+00 1.53780e-03 | 3.68391e-01 6.61816e-01 |
   5973 | 8.77564e+00 1.53767e-03 | 3.68686e-01 6.62307e-01 |
   5974 | 8.77717e+00 1.53761e-03 | 3.68981e-01 6.62798e-01 |
   5975 | 8.77871e+00 1.53737e-03 | 3.69276e-01 6.63290e-01 |
   5976 | 8.78025e+00 1.53720e-03 | 3.69572e-01 6.63783e-01 |
   5977 | 8.78179e+00 1.53710e-03 | 3.69868e-01 6.64277e-01 |
   5978 | 8.78332e+00 1.53695e-03 | 3.70165e-01 6.64771e-01 |
   5979 | 8.78486e+00 1.53674e-03 | 3.70462e-01 6.65267e-01 |
   5980 | 8.78640e+00 1.53660e-03 | 3.70760e-01 6.65763e-01 |
   5981 | 8.78793e+00 1.53653e-03 | 3.71058e-01 6.66260e-01 |
   5982 | 8.78947e+00 1.53630e-03 | 3.71356e-01 6.66758e-01 |
   5983 | 8.79100e+00 1.53612e-03 | 3.71656e-01 6.67257e-01 |
   5984 | 8.79254e+00 1.53602e-03 | 3.71955e-01 6.67757e-01 |
   5985 | 8.79408e+00 1.53587e-03 | 3.72255e-01 6.68257e-01 |
   5986 | 8.79561e+00 1.53566e-03 | 3.72556e-01 6.68758e-01 |
   5987 | 8.79580e+00 1.91425e-04 | 3.72603e-01 6.68836e-01 |
   5988 | 8.79734e+00 1.53551e-03 | 3.72894e-01 6.69323e-01 |
   5989 | 8.79887e+00 1.53543e-03 | 3.73196e-01 6.69826e-01 |
   5990 | 8.80041e+00 1.53519e-03 | 3.73498e-01 6.70330e-01 |
   5991 | 8.80194e+00 1.53502e-03 | 3.73801e-01 6.70835e-01 |
   5992 | 8.80348e+00 1.53492e-03 | 3.74104e-01 6.71341e-01 |
   5993 | 8.80501e+00 1.53476e-03 | 3.74407e-01 6.71847e-01 |
   5994 | 8.80655e+00 1.53455e-03 | 3.74711e-01 6.72355e-01 |
   5995 | 8.80808e+00 1.53441e-03 | 3.75016e-01 6.72863e-01 |
   5996 | 8.80962e+00 1.53435e-03 | 3.75321e-01 6.73372e-01 |
   5997 | 8.81115e+00 1.53410e-03 | 3.75626e-01 6.73882e-01 |
   5998 | 8.81269e+00 1.53392e-03 | 3.75932e-01 6.74393e-01 |
   5999 | 8.81422e+00 1.53382e-03 | 3.76239e-01 6.74904e-01 |
   6000 | 8.81575e+00 1.53367e-03 | 3.76546e-01 6.75417e-01 |
   6001 | 8.81729e+00 1.53345e-03 | 3.76853e-01 6.75930e-01 |
   6002 | 8.81882e+00 1.53331e-03 | 3.77161e-01 6.76445e-01 |
   6003 | 8.82035e+00 1.53324e-03 | 3.77470e-01 6.76960e-01 |
   6004 | 8.82189e+00 1.53300e-03 | 3.77779e-01 6.77476e-01 |
   6005 | 8.82342e+00 1.53282e-03 | 3.78088e-01 6.77992e-01 |
   6006 | 8.82495e+00 1.53271e-03 | 3.78398e-01 6.78510e-01 |
   6007 | 8.82648e+00 1.53257e-03 | 3.78709e-01 6.79029e-01 |
   6008 | 8.82802e+00 1.53234e-03 | 3.79020e-01 6.79548e-01 |
   6009 | 8.82955e+00 1.53219e-03 | 3.79331e-01 6.80068e-01 |
   6010 | 8.83108e+00 1.53212e-03 | 3.79643e-01 6.80590e-01 |
   6011 | 8.83261e+00 1.53189e-03 | 3.79955e-01 6.81112e-01 |
   6012 | 8.83414e+00 1.53170e-03 | 3.80268e-01 6.81635e-01 |
   6013 | 8.83568e+00 1.53158e-03 | 3.80582e-01 6.82158e-01 |
   6014 | 8.83721e+00 1.53145e-03 | 3.80896e-01 6.82683e-01 |
   6015 | 8.83874e+00 1.53122e-03 | 3.81210e-01 6.83209e-01 |
   6016 | 8.84027e+00 1.53106e-03 | 3.81525e-01 6.83735e-01 |
   6017 | 8.84180e+00 1.53098e-03 | 3.81841e-01 6.84262e-01 |
   6018 | 8.84333e+00 1.53076e-03 | 3.82157e-01 6.84791e-01 |
   6019 | 8.84486e+00 1.53057e-03 | 3.82473e-01 6.85320e-01 |
   6020 | 8.84639e+00 1.53044e-03 | 3.82790e-01 6.85850e-01 |
   6021 | 8.84792e+00 1.53033e-03 | 3.83107e-01 6.86381e-01 |
   6022 | 8.84945e+00 1.53009e-03 | 3.83425e-01 6.86912e-01 |
   6023 | 8.85098e+00 1.52992e-03 | 3.83744e-01 6.87445e-01 |
   6024 | 8.85251e+00 1.52983e-03 | 3.84063e-01 6.87979e-01 |
   6025 | 8.85404e+00 1.52963e-03 | 3.84382e-01 6.88513e-01 |
   6026 | 8.85557e+00 1.52942e-03 | 3.84703e-01 6.89048e-01 |
   6027 | 8.85710e+00 1.52929e-03 | 3.85023e-01 6.89585e-01 |
   6028 | 8.85863e+00 1.52920e-03 | 3.85344e-01 6.90122e-01 |
   6029 | 8.85908e+00 4.52393e-04 | 3.85447e-01 6.90294e-01 |
   6030 | 8.86061e+00 1.52889e-03 | 3.85761e-01 6.90819e-01 |
   6031 | 8.86214e+00 1.52873e-03 | 3.86083e-01 6.91358e-01 |
   6032 | 8.86367e+00 1.52866e-03 | 3.86406e-01 6.91898e-01 |
   6033 | 8.86520e+00 1.52842e-03 | 3.86729e-01 6.92439e-01 |
   6034 | 8.86673e+00 1.52822e-03 | 3.87053e-01 6.92981e-01 |
   6035 | 8.86825e+00 1.52810e-03 | 3.87377e-01 6.93524e-01 |
   6036 | 8.86978e+00 1.52797e-03 | 3.87702e-01 6.94068e-01 |
   6037 | 8.87131e+00 1.52773e-03 | 3.88027e-01 6.94612e-01 |
   6038 | 8.87284e+00 1.52757e-03 | 3.88353e-01 6.95158e-01 |
   6039 | 8.87436e+00 1.52748e-03 | 3.88680e-01 6.95704e-01 |
   6040 | 8.87589e+00 1.52726e-03 | 3.89007e-01 6.96252e-01 |
   6041 | 8.87742e+00 1.52706e-03 | 3.89334e-01 6.96800e-01 |
   6042 | 8.87895e+00 1.52693e-03 | 3.89662e-01 6.97349e-01 |
   6043 | 8.88047e+00 1.52682e-03 | 3.89990e-01 6.97899e-01 |
   6044 | 8.88200e+00 1.52657e-03 | 3.90319e-01 6.98450e-01 |
   6045 | 8.88353e+00 1.52639e-03 | 3.90649e-01 6.99002e-01 |
   6046 | 8.88505e+00 1.52630e-03 | 3.90979e-01 6.99555e-01 |
   6047 | 8.88658e+00 1.52610e-03 | 3.91310e-01 7.00109e-01 |
   6048 | 8.88810e+00 1.52588e-03 | 3.91641e-01 7.00663e-01 |
   6049 | 8.88963e+00 1.52574e-03 | 3.91972e-01 7.01219e-01 |
   6050 | 8.89116e+00 1.52566e-03 | 3.92305e-01 7.01776e-01 |
   6051 | 8.89268e+00 1.52539e-03 | 3.92637e-01 7.02333e-01 |
   6052 | 8.89421e+00 1.52521e-03 | 3.92970e-01 7.02892e-01 |
   6053 | 8.89573e+00 1.52510e-03 | 3.93304e-01 7.03451e-01 |
   6054 | 8.89726e+00 1.52493e-03 | 3.93639e-01 7.04011e-01 |
   6055 | 8.89878e+00 1.52469e-03 | 3.93973e-01 7.04572e-01 |
   6056 | 8.90031e+00 1.52454e-03 | 3.94309e-01 7.05134e-01 |
   6057 | 8.90183e+00 1.52447e-03 | 3.94645e-01 7.05698e-01 |
   6058 | 8.90335e+00 1.52421e-03 | 3.94981e-01 7.06262e-01 |
   6059 | 8.90488e+00 1.52401e-03 | 3.95318e-01 7.06826e-01 |
   6060 | 8.90640e+00 1.52389e-03 | 3.95655e-01 7.07392e-01 |
   6061 | 8.90793e+00 1.52375e-03 | 3.95993e-01 7.07959e-01 |
   6062 | 8.90945e+00 1.52350e-03 | 3.96332e-01 7.08527e-01 |
   6063 | 8.91097e+00 1.52333e-03 | 3.96671e-01 7.09096e-01 |
   6064 | 8.91250e+00 1.52325e-03 | 3.97011e-01 7.09665e-01 |
   6065 | 8.91402e+00 1.52301e-03 | 3.97351e-01 7.10236e-01 |
   6066 | 8.91554e+00 1.52280e-03 | 3.97692e-01 7.10807e-01 |
   6067 | 8.91706e+00 1.52267e-03 | 3.98033e-01 7.11380e-01 |
   6068 | 8.91859e+00 1.52256e-03 | 3.98375e-01 7.11953e-01 |
   6069 | 8.92011e+00 1.52229e-03 | 3.98717e-01 7.12528e-01 |
   6070 | 8.92163e+00 1.52211e-03 | 3.99060e-01 7.13103e-01 |
   6071 | 8.92236e+00 7.30976e-04 | 3.99231e-01 7.13389e-01 |
   6072 | 8.92388e+00 1.52196e-03 | 3.99569e-01 7.13957e-01 |
   6073 | 8.92541e+00 1.52169e-03 | 3.99913e-01 7.14534e-01 |
   6074 | 8.92693e+00 1.52150e-03 | 4.00258e-01 7.15113e-01 |
   6075 | 8.92845e+00 1.52140e-03 | 4.00603e-01 7.15693e-01 |
   6076 | 8.92997e+00 1.52122e-03 | 4.00949e-01 7.16273e-01 |
   6077 | 8.93149e+00 1.52098e-03 | 4.01295e-01 7.16855e-01 |
   6078 | 8.93301e+00 1.52082e-03 | 4.01642e-01 7.17437e-01 |
   6079 | 8.93453e+00 1.52075e-03 | 4.01990e-01 7.18021e-01 |
   6080 | 8.93605e+00 1.52048e-03 | 4.02338e-01 7.18605e-01 |
   6081 | 8.93757e+00 1.52027e-03 | 4.02687e-01 7.19191e-01 |
   6082 | 8.93909e+00 1.52015e-03 | 4.03036e-01 7.19777e-01 |
   6083 | 8.94061e+00 1.52000e-03 | 4.03386e-01 7.20364e-01 |
   6084 | 8.94213e+00 1.51975e-03 | 4.03736e-01 7.20953e-01 |
   6085 | 8.94365e+00 1.51958e-03 | 4.04087e-01 7.21542e-01 |
   6086 | 8.94517e+00 1.51949e-03 | 4.04438e-01 7.22132e-01 |
   6087 | 8.94669e+00 1.51925e-03 | 4.04790e-01 7.22724e-01 |
   6088 | 8.94821e+00 1.51903e-03 | 4.05143e-01 7.23316e-01 |
   6089 | 8.94973e+00 1.51889e-03 | 4.05496e-01 7.23909e-01 |
   6090 | 8.95125e+00 1.51879e-03 | 4.05850e-01 7.24503e-01 |
   6091 | 8.95277e+00 1.51851e-03 | 4.06204e-01 7.25099e-01 |
   6092 | 8.95428e+00 1.51832e-03 | 4.06559e-01 7.25695e-01 |
   6093 | 8.95580e+00 1.51822e-03 | 4.06914e-01 7.26292e-01 |
   6094 | 8.95732e+00 1.51802e-03 | 4.07270e-01 7.26890e-01 |
   6095 | 8.95884e+00 1.51778e-03 | 4.07626e-01 7.27489e-01 |
   6096 | 8.96036e+00 1.51762e-03 | 4.07983e-01 7.28089e-01 |
   6097 | 8.96187e+00 1.51755e-03 | 4.08341e-01 7.28690e-01 |
   6098 | 8.96339e+00 1.51727e-03 | 4.08699e-01 7.29293e-01 |
   6099 | 8.96491e+00 1.51706e-03 | 4.09058e-01 7.29896e-01 |
   6100 | 8.96643e+00 1.51694e-03 | 4.09417e-01 7.30500e-01 |
   6101 | 8.96794e+00 1.51678e-03 | 4.09777e-01 7.31105e-01 |
   6102 | 8.96946e+00 1.51652e-03 | 4.10137e-01 7.31711e-01 |
   6103 | 8.97097e+00 1.51635e-03 | 4.10498e-01 7.32318e-01 |
   6104 | 8.97249e+00 1.51626e-03 | 4.10860e-01 7.32926e-01 |
   6105 | 8.97401e+00 1.51602e-03 | 4.11222e-01 7.33535e-01 |
   6106 | 8.97552e+00 1.51579e-03 | 4.11585e-01 7.34145e-01 |
   6107 | 8.97704e+00 1.51565e-03 | 4.11948e-01 7.34756e-01 |
   6108 | 8.97855e+00 1.51554e-03 | 4.12312e-01 7.35369e-01 |
   6109 | 8.98007e+00 1.51526e-03 | 4.12676e-01 7.35982e-01 |
   6110 | 8.98158e+00 1.51506e-03 | 4.13041e-01 7.36596e-01 |
   6111 | 8.98310e+00 1.51496e-03 | 4.13407e-01 7.37211e-01 |
   6112 | 8.98461e+00 1.51476e-03 | 4.13773e-01 7.37827e-01 |
   6113 | 8.98564e+00 1.02692e-03 | 4.14026e-01 7.38252e-01 |
   6114 | 8.98716e+00 1.51439e-03 | 4.14389e-01 7.38863e-01 |
   6115 | 8.98867e+00 1.51429e-03 | 4.14757e-01 7.39482e-01 |
   6116 | 8.99018e+00 1.51408e-03 | 4.15125e-01 7.40102e-01 |
   6117 | 8.99170e+00 1.51383e-03 | 4.15494e-01 7.40723e-01 |
   6118 | 8.99321e+00 1.51368e-03 | 4.15863e-01 7.41345e-01 |
   6119 | 8.99472e+00 1.51361e-03 | 4.16233e-01 7.41968e-01 |
   6120 | 8.99624e+00 1.51330e-03 | 4.16604e-01 7.42592e-01 |
   6121 | 8.99775e+00 1.51309e-03 | 4.16975e-01 7.43217e-01 |
   6122 | 8.99926e+00 1.51297e-03 | 4.17347e-01 7.43843e-01 |
   6123 | 9.00078e+00 1.51281e-03 | 4.17719e-01 7.44470e-01 |
   6124 | 9.00229e+00 1.51254e-03 | 4.18092e-01 7.45098e-01 |
   6125 | 9.00380e+00 1.51236e-03 | 4.18466e-01 7.45727e-01 |
   6126 | 9.00531e+00 1.51227e-03 | 4.18840e-01 7.46357e-01 |
   6127 | 9.00683e+00 1.51202e-03 | 4.19215e-01 7.46988e-01 |
   6128 | 9.00834e+00 1.51179e-03 | 4.19590e-01 7.47621e-01 |
   6129 | 9.00985e+00 1.51164e-03 | 4.19966e-01 7.48254e-01 |
   6130 | 9.01136e+00 1.51154e-03 | 4.20342e-01 7.48888e-01 |
   6131 | 9.01287e+00 1.51125e-03 | 4.20720e-01 7.49524e-01 |
   6132 | 9.01438e+00 1.51104e-03 | 4.21097e-01 7.50160e-01 |
   6133 | 9.01589e+00 1.51093e-03 | 4.21475e-01 7.50797e-01 |
   6134 | 9.01741e+00 1.51074e-03 | 4.21854e-01 7.51436e-01 |
   6135 | 9.01892e+00 1.51048e-03 | 4.22234e-01 7.52075e-01 |
   6136 | 9.02043e+00 1.51031e-03 | 4.22614e-01 7.52716e-01 |
   6137 | 9.02194e+00 1.51023e-03 | 4.22995e-01 7.53357e-01 |
   6138 | 9.02345e+00 1.50994e-03 | 4.23376e-01 7.54000e-01 |
   6139 | 9.02496e+00 1.50972e-03 | 4.23758e-01 7.54644e-01 |
   6140 | 9.02647e+00 1.50958e-03 | 4.24140e-01 7.55289e-01 |
   6141 | 9.02797e+00 1.50945e-03 | 4.24523e-01 7.55934e-01 |
   6142 | 9.02948e+00 1.50916e-03 | 4.24907e-01 7.56581e-01 |
   6143 | 9.03099e+00 1.50897e-03 | 4.25291e-01 7.57229e-01 |
   6144 | 9.03250e+00 1.50886e-03 | 4.25676e-01 7.57878e-01 |
   6145 | 9.03401e+00 1.50864e-03 | 4.26061e-01 7.58528e-01 |
   6146 | 9.03552e+00 1.50839e-03 | 4.26447e-01 7.59179e-01 |
   6147 | 9.03703e+00 1.50822e-03 | 4.26834e-01 7.59832e-01 |
   6148 | 9.03854e+00 1.50815e-03 | 4.27221e-01 7.60485e-01 |
   6149 | 9.04004e+00 1.50784e-03 | 4.27609e-01 7.61139e-01 |
   6150 | 9.04155e+00 1.50762e-03 | 4.27998e-01 7.61794e-01 |
   6151 | 9.04306e+00 1.50749e-03 | 4.28387e-01 7.62451e-01 |
   6152 | 9.04457e+00 1.50734e-03 | 4.28776e-01 7.63108e-01 |
   6153 | 9.04607e+00 1.50705e-03 | 4.29167e-01 7.63767e-01 |
   6154 | 9.04758e+00 1.50686e-03 | 4.29558e-01 7.64427e-01 |
   6155 | 9.04892e+00 1.34071e-03 | 4.29907e-01 7.65017e-01 |
   6156 | 9.05043e+00 1.50656e-03 | 4.30298e-01 7.65676e-01 |
   6157 | 9.05193e+00 1.50629e-03 | 4.30691e-01 7.66339e-01 |
   6158 | 9.05344e+00 1.50613e-03 | 4.31084e-01 7.67003e-01 |
   6159 | 9.05495e+00 1.50605e-03 | 4.31478e-01 7.67668e-01 |
   6160 | 9.05645e+00 1.50575e-03 | 4.31873e-01 7.68334e-01 |
   6161 | 9.05796e+00 1.50552e-03 | 4.32268e-01 7.69001e-01 |
   6162 | 9.05946e+00 1.50538e-03 | 4.32663e-01 7.69669e-01 |
   6163 | 9.06097e+00 1.50524e-03 | 4.33060e-01 7.70339e-01 |
   6164 | 9.06247e+00 1.50494e-03 | 4.33457e-01 7.71009e-01 |
   6165 | 9.06398e+00 1.50475e-03 | 4.33854e-01 7.71680e-01 |
   6166 | 9.06548e+00 1.50464e-03 | 4.34253e-01 7.72353e-01 |
   6167 | 9.06699e+00 1.50441e-03 | 4.34652e-01 7.73027e-01 |
   6168 | 9.06849e+00 1.50415e-03 | 4.35051e-01 7.73701e-01 |
   6169 | 9.06999e+00 1.50399e-03 | 4.35451e-01 7.74377e-01 |
   6170 | 9.07150e+00 1.50392e-03 | 4.35852e-01 7.75054e-01 |
   6171 | 9.07300e+00 1.50360e-03 | 4.36253e-01 7.75732e-01 |
   6172 | 9.07450e+00 1.50337e-03 | 4.36655e-01 7.76411e-01 |
   6173 | 9.07601e+00 1.50323e-03 | 4.37058e-01 7.77091e-01 |
   6174 | 9.07751e+00 1.50308e-03 | 4.37461e-01 7.77773e-01 |
   6175 | 9.07901e+00 1.50279e-03 | 4.37865e-01 7.78455e-01 |
   6176 | 9.08052e+00 1.50259e-03 | 4.38269e-01 7.79139e-01 |
   6177 | 9.08202e+00 1.50249e-03 | 4.38674e-01 7.79824e-01 |
   6178 | 9.08352e+00 1.50225e-03 | 4.39080e-01 7.80509e-01 |
   6179 | 9.08502e+00 1.50198e-03 | 4.39487e-01 7.81196e-01 |
   6180 | 9.08653e+00 1.50182e-03 | 4.39894e-01 7.81884e-01 |
   6181 | 9.08803e+00 1.50175e-03 | 4.40301e-01 7.82573e-01 |
   6182 | 9.08953e+00 1.50142e-03 | 4.40709e-01 7.83264e-01 |
   6183 | 9.09103e+00 1.50119e-03 | 4.41118e-01 7.83955e-01 |
   6184 | 9.09253e+00 1.50106e-03 | 4.41528e-01 7.84647e-01 |
   6185 | 9.09403e+00 1.50090e-03 | 4.41938e-01 7.85341e-01 |
   6186 | 9.09553e+00 1.50060e-03 | 4.42349e-01 7.86036e-01 |
   6187 | 9.09703e+00 1.50040e-03 | 4.42760e-01 7.86732e-01 |
   6188 | 9.09853e+00 1.50030e-03 | 4.43172e-01 7.87429e-01 |
   6189 | 9.10003e+00 1.50006e-03 | 4.43585e-01 7.88127e-01 |
   6190 | 9.10153e+00 1.49979e-03 | 4.43998e-01 7.88826e-01 |
   6191 | 9.10303e+00 1.49962e-03 | 4.44412e-01 7.89526e-01 |
   6192 | 9.10453e+00 1.49956e-03 | 4.44827e-01 7.90228e-01 |
   6193 | 9.10603e+00 1.49922e-03 | 4.45242e-01 7.90930e-01 |
   6194 | 9.10753e+00 1.49899e-03 | 4.45658e-01 7.91634e-01 |
   6195 | 9.10903e+00 1.49885e-03 | 4.46075e-01 7.92339e-01 |
   6196 | 9.11053e+00 1.49870e-03 | 4.46492e-01 7.93045e-01 |
   6197 | 9.11203e+00 1.49839e-03 | 4.46910e-01 7.93752e-01 |
   6198 | 9.11220e+00 1.73476e-04 | 4.46971e-01 7.93855e-01 |
   6199 | 9.11370e+00 1.49817e-03 | 4.47377e-01 7.94543e-01 |
   6200 | 9.11520e+00 1.49808e-03 | 4.47796e-01 7.95252e-01 |
   6201 | 9.11669e+00 1.49781e-03 | 4.48216e-01 7.95963e-01 |
   6202 | 9.11819e+00 1.49755e-03 | 4.48637e-01 7.96675e-01 |
   6203 | 9.11969e+00 1.49739e-03 | 4.49058e-01 7.97388e-01 |
   6204 | 9.12119e+00 1.49730e-03 | 4.49480e-01 7.98102e-01 |
   6205 | 9.12268e+00 1.49697e-03 | 4.49902e-01 7.98817e-01 |
   6206 | 9.12418e+00 1.49674e-03 | 4.50325e-01 7.99534e-01 |
   6207 | 9.12568e+00 1.49661e-03 | 4.50749e-01 8.00252e-01 |
   6208 | 9.12717e+00 1.49643e-03 | 4.51173e-01 8.00970e-01 |
   6209 | 9.12867e+00 1.49613e-03 | 4.51599e-01 8.01690e-01 |
   6210 | 9.13016e+00 1.49593e-03 | 4.52024e-01 8.02411e-01 |
   6211 | 9.13166e+00 1.49584e-03 | 4.52451e-01 8.03134e-01 |
   6212 | 9.13316e+00 1.49557e-03 | 4.52878e-01 8.03857e-01 |
   6213 | 9.13465e+00 1.49530e-03 | 4.53305e-01 8.04582e-01 |
   6214 | 9.13615e+00 1.49514e-03 | 4.53734e-01 8.05307e-01 |
   6215 | 9.13764e+00 1.49506e-03 | 4.54163e-01 8.06034e-01 |
   6216 | 9.13914e+00 1.49472e-03 | 4.54593e-01 8.06763e-01 |
   6217 | 9.14063e+00 1.49448e-03 | 4.55023e-01 8.07492e-01 |
   6218 | 9.14212e+00 1.49435e-03 | 4.55454e-01 8.08222e-01 |
   6219 | 9.14362e+00 1.49418e-03 | 4.55886e-01 8.08954e-01 |
   6220 | 9.14511e+00 1.49387e-03 | 4.56318e-01 8.09687e-01 |
   6221 | 9.14661e+00 1.49367e-03 | 4.56751e-01 8.10421e-01 |
   6222 | 9.14810e+00 1.49356e-03 | 4.57185e-01 8.11156e-01 |
   6223 | 9.14959e+00 1.49331e-03 | 4.57619e-01 8.11892e-01 |
   6224 | 9.15109e+00 1.49303e-03 | 4.58054e-01 8.12630e-01 |
   6225 | 9.15258e+00 1.49286e-03 | 4.58490e-01 8.13368e-01 |
   6226 | 9.15407e+00 1.49278e-03 | 4.58926e-01 8.14108e-01 |
   6227 | 9.15556e+00 1.49245e-03 | 4.59363e-01 8.14849e-01 |
   6228 | 9.15706e+00 1.49220e-03 | 4.59801e-01 8.15591e-01 |
   6229 | 9.15855e+00 1.49205e-03 | 4.60239e-01 8.16335e-01 |
   6230 | 9.16004e+00 1.49192e-03 | 4.60678e-01 8.17080e-01 |
   6231 | 9.16153e+00 1.49159e-03 | 4.61118e-01 8.17825e-01 |
   6232 | 9.16302e+00 1.49137e-03 | 4.61558e-01 8.18572e-01 |
   6233 | 9.16452e+00 1.49126e-03 | 4.61999e-01 8.19321e-01 |
   6234 | 9.16601e+00 1.49104e-03 | 4.62441e-01 8.20070e-01 |
   6235 | 9.16750e+00 1.49074e-03 | 4.62884e-01 8.20821e-01 |
   6236 | 9.16899e+00 1.49055e-03 | 4.63327e-01 8.21572e-01 |
   6237 | 9.17048e+00 1.49047e-03 | 4.63770e-01 8.22325e-01 |
   6238 | 9.17197e+00 1.49016e-03 | 4.64215e-01 8.23080e-01 |
   6239 | 9.17346e+00 1.48989e-03 | 4.64660e-01 8.23835e-01 |
   6240 | 9.17495e+00 1.48974e-03 | 4.65106e-01 8.24592e-01 |
   6241 | 9.17548e+00 5.30917e-04 | 4.65274e-01 8.24877e-01 |
   6242 | 9.17697e+00 1.48950e-03 | 4.65712e-01 8.25620e-01 |
   6243 | 9.17846e+00 1.48919e-03 | 4.66159e-01 8.26379e-01 |
   6244 | 9.17995e+00 1.48900e-03 | 4.66607e-01 8.27140e-01 |
   6245 | 9.18144e+00 1.48891e-03 | 4.67056e-01 8.27902e-01 |
   6246 | 9.18292e+00 1.48862e-03 | 4.67505e-01 8.28665e-01 |
   6247 | 9.18441e+00 1.48834e-03 | 4.67955e-01 8.29429e-01 |
   6248 | 9.18590e+00 1.48817e-03 | 4.68406e-01 8.30195e-01 |
   6249 | 9.18739e+00 1.48809e-03 | 4.68858e-01 8.30962e-01 |
   6250 | 9.18888e+00 1.48774e-03 | 4.69310e-01 8.31730e-01 |
   6251 | 9.19036e+00 1.48749e-03 | 4.69763e-01 8.32499e-01 |
   6252 | 9.19185e+00 1.48735e-03 | 4.70216e-01 8.33269e-01 |
   6253 | 9.19334e+00 1.48719e-03 | 4.70671e-01 8.34041e-01 |
   6254 | 9.19483e+00 1.48687e-03 | 4.71126e-01 8.34814e-01 |
   6255 | 9.19631e+00 1.48665e-03 | 4.71581e-01 8.35588e-01 |
   6256 | 9.19780e+00 1.48654e-03 | 4.72038e-01 8.36363e-01 |
   6257 | 9.19928e+00 1.48629e-03 | 4.72495e-01 8.37140e-01 |
   6258 | 9.20077e+00 1.48600e-03 | 4.72953e-01 8.37918e-01 |
   6259 | 9.20226e+00 1.48581e-03 | 4.73411e-01 8.38697e-01 |
   6260 | 9.20374e+00 1.48573e-03 | 4.73870e-01 8.39477e-01 |
   6261 | 9.20523e+00 1.48540e-03 | 4.74330e-01 8.40259e-01 |
   6262 | 9.20671e+00 1.48514e-03 | 4.74791e-01 8.41041e-01 |
   6263 | 9.20820e+00 1.48498e-03 | 4.75252e-01 8.41825e-01 |
   6264 | 9.20968e+00 1.48487e-03 | 4.75714e-01 8.42611e-01 |
   6265 | 9.21117e+00 1.48452e-03 | 4.76176e-01 8.43397e-01 |
   6266 | 9.21265e+00 1.48428e-03 | 4.76640e-01 8.44185e-01 |
   6267 | 9.21414e+00 1.48415e-03 | 4.77104e-01 8.44974e-01 |
   6268 | 9.21562e+00 1.48396e-03 | 4.77569e-01 8.45764e-01 |
   6269 | 9.21710e+00 1.48364e-03 | 4.78034e-01 8.46556e-01 |
   6270 | 9.21859e+00 1.48343e-03 | 4.78500e-01 8.47349e-01 |
   6271 | 9.22007e+00 1.48333e-03 | 4.78967e-01 8.48143e-01 |
   6272 | 9.22155e+00 1.48305e-03 | 4.79435e-01 8.48938e-01 |
   6273 | 9.22304e+00 1.48276e-03 | 4.79903e-01 8.49734e-01 |
   6274 | 9.22452e+00 1.48258e-03 | 4.80372e-01 8.50532e-01 |
   6275 | 9.22600e+00 1.48251e-03 | 4.80842e-01 8.51331e-01 |
   6276 | 9.22748e+00 1.48215e-03 | 4.81312e-01 8.52132e-01 |
   6277 | 9.22896e+00 1.48189e-03 | 4.81783e-01 8.52933e-01 |
   6278 | 9.23045e+00 1.48174e-03 | 4.82255e-01 8.53736e-01 |
   6279 | 9.23193e+00 1.48161e-03 | 4.82727e-01 8.54540e-01 |
   6280 | 9.23341e+00 1.48126e-03 | 4.83201e-01 8.55346e-01 |
   6281 | 9.23489e+00 1.48102e-03 | 4.83675e-01 8.56152e-01 |
   6282 | 9.23637e+00 1.48090e-03 | 4.84149e-01 8.56960e-01 |
   6283 | 9.23785e+00 1.48069e-03 | 4.84625e-01 8.57770e-01 |
   6284 | 9.23876e+00 9.05848e-04 | 4.84922e-01 8.58275e-01 |
   6285 | 9.24024e+00 1.48022e-03 | 4.85393e-01 8.59077e-01 |
   6286 | 9.24172e+00 1.48009e-03 | 4.85870e-01 8.59889e-01 |
   6287 | 9.24320e+00 1.47992e-03 | 4.86348e-01 8.60703e-01 |
   6288 | 9.24468e+00 1.47958e-03 | 4.86827e-01 8.61518e-01 |
   6289 | 9.24616e+00 1.47936e-03 | 4.87306e-01 8.62335e-01 |
   6290 | 9.24764e+00 1.47925e-03 | 4.87786e-01 8.63152e-01 |
   6291 | 9.24912e+00 1.47900e-03 | 4.88267e-01 8.63971e-01 |
   6292 | 9.25059e+00 1.47868e-03 | 4.88749e-01 8.64792e-01 |
   6293 | 9.25207e+00 1.47849e-03 | 4.89231e-01 8.65613e-01 |
   6294 | 9.25355e+00 1.47841e-03 | 4.89714e-01 8.66436e-01 |
   6295 | 9.25503e+00 1.47808e-03 | 4.90198e-01 8.67260e-01 |
   6296 | 9.25651e+00 1.47780e-03 | 4.90682e-01 8.68086e-01 |
   6297 | 9.25798e+00 1.47763e-03 | 4.91168e-01 8.68912e-01 |
   6298 | 9.25946e+00 1.47754e-03 | 4.91654e-01 8.69741e-01 |
   6299 | 9.26094e+00 1.47717e-03 | 4.92140e-01 8.70570e-01 |
   6300 | 9.26242e+00 1.47691e-03 | 4.92628e-01 8.71401e-01 |
   6301 | 9.26389e+00 1.47677e-03 | 4.93116e-01 8.72233e-01 |
   6302 | 9.26537e+00 1.47660e-03 | 4.93605e-01 8.73066e-01 |
   6303 | 9.26685e+00 1.47626e-03 | 4.94095e-01 8.73900e-01 |
   6304 | 9.26832e+00 1.47603e-03 | 4.94585e-01 8.74736e-01 |
   6305 | 9.26980e+00 1.47592e-03 | 4.95076e-01 8.75574e-01 |
   6306 | 9.27127e+00 1.47567e-03 | 4.95568e-01 8.76412e-01 |
   6307 | 9.27275e+00 1.47535e-03 | 4.96060e-01 8.77252e-01 |
   6308 | 9.27422e+00 1.47515e-03 | 4.96554e-01 8.78093e-01 |
   6309 | 9.27570e+00 1.47507e-03 | 4.97048e-01 8.78936e-01 |
   6310 | 9.27717e+00 1.47474e-03 | 4.97543e-01 8.79779e-01 |
   6311 | 9.27865e+00 1.47445e-03 | 4.98038e-01 8.80625e-01 |
   6312 | 9.28012e+00 1.47428e-03 | 4.98534e-01 8.81471e-01 |
   6313 | 9.28160e+00 1.47421e-03 | 4.99031e-01 8.82319e-01 |
   6314 | 9.28307e+00 1.47382e-03 | 4.99529e-01 8.83168e-01 |
   6315 | 9.28454e+00 1.47355e-03 | 5.00028e-01 8.84018e-01 |
   6316 | 9.28602e+00 1.47341e-03 | 5.00527e-01 8.84870e-01 |
   6317 | 9.28749e+00 1.47326e-03 | 5.01027e-01 8.85723e-01 |
   6318 | 9.28896e+00 1.47290e-03 | 5.01528e-01 8.86578e-01 |
   6319 | 9.29044e+00 1.47266e-03 | 5.02029e-01 8.87433e-01 |
   6320 | 9.29191e+00 1.47254e-03 | 5.02531e-01 8.88291e-01 |
   6321 | 9.29338e+00 1.47232e-03 | 5.03034e-01 8.89149e-01 |
   6322 | 9.29485e+00 1.47198e-03 | 5.03538e-01 8.90009e-01 |
   6323 | 9.29632e+00 1.47177e-03 | 5.04043e-01 8.90870e-01 |
   6324 | 9.29780e+00 1.47167e-03 | 5.04548e-01 8.91732e-01 |
   6325 | 9.29927e+00 1.47137e-03 | 5.05054e-01 8.92596e-01 |
   6326 | 9.30074e+00 1.47106e-03 | 5.05561e-01 8.93461e-01 |
   6327 | 9.30204e+00 1.29825e-03 | 5.06010e-01 8.94229e-01 |
   6328 | 9.30351e+00 1.47081e-03 | 5.06517e-01 8.95094e-01 |
   6329 | 9.30498e+00 1.47048e-03 | 5.07025e-01 8.95963e-01 |
   6330 | 9.30645e+00 1.47018e-03 | 5.07535e-01 8.96833e-01 |
   6331 | 9.30792e+00 1.47000e-03 | 5.08046e-01 8.97705e-01 |
   6332 | 9.30939e+00 1.46994e-03 | 5.08557e-01 8.98578e-01 |
   6333 | 9.31086e+00 1.46954e-03 | 5.09069e-01 8.99453e-01 |
   6334 | 9.31233e+00 1.46927e-03 | 5.09581e-01 9.00329e-01 |
   6335 | 9.31380e+00 1.46912e-03 | 5.10095e-01 9.01206e-01 |
   6336 | 9.31527e+00 1.46898e-03 | 5.10609e-01 9.02085e-01 |
   6337 | 9.31673e+00 1.46861e-03 | 5.11124e-01 9.02964e-01 |
   6338 | 9.31820e+00 1.46836e-03 | 5.11640e-01 9.03846e-01 |
   6339 | 9.31967e+00 1.46824e-03 | 5.12156e-01 9.04728e-01 |
   6340 | 9.32114e+00 1.46802e-03 | 5.12674e-01 9.05613e-01 |
   6341 | 9.32261e+00 1.46767e-03 | 5.13192e-01 9.06498e-01 |
   6342 | 9.32407e+00 1.46745e-03 | 5.13710e-01 9.07385e-01 |
   6343 | 9.32554e+00 1.46736e-03 | 5.14230e-01 9.08273e-01 |
   6344 | 9.32701e+00 1.46707e-03 | 5.14750e-01 9.09163e-01 |
   6345 | 9.32847e+00 1.46674e-03 | 5.15272e-01 9.10054e-01 |
   6346 | 9.32994e+00 1.46655e-03 | 5.15793e-01 9.10946e-01 |
   6347 | 9.33141e+00 1.46648e-03 | 5.16316e-01 9.11840e-01 |
   6348 | 9.33287e+00 1.46612e-03 | 5.16840e-01 9.12735e-01 |
   6349 | 9.33434e+00 1.46582e-03 | 5.17364e-01 9.13631e-01 |
   6350 | 9.33581e+00 1.46565e-03 | 5.17889e-01 9.14529e-01 |
   6351 | 9.33727e+00 1.46557e-03 | 5.18415e-01 9.15428e-01 |
   6352 | 9.33874e+00 1.46517e-03 | 5.18941e-01 9.16329e-01 |
   6353 | 9.34020e+00 1.46489e-03 | 5.19468e-01 9.17231e-01 |
   6354 | 9.34167e+00 1.46475e-03 | 5.19996e-01 9.18135e-01 |
   6355 | 9.34313e+00 1.46460e-03 | 5.20525e-01 9.19039e-01 |
   6356 | 9.34459e+00 1.46422e-03 | 5.21055e-01 9.19946e-01 |
   6357 | 9.34606e+00 1.46397e-03 | 5.21585e-01 9.20853e-01 |
   6358 | 9.34752e+00 1.46385e-03 | 5.22117e-01 9.21762e-01 |
   6359 | 9.34899e+00 1.46363e-03 | 5.22649e-01 9.22673e-01 |
   6360 | 9.35045e+00 1.46328e-03 | 5.23181e-01 9.23585e-01 |
   6361 | 9.35191e+00 1.46305e-03 | 5.23715e-01 9.24498e-01 |
   6362 | 9.35338e+00 1.46295e-03 | 5.24249e-01 9.25413e-01 |
   6363 | 9.35484e+00 1.46266e-03 | 5.24784e-01 9.26329e-01 |
   6364 | 9.35630e+00 1.46233e-03 | 5.25320e-01 9.27246e-01 |
   6365 | 9.35776e+00 1.46213e-03 | 5.25857e-01 9.28165e-01 |
   6366 | 9.35922e+00 1.46206e-03 | 5.26394e-01 9.29086e-01 |
   6367 | 9.36069e+00 1.46170e-03 | 5.26933e-01 9.30008e-01 |
   6368 | 9.36215e+00 1.46139e-03 | 5.27472e-01 9.30931e-01 |
   6369 | 9.36361e+00 1.46122e-03 | 5.28011e-01 9.31855e-01 |
   6370 | 9.36507e+00 1.46116e-03 | 5.28552e-01 9.32781e-01 |
   6371 | 9.36532e+00 2.46140e-04 | 5.28658e-01 9.32962e-01 |
   6372 | 9.36678e+00 1.46068e-03 | 5.29185e-01 9.33865e-01 |
   6373 | 9.36824e+00 1.46042e-03 | 5.29727e-01 9.34794e-01 |
   6374 | 9.36970e+00 1.46029e-03 | 5.30270e-01 9.35725e-01 |
   6375 | 9.37116e+00 1.46010e-03 | 5.30814e-01 9.36657e-01 |
   6376 | 9.37262e+00 1.45973e-03 | 5.31359e-01 9.37591e-01 |
   6377 | 9.37408e+00 1.45949e-03 | 5.31905e-01 9.38525e-01 |
   6378 | 9.37554e+00 1.45938e-03 | 5.32451e-01 9.39462e-01 |
   6379 | 9.37700e+00 1.45912e-03 | 5.32998e-01 9.40400e-01 |
   6380 | 9.37845e+00 1.45877e-03 | 5.33546e-01 9.41339e-01 |
   6381 | 9.37991e+00 1.45855e-03 | 5.34095e-01 9.42279e-01 |
   6382 | 9.38137e+00 1.45847e-03 | 5.34644e-01 9.43221e-01 |
   6383 | 9.38283e+00 1.45815e-03 | 5.35195e-01 9.44165e-01 |
   6384 | 9.38429e+00 1.45782e-03 | 5.35746e-01 9.45110e-01 |
   6385 | 9.38574e+00 1.45762e-03 | 5.36298e-01 9.46056e-01 |
   6386 | 9.38720e+00 1.45756e-03 | 5.36850e-01 9.47004e-01 |
   6387 | 9.38866e+00 1.45717e-03 | 5.37404e-01 9.47954e-01 |
   6388 | 9.39012e+00 1.45687e-03 | 5.37958e-01 9.48904e-01 |
   6389 | 9.39157e+00 1.45669e-03 | 5.38513e-01 9.49857e-01 |
   6390 | 9.39303e+00 1.45662e-03 | 5.39069e-01 9.50811e-01 |
   6391 | 9.39449e+00 1.45620e-03 | 5.39626e-01 9.51766e-01 |
   6392 | 9.39594e+00 1.45592e-03 | 5.40184e-01 9.52722e-01 |
   6393 | 9.39740e+00 1.45577e-03 | 5.40742e-01 9.53680e-01 |
   6394 | 9.39885e+00 1.45563e-03 | 5.41301e-01 9.54640e-01 |
   6395 | 9.40031e+00 1.45523e-03 | 5.41861e-01 9.55601e-01 |
   6396 | 9.40176e+00 1.45497e-03 | 5.42422e-01 9.56564e-01 |
   6397 | 9.40322e+00 1.45484e-03 | 5.42984e-01 9.57528e-01 |
   6398 | 9.40467e+00 1.45464e-03 | 5.43546e-01 9.58493e-01 |
   6399 | 9.40613e+00 1.45426e-03 | 5.44110e-01 9.59460e-01 |
   6400 | 9.40758e+00 1.45402e-03 | 5.44674e-01 9.60428e-01 |
   6401 | 9.40903e+00 1.45391e-03 | 5.45239e-01 9.61398e-01 |
   6402 | 9.41049e+00 1.45365e-03 | 5.45804e-01 9.62370e-01 |
   6403 | 9.41194e+00 1.45329e-03 | 5.46371e-01 9.63342e-01 |
   6404 | 9.41339e+00 1.45307e-03 | 5.46938e-01 9.64317e-01 |
   6405 | 9.41485e+00 1.45299e-03 | 5.47506e-01 9.65293e-01 |
   6406 | 9.41630e+00 1.45266e-03 | 5.48075e-01 9.66270e-01 |
   6407 | 9.41775e+00 1.45232e-03 | 5.48645e-01 9.67249e-01 |
   6408 | 9.41921e+00 1.45212e-03 | 5.49216e-01 9.68229e-01 |
[DELETEMATRIX] !
[DELETEMATRIX] !
[DELETEMATRIX] !
[DELETEMATRIX] !
[DELETEMATRIX] !
[DELETEMATRIX] !
[DELETEMATRIX] !
[DELETEMATRIX] !
[DELETEMATRIX] !
[DELETEMATRIX] !
[DELETEMATRIX] !
[DELETEMATRIX] !
[DELETEMATRIX] !
   6409 | 9.42066e+00 1.45206e-03 | 5.49787e-01 9.69211e-01 |
   6410 | 9.42211e+00 1.45168e-03 | 5.50360e-01 9.70194e-01 |
   6411 | 9.42356e+00 1.45136e-03 | 5.50933e-01 9.71179e-01 |
   6412 | 9.42501e+00 1.45118e-03 | 5.51507e-01 9.72165e-01 |
   6413 | 9.42646e+00 1.45113e-03 | 5.52082e-01 9.73153e-01 |
   6414 | 9.42791e+00 1.45069e-03 | 5.52657e-01 9.74142e-01 |
   6415 | 9.42860e+00 6.82081e-04 | 5.52937e-01 9.74624e-01 |
[DELETEMATRIX] !
[DELETEMATRIX] !
[DELETEMATRIX] !
[DELETEMATRIX] !
[DELETEMATRIX] !
[DELETEMATRIX] !
[DELETEMATRIX] !
[DELETEMATRIX] !
[DELETEMATRIX] !
[DELETEMATRIX] !
[DELETEMATRIX] !
[DELETEMATRIX] !
[DELETEMATRIX] !
[DELETEMATRIX] !
[DELETEMATRIX] !
[DELETEMATRIX] !
[DELETEMATRIX] !
[DELETEMATRIX] !
[DELETEMATRIX] !
****************************************************************************************************************************************************************
***                                WIDEN YOUR WINDOW TO 160 CHARACTERS.  Use 'enscript -r -fCourier9' to print this document                                 ***
****************************************************************************************************************************************************************

------------------------------------------------------------------ PETSc Performance Summary: ------------------------------------------------------------------

name on a  named hpc-fat01 with 32 processes, by fortetenreiro on Wed Sep 30 11:09:29 2026
Using Petsc Release Version 3.22.1, unknown 

                         Max       Max/Min     Avg       Total
Time (sec):           2.678e+02     1.000   2.678e+02
Objects:              0.000e+00     0.000   0.000e+00
Flops:                2.784e+09     3.414   1.407e+09  4.504e+10
Flops/sec:            1.040e+07     3.414   5.257e+06  1.682e+08
Memory (bytes):       1.042e+06     1.022   1.031e+06  3.298e+07
MPI Msg Count:        2.001e+06     3.250   1.054e+06  3.372e+07
MPI Msg Len (bytes):  7.053e+08     1.858   4.489e+02  1.514e+10
MPI Reductions:       4.619e+05     1.000

Flop counting convention: 1 flop = 1 real number operation of type (multiply/divide/add/subtract)
                            e.g., VecAXPY() for real vectors of length N --> 2N flops
                            and VecAXPY() for complex vectors of length N --> 8N flops

Summary of Stages:   ----- Time ------  ----- Flop ------  --- Messages ---  -- Message Lengths --  -- Reductions --
                        Avg     %Total     Avg     %Total    Count   %Total     Avg         %Total    Count   %Total
 0:      Main Stage: 2.1987e+01   8.2%  0.0000e+00   0.0%  0.000e+00   0.0%  0.000e+00        0.0%  1.100e+01   0.0%
 1:   Handle memory: 5.3280e-03   0.0%  0.0000e+00   0.0%  1.240e+02   0.0%  1.000e+01        0.0%  7.000e+00   0.0%
 2: MatSetValuesCOO: 1.8699e+01   7.0%  0.0000e+00   0.0%  0.000e+00   0.0%  0.000e+00        0.0%  1.026e+05  22.2%
 3:         PCSetUp: 1.1691e+00   0.4%  0.0000e+00   0.0%  0.000e+00   0.0%  0.000e+00        0.0%  0.000e+00   0.0%
 4:        p -> Vec: 8.7743e+00   3.3%  0.0000e+00   0.0%  0.000e+00   0.0%  0.000e+00        0.0%  5.132e+04  11.1%
 5:        KSPSolve: 2.1584e+02  80.6%  4.5038e+10 100.0%  3.372e+07 100.0%  4.489e+02      100.0%  3.079e+05  66.7%
 6:        Vec -> p: 1.2730e+00   0.5%  0.0000e+00   0.0%  0.000e+00   0.0%  0.000e+00        0.0%  0.000e+00   0.0%

------------------------------------------------------------------------------------------------------------------------
See the 'Profiling' chapter of the users' manual for details on interpreting output.
Phase summary info:
   Count: number of times phase was executed
   Time and Flop: Max - maximum over all processors
                  Ratio - ratio of maximum to minimum over all processors
   Mess: number of messages sent
   AvgLen: average message length (bytes)
   Reduct: number of global reductions
   Global: entire computation
   Stage: stages of a computation. Set stages with PetscLogStagePush() and PetscLogStagePop().
      %T - percent time in this phase         %F - percent flop in this phase
      %M - percent messages in this phase     %L - percent message lengths in this phase
      %R - percent reductions in this phase
   Total Mflop/s: 10e-6 * (sum of flop over all processors)/(max time over all processors)
   Memory usage is summed over all MPI processes, it is given in mega-bytes
   Malloc Mbytes: Memory allocated and kept during event (sum over all calls to event). May be negative
   EMalloc Mbytes: extra memory allocated during event and then freed (maximum over all calls to events). Never negative
   MMalloc Mbytes: Increase in high water mark of allocated memory (sum over all calls to event). Never negative
   RMI Mbytes: Increase in resident memory (sum over all calls to event)
------------------------------------------------------------------------------------------------------------------------
Event                Count      Time (sec)     Flop                              --- Global ---  --- Stage ----  Total  Malloc EMalloc MMalloc RMI
                   Max Ratio  Max     Ratio   Max  Ratio  Mess   AvgLen  Reduct  %T %F %M %L %R  %T %F %M %L %R Mflop/s Mbytes Mbytes Mbytes Mbytes
-----------------------------------------------------------------------------------------------------------------------------------------------------

--- Event Stage 0: Main Stage


--- Event Stage 1: Handle memory

BuildTwoSided          3 1.0 3.4484e-04 2.2 0.00e+00 0.0 6.2e+01 4.0e+00 3.0e+00  0  0  0  0  0   5  0 50 20 43     0     0       0       0       0
MatAssemblyBegin       2 1.0 2.5329e-05 1.5 0.00e+00 0.0 0.0e+00 0.0e+00 0.0e+00  0  0  0  0  0   0  0  0  0  0     0     0       0       0       0
MatAssemblyEnd         2 1.0 9.7817e-05 2.0 0.00e+00 0.0 0.0e+00 0.0e+00 0.0e+00  0  0  0  0  0   1  0  0  0  0     0     0       0       0       2
MatSetPreallCOO        1 1.0 2.0967e-03 1.1 0.00e+00 0.0 1.2e+02 1.0e+01 7.0e+00  0  0  0  0  0  38  0 100 100 100     0     9       3      12      25
SFSetGraph             3 1.0 4.8243e-05 1.5 0.00e+00 0.0 0.0e+00 0.0e+00 0.0e+00  0  0  0  0  0   1  0  0  0  0     0    -0       0       0       0
SFSetUp                3 1.0 5.1433e-04 1.6 0.00e+00 0.0 1.2e+02 1.0e+01 3.0e+00  0  0  0  0  0   8  0 100 100 43     0     0       0       0       1
SFReduceBegin          2 1.0 7.0096e-05 1.2 0.00e+00 0.0 0.0e+00 0.0e+00 0.0e+00  0  0  0  0  0   1  0  0  0  0     0     0       0       0       0
SFReduceEnd            2 1.0 7.4412e-05 1.3 0.00e+00 0.0 0.0e+00 0.0e+00 0.0e+00  0  0  0  0  0   1  0  0  0  0     0     0       0       0       0
SFFetchOpBegin         1 1.0 1.0264e-04 2.0 0.00e+00 0.0 0.0e+00 0.0e+00 0.0e+00  0  0  0  0  0   1  0  0  0  0     0     0       0       0       1
SFFetchOpEnd           1 1.0 5.9730e-05 1.3 0.00e+00 0.0 0.0e+00 0.0e+00 0.0e+00  0  0  0  0  0   1  0  0  0  0     0     0       0       0       0
SFPack                 3 1.0 3.4381e-05 1.3 0.00e+00 0.0 0.0e+00 0.0e+00 0.0e+00  0  0  0  0  0   1  0  0  0  0     0     0       0       0       0
SFUnpack               4 1.0 5.1227e-05 1.4 0.00e+00 0.0 0.0e+00 0.0e+00 0.0e+00  0  0  0  0  0   1  0  0  0  0     0     0       0       0       0

--- Event Stage 2: MatSetValuesCOO

MatAssemblyBegin   51320 1.0 5.3668e-01 1.3 0.00e+00 0.0 0.0e+00 0.0e+00 0.0e+00  0  0  0  0  0   3  0  0  0  0     0     0       0       0       0
MatAssemblyEnd     51320 1.0 1.1554e+01 7.5 0.00e+00 0.0 0.0e+00 0.0e+00 1.0e+05  3  0  0  0 22  48  0  0  0 100     0    -0       0       0       0
MatSetValuesCOO    51320 1.0 1.8282e+01 2.3 0.00e+00 0.0 0.0e+00 0.0e+00 1.0e+05  6  0  0  0 22  85  0  0  0 100     0     3       1       1       1
SFReduceBegin      51320 1.0 1.5946e+00 1.2 0.00e+00 0.0 0.0e+00 0.0e+00 0.0e+00  1  0  0  0  0   8  0  0  0  0     0     0       0       0       0
SFReduceEnd        51320 1.0 1.6251e+00 1.4 0.00e+00 0.0 0.0e+00 0.0e+00 0.0e+00  1  0  0  0  0   8  0  0  0  0     0     0       0       0       0
SFPack             51320 1.0 5.2313e-01 1.2 0.00e+00 0.0 0.0e+00 0.0e+00 0.0e+00  0  0  0  0  0   3  0  0  0  0     0     0       0       0       0
SFUnpack           51320 1.0 5.3753e-01 1.4 0.00e+00 0.0 0.0e+00 0.0e+00 0.0e+00  0  0  0  0  0   3  0  0  0  0     0     0       0       0       0

--- Event Stage 3: PCSetUp


--- Event Stage 4: p -> Vec

BuildTwoSided      51320 1.0 2.3330e+00 1.6 0.00e+00 0.0 0.0e+00 0.0e+00 5.1e+04  1  0  0  0 11  22  0  0  0 100     0     0       0       0       0
BuildTwoSidedF     51320 1.0 3.5753e+00 1.3 0.00e+00 0.0 0.0e+00 0.0e+00 5.1e+04  1  0  0  0 11  37  0  0  0 100     0     0       0       0       0
VecAssemblyBegin   51320 1.0 4.8112e+00 1.2 0.00e+00 0.0 0.0e+00 0.0e+00 5.1e+04  2  0  0  0 11  52  0  0  0 100     0 23228       0       0       1
VecAssemblyEnd     51320 1.0 6.3703e-01 1.1 0.00e+00 0.0 0.0e+00 0.0e+00 0.0e+00  0  0  0  0  0   7  0  0  0  0     0 -23228       0       0       0
VecSetValues       51320 1.0 6.3748e-01 1.1 0.00e+00 0.0 0.0e+00 0.0e+00 0.0e+00  0  0  0  0  0   7  0  0  0  0     0     0       0       0       0

--- Event Stage 5: KSPSolve

BuildTwoSided      51320 1.0 2.3751e+00 1.7 0.00e+00 0.0 5.6e+06 4.0e+00 5.1e+04  1  0 17  0 11   1  0 17  0 17     0    64       0       0       0
MatSolve           51320 1.0 6.1553e+01 1.0 2.55e+09 3.5 3.4e+07 4.5e+02 2.6e+05 23 91 100 100 56  28 91 100 100 83   668 30997       0       1     421
MatLUFactorSym         1 1.0 1.5326e-02 1.0 0.00e+00 0.0 0.0e+00 0.0e+00 0.0e+00  0  0  0  0  0   0  0  0  0  0     0     3       0       1      71
MatLUFactorNum     51320 1.0 1.4608e+02 1.0 2.30e+08 3.0 0.0e+00 0.0e+00 0.0e+00 54  9  0  0  0  68  9  0  0  0    27 -30996       1       0     782
VecScatterBegin    51320 1.0 2.4130e+00 1.2 0.00e+00 0.0 5.6e+06 1.1e+03 0.0e+00  1  0 17 40  0   1  0 17 40  0     0 13775       0       0      54
VecScatterEnd      51320 1.0 1.9890e+00 1.1 0.00e+00 0.0 0.0e+00 0.0e+00 0.0e+00  1  0  0  0  0   1  0  0  0  0     0     0       0       0       0
KSPSetUp           51320 1.0 6.0701e-01 1.1 0.00e+00 0.0 0.0e+00 0.0e+00 0.0e+00  0  0  0  0  0   0  0  0  0  0     0     0       0       0       0
KSPSolve           51320 1.0 6.4743e+01 1.0 2.55e+09 3.5 3.4e+07 4.5e+02 3.1e+05 24 91 100 100 67  30 91 100 100 100   635 30997       0       1     421
PCSetUp            51320 1.0 1.4799e+02 1.0 2.30e+08 3.0 0.0e+00 0.0e+00 2.0e+00 55  9  0  0  0  68  9  0  0  0    26 -30992       1       1     855
PCApply            51320 1.0 6.2681e+01 1.0 2.55e+09 3.5 3.4e+07 4.5e+02 2.6e+05 23 91 100 100 56  29 91 100 100 83   656 30997       0       1     421
SFSetGraph         51320 1.0 1.7547e+00 1.6 0.00e+00 0.0 0.0e+00 0.0e+00 0.0e+00  1  0  0  0  0   1  0  0  0  0     0 -3019       0       0       0
SFSetUp            51320 1.0 4.4119e+00 1.3 0.00e+00 0.0 1.1e+07 2.7e+02 5.1e+04  1  0 33 20 11   2  0 33 20 17     0  9291       0       0      22
SFPack             51320 1.0 6.8034e-01 1.2 0.00e+00 0.0 0.0e+00 0.0e+00 0.0e+00  0  0  0  0  0   0  0  0  0  0     0     0       0       0       0
SFUnpack           51320 1.0 6.2256e-01 1.1 0.00e+00 0.0 0.0e+00 0.0e+00 0.0e+00  0  0  0  0  0   0  0  0  0  0     0     0       0       0       0

--- Event Stage 6: Vec -> p

-----------------------------------------------------------------------------------------------------------------------------------------------------

Object Type          Creations   Destructions. Reports information only for process 0.

--- Event Stage 0: Main Stage

              Matrix     2              0
              Vector     2              0

--- Event Stage 1: Handle memory

           Container     1              1
              Matrix     3              6
              Vector     6              8
       Krylov Solver     1              1
      Preconditioner     1              1
   Star Forest Graph     3              4
           Index Set     2              2

--- Event Stage 2: MatSetValuesCOO


--- Event Stage 3: PCSetUp


--- Event Stage 4: p -> Vec


--- Event Stage 5: KSPSolve

              Matrix     1              0
              Vector 102640          102639
   Star Forest Graph 51320          51319
           Index Set 102640          102640

--- Event Stage 6: Vec -> p

========================================================================================================================
Average time to get PetscTime(): 3.3e-08
Average time for MPI_Barrier(): 3.6456e-06
Average time for zero size MPI_Send(): 2.09222e-06
#PETSc Option Table entries:
-ksp_type preonly # (source: command line)
-log_view # (source: command line)
-log_view_memory # (source: command line)
-n 1 # (source: command line)
-pc_factor_mat_solver_type mumps # (source: command line)
-pc_factor_reuse_fill # (source: command line)
-pc_factor_reuse_ordering # (source: command line)
-pc_type lu # (source: command line)
#End of PETSc Option Table entries
Compiled without FORTRAN kernels
Compiled with full precision matrices (default)
sizeof(short) 2 sizeof(int) 4 sizeof(long) 8 sizeof(void*) 8 sizeof(PetscScalar) 8 sizeof(PetscInt) 4
Configure options: --prefix=/gpfs/softs/physics/uhaina_env/11.05.2026/petsc --download-superlu_dist --download-parmetis --download-scalapack --download-mumps --download-metis --download-hypre --with-cxx-dialect=C++11 --with-hdf5-dir=/gpfs/softs/physics/uhaina_env/18.09.2025/netcdf --with-zlib-dir=/gpfs/softs/lib/zlib/1.3.1/gcc/13.2.0 --with-netcdf-dir=/gpfs/softs/physics/uhaina_env/18.09.2025/netcdf --with-pnetcdf-dir=/gpfs/softs/physics/uhaina_env/18.09.2025/netcdf --with-debugging=0 --with-blaslapack-dir=/gpfs/softs/intel/oneapi/2024.2.1/mkl/2024.2 --with-blaslapack-dir=/gpfs/softs/intel/oneapi/2024.2.1/mkl/2024.2 --with-mpiexec=mpirun COPTFLAGS="-O3 -march=native -mtune=native" CXXOPTFLAGS="-O3 -march=native -mtune=native" FOPTFLAGS="-O3 -march=native -mtune=native" --with-mkl_pardiso=1 --with-mkl_pardiso-dir=/gpfs/softs/intel/oneapi/2024.2.1/mkl/2024.2
-----------------------------------------
Libraries compiled on 2026-05-13 08:32:26 on hpc-login01 
Machine characteristics: Linux-4.18.0-553.76.1.el8_10.x86_64-x86_64-with-centos-8.10-Green_Obsidian
Using PETSc directory: /gpfs/softs/physics/uhaina_env/11.05.2026/petsc
Using PETSc arch: 
-----------------------------------------

Using C compiler: mpicc  -fPIC -Wall -Wwrite-strings -Wno-unknown-pragmas -Wno-lto-type-mismatch -Wno-stringop-overflow -fstack-protector -fvisibility=hidden -Wall -Wwrite-strings -Wno-unknown-pragmas -Wno-lto-type-mismatch -Wno-stringop-overflow -fstack-protector -fvisibility=hidden -O3 -march=native -mtune=native  
Using Fortran compiler: mpif90  -fPIC -Wall -ffree-line-length-none -ffree-line-length-0 -Wno-lto-type-mismatch -Wno-unused-dummy-argument -Wall -ffree-line-length-none -ffree-line-length-0 -Wno-lto-type-mismatch -Wno-unused-dummy-argument -O3 -march=native -mtune=native    
-----------------------------------------

Using include paths: -I/gpfs/softs/physics/uhaina_env/11.05.2026/petsc/include -I/gpfs/softs/intel/oneapi/2024.2.1/mkl/2024.2/include -I/gpfs/softs/physics/uhaina_env/18.09.2025/netcdf/include -I/gpfs/softs/lib/zlib/1.3.1/gcc/13.2.0/include
-----------------------------------------

Using C linker: mpicc
Using Fortran linker: mpif90
Using libraries: -Wl,-rpath,/gpfs/softs/physics/uhaina_env/11.05.2026/petsc/lib -L/gpfs/softs/physics/uhaina_env/11.05.2026/petsc/lib -lpetsc -Wl,-rpath,/gpfs/softs/physics/uhaina_env/11.05.2026/petsc/lib -L/gpfs/softs/physics/uhaina_env/11.05.2026/petsc/lib -Wl,-rpath,/gpfs/softs/intel/oneapi/2024.2.1/mkl/2024.2/lib/intel64 -L/gpfs/softs/intel/oneapi/2024.2.1/mkl/2024.2/lib/intel64 -Wl,-rpath,/gpfs/softs/physics/uhaina_env/18.09.2025/netcdf/lib -L/gpfs/softs/physics/uhaina_env/18.09.2025/netcdf/lib -Wl,-rpath,/gpfs/softs/lib/zlib/1.3.1/gcc/13.2.0/lib -L/gpfs/softs/lib/zlib/1.3.1/gcc/13.2.0/lib -Wl,-rpath,/gpfs/softs/physics/uhaina_env/18.09.2025/mpi/lib -L/gpfs/softs/physics/uhaina_env/18.09.2025/mpi/lib -Wl,-rpath,/gpfs/softs/compilers/gcc/13.2.0/lib/gcc/x86_64-pc-linux-gnu/13.2.0 -L/gpfs/softs/compilers/gcc/13.2.0/lib/gcc/x86_64-pc-linux-gnu/13.2.0 -Wl,-rpath,/gpfs/softs/compilers/gcc/13.2.0/lib64 -L/gpfs/softs/compilers/gcc/13.2.0/lib64 -Wl,-rpath,/gpfs/softs/intel/oneapi/2024.2.1/tbb/2021.13/lib/intel64/gcc4.8 -L/gpfs/softs/intel/oneapi/2024.2.1/tbb/2021.13/lib/intel64/gcc4.8 -Wl,-rpath,/gpfs/softs/intel/oneapi/2024.2.1/mkl/2024.2/lib -L/gpfs/softs/intel/oneapi/2024.2.1/mkl/2024.2/lib -Wl,-rpath,/gpfs/softs/compilers/gcc/13.2.0/lib -L/gpfs/softs/compilers/gcc/13.2.0/lib -lHYPRE -lsuperlu_dist -ldmumps -lmumps_common -lpord -lpthread -lscalapack -lmkl_intel_lp64 -lmkl_core -lmkl_gnu_thread -lgomp -ldl -lpthread -lparmetis -lmetis -lnetcdf -lpnetcdf -lhdf5_hl -lhdf5 -lm -lz -ldl -lmpi_usempif08 -lmpi_usempi_ignore_tkr -lmpi_mpifh -lmpi -lgfortran -lm -lgfortran -lm -lgcc_s -lquadmath -lpthread -lstdc++ -ldl
-----------------------------------------

srun: Received task exit notification for 32 tasks of StepId=359696.0 (status=0x0000).
srun: hpc-fat01: tasks 0-31: Completed
