srun: defined options
srun: -------------------- --------------------
srun: (null)              : hpc-fat03
srun: cpu-bind            : cores,verbose
srun: cpus-per-task       : 1
srun: distribution        : cyclic:cyclic
srun: exact               : set
srun: jobid               : 359698
srun: job-name            : Grilli
srun: mem-per-cpu         : 2G
srun: mpi                 : pmix_v5
srun: nodes               : 1
srun: ntasks              : 32
srun: oom-kill-step       : 0
srun: tres-per-task       : cpu=1
srun: verbose             : 1
srun: -------------------- --------------------
srun: end of defined options
srun: jobid 359698: nodes(1):`hpc-fat03', cpu counts: 32(x1)
srun: CpuBindType=verbose,cores
srun: launching StepId=359698.0 on host hpc-fat03, 32 tasks: [0-31]
cpu-bind=MASK - hpc-fat03, task  0  0 [741568]: mask 0x200000000000 set
cpu-bind=MASK - hpc-fat03, task  1  1 [741569]: mask 0x1000000000000 set
cpu-bind=MASK - hpc-fat03, task  2  2 [741570]: mask 0x2000000000000000000000000000 set
cpu-bind=MASK - hpc-fat03, task  3  3 [741571]: mask 0x10000000000000000000000000000 set
cpu-bind=MASK - hpc-fat03, task  4  4 [741572]: mask 0x400000000000 set
cpu-bind=MASK - hpc-fat03, task  5  5 [741573]: mask 0x2000000000000 set
cpu-bind=MASK - hpc-fat03, task  6  6 [741574]: mask 0x4000000000000000000000000000 set
cpu-bind=MASK - hpc-fat03, task  7  7 [741575]: mask 0x20000000000000000000000000000 set
cpu-bind=MASK - hpc-fat03, task  8  8 [741576]: mask 0x800000000000 set
cpu-bind=MASK - hpc-fat03, task  9  9 [741577]: mask 0x4000000000000 set
cpu-bind=MASK - hpc-fat03, task 10 10 [741578]: mask 0x8000000000000000000000000000 set
cpu-bind=MASK - hpc-fat03, task 11 11 [741579]: mask 0x40000000000000000000000000000 set
cpu-bind=MASK - hpc-fat03, task 12 12 [741580]: mask 0x8000000000000 set
cpu-bind=MASK - hpc-fat03, task 13 13 [741581]: mask 0x80000000000000000000000000000 set
cpu-bind=MASK - hpc-fat03, task 14 14 [741582]: mask 0x10000000000000 set
cpu-bind=MASK - hpc-fat03, task 15 15 [741583]: mask 0x100000000000000000000000000000 set
cpu-bind=MASK - hpc-fat03, task 16 16 [741584]: mask 0x20000000000000 set
cpu-bind=MASK - hpc-fat03, task 17 17 [741585]: mask 0x200000000000000000000000000000 set
cpu-bind=MASK - hpc-fat03, task 18 18 [741586]: mask 0x40000000000000 set
cpu-bind=MASK - hpc-fat03, task 19 19 [741587]: mask 0x400000000000000000000000000000 set
cpu-bind=MASK - hpc-fat03, task 20 20 [741588]: mask 0x80000000000000 set
cpu-bind=MASK - hpc-fat03, task 21 21 [741589]: mask 0x800000000000000000000000000000 set
cpu-bind=MASK - hpc-fat03, task 22 22 [741590]: mask 0x100000000000000 set
cpu-bind=MASK - hpc-fat03, task 23 23 [741591]: mask 0x1000000000000000000000000000000 set
cpu-bind=MASK - hpc-fat03, task 24 24 [741592]: mask 0x200000000000000 set
cpu-bind=MASK - hpc-fat03, task 25 25 [741593]: mask 0x2000000000000000000000000000000 set
cpu-bind=MASK - hpc-fat03, task 26 26 [741594]: mask 0x400000000000000 set
cpu-bind=MASK - hpc-fat03, task 27 27 [741595]: mask 0x4000000000000000000000000000000 set
cpu-bind=MASK - hpc-fat03, task 28 28 [741596]: mask 0x800000000000000 set
cpu-bind=MASK - hpc-fat03, task 29 29 [741597]: mask 0x8000000000000000000000000000000 set
cpu-bind=MASK - hpc-fat03, task 30 30 [741598]: mask 0x1000000000000000 set
cpu-bind=MASK - hpc-fat03, task 31 31 [741599]: mask 0x10000000000000000000000000000000 set
srun: Node hpc-fat03, 32 tasks started
Data {
  aerosol.linearsolver : PETSc
  discretisation.femtype : Lagrange
  discretisation.numericalflux : WbswLaxFriedrichs
  io.ProbePosition : file:/gpfs/scratch/fortetenreiro/run/Grilli/probes.txt
  io.mesh_file : /gpfs/scratch/fortetenreiro/run/Grilli/msh/Grilli.msh
  io.mesh_format : ParaGMSH
  io.output_format : HDF5
  io.output_path : /gpfs/scratch/fortetenreiro/run/Grilli/visu/R2_c
  io.postProcPath : /gpfs/scratch/fortetenreiro/run/Grilli/visu/R2_c/data
  io.restartPath : /gpfs/scratch/fortetenreiro/run/Grilli/restart/R2_c
  io.restartPrefix : restart
  io.visutype : cells
  model.bathymetry : 1;0;ICBC
  model.manning : 1;0;ICBC;CONSTANT;0.00
  model.name : ShallowWater
  petsc.cmdLineArgs : -log_view -log_view_memory -n 1 -ksp_type preonly -ksp_reuse_preconditioner -pc_type lu -pc_factor_mat_solver_type mumps -pc_factor_reuse_ordering -pc_factor_reuse_fill
  testcase.name : GrilliAbbott
  time.inittype : interpolation
  time.name : SSPRK-8-4
  time.type : cfl
  xml_config_file : /gpfs/scratch/fortetenreiro/run/Grilli/xml/R2_c.xml
  MPI.prank : 0
  MPI.psize : 32
  aerosol.debug : 0
  discretisation.continuous : 0
  discretisation.degree : 3
  io.active : 1
  io.conservativeVariables : 2
  io.fprint : 150
  io.gprint : 3000
  io.mesh_dimension : 1
  io.prepartitioning : 0
  io.redistribution : 1
  io.scalab : 0
  model.dispersion : 2
  io.t0_g : -1
  model.dispOptimParam : 1
  model.g : 9.81
  model.h0 : 0.44
  testcase.A0 : 0.2
  time.CFL : 0.37917
  time.tmax : 9.4286
}

(0): ERROR: _PAMPAdmeshCheck: no check could be done with flag PAMPA_OVLP_NOGT enabled
(1): ERROR: _PAMPAdmeshCheck: no check could be done with flag PAMPA_OVLP_NOGT enabled
(2): ERROR: _PAMPAdmeshCheck: no check could be done with flag PAMPA_OVLP_NOGT enabled
(3): ERROR: _PAMPAdmeshCheck: no check could be done with flag PAMPA_OVLP_NOGT enabled
(4): ERROR: _PAMPAdmeshCheck: no check could be done with flag PAMPA_OVLP_NOGT enabled
(5): ERROR: _PAMPAdmeshCheck: no check could be done with flag PAMPA_OVLP_NOGT enabled
(6): ERROR: _PAMPAdmeshCheck: no check could be done with flag PAMPA_OVLP_NOGT enabled
(7): ERROR: _PAMPAdmeshCheck: no check could be done with flag PAMPA_OVLP_NOGT enabled
(8): ERROR: _PAMPAdmeshCheck: no check could be done with flag PAMPA_OVLP_NOGT enabled
(9): ERROR: _PAMPAdmeshCheck: no check could be done with flag PAMPA_OVLP_NOGT enabled
(10): ERROR: _PAMPAdmeshCheck: no check could be done with flag PAMPA_OVLP_NOGT enabled
(11): ERROR: _PAMPAdmeshCheck: no check could be done with flag PAMPA_OVLP_NOGT enabled
(12): ERROR: _PAMPAdmeshCheck: no check could be done with flag PAMPA_OVLP_NOGT enabled
(13): ERROR: _PAMPAdmeshCheck: no check could be done with flag PAMPA_OVLP_NOGT enabled
(14): ERROR: _PAMPAdmeshCheck: no check could be done with flag PAMPA_OVLP_NOGT enabled
(15): ERROR: _PAMPAdmeshCheck: no check could be done with flag PAMPA_OVLP_NOGT enabled
(16): ERROR: _PAMPAdmeshCheck: no check could be done with flag PAMPA_OVLP_NOGT enabled
(17): ERROR: _PAMPAdmeshCheck: no check could be done with flag PAMPA_OVLP_NOGT enabled
(18): ERROR: _PAMPAdmeshCheck: no check could be done with flag PAMPA_OVLP_NOGT enabled
(19): ERROR: _PAMPAdmeshCheck: no check could be done with flag PAMPA_OVLP_NOGT enabled
(20): ERROR: _PAMPAdmeshCheck: no check could be done with flag PAMPA_OVLP_NOGT enabled
(21): ERROR: _PAMPAdmeshCheck: no check could be done with flag PAMPA_OVLP_NOGT enabled
(22): ERROR: _PAMPAdmeshCheck: no check could be done with flag PAMPA_OVLP_NOGT enabled
(23): ERROR: _PAMPAdmeshCheck: no check could be done with flag PAMPA_OVLP_NOGT enabled
(24): ERROR: _PAMPAdmeshCheck: no check could be done with flag PAMPA_OVLP_NOGT enabled
(25): ERROR: _PAMPAdmeshCheck: no check could be done with flag PAMPA_OVLP_NOGT enabled
(26): ERROR: _PAMPAdmeshCheck: no check could be done with flag PAMPA_OVLP_NOGT enabled
(27): ERROR: _PAMPAdmeshCheck: no check could be done with flag PAMPA_OVLP_NOGT enabled
(28): ERROR: _PAMPAdmeshCheck: no check could be done with flag PAMPA_OVLP_NOGT enabled
(29): ERROR: _PAMPAdmeshCheck: no check could be done with flag PAMPA_OVLP_NOGT enabled
(30): ERROR: _PAMPAdmeshCheck: no check could be done with flag PAMPA_OVLP_NOGT enabled
(31): ERROR: _PAMPAdmeshCheck: no check could be done with flag PAMPA_OVLP_NOGT enabled
Calling the scheme "SWShallowWater1dWbswLaxFriedrichsPETSc".
Calling the scheme "SWShallowWater1dWbswLaxFriedrichsPETSc".
Calling the scheme "SWShallowWater1dWbswLaxFriedrichsPETSc".
Calling the scheme "SWShallowWater1dWbswLaxFriedrichsPETSc".
Calling the scheme "SWShallowWater1dWbswLaxFriedrichsPETSc".
Calling the scheme "SWShallowWater1dWbswLaxFriedrichsPETSc".
Calling the scheme "SWShallowWater1dWbswLaxFriedrichsPETSc".
Calling the scheme "SWShallowWater1dWbswLaxFriedrichsPETSc".
Calling the scheme "SWShallowWater1dWbswLaxFriedrichsPETSc".
Calling the scheme "SWShallowWater1dWbswLaxFriedrichsPETSc".
Calling the scheme "SWShallowWater1dWbswLaxFriedrichsPETSc".
Calling the scheme "SWShallowWater1dWbswLaxFriedrichsPETSc".
Calling the scheme "SWShallowWater1dWbswLaxFriedrichsPETSc".
Calling the scheme "SWShallowWater1dWbswLaxFriedrichsPETSc".
Calling the scheme "SWShallowWater1dWbswLaxFriedrichsPETSc".
Calling the scheme "SWShallowWater1dWbswLaxFriedrichsPETSc".
Calling the scheme "SWShallowWater1dWbswLaxFriedrichsPETSc".
Calling the scheme "SWShallowWater1dWbswLaxFriedrichsPETSc".
Calling the scheme "SWShallowWater1dWbswLaxFriedrichsPETSc".
Calling the scheme "SWShallowWater1dWbswLaxFriedrichsPETSc".
Calling the scheme "SWShallowWater1dWbswLaxFriedrichsPETSc".
Calling the scheme "SWShallowWater1dWbswLaxFriedrichsPETSc".
Calling the scheme "SWShallowWater1dWbswLaxFriedrichsPETSc".
Calling the scheme "SWShallowWater1dWbswLaxFriedrichsPETSc".
Calling the scheme "SWShallowWater1dWbswLaxFriedrichsPETSc".
Calling the scheme "SWShallowWater1dWbswLaxFriedrichsPETSc".
Calling the scheme "SWShallowWater1dWbswLaxFriedrichsPETSc".
Calling the scheme "SWShallowWater1dWbswLaxFriedrichsPETSc".
Calling the scheme "SWShallowWater1dWbswLaxFriedrichsPETSc".
Calling the scheme "SWShallowWater1dWbswLaxFriedrichsPETSc".
Calling the scheme "SWShallowWater1dWbswLaxFriedrichsPETSc".
Calling the scheme "SWShallowWater1dWbswLaxFriedrichsPETSc".
Probes are defined at :
  ( -2.2, 0, 0 )
  ( 9.2224, 0, 0 )
  ( 9.922, 0, 0 )
  ( 10.4192, 0, 0 )
  ( 10.8592, 0, 0 )
  ( 11.4004, 0, 0 )
      1 | 1.42715e-03 1.42715e-03 | 1.84730e-01 4.21599e-01 |
      2 | 2.85429e-03 1.42715e-03 | 1.84730e-01 4.21599e-01 |
      3 | 4.28144e-03 1.42715e-03 | 1.84730e-01 4.21599e-01 |
      4 | 5.70859e-03 1.42715e-03 | 1.84730e-01 4.21599e-01 |
      5 | 7.13573e-03 1.42715e-03 | 1.84730e-01 4.21599e-01 |
      6 | 8.56288e-03 1.42715e-03 | 1.84730e-01 4.21599e-01 |
      7 | 9.99003e-03 1.42715e-03 | 1.84730e-01 4.21599e-01 |
      8 | 1.14172e-02 1.42715e-03 | 1.84730e-01 4.21599e-01 |
      9 | 1.28443e-02 1.42715e-03 | 1.84730e-01 4.21599e-01 |
     10 | 1.42715e-02 1.42715e-03 | 1.84730e-01 4.21599e-01 |
     11 | 1.56986e-02 1.42715e-03 | 1.84730e-01 4.21599e-01 |
     12 | 1.71258e-02 1.42715e-03 | 1.84730e-01 4.21599e-01 |
     13 | 1.85529e-02 1.42715e-03 | 1.84730e-01 4.21599e-01 |
     14 | 1.99801e-02 1.42715e-03 | 1.84730e-01 4.21599e-01 |
     15 | 2.14072e-02 1.42715e-03 | 1.84730e-01 4.21599e-01 |
     16 | 2.28343e-02 1.42715e-03 | 1.84730e-01 4.21599e-01 |
     17 | 2.42615e-02 1.42715e-03 | 1.84730e-01 4.21599e-01 |
     18 | 2.56886e-02 1.42715e-03 | 1.84730e-01 4.21599e-01 |
     19 | 2.71158e-02 1.42715e-03 | 1.84730e-01 4.21599e-01 |
     20 | 2.85429e-02 1.42715e-03 | 1.84730e-01 4.21599e-01 |
     21 | 2.99701e-02 1.42715e-03 | 1.84730e-01 4.21599e-01 |
     22 | 3.13972e-02 1.42715e-03 | 1.84730e-01 4.21599e-01 |
     23 | 3.28244e-02 1.42715e-03 | 1.84730e-01 4.21599e-01 |
     24 | 3.42515e-02 1.42715e-03 | 1.84730e-01 4.21599e-01 |
     25 | 3.56787e-02 1.42715e-03 | 1.84730e-01 4.21599e-01 |
     26 | 3.71058e-02 1.42715e-03 | 1.84730e-01 4.21599e-01 |
     27 | 3.85330e-02 1.42715e-03 | 1.84730e-01 4.21599e-01 |
     28 | 3.99601e-02 1.42715e-03 | 1.84730e-01 4.21599e-01 |
     29 | 4.13873e-02 1.42715e-03 | 1.84730e-01 4.21599e-01 |
     30 | 4.28144e-02 1.42715e-03 | 1.84730e-01 4.21599e-01 |
     31 | 4.42416e-02 1.42715e-03 | 1.84730e-01 4.21599e-01 |
     32 | 4.56687e-02 1.42715e-03 | 1.84730e-01 4.21599e-01 |
     33 | 4.70958e-02 1.42715e-03 | 1.84730e-01 4.21599e-01 |
     34 | 4.85230e-02 1.42715e-03 | 1.84730e-01 4.21599e-01 |
     35 | 4.99501e-02 1.42715e-03 | 1.84730e-01 4.21598e-01 |
     36 | 5.13773e-02 1.42715e-03 | 1.84730e-01 4.21598e-01 |
     37 | 5.28044e-02 1.42715e-03 | 1.84730e-01 4.21598e-01 |
     38 | 5.42316e-02 1.42715e-03 | 1.84730e-01 4.21598e-01 |
     39 | 5.56587e-02 1.42715e-03 | 1.84730e-01 4.21598e-01 |
     40 | 5.70859e-02 1.42715e-03 | 1.84730e-01 4.21598e-01 |
     41 | 5.85130e-02 1.42715e-03 | 1.84730e-01 4.21598e-01 |
     42 | 5.99402e-02 1.42715e-03 | 1.84730e-01 4.21598e-01 |
     43 | 6.13673e-02 1.42715e-03 | 1.84730e-01 4.21598e-01 |
     44 | 6.27945e-02 1.42715e-03 | 1.84730e-01 4.21598e-01 |
     45 | 6.32792e-02 4.84702e-04 | 1.84730e-01 4.21598e-01 |
     46 | 6.47063e-02 1.42715e-03 | 1.84730e-01 4.21598e-01 |
     47 | 6.61335e-02 1.42715e-03 | 1.84730e-01 4.21598e-01 |
     48 | 6.75606e-02 1.42715e-03 | 1.84730e-01 4.21598e-01 |
     49 | 6.89878e-02 1.42715e-03 | 1.84730e-01 4.21598e-01 |
     50 | 7.04149e-02 1.42715e-03 | 1.84730e-01 4.21598e-01 |
     51 | 7.18420e-02 1.42715e-03 | 1.84730e-01 4.21598e-01 |
     52 | 7.32692e-02 1.42715e-03 | 1.84730e-01 4.21598e-01 |
     53 | 7.46963e-02 1.42715e-03 | 1.84730e-01 4.21598e-01 |
     54 | 7.61235e-02 1.42715e-03 | 1.84730e-01 4.21598e-01 |
     55 | 7.75506e-02 1.42715e-03 | 1.84730e-01 4.21598e-01 |
     56 | 7.89778e-02 1.42715e-03 | 1.84730e-01 4.21598e-01 |
     57 | 8.04049e-02 1.42715e-03 | 1.84730e-01 4.21598e-01 |
     58 | 8.18321e-02 1.42715e-03 | 1.84730e-01 4.21598e-01 |
     59 | 8.32592e-02 1.42715e-03 | 1.84730e-01 4.21598e-01 |
     60 | 8.46864e-02 1.42715e-03 | 1.84730e-01 4.21598e-01 |
     61 | 8.61135e-02 1.42715e-03 | 1.84730e-01 4.21598e-01 |
     62 | 8.75407e-02 1.42715e-03 | 1.84730e-01 4.21598e-01 |
     63 | 8.89678e-02 1.42715e-03 | 1.84730e-01 4.21598e-01 |
     64 | 9.03950e-02 1.42715e-03 | 1.84730e-01 4.21598e-01 |
     65 | 9.18221e-02 1.42715e-03 | 1.84730e-01 4.21598e-01 |
     66 | 9.32492e-02 1.42715e-03 | 1.84730e-01 4.21598e-01 |
     67 | 9.46764e-02 1.42715e-03 | 1.84730e-01 4.21598e-01 |
     68 | 9.61035e-02 1.42715e-03 | 1.84730e-01 4.21598e-01 |
     69 | 9.75307e-02 1.42715e-03 | 1.84730e-01 4.21598e-01 |
     70 | 9.89578e-02 1.42715e-03 | 1.84730e-01 4.21598e-01 |
     71 | 1.00385e-01 1.42715e-03 | 1.84730e-01 4.21598e-01 |
     72 | 1.01812e-01 1.42715e-03 | 1.84730e-01 4.21598e-01 |
     73 | 1.03239e-01 1.42715e-03 | 1.84730e-01 4.21598e-01 |
     74 | 1.04666e-01 1.42715e-03 | 1.84730e-01 4.21598e-01 |
     75 | 1.06094e-01 1.42715e-03 | 1.84730e-01 4.21598e-01 |
     76 | 1.07521e-01 1.42715e-03 | 1.84730e-01 4.21598e-01 |
     77 | 1.08948e-01 1.42715e-03 | 1.84730e-01 4.21598e-01 |
     78 | 1.10375e-01 1.42715e-03 | 1.84730e-01 4.21598e-01 |
     79 | 1.11802e-01 1.42715e-03 | 1.84730e-01 4.21598e-01 |
     80 | 1.13229e-01 1.42715e-03 | 1.84730e-01 4.21598e-01 |
     81 | 1.14656e-01 1.42715e-03 | 1.84730e-01 4.21598e-01 |
     82 | 1.16084e-01 1.42715e-03 | 1.84730e-01 4.21598e-01 |
     83 | 1.17511e-01 1.42715e-03 | 1.84730e-01 4.21598e-01 |
     84 | 1.18938e-01 1.42715e-03 | 1.84730e-01 4.21598e-01 |
     85 | 1.20365e-01 1.42715e-03 | 1.84730e-01 4.21598e-01 |
     86 | 1.21792e-01 1.42715e-03 | 1.84730e-01 4.21598e-01 |
     87 | 1.23219e-01 1.42715e-03 | 1.84730e-01 4.21598e-01 |
     88 | 1.24646e-01 1.42715e-03 | 1.84730e-01 4.21598e-01 |
     89 | 1.26074e-01 1.42715e-03 | 1.84730e-01 4.21597e-01 |
     90 | 1.26558e-01 4.84688e-04 | 1.84730e-01 4.21597e-01 |
     91 | 1.27985e-01 1.42715e-03 | 1.84730e-01 4.21597e-01 |
     92 | 1.29413e-01 1.42715e-03 | 1.84730e-01 4.21597e-01 |
     93 | 1.30840e-01 1.42715e-03 | 1.84730e-01 4.21597e-01 |
     94 | 1.32267e-01 1.42715e-03 | 1.84730e-01 4.21597e-01 |
     95 | 1.33694e-01 1.42715e-03 | 1.84730e-01 4.21597e-01 |
     96 | 1.35121e-01 1.42715e-03 | 1.84730e-01 4.21597e-01 |
     97 | 1.36548e-01 1.42715e-03 | 1.84730e-01 4.21597e-01 |
     98 | 1.37976e-01 1.42715e-03 | 1.84730e-01 4.21597e-01 |
     99 | 1.39403e-01 1.42715e-03 | 1.84730e-01 4.21597e-01 |
    100 | 1.40830e-01 1.42715e-03 | 1.84730e-01 4.21597e-01 |
    101 | 1.42257e-01 1.42715e-03 | 1.84730e-01 4.21597e-01 |
    102 | 1.43684e-01 1.42715e-03 | 1.84730e-01 4.21597e-01 |
    103 | 1.45111e-01 1.42715e-03 | 1.84730e-01 4.21597e-01 |
    104 | 1.46538e-01 1.42715e-03 | 1.84730e-01 4.21597e-01 |
    105 | 1.47966e-01 1.42715e-03 | 1.84730e-01 4.21597e-01 |
    106 | 1.49393e-01 1.42715e-03 | 1.84730e-01 4.21597e-01 |
    107 | 1.50820e-01 1.42715e-03 | 1.84730e-01 4.21597e-01 |
    108 | 1.52247e-01 1.42715e-03 | 1.84730e-01 4.21597e-01 |
    109 | 1.53674e-01 1.42715e-03 | 1.84730e-01 4.21597e-01 |
    110 | 1.55101e-01 1.42715e-03 | 1.84730e-01 4.21597e-01 |
    111 | 1.56528e-01 1.42715e-03 | 1.84730e-01 4.21597e-01 |
    112 | 1.57956e-01 1.42715e-03 | 1.84730e-01 4.21597e-01 |
    113 | 1.59383e-01 1.42715e-03 | 1.84730e-01 4.21597e-01 |
    114 | 1.60810e-01 1.42715e-03 | 1.84730e-01 4.21597e-01 |
    115 | 1.62237e-01 1.42715e-03 | 1.84730e-01 4.21597e-01 |
    116 | 1.63664e-01 1.42715e-03 | 1.84730e-01 4.21597e-01 |
    117 | 1.65091e-01 1.42715e-03 | 1.84730e-01 4.21597e-01 |
    118 | 1.66518e-01 1.42715e-03 | 1.84730e-01 4.21597e-01 |
    119 | 1.67946e-01 1.42715e-03 | 1.84730e-01 4.21597e-01 |
    120 | 1.69373e-01 1.42715e-03 | 1.84730e-01 4.21597e-01 |
    121 | 1.70800e-01 1.42715e-03 | 1.84730e-01 4.21597e-01 |
    122 | 1.72227e-01 1.42715e-03 | 1.84730e-01 4.21597e-01 |
    123 | 1.73654e-01 1.42715e-03 | 1.84730e-01 4.21597e-01 |
    124 | 1.75081e-01 1.42715e-03 | 1.84730e-01 4.21597e-01 |
    125 | 1.76508e-01 1.42715e-03 | 1.84730e-01 4.21597e-01 |
    126 | 1.77936e-01 1.42715e-03 | 1.84730e-01 4.21597e-01 |
    127 | 1.79363e-01 1.42715e-03 | 1.84730e-01 4.21597e-01 |
    128 | 1.80790e-01 1.42715e-03 | 1.84730e-01 4.21597e-01 |
    129 | 1.82217e-01 1.42715e-03 | 1.84730e-01 4.21597e-01 |
    130 | 1.83644e-01 1.42715e-03 | 1.84730e-01 4.21597e-01 |
    131 | 1.85071e-01 1.42715e-03 | 1.84730e-01 4.21597e-01 |
    132 | 1.86499e-01 1.42715e-03 | 1.84730e-01 4.21597e-01 |
    133 | 1.87926e-01 1.42715e-03 | 1.84730e-01 4.21597e-01 |
    134 | 1.89353e-01 1.42715e-03 | 1.84730e-01 4.21597e-01 |
    135 | 1.89837e-01 4.84655e-04 | 1.84730e-01 4.21596e-01 |
    136 | 1.91265e-01 1.42715e-03 | 1.84730e-01 4.21597e-01 |
    137 | 1.92692e-01 1.42715e-03 | 1.84730e-01 4.21597e-01 |
    138 | 1.94119e-01 1.42715e-03 | 1.84730e-01 4.21597e-01 |
    139 | 1.95546e-01 1.42715e-03 | 1.84730e-01 4.21597e-01 |
    140 | 1.96973e-01 1.42715e-03 | 1.84730e-01 4.21597e-01 |
    141 | 1.98400e-01 1.42715e-03 | 1.84730e-01 4.21596e-01 |
    142 | 1.99828e-01 1.42715e-03 | 1.84730e-01 4.21596e-01 |
    143 | 2.01255e-01 1.42715e-03 | 1.84730e-01 4.21596e-01 |
    144 | 2.02682e-01 1.42715e-03 | 1.84730e-01 4.21596e-01 |
    145 | 2.04109e-01 1.42715e-03 | 1.84730e-01 4.21596e-01 |
    146 | 2.05536e-01 1.42715e-03 | 1.84730e-01 4.21596e-01 |
    147 | 2.06963e-01 1.42715e-03 | 1.84730e-01 4.21596e-01 |
    148 | 2.08390e-01 1.42715e-03 | 1.84730e-01 4.21596e-01 |
    149 | 2.09818e-01 1.42715e-03 | 1.84730e-01 4.21596e-01 |
    150 | 2.11245e-01 1.42715e-03 | 1.84730e-01 4.21596e-01 |
    151 | 2.12672e-01 1.42715e-03 | 1.84730e-01 4.21596e-01 |
    152 | 2.14099e-01 1.42715e-03 | 1.84730e-01 4.21596e-01 |
    153 | 2.15526e-01 1.42715e-03 | 1.84730e-01 4.21596e-01 |
    154 | 2.16953e-01 1.42715e-03 | 1.84730e-01 4.21596e-01 |
    155 | 2.18380e-01 1.42715e-03 | 1.84730e-01 4.21596e-01 |
    156 | 2.19808e-01 1.42715e-03 | 1.84730e-01 4.21596e-01 |
    157 | 2.21235e-01 1.42715e-03 | 1.84730e-01 4.21596e-01 |
    158 | 2.22662e-01 1.42715e-03 | 1.84730e-01 4.21596e-01 |
    159 | 2.24089e-01 1.42715e-03 | 1.84730e-01 4.21596e-01 |
    160 | 2.25516e-01 1.42715e-03 | 1.84730e-01 4.21596e-01 |
    161 | 2.26943e-01 1.42715e-03 | 1.84730e-01 4.21596e-01 |
    162 | 2.28371e-01 1.42715e-03 | 1.84730e-01 4.21596e-01 |
    163 | 2.29798e-01 1.42715e-03 | 1.84730e-01 4.21596e-01 |
    164 | 2.31225e-01 1.42715e-03 | 1.84730e-01 4.21596e-01 |
    165 | 2.32652e-01 1.42715e-03 | 1.84730e-01 4.21596e-01 |
    166 | 2.34079e-01 1.42715e-03 | 1.84730e-01 4.21596e-01 |
    167 | 2.35506e-01 1.42715e-03 | 1.84730e-01 4.21596e-01 |
    168 | 2.36933e-01 1.42715e-03 | 1.84730e-01 4.21596e-01 |
    169 | 2.38361e-01 1.42715e-03 | 1.84730e-01 4.21596e-01 |
    170 | 2.39788e-01 1.42715e-03 | 1.84730e-01 4.21596e-01 |
    171 | 2.41215e-01 1.42715e-03 | 1.84730e-01 4.21596e-01 |
    172 | 2.42642e-01 1.42715e-03 | 1.84730e-01 4.21596e-01 |
    173 | 2.44069e-01 1.42715e-03 | 1.84730e-01 4.21596e-01 |
    174 | 2.45496e-01 1.42715e-03 | 1.84730e-01 4.21596e-01 |
    175 | 2.46923e-01 1.42715e-03 | 1.84730e-01 4.21596e-01 |
    176 | 2.48351e-01 1.42715e-03 | 1.84730e-01 4.21596e-01 |
    177 | 2.49778e-01 1.42715e-03 | 1.84730e-01 4.21596e-01 |
    178 | 2.51205e-01 1.42715e-03 | 1.84730e-01 4.21596e-01 |
    179 | 2.52632e-01 1.42715e-03 | 1.84730e-01 4.21596e-01 |
    180 | 2.53117e-01 4.84600e-04 | 1.84730e-01 4.21596e-01 |
    181 | 2.54544e-01 1.42715e-03 | 1.84730e-01 4.21596e-01 |
    182 | 2.55971e-01 1.42715e-03 | 1.84730e-01 4.21596e-01 |
    183 | 2.57398e-01 1.42715e-03 | 1.84730e-01 4.21596e-01 |
    184 | 2.58825e-01 1.42715e-03 | 1.84730e-01 4.21596e-01 |
    185 | 2.60252e-01 1.42715e-03 | 1.84730e-01 4.21596e-01 |
    186 | 2.61680e-01 1.42715e-03 | 1.84730e-01 4.21596e-01 |
    187 | 2.63107e-01 1.42715e-03 | 1.84730e-01 4.21596e-01 |
    188 | 2.64534e-01 1.42715e-03 | 1.84730e-01 4.21596e-01 |
    189 | 2.65961e-01 1.42715e-03 | 1.84730e-01 4.21595e-01 |
    190 | 2.67388e-01 1.42715e-03 | 1.84730e-01 4.21595e-01 |
    191 | 2.68815e-01 1.42715e-03 | 1.84730e-01 4.21595e-01 |
    192 | 2.70242e-01 1.42715e-03 | 1.84730e-01 4.21595e-01 |
    193 | 2.71670e-01 1.42715e-03 | 1.84730e-01 4.21595e-01 |
    194 | 2.73097e-01 1.42715e-03 | 1.84730e-01 4.21595e-01 |
    195 | 2.74524e-01 1.42715e-03 | 1.84730e-01 4.21595e-01 |
    196 | 2.75951e-01 1.42715e-03 | 1.84730e-01 4.21595e-01 |
    197 | 2.77378e-01 1.42715e-03 | 1.84730e-01 4.21595e-01 |
    198 | 2.78805e-01 1.42715e-03 | 1.84730e-01 4.21595e-01 |
    199 | 2.80232e-01 1.42715e-03 | 1.84730e-01 4.21595e-01 |
    200 | 2.81660e-01 1.42715e-03 | 1.84730e-01 4.21595e-01 |
    201 | 2.83087e-01 1.42715e-03 | 1.84730e-01 4.21595e-01 |
    202 | 2.84514e-01 1.42715e-03 | 1.84730e-01 4.21595e-01 |
    203 | 2.85941e-01 1.42715e-03 | 1.84730e-01 4.21595e-01 |
    204 | 2.87368e-01 1.42715e-03 | 1.84730e-01 4.21595e-01 |
    205 | 2.88795e-01 1.42715e-03 | 1.84730e-01 4.21595e-01 |
    206 | 2.90223e-01 1.42715e-03 | 1.84730e-01 4.21595e-01 |
    207 | 2.91650e-01 1.42715e-03 | 1.84730e-01 4.21595e-01 |
    208 | 2.93077e-01 1.42715e-03 | 1.84730e-01 4.21595e-01 |
    209 | 2.94504e-01 1.42715e-03 | 1.84730e-01 4.21595e-01 |
    210 | 2.95931e-01 1.42715e-03 | 1.84730e-01 4.21595e-01 |
    211 | 2.97358e-01 1.42715e-03 | 1.84730e-01 4.21595e-01 |
    212 | 2.98785e-01 1.42715e-03 | 1.84730e-01 4.21595e-01 |
    213 | 3.00213e-01 1.42715e-03 | 1.84730e-01 4.21595e-01 |
    214 | 3.01640e-01 1.42715e-03 | 1.84730e-01 4.21595e-01 |
    215 | 3.03067e-01 1.42715e-03 | 1.84730e-01 4.21595e-01 |
    216 | 3.04494e-01 1.42715e-03 | 1.84730e-01 4.21595e-01 |
    217 | 3.05921e-01 1.42715e-03 | 1.84730e-01 4.21595e-01 |
    218 | 3.07348e-01 1.42715e-03 | 1.84730e-01 4.21595e-01 |
    219 | 3.08776e-01 1.42715e-03 | 1.84730e-01 4.21595e-01 |
    220 | 3.10203e-01 1.42715e-03 | 1.84730e-01 4.21595e-01 |
    221 | 3.11630e-01 1.42715e-03 | 1.84730e-01 4.21595e-01 |
    222 | 3.13057e-01 1.42715e-03 | 1.84730e-01 4.21595e-01 |
    223 | 3.14484e-01 1.42715e-03 | 1.84730e-01 4.21595e-01 |
    224 | 3.15911e-01 1.42715e-03 | 1.84730e-01 4.21595e-01 |
    225 | 3.16396e-01 4.84540e-04 | 1.84730e-01 4.21595e-01 |
    226 | 3.17823e-01 1.42715e-03 | 1.84730e-01 4.21595e-01 |
    227 | 3.19250e-01 1.42715e-03 | 1.84730e-01 4.21595e-01 |
    228 | 3.20677e-01 1.42715e-03 | 1.84730e-01 4.21595e-01 |
    229 | 3.22104e-01 1.42715e-03 | 1.84730e-01 4.21595e-01 |
    230 | 3.23532e-01 1.42715e-03 | 1.84730e-01 4.21595e-01 |
    231 | 3.24959e-01 1.42715e-03 | 1.84730e-01 4.21595e-01 |
    232 | 3.26386e-01 1.42715e-03 | 1.84730e-01 4.21595e-01 |
    233 | 3.27813e-01 1.42715e-03 | 1.84730e-01 4.21595e-01 |
    234 | 3.29240e-01 1.42715e-03 | 1.84730e-01 4.21594e-01 |
    235 | 3.30667e-01 1.42715e-03 | 1.84730e-01 4.21594e-01 |
    236 | 3.32094e-01 1.42715e-03 | 1.84730e-01 4.21594e-01 |
    237 | 3.33522e-01 1.42715e-03 | 1.84730e-01 4.21594e-01 |
    238 | 3.34949e-01 1.42715e-03 | 1.84730e-01 4.21594e-01 |
    239 | 3.36376e-01 1.42715e-03 | 1.84730e-01 4.21594e-01 |
    240 | 3.37803e-01 1.42715e-03 | 1.84730e-01 4.21594e-01 |
    241 | 3.39230e-01 1.42715e-03 | 1.84730e-01 4.21594e-01 |
    242 | 3.40657e-01 1.42715e-03 | 1.84730e-01 4.21594e-01 |
    243 | 3.42085e-01 1.42715e-03 | 1.84730e-01 4.21594e-01 |
    244 | 3.43512e-01 1.42715e-03 | 1.84730e-01 4.21594e-01 |
    245 | 3.44939e-01 1.42715e-03 | 1.84730e-01 4.21594e-01 |
    246 | 3.46366e-01 1.42715e-03 | 1.84730e-01 4.21594e-01 |
    247 | 3.47793e-01 1.42715e-03 | 1.84730e-01 4.21594e-01 |
    248 | 3.49220e-01 1.42715e-03 | 1.84730e-01 4.21594e-01 |
    249 | 3.50647e-01 1.42715e-03 | 1.84730e-01 4.21594e-01 |
    250 | 3.52075e-01 1.42715e-03 | 1.84730e-01 4.21594e-01 |
    251 | 3.53502e-01 1.42715e-03 | 1.84730e-01 4.21594e-01 |
    252 | 3.54929e-01 1.42715e-03 | 1.84730e-01 4.21594e-01 |
    253 | 3.56356e-01 1.42715e-03 | 1.84730e-01 4.21594e-01 |
    254 | 3.57783e-01 1.42715e-03 | 1.84730e-01 4.21594e-01 |
    255 | 3.59210e-01 1.42715e-03 | 1.84730e-01 4.21594e-01 |
    256 | 3.60638e-01 1.42715e-03 | 1.84730e-01 4.21594e-01 |
    257 | 3.62065e-01 1.42715e-03 | 1.84730e-01 4.21594e-01 |
    258 | 3.63492e-01 1.42715e-03 | 1.84730e-01 4.21594e-01 |
    259 | 3.64919e-01 1.42715e-03 | 1.84730e-01 4.21594e-01 |
    260 | 3.66346e-01 1.42715e-03 | 1.84730e-01 4.21594e-01 |
    261 | 3.67773e-01 1.42715e-03 | 1.84730e-01 4.21594e-01 |
    262 | 3.69200e-01 1.42715e-03 | 1.84730e-01 4.21594e-01 |
    263 | 3.70628e-01 1.42715e-03 | 1.84730e-01 4.21594e-01 |
    264 | 3.72055e-01 1.42715e-03 | 1.84730e-01 4.21594e-01 |
    265 | 3.73482e-01 1.42715e-03 | 1.84730e-01 4.21594e-01 |
    266 | 3.74909e-01 1.42715e-03 | 1.84730e-01 4.21594e-01 |
    267 | 3.76336e-01 1.42715e-03 | 1.84730e-01 4.21594e-01 |
    268 | 3.77763e-01 1.42715e-03 | 1.84730e-01 4.21594e-01 |
    269 | 3.79190e-01 1.42715e-03 | 1.84730e-01 4.21594e-01 |
    270 | 3.79675e-01 4.84479e-04 | 1.84730e-01 4.21594e-01 |
    271 | 3.81102e-01 1.42715e-03 | 1.84730e-01 4.21594e-01 |
    272 | 3.82529e-01 1.42715e-03 | 1.84730e-01 4.21594e-01 |
    273 | 3.83956e-01 1.42715e-03 | 1.84730e-01 4.21594e-01 |
    274 | 3.85384e-01 1.42715e-03 | 1.84730e-01 4.21594e-01 |
    275 | 3.86811e-01 1.42715e-03 | 1.84730e-01 4.21594e-01 |
    276 | 3.88238e-01 1.42715e-03 | 1.84730e-01 4.21594e-01 |
    277 | 3.89665e-01 1.42715e-03 | 1.84730e-01 4.21593e-01 |
    278 | 3.91092e-01 1.42715e-03 | 1.84730e-01 4.21593e-01 |
    279 | 3.92519e-01 1.42715e-03 | 1.84730e-01 4.21593e-01 |
    280 | 3.93947e-01 1.42715e-03 | 1.84730e-01 4.21593e-01 |
    281 | 3.95374e-01 1.42715e-03 | 1.84730e-01 4.21593e-01 |
    282 | 3.96801e-01 1.42715e-03 | 1.84730e-01 4.21593e-01 |
    283 | 3.98228e-01 1.42716e-03 | 1.84730e-01 4.21593e-01 |
    284 | 3.99655e-01 1.42715e-03 | 1.84730e-01 4.21593e-01 |
    285 | 4.01082e-01 1.42715e-03 | 1.84730e-01 4.21593e-01 |
    286 | 4.02509e-01 1.42716e-03 | 1.84730e-01 4.21593e-01 |
    287 | 4.03937e-01 1.42715e-03 | 1.84730e-01 4.21593e-01 |
    288 | 4.05364e-01 1.42715e-03 | 1.84730e-01 4.21593e-01 |
    289 | 4.06791e-01 1.42716e-03 | 1.84730e-01 4.21593e-01 |
    290 | 4.08218e-01 1.42715e-03 | 1.84730e-01 4.21593e-01 |
    291 | 4.09645e-01 1.42715e-03 | 1.84730e-01 4.21593e-01 |
    292 | 4.11072e-01 1.42716e-03 | 1.84730e-01 4.21593e-01 |
    293 | 4.12499e-01 1.42715e-03 | 1.84730e-01 4.21593e-01 |
    294 | 4.13927e-01 1.42715e-03 | 1.84730e-01 4.21593e-01 |
    295 | 4.15354e-01 1.42716e-03 | 1.84730e-01 4.21593e-01 |
    296 | 4.16781e-01 1.42715e-03 | 1.84730e-01 4.21593e-01 |
    297 | 4.18208e-01 1.42715e-03 | 1.84730e-01 4.21593e-01 |
    298 | 4.19635e-01 1.42716e-03 | 1.84730e-01 4.21593e-01 |
    299 | 4.21062e-01 1.42715e-03 | 1.84730e-01 4.21593e-01 |
    300 | 4.22490e-01 1.42715e-03 | 1.84730e-01 4.21593e-01 |
    301 | 4.23917e-01 1.42716e-03 | 1.84730e-01 4.21593e-01 |
    302 | 4.25344e-01 1.42715e-03 | 1.84730e-01 4.21593e-01 |
    303 | 4.26771e-01 1.42715e-03 | 1.84730e-01 4.21593e-01 |
    304 | 4.28198e-01 1.42715e-03 | 1.84730e-01 4.21593e-01 |
    305 | 4.29625e-01 1.42715e-03 | 1.84730e-01 4.21593e-01 |
    306 | 4.31052e-01 1.42715e-03 | 1.84730e-01 4.21593e-01 |
    307 | 4.32480e-01 1.42715e-03 | 1.84730e-01 4.21593e-01 |
    308 | 4.33907e-01 1.42715e-03 | 1.84730e-01 4.21593e-01 |
    309 | 4.35334e-01 1.42715e-03 | 1.84730e-01 4.21593e-01 |
    310 | 4.36761e-01 1.42715e-03 | 1.84730e-01 4.21593e-01 |
    311 | 4.38188e-01 1.42715e-03 | 1.84730e-01 4.21593e-01 |
    312 | 4.39615e-01 1.42715e-03 | 1.84730e-01 4.21593e-01 |
    313 | 4.41043e-01 1.42715e-03 | 1.84730e-01 4.21593e-01 |
    314 | 4.42470e-01 1.42715e-03 | 1.84730e-01 4.21593e-01 |
    315 | 4.42954e-01 4.84413e-04 | 1.84730e-01 4.21592e-01 |
    316 | 4.44381e-01 1.42715e-03 | 1.84730e-01 4.21593e-01 |
    317 | 4.45808e-01 1.42716e-03 | 1.84730e-01 4.21592e-01 |
    318 | 4.47236e-01 1.42715e-03 | 1.84730e-01 4.21592e-01 |
    319 | 4.48663e-01 1.42715e-03 | 1.84730e-01 4.21592e-01 |
    320 | 4.50090e-01 1.42716e-03 | 1.84730e-01 4.21592e-01 |
    321 | 4.51517e-01 1.42715e-03 | 1.84730e-01 4.21592e-01 |
    322 | 4.52944e-01 1.42715e-03 | 1.84730e-01 4.21592e-01 |
    323 | 4.54371e-01 1.42716e-03 | 1.84730e-01 4.21592e-01 |
    324 | 4.55799e-01 1.42715e-03 | 1.84730e-01 4.21592e-01 |
    325 | 4.57226e-01 1.42715e-03 | 1.84730e-01 4.21592e-01 |
    326 | 4.58653e-01 1.42716e-03 | 1.84730e-01 4.21592e-01 |
    327 | 4.60080e-01 1.42716e-03 | 1.84730e-01 4.21592e-01 |
    328 | 4.61507e-01 1.42715e-03 | 1.84730e-01 4.21592e-01 |
    329 | 4.62934e-01 1.42716e-03 | 1.84730e-01 4.21592e-01 |
    330 | 4.64361e-01 1.42716e-03 | 1.84730e-01 4.21592e-01 |
    331 | 4.65789e-01 1.42715e-03 | 1.84730e-01 4.21592e-01 |
    332 | 4.67216e-01 1.42715e-03 | 1.84730e-01 4.21592e-01 |
    333 | 4.68643e-01 1.42716e-03 | 1.84730e-01 4.21592e-01 |
    334 | 4.70070e-01 1.42715e-03 | 1.84730e-01 4.21592e-01 |
    335 | 4.71497e-01 1.42715e-03 | 1.84730e-01 4.21592e-01 |
    336 | 4.72924e-01 1.42716e-03 | 1.84730e-01 4.21592e-01 |
    337 | 4.74352e-01 1.42715e-03 | 1.84730e-01 4.21592e-01 |
    338 | 4.75779e-01 1.42715e-03 | 1.84730e-01 4.21592e-01 |
    339 | 4.77206e-01 1.42716e-03 | 1.84730e-01 4.21592e-01 |
    340 | 4.78633e-01 1.42715e-03 | 1.84730e-01 4.21592e-01 |
    341 | 4.80060e-01 1.42715e-03 | 1.84730e-01 4.21592e-01 |
    342 | 4.81487e-01 1.42716e-03 | 1.84730e-01 4.21592e-01 |
    343 | 4.82914e-01 1.42715e-03 | 1.84730e-01 4.21592e-01 |
    344 | 4.84342e-01 1.42715e-03 | 1.84730e-01 4.21592e-01 |
    345 | 4.85769e-01 1.42716e-03 | 1.84730e-01 4.21592e-01 |
    346 | 4.87196e-01 1.42715e-03 | 1.84730e-01 4.21592e-01 |
    347 | 4.88623e-01 1.42715e-03 | 1.84730e-01 4.21592e-01 |
    348 | 4.90050e-01 1.42716e-03 | 1.84730e-01 4.21592e-01 |
    349 | 4.91477e-01 1.42715e-03 | 1.84730e-01 4.21592e-01 |
    350 | 4.92905e-01 1.42715e-03 | 1.84730e-01 4.21592e-01 |
    351 | 4.94332e-01 1.42716e-03 | 1.84730e-01 4.21592e-01 |
    352 | 4.95759e-01 1.42715e-03 | 1.84730e-01 4.21591e-01 |
    353 | 4.97186e-01 1.42715e-03 | 1.84730e-01 4.21591e-01 |
    354 | 4.98613e-01 1.42716e-03 | 1.84730e-01 4.21591e-01 |
    355 | 5.00040e-01 1.42716e-03 | 1.84730e-01 4.21591e-01 |
    356 | 5.01467e-01 1.42715e-03 | 1.84730e-01 4.21591e-01 |
    357 | 5.02895e-01 1.42716e-03 | 1.84730e-01 4.21591e-01 |
    358 | 5.04322e-01 1.42716e-03 | 1.84730e-01 4.21591e-01 |
    359 | 5.05749e-01 1.42715e-03 | 1.84730e-01 4.21591e-01 |
    360 | 5.06233e-01 4.84341e-04 | 1.84730e-01 4.21591e-01 |
    361 | 5.07660e-01 1.42716e-03 | 1.84730e-01 4.21591e-01 |
    362 | 5.09088e-01 1.42716e-03 | 1.84730e-01 4.21591e-01 |
    363 | 5.10515e-01 1.42716e-03 | 1.84730e-01 4.21591e-01 |
    364 | 5.11942e-01 1.42716e-03 | 1.84730e-01 4.21591e-01 |
    365 | 5.13369e-01 1.42716e-03 | 1.84730e-01 4.21591e-01 |
    366 | 5.14796e-01 1.42716e-03 | 1.84730e-01 4.21591e-01 |
    367 | 5.16223e-01 1.42716e-03 | 1.84730e-01 4.21591e-01 |
    368 | 5.17651e-01 1.42716e-03 | 1.84730e-01 4.21591e-01 |
    369 | 5.19078e-01 1.42716e-03 | 1.84730e-01 4.21591e-01 |
    370 | 5.20505e-01 1.42716e-03 | 1.84730e-01 4.21591e-01 |
    371 | 5.21932e-01 1.42716e-03 | 1.84730e-01 4.21591e-01 |
    372 | 5.23359e-01 1.42716e-03 | 1.84730e-01 4.21591e-01 |
    373 | 5.24786e-01 1.42716e-03 | 1.84730e-01 4.21591e-01 |
    374 | 5.26213e-01 1.42716e-03 | 1.84730e-01 4.21591e-01 |
    375 | 5.27641e-01 1.42716e-03 | 1.84730e-01 4.21591e-01 |
    376 | 5.29068e-01 1.42716e-03 | 1.84730e-01 4.21591e-01 |
    377 | 5.30495e-01 1.42716e-03 | 1.84730e-01 4.21591e-01 |
    378 | 5.31922e-01 1.42716e-03 | 1.84730e-01 4.21591e-01 |
    379 | 5.33349e-01 1.42716e-03 | 1.84730e-01 4.21591e-01 |
    380 | 5.34776e-01 1.42716e-03 | 1.84730e-01 4.21591e-01 |
    381 | 5.36204e-01 1.42716e-03 | 1.84730e-01 4.21591e-01 |
    382 | 5.37631e-01 1.42716e-03 | 1.84730e-01 4.21591e-01 |
    383 | 5.39058e-01 1.42716e-03 | 1.84730e-01 4.21591e-01 |
    384 | 5.40485e-01 1.42716e-03 | 1.84730e-01 4.21591e-01 |
    385 | 5.41912e-01 1.42716e-03 | 1.84730e-01 4.21590e-01 |
    386 | 5.43339e-01 1.42716e-03 | 1.84730e-01 4.21590e-01 |
    387 | 5.44767e-01 1.42716e-03 | 1.84730e-01 4.21590e-01 |
    388 | 5.46194e-01 1.42716e-03 | 1.84730e-01 4.21590e-01 |
    389 | 5.47621e-01 1.42716e-03 | 1.84730e-01 4.21590e-01 |
    390 | 5.49048e-01 1.42716e-03 | 1.84730e-01 4.21590e-01 |
    391 | 5.50475e-01 1.42716e-03 | 1.84730e-01 4.21590e-01 |
    392 | 5.51902e-01 1.42716e-03 | 1.84730e-01 4.21590e-01 |
    393 | 5.53329e-01 1.42716e-03 | 1.84730e-01 4.21590e-01 |
    394 | 5.54757e-01 1.42716e-03 | 1.84730e-01 4.21590e-01 |
    395 | 5.56184e-01 1.42716e-03 | 1.84730e-01 4.21590e-01 |
    396 | 5.57611e-01 1.42716e-03 | 1.84730e-01 4.21590e-01 |
    397 | 5.59038e-01 1.42716e-03 | 1.84730e-01 4.21590e-01 |
    398 | 5.60465e-01 1.42716e-03 | 1.84730e-01 4.21590e-01 |
    399 | 5.61892e-01 1.42716e-03 | 1.84730e-01 4.21590e-01 |
    400 | 5.63320e-01 1.42716e-03 | 1.84730e-01 4.21590e-01 |
    401 | 5.64747e-01 1.42716e-03 | 1.84730e-01 4.21590e-01 |
    402 | 5.66174e-01 1.42716e-03 | 1.84730e-01 4.21590e-01 |
    403 | 5.67601e-01 1.42716e-03 | 1.84730e-01 4.21590e-01 |
    404 | 5.69028e-01 1.42716e-03 | 1.84731e-01 4.21590e-01 |
    405 | 5.69512e-01 4.84249e-04 | 1.84730e-01 4.21590e-01 |
    406 | 5.70940e-01 1.42716e-03 | 1.84731e-01 4.21590e-01 |
    407 | 5.72367e-01 1.42716e-03 | 1.84731e-01 4.21590e-01 |
    408 | 5.73794e-01 1.42716e-03 | 1.84731e-01 4.21590e-01 |
    409 | 5.75221e-01 1.42716e-03 | 1.84731e-01 4.21590e-01 |
    410 | 5.76648e-01 1.42716e-03 | 1.84731e-01 4.21590e-01 |
    411 | 5.78075e-01 1.42716e-03 | 1.84731e-01 4.21590e-01 |
    412 | 5.79503e-01 1.42716e-03 | 1.84731e-01 4.21590e-01 |
    413 | 5.80930e-01 1.42716e-03 | 1.84731e-01 4.21590e-01 |
    414 | 5.82357e-01 1.42716e-03 | 1.84731e-01 4.21590e-01 |
    415 | 5.83784e-01 1.42716e-03 | 1.84731e-01 4.21589e-01 |
    416 | 5.85211e-01 1.42716e-03 | 1.84731e-01 4.21589e-01 |
    417 | 5.86638e-01 1.42716e-03 | 1.84731e-01 4.21589e-01 |
    418 | 5.88066e-01 1.42716e-03 | 1.84731e-01 4.21589e-01 |
    419 | 5.89493e-01 1.42716e-03 | 1.84731e-01 4.21589e-01 |
    420 | 5.90920e-01 1.42716e-03 | 1.84731e-01 4.21589e-01 |
    421 | 5.92347e-01 1.42716e-03 | 1.84731e-01 4.21589e-01 |
    422 | 5.93774e-01 1.42716e-03 | 1.84731e-01 4.21589e-01 |
    423 | 5.95201e-01 1.42716e-03 | 1.84731e-01 4.21589e-01 |
    424 | 5.96628e-01 1.42716e-03 | 1.84731e-01 4.21589e-01 |
    425 | 5.98056e-01 1.42716e-03 | 1.84731e-01 4.21589e-01 |
    426 | 5.99483e-01 1.42716e-03 | 1.84731e-01 4.21589e-01 |
    427 | 6.00910e-01 1.42716e-03 | 1.84731e-01 4.21589e-01 |
    428 | 6.02337e-01 1.42716e-03 | 1.84731e-01 4.21589e-01 |
    429 | 6.03764e-01 1.42716e-03 | 1.84731e-01 4.21589e-01 |
    430 | 6.05191e-01 1.42716e-03 | 1.84731e-01 4.21589e-01 |
    431 | 6.06619e-01 1.42716e-03 | 1.84731e-01 4.21589e-01 |
    432 | 6.08046e-01 1.42716e-03 | 1.84731e-01 4.21589e-01 |
    433 | 6.09473e-01 1.42716e-03 | 1.84731e-01 4.21589e-01 |
    434 | 6.10900e-01 1.42716e-03 | 1.84731e-01 4.21589e-01 |
    435 | 6.12327e-01 1.42716e-03 | 1.84731e-01 4.21589e-01 |
    436 | 6.13754e-01 1.42716e-03 | 1.84731e-01 4.21589e-01 |
    437 | 6.15182e-01 1.42716e-03 | 1.84731e-01 4.21589e-01 |
    438 | 6.16609e-01 1.42716e-03 | 1.84731e-01 4.21589e-01 |
    439 | 6.18036e-01 1.42716e-03 | 1.84731e-01 4.21589e-01 |
    440 | 6.19463e-01 1.42716e-03 | 1.84731e-01 4.21589e-01 |
    441 | 6.20890e-01 1.42716e-03 | 1.84731e-01 4.21588e-01 |
    442 | 6.22317e-01 1.42716e-03 | 1.84731e-01 4.21588e-01 |
    443 | 6.23745e-01 1.42716e-03 | 1.84731e-01 4.21588e-01 |
    444 | 6.25172e-01 1.42716e-03 | 1.84731e-01 4.21588e-01 |
    445 | 6.26599e-01 1.42716e-03 | 1.84731e-01 4.21588e-01 |
    446 | 6.28026e-01 1.42716e-03 | 1.84731e-01 4.21588e-01 |
    447 | 6.29453e-01 1.42716e-03 | 1.84731e-01 4.21588e-01 |
    448 | 6.30880e-01 1.42716e-03 | 1.84731e-01 4.21588e-01 |
    449 | 6.32307e-01 1.42716e-03 | 1.84731e-01 4.21588e-01 |
    450 | 6.32792e-01 4.84150e-04 | 1.84731e-01 4.21588e-01 |
    451 | 6.34219e-01 1.42716e-03 | 1.84731e-01 4.21588e-01 |
    452 | 6.35646e-01 1.42716e-03 | 1.84731e-01 4.21588e-01 |
    453 | 6.37073e-01 1.42716e-03 | 1.84731e-01 4.21588e-01 |
    454 | 6.38500e-01 1.42716e-03 | 1.84731e-01 4.21588e-01 |
    455 | 6.39927e-01 1.42716e-03 | 1.84731e-01 4.21588e-01 |
    456 | 6.41355e-01 1.42716e-03 | 1.84731e-01 4.21588e-01 |
    457 | 6.42782e-01 1.42716e-03 | 1.84731e-01 4.21588e-01 |
    458 | 6.44209e-01 1.42716e-03 | 1.84731e-01 4.21588e-01 |
    459 | 6.45636e-01 1.42716e-03 | 1.84731e-01 4.21588e-01 |
    460 | 6.47063e-01 1.42716e-03 | 1.84731e-01 4.21588e-01 |
    461 | 6.48490e-01 1.42716e-03 | 1.84731e-01 4.21588e-01 |
    462 | 6.49918e-01 1.42716e-03 | 1.84731e-01 4.21588e-01 |
    463 | 6.51345e-01 1.42716e-03 | 1.84731e-01 4.21588e-01 |
    464 | 6.52772e-01 1.42716e-03 | 1.84731e-01 4.21588e-01 |
    465 | 6.54199e-01 1.42716e-03 | 1.84731e-01 4.21587e-01 |
    466 | 6.55626e-01 1.42716e-03 | 1.84731e-01 4.21587e-01 |
    467 | 6.57053e-01 1.42716e-03 | 1.84731e-01 4.21587e-01 |
    468 | 6.58481e-01 1.42716e-03 | 1.84731e-01 4.21587e-01 |
    469 | 6.59908e-01 1.42716e-03 | 1.84731e-01 4.21587e-01 |
    470 | 6.61335e-01 1.42716e-03 | 1.84731e-01 4.21587e-01 |
    471 | 6.62762e-01 1.42716e-03 | 1.84731e-01 4.21587e-01 |
    472 | 6.64189e-01 1.42716e-03 | 1.84731e-01 4.21587e-01 |
    473 | 6.65616e-01 1.42716e-03 | 1.84731e-01 4.21587e-01 |
    474 | 6.67043e-01 1.42716e-03 | 1.84731e-01 4.21587e-01 |
    475 | 6.68471e-01 1.42716e-03 | 1.84731e-01 4.21587e-01 |
    476 | 6.69898e-01 1.42716e-03 | 1.84731e-01 4.21587e-01 |
    477 | 6.71325e-01 1.42716e-03 | 1.84731e-01 4.21587e-01 |
    478 | 6.72752e-01 1.42716e-03 | 1.84731e-01 4.21587e-01 |
    479 | 6.74179e-01 1.42716e-03 | 1.84731e-01 4.21587e-01 |
    480 | 6.75606e-01 1.42716e-03 | 1.84731e-01 4.21587e-01 |
    481 | 6.77034e-01 1.42716e-03 | 1.84731e-01 4.21587e-01 |
    482 | 6.78461e-01 1.42717e-03 | 1.84731e-01 4.21587e-01 |
    483 | 6.79888e-01 1.42716e-03 | 1.84731e-01 4.21587e-01 |
    484 | 6.81315e-01 1.42716e-03 | 1.84731e-01 4.21587e-01 |
    485 | 6.82742e-01 1.42717e-03 | 1.84731e-01 4.21587e-01 |
    486 | 6.84169e-01 1.42716e-03 | 1.84731e-01 4.21587e-01 |
    487 | 6.85597e-01 1.42716e-03 | 1.84731e-01 4.21586e-01 |
    488 | 6.87024e-01 1.42717e-03 | 1.84731e-01 4.21586e-01 |
    489 | 6.88451e-01 1.42716e-03 | 1.84731e-01 4.21586e-01 |
    490 | 6.89878e-01 1.42716e-03 | 1.84731e-01 4.21586e-01 |
    491 | 6.91305e-01 1.42717e-03 | 1.84731e-01 4.21586e-01 |
    492 | 6.92732e-01 1.42716e-03 | 1.84731e-01 4.21586e-01 |
    493 | 6.94160e-01 1.42716e-03 | 1.84731e-01 4.21586e-01 |
    494 | 6.95587e-01 1.42717e-03 | 1.84731e-01 4.21586e-01 |
    495 | 6.96071e-01 4.84031e-04 | 1.84731e-01 4.21586e-01 |
    496 | 6.97498e-01 1.42716e-03 | 1.84731e-01 4.21586e-01 |
    497 | 6.98925e-01 1.42716e-03 | 1.84731e-01 4.21586e-01 |
    498 | 7.00352e-01 1.42717e-03 | 1.84731e-01 4.21586e-01 |
    499 | 7.01779e-01 1.42716e-03 | 1.84731e-01 4.21586e-01 |
    500 | 7.03207e-01 1.42716e-03 | 1.84731e-01 4.21586e-01 |
    501 | 7.04634e-01 1.42717e-03 | 1.84731e-01 4.21586e-01 |
    502 | 7.06061e-01 1.42716e-03 | 1.84731e-01 4.21586e-01 |
    503 | 7.07488e-01 1.42716e-03 | 1.84731e-01 4.21586e-01 |
    504 | 7.08915e-01 1.42717e-03 | 1.84731e-01 4.21586e-01 |
    505 | 7.10342e-01 1.42716e-03 | 1.84731e-01 4.21586e-01 |
    506 | 7.11770e-01 1.42716e-03 | 1.84731e-01 4.21586e-01 |
    507 | 7.13197e-01 1.42717e-03 | 1.84731e-01 4.21586e-01 |
    508 | 7.14624e-01 1.42716e-03 | 1.84731e-01 4.21585e-01 |
    509 | 7.16051e-01 1.42716e-03 | 1.84731e-01 4.21585e-01 |
    510 | 7.17478e-01 1.42717e-03 | 1.84731e-01 4.21585e-01 |
    511 | 7.18905e-01 1.42716e-03 | 1.84731e-01 4.21585e-01 |
    512 | 7.20333e-01 1.42716e-03 | 1.84731e-01 4.21585e-01 |
    513 | 7.21760e-01 1.42717e-03 | 1.84731e-01 4.21585e-01 |
    514 | 7.23187e-01 1.42716e-03 | 1.84731e-01 4.21585e-01 |
    515 | 7.24614e-01 1.42716e-03 | 1.84731e-01 4.21585e-01 |
    516 | 7.26041e-01 1.42717e-03 | 1.84731e-01 4.21585e-01 |
    517 | 7.27468e-01 1.42717e-03 | 1.84731e-01 4.21585e-01 |
    518 | 7.28896e-01 1.42716e-03 | 1.84731e-01 4.21585e-01 |
    519 | 7.30323e-01 1.42717e-03 | 1.84731e-01 4.21585e-01 |
    520 | 7.31750e-01 1.42717e-03 | 1.84731e-01 4.21585e-01 |
    521 | 7.33177e-01 1.42716e-03 | 1.84731e-01 4.21585e-01 |
    522 | 7.34604e-01 1.42717e-03 | 1.84731e-01 4.21585e-01 |
    523 | 7.36031e-01 1.42717e-03 | 1.84731e-01 4.21585e-01 |
    524 | 7.37459e-01 1.42716e-03 | 1.84731e-01 4.21585e-01 |
    525 | 7.38886e-01 1.42717e-03 | 1.84731e-01 4.21585e-01 |
    526 | 7.40313e-01 1.42717e-03 | 1.84731e-01 4.21585e-01 |
    527 | 7.41740e-01 1.42716e-03 | 1.84731e-01 4.21584e-01 |
    528 | 7.43167e-01 1.42717e-03 | 1.84731e-01 4.21584e-01 |
    529 | 7.44594e-01 1.42717e-03 | 1.84731e-01 4.21584e-01 |
    530 | 7.46022e-01 1.42716e-03 | 1.84731e-01 4.21584e-01 |
    531 | 7.47449e-01 1.42717e-03 | 1.84731e-01 4.21584e-01 |
    532 | 7.48876e-01 1.42717e-03 | 1.84731e-01 4.21584e-01 |
    533 | 7.50303e-01 1.42716e-03 | 1.84731e-01 4.21584e-01 |
    534 | 7.51730e-01 1.42717e-03 | 1.84731e-01 4.21584e-01 |
    535 | 7.53157e-01 1.42717e-03 | 1.84731e-01 4.21584e-01 |
    536 | 7.54585e-01 1.42717e-03 | 1.84731e-01 4.21584e-01 |
    537 | 7.56012e-01 1.42717e-03 | 1.84731e-01 4.21584e-01 |
    538 | 7.57439e-01 1.42717e-03 | 1.84731e-01 4.21584e-01 |
    539 | 7.58866e-01 1.42717e-03 | 1.84731e-01 4.21584e-01 |
    540 | 7.59350e-01 4.83902e-04 | 1.84731e-01 4.21584e-01 |
    541 | 7.60777e-01 1.42717e-03 | 1.84731e-01 4.21584e-01 |
    542 | 7.62204e-01 1.42717e-03 | 1.84731e-01 4.21584e-01 |
    543 | 7.63631e-01 1.42717e-03 | 1.84731e-01 4.21584e-01 |
    544 | 7.65059e-01 1.42717e-03 | 1.84731e-01 4.21584e-01 |
    545 | 7.66486e-01 1.42717e-03 | 1.84731e-01 4.21583e-01 |
    546 | 7.67913e-01 1.42717e-03 | 1.84731e-01 4.21583e-01 |
    547 | 7.69340e-01 1.42717e-03 | 1.84731e-01 4.21583e-01 |
    548 | 7.70767e-01 1.42717e-03 | 1.84731e-01 4.21583e-01 |
    549 | 7.72194e-01 1.42717e-03 | 1.84731e-01 4.21583e-01 |
    550 | 7.73622e-01 1.42717e-03 | 1.84731e-01 4.21583e-01 |
    551 | 7.75049e-01 1.42717e-03 | 1.84731e-01 4.21583e-01 |
    552 | 7.76476e-01 1.42717e-03 | 1.84731e-01 4.21583e-01 |
    553 | 7.77903e-01 1.42717e-03 | 1.84731e-01 4.21583e-01 |
    554 | 7.79330e-01 1.42717e-03 | 1.84731e-01 4.21583e-01 |
    555 | 7.80757e-01 1.42717e-03 | 1.84731e-01 4.21583e-01 |
    556 | 7.82185e-01 1.42717e-03 | 1.84731e-01 4.21583e-01 |
    557 | 7.83612e-01 1.42717e-03 | 1.84731e-01 4.21583e-01 |
    558 | 7.85039e-01 1.42717e-03 | 1.84731e-01 4.21583e-01 |
    559 | 7.86466e-01 1.42717e-03 | 1.84731e-01 4.21583e-01 |
    560 | 7.87893e-01 1.42717e-03 | 1.84731e-01 4.21583e-01 |
    561 | 7.89320e-01 1.42717e-03 | 1.84731e-01 4.21582e-01 |
    562 | 7.90748e-01 1.42717e-03 | 1.84731e-01 4.21582e-01 |
    563 | 7.92175e-01 1.42717e-03 | 1.84731e-01 4.21582e-01 |
    564 | 7.93602e-01 1.42717e-03 | 1.84731e-01 4.21582e-01 |
    565 | 7.95029e-01 1.42717e-03 | 1.84731e-01 4.21582e-01 |
    566 | 7.96456e-01 1.42717e-03 | 1.84731e-01 4.21582e-01 |
    567 | 7.97883e-01 1.42717e-03 | 1.84731e-01 4.21582e-01 |
    568 | 7.99311e-01 1.42717e-03 | 1.84731e-01 4.21582e-01 |
    569 | 8.00738e-01 1.42717e-03 | 1.84731e-01 4.21582e-01 |
    570 | 8.02165e-01 1.42717e-03 | 1.84731e-01 4.21582e-01 |
    571 | 8.03592e-01 1.42717e-03 | 1.84731e-01 4.21582e-01 |
    572 | 8.05019e-01 1.42717e-03 | 1.84731e-01 4.21582e-01 |
    573 | 8.06446e-01 1.42717e-03 | 1.84731e-01 4.21582e-01 |
    574 | 8.07874e-01 1.42717e-03 | 1.84731e-01 4.21582e-01 |
    575 | 8.09301e-01 1.42717e-03 | 1.84731e-01 4.21582e-01 |
    576 | 8.10728e-01 1.42717e-03 | 1.84731e-01 4.21582e-01 |
    577 | 8.12155e-01 1.42717e-03 | 1.84731e-01 4.21581e-01 |
    578 | 8.13582e-01 1.42717e-03 | 1.84731e-01 4.21581e-01 |
    579 | 8.15010e-01 1.42717e-03 | 1.84731e-01 4.21581e-01 |
    580 | 8.16437e-01 1.42717e-03 | 1.84731e-01 4.21581e-01 |
    581 | 8.17864e-01 1.42717e-03 | 1.84731e-01 4.21581e-01 |
    582 | 8.19291e-01 1.42717e-03 | 1.84731e-01 4.21581e-01 |
    583 | 8.20718e-01 1.42717e-03 | 1.84731e-01 4.21581e-01 |
    584 | 8.22145e-01 1.42717e-03 | 1.84731e-01 4.21581e-01 |
    585 | 8.22629e-01 4.83751e-04 | 1.84731e-01 4.21581e-01 |
    586 | 8.24056e-01 1.42717e-03 | 1.84731e-01 4.21581e-01 |
    587 | 8.25483e-01 1.42717e-03 | 1.84731e-01 4.21581e-01 |
    588 | 8.26911e-01 1.42717e-03 | 1.84731e-01 4.21581e-01 |
    589 | 8.28338e-01 1.42717e-03 | 1.84731e-01 4.21581e-01 |
    590 | 8.29765e-01 1.42717e-03 | 1.84731e-01 4.21581e-01 |
    591 | 8.31192e-01 1.42717e-03 | 1.84731e-01 4.21581e-01 |
    592 | 8.32619e-01 1.42717e-03 | 1.84731e-01 4.21580e-01 |
    593 | 8.34046e-01 1.42717e-03 | 1.84731e-01 4.21580e-01 |
    594 | 8.35474e-01 1.42717e-03 | 1.84731e-01 4.21580e-01 |
    595 | 8.36901e-01 1.42717e-03 | 1.84731e-01 4.21580e-01 |
    596 | 8.38328e-01 1.42717e-03 | 1.84731e-01 4.21580e-01 |
    597 | 8.39755e-01 1.42717e-03 | 1.84731e-01 4.21580e-01 |
    598 | 8.41182e-01 1.42717e-03 | 1.84731e-01 4.21580e-01 |
    599 | 8.42610e-01 1.42717e-03 | 1.84731e-01 4.21580e-01 |
    600 | 8.44037e-01 1.42717e-03 | 1.84731e-01 4.21580e-01 |
    601 | 8.45464e-01 1.42717e-03 | 1.84731e-01 4.21580e-01 |
    602 | 8.46891e-01 1.42717e-03 | 1.84731e-01 4.21580e-01 |
    603 | 8.48318e-01 1.42717e-03 | 1.84731e-01 4.21580e-01 |
    604 | 8.49745e-01 1.42717e-03 | 1.84731e-01 4.21580e-01 |
    605 | 8.51173e-01 1.42717e-03 | 1.84731e-01 4.21580e-01 |
    606 | 8.52600e-01 1.42717e-03 | 1.84731e-01 4.21579e-01 |
    607 | 8.54027e-01 1.42717e-03 | 1.84731e-01 4.21579e-01 |
    608 | 8.55454e-01 1.42717e-03 | 1.84731e-01 4.21579e-01 |
    609 | 8.56881e-01 1.42717e-03 | 1.84731e-01 4.21579e-01 |
    610 | 8.58308e-01 1.42717e-03 | 1.84731e-01 4.21579e-01 |
    611 | 8.59736e-01 1.42717e-03 | 1.84731e-01 4.21579e-01 |
    612 | 8.61163e-01 1.42717e-03 | 1.84731e-01 4.21579e-01 |
    613 | 8.62590e-01 1.42717e-03 | 1.84731e-01 4.21579e-01 |
    614 | 8.64017e-01 1.42717e-03 | 1.84731e-01 4.21579e-01 |
    615 | 8.65444e-01 1.42717e-03 | 1.84731e-01 4.21579e-01 |
    616 | 8.66871e-01 1.42718e-03 | 1.84731e-01 4.21579e-01 |
    617 | 8.68299e-01 1.42717e-03 | 1.84731e-01 4.21579e-01 |
    618 | 8.69726e-01 1.42717e-03 | 1.84731e-01 4.21579e-01 |
    619 | 8.71153e-01 1.42718e-03 | 1.84731e-01 4.21578e-01 |
    620 | 8.72580e-01 1.42717e-03 | 1.84731e-01 4.21578e-01 |
    621 | 8.74007e-01 1.42717e-03 | 1.84731e-01 4.21578e-01 |
    622 | 8.75434e-01 1.42718e-03 | 1.84731e-01 4.21578e-01 |
    623 | 8.76862e-01 1.42717e-03 | 1.84731e-01 4.21578e-01 |
    624 | 8.78289e-01 1.42717e-03 | 1.84731e-01 4.21578e-01 |
    625 | 8.79716e-01 1.42718e-03 | 1.84731e-01 4.21578e-01 |
    626 | 8.81143e-01 1.42717e-03 | 1.84731e-01 4.21578e-01 |
    627 | 8.82570e-01 1.42717e-03 | 1.84731e-01 4.21578e-01 |
    628 | 8.83998e-01 1.42718e-03 | 1.84731e-01 4.21578e-01 |
    629 | 8.85425e-01 1.42717e-03 | 1.84731e-01 4.21578e-01 |
    630 | 8.85908e-01 4.83580e-04 | 1.84731e-01 4.21578e-01 |
    631 | 8.87335e-01 1.42717e-03 | 1.84732e-01 4.21578e-01 |
    632 | 8.88763e-01 1.42718e-03 | 1.84732e-01 4.21578e-01 |
    633 | 8.90190e-01 1.42717e-03 | 1.84732e-01 4.21577e-01 |
    634 | 8.91617e-01 1.42717e-03 | 1.84732e-01 4.21577e-01 |
    635 | 8.93044e-01 1.42718e-03 | 1.84732e-01 4.21577e-01 |
    636 | 8.94471e-01 1.42717e-03 | 1.84732e-01 4.21577e-01 |
    637 | 8.95898e-01 1.42717e-03 | 1.84732e-01 4.21577e-01 |
    638 | 8.97326e-01 1.42718e-03 | 1.84732e-01 4.21577e-01 |
    639 | 8.98753e-01 1.42717e-03 | 1.84732e-01 4.21577e-01 |
    640 | 9.00180e-01 1.42717e-03 | 1.84732e-01 4.21577e-01 |
    641 | 9.01607e-01 1.42718e-03 | 1.84732e-01 4.21577e-01 |
    642 | 9.03034e-01 1.42718e-03 | 1.84732e-01 4.21577e-01 |
    643 | 9.04462e-01 1.42717e-03 | 1.84732e-01 4.21577e-01 |
    644 | 9.05889e-01 1.42718e-03 | 1.84732e-01 4.21577e-01 |
    645 | 9.07316e-01 1.42718e-03 | 1.84732e-01 4.21576e-01 |
    646 | 9.08743e-01 1.42717e-03 | 1.84732e-01 4.21576e-01 |
    647 | 9.10170e-01 1.42718e-03 | 1.84732e-01 4.21576e-01 |
    648 | 9.11597e-01 1.42718e-03 | 1.84732e-01 4.21576e-01 |
    649 | 9.13025e-01 1.42718e-03 | 1.84732e-01 4.21576e-01 |
    650 | 9.14452e-01 1.42718e-03 | 1.84732e-01 4.21576e-01 |
    651 | 9.15879e-01 1.42718e-03 | 1.84732e-01 4.21576e-01 |
    652 | 9.17306e-01 1.42718e-03 | 1.84732e-01 4.21576e-01 |
    653 | 9.18733e-01 1.42718e-03 | 1.84732e-01 4.21576e-01 |
    654 | 9.20160e-01 1.42718e-03 | 1.84732e-01 4.21576e-01 |
    655 | 9.21588e-01 1.42718e-03 | 1.84732e-01 4.21576e-01 |
    656 | 9.23015e-01 1.42718e-03 | 1.84732e-01 4.21575e-01 |
    657 | 9.24442e-01 1.42718e-03 | 1.84732e-01 4.21575e-01 |
    658 | 9.25869e-01 1.42718e-03 | 1.84732e-01 4.21575e-01 |
    659 | 9.27296e-01 1.42718e-03 | 1.84732e-01 4.21575e-01 |
    660 | 9.28724e-01 1.42718e-03 | 1.84732e-01 4.21575e-01 |
    661 | 9.30151e-01 1.42718e-03 | 1.84732e-01 4.21575e-01 |
    662 | 9.31578e-01 1.42718e-03 | 1.84732e-01 4.21575e-01 |
    663 | 9.33005e-01 1.42718e-03 | 1.84732e-01 4.21575e-01 |
    664 | 9.34432e-01 1.42718e-03 | 1.84732e-01 4.21575e-01 |
    665 | 9.35859e-01 1.42718e-03 | 1.84732e-01 4.21575e-01 |
    666 | 9.37287e-01 1.42718e-03 | 1.84732e-01 4.21575e-01 |
    667 | 9.38714e-01 1.42718e-03 | 1.84732e-01 4.21574e-01 |
    668 | 9.40141e-01 1.42718e-03 | 1.84732e-01 4.21574e-01 |
    669 | 9.41568e-01 1.42718e-03 | 1.84732e-01 4.21574e-01 |
    670 | 9.42995e-01 1.42718e-03 | 1.84732e-01 4.21574e-01 |
    671 | 9.44423e-01 1.42718e-03 | 1.84732e-01 4.21574e-01 |
    672 | 9.45850e-01 1.42718e-03 | 1.84732e-01 4.21574e-01 |
    673 | 9.47277e-01 1.42718e-03 | 1.84732e-01 4.21574e-01 |
    674 | 9.48704e-01 1.42718e-03 | 1.84732e-01 4.21574e-01 |
    675 | 9.49187e-01 4.83380e-04 | 1.84732e-01 4.21574e-01 |
    676 | 9.50615e-01 1.42718e-03 | 1.84732e-01 4.21574e-01 |
    677 | 9.52042e-01 1.42718e-03 | 1.84732e-01 4.21574e-01 |
    678 | 9.53469e-01 1.42718e-03 | 1.84732e-01 4.21574e-01 |
    679 | 9.54896e-01 1.42718e-03 | 1.84732e-01 4.21573e-01 |
    680 | 9.56323e-01 1.42718e-03 | 1.84732e-01 4.21573e-01 |
    681 | 9.57751e-01 1.42718e-03 | 1.84732e-01 4.21573e-01 |
    682 | 9.59178e-01 1.42718e-03 | 1.84732e-01 4.21573e-01 |
    683 | 9.60605e-01 1.42718e-03 | 1.84732e-01 4.21573e-01 |
    684 | 9.62032e-01 1.42718e-03 | 1.84732e-01 4.21573e-01 |
    685 | 9.63459e-01 1.42718e-03 | 1.84732e-01 4.21573e-01 |
    686 | 9.64886e-01 1.42718e-03 | 1.84732e-01 4.21573e-01 |
    687 | 9.66314e-01 1.42718e-03 | 1.84732e-01 4.21573e-01 |
    688 | 9.67741e-01 1.42718e-03 | 1.84732e-01 4.21573e-01 |
    689 | 9.69168e-01 1.42718e-03 | 1.84732e-01 4.21572e-01 |
    690 | 9.70595e-01 1.42718e-03 | 1.84732e-01 4.21572e-01 |
    691 | 9.72022e-01 1.42718e-03 | 1.84732e-01 4.21572e-01 |
    692 | 9.73450e-01 1.42718e-03 | 1.84732e-01 4.21572e-01 |
    693 | 9.74877e-01 1.42718e-03 | 1.84732e-01 4.21572e-01 |
    694 | 9.76304e-01 1.42718e-03 | 1.84732e-01 4.21572e-01 |
    695 | 9.77731e-01 1.42718e-03 | 1.84732e-01 4.21572e-01 |
    696 | 9.79158e-01 1.42718e-03 | 1.84732e-01 4.21572e-01 |
    697 | 9.80585e-01 1.42718e-03 | 1.84732e-01 4.21572e-01 |
    698 | 9.82013e-01 1.42718e-03 | 1.84732e-01 4.21572e-01 |
    699 | 9.83440e-01 1.42718e-03 | 1.84732e-01 4.21571e-01 |
    700 | 9.84867e-01 1.42718e-03 | 1.84732e-01 4.21571e-01 |
    701 | 9.86294e-01 1.42718e-03 | 1.84732e-01 4.21571e-01 |
    702 | 9.87721e-01 1.42718e-03 | 1.84732e-01 4.21571e-01 |
    703 | 9.89149e-01 1.42718e-03 | 1.84732e-01 4.21571e-01 |
    704 | 9.90576e-01 1.42718e-03 | 1.84732e-01 4.21571e-01 |
    705 | 9.92003e-01 1.42718e-03 | 1.84732e-01 4.21571e-01 |
    706 | 9.93430e-01 1.42718e-03 | 1.84732e-01 4.21571e-01 |
    707 | 9.94857e-01 1.42718e-03 | 1.84732e-01 4.21571e-01 |
    708 | 9.96284e-01 1.42718e-03 | 1.84732e-01 4.21571e-01 |
    709 | 9.97712e-01 1.42718e-03 | 1.84732e-01 4.21570e-01 |
    710 | 9.99139e-01 1.42718e-03 | 1.84732e-01 4.21570e-01 |
    711 | 1.00057e+00 1.42718e-03 | 1.84732e-01 4.21570e-01 |
    712 | 1.00199e+00 1.42718e-03 | 1.84732e-01 4.21570e-01 |
    713 | 1.00342e+00 1.42718e-03 | 1.84732e-01 4.21570e-01 |
    714 | 1.00485e+00 1.42718e-03 | 1.84732e-01 4.21570e-01 |
    715 | 1.00627e+00 1.42719e-03 | 1.84732e-01 4.21570e-01 |
    716 | 1.00770e+00 1.42719e-03 | 1.84732e-01 4.21570e-01 |
    717 | 1.00913e+00 1.42718e-03 | 1.84732e-01 4.21570e-01 |
    718 | 1.01056e+00 1.42719e-03 | 1.84732e-01 4.21569e-01 |
    719 | 1.01198e+00 1.42719e-03 | 1.84732e-01 4.21569e-01 |
    720 | 1.01247e+00 4.83145e-04 | 1.84732e-01 4.21569e-01 |
    721 | 1.01389e+00 1.42718e-03 | 1.84732e-01 4.21569e-01 |
    722 | 1.01532e+00 1.42719e-03 | 1.84732e-01 4.21569e-01 |
    723 | 1.01675e+00 1.42719e-03 | 1.84732e-01 4.21569e-01 |
    724 | 1.01818e+00 1.42718e-03 | 1.84732e-01 4.21569e-01 |
    725 | 1.01960e+00 1.42719e-03 | 1.84732e-01 4.21569e-01 |
    726 | 1.02103e+00 1.42719e-03 | 1.84733e-01 4.21569e-01 |
    727 | 1.02246e+00 1.42718e-03 | 1.84733e-01 4.21569e-01 |
    728 | 1.02388e+00 1.42719e-03 | 1.84733e-01 4.21568e-01 |
    729 | 1.02531e+00 1.42719e-03 | 1.84733e-01 4.21568e-01 |
    730 | 1.02674e+00 1.42719e-03 | 1.84733e-01 4.21568e-01 |
    731 | 1.02817e+00 1.42719e-03 | 1.84733e-01 4.21568e-01 |
    732 | 1.02959e+00 1.42719e-03 | 1.84733e-01 4.21568e-01 |
    733 | 1.03102e+00 1.42719e-03 | 1.84733e-01 4.21568e-01 |
    734 | 1.03245e+00 1.42719e-03 | 1.84733e-01 4.21568e-01 |
    735 | 1.03387e+00 1.42719e-03 | 1.84733e-01 4.21568e-01 |
    736 | 1.03530e+00 1.42719e-03 | 1.84733e-01 4.21568e-01 |
    737 | 1.03673e+00 1.42719e-03 | 1.84733e-01 4.21567e-01 |
    738 | 1.03816e+00 1.42719e-03 | 1.84733e-01 4.21567e-01 |
    739 | 1.03958e+00 1.42719e-03 | 1.84733e-01 4.21567e-01 |
    740 | 1.04101e+00 1.42719e-03 | 1.84733e-01 4.21567e-01 |
    741 | 1.04244e+00 1.42719e-03 | 1.84733e-01 4.21567e-01 |
    742 | 1.04386e+00 1.42719e-03 | 1.84733e-01 4.21567e-01 |
    743 | 1.04529e+00 1.42719e-03 | 1.84733e-01 4.21567e-01 |
    744 | 1.04672e+00 1.42719e-03 | 1.84733e-01 4.21567e-01 |
    745 | 1.04815e+00 1.42719e-03 | 1.84733e-01 4.21567e-01 |
    746 | 1.04957e+00 1.42719e-03 | 1.84733e-01 4.21566e-01 |
    747 | 1.05100e+00 1.42719e-03 | 1.84733e-01 4.21566e-01 |
    748 | 1.05243e+00 1.42719e-03 | 1.84733e-01 4.21566e-01 |
    749 | 1.05386e+00 1.42719e-03 | 1.84733e-01 4.21566e-01 |
    750 | 1.05528e+00 1.42719e-03 | 1.84733e-01 4.21566e-01 |
    751 | 1.05671e+00 1.42719e-03 | 1.84733e-01 4.21566e-01 |
    752 | 1.05814e+00 1.42719e-03 | 1.84733e-01 4.21566e-01 |
    753 | 1.05956e+00 1.42719e-03 | 1.84733e-01 4.21566e-01 |
    754 | 1.06099e+00 1.42719e-03 | 1.84733e-01 4.21565e-01 |
    755 | 1.06242e+00 1.42719e-03 | 1.84733e-01 4.21565e-01 |
    756 | 1.06385e+00 1.42719e-03 | 1.84733e-01 4.21565e-01 |
    757 | 1.06527e+00 1.42719e-03 | 1.84733e-01 4.21565e-01 |
    758 | 1.06670e+00 1.42719e-03 | 1.84733e-01 4.21565e-01 |
    759 | 1.06813e+00 1.42719e-03 | 1.84733e-01 4.21565e-01 |
    760 | 1.06955e+00 1.42719e-03 | 1.84733e-01 4.21565e-01 |
    761 | 1.07098e+00 1.42719e-03 | 1.84733e-01 4.21565e-01 |
    762 | 1.07241e+00 1.42719e-03 | 1.84733e-01 4.21564e-01 |
    763 | 1.07384e+00 1.42719e-03 | 1.84733e-01 4.21564e-01 |
    764 | 1.07526e+00 1.42719e-03 | 1.84733e-01 4.21564e-01 |
    765 | 1.07575e+00 4.82876e-04 | 1.84733e-01 4.21564e-01 |
    766 | 1.07717e+00 1.42719e-03 | 1.84733e-01 4.21564e-01 |
    767 | 1.07860e+00 1.42719e-03 | 1.84733e-01 4.21564e-01 |
    768 | 1.08003e+00 1.42719e-03 | 1.84733e-01 4.21564e-01 |
    769 | 1.08145e+00 1.42720e-03 | 1.84733e-01 4.21564e-01 |
    770 | 1.08288e+00 1.42719e-03 | 1.84733e-01 4.21564e-01 |
    771 | 1.08431e+00 1.42719e-03 | 1.84733e-01 4.21563e-01 |
    772 | 1.08574e+00 1.42720e-03 | 1.84733e-01 4.21563e-01 |
    773 | 1.08716e+00 1.42719e-03 | 1.84733e-01 4.21563e-01 |
    774 | 1.08859e+00 1.42719e-03 | 1.84733e-01 4.21563e-01 |
    775 | 1.09002e+00 1.42720e-03 | 1.84733e-01 4.21563e-01 |
    776 | 1.09144e+00 1.42719e-03 | 1.84733e-01 4.21563e-01 |
    777 | 1.09287e+00 1.42719e-03 | 1.84733e-01 4.21563e-01 |
    778 | 1.09430e+00 1.42720e-03 | 1.84733e-01 4.21563e-01 |
    779 | 1.09573e+00 1.42719e-03 | 1.84733e-01 4.21562e-01 |
    780 | 1.09715e+00 1.42719e-03 | 1.84733e-01 4.21562e-01 |
    781 | 1.09858e+00 1.42720e-03 | 1.84733e-01 4.21562e-01 |
    782 | 1.10001e+00 1.42719e-03 | 1.84733e-01 4.21562e-01 |
    783 | 1.10144e+00 1.42719e-03 | 1.84733e-01 4.21562e-01 |
    784 | 1.10286e+00 1.42720e-03 | 1.84733e-01 4.21562e-01 |
    785 | 1.10429e+00 1.42719e-03 | 1.84733e-01 4.21562e-01 |
    786 | 1.10572e+00 1.42719e-03 | 1.84733e-01 4.21561e-01 |
    787 | 1.10714e+00 1.42720e-03 | 1.84733e-01 4.21561e-01 |
    788 | 1.10857e+00 1.42720e-03 | 1.84733e-01 4.21561e-01 |
    789 | 1.11000e+00 1.42719e-03 | 1.84733e-01 4.21561e-01 |
    790 | 1.11143e+00 1.42720e-03 | 1.84733e-01 4.21561e-01 |
    791 | 1.11285e+00 1.42720e-03 | 1.84733e-01 4.21561e-01 |
    792 | 1.11428e+00 1.42719e-03 | 1.84733e-01 4.21561e-01 |
    793 | 1.11571e+00 1.42720e-03 | 1.84733e-01 4.21561e-01 |
    794 | 1.11713e+00 1.42720e-03 | 1.84733e-01 4.21560e-01 |
    795 | 1.11856e+00 1.42720e-03 | 1.84733e-01 4.21560e-01 |
    796 | 1.11999e+00 1.42720e-03 | 1.84733e-01 4.21560e-01 |
    797 | 1.12142e+00 1.42720e-03 | 1.84734e-01 4.21560e-01 |
    798 | 1.12284e+00 1.42720e-03 | 1.84734e-01 4.21560e-01 |
    799 | 1.12427e+00 1.42720e-03 | 1.84734e-01 4.21560e-01 |
    800 | 1.12570e+00 1.42720e-03 | 1.84734e-01 4.21560e-01 |
    801 | 1.12712e+00 1.42720e-03 | 1.84734e-01 4.21559e-01 |
    802 | 1.12855e+00 1.42720e-03 | 1.84734e-01 4.21559e-01 |
    803 | 1.12998e+00 1.42720e-03 | 1.84734e-01 4.21559e-01 |
    804 | 1.13141e+00 1.42720e-03 | 1.84734e-01 4.21559e-01 |
    805 | 1.13283e+00 1.42720e-03 | 1.84734e-01 4.21559e-01 |
    806 | 1.13426e+00 1.42720e-03 | 1.84734e-01 4.21559e-01 |
    807 | 1.13569e+00 1.42720e-03 | 1.84734e-01 4.21559e-01 |
    808 | 1.13712e+00 1.42720e-03 | 1.84734e-01 4.21558e-01 |
    809 | 1.13854e+00 1.42720e-03 | 1.84734e-01 4.21558e-01 |
    810 | 1.13902e+00 4.82560e-04 | 1.84734e-01 4.21558e-01 |
    811 | 1.14045e+00 1.42720e-03 | 1.84734e-01 4.21558e-01 |
    812 | 1.14188e+00 1.42720e-03 | 1.84734e-01 4.21558e-01 |
    813 | 1.14331e+00 1.42720e-03 | 1.84734e-01 4.21558e-01 |
    814 | 1.14473e+00 1.42720e-03 | 1.84734e-01 4.21558e-01 |
    815 | 1.14616e+00 1.42720e-03 | 1.84734e-01 4.21557e-01 |
    816 | 1.14759e+00 1.42720e-03 | 1.84734e-01 4.21557e-01 |
    817 | 1.14902e+00 1.42720e-03 | 1.84734e-01 4.21557e-01 |
    818 | 1.15044e+00 1.42720e-03 | 1.84734e-01 4.21557e-01 |
    819 | 1.15187e+00 1.42720e-03 | 1.84734e-01 4.21557e-01 |
    820 | 1.15330e+00 1.42720e-03 | 1.84734e-01 4.21557e-01 |
    821 | 1.15472e+00 1.42720e-03 | 1.84734e-01 4.21557e-01 |
    822 | 1.15615e+00 1.42720e-03 | 1.84734e-01 4.21556e-01 |
    823 | 1.15758e+00 1.42720e-03 | 1.84734e-01 4.21556e-01 |
    824 | 1.15901e+00 1.42720e-03 | 1.84734e-01 4.21556e-01 |
    825 | 1.16043e+00 1.42720e-03 | 1.84734e-01 4.21556e-01 |
    826 | 1.16186e+00 1.42720e-03 | 1.84734e-01 4.21556e-01 |
    827 | 1.16329e+00 1.42720e-03 | 1.84734e-01 4.21556e-01 |
    828 | 1.16471e+00 1.42721e-03 | 1.84734e-01 4.21556e-01 |
    829 | 1.16614e+00 1.42720e-03 | 1.84734e-01 4.21555e-01 |
    830 | 1.16757e+00 1.42720e-03 | 1.84734e-01 4.21555e-01 |
    831 | 1.16900e+00 1.42721e-03 | 1.84734e-01 4.21555e-01 |
    832 | 1.17042e+00 1.42720e-03 | 1.84734e-01 4.21555e-01 |
    833 | 1.17185e+00 1.42720e-03 | 1.84734e-01 4.21555e-01 |
    834 | 1.17328e+00 1.42721e-03 | 1.84734e-01 4.21555e-01 |
    835 | 1.17470e+00 1.42720e-03 | 1.84734e-01 4.21554e-01 |
    836 | 1.17613e+00 1.42720e-03 | 1.84734e-01 4.21554e-01 |
    837 | 1.17756e+00 1.42721e-03 | 1.84734e-01 4.21554e-01 |
    838 | 1.17899e+00 1.42720e-03 | 1.84734e-01 4.21554e-01 |
    839 | 1.18041e+00 1.42720e-03 | 1.84734e-01 4.21554e-01 |
    840 | 1.18184e+00 1.42721e-03 | 1.84734e-01 4.21554e-01 |
    841 | 1.18327e+00 1.42721e-03 | 1.84734e-01 4.21554e-01 |
    842 | 1.18470e+00 1.42720e-03 | 1.84734e-01 4.21553e-01 |
    843 | 1.18612e+00 1.42721e-03 | 1.84734e-01 4.21553e-01 |
    844 | 1.18755e+00 1.42721e-03 | 1.84734e-01 4.21553e-01 |
    845 | 1.18898e+00 1.42720e-03 | 1.84734e-01 4.21553e-01 |
    846 | 1.19040e+00 1.42721e-03 | 1.84734e-01 4.21553e-01 |
    847 | 1.19183e+00 1.42721e-03 | 1.84734e-01 4.21553e-01 |
    848 | 1.19326e+00 1.42721e-03 | 1.84734e-01 4.21552e-01 |
    849 | 1.19469e+00 1.42721e-03 | 1.84734e-01 4.21552e-01 |
    850 | 1.19611e+00 1.42721e-03 | 1.84734e-01 4.21552e-01 |
    851 | 1.19754e+00 1.42721e-03 | 1.84734e-01 4.21552e-01 |
    852 | 1.19897e+00 1.42721e-03 | 1.84734e-01 4.21552e-01 |
    853 | 1.20039e+00 1.42721e-03 | 1.84734e-01 4.21552e-01 |
    854 | 1.20182e+00 1.42721e-03 | 1.84735e-01 4.21551e-01 |
    855 | 1.20230e+00 4.82204e-04 | 1.84734e-01 4.21551e-01 |
    856 | 1.20373e+00 1.42721e-03 | 1.84735e-01 4.21551e-01 |
    857 | 1.20516e+00 1.42721e-03 | 1.84735e-01 4.21551e-01 |
    858 | 1.20659e+00 1.42721e-03 | 1.84735e-01 4.21551e-01 |
    859 | 1.20801e+00 1.42721e-03 | 1.84735e-01 4.21551e-01 |
    860 | 1.20944e+00 1.42721e-03 | 1.84735e-01 4.21551e-01 |
    861 | 1.21087e+00 1.42721e-03 | 1.84735e-01 4.21550e-01 |
    862 | 1.21229e+00 1.42721e-03 | 1.84735e-01 4.21550e-01 |
    863 | 1.21372e+00 1.42721e-03 | 1.84735e-01 4.21550e-01 |
    864 | 1.21515e+00 1.42721e-03 | 1.84735e-01 4.21550e-01 |
    865 | 1.21658e+00 1.42721e-03 | 1.84735e-01 4.21550e-01 |
    866 | 1.21800e+00 1.42721e-03 | 1.84735e-01 4.21549e-01 |
    867 | 1.21943e+00 1.42721e-03 | 1.84735e-01 4.21549e-01 |
    868 | 1.22086e+00 1.42721e-03 | 1.84735e-01 4.21549e-01 |
    869 | 1.22229e+00 1.42721e-03 | 1.84735e-01 4.21549e-01 |
    870 | 1.22371e+00 1.42721e-03 | 1.84735e-01 4.21549e-01 |
    871 | 1.22514e+00 1.42721e-03 | 1.84735e-01 4.21549e-01 |
    872 | 1.22657e+00 1.42721e-03 | 1.84735e-01 4.21548e-01 |
    873 | 1.22799e+00 1.42721e-03 | 1.84735e-01 4.21548e-01 |
    874 | 1.22942e+00 1.42721e-03 | 1.84735e-01 4.21548e-01 |
    875 | 1.23085e+00 1.42721e-03 | 1.84735e-01 4.21548e-01 |
    876 | 1.23228e+00 1.42721e-03 | 1.84735e-01 4.21548e-01 |
    877 | 1.23370e+00 1.42721e-03 | 1.84735e-01 4.21548e-01 |
    878 | 1.23513e+00 1.42721e-03 | 1.84735e-01 4.21547e-01 |
    879 | 1.23656e+00 1.42721e-03 | 1.84735e-01 4.21547e-01 |
    880 | 1.23798e+00 1.42721e-03 | 1.84735e-01 4.21547e-01 |
    881 | 1.23941e+00 1.42722e-03 | 1.84735e-01 4.21547e-01 |
    882 | 1.24084e+00 1.42721e-03 | 1.84735e-01 4.21547e-01 |
    883 | 1.24227e+00 1.42721e-03 | 1.84735e-01 4.21546e-01 |
    884 | 1.24369e+00 1.42722e-03 | 1.84735e-01 4.21546e-01 |
    885 | 1.24512e+00 1.42721e-03 | 1.84735e-01 4.21546e-01 |
    886 | 1.24655e+00 1.42721e-03 | 1.84735e-01 4.21546e-01 |
    887 | 1.24797e+00 1.42722e-03 | 1.84735e-01 4.21546e-01 |
    888 | 1.24940e+00 1.42721e-03 | 1.84735e-01 4.21546e-01 |
    889 | 1.25083e+00 1.42721e-03 | 1.84735e-01 4.21545e-01 |
    890 | 1.25226e+00 1.42722e-03 | 1.84735e-01 4.21545e-01 |
    891 | 1.25368e+00 1.42722e-03 | 1.84735e-01 4.21545e-01 |
    892 | 1.25511e+00 1.42722e-03 | 1.84735e-01 4.21545e-01 |
    893 | 1.25654e+00 1.42722e-03 | 1.84735e-01 4.21545e-01 |
    894 | 1.25797e+00 1.42722e-03 | 1.84735e-01 4.21544e-01 |
    895 | 1.25939e+00 1.42722e-03 | 1.84735e-01 4.21544e-01 |
    896 | 1.26082e+00 1.42722e-03 | 1.84735e-01 4.21544e-01 |
    897 | 1.26225e+00 1.42722e-03 | 1.84735e-01 4.21544e-01 |
    898 | 1.26367e+00 1.42722e-03 | 1.84735e-01 4.21544e-01 |
    899 | 1.26510e+00 1.42722e-03 | 1.84735e-01 4.21544e-01 |
    900 | 1.26558e+00 4.81788e-04 | 1.84735e-01 4.21543e-01 |
    901 | 1.26701e+00 1.42722e-03 | 1.84735e-01 4.21543e-01 |
    902 | 1.26844e+00 1.42722e-03 | 1.84735e-01 4.21543e-01 |
    903 | 1.26986e+00 1.42722e-03 | 1.84736e-01 4.21543e-01 |
    904 | 1.27129e+00 1.42722e-03 | 1.84736e-01 4.21543e-01 |
    905 | 1.27272e+00 1.42722e-03 | 1.84736e-01 4.21542e-01 |
    906 | 1.27415e+00 1.42722e-03 | 1.84736e-01 4.21542e-01 |
    907 | 1.27557e+00 1.42722e-03 | 1.84736e-01 4.21542e-01 |
    908 | 1.27700e+00 1.42722e-03 | 1.84736e-01 4.21542e-01 |
    909 | 1.27843e+00 1.42722e-03 | 1.84736e-01 4.21542e-01 |
    910 | 1.27986e+00 1.42722e-03 | 1.84736e-01 4.21542e-01 |
    911 | 1.28128e+00 1.42722e-03 | 1.84736e-01 4.21541e-01 |
    912 | 1.28271e+00 1.42722e-03 | 1.84736e-01 4.21541e-01 |
    913 | 1.28414e+00 1.42722e-03 | 1.84736e-01 4.21541e-01 |
    914 | 1.28556e+00 1.42722e-03 | 1.84736e-01 4.21541e-01 |
    915 | 1.28699e+00 1.42722e-03 | 1.84736e-01 4.21541e-01 |
    916 | 1.28842e+00 1.42722e-03 | 1.84736e-01 4.21540e-01 |
    917 | 1.28985e+00 1.42722e-03 | 1.84736e-01 4.21540e-01 |
    918 | 1.29127e+00 1.42722e-03 | 1.84736e-01 4.21540e-01 |
    919 | 1.29270e+00 1.42722e-03 | 1.84736e-01 4.21540e-01 |
    920 | 1.29413e+00 1.42722e-03 | 1.84736e-01 4.21540e-01 |
    921 | 1.29555e+00 1.42722e-03 | 1.84736e-01 4.21539e-01 |
    922 | 1.29698e+00 1.42722e-03 | 1.84736e-01 4.21539e-01 |
    923 | 1.29841e+00 1.42722e-03 | 1.84736e-01 4.21539e-01 |
    924 | 1.29984e+00 1.42722e-03 | 1.84736e-01 4.21539e-01 |
    925 | 1.30126e+00 1.42722e-03 | 1.84736e-01 4.21538e-01 |
    926 | 1.30269e+00 1.42722e-03 | 1.84736e-01 4.21538e-01 |
    927 | 1.30412e+00 1.42723e-03 | 1.84736e-01 4.21538e-01 |
    928 | 1.30555e+00 1.42723e-03 | 1.84736e-01 4.21538e-01 |
    929 | 1.30697e+00 1.42722e-03 | 1.84736e-01 4.21538e-01 |
    930 | 1.30840e+00 1.42723e-03 | 1.84736e-01 4.21537e-01 |
    931 | 1.30983e+00 1.42723e-03 | 1.84736e-01 4.21537e-01 |
    932 | 1.31125e+00 1.42722e-03 | 1.84736e-01 4.21537e-01 |
    933 | 1.31268e+00 1.42723e-03 | 1.84736e-01 4.21537e-01 |
    934 | 1.31411e+00 1.42723e-03 | 1.84736e-01 4.21537e-01 |
    935 | 1.31554e+00 1.42723e-03 | 1.84736e-01 4.21536e-01 |
    936 | 1.31696e+00 1.42723e-03 | 1.84736e-01 4.21536e-01 |
    937 | 1.31839e+00 1.42723e-03 | 1.84736e-01 4.21536e-01 |
    938 | 1.31982e+00 1.42723e-03 | 1.84736e-01 4.21536e-01 |
    939 | 1.32124e+00 1.42723e-03 | 1.84736e-01 4.21536e-01 |
    940 | 1.32267e+00 1.42723e-03 | 1.84736e-01 4.21535e-01 |
    941 | 1.32410e+00 1.42723e-03 | 1.84736e-01 4.21535e-01 |
    942 | 1.32553e+00 1.42723e-03 | 1.84736e-01 4.21535e-01 |
    943 | 1.32695e+00 1.42723e-03 | 1.84736e-01 4.21535e-01 |
    944 | 1.32838e+00 1.42723e-03 | 1.84736e-01 4.21534e-01 |
    945 | 1.32886e+00 4.81317e-04 | 1.84736e-01 4.21534e-01 |
    946 | 1.33029e+00 1.42723e-03 | 1.84737e-01 4.21534e-01 |
    947 | 1.33172e+00 1.42723e-03 | 1.84737e-01 4.21534e-01 |
    948 | 1.33314e+00 1.42723e-03 | 1.84737e-01 4.21534e-01 |
    949 | 1.33457e+00 1.42723e-03 | 1.84737e-01 4.21534e-01 |
    950 | 1.33600e+00 1.42723e-03 | 1.84737e-01 4.21533e-01 |
    951 | 1.33743e+00 1.42723e-03 | 1.84737e-01 4.21533e-01 |
    952 | 1.33885e+00 1.42723e-03 | 1.84737e-01 4.21533e-01 |
    953 | 1.34028e+00 1.42723e-03 | 1.84737e-01 4.21533e-01 |
    954 | 1.34171e+00 1.42723e-03 | 1.84737e-01 4.21532e-01 |
    955 | 1.34313e+00 1.42723e-03 | 1.84737e-01 4.21532e-01 |
    956 | 1.34456e+00 1.42723e-03 | 1.84737e-01 4.21532e-01 |
    957 | 1.34599e+00 1.42723e-03 | 1.84737e-01 4.21532e-01 |
    958 | 1.34742e+00 1.42723e-03 | 1.84737e-01 4.21531e-01 |
    959 | 1.34884e+00 1.42724e-03 | 1.84737e-01 4.21531e-01 |
    960 | 1.35027e+00 1.42723e-03 | 1.84737e-01 4.21531e-01 |
    961 | 1.35170e+00 1.42723e-03 | 1.84737e-01 4.21531e-01 |
    962 | 1.35313e+00 1.42724e-03 | 1.84737e-01 4.21531e-01 |
    963 | 1.35455e+00 1.42723e-03 | 1.84737e-01 4.21530e-01 |
    964 | 1.35598e+00 1.42723e-03 | 1.84737e-01 4.21530e-01 |
    965 | 1.35741e+00 1.42724e-03 | 1.84737e-01 4.21530e-01 |
    966 | 1.35883e+00 1.42723e-03 | 1.84737e-01 4.21530e-01 |
    967 | 1.36026e+00 1.42723e-03 | 1.84737e-01 4.21529e-01 |
    968 | 1.36169e+00 1.42724e-03 | 1.84737e-01 4.21529e-01 |
    969 | 1.36312e+00 1.42724e-03 | 1.84737e-01 4.21529e-01 |
    970 | 1.36454e+00 1.42724e-03 | 1.84737e-01 4.21529e-01 |
    971 | 1.36597e+00 1.42724e-03 | 1.84737e-01 4.21528e-01 |
    972 | 1.36740e+00 1.42724e-03 | 1.84737e-01 4.21528e-01 |
    973 | 1.36882e+00 1.42724e-03 | 1.84737e-01 4.21528e-01 |
    974 | 1.37025e+00 1.42724e-03 | 1.84737e-01 4.21528e-01 |
    975 | 1.37168e+00 1.42724e-03 | 1.84737e-01 4.21527e-01 |
    976 | 1.37311e+00 1.42724e-03 | 1.84737e-01 4.21527e-01 |
    977 | 1.37453e+00 1.42724e-03 | 1.84737e-01 4.21527e-01 |
    978 | 1.37596e+00 1.42724e-03 | 1.84737e-01 4.21527e-01 |
    979 | 1.37739e+00 1.42724e-03 | 1.84737e-01 4.21527e-01 |
    980 | 1.37882e+00 1.42724e-03 | 1.84737e-01 4.21526e-01 |
    981 | 1.38024e+00 1.42724e-03 | 1.84737e-01 4.21526e-01 |
    982 | 1.38167e+00 1.42724e-03 | 1.84738e-01 4.21526e-01 |
    983 | 1.38310e+00 1.42724e-03 | 1.84738e-01 4.21526e-01 |
    984 | 1.38452e+00 1.42724e-03 | 1.84738e-01 4.21525e-01 |
    985 | 1.38595e+00 1.42724e-03 | 1.84738e-01 4.21525e-01 |
    986 | 1.38738e+00 1.42724e-03 | 1.84738e-01 4.21525e-01 |
    987 | 1.38881e+00 1.42724e-03 | 1.84738e-01 4.21525e-01 |
    988 | 1.39023e+00 1.42724e-03 | 1.84738e-01 4.21524e-01 |
    989 | 1.39166e+00 1.42724e-03 | 1.84738e-01 4.21524e-01 |
    990 | 1.39214e+00 4.80770e-04 | 1.84738e-01 4.21524e-01 |
    991 | 1.39357e+00 1.42724e-03 | 1.84738e-01 4.21524e-01 |
    992 | 1.39500e+00 1.42724e-03 | 1.84738e-01 4.21523e-01 |
    993 | 1.39642e+00 1.42724e-03 | 1.84738e-01 4.21523e-01 |
    994 | 1.39785e+00 1.42724e-03 | 1.84738e-01 4.21523e-01 |
    995 | 1.39928e+00 1.42724e-03 | 1.84738e-01 4.21523e-01 |
    996 | 1.40071e+00 1.42725e-03 | 1.84738e-01 4.21522e-01 |
    997 | 1.40213e+00 1.42725e-03 | 1.84738e-01 4.21522e-01 |
    998 | 1.40356e+00 1.42724e-03 | 1.84738e-01 4.21522e-01 |
    999 | 1.40499e+00 1.42725e-03 | 1.84738e-01 4.21522e-01 |
   1000 | 1.40641e+00 1.42725e-03 | 1.84738e-01 4.21521e-01 |
   1001 | 1.40784e+00 1.42725e-03 | 1.84738e-01 4.21521e-01 |
   1002 | 1.40927e+00 1.42725e-03 | 1.84738e-01 4.21521e-01 |
   1003 | 1.41070e+00 1.42725e-03 | 1.84738e-01 4.21521e-01 |
   1004 | 1.41212e+00 1.42725e-03 | 1.84738e-01 4.21520e-01 |
   1005 | 1.41355e+00 1.42725e-03 | 1.84738e-01 4.21520e-01 |
   1006 | 1.41498e+00 1.42725e-03 | 1.84738e-01 4.21520e-01 |
   1007 | 1.41640e+00 1.42725e-03 | 1.84738e-01 4.21520e-01 |
   1008 | 1.41783e+00 1.42725e-03 | 1.84738e-01 4.21519e-01 |
   1009 | 1.41926e+00 1.42725e-03 | 1.84738e-01 4.21519e-01 |
   1010 | 1.42069e+00 1.42725e-03 | 1.84738e-01 4.21519e-01 |
   1011 | 1.42211e+00 1.42725e-03 | 1.84738e-01 4.21519e-01 |
   1012 | 1.42354e+00 1.42725e-03 | 1.84738e-01 4.21518e-01 |
   1013 | 1.42497e+00 1.42725e-03 | 1.84738e-01 4.21518e-01 |
   1014 | 1.42640e+00 1.42725e-03 | 1.84738e-01 4.21518e-01 |
   1015 | 1.42782e+00 1.42725e-03 | 1.84738e-01 4.21517e-01 |
   1016 | 1.42925e+00 1.42725e-03 | 1.84739e-01 4.21517e-01 |
   1017 | 1.43068e+00 1.42725e-03 | 1.84739e-01 4.21517e-01 |
   1018 | 1.43210e+00 1.42725e-03 | 1.84739e-01 4.21517e-01 |
   1019 | 1.43353e+00 1.42725e-03 | 1.84739e-01 4.21516e-01 |
   1020 | 1.43496e+00 1.42725e-03 | 1.84739e-01 4.21516e-01 |
   1021 | 1.43639e+00 1.42726e-03 | 1.84739e-01 4.21516e-01 |
   1022 | 1.43781e+00 1.42725e-03 | 1.84739e-01 4.21516e-01 |
   1023 | 1.43924e+00 1.42725e-03 | 1.84739e-01 4.21515e-01 |
   1024 | 1.44067e+00 1.42726e-03 | 1.84739e-01 4.21515e-01 |
   1025 | 1.44210e+00 1.42725e-03 | 1.84739e-01 4.21515e-01 |
   1026 | 1.44352e+00 1.42725e-03 | 1.84739e-01 4.21514e-01 |
   1027 | 1.44495e+00 1.42726e-03 | 1.84739e-01 4.21514e-01 |
   1028 | 1.44638e+00 1.42726e-03 | 1.84739e-01 4.21514e-01 |
   1029 | 1.44780e+00 1.42726e-03 | 1.84739e-01 4.21514e-01 |
   1030 | 1.44923e+00 1.42726e-03 | 1.84739e-01 4.21513e-01 |
   1031 | 1.45066e+00 1.42726e-03 | 1.84739e-01 4.21513e-01 |
   1032 | 1.45209e+00 1.42726e-03 | 1.84739e-01 4.21513e-01 |
   1033 | 1.45351e+00 1.42726e-03 | 1.84739e-01 4.21512e-01 |
   1034 | 1.45494e+00 1.42726e-03 | 1.84739e-01 4.21512e-01 |
   1035 | 1.45542e+00 4.80141e-04 | 1.84739e-01 4.21512e-01 |
   1036 | 1.45685e+00 1.42726e-03 | 1.84739e-01 4.21512e-01 |
   1037 | 1.45828e+00 1.42726e-03 | 1.84739e-01 4.21511e-01 |
   1038 | 1.45970e+00 1.42726e-03 | 1.84739e-01 4.21511e-01 |
   1039 | 1.46113e+00 1.42726e-03 | 1.84739e-01 4.21511e-01 |
   1040 | 1.46256e+00 1.42726e-03 | 1.84739e-01 4.21511e-01 |
   1041 | 1.46398e+00 1.42726e-03 | 1.84739e-01 4.21510e-01 |
   1042 | 1.46541e+00 1.42726e-03 | 1.84739e-01 4.21510e-01 |
   1043 | 1.46684e+00 1.42726e-03 | 1.84739e-01 4.21510e-01 |
   1044 | 1.46827e+00 1.42726e-03 | 1.84739e-01 4.21509e-01 |
   1045 | 1.46969e+00 1.42726e-03 | 1.84739e-01 4.21509e-01 |
   1046 | 1.47112e+00 1.42726e-03 | 1.84739e-01 4.21509e-01 |
   1047 | 1.47255e+00 1.42726e-03 | 1.84740e-01 4.21508e-01 |
   1048 | 1.47398e+00 1.42726e-03 | 1.84740e-01 4.21508e-01 |
   1049 | 1.47540e+00 1.42726e-03 | 1.84740e-01 4.21508e-01 |
   1050 | 1.47683e+00 1.42726e-03 | 1.84740e-01 4.21508e-01 |
   1051 | 1.47826e+00 1.42726e-03 | 1.84740e-01 4.21507e-01 |
   1052 | 1.47968e+00 1.42727e-03 | 1.84740e-01 4.21507e-01 |
   1053 | 1.48111e+00 1.42727e-03 | 1.84740e-01 4.21507e-01 |
   1054 | 1.48254e+00 1.42726e-03 | 1.84740e-01 4.21506e-01 |
   1055 | 1.48397e+00 1.42727e-03 | 1.84740e-01 4.21506e-01 |
   1056 | 1.48539e+00 1.42727e-03 | 1.84740e-01 4.21506e-01 |
   1057 | 1.48682e+00 1.42727e-03 | 1.84740e-01 4.21505e-01 |
   1058 | 1.48825e+00 1.42727e-03 | 1.84740e-01 4.21505e-01 |
   1059 | 1.48968e+00 1.42727e-03 | 1.84740e-01 4.21505e-01 |
   1060 | 1.49110e+00 1.42727e-03 | 1.84740e-01 4.21504e-01 |
   1061 | 1.49253e+00 1.42727e-03 | 1.84740e-01 4.21504e-01 |
   1062 | 1.49396e+00 1.42727e-03 | 1.84740e-01 4.21504e-01 |
   1063 | 1.49538e+00 1.42727e-03 | 1.84740e-01 4.21504e-01 |
   1064 | 1.49681e+00 1.42727e-03 | 1.84740e-01 4.21503e-01 |
   1065 | 1.49824e+00 1.42727e-03 | 1.84740e-01 4.21503e-01 |
   1066 | 1.49967e+00 1.42727e-03 | 1.84740e-01 4.21503e-01 |
   1067 | 1.50109e+00 1.42727e-03 | 1.84740e-01 4.21502e-01 |
   1068 | 1.50252e+00 1.42727e-03 | 1.84740e-01 4.21502e-01 |
   1069 | 1.50395e+00 1.42727e-03 | 1.84740e-01 4.21502e-01 |
   1070 | 1.50538e+00 1.42727e-03 | 1.84740e-01 4.21501e-01 |
   1071 | 1.50680e+00 1.42727e-03 | 1.84740e-01 4.21501e-01 |
   1072 | 1.50823e+00 1.42727e-03 | 1.84740e-01 4.21501e-01 |
   1073 | 1.50966e+00 1.42727e-03 | 1.84740e-01 4.21500e-01 |
   1074 | 1.51108e+00 1.42728e-03 | 1.84740e-01 4.21500e-01 |
   1075 | 1.51251e+00 1.42727e-03 | 1.84741e-01 4.21500e-01 |
   1076 | 1.51394e+00 1.42727e-03 | 1.84741e-01 4.21499e-01 |
   1077 | 1.51537e+00 1.42728e-03 | 1.84741e-01 4.21499e-01 |
   1078 | 1.51679e+00 1.42727e-03 | 1.84741e-01 4.21499e-01 |
   1079 | 1.51822e+00 1.42728e-03 | 1.84741e-01 4.21498e-01 |
   1080 | 1.51870e+00 4.79413e-04 | 1.84741e-01 4.21498e-01 |
   1081 | 1.52013e+00 1.42728e-03 | 1.84741e-01 4.21498e-01 |
   1082 | 1.52155e+00 1.42728e-03 | 1.84741e-01 4.21498e-01 |
   1083 | 1.52298e+00 1.42728e-03 | 1.84741e-01 4.21497e-01 |
   1084 | 1.52441e+00 1.42728e-03 | 1.84741e-01 4.21497e-01 |
   1085 | 1.52584e+00 1.42728e-03 | 1.84741e-01 4.21497e-01 |
   1086 | 1.52726e+00 1.42728e-03 | 1.84741e-01 4.21496e-01 |
   1087 | 1.52869e+00 1.42728e-03 | 1.84741e-01 4.21496e-01 |
   1088 | 1.53012e+00 1.42728e-03 | 1.84741e-01 4.21496e-01 |
   1089 | 1.53155e+00 1.42728e-03 | 1.84741e-01 4.21495e-01 |
   1090 | 1.53297e+00 1.42728e-03 | 1.84741e-01 4.21495e-01 |
   1091 | 1.53440e+00 1.42728e-03 | 1.84741e-01 4.21495e-01 |
   1092 | 1.53583e+00 1.42728e-03 | 1.84741e-01 4.21494e-01 |
   1093 | 1.53725e+00 1.42728e-03 | 1.84741e-01 4.21494e-01 |
   1094 | 1.53868e+00 1.42728e-03 | 1.84741e-01 4.21494e-01 |
   1095 | 1.54011e+00 1.42728e-03 | 1.84741e-01 4.21493e-01 |
   1096 | 1.54154e+00 1.42729e-03 | 1.84741e-01 4.21493e-01 |
   1097 | 1.54296e+00 1.42728e-03 | 1.84741e-01 4.21492e-01 |
   1098 | 1.54439e+00 1.42728e-03 | 1.84741e-01 4.21492e-01 |
   1099 | 1.54582e+00 1.42729e-03 | 1.84741e-01 4.21492e-01 |
   1100 | 1.54725e+00 1.42728e-03 | 1.84741e-01 4.21491e-01 |
   1101 | 1.54867e+00 1.42728e-03 | 1.84742e-01 4.21491e-01 |
   1102 | 1.55010e+00 1.42729e-03 | 1.84742e-01 4.21491e-01 |
   1103 | 1.55153e+00 1.42729e-03 | 1.84742e-01 4.21490e-01 |
   1104 | 1.55295e+00 1.42729e-03 | 1.84742e-01 4.21490e-01 |
   1105 | 1.55438e+00 1.42729e-03 | 1.84742e-01 4.21490e-01 |
   1106 | 1.55581e+00 1.42729e-03 | 1.84742e-01 4.21489e-01 |
   1107 | 1.55724e+00 1.42729e-03 | 1.84742e-01 4.21489e-01 |
   1108 | 1.55866e+00 1.42729e-03 | 1.84742e-01 4.21489e-01 |
   1109 | 1.56009e+00 1.42729e-03 | 1.84742e-01 4.21488e-01 |
   1110 | 1.56152e+00 1.42729e-03 | 1.84742e-01 4.21488e-01 |
   1111 | 1.56295e+00 1.42729e-03 | 1.84742e-01 4.21488e-01 |
   1112 | 1.56437e+00 1.42729e-03 | 1.84742e-01 4.21487e-01 |
   1113 | 1.56580e+00 1.42729e-03 | 1.84742e-01 4.21487e-01 |
   1114 | 1.56723e+00 1.42729e-03 | 1.84742e-01 4.21486e-01 |
   1115 | 1.56865e+00 1.42729e-03 | 1.84742e-01 4.21486e-01 |
   1116 | 1.57008e+00 1.42729e-03 | 1.84742e-01 4.21486e-01 |
   1117 | 1.57151e+00 1.42729e-03 | 1.84742e-01 4.21485e-01 |
   1118 | 1.57294e+00 1.42729e-03 | 1.84742e-01 4.21485e-01 |
   1119 | 1.57436e+00 1.42729e-03 | 1.84742e-01 4.21485e-01 |
   1120 | 1.57579e+00 1.42729e-03 | 1.84742e-01 4.21484e-01 |
   1121 | 1.57722e+00 1.42730e-03 | 1.84742e-01 4.21484e-01 |
   1122 | 1.57865e+00 1.42729e-03 | 1.84742e-01 4.21483e-01 |
   1123 | 1.58007e+00 1.42730e-03 | 1.84742e-01 4.21483e-01 |
   1124 | 1.58150e+00 1.42730e-03 | 1.84742e-01 4.21483e-01 |
   1125 | 1.58198e+00 4.78570e-04 | 1.84742e-01 4.21482e-01 |
   1126 | 1.58341e+00 1.42730e-03 | 1.84743e-01 4.21482e-01 |
   1127 | 1.58483e+00 1.42730e-03 | 1.84743e-01 4.21482e-01 |
   1128 | 1.58626e+00 1.42730e-03 | 1.84743e-01 4.21481e-01 |
   1129 | 1.58769e+00 1.42730e-03 | 1.84743e-01 4.21481e-01 |
   1130 | 1.58912e+00 1.42730e-03 | 1.84743e-01 4.21481e-01 |
   1131 | 1.59054e+00 1.42730e-03 | 1.84743e-01 4.21480e-01 |
   1132 | 1.59197e+00 1.42730e-03 | 1.84743e-01 4.21480e-01 |
   1133 | 1.59340e+00 1.42730e-03 | 1.84743e-01 4.21479e-01 |
   1134 | 1.59482e+00 1.42730e-03 | 1.84743e-01 4.21479e-01 |
   1135 | 1.59625e+00 1.42730e-03 | 1.84743e-01 4.21479e-01 |
   1136 | 1.59768e+00 1.42730e-03 | 1.84743e-01 4.21478e-01 |
   1137 | 1.59911e+00 1.42730e-03 | 1.84743e-01 4.21478e-01 |
   1138 | 1.60053e+00 1.42730e-03 | 1.84743e-01 4.21478e-01 |
   1139 | 1.60196e+00 1.42730e-03 | 1.84743e-01 4.21477e-01 |
   1140 | 1.60339e+00 1.42731e-03 | 1.84743e-01 4.21477e-01 |
   1141 | 1.60482e+00 1.42730e-03 | 1.84743e-01 4.21476e-01 |
   1142 | 1.60624e+00 1.42730e-03 | 1.84743e-01 4.21476e-01 |
   1143 | 1.60767e+00 1.42731e-03 | 1.84743e-01 4.21476e-01 |
   1144 | 1.60910e+00 1.42730e-03 | 1.84743e-01 4.21475e-01 |
   1145 | 1.61053e+00 1.42731e-03 | 1.84743e-01 4.21475e-01 |
   1146 | 1.61195e+00 1.42731e-03 | 1.84743e-01 4.21474e-01 |
   1147 | 1.61338e+00 1.42731e-03 | 1.84743e-01 4.21474e-01 |
   1148 | 1.61481e+00 1.42731e-03 | 1.84744e-01 4.21473e-01 |
   1149 | 1.61623e+00 1.42731e-03 | 1.84744e-01 4.21473e-01 |
   1150 | 1.61766e+00 1.42731e-03 | 1.84744e-01 4.21473e-01 |
   1151 | 1.61909e+00 1.42731e-03 | 1.84744e-01 4.21472e-01 |
   1152 | 1.62052e+00 1.42731e-03 | 1.84744e-01 4.21472e-01 |
   1153 | 1.62194e+00 1.42731e-03 | 1.84744e-01 4.21471e-01 |
   1154 | 1.62337e+00 1.42731e-03 | 1.84744e-01 4.21471e-01 |
   1155 | 1.62480e+00 1.42731e-03 | 1.84744e-01 4.21471e-01 |
   1156 | 1.62623e+00 1.42731e-03 | 1.84744e-01 4.21470e-01 |
   1157 | 1.62765e+00 1.42731e-03 | 1.84744e-01 4.21470e-01 |
   1158 | 1.62908e+00 1.42732e-03 | 1.84744e-01 4.21469e-01 |
   1159 | 1.63051e+00 1.42731e-03 | 1.84744e-01 4.21469e-01 |
   1160 | 1.63193e+00 1.42731e-03 | 1.84744e-01 4.21469e-01 |
   1161 | 1.63336e+00 1.42732e-03 | 1.84744e-01 4.21468e-01 |
   1162 | 1.63479e+00 1.42732e-03 | 1.84744e-01 4.21468e-01 |
   1163 | 1.63622e+00 1.42732e-03 | 1.84744e-01 4.21467e-01 |
   1164 | 1.63764e+00 1.42732e-03 | 1.84744e-01 4.21467e-01 |
   1165 | 1.63907e+00 1.42732e-03 | 1.84744e-01 4.21466e-01 |
   1166 | 1.64050e+00 1.42732e-03 | 1.84744e-01 4.21466e-01 |
   1167 | 1.64193e+00 1.42732e-03 | 1.84744e-01 4.21466e-01 |
   1168 | 1.64335e+00 1.42732e-03 | 1.84744e-01 4.21465e-01 |
   1169 | 1.64478e+00 1.42732e-03 | 1.84745e-01 4.21465e-01 |
   1170 | 1.64526e+00 4.77602e-04 | 1.84744e-01 4.21464e-01 |
   1171 | 1.64669e+00 1.42732e-03 | 1.84745e-01 4.21464e-01 |
   1172 | 1.64811e+00 1.42732e-03 | 1.84745e-01 4.21464e-01 |
   1173 | 1.64954e+00 1.42732e-03 | 1.84745e-01 4.21463e-01 |
   1174 | 1.65097e+00 1.42732e-03 | 1.84745e-01 4.21463e-01 |
   1175 | 1.65239e+00 1.42732e-03 | 1.84745e-01 4.21462e-01 |
   1176 | 1.65382e+00 1.42732e-03 | 1.84745e-01 4.21462e-01 |
   1177 | 1.65525e+00 1.42733e-03 | 1.84745e-01 4.21461e-01 |
   1178 | 1.65668e+00 1.42732e-03 | 1.84745e-01 4.21461e-01 |
   1179 | 1.65810e+00 1.42732e-03 | 1.84745e-01 4.21461e-01 |
   1180 | 1.65953e+00 1.42733e-03 | 1.84745e-01 4.21460e-01 |
   1181 | 1.66096e+00 1.42733e-03 | 1.84745e-01 4.21460e-01 |
   1182 | 1.66239e+00 1.42733e-03 | 1.84745e-01 4.21459e-01 |
   1183 | 1.66381e+00 1.42733e-03 | 1.84745e-01 4.21459e-01 |
   1184 | 1.66524e+00 1.42733e-03 | 1.84745e-01 4.21458e-01 |
   1185 | 1.66667e+00 1.42733e-03 | 1.84745e-01 4.21458e-01 |
   1186 | 1.66810e+00 1.42733e-03 | 1.84745e-01 4.21457e-01 |
   1187 | 1.66952e+00 1.42733e-03 | 1.84745e-01 4.21457e-01 |
   1188 | 1.67095e+00 1.42733e-03 | 1.84745e-01 4.21456e-01 |
   1189 | 1.67238e+00 1.42733e-03 | 1.84745e-01 4.21456e-01 |
   1190 | 1.67380e+00 1.42733e-03 | 1.84746e-01 4.21456e-01 |
   1191 | 1.67523e+00 1.42733e-03 | 1.84746e-01 4.21455e-01 |
   1192 | 1.67666e+00 1.42733e-03 | 1.84746e-01 4.21455e-01 |
   1193 | 1.67809e+00 1.42733e-03 | 1.84746e-01 4.21454e-01 |
   1194 | 1.67951e+00 1.42733e-03 | 1.84746e-01 4.21454e-01 |
   1195 | 1.68094e+00 1.42734e-03 | 1.84746e-01 4.21453e-01 |
   1196 | 1.68237e+00 1.42734e-03 | 1.84746e-01 4.21453e-01 |
   1197 | 1.68380e+00 1.42733e-03 | 1.84746e-01 4.21452e-01 |
   1198 | 1.68522e+00 1.42734e-03 | 1.84746e-01 4.21452e-01 |
   1199 | 1.68665e+00 1.42734e-03 | 1.84746e-01 4.21451e-01 |
   1200 | 1.68808e+00 1.42734e-03 | 1.84746e-01 4.21451e-01 |
   1201 | 1.68951e+00 1.42734e-03 | 1.84746e-01 4.21450e-01 |
   1202 | 1.69093e+00 1.42734e-03 | 1.84746e-01 4.21450e-01 |
   1203 | 1.69236e+00 1.42734e-03 | 1.84746e-01 4.21449e-01 |
   1204 | 1.69379e+00 1.42734e-03 | 1.84746e-01 4.21449e-01 |
   1205 | 1.69521e+00 1.42734e-03 | 1.84746e-01 4.21448e-01 |
   1206 | 1.69664e+00 1.42734e-03 | 1.84746e-01 4.21448e-01 |
   1207 | 1.69807e+00 1.42734e-03 | 1.84746e-01 4.21447e-01 |
   1208 | 1.69950e+00 1.42735e-03 | 1.84747e-01 4.21447e-01 |
   1209 | 1.70092e+00 1.42734e-03 | 1.84747e-01 4.21447e-01 |
   1210 | 1.70235e+00 1.42734e-03 | 1.84747e-01 4.21446e-01 |
   1211 | 1.70378e+00 1.42735e-03 | 1.84747e-01 4.21446e-01 |
   1212 | 1.70521e+00 1.42734e-03 | 1.84747e-01 4.21445e-01 |
   1213 | 1.70663e+00 1.42735e-03 | 1.84747e-01 4.21445e-01 |
   1214 | 1.70806e+00 1.42735e-03 | 1.84747e-01 4.21444e-01 |
   1215 | 1.70854e+00 4.76477e-04 | 1.84747e-01 4.21444e-01 |
   1216 | 1.70996e+00 1.42735e-03 | 1.84747e-01 4.21443e-01 |
   1217 | 1.71139e+00 1.42735e-03 | 1.84747e-01 4.21443e-01 |
   1218 | 1.71282e+00 1.42735e-03 | 1.84747e-01 4.21442e-01 |
   1219 | 1.71425e+00 1.42735e-03 | 1.84747e-01 4.21442e-01 |
   1220 | 1.71567e+00 1.42735e-03 | 1.84747e-01 4.21441e-01 |
   1221 | 1.71710e+00 1.42735e-03 | 1.84747e-01 4.21441e-01 |
   1222 | 1.71853e+00 1.42735e-03 | 1.84747e-01 4.21440e-01 |
   1223 | 1.71996e+00 1.42735e-03 | 1.84747e-01 4.21440e-01 |
   1224 | 1.72138e+00 1.42736e-03 | 1.84747e-01 4.21439e-01 |
   1225 | 1.72281e+00 1.42735e-03 | 1.84747e-01 4.21439e-01 |
   1226 | 1.72424e+00 1.42735e-03 | 1.84747e-01 4.21438e-01 |
   1227 | 1.72567e+00 1.42736e-03 | 1.84748e-01 4.21438e-01 |
   1228 | 1.72709e+00 1.42736e-03 | 1.84748e-01 4.21437e-01 |
   1229 | 1.72852e+00 1.42736e-03 | 1.84748e-01 4.21437e-01 |
   1230 | 1.72995e+00 1.42736e-03 | 1.84748e-01 4.21436e-01 |
   1231 | 1.73138e+00 1.42736e-03 | 1.84748e-01 4.21436e-01 |
   1232 | 1.73280e+00 1.42736e-03 | 1.84748e-01 4.21435e-01 |
   1233 | 1.73423e+00 1.42736e-03 | 1.84748e-01 4.21435e-01 |
   1234 | 1.73566e+00 1.42736e-03 | 1.84748e-01 4.21434e-01 |
   1235 | 1.73708e+00 1.42736e-03 | 1.84748e-01 4.21434e-01 |
   1236 | 1.73851e+00 1.42736e-03 | 1.84748e-01 4.21433e-01 |
   1237 | 1.73994e+00 1.42736e-03 | 1.84748e-01 4.21433e-01 |
   1238 | 1.74137e+00 1.42736e-03 | 1.84748e-01 4.21432e-01 |
   1239 | 1.74279e+00 1.42737e-03 | 1.84748e-01 4.21431e-01 |
   1240 | 1.74422e+00 1.42736e-03 | 1.84748e-01 4.21431e-01 |
   1241 | 1.74565e+00 1.42736e-03 | 1.84748e-01 4.21430e-01 |
   1242 | 1.74708e+00 1.42737e-03 | 1.84748e-01 4.21430e-01 |
   1243 | 1.74850e+00 1.42737e-03 | 1.84748e-01 4.21429e-01 |
   1244 | 1.74993e+00 1.42737e-03 | 1.84749e-01 4.21429e-01 |
   1245 | 1.75136e+00 1.42737e-03 | 1.84749e-01 4.21428e-01 |
   1246 | 1.75279e+00 1.42737e-03 | 1.84749e-01 4.21428e-01 |
   1247 | 1.75421e+00 1.42737e-03 | 1.84749e-01 4.21427e-01 |
   1248 | 1.75564e+00 1.42737e-03 | 1.84749e-01 4.21427e-01 |
   1249 | 1.75707e+00 1.42737e-03 | 1.84749e-01 4.21426e-01 |
   1250 | 1.75849e+00 1.42737e-03 | 1.84749e-01 4.21425e-01 |
   1251 | 1.75992e+00 1.42737e-03 | 1.84749e-01 4.21425e-01 |
   1252 | 1.76135e+00 1.42737e-03 | 1.84749e-01 4.21424e-01 |
   1253 | 1.76278e+00 1.42737e-03 | 1.84749e-01 4.21424e-01 |
   1254 | 1.76420e+00 1.42738e-03 | 1.84749e-01 4.21423e-01 |
   1255 | 1.76563e+00 1.42738e-03 | 1.84749e-01 4.21423e-01 |
   1256 | 1.76706e+00 1.42738e-03 | 1.84749e-01 4.21422e-01 |
   1257 | 1.76849e+00 1.42738e-03 | 1.84749e-01 4.21422e-01 |
   1258 | 1.76991e+00 1.42738e-03 | 1.84749e-01 4.21421e-01 |
   1259 | 1.77134e+00 1.42738e-03 | 1.84749e-01 4.21420e-01 |
   1260 | 1.77182e+00 4.75189e-04 | 1.84749e-01 4.21420e-01 |
   1261 | 1.77324e+00 1.42738e-03 | 1.84750e-01 4.21420e-01 |
   1262 | 1.77467e+00 1.42738e-03 | 1.84750e-01 4.21419e-01 |
   1263 | 1.77610e+00 1.42738e-03 | 1.84750e-01 4.21419e-01 |
   1264 | 1.77753e+00 1.42738e-03 | 1.84750e-01 4.21418e-01 |
   1265 | 1.77895e+00 1.42738e-03 | 1.84750e-01 4.21417e-01 |
   1266 | 1.78038e+00 1.42738e-03 | 1.84750e-01 4.21417e-01 |
   1267 | 1.78181e+00 1.42738e-03 | 1.84750e-01 4.21416e-01 |
   1268 | 1.78324e+00 1.42739e-03 | 1.84750e-01 4.21416e-01 |
   1269 | 1.78466e+00 1.42738e-03 | 1.84750e-01 4.21415e-01 |
   1270 | 1.78609e+00 1.42739e-03 | 1.84750e-01 4.21414e-01 |
   1271 | 1.78752e+00 1.42739e-03 | 1.84750e-01 4.21414e-01 |
   1272 | 1.78895e+00 1.42739e-03 | 1.84750e-01 4.21413e-01 |
   1273 | 1.79037e+00 1.42739e-03 | 1.84750e-01 4.21413e-01 |
   1274 | 1.79180e+00 1.42739e-03 | 1.84750e-01 4.21412e-01 |
   1275 | 1.79323e+00 1.42739e-03 | 1.84750e-01 4.21412e-01 |
   1276 | 1.79465e+00 1.42739e-03 | 1.84751e-01 4.21411e-01 |
   1277 | 1.79608e+00 1.42739e-03 | 1.84751e-01 4.21410e-01 |
   1278 | 1.79751e+00 1.42739e-03 | 1.84751e-01 4.21410e-01 |
   1279 | 1.79894e+00 1.42739e-03 | 1.84751e-01 4.21409e-01 |
   1280 | 1.80036e+00 1.42740e-03 | 1.84751e-01 4.21409e-01 |
   1281 | 1.80179e+00 1.42739e-03 | 1.84751e-01 4.21408e-01 |
   1282 | 1.80322e+00 1.42740e-03 | 1.84751e-01 4.21407e-01 |
   1283 | 1.80465e+00 1.42740e-03 | 1.84751e-01 4.21407e-01 |
   1284 | 1.80607e+00 1.42740e-03 | 1.84751e-01 4.21406e-01 |
   1285 | 1.80750e+00 1.42740e-03 | 1.84751e-01 4.21405e-01 |
   1286 | 1.80893e+00 1.42740e-03 | 1.84751e-01 4.21405e-01 |
   1287 | 1.81036e+00 1.42740e-03 | 1.84751e-01 4.21404e-01 |
   1288 | 1.81178e+00 1.42740e-03 | 1.84751e-01 4.21404e-01 |
   1289 | 1.81321e+00 1.42740e-03 | 1.84751e-01 4.21403e-01 |
   1290 | 1.81464e+00 1.42740e-03 | 1.84751e-01 4.21402e-01 |
   1291 | 1.81607e+00 1.42740e-03 | 1.84752e-01 4.21402e-01 |
   1292 | 1.81749e+00 1.42741e-03 | 1.84752e-01 4.21401e-01 |
   1293 | 1.81892e+00 1.42740e-03 | 1.84752e-01 4.21401e-01 |
   1294 | 1.82035e+00 1.42741e-03 | 1.84752e-01 4.21400e-01 |
   1295 | 1.82178e+00 1.42741e-03 | 1.84752e-01 4.21399e-01 |
   1296 | 1.82320e+00 1.42741e-03 | 1.84752e-01 4.21399e-01 |
   1297 | 1.82463e+00 1.42741e-03 | 1.84752e-01 4.21398e-01 |
   1298 | 1.82606e+00 1.42741e-03 | 1.84752e-01 4.21397e-01 |
   1299 | 1.82748e+00 1.42741e-03 | 1.84752e-01 4.21397e-01 |
   1300 | 1.82891e+00 1.42741e-03 | 1.84752e-01 4.21396e-01 |
   1301 | 1.83034e+00 1.42741e-03 | 1.84752e-01 4.21395e-01 |
   1302 | 1.83177e+00 1.42741e-03 | 1.84752e-01 4.21395e-01 |
   1303 | 1.83319e+00 1.42741e-03 | 1.84752e-01 4.21394e-01 |
   1304 | 1.83462e+00 1.42742e-03 | 1.84752e-01 4.21394e-01 |
   1305 | 1.83510e+00 4.73696e-04 | 1.84752e-01 4.21393e-01 |
   1306 | 1.83652e+00 1.42742e-03 | 1.84753e-01 4.21393e-01 |
   1307 | 1.83795e+00 1.42742e-03 | 1.84753e-01 4.21392e-01 |
   1308 | 1.83938e+00 1.42742e-03 | 1.84753e-01 4.21391e-01 |
   1309 | 1.84081e+00 1.42742e-03 | 1.84753e-01 4.21391e-01 |
   1310 | 1.84223e+00 1.42742e-03 | 1.84753e-01 4.21390e-01 |
   1311 | 1.84366e+00 1.42742e-03 | 1.84753e-01 4.21389e-01 |
   1312 | 1.84509e+00 1.42742e-03 | 1.84753e-01 4.21389e-01 |
   1313 | 1.84652e+00 1.42742e-03 | 1.84753e-01 4.21388e-01 |
   1314 | 1.84794e+00 1.42742e-03 | 1.84753e-01 4.21387e-01 |
   1315 | 1.84937e+00 1.42742e-03 | 1.84753e-01 4.21387e-01 |
   1316 | 1.85080e+00 1.42742e-03 | 1.84753e-01 4.21386e-01 |
   1317 | 1.85222e+00 1.42743e-03 | 1.84753e-01 4.21385e-01 |
   1318 | 1.85365e+00 1.42743e-03 | 1.84753e-01 4.21385e-01 |
   1319 | 1.85508e+00 1.42743e-03 | 1.84754e-01 4.21384e-01 |
   1320 | 1.85651e+00 1.42743e-03 | 1.84754e-01 4.21383e-01 |
   1321 | 1.85793e+00 1.42743e-03 | 1.84754e-01 4.21383e-01 |
   1322 | 1.85936e+00 1.42743e-03 | 1.84754e-01 4.21382e-01 |
   1323 | 1.86079e+00 1.42743e-03 | 1.84754e-01 4.21381e-01 |
   1324 | 1.86222e+00 1.42743e-03 | 1.84754e-01 4.21381e-01 |
   1325 | 1.86364e+00 1.42743e-03 | 1.84754e-01 4.21380e-01 |
   1326 | 1.86507e+00 1.42743e-03 | 1.84754e-01 4.21379e-01 |
   1327 | 1.86650e+00 1.42744e-03 | 1.84754e-01 4.21379e-01 |
   1328 | 1.86793e+00 1.42743e-03 | 1.84754e-01 4.21378e-01 |
   1329 | 1.86935e+00 1.42744e-03 | 1.84754e-01 4.21377e-01 |
   1330 | 1.87078e+00 1.42744e-03 | 1.84754e-01 4.21376e-01 |
   1331 | 1.87221e+00 1.42744e-03 | 1.84754e-01 4.21376e-01 |
   1332 | 1.87364e+00 1.42744e-03 | 1.84755e-01 4.21375e-01 |
   1333 | 1.87506e+00 1.42744e-03 | 1.84755e-01 4.21374e-01 |
   1334 | 1.87649e+00 1.42744e-03 | 1.84755e-01 4.21374e-01 |
   1335 | 1.87792e+00 1.42744e-03 | 1.84755e-01 4.21373e-01 |
   1336 | 1.87935e+00 1.42745e-03 | 1.84755e-01 4.21372e-01 |
   1337 | 1.88077e+00 1.42744e-03 | 1.84755e-01 4.21371e-01 |
   1338 | 1.88220e+00 1.42745e-03 | 1.84755e-01 4.21371e-01 |
   1339 | 1.88363e+00 1.42745e-03 | 1.84755e-01 4.21370e-01 |
   1340 | 1.88506e+00 1.42745e-03 | 1.84755e-01 4.21369e-01 |
   1341 | 1.88648e+00 1.42745e-03 | 1.84755e-01 4.21369e-01 |
   1342 | 1.88791e+00 1.42745e-03 | 1.84755e-01 4.21368e-01 |
   1343 | 1.88934e+00 1.42745e-03 | 1.84755e-01 4.21367e-01 |
   1344 | 1.89077e+00 1.42745e-03 | 1.84755e-01 4.21366e-01 |
   1345 | 1.89219e+00 1.42746e-03 | 1.84756e-01 4.21366e-01 |
   1346 | 1.89362e+00 1.42745e-03 | 1.84756e-01 4.21365e-01 |
   1347 | 1.89505e+00 1.42745e-03 | 1.84756e-01 4.21364e-01 |
   1348 | 1.89648e+00 1.42746e-03 | 1.84756e-01 4.21363e-01 |
   1349 | 1.89790e+00 1.42746e-03 | 1.84756e-01 4.21363e-01 |
   1350 | 1.89837e+00 4.71979e-04 | 1.84756e-01 4.21362e-01 |
   1351 | 1.89980e+00 1.42746e-03 | 1.84756e-01 4.21362e-01 |
   1352 | 1.90123e+00 1.42746e-03 | 1.84756e-01 4.21361e-01 |
   1353 | 1.90266e+00 1.42746e-03 | 1.84756e-01 4.21360e-01 |
   1354 | 1.90408e+00 1.42746e-03 | 1.84756e-01 4.21360e-01 |
   1355 | 1.90551e+00 1.42746e-03 | 1.84756e-01 4.21359e-01 |
   1356 | 1.90694e+00 1.42746e-03 | 1.84756e-01 4.21358e-01 |
   1357 | 1.90837e+00 1.42746e-03 | 1.84756e-01 4.21357e-01 |
   1358 | 1.90979e+00 1.42747e-03 | 1.84757e-01 4.21357e-01 |
   1359 | 1.91122e+00 1.42747e-03 | 1.84757e-01 4.21356e-01 |
   1360 | 1.91265e+00 1.42747e-03 | 1.84757e-01 4.21355e-01 |
   1361 | 1.91408e+00 1.42747e-03 | 1.84757e-01 4.21354e-01 |
   1362 | 1.91550e+00 1.42747e-03 | 1.84757e-01 4.21353e-01 |
   1363 | 1.91693e+00 1.42747e-03 | 1.84757e-01 4.21353e-01 |
   1364 | 1.91836e+00 1.42747e-03 | 1.84757e-01 4.21352e-01 |
   1365 | 1.91979e+00 1.42747e-03 | 1.84757e-01 4.21351e-01 |
   1366 | 1.92121e+00 1.42747e-03 | 1.84757e-01 4.21350e-01 |
   1367 | 1.92264e+00 1.42748e-03 | 1.84757e-01 4.21350e-01 |
   1368 | 1.92407e+00 1.42748e-03 | 1.84757e-01 4.21349e-01 |
   1369 | 1.92550e+00 1.42748e-03 | 1.84757e-01 4.21348e-01 |
   1370 | 1.92692e+00 1.42748e-03 | 1.84758e-01 4.21347e-01 |
   1371 | 1.92835e+00 1.42748e-03 | 1.84758e-01 4.21346e-01 |
   1372 | 1.92978e+00 1.42748e-03 | 1.84758e-01 4.21346e-01 |
   1373 | 1.93121e+00 1.42748e-03 | 1.84758e-01 4.21345e-01 |
   1374 | 1.93263e+00 1.42748e-03 | 1.84758e-01 4.21344e-01 |
   1375 | 1.93406e+00 1.42748e-03 | 1.84758e-01 4.21343e-01 |
   1376 | 1.93549e+00 1.42749e-03 | 1.84758e-01 4.21343e-01 |
   1377 | 1.93692e+00 1.42749e-03 | 1.84758e-01 4.21342e-01 |
   1378 | 1.93834e+00 1.42749e-03 | 1.84758e-01 4.21341e-01 |
   1379 | 1.93977e+00 1.42749e-03 | 1.84758e-01 4.21340e-01 |
   1380 | 1.94120e+00 1.42749e-03 | 1.84758e-01 4.21339e-01 |
   1381 | 1.94263e+00 1.42749e-03 | 1.84758e-01 4.21338e-01 |
   1382 | 1.94405e+00 1.42749e-03 | 1.84759e-01 4.21338e-01 |
   1383 | 1.94548e+00 1.42749e-03 | 1.84759e-01 4.21337e-01 |
   1384 | 1.94691e+00 1.42749e-03 | 1.84759e-01 4.21336e-01 |
   1385 | 1.94834e+00 1.42749e-03 | 1.84759e-01 4.21335e-01 |
   1386 | 1.94976e+00 1.42750e-03 | 1.84759e-01 4.21334e-01 |
   1387 | 1.95119e+00 1.42750e-03 | 1.84759e-01 4.21334e-01 |
   1388 | 1.95262e+00 1.42750e-03 | 1.84759e-01 4.21333e-01 |
   1389 | 1.95405e+00 1.42750e-03 | 1.84759e-01 4.21332e-01 |
   1390 | 1.95547e+00 1.42750e-03 | 1.84759e-01 4.21331e-01 |
   1391 | 1.95690e+00 1.42750e-03 | 1.84759e-01 4.21330e-01 |
   1392 | 1.95833e+00 1.42750e-03 | 1.84759e-01 4.21329e-01 |
   1393 | 1.95976e+00 1.42750e-03 | 1.84760e-01 4.21329e-01 |
   1394 | 1.96118e+00 1.42750e-03 | 1.84760e-01 4.21328e-01 |
   1395 | 1.96165e+00 4.69998e-04 | 1.84760e-01 4.21327e-01 |
   1396 | 1.96308e+00 1.42751e-03 | 1.84760e-01 4.21327e-01 |
   1397 | 1.96451e+00 1.42751e-03 | 1.84760e-01 4.21326e-01 |
   1398 | 1.96594e+00 1.42751e-03 | 1.84760e-01 4.21325e-01 |
   1399 | 1.96736e+00 1.42751e-03 | 1.84760e-01 4.21324e-01 |
   1400 | 1.96879e+00 1.42751e-03 | 1.84760e-01 4.21323e-01 |
   1401 | 1.97022e+00 1.42751e-03 | 1.84760e-01 4.21322e-01 |
   1402 | 1.97165e+00 1.42751e-03 | 1.84760e-01 4.21321e-01 |
   1403 | 1.97307e+00 1.42751e-03 | 1.84760e-01 4.21321e-01 |
   1404 | 1.97450e+00 1.42752e-03 | 1.84761e-01 4.21320e-01 |
   1405 | 1.97593e+00 1.42752e-03 | 1.84761e-01 4.21319e-01 |
   1406 | 1.97736e+00 1.42752e-03 | 1.84761e-01 4.21318e-01 |
   1407 | 1.97878e+00 1.42752e-03 | 1.84761e-01 4.21317e-01 |
   1408 | 1.98021e+00 1.42752e-03 | 1.84761e-01 4.21316e-01 |
   1409 | 1.98164e+00 1.42752e-03 | 1.84761e-01 4.21315e-01 |
   1410 | 1.98307e+00 1.42752e-03 | 1.84761e-01 4.21315e-01 |
   1411 | 1.98449e+00 1.42753e-03 | 1.84761e-01 4.21314e-01 |
   1412 | 1.98592e+00 1.42752e-03 | 1.84761e-01 4.21313e-01 |
   1413 | 1.98735e+00 1.42753e-03 | 1.84761e-01 4.21312e-01 |
   1414 | 1.98878e+00 1.42753e-03 | 1.84761e-01 4.21311e-01 |
   1415 | 1.99020e+00 1.42753e-03 | 1.84762e-01 4.21310e-01 |
   1416 | 1.99163e+00 1.42753e-03 | 1.84762e-01 4.21309e-01 |
   1417 | 1.99306e+00 1.42753e-03 | 1.84762e-01 4.21308e-01 |
   1418 | 1.99449e+00 1.42753e-03 | 1.84762e-01 4.21307e-01 |
   1419 | 1.99591e+00 1.42753e-03 | 1.84762e-01 4.21306e-01 |
   1420 | 1.99734e+00 1.42754e-03 | 1.84762e-01 4.21306e-01 |
   1421 | 1.99877e+00 1.42754e-03 | 1.84762e-01 4.21305e-01 |
   1422 | 2.00020e+00 1.42754e-03 | 1.84762e-01 4.21304e-01 |
   1423 | 2.00162e+00 1.42754e-03 | 1.84762e-01 4.21303e-01 |
   1424 | 2.00305e+00 1.42754e-03 | 1.84762e-01 4.21302e-01 |
   1425 | 2.00448e+00 1.42754e-03 | 1.84763e-01 4.21301e-01 |
   1426 | 2.00591e+00 1.42755e-03 | 1.84763e-01 4.21300e-01 |
   1427 | 2.00733e+00 1.42754e-03 | 1.84763e-01 4.21299e-01 |
   1428 | 2.00876e+00 1.42754e-03 | 1.84763e-01 4.21298e-01 |
   1429 | 2.01019e+00 1.42755e-03 | 1.84763e-01 4.21297e-01 |
   1430 | 2.01162e+00 1.42755e-03 | 1.84763e-01 4.21296e-01 |
   1431 | 2.01305e+00 1.42755e-03 | 1.84763e-01 4.21295e-01 |
   1432 | 2.01447e+00 1.42755e-03 | 1.84763e-01 4.21295e-01 |
   1433 | 2.01590e+00 1.42755e-03 | 1.84763e-01 4.21294e-01 |
   1434 | 2.01733e+00 1.42755e-03 | 1.84763e-01 4.21293e-01 |
   1435 | 2.01876e+00 1.42756e-03 | 1.84764e-01 4.21292e-01 |
   1436 | 2.02018e+00 1.42756e-03 | 1.84764e-01 4.21291e-01 |
   1437 | 2.02161e+00 1.42756e-03 | 1.84764e-01 4.21290e-01 |
   1438 | 2.02304e+00 1.42756e-03 | 1.84764e-01 4.21289e-01 |
   1439 | 2.02447e+00 1.42756e-03 | 1.84764e-01 4.21288e-01 |
   1440 | 2.02493e+00 4.67713e-04 | 1.84764e-01 4.21287e-01 |
   1441 | 2.02636e+00 1.42756e-03 | 1.84764e-01 4.21287e-01 |
   1442 | 2.02779e+00 1.42757e-03 | 1.84764e-01 4.21286e-01 |
   1443 | 2.02922e+00 1.42756e-03 | 1.84764e-01 4.21285e-01 |
   1444 | 2.03064e+00 1.42757e-03 | 1.84764e-01 4.21284e-01 |
   1445 | 2.03207e+00 1.42757e-03 | 1.84764e-01 4.21283e-01 |
   1446 | 2.03350e+00 1.42757e-03 | 1.84765e-01 4.21282e-01 |
   1447 | 2.03493e+00 1.42757e-03 | 1.84765e-01 4.21281e-01 |
   1448 | 2.03635e+00 1.42757e-03 | 1.84765e-01 4.21280e-01 |
   1449 | 2.03778e+00 1.42757e-03 | 1.84765e-01 4.21279e-01 |
   1450 | 2.03921e+00 1.42757e-03 | 1.84765e-01 4.21278e-01 |
   1451 | 2.04064e+00 1.42758e-03 | 1.84765e-01 4.21277e-01 |
   1452 | 2.04206e+00 1.42758e-03 | 1.84765e-01 4.21276e-01 |
   1453 | 2.04349e+00 1.42758e-03 | 1.84765e-01 4.21275e-01 |
   1454 | 2.04492e+00 1.42758e-03 | 1.84765e-01 4.21274e-01 |
   1455 | 2.04635e+00 1.42758e-03 | 1.84765e-01 4.21273e-01 |
   1456 | 2.04777e+00 1.42758e-03 | 1.84766e-01 4.21272e-01 |
   1457 | 2.04920e+00 1.42758e-03 | 1.84766e-01 4.21271e-01 |
   1458 | 2.05063e+00 1.42759e-03 | 1.84766e-01 4.21270e-01 |
   1459 | 2.05206e+00 1.42759e-03 | 1.84766e-01 4.21269e-01 |
   1460 | 2.05348e+00 1.42759e-03 | 1.84766e-01 4.21268e-01 |
   1461 | 2.05491e+00 1.42759e-03 | 1.84766e-01 4.21267e-01 |
   1462 | 2.05634e+00 1.42759e-03 | 1.84766e-01 4.21266e-01 |
   1463 | 2.05777e+00 1.42759e-03 | 1.84766e-01 4.21265e-01 |
   1464 | 2.05920e+00 1.42760e-03 | 1.84766e-01 4.21264e-01 |
   1465 | 2.06062e+00 1.42759e-03 | 1.84767e-01 4.21263e-01 |
   1466 | 2.06205e+00 1.42760e-03 | 1.84767e-01 4.21262e-01 |
   1467 | 2.06348e+00 1.42760e-03 | 1.84767e-01 4.21261e-01 |
   1468 | 2.06491e+00 1.42760e-03 | 1.84767e-01 4.21260e-01 |
   1469 | 2.06633e+00 1.42760e-03 | 1.84767e-01 4.21259e-01 |
   1470 | 2.06776e+00 1.42761e-03 | 1.84767e-01 4.21258e-01 |
   1471 | 2.06919e+00 1.42760e-03 | 1.84767e-01 4.21257e-01 |
   1472 | 2.07062e+00 1.42761e-03 | 1.84767e-01 4.21255e-01 |
   1473 | 2.07204e+00 1.42761e-03 | 1.84767e-01 4.21254e-01 |
   1474 | 2.07347e+00 1.42761e-03 | 1.84768e-01 4.21253e-01 |
   1475 | 2.07490e+00 1.42761e-03 | 1.84768e-01 4.21252e-01 |
   1476 | 2.07633e+00 1.42761e-03 | 1.84768e-01 4.21251e-01 |
   1477 | 2.07775e+00 1.42761e-03 | 1.84768e-01 4.21250e-01 |
   1478 | 2.07918e+00 1.42761e-03 | 1.84768e-01 4.21249e-01 |
   1479 | 2.08061e+00 1.42762e-03 | 1.84768e-01 4.21248e-01 |
   1480 | 2.08204e+00 1.42762e-03 | 1.84768e-01 4.21247e-01 |
   1481 | 2.08346e+00 1.42762e-03 | 1.84768e-01 4.21246e-01 |
   1482 | 2.08489e+00 1.42762e-03 | 1.84768e-01 4.21245e-01 |
   1483 | 2.08632e+00 1.42762e-03 | 1.84769e-01 4.21244e-01 |
   1484 | 2.08775e+00 1.42762e-03 | 1.84769e-01 4.21243e-01 |
   1485 | 2.08821e+00 4.65083e-04 | 1.84769e-01 4.21242e-01 |
   1486 | 2.08964e+00 1.42763e-03 | 1.84769e-01 4.21241e-01 |
   1487 | 2.09107e+00 1.42763e-03 | 1.84769e-01 4.21240e-01 |
   1488 | 2.09250e+00 1.42763e-03 | 1.84769e-01 4.21239e-01 |
   1489 | 2.09392e+00 1.42763e-03 | 1.84769e-01 4.21238e-01 |
   1490 | 2.09535e+00 1.42763e-03 | 1.84769e-01 4.21237e-01 |
   1491 | 2.09678e+00 1.42763e-03 | 1.84769e-01 4.21236e-01 |
   1492 | 2.09821e+00 1.42764e-03 | 1.84770e-01 4.21235e-01 |
   1493 | 2.09963e+00 1.42764e-03 | 1.84770e-01 4.21234e-01 |
   1494 | 2.10106e+00 1.42764e-03 | 1.84770e-01 4.21232e-01 |
   1495 | 2.10249e+00 1.42764e-03 | 1.84770e-01 4.21231e-01 |
   1496 | 2.10392e+00 1.42764e-03 | 1.84770e-01 4.21230e-01 |
   1497 | 2.10534e+00 1.42764e-03 | 1.84770e-01 4.21229e-01 |
   1498 | 2.10677e+00 1.42765e-03 | 1.84770e-01 4.21228e-01 |
   1499 | 2.10820e+00 1.42765e-03 | 1.84770e-01 4.21227e-01 |
   1500 | 2.10963e+00 1.42765e-03 | 1.84770e-01 4.21226e-01 |
   1501 | 2.11105e+00 1.42765e-03 | 1.84771e-01 4.21225e-01 |
   1502 | 2.11248e+00 1.42765e-03 | 1.84771e-01 4.21223e-01 |
   1503 | 2.11391e+00 1.42765e-03 | 1.84771e-01 4.21222e-01 |
   1504 | 2.11534e+00 1.42766e-03 | 1.84771e-01 4.21221e-01 |
   1505 | 2.11677e+00 1.42766e-03 | 1.84771e-01 4.21220e-01 |
   1506 | 2.11819e+00 1.42766e-03 | 1.84771e-01 4.21219e-01 |
   1507 | 2.11962e+00 1.42766e-03 | 1.84771e-01 4.21218e-01 |
   1508 | 2.12105e+00 1.42766e-03 | 1.84771e-01 4.21216e-01 |
   1509 | 2.12248e+00 1.42766e-03 | 1.84772e-01 4.21215e-01 |
   1510 | 2.12390e+00 1.42767e-03 | 1.84772e-01 4.21214e-01 |
   1511 | 2.12533e+00 1.42767e-03 | 1.84772e-01 4.21213e-01 |
   1512 | 2.12676e+00 1.42767e-03 | 1.84772e-01 4.21212e-01 |
   1513 | 2.12819e+00 1.42767e-03 | 1.84772e-01 4.21211e-01 |
   1514 | 2.12961e+00 1.42767e-03 | 1.84772e-01 4.21209e-01 |
   1515 | 2.13104e+00 1.42767e-03 | 1.84772e-01 4.21208e-01 |
   1516 | 2.13247e+00 1.42768e-03 | 1.84772e-01 4.21207e-01 |
   1517 | 2.13390e+00 1.42768e-03 | 1.84772e-01 4.21206e-01 |
   1518 | 2.13532e+00 1.42768e-03 | 1.84773e-01 4.21205e-01 |
   1519 | 2.13675e+00 1.42768e-03 | 1.84773e-01 4.21204e-01 |
   1520 | 2.13818e+00 1.42768e-03 | 1.84773e-01 4.21202e-01 |
   1521 | 2.13961e+00 1.42768e-03 | 1.84773e-01 4.21201e-01 |
   1522 | 2.14104e+00 1.42769e-03 | 1.84773e-01 4.21200e-01 |
   1523 | 2.14246e+00 1.42769e-03 | 1.84773e-01 4.21199e-01 |
   1524 | 2.14389e+00 1.42769e-03 | 1.84773e-01 4.21198e-01 |
   1525 | 2.14532e+00 1.42769e-03 | 1.84773e-01 4.21196e-01 |
   1526 | 2.14675e+00 1.42770e-03 | 1.84774e-01 4.21195e-01 |
   1527 | 2.14817e+00 1.42769e-03 | 1.84774e-01 4.21194e-01 |
   1528 | 2.14960e+00 1.42770e-03 | 1.84774e-01 4.21193e-01 |
   1529 | 2.15103e+00 1.42770e-03 | 1.84774e-01 4.21191e-01 |
   1530 | 2.15149e+00 4.62047e-04 | 1.84774e-01 4.21191e-01 |
   1531 | 2.15292e+00 1.42770e-03 | 1.84774e-01 4.21190e-01 |
   1532 | 2.15435e+00 1.42770e-03 | 1.84774e-01 4.21189e-01 |
   1533 | 2.15577e+00 1.42771e-03 | 1.84774e-01 4.21187e-01 |
   1534 | 2.15720e+00 1.42770e-03 | 1.84775e-01 4.21186e-01 |
   1535 | 2.15863e+00 1.42771e-03 | 1.84775e-01 4.21185e-01 |
   1536 | 2.16006e+00 1.42771e-03 | 1.84775e-01 4.21184e-01 |
   1537 | 2.16149e+00 1.42771e-03 | 1.84775e-01 4.21182e-01 |
   1538 | 2.16291e+00 1.42771e-03 | 1.84775e-01 4.21181e-01 |
   1539 | 2.16434e+00 1.42772e-03 | 1.84775e-01 4.21180e-01 |
   1540 | 2.16577e+00 1.42772e-03 | 1.84775e-01 4.21179e-01 |
   1541 | 2.16720e+00 1.42772e-03 | 1.84775e-01 4.21177e-01 |
   1542 | 2.16862e+00 1.42772e-03 | 1.84776e-01 4.21176e-01 |
   1543 | 2.17005e+00 1.42772e-03 | 1.84776e-01 4.21175e-01 |
   1544 | 2.17148e+00 1.42772e-03 | 1.84776e-01 4.21173e-01 |
   1545 | 2.17291e+00 1.42773e-03 | 1.84776e-01 4.21172e-01 |
   1546 | 2.17433e+00 1.42773e-03 | 1.84776e-01 4.21171e-01 |
   1547 | 2.17576e+00 1.42773e-03 | 1.84776e-01 4.21170e-01 |
   1548 | 2.17719e+00 1.42773e-03 | 1.84776e-01 4.21168e-01 |
   1549 | 2.17862e+00 1.42773e-03 | 1.84776e-01 4.21167e-01 |
   1550 | 2.18005e+00 1.42773e-03 | 1.84777e-01 4.21166e-01 |
   1551 | 2.18147e+00 1.42774e-03 | 1.84777e-01 4.21164e-01 |
   1552 | 2.18290e+00 1.42774e-03 | 1.84777e-01 4.21163e-01 |
   1553 | 2.18433e+00 1.42774e-03 | 1.84777e-01 4.21162e-01 |
   1554 | 2.18576e+00 1.42774e-03 | 1.84777e-01 4.21160e-01 |
   1555 | 2.18718e+00 1.42774e-03 | 1.84777e-01 4.21159e-01 |
   1556 | 2.18861e+00 1.42775e-03 | 1.84777e-01 4.21158e-01 |
   1557 | 2.19004e+00 1.42775e-03 | 1.84778e-01 4.21157e-01 |
   1558 | 2.19147e+00 1.42775e-03 | 1.84778e-01 4.21155e-01 |
   1559 | 2.19290e+00 1.42775e-03 | 1.84778e-01 4.21154e-01 |
   1560 | 2.19432e+00 1.42776e-03 | 1.84778e-01 4.21153e-01 |
   1561 | 2.19575e+00 1.42776e-03 | 1.84778e-01 4.21151e-01 |
   1562 | 2.19718e+00 1.42776e-03 | 1.84778e-01 4.21150e-01 |
   1563 | 2.19861e+00 1.42776e-03 | 1.84778e-01 4.21149e-01 |
   1564 | 2.20003e+00 1.42776e-03 | 1.84778e-01 4.21147e-01 |
   1565 | 2.20146e+00 1.42776e-03 | 1.84779e-01 4.21146e-01 |
   1566 | 2.20289e+00 1.42777e-03 | 1.84779e-01 4.21144e-01 |
   1567 | 2.20432e+00 1.42777e-03 | 1.84779e-01 4.21143e-01 |
   1568 | 2.20575e+00 1.42777e-03 | 1.84779e-01 4.21142e-01 |
   1569 | 2.20717e+00 1.42777e-03 | 1.84779e-01 4.21140e-01 |
   1570 | 2.20860e+00 1.42778e-03 | 1.84779e-01 4.21139e-01 |
   1571 | 2.21003e+00 1.42778e-03 | 1.84779e-01 4.21138e-01 |
   1572 | 2.21146e+00 1.42778e-03 | 1.84780e-01 4.21136e-01 |
   1573 | 2.21288e+00 1.42778e-03 | 1.84780e-01 4.21135e-01 |
   1574 | 2.21431e+00 1.42778e-03 | 1.84780e-01 4.21133e-01 |
   1575 | 2.21477e+00 4.58562e-04 | 1.84780e-01 4.21133e-01 |
   1576 | 2.21620e+00 1.42779e-03 | 1.84780e-01 4.21132e-01 |
   1577 | 2.21763e+00 1.42779e-03 | 1.84780e-01 4.21130e-01 |
   1578 | 2.21905e+00 1.42779e-03 | 1.84780e-01 4.21129e-01 |
   1579 | 2.22048e+00 1.42779e-03 | 1.84780e-01 4.21127e-01 |
   1580 | 2.22191e+00 1.42779e-03 | 1.84781e-01 4.21126e-01 |
   1581 | 2.22334e+00 1.42779e-03 | 1.84781e-01 4.21125e-01 |
   1582 | 2.22477e+00 1.42780e-03 | 1.84781e-01 4.21123e-01 |
   1583 | 2.22619e+00 1.42780e-03 | 1.84781e-01 4.21122e-01 |
   1584 | 2.22762e+00 1.42780e-03 | 1.84781e-01 4.21120e-01 |
   1585 | 2.22905e+00 1.42780e-03 | 1.84781e-01 4.21119e-01 |
   1586 | 2.23048e+00 1.42781e-03 | 1.84781e-01 4.21118e-01 |
   1587 | 2.23190e+00 1.42781e-03 | 1.84782e-01 4.21116e-01 |
   1588 | 2.23333e+00 1.42781e-03 | 1.84782e-01 4.21115e-01 |
   1589 | 2.23476e+00 1.42781e-03 | 1.84782e-01 4.21113e-01 |
   1590 | 2.23619e+00 1.42781e-03 | 1.84782e-01 4.21112e-01 |
   1591 | 2.23762e+00 1.42782e-03 | 1.84782e-01 4.21110e-01 |
   1592 | 2.23904e+00 1.42782e-03 | 1.84782e-01 4.21109e-01 |
   1593 | 2.24047e+00 1.42782e-03 | 1.84782e-01 4.21107e-01 |
   1594 | 2.24190e+00 1.42782e-03 | 1.84783e-01 4.21106e-01 |
   1595 | 2.24333e+00 1.42783e-03 | 1.84783e-01 4.21104e-01 |
   1596 | 2.24475e+00 1.42783e-03 | 1.84783e-01 4.21103e-01 |
   1597 | 2.24618e+00 1.42783e-03 | 1.84783e-01 4.21102e-01 |
   1598 | 2.24761e+00 1.42784e-03 | 1.84783e-01 4.21100e-01 |
   1599 | 2.24904e+00 1.42783e-03 | 1.84783e-01 4.21099e-01 |
   1600 | 2.25047e+00 1.42784e-03 | 1.84784e-01 4.21097e-01 |
   1601 | 2.25189e+00 1.42784e-03 | 1.84784e-01 4.21096e-01 |
   1602 | 2.25332e+00 1.42784e-03 | 1.84784e-01 4.21094e-01 |
   1603 | 2.25475e+00 1.42784e-03 | 1.84784e-01 4.21093e-01 |
   1604 | 2.25618e+00 1.42785e-03 | 1.84784e-01 4.21091e-01 |
   1605 | 2.25761e+00 1.42785e-03 | 1.84784e-01 4.21090e-01 |
   1606 | 2.25903e+00 1.42785e-03 | 1.84784e-01 4.21088e-01 |
   1607 | 2.26046e+00 1.42785e-03 | 1.84785e-01 4.21087e-01 |
   1608 | 2.26189e+00 1.42785e-03 | 1.84785e-01 4.21085e-01 |
   1609 | 2.26332e+00 1.42786e-03 | 1.84785e-01 4.21084e-01 |
   1610 | 2.26474e+00 1.42786e-03 | 1.84785e-01 4.21082e-01 |
   1611 | 2.26617e+00 1.42786e-03 | 1.84785e-01 4.21081e-01 |
   1612 | 2.26760e+00 1.42786e-03 | 1.84785e-01 4.21079e-01 |
   1613 | 2.26903e+00 1.42787e-03 | 1.84785e-01 4.21077e-01 |
   1614 | 2.27046e+00 1.42787e-03 | 1.84786e-01 4.21076e-01 |
   1615 | 2.27188e+00 1.42787e-03 | 1.84786e-01 4.21074e-01 |
   1616 | 2.27331e+00 1.42787e-03 | 1.84786e-01 4.21073e-01 |
   1617 | 2.27474e+00 1.42788e-03 | 1.84786e-01 4.21071e-01 |
   1618 | 2.27617e+00 1.42788e-03 | 1.84786e-01 4.21070e-01 |
   1619 | 2.27760e+00 1.42788e-03 | 1.84786e-01 4.21068e-01 |
   1620 | 2.27805e+00 4.54546e-04 | 1.84786e-01 4.21067e-01 |
   1621 | 2.27948e+00 1.42788e-03 | 1.84787e-01 4.21066e-01 |
   1622 | 2.28091e+00 1.42788e-03 | 1.84787e-01 4.21065e-01 |
   1623 | 2.28233e+00 1.42789e-03 | 1.84787e-01 4.21063e-01 |
   1624 | 2.28376e+00 1.42789e-03 | 1.84787e-01 4.21061e-01 |
   1625 | 2.28519e+00 1.42789e-03 | 1.84787e-01 4.21060e-01 |
   1626 | 2.28662e+00 1.42790e-03 | 1.84787e-01 4.21058e-01 |
   1627 | 2.28805e+00 1.42790e-03 | 1.84788e-01 4.21057e-01 |
   1628 | 2.28947e+00 1.42790e-03 | 1.84788e-01 4.21055e-01 |
   1629 | 2.29090e+00 1.42790e-03 | 1.84788e-01 4.21053e-01 |
   1630 | 2.29233e+00 1.42791e-03 | 1.84788e-01 4.21052e-01 |
   1631 | 2.29376e+00 1.42791e-03 | 1.84788e-01 4.21050e-01 |
   1632 | 2.29518e+00 1.42791e-03 | 1.84788e-01 4.21049e-01 |
   1633 | 2.29661e+00 1.42791e-03 | 1.84788e-01 4.21047e-01 |
   1634 | 2.29804e+00 1.42791e-03 | 1.84789e-01 4.21045e-01 |
   1635 | 2.29947e+00 1.42792e-03 | 1.84789e-01 4.21044e-01 |
   1636 | 2.30090e+00 1.42792e-03 | 1.84789e-01 4.21042e-01 |
   1637 | 2.30232e+00 1.42792e-03 | 1.84789e-01 4.21040e-01 |
   1638 | 2.30375e+00 1.42793e-03 | 1.84789e-01 4.21039e-01 |
   1639 | 2.30518e+00 1.42793e-03 | 1.84789e-01 4.21037e-01 |
   1640 | 2.30661e+00 1.42793e-03 | 1.84790e-01 4.21036e-01 |
   1641 | 2.30804e+00 1.42793e-03 | 1.84790e-01 4.21034e-01 |
   1642 | 2.30946e+00 1.42794e-03 | 1.84790e-01 4.21032e-01 |
   1643 | 2.31089e+00 1.42794e-03 | 1.84790e-01 4.21031e-01 |
   1644 | 2.31232e+00 1.42794e-03 | 1.84790e-01 4.21029e-01 |
   1645 | 2.31375e+00 1.42794e-03 | 1.84790e-01 4.21027e-01 |
   1646 | 2.31518e+00 1.42794e-03 | 1.84791e-01 4.21026e-01 |
   1647 | 2.31660e+00 1.42795e-03 | 1.84791e-01 4.21024e-01 |
   1648 | 2.31803e+00 1.42795e-03 | 1.84791e-01 4.21022e-01 |
   1649 | 2.31946e+00 1.42795e-03 | 1.84791e-01 4.21020e-01 |
   1650 | 2.32089e+00 1.42795e-03 | 1.84791e-01 4.21019e-01 |
   1651 | 2.32232e+00 1.42796e-03 | 1.84791e-01 4.21017e-01 |
   1652 | 2.32374e+00 1.42796e-03 | 1.84792e-01 4.21015e-01 |
   1653 | 2.32517e+00 1.42796e-03 | 1.84792e-01 4.21014e-01 |
   1654 | 2.32660e+00 1.42797e-03 | 1.84792e-01 4.21012e-01 |
   1655 | 2.32803e+00 1.42797e-03 | 1.84792e-01 4.21010e-01 |
   1656 | 2.32946e+00 1.42797e-03 | 1.84792e-01 4.21009e-01 |
   1657 | 2.33088e+00 1.42798e-03 | 1.84792e-01 4.21007e-01 |
   1658 | 2.33231e+00 1.42798e-03 | 1.84793e-01 4.21005e-01 |
   1659 | 2.33374e+00 1.42798e-03 | 1.84793e-01 4.21003e-01 |
   1660 | 2.33517e+00 1.42798e-03 | 1.84793e-01 4.21002e-01 |
   1661 | 2.33660e+00 1.42798e-03 | 1.84793e-01 4.21000e-01 |
   1662 | 2.33802e+00 1.42799e-03 | 1.84793e-01 4.20998e-01 |
   1663 | 2.33945e+00 1.42799e-03 | 1.84793e-01 4.20996e-01 |
   1664 | 2.34088e+00 1.42799e-03 | 1.84794e-01 4.20995e-01 |
   1665 | 2.34133e+00 4.49929e-04 | 1.84794e-01 4.20994e-01 |
   1666 | 2.34276e+00 1.42800e-03 | 1.84794e-01 4.20992e-01 |
   1667 | 2.34419e+00 1.42800e-03 | 1.84794e-01 4.20991e-01 |
   1668 | 2.34561e+00 1.42800e-03 | 1.84794e-01 4.20989e-01 |
   1669 | 2.34704e+00 1.42800e-03 | 1.84794e-01 4.20987e-01 |
   1670 | 2.34847e+00 1.42801e-03 | 1.84794e-01 4.20985e-01 |
   1671 | 2.34990e+00 1.42801e-03 | 1.84795e-01 4.20983e-01 |
   1672 | 2.35133e+00 1.42801e-03 | 1.84795e-01 4.20982e-01 |
   1673 | 2.35275e+00 1.42802e-03 | 1.84795e-01 4.20980e-01 |
   1674 | 2.35418e+00 1.42802e-03 | 1.84795e-01 4.20978e-01 |
   1675 | 2.35561e+00 1.42802e-03 | 1.84795e-01 4.20976e-01 |
   1676 | 2.35704e+00 1.42803e-03 | 1.84795e-01 4.20974e-01 |
   1677 | 2.35847e+00 1.42803e-03 | 1.84796e-01 4.20973e-01 |
   1678 | 2.35989e+00 1.42803e-03 | 1.84796e-01 4.20971e-01 |
   1679 | 2.36132e+00 1.42803e-03 | 1.84796e-01 4.20969e-01 |
   1680 | 2.36275e+00 1.42804e-03 | 1.84796e-01 4.20967e-01 |
   1681 | 2.36418e+00 1.42804e-03 | 1.84796e-01 4.20965e-01 |
   1682 | 2.36561e+00 1.42804e-03 | 1.84797e-01 4.20964e-01 |
   1683 | 2.36703e+00 1.42804e-03 | 1.84797e-01 4.20962e-01 |
   1684 | 2.36846e+00 1.42805e-03 | 1.84797e-01 4.20960e-01 |
   1685 | 2.36989e+00 1.42805e-03 | 1.84797e-01 4.20958e-01 |
   1686 | 2.37132e+00 1.42805e-03 | 1.84797e-01 4.20956e-01 |
   1687 | 2.37275e+00 1.42805e-03 | 1.84797e-01 4.20954e-01 |
   1688 | 2.37417e+00 1.42806e-03 | 1.84798e-01 4.20952e-01 |
   1689 | 2.37560e+00 1.42806e-03 | 1.84798e-01 4.20951e-01 |
   1690 | 2.37703e+00 1.42806e-03 | 1.84798e-01 4.20949e-01 |
   1691 | 2.37846e+00 1.42807e-03 | 1.84798e-01 4.20947e-01 |
   1692 | 2.37989e+00 1.42807e-03 | 1.84798e-01 4.20945e-01 |
   1693 | 2.38131e+00 1.42807e-03 | 1.84798e-01 4.20943e-01 |
   1694 | 2.38274e+00 1.42808e-03 | 1.84799e-01 4.20941e-01 |
   1695 | 2.38417e+00 1.42808e-03 | 1.84799e-01 4.20939e-01 |
   1696 | 2.38560e+00 1.42808e-03 | 1.84799e-01 4.20937e-01 |
   1697 | 2.38703e+00 1.42808e-03 | 1.84799e-01 4.20935e-01 |
   1698 | 2.38845e+00 1.42809e-03 | 1.84799e-01 4.20934e-01 |
   1699 | 2.38988e+00 1.42809e-03 | 1.84800e-01 4.20932e-01 |
   1700 | 2.39131e+00 1.42809e-03 | 1.84800e-01 4.20930e-01 |
   1701 | 2.39274e+00 1.42810e-03 | 1.84800e-01 4.20928e-01 |
   1702 | 2.39417e+00 1.42810e-03 | 1.84800e-01 4.20926e-01 |
   1703 | 2.39559e+00 1.42810e-03 | 1.84800e-01 4.20924e-01 |
   1704 | 2.39702e+00 1.42811e-03 | 1.84800e-01 4.20922e-01 |
   1705 | 2.39845e+00 1.42811e-03 | 1.84801e-01 4.20920e-01 |
   1706 | 2.39988e+00 1.42811e-03 | 1.84801e-01 4.20918e-01 |
   1707 | 2.40131e+00 1.42812e-03 | 1.84801e-01 4.20916e-01 |
   1708 | 2.40274e+00 1.42812e-03 | 1.84801e-01 4.20914e-01 |
   1709 | 2.40416e+00 1.42812e-03 | 1.84801e-01 4.20912e-01 |
   1710 | 2.40461e+00 4.44623e-04 | 1.84801e-01 4.20911e-01 |
   1711 | 2.40604e+00 1.42813e-03 | 1.84802e-01 4.20910e-01 |
   1712 | 2.40746e+00 1.42813e-03 | 1.84802e-01 4.20908e-01 |
   1713 | 2.40889e+00 1.42813e-03 | 1.84802e-01 4.20906e-01 |
   1714 | 2.41032e+00 1.42814e-03 | 1.84802e-01 4.20904e-01 |
   1715 | 2.41175e+00 1.42814e-03 | 1.84802e-01 4.20902e-01 |
   1716 | 2.41318e+00 1.42814e-03 | 1.84803e-01 4.20900e-01 |
   1717 | 2.41461e+00 1.42815e-03 | 1.84803e-01 4.20898e-01 |
   1718 | 2.41603e+00 1.42815e-03 | 1.84803e-01 4.20896e-01 |
   1719 | 2.41746e+00 1.42815e-03 | 1.84803e-01 4.20894e-01 |
   1720 | 2.41889e+00 1.42816e-03 | 1.84803e-01 4.20892e-01 |
   1721 | 2.42032e+00 1.42816e-03 | 1.84803e-01 4.20890e-01 |
   1722 | 2.42175e+00 1.42816e-03 | 1.84804e-01 4.20888e-01 |
   1723 | 2.42317e+00 1.42817e-03 | 1.84804e-01 4.20886e-01 |
   1724 | 2.42460e+00 1.42817e-03 | 1.84804e-01 4.20884e-01 |
   1725 | 2.42603e+00 1.42817e-03 | 1.84804e-01 4.20881e-01 |
   1726 | 2.42746e+00 1.42818e-03 | 1.84804e-01 4.20879e-01 |
   1727 | 2.42889e+00 1.42818e-03 | 1.84805e-01 4.20877e-01 |
   1728 | 2.43031e+00 1.42818e-03 | 1.84805e-01 4.20875e-01 |
   1729 | 2.43174e+00 1.42819e-03 | 1.84805e-01 4.20873e-01 |
   1730 | 2.43317e+00 1.42819e-03 | 1.84805e-01 4.20871e-01 |
   1731 | 2.43460e+00 1.42819e-03 | 1.84805e-01 4.20869e-01 |
   1732 | 2.43603e+00 1.42820e-03 | 1.84806e-01 4.20867e-01 |
   1733 | 2.43746e+00 1.42820e-03 | 1.84806e-01 4.20865e-01 |
   1734 | 2.43888e+00 1.42820e-03 | 1.84806e-01 4.20863e-01 |
   1735 | 2.44031e+00 1.42820e-03 | 1.84806e-01 4.20861e-01 |
   1736 | 2.44174e+00 1.42821e-03 | 1.84806e-01 4.20859e-01 |
   1737 | 2.44317e+00 1.42821e-03 | 1.84807e-01 4.20857e-01 |
   1738 | 2.44460e+00 1.42821e-03 | 1.84807e-01 4.20854e-01 |
   1739 | 2.44603e+00 1.42822e-03 | 1.84807e-01 4.20852e-01 |
   1740 | 2.44745e+00 1.42822e-03 | 1.84807e-01 4.20850e-01 |
   1741 | 2.44888e+00 1.42822e-03 | 1.84807e-01 4.20848e-01 |
   1742 | 2.45031e+00 1.42823e-03 | 1.84807e-01 4.20846e-01 |
   1743 | 2.45174e+00 1.42823e-03 | 1.84808e-01 4.20844e-01 |
   1744 | 2.45317e+00 1.42823e-03 | 1.84808e-01 4.20842e-01 |
   1745 | 2.45459e+00 1.42824e-03 | 1.84808e-01 4.20840e-01 |
   1746 | 2.45602e+00 1.42824e-03 | 1.84808e-01 4.20837e-01 |
   1747 | 2.45745e+00 1.42824e-03 | 1.84808e-01 4.20835e-01 |
   1748 | 2.45888e+00 1.42825e-03 | 1.84809e-01 4.20833e-01 |
   1749 | 2.46031e+00 1.42825e-03 | 1.84809e-01 4.20831e-01 |
   1750 | 2.46174e+00 1.42826e-03 | 1.84809e-01 4.20829e-01 |
   1751 | 2.46316e+00 1.42826e-03 | 1.84809e-01 4.20827e-01 |
   1752 | 2.46459e+00 1.42826e-03 | 1.84809e-01 4.20824e-01 |
   1753 | 2.46602e+00 1.42827e-03 | 1.84810e-01 4.20822e-01 |
   1754 | 2.46745e+00 1.42827e-03 | 1.84810e-01 4.20820e-01 |
   1755 | 2.46789e+00 4.38529e-04 | 1.84810e-01 4.20819e-01 |
   1756 | 2.46932e+00 1.42827e-03 | 1.84810e-01 4.20817e-01 |
   1757 | 2.47074e+00 1.42828e-03 | 1.84810e-01 4.20815e-01 |
   1758 | 2.47217e+00 1.42828e-03 | 1.84811e-01 4.20813e-01 |
   1759 | 2.47360e+00 1.42828e-03 | 1.84811e-01 4.20810e-01 |
   1760 | 2.47503e+00 1.42829e-03 | 1.84811e-01 4.20808e-01 |
   1761 | 2.47646e+00 1.42829e-03 | 1.84811e-01 4.20806e-01 |
   1762 | 2.47789e+00 1.42829e-03 | 1.84811e-01 4.20804e-01 |
   1763 | 2.47931e+00 1.42830e-03 | 1.84812e-01 4.20802e-01 |
   1764 | 2.48074e+00 1.42830e-03 | 1.84812e-01 4.20799e-01 |
   1765 | 2.48217e+00 1.42831e-03 | 1.84812e-01 4.20797e-01 |
   1766 | 2.48360e+00 1.42831e-03 | 1.84812e-01 4.20795e-01 |
   1767 | 2.48503e+00 1.42832e-03 | 1.84812e-01 4.20793e-01 |
   1768 | 2.48646e+00 1.42832e-03 | 1.84813e-01 4.20790e-01 |
   1769 | 2.48788e+00 1.42832e-03 | 1.84813e-01 4.20788e-01 |
   1770 | 2.48931e+00 1.42833e-03 | 1.84813e-01 4.20786e-01 |
   1771 | 2.49074e+00 1.42833e-03 | 1.84813e-01 4.20783e-01 |
   1772 | 2.49217e+00 1.42833e-03 | 1.84813e-01 4.20781e-01 |
   1773 | 2.49360e+00 1.42834e-03 | 1.84814e-01 4.20779e-01 |
   1774 | 2.49503e+00 1.42834e-03 | 1.84814e-01 4.20777e-01 |
   1775 | 2.49645e+00 1.42834e-03 | 1.84814e-01 4.20774e-01 |
   1776 | 2.49788e+00 1.42835e-03 | 1.84814e-01 4.20772e-01 |
   1777 | 2.49931e+00 1.42835e-03 | 1.84814e-01 4.20770e-01 |
   1778 | 2.50074e+00 1.42835e-03 | 1.84815e-01 4.20767e-01 |
   1779 | 2.50217e+00 1.42836e-03 | 1.84815e-01 4.20765e-01 |
   1780 | 2.50360e+00 1.42836e-03 | 1.84815e-01 4.20763e-01 |
   1781 | 2.50502e+00 1.42837e-03 | 1.84815e-01 4.20760e-01 |
   1782 | 2.50645e+00 1.42837e-03 | 1.84815e-01 4.20758e-01 |
   1783 | 2.50788e+00 1.42837e-03 | 1.84816e-01 4.20756e-01 |
   1784 | 2.50931e+00 1.42838e-03 | 1.84816e-01 4.20753e-01 |
   1785 | 2.51074e+00 1.42838e-03 | 1.84816e-01 4.20751e-01 |
   1786 | 2.51217e+00 1.42839e-03 | 1.84816e-01 4.20748e-01 |
   1787 | 2.51359e+00 1.42839e-03 | 1.84816e-01 4.20746e-01 |
   1788 | 2.51502e+00 1.42840e-03 | 1.84817e-01 4.20744e-01 |
   1789 | 2.51645e+00 1.42840e-03 | 1.84817e-01 4.20741e-01 |
   1790 | 2.51788e+00 1.42840e-03 | 1.84817e-01 4.20739e-01 |
   1791 | 2.51931e+00 1.42841e-03 | 1.84817e-01 4.20737e-01 |
   1792 | 2.52074e+00 1.42841e-03 | 1.84818e-01 4.20734e-01 |
   1793 | 2.52216e+00 1.42841e-03 | 1.84818e-01 4.20732e-01 |
   1794 | 2.52359e+00 1.42842e-03 | 1.84818e-01 4.20729e-01 |
   1795 | 2.52502e+00 1.42842e-03 | 1.84818e-01 4.20727e-01 |
   1796 | 2.52645e+00 1.42843e-03 | 1.84818e-01 4.20724e-01 |
   1797 | 2.52788e+00 1.42843e-03 | 1.84819e-01 4.20722e-01 |
   1798 | 2.52931e+00 1.42844e-03 | 1.84819e-01 4.20720e-01 |
   1799 | 2.53073e+00 1.42844e-03 | 1.84819e-01 4.20717e-01 |
   1800 | 2.53117e+00 4.31543e-04 | 1.84819e-01 4.20716e-01 |
   1801 | 2.53259e+00 1.42845e-03 | 1.84819e-01 4.20714e-01 |
   1802 | 2.53402e+00 1.42845e-03 | 1.84820e-01 4.20712e-01 |
   1803 | 2.53545e+00 1.42845e-03 | 1.84820e-01 4.20709e-01 |
   1804 | 2.53688e+00 1.42846e-03 | 1.84820e-01 4.20707e-01 |
   1805 | 2.53831e+00 1.42846e-03 | 1.84820e-01 4.20704e-01 |
   1806 | 2.53974e+00 1.42846e-03 | 1.84820e-01 4.20702e-01 |
   1807 | 2.54117e+00 1.42847e-03 | 1.84821e-01 4.20699e-01 |
   1808 | 2.54259e+00 1.42847e-03 | 1.84821e-01 4.20697e-01 |
   1809 | 2.54402e+00 1.42848e-03 | 1.84821e-01 4.20694e-01 |
   1810 | 2.54545e+00 1.42848e-03 | 1.84821e-01 4.20692e-01 |
   1811 | 2.54688e+00 1.42849e-03 | 1.84821e-01 4.20689e-01 |
   1812 | 2.54831e+00 1.42849e-03 | 1.84822e-01 4.20687e-01 |
   1813 | 2.54974e+00 1.42849e-03 | 1.84822e-01 4.20684e-01 |
   1814 | 2.55117e+00 1.42850e-03 | 1.84822e-01 4.20682e-01 |
   1815 | 2.55259e+00 1.42850e-03 | 1.84822e-01 4.20679e-01 |
   1816 | 2.55402e+00 1.42851e-03 | 1.84823e-01 4.20677e-01 |
   1817 | 2.55545e+00 1.42851e-03 | 1.84823e-01 4.20674e-01 |
   1818 | 2.55688e+00 1.42852e-03 | 1.84823e-01 4.20671e-01 |
   1819 | 2.55831e+00 1.42852e-03 | 1.84823e-01 4.20669e-01 |
   1820 | 2.55974e+00 1.42853e-03 | 1.84823e-01 4.20666e-01 |
   1821 | 2.56116e+00 1.42853e-03 | 1.84824e-01 4.20664e-01 |
   1822 | 2.56259e+00 1.42853e-03 | 1.84824e-01 4.20661e-01 |
   1823 | 2.56402e+00 1.42854e-03 | 1.84824e-01 4.20659e-01 |
   1824 | 2.56545e+00 1.42854e-03 | 1.84824e-01 4.20656e-01 |
   1825 | 2.56688e+00 1.42855e-03 | 1.84825e-01 4.20653e-01 |
   1826 | 2.56831e+00 1.42855e-03 | 1.84825e-01 4.20651e-01 |
   1827 | 2.56974e+00 1.42856e-03 | 1.84825e-01 4.20648e-01 |
   1828 | 2.57116e+00 1.42856e-03 | 1.84825e-01 4.20646e-01 |
   1829 | 2.57259e+00 1.42857e-03 | 1.84825e-01 4.20643e-01 |
   1830 | 2.57402e+00 1.42857e-03 | 1.84826e-01 4.20640e-01 |
   1831 | 2.57545e+00 1.42857e-03 | 1.84826e-01 4.20638e-01 |
   1832 | 2.57688e+00 1.42858e-03 | 1.84826e-01 4.20635e-01 |
   1833 | 2.57831e+00 1.42858e-03 | 1.84826e-01 4.20632e-01 |
   1834 | 2.57974e+00 1.42859e-03 | 1.84827e-01 4.20630e-01 |
   1835 | 2.58116e+00 1.42859e-03 | 1.84827e-01 4.20627e-01 |
   1836 | 2.58259e+00 1.42860e-03 | 1.84827e-01 4.20624e-01 |
   1837 | 2.58402e+00 1.42860e-03 | 1.84827e-01 4.20622e-01 |
   1838 | 2.58545e+00 1.42861e-03 | 1.84827e-01 4.20619e-01 |
   1839 | 2.58688e+00 1.42861e-03 | 1.84828e-01 4.20616e-01 |
   1840 | 2.58831e+00 1.42861e-03 | 1.84828e-01 4.20614e-01 |
   1841 | 2.58974e+00 1.42862e-03 | 1.84828e-01 4.20611e-01 |
   1842 | 2.59116e+00 1.42862e-03 | 1.84828e-01 4.20608e-01 |
   1843 | 2.59259e+00 1.42863e-03 | 1.84829e-01 4.20606e-01 |
   1844 | 2.59402e+00 1.42863e-03 | 1.84829e-01 4.20603e-01 |
   1845 | 2.59445e+00 4.23530e-04 | 1.84829e-01 4.20602e-01 |
   1846 | 2.59587e+00 1.42864e-03 | 1.84829e-01 4.20599e-01 |
   1847 | 2.59730e+00 1.42864e-03 | 1.84829e-01 4.20597e-01 |
   1848 | 2.59873e+00 1.42865e-03 | 1.84830e-01 4.20594e-01 |
   1849 | 2.60016e+00 1.42865e-03 | 1.84830e-01 4.20591e-01 |
   1850 | 2.60159e+00 1.42866e-03 | 1.84830e-01 4.20588e-01 |
   1851 | 2.60302e+00 1.42866e-03 | 1.84830e-01 4.20586e-01 |
   1852 | 2.60445e+00 1.42867e-03 | 1.84831e-01 4.20583e-01 |
   1853 | 2.60587e+00 1.42867e-03 | 1.84831e-01 4.20580e-01 |
   1854 | 2.60730e+00 1.42868e-03 | 1.84831e-01 4.20577e-01 |
   1855 | 2.60873e+00 1.42868e-03 | 1.84831e-01 4.20575e-01 |
   1856 | 2.61016e+00 1.42869e-03 | 1.84831e-01 4.20572e-01 |
   1857 | 2.61159e+00 1.42869e-03 | 1.84832e-01 4.20569e-01 |
   1858 | 2.61302e+00 1.42870e-03 | 1.84832e-01 4.20566e-01 |
   1859 | 2.61445e+00 1.42870e-03 | 1.84832e-01 4.20564e-01 |
   1860 | 2.61588e+00 1.42871e-03 | 1.84832e-01 4.20561e-01 |
   1861 | 2.61730e+00 1.42871e-03 | 1.84833e-01 4.20558e-01 |
   1862 | 2.61873e+00 1.42872e-03 | 1.84833e-01 4.20555e-01 |
   1863 | 2.62016e+00 1.42872e-03 | 1.84833e-01 4.20552e-01 |
   1864 | 2.62159e+00 1.42873e-03 | 1.84833e-01 4.20549e-01 |
   1865 | 2.62302e+00 1.42873e-03 | 1.84834e-01 4.20547e-01 |
   1866 | 2.62445e+00 1.42874e-03 | 1.84834e-01 4.20544e-01 |
   1867 | 2.62588e+00 1.42874e-03 | 1.84834e-01 4.20541e-01 |
   1868 | 2.62731e+00 1.42875e-03 | 1.84834e-01 4.20538e-01 |
   1869 | 2.62873e+00 1.42875e-03 | 1.84835e-01 4.20535e-01 |
   1870 | 2.63016e+00 1.42876e-03 | 1.84835e-01 4.20532e-01 |
   1871 | 2.63159e+00 1.42876e-03 | 1.84835e-01 4.20529e-01 |
   1872 | 2.63302e+00 1.42877e-03 | 1.84835e-01 4.20527e-01 |
   1873 | 2.63445e+00 1.42877e-03 | 1.84835e-01 4.20524e-01 |
   1874 | 2.63588e+00 1.42878e-03 | 1.84836e-01 4.20521e-01 |
   1875 | 2.63731e+00 1.42878e-03 | 1.84836e-01 4.20518e-01 |
   1876 | 2.63874e+00 1.42879e-03 | 1.84836e-01 4.20515e-01 |
   1877 | 2.64016e+00 1.42879e-03 | 1.84836e-01 4.20512e-01 |
   1878 | 2.64159e+00 1.42880e-03 | 1.84837e-01 4.20509e-01 |
   1879 | 2.64302e+00 1.42881e-03 | 1.84837e-01 4.20506e-01 |
   1880 | 2.64445e+00 1.42881e-03 | 1.84837e-01 4.20503e-01 |
   1881 | 2.64588e+00 1.42881e-03 | 1.84837e-01 4.20500e-01 |
   1882 | 2.64731e+00 1.42882e-03 | 1.84838e-01 4.20497e-01 |
   1883 | 2.64874e+00 1.42882e-03 | 1.84838e-01 4.20494e-01 |
   1884 | 2.65017e+00 1.42883e-03 | 1.84838e-01 4.20491e-01 |
   1885 | 2.65160e+00 1.42884e-03 | 1.84838e-01 4.20488e-01 |
   1886 | 2.65302e+00 1.42884e-03 | 1.84839e-01 4.20485e-01 |
   1887 | 2.65445e+00 1.42884e-03 | 1.84839e-01 4.20482e-01 |
   1888 | 2.65588e+00 1.42885e-03 | 1.84839e-01 4.20479e-01 |
   1889 | 2.65731e+00 1.42886e-03 | 1.84839e-01 4.20476e-01 |
   1890 | 2.65772e+00 4.14359e-04 | 1.84839e-01 4.20475e-01 |
   1891 | 2.65915e+00 1.42886e-03 | 1.84840e-01 4.20473e-01 |
   1892 | 2.66058e+00 1.42887e-03 | 1.84840e-01 4.20470e-01 |
   1893 | 2.66201e+00 1.42887e-03 | 1.84840e-01 4.20467e-01 |
   1894 | 2.66344e+00 1.42888e-03 | 1.84840e-01 4.20464e-01 |
   1895 | 2.66487e+00 1.42889e-03 | 1.84841e-01 4.20461e-01 |
   1896 | 2.66630e+00 1.42889e-03 | 1.84841e-01 4.20457e-01 |
   1897 | 2.66773e+00 1.42889e-03 | 1.84841e-01 4.20454e-01 |
   1898 | 2.66916e+00 1.42890e-03 | 1.84841e-01 4.20451e-01 |
   1899 | 2.67058e+00 1.42891e-03 | 1.84842e-01 4.20448e-01 |
   1900 | 2.67201e+00 1.42891e-03 | 1.84842e-01 4.20445e-01 |
   1901 | 2.67344e+00 1.42892e-03 | 1.84842e-01 4.20442e-01 |
   1902 | 2.67487e+00 1.42892e-03 | 1.84842e-01 4.20439e-01 |
   1903 | 2.67630e+00 1.42893e-03 | 1.84843e-01 4.20436e-01 |
   1904 | 2.67773e+00 1.42894e-03 | 1.84843e-01 4.20433e-01 |
   1905 | 2.67916e+00 1.42894e-03 | 1.84843e-01 4.20430e-01 |
   1906 | 2.68059e+00 1.42894e-03 | 1.84843e-01 4.20427e-01 |
   1907 | 2.68202e+00 1.42895e-03 | 1.84844e-01 4.20424e-01 |
   1908 | 2.68345e+00 1.42896e-03 | 1.84844e-01 4.20421e-01 |
   1909 | 2.68487e+00 1.42896e-03 | 1.84844e-01 4.20417e-01 |
   1910 | 2.68630e+00 1.42897e-03 | 1.84844e-01 4.20414e-01 |
   1911 | 2.68773e+00 1.42897e-03 | 1.84845e-01 4.20411e-01 |
   1912 | 2.68916e+00 1.42898e-03 | 1.84845e-01 4.20408e-01 |
   1913 | 2.69059e+00 1.42899e-03 | 1.84845e-01 4.20405e-01 |
   1914 | 2.69202e+00 1.42899e-03 | 1.84845e-01 4.20402e-01 |
   1915 | 2.69345e+00 1.42900e-03 | 1.84846e-01 4.20399e-01 |
   1916 | 2.69488e+00 1.42900e-03 | 1.84846e-01 4.20395e-01 |
   1917 | 2.69631e+00 1.42901e-03 | 1.84846e-01 4.20392e-01 |
   1918 | 2.69774e+00 1.42901e-03 | 1.84846e-01 4.20389e-01 |
   1919 | 2.69916e+00 1.42902e-03 | 1.84847e-01 4.20386e-01 |
   1920 | 2.70059e+00 1.42903e-03 | 1.84847e-01 4.20383e-01 |
   1921 | 2.70202e+00 1.42903e-03 | 1.84847e-01 4.20379e-01 |
   1922 | 2.70345e+00 1.42904e-03 | 1.84847e-01 4.20376e-01 |
   1923 | 2.70488e+00 1.42905e-03 | 1.84848e-01 4.20373e-01 |
   1924 | 2.70631e+00 1.42905e-03 | 1.84848e-01 4.20370e-01 |
   1925 | 2.70774e+00 1.42905e-03 | 1.84848e-01 4.20366e-01 |
   1926 | 2.70917e+00 1.42906e-03 | 1.84848e-01 4.20363e-01 |
   1927 | 2.71060e+00 1.42907e-03 | 1.84849e-01 4.20360e-01 |
   1928 | 2.71203e+00 1.42907e-03 | 1.84849e-01 4.20357e-01 |
   1929 | 2.71345e+00 1.42908e-03 | 1.84849e-01 4.20353e-01 |
   1930 | 2.71488e+00 1.42908e-03 | 1.84849e-01 4.20350e-01 |
   1931 | 2.71631e+00 1.42909e-03 | 1.84850e-01 4.20347e-01 |
   1932 | 2.71774e+00 1.42910e-03 | 1.84850e-01 4.20344e-01 |
   1933 | 2.71917e+00 1.42910e-03 | 1.84850e-01 4.20340e-01 |
   1934 | 2.72060e+00 1.42911e-03 | 1.84850e-01 4.20337e-01 |
   1935 | 2.72100e+00 4.03871e-04 | 1.84850e-01 4.20336e-01 |
   1936 | 2.72243e+00 1.42912e-03 | 1.84851e-01 4.20333e-01 |
   1937 | 2.72386e+00 1.42912e-03 | 1.84851e-01 4.20329e-01 |
   1938 | 2.72529e+00 1.42913e-03 | 1.84851e-01 4.20326e-01 |
   1939 | 2.72672e+00 1.42914e-03 | 1.84852e-01 4.20323e-01 |
   1940 | 2.72815e+00 1.42914e-03 | 1.84852e-01 4.20319e-01 |
   1941 | 2.72958e+00 1.42915e-03 | 1.84852e-01 4.20316e-01 |
   1942 | 2.73101e+00 1.42916e-03 | 1.84852e-01 4.20313e-01 |
   1943 | 2.73244e+00 1.42916e-03 | 1.84853e-01 4.20309e-01 |
   1944 | 2.73387e+00 1.42917e-03 | 1.84853e-01 4.20306e-01 |
   1945 | 2.73530e+00 1.42918e-03 | 1.84853e-01 4.20303e-01 |
   1946 | 2.73672e+00 1.42918e-03 | 1.84853e-01 4.20299e-01 |
   1947 | 2.73815e+00 1.42919e-03 | 1.84854e-01 4.20296e-01 |
   1948 | 2.73958e+00 1.42919e-03 | 1.84854e-01 4.20293e-01 |
   1949 | 2.74101e+00 1.42920e-03 | 1.84854e-01 4.20289e-01 |
   1950 | 2.74244e+00 1.42920e-03 | 1.84854e-01 4.20286e-01 |
   1951 | 2.74387e+00 1.42921e-03 | 1.84855e-01 4.20282e-01 |
   1952 | 2.74530e+00 1.42922e-03 | 1.84855e-01 4.20279e-01 |
   1953 | 2.74673e+00 1.42922e-03 | 1.84855e-01 4.20275e-01 |
   1954 | 2.74816e+00 1.42923e-03 | 1.84855e-01 4.20272e-01 |
   1955 | 2.74959e+00 1.42924e-03 | 1.84856e-01 4.20269e-01 |
   1956 | 2.75102e+00 1.42924e-03 | 1.84856e-01 4.20265e-01 |
   1957 | 2.75245e+00 1.42925e-03 | 1.84856e-01 4.20262e-01 |
   1958 | 2.75388e+00 1.42926e-03 | 1.84857e-01 4.20258e-01 |
   1959 | 2.75530e+00 1.42926e-03 | 1.84857e-01 4.20255e-01 |
   1960 | 2.75673e+00 1.42927e-03 | 1.84857e-01 4.20251e-01 |
   1961 | 2.75816e+00 1.42928e-03 | 1.84857e-01 4.20248e-01 |
   1962 | 2.75959e+00 1.42928e-03 | 1.84858e-01 4.20244e-01 |
   1963 | 2.76102e+00 1.42929e-03 | 1.84858e-01 4.20241e-01 |
   1964 | 2.76245e+00 1.42930e-03 | 1.84858e-01 4.20237e-01 |
   1965 | 2.76388e+00 1.42930e-03 | 1.84858e-01 4.20234e-01 |
   1966 | 2.76531e+00 1.42931e-03 | 1.84859e-01 4.20230e-01 |
   1967 | 2.76674e+00 1.42932e-03 | 1.84859e-01 4.20227e-01 |
   1968 | 2.76817e+00 1.42932e-03 | 1.84859e-01 4.20223e-01 |
   1969 | 2.76960e+00 1.42933e-03 | 1.84859e-01 4.20220e-01 |
   1970 | 2.77103e+00 1.42934e-03 | 1.84860e-01 4.20216e-01 |
   1971 | 2.77246e+00 1.42934e-03 | 1.84860e-01 4.20213e-01 |
   1972 | 2.77389e+00 1.42935e-03 | 1.84860e-01 4.20209e-01 |
   1973 | 2.77531e+00 1.42936e-03 | 1.84860e-01 4.20205e-01 |
   1974 | 2.77674e+00 1.42936e-03 | 1.84861e-01 4.20202e-01 |
   1975 | 2.77817e+00 1.42937e-03 | 1.84861e-01 4.20198e-01 |
   1976 | 2.77960e+00 1.42938e-03 | 1.84861e-01 4.20195e-01 |
   1977 | 2.78103e+00 1.42939e-03 | 1.84862e-01 4.20191e-01 |
   1978 | 2.78246e+00 1.42939e-03 | 1.84862e-01 4.20187e-01 |
   1979 | 2.78389e+00 1.42940e-03 | 1.84862e-01 4.20184e-01 |
   1980 | 2.78428e+00 3.91891e-04 | 1.84862e-01 4.20183e-01 |
   1981 | 2.78571e+00 1.42941e-03 | 1.84862e-01 4.20179e-01 |
   1982 | 2.78714e+00 1.42942e-03 | 1.84863e-01 4.20176e-01 |
   1983 | 2.78857e+00 1.42943e-03 | 1.84863e-01 4.20172e-01 |
   1984 | 2.79000e+00 1.42943e-03 | 1.84863e-01 4.20168e-01 |
   1985 | 2.79143e+00 1.42944e-03 | 1.84864e-01 4.20165e-01 |
   1986 | 2.79286e+00 1.42945e-03 | 1.84864e-01 4.20161e-01 |
   1987 | 2.79429e+00 1.42945e-03 | 1.84864e-01 4.20157e-01 |
   1988 | 2.79572e+00 1.42946e-03 | 1.84864e-01 4.20154e-01 |
   1989 | 2.79715e+00 1.42947e-03 | 1.84865e-01 4.20150e-01 |
   1990 | 2.79858e+00 1.42947e-03 | 1.84865e-01 4.20146e-01 |
   1991 | 2.80001e+00 1.42948e-03 | 1.84865e-01 4.20143e-01 |
   1992 | 2.80144e+00 1.42949e-03 | 1.84865e-01 4.20139e-01 |
   1993 | 2.80287e+00 1.42949e-03 | 1.84866e-01 4.20135e-01 |
   1994 | 2.80430e+00 1.42950e-03 | 1.84866e-01 4.20131e-01 |
   1995 | 2.80573e+00 1.42951e-03 | 1.84866e-01 4.20128e-01 |
   1996 | 2.80715e+00 1.42952e-03 | 1.84867e-01 4.20124e-01 |
   1997 | 2.80858e+00 1.42952e-03 | 1.84867e-01 4.20120e-01 |
   1998 | 2.81001e+00 1.42953e-03 | 1.84867e-01 4.20116e-01 |
   1999 | 2.81144e+00 1.42954e-03 | 1.84867e-01 4.20113e-01 |
   2000 | 2.81287e+00 1.42954e-03 | 1.84868e-01 4.20109e-01 |
   2001 | 2.81430e+00 1.42955e-03 | 1.84868e-01 4.20105e-01 |
   2002 | 2.81573e+00 1.42956e-03 | 1.84868e-01 4.20101e-01 |
   2003 | 2.81716e+00 1.42957e-03 | 1.84868e-01 4.20098e-01 |
   2004 | 2.81859e+00 1.42958e-03 | 1.84869e-01 4.20094e-01 |
   2005 | 2.82002e+00 1.42958e-03 | 1.84869e-01 4.20090e-01 |
   2006 | 2.82145e+00 1.42959e-03 | 1.84869e-01 4.20086e-01 |
   2007 | 2.82288e+00 1.42960e-03 | 1.84870e-01 4.20082e-01 |
   2008 | 2.82431e+00 1.42961e-03 | 1.84870e-01 4.20078e-01 |
   2009 | 2.82574e+00 1.42961e-03 | 1.84870e-01 4.20075e-01 |
   2010 | 2.82717e+00 1.42962e-03 | 1.84870e-01 4.20071e-01 |
   2011 | 2.82860e+00 1.42963e-03 | 1.84871e-01 4.20067e-01 |
   2012 | 2.83003e+00 1.42964e-03 | 1.84871e-01 4.20063e-01 |
   2013 | 2.83146e+00 1.42964e-03 | 1.84871e-01 4.20059e-01 |
   2014 | 2.83289e+00 1.42965e-03 | 1.84871e-01 4.20055e-01 |
   2015 | 2.83432e+00 1.42966e-03 | 1.84872e-01 4.20051e-01 |
   2016 | 2.83575e+00 1.42967e-03 | 1.84872e-01 4.20048e-01 |
   2017 | 2.83718e+00 1.42968e-03 | 1.84872e-01 4.20044e-01 |
   2018 | 2.83861e+00 1.42968e-03 | 1.84873e-01 4.20040e-01 |
   2019 | 2.84004e+00 1.42969e-03 | 1.84873e-01 4.20036e-01 |
   2020 | 2.84147e+00 1.42970e-03 | 1.84873e-01 4.20032e-01 |
   2021 | 2.84289e+00 1.42971e-03 | 1.84873e-01 4.20028e-01 |
   2022 | 2.84432e+00 1.42971e-03 | 1.84874e-01 4.20024e-01 |
   2023 | 2.84575e+00 1.42973e-03 | 1.84874e-01 4.20020e-01 |
   2024 | 2.84718e+00 1.42973e-03 | 1.84874e-01 4.20016e-01 |
   2025 | 2.84756e+00 3.78241e-04 | 1.84874e-01 4.20015e-01 |
   2026 | 2.84899e+00 1.42974e-03 | 1.84875e-01 4.20011e-01 |
   2027 | 2.85042e+00 1.42975e-03 | 1.84875e-01 4.20007e-01 |
   2028 | 2.85185e+00 1.42976e-03 | 1.84875e-01 4.20003e-01 |
   2029 | 2.85328e+00 1.42976e-03 | 1.84875e-01 4.19999e-01 |
   2030 | 2.85471e+00 1.42977e-03 | 1.84876e-01 4.19995e-01 |
   2031 | 2.85614e+00 1.42978e-03 | 1.84876e-01 4.19991e-01 |
   2032 | 2.85757e+00 1.42979e-03 | 1.84876e-01 4.19987e-01 |
   2033 | 2.85900e+00 1.42980e-03 | 1.84877e-01 4.19983e-01 |
   2034 | 2.86043e+00 1.42980e-03 | 1.84877e-01 4.19979e-01 |
   2035 | 2.86186e+00 1.42981e-03 | 1.84877e-01 4.19975e-01 |
   2036 | 2.86329e+00 1.42982e-03 | 1.84877e-01 4.19971e-01 |
   2037 | 2.86472e+00 1.42983e-03 | 1.84878e-01 4.19967e-01 |
   2038 | 2.86615e+00 1.42984e-03 | 1.84878e-01 4.19963e-01 |
   2039 | 2.86758e+00 1.42985e-03 | 1.84878e-01 4.19959e-01 |
   2040 | 2.86901e+00 1.42985e-03 | 1.84879e-01 4.19955e-01 |
   2041 | 2.87044e+00 1.42986e-03 | 1.84879e-01 4.19951e-01 |
   2042 | 2.87187e+00 1.42987e-03 | 1.84879e-01 4.19947e-01 |
   2043 | 2.87330e+00 1.42988e-03 | 1.84879e-01 4.19943e-01 |
   2044 | 2.87473e+00 1.42989e-03 | 1.84880e-01 4.19939e-01 |
   2045 | 2.87616e+00 1.42990e-03 | 1.84880e-01 4.19934e-01 |
   2046 | 2.87759e+00 1.42990e-03 | 1.84880e-01 4.19930e-01 |
   2047 | 2.87902e+00 1.42991e-03 | 1.84881e-01 4.19926e-01 |
   2048 | 2.88045e+00 1.42992e-03 | 1.84881e-01 4.19922e-01 |
   2049 | 2.88188e+00 1.42993e-03 | 1.84881e-01 4.19918e-01 |
   2050 | 2.88331e+00 1.42994e-03 | 1.84881e-01 4.19914e-01 |
   2051 | 2.88474e+00 1.42995e-03 | 1.84882e-01 4.19910e-01 |
   2052 | 2.88617e+00 1.42996e-03 | 1.84882e-01 4.19905e-01 |
   2053 | 2.88760e+00 1.42996e-03 | 1.84882e-01 4.19901e-01 |
   2054 | 2.88903e+00 1.42997e-03 | 1.84883e-01 4.19897e-01 |
   2055 | 2.89046e+00 1.42998e-03 | 1.84883e-01 4.19893e-01 |
   2056 | 2.89189e+00 1.42999e-03 | 1.84883e-01 4.19889e-01 |
   2057 | 2.89332e+00 1.43000e-03 | 1.84883e-01 4.19885e-01 |
   2058 | 2.89475e+00 1.43001e-03 | 1.84884e-01 4.19880e-01 |
   2059 | 2.89618e+00 1.43002e-03 | 1.84884e-01 4.19876e-01 |
   2060 | 2.89761e+00 1.43003e-03 | 1.84884e-01 4.19872e-01 |
   2061 | 2.89904e+00 1.43004e-03 | 1.84885e-01 4.19868e-01 |
   2062 | 2.90047e+00 1.43004e-03 | 1.84885e-01 4.19863e-01 |
   2063 | 2.90190e+00 1.43005e-03 | 1.84885e-01 4.19859e-01 |
   2064 | 2.90333e+00 1.43006e-03 | 1.84885e-01 4.19855e-01 |
   2065 | 2.90476e+00 1.43007e-03 | 1.84886e-01 4.19851e-01 |
   2066 | 2.90619e+00 1.43008e-03 | 1.84886e-01 4.19846e-01 |
   2067 | 2.90762e+00 1.43009e-03 | 1.84886e-01 4.19842e-01 |
   2068 | 2.90905e+00 1.43010e-03 | 1.84887e-01 4.19838e-01 |
   2069 | 2.91048e+00 1.43010e-03 | 1.84887e-01 4.19833e-01 |
   2070 | 2.91084e+00 3.62704e-04 | 1.84887e-01 4.19832e-01 |
   2071 | 2.91227e+00 1.43012e-03 | 1.84887e-01 4.19828e-01 |
   2072 | 2.91370e+00 1.43013e-03 | 1.84887e-01 4.19824e-01 |
   2073 | 2.91513e+00 1.43013e-03 | 1.84888e-01 4.19819e-01 |
   2074 | 2.91656e+00 1.43015e-03 | 1.84888e-01 4.19815e-01 |
   2075 | 2.91799e+00 1.43015e-03 | 1.84888e-01 4.19811e-01 |
   2076 | 2.91942e+00 1.43016e-03 | 1.84889e-01 4.19806e-01 |
   2077 | 2.92085e+00 1.43017e-03 | 1.84889e-01 4.19802e-01 |
   2078 | 2.92228e+00 1.43018e-03 | 1.84889e-01 4.19798e-01 |
   2079 | 2.92371e+00 1.43019e-03 | 1.84889e-01 4.19793e-01 |
   2080 | 2.92514e+00 1.43020e-03 | 1.84890e-01 4.19789e-01 |
   2081 | 2.92657e+00 1.43021e-03 | 1.84890e-01 4.19785e-01 |
   2082 | 2.92800e+00 1.43022e-03 | 1.84890e-01 4.19780e-01 |
   2083 | 2.92943e+00 1.43023e-03 | 1.84891e-01 4.19776e-01 |
   2084 | 2.93086e+00 1.43024e-03 | 1.84891e-01 4.19771e-01 |
   2085 | 2.93229e+00 1.43025e-03 | 1.84891e-01 4.19767e-01 |
   2086 | 2.93372e+00 1.43026e-03 | 1.84892e-01 4.19763e-01 |
   2087 | 2.93515e+00 1.43027e-03 | 1.84892e-01 4.19758e-01 |
   2088 | 2.93658e+00 1.43027e-03 | 1.84892e-01 4.19754e-01 |
   2089 | 2.93802e+00 1.43029e-03 | 1.84892e-01 4.19749e-01 |
   2090 | 2.93945e+00 1.43029e-03 | 1.84893e-01 4.19745e-01 |
   2091 | 2.94088e+00 1.43030e-03 | 1.84893e-01 4.19740e-01 |
   2092 | 2.94231e+00 1.43031e-03 | 1.84893e-01 4.19736e-01 |
   2093 | 2.94374e+00 1.43032e-03 | 1.84894e-01 4.19731e-01 |
   2094 | 2.94517e+00 1.43033e-03 | 1.84894e-01 4.19727e-01 |
   2095 | 2.94660e+00 1.43034e-03 | 1.84894e-01 4.19722e-01 |
   2096 | 2.94803e+00 1.43035e-03 | 1.84894e-01 4.19718e-01 |
   2097 | 2.94946e+00 1.43036e-03 | 1.84895e-01 4.19713e-01 |
   2098 | 2.95089e+00 1.43037e-03 | 1.84895e-01 4.19709e-01 |
   2099 | 2.95232e+00 1.43038e-03 | 1.84895e-01 4.19704e-01 |
   2100 | 2.95375e+00 1.43039e-03 | 1.84896e-01 4.19700e-01 |
   2101 | 2.95518e+00 1.43040e-03 | 1.84896e-01 4.19695e-01 |
   2102 | 2.95661e+00 1.43041e-03 | 1.84896e-01 4.19691e-01 |
   2103 | 2.95804e+00 1.43042e-03 | 1.84896e-01 4.19686e-01 |
   2104 | 2.95947e+00 1.43043e-03 | 1.84897e-01 4.19681e-01 |
   2105 | 2.96090e+00 1.43044e-03 | 1.84897e-01 4.19677e-01 |
   2106 | 2.96233e+00 1.43045e-03 | 1.84897e-01 4.19672e-01 |
   2107 | 2.96376e+00 1.43046e-03 | 1.84898e-01 4.19668e-01 |
   2108 | 2.96519e+00 1.43047e-03 | 1.84898e-01 4.19663e-01 |
   2109 | 2.96662e+00 1.43048e-03 | 1.84898e-01 4.19658e-01 |
   2110 | 2.96805e+00 1.43049e-03 | 1.84899e-01 4.19654e-01 |
   2111 | 2.96948e+00 1.43050e-03 | 1.84899e-01 4.19649e-01 |
   2112 | 2.97091e+00 1.43051e-03 | 1.84899e-01 4.19645e-01 |
   2113 | 2.97235e+00 1.43052e-03 | 1.84899e-01 4.19640e-01 |
   2114 | 2.97378e+00 1.43053e-03 | 1.84900e-01 4.19635e-01 |
   2115 | 2.97412e+00 3.45052e-04 | 1.84900e-01 4.19634e-01 |
   2116 | 2.97555e+00 1.43054e-03 | 1.84900e-01 4.19629e-01 |
   2117 | 2.97698e+00 1.43055e-03 | 1.84900e-01 4.19625e-01 |
   2118 | 2.97841e+00 1.43057e-03 | 1.84901e-01 4.19620e-01 |
   2119 | 2.97984e+00 1.43057e-03 | 1.84901e-01 4.19615e-01 |
   2120 | 2.98127e+00 1.43059e-03 | 1.84901e-01 4.19611e-01 |
   2121 | 2.98270e+00 1.43060e-03 | 1.84902e-01 4.19606e-01 |
   2122 | 2.98413e+00 1.43061e-03 | 1.84902e-01 4.19601e-01 |
   2123 | 2.98557e+00 1.43062e-03 | 1.84902e-01 4.19597e-01 |
   2124 | 2.98700e+00 1.43063e-03 | 1.84902e-01 4.19592e-01 |
   2125 | 2.98843e+00 1.43064e-03 | 1.84903e-01 4.19587e-01 |
   2126 | 2.98986e+00 1.43065e-03 | 1.84903e-01 4.19582e-01 |
   2127 | 2.99129e+00 1.43066e-03 | 1.84903e-01 4.19578e-01 |
   2128 | 2.99272e+00 1.43067e-03 | 1.84904e-01 4.19573e-01 |
   2129 | 2.99415e+00 1.43068e-03 | 1.84904e-01 4.19568e-01 |
   2130 | 2.99558e+00 1.43069e-03 | 1.84904e-01 4.19563e-01 |
   2131 | 2.99701e+00 1.43070e-03 | 1.84905e-01 4.19558e-01 |
   2132 | 2.99844e+00 1.43071e-03 | 1.84905e-01 4.19554e-01 |
   2133 | 2.99987e+00 1.43073e-03 | 1.84905e-01 4.19549e-01 |
   2134 | 3.00130e+00 1.43073e-03 | 1.84905e-01 4.19544e-01 |
   2135 | 3.00273e+00 1.43074e-03 | 1.84906e-01 4.19539e-01 |
   2136 | 3.00416e+00 1.43076e-03 | 1.84906e-01 4.19534e-01 |
   2137 | 3.00560e+00 1.43077e-03 | 1.84906e-01 4.19530e-01 |
   2138 | 3.00703e+00 1.43078e-03 | 1.84907e-01 4.19525e-01 |
   2139 | 3.00846e+00 1.43079e-03 | 1.84907e-01 4.19520e-01 |
   2140 | 3.00989e+00 1.43080e-03 | 1.84907e-01 4.19515e-01 |
   2141 | 3.01132e+00 1.43081e-03 | 1.84908e-01 4.19510e-01 |
   2142 | 3.01275e+00 1.43082e-03 | 1.84908e-01 4.19505e-01 |
   2143 | 3.01418e+00 1.43083e-03 | 1.84908e-01 4.19500e-01 |
   2144 | 3.01561e+00 1.43084e-03 | 1.84908e-01 4.19495e-01 |
   2145 | 3.01704e+00 1.43086e-03 | 1.84909e-01 4.19491e-01 |
   2146 | 3.01847e+00 1.43087e-03 | 1.84909e-01 4.19486e-01 |
   2147 | 3.01990e+00 1.43088e-03 | 1.84909e-01 4.19481e-01 |
   2148 | 3.02133e+00 1.43089e-03 | 1.84910e-01 4.19476e-01 |
   2149 | 3.02277e+00 1.43090e-03 | 1.84910e-01 4.19471e-01 |
   2150 | 3.02420e+00 1.43091e-03 | 1.84910e-01 4.19466e-01 |
   2151 | 3.02563e+00 1.43092e-03 | 1.84910e-01 4.19461e-01 |
   2152 | 3.02706e+00 1.43094e-03 | 1.84911e-01 4.19456e-01 |
   2153 | 3.02849e+00 1.43094e-03 | 1.84911e-01 4.19451e-01 |
   2154 | 3.02992e+00 1.43096e-03 | 1.84911e-01 4.19446e-01 |
   2155 | 3.03135e+00 1.43097e-03 | 1.84912e-01 4.19441e-01 |
   2156 | 3.03278e+00 1.43098e-03 | 1.84912e-01 4.19436e-01 |
   2157 | 3.03421e+00 1.43099e-03 | 1.84912e-01 4.19431e-01 |
   2158 | 3.03564e+00 1.43101e-03 | 1.84913e-01 4.19426e-01 |
   2159 | 3.03707e+00 1.43101e-03 | 1.84913e-01 4.19421e-01 |
   2160 | 3.03740e+00 3.25052e-04 | 1.84913e-01 4.19420e-01 |
   2161 | 3.03883e+00 1.43103e-03 | 1.84913e-01 4.19415e-01 |
   2162 | 3.04026e+00 1.43104e-03 | 1.84914e-01 4.19410e-01 |
   2163 | 3.04169e+00 1.43105e-03 | 1.84914e-01 4.19405e-01 |
   2164 | 3.04312e+00 1.43106e-03 | 1.84914e-01 4.19400e-01 |
   2165 | 3.04456e+00 1.43108e-03 | 1.84914e-01 4.19395e-01 |
   2166 | 3.04599e+00 1.43109e-03 | 1.84915e-01 4.19390e-01 |
   2167 | 3.04742e+00 1.43110e-03 | 1.84915e-01 4.19384e-01 |
   2168 | 3.04885e+00 1.43111e-03 | 1.84915e-01 4.19379e-01 |
   2169 | 3.05028e+00 1.43112e-03 | 1.84916e-01 4.19374e-01 |
   2170 | 3.05171e+00 1.43113e-03 | 1.84916e-01 4.19369e-01 |
   2171 | 3.05314e+00 1.43115e-03 | 1.84916e-01 4.19364e-01 |
   2172 | 3.05457e+00 1.43116e-03 | 1.84917e-01 4.19359e-01 |
   2173 | 3.05600e+00 1.43117e-03 | 1.84917e-01 4.19354e-01 |
   2174 | 3.05744e+00 1.43118e-03 | 1.84917e-01 4.19349e-01 |
   2175 | 3.05887e+00 1.43119e-03 | 1.84917e-01 4.19343e-01 |
   2176 | 3.06030e+00 1.43121e-03 | 1.84918e-01 4.19338e-01 |
   2177 | 3.06173e+00 1.43122e-03 | 1.84918e-01 4.19333e-01 |
   2178 | 3.06316e+00 1.43123e-03 | 1.84918e-01 4.19328e-01 |
   2179 | 3.06459e+00 1.43124e-03 | 1.84919e-01 4.19323e-01 |
   2180 | 3.06602e+00 1.43126e-03 | 1.84919e-01 4.19318e-01 |
   2181 | 3.06745e+00 1.43127e-03 | 1.84919e-01 4.19312e-01 |
   2182 | 3.06889e+00 1.43128e-03 | 1.84920e-01 4.19307e-01 |
   2183 | 3.07032e+00 1.43129e-03 | 1.84920e-01 4.19302e-01 |
   2184 | 3.07175e+00 1.43131e-03 | 1.84920e-01 4.19297e-01 |
   2185 | 3.07318e+00 1.43132e-03 | 1.84921e-01 4.19292e-01 |
   2186 | 3.07461e+00 1.43133e-03 | 1.84921e-01 4.19286e-01 |
   2187 | 3.07604e+00 1.43134e-03 | 1.84921e-01 4.19281e-01 |
   2188 | 3.07747e+00 1.43135e-03 | 1.84921e-01 4.19276e-01 |
   2189 | 3.07890e+00 1.43137e-03 | 1.84922e-01 4.19271e-01 |
   2190 | 3.08034e+00 1.43138e-03 | 1.84922e-01 4.19265e-01 |
   2191 | 3.08177e+00 1.43139e-03 | 1.84922e-01 4.19260e-01 |
   2192 | 3.08320e+00 1.43140e-03 | 1.84923e-01 4.19255e-01 |
   2193 | 3.08463e+00 1.43142e-03 | 1.84923e-01 4.19249e-01 |
   2194 | 3.08606e+00 1.43143e-03 | 1.84923e-01 4.19244e-01 |
   2195 | 3.08749e+00 1.43144e-03 | 1.84924e-01 4.19239e-01 |
   2196 | 3.08892e+00 1.43146e-03 | 1.84924e-01 4.19233e-01 |
   2197 | 3.09036e+00 1.43147e-03 | 1.84924e-01 4.19228e-01 |
   2198 | 3.09179e+00 1.43148e-03 | 1.84924e-01 4.19223e-01 |
   2199 | 3.09322e+00 1.43150e-03 | 1.84925e-01 4.19217e-01 |
   2200 | 3.09465e+00 1.43151e-03 | 1.84925e-01 4.19212e-01 |
   2201 | 3.09608e+00 1.43152e-03 | 1.84925e-01 4.19207e-01 |
   2202 | 3.09751e+00 1.43154e-03 | 1.84926e-01 4.19201e-01 |
   2203 | 3.09894e+00 1.43155e-03 | 1.84926e-01 4.19196e-01 |
   2204 | 3.10038e+00 1.43156e-03 | 1.84926e-01 4.19190e-01 |
   2205 | 3.10068e+00 3.02434e-04 | 1.84926e-01 4.19189e-01 |
   2206 | 3.10211e+00 1.43158e-03 | 1.84927e-01 4.19184e-01 |
   2207 | 3.10354e+00 1.43159e-03 | 1.84927e-01 4.19178e-01 |
   2208 | 3.10497e+00 1.43160e-03 | 1.84927e-01 4.19173e-01 |
   2209 | 3.10641e+00 1.43162e-03 | 1.84928e-01 4.19168e-01 |
   2210 | 3.10784e+00 1.43163e-03 | 1.84928e-01 4.19162e-01 |
   2211 | 3.10927e+00 1.43164e-03 | 1.84928e-01 4.19157e-01 |
   2212 | 3.11070e+00 1.43166e-03 | 1.84929e-01 4.19151e-01 |
   2213 | 3.11213e+00 1.43167e-03 | 1.84929e-01 4.19146e-01 |
   2214 | 3.11356e+00 1.43168e-03 | 1.84929e-01 4.19140e-01 |
   2215 | 3.11500e+00 1.43170e-03 | 1.84929e-01 4.19135e-01 |
   2216 | 3.11643e+00 1.43171e-03 | 1.84930e-01 4.19129e-01 |
   2217 | 3.11786e+00 1.43172e-03 | 1.84930e-01 4.19124e-01 |
   2218 | 3.11929e+00 1.43174e-03 | 1.84930e-01 4.19118e-01 |
   2219 | 3.12072e+00 1.43175e-03 | 1.84931e-01 4.19113e-01 |
   2220 | 3.12215e+00 1.43176e-03 | 1.84931e-01 4.19107e-01 |
   2221 | 3.12359e+00 1.43178e-03 | 1.84931e-01 4.19102e-01 |
   2222 | 3.12502e+00 1.43179e-03 | 1.84932e-01 4.19096e-01 |
   2223 | 3.12645e+00 1.43180e-03 | 1.84932e-01 4.19091e-01 |
   2224 | 3.12788e+00 1.43182e-03 | 1.84932e-01 4.19085e-01 |
   2225 | 3.12931e+00 1.43183e-03 | 1.84933e-01 4.19080e-01 |
   2226 | 3.13074e+00 1.43184e-03 | 1.84933e-01 4.19074e-01 |
   2227 | 3.13218e+00 1.43186e-03 | 1.84933e-01 4.19068e-01 |
   2228 | 3.13361e+00 1.43187e-03 | 1.84933e-01 4.19063e-01 |
   2229 | 3.13504e+00 1.43189e-03 | 1.84934e-01 4.19057e-01 |
   2230 | 3.13647e+00 1.43190e-03 | 1.84934e-01 4.19052e-01 |
   2231 | 3.13790e+00 1.43192e-03 | 1.84934e-01 4.19046e-01 |
   2232 | 3.13934e+00 1.43193e-03 | 1.84935e-01 4.19040e-01 |
   2233 | 3.14077e+00 1.43194e-03 | 1.84935e-01 4.19035e-01 |
   2234 | 3.14220e+00 1.43196e-03 | 1.84935e-01 4.19029e-01 |
   2235 | 3.14363e+00 1.43197e-03 | 1.84936e-01 4.19023e-01 |
   2236 | 3.14506e+00 1.43198e-03 | 1.84936e-01 4.19018e-01 |
   2237 | 3.14650e+00 1.43200e-03 | 1.84936e-01 4.19012e-01 |
   2238 | 3.14793e+00 1.43201e-03 | 1.84937e-01 4.19006e-01 |
   2239 | 3.14936e+00 1.43203e-03 | 1.84937e-01 4.19001e-01 |
   2240 | 3.15079e+00 1.43205e-03 | 1.84937e-01 4.18995e-01 |
   2241 | 3.15222e+00 1.43206e-03 | 1.84937e-01 4.18989e-01 |
   2242 | 3.15366e+00 1.43207e-03 | 1.84938e-01 4.18984e-01 |
   2243 | 3.15509e+00 1.43209e-03 | 1.84938e-01 4.18978e-01 |
   2244 | 3.15652e+00 1.43210e-03 | 1.84938e-01 4.18972e-01 |
   2245 | 3.15795e+00 1.43211e-03 | 1.84939e-01 4.18966e-01 |
   2246 | 3.15938e+00 1.43213e-03 | 1.84939e-01 4.18961e-01 |
   2247 | 3.16082e+00 1.43214e-03 | 1.84939e-01 4.18955e-01 |
   2248 | 3.16225e+00 1.43216e-03 | 1.84940e-01 4.18949e-01 |
   2249 | 3.16368e+00 1.43217e-03 | 1.84940e-01 4.18943e-01 |
   2250 | 3.16396e+00 2.76925e-04 | 1.84940e-01 4.18942e-01 |
   2251 | 3.16539e+00 1.43219e-03 | 1.84940e-01 4.18936e-01 |
   2252 | 3.16682e+00 1.43220e-03 | 1.84941e-01 4.18931e-01 |
   2253 | 3.16825e+00 1.43222e-03 | 1.84941e-01 4.18925e-01 |
   2254 | 3.16969e+00 1.43224e-03 | 1.84941e-01 4.18919e-01 |
   2255 | 3.17112e+00 1.43225e-03 | 1.84942e-01 4.18913e-01 |
   2256 | 3.17255e+00 1.43227e-03 | 1.84942e-01 4.18907e-01 |
   2257 | 3.17398e+00 1.43228e-03 | 1.84942e-01 4.18902e-01 |
   2258 | 3.17542e+00 1.43229e-03 | 1.84942e-01 4.18896e-01 |
   2259 | 3.17685e+00 1.43231e-03 | 1.84943e-01 4.18890e-01 |
   2260 | 3.17828e+00 1.43233e-03 | 1.84943e-01 4.18884e-01 |
   2261 | 3.17971e+00 1.43234e-03 | 1.84943e-01 4.18878e-01 |
   2262 | 3.18115e+00 1.43236e-03 | 1.84944e-01 4.18872e-01 |
   2263 | 3.18258e+00 1.43237e-03 | 1.84944e-01 4.18866e-01 |
   2264 | 3.18401e+00 1.43238e-03 | 1.84944e-01 4.18860e-01 |
   2265 | 3.18544e+00 1.43240e-03 | 1.84945e-01 4.18854e-01 |
   2266 | 3.18687e+00 1.43242e-03 | 1.84945e-01 4.18849e-01 |
   2267 | 3.18831e+00 1.43243e-03 | 1.84945e-01 4.18843e-01 |
   2268 | 3.18974e+00 1.43245e-03 | 1.84946e-01 4.18837e-01 |
   2269 | 3.19117e+00 1.43246e-03 | 1.84946e-01 4.18831e-01 |
   2270 | 3.19260e+00 1.43248e-03 | 1.84946e-01 4.18825e-01 |
   2271 | 3.19404e+00 1.43249e-03 | 1.84946e-01 4.18819e-01 |
   2272 | 3.19547e+00 1.43251e-03 | 1.84947e-01 4.18813e-01 |
   2273 | 3.19690e+00 1.43252e-03 | 1.84947e-01 4.18807e-01 |
   2274 | 3.19833e+00 1.43254e-03 | 1.84947e-01 4.18801e-01 |
   2275 | 3.19977e+00 1.43256e-03 | 1.84948e-01 4.18795e-01 |
   2276 | 3.20120e+00 1.43257e-03 | 1.84948e-01 4.18789e-01 |
   2277 | 3.20263e+00 1.43259e-03 | 1.84948e-01 4.18783e-01 |
   2278 | 3.20407e+00 1.43261e-03 | 1.84949e-01 4.18777e-01 |
   2279 | 3.20550e+00 1.43262e-03 | 1.84949e-01 4.18771e-01 |
   2280 | 3.20693e+00 1.43263e-03 | 1.84949e-01 4.18765e-01 |
   2281 | 3.20836e+00 1.43265e-03 | 1.84950e-01 4.18759e-01 |
   2282 | 3.20980e+00 1.43267e-03 | 1.84950e-01 4.18753e-01 |
   2283 | 3.21123e+00 1.43268e-03 | 1.84950e-01 4.18747e-01 |
   2284 | 3.21266e+00 1.43270e-03 | 1.84951e-01 4.18741e-01 |
   2285 | 3.21409e+00 1.43272e-03 | 1.84951e-01 4.18735e-01 |
   2286 | 3.21553e+00 1.43273e-03 | 1.84951e-01 4.18728e-01 |
   2287 | 3.21696e+00 1.43275e-03 | 1.84951e-01 4.18722e-01 |
   2288 | 3.21839e+00 1.43276e-03 | 1.84952e-01 4.18716e-01 |
   2289 | 3.21982e+00 1.43278e-03 | 1.84952e-01 4.18710e-01 |
   2290 | 3.22126e+00 1.43280e-03 | 1.84952e-01 4.18704e-01 |
   2291 | 3.22269e+00 1.43281e-03 | 1.84953e-01 4.18698e-01 |
   2292 | 3.22412e+00 1.43283e-03 | 1.84953e-01 4.18692e-01 |
   2293 | 3.22556e+00 1.43285e-03 | 1.84953e-01 4.18686e-01 |
   2294 | 3.22699e+00 1.43286e-03 | 1.84954e-01 4.18679e-01 |
   2295 | 3.22724e+00 2.48244e-04 | 1.84954e-01 4.18678e-01 |
   2296 | 3.22867e+00 1.43288e-03 | 1.84954e-01 4.18672e-01 |
   2297 | 3.23010e+00 1.43290e-03 | 1.84954e-01 4.18666e-01 |
   2298 | 3.23154e+00 1.43292e-03 | 1.84955e-01 4.18660e-01 |
   2299 | 3.23297e+00 1.43293e-03 | 1.84955e-01 4.18654e-01 |
   2300 | 3.23440e+00 1.43295e-03 | 1.84955e-01 4.18647e-01 |
   2301 | 3.23583e+00 1.43297e-03 | 1.84956e-01 4.18641e-01 |
   2302 | 3.23727e+00 1.43298e-03 | 1.84956e-01 4.18635e-01 |
   2303 | 3.23870e+00 1.43300e-03 | 1.84956e-01 4.18629e-01 |
   2304 | 3.24013e+00 1.43302e-03 | 1.84957e-01 4.18623e-01 |
   2305 | 3.24157e+00 1.43303e-03 | 1.84957e-01 4.18616e-01 |
   2306 | 3.24300e+00 1.43305e-03 | 1.84957e-01 4.18610e-01 |
   2307 | 3.24443e+00 1.43307e-03 | 1.84958e-01 4.18604e-01 |
   2308 | 3.24587e+00 1.43308e-03 | 1.84958e-01 4.18597e-01 |
   2309 | 3.24730e+00 1.43310e-03 | 1.84958e-01 4.18591e-01 |
   2310 | 3.24873e+00 1.43312e-03 | 1.84958e-01 4.18585e-01 |
   2311 | 3.25017e+00 1.43313e-03 | 1.84959e-01 4.18579e-01 |
   2312 | 3.25160e+00 1.43315e-03 | 1.84959e-01 4.18572e-01 |
   2313 | 3.25303e+00 1.43317e-03 | 1.84959e-01 4.18566e-01 |
   2314 | 3.25446e+00 1.43319e-03 | 1.84960e-01 4.18560e-01 |
   2315 | 3.25590e+00 1.43320e-03 | 1.84960e-01 4.18553e-01 |
   2316 | 3.25733e+00 1.43322e-03 | 1.84960e-01 4.18547e-01 |
   2317 | 3.25876e+00 1.43324e-03 | 1.84961e-01 4.18541e-01 |
   2318 | 3.26020e+00 1.43326e-03 | 1.84961e-01 4.18534e-01 |
   2319 | 3.26163e+00 1.43328e-03 | 1.84961e-01 4.18528e-01 |
   2320 | 3.26306e+00 1.43329e-03 | 1.84962e-01 4.18522e-01 |
   2321 | 3.26450e+00 1.43331e-03 | 1.84962e-01 4.18515e-01 |
   2322 | 3.26593e+00 1.43333e-03 | 1.84962e-01 4.18509e-01 |
   2323 | 3.26736e+00 1.43334e-03 | 1.84963e-01 4.18502e-01 |
   2324 | 3.26880e+00 1.43336e-03 | 1.84963e-01 4.18496e-01 |
   2325 | 3.27023e+00 1.43338e-03 | 1.84963e-01 4.18490e-01 |
   2326 | 3.27166e+00 1.43340e-03 | 1.84964e-01 4.18483e-01 |
   2327 | 3.27310e+00 1.43341e-03 | 1.84964e-01 4.18477e-01 |
   2328 | 3.27453e+00 1.43344e-03 | 1.84964e-01 4.18470e-01 |
   2329 | 3.27596e+00 1.43345e-03 | 1.84965e-01 4.18464e-01 |
   2330 | 3.27740e+00 1.43347e-03 | 1.84965e-01 4.18457e-01 |
   2331 | 3.27883e+00 1.43349e-03 | 1.84965e-01 4.18451e-01 |
   2332 | 3.28027e+00 1.43351e-03 | 1.84965e-01 4.18444e-01 |
   2333 | 3.28170e+00 1.43352e-03 | 1.84966e-01 4.18438e-01 |
   2334 | 3.28313e+00 1.43354e-03 | 1.84966e-01 4.18431e-01 |
   2335 | 3.28457e+00 1.43356e-03 | 1.84966e-01 4.18425e-01 |
   2336 | 3.28600e+00 1.43358e-03 | 1.84967e-01 4.18418e-01 |
   2337 | 3.28743e+00 1.43360e-03 | 1.84967e-01 4.18412e-01 |
   2338 | 3.28887e+00 1.43362e-03 | 1.84967e-01 4.18405e-01 |
   2339 | 3.29030e+00 1.43363e-03 | 1.84968e-01 4.18399e-01 |
   2340 | 3.29052e+00 2.16089e-04 | 1.84968e-01 4.18397e-01 |
   2341 | 3.29195e+00 1.43366e-03 | 1.84968e-01 4.18391e-01 |
   2342 | 3.29338e+00 1.43368e-03 | 1.84968e-01 4.18385e-01 |
   2343 | 3.29482e+00 1.43369e-03 | 1.84969e-01 4.18378e-01 |
   2344 | 3.29625e+00 1.43371e-03 | 1.84969e-01 4.18371e-01 |
   2345 | 3.29768e+00 1.43373e-03 | 1.84969e-01 4.18365e-01 |
   2346 | 3.29912e+00 1.43375e-03 | 1.84970e-01 4.18358e-01 |
   2347 | 3.30055e+00 1.43377e-03 | 1.84970e-01 4.18352e-01 |
   2348 | 3.30199e+00 1.43379e-03 | 1.84970e-01 4.18345e-01 |
   2349 | 3.30342e+00 1.43380e-03 | 1.84971e-01 4.18338e-01 |
   2350 | 3.30485e+00 1.43382e-03 | 1.84971e-01 4.18332e-01 |
   2351 | 3.30629e+00 1.43385e-03 | 1.84971e-01 4.18325e-01 |
   2352 | 3.30772e+00 1.43386e-03 | 1.84972e-01 4.18319e-01 |
   2353 | 3.30916e+00 1.43388e-03 | 1.84972e-01 4.18312e-01 |
   2354 | 3.31059e+00 1.43390e-03 | 1.84972e-01 4.18305e-01 |
   2355 | 3.31202e+00 1.43392e-03 | 1.84973e-01 4.18299e-01 |
   2356 | 3.31346e+00 1.43394e-03 | 1.84973e-01 4.18292e-01 |
   2357 | 3.31489e+00 1.43396e-03 | 1.84973e-01 4.18285e-01 |
   2358 | 3.31633e+00 1.43398e-03 | 1.84974e-01 4.18278e-01 |
   2359 | 3.31776e+00 1.43400e-03 | 1.84974e-01 4.18272e-01 |
   2360 | 3.31919e+00 1.43402e-03 | 1.84974e-01 4.18265e-01 |
   2361 | 3.32063e+00 1.43403e-03 | 1.84975e-01 4.18258e-01 |
   2362 | 3.32206e+00 1.43405e-03 | 1.84975e-01 4.18252e-01 |
   2363 | 3.32350e+00 1.43408e-03 | 1.84975e-01 4.18245e-01 |
   2364 | 3.32493e+00 1.43409e-03 | 1.84976e-01 4.18238e-01 |
   2365 | 3.32636e+00 1.43411e-03 | 1.84976e-01 4.18231e-01 |
   2366 | 3.32780e+00 1.43413e-03 | 1.84976e-01 4.18225e-01 |
   2367 | 3.32923e+00 1.43415e-03 | 1.84976e-01 4.18218e-01 |
   2368 | 3.33067e+00 1.43417e-03 | 1.84977e-01 4.18211e-01 |
   2369 | 3.33210e+00 1.43419e-03 | 1.84977e-01 4.18204e-01 |
   2370 | 3.33353e+00 1.43421e-03 | 1.84977e-01 4.18197e-01 |
   2371 | 3.33497e+00 1.43423e-03 | 1.84978e-01 4.18191e-01 |
   2372 | 3.33640e+00 1.43425e-03 | 1.84978e-01 4.18184e-01 |
   2373 | 3.33784e+00 1.43427e-03 | 1.84978e-01 4.18177e-01 |
   2374 | 3.33927e+00 1.43429e-03 | 1.84979e-01 4.18170e-01 |
   2375 | 3.34071e+00 1.43431e-03 | 1.84979e-01 4.18163e-01 |
   2376 | 3.34214e+00 1.43433e-03 | 1.84979e-01 4.18156e-01 |
   2377 | 3.34357e+00 1.43435e-03 | 1.84980e-01 4.18149e-01 |
   2378 | 3.34501e+00 1.43437e-03 | 1.84980e-01 4.18143e-01 |
   2379 | 3.34644e+00 1.43439e-03 | 1.84980e-01 4.18136e-01 |
   2380 | 3.34788e+00 1.43441e-03 | 1.84981e-01 4.18129e-01 |
   2381 | 3.34931e+00 1.43443e-03 | 1.84981e-01 4.18122e-01 |
   2382 | 3.35075e+00 1.43446e-03 | 1.84981e-01 4.18115e-01 |
   2383 | 3.35218e+00 1.43447e-03 | 1.84982e-01 4.18108e-01 |
   2384 | 3.35362e+00 1.43449e-03 | 1.84982e-01 4.18101e-01 |
   2385 | 3.35380e+00 1.80158e-04 | 1.84982e-01 4.18100e-01 |
   2386 | 3.35523e+00 1.43452e-03 | 1.84982e-01 4.18093e-01 |
   2387 | 3.35666e+00 1.43454e-03 | 1.84983e-01 4.18086e-01 |
   2388 | 3.35810e+00 1.43456e-03 | 1.84983e-01 4.18079e-01 |
   2389 | 3.35953e+00 1.43458e-03 | 1.84983e-01 4.18072e-01 |
   2390 | 3.36097e+00 1.43460e-03 | 1.84984e-01 4.18066e-01 |
   2391 | 3.36240e+00 1.43462e-03 | 1.84984e-01 4.18059e-01 |
   2392 | 3.36384e+00 1.43465e-03 | 1.84984e-01 4.18052e-01 |
   2393 | 3.36527e+00 1.43466e-03 | 1.84985e-01 4.18045e-01 |
   2394 | 3.36671e+00 1.43468e-03 | 1.84985e-01 4.18038e-01 |
   2395 | 3.36814e+00 1.43471e-03 | 1.84985e-01 4.18031e-01 |
   2396 | 3.36958e+00 1.43473e-03 | 1.84986e-01 4.18023e-01 |
   2397 | 3.37101e+00 1.43475e-03 | 1.84986e-01 4.18016e-01 |
   2398 | 3.37245e+00 1.43477e-03 | 1.84986e-01 4.18009e-01 |
   2399 | 3.37388e+00 1.43479e-03 | 1.84987e-01 4.18002e-01 |
   2400 | 3.37532e+00 1.43481e-03 | 1.84987e-01 4.17995e-01 |
   2401 | 3.37675e+00 1.43483e-03 | 1.84987e-01 4.17988e-01 |
   2402 | 3.37819e+00 1.43485e-03 | 1.84988e-01 4.17981e-01 |
   2403 | 3.37962e+00 1.43487e-03 | 1.84988e-01 4.17974e-01 |
   2404 | 3.38106e+00 1.43490e-03 | 1.84988e-01 4.17967e-01 |
   2405 | 3.38249e+00 1.43492e-03 | 1.84989e-01 4.17960e-01 |
   2406 | 3.38392e+00 1.43494e-03 | 1.84989e-01 4.17953e-01 |
   2407 | 3.38536e+00 1.43496e-03 | 1.84989e-01 4.17946e-01 |
   2408 | 3.38679e+00 1.43498e-03 | 1.84990e-01 4.17938e-01 |
   2409 | 3.38823e+00 1.43500e-03 | 1.84990e-01 4.17931e-01 |
   2410 | 3.38966e+00 1.43503e-03 | 1.84990e-01 4.17924e-01 |
   2411 | 3.39110e+00 1.43505e-03 | 1.84991e-01 4.17917e-01 |
   2412 | 3.39253e+00 1.43507e-03 | 1.84991e-01 4.17910e-01 |
   2413 | 3.39397e+00 1.43509e-03 | 1.84992e-01 4.17903e-01 |
   2414 | 3.39541e+00 1.43512e-03 | 1.84992e-01 4.17896e-01 |
   2415 | 3.39684e+00 1.43514e-03 | 1.84992e-01 4.17888e-01 |
   2416 | 3.39828e+00 1.43516e-03 | 1.84993e-01 4.17881e-01 |
   2417 | 3.39971e+00 1.43518e-03 | 1.84993e-01 4.17874e-01 |
   2418 | 3.40115e+00 1.43520e-03 | 1.84993e-01 4.17867e-01 |
   2419 | 3.40258e+00 1.43523e-03 | 1.84994e-01 4.17859e-01 |
   2420 | 3.40402e+00 1.43525e-03 | 1.84994e-01 4.17852e-01 |
   2421 | 3.40545e+00 1.43527e-03 | 1.84994e-01 4.17845e-01 |
   2422 | 3.40689e+00 1.43529e-03 | 1.84995e-01 4.17838e-01 |
   2423 | 3.40832e+00 1.43532e-03 | 1.84995e-01 4.17830e-01 |
   2424 | 3.40976e+00 1.43534e-03 | 1.84995e-01 4.17823e-01 |
   2425 | 3.41119e+00 1.43536e-03 | 1.84996e-01 4.17816e-01 |
   2426 | 3.41263e+00 1.43539e-03 | 1.84996e-01 4.17809e-01 |
   2427 | 3.41406e+00 1.43541e-03 | 1.84996e-01 4.17801e-01 |
   2428 | 3.41550e+00 1.43543e-03 | 1.84997e-01 4.17794e-01 |
   2429 | 3.41693e+00 1.43545e-03 | 1.84997e-01 4.17787e-01 |
   2430 | 3.41707e+00 1.40156e-04 | 1.84997e-01 4.17786e-01 |
   2431 | 3.41851e+00 1.43548e-03 | 1.84997e-01 4.17779e-01 |
   2432 | 3.41995e+00 1.43550e-03 | 1.84998e-01 4.17771e-01 |
   2433 | 3.42138e+00 1.43552e-03 | 1.84998e-01 4.17764e-01 |
   2434 | 3.42282e+00 1.43555e-03 | 1.84998e-01 4.17757e-01 |
   2435 | 3.42425e+00 1.43557e-03 | 1.84999e-01 4.17749e-01 |
   2436 | 3.42569e+00 1.43559e-03 | 1.84999e-01 4.17742e-01 |
   2437 | 3.42712e+00 1.43562e-03 | 1.84999e-01 4.17735e-01 |
   2438 | 3.42856e+00 1.43564e-03 | 1.85000e-01 4.17727e-01 |
   2439 | 3.42999e+00 1.43566e-03 | 1.85000e-01 4.17720e-01 |
   2440 | 3.43143e+00 1.43569e-03 | 1.85001e-01 4.17712e-01 |
   2441 | 3.43287e+00 1.43571e-03 | 1.85001e-01 4.17705e-01 |
   2442 | 3.43430e+00 1.43573e-03 | 1.85001e-01 4.17698e-01 |
   2443 | 3.43574e+00 1.43576e-03 | 1.85002e-01 4.17690e-01 |
   2444 | 3.43717e+00 1.43578e-03 | 1.85002e-01 4.17683e-01 |
   2445 | 3.43861e+00 1.43580e-03 | 1.85002e-01 4.17675e-01 |
   2446 | 3.44005e+00 1.43583e-03 | 1.85003e-01 4.17668e-01 |
   2447 | 3.44148e+00 1.43585e-03 | 1.85003e-01 4.17660e-01 |
   2448 | 3.44292e+00 1.43587e-03 | 1.85003e-01 4.17653e-01 |
   2449 | 3.44435e+00 1.43590e-03 | 1.85004e-01 4.17645e-01 |
   2450 | 3.44579e+00 1.43592e-03 | 1.85004e-01 4.17638e-01 |
   2451 | 3.44722e+00 1.43594e-03 | 1.85004e-01 4.17630e-01 |
   2452 | 3.44866e+00 1.43597e-03 | 1.85005e-01 4.17623e-01 |
   2453 | 3.45010e+00 1.43599e-03 | 1.85005e-01 4.17615e-01 |
   2454 | 3.45153e+00 1.43602e-03 | 1.85005e-01 4.17608e-01 |
   2455 | 3.45297e+00 1.43604e-03 | 1.85006e-01 4.17600e-01 |
   2456 | 3.45440e+00 1.43606e-03 | 1.85006e-01 4.17593e-01 |
   2457 | 3.45584e+00 1.43609e-03 | 1.85007e-01 4.17585e-01 |
   2458 | 3.45728e+00 1.43612e-03 | 1.85007e-01 4.17578e-01 |
   2459 | 3.45871e+00 1.43614e-03 | 1.85007e-01 4.17570e-01 |
   2460 | 3.46015e+00 1.43616e-03 | 1.85008e-01 4.17562e-01 |
   2461 | 3.46159e+00 1.43619e-03 | 1.85008e-01 4.17555e-01 |
   2462 | 3.46302e+00 1.43621e-03 | 1.85008e-01 4.17547e-01 |
   2463 | 3.46446e+00 1.43624e-03 | 1.85009e-01 4.17540e-01 |
   2464 | 3.46589e+00 1.43626e-03 | 1.85009e-01 4.17532e-01 |
   2465 | 3.46733e+00 1.43629e-03 | 1.85009e-01 4.17524e-01 |
   2466 | 3.46877e+00 1.43631e-03 | 1.85010e-01 4.17517e-01 |
   2467 | 3.47020e+00 1.43634e-03 | 1.85010e-01 4.17509e-01 |
   2468 | 3.47164e+00 1.43636e-03 | 1.85011e-01 4.17501e-01 |
   2469 | 3.47308e+00 1.43638e-03 | 1.85011e-01 4.17494e-01 |
   2470 | 3.47451e+00 1.43641e-03 | 1.85011e-01 4.17486e-01 |
   2471 | 3.47595e+00 1.43644e-03 | 1.85012e-01 4.17478e-01 |
   2472 | 3.47739e+00 1.43646e-03 | 1.85012e-01 4.17471e-01 |
   2473 | 3.47882e+00 1.43649e-03 | 1.85012e-01 4.17463e-01 |
   2474 | 3.48026e+00 1.43651e-03 | 1.85013e-01 4.17455e-01 |
   2475 | 3.48035e+00 9.58023e-05 | 1.85013e-01 4.17454e-01 |
   2476 | 3.48179e+00 1.43654e-03 | 1.85013e-01 4.17447e-01 |
   2477 | 3.48323e+00 1.43656e-03 | 1.85013e-01 4.17439e-01 |
   2478 | 3.48466e+00 1.43659e-03 | 1.85014e-01 4.17432e-01 |
   2479 | 3.48610e+00 1.43661e-03 | 1.85014e-01 4.17424e-01 |
   2480 | 3.48754e+00 1.43664e-03 | 1.85015e-01 4.17416e-01 |
   2481 | 3.48897e+00 1.43667e-03 | 1.85015e-01 4.17408e-01 |
   2482 | 3.49041e+00 1.43669e-03 | 1.85015e-01 4.17401e-01 |
   2483 | 3.49185e+00 1.43672e-03 | 1.85016e-01 4.17393e-01 |
   2484 | 3.49328e+00 1.43674e-03 | 1.85016e-01 4.17385e-01 |
   2485 | 3.49472e+00 1.43677e-03 | 1.85016e-01 4.17377e-01 |
   2486 | 3.49616e+00 1.43679e-03 | 1.85017e-01 4.17370e-01 |
   2487 | 3.49759e+00 1.43682e-03 | 1.85017e-01 4.17362e-01 |
   2488 | 3.49903e+00 1.43684e-03 | 1.85018e-01 4.17354e-01 |
   2489 | 3.50047e+00 1.43687e-03 | 1.85018e-01 4.17346e-01 |
   2490 | 3.50190e+00 1.43690e-03 | 1.85018e-01 4.17338e-01 |
   2491 | 3.50334e+00 1.43692e-03 | 1.85019e-01 4.17330e-01 |
   2492 | 3.50478e+00 1.43695e-03 | 1.85019e-01 4.17323e-01 |
   2493 | 3.50622e+00 1.43698e-03 | 1.85019e-01 4.17315e-01 |
   2494 | 3.50765e+00 1.43700e-03 | 1.85020e-01 4.17307e-01 |
   2495 | 3.50909e+00 1.43703e-03 | 1.85020e-01 4.17299e-01 |
   2496 | 3.51053e+00 1.43706e-03 | 1.85021e-01 4.17291e-01 |
   2497 | 3.51196e+00 1.43708e-03 | 1.85021e-01 4.17283e-01 |
   2498 | 3.51340e+00 1.43711e-03 | 1.85021e-01 4.17275e-01 |
   2499 | 3.51484e+00 1.43714e-03 | 1.85022e-01 4.17267e-01 |
   2500 | 3.51628e+00 1.43716e-03 | 1.85022e-01 4.17259e-01 |
   2501 | 3.51771e+00 1.43719e-03 | 1.85023e-01 4.17252e-01 |
   2502 | 3.51915e+00 1.43721e-03 | 1.85023e-01 4.17244e-01 |
   2503 | 3.52059e+00 1.43724e-03 | 1.85023e-01 4.17236e-01 |
   2504 | 3.52202e+00 1.43727e-03 | 1.85024e-01 4.17228e-01 |
   2505 | 3.52346e+00 1.43730e-03 | 1.85024e-01 4.17220e-01 |
   2506 | 3.52490e+00 1.43732e-03 | 1.85024e-01 4.17212e-01 |
   2507 | 3.52634e+00 1.43735e-03 | 1.85025e-01 4.17204e-01 |
   2508 | 3.52777e+00 1.43738e-03 | 1.85025e-01 4.17196e-01 |
   2509 | 3.52921e+00 1.43740e-03 | 1.85026e-01 4.17188e-01 |
   2510 | 3.53065e+00 1.43743e-03 | 1.85026e-01 4.17180e-01 |
   2511 | 3.53209e+00 1.43746e-03 | 1.85026e-01 4.17172e-01 |
   2512 | 3.53352e+00 1.43749e-03 | 1.85027e-01 4.17164e-01 |
   2513 | 3.53496e+00 1.43751e-03 | 1.85027e-01 4.17156e-01 |
   2514 | 3.53640e+00 1.43754e-03 | 1.85028e-01 4.17148e-01 |
   2515 | 3.53784e+00 1.43757e-03 | 1.85028e-01 4.17140e-01 |
   2516 | 3.53927e+00 1.43759e-03 | 1.85028e-01 4.17131e-01 |
   2517 | 3.54071e+00 1.43762e-03 | 1.85029e-01 4.17123e-01 |
   2518 | 3.54215e+00 1.43765e-03 | 1.85029e-01 4.17115e-01 |
   2519 | 3.54359e+00 1.43768e-03 | 1.85030e-01 4.17107e-01 |
   2520 | 3.54363e+00 4.68082e-05 | 1.85030e-01 4.17106e-01 |
   2521 | 3.54507e+00 1.43771e-03 | 1.85030e-01 4.17099e-01 |
   2522 | 3.54651e+00 1.43774e-03 | 1.85030e-01 4.17091e-01 |
   2523 | 3.54795e+00 1.43776e-03 | 1.85031e-01 4.17083e-01 |
   2524 | 3.54938e+00 1.43779e-03 | 1.85031e-01 4.17074e-01 |
   2525 | 3.55082e+00 1.43782e-03 | 1.85032e-01 4.17066e-01 |
   2526 | 3.55226e+00 1.43785e-03 | 1.85032e-01 4.17058e-01 |
   2527 | 3.55370e+00 1.43787e-03 | 1.85032e-01 4.17050e-01 |
   2528 | 3.55514e+00 1.43790e-03 | 1.85033e-01 4.17042e-01 |
   2529 | 3.55657e+00 1.43793e-03 | 1.85033e-01 4.17034e-01 |
   2530 | 3.55801e+00 1.43796e-03 | 1.85034e-01 4.17026e-01 |
   2531 | 3.55945e+00 1.43799e-03 | 1.85034e-01 4.17017e-01 |
   2532 | 3.56089e+00 1.43802e-03 | 1.85034e-01 4.17009e-01 |
   2533 | 3.56233e+00 1.43804e-03 | 1.85035e-01 4.17001e-01 |
   2534 | 3.56376e+00 1.43807e-03 | 1.85035e-01 4.16993e-01 |
   2535 | 3.56520e+00 1.43810e-03 | 1.85036e-01 4.16985e-01 |
   2536 | 3.56664e+00 1.43813e-03 | 1.85036e-01 4.16976e-01 |
   2537 | 3.56808e+00 1.43816e-03 | 1.85036e-01 4.16968e-01 |
   2538 | 3.56952e+00 1.43819e-03 | 1.85037e-01 4.16960e-01 |
   2539 | 3.57095e+00 1.43822e-03 | 1.85037e-01 4.16952e-01 |
   2540 | 3.57239e+00 1.43825e-03 | 1.85038e-01 4.16943e-01 |
   2541 | 3.57383e+00 1.43828e-03 | 1.85038e-01 4.16935e-01 |
   2542 | 3.57527e+00 1.43830e-03 | 1.85039e-01 4.16927e-01 |
   2543 | 3.57671e+00 1.43833e-03 | 1.85039e-01 4.16918e-01 |
   2544 | 3.57815e+00 1.43836e-03 | 1.85039e-01 4.16910e-01 |
   2545 | 3.57958e+00 1.43839e-03 | 1.85040e-01 4.16902e-01 |
   2546 | 3.58102e+00 1.43842e-03 | 1.85040e-01 4.16893e-01 |
   2547 | 3.58246e+00 1.43845e-03 | 1.85041e-01 4.16885e-01 |
   2548 | 3.58390e+00 1.43848e-03 | 1.85041e-01 4.16877e-01 |
   2549 | 3.58534e+00 1.43851e-03 | 1.85042e-01 4.16868e-01 |
   2550 | 3.58678e+00 1.43854e-03 | 1.85042e-01 4.16860e-01 |
   2551 | 3.58822e+00 1.43857e-03 | 1.85042e-01 4.16852e-01 |
   2552 | 3.58965e+00 1.43860e-03 | 1.85043e-01 4.16843e-01 |
   2553 | 3.59109e+00 1.43863e-03 | 1.85043e-01 4.16835e-01 |
   2554 | 3.59253e+00 1.43866e-03 | 1.85044e-01 4.16827e-01 |
   2555 | 3.59397e+00 1.43869e-03 | 1.85044e-01 4.16818e-01 |
   2556 | 3.59541e+00 1.43872e-03 | 1.85045e-01 4.16810e-01 |
   2557 | 3.59685e+00 1.43875e-03 | 1.85045e-01 4.16801e-01 |
   2558 | 3.59829e+00 1.43878e-03 | 1.85045e-01 4.16793e-01 |
   2559 | 3.59972e+00 1.43881e-03 | 1.85046e-01 4.16784e-01 |
   2560 | 3.60116e+00 1.43884e-03 | 1.85046e-01 4.16776e-01 |
   2561 | 3.60260e+00 1.43887e-03 | 1.85047e-01 4.16768e-01 |
   2562 | 3.60404e+00 1.43890e-03 | 1.85047e-01 4.16759e-01 |
   2563 | 3.60548e+00 1.43893e-03 | 1.85048e-01 4.16751e-01 |
   2564 | 3.60691e+00 1.43189e-03 | 1.85048e-01 4.16742e-01 |
   2565 | 3.60835e+00 1.43899e-03 | 1.85048e-01 4.16734e-01 |
   2566 | 3.60979e+00 1.43902e-03 | 1.85049e-01 4.16725e-01 |
   2567 | 3.61123e+00 1.43905e-03 | 1.85049e-01 4.16717e-01 |
   2568 | 3.61267e+00 1.43908e-03 | 1.85050e-01 4.16708e-01 |
   2569 | 3.61411e+00 1.43911e-03 | 1.85050e-01 4.16700e-01 |
   2570 | 3.61555e+00 1.43914e-03 | 1.85051e-01 4.16691e-01 |
   2571 | 3.61699e+00 1.43917e-03 | 1.85051e-01 4.16683e-01 |
   2572 | 3.61843e+00 1.43921e-03 | 1.85052e-01 4.16674e-01 |
   2573 | 3.61986e+00 1.43923e-03 | 1.85052e-01 4.16665e-01 |
   2574 | 3.62130e+00 1.43927e-03 | 1.85053e-01 4.16657e-01 |
   2575 | 3.62274e+00 1.43930e-03 | 1.85053e-01 4.16648e-01 |
   2576 | 3.62418e+00 1.43933e-03 | 1.85053e-01 4.16640e-01 |
   2577 | 3.62562e+00 1.43936e-03 | 1.85054e-01 4.16631e-01 |
   2578 | 3.62706e+00 1.43939e-03 | 1.85054e-01 4.16622e-01 |
   2579 | 3.62850e+00 1.43942e-03 | 1.85055e-01 4.16614e-01 |
   2580 | 3.62994e+00 1.43945e-03 | 1.85055e-01 4.16605e-01 |
   2581 | 3.63138e+00 1.43949e-03 | 1.85056e-01 4.16597e-01 |
   2582 | 3.63282e+00 1.43952e-03 | 1.85056e-01 4.16588e-01 |
   2583 | 3.63426e+00 1.43955e-03 | 1.85057e-01 4.16579e-01 |
   2584 | 3.63570e+00 1.43958e-03 | 1.85057e-01 4.16571e-01 |
   2585 | 3.63714e+00 1.43961e-03 | 1.85058e-01 4.16562e-01 |
   2586 | 3.63858e+00 1.43964e-03 | 1.85058e-01 4.16553e-01 |
   2587 | 3.64002e+00 1.43968e-03 | 1.85059e-01 4.16545e-01 |
   2588 | 3.64146e+00 1.43971e-03 | 1.85059e-01 4.16536e-01 |
   2589 | 3.64290e+00 1.43974e-03 | 1.85059e-01 4.16527e-01 |
   2590 | 3.64434e+00 1.43977e-03 | 1.85060e-01 4.16518e-01 |
   2591 | 3.64578e+00 1.43980e-03 | 1.85060e-01 4.16510e-01 |
   2592 | 3.64722e+00 1.43983e-03 | 1.85061e-01 4.16501e-01 |
   2593 | 3.64866e+00 1.43987e-03 | 1.85061e-01 4.16492e-01 |
   2594 | 3.65010e+00 1.43990e-03 | 1.85062e-01 4.16484e-01 |
   2595 | 3.65154e+00 1.43993e-03 | 1.85062e-01 4.16475e-01 |
   2596 | 3.65298e+00 1.43996e-03 | 1.85063e-01 4.16466e-01 |
   2597 | 3.65442e+00 1.44000e-03 | 1.85063e-01 4.16457e-01 |
   2598 | 3.65586e+00 1.44003e-03 | 1.85064e-01 4.16448e-01 |
   2599 | 3.65730e+00 1.44006e-03 | 1.85064e-01 4.16440e-01 |
   2600 | 3.65874e+00 1.44010e-03 | 1.85065e-01 4.16431e-01 |
   2601 | 3.66018e+00 1.44013e-03 | 1.85065e-01 4.16422e-01 |
   2602 | 3.66162e+00 1.44016e-03 | 1.85066e-01 4.16413e-01 |
   2603 | 3.66306e+00 1.44019e-03 | 1.85066e-01 4.16404e-01 |
   2604 | 3.66450e+00 1.44022e-03 | 1.85067e-01 4.16396e-01 |
   2605 | 3.66594e+00 1.44026e-03 | 1.85067e-01 4.16387e-01 |
   2606 | 3.66738e+00 1.44029e-03 | 1.85068e-01 4.16378e-01 |
   2607 | 3.66882e+00 1.44032e-03 | 1.85068e-01 4.16369e-01 |
   2608 | 3.67019e+00 1.37430e-03 | 1.85069e-01 4.16360e-01 |
   2609 | 3.67163e+00 1.44039e-03 | 1.85069e-01 4.16352e-01 |
   2610 | 3.67307e+00 1.44042e-03 | 1.85070e-01 4.16343e-01 |
   2611 | 3.67451e+00 1.44046e-03 | 1.85070e-01 4.16334e-01 |
   2612 | 3.67595e+00 1.44049e-03 | 1.85071e-01 4.16325e-01 |
   2613 | 3.67739e+00 1.44052e-03 | 1.85071e-01 4.16316e-01 |
   2614 | 3.67883e+00 1.44056e-03 | 1.85072e-01 4.16307e-01 |
   2615 | 3.68027e+00 1.44059e-03 | 1.85072e-01 4.16298e-01 |
   2616 | 3.68172e+00 1.44062e-03 | 1.85073e-01 4.16289e-01 |
   2617 | 3.68316e+00 1.44066e-03 | 1.85073e-01 4.16280e-01 |
   2618 | 3.68460e+00 1.44069e-03 | 1.85074e-01 4.16271e-01 |
   2619 | 3.68604e+00 1.44073e-03 | 1.85074e-01 4.16262e-01 |
   2620 | 3.68748e+00 1.44076e-03 | 1.85075e-01 4.16253e-01 |
   2621 | 3.68892e+00 1.44079e-03 | 1.85075e-01 4.16244e-01 |
   2622 | 3.69036e+00 1.44083e-03 | 1.85076e-01 4.16235e-01 |
   2623 | 3.69180e+00 1.44086e-03 | 1.85076e-01 4.16226e-01 |
   2624 | 3.69324e+00 1.44090e-03 | 1.85077e-01 4.16217e-01 |
   2625 | 3.69468e+00 1.44093e-03 | 1.85077e-01 4.16208e-01 |
   2626 | 3.69612e+00 1.44096e-03 | 1.85078e-01 4.16199e-01 |
   2627 | 3.69756e+00 1.44100e-03 | 1.85078e-01 4.16190e-01 |
   2628 | 3.69901e+00 1.44103e-03 | 1.85079e-01 4.16181e-01 |
   2629 | 3.70045e+00 1.44107e-03 | 1.85079e-01 4.16172e-01 |
   2630 | 3.70189e+00 1.44110e-03 | 1.85080e-01 4.16163e-01 |
   2631 | 3.70333e+00 1.44114e-03 | 1.85080e-01 4.16154e-01 |
   2632 | 3.70477e+00 1.44117e-03 | 1.85081e-01 4.16145e-01 |
   2633 | 3.70621e+00 1.44121e-03 | 1.85082e-01 4.16136e-01 |
   2634 | 3.70765e+00 1.44124e-03 | 1.85082e-01 4.16127e-01 |
   2635 | 3.70909e+00 1.44128e-03 | 1.85083e-01 4.16117e-01 |
   2636 | 3.71054e+00 1.44131e-03 | 1.85083e-01 4.16108e-01 |
   2637 | 3.71198e+00 1.44135e-03 | 1.85084e-01 4.16099e-01 |
   2638 | 3.71342e+00 1.44138e-03 | 1.85084e-01 4.16090e-01 |
   2639 | 3.71486e+00 1.44142e-03 | 1.85085e-01 4.16081e-01 |
   2640 | 3.71630e+00 1.44145e-03 | 1.85085e-01 4.16072e-01 |
   2641 | 3.71774e+00 1.44149e-03 | 1.85086e-01 4.16063e-01 |
   2642 | 3.71918e+00 1.44152e-03 | 1.85086e-01 4.16053e-01 |
   2643 | 3.72063e+00 1.44156e-03 | 1.85087e-01 4.16044e-01 |
   2644 | 3.72207e+00 1.44159e-03 | 1.85088e-01 4.16035e-01 |
   2645 | 3.72351e+00 1.44163e-03 | 1.85088e-01 4.16026e-01 |
   2646 | 3.72495e+00 1.44167e-03 | 1.85089e-01 4.16017e-01 |
   2647 | 3.72639e+00 1.44170e-03 | 1.85089e-01 4.16007e-01 |
   2648 | 3.72783e+00 1.44173e-03 | 1.85090e-01 4.15998e-01 |
   2649 | 3.72928e+00 1.44177e-03 | 1.85090e-01 4.15989e-01 |
   2650 | 3.73072e+00 1.44181e-03 | 1.85091e-01 4.15980e-01 |
   2651 | 3.73216e+00 1.44184e-03 | 1.85091e-01 4.15970e-01 |
   2652 | 3.73347e+00 1.31154e-03 | 1.85092e-01 4.15962e-01 |
   2653 | 3.73491e+00 1.44191e-03 | 1.85093e-01 4.15953e-01 |
   2654 | 3.73635e+00 1.44195e-03 | 1.85093e-01 4.15943e-01 |
   2655 | 3.73780e+00 1.44199e-03 | 1.85094e-01 4.15934e-01 |
   2656 | 3.73924e+00 1.44202e-03 | 1.85094e-01 4.15925e-01 |
   2657 | 3.74068e+00 1.44206e-03 | 1.85095e-01 4.15915e-01 |
   2658 | 3.74212e+00 1.44209e-03 | 1.85095e-01 4.15906e-01 |
   2659 | 3.74356e+00 1.44213e-03 | 1.85096e-01 4.15897e-01 |
   2660 | 3.74501e+00 1.44217e-03 | 1.85097e-01 4.15887e-01 |
   2661 | 3.74645e+00 1.44220e-03 | 1.85097e-01 4.15878e-01 |
   2662 | 3.74789e+00 1.44224e-03 | 1.85098e-01 4.15869e-01 |
   2663 | 3.74933e+00 1.44228e-03 | 1.85098e-01 4.15859e-01 |
   2664 | 3.75078e+00 1.44231e-03 | 1.85099e-01 4.15850e-01 |
   2665 | 3.75222e+00 1.44235e-03 | 1.85100e-01 4.15840e-01 |
   2666 | 3.75366e+00 1.44239e-03 | 1.85100e-01 4.15831e-01 |
   2667 | 3.75510e+00 1.44242e-03 | 1.85101e-01 4.15822e-01 |
   2668 | 3.75655e+00 1.44246e-03 | 1.85101e-01 4.15812e-01 |
   2669 | 3.75799e+00 1.44250e-03 | 1.85102e-01 4.15803e-01 |
   2670 | 3.75943e+00 1.44253e-03 | 1.85103e-01 4.15793e-01 |
   2671 | 3.76087e+00 1.44258e-03 | 1.85103e-01 4.15784e-01 |
   2672 | 3.76232e+00 1.44261e-03 | 1.85104e-01 4.15775e-01 |
   2673 | 3.76376e+00 1.44265e-03 | 1.85104e-01 4.15765e-01 |
   2674 | 3.76520e+00 1.44269e-03 | 1.85105e-01 4.15756e-01 |
   2675 | 3.76664e+00 1.44272e-03 | 1.85106e-01 4.15746e-01 |
   2676 | 3.76809e+00 1.44276e-03 | 1.85106e-01 4.15737e-01 |
   2677 | 3.76953e+00 1.44280e-03 | 1.85107e-01 4.15727e-01 |
   2678 | 3.77097e+00 1.44284e-03 | 1.85107e-01 4.15718e-01 |
   2679 | 3.77242e+00 1.44287e-03 | 1.85108e-01 4.15708e-01 |
   2680 | 3.77386e+00 1.44291e-03 | 1.85109e-01 4.15699e-01 |
   2681 | 3.77530e+00 1.44295e-03 | 1.85109e-01 4.15689e-01 |
   2682 | 3.77674e+00 1.44299e-03 | 1.85110e-01 4.15679e-01 |
   2683 | 3.77819e+00 1.44303e-03 | 1.85111e-01 4.15670e-01 |
   2684 | 3.77963e+00 1.44306e-03 | 1.85111e-01 4.15660e-01 |
   2685 | 3.78107e+00 1.44310e-03 | 1.85112e-01 4.15651e-01 |
   2686 | 3.78252e+00 1.44314e-03 | 1.85112e-01 4.15641e-01 |
   2687 | 3.78396e+00 1.44318e-03 | 1.85113e-01 4.15632e-01 |
   2688 | 3.78540e+00 1.44322e-03 | 1.85114e-01 4.15622e-01 |
   2689 | 3.78685e+00 1.44326e-03 | 1.85114e-01 4.15612e-01 |
   2690 | 3.78829e+00 1.44330e-03 | 1.85115e-01 4.15603e-01 |
   2691 | 3.78973e+00 1.44333e-03 | 1.85116e-01 4.15593e-01 |
   2692 | 3.79118e+00 1.44337e-03 | 1.85116e-01 4.15583e-01 |
   2693 | 3.79262e+00 1.44341e-03 | 1.85117e-01 4.15574e-01 |
   2694 | 3.79406e+00 1.44345e-03 | 1.85118e-01 4.15564e-01 |
   2695 | 3.79551e+00 1.44349e-03 | 1.85118e-01 4.15555e-01 |
   2696 | 3.79675e+00 1.24348e-03 | 1.85119e-01 4.15546e-01 |
   2697 | 3.79819e+00 1.44356e-03 | 1.85119e-01 4.15537e-01 |
   2698 | 3.79964e+00 1.44360e-03 | 1.85120e-01 4.15527e-01 |
   2699 | 3.80108e+00 1.44364e-03 | 1.85121e-01 4.15517e-01 |
   2700 | 3.80252e+00 1.44368e-03 | 1.85121e-01 4.15507e-01 |
   2701 | 3.80397e+00 1.44372e-03 | 1.85122e-01 4.15498e-01 |
   2702 | 3.80541e+00 1.44376e-03 | 1.85123e-01 4.15488e-01 |
   2703 | 3.80686e+00 1.44379e-03 | 1.85123e-01 4.15478e-01 |
   2704 | 3.80830e+00 1.44383e-03 | 1.85124e-01 4.15468e-01 |
   2705 | 3.80974e+00 1.44388e-03 | 1.85125e-01 4.15459e-01 |
   2706 | 3.81119e+00 1.44391e-03 | 1.85125e-01 4.15449e-01 |
   2707 | 3.81263e+00 1.44395e-03 | 1.85126e-01 4.15439e-01 |
   2708 | 3.81408e+00 1.44399e-03 | 1.85127e-01 4.15429e-01 |
   2709 | 3.81552e+00 1.44403e-03 | 1.85128e-01 4.15420e-01 |
   2710 | 3.81696e+00 1.44407e-03 | 1.85128e-01 4.15410e-01 |
   2711 | 3.81841e+00 1.44411e-03 | 1.85129e-01 4.15400e-01 |
   2712 | 3.81985e+00 1.44415e-03 | 1.85130e-01 4.15390e-01 |
   2713 | 3.82130e+00 1.44419e-03 | 1.85130e-01 4.15380e-01 |
   2714 | 3.82274e+00 1.44423e-03 | 1.85131e-01 4.15370e-01 |
   2715 | 3.82418e+00 1.44427e-03 | 1.85132e-01 4.15361e-01 |
   2716 | 3.82563e+00 1.44431e-03 | 1.85132e-01 4.15351e-01 |
   2717 | 3.82707e+00 1.44435e-03 | 1.85133e-01 4.15341e-01 |
   2718 | 3.82852e+00 1.44440e-03 | 1.85134e-01 4.15331e-01 |
   2719 | 3.82996e+00 1.44443e-03 | 1.85134e-01 4.15321e-01 |
   2720 | 3.83141e+00 1.44447e-03 | 1.85135e-01 4.15311e-01 |
   2721 | 3.83285e+00 1.44452e-03 | 1.85136e-01 4.15301e-01 |
   2722 | 3.83430e+00 1.44455e-03 | 1.85137e-01 4.15291e-01 |
   2723 | 3.83574e+00 1.44460e-03 | 1.85137e-01 4.15282e-01 |
   2724 | 3.83718e+00 1.44464e-03 | 1.85138e-01 4.15272e-01 |
   2725 | 3.83863e+00 1.44468e-03 | 1.85139e-01 4.15262e-01 |
   2726 | 3.84007e+00 1.44472e-03 | 1.85140e-01 4.15252e-01 |
   2727 | 3.84152e+00 1.44476e-03 | 1.85140e-01 4.15242e-01 |
   2728 | 3.84296e+00 1.44480e-03 | 1.85141e-01 4.15232e-01 |
   2729 | 3.84441e+00 1.44484e-03 | 1.85142e-01 4.15222e-01 |
   2730 | 3.84585e+00 1.44489e-03 | 1.85142e-01 4.15212e-01 |
   2731 | 3.84730e+00 1.44492e-03 | 1.85143e-01 4.15202e-01 |
   2732 | 3.84874e+00 1.44496e-03 | 1.85144e-01 4.15192e-01 |
   2733 | 3.85019e+00 1.44501e-03 | 1.85145e-01 4.15182e-01 |
   2734 | 3.85163e+00 1.44505e-03 | 1.85145e-01 4.15172e-01 |
   2735 | 3.85308e+00 1.44509e-03 | 1.85146e-01 4.15162e-01 |
   2736 | 3.85452e+00 1.44513e-03 | 1.85147e-01 4.15152e-01 |
   2737 | 3.85597e+00 1.44517e-03 | 1.85148e-01 4.15142e-01 |
   2738 | 3.85741e+00 1.44521e-03 | 1.85148e-01 4.15132e-01 |
   2739 | 3.85886e+00 1.44526e-03 | 1.85149e-01 4.15122e-01 |
   2740 | 3.86003e+00 1.17001e-03 | 1.85150e-01 4.15113e-01 |
   2741 | 3.86147e+00 1.44533e-03 | 1.85151e-01 4.15103e-01 |
   2742 | 3.86292e+00 1.44537e-03 | 1.85151e-01 4.15093e-01 |
   2743 | 3.86437e+00 1.44542e-03 | 1.85152e-01 4.15083e-01 |
   2744 | 3.86581e+00 1.44546e-03 | 1.85153e-01 4.15073e-01 |
   2745 | 3.86726e+00 1.44550e-03 | 1.85154e-01 4.15063e-01 |
   2746 | 3.86870e+00 1.44555e-03 | 1.85154e-01 4.15053e-01 |
   2747 | 3.87015e+00 1.44558e-03 | 1.85155e-01 4.15043e-01 |
   2748 | 3.87159e+00 1.44563e-03 | 1.85156e-01 4.15032e-01 |
   2749 | 3.87304e+00 1.44567e-03 | 1.85157e-01 4.15022e-01 |
   2750 | 3.87448e+00 1.44571e-03 | 1.85158e-01 4.15012e-01 |
   2751 | 3.87593e+00 1.44575e-03 | 1.85158e-01 4.15002e-01 |
   2752 | 3.87738e+00 1.44580e-03 | 1.85159e-01 4.14992e-01 |
   2753 | 3.87882e+00 1.44584e-03 | 1.85160e-01 4.14982e-01 |
   2754 | 3.88027e+00 1.44588e-03 | 1.85161e-01 4.14971e-01 |
   2755 | 3.88171e+00 1.44593e-03 | 1.85162e-01 4.14961e-01 |
   2756 | 3.88316e+00 1.44597e-03 | 1.85162e-01 4.14951e-01 |
   2757 | 3.88461e+00 1.44601e-03 | 1.85163e-01 4.14941e-01 |
   2758 | 3.88605e+00 1.44606e-03 | 1.85164e-01 4.14930e-01 |
   2759 | 3.88750e+00 1.44610e-03 | 1.85165e-01 4.14920e-01 |
   2760 | 3.88894e+00 1.44614e-03 | 1.85166e-01 4.14910e-01 |
   2761 | 3.89039e+00 1.44619e-03 | 1.85166e-01 4.14900e-01 |
   2762 | 3.89184e+00 1.44623e-03 | 1.85167e-01 4.14889e-01 |
   2763 | 3.89328e+00 1.44627e-03 | 1.85168e-01 4.14879e-01 |
   2764 | 3.89473e+00 1.44632e-03 | 1.85169e-01 4.14869e-01 |
   2765 | 3.89617e+00 1.44636e-03 | 1.85170e-01 4.14858e-01 |
   2766 | 3.89762e+00 1.44640e-03 | 1.85171e-01 4.14848e-01 |
   2767 | 3.89907e+00 1.44645e-03 | 1.85171e-01 4.14838e-01 |
   2768 | 3.90051e+00 1.44649e-03 | 1.85172e-01 4.14827e-01 |
   2769 | 3.90196e+00 1.44653e-03 | 1.85173e-01 4.14817e-01 |
   2770 | 3.90341e+00 1.44658e-03 | 1.85174e-01 4.14807e-01 |
   2771 | 3.90485e+00 1.44662e-03 | 1.85175e-01 4.14796e-01 |
   2772 | 3.90630e+00 1.44666e-03 | 1.85176e-01 4.14786e-01 |
   2773 | 3.90775e+00 1.44671e-03 | 1.85176e-01 4.14776e-01 |
   2774 | 3.90919e+00 1.44675e-03 | 1.85177e-01 4.14765e-01 |
   2775 | 3.91064e+00 1.44680e-03 | 1.85178e-01 4.14755e-01 |
   2776 | 3.91209e+00 1.44684e-03 | 1.85179e-01 4.14744e-01 |
   2777 | 3.91353e+00 1.44689e-03 | 1.85180e-01 4.14734e-01 |
   2778 | 3.91498e+00 1.44693e-03 | 1.85181e-01 4.14724e-01 |
   2779 | 3.91643e+00 1.44697e-03 | 1.85182e-01 4.14713e-01 |
   2780 | 3.91788e+00 1.44702e-03 | 1.85183e-01 4.14703e-01 |
   2781 | 3.91932e+00 1.44706e-03 | 1.85183e-01 4.14692e-01 |
   2782 | 3.92077e+00 1.44711e-03 | 1.85184e-01 4.14682e-01 |
   2783 | 3.92222e+00 1.44716e-03 | 1.85185e-01 4.14671e-01 |
   2784 | 3.92331e+00 1.09111e-03 | 1.85186e-01 4.14663e-01 |
   2785 | 3.92476e+00 1.44723e-03 | 1.85187e-01 4.14653e-01 |
   2786 | 3.92620e+00 1.44728e-03 | 1.85188e-01 4.14642e-01 |
   2787 | 3.92765e+00 1.44732e-03 | 1.85189e-01 4.14632e-01 |
   2788 | 3.92910e+00 1.44737e-03 | 1.85189e-01 4.14621e-01 |
   2789 | 3.93054e+00 1.44741e-03 | 1.85190e-01 4.14611e-01 |
   2790 | 3.93199e+00 1.44746e-03 | 1.85191e-01 4.14600e-01 |
   2791 | 3.93344e+00 1.44750e-03 | 1.85192e-01 4.14590e-01 |
   2792 | 3.93489e+00 1.44755e-03 | 1.85193e-01 4.14579e-01 |
   2793 | 3.93633e+00 1.44759e-03 | 1.85194e-01 4.14569e-01 |
   2794 | 3.93778e+00 1.44764e-03 | 1.85195e-01 4.14558e-01 |
   2795 | 3.93923e+00 1.44768e-03 | 1.85196e-01 4.14547e-01 |
   2796 | 3.94068e+00 1.44773e-03 | 1.85197e-01 4.14537e-01 |
   2797 | 3.94213e+00 1.44777e-03 | 1.85198e-01 4.14526e-01 |
   2798 | 3.94357e+00 1.44782e-03 | 1.85199e-01 4.14516e-01 |
   2799 | 3.94502e+00 1.44787e-03 | 1.85200e-01 4.14505e-01 |
   2800 | 3.94647e+00 1.44791e-03 | 1.85200e-01 4.14494e-01 |
   2801 | 3.94792e+00 1.44796e-03 | 1.85201e-01 4.14484e-01 |
   2802 | 3.94937e+00 1.44801e-03 | 1.85202e-01 4.14473e-01 |
   2803 | 3.95081e+00 1.44805e-03 | 1.85203e-01 4.14462e-01 |
   2804 | 3.95226e+00 1.44810e-03 | 1.85204e-01 4.14452e-01 |
   2805 | 3.95371e+00 1.44814e-03 | 1.85205e-01 4.14441e-01 |
   2806 | 3.95516e+00 1.44819e-03 | 1.85206e-01 4.14430e-01 |
   2807 | 3.95661e+00 1.44823e-03 | 1.85207e-01 4.14420e-01 |
   2808 | 3.95805e+00 1.44828e-03 | 1.85208e-01 4.14409e-01 |
   2809 | 3.95950e+00 1.44833e-03 | 1.85209e-01 4.14398e-01 |
   2810 | 3.96095e+00 1.44837e-03 | 1.85210e-01 4.14388e-01 |
   2811 | 3.96240e+00 1.44842e-03 | 1.85211e-01 4.14377e-01 |
   2812 | 3.96385e+00 1.44847e-03 | 1.85212e-01 4.14366e-01 |
   2813 | 3.96530e+00 1.44851e-03 | 1.85213e-01 4.14355e-01 |
   2814 | 3.96674e+00 1.44856e-03 | 1.85214e-01 4.14345e-01 |
   2815 | 3.96819e+00 1.44861e-03 | 1.85215e-01 4.14334e-01 |
   2816 | 3.96964e+00 1.44865e-03 | 1.85216e-01 4.14323e-01 |
   2817 | 3.97109e+00 1.44870e-03 | 1.85217e-01 4.14312e-01 |
   2818 | 3.97254e+00 1.44875e-03 | 1.85218e-01 4.14301e-01 |
   2819 | 3.97399e+00 1.44880e-03 | 1.85219e-01 4.14291e-01 |
   2820 | 3.97544e+00 1.44885e-03 | 1.85220e-01 4.14280e-01 |
   2821 | 3.97689e+00 1.44889e-03 | 1.85221e-01 4.14269e-01 |
   2822 | 3.97834e+00 1.44894e-03 | 1.85222e-01 4.14258e-01 |
   2823 | 3.97978e+00 1.44899e-03 | 1.85223e-01 4.14247e-01 |
   2824 | 3.98123e+00 1.44903e-03 | 1.85224e-01 4.14236e-01 |
   2825 | 3.98268e+00 1.44908e-03 | 1.85225e-01 4.14226e-01 |
   2826 | 3.98413e+00 1.44913e-03 | 1.85226e-01 4.14215e-01 |
   2827 | 3.98558e+00 1.44918e-03 | 1.85227e-01 4.14204e-01 |
   2828 | 3.98659e+00 1.00680e-03 | 1.85228e-01 4.14196e-01 |
   2829 | 3.98804e+00 1.44926e-03 | 1.85229e-01 4.14185e-01 |
   2830 | 3.98949e+00 1.44931e-03 | 1.85230e-01 4.14175e-01 |
   2831 | 3.99094e+00 1.44935e-03 | 1.85231e-01 4.14164e-01 |
   2832 | 3.99238e+00 1.44940e-03 | 1.85232e-01 4.14153e-01 |
   2833 | 3.99383e+00 1.44945e-03 | 1.85233e-01 4.14142e-01 |
   2834 | 3.99528e+00 1.44950e-03 | 1.85234e-01 4.14131e-01 |
   2835 | 3.99673e+00 1.44954e-03 | 1.85235e-01 4.14120e-01 |
   2836 | 3.99818e+00 1.44960e-03 | 1.85236e-01 4.14109e-01 |
   2837 | 3.99963e+00 1.44964e-03 | 1.85237e-01 4.14098e-01 |
   2838 | 4.00108e+00 1.44969e-03 | 1.85238e-01 4.14087e-01 |
   2839 | 4.00253e+00 1.44974e-03 | 1.85239e-01 4.14076e-01 |
   2840 | 4.00398e+00 1.44979e-03 | 1.85240e-01 4.14065e-01 |
   2841 | 4.00543e+00 1.44983e-03 | 1.85241e-01 4.14054e-01 |
   2842 | 4.00688e+00 1.44989e-03 | 1.85243e-01 4.14043e-01 |
   2843 | 4.00833e+00 1.44993e-03 | 1.85244e-01 4.14032e-01 |
   2844 | 4.00978e+00 1.44998e-03 | 1.85245e-01 4.14021e-01 |
   2845 | 4.01123e+00 1.45003e-03 | 1.85246e-01 4.14010e-01 |
   2846 | 4.01268e+00 1.45008e-03 | 1.85247e-01 4.13999e-01 |
   2847 | 4.01413e+00 1.45013e-03 | 1.85248e-01 4.13988e-01 |
   2848 | 4.01558e+00 1.45018e-03 | 1.85249e-01 4.13977e-01 |
   2849 | 4.01703e+00 1.45023e-03 | 1.85250e-01 4.13966e-01 |
   2850 | 4.01848e+00 1.45027e-03 | 1.85251e-01 4.13954e-01 |
   2851 | 4.01993e+00 1.45032e-03 | 1.85252e-01 4.13943e-01 |
   2852 | 4.02138e+00 1.45037e-03 | 1.85254e-01 4.13932e-01 |
   2853 | 4.02283e+00 1.45042e-03 | 1.85255e-01 4.13921e-01 |
   2854 | 4.02428e+00 1.45047e-03 | 1.85256e-01 4.13910e-01 |
   2855 | 4.02573e+00 1.45052e-03 | 1.85257e-01 4.13899e-01 |
   2856 | 4.02718e+00 1.45057e-03 | 1.85258e-01 4.13888e-01 |
   2857 | 4.02864e+00 1.45062e-03 | 1.85259e-01 4.13877e-01 |
   2858 | 4.03009e+00 1.45067e-03 | 1.85260e-01 4.13865e-01 |
   2859 | 4.03154e+00 1.45072e-03 | 1.85262e-01 4.13854e-01 |
   2860 | 4.03299e+00 1.45077e-03 | 1.85263e-01 4.13843e-01 |
   2861 | 4.03444e+00 1.45082e-03 | 1.85264e-01 4.13832e-01 |
   2862 | 4.03589e+00 1.45087e-03 | 1.85265e-01 4.13821e-01 |
   2863 | 4.03734e+00 1.45092e-03 | 1.85266e-01 4.13809e-01 |
   2864 | 4.03879e+00 1.45097e-03 | 1.85267e-01 4.13798e-01 |
   2865 | 4.04024e+00 1.45102e-03 | 1.85269e-01 4.13787e-01 |
   2866 | 4.04169e+00 1.45107e-03 | 1.85270e-01 4.13776e-01 |
   2867 | 4.04314e+00 1.45112e-03 | 1.85271e-01 4.13765e-01 |
   2868 | 4.04460e+00 1.45117e-03 | 1.85272e-01 4.13753e-01 |
   2869 | 4.04605e+00 1.45122e-03 | 1.85273e-01 4.13742e-01 |
   2870 | 4.04750e+00 1.45127e-03 | 1.85274e-01 4.13731e-01 |
   2871 | 4.04895e+00 1.45132e-03 | 1.85276e-01 4.13719e-01 |
   2872 | 4.04987e+00 9.17144e-04 | 1.85276e-01 4.13712e-01 |
   2873 | 4.05132e+00 1.45140e-03 | 1.85278e-01 4.13701e-01 |
   2874 | 4.05277e+00 1.45145e-03 | 1.85279e-01 4.13690e-01 |
   2875 | 4.05422e+00 1.45150e-03 | 1.85280e-01 4.13678e-01 |
   2876 | 4.05567e+00 1.45156e-03 | 1.85281e-01 4.13667e-01 |
   2877 | 4.05712e+00 1.45161e-03 | 1.85282e-01 4.13656e-01 |
   2878 | 4.05858e+00 1.45166e-03 | 1.85284e-01 4.13644e-01 |
   2879 | 4.06003e+00 1.45171e-03 | 1.85285e-01 4.13633e-01 |
   2880 | 4.06148e+00 1.45176e-03 | 1.85286e-01 4.13622e-01 |
   2881 | 4.06293e+00 1.45181e-03 | 1.85287e-01 4.13610e-01 |
   2882 | 4.06438e+00 1.45186e-03 | 1.85289e-01 4.13599e-01 |
   2883 | 4.06583e+00 1.45191e-03 | 1.85290e-01 4.13588e-01 |
   2884 | 4.06729e+00 1.45196e-03 | 1.85291e-01 4.13576e-01 |
   2885 | 4.06874e+00 1.45202e-03 | 1.85292e-01 4.13565e-01 |
   2886 | 4.07019e+00 1.45207e-03 | 1.85294e-01 4.13553e-01 |
   2887 | 4.07164e+00 1.45212e-03 | 1.85295e-01 4.13542e-01 |
   2888 | 4.07309e+00 1.45217e-03 | 1.85296e-01 4.13530e-01 |
   2889 | 4.07455e+00 1.45222e-03 | 1.85297e-01 4.13519e-01 |
   2890 | 4.07600e+00 1.45227e-03 | 1.85299e-01 4.13508e-01 |
   2891 | 4.07745e+00 1.45232e-03 | 1.85300e-01 4.13496e-01 |
   2892 | 4.07890e+00 1.45238e-03 | 1.85301e-01 4.13485e-01 |
   2893 | 4.08036e+00 1.45243e-03 | 1.85302e-01 4.13473e-01 |
   2894 | 4.08181e+00 1.45248e-03 | 1.85304e-01 4.13462e-01 |
   2895 | 4.08326e+00 1.45254e-03 | 1.85305e-01 4.13450e-01 |
   2896 | 4.08471e+00 1.45258e-03 | 1.85306e-01 4.13439e-01 |
   2897 | 4.08617e+00 1.45264e-03 | 1.85308e-01 4.13427e-01 |
   2898 | 4.08762e+00 1.45269e-03 | 1.85309e-01 4.13416e-01 |
   2899 | 4.08907e+00 1.45274e-03 | 1.85310e-01 4.13404e-01 |
   2900 | 4.09053e+00 1.45279e-03 | 1.85312e-01 4.13393e-01 |
   2901 | 4.09198e+00 1.45285e-03 | 1.85313e-01 4.13381e-01 |
   2902 | 4.09343e+00 1.45290e-03 | 1.85314e-01 4.13369e-01 |
   2903 | 4.09488e+00 1.45295e-03 | 1.85316e-01 4.13358e-01 |
   2904 | 4.09634e+00 1.45301e-03 | 1.85317e-01 4.13346e-01 |
   2905 | 4.09779e+00 1.45306e-03 | 1.85318e-01 4.13335e-01 |
   2906 | 4.09924e+00 1.45311e-03 | 1.85320e-01 4.13323e-01 |
   2907 | 4.10070e+00 1.45316e-03 | 1.85321e-01 4.13311e-01 |
   2908 | 4.10215e+00 1.45321e-03 | 1.85322e-01 4.13300e-01 |
   2909 | 4.10360e+00 1.45327e-03 | 1.85324e-01 4.13288e-01 |
   2910 | 4.10506e+00 1.45332e-03 | 1.85325e-01 4.13277e-01 |
   2911 | 4.10651e+00 1.45337e-03 | 1.85326e-01 4.13265e-01 |
   2912 | 4.10796e+00 1.45343e-03 | 1.85328e-01 4.13253e-01 |
   2913 | 4.10942e+00 1.45348e-03 | 1.85329e-01 4.13242e-01 |
   2914 | 4.11087e+00 1.45353e-03 | 1.85330e-01 4.13230e-01 |
   2915 | 4.11232e+00 1.45358e-03 | 1.85332e-01 4.13218e-01 |
   2916 | 4.11315e+00 8.22268e-04 | 1.85333e-01 4.13211e-01 |
   2917 | 4.11460e+00 1.45367e-03 | 1.85334e-01 4.13200e-01 |
   2918 | 4.11605e+00 1.45372e-03 | 1.85335e-01 4.13188e-01 |
   2919 | 4.11751e+00 1.45378e-03 | 1.85337e-01 4.13177e-01 |
   2920 | 4.11896e+00 1.45383e-03 | 1.85338e-01 4.13165e-01 |
   2921 | 4.12041e+00 1.45388e-03 | 1.85340e-01 4.13153e-01 |
   2922 | 4.12187e+00 1.45394e-03 | 1.85341e-01 4.13141e-01 |
   2923 | 4.12332e+00 1.45399e-03 | 1.85342e-01 4.13130e-01 |
   2924 | 4.12478e+00 1.45404e-03 | 1.85344e-01 4.13118e-01 |
   2925 | 4.12623e+00 1.45410e-03 | 1.85345e-01 4.13106e-01 |
   2926 | 4.12768e+00 1.45416e-03 | 1.85347e-01 4.13094e-01 |
   2927 | 4.12914e+00 1.45421e-03 | 1.85348e-01 4.13083e-01 |
   2928 | 4.13059e+00 1.45426e-03 | 1.85349e-01 4.13071e-01 |
   2929 | 4.13205e+00 1.45432e-03 | 1.85351e-01 4.13059e-01 |
   2930 | 4.13350e+00 1.45437e-03 | 1.85352e-01 4.13047e-01 |
   2931 | 4.13496e+00 1.45442e-03 | 1.85354e-01 4.13035e-01 |
   2932 | 4.13641e+00 1.45448e-03 | 1.85355e-01 4.13024e-01 |
   2933 | 4.13787e+00 1.45453e-03 | 1.85357e-01 4.13012e-01 |
   2934 | 4.13932e+00 1.45459e-03 | 1.85358e-01 4.13000e-01 |
   2935 | 4.14077e+00 1.45464e-03 | 1.85360e-01 4.12988e-01 |
   2936 | 4.14223e+00 1.45470e-03 | 1.85361e-01 4.12976e-01 |
   2937 | 4.14368e+00 1.45475e-03 | 1.85363e-01 4.12964e-01 |
   2938 | 4.14514e+00 1.45481e-03 | 1.85364e-01 4.12953e-01 |
   2939 | 4.14659e+00 1.45486e-03 | 1.85366e-01 4.12941e-01 |
   2940 | 4.14805e+00 1.45491e-03 | 1.85367e-01 4.12929e-01 |
   2941 | 4.14950e+00 1.45497e-03 | 1.85369e-01 4.12917e-01 |
   2942 | 4.15096e+00 1.45503e-03 | 1.85370e-01 4.12905e-01 |
   2943 | 4.15241e+00 1.45508e-03 | 1.85372e-01 4.12893e-01 |
   2944 | 4.15387e+00 1.45513e-03 | 1.85373e-01 4.12881e-01 |
   2945 | 4.15532e+00 1.45519e-03 | 1.85375e-01 4.12869e-01 |
   2946 | 4.15678e+00 1.45524e-03 | 1.85376e-01 4.12857e-01 |
   2947 | 4.15823e+00 1.45530e-03 | 1.85378e-01 4.12845e-01 |
   2948 | 4.15969e+00 1.45536e-03 | 1.85379e-01 4.12833e-01 |
   2949 | 4.16115e+00 1.45541e-03 | 1.85381e-01 4.12821e-01 |
   2950 | 4.16260e+00 1.45547e-03 | 1.85382e-01 4.12809e-01 |
   2951 | 4.16406e+00 1.45552e-03 | 1.85384e-01 4.12797e-01 |
   2952 | 4.16551e+00 1.45558e-03 | 1.85385e-01 4.12785e-01 |
   2953 | 4.16697e+00 1.45563e-03 | 1.85387e-01 4.12773e-01 |
   2954 | 4.16842e+00 1.45569e-03 | 1.85388e-01 4.12761e-01 |
   2955 | 4.16988e+00 1.45574e-03 | 1.85390e-01 4.12749e-01 |
   2956 | 4.17133e+00 1.45580e-03 | 1.85392e-01 4.12737e-01 |
   2957 | 4.17279e+00 1.45586e-03 | 1.85393e-01 4.12725e-01 |
   2958 | 4.17425e+00 1.45591e-03 | 1.85395e-01 4.12713e-01 |
   2959 | 4.17570e+00 1.45597e-03 | 1.85396e-01 4.12701e-01 |
   2960 | 4.17642e+00 7.22343e-04 | 1.85397e-01 4.12695e-01 |
   2961 | 4.17788e+00 1.45605e-03 | 1.85399e-01 4.12683e-01 |
   2962 | 4.17934e+00 1.45611e-03 | 1.85400e-01 4.12671e-01 |
   2963 | 4.18079e+00 1.45616e-03 | 1.85402e-01 4.12659e-01 |
   2964 | 4.18225e+00 1.45622e-03 | 1.85404e-01 4.12647e-01 |
   2965 | 4.18371e+00 1.45627e-03 | 1.85405e-01 4.12635e-01 |
   2966 | 4.18516e+00 1.45633e-03 | 1.85407e-01 4.12623e-01 |
   2967 | 4.18662e+00 1.45639e-03 | 1.85408e-01 4.12610e-01 |
   2968 | 4.18807e+00 1.45644e-03 | 1.85410e-01 4.12598e-01 |
   2969 | 4.18953e+00 1.45650e-03 | 1.85412e-01 4.12586e-01 |
   2970 | 4.19099e+00 1.45656e-03 | 1.85413e-01 4.12574e-01 |
   2971 | 4.19244e+00 1.45661e-03 | 1.85415e-01 4.12562e-01 |
   2972 | 4.19390e+00 1.45667e-03 | 1.85417e-01 4.12550e-01 |
   2973 | 4.19536e+00 1.45673e-03 | 1.85418e-01 4.12538e-01 |
   2974 | 4.19681e+00 1.45678e-03 | 1.85420e-01 4.12525e-01 |
   2975 | 4.19827e+00 1.45684e-03 | 1.85422e-01 4.12513e-01 |
   2976 | 4.19973e+00 1.45690e-03 | 1.85423e-01 4.12501e-01 |
   2977 | 4.20119e+00 1.45695e-03 | 1.85425e-01 4.12489e-01 |
   2978 | 4.20264e+00 1.45701e-03 | 1.85427e-01 4.12477e-01 |
   2979 | 4.20410e+00 1.45707e-03 | 1.85428e-01 4.12464e-01 |
   2980 | 4.20556e+00 1.45713e-03 | 1.85430e-01 4.12452e-01 |
   2981 | 4.20701e+00 1.45718e-03 | 1.85432e-01 4.12440e-01 |
   2982 | 4.20847e+00 1.45724e-03 | 1.85433e-01 4.12428e-01 |
   2983 | 4.20993e+00 1.45730e-03 | 1.85435e-01 4.12415e-01 |
   2984 | 4.21139e+00 1.45735e-03 | 1.85437e-01 4.12403e-01 |
   2985 | 4.21284e+00 1.45742e-03 | 1.85438e-01 4.12391e-01 |
   2986 | 4.21430e+00 1.45747e-03 | 1.85440e-01 4.12379e-01 |
   2987 | 4.21576e+00 1.45753e-03 | 1.85442e-01 4.12366e-01 |
   2988 | 4.21722e+00 1.45759e-03 | 1.85444e-01 4.12354e-01 |
   2989 | 4.21867e+00 1.45764e-03 | 1.85445e-01 4.12342e-01 |
   2990 | 4.22013e+00 1.45770e-03 | 1.85447e-01 4.12329e-01 |
   2991 | 4.22159e+00 1.45776e-03 | 1.85449e-01 4.12317e-01 |
   2992 | 4.22305e+00 1.45782e-03 | 1.85451e-01 4.12305e-01 |
   2993 | 4.22450e+00 1.45787e-03 | 1.85452e-01 4.12292e-01 |
   2994 | 4.22596e+00 1.45793e-03 | 1.85454e-01 4.12280e-01 |
   2995 | 4.22742e+00 1.45799e-03 | 1.85456e-01 4.12268e-01 |
   2996 | 4.22888e+00 1.45805e-03 | 1.85458e-01 4.12255e-01 |
   2997 | 4.23034e+00 1.45811e-03 | 1.85459e-01 4.12243e-01 |
   2998 | 4.23179e+00 1.45817e-03 | 1.85461e-01 4.12231e-01 |
   2999 | 4.23325e+00 1.45822e-03 | 1.85463e-01 4.12218e-01 |
   3000 | 4.23471e+00 1.45828e-03 | 1.85465e-01 4.12206e-01 |
   3001 | 4.23617e+00 1.45834e-03 | 1.85467e-01 4.12194e-01 |
   3002 | 4.23763e+00 1.45840e-03 | 1.85468e-01 4.12181e-01 |
   3003 | 4.23909e+00 1.45846e-03 | 1.85470e-01 4.12169e-01 |
   3004 | 4.23970e+00 6.17588e-04 | 1.85471e-01 4.12163e-01 |
   3005 | 4.24116e+00 1.45854e-03 | 1.85473e-01 4.12151e-01 |
   3006 | 4.24262e+00 1.45860e-03 | 1.85475e-01 4.12139e-01 |
   3007 | 4.24408e+00 1.45866e-03 | 1.85476e-01 4.12126e-01 |
   3008 | 4.24554e+00 1.45872e-03 | 1.85478e-01 4.12114e-01 |
   3009 | 4.24700e+00 1.45877e-03 | 1.85480e-01 4.12101e-01 |
   3010 | 4.24846e+00 1.45884e-03 | 1.85482e-01 4.12089e-01 |
   3011 | 4.24991e+00 1.45889e-03 | 1.85484e-01 4.12076e-01 |
   3012 | 4.25137e+00 1.45895e-03 | 1.85486e-01 4.12064e-01 |
   3013 | 4.25283e+00 1.45901e-03 | 1.85487e-01 4.12051e-01 |
   3014 | 4.25429e+00 1.45907e-03 | 1.85489e-01 4.12039e-01 |
   3015 | 4.25575e+00 1.45913e-03 | 1.85491e-01 4.12026e-01 |
   3016 | 4.25721e+00 1.45919e-03 | 1.85493e-01 4.12014e-01 |
   3017 | 4.25867e+00 1.45925e-03 | 1.85495e-01 4.12001e-01 |
   3018 | 4.26013e+00 1.45931e-03 | 1.85497e-01 4.11989e-01 |
   3019 | 4.26159e+00 1.45937e-03 | 1.85499e-01 4.11976e-01 |
   3020 | 4.26305e+00 1.45943e-03 | 1.85501e-01 4.11964e-01 |
   3021 | 4.26451e+00 1.45948e-03 | 1.85503e-01 4.11951e-01 |
   3022 | 4.26597e+00 1.45955e-03 | 1.85504e-01 4.11939e-01 |
   3023 | 4.26743e+00 1.45961e-03 | 1.85506e-01 4.11926e-01 |
   3024 | 4.26889e+00 1.45966e-03 | 1.85508e-01 4.11913e-01 |
   3025 | 4.27035e+00 1.45972e-03 | 1.85510e-01 4.11901e-01 |
   3026 | 4.27181e+00 1.45979e-03 | 1.85512e-01 4.11888e-01 |
   3027 | 4.27327e+00 1.45984e-03 | 1.85514e-01 4.11876e-01 |
   3028 | 4.27473e+00 1.45990e-03 | 1.85516e-01 4.11863e-01 |
   3029 | 4.27619e+00 1.45996e-03 | 1.85518e-01 4.11850e-01 |
   3030 | 4.27765e+00 1.46002e-03 | 1.85520e-01 4.11838e-01 |
   3031 | 4.27911e+00 1.46008e-03 | 1.85522e-01 4.11825e-01 |
   3032 | 4.28057e+00 1.46015e-03 | 1.85524e-01 4.11813e-01 |
   3033 | 4.28203e+00 1.46020e-03 | 1.85526e-01 4.11800e-01 |
   3034 | 4.28349e+00 1.46026e-03 | 1.85528e-01 4.11787e-01 |
   3035 | 4.28495e+00 1.46033e-03 | 1.85530e-01 4.11775e-01 |
   3036 | 4.28641e+00 1.46038e-03 | 1.85532e-01 4.11762e-01 |
   3037 | 4.28787e+00 1.46044e-03 | 1.85534e-01 4.11749e-01 |
   3038 | 4.28933e+00 1.46051e-03 | 1.85536e-01 4.11737e-01 |
   3039 | 4.29079e+00 1.46056e-03 | 1.85538e-01 4.11724e-01 |
   3040 | 4.29225e+00 1.46063e-03 | 1.85540e-01 4.11711e-01 |
   3041 | 4.29371e+00 1.46069e-03 | 1.85542e-01 4.11699e-01 |
   3042 | 4.29517e+00 1.46075e-03 | 1.85544e-01 4.11686e-01 |
   3043 | 4.29663e+00 1.46081e-03 | 1.85546e-01 4.11673e-01 |
   3044 | 4.29809e+00 1.46087e-03 | 1.85548e-01 4.11660e-01 |
   3045 | 4.29955e+00 1.46093e-03 | 1.85550e-01 4.11648e-01 |
   3046 | 4.30101e+00 1.46099e-03 | 1.85552e-01 4.11635e-01 |
   3047 | 4.30247e+00 1.46105e-03 | 1.85554e-01 4.11622e-01 |
   3048 | 4.30298e+00 5.08259e-04 | 1.85555e-01 4.11617e-01 |
   3049 | 4.30444e+00 1.46113e-03 | 1.85557e-01 4.11605e-01 |
   3050 | 4.30591e+00 1.46119e-03 | 1.85559e-01 4.11592e-01 |
   3051 | 4.30737e+00 1.46126e-03 | 1.85561e-01 4.11579e-01 |
   3052 | 4.30883e+00 1.46132e-03 | 1.85563e-01 4.11567e-01 |
   3053 | 4.31029e+00 1.46138e-03 | 1.85565e-01 4.11554e-01 |
   3054 | 4.31175e+00 1.46144e-03 | 1.85567e-01 4.11541e-01 |
   3055 | 4.31321e+00 1.46150e-03 | 1.85569e-01 4.11528e-01 |
   3056 | 4.31467e+00 1.46156e-03 | 1.85571e-01 4.11515e-01 |
   3057 | 4.31614e+00 1.46163e-03 | 1.85574e-01 4.11503e-01 |
   3058 | 4.31760e+00 1.46168e-03 | 1.85576e-01 4.11490e-01 |
   3059 | 4.31906e+00 1.46175e-03 | 1.85578e-01 4.11477e-01 |
   3060 | 4.32052e+00 1.46181e-03 | 1.85580e-01 4.11464e-01 |
   3061 | 4.32198e+00 1.46187e-03 | 1.85582e-01 4.11451e-01 |
   3062 | 4.32344e+00 1.46193e-03 | 1.85584e-01 4.11439e-01 |
   3063 | 4.32491e+00 1.46200e-03 | 1.85586e-01 4.11426e-01 |
   3064 | 4.32637e+00 1.46205e-03 | 1.85588e-01 4.11413e-01 |
   3065 | 4.32783e+00 1.46212e-03 | 1.85591e-01 4.11400e-01 |
   3066 | 4.32929e+00 1.46218e-03 | 1.85593e-01 4.11387e-01 |
   3067 | 4.33076e+00 1.46224e-03 | 1.85595e-01 4.11374e-01 |
   3068 | 4.33222e+00 1.46230e-03 | 1.85597e-01 4.11361e-01 |
   3069 | 4.33368e+00 1.46237e-03 | 1.85599e-01 4.11348e-01 |
   3070 | 4.33514e+00 1.46243e-03 | 1.85601e-01 4.11335e-01 |
   3071 | 4.33660e+00 1.46249e-03 | 1.85604e-01 4.11323e-01 |
   3072 | 4.33807e+00 1.46255e-03 | 1.85606e-01 4.11310e-01 |
   3073 | 4.33953e+00 1.46261e-03 | 1.85608e-01 4.11297e-01 |
   3074 | 4.34099e+00 1.46267e-03 | 1.85610e-01 4.11284e-01 |
   3075 | 4.34246e+00 1.46274e-03 | 1.85612e-01 4.11271e-01 |
   3076 | 4.34392e+00 1.46280e-03 | 1.85615e-01 4.11258e-01 |
   3077 | 4.34538e+00 1.46286e-03 | 1.85617e-01 4.11245e-01 |
   3078 | 4.34684e+00 1.46293e-03 | 1.85619e-01 4.11232e-01 |
   3079 | 4.34831e+00 1.46299e-03 | 1.85621e-01 4.11219e-01 |
   3080 | 4.34977e+00 1.46305e-03 | 1.85624e-01 4.11206e-01 |
   3081 | 4.35123e+00 1.46311e-03 | 1.85626e-01 4.11193e-01 |
   3082 | 4.35270e+00 1.46318e-03 | 1.85628e-01 4.11180e-01 |
   3083 | 4.35416e+00 1.46324e-03 | 1.85630e-01 4.11167e-01 |
   3084 | 4.35562e+00 1.46330e-03 | 1.85633e-01 4.11154e-01 |
   3085 | 4.35709e+00 1.46336e-03 | 1.85635e-01 4.11141e-01 |
   3086 | 4.35855e+00 1.46343e-03 | 1.85637e-01 4.11128e-01 |
   3087 | 4.36001e+00 1.46349e-03 | 1.85640e-01 4.11115e-01 |
   3088 | 4.36148e+00 1.46355e-03 | 1.85642e-01 4.11102e-01 |
   3089 | 4.36294e+00 1.46361e-03 | 1.85644e-01 4.11089e-01 |
   3090 | 4.36440e+00 1.46368e-03 | 1.85646e-01 4.11076e-01 |
   3091 | 4.36587e+00 1.46374e-03 | 1.85649e-01 4.11063e-01 |
   3092 | 4.36626e+00 3.94636e-04 | 1.85649e-01 4.11059e-01 |
   3093 | 4.36773e+00 1.46382e-03 | 1.85652e-01 4.11046e-01 |
   3094 | 4.36919e+00 1.46389e-03 | 1.85654e-01 4.11033e-01 |
   3095 | 4.37065e+00 1.46395e-03 | 1.85656e-01 4.11020e-01 |
   3096 | 4.37212e+00 1.46401e-03 | 1.85659e-01 4.11007e-01 |
   3097 | 4.37358e+00 1.46408e-03 | 1.85661e-01 4.10994e-01 |
   3098 | 4.37505e+00 1.46414e-03 | 1.85663e-01 4.10981e-01 |
   3099 | 4.37651e+00 1.46420e-03 | 1.85666e-01 4.10968e-01 |
   3100 | 4.37797e+00 1.46427e-03 | 1.85668e-01 4.10955e-01 |
   3101 | 4.37944e+00 1.46433e-03 | 1.85671e-01 4.10942e-01 |
   3102 | 4.38090e+00 1.46439e-03 | 1.85673e-01 4.10929e-01 |
   3103 | 4.38237e+00 1.46446e-03 | 1.85675e-01 4.10916e-01 |
   3104 | 4.38383e+00 1.46452e-03 | 1.85678e-01 4.10902e-01 |
   3105 | 4.38530e+00 1.46458e-03 | 1.85680e-01 4.10889e-01 |
   3106 | 4.38676e+00 1.46465e-03 | 1.85682e-01 4.10876e-01 |
   3107 | 4.38823e+00 1.46471e-03 | 1.85685e-01 4.10863e-01 |
   3108 | 4.38969e+00 1.46478e-03 | 1.85687e-01 4.10850e-01 |
   3109 | 4.39116e+00 1.46484e-03 | 1.85690e-01 4.10837e-01 |
   3110 | 4.39262e+00 1.46491e-03 | 1.85692e-01 4.10824e-01 |
   3111 | 4.39409e+00 1.46497e-03 | 1.85695e-01 4.10810e-01 |
   3112 | 4.39555e+00 1.46503e-03 | 1.85697e-01 4.10797e-01 |
   3113 | 4.39702e+00 1.46510e-03 | 1.85699e-01 4.10784e-01 |
   3114 | 4.39848e+00 1.46516e-03 | 1.85702e-01 4.10771e-01 |
   3115 | 4.39995e+00 1.46523e-03 | 1.85704e-01 4.10758e-01 |
   3116 | 4.40141e+00 1.46529e-03 | 1.85707e-01 4.10745e-01 |
   3117 | 4.40288e+00 1.46535e-03 | 1.85709e-01 4.10731e-01 |
   3118 | 4.40434e+00 1.46542e-03 | 1.85712e-01 4.10718e-01 |
   3119 | 4.40581e+00 1.46549e-03 | 1.85714e-01 4.10705e-01 |
   3120 | 4.40727e+00 1.46555e-03 | 1.85717e-01 4.10692e-01 |
   3121 | 4.40874e+00 1.46561e-03 | 1.85719e-01 4.10679e-01 |
   3122 | 4.41020e+00 1.46568e-03 | 1.85722e-01 4.10665e-01 |
   3123 | 4.41167e+00 1.46574e-03 | 1.85724e-01 4.10652e-01 |
   3124 | 4.41314e+00 1.46581e-03 | 1.85727e-01 4.10639e-01 |
   3125 | 4.41460e+00 1.46587e-03 | 1.85729e-01 4.10626e-01 |
   3126 | 4.41607e+00 1.46594e-03 | 1.85732e-01 4.10612e-01 |
   3127 | 4.41753e+00 1.46600e-03 | 1.85734e-01 4.10599e-01 |
   3128 | 4.41900e+00 1.46607e-03 | 1.85737e-01 4.10586e-01 |
   3129 | 4.42047e+00 1.46613e-03 | 1.85740e-01 4.10573e-01 |
   3130 | 4.42193e+00 1.46620e-03 | 1.85742e-01 4.10559e-01 |
   3131 | 4.42340e+00 1.46626e-03 | 1.85745e-01 4.10546e-01 |
   3132 | 4.42486e+00 1.46633e-03 | 1.85747e-01 4.10533e-01 |
   3133 | 4.42633e+00 1.46639e-03 | 1.85750e-01 4.10520e-01 |
   3134 | 4.42780e+00 1.46646e-03 | 1.85752e-01 4.10506e-01 |
   3135 | 4.42926e+00 1.46652e-03 | 1.85755e-01 4.10493e-01 |
   3136 | 4.42954e+00 2.77037e-04 | 1.85756e-01 4.10490e-01 |
   3137 | 4.43101e+00 1.46660e-03 | 1.85758e-01 4.10477e-01 |
   3138 | 4.43247e+00 1.46667e-03 | 1.85761e-01 4.10464e-01 |
   3139 | 4.43394e+00 1.46673e-03 | 1.85763e-01 4.10450e-01 |
   3140 | 4.43541e+00 1.46680e-03 | 1.85766e-01 4.10437e-01 |
   3141 | 4.43688e+00 1.46686e-03 | 1.85769e-01 4.10424e-01 |
   3142 | 4.43834e+00 1.46693e-03 | 1.85771e-01 4.10411e-01 |
   3143 | 4.43981e+00 1.46699e-03 | 1.85774e-01 4.10397e-01 |
   3144 | 4.44128e+00 1.46706e-03 | 1.85777e-01 4.10384e-01 |
   3145 | 4.44274e+00 1.46712e-03 | 1.85779e-01 4.10371e-01 |
   3146 | 4.44421e+00 1.46719e-03 | 1.85782e-01 4.10357e-01 |
   3147 | 4.44568e+00 1.46726e-03 | 1.85784e-01 4.10344e-01 |
   3148 | 4.44714e+00 1.46732e-03 | 1.85787e-01 4.10330e-01 |
   3149 | 4.44861e+00 1.46739e-03 | 1.85790e-01 4.10317e-01 |
   3150 | 4.45008e+00 1.46746e-03 | 1.85793e-01 4.10304e-01 |
   3151 | 4.45155e+00 1.46752e-03 | 1.85795e-01 4.10290e-01 |
   3152 | 4.45301e+00 1.46758e-03 | 1.85798e-01 4.10277e-01 |
   3153 | 4.45448e+00 1.46765e-03 | 1.85801e-01 4.10264e-01 |
   3154 | 4.45595e+00 1.46772e-03 | 1.85803e-01 4.10250e-01 |
   3155 | 4.45742e+00 1.46778e-03 | 1.85806e-01 4.10237e-01 |
   3156 | 4.45889e+00 1.46785e-03 | 1.85809e-01 4.10223e-01 |
   3157 | 4.46035e+00 1.46792e-03 | 1.85812e-01 4.10210e-01 |
   3158 | 4.46182e+00 1.46798e-03 | 1.85814e-01 4.10197e-01 |
   3159 | 4.46329e+00 1.46805e-03 | 1.85817e-01 4.10183e-01 |
   3160 | 4.46476e+00 1.46811e-03 | 1.85820e-01 4.10170e-01 |
   3161 | 4.46623e+00 1.46818e-03 | 1.85823e-01 4.10156e-01 |
   3162 | 4.46769e+00 1.46825e-03 | 1.85825e-01 4.10143e-01 |
   3163 | 4.46916e+00 1.46831e-03 | 1.85828e-01 4.10130e-01 |
   3164 | 4.47063e+00 1.46838e-03 | 1.85831e-01 4.10116e-01 |
   3165 | 4.47210e+00 1.46845e-03 | 1.85834e-01 4.10103e-01 |
   3166 | 4.47357e+00 1.46851e-03 | 1.85837e-01 4.10089e-01 |
   3167 | 4.47504e+00 1.46858e-03 | 1.85839e-01 4.10076e-01 |
   3168 | 4.47651e+00 1.46865e-03 | 1.85842e-01 4.10062e-01 |
   3169 | 4.47797e+00 1.46871e-03 | 1.85845e-01 4.10049e-01 |
   3170 | 4.47944e+00 1.46878e-03 | 1.85848e-01 4.10035e-01 |
   3171 | 4.48091e+00 1.46885e-03 | 1.85851e-01 4.10022e-01 |
   3172 | 4.48238e+00 1.46891e-03 | 1.85853e-01 4.10008e-01 |
   3173 | 4.48385e+00 1.46898e-03 | 1.85856e-01 4.09995e-01 |
   3174 | 4.48532e+00 1.46905e-03 | 1.85859e-01 4.09982e-01 |
   3175 | 4.48679e+00 1.46912e-03 | 1.85862e-01 4.09968e-01 |
   3176 | 4.48826e+00 1.46918e-03 | 1.85865e-01 4.09955e-01 |
   3177 | 4.48973e+00 1.46925e-03 | 1.85868e-01 4.09941e-01 |
   3178 | 4.49120e+00 1.46932e-03 | 1.85871e-01 4.09928e-01 |
   3179 | 4.49266e+00 1.46938e-03 | 1.85874e-01 4.09914e-01 |
   3180 | 4.49282e+00 1.55771e-04 | 1.85874e-01 4.09912e-01 |
   3181 | 4.49429e+00 1.46946e-03 | 1.85877e-01 4.09899e-01 |
   3182 | 4.49576e+00 1.46953e-03 | 1.85880e-01 4.09886e-01 |
   3183 | 4.49723e+00 1.46959e-03 | 1.85883e-01 4.09872e-01 |
   3184 | 4.49870e+00 1.46966e-03 | 1.85886e-01 4.09859e-01 |
   3185 | 4.50017e+00 1.46973e-03 | 1.85888e-01 4.09845e-01 |
   3186 | 4.50164e+00 1.46979e-03 | 1.85891e-01 4.09832e-01 |
   3187 | 4.50311e+00 1.46986e-03 | 1.85894e-01 4.09818e-01 |
   3188 | 4.50458e+00 1.46993e-03 | 1.85897e-01 4.09805e-01 |
   3189 | 4.50605e+00 1.47000e-03 | 1.85900e-01 4.09791e-01 |
   3190 | 4.50752e+00 1.47007e-03 | 1.85903e-01 4.09778e-01 |
   3191 | 4.50899e+00 1.47013e-03 | 1.85906e-01 4.09764e-01 |
   3192 | 4.51046e+00 1.47020e-03 | 1.85909e-01 4.09750e-01 |
   3193 | 4.51193e+00 1.47027e-03 | 1.85912e-01 4.09737e-01 |
   3194 | 4.51340e+00 1.47034e-03 | 1.85915e-01 4.09723e-01 |
   3195 | 4.51487e+00 1.47040e-03 | 1.85918e-01 4.09710e-01 |
   3196 | 4.51634e+00 1.47047e-03 | 1.85921e-01 4.09696e-01 |
   3197 | 4.51781e+00 1.47054e-03 | 1.85924e-01 4.09683e-01 |
   3198 | 4.51928e+00 1.47061e-03 | 1.85927e-01 4.09669e-01 |
   3199 | 4.52075e+00 1.47068e-03 | 1.85930e-01 4.09656e-01 |
   3200 | 4.52222e+00 1.47074e-03 | 1.85933e-01 4.09642e-01 |
   3201 | 4.52369e+00 1.47081e-03 | 1.85936e-01 4.09628e-01 |
   3202 | 4.52516e+00 1.47088e-03 | 1.85939e-01 4.09615e-01 |
   3203 | 4.52664e+00 1.47095e-03 | 1.85942e-01 4.09601e-01 |
   3204 | 4.52811e+00 1.47101e-03 | 1.85945e-01 4.09588e-01 |
   3205 | 4.52958e+00 1.47108e-03 | 1.85949e-01 4.09574e-01 |
   3206 | 4.53105e+00 1.47115e-03 | 1.85952e-01 4.09560e-01 |
   3207 | 4.53252e+00 1.47122e-03 | 1.85955e-01 4.09547e-01 |
   3208 | 4.53399e+00 1.47129e-03 | 1.85958e-01 4.09533e-01 |
   3209 | 4.53546e+00 1.47136e-03 | 1.85961e-01 4.09520e-01 |
   3210 | 4.53693e+00 1.47142e-03 | 1.85964e-01 4.09506e-01 |
   3211 | 4.53841e+00 1.47149e-03 | 1.85967e-01 4.09492e-01 |
   3212 | 4.53988e+00 1.47156e-03 | 1.85970e-01 4.09479e-01 |
   3213 | 4.54135e+00 1.47163e-03 | 1.85973e-01 4.09465e-01 |
   3214 | 4.54282e+00 1.47170e-03 | 1.85977e-01 4.09452e-01 |
   3215 | 4.54429e+00 1.47177e-03 | 1.85980e-01 4.09438e-01 |
   3216 | 4.54576e+00 1.47184e-03 | 1.85983e-01 4.09424e-01 |
   3217 | 4.54724e+00 1.47191e-03 | 1.85986e-01 4.09411e-01 |
   3218 | 4.54871e+00 1.47198e-03 | 1.85989e-01 4.09397e-01 |
   3219 | 4.55018e+00 1.47204e-03 | 1.85992e-01 4.09384e-01 |
   3220 | 4.55165e+00 1.47211e-03 | 1.85996e-01 4.09370e-01 |
   3221 | 4.55312e+00 1.47218e-03 | 1.85999e-01 4.09356e-01 |
   3222 | 4.55460e+00 1.47225e-03 | 1.86002e-01 4.09343e-01 |
   3223 | 4.55607e+00 1.47232e-03 | 1.86005e-01 4.09329e-01 |
   3224 | 4.55610e+00 3.11932e-05 | 1.86005e-01 4.09328e-01 |
   3225 | 4.55757e+00 1.47239e-03 | 1.86008e-01 4.09315e-01 |
   3226 | 4.55904e+00 1.47246e-03 | 1.86012e-01 4.09301e-01 |
   3227 | 4.56052e+00 1.47253e-03 | 1.86015e-01 4.09288e-01 |
   3228 | 4.56199e+00 1.47260e-03 | 1.86018e-01 4.09274e-01 |
   3229 | 4.56346e+00 1.47266e-03 | 1.86021e-01 4.09260e-01 |
   3230 | 4.56494e+00 1.47273e-03 | 1.86025e-01 4.09247e-01 |
   3231 | 4.56641e+00 1.47281e-03 | 1.86028e-01 4.09233e-01 |
   3232 | 4.56788e+00 1.47287e-03 | 1.86031e-01 4.09219e-01 |
   3233 | 4.56935e+00 1.47294e-03 | 1.86034e-01 4.09206e-01 |
   3234 | 4.57083e+00 1.47302e-03 | 1.86038e-01 4.09192e-01 |
   3235 | 4.57230e+00 1.47308e-03 | 1.86041e-01 4.09178e-01 |
   3236 | 4.57377e+00 1.47315e-03 | 1.86044e-01 4.09165e-01 |
   3237 | 4.57525e+00 1.47322e-03 | 1.86048e-01 4.09151e-01 |
   3238 | 4.57672e+00 1.47329e-03 | 1.86051e-01 4.09137e-01 |
   3239 | 4.57819e+00 1.47336e-03 | 1.86054e-01 4.09124e-01 |
   3240 | 4.57967e+00 1.47343e-03 | 1.86058e-01 4.09110e-01 |
   3241 | 4.58114e+00 1.47350e-03 | 1.86061e-01 4.09096e-01 |
   3242 | 4.58261e+00 1.47357e-03 | 1.86064e-01 4.09083e-01 |
   3243 | 4.58409e+00 1.47364e-03 | 1.86068e-01 4.09069e-01 |
   3244 | 4.58556e+00 1.47371e-03 | 1.86071e-01 4.09055e-01 |
   3245 | 4.58703e+00 1.47378e-03 | 1.86074e-01 4.09042e-01 |
   3246 | 4.58851e+00 1.47385e-03 | 1.86078e-01 4.09028e-01 |
   3247 | 4.58998e+00 1.47392e-03 | 1.86081e-01 4.09014e-01 |
   3248 | 4.59146e+00 1.47399e-03 | 1.86084e-01 4.09001e-01 |
   3249 | 4.59293e+00 1.47406e-03 | 1.86088e-01 4.08987e-01 |
   3250 | 4.59440e+00 1.47413e-03 | 1.86091e-01 4.08973e-01 |
   3251 | 4.59588e+00 1.47419e-03 | 1.86095e-01 4.08960e-01 |
   3252 | 4.59735e+00 1.47427e-03 | 1.86098e-01 4.08946e-01 |
   3253 | 4.59883e+00 1.47434e-03 | 1.86102e-01 4.08932e-01 |
   3254 | 4.60030e+00 1.47440e-03 | 1.86105e-01 4.08918e-01 |
   3255 | 4.60178e+00 1.47448e-03 | 1.86108e-01 4.08905e-01 |
   3256 | 4.60325e+00 1.47455e-03 | 1.86112e-01 4.08891e-01 |
   3257 | 4.60473e+00 1.47462e-03 | 1.86115e-01 4.08877e-01 |
   3258 | 4.60620e+00 1.47469e-03 | 1.86119e-01 4.08864e-01 |
   3259 | 4.60767e+00 1.47476e-03 | 1.86122e-01 4.08850e-01 |
   3260 | 4.60915e+00 1.47483e-03 | 1.86126e-01 4.08836e-01 |
   3261 | 4.61062e+00 1.47490e-03 | 1.86129e-01 4.08823e-01 |
   3262 | 4.61210e+00 1.47497e-03 | 1.86133e-01 4.08809e-01 |
   3263 | 4.61357e+00 1.47504e-03 | 1.86136e-01 4.08795e-01 |
   3264 | 4.61505e+00 1.47511e-03 | 1.86140e-01 4.08781e-01 |
   3265 | 4.61652e+00 1.47518e-03 | 1.86143e-01 4.08768e-01 |
   3266 | 4.61800e+00 1.47525e-03 | 1.86147e-01 4.08754e-01 |
   3267 | 4.61938e+00 1.37893e-03 | 1.86150e-01 4.08741e-01 |
   3268 | 4.62085e+00 1.47539e-03 | 1.86154e-01 4.08727e-01 |
   3269 | 4.62233e+00 1.47546e-03 | 1.86157e-01 4.08714e-01 |
   3270 | 4.62381e+00 1.47553e-03 | 1.86161e-01 4.08700e-01 |
   3271 | 4.62528e+00 1.47560e-03 | 1.86164e-01 4.08686e-01 |
   3272 | 4.62676e+00 1.47567e-03 | 1.86168e-01 4.08673e-01 |
   3273 | 4.62823e+00 1.47574e-03 | 1.86172e-01 4.08659e-01 |
   3274 | 4.62971e+00 1.47581e-03 | 1.86175e-01 4.08645e-01 |
   3275 | 4.63118e+00 1.47588e-03 | 1.86179e-01 4.08631e-01 |
   3276 | 4.63266e+00 1.47595e-03 | 1.86182e-01 4.08618e-01 |
   3277 | 4.63414e+00 1.47602e-03 | 1.86186e-01 4.08604e-01 |
   3278 | 4.63561e+00 1.47609e-03 | 1.86190e-01 4.08590e-01 |
   3279 | 4.63709e+00 1.47617e-03 | 1.86193e-01 4.08576e-01 |
   3280 | 4.63856e+00 1.47624e-03 | 1.86197e-01 4.08563e-01 |
   3281 | 4.64004e+00 1.47630e-03 | 1.86201e-01 4.08549e-01 |
   3282 | 4.64152e+00 1.47638e-03 | 1.86204e-01 4.08535e-01 |
   3283 | 4.64299e+00 1.47645e-03 | 1.86208e-01 4.08522e-01 |
   3284 | 4.64447e+00 1.47652e-03 | 1.86212e-01 4.08508e-01 |
   3285 | 4.64595e+00 1.47659e-03 | 1.86215e-01 4.08494e-01 |
   3286 | 4.64742e+00 1.47666e-03 | 1.86219e-01 4.08480e-01 |
   3287 | 4.64890e+00 1.47673e-03 | 1.86223e-01 4.08467e-01 |
   3288 | 4.65038e+00 1.47680e-03 | 1.86226e-01 4.08453e-01 |
   3289 | 4.65185e+00 1.47688e-03 | 1.86230e-01 4.08439e-01 |
   3290 | 4.65333e+00 1.47695e-03 | 1.86234e-01 4.08425e-01 |
   3291 | 4.65481e+00 1.47702e-03 | 1.86238e-01 4.08412e-01 |
   3292 | 4.65628e+00 1.47709e-03 | 1.86241e-01 4.08398e-01 |
   3293 | 4.65776e+00 1.47716e-03 | 1.86245e-01 4.08384e-01 |
   3294 | 4.65924e+00 1.47723e-03 | 1.86249e-01 4.08370e-01 |
   3295 | 4.66072e+00 1.47731e-03 | 1.86253e-01 4.08357e-01 |
   3296 | 4.66219e+00 1.47737e-03 | 1.86256e-01 4.08343e-01 |
   3297 | 4.66367e+00 1.47745e-03 | 1.86260e-01 4.08329e-01 |
   3298 | 4.66515e+00 1.47752e-03 | 1.86264e-01 4.08316e-01 |
   3299 | 4.66663e+00 1.47759e-03 | 1.86268e-01 4.08302e-01 |
   3300 | 4.66810e+00 1.47766e-03 | 1.86272e-01 4.08288e-01 |
   3301 | 4.66958e+00 1.47774e-03 | 1.86276e-01 4.08274e-01 |
   3302 | 4.67106e+00 1.47780e-03 | 1.86279e-01 4.08261e-01 |
   3303 | 4.67254e+00 1.47788e-03 | 1.86283e-01 4.08247e-01 |
   3304 | 4.67402e+00 1.47795e-03 | 1.86287e-01 4.08233e-01 |
   3305 | 4.67549e+00 1.47802e-03 | 1.86291e-01 4.08219e-01 |
   3306 | 4.67697e+00 1.47809e-03 | 1.86295e-01 4.08206e-01 |
   3307 | 4.67845e+00 1.47817e-03 | 1.86299e-01 4.08192e-01 |
   3308 | 4.67993e+00 1.47823e-03 | 1.86302e-01 4.08178e-01 |
   3309 | 4.68141e+00 1.47831e-03 | 1.86306e-01 4.08165e-01 |
   3310 | 4.68266e+00 1.25178e-03 | 1.86310e-01 4.08153e-01 |
   3311 | 4.68414e+00 1.47844e-03 | 1.86314e-01 4.08139e-01 |
   3312 | 4.68561e+00 1.47851e-03 | 1.86317e-01 4.08125e-01 |
   3313 | 4.68709e+00 1.47859e-03 | 1.86321e-01 4.08112e-01 |
   3314 | 4.68857e+00 1.47866e-03 | 1.86325e-01 4.08098e-01 |
   3315 | 4.69005e+00 1.47873e-03 | 1.86329e-01 4.08084e-01 |
   3316 | 4.69153e+00 1.47880e-03 | 1.86333e-01 4.08071e-01 |
   3317 | 4.69301e+00 1.47887e-03 | 1.86337e-01 4.08057e-01 |
   3318 | 4.69449e+00 1.47894e-03 | 1.86341e-01 4.08043e-01 |
   3319 | 4.69597e+00 1.47902e-03 | 1.86345e-01 4.08029e-01 |
   3320 | 4.69745e+00 1.47909e-03 | 1.86349e-01 4.08016e-01 |
   3321 | 4.69892e+00 1.47916e-03 | 1.86353e-01 4.08002e-01 |
   3322 | 4.70040e+00 1.47924e-03 | 1.86357e-01 4.07988e-01 |
   3323 | 4.70188e+00 1.47931e-03 | 1.86361e-01 4.07975e-01 |
   3324 | 4.70336e+00 1.47938e-03 | 1.86365e-01 4.07961e-01 |
   3325 | 4.70484e+00 1.47945e-03 | 1.86369e-01 4.07947e-01 |
   3326 | 4.70632e+00 1.47952e-03 | 1.86373e-01 4.07933e-01 |
   3327 | 4.70780e+00 1.47959e-03 | 1.86377e-01 4.07920e-01 |
   3328 | 4.70928e+00 1.47967e-03 | 1.86381e-01 4.07906e-01 |
   3329 | 4.71076e+00 1.47974e-03 | 1.86385e-01 4.07892e-01 |
   3330 | 4.71224e+00 1.47981e-03 | 1.86389e-01 4.07879e-01 |
   3331 | 4.71372e+00 1.47989e-03 | 1.86393e-01 4.07865e-01 |
   3332 | 4.71520e+00 1.47996e-03 | 1.86398e-01 4.07851e-01 |
   3333 | 4.71668e+00 1.48003e-03 | 1.86402e-01 4.07838e-01 |
   3334 | 4.71816e+00 1.48011e-03 | 1.86406e-01 4.07824e-01 |
   3335 | 4.71964e+00 1.48018e-03 | 1.86410e-01 4.07810e-01 |
   3336 | 4.72112e+00 1.48025e-03 | 1.86414e-01 4.07796e-01 |
   3337 | 4.72260e+00 1.48032e-03 | 1.86418e-01 4.07783e-01 |
   3338 | 4.72408e+00 1.48039e-03 | 1.86422e-01 4.07769e-01 |
   3339 | 4.72556e+00 1.48047e-03 | 1.86426e-01 4.07755e-01 |
   3340 | 4.72704e+00 1.48054e-03 | 1.86431e-01 4.07742e-01 |
   3341 | 4.72852e+00 1.48061e-03 | 1.86435e-01 4.07728e-01 |
   3342 | 4.73000e+00 1.48068e-03 | 1.86439e-01 4.07714e-01 |
   3343 | 4.73148e+00 1.48076e-03 | 1.86443e-01 4.07701e-01 |
   3344 | 4.73297e+00 1.48083e-03 | 1.86447e-01 4.07687e-01 |
   3345 | 4.73445e+00 1.48090e-03 | 1.86451e-01 4.07673e-01 |
   3346 | 4.73593e+00 1.48098e-03 | 1.86456e-01 4.07660e-01 |
   3347 | 4.73741e+00 1.48105e-03 | 1.86460e-01 4.07646e-01 |
   3348 | 4.73889e+00 1.48112e-03 | 1.86464e-01 4.07632e-01 |
   3349 | 4.74037e+00 1.48120e-03 | 1.86468e-01 4.07619e-01 |
   3350 | 4.74185e+00 1.48127e-03 | 1.86473e-01 4.07605e-01 |
   3351 | 4.74333e+00 1.48134e-03 | 1.86477e-01 4.07591e-01 |
   3352 | 4.74481e+00 1.48142e-03 | 1.86481e-01 4.07578e-01 |
   3353 | 4.74594e+00 1.12233e-03 | 1.86484e-01 4.07567e-01 |
   3354 | 4.74742e+00 1.48154e-03 | 1.86489e-01 4.07554e-01 |
   3355 | 4.74890e+00 1.48162e-03 | 1.86493e-01 4.07540e-01 |
   3356 | 4.75038e+00 1.48169e-03 | 1.86497e-01 4.07526e-01 |
   3357 | 4.75186e+00 1.48176e-03 | 1.86502e-01 4.07513e-01 |
   3358 | 4.75335e+00 1.48184e-03 | 1.86506e-01 4.07499e-01 |
   3359 | 4.75483e+00 1.48191e-03 | 1.86510e-01 4.07485e-01 |
   3360 | 4.75631e+00 1.48198e-03 | 1.86514e-01 4.07472e-01 |
   3361 | 4.75779e+00 1.48206e-03 | 1.86519e-01 4.07458e-01 |
   3362 | 4.75927e+00 1.48213e-03 | 1.86523e-01 4.07445e-01 |
   3363 | 4.76076e+00 1.48220e-03 | 1.86528e-01 4.07431e-01 |
   3364 | 4.76224e+00 1.48228e-03 | 1.86532e-01 4.07417e-01 |
   3365 | 4.76372e+00 1.48235e-03 | 1.86536e-01 4.07404e-01 |
   3366 | 4.76520e+00 1.48242e-03 | 1.86541e-01 4.07390e-01 |
   3367 | 4.76669e+00 1.48250e-03 | 1.86545e-01 4.07376e-01 |
   3368 | 4.76817e+00 1.48257e-03 | 1.86549e-01 4.07363e-01 |
   3369 | 4.76965e+00 1.48264e-03 | 1.86554e-01 4.07349e-01 |
   3370 | 4.77113e+00 1.48272e-03 | 1.86558e-01 4.07336e-01 |
   3371 | 4.77262e+00 1.48279e-03 | 1.86563e-01 4.07322e-01 |
   3372 | 4.77410e+00 1.48287e-03 | 1.86567e-01 4.07308e-01 |
   3373 | 4.77558e+00 1.48294e-03 | 1.86572e-01 4.07295e-01 |
   3374 | 4.77707e+00 1.48302e-03 | 1.86576e-01 4.07281e-01 |
   3375 | 4.77855e+00 1.48309e-03 | 1.86581e-01 4.07268e-01 |
   3376 | 4.78003e+00 1.48316e-03 | 1.86585e-01 4.07254e-01 |
   3377 | 4.78151e+00 1.48324e-03 | 1.86590e-01 4.07240e-01 |
   3378 | 4.78300e+00 1.48331e-03 | 1.86594e-01 4.07227e-01 |
   3379 | 4.78448e+00 1.48338e-03 | 1.86599e-01 4.07213e-01 |
   3380 | 4.78596e+00 1.48346e-03 | 1.86603e-01 4.07200e-01 |
   3381 | 4.78745e+00 1.48353e-03 | 1.86608e-01 4.07186e-01 |
   3382 | 4.78893e+00 1.48360e-03 | 1.86612e-01 4.07173e-01 |
   3383 | 4.79042e+00 1.48368e-03 | 1.86617e-01 4.07159e-01 |
   3384 | 4.79190e+00 1.48375e-03 | 1.86621e-01 4.07145e-01 |
   3385 | 4.79338e+00 1.48383e-03 | 1.86626e-01 4.07132e-01 |
   3386 | 4.79487e+00 1.48390e-03 | 1.86630e-01 4.07118e-01 |
   3387 | 4.79635e+00 1.48397e-03 | 1.86635e-01 4.07105e-01 |
   3388 | 4.79783e+00 1.48405e-03 | 1.86640e-01 4.07091e-01 |
   3389 | 4.79932e+00 1.48413e-03 | 1.86644e-01 4.07078e-01 |
   3390 | 4.80080e+00 1.48420e-03 | 1.86649e-01 4.07064e-01 |
   3391 | 4.80229e+00 1.48427e-03 | 1.86653e-01 4.07051e-01 |
   3392 | 4.80377e+00 1.48435e-03 | 1.86658e-01 4.07037e-01 |
   3393 | 4.80526e+00 1.48442e-03 | 1.86663e-01 4.07024e-01 |
   3394 | 4.80674e+00 1.48449e-03 | 1.86667e-01 4.07010e-01 |
   3395 | 4.80823e+00 1.48457e-03 | 1.86672e-01 4.06997e-01 |
   3396 | 4.80922e+00 9.90940e-04 | 1.86675e-01 4.06987e-01 |
   3397 | 4.81070e+00 1.48469e-03 | 1.86680e-01 4.06974e-01 |
   3398 | 4.81219e+00 1.48477e-03 | 1.86684e-01 4.06961e-01 |
   3399 | 4.81367e+00 1.48484e-03 | 1.86689e-01 4.06947e-01 |
   3400 | 4.81516e+00 1.48491e-03 | 1.86694e-01 4.06934e-01 |
   3401 | 4.81664e+00 1.48499e-03 | 1.86698e-01 4.06920e-01 |
   3402 | 4.81813e+00 1.48506e-03 | 1.86703e-01 4.06907e-01 |
   3403 | 4.81961e+00 1.48514e-03 | 1.86708e-01 4.06893e-01 |
   3404 | 4.82110e+00 1.48521e-03 | 1.86713e-01 4.06880e-01 |
   3405 | 4.82258e+00 1.48529e-03 | 1.86717e-01 4.06866e-01 |
   3406 | 4.82407e+00 1.48536e-03 | 1.86722e-01 4.06853e-01 |
   3407 | 4.82555e+00 1.48544e-03 | 1.86727e-01 4.06839e-01 |
   3408 | 4.82704e+00 1.48551e-03 | 1.86732e-01 4.06826e-01 |
   3409 | 4.82852e+00 1.48558e-03 | 1.86737e-01 4.06812e-01 |
   3410 | 4.83001e+00 1.48566e-03 | 1.86741e-01 4.06799e-01 |
   3411 | 4.83149e+00 1.48573e-03 | 1.86746e-01 4.06786e-01 |
   3412 | 4.83298e+00 1.48581e-03 | 1.86751e-01 4.06772e-01 |
   3413 | 4.83447e+00 1.48589e-03 | 1.86756e-01 4.06759e-01 |
   3414 | 4.83595e+00 1.48596e-03 | 1.86761e-01 4.06745e-01 |
   3415 | 4.83744e+00 1.48603e-03 | 1.86765e-01 4.06732e-01 |
   3416 | 4.83892e+00 1.48611e-03 | 1.86770e-01 4.06718e-01 |
   3417 | 4.84041e+00 1.48618e-03 | 1.86775e-01 4.06705e-01 |
   3418 | 4.84190e+00 1.48626e-03 | 1.86780e-01 4.06692e-01 |
   3419 | 4.84338e+00 1.48633e-03 | 1.86785e-01 4.06678e-01 |
   3420 | 4.84487e+00 1.48641e-03 | 1.86790e-01 4.06665e-01 |
   3421 | 4.84636e+00 1.48648e-03 | 1.86795e-01 4.06652e-01 |
   3422 | 4.84784e+00 1.48656e-03 | 1.86800e-01 4.06638e-01 |
   3423 | 4.84933e+00 1.48663e-03 | 1.86805e-01 4.06625e-01 |
   3424 | 4.85082e+00 1.48670e-03 | 1.86810e-01 4.06611e-01 |
   3425 | 4.85230e+00 1.48678e-03 | 1.86814e-01 4.06598e-01 |
   3426 | 4.85379e+00 1.48686e-03 | 1.86819e-01 4.06585e-01 |
   3427 | 4.85528e+00 1.48693e-03 | 1.86824e-01 4.06571e-01 |
   3428 | 4.85676e+00 1.48701e-03 | 1.86829e-01 4.06558e-01 |
   3429 | 4.85825e+00 1.48708e-03 | 1.86834e-01 4.06545e-01 |
   3430 | 4.85974e+00 1.48715e-03 | 1.86839e-01 4.06531e-01 |
   3431 | 4.86122e+00 1.48723e-03 | 1.86844e-01 4.06518e-01 |
   3432 | 4.86271e+00 1.48731e-03 | 1.86849e-01 4.06505e-01 |
   3433 | 4.86420e+00 1.48738e-03 | 1.86854e-01 4.06491e-01 |
   3434 | 4.86569e+00 1.48746e-03 | 1.86859e-01 4.06478e-01 |
   3435 | 4.86717e+00 1.48753e-03 | 1.86864e-01 4.06465e-01 |
   3436 | 4.86866e+00 1.48760e-03 | 1.86870e-01 4.06452e-01 |
   3437 | 4.87015e+00 1.48768e-03 | 1.86875e-01 4.06438e-01 |
   3438 | 4.87164e+00 1.48776e-03 | 1.86880e-01 4.06425e-01 |
   3439 | 4.87250e+00 8.57879e-04 | 1.86883e-01 4.06417e-01 |
   3440 | 4.87398e+00 1.48787e-03 | 1.86888e-01 4.06404e-01 |
   3441 | 4.87547e+00 1.48795e-03 | 1.86893e-01 4.06391e-01 |
   3442 | 4.87696e+00 1.48802e-03 | 1.86898e-01 4.06378e-01 |
   3443 | 4.87845e+00 1.48810e-03 | 1.86903e-01 4.06364e-01 |
   3444 | 4.87994e+00 1.48818e-03 | 1.86908e-01 4.06351e-01 |
   3445 | 4.88142e+00 1.48825e-03 | 1.86913e-01 4.06338e-01 |
   3446 | 4.88291e+00 1.48833e-03 | 1.86918e-01 4.06325e-01 |
   3447 | 4.88440e+00 1.48840e-03 | 1.86924e-01 4.06311e-01 |
   3448 | 4.88589e+00 1.48848e-03 | 1.86929e-01 4.06298e-01 |
   3449 | 4.88738e+00 1.48855e-03 | 1.86934e-01 4.06285e-01 |
   3450 | 4.88887e+00 1.48863e-03 | 1.86939e-01 4.06272e-01 |
   3451 | 4.89035e+00 1.48870e-03 | 1.86944e-01 4.06259e-01 |
   3452 | 4.89184e+00 1.48878e-03 | 1.86950e-01 4.06245e-01 |
   3453 | 4.89333e+00 1.48886e-03 | 1.86955e-01 4.06232e-01 |
   3454 | 4.89482e+00 1.48893e-03 | 1.86960e-01 4.06219e-01 |
   3455 | 4.89631e+00 1.48900e-03 | 1.86965e-01 4.06206e-01 |
   3456 | 4.89780e+00 1.48908e-03 | 1.86971e-01 4.06193e-01 |
   3457 | 4.89929e+00 1.48915e-03 | 1.86976e-01 4.06180e-01 |
   3458 | 4.90078e+00 1.48923e-03 | 1.86981e-01 4.06166e-01 |
   3459 | 4.90227e+00 1.48931e-03 | 1.86986e-01 4.06153e-01 |
   3460 | 4.90376e+00 1.48938e-03 | 1.86992e-01 4.06140e-01 |
   3461 | 4.90525e+00 1.48946e-03 | 1.86997e-01 4.06127e-01 |
   3462 | 4.90674e+00 1.48954e-03 | 1.87002e-01 4.06114e-01 |
   3463 | 4.90823e+00 1.48961e-03 | 1.87008e-01 4.06101e-01 |
   3464 | 4.90971e+00 1.48968e-03 | 1.87013e-01 4.06088e-01 |
   3465 | 4.91120e+00 1.48976e-03 | 1.87018e-01 4.06075e-01 |
   3466 | 4.91269e+00 1.48984e-03 | 1.87024e-01 4.06062e-01 |
   3467 | 4.91418e+00 1.48991e-03 | 1.87029e-01 4.06049e-01 |
   3468 | 4.91567e+00 1.48999e-03 | 1.87034e-01 4.06035e-01 |
   3469 | 4.91716e+00 1.49006e-03 | 1.87040e-01 4.06022e-01 |
   3470 | 4.91865e+00 1.49014e-03 | 1.87045e-01 4.06009e-01 |
   3471 | 4.92014e+00 1.49022e-03 | 1.87051e-01 4.05996e-01 |
   3472 | 4.92164e+00 1.49029e-03 | 1.87056e-01 4.05983e-01 |
   3473 | 4.92313e+00 1.49037e-03 | 1.87061e-01 4.05970e-01 |
   3474 | 4.92462e+00 1.49045e-03 | 1.87067e-01 4.05957e-01 |
   3475 | 4.92611e+00 1.49052e-03 | 1.87072e-01 4.05944e-01 |
   3476 | 4.92760e+00 1.49059e-03 | 1.87078e-01 4.05931e-01 |
   3477 | 4.92909e+00 1.49067e-03 | 1.87083e-01 4.05918e-01 |
   3478 | 4.93058e+00 1.49075e-03 | 1.87089e-01 4.05905e-01 |
   3479 | 4.93207e+00 1.49082e-03 | 1.87094e-01 4.05892e-01 |
   3480 | 4.93356e+00 1.49090e-03 | 1.87100e-01 4.05879e-01 |
   3481 | 4.93505e+00 1.49097e-03 | 1.87105e-01 4.05866e-01 |
   3482 | 4.93577e+00 7.23430e-04 | 1.87108e-01 4.05860e-01 |
   3483 | 4.93727e+00 1.49109e-03 | 1.87113e-01 4.05847e-01 |
   3484 | 4.93876e+00 1.49116e-03 | 1.87119e-01 4.05834e-01 |
   3485 | 4.94025e+00 1.49124e-03 | 1.87125e-01 4.05821e-01 |
   3486 | 4.94174e+00 1.49132e-03 | 1.87130e-01 4.05808e-01 |
   3487 | 4.94323e+00 1.49139e-03 | 1.87136e-01 4.05796e-01 |
   3488 | 4.94472e+00 1.49147e-03 | 1.87141e-01 4.05783e-01 |
   3489 | 4.94621e+00 1.49154e-03 | 1.87147e-01 4.05770e-01 |
   3490 | 4.94771e+00 1.49162e-03 | 1.87152e-01 4.05757e-01 |
   3491 | 4.94920e+00 1.49169e-03 | 1.87158e-01 4.05744e-01 |
   3492 | 4.95069e+00 1.49177e-03 | 1.87164e-01 4.05731e-01 |
   3493 | 4.95218e+00 1.49185e-03 | 1.87169e-01 4.05718e-01 |
   3494 | 4.95367e+00 1.49192e-03 | 1.87175e-01 4.05705e-01 |
   3495 | 4.95516e+00 1.49200e-03 | 1.87181e-01 4.05693e-01 |
   3496 | 4.95666e+00 1.49208e-03 | 1.87186e-01 4.05680e-01 |
   3497 | 4.95815e+00 1.49215e-03 | 1.87192e-01 4.05667e-01 |
   3498 | 4.95964e+00 1.49223e-03 | 1.87198e-01 4.05654e-01 |
   3499 | 4.96113e+00 1.49231e-03 | 1.87203e-01 4.05641e-01 |
   3500 | 4.96263e+00 1.49238e-03 | 1.87209e-01 4.05629e-01 |
   3501 | 4.96412e+00 1.49246e-03 | 1.87215e-01 4.05616e-01 |
   3502 | 4.96561e+00 1.49253e-03 | 1.87221e-01 4.05603e-01 |
   3503 | 4.96710e+00 1.49261e-03 | 1.87226e-01 4.05590e-01 |
   3504 | 4.96860e+00 1.49269e-03 | 1.87232e-01 4.05578e-01 |
   3505 | 4.97009e+00 1.49276e-03 | 1.87238e-01 4.05565e-01 |
   3506 | 4.97158e+00 1.49284e-03 | 1.87244e-01 4.05552e-01 |
   3507 | 4.97307e+00 1.49292e-03 | 1.87249e-01 4.05539e-01 |
   3508 | 4.97457e+00 1.49299e-03 | 1.87255e-01 4.05527e-01 |
   3509 | 4.97606e+00 1.49307e-03 | 1.87261e-01 4.05514e-01 |
   3510 | 4.97755e+00 1.49314e-03 | 1.87267e-01 4.05501e-01 |
   3511 | 4.97905e+00 1.49322e-03 | 1.87273e-01 4.05489e-01 |
   3512 | 4.98054e+00 1.49330e-03 | 1.87279e-01 4.05476e-01 |
   3513 | 4.98203e+00 1.49337e-03 | 1.87284e-01 4.05463e-01 |
   3514 | 4.98353e+00 1.49345e-03 | 1.87290e-01 4.05451e-01 |
   3515 | 4.98502e+00 1.49352e-03 | 1.87296e-01 4.05438e-01 |
   3516 | 4.98651e+00 1.49360e-03 | 1.87302e-01 4.05425e-01 |
   3517 | 4.98801e+00 1.49368e-03 | 1.87308e-01 4.05413e-01 |
   3518 | 4.98950e+00 1.49375e-03 | 1.87314e-01 4.05400e-01 |
   3519 | 4.99100e+00 1.49383e-03 | 1.87320e-01 4.05388e-01 |
   3520 | 4.99249e+00 1.49391e-03 | 1.87326e-01 4.05375e-01 |
   3521 | 4.99398e+00 1.49398e-03 | 1.87332e-01 4.05362e-01 |
   3522 | 4.99548e+00 1.49406e-03 | 1.87338e-01 4.05350e-01 |
   3523 | 4.99697e+00 1.49414e-03 | 1.87344e-01 4.05337e-01 |
   3524 | 4.99847e+00 1.49421e-03 | 1.87350e-01 4.05325e-01 |
   3525 | 4.99905e+00 5.87904e-04 | 1.87352e-01 4.05319e-01 |
   3526 | 5.00055e+00 1.49432e-03 | 1.87358e-01 4.05307e-01 |
   3527 | 5.00204e+00 1.49440e-03 | 1.87364e-01 4.05295e-01 |
   3528 | 5.00354e+00 1.49447e-03 | 1.87370e-01 4.05282e-01 |
   3529 | 5.00503e+00 1.49455e-03 | 1.87376e-01 4.05270e-01 |
   3530 | 5.00653e+00 1.49463e-03 | 1.87382e-01 4.05257e-01 |
   3531 | 5.00802e+00 1.49470e-03 | 1.87388e-01 4.05245e-01 |
   3532 | 5.00952e+00 1.49478e-03 | 1.87394e-01 4.05232e-01 |
   3533 | 5.01101e+00 1.49486e-03 | 1.87400e-01 4.05220e-01 |
   3534 | 5.01251e+00 1.49493e-03 | 1.87406e-01 4.05207e-01 |
   3535 | 5.01400e+00 1.49501e-03 | 1.87413e-01 4.05195e-01 |
   3536 | 5.01550e+00 1.49509e-03 | 1.87419e-01 4.05183e-01 |
   3537 | 5.01699e+00 1.49516e-03 | 1.87425e-01 4.05170e-01 |
   3538 | 5.01849e+00 1.49524e-03 | 1.87431e-01 4.05158e-01 |
   3539 | 5.01998e+00 1.49532e-03 | 1.87437e-01 4.05145e-01 |
   3540 | 5.02148e+00 1.49539e-03 | 1.87443e-01 4.05133e-01 |
   3541 | 5.02297e+00 1.49548e-03 | 1.87449e-01 4.05121e-01 |
   3542 | 5.02447e+00 1.49555e-03 | 1.87456e-01 4.05108e-01 |
   3543 | 5.02596e+00 1.49563e-03 | 1.87462e-01 4.05096e-01 |
   3544 | 5.02746e+00 1.49571e-03 | 1.87468e-01 4.05084e-01 |
   3545 | 5.02895e+00 1.49578e-03 | 1.87474e-01 4.05071e-01 |
   3546 | 5.03045e+00 1.49586e-03 | 1.87480e-01 4.05059e-01 |
   3547 | 5.03195e+00 1.49594e-03 | 1.87487e-01 4.05047e-01 |
   3548 | 5.03344e+00 1.49601e-03 | 1.87493e-01 4.05035e-01 |
   3549 | 5.03494e+00 1.49609e-03 | 1.87499e-01 4.05022e-01 |
   3550 | 5.03643e+00 1.49617e-03 | 1.87505e-01 4.05010e-01 |
   3551 | 5.03793e+00 1.49624e-03 | 1.87512e-01 4.04998e-01 |
   3552 | 5.03943e+00 1.49632e-03 | 1.87518e-01 4.04986e-01 |
   3553 | 5.04092e+00 1.49640e-03 | 1.87524e-01 4.04973e-01 |
   3554 | 5.04242e+00 1.49647e-03 | 1.87531e-01 4.04961e-01 |
   3555 | 5.04392e+00 1.49655e-03 | 1.87537e-01 4.04949e-01 |
   3556 | 5.04541e+00 1.49663e-03 | 1.87543e-01 4.04937e-01 |
   3557 | 5.04691e+00 1.49670e-03 | 1.87550e-01 4.04925e-01 |
   3558 | 5.04841e+00 1.49678e-03 | 1.87556e-01 4.04913e-01 |
   3559 | 5.04990e+00 1.49686e-03 | 1.87563e-01 4.04900e-01 |
   3560 | 5.05140e+00 1.49693e-03 | 1.87569e-01 4.04888e-01 |
   3561 | 5.05290e+00 1.49701e-03 | 1.87575e-01 4.04876e-01 |
   3562 | 5.05439e+00 1.49709e-03 | 1.87582e-01 4.04864e-01 |
   3563 | 5.05589e+00 1.49717e-03 | 1.87588e-01 4.04852e-01 |
   3564 | 5.05739e+00 1.49724e-03 | 1.87595e-01 4.04840e-01 |
   3565 | 5.05889e+00 1.49732e-03 | 1.87601e-01 4.04828e-01 |
   3566 | 5.06038e+00 1.49740e-03 | 1.87608e-01 4.04816e-01 |
   3567 | 5.06188e+00 1.49747e-03 | 1.87614e-01 4.04804e-01 |
   3568 | 5.06233e+00 4.51506e-04 | 1.87616e-01 4.04800e-01 |
   3569 | 5.06383e+00 1.49758e-03 | 1.87622e-01 4.04788e-01 |
   3570 | 5.06533e+00 1.49765e-03 | 1.87629e-01 4.04776e-01 |
   3571 | 5.06683e+00 1.49773e-03 | 1.87636e-01 4.04764e-01 |
   3572 | 5.06832e+00 1.49781e-03 | 1.87642e-01 4.04752e-01 |
   3573 | 5.06982e+00 1.49788e-03 | 1.87649e-01 4.04740e-01 |
   3574 | 5.07132e+00 1.49796e-03 | 1.87655e-01 4.04728e-01 |
   3575 | 5.07282e+00 1.49804e-03 | 1.87662e-01 4.04716e-01 |
   3576 | 5.07432e+00 1.49811e-03 | 1.87668e-01 4.04704e-01 |
   3577 | 5.07581e+00 1.49819e-03 | 1.87675e-01 4.04692e-01 |
   3578 | 5.07731e+00 1.49827e-03 | 1.87681e-01 4.04681e-01 |
   3579 | 5.07881e+00 1.49834e-03 | 1.87688e-01 4.04669e-01 |
   3580 | 5.08031e+00 1.49842e-03 | 1.87695e-01 4.04657e-01 |
   3581 | 5.08181e+00 1.49850e-03 | 1.87701e-01 4.04645e-01 |
   3582 | 5.08331e+00 1.49858e-03 | 1.87708e-01 4.04633e-01 |
   3583 | 5.08480e+00 1.49865e-03 | 1.87715e-01 4.04621e-01 |
   3584 | 5.08630e+00 1.49874e-03 | 1.87721e-01 4.04609e-01 |
   3585 | 5.08780e+00 1.49881e-03 | 1.87728e-01 4.04598e-01 |
   3586 | 5.08930e+00 1.49889e-03 | 1.87735e-01 4.04586e-01 |
   3587 | 5.09080e+00 1.49897e-03 | 1.87741e-01 4.04574e-01 |
   3588 | 5.09230e+00 1.49904e-03 | 1.87748e-01 4.04562e-01 |
   3589 | 5.09380e+00 1.49912e-03 | 1.87755e-01 4.04551e-01 |
   3590 | 5.09530e+00 1.49920e-03 | 1.87762e-01 4.04539e-01 |
   3591 | 5.09680e+00 1.49927e-03 | 1.87768e-01 4.04527e-01 |
   3592 | 5.09830e+00 1.49935e-03 | 1.87775e-01 4.04515e-01 |
   3593 | 5.09980e+00 1.49943e-03 | 1.87782e-01 4.04504e-01 |
   3594 | 5.10130e+00 1.49950e-03 | 1.87789e-01 4.04492e-01 |
   3595 | 5.10279e+00 1.49958e-03 | 1.87796e-01 4.04480e-01 |
   3596 | 5.10429e+00 1.49966e-03 | 1.87802e-01 4.04469e-01 |
   3597 | 5.10579e+00 1.49974e-03 | 1.87809e-01 4.04457e-01 |
   3598 | 5.10729e+00 1.49981e-03 | 1.87816e-01 4.04445e-01 |
   3599 | 5.10879e+00 1.49990e-03 | 1.87823e-01 4.04434e-01 |
   3600 | 5.11029e+00 1.49997e-03 | 1.87830e-01 4.04422e-01 |
   3601 | 5.11179e+00 1.50005e-03 | 1.87837e-01 4.04411e-01 |
   3602 | 5.11329e+00 1.50013e-03 | 1.87844e-01 4.04399e-01 |
   3603 | 5.11479e+00 1.50020e-03 | 1.87851e-01 4.04388e-01 |
   3604 | 5.11629e+00 1.50028e-03 | 1.87858e-01 4.04376e-01 |
   3605 | 5.11779e+00 1.50036e-03 | 1.87864e-01 4.04365e-01 |
   3606 | 5.11930e+00 1.50043e-03 | 1.87871e-01 4.04353e-01 |
   3607 | 5.12080e+00 1.50051e-03 | 1.87878e-01 4.04342e-01 |
   3608 | 5.12230e+00 1.50059e-03 | 1.87885e-01 4.04330e-01 |
   3609 | 5.12380e+00 1.50067e-03 | 1.87892e-01 4.04319e-01 |
   3610 | 5.12530e+00 1.50074e-03 | 1.87899e-01 4.04307e-01 |
   3611 | 5.12561e+00 3.14498e-04 | 1.87901e-01 4.04304e-01 |
   3612 | 5.12711e+00 1.50084e-03 | 1.87908e-01 4.04293e-01 |
   3613 | 5.12861e+00 1.50091e-03 | 1.87915e-01 4.04282e-01 |
   3614 | 5.13011e+00 1.50099e-03 | 1.87922e-01 4.04271e-01 |
   3615 | 5.13162e+00 1.50107e-03 | 1.87929e-01 4.04259e-01 |
   3616 | 5.13312e+00 1.50115e-03 | 1.87936e-01 4.04248e-01 |
   3617 | 5.13462e+00 1.50123e-03 | 1.87943e-01 4.04237e-01 |
   3618 | 5.13612e+00 1.50131e-03 | 1.87950e-01 4.04225e-01 |
   3619 | 5.13762e+00 1.50138e-03 | 1.87957e-01 4.04214e-01 |
   3620 | 5.13912e+00 1.50146e-03 | 1.87964e-01 4.04203e-01 |
   3621 | 5.14062e+00 1.50154e-03 | 1.87972e-01 4.04191e-01 |
   3622 | 5.14213e+00 1.50161e-03 | 1.87979e-01 4.04180e-01 |
   3623 | 5.14363e+00 1.50169e-03 | 1.87986e-01 4.04169e-01 |
   3624 | 5.14513e+00 1.50177e-03 | 1.87993e-01 4.04158e-01 |
   3625 | 5.14663e+00 1.50184e-03 | 1.88000e-01 4.04146e-01 |
   3626 | 5.14813e+00 1.50192e-03 | 1.88008e-01 4.04135e-01 |
   3627 | 5.14963e+00 1.50200e-03 | 1.88015e-01 4.04124e-01 |
   3628 | 5.15114e+00 1.50208e-03 | 1.88022e-01 4.04113e-01 |
   3629 | 5.15264e+00 1.50216e-03 | 1.88029e-01 4.04102e-01 |
   3630 | 5.15414e+00 1.50224e-03 | 1.88036e-01 4.04091e-01 |
   3631 | 5.15564e+00 1.50231e-03 | 1.88044e-01 4.04080e-01 |
   3632 | 5.15715e+00 1.50239e-03 | 1.88051e-01 4.04068e-01 |
   3633 | 5.15865e+00 1.50247e-03 | 1.88058e-01 4.04057e-01 |
   3634 | 5.16015e+00 1.50254e-03 | 1.88066e-01 4.04046e-01 |
   3635 | 5.16165e+00 1.50262e-03 | 1.88073e-01 4.04035e-01 |
   3636 | 5.16316e+00 1.50270e-03 | 1.88080e-01 4.04024e-01 |
   3637 | 5.16466e+00 1.50278e-03 | 1.88088e-01 4.04013e-01 |
   3638 | 5.16616e+00 1.50286e-03 | 1.88095e-01 4.04002e-01 |
   3639 | 5.16766e+00 1.50294e-03 | 1.88102e-01 4.03991e-01 |
   3640 | 5.16917e+00 1.50301e-03 | 1.88110e-01 4.03980e-01 |
   3641 | 5.17067e+00 1.50309e-03 | 1.88117e-01 4.03969e-01 |
   3642 | 5.17217e+00 1.50317e-03 | 1.88125e-01 4.03958e-01 |
   3643 | 5.17368e+00 1.50324e-03 | 1.88132e-01 4.03947e-01 |
   3644 | 5.17518e+00 1.50332e-03 | 1.88139e-01 4.03937e-01 |
   3645 | 5.17668e+00 1.50340e-03 | 1.88147e-01 4.03926e-01 |
   3646 | 5.17819e+00 1.50348e-03 | 1.88154e-01 4.03915e-01 |
   3647 | 5.17969e+00 1.50355e-03 | 1.88162e-01 4.03904e-01 |
   3648 | 5.18119e+00 1.50363e-03 | 1.88169e-01 4.03893e-01 |
   3649 | 5.18270e+00 1.50371e-03 | 1.88177e-01 4.03882e-01 |
   3650 | 5.18420e+00 1.50379e-03 | 1.88184e-01 4.03872e-01 |
   3651 | 5.18571e+00 1.50387e-03 | 1.88192e-01 4.03861e-01 |
   3652 | 5.18721e+00 1.50394e-03 | 1.88199e-01 4.03850e-01 |
   3653 | 5.18871e+00 1.50402e-03 | 1.88207e-01 4.03839e-01 |
   3654 | 5.18889e+00 1.77146e-04 | 1.88208e-01 4.03837e-01 |
   3655 | 5.19040e+00 1.50411e-03 | 1.88215e-01 4.03827e-01 |
   3656 | 5.19190e+00 1.50418e-03 | 1.88223e-01 4.03817e-01 |
   3657 | 5.19340e+00 1.50426e-03 | 1.88231e-01 4.03806e-01 |
   3658 | 5.19491e+00 1.50434e-03 | 1.88238e-01 4.03795e-01 |
   3659 | 5.19641e+00 1.50442e-03 | 1.88246e-01 4.03785e-01 |
   3660 | 5.19792e+00 1.50450e-03 | 1.88254e-01 4.03774e-01 |
   3661 | 5.19942e+00 1.50458e-03 | 1.88261e-01 4.03763e-01 |
   3662 | 5.20093e+00 1.50465e-03 | 1.88269e-01 4.03753e-01 |
   3663 | 5.20243e+00 1.50473e-03 | 1.88277e-01 4.03742e-01 |
   3664 | 5.20394e+00 1.50481e-03 | 1.88284e-01 4.03732e-01 |
   3665 | 5.20544e+00 1.50488e-03 | 1.88292e-01 4.03721e-01 |
   3666 | 5.20695e+00 1.50496e-03 | 1.88300e-01 4.03711e-01 |
   3667 | 5.20845e+00 1.50504e-03 | 1.88307e-01 4.03700e-01 |
   3668 | 5.20996e+00 1.50512e-03 | 1.88315e-01 4.03690e-01 |
   3669 | 5.21146e+00 1.50520e-03 | 1.88323e-01 4.03679e-01 |
   3670 | 5.21297e+00 1.50528e-03 | 1.88331e-01 4.03669e-01 |
   3671 | 5.21447e+00 1.50535e-03 | 1.88339e-01 4.03658e-01 |
   3672 | 5.21598e+00 1.50543e-03 | 1.88346e-01 4.03648e-01 |
   3673 | 5.21748e+00 1.50551e-03 | 1.88354e-01 4.03637e-01 |
   3674 | 5.21899e+00 1.50558e-03 | 1.88362e-01 4.03627e-01 |
   3675 | 5.22049e+00 1.50566e-03 | 1.88370e-01 4.03617e-01 |
   3676 | 5.22200e+00 1.50574e-03 | 1.88378e-01 4.03606e-01 |
   3677 | 5.22351e+00 1.50582e-03 | 1.88386e-01 4.03596e-01 |
   3678 | 5.22501e+00 1.50590e-03 | 1.88394e-01 4.03586e-01 |
   3679 | 5.22652e+00 1.50598e-03 | 1.88401e-01 4.03575e-01 |
   3680 | 5.22802e+00 1.50605e-03 | 1.88409e-01 4.03565e-01 |
   3681 | 5.22953e+00 1.50613e-03 | 1.88417e-01 4.03555e-01 |
   3682 | 5.23104e+00 1.50621e-03 | 1.88425e-01 4.03545e-01 |
   3683 | 5.23254e+00 1.50629e-03 | 1.88433e-01 4.03534e-01 |
   3684 | 5.23405e+00 1.50637e-03 | 1.88441e-01 4.03524e-01 |
   3685 | 5.23555e+00 1.50644e-03 | 1.88449e-01 4.03514e-01 |
   3686 | 5.23706e+00 1.50652e-03 | 1.88457e-01 4.03504e-01 |
   3687 | 5.23857e+00 1.50660e-03 | 1.88465e-01 4.03494e-01 |
   3688 | 5.24007e+00 1.50668e-03 | 1.88473e-01 4.03484e-01 |
   3689 | 5.24158e+00 1.50675e-03 | 1.88481e-01 4.03474e-01 |
   3690 | 5.24309e+00 1.50683e-03 | 1.88489e-01 4.03464e-01 |
   3691 | 5.24460e+00 1.50691e-03 | 1.88497e-01 4.03454e-01 |
   3692 | 5.24610e+00 1.50699e-03 | 1.88506e-01 4.03444e-01 |
   3693 | 5.24761e+00 1.50707e-03 | 1.88514e-01 4.03434e-01 |
   3694 | 5.24912e+00 1.50714e-03 | 1.88522e-01 4.03424e-01 |
   3695 | 5.25062e+00 1.50722e-03 | 1.88530e-01 4.03414e-01 |
   3696 | 5.25213e+00 1.50730e-03 | 1.88538e-01 4.03404e-01 |
   3697 | 5.25217e+00 3.96248e-05 | 1.88539e-01 4.03403e-01 |
   3698 | 5.25368e+00 1.50738e-03 | 1.88546e-01 4.03393e-01 |
   3699 | 5.25519e+00 1.50746e-03 | 1.88555e-01 4.03384e-01 |
   3700 | 5.25669e+00 1.50754e-03 | 1.88563e-01 4.03374e-01 |
   3701 | 5.25820e+00 1.50761e-03 | 1.88571e-01 4.03364e-01 |
   3702 | 5.25971e+00 1.50769e-03 | 1.88579e-01 4.03354e-01 |
   3703 | 5.26122e+00 1.50777e-03 | 1.88587e-01 4.03344e-01 |
   3704 | 5.26272e+00 1.50785e-03 | 1.88596e-01 4.03334e-01 |
   3705 | 5.26423e+00 1.50792e-03 | 1.88604e-01 4.03325e-01 |
   3706 | 5.26574e+00 1.50800e-03 | 1.88612e-01 4.03315e-01 |
   3707 | 5.26725e+00 1.50808e-03 | 1.88621e-01 4.03305e-01 |
   3708 | 5.26876e+00 1.50816e-03 | 1.88629e-01 4.03295e-01 |
   3709 | 5.27026e+00 1.50824e-03 | 1.88637e-01 4.03286e-01 |
   3710 | 5.27177e+00 1.50832e-03 | 1.88646e-01 4.03276e-01 |
   3711 | 5.27328e+00 1.50839e-03 | 1.88654e-01 4.03266e-01 |
   3712 | 5.27479e+00 1.50847e-03 | 1.88662e-01 4.03257e-01 |
   3713 | 5.27630e+00 1.50855e-03 | 1.88671e-01 4.03247e-01 |
   3714 | 5.27781e+00 1.50862e-03 | 1.88679e-01 4.03237e-01 |
   3715 | 5.27932e+00 1.50870e-03 | 1.88688e-01 4.03228e-01 |
   3716 | 5.28082e+00 1.50878e-03 | 1.88696e-01 4.03218e-01 |
   3717 | 5.28233e+00 1.50886e-03 | 1.88704e-01 4.03209e-01 |
   3718 | 5.28384e+00 1.50894e-03 | 1.88713e-01 4.03199e-01 |
   3719 | 5.28535e+00 1.50902e-03 | 1.88721e-01 4.03190e-01 |
   3720 | 5.28686e+00 1.50909e-03 | 1.88730e-01 4.03180e-01 |
   3721 | 5.28837e+00 1.50917e-03 | 1.88738e-01 4.03171e-01 |
   3722 | 5.28988e+00 1.50925e-03 | 1.88747e-01 4.03161e-01 |
   3723 | 5.29139e+00 1.50933e-03 | 1.88755e-01 4.03152e-01 |
   3724 | 5.29290e+00 1.50941e-03 | 1.88764e-01 4.03143e-01 |
   3725 | 5.29441e+00 1.50948e-03 | 1.88773e-01 4.03133e-01 |
   3726 | 5.29592e+00 1.50956e-03 | 1.88781e-01 4.03124e-01 |
   3727 | 5.29743e+00 1.50964e-03 | 1.88790e-01 4.03115e-01 |
   3728 | 5.29894e+00 1.50972e-03 | 1.88798e-01 4.03105e-01 |
   3729 | 5.30045e+00 1.50979e-03 | 1.88807e-01 4.03096e-01 |
   3730 | 5.30196e+00 1.50987e-03 | 1.88816e-01 4.03087e-01 |
   3731 | 5.30347e+00 1.50995e-03 | 1.88824e-01 4.03077e-01 |
   3732 | 5.30498e+00 1.51003e-03 | 1.88833e-01 4.03068e-01 |
   3733 | 5.30649e+00 1.51011e-03 | 1.88842e-01 4.03059e-01 |
   3734 | 5.30800e+00 1.51019e-03 | 1.88850e-01 4.03050e-01 |
   3735 | 5.30951e+00 1.51026e-03 | 1.88859e-01 4.03041e-01 |
   3736 | 5.31102e+00 1.51034e-03 | 1.88868e-01 4.03032e-01 |
   3737 | 5.31253e+00 1.51042e-03 | 1.88876e-01 4.03022e-01 |
   3738 | 5.31404e+00 1.51049e-03 | 1.88885e-01 4.03013e-01 |
   3739 | 5.31545e+00 1.41272e-03 | 1.88893e-01 4.03005e-01 |
   3740 | 5.31696e+00 1.51065e-03 | 1.88902e-01 4.02996e-01 |
   3741 | 5.31847e+00 1.51072e-03 | 1.88911e-01 4.02987e-01 |
   3742 | 5.31998e+00 1.51080e-03 | 1.88920e-01 4.02978e-01 |
   3743 | 5.32149e+00 1.51088e-03 | 1.88929e-01 4.02969e-01 |
   3744 | 5.32300e+00 1.51096e-03 | 1.88938e-01 4.02960e-01 |
   3745 | 5.32451e+00 1.51104e-03 | 1.88946e-01 4.02951e-01 |
   3746 | 5.32603e+00 1.51112e-03 | 1.88955e-01 4.02942e-01 |
   3747 | 5.32754e+00 1.51119e-03 | 1.88964e-01 4.02933e-01 |
   3748 | 5.32905e+00 1.51127e-03 | 1.88973e-01 4.02924e-01 |
   3749 | 5.33056e+00 1.51135e-03 | 1.88982e-01 4.02916e-01 |
   3750 | 5.33207e+00 1.51142e-03 | 1.88991e-01 4.02907e-01 |
   3751 | 5.33358e+00 1.51151e-03 | 1.89000e-01 4.02898e-01 |
   3752 | 5.33509e+00 1.51158e-03 | 1.89009e-01 4.02889e-01 |
   3753 | 5.33661e+00 1.51166e-03 | 1.89018e-01 4.02880e-01 |
   3754 | 5.33812e+00 1.51174e-03 | 1.89027e-01 4.02872e-01 |
   3755 | 5.33963e+00 1.51182e-03 | 1.89036e-01 4.02863e-01 |
   3756 | 5.34114e+00 1.51189e-03 | 1.89045e-01 4.02854e-01 |
   3757 | 5.34265e+00 1.51197e-03 | 1.89054e-01 4.02846e-01 |
   3758 | 5.34417e+00 1.51205e-03 | 1.89063e-01 4.02837e-01 |
   3759 | 5.34568e+00 1.51213e-03 | 1.89072e-01 4.02829e-01 |
   3760 | 5.34719e+00 1.51221e-03 | 1.89081e-01 4.02820e-01 |
   3761 | 5.34870e+00 1.51228e-03 | 1.89091e-01 4.02811e-01 |
   3762 | 5.35021e+00 1.51236e-03 | 1.89100e-01 4.02803e-01 |
   3763 | 5.35173e+00 1.51244e-03 | 1.89109e-01 4.02794e-01 |
   3764 | 5.35324e+00 1.51252e-03 | 1.89118e-01 4.02786e-01 |
   3765 | 5.35475e+00 1.51259e-03 | 1.89127e-01 4.02777e-01 |
   3766 | 5.35626e+00 1.51267e-03 | 1.89136e-01 4.02769e-01 |
   3767 | 5.35778e+00 1.51275e-03 | 1.89146e-01 4.02761e-01 |
   3768 | 5.35929e+00 1.51283e-03 | 1.89155e-01 4.02752e-01 |
   3769 | 5.36080e+00 1.51291e-03 | 1.89164e-01 4.02744e-01 |
   3770 | 5.36232e+00 1.51298e-03 | 1.89173e-01 4.02736e-01 |
   3771 | 5.36383e+00 1.51306e-03 | 1.89183e-01 4.02727e-01 |
   3772 | 5.36534e+00 1.51314e-03 | 1.89192e-01 4.02719e-01 |
   3773 | 5.36686e+00 1.51322e-03 | 1.89201e-01 4.02711e-01 |
   3774 | 5.36837e+00 1.51329e-03 | 1.89211e-01 4.02702e-01 |
   3775 | 5.36988e+00 1.51337e-03 | 1.89220e-01 4.02694e-01 |
   3776 | 5.37140e+00 1.51345e-03 | 1.89229e-01 4.02686e-01 |
   3777 | 5.37291e+00 1.51353e-03 | 1.89239e-01 4.02678e-01 |
   3778 | 5.37442e+00 1.51361e-03 | 1.89248e-01 4.02670e-01 |
   3779 | 5.37594e+00 1.51369e-03 | 1.89257e-01 4.02662e-01 |
   3780 | 5.37745e+00 1.51376e-03 | 1.89267e-01 4.02653e-01 |
   3781 | 5.37873e+00 1.27875e-03 | 1.89275e-01 4.02647e-01 |
   3782 | 5.38024e+00 1.51391e-03 | 1.89284e-01 4.02639e-01 |
   3783 | 5.38176e+00 1.51398e-03 | 1.89294e-01 4.02631e-01 |
   3784 | 5.38327e+00 1.51406e-03 | 1.89303e-01 4.02623e-01 |
   3785 | 5.38478e+00 1.51414e-03 | 1.89313e-01 4.02615e-01 |
   3786 | 5.38630e+00 1.51422e-03 | 1.89322e-01 4.02607e-01 |
   3787 | 5.38781e+00 1.51430e-03 | 1.89332e-01 4.02599e-01 |
   3788 | 5.38933e+00 1.51437e-03 | 1.89341e-01 4.02591e-01 |
   3789 | 5.39084e+00 1.51445e-03 | 1.89351e-01 4.02583e-01 |
   3790 | 5.39236e+00 1.51453e-03 | 1.89361e-01 4.02575e-01 |
   3791 | 5.39387e+00 1.51461e-03 | 1.89370e-01 4.02567e-01 |
   3792 | 5.39539e+00 1.51468e-03 | 1.89380e-01 4.02560e-01 |
   3793 | 5.39690e+00 1.51476e-03 | 1.89389e-01 4.02552e-01 |
   3794 | 5.39842e+00 1.51484e-03 | 1.89399e-01 4.02544e-01 |
   3795 | 5.39993e+00 1.51492e-03 | 1.89409e-01 4.02536e-01 |
   3796 | 5.40145e+00 1.51500e-03 | 1.89418e-01 4.02529e-01 |
   3797 | 5.40296e+00 1.51508e-03 | 1.89428e-01 4.02521e-01 |
   3798 | 5.40448e+00 1.51515e-03 | 1.89438e-01 4.02513e-01 |
   3799 | 5.40599e+00 1.51523e-03 | 1.89448e-01 4.02506e-01 |
   3800 | 5.40751e+00 1.51531e-03 | 1.89457e-01 4.02498e-01 |
   3801 | 5.40902e+00 1.51538e-03 | 1.89467e-01 4.02490e-01 |
   3802 | 5.41054e+00 1.51546e-03 | 1.89477e-01 4.02483e-01 |
   3803 | 5.41205e+00 1.51554e-03 | 1.89487e-01 4.02475e-01 |
   3804 | 5.41357e+00 1.51562e-03 | 1.89497e-01 4.02468e-01 |
   3805 | 5.41508e+00 1.51570e-03 | 1.89506e-01 4.02460e-01 |
   3806 | 5.41660e+00 1.51578e-03 | 1.89516e-01 4.02453e-01 |
   3807 | 5.41812e+00 1.51585e-03 | 1.89526e-01 4.02446e-01 |
   3808 | 5.41963e+00 1.51593e-03 | 1.89536e-01 4.02438e-01 |
   3809 | 5.42115e+00 1.51601e-03 | 1.89546e-01 4.02431e-01 |
   3810 | 5.42266e+00 1.51608e-03 | 1.89556e-01 4.02424e-01 |
   3811 | 5.42418e+00 1.51616e-03 | 1.89566e-01 4.02416e-01 |
   3812 | 5.42570e+00 1.51624e-03 | 1.89576e-01 4.02409e-01 |
   3813 | 5.42721e+00 1.51632e-03 | 1.89586e-01 4.02402e-01 |
   3814 | 5.42873e+00 1.51640e-03 | 1.89596e-01 4.02395e-01 |
   3815 | 5.43025e+00 1.51647e-03 | 1.89606e-01 4.02387e-01 |
   3816 | 5.43176e+00 1.51655e-03 | 1.89616e-01 4.02380e-01 |
   3817 | 5.43328e+00 1.51663e-03 | 1.89626e-01 4.02373e-01 |
   3818 | 5.43480e+00 1.51671e-03 | 1.89636e-01 4.02366e-01 |
   3819 | 5.43631e+00 1.51678e-03 | 1.89646e-01 4.02359e-01 |
   3820 | 5.43783e+00 1.51686e-03 | 1.89656e-01 4.02352e-01 |
   3821 | 5.43935e+00 1.51694e-03 | 1.89666e-01 4.02345e-01 |
   3822 | 5.44086e+00 1.51702e-03 | 1.89676e-01 4.02338e-01 |
   3823 | 5.44201e+00 1.14520e-03 | 1.89684e-01 4.02332e-01 |
   3824 | 5.44353e+00 1.51716e-03 | 1.89694e-01 4.02326e-01 |
   3825 | 5.44504e+00 1.51723e-03 | 1.89704e-01 4.02319e-01 |
   3826 | 5.44656e+00 1.51731e-03 | 1.89714e-01 4.02312e-01 |
   3827 | 5.44808e+00 1.51739e-03 | 1.89725e-01 4.02305e-01 |
   3828 | 5.44959e+00 1.51746e-03 | 1.89735e-01 4.02298e-01 |
   3829 | 5.45111e+00 1.51754e-03 | 1.89745e-01 4.02291e-01 |
   3830 | 5.45263e+00 1.51762e-03 | 1.89755e-01 4.02284e-01 |
   3831 | 5.45415e+00 1.51770e-03 | 1.89766e-01 4.02278e-01 |
   3832 | 5.45567e+00 1.51778e-03 | 1.89776e-01 4.02271e-01 |
   3833 | 5.45718e+00 1.51785e-03 | 1.89786e-01 4.02264e-01 |
   3834 | 5.45870e+00 1.51793e-03 | 1.89797e-01 4.02257e-01 |
   3835 | 5.46022e+00 1.51801e-03 | 1.89807e-01 4.02251e-01 |
   3836 | 5.46174e+00 1.51809e-03 | 1.89817e-01 4.02244e-01 |
   3837 | 5.46326e+00 1.51816e-03 | 1.89828e-01 4.02238e-01 |
   3838 | 5.46477e+00 1.51824e-03 | 1.89838e-01 4.02231e-01 |
   3839 | 5.46629e+00 1.51832e-03 | 1.89849e-01 4.02224e-01 |
   3840 | 5.46781e+00 1.51839e-03 | 1.89859e-01 4.02218e-01 |
   3841 | 5.46933e+00 1.51847e-03 | 1.89870e-01 4.02211e-01 |
   3842 | 5.47085e+00 1.51855e-03 | 1.89880e-01 4.02205e-01 |
   3843 | 5.47237e+00 1.51863e-03 | 1.89891e-01 4.02199e-01 |
   3844 | 5.47388e+00 1.51871e-03 | 1.89901e-01 4.02192e-01 |
   3845 | 5.47540e+00 1.51879e-03 | 1.89912e-01 4.02186e-01 |
   3846 | 5.47692e+00 1.51886e-03 | 1.89922e-01 4.02179e-01 |
   3847 | 5.47844e+00 1.51894e-03 | 1.89933e-01 4.02173e-01 |
   3848 | 5.47996e+00 1.51902e-03 | 1.89943e-01 4.02167e-01 |
   3849 | 5.48148e+00 1.51909e-03 | 1.89954e-01 4.02161e-01 |
   3850 | 5.48300e+00 1.51917e-03 | 1.89964e-01 4.02154e-01 |
   3851 | 5.48452e+00 1.51925e-03 | 1.89975e-01 4.02148e-01 |
   3852 | 5.48604e+00 1.51932e-03 | 1.89986e-01 4.02142e-01 |
   3853 | 5.48756e+00 1.51940e-03 | 1.89996e-01 4.02136e-01 |
   3854 | 5.48908e+00 1.51948e-03 | 1.90007e-01 4.02130e-01 |
   3855 | 5.49060e+00 1.51956e-03 | 1.90018e-01 4.02124e-01 |
   3856 | 5.49212e+00 1.51964e-03 | 1.90029e-01 4.02118e-01 |
   3857 | 5.49363e+00 1.51972e-03 | 1.90039e-01 4.02112e-01 |
   3858 | 5.49515e+00 1.51979e-03 | 1.90050e-01 4.02106e-01 |
   3859 | 5.49667e+00 1.51987e-03 | 1.90061e-01 4.02100e-01 |
   3860 | 5.49819e+00 1.51995e-03 | 1.90072e-01 4.02094e-01 |
   3861 | 5.49971e+00 1.52002e-03 | 1.90083e-01 4.02088e-01 |
   3862 | 5.50123e+00 1.52010e-03 | 1.90093e-01 4.02082e-01 |
   3863 | 5.50275e+00 1.52018e-03 | 1.90104e-01 4.02076e-01 |
   3864 | 5.50427e+00 1.52025e-03 | 1.90115e-01 4.02070e-01 |
   3865 | 5.50529e+00 1.01223e-03 | 1.90122e-01 4.02066e-01 |
   3866 | 5.50681e+00 1.52039e-03 | 1.90133e-01 4.02061e-01 |
   3867 | 5.50833e+00 1.52046e-03 | 1.90144e-01 4.02055e-01 |
   3868 | 5.50985e+00 1.52054e-03 | 1.90155e-01 4.02049e-01 |
   3869 | 5.51137e+00 1.52062e-03 | 1.90166e-01 4.02044e-01 |
   3870 | 5.51289e+00 1.52069e-03 | 1.90177e-01 4.02038e-01 |
   3871 | 5.51441e+00 1.52077e-03 | 1.90188e-01 4.02032e-01 |
   3872 | 5.51593e+00 1.52085e-03 | 1.90199e-01 4.02027e-01 |
   3873 | 5.51745e+00 1.52092e-03 | 1.90210e-01 4.02021e-01 |
   3874 | 5.51897e+00 1.52100e-03 | 1.90221e-01 4.02016e-01 |
   3875 | 5.52049e+00 1.52108e-03 | 1.90232e-01 4.02010e-01 |
   3876 | 5.52202e+00 1.52116e-03 | 1.90243e-01 4.02005e-01 |
   3877 | 5.52354e+00 1.52123e-03 | 1.90254e-01 4.01999e-01 |
   3878 | 5.52506e+00 1.52132e-03 | 1.90266e-01 4.01994e-01 |
   3879 | 5.52658e+00 1.52139e-03 | 1.90277e-01 4.01988e-01 |
   3880 | 5.52810e+00 1.52147e-03 | 1.90288e-01 4.01983e-01 |
   3881 | 5.52962e+00 1.52155e-03 | 1.90299e-01 4.01978e-01 |
   3882 | 5.53114e+00 1.52162e-03 | 1.90310e-01 4.01972e-01 |
   3883 | 5.53267e+00 1.52170e-03 | 1.90322e-01 4.01967e-01 |
   3884 | 5.53419e+00 1.52178e-03 | 1.90333e-01 4.01962e-01 |
   3885 | 5.53571e+00 1.52185e-03 | 1.90344e-01 4.01957e-01 |
   3886 | 5.53723e+00 1.52193e-03 | 1.90355e-01 4.01952e-01 |
   3887 | 5.53875e+00 1.52201e-03 | 1.90367e-01 4.01947e-01 |
   3888 | 5.54028e+00 1.52208e-03 | 1.90378e-01 4.01941e-01 |
   3889 | 5.54180e+00 1.52216e-03 | 1.90389e-01 4.01936e-01 |
   3890 | 5.54332e+00 1.52224e-03 | 1.90401e-01 4.01931e-01 |
   3891 | 5.54484e+00 1.52232e-03 | 1.90412e-01 4.01926e-01 |
   3892 | 5.54636e+00 1.52239e-03 | 1.90423e-01 4.01921e-01 |
   3893 | 5.54789e+00 1.52247e-03 | 1.90435e-01 4.01916e-01 |
   3894 | 5.54941e+00 1.52255e-03 | 1.90446e-01 4.01911e-01 |
   3895 | 5.55093e+00 1.52262e-03 | 1.90458e-01 4.01907e-01 |
   3896 | 5.55246e+00 1.52271e-03 | 1.90469e-01 4.01902e-01 |
   3897 | 5.55398e+00 1.52278e-03 | 1.90481e-01 4.01897e-01 |
   3898 | 5.55550e+00 1.52286e-03 | 1.90492e-01 4.01892e-01 |
   3899 | 5.55702e+00 1.52294e-03 | 1.90504e-01 4.01887e-01 |
   3900 | 5.55855e+00 1.52301e-03 | 1.90515e-01 4.01883e-01 |
   3901 | 5.56007e+00 1.52309e-03 | 1.90527e-01 4.01878e-01 |
   3902 | 5.56159e+00 1.52317e-03 | 1.90539e-01 4.01873e-01 |
   3903 | 5.56312e+00 1.52324e-03 | 1.90550e-01 4.01869e-01 |
   3904 | 5.56464e+00 1.52332e-03 | 1.90562e-01 4.01864e-01 |
   3905 | 5.56616e+00 1.52340e-03 | 1.90573e-01 4.01860e-01 |
   3906 | 5.56769e+00 1.52347e-03 | 1.90585e-01 4.01855e-01 |
   3907 | 5.56857e+00 8.80006e-04 | 1.90592e-01 4.01852e-01 |
   3908 | 5.57009e+00 1.52360e-03 | 1.90604e-01 4.01848e-01 |
   3909 | 5.57161e+00 1.52367e-03 | 1.90615e-01 4.01844e-01 |
   3910 | 5.57314e+00 1.52375e-03 | 1.90627e-01 4.01839e-01 |
   3911 | 5.57466e+00 1.52383e-03 | 1.90639e-01 4.01835e-01 |
   3912 | 5.57619e+00 1.52390e-03 | 1.90651e-01 4.01830e-01 |
   3913 | 5.57771e+00 1.52398e-03 | 1.90662e-01 4.01826e-01 |
   3914 | 5.57923e+00 1.52406e-03 | 1.90674e-01 4.01822e-01 |
   3915 | 5.58076e+00 1.52413e-03 | 1.90686e-01 4.01818e-01 |
   3916 | 5.58228e+00 1.52421e-03 | 1.90698e-01 4.01813e-01 |
   3917 | 5.58381e+00 1.52429e-03 | 1.90710e-01 4.01809e-01 |
   3918 | 5.58533e+00 1.52436e-03 | 1.90722e-01 4.01805e-01 |
   3919 | 5.58685e+00 1.52444e-03 | 1.90734e-01 4.01801e-01 |
   3920 | 5.58838e+00 1.52452e-03 | 1.90745e-01 4.01797e-01 |
   3921 | 5.58990e+00 1.52459e-03 | 1.90757e-01 4.01793e-01 |
   3922 | 5.59143e+00 1.52467e-03 | 1.90769e-01 4.01789e-01 |
   3923 | 5.59295e+00 1.52475e-03 | 1.90781e-01 4.01785e-01 |
   3924 | 5.59448e+00 1.52483e-03 | 1.90793e-01 4.01781e-01 |
   3925 | 5.59600e+00 1.52490e-03 | 1.90805e-01 4.01777e-01 |
   3926 | 5.59753e+00 1.52498e-03 | 1.90818e-01 4.01773e-01 |
   3927 | 5.59905e+00 1.52506e-03 | 1.90830e-01 4.01769e-01 |
   3928 | 5.60058e+00 1.52513e-03 | 1.90842e-01 4.01765e-01 |
   3929 | 5.60210e+00 1.52521e-03 | 1.90854e-01 4.01762e-01 |
   3930 | 5.60363e+00 1.52529e-03 | 1.90866e-01 4.01758e-01 |
   3931 | 5.60515e+00 1.52536e-03 | 1.90878e-01 4.01754e-01 |
   3932 | 5.60668e+00 1.52544e-03 | 1.90890e-01 4.01751e-01 |
   3933 | 5.60820e+00 1.52552e-03 | 1.90902e-01 4.01747e-01 |
   3934 | 5.60973e+00 1.52559e-03 | 1.90915e-01 4.01743e-01 |
   3935 | 5.61126e+00 1.52567e-03 | 1.90927e-01 4.01740e-01 |
   3936 | 5.61278e+00 1.52575e-03 | 1.90939e-01 4.01736e-01 |
   3937 | 5.61431e+00 1.52582e-03 | 1.90951e-01 4.01733e-01 |
   3938 | 5.61583e+00 1.52590e-03 | 1.90964e-01 4.01729e-01 |
   3939 | 5.61736e+00 1.52598e-03 | 1.90976e-01 4.01726e-01 |
   3940 | 5.61889e+00 1.52605e-03 | 1.90988e-01 4.01722e-01 |
   3941 | 5.62041e+00 1.52613e-03 | 1.91001e-01 4.01719e-01 |
   3942 | 5.62194e+00 1.52621e-03 | 1.91013e-01 4.01716e-01 |
   3943 | 5.62346e+00 1.52628e-03 | 1.91026e-01 4.01712e-01 |
   3944 | 5.62499e+00 1.52636e-03 | 1.91038e-01 4.01709e-01 |
   3945 | 5.62652e+00 1.52644e-03 | 1.91050e-01 4.01706e-01 |
   3946 | 5.62804e+00 1.52651e-03 | 1.91063e-01 4.01703e-01 |
   3947 | 5.62957e+00 1.52659e-03 | 1.91075e-01 4.01699e-01 |
   3948 | 5.63110e+00 1.52667e-03 | 1.91088e-01 4.01696e-01 |
   3949 | 5.63185e+00 7.48714e-04 | 1.91094e-01 4.01695e-01 |
   3950 | 5.63337e+00 1.52678e-03 | 1.91107e-01 4.01692e-01 |
   3951 | 5.63490e+00 1.52686e-03 | 1.91119e-01 4.01689e-01 |
   3952 | 5.63643e+00 1.52693e-03 | 1.91132e-01 4.01686e-01 |
   3953 | 5.63795e+00 1.52701e-03 | 1.91144e-01 4.01683e-01 |
   3954 | 5.63948e+00 1.52709e-03 | 1.91157e-01 4.01680e-01 |
   3955 | 5.64101e+00 1.52716e-03 | 1.91170e-01 4.01677e-01 |
   3956 | 5.64253e+00 1.52724e-03 | 1.91182e-01 4.01674e-01 |
   3957 | 5.64406e+00 1.52732e-03 | 1.91195e-01 4.01671e-01 |
   3958 | 5.64559e+00 1.52739e-03 | 1.91208e-01 4.01668e-01 |
   3959 | 5.64712e+00 1.52747e-03 | 1.91220e-01 4.01666e-01 |
   3960 | 5.64864e+00 1.52755e-03 | 1.91233e-01 4.01663e-01 |
   3961 | 5.65017e+00 1.52762e-03 | 1.91246e-01 4.01660e-01 |
   3962 | 5.65170e+00 1.52770e-03 | 1.91259e-01 4.01658e-01 |
   3963 | 5.65323e+00 1.52778e-03 | 1.91272e-01 4.01655e-01 |
   3964 | 5.65476e+00 1.52785e-03 | 1.91284e-01 4.01652e-01 |
   3965 | 5.65628e+00 1.52793e-03 | 1.91297e-01 4.01650e-01 |
   3966 | 5.65781e+00 1.52801e-03 | 1.91310e-01 4.01647e-01 |
   3967 | 5.65934e+00 1.52808e-03 | 1.91323e-01 4.01645e-01 |
   3968 | 5.66087e+00 1.52816e-03 | 1.91336e-01 4.01643e-01 |
   3969 | 5.66240e+00 1.52823e-03 | 1.91349e-01 4.01640e-01 |
   3970 | 5.66392e+00 1.52831e-03 | 1.91362e-01 4.01638e-01 |
   3971 | 5.66545e+00 1.52839e-03 | 1.91375e-01 4.01635e-01 |
   3972 | 5.66698e+00 1.52846e-03 | 1.91388e-01 4.01633e-01 |
   3973 | 5.66851e+00 1.52854e-03 | 1.91401e-01 4.01631e-01 |
   3974 | 5.67004e+00 1.52862e-03 | 1.91414e-01 4.01629e-01 |
   3975 | 5.67157e+00 1.52869e-03 | 1.91427e-01 4.01627e-01 |
   3976 | 5.67310e+00 1.52876e-03 | 1.91440e-01 4.01624e-01 |
   3977 | 5.67462e+00 1.52884e-03 | 1.91453e-01 4.01622e-01 |
   3978 | 5.67615e+00 1.52892e-03 | 1.91466e-01 4.01620e-01 |
   3979 | 5.67768e+00 1.52899e-03 | 1.91479e-01 4.01618e-01 |
   3980 | 5.67921e+00 1.52907e-03 | 1.91493e-01 4.01616e-01 |
   3981 | 5.68074e+00 1.52915e-03 | 1.91506e-01 4.01614e-01 |
   3982 | 5.68227e+00 1.52922e-03 | 1.91519e-01 4.01612e-01 |
   3983 | 5.68380e+00 1.52930e-03 | 1.91532e-01 4.01610e-01 |
   3984 | 5.68533e+00 1.52938e-03 | 1.91546e-01 4.01609e-01 |
   3985 | 5.68686e+00 1.52945e-03 | 1.91559e-01 4.01607e-01 |
   3986 | 5.68839e+00 1.52953e-03 | 1.91572e-01 4.01605e-01 |
   3987 | 5.68992e+00 1.52960e-03 | 1.91585e-01 4.01603e-01 |
   3988 | 5.69145e+00 1.52968e-03 | 1.91599e-01 4.01602e-01 |
   3989 | 5.69298e+00 1.52976e-03 | 1.91612e-01 4.01600e-01 |
   3990 | 5.69451e+00 1.52983e-03 | 1.91626e-01 4.01598e-01 |
   3991 | 5.69512e+00 6.18522e-04 | 1.91631e-01 4.01597e-01 |
   3992 | 5.69665e+00 1.52994e-03 | 1.91644e-01 4.01596e-01 |
   3993 | 5.69818e+00 1.53002e-03 | 1.91658e-01 4.01595e-01 |
   3994 | 5.69971e+00 1.53009e-03 | 1.91671e-01 4.01593e-01 |
   3995 | 5.70124e+00 1.53017e-03 | 1.91685e-01 4.01592e-01 |
   3996 | 5.70278e+00 1.53025e-03 | 1.91698e-01 4.01590e-01 |
   3997 | 5.70431e+00 1.53032e-03 | 1.91712e-01 4.01589e-01 |
   3998 | 5.70584e+00 1.53039e-03 | 1.91725e-01 4.01587e-01 |
   3999 | 5.70737e+00 1.53048e-03 | 1.91739e-01 4.01586e-01 |
   4000 | 5.70890e+00 1.53054e-03 | 1.91753e-01 4.01585e-01 |
   4001 | 5.71043e+00 1.53062e-03 | 1.91766e-01 4.01584e-01 |
   4002 | 5.71196e+00 1.53070e-03 | 1.91780e-01 4.01583e-01 |
   4003 | 5.71349e+00 1.53077e-03 | 1.91794e-01 4.01581e-01 |
   4004 | 5.71502e+00 1.53085e-03 | 1.91807e-01 4.01580e-01 |
   4005 | 5.71655e+00 1.53093e-03 | 1.91821e-01 4.01579e-01 |
   4006 | 5.71808e+00 1.53100e-03 | 1.91835e-01 4.01578e-01 |
   4007 | 5.71961e+00 1.53108e-03 | 1.91849e-01 4.01577e-01 |
   4008 | 5.72114e+00 1.53116e-03 | 1.91862e-01 4.01576e-01 |
   4009 | 5.72268e+00 1.53123e-03 | 1.91876e-01 4.01575e-01 |
   4010 | 5.72421e+00 1.53130e-03 | 1.91890e-01 4.01574e-01 |
   4011 | 5.72574e+00 1.53138e-03 | 1.91904e-01 4.01574e-01 |
   4012 | 5.72727e+00 1.53145e-03 | 1.91918e-01 4.01573e-01 |
   4013 | 5.72880e+00 1.53153e-03 | 1.91932e-01 4.01572e-01 |
   4014 | 5.73033e+00 1.53161e-03 | 1.91945e-01 4.01571e-01 |
   4015 | 5.73186e+00 1.53168e-03 | 1.91959e-01 4.01571e-01 |
   4016 | 5.73340e+00 1.53176e-03 | 1.91973e-01 4.01570e-01 |
   4017 | 5.73493e+00 1.53184e-03 | 1.91987e-01 4.01569e-01 |
   4018 | 5.73646e+00 1.53191e-03 | 1.92001e-01 4.01569e-01 |
   4019 | 5.73799e+00 1.53198e-03 | 1.92015e-01 4.01568e-01 |
   4020 | 5.73952e+00 1.53206e-03 | 1.92029e-01 4.01568e-01 |
   4021 | 5.74106e+00 1.53213e-03 | 1.92044e-01 4.01567e-01 |
   4022 | 5.74259e+00 1.53221e-03 | 1.92058e-01 4.01567e-01 |
   4023 | 5.74412e+00 1.53229e-03 | 1.92072e-01 4.01567e-01 |
   4024 | 5.74565e+00 1.53236e-03 | 1.92086e-01 4.01566e-01 |
   4025 | 5.74719e+00 1.53244e-03 | 1.92100e-01 4.01566e-01 |
   4026 | 5.74872e+00 1.53252e-03 | 1.92114e-01 4.01566e-01 |
   4027 | 5.75025e+00 1.53259e-03 | 1.92129e-01 4.01566e-01 |
   4028 | 5.75178e+00 1.53266e-03 | 1.92143e-01 4.01565e-01 |
   4029 | 5.75332e+00 1.53274e-03 | 1.92157e-01 4.01565e-01 |
   4030 | 5.75485e+00 1.53281e-03 | 1.92171e-01 4.01565e-01 |
   4031 | 5.75638e+00 1.53289e-03 | 1.92186e-01 4.01565e-01 |
   4032 | 5.75791e+00 1.53297e-03 | 1.92200e-01 4.01565e-01 |
   4033 | 5.75840e+00 4.89518e-04 | 1.92205e-01 4.01565e-01 |
   4034 | 5.75994e+00 1.53306e-03 | 1.92219e-01 4.01565e-01 |
   4035 | 5.76147e+00 1.53314e-03 | 1.92233e-01 4.01565e-01 |
   4036 | 5.76300e+00 1.53322e-03 | 1.92248e-01 4.01565e-01 |
   4037 | 5.76454e+00 1.53329e-03 | 1.92262e-01 4.01566e-01 |
   4038 | 5.76607e+00 1.53337e-03 | 1.92277e-01 4.01566e-01 |
   4039 | 5.76760e+00 1.53344e-03 | 1.92291e-01 4.01566e-01 |
   4040 | 5.76914e+00 1.53351e-03 | 1.92306e-01 4.01566e-01 |
   4041 | 5.77067e+00 1.53359e-03 | 1.92320e-01 4.01567e-01 |
   4042 | 5.77220e+00 1.53367e-03 | 1.92335e-01 4.01567e-01 |
   4043 | 5.77374e+00 1.53374e-03 | 1.92349e-01 4.01568e-01 |
   4044 | 5.77527e+00 1.53382e-03 | 1.92364e-01 4.01568e-01 |
   4045 | 5.77681e+00 1.53389e-03 | 1.92379e-01 4.01569e-01 |
   4046 | 5.77834e+00 1.53396e-03 | 1.92393e-01 4.01569e-01 |
   4047 | 5.77987e+00 1.53404e-03 | 1.92408e-01 4.01570e-01 |
   4048 | 5.78141e+00 1.53412e-03 | 1.92423e-01 4.01570e-01 |
   4049 | 5.78294e+00 1.53419e-03 | 1.92437e-01 4.01571e-01 |
   4050 | 5.78448e+00 1.53427e-03 | 1.92452e-01 4.01572e-01 |
   4051 | 5.78601e+00 1.53434e-03 | 1.92467e-01 4.01572e-01 |
   4052 | 5.78754e+00 1.53441e-03 | 1.92482e-01 4.01573e-01 |
   4053 | 5.78908e+00 1.53449e-03 | 1.92496e-01 4.01574e-01 |
   4054 | 5.79061e+00 1.53457e-03 | 1.92511e-01 4.01575e-01 |
   4055 | 5.79215e+00 1.53464e-03 | 1.92526e-01 4.01576e-01 |
   4056 | 5.79368e+00 1.53472e-03 | 1.92541e-01 4.01577e-01 |
   4057 | 5.79522e+00 1.53479e-03 | 1.92556e-01 4.01578e-01 |
   4058 | 5.79675e+00 1.53486e-03 | 1.92571e-01 4.01579e-01 |
   4059 | 5.79829e+00 1.53494e-03 | 1.92586e-01 4.01580e-01 |
   4060 | 5.79982e+00 1.53502e-03 | 1.92601e-01 4.01581e-01 |
   4061 | 5.80136e+00 1.53509e-03 | 1.92616e-01 4.01582e-01 |
   4062 | 5.80289e+00 1.53517e-03 | 1.92631e-01 4.01583e-01 |
   4063 | 5.80443e+00 1.53524e-03 | 1.92646e-01 4.01585e-01 |
   4064 | 5.80596e+00 1.53531e-03 | 1.92661e-01 4.01586e-01 |
   4065 | 5.80750e+00 1.53539e-03 | 1.92676e-01 4.01587e-01 |
   4066 | 5.80903e+00 1.53547e-03 | 1.92691e-01 4.01589e-01 |
   4067 | 5.81057e+00 1.53554e-03 | 1.92706e-01 4.01590e-01 |
   4068 | 5.81211e+00 1.53562e-03 | 1.92722e-01 4.01592e-01 |
   4069 | 5.81364e+00 1.53569e-03 | 1.92737e-01 4.01593e-01 |
   4070 | 5.81518e+00 1.53576e-03 | 1.92752e-01 4.01595e-01 |
   4071 | 5.81671e+00 1.53584e-03 | 1.92767e-01 4.01596e-01 |
   4072 | 5.81825e+00 1.53591e-03 | 1.92783e-01 4.01598e-01 |
   4073 | 5.81978e+00 1.53599e-03 | 1.92798e-01 4.01600e-01 |
   4074 | 5.82132e+00 1.53606e-03 | 1.92813e-01 4.01601e-01 |
   4075 | 5.82168e+00 3.61960e-04 | 1.92817e-01 4.01602e-01 |
   4076 | 5.82322e+00 1.53615e-03 | 1.92832e-01 4.01604e-01 |
   4077 | 5.82476e+00 1.53623e-03 | 1.92848e-01 4.01605e-01 |
   4078 | 5.82629e+00 1.53631e-03 | 1.92863e-01 4.01607e-01 |
   4079 | 5.82783e+00 1.53638e-03 | 1.92879e-01 4.01609e-01 |
   4080 | 5.82936e+00 1.53645e-03 | 1.92894e-01 4.01611e-01 |
   4081 | 5.83090e+00 1.53653e-03 | 1.92909e-01 4.01613e-01 |
   4082 | 5.83244e+00 1.53660e-03 | 1.92925e-01 4.01615e-01 |
   4083 | 5.83397e+00 1.53667e-03 | 1.92941e-01 4.01617e-01 |
   4084 | 5.83551e+00 1.53675e-03 | 1.92956e-01 4.01619e-01 |
   4085 | 5.83705e+00 1.53682e-03 | 1.92972e-01 4.01622e-01 |
   4086 | 5.83858e+00 1.53690e-03 | 1.92987e-01 4.01624e-01 |
   4087 | 5.84012e+00 1.53698e-03 | 1.93003e-01 4.01626e-01 |
   4088 | 5.84166e+00 1.53705e-03 | 1.93019e-01 4.01628e-01 |
   4089 | 5.84320e+00 1.53712e-03 | 1.93034e-01 4.01631e-01 |
   4090 | 5.84473e+00 1.53720e-03 | 1.93050e-01 4.01633e-01 |
   4091 | 5.84627e+00 1.53727e-03 | 1.93066e-01 4.01636e-01 |
   4092 | 5.84781e+00 1.53734e-03 | 1.93082e-01 4.01638e-01 |
   4093 | 5.84935e+00 1.53742e-03 | 1.93097e-01 4.01641e-01 |
   4094 | 5.85088e+00 1.53749e-03 | 1.93113e-01 4.01643e-01 |
   4095 | 5.85242e+00 1.53757e-03 | 1.93129e-01 4.01646e-01 |
   4096 | 5.85396e+00 1.53765e-03 | 1.93145e-01 4.01649e-01 |
   4097 | 5.85550e+00 1.53771e-03 | 1.93161e-01 4.01651e-01 |
   4098 | 5.85703e+00 1.53779e-03 | 1.93177e-01 4.01654e-01 |
   4099 | 5.85857e+00 1.53787e-03 | 1.93193e-01 4.01657e-01 |
   4100 | 5.86011e+00 1.53794e-03 | 1.93209e-01 4.01660e-01 |
   4101 | 5.86165e+00 1.53801e-03 | 1.93225e-01 4.01663e-01 |
   4102 | 5.86319e+00 1.53809e-03 | 1.93241e-01 4.01666e-01 |
   4103 | 5.86472e+00 1.53816e-03 | 1.93257e-01 4.01669e-01 |
   4104 | 5.86626e+00 1.53823e-03 | 1.93273e-01 4.01672e-01 |
   4105 | 5.86780e+00 1.53831e-03 | 1.93289e-01 4.01675e-01 |
   4106 | 5.86934e+00 1.53838e-03 | 1.93305e-01 4.01678e-01 |
   4107 | 5.87088e+00 1.53845e-03 | 1.93321e-01 4.01681e-01 |
   4108 | 5.87242e+00 1.53853e-03 | 1.93337e-01 4.01684e-01 |
   4109 | 5.87395e+00 1.53860e-03 | 1.93354e-01 4.01687e-01 |
   4110 | 5.87549e+00 1.53868e-03 | 1.93370e-01 4.01691e-01 |
   4111 | 5.87703e+00 1.53876e-03 | 1.93386e-01 4.01694e-01 |
   4112 | 5.87857e+00 1.53882e-03 | 1.93402e-01 4.01697e-01 |
   4113 | 5.88011e+00 1.53890e-03 | 1.93419e-01 4.01701e-01 |
   4114 | 5.88165e+00 1.53898e-03 | 1.93435e-01 4.01704e-01 |
   4115 | 5.88319e+00 1.53905e-03 | 1.93451e-01 4.01708e-01 |
   4116 | 5.88473e+00 1.53912e-03 | 1.93468e-01 4.01712e-01 |
   4117 | 5.88496e+00 2.35897e-04 | 1.93471e-01 4.01712e-01 |
   4118 | 5.88650e+00 1.53921e-03 | 1.93487e-01 4.01716e-01 |
   4119 | 5.88804e+00 1.53928e-03 | 1.93503e-01 4.01719e-01 |
   4120 | 5.88958e+00 1.53935e-03 | 1.93520e-01 4.01723e-01 |
   4121 | 5.89112e+00 1.53943e-03 | 1.93536e-01 4.01727e-01 |
   4122 | 5.89266e+00 1.53950e-03 | 1.93553e-01 4.01731e-01 |
   4123 | 5.89420e+00 1.53957e-03 | 1.93569e-01 4.01735e-01 |
   4124 | 5.89574e+00 1.53965e-03 | 1.93586e-01 4.01739e-01 |
   4125 | 5.89728e+00 1.53972e-03 | 1.93602e-01 4.01742e-01 |
   4126 | 5.89882e+00 1.53979e-03 | 1.93619e-01 4.01746e-01 |
   4127 | 5.90036e+00 1.53987e-03 | 1.93636e-01 4.01751e-01 |
   4128 | 5.90190e+00 1.53994e-03 | 1.93652e-01 4.01755e-01 |
   4129 | 5.90344e+00 1.54001e-03 | 1.93669e-01 4.01759e-01 |
   4130 | 5.90498e+00 1.54009e-03 | 1.93686e-01 4.01763e-01 |
   4131 | 5.90652e+00 1.54016e-03 | 1.93703e-01 4.01767e-01 |
   4132 | 5.90806e+00 1.54023e-03 | 1.93719e-01 4.01772e-01 |
   4133 | 5.90960e+00 1.54031e-03 | 1.93736e-01 4.01776e-01 |
   4134 | 5.91114e+00 1.54038e-03 | 1.93753e-01 4.01780e-01 |
   4135 | 5.91268e+00 1.54045e-03 | 1.93770e-01 4.01785e-01 |
   4136 | 5.91422e+00 1.54053e-03 | 1.93787e-01 4.01789e-01 |
   4137 | 5.91576e+00 1.54060e-03 | 1.93804e-01 4.01794e-01 |
   4138 | 5.91730e+00 1.54067e-03 | 1.93821e-01 4.01798e-01 |
   4139 | 5.91884e+00 1.54075e-03 | 1.93838e-01 4.01803e-01 |
   4140 | 5.92038e+00 1.54082e-03 | 1.93855e-01 4.01808e-01 |
   4141 | 5.92192e+00 1.54089e-03 | 1.93872e-01 4.01812e-01 |
   4142 | 5.92346e+00 1.54097e-03 | 1.93889e-01 4.01817e-01 |
   4143 | 5.92501e+00 1.54104e-03 | 1.93906e-01 4.01822e-01 |
   4144 | 5.92655e+00 1.54111e-03 | 1.93923e-01 4.01827e-01 |
   4145 | 5.92809e+00 1.54119e-03 | 1.93940e-01 4.01832e-01 |
   4146 | 5.92963e+00 1.54126e-03 | 1.93957e-01 4.01837e-01 |
   4147 | 5.93117e+00 1.54133e-03 | 1.93974e-01 4.01842e-01 |
   4148 | 5.93271e+00 1.54141e-03 | 1.93992e-01 4.01847e-01 |
   4149 | 5.93425e+00 1.54148e-03 | 1.94009e-01 4.01852e-01 |
   4150 | 5.93579e+00 1.54155e-03 | 1.94026e-01 4.01857e-01 |
   4151 | 5.93734e+00 1.54163e-03 | 1.94044e-01 4.01862e-01 |
   4152 | 5.93888e+00 1.54170e-03 | 1.94061e-01 4.01868e-01 |
   4153 | 5.94042e+00 1.54177e-03 | 1.94078e-01 4.01873e-01 |
   4154 | 5.94196e+00 1.54185e-03 | 1.94096e-01 4.01878e-01 |
   4155 | 5.94350e+00 1.54191e-03 | 1.94113e-01 4.01884e-01 |
   4156 | 5.94505e+00 1.54199e-03 | 1.94131e-01 4.01889e-01 |
   4157 | 5.94659e+00 1.54207e-03 | 1.94148e-01 4.01895e-01 |
   4158 | 5.94813e+00 1.54213e-03 | 1.94165e-01 4.01900e-01 |
   4159 | 5.94824e+00 1.11543e-04 | 1.94167e-01 4.01901e-01 |
   4160 | 5.94978e+00 1.54221e-03 | 1.94184e-01 4.01906e-01 |
   4161 | 5.95133e+00 1.54229e-03 | 1.94202e-01 4.01912e-01 |
   4162 | 5.95287e+00 1.54236e-03 | 1.94219e-01 4.01918e-01 |
   4163 | 5.95441e+00 1.54243e-03 | 1.94237e-01 4.01923e-01 |
   4164 | 5.95595e+00 1.54251e-03 | 1.94255e-01 4.01929e-01 |
   4165 | 5.95750e+00 1.54257e-03 | 1.94272e-01 4.01935e-01 |
   4166 | 5.95904e+00 1.54265e-03 | 1.94290e-01 4.01941e-01 |
   4167 | 5.96058e+00 1.54272e-03 | 1.94308e-01 4.01947e-01 |
   4168 | 5.96212e+00 1.54279e-03 | 1.94326e-01 4.01953e-01 |
   4169 | 5.96367e+00 1.54287e-03 | 1.94343e-01 4.01959e-01 |
   4170 | 5.96521e+00 1.54294e-03 | 1.94361e-01 4.01965e-01 |
   4171 | 5.96675e+00 1.54301e-03 | 1.94379e-01 4.01971e-01 |
   4172 | 5.96830e+00 1.54308e-03 | 1.94397e-01 4.01977e-01 |
   4173 | 5.96984e+00 1.54316e-03 | 1.94415e-01 4.01984e-01 |
   4174 | 5.97138e+00 1.54323e-03 | 1.94433e-01 4.01990e-01 |
   4175 | 5.97293e+00 1.54330e-03 | 1.94451e-01 4.01996e-01 |
   4176 | 5.97447e+00 1.54338e-03 | 1.94469e-01 4.02003e-01 |
   4177 | 5.97601e+00 1.54344e-03 | 1.94487e-01 4.02009e-01 |
   4178 | 5.97756e+00 1.54352e-03 | 1.94505e-01 4.02016e-01 |
   4179 | 5.97910e+00 1.54359e-03 | 1.94523e-01 4.02022e-01 |
   4180 | 5.98064e+00 1.54366e-03 | 1.94541e-01 4.02029e-01 |
   4181 | 5.98219e+00 1.54373e-03 | 1.94559e-01 4.02036e-01 |
   4182 | 5.98373e+00 1.54381e-03 | 1.94577e-01 4.02042e-01 |
   4183 | 5.98527e+00 1.54388e-03 | 1.94595e-01 4.02049e-01 |
   4184 | 5.98682e+00 1.54395e-03 | 1.94614e-01 4.02056e-01 |
   4185 | 5.98836e+00 1.54403e-03 | 1.94632e-01 4.02063e-01 |
   4186 | 5.98991e+00 1.54409e-03 | 1.94650e-01 4.02070e-01 |
   4187 | 5.99145e+00 1.54417e-03 | 1.94668e-01 4.02077e-01 |
   4188 | 5.99299e+00 1.54424e-03 | 1.94687e-01 4.02084e-01 |
   4189 | 5.99454e+00 1.54431e-03 | 1.94705e-01 4.02091e-01 |
   4190 | 5.99608e+00 1.54438e-03 | 1.94724e-01 4.02098e-01 |
   4191 | 5.99763e+00 1.54446e-03 | 1.94742e-01 4.02105e-01 |
   4192 | 5.99917e+00 1.54453e-03 | 1.94760e-01 4.02112e-01 |
   4193 | 6.00072e+00 1.54460e-03 | 1.94779e-01 4.02120e-01 |
   4194 | 6.00226e+00 1.54467e-03 | 1.94797e-01 4.02127e-01 |
   4195 | 6.00381e+00 1.54474e-03 | 1.94816e-01 4.02134e-01 |
   4196 | 6.00535e+00 1.54482e-03 | 1.94835e-01 4.02142e-01 |
   4197 | 6.00690e+00 1.54489e-03 | 1.94853e-01 4.02149e-01 |
   4198 | 6.00844e+00 1.54496e-03 | 1.94872e-01 4.02157e-01 |
   4199 | 6.00999e+00 1.54503e-03 | 1.94890e-01 4.02165e-01 |
   4200 | 6.01152e+00 1.53416e-03 | 1.94909e-01 4.02172e-01 |
   4201 | 6.01307e+00 1.54517e-03 | 1.94928e-01 4.02180e-01 |
   4202 | 6.01461e+00 1.54525e-03 | 1.94946e-01 4.02188e-01 |
   4203 | 6.01616e+00 1.54532e-03 | 1.94965e-01 4.02195e-01 |
   4204 | 6.01770e+00 1.54539e-03 | 1.94984e-01 4.02203e-01 |
   4205 | 6.01925e+00 1.54546e-03 | 1.95003e-01 4.02211e-01 |
   4206 | 6.02079e+00 1.54553e-03 | 1.95022e-01 4.02219e-01 |
   4207 | 6.02234e+00 1.54560e-03 | 1.95041e-01 4.02227e-01 |
   4208 | 6.02388e+00 1.54567e-03 | 1.95060e-01 4.02235e-01 |
   4209 | 6.02543e+00 1.54575e-03 | 1.95079e-01 4.02243e-01 |
   4210 | 6.02698e+00 1.54581e-03 | 1.95098e-01 4.02252e-01 |
   4211 | 6.02852e+00 1.54589e-03 | 1.95117e-01 4.02260e-01 |
   4212 | 6.03007e+00 1.54596e-03 | 1.95136e-01 4.02268e-01 |
   4213 | 6.03161e+00 1.54603e-03 | 1.95155e-01 4.02277e-01 |
   4214 | 6.03316e+00 1.54610e-03 | 1.95174e-01 4.02285e-01 |
   4215 | 6.03471e+00 1.54618e-03 | 1.95193e-01 4.02293e-01 |
   4216 | 6.03625e+00 1.54624e-03 | 1.95212e-01 4.02302e-01 |
   4217 | 6.03780e+00 1.54632e-03 | 1.95231e-01 4.02311e-01 |
   4218 | 6.03934e+00 1.54639e-03 | 1.95250e-01 4.02319e-01 |
   4219 | 6.04089e+00 1.54646e-03 | 1.95270e-01 4.02328e-01 |
   4220 | 6.04244e+00 1.54653e-03 | 1.95289e-01 4.02337e-01 |
   4221 | 6.04398e+00 1.54660e-03 | 1.95308e-01 4.02345e-01 |
   4222 | 6.04553e+00 1.54667e-03 | 1.95328e-01 4.02354e-01 |
   4223 | 6.04708e+00 1.54674e-03 | 1.95347e-01 4.02363e-01 |
   4224 | 6.04862e+00 1.54682e-03 | 1.95367e-01 4.02372e-01 |
   4225 | 6.05017e+00 1.54688e-03 | 1.95386e-01 4.02381e-01 |
   4226 | 6.05172e+00 1.54696e-03 | 1.95405e-01 4.02390e-01 |
   4227 | 6.05327e+00 1.54703e-03 | 1.95425e-01 4.02399e-01 |
   4228 | 6.05481e+00 1.54710e-03 | 1.95444e-01 4.02408e-01 |
   4229 | 6.05636e+00 1.54717e-03 | 1.95464e-01 4.02418e-01 |
   4230 | 6.05791e+00 1.54724e-03 | 1.95484e-01 4.02427e-01 |
   4231 | 6.05945e+00 1.54731e-03 | 1.95503e-01 4.02436e-01 |
   4232 | 6.06100e+00 1.54738e-03 | 1.95523e-01 4.02446e-01 |
   4233 | 6.06255e+00 1.54746e-03 | 1.95543e-01 4.02455e-01 |
   4234 | 6.06410e+00 1.54752e-03 | 1.95562e-01 4.02465e-01 |
   4235 | 6.06564e+00 1.54760e-03 | 1.95582e-01 4.02474e-01 |
   4236 | 6.06719e+00 1.54767e-03 | 1.95602e-01 4.02484e-01 |
   4237 | 6.06874e+00 1.54773e-03 | 1.95622e-01 4.02493e-01 |
   4238 | 6.07029e+00 1.54781e-03 | 1.95642e-01 4.02503e-01 |
   4239 | 6.07184e+00 1.54788e-03 | 1.95661e-01 4.02513e-01 |
   4240 | 6.07338e+00 1.54795e-03 | 1.95681e-01 4.02523e-01 |
   4241 | 6.07480e+00 1.41659e-03 | 1.95700e-01 4.02532e-01 |
   4242 | 6.07635e+00 1.54809e-03 | 1.95719e-01 4.02542e-01 |
   4243 | 6.07790e+00 1.54815e-03 | 1.95739e-01 4.02552e-01 |
   4244 | 6.07944e+00 1.54822e-03 | 1.95760e-01 4.02562e-01 |
   4245 | 6.08099e+00 1.54830e-03 | 1.95780e-01 4.02572e-01 |
   4246 | 6.08254e+00 1.54836e-03 | 1.95800e-01 4.02582e-01 |
   4247 | 6.08409e+00 1.54844e-03 | 1.95820e-01 4.02592e-01 |
   4248 | 6.08564e+00 1.54851e-03 | 1.95840e-01 4.02603e-01 |
   4249 | 6.08719e+00 1.54857e-03 | 1.95860e-01 4.02613e-01 |
   4250 | 6.08873e+00 1.54865e-03 | 1.95880e-01 4.02623e-01 |
   4251 | 6.09028e+00 1.54872e-03 | 1.95901e-01 4.02634e-01 |
   4252 | 6.09183e+00 1.54878e-03 | 1.95921e-01 4.02644e-01 |
   4253 | 6.09338e+00 1.54886e-03 | 1.95941e-01 4.02655e-01 |
   4254 | 6.09493e+00 1.54893e-03 | 1.95962e-01 4.02666e-01 |
   4255 | 6.09648e+00 1.54899e-03 | 1.95982e-01 4.02676e-01 |
   4256 | 6.09803e+00 1.54907e-03 | 1.96002e-01 4.02687e-01 |
   4257 | 6.09958e+00 1.54914e-03 | 1.96023e-01 4.02698e-01 |
   4258 | 6.10113e+00 1.54921e-03 | 1.96043e-01 4.02709e-01 |
   4259 | 6.10268e+00 1.54928e-03 | 1.96064e-01 4.02720e-01 |
   4260 | 6.10423e+00 1.54935e-03 | 1.96084e-01 4.02731e-01 |
   4261 | 6.10577e+00 1.54942e-03 | 1.96105e-01 4.02742e-01 |
   4262 | 6.10732e+00 1.54949e-03 | 1.96126e-01 4.02753e-01 |
   4263 | 6.10887e+00 1.54956e-03 | 1.96146e-01 4.02764e-01 |
   4264 | 6.11042e+00 1.54962e-03 | 1.96167e-01 4.02775e-01 |
   4265 | 6.11197e+00 1.54970e-03 | 1.96188e-01 4.02786e-01 |
   4266 | 6.11352e+00 1.54977e-03 | 1.96208e-01 4.02798e-01 |
   4267 | 6.11507e+00 1.54983e-03 | 1.96229e-01 4.02809e-01 |
   4268 | 6.11662e+00 1.54991e-03 | 1.96250e-01 4.02820e-01 |
   4269 | 6.11817e+00 1.54998e-03 | 1.96271e-01 4.02832e-01 |
   4270 | 6.11972e+00 1.55004e-03 | 1.96292e-01 4.02844e-01 |
   4271 | 6.12127e+00 1.55012e-03 | 1.96312e-01 4.02855e-01 |
   4272 | 6.12282e+00 1.55019e-03 | 1.96333e-01 4.02867e-01 |
   4273 | 6.12437e+00 1.55025e-03 | 1.96354e-01 4.02879e-01 |
   4274 | 6.12592e+00 1.55032e-03 | 1.96375e-01 4.02890e-01 |
   4275 | 6.12747e+00 1.55040e-03 | 1.96396e-01 4.02902e-01 |
   4276 | 6.12902e+00 1.55046e-03 | 1.96417e-01 4.02914e-01 |
   4277 | 6.13057e+00 1.55053e-03 | 1.96439e-01 4.02926e-01 |
   4278 | 6.13213e+00 1.55060e-03 | 1.96460e-01 4.02938e-01 |
   4279 | 6.13368e+00 1.55067e-03 | 1.96481e-01 4.02950e-01 |
   4280 | 6.13523e+00 1.55074e-03 | 1.96502e-01 4.02962e-01 |
   4281 | 6.13678e+00 1.55081e-03 | 1.96523e-01 4.02975e-01 |
   4282 | 6.13808e+00 1.30113e-03 | 1.96541e-01 4.02985e-01 |
   4283 | 6.13963e+00 1.55094e-03 | 1.96562e-01 4.02997e-01 |
   4284 | 6.14118e+00 1.55101e-03 | 1.96584e-01 4.03010e-01 |
   4285 | 6.14273e+00 1.55107e-03 | 1.96605e-01 4.03022e-01 |
   4286 | 6.14428e+00 1.55115e-03 | 1.96626e-01 4.03035e-01 |
   4287 | 6.14583e+00 1.55122e-03 | 1.96648e-01 4.03047e-01 |
   4288 | 6.14739e+00 1.55128e-03 | 1.96669e-01 4.03060e-01 |
   4289 | 6.14894e+00 1.55135e-03 | 1.96691e-01 4.03072e-01 |
   4290 | 6.15049e+00 1.55143e-03 | 1.96712e-01 4.03085e-01 |
   4291 | 6.15204e+00 1.55149e-03 | 1.96734e-01 4.03098e-01 |
   4292 | 6.15359e+00 1.55156e-03 | 1.96755e-01 4.03111e-01 |
   4293 | 6.15514e+00 1.55163e-03 | 1.96777e-01 4.03124e-01 |
   4294 | 6.15669e+00 1.55170e-03 | 1.96799e-01 4.03137e-01 |
   4295 | 6.15825e+00 1.55177e-03 | 1.96820e-01 4.03150e-01 |
   4296 | 6.15980e+00 1.55184e-03 | 1.96842e-01 4.03163e-01 |
   4297 | 6.16135e+00 1.55190e-03 | 1.96864e-01 4.03176e-01 |
   4298 | 6.16290e+00 1.55197e-03 | 1.96886e-01 4.03189e-01 |
   4299 | 6.16445e+00 1.55205e-03 | 1.96908e-01 4.03203e-01 |
   4300 | 6.16601e+00 1.55211e-03 | 1.96929e-01 4.03216e-01 |
   4301 | 6.16756e+00 1.55218e-03 | 1.96951e-01 4.03229e-01 |
   4302 | 6.16911e+00 1.55225e-03 | 1.96973e-01 4.03243e-01 |
   4303 | 6.17066e+00 1.55231e-03 | 1.96995e-01 4.03256e-01 |
   4304 | 6.17222e+00 1.55238e-03 | 1.97017e-01 4.03270e-01 |
   4305 | 6.17377e+00 1.55246e-03 | 1.97039e-01 4.03284e-01 |
   4306 | 6.17532e+00 1.55252e-03 | 1.97061e-01 4.03297e-01 |
   4307 | 6.17687e+00 1.55259e-03 | 1.97083e-01 4.03311e-01 |
   4308 | 6.17843e+00 1.55266e-03 | 1.97106e-01 4.03325e-01 |
   4309 | 6.17998e+00 1.55273e-03 | 1.97128e-01 4.03339e-01 |
   4310 | 6.18153e+00 1.55280e-03 | 1.97150e-01 4.03353e-01 |
   4311 | 6.18308e+00 1.55287e-03 | 1.97172e-01 4.03367e-01 |
   4312 | 6.18464e+00 1.55293e-03 | 1.97194e-01 4.03381e-01 |
   4313 | 6.18619e+00 1.55300e-03 | 1.97217e-01 4.03395e-01 |
   4314 | 6.18774e+00 1.55307e-03 | 1.97239e-01 4.03409e-01 |
   4315 | 6.18930e+00 1.55314e-03 | 1.97262e-01 4.03424e-01 |
   4316 | 6.19085e+00 1.55321e-03 | 1.97284e-01 4.03438e-01 |
   4317 | 6.19240e+00 1.55328e-03 | 1.97306e-01 4.03452e-01 |
   4318 | 6.19396e+00 1.55334e-03 | 1.97329e-01 4.03467e-01 |
   4319 | 6.19551e+00 1.55341e-03 | 1.97351e-01 4.03481e-01 |
   4320 | 6.19706e+00 1.55348e-03 | 1.97374e-01 4.03496e-01 |
   4321 | 6.19862e+00 1.55354e-03 | 1.97397e-01 4.03511e-01 |
   4322 | 6.20017e+00 1.55361e-03 | 1.97419e-01 4.03525e-01 |
   4323 | 6.20136e+00 1.18794e-03 | 1.97437e-01 4.03537e-01 |
   4324 | 6.20291e+00 1.55373e-03 | 1.97459e-01 4.03552e-01 |
   4325 | 6.20447e+00 1.55380e-03 | 1.97482e-01 4.03567e-01 |
   4326 | 6.20602e+00 1.55388e-03 | 1.97505e-01 4.03581e-01 |
   4327 | 6.20757e+00 1.55394e-03 | 1.97527e-01 4.03597e-01 |
   4328 | 6.20913e+00 1.55400e-03 | 1.97550e-01 4.03612e-01 |
   4329 | 6.21068e+00 1.55408e-03 | 1.97573e-01 4.03627e-01 |
   4330 | 6.21224e+00 1.55414e-03 | 1.97596e-01 4.03642e-01 |
   4331 | 6.21379e+00 1.55421e-03 | 1.97619e-01 4.03657e-01 |
   4332 | 6.21534e+00 1.55428e-03 | 1.97642e-01 4.03673e-01 |
   4333 | 6.21690e+00 1.55434e-03 | 1.97665e-01 4.03688e-01 |
   4334 | 6.21845e+00 1.55441e-03 | 1.97688e-01 4.03704e-01 |
   4335 | 6.22001e+00 1.55449e-03 | 1.97711e-01 4.03719e-01 |
   4336 | 6.22156e+00 1.55454e-03 | 1.97734e-01 4.03735e-01 |
   4337 | 6.22312e+00 1.55461e-03 | 1.97757e-01 4.03750e-01 |
   4338 | 6.22467e+00 1.55469e-03 | 1.97781e-01 4.03766e-01 |
   4339 | 6.22623e+00 1.55475e-03 | 1.97804e-01 4.03782e-01 |
   4340 | 6.22778e+00 1.55481e-03 | 1.97827e-01 4.03798e-01 |
   4341 | 6.22934e+00 1.55489e-03 | 1.97850e-01 4.03814e-01 |
   4342 | 6.23089e+00 1.55495e-03 | 1.97874e-01 4.03830e-01 |
   4343 | 6.23245e+00 1.55502e-03 | 1.97897e-01 4.03846e-01 |
   4344 | 6.23400e+00 1.55509e-03 | 1.97920e-01 4.03862e-01 |
   4345 | 6.23556e+00 1.55515e-03 | 1.97944e-01 4.03878e-01 |
   4346 | 6.23711e+00 1.55522e-03 | 1.97967e-01 4.03894e-01 |
   4347 | 6.23867e+00 1.55529e-03 | 1.97991e-01 4.03911e-01 |
   4348 | 6.24022e+00 1.55535e-03 | 1.98014e-01 4.03927e-01 |
   4349 | 6.24178e+00 1.55542e-03 | 1.98038e-01 4.03944e-01 |
   4350 | 6.24333e+00 1.55549e-03 | 1.98062e-01 4.03960e-01 |
   4351 | 6.24489e+00 1.55555e-03 | 1.98085e-01 4.03977e-01 |
   4352 | 6.24644e+00 1.55562e-03 | 1.98109e-01 4.03993e-01 |
   4353 | 6.24800e+00 1.55569e-03 | 1.98133e-01 4.04010e-01 |
   4354 | 6.24956e+00 1.55575e-03 | 1.98157e-01 4.04027e-01 |
   4355 | 6.25111e+00 1.55582e-03 | 1.98180e-01 4.04044e-01 |
   4356 | 6.25267e+00 1.55590e-03 | 1.98204e-01 4.04061e-01 |
   4357 | 6.25422e+00 1.55595e-03 | 1.98228e-01 4.04078e-01 |
   4358 | 6.25578e+00 1.55602e-03 | 1.98252e-01 4.04095e-01 |
   4359 | 6.25733e+00 1.55610e-03 | 1.98276e-01 4.04112e-01 |
   4360 | 6.25889e+00 1.55615e-03 | 1.98300e-01 4.04129e-01 |
   4361 | 6.26045e+00 1.55622e-03 | 1.98324e-01 4.04146e-01 |
   4362 | 6.26200e+00 1.55630e-03 | 1.98348e-01 4.04164e-01 |
   4363 | 6.26356e+00 1.55635e-03 | 1.98372e-01 4.04181e-01 |
   4364 | 6.26464e+00 1.07717e-03 | 1.98389e-01 4.04193e-01 |
   4365 | 6.26619e+00 1.55647e-03 | 1.98413e-01 4.04211e-01 |
   4366 | 6.26775e+00 1.55653e-03 | 1.98437e-01 4.04228e-01 |
   4367 | 6.26931e+00 1.55660e-03 | 1.98462e-01 4.04246e-01 |
   4368 | 6.27086e+00 1.55667e-03 | 1.98486e-01 4.04264e-01 |
   4369 | 6.27242e+00 1.55673e-03 | 1.98510e-01 4.04281e-01 |
   4370 | 6.27398e+00 1.55680e-03 | 1.98534e-01 4.04299e-01 |
   4371 | 6.27553e+00 1.55687e-03 | 1.98559e-01 4.04317e-01 |
   4372 | 6.27709e+00 1.55693e-03 | 1.98583e-01 4.04335e-01 |
   4373 | 6.27865e+00 1.55699e-03 | 1.98608e-01 4.04353e-01 |
   4374 | 6.28020e+00 1.55707e-03 | 1.98632e-01 4.04371e-01 |
   4375 | 6.28176e+00 1.55713e-03 | 1.98657e-01 4.04390e-01 |
   4376 | 6.28332e+00 1.55719e-03 | 1.98681e-01 4.04408e-01 |
   4377 | 6.28488e+00 1.55726e-03 | 1.98706e-01 4.04426e-01 |
   4378 | 6.28643e+00 1.55733e-03 | 1.98731e-01 4.04445e-01 |
   4379 | 6.28799e+00 1.55739e-03 | 1.98755e-01 4.04463e-01 |
   4380 | 6.28955e+00 1.55746e-03 | 1.98780e-01 4.04482e-01 |
   4381 | 6.29111e+00 1.55752e-03 | 1.98805e-01 4.04500e-01 |
   4382 | 6.29266e+00 1.55759e-03 | 1.98830e-01 4.04519e-01 |
   4383 | 6.29422e+00 1.55766e-03 | 1.98855e-01 4.04538e-01 |
   4384 | 6.29578e+00 1.55772e-03 | 1.98879e-01 4.04556e-01 |
   4385 | 6.29734e+00 1.55778e-03 | 1.98904e-01 4.04575e-01 |
   4386 | 6.29889e+00 1.55786e-03 | 1.98929e-01 4.04594e-01 |
   4387 | 6.30045e+00 1.55792e-03 | 1.98954e-01 4.04613e-01 |
   4388 | 6.30201e+00 1.55798e-03 | 1.98979e-01 4.04632e-01 |
   4389 | 6.30357e+00 1.55805e-03 | 1.99005e-01 4.04652e-01 |
   4390 | 6.30513e+00 1.55812e-03 | 1.99030e-01 4.04671e-01 |
   4391 | 6.30668e+00 1.55818e-03 | 1.99055e-01 4.04690e-01 |
   4392 | 6.30824e+00 1.55825e-03 | 1.99080e-01 4.04710e-01 |
   4393 | 6.30980e+00 1.55831e-03 | 1.99105e-01 4.04729e-01 |
   4394 | 6.31136e+00 1.55837e-03 | 1.99131e-01 4.04749e-01 |
   4395 | 6.31292e+00 1.55845e-03 | 1.99156e-01 4.04768e-01 |
   4396 | 6.31448e+00 1.55851e-03 | 1.99181e-01 4.04788e-01 |
   4397 | 6.31604e+00 1.55857e-03 | 1.99207e-01 4.04808e-01 |
   4398 | 6.31759e+00 1.55864e-03 | 1.99232e-01 4.04827e-01 |
   4399 | 6.31915e+00 1.55870e-03 | 1.99258e-01 4.04847e-01 |
   4400 | 6.32071e+00 1.55876e-03 | 1.99283e-01 4.04867e-01 |
   4401 | 6.32227e+00 1.55884e-03 | 1.99309e-01 4.04887e-01 |
   4402 | 6.32383e+00 1.55890e-03 | 1.99334e-01 4.04907e-01 |
   4403 | 6.32539e+00 1.55896e-03 | 1.99360e-01 4.04927e-01 |
   4404 | 6.32695e+00 1.55903e-03 | 1.99385e-01 4.04948e-01 |
   4405 | 6.32792e+00 9.69065e-04 | 1.99402e-01 4.04960e-01 |
   4406 | 6.32948e+00 1.55913e-03 | 1.99427e-01 4.04981e-01 |
   4407 | 6.33103e+00 1.55920e-03 | 1.99453e-01 4.05001e-01 |
   4408 | 6.33259e+00 1.55927e-03 | 1.99479e-01 4.05022e-01 |
   4409 | 6.33415e+00 1.55932e-03 | 1.99505e-01 4.05042e-01 |
   4410 | 6.33571e+00 1.55939e-03 | 1.99531e-01 4.05063e-01 |
   4411 | 6.33727e+00 1.55946e-03 | 1.99556e-01 4.05083e-01 |
   4412 | 6.33883e+00 1.55952e-03 | 1.99582e-01 4.05104e-01 |
   4413 | 6.34039e+00 1.55959e-03 | 1.99608e-01 4.05125e-01 |
   4414 | 6.34195e+00 1.55965e-03 | 1.99635e-01 4.05146e-01 |
   4415 | 6.34351e+00 1.55971e-03 | 1.99661e-01 4.05167e-01 |
   4416 | 6.34507e+00 1.55978e-03 | 1.99687e-01 4.05188e-01 |
   4417 | 6.34663e+00 1.55985e-03 | 1.99713e-01 4.05209e-01 |
   4418 | 6.34819e+00 1.55990e-03 | 1.99739e-01 4.05230e-01 |
   4419 | 6.34975e+00 1.55997e-03 | 1.99765e-01 4.05252e-01 |
   4420 | 6.35131e+00 1.56004e-03 | 1.99792e-01 4.05273e-01 |
   4421 | 6.35287e+00 1.56010e-03 | 1.99818e-01 4.05295e-01 |
   4422 | 6.35443e+00 1.56016e-03 | 1.99844e-01 4.05316e-01 |
   4423 | 6.35599e+00 1.56023e-03 | 1.99871e-01 4.05338e-01 |
   4424 | 6.35755e+00 1.56029e-03 | 1.99897e-01 4.05359e-01 |
   4425 | 6.35911e+00 1.56036e-03 | 1.99924e-01 4.05381e-01 |
   4426 | 6.36067e+00 1.56043e-03 | 1.99950e-01 4.05403e-01 |
   4427 | 6.36223e+00 1.56048e-03 | 1.99977e-01 4.05425e-01 |
   4428 | 6.36379e+00 1.56055e-03 | 2.00004e-01 4.05447e-01 |
   4429 | 6.36535e+00 1.56062e-03 | 2.00030e-01 4.05469e-01 |
   4430 | 6.36691e+00 1.56067e-03 | 2.00057e-01 4.05491e-01 |
   4431 | 6.36847e+00 1.56074e-03 | 2.00084e-01 4.05513e-01 |
   4432 | 6.37004e+00 1.56081e-03 | 2.00111e-01 4.05535e-01 |
   4433 | 6.37160e+00 1.56086e-03 | 2.00137e-01 4.05558e-01 |
   4434 | 6.37316e+00 1.56093e-03 | 2.00164e-01 4.05580e-01 |
   4435 | 6.37472e+00 1.56100e-03 | 2.00191e-01 4.05602e-01 |
   4436 | 6.37628e+00 1.56106e-03 | 2.00218e-01 4.05625e-01 |
   4437 | 6.37784e+00 1.56112e-03 | 2.00245e-01 4.05648e-01 |
   4438 | 6.37940e+00 1.56119e-03 | 2.00272e-01 4.05670e-01 |
   4439 | 6.38096e+00 1.56125e-03 | 2.00299e-01 4.05693e-01 |
   4440 | 6.38252e+00 1.56131e-03 | 2.00326e-01 4.05716e-01 |
   4441 | 6.38409e+00 1.56138e-03 | 2.00353e-01 4.05739e-01 |
   4442 | 6.38565e+00 1.56144e-03 | 2.00381e-01 4.05762e-01 |
   4443 | 6.38721e+00 1.56150e-03 | 2.00408e-01 4.05785e-01 |
   4444 | 6.38877e+00 1.56157e-03 | 2.00435e-01 4.05808e-01 |
   4445 | 6.39033e+00 1.56163e-03 | 2.00463e-01 4.05831e-01 |
   4446 | 6.39120e+00 8.63713e-04 | 2.00478e-01 4.05845e-01 |
   4447 | 6.39276e+00 1.56173e-03 | 2.00505e-01 4.05868e-01 |
   4448 | 6.39432e+00 1.56179e-03 | 2.00533e-01 4.05891e-01 |
   4449 | 6.39588e+00 1.56185e-03 | 2.00560e-01 4.05915e-01 |
   4450 | 6.39744e+00 1.56192e-03 | 2.00588e-01 4.05938e-01 |
   4451 | 6.39900e+00 1.56198e-03 | 2.00615e-01 4.05962e-01 |
   4452 | 6.40057e+00 1.56204e-03 | 2.00643e-01 4.05986e-01 |
   4453 | 6.40213e+00 1.56211e-03 | 2.00670e-01 4.06009e-01 |
   4454 | 6.40369e+00 1.56217e-03 | 2.00698e-01 4.06033e-01 |
   4455 | 6.40525e+00 1.56223e-03 | 2.00726e-01 4.06057e-01 |
   4456 | 6.40682e+00 1.56230e-03 | 2.00754e-01 4.06081e-01 |
   4457 | 6.40838e+00 1.56236e-03 | 2.00781e-01 4.06105e-01 |
   4458 | 6.40994e+00 1.56241e-03 | 2.00809e-01 4.06130e-01 |
   4459 | 6.41150e+00 1.56248e-03 | 2.00837e-01 4.06154e-01 |
   4460 | 6.41307e+00 1.56254e-03 | 2.00865e-01 4.06178e-01 |
   4461 | 6.41463e+00 1.56260e-03 | 2.00893e-01 4.06203e-01 |
   4462 | 6.41619e+00 1.56267e-03 | 2.00921e-01 4.06227e-01 |
   4463 | 6.41775e+00 1.56273e-03 | 2.00949e-01 4.06252e-01 |
   4464 | 6.41932e+00 1.56279e-03 | 2.00977e-01 4.06276e-01 |
   4465 | 6.42088e+00 1.56286e-03 | 2.01006e-01 4.06301e-01 |
   4466 | 6.42244e+00 1.56292e-03 | 2.01034e-01 4.06326e-01 |
   4467 | 6.42400e+00 1.56298e-03 | 2.01062e-01 4.06351e-01 |
   4468 | 6.42557e+00 1.56305e-03 | 2.01090e-01 4.06376e-01 |
   4469 | 6.42713e+00 1.56310e-03 | 2.01119e-01 4.06401e-01 |
   4470 | 6.42869e+00 1.56316e-03 | 2.01147e-01 4.06426e-01 |
   4471 | 6.43026e+00 1.56323e-03 | 2.01175e-01 4.06451e-01 |
   4472 | 6.43182e+00 1.56329e-03 | 2.01204e-01 4.06477e-01 |
   4473 | 6.43338e+00 1.56335e-03 | 2.01232e-01 4.06502e-01 |
   4474 | 6.43495e+00 1.56342e-03 | 2.01261e-01 4.06527e-01 |
   4475 | 6.43651e+00 1.56348e-03 | 2.01290e-01 4.06553e-01 |
   4476 | 6.43807e+00 1.56353e-03 | 2.01318e-01 4.06579e-01 |
   4477 | 6.43964e+00 1.56360e-03 | 2.01347e-01 4.06604e-01 |
   4478 | 6.44120e+00 1.56366e-03 | 2.01376e-01 4.06630e-01 |
   4479 | 6.44277e+00 1.56372e-03 | 2.01404e-01 4.06656e-01 |
   4480 | 6.44433e+00 1.56379e-03 | 2.01433e-01 4.06682e-01 |
   4481 | 6.44589e+00 1.56385e-03 | 2.01462e-01 4.06708e-01 |
   4482 | 6.44746e+00 1.56390e-03 | 2.01491e-01 4.06734e-01 |
   4483 | 6.44902e+00 1.56397e-03 | 2.01520e-01 4.06760e-01 |
   4484 | 6.45058e+00 1.56403e-03 | 2.01549e-01 4.06786e-01 |
   4485 | 6.45215e+00 1.56409e-03 | 2.01578e-01 4.06813e-01 |
   4486 | 6.45371e+00 1.56416e-03 | 2.01607e-01 4.06839e-01 |
   4487 | 6.45447e+00 7.61335e-04 | 2.01622e-01 4.06852e-01 |
   4488 | 6.45604e+00 1.56424e-03 | 2.01650e-01 4.06879e-01 |
   4489 | 6.45760e+00 1.56430e-03 | 2.01680e-01 4.06905e-01 |
   4490 | 6.45917e+00 1.56437e-03 | 2.01709e-01 4.06932e-01 |
   4491 | 6.46073e+00 1.56443e-03 | 2.01738e-01 4.06959e-01 |
   4492 | 6.46230e+00 1.56449e-03 | 2.01767e-01 4.06986e-01 |
   4493 | 6.46386e+00 1.56456e-03 | 2.01797e-01 4.07013e-01 |
   4494 | 6.46543e+00 1.56461e-03 | 2.01826e-01 4.07040e-01 |
   4495 | 6.46699e+00 1.56467e-03 | 2.01856e-01 4.07067e-01 |
   4496 | 6.46855e+00 1.56474e-03 | 2.01885e-01 4.07094e-01 |
   4497 | 6.47012e+00 1.56479e-03 | 2.01915e-01 4.07121e-01 |
   4498 | 6.47168e+00 1.56485e-03 | 2.01944e-01 4.07148e-01 |
   4499 | 6.47325e+00 1.56492e-03 | 2.01974e-01 4.07176e-01 |
   4500 | 6.47481e+00 1.56497e-03 | 2.02004e-01 4.07203e-01 |
   4501 | 6.47638e+00 1.56503e-03 | 2.02033e-01 4.07231e-01 |
   4502 | 6.47794e+00 1.56510e-03 | 2.02063e-01 4.07259e-01 |
   4503 | 6.47951e+00 1.56516e-03 | 2.02093e-01 4.07286e-01 |
   4504 | 6.48108e+00 1.56522e-03 | 2.02123e-01 4.07314e-01 |
   4505 | 6.48264e+00 1.56529e-03 | 2.02153e-01 4.07342e-01 |
   4506 | 6.48421e+00 1.56534e-03 | 2.02183e-01 4.07370e-01 |
   4507 | 6.48577e+00 1.56540e-03 | 2.02213e-01 4.07398e-01 |
   4508 | 6.48734e+00 1.56547e-03 | 2.02243e-01 4.07427e-01 |
   4509 | 6.48890e+00 1.56552e-03 | 2.02273e-01 4.07455e-01 |
   4510 | 6.49047e+00 1.56558e-03 | 2.02303e-01 4.07483e-01 |
   4511 | 6.49203e+00 1.56565e-03 | 2.02333e-01 4.07512e-01 |
   4512 | 6.49360e+00 1.56570e-03 | 2.02364e-01 4.07540e-01 |
   4513 | 6.49516e+00 1.56576e-03 | 2.02394e-01 4.07569e-01 |
   4514 | 6.49673e+00 1.56583e-03 | 2.02424e-01 4.07597e-01 |
   4515 | 6.49830e+00 1.56588e-03 | 2.02455e-01 4.07626e-01 |
   4516 | 6.49986e+00 1.56594e-03 | 2.02485e-01 4.07655e-01 |
   4517 | 6.50143e+00 1.56601e-03 | 2.02516e-01 4.07684e-01 |
   4518 | 6.50299e+00 1.56606e-03 | 2.02546e-01 4.07713e-01 |
   4519 | 6.50456e+00 1.56612e-03 | 2.02577e-01 4.07742e-01 |
   4520 | 6.50613e+00 1.56619e-03 | 2.02607e-01 4.07771e-01 |
   4521 | 6.50769e+00 1.56624e-03 | 2.02638e-01 4.07801e-01 |
   4522 | 6.50926e+00 1.56630e-03 | 2.02669e-01 4.07830e-01 |
   4523 | 6.51083e+00 1.56637e-03 | 2.02699e-01 4.07859e-01 |
   4524 | 6.51239e+00 1.56642e-03 | 2.02730e-01 4.07889e-01 |
   4525 | 6.51396e+00 1.56647e-03 | 2.02761e-01 4.07919e-01 |
   4526 | 6.51553e+00 1.56654e-03 | 2.02792e-01 4.07948e-01 |
   4527 | 6.51709e+00 1.56659e-03 | 2.02823e-01 4.07978e-01 |
   4528 | 6.51775e+00 6.62081e-04 | 2.02837e-01 4.07991e-01 |
   4529 | 6.51932e+00 1.56668e-03 | 2.02867e-01 4.08021e-01 |
   4530 | 6.52089e+00 1.56674e-03 | 2.02898e-01 4.08051e-01 |
   4531 | 6.52245e+00 1.56680e-03 | 2.02929e-01 4.08081e-01 |
   4532 | 6.52402e+00 1.56686e-03 | 2.02960e-01 4.08111e-01 |
   4533 | 6.52559e+00 1.56692e-03 | 2.02992e-01 4.08141e-01 |
   4534 | 6.52715e+00 1.56697e-03 | 2.03023e-01 4.08171e-01 |
   4535 | 6.52872e+00 1.56703e-03 | 2.03054e-01 4.08202e-01 |
   4536 | 6.53029e+00 1.56710e-03 | 2.03085e-01 4.08232e-01 |
   4537 | 6.53186e+00 1.56715e-03 | 2.03117e-01 4.08263e-01 |
   4538 | 6.53342e+00 1.56721e-03 | 2.03148e-01 4.08294e-01 |
   4539 | 6.53499e+00 1.56727e-03 | 2.03180e-01 4.08325e-01 |
   4540 | 6.53656e+00 1.56733e-03 | 2.03211e-01 4.08355e-01 |
   4541 | 6.53813e+00 1.56739e-03 | 2.03243e-01 4.08386e-01 |
   4542 | 6.53969e+00 1.56745e-03 | 2.03274e-01 4.08417e-01 |
   4543 | 6.54126e+00 1.56750e-03 | 2.03306e-01 4.08449e-01 |
   4544 | 6.54283e+00 1.56756e-03 | 2.03338e-01 4.08480e-01 |
   4545 | 6.54440e+00 1.56763e-03 | 2.03370e-01 4.08511e-01 |
   4546 | 6.54596e+00 1.56768e-03 | 2.03402e-01 4.08542e-01 |
   4547 | 6.54753e+00 1.56774e-03 | 2.03433e-01 4.08574e-01 |
   4548 | 6.54910e+00 1.56780e-03 | 2.03465e-01 4.08605e-01 |
   4549 | 6.55067e+00 1.56785e-03 | 2.03497e-01 4.08637e-01 |
   4550 | 6.55223e+00 1.56791e-03 | 2.03529e-01 4.08669e-01 |
   4551 | 6.55380e+00 1.56798e-03 | 2.03561e-01 4.08701e-01 |
   4552 | 6.55537e+00 1.56803e-03 | 2.03594e-01 4.08733e-01 |
   4553 | 6.55694e+00 1.56809e-03 | 2.03626e-01 4.08765e-01 |
   4554 | 6.55851e+00 1.56815e-03 | 2.03658e-01 4.08797e-01 |
   4555 | 6.56007e+00 1.56820e-03 | 2.03690e-01 4.08829e-01 |
   4556 | 6.56164e+00 1.56826e-03 | 2.03722e-01 4.08861e-01 |
   4557 | 6.56321e+00 1.56833e-03 | 2.03755e-01 4.08894e-01 |
   4558 | 6.56478e+00 1.56837e-03 | 2.03787e-01 4.08926e-01 |
   4559 | 6.56635e+00 1.56843e-03 | 2.03820e-01 4.08959e-01 |
   4560 | 6.56792e+00 1.56850e-03 | 2.03852e-01 4.08991e-01 |
   4561 | 6.56949e+00 1.56855e-03 | 2.03885e-01 4.09024e-01 |
   4562 | 6.57105e+00 1.56861e-03 | 2.03917e-01 4.09057e-01 |
   4563 | 6.57262e+00 1.56867e-03 | 2.03950e-01 4.09090e-01 |
   4564 | 6.57419e+00 1.56872e-03 | 2.03983e-01 4.09123e-01 |
   4565 | 6.57576e+00 1.56878e-03 | 2.04016e-01 4.09156e-01 |
   4566 | 6.57733e+00 1.56884e-03 | 2.04048e-01 4.09189e-01 |
   4567 | 6.57890e+00 1.56889e-03 | 2.04081e-01 4.09222e-01 |
   4568 | 6.58047e+00 1.56895e-03 | 2.04114e-01 4.09256e-01 |
   4569 | 6.58103e+00 5.66238e-04 | 2.04127e-01 4.09268e-01 |
   4570 | 6.58260e+00 1.56903e-03 | 2.04159e-01 4.09301e-01 |
   4571 | 6.58417e+00 1.56908e-03 | 2.04192e-01 4.09335e-01 |
   4572 | 6.58574e+00 1.56915e-03 | 2.04225e-01 4.09369e-01 |
   4573 | 6.58731e+00 1.56920e-03 | 2.04258e-01 4.09402e-01 |
   4574 | 6.58888e+00 1.56925e-03 | 2.04291e-01 4.09436e-01 |
   4575 | 6.59045e+00 1.56932e-03 | 2.04325e-01 4.09470e-01 |
   4576 | 6.59202e+00 1.56937e-03 | 2.04358e-01 4.09504e-01 |
   4577 | 6.59359e+00 1.56943e-03 | 2.04391e-01 4.09538e-01 |
   4578 | 6.59516e+00 1.56949e-03 | 2.04425e-01 4.09572e-01 |
   4579 | 6.59673e+00 1.56955e-03 | 2.04458e-01 4.09607e-01 |
   4580 | 6.59830e+00 1.56960e-03 | 2.04492e-01 4.09641e-01 |
   4581 | 6.59987e+00 1.56966e-03 | 2.04525e-01 4.09676e-01 |
   4582 | 6.60143e+00 1.56972e-03 | 2.04559e-01 4.09710e-01 |
   4583 | 6.60300e+00 1.56976e-03 | 2.04592e-01 4.09745e-01 |
   4584 | 6.60457e+00 1.56983e-03 | 2.04626e-01 4.09780e-01 |
   4585 | 6.60614e+00 1.56988e-03 | 2.04660e-01 4.09815e-01 |
   4586 | 6.60771e+00 1.56993e-03 | 2.04694e-01 4.09850e-01 |
   4587 | 6.60928e+00 1.56999e-03 | 2.04727e-01 4.09885e-01 |
   4588 | 6.61085e+00 1.57005e-03 | 2.04761e-01 4.09920e-01 |
   4589 | 6.61242e+00 1.57010e-03 | 2.04795e-01 4.09955e-01 |
   4590 | 6.61399e+00 1.57016e-03 | 2.04829e-01 4.09990e-01 |
   4591 | 6.61556e+00 1.57022e-03 | 2.04863e-01 4.10026e-01 |
   4592 | 6.61713e+00 1.57027e-03 | 2.04898e-01 4.10061e-01 |
   4593 | 6.61871e+00 1.57033e-03 | 2.04932e-01 4.10097e-01 |
   4594 | 6.62028e+00 1.57039e-03 | 2.04966e-01 4.10133e-01 |
   4595 | 6.62185e+00 1.57044e-03 | 2.05000e-01 4.10169e-01 |
   4596 | 6.62342e+00 1.57050e-03 | 2.05034e-01 4.10205e-01 |
   4597 | 6.62499e+00 1.57056e-03 | 2.05069e-01 4.10241e-01 |
   4598 | 6.62656e+00 1.57061e-03 | 2.05103e-01 4.10277e-01 |
   4599 | 6.62813e+00 1.57066e-03 | 2.05138e-01 4.10313e-01 |
   4600 | 6.62970e+00 1.57072e-03 | 2.05172e-01 4.10349e-01 |
   4601 | 6.63127e+00 1.57077e-03 | 2.05207e-01 4.10386e-01 |
   4602 | 6.63284e+00 1.57083e-03 | 2.05241e-01 4.10422e-01 |
   4603 | 6.63441e+00 1.57089e-03 | 2.05276e-01 4.10459e-01 |
   4604 | 6.63598e+00 1.57094e-03 | 2.05311e-01 4.10495e-01 |
   4605 | 6.63755e+00 1.57100e-03 | 2.05346e-01 4.10532e-01 |
   4606 | 6.63912e+00 1.57106e-03 | 2.05380e-01 4.10569e-01 |
   4607 | 6.64070e+00 1.57110e-03 | 2.05415e-01 4.10606e-01 |
   4608 | 6.64227e+00 1.57116e-03 | 2.05450e-01 4.10643e-01 |
   4609 | 6.64384e+00 1.57122e-03 | 2.05485e-01 4.10680e-01 |
   4610 | 6.64431e+00 4.73935e-04 | 2.05497e-01 4.10692e-01 |
   4611 | 6.64588e+00 1.57128e-03 | 2.05531e-01 4.10729e-01 |
   4612 | 6.64745e+00 1.57135e-03 | 2.05566e-01 4.10766e-01 |
   4613 | 6.64903e+00 1.57140e-03 | 2.05601e-01 4.10803e-01 |
   4614 | 6.65060e+00 1.57145e-03 | 2.05637e-01 4.10841e-01 |
   4615 | 6.65217e+00 1.57151e-03 | 2.05672e-01 4.10879e-01 |
   4616 | 6.65374e+00 1.57156e-03 | 2.05707e-01 4.10916e-01 |
   4617 | 6.65531e+00 1.57161e-03 | 2.05743e-01 4.10954e-01 |
   4618 | 6.65688e+00 1.57167e-03 | 2.05778e-01 4.10992e-01 |
   4619 | 6.65846e+00 1.57173e-03 | 2.05813e-01 4.11030e-01 |
   4620 | 6.66003e+00 1.57178e-03 | 2.05849e-01 4.11069e-01 |
   4621 | 6.66160e+00 1.57184e-03 | 2.05885e-01 4.11107e-01 |
   4622 | 6.66317e+00 1.57189e-03 | 2.05920e-01 4.11145e-01 |
   4623 | 6.66474e+00 1.57194e-03 | 2.05956e-01 4.11184e-01 |
   4624 | 6.66632e+00 1.57200e-03 | 2.05992e-01 4.11222e-01 |
   4625 | 6.66789e+00 1.57205e-03 | 2.06028e-01 4.11261e-01 |
   4626 | 6.66946e+00 1.57210e-03 | 2.06063e-01 4.11300e-01 |
   4627 | 6.67103e+00 1.57216e-03 | 2.06099e-01 4.11338e-01 |
   4628 | 6.67260e+00 1.57222e-03 | 2.06135e-01 4.11377e-01 |
   4629 | 6.67418e+00 1.57226e-03 | 2.06171e-01 4.11416e-01 |
   4630 | 6.67575e+00 1.57232e-03 | 2.06208e-01 4.11456e-01 |
   4631 | 6.67732e+00 1.57238e-03 | 2.06244e-01 4.11495e-01 |
   4632 | 6.67889e+00 1.57242e-03 | 2.06280e-01 4.11534e-01 |
   4633 | 6.68047e+00 1.57248e-03 | 2.06316e-01 4.11574e-01 |
   4634 | 6.68204e+00 1.57254e-03 | 2.06352e-01 4.11613e-01 |
   4635 | 6.68361e+00 1.57259e-03 | 2.06389e-01 4.11653e-01 |
   4636 | 6.68518e+00 1.57264e-03 | 2.06425e-01 4.11693e-01 |
   4637 | 6.68676e+00 1.57270e-03 | 2.06462e-01 4.11732e-01 |
   4638 | 6.68833e+00 1.57275e-03 | 2.06498e-01 4.11772e-01 |
   4639 | 6.68990e+00 1.57280e-03 | 2.06535e-01 4.11812e-01 |
   4640 | 6.69147e+00 1.57286e-03 | 2.06572e-01 4.11853e-01 |
   4641 | 6.69305e+00 1.57291e-03 | 2.06608e-01 4.11893e-01 |
   4642 | 6.69462e+00 1.57296e-03 | 2.06645e-01 4.11933e-01 |
   4643 | 6.69619e+00 1.57302e-03 | 2.06682e-01 4.11974e-01 |
   4644 | 6.69777e+00 1.57306e-03 | 2.06719e-01 4.12014e-01 |
   4645 | 6.69934e+00 1.57312e-03 | 2.06756e-01 4.12055e-01 |
   4646 | 6.70091e+00 1.57318e-03 | 2.06793e-01 4.12096e-01 |
   4647 | 6.70249e+00 1.57322e-03 | 2.06830e-01 4.12137e-01 |
   4648 | 6.70406e+00 1.57328e-03 | 2.06867e-01 4.12178e-01 |
   4649 | 6.70563e+00 1.57334e-03 | 2.06904e-01 4.12219e-01 |
   4650 | 6.70721e+00 1.57338e-03 | 2.06941e-01 4.12260e-01 |
   4651 | 6.70759e+00 3.85408e-04 | 2.06951e-01 4.12271e-01 |
   4652 | 6.70916e+00 1.57345e-03 | 2.06988e-01 4.12311e-01 |
   4653 | 6.71074e+00 1.57351e-03 | 2.07025e-01 4.12353e-01 |
   4654 | 6.71231e+00 1.57355e-03 | 2.07062e-01 4.12394e-01 |
   4655 | 6.71389e+00 1.57361e-03 | 2.07100e-01 4.12436e-01 |
   4656 | 6.71546e+00 1.57366e-03 | 2.07137e-01 4.12477e-01 |
   4657 | 6.71703e+00 1.57371e-03 | 2.07175e-01 4.12519e-01 |
   4658 | 6.71861e+00 1.57376e-03 | 2.07212e-01 4.12561e-01 |
   4659 | 6.72018e+00 1.57382e-03 | 2.07250e-01 4.12603e-01 |
   4660 | 6.72175e+00 1.57386e-03 | 2.07288e-01 4.12645e-01 |
   4661 | 6.72333e+00 1.57392e-03 | 2.07326e-01 4.12688e-01 |
   4662 | 6.72490e+00 1.57398e-03 | 2.07364e-01 4.12730e-01 |
   4663 | 6.72648e+00 1.57402e-03 | 2.07401e-01 4.12772e-01 |
   4664 | 6.72805e+00 1.57407e-03 | 2.07439e-01 4.12815e-01 |
   4665 | 6.72962e+00 1.57413e-03 | 2.07477e-01 4.12858e-01 |
   4666 | 6.73120e+00 1.57417e-03 | 2.07516e-01 4.12900e-01 |
   4667 | 6.73277e+00 1.57423e-03 | 2.07554e-01 4.12943e-01 |
   4668 | 6.73435e+00 1.57429e-03 | 2.07592e-01 4.12986e-01 |
   4669 | 6.73592e+00 1.57433e-03 | 2.07630e-01 4.13029e-01 |
   4670 | 6.73750e+00 1.57438e-03 | 2.07668e-01 4.13072e-01 |
   4671 | 6.73907e+00 1.57444e-03 | 2.07707e-01 4.13116e-01 |
   4672 | 6.74064e+00 1.57448e-03 | 2.07745e-01 4.13159e-01 |
   4673 | 6.74222e+00 1.57454e-03 | 2.07784e-01 4.13203e-01 |
   4674 | 6.74379e+00 1.57460e-03 | 2.07822e-01 4.13246e-01 |
   4675 | 6.74537e+00 1.57464e-03 | 2.07861e-01 4.13290e-01 |
   4676 | 6.74694e+00 1.57469e-03 | 2.07900e-01 4.13334e-01 |
   4677 | 6.74852e+00 1.57475e-03 | 2.07938e-01 4.13378e-01 |
   4678 | 6.75009e+00 1.57479e-03 | 2.07977e-01 4.13422e-01 |
   4679 | 6.75167e+00 1.57484e-03 | 2.08016e-01 4.13466e-01 |
   4680 | 6.75324e+00 1.57490e-03 | 2.08055e-01 4.13510e-01 |
   4681 | 6.75482e+00 1.57494e-03 | 2.08094e-01 4.13554e-01 |
   4682 | 6.75639e+00 1.57499e-03 | 2.08133e-01 4.13599e-01 |
   4683 | 6.75797e+00 1.57505e-03 | 2.08172e-01 4.13643e-01 |
   4684 | 6.75954e+00 1.57509e-03 | 2.08211e-01 4.13688e-01 |
   4685 | 6.76112e+00 1.57515e-03 | 2.08250e-01 4.13733e-01 |
   4686 | 6.76269e+00 1.57521e-03 | 2.08289e-01 4.13778e-01 |
   4687 | 6.76427e+00 1.57525e-03 | 2.08329e-01 4.13823e-01 |
   4688 | 6.76584e+00 1.57530e-03 | 2.08368e-01 4.13868e-01 |
   4689 | 6.76742e+00 1.57536e-03 | 2.08408e-01 4.13913e-01 |
   4690 | 6.76899e+00 1.57540e-03 | 2.08447e-01 4.13958e-01 |
   4691 | 6.77057e+00 1.57545e-03 | 2.08487e-01 4.14004e-01 |
   4692 | 6.77087e+00 3.00861e-04 | 2.08495e-01 4.14014e-01 |
   4693 | 6.77245e+00 1.57551e-03 | 2.08534e-01 4.14058e-01 |
   4694 | 6.77402e+00 1.57555e-03 | 2.08574e-01 4.14104e-01 |
   4695 | 6.77560e+00 1.57561e-03 | 2.08613e-01 4.14150e-01 |
   4696 | 6.77717e+00 1.57566e-03 | 2.08653e-01 4.14195e-01 |
   4697 | 6.77875e+00 1.57570e-03 | 2.08693e-01 4.14242e-01 |
   4698 | 6.78032e+00 1.57576e-03 | 2.08733e-01 4.14288e-01 |
   4699 | 6.78190e+00 1.57581e-03 | 2.08773e-01 4.14334e-01 |
   4700 | 6.78348e+00 1.57585e-03 | 2.08813e-01 4.14380e-01 |
   4701 | 6.78505e+00 1.57590e-03 | 2.08853e-01 4.14427e-01 |
   4702 | 6.78663e+00 1.57596e-03 | 2.08893e-01 4.14473e-01 |
   4703 | 6.78820e+00 1.57600e-03 | 2.08933e-01 4.14520e-01 |
   4704 | 6.78978e+00 1.57605e-03 | 2.08974e-01 4.14567e-01 |
   4705 | 6.79136e+00 1.57611e-03 | 2.09014e-01 4.14614e-01 |
   4706 | 6.79293e+00 1.57615e-03 | 2.09055e-01 4.14661e-01 |
   4707 | 6.79451e+00 1.57620e-03 | 2.09095e-01 4.14708e-01 |
   4708 | 6.79608e+00 1.57626e-03 | 2.09136e-01 4.14755e-01 |
   4709 | 6.79766e+00 1.57630e-03 | 2.09176e-01 4.14802e-01 |
   4710 | 6.79924e+00 1.57634e-03 | 2.09217e-01 4.14850e-01 |
   4711 | 6.80081e+00 1.57641e-03 | 2.09258e-01 4.14897e-01 |
   4712 | 6.80239e+00 1.57644e-03 | 2.09298e-01 4.14945e-01 |
   4713 | 6.80397e+00 1.57649e-03 | 2.09339e-01 4.14993e-01 |
   4714 | 6.80554e+00 1.57655e-03 | 2.09380e-01 4.15041e-01 |
   4715 | 6.80712e+00 1.57659e-03 | 2.09421e-01 4.15089e-01 |
   4716 | 6.80870e+00 1.57664e-03 | 2.09462e-01 4.15137e-01 |
   4717 | 6.81027e+00 1.57670e-03 | 2.09503e-01 4.15185e-01 |
   4718 | 6.81185e+00 1.57673e-03 | 2.09544e-01 4.15233e-01 |
   4719 | 6.81343e+00 1.57678e-03 | 2.09586e-01 4.15282e-01 |
   4720 | 6.81500e+00 1.57684e-03 | 2.09627e-01 4.15330e-01 |
   4721 | 6.81658e+00 1.57688e-03 | 2.09668e-01 4.15379e-01 |
   4722 | 6.81816e+00 1.57692e-03 | 2.09710e-01 4.15428e-01 |
   4723 | 6.81973e+00 1.57698e-03 | 2.09751e-01 4.15477e-01 |
   4724 | 6.82131e+00 1.57702e-03 | 2.09793e-01 4.15526e-01 |
   4725 | 6.82289e+00 1.57707e-03 | 2.09834e-01 4.15575e-01 |
   4726 | 6.82447e+00 1.57713e-03 | 2.09876e-01 4.15624e-01 |
   4727 | 6.82604e+00 1.57717e-03 | 2.09918e-01 4.15674e-01 |
   4728 | 6.82762e+00 1.57721e-03 | 2.09959e-01 4.15723e-01 |
   4729 | 6.82920e+00 1.57727e-03 | 2.10001e-01 4.15773e-01 |
   4730 | 6.83077e+00 1.57731e-03 | 2.10043e-01 4.15822e-01 |
   4731 | 6.83235e+00 1.57735e-03 | 2.10085e-01 4.15872e-01 |
   4732 | 6.83393e+00 1.57741e-03 | 2.10127e-01 4.15922e-01 |
   4733 | 6.83415e+00 2.20543e-04 | 2.10134e-01 4.15931e-01 |
   4734 | 6.83573e+00 1.57746e-03 | 2.10175e-01 4.15979e-01 |
   4735 | 6.83730e+00 1.57750e-03 | 2.10217e-01 4.16029e-01 |
   4736 | 6.83888e+00 1.57756e-03 | 2.10260e-01 4.16080e-01 |
   4737 | 6.84046e+00 1.57760e-03 | 2.10302e-01 4.16130e-01 |
   4738 | 6.84204e+00 1.57764e-03 | 2.10344e-01 4.16181e-01 |
   4739 | 6.84361e+00 1.57770e-03 | 2.10387e-01 4.16231e-01 |
   4740 | 6.84519e+00 1.57774e-03 | 2.10429e-01 4.16282e-01 |
   4741 | 6.84677e+00 1.57778e-03 | 2.10472e-01 4.16333e-01 |
   4742 | 6.84835e+00 1.57784e-03 | 2.10514e-01 4.16384e-01 |
   4743 | 6.84993e+00 1.57788e-03 | 2.10557e-01 4.16435e-01 |
   4744 | 6.85150e+00 1.57792e-03 | 2.10600e-01 4.16487e-01 |
   4745 | 6.85308e+00 1.57798e-03 | 2.10643e-01 4.16538e-01 |
   4746 | 6.85466e+00 1.57802e-03 | 2.10686e-01 4.16589e-01 |
   4747 | 6.85624e+00 1.57806e-03 | 2.10729e-01 4.16641e-01 |
   4748 | 6.85782e+00 1.57812e-03 | 2.10772e-01 4.16693e-01 |
   4749 | 6.85939e+00 1.57816e-03 | 2.10815e-01 4.16745e-01 |
   4750 | 6.86097e+00 1.57820e-03 | 2.10858e-01 4.16797e-01 |
   4751 | 6.86255e+00 1.57825e-03 | 2.10901e-01 4.16849e-01 |
   4752 | 6.86413e+00 1.57830e-03 | 2.10944e-01 4.16901e-01 |
   4753 | 6.86571e+00 1.57834e-03 | 2.10988e-01 4.16953e-01 |
   4754 | 6.86729e+00 1.57839e-03 | 2.11031e-01 4.17006e-01 |
   4755 | 6.86886e+00 1.57843e-03 | 2.11075e-01 4.17058e-01 |
   4756 | 6.87044e+00 1.57847e-03 | 2.11118e-01 4.17111e-01 |
   4757 | 6.87202e+00 1.57853e-03 | 2.11162e-01 4.17164e-01 |
   4758 | 6.87360e+00 1.57857e-03 | 2.11205e-01 4.17217e-01 |
   4759 | 6.87518e+00 1.57861e-03 | 2.11249e-01 4.17270e-01 |
   4760 | 6.87676e+00 1.57866e-03 | 2.11293e-01 4.17323e-01 |
   4761 | 6.87834e+00 1.57871e-03 | 2.11337e-01 4.17376e-01 |
   4762 | 6.87991e+00 1.57875e-03 | 2.11381e-01 4.17430e-01 |
   4763 | 6.88149e+00 1.57880e-03 | 2.11425e-01 4.17483e-01 |
   4764 | 6.88307e+00 1.57884e-03 | 2.11469e-01 4.17537e-01 |
   4765 | 6.88465e+00 1.57888e-03 | 2.11513e-01 4.17591e-01 |
   4766 | 6.88623e+00 1.57893e-03 | 2.11557e-01 4.17644e-01 |
   4767 | 6.88781e+00 1.57898e-03 | 2.11602e-01 4.17698e-01 |
   4768 | 6.88939e+00 1.57902e-03 | 2.11646e-01 4.17753e-01 |
   4769 | 6.89097e+00 1.57907e-03 | 2.11690e-01 4.17807e-01 |
   4770 | 6.89255e+00 1.57911e-03 | 2.11735e-01 4.17861e-01 |
   4771 | 6.89413e+00 1.57915e-03 | 2.11779e-01 4.17916e-01 |
   4772 | 6.89570e+00 1.57920e-03 | 2.11824e-01 4.17970e-01 |
   4773 | 6.89728e+00 1.57925e-03 | 2.11869e-01 4.18025e-01 |
   4774 | 6.89743e+00 1.44761e-04 | 2.11874e-01 4.18032e-01 |
   4775 | 6.89901e+00 1.57929e-03 | 2.11918e-01 4.18085e-01 |
   4776 | 6.90059e+00 1.57934e-03 | 2.11962e-01 4.18140e-01 |
   4777 | 6.90217e+00 1.57938e-03 | 2.12007e-01 4.18195e-01 |
   4778 | 6.90375e+00 1.57942e-03 | 2.12052e-01 4.18250e-01 |
   4779 | 6.90533e+00 1.57947e-03 | 2.12097e-01 4.18306e-01 |
   4780 | 6.90691e+00 1.57952e-03 | 2.12142e-01 4.18361e-01 |
   4781 | 6.90848e+00 1.57955e-03 | 2.12188e-01 4.18417e-01 |
   4782 | 6.91006e+00 1.57960e-03 | 2.12233e-01 4.18473e-01 |
   4783 | 6.91164e+00 1.57965e-03 | 2.12278e-01 4.18529e-01 |
   4784 | 6.91322e+00 1.57968e-03 | 2.12323e-01 4.18585e-01 |
   4785 | 6.91480e+00 1.57973e-03 | 2.12369e-01 4.18641e-01 |
   4786 | 6.91638e+00 1.57978e-03 | 2.12414e-01 4.18697e-01 |
   4787 | 6.91796e+00 1.57981e-03 | 2.12460e-01 4.18753e-01 |
   4788 | 6.91954e+00 1.57986e-03 | 2.12506e-01 4.18810e-01 |
   4789 | 6.92112e+00 1.57991e-03 | 2.12551e-01 4.18866e-01 |
   4790 | 6.92270e+00 1.57994e-03 | 2.12597e-01 4.18923e-01 |
   4791 | 6.92428e+00 1.57999e-03 | 2.12643e-01 4.18980e-01 |
   4792 | 6.92586e+00 1.58004e-03 | 2.12689e-01 4.19037e-01 |
   4793 | 6.92744e+00 1.58007e-03 | 2.12735e-01 4.19094e-01 |
   4794 | 6.92902e+00 1.58012e-03 | 2.12781e-01 4.19152e-01 |
   4795 | 6.93060e+00 1.58017e-03 | 2.12827e-01 4.19209e-01 |
   4796 | 6.93218e+00 1.58020e-03 | 2.12873e-01 4.19266e-01 |
   4797 | 6.93376e+00 1.58025e-03 | 2.12920e-01 4.19324e-01 |
   4798 | 6.93534e+00 1.58030e-03 | 2.12966e-01 4.19382e-01 |
   4799 | 6.93692e+00 1.58033e-03 | 2.13012e-01 4.19440e-01 |
   4800 | 6.93850e+00 1.58037e-03 | 2.13059e-01 4.19498e-01 |
   4801 | 6.94008e+00 1.58043e-03 | 2.13105e-01 4.19556e-01 |
   4802 | 6.94167e+00 1.58046e-03 | 2.13152e-01 4.19614e-01 |
   4803 | 6.94325e+00 1.58050e-03 | 2.13199e-01 4.19673e-01 |
   4804 | 6.94483e+00 1.58056e-03 | 2.13246e-01 4.19731e-01 |
   4805 | 6.94641e+00 1.58058e-03 | 2.13292e-01 4.19790e-01 |
   4806 | 6.94799e+00 1.58063e-03 | 2.13339e-01 4.19849e-01 |
   4807 | 6.94957e+00 1.58068e-03 | 2.13386e-01 4.19908e-01 |
   4808 | 6.95115e+00 1.58071e-03 | 2.13433e-01 4.19967e-01 |
   4809 | 6.95273e+00 1.58075e-03 | 2.13481e-01 4.20026e-01 |
   4810 | 6.95431e+00 1.58081e-03 | 2.13528e-01 4.20085e-01 |
   4811 | 6.95589e+00 1.58084e-03 | 2.13575e-01 4.20145e-01 |
   4812 | 6.95747e+00 1.58088e-03 | 2.13622e-01 4.20204e-01 |
   4813 | 6.95905e+00 1.58093e-03 | 2.13670e-01 4.20264e-01 |
   4814 | 6.96063e+00 1.58096e-03 | 2.13717e-01 4.20324e-01 |
   4815 | 6.96071e+00 7.36604e-05 | 2.13721e-01 4.20329e-01 |
   4816 | 6.96229e+00 1.58100e-03 | 2.13767e-01 4.20387e-01 |
   4817 | 6.96387e+00 1.58105e-03 | 2.13815e-01 4.20447e-01 |
   4818 | 6.96545e+00 1.58109e-03 | 2.13862e-01 4.20507e-01 |
   4819 | 6.96703e+00 1.58112e-03 | 2.13910e-01 4.20567e-01 |
   4820 | 6.96861e+00 1.58118e-03 | 2.13958e-01 4.20628e-01 |
   4821 | 6.97019e+00 1.58121e-03 | 2.14006e-01 4.20688e-01 |
   4822 | 6.97178e+00 1.58125e-03 | 2.14054e-01 4.20749e-01 |
   4823 | 6.97336e+00 1.58130e-03 | 2.14102e-01 4.20810e-01 |
   4824 | 6.97494e+00 1.58133e-03 | 2.14150e-01 4.20871e-01 |
   4825 | 6.97652e+00 1.58137e-03 | 2.14198e-01 4.20932e-01 |
   4826 | 6.97810e+00 1.58142e-03 | 2.14247e-01 4.20994e-01 |
   4827 | 6.97968e+00 1.58145e-03 | 2.14295e-01 4.21055e-01 |
   4828 | 6.98126e+00 1.58149e-03 | 2.14343e-01 4.21117e-01 |
   4829 | 6.98285e+00 1.58154e-03 | 2.14392e-01 4.21178e-01 |
   4830 | 6.98443e+00 1.58158e-03 | 2.14441e-01 4.21240e-01 |
   4831 | 6.98601e+00 1.58161e-03 | 2.14489e-01 4.21302e-01 |
   4832 | 6.98759e+00 1.58166e-03 | 2.14538e-01 4.21364e-01 |
   4833 | 6.98917e+00 1.58170e-03 | 2.14587e-01 4.21426e-01 |
   4834 | 6.99075e+00 1.58173e-03 | 2.14636e-01 4.21489e-01 |
   4835 | 6.99234e+00 1.58178e-03 | 2.14685e-01 4.21551e-01 |
   4836 | 6.99392e+00 1.58182e-03 | 2.14734e-01 4.21614e-01 |
   4837 | 6.99550e+00 1.58185e-03 | 2.14783e-01 4.21677e-01 |
   4838 | 6.99708e+00 1.58190e-03 | 2.14832e-01 4.21740e-01 |
   4839 | 6.99866e+00 1.58194e-03 | 2.14881e-01 4.21803e-01 |
   4840 | 7.00025e+00 1.58197e-03 | 2.14930e-01 4.21866e-01 |
   4841 | 7.00183e+00 1.58201e-03 | 2.14980e-01 4.21929e-01 |
   4842 | 7.00341e+00 1.58205e-03 | 2.15029e-01 4.21993e-01 |
   4843 | 7.00499e+00 1.58208e-03 | 2.15079e-01 4.22056e-01 |
   4844 | 7.00657e+00 1.58213e-03 | 2.15129e-01 4.22120e-01 |
   4845 | 7.00816e+00 1.58217e-03 | 2.15178e-01 4.22184e-01 |
   4846 | 7.00974e+00 1.58220e-03 | 2.15228e-01 4.22248e-01 |
   4847 | 7.01132e+00 1.58224e-03 | 2.15278e-01 4.22312e-01 |
   4848 | 7.01290e+00 1.58229e-03 | 2.15328e-01 4.22376e-01 |
   4849 | 7.01448e+00 1.58232e-03 | 2.15378e-01 4.22441e-01 |
   4850 | 7.01607e+00 1.58236e-03 | 2.15428e-01 4.22505e-01 |
   4851 | 7.01765e+00 1.58241e-03 | 2.15478e-01 4.22570e-01 |
   4852 | 7.01923e+00 1.58243e-03 | 2.15528e-01 4.22635e-01 |
   4853 | 7.02081e+00 1.58247e-03 | 2.15579e-01 4.22700e-01 |
   4854 | 7.02240e+00 1.58252e-03 | 2.15629e-01 4.22765e-01 |
   4855 | 7.02398e+00 1.58255e-03 | 2.15680e-01 4.22830e-01 |
   4856 | 7.02399e+00 7.60786e-06 | 2.15682e-01 4.22833e-01 |
   4857 | 7.02557e+00 1.58259e-03 | 2.15730e-01 4.22896e-01 |
   4858 | 7.02715e+00 1.58264e-03 | 2.15781e-01 4.22961e-01 |
   4859 | 7.02873e+00 1.58266e-03 | 2.15832e-01 4.23027e-01 |
   4860 | 7.03032e+00 1.58270e-03 | 2.15882e-01 4.23093e-01 |
   4861 | 7.03190e+00 1.58275e-03 | 2.15933e-01 4.23159e-01 |
   4862 | 7.03348e+00 1.58278e-03 | 2.15984e-01 4.23225e-01 |
   4863 | 7.03507e+00 1.58281e-03 | 2.16035e-01 4.23291e-01 |
   4864 | 7.03665e+00 1.58286e-03 | 2.16086e-01 4.23357e-01 |
   4865 | 7.03823e+00 1.58289e-03 | 2.16137e-01 4.23424e-01 |
   4866 | 7.03981e+00 1.58292e-03 | 2.16189e-01 4.23491e-01 |
   4867 | 7.04140e+00 1.58298e-03 | 2.16240e-01 4.23557e-01 |
   4868 | 7.04298e+00 1.58300e-03 | 2.16291e-01 4.23624e-01 |
   4869 | 7.04456e+00 1.58304e-03 | 2.16343e-01 4.23691e-01 |
   4870 | 7.04615e+00 1.58309e-03 | 2.16394e-01 4.23759e-01 |
   4871 | 7.04773e+00 1.58311e-03 | 2.16446e-01 4.23826e-01 |
   4872 | 7.04931e+00 1.58315e-03 | 2.16498e-01 4.23894e-01 |
   4873 | 7.05090e+00 1.58320e-03 | 2.16550e-01 4.23961e-01 |
   4874 | 7.05248e+00 1.58322e-03 | 2.16601e-01 4.24029e-01 |
   4875 | 7.05406e+00 1.58326e-03 | 2.16653e-01 4.24097e-01 |
   4876 | 7.05565e+00 1.58330e-03 | 2.16705e-01 4.24165e-01 |
   4877 | 7.05723e+00 1.58333e-03 | 2.16757e-01 4.24233e-01 |
   4878 | 7.05881e+00 1.58336e-03 | 2.16810e-01 4.24302e-01 |
   4879 | 7.06040e+00 1.58341e-03 | 2.16862e-01 4.24370e-01 |
   4880 | 7.06198e+00 1.58344e-03 | 2.16914e-01 4.24439e-01 |
   4881 | 7.06356e+00 1.58347e-03 | 2.16967e-01 4.24508e-01 |
   4882 | 7.06515e+00 1.58352e-03 | 2.17019e-01 4.24576e-01 |
   4883 | 7.06673e+00 1.58355e-03 | 2.17072e-01 4.24646e-01 |
   4884 | 7.06831e+00 1.58358e-03 | 2.17124e-01 4.24715e-01 |
   4885 | 7.06990e+00 1.58362e-03 | 2.17177e-01 4.24784e-01 |
   4886 | 7.07148e+00 1.58366e-03 | 2.17230e-01 4.24854e-01 |
   4887 | 7.07306e+00 1.58369e-03 | 2.17283e-01 4.24923e-01 |
   4888 | 7.07465e+00 1.58373e-03 | 2.17336e-01 4.24993e-01 |
   4889 | 7.07623e+00 1.58376e-03 | 2.17389e-01 4.25063e-01 |
   4890 | 7.07782e+00 1.58379e-03 | 2.17442e-01 4.25133e-01 |
   4891 | 7.07940e+00 1.58383e-03 | 2.17495e-01 4.25203e-01 |
   4892 | 7.08098e+00 1.58387e-03 | 2.17549e-01 4.25274e-01 |
   4893 | 7.08257e+00 1.58390e-03 | 2.17602e-01 4.25344e-01 |
   4894 | 7.08415e+00 1.58394e-03 | 2.17655e-01 4.25415e-01 |
   4895 | 7.08574e+00 1.58397e-03 | 2.17709e-01 4.25486e-01 |
   4896 | 7.08727e+00 1.53080e-03 | 2.17761e-01 4.25555e-01 |
   4897 | 7.08885e+00 1.58404e-03 | 2.17815e-01 4.25626e-01 |
   4898 | 7.09043e+00 1.58408e-03 | 2.17868e-01 4.25697e-01 |
   4899 | 7.09202e+00 1.58410e-03 | 2.17922e-01 4.25768e-01 |
   4900 | 7.09360e+00 1.58414e-03 | 2.17976e-01 4.25840e-01 |
   4901 | 7.09519e+00 1.58418e-03 | 2.18030e-01 4.25912e-01 |
   4902 | 7.09677e+00 1.58421e-03 | 2.18084e-01 4.25984e-01 |
   4903 | 7.09836e+00 1.58424e-03 | 2.18139e-01 4.26056e-01 |
   4904 | 7.09994e+00 1.58429e-03 | 2.18193e-01 4.26128e-01 |
   4905 | 7.10152e+00 1.58431e-03 | 2.18247e-01 4.26200e-01 |
   4906 | 7.10311e+00 1.58434e-03 | 2.18302e-01 4.26273e-01 |
   4907 | 7.10469e+00 1.58439e-03 | 2.18356e-01 4.26345e-01 |
   4908 | 7.10628e+00 1.58441e-03 | 2.18411e-01 4.26418e-01 |
   4909 | 7.10786e+00 1.58444e-03 | 2.18465e-01 4.26491e-01 |
   4910 | 7.10945e+00 1.58449e-03 | 2.18520e-01 4.26564e-01 |
   4911 | 7.11103e+00 1.58451e-03 | 2.18575e-01 4.26637e-01 |
   4912 | 7.11261e+00 1.58454e-03 | 2.18630e-01 4.26711e-01 |
   4913 | 7.11420e+00 1.58459e-03 | 2.18685e-01 4.26784e-01 |
   4914 | 7.11578e+00 1.58461e-03 | 2.18740e-01 4.26858e-01 |
   4915 | 7.11737e+00 1.58464e-03 | 2.18795e-01 4.26932e-01 |
   4916 | 7.11895e+00 1.58469e-03 | 2.18851e-01 4.27006e-01 |
   4917 | 7.12054e+00 1.58471e-03 | 2.18906e-01 4.27080e-01 |
   4918 | 7.12212e+00 1.58474e-03 | 2.18962e-01 4.27154e-01 |
   4919 | 7.12371e+00 1.58479e-03 | 2.19017e-01 4.27229e-01 |
   4920 | 7.12529e+00 1.58481e-03 | 2.19073e-01 4.27303e-01 |
   4921 | 7.12688e+00 1.58484e-03 | 2.19128e-01 4.27378e-01 |
   4922 | 7.12846e+00 1.58488e-03 | 2.19184e-01 4.27453e-01 |
   4923 | 7.13005e+00 1.58490e-03 | 2.19240e-01 4.27528e-01 |
   4924 | 7.13163e+00 1.58493e-03 | 2.19296e-01 4.27603e-01 |
   4925 | 7.13322e+00 1.58498e-03 | 2.19352e-01 4.27679e-01 |
   4926 | 7.13480e+00 1.58500e-03 | 2.19408e-01 4.27754e-01 |
   4927 | 7.13639e+00 1.58503e-03 | 2.19464e-01 4.27830e-01 |
   4928 | 7.13797e+00 1.58507e-03 | 2.19521e-01 4.27906e-01 |
   4929 | 7.13956e+00 1.58510e-03 | 2.19577e-01 4.27982e-01 |
   4930 | 7.14114e+00 1.58512e-03 | 2.19634e-01 4.28058e-01 |
   4931 | 7.14273e+00 1.58516e-03 | 2.19690e-01 4.28134e-01 |
   4932 | 7.14431e+00 1.58519e-03 | 2.19747e-01 4.28211e-01 |
   4933 | 7.14590e+00 1.58522e-03 | 2.19804e-01 4.28287e-01 |
   4934 | 7.14748e+00 1.58526e-03 | 2.19860e-01 4.28364e-01 |
   4935 | 7.14907e+00 1.58529e-03 | 2.19917e-01 4.28441e-01 |
   4936 | 7.15055e+00 1.47690e-03 | 2.19971e-01 4.28513e-01 |
   4937 | 7.15213e+00 1.58535e-03 | 2.20027e-01 4.28590e-01 |
   4938 | 7.15372e+00 1.58538e-03 | 2.20085e-01 4.28667e-01 |
   4939 | 7.15530e+00 1.58540e-03 | 2.20142e-01 4.28745e-01 |
   4940 | 7.15689e+00 1.58544e-03 | 2.20199e-01 4.28823e-01 |
   4941 | 7.15847e+00 1.58547e-03 | 2.20257e-01 4.28901e-01 |
   4942 | 7.16006e+00 1.58549e-03 | 2.20314e-01 4.28979e-01 |
   4943 | 7.16164e+00 1.58553e-03 | 2.20372e-01 4.29057e-01 |
   4944 | 7.16323e+00 1.58557e-03 | 2.20429e-01 4.29135e-01 |
   4945 | 7.16481e+00 1.58558e-03 | 2.20487e-01 4.29214e-01 |
   4946 | 7.16640e+00 1.58562e-03 | 2.20545e-01 4.29292e-01 |
   4947 | 7.16799e+00 1.58566e-03 | 2.20603e-01 4.29371e-01 |
   4948 | 7.16957e+00 1.58567e-03 | 2.20661e-01 4.29450e-01 |
   4949 | 7.17116e+00 1.58571e-03 | 2.20719e-01 4.29529e-01 |
   4950 | 7.17274e+00 1.58575e-03 | 2.20777e-01 4.29609e-01 |
   4951 | 7.17433e+00 1.58576e-03 | 2.20836e-01 4.29688e-01 |
   4952 | 7.17591e+00 1.58579e-03 | 2.20894e-01 4.29768e-01 |
   4953 | 7.17750e+00 1.58584e-03 | 2.20953e-01 4.29847e-01 |
   4954 | 7.17909e+00 1.58585e-03 | 2.21011e-01 4.29927e-01 |
   4955 | 7.18067e+00 1.58588e-03 | 2.21070e-01 4.30008e-01 |
   4956 | 7.18226e+00 1.58593e-03 | 2.21129e-01 4.30088e-01 |
   4957 | 7.18384e+00 1.58594e-03 | 2.21188e-01 4.30168e-01 |
   4958 | 7.18543e+00 1.58597e-03 | 2.21246e-01 4.30249e-01 |
   4959 | 7.18702e+00 1.58601e-03 | 2.21305e-01 4.30330e-01 |
   4960 | 7.18860e+00 1.58603e-03 | 2.21365e-01 4.30411e-01 |
   4961 | 7.19019e+00 1.58605e-03 | 2.21424e-01 4.30492e-01 |
   4962 | 7.19177e+00 1.58609e-03 | 2.21483e-01 4.30573e-01 |
   4963 | 7.19336e+00 1.58611e-03 | 2.21542e-01 4.30654e-01 |
   4964 | 7.19495e+00 1.58614e-03 | 2.21602e-01 4.30736e-01 |
   4965 | 7.19653e+00 1.58618e-03 | 2.21662e-01 4.30818e-01 |
   4966 | 7.19812e+00 1.58620e-03 | 2.21721e-01 4.30900e-01 |
   4967 | 7.19970e+00 1.58622e-03 | 2.21781e-01 4.30982e-01 |
   4968 | 7.20129e+00 1.58626e-03 | 2.21841e-01 4.31064e-01 |
   4969 | 7.20288e+00 1.58628e-03 | 2.21901e-01 4.31146e-01 |
   4970 | 7.20446e+00 1.58630e-03 | 2.21961e-01 4.31229e-01 |
   4971 | 7.20605e+00 1.58634e-03 | 2.22021e-01 4.31312e-01 |
   4972 | 7.20764e+00 1.58637e-03 | 2.22081e-01 4.31395e-01 |
   4973 | 7.20922e+00 1.58639e-03 | 2.22141e-01 4.31478e-01 |
   4974 | 7.21081e+00 1.58642e-03 | 2.22202e-01 4.31561e-01 |
   4975 | 7.21240e+00 1.58645e-03 | 2.22262e-01 4.31644e-01 |
   4976 | 7.21382e+00 1.42874e-03 | 2.22317e-01 4.31720e-01 |
   4977 | 7.21541e+00 1.58650e-03 | 2.22377e-01 4.31803e-01 |
   4978 | 7.21700e+00 1.58653e-03 | 2.22438e-01 4.31887e-01 |
   4979 | 7.21858e+00 1.58655e-03 | 2.22499e-01 4.31971e-01 |
   4980 | 7.22017e+00 1.58658e-03 | 2.22560e-01 4.32056e-01 |
   4981 | 7.22176e+00 1.58661e-03 | 2.22621e-01 4.32140e-01 |
   4982 | 7.22334e+00 1.58663e-03 | 2.22682e-01 4.32225e-01 |
   4983 | 7.22493e+00 1.58666e-03 | 2.22743e-01 4.32309e-01 |
   4984 | 7.22652e+00 1.58670e-03 | 2.22805e-01 4.32394e-01 |
   4985 | 7.22810e+00 1.58671e-03 | 2.22866e-01 4.32479e-01 |
   4986 | 7.22969e+00 1.58674e-03 | 2.22928e-01 4.32565e-01 |
   4987 | 7.23128e+00 1.58678e-03 | 2.22989e-01 4.32650e-01 |
   4988 | 7.23286e+00 1.58679e-03 | 2.23051e-01 4.32736e-01 |
   4989 | 7.23445e+00 1.58681e-03 | 2.23113e-01 4.32822e-01 |
   4990 | 7.23604e+00 1.58686e-03 | 2.23174e-01 4.32907e-01 |
   4991 | 7.23762e+00 1.58686e-03 | 2.23236e-01 4.32994e-01 |
   4992 | 7.23921e+00 1.58689e-03 | 2.23299e-01 4.33080e-01 |
   4993 | 7.24080e+00 1.58693e-03 | 2.23361e-01 4.33166e-01 |
   4994 | 7.24239e+00 1.58694e-03 | 2.23423e-01 4.33253e-01 |
   4995 | 7.24397e+00 1.58696e-03 | 2.23485e-01 4.33340e-01 |
   4996 | 7.24556e+00 1.58700e-03 | 2.23548e-01 4.33427e-01 |
   4997 | 7.24715e+00 1.58702e-03 | 2.23610e-01 4.33514e-01 |
   4998 | 7.24873e+00 1.58704e-03 | 2.23673e-01 4.33601e-01 |
   4999 | 7.25032e+00 1.58708e-03 | 2.23736e-01 4.33689e-01 |
   5000 | 7.25191e+00 1.58709e-03 | 2.23798e-01 4.33776e-01 |
   5001 | 7.25349e+00 1.58711e-03 | 2.23861e-01 4.33864e-01 |
   5002 | 7.25508e+00 1.58715e-03 | 2.23924e-01 4.33952e-01 |
   5003 | 7.25667e+00 1.58717e-03 | 2.23988e-01 4.34040e-01 |
   5004 | 7.25826e+00 1.58719e-03 | 2.24051e-01 4.34129e-01 |
   5005 | 7.25984e+00 1.58722e-03 | 2.24114e-01 4.34217e-01 |
   5006 | 7.26143e+00 1.58724e-03 | 2.24177e-01 4.34306e-01 |
   5007 | 7.26302e+00 1.58726e-03 | 2.24241e-01 4.34395e-01 |
   5008 | 7.26461e+00 1.58729e-03 | 2.24305e-01 4.34484e-01 |
   5009 | 7.26619e+00 1.58731e-03 | 2.24368e-01 4.34573e-01 |
   5010 | 7.26778e+00 1.58733e-03 | 2.24432e-01 4.34663e-01 |
   5011 | 7.26937e+00 1.58736e-03 | 2.24496e-01 4.34752e-01 |
   5012 | 7.27095e+00 1.58739e-03 | 2.24560e-01 4.34842e-01 |
   5013 | 7.27254e+00 1.58740e-03 | 2.24624e-01 4.34932e-01 |
   5014 | 7.27413e+00 1.58743e-03 | 2.24688e-01 4.35022e-01 |
   5015 | 7.27572e+00 1.58746e-03 | 2.24753e-01 4.35113e-01 |
   5016 | 7.27710e+00 1.38663e-03 | 2.24809e-01 4.35192e-01 |
   5017 | 7.27869e+00 1.58749e-03 | 2.24873e-01 4.35282e-01 |
   5018 | 7.28028e+00 1.58753e-03 | 2.24938e-01 4.35373e-01 |
   5019 | 7.28187e+00 1.58754e-03 | 2.25003e-01 4.35464e-01 |
   5020 | 7.28345e+00 1.58756e-03 | 2.25067e-01 4.35555e-01 |
   5021 | 7.28504e+00 1.58760e-03 | 2.25132e-01 4.35647e-01 |
   5022 | 7.28663e+00 1.58760e-03 | 2.25197e-01 4.35738e-01 |
   5023 | 7.28822e+00 1.58763e-03 | 2.25262e-01 4.35830e-01 |
   5024 | 7.28980e+00 1.58767e-03 | 2.25327e-01 4.35922e-01 |
   5025 | 7.29139e+00 1.58767e-03 | 2.25393e-01 4.36014e-01 |
   5026 | 7.29298e+00 1.58769e-03 | 2.25458e-01 4.36106e-01 |
   5027 | 7.29457e+00 1.58773e-03 | 2.25523e-01 4.36199e-01 |
   5028 | 7.29616e+00 1.58774e-03 | 2.25589e-01 4.36291e-01 |
   5029 | 7.29774e+00 1.58776e-03 | 2.25655e-01 4.36384e-01 |
   5030 | 7.29933e+00 1.58779e-03 | 2.25720e-01 4.36477e-01 |
   5031 | 7.30092e+00 1.58780e-03 | 2.25786e-01 4.36570e-01 |
   5032 | 7.30251e+00 1.58782e-03 | 2.25852e-01 4.36664e-01 |
   5033 | 7.30409e+00 1.58785e-03 | 2.25918e-01 4.36757e-01 |
   5034 | 7.30568e+00 1.58787e-03 | 2.25985e-01 4.36851e-01 |
   5035 | 7.30727e+00 1.58788e-03 | 2.26051e-01 4.36945e-01 |
   5036 | 7.30886e+00 1.58792e-03 | 2.26117e-01 4.37039e-01 |
   5037 | 7.31045e+00 1.58793e-03 | 2.26184e-01 4.37133e-01 |
   5038 | 7.31203e+00 1.58795e-03 | 2.26250e-01 4.37228e-01 |
   5039 | 7.31362e+00 1.58798e-03 | 2.26317e-01 4.37322e-01 |
   5040 | 7.31521e+00 1.58800e-03 | 2.26384e-01 4.37417e-01 |
   5041 | 7.31680e+00 1.58801e-03 | 2.26451e-01 4.37512e-01 |
   5042 | 7.31839e+00 1.58804e-03 | 2.26518e-01 4.37607e-01 |
   5043 | 7.31997e+00 1.58806e-03 | 2.26585e-01 4.37703e-01 |
   5044 | 7.32156e+00 1.58807e-03 | 2.26652e-01 4.37798e-01 |
   5045 | 7.32315e+00 1.58809e-03 | 2.26719e-01 4.37894e-01 |
   5046 | 7.32474e+00 1.58812e-03 | 2.26787e-01 4.37990e-01 |
   5047 | 7.32633e+00 1.58813e-03 | 2.26854e-01 4.38086e-01 |
   5048 | 7.32791e+00 1.58815e-03 | 2.26922e-01 4.38183e-01 |
   5049 | 7.32950e+00 1.58818e-03 | 2.26989e-01 4.38279e-01 |
   5050 | 7.33109e+00 1.58819e-03 | 2.27057e-01 4.38376e-01 |
   5051 | 7.33268e+00 1.58821e-03 | 2.27125e-01 4.38473e-01 |
   5052 | 7.33427e+00 1.58824e-03 | 2.27193e-01 4.38570e-01 |
   5053 | 7.33586e+00 1.58824e-03 | 2.27261e-01 4.38667e-01 |
   5054 | 7.33744e+00 1.58827e-03 | 2.27330e-01 4.38765e-01 |
   5055 | 7.33903e+00 1.58830e-03 | 2.27398e-01 4.38862e-01 |
   5056 | 7.34038e+00 1.35088e-03 | 2.27456e-01 4.38946e-01 |
   5057 | 7.34197e+00 1.58832e-03 | 2.27525e-01 4.39043e-01 |
   5058 | 7.34356e+00 1.58835e-03 | 2.27593e-01 4.39142e-01 |
   5059 | 7.34515e+00 1.58836e-03 | 2.27662e-01 4.39240e-01 |
   5060 | 7.34674e+00 1.58837e-03 | 2.27731e-01 4.39339e-01 |
   5061 | 7.34832e+00 1.58840e-03 | 2.27800e-01 4.39437e-01 |
   5062 | 7.34991e+00 1.58841e-03 | 2.27869e-01 4.39536e-01 |
   5063 | 7.35150e+00 1.58843e-03 | 2.27938e-01 4.39635e-01 |
   5064 | 7.35309e+00 1.58846e-03 | 2.28007e-01 4.39735e-01 |
   5065 | 7.35468e+00 1.58847e-03 | 2.28077e-01 4.39834e-01 |
   5066 | 7.35627e+00 1.58848e-03 | 2.28146e-01 4.39934e-01 |
   5067 | 7.35786e+00 1.58851e-03 | 2.28216e-01 4.40034e-01 |
   5068 | 7.35944e+00 1.58852e-03 | 2.28285e-01 4.40134e-01 |
   5069 | 7.36103e+00 1.58853e-03 | 2.28355e-01 4.40234e-01 |
   5070 | 7.36262e+00 1.58856e-03 | 2.28425e-01 4.40335e-01 |
   5071 | 7.36421e+00 1.58858e-03 | 2.28495e-01 4.40436e-01 |
   5072 | 7.36580e+00 1.58858e-03 | 2.28565e-01 4.40537e-01 |
   5073 | 7.36739e+00 1.58861e-03 | 2.28636e-01 4.40638e-01 |
   5074 | 7.36898e+00 1.58863e-03 | 2.28706e-01 4.40739e-01 |
   5075 | 7.37056e+00 1.58863e-03 | 2.28776e-01 4.40840e-01 |
   5076 | 7.37215e+00 1.58865e-03 | 2.28847e-01 4.40942e-01 |
   5077 | 7.37374e+00 1.58868e-03 | 2.28918e-01 4.41044e-01 |
   5078 | 7.37533e+00 1.58868e-03 | 2.28988e-01 4.41146e-01 |
   5079 | 7.37692e+00 1.58870e-03 | 2.29059e-01 4.41248e-01 |
   5080 | 7.37851e+00 1.58873e-03 | 2.29130e-01 4.41351e-01 |
   5081 | 7.38010e+00 1.58873e-03 | 2.29201e-01 4.41453e-01 |
   5082 | 7.38168e+00 1.58875e-03 | 2.29273e-01 4.41556e-01 |
   5083 | 7.38327e+00 1.58878e-03 | 2.29344e-01 4.41659e-01 |
   5084 | 7.38486e+00 1.58878e-03 | 2.29415e-01 4.41763e-01 |
   5085 | 7.38645e+00 1.58879e-03 | 2.29487e-01 4.41866e-01 |
   5086 | 7.38804e+00 1.58883e-03 | 2.29559e-01 4.41970e-01 |
   5087 | 7.38963e+00 1.58883e-03 | 2.29630e-01 4.42074e-01 |
   5088 | 7.39122e+00 1.58884e-03 | 2.29702e-01 4.42178e-01 |
   5089 | 7.39281e+00 1.58887e-03 | 2.29774e-01 4.42282e-01 |
   5090 | 7.39440e+00 1.58887e-03 | 2.29846e-01 4.42386e-01 |
   5091 | 7.39598e+00 1.58888e-03 | 2.29919e-01 4.42491e-01 |
   5092 | 7.39757e+00 1.58891e-03 | 2.29991e-01 4.42596e-01 |
   5093 | 7.39916e+00 1.58892e-03 | 2.30063e-01 4.42701e-01 |
   5094 | 7.40075e+00 1.58893e-03 | 2.30136e-01 4.42806e-01 |
   5095 | 7.40234e+00 1.58895e-03 | 2.30208e-01 4.42912e-01 |
   5096 | 7.40366e+00 1.32185e-03 | 2.30269e-01 4.43000e-01 |
   5097 | 7.40525e+00 1.58897e-03 | 2.30342e-01 4.43105e-01 |
   5098 | 7.40684e+00 1.58899e-03 | 2.30415e-01 4.43212e-01 |
   5099 | 7.40843e+00 1.58901e-03 | 2.30488e-01 4.43318e-01 |
   5100 | 7.41002e+00 1.58901e-03 | 2.30561e-01 4.43424e-01 |
   5101 | 7.41161e+00 1.58903e-03 | 2.30634e-01 4.43531e-01 |
   5102 | 7.41320e+00 1.58905e-03 | 2.30708e-01 4.43638e-01 |
   5103 | 7.41479e+00 1.58905e-03 | 2.30781e-01 4.43745e-01 |
   5104 | 7.41637e+00 1.58907e-03 | 2.30855e-01 4.43852e-01 |
   5105 | 7.41796e+00 1.58910e-03 | 2.30929e-01 4.43960e-01 |
   5106 | 7.41955e+00 1.58909e-03 | 2.31003e-01 4.44067e-01 |
   5107 | 7.42114e+00 1.58910e-03 | 2.31077e-01 4.44175e-01 |
   5108 | 7.42273e+00 1.58914e-03 | 2.31151e-01 4.44283e-01 |
   5109 | 7.42432e+00 1.58913e-03 | 2.31225e-01 4.44392e-01 |
   5110 | 7.42591e+00 1.58914e-03 | 2.31299e-01 4.44500e-01 |
   5111 | 7.42750e+00 1.58917e-03 | 2.31374e-01 4.44609e-01 |
   5112 | 7.42909e+00 1.58917e-03 | 2.31448e-01 4.44718e-01 |
   5113 | 7.43068e+00 1.58918e-03 | 2.31523e-01 4.44827e-01 |
   5114 | 7.43227e+00 1.58921e-03 | 2.31598e-01 4.44936e-01 |
   5115 | 7.43385e+00 1.58921e-03 | 2.31673e-01 4.45046e-01 |
   5116 | 7.43544e+00 1.58921e-03 | 2.31748e-01 4.45155e-01 |
   5117 | 7.43703e+00 1.58924e-03 | 2.31823e-01 4.45265e-01 |
   5118 | 7.43862e+00 1.58924e-03 | 2.31898e-01 4.45376e-01 |
   5119 | 7.44021e+00 1.58925e-03 | 2.31974e-01 4.45486e-01 |
   5120 | 7.44180e+00 1.58927e-03 | 2.32049e-01 4.45597e-01 |
   5121 | 7.44339e+00 1.58928e-03 | 2.32125e-01 4.45707e-01 |
   5122 | 7.44498e+00 1.58928e-03 | 2.32200e-01 4.45818e-01 |
   5123 | 7.44657e+00 1.58930e-03 | 2.32276e-01 4.45930e-01 |
   5124 | 7.44816e+00 1.58932e-03 | 2.32352e-01 4.46041e-01 |
   5125 | 7.44975e+00 1.58931e-03 | 2.32428e-01 4.46153e-01 |
   5126 | 7.45134e+00 1.58933e-03 | 2.32504e-01 4.46265e-01 |
   5127 | 7.45293e+00 1.58935e-03 | 2.32581e-01 4.46377e-01 |
   5128 | 7.45452e+00 1.58935e-03 | 2.32657e-01 4.46489e-01 |
   5129 | 7.45610e+00 1.58936e-03 | 2.32734e-01 4.46602e-01 |
   5130 | 7.45769e+00 1.58938e-03 | 2.32810e-01 4.46714e-01 |
   5131 | 7.45928e+00 1.58938e-03 | 2.32887e-01 4.46827e-01 |
   5132 | 7.46087e+00 1.58939e-03 | 2.32964e-01 4.46940e-01 |
   5133 | 7.46246e+00 1.58942e-03 | 2.33041e-01 4.47054e-01 |
   5134 | 7.46405e+00 1.58941e-03 | 2.33118e-01 4.47167e-01 |
   5135 | 7.46564e+00 1.58942e-03 | 2.33195e-01 4.47281e-01 |
   5136 | 7.46694e+00 1.29988e-03 | 2.33259e-01 4.47375e-01 |
   5137 | 7.46853e+00 1.58944e-03 | 2.33336e-01 4.47489e-01 |
   5138 | 7.47012e+00 1.58944e-03 | 2.33414e-01 4.47603e-01 |
   5139 | 7.47171e+00 1.58947e-03 | 2.33491e-01 4.47718e-01 |
   5140 | 7.47330e+00 1.58947e-03 | 2.33569e-01 4.47832e-01 |
   5141 | 7.47489e+00 1.58947e-03 | 2.33647e-01 4.47948e-01 |
   5142 | 7.47648e+00 1.58949e-03 | 2.33725e-01 4.48063e-01 |
   5143 | 7.47807e+00 1.58949e-03 | 2.33804e-01 4.48178e-01 |
   5144 | 7.47966e+00 1.58949e-03 | 2.33882e-01 4.48294e-01 |
   5145 | 7.48125e+00 1.58951e-03 | 2.33960e-01 4.48410e-01 |
   5146 | 7.48284e+00 1.58952e-03 | 2.34039e-01 4.48526e-01 |
   5147 | 7.48443e+00 1.58952e-03 | 2.34117e-01 4.48642e-01 |
   5148 | 7.48602e+00 1.58953e-03 | 2.34196e-01 4.48759e-01 |
   5149 | 7.48760e+00 1.58955e-03 | 2.34275e-01 4.48876e-01 |
   5150 | 7.48919e+00 1.58954e-03 | 2.34354e-01 4.48993e-01 |
   5151 | 7.49078e+00 1.58956e-03 | 2.34433e-01 4.49110e-01 |
   5152 | 7.49237e+00 1.58957e-03 | 2.34513e-01 4.49228e-01 |
   5153 | 7.49396e+00 1.58957e-03 | 2.34592e-01 4.49345e-01 |
   5154 | 7.49555e+00 1.58958e-03 | 2.34672e-01 4.49463e-01 |
   5155 | 7.49714e+00 1.58960e-03 | 2.34751e-01 4.49581e-01 |
   5156 | 7.49873e+00 1.58959e-03 | 2.34831e-01 4.49700e-01 |
   5157 | 7.50032e+00 1.58960e-03 | 2.34911e-01 4.49818e-01 |
   5158 | 7.50191e+00 1.58962e-03 | 2.34991e-01 4.49937e-01 |
   5159 | 7.50350e+00 1.58961e-03 | 2.35071e-01 4.50056e-01 |
   5160 | 7.50509e+00 1.58961e-03 | 2.35151e-01 4.50176e-01 |
   5161 | 7.50668e+00 1.58964e-03 | 2.35232e-01 4.50295e-01 |
   5162 | 7.50827e+00 1.58963e-03 | 2.35312e-01 4.50415e-01 |
   5163 | 7.50986e+00 1.58963e-03 | 2.35393e-01 4.50535e-01 |
   5164 | 7.51145e+00 1.58965e-03 | 2.35474e-01 4.50655e-01 |
   5165 | 7.51304e+00 1.58965e-03 | 2.35555e-01 4.50775e-01 |
   5166 | 7.51463e+00 1.58965e-03 | 2.35636e-01 4.50896e-01 |
   5167 | 7.51622e+00 1.58967e-03 | 2.35717e-01 4.51017e-01 |
   5168 | 7.51781e+00 1.58967e-03 | 2.35798e-01 4.51138e-01 |
   5169 | 7.51940e+00 1.58966e-03 | 2.35880e-01 4.51259e-01 |
   5170 | 7.52099e+00 1.58968e-03 | 2.35961e-01 4.51381e-01 |
   5171 | 7.52258e+00 1.58969e-03 | 2.36043e-01 4.51502e-01 |
   5172 | 7.52417e+00 1.58968e-03 | 2.36125e-01 4.51624e-01 |
   5173 | 7.52576e+00 1.58969e-03 | 2.36206e-01 4.51747e-01 |
   5174 | 7.52735e+00 1.58970e-03 | 2.36288e-01 4.51869e-01 |
   5175 | 7.52893e+00 1.58969e-03 | 2.36371e-01 4.51992e-01 |
   5176 | 7.53022e+00 1.28534e-03 | 2.36438e-01 4.52092e-01 |
   5177 | 7.53181e+00 1.58973e-03 | 2.36520e-01 4.52214e-01 |
   5178 | 7.53340e+00 1.58971e-03 | 2.36602e-01 4.52338e-01 |
   5179 | 7.53499e+00 1.58971e-03 | 2.36685e-01 4.52461e-01 |
   5180 | 7.53658e+00 1.58974e-03 | 2.36767e-01 4.52585e-01 |
   5181 | 7.53817e+00 1.58972e-03 | 2.36850e-01 4.52709e-01 |
   5182 | 7.53976e+00 1.58972e-03 | 2.36933e-01 4.52833e-01 |
   5183 | 7.54135e+00 1.58974e-03 | 2.37017e-01 4.52958e-01 |
   5184 | 7.54294e+00 1.58973e-03 | 2.37100e-01 4.53082e-01 |
   5185 | 7.54453e+00 1.58973e-03 | 2.37183e-01 4.53207e-01 |
   5186 | 7.54612e+00 1.58975e-03 | 2.37267e-01 4.53333e-01 |
   5187 | 7.54771e+00 1.58975e-03 | 2.37351e-01 4.53458e-01 |
   5188 | 7.54930e+00 1.58974e-03 | 2.37434e-01 4.53584e-01 |
   5189 | 7.55089e+00 1.58976e-03 | 2.37518e-01 4.53710e-01 |
   5190 | 7.55248e+00 1.58976e-03 | 2.37602e-01 4.53836e-01 |
   5191 | 7.55407e+00 1.58975e-03 | 2.37687e-01 4.53962e-01 |
   5192 | 7.55566e+00 1.58976e-03 | 2.37771e-01 4.54089e-01 |
   5193 | 7.55725e+00 1.58977e-03 | 2.37855e-01 4.54215e-01 |
   5194 | 7.55884e+00 1.58975e-03 | 2.37940e-01 4.54343e-01 |
   5195 | 7.56043e+00 1.58976e-03 | 2.38025e-01 4.54470e-01 |
   5196 | 7.56202e+00 1.58978e-03 | 2.38109e-01 4.54597e-01 |
   5197 | 7.56360e+00 1.58976e-03 | 2.38194e-01 4.54725e-01 |
   5198 | 7.56519e+00 1.58977e-03 | 2.38280e-01 4.54853e-01 |
   5199 | 7.56678e+00 1.58978e-03 | 2.38365e-01 4.54982e-01 |
   5200 | 7.56837e+00 1.58977e-03 | 2.38450e-01 4.55110e-01 |
   5201 | 7.56996e+00 1.58977e-03 | 2.38536e-01 4.55239e-01 |
   5202 | 7.57155e+00 1.58979e-03 | 2.38621e-01 4.55368e-01 |
   5203 | 7.57314e+00 1.58977e-03 | 2.38707e-01 4.55497e-01 |
   5204 | 7.57473e+00 1.58977e-03 | 2.38793e-01 4.55626e-01 |
   5205 | 7.57632e+00 1.58979e-03 | 2.38879e-01 4.55756e-01 |
   5206 | 7.57791e+00 1.58977e-03 | 2.38965e-01 4.55886e-01 |
   5207 | 7.57950e+00 1.58977e-03 | 2.39052e-01 4.56016e-01 |
   5208 | 7.58109e+00 1.58979e-03 | 2.39138e-01 4.56147e-01 |
   5209 | 7.58268e+00 1.58978e-03 | 2.39225e-01 4.56277e-01 |
   5210 | 7.58427e+00 1.58977e-03 | 2.39311e-01 4.56408e-01 |
   5211 | 7.58586e+00 1.58979e-03 | 2.39398e-01 4.56540e-01 |
   5212 | 7.58745e+00 1.58978e-03 | 2.39485e-01 4.56671e-01 |
   5213 | 7.58904e+00 1.58977e-03 | 2.39572e-01 4.56803e-01 |
   5214 | 7.59063e+00 1.58978e-03 | 2.39660e-01 4.56935e-01 |
   5215 | 7.59222e+00 1.58978e-03 | 2.39747e-01 4.57067e-01 |
   5216 | 7.59350e+00 1.27856e-03 | 2.39818e-01 4.57174e-01 |
   5217 | 7.59509e+00 1.58977e-03 | 2.39905e-01 4.57306e-01 |
   5218 | 7.59668e+00 1.58979e-03 | 2.39993e-01 4.57439e-01 |
   5219 | 7.59827e+00 1.58977e-03 | 2.40081e-01 4.57572e-01 |
   5220 | 7.59986e+00 1.58977e-03 | 2.40169e-01 4.57705e-01 |
   5221 | 7.60145e+00 1.58979e-03 | 2.40257e-01 4.57839e-01 |
   5222 | 7.60304e+00 1.58976e-03 | 2.40345e-01 4.57972e-01 |
   5223 | 7.60463e+00 1.58976e-03 | 2.40434e-01 4.58107e-01 |
   5224 | 7.60622e+00 1.58978e-03 | 2.40522e-01 4.58241e-01 |
   5225 | 7.60781e+00 1.58976e-03 | 2.40611e-01 4.58375e-01 |
   5226 | 7.60940e+00 1.58975e-03 | 2.40700e-01 4.58510e-01 |
   5227 | 7.61099e+00 1.58977e-03 | 2.40789e-01 4.58645e-01 |
   5228 | 7.61258e+00 1.58975e-03 | 2.40878e-01 4.58781e-01 |
   5229 | 7.61417e+00 1.58974e-03 | 2.40967e-01 4.58916e-01 |
   5230 | 7.61576e+00 1.58976e-03 | 2.41057e-01 4.59052e-01 |
   5231 | 7.61735e+00 1.58975e-03 | 2.41146e-01 4.59188e-01 |
   5232 | 7.61894e+00 1.58973e-03 | 2.41236e-01 4.59324e-01 |
   5233 | 7.62053e+00 1.58974e-03 | 2.41326e-01 4.59461e-01 |
   5234 | 7.62212e+00 1.58974e-03 | 2.41416e-01 4.59598e-01 |
   5235 | 7.62370e+00 1.58972e-03 | 2.41506e-01 4.59735e-01 |
   5236 | 7.62529e+00 1.58973e-03 | 2.41596e-01 4.59872e-01 |
   5237 | 7.62688e+00 1.58974e-03 | 2.41687e-01 4.60010e-01 |
   5238 | 7.62847e+00 1.58971e-03 | 2.41777e-01 4.60148e-01 |
   5239 | 7.63006e+00 1.58972e-03 | 2.41868e-01 4.60286e-01 |
   5240 | 7.63165e+00 1.58973e-03 | 2.41959e-01 4.60424e-01 |
   5241 | 7.63324e+00 1.58970e-03 | 2.42050e-01 4.60563e-01 |
   5242 | 7.63483e+00 1.58970e-03 | 2.42141e-01 4.60702e-01 |
   5243 | 7.63642e+00 1.58972e-03 | 2.42232e-01 4.60841e-01 |
   5244 | 7.63801e+00 1.58969e-03 | 2.42324e-01 4.60980e-01 |
   5245 | 7.63960e+00 1.58968e-03 | 2.42415e-01 4.61120e-01 |
   5246 | 7.64119e+00 1.58970e-03 | 2.42507e-01 4.61260e-01 |
   5247 | 7.64278e+00 1.58968e-03 | 2.42599e-01 4.61400e-01 |
   5248 | 7.64437e+00 1.58967e-03 | 2.42691e-01 4.61541e-01 |
   5249 | 7.64596e+00 1.58968e-03 | 2.42783e-01 4.61681e-01 |
   5250 | 7.64755e+00 1.58966e-03 | 2.42875e-01 4.61822e-01 |
   5251 | 7.64914e+00 1.58965e-03 | 2.42967e-01 4.61963e-01 |
   5252 | 7.65073e+00 1.58966e-03 | 2.43060e-01 4.62105e-01 |
   5253 | 7.65232e+00 1.58965e-03 | 2.43153e-01 4.62247e-01 |
   5254 | 7.65391e+00 1.58963e-03 | 2.43246e-01 4.62389e-01 |
   5255 | 7.65550e+00 1.58964e-03 | 2.43338e-01 4.62531e-01 |
   5256 | 7.65678e+00 1.28002e-03 | 2.43414e-01 4.62647e-01 |
   5257 | 7.65837e+00 1.58962e-03 | 2.43507e-01 4.62788e-01 |
   5258 | 7.65996e+00 1.58961e-03 | 2.43600e-01 4.62931e-01 |
   5259 | 7.66155e+00 1.58963e-03 | 2.43694e-01 4.63075e-01 |
   5260 | 7.66314e+00 1.58960e-03 | 2.43787e-01 4.63218e-01 |
   5261 | 7.66473e+00 1.58959e-03 | 2.43881e-01 4.63362e-01 |
   5262 | 7.66632e+00 1.58961e-03 | 2.43975e-01 4.63506e-01 |
   5263 | 7.66791e+00 1.58958e-03 | 2.44069e-01 4.63650e-01 |
   5264 | 7.66950e+00 1.58957e-03 | 2.44163e-01 4.63795e-01 |
   5265 | 7.67109e+00 1.58958e-03 | 2.44258e-01 4.63940e-01 |
   5266 | 7.67267e+00 1.58956e-03 | 2.44352e-01 4.64085e-01 |
   5267 | 7.67426e+00 1.58954e-03 | 2.44447e-01 4.64230e-01 |
   5268 | 7.67585e+00 1.58955e-03 | 2.44542e-01 4.64376e-01 |
   5269 | 7.67744e+00 1.58954e-03 | 2.44637e-01 4.64522e-01 |
   5270 | 7.67903e+00 1.58952e-03 | 2.44732e-01 4.64668e-01 |
   5271 | 7.68062e+00 1.58952e-03 | 2.44828e-01 4.64814e-01 |
   5272 | 7.68221e+00 1.58951e-03 | 2.44923e-01 4.64961e-01 |
   5273 | 7.68380e+00 1.58949e-03 | 2.45019e-01 4.65108e-01 |
   5274 | 7.68539e+00 1.58949e-03 | 2.45114e-01 4.65255e-01 |
   5275 | 7.68698e+00 1.58949e-03 | 2.45210e-01 4.65403e-01 |
   5276 | 7.68857e+00 1.58946e-03 | 2.45306e-01 4.65551e-01 |
   5277 | 7.69016e+00 1.58946e-03 | 2.45402e-01 4.65699e-01 |
   5278 | 7.69175e+00 1.58947e-03 | 2.45499e-01 4.65847e-01 |
   5279 | 7.69334e+00 1.58944e-03 | 2.45595e-01 4.65996e-01 |
   5280 | 7.69493e+00 1.58943e-03 | 2.45692e-01 4.66145e-01 |
   5281 | 7.69652e+00 1.58944e-03 | 2.45789e-01 4.66294e-01 |
   5282 | 7.69811e+00 1.58941e-03 | 2.45886e-01 4.66443e-01 |
   5283 | 7.69970e+00 1.58940e-03 | 2.45983e-01 4.66593e-01 |
   5284 | 7.70129e+00 1.58941e-03 | 2.46080e-01 4.66743e-01 |
   5285 | 7.70287e+00 1.58938e-03 | 2.46177e-01 4.66893e-01 |
   5286 | 7.70446e+00 1.58936e-03 | 2.46275e-01 4.67044e-01 |
   5287 | 7.70605e+00 1.58937e-03 | 2.46373e-01 4.67195e-01 |
   5288 | 7.70764e+00 1.58935e-03 | 2.46471e-01 4.67346e-01 |
   5289 | 7.70923e+00 1.58933e-03 | 2.46569e-01 4.67497e-01 |
   5290 | 7.71082e+00 1.58933e-03 | 2.46667e-01 4.67649e-01 |
   5291 | 7.71241e+00 1.58932e-03 | 2.46765e-01 4.67801e-01 |
   5292 | 7.71400e+00 1.58930e-03 | 2.46864e-01 4.67953e-01 |
   5293 | 7.71559e+00 1.58930e-03 | 2.46962e-01 4.68105e-01 |
   5294 | 7.71718e+00 1.58929e-03 | 2.47061e-01 4.68258e-01 |
   5295 | 7.71877e+00 1.58926e-03 | 2.47160e-01 4.68411e-01 |
   5296 | 7.72006e+00 1.29007e-03 | 2.47241e-01 4.68537e-01 |
   5297 | 7.72165e+00 1.58927e-03 | 2.47340e-01 4.68689e-01 |
   5298 | 7.72324e+00 1.58923e-03 | 2.47439e-01 4.68843e-01 |
   5299 | 7.72483e+00 1.58922e-03 | 2.47539e-01 4.68997e-01 |
   5300 | 7.72641e+00 1.58923e-03 | 2.47638e-01 4.69152e-01 |
   5301 | 7.72800e+00 1.58919e-03 | 2.47738e-01 4.69306e-01 |
   5302 | 7.72959e+00 1.58917e-03 | 2.47838e-01 4.69461e-01 |
   5303 | 7.73118e+00 1.58918e-03 | 2.47938e-01 4.69617e-01 |
   5304 | 7.73277e+00 1.58916e-03 | 2.48039e-01 4.69772e-01 |
   5305 | 7.73436e+00 1.58913e-03 | 2.48139e-01 4.69928e-01 |
   5306 | 7.73595e+00 1.58914e-03 | 2.48240e-01 4.70084e-01 |
   5307 | 7.73754e+00 1.58912e-03 | 2.48341e-01 4.70240e-01 |
   5308 | 7.73913e+00 1.58909e-03 | 2.48441e-01 4.70397e-01 |
   5309 | 7.74072e+00 1.58909e-03 | 2.48543e-01 4.70554e-01 |
   5310 | 7.74231e+00 1.58908e-03 | 2.48644e-01 4.70711e-01 |
   5311 | 7.74390e+00 1.58905e-03 | 2.48745e-01 4.70869e-01 |
   5312 | 7.74548e+00 1.58904e-03 | 2.48847e-01 4.71027e-01 |
   5313 | 7.74707e+00 1.58904e-03 | 2.48949e-01 4.71185e-01 |
   5314 | 7.74866e+00 1.58901e-03 | 2.49051e-01 4.71343e-01 |
   5315 | 7.75025e+00 1.58900e-03 | 2.49153e-01 4.71502e-01 |
   5316 | 7.75184e+00 1.58900e-03 | 2.49255e-01 4.71661e-01 |
   5317 | 7.75343e+00 1.58896e-03 | 2.49357e-01 4.71820e-01 |
   5318 | 7.75502e+00 1.58895e-03 | 2.49460e-01 4.71980e-01 |
   5319 | 7.75661e+00 1.58896e-03 | 2.49562e-01 4.72139e-01 |
   5320 | 7.75820e+00 1.58892e-03 | 2.49665e-01 4.72300e-01 |
   5321 | 7.75978e+00 1.58890e-03 | 2.49768e-01 4.72460e-01 |
   5322 | 7.76137e+00 1.58890e-03 | 2.49872e-01 4.72621e-01 |
   5323 | 7.76296e+00 1.58887e-03 | 2.49975e-01 4.72782e-01 |
   5324 | 7.76455e+00 1.58885e-03 | 2.50078e-01 4.72943e-01 |
   5325 | 7.76614e+00 1.58885e-03 | 2.50182e-01 4.73105e-01 |
   5326 | 7.76773e+00 1.58883e-03 | 2.50286e-01 4.73267e-01 |
   5327 | 7.76932e+00 1.58880e-03 | 2.50390e-01 4.73429e-01 |
   5328 | 7.77091e+00 1.58879e-03 | 2.50494e-01 4.73591e-01 |
   5329 | 7.77250e+00 1.58878e-03 | 2.50598e-01 4.73754e-01 |
   5330 | 7.77408e+00 1.58875e-03 | 2.50703e-01 4.73917e-01 |
   5331 | 7.77567e+00 1.58874e-03 | 2.50808e-01 4.74080e-01 |
   5332 | 7.77726e+00 1.58873e-03 | 2.50912e-01 4.74244e-01 |
   5333 | 7.77885e+00 1.58869e-03 | 2.51017e-01 4.74408e-01 |
   5334 | 7.78044e+00 1.58868e-03 | 2.51123e-01 4.74572e-01 |
   5335 | 7.78203e+00 1.58869e-03 | 2.51228e-01 4.74737e-01 |
   5336 | 7.78334e+00 1.30909e-03 | 2.51315e-01 4.74874e-01 |
   5337 | 7.78493e+00 1.58862e-03 | 2.51420e-01 4.75038e-01 |
   5338 | 7.78651e+00 1.58863e-03 | 2.51526e-01 4.75203e-01 |
   5339 | 7.78810e+00 1.58860e-03 | 2.51632e-01 4.75369e-01 |
   5340 | 7.78969e+00 1.58857e-03 | 2.51738e-01 4.75535e-01 |
   5341 | 7.79128e+00 1.58857e-03 | 2.51845e-01 4.75701e-01 |
   5342 | 7.79287e+00 1.58854e-03 | 2.51951e-01 4.75868e-01 |
   5343 | 7.79446e+00 1.58851e-03 | 2.52058e-01 4.76035e-01 |
   5344 | 7.79605e+00 1.58850e-03 | 2.52164e-01 4.76202e-01 |
   5345 | 7.79763e+00 1.58849e-03 | 2.52271e-01 4.76370e-01 |
   5346 | 7.79922e+00 1.58845e-03 | 2.52378e-01 4.76538e-01 |
   5347 | 7.80081e+00 1.58844e-03 | 2.52486e-01 4.76706e-01 |
   5348 | 7.80240e+00 1.58844e-03 | 2.52593e-01 4.76874e-01 |
   5349 | 7.80399e+00 1.58839e-03 | 2.52701e-01 4.77043e-01 |
   5350 | 7.80558e+00 1.58838e-03 | 2.52809e-01 4.77212e-01 |
   5351 | 7.80716e+00 1.58838e-03 | 2.52917e-01 4.77381e-01 |
   5352 | 7.80875e+00 1.58833e-03 | 2.53025e-01 4.77551e-01 |
   5353 | 7.81034e+00 1.58831e-03 | 2.53133e-01 4.77721e-01 |
   5354 | 7.81193e+00 1.58831e-03 | 2.53242e-01 4.77891e-01 |
   5355 | 7.81352e+00 1.58827e-03 | 2.53350e-01 4.78062e-01 |
   5356 | 7.81511e+00 1.58825e-03 | 2.53459e-01 4.78233e-01 |
   5357 | 7.81669e+00 1.58824e-03 | 2.53568e-01 4.78404e-01 |
   5358 | 7.81828e+00 1.58821e-03 | 2.53677e-01 4.78575e-01 |
   5359 | 7.81987e+00 1.58818e-03 | 2.53786e-01 4.78747e-01 |
   5360 | 7.82146e+00 1.58817e-03 | 2.53896e-01 4.78919e-01 |
   5361 | 7.82305e+00 1.58815e-03 | 2.54006e-01 4.79092e-01 |
   5362 | 7.82464e+00 1.58811e-03 | 2.54115e-01 4.79265e-01 |
   5363 | 7.82622e+00 1.58810e-03 | 2.54226e-01 4.79438e-01 |
   5364 | 7.82781e+00 1.58809e-03 | 2.54336e-01 4.79611e-01 |
   5365 | 7.82940e+00 1.58805e-03 | 2.54446e-01 4.79785e-01 |
   5366 | 7.83099e+00 1.58803e-03 | 2.54557e-01 4.79959e-01 |
   5367 | 7.83258e+00 1.58803e-03 | 2.54667e-01 4.80133e-01 |
   5368 | 7.83416e+00 1.58798e-03 | 2.54778e-01 4.80308e-01 |
   5369 | 7.83575e+00 1.58796e-03 | 2.54889e-01 4.80483e-01 |
   5370 | 7.83734e+00 1.58796e-03 | 2.55001e-01 4.80658e-01 |
   5371 | 7.83893e+00 1.58791e-03 | 2.55112e-01 4.80834e-01 |
   5372 | 7.84052e+00 1.58788e-03 | 2.55224e-01 4.81010e-01 |
   5373 | 7.84210e+00 1.58788e-03 | 2.55335e-01 4.81186e-01 |
   5374 | 7.84369e+00 1.58784e-03 | 2.55447e-01 4.81363e-01 |
   5375 | 7.84528e+00 1.58781e-03 | 2.55559e-01 4.81539e-01 |
   5376 | 7.84662e+00 1.33760e-03 | 2.55655e-01 4.81690e-01 |
   5377 | 7.84820e+00 1.58778e-03 | 2.55766e-01 4.81866e-01 |
   5378 | 7.84979e+00 1.58774e-03 | 2.55879e-01 4.82044e-01 |
   5379 | 7.85138e+00 1.58772e-03 | 2.55992e-01 4.82222e-01 |
   5380 | 7.85297e+00 1.58771e-03 | 2.56105e-01 4.82401e-01 |
   5381 | 7.85455e+00 1.58766e-03 | 2.56218e-01 4.82579e-01 |
   5382 | 7.85614e+00 1.58764e-03 | 2.56331e-01 4.82758e-01 |
   5383 | 7.85773e+00 1.58764e-03 | 2.56445e-01 4.82938e-01 |
   5384 | 7.85932e+00 1.58759e-03 | 2.56559e-01 4.83117e-01 |
   5385 | 7.86091e+00 1.58756e-03 | 2.56672e-01 4.83298e-01 |
   5386 | 7.86249e+00 1.58756e-03 | 2.56786e-01 4.83478e-01 |
   5387 | 7.86408e+00 1.58751e-03 | 2.56901e-01 4.83659e-01 |
   5388 | 7.86567e+00 1.58748e-03 | 2.57015e-01 4.83840e-01 |
   5389 | 7.86726e+00 1.58747e-03 | 2.57130e-01 4.84021e-01 |
   5390 | 7.86884e+00 1.58744e-03 | 2.57245e-01 4.84203e-01 |
   5391 | 7.87043e+00 1.58740e-03 | 2.57359e-01 4.84385e-01 |
   5392 | 7.87202e+00 1.58739e-03 | 2.57475e-01 4.84567e-01 |
   5393 | 7.87360e+00 1.58736e-03 | 2.57590e-01 4.84750e-01 |
   5394 | 7.87519e+00 1.58732e-03 | 2.57705e-01 4.84933e-01 |
   5395 | 7.87678e+00 1.58730e-03 | 2.57821e-01 4.85116e-01 |
   5396 | 7.87837e+00 1.58729e-03 | 2.57937e-01 4.85300e-01 |
   5397 | 7.87995e+00 1.58723e-03 | 2.58053e-01 4.85484e-01 |
   5398 | 7.88154e+00 1.58721e-03 | 2.58169e-01 4.85668e-01 |
   5399 | 7.88313e+00 1.58721e-03 | 2.58286e-01 4.85853e-01 |
   5400 | 7.88472e+00 1.58715e-03 | 2.58402e-01 4.86038e-01 |
   5401 | 7.88630e+00 1.58712e-03 | 2.58519e-01 4.86223e-01 |
   5402 | 7.88789e+00 1.58712e-03 | 2.58636e-01 4.86409e-01 |
   5403 | 7.88948e+00 1.58707e-03 | 2.58753e-01 4.86595e-01 |
   5404 | 7.89106e+00 1.58703e-03 | 2.58871e-01 4.86781e-01 |
   5405 | 7.89265e+00 1.58703e-03 | 2.58988e-01 4.86968e-01 |
   5406 | 7.89424e+00 1.58699e-03 | 2.59106e-01 4.87155e-01 |
   5407 | 7.89582e+00 1.58694e-03 | 2.59224e-01 4.87342e-01 |
   5408 | 7.89741e+00 1.58693e-03 | 2.59342e-01 4.87530e-01 |
   5409 | 7.89900e+00 1.58690e-03 | 2.59460e-01 4.87718e-01 |
   5410 | 7.90059e+00 1.58685e-03 | 2.59578e-01 4.87906e-01 |
   5411 | 7.90217e+00 1.58683e-03 | 2.59697e-01 4.88095e-01 |
   5412 | 7.90376e+00 1.58682e-03 | 2.59816e-01 4.88284e-01 |
   5413 | 7.90535e+00 1.58676e-03 | 2.59935e-01 4.88473e-01 |
   5414 | 7.90693e+00 1.58674e-03 | 2.60054e-01 4.88663e-01 |
   5415 | 7.90852e+00 1.58673e-03 | 2.60174e-01 4.88853e-01 |
   5416 | 7.90990e+00 1.37592e-03 | 2.60278e-01 4.89019e-01 |
   5417 | 7.91148e+00 1.58664e-03 | 2.60397e-01 4.89208e-01 |
   5418 | 7.91307e+00 1.58664e-03 | 2.60517e-01 4.89399e-01 |
   5419 | 7.91466e+00 1.58659e-03 | 2.60637e-01 4.89591e-01 |
   5420 | 7.91624e+00 1.58655e-03 | 2.60757e-01 4.89783e-01 |
   5421 | 7.91783e+00 1.58653e-03 | 2.60878e-01 4.89975e-01 |
   5422 | 7.91941e+00 1.58650e-03 | 2.60999e-01 4.90167e-01 |
   5423 | 7.92100e+00 1.58645e-03 | 2.61119e-01 4.90360e-01 |
   5424 | 7.92259e+00 1.58643e-03 | 2.61241e-01 4.90553e-01 |
   5425 | 7.92417e+00 1.58641e-03 | 2.61362e-01 4.90746e-01 |
   5426 | 7.92576e+00 1.58635e-03 | 2.61483e-01 4.90940e-01 |
   5427 | 7.92735e+00 1.58633e-03 | 2.61605e-01 4.91134e-01 |
   5428 | 7.92893e+00 1.58632e-03 | 2.61727e-01 4.91329e-01 |
   5429 | 7.93052e+00 1.58625e-03 | 2.61849e-01 4.91524e-01 |
   5430 | 7.93211e+00 1.58622e-03 | 2.61971e-01 4.91719e-01 |
   5431 | 7.93369e+00 1.58622e-03 | 2.62093e-01 4.91914e-01 |
   5432 | 7.93528e+00 1.58616e-03 | 2.62216e-01 4.92110e-01 |
   5433 | 7.93686e+00 1.58612e-03 | 2.62339e-01 4.92306e-01 |
   5434 | 7.93845e+00 1.58611e-03 | 2.62462e-01 4.92503e-01 |
   5435 | 7.94004e+00 1.58606e-03 | 2.62585e-01 4.92700e-01 |
   5436 | 7.94162e+00 1.58601e-03 | 2.62709e-01 4.92897e-01 |
   5437 | 7.94321e+00 1.58600e-03 | 2.62832e-01 4.93095e-01 |
   5438 | 7.94479e+00 1.58596e-03 | 2.62956e-01 4.93293e-01 |
   5439 | 7.94638e+00 1.58591e-03 | 2.63080e-01 4.93491e-01 |
   5440 | 7.94797e+00 1.58589e-03 | 2.63204e-01 4.93690e-01 |
   5441 | 7.94955e+00 1.58586e-03 | 2.63328e-01 4.93889e-01 |
   5442 | 7.95114e+00 1.58580e-03 | 2.63453e-01 4.94088e-01 |
   5443 | 7.95272e+00 1.58577e-03 | 2.63578e-01 4.94288e-01 |
   5444 | 7.95431e+00 1.58576e-03 | 2.63703e-01 4.94488e-01 |
   5445 | 7.95589e+00 1.58570e-03 | 2.63828e-01 4.94689e-01 |
   5446 | 7.95748e+00 1.58566e-03 | 2.63953e-01 4.94890e-01 |
   5447 | 7.95907e+00 1.58566e-03 | 2.64079e-01 4.95091e-01 |
   5448 | 7.96065e+00 1.58559e-03 | 2.64205e-01 4.95292e-01 |
   5449 | 7.96224e+00 1.58555e-03 | 2.64331e-01 4.95494e-01 |
   5450 | 7.96382e+00 1.58554e-03 | 2.64457e-01 4.95697e-01 |
   5451 | 7.96541e+00 1.58549e-03 | 2.64583e-01 4.95899e-01 |
   5452 | 7.96699e+00 1.58544e-03 | 2.64710e-01 4.96102e-01 |
   5453 | 7.96858e+00 1.58542e-03 | 2.64837e-01 4.96306e-01 |
   5454 | 7.97016e+00 1.58538e-03 | 2.64963e-01 4.96509e-01 |
   5455 | 7.97175e+00 1.58532e-03 | 2.65091e-01 4.96713e-01 |
   5456 | 7.97317e+00 1.42458e-03 | 2.65206e-01 4.96898e-01 |
   5457 | 7.97476e+00 1.58528e-03 | 2.65333e-01 4.97102e-01 |
   5458 | 7.97634e+00 1.58522e-03 | 2.65460e-01 4.97307e-01 |
   5459 | 7.97793e+00 1.58518e-03 | 2.65588e-01 4.97513e-01 |
   5460 | 7.97952e+00 1.58517e-03 | 2.65717e-01 4.97719e-01 |
   5461 | 7.98110e+00 1.58510e-03 | 2.65845e-01 4.97925e-01 |
   5462 | 7.98269e+00 1.58506e-03 | 2.65973e-01 4.98132e-01 |
   5463 | 7.98427e+00 1.58504e-03 | 2.66102e-01 4.98339e-01 |
   5464 | 7.98586e+00 1.58499e-03 | 2.66231e-01 4.98546e-01 |
   5465 | 7.98744e+00 1.58494e-03 | 2.66360e-01 4.98754e-01 |
   5466 | 7.98903e+00 1.58492e-03 | 2.66490e-01 4.98962e-01 |
   5467 | 7.99061e+00 1.58488e-03 | 2.66619e-01 4.99170e-01 |
   5468 | 7.99220e+00 1.58482e-03 | 2.66749e-01 4.99379e-01 |
   5469 | 7.99378e+00 1.58479e-03 | 2.66879e-01 4.99588e-01 |
   5470 | 7.99536e+00 1.58477e-03 | 2.67009e-01 4.99798e-01 |
   5471 | 7.99695e+00 1.58470e-03 | 2.67140e-01 5.00008e-01 |
   5472 | 7.99853e+00 1.58466e-03 | 2.67270e-01 5.00218e-01 |
   5473 | 8.00012e+00 1.58465e-03 | 2.67401e-01 5.00429e-01 |
   5474 | 8.00170e+00 1.58458e-03 | 2.67532e-01 5.00640e-01 |
   5475 | 8.00329e+00 1.58453e-03 | 2.67663e-01 5.00852e-01 |
   5476 | 8.00487e+00 1.58452e-03 | 2.67795e-01 5.01064e-01 |
   5477 | 8.00646e+00 1.58446e-03 | 2.67927e-01 5.01276e-01 |
   5478 | 8.00804e+00 1.58441e-03 | 2.68058e-01 5.01488e-01 |
   5479 | 8.00963e+00 1.58439e-03 | 2.68191e-01 5.01701e-01 |
   5480 | 8.01121e+00 1.58434e-03 | 2.68323e-01 5.01915e-01 |
   5481 | 8.01279e+00 1.58428e-03 | 2.68455e-01 5.02129e-01 |
   5482 | 8.01438e+00 1.58425e-03 | 2.68588e-01 5.02343e-01 |
   5483 | 8.01596e+00 1.58422e-03 | 2.68721e-01 5.02557e-01 |
   5484 | 8.01755e+00 1.58415e-03 | 2.68854e-01 5.02772e-01 |
   5485 | 8.01913e+00 1.58412e-03 | 2.68987e-01 5.02987e-01 |
   5486 | 8.02071e+00 1.58410e-03 | 2.69121e-01 5.03203e-01 |
   5487 | 8.02230e+00 1.58402e-03 | 2.69255e-01 5.03419e-01 |
   5488 | 8.02388e+00 1.58398e-03 | 2.69389e-01 5.03636e-01 |
   5489 | 8.02547e+00 1.58397e-03 | 2.69523e-01 5.03852e-01 |
   5490 | 8.02705e+00 1.58390e-03 | 2.69657e-01 5.04070e-01 |
   5491 | 8.02863e+00 1.58385e-03 | 2.69792e-01 5.04287e-01 |
   5492 | 8.03022e+00 1.58383e-03 | 2.69927e-01 5.04505e-01 |
   5493 | 8.03180e+00 1.58377e-03 | 2.70062e-01 5.04724e-01 |
   5494 | 8.03339e+00 1.58371e-03 | 2.70197e-01 5.04942e-01 |
   5495 | 8.03497e+00 1.58368e-03 | 2.70333e-01 5.05161e-01 |
   5496 | 8.03645e+00 1.48394e-03 | 2.70460e-01 5.05368e-01 |
   5497 | 8.03804e+00 1.58358e-03 | 2.70596e-01 5.05587e-01 |
   5498 | 8.03962e+00 1.58354e-03 | 2.70732e-01 5.05807e-01 |
   5499 | 8.04120e+00 1.58352e-03 | 2.70868e-01 5.06028e-01 |
   5500 | 8.04279e+00 1.58344e-03 | 2.71005e-01 5.06249e-01 |
   5501 | 8.04437e+00 1.58340e-03 | 2.71141e-01 5.06471e-01 |
   5502 | 8.04595e+00 1.58339e-03 | 2.71278e-01 5.06693e-01 |
   5503 | 8.04754e+00 1.58331e-03 | 2.71416e-01 5.06915e-01 |
   5504 | 8.04912e+00 1.58326e-03 | 2.71553e-01 5.07137e-01 |
   5505 | 8.05070e+00 1.58324e-03 | 2.71691e-01 5.07361e-01 |
   5506 | 8.05229e+00 1.58317e-03 | 2.71828e-01 5.07584e-01 |
   5507 | 8.05387e+00 1.58311e-03 | 2.71967e-01 5.07808e-01 |
   5508 | 8.05545e+00 1.58309e-03 | 2.72105e-01 5.08032e-01 |
   5509 | 8.05704e+00 1.58304e-03 | 2.72243e-01 5.08257e-01 |
   5510 | 8.05862e+00 1.58297e-03 | 2.72382e-01 5.08482e-01 |
   5511 | 8.06020e+00 1.58293e-03 | 2.72521e-01 5.08707e-01 |
   5512 | 8.06179e+00 1.58291e-03 | 2.72660e-01 5.08933e-01 |
   5513 | 8.06337e+00 1.58283e-03 | 2.72800e-01 5.09159e-01 |
   5514 | 8.06495e+00 1.58278e-03 | 2.72939e-01 5.09386e-01 |
   5515 | 8.06653e+00 1.58277e-03 | 2.73079e-01 5.09613e-01 |
   5516 | 8.06812e+00 1.58269e-03 | 2.73219e-01 5.09840e-01 |
   5517 | 8.06970e+00 1.58263e-03 | 2.73359e-01 5.10068e-01 |
   5518 | 8.07128e+00 1.58261e-03 | 2.73500e-01 5.10297e-01 |
   5519 | 8.07286e+00 1.58255e-03 | 2.73641e-01 5.10525e-01 |
   5520 | 8.07445e+00 1.58248e-03 | 2.73782e-01 5.10754e-01 |
   5521 | 8.07603e+00 1.58245e-03 | 2.73923e-01 5.10984e-01 |
   5522 | 8.07761e+00 1.58240e-03 | 2.74064e-01 5.11214e-01 |
   5523 | 8.07919e+00 1.58233e-03 | 2.74206e-01 5.11444e-01 |
   5524 | 8.08078e+00 1.58230e-03 | 2.74348e-01 5.11675e-01 |
   5525 | 8.08236e+00 1.58226e-03 | 2.74490e-01 5.11906e-01 |
   5526 | 8.08394e+00 1.58218e-03 | 2.74632e-01 5.12137e-01 |
   5527 | 8.08552e+00 1.58214e-03 | 2.74775e-01 5.12369e-01 |
   5528 | 8.08711e+00 1.58212e-03 | 2.74917e-01 5.12602e-01 |
   5529 | 8.08869e+00 1.58203e-03 | 2.75060e-01 5.12834e-01 |
   5530 | 8.09027e+00 1.58198e-03 | 2.75204e-01 5.13067e-01 |
   5531 | 8.09185e+00 1.58196e-03 | 2.75347e-01 5.13301e-01 |
   5532 | 8.09343e+00 1.58188e-03 | 2.75491e-01 5.13535e-01 |
   5533 | 8.09501e+00 1.58182e-03 | 2.75635e-01 5.13769e-01 |
   5534 | 8.09660e+00 1.58179e-03 | 2.75779e-01 5.14004e-01 |
   5535 | 8.09818e+00 1.58174e-03 | 2.75923e-01 5.14240e-01 |
   5536 | 8.09973e+00 1.55451e-03 | 2.76065e-01 5.14471e-01 |
   5537 | 8.10131e+00 1.58163e-03 | 2.76210e-01 5.14707e-01 |
   5538 | 8.10290e+00 1.58159e-03 | 2.76355e-01 5.14944e-01 |
   5539 | 8.10448e+00 1.58151e-03 | 2.76500e-01 5.15181e-01 |
   5540 | 8.10606e+00 1.58146e-03 | 2.76646e-01 5.15418e-01 |
   5541 | 8.10764e+00 1.58144e-03 | 2.76792e-01 5.15656e-01 |
   5542 | 8.10922e+00 1.58135e-03 | 2.76937e-01 5.15894e-01 |
   5543 | 8.11080e+00 1.58129e-03 | 2.77084e-01 5.16132e-01 |
   5544 | 8.11238e+00 1.58127e-03 | 2.77230e-01 5.16371e-01 |
   5545 | 8.11397e+00 1.58120e-03 | 2.77377e-01 5.16611e-01 |
   5546 | 8.11555e+00 1.58113e-03 | 2.77524e-01 5.16851e-01 |
   5547 | 8.11713e+00 1.58110e-03 | 2.77671e-01 5.17091e-01 |
   5548 | 8.11871e+00 1.58104e-03 | 2.77818e-01 5.17332e-01 |
   5549 | 8.12029e+00 1.58096e-03 | 2.77966e-01 5.17573e-01 |
   5550 | 8.12187e+00 1.58092e-03 | 2.78114e-01 5.17814e-01 |
   5551 | 8.12345e+00 1.58089e-03 | 2.78262e-01 5.18056e-01 |
   5552 | 8.12503e+00 1.58080e-03 | 2.78410e-01 5.18299e-01 |
   5553 | 8.12661e+00 1.58075e-03 | 2.78559e-01 5.18542e-01 |
   5554 | 8.12819e+00 1.58073e-03 | 2.78707e-01 5.18785e-01 |
   5555 | 8.12977e+00 1.58064e-03 | 2.78856e-01 5.19029e-01 |
   5556 | 8.13136e+00 1.58057e-03 | 2.79006e-01 5.19273e-01 |
   5557 | 8.13294e+00 1.58055e-03 | 2.79155e-01 5.19517e-01 |
   5558 | 8.13452e+00 1.58047e-03 | 2.79305e-01 5.19762e-01 |
   5559 | 8.13610e+00 1.58040e-03 | 2.79455e-01 5.20008e-01 |
   5560 | 8.13768e+00 1.58037e-03 | 2.79605e-01 5.20254e-01 |
   5561 | 8.13926e+00 1.58031e-03 | 2.79756e-01 5.20500e-01 |
   5562 | 8.14084e+00 1.58023e-03 | 2.79906e-01 5.20747e-01 |
   5563 | 8.14242e+00 1.58019e-03 | 2.80057e-01 5.20994e-01 |
   5564 | 8.14400e+00 1.58015e-03 | 2.80208e-01 5.21241e-01 |
   5565 | 8.14558e+00 1.58006e-03 | 2.80360e-01 5.21489e-01 |
   5566 | 8.14716e+00 1.58000e-03 | 2.80511e-01 5.21738e-01 |
   5567 | 8.14874e+00 1.57999e-03 | 2.80663e-01 5.21987e-01 |
   5568 | 8.15032e+00 1.57989e-03 | 2.80816e-01 5.22236e-01 |
   5569 | 8.15190e+00 1.57982e-03 | 2.80968e-01 5.22486e-01 |
   5570 | 8.15348e+00 1.57980e-03 | 2.81121e-01 5.22736e-01 |
   5571 | 8.15506e+00 1.57972e-03 | 2.81273e-01 5.22987e-01 |
   5572 | 8.15664e+00 1.57964e-03 | 2.81427e-01 5.23238e-01 |
   5573 | 8.15822e+00 1.57961e-03 | 2.81580e-01 5.23490e-01 |
   5574 | 8.15980e+00 1.57955e-03 | 2.81733e-01 5.23742e-01 |
   5575 | 8.16138e+00 1.57946e-03 | 2.81887e-01 5.23994e-01 |
   5576 | 8.16295e+00 1.57942e-03 | 2.82041e-01 5.24247e-01 |
   5577 | 8.16301e+00 5.72889e-05 | 2.82052e-01 5.24265e-01 |
   5578 | 8.16459e+00 1.57938e-03 | 2.82201e-01 5.24509e-01 |
   5579 | 8.16617e+00 1.57928e-03 | 2.82356e-01 5.24763e-01 |
   5580 | 8.16775e+00 1.57923e-03 | 2.82511e-01 5.25017e-01 |
   5581 | 8.16933e+00 1.57921e-03 | 2.82666e-01 5.25272e-01 |
   5582 | 8.17091e+00 1.57911e-03 | 2.82821e-01 5.25527e-01 |
   5583 | 8.17249e+00 1.57904e-03 | 2.82977e-01 5.25783e-01 |
   5584 | 8.17407e+00 1.57901e-03 | 2.83133e-01 5.26039e-01 |
   5585 | 8.17565e+00 1.57893e-03 | 2.83289e-01 5.26295e-01 |
   5586 | 8.17722e+00 1.57885e-03 | 2.83445e-01 5.26552e-01 |
   5587 | 8.17880e+00 1.57881e-03 | 2.83602e-01 5.26810e-01 |
   5588 | 8.18038e+00 1.57875e-03 | 2.83759e-01 5.27068e-01 |
   5589 | 8.18196e+00 1.57866e-03 | 2.83916e-01 5.27326e-01 |
   5590 | 8.18354e+00 1.57861e-03 | 2.84073e-01 5.27585e-01 |
   5591 | 8.18512e+00 1.57858e-03 | 2.84231e-01 5.27844e-01 |
   5592 | 8.18670e+00 1.57848e-03 | 2.84388e-01 5.28104e-01 |
   5593 | 8.18827e+00 1.57841e-03 | 2.84546e-01 5.28364e-01 |
   5594 | 8.18985e+00 1.57839e-03 | 2.84705e-01 5.28624e-01 |
   5595 | 8.19143e+00 1.57829e-03 | 2.84863e-01 5.28885e-01 |
   5596 | 8.19301e+00 1.57822e-03 | 2.85022e-01 5.29147e-01 |
   5597 | 8.19459e+00 1.57818e-03 | 2.85181e-01 5.29409e-01 |
   5598 | 8.19617e+00 1.57811e-03 | 2.85341e-01 5.29671e-01 |
   5599 | 8.19774e+00 1.57803e-03 | 2.85500e-01 5.29934e-01 |
   5600 | 8.19932e+00 1.57798e-03 | 2.85660e-01 5.30197e-01 |
   5601 | 8.20090e+00 1.57793e-03 | 2.85820e-01 5.30461e-01 |
   5602 | 8.20248e+00 1.57783e-03 | 2.85981e-01 5.30726e-01 |
   5603 | 8.20406e+00 1.57777e-03 | 2.86141e-01 5.30990e-01 |
   5604 | 8.20563e+00 1.57775e-03 | 2.86302e-01 5.31256e-01 |
   5605 | 8.20721e+00 1.57764e-03 | 2.86463e-01 5.31521e-01 |
   5606 | 8.20879e+00 1.57757e-03 | 2.86625e-01 5.31787e-01 |
   5607 | 8.21037e+00 1.57754e-03 | 2.86786e-01 5.32054e-01 |
   5608 | 8.21194e+00 1.57745e-03 | 2.86948e-01 5.32321e-01 |
   5609 | 8.21352e+00 1.57737e-03 | 2.87110e-01 5.32589e-01 |
   5610 | 8.21510e+00 1.57733e-03 | 2.87273e-01 5.32857e-01 |
   5611 | 8.21667e+00 1.57726e-03 | 2.87436e-01 5.33125e-01 |
   5612 | 8.21825e+00 1.57717e-03 | 2.87599e-01 5.33394e-01 |
   5613 | 8.21983e+00 1.57711e-03 | 2.87762e-01 5.33663e-01 |
   5614 | 8.22141e+00 1.57707e-03 | 2.87925e-01 5.33933e-01 |
   5615 | 8.22298e+00 1.57697e-03 | 2.88089e-01 5.34204e-01 |
   5616 | 8.22456e+00 1.57690e-03 | 2.88253e-01 5.34475e-01 |
   5617 | 8.22614e+00 1.57688e-03 | 2.88417e-01 5.34746e-01 |
   5618 | 8.22629e+00 1.54092e-04 | 2.88439e-01 5.34781e-01 |
   5619 | 8.22787e+00 1.57676e-03 | 2.88598e-01 5.35044e-01 |
   5620 | 8.22944e+00 1.57669e-03 | 2.88763e-01 5.35317e-01 |
   5621 | 8.23102e+00 1.57665e-03 | 2.88928e-01 5.35589e-01 |
   5622 | 8.23260e+00 1.57656e-03 | 2.89093e-01 5.35863e-01 |
   5623 | 8.23417e+00 1.57648e-03 | 2.89259e-01 5.36137e-01 |
   5624 | 8.23575e+00 1.57643e-03 | 2.89424e-01 5.36411e-01 |
   5625 | 8.23733e+00 1.57637e-03 | 2.89591e-01 5.36685e-01 |
   5626 | 8.23890e+00 1.57627e-03 | 2.89757e-01 5.36961e-01 |
   5627 | 8.24048e+00 1.57621e-03 | 2.89924e-01 5.37236e-01 |
   5628 | 8.24206e+00 1.57617e-03 | 2.90091e-01 5.37513e-01 |
   5629 | 8.24363e+00 1.57606e-03 | 2.90258e-01 5.37789e-01 |
   5630 | 8.24521e+00 1.57599e-03 | 2.90425e-01 5.38066e-01 |
   5631 | 8.24678e+00 1.57596e-03 | 2.90593e-01 5.38344e-01 |
   5632 | 8.24836e+00 1.57586e-03 | 2.90761e-01 5.38622e-01 |
   5633 | 8.24994e+00 1.57578e-03 | 2.90929e-01 5.38901e-01 |
   5634 | 8.25151e+00 1.57574e-03 | 2.91098e-01 5.39180e-01 |
   5635 | 8.25309e+00 1.57565e-03 | 2.91267e-01 5.39459e-01 |
   5636 | 8.25466e+00 1.57556e-03 | 2.91436e-01 5.39739e-01 |
   5637 | 8.25624e+00 1.57551e-03 | 2.91605e-01 5.40020e-01 |
   5638 | 8.25781e+00 1.57545e-03 | 2.91775e-01 5.40301e-01 |
   5639 | 8.25939e+00 1.57535e-03 | 2.91944e-01 5.40583e-01 |
   5640 | 8.26096e+00 1.57528e-03 | 2.92115e-01 5.40865e-01 |
   5641 | 8.26254e+00 1.57525e-03 | 2.92285e-01 5.41147e-01 |
   5642 | 8.26411e+00 1.57513e-03 | 2.92456e-01 5.41430e-01 |
   5643 | 8.26569e+00 1.57505e-03 | 2.92627e-01 5.41714e-01 |
   5644 | 8.26726e+00 1.57502e-03 | 2.92798e-01 5.41998e-01 |
   5645 | 8.26884e+00 1.57492e-03 | 2.92969e-01 5.42282e-01 |
   5646 | 8.27041e+00 1.57483e-03 | 2.93141e-01 5.42567e-01 |
   5647 | 8.27199e+00 1.57478e-03 | 2.93313e-01 5.42853e-01 |
   5648 | 8.27356e+00 1.57471e-03 | 2.93486e-01 5.43139e-01 |
   5649 | 8.27514e+00 1.57461e-03 | 2.93658e-01 5.43425e-01 |
   5650 | 8.27671e+00 1.57455e-03 | 2.93831e-01 5.43712e-01 |
   5651 | 8.27829e+00 1.57451e-03 | 2.94004e-01 5.44000e-01 |
   5652 | 8.27986e+00 1.57439e-03 | 2.94178e-01 5.44288e-01 |
   5653 | 8.28144e+00 1.57431e-03 | 2.94351e-01 5.44576e-01 |
   5654 | 8.28301e+00 1.57428e-03 | 2.94525e-01 5.44865e-01 |
   5655 | 8.28458e+00 1.57417e-03 | 2.94700e-01 5.45155e-01 |
   5656 | 8.28616e+00 1.57408e-03 | 2.94874e-01 5.45445e-01 |
   5657 | 8.28773e+00 1.57404e-03 | 2.95049e-01 5.45735e-01 |
   5658 | 8.28931e+00 1.57396e-03 | 2.95224e-01 5.46026e-01 |
   5659 | 8.28957e+00 2.63772e-04 | 2.95259e-01 5.46084e-01 |
   5660 | 8.29114e+00 1.57384e-03 | 2.95429e-01 5.46367e-01 |
   5661 | 8.29272e+00 1.57379e-03 | 2.95605e-01 5.46659e-01 |
   5662 | 8.29429e+00 1.57372e-03 | 2.95781e-01 5.46952e-01 |
   5663 | 8.29587e+00 1.57361e-03 | 2.95957e-01 5.47245e-01 |
   5664 | 8.29744e+00 1.57354e-03 | 2.96134e-01 5.47538e-01 |
   5665 | 8.29901e+00 1.57351e-03 | 2.96310e-01 5.47833e-01 |
   5666 | 8.30059e+00 1.57338e-03 | 2.96488e-01 5.48127e-01 |
   5667 | 8.30216e+00 1.57330e-03 | 2.96665e-01 5.48423e-01 |
   5668 | 8.30373e+00 1.57326e-03 | 2.96843e-01 5.48718e-01 |
   5669 | 8.30531e+00 1.57316e-03 | 2.97021e-01 5.49015e-01 |
   5670 | 8.30688e+00 1.57306e-03 | 2.97199e-01 5.49311e-01 |
   5671 | 8.30845e+00 1.57301e-03 | 2.97377e-01 5.49609e-01 |
   5672 | 8.31002e+00 1.57294e-03 | 2.97556e-01 5.49906e-01 |
   5673 | 8.31160e+00 1.57283e-03 | 2.97735e-01 5.50205e-01 |
   5674 | 8.31317e+00 1.57276e-03 | 2.97915e-01 5.50504e-01 |
   5675 | 8.31474e+00 1.57271e-03 | 2.98094e-01 5.50803e-01 |
   5676 | 8.31632e+00 1.57259e-03 | 2.98274e-01 5.51103e-01 |
   5677 | 8.31789e+00 1.57251e-03 | 2.98455e-01 5.51403e-01 |
   5678 | 8.31946e+00 1.57248e-03 | 2.98635e-01 5.51704e-01 |
   5679 | 8.32103e+00 1.57236e-03 | 2.98816e-01 5.52006e-01 |
   5680 | 8.32260e+00 1.57227e-03 | 2.98997e-01 5.52308e-01 |
   5681 | 8.32418e+00 1.57222e-03 | 2.99179e-01 5.52610e-01 |
   5682 | 8.32575e+00 1.57213e-03 | 2.99360e-01 5.52913e-01 |
   5683 | 8.32732e+00 1.57202e-03 | 2.99542e-01 5.53217e-01 |
   5684 | 8.32889e+00 1.57196e-03 | 2.99725e-01 5.53521e-01 |
   5685 | 8.33047e+00 1.57190e-03 | 2.99907e-01 5.53825e-01 |
   5686 | 8.33204e+00 1.57178e-03 | 3.00090e-01 5.54130e-01 |
   5687 | 8.33361e+00 1.57170e-03 | 3.00273e-01 5.54436e-01 |
   5688 | 8.33518e+00 1.57167e-03 | 3.00457e-01 5.54742e-01 |
   5689 | 8.33675e+00 1.57154e-03 | 3.00640e-01 5.55049e-01 |
   5690 | 8.33832e+00 1.57145e-03 | 3.00824e-01 5.55356e-01 |
   5691 | 8.33989e+00 1.57140e-03 | 3.01009e-01 5.55664e-01 |
   5692 | 8.34147e+00 1.57131e-03 | 3.01193e-01 5.55973e-01 |
   5693 | 8.34304e+00 1.57120e-03 | 3.01378e-01 5.56281e-01 |
   5694 | 8.34461e+00 1.57114e-03 | 3.01564e-01 5.56591e-01 |
   5695 | 8.34618e+00 1.57107e-03 | 3.01749e-01 5.56901e-01 |
   5696 | 8.34775e+00 1.57095e-03 | 3.01935e-01 5.57211e-01 |
   5697 | 8.34932e+00 1.57087e-03 | 3.02121e-01 5.57522e-01 |
   5698 | 8.35089e+00 1.57084e-03 | 3.02307e-01 5.57834e-01 |
   5699 | 8.35246e+00 1.57071e-03 | 3.02494e-01 5.58146e-01 |
   5700 | 8.35285e+00 3.86653e-04 | 3.02545e-01 5.58231e-01 |
   5701 | 8.35442e+00 1.57060e-03 | 3.02727e-01 5.58536e-01 |
   5702 | 8.35599e+00 1.57056e-03 | 3.02915e-01 5.58849e-01 |
   5703 | 8.35756e+00 1.57043e-03 | 3.03102e-01 5.59163e-01 |
   5704 | 8.35913e+00 1.57033e-03 | 3.03290e-01 5.59477e-01 |
   5705 | 8.36070e+00 1.57028e-03 | 3.03478e-01 5.59792e-01 |
   5706 | 8.36227e+00 1.57019e-03 | 3.03667e-01 5.60108e-01 |
   5707 | 8.36384e+00 1.57008e-03 | 3.03856e-01 5.60424e-01 |
   5708 | 8.36541e+00 1.57001e-03 | 3.04045e-01 5.60741e-01 |
   5709 | 8.36698e+00 1.56995e-03 | 3.04235e-01 5.61058e-01 |
   5710 | 8.36855e+00 1.56982e-03 | 3.04424e-01 5.61375e-01 |
   5711 | 8.37012e+00 1.56974e-03 | 3.04614e-01 5.61694e-01 |
   5712 | 8.37169e+00 1.56970e-03 | 3.04805e-01 5.62013e-01 |
   5713 | 8.37326e+00 1.56957e-03 | 3.04995e-01 5.62332e-01 |
   5714 | 8.37483e+00 1.56947e-03 | 3.05186e-01 5.62652e-01 |
   5715 | 8.37640e+00 1.56942e-03 | 3.05378e-01 5.62972e-01 |
   5716 | 8.37797e+00 1.56932e-03 | 3.05569e-01 5.63293e-01 |
   5717 | 8.37954e+00 1.56920e-03 | 3.05761e-01 5.63615e-01 |
   5718 | 8.38111e+00 1.56913e-03 | 3.05953e-01 5.63937e-01 |
   5719 | 8.38268e+00 1.56907e-03 | 3.06146e-01 5.64260e-01 |
   5720 | 8.38425e+00 1.56894e-03 | 3.06339e-01 5.64583e-01 |
   5721 | 8.38581e+00 1.56886e-03 | 3.06532e-01 5.64907e-01 |
   5722 | 8.38738e+00 1.56882e-03 | 3.06725e-01 5.65231e-01 |
   5723 | 8.38895e+00 1.56868e-03 | 3.06919e-01 5.65556e-01 |
   5724 | 8.39052e+00 1.56858e-03 | 3.07113e-01 5.65882e-01 |
   5725 | 8.39209e+00 1.56853e-03 | 3.07308e-01 5.66208e-01 |
   5726 | 8.39366e+00 1.56843e-03 | 3.07502e-01 5.66534e-01 |
   5727 | 8.39523e+00 1.56831e-03 | 3.07697e-01 5.66862e-01 |
   5728 | 8.39679e+00 1.56824e-03 | 3.07893e-01 5.67189e-01 |
   5729 | 8.39836e+00 1.56817e-03 | 3.08088e-01 5.67518e-01 |
   5730 | 8.39993e+00 1.56804e-03 | 3.08284e-01 5.67847e-01 |
   5731 | 8.40150e+00 1.56795e-03 | 3.08480e-01 5.68176e-01 |
   5732 | 8.40307e+00 1.56791e-03 | 3.08677e-01 5.68506e-01 |
   5733 | 8.40463e+00 1.56778e-03 | 3.08874e-01 5.68837e-01 |
   5734 | 8.40620e+00 1.56767e-03 | 3.09071e-01 5.69168e-01 |
   5735 | 8.40777e+00 1.56762e-03 | 3.09268e-01 5.69500e-01 |
   5736 | 8.40934e+00 1.56751e-03 | 3.09466e-01 5.69832e-01 |
   5737 | 8.41090e+00 1.56739e-03 | 3.09664e-01 5.70165e-01 |
   5738 | 8.41247e+00 1.56732e-03 | 3.09863e-01 5.70499e-01 |
   5739 | 8.41404e+00 1.56726e-03 | 3.10061e-01 5.70833e-01 |
   5740 | 8.41561e+00 1.56712e-03 | 3.10261e-01 5.71167e-01 |
   5741 | 8.41613e+00 5.23183e-04 | 3.10332e-01 5.71287e-01 |
   5742 | 8.41770e+00 1.56701e-03 | 3.10527e-01 5.71615e-01 |
   5743 | 8.41926e+00 1.56695e-03 | 3.10726e-01 5.71951e-01 |
   5744 | 8.42083e+00 1.56681e-03 | 3.10926e-01 5.72287e-01 |
   5745 | 8.42240e+00 1.56672e-03 | 3.11127e-01 5.72624e-01 |
   5746 | 8.42396e+00 1.56667e-03 | 3.11328e-01 5.72962e-01 |
   5747 | 8.42553e+00 1.56653e-03 | 3.11529e-01 5.73300e-01 |
   5748 | 8.42710e+00 1.56643e-03 | 3.11730e-01 5.73639e-01 |
   5749 | 8.42866e+00 1.56637e-03 | 3.11932e-01 5.73979e-01 |
   5750 | 8.43023e+00 1.56627e-03 | 3.12134e-01 5.74319e-01 |
   5751 | 8.43179e+00 1.56614e-03 | 3.12336e-01 5.74659e-01 |
   5752 | 8.43336e+00 1.56606e-03 | 3.12539e-01 5.75001e-01 |
   5753 | 8.43493e+00 1.56600e-03 | 3.12742e-01 5.75343e-01 |
   5754 | 8.43649e+00 1.56586e-03 | 3.12945e-01 5.75685e-01 |
   5755 | 8.43806e+00 1.56576e-03 | 3.13149e-01 5.76028e-01 |
   5756 | 8.43962e+00 1.56572e-03 | 3.13353e-01 5.76372e-01 |
   5757 | 8.44119e+00 1.56558e-03 | 3.13557e-01 5.76716e-01 |
   5758 | 8.44275e+00 1.56547e-03 | 3.13762e-01 5.77061e-01 |
   5759 | 8.44432e+00 1.56541e-03 | 3.13967e-01 5.77406e-01 |
   5760 | 8.44589e+00 1.56531e-03 | 3.14172e-01 5.77752e-01 |
   5761 | 8.44745e+00 1.56518e-03 | 3.14378e-01 5.78099e-01 |
   5762 | 8.44902e+00 1.56510e-03 | 3.14584e-01 5.78446e-01 |
   5763 | 8.45058e+00 1.56504e-03 | 3.14790e-01 5.78794e-01 |
   5764 | 8.45215e+00 1.56489e-03 | 3.14997e-01 5.79142e-01 |
   5765 | 8.45371e+00 1.56479e-03 | 3.15204e-01 5.79491e-01 |
   5766 | 8.45528e+00 1.56474e-03 | 3.15411e-01 5.79841e-01 |
   5767 | 8.45684e+00 1.56461e-03 | 3.15618e-01 5.80191e-01 |
   5768 | 8.45840e+00 1.56449e-03 | 3.15826e-01 5.80542e-01 |
   5769 | 8.45997e+00 1.56442e-03 | 3.16035e-01 5.80893e-01 |
   5770 | 8.46153e+00 1.56433e-03 | 3.16243e-01 5.81245e-01 |
   5771 | 8.46310e+00 1.56419e-03 | 3.16452e-01 5.81597e-01 |
   5772 | 8.46466e+00 1.56410e-03 | 3.16661e-01 5.81951e-01 |
   5773 | 8.46623e+00 1.56405e-03 | 3.16871e-01 5.82305e-01 |
   5774 | 8.46779e+00 1.56390e-03 | 3.17081e-01 5.82659e-01 |
   5775 | 8.46935e+00 1.56379e-03 | 3.17291e-01 5.83014e-01 |
   5776 | 8.47092e+00 1.56374e-03 | 3.17502e-01 5.83370e-01 |
   5777 | 8.47248e+00 1.56361e-03 | 3.17713e-01 5.83726e-01 |
   5778 | 8.47404e+00 1.56349e-03 | 3.17924e-01 5.84083e-01 |
   5779 | 8.47561e+00 1.56341e-03 | 3.18135e-01 5.84440e-01 |
   5780 | 8.47717e+00 1.56333e-03 | 3.18347e-01 5.84798e-01 |
   5781 | 8.47873e+00 1.56318e-03 | 3.18560e-01 5.85157e-01 |
   5782 | 8.47941e+00 6.73739e-04 | 3.18655e-01 5.85319e-01 |
   5783 | 8.48097e+00 1.56307e-03 | 3.18864e-01 5.85671e-01 |
   5784 | 8.48253e+00 1.56297e-03 | 3.19077e-01 5.86032e-01 |
   5785 | 8.48410e+00 1.56283e-03 | 3.19290e-01 5.86392e-01 |
   5786 | 8.48566e+00 1.56274e-03 | 3.19504e-01 5.86754e-01 |
   5787 | 8.48722e+00 1.56269e-03 | 3.19718e-01 5.87116e-01 |
   5788 | 8.48878e+00 1.56253e-03 | 3.19933e-01 5.87479e-01 |
   5789 | 8.49035e+00 1.56242e-03 | 3.20147e-01 5.87842e-01 |
   5790 | 8.49191e+00 1.56237e-03 | 3.20362e-01 5.88206e-01 |
   5791 | 8.49347e+00 1.56224e-03 | 3.20578e-01 5.88570e-01 |
   5792 | 8.49503e+00 1.56211e-03 | 3.20794e-01 5.88936e-01 |
   5793 | 8.49660e+00 1.56203e-03 | 3.21010e-01 5.89301e-01 |
   5794 | 8.49816e+00 1.56194e-03 | 3.21226e-01 5.89668e-01 |
   5795 | 8.49972e+00 1.56180e-03 | 3.21443e-01 5.90035e-01 |
   5796 | 8.50128e+00 1.56170e-03 | 3.21660e-01 5.90403e-01 |
   5797 | 8.50284e+00 1.56166e-03 | 3.21878e-01 5.90771e-01 |
   5798 | 8.50440e+00 1.56149e-03 | 3.22096e-01 5.91140e-01 |
   5799 | 8.50597e+00 1.56138e-03 | 3.22314e-01 5.91510e-01 |
   5800 | 8.50753e+00 1.56131e-03 | 3.22533e-01 5.91880e-01 |
   5801 | 8.50909e+00 1.56119e-03 | 3.22751e-01 5.92251e-01 |
   5802 | 8.51065e+00 1.56106e-03 | 3.22971e-01 5.92622e-01 |
   5803 | 8.51221e+00 1.56097e-03 | 3.23190e-01 5.92994e-01 |
   5804 | 8.51377e+00 1.56090e-03 | 3.23410e-01 5.93367e-01 |
   5805 | 8.51533e+00 1.56074e-03 | 3.23631e-01 5.93740e-01 |
   5806 | 8.51689e+00 1.56064e-03 | 3.23851e-01 5.94114e-01 |
   5807 | 8.51845e+00 1.56058e-03 | 3.24072e-01 5.94489e-01 |
   5808 | 8.52001e+00 1.56043e-03 | 3.24293e-01 5.94864e-01 |
   5809 | 8.52157e+00 1.56031e-03 | 3.24515e-01 5.95240e-01 |
   5810 | 8.52313e+00 1.56023e-03 | 3.24737e-01 5.95617e-01 |
   5811 | 8.52469e+00 1.56013e-03 | 3.24960e-01 5.95994e-01 |
   5812 | 8.52625e+00 1.55998e-03 | 3.25182e-01 5.96372e-01 |
   5813 | 8.52781e+00 1.55989e-03 | 3.25405e-01 5.96751e-01 |
   5814 | 8.52937e+00 1.55983e-03 | 3.25629e-01 5.97130e-01 |
   5815 | 8.53093e+00 1.55966e-03 | 3.25853e-01 5.97510e-01 |
   5816 | 8.53249e+00 1.55955e-03 | 3.26077e-01 5.97890e-01 |
   5817 | 8.53405e+00 1.55949e-03 | 3.26301e-01 5.98271e-01 |
   5818 | 8.53561e+00 1.55935e-03 | 3.26526e-01 5.98653e-01 |
   5819 | 8.53717e+00 1.55922e-03 | 3.26752e-01 5.99036e-01 |
   5820 | 8.53873e+00 1.55914e-03 | 3.26977e-01 5.99419e-01 |
   5821 | 8.54029e+00 1.55905e-03 | 3.27203e-01 5.99802e-01 |
   5822 | 8.54185e+00 1.55889e-03 | 3.27429e-01 6.00187e-01 |
   5823 | 8.54269e+00 8.38657e-04 | 3.27555e-01 6.00400e-01 |
   5824 | 8.54425e+00 1.55875e-03 | 3.27778e-01 6.00779e-01 |
   5825 | 8.54580e+00 1.55864e-03 | 3.28005e-01 6.01165e-01 |
   5826 | 8.54736e+00 1.55849e-03 | 3.28233e-01 6.01552e-01 |
   5827 | 8.54892e+00 1.55840e-03 | 3.28461e-01 6.01940e-01 |
   5828 | 8.55048e+00 1.55834e-03 | 3.28689e-01 6.02328e-01 |
   5829 | 8.55204e+00 1.55817e-03 | 3.28918e-01 6.02716e-01 |
   5830 | 8.55360e+00 1.55805e-03 | 3.29147e-01 6.03106e-01 |
   5831 | 8.55515e+00 1.55799e-03 | 3.29376e-01 6.03496e-01 |
   5832 | 8.55671e+00 1.55785e-03 | 3.29606e-01 6.03886e-01 |
   5833 | 8.55827e+00 1.55771e-03 | 3.29836e-01 6.04278e-01 |
   5834 | 8.55983e+00 1.55762e-03 | 3.30067e-01 6.04670e-01 |
   5835 | 8.56138e+00 1.55753e-03 | 3.30297e-01 6.05063e-01 |
   5836 | 8.56294e+00 1.55737e-03 | 3.30529e-01 6.05456e-01 |
   5837 | 8.56450e+00 1.55727e-03 | 3.30760e-01 6.05850e-01 |
   5838 | 8.56606e+00 1.55722e-03 | 3.30992e-01 6.06245e-01 |
   5839 | 8.56761e+00 1.55704e-03 | 3.31224e-01 6.06640e-01 |
   5840 | 8.56917e+00 1.55691e-03 | 3.31457e-01 6.07036e-01 |
   5841 | 8.57073e+00 1.55684e-03 | 3.31690e-01 6.07433e-01 |
   5842 | 8.57228e+00 1.55672e-03 | 3.31923e-01 6.07830e-01 |
   5843 | 8.57384e+00 1.55657e-03 | 3.32157e-01 6.08228e-01 |
   5844 | 8.57540e+00 1.55647e-03 | 3.32391e-01 6.08627e-01 |
   5845 | 8.57695e+00 1.55640e-03 | 3.32626e-01 6.09027e-01 |
   5846 | 8.57851e+00 1.55623e-03 | 3.32861e-01 6.09427e-01 |
   5847 | 8.58007e+00 1.55611e-03 | 3.33096e-01 6.09827e-01 |
   5848 | 8.58162e+00 1.55605e-03 | 3.33332e-01 6.10229e-01 |
   5849 | 8.58318e+00 1.55590e-03 | 3.33568e-01 6.10631e-01 |
   5850 | 8.58473e+00 1.55576e-03 | 3.33804e-01 6.11034e-01 |
   5851 | 8.58629e+00 1.55567e-03 | 3.34041e-01 6.11437e-01 |
   5852 | 8.58784e+00 1.55557e-03 | 3.34278e-01 6.11842e-01 |
   5853 | 8.58940e+00 1.55541e-03 | 3.34515e-01 6.12247e-01 |
   5854 | 8.59096e+00 1.55530e-03 | 3.34753e-01 6.12652e-01 |
   5855 | 8.59251e+00 1.55525e-03 | 3.34991e-01 6.13058e-01 |
   5856 | 8.59407e+00 1.55507e-03 | 3.35230e-01 6.13465e-01 |
   5857 | 8.59562e+00 1.55494e-03 | 3.35469e-01 6.13873e-01 |
   5858 | 8.59718e+00 1.55486e-03 | 3.35708e-01 6.14281e-01 |
   5859 | 8.59873e+00 1.55474e-03 | 3.35948e-01 6.14690e-01 |
   5860 | 8.60028e+00 1.55458e-03 | 3.36188e-01 6.15100e-01 |
   5861 | 8.60184e+00 1.55448e-03 | 3.36429e-01 6.15511e-01 |
   5862 | 8.60339e+00 1.55441e-03 | 3.36670e-01 6.15922e-01 |
   5863 | 8.60495e+00 1.55423e-03 | 3.36911e-01 6.16333e-01 |
   5864 | 8.60597e+00 1.01825e-03 | 3.37072e-01 6.16608e-01 |
   5865 | 8.60752e+00 1.55406e-03 | 3.37311e-01 6.17017e-01 |
   5866 | 8.60907e+00 1.55395e-03 | 3.37553e-01 6.17430e-01 |
   5867 | 8.61063e+00 1.55379e-03 | 3.37796e-01 6.17845e-01 |
   5868 | 8.61218e+00 1.55368e-03 | 3.38039e-01 6.18260e-01 |
   5869 | 8.61374e+00 1.55363e-03 | 3.38282e-01 6.18676e-01 |
   5870 | 8.61529e+00 1.55344e-03 | 3.38526e-01 6.19092e-01 |
   5871 | 8.61684e+00 1.55330e-03 | 3.38770e-01 6.19509e-01 |
   5872 | 8.61840e+00 1.55323e-03 | 3.39015e-01 6.19927e-01 |
   5873 | 8.61995e+00 1.55309e-03 | 3.39260e-01 6.20346e-01 |
   5874 | 8.62150e+00 1.55294e-03 | 3.39505e-01 6.20765e-01 |
   5875 | 8.62305e+00 1.55284e-03 | 3.39751e-01 6.21185e-01 |
   5876 | 8.62461e+00 1.55276e-03 | 3.39997e-01 6.21606e-01 |
   5877 | 8.62616e+00 1.55258e-03 | 3.40243e-01 6.22027e-01 |
   5878 | 8.62771e+00 1.55245e-03 | 3.40490e-01 6.22449e-01 |
   5879 | 8.62926e+00 1.55239e-03 | 3.40738e-01 6.22872e-01 |
   5880 | 8.63082e+00 1.55223e-03 | 3.40985e-01 6.23296e-01 |
   5881 | 8.63237e+00 1.55208e-03 | 3.41233e-01 6.23720e-01 |
   5882 | 8.63392e+00 1.55199e-03 | 3.41482e-01 6.24145e-01 |
   5883 | 8.63547e+00 1.55189e-03 | 3.41731e-01 6.24571e-01 |
   5884 | 8.63702e+00 1.55171e-03 | 3.41980e-01 6.24997e-01 |
   5885 | 8.63858e+00 1.55159e-03 | 3.42229e-01 6.25424e-01 |
   5886 | 8.64013e+00 1.55154e-03 | 3.42479e-01 6.25852e-01 |
   5887 | 8.64168e+00 1.55135e-03 | 3.42730e-01 6.26281e-01 |
   5888 | 8.64323e+00 1.55121e-03 | 3.42981e-01 6.26710e-01 |
   5889 | 8.64478e+00 1.55113e-03 | 3.43232e-01 6.27140e-01 |
   5890 | 8.64633e+00 1.55100e-03 | 3.43483e-01 6.27571e-01 |
   5891 | 8.64788e+00 1.55083e-03 | 3.43735e-01 6.28002e-01 |
   5892 | 8.64943e+00 1.55073e-03 | 3.43988e-01 6.28435e-01 |
   5893 | 8.65098e+00 1.55066e-03 | 3.44240e-01 6.28868e-01 |
   5894 | 8.65253e+00 1.55047e-03 | 3.44494e-01 6.29301e-01 |
   5895 | 8.65408e+00 1.55033e-03 | 3.44747e-01 6.29736e-01 |
   5896 | 8.65564e+00 1.55026e-03 | 3.45001e-01 6.30171e-01 |
   5897 | 8.65719e+00 1.55011e-03 | 3.45255e-01 6.30607e-01 |
   5898 | 8.65874e+00 1.54995e-03 | 3.45510e-01 6.31043e-01 |
   5899 | 8.66029e+00 1.54985e-03 | 3.45765e-01 6.31481e-01 |
   5900 | 8.66183e+00 1.54976e-03 | 3.46021e-01 6.31919e-01 |
   5901 | 8.66338e+00 1.54957e-03 | 3.46277e-01 6.32358e-01 |
   5902 | 8.66493e+00 1.54945e-03 | 3.46533e-01 6.32797e-01 |
   5903 | 8.66648e+00 1.54938e-03 | 3.46790e-01 6.33237e-01 |
   5904 | 8.66803e+00 1.54921e-03 | 3.47047e-01 6.33678e-01 |
   5905 | 8.66925e+00 1.21279e-03 | 3.47250e-01 6.34027e-01 |
   5906 | 8.67079e+00 1.54898e-03 | 3.47506e-01 6.34467e-01 |
   5907 | 8.67234e+00 1.54890e-03 | 3.47765e-01 6.34910e-01 |
   5908 | 8.67389e+00 1.54870e-03 | 3.48023e-01 6.35354e-01 |
   5909 | 8.67544e+00 1.54857e-03 | 3.48282e-01 6.35798e-01 |
   5910 | 8.67699e+00 1.54850e-03 | 3.48542e-01 6.36243e-01 |
   5911 | 8.67854e+00 1.54834e-03 | 3.48802e-01 6.36690e-01 |
   5912 | 8.68009e+00 1.54818e-03 | 3.49062e-01 6.37136e-01 |
   5913 | 8.68163e+00 1.54808e-03 | 3.49323e-01 6.37584e-01 |
   5914 | 8.68318e+00 1.54798e-03 | 3.49584e-01 6.38032e-01 |
   5915 | 8.68473e+00 1.54779e-03 | 3.49845e-01 6.38481e-01 |
   5916 | 8.68628e+00 1.54766e-03 | 3.50107e-01 6.38931e-01 |
   5917 | 8.68782e+00 1.54760e-03 | 3.50370e-01 6.39382e-01 |
   5918 | 8.68937e+00 1.54741e-03 | 3.50632e-01 6.39833e-01 |
   5919 | 8.69092e+00 1.54726e-03 | 3.50895e-01 6.40285e-01 |
   5920 | 8.69247e+00 1.54717e-03 | 3.51159e-01 6.40738e-01 |
   5921 | 8.69401e+00 1.54705e-03 | 3.51423e-01 6.41192e-01 |
   5922 | 8.69556e+00 1.54687e-03 | 3.51687e-01 6.41646e-01 |
   5923 | 8.69711e+00 1.54675e-03 | 3.51952e-01 6.42101e-01 |
   5924 | 8.69865e+00 1.54669e-03 | 3.52217e-01 6.42557e-01 |
   5925 | 8.70020e+00 1.54648e-03 | 3.52483e-01 6.43014e-01 |
   5926 | 8.70175e+00 1.54633e-03 | 3.52749e-01 6.43471e-01 |
   5927 | 8.70329e+00 1.54625e-03 | 3.53015e-01 6.43929e-01 |
   5928 | 8.70484e+00 1.54611e-03 | 3.53282e-01 6.44388e-01 |
   5929 | 8.70638e+00 1.54593e-03 | 3.53550e-01 6.44848e-01 |
   5930 | 8.70793e+00 1.54582e-03 | 3.53817e-01 6.45308e-01 |
   5931 | 8.70948e+00 1.54575e-03 | 3.54085e-01 6.45770e-01 |
   5932 | 8.71102e+00 1.54554e-03 | 3.54354e-01 6.46232e-01 |
   5933 | 8.71257e+00 1.54540e-03 | 3.54623e-01 6.46695e-01 |
   5934 | 8.71411e+00 1.54532e-03 | 3.54892e-01 6.47158e-01 |
   5935 | 8.71566e+00 1.54516e-03 | 3.55162e-01 6.47622e-01 |
   5936 | 8.71720e+00 1.54499e-03 | 3.55432e-01 6.48088e-01 |
   5937 | 8.71875e+00 1.54488e-03 | 3.55703e-01 6.48553e-01 |
   5938 | 8.72029e+00 1.54480e-03 | 3.55974e-01 6.49020e-01 |
   5939 | 8.72184e+00 1.54459e-03 | 3.56245e-01 6.49488e-01 |
   5940 | 8.72338e+00 1.54445e-03 | 3.56517e-01 6.49956e-01 |
   5941 | 8.72493e+00 1.54438e-03 | 3.56790e-01 6.50425e-01 |
   5942 | 8.72647e+00 1.54421e-03 | 3.57062e-01 6.50895e-01 |
   5943 | 8.72801e+00 1.54404e-03 | 3.57335e-01 6.51365e-01 |
   5944 | 8.72956e+00 1.54393e-03 | 3.57609e-01 6.51836e-01 |
   5945 | 8.73110e+00 1.54383e-03 | 3.57883e-01 6.52309e-01 |
   5946 | 8.73252e+00 1.42249e-03 | 3.58137e-01 6.52746e-01 |
   5947 | 8.73407e+00 1.54351e-03 | 3.58411e-01 6.53218e-01 |
   5948 | 8.73561e+00 1.54343e-03 | 3.58686e-01 6.53693e-01 |
   5949 | 8.73715e+00 1.54325e-03 | 3.58962e-01 6.54168e-01 |
   5950 | 8.73870e+00 1.54308e-03 | 3.59238e-01 6.54644e-01 |
   5951 | 8.74024e+00 1.54298e-03 | 3.59514e-01 6.55121e-01 |
   5952 | 8.74178e+00 1.54288e-03 | 3.59791e-01 6.55598e-01 |
   5953 | 8.74333e+00 1.54267e-03 | 3.60069e-01 6.56077e-01 |
   5954 | 8.74487e+00 1.54254e-03 | 3.60346e-01 6.56556e-01 |
   5955 | 8.74641e+00 1.54247e-03 | 3.60625e-01 6.57036e-01 |
   5956 | 8.74795e+00 1.54228e-03 | 3.60903e-01 6.57517e-01 |
   5957 | 8.74950e+00 1.54211e-03 | 3.61182e-01 6.57998e-01 |
   5958 | 8.75104e+00 1.54201e-03 | 3.61462e-01 6.58480e-01 |
   5959 | 8.75258e+00 1.54189e-03 | 3.61742e-01 6.58964e-01 |
   5960 | 8.75412e+00 1.54169e-03 | 3.62022e-01 6.59448e-01 |
   5961 | 8.75566e+00 1.54156e-03 | 3.62303e-01 6.59932e-01 |
   5962 | 8.75720e+00 1.54150e-03 | 3.62584e-01 6.60418e-01 |
   5963 | 8.75875e+00 1.54129e-03 | 3.62866e-01 6.60904e-01 |
   5964 | 8.76029e+00 1.54113e-03 | 3.63148e-01 6.61392e-01 |
   5965 | 8.76183e+00 1.54103e-03 | 3.63431e-01 6.61880e-01 |
   5966 | 8.76337e+00 1.54090e-03 | 3.63714e-01 6.62368e-01 |
   5967 | 8.76491e+00 1.54070e-03 | 3.63997e-01 6.62858e-01 |
   5968 | 8.76645e+00 1.54058e-03 | 3.64281e-01 6.63348e-01 |
   5969 | 8.76799e+00 1.54052e-03 | 3.64565e-01 6.63840e-01 |
   5970 | 8.76953e+00 1.54029e-03 | 3.64850e-01 6.64332e-01 |
   5971 | 8.77107e+00 1.54013e-03 | 3.65135e-01 6.64825e-01 |
   5972 | 8.77261e+00 1.54004e-03 | 3.65421e-01 6.65318e-01 |
   5973 | 8.77415e+00 1.53989e-03 | 3.65707e-01 6.65813e-01 |
   5974 | 8.77569e+00 1.53970e-03 | 3.65994e-01 6.66308e-01 |
   5975 | 8.77723e+00 1.53958e-03 | 3.66281e-01 6.66804e-01 |
   5976 | 8.77877e+00 1.53951e-03 | 3.66568e-01 6.67301e-01 |
   5977 | 8.78031e+00 1.53929e-03 | 3.66856e-01 6.67799e-01 |
   5978 | 8.78185e+00 1.53913e-03 | 3.67144e-01 6.68298e-01 |
   5979 | 8.78339e+00 1.53904e-03 | 3.67433e-01 6.68797e-01 |
   5980 | 8.78493e+00 1.53888e-03 | 3.67722e-01 6.69297e-01 |
   5981 | 8.78646e+00 1.53869e-03 | 3.68012e-01 6.69798e-01 |
   5982 | 8.78800e+00 1.53857e-03 | 3.68302e-01 6.70300e-01 |
   5983 | 8.78954e+00 1.53849e-03 | 3.68592e-01 6.70803e-01 |
   5984 | 8.79108e+00 1.53827e-03 | 3.68883e-01 6.71307e-01 |
   5985 | 8.79262e+00 1.53811e-03 | 3.69175e-01 6.71811e-01 |
   5986 | 8.79416e+00 1.53803e-03 | 3.69467e-01 6.72316e-01 |
   5987 | 8.79569e+00 1.53786e-03 | 3.69759e-01 6.72822e-01 |
   5988 | 8.79580e+00 1.09655e-04 | 3.69789e-01 6.72875e-01 |
   5989 | 8.79734e+00 1.53766e-03 | 3.70073e-01 6.73365e-01 |
   5990 | 8.79888e+00 1.53754e-03 | 3.70366e-01 6.73873e-01 |
   5991 | 8.80042e+00 1.53745e-03 | 3.70659e-01 6.74382e-01 |
   5992 | 8.80195e+00 1.53723e-03 | 3.70954e-01 6.74891e-01 |
   5993 | 8.80349e+00 1.53708e-03 | 3.71248e-01 6.75401e-01 |
   5994 | 8.80503e+00 1.53700e-03 | 3.71543e-01 6.75913e-01 |
   5995 | 8.80656e+00 1.53681e-03 | 3.71839e-01 6.76425e-01 |
   5996 | 8.80810e+00 1.53663e-03 | 3.72135e-01 6.76937e-01 |
   5997 | 8.80964e+00 1.53651e-03 | 3.72431e-01 6.77451e-01 |
   5998 | 8.81117e+00 1.53641e-03 | 3.72728e-01 6.77966e-01 |
   5999 | 8.81271e+00 1.53619e-03 | 3.73025e-01 6.78481e-01 |
   6000 | 8.81425e+00 1.53604e-03 | 3.73323e-01 6.78997e-01 |
   6001 | 8.81578e+00 1.53596e-03 | 3.73621e-01 6.79514e-01 |
   6002 | 8.81732e+00 1.53577e-03 | 3.73920e-01 6.80032e-01 |
   6003 | 8.81885e+00 1.53558e-03 | 3.74219e-01 6.80551e-01 |
   6004 | 8.82039e+00 1.53547e-03 | 3.74519e-01 6.81070e-01 |
   6005 | 8.82192e+00 1.53536e-03 | 3.74819e-01 6.81591e-01 |
   6006 | 8.82346e+00 1.53514e-03 | 3.75119e-01 6.82112e-01 |
   6007 | 8.82499e+00 1.53499e-03 | 3.75420e-01 6.82634e-01 |
   6008 | 8.82653e+00 1.53492e-03 | 3.75721e-01 6.83157e-01 |
   6009 | 8.82806e+00 1.53472e-03 | 3.76023e-01 6.83681e-01 |
   6010 | 8.82960e+00 1.53453e-03 | 3.76326e-01 6.84206e-01 |
   6011 | 8.83113e+00 1.53442e-03 | 3.76628e-01 6.84731e-01 |
   6012 | 8.83267e+00 1.53431e-03 | 3.76932e-01 6.85258e-01 |
   6013 | 8.83420e+00 1.53408e-03 | 3.77235e-01 6.85785e-01 |
   6014 | 8.83574e+00 1.53394e-03 | 3.77540e-01 6.86313e-01 |
   6015 | 8.83727e+00 1.53386e-03 | 3.77844e-01 6.86842e-01 |
   6016 | 8.83880e+00 1.53365e-03 | 3.78149e-01 6.87372e-01 |
   6017 | 8.84034e+00 1.53347e-03 | 3.78455e-01 6.87903e-01 |
   6018 | 8.84187e+00 1.53336e-03 | 3.78761e-01 6.88434e-01 |
   6019 | 8.84340e+00 1.53324e-03 | 3.79068e-01 6.88967e-01 |
   6020 | 8.84494e+00 1.53302e-03 | 3.79375e-01 6.89500e-01 |
   6021 | 8.84647e+00 1.53287e-03 | 3.79682e-01 6.90035e-01 |
   6022 | 8.84800e+00 1.53279e-03 | 3.79990e-01 6.90570e-01 |
   6023 | 8.84953e+00 1.53258e-03 | 3.80298e-01 6.91106e-01 |
   6024 | 8.85107e+00 1.53239e-03 | 3.80607e-01 6.91642e-01 |
   6025 | 8.85260e+00 1.53228e-03 | 3.80916e-01 6.92180e-01 |
   6026 | 8.85413e+00 1.53217e-03 | 3.81226e-01 6.92719e-01 |
   6027 | 8.85566e+00 1.53194e-03 | 3.81537e-01 6.93258e-01 |
   6028 | 8.85719e+00 1.53179e-03 | 3.81847e-01 6.93799e-01 |
   6029 | 8.85873e+00 1.53171e-03 | 3.82158e-01 6.94340e-01 |
   6030 | 8.85908e+00 3.56300e-04 | 3.82239e-01 6.94480e-01 |
   6031 | 8.86061e+00 1.53145e-03 | 3.82543e-01 6.95008e-01 |
   6032 | 8.86215e+00 1.53128e-03 | 3.82855e-01 6.95551e-01 |
   6033 | 8.86368e+00 1.53118e-03 | 3.83168e-01 6.96095e-01 |
   6034 | 8.86521e+00 1.53102e-03 | 3.83481e-01 6.96640e-01 |
   6035 | 8.86674e+00 1.53081e-03 | 3.83795e-01 6.97186e-01 |
   6036 | 8.86827e+00 1.53067e-03 | 3.84109e-01 6.97733e-01 |
   6037 | 8.86980e+00 1.53061e-03 | 3.84423e-01 6.98281e-01 |
   6038 | 8.87133e+00 1.53036e-03 | 3.84738e-01 6.98829e-01 |
   6039 | 8.87286e+00 1.53018e-03 | 3.85054e-01 6.99379e-01 |
   6040 | 8.87439e+00 1.53008e-03 | 3.85370e-01 6.99929e-01 |
   6041 | 8.87592e+00 1.52993e-03 | 3.85687e-01 7.00480e-01 |
   6042 | 8.87745e+00 1.52971e-03 | 3.86004e-01 7.01032e-01 |
   6043 | 8.87898e+00 1.52957e-03 | 3.86321e-01 7.01585e-01 |
   6044 | 8.88051e+00 1.52951e-03 | 3.86639e-01 7.02139e-01 |
   6045 | 8.88204e+00 1.52926e-03 | 3.86958e-01 7.02694e-01 |
   6046 | 8.88357e+00 1.52908e-03 | 3.87277e-01 7.03249e-01 |
   6047 | 8.88510e+00 1.52897e-03 | 3.87596e-01 7.03806e-01 |
   6048 | 8.88663e+00 1.52882e-03 | 3.87916e-01 7.04364e-01 |
   6049 | 8.88815e+00 1.52860e-03 | 3.88236e-01 7.04922e-01 |
   6050 | 8.88968e+00 1.52846e-03 | 3.88557e-01 7.05481e-01 |
   6051 | 8.89121e+00 1.52839e-03 | 3.88878e-01 7.06041e-01 |
   6052 | 8.89274e+00 1.52814e-03 | 3.89200e-01 7.06602e-01 |
   6053 | 8.89427e+00 1.52796e-03 | 3.89523e-01 7.07164e-01 |
   6054 | 8.89579e+00 1.52786e-03 | 3.89845e-01 7.07727e-01 |
   6055 | 8.89732e+00 1.52771e-03 | 3.90169e-01 7.08291e-01 |
   6056 | 8.89885e+00 1.52748e-03 | 3.90492e-01 7.08856e-01 |
   6057 | 8.90038e+00 1.52734e-03 | 3.90817e-01 7.09422e-01 |
   6058 | 8.90190e+00 1.52727e-03 | 3.91141e-01 7.09988e-01 |
   6059 | 8.90343e+00 1.52702e-03 | 3.91467e-01 7.10556e-01 |
   6060 | 8.90496e+00 1.52684e-03 | 3.91792e-01 7.11124e-01 |
   6061 | 8.90649e+00 1.52673e-03 | 3.92119e-01 7.11693e-01 |
   6062 | 8.90801e+00 1.52658e-03 | 3.92445e-01 7.12263e-01 |
   6063 | 8.90954e+00 1.52635e-03 | 3.92773e-01 7.12835e-01 |
   6064 | 8.91106e+00 1.52620e-03 | 3.93100e-01 7.13407e-01 |
   6065 | 8.91259e+00 1.52613e-03 | 3.93428e-01 7.13980e-01 |
   6066 | 8.91412e+00 1.52589e-03 | 3.93757e-01 7.14554e-01 |
   6067 | 8.91564e+00 1.52570e-03 | 3.94086e-01 7.15128e-01 |
   6068 | 8.91717e+00 1.52558e-03 | 3.94416e-01 7.15704e-01 |
   6069 | 8.91869e+00 1.52545e-03 | 3.94746e-01 7.16281e-01 |
   6070 | 8.92022e+00 1.52522e-03 | 3.95077e-01 7.16858e-01 |
   6071 | 8.92174e+00 1.52506e-03 | 3.95408e-01 7.17437e-01 |
   6072 | 8.92236e+00 6.18707e-04 | 3.95549e-01 7.17683e-01 |
   6073 | 8.92389e+00 1.52491e-03 | 3.95874e-01 7.18252e-01 |
   6074 | 8.92541e+00 1.52466e-03 | 3.96206e-01 7.18832e-01 |
   6075 | 8.92694e+00 1.52449e-03 | 3.96539e-01 7.19414e-01 |
   6076 | 8.92846e+00 1.52441e-03 | 3.96873e-01 7.19997e-01 |
   6077 | 8.92998e+00 1.52420e-03 | 3.97206e-01 7.20580e-01 |
   6078 | 8.93151e+00 1.52399e-03 | 3.97541e-01 7.21165e-01 |
   6079 | 8.93303e+00 1.52386e-03 | 3.97875e-01 7.21750e-01 |
   6080 | 8.93456e+00 1.52377e-03 | 3.98211e-01 7.22337e-01 |
   6081 | 8.93608e+00 1.52351e-03 | 3.98547e-01 7.22924e-01 |
   6082 | 8.93760e+00 1.52334e-03 | 3.98883e-01 7.23512e-01 |
   6083 | 8.93913e+00 1.52324e-03 | 3.99220e-01 7.24101e-01 |
   6084 | 8.94065e+00 1.52305e-03 | 3.99557e-01 7.24692e-01 |
   6085 | 8.94217e+00 1.52283e-03 | 3.99895e-01 7.25283e-01 |
   6086 | 8.94369e+00 1.52269e-03 | 4.00233e-01 7.25875e-01 |
   6087 | 8.94522e+00 1.52262e-03 | 4.00572e-01 7.26468e-01 |
   6088 | 8.94674e+00 1.52235e-03 | 4.00911e-01 7.27062e-01 |
   6089 | 8.94826e+00 1.52217e-03 | 4.01251e-01 7.27656e-01 |
   6090 | 8.94978e+00 1.52207e-03 | 4.01591e-01 7.28252e-01 |
   6091 | 8.95131e+00 1.52189e-03 | 4.01932e-01 7.28849e-01 |
   6092 | 8.95283e+00 1.52166e-03 | 4.02274e-01 7.29447e-01 |
   6093 | 8.95435e+00 1.52152e-03 | 4.02616e-01 7.30045e-01 |
   6094 | 8.95587e+00 1.52145e-03 | 4.02958e-01 7.30645e-01 |
   6095 | 8.95739e+00 1.52118e-03 | 4.03301e-01 7.31246e-01 |
   6096 | 8.95891e+00 1.52099e-03 | 4.03644e-01 7.31847e-01 |
   6097 | 8.96043e+00 1.52088e-03 | 4.03988e-01 7.32450e-01 |
   6098 | 8.96195e+00 1.52072e-03 | 4.04332e-01 7.33053e-01 |
   6099 | 8.96347e+00 1.52048e-03 | 4.04677e-01 7.33658e-01 |
   6100 | 8.96500e+00 1.52033e-03 | 4.05023e-01 7.34263e-01 |
   6101 | 8.96652e+00 1.52026e-03 | 4.05369e-01 7.34869e-01 |
   6102 | 8.96804e+00 1.52000e-03 | 4.05715e-01 7.35477e-01 |
   6103 | 8.96956e+00 1.51980e-03 | 4.06062e-01 7.36085e-01 |
   6104 | 8.97107e+00 1.51968e-03 | 4.06409e-01 7.36694e-01 |
   6105 | 8.97259e+00 1.51955e-03 | 4.06757e-01 7.37305e-01 |
   6106 | 8.97411e+00 1.51930e-03 | 4.07106e-01 7.37916e-01 |
   6107 | 8.97563e+00 1.51913e-03 | 4.07455e-01 7.38528e-01 |
   6108 | 8.97715e+00 1.51905e-03 | 4.07804e-01 7.39141e-01 |
   6109 | 8.97867e+00 1.51882e-03 | 4.08155e-01 7.39755e-01 |
   6110 | 8.98019e+00 1.51860e-03 | 4.08505e-01 7.40370e-01 |
   6111 | 8.98171e+00 1.51848e-03 | 4.08856e-01 7.40986e-01 |
   6112 | 8.98323e+00 1.51836e-03 | 4.09208e-01 7.41603e-01 |
   6113 | 8.98474e+00 1.51810e-03 | 4.09560e-01 7.42221e-01 |
   6114 | 8.98564e+00 8.96754e-04 | 4.09773e-01 7.42595e-01 |
   6115 | 8.98716e+00 1.51786e-03 | 4.10121e-01 7.43206e-01 |
   6116 | 8.98868e+00 1.51774e-03 | 4.10474e-01 7.43827e-01 |
   6117 | 8.99019e+00 1.51748e-03 | 4.10828e-01 7.44448e-01 |
   6118 | 8.99171e+00 1.51731e-03 | 4.11183e-01 7.45071e-01 |
   6119 | 8.99323e+00 1.51722e-03 | 4.11538e-01 7.45694e-01 |
   6120 | 8.99475e+00 1.51700e-03 | 4.11893e-01 7.46319e-01 |
   6121 | 8.99626e+00 1.51678e-03 | 4.12249e-01 7.46944e-01 |
   6122 | 8.99778e+00 1.51664e-03 | 4.12606e-01 7.47571e-01 |
   6123 | 8.99930e+00 1.51654e-03 | 4.12963e-01 7.48198e-01 |
   6124 | 9.00081e+00 1.51627e-03 | 4.13321e-01 7.48827e-01 |
   6125 | 9.00233e+00 1.51609e-03 | 4.13679e-01 7.49456e-01 |
   6126 | 9.00384e+00 1.51599e-03 | 4.14037e-01 7.50087e-01 |
   6127 | 9.00536e+00 1.51579e-03 | 4.14397e-01 7.50718e-01 |
   6128 | 9.00688e+00 1.51556e-03 | 4.14756e-01 7.51350e-01 |
   6129 | 9.00839e+00 1.51541e-03 | 4.15117e-01 7.51984e-01 |
   6130 | 9.00991e+00 1.51534e-03 | 4.15477e-01 7.52618e-01 |
   6131 | 9.01142e+00 1.51505e-03 | 4.15839e-01 7.53254e-01 |
   6132 | 9.01294e+00 1.51486e-03 | 4.16200e-01 7.53890e-01 |
   6133 | 9.01445e+00 1.51474e-03 | 4.16563e-01 7.54527e-01 |
   6134 | 9.01597e+00 1.51458e-03 | 4.16926e-01 7.55166e-01 |
   6135 | 9.01748e+00 1.51433e-03 | 4.17289e-01 7.55805e-01 |
   6136 | 9.01899e+00 1.51417e-03 | 4.17653e-01 7.56446e-01 |
   6137 | 9.02051e+00 1.51409e-03 | 4.18017e-01 7.57087e-01 |
   6138 | 9.02202e+00 1.51383e-03 | 4.18382e-01 7.57729e-01 |
   6139 | 9.02354e+00 1.51362e-03 | 4.18748e-01 7.58373e-01 |
   6140 | 9.02505e+00 1.51349e-03 | 4.19114e-01 7.59017e-01 |
   6141 | 9.02656e+00 1.51336e-03 | 4.19481e-01 7.59663e-01 |
   6142 | 9.02808e+00 1.51310e-03 | 4.19848e-01 7.60309e-01 |
   6143 | 9.02959e+00 1.51292e-03 | 4.20215e-01 7.60957e-01 |
   6144 | 9.03110e+00 1.51283e-03 | 4.20583e-01 7.61605e-01 |
   6145 | 9.03261e+00 1.51260e-03 | 4.20952e-01 7.62255e-01 |
   6146 | 9.03413e+00 1.51237e-03 | 4.21321e-01 7.62905e-01 |
   6147 | 9.03564e+00 1.51223e-03 | 4.21691e-01 7.63557e-01 |
   6148 | 9.03715e+00 1.51214e-03 | 4.22062e-01 7.64209e-01 |
   6149 | 9.03866e+00 1.51185e-03 | 4.22432e-01 7.64863e-01 |
   6150 | 9.04017e+00 1.51166e-03 | 4.22804e-01 7.65517e-01 |
   6151 | 9.04169e+00 1.51156e-03 | 4.23176e-01 7.66173e-01 |
   6152 | 9.04320e+00 1.51136e-03 | 4.23548e-01 7.66830e-01 |
   6153 | 9.04471e+00 1.51112e-03 | 4.23921e-01 7.67487e-01 |
   6154 | 9.04622e+00 1.51096e-03 | 4.24295e-01 7.68146e-01 |
   6155 | 9.04773e+00 1.51090e-03 | 4.24669e-01 7.68806e-01 |
   6156 | 9.04892e+00 1.19041e-03 | 4.24966e-01 7.69331e-01 |
   6157 | 9.05043e+00 1.51043e-03 | 4.25339e-01 7.69988e-01 |
   6158 | 9.05194e+00 1.51030e-03 | 4.25715e-01 7.70651e-01 |
   6159 | 9.05345e+00 1.51019e-03 | 4.26091e-01 7.71314e-01 |
   6160 | 9.05496e+00 1.50991e-03 | 4.26467e-01 7.71979e-01 |
   6161 | 9.05647e+00 1.50972e-03 | 4.26845e-01 7.72645e-01 |
   6162 | 9.05798e+00 1.50962e-03 | 4.27222e-01 7.73311e-01 |
   6163 | 9.05949e+00 1.50941e-03 | 4.27601e-01 7.73979e-01 |
   6164 | 9.06100e+00 1.50917e-03 | 4.27980e-01 7.74648e-01 |
   6165 | 9.06251e+00 1.50901e-03 | 4.28359e-01 7.75318e-01 |
   6166 | 9.06402e+00 1.50895e-03 | 4.28739e-01 7.75989e-01 |
   6167 | 9.06553e+00 1.50865e-03 | 4.29119e-01 7.76660e-01 |
   6168 | 9.06703e+00 1.50844e-03 | 4.29500e-01 7.77333e-01 |
   6169 | 9.06854e+00 1.50832e-03 | 4.29882e-01 7.78007e-01 |
   6170 | 9.07005e+00 1.50816e-03 | 4.30264e-01 7.78682e-01 |
   6171 | 9.07156e+00 1.50789e-03 | 4.30647e-01 7.79359e-01 |
   6172 | 9.07307e+00 1.50772e-03 | 4.31030e-01 7.80036e-01 |
   6173 | 9.07457e+00 1.50764e-03 | 4.31414e-01 7.80714e-01 |
   6174 | 9.07608e+00 1.50738e-03 | 4.31798e-01 7.81393e-01 |
   6175 | 9.07759e+00 1.50715e-03 | 4.32183e-01 7.82073e-01 |
   6176 | 9.07910e+00 1.50702e-03 | 4.32568e-01 7.82755e-01 |
   6177 | 9.08060e+00 1.50690e-03 | 4.32954e-01 7.83437e-01 |
   6178 | 9.08211e+00 1.50661e-03 | 4.33341e-01 7.84121e-01 |
   6179 | 9.08362e+00 1.50642e-03 | 4.33728e-01 7.84805e-01 |
   6180 | 9.08512e+00 1.50633e-03 | 4.34116e-01 7.85491e-01 |
   6181 | 9.08663e+00 1.50611e-03 | 4.34504e-01 7.86177e-01 |
   6182 | 9.08813e+00 1.50586e-03 | 4.34892e-01 7.86865e-01 |
   6183 | 9.08964e+00 1.50570e-03 | 4.35282e-01 7.87554e-01 |
   6184 | 9.09114e+00 1.50564e-03 | 4.35672e-01 7.88244e-01 |
   6185 | 9.09265e+00 1.50533e-03 | 4.36062e-01 7.88934e-01 |
   6186 | 9.09416e+00 1.50512e-03 | 4.36453e-01 7.89626e-01 |
   6187 | 9.09566e+00 1.50500e-03 | 4.36844e-01 7.90319e-01 |
   6188 | 9.09717e+00 1.50483e-03 | 4.37237e-01 7.91013e-01 |
   6189 | 9.09867e+00 1.50456e-03 | 4.37629e-01 7.91709e-01 |
   6190 | 9.10017e+00 1.50439e-03 | 4.38022e-01 7.92405e-01 |
   6191 | 9.10168e+00 1.50431e-03 | 4.38416e-01 7.93102e-01 |
   6192 | 9.10318e+00 1.50404e-03 | 4.38810e-01 7.93800e-01 |
   6193 | 9.10469e+00 1.50381e-03 | 4.39205e-01 7.94500e-01 |
   6194 | 9.10619e+00 1.50367e-03 | 4.39601e-01 7.95200e-01 |
   6195 | 9.10769e+00 1.50355e-03 | 4.39997e-01 7.95902e-01 |
   6196 | 9.10920e+00 1.50326e-03 | 4.40393e-01 7.96604e-01 |
   6197 | 9.11070e+00 1.50306e-03 | 4.40790e-01 7.97308e-01 |
   6198 | 9.11220e+00 1.49961e-03 | 4.41187e-01 7.98011e-01 |
   6199 | 9.11370e+00 1.50275e-03 | 4.41585e-01 7.98717e-01 |
   6200 | 9.11520e+00 1.50249e-03 | 4.41984e-01 7.99424e-01 |
   6201 | 9.11671e+00 1.50233e-03 | 4.42383e-01 8.00132e-01 |
   6202 | 9.11821e+00 1.50227e-03 | 4.42783e-01 8.00841e-01 |
   6203 | 9.11971e+00 1.50196e-03 | 4.43184e-01 8.01552e-01 |
   6204 | 9.12121e+00 1.50174e-03 | 4.43585e-01 8.02263e-01 |
   6205 | 9.12271e+00 1.50161e-03 | 4.43986e-01 8.02975e-01 |
   6206 | 9.12422e+00 1.50146e-03 | 4.44388e-01 8.03689e-01 |
   6207 | 9.12572e+00 1.50117e-03 | 4.44791e-01 8.04403e-01 |
   6208 | 9.12722e+00 1.50099e-03 | 4.45194e-01 8.05119e-01 |
   6209 | 9.12872e+00 1.50091e-03 | 4.45598e-01 8.05836e-01 |
   6210 | 9.13022e+00 1.50065e-03 | 4.46003e-01 8.06553e-01 |
   6211 | 9.13172e+00 1.50040e-03 | 4.46408e-01 8.07272e-01 |
   6212 | 9.13322e+00 1.50026e-03 | 4.46813e-01 8.07992e-01 |
   6213 | 9.13472e+00 1.50016e-03 | 4.47219e-01 8.08713e-01 |
   6214 | 9.13622e+00 1.49985e-03 | 4.47626e-01 8.09436e-01 |
   6215 | 9.13772e+00 1.49964e-03 | 4.48033e-01 8.10159e-01 |
   6216 | 9.13922e+00 1.49953e-03 | 4.48441e-01 8.10883e-01 |
   6217 | 9.14072e+00 1.49934e-03 | 4.48849e-01 8.11609e-01 |
   6218 | 9.14222e+00 1.49907e-03 | 4.49258e-01 8.12335e-01 |
   6219 | 9.14372e+00 1.49890e-03 | 4.49668e-01 8.13063e-01 |
   6220 | 9.14522e+00 1.49882e-03 | 4.50078e-01 8.13792e-01 |
   6221 | 9.14671e+00 1.49853e-03 | 4.50489e-01 8.14522e-01 |
   6222 | 9.14821e+00 1.49829e-03 | 4.50900e-01 8.15253e-01 |
   6223 | 9.14971e+00 1.49816e-03 | 4.51312e-01 8.15985e-01 |
   6224 | 9.15121e+00 1.49803e-03 | 4.51724e-01 8.16718e-01 |
   6225 | 9.15271e+00 1.49773e-03 | 4.52137e-01 8.17453e-01 |
   6226 | 9.15420e+00 1.49753e-03 | 4.52551e-01 8.18188e-01 |
   6227 | 9.15570e+00 1.49743e-03 | 4.52965e-01 8.18925e-01 |
   6228 | 9.15720e+00 1.49721e-03 | 4.53380e-01 8.19662e-01 |
   6229 | 9.15870e+00 1.49694e-03 | 4.53795e-01 8.20401e-01 |
   6230 | 9.16019e+00 1.49678e-03 | 4.54211e-01 8.21141e-01 |
   6231 | 9.16169e+00 1.49672e-03 | 4.54627e-01 8.21882e-01 |
   6232 | 9.16319e+00 1.49639e-03 | 4.55044e-01 8.22624e-01 |
   6233 | 9.16468e+00 1.49617e-03 | 4.55462e-01 8.23368e-01 |
   6234 | 9.16618e+00 1.49604e-03 | 4.55880e-01 8.24112e-01 |
   6235 | 9.16767e+00 1.49588e-03 | 4.56299e-01 8.24858e-01 |
   6236 | 9.16917e+00 1.49559e-03 | 4.56718e-01 8.25604e-01 |
   6237 | 9.17066e+00 1.49540e-03 | 4.57138e-01 8.26352e-01 |
   6238 | 9.17216e+00 1.49531e-03 | 4.57558e-01 8.27101e-01 |
   6239 | 9.17365e+00 1.49506e-03 | 4.57979e-01 8.27851e-01 |
   6240 | 9.17515e+00 1.49480e-03 | 4.58401e-01 8.28602e-01 |
   6241 | 9.17548e+00 3.28851e-04 | 4.58505e-01 8.28787e-01 |
   6242 | 9.17697e+00 1.49462e-03 | 4.58916e-01 8.29520e-01 |
   6243 | 9.17847e+00 1.49448e-03 | 4.59339e-01 8.30274e-01 |
   6244 | 9.17996e+00 1.49418e-03 | 4.59763e-01 8.31029e-01 |
   6245 | 9.18146e+00 1.49398e-03 | 4.60187e-01 8.31784e-01 |
   6246 | 9.18295e+00 1.49389e-03 | 4.60612e-01 8.32542e-01 |
   6247 | 9.18444e+00 1.49365e-03 | 4.61037e-01 8.33300e-01 |
   6248 | 9.18594e+00 1.49338e-03 | 4.61463e-01 8.34059e-01 |
   6249 | 9.18743e+00 1.49322e-03 | 4.61889e-01 8.34820e-01 |
   6250 | 9.18892e+00 1.49316e-03 | 4.62316e-01 8.35581e-01 |
   6251 | 9.19042e+00 1.49282e-03 | 4.62744e-01 8.36344e-01 |
   6252 | 9.19191e+00 1.49259e-03 | 4.63172e-01 8.37108e-01 |
   6253 | 9.19340e+00 1.49247e-03 | 4.63601e-01 8.37873e-01 |
   6254 | 9.19489e+00 1.49231e-03 | 4.64030e-01 8.38639e-01 |
   6255 | 9.19639e+00 1.49201e-03 | 4.64460e-01 8.39406e-01 |
   6256 | 9.19788e+00 1.49181e-03 | 4.64891e-01 8.40175e-01 |
   6257 | 9.19937e+00 1.49172e-03 | 4.65322e-01 8.40945e-01 |
   6258 | 9.20086e+00 1.49146e-03 | 4.65753e-01 8.41715e-01 |
   6259 | 9.20235e+00 1.49120e-03 | 4.66186e-01 8.42487e-01 |
   6260 | 9.20384e+00 1.49104e-03 | 4.66619e-01 8.43260e-01 |
   6261 | 9.20533e+00 1.49097e-03 | 4.67052e-01 8.44035e-01 |
   6262 | 9.20682e+00 1.49063e-03 | 4.67486e-01 8.44810e-01 |
   6263 | 9.20831e+00 1.49041e-03 | 4.67921e-01 8.45586e-01 |
   6264 | 9.20980e+00 1.49029e-03 | 4.68356e-01 8.46364e-01 |
   6265 | 9.21129e+00 1.49011e-03 | 4.68792e-01 8.47143e-01 |
   6266 | 9.21278e+00 1.48981e-03 | 4.69228e-01 8.47923e-01 |
   6267 | 9.21427e+00 1.48962e-03 | 4.69665e-01 8.48704e-01 |
   6268 | 9.21576e+00 1.48954e-03 | 4.70103e-01 8.49486e-01 |
   6269 | 9.21725e+00 1.48926e-03 | 4.70541e-01 8.50270e-01 |
   6270 | 9.21874e+00 1.48900e-03 | 4.70980e-01 8.51055e-01 |
   6271 | 9.22023e+00 1.48885e-03 | 4.71420e-01 8.51840e-01 |
   6272 | 9.22172e+00 1.48876e-03 | 4.71860e-01 8.52627e-01 |
   6273 | 9.22321e+00 1.48843e-03 | 4.72300e-01 8.53416e-01 |
   6274 | 9.22470e+00 1.48820e-03 | 4.72741e-01 8.54205e-01 |
   6275 | 9.22618e+00 1.48808e-03 | 4.73183e-01 8.54995e-01 |
   6276 | 9.22767e+00 1.48790e-03 | 4.73626e-01 8.55787e-01 |
   6277 | 9.22916e+00 1.48760e-03 | 4.74069e-01 8.56580e-01 |
   6278 | 9.23065e+00 1.48741e-03 | 4.74512e-01 8.57374e-01 |
   6279 | 9.23213e+00 1.48733e-03 | 4.74956e-01 8.58169e-01 |
   6280 | 9.23362e+00 1.48705e-03 | 4.75401e-01 8.58965e-01 |
   6281 | 9.23511e+00 1.48678e-03 | 4.75846e-01 8.59763e-01 |
   6282 | 9.23660e+00 1.48663e-03 | 4.76292e-01 8.60562e-01 |
   6283 | 9.23808e+00 1.48654e-03 | 4.76739e-01 8.61361e-01 |
   6284 | 9.23876e+00 6.75969e-04 | 4.76950e-01 8.61739e-01 |
   6285 | 9.24024e+00 1.48609e-03 | 4.77390e-01 8.62527e-01 |
   6286 | 9.24173e+00 1.48591e-03 | 4.77838e-01 8.63330e-01 |
   6287 | 9.24322e+00 1.48584e-03 | 4.78287e-01 8.64134e-01 |
   6288 | 9.24470e+00 1.48552e-03 | 4.78736e-01 8.64939e-01 |
   6289 | 9.24619e+00 1.48527e-03 | 4.79186e-01 8.65745e-01 |
   6290 | 9.24767e+00 1.48513e-03 | 4.79636e-01 8.66553e-01 |
   6291 | 9.24916e+00 1.48501e-03 | 4.80087e-01 8.67362e-01 |
   6292 | 9.25064e+00 1.48468e-03 | 4.80539e-01 8.68172e-01 |
   6293 | 9.25213e+00 1.48446e-03 | 4.80991e-01 8.68983e-01 |
   6294 | 9.25361e+00 1.48435e-03 | 4.81444e-01 8.69795e-01 |
   6295 | 9.25509e+00 1.48413e-03 | 4.81897e-01 8.70608e-01 |
   6296 | 9.25658e+00 1.48384e-03 | 4.82351e-01 8.71423e-01 |
   6297 | 9.25806e+00 1.48366e-03 | 4.82806e-01 8.72239e-01 |
   6298 | 9.25955e+00 1.48359e-03 | 4.83261e-01 8.73056e-01 |
   6299 | 9.26103e+00 1.48327e-03 | 4.83717e-01 8.73874e-01 |
   6300 | 9.26251e+00 1.48302e-03 | 4.84174e-01 8.74694e-01 |
   6301 | 9.26399e+00 1.48287e-03 | 4.84631e-01 8.75514e-01 |
   6302 | 9.26548e+00 1.48276e-03 | 4.85089e-01 8.76336e-01 |
   6303 | 9.26696e+00 1.48242e-03 | 4.85547e-01 8.77159e-01 |
   6304 | 9.26844e+00 1.48220e-03 | 4.86006e-01 8.77983e-01 |
   6305 | 9.26992e+00 1.48209e-03 | 4.86465e-01 8.78809e-01 |
   6306 | 9.27141e+00 1.48188e-03 | 4.86926e-01 8.79636e-01 |
   6307 | 9.27289e+00 1.48158e-03 | 4.87386e-01 8.80463e-01 |
   6308 | 9.27437e+00 1.48139e-03 | 4.87848e-01 8.81292e-01 |
   6309 | 9.27585e+00 1.48132e-03 | 4.88310e-01 8.82123e-01 |
   6310 | 9.27733e+00 1.48101e-03 | 4.88772e-01 8.82954e-01 |
   6311 | 9.27881e+00 1.48074e-03 | 4.89236e-01 8.83787e-01 |
   6312 | 9.28029e+00 1.48059e-03 | 4.89699e-01 8.84621e-01 |
   6313 | 9.28177e+00 1.48050e-03 | 4.90164e-01 8.85456e-01 |
   6314 | 9.28325e+00 1.48015e-03 | 4.90629e-01 8.86292e-01 |
   6315 | 9.28473e+00 1.47992e-03 | 4.91094e-01 8.87130e-01 |
   6316 | 9.28621e+00 1.47980e-03 | 4.91561e-01 8.87969e-01 |
   6317 | 9.28769e+00 1.47961e-03 | 4.92028e-01 8.88809e-01 |
   6318 | 9.28917e+00 1.47930e-03 | 4.92495e-01 8.89650e-01 |
   6319 | 9.29065e+00 1.47910e-03 | 4.92963e-01 8.90492e-01 |
   6320 | 9.29213e+00 1.47902e-03 | 4.93432e-01 8.91336e-01 |
   6321 | 9.29361e+00 1.47873e-03 | 4.93901e-01 8.92181e-01 |
   6322 | 9.29509e+00 1.47845e-03 | 4.94371e-01 8.93027e-01 |
   6323 | 9.29657e+00 1.47829e-03 | 4.94842e-01 8.93874e-01 |
   6324 | 9.29804e+00 1.47822e-03 | 4.95313e-01 8.94723e-01 |
   6325 | 9.29952e+00 1.47786e-03 | 4.95785e-01 8.95573e-01 |
   6326 | 9.30100e+00 1.47762e-03 | 4.96257e-01 8.96424e-01 |
   6327 | 9.30204e+00 1.03797e-03 | 4.96593e-01 8.97029e-01 |
   6328 | 9.30351e+00 1.47744e-03 | 4.97063e-01 8.97875e-01 |
   6329 | 9.30499e+00 1.47708e-03 | 4.97537e-01 8.98730e-01 |
   6330 | 9.30647e+00 1.47684e-03 | 4.98011e-01 8.99585e-01 |
   6331 | 9.30794e+00 1.47672e-03 | 4.98487e-01 9.00442e-01 |
   6332 | 9.30942e+00 1.47655e-03 | 4.98963e-01 9.01300e-01 |
   6333 | 9.31090e+00 1.47622e-03 | 4.99439e-01 9.02159e-01 |
   6334 | 9.31237e+00 1.47601e-03 | 4.99916e-01 9.03020e-01 |
   6335 | 9.31385e+00 1.47593e-03 | 5.00394e-01 9.03882e-01 |
   6336 | 9.31533e+00 1.47566e-03 | 5.00873e-01 9.04745e-01 |
   6337 | 9.31680e+00 1.47537e-03 | 5.01352e-01 9.05609e-01 |
   6338 | 9.31828e+00 1.47519e-03 | 5.01831e-01 9.06474e-01 |
   6339 | 9.31975e+00 1.47514e-03 | 5.02312e-01 9.07341e-01 |
   6340 | 9.32123e+00 1.47477e-03 | 5.02792e-01 9.08209e-01 |
   6341 | 9.32270e+00 1.47452e-03 | 5.03274e-01 9.09078e-01 |
   6342 | 9.32417e+00 1.47438e-03 | 5.03756e-01 9.09949e-01 |
   6343 | 9.32565e+00 1.47424e-03 | 5.04239e-01 9.10820e-01 |
   6344 | 9.32712e+00 1.47390e-03 | 5.04722e-01 9.11693e-01 |
   6345 | 9.32860e+00 1.47368e-03 | 5.05206e-01 9.12567e-01 |
   6346 | 9.33007e+00 1.47358e-03 | 5.05691e-01 9.13443e-01 |
   6347 | 9.33154e+00 1.47334e-03 | 5.06176e-01 9.14320e-01 |
   6348 | 9.33302e+00 1.47304e-03 | 5.06662e-01 9.15198e-01 |
   6349 | 9.33449e+00 1.47285e-03 | 5.07148e-01 9.16077e-01 |
   6350 | 9.33596e+00 1.47279e-03 | 5.07636e-01 9.16957e-01 |
   6351 | 9.33743e+00 1.47245e-03 | 5.08123e-01 9.17839e-01 |
   6352 | 9.33891e+00 1.47218e-03 | 5.08612e-01 9.18722e-01 |
   6353 | 9.34038e+00 1.47203e-03 | 5.09101e-01 9.19606e-01 |
   6354 | 9.34185e+00 1.47193e-03 | 5.09590e-01 9.20492e-01 |
   6355 | 9.34332e+00 1.47157e-03 | 5.10081e-01 9.21379e-01 |
   6356 | 9.34479e+00 1.47133e-03 | 5.10571e-01 9.22267e-01 |
   6357 | 9.34626e+00 1.47121e-03 | 5.11063e-01 9.23156e-01 |
   6358 | 9.34774e+00 1.47102e-03 | 5.11555e-01 9.24047e-01 |
   6359 | 9.34921e+00 1.47069e-03 | 5.12048e-01 9.24938e-01 |
   6360 | 9.35068e+00 1.47049e-03 | 5.12541e-01 9.25832e-01 |
   6361 | 9.35215e+00 1.47041e-03 | 5.13035e-01 9.26726e-01 |
   6362 | 9.35362e+00 1.47012e-03 | 5.13530e-01 9.27622e-01 |
   6363 | 9.35509e+00 1.46982e-03 | 5.14025e-01 9.28519e-01 |
   6364 | 9.35656e+00 1.46965e-03 | 5.14521e-01 9.29417e-01 |
   6365 | 9.35803e+00 1.46961e-03 | 5.15018e-01 9.30316e-01 |
   6366 | 9.35950e+00 1.46922e-03 | 5.15515e-01 9.31217e-01 |
   6367 | 9.36096e+00 1.46896e-03 | 5.16013e-01 9.32119e-01 |
   6368 | 9.36243e+00 1.46883e-03 | 5.16511e-01 9.33022e-01 |
   6369 | 9.36390e+00 1.46869e-03 | 5.17010e-01 9.33927e-01 |
   6370 | 9.36532e+00 1.41370e-03 | 5.17492e-01 9.34800e-01 |
   6371 | 9.36678e+00 1.46811e-03 | 5.17992e-01 9.35706e-01 |
   6372 | 9.36825e+00 1.46801e-03 | 5.18492e-01 9.36615e-01 |
   6373 | 9.36972e+00 1.46779e-03 | 5.18994e-01 9.37524e-01 |
   6374 | 9.37119e+00 1.46746e-03 | 5.19496e-01 9.38435e-01 |
   6375 | 9.37265e+00 1.46727e-03 | 5.19999e-01 9.39348e-01 |
   6376 | 9.37412e+00 1.46720e-03 | 5.20503e-01 9.40261e-01 |
   6377 | 9.37559e+00 1.46688e-03 | 5.21007e-01 9.41176e-01 |
   6378 | 9.37706e+00 1.46659e-03 | 5.21511e-01 9.42092e-01 |
   6379 | 9.37852e+00 1.46643e-03 | 5.22017e-01 9.43009e-01 |
   6380 | 9.37999e+00 1.46636e-03 | 5.22523e-01 9.43928e-01 |
   6381 | 9.38145e+00 1.46598e-03 | 5.23029e-01 9.44848e-01 |
   6382 | 9.38292e+00 1.46572e-03 | 5.23537e-01 9.45770e-01 |
   6383 | 9.38439e+00 1.46559e-03 | 5.24045e-01 9.46692e-01 |
   6384 | 9.38585e+00 1.46544e-03 | 5.24553e-01 9.47616e-01 |
   6385 | 9.38732e+00 1.46508e-03 | 5.25062e-01 9.48541e-01 |
   6386 | 9.38878e+00 1.46486e-03 | 5.25572e-01 9.49468e-01 |
   6387 | 9.39025e+00 1.46477e-03 | 5.26083e-01 9.50396e-01 |
   6388 | 9.39171e+00 1.46451e-03 | 5.26594e-01 9.51325e-01 |
   6389 | 9.39317e+00 1.46420e-03 | 5.27106e-01 9.52255e-01 |
   6390 | 9.39464e+00 1.46401e-03 | 5.27618e-01 9.53187e-01 |
   6391 | 9.39610e+00 1.46395e-03 | 5.28131e-01 9.54120e-01 |
   6392 | 9.39757e+00 1.46360e-03 | 5.28645e-01 9.55054e-01 |
   6393 | 9.39903e+00 1.46331e-03 | 5.29159e-01 9.55990e-01 |
   6394 | 9.40049e+00 1.46316e-03 | 5.29674e-01 9.56927e-01 |
   6395 | 9.40196e+00 1.46308e-03 | 5.30190e-01 9.57865e-01 |
   6396 | 9.40342e+00 1.46269e-03 | 5.30706e-01 9.58805e-01 |
   6397 | 9.40488e+00 1.46244e-03 | 5.31223e-01 9.59745e-01 |
   6398 | 9.40634e+00 1.46232e-03 | 5.31740e-01 9.60688e-01 |
   6399 | 9.40780e+00 1.46214e-03 | 5.32258e-01 9.61631e-01 |
   6400 | 9.40927e+00 1.46179e-03 | 5.32777e-01 9.62576e-01 |
   6401 | 9.41073e+00 1.46157e-03 | 5.33296e-01 9.63522e-01 |
   6402 | 9.41219e+00 1.46149e-03 | 5.33817e-01 9.64470e-01 |
   6403 | 9.41365e+00 1.46122e-03 | 5.34337e-01 9.65418e-01 |
   6404 | 9.41511e+00 1.46090e-03 | 5.34859e-01 9.66368e-01 |
   6405 | 9.41657e+00 1.46071e-03 | 5.35381e-01 9.67320e-01 |
   6406 | 9.41803e+00 1.46066e-03 | 5.35903e-01 9.68273e-01 |
   6407 | 9.41949e+00 1.46030e-03 | 5.36427e-01 9.69227e-01 |
   6408 | 9.42095e+00 1.46001e-03 | 5.36950e-01 9.70182e-01 |
   6409 | 9.42241e+00 1.45986e-03 | 5.37475e-01 9.71139e-01 |
   6410 | 9.42387e+00 1.45977e-03 | 5.38000e-01 9.72097e-01 |
   6411 | 9.42533e+00 1.45938e-03 | 5.38526e-01 9.73056e-01 |
   6412 | 9.42679e+00 1.45913e-03 | 5.39053e-01 9.74017e-01 |
   6413 | 9.42825e+00 1.45901e-03 | 5.39580e-01 9.74979e-01 |
   6414 | 9.42860e+00 3.44424e-04 | 5.39717e-01 9.75230e-01 |
[DELETEMATRIX] !
[DELETEMATRIX] !
[DELETEMATRIX] !
[DELETEMATRIX] !
[DELETEMATRIX] !
[DELETEMATRIX] !
[DELETEMATRIX] !
[DELETEMATRIX] !
[DELETEMATRIX] !
[DELETEMATRIX] !
[DELETEMATRIX] !
[DELETEMATRIX] !
[DELETEMATRIX] !
[DELETEMATRIX] !
[DELETEMATRIX] !
[DELETEMATRIX] !
[DELETEMATRIX] !
[DELETEMATRIX] !
[DELETEMATRIX] !
[DELETEMATRIX] !
[DELETEMATRIX] !
[DELETEMATRIX] !
[DELETEMATRIX] !
[DELETEMATRIX] !
[DELETEMATRIX] !
[DELETEMATRIX] !
[DELETEMATRIX] !
[DELETEMATRIX] !
[DELETEMATRIX] !
[DELETEMATRIX] !
[DELETEMATRIX] !
[DELETEMATRIX] !
****************************************************************************************************************************************************************
***                                WIDEN YOUR WINDOW TO 160 CHARACTERS.  Use 'enscript -r -fCourier9' to print this document                                 ***
****************************************************************************************************************************************************************

------------------------------------------------------------------ PETSc Performance Summary: ------------------------------------------------------------------

name on a  named hpc-fat03 with 32 processes, by fortetenreiro on Wed Sep 30 11:06:09 2026
Using Petsc Release Version 3.22.1, unknown 

                         Max       Max/Min     Avg       Total
Time (sec):           6.811e+01     1.000   6.811e+01
Objects:              0.000e+00     0.000   0.000e+00
Flops:                2.554e+09     4.808   1.285e+09  4.113e+10
Flops/sec:            3.750e+07     4.808   1.887e+07  6.040e+08
Memory (bytes):       1.039e+06     1.019   1.031e+06  3.298e+07
MPI Msg Count:        2.309e+05     3.000   1.556e+05  4.978e+06
MPI Msg Len (bytes):  2.808e+08     2.060   1.213e+03  6.038e+09
MPI Reductions:       1.027e+05     1.000

Flop counting convention: 1 flop = 1 real number operation of type (multiply/divide/add/subtract)
                            e.g., VecAXPY() for real vectors of length N --> 2N flops
                            and VecAXPY() for complex vectors of length N --> 8N flops

Summary of Stages:   ----- Time ------  ----- Flop ------  --- Messages ---  -- Message Lengths --  -- Reductions --
                        Avg     %Total     Avg     %Total    Count   %Total     Avg         %Total    Count   %Total
 0:      Main Stage: 1.0473e+01  15.4%  0.0000e+00   0.0%  0.000e+00   0.0%  0.000e+00        0.0%  1.100e+01   0.0%
 1:   Handle memory: 3.8302e-03   0.0%  0.0000e+00   0.0%  1.240e+02   0.0%  1.000e+01        0.0%  7.000e+00   0.0%
 2: MatSetValuesCOO: 6.6076e-04   0.0%  0.0000e+00   0.0%  0.000e+00   0.0%  0.000e+00        0.0%  2.000e+00   0.0%
 3:         PCSetUp: 1.1011e+00   1.6%  0.0000e+00   0.0%  0.000e+00   0.0%  0.000e+00        0.0%  0.000e+00   0.0%
 4:        p -> Vec: 8.3671e+00  12.3%  0.0000e+00   0.0%  0.000e+00   0.0%  0.000e+00        0.0%  5.131e+04  50.0%
 5:        KSPSolve: 4.7016e+01  69.0%  4.1135e+10 100.0%  4.978e+06 100.0%  1.213e+03      100.0%  5.132e+04  50.0%
 6:        Vec -> p: 1.1455e+00   1.7%  0.0000e+00   0.0%  0.000e+00   0.0%  0.000e+00        0.0%  0.000e+00   0.0%

------------------------------------------------------------------------------------------------------------------------
See the 'Profiling' chapter of the users' manual for details on interpreting output.
Phase summary info:
   Count: number of times phase was executed
   Time and Flop: Max - maximum over all processors
                  Ratio - ratio of maximum to minimum over all processors
   Mess: number of messages sent
   AvgLen: average message length (bytes)
   Reduct: number of global reductions
   Global: entire computation
   Stage: stages of a computation. Set stages with PetscLogStagePush() and PetscLogStagePop().
      %T - percent time in this phase         %F - percent flop in this phase
      %M - percent messages in this phase     %L - percent message lengths in this phase
      %R - percent reductions in this phase
   Total Mflop/s: 10e-6 * (sum of flop over all processors)/(max time over all processors)
   Memory usage is summed over all MPI processes, it is given in mega-bytes
   Malloc Mbytes: Memory allocated and kept during event (sum over all calls to event). May be negative
   EMalloc Mbytes: extra memory allocated during event and then freed (maximum over all calls to events). Never negative
   MMalloc Mbytes: Increase in high water mark of allocated memory (sum over all calls to event). Never negative
   RMI Mbytes: Increase in resident memory (sum over all calls to event)
------------------------------------------------------------------------------------------------------------------------
Event                Count      Time (sec)     Flop                              --- Global ---  --- Stage ----  Total  Malloc EMalloc MMalloc RMI
                   Max Ratio  Max     Ratio   Max  Ratio  Mess   AvgLen  Reduct  %T %F %M %L %R  %T %F %M %L %R Mflop/s Mbytes Mbytes Mbytes Mbytes
-----------------------------------------------------------------------------------------------------------------------------------------------------

--- Event Stage 0: Main Stage


--- Event Stage 1: Handle memory

BuildTwoSided          3 1.0 2.9622e-04 2.1 0.00e+00 0.0 6.2e+01 4.0e+00 3.0e+00  0  0  0  0  0   6  0 50 20 43     0     0       0       0       1
MatAssemblyBegin       2 1.0 2.0271e-05 1.3 0.00e+00 0.0 0.0e+00 0.0e+00 0.0e+00  0  0  0  0  0   0  0  0  0  0     0     0       0       0       0
MatAssemblyEnd         2 1.0 8.4288e-05 2.0 0.00e+00 0.0 0.0e+00 0.0e+00 0.0e+00  0  0  0  0  0   2  0  0  0  0     0     0       0       0       1
MatSetPreallCOO        1 1.0 1.8874e-03 1.1 0.00e+00 0.0 1.2e+02 1.0e+01 7.0e+00  0  0  0  0  0  48  0 100 100 100     0     9       3      12      25
SFSetGraph             3 1.0 4.9414e-05 1.7 0.00e+00 0.0 0.0e+00 0.0e+00 0.0e+00  0  0  0  0  0   1  0  0  0  0     0    -0       0       0       0
SFSetUp                3 1.0 4.4839e-04 1.5 0.00e+00 0.0 1.2e+02 1.0e+01 3.0e+00  0  0  0  0  0  10  0 100 100 43     0     0       0       0       2
SFReduceBegin          2 1.0 7.4593e-05 1.3 0.00e+00 0.0 0.0e+00 0.0e+00 0.0e+00  0  0  0  0  0   2  0  0  0  0     0     0       0       0       0
SFReduceEnd            2 1.0 7.3250e-05 1.3 0.00e+00 0.0 0.0e+00 0.0e+00 0.0e+00  0  0  0  0  0   2  0  0  0  0     0     0       0       0       0
SFFetchOpBegin         1 1.0 1.0427e-04 2.3 0.00e+00 0.0 0.0e+00 0.0e+00 0.0e+00  0  0  0  0  0   2  0  0  0  0     0     0       0       0       1
SFFetchOpEnd           1 1.0 6.6009e-05 1.5 0.00e+00 0.0 0.0e+00 0.0e+00 0.0e+00  0  0  0  0  0   1  0  0  0  0     0     0       0       0       1
SFPack                 3 1.0 3.8649e-05 1.5 0.00e+00 0.0 0.0e+00 0.0e+00 0.0e+00  0  0  0  0  0   1  0  0  0  0     0     0       0       0       0
SFUnpack               4 1.0 4.7453e-05 1.4 0.00e+00 0.0 0.0e+00 0.0e+00 0.0e+00  0  0  0  0  0   1  0  0  0  0     0     0       0       0       0

--- Event Stage 2: MatSetValuesCOO

MatAssemblyBegin       1 1.0 1.3300e-05 1.6 0.00e+00 0.0 0.0e+00 0.0e+00 0.0e+00  0  0  0  0  0   1  0  0  0  0     0     0       0       0       0
MatAssemblyEnd         1 1.0 9.0962e-04 10.5 0.00e+00 0.0 0.0e+00 0.0e+00 2.0e+00  0  0  0  0  0  62  0  0  0 100     0    -0       0       0       0
MatSetValuesCOO        1 1.0 1.1102e-03 4.2 0.00e+00 0.0 0.0e+00 0.0e+00 2.0e+00  0  0  0  0  0  89  0  0  0 100     0     3       1       1       2
SFReduceBegin          1 1.0 4.1502e-05 1.5 0.00e+00 0.0 0.0e+00 0.0e+00 0.0e+00  0  0  0  0  0   5  0  0  0  0     0     0       0       0       1
SFReduceEnd            1 1.0 2.9895e-05 1.5 0.00e+00 0.0 0.0e+00 0.0e+00 0.0e+00  0  0  0  0  0   3  0  0  0  0     0     0       0       0       0
SFPack                 1 1.0 8.2330e-06 1.2 0.00e+00 0.0 0.0e+00 0.0e+00 0.0e+00  0  0  0  0  0   1  0  0  0  0     0     0       0       0       0
SFUnpack               1 1.0 7.8520e-06 1.2 0.00e+00 0.0 0.0e+00 0.0e+00 0.0e+00  0  0  0  0  0   1  0  0  0  0     0     0       0       0       0

--- Event Stage 3: PCSetUp


--- Event Stage 4: p -> Vec

BuildTwoSided      51312 1.0 2.5161e+00 1.4 0.00e+00 0.0 0.0e+00 0.0e+00 5.1e+04  3  0  0  0 50  25  0  0  0 100     0     0       0       0       0
BuildTwoSidedF     51312 1.0 3.6981e+00 1.3 0.00e+00 0.0 0.0e+00 0.0e+00 5.1e+04  5  0  0  0 50  40  0  0  0 100     0     0       0       0       0
VecAssemblyBegin   51312 1.0 4.8806e+00 1.2 0.00e+00 0.0 0.0e+00 0.0e+00 5.1e+04  7  0  0  0 50  54  0  0  0 100     0 23224       0       0       0
VecAssemblyEnd     51312 1.0 5.7748e-01 1.1 0.00e+00 0.0 0.0e+00 0.0e+00 0.0e+00  1  0  0  0  0   7  0  0  0  0     0 -23224       0       0       0
VecSetValues       51312 1.0 5.7605e-01 1.1 0.00e+00 0.0 0.0e+00 0.0e+00 0.0e+00  1  0  0  0  0   7  0  0  0  0     0     0       0       0       0

--- Event Stage 5: KSPSolve

BuildTwoSided          1 1.0 6.3056e-05 3.2 0.00e+00 0.0 9.7e+01 4.0e+00 1.0e+00  0  0  0  0  0   0  0  0  0  0     0     0       0       0       0
MatSolve           51312 1.0 4.2353e+01 1.0 2.55e+09 4.8 5.0e+06 1.2e+03 5.0e+00 62 100 100 100  0  90 100 100 100  0   971     1       0       1     740
MatLUFactorSym         1 1.0 1.3979e-02 1.0 0.00e+00 0.0 0.0e+00 0.0e+00 0.0e+00  0  0  0  0  0   0  0  0  0  0     0     3       0       1      72
MatLUFactorNum         1 1.0 6.1531e-03 1.0 4.48e+03 4.0 0.0e+00 0.0e+00 0.0e+00  0  0  0  0  0   0  0  0  0  0    12     0       0       0      70
VecScatterBegin    51312 1.0 2.3470e+00 1.2 0.00e+00 0.0 5.0e+06 1.2e+03 0.0e+00  3  0 100 100  0   5  0 100 100  0     0     0       0       0     103
VecScatterEnd      51312 1.0 1.8574e+00 1.1 0.00e+00 0.0 0.0e+00 0.0e+00 0.0e+00  3  0  0  0  0   4  0  0  0  0     0     0       0       0       1
KSPSetUp               1 1.0 1.1067e-05 1.4 0.00e+00 0.0 0.0e+00 0.0e+00 0.0e+00  0  0  0  0  0   0  0  0  0  0     0     0       0       0       0
KSPSolve           51312 1.0 4.5523e+01 1.0 2.55e+09 4.8 5.0e+06 1.2e+03 5.1e+04 66 100 100 100 50  96 100 100 100 100   904     1       0       1     740
PCSetUp                1 1.0 2.0303e-02 1.0 4.48e+03 4.0 0.0e+00 0.0e+00 2.0e+00  0  0  0  0  0   0  0  0  0  0     4     4       0       1     144
PCApply            51312 1.0 4.3415e+01 1.0 2.55e+09 4.8 5.0e+06 1.2e+03 5.0e+00 64 100 100 100  0  92 100 100 100  0   947     1       0       1     740
SFSetGraph             1 1.0 3.4052e-05 1.9 0.00e+00 0.0 0.0e+00 0.0e+00 0.0e+00  0  0  0  0  0   0  0  0  0  0     0    -0       0       0       0
SFSetUp                1 1.0 9.9480e-05 1.5 0.00e+00 0.0 1.9e+02 3.1e+02 1.0e+00  0  0  0  0  0   0  0  0  0  0     0     0       0       0       1
SFPack             51312 1.0 6.3438e-01 1.2 0.00e+00 0.0 0.0e+00 0.0e+00 0.0e+00  1  0  0  0  0   1  0  0  0  0     0     0       0       0       0
SFUnpack           51312 1.0 5.7395e-01 1.1 0.00e+00 0.0 0.0e+00 0.0e+00 0.0e+00  1  0  0  0  0   1  0  0  0  0     0     0       0       0       0

--- Event Stage 6: Vec -> p

-----------------------------------------------------------------------------------------------------------------------------------------------------

Object Type          Creations   Destructions. Reports information only for process 0.

--- Event Stage 0: Main Stage

              Matrix     2              0
              Vector     2              0

--- Event Stage 1: Handle memory

           Container     1              1
              Matrix     3              6
              Vector     6              8
       Krylov Solver     1              1
      Preconditioner     1              1
   Star Forest Graph     3              4
           Index Set     2              2

--- Event Stage 2: MatSetValuesCOO


--- Event Stage 3: PCSetUp


--- Event Stage 4: p -> Vec


--- Event Stage 5: KSPSolve

              Matrix     1              0
              Vector     2              1
   Star Forest Graph     1              0
           Index Set     2              2

--- Event Stage 6: Vec -> p

========================================================================================================================
Average time to get PetscTime(): 2.91e-08
Average time for MPI_Barrier(): 3.4372e-06
Average time for zero size MPI_Send(): 1.92666e-06
#PETSc Option Table entries:
-ksp_reuse_preconditioner # (source: command line)
-ksp_type preonly # (source: command line)
-log_view # (source: command line)
-log_view_memory # (source: command line)
-n 1 # (source: command line)
-pc_factor_mat_solver_type mumps # (source: command line)
-pc_factor_reuse_fill # (source: command line)
-pc_factor_reuse_ordering # (source: command line)
-pc_type lu # (source: command line)
#End of PETSc Option Table entries
Compiled without FORTRAN kernels
Compiled with full precision matrices (default)
sizeof(short) 2 sizeof(int) 4 sizeof(long) 8 sizeof(void*) 8 sizeof(PetscScalar) 8 sizeof(PetscInt) 4
Configure options: --prefix=/gpfs/softs/physics/uhaina_env/11.05.2026/petsc --download-superlu_dist --download-parmetis --download-scalapack --download-mumps --download-metis --download-hypre --with-cxx-dialect=C++11 --with-hdf5-dir=/gpfs/softs/physics/uhaina_env/18.09.2025/netcdf --with-zlib-dir=/gpfs/softs/lib/zlib/1.3.1/gcc/13.2.0 --with-netcdf-dir=/gpfs/softs/physics/uhaina_env/18.09.2025/netcdf --with-pnetcdf-dir=/gpfs/softs/physics/uhaina_env/18.09.2025/netcdf --with-debugging=0 --with-blaslapack-dir=/gpfs/softs/intel/oneapi/2024.2.1/mkl/2024.2 --with-blaslapack-dir=/gpfs/softs/intel/oneapi/2024.2.1/mkl/2024.2 --with-mpiexec=mpirun COPTFLAGS="-O3 -march=native -mtune=native" CXXOPTFLAGS="-O3 -march=native -mtune=native" FOPTFLAGS="-O3 -march=native -mtune=native" --with-mkl_pardiso=1 --with-mkl_pardiso-dir=/gpfs/softs/intel/oneapi/2024.2.1/mkl/2024.2
-----------------------------------------
Libraries compiled on 2026-05-13 08:32:26 on hpc-login01 
Machine characteristics: Linux-4.18.0-553.76.1.el8_10.x86_64-x86_64-with-centos-8.10-Green_Obsidian
Using PETSc directory: /gpfs/softs/physics/uhaina_env/11.05.2026/petsc
Using PETSc arch: 
-----------------------------------------

Using C compiler: mpicc  -fPIC -Wall -Wwrite-strings -Wno-unknown-pragmas -Wno-lto-type-mismatch -Wno-stringop-overflow -fstack-protector -fvisibility=hidden -Wall -Wwrite-strings -Wno-unknown-pragmas -Wno-lto-type-mismatch -Wno-stringop-overflow -fstack-protector -fvisibility=hidden -O3 -march=native -mtune=native  
Using Fortran compiler: mpif90  -fPIC -Wall -ffree-line-length-none -ffree-line-length-0 -Wno-lto-type-mismatch -Wno-unused-dummy-argument -Wall -ffree-line-length-none -ffree-line-length-0 -Wno-lto-type-mismatch -Wno-unused-dummy-argument -O3 -march=native -mtune=native    
-----------------------------------------

Using include paths: -I/gpfs/softs/physics/uhaina_env/11.05.2026/petsc/include -I/gpfs/softs/intel/oneapi/2024.2.1/mkl/2024.2/include -I/gpfs/softs/physics/uhaina_env/18.09.2025/netcdf/include -I/gpfs/softs/lib/zlib/1.3.1/gcc/13.2.0/include
-----------------------------------------

Using C linker: mpicc
Using Fortran linker: mpif90
Using libraries: -Wl,-rpath,/gpfs/softs/physics/uhaina_env/11.05.2026/petsc/lib -L/gpfs/softs/physics/uhaina_env/11.05.2026/petsc/lib -lpetsc -Wl,-rpath,/gpfs/softs/physics/uhaina_env/11.05.2026/petsc/lib -L/gpfs/softs/physics/uhaina_env/11.05.2026/petsc/lib -Wl,-rpath,/gpfs/softs/intel/oneapi/2024.2.1/mkl/2024.2/lib/intel64 -L/gpfs/softs/intel/oneapi/2024.2.1/mkl/2024.2/lib/intel64 -Wl,-rpath,/gpfs/softs/physics/uhaina_env/18.09.2025/netcdf/lib -L/gpfs/softs/physics/uhaina_env/18.09.2025/netcdf/lib -Wl,-rpath,/gpfs/softs/lib/zlib/1.3.1/gcc/13.2.0/lib -L/gpfs/softs/lib/zlib/1.3.1/gcc/13.2.0/lib -Wl,-rpath,/gpfs/softs/physics/uhaina_env/18.09.2025/mpi/lib -L/gpfs/softs/physics/uhaina_env/18.09.2025/mpi/lib -Wl,-rpath,/gpfs/softs/compilers/gcc/13.2.0/lib/gcc/x86_64-pc-linux-gnu/13.2.0 -L/gpfs/softs/compilers/gcc/13.2.0/lib/gcc/x86_64-pc-linux-gnu/13.2.0 -Wl,-rpath,/gpfs/softs/compilers/gcc/13.2.0/lib64 -L/gpfs/softs/compilers/gcc/13.2.0/lib64 -Wl,-rpath,/gpfs/softs/intel/oneapi/2024.2.1/tbb/2021.13/lib/intel64/gcc4.8 -L/gpfs/softs/intel/oneapi/2024.2.1/tbb/2021.13/lib/intel64/gcc4.8 -Wl,-rpath,/gpfs/softs/intel/oneapi/2024.2.1/mkl/2024.2/lib -L/gpfs/softs/intel/oneapi/2024.2.1/mkl/2024.2/lib -Wl,-rpath,/gpfs/softs/compilers/gcc/13.2.0/lib -L/gpfs/softs/compilers/gcc/13.2.0/lib -lHYPRE -lsuperlu_dist -ldmumps -lmumps_common -lpord -lpthread -lscalapack -lmkl_intel_lp64 -lmkl_core -lmkl_gnu_thread -lgomp -ldl -lpthread -lparmetis -lmetis -lnetcdf -lpnetcdf -lhdf5_hl -lhdf5 -lm -lz -ldl -lmpi_usempif08 -lmpi_usempi_ignore_tkr -lmpi_mpifh -lmpi -lgfortran -lm -lgfortran -lm -lgcc_s -lquadmath -lpthread -lstdc++ -ldl
-----------------------------------------

srun: Received task exit notification for 32 tasks of StepId=359698.0 (status=0x0000).
srun: hpc-fat03: tasks 0-31: Completed
